#{"t_start": 1779135060.24083, "env_id": "None"}
r,l,t,profile,damage_pct,score,stars,ticks_elapsed,spell_casts,rage_casts,freeze_casts,useful_rage_casts,useful_freeze_casts,wasted_spell_casts,wasted_rage_casts,wasted_freeze_casts,spells_remaining,rage_bonus_damage_pct,rage_bonus_defense_damage_pct,rage_bonus_townhall_damage_pct,defense_damage_pct,townhall_damage_pct,defenses_destroyed,townhall_destroyed,frozen_threat_ticks,frozen_threat_damage_pct,spell_shaping_reward_total,objective_shaping_reward_total,rage_effect_reward_total,freeze_effect_reward_total,defense_damage_reward_total,townhall_damage_reward_total,defense_destroy_reward_total,townhall_destroy_reward_total,wasted_spell_penalty_total,unused_spell_penalty_total
3.122105,90,31.470704,medium,0.8598130841121495,2.8598130841121496,2,900,8,4,4,4,4,0,0,0,0,0.0,0.0,0.0,1.0,1.0,5,True,53,0.041056338028169014,0.05729225352112676,0.295,0.0,0.05729225352112676,0.12,0.1,0.025,0.05,0.0,0.0
3.272333,90,58.185302,medium,0.9802180685358255,2.9802180685358257,2,900,8,4,4,4,4,0,0,0,0,0.04376947040498409,0.09630630630630642,0.0,0.9427927927927895,1.0,4,True,61,0.07088028169014085,0.09897952590935008,0.2831351351351348,0.015319314641744432,0.08366021126760564,0.11313513513513475,0.1,0.02,0.05,0.0,0.0
1.765568,90,84.25388,medium,0.6110747663551402,1.6110747663551401,1,900,8,4,4,4,4,0,0,0,0,0.027803738317757204,0.08040540540540597,0.0,0.9563513513513476,0.0,4,False,132,0.11022887323943661,0.10973130841121502,0.1347621621621617,0.00973130841121502,0.1,0.1147621621621617,0.0,0.02,0.0,0.0,0.0
3.062736,78,106.656692,medium,0.8102803738317756,2.810280373831776,2,772,8,4,4,4,4,0,0,0,0,0.05855140186915807,0.0,0.177799999999996,0.45135135135135135,0.9999999999999966,1,True,113,0.09683098591549295,0.12049299065420532,0.20916216216216182,0.020492990654205324,0.1,0.05416216216216216,0.09999999999999967,0.005,0.05,0.0,0.0
0.572109,90,133.67317,medium,0.4792834890965732,0.4792834890965732,0,900,8,4,4,4,4,0,0,0,0,0.02044392523364492,0.0,0.0,0.8198198198198198,0.0,4,False,53,0.041056338028169014,0.06444762735290248,0.11837837837837836,0.007155373831775722,0.05729225352112676,0.09837837837837836,0.0,0.02,0.0,0.0,0.0
0.514603,79,162.219573,medium,0.45186915887850465,0.45186915887850465,0,782,8,4,4,4,4,0,0,0,0,0.027149532710280203,0.0,0.0,0.4880630630630631,0.0,2,False,53,0.04848591549295775,0.07236677306831639,0.06856756756756754,0.00950233644859807,0.06286443661971831,0.05856756756756754,0.0,0.01,0.0,0.0,0.0
0.458125,76,184.613657,medium,0.3673520249221184,0.3673520249221184,0,758,8,4,4,4,4,0,0,0,0,0.00785046728971966,0.0227027027027028,0.0,0.656936936936936,0.0,1,False,74,0.057323943661971834,0.08274062129788075,0.08383243243243232,0.002747663551401881,0.07999295774647887,0.07883243243243232,0.0,0.005,0.0,0.0,0.0
3.169272,90,211.009161,medium,0.917601246105919,2.917601246105919,2,900,8,4,4,4,4,0,0,0,0,0.009813084112149581,0.0,0.0,0.7617117117117117,1.0,4,True,70,0.05577464788732395,0.08026556535474531,0.2614054054054054,0.0034345794392523533,0.07683098591549296,0.0914054054054054,0.1,0.02,0.05,0.0,0.0
2.030088,90,237.76707,medium,0.8339563862928349,1.8339563862928348,1,900,8,4,4,4,4,0,0,0,0,0.04036604361370716,0.029797297297297114,0.0,0.9999999999999988,0.28933333333333333,5,False,96,0.06676056338028169,0.11219853780000878,0.17393333333333313,0.014128115264797505,0.09807042253521128,0.1199999999999998,0.028933333333333335,0.025,0.0,0.0,0.0
2.824415,87,264.224804,medium,0.6030685358255445,2.6030685358255443,2,866,8,4,4,4,4,0,0,0,0,0.04301401869158774,0.0,0.118299999999998,0.31576576576576576,0.999999999999997,1,True,100,0.08017605633802817,0.11505490654205572,0.1928918918918916,0.015054906542055707,0.1,0.03789189189189189,0.09999999999999971,0.005,0.05,0.0,0.0
2.998086,80,288.504358,medium,0.7147118380062305,2.7147118380062305,2,795,8,4,4,4,4,0,0,0,0,0.022897196261682313,0.0042567567567568035,0.09170000000000014,0.9511036036036036,0.9999999999999959,2,True,69,0.06163732394366197,0.08874201164933529,0.274132432432432,0.008014018691588808,0.08072799295774648,0.11413243243243242,0.09999999999999959,0.01,0.05,0.0,0.0
4.141744,60,306.463259,medium,1.0,4.0,3,592,2,0,2,0,2,0,0,0,6,0.0,0.0,0.0,1.0,1.0,5,True,24,0.018591549295774647,-0.09405633802816901,0.295,0.0,0.025943661971830987,0.11999999999999997,0.1,0.025,0.05,0.0,0.12
1.765696,90,338.620407,medium,0.6392523364485981,1.6392523364485982,1,900,8,4,4,4,4,0,0,0,0,0.005724299065420553,0.0,0.0,0.3993243243243243,0.945,1,False,62,0.04802816901408451,0.06902463143346058,0.14741891891891895,0.0020035046728971934,0.06702112676056338,0.04791891891891893,0.0945,0.005,0.0,0.0,0.0
3.027247,87,364.807544,medium,0.7565420560747663,2.756542056074766,2,867,8,4,4,4,4,0,0,0,0,0.023551401869158793,0.0,0.0,0.7013513513513514,1.0,3,True,128,0.11658450704225352,0.10824299065420558,0.2491621621621622,0.008242990654205576,0.1,0.08416216216216217,0.1,0.015,0.05,0.0,0.0
3.240404,90,392.253255,medium,0.9720404984423676,2.9720404984423676,2,900,8,4,4,4,4,0,0,0,0,0.018644859813084235,0.05391891891891928,0.0,0.9191441441441415,1.0,4,True,60,0.05538732394366197,0.07806619389232596,0.28029729729729697,0.006525700934579482,0.07154049295774648,0.11029729729729695,0.1,0.02,0.05,0.0,0.0
1.912095,84,417.622723,medium,0.7063239875389398,1.7063239875389398,1,836,8,4,4,4,4,0,0,0,0,0.03303738317756907,0.0,0.1413999999999956,0.6963963963963964,0.7923999999999939,3,False,78,0.09063380281690141,0.11156308411214917,0.177807567567567,0.011563084112149171,0.1,0.08356756756756757,0.0792399999999994,0.015,0.0,0.0,0.0
1.690467,87,444.484667,medium,0.6243769470404984,1.6243769470404983,1,870,8,4,4,4,4,0,0,0,0,0.0040576323987538895,0.0,0.0,0.5894144144144144,0.0,3,False,61,0.04725352112676056,0.06736031218463429,0.08572972972972974,0.0014201713395638612,0.06594014084507042,0.07072972972972974,0.0,0.015,0.0,0.0,0.0
1.922276,86,470.92001,medium,0.781230529595015,1.781230529595015,1,858,8,4,4,4,4,0,0,0,0,0.014719626168223709,0.0,0.0,0.8004504504504505,0.5226666666666666,3,False,54,0.04183098591549296,0.06352510859549801,0.16332072072072068,0.005151869158878298,0.05837323943661971,0.09605405405405402,0.05226666666666667,0.015,0.0,0.0,0.0
3.003716,76,498.495313,medium,0.7296728971962617,2.7296728971962616,2,754,8,4,4,4,4,0,0,0,0,0.041728971962616955,0.02743243243243257,0.0,0.6236486486486473,1.0,2,True,96,0.09295774647887324,0.11460514018691594,0.23483783783783768,0.014605140186915931,0.1,0.07483783783783768,0.1,0.01,0.05,0.0,0.0
3.267328,90,525.90904,medium,0.9807632398753894,2.9807632398753894,2,900,8,4,4,4,4,0,0,0,0,0.04383177570093368,0.0,0.054599999999997643,0.9443693693693693,1.0,4,True,78,0.051866197183098595,0.09324076938265075,0.2833243243243243,0.015341121495326787,0.07789964788732395,0.11332432432432432,0.1,0.02,0.05,0.0,0.0
1.691294,82,550.349077,medium,0.5876947040498443,1.5876947040498441,1,812,8,4,4,4,4,0,0,0,0,0.0479984423676009,0.0,0.0,0.48333333333333334,0.0,2,False,93,0.0766549295774648,0.11679945482866032,0.06799999999999999,0.016799454828660316,0.1,0.05799999999999999,0.0,0.01,0.0,0.0,0.0
0.568733,90,577.466891,medium,0.47258566978193145,0.47258566978193145,0,900,8,4,4,4,4,0,0,0,0,0.026985981308410758,0.0,0.0,0.5558558558558558,0.0,2,False,121,0.10232394366197183,0.10944509345794377,0.0767027027027027,0.009445093457943766,0.1,0.0667027027027027,0.0,0.01,0.0,0.0,0.0
4.336475,81,601.8999,medium,1.0,4.0,3,804,8,4,4,4,4,0,0,0,0,0.06249999999999876,0.0,0.1294999999999944,1.0,1.0,5,True,96,0.07436619718309859,0.12187499999999957,0.295,0.021874999999999565,0.1,0.11999999999999997,0.1,0.025,0.05,0.0,0.0
2.924842,90,629.102994,medium,0.6995327102803738,2.6995327102803737,2,900,8,4,4,4,4,0,0,0,0,0.03712616822429778,0.0,0.12879999999999445,0.5364864864864864,1.0,1,True,82,0.05591549295774648,0.09593077859681408,0.21937837837837837,0.012994158878504225,0.08293661971830986,0.06437837837837837,0.1,0.005,0.05,0.0,0.0
3.191653,90,661.427419,medium,0.9786604361370717,2.978660436137072,2,900,6,4,2,4,2,0,0,0,2,0.057344236760124775,0.041441441441441434,0.0854000000000003,1.0000000000000016,0.9999999999999961,5,True,43,0.03522887323943662,0.007992137795621135,0.29499999999999976,0.020070482866043668,0.047921654929577465,0.12000000000000016,0.09999999999999962,0.025,0.05,0.0,0.06
1.97923,89,688.567859,medium,0.8016121495327102,1.8016121495327102,1,886,8,4,4,4,4,0,0,0,0,0.024205607476634965,0.0,0.004899999999999789,0.7265765765765766,0.5555666666666664,3,False,126,0.11091549295774648,0.10847196261682224,0.15774585585585582,0.008471962616822237,0.1,0.08718918918918915,0.05555666666666665,0.015,0.0,0.0,0.0
1.783257,90,716.013821,medium,0.6300311526479748,1.630031152647975,1,900,8,4,4,4,4,0,0,0,0,0.013247663551401457,0.010878378378378375,0.023799999999998975,0.7522972972972969,0.3831333333333323,2,False,95,0.07908450704225352,0.10463668224299051,0.13858900900900886,0.004636682242990509,0.1,0.09027567567567561,0.038313333333333234,0.01,0.0,0.0,0.0
0.589071,89,742.992822,medium,0.4956386292834891,0.4956386292834891,0,888,8,4,4,4,4,0,0,0,0,0.04415887850467205,0.0,0.0,0.6162162162162163,0.0,3,False,72,0.05577464788732395,0.09328659339212819,0.08894594594594597,0.01545560747663522,0.07783098591549296,0.07394594594594597,0.0,0.015,0.0,0.0,0.0
3.099547,90,770.333005,medium,0.8175233644859813,2.8175233644859814,2,900,8,4,4,4,4,0,0,0,0,0.01782710280373842,0.05155405405405435,0.0,0.8398648648648623,1.0,3,True,92,0.08056338028169015,0.10623948598130845,0.2657837837837834,0.006239485981308447,0.1,0.10078378378378341,0.1,0.015,0.05,0.0,0.0
3.316101,90,803.281078,medium,0.9908489096573209,2.9908489096573208,2,900,8,4,4,4,4,0,0,0,0,0.08122274143302043,0.0963063063063069,0.15469999999999348,0.9735360360360342,0.9999999999999999,4,True,119,0.09352112676056339,0.12842795950155717,0.2868243243243241,0.028427959501557146,0.1,0.11682432432432407,0.09999999999999999,0.02,0.05,0.0,0.0
0.51957,81,828.311551,medium,0.4747663551401869,0.4747663551401869,0,810,8,4,4,4,4,0,0,0,0,0.024392523364485618,0.0,0.0,0.49752252252252255,0.0,2,False,44,0.03408450704225352,0.05610076345926011,0.06970270270270269,0.008537383177569966,0.04756338028169014,0.0597027027027027,0.0,0.01,0.0,0.0,0.0
1.621942,79,852.220934,medium,0.506386292834891,1.506386292834891,1,782,8,4,4,4,4,0,0,0,0,0.015210280373831543,0.0,0.0,0.6536036036036036,0.0,2,False,116,0.1030281690140845,0.10532359813084105,0.08843243243243241,0.005323598130841039,0.1,0.07843243243243242,0.0,0.01,0.0,0.0,0.0
3.060518,85,878.216354,medium,0.7781308411214952,2.778130841121495,2,848,8,4,4,4,4,0,0,0,0,0.030093457943925324,0.047770270270270185,0.058100000000000374,0.7637837837837815,0.9999999999999971,3,True,92,0.08450704225352113,0.11053271028037387,0.2566540540540535,0.010532710280373862,0.1,0.09165405405405377,0.09999999999999973,0.015,0.05,0.0,0.0
1.920536,82,903.16257,medium,0.7473676012461048,1.7473676012461048,1,811,8,4,4,4,4,0,0,0,0,0.050560747663550266,0.0,0.1133999999999951,0.5846846846846847,0.5333999999999951,3,False,96,0.06676056338028169,0.11576668421745387,0.13850216216216166,0.01769626168224259,0.09807042253521128,0.07016216216216214,0.05333999999999952,0.015,0.0,0.0,0.0
4.292447,87,929.270728,medium,1.0,4.0,3,869,8,4,4,4,4,0,0,0,0,0.0026168224299065387,0.007567567567567558,0.0,0.9999999999999996,1.0,5,True,71,0.06390845070422535,0.0843472258786363,0.29499999999999993,0.0009158878504672885,0.08343133802816902,0.11999999999999993,0.1,0.025,0.05,0.0,0.0
3.037801,90,961.505016,medium,0.7576323987538941,2.757632398753894,2,900,8,4,4,4,4,0,0,0,0,0.033161993769469836,0.025900900900900924,0.1035999999999975,0.9286036036036024,0.999999999999998,4,True,73,0.05417253521126761,0.08873609922776515,0.2814324324324321,0.011606697819314445,0.0771294014084507,0.11143243243243227,0.09999999999999985,0.02,0.05,0.0,0.0
1.631701,80,986.505946,medium,0.5133956386292835,1.5133956386292835,1,797,8,4,4,4,4,0,0,0,0,0.033037383177570226,0.03547297297297319,0.0,0.6738738738738721,0.0,2,False,87,0.06943661971830986,0.10714054890088198,0.09086486486486463,0.011563084112149579,0.0955774647887324,0.08086486486486463,0.0,0.01,0.0,0.0,0.0
1.929092,90,1013.967038,medium,0.7728582554517132,1.7728582554517132,1,900,8,4,4,4,4,0,0,0,0,0.005724299065420314,0.0,0.024499999999998943,0.6934684684684684,0.7968333333333323,3,False,64,0.045774647887323945,0.06833449058839008,0.17789954954954945,0.0020035046728971097,0.06633098591549297,0.0832162162162162,0.07968333333333324,0.015,0.0,0.0,0.0
1.648476,85,1040.458896,medium,0.5294392523364486,1.5294392523364486,1,848,8,4,4,4,4,0,0,0,0,0.006869158878504692,0.01986486486486492,0.0,0.7202702702702694,0.0,3,False,110,0.08904929577464789,0.10240420560747665,0.1014324324324323,0.0024042056074766423,0.1,0.0864324324324323,0.0,0.015,0.0,0.0,0.0
3.176285,90,1068.217144,medium,0.9025623052959503,2.9025623052959504,2,900,8,4,4,4,4,0,0,0,0,0.035817757009345905,0.03736486486486511,0.09799999999999996,0.7182207207207191,0.9999999999999959,3,True,160,0.1404225352112676,0.11253621495327107,0.2511864864864859,0.012536214953271067,0.1,0.0861864864864863,0.0999999999999996,0.015,0.05,0.0,0.0
3.306545,84,1093.920253,medium,0.9962149532710282,2.996214953271028,2,834,8,4,4,4,4,0,0,0,0,0.01864485981308421,0.05391891891891921,0.0,0.989054054054055,1.0,4,True,82,0.07669014084507042,0.10504330656838232,0.2886864864864866,0.0065257009345794734,0.09851760563380284,0.11868648648648661,0.1,0.02,0.05,0.0,0.0
0.556191,90,1126.571831,medium,0.4817990654205608,0.4817990654205608,0,900,8,4,4,4,4,0,0,0,0,0.0021261682242990887,0.006148648648648716,0.0,0.49263513513513485,0.0,2,False,81,0.07204225352112677,0.09527584901934974,0.06911621621621616,0.0007441588785046811,0.09453169014084506,0.05911621621621616,0.0,0.01,0.0,0.0,0.0
2.943671,84,1152.304657,medium,0.7396417445482866,2.739641744548287,2,837,8,4,4,4,4,0,0,0,0,0.06372274143302148,0.041441441441441434,0.09380000000000009,0.6524774774774754,0.9999999999999959,3,True,23,0.014172535211267606,0.04443236091000822,0.24329729729729666,0.022302959501557515,0.022129401408450704,0.07829729729729705,0.09999999999999962,0.015,0.05,0.0,0.0
2.013546,90,1180.003803,medium,0.797196261682243,1.797196261682243,1,900,8,4,4,4,4,0,0,0,0,0.017500000000000127,0.0033108108108108473,0.0,0.8781531531531531,0.7746666666666666,4,False,91,0.06917253521126761,0.10350440140845076,0.202845045045045,0.006125000000000044,0.09737940140845071,0.10537837837837835,0.07746666666666667,0.02,0.0,0.0,0.0
1.705346,75,1203.413743,medium,0.605576323987539,1.6055763239875391,1,750,8,4,4,4,4,0,0,0,0,0.000981308411214951,0.002837837837837831,0.0,0.527162162162162,0.011666666666666667,2,False,122,0.11309859154929577,0.10034345794392524,0.07442612612612609,0.0003434579439252328,0.1,0.06325945945945943,0.0011666666666666668,0.01,0.0,0.0,0.0
3.230908,90,1230.660327,medium,0.9648753894080997,2.9648753894080997,2,900,8,4,4,4,4,0,0,0,0,0.013738317757009294,0.03972972972972958,0.0,0.9412162162162145,1.0,4,True,68,0.04570422535211267,0.07308658022903776,0.28294594594594574,0.004808411214953252,0.06827816901408451,0.11294594594594573,0.1,0.02,0.05,0.0,0.0
4.326309,74,1253.537323,medium,1.0,4.0,3,739,8,4,4,4,4,0,0,0,0,0.01488317757009356,0.043040540540540836,0.0,0.999999999999998,1.0,5,True,86,0.0797887323943662,0.10520911214953275,0.29499999999999976,0.005209112149532745,0.1,0.11999999999999973,0.1,0.025,0.05,0.0,0.0
3.029347,88,1280.297009,medium,0.777803738317757,2.7778037383177567,2,878,8,4,4,4,4,0,0,0,0,0.008341121495327012,0.0,0.03569999999999961,0.7628378378378379,0.9999999999999988,3,True,76,0.05584507042253521,0.08280319534026587,0.25654054054054043,0.002919392523364454,0.07988380281690141,0.09154054054054053,0.09999999999999988,0.015,0.05,0.0,0.0
3.149169,90,1313.12271,medium,0.9633177570093457,2.963317757009346,2,900,7,4,3,4,3,0,0,0,1,0.03224299065420567,0.0,0.0,0.893918918918919,1.0,4,True,16,0.012394366197183098,-0.001419178623140692,0.27727027027027024,0.011285046728971983,0.017295774647887324,0.10727027027027024,0.1,0.02,0.05,0.0,0.03
3.19555,90,1340.99587,medium,0.9285046728971963,2.9285046728971964,2,900,8,4,4,4,4,0,0,0,0,0.024532710280374057,0.0340540540540543,0.0,0.7932432432432431,1.0,4,True,73,0.062359154929577464,0.09185581479531402,0.26518918918918916,0.008586448598130918,0.0832693661971831,0.09518918918918914,0.09999999999999999,0.02,0.05,0.0,0.0
3.259865,83,1366.441665,medium,0.9551479750778816,2.9551479750778817,2,823,8,4,4,4,4,0,0,0,0,0.05023364485981328,0.05202702702702742,0.0,0.8702927927927903,1.0,3,True,90,0.07669014084507042,0.11758177570093466,0.2694351351351348,0.01758177570093465,0.1,0.1044351351351348,0.1,0.015,0.05,0.0,0.0
2.81246,87,1393.467644,medium,0.5679127725856697,2.56791277258567,2,870,8,4,4,4,4,0,0,0,0,0.04056074766354993,0.0,0.1735999999999937,0.5612612612612613,0.9999999999999988,0,True,140,0.12172535211267606,0.11419626168224248,0.21735135135135125,0.014196261682242473,0.1,0.06735135135135135,0.0999999999999999,0.0,0.05,0.0,0.0
1.669157,78,1418.125679,medium,0.544953271028037,1.544953271028037,1,771,8,4,4,4,4,0,0,0,0,0.025015576323987238,0.019144144144144157,0.029399999999998733,0.6790540540540533,0.12739999999999874,3,False,73,0.062429577464788735,0.0920776348119871,0.10922648648648625,0.008755451713395533,0.08332218309859156,0.08148648648648638,0.012739999999999873,0.015,0.0,0.0,0.0
0.63538,90,1450.861801,medium,0.48177570093457944,0.48177570093457944,0,900,8,4,4,4,4,0,0,0,0,0.026822429906541892,0.0,0.0,0.5684684684684684,0.56,2,False,88,0.0759507042253521,0.10938785046728966,0.13421621621621624,0.00938785046728966,0.1,0.06821621621621622,0.056,0.01,0.0,0.0,0.0
0.481997,90,1478.837808,medium,0.4883956386292835,0.4883956386292835,0,900,8,4,4,4,4,0,0,0,0,0.0,0.0,0.0,0.5511261261261261,0.07466666666666667,2,False,0,0.0,0.0,0.0836018018018018,0.0,0.0,0.06613513513513514,0.007466666666666667,0.01,0.0,0.0,0.0
3.175108,90,1507.014791,medium,0.8656542056074766,2.8656542056074765,2,900,8,4,4,4,4,0,0,0,0,0.04383177570093432,0.0,0.05530000000000034,0.9632882882882883,0.9999999999999972,4,True,82,0.07669014084507042,0.11385872712912985,0.2855945945945943,0.015341121495327011,0.09851760563380284,0.11559459459459455,0.09999999999999974,0.02,0.05,0.0,0.0
1.779358,90,1534.94664,medium,0.6120872274143299,1.6120872274143299,1,900,8,4,4,4,4,0,0,0,0,0.027803738317756784,0.04635135135135169,0.0,0.9932432432432414,0.24033333333333334,4,False,78,0.06042253521126761,0.09404820981966558,0.16322252252252228,0.009731308411214874,0.0843169014084507,0.11918918918918896,0.024033333333333334,0.02,0.0,0.0,0.0
4.273556,90,1562.644336,medium,1.0,4.0,3,894,8,4,4,4,4,0,0,0,0,0.045584112149532854,0.0,0.006000000000000003,1.0,0.9999999999999997,5,True,43,0.040669014084507044,0.06795619981571678,0.29499999999999993,0.015954439252336503,0.05200176056338028,0.11999999999999997,0.09999999999999996,0.025,0.05,0.0,0.0
1.847682,85,1589.04444,medium,0.7046806853582553,1.7046806853582552,1,848,8,4,4,4,4,0,0,0,0,0.040584112149532656,0.024121621621621295,0.0,0.8216441441441431,0.0,3,False,133,0.12161971830985915,0.11420443925233643,0.11359729729729717,0.014204439252336429,0.1,0.09859729729729717,0.0,0.015,0.0,0.0,0.0
1.625679,76,1617.759405,medium,0.5106386292834891,1.510638629283489,1,756,8,4,4,4,4,0,0,0,0,0.015210280373831885,0.017027027027027214,0.0,0.6659009009009002,0.0,2,False,78,0.0752112676056338,0.10073204883506652,0.08990810810810801,0.00532359813084116,0.09540845070422536,0.07990810810810801,0.0,0.01,0.0,0.0,0.0
0.474339,83,1643.794798,medium,0.41736760124610595,0.41736760124610595,0,826,8,4,4,4,4,0,0,0,0,0.02010903426791265,0.03355855855855855,0.0,0.3961711711711695,0.0,1,False,74,0.057323943661971834,0.0870311197402483,0.05254054054054034,0.007038161993769426,0.07999295774647887,0.04754054054054034,0.0,0.005,0.0,0.0,0.0
3.288548,88,1670.854094,medium,0.9731308411214953,2.9731308411214954,2,880,8,4,4,4,4,0,0,0,0,0.06497663551401843,0.08527027027027038,0.0,0.9222972972972936,1.0,4,True,97,0.09688380281690141,0.12274182242990646,0.28067567567567525,0.022741822429906453,0.1,0.11067567567567524,0.1,0.02,0.05,0.0,0.0
3.082649,90,1698.313895,medium,0.801355140186916,2.801355140186916,2,900,8,4,4,4,4,0,0,0,0,0.024205607476634947,0.02554054054054082,0.06579999999999717,0.8151801801801791,1.0,3,True,99,0.07838028169014084,0.10847196261682224,0.2628216216216215,0.008471962616822232,0.1,0.09782162162162146,0.1,0.015,0.05,0.0,0.0
4.221738,71,1720.259327,medium,1.0,4.0,3,708,6,4,2,4,2,0,0,0,2,0.012266355140186945,0.035472972972973055,0.0,1.0000000000000004,1.0,5,True,42,0.04299295774647887,-0.0024620573910754187,0.29500000000000004,0.00429322429906543,0.05324471830985915,0.12000000000000004,0.09999999999999999,0.025,0.05,0.0,0.06
3.066005,90,1747.672775,medium,0.8219626168224299,2.8219626168224297,2,900,8,4,4,4,4,0,0,0,0,0.052414330218067684,0.0018918918918919027,0.15119999999999634,0.7833333333333333,0.9999999999999971,3,True,46,0.044929577464788734,0.07504219867491523,0.25899999999999973,0.018345015576323686,0.05669718309859154,0.09399999999999999,0.09999999999999974,0.015,0.05,0.0,0.0
1.791384,90,1780.230319,medium,0.6952492211838006,1.6952492211838006,1,900,8,4,4,4,4,0,0,0,0,0.012422118380062389,0.03592342342342367,0.0,0.914414414414413,0.0,4,False,49,0.03674295774647887,0.05640495974288099,0.12972972972972951,0.004347741433021836,0.052057218309859155,0.10972972972972951,0.0,0.02,0.0,0.0,0.0
4.164733,70,1801.467532,medium,1.0,4.0,3,697,5,4,1,4,1,0,0,0,3,0.009968847352024926,0.028828828828828843,0.0,1.0000000000000022,1.0,5,True,24,0.018591549295774647,-0.060567241454960286,0.29500000000000026,0.003489096573208724,0.025943661971830987,0.12000000000000025,0.1,0.025,0.05,0.0,0.09
3.299085,90,1829.985424,medium,0.9872274143302181,2.987227414330218,2,900,8,4,4,4,4,0,0,0,0,0.03403426791277264,0.09842342342342358,0.0,0.9995495495495486,1.0,4,True,115,0.09647887323943662,0.11191199376947043,0.2899459459459458,0.011911993769470424,0.1,0.11994594594594579,0.1,0.02,0.05,0.0,0.0
3.159057,90,1857.496491,medium,0.8691588785046729,2.869158878504673,2,900,8,4,4,4,4,0,0,0,0,0.0685280373831762,0.03216216216216246,0.23029999999999431,0.7992792792792779,0.9999999999999961,2,True,130,0.11556338028169014,0.12398481308411168,0.25591351351351294,0.02398481308411167,0.1,0.09591351351351332,0.09999999999999963,0.01,0.05,0.0,0.0
1.611281,90,1885.282657,medium,0.5872352024922118,1.5872352024922118,1,900,6,4,2,4,2,0,0,0,2,0.012920560747663673,0.03736486486486522,0.0,0.7486711711711692,0.20533333333333334,2,False,43,0.03686619718309859,-0.0063281558509937705,0.12037387387387366,0.004522196261682285,0.04914964788732394,0.08984054054054033,0.020533333333333334,0.01,0.0,0.0,0.06
2.978771,81,1910.098788,medium,0.7193146417445483,2.7193146417445484,2,806,8,4,4,4,4,0,0,0,0,0.02517912772585684,0.019369369369369383,0.0,0.5936936936936928,1.0,2,True,102,0.08679577464788732,0.1088126947040499,0.23124324324324314,0.008812694704049892,0.1,0.07124324324324315,0.1,0.01,0.05,0.0,0.0
2.980567,86,1941.539676,medium,0.7228271028037381,2.722827102803738,2,855,8,4,4,4,4,0,0,0,0,0.05495327102803638,0.0,0.17149999999999685,0.7202702702702702,0.9999999999999959,3,True,58,0.058098591549295774,0.09180758852178458,0.251432432432432,0.019233644859812736,0.07257394366197184,0.08643243243243243,0.0999999999999996,0.015,0.05,0.0,0.0
4.229202,79,1965.42669,medium,1.0,4.0,3,784,8,4,4,4,4,0,0,0,0,0.03600467289719637,0.010878378378378498,0.0,0.9999999999999993,1.0,5,True,0,0.0,0.012601635514018729,0.29499999999999993,0.012601635514018729,0.0,0.1199999999999999,0.1,0.025,0.05,0.0,0.0
2.973919,90,1992.569277,medium,0.7374143302180681,2.7374143302180682,2,900,8,4,4,4,4,0,0,0,0,0.03140186915887808,0.0037837837837836207,0.08260000000000044,0.5107657657657656,0.9999999999999959,2,True,92,0.06429577464788733,0.10521248519152283,0.22129189189189152,0.010990654205607329,0.09422183098591551,0.06129189189189189,0.0999999999999996,0.01,0.05,0.0,0.0
1.828612,90,2019.630969,medium,0.6877725856697819,1.6877725856697818,1,900,8,4,4,4,4,0,0,0,0,0.06834890965732107,0.04900900900900904,0.0,0.7727477477477458,0.0,4,False,89,0.06625,0.11810961838006237,0.1127297297297295,0.02392211838006237,0.09418750000000001,0.0927297297297295,0.0,0.02,0.0,0.0,0.0
1.866622,90,2047.192833,medium,0.6957165109034268,1.6957165109034267,1,900,8,4,4,4,4,0,0,0,0,0.016728971962616846,0.025675675675675688,0.0,0.6083333333333321,0.8773333333333333,3,False,68,0.06042253521126761,0.08517204159536661,0.17573333333333319,0.005855140186915896,0.07931690140845071,0.07299999999999983,0.08773333333333333,0.015,0.0,0.0,0.0
4.318385,79,2071.284546,medium,1.0,4.0,3,783,8,4,4,4,4,0,0,0,0,0.029976635514018767,0.02236486486486488,0.0,0.9999999999999992,1.0,5,True,87,0.06359154929577465,0.10168548440173755,0.2949999999999999,0.010491822429906568,0.09119366197183099,0.11999999999999987,0.1,0.025,0.05,0.0,0.0
4.220578,71,2093.113569,medium,1.0,4.0,3,707,6,3,3,3,3,0,0,0,2,0.031074766355139775,0.03310810810810829,0.0,1.0000000000000018,1.0,5,True,42,0.032535211267605633,-0.0037224233249968514,0.2950000000000002,0.010876168224298918,0.04540140845070423,0.1200000000000002,0.1,0.025,0.05,0.0,0.06
0.535872,87,2124.700155,medium,0.45317757009345744,0.45317757009345744,0,861,8,4,4,4,4,0,0,0,0,0.02780373831775613,0.0,0.0,0.7657657657657657,0.0,3,False,52,0.0348943661971831,0.061902083059101956,0.10689189189189185,0.009731308411214643,0.052170774647887316,0.09189189189189186,0.0,0.015,0.0,0.0,0.0
1.671029,90,2152.394786,medium,0.5444704049844237,1.5444704049844238,1,900,8,4,4,4,4,0,0,0,0,0.03238317757009349,0.023648648648648737,0.0,0.6360360360360349,0.189,2,False,150,0.1328169014084507,0.11133411214953273,0.10522432432432417,0.011334112149532722,0.1,0.07632432432432418,0.0189,0.01,0.0,0.0,0.0
2.98317,90,2180.588917,medium,0.7373831775700934,2.737383177570093,2,900,8,4,4,4,4,0,0,0,0,0.03908878504672814,0.0,0.16729999999999645,0.5815315315315316,0.9999999999999966,3,True,81,0.062429577464788735,0.10100325786494639,0.23478378378378345,0.013681074766354847,0.08732218309859155,0.06978378378378378,0.0999999999999997,0.015,0.05,0.0,0.0
0.342487,76,2204.655255,medium,0.2995327102803738,0.2995327102803738,0,758,8,4,4,4,4,0,0,0,0,0.009813084112149581,0.0,0.0,0.4418918918918919,0.0,1,False,53,0.041056338028169014,0.06072683296037912,0.05802702702702701,0.0034345794392523533,0.05729225352112677,0.05302702702702701,0.0,0.005,0.0,0.0,0.0
2.825725,77,2228.4028,medium,0.5649532710280374,2.5649532710280374,2,762,8,4,4,4,4,0,0,0,0,0.030420560747663007,0.0023648648648648663,0.12669999999999765,0.5527027027027026,0.9999999999999971,2,True,106,0.09642605633802817,0.11064719626168205,0.22632432432432403,0.010647196261682052,0.1,0.06632432432432428,0.09999999999999973,0.01,0.05,0.0,0.0
2.834991,90,2256.719963,medium,0.6254672897196258,2.6254672897196256,2,900,8,4,4,4,4,0,0,0,0,0.014719626168223983,0.0,0.0,0.48018018018018016,1.0,2,True,71,0.055,0.0819018691588784,0.21762162162162163,0.005151869158878394,0.07675,0.05762162162162161,0.1,0.01,0.05,0.0,0.0
3.125436,90,2289.286659,medium,0.824221183800623,2.8242211838006233,2,900,8,4,4,4,4,0,0,0,0,0.03876168224299102,0.0614864864864869,0.0,0.8970720720720695,1.0,4,True,121,0.10119718309859155,0.11356658878504686,0.27764864864864836,0.013566588785046855,0.1,0.10764864864864836,0.1,0.02,0.05,0.0,0.0
3.242438,90,2317.419769,medium,0.9338006230529595,2.9338006230529596,2,900,8,4,4,4,4,0,0,0,0,0.04873831775700927,0.06858108108108124,0.1070999999999994,0.9869369369369372,0.9999999999999962,4,True,73,0.0755281690140845,0.11020453797551664,0.2884324324324321,0.01705841121495324,0.0931461267605634,0.11843243243243246,0.09999999999999963,0.02,0.05,0.0,0.0
4.296064,76,2341.550922,medium,1.0,4.0,3,756,8,4,4,4,4,0,0,0,0,0.018286604361370747,0.008513513513513607,0.0,0.9999999999999996,1.0,5,True,65,0.05035211267605634,0.07666439603352201,0.29499999999999993,0.006400311526479761,0.07026408450704225,0.11999999999999993,0.1,0.025,0.05,0.0,0.0
3.138468,90,2369.807121,medium,0.8689252336448599,2.86892523364486,2,900,8,4,4,4,4,0,0,0,0,0.05722741433021662,0.03873873873873874,0.18759999999999386,0.6209459459459442,0.999999999999998,3,True,102,0.10542253521126761,0.12002959501557582,0.23951351351351313,0.020029595015575816,0.1,0.0745135135135133,0.09999999999999981,0.015,0.05,0.0,0.0
2.91792,82,2395.201706,medium,0.6280218068535824,2.6280218068535826,2,820,8,4,4,4,4,0,0,0,0,0.06928348909657181,0.041441441441441434,0.2295999999999943,0.6887387387387367,0.9999999999999961,3,True,78,0.08133802816901409,0.12424922118380013,0.247648648648648,0.02424922118380013,0.1,0.08264864864864838,0.09999999999999963,0.015,0.05,0.0,0.0
0.365202,90,2425.706733,medium,0.3356230529595015,0.3356230529595015,0,900,8,4,4,4,4,0,0,0,0,0.00719626168224299,0.02081081081081081,0.0,0.5194594594594587,0.0,1,False,46,0.03563380281690141,0.0522440437014611,0.06733513513513505,0.002518691588785046,0.049725352112676056,0.06233513513513504,0.0,0.005,0.0,0.0,0.0
1.714791,80,2456.905683,medium,0.5580996884735197,1.5580996884735197,1,800,8,4,4,4,4,0,0,0,0,0.021261682242990083,0.01844594594594615,0.039199999999998306,0.8186711711711704,0.3471999999999983,2,False,68,0.06971830985915493,0.09373032117941273,0.1429605405405403,0.0074415887850465285,0.0862887323943662,0.09824054054054045,0.034719999999999834,0.01,0.0,0.0,0.0
1.656389,90,2485.570091,medium,0.5638629283489096,1.5638629283489096,1,900,8,4,4,4,4,0,0,0,0,0.013411214953271114,0.03878378378378403,0.0,0.8198198198198179,0.0,4,False,55,0.0426056338028169,0.06414815058575757,0.11837837837837811,0.00469392523364489,0.05945422535211268,0.09837837837837811,0.0,0.02,0.0,0.0,0.0
2.190243,90,2515.769223,medium,0.9566199376947041,1.956619937694704,1,900,8,4,4,4,4,0,0,0,0,0.033691588785046384,0.017500000000000026,0.0,1.0000000000000013,0.8143333333333334,5,False,79,0.06119718309859155,0.0971899433987099,0.22643333333333351,0.011792056074766234,0.08539788732394367,0.12000000000000013,0.08143333333333339,0.025,0.0,0.0,0.0
3.131458,86,2544.115908,medium,0.823208722741433,2.823208722741433,2,860,8,4,4,4,4,0,0,0,0,0.04843457943925237,0.046824324324324235,0.0,0.8941441441441421,1.0,4,True,136,0.12091549295774648,0.11695210280373833,0.2772972972972971,0.01695210280373833,0.1,0.10729729729729706,0.1,0.02,0.05,0.0,0.0
0.442603,77,2569.961081,medium,0.3907320872274143,0.3907320872274143,0,764,8,4,4,4,4,0,0,0,0,0.014883177570093548,0.0018918918918918932,0.0,0.4533783783783783,0.0,2,False,58,0.03954225352112676,0.0638658022903778,0.0644054054054054,0.005209112149532741,0.05865669014084507,0.0544054054054054,0.0,0.01,0.0,0.0,0.0
3.20789,90,2604.495097,medium,0.9578660436137072,2.9578660436137074,2,900,8,4,4,4,4,0,0,0,0,0.02404205607476643,0.06952702702702725,0.0,0.8781531531531501,1.0,4,True,41,0.04764084507042254,0.06464535342898514,0.27537837837837803,0.00841471962616825,0.0562306338028169,0.10537837837837802,0.1,0.02,0.05,0.0,0.0
3.038529,77,2629.758458,medium,0.8585669781931464,2.8585669781931466,2,765,8,4,4,4,4,0,0,0,0,0.014392523364486027,0.02270270270270279,0.0,0.59099099099099,1.0,3,True,13,0.012007042253521127,0.020542664867710954,0.2359189189189188,0.005037383177570109,0.015505281690140846,0.07091891891891879,0.1,0.015,0.05,0.0,0.0
0.563298,86,2658.213019,medium,0.4971183800623053,0.4971183800623053,0,860,8,4,4,4,4,0,0,0,0,0.0,0.0,0.0,0.43445945945945946,0.2846666666666667,2,False,64,0.03943661971830986,0.06157746478873239,0.09060180180180179,0.0,0.06157746478873239,0.052135135135135124,0.02846666666666667,0.01,0.0,0.0,0.0
3.12239,90,2687.965035,medium,0.8656542056074766,2.8656542056074765,2,900,8,4,4,4,4,0,0,0,0,0.02387850467289698,0.0,0.0370999999999984,0.6114864864864865,1.0,3,True,99,0.0848943661971831,0.10835747663551396,0.23837837837837839,0.008357476635513943,0.1,0.07337837837837839,0.1,0.015,0.05,0.0,0.0
1.66843,73,2711.198377,medium,0.613481308411215,1.613481308411215,1,726,7,3,4,3,4,0,0,0,1,0.0034345794392523655,0.009932432432432517,0.0,0.557905405405405,0.0,2,False,67,0.06119718309859155,0.050599990127681974,0.0769486486486486,0.0012021028037383279,0.07939788732394365,0.0669486486486486,0.0,0.01,0.0,0.0,0.03
1.820589,81,2737.783658,medium,0.6727803738317752,1.6727803738317752,1,810,8,4,4,4,4,0,0,0,0,0.03434579439252288,0.0,0.038499999999998334,0.5191441441441441,0.911166666666665,1,False,54,0.04183098591549296,0.07039426747400272,0.15841396396396384,0.012021028037383008,0.05837323943661971,0.06229729729729731,0.09111666666666651,0.005,0.0,0.0,0.0
3.063406,87,2767.414414,medium,0.7996884735202492,2.7996884735202494,2,866,8,4,4,4,4,0,0,0,0,0.014228971962616915,0.041148648648648915,0.0,0.8261261261261241,1.0,4,True,67,0.05693661971830986,0.08118260497564832,0.2691351351351349,0.0049801401869159195,0.0762024647887324,0.09913513513513489,0.09999999999999999,0.02,0.05,0.0,0.0
3.188125,83,2800.008468,medium,0.9113707165109034,2.9113707165109033,2,828,8,4,4,4,4,0,0,0,0,0.028294392523364176,0.05155405405405428,0.0,0.7436936936936919,1.0,3,True,78,0.0752112676056338,0.10531148808740282,0.254243243243243,0.009903037383177464,0.09540845070422535,0.08924324324324301,0.1,0.015,0.05,0.0,0.0
2.012047,83,2827.714195,medium,0.8184112149532697,1.8184112149532696,1,824,8,4,4,4,4,0,0,0,0,0.038271028037381846,0.0,0.16379999999999428,0.6299549549549549,0.7704666666666595,2,False,130,0.11169014084507042,0.11339485981308364,0.16264126126126055,0.013394859813083642,0.1,0.0755945945945946,0.07704666666666596,0.01,0.0,0.0,0.0
3.142626,86,2856.510414,medium,0.86898753894081,2.86898753894081,2,855,8,4,4,4,4,0,0,0,0,0.07029595015576212,0.01797297297297317,0.18759999999999463,0.6211261261261254,0.9999999999999972,2,True,74,0.08598591549295774,0.12460358255451674,0.2345351351351348,0.02460358255451674,0.1,0.07453513513513506,0.09999999999999974,0.01,0.05,0.0,0.0
1.841537,90,2886.739778,medium,0.7064875389408094,1.7064875389408094,1,900,8,4,4,4,4,0,0,0,0,0.015210280373831118,0.0,0.06509999999999719,0.4518018018018018,0.5550999999999972,2,False,142,0.12623239436619718,0.1053235981308409,0.11972621621621593,0.005323598130840891,0.1,0.054216216216216216,0.05550999999999972,0.01,0.0,0.0,0.0
4.119035,73,2911.03294,medium,1.0,4.0,3,722,4,4,0,4,0,0,0,0,4,0.046386292834891055,0.022522522522522535,0.0,0.999999999999999,1.0,5,True,0,0.0,-0.10376479750778812,0.2949999999999999,0.01623520249221187,0.0,0.11999999999999986,0.1,0.025,0.05,0.0,0.12
1.952547,84,2938.987937,medium,0.7802180685358255,1.7802180685358255,1,831,8,4,4,4,4,0,0,0,0,0.020280373831775826,0.013243243243243281,0.0,0.7358108108108102,0.4503333333333333,3,False,82,0.08598591549295774,0.10709813084112155,0.14833063063063057,0.007098130841121539,0.1,0.08829729729729724,0.045033333333333335,0.015,0.0,0.0,0.0
1.819597,90,2973.131443,medium,0.7040498442367601,1.70404984423676,1,900,8,4,4,4,4,0,0,0,0,0.053971962616822015,0.017500000000000026,0.0,0.819819819819819,0.0,4,False,68,0.04570422535211267,0.08716835592997221,0.11837837837837827,0.018890186915887702,0.06827816901408451,0.09837837837837826,0.0,0.02,0.0,0.0,0.0
1.596122,80,2999.760589,medium,0.5445482866043614,1.5445482866043614,1,798,8,4,4,4,4,0,0,0,0,0.0,0.0,0.0,0.570045045045045,0.0,2,False,49,0.03795774647887324,0.05296830985915493,0.07840540540540542,0.0,0.05296830985915493,0.06840540540540542,0.0,0.01,0.0,0.0,0.0
3.098172,82,3027.179406,medium,0.8420560747663551,2.8420560747663552,2,816,8,4,4,4,4,0,0,0,0,0.05348130841121486,0.0,0.06370000000000044,0.5432432432432432,0.9999999999999968,2,True,87,0.06707746478873239,0.11252655653547448,0.2251891891891889,0.018718457943925196,0.09380809859154929,0.06518918918918919,0.09999999999999969,0.01,0.05,0.0,0.0
4.155314,71,3050.898298,medium,1.0,4.0,3,707,5,4,1,4,1,0,0,0,3,0.03224299065420567,0.0,0.0,1.0,1.0,5,True,9,0.006971830985915493,-0.0689860800315914,0.29499999999999993,0.011285046728971983,0.00972887323943662,0.11999999999999993,0.1,0.025,0.05,0.0,0.09
2.994905,90,3081.304437,medium,0.8398753894080997,2.8398753894080997,2,900,7,4,3,4,3,0,0,0,1,0.04834890965732047,0.041441441441441434,0.018199999999999213,0.5369369369369349,1.0,2,True,35,0.021566901408450703,0.020597294436400196,0.22443243243243222,0.016922118380062166,0.03367517605633803,0.06443243243243219,0.1,0.01,0.05,0.0,0.03
3.183406,85,3109.173531,medium,0.9235981308411215,2.9235981308411216,2,848,8,4,4,4,4,0,0,0,0,0.024844236760124674,0.0,0.1063333333333336,0.779054054054054,0.9999999999999961,4,True,67,0.05190140845070423,0.08112153920407181,0.2634864864864861,0.008695482866043637,0.07242605633802816,0.09348648648648647,0.09999999999999963,0.02,0.05,0.0,0.0
0.557082,77,3140.025743,medium,0.465981308411215,0.465981308411215,0,769,8,4,4,4,4,0,0,0,0,0.008504672897196303,0.0042567567567568035,0.0,0.5418693693693691,0.0,0,False,179,0.15669014084507044,0.10297663551401871,0.0650243243243243,0.002976635514018706,0.1,0.0650243243243243,0.0,0.0,0.0,0.0,0.0
3.221152,90,3168.984665,medium,0.946417445482866,2.946417445482866,2,900,8,4,4,4,4,0,0,0,0,0.055381619937694894,0.06691441441441477,0.0,0.8450450450450416,1.0,4,True,59,0.05926056338028169,0.09332898951340449,0.27140540540540503,0.019383566978193212,0.07394542253521127,0.10140540540540502,0.1,0.02,0.05,0.0,0.0
4.165702,67,3191.057291,medium,1.0,4.0,3,661,5,4,1,4,1,0,0,0,3,0.0024532710280372773,0.007094594594594288,0.0,1.0,1.0,5,True,24,0.018591549295774647,-0.06319769316835597,0.295,0.0008586448598130469,0.025943661971830987,0.11999999999999998,0.1,0.025,0.05,0.0,0.09
1.872853,90,3221.339533,medium,0.7266822429906534,1.7266822429906534,1,900,8,4,4,4,4,0,0,0,0,0.01897196261682161,0.0,0.05039999999999783,0.6114864864864865,0.6617333333333312,3,False,72,0.05197183098591549,0.08161906015532419,0.1545517117117115,0.006640186915887564,0.07497887323943662,0.07337837837837836,0.06617333333333313,0.015,0.0,0.0,0.0
1.692544,90,3250.902785,medium,0.6029595015576324,1.6029595015576326,1,894,8,4,4,4,4,0,0,0,0,0.0358177570093454,0.02270270270270288,0.0,0.5274774774774775,0.0,2,False,85,0.06753521126760563,0.10568762340397511,0.0732972972972973,0.012536214953270888,0.09315140845070423,0.0632972972972973,0.0,0.01,0.0,0.0,0.0
1.740809,78,3275.470807,medium,0.6280685358255451,1.6280685358255451,1,778,8,4,4,4,4,0,0,0,0,0.02436915887850488,0.07047297297297357,0.0,0.6000900900900874,0.0,2,False,112,0.10767605633802817,0.10852920560747671,0.08201081081081048,0.008529205607476708,0.1,0.07201081081081048,0.0,0.01,0.0,0.0,0.0
4.187161,79,3307.009384,medium,1.0,4.0,3,784,6,4,2,4,2,0,0,0,2,0.04098909657320789,0.05042792792792803,0.10079999999999566,1.0000000000000013,1.0,5,True,15,0.011619718309859155,-0.02943902746698287,0.29500000000000015,0.01434618380062276,0.016214788732394368,0.12000000000000013,0.1,0.025,0.05,0.0,0.06
1.620022,90,3336.645402,medium,0.5045638629283489,1.5045638629283489,1,900,8,4,4,4,4,0,0,0,0,0.01242990654205606,0.0,0.0,0.7592342342342342,0.0,2,False,135,0.11176056338028169,0.10435046728971963,0.1011081081081081,0.004350467289719622,0.1,0.0911081081081081,0.0,0.01,0.0,0.0,0.0
3.16773,84,3363.698559,medium,0.9281308411214954,2.9281308411214955,2,837,8,4,4,4,4,0,0,0,0,0.04604361370716531,0.06130630630630652,0.1063333333333336,0.7921621621621593,0.9999999999999961,3,True,46,0.032165492957746476,0.06323938451581772,0.26005945945945874,0.016115264797507856,0.04712411971830986,0.09505945945945911,0.09999999999999962,0.015,0.05,0.0,0.0
1.727943,89,3394.401165,medium,0.622196261682243,1.622196261682243,1,885,8,4,4,4,4,0,0,0,0,0.02649532710280321,0.0,0.0,0.5831081081081081,0.0,3,False,137,0.11711267605633803,0.10927336448598113,0.08497297297297295,0.009273364485981123,0.1,0.06997297297297295,0.0,0.015,0.0,0.0,0.0
1.938518,90,3425.456861,medium,0.7376713395638627,1.7376713395638625,1,900,8,4,4,4,4,0,0,0,0,0.01733644859813073,0.037364864864865094,0.018899999999999185,0.9265765765765748,0.5858999999999992,3,False,147,0.12982394366197184,0.10606775700934576,0.1847791891891889,0.006067757009345755,0.1,0.111189189189189,0.05858999999999991,0.015,0.0,0.0,0.0
2.972668,78,3450.712127,medium,0.7202414330218067,2.7202414330218065,2,777,8,4,4,4,4,0,0,0,0,0.016269470404984217,0.0,0.0,0.5369369369369369,1.0,2,True,106,0.09140845070422535,0.10569431464174447,0.22443243243243244,0.005694314641744474,0.1,0.06443243243243243,0.1,0.01,0.05,0.0,0.0
1.57981,90,3485.263726,medium,0.5040498442367601,1.5040498442367602,1,900,8,4,4,4,4,0,0,0,0,0.04219626168224294,0.030270270270270426,0.0,0.5301801801801788,0.0,1,False,74,0.06049295774647887,0.0971384098986442,0.06862162162162144,0.01476869158878503,0.08236971830985916,0.06362162162162144,0.0,0.005,0.0,0.0,0.0
2.927631,80,3512.060949,medium,0.6758099688473516,2.675809968847352,2,791,8,4,4,4,4,0,0,0,0,0.029929906542055577,0.0037837837837837855,0.042700000000000224,0.6396396396396394,0.9999999999999979,3,True,65,0.061584507042253524,0.0891638475714096,0.2417567567567565,0.010475467289719452,0.07868838028169015,0.07675675675675672,0.0999999999999998,0.015,0.05,0.0,0.0
1.702259,78,3537.605289,medium,0.573582554517134,1.573582554517134,1,772,8,4,4,4,4,0,0,0,0,0.006705607476635503,0.018445945945945955,0.0,0.7794144144144136,0.0,2,False,96,0.09295774647887324,0.10234696261682243,0.10352972972972958,0.002346962616822426,0.1,0.09352972972972959,0.0,0.01,0.0,0.0,0.0
2.993581,90,3567.817762,medium,0.7630841121495328,2.763084112149533,2,900,8,4,4,4,4,0,0,0,0,0.02093457943925146,0.0014189189189189348,0.08749999999999623,0.7202702702702702,1.0,3,True,48,0.0503169014084507,0.06906477886007603,0.25143243243243246,0.0073271028037380104,0.06173767605633802,0.08643243243243244,0.1,0.015,0.05,0.0,0.0
1.765248,90,3598.507847,medium,0.6728193146417446,1.6728193146417447,1,900,8,4,4,4,4,0,0,0,0,0.0026168224299065387,0.0,0.0,0.7295045045045045,0.0,3,False,69,0.05929577464788732,0.07988771883638278,0.10254054054054053,0.0009158878504672885,0.0789718309859155,0.08754054054054053,0.0,0.015,0.0,0.0,0.0
3.094742,78,3624.480054,medium,0.7915420560747665,2.7915420560747664,2,778,8,4,4,4,4,0,0,0,0,0.05626168224298944,0.011351351351351477,0.22399999999999462,0.8025675675675671,0.9999999999999959,3,True,96,0.07985915492957746,0.11969158878504631,0.2613081081081076,0.019691588785046305,0.1,0.09630810810810805,0.09999999999999959,0.015,0.05,0.0,0.0
3.117715,90,3659.04282,medium,0.8645638629283489,2.8645638629283487,2,900,8,4,4,4,4,0,0,0,0,0.033691588785046425,0.008513513513513607,0.0,0.8198198198198198,1.0,4,True,62,0.04264084507042253,0.07477268987758315,0.2683783783783784,0.01179205607476625,0.0629806338028169,0.09837837837837839,0.1,0.02,0.05,0.0,0.0
3.262747,90,3688.595023,medium,0.9654984423676013,2.9654984423676014,2,900,8,4,4,4,4,0,0,0,0,0.02634735202492169,0.0322072072072072,0.0,0.9002252252252236,1.0,4,True,117,0.10647887323943662,0.1092215732087226,0.2780270270270268,0.009221573208722592,0.1,0.10802702702702684,0.09999999999999999,0.02,0.05,0.0,0.0
3.1038,79,3714.794521,medium,0.7975077881619937,2.797507788161994,2,784,8,4,4,4,4,0,0,0,0,0.04661214953271002,0.05391891891891928,0.0,0.8198198198198171,1.0,4,True,102,0.08830985915492957,0.11631425233644851,0.268378378378378,0.016314252336448506,0.1,0.09837837837837804,0.1,0.02,0.05,0.0,0.0
1.787957,84,3743.375487,medium,0.6697819314641744,1.6697819314641744,1,839,8,4,4,4,4,0,0,0,0,0.015373831775700775,0.0,0.0,0.7207207207207207,0.0,4,False,77,0.06894366197183098,0.09558858760036852,0.10648648648648648,0.00538084112149527,0.09020774647887325,0.08648648648648648,0.0,0.02,0.0,0.0,0.0
3.140286,90,3773.72797,medium,0.8302180685358256,2.8302180685358254,2,900,8,4,4,4,4,0,0,0,0,0.06999999999999855,0.03405405405405425,0.23029999999999431,0.8797297297297281,0.9999999999999961,4,True,92,0.08830985915492957,0.1244999999999995,0.275567567567567,0.02449999999999949,0.1,0.10556756756756738,0.09999999999999962,0.02,0.05,0.0,0.0
3.199816,83,3801.518691,medium,0.9218068535825545,2.9218068535825545,2,827,8,4,4,4,4,0,0,0,0,0.020934579439252376,0.0,0.0,0.7738738738738739,1.0,3,True,91,0.06669014084507043,0.10284470843754115,0.2578648648648648,0.007327102803738333,0.09551760563380282,0.09286486486486484,0.09999999999999999,0.015,0.05,0.0,0.0
4.263072,82,3833.450515,medium,1.0,4.0,3,819,8,4,4,4,4,0,0,0,0,0.005724299065420565,0.016554054054054065,0.0,0.9999999999999992,1.0,5,True,39,0.03795774647887324,0.04997181453205213,0.29499999999999993,0.0020035046728971977,0.04796830985915493,0.1199999999999999,0.1,0.025,0.05,0.0,0.0
4.187487,70,3856.218015,medium,1.0,4.0,3,694,5,3,2,3,2,0,0,0,3,0.0,0.0,0.0,1.0,1.0,5,True,48,0.03718309859154929,-0.03811267605633802,0.295,0.0,0.051887323943661974,0.11999999999999997,0.09999999999999999,0.025,0.05,0.0,0.09
3.096549,90,3884.621919,medium,0.8737538940809969,2.873753894080997,2,900,8,4,4,4,4,0,0,0,0,0.017500000000000068,0.018918918918918965,0.046900000000000254,0.6761261261261253,0.9999999999999978,3,True,56,0.04338028169014085,0.06666021126760566,0.2461351351351348,0.006125000000000024,0.06053521126760564,0.08113513513513504,0.09999999999999977,0.015,0.05,0.0,0.0
3.025759,87,3914.182018,medium,0.7627647975077881,2.762764797507788,2,862,8,4,4,4,4,0,0,0,0,0.001471962616822446,0.0042567567567568035,0.0,0.913490990990991,1.0,3,True,54,0.06274647887323943,0.07457504607081744,0.27461891891891893,0.0005151869158878561,0.07405985915492959,0.10961891891891892,0.1,0.015,0.05,0.0,0.0
3.119813,88,3944.562,medium,0.8634735202492212,2.8634735202492214,2,872,8,4,4,4,4,0,0,0,0,0.04521806853582567,0.0,0.03220000000000011,0.6051801801801802,0.9999999999999984,3,True,83,0.0647887323943662,0.10591787328331363,0.23762162162162143,0.015826323987538984,0.09009154929577465,0.07262162162162158,0.09999999999999987,0.015,0.05,0.0,0.0
1.992248,90,3974.525802,medium,0.8188473520249221,1.818847352024922,1,900,8,4,4,4,4,0,0,0,0,0.044485981308411006,0.0,0.0,0.5779279279279279,0.8493333333333334,2,False,66,0.0673943661971831,0.09911586810583117,0.16428468468468468,0.01557009345794385,0.08354577464788733,0.06935135135135134,0.08493333333333333,0.01,0.0,0.0,0.0
4.331663,75,4004.816187,medium,1.0,4.0,3,749,8,4,4,4,4,0,0,0,0,0.03303738317757019,0.09554054054054081,0.0,0.9999999999999996,1.0,5,True,92,0.09760563380281691,0.11156308411214957,0.295,0.011563084112149567,0.1,0.11999999999999998,0.1,0.025,0.05,0.0,0.0
3.112407,90,4035.609848,medium,0.8531152647975078,2.8531152647975078,2,900,8,4,4,4,4,0,0,0,0,0.0,0.0,0.0,0.9806306306306306,1.0,4,True,57,0.04415492957746479,0.06161619718309858,0.2876756756756757,0.0,0.06161619718309858,0.11767567567567568,0.1,0.02,0.05,0.0,0.0
4.263925,73,4060.020401,medium,1.0,4.0,3,723,7,4,3,4,3,0,0,0,1,0.03224299065420567,0.0,0.0,1.0,1.0,5,True,49,0.04725352112676056,0.04122518757404239,0.295,0.011285046728971985,0.05994014084507041,0.11999999999999997,0.1,0.025,0.05,0.0,0.03
3.082966,82,4087.569825,medium,0.7985981308411215,2.7985981308411216,2,820,8,4,4,4,4,0,0,0,0,0.01806853582554517,0.052252252252252246,0.0,0.8198198198198171,1.0,4,True,74,0.07288732394366197,0.0979894804966873,0.268378378378378,0.006323987538940809,0.0916654929577465,0.09837837837837804,0.1,0.02,0.05,0.0,0.0
2.927121,78,4113.545143,medium,0.7036604361370716,2.7036604361370715,2,771,8,4,4,4,4,0,0,0,0,0.0,0.0,0.0,0.5484234234234234,1.0,3,True,57,0.055,0.06975,0.23081081081081078,0.0,0.06975,0.06581081081081079,0.1,0.015,0.05,0.0,0.0
2.91628,79,4139.962419,medium,0.678816199376947,2.6788161993769473,2,789,8,4,4,4,4,0,0,0,0,0.016666666666666663,0.0,0.07133333333333332,0.4765765765765766,0.9999999999999963,1,True,92,0.0697887323943662,0.10417488262910797,0.21218918918918883,0.005833333333333332,0.09834154929577464,0.05718918918918917,0.09999999999999964,0.005,0.05,0.0,0.0
1.691413,90,4169.57079,medium,0.555607476635514,1.555607476635514,1,900,8,4,4,4,4,0,0,0,0,0.04369158878504651,0.0,0.0,0.7959459459459459,0.0,3,False,92,0.08450704225352113,0.11529205607476628,0.1105135135135135,0.015292056074766278,0.1,0.0955135135135135,0.0,0.015,0.0,0.0,0.0
1.726966,84,4202.108437,medium,0.6269470404984424,1.6269470404984423,1,837,8,4,4,4,4,0,0,0,0,0.027803738317756562,0.021756756756756996,0.0,0.5968468468468469,0.0,2,False,96,0.059154929577464786,0.1020975055943134,0.08162162162162162,0.009731308411214796,0.0923661971830986,0.07162162162162163,0.0,0.01,0.0,0.0,0.0
4.3017,90,4231.491464,medium,1.0,4.0,3,896,8,4,4,4,4,0,0,0,0,0.036767912772585114,0.0018018018018018027,0.1546999999999976,1.0000000000000002,0.9999999999999959,5,True,71,0.06390845070422535,0.0963001074985738,0.29499999999999965,0.01286876947040479,0.08343133802816902,0.12000000000000004,0.0999999999999996,0.025,0.05,0.0,0.0
3.123883,90,4262.329088,medium,0.8240654205607477,2.8240654205607476,2,900,8,4,4,4,4,0,0,0,0,0.06813862928348775,0.041441441441441434,0.23029999999999431,0.8761261261261241,0.9999999999999961,3,True,84,0.0717781690140845,0.11968214700978409,0.2701351351351345,0.02384852024922071,0.09583362676056338,0.10513513513513488,0.09999999999999962,0.015,0.05,0.0,0.0
4.327433,79,4289.192539,medium,1.0,4.0,3,785,8,4,4,4,4,0,0,0,0,0.031238317757009436,0.0903378378378381,0.0,0.9999999999999976,1.0,5,True,96,0.09140845070422535,0.11093341121495331,0.29499999999999965,0.010933411214953302,0.1,0.11999999999999968,0.09999999999999999,0.025,0.05,0.0,0.0
1.797084,83,4316.946983,medium,0.6815420560747664,1.6815420560747665,1,823,8,4,4,4,4,0,0,0,0,0.0,0.0,0.0,0.7547297297297297,0.0,3,False,88,0.06436619718309859,0.09227464788732395,0.10556756756756755,0.0,0.09227464788732395,0.09056756756756755,0.0,0.015,0.0,0.0,0.0
4.20063,70,4340.05234,medium,1.0,4.0,3,699,5,2,3,2,3,0,0,0,3,0.006705607476635531,0.01939189189189194,0.0,0.9999999999999992,1.0,5,True,52,0.049577464788732394,-0.024469938791628273,0.2949999999999999,0.0023469626168224358,0.06318309859154929,0.11999999999999988,0.1,0.025,0.05,0.0,0.09
0.631192,79,4370.512242,medium,0.47943925233644774,0.47943925233644774,0,783,8,4,4,4,4,0,0,0,0,0.01962616822429822,0.0,0.08399999999999637,0.6815315315315316,0.3639999999999964,1,False,123,0.10859154929577465,0.10686915887850439,0.12318378378378339,0.006869158878504376,0.1,0.08178378378378376,0.036399999999999634,0.005,0.0,0.0,0.0
3.047817,90,4399.826406,medium,0.7504906542056075,2.7504906542056076,2,900,8,4,4,4,4,0,0,0,0,0.00711059190031151,0.019144144144144157,0.0,0.9569819819819828,1.0,4,True,134,0.1202112676056338,0.10248870716510904,0.28483783783783795,0.002488707165109028,0.1,0.11483783783783794,0.1,0.02,0.05,0.0,0.0
3.185191,79,4425.609989,medium,0.8975155763239874,2.8975155763239875,2,788,8,4,4,4,4,0,0,0,0,0.025350467289719573,0.044459459459459186,0.0,0.8741216216216199,1.0,4,True,62,0.06894366197183098,0.0915804100302751,0.27489459459459437,0.008872663551401849,0.08270774647887326,0.10489459459459434,0.1,0.02,0.05,0.0,0.0
1.816185,86,4453.878425,medium,0.6873831775700935,1.6873831775700934,1,857,8,4,4,4,4,0,0,0,0,0.036004672897196464,0.0245945945945947,0.0,0.5747747747747737,0.8913333333333333,2,False,35,0.021725352112676056,0.0463956495985258,0.16810630630630619,0.012601635514018763,0.03379401408450704,0.06897297297297282,0.08913333333333334,0.01,0.0,0.0,0.0
1.933895,79,4481.069944,medium,0.7245327102803722,1.7245327102803722,1,783,8,4,4,4,4,0,0,0,0,0.04742990654205461,0.028378378378378526,0.16099999999999354,0.8130630630630633,0.6976666666666597,3,False,78,0.06630281690140845,0.10532757996577546,0.18233423423423356,0.01660046728971911,0.08872711267605635,0.09756756756756761,0.06976666666666596,0.015,0.0,0.0,0.0
4.189693,76,4505.991624,medium,1.0,4.0,3,755,6,4,2,4,2,0,0,0,2,0.018317757009345934,0.0,0.0784000000000006,1.0,0.9999999999999961,5,True,22,0.01704225352112676,-0.02980709490588385,0.2949999999999996,0.006411214953271076,0.023781690140845073,0.11999999999999997,0.09999999999999962,0.025,0.05,0.0,0.06
1.831518,84,4538.174264,medium,0.7170560747663551,1.7170560747663552,1,836,8,4,4,4,4,0,0,0,0,0.019890965732087217,0.041441441441441434,0.0,0.8574324324324304,0.0,3,False,73,0.04894366197183098,0.08016958448510376,0.11789189189189166,0.006961838006230526,0.07320774647887324,0.10289189189189166,0.0,0.015,0.0,0.0,0.0
3.179587,90,4567.292892,medium,0.9034267912772586,2.9034267912772584,2,900,8,4,4,4,4,0,0,0,0,0.02764018691588765,0.0,0.11829999999999914,0.7207207207207207,0.9999999999999961,4,True,120,0.09845070422535211,0.10967406542056068,0.2564864864864861,0.009674065420560677,0.1,0.08648648648648648,0.0999999999999996,0.02,0.05,0.0,0.0
1.806197,90,4597.321456,medium,0.6352803738317757,1.6352803738317756,1,900,8,4,4,4,4,0,0,0,0,0.03420560747663558,0.0056756756756756975,0.0,0.8198198198198197,0.30566666666666664,4,False,96,0.07985915492957746,0.11197196261682246,0.14894504504504497,0.011971962616822452,0.1,0.09837837837837832,0.030566666666666666,0.02,0.0,0.0,0.0
4.313732,76,4622.427721,medium,1.0,4.0,3,757,8,4,4,4,4,0,0,0,0,0.0315654205607473,0.0,0.13509999999999844,1.0,0.9999999999999959,5,True,68,0.0658450704225352,0.09443170001316295,0.2949999999999996,0.011047897196261555,0.0833838028169014,0.12,0.09999999999999959,0.025,0.05,0.0,0.0
3.017686,90,4651.8751,medium,0.7859034267912772,2.7859034267912772,2,900,8,4,4,4,4,0,0,0,0,0.029929906542056288,0.030743243243243408,0.0,0.7862612612612615,1.0,3,True,54,0.03327464788732394,0.06243145320521266,0.2593513513513513,0.010475467289719702,0.051955985915492955,0.09435135135135131,0.1,0.015,0.05,0.0,0.0
2.98575,89,4681.115801,medium,0.763006230529595,2.7630062305295953,2,890,8,4,4,4,4,0,0,0,0,0.027313084112148403,0.0,0.11549999999999516,0.6837837837837838,0.9999999999999999,3,True,51,0.03950704225352113,0.06468986112939279,0.24705405405405406,0.009559579439251939,0.055130281690140844,0.08205405405405405,0.09999999999999999,0.015,0.05,0.0,0.0
4.314128,83,4713.882041,medium,1.0,4.0,3,822,8,4,4,4,4,0,0,0,0,0.008668224299065459,0.02506756756756768,0.0,0.9999999999999988,1.0,5,True,89,0.07172535211267606,0.10132789258917994,0.2949999999999999,0.0030338785046729105,0.09829401408450704,0.11999999999999984,0.1,0.025,0.05,0.0,0.0
4.258489,82,4740.099328,medium,1.0,4.0,3,814,8,4,4,4,4,0,0,0,0,0.01397975077881609,0.008513513513513607,0.0,0.9999999999999996,1.0,5,True,37,0.028661971830985917,0.044889391645825075,0.29499999999999993,0.004892912772585632,0.03999647887323944,0.11999999999999991,0.1,0.025,0.05,0.0,0.0
1.736003,90,4769.808001,medium,0.6371495327102804,1.6371495327102803,1,900,8,4,4,4,4,0,0,0,0,0.014742990654205673,0.0,0.0,0.5002252252252253,0.18666666666666668,1,False,86,0.07862676056338028,0.10516004672897199,0.08369369369369371,0.005160046728971985,0.1,0.06002702702702704,0.018666666666666668,0.005,0.0,0.0,0.0
1.922557,90,4800.030355,medium,0.7663551401869159,1.7663551401869158,1,900,8,4,4,4,4,0,0,0,0,0.0034345794392523317,0.009932432432432418,0.0,0.9999999999999996,0.0,5,False,100,0.08450704225352113,0.10120210280373833,0.14499999999999993,0.001202102803738316,0.1,0.11999999999999994,0.0,0.025,0.0,0.0,0.0
1.801833,80,4826.837086,medium,0.675,1.675,1,794,8,4,4,4,4,0,0,0,0,0.02077102803738283,0.0,0.0,0.7358108108108108,0.0,3,False,82,0.07288732394366197,0.10293535277083049,0.1032972972972973,0.00726985981308399,0.0956654929577465,0.0882972972972973,0.0,0.015,0.0,0.0,0.0
3.079607,90,4856.356007,medium,0.7975077881619937,2.797507788161994,2,900,8,4,4,4,4,0,0,0,0,0.010630841121495385,0.030743243243243408,0.0,0.81981981981982,1.0,4,True,92,0.08056338028169015,0.1037207943925234,0.2683783783783784,0.0037207943925233844,0.1,0.0983783783783784,0.1,0.02,0.05,0.0,0.0
1.688002,77,4886.964088,medium,0.5678738317757006,1.5678738317757006,1,770,8,4,4,4,4,0,0,0,0,0.008995327102803404,0.012770270270269873,0.009799999999999576,0.6825900900900895,0.10779999999999958,3,False,68,0.06971830985915493,0.08943709688034739,0.1076908108108107,0.0031483644859811905,0.0862887323943662,0.08191081081081074,0.010779999999999958,0.015,0.0,0.0,0.0
4.322758,75,4911.423932,medium,1.0,4.0,3,744,8,4,4,4,4,0,0,0,0,0.07959501557632419,0.041441441441441434,0.1413333333333336,1.0000000000000016,0.9999999999999961,5,True,75,0.04906690140845071,0.10215843150805147,0.2949999999999998,0.02785825545171346,0.07430017605633801,0.12000000000000018,0.09999999999999962,0.025,0.05,0.0,0.0
4.323572,89,4940.718755,medium,1.0,4.0,3,882,8,4,4,4,4,0,0,0,0,0.04792056074766262,0.0,0.05600000000000035,1.0,0.9999999999999972,5,True,91,0.07598591549295775,0.11677219626168192,0.2949999999999997,0.01677219626168192,0.1,0.11999999999999997,0.09999999999999973,0.025,0.05,0.0,0.0
1.980479,90,4971.005869,medium,0.8114641744548278,1.8114641744548279,1,900,8,4,4,4,4,0,0,0,0,0.0453037383177561,0.0004729729729729783,0.09939999999999591,0.5195945945945946,0.962733333333329,2,False,70,0.052711267605633806,0.09038975911543998,0.16862468468468428,0.015856308411214635,0.07453345070422535,0.06235135135135135,0.09627333333333292,0.01,0.0,0.0,0.0
1.73722,84,4999.42184,medium,0.6214096573208717,1.6214096573208718,1,834,8,4,4,4,4,0,0,0,0,0.0328738317757003,0.0,0.030799999999998672,0.5405405405405406,0.13346666666666535,3,False,88,0.06732394366197184,0.10599879886797399,0.09321153153153137,0.011505841121495107,0.09449295774647888,0.06486486486486484,0.013346666666666535,0.015,0.0,0.0,0.0
3.088231,90,5029.466194,medium,0.8062305295950156,2.8062305295950156,2,900,8,4,4,4,4,0,0,0,0,0.01634735202492211,0.04727477477477474,0.0,0.829279279279277,1.0,4,True,87,0.07102112676056338,0.10248741827914526,0.26951351351351327,0.005721573208722737,0.09676584507042252,0.09951351351351326,0.09999999999999999,0.02,0.05,0.0,0.0
4.294322,81,5060.866054,medium,1.0,4.0,3,809,8,4,4,4,4,0,0,0,0,0.028450155763239345,0.043018018018018064,0.058099999999997494,0.999999999999998,1.0,5,True,65,0.05035211267605634,0.08022163902417602,0.29499999999999976,0.00995755451713377,0.07026408450704225,0.11999999999999975,0.1,0.025,0.05,0.0,0.0
3.069677,90,5089.918094,medium,0.8144080996884735,2.8144080996884737,2,900,8,4,4,4,4,0,0,0,0,0.02518691588785002,0.037364864864865094,0.052499999999997736,0.8686936936936919,1.0,4,True,57,0.044947183098591546,0.07102580788469116,0.27424324324324306,0.008815420560747507,0.06221038732394366,0.10424324324324304,0.1,0.02,0.05,0.0,0.0
2.888695,90,5120.73002,medium,0.7000778816199377,2.700077881619938,2,900,8,4,4,4,4,0,0,0,0,0.02861370716510793,0.005180180180180182,0.11479999999999528,0.5380630630630628,0.9999999999999997,1,True,48,0.033380281690140845,0.05905000877539341,0.2195675675675675,0.010014797507787774,0.049035211267605634,0.06456756756756754,0.09999999999999999,0.005,0.05,0.0,0.0
3.020331,75,5145.443834,medium,0.7401869158878505,2.7401869158878505,2,749,8,4,4,4,4,0,0,0,0,0.03302180685358268,0.06238738738738745,0.04900000000000027,0.6540540540540523,0.9999999999999976,3,True,106,0.09147887323943663,0.11155763239875394,0.24348648648648602,0.011557632398753938,0.1,0.07848648648648628,0.09999999999999977,0.015,0.05,0.0,0.0
3.084202,90,5175.745819,medium,0.8028816199376947,2.8028816199376947,2,900,8,4,4,4,4,0,0,0,0,0.03520249221183807,0.0,0.15066666666666692,0.7833333333333333,0.9999999999999961,3,True,99,0.0871830985915493,0.11232087227414334,0.25899999999999956,0.012320872274143323,0.1,0.09399999999999997,0.09999999999999962,0.015,0.05,0.0,0.0
3.08796,89,5205.316983,medium,0.8311526479750779,2.831152647975078,2,889,8,4,4,4,4,0,0,0,0,0.016214953271027458,0.00810810810810811,0.0,0.7957207207207204,1.0,3,True,58,0.0673943661971831,0.08522100829274694,0.2604864864864864,0.005675233644859609,0.07954577464788733,0.09548648648648643,0.1,0.015,0.05,0.0,0.0
0.506225,85,5238.560682,medium,0.45841121495327103,0.45841121495327103,0,844,8,4,4,4,4,0,0,0,0,0.0062149532710280495,0.0,0.0,0.5148648648648648,0.0,2,False,54,0.041672535211267604,0.060429635053310525,0.07178378378378376,0.002175233644859817,0.05825440140845071,0.06178378378378377,0.0,0.01,0.0,0.0,0.0
4.275695,72,5261.160678,medium,1.0,4.0,3,712,7,3,4,3,4,0,0,0,1,0.011612149532710347,0.03358108108108127,0.0,1.000000000000002,1.0,5,True,72,0.05577464788732395,0.051895238251941575,0.2950000000000002,0.004064252336448621,0.07783098591549295,0.12000000000000022,0.09999999999999999,0.025,0.05,0.0,0.03
1.805235,85,5289.791115,medium,0.6502803738317745,1.6502803738317744,1,845,8,4,4,4,4,0,0,0,0,0.03679906542055962,0.027905405405405547,0.11619999999999499,0.6396396396396383,0.5035333333333283,3,False,69,0.06661971830985916,0.09734446162959023,0.14211009009008946,0.012879672897195868,0.08446478873239437,0.07675675675675661,0.050353333333332834,0.015,0.0,0.0,0.0
3.147923,90,5320.041273,medium,0.9034267912772586,2.9034267912772584,2,900,8,4,4,4,4,0,0,0,0,0.0052336448598130775,0.009459459459459446,0.0,0.7207207207207204,1.0,4,True,66,0.05757042253521127,0.07800959260234304,0.2564864864864864,0.001831775700934577,0.07617781690140846,0.08648648648648641,0.1,0.02,0.05,0.0,0.0
2.943486,78,5345.603966,medium,0.6975077881619938,2.6975077881619938,2,771,8,4,4,4,4,0,0,0,0,0.030747663551401544,0.0,0.1245999999999989,0.5306306306306307,0.9999999999999959,2,True,82,0.06352112676056337,0.09940252731341308,0.2236756756756753,0.010761682242990539,0.08864084507042254,0.06367567567567567,0.09999999999999962,0.01,0.05,0.0,0.0
3.237785,90,5375.016793,medium,0.9399532710280374,2.9399532710280374,2,900,8,4,4,4,4,0,0,0,0,0.053341121495326056,0.0,0.2022999999999955,0.8263513513513514,0.9999999999999961,4,True,155,0.13911971830985914,0.11866939252336413,0.26916216216216177,0.01866939252336412,0.1,0.09916216216216214,0.09999999999999962,0.02,0.05,0.0,0.0
4.196183,80,5406.047055,medium,1.0,4.0,3,797,6,4,2,4,2,0,0,0,2,0.04808411214953119,0.03594594594594599,0.15259999999999344,1.000000000000002,1.0,5,True,25,0.015404929577464789,-0.01911686356456549,0.29500000000000026,0.016829439252335918,0.02405369718309859,0.12000000000000023,0.1,0.025,0.05,0.0,0.06
3.267769,87,5434.04294,medium,0.9614096573208718,2.9614096573208717,2,870,8,4,4,4,4,0,0,0,0,0.025350467289719222,0.0,0.0,0.9540540540540541,1.0,4,True,122,0.1159330985915493,0.10887266355140174,0.28448648648648645,0.00887266355140173,0.1,0.11448648648648647,0.09999999999999999,0.02,0.05,0.0,0.0
1.787543,90,5463.749583,medium,0.6296728971962616,1.6296728971962615,1,900,8,4,4,4,4,0,0,0,0,0.023387850467289847,0.06763513513513551,0.0,0.7862612612612586,0.30333333333333334,3,False,123,0.10197183098591549,0.10818574766355145,0.13968468468468437,0.008185747663551447,0.1,0.09435135135135102,0.030333333333333334,0.015,0.0,0.0,0.0
3.036326,75,5489.006381,medium,0.7723364485981306,2.7723364485981303,2,741,8,4,4,4,4,0,0,0,0,0.014719626168223872,0.01371621621621623,0.0,0.6078153153153147,1.0,2,True,91,0.08063380281690141,0.10515186915887836,0.23293783783783778,0.005151869158878356,0.1,0.07293783783783776,0.09999999999999999,0.01,0.05,0.0,0.0
4.280782,88,5518.357003,medium,1.0,4.0,3,871,8,4,4,4,4,0,0,0,0,0.05380841121495194,0.0,0.23029999999999431,1.0,0.9999999999999961,5,True,50,0.03873239436619718,0.07288223969988106,0.2949999999999996,0.01883294392523318,0.05404929577464788,0.11999999999999998,0.0999999999999996,0.025,0.05,0.0,0.0
1.952212,81,5545.196004,medium,0.7503115264797507,1.7503115264797509,1,804,8,4,4,4,4,0,0,0,0,0.015537383177570202,0.0,0.0,0.8198198198198198,0.7653333333333333,4,False,72,0.06126760563380282,0.0873887883375017,0.1949117117117117,0.005438084112149571,0.08195070422535213,0.09837837837837839,0.07653333333333333,0.02,0.0,0.0,0.0
3.117651,90,5580.165791,medium,0.8933021806853583,2.8933021806853585,2,900,8,4,4,4,4,0,0,0,0,0.03271028037383124,0.013716216216216198,0.11969999999999775,0.74054054054054,0.9999999999999972,3,True,48,0.033380281690140845,0.06048380939844657,0.2538648648648645,0.011448598130840933,0.049035211267605634,0.08886486486486478,0.09999999999999973,0.015,0.05,0.0,0.0
4.321195,81,5606.261298,medium,1.0,4.0,3,808,8,4,4,4,4,0,0,0,0,0.025841121495326934,0.05060810810810848,0.0,0.9999999999999976,1.0,5,True,89,0.07126760563380281,0.10699509674871654,0.2949999999999997,0.009044392523364427,0.09795070422535213,0.1199999999999997,0.1,0.025,0.05,0.0,0.0
1.611497,90,5635.734274,medium,0.5132554517133955,1.5132554517133956,1,900,8,4,4,4,4,0,0,0,0,0.00899532710280335,0.0,0.015399999999999336,0.5385135135135135,0.19973333333333268,2,False,77,0.06933098591549296,0.09364660392260088,0.09459495495495487,0.0031483644859811727,0.0904982394366197,0.0646216216216216,0.01997333333333327,0.01,0.0,0.0,0.0
3.25014,90,5663.686799,medium,0.9402647975077881,2.9402647975077882,2,900,8,4,4,4,4,0,0,0,0,0.10172897196261563,0.0037837837837837855,0.22329999999999434,0.8272522522522521,0.9999999999999962,3,True,109,0.08225352112676056,0.13560514018691547,0.26427027027026984,0.03560514018691547,0.1,0.09927027027027023,0.09999999999999963,0.015,0.05,0.0,0.0
4.217047,83,5689.074094,medium,1.0,4.0,3,827,7,4,3,4,3,0,0,0,1,0.006619937694704065,0.018918918918918965,0.0,1.000000000000003,1.0,5,True,30,0.02323943661971831,0.004746555657935157,0.2950000000000004,0.002316978193146423,0.032429577464788736,0.12000000000000034,0.1,0.025,0.05,0.0,0.03
3.21691,90,5716.455186,medium,0.9299065420560748,2.9299065420560746,2,900,8,4,4,4,4,0,0,0,0,0.0466510903426792,0.0,0.19966666666666696,0.7972972972972973,0.9999999999999961,3,True,120,0.10225352112676056,0.11632788161993772,0.26067567567567523,0.016327881619937718,0.1,0.09567567567567566,0.0999999999999996,0.015,0.05,0.0,0.0
3.110898,90,5748.153934,medium,0.8313084112149532,2.831308411214953,2,900,8,4,4,4,4,0,0,0,0,0.009968847352024926,0.028828828828828843,0.0,0.8954954954954941,1.0,4,True,82,0.06352112676056337,0.09212994164363127,0.27745945945945927,0.003489096573208724,0.08864084507042254,0.10745945945945928,0.09999999999999999,0.02,0.05,0.0,0.0
4.228628,71,5769.8385,medium,1.0,4.0,3,705,6,2,4,2,4,0,0,0,2,0.004088785046728967,0.0018918918918918936,0.0,1.0000000000000004,1.0,5,True,58,0.044929577464788734,0.004128257864946694,0.29500000000000004,0.0014310747663551385,0.06269718309859156,0.12000000000000004,0.1,0.025,0.05,0.0,0.06
3.156521,90,5797.195251,medium,0.8400311526479751,2.840031152647975,2,900,8,4,4,4,4,0,0,0,0,0.06672897196261485,0.0028378378378377156,0.19879999999999395,0.9427927927927928,0.9999999999999974,4,True,104,0.08584507042253521,0.1233551401869152,0.28313513513513483,0.02335514018691519,0.1,0.11313513513513511,0.09999999999999974,0.02,0.05,0.0,0.0
3.252484,90,5824.754037,medium,0.9682242990654205,2.9682242990654206,2,900,8,4,4,4,4,0,0,0,0,0.029953271028037638,0.03358108108108127,0.0,0.9081081081081065,1.0,4,True,72,0.06507042253521127,0.09528646176122162,0.27897297297297274,0.01048364485981317,0.08480281690140845,0.10897297297297277,0.09999999999999999,0.02,0.05,0.0,0.0
2.15947,90,5851.36906,medium,0.9244548286604362,1.9244548286604362,1,900,8,4,4,4,4,0,0,0,0,0.035280373831775215,0.05135135135135135,0.0,1.0000000000000004,0.6766666666666666,5,False,122,0.1101056338028169,0.11234813084112133,0.2126666666666667,0.012348130841121328,0.1,0.12000000000000004,0.06766666666666667,0.025,0.0,0.0,0.0
4.295896,82,5876.535615,medium,1.0,4.0,3,817,8,4,4,4,4,0,0,0,0,0.046471962616822585,0.009459459459459564,0.0,0.9999999999999996,1.0,5,True,64,0.045774647887323945,0.08259617283138085,0.295,0.0162651869158879,0.06633098591549295,0.11999999999999995,0.1,0.025,0.05,0.0,0.0
2.96832,90,5908.068911,medium,0.7242211838006231,2.724221183800623,2,900,8,4,4,4,4,0,0,0,0,0.02436137071651059,0.009909909909909911,0.04269999999999816,0.6078828828828825,1.0,2,True,83,0.06816901408450704,0.10115324031415897,0.23294594594594586,0.008526479750778705,0.09262676056338026,0.07294594594594589,0.09999999999999999,0.01,0.05,0.0,0.0
2.848179,90,5935.933026,medium,0.6076323987538941,2.607632398753894,2,900,8,4,4,4,4,0,0,0,0,0.005560747663551162,0.0,0.023799999999998975,0.6351351351351351,1.0,3,True,76,0.0658450704225352,0.08933006449914432,0.2412162162162162,0.0019462616822429064,0.08738380281690142,0.07621621621621619,0.1,0.015,0.05,0.0,0.0
1.716762,90,5963.062681,medium,0.6161993769470405,1.6161993769470406,1,900,8,4,4,4,4,0,0,0,0,0.021915887850467417,0.04304054054054079,0.0,0.5657657657657651,0.0,3,False,92,0.07676056338028169,0.1076705607476636,0.08289189189189178,0.007670560747663594,0.1,0.06789189189189178,0.0,0.015,0.0,0.0,0.0
4.308836,82,5988.071795,medium,1.0,4.0,3,813,8,4,4,4,4,0,0,0,0,0.030911214953270857,0.0,0.0,1.0,1.0,5,True,78,0.06042253521126761,0.09513582664209551,0.29499999999999993,0.010818925233644801,0.0843169014084507,0.11999999999999995,0.09999999999999999,0.025,0.05,0.0,0.0
3.241127,90,6015.53623,medium,0.9502336448598131,2.950233644859813,2,900,8,4,4,4,4,0,0,0,0,0.05348130841121376,0.008040540540540628,0.21699999999999478,0.8560810810810807,0.9999999999999961,4,True,90,0.05926056338028169,0.10816388047913608,0.2727297297297293,0.018718457943924814,0.08944542253521126,0.1027297297297297,0.09999999999999962,0.02,0.05,0.0,0.0
3.124988,88,6042.38357,medium,0.8687694704049844,2.8687694704049846,2,874,8,4,4,4,4,0,0,0,0,0.026168224299065294,0.0,0.11199999999999945,0.6204954954954955,0.9999999999999959,2,True,92,0.07524647887323943,0.10915887850467286,0.23445945945945906,0.009158878504672851,0.1,0.07445945945945945,0.09999999999999962,0.01,0.05,0.0,0.0
4.184858,63,6066.035533,medium,1.0,4.0,3,624,4,1,3,1,3,0,0,0,4,0.013574766355140273,0.0,0.0,1.0,1.0,5,True,56,0.05267605633802817,-0.04774178952217978,0.295,0.004751168224299096,0.06750704225352112,0.12,0.1,0.025,0.05,0.0,0.12
3.071261,90,6092.794817,medium,0.8711915887850468,2.871191588785047,2,900,8,4,4,4,4,0,0,0,0,0.0659112149532701,0.0004729729729729783,0.20509999999999542,0.6608333333333333,0.9999999999999959,3,True,21,0.016267605633802817,0.04576962945899665,0.24429999999999957,0.023068925233644535,0.022700704225352114,0.0793,0.09999999999999959,0.015,0.05,0.0,0.0
4.278193,90,6119.397887,medium,1.0,4.0,3,892,8,4,4,4,4,0,0,0,0,0.033878504672897276,0.004729729729729782,0.0,1.0,1.0,5,True,56,0.04338028169014085,0.07239268790311967,0.29499999999999993,0.011857476635514045,0.06053521126760563,0.11999999999999994,0.1,0.025,0.05,0.0,0.0
3.210638,90,6146.915471,medium,0.9201713395638629,2.920171339563863,2,900,8,4,4,4,4,0,0,0,0,0.06568535825545056,0.041441441441441434,0.2197999999999948,0.8229729729729709,0.9999999999999959,4,True,82,0.06362676056338028,0.1117099458119429,0.2687567567567561,0.022989875389407693,0.08872007042253521,0.09875675675675649,0.09999999999999959,0.02,0.05,0.0,0.0
4.3079,88,6174.101073,medium,1.0,4.0,3,871,8,4,4,4,4,0,0,0,0,0.0,0.0,0.0,1.0,1.0,5,True,120,0.09464788732394366,0.1,0.29499999999999993,0.0,0.1,0.11999999999999995,0.09999999999999999,0.025,0.05,0.0,0.0
4.281972,87,6200.474255,medium,1.0,4.0,3,870,8,4,4,4,4,0,0,0,0,0.004415887850467182,0.007094594594594288,0.0,1.0,1.0,5,True,67,0.05190140845070423,0.0739716170856917,0.295,0.0015455607476635136,0.07242605633802818,0.11999999999999997,0.1,0.025,0.05,0.0,0.0
2.936857,90,6232.737535,medium,0.6496105919003116,2.6496105919003115,2,900,8,4,4,4,4,0,0,0,0,0.04726635514018633,0.0,0.13719999999999696,0.7975225225225225,0.9999999999999971,3,True,143,0.12176056338028168,0.11654322429906522,0.2607027027027024,0.016543224299065212,0.1,0.09570270270270267,0.09999999999999973,0.015,0.05,0.0,0.0
0.573347,84,6258.065582,medium,0.4523364485981303,0.4523364485981303,0,831,8,4,4,4,4,0,0,0,0,0.0317289719626163,0.008513513513513557,0.05739999999999783,0.44139639639639605,0.6827333333333309,2,False,48,0.05035211267605634,0.07286922469395796,0.1312409009009006,0.011105140186915705,0.06176408450704225,0.052967567567567514,0.06827333333333309,0.01,0.0,0.0,0.0
4.308016,89,6285.424336,medium,1.0,4.0,3,889,8,4,4,4,4,0,0,0,0,0.0699766355140188,0.041441441441441434,0.13666666666666694,0.999999999999998,0.9999999999999961,5,True,78,0.051232394366197184,0.10191611820455447,0.2949999999999994,0.02449182242990658,0.07742429577464789,0.11999999999999975,0.09999999999999963,0.025,0.05,0.0,0.0
4.253025,76,6308.721139,medium,1.0,4.0,3,752,6,4,2,4,2,0,0,0,2,0.06323208722741402,0.10576576576576588,0.0,0.9999999999999992,1.0,5,True,59,0.05545774647887324,0.033224540388749835,0.2949999999999999,0.0221312305295949,0.07109330985915494,0.11999999999999988,0.1,0.025,0.05,0.0,0.06
4.209685,70,6330.27131,medium,1.0,4.0,3,700,5,2,3,2,3,0,0,0,3,0.014330218068535823,0.041441441441441434,0.0,1.0000000000000016,1.0,5,True,58,0.054225352112676053,-0.015315409591505416,0.2950000000000002,0.005015576323987538,0.06966901408450704,0.1200000000000002,0.1,0.025,0.05,0.0,0.09
4.199244,69,6351.280295,medium,1.0,4.0,3,690,5,1,4,1,4,0,0,0,3,0.0008177570093458035,0.0023648648648648915,0.0,1.0,1.0,5,True,60,0.043943661971830986,-0.02675603856785573,0.29500000000000004,0.00028621495327103125,0.06295774647887324,0.12000000000000001,0.1,0.025,0.05,0.0,0.09
4.301456,77,6374.754667,medium,1.0,4.0,3,764,8,4,4,4,4,0,0,0,0,0.03485981308411215,0.0037837837837836207,0.0056000000000000025,1.0,0.9999999999999997,5,True,68,0.04887323943661972,0.08285586415690405,0.295,0.012200934579439254,0.07065492957746479,0.11999999999999998,0.09999999999999998,0.025,0.05,0.0,0.0
4.293586,82,6404.520717,medium,1.0,4.0,3,812,8,4,4,4,4,0,0,0,0,0.04285046728971951,0.03925675675675701,0.09590000000000001,0.999999999999998,0.9999999999999959,5,True,55,0.04971830985915493,0.07978639594576802,0.2949999999999994,0.014997663551401825,0.0647887323943662,0.11999999999999977,0.09999999999999959,0.025,0.05,0.0,0.0
0.572639,75,6427.305867,medium,0.473239875389408,0.473239875389408,0,747,8,4,4,4,4,0,0,0,0,0.0022897196261681256,0.0,0.0,0.5274774774774775,0.0,2,False,110,0.09612676056338028,0.10080140186915885,0.07329729729729731,0.0008014018691588438,0.1,0.06329729729729731,0.0,0.01,0.0,0.0,0.0
3.250981,90,6455.12416,medium,0.9475077881619938,2.9475077881619938,2,900,8,4,4,4,4,0,0,0,0,0.061970404984423175,0.04819819819819819,0.13789999999999833,0.8481981981981962,0.9999999999999959,4,True,96,0.09295774647887324,0.12168964174454812,0.27178378378378315,0.02168964174454811,0.1,0.10178378378378353,0.09999999999999962,0.02,0.05,0.0,0.0
3.224387,90,6481.843108,medium,0.962772585669782,2.962772585669782,2,900,8,4,4,4,4,0,0,0,0,0.027640186915887658,0.0,0.0,0.8923423423423423,1.0,4,True,60,0.04647887323943662,0.07453322035013814,0.27708108108108104,0.009674065420560679,0.06485915492957746,0.10708108108108103,0.1,0.02,0.05,0.0,0.0
1.810808,87,6508.03787,medium,0.6781931464174449,1.6781931464174449,1,866,8,4,4,4,4,0,0,0,0,0.0428504672897188,0.0014189189189189196,0.048999999999997886,0.5731981981981982,0.2543333333333312,2,False,105,0.08144366197183099,0.11499766355140159,0.10421711711711688,0.014997663551401579,0.1,0.06878378378378376,0.025433333333333124,0.01,0.0,0.0,0.0
3.242209,90,6535.607075,medium,0.9502336448598131,2.950233644859813,2,900,8,4,4,4,4,0,0,0,0,0.03880062305295934,0.0,0.11566666666666689,0.856081081081081,0.9999999999999962,4,True,82,0.07288732394366197,0.10924571102628226,0.27272972972972936,0.013580218068535767,0.0956654929577465,0.10272972972972973,0.09999999999999963,0.02,0.05,0.0,0.0
3.26809,90,6567.078696,medium,0.9731308411214953,2.9731308411214954,2,900,8,4,4,4,4,0,0,0,0,0.03384735202492216,0.097882882882883,0.0,0.9222972972972929,1.0,4,True,71,0.07591549295774648,0.10428319292703261,0.28067567567567514,0.011846573208722752,0.09243661971830987,0.11067567567567514,0.1,0.02,0.05,0.0,0.0
4.276745,68,6587.492503,medium,1.0,4.0,3,677,6,2,4,2,4,0,0,0,2,0.02698598130841107,0.0014189189189189196,0.0,1.0,1.0,5,True,120,0.10996478873239436,0.04944509345794387,0.295,0.009445093457943872,0.1,0.12,0.1,0.025,0.05,0.0,0.06
3.16769,90,6614.61875,medium,0.8535514018691589,2.853551401869159,2,900,8,4,4,4,4,0,0,0,0,0.046604361370716135,0.04112612612612615,0.1385999999999983,0.9818918918918901,0.9999999999999959,4,True,93,0.09063380281690141,0.11631152647975065,0.28782702702702645,0.016311526479750645,0.1,0.11782702702702683,0.0999999999999996,0.02,0.05,0.0,0.0
4.115237,65,6634.279722,medium,1.0,4.0,3,648,1,1,0,1,0,0,0,0,7,0.014392523364486032,0.04162162162162177,0.0,1.0000000000000018,1.0,5,True,0,0.0,-0.11496261682242989,0.2950000000000002,0.005037383177570111,0.0,0.12000000000000022,0.1,0.025,0.05,0.0,0.12
1.895574,90,6661.384734,medium,0.7345638629283483,1.7345638629283484,1,900,8,4,4,4,4,0,0,0,0,0.061985981308410106,0.0,0.06859999999999704,0.5385135135135135,0.5469333333333304,2,False,104,0.08535211267605634,0.12169509345794355,0.12931495495495468,0.02169509345794354,0.1,0.06462162162162163,0.05469333333333303,0.01,0.0,0.0,0.0
3.212319,89,6688.56928,medium,0.9524922118380063,2.952492211838006,2,881,8,4,4,4,4,0,0,0,0,0.017009345794391947,0.0,0.05039999999999851,0.8626126126126126,0.9999999999999994,4,True,55,0.05461267605633803,0.0744127780702907,0.2735135135135135,0.0059532710280371815,0.06845950704225352,0.10351351351351352,0.09999999999999995,0.02,0.05,0.0,0.0
3.003422,90,6720.801575,medium,0.7788940809968847,2.778894080996885,2,900,8,4,4,4,4,0,0,0,0,0.016355140186916015,0.0,0.0,0.5484234234234234,1.0,3,True,70,0.057323943661971834,0.08371725681189947,0.23081081081081078,0.005724299065420604,0.07799295774647887,0.0658108108108108,0.09999999999999999,0.015,0.05,0.0,0.0
3.235738,90,6747.490881,medium,0.9630140186915888,2.963014018691589,2,900,8,4,4,4,4,0,0,0,0,0.006214953271028041,0.01797297297297298,0.0,0.8930405405405397,1.0,4,True,68,0.0658450704225352,0.08555903646176125,0.27716486486486475,0.002175233644859814,0.08338380281690143,0.10716486486486475,0.1,0.02,0.05,0.0,0.0
3.052769,90,6774.346037,medium,0.7859813084112149,2.785981308411215,2,900,8,4,4,4,4,0,0,0,0,0.029244548286603694,0.022702702702702762,0.06789999999999707,0.7864864864864854,1.0,3,True,83,0.06089788732394366,0.09740900739326903,0.25937837837837824,0.010235591900311291,0.08717341549295775,0.09437837837837824,0.1,0.015,0.05,0.0,0.0
4.300626,78,6798.10749,medium,1.0,4.0,3,773,8,4,4,4,4,0,0,0,0,0.05161993769470412,0.07786036036036076,0.0,0.9999999999999998,1.0,5,True,60,0.04647887323943662,0.0829261331227239,0.295,0.018066978193146437,0.06485915492957746,0.11999999999999997,0.1,0.025,0.05,0.0,0.0
3.268308,80,6821.855333,medium,0.9757009345794393,2.9757009345794394,2,796,8,4,4,4,4,0,0,0,0,0.040498442367601306,0.0,0.0,0.9297297297297298,1.0,3,True,78,0.05661971830985915,0.09563924356105483,0.2765675675675675,0.014174454828660457,0.08146478873239436,0.11156756756756751,0.1,0.015,0.05,0.0,0.0
1.910322,89,6849.043897,medium,0.7423286604361362,1.742328660436136,1,882,8,4,4,4,4,0,0,0,0,0.02441588785046648,0.016216216216216224,0.08049999999999652,0.5405405405405399,0.6778333333333298,3,False,101,0.08373239436619719,0.10854556074766328,0.1476481981981978,0.008545560747663269,0.1,0.0648648648648648,0.06778333333333299,0.015,0.0,0.0,0.0
4.156014,70,6875.318035,medium,1.0,4.0,3,700,5,4,1,4,1,0,0,0,3,0.03224299065420567,0.0,0.0,1.0,1.0,5,True,9,0.006971830985915493,-0.0689860800315914,0.295,0.011285046728971983,0.00972887323943662,0.11999999999999998,0.1,0.025,0.05,0.0,0.09
4.265151,85,6900.829709,medium,1.0,4.0,3,848,8,4,4,4,4,0,0,0,0,0.030373831775700997,0.0,0.1133333333333336,1.0,0.9999999999999961,5,True,41,0.03176056338028169,0.05495126365670662,0.2949999999999996,0.010630841121495347,0.04432042253521127,0.11999999999999997,0.09999999999999963,0.025,0.05,0.0,0.0
3.097792,90,6928.173106,medium,0.8150311526479751,2.815031152647975,2,900,8,4,4,4,4,0,0,0,0,0.07474299065420444,0.0605405405405409,0.23029999999999431,0.8704954954954925,0.9999999999999961,4,True,64,0.05352112676056338,0.09830089179939411,0.2744594594594587,0.026160046728971556,0.07214084507042255,0.1044594594594591,0.0999999999999996,0.02,0.05,0.0,0.0
3.287681,90,6955.677122,medium,0.9753115264797507,2.975311526479751,2,900,8,4,4,4,4,0,0,0,0,0.05982087227414351,0.041441441441441434,0.05670000000000036,0.9286036036036015,0.9999999999999971,4,True,112,0.09299295774647888,0.12093730529595023,0.2814324324324319,0.02093730529595023,0.1,0.11143243243243217,0.0999999999999997,0.02,0.05,0.0,0.0
3.110937,90,6983.034348,medium,0.8171339563862928,2.817133956386293,2,900,8,4,4,4,4,0,0,0,0,0.024610591900311587,0.0,0.0,0.8765765765765766,1.0,4,True,111,0.09193661971830985,0.10861370716510906,0.27518918918918917,0.008613707165109055,0.1,0.10518918918918917,0.1,0.02,0.05,0.0,0.0
3.105825,82,7007.818209,medium,0.8087071651090342,2.808707165109034,2,811,8,4,4,4,4,0,0,0,0,0.01700934579439259,0.02743243243243257,0.0,0.8522072072072061,1.0,4,True,115,0.10387323943661972,0.10595327102803741,0.2722648648648648,0.005953271028037405,0.1,0.10226486486486476,0.1,0.02,0.05,0.0,0.0
1.710111,90,7040.713828,medium,0.6389408099688474,1.6389408099688474,1,900,8,4,4,4,4,0,0,0,0,0.004252336448598124,0.0,0.0,0.6315315315315315,0.0,2,False,71,0.05119718309859155,0.075386205080953,0.08578378378378378,0.001488317757009343,0.07389788732394366,0.07578378378378378,0.0,0.01,0.0,0.0,0.0
3.073347,90,7070.403849,medium,0.802803738317757,2.802803738317757,2,900,8,4,4,4,4,0,0,0,0,0.00016355140186915892,0.0,0.0,0.7957207207207208,1.0,3,True,107,0.09213028169014084,0.10005724299065422,0.2604864864864865,5.724299065420562e-05,0.1,0.09548648648648649,0.1,0.015,0.05,0.0,0.0
4.295928,89,7097.27785,medium,1.0,4.0,3,881,8,4,4,4,4,0,0,0,0,0.04276479750778798,0.0,0.007699999999999997,1.0,0.9999999999999997,5,True,54,0.06274647887323943,0.08902753828265537,0.295,0.014967679127725788,0.07405985915492959,0.11999999999999998,0.09999999999999998,0.025,0.05,0.0,0.0
1.667456,89,7123.520219,medium,0.562733644859813,1.562733644859813,1,885,8,4,4,4,4,0,0,0,0,0.029439252336448486,0.008513513513513503,0.0,0.6076576576576573,0.0,2,False,182,0.15908450704225352,0.11030373831775697,0.08291891891891887,0.010303738317756972,0.1,0.07291891891891887,0.0,0.01,0.0,0.0,0.0
4.327434,83,7148.295652,medium,1.0,4.0,3,821,8,4,4,4,4,0,0,0,0,0.07375389408099577,0.009909909909909911,0.18899999999999575,0.9999999999999996,0.9999999999999963,5,True,82,0.06362676056338028,0.11453393335088373,0.2949999999999996,0.025813862928348513,0.08872007042253521,0.11999999999999994,0.09999999999999964,0.025,0.05,0.0,0.0
4.309523,77,7171.17259,medium,1.0,4.0,3,761,8,4,4,4,4,0,0,0,0,0.04679906542056088,0.05250000000000029,0.0,1.0000000000000002,1.0,5,True,70,0.05232394366197183,0.09062263064367518,0.295,0.016379672897196308,0.07424295774647888,0.12000000000000001,0.09999999999999999,0.025,0.05,0.0,0.0
4.122833,71,7197.010412,medium,1.0,4.0,3,710,4,4,0,4,0,0,0,0,4,0.05380841121495194,0.0,0.23029999999999431,1.0,0.9999999999999961,5,True,0,0.0,-0.10116705607476681,0.2949999999999996,0.01883294392523318,0.0,0.11999999999999998,0.09999999999999962,0.025,0.05,0.0,0.12
4.304124,83,7221.836783,medium,1.0,4.0,3,823,8,4,4,4,4,0,0,0,0,0.05119158878504646,0.0,0.1070999999999994,1.0,0.9999999999999962,5,True,68,0.05267605633802817,0.09142409832828739,0.2949999999999996,0.01791705607476626,0.07350704225352113,0.11999999999999997,0.09999999999999962,0.025,0.05,0.0,0.0
3.202187,90,7249.404741,medium,0.9376947040498442,2.9376947040498442,2,900,8,4,4,4,4,0,0,0,0,0.04698598130841142,0.042792792792792786,0.03010000000000009,0.8198198198198177,0.9999999999999987,4,True,58,0.054225352112676053,0.08611410754245104,0.26837837837837797,0.016445093457943993,0.06966901408450704,0.09837837837837812,0.09999999999999987,0.02,0.05,0.0,0.0
4.16335,63,7268.123311,medium,1.0,4.0,3,627,3,1,2,1,2,0,0,0,5,0.008504672897196298,0.0,0.0,1.0,1.0,5,True,47,0.032764084507042254,-0.0689503011056996,0.295,0.0029766355140187044,0.048073063380281694,0.12,0.1,0.025,0.05,0.0,0.12
3.071855,82,7293.054076,medium,0.8111448598130838,2.811144859813084,2,814,8,4,4,4,4,0,0,0,0,0.005724299065420349,0.0018918918918919131,0.0,0.7752252252252252,1.0,3,True,74,0.0601056338028169,0.08408273002500978,0.258027027027027,0.002003504672897122,0.08207922535211266,0.093027027027027,0.1,0.015,0.05,0.0,0.0
4.285868,88,7319.228102,medium,1.0,4.0,3,880,8,4,4,4,4,0,0,0,0,0.03025700934579468,0.034527027027027285,0.0,0.9999999999999981,1.0,5,True,68,0.04570422535211267,0.07886812228511264,0.29499999999999976,0.010589953271028137,0.06827816901408451,0.11999999999999976,0.1,0.025,0.05,0.0,0.0
3.250773,90,7350.773745,medium,0.9458722741433022,2.9458722741433023,2,900,8,4,4,4,4,0,0,0,0,0.06767133956386237,0.008333333333333335,0.07769999999999665,0.8434684684684686,1.0,4,True,96,0.07605633802816901,0.12368496884735183,0.2712162162162162,0.023684968847351825,0.1,0.1012162162162162,0.1,0.02,0.05,0.0,0.0
1.765101,78,7374.259688,medium,0.6411214953271028,1.641121495327103,1,780,8,4,4,4,4,0,0,0,0,0.02355140186915882,0.0,0.0,0.38085585585585585,0.38033333333333336,2,False,126,0.11471830985915493,0.10824299065420559,0.09373603603603602,0.008242990654205584,0.1,0.04570270270270269,0.038033333333333336,0.01,0.0,0.0,0.0
3.161257,90,7401.630068,medium,0.9010903426791277,2.9010903426791277,2,900,8,4,4,4,4,0,0,0,0,0.004742990654205601,0.013716216216216198,0.0,0.8749999999999993,1.0,4,True,68,0.05267605633802817,0.0751670889824931,0.2749999999999999,0.0016600467289719604,0.07350704225352113,0.1049999999999999,0.1,0.02,0.05,0.0,0.0
3.194544,90,7429.22554,medium,0.9485981308411215,2.9485981308411215,2,900,8,4,4,4,4,0,0,0,0,0.0,0.0,0.0,0.8513513513513513,1.0,4,True,56,0.0477112676056338,0.06378345070422535,0.27216216216216216,0.0,0.06378345070422535,0.10216216216216213,0.1,0.02,0.05,0.0,0.0
3.234373,90,7456.379864,medium,0.9456853582554517,2.9456853582554516,2,900,8,4,4,4,4,0,0,0,0,0.03581775700934601,0.05959459459459465,0.0,0.8429279279279254,1.0,3,True,82,0.08218309859154929,0.11253621495327111,0.26615135135135104,0.012536214953271103,0.1,0.10115135135135102,0.1,0.015,0.05,0.0,0.0
2.080762,90,7483.492247,medium,0.874657320872274,1.874657320872274,1,900,8,4,4,4,4,0,0,0,0,0.021915887850467265,0.023175675675675765,0.011199999999999518,0.9256756756756747,0.5735333333333329,4,False,93,0.08133802816901409,0.10767056074766355,0.18843441441441422,0.007670560747663543,0.1,0.11108108108108095,0.057353333333333284,0.02,0.0,0.0,0.0
1.874033,90,7514.640303,medium,0.7268691588785047,1.7268691588785048,1,900,8,4,4,4,4,0,0,0,0,0.02502336448598123,0.0,0.0,0.9033783783783784,0.0,4,False,113,0.09387323943661972,0.10875817757009344,0.1284054054054054,0.008758177570093431,0.1,0.10840540540540541,0.0,0.02,0.0,0.0,0.0
3.053397,78,7538.842288,medium,0.7652102803738318,2.765210280373832,2,771,8,4,4,4,4,0,0,0,0,0.037476635514018794,0.03878378378378375,0.0,0.726418918918917,1.0,3,True,101,0.08989436619718309,0.11311682242990659,0.25217027027027006,0.013116822429906578,0.1,0.08717027027027005,0.09999999999999999,0.015,0.05,0.0,0.0
1.946858,90,7565.963776,medium,0.7787383177570093,1.7787383177570093,1,900,8,4,4,4,4,0,0,0,0,0.022211838006230583,0.019864864864864953,0.0,0.8198198198198194,0.31966666666666665,4,False,144,0.12253521126760564,0.10777414330218071,0.15034504504504498,0.007774143302180703,0.1,0.09837837837837833,0.031966666666666664,0.02,0.0,0.0,0.0
3.242865,90,7593.325989,medium,0.9535046728971963,2.9535046728971963,2,900,8,4,4,4,4,0,0,0,0,0.015700934579439364,0.0,0.06720000000000047,0.8655405405405405,0.9999999999999967,4,True,120,0.09464788732394366,0.10549532710280378,0.27386486486486455,0.005495327102803777,0.1,0.10386486486486488,0.09999999999999967,0.02,0.05,0.0,0.0
4.305562,76,7616.561135,medium,1.0,4.0,3,755,8,4,4,4,4,0,0,0,0,0.034345794392523,0.007567567567567651,0.1357999999999983,1.0,0.9999999999999961,5,True,65,0.05538732394366197,0.08606152099512952,0.2949999999999996,0.012021028037383048,0.07404049295774648,0.11999999999999998,0.09999999999999962,0.025,0.05,0.0,0.0
4.209794,68,7636.461249,medium,1.0,4.0,3,673,5,3,2,3,2,0,0,0,3,0.05773364485981225,0.04067567567567605,0.10079999999999566,0.999999999999998,1.0,5,True,48,0.03718309859154929,-0.017905900355403737,0.29499999999999976,0.02020677570093429,0.051887323943661974,0.11999999999999973,0.1,0.025,0.05,0.0,0.09
4.28629,80,7665.206973,medium,1.0,4.0,3,798,8,4,4,4,4,0,0,0,0,0.0547274143302183,0.10576576576576588,0.07770000000000059,0.9999999999999951,0.9999999999999961,5,True,43,0.04058098591549296,0.07109033445219612,0.294999999999999,0.0191545950155764,0.05193573943661972,0.11999999999999938,0.09999999999999962,0.025,0.05,0.0,0.0
4.311347,81,7688.962544,medium,1.0,4.0,3,801,8,4,4,4,4,0,0,0,0,0.04170560747663493,0.015608108108108108,0.15539999999999754,0.9999999999999992,0.9999999999999961,5,True,69,0.06313380281690141,0.09644731472949827,0.29499999999999954,0.014596962616822223,0.08185035211267605,0.11999999999999991,0.09999999999999962,0.025,0.05,0.0,0.0
3.084584,86,7714.704064,medium,0.820404984423676,2.820404984423676,2,853,8,4,4,4,4,0,0,0,0,0.02044392523364492,0.0591216216216218,0.0,0.8198198198198171,1.0,4,True,59,0.05926056338028169,0.081100796366987,0.268378378378378,0.0071553738317757225,0.07394542253521127,0.09837837837837803,0.1,0.02,0.05,0.0,0.0
3.01646,83,7739.542971,medium,0.7574766355140187,2.757476635514019,2,821,8,4,4,4,4,0,0,0,0,0.060514018691588026,0.0,0.17009999999999695,0.5006756756756757,0.9999999999999959,2,True,91,0.07242957746478873,0.12100208964064735,0.2200810810810807,0.021179906542055805,0.09982218309859155,0.06008108108108108,0.09999999999999962,0.01,0.05,0.0,0.0
4.29309,77,7762.388022,medium,1.0,4.0,3,768,8,4,4,4,4,0,0,0,0,0.034836448598131016,0.03831081081081109,0.0,1.0000000000000013,1.0,5,True,58,0.044929577464788734,0.07488994010793741,0.2950000000000001,0.012192757009345854,0.06269718309859156,0.12000000000000012,0.09999999999999999,0.025,0.05,0.0,0.0
0.495659,75,7784.774624,medium,0.4531853582554517,0.4531853582554517,0,750,8,4,4,4,4,0,0,0,0,0.021261682242990826,0.0227027027027029,0.0,0.46664414414414396,0.0,1,False,48,0.033380281690140845,0.056476800052652425,0.060997297297297276,0.007441588785046789,0.049035211267605634,0.05599729729729728,0.0,0.005,0.0,0.0,0.0
3.214725,90,7816.395001,medium,0.9485981308411215,2.9485981308411215,2,900,8,4,4,4,4,0,0,0,0,0.04841121495326987,0.0,0.14419999999999744,0.8513513513513513,0.9999999999999966,4,True,62,0.04802816901408451,0.08396505199420783,0.2721621621621618,0.016943925233644453,0.06702112676056338,0.10216216216216216,0.09999999999999966,0.02,0.05,0.0,0.0
4.310502,76,7839.503144,medium,1.0,4.0,3,754,8,4,4,4,4,0,0,0,0,0.03761682242990672,0.04493243243243274,0.0,0.9999999999999978,1.0,5,True,66,0.05964788732394366,0.0909018033434251,0.2949999999999997,0.01316588785046735,0.07773591549295775,0.11999999999999972,0.1,0.025,0.05,0.0,0.0
2.987468,85,7864.466322,medium,0.7357476635514019,2.7357476635514018,2,841,8,4,4,4,4,0,0,0,0,0.02591900311526487,0.02743243243243249,0.0,0.6412162162162154,1.0,3,True,72,0.06507042253521127,0.09387446799175117,0.24194594594594587,0.009071651090342706,0.08480281690140846,0.07694594594594585,0.1,0.015,0.05,0.0,0.0
4.296086,72,7886.355605,medium,1.0,4.0,3,720,7,3,4,3,4,0,0,0,1,0.014330218068535823,0.041441441441441434,0.0,1.0000000000000016,1.0,5,True,96,0.06676056338028169,0.07308599885919881,0.29500000000000015,0.005015576323987538,0.09807042253521127,0.12000000000000016,0.1,0.025,0.05,0.0,0.03
3.275618,90,7913.310053,medium,0.9813084112149533,2.981308411214953,2,900,8,4,4,4,4,0,0,0,0,0.06887850467289738,0.1059459459459463,0.0,0.9459459459459418,1.0,4,True,61,0.061584507042253524,0.10079585691720422,0.283513513513513,0.02410747663551408,0.07668838028169014,0.11351351351351299,0.1,0.02,0.05,0.0,0.0
4.172971,87,7939.18008,medium,1.0,4.0,3,868,6,4,2,4,2,0,0,0,2,0.03158878504672898,0.020337837837837897,0.0,1.0000000000000029,1.0,5,True,10,0.011619718309859155,-0.03522913650125049,0.2950000000000003,0.011056074766355143,0.013714788732394366,0.12000000000000031,0.1,0.025,0.05,0.0,0.06
4.325242,79,7962.64831,medium,1.0,4.0,3,788,8,4,4,4,4,0,0,0,0,0.025833333333333427,0.06099099099099119,0.0,1.0,1.0,5,True,96,0.08915492957746479,0.1090416666666667,0.295,0.009041666666666698,0.1,0.11999999999999998,0.1,0.025,0.05,0.0,0.0
2.865398,73,7989.042785,medium,0.6921728971962616,2.6921728971962615,2,728,8,4,4,4,4,0,0,0,0,0.007359813084112226,0.021283783783784004,0.0,0.5152027027027017,1.0,1,True,27,0.0175,0.02920093457943928,0.2168243243243242,0.002575934579439279,0.026625,0.061824324324324206,0.1,0.005,0.05,0.0,0.0
3.27559,90,8015.538367,medium,0.9704049844236761,2.970404984423676,2,900,8,4,4,4,4,0,0,0,0,0.04415887850467198,0.0,0.1889999999999961,0.9144144144144144,0.9999999999999959,4,True,82,0.08598591549295774,0.11545560747663519,0.2797297297297293,0.015455607476635193,0.1,0.1097297297297297,0.09999999999999959,0.02,0.05,0.0,0.0
3.300276,90,8041.048299,medium,0.9965732087227415,2.9965732087227415,2,900,8,4,4,4,4,0,0,0,0,0.027640186915888074,0.0761486486486493,0.0,0.9900900900900882,1.0,4,True,96,0.06295774647887324,0.10489237527971576,0.28881081081081056,0.009674065420560825,0.09521830985915494,0.11881081081081057,0.1,0.02,0.05,0.0,0.0
1.581089,78,8063.471357,medium,0.5283099688473519,1.5283099688473518,1,776,8,4,4,4,4,0,0,0,0,0.0040887850467287955,0.0,0.0,0.6042792792792793,0.091,1,False,44,0.027112676056338027,0.0437655818086086,0.08661351351351351,0.0014310747663550782,0.04233450704225352,0.07251351351351351,0.0091,0.005,0.0,0.0,0.0
2.989893,81,8087.844795,medium,0.7383956386292835,2.7383956386292834,2,808,8,4,4,4,4,0,0,0,0,0.040140186915887714,0.009909909909909911,0.0,0.648873873873874,1.0,2,True,77,0.05584507042253521,0.09443286823746211,0.23786486486486486,0.014049065420560699,0.08038380281690141,0.07786486486486485,0.1,0.01,0.05,0.0,0.0
4.3143,81,8114.534643,medium,1.0,4.0,3,807,8,4,4,4,4,0,0,0,0,0.0,0.0,0.0,1.0,1.0,5,True,103,0.08528169014084507,0.1,0.295,0.0,0.1,0.12,0.1,0.025,0.05,0.0,0.0
1.951208,84,8147.577228,medium,0.7409968847352011,1.740996884735201,1,836,8,4,4,4,4,0,0,0,0,0.0588785046728957,0.01844594594594615,0.17779999999999374,0.7389639639639639,0.8777999999999923,3,False,82,0.05433098591549296,0.10235571607213322,0.1914556756756749,0.020607476635513492,0.08174823943661973,0.08867567567567562,0.08777999999999925,0.015,0.0,0.0,0.0
1.774206,90,8177.452639,medium,0.6553426791277255,1.6553426791277255,1,900,8,4,4,4,4,0,0,0,0,0.027359813084111877,0.019527027027026897,0.03429999999999852,0.5785360360360352,0.14863333333333184,3,False,131,0.10742957746478873,0.10957593457943916,0.0992876576576574,0.009575934579439156,0.1,0.06942432432432422,0.014863333333333185,0.015,0.0,0.0,0.0
3.298898,90,8206.395707,medium,0.9873831775700934,2.987383177570093,2,900,8,4,4,4,4,0,0,0,0,0.018613707165109124,0.04729729729729756,0.0,0.9999999999999978,1.0,5,True,93,0.07637323943661972,0.1065147975077882,0.2949999999999997,0.0065147975077881936,0.1,0.11999999999999973,0.09999999999999999,0.025,0.05,0.0,0.0
1.720105,90,8236.644468,medium,0.6299454828660436,1.6299454828660436,1,900,8,4,4,4,4,0,0,0,0,0.041869158878504,0.0577027027027027,0.0,0.7755405405405382,0.0,3,False,44,0.04725352112676056,0.07209434645254682,0.10806486486486458,0.0146542056074764,0.05744014084507042,0.09306486486486458,0.0,0.015,0.0,0.0,0.0
3.050126,90,8267.125293,medium,0.8485358255451714,2.8485358255451714,2,900,8,4,4,4,4,0,0,0,0,0.030911214953270684,0.0009459459459459054,0.0,0.5619819819819819,1.0,3,True,49,0.031778169014084506,0.059152551994208116,0.23243783783783784,0.010818925233644739,0.04833362676056338,0.06743783783783784,0.1,0.015,0.05,0.0,0.0
1.626982,79,8292.971166,medium,0.5500778816199376,1.5500778816199376,1,785,8,4,4,4,4,0,0,0,0,0.0013084112149532854,0.0037837837837838254,0.0,0.37454954954954955,0.0,2,False,125,0.11542253521126761,0.10045794392523366,0.054945945945945956,0.0004579439252336499,0.1,0.044945945945945955,0.0,0.01,0.0,0.0,0.0
3.200741,79,8324.854867,medium,0.9068691588785046,2.9068691588785045,2,781,8,4,4,4,4,0,0,0,0,0.05511682242990579,0.04351351351351343,0.17149999999999685,0.7306756756756738,0.9999999999999959,3,True,96,0.08207746478873239,0.11929088785046703,0.25268108108108045,0.019290887850467023,0.1,0.08768108108108084,0.09999999999999962,0.015,0.05,0.0,0.0
3.177189,90,8353.918318,medium,0.9097352024922118,2.909735202492212,2,900,8,4,4,4,4,0,0,0,0,0.010794392523364543,0.031216216216216383,0.0,0.7389639639639625,1.0,3,True,92,0.08056338028169015,0.10377803738317759,0.25367567567567545,0.00377803738317759,0.1,0.08867567567567547,0.1,0.015,0.05,0.0,0.0
4.30466,74,8377.577542,medium,1.0,4.0,3,740,8,4,4,4,4,0,0,0,0,0.015537383177570202,0.044932432432432744,0.0,1.0000000000000013,1.0,5,True,75,0.054295774647887325,0.08365991509806506,0.29500000000000015,0.00543808411214957,0.0782218309859155,0.12000000000000016,0.1,0.025,0.05,0.0,0.0
3.087315,86,8404.356018,medium,0.8149532710280374,2.8149532710280374,2,851,8,4,4,4,4,0,0,0,0,0.03647196261682274,0.056756756756757044,0.033600000000000116,0.8702702702702675,0.9999999999999984,4,True,65,0.05035211267605634,0.0830292714229302,0.2744324324324319,0.012765186915887959,0.07026408450704225,0.10443243243243208,0.09999999999999985,0.02,0.05,0.0,0.0
3.135919,85,8431.793036,medium,0.8629283489096572,2.8629283489096573,2,842,8,4,4,4,4,0,0,0,0,0.024610591900311403,0.06171171171171176,0.0,0.8513513513513487,1.0,4,True,59,0.06255281690140845,0.08502831984116532,0.2721621621621618,0.00861370716510899,0.07641461267605633,0.10216216216216181,0.1,0.02,0.05,0.0,0.0
4.307522,88,8460.847806,medium,1.0,4.0,3,876,8,4,4,4,4,0,0,0,0,0.03280373831775685,0.07500000000000016,0.029399999999999097,0.9999999999999966,0.9999999999999997,5,True,82,0.06352112676056337,0.10012215348163744,0.29499999999999954,0.011481308411214898,0.08864084507042254,0.11999999999999957,0.09999999999999998,0.025,0.05,0.0,0.0
4.258922,83,8491.497957,medium,1.0,4.0,3,821,8,4,4,4,4,0,0,0,0,0.03574766355140193,0.0,0.15300000000000027,1.0,0.9999999999999961,5,True,31,0.024014084507042253,0.04602224562327236,0.29499999999999954,0.012511682242990674,0.03351056338028169,0.11999999999999993,0.09999999999999962,0.025,0.05,0.0,0.0
4.317379,76,8517.34353,medium,1.0,4.0,3,760,8,4,4,4,4,0,0,0,0,0.05380841121495194,0.0,0.23029999999999431,1.0,0.9999999999999961,5,True,58,0.0673943661971831,0.0983787185731205,0.2949999999999996,0.01883294392523318,0.07954577464788733,0.12000000000000001,0.0999999999999996,0.025,0.05,0.0,0.0
4.327337,73,8540.658475,medium,1.0,4.0,3,727,8,4,4,4,4,0,0,0,0,0.01439252336448603,0.041621621621621765,0.0,0.999999999999999,1.0,5,True,96,0.07605633802816901,0.10503738317757011,0.2949999999999999,0.005037383177570111,0.1,0.11999999999999987,0.1,0.025,0.05,0.0,0.0
4.308036,73,8563.62873,medium,1.0,4.0,3,729,8,4,4,4,4,0,0,0,0,0.028621495327102647,0.0042567567567567575,0.0,1.0000000000000009,1.0,5,True,71,0.053890845070422536,0.08593565716730282,0.2950000000000001,0.010017523364485928,0.0759181338028169,0.12000000000000009,0.09999999999999999,0.025,0.05,0.0,0.0
4.274372,72,8587.430129,medium,1.0,4.0,3,712,7,3,4,3,4,0,0,0,1,0.009937694704049852,0.011711711711711707,0.0,1.0000000000000002,1.0,5,True,71,0.05545774647887324,0.050571503005572394,0.295,0.003478193146417448,0.07709330985915494,0.11999999999999998,0.1,0.025,0.05,0.0,0.03
4.245929,69,8610.274965,medium,1.0,4.0,3,688,6,3,3,3,3,0,0,0,2,0.031503115264797696,0.041441441441441434,0.0,0.9999999999999996,1.0,5,True,52,0.05693661971830986,0.019728555131411585,0.29499999999999993,0.011026090342679193,0.06870246478873239,0.11999999999999993,0.09999999999999999,0.025,0.05,0.0,0.06
3.065421,89,8639.701833,medium,0.7777258566978194,2.7777258566978196,2,886,8,4,4,4,4,0,0,0,0,0.05651869158878515,0.008040540540540628,0.23000000000000032,0.7626126126126126,0.9999999999999961,3,True,82,0.08598591549295774,0.1197815420560748,0.2565135135135131,0.0197815420560748,0.1,0.09151351351351346,0.09999999999999962,0.015,0.05,0.0,0.0
4.210019,59,8662.771356,medium,1.0,4.0,3,590,3,1,2,1,2,0,0,0,5,0.026331775700934118,0.0,0.0,1.0,1.0,5,True,72,0.06507042253521127,-0.025981061603264605,0.295,0.00921612149532694,0.08480281690140845,0.12,0.1,0.025,0.05,0.0,0.12
4.328885,74,8686.9544,medium,1.0,4.0,3,739,8,4,4,4,4,0,0,0,0,0.02224299065420569,0.06432432432432456,0.0,1.000000000000001,1.0,5,True,107,0.09774647887323944,0.10778504672897199,0.2950000000000001,0.007785046728971991,0.1,0.1200000000000001,0.1,0.025,0.05,0.0,0.0
3.15413,89,8715.919594,medium,0.8689252336448599,2.86892523364486,2,886,8,4,4,4,4,0,0,0,0,0.005233644859812859,0.0,0.0,0.8497747747747748,1.0,4,True,171,0.1473943661971831,0.1018317757009345,0.27197297297297296,0.0018317757009345002,0.1,0.10197297297297296,0.1,0.02,0.05,0.0,0.0
1.840671,90,8744.905521,medium,0.7040498442367601,1.70404984423676,1,900,8,4,4,4,4,0,0,0,0,0.02355140186915856,0.04445945945945954,0.0,0.8198198198198186,0.0,4,False,139,0.11485915492957746,0.1082429906542055,0.11837837837837821,0.008242990654205496,0.1,0.0983783783783782,0.0,0.02,0.0,0.0,0.0
3.02569,84,8772.776555,medium,0.7712616822429906,2.7712616822429905,2,835,8,4,4,4,4,0,0,0,0,0.032733644859813144,0.0014189189189189196,0.0,0.7439189189189189,1.0,3,True,67,0.05160211267605634,0.08365836020797686,0.25427027027027027,0.0114567757009346,0.07220158450704225,0.08927027027027029,0.1,0.015,0.05,0.0,0.0
3.244692,90,8802.468122,medium,0.9644080996884735,2.9644080996884736,2,900,8,4,4,4,4,0,0,0,0,0.006705607476635531,0.01939189189189194,0.0,0.8970720720720712,1.0,4,True,76,0.06971830985915493,0.09263569501118862,0.2776486486486485,0.0023469626168224358,0.09028873239436619,0.10764864864864851,0.1,0.02,0.05,0.0,0.0
4.29416,73,8830.833549,medium,1.0,4.0,3,727,8,4,4,4,4,0,0,0,0,0.05088785046728983,0.0018918918918918108,0.0,1.0,1.0,5,True,50,0.03873239436619718,0.07186004343819934,0.29500000000000004,0.01781074766355144,0.05404929577464789,0.12000000000000001,0.1,0.025,0.05,0.0,0.0
4.340931,77,8855.790851,medium,1.0,4.0,3,763,8,4,4,4,4,0,0,0,0,0.0918613707165113,0.0769144144144148,0.1413333333333336,0.9999999999999963,0.9999999999999961,5,True,75,0.0701056338028169,0.12223070510289163,0.29499999999999915,0.03215147975077896,0.09007922535211269,0.11999999999999954,0.0999999999999996,0.025,0.05,0.0,0.0
3.217661,90,8884.636973,medium,0.932632398753894,2.932632398753894,2,900,8,4,4,4,4,0,0,0,0,0.040825545171338413,0.041441441441441434,0.1133999999999951,0.8051801801801781,1.0,3,True,86,0.07482394366197183,0.11340689855644731,0.2616216216216214,0.014288940809968445,0.09911795774647887,0.09662162162162137,0.1,0.015,0.05,0.0,0.0
3.18992,90,8912.757932,medium,0.9190031152647975,2.9190031152647977,2,900,8,4,4,4,4,0,0,0,0,0.03500000000000025,0.0,0.08330000000000039,0.7657657657657657,0.9999999999999961,3,True,72,0.07436619718309859,0.10402464788732402,0.2568918918918915,0.012250000000000087,0.09177464788732394,0.09189189189189188,0.09999999999999962,0.015,0.05,0.0,0.0
3.323703,90,8941.119825,medium,0.994392523364486,2.994392523364486,2,900,8,4,4,4,4,0,0,0,0,0.09054517133956334,0.0537387387387387,0.0,0.9837837837837813,1.0,4,True,87,0.07475352112676056,0.13125595081391758,0.28805405405405377,0.03169080996884717,0.09956514084507041,0.11805405405405374,0.1,0.02,0.05,0.0,0.0
4.313379,86,8968.370028,medium,1.0,4.0,3,858,8,4,4,4,4,0,0,0,0,0.011939252336448668,0.03452702702702723,0.0,1.000000000000002,1.0,5,True,114,0.11387323943661971,0.10417873831775704,0.29500000000000026,0.004178738317757034,0.1,0.12000000000000025,0.09999999999999999,0.025,0.05,0.0,0.0
3.078877,89,9001.138715,medium,0.844392523364486,2.844392523364486,2,884,8,4,4,4,4,0,0,0,0,0.0729439252336438,0.006148648648648644,0.22399999999999462,0.5499999999999998,0.9999999999999959,3,True,66,0.04447183098591549,0.09188424707121194,0.23099999999999954,0.025530373831775328,0.06635387323943662,0.06599999999999998,0.09999999999999959,0.015,0.05,0.0,0.0
1.848412,90,9031.614124,medium,0.7514797507788162,1.7514797507788162,1,900,8,4,4,4,4,0,0,0,0,0.007032710280373853,0.0,0.0,0.8198198198198198,0.203,4,False,45,0.031056338028169015,0.048253702119257606,0.13867837837837832,0.0024614485981308484,0.04579225352112676,0.09837837837837833,0.020300000000000002,0.02,0.0,0.0,0.0
3.265701,90,9060.374158,medium,0.9550623052959502,2.95506230529595,2,900,8,4,4,4,4,0,0,0,0,0.04992211838006239,0.004729729729729782,0.20666666666666697,0.9554054054054054,0.9999999999999961,4,True,82,0.07669014084507042,0.11599034706682468,0.28464864864864825,0.01747274143302184,0.09851760563380284,0.11464864864864863,0.09999999999999962,0.02,0.05,0.0,0.0
3.095026,90,9088.552376,medium,0.8018691588785046,2.8018691588785045,2,900,8,4,4,4,4,0,0,0,0,0.052172897196261434,0.06432432432432436,0.12809999999999874,0.8198198198198171,0.9999999999999959,4,True,78,0.07669014084507042,0.1147781196524943,0.2683783783783777,0.0182605140186915,0.09651760563380281,0.09837837837837807,0.0999999999999996,0.02,0.05,0.0,0.0
2.09718,90,9117.387005,medium,0.8866822429906542,1.8866822429906542,1,900,8,4,4,4,4,0,0,0,0,0.01242990654205615,0.03594594594594616,0.0,0.8340090090090073,0.7606666666666667,4,False,92,0.09653169014084508,0.10435046728971965,0.19614774774774751,0.004350467289719652,0.1,0.10008108108108085,0.07606666666666667,0.02,0.0,0.0,0.0
4.286778,82,9144.377492,medium,1.0,4.0,3,813,8,4,4,4,4,0,0,0,0,0.03892523364485981,0.032635135135135315,0.0,1.000000000000001,1.0,5,True,55,0.0426056338028169,0.07307805712781361,0.2950000000000001,0.013623831775700933,0.05945422535211268,0.1200000000000001,0.1,0.025,0.05,0.0,0.0
1.788234,90,9177.84647,medium,0.66113707165109,1.66113707165109,1,900,8,4,4,4,4,0,0,0,0,0.0330373831775694,0.03689189189189212,0.03499999999999849,0.6581081081081063,0.6556666666666652,2,False,53,0.03265845070422535,0.0625569221403183,0.15453963963963926,0.01156308411214929,0.05099383802816901,0.07897297297297273,0.06556666666666652,0.01,0.0,0.0,0.0
3.219327,90,9206.885123,medium,0.8903426791277259,2.890342679127726,2,900,8,4,4,4,4,0,0,0,0,0.06852803738317714,0.028851351351351504,0.0,0.9999999999999988,1.0,5,True,99,0.08309859154929577,0.12398481308411201,0.2949999999999999,0.023984813084112,0.1,0.11999999999999986,0.09999999999999999,0.025,0.05,0.0,0.0
3.130732,90,9235.153201,medium,0.9034267912772586,2.9034267912772584,2,900,8,4,4,4,4,0,0,0,0,0.0,0.0,0.0,0.7207207207207207,1.0,4,True,60,0.041091549295774646,0.06081866197183098,0.2564864864864865,0.0,0.06081866197183098,0.08648648648648646,0.1,0.02,0.05,0.0,0.0
1.818073,90,9264.007957,medium,0.6979750778816199,1.6979750778816198,1,900,8,4,4,4,4,0,0,0,0,0.03221962616822459,0.042567567567567854,0.0,0.8022522522522523,0.0,3,False,71,0.06940140845070422,0.09882792549690678,0.11127027027027027,0.011276869158878607,0.08755105633802816,0.09627027027027027,0.0,0.015,0.0,0.0,0.0
3.070478,90,9293.710933,medium,0.7880841121495327,2.788084112149533,2,900,8,4,4,4,4,0,0,0,0,0.03510124610591836,0.05752252252252256,0.06509999999999719,0.7925675675675655,1.0,3,True,129,0.10674295774647888,0.11228543613707143,0.26010810810810786,0.012285436137071426,0.1,0.09510810810810785,0.1,0.015,0.05,0.0,0.0
3.169998,90,9327.545127,medium,0.9736760124610592,2.973676012461059,2,900,7,4,3,4,3,0,0,0,1,0.03224299065420567,0.0,0.0,0.9238738738738739,1.0,4,True,25,0.015563380281690142,0.005457581940239591,0.28086486486486484,0.011285046728971983,0.024172535211267606,0.11086486486486483,0.1,0.02,0.05,0.0,0.03
4.3167,79,9352.68753,medium,1.0,4.0,3,783,8,4,4,4,4,0,0,0,0,0.0,0.0,0.0,1.0,1.0,5,True,92,0.08985915492957747,0.1,0.295,0.0,0.1,0.11999999999999998,0.1,0.025,0.05,0.0,0.0
0.573696,90,9382.015923,medium,0.4753115264797508,0.4753115264797508,0,892,8,4,4,4,4,0,0,0,0,0.03379283489096565,0.031981981981981975,0.0,0.547972972972973,0.0,2,False,102,0.08450704225352113,0.11182749221183798,0.07575675675675676,0.011827492211837978,0.1,0.06575675675675677,0.0,0.01,0.0,0.0,0.0
4.307994,80,9407.425498,medium,1.0,4.0,3,795,8,4,4,4,4,0,0,0,0,0.019158878504672894,0.0,0.0,1.0,1.0,5,True,82,0.05971830985915493,0.09249433987100171,0.295,0.006705607476635513,0.0857887323943662,0.11999999999999998,0.1,0.025,0.05,0.0,0.0
3.183125,90,9435.928421,medium,0.9045171339563863,2.904517133956386,2,900,8,4,4,4,4,0,0,0,0,0.033551401869158955,0.0037837837837837855,0.0,0.7238738738738737,1.0,4,True,96,0.07605633802816901,0.11174299065420563,0.2568648648648649,0.011742990654205632,0.1,0.08686486486486486,0.1,0.02,0.05,0.0,0.0
3.092544,90,9464.992999,medium,0.7975077881619937,2.797507788161994,2,900,8,4,4,4,4,0,0,0,0,0.06827881619937547,0.06549549549549578,0.18129999999999377,0.8198198198198172,0.9999999999999984,4,True,82,0.06901408450704226,0.1166581490500631,0.2683783783783779,0.02389758566978141,0.09276056338028169,0.09837837837837808,0.09999999999999985,0.02,0.05,0.0,0.0
4.324549,74,9489.1627,medium,1.0,4.0,3,733,8,4,4,4,4,0,0,0,0,0.06028816199376855,0.041441441441441434,0.1966999999999958,1.0000000000000016,0.9999999999999959,5,True,82,0.05433098591549296,0.10284909613443871,0.29499999999999976,0.02110085669781899,0.08174823943661973,0.12000000000000019,0.09999999999999959,0.025,0.05,0.0,0.0
1.699284,90,9522.144666,medium,0.5620716510903426,1.5620716510903425,1,900,8,4,4,4,4,0,0,0,0,0.03739096573208748,0.05468468468468464,0.0,0.7657657657657632,0.07233333333333333,3,False,150,0.13267605633802818,0.11308683800623062,0.1141252252252249,0.013086838006230617,0.1,0.09189189189189158,0.007233333333333333,0.015,0.0,0.0,0.0
3.1844,83,9548.57473,medium,0.8596573208722741,2.859657320872274,2,826,8,4,4,4,4,0,0,0,0,0.04970404984423684,0.005675675675675733,0.20433333333333364,0.9995495495495491,0.9999999999999961,4,True,134,0.12556338028169015,0.1173964174454829,0.2899459459459455,0.017396417445482894,0.1,0.11994594594594589,0.09999999999999962,0.02,0.05,0.0,0.0
1.750076,81,9574.405564,medium,0.6191744548286598,1.6191744548286597,1,803,8,4,4,4,4,0,0,0,0,0.02142523364485924,0.0137162162162162,0.0,0.7391891891891886,0.0,3,False,140,0.1271830985915493,0.10749883177570074,0.10370270270270261,0.007498831775700733,0.1,0.08870270270270261,0.0,0.015,0.0,0.0,0.0
2.940138,79,9598.2373,medium,0.6938084112149533,2.6938084112149534,2,785,8,4,4,4,4,0,0,0,0,0.08324766355140122,0.011824324324324453,0.1581999999999974,0.5199324324324319,0.9999999999999961,1,True,75,0.05440140845070422,0.1074377385810186,0.2173918918918914,0.029136682242990423,0.07830105633802817,0.062391891891891815,0.0999999999999996,0.005,0.05,0.0,0.0
3.306211,90,9626.704771,medium,0.9992990654205608,2.9992990654205607,2,900,8,4,4,4,4,0,0,0,0,0.020443925233645025,0.05912162162162209,0.0,0.9979729729729709,1.0,4,True,148,0.14105633802816903,0.10715537383177576,0.2897567567567565,0.007155373831775758,0.1,0.11975675675675652,0.09999999999999999,0.02,0.05,0.0,0.0
3.270869,90,9656.251775,medium,0.9894859813084113,2.989485981308411,2,900,8,4,4,4,4,0,0,0,0,0.0,0.0,0.0,0.9695945945945946,1.0,4,True,62,0.07204225352112677,0.08503169014084506,0.2863513513513513,0.0,0.08503169014084506,0.11635135135135134,0.09999999999999999,0.02,0.05,0.0,0.0
1.856967,80,9687.05383,medium,0.665880062305295,1.665880062305295,1,792,8,4,4,4,4,0,0,0,0,0.0428504672897188,0.021756756756756996,0.0972999999999958,0.7038288288288276,0.6082999999999957,2,False,111,0.0929049295774648,0.11499766355140159,0.1552894594594589,0.014997663551401582,0.1,0.0844594594594593,0.06082999999999959,0.01,0.0,0.0,0.0
1.753248,90,9715.770681,medium,0.6690809968847352,1.6690809968847353,1,900,8,4,4,4,4,0,0,0,0,0.019953271028037484,0.022702702702702797,0.0,0.7186936936936926,0.0,3,False,61,0.04725352112676056,0.07292378570488355,0.10124324324324312,0.006983644859813119,0.06594014084507042,0.08624324324324312,0.0,0.015,0.0,0.0,0.0
1.833755,90,9744.608861,medium,0.7225389408099687,1.7225389408099687,1,900,8,4,4,4,4,0,0,0,0,0.030584112149532744,0.03972972972973011,0.023799999999998975,0.7815315315315299,0.13579999999999898,3,False,67,0.04619718309859155,0.07885232657628014,0.12236378378378349,0.010704439252336464,0.06814788732394367,0.09378378378378359,0.013579999999999898,0.015,0.0,0.0,0.0
3.046425,90,9773.722213,medium,0.7772585669781932,2.777258566978193,2,900,8,4,4,4,4,0,0,0,0,0.048107476635514256,0.0,0.0,0.7612612612612613,1.0,3,True,80,0.06130281690140845,0.10281472949848632,0.25635135135135134,0.01683761682242999,0.08597711267605633,0.09135135135135135,0.1,0.015,0.05,0.0,0.0
4.305132,85,9800.99834,medium,1.0,4.0,3,844,8,4,4,4,4,0,0,0,0,0.0,0.0,0.0,1.0,1.0,5,True,81,0.07204225352112677,0.09453169014084509,0.295,0.0,0.09453169014084509,0.12,0.1,0.025,0.05,0.0,0.0
1.732958,88,9833.991148,medium,0.6024143302180686,1.6024143302180685,1,875,8,4,4,4,4,0,0,0,0,0.029112149532710435,0.022702702702702634,0.0,0.6396396396396388,0.43166666666666664,3,False,65,0.053908450704225355,0.08312059036461766,0.13492342342342334,0.010189252336448651,0.07293133802816901,0.07675675675675665,0.043166666666666666,0.015,0.0,0.0,0.0
3.088154,83,9861.098511,medium,0.7908878504672897,2.7908878504672896,2,827,8,4,4,4,4,0,0,0,0,0.05395638629283509,0.036891891891892174,0.1763333333333336,0.8006756756756739,0.9999999999999961,3,True,106,0.10077464788732395,0.11888473520249229,0.2610810810810805,0.01888473520249228,0.1,0.09608108108108089,0.09999999999999962,0.015,0.05,0.0,0.0
3.069314,90,9890.705617,medium,0.7889018691588785,2.7889018691588783,2,900,8,4,4,4,4,0,0,0,0,0.034672897196260384,0.013243243243243252,0.11759999999999493,0.7949324324324321,1.0,3,True,89,0.07117957746478873,0.11002019711728267,0.2603918918918918,0.012135514018691134,0.09788468309859154,0.09539189189189183,0.1,0.015,0.05,0.0,0.0
4.325085,82,9916.65442,medium,1.0,4.0,3,812,8,4,4,4,4,0,0,0,0,0.03224299065420567,0.0,0.0,1.0,1.0,5,True,130,0.11169014084507042,0.11128504672897199,0.295,0.011285046728971983,0.1,0.12,0.1,0.025,0.05,0.0,0.0
3.227936,90,9945.779822,medium,0.9376947040498442,2.9376947040498442,2,900,8,4,4,4,4,0,0,0,0,0.04334112149532651,0.003310810810810814,0.15399999999999744,0.8198198198198197,0.9999999999999962,4,True,83,0.07359154929577465,0.11186305449519525,0.26837837837837797,0.015169392523364278,0.09669366197183098,0.09837837837837833,0.09999999999999962,0.02,0.05,0.0,0.0
3.165347,90,9975.597846,medium,0.8991355140186915,2.8991355140186914,2,900,8,4,4,4,4,0,0,0,0,0.047266355140186296,0.003310810810810814,0.10989999999999954,0.7168918918918918,0.9999999999999959,3,True,82,0.06352112676056337,0.10518406936948774,0.2510270270270266,0.016543224299065202,0.08864084507042254,0.08602702702702703,0.09999999999999959,0.015,0.05,0.0,0.0
4.32259,74,10004.100481,medium,1.0,4.0,3,738,8,4,4,4,4,0,0,0,0,0.003971962616822431,0.011486486486486489,0.0,0.9999999999999996,1.0,5,True,144,0.11873239436619719,0.10139018691588786,0.295,0.0013901869158878507,0.1,0.11999999999999997,0.1,0.025,0.05,0.0,0.0
1.66479,90,10032.253887,medium,0.541791277258567,1.5417912772585671,1,900,8,4,4,4,4,0,0,0,0,0.024042056074766366,0.0033108108108108425,0.0,0.7465315315315316,0.0,3,False,96,0.07436619718309859,0.10841471962616823,0.10458378378378375,0.008414719626168228,0.1,0.08958378378378375,0.0,0.015,0.0,0.0,0.0
1.662057,85,10059.028955,medium,0.6035046728971962,1.6035046728971962,1,842,8,4,4,4,4,0,0,0,0,0.04235981308411223,0.0,0.0,0.529054054054054,0.0,2,False,53,0.037253521126760565,0.0692660754245097,0.07348648648648645,0.01482593457943928,0.05444014084507042,0.06348648648648646,0.0,0.01,0.0,0.0,0.0
1.757655,86,10086.633639,medium,0.646892523364486,1.646892523364486,1,857,8,4,4,4,4,0,0,0,0,0.008341121495327153,0.024121621621621767,0.0,0.654527027027026,0.0,3,False,102,0.08450704225352113,0.1029193925233645,0.09354324324324312,0.0029193925233645035,0.1,0.07854324324324312,0.0,0.015,0.0,0.0,0.0
3.000403,90,10114.883589,medium,0.7799844236760125,2.7799844236760123,2,900,8,4,4,4,4,0,0,0,0,0.0,0.0,0.0,0.7691441441441441,1.0,3,True,52,0.03616197183098591,0.05312147887323943,0.2572972972972973,0.0,0.05312147887323943,0.09229729729729728,0.1,0.015,0.05,0.0,0.0
1.850823,90,10143.462222,medium,0.6919781931464174,1.6919781931464173,1,900,8,4,4,4,4,0,0,0,0,0.01504672897196272,0.0,0.0,0.8198198198198198,0.252,4,False,84,0.08366197183098592,0.10526635514018695,0.14357837837837834,0.005266355140186952,0.1,0.09837837837837833,0.0252,0.02,0.0,0.0,0.0
3.189355,83,10174.540329,medium,0.9094236760124611,2.909423676012461,2,827,8,4,4,4,4,0,0,0,0,0.011612149532710347,0.03358108108108127,0.0,0.7380630630630615,1.0,4,True,105,0.08683098591549296,0.10406425233644863,0.2585675675675674,0.0040642523364486215,0.1,0.08856756756756737,0.1,0.02,0.05,0.0,0.0
1.871883,90,10204.219493,medium,0.7556775700934575,1.7556775700934575,1,900,8,4,4,4,4,0,0,0,0,0.012593457943924746,0.0,0.04829999999999792,0.8277027027027027,0.2092999999999979,4,False,61,0.04139084507042254,0.06595084408319056,0.1402543243243241,0.0044077102803736605,0.061543133802816896,0.09932432432432431,0.020929999999999793,0.02,0.0,0.0,0.0
1.831529,90,10233.605982,medium,0.707632398753894,1.7076323987538942,1,900,8,4,4,4,4,0,0,0,0,0.008177570093458009,0.023648648648648837,0.0,0.7797297297297288,0.07466666666666667,2,False,106,0.08380281690140845,0.1028621495327103,0.1110342342342341,0.002862149532710303,0.1,0.09356756756756744,0.007466666666666667,0.01,0.0,0.0,0.0
2.053624,90,10261.974179,medium,0.8442757009345787,1.8442757009345787,1,900,8,4,4,4,4,0,0,0,0,0.06200934579439191,0.0,0.10849999999999714,0.668018018018018,0.8248333333333286,3,False,87,0.08218309859154929,0.12170327102803717,0.17764549549549502,0.021703271028037166,0.1,0.08016216216216215,0.08248333333333288,0.015,0.0,0.0,0.0
1.658845,90,10290.923575,medium,0.5380841121495327,1.5380841121495328,1,900,8,4,4,4,4,0,0,0,0,0.011775700934579534,0.034054054054054324,0.0,0.6664414414414402,0.11666666666666667,3,False,160,0.14661971830985915,0.10412149532710284,0.10663963963963949,0.004121495327102836,0.1,0.07997297297297282,0.011666666666666667,0.015,0.0,0.0,0.0
3.092731,89,10319.358192,medium,0.8421261682242988,2.842126168224299,2,884,8,4,4,4,4,0,0,0,0,0.04103582554517113,0.0,0.1483333333333336,0.7301801801801802,0.9999999999999961,4,True,62,0.04802816901408451,0.08138366570137327,0.2576216216216212,0.014362538940809891,0.06702112676056338,0.08762162162162163,0.09999999999999962,0.02,0.05,0.0,0.0
2.076996,90,10353.75707,medium,0.8484423676012461,1.8484423676012463,1,900,8,4,4,4,4,0,0,0,0,0.006214953271028103,0.017972972972973164,0.0,0.8198198198198199,0.98,4,False,110,0.08690140845070422,0.10217523364485984,0.2163783783783784,0.002175233644859836,0.1,0.09837837837837836,0.09800000000000003,0.02,0.0,0.0,0.0
3.071068,90,10383.818903,medium,0.8013239875389409,2.801323987538941,2,900,8,4,4,4,4,0,0,0,0,0.01635514018691597,0.04351351351351375,0.0056000000000000025,0.8308558558558538,0.9999999999999997,4,True,78,0.06042253521126761,0.09004120047387129,0.26970270270270236,0.0057242990654205895,0.0843169014084507,0.0997027027027024,0.09999999999999996,0.02,0.05,0.0,0.0
4.331184,80,10409.417034,medium,1.0,4.0,3,791,8,4,4,4,4,0,0,0,0,0.04366822429906583,0.047770270270270615,0.04200000000000027,0.9999999999999986,0.9999999999999979,5,True,153,0.14609154929577464,0.11528387850467305,0.2949999999999996,0.01528387850467304,0.1,0.1199999999999998,0.0999999999999998,0.025,0.05,0.0,0.0
3.099152,83,10436.640464,medium,0.848208722741433,2.848208722741433,2,826,8,4,4,4,4,0,0,0,0,0.009649532710280424,0.0,0.0,0.561036036036036,1.0,3,True,76,0.0797887323943662,0.10121888574437282,0.23232432432432432,0.003377336448598148,0.09784154929577467,0.06732432432432432,0.1,0.015,0.05,0.0,0.0
3.178555,78,10461.304801,medium,0.9299844236760124,2.9299844236760126,2,773,8,4,4,4,4,0,0,0,0,0.02077102803738326,0.037837837837838,0.0,0.7975225225225209,1.0,3,True,54,0.04119718309859155,0.0651677471370278,0.2607027027027025,0.007269859813084139,0.057897887323943666,0.09570270270270251,0.1,0.015,0.05,0.0,0.0
4.135744,66,10482.259104,medium,1.0,4.0,3,652,1,0,1,0,1,0,0,0,7,0.0,0.0,0.0,1.0,1.0,5,True,24,0.018591549295774647,-0.09405633802816901,0.295,0.0,0.025943661971830987,0.12,0.09999999999999999,0.025,0.05,0.0,0.12
1.831896,84,10513.747633,medium,0.6940809968847352,1.6940809968847352,1,840,8,4,4,4,4,0,0,0,0,0.03398753894081002,0.0,0.0,0.790990990990991,0.0,3,False,96,0.07985915492957746,0.1118956386292835,0.10991891891891886,0.011895638629283506,0.1,0.09491891891891886,0.0,0.015,0.0,0.0,0.0
0.455067,82,10540.695233,medium,0.35257009345794393,0.35257009345794393,0,820,8,4,4,4,4,0,0,0,0,0.0,0.0,0.0,0.5858108108108108,0.042,2,False,82,0.09528169014084507,0.1,0.08449729729729728,0.0,0.1,0.07029729729729729,0.004200000000000001,0.01,0.0,0.0,0.0
1.849579,90,10568.896538,medium,0.711214953271028,1.711214953271028,1,900,8,4,4,4,4,0,0,0,0,0.021425233644859962,0.027905405405405582,0.0,0.8405405405405407,0.0,4,False,92,0.07676056338028169,0.10749883177570099,0.12086486486486486,0.007498831775700986,0.1,0.10086486486486486,0.0,0.02,0.0,0.0,0.0
3.200091,90,10598.409248,medium,0.8663551401869158,2.866355140186916,2,900,8,4,4,4,4,0,0,0,0,0.0821028037383162,0.0,0.21559999999999416,1.0,0.9999999999999967,5,True,104,0.08637323943661972,0.12873598130841069,0.2949999999999996,0.02873598130841067,0.1,0.11999999999999994,0.09999999999999967,0.025,0.05,0.0,0.0
3.201388,87,10626.477116,medium,0.9170560747663551,2.917056074766355,2,861,8,4,4,4,4,0,0,0,0,0.026331775700934767,0.030270270270270388,0.008399999999999994,0.7601351351351338,0.9999999999999997,4,True,97,0.07436619718309859,0.10921612149532717,0.26121621621621605,0.009216121495327167,0.1,0.09121621621621605,0.09999999999999998,0.02,0.05,0.0,0.0
4.310081,76,10648.629156,medium,1.0,4.0,3,751,8,4,4,4,4,0,0,0,0,0.03090342679127745,0.08936936936936993,0.0,0.9999999999999971,1.0,5,True,71,0.058485915492957744,0.09018063599666543,0.29499999999999965,0.010816199376947106,0.07936443661971831,0.11999999999999965,0.1,0.025,0.05,0.0,0.0
4.144862,66,10669.561751,medium,1.0,4.0,3,654,3,2,1,2,1,0,0,0,5,0.006705607476635225,0.0,0.0,1.0,1.0,5,True,24,0.027887323943661974,-0.08473754442543119,0.29499999999999993,0.002346962616822328,0.03291549295774648,0.11999999999999995,0.09999999999999999,0.025,0.05,0.0,0.12
3.112426,80,10700.689827,medium,0.8018691588785046,2.8018691588785045,2,800,8,4,4,4,4,0,0,0,0,0.05904205607476629,0.07094594594594605,0.05950000000000038,0.8324324324324295,0.999999999999997,4,True,128,0.11433098591549296,0.1206647196261682,0.2698918918918912,0.0206647196261682,0.1,0.09989189189189153,0.0999999999999997,0.02,0.05,0.0,0.0
3.141623,77,10725.976134,medium,0.8711059190031153,2.8711059190031154,2,762,8,4,4,4,4,0,0,0,0,0.018419003115264787,0.041441441441441434,0.013999999999999981,0.6272522522522502,0.9999999999999994,3,True,96,0.08366197183098592,0.10644665109034268,0.24027027027026993,0.0064466510903426755,0.1,0.07527027027027,0.09999999999999995,0.015,0.05,0.0,0.0
2.745145,90,10754.224991,medium,0.5205919003115265,2.5205919003115262,2,900,8,4,4,4,4,0,0,0,0,0.03892523364485917,0.0018918918918919131,0.1637999999999972,0.42441441441441435,0.9999999999999959,0,True,136,0.10943661971830985,0.1136238317757007,0.20092972972972933,0.013623831775700708,0.1,0.05092972972972972,0.0999999999999996,0.0,0.05,0.0,0.0
4.334139,80,10779.689008,medium,1.0,4.0,3,791,8,4,4,4,4,0,0,0,0,0.05211059190031096,0.041441441441441434,0.1616999999999973,1.0000000000000016,0.9999999999999959,5,True,92,0.07359154929577465,0.11823870716510884,0.29499999999999976,0.018238707165108836,0.1,0.12000000000000019,0.09999999999999959,0.025,0.05,0.0,0.0
3.102648,83,10805.873099,medium,0.8465732087227414,2.8465732087227416,2,823,8,4,4,4,4,0,0,0,0,0.018909657320872263,0.041441441441441434,0.0,0.5563063063063043,1.0,3,True,88,0.0852112676056338,0.1066183800623053,0.2317567567567565,0.006618380062305291,0.1,0.0667567567567565,0.1,0.015,0.05,0.0,0.0
3.084814,90,10835.319513,medium,0.8503894080996884,2.8503894080996885,2,900,8,4,4,4,4,0,0,0,0,0.0,0.0,0.0,0.9664414414414414,1.0,4,True,37,0.026602112676056337,0.03845158450704225,0.28597297297297297,0.0,0.03845158450704225,0.11597297297297295,0.1,0.02,0.05,0.0,0.0
2.824946,81,10867.157312,medium,0.5725077881619938,2.5725077881619938,2,808,8,4,4,4,4,0,0,0,0,0.02985981308411221,0.0,0.12500000000000028,0.5745495495495495,0.9999999999999961,2,True,83,0.0697887323943662,0.10429248387521392,0.22894594594594553,0.010450934579439273,0.09384154929577465,0.06894594594594593,0.09999999999999962,0.01,0.05,0.0,0.0
3.204034,89,10896.269075,medium,0.9442367601246106,2.9442367601246104,2,884,8,4,4,4,4,0,0,0,0,0.04131619937694694,0.041441441441441434,0.0,0.8387387387387367,1.0,4,True,61,0.04345070422535211,0.07754869795094552,0.2706486486486484,0.014460669781931425,0.06308802816901408,0.10064864864864839,0.1,0.02,0.05,0.0,0.0
1.789648,90,10925.126764,medium,0.6719704049844237,1.6719704049844237,1,900,8,4,4,4,4,0,0,0,0,0.016518691588785165,0.00520270270270276,0.0,0.7270495495495494,0.0,3,False,84,0.07686619718309859,0.10543118994339877,0.10224594594594591,0.005781542056074807,0.09964964788732396,0.08724594594594591,0.0,0.015,0.0,0.0,0.0
4.316013,90,10954.866821,medium,1.0,4.0,3,898,8,4,4,4,4,0,0,0,0,0.03089563862928342,0.0,0.0923333333333334,1.0,0.9999999999999961,5,True,106,0.08221830985915493,0.1108134735202492,0.2949999999999996,0.010813473520249197,0.1,0.11999999999999998,0.0999999999999996,0.025,0.05,0.0,0.0
1.655394,90,10982.872675,medium,0.5277258566978194,1.5277258566978194,1,900,8,4,4,4,4,0,0,0,0,0.04203271028037364,0.0,0.0,0.6396396396396397,0.112,3,False,118,0.10651408450704225,0.11471144859813077,0.10295675675675675,0.014711448598130773,0.1,0.07675675675675675,0.011200000000000002,0.015,0.0,0.0,0.0
4.18066,67,11004.529221,medium,1.0,4.0,3,668,3,0,3,0,3,0,0,0,5,0.0,0.0,0.0,1.0,1.0,5,True,63,0.05461267605633803,-0.04754049295774647,0.29500000000000004,0.0,0.07245950704225353,0.12000000000000001,0.1,0.025,0.05,0.0,0.12
0.549475,77,11034.017865,medium,0.414493769470405,0.414493769470405,0,769,8,4,4,4,4,0,0,0,0,0.008341121495327125,0.021756756756756927,0.0,0.7830180180180171,0.0,3,False,85,0.08947183098591549,0.1029193925233645,0.10896216216216204,0.002919392523364494,0.1,0.09396216216216204,0.0,0.015,0.0,0.0,0.0
3.242257,90,11062.985173,medium,0.9605919003115265,2.9605919003115266,2,900,8,4,4,4,4,0,0,0,0,0.0539719626168211,0.0,0.11129999999999524,0.8860360360360361,1.0,4,True,76,0.05126760563380282,0.09534089114123949,0.2763243243243243,0.018890186915887387,0.0764507042253521,0.10632432432432432,0.1,0.02,0.05,0.0,0.0
4.325269,80,11089.483025,medium,1.0,4.0,3,798,8,4,4,4,4,0,0,0,0,0.02876947040498447,0.0,0.029333333333333354,1.0,0.9999999999999987,5,True,83,0.08288732394366197,0.11006931464174458,0.2949999999999999,0.010069314641744563,0.1,0.11999999999999997,0.09999999999999988,0.025,0.05,0.0,0.0
4.116746,69,11111.71742,medium,1.0,4.0,3,681,4,4,0,4,0,0,0,0,4,0.02813084112149546,0.021283783783783854,0.0,1.0000000000000029,1.0,5,True,0,0.0,-0.11015420560747659,0.2950000000000004,0.009845794392523411,0.0,0.12000000000000034,0.1,0.025,0.05,0.0,0.12
4.28618,83,11138.031996,medium,1.0,4.0,3,826,8,4,4,4,4,0,0,0,0,0.024610591900311587,0.0,0.0,1.0,1.0,5,True,58,0.048221830985915495,0.07378008040454567,0.295,0.008613707165109055,0.06516637323943662,0.11999999999999997,0.1,0.025,0.05,0.0,0.0
3.112054,90,11166.099774,medium,0.8404984423676013,2.8404984423676014,2,900,8,4,4,4,4,0,0,0,0,0.0613551401869157,0.0,0.1245999999999989,0.6256756756756757,0.9999999999999959,3,True,94,0.07714788732394366,0.1214742990654205,0.24008108108108067,0.02147429906542049,0.1,0.0750810810810811,0.0999999999999996,0.015,0.05,0.0,0.0
4.319733,86,11198.899135,medium,1.0,4.0,3,852,8,4,4,4,4,0,0,0,0,0.0490654205607477,0.06195945945946001,0.11829999999999914,0.9999999999999967,0.9999999999999961,5,True,82,0.06901408450704226,0.10993346057654338,0.2949999999999992,0.01717289719626169,0.09276056338028169,0.1199999999999996,0.09999999999999962,0.025,0.05,0.0,0.0
3.089621,90,11227.661026,medium,0.8040498442367601,2.80404984423676,2,900,8,4,4,4,4,0,0,0,0,0.014065420560747579,0.040675675675675434,0.0,0.8387387387387374,1.0,4,True,154,0.14183098591549295,0.10492289719626166,0.27064864864864846,0.004922897196261652,0.1,0.10064864864864846,0.09999999999999999,0.02,0.05,0.0,0.0
4.203565,65,11249.037644,medium,1.0,4.0,3,644,4,0,4,0,4,0,0,0,4,0.0,0.0,0.0,1.0,1.0,5,True,86,0.06661971830985916,-0.02703521126760562,0.295,0.0,0.09296478873239437,0.12,0.1,0.025,0.05,0.0,0.12
1.917144,90,11277.643781,medium,0.7585669781931464,1.7585669781931466,1,900,8,4,4,4,4,0,0,0,0,0.026246105919003178,0.0,0.0,0.8198198198198198,0.23333333333333334,4,False,93,0.0682394366197183,0.10686571453643984,0.14171171171171168,0.009186137071651109,0.09767957746478872,0.09837837837837836,0.023333333333333334,0.02,0.0,0.0,0.0
4.307985,82,11303.470067,medium,1.0,4.0,3,812,8,4,4,4,4,0,0,0,0,0.0,0.0,0.0,1.0,1.0,5,True,83,0.07024647887323944,0.09418485915492959,0.295,0.0,0.09418485915492959,0.11999999999999998,0.1,0.025,0.05,0.0,0.0
3.256627,90,11331.856002,medium,0.9704049844236761,2.970404984423676,2,900,8,4,4,4,4,0,0,0,0,0.028948598130841316,0.03310810810810829,0.0,0.9144144144144127,1.0,4,True,80,0.06181338028169014,0.09649204455706208,0.27972972972972954,0.01013200934579446,0.08636003521126762,0.10972972972972954,0.1,0.02,0.05,0.0,0.0
0.551007,89,11365.196605,medium,0.4735202492211838,0.4735202492211838,0,884,8,4,4,4,4,0,0,0,0,0.023060747663550936,0.0,0.0,0.5585585585585585,0.0,1,False,82,0.05971830985915493,0.09385999407660904,0.07202702702702703,0.008071261682242824,0.08578873239436621,0.06702702702702702,0.0,0.005,0.0,0.0,0.0
1.698043,86,11392.818577,medium,0.5616043613707166,1.5616043613707165,1,859,8,4,4,4,4,0,0,0,0,0.029462616822429986,0.020337837837837897,0.0,0.8085585585585576,0.0,3,False,98,0.08140845070422535,0.1103119158878505,0.1120270270270269,0.010311915887850496,0.1,0.0970270270270269,0.0,0.015,0.0,0.0,0.0
2.160769,90,11421.933454,medium,0.9254828660436127,1.9254828660436127,1,900,8,4,4,4,4,0,0,0,0,0.03842679127725732,0.024572072072072064,0.09239999999999601,0.8477477477477466,0.9510666666666626,3,False,120,0.09845070422535211,0.11344937694704006,0.21183639639639584,0.013449376947040062,0.1,0.10172972972972957,0.09510666666666627,0.015,0.0,0.0,0.0
1.817827,86,11449.80992,medium,0.6412071651090333,1.6412071651090332,1,855,8,4,4,4,4,0,0,0,0,0.0626635514018683,0.021283783783783854,0.09869999999999575,0.413963963963963,0.9316999999999958,2,False,85,0.0597887323943662,0.10927379228642857,0.15284567567567517,0.021932242990653907,0.08734154929577466,0.04967567567567557,0.09316999999999959,0.01,0.0,0.0,0.0
3.147539,90,11478.339776,medium,0.8998442367601246,2.8998442367601247,2,900,8,4,4,4,4,0,0,0,0,0.056588785046728866,0.027905405405405665,0.13509999999999844,0.9817567567567556,0.9999999999999959,3,True,26,0.02943661971830986,0.0548835395550875,0.2828108108108102,0.019806074766355104,0.035077464788732395,0.11781081081081062,0.09999999999999959,0.015,0.05,0.0,0.0
0.477922,87,11505.986942,medium,0.40818535825545177,0.40818535825545177,0,862,8,4,4,4,4,0,0,0,0,0.013325545171339563,0.0004729729729729783,0.0,0.3856081081081081,0.0,1,False,140,0.1271830985915493,0.10466394080996885,0.05127297297297296,0.004663940809968846,0.1,0.04627297297297296,0.0,0.005,0.0,0.0,0.0
3.155325,79,11535.884637,medium,0.872196261682243,2.8721962616822427,2,781,8,4,4,4,4,0,0,0,0,0.058800623052959626,0.041441441441441434,0.1903333333333336,0.6304054054054034,0.9999999999999961,3,True,100,0.07507042253521126,0.12058021806853587,0.240648648648648,0.02058021806853587,0.1,0.0756486486486484,0.09999999999999962,0.015,0.05,0.0,0.0
4.330901,77,11561.155043,medium,1.0,4.0,3,761,8,4,4,4,4,0,0,0,0,0.07771028037383124,0.019864864864865082,0.1651999999999971,0.999999999999999,0.9999999999999961,5,True,72,0.06507042253521127,0.11200141503224939,0.29499999999999943,0.027198598130840933,0.08480281690140846,0.11999999999999983,0.09999999999999962,0.025,0.05,0.0,0.0
3.080893,83,11588.719338,medium,0.8013239875389409,2.801323987538941,2,825,8,4,4,4,4,0,0,0,0,0.0,0.0,0.0,0.8308558558558559,1.0,4,True,96,0.059154929577464786,0.0923661971830986,0.2697027027027027,0.0,0.0923661971830986,0.09970270270270269,0.1,0.02,0.05,0.0,0.0
3.155932,79,11615.175141,medium,0.8544548286604361,2.854454828660436,2,783,8,4,4,4,4,0,0,0,0,0.039579439252336084,0.02932432432432406,0.12599999999999884,0.8410360360360347,0.9999999999999959,3,True,82,0.08211267605633803,0.11385280373831763,0.2659243243243237,0.013852803738317631,0.1,0.10092432432432413,0.09999999999999959,0.015,0.05,0.0,0.0
3.094789,75,11640.237064,medium,0.8038940809968848,2.803894080996885,2,747,8,4,4,4,4,0,0,0,0,0.0,0.0,0.0,0.8382882882882883,1.0,3,True,144,0.12253521126760564,0.1,0.26559459459459456,0.0,0.1,0.10059459459459458,0.1,0.015,0.05,0.0,0.0
3.185796,90,11669.039634,medium,0.8783489096573208,2.878348909657321,2,900,8,4,4,4,4,0,0,0,0,0.029758566978193346,0.08605855855855914,0.0,0.9999999999999971,1.0,5,True,76,0.07204225352112677,0.10244718858321272,0.29499999999999965,0.010415498442367669,0.09203169014084506,0.11999999999999963,0.1,0.025,0.05,0.0,0.0
4.289017,78,11699.34938,medium,1.0,4.0,3,773,8,4,4,4,4,0,0,0,0,0.0,0.0,0.0,1.0,1.0,5,True,52,0.06042253521126761,0.07131690140845072,0.29500000000000004,0.0,0.07131690140845072,0.12000000000000001,0.1,0.025,0.05,0.0,0.0
4.34853,78,11724.999011,medium,1.0,4.0,3,771,8,4,4,4,4,0,0,0,0,0.08751557632398696,0.048220720720720776,0.1651999999999971,1.0000000000000013,0.9999999999999961,5,True,150,0.13007042253521126,0.13063045171339543,0.29499999999999976,0.030630451713395433,0.1,0.12000000000000018,0.09999999999999959,0.025,0.05,0.0,0.0
1.659657,90,11754.252052,medium,0.5734423676012461,1.5734423676012461,1,900,8,4,4,4,4,0,0,0,0,0.0013084112149532147,0.0,0.0,0.547972972972973,0.0,2,False,168,0.14661971830985915,0.10045794392523363,0.07575675675675674,0.00045794392523362506,0.1,0.06575675675675674,0.0,0.01,0.0,0.0,0.0
3.22292,90,11783.47591,medium,0.9332554517133956,2.9332554517133955,2,900,8,4,4,4,4,0,0,0,0,0.0623130841121489,0.008986486486486474,0.04619999999999801,0.8069819819819816,1.0,3,True,77,0.07669014084507042,0.11782718507305494,0.2618378378378378,0.021809579439252113,0.09601760563380282,0.09683783783783781,0.1,0.015,0.05,0.0,0.0
4.328285,78,11808.660243,medium,1.0,4.0,3,774,8,4,4,4,4,0,0,0,0,0.06298286604361279,0.014639639639639643,0.10149999999999562,1.0000000000000024,1.0,5,True,82,0.06352112676056337,0.11068484818568702,0.29500000000000026,0.022044003115264478,0.08864084507042254,0.12000000000000026,0.1,0.025,0.05,0.0,0.0
1.74835,90,11837.663584,medium,0.5676947040498436,1.5676947040498437,1,900,8,4,4,4,4,0,0,0,0,0.0246962616822423,0.023175675675675765,0.07139999999999691,0.6551801801801791,0.8600666666666635,2,False,76,0.0658450704225352,0.09602749440568621,0.17462828828828786,0.008643691588784806,0.0873838028169014,0.0786216216216215,0.08600666666666636,0.01,0.0,0.0,0.0
1.897879,82,11868.188342,medium,0.7394236760124602,1.7394236760124602,1,816,8,4,4,4,4,0,0,0,0,0.02158878504672804,0.0,0.09239999999999601,0.3204954954954955,0.890399999999996,1,False,120,0.09084507042253522,0.10755607476635481,0.13249945945945907,0.007556074766354815,0.1,0.03845945945945945,0.08903999999999962,0.005,0.0,0.0,0.0
3.078208,90,11896.486638,medium,0.7990654205607477,2.7990654205607477,2,900,8,4,4,4,4,0,0,0,0,0.02714953271028065,0.025540540540540682,0.0784000000000006,0.8243243243243232,0.9999999999999961,3,True,88,0.0689612676056338,0.10522328715282357,0.26391891891891833,0.009502336448598228,0.09572095070422534,0.09891891891891874,0.0999999999999996,0.015,0.05,0.0,0.0
4.335968,81,11922.586365,medium,1.0,4.0,3,809,8,4,4,4,4,0,0,0,0,0.08665887850467305,0.058468468468468475,0.19966666666666696,0.9999999999999971,0.9999999999999961,5,True,79,0.0693838028169014,0.12186845958931163,0.29499999999999926,0.030330607476635563,0.09153785211267607,0.11999999999999962,0.09999999999999962,0.025,0.05,0.0,0.0
2.838283,77,11947.013954,medium,0.5798909657320872,2.579890965732087,2,763,8,4,4,4,4,0,0,0,0,0.009096573208722777,0.026306306306306412,0.0,0.5959009009008998,1.0,2,True,174,0.1497887323943662,0.10318380062305298,0.23150810810810796,0.003183800623052972,0.1,0.07150810810810795,0.1,0.01,0.05,0.0,0.0
4.261746,88,11975.606353,medium,1.0,4.0,3,879,8,4,4,4,4,0,0,0,0,0.0076869158878505395,0.01844594594594615,0.0,1.0,1.0,5,True,54,0.03327464788732394,0.054646406476240646,0.295,0.0026904205607476885,0.051955985915492955,0.11999999999999998,0.1,0.025,0.05,0.0,0.0
0.594781,83,12002.05314,medium,0.4711526479750776,0.4711526479750776,0,824,8,4,4,4,4,0,0,0,0,0.02224299065420534,0.0,0.0,0.7353603603603603,0.0,2,False,88,0.07605633802816901,0.10778504672897188,0.09824324324324327,0.007785046728971867,0.1,0.08824324324324327,0.0,0.01,0.0,0.0,0.0
4.305642,68,12022.668462,medium,1.0,4.0,3,672,7,3,4,3,4,0,0,0,1,0.02240654205607477,0.0,0.0,1.0,1.0,5,True,126,0.10383802816901408,0.07784228971962617,0.29500000000000004,0.00784228971962617,0.1,0.12000000000000001,0.1,0.025,0.05,0.0,0.03
4.30579,87,12055.25698,medium,1.0,4.0,3,870,8,4,4,4,4,0,0,0,0,0.014330218068535823,0.041441441441441434,0.0,0.999999999999998,1.0,5,True,74,0.07436619718309859,0.09779022421131148,0.29499999999999976,0.005015576323987538,0.09277464788732394,0.11999999999999976,0.1,0.025,0.05,0.0,0.0
4.316914,77,12080.370053,medium,1.0,4.0,3,765,8,4,4,4,4,0,0,0,0,0.007032710280373853,0.020337837837837897,0.0,0.9999999999999992,1.0,5,True,84,0.07193661971830986,0.09841391338686326,0.29499999999999993,0.0024614485981308484,0.09595246478873241,0.11999999999999991,0.09999999999999999,0.025,0.05,0.0,0.0
4.193983,70,12103.376265,medium,1.0,4.0,3,700,5,1,4,1,4,0,0,0,3,0.015700934579439364,0.0,0.0,1.0,1.0,5,True,39,0.045316901408450704,-0.031016996840858194,0.295,0.005495327102803777,0.05348767605633803,0.12,0.1,0.025,0.05,0.0,0.09
4.310532,78,12127.857034,medium,1.0,4.0,3,779,8,4,4,4,4,0,0,0,0,0.04824766355140079,0.0,0.20649999999999538,1.0,0.9999999999999959,5,True,67,0.0573943661971831,0.09343245689087759,0.2949999999999996,0.016886682242990274,0.07654577464788732,0.12,0.09999999999999959,0.025,0.05,0.0,0.0
4.2658,71,12151.083486,medium,1.0,4.0,3,701,6,2,4,2,4,0,0,0,2,0.0061526479750778846,0.017792792792792802,0.0,0.9999999999999992,1.0,5,True,72,0.08366197183098592,0.040899905664516706,0.29499999999999993,0.0021534267912772594,0.09874647887323944,0.1199999999999999,0.1,0.025,0.05,0.0,0.06
2.015255,90,12179.852471,medium,0.8448598130841122,1.844859813084112,1,900,8,4,4,4,4,0,0,0,0,0.0037616822429906525,0.006148648648648644,0.0,0.9999999999999996,0.336,5,False,68,0.061971830985915494,0.08179546202448335,0.1785999999999999,0.0013165887850467282,0.08047887323943662,0.1199999999999999,0.033600000000000005,0.025,0.0,0.0,0.0
3.17927,90,12212.648503,medium,0.8514797507788162,2.8514797507788163,2,900,8,4,4,4,4,0,0,0,0,0.08766355140186784,0.03925675675675701,0.23029999999999431,0.9759009009008989,0.9999999999999961,4,True,144,0.12253521126760564,0.13068224299065376,0.2871081081081075,0.03068224299065374,0.1,0.11710810810810786,0.09999999999999963,0.02,0.05,0.0,0.0
3.202496,90,12241.110514,medium,0.911993769470405,2.911993769470405,2,900,8,4,4,4,4,0,0,0,0,0.05658878504672753,0.004729729729729724,0.17989999999999612,0.8434684684684682,0.9999999999999962,4,True,93,0.057306338028169014,0.1092858282874814,0.27121621621621583,0.019806074766354632,0.08947975352112678,0.1012162162162162,0.09999999999999964,0.02,0.05,0.0,0.0
3.240511,79,12266.660971,medium,0.9321028037383178,2.9321028037383177,2,781,8,4,4,4,4,0,0,0,0,0.057344236760124616,0.08448198198198245,0.12039999999999905,0.8036486486486445,0.9999999999999961,4,True,138,0.11936619718309859,0.12007048286604362,0.266437837837837,0.020070482866043612,0.1,0.09643783783783733,0.09999999999999963,0.02,0.05,0.0,0.0
3.080258,90,12295.978729,medium,0.7930685358255452,2.793068535825545,2,900,8,4,4,4,4,0,0,0,0,0.0665654205607469,0.011351351351351334,0.19739999999999575,0.7407657657657652,0.9999999999999961,3,True,103,0.08799295774647888,0.12329789719626141,0.25389189189189143,0.02329789719626141,0.1,0.0888918918918918,0.09999999999999963,0.015,0.05,0.0,0.0
4.167552,69,12317.869045,medium,1.0,4.0,3,690,4,1,3,1,3,0,0,0,4,0.011285046728972025,0.0,0.048300000000000266,1.0,0.9999999999999976,5,True,42,0.048802816901408454,-0.05844812096880345,0.29499999999999976,0.003949766355140208,0.05760211267605633,0.12,0.09999999999999976,0.025,0.05,0.0,0.12
4.301419,75,12342.164898,medium,1.0,4.0,3,741,8,4,4,4,4,0,0,0,0,0.04393302180685376,0.06556306306306325,0.0,1.0000000000000004,1.0,5,True,64,0.04419014084507042,0.08051916326620162,0.29500000000000004,0.015376557632398816,0.06514260563380281,0.12000000000000005,0.09999999999999999,0.025,0.05,0.0,0.0
3.182593,87,12374.55527,medium,0.9143302180685359,2.9143302180685358,2,866,8,4,4,4,4,0,0,0,0,0.06950934579439133,0.04635135135135168,0.1413999999999939,0.7522522522522505,1.0,4,True,65,0.05035211267605634,0.0945923555350792,0.26027027027027005,0.02432827102803696,0.07026408450704225,0.09027027027027004,0.1,0.02,0.05,0.0,0.0
4.265064,69,12397.796715,medium,1.0,4.0,3,683,6,2,4,2,4,0,0,0,2,0.0062149532710280495,0.017972972972973008,0.0,0.9999999999999992,1.0,5,True,77,0.07691901408450705,0.03836449420824012,0.2949999999999999,0.002175233644859817,0.0961892605633803,0.11999999999999987,0.1,0.025,0.05,0.0,0.06
4.23342,68,12420.477167,medium,1.0,4.0,3,679,5,1,4,1,4,0,0,0,3,0.028660436137071713,0.0,0.12266666666666694,1.0,0.9999999999999961,5,True,68,0.06971830985915493,0.0063198850423412944,0.29499999999999965,0.010031152647975099,0.0862887323943662,0.12000000000000001,0.09999999999999963,0.025,0.05,0.0,0.09
3.316883,90,12450.162463,medium,0.9873831775700934,2.987383177570093,2,900,8,4,4,4,4,0,0,0,0,0.06999999999999956,0.034054054054054275,0.17009999999999695,0.9999999999999983,0.9999999999999959,5,True,93,0.07309859154929578,0.12449999999999985,0.2949999999999994,0.024499999999999845,0.1,0.11999999999999977,0.09999999999999959,0.025,0.05,0.0,0.0
1.916521,83,12475.911177,medium,0.7573208722741434,1.7573208722741434,1,825,8,4,4,4,4,0,0,0,0,0.005397196261682258,0.0066216216216216815,0.0,0.6900900900900901,0.42,3,False,150,0.13445422535211268,0.1018890186915888,0.13981081081081081,0.0018890186915887903,0.1,0.08281081081081083,0.042,0.015,0.0,0.0,0.0
1.722265,90,12505.154592,medium,0.5845794392523365,1.5845794392523365,1,900,8,4,4,4,4,0,0,0,0,0.006051401869158896,0.01750000000000005,0.0,0.879729729729729,0.0,4,False,117,0.11355633802816902,0.10211799065420563,0.1255675675675674,0.002117990654205614,0.1,0.10556756756756741,0.0,0.02,0.0,0.0,0.0
3.25854,90,12534.747944,medium,0.9654984423676013,2.9654984423676014,2,900,8,4,4,4,4,0,0,0,0,0.06290498442367498,0.041441441441441434,0.2078999999999953,0.9002252252252232,0.9999999999999959,4,True,62,0.06933098591549296,0.10501498398490595,0.27802702702702636,0.02201674454828624,0.08299823943661971,0.10802702702702677,0.09999999999999959,0.02,0.05,0.0,0.0
4.284543,90,12568.667885,medium,1.0,4.0,3,900,8,4,4,4,4,0,0,0,0,0.012266355140186988,0.03547297297297319,0.0,0.9999999999999983,1.0,5,True,68,0.055,0.07954322429906545,0.2949999999999998,0.004293224299065446,0.07525,0.1199999999999998,0.1,0.025,0.05,0.0,0.0
4.308716,88,12597.668073,medium,1.0,4.0,3,872,8,4,4,4,4,0,0,0,0,0.002616822429906509,0.0042567567567568035,0.0,1.0,1.0,5,True,88,0.08373239436619719,0.10091588785046729,0.295,0.000915887850467278,0.1,0.11999999999999997,0.09999999999999999,0.025,0.05,0.0,0.0
4.327131,76,12622.357974,medium,1.0,4.0,3,757,8,4,4,4,4,0,0,0,0,0.022375389408099723,0.0014189189189189348,0.0,1.0,1.0,5,True,94,0.08211267605633803,0.10783138629283491,0.295,0.007831386292834903,0.1,0.12,0.1,0.025,0.05,0.0,0.0
3.241548,90,12651.660174,medium,0.9451090342679128,2.945109034267913,2,900,8,4,4,4,4,0,0,0,0,0.04769470404984338,0.07927927927927933,0.08679999999999626,0.8412612612612578,1.0,4,True,90,0.07172535211267606,0.11548716050195222,0.27095135135135096,0.01669314641744518,0.09879401408450704,0.10095135135135093,0.1,0.02,0.05,0.0,0.0
3.019836,90,12680.191265,medium,0.7686915887850467,2.768691588785047,2,900,8,4,4,4,4,0,0,0,0,0.011939252336448668,0.0023648648648648915,0.0,0.7207207207207207,1.0,4,True,68,0.061971830985915494,0.08465761155719365,0.2564864864864865,0.004178738317757033,0.08047887323943662,0.08648648648648649,0.1,0.02,0.05,0.0,0.0
3.315722,90,12709.099719,medium,0.9938473520249221,2.9938473520249222,2,900,8,4,4,4,4,0,0,0,0,0.07411214953270931,0.0,0.2001999999999956,0.9822072072072072,0.9999999999999961,4,True,96,0.06676056338028169,0.12400967487165954,0.2878648648648644,0.025939252336448258,0.09807042253521128,0.11786486486486478,0.09999999999999963,0.02,0.05,0.0,0.0
0.544918,90,12743.322718,medium,0.4287383177570093,0.4287383177570093,0,900,8,4,4,4,4,0,0,0,0,0.0,0.0,0.0,0.5916666666666667,0.35933333333333334,1,False,78,0.07366197183098591,0.09424647887323943,0.11193333333333333,0.0,0.09424647887323943,0.071,0.03593333333333333,0.005,0.0,0.0,0.0
3.104408,90,12772.858684,medium,0.8595015576323988,2.8595015576323988,2,900,8,4,4,4,4,0,0,0,0,0.010467289719625832,0.0,0.04479999999999856,0.5936936936936937,0.9999999999999996,2,True,109,0.08566901408450704,0.10366355140186904,0.2312432432432432,0.0036635514018690408,0.1,0.07124324324324323,0.09999999999999996,0.01,0.05,0.0,0.0
3.168342,90,12802.098805,medium,0.8984501557632399,2.89845015576324,2,900,8,4,4,4,4,0,0,0,0,0.02894859813084105,0.009932432432432541,0.10919999999999953,0.7063288288288284,0.9999999999999961,3,True,87,0.07669014084507042,0.11013200934579437,0.24975945945945904,0.01013200934579437,0.1,0.08475945945945944,0.0999999999999996,0.015,0.05,0.0,0.0
3.289691,90,12831.742999,medium,0.9829439252336448,2.982943925233645,2,900,8,4,4,4,4,0,0,0,0,0.08383956386292706,0.041441441441441434,0.2092999999999952,0.9506756756756737,0.9999999999999961,4,True,73,0.062429577464788735,0.11266603045061603,0.2840810810810805,0.02934384735202447,0.08332218309859156,0.11408108108108084,0.09999999999999963,0.02,0.05,0.0,0.0
2.977251,90,12859.714327,medium,0.6927570093457944,2.6927570093457946,2,900,8,4,4,4,4,0,0,0,0,0.014228971962616731,0.0,0.0,0.8292792792792792,1.0,4,True,192,0.1707042253521127,0.10498014018691586,0.2695135135135135,0.004980140186915855,0.1,0.0995135135135135,0.1,0.02,0.05,0.0,0.0
4.33306,83,12890.590225,medium,1.0,4.0,3,823,8,4,4,4,4,0,0,0,0,0.07186915887850508,0.08054054054054098,0.0,0.999999999999998,1.0,5,True,88,0.06827464788732394,0.12036019152296974,0.29499999999999976,0.025154205607476773,0.09520598591549297,0.11999999999999975,0.1,0.025,0.05,0.0,0.0
4.331989,75,12914.480153,medium,1.0,4.0,3,748,8,4,4,4,4,0,0,0,0,0.045794392523363515,0.0,0.19599999999999584,1.0,0.9999999999999959,5,True,73,0.07901408450704225,0.11178860076345892,0.2949999999999996,0.016028037383177228,0.0957605633802817,0.11999999999999997,0.0999999999999996,0.025,0.05,0.0,0.0
4.2967,69,12937.097672,medium,1.0,4.0,3,683,7,3,4,3,4,0,0,0,1,0.0,0.0,0.0,1.0,1.0,5,True,112,0.09774647887323944,0.07,0.295,0.0,0.1,0.11999999999999998,0.1,0.025,0.05,0.0,0.03
3.29352,89,12965.015128,medium,0.9802180685358255,2.9802180685358257,2,884,8,4,4,4,4,0,0,0,0,0.06558411214953151,0.0,0.23029999999999431,0.9427927927927928,0.9999999999999961,4,True,82,0.07281690140845071,0.11856711530867405,0.2831351351351347,0.022954439252336024,0.09561267605633803,0.11313513513513512,0.09999999999999962,0.02,0.05,0.0,0.0
3.186461,90,12993.219131,medium,0.9083333333333333,2.908333333333333,2,900,8,4,4,4,4,0,0,0,0,0.04626168224299078,0.041441441441441434,0.13666666666666694,0.7349099099099079,0.9999999999999961,4,True,92,0.06366197183098592,0.10993806765828622,0.25818918918918854,0.01619158878504677,0.09374647887323945,0.08818918918918894,0.0999999999999996,0.02,0.05,0.0,0.0
1.787614,89,13021.08744,medium,0.7034267912772586,1.7034267912772587,1,887,8,4,4,4,4,0,0,0,0,0.0,0.0,0.0,0.5405405405405406,0.4106666666666667,3,False,54,0.03327464788732394,0.051955985915492955,0.12093153153153152,0.0,0.051955985915492955,0.06486486486486485,0.04106666666666667,0.015,0.0,0.0,0.0
4.272472,71,13044.469865,medium,1.0,4.0,3,710,6,2,4,2,4,0,0,0,2,0.024205607476635457,0.0,0.0,1.0,1.0,5,True,130,0.11610915492957746,0.04847196261682242,0.295,0.008471962616822409,0.1,0.12,0.1,0.025,0.05,0.0,0.06
4.32959,79,13074.500821,medium,1.0,4.0,3,788,8,4,4,4,4,0,0,0,0,0.04249221183800613,0.04200450450450468,0.0,1.0000000000000016,1.0,5,True,82,0.07669014084507042,0.11338987977710498,0.29500000000000015,0.014872274143302144,0.09851760563380284,0.12000000000000015,0.1,0.025,0.05,0.0,0.0
3.110391,89,13102.638501,medium,0.8182242990654206,2.8182242990654207,2,885,8,4,4,4,4,0,0,0,0,0.01619158878504633,0.003783783783783787,0.0,0.8749999999999999,1.0,4,True,134,0.10820422535211267,0.10566705607476622,0.27499999999999997,0.005667056074766215,0.1,0.10499999999999995,0.1,0.02,0.05,0.0,0.0
0.505241,79,13128.704221,medium,0.47861370716510887,0.47861370716510887,0,787,8,4,4,4,4,0,0,0,0,0.027803738317756895,0.0,0.0,0.4596846846846847,0.22866666666666666,2,False,7,0.005422535211267606,0.017298209819665615,0.08802882882882881,0.009731308411214912,0.007566901408450705,0.05516216216216215,0.022866666666666667,0.01,0.0,0.0,0.0
4.324904,73,13151.990546,medium,1.0,4.0,3,725,8,4,4,4,4,0,0,0,0,0.006869158878504692,0.01986486486486492,0.0,1.000000000000003,1.0,5,True,88,0.09295774647887324,0.10240420560747665,0.2950000000000003,0.0024042056074766423,0.1,0.1200000000000003,0.1,0.025,0.05,0.0,0.0
2.989522,90,13180.441947,medium,0.7788940809968847,2.778894080996885,2,900,8,4,4,4,4,0,0,0,0,0.0,0.0,0.0,0.6477477477477478,1.0,3,True,54,0.04119718309859155,0.05789788732394365,0.24272972972972967,0.0,0.05789788732394365,0.07772972972972968,0.09999999999999999,0.015,0.05,0.0,0.0
3.133706,90,13209.131513,medium,0.8291277258566978,2.829127725856698,2,900,8,4,4,4,4,0,0,0,0,0.04350467289719652,0.094594594594595,0.0,0.9112612612612568,1.0,4,True,81,0.08484154929577464,0.1152266355140188,0.2793513513513508,0.015226635514018781,0.1,0.10935135135135084,0.09999999999999999,0.02,0.05,0.0,0.0
4.231181,84,13240.536437,medium,1.0,4.0,3,838,7,4,3,4,3,0,0,0,1,0.013084112149532793,0.0,0.05600000000000035,1.0,0.9999999999999972,5,True,42,0.032535211267605633,0.019980847703040705,0.2949999999999997,0.0045794392523364775,0.04540140845070423,0.11999999999999997,0.09999999999999973,0.025,0.05,0.0,0.03
3.20768,90,13269.373537,medium,0.9622274143302181,2.962227414330218,2,900,8,4,4,4,4,0,0,0,0,0.0839252336448584,0.0,0.2211999999999947,0.8907657657657657,0.9999999999999961,4,True,27,0.02091549295774648,0.058560451494010304,0.2768918918918915,0.02937383177570044,0.02918661971830986,0.10689189189189188,0.09999999999999962,0.02,0.05,0.0,0.0
2.976319,79,13294.838656,medium,0.7305919003115264,2.730591900311526,2,783,8,4,4,4,4,0,0,0,0,0.014392523364485913,0.041621621621621425,0.0,0.6263063063063044,1.0,3,True,73,0.05644366197183098,0.08387012965644332,0.24015675675675652,0.00503738317757007,0.07883274647887324,0.07515675675675651,0.09999999999999999,0.015,0.05,0.0,0.0
4.150348,65,13315.162169,medium,1.0,4.0,3,649,3,2,1,2,1,0,0,0,5,0.02095015576323989,0.041441441441441434,0.0,0.999999999999998,1.0,5,True,24,0.027887323943661974,-0.07975195252511956,0.29499999999999976,0.0073325545171339605,0.03291549295774648,0.11999999999999975,0.1,0.025,0.05,0.0,0.12
1.748897,78,13340.259582,medium,0.635288161993769,1.6352881619937691,1,779,8,4,4,4,4,0,0,0,0,0.009976635514018261,0.0,0.04269999999999816,0.49594594594594593,0.1850333333333315,2,False,116,0.10859154929577465,0.1034918224299064,0.08801684684684664,0.003491822429906391,0.1,0.05951351351351351,0.01850333333333315,0.01,0.0,0.0,0.0
3.012539,87,13368.256987,medium,0.7491822429906541,2.749182242990654,2,861,8,4,4,4,4,0,0,0,0,0.008138629283488973,0.02173423423423388,0.0,0.6800675675675667,1.0,3,True,102,0.07915492957746478,0.10284852024922114,0.24660810810810796,0.0028485202492211405,0.1,0.08160810810810797,0.1,0.015,0.05,0.0,0.0
2.982894,90,13401.68974,medium,0.7058411214953271,2.705841121495327,2,900,8,4,4,4,4,0,0,0,0,0.02698598130841125,0.07804054054054065,0.0,0.8292792792792759,1.0,4,True,70,0.07079225352112677,0.09753928359878902,0.2695135135135131,0.009445093457943936,0.08809419014084509,0.09951351351351312,0.09999999999999999,0.02,0.05,0.0,0.0
4.300687,88,13429.535009,medium,1.0,4.0,3,877,8,4,4,4,4,0,0,0,0,0.04221183800623061,0.02882882882882889,0.0,0.9999999999999988,1.0,5,True,78,0.0528169014084507,0.09338681935851874,0.2949999999999998,0.014774143302180713,0.07861267605633802,0.11999999999999983,0.1,0.025,0.05,0.0,0.0
2.972936,77,13454.288586,medium,0.7087305295950155,2.7087305295950155,2,768,8,4,4,4,4,0,0,0,0,0.03183021806853592,0.041441441441441434,0.06720000000000047,0.5405405405405385,0.9999999999999967,3,True,117,0.09612676056338028,0.11114057632398758,0.2298648648648643,0.011140576323987572,0.1,0.06486486486486462,0.0999999999999997,0.015,0.05,0.0,0.0
4.310995,80,13480.128251,medium,1.0,4.0,3,794,8,4,4,4,4,0,0,0,0,0.014929906542056014,0.0431756756756755,0.0,0.9999999999999981,1.0,5,True,91,0.059559859154929576,0.09539536165591678,0.29499999999999976,0.005225467289719604,0.09016989436619717,0.11999999999999977,0.1,0.025,0.05,0.0,0.0
4.26825,81,13505.317341,medium,1.0,4.0,3,803,7,4,3,4,3,0,0,0,1,0.007523364485981391,0.021756756756756996,0.0,1.0,1.0,5,True,59,0.06855633802816902,0.05355043109122025,0.295,0.0026331775700934863,0.08091725352112676,0.12,0.1,0.025,0.05,0.0,0.03
3.216073,90,13533.829239,medium,0.9376947040498442,2.9376947040498442,2,900,8,4,4,4,4,0,0,0,0,0.0,0.0,0.0,0.8198198198198198,1.0,4,True,98,0.0852112676056338,0.1,0.26837837837837836,0.0,0.1,0.09837837837837836,0.1,0.02,0.05,0.0,0.0
3.296863,90,13567.357048,medium,0.9894859813084113,2.989485981308411,2,900,8,4,4,4,4,0,0,0,0,0.03150311526479765,0.041441441441441434,0.05950000000000038,0.9695945945945948,0.999999999999997,4,True,116,0.10845070422535211,0.11102609034267918,0.2863513513513511,0.011026090342679176,0.1,0.11635135135135138,0.0999999999999997,0.02,0.05,0.0,0.0
2.07871,90,13596.847855,medium,0.8644859813084113,1.8644859813084111,1,900,8,4,4,4,4,0,0,0,0,0.05642523364485893,0.0260135135135138,0.0,0.9999999999999992,0.42,5,False,89,0.0706338028169014,0.11722418388837669,0.1869999999999999,0.019748831775700623,0.09747535211267606,0.11999999999999988,0.042,0.025,0.0,0.0,0.0
1.682715,90,13627.029993,medium,0.5817601246105913,1.5817601246105912,1,900,8,4,4,4,4,0,0,0,0,0.030825545171339043,0.028603603603603617,0.0,0.609234234234233,0.0,2,False,86,0.07207746478873239,0.10784703940151795,0.08310810810810793,0.010788940809968664,0.09705809859154929,0.07310810810810793,0.0,0.01,0.0,0.0,0.0
2.915784,76,13651.865959,medium,0.6351168224299066,2.6351168224299064,2,751,8,4,4,4,4,0,0,0,0,0.014556074766355256,0.04209459459459493,0.0,0.7556081081081063,1.0,2,True,93,0.09059859154929577,0.10509462616822435,0.25067297297297275,0.005094626168224338,0.1,0.09067297297297276,0.1,0.01,0.05,0.0,0.0
1.814305,77,13676.625054,medium,0.6761682242990654,1.6761682242990654,1,768,8,4,4,4,4,0,0,0,0,0.026168224299065648,0.032635135135135315,0.0,0.6650900900900885,0.10966666666666666,3,False,136,0.11737676056338028,0.10915887850467298,0.10577747747747726,0.009158878504672976,0.1,0.0798108108108106,0.010966666666666666,0.015,0.0,0.0,0.0
3.014499,83,13702.672794,medium,0.7352803738317757,2.7352803738317757,2,822,8,4,4,4,4,0,0,0,0,0.056098130841120725,0.037364864864864976,0.18479999999999627,0.6398648648648644,0.9999999999999959,3,True,105,0.08373239436619719,0.11963434579439225,0.24178378378378335,0.01963434579439225,0.1,0.07678378378378373,0.09999999999999962,0.015,0.05,0.0,0.0
4.326325,76,13731.762302,medium,1.0,4.0,3,758,8,4,4,4,4,0,0,0,0,0.05281152647975084,0.009932432432432418,0.21133333333333362,1.0,0.9999999999999961,5,True,82,0.06352112676056337,0.10712487933833534,0.29499999999999965,0.018484034267912793,0.08864084507042254,0.12000000000000002,0.0999999999999996,0.025,0.05,0.0,0.0
4.306619,73,13754.063127,medium,1.0,4.0,3,722,8,4,4,4,4,0,0,0,0,0.05225077881619918,0.0,0.0,1.0,1.0,5,True,61,0.04670774647887324,0.08381858244482465,0.29500000000000004,0.018287772585669715,0.06553080985915494,0.12000000000000002,0.1,0.025,0.05,0.0,0.0
4.288923,85,13782.084505,medium,1.0,4.0,3,846,8,4,4,4,4,0,0,0,0,0.014330218068535823,0.041441441441441434,0.0,1.0000000000000016,1.0,5,True,68,0.05267605633802817,0.07852261857750867,0.2950000000000002,0.005015576323987537,0.07350704225352113,0.1200000000000002,0.1,0.025,0.05,0.0,0.0
3.105017,90,13810.806182,medium,0.8105919003115265,2.8105919003115263,2,900,8,4,4,4,4,0,0,0,0,0.032873831775700794,0.0037837837837838254,0.02099999999999998,0.8576576576576577,0.9999999999999991,4,True,117,0.09830985915492958,0.11150584112149528,0.2729189189189188,0.011505841121495278,0.1,0.1029189189189189,0.09999999999999991,0.02,0.05,0.0,0.0
3.238975,90,13839.815831,medium,0.9469626168224299,2.9469626168224297,2,900,8,4,4,4,4,0,0,0,0,0.029766355140186624,0.0,0.12739999999999874,0.8466216216216216,0.9999999999999961,4,True,112,0.09848591549295775,0.11041822429906532,0.27159459459459423,0.010418224299065318,0.1,0.1015945945945946,0.09999999999999962,0.02,0.05,0.0,0.0
3.285741,90,13868.856687,medium,0.9622274143302181,2.962227414330218,2,900,8,4,4,4,4,0,0,0,0,0.10463395638629211,0.0537387387387387,0.23029999999999431,0.8907657657657639,0.9999999999999961,4,True,93,0.07257042253521127,0.13662188473520226,0.27689189189189123,0.03662188473520224,0.1,0.10689189189189162,0.09999999999999962,0.02,0.05,0.0,0.0
2.870646,74,13892.636922,medium,0.6207866043613707,2.6207866043613706,2,739,8,4,4,4,4,0,0,0,0,0.0063785046728971825,0.017972972972972952,0.0,0.6490540540540533,1.0,1,True,82,0.06352112676056337,0.09087332170593654,0.2328864864864864,0.0022324766355140135,0.08864084507042252,0.07788648648648638,0.1,0.005,0.05,0.0,0.0
4.322551,86,13923.95704,medium,1.0,4.0,3,851,8,4,4,4,4,0,0,0,0,0.03614485981308424,0.1045270270270274,0.0,0.9999999999999951,1.0,5,True,132,0.12704225352112675,0.11265070093457949,0.29499999999999943,0.012650700934579484,0.1,0.1199999999999994,0.1,0.025,0.05,0.0,0.0
3.165108,87,13951.736355,medium,0.8689252336448599,2.86892523364486,2,866,8,4,4,4,4,0,0,0,0,0.016978193146417443,0.04909909909909909,0.0,0.9301801801801779,1.0,4,True,96,0.06295774647887324,0.10116067746040104,0.28162162162162135,0.005942367601246105,0.09521830985915494,0.11162162162162133,0.1,0.02,0.05,0.0,0.0
3.206828,86,13979.928621,medium,0.9447819314641744,2.9447819314641746,2,856,8,4,4,4,4,0,0,0,0,0.06323208722741362,0.059887387387387435,0.1819999999999964,0.8515765765765737,0.9999999999999959,4,True,41,0.04376760563380282,0.07545693475494689,0.27218918918918844,0.022131230529594766,0.053325704225352114,0.10218918918918884,0.0999999999999996,0.02,0.05,0.0,0.0
3.062012,81,14005.518418,medium,0.7887538940809967,2.7887538940809966,2,801,8,4,4,4,4,0,0,0,0,0.0621495327102789,0.024121621621621212,0.23029999999999431,0.7945045045045035,0.9999999999999961,4,True,64,0.04568661971830986,0.08801730123733001,0.26534054054054,0.021752336448597608,0.0662649647887324,0.0953405405405404,0.09999999999999963,0.02,0.05,0.0,0.0
4.265674,83,14032.36518,medium,1.0,4.0,3,822,8,4,4,4,4,0,0,0,0,0.008995327102803768,0.0,0.033600000000000116,1.0,0.9999999999999984,5,True,46,0.03563380281690141,0.052873716598657375,0.2949999999999999,0.003148364485981319,0.049725352112676056,0.12,0.09999999999999985,0.025,0.05,0.0,0.0
3.103906,90,14065.83677,medium,0.820404984423676,2.820404984423676,2,900,8,4,4,4,4,0,0,0,0,0.01261682242990654,0.0,0.0,0.8860360360360361,1.0,4,True,82,0.06901408450704226,0.09717645123074897,0.27632432432432424,0.004415887850467289,0.09276056338028169,0.10632432432432427,0.09999999999999999,0.02,0.05,0.0,0.0
3.0834,76,14089.879792,medium,0.7914330218068536,2.7914330218068537,2,756,8,4,4,4,4,0,0,0,0,0.017990654205607467,0.052027027027026995,0.0,0.80225225225225,1.0,3,True,150,0.1426056338028169,0.10629672897196261,0.26127027027027,0.0062967289719626125,0.1,0.09627027027027002,0.1,0.015,0.05,0.0,0.0
1.917089,90,14118.763069,medium,0.7661993769470405,1.7661993769470405,1,900,8,4,4,4,4,0,0,0,0,0.027149532710280203,0.0,0.0,0.9585585585585585,0.06066666666666667,4,False,73,0.07172535211267606,0.09979635053310512,0.14109369369369365,0.009502336448598069,0.09029401408450705,0.115027027027027,0.006066666666666667,0.02,0.0,0.0,0.0
3.308894,90,14147.613715,medium,0.9927570093457944,2.9927570093457945,2,900,8,4,4,4,4,0,0,0,0,0.05328660436137007,0.05855855855855856,0.14139999999999692,0.9790540540540514,0.9999999999999972,4,True,116,0.10748239436619718,0.11865031152647953,0.2874864864864859,0.018650311526479522,0.1,0.11748648648648616,0.09999999999999974,0.02,0.05,0.0,0.0
4.325528,80,14173.041135,medium,1.0,4.0,3,799,8,4,4,4,4,0,0,0,0,0.09267133956386224,0.06509009009009034,0.18689999999999618,0.9999999999999967,0.9999999999999959,5,True,70,0.057323943661971834,0.11042792659383066,0.2949999999999992,0.03243496884735179,0.07799295774647888,0.1199999999999996,0.09999999999999959,0.025,0.05,0.0,0.0
4.202398,70,14195.75315,medium,1.0,4.0,3,696,5,4,1,4,1,0,0,0,3,0.031401869158878104,0.0,0.1343999999999983,1.0,0.9999999999999962,5,True,48,0.04267605633802817,-0.023002303540871544,0.2949999999999996,0.010990654205607336,0.05600704225352112,0.12,0.09999999999999962,0.025,0.05,0.0,0.09
3.167618,90,14225.743862,medium,0.8598130841121495,2.8598130841121496,2,900,8,4,4,4,4,0,0,0,0,0.008014018691588817,0.023175675675675765,0.0,0.9999999999999988,1.0,5,True,120,0.10123239436619719,0.1028049065420561,0.2949999999999999,0.0028049065420560856,0.1,0.11999999999999984,0.1,0.025,0.05,0.0,0.0
4.300442,72,14253.72066,medium,1.0,4.0,3,717,7,3,4,3,4,0,0,0,1,0.020404984423676015,0.059009009009009024,0.0,1.0000000000000009,1.0,5,True,93,0.07204225352112677,0.07714174454828661,0.2950000000000001,0.007141744548286606,0.1,0.12000000000000009,0.1,0.025,0.05,0.0,0.03
3.182954,90,14281.329685,medium,0.9121495327102803,2.91214953271028,2,900,8,4,4,4,4,0,0,0,0,0.06098130841121509,0.041441441441441434,0.19966666666666696,0.999999999999998,0.9999999999999961,5,True,36,0.03528169014084507,0.06580472554955907,0.2949999999999994,0.021343457943925278,0.0444612676056338,0.11999999999999973,0.09999999999999962,0.025,0.05,0.0,0.0
1.645147,84,14308.964082,medium,0.5296028037383178,1.5296028037383178,1,834,8,4,4,4,4,0,0,0,0,0.03696261682243002,0.037837837837838166,0.0,0.7207432432432416,0.0,3,False,69,0.06669014084507043,0.09745452152165332,0.101489189189189,0.0129369158878505,0.08451760563380283,0.086489189189189,0.0,0.015,0.0,0.0,0.0
4.314132,83,14335.357984,medium,1.0,4.0,3,821,8,4,4,4,4,0,0,0,0,0.008177570093457973,0.023648648648648733,0.0,0.9999999999999992,1.0,5,True,91,0.07049295774647887,0.10123186784256943,0.2949999999999999,0.00286214953271029,0.09836971830985915,0.11999999999999987,0.1,0.025,0.05,0.0,0.0
3.095032,77,14359.534395,medium,0.8416666666666667,2.841666666666667,2,766,8,4,4,4,4,0,0,0,0,0.01324766355140192,0.0004729729729729783,0.011199999999999986,0.5421171171171171,0.9999999999999996,3,True,79,0.07436619718309859,0.0999113301303146,0.230054054054054,0.004636682242990672,0.09527464788732393,0.06505405405405405,0.09999999999999996,0.015,0.05,0.0,0.0
3.222367,83,14386.214449,medium,0.9491433021806853,2.949143302180685,2,827,8,4,4,4,4,0,0,0,0,0.05112928348909677,0.10576576576576588,0.06230000000000042,0.8529279279279232,0.9999999999999968,4,True,53,0.052235915492957745,0.08357218584090217,0.27235135135135047,0.01789524922118387,0.06567693661971831,0.10235135135135077,0.0999999999999997,0.02,0.05,0.0,0.0
4.280322,90,14420.339089,medium,1.0,4.0,3,899,8,4,4,4,4,0,0,0,0,0.08520249221183689,0.0,0.13999999999999557,1.0,0.9999999999999983,5,True,42,0.032535211267605633,0.07522228072484714,0.2949999999999999,0.02982087227414291,0.04540140845070423,0.12000000000000002,0.09999999999999984,0.025,0.05,0.0,0.0
4.232732,72,14443.411374,medium,1.0,4.0,3,715,6,4,2,4,2,0,0,0,2,0.04890186915887756,0.007094594594594587,0.1763999999999957,0.9999999999999996,0.9999999999999968,5,True,38,0.04415492957746479,0.009231851388705747,0.29499999999999965,0.017115654205607143,0.052116197183098595,0.11999999999999995,0.09999999999999969,0.025,0.05,0.0,0.06
4.288485,70,14465.626402,medium,1.0,4.0,3,696,6,3,3,3,3,0,0,0,2,0.06595794392523231,0.03513513513513513,0.23029999999999431,0.9999999999999983,0.9999999999999961,5,True,96,0.07605633802816901,0.0630852803738313,0.2949999999999994,0.023085280373831302,0.1,0.11999999999999979,0.0999999999999996,0.025,0.05,0.0,0.06
2.986708,87,14493.697921,medium,0.7162772585669782,2.7162772585669783,2,861,8,4,4,4,4,0,0,0,0,0.004626168224299038,0.011486486486486489,0.0,0.8563063063063058,1.0,4,True,76,0.05887323943661972,0.08377408845596945,0.2727567567567567,0.001619158878504663,0.08215492957746479,0.10275675675675668,0.1,0.02,0.05,0.0,0.0
4.325753,79,14519.609926,medium,1.0,4.0,3,785,8,4,4,4,4,0,0,0,0,0.08866043613707089,0.07045045045045084,0.13719999999999571,1.0000000000000004,0.9999999999999983,5,True,75,0.054295774647887325,0.1092529836338903,0.2949999999999999,0.031031152647974812,0.0782218309859155,0.12000000000000004,0.09999999999999984,0.025,0.05,0.0,0.0
4.327242,76,14543.8352,medium,1.0,4.0,3,752,8,4,4,4,4,0,0,0,0,0.02126168224299069,0.06148648648648659,0.0,1.0,1.0,5,True,102,0.07536971830985915,0.10744158878504674,0.295,0.007441588785046741,0.1,0.12,0.1,0.025,0.05,0.0,0.0
3.190019,90,14577.570898,medium,0.9283489096573209,2.9283489096573208,2,900,8,4,4,4,4,0,0,0,0,0.01259345794392531,0.036418918918919144,0.0,0.819819819819818,1.0,4,True,74,0.05584507042253521,0.08329151309727527,0.26837837837837814,0.004407710280373858,0.07888380281690141,0.09837837837837815,0.1,0.02,0.05,0.0,0.0
4.325718,81,14603.762194,medium,1.0,4.0,3,803,8,4,4,4,4,0,0,0,0,0.03147975077881642,0.038063063063063056,0.0,0.9999999999999981,1.0,5,True,131,0.12471830985915493,0.11101791277258576,0.29499999999999976,0.011017912772585747,0.1,0.11999999999999975,0.1,0.025,0.05,0.0,0.0
2.983534,77,14628.505776,medium,0.7171339563862928,2.717133956386293,2,765,8,4,4,4,4,0,0,0,0,0.042196261682242164,0.0,0.18059999999999646,0.5873873873873874,0.9999999999999959,2,True,90,0.07019366197183098,0.112413938067658,0.23048648648648612,0.014768691588784758,0.09764524647887324,0.07048648648648649,0.0999999999999996,0.01,0.05,0.0,0.0
4.299278,81,14654.700647,medium,1.0,4.0,3,808,8,4,4,4,4,0,0,0,0,0.052188473520249336,0.05768018018018033,0.0,0.9999999999999971,1.0,5,True,61,0.04841549295774648,0.08507758545039712,0.29499999999999965,0.018265965732087264,0.06681161971830986,0.11999999999999965,0.1,0.025,0.05,0.0,0.0
2.878126,90,14682.995921,medium,0.6407320872274144,2.6407320872274145,2,900,8,4,4,4,4,0,0,0,0,0.014556074766354685,0.0,0.011199999999999986,0.559009009009009,0.9999999999999996,2,True,96,0.06295774647887324,0.10031293602737906,0.22708108108108105,0.005094626168224139,0.09521830985915493,0.06708108108108109,0.09999999999999996,0.01,0.05,0.0,0.0
4.346227,75,14707.039853,medium,1.0,4.0,3,746,8,4,4,4,4,0,0,0,0,0.07379283489096547,0.019369369369369383,0.15066666666666692,1.0000000000000029,0.9999999999999961,5,True,116,0.1123943661971831,0.12582749221183792,0.29499999999999993,0.025827492211837912,0.1,0.12000000000000033,0.0999999999999996,0.025,0.05,0.0,0.0
3.159156,90,14736.185698,medium,0.9025700934579439,2.902570093457944,2,900,8,4,4,4,4,0,0,0,0,0.07876947040498342,0.061779279279279384,0.1742999999999967,0.8162162162162132,0.9999999999999961,3,True,57,0.03676056338028169,0.08363973717695547,0.26294594594594517,0.027569314641744197,0.056070422535211266,0.09794594594594558,0.0999999999999996,0.015,0.05,0.0,0.0
4.265424,90,14769.357565,medium,1.0,4.0,3,894,8,4,4,4,4,0,0,0,0,0.013411214953271114,0.0,0.0,1.0,1.0,5,True,51,0.03950704225352113,0.05982420692378573,0.295,0.00469392523364489,0.055130281690140844,0.11999999999999995,0.1,0.025,0.05,0.0,0.0
2.956917,85,14796.124939,medium,0.7089563862928349,2.7089563862928348,2,843,8,4,4,4,4,0,0,0,0,0.045630841121493924,0.0,0.195299999999994,0.5637387387387387,0.9999999999999976,2,True,82,0.06352112676056337,0.10461163946294541,0.22764864864864842,0.015970794392522875,0.08864084507042254,0.06764864864864864,0.09999999999999977,0.01,0.05,0.0,0.0
4.291496,82,14822.399217,medium,1.0,4.0,3,811,8,4,4,4,4,0,0,0,0,0.04311526479750778,0.049954954954954923,0.011899999999999984,0.9999999999999976,0.9999999999999996,5,True,62,0.04200704225352113,0.07759562436926856,0.29499999999999965,0.015090342679127722,0.06250528169014084,0.11999999999999968,0.09999999999999995,0.025,0.05,0.0,0.0
4.300348,77,14847.685909,medium,1.0,4.0,3,768,8,4,4,4,4,0,0,0,0,0.04693925233644757,0.0,0.2008999999999956,1.0,0.9999999999999959,5,True,59,0.04829225352112676,0.08214792845860172,0.2949999999999996,0.01642873831775665,0.06571919014084507,0.12,0.0999999999999996,0.025,0.05,0.0,0.0
4.334179,76,14871.313905,medium,1.0,4.0,3,753,8,4,4,4,4,0,0,0,0,0.057344236760124394,0.036711711711711704,0.10569999999999972,1.000000000000002,0.9999999999999959,5,True,76,0.0752112676056338,0.11447893357026889,0.2949999999999998,0.020070482866043533,0.09440845070422536,0.12000000000000023,0.09999999999999959,0.025,0.05,0.0,0.0
4.3165,84,14897.783019,medium,1.0,4.0,3,832,8,4,4,4,4,0,0,0,0,0.017009345794391974,0.015135135135134944,0.0,0.9999999999999996,1.0,5,True,72,0.08366197183098592,0.10469974990127663,0.295,0.005953271028037191,0.09874647887323944,0.11999999999999998,0.1,0.025,0.05,0.0,0.0
3.204677,90,14930.240914,medium,0.9540498442367601,2.95404984423676,2,900,8,4,4,4,4,0,0,0,0,0.006869158878504692,0.01986486486486492,0.0,0.8671171171171161,1.0,4,True,62,0.04422535211267606,0.06657321969198368,0.2740540540540539,0.002404205607476642,0.06416901408450704,0.10405405405405391,0.1,0.02,0.05,0.0,0.0
4.312071,78,14954.379652,medium,1.0,4.0,3,771,8,4,4,4,4,0,0,0,0,0.0356230529595017,0.10301801801801844,0.0,0.999999999999999,1.0,5,True,78,0.05693661971830986,0.09417053332455798,0.2949999999999999,0.012468068535825596,0.08170246478873239,0.11999999999999987,0.1,0.025,0.05,0.0,0.0
3.257746,90,14982.002889,medium,0.9567757009345794,2.956775700934579,2,900,8,4,4,4,4,0,0,0,0,0.04563084112149461,0.014189189189189176,0.1742999999999967,0.8749999999999993,0.9999999999999961,4,True,93,0.07975352112676057,0.11597079439252311,0.2749999999999995,0.01597079439252311,0.1,0.1049999999999999,0.09999999999999962,0.02,0.05,0.0,0.0
3.140838,90,15011.02276,medium,0.8454828660436137,2.845482866043614,2,900,8,4,4,4,4,0,0,0,0,0.0284579439252325,0.0,0.12039999999999511,0.9144144144144144,0.9999999999999997,4,True,82,0.07288732394366197,0.10562577333157787,0.2797297297297297,0.009960280373831376,0.0956654929577465,0.10972972972972972,0.09999999999999999,0.02,0.05,0.0,0.0
3.257817,90,15040.107137,medium,0.9339563862928348,2.933956386292835,2,900,8,4,4,4,4,0,0,0,0,0.06640186915887798,0.07520270270270335,0.1728999999999968,0.9999999999999963,0.9999999999999959,5,True,93,0.06549295774647887,0.11886037251546647,0.29499999999999915,0.023240654205607295,0.09561971830985917,0.11999999999999955,0.0999999999999996,0.025,0.05,0.0,0.0
4.325489,88,15068.037295,medium,1.0,4.0,3,880,8,4,4,4,4,0,0,0,0,0.05282710280373742,0.023648648648648744,0.19109999999999605,0.9999999999999988,0.9999999999999959,5,True,184,0.16359154929577466,0.1184894859813081,0.29499999999999943,0.018489485981308094,0.1,0.11999999999999983,0.09999999999999959,0.025,0.05,0.0,0.0
4.290639,82,15100.051615,medium,1.0,4.0,3,815,8,4,4,4,4,0,0,0,0,0.013738317757009434,0.0,0.0,1.0,1.0,5,True,61,0.05577464788732395,0.07713939713044626,0.295,0.004808411214953302,0.07233098591549296,0.12,0.09999999999999999,0.025,0.05,0.0,0.0
4.276751,71,15122.938544,medium,1.0,4.0,3,709,6,2,4,2,4,0,0,0,2,0.05478971962616717,0.07331081081081144,0.12599999999999456,1.0000000000000002,1.0,5,True,89,0.06529929577464788,0.05265087370014443,0.29500000000000004,0.01917640186915851,0.09347447183098592,0.12000000000000002,0.1,0.025,0.05,0.0,0.06
3.295247,90,15151.178755,medium,0.9960280373831776,2.9960280373831774,2,895,8,4,4,4,4,0,0,0,0,0.048216510903426026,0.0,0.17569999999999666,0.9885135135135135,0.9999999999999959,4,True,70,0.06429577464788733,0.1000976098021146,0.2886216216216212,0.016875778816199106,0.0832218309859155,0.11862162162162158,0.09999999999999962,0.02,0.05,0.0,0.0
1.626059,76,15175.783967,medium,0.5135514018691589,1.513551401869159,1,753,8,4,4,4,4,0,0,0,0,0.0,0.0,0.0,0.6743243243243243,0.0,3,False,67,0.07785211267605634,0.09188908450704225,0.09591891891891889,0.0,0.09188908450704225,0.08091891891891889,0.0,0.015,0.0,0.0,0.0
4.321736,78,15201.699213,medium,1.0,4.0,3,775,8,4,4,4,4,0,0,0,0,0.012102803738317826,0.0350000000000002,0.0,1.0000000000000022,1.0,5,True,140,0.11626760563380281,0.10423598130841125,0.29500000000000026,0.004235981308411239,0.1,0.12000000000000027,0.09999999999999999,0.025,0.05,0.0,0.0
4.135544,66,15223.300686,medium,1.0,4.0,3,654,3,2,1,2,1,0,0,0,5,0.0,0.0,0.0,1.0,1.0,5,True,24,0.018591549295774647,-0.09405633802816901,0.295,0.0,0.025943661971830987,0.12,0.1,0.025,0.05,0.0,0.12
4.234027,70,15250.53448,medium,1.0,4.0,3,694,5,1,4,1,4,0,0,0,3,0.007196261682243014,0.020810810810810876,0.0,1.0000000000000029,1.0,5,True,94,0.0652112676056338,0.00842714229301042,0.2950000000000003,0.0025186915887850546,0.09590845070422536,0.12000000000000033,0.1,0.025,0.05,0.0,0.09
3.1734,90,15279.937127,medium,0.8598130841121495,2.8598130841121496,2,900,8,4,4,4,4,0,0,0,0,0.024532710280373776,0.0,0.10499999999999976,1.0,0.9999999999999959,5,True,120,0.09845070422535211,0.10858644859813082,0.2949999999999996,0.008586448598130821,0.1,0.12,0.09999999999999959,0.025,0.05,0.0,0.0
3.20129,90,15308.969328,medium,0.9376947040498442,2.9376947040498442,2,900,8,4,4,4,4,0,0,0,0,0.03224299065420567,0.0,0.0,0.8198198198198198,1.0,4,True,74,0.049242957746478876,0.08521726503883113,0.26837837837837836,0.011285046728971983,0.07393221830985915,0.09837837837837837,0.1,0.02,0.05,0.0,0.0
4.309761,84,15336.41454,medium,1.0,4.0,3,840,8,4,4,4,4,0,0,0,0,0.05642523364485848,0.007567567567567558,0.23029999999999431,0.9999999999999996,0.9999999999999961,5,True,61,0.06468309859154929,0.09876115571936242,0.29499999999999954,0.019748831775700464,0.07901232394366196,0.11999999999999994,0.09999999999999962,0.025,0.05,0.0,0.0
4.300163,73,15360.845982,medium,1.0,4.0,3,727,8,4,4,4,4,0,0,0,0,0.028621495327102568,0.0,0.122499999999999,1.0,0.9999999999999959,5,True,59,0.05112676056338028,0.07786259378702111,0.2949999999999996,0.010017523364485898,0.06784507042253521,0.11999999999999998,0.09999999999999962,0.025,0.05,0.0,0.0
4.307039,82,15387.802383,medium,1.0,4.0,3,815,8,4,4,4,4,0,0,0,0,0.024961059190031228,0.051373873873873856,0.0,1.0000000000000013,1.0,5,True,72,0.06507042253521127,0.09353918761791938,0.29500000000000015,0.008736370716510927,0.08480281690140845,0.12000000000000016,0.1,0.025,0.05,0.0,0.0
3.095967,78,15413.294274,medium,0.8028894080996885,2.8028894080996887,2,779,8,4,4,4,4,0,0,0,0,0.04432242990654159,0.061959459459459465,0.0,0.8353828828828802,1.0,2,True,96,0.06295774647887324,0.1107311603264445,0.26024594594594563,0.015512850467289556,0.09521830985915494,0.10024594594594564,0.1,0.01,0.05,0.0,0.0
3.064076,85,15446.121087,medium,0.7826323987538941,2.7826323987538943,2,841,8,4,4,4,4,0,0,0,0,0.020934579439252376,0.06054054054054066,0.0,0.7768018018017991,1.0,3,True,105,0.09580985915492958,0.10732710280373833,0.25821621621621593,0.0073271028037383305,0.1,0.09321621621621591,0.1,0.015,0.05,0.0,0.0
3.084532,86,15473.538035,medium,0.7975077881619937,2.797507788161994,2,852,8,4,4,4,4,0,0,0,0,0.010989096573208724,0.02772522522522522,0.006000000000000003,0.8198198198198186,0.9999999999999997,4,True,144,0.13943661971830987,0.10384618380062306,0.2683783783783782,0.003846183800623053,0.1,0.09837837837837822,0.09999999999999998,0.02,0.05,0.0,0.0
4.292694,79,15498.73008,medium,1.0,4.0,3,786,8,4,4,4,4,0,0,0,0,0.07427570093457894,0.06763513513513565,0.07979999999999655,1.0000000000000004,1.0,5,True,51,0.03306338028169014,0.07629403053837024,0.29500000000000004,0.02599649532710263,0.050297535211267605,0.12000000000000004,0.1,0.025,0.05,0.0,0.0
0.555989,79,15525.108366,medium,0.4498909657320873,0.4498909657320873,0,787,8,4,4,4,4,0,0,0,0,0.03843457943925226,0.0,0.0,0.5412162162162162,0.014,1,False,112,0.09408450704225352,0.1134521028037383,0.07134594594594594,0.013452102803738293,0.1,0.06494594594594594,0.0014000000000000002,0.005,0.0,0.0,0.0
3.202453,80,15551.349587,medium,0.9034267912772586,2.9034267912772584,2,796,8,4,4,4,4,0,0,0,0,0.06325545171339576,0.041441441441441434,0.07139999999999999,0.7207207207207187,0.999999999999997,4,True,97,0.09179577464788732,0.12213940809968851,0.256486486486486,0.022139408099688514,0.1,0.08648648648648624,0.09999999999999973,0.02,0.05,0.0,0.0
4.311943,88,15580.007389,medium,1.0,4.0,3,871,8,4,4,4,4,0,0,0,0,0.01929906542056026,0.0,0.0,1.0,1.0,5,True,90,0.06971830985915493,0.10404340529156228,0.29500000000000004,0.00675467289719609,0.0972887323943662,0.12000000000000002,0.1,0.025,0.05,0.0,0.0
0.517732,72,15607.983016,medium,0.413302180685358,0.413302180685358,0,714,7,3,4,3,4,0,0,0,1,0.006214953271027798,0.0018918918918918908,0.023799999999998975,0.6145045045045044,0.2594666666666656,2,False,79,0.07262323943661972,0.06614266322232451,0.10968720720720708,0.0021752336448597294,0.09396742957746478,0.07374054054054052,0.025946666666666562,0.01,0.0,0.0,0.03
4.282808,86,15636.307765,medium,1.0,4.0,3,856,8,4,4,4,4,0,0,0,0,0.033691588785046266,0.0,0.14419999999999802,1.0,0.9999999999999961,5,True,57,0.04415492957746479,0.07340825325786479,0.2949999999999996,0.011792056074766192,0.061616197183098596,0.12,0.09999999999999962,0.025,0.05,0.0,0.0
4.22844,62,15655.879974,medium,1.0,4.0,3,615,5,1,4,1,4,0,0,0,3,0.04612149532710297,0.018445945945945584,0.08190000000000049,0.9999999999999996,0.9999999999999959,5,True,58,0.053063380281690144,-0.005059941424246345,0.29499999999999954,0.016142523364486037,0.06879753521126761,0.11999999999999994,0.09999999999999959,0.025,0.05,0.0,0.09
4.217984,72,15679.318205,medium,1.0,4.0,3,712,6,4,2,4,2,0,0,0,2,0.009649532710280424,0.0,0.04130000000000021,1.0,0.999999999999998,5,True,47,0.036408450704225354,-0.005816325523232836,0.29499999999999976,0.003377336448598148,0.050806338028169015,0.11999999999999997,0.0999999999999998,0.025,0.05,0.0,0.06
3.222606,89,15708.498559,medium,0.9163239875389403,2.91632398753894,2,889,8,4,4,4,4,0,0,0,0,0.046775700934577696,0.0,0.11899999999999486,0.9067567567567567,1.0,4,True,137,0.11552816901408451,0.1163714953271022,0.27881081081081077,0.016371495327102192,0.1,0.10881081081081079,0.1,0.02,0.05,0.0,0.0
4.264246,71,15731.412086,medium,1.0,4.0,3,706,6,2,4,2,4,0,0,0,2,0.03172897196261669,0.012770270270270249,0.0,1.0000000000000022,1.0,5,True,70,0.07165492957746479,0.03984633737001443,0.29500000000000026,0.01110514018691584,0.08874119718309859,0.12000000000000026,0.1,0.025,0.05,0.0,0.06
4.319044,73,15755.271157,medium,1.0,4.0,3,730,8,4,4,4,4,0,0,0,0,0.05995327102803755,0.0037837837837837855,0.2090000000000003,0.9999999999999998,0.9999999999999961,5,True,73,0.05274647887323944,0.09704350401474274,0.2949999999999996,0.02098364485981314,0.07605985915492959,0.11999999999999995,0.09999999999999963,0.025,0.05,0.0,0.0
3.218281,90,15787.780138,medium,0.9376947040498442,2.9376947040498442,2,900,8,4,4,4,4,0,0,0,0,0.006308411214953273,0.0,0.02700000000000001,0.8198198198198198,0.9999999999999988,4,True,85,0.09257042253521126,0.10220794392523365,0.26837837837837825,0.0022079439252336453,0.1,0.09837837837837836,0.0999999999999999,0.02,0.05,0.0,0.0
4.314157,89,15816.449507,medium,1.0,4.0,3,888,8,4,4,4,4,0,0,0,0,0.02273364485981308,0.0,0.0,1.0,1.0,5,True,125,0.10538732394366197,0.10795677570093458,0.295,0.007956775700934577,0.1,0.11999999999999998,0.1,0.025,0.05,0.0,0.0
0.413745,73,15839.141409,medium,0.3193224299065421,0.3193224299065421,0,728,8,4,4,4,4,0,0,0,0,0.00016355140186916073,0.0004729729729729783,0.0,0.5180405405405405,0.0,1,False,110,0.09929577464788733,0.10005724299065422,0.06716486486486486,5.724299065420625e-05,0.1,0.06216486486486487,0.0,0.005,0.0,0.0,0.0
4.16737,68,15861.314432,medium,1.0,4.0,3,673,3,1,2,1,2,0,0,0,5,0.01799065420560761,0.0,0.0,1.0,1.0,5,True,44,0.04183098591549296,-0.060330031591417616,0.295,0.006296728971962663,0.053373239436619715,0.12000000000000001,0.09999999999999998,0.025,0.05,0.0,0.12
4.311067,88,15890.790994,medium,1.0,4.0,3,873,8,4,4,4,4,0,0,0,0,0.05806074766355048,0.0,0.16379999999999548,1.0,0.9999999999999974,5,True,65,0.0673943661971831,0.10336703633012997,0.2949999999999997,0.020321261682242665,0.08304577464788732,0.11999999999999998,0.09999999999999974,0.025,0.05,0.0,0.0
1.994134,90,15919.666752,medium,0.7704828660436137,1.7704828660436136,1,900,8,4,4,4,4,0,0,0,0,0.028621495327102925,0.0,0.0,0.9333333333333333,0.7163333333333334,4,False,96,0.07056338028169014,0.11001752336448603,0.20363333333333325,0.010017523364486022,0.1,0.11199999999999995,0.07163333333333333,0.02,0.0,0.0,0.0
4.311352,89,15953.821602,medium,1.0,4.0,3,888,8,4,4,4,4,0,0,0,0,0.014719626168224363,0.007567567567567558,0.0,1.0000000000000009,1.0,5,True,102,0.07922535211267606,0.10515186915887853,0.2950000000000001,0.0051518691588785265,0.1,0.12000000000000006,0.1,0.025,0.05,0.0,0.0
1.716017,90,15982.474139,medium,0.5411214953271029,1.5411214953271029,1,900,8,4,4,4,4,0,0,0,0,0.004415887850467313,0.012770270270270338,0.0,0.6518018018018011,0.7513333333333333,2,False,148,0.1332218309859155,0.10154556074766356,0.16334954954954947,0.0015455607476635594,0.1,0.07821621621621613,0.07513333333333333,0.01,0.0,0.0,0.0
0.568607,82,16008.57288,medium,0.4622897196261678,0.4622897196261678,0,811,8,4,4,4,4,0,0,0,0,0.02093457943925194,0.009459459459459446,0.025199999999998914,0.5256756756756753,0.15119999999999892,2,False,67,0.07785211267605634,0.09921618731078043,0.08820108108108092,0.007327102803738179,0.09188908450704225,0.06308108108108103,0.01511999999999989,0.01,0.0,0.0,0.0
4.343915,74,16032.10158,medium,1.0,4.0,3,735,8,4,4,4,4,0,0,0,0,0.06404205607476658,0.07993243243243273,0.10400000000000025,1.0000000000000002,0.9999999999999961,5,True,96,0.08915492957746479,0.12241471962616832,0.29499999999999965,0.022414719626168304,0.1,0.12000000000000002,0.09999999999999962,0.025,0.05,0.0,0.0
1.79839,90,16060.828905,medium,0.6771806853582555,1.6771806853582554,1,900,8,4,4,4,4,0,0,0,0,0.020443925233644564,0.019864864864864905,0.0,0.7421171171171161,0.0,3,False,133,0.12505281690140846,0.1071553738317756,0.10405405405405392,0.007155373831775598,0.1,0.08905405405405392,0.0,0.015,0.0,0.0,0.0
3.028537,85,16087.935766,medium,0.7734423676012461,2.773442367601246,2,846,8,4,4,4,4,0,0,0,0,0.04726635514018686,0.0,0.10079999999999988,0.7502252252252253,0.9999999999999959,3,True,58,0.05216549295774648,0.08466734401737527,0.2550270270270266,0.0165432242990654,0.06812411971830987,0.09002702702702702,0.0999999999999996,0.015,0.05,0.0,0.0
3.210107,90,16122.313349,medium,0.9222741433021807,2.9222741433021806,2,900,8,4,4,4,4,0,0,0,0,0.05658878504672767,0.0,0.1707999999999969,0.7752252252252252,0.9999999999999959,3,True,128,0.11697183098591549,0.11980607476635469,0.2580270270270266,0.019806074766354688,0.1,0.09302702702702702,0.0999999999999996,0.015,0.05,0.0,0.0
2.971372,90,16151.286681,medium,0.7515576323987538,2.751557632398754,2,900,8,4,4,4,4,0,0,0,0,0.061004672897194946,0.0,0.14699999999999502,0.6869369369369369,0.9999999999999987,3,True,35,0.03137323943661972,0.06238156509148302,0.2474324324324323,0.02135163551401823,0.04102992957746479,0.08243243243243242,0.09999999999999988,0.015,0.05,0.0,0.0
1.649142,74,16175.24669,medium,0.5669314641744548,1.5669314641744547,1,735,8,4,4,4,4,0,0,0,0,0.011448598130840815,0.0018918918918919131,0.0,0.4232882882882882,0.0,1,False,94,0.0652112676056338,0.09991546005001965,0.05579459459459458,0.004007009345794284,0.09590845070422536,0.05079459459459458,0.0,0.005,0.0,0.0,0.0
2.946051,80,16201.576841,medium,0.7212227414330219,2.7212227414330217,2,795,8,4,4,4,4,0,0,0,0,0.008995327102803838,0.0260135135135138,0.0,0.5992117117117106,1.0,2,True,72,0.044366197183098595,0.07242301237330528,0.23190540540540527,0.0031483644859813427,0.06927464788732395,0.07190540540540527,0.1,0.01,0.05,0.0,0.0
3.146066,90,16231.300565,medium,0.8634735202492212,2.8634735202492214,2,900,8,4,4,4,4,0,0,0,0,0.01643302180685358,0.0,0.0,0.8403153153153153,1.0,4,True,70,0.08133802816901409,0.10175507875915932,0.2708378378378378,0.005751557632398752,0.09600352112676057,0.10083783783783784,0.1,0.02,0.05,0.0,0.0
2.945475,86,16259.108414,medium,0.7118380062305296,2.7118380062305296,2,858,8,4,4,4,4,0,0,0,0,0.0,0.0,0.0,0.5720720720720721,1.0,3,True,82,0.05971830985915493,0.08578873239436621,0.23364864864864865,0.0,0.08578873239436621,0.06864864864864864,0.1,0.015,0.05,0.0,0.0
4.314529,87,16291.433463,medium,1.0,4.0,3,867,8,4,4,4,4,0,0,0,0,0.017795950155763275,0.03547297297297306,0.0,0.9999999999999988,1.0,5,True,97,0.09031690140845071,0.10622858255451716,0.2949999999999998,0.0062285825545171465,0.1,0.11999999999999983,0.1,0.025,0.05,0.0,0.0
2.99983,83,16318.074054,medium,0.7243769470404985,2.7243769470404984,2,821,8,4,4,4,4,0,0,0,0,0.055864485981308595,0.029797297297297545,0.1950000000000003,0.608333333333332,0.9999999999999961,3,True,120,0.09845070422535211,0.11955257009345802,0.23799999999999943,0.01955257009345801,0.1,0.07299999999999983,0.09999999999999963,0.015,0.05,0.0,0.0
3.215747,90,16347.470645,medium,0.9376947040498442,2.9376947040498442,2,900,8,4,4,4,4,0,0,0,0,0.022570093457943422,0.0,0.0,0.8198198198198198,1.0,4,True,72,0.07436619718309859,0.09967418059760413,0.26837837837837836,0.007899532710280197,0.09177464788732394,0.09837837837837837,0.1,0.02,0.05,0.0,0.0
4.318185,80,16373.203041,medium,1.0,4.0,3,800,8,4,4,4,4,0,0,0,0,0.01573208722741433,0.031981981981981975,0.020000000000000004,0.9999999999999983,0.9999999999999992,5,True,86,0.07290492957746479,0.10318492771269361,0.29499999999999976,0.0055062305295950145,0.0976786971830986,0.11999999999999982,0.09999999999999994,0.025,0.05,0.0,0.0
4.272927,74,16396.698891,medium,1.0,4.0,3,736,8,4,4,4,4,0,0,0,0,0.0202180685358256,0.05846846846846863,0.0,1.0000000000000009,1.0,5,True,42,0.03126760563380282,0.05152702821289107,0.2950000000000001,0.007076323987538959,0.04445070422535211,0.12000000000000006,0.1,0.025,0.05,0.0,0.0
4.334138,74,16420.704458,medium,1.0,4.0,3,739,8,4,4,4,4,0,0,0,0,0.03804517133956389,0.041441441441441434,0.0,1.0000000000000016,1.0,5,True,88,0.07429577464788732,0.11303764095476285,0.2950000000000002,0.01331580996884736,0.09972183098591549,0.12000000000000019,0.09999999999999999,0.025,0.05,0.0,0.0
4.31785,82,16452.762343,medium,1.0,4.0,3,811,8,4,4,4,4,0,0,0,0,0.011285046728972025,0.032635135135135315,0.0,0.9999999999999983,1.0,5,True,153,0.1444894366197183,0.10394976635514021,0.2949999999999998,0.003949766355140208,0.1,0.11999999999999982,0.1,0.025,0.05,0.0,0.0
4.254441,64,16473.235075,medium,1.0,4.0,3,637,6,2,4,2,4,0,0,0,2,0.0022585669781931468,0.006531531531531533,0.0,0.9999999999999996,1.0,5,True,70,0.06313380281690141,0.023140850555043654,0.29499999999999993,0.0007904984423676014,0.08235035211267605,0.1199999999999999,0.1,0.025,0.05,0.0,0.06
3.245118,82,16499.979403,medium,0.9557087227414329,2.955708722741433,2,816,8,4,4,4,4,0,0,0,0,0.0004906542056074556,0.001418918918918858,0.0,0.8719144144144143,1.0,4,True,89,0.06894366197183098,0.09637947545083585,0.2746297297297297,0.00017172897196260947,0.09620774647887324,0.10462972972972971,0.1,0.02,0.05,0.0,0.0
3.200974,90,16528.027833,medium,0.8881619937694704,2.8881619937694705,2,900,8,4,4,4,4,0,0,0,0,0.022320872274143293,0.058175675675675574,0.0,0.9999999999999976,1.0,5,True,94,0.07373239436619718,0.10781230529595015,0.2949999999999997,0.007812305295950152,0.1,0.11999999999999969,0.1,0.025,0.05,0.0,0.0
1.816968,78,16553.465699,medium,0.6800389408099687,1.6800389408099687,1,780,8,4,4,4,4,0,0,0,0,0.01537383177570089,0.04445945945945933,0.0,0.5895720720720699,0.238,3,False,144,0.1375,0.10538084112149532,0.1095486486486484,0.005380841121495311,0.1,0.0707486486486484,0.023799999999999998,0.015,0.0,0.0,0.0
4.239879,70,16576.719793,medium,1.0,4.0,3,697,5,2,3,2,3,0,0,0,3,0.013084112149532793,0.0,0.05600000000000035,1.0,0.9999999999999972,5,True,133,0.11524647887323944,0.014579439252336485,0.2949999999999997,0.0045794392523364775,0.1,0.11999999999999998,0.09999999999999973,0.025,0.05,0.0,0.09
4.331402,77,16602.29197,medium,1.0,4.0,3,762,8,4,4,4,4,0,0,0,0,0.03600467289719645,0.039256756756757036,0.0,1.0000000000000013,1.0,5,True,140,0.11943661971830986,0.11260163551401876,0.2950000000000002,0.012601635514018756,0.1,0.12000000000000019,0.1,0.025,0.05,0.0,0.0
2.957138,77,16631.481204,medium,0.7300623052959502,2.73006230529595,2,766,8,4,4,4,4,0,0,0,0,0.03189252336448468,0.0,0.1364999999999944,0.31261261261261264,0.9999999999999997,1,True,153,0.13575704225352112,0.11116238317756964,0.19251351351351353,0.011162383177569636,0.1,0.03751351351351351,0.1,0.005,0.05,0.0,0.0
4.329648,77,16656.347533,medium,1.0,4.0,3,764,8,4,4,4,4,0,0,0,0,0.03156542056074723,0.0,0.13509999999999814,1.0,0.9999999999999962,5,True,145,0.14172535211267606,0.11104789719626154,0.29499999999999965,0.01104789719626153,0.1,0.12000000000000001,0.09999999999999963,0.025,0.05,0.0,0.0
3.134722,82,16683.036318,medium,0.9250778816199376,2.925077881619938,2,813,8,4,4,4,4,0,0,0,0,0.006051401869158887,0.0,0.0,0.7833333333333333,1.0,3,True,31,0.019102112676056337,0.031944575161247865,0.25899999999999995,0.00211799065420561,0.02982658450704225,0.09399999999999997,0.1,0.015,0.05,0.0,0.0
3.001912,90,16711.634785,medium,0.7504672897196262,2.750467289719626,2,900,8,4,4,4,4,0,0,0,0,0.002126168224299064,0.006148648648648644,0.0,0.6837837837837835,1.0,3,True,74,0.0755281690140845,0.09439028563906805,0.247054054054054,0.0007441588785046724,0.09364612676056339,0.08205405405405398,0.1,0.015,0.05,0.0,0.0
4.297346,77,16737.580571,medium,1.0,4.0,3,766,8,4,4,4,4,0,0,0,0,0.04401869158878517,0.03405405405405425,0.0,0.9999999999999983,1.0,5,True,52,0.05005281690140845,0.07894615473213115,0.29499999999999976,0.01540654205607481,0.06353961267605635,0.11999999999999979,0.09999999999999999,0.025,0.05,0.0,0.0
3.277099,90,16766.685987,medium,0.986214953271028,2.986214953271028,2,900,8,4,4,4,4,0,0,0,0,0.09308411214953169,0.0,0.22959999999999436,0.9601351351351352,0.9999999999999959,4,True,46,0.053450704225352114,0.09566746742135017,0.2852162162162158,0.032579439252336084,0.06308802816901408,0.1152162162162162,0.09999999999999959,0.02,0.05,0.0,0.0
4.182258,70,16794.085154,medium,1.0,4.0,3,699,5,4,1,4,1,0,0,0,3,0.04069314641744543,0.03689189189189212,0.0,1.000000000000002,1.0,5,True,24,0.027887323943661974,-0.04284190579614762,0.29500000000000026,0.0142426012461059,0.03291549295774648,0.12000000000000025,0.1,0.025,0.05,0.0,0.09
4.31664,85,16821.187573,medium,1.0,4.0,3,850,8,4,4,4,4,0,0,0,0,0.01897196261682186,0.016554054054054065,0.0,0.9999999999999992,1.0,5,True,167,0.15359154929577465,0.10664018691588766,0.2949999999999999,0.00664018691588765,0.1,0.11999999999999988,0.1,0.025,0.05,0.0,0.0
3.171209,79,16846.954701,medium,0.8908411214953272,2.890841121495327,2,782,8,4,4,4,4,0,0,0,0,0.03271028037383171,0.02081081081081091,0.0,0.6843243243243234,1.0,3,True,115,0.11123239436619718,0.1114485981308411,0.2471189189189188,0.0114485981308411,0.1,0.0821189189189188,0.1,0.015,0.05,0.0,0.0
4.321356,75,16870.835318,medium,1.0,4.0,3,742,8,4,4,4,4,0,0,0,0,0.0666277258566972,0.049774774774774766,0.07349999999999683,1.0000000000000013,1.0,5,True,65,0.05964788732394366,0.10055561954280175,0.29500000000000015,0.023319704049844018,0.07723591549295773,0.12000000000000015,0.1,0.025,0.05,0.0,0.0
4.196996,70,16893.233601,medium,1.0,4.0,3,695,5,3,2,3,2,0,0,0,3,0.03224299065420567,0.0,0.0,1.0,1.0,5,True,40,0.040281690140845074,-0.028503685665394213,0.295,0.011285046728971983,0.050211267605633804,0.11999999999999997,0.1,0.025,0.05,0.0,0.09
3.062524,90,16923.067291,medium,0.8073208722741433,2.8073208722741434,2,900,8,4,4,4,4,0,0,0,0,0.061518691588784265,0.01040540540540539,0.18689999999999618,0.8481981981981978,0.9999999999999959,4,True,48,0.03718309859154929,0.07341886599973646,0.2717837837837833,0.021531542056074493,0.051887323943661974,0.10178378378378374,0.09999999999999959,0.02,0.05,0.0,0.0
1.746858,90,16958.207003,medium,0.6314408099688469,1.6314408099688469,1,900,8,4,4,4,4,0,0,0,0,0.027313084112149135,0.00567567567567543,0.0,0.6077027027027024,0.07933333333333334,3,False,78,0.08133802816901409,0.10955957943925221,0.09585765765765762,0.009559579439252196,0.1,0.07292432432432429,0.007933333333333334,0.015,0.0,0.0,0.0
3.001075,76,16982.827244,medium,0.7615654205607477,2.7615654205607476,2,754,8,4,4,4,4,0,0,0,0,0.010630841121495364,0.0,0.0,0.42657657657657655,1.0,2,True,117,0.10922535211267606,0.10372079439252338,0.21118918918918922,0.003720794392523378,0.1,0.05118918918918918,0.1,0.01,0.05,0.0,0.0
1.868791,90,17012.128634,medium,0.6832554517133956,1.6832554517133955,1,900,8,4,4,4,4,0,0,0,0,0.017305295950155872,0.05004504504504536,0.0,0.8198198198198173,0.511,4,False,96,0.07985915492957746,0.10605685358255457,0.16947837837837806,0.006056853582554554,0.1,0.09837837837837807,0.0511,0.02,0.0,0.0,0.0
4.2054,70,17034.525203,medium,1.0,4.0,3,696,4,0,4,0,4,0,0,0,4,0.0,0.0,0.0,1.0,1.0,5,True,84,0.07869718309859156,-0.01999999999999999,0.295,0.0,0.1,0.12,0.1,0.025,0.05,0.0,0.12
3.186109,89,17062.460201,medium,0.9034267912772586,2.9034267912772584,2,883,8,4,4,4,4,0,0,0,0,0.04141744548286597,0.0,0.04566666666666667,0.7207207207207207,0.9999999999999978,4,True,117,0.09496478873239436,0.1144961059190031,0.25648648648648625,0.014496105919003088,0.1,0.08648648648648648,0.09999999999999978,0.02,0.05,0.0,0.0
4.278486,70,17085.116434,medium,1.0,4.0,3,692,6,2,4,2,4,0,0,0,2,0.03624610591900283,0.036711711711711704,0.10079999999999853,0.9999999999999981,0.9999999999999971,5,True,78,0.08133802816901409,0.052686137071651,0.29499999999999954,0.012686137071650989,0.1,0.11999999999999979,0.09999999999999973,0.025,0.05,0.0,0.06
3.03323,90,17113.112855,medium,0.7690031152647975,2.7690031152647974,2,900,8,4,4,4,4,0,0,0,0,0.028060747663551558,0.03452702702702731,0.06899999999999999,0.6617117117117118,0.9999999999999968,3,True,102,0.09612676056338028,0.10982126168224304,0.24440540540540512,0.009821261682243043,0.1,0.07940540540540542,0.09999999999999969,0.015,0.05,0.0,0.0
4.233719,71,17141.34811,medium,1.0,4.0,3,708,6,4,2,4,2,0,0,0,2,0.06603582554517144,0.09772522522522532,0.0,0.9999999999999993,1.0,5,True,41,0.03454225352112676,0.009519229081655076,0.29499999999999993,0.02311253894081,0.04640669014084507,0.11999999999999991,0.1,0.025,0.05,0.0,0.06
4.323219,75,17166.026548,medium,1.0,4.0,3,743,8,4,4,4,4,0,0,0,0,0.007196261682243014,0.0,0.0,1.0,1.0,5,True,130,0.13440140845070422,0.10251869158878506,0.295,0.0025186915887850546,0.1,0.11999999999999997,0.1,0.025,0.05,0.0,0.0
3.238784,90,17196.073204,medium,0.9567757009345794,2.956775700934579,2,900,8,4,4,4,4,0,0,0,0,0.004415887850467282,0.012770270270270249,0.0,0.8749999999999994,1.0,4,True,92,0.06595070422535211,0.09700858891667763,0.2749999999999999,0.0015455607476635486,0.09546302816901409,0.10499999999999993,0.1,0.02,0.05,0.0,0.0
3.099223,90,17224.963972,medium,0.8067757009345794,2.8067757009345793,2,900,8,4,4,4,4,0,0,0,0,0.04971962616822356,0.0,0.10079999999999739,0.8466216216216216,0.9999999999999982,4,True,80,0.07126760563380281,0.11085257338423035,0.2715945945945944,0.017401869158878244,0.09345070422535211,0.10159459459459459,0.09999999999999983,0.02,0.05,0.0,0.0
2.05331,90,17254.496973,medium,0.863239875389408,1.8632398753894082,1,900,8,4,4,4,4,0,0,0,0,0.009423676012461064,0.027252252252252265,0.0,0.9711711711711699,0.4573333333333333,4,False,85,0.06933098591549296,0.09779652604098109,0.18227387387387364,0.003298286604361372,0.09449823943661971,0.11654054054054033,0.045733333333333334,0.02,0.0,0.0,0.0
1.951603,90,17283.211467,medium,0.7418068535825533,1.7418068535825533,1,900,8,4,4,4,4,0,0,0,0,0.03853582554517022,0.031981981981981975,0.11759999999999522,0.8198198198198183,0.6799333333333283,4,False,86,0.07591549295774648,0.11342415865911944,0.186371711711711,0.013487538940809575,0.09993661971830986,0.09837837837837819,0.06799333333333282,0.02,0.0,0.0,0.0
4.321594,85,17315.664227,medium,1.0,4.0,3,845,8,4,4,4,4,0,0,0,0,0.03169781931464181,0.0,0.0,1.0,1.0,5,True,100,0.07901408450704225,0.11109423676012464,0.295,0.011094236760124632,0.1,0.12,0.1,0.025,0.05,0.0,0.0
4.318451,75,17339.536977,medium,1.0,4.0,3,748,8,4,4,4,4,0,0,0,0,0.024369158878504618,0.0,0.0,1.0,1.0,5,True,83,0.06429577464788733,0.0982510365933921,0.295,0.008529205607476616,0.08972183098591549,0.11999999999999998,0.1,0.025,0.05,0.0,0.0
4.126662,66,17360.683657,medium,1.0,4.0,3,657,2,1,1,1,1,0,0,0,6,0.031074766355139845,0.0,0.13299999999999854,1.0,0.9999999999999959,5,True,6,0.004647887323943662,-0.1026379162827433,0.2949999999999996,0.010876168224298944,0.006485915492957746,0.11999999999999998,0.09999999999999959,0.025,0.05,0.0,0.12
3.27851,88,17389.167122,medium,0.9834890965732087,2.9834890965732086,2,875,8,4,4,4,4,0,0,0,0,0.037305295950155824,0.014639639639639643,0.0,0.9522522522522516,1.0,4,True,75,0.06359154929577465,0.09825051555438552,0.2842702702702702,0.013056853582554538,0.08519366197183098,0.11427027027027017,0.1,0.02,0.05,0.0,0.0
4.312567,89,17417.720748,medium,1.0,4.0,3,881,8,4,4,4,4,0,0,0,0,0.01619158878504683,0.003310810810810814,0.0,1.0000000000000007,1.0,5,True,96,0.07436619718309859,0.1056670560747664,0.29500000000000004,0.0056670560747663894,0.1,0.12000000000000006,0.09999999999999999,0.025,0.05,0.0,0.0
0.595788,90,17447.854665,medium,0.49180685358255394,0.49180685358255394,0,900,8,4,4,4,4,0,0,0,0,0.014003115264796957,0.0036036036036036054,0.013999999999999397,0.5164414414414414,0.28466666666666607,2,False,82,0.06352112676056337,0.09354193541310148,0.10043963963963956,0.004901090342678935,0.08864084507042254,0.06197297297297295,0.028466666666666612,0.01,0.0,0.0,0.0
4.317258,87,17481.798018,medium,1.0,4.0,3,865,8,4,4,4,4,0,0,0,0,0.025023364485981477,0.01560810810810828,0.0840000000000004,0.9999999999999992,0.9999999999999959,5,True,96,0.09295774647887324,0.10875817757009353,0.2949999999999995,0.008758177570093516,0.1,0.1199999999999999,0.09999999999999959,0.025,0.05,0.0,0.0
3.30262,90,17511.277592,medium,0.9914485981308412,2.991448598130841,2,900,8,4,4,4,4,0,0,0,0,0.04039719626168245,0.032635135135135385,0.09450000000000006,0.9752702702702705,0.9999999999999959,4,True,164,0.14580985915492958,0.11413901869158886,0.28703243243243204,0.014139018691588855,0.1,0.11703243243243244,0.0999999999999996,0.02,0.05,0.0,0.0
3.293634,90,17539.948754,medium,0.9829439252336448,2.982943925233645,2,900,8,4,4,4,4,0,0,0,0,0.0474532710280376,0.04398648648648686,0.0,0.9506756756756735,1.0,4,True,188,0.16605633802816902,0.11660864485981316,0.2840810810810808,0.01660864485981316,0.1,0.1140810810810808,0.1,0.02,0.05,0.0,0.0
3.134402,90,17568.807701,medium,0.8285825545171339,2.828582554517134,2,900,8,4,4,4,4,0,0,0,0,0.04759345794392563,0.09459459459459528,0.0,0.9096846846846801,1.0,4,True,116,0.09154929577464789,0.11665771028037397,0.2791621621621616,0.016657710280373973,0.1,0.10916216216216161,0.1,0.02,0.05,0.0,0.0
4.334301,77,17593.123451,medium,1.0,4.0,3,770,8,4,4,4,4,0,0,0,0,0.046573208722741496,0.041441441441441434,0.0,0.999999999999998,1.0,5,True,78,0.09063380281690141,0.11630062305295952,0.29499999999999976,0.01630062305295952,0.1,0.11999999999999976,0.1,0.025,0.05,0.0,0.0
4.322578,83,17620.895783,medium,1.0,4.0,3,826,8,4,4,4,4,0,0,0,0,0.05098909657320879,0.05421171171171172,0.0,0.9999999999999976,1.0,5,True,93,0.06110915492957746,0.1101780499978062,0.29499999999999965,0.017846183800623076,0.09233186619718312,0.11999999999999966,0.1,0.025,0.05,0.0,0.0
4.326214,89,17654.492873,medium,1.0,4.0,3,884,8,4,4,4,4,0,0,0,0,0.08354361370716373,0.025450450450450465,0.1889999999999961,0.9999999999999988,0.9999999999999959,5,True,88,0.06183098591549296,0.11961350423412703,0.29499999999999943,0.029240264797507305,0.09037323943661972,0.11999999999999984,0.09999999999999959,0.025,0.05,0.0,0.0
4.3169,79,17680.487933,medium,1.0,4.0,3,781,8,4,4,4,4,0,0,0,0,0.0,0.0,0.0,1.0,1.0,5,True,93,0.09876760563380281,0.1,0.29500000000000004,0.0,0.1,0.12000000000000001,0.1,0.025,0.05,0.0,0.0
3.070118,78,17705.593218,medium,0.8580218068535825,2.8580218068535825,2,773,8,4,4,4,4,0,0,0,0,0.05161993769470351,0.041441441441441434,0.15959999999999738,0.5894144144144123,0.9999999999999959,3,True,37,0.022799295774647888,0.053666450024132145,0.23572972972972905,0.01806697819314623,0.03559947183098592,0.07072972972972948,0.09999999999999959,0.015,0.05,0.0,0.0
3.216073,90,17734.98957,medium,0.9376947040498442,2.9376947040498442,2,900,8,4,4,4,4,0,0,0,0,0.0,0.0,0.0,0.8198198198198198,1.0,4,True,157,0.1414612676056338,0.1,0.26837837837837836,0.0,0.1,0.09837837837837837,0.1,0.02,0.05,0.0,0.0
3.156679,90,17763.623023,medium,0.8503894080996884,2.8503894080996885,2,900,8,4,4,4,4,0,0,0,0,0.02731308411214949,0.007094594594594672,0.0,0.9727477477477477,1.0,4,True,144,0.12253521126760564,0.10955957943925232,0.2867297297297297,0.009559579439252319,0.1,0.1167297297297297,0.09999999999999999,0.02,0.05,0.0,0.0
2.950345,80,17790.34189,medium,0.7009345794392523,2.7009345794392523,2,795,8,4,4,4,4,0,0,0,0,0.013574766355140273,0.0,0.0,0.5405405405405406,1.0,3,True,81,0.07172535211267606,0.09904518230880614,0.22986486486486485,0.004751168224299096,0.09429401408450705,0.06486486486486485,0.09999999999999999,0.015,0.05,0.0,0.0
3.284036,90,17823.415425,medium,0.9796728971962617,2.9796728971962616,2,900,8,4,4,4,4,0,0,0,0,0.06198598130840991,0.023648648648648744,0.23029999999999431,0.941216216216216,0.9999999999999961,4,True,83,0.06429577464788733,0.11141692444385896,0.2829459459459456,0.02169509345794347,0.08972183098591549,0.11294594594594592,0.09999999999999963,0.02,0.05,0.0,0.0
3.209166,90,17853.294288,medium,0.9152647975077881,2.9152647975077883,2,900,8,4,4,4,4,0,0,0,0,0.003271028037383173,0.009459459459459446,0.0,0.93963963963964,1.0,4,True,119,0.10279929577464789,0.10114485981308412,0.2827567567567568,0.0011448598130841105,0.1,0.1127567567567568,0.1,0.02,0.05,0.0,0.0
3.169138,90,17881.930758,medium,0.8787383177570094,2.8787383177570094,2,900,8,4,4,4,4,0,0,0,0,0.03434579439252354,0.03783783783783807,0.0,0.819819819819818,1.0,4,True,138,0.12105633802816901,0.11202102803738324,0.2683783783783782,0.012021028037383238,0.1,0.09837837837837816,0.1,0.02,0.05,0.0,0.0
2.090378,90,17910.517563,medium,0.8817757009345795,1.8817757009345795,1,900,8,4,4,4,4,0,0,0,0,0.011876947040498496,0.034346846846847,0.0,0.8198198198198182,0.7606666666666667,4,False,167,0.14545774647887325,0.10415693146417448,0.19444504504504484,0.004156931464174473,0.1,0.09837837837837818,0.07606666666666667,0.02,0.0,0.0,0.0
3.079631,78,17936.300278,medium,0.8034579439252336,2.803457943925234,2,775,8,4,4,4,4,0,0,0,0,0.003925233644859834,0.011351351351351412,0.0,0.7960360360360356,1.0,3,True,72,0.07436619718309859,0.09314847966302488,0.26052432432432426,0.0013738317757009417,0.09177464788732394,0.09552432432432427,0.1,0.015,0.05,0.0,0.0
4.347839,80,17962.371233,medium,1.0,4.0,3,793,8,4,4,4,4,0,0,0,0,0.09957165109034148,0.05004504504504503,0.23029999999999431,1.0000000000000013,0.9999999999999961,5,True,90,0.06971830985915493,0.1321388102759857,0.29499999999999976,0.034850077881619514,0.0972887323943662,0.12000000000000015,0.09999999999999962,0.025,0.05,0.0,0.0
3.164415,87,17995.33475,medium,0.9364485981308411,2.9364485981308412,2,865,8,4,4,4,4,0,0,0,0,0.04172897196261696,0.03689189189189212,0.0,0.8162162162162143,1.0,3,True,32,0.027887323943661974,0.05152063314466242,0.2629459459459457,0.014605140186915935,0.03691549295774648,0.09794594594594572,0.1,0.015,0.05,0.0,0.0
2.963904,90,18024.372618,medium,0.7285825545171339,2.728582554517134,2,900,8,4,4,4,4,0,0,0,0,0.04530373831775653,0.0,0.1266999999999988,0.6204954954954955,0.9999999999999959,2,True,72,0.052007042253521124,0.09086159010135562,0.234459459459459,0.015856308411214787,0.07500528169014084,0.07445945945945942,0.09999999999999959,0.01,0.05,0.0,0.0
4.321475,82,18050.212058,medium,1.0,4.0,3,811,8,4,4,4,4,0,0,0,0,0.048232087227414094,0.01513513513513513,0.05033333333333333,0.9999999999999993,0.9999999999999976,5,True,71,0.07359154929577465,0.10757489250142592,0.2949999999999997,0.016881230529594934,0.09069366197183099,0.11999999999999994,0.09999999999999976,0.025,0.05,0.0,0.0
2.055908,90,18079.861095,medium,0.8679283489096569,1.8679283489096568,1,900,8,4,4,4,4,0,0,0,0,0.04154205607476558,0.0014189189189189196,0.04339999999999813,0.826126126126126,0.6920666666666648,4,False,72,0.05213028169014085,0.0896374308937736,0.18834180180180152,0.014539719626167956,0.07509771126760564,0.09913513513513506,0.06920666666666649,0.02,0.0,0.0,0.0
3.004488,74,18103.593096,medium,0.7463006230529595,2.7463006230529596,2,736,8,4,4,4,4,0,0,0,0,0.008995327102803829,0.02601351351351377,0.0,0.5913288288288278,1.0,2,True,93,0.0682394366197183,0.10082794195077008,0.23095945945945934,0.0031483644859813392,0.09767957746478874,0.0709594594594593,0.1,0.01,0.05,0.0,0.0
4.163487,64,18123.362645,medium,1.0,4.0,3,634,3,0,3,0,3,0,0,0,5,0.0,0.0,0.0,1.0,1.0,5,True,48,0.03718309859154929,-0.06811267605633803,0.295,0.0,0.051887323943661974,0.11999999999999997,0.1,0.025,0.05,0.0,0.12
4.319003,76,18152.670835,medium,1.0,4.0,3,759,8,4,4,4,4,0,0,0,0,0.05129283489096519,0.041441441441441434,0.1581999999999974,1.0000000000000016,0.9999999999999961,5,True,72,0.06126760563380282,0.09990319643718994,0.29499999999999976,0.017952492211837815,0.08195070422535213,0.12000000000000018,0.0999999999999996,0.025,0.05,0.0,0.0
4.331003,74,18176.598587,medium,1.0,4.0,3,739,8,4,4,4,4,0,0,0,0,0.028294392523364097,0.0,0.12109999999999833,1.0,0.9999999999999966,5,True,104,0.09063380281690141,0.10990303738317744,0.2949999999999997,0.009903037383177434,0.1,0.12000000000000001,0.09999999999999967,0.025,0.05,0.0,0.0
4.308958,87,18205.085025,medium,1.0,4.0,3,865,8,4,4,4,4,0,0,0,0,0.0013084112149532854,0.0037837837837838254,0.0,1.0,1.0,5,True,157,0.13383802816901408,0.10045794392523366,0.295,0.0004579439252336499,0.1,0.12,0.1,0.025,0.05,0.0,0.0
4.322563,81,18231.802458,medium,1.0,4.0,3,802,8,4,4,4,4,0,0,0,0,0.02218068535825551,0.06414414414414431,0.0,1.0000000000000007,1.0,5,True,102,0.08070422535211268,0.10776323987538944,0.29500000000000004,0.007763239875389429,0.1,0.12000000000000004,0.1,0.025,0.05,0.0,0.0
4.291987,72,18254.922382,medium,1.0,4.0,3,716,7,3,4,3,4,0,0,0,1,0.03938473520249238,0.0,0.0,1.0,1.0,5,True,72,0.06507042253521127,0.0685874742222808,0.295,0.013784657320872333,0.08480281690140846,0.12,0.1,0.025,0.05,0.0,0.03
1.812968,90,18283.26451,medium,0.6678348909657321,1.6678348909657321,1,900,8,4,4,4,4,0,0,0,0,0.03197040498442378,0.026013513513513636,0.0,0.7704954954954957,0.17966666666666667,3,False,82,0.07669014084507042,0.10970724737835116,0.12542612612612614,0.01118964174454832,0.09851760563380284,0.09245945945945946,0.017966666666666666,0.015,0.0,0.0,0.0
1.8092,90,18312.381561,medium,0.6864485981308411,1.6864485981308412,1,900,8,4,4,4,4,0,0,0,0,0.006705607476635534,0.0066216216216216945,0.0,0.6569819819819815,0.16566666666666666,3,False,190,0.16838028169014085,0.10234696261682244,0.11040450450450444,0.0023469626168224366,0.1,0.07883783783783778,0.016566666666666667,0.015,0.0,0.0,0.0
4.288396,88,18346.029038,medium,1.0,4.0,3,875,8,4,4,4,4,0,0,0,0,0.033465732087227584,0.041441441441441434,0.08190000000000049,0.999999999999998,0.9999999999999959,5,True,64,0.049577464788732394,0.08089610482207896,0.2949999999999994,0.011713006230529654,0.06918309859154931,0.11999999999999977,0.09999999999999959,0.025,0.05,0.0,0.0
4.324819,73,18369.827509,medium,1.0,4.0,3,728,8,4,4,4,4,0,0,0,0,0.021144859813084164,0.03513513513513513,0.03850000000000017,1.000000000000002,0.9999999999999982,5,True,96,0.06295774647887324,0.10261901079373438,0.29500000000000004,0.007400700934579458,0.09521830985915493,0.12000000000000019,0.09999999999999984,0.025,0.05,0.0,0.0
3.160027,90,18399.44517,medium,0.9034267912772586,2.9034267912772584,2,900,8,4,4,4,4,0,0,0,0,0.026105919003115343,0.013063063063063065,0.0924000000000001,0.7207207207207202,0.9999999999999961,4,True,70,0.06130281690140845,0.09011418432714671,0.25648648648648603,0.00913707165109037,0.08097711267605634,0.08648648648648642,0.0999999999999996,0.02,0.05,0.0,0.0
4.289559,72,18422.193471,medium,1.0,4.0,3,718,7,3,4,3,4,0,0,0,1,0.03224299065420567,0.0,0.0,1.0,1.0,5,True,68,0.06809859154929578,0.06635899039094383,0.295,0.011285046728971983,0.08507394366197184,0.11999999999999995,0.1,0.025,0.05,0.0,0.03
4.293874,85,18449.130303,medium,1.0,4.0,3,844,8,4,4,4,4,0,0,0,0,0.01586448598130852,0.045878378378378694,0.0,1.0000000000000013,1.0,5,True,59,0.06429577464788733,0.08327440107937348,0.29500000000000015,0.0055525700934579815,0.0777218309859155,0.12000000000000016,0.1,0.025,0.05,0.0,0.0
4.255204,72,18472.147473,medium,1.0,4.0,3,712,7,4,3,4,3,0,0,0,1,0.011285046728971999,0.006148648648648644,0.0,1.0,1.0,5,True,51,0.0426056338028169,0.03140399170725289,0.29500000000000004,0.003949766355140199,0.057454225352112684,0.12000000000000001,0.1,0.025,0.05,0.0,0.03
4.312736,88,18506.034544,medium,1.0,4.0,3,874,8,4,4,4,4,0,0,0,0,0.04082554517133946,0.041441441441441434,0.0056000000000000025,0.999999999999998,0.9999999999999997,5,True,74,0.07179577464788732,0.10513577179588432,0.2949999999999997,0.01428894080996881,0.0908468309859155,0.11999999999999973,0.09999999999999996,0.025,0.05,0.0,0.0
4.312646,85,18533.558081,medium,1.0,4.0,3,843,8,4,4,4,4,0,0,0,0,0.005560747663551403,0.016081081081081083,0.0,0.9999999999999992,1.0,5,True,93,0.08133802816901409,0.101946261682243,0.2949999999999999,0.0019462616822429907,0.1,0.11999999999999988,0.1,0.025,0.05,0.0,0.0
4.166175,68,18555.220115,medium,1.0,4.0,3,680,4,1,3,1,3,0,0,0,4,0.0022897196261682223,0.006621621621621616,0.0,0.9999999999999996,1.0,5,True,54,0.04183098591549296,-0.0608253586942214,0.295,0.0008014018691588778,0.05837323943661972,0.11999999999999995,0.1,0.025,0.05,0.0,0.12
4.112843,66,18576.492762,medium,1.0,4.0,3,654,1,0,1,0,1,0,0,0,7,0.0,0.0,0.0,1.0,1.0,5,True,3,0.002323943661971831,-0.11675704225352113,0.295,0.0,0.003242957746478873,0.12,0.1,0.025,0.05,0.0,0.12
3.256135,90,18605.429189,medium,0.9791277258566978,2.979127725856698,2,900,8,4,4,4,4,0,0,0,0,0.06830218068535715,0.05042792792792802,0.16449999999999718,0.9396396396396376,0.9999999999999959,4,True,44,0.05112676056338028,0.08425083366241021,0.2827567567567561,0.023905763239875002,0.06034507042253521,0.11275675675675652,0.09999999999999959,0.02,0.05,0.0,0.0
3.145695,90,18634.277821,medium,0.868380062305296,2.868380062305296,2,900,8,4,4,4,4,0,0,0,0,0.0,0.0,0.0,0.9128378378378378,1.0,4,True,64,0.07436619718309859,0.08777464788732396,0.27954054054054045,0.0,0.08777464788732396,0.10954054054054048,0.09999999999999999,0.02,0.05,0.0,0.0
4.315992,74,18663.698092,medium,1.0,4.0,3,740,8,4,4,4,4,0,0,0,0,0.03976635514018707,0.04067567567567594,0.0,0.9999999999999992,1.0,5,True,75,0.058098591549295774,0.09499216796103731,0.2949999999999999,0.01391822429906547,0.08107394366197183,0.11999999999999987,0.1,0.025,0.05,0.0,0.0
4.330411,80,18689.029929,medium,1.0,4.0,3,793,8,4,4,4,4,0,0,0,0,0.042032710280373635,0.03310810810810829,0.13089999999999863,1.0000000000000022,0.9999999999999959,5,True,133,0.11401408450704226,0.11471144859813077,0.2949999999999999,0.014711448598130769,0.1,0.12000000000000023,0.09999999999999962,0.025,0.05,0.0,0.0
4.328255,74,18714.521618,medium,1.0,4.0,3,739,8,4,4,4,4,0,0,0,0,0.02044392523364492,0.0,0.0,1.0,1.0,5,True,96,0.10225352112676056,0.10715537383177573,0.295,0.0071553738317757225,0.1,0.12,0.1,0.025,0.05,0.0,0.0
3.19182,90,18744.48969,medium,0.9081775700934579,2.908177570093458,2,900,8,4,4,4,4,0,0,0,0,0.038076323987539074,0.04909909909909909,0.0,0.8245495495495471,1.0,4,True,92,0.06049295774647887,0.10469643170549785,0.2689459459459457,0.013326713395638677,0.09136971830985917,0.09894594594594565,0.1,0.02,0.05,0.0,0.0
3.07725,90,18775.073235,medium,0.8382320872274143,2.8382320872274143,2,900,8,4,4,4,4,0,0,0,0,0.011775700934579431,0.02979729729729746,0.0,0.8198198198198184,1.0,4,True,43,0.04669014084507042,0.06063910096090561,0.2683783783783782,0.004121495327102801,0.056517605633802814,0.09837837837837818,0.1,0.02,0.05,0.0,0.0
4.31827,84,18802.500223,medium,1.0,4.0,3,840,8,4,4,4,4,0,0,0,0,0.02077102803738323,0.0,0.08890000000000023,1.0,0.9999999999999959,5,True,92,0.08450704225352113,0.10726985981308414,0.2949999999999996,0.0072698598130841304,0.1,0.11999999999999998,0.09999999999999959,0.025,0.05,0.0,0.0
1.896427,90,18837.287898,medium,0.7139408099688473,1.7139408099688473,1,900,8,4,4,4,4,0,0,0,0,0.02453271028037408,0.030743243243243408,0.0,0.9999999999999983,0.189,5,False,97,0.08213028169014085,0.10858644859813094,0.1638999999999998,0.008586448598130927,0.1,0.11999999999999979,0.0189,0.025,0.0,0.0,0.0
3.238821,90,18865.38977,medium,0.9447819314641744,2.9447819314641746,2,900,8,4,4,4,4,0,0,0,0,0.037718068535825336,0.04900900900900929,0.03850000000000017,0.8403153153153137,0.9999999999999982,4,True,99,0.1030281690140845,0.11320132398753888,0.27083783783783744,0.013201323987538864,0.1,0.1008378378378376,0.09999999999999983,0.02,0.05,0.0,0.0
3.074815,78,18891.292339,medium,0.7974844236760122,2.7974844236760124,2,775,8,4,4,4,4,0,0,0,0,0.06376168224299053,0.041441441441441434,0.18566666666666692,0.5626126126126105,0.9999999999999961,3,True,95,0.07052816901408451,0.12231658878504668,0.2325135135135129,0.022316588785046682,0.1,0.06751351351351327,0.09999999999999963,0.015,0.05,0.0,0.0
3.051778,82,18917.811852,medium,0.7848130841121496,2.7848130841121495,2,814,8,4,4,4,4,0,0,0,0,0.0323208722741435,0.041441441441441434,0.07700000000000058,0.7594594594594574,0.9999999999999961,3,True,59,0.06855633802816902,0.09222955881707699,0.2561351351351345,0.011312305295950223,0.08091725352112678,0.09113513513513485,0.09999999999999962,0.015,0.05,0.0,0.0
4.325232,76,18942.485616,medium,1.0,4.0,3,755,8,4,4,4,4,0,0,0,0,0.016378504672897285,0.03925675675675701,0.0,1.0000000000000018,1.0,5,True,112,0.08971830985915492,0.10573247663551405,0.2950000000000002,0.005732476635514049,0.1,0.1200000000000002,0.1,0.025,0.05,0.0,0.0
4.3211,74,18966.629881,medium,1.0,4.0,3,739,8,4,4,4,4,0,0,0,0,0.0,0.0,0.0,1.0,1.0,5,True,95,0.07908450704225352,0.1,0.295,0.0,0.1,0.12,0.1,0.025,0.05,0.0,0.0
3.174945,90,18996.839221,medium,0.8598130841121495,2.8598130841121496,2,900,8,4,4,4,4,0,0,0,0,0.028948598130839873,0.0,0.12389999999999465,1.0,1.0,5,True,142,0.12401408450704225,0.11013200934579397,0.295,0.010132009345793955,0.1,0.11999999999999998,0.1,0.025,0.05,0.0,0.0
4.2115,64,19023.166991,medium,1.0,4.0,3,635,4,0,4,0,4,0,0,0,4,0.0,0.0,0.0,1.0,1.0,5,True,88,0.0867605633802817,-0.01999999999999999,0.295,0.0,0.1,0.12,0.1,0.025,0.05,0.0,0.12
3.007376,78,19049.417397,medium,0.761456386292835,2.761456386292835,2,777,8,4,4,4,4,0,0,0,0,0.06656542056074663,0.0525000000000001,0.0762999999999967,0.7155630630630608,1.0,2,True,45,0.0426056338028169,0.077752122548374,0.24586756756756734,0.023297897196261325,0.05445422535211268,0.0858675675675673,0.1,0.01,0.05,0.0,0.0
1.735998,90,19079.398695,medium,0.6281464174454822,1.6281464174454823,1,900,8,4,4,4,4,0,0,0,0,0.028130841121494665,0.0,0.07279999999999685,0.38716216216216215,0.3154666666666635,2,False,111,0.08767605633802816,0.10984579439252314,0.08800612612612581,0.009845794392523134,0.1,0.046459459459459465,0.031546666666666355,0.01,0.0,0.0,0.0
1.842355,88,19108.103288,medium,0.7040498442367601,1.70404984423676,1,874,8,4,4,4,4,0,0,0,0,0.02093457943925253,0.02033783783783806,0.0,0.8198198198198187,0.0,4,False,166,0.14429577464788731,0.10732710280373839,0.11837837837837821,0.007327102803738384,0.1,0.0983783783783782,0.0,0.02,0.0,0.0,0.0
4.316706,82,19134.770552,medium,1.0,4.0,3,815,8,4,4,4,4,0,0,0,0,0.009158878504672941,0.026486486486486615,0.0,0.9999999999999988,1.0,5,True,109,0.08992957746478873,0.10320560747663554,0.2949999999999998,0.003205607476635529,0.1,0.11999999999999982,0.1,0.025,0.05,0.0,0.0
4.325039,76,19160.148851,medium,1.0,4.0,3,758,8,4,4,4,4,0,0,0,0,0.01668224299065375,0.0,0.0,1.0,1.0,5,True,192,0.1707042253521127,0.10583878504672882,0.295,0.005838785046728812,0.1,0.12,0.1,0.025,0.05,0.0,0.0
4.333522,83,19192.515022,medium,1.0,4.0,3,822,8,4,4,4,4,0,0,0,0,0.059205607476634135,0.01324324324324322,0.23029999999999431,0.9999999999999996,0.9999999999999961,5,True,95,0.07359154929577465,0.12072196261682196,0.29499999999999954,0.020721962616821948,0.1,0.11999999999999994,0.0999999999999996,0.025,0.05,0.0,0.0
4.27116,72,19216.659046,medium,1.0,4.0,3,719,7,3,4,3,4,0,0,0,1,0.0,0.0,0.0,1.0,1.0,5,True,62,0.06274647887323943,0.04805985915492959,0.295,0.0,0.07805985915492959,0.12,0.1,0.025,0.05,0.0,0.03
4.251813,69,19239.191433,medium,1.0,4.0,3,690,5,1,4,1,4,0,0,0,3,0.053317757009344484,0.0,0.2281999999999944,1.0,0.9999999999999961,5,True,78,0.07753521126760564,0.025812623403974805,0.2949999999999996,0.01866121495327057,0.09715140845070423,0.11999999999999998,0.0999999999999996,0.025,0.05,0.0,0.09
4.306614,89,19269.356297,medium,1.0,4.0,3,885,8,4,4,4,4,0,0,0,0,0.00032710280373832146,0.0009459459459459566,0.0,1.0,1.0,5,True,142,0.12440140845070423,0.10011448598130841,0.295,0.0001144859813084125,0.1,0.12,0.1,0.025,0.05,0.0,0.0
3.314743,90,19298.068484,medium,0.9883956386292835,2.9883956386292834,2,900,8,4,4,4,4,0,0,0,0,0.08678348909657202,0.041441441441441434,0.19599999999999584,0.9664414414414402,0.9999999999999959,4,True,89,0.08482394366197184,0.1303742211838002,0.2859729729729724,0.0303742211838002,0.1,0.11597297297297282,0.09999999999999959,0.02,0.05,0.0,0.0
4.202624,69,19320.191096,medium,1.0,4.0,3,686,5,1,4,1,4,0,0,0,3,0.022429906542056104,0.0,0.0,1.0,1.0,5,True,54,0.04183098591549296,-0.02377629327366064,0.295,0.007850467289719637,0.05837323943661972,0.12,0.1,0.025,0.05,0.0,0.09
2.036303,90,19354.722482,medium,0.8523364485981308,1.8523364485981308,1,900,8,4,4,4,4,0,0,0,0,0.004415887850467282,0.012770270270270249,0.0,0.8198198198198193,0.6346666666666667,4,False,78,0.06876760563380281,0.09212126497301566,0.18184504504504498,0.0015455607476635486,0.09057570422535212,0.09837837837837833,0.06346666666666667,0.02,0.0,0.0,0.0
1.644282,80,19381.976957,medium,0.5549844236760124,1.5549844236760124,1,792,8,4,4,4,4,0,0,0,0,0.03385514018691612,0.0,0.0,0.38873873873873876,0.0,2,False,93,0.09992957746478873,0.11184929906542064,0.05664864864864865,0.01184929906542064,0.1,0.04664864864864865,0.0,0.01,0.0,0.0,0.0
2.117739,90,19412.623593,medium,0.891588785046729,1.891588785046729,1,900,8,4,4,4,4,0,0,0,0,0.05001557632398704,0.03963963963963963,0.0,0.8198198198198179,0.8026666666666666,4,False,106,0.09147887323943663,0.11750545171339546,0.1986450450450448,0.017505451713395462,0.1,0.09837837837837812,0.08026666666666667,0.02,0.0,0.0,0.0
3.091181,90,19442.419731,medium,0.8073208722741433,2.8073208722741434,2,900,8,4,4,4,4,0,0,0,0,0.034182242990653804,0.005202702702702693,0.1385999999999983,0.8481981981981983,0.9999999999999959,4,True,86,0.0628169014084507,0.10207646110306687,0.2717837837837834,0.01196378504672883,0.09011267605633803,0.10178378378378378,0.09999999999999958,0.02,0.05,0.0,0.0
1.603036,90,19471.620334,medium,0.545506230529595,1.545506230529595,1,900,8,4,4,4,4,0,0,0,0,0.0004906542056074822,0.0014189189189189348,0.0,0.3613288288288288,0.0,1,False,94,0.06933098591549296,0.09916996840858233,0.04835945945945946,0.00017172897196261877,0.09899823943661971,0.04335945945945946,0.0,0.005,0.0,0.0,0.0
4.2822,69,19494.702794,medium,1.0,4.0,3,690,6,2,4,2,4,0,0,0,2,0.04628504672897152,0.0,0.09729999999999958,1.0,0.9999999999999963,5,True,144,0.12253521126760564,0.05619976635514004,0.29499999999999965,0.01619976635514003,0.1,0.12000000000000002,0.09999999999999964,0.025,0.05,0.0,0.06
3.266712,90,19528.816071,medium,0.9813084112149533,2.981308411214953,2,900,8,4,4,4,4,0,0,0,0,0.020249221183800622,0.0,0.0,0.9459459459459459,1.0,4,True,72,0.06507042253521127,0.09189004431573866,0.2835135135135135,0.0070872274143302175,0.08480281690140845,0.11351351351351348,0.1,0.02,0.05,0.0,0.0
4.262253,71,19552.859562,medium,1.0,4.0,3,704,6,2,4,2,4,0,0,0,2,0.011121495327102864,0.03216216216216234,0.0,1.0000000000000022,1.0,5,True,69,0.07901408450704225,0.03765308674476768,0.29500000000000026,0.003892523364486002,0.09376056338028167,0.12000000000000026,0.1,0.025,0.05,0.0,0.06
4.163721,67,19575.469347,medium,1.0,4.0,3,668,3,0,3,0,3,0,0,0,5,0.0,0.0,0.0,1.0,1.0,5,True,54,0.038028169014084505,-0.06447887323943662,0.295,0.0,0.05552112676056338,0.12,0.1,0.025,0.05,0.0,0.12
1.811382,90,19605.087021,medium,0.657827102803738,1.6578271028037381,1,900,8,4,4,4,4,0,0,0,0,0.023387850467289518,0.0023648648648648915,0.03149999999999864,0.8371621621621621,0.3884999999999986,4,False,73,0.05274647887323944,0.08424560681848091,0.15930945945945924,0.00818574766355133,0.07605985915492958,0.10045945945945939,0.038849999999999864,0.02,0.0,0.0,0.0
1.860285,90,19634.311117,medium,0.7262461059190031,1.726246105919003,1,900,8,4,4,4,4,0,0,0,0,0.0,0.0,0.0,0.7783783783783784,0.15633333333333332,3,False,138,0.1256338028169014,0.1,0.12403873873873875,0.0,0.1,0.09340540540540541,0.015633333333333332,0.015,0.0,0.0,0.0
1.935071,90,19663.059725,medium,0.7743769470404984,1.7743769470404984,1,900,8,4,4,4,4,0,0,0,0,0.01553738317757005,0.01560810810810828,0.0,0.93490990990991,0.13066666666666665,4,False,108,0.0905281690140845,0.10543808411214953,0.14525585585585582,0.005438084112149517,0.1,0.11218918918918917,0.013066666666666667,0.02,0.0,0.0,0.0
3.181548,90,19691.916637,medium,0.8552959501557632,2.8552959501557633,2,900,8,4,4,4,4,0,0,0,0,0.07948598130840975,0.011824324324324306,0.2008999999999956,0.9869369369369365,0.9999999999999959,4,True,118,0.1023943661971831,0.12782009345794343,0.28843243243243194,0.027820093457943413,0.1,0.11843243243243236,0.0999999999999996,0.02,0.05,0.0,0.0
4.301815,72,19720.920966,medium,1.0,4.0,3,716,7,3,4,3,4,0,0,0,1,0.02404205607476655,0.0,0.03290000000000012,1.0,0.9999999999999984,5,True,92,0.08450704225352113,0.0784147196261683,0.2949999999999999,0.008414719626168292,0.1,0.12000000000000001,0.09999999999999985,0.025,0.05,0.0,0.03
4.280017,71,19744.314136,medium,1.0,4.0,3,707,6,2,4,2,4,0,0,0,2,0.04490654205607491,0.021756756756756833,0.16000000000000025,1.0000000000000029,0.9999999999999961,5,True,89,0.08482394366197184,0.05571728971962622,0.295,0.01571728971962622,0.1,0.12000000000000034,0.09999999999999962,0.025,0.05,0.0,0.06
4.326943,77,19769.85835,medium,1.0,4.0,3,763,8,4,4,4,4,0,0,0,0,0.023551401869158904,0.0633783783783784,0.0,1.000000000000001,1.0,5,True,92,0.09214788732394366,0.10824299065420562,0.2950000000000001,0.008242990654205615,0.1,0.1200000000000001,0.1,0.025,0.05,0.0,0.0
4.329871,73,19793.636669,medium,1.0,4.0,3,728,8,4,4,4,4,0,0,0,0,0.021915887850467303,0.06337837837837841,0.0,1.0000000000000013,1.0,5,True,106,0.0953169014084507,0.10767056074766355,0.2950000000000001,0.007670560747663555,0.1,0.1200000000000001,0.1,0.025,0.05,0.0,0.0
4.318637,82,19820.282162,medium,1.0,4.0,3,814,8,4,4,4,4,0,0,0,0,0.014392523364486076,0.0,0.061600000000000404,1.0,0.999999999999997,5,True,146,0.1295774647887324,0.10503738317757014,0.29499999999999965,0.0050373831775701264,0.1,0.11999999999999998,0.09999999999999969,0.025,0.05,0.0,0.0
1.797595,90,19850.294187,medium,0.7083333333333334,1.7083333333333335,1,900,8,4,4,4,4,0,0,0,0,0.0,0.0,0.0,0.5405405405405406,0.43166666666666664,3,False,41,0.04764084507042254,0.0562306338028169,0.12303153153153153,0.0,0.0562306338028169,0.06486486486486485,0.043166666666666666,0.015,0.0,0.0,0.0
4.287452,74,19879.747316,medium,1.0,4.0,3,735,7,4,3,4,3,0,0,0,1,0.08214174454828675,0.03216216216216244,0.21366666666666698,0.9999999999999996,0.9999999999999961,5,True,49,0.05693661971830986,0.06595207538063275,0.2949999999999996,0.02874961059190036,0.06720246478873239,0.11999999999999998,0.09999999999999963,0.025,0.05,0.0,0.03
4.333519,73,19904.380514,medium,1.0,4.0,3,729,8,4,4,4,4,0,0,0,0,0.032624610591900374,0.004256756756756752,0.0,0.9999999999999998,1.0,5,True,92,0.10690140845070423,0.11141861370716513,0.295,0.011418613707165128,0.1,0.11999999999999995,0.1,0.025,0.05,0.0,0.0
4.230621,71,19928.566088,medium,1.0,4.0,3,709,6,2,4,2,4,0,0,0,2,0.038964174454828825,0.04398648648648679,0.10166666666666688,0.9999999999999978,0.9999999999999961,5,True,52,0.03584507042253521,0.006521263876091504,0.2949999999999994,0.013637461059190087,0.05288380281690141,0.11999999999999972,0.09999999999999963,0.025,0.05,0.0,0.06
1.682303,90,19958.285093,medium,0.5779595015576324,1.5779595015576324,1,900,8,4,4,4,4,0,0,0,0,0.019462616822429456,0.0042567567567567575,0.0,0.7565315315315313,0.0,3,False,82,0.05433098591549296,0.08856015532447004,0.10578378378378372,0.00681191588785031,0.08174823943661973,0.09078378378378373,0.0,0.015,0.0,0.0,0.0
4.225254,70,19981.737357,medium,1.0,4.0,3,696,5,1,4,1,4,0,0,0,3,0.0222429906542051,0.0,0.0,1.0,1.0,5,True,80,0.056091549295774645,-0.0001462912991972154,0.29500000000000004,0.0077850467289717834,0.08206866197183099,0.12000000000000001,0.1,0.025,0.05,0.0,0.09
3.013535,90,20010.92819,medium,0.7439252336448599,2.74392523364486,2,900,8,4,4,4,4,0,0,0,0,0.04235981308411069,0.005675675675675672,0.1238999999999959,0.6648648648648646,0.9999999999999989,3,True,143,0.12176056338028168,0.11482593457943875,0.24478378378378363,0.014825934579438742,0.1,0.07978378378378374,0.09999999999999991,0.015,0.05,0.0,0.0
4.289197,82,20038.033819,medium,1.0,4.0,3,816,8,4,4,4,4,0,0,0,0,0.006542056074766305,0.014662162162162203,0.0,1.0000000000000022,1.0,5,True,68,0.05267605633802817,0.07579676187968934,0.29500000000000026,0.0022897196261682067,0.07350704225352113,0.12000000000000026,0.1,0.025,0.05,0.0,0.0
4.182181,70,20065.797898,medium,1.0,4.0,3,698,5,2,3,2,3,0,0,0,3,0.0,0.0,0.0,1.0,1.0,5,True,45,0.03264084507042254,-0.0430193661971831,0.295,0.0,0.0469806338028169,0.11999999999999997,0.09999999999999999,0.025,0.05,0.0,0.09
4.332519,79,20092.017808,medium,1.0,4.0,3,790,8,4,4,4,4,0,0,0,0,0.047196261682243064,0.0,0.2020000000000003,1.0,0.9999999999999961,5,True,140,0.11246478873239436,0.11651869158878508,0.2949999999999996,0.01651869158878507,0.1,0.11999999999999997,0.09999999999999962,0.025,0.05,0.0,0.0
3.199091,89,20121.751627,medium,0.9099688473520249,2.909968847352025,2,885,8,4,4,4,4,0,0,0,0,0.0539018691588787,0.03358108108108127,0.18100000000000027,0.739639639639638,0.9999999999999961,4,True,100,0.07915492957746478,0.11886565420560755,0.2587567567567562,0.018865654205607544,0.1,0.08875675675675657,0.09999999999999962,0.02,0.05,0.0,0.0
4.315509,77,20146.724105,medium,1.0,4.0,3,762,8,4,4,4,4,0,0,0,0,0.05084890965732118,0.06574324324324389,0.1203333333333336,1.0000000000000002,0.9999999999999961,5,True,73,0.05654929577464789,0.09670909021104833,0.29499999999999965,0.017797118380062416,0.07891197183098592,0.12000000000000002,0.09999999999999962,0.025,0.05,0.0,0.0
3.244453,90,20175.481112,medium,0.9447819314641744,2.9447819314641746,2,900,8,4,4,4,4,0,0,0,0,0.05380841121495194,0.0,0.23029999999999431,0.8403153153153153,0.9999999999999961,4,True,96,0.07436619718309859,0.11883294392523318,0.27083783783783744,0.018832943925233176,0.1,0.10083783783783784,0.09999999999999962,0.02,0.05,0.0,0.0
3.063233,90,20205.591475,medium,0.8024143302180685,2.8024143302180686,2,900,8,4,4,4,4,0,0,0,0,0.005070093457943923,0.014662162162162155,0.0,0.8340090090090084,1.0,4,True,74,0.055950704225352116,0.08073756087929447,0.27008108108108103,0.0017745327102803728,0.0789630281690141,0.10008108108108102,0.1,0.02,0.05,0.0,0.0
4.313197,88,20240.03841,medium,1.0,4.0,3,875,8,4,4,4,4,0,0,0,0,0.016277258566978193,0.017792792792792802,0.043333333333333356,0.9999999999999992,0.9999999999999979,5,True,85,0.08140845070422535,0.10569704049844238,0.2949999999999997,0.005697040498442367,0.1,0.11999999999999988,0.0999999999999998,0.025,0.05,0.0,0.0
3.080755,74,20264.659034,medium,0.8574766355140186,2.8574766355140184,2,735,8,4,4,4,4,0,0,0,0,0.03166666666666686,0.041441441441441434,0.07420000000000054,0.5878378378378358,0.9999999999999962,3,True,50,0.033538732394366194,0.06123738262910805,0.2355405405405399,0.0110833333333334,0.05015404929577465,0.07054054054054029,0.09999999999999963,0.015,0.05,0.0,0.0
4.32512,90,20294.513228,medium,1.0,4.0,3,894,8,4,4,4,4,0,0,0,0,0.055771028037381806,0.03689189189189213,0.1840999999999938,0.999999999999998,0.9999999999999982,5,True,91,0.07901408450704225,0.11951985981308363,0.2949999999999996,0.01951985981308363,0.1,0.11999999999999977,0.09999999999999983,0.025,0.05,0.0,0.0
3.163799,90,20323.669745,medium,0.859190031152648,2.859190031152648,2,900,8,4,4,4,4,0,0,0,0,0.01378504672897196,0.03986486486486486,0.0,0.9981981981981982,1.0,4,True,95,0.08288732394366197,0.1048247663551402,0.2897837837837837,0.004824766355140186,0.1,0.11978378378378374,0.1,0.02,0.05,0.0,0.0
4.328776,77,20348.011432,medium,1.0,4.0,3,768,8,4,4,4,4,0,0,0,0,0.030218068535825607,0.041441441441441434,0.0,1.0000000000000016,1.0,5,True,122,0.10517605633802816,0.11057632398753897,0.2950000000000002,0.010576323987538962,0.1,0.12000000000000019,0.1,0.025,0.05,0.0,0.0
0.557173,75,20372.970779,medium,0.46785046728971963,0.46785046728971963,0,750,8,4,4,4,4,0,0,0,0,0.01341121495327111,0.0009459459459459566,0.0,0.5421621621621622,0.0,1,False,80,0.06609154929577465,0.09426258720547587,0.07005945945945945,0.004693925233644889,0.08956866197183098,0.06505945945945944,0.0,0.005,0.0,0.0,0.0
4.325252,76,20402.541184,medium,1.0,4.0,3,752,8,4,4,4,4,0,0,0,0,0.015576323987538936,0.04504504504504503,0.0,1.0000000000000013,1.0,5,True,95,0.11038732394366198,0.10545171339563864,0.29500000000000015,0.005451713395638627,0.1,0.12000000000000016,0.1,0.025,0.05,0.0,0.0
4.32882,81,20429.243249,medium,1.0,4.0,3,809,8,4,4,4,4,0,0,0,0,0.042056074766355256,0.028378378378378526,0.0,0.9999999999999988,1.0,5,True,144,0.11873239436619719,0.11471962616822434,0.2949999999999998,0.014719626168224337,0.1,0.11999999999999982,0.1,0.025,0.05,0.0,0.0
3.176829,89,20459.686782,medium,0.9034267912772586,2.9034267912772584,2,881,8,4,4,4,4,0,0,0,0,0.014330218068535823,0.041441441441441434,0.0,0.7207207207207187,1.0,4,True,96,0.07056338028169014,0.10501557632398754,0.25648648648648625,0.005015576323987538,0.1,0.08648648648648623,0.1,0.02,0.05,0.0,0.0
4.191669,53,20477.419559,medium,1.0,4.0,3,530,3,0,3,0,3,0,0,0,5,0.0,0.0,0.0,1.0,1.0,5,True,58,0.054225352112676053,-0.050330985915492954,0.295,0.0,0.06966901408450704,0.11999999999999995,0.1,0.025,0.05,0.0,0.12
3.269908,90,20507.509552,medium,0.9661214953271028,2.9661214953271027,2,900,8,4,4,4,4,0,0,0,0,0.03720404984423642,0.07826576576576606,0.0,0.9999999999999967,1.0,5,True,73,0.06568661971830986,0.09878638223421515,0.29499999999999965,0.013021417445482748,0.0857649647887324,0.11999999999999965,0.1,0.025,0.05,0.0,0.0
3.227405,90,20537.100066,medium,0.9393302180685358,2.9393302180685357,2,900,8,4,4,4,4,0,0,0,0,0.026082554517133455,0.0,0.0,0.8245495495495495,1.0,4,True,165,0.15242957746478875,0.10912889408099671,0.26894594594594595,0.009128894080996708,0.1,0.09894594594594594,0.1,0.02,0.05,0.0,0.0
3.183023,86,20565.436231,medium,0.884953271028037,2.884953271028037,2,857,8,4,4,4,4,0,0,0,0,0.03379283489096561,0.041441441441441434,0.05670000000000036,0.8970720720720701,0.9999999999999971,4,True,81,0.07172535211267606,0.10612150629634501,0.27764864864864813,0.01182749221183796,0.09429401408450705,0.10764864864864841,0.09999999999999974,0.02,0.05,0.0,0.0
2.006039,87,20599.305974,medium,0.8272663551401865,1.8272663551401864,1,863,8,4,4,4,4,0,0,0,0,0.04154205607476556,0.0,0.04269999999999816,0.8162162162162162,0.5326999999999982,3,False,78,0.06042253521126761,0.09885662103461865,0.1662159459459457,0.014539719626167949,0.0843169014084507,0.09794594594594588,0.05326999999999982,0.015,0.0,0.0,0.0
4.296812,72,20623.679206,medium,1.0,4.0,3,717,7,3,4,3,4,0,0,0,1,0.03745327102803757,0.05675675675675676,0.07630000000000058,1.0000000000000009,0.9999999999999961,5,True,71,0.07320422535211267,0.07351181387389767,0.2949999999999997,0.01310864485981315,0.09040316901408452,0.12000000000000008,0.09999999999999962,0.025,0.05,0.0,0.03
1.958796,90,20653.41998,medium,0.7475856697819314,1.7475856697819314,1,900,8,4,4,4,4,0,0,0,0,0.014392523364486076,0.04162162162162189,0.0,0.8497747747747727,0.742,4,False,130,0.10626760563380282,0.10503738317757014,0.1961729729729727,0.005037383177570126,0.1,0.10197297297297271,0.0742,0.02,0.0,0.0,0.0
3.188774,81,20680.48782,medium,0.8804283489096568,2.880428348909657,2,804,8,4,4,4,4,0,0,0,0,0.05819314641744397,0.04436936936936936,0.10149999999999562,0.8198198198198176,1.0,4,True,89,0.07830985915492958,0.1203676012461054,0.2683783783783781,0.020367601246105392,0.1,0.0983783783783781,0.1,0.02,0.05,0.0,0.0
3.140378,90,20710.43491,medium,0.8378504672897197,2.83785046728972,2,900,8,4,4,4,4,0,0,0,0,0.05249999999999895,0.014662162162162162,0.20299999999999552,0.936486486486486,0.9999999999999959,4,True,72,0.07436619718309859,0.11014964788732359,0.2823783783783779,0.01837499999999963,0.09177464788732397,0.11237837837837833,0.0999999999999996,0.02,0.05,0.0,0.0
3.157893,90,20741.073766,medium,0.856386292834891,2.856386292834891,2,900,8,4,4,4,4,0,0,0,0,0.028785046728972072,0.08324324324324356,0.0,0.9286036036036,1.0,4,True,89,0.07443661971830987,0.11007476635514023,0.281432432432432,0.010074766355140223,0.1,0.11143243243243198,0.09999999999999999,0.02,0.05,0.0,0.0
2.871951,85,20773.612055,medium,0.6146417445482866,2.614641744548287,2,842,8,4,4,4,4,0,0,0,0,0.03791277258566984,0.04436936936936936,0.0966,0.6932432432432409,0.9999999999999959,3,True,79,0.054066901408450704,0.09331964646132247,0.24818918918918853,0.01326947040498444,0.08005017605633803,0.08318918918918893,0.0999999999999996,0.015,0.05,0.0,0.0
1.79792,90,20804.20526,medium,0.6817834890965728,1.6817834890965728,1,900,8,4,4,4,4,0,0,0,0,0.024042056074766116,0.0,0.0,0.8198198198198198,0.0,4,False,68,0.06045774647887324,0.08775802948532307,0.11837837837837838,0.008414719626168141,0.07934330985915493,0.09837837837837837,0.0,0.02,0.0,0.0,0.0
4.19116,69,20826.98237,medium,1.0,4.0,3,690,4,0,4,0,4,0,0,0,4,0.0,0.0,0.0,1.0,1.0,5,True,64,0.07088028169014085,-0.034839788732394364,0.295,0.0,0.08516021126760563,0.11999999999999998,0.1,0.025,0.05,0.0,0.12
4.24655,63,20848.351858,medium,1.0,4.0,3,624,5,1,4,1,4,0,0,0,3,0.01128504672897205,0.032635135135135385,0.0,0.9999999999999988,1.0,5,True,93,0.08621478873239437,0.013949766355140225,0.2949999999999998,0.003949766355140217,0.1,0.11999999999999983,0.1,0.025,0.05,0.0,0.09
4.324084,77,20873.056937,medium,1.0,4.0,3,763,8,4,4,4,4,0,0,0,0,0.04730529595015597,0.039729729729730004,0.14366666666666694,1.0000000000000013,0.9999999999999961,5,True,81,0.06443661971830986,0.10538431837128698,0.29499999999999976,0.016556853582554588,0.0888274647887324,0.12000000000000016,0.09999999999999962,0.025,0.05,0.0,0.0
1.585552,79,20899.132091,medium,0.5114018691588786,1.5114018691588786,1,781,8,4,4,4,4,0,0,0,0,0.010467289719626283,0.0,0.0,0.36036036036036034,0.0,2,False,85,0.07045774647887323,0.09900686126102412,0.05324324324324324,0.0036635514018691986,0.09534330985915493,0.04324324324324324,0.0,0.01,0.0,0.0,0.0
3.215004,82,20931.719239,medium,0.9317757009345794,2.9317757009345793,2,812,8,4,4,4,4,0,0,0,0,0.022118380062305324,0.06396396396396405,0.0,0.8027027027027002,1.0,4,True,79,0.0678169014084507,0.0981041090781449,0.266324324324324,0.0077414330218068626,0.09036267605633803,0.096324324324324,0.1,0.02,0.05,0.0,0.0
4.298204,82,20958.15749,medium,1.0,4.0,3,815,8,4,4,4,4,0,0,0,0,0.0346573208722742,0.0,0.1483333333333336,1.0,0.9999999999999978,5,True,58,0.058098591549295774,0.08470400596726778,0.29499999999999976,0.012130062305295971,0.07257394366197181,0.12,0.09999999999999978,0.025,0.05,0.0,0.0
3.265242,90,20987.715733,medium,0.9633177570093457,2.963317757009346,2,900,8,4,4,4,4,0,0,0,0,0.0418691588785038,0.0023648648648648915,0.17569999999999622,0.893918918918919,0.9999999999999963,4,True,106,0.0876056338028169,0.11465420560747633,0.2772702702702699,0.014654205607476328,0.1,0.10727027027027025,0.09999999999999963,0.02,0.05,0.0,0.0
1.693708,90,21018.696417,medium,0.5164485981308402,1.5164485981308402,1,900,8,4,4,4,4,0,0,0,0,0.03303738317756917,0.037837837837837666,0.08539999999999633,0.5479729729729713,0.7993999999999963,2,False,108,0.09602112676056337,0.11156308411214921,0.15569675675675626,0.01156308411214921,0.1,0.06575675675675656,0.07993999999999969,0.01,0.0,0.0,0.0
3.019461,85,21046.661026,medium,0.7483644859813084,2.7483644859813086,2,841,8,4,4,4,4,0,0,0,0,0.025350467289719188,0.0028378378378378405,0.0,0.6777027027027026,1.0,3,True,113,0.09607394366197183,0.10887266355140172,0.24632432432432427,0.008872663551401714,0.1,0.08132432432432429,0.1,0.015,0.05,0.0,0.0
3.213739,80,21073.582855,medium,0.9589563862928349,2.9589563862928348,2,792,8,4,4,4,4,0,0,0,0,0.0551401869158879,0.0,0.0,0.8813063063063064,1.0,4,True,37,0.027235915492957747,0.05822600204027908,0.2757567567567567,0.019299065420560764,0.038926936619718314,0.1057567567567567,0.1,0.02,0.05,0.0,0.0
4.295368,81,21105.819697,medium,1.0,4.0,3,801,8,4,4,4,4,0,0,0,0,0.03224299065420567,0.0,0.0,1.0,1.0,5,True,64,0.049577464788732394,0.08046814532052128,0.295,0.011285046728971983,0.0691830985915493,0.11999999999999998,0.1,0.025,0.05,0.0,0.0
4.323509,75,21130.725065,medium,1.0,4.0,3,744,8,4,4,4,4,0,0,0,0,0.03320093457943882,0.0,0.14209999999999814,1.0,0.9999999999999959,5,True,78,0.06971830985915493,0.1029090594971698,0.2949999999999996,0.011620327102803587,0.09128873239436622,0.11999999999999998,0.09999999999999959,0.025,0.05,0.0,0.0
3.233668,90,21161.192113,medium,0.9557632398753894,2.9557632398753895,2,900,8,4,4,4,4,0,0,0,0,0.046207165109034415,0.0617792792792794,0.1063333333333336,0.9999999999999971,0.9999999999999961,5,True,56,0.03830985915492958,0.07290490215435923,0.29499999999999926,0.016172507788162042,0.05673239436619718,0.11999999999999965,0.09999999999999963,0.025,0.05,0.0,0.0
2.981758,88,21190.604502,medium,0.7370794392523364,2.7370794392523363,2,875,8,4,4,4,4,0,0,0,0,0.01612928348909659,0.046644144144144195,0.0,0.6450675675675653,1.0,3,True,82,0.0575,0.08977024922118382,0.24240810810810787,0.005645249221183806,0.084125,0.07740810810810785,0.1,0.015,0.05,0.0,0.0
3.229525,90,21220.711365,medium,0.9376947040498442,2.9376947040498442,2,900,8,4,4,4,4,0,0,0,0,0.046573208722741496,0.041441441441441434,0.0,0.8198198198198178,1.0,4,True,78,0.07753521126760564,0.11345203150366376,0.26837837837837814,0.016300623052959522,0.09715140845070423,0.09837837837837814,0.1,0.02,0.05,0.0,0.0
3.072056,90,21250.552632,medium,0.7539719626168224,2.7539719626168226,2,900,8,4,4,4,4,0,0,0,0,0.03738317757009352,0.0,0.16000000000000025,1.0,0.9999999999999961,5,True,144,0.11492957746478873,0.11308411214953273,0.2949999999999996,0.01308411214953273,0.1,0.11999999999999997,0.09999999999999962,0.025,0.05,0.0,0.0
4.325434,74,21280.320257,medium,1.0,4.0,3,733,8,4,4,4,4,0,0,0,0,0.019462616822430005,0.05628378378378407,0.0,1.000000000000001,1.0,5,True,88,0.07056338028169014,0.10373445109911811,0.29500000000000015,0.006811915887850502,0.0969225352112676,0.12000000000000012,0.1,0.025,0.05,0.0,0.0
3.041489,85,21308.543357,medium,0.8049844236760124,2.8049844236760126,2,845,8,4,4,4,4,0,0,0,0,0.04661214953270927,0.0,0.19949999999999568,0.436036036036036,0.9999999999999959,2,True,96,0.059154929577464786,0.10868044951954685,0.21232432432432397,0.016314252336448246,0.0923661971830986,0.05232432432432432,0.09999999999999962,0.01,0.05,0.0,0.0
4.190881,67,21330.66075,medium,1.0,4.0,3,662,4,1,3,1,3,0,0,0,4,0.03362928348909673,0.041441441441441434,0.08260000000000044,0.999999999999998,0.9999999999999959,5,True,61,0.053080985915492956,-0.03791901134219641,0.2949999999999993,0.011770249221183856,0.07031073943661972,0.11999999999999972,0.0999999999999996,0.025,0.05,0.0,0.12
3.130952,83,21358.621695,medium,0.8694704049844236,2.8694704049844235,2,824,8,4,4,4,4,0,0,0,0,0.011939252336448084,0.0,0.05109999999999779,0.6225225225225225,1.0,3,True,107,0.10795774647887324,0.10417873831775684,0.23970270270270272,0.004178738317756829,0.1,0.07470270270270271,0.1,0.015,0.05,0.0,0.0
4.199598,67,21379.755111,medium,1.0,4.0,3,667,4,1,3,1,3,0,0,0,4,0.030911214953270694,0.0,0.0,1.0,1.0,5,True,68,0.061971830985915494,-0.02870220152691863,0.295,0.01081892523364474,0.08047887323943663,0.12,0.1,0.025,0.05,0.0,0.12
4.2086,67,21401.741487,medium,1.0,4.0,3,664,4,0,4,0,4,0,0,0,4,0.0,0.0,0.0,1.0,1.0,5,True,95,0.0921830985915493,-0.01999999999999999,0.295,0.0,0.1,0.12,0.1,0.025,0.05,0.0,0.12
4.33483,78,21428.255288,medium,1.0,4.0,3,774,8,4,4,4,4,0,0,0,0,0.049228971962616476,0.0,0.14909999999999785,1.0,0.9999999999999959,5,True,144,0.12582746478873238,0.11723014018691577,0.2949999999999996,0.017230140186915766,0.1,0.12000000000000001,0.09999999999999959,0.025,0.05,0.0,0.0
4.300784,72,21456.610997,medium,1.0,4.0,3,716,7,3,4,3,4,0,0,0,1,0.021098130841121537,0.0,0.0,1.0,1.0,5,True,118,0.08961267605633803,0.07738434579439255,0.295,0.0073843457943925375,0.1,0.12,0.1,0.025,0.05,0.0,0.03
4.322514,82,21484.098722,medium,1.0,4.0,3,811,8,4,4,4,4,0,0,0,0,0.024610591900311587,0.0,0.0,1.0,1.0,5,True,184,0.1652288732394366,0.10861370716510907,0.295,0.008613707165109057,0.1,0.11999999999999998,0.1,0.025,0.05,0.0,0.0
2.030882,84,21512.596951,medium,0.8272352024922104,1.8272352024922105,1,833,8,4,4,4,4,0,0,0,0,0.04742990654205467,0.0,0.15889999999999377,0.6682432432432432,0.7515666666666598,3,False,120,0.10774647887323943,0.11660046728971915,0.1703458558558552,0.016600467289719138,0.1,0.0801891891891892,0.075156666666666,0.015,0.0,0.0,0.0
1.75266,90,21541.951016,medium,0.6417445482866043,1.6417445482866042,1,900,8,4,4,4,4,0,0,0,0,0.02616822429906539,0.015135135135135258,0.0,0.6396396396396388,0.0,3,False,120,0.10394366197183098,0.10915887850467289,0.09175675675675667,0.009158878504672884,0.1,0.07675675675675667,0.0,0.015,0.0,0.0,0.0
4.278697,73,21565.886071,medium,1.0,4.0,3,729,7,4,3,4,3,0,0,0,1,0.021425233644859838,0.0,0.0,1.0,1.0,5,True,72,0.05746478873239436,0.05659742332499672,0.29500000000000004,0.007498831775700942,0.07909859154929577,0.12000000000000001,0.1,0.025,0.05,0.0,0.03
4.322862,75,21591.125366,medium,1.0,4.0,3,750,8,4,4,4,4,0,0,0,0,0.008177570093457974,0.023648648648648737,0.0,0.9999999999999988,1.0,5,True,88,0.07482394366197183,0.10286214953271029,0.2949999999999998,0.0028621495327102913,0.1,0.11999999999999982,0.1,0.025,0.05,0.0,0.0
4.324023,80,21618.093278,medium,1.0,4.0,3,799,8,4,4,4,4,0,0,0,0,0.05291277258566997,0.05752252252252269,0.1413333333333336,0.9999999999999976,0.9999999999999966,5,True,71,0.07320422535211267,0.10892263941906902,0.2949999999999994,0.018519470404984487,0.09040316901408453,0.1199999999999997,0.09999999999999969,0.025,0.05,0.0,0.0
3.059867,90,21653.319921,medium,0.8422118380062306,2.8422118380062305,2,900,8,4,4,4,4,0,0,0,0,0.045241433021806575,0.041441441441441434,0.10429999999999973,0.5436936936936917,0.9999999999999961,3,True,64,0.03943661971830986,0.07741196634636469,0.23024324324324258,0.015834501557632302,0.06157746478873239,0.06524324324324299,0.09999999999999962,0.015,0.05,0.0,0.0
2.0165,90,21683.202516,medium,0.8278816199376947,1.8278816199376946,1,900,8,4,4,4,4,0,0,0,0,0.012757009345793949,0.0,0.0,0.7207207207207207,0.6766666666666666,4,False,92,0.07940140845070423,0.1044649532710279,0.17415315315315313,0.004464953271027881,0.1,0.08648648648648648,0.06766666666666667,0.02,0.0,0.0,0.0
4.318413,84,21712.153267,medium,1.0,4.0,3,838,8,4,4,4,4,0,0,0,0,0.02060747663551418,0.05959459459459506,0.0,0.9999999999999983,1.0,5,True,113,0.10674295774647888,0.10721261682242997,0.29499999999999976,0.0072126168224299625,0.1,0.11999999999999979,0.09999999999999999,0.025,0.05,0.0,0.0
2.99665,90,21742.091506,medium,0.7406542056074766,2.7406542056074765,2,900,8,4,4,4,4,0,0,0,0,0.006705607476635225,0.0,0.0,0.6554054054054054,1.0,3,True,155,0.1365492957746479,0.10234696261682233,0.24364864864864866,0.002346962616822328,0.1,0.07864864864864865,0.1,0.015,0.05,0.0,0.0
3.15574,88,21771.727908,medium,0.9010903426791277,2.9010903426791277,2,880,8,4,4,4,4,0,0,0,0,0.03518691588785052,0.008513513513513503,0.0,0.7139639639639637,1.0,3,True,69,0.060211267605633806,0.09197387126497303,0.2506756756756756,0.012315420560747683,0.07965845070422535,0.08567567567567562,0.1,0.015,0.05,0.0,0.0
3.048324,78,21803.43395,medium,0.7804750778816197,2.78047507788162,2,774,8,4,4,4,4,0,0,0,0,0.008278816199376786,0.013063063063063065,0.0,0.6445945945945941,1.0,3,True,96,0.08366197183098592,0.10289758566978188,0.24235135135135127,0.0028975856697818748,0.1,0.07735135135135127,0.1,0.015,0.05,0.0,0.0
4.325517,76,21828.780045,medium,1.0,4.0,3,753,8,4,4,4,4,0,0,0,0,0.016619937694704042,0.041441441441441434,0.009799999999999991,0.999999999999998,0.9999999999999996,5,True,86,0.08133802816901409,0.10581697819314642,0.2949999999999997,0.005816978193146415,0.1,0.11999999999999973,0.09999999999999995,0.025,0.05,0.0,0.0
4.287608,78,21854.325411,medium,1.0,4.0,3,776,8,4,4,4,4,0,0,0,0,0.026760124610592035,0.07738738738738778,0.0,0.9999999999999963,1.0,5,True,62,0.0397887323943662,0.07020759290948185,0.2949999999999996,0.009366043613707211,0.06084154929577464,0.11999999999999957,0.1,0.025,0.05,0.0,0.0
4.318002,78,21880.2148,medium,1.0,4.0,3,780,8,4,4,4,4,0,0,0,0,0.058255451713395766,0.041441441441441434,0.18800000000000028,1.0000000000000016,0.9999999999999961,5,True,67,0.0628169014084507,0.10100208415602654,0.2949999999999998,0.020389408099688516,0.08061267605633803,0.12000000000000022,0.09999999999999962,0.025,0.05,0.0,0.0
4.2121,63,21900.590917,medium,1.0,4.0,3,629,4,0,4,0,4,0,0,0,4,0.0,0.0,0.0,1.0,1.0,5,True,90,0.09528169014084507,-0.01999999999999999,0.295,0.0,0.1,0.11999999999999995,0.1,0.025,0.05,0.0,0.12
4.3124,83,21928.807931,medium,1.0,4.0,3,826,8,4,4,4,4,0,0,0,0,0.0,0.0,0.0,1.0,1.0,5,True,97,0.08063380281690141,0.1,0.295,0.0,0.1,0.12000000000000001,0.09999999999999999,0.025,0.05,0.0,0.0
4.336201,76,21954.534215,medium,1.0,4.0,3,758,8,4,4,4,4,0,0,0,0,0.048574766355140075,0.07378378378378442,0.04549999999999804,1.0000000000000002,1.0,5,True,129,0.13130281690140846,0.11700116822429903,0.29500000000000004,0.017001168224299024,0.1,0.12000000000000001,0.1,0.025,0.05,0.0,0.0
4.238544,70,21983.190835,medium,1.0,4.0,3,700,5,2,3,2,3,0,0,0,3,0.013707165109034266,0.0,0.0,1.0,1.0,5,True,72,0.08366197183098592,0.013543986661401428,0.295,0.004797507788161993,0.09874647887323944,0.11999999999999998,0.1,0.025,0.05,0.0,0.09
3.214947,88,22012.921066,medium,0.9305295950155763,2.9305295950155763,2,873,8,4,4,4,4,0,0,0,0,0.019182242990654255,0.03135135135135148,0.009799999999999991,0.8340090090090079,0.9999999999999996,4,True,84,0.07056338028169014,0.10163632025799661,0.2700810810810809,0.0067137850467289895,0.09492253521126762,0.10008108108108095,0.09999999999999996,0.02,0.05,0.0,0.0
4.332599,81,22039.942838,medium,1.0,4.0,3,803,8,4,4,4,4,0,0,0,0,0.08529595015576316,0.041441441441441434,0.21133333333333362,1.0000000000000016,0.9999999999999961,5,True,75,0.0673943661971831,0.11789935720240444,0.29499999999999976,0.02985358255451711,0.08804577464788732,0.12000000000000013,0.09999999999999963,0.025,0.05,0.0,0.0
4.313901,84,22067.304318,medium,1.0,4.0,3,835,8,4,4,4,4,0,0,0,0,0.019626168224298697,0.004729729729729525,0.0,1.0,1.0,5,True,83,0.07204225352112677,0.10240084901934961,0.295,0.006869158878504542,0.09553169014084506,0.11999999999999998,0.1,0.025,0.05,0.0,0.0
1.704858,76,22092.013502,medium,0.6061526479750778,1.6061526479750778,1,757,8,4,4,4,4,0,0,0,0,0.0,0.0,0.0,0.5367117117117117,0.0,2,False,161,0.1468661971830986,0.1,0.07440540540540538,0.0,0.1,0.06440540540540539,0.0,0.01,0.0,0.0,0.0
4.187649,75,22117.460127,medium,1.0,4.0,3,741,5,4,1,4,1,0,0,0,3,0.08801401869158791,0.028378378378378526,0.1966999999999958,0.9999999999999986,0.9999999999999959,5,True,24,0.018591549295774647,-0.033251431486113245,0.29499999999999943,0.03080490654205577,0.025943661971830987,0.11999999999999982,0.0999999999999996,0.025,0.05,0.0,0.09
3.14783,77,22143.035286,medium,0.8407165109034269,2.8407165109034267,2,765,8,4,4,4,4,0,0,0,0,0.04632398753894096,0.022702702702702953,0.16466666666666693,0.8533333333333324,0.9999999999999961,3,True,162,0.13911971830985914,0.11621339563862934,0.2673999999999995,0.016213395638629335,0.1,0.10239999999999988,0.09999999999999963,0.015,0.05,0.0,0.0
0.574537,76,22173.478529,medium,0.47504672897196265,0.47504672897196265,0,757,8,4,4,4,4,0,0,0,0,0.007523364485981347,0.021756756756756868,0.0,0.562972972972972,0.0,1,False,120,0.08704225352112677,0.10263317757009348,0.07255675675675664,0.002633177570093471,0.1,0.06755675675675664,0.0,0.005,0.0,0.0,0.0
3.141052,86,22202.219446,medium,0.9116043613707165,2.9116043613707165,2,852,8,4,4,4,4,0,0,0,0,0.023364485981308455,0.041441441441441434,0.03866666666666668,0.7443693693693674,0.9999999999999982,4,True,49,0.030193661971830987,0.0553228165723312,0.2593243243243239,0.008177570093457959,0.04714524647887324,0.08932432432432406,0.09999999999999981,0.02,0.05,0.0,0.0
4.32763,74,22227.47835,medium,1.0,4.0,3,740,8,4,4,4,4,0,0,0,0,0.038621495327102955,0.06432432432432436,0.0,1.0000000000000013,1.0,5,True,77,0.07281690140845071,0.10663019942082408,0.29500000000000015,0.013517523364486035,0.09311267605633804,0.12000000000000013,0.1,0.025,0.05,0.0,0.0
3.138873,90,22256.78253,medium,0.8607476635514019,2.8607476635514018,2,900,8,4,4,4,4,0,0,0,0,0.06767912772585612,0.007094594594594672,0.16449999999999718,0.8497747747747744,0.9999999999999959,4,True,60,0.05661971830985915,0.09615248343644402,0.2719729729729725,0.023687694704049644,0.07246478873239437,0.10197297297297292,0.09999999999999962,0.02,0.05,0.0,0.0
4.33676,76,22281.866196,medium,1.0,4.0,3,758,8,4,4,4,4,0,0,0,0,0.050171339563862986,0.041441441441441434,0.015399999999999974,1.0000000000000016,0.9999999999999994,5,True,80,0.09295774647887324,0.11755996884735205,0.29500000000000015,0.017559968847352045,0.1,0.12000000000000019,0.09999999999999995,0.025,0.05,0.0,0.0
4.293332,80,22309.164298,medium,1.0,4.0,3,796,7,4,3,4,3,0,0,0,1,0.022663551401869195,0.0,0.09700000000000016,1.0,0.9999999999999961,5,True,105,0.09253521126760564,0.07793224299065422,0.2949999999999996,0.007932242990654217,0.1,0.11999999999999998,0.09999999999999962,0.025,0.05,0.0,0.03
0.574061,75,22338.565951,medium,0.475809968847352,0.475809968847352,0,748,8,4,4,4,4,0,0,0,0,0.0006542056074766429,0.0018918918918919131,0.0,0.5651801801801801,0.0,1,False,130,0.12316901408450705,0.10022897196261683,0.07282162162162159,0.00022897196261682502,0.1,0.06782162162162159,0.0,0.005,0.0,0.0,0.0
4.333206,74,22363.049636,medium,1.0,4.0,3,733,8,4,4,4,4,0,0,0,0,0.03287383177570062,0.006148648648648716,0.0,1.0,1.0,5,True,192,0.1707042253521127,0.11150584112149522,0.295,0.011505841121495216,0.1,0.11999999999999997,0.1,0.025,0.05,0.0,0.0
2.945306,90,22393.121214,medium,0.7405140186915885,2.7405140186915884,2,900,8,4,4,4,4,0,0,0,0,0.005560747663551245,0.005675675675675672,0.0,0.5405405405405403,1.0,3,True,62,0.04264084507042253,0.06492689548505984,0.22986486486486485,0.0019462616822429359,0.0629806338028169,0.06486486486486484,0.1,0.015,0.05,0.0,0.0
4.29271,68,22415.671161,medium,1.0,4.0,3,680,6,2,4,2,4,0,0,0,2,0.07345794392523221,0.017499999999999603,0.22749999999999446,0.9999999999999996,0.9999999999999959,5,True,110,0.09401408450704225,0.06571028037383128,0.29499999999999954,0.02571028037383127,0.1,0.11999999999999994,0.09999999999999959,0.025,0.05,0.0,0.06
4.115173,68,22438.063655,medium,1.0,4.0,3,676,3,2,1,2,1,0,0,0,5,0.002616822429906571,0.007567567567567651,0.0,1.0,1.0,5,True,5,0.0058098591549295775,-0.11222671778333551,0.295,0.0009158878504672998,0.006857394366197183,0.12,0.1,0.025,0.05,0.0,0.12
4.31985,80,22465.391023,medium,1.0,4.0,3,791,8,4,4,4,4,0,0,0,0,0.011285046728972025,0.032635135135135315,0.0,1.0000000000000022,1.0,5,True,96,0.09295774647887324,0.10394976635514021,0.29500000000000026,0.003949766355140208,0.1,0.12000000000000026,0.09999999999999999,0.025,0.05,0.0,0.0
1.605259,90,22494.962716,medium,0.5015576323987538,1.5015576323987538,1,892,8,4,4,4,4,0,0,0,0,0.003271028037383173,0.009459459459459446,0.0,0.6396396396396392,0.0,3,False,107,0.08721830985915494,0.10114485981308412,0.0917567567567567,0.0011448598130841105,0.1,0.0767567567567567,0.0,0.015,0.0,0.0,0.0
4.2679,68,22522.916985,medium,1.0,4.0,3,671,6,2,4,2,4,0,0,0,2,0.0,0.0,0.0,1.0,1.0,5,True,106,0.09309859154929577,0.04000000000000001,0.295,0.0,0.1,0.12,0.09999999999999999,0.025,0.05,0.0,0.06
3.144496,90,22553.030779,medium,0.8580218068535825,2.8580218068535825,2,900,8,4,4,4,4,0,0,0,0,0.035514018691588885,0.009459459459459564,0.0,0.8198198198198193,1.0,4,True,82,0.07288732394366197,0.10809539949980261,0.2683783783783783,0.012429906542056108,0.0956654929577465,0.0983783783783783,0.1,0.02,0.05,0.0,0.0
2.877406,82,22580.015201,medium,0.6253894080996885,2.6253894080996885,2,813,8,4,4,4,4,0,0,0,0,0.03565420560747661,0.031216216216216387,0.10639999999999966,0.506981981981982,0.9999999999999961,2,True,163,0.14246478873239438,0.11247897196261682,0.22083783783783745,0.012478971962616813,0.1,0.06083783783783783,0.09999999999999962,0.01,0.05,0.0,0.0
4.345547,82,22607.033803,medium,1.0,4.0,3,815,8,4,4,4,4,0,0,0,0,0.09371495327102664,0.024121621621621722,0.23029999999999431,0.9999999999999988,0.9999999999999961,5,True,88,0.07366197183098591,0.13204671251809877,0.29499999999999943,0.032800233644859324,0.09924647887323944,0.11999999999999983,0.0999999999999996,0.025,0.05,0.0,0.0
2.049062,90,22637.95482,medium,0.8077180685358246,1.8077180685358245,1,900,8,4,4,4,4,0,0,0,0,0.029602803738316863,0.023648648648648744,0.09169999999999605,0.8828828828828817,0.9503666666666627,4,False,96,0.07366197183098591,0.1103609813084109,0.22098261261261207,0.010360981308410903,0.1,0.10594594594594582,0.09503666666666627,0.02,0.0,0.0,0.0
4.11116,66,22660.179648,medium,1.0,4.0,3,655,4,1,3,1,3,0,0,0,4,0.004742990654205601,0.0,0.020299999999999974,1.0,0.9999999999999991,5,True,0,0.0,-0.11833995327102803,0.29499999999999993,0.0016600467289719604,0.0,0.12000000000000001,0.09999999999999991,0.025,0.05,0.0,0.12
4.274902,88,22693.965293,medium,1.0,4.0,3,873,8,4,4,4,4,0,0,0,0,0.0,0.0,0.0,1.0,1.0,5,True,64,0.04693661971830986,0.0672024647887324,0.295,0.0,0.0672024647887324,0.11999999999999998,0.1,0.025,0.05,0.0,0.0
4.241146,66,22716.327946,medium,1.0,4.0,3,658,5,1,4,1,4,0,0,0,3,0.005560747663551162,0.0,0.0,1.0,1.0,5,True,157,0.13767605633802818,0.011946261682242915,0.295,0.0019462616822429066,0.1,0.11999999999999997,0.1,0.025,0.05,0.0,0.09
4.27112,78,22742.100192,medium,1.0,4.0,3,777,8,4,4,4,4,0,0,0,0,0.040724299065420674,0.02837837837837852,0.04900000000000027,1.0000000000000024,0.9999999999999976,5,True,41,0.025422535211267607,0.05382040608134794,0.2950000000000001,0.014253504672897235,0.039566901408450705,0.1200000000000003,0.09999999999999977,0.025,0.05,0.0,0.0
1.906729,90,22771.213799,medium,0.7403971962616814,1.7403971962616813,1,900,8,4,4,4,4,0,0,0,0,0.019135514018690764,0.004729729729729525,0.07489999999999676,0.8067567567567567,0.3782333333333301,3,False,104,0.08605633802816902,0.10669742990654177,0.14963414414414378,0.006697429906541766,0.1,0.09681081081081075,0.037823333333333015,0.015,0.0,0.0,0.0
1.91715,90,22801.381557,medium,0.763232087227413,1.763232087227413,1,900,8,4,4,4,4,0,0,0,0,0.029976635514017427,0.002027027027027028,0.12529999999999458,0.564189189189189,0.6316333333333279,3,False,81,0.06274647887323943,0.09805168158483568,0.14586603603603548,0.010491822429906102,0.08755985915492959,0.06770270270270266,0.06316333333333281,0.015,0.0,0.0,0.0
4.28174,80,22828.417035,medium,1.0,4.0,3,792,8,4,4,4,4,0,0,0,0,0.0,0.0,0.0,1.0,1.0,5,True,61,0.04725352112676056,0.06594014084507042,0.295,0.0,0.06594014084507042,0.12,0.1,0.025,0.05,0.0,0.0
4.21684,69,22856.605108,medium,1.0,4.0,3,685,6,2,4,2,4,0,0,0,2,0.00637850467289721,0.0,0.02730000000000006,1.0,0.9999999999999988,5,True,50,0.030809859154929578,-0.009660128998288796,0.2949999999999999,0.0022324766355140235,0.04810739436619718,0.11999999999999998,0.0999999999999999,0.025,0.05,0.0,0.06
4.293892,77,22882.96036,medium,1.0,4.0,3,766,8,4,4,4,4,0,0,0,0,0.017764797507788154,0.051373873873873856,0.0,1.0000000000000013,1.0,5,True,72,0.044366197183098595,0.07549232701504979,0.29500000000000015,0.006217679127725854,0.06927464788732395,0.12000000000000016,0.1,0.025,0.05,0.0,0.0
4.141482,66,22904.654717,medium,1.0,4.0,3,658,3,3,0,3,0,0,0,0,5,0.09223520249221057,0.06382882882882901,0.23029999999999431,1.0000000000000009,0.9999999999999961,5,True,0,0.0,-0.08771767912772631,0.2949999999999997,0.03228232087227369,0.0,0.12000000000000008,0.0999999999999996,0.025,0.05,0.0,0.12
4.302725,82,22931.389709,medium,1.0,4.0,3,816,8,4,4,4,4,0,0,0,0,0.012920560747663632,0.037364864864865094,0.0,1.0000000000000018,1.0,5,True,72,0.06507042253521127,0.08932501316309073,0.29500000000000026,0.0045221962616822705,0.08480281690140846,0.12000000000000023,0.1,0.025,0.05,0.0,0.0
1.999932,90,22960.295473,medium,0.7709190031152634,1.7709190031152633,1,900,8,4,4,4,4,0,0,0,0,0.04922897196261547,0.011824324324324306,0.19319999999999407,0.8198198198198193,0.8488666666666583,4,False,82,0.07669014084507042,0.11574774582071826,0.20326504504504414,0.01723014018691541,0.09851760563380284,0.09837837837837832,0.08488666666666585,0.02,0.0,0.0,0.0
4.329761,84,22988.943749,medium,1.0,4.0,3,839,8,4,4,4,4,0,0,0,0,0.0533177570093445,0.0,0.22749999999999446,1.0,0.9999999999999959,5,True,121,0.10455985915492957,0.11866121495327057,0.29499999999999954,0.018661214953270572,0.1,0.11999999999999997,0.09999999999999959,0.025,0.05,0.0,0.0
4.287989,66,23011.076988,medium,1.0,4.0,3,655,6,2,4,2,4,0,0,0,2,0.05282710280373819,0.009932432432432541,0.11899999999999915,0.9999999999999996,0.9999999999999959,5,True,93,0.08605633802816902,0.058489485981308376,0.29499999999999954,0.018489485981308368,0.1,0.11999999999999993,0.0999999999999996,0.025,0.05,0.0,0.06
3.116184,90,23045.388421,medium,0.9354361370716511,2.935436137071651,2,900,6,4,2,4,2,0,0,0,2,0.030794392523364498,0.020000000000000094,0.1021999999999998,0.9885135135135125,0.9999999999999961,4,True,29,0.022464788732394367,-0.01787337106752665,0.2886216216216211,0.010778037383177574,0.03134859154929578,0.11862162162162146,0.09999999999999963,0.02,0.05,0.0,0.06
4.338697,73,23069.54245,medium,1.0,4.0,3,725,8,4,4,4,4,0,0,0,0,0.046277258566976426,0.009909909909909911,0.1581999999999935,0.9999999999999996,0.9999999999999997,5,True,98,0.08612676056338028,0.11619704049844176,0.29499999999999993,0.01619704049844175,0.1,0.11999999999999993,0.09999999999999998,0.025,0.05,0.0,0.0
4.290257,72,23093.586505,medium,1.0,4.0,3,714,7,3,4,3,4,0,0,0,1,0.0063785046728971955,0.018445945945945945,0.0,1.0000000000000024,1.0,5,True,82,0.07123239436619719,0.0666567724101619,0.2950000000000003,0.0022324766355140183,0.09442429577464788,0.1200000000000003,0.1,0.025,0.05,0.0,0.03
4.297608,72,23116.451489,medium,1.0,4.0,3,718,7,3,4,3,4,0,0,0,1,0.01259345794392531,0.036418918918919144,0.0,1.000000000000002,1.0,5,True,148,0.12883802816901407,0.07440771028037386,0.29500000000000026,0.004407710280373859,0.1,0.12000000000000025,0.1,0.025,0.05,0.0,0.03
3.105578,90,23146.793546,medium,0.8754672897196262,2.875467289719626,2,898,8,4,4,4,4,0,0,0,0,0.015864485981308303,0.03405405405405425,0.0,0.6398648648648638,1.0,3,True,58,0.058098591549295774,0.07812651375542973,0.24178378378378362,0.005552570093457906,0.07257394366197183,0.07678378378378364,0.09999999999999999,0.015,0.05,0.0,0.0
3.106009,80,23173.448755,medium,0.8165887850467289,2.816588785046729,2,796,8,4,4,4,4,0,0,0,0,0.06378504672897074,0.02979729729729746,0.2288999999999943,0.8198198198198184,0.9999999999999961,4,True,66,0.06042253521126761,0.10064166776359047,0.2683783783783778,0.022324766355139757,0.07831690140845071,0.09837837837837822,0.0999999999999996,0.02,0.05,0.0,0.0
1.961216,90,23208.91012,medium,0.7763239875389408,1.776323987538941,1,900,8,4,4,4,4,0,0,0,0,0.008341121495327163,0.02412162162162179,0.0,0.6664414414414402,0.77,3,False,121,0.08929577464788732,0.10291939252336452,0.17197297297297287,0.0029193925233645065,0.1,0.07997297297297283,0.07700000000000001,0.015,0.0,0.0,0.0
4.263618,74,23233.056373,medium,1.0,4.0,3,739,8,4,4,4,4,0,0,0,0,0.03500000000000014,0.0,0.0952,1.0,0.9999999999999961,5,True,28,0.021690140845070423,0.04251760563380287,0.29499999999999965,0.012250000000000049,0.03026760563380282,0.12000000000000001,0.09999999999999962,0.025,0.05,0.0,0.0
4.341844,74,23257.570181,medium,1.0,4.0,3,739,8,4,4,4,4,0,0,0,0,0.0592679127725858,0.0,0.11566666666666693,1.0,0.9999999999999961,5,True,96,0.08366197183098592,0.12074376947040504,0.2949999999999996,0.02074376947040503,0.1,0.11999999999999997,0.09999999999999962,0.025,0.05,0.0,0.0
3.147707,90,23286.692383,medium,0.9034267912772586,2.9034267912772584,2,900,8,4,4,4,4,0,0,0,0,0.009158878504672997,0.026486486486486778,0.0,0.7207207207207192,1.0,4,True,69,0.053450704225352114,0.07779363564564963,0.25648648648648625,0.003205607476635549,0.07458802816901408,0.08648648648648628,0.09999999999999999,0.02,0.05,0.0,0.0
4.309423,78,23313.489075,medium,1.0,4.0,3,780,8,4,4,4,4,0,0,0,0,0.0,0.0,0.0,1.0,1.0,5,True,79,0.07056338028169014,0.09242253521126759,0.295,0.0,0.09242253521126759,0.11999999999999998,0.1,0.025,0.05,0.0,0.0
4.154491,66,23336.397411,medium,1.0,4.0,3,657,2,1,1,1,1,0,0,0,6,0.05499221183800615,0.009932432432432003,0.22066666666666698,1.0,0.9999999999999961,5,True,24,0.018591549295774647,-0.07480906388486686,0.2949999999999996,0.019247274143302153,0.025943661971830987,0.11999999999999997,0.0999999999999996,0.025,0.05,0.0,0.12
3.29089,90,23366.593084,medium,0.9919392523364486,2.9919392523364485,2,900,8,4,4,4,4,0,0,0,0,0.03633177570093469,0.011824324324324453,0.0,0.9766891891891888,1.0,4,True,85,0.06204225352112676,0.1017478116361722,0.28720270270270265,0.012716121495327139,0.08903169014084507,0.11720270270270264,0.1,0.02,0.05,0.0,0.0
1.639074,89,23401.025357,medium,0.5493769470404984,1.5493769470404986,1,886,8,4,4,4,4,0,0,0,0,0.023551401869158748,0.0,0.0,0.5004504504504504,0.0,2,False,160,0.13732394366197184,0.10824299065420556,0.07005405405405404,0.00824299065420556,0.1,0.06005405405405404,0.0,0.01,0.0,0.0,0.0
4.23367,69,23423.967407,medium,1.0,4.0,3,689,5,1,4,1,4,0,0,0,3,0.0,0.0,0.0,1.0,1.0,5,True,80,0.07676056338028169,0.007570422535211285,0.295,0.0,0.09757042253521128,0.12,0.1,0.025,0.05,0.0,0.09
4.345144,75,23449.147582,medium,1.0,4.0,3,744,8,4,4,4,4,0,0,0,0,0.07012461059190035,0.041441441441441434,0.0,1.0000000000000016,1.0,5,True,134,0.10876760563380282,0.12454361370716513,0.2950000000000002,0.02454361370716512,0.1,0.12000000000000019,0.1,0.025,0.05,0.0,0.0
4.299425,90,23478.690351,medium,1.0,4.0,3,899,8,4,4,4,4,0,0,0,0,0.012266355140186988,0.03547297297297319,0.0,1.000000000000002,1.0,5,True,72,0.07204225352112677,0.09432491443991053,0.2950000000000002,0.004293224299065446,0.09003169014084508,0.12000000000000022,0.09999999999999999,0.025,0.05,0.0,0.0
3.090592,84,23506.785971,medium,0.8411214953271028,2.8411214953271027,2,836,8,4,4,4,4,0,0,0,0,0.009158878504672941,0.0,0.039200000000000186,0.5405405405405406,0.9999999999999982,3,True,144,0.12475352112676057,0.10320560747663554,0.22986486486486468,0.0032056074766355293,0.1,0.06486486486486485,0.09999999999999984,0.015,0.05,0.0,0.0
3.174231,81,23534.208517,medium,0.9192367601246106,2.9192367601246105,2,807,8,4,4,4,4,0,0,0,0,0.006869158878504692,0.0,0.0,0.7664414414414414,1.0,4,True,52,0.06042253521126761,0.07372110701592735,0.26197297297297295,0.002404205607476642,0.0713169014084507,0.09197297297297297,0.09999999999999999,0.02,0.05,0.0,0.0
3.17641,90,23569.202326,medium,0.9299065420560748,2.9299065420560746,2,900,7,4,3,4,3,0,0,0,1,0.03990654205607451,0.0,0.1294999999999987,0.7972972972972973,0.9999999999999959,3,True,83,0.06714788732394367,0.07582820521258381,0.26067567567567523,0.013967289719626077,0.09186091549295773,0.09567567567567564,0.0999999999999996,0.015,0.05,0.0,0.03
3.076304,90,23599.001036,medium,0.8075077881619938,2.8075077881619936,2,900,8,4,4,4,4,0,0,0,0,0.0006542056074766075,0.0,0.0,0.738063063063063,1.0,4,True,123,0.11341549295774647,0.10022897196261682,0.2585675675675676,0.0002289719626168126,0.1,0.08856756756756759,0.1,0.02,0.05,0.0,0.0
3.030298,77,23623.685464,medium,0.7701168224299066,2.7701168224299066,2,770,8,4,4,4,4,0,0,0,0,0.016191588785046823,0.046824324324324595,0.0,0.740608108108106,1.0,3,True,60,0.06352112676056337,0.08330790114518893,0.25387297297297273,0.005667056074766387,0.07764084507042254,0.08887297297297271,0.1,0.015,0.05,0.0,0.0
4.310512,83,23650.76536,medium,1.0,4.0,3,821,8,4,4,4,4,0,0,0,0,0.03042056074766323,0.0,0.13019999999999862,1.0,0.9999999999999961,5,True,74,0.06661971830985916,0.0976119849940765,0.2949999999999996,0.01064719626168213,0.08696478873239437,0.11999999999999998,0.0999999999999996,0.025,0.05,0.0,0.0
3.267501,85,23679.845383,medium,0.9688473520249221,2.9688473520249223,2,845,8,4,4,4,4,0,0,0,0,0.021588785046728457,0.009459459459459564,0.0,0.9099099099099095,1.0,4,True,80,0.0752112676056338,0.10396452547058033,0.2791891891891891,0.007556074766354959,0.09640845070422537,0.10918918918918913,0.1,0.02,0.05,0.0,0.0
3.077203,90,23710.55797,medium,0.7924454828660437,2.792445482866044,2,900,8,4,4,4,4,0,0,0,0,0.0375311526479741,0.004954954954954956,0.1427999999999963,0.80518018018018,0.9999999999999976,3,True,120,0.10941901408450705,0.11313590342679095,0.26162162162162134,0.013135903426790933,0.1,0.09662162162162156,0.09999999999999977,0.015,0.05,0.0,0.0
4.294831,72,23739.983058,medium,1.0,4.0,3,716,7,3,4,3,4,0,0,0,1,0.0040887850467289655,0.011824324324324306,0.0,1.000000000000002,1.0,5,True,92,0.08985915492957747,0.07143107476635514,0.2950000000000002,0.0014310747663551378,0.1,0.12000000000000022,0.1,0.025,0.05,0.0,0.03
3.254994,90,23769.749844,medium,0.966588785046729,2.9665887850467287,2,900,8,4,4,4,4,0,0,0,0,0.0,0.0,0.0,0.9033783783783784,1.0,4,True,192,0.1707042253521127,0.1,0.27840540540540537,0.0,0.1,0.10840540540540539,0.1,0.02,0.05,0.0,0.0
3.277156,90,23799.872105,medium,0.9802180685358255,2.9802180685358257,2,900,8,4,4,4,4,0,0,0,0,0.04612149532710137,0.009932432432432418,0.1826999999999939,0.9427927927927926,0.9999999999999982,4,True,69,0.07088028169014085,0.10380273463209111,0.28313513513513494,0.01614252336448548,0.08766021126760563,0.1131351351351351,0.09999999999999983,0.02,0.05,0.0,0.0
1.908056,78,23824.953077,medium,0.7377258566978183,1.7377258566978182,1,774,8,4,4,4,4,0,0,0,0,0.03499999999999895,0.0,0.1497999999999955,0.36666666666666664,0.8147999999999935,2,False,107,0.08883802816901408,0.11224999999999964,0.13547999999999935,0.012249999999999631,0.1,0.044,0.08147999999999934,0.01,0.0,0.0,0.0
4.293955,75,23850.518697,medium,1.0,4.0,3,747,8,4,4,4,4,0,0,0,0,0.015864485981308008,0.0,0.0,1.0,1.0,5,True,63,0.048802816901408454,0.07365468276951415,0.295,0.005552570093457803,0.06810211267605634,0.11999999999999998,0.1,0.025,0.05,0.0,0.0
4.182569,69,23873.92826,medium,1.0,4.0,3,687,4,0,4,0,4,0,0,0,4,0.0,0.0,0.0,1.0,1.0,5,True,59,0.062359154929577464,-0.04373063380281689,0.295,0.0,0.07626936619718311,0.11999999999999998,0.1,0.025,0.05,0.0,0.12
3.052436,90,23909.198321,medium,0.7730529595015576,2.7730529595015576,2,900,8,4,4,4,4,0,0,0,0,0.027118380062304437,0.0,0.08539999999999633,0.7490990990990991,1.0,4,True,87,0.0825,0.10949143302180656,0.2598918918918919,0.009491433021806552,0.1,0.08989189189189185,0.1,0.02,0.05,0.0,0.0
4.271388,84,23937.040749,medium,1.0,4.0,3,840,8,4,4,4,4,0,0,0,0,0.01550623052959503,0.01939189189189194,0.0,0.9999999999999992,1.0,5,True,57,0.03528169014084507,0.06038844829099206,0.2949999999999999,0.00542718068535826,0.0549612676056338,0.11999999999999986,0.1,0.025,0.05,0.0,0.0
2.997009,80,23962.986217,medium,0.7464563862928347,2.746456386292835,2,794,8,4,4,4,4,0,0,0,0,0.0024532710280372773,0.007094594594594288,0.0,0.6721846846846844,1.0,3,True,71,0.06390845070422535,0.08428998288798206,0.24566216216216213,0.0008586448598130469,0.08343133802816902,0.08066216216216213,0.1,0.015,0.05,0.0,0.0
4.288534,87,23991.195198,medium,1.0,4.0,3,864,8,4,4,4,4,0,0,0,0,0.0801323987538929,0.03355855855855855,0.23029999999999431,0.9999999999999983,0.9999999999999961,5,True,48,0.03718309859154929,0.07993366350752448,0.29499999999999943,0.028046339563862516,0.05188732394366197,0.1199999999999998,0.09999999999999962,0.025,0.05,0.0,0.0
4.310275,83,24019.30222,medium,1.0,4.0,3,823,8,4,4,4,4,0,0,0,0,0.08729750778816138,0.07123873873873925,0.1721999999999968,1.0000000000000004,0.9999999999999961,5,True,62,0.04802816901408451,0.09757525448641985,0.29499999999999965,0.03055412772585648,0.06702112676056338,0.12000000000000002,0.09999999999999962,0.025,0.05,0.0,0.0
4.284281,89,24049.163367,medium,1.0,4.0,3,885,8,4,4,4,4,0,0,0,0,0.027149532710279662,0.0,0.05039999999999783,1.0,1.0,5,True,68,0.04570422535211267,0.07778050546268239,0.295,0.009502336448597881,0.06827816901408451,0.12,0.09999999999999999,0.025,0.05,0.0,0.0
3.152516,90,24084.131844,medium,0.8905919003115264,2.8905919003115264,2,900,8,4,4,4,4,0,0,0,0,0.005887850467289664,0.011351351351351435,0.0,0.7238738738738733,1.0,4,True,82,0.06933098591549296,0.0950589871001711,0.25686486486486476,0.002060747663551382,0.09299823943661972,0.08686486486486476,0.1,0.02,0.05,0.0,0.0
4.340133,74,24108.796234,medium,1.0,4.0,3,737,8,4,4,4,4,0,0,0,0,0.05380841121495194,0.0,0.23029999999999431,1.0,0.9999999999999961,5,True,149,0.12073943661971831,0.11883294392523319,0.2949999999999996,0.01883294392523318,0.1,0.11999999999999998,0.0999999999999996,0.025,0.05,0.0,0.0
4.188407,70,24131.798421,medium,1.0,4.0,3,694,5,3,2,3,2,0,0,0,3,0.027336448598130902,0.0,0.0,1.0,1.0,5,True,40,0.030985915492957747,-0.037192806370935874,0.295,0.009567757009345815,0.043239436619718304,0.11999999999999998,0.1,0.025,0.05,0.0,0.09
4.286606,69,24153.990332,medium,1.0,4.0,3,686,7,3,4,3,4,0,0,0,1,0.01799065420560761,0.05202702702702741,0.0,0.9999999999999976,1.0,5,True,77,0.060545774647887324,0.06020605995787816,0.2949999999999997,0.006296728971962663,0.08390933098591549,0.11999999999999972,0.1,0.025,0.05,0.0,0.03
4.337929,77,24180.25108,medium,1.0,4.0,3,770,8,4,4,4,4,0,0,0,0,0.056939252336448774,0.012770270270270355,0.0868000000000003,0.9999999999999993,0.9999999999999959,5,True,92,0.08605633802816902,0.11992873831775708,0.29499999999999954,0.019928738317757072,0.1,0.11999999999999993,0.09999999999999959,0.025,0.05,0.0,0.0
4.328435,85,24209.657346,medium,1.0,4.0,3,844,8,4,4,4,4,0,0,0,0,0.05095794392523331,0.0028378378378378696,0.07599999999999998,1.0,0.9999999999999966,5,True,184,0.16140845070422535,0.11783528037383166,0.29499999999999965,0.01783528037383166,0.1,0.12000000000000001,0.09999999999999966,0.025,0.05,0.0,0.0
4.322887,73,24234.608862,medium,1.0,4.0,3,728,8,4,4,4,4,0,0,0,0,0.0019626168224299054,0.005675675675675672,0.0,1.000000000000001,1.0,5,True,154,0.13964788732394368,0.10068691588785048,0.2950000000000001,0.0006869158878504668,0.1,0.1200000000000001,0.09999999999999999,0.025,0.05,0.0,0.0
4.161587,66,24261.188475,medium,1.0,4.0,3,653,2,0,2,0,2,0,0,0,6,0.0,0.0,0.0,1.0,1.0,5,True,48,0.03718309859154929,-0.06811267605633803,0.295,0.0,0.051887323943661974,0.11999999999999998,0.1,0.025,0.05,0.0,0.12
4.166979,67,24283.348171,medium,1.0,4.0,3,669,3,1,2,1,2,0,0,0,5,0.0009813084112149542,0.0,0.0,1.0,1.0,5,True,52,0.04338028169014085,-0.06112133078846914,0.29500000000000004,0.00034345794392523396,0.05853521126760562,0.12000000000000001,0.1,0.025,0.05,0.0,0.12
4.238663,70,24307.013686,medium,1.0,4.0,3,696,5,1,4,1,4,0,0,0,3,0.009322429906542102,0.02695945945945959,0.0,1.0000000000000024,1.0,5,True,123,0.10742957746478873,0.013262850467289741,0.29500000000000026,0.0032628504672897354,0.1,0.12000000000000027,0.1,0.025,0.05,0.0,0.09
4.323986,77,24332.686354,medium,1.0,4.0,3,769,8,4,4,4,4,0,0,0,0,0.017172897196261805,0.0,0.07350000000000054,1.0,0.9999999999999962,5,True,76,0.0825,0.10588551401869162,0.29499999999999965,0.006010514018691631,0.09987499999999999,0.12,0.09999999999999963,0.025,0.05,0.0,0.0
4.317177,81,24360.547148,medium,1.0,4.0,3,808,8,4,4,4,4,0,0,0,0,0.008504672897196183,0.018445945945945987,0.0,0.9999999999999992,1.0,5,True,191,0.16954225352112676,0.10297663551401867,0.2949999999999999,0.002976635514018664,0.1,0.11999999999999986,0.1,0.025,0.05,0.0,0.0
3.225686,90,24391.246457,medium,0.942601246105919,2.942601246105919,2,900,8,4,4,4,4,0,0,0,0,0.022242990654205617,0.06432432432432436,0.0,0.8340090090090062,1.0,4,True,96,0.06295774647887324,0.10300335658812691,0.27008108108108075,0.007785046728971966,0.09521830985915494,0.10008108108108076,0.1,0.02,0.05,0.0,0.0
3.151574,89,24420.45311,medium,0.9529828660436136,2.9529828660436137,2,883,8,4,4,4,4,0,0,0,0,0.0037616822429905714,0.010878378378378139,0.0,0.864031531531531,1.0,4,True,11,0.00852112676056338,0.013207433855469236,0.2736837837837837,0.0013165887850467,0.011890845070422536,0.10368378378378369,0.1,0.02,0.05,0.0,0.0
3.17033,82,24452.363765,medium,0.9268691588785046,2.9268691588785045,2,818,8,4,4,4,4,0,0,0,0,0.02191588785046731,0.0,0.09380000000000009,0.7885135135135135,0.9999999999999959,4,True,49,0.03795774647887324,0.06063887060681848,0.26462162162162123,0.007670560747663558,0.052968309859154926,0.09462162162162162,0.09999999999999959,0.02,0.05,0.0,0.0
1.689203,90,24482.013649,medium,0.5779595015576324,1.5779595015576324,1,900,8,4,4,4,4,0,0,0,0,0.0,0.0,0.0,0.7186936936936937,0.0,3,False,96,0.10225352112676056,0.1,0.10124324324324319,0.0,0.1,0.08624324324324319,0.0,0.015,0.0,0.0,0.0
4.326511,74,24505.99638,medium,1.0,4.0,3,733,8,4,4,4,4,0,0,0,0,0.05570872274143229,0.041441441441441434,0.17709999999999662,1.0000000000000016,0.9999999999999959,5,True,75,0.06375,0.1048105529595013,0.29499999999999976,0.019498052959501303,0.0853125,0.12000000000000018,0.09999999999999959,0.025,0.05,0.0,0.0
4.336562,74,24531.011032,medium,1.0,4.0,3,735,8,4,4,4,4,0,0,0,0,0.059719626168224606,0.07945945945946015,0.0,1.0,1.0,5,True,82,0.07088028169014085,0.11506208042648425,0.295,0.02090186915887861,0.09416021126760564,0.11999999999999997,0.1,0.025,0.05,0.0,0.0
4.2065,69,24553.524224,medium,1.0,4.0,3,685,4,0,4,0,4,0,0,0,4,0.0,0.0,0.0,1.0,1.0,5,True,144,0.12253521126760564,-0.01999999999999999,0.295,0.0,0.1,0.11999999999999997,0.1,0.025,0.05,0.0,0.12
4.302735,89,24582.705404,medium,1.0,4.0,3,884,8,4,4,4,4,0,0,0,0,0.024501557632398804,0.012297297297297278,0.0,0.9999999999999996,1.0,5,True,81,0.06274647887323943,0.09613540432626916,0.295,0.008575545171339582,0.08755985915492957,0.11999999999999995,0.1,0.025,0.05,0.0,0.0
3.100272,90,24617.821876,medium,0.7975077881619937,2.797507788161994,2,900,8,4,4,4,4,0,0,0,0,0.06967289719626026,0.031216216216216383,0.23029999999999431,0.8198198198198183,0.9999999999999961,4,True,149,0.13329225352112675,0.12438551401869109,0.2683783783783778,0.024385514018691087,0.1,0.0983783783783782,0.0999999999999996,0.02,0.05,0.0,0.0
4.316508,90,24647.447529,medium,1.0,4.0,3,893,8,4,4,4,4,0,0,0,0,0.030880062305296066,0.0056756756756757235,0.0,1.0,1.0,5,True,95,0.11038732394366198,0.11080802180685363,0.295,0.010808021806853623,0.1,0.12,0.1,0.025,0.05,0.0,0.0
4.276942,74,24671.984173,medium,1.0,4.0,3,737,8,4,4,4,4,0,0,0,0,0.003434579439252332,0.00993243243243242,0.0,0.9999999999999996,1.0,5,True,53,0.037253521126760565,0.05564224364880874,0.29499999999999993,0.0012021028037383162,0.05444014084507042,0.11999999999999994,0.09999999999999999,0.025,0.05,0.0,0.0
2.030023,90,24701.651669,medium,0.8419781931464174,1.8419781931464174,1,900,8,4,4,4,4,0,0,0,0,0.002943925233644856,0.004256756756756746,0.0,0.8340090090090088,0.5693333333333334,4,False,117,0.10375,0.10103037383177571,0.17701441441441437,0.0010303738317756995,0.1,0.10008108108108105,0.056933333333333336,0.02,0.0,0.0,0.0
4.331885,87,24730.889737,medium,1.0,4.0,3,862,8,4,4,4,4,0,0,0,0,0.06595794392523231,0.03513513513513513,0.23029999999999431,1.0000000000000002,0.9999999999999961,5,True,168,0.14661971830985915,0.12308528037383132,0.2949999999999996,0.023085280373831306,0.1,0.12000000000000001,0.0999999999999996,0.025,0.05,0.0,0.0
4.298772,83,24759.471199,medium,1.0,4.0,3,822,8,4,4,4,4,0,0,0,0,0.0,0.0,0.0,1.0,1.0,5,True,83,0.05929577464788732,0.0859718309859155,0.29500000000000004,0.0,0.0859718309859155,0.12000000000000001,0.1,0.025,0.05,0.0,0.0
4.310073,75,24788.669822,medium,1.0,4.0,3,747,8,4,4,4,4,0,0,0,0,0.05306853582554473,0.052252252252252246,0.14979999999999782,1.000000000000001,0.9999999999999959,5,True,74,0.045598591549295776,0.08977293120091248,0.2949999999999997,0.018573987538940656,0.07119894366197183,0.1200000000000001,0.0999999999999996,0.025,0.05,0.0,0.0
3.151306,90,24818.284786,medium,0.8564641744548287,2.8564641744548287,2,900,8,4,4,4,4,0,0,0,0,0.0,0.0,0.0,0.9903153153153154,1.0,4,True,70,0.08133802816901409,0.09600352112676057,0.28883783783783784,0.0,0.09600352112676057,0.11883783783783784,0.1,0.02,0.05,0.0,0.0
4.200879,55,24836.833188,medium,1.0,4.0,3,546,4,0,4,0,4,0,0,0,4,0.0,0.0,0.0,1.0,1.0,5,True,68,0.061971830985915494,-0.03952112676056338,0.295,0.0,0.08047887323943662,0.11999999999999997,0.1,0.025,0.05,0.0,0.12
4.25206,71,24859.737907,medium,1.0,4.0,3,705,6,3,3,3,3,0,0,0,2,0.02142523364485926,0.0,0.0,1.0,1.0,5,True,73,0.05808098591549296,0.027559571212320458,0.295,0.00749883177570074,0.08006073943661972,0.11999999999999998,0.1,0.025,0.05,0.0,0.06
4.332583,74,24884.626838,medium,1.0,4.0,3,731,8,4,4,4,4,0,0,0,0,0.03052180685358273,0.041441441441441434,0.0,1.0000000000000016,1.0,5,True,82,0.08211267605633803,0.11068263239875396,0.29500000000000015,0.010682632398753953,0.1,0.12000000000000015,0.09999999999999999,0.025,0.05,0.0,0.0
4.333972,77,24909.330546,medium,1.0,4.0,3,765,8,4,4,4,4,0,0,0,0,0.04420560747663517,0.07581081081081092,0.0,0.9999999999999967,1.0,5,True,107,0.09419014084507042,0.11547196261682231,0.2949999999999996,0.015471962616822307,0.1,0.11999999999999961,0.1,0.025,0.05,0.0,0.0
1.922354,90,24938.490817,medium,0.7661214953271028,1.766121495327103,1,900,8,4,4,4,4,0,0,0,0,0.0,0.0,0.0,0.5436936936936937,0.6743333333333333,3,False,90,0.07140845070422536,0.098556338028169,0.14767657657657657,0.0,0.098556338028169,0.06524324324324324,0.06743333333333335,0.015,0.0,0.0,0.0
3.239939,90,24972.599116,medium,0.9447819314641744,2.9447819314641746,2,900,8,4,4,4,4,0,0,0,0,0.040911214953271186,0.025067567567567842,0.0,0.8403153153153153,1.0,4,True,138,0.11883802816901408,0.11431892523364492,0.2708378378378378,0.014318925233644912,0.1,0.10083783783783784,0.09999999999999999,0.02,0.05,0.0,0.0
3.299751,90,25003.251528,medium,0.969392523364486,2.969392523364486,2,900,8,4,4,4,4,0,0,0,0,0.0724532710280363,0.0028378378378378405,0.2015999999999956,0.9999999999999998,0.9999999999999959,5,True,138,0.1210387323943662,0.1253586448598127,0.2949999999999996,0.025358644859812703,0.1,0.11999999999999997,0.09999999999999962,0.025,0.05,0.0,0.0
4.320863,90,25031.714086,medium,1.0,4.0,3,892,8,4,4,4,4,0,0,0,0,0.04303738317757014,0.0,0.0,1.0,1.0,5,True,101,0.10806338028169014,0.11506308411214955,0.29500000000000004,0.01506308411214955,0.1,0.12000000000000001,0.1,0.025,0.05,0.0,0.0
1.784881,84,25060.187286,medium,0.6630841121495327,1.6630841121495328,1,837,8,4,4,4,4,0,0,0,0,0.005233644859813082,0.01513513513513513,0.0,0.5405405405405399,0.238,3,False,120,0.10394366197183098,0.10183177570093459,0.10366486486486479,0.0018317757009345787,0.1,0.06486486486486479,0.0238,0.015,0.0,0.0,0.0
3.279216,90,25090.387315,medium,0.9693146417445483,2.9693146417445484,2,900,8,4,4,4,4,0,0,0,0,0.058714953271027055,0.005675675675675672,0.14209999999999814,0.9112612612612611,0.9999999999999959,4,True,151,0.13452464788732393,0.12055023364485948,0.27935135135135086,0.020550233644859466,0.1,0.1093513513513513,0.09999999999999959,0.02,0.05,0.0,0.0
2.129455,90,25119.608887,medium,0.9052180685358255,1.9052180685358255,1,900,8,4,4,4,4,0,0,0,0,0.027881619937694797,0.0,0.0,0.8198198198198198,0.861,4,False,117,0.08519366197183098,0.10975856697819318,0.20447837837837834,0.009758566978193179,0.1,0.09837837837837833,0.08610000000000002,0.02,0.0,0.0,0.0
1.842218,87,25152.583932,medium,0.7040498442367601,1.70404984423676,1,866,8,4,4,4,4,0,0,0,0,0.018255451713395703,0.05279279279279298,0.0,0.8198198198198192,0.0,4,False,157,0.13931338028169013,0.1063894080996885,0.11837837837837831,0.006389408099688495,0.1,0.0983783783783783,0.0,0.02,0.0,0.0,0.0
4.150583,70,25175.499865,medium,1.0,4.0,3,696,5,3,2,3,2,0,0,0,3,0.043380062305296,0.05450450450450448,0.10499999999999976,1.0000000000000002,0.9999999999999959,5,True,0,0.0,-0.0748169781931464,0.29499999999999965,0.0151830218068536,0.0,0.12000000000000004,0.09999999999999959,0.025,0.05,0.0,0.09
4.313095,87,25203.690262,medium,1.0,4.0,3,861,8,4,4,4,4,0,0,0,0,0.011985981308411246,0.03466216216216225,0.0,0.9999999999999988,1.0,5,True,96,0.09295774647887324,0.10419509345794394,0.2949999999999998,0.004195093457943936,0.1,0.11999999999999983,0.1,0.025,0.05,0.0,0.0
4.298193,72,25227.135066,medium,1.0,4.0,3,711,7,3,4,3,4,0,0,0,1,0.012266355140186988,0.03547297297297319,0.0,1.000000000000002,1.0,5,True,124,0.10529929577464789,0.07429322429906546,0.29500000000000026,0.004293224299065446,0.1,0.12000000000000025,0.1,0.025,0.05,0.0,0.03
4.326965,73,25250.972898,medium,1.0,4.0,3,725,8,4,4,4,4,0,0,0,0,0.012757009345794417,0.036891891891891966,0.0,0.9999999999999983,1.0,5,True,107,0.10922535211267606,0.10446495327102805,0.29499999999999976,0.004464953271028046,0.1,0.11999999999999979,0.09999999999999999,0.025,0.05,0.0,0.0
4.304509,89,25280.360786,medium,1.0,4.0,3,890,8,4,4,4,4,0,0,0,0,0.05603582554517039,0.054211711711711574,0.0,0.999999999999998,1.0,5,True,82,0.05052816901408451,0.09850866570137302,0.29499999999999976,0.019612538940809637,0.07889612676056339,0.11999999999999975,0.09999999999999999,0.025,0.05,0.0,0.0
4.330969,84,25312.702353,medium,1.0,4.0,3,835,8,4,4,4,4,0,0,0,0,0.06018691588784913,0.018445945945945924,0.23029999999999431,0.9999999999999992,0.9999999999999961,5,True,87,0.07320422535211267,0.1194685895748317,0.29499999999999954,0.021065420560747193,0.0984031690140845,0.1199999999999999,0.09999999999999962,0.025,0.05,0.0,0.0
3.114781,82,25338.884503,medium,0.8558411214953271,2.855841121495327,2,817,8,4,4,4,4,0,0,0,0,0.016191588785046843,0.0,0.0,0.5831081081081081,1.0,3,True,116,0.09186619718309859,0.1056670560747664,0.23497297297297298,0.0056670560747663955,0.1,0.06997297297297297,0.1,0.015,0.05,0.0,0.0
4.267572,80,25364.473733,medium,1.0,4.0,3,795,8,4,4,4,4,0,0,0,0,0.006705607476635531,0.01939189189189194,0.0,0.9999999999999992,1.0,5,True,46,0.03563380281690141,0.05207231472949849,0.29499999999999993,0.0023469626168224353,0.049725352112676056,0.1199999999999999,0.1,0.025,0.05,0.0,0.0
4.212208,68,25386.150984,medium,1.0,4.0,3,676,4,1,3,1,3,0,0,0,4,0.013738317757009432,0.03972972972972998,0.0,0.999999999999998,1.0,5,True,111,0.0945950704225352,-0.015191588785046686,0.29499999999999976,0.004808411214953302,0.1,0.11999999999999973,0.1,0.025,0.05,0.0,0.12
4.324685,79,25411.921546,medium,1.0,4.0,3,781,8,4,4,4,4,0,0,0,0,0.022242990654205617,0.06432432432432436,0.0,1.0000000000000013,1.0,5,True,84,0.08366197183098592,0.10778504672897198,0.2950000000000001,0.007785046728971966,0.1,0.1200000000000001,0.1,0.025,0.05,0.0,0.0
3.225618,90,25442.053315,medium,0.958411214953271,2.958411214953271,2,900,8,4,4,4,4,0,0,0,0,0.0,0.0,0.0,0.8797297297297297,1.0,4,True,84,0.052852112676056336,0.08163908450704226,0.27556756756756756,0.0,0.08163908450704226,0.10556756756756756,0.09999999999999999,0.02,0.05,0.0,0.0
4.260621,83,25469.820345,medium,1.0,4.0,3,824,8,4,4,4,4,0,0,0,0,0.0013084112149532147,0.0037837837837836207,0.0,1.0,1.0,5,True,44,0.03408450704225352,0.04802132420692377,0.295,0.0004579439252336251,0.04756338028169014,0.11999999999999997,0.09999999999999999,0.025,0.05,0.0,0.0
1.786347,90,25504.138973,medium,0.6624610591900312,1.662461059190031,1,900,8,4,4,4,4,0,0,0,0,0.04268691588785014,0.031216216216216383,0.0,0.6995495495495481,0.0,3,False,127,0.09735915492957746,0.11494042056074755,0.09894594594594577,0.014940420560747548,0.1,0.08394594594594577,0.0,0.015,0.0,0.0,0.0
3.224906,90,25533.004579,medium,0.9323208722741433,2.9323208722741434,2,900,8,4,4,4,4,0,0,0,0,0.045919003115264985,0.06792792792792816,0.0,0.804279279279276,1.0,4,True,81,0.08133802816901409,0.11607165109034275,0.2665135135135131,0.016071651090342743,0.1,0.09651351351351312,0.1,0.02,0.05,0.0,0.0
3.088695,90,25561.672779,medium,0.7941588785046729,2.794158878504673,2,900,8,4,4,4,4,0,0,0,0,0.034813084112149596,0.041441441441441434,0.08766666666666668,0.8529279279279259,0.9999999999999961,4,True,101,0.0876056338028169,0.11218457943925236,0.27235135135135075,0.012184579439252358,0.1,0.10235135135135111,0.09999999999999962,0.02,0.05,0.0,0.0
4.321906,80,25588.077998,medium,1.0,4.0,3,791,8,4,4,4,4,0,0,0,0,0.04066199376947026,0.041441441441441434,0.0,0.999999999999998,1.0,5,True,72,0.07436619718309859,0.10600634570663853,0.29499999999999976,0.014231697819314586,0.09177464788732394,0.11999999999999973,0.1,0.025,0.05,0.0,0.0
3.229323,77,25613.510549,medium,0.9309735202492211,2.9309735202492213,2,769,8,4,4,4,4,0,0,0,0,0.05486760124610603,0.06858108108108113,0.0,0.80038288288288,1.0,2,True,149,0.1294718309859155,0.11920366043613712,0.2560459459459456,0.019203660436137113,0.1,0.09604594594594561,0.1,0.01,0.05,0.0,0.0
3.082905,79,25640.25618,medium,0.8178738317757005,2.8178738317757004,2,784,8,4,4,4,4,0,0,0,0,0.03876168224298972,0.0,0.0,0.5405405405405406,1.0,3,True,90,0.08830985915492957,0.1135665887850464,0.22986486486486485,0.013566588785046399,0.1,0.06486486486486487,0.1,0.015,0.05,0.0,0.0
3.229333,77,25670.142091,medium,0.9283489096573209,2.9283489096573208,2,767,8,4,4,4,4,0,0,0,0,0.05014018691588818,0.03310810810810824,0.10400000000000025,0.7927927927927912,0.9999999999999961,3,True,155,0.13860915492957745,0.11754906542056087,0.26013513513513453,0.017549065420560863,0.1,0.09513513513513494,0.09999999999999962,0.015,0.05,0.0,0.0
4.309665,90,25699.470972,medium,1.0,4.0,3,898,8,4,4,4,4,0,0,0,0,0.012757009345794471,0.03689189189189212,0.0,0.9999999999999981,1.0,5,True,96,0.07605633802816901,0.10446495327102807,0.29499999999999976,0.004464953271028065,0.1,0.11999999999999977,0.1,0.025,0.05,0.0,0.0
1.917475,83,25726.511791,medium,0.7170638629283477,1.7170638629283477,1,821,8,4,4,4,4,0,0,0,0,0.04595794392523243,0.0,0.19669999999999482,0.6396396396396397,0.9223666666666581,3,False,61,0.06924295774647887,0.0985174986836905,0.18399342342342256,0.01608528037383135,0.08243221830985915,0.07675675675675672,0.09223666666666583,0.015,0.0,0.0,0.0
4.315962,77,25751.396003,medium,1.0,4.0,3,761,8,4,4,4,4,0,0,0,0,0.0651635514018688,0.038445945945946,0.0,1.0000000000000018,1.0,5,True,71,0.051672535211267606,0.09706164439910478,0.2950000000000002,0.022807242990654078,0.0742544014084507,0.12000000000000022,0.1,0.025,0.05,0.0,0.0
4.274918,74,25775.479711,medium,1.0,4.0,3,740,7,4,3,4,3,0,0,0,1,0.09416666666666601,0.041441441441441434,0.2036999999999955,1.0000000000000016,0.9999999999999959,5,True,50,0.034612676056338026,0.053917840375586626,0.29499999999999976,0.032958333333333104,0.05095950704225352,0.12000000000000018,0.0999999999999996,0.025,0.05,0.0,0.03
4.124191,63,25796.627285,medium,1.0,4.0,3,627,1,0,1,0,1,0,0,0,7,0.0,0.0,0.0,1.0,1.0,5,True,11,0.00852112676056338,-0.10810915492957746,0.295,0.0,0.011890845070422535,0.12,0.1,0.025,0.05,0.0,0.12
4.30203,72,25824.852558,medium,1.0,4.0,3,719,7,3,4,3,4,0,0,0,1,0.025514018691588515,0.0,0.016799999999999975,1.0,0.9999999999999992,5,True,92,0.07281690140845071,0.07892990654205599,0.29499999999999993,0.008929906542055981,0.1,0.12000000000000001,0.09999999999999994,0.025,0.05,0.0,0.03
3.274313,90,25854.002884,medium,0.9774922118380063,2.9774922118380065,2,900,8,4,4,4,4,0,0,0,0,0.0619859813084102,0.0037837837837838254,0.2078999999999953,0.9349099099099097,0.9999999999999959,4,True,82,0.05591549295774648,0.10463171317625343,0.2821891891891888,0.02169509345794357,0.08293661971830986,0.11218918918918915,0.09999999999999962,0.02,0.05,0.0,0.0
3.258495,90,25882.215944,medium,0.9856697819314642,2.985669781931464,2,900,8,4,4,4,4,0,0,0,0,0.06476635514018558,0.018918918918918965,0.22399999999999423,0.9585585585585578,0.9999999999999962,4,True,51,0.03950704225352113,0.07779850598920579,0.2850270270270266,0.02266822429906495,0.055130281690140844,0.11502702702702694,0.09999999999999964,0.02,0.05,0.0,0.0
3.152435,83,25909.350086,medium,0.8291277258566978,2.829127725856698,2,829,8,4,4,4,4,0,0,0,0,0.08970404984423595,0.04918918918918955,0.2057999999999954,0.8734234234234209,0.9999999999999959,4,True,106,0.08794014084507042,0.13139641744548258,0.2748108108108101,0.031396417445482584,0.1,0.1048108108108105,0.09999999999999959,0.02,0.05,0.0,0.0
3.276119,90,25940.188655,medium,0.9704049844236761,2.970404984423676,2,900,8,4,4,4,4,0,0,0,0,0.04566978193146423,0.012770270270270272,0.17166666666666694,0.914414414414414,0.9999999999999961,4,True,135,0.1230281690140845,0.11598442367601249,0.27972972972972926,0.01598442367601248,0.1,0.10972972972972968,0.0999999999999996,0.02,0.05,0.0,0.0
4.321975,80,25966.795774,medium,1.0,4.0,3,793,8,4,4,4,4,0,0,0,0,0.04926791277258581,0.0,0.15066666666666687,1.0,0.9999999999999971,5,True,70,0.07204225352112677,0.1062754596112501,0.29499999999999976,0.01724376947040503,0.08903169014084507,0.12000000000000002,0.09999999999999971,0.025,0.05,0.0,0.0
4.209717,70,25994.582711,medium,1.0,4.0,3,695,5,3,2,3,2,0,0,0,3,0.016028037383177682,0.014662162162162325,0.046900000000000254,1.0,0.9999999999999978,5,True,61,0.050809859154929575,-0.015782792549690616,0.29499999999999976,0.0056098130841121885,0.06860739436619719,0.11999999999999998,0.09999999999999978,0.025,0.05,0.0,0.09
3.08619,76,26019.861169,medium,0.8101323987538941,2.810132398753894,2,751,8,4,4,4,4,0,0,0,0,0.054890965732086905,0.041441441441441434,0.14489999999999803,0.5578828828828808,0.9999999999999959,3,True,116,0.10693661971830985,0.11921183800623042,0.23194594594594525,0.019211838006230414,0.1,0.06694594594594569,0.09999999999999959,0.015,0.05,0.0,0.0
3.090573,90,26049.099766,medium,0.8084112149532711,2.808411214953271,2,900,8,4,4,4,4,0,0,0,0,0.0,0.0,0.0,0.8513513513513513,1.0,4,True,92,0.08830985915492957,0.1,0.27216216216216216,0.0,0.1,0.10216216216216213,0.1,0.02,0.05,0.0,0.0
3.214972,90,26077.479177,medium,0.9589563862928349,2.9589563862928348,2,900,8,4,4,4,4,0,0,0,0,0.03224299065420567,0.0,0.0,0.8813063063063064,1.0,4,True,43,0.04996478873239436,0.07025863827826775,0.27575675675675676,0.011285046728971985,0.058973591549295774,0.10575675675675673,0.1,0.02,0.05,0.0,0.0
4.298895,73,26101.154665,medium,1.0,4.0,3,724,8,4,4,4,4,0,0,0,0,0.010630841121495385,0.030743243243243408,0.0,1.0000000000000018,1.0,5,True,58,0.058098591549295774,0.07629473805449523,0.2950000000000002,0.0037207943925233844,0.07257394366197184,0.1200000000000002,0.1,0.025,0.05,0.0,0.0
4.217,58,26120.150238,medium,1.0,4.0,3,580,4,0,4,0,4,0,0,0,4,0.0,0.0,0.0,1.0,1.0,5,True,93,0.0825,-0.01999999999999999,0.295,0.0,0.1,0.11999999999999998,0.1,0.025,0.05,0.0,0.12
3.110519,76,26145.477578,medium,0.8500077881619938,2.850007788161994,2,753,8,4,4,4,4,0,0,0,0,0.008177570093457969,0.02364864864864872,0.0,0.5662387387387376,1.0,3,True,96,0.07056338028169014,0.10286214953271029,0.2329486486486485,0.0028621495327102887,0.1,0.06794864864864851,0.1,0.015,0.05,0.0,0.0
4.289879,81,26176.836686,medium,1.0,4.0,3,805,8,4,4,4,4,0,0,0,0,0.035490654205606945,0.0,0.15189999999999773,1.0,0.9999999999999959,5,True,60,0.043943661971830986,0.07537947545083568,0.2949999999999996,0.012421728971962429,0.06295774647887324,0.11999999999999998,0.0999999999999996,0.025,0.05,0.0,0.0
1.728956,88,26204.883022,medium,0.6298286604361371,1.6298286604361372,1,875,8,4,4,4,4,0,0,0,0,0.00490654205607482,0.014189189189189344,0.0,0.6051801801801802,0.0,3,False,90,0.06971830985915493,0.09900602211399238,0.08762162162162163,0.001717289719626187,0.0972887323943662,0.07262162162162163,0.0,0.015,0.0,0.0,0.0
4.288537,73,26228.852628,medium,1.0,4.0,3,730,8,4,4,4,4,0,0,0,0,0.030085669781931734,0.009909909909909911,0.05600000000000035,1.0000000000000016,0.9999999999999972,5,True,48,0.04267605633802817,0.06653702667719723,0.29499999999999993,0.010529984423676107,0.05600704225352112,0.12000000000000019,0.09999999999999973,0.025,0.05,0.0,0.0
3.187395,90,26257.932274,medium,0.9605919003115265,2.9605919003115266,2,900,8,4,4,4,4,0,0,0,0,0.03336448598130701,0.0018918918918918932,0.13999999999999396,0.886036036036036,1.0,4,True,21,0.024401408450704227,0.04047862643148562,0.27632432432432424,0.01167757009345745,0.02880105633802817,0.10632432432432427,0.09999999999999999,0.02,0.05,0.0,0.0
3.194319,90,26288.062224,medium,0.9228971962616822,2.9228971962616823,2,900,8,4,4,4,4,0,0,0,0,0.013738317757008879,0.008986486486486474,0.0,0.7770270270270266,1.0,3,True,91,0.07049295774647887,0.10317812952481227,0.25824324324324316,0.004808411214953108,0.09836971830985916,0.09324324324324318,0.1,0.015,0.05,0.0,0.0
4.28514,75,26312.970418,medium,1.0,4.0,3,744,7,4,3,4,3,0,0,0,1,0.03878504672897204,0.018918918918918965,0.0,1.000000000000003,1.0,5,True,62,0.06661971830985916,0.06453955508753458,0.2950000000000003,0.013574766355140211,0.08096478873239436,0.12000000000000034,0.09999999999999999,0.025,0.05,0.0,0.03
4.324782,76,26342.77691,medium,1.0,4.0,3,760,8,4,4,4,4,0,0,0,0,0.01651869158878518,0.0,0.0,1.0,1.0,5,True,96,0.10225352112676056,0.10578154205607482,0.295,0.005781542056074812,0.1,0.12,0.1,0.025,0.05,0.0,0.0
3.149552,90,26373.097629,medium,0.8598130841121495,2.8598130841121496,2,900,8,4,4,4,4,0,0,0,0,0.03834890965732064,0.028603603603603617,0.12179999999999902,0.9999999999999988,0.9999999999999959,5,True,52,0.06042253521126761,0.08473901978851293,0.29499999999999943,0.013422118380062225,0.0713169014084507,0.11999999999999983,0.0999999999999996,0.025,0.05,0.0,0.0
4.269216,71,26397.006711,medium,1.0,4.0,3,708,6,2,4,2,4,0,0,0,2,0.014330218068535823,0.041441441441441434,0.0,1.0000000000000016,1.0,5,True,151,0.1334507042253521,0.04501557632398755,0.2950000000000002,0.005015576323987538,0.1,0.12000000000000022,0.1,0.025,0.05,0.0,0.06
4.324978,83,26424.060344,medium,1.0,4.0,3,830,8,4,4,4,4,0,0,0,0,0.04915109034267927,0.046644144144144126,0.1413333333333336,0.9999999999999978,0.9999999999999961,5,True,80,0.07436619718309859,0.11297752950726168,0.2949999999999993,0.017202881619937747,0.09577464788732394,0.1199999999999997,0.0999999999999996,0.025,0.05,0.0,0.0
1.878283,90,26454.424694,medium,0.8116043613707166,1.8116043613707165,1,900,6,4,2,4,2,0,0,0,2,0.04007009345794391,0.04209459459459488,0.0,1.0,0.19366666666666665,5,False,33,0.029049295774647887,-0.007688495458733707,0.16436666666666663,0.01402453271028037,0.03828697183098592,0.11999999999999998,0.019366666666666667,0.025,0.0,0.0,0.06
4.314642,76,26479.963233,medium,1.0,4.0,3,760,8,4,4,4,4,0,0,0,0,0.008504672897196298,0.0245945945945947,0.0,1.0000000000000002,1.0,5,True,91,0.06288732394366198,0.09564212847176519,0.29500000000000004,0.0029766355140187044,0.09266549295774648,0.12000000000000001,0.1,0.025,0.05,0.0,0.0
4.152972,70,26503.394675,medium,1.0,4.0,3,700,5,4,1,4,1,0,0,0,3,0.023551401869159064,0.06810810810810865,0.0,1.0000000000000002,1.0,5,True,9,0.006971830985915493,-0.0720281361063577,0.295,0.008242990654205671,0.00972887323943662,0.12,0.1,0.025,0.05,0.0,0.09
2.90622,82,26535.339704,medium,0.6900389408099689,2.690038940809969,2,811,8,4,4,4,4,0,0,0,0,0.030257009345793333,0.016554054054054062,0.10499999999999547,0.5090315315315308,1.0,2,True,55,0.050809859154929575,0.07619734763722485,0.22108378378378368,0.010589953271027665,0.06560739436619718,0.061083783783783686,0.1,0.01,0.05,0.0,0.0
4.202779,64,26556.244485,medium,1.0,4.0,3,636,4,0,4,0,4,0,0,0,4,0.0,0.0,0.0,1.0,1.0,5,True,72,0.07383802816901408,-0.028621478873239403,0.295,0.0,0.09137852112676059,0.12,0.1,0.025,0.05,0.0,0.12
2.962925,78,26581.18588,medium,0.7651090342679128,2.7651090342679128,2,771,8,4,4,4,4,0,0,0,0,0.006542056074766388,0.01891891891891901,0.0,0.7261261261261253,1.0,2,True,26,0.01665492957746479,0.027780916809266826,0.24713513513513502,0.002289719626168235,0.025491197183098592,0.087135135135135,0.1,0.01,0.05,0.0,0.0
3.010567,90,26611.240825,medium,0.7968068535825545,2.7968068535825545,2,900,8,4,4,4,4,0,0,0,0,0.027149532710280193,0.0,0.11619999999999923,0.8177927927927928,0.9999999999999961,3,True,30,0.021496478873239435,0.04062469560352765,0.26313513513513476,0.009502336448598067,0.03112235915492958,0.09813513513513512,0.09999999999999962,0.015,0.05,0.0,0.0
2.047077,81,26638.338292,medium,0.8308644859813079,1.830864485981308,1,805,8,4,4,4,4,0,0,0,0,0.024696261682242555,0.0037837837837838254,0.0,0.6177927927927928,0.9893333333333333,3,False,125,0.10649647887323943,0.1086436915887849,0.18806846846846847,0.008643691588784893,0.1,0.07413513513513514,0.09893333333333335,0.015,0.0,0.0,0.0
4.317352,81,26665.084489,medium,1.0,4.0,3,807,8,4,4,4,4,0,0,0,0,0.048901869158878036,0.08182432432432449,0.0,1.0000000000000004,1.0,5,True,73,0.06591549295774649,0.10305227392391716,0.29500000000000004,0.01711565420560731,0.08593661971830986,0.12000000000000004,0.1,0.025,0.05,0.0,0.0
4.28888,72,26694.099524,medium,1.0,4.0,3,711,7,3,4,3,4,0,0,0,1,0.03722741433021831,0.0674549549549552,0.05950000000000038,1.0000000000000002,0.999999999999997,5,True,72,0.06126760563380282,0.06498029924092853,0.2949999999999997,0.01302959501557641,0.08195070422535213,0.12000000000000002,0.0999999999999997,0.025,0.05,0.0,0.03
2.909102,76,26718.471967,medium,0.6696495327102803,2.66964953271028,2,753,8,4,4,4,4,0,0,0,0,0.0021261682242990267,0.006148648648648536,0.0,0.45006756756756744,1.0,2,True,96,0.07056338028169014,0.10074415887850466,0.2140081081081081,0.0007441588785046593,0.1,0.05400810810810809,0.1,0.01,0.05,0.0,0.0
3.141226,90,26748.307421,medium,0.8345794392523365,2.8345794392523365,2,900,8,4,4,4,4,0,0,0,0,0.04401090342679143,0.056103603603603676,0.0,0.9270270270270243,1.0,4,True,168,0.14661971830985915,0.11540381619937701,0.28124324324324296,0.015403816199376998,0.1,0.11124324324324293,0.1,0.02,0.05,0.0,0.0
4.337799,73,26771.582356,medium,1.0,4.0,3,730,8,4,4,4,4,0,0,0,0,0.045140186915887726,0.03878378378378403,0.0,1.000000000000002,1.0,5,True,103,0.09341549295774648,0.1157990654205607,0.2950000000000002,0.015799065420560705,0.1,0.12000000000000022,0.1,0.025,0.05,0.0,0.0
4.34368,74,26797.079559,medium,1.0,4.0,3,732,8,4,4,4,4,0,0,0,0,0.06251557632398796,0.12166666666666724,0.04760000000000025,0.9999999999999978,0.9999999999999978,5,True,85,0.0916725352112676,0.12188045171339579,0.2949999999999995,0.021880451713395786,0.1,0.11999999999999975,0.09999999999999976,0.025,0.05,0.0,0.0
4.329655,90,26827.477223,medium,1.0,4.0,3,899,8,4,4,4,4,0,0,0,0,0.07015576323987413,0.04727477477477499,0.23029999999999431,0.9999999999999983,0.9999999999999961,5,True,137,0.11711267605633803,0.12455451713395595,0.29499999999999943,0.024554517133955945,0.1,0.1199999999999998,0.0999999999999996,0.025,0.05,0.0,0.0
4.274105,65,26849.96465,medium,1.0,4.0,3,644,6,2,4,2,4,0,0,0,2,0.02535046728971965,0.007567567567567558,0.0,0.9999999999999996,1.0,5,True,69,0.08017605633802817,0.043504705804922994,0.29499999999999993,0.008872663551401877,0.09463204225352112,0.11999999999999991,0.09999999999999999,0.025,0.05,0.0,0.06
3.119903,90,26884.948474,medium,0.8794392523364486,2.8794392523364487,2,900,8,4,4,4,4,0,0,0,0,0.04254672897196273,0.029797297297297454,0.0,0.9999999999999986,1.0,5,True,15,0.017429577464788733,0.0354635382387785,0.29499999999999976,0.014891355140186954,0.02057218309859155,0.11999999999999976,0.1,0.025,0.05,0.0,0.0
3.250764,90,26915.353083,medium,0.9535046728971963,2.9535046728971963,2,900,8,4,4,4,4,0,0,0,0,0.038271028037383456,0.054864864864865207,0.0,0.8655405405405378,1.0,4,True,101,0.08294014084507043,0.11339485981308421,0.27386486486486455,0.01339485981308421,0.1,0.10386486486486453,0.1,0.02,0.05,0.0,0.0
3.180161,82,26941.578377,medium,0.9032710280373831,2.9032710280373832,2,812,8,4,4,4,4,0,0,0,0,0.04252336448598076,0.0,0.0,0.7202702702702702,1.0,3,True,72,0.07436619718309859,0.10665782545741723,0.2514324324324324,0.014883177570093267,0.09177464788732397,0.08643243243243243,0.1,0.015,0.05,0.0,0.0
2.792532,76,26966.788133,medium,0.5562305295950156,2.5562305295950156,2,753,8,4,4,4,4,0,0,0,0,0.029376947040498605,0.041441441441441434,0.06440000000000044,0.5274774774774754,0.9999999999999968,2,True,76,0.05336267605633803,0.08830393850642804,0.2232972972972967,0.010281931464174512,0.07802200704225352,0.06329729729729704,0.09999999999999967,0.01,0.05,0.0,0.0
2.898253,77,26993.126167,medium,0.647383177570093,2.647383177570093,2,763,8,4,4,4,4,0,0,0,0,0.010467289719625718,0.0,0.0,0.6599099099099099,1.0,2,True,78,0.06042253521126761,0.0879804528103197,0.2391891891891892,0.0036635514018690005,0.0843169014084507,0.0791891891891892,0.1,0.01,0.05,0.0,0.0
1.610343,84,27021.429864,medium,0.5015576323987538,1.5015576323987538,1,832,8,4,4,4,4,0,0,0,0,0.0006542056074766075,0.0,0.0,0.6396396396396397,0.0,3,False,96,0.1115492957746479,0.10022897196261682,0.09175675675675672,0.0002289719626168126,0.1,0.07675675675675672,0.0,0.015,0.0,0.0,0.0
3.265866,90,27056.120747,medium,0.962772585669782,2.962772585669782,2,900,8,4,4,4,4,0,0,0,0,0.06584890965732003,0.061779279279279384,0.19039999999999604,0.8923423423423393,0.9999999999999961,4,True,86,0.06661971830985916,0.11601190711245636,0.2770810810810803,0.023047118380062005,0.09296478873239436,0.10708108108108072,0.0999999999999996,0.02,0.05,0.0,0.0
3.235593,90,27086.464111,medium,0.9376947040498442,2.9376947040498442,2,900,8,4,4,4,4,0,0,0,0,0.05577102803738177,0.0,0.1938999999999959,0.8198198198198198,0.9999999999999959,4,True,166,0.14049295774647888,0.11951985981308363,0.26837837837837797,0.019519859813083622,0.1,0.09837837837837836,0.09999999999999959,0.02,0.05,0.0,0.0
3.130763,90,27114.988366,medium,0.8753894080996885,2.8753894080996885,2,900,8,4,4,4,4,0,0,0,0,0.022079439252336464,0.0,0.0,0.6396396396396397,1.0,3,True,75,0.07785211267605634,0.10361688824536003,0.24175675675675679,0.007727803738317761,0.09588908450704227,0.07675675675675676,0.1,0.015,0.05,0.0,0.0
1.599175,87,27143.889215,medium,0.5177570093457944,1.5177570093457944,1,865,8,4,4,4,4,0,0,0,0,0.013738317757009256,0.029797297297297465,0.0,0.5114864864864854,0.259,2,False,48,0.05577464788732395,0.07063939713044619,0.09727837837837826,0.0048084112149532395,0.06583098591549295,0.06137837837837826,0.025900000000000003,0.01,0.0,0.0,0.0
4.276181,77,27169.920218,medium,1.0,4.0,3,763,8,4,4,4,4,0,0,0,0,0.011775700934579508,0.03405405405405425,0.0,1.0000000000000022,1.0,5,True,52,0.03647887323943662,0.05748065025668029,0.29500000000000026,0.004121495327102827,0.05335915492957746,0.12000000000000027,0.1,0.025,0.05,0.0,0.0
1.932424,90,27200.396433,medium,0.7542990654205608,1.7542990654205608,1,900,8,4,4,4,4,0,0,0,0,0.037616822429906396,0.0,0.0,0.7074324324324325,0.5506666666666666,3,False,159,0.1334507042253521,0.11316588785046724,0.15495855855855856,0.013165887850467241,0.1,0.08489189189189188,0.05506666666666667,0.015,0.0,0.0,0.0
4.253342,72,27228.523062,medium,1.0,4.0,3,711,6,4,2,4,2,0,0,0,2,0.06746105919003145,0.0,0.0,1.0,1.0,5,True,48,0.05577464788732395,0.029442356632003966,0.295,0.023611370716511006,0.06583098591549295,0.11999999999999998,0.1,0.025,0.05,0.0,0.06
3.222421,90,27258.124979,medium,0.9376947040498442,2.9376947040498442,2,900,8,4,4,4,4,0,0,0,0,0.03411214953271034,0.0,0.14600000000000027,0.8198198198198198,0.9999999999999961,4,True,76,0.0752112676056338,0.10634770304067398,0.268378378378378,0.01193925233644862,0.09440845070422536,0.09837837837837839,0.09999999999999962,0.02,0.05,0.0,0.0
4.314777,84,27283.747149,medium,1.0,4.0,3,832,8,4,4,4,4,0,0,0,0,0.008504672897196298,0.0,0.036400000000000154,1.0,0.9999999999999983,5,True,168,0.14661971830985915,0.10297663551401871,0.2949999999999998,0.002976635514018704,0.1,0.11999999999999997,0.09999999999999984,0.025,0.05,0.0,0.0
4.326652,78,27307.698476,medium,1.0,4.0,3,776,8,4,4,4,4,0,0,0,0,0.026433021806853713,0.041441441441441434,0.0,1.0000000000000016,1.0,5,True,156,0.1354225352112676,0.1092515576323988,0.2950000000000002,0.009251557632398799,0.1,0.1200000000000002,0.09999999999999999,0.025,0.05,0.0,0.0
3.193751,90,27337.521171,medium,0.8718068535825545,2.8718068535825543,2,900,8,4,4,4,4,0,0,0,0,0.048411214953270894,0.0,0.0,1.0,1.0,5,True,96,0.1115492957746479,0.11694392523364482,0.29500000000000004,0.016943925233644814,0.1,0.12000000000000001,0.1,0.025,0.05,0.0,0.0
4.23373,71,27361.285086,medium,1.0,4.0,3,703,6,2,4,2,4,0,0,0,2,0.04929127725856714,0.027905405405405547,0.03166666666666668,1.0000000000000024,0.9999999999999984,5,True,50,0.03570422535211268,0.00903011605458301,0.29500000000000015,0.0172519470404985,0.05177816901408451,0.12000000000000029,0.09999999999999987,0.025,0.05,0.0,0.06
1.749333,90,27396.341005,medium,0.644345794392523,1.644345794392523,1,900,8,4,4,4,4,0,0,0,0,0.00719626168224268,0.0,0.030799999999998672,0.29684684684684687,0.5184666666666653,1,False,139,0.12221830985915492,0.10251869158878495,0.09246828828828815,0.002518691588784938,0.1,0.03562162162162162,0.05184666666666653,0.005,0.0,0.0,0.0
3.297527,90,27426.148677,medium,0.9992990654205608,2.9992990654205607,2,900,8,4,4,4,4,0,0,0,0,0.04778037383177587,0.01277027027027032,0.0,0.9979729729729744,1.0,4,True,82,0.05433098591549296,0.09847137027774128,0.28975675675675694,0.016723130841121554,0.08174823943661973,0.11975675675675693,0.1,0.02,0.05,0.0,0.0
4.304751,73,27449.540945,medium,1.0,4.0,3,725,8,4,4,4,4,0,0,0,0,0.005062305295950157,0.014639639639639643,0.0,1.0000000000000024,1.0,5,True,68,0.061971830985915494,0.08225068009301917,0.2950000000000003,0.0017718068535825548,0.08047887323943662,0.12000000000000029,0.1,0.025,0.05,0.0,0.0
4.31746,84,27477.350317,medium,1.0,4.0,3,837,8,4,4,4,4,0,0,0,0,0.017601246105918858,0.041441441441441434,0.0,1.0000000000000016,1.0,5,True,75,0.08714788732394366,0.1061604361370716,0.2950000000000002,0.006160436137071601,0.1,0.12000000000000019,0.1,0.025,0.05,0.0,0.0
3.072566,85,27504.701576,medium,0.8449376947040499,2.8449376947040497,2,845,8,4,4,4,4,0,0,0,0,0.02866043613707171,0.08288288288288305,0.0,0.5515765765765731,1.0,3,True,67,0.04987676056338028,0.08093872307051031,0.23118918918918874,0.010031152647975099,0.07090757042253522,0.06618918918918876,0.09999999999999999,0.015,0.05,0.0,0.0
4.312294,77,27530.190314,medium,1.0,4.0,3,761,8,4,4,4,4,0,0,0,0,0.01684579439252349,0.019864864864865082,0.0,0.9999999999999993,1.0,5,True,71,0.06933098591549296,0.09339426747400294,0.29499999999999993,0.005896028037383221,0.08749823943661972,0.11999999999999991,0.1,0.025,0.05,0.0,0.0
4.132244,69,27557.693013,medium,1.0,4.0,3,687,4,0,4,0,4,0,0,0,4,0.0,0.0,0.0,1.0,1.0,5,True,24,0.018591549295774647,-0.09405633802816901,0.295,0.0,0.025943661971830987,0.12000000000000001,0.09999999999999999,0.025,0.05,0.0,0.12
4.327356,76,27582.561211,medium,1.0,4.0,3,752,8,4,4,4,4,0,0,0,0,0.021588785046729092,0.0,0.0,1.0,1.0,5,True,83,0.08362676056338028,0.10755607476635519,0.295,0.007556074766355181,0.1,0.11999999999999998,0.1,0.025,0.05,0.0,0.0
4.200631,58,27601.421481,medium,1.0,4.0,3,578,3,0,3,0,3,0,0,0,5,0.0,0.0,0.0,1.0,1.0,5,True,71,0.06390845070422535,-0.036568661971830965,0.295,0.0,0.08343133802816903,0.12,0.1,0.025,0.05,0.0,0.12
3.168203,90,27629.658966,medium,0.9186915887850468,2.918691588785047,2,900,8,4,4,4,4,0,0,0,0,0.04023364485981195,0.03547297297297319,0.11969999999999484,0.9999999999999983,1.0,5,True,26,0.02323943661971831,0.04451135316572291,0.29499999999999976,0.014081775700934182,0.030429577464788728,0.11999999999999979,0.09999999999999999,0.025,0.05,0.0,0.0
4.147426,66,27648.710785,medium,1.0,4.0,3,653,4,2,2,2,2,0,0,0,4,0.0,0.0,0.0,1.0,1.0,5,True,29,0.03096830985915493,-0.08227376760563379,0.295,0.0,0.0377262323943662,0.11999999999999998,0.1,0.025,0.05,0.0,0.12
3.112127,90,27675.200828,medium,0.8269470404984424,2.8269470404984425,2,900,8,4,4,4,4,0,0,0,0,0.022242990654205617,0.06432432432432436,0.0,0.8277027027027,1.0,4,True,96,0.06676056338028169,0.10585546926418325,0.269324324324324,0.0077850467289719665,0.09807042253521128,0.099324324324324,0.1,0.02,0.05,0.0,0.0
4.174707,68,27698.899011,medium,1.0,4.0,3,678,3,1,2,1,2,0,0,0,5,0.0,0.0,0.0,1.0,1.0,5,True,56,0.05267605633802817,-0.05249295774647887,0.295,0.0,0.06750704225352112,0.11999999999999997,0.1,0.025,0.05,0.0,0.12
4.331548,78,27729.845788,medium,1.0,4.0,3,780,8,4,4,4,4,0,0,0,0,0.04156542056074777,0.02695945945945959,0.0,1.0000000000000024,1.0,5,True,154,0.13308098591549294,0.11454789719626172,0.29500000000000026,0.01454789719626172,0.1,0.12000000000000027,0.1,0.025,0.05,0.0,0.0
1.921573,90,27758.956502,medium,0.7663551401869159,1.7663551401869158,1,900,8,4,4,4,4,0,0,0,0,0.0006230529595015579,0.0,0.0,1.0,0.0,5,False,160,0.1404225352112676,0.10021806853582554,0.14500000000000002,0.00021806853582554523,0.1,0.12000000000000002,0.0,0.025,0.0,0.0,0.0
4.244615,72,27783.12371,medium,1.0,4.0,3,715,7,3,4,3,4,0,0,0,1,0.037943925233643844,0.007567567567567563,0.1511999999999955,1.000000000000001,0.9999999999999979,5,True,35,0.027112676056338027,0.021114880874028866,0.29499999999999993,0.013280373831775343,0.03783450704225352,0.12000000000000012,0.09999999999999983,0.025,0.05,0.0,0.03
3.13889,90,27812.108208,medium,0.8291822429906542,2.829182242990654,2,900,8,4,4,4,4,0,0,0,0,0.058107476635512655,0.03844594594594615,0.1917999999999939,0.9114189189189172,0.9999999999999979,4,True,118,0.0863556338028169,0.12033761682242944,0.2793702702702699,0.02033761682242943,0.1,0.1093702702702701,0.0999999999999998,0.02,0.05,0.0,0.0
4.247283,89,27841.368613,medium,1.0,4.0,3,882,8,4,4,4,4,0,0,0,0,0.0,0.0,0.0,1.0,1.0,5,True,38,0.028644366197183097,0.04048327464788733,0.29500000000000004,0.0,0.04048327464788733,0.12000000000000002,0.1,0.025,0.05,0.0,0.0
4.222885,64,27862.531996,medium,1.0,4.0,3,634,3,1,2,1,2,0,0,0,5,0.03224299065420567,0.0,0.0,1.0,1.0,5,True,96,0.08535211267605634,-0.008714953271028003,0.295,0.011285046728971983,0.1,0.11999999999999998,0.1,0.025,0.05,0.0,0.12
2.955513,90,27896.512166,medium,0.6709501557632399,2.67095015576324,2,900,8,4,4,4,4,0,0,0,0,0.018317757009345667,0.03878378378378403,0.0,0.8340090090090071,1.0,4,True,96,0.06676056338028169,0.10448163748848227,0.27008108108108086,0.006411214953270983,0.09807042253521128,0.10008108108108084,0.1,0.02,0.05,0.0,0.0
2.989418,87,27923.672805,medium,0.738006230529595,2.738006230529595,2,863,8,4,4,4,4,0,0,0,0,0.0,0.0,0.0,0.6477477477477478,1.0,3,True,80,0.07330985915492957,0.09498239436619718,0.24272972972972973,0.0,0.09498239436619718,0.07772972972972973,0.1,0.015,0.05,0.0,0.0
3.142504,88,27952.340241,medium,0.8798286604361371,2.879828660436137,2,879,8,4,4,4,4,0,0,0,0,0.020794392523364486,0.009459459459459446,0.0,0.6524774774774771,1.0,3,True,105,0.07994718309859154,0.10727803738317758,0.2432972972972972,0.00727803738317757,0.1,0.07829729729729724,0.09999999999999999,0.015,0.05,0.0,0.0
4.311449,79,27977.159887,medium,1.0,4.0,3,789,8,4,4,4,4,0,0,0,0,0.028948598130840688,0.0,0.0,1.0,1.0,5,True,84,0.05762323943661972,0.09534943892325903,0.295,0.01013200934579424,0.0852174295774648,0.11999999999999998,0.1,0.025,0.05,0.0,0.0
4.239493,70,28000.006061,medium,1.0,4.0,3,698,5,2,3,2,3,0,0,0,3,0.012266355140186988,0.03547297297297319,0.0,1.000000000000002,1.0,5,True,100,0.09450704225352112,0.01429322429906546,0.29500000000000026,0.004293224299065446,0.1,0.12000000000000025,0.1,0.025,0.05,0.0,0.09
4.204127,60,28020.295103,medium,1.0,4.0,3,595,4,0,4,0,4,0,0,0,4,0.0,0.0,0.0,1.0,1.0,5,True,75,0.06816901408450704,-0.03137323943661971,0.295,0.0,0.08862676056338029,0.12,0.1,0.025,0.05,0.0,0.12
2.93274,77,28045.639009,medium,0.7142523364485981,2.714252336448598,2,770,8,4,4,4,4,0,0,0,0,0.018481308411215033,0.014662162162162155,0.0,0.6344594594594588,1.0,2,True,52,0.03584507042253521,0.05935226076082667,0.23613513513513507,0.006468457943925261,0.05288380281690141,0.07613513513513505,0.1,0.01,0.05,0.0,0.0
3.060467,79,28076.200118,medium,0.8460280373831776,2.8460280373831774,2,783,8,4,4,4,4,0,0,0,0,0.011939252336448668,0.0,0.0,0.5547297297297298,1.0,3,True,58,0.03732394366197183,0.061171696064235906,0.23156756756756758,0.004178738317757034,0.05699295774647887,0.06656756756756757,0.1,0.015,0.05,0.0,0.0
4.278933,82,28103.232618,medium,1.0,4.0,3,819,8,4,4,4,4,0,0,0,0,0.007032710280373853,0.020337837837837897,0.0,0.9999999999999996,1.0,5,True,65,0.04116197183098592,0.06583292747137028,0.295,0.002461448598130848,0.06337147887323943,0.11999999999999995,0.1,0.025,0.05,0.0,0.0
4.269016,71,28126.823984,medium,1.0,4.0,3,710,6,2,4,2,4,0,0,0,2,0.014330218068535823,0.041441441441441434,0.0,1.0000000000000016,1.0,5,True,149,0.13383802816901408,0.04501557632398755,0.2950000000000002,0.005015576323987538,0.1,0.12000000000000019,0.1,0.025,0.05,0.0,0.06
3.167928,80,28152.220974,medium,0.9034267912772586,2.9034267912772584,2,794,8,4,4,4,4,0,0,0,0,0.011939252336448677,0.03452702702702725,0.0,0.7207207207207195,1.0,4,True,77,0.05964788732394366,0.08741465381071478,0.25648648648648636,0.004178738317757037,0.08323591549295775,0.08648648648648635,0.1,0.02,0.05,0.0,0.0
4.276867,77,28177.553681,medium,1.0,4.0,3,770,8,4,4,4,4,0,0,0,0,0.004252336448598124,0.012297297297297278,0.0,1.0000000000000002,1.0,5,True,49,0.04383802816901408,0.0588668388837699,0.29500000000000004,0.0014883177570093433,0.05737852112676056,0.12000000000000002,0.1,0.025,0.05,0.0,0.0
4.235928,70,28200.930807,medium,1.0,4.0,3,699,5,1,4,1,4,0,0,0,3,0.04121495327102657,0.0,0.17639999999999373,1.0,0.9999999999999987,5,True,63,0.07320422535211267,0.010828402658943803,0.2949999999999999,0.014425233644859299,0.0864031690140845,0.12000000000000001,0.09999999999999988,0.025,0.05,0.0,0.09
4.284549,81,28228.381138,medium,1.0,4.0,3,803,8,4,4,4,4,0,0,0,0,0.028948598130840688,0.019391891891892107,0.0,0.999999999999999,1.0,5,True,56,0.042288732394366195,0.06984855864156889,0.2949999999999999,0.01013200934579424,0.05971654929577464,0.11999999999999987,0.1,0.025,0.05,0.0,0.0
4.322612,76,28258.180294,medium,1.0,4.0,3,759,8,4,4,4,4,0,0,0,0,0.06129283489096588,0.041441441441441434,0.0630000000000001,1.0000000000000016,0.9999999999999971,5,True,70,0.06274647887323943,0.10351235136676765,0.2949999999999999,0.021452492211838058,0.0820598591549296,0.12000000000000018,0.09999999999999971,0.025,0.05,0.0,0.0
3.174894,90,28287.864413,medium,0.9034267912772586,2.9034267912772584,2,900,8,4,4,4,4,0,0,0,0,0.03491433021806858,0.010878378378378361,0.0,0.7207207207207208,1.0,4,True,82,0.06901408450704226,0.10498057895660569,0.25648648648648653,0.012220015576324001,0.09276056338028169,0.0864864864864865,0.1,0.02,0.05,0.0,0.0
3.136901,90,28316.783323,medium,0.868380062305296,2.868380062305296,2,900,8,4,4,4,4,0,0,0,0,0.05446261682242979,0.07378378378378402,0.12389999999999894,0.8749999999999967,0.9999999999999959,4,True,47,0.05461267605633803,0.08352142293010395,0.2749999999999992,0.019061915887850424,0.06445950704225352,0.1049999999999996,0.0999999999999996,0.02,0.05,0.0,0.0
2.950947,83,28344.153984,medium,0.6979750778816199,2.69797507788162,2,822,8,4,4,4,4,0,0,0,0,0.03238317757009306,0.0,0.1385999999999983,0.531981981981982,0.9999999999999959,2,True,154,0.13746478873239437,0.11133411214953258,0.22383783783783745,0.01133411214953257,0.1,0.06383783783783784,0.0999999999999996,0.01,0.05,0.0,0.0
3.158116,77,28369.440446,medium,0.8537694704049843,2.853769470404984,2,766,8,4,4,4,4,0,0,0,0,0.015537383177570002,0.03358108108108131,0.0,0.9333333333333323,1.0,4,True,92,0.0633450704225352,0.09894688692905092,0.28199999999999986,0.0054380841121495,0.09350880281690142,0.11199999999999984,0.1,0.02,0.05,0.0,0.0
3.032999,78,28395.011897,medium,0.7558099688473521,2.755809968847352,2,771,8,4,4,4,4,0,0,0,0,0.015373831775701095,0.04445945945945992,0.0,0.6992342342342318,1.0,3,True,95,0.09179577464788732,0.10538084112149539,0.24890810810810776,0.005380841121495382,0.1,0.08390810810810778,0.1,0.015,0.05,0.0,0.0
4.341007,77,28425.223416,medium,1.0,4.0,3,761,8,4,4,4,4,0,0,0,0,0.06316199376947047,0.041441441441441434,0.2090000000000003,1.0000000000000016,0.9999999999999961,5,True,96,0.1115492957746479,0.12210669781931467,0.2949999999999998,0.022106697819314666,0.1,0.12000000000000019,0.0999999999999996,0.025,0.05,0.0,0.0
4.2066,69,28447.789982,medium,1.0,4.0,3,684,4,0,4,0,4,0,0,0,4,0.0,0.0,0.0,1.0,1.0,5,True,84,0.08366197183098592,-0.01999999999999999,0.29500000000000004,0.0,0.1,0.12000000000000001,0.1,0.025,0.05,0.0,0.12
3.129745,90,28477.404783,medium,0.8231308411214954,2.8231308411214955,2,900,8,4,4,4,4,0,0,0,0,0.07310747663551215,0.0,0.23029999999999431,0.8418918918918918,0.9999999999999961,4,True,96,0.07605633802816901,0.12558761682242925,0.2710270270270266,0.02558761682242925,0.1,0.101027027027027,0.0999999999999996,0.02,0.05,0.0,0.0
4.268959,83,28503.950201,medium,1.0,4.0,3,830,8,4,4,4,4,0,0,0,0,0.007196261682243014,0.0,0.0,1.0,1.0,5,True,53,0.037253521126760565,0.056958832433855466,0.295,0.0025186915887850546,0.054440140845070414,0.12,0.1,0.025,0.05,0.0,0.0
3.066385,76,28529.235076,medium,0.8425389408099689,2.842538940809969,2,759,8,4,4,4,4,0,0,0,0,0.00032710280373830374,0.0009459459459459054,0.0,0.5446396396396396,1.0,3,True,72,0.044366197183098595,0.06938913386863235,0.23035675675675676,0.0001144859813084063,0.06927464788732395,0.06535675675675676,0.1,0.015,0.05,0.0,0.0
3.028948,90,28559.008478,medium,0.7975077881619937,2.797507788161994,2,900,8,4,4,4,4,0,0,0,0,0.030747663551400975,0.03452702702702665,0.08049999999999652,0.8198198198198188,1.0,4,True,41,0.029066901408450703,0.053061858299328364,0.26837837837837825,0.010761682242990338,0.042300176056338026,0.09837837837837826,0.1,0.02,0.05,0.0,0.0
1.696978,83,28590.601099,medium,0.582219626168224,1.582219626168224,1,824,8,4,4,4,4,0,0,0,0,0.007686915887850162,0.0014189189189189348,0.0,0.7038963963963963,0.0,2,False,115,0.09323943661971831,0.10269042056074756,0.09446756756756751,0.0026904205607475563,0.1,0.08446756756756751,0.0,0.01,0.0,0.0,0.0
3.151974,85,28619.384632,medium,0.8777570093457943,2.8777570093457943,2,847,8,4,4,4,4,0,0,0,0,0.046682242990654106,0.04175675675675629,0.0,0.6464864864864845,1.0,3,True,109,0.08026408450704225,0.11633878504672894,0.24257837837837815,0.016338785046728935,0.1,0.07757837837837815,0.09999999999999999,0.015,0.05,0.0,0.0
3.024564,81,28646.348299,medium,0.7401090342679127,2.740109034267913,2,807,8,4,4,4,4,0,0,0,0,0.0619859813084103,0.01655405405405365,0.18409999999999632,0.6538288288288289,0.9999999999999959,3,True,78,0.08735915492957746,0.1216950934579436,0.24345945945945902,0.021695093457943602,0.1,0.07845945945945944,0.0999999999999996,0.015,0.05,0.0,0.0
4.246271,71,28668.908215,medium,1.0,4.0,3,705,6,2,4,2,4,0,0,0,2,0.049548286604360274,0.03355855855855855,0.16239999999999502,1.000000000000002,0.9999999999999979,5,True,64,0.04323943661971831,0.02177147777631483,0.29500000000000004,0.017341900311526093,0.06442957746478874,0.12000000000000025,0.09999999999999981,0.025,0.05,0.0,0.06
4.300282,72,28692.3975,medium,1.0,4.0,3,713,7,3,4,3,4,0,0,0,1,0.020794392523364496,0.0,0.0,1.0,1.0,5,True,93,0.07040492957746479,0.07658173456627618,0.295,0.007278037383177572,0.0993036971830986,0.12,0.1,0.025,0.05,0.0,0.03
3.096049,90,28722.338023,medium,0.8095015576323987,2.809501557632399,2,900,8,4,4,4,4,0,0,0,0,0.011448598130841155,0.026013513513513636,0.010499999999999989,0.8545045045045033,0.9999999999999996,4,True,100,0.09107394366197183,0.1040070093457944,0.2725405405405404,0.004007009345794404,0.1,0.10254054054054039,0.09999999999999999,0.02,0.05,0.0,0.0
4.2391,66,28742.483735,medium,1.0,4.0,3,659,5,1,4,1,4,0,0,0,3,0.0,0.0,0.0,1.0,1.0,5,True,120,0.10394366197183098,0.010000000000000009,0.295,0.0,0.1,0.11999999999999998,0.1,0.025,0.05,0.0,0.09
3.125475,90,28776.20274,medium,0.820404984423676,2.820404984423676,2,900,8,4,4,4,4,0,0,0,0,0.05355919003115255,0.028603603603603617,0.07490000000000015,0.8860360360360348,0.9999999999999967,4,True,186,0.1637323943661972,0.1187457165109034,0.27632432432432386,0.01874571651090339,0.1,0.10632432432432415,0.0999999999999997,0.02,0.05,0.0,0.0
2.850813,75,28800.843961,medium,0.6422897196261682,2.6422897196261683,2,741,8,4,4,4,4,0,0,0,0,0.04234423676012479,0.00472972972972972,0.1343333333333336,0.37094594594594577,0.9999999999999961,1,True,69,0.04505281690140845,0.08311009554210001,0.1995135135135131,0.014820482866043679,0.06828961267605634,0.044513513513513486,0.09999999999999962,0.005,0.05,0.0,0.0
4.32366,76,28825.396194,medium,1.0,4.0,3,760,8,4,4,4,4,0,0,0,0,0.03512461059190041,0.008333333333333335,0.0,1.0000000000000013,1.0,5,True,96,0.059154929577464786,0.10465981089026374,0.29500000000000015,0.012293613707165144,0.0923661971830986,0.12000000000000016,0.1,0.025,0.05,0.0,0.0
4.327052,77,28850.013502,medium,1.0,4.0,3,762,8,4,4,4,4,0,0,0,0,0.05325545171339532,0.06461711711711705,0.0,1.0000000000000009,1.0,5,True,70,0.07281690140845071,0.10825208415602638,0.2950000000000001,0.018639408099688358,0.08961267605633802,0.12000000000000008,0.1,0.025,0.05,0.0,0.0
3.088308,90,28879.292837,medium,0.7975077881619937,2.797507788161994,2,900,8,4,4,4,4,0,0,0,0,0.035490654205606875,0.0,0.069299999999997,0.8198198198198198,1.0,4,True,118,0.10545774647887324,0.11242172897196241,0.26837837837837836,0.012421728971962405,0.1,0.09837837837837837,0.1,0.02,0.05,0.0,0.0
4.307146,83,28906.907301,medium,1.0,4.0,3,821,8,4,4,4,4,0,0,0,0,0.03778037383177605,0.10925675675675776,0.0,0.9999999999999967,1.0,5,True,74,0.05869718309859155,0.09424601816506528,0.2949999999999996,0.013223130841121615,0.08102288732394367,0.11999999999999961,0.1,0.025,0.05,0.0,0.0
3.223951,90,28940.81802,medium,0.9420560747663551,2.942056074766355,2,900,8,4,4,4,4,0,0,0,0,0.005724299065420314,0.0,0.024499999999998943,0.8324324324324325,1.0,4,True,135,0.10938380281690141,0.10200350467289712,0.2698918918918919,0.0020035046728971097,0.1,0.09989189189189188,0.1,0.02,0.05,0.0,0.0
3.060011,87,28969.320307,medium,0.7550700934579435,2.7550700934579435,2,864,8,4,4,4,4,0,0,0,0,0.06182242990654141,0.008513513513513607,0.10079999999999857,0.8308558558558554,0.9999999999999971,4,True,102,0.08137323943661971,0.1216378504672895,0.26970270270270236,0.021637850467289492,0.1,0.09970270270270264,0.09999999999999973,0.02,0.05,0.0,0.0
4.271818,73,28992.86225,medium,1.0,4.0,3,728,8,4,4,4,4,0,0,0,0,0.009813084112149584,0.028378378378378526,0.0,1.0000000000000024,1.0,5,True,48,0.029577464788732393,0.04961767803080165,0.2950000000000003,0.003434579439252354,0.046183098591549294,0.12000000000000029,0.1,0.025,0.05,0.0,0.0
3.106474,90,29021.531649,medium,0.8154984423676013,2.815498442367601,2,900,8,4,4,4,4,0,0,0,0,0.01815420560747671,0.02979729729729746,0.033600000000000116,0.8718468468468454,0.9999999999999984,4,True,96,0.1115492957746479,0.10635397196261685,0.27462162162162135,0.006353971962616849,0.1,0.10462162162162146,0.09999999999999987,0.02,0.05,0.0,0.0
4.2937,72,29044.948372,medium,1.0,4.0,3,713,7,3,4,3,4,0,0,0,1,0.0,0.0,0.0,1.0,1.0,5,True,135,0.1305281690140845,0.07,0.295,0.0,0.1,0.12,0.1,0.025,0.05,0.0,0.03
4.319245,76,29069.811048,medium,1.0,4.0,3,753,8,4,4,4,4,0,0,0,0,0.03362928348909674,0.041441441441441434,0.0,1.0000000000000016,1.0,5,True,64,0.07436619718309859,0.09954489710850782,0.2950000000000002,0.011770249221183858,0.08777464788732396,0.12000000000000018,0.1,0.025,0.05,0.0,0.0
3.217733,90,29103.780146,medium,0.9376947040498442,2.9376947040498442,2,900,8,4,4,4,4,0,0,0,0,0.004742990654205601,0.013716216216216198,0.0,0.8198198198198192,1.0,4,True,119,0.1006161971830986,0.10166004672897197,0.2683783783783783,0.0016600467289719606,0.1,0.09837837837837829,0.1,0.02,0.05,0.0,0.0
4.328337,76,29127.997073,medium,1.0,4.0,3,758,8,4,4,4,4,0,0,0,0,0.026105919003115402,0.041441441441441434,0.05040000000000034,1.0000000000000016,0.9999999999999974,5,True,105,0.07721830985915493,0.10913707165109039,0.29499999999999993,0.00913707165109039,0.1,0.1200000000000002,0.09999999999999974,0.025,0.05,0.0,0.0
3.216989,90,29156.825718,medium,0.9376947040498442,2.9376947040498442,2,900,8,4,4,4,4,0,0,0,0,0.0026168224299065387,0.007567567567567558,0.0,0.8198198198198196,1.0,4,True,144,0.14112676056338028,0.10091588785046729,0.2683783783783783,0.0009158878504672885,0.1,0.09837837837837833,0.09999999999999999,0.02,0.05,0.0,0.0
3.031935,75,29180.436053,medium,0.7565420560747663,2.756542056074766,2,748,8,4,4,4,4,0,0,0,0,0.002943925233644856,0.008513513513513503,0.0,0.7013513513513511,1.0,3,True,104,0.08373239436619719,0.10103037383177571,0.24916216216216214,0.0010303738317756995,0.1,0.08416216216216214,0.1,0.015,0.05,0.0,0.0
0.585937,90,29208.480476,medium,0.4965732087227414,0.4965732087227414,0,900,8,4,4,4,4,0,0,0,0,0.0,0.0,0.0,0.38716216216216215,0.315,2,False,95,0.058538732394366196,0.09140404929577466,0.08795945945945947,0.0,0.09140404929577466,0.04645945945945947,0.0315,0.01,0.0,0.0,0.0
4.2716,64,29229.821332,medium,1.0,4.0,3,634,6,2,4,2,4,0,0,0,2,0.0,0.0,0.0,1.0,1.0,5,True,97,0.10147887323943662,0.04000000000000001,0.29500000000000004,0.0,0.1,0.12000000000000001,0.1,0.025,0.05,0.0,0.06
3.031992,80,29256.502468,medium,0.7886292834890966,2.7886292834890964,2,796,8,4,4,4,4,0,0,0,0,0.04661214953270984,0.018445945945945987,0.14419999999999802,0.38873873873873893,0.9999999999999961,2,True,94,0.09992957746478873,0.11631425233644845,0.2066486486486483,0.016314252336448443,0.1,0.046648648648648657,0.09999999999999962,0.01,0.05,0.0,0.0
3.184685,84,29289.16927,medium,0.9848286604361371,2.984828660436137,2,840,8,4,4,4,4,0,0,0,0,0.011775700934579504,0.03405405405405424,0.0,0.9561261261261257,1.0,3,True,0,0.0,0.004121495327102826,0.27973513513513504,0.004121495327102826,0.0,0.11473513513513504,0.1,0.015,0.05,0.0,0.0
3.035888,90,29318.328664,medium,0.79898753894081,2.79898753894081,2,900,8,4,4,4,4,0,0,0,0,0.047593457943923834,0.0,0.20369999999999402,0.4186936936936937,0.9999999999999972,2,True,78,0.09063380281690141,0.11665771028037335,0.210243243243243,0.016657710280373345,0.1,0.050243243243243245,0.09999999999999973,0.01,0.05,0.0,0.0
4.312969,79,29344.892119,medium,1.0,4.0,3,789,8,4,4,4,4,0,0,0,0,0.014556074766355238,0.04209459459459488,0.0,0.999999999999998,1.0,5,True,72,0.07436619718309859,0.0968692740555483,0.2949999999999997,0.005094626168224333,0.09177464788732397,0.11999999999999972,0.09999999999999999,0.025,0.05,0.0,0.0
1.78911,86,29372.215169,medium,0.6973520249221183,1.6973520249221183,1,852,8,4,4,4,4,0,0,0,0,0.009322429906542102,0.02695945945945959,0.0,0.8004504504504492,0.0,3,False,60,0.04352112676056338,0.06590369553771226,0.11105405405405387,0.003262850467289735,0.06264084507042253,0.09605405405405387,0.0,0.015,0.0,0.0,0.0
4.320869,81,29399.090225,medium,1.0,4.0,3,810,8,4,4,4,4,0,0,0,0,0.019626168224299217,0.008040540540540628,0.0,0.9999999999999998,1.0,5,True,137,0.12369718309859155,0.10686915887850473,0.295,0.006869158878504725,0.1,0.11999999999999998,0.1,0.025,0.05,0.0,0.0
3.227174,90,29428.97472,medium,0.9398753894080997,2.9398753894081,2,900,8,4,4,4,4,0,0,0,0,0.06249999999999942,0.03547297297297319,0.07699999999999667,0.8261261261261243,1.0,4,True,68,0.06971830985915493,0.108163732394366,0.26913513513513493,0.021874999999999797,0.0862887323943662,0.0991351351351349,0.1,0.02,0.05,0.0,0.0
1.642088,81,29460.438542,medium,0.5258566978193147,1.5258566978193147,1,808,8,4,4,4,4,0,0,0,0,0.0,0.0,0.0,0.46554054054054056,0.3616666666666667,1,False,115,0.10742957746478873,0.1,0.09703153153153153,0.0,0.1,0.05586486486486486,0.036166666666666666,0.005,0.0,0.0,0.0
4.189044,68,29482.533584,medium,1.0,4.0,3,676,4,2,2,2,2,0,0,0,4,0.06901869158878382,0.0,0.23029999999999431,1.0,0.9999999999999961,5,True,47,0.045316901408450704,-0.03835578188758762,0.2949999999999996,0.024156542056074336,0.05748767605633803,0.11999999999999998,0.09999999999999963,0.025,0.05,0.0,0.12
4.296646,72,29506.494147,medium,1.0,4.0,3,717,7,3,4,3,4,0,0,0,1,0.03892523364485841,0.01513513513513513,0.14419999999999378,1.0000000000000027,1.0,5,True,83,0.06429577464788733,0.07334566276161594,0.2950000000000003,0.013623831775700444,0.08972183098591549,0.1200000000000003,0.1,0.025,0.05,0.0,0.03
2.998059,87,29534.572456,medium,0.7368380062305296,2.7368380062305295,2,864,8,4,4,4,4,0,0,0,0,0.0593691588785034,0.016081081081081257,0.23029999999999431,0.6443693693693685,0.9999999999999961,3,True,69,0.06669014084507043,0.10529681124127901,0.24232432432432388,0.02077920560747619,0.08451760563380283,0.07732432432432423,0.09999999999999963,0.015,0.05,0.0,0.0
4.311188,77,29560.434048,medium,1.0,4.0,3,763,8,4,4,4,4,0,0,0,0,0.01537383177570099,0.010878378378378361,0.0,0.9999999999999996,1.0,5,True,83,0.06080985915492958,0.09248823548769253,0.295,0.005380841121495346,0.08710739436619719,0.11999999999999997,0.1,0.025,0.05,0.0,0.0
4.323347,79,29586.715023,medium,1.0,4.0,3,786,8,4,4,4,4,0,0,0,0,0.04398753894080955,0.04207207207207211,0.0,1.0000000000000018,1.0,5,True,79,0.06940140845070422,0.1069466949673115,0.29500000000000026,0.015395638629283342,0.09155105633802817,0.12000000000000023,0.1,0.025,0.05,0.0,0.0
0.424504,77,29616.903998,medium,0.369719626168224,0.369719626168224,0,761,8,4,4,4,4,0,0,0,0,0.006869158878504376,0.0,0.029399999999998733,0.5777027027027027,0.12739999999999874,2,False,31,0.027887323943661974,0.038819698565223014,0.09206432432432417,0.0024042056074765317,0.03641549295774648,0.0693243243243243,0.012739999999999873,0.01,0.0,0.0,0.0
1.744488,90,29646.876768,medium,0.6417445482866043,1.6417445482866042,1,900,8,4,4,4,4,0,0,0,0,0.008333333333333338,0.024099099099099113,0.0,0.6396396396396385,0.0,3,False,96,0.06676056338028169,0.10098708920187795,0.09175675675675662,0.002916666666666668,0.09807042253521128,0.07675675675675663,0.0,0.015,0.0,0.0,0.0
4.196191,79,29673.259687,medium,1.0,4.0,3,784,6,4,2,4,2,0,0,0,2,0.03614485981308382,0.014662162162162325,0.0,0.9999999999999992,1.0,5,True,28,0.017253521126760565,-0.02040915822035024,0.2949999999999999,0.012650700934579337,0.02694014084507042,0.11999999999999988,0.1,0.025,0.05,0.0,0.06
2.015953,90,29702.255847,medium,0.835981308411215,1.835981308411215,1,900,8,4,4,4,4,0,0,0,0,0.0,0.0,0.0,0.8198198198198198,0.5646666666666667,4,False,88,0.06816901408450704,0.09512676056338028,0.17484504504504503,0.0,0.09512676056338028,0.09837837837837837,0.056466666666666665,0.02,0.0,0.0,0.0
3.230212,90,29731.525062,medium,0.9376947040498442,2.9376947040498442,2,900,8,4,4,4,4,0,0,0,0,0.040397196261681895,0.0,0.03570000000000015,0.8198198198198198,0.9999999999999983,4,True,125,0.10485915492957747,0.11413901869158867,0.2683783783783782,0.014139018691588661,0.1,0.09837837837837836,0.09999999999999984,0.02,0.05,0.0,0.0
4.2096,66,29753.751842,medium,1.0,4.0,3,654,4,0,4,0,4,0,0,0,4,0.0,0.0,0.0,1.0,1.0,5,True,88,0.07985915492957746,-0.01999999999999999,0.29500000000000004,0.0,0.1,0.12000000000000001,0.1,0.025,0.05,0.0,0.12
2.82467,75,29777.579011,medium,0.5693146417445484,2.5693146417445485,2,742,8,4,4,4,4,0,0,0,0,0.00490654205607482,0.014189189189189344,0.0,0.5653153153153146,1.0,2,True,161,0.14232394366197182,0.1017172897196262,0.2278378378378378,0.0017172897196261869,0.1,0.06783783783783776,0.1,0.01,0.05,0.0,0.0
4.241156,82,29808.493262,medium,1.0,4.0,3,817,7,4,3,4,3,0,0,0,1,0.007788161993769475,0.022522522522522535,0.0,1.0000000000000027,1.0,5,True,51,0.03950704225352113,0.02785613838796016,0.2950000000000003,0.0027258566978193162,0.055130281690140844,0.12000000000000029,0.1,0.025,0.05,0.0,0.03
4.313934,86,29837.043481,medium,1.0,4.0,3,857,8,4,4,4,4,0,0,0,0,0.013239875389408098,0.03828828828828828,0.0,0.9999999999999981,1.0,5,True,92,0.07522887323943662,0.10463395638629285,0.29499999999999976,0.004633956386292834,0.1,0.11999999999999975,0.1,0.025,0.05,0.0,0.0
4.308121,74,29861.675148,medium,1.0,4.0,3,732,8,4,4,4,4,0,0,0,0,0.024026479750778887,0.021283783783783854,0.07133333333333332,1.0000000000000029,0.9999999999999963,5,True,71,0.05654929577464789,0.08632123974375851,0.295,0.008409267912772607,0.0779119718309859,0.12000000000000033,0.09999999999999964,0.025,0.05,0.0,0.0
4.33621,75,29886.08719,medium,1.0,4.0,3,747,8,4,4,4,4,0,0,0,0,0.05374610591900289,0.07313063063063102,0.0,1.000000000000002,1.0,5,True,78,0.07746478873239436,0.11590972862094681,0.2950000000000002,0.01881113707165101,0.0970985915492958,0.12000000000000022,0.1,0.025,0.05,0.0,0.0
3.127832,84,29914.180449,medium,0.8302180685358256,2.8302180685358254,2,837,8,4,4,4,4,0,0,0,0,0.06813862928348775,0.041441441441441434,0.23029999999999431,0.914414414414413,0.9999999999999961,4,True,66,0.05964788732394366,0.10158443574217847,0.27972972972972915,0.02384852024922071,0.07773591549295776,0.10972972972972951,0.09999999999999962,0.02,0.05,0.0,0.0
3.076064,84,29942.275413,medium,0.8556853582554517,2.8556853582554518,2,835,8,4,4,4,4,0,0,0,0,0.020443925233644827,0.05912162162162153,0.0,0.6727477477477453,1.0,3,True,53,0.03265845070422535,0.0581492118599447,0.24572972972972945,0.00715537383177569,0.05099383802816901,0.08072972972972943,0.1,0.015,0.05,0.0,0.0
4.3053,90,29975.484887,medium,1.0,4.0,3,897,8,4,4,4,4,0,0,0,0,0.0,0.0,0.0,1.0,1.0,5,True,96,0.09295774647887324,0.1,0.29499999999999993,0.0,0.1,0.11999999999999995,0.09999999999999999,0.025,0.05,0.0,0.0
2.142884,90,30003.723745,medium,0.9121962616822418,1.9121962616822419,1,900,8,4,4,4,4,0,0,0,0,0.03778037383177445,0.021283783783783965,0.13019999999999438,0.8198198198198198,0.890866666666661,4,False,81,0.09063380281690141,0.11322313084112107,0.20746504504504448,0.013223130841121056,0.1,0.09837837837837839,0.0890866666666661,0.02,0.0,0.0,0.0
4.236758,69,30025.704463,medium,1.0,4.0,3,687,5,1,4,1,4,0,0,0,3,0.0013084112149532854,0.0037837837837838254,0.0,1.0,1.0,5,True,78,0.09063380281690141,0.010457943925233665,0.295,0.0004579439252336499,0.1,0.12,0.1,0.025,0.05,0.0,0.09
4.332157,83,30051.449799,medium,1.0,4.0,3,826,8,4,4,4,4,0,0,0,0,0.05644859813084079,0.03689189189189219,0.048999999999997886,0.9999999999999981,1.0,5,True,114,0.09751760563380282,0.11975700934579428,0.29499999999999976,0.019757009345794274,0.1,0.11999999999999975,0.1,0.025,0.05,0.0,0.0
3.147707,90,30080.09422,medium,0.8819314641744548,2.8819314641744547,2,900,8,4,4,4,4,0,0,0,0,0.03356697819314648,0.0,0.14366666666666694,0.6585585585585586,0.9999999999999961,3,True,136,0.12691901408450704,0.11174844236760127,0.2440270270270266,0.011748442367601267,0.1,0.07902702702702703,0.0999999999999996,0.015,0.05,0.0,0.0
3.227006,90,30108.966998,medium,0.8979750778816199,2.89797507788162,2,900,8,4,4,4,4,0,0,0,0,0.06866043613707042,0.04114864864864892,0.23029999999999431,0.999999999999998,0.9999999999999961,5,True,122,0.10783450704225352,0.12403115264797465,0.2949999999999993,0.024031152647974643,0.1,0.1199999999999997,0.0999999999999996,0.025,0.05,0.0,0.0
3.13087,90,30142.17324,medium,0.8547507788161994,2.854750778816199,2,900,8,4,4,4,4,0,0,0,0,0.021425233644859962,0.03689189189189215,0.03710000000000017,0.9238738738738722,0.9999999999999982,4,True,70,0.05700704225352113,0.08525411346584183,0.28086486486486445,0.007498831775700986,0.07775528169014084,0.11086486486486462,0.09999999999999983,0.02,0.05,0.0,0.0
4.296276,72,30164.952496,medium,1.0,4.0,3,713,7,3,4,3,4,0,0,0,1,0.007359813084112174,0.0,0.0,1.0,1.0,5,True,169,0.14998239436619717,0.07257593457943927,0.29500000000000004,0.0025759345794392607,0.1,0.12000000000000002,0.1,0.025,0.05,0.0,0.03
2.955799,90,30194.676939,medium,0.6936059190031152,2.693605919003115,2,900,8,4,4,4,4,0,0,0,0,0.04665887850467227,0.029932432432432286,0.15539999999999754,0.5905180180180171,0.9999999999999961,3,True,143,0.11431338028169014,0.1163306074766353,0.23586216216216166,0.016330607476635294,0.1,0.07086216216216204,0.0999999999999996,0.015,0.05,0.0,0.0
4.336456,87,30222.311442,medium,1.0,4.0,3,864,8,4,4,4,4,0,0,0,0,0.07958722741432987,0.07738738738738778,0.15749999999999717,0.9999999999999963,0.9999999999999962,5,True,130,0.11130281690140845,0.12785552959501545,0.29499999999999915,0.027855529595015454,0.1,0.11999999999999955,0.09999999999999962,0.025,0.05,0.0,0.0
4.325787,79,30248.483173,medium,1.0,4.0,3,782,8,4,4,4,4,0,0,0,0,0.02567757009345821,0.040202702702702965,0.0,0.9999999999999998,1.0,5,True,94,0.09140845070422535,0.10898714953271038,0.295,0.008987149532710372,0.1,0.11999999999999995,0.1,0.025,0.05,0.0,0.0
4.273566,72,30271.610812,medium,1.0,4.0,3,715,7,3,4,3,4,0,0,0,1,0.009649532710280424,0.027905405405405547,0.0,1.0000000000000024,1.0,5,True,61,0.061584507042253524,0.05006571673028831,0.29500000000000026,0.0033773364485981477,0.07668838028169016,0.12000000000000026,0.1,0.025,0.05,0.0,0.03
4.2279,48,30287.632955,medium,1.0,4.0,3,471,4,0,4,0,4,0,0,0,4,0.0,0.0,0.0,1.0,1.0,5,True,128,0.11014084507042253,-0.01999999999999999,0.295,0.0,0.1,0.11999999999999998,0.1,0.025,0.05,0.0,0.12
3.068161,79,30318.045706,medium,0.8463395638629283,2.8463395638629283,2,787,8,4,4,4,4,0,0,0,0,0.010303738317757064,0.029797297297297454,0.0,0.7355855855855848,1.0,2,True,45,0.03485915492957747,0.05225067460839808,0.24827027027027015,0.003606308411214972,0.048644366197183105,0.08827027027027015,0.1,0.01,0.05,0.0,0.0
0.449403,78,30343.203563,medium,0.3808411214953271,0.3808411214953271,0,780,8,4,4,4,4,0,0,0,0,0.0191355140186917,0.0,0.0,0.2905405405405405,0.0,1,False,96,0.07225352112676056,0.1066974299065421,0.03986486486486486,0.006697429906542094,0.1,0.03486486486486486,0.0,0.005,0.0,0.0,0.0
4.335419,76,30367.82813,medium,1.0,4.0,3,752,8,4,4,4,4,0,0,0,0,0.04462616822429919,0.041441441441441434,0.12966666666666693,1.0000000000000016,0.9999999999999961,5,True,93,0.09496478873239436,0.11561915887850471,0.2949999999999998,0.015619158878504714,0.1,0.12000000000000019,0.0999999999999996,0.025,0.05,0.0,0.0
2.172367,90,30397.104701,medium,0.9249299065420556,1.9249299065420558,1,900,8,4,4,4,4,0,0,0,0,0.022671339563862566,0.041441441441441434,0.035699999999998455,0.986936936936938,0.9106999999999984,4,False,164,0.1495774647887324,0.1079349688473519,0.22950243243243237,0.007934968847351898,0.1,0.11843243243243251,0.09106999999999987,0.02,0.0,0.0,0.0
4.257093,76,30422.247453,medium,1.0,4.0,3,757,6,4,2,4,2,0,0,0,2,0.08605140186915745,0.0,0.23029999999999431,1.0,0.9999999999999961,5,True,58,0.0515669014084507,0.03779316671054313,0.2949999999999996,0.030117990654205107,0.06767517605633802,0.12,0.09999999999999962,0.025,0.05,0.0,0.06
1.973024,90,30452.131333,medium,0.8125389408099688,1.8125389408099688,1,900,8,4,4,4,4,0,0,0,0,0.007788161993769475,0.022522522522522535,0.0,0.8198198198198187,0.4643333333333333,4,False,76,0.05992957746478873,0.08567303979641086,0.16481171171171155,0.0027258566978193162,0.08294718309859155,0.09837837837837822,0.04643333333333333,0.02,0.0,0.0,0.0
4.251823,71,30480.32987,medium,1.0,4.0,3,706,6,2,4,2,4,0,0,0,2,0.0003271028037383181,0.000945945945945947,0.0,1.0000000000000002,1.0,5,True,81,0.062411971830985916,0.027423464854547844,0.295,0.00011448598130841133,0.08730897887323943,0.11999999999999998,0.1,0.025,0.05,0.0,0.06
1.69881,90,30509.700648,medium,0.6007242990654205,1.6007242990654205,1,899,8,4,4,4,4,0,0,0,0,0.044182242990654236,0.034527027027026945,0.0,0.521013513513512,0.0,2,False,150,0.13492957746478873,0.115463785046729,0.07252162162162143,0.015463785046728984,0.1,0.06252162162162143,0.0,0.01,0.0,0.0,0.0
3.221822,90,30538.740391,medium,0.9376947040498442,2.9376947040498442,2,900,8,4,4,4,4,0,0,0,0,0.03711059190031165,0.016554054054054145,0.1343333333333336,0.819819819819819,0.9999999999999961,4,True,82,0.06901408450704226,0.10574927054539078,0.2683783783783779,0.012988707165109076,0.0927605633802817,0.09837837837837828,0.09999999999999963,0.02,0.05,0.0,0.0
4.270187,77,30563.674422,medium,1.0,4.0,3,767,8,4,4,4,4,0,0,0,0,0.0,0.0,0.0,1.0,1.0,5,True,48,0.03718309859154929,0.051887323943661974,0.295,0.0,0.051887323943661974,0.12,0.1,0.025,0.05,0.0,0.0
3.123357,90,30591.737219,medium,0.8678348909657321,2.867834890965732,2,900,8,4,4,4,4,0,0,0,0,0.06656542056074737,0.13290540540540607,0.0,0.8198198198198152,1.0,4,True,53,0.036461267605633806,0.07714384790048692,0.26837837837837786,0.023297897196261578,0.05384595070422535,0.09837837837837783,0.1,0.02,0.05,0.0,0.0
4.24989,73,30615.059871,medium,1.0,4.0,3,722,6,4,2,4,2,0,0,0,2,0.07354361370716522,0.10434684684684702,0.022333333333333337,0.9999999999999951,0.9999999999999991,5,True,51,0.047799295774647886,0.027089736628493732,0.2949999999999993,0.025740264797507826,0.06134947183098591,0.11999999999999941,0.09999999999999992,0.025,0.05,0.0,0.06
2.064247,90,30648.165139,medium,0.8208644859813071,1.820864485981307,1,900,8,4,4,4,4,0,0,0,0,0.0593691588785034,0.04020270270270301,0.19459999999999392,0.9459684684684669,0.9132666666666582,3,False,82,0.06901408450704226,0.11353976898775787,0.21984288288288184,0.02077920560747619,0.09276056338028169,0.11351621621621598,0.09132666666666585,0.015,0.0,0.0,0.0
4.328949,78,30672.972088,medium,1.0,4.0,3,779,8,4,4,4,4,0,0,0,0,0.03385514018691596,0.0297972972972976,0.0,0.9999999999999998,1.0,5,True,168,0.1428169014084507,0.1118492990654206,0.295,0.011849299065420588,0.1,0.11999999999999998,0.1,0.025,0.05,0.0,0.0
3.201712,90,30701.140016,medium,0.9179127725856698,2.91791277258567,2,892,8,4,4,4,4,0,0,0,0,0.04710280373831711,0.08466216216216249,0.0762999999999967,0.7626126126126088,1.0,3,True,126,0.11153169014084507,0.116485981308411,0.25651351351351304,0.016485981308410988,0.1,0.09151351351351303,0.1,0.015,0.05,0.0,0.0
3.236064,87,30728.589472,medium,0.9567445482866044,2.956744548286604,2,864,8,4,4,4,4,0,0,0,0,0.05315420560747576,0.031216216216216203,0.18129999999999627,0.8749099099099086,0.9999999999999961,4,True,72,0.04816901408450704,0.0907307325259968,0.27498918918918863,0.01860397196261651,0.07212676056338028,0.10498918918918902,0.09999999999999962,0.02,0.05,0.0,0.0
4.326796,82,30753.575007,medium,1.0,4.0,3,820,8,4,4,4,4,0,0,0,0,0.03941588785046693,0.021283783783783854,0.0,0.999999999999999,1.0,5,True,108,0.10035211267605634,0.11379556074766344,0.2949999999999999,0.013795560747663424,0.1,0.11999999999999988,0.1,0.025,0.05,0.0,0.0
4.245013,83,30780.575747,medium,1.0,4.0,3,827,8,4,4,4,4,0,0,0,0,0.0,0.0,0.0,1.0,1.0,5,True,34,0.020950704225352113,0.032713028169014086,0.295,0.0,0.032713028169014086,0.12,0.1,0.025,0.05,0.0,0.0
4.267427,83,30812.484995,medium,1.0,4.0,3,821,8,4,4,4,4,0,0,0,0,0.010630841121495385,0.030743243243243408,0.0,0.9999999999999983,1.0,5,True,47,0.036408450704225354,0.05452713242069239,0.29499999999999976,0.003720794392523384,0.05080633802816901,0.11999999999999977,0.1,0.025,0.05,0.0,0.0
4.30902,73,30835.924905,medium,1.0,4.0,3,723,8,4,4,4,4,0,0,0,0,0.005724299065420565,0.016554054054054065,0.0,1.0000000000000029,1.0,5,True,78,0.06042253521126761,0.0863204060813479,0.2950000000000003,0.0020035046728971977,0.0843169014084507,0.12000000000000031,0.1,0.025,0.05,0.0,0.0
3.188926,90,30914.659907,medium,0.9034267912772586,2.9034267912772584,2,900,8,4,4,4,4,0,0,0,0,0.054322429906541174,0.0,0.09449999999999592,0.7207207207207207,1.0,4,True,81,0.09411971830985916,0.11901285046728942,0.2564864864864865,0.01901285046728941,0.1,0.08648648648648646,0.1,0.02,0.05,0.0,0.0
3.049301,87,30943.417103,medium,0.7700934579439253,2.770093457943925,2,864,8,4,4,4,4,0,0,0,0,0.058956386292834756,0.0,0.11899999999999915,0.6664414414414415,0.9999999999999959,3,True,93,0.08295774647887325,0.12063473520249217,0.24497297297297255,0.020634735202492163,0.1,0.07997297297297297,0.09999999999999959,0.015,0.05,0.0,0.0
3.082179,90,30973.189201,medium,0.804595015576324,2.804595015576324,2,900,8,4,4,4,4,0,0,0,0,0.0,0.0,0.0,0.8403153153153153,1.0,4,True,98,0.06366197183098592,0.09674647887323945,0.2708378378378378,0.0,0.09674647887323945,0.10083783783783784,0.1,0.02,0.05,0.0,0.0
3.144125,77,30998.49176,medium,0.8363473520249222,2.836347352024922,2,769,8,4,4,4,4,0,0,0,0,0.021752336448598163,0.0629054054054055,0.0,0.9321396396396373,1.0,4,True,87,0.06894366197183098,0.10282106423588258,0.2818567567567564,0.007613317757009357,0.09520774647887323,0.11185675675675645,0.09999999999999999,0.02,0.05,0.0,0.0
3.211681,90,31032.418937,medium,0.9277570093457941,2.927757009345794,2,900,8,4,4,4,4,0,0,0,0,0.019462616822429214,0.009459459459459484,0.0,0.9202702702702698,1.0,3,True,81,0.0682394366197183,0.09849149335263895,0.2754324324324324,0.006811915887850225,0.09167957746478872,0.11043243243243235,0.1,0.015,0.05,0.0,0.0
4.317331,82,31059.016399,medium,1.0,4.0,3,819,8,4,4,4,4,0,0,0,0,0.017601246105918993,0.050900900900900874,0.0,1.0000000000000016,1.0,5,True,96,0.06676056338028169,0.10423085867228292,0.2950000000000002,0.0061604361370716475,0.09807042253521127,0.12000000000000019,0.1,0.025,0.05,0.0,0.0
4.294638,75,31083.090935,medium,1.0,4.0,3,748,8,4,4,4,4,0,0,0,0,0.01929906542056082,0.006148648648648644,0.0,0.9999999999999996,1.0,5,True,61,0.049577464788732394,0.07443777148874559,0.29499999999999993,0.006754672897196287,0.06768309859154929,0.11999999999999994,0.09999999999999999,0.025,0.05,0.0,0.0
4.269562,71,31105.264795,medium,1.0,4.0,3,706,6,2,4,2,4,0,0,0,2,0.01782710280373845,0.051554054054054436,0.0,1.0000000000000013,1.0,5,True,77,0.08056338028169015,0.04516202119257606,0.29500000000000015,0.006239485981308458,0.0989225352112676,0.12000000000000015,0.1,0.025,0.05,0.0,0.06
4.306432,80,31131.670363,medium,1.0,4.0,3,793,8,4,4,4,4,0,0,0,0,0.0448130841121486,0.0,0.191799999999996,1.0,0.9999999999999959,5,True,78,0.04806338028169014,0.09073211465051961,0.2949999999999996,0.01568457943925201,0.0750475352112676,0.11999999999999998,0.0999999999999996,0.025,0.05,0.0,0.0
1.645609,77,31155.721247,medium,0.6074766355140186,1.6074766355140186,1,766,8,4,4,4,4,0,0,0,0,0.0062149532710280495,0.017972972972973008,0.0,0.5405405405405397,0.0,3,False,31,0.022922535211267605,0.03486713505331052,0.07986486486486474,0.0021752336448598174,0.032691901408450706,0.06486486486486474,0.0,0.015,0.0,0.0,0.0
4.135944,60,31175.299259,medium,1.0,4.0,3,598,3,1,2,1,2,0,0,0,5,0.02322429906541956,0.0,0.09939999999999571,1.0,1.0,5,True,12,0.008820422535211267,-0.0992561784256947,0.295,0.008128504672896844,0.012615316901408451,0.11999999999999998,0.1,0.025,0.05,0.0,0.12
4.21181,80,31206.04211,medium,1.0,4.0,3,798,7,4,3,4,3,0,0,0,1,0.04657320872274156,0.041441441441441434,0.0,1.0000000000000016,1.0,5,True,9,0.007746478873239437,-0.0033895177921108785,0.29500000000000015,0.016300623052959543,0.010309859154929577,0.12000000000000013,0.09999999999999999,0.025,0.05,0.0,0.03
4.252202,66,31227.877734,medium,1.0,4.0,3,652,5,2,3,2,3,0,0,0,3,0.05380841121495289,0.0,0.0931000000000001,1.0,0.9999999999999959,5,True,73,0.07609154929577465,0.022401605897064483,0.29499999999999965,0.01883294392523351,0.09356866197183097,0.12000000000000002,0.0999999999999996,0.025,0.05,0.0,0.09
4.325204,73,31251.84896,medium,1.0,4.0,3,722,8,4,4,4,4,0,0,0,0,0.006869158878504692,0.0,0.029400000000000082,1.0,0.9999999999999987,5,True,88,0.09295774647887324,0.10240420560747665,0.2949999999999999,0.002404205607476642,0.1,0.11999999999999997,0.09999999999999988,0.025,0.05,0.0,0.0
4.33422,78,31276.879195,medium,1.0,4.0,3,772,8,4,4,4,4,0,0,0,0,0.059299065420560425,0.0797297297297299,0.0,1.0000000000000002,1.0,5,True,82,0.07288732394366197,0.11642016585494264,0.29500000000000004,0.020754672897196146,0.09566549295774648,0.12000000000000004,0.1,0.025,0.05,0.0,0.0
3.13707,83,31304.219503,medium,0.8339797507788161,2.8339797507788163,2,828,8,4,4,4,4,0,0,0,0,0.0484112149532702,0.014662162162162155,0.17639999999999662,0.824549549549549,0.9999999999999961,4,True,96,0.07985915492957746,0.11694392523364458,0.2689459459459455,0.016943925233644568,0.1,0.09894594594594588,0.09999999999999962,0.02,0.05,0.0,0.0
4.303638,86,31331.569162,medium,1.0,4.0,3,860,8,4,4,4,4,0,0,0,0,0.056152647975078004,0.041441441441441434,0.041000000000000016,0.999999999999998,0.999999999999998,5,True,69,0.05397887323943662,0.09463758172085476,0.29499999999999954,0.019653426791277295,0.07498415492957747,0.11999999999999972,0.09999999999999981,0.025,0.05,0.0,0.0
4.32636,79,31356.492832,medium,1.0,4.0,3,786,8,4,4,4,4,0,0,0,0,0.028457943925233892,0.0,0.060900000000000405,1.0,0.999999999999997,5,True,130,0.11169014084507042,0.10996028037383186,0.2949999999999997,0.009960280373831861,0.1,0.11999999999999998,0.0999999999999997,0.025,0.05,0.0,0.0
3.252223,90,31389.013727,medium,0.9819080996884736,2.9819080996884737,2,900,8,4,4,4,4,0,0,0,0,0.004415887850467331,0.012770270270270391,0.0,0.947680180180181,1.0,4,True,78,0.04806338028169014,0.07659309595893117,0.28372162162162173,0.001545560747663566,0.0750475352112676,0.11372162162162172,0.1,0.02,0.05,0.0,0.0
3.160606,78,31412.93203,medium,0.8900778816199377,2.8900778816199377,2,780,8,4,4,4,4,0,0,0,0,0.039711838006230675,0.017027027027027214,0.03010000000000009,0.6821171171171164,0.9999999999999987,3,True,64,0.07436619718309859,0.10167379118950469,0.2468540540540538,0.013899143302180733,0.08777464788732396,0.08185405405405397,0.09999999999999987,0.015,0.05,0.0,0.0
3.143318,90,31440.907183,medium,0.8901869158878505,2.8901869158878504,2,900,8,4,4,4,4,0,0,0,0,0.01242990654205615,0.0,0.0,0.6824324324324325,1.0,3,True,67,0.07785211267605634,0.09623955179676191,0.24689189189189187,0.004350467289719651,0.09188908450704227,0.08189189189189189,0.1,0.015,0.05,0.0,0.0
4.150178,69,31463.006006,medium,1.0,4.0,3,689,4,3,1,3,1,0,0,0,4,0.03189252336448605,0.053445945945945914,0.0035000000000000022,0.9999999999999978,0.9999999999999999,5,True,24,0.027887323943661974,-0.0759221238646834,0.2949999999999997,0.011162383177570116,0.03291549295774648,0.11999999999999973,0.09999999999999999,0.025,0.05,0.0,0.12
4.34021,77,31487.897751,medium,1.0,4.0,3,767,8,4,4,4,4,0,0,0,0,0.0626012461059192,0.04995495495495493,0.0,1.0000000000000013,1.0,5,True,96,0.07605633802816901,0.12191043613707173,0.2950000000000001,0.021910436137071717,0.1,0.1200000000000001,0.1,0.025,0.05,0.0,0.0
3.150968,90,31516.51282,medium,0.9034267912772586,2.9034267912772584,2,899,8,4,4,4,4,0,0,0,0,0.028068535825544604,0.031981981981981975,0.0,0.7207207207207209,1.0,4,True,68,0.04950704225352113,0.08095426922908146,0.2564864864864865,0.00982398753894061,0.07113028169014085,0.08648648648648649,0.1,0.02,0.05,0.0,0.0
4.309977,88,31549.139278,medium,1.0,4.0,3,880,8,4,4,4,4,0,0,0,0,0.008504672897196298,0.0245945945945947,0.0,0.9999999999999988,1.0,5,True,80,0.08859154929577465,0.10297663551401871,0.29499999999999976,0.0029766355140187044,0.1,0.11999999999999979,0.09999999999999999,0.025,0.05,0.0,0.0
4.242292,67,31569.817995,medium,1.0,4.0,3,662,5,1,4,1,4,0,0,0,3,0.009976635514018744,0.0,0.0,1.0,1.0,5,True,96,0.08915492957746479,0.01349182242990657,0.295,0.0034918224299065603,0.1,0.12,0.09999999999999999,0.025,0.05,0.0,0.09
4.274977,64,31590.188459,medium,1.0,4.0,3,634,6,2,4,2,4,0,0,0,2,0.009649532710280424,0.0,0.0,1.0,1.0,5,True,128,0.11105633802816901,0.04337733644859816,0.295,0.003377336448598148,0.1,0.12,0.1,0.025,0.05,0.0,0.06
4.332771,79,31614.549667,medium,1.0,4.0,3,786,8,4,4,4,4,0,0,0,0,0.04677570093457914,0.021283783783783854,0.13509999999999844,0.999999999999999,0.9999999999999959,5,True,106,0.09140845070422535,0.1163714953271027,0.2949999999999995,0.0163714953271027,0.1,0.11999999999999988,0.09999999999999959,0.025,0.05,0.0,0.0
3.11374,90,31643.893564,medium,0.8580218068535825,2.8580218068535825,2,898,8,4,4,4,4,0,0,0,0,0.027967289719625962,0.0,0.11969999999999911,0.5894144144144144,0.9999999999999959,3,True,110,0.08690140845070422,0.10978855140186909,0.23572972972972928,0.009788551401869086,0.1,0.07072972972972971,0.09999999999999959,0.015,0.05,0.0,0.0
3.297882,90,31673.117826,medium,0.9834890965732087,2.9834890965732086,2,900,8,4,4,4,4,0,0,0,0,0.05749221183800579,0.041441441441441434,0.0923333333333334,0.9522522522522504,0.9999999999999961,4,True,96,0.10225352112676056,0.12012227414330204,0.28427027027026963,0.020122274143302026,0.1,0.11427027027027004,0.09999999999999962,0.02,0.05,0.0,0.0
3.051237,90,31706.594015,medium,0.7673676012461059,2.767367601246106,2,900,8,4,4,4,4,0,0,0,0,0.05985981308411056,0.021283783783783854,0.11759999999999493,0.7326576576576567,1.0,3,True,140,0.12501760563380282,0.1209509345794387,0.25291891891891877,0.02095093457943869,0.1,0.08791891891891877,0.1,0.015,0.05,0.0,0.0
3.0862,90,31735.407848,medium,0.8073208722741433,2.8073208722741434,2,900,8,4,4,4,4,0,0,0,0,0.010957943925233724,0.011351351351351477,0.03010000000000017,0.8481981981981975,0.9999999999999984,4,True,68,0.07901408450704225,0.09709584375411348,0.2717837837837836,0.003835280373831803,0.09326056338028167,0.10178378378378372,0.09999999999999985,0.02,0.05,0.0,0.0
3.026413,78,31759.934514,medium,0.8045171339563862,2.804517133956386,2,773,8,4,4,4,4,0,0,0,0,0.021261682242990656,0.06148648648648649,0.0,0.8400900900900874,1.0,3,True,24,0.018591549295774647,0.03338525075687772,0.2658108108108105,0.007441588785046728,0.025943661971830987,0.10081081081081049,0.09999999999999999,0.015,0.05,0.0,0.0
4.352728,74,31783.389589,medium,1.0,4.0,3,732,8,4,4,4,4,0,0,0,0,0.08836448598130678,0.020945945945945958,0.23029999999999431,1.0000000000000027,0.9999999999999961,5,True,120,0.10014084507042254,0.13092757009345737,0.2949999999999999,0.03092757009345737,0.1,0.12000000000000027,0.09999999999999962,0.025,0.05,0.0,0.0
4.2364,70,31805.275393,medium,1.0,4.0,3,692,5,1,4,1,4,0,0,0,3,0.001713395638629284,0.0,0.0,1.0,1.0,5,True,74,0.0852112676056338,0.01059968847352026,0.29500000000000004,0.0005996884735202493,0.1,0.12000000000000002,0.1,0.025,0.05,0.0,0.09
3.025189,90,31834.312913,medium,0.7292834890965733,2.729283489096573,2,900,8,4,4,4,4,0,0,0,0,0.05007788161993782,0.041441441441441434,0.15300000000000027,0.8198198198198178,0.9999999999999961,4,True,144,0.13014084507042253,0.11752725856697824,0.2683783783783777,0.017527258566978236,0.1,0.0983783783783781,0.09999999999999962,0.02,0.05,0.0,0.0
0.491827,77,31859.785707,medium,0.4070093457943925,0.4070093457943925,0,761,8,4,4,4,4,0,0,0,0,0.0342056074766356,0.005675675675675738,0.0,0.3662162162162162,0.0,1,False,115,0.09705985915492958,0.11197196261682246,0.04894594594594593,0.011971962616822459,0.1,0.04394594594594593,0.0,0.005,0.0,0.0,0.0
4.272013,82,31890.931107,medium,1.0,4.0,3,816,7,4,3,4,3,0,0,0,1,0.056098130841120565,0.007094594594594288,0.17149999999999685,1.0,0.9999999999999959,5,True,60,0.05197183098591549,0.05861321903382882,0.2949999999999996,0.019634345794392195,0.06897887323943662,0.11999999999999998,0.09999999999999959,0.025,0.05,0.0,0.03
4.282085,65,31912.226466,medium,1.0,4.0,3,642,6,2,4,2,4,0,0,0,2,0.03224299065420567,0.0,0.0,1.0,1.0,5,True,118,0.1003169014084507,0.051285046728971995,0.295,0.011285046728971985,0.1,0.12,0.1,0.025,0.05,0.0,0.06
3.17096,90,31941.034946,medium,0.8598130841121495,2.8598130841121496,2,900,8,4,4,4,4,0,0,0,0,0.048901869158877384,0.0,0.2092999999999952,1.0,0.9999999999999961,5,True,70,0.07204225352112677,0.10614734434645216,0.2949999999999996,0.017115654205607084,0.08903169014084508,0.12000000000000001,0.0999999999999996,0.025,0.05,0.0,0.0
4.314601,88,31968.739916,medium,1.0,4.0,3,875,8,4,4,4,4,0,0,0,0,0.04769470404984386,0.041441441441441434,0.14279999999999812,1.0000000000000016,0.9999999999999959,5,True,91,0.05987676056338028,0.10710071683998057,0.2949999999999998,0.01669314641744535,0.09040757042253522,0.1200000000000002,0.0999999999999996,0.025,0.05,0.0,0.0
2.992099,85,31995.984997,medium,0.7669003115264797,2.76690031152648,2,841,8,4,4,4,4,0,0,0,0,0.020443925233644095,0.006148648648648716,0.07839999999999661,0.654054054054054,1.0,3,True,58,0.03954225352112676,0.0658120639726205,0.24348648648648646,0.007155373831775432,0.05865669014084507,0.07848648648648647,0.1,0.015,0.05,0.0,0.0
4.299702,90,32024.609972,medium,1.0,4.0,3,897,8,4,4,4,4,0,0,0,0,0.024610591900311587,0.0,0.0,1.0,1.0,5,True,82,0.05971830985915493,0.09440243955947525,0.295,0.008613707165109057,0.0857887323943662,0.11999999999999998,0.1,0.025,0.05,0.0,0.0
4.333679,73,32052.172812,medium,1.0,4.0,3,725,8,4,4,4,4,0,0,0,0,0.03193925233644868,0.030405405405405407,0.0,1.0000000000000022,1.0,5,True,96,0.07985915492957746,0.11117873831775704,0.29500000000000026,0.011178738317757038,0.1,0.12000000000000025,0.1,0.025,0.05,0.0,0.0
3.052718,88,32080.643365,medium,0.7695482866043614,2.7695482866043615,2,879,8,4,4,4,4,0,0,0,0,0.055903426791276016,0.0,0.2225999999999947,0.7389639639639639,0.9999999999999959,3,True,84,0.07443661971830987,0.11739366416567901,0.2536756756756753,0.019566199376946605,0.0978274647887324,0.08867567567567568,0.09999999999999962,0.015,0.05,0.0,0.0
3.141221,77,32105.292079,medium,0.8687616822429904,2.86876168224299,2,765,8,4,4,4,4,0,0,0,0,0.027149532710280352,0.04493243243243217,0.049700000000000286,0.620472972972971,0.9999999999999976,3,True,95,0.07382042253521126,0.10950233644859814,0.23945675675675626,0.009502336448598124,0.1,0.07445675675675652,0.09999999999999977,0.015,0.05,0.0,0.0
4.336133,77,32129.264799,medium,1.0,4.0,3,767,8,4,4,4,4,0,0,0,0,0.050950155763239864,0.041441441441441434,0.05033333333333333,1.0000000000000016,0.9999999999999976,5,True,116,0.09003521126760564,0.11783255451713395,0.29499999999999993,0.017832554517133954,0.1,0.12000000000000018,0.09999999999999976,0.025,0.05,0.0,0.0
1.623792,80,32154.297902,medium,0.5176713395638628,1.5176713395638628,1,792,8,4,4,4,4,0,0,0,0,0.023224299065419896,0.019391891891891628,0.0,0.44975225225225146,0.35,2,False,75,0.054295774647887325,0.08635033565881246,0.09897027027027018,0.008128504672896964,0.0782218309859155,0.05397027027027018,0.035,0.01,0.0,0.0,0.0
4.272584,72,32176.76283,medium,1.0,4.0,3,718,7,3,4,3,4,0,0,0,1,0.008341121495327123,0.02412162162162168,0.0,1.0000000000000027,1.0,5,True,68,0.05661971830985915,0.04938418125575887,0.29500000000000026,0.002919392523364493,0.07646478873239437,0.12000000000000029,0.09999999999999999,0.025,0.05,0.0,0.03
1.641433,90,32210.262413,medium,0.5228193146417446,1.5228193146417446,1,900,8,4,4,4,4,0,0,0,0,0.02355140186915859,0.0,0.0,0.656981981981982,0.06533333333333333,3,False,183,0.16024647887323942,0.1082429906542055,0.10037117117117118,0.008242990654205504,0.1,0.07883783783783785,0.006533333333333334,0.015,0.0,0.0,0.0
4.283726,73,32234.190534,medium,1.0,4.0,3,724,8,4,4,4,4,0,0,0,0,0.028948598130841385,0.040202702702702965,0.0,1.0000000000000018,1.0,5,True,53,0.03265845070422535,0.06112584737396351,0.2950000000000002,0.010132009345794484,0.05099383802816902,0.12000000000000022,0.1,0.025,0.05,0.0,0.0
4.32865,78,32259.91949,medium,1.0,4.0,3,780,8,4,4,4,4,0,0,0,0,0.046285046728971165,0.0350000000000002,0.08679999999999857,0.9999999999999983,0.9999999999999978,5,True,84,0.07126760563380281,0.111650470580492,0.2949999999999996,0.016199766355139904,0.0954507042253521,0.11999999999999982,0.09999999999999978,0.025,0.05,0.0,0.0
4.296205,89,32288.62601,medium,1.0,4.0,3,890,8,4,4,4,4,0,0,0,0,0.050373831775700116,0.018918918918919128,0.18759999999999616,0.999999999999999,0.9999999999999959,5,True,58,0.058098591549295774,0.09020478478346688,0.2949999999999995,0.01763084112149504,0.07257394366197184,0.11999999999999987,0.0999999999999996,0.025,0.05,0.0,0.0
4.334874,75,32312.044294,medium,1.0,4.0,3,743,8,4,4,4,4,0,0,0,0,0.04049844236760094,0.03103603603603616,0.0,1.0000000000000013,1.0,5,True,77,0.08674295774647887,0.11417445482866033,0.2950000000000002,0.014174454828660327,0.1,0.12000000000000018,0.1,0.025,0.05,0.0,0.0
4.352178,77,32337.345511,medium,1.0,4.0,3,765,8,4,4,4,4,0,0,0,0,0.10038161993769361,0.041441441441441434,0.23029999999999431,1.0000000000000016,0.9999999999999961,5,True,82,0.07672535211267606,0.1336775810626998,0.2949999999999998,0.03513356697819276,0.09854401408450705,0.12000000000000019,0.09999999999999962,0.025,0.05,0.0,0.0
3.23446,90,32366.313898,medium,0.9638629283489096,2.9638629283489095,2,900,8,4,4,4,4,0,0,0,0,0.05070093457943903,0.0014189189189189348,0.0,0.8954954954954953,1.0,4,True,57,0.049190140845070424,0.08313793273660648,0.2774594594594594,0.01774532710280366,0.06539260563380282,0.1074594594594594,0.1,0.02,0.05,0.0,0.0
1.635295,83,32398.832285,medium,0.5658878504672897,1.5658878504672897,1,828,8,4,4,4,4,0,0,0,0,0.0,0.0,0.0,0.42027027027027025,0.0,2,False,72,0.07436619718309859,0.09177464788732397,0.060432432432432424,0.0,0.09177464788732397,0.05043243243243242,0.0,0.01,0.0,0.0,0.0
3.157235,84,32426.328112,medium,0.8465732087227414,2.8465732087227416,2,834,8,4,4,4,4,0,0,0,0,0.06813862928348782,0.041441441441441434,0.23029999999999431,0.9617117117117097,0.9999999999999961,4,True,69,0.06707746478873239,0.10865661884077003,0.28540540540540477,0.023848520249220743,0.0848080985915493,0.11540540540540513,0.09999999999999962,0.02,0.05,0.0,0.0
4.330476,84,32453.909928,medium,1.0,4.0,3,833,8,4,4,4,4,0,0,0,0,0.05364485981308293,0.031216216216216227,0.18339999999999482,0.9999999999999988,0.9999999999999972,5,True,108,0.10855633802816901,0.11877570093457904,0.2949999999999996,0.018775700934579025,0.1,0.11999999999999983,0.09999999999999974,0.025,0.05,0.0,0.0
4.353105,74,32477.274587,medium,1.0,4.0,3,733,8,4,4,4,4,0,0,0,0,0.08972741433021733,0.023648648648648744,0.17569999999999666,1.0000000000000029,0.9999999999999959,5,True,192,0.1707042253521127,0.13140459501557608,0.29499999999999993,0.03140459501557607,0.1,0.12000000000000031,0.09999999999999959,0.025,0.05,0.0,0.0
4.299632,76,32502.653677,medium,1.0,4.0,3,758,8,4,4,4,4,0,0,0,0,0.05047507788161986,0.041441441441441434,0.12039999999999905,0.999999999999998,0.9999999999999961,5,True,64,0.04102112676056338,0.08043212232898948,0.2949999999999994,0.01766627725856695,0.06276584507042253,0.11999999999999976,0.0999999999999996,0.025,0.05,0.0,0.0
4.230391,72,32526.807456,medium,1.0,4.0,3,718,7,4,3,4,3,0,0,0,1,0.02240654205607492,0.032635135135135315,0.0,1.0000000000000022,1.0,5,True,25,0.022464788732394367,0.007190881268921999,0.2950000000000003,0.007842289719626222,0.029348591549295776,0.12000000000000029,0.1,0.025,0.05,0.0,0.03
4.297153,75,32555.539503,medium,1.0,4.0,3,750,8,4,4,4,4,0,0,0,0,0.011612149532710333,0.03358108108108123,0.0,0.9999999999999983,1.0,5,True,73,0.048785211267605634,0.07715316078715284,0.2949999999999998,0.0040642523364486155,0.07308890845070423,0.11999999999999982,0.1,0.025,0.05,0.0,0.0
3.217577,90,32584.25727,medium,0.9087227414330218,2.9087227414330217,2,900,8,4,4,4,4,0,0,0,0,0.04112928348909622,0.0,0.13369999999999851,0.9538288288288288,0.9999999999999959,4,True,96,0.09845070422535211,0.11439524922118369,0.28445945945945905,0.014395249221183678,0.1,0.11445945945945947,0.0999999999999996,0.02,0.05,0.0,0.0
4.2101,65,32605.433001,medium,1.0,4.0,3,649,4,0,4,0,4,0,0,0,4,0.0,0.0,0.0,1.0,1.0,5,True,155,0.13151408450704224,-0.01999999999999999,0.29500000000000004,0.0,0.1,0.12000000000000004,0.1,0.025,0.05,0.0,0.12
4.306604,79,32631.173299,medium,1.0,4.0,3,786,8,4,4,4,4,0,0,0,0,0.04516355140186924,0.0,0.0,1.0,1.0,5,True,65,0.05586267605633803,0.09020425003290776,0.295,0.015807242990654235,0.07439700704225352,0.12,0.09999999999999999,0.025,0.05,0.0,0.0
4.27372,82,32656.777099,medium,1.0,4.0,3,815,8,4,4,4,4,0,0,0,0,0.0780140186915874,0.0,0.23029999999999431,1.0,0.9999999999999961,5,True,24,0.027887323943661974,0.06022039949980207,0.2949999999999996,0.027304906542055588,0.03291549295774648,0.12,0.09999999999999962,0.025,0.05,0.0,0.0
3.126685,82,32683.687154,medium,0.8562305295950156,2.8562305295950154,2,813,8,4,4,4,4,0,0,0,0,0.06934579439252181,0.0,0.1854999999999939,0.5842342342342343,0.9999999999999982,2,True,71,0.0825,0.12164602803738264,0.23010810810810794,0.024271028037382632,0.097375,0.0701081081081081,0.09999999999999983,0.01,0.05,0.0,0.0
4.336059,83,32710.982711,medium,1.0,4.0,3,824,8,4,4,4,4,0,0,0,0,0.0670249221183797,0.0042567567567568035,0.14839999999999745,1.0,0.9999999999999963,5,True,167,0.14600352112676057,0.1234587227414329,0.29499999999999965,0.02345872274143289,0.1,0.12,0.09999999999999964,0.025,0.05,0.0,0.0
4.285234,82,32742.660251,medium,1.0,4.0,3,811,7,4,3,4,3,0,0,0,1,0.018317757009345504,0.01986486486486492,0.029399999999998733,0.9999999999999992,1.0,5,True,84,0.07056338028169014,0.07133375016453854,0.2949999999999999,0.006411214953270925,0.09492253521126762,0.11999999999999987,0.1,0.025,0.05,0.0,0.03
4.339858,81,32769.507531,medium,1.0,4.0,3,801,8,4,4,4,4,0,0,0,0,0.0713084112149519,0.05864864864864898,0.17499999999999372,1.0000000000000009,0.9999999999999988,5,True,91,0.07295774647887324,0.12495794392523317,0.295,0.024957943925233168,0.1,0.1200000000000001,0.09999999999999988,0.025,0.05,0.0,0.0
1.915204,90,32798.469182,medium,0.7663551401869159,1.7663551401869158,1,900,8,4,4,4,4,0,0,0,0,0.0481853582554514,0.041441441441441434,0.0,0.999999999999998,0.0,5,False,73,0.05397887323943662,0.09384903031898546,0.14499999999999977,0.01686487538940799,0.07698415492957747,0.11999999999999976,0.0,0.025,0.0,0.0,0.0
3.081086,90,32827.553004,medium,0.8082554517133956,2.8082554517133955,2,900,8,4,4,4,4,0,0,0,0,0.015887850467289716,0.04594594594594594,0.0,0.7689189189189166,1.0,3,True,109,0.08677816901408451,0.1055607476635514,0.25727027027026994,0.005560747663551401,0.1,0.09227027027026996,0.1,0.015,0.05,0.0,0.0
4.309217,63,32848.828658,medium,1.0,4.0,3,622,7,3,4,3,4,0,0,0,1,0.03843457943925194,0.08182432432432445,0.04339999999999813,1.0000000000000004,1.0,5,True,86,0.06661971830985916,0.07641689153613254,0.295,0.013452102803738175,0.09296478873239436,0.12000000000000001,0.09999999999999999,0.025,0.05,0.0,0.03
3.149255,80,32875.266808,medium,0.8595794392523362,2.859579439252336,2,799,8,4,4,4,4,0,0,0,0,0.06830218068535825,0.11617117117117175,0.08260000000000044,0.8177027027026973,0.9999999999999959,3,True,79,0.0573943661971831,0.10645153788776272,0.26312432432432326,0.02390576323987539,0.08254577464788733,0.09812432432432365,0.09999999999999959,0.015,0.05,0.0,0.0
3.231436,90,32909.514203,medium,0.9458722741433022,2.9458722741433023,2,900,8,4,4,4,4,0,0,0,0,0.012422118380062321,0.035923423423423466,0.0,0.8434684684684669,1.0,4,True,97,0.08524647887323944,0.10434774143302182,0.271216216216216,0.004347741433021812,0.1,0.10121621621621602,0.1,0.02,0.05,0.0,0.0
3.054408,82,32936.118522,medium,0.7696261682242991,2.769626168224299,2,814,8,4,4,4,4,0,0,0,0,0.0356542056074761,0.0,0.15259999999999768,0.7391891891891892,0.9999999999999959,3,True,96,0.07225352112676056,0.11247897196261664,0.2537027027027023,0.012478971962616632,0.1,0.0887027027027027,0.0999999999999996,0.015,0.05,0.0,0.0
4.296371,75,32959.631341,medium,1.0,4.0,3,750,8,4,4,4,4,0,0,0,0,0.012126168224299091,0.022229729729729808,0.0,1.0000000000000027,1.0,5,True,72,0.04816901408450704,0.07637091944188497,0.29500000000000026,0.004244158878504682,0.07212676056338028,0.12000000000000027,0.1,0.025,0.05,0.0,0.0
4.334908,78,32985.091928,medium,1.0,4.0,3,776,8,4,4,4,4,0,0,0,0,0.0500233644859816,0.07360360360360395,0.05266666666666666,0.9999999999999966,0.9999999999999974,5,True,96,0.09295774647887324,0.11750817757009357,0.2949999999999993,0.017508177570093562,0.1,0.11999999999999957,0.09999999999999974,0.025,0.05,0.0,0.0
4.154713,61,33004.704159,medium,1.0,4.0,3,609,2,1,1,1,1,0,0,0,6,0.0,0.0,0.0,1.0,1.0,5,True,32,0.032816901408450706,-0.07938732394366196,0.295,0.0,0.040612676056338025,0.11999999999999997,0.1,0.025,0.05,0.0,0.12
4.190211,70,33028.634068,medium,1.0,4.0,3,698,5,2,3,2,3,0,0,0,3,0.06313084112149425,0.04587837837837811,0.2022999999999955,1.0000000000000022,0.9999999999999961,5,True,24,0.027887323943661974,-0.03498871264973054,0.2949999999999999,0.02209579439252298,0.03291549295774648,0.12000000000000027,0.09999999999999962,0.025,0.05,0.0,0.09
4.249311,66,33050.708164,medium,1.0,4.0,3,651,6,2,4,2,4,0,0,0,2,0.05037383177569976,0.0,0.215599999999995,1.0,0.9999999999999959,5,True,54,0.046373239436619716,0.019410770698959703,0.2949999999999996,0.017630841121494916,0.06177992957746478,0.11999999999999998,0.0999999999999996,0.025,0.05,0.0,0.06
2.895382,90,33085.389238,medium,0.7091121495327103,2.7091121495327104,2,900,8,4,4,4,4,0,0,0,0,0.031012461059189707,0.022522522522522535,0.09939999999999836,0.5641891891891881,0.9999999999999972,3,True,34,0.020950704225352113,0.04356738953973048,0.23270270270270232,0.010854361370716398,0.032713028169014086,0.06770270270270258,0.09999999999999974,0.015,0.05,0.0,0.0
3.008314,84,33113.070926,medium,0.735202492211838,2.735202492211838,2,837,8,4,4,4,4,0,0,0,0,0.04301401869158792,0.003310810810810668,0.08679999999999626,0.6396396396396397,1.0,3,True,97,0.07963028169014084,0.11505490654205579,0.24175675675675673,0.01505490654205578,0.1,0.07675675675675675,0.1,0.015,0.05,0.0,0.0
3.269085,90,33142.968802,medium,0.9589563862928349,2.9589563862928348,2,900,8,4,4,4,4,0,0,0,0,0.06963395638629279,0.08117117117117159,0.12389999999999894,0.8813063063063024,0.9999999999999959,4,True,129,0.11132042253521127,0.12437188473520248,0.2757567567567558,0.02437188473520248,0.1,0.10575675675675623,0.09999999999999959,0.02,0.05,0.0,0.0
4.305689,78,33167.87495,medium,1.0,4.0,3,771,8,4,4,4,4,0,0,0,0,0.023551401869159126,0.06810810810810881,0.0,1.0000000000000004,1.0,5,True,58,0.0673943661971831,0.08778876530209302,0.29500000000000004,0.008242990654205693,0.07954577464788733,0.12000000000000002,0.1,0.025,0.05,0.0,0.0
4.310731,89,33196.044604,medium,1.0,4.0,3,885,8,4,4,4,4,0,0,0,0,0.05058411214953286,0.07675675675675715,0.0,1.0,1.0,5,True,83,0.06003521126760564,0.10423084770304072,0.295,0.0177044392523365,0.08652640845070422,0.12,0.09999999999999999,0.025,0.05,0.0,0.0
1.711042,77,33221.699989,medium,0.6074766355140186,1.6074766355140186,1,763,8,4,4,4,4,0,0,0,0,0.0,0.0,0.0,0.5405405405405406,0.0,3,False,123,0.10246478873239437,0.1,0.07986486486486485,0.0,0.1,0.06486486486486485,0.0,0.015,0.0,0.0,0.0
4.306103,79,33252.321789,medium,1.0,4.0,3,788,8,4,4,4,4,0,0,0,0,0.03908878504672859,0.030743243243243408,0.0,1.0000000000000022,1.0,5,True,56,0.06429577464788733,0.0899029057522705,0.29500000000000026,0.013681074766355003,0.07622183098591549,0.12000000000000026,0.09999999999999999,0.025,0.05,0.0,0.0
4.318697,83,33279.180134,medium,1.0,4.0,3,830,8,4,4,4,4,0,0,0,0,0.01913551401869168,0.03358108108108127,0.03220000000000011,1.000000000000002,0.9999999999999984,5,True,122,0.10755281690140846,0.10669742990654209,0.2950000000000001,0.006697429906542087,0.1,0.12000000000000026,0.09999999999999985,0.025,0.05,0.0,0.0
4.208746,65,33300.150461,medium,1.0,4.0,3,650,3,0,3,0,3,0,0,0,5,0.0,0.0,0.0,1.0,1.0,5,True,72,0.08366197183098592,-0.021253521126760558,0.295,0.0,0.09874647887323944,0.11999999999999998,0.1,0.025,0.05,0.0,0.12
4.305578,72,33324.13014,medium,1.0,4.0,3,711,7,3,4,3,4,0,0,0,1,0.03336448598130811,0.05533783783783789,0.0,0.9999999999999976,1.0,5,True,94,0.07281690140845071,0.08167757009345784,0.2949999999999997,0.011677570093457835,0.1,0.1199999999999997,0.1,0.025,0.05,0.0,0.03
3.092386,90,33352.69068,medium,0.7975077881619937,2.797507788161994,2,900,8,4,4,4,4,0,0,0,0,0.047141744548286076,0.005202702702702701,0.12966666666666693,0.8198198198198197,0.9999999999999961,4,True,155,0.1347887323943662,0.11649961059190013,0.26837837837837797,0.016499610591900127,0.1,0.09837837837837836,0.09999999999999962,0.02,0.05,0.0,0.0
4.298259,85,33380.389125,medium,1.0,4.0,3,842,8,4,4,4,4,0,0,0,0,0.04295171339563745,0.041441441441441434,0.12249999999999471,0.999999999999998,1.0,5,True,67,0.05190140845070423,0.08745915602650128,0.29499999999999976,0.01503309968847311,0.07242605633802818,0.11999999999999976,0.09999999999999999,0.025,0.05,0.0,0.0
3.052905,81,33412.524742,medium,0.8398753894080997,2.8398753894080997,2,809,8,4,4,4,4,0,0,0,0,0.007523364485981306,0.02175675675675675,0.0,0.5369369369369369,1.0,2,True,61,0.04848591549295775,0.06949761418981178,0.22443243243243244,0.002633177570093457,0.06686443661971832,0.06443243243243241,0.1,0.01,0.05,0.0,0.0
4.148015,60,33432.943928,medium,1.0,4.0,3,599,4,1,3,1,3,0,0,0,4,0.0,0.0,0.0,1.0,1.0,5,True,24,0.027887323943661974,-0.08708450704225351,0.295,0.0,0.03291549295774648,0.12,0.1,0.025,0.05,0.0,0.12
3.073152,76,33458.253654,medium,0.839190031152648,2.839190031152648,2,759,8,4,4,4,4,0,0,0,0,0.021425233644859987,0.0,0.05530000000000034,0.6461711711711712,0.9999999999999972,3,True,56,0.04242957746478873,0.06732101487429255,0.2425405405405403,0.007498831775700996,0.05982218309859155,0.07754054054054055,0.09999999999999974,0.015,0.05,0.0,0.0
3.123053,84,33485.592312,medium,0.8598130841121495,2.8598130841121496,2,840,8,4,4,4,4,0,0,0,0,0.016028037383177682,0.01986486486486492,0.03920000000000043,0.9999999999999992,0.9999999999999979,5,True,34,0.03950704225352113,0.05224009477425303,0.2949999999999997,0.005609813084112189,0.04663028169014084,0.11999999999999986,0.09999999999999984,0.025,0.05,0.0,0.0
4.176374,58,33504.631983,medium,1.0,4.0,3,574,4,1,3,1,3,0,0,0,4,0.034696261682243046,0.007094594594594587,0.0,0.9999999999999996,1.0,5,True,34,0.03950704225352113,-0.061226026721074085,0.29499999999999993,0.012143691588785066,0.04663028169014084,0.11999999999999994,0.1,0.025,0.05,0.0,0.12
2.767132,76,33529.246763,medium,0.5938006230529596,2.5938006230529593,2,759,8,4,4,4,4,0,0,0,0,0.00719626168224303,0.020810810810810924,0.0,0.36337837837837755,1.0,1,True,50,0.030809859154929578,0.05062608595498224,0.19860540540540533,0.00251869158878506,0.04810739436619718,0.0436054054054053,0.1,0.005,0.05,0.0,0.0
3.171625,90,33558.90205,medium,0.8598130841121495,2.8598130841121496,2,900,8,4,4,4,4,0,0,0,0,0.019462616822430005,0.05628378378378407,0.0,0.9999999999999971,1.0,5,True,144,0.14112676056338028,0.10681191588785051,0.29499999999999965,0.0068119158878505014,0.1,0.11999999999999963,0.1,0.025,0.05,0.0,0.0
3.101773,87,33592.103203,medium,0.8024143302180685,2.8024143302180686,2,861,8,4,4,4,4,0,0,0,0,0.08605140186915745,0.0,0.23029999999999431,0.834009009009009,0.9999999999999961,4,True,75,0.06367957746478874,0.11537767375279664,0.2700810810810807,0.030117990654205107,0.08525968309859154,0.10008108108108107,0.0999999999999996,0.02,0.05,0.0,0.0
2.005812,90,33622.099494,medium,0.8201168224299065,1.8201168224299065,1,900,8,4,4,4,4,0,0,0,0,0.02183021806853582,0.0,0.00209999999999991,0.8198198198198198,0.4967666666666666,4,False,192,0.1707042253521127,0.10764057632398755,0.16805504504504495,0.007640576323987538,0.1,0.0983783783783783,0.049676666666666654,0.02,0.0,0.0,0.0
4.303559,73,33646.111643,medium,1.0,4.0,3,724,8,4,4,4,4,0,0,0,0,0.025233644859812842,0.05027027027027037,0.0,1.0000000000000029,1.0,5,True,72,0.04816901408450704,0.08095853626431478,0.2950000000000003,0.008831775700934495,0.07212676056338028,0.12000000000000033,0.1,0.025,0.05,0.0,0.0
4.316524,84,33673.721794,medium,1.0,4.0,3,838,8,4,4,4,4,0,0,0,0,0.01521028037383184,0.043986486486486676,0.0,1.0000000000000004,1.0,5,True,82,0.08598591549295774,0.10532359813084115,0.29500000000000004,0.005323598130841143,0.1,0.12000000000000004,0.1,0.025,0.05,0.0,0.0
4.221019,63,33693.783029,medium,1.0,4.0,3,623,5,1,4,1,4,0,0,0,3,0.018808411214953396,0.05439189189189226,0.0,0.9999999999999988,1.0,5,True,69,0.049647887323943665,-0.011681140581808538,0.2949999999999998,0.006582943925233689,0.07173591549295777,0.11999999999999984,0.09999999999999999,0.025,0.05,0.0,0.09
3.250359,90,33723.004306,medium,0.9475077881619938,2.9475077881619938,2,900,8,4,4,4,4,0,0,0,0,0.06492990654205467,0.03594594594594616,0.13789999999999566,0.8481981981981964,0.9999999999999983,4,True,92,0.0697887323943662,0.12106701658549379,0.27178378378378343,0.022725467289719133,0.09834154929577466,0.10178378378378358,0.09999999999999984,0.02,0.05,0.0,0.0
4.26924,86,33756.378557,medium,1.0,4.0,3,857,8,4,4,4,4,0,0,0,0,0.0,0.0,0.0,1.0,1.0,5,True,49,0.04725352112676056,0.05994014084507042,0.29500000000000004,0.0,0.05994014084507042,0.12000000000000001,0.1,0.025,0.05,0.0,0.0
4.288053,87,33784.799691,medium,1.0,4.0,3,867,8,4,4,4,4,0,0,0,0,0.059696261682241326,0.0037837837837837855,0.1553999999999935,0.9999999999999998,0.9999999999999999,5,True,48,0.04647887323943662,0.07975284651836193,0.295,0.020893691588784465,0.05885915492957747,0.11999999999999998,0.1,0.025,0.05,0.0,0.0
4.338112,81,33810.874346,medium,1.0,4.0,3,803,8,4,4,4,4,0,0,0,0,0.06689252336448473,0.037837837837838076,0.23029999999999431,0.9999999999999981,0.9999999999999961,5,True,89,0.09411971830985916,0.12341238317756967,0.2949999999999994,0.023412383177569655,0.1,0.11999999999999977,0.0999999999999996,0.025,0.05,0.0,0.0
4.30276,72,33835.04631,medium,1.0,4.0,3,718,7,3,4,3,4,0,0,0,1,0.02731308411214977,0.07898648648648718,0.0,1.0,1.0,5,True,103,0.10573943661971831,0.07955957943925243,0.295,0.00955957943925242,0.1,0.11999999999999998,0.1,0.025,0.05,0.0,0.03
3.24898,89,33863.948666,medium,0.9709501557632398,2.97095015576324,2,890,8,4,4,4,4,0,0,0,0,0.03728971962616775,0.07378378378378388,0.0,0.9159909909909878,1.0,4,True,54,0.06274647887323943,0.0871112610240883,0.27991891891891857,0.013051401869158711,0.07405985915492959,0.10991891891891854,0.1,0.02,0.05,0.0,0.0
2.943695,83,33890.56929,medium,0.7334890965732087,2.7334890965732086,2,828,8,4,4,4,4,0,0,0,0,0.019462616822429835,0.0,0.0,0.6346846846846846,1.0,2,True,52,0.03204225352112676,0.05684360602869551,0.23616216216216218,0.006811915887850441,0.05003169014084507,0.07616216216216215,0.1,0.01,0.05,0.0,0.0
4.230512,80,33917.3678,medium,1.0,4.0,3,799,8,4,4,4,4,0,0,0,0,0.03303738317757023,0.030270270270270426,0.025199999999999615,1.0000000000000002,0.9999999999999992,5,True,4,0.0024647887323943664,0.015411675661445356,0.29499999999999993,0.01156308411214958,0.003848591549295775,0.12000000000000001,0.09999999999999994,0.025,0.05,0.0,0.0
3.239662,90,33951.640951,medium,0.942601246105919,2.942601246105919,2,900,8,4,4,4,4,0,0,0,0,0.0485124610591899,0.05704954954954971,0.12319999999999892,0.8340090090090061,0.9999999999999961,4,True,161,0.14121478873239438,0.11697936137071648,0.2700810810810803,0.016979361370716466,0.1,0.1000810810810807,0.09999999999999962,0.02,0.05,0.0,0.0
3.158667,85,33979.949439,medium,0.8895638629283489,2.889563862928349,2,849,8,4,4,4,4,0,0,0,0,0.02093457943925194,0.0,0.0,0.6806306306306307,1.0,3,True,149,0.13068661971830986,0.10732710280373818,0.24667567567567567,0.007327102803738178,0.1,0.08167567567567567,0.09999999999999999,0.015,0.05,0.0,0.0
2.989389,90,34009.324539,medium,0.7394859813084113,2.739485981308411,2,900,8,4,4,4,4,0,0,0,0,0.004742990654205601,0.013716216216216198,0.0,0.6520270270270264,1.0,2,True,188,0.18126760563380281,0.10166004672897197,0.23824324324324314,0.0016600467289719601,0.1,0.07824324324324311,0.1,0.01,0.05,0.0,0.0
4.272426,75,34033.679226,medium,1.0,4.0,3,744,8,4,4,4,4,0,0,0,0,0.0,0.0,0.0,1.0,1.0,5,True,53,0.033767605633802815,0.051825704225352105,0.295,0.0,0.051825704225352105,0.11999999999999995,0.1,0.025,0.05,0.0,0.0
4.275234,85,34061.352423,medium,1.0,4.0,3,845,8,4,4,4,4,0,0,0,0,0.025514018691589004,0.04918918918918955,0.036400000000000154,0.9999999999999976,0.9999999999999983,5,True,58,0.03573943661971831,0.06473448400684488,0.29499999999999954,0.008929906542056151,0.05580457746478873,0.11999999999999969,0.09999999999999984,0.025,0.05,0.0,0.0
4.237217,70,34085.282773,medium,1.0,4.0,3,695,5,1,4,1,4,0,0,0,3,0.004906542056074762,0.014189189189189176,0.0,1.0000000000000024,1.0,5,True,112,0.08591549295774648,0.01171728971962617,0.29500000000000026,0.0017172897196261665,0.1,0.12000000000000029,0.09999999999999999,0.025,0.05,0.0,0.09
4.302368,76,34115.159322,medium,1.0,4.0,3,754,8,4,4,4,4,0,0,0,0,0.019299065420560837,0.0350000000000002,0.030800000000000098,1.0000000000000022,0.9999999999999987,5,True,62,0.06001760563380282,0.0827678771225484,0.29500000000000015,0.006754672897196292,0.07601320422535211,0.12000000000000027,0.09999999999999988,0.025,0.05,0.0,0.0
4.322843,89,34144.029765,medium,1.0,4.0,3,887,8,4,4,4,4,0,0,0,0,0.04726635514018686,0.0,0.1245999999999989,1.0,0.9999999999999959,5,True,106,0.1003169014084507,0.11654322429906541,0.2949999999999996,0.0165432242990654,0.1,0.11999999999999997,0.0999999999999996,0.025,0.05,0.0,0.0
4.271518,73,34168.125176,medium,1.0,4.0,3,729,8,4,4,4,4,0,0,0,0,0.0624766355140183,0.04114864864864892,0.14489999999999803,1.0000000000000002,0.9999999999999959,5,True,26,0.019401408450704226,0.049417878767934575,0.29499999999999965,0.021866822429906407,0.027551056338028165,0.12000000000000002,0.0999999999999996,0.025,0.05,0.0,0.0
4.208,67,34189.845151,medium,1.0,4.0,3,670,4,0,4,0,4,0,0,0,4,0.0,0.0,0.0,1.0,1.0,5,True,75,0.08714788732394366,-0.01999999999999999,0.295,0.0,0.1,0.11999999999999997,0.1,0.025,0.05,0.0,0.12
4.145015,63,34209.776313,medium,1.0,4.0,3,629,1,0,1,0,1,0,0,0,7,0.0,0.0,0.0,1.0,1.0,5,True,24,0.027887323943661974,-0.08708450704225351,0.295,0.0,0.03291549295774648,0.11999999999999997,0.1,0.025,0.05,0.0,0.12
4.254918,53,34227.361351,medium,1.0,4.0,3,522,5,1,4,1,4,0,0,0,3,0.006051401869158888,0.017500000000000026,0.0,0.9999999999999992,1.0,5,True,93,0.08947183098591549,0.012117990654205615,0.29499999999999993,0.0021179906542056104,0.1,0.1199999999999999,0.1,0.025,0.05,0.0,0.09
1.604516,70,34250.480486,medium,0.46682242990654205,1.466822429906542,1,697,5,2,3,2,3,0,0,0,3,0.0014719626168224278,0.004256756756756751,0.0,0.6743243243243241,1.0,3,True,50,0.034612676056338026,-0.03852530604185862,0.24591891891891887,0.0005151869158878497,0.05095950704225352,0.08091891891891888,0.09999999999999999,0.015,0.05,0.0,0.09
2.965164,81,34281.600995,medium,0.6642523364485982,2.664252336448598,2,809,8,4,4,4,4,0,0,0,0,0.045794392523363515,0.0,0.19599999999999584,0.8398648648648649,0.9999999999999959,3,True,149,0.12674295774647887,0.11602803738317724,0.26578378378378337,0.016028037383177228,0.1,0.10078378378378376,0.0999999999999996,0.015,0.05,0.0,0.0
4.328847,77,34306.623109,medium,1.0,4.0,3,768,8,4,4,4,4,0,0,0,0,0.03042056074766372,0.06668918918918955,0.0315000000000001,0.9999999999999971,0.9999999999999984,5,True,96,0.07056338028169014,0.1106471962616823,0.29499999999999954,0.0106471962616823,0.1,0.11999999999999965,0.09999999999999987,0.025,0.05,0.0,0.0
4.324101,76,34331.040281,medium,1.0,4.0,3,756,8,4,4,4,4,0,0,0,0,0.07787383177569984,0.0,0.19529999999999506,1.0,0.9999999999999967,5,True,66,0.05926056338028169,0.1047012636567062,0.29499999999999965,0.027255841121494945,0.07744542253521126,0.11999999999999994,0.09999999999999969,0.025,0.05,0.0,0.0
3.231163,90,34360.355998,medium,0.9376947040498442,2.9376947040498442,2,900,8,4,4,4,4,0,0,0,0,0.04311526479750725,0.041441441441441434,0.0671999999999971,0.8198198198198178,1.0,4,True,119,0.10167253521126761,0.11509034267912754,0.26837837837837814,0.015090342679127537,0.1,0.09837837837837812,0.1,0.02,0.05,0.0,0.0
2.981034,76,34385.133309,medium,0.727492211838006,2.727492211838006,2,753,8,4,4,4,4,0,0,0,0,0.019626168224298957,0.04256756756756787,0.0,0.5164414414414396,1.0,2,True,142,0.13866197183098591,0.10686915887850464,0.22197297297297275,0.006869158878504635,0.1,0.06197297297297274,0.1,0.01,0.05,0.0,0.0
0.432026,75,34409.668732,medium,0.33813084112149533,0.33813084112149533,0,743,8,4,4,4,4,0,0,0,0,0.009158878504672946,0.026486486486486625,0.0,0.49990990990990875,0.0,1,False,154,0.13964788732394368,0.10320560747663554,0.06498918918918903,0.003205607476635531,0.1,0.05998918918918903,0.0,0.005,0.0,0.0,0.0
3.134031,90,34444.114495,medium,0.8378504672897197,2.83785046728972,2,900,8,4,4,4,4,0,0,0,0,0.05086448598130726,0.0033108108108108026,0.15679999999999478,0.8198198198198198,0.9999999999999984,4,True,128,0.11105633802816901,0.11780257009345754,0.2683783783783782,0.01780257009345754,0.1,0.09837837837837836,0.09999999999999984,0.02,0.05,0.0,0.0
4.242043,60,34463.868013,medium,1.0,4.0,3,599,5,2,3,2,3,0,0,0,3,0.04219626168224288,0.0,0.12389999999999894,1.0,0.9999999999999959,5,True,65,0.06623239436619718,0.0069429873634329065,0.2949999999999996,0.014768691588785007,0.0821742957746479,0.12,0.0999999999999996,0.025,0.05,0.0,0.09
4.270364,68,34486.357563,medium,1.0,4.0,3,674,6,2,4,2,4,0,0,0,2,0.04890186915887706,0.032635135135135315,0.16099999999999354,0.9999999999999988,0.9999999999999996,5,True,72,0.06619718309859154,0.04276354152955064,0.2949999999999998,0.017115654205606966,0.08564788732394367,0.11999999999999984,0.09999999999999995,0.025,0.05,0.0,0.06
4.328152,89,34514.922658,medium,1.0,4.0,3,882,8,4,4,4,4,0,0,0,0,0.061004672897195064,0.023648648648648886,0.17639999999999662,0.9999999999999988,0.9999999999999961,5,True,94,0.1003169014084507,0.12135163551401827,0.29499999999999943,0.02135163551401827,0.1,0.11999999999999984,0.0999999999999996,0.025,0.05,0.0,0.0
1.92322,83,34541.678309,medium,0.7524532710280363,1.7524532710280363,1,827,8,4,4,4,4,0,0,0,0,0.057593457943924196,0.0,0.10849999999999532,0.49076576576576575,0.6941666666666619,1,False,106,0.07732394366197183,0.12015771028037348,0.13330855855855808,0.02015771028037347,0.1,0.05889189189189187,0.06941666666666621,0.005,0.0,0.0,0.0
3.08969,90,34570.569008,medium,0.8383956386292835,2.8383956386292835,2,900,8,4,4,4,4,0,0,0,0,0.01989096573208718,0.041441441441441434,0.0,0.8545045045045024,1.0,4,True,62,0.041056338028169014,0.06875409152735726,0.2725405405405403,0.006961838006230512,0.06179225352112675,0.10254054054054029,0.1,0.02,0.05,0.0,0.0
4.279408,82,34597.390751,medium,1.0,4.0,3,817,8,4,4,4,4,0,0,0,0,0.029439252336448327,0.0,0.12599999999999884,1.0,0.9999999999999959,5,True,58,0.03573943661971831,0.06610831578254564,0.29499999999999954,0.010303738317756914,0.05580457746478873,0.11999999999999997,0.09999999999999959,0.025,0.05,0.0,0.0
4.329485,77,34627.088927,medium,1.0,4.0,3,768,8,4,4,4,4,0,0,0,0,0.03224299065420567,0.0,0.0,1.0,1.0,5,True,155,0.13860915492957745,0.11128504672897199,0.29500000000000004,0.011285046728971983,0.1,0.12000000000000002,0.1,0.025,0.05,0.0,0.0
3.19549,90,34656.902626,medium,0.9169003115264793,2.9169003115264793,2,900,8,4,4,4,4,0,0,0,0,0.03774922118380033,0.041148648648648714,0.0,0.928603603603602,1.0,4,True,59,0.05926056338028169,0.0871576499495414,0.2814324324324322,0.013212227414330112,0.07394542253521127,0.11143243243243224,0.09999999999999999,0.02,0.05,0.0,0.0
4.246854,71,34680.572136,medium,1.0,4.0,3,707,6,4,2,4,2,0,0,0,2,0.07912772585669653,0.06754504504504522,0.2022999999999955,1.0000000000000009,0.9999999999999961,5,True,40,0.04647887323943662,0.02255385897942125,0.2949999999999997,0.027694704049843786,0.054859154929577464,0.12000000000000009,0.0999999999999996,0.025,0.05,0.0,0.06
1.921312,85,34707.775069,medium,0.7648753894080997,1.7648753894080997,1,842,8,4,4,4,4,0,0,0,0,0.028948598130841014,0.009932432432432416,0.0,0.6252252252252253,0.5483333333333333,2,False,84,0.06485915492957746,0.10077637554297746,0.1398603603603604,0.010132009345794354,0.09064436619718311,0.07502702702702706,0.05483333333333333,0.01,0.0,0.0,0.0
4.307892,77,34732.078039,medium,1.0,4.0,3,770,8,4,4,4,4,0,0,0,0,0.009423676012461064,0.027252252252252265,0.0,0.999999999999999,1.0,5,True,90,0.05545774647887324,0.08989159646351631,0.2949999999999999,0.0032982866043613727,0.08659330985915493,0.11999999999999986,0.1,0.025,0.05,0.0,0.0
4.240486,72,34755.785362,medium,1.0,4.0,3,718,6,3,3,3,3,0,0,0,2,0.014065420560747718,0.007567567567567558,0.0,1.0000000000000013,1.0,5,True,65,0.05315140845070423,0.01728645353428987,0.2950000000000001,0.004922897196261702,0.07236355633802817,0.1200000000000001,0.1,0.025,0.05,0.0,0.06
0.542513,75,34785.421028,medium,0.44658878504672905,0.44658878504672905,0,750,8,4,4,4,4,0,0,0,0,0.023551401869159078,0.06810810810810868,0.0,0.4806756756756746,0.0,1,False,156,0.13869718309859155,0.10824299065420569,0.06268108108108095,0.008242990654205676,0.1,0.05768108108108095,0.0,0.005,0.0,0.0,0.0
4.313394,74,34809.684035,medium,1.0,4.0,3,740,8,4,4,4,4,0,0,0,0,0.021035825545171367,0.06083333333333341,0.0,1.0000000000000007,1.0,5,True,62,0.07204225352112677,0.09239422908165505,0.2950000000000001,0.007362538940809979,0.08503169014084508,0.12000000000000008,0.1,0.025,0.05,0.0,0.0
4.334961,76,34834.298489,medium,1.0,4.0,3,755,8,4,4,4,4,0,0,0,0,0.064859813084112,0.041441441441441434,0.026599999999998854,1.0000000000000016,1.0,5,True,82,0.06901408450704226,0.11546149795972088,0.2950000000000002,0.0227009345794392,0.09276056338028169,0.12000000000000022,0.1,0.025,0.05,0.0,0.0
4.324099,76,34859.201504,medium,1.0,4.0,3,755,8,4,4,4,4,0,0,0,0,0.031285046728971734,0.011486486486486489,0.0,1.0000000000000009,1.0,5,True,87,0.0668661971830986,0.10459941424246406,0.2950000000000001,0.010949766355140106,0.09364964788732395,0.12000000000000008,0.1,0.025,0.05,0.0,0.0
4.271305,72,34882.08778,medium,1.0,4.0,3,715,7,3,4,3,4,0,0,0,1,0.009501557632398759,0.019369369369369383,0.0,0.9999999999999992,1.0,5,True,63,0.057306338028169014,0.04780529869246633,0.2949999999999999,0.003325545171339566,0.07447975352112676,0.11999999999999988,0.1,0.025,0.05,0.0,0.03
4.241645,65,34902.85785,medium,1.0,4.0,3,648,5,1,4,1,4,0,0,0,3,0.00412772585669782,0.0,0.017666666666666667,1.0,0.9999999999999992,5,True,192,0.1707042253521127,0.01144470404984424,0.29499999999999993,0.0014447040498442368,0.1,0.11999999999999998,0.09999999999999992,0.025,0.05,0.0,0.09
0.621191,77,34927.240638,medium,0.4938317757009347,0.4938317757009347,0,769,8,4,4,4,4,0,0,0,0,0.023816199376947178,0.031981981981981975,0.05460000000000057,0.3993243243243245,0.9225999999999976,1,False,37,0.04299295774647887,0.05908038809179067,0.1451789189189187,0.00833566978193151,0.05074471830985916,0.047918918918918925,0.09225999999999979,0.005,0.0,0.0,0.0
4.30419,83,34959.553105,medium,1.0,4.0,3,829,8,4,4,4,4,0,0,0,0,0.048294392523364066,0.03986486486486486,0.14769999999999792,0.9999999999999998,0.9999999999999959,5,True,59,0.06091549295774648,0.09208965710148727,0.2949999999999996,0.01690303738317742,0.07518661971830985,0.12,0.09999999999999959,0.025,0.05,0.0,0.0
4.328935,87,34987.766301,medium,1.0,4.0,3,861,8,4,4,4,4,0,0,0,0,0.05724299065420476,0.03689189189189212,0.19039999999999604,0.9999999999999981,0.9999999999999961,5,True,139,0.11184859154929577,0.12003504672897167,0.2949999999999994,0.020035046728971665,0.1,0.11999999999999977,0.09999999999999962,0.025,0.05,0.0,0.0
3.124872,90,35017.443921,medium,0.8961838006230529,2.896183800623053,2,900,8,4,4,4,4,0,0,0,0,0.03434579439252288,0.0,0.14699999999999794,0.6997747747747748,0.9999999999999959,3,True,57,0.03892605633802817,0.06971557029090414,0.2489729729729725,0.012021028037383008,0.05769454225352113,0.08397297297297292,0.0999999999999996,0.015,0.05,0.0,0.0
3.278879,81,35044.036004,medium,0.9873286604361372,2.987328660436137,2,805,8,4,4,4,4,0,0,0,0,0.0490654205607475,0.05439189189189224,0.0,0.9633558558558574,1.0,4,True,72,0.044366197183098595,0.08644754508358557,0.2856027027027029,0.01717289719626162,0.06927464788732395,0.11560270270270287,0.1,0.02,0.05,0.0,0.0
3.240007,90,35073.311321,medium,0.9430685358255452,2.943068535825545,2,900,8,4,4,4,4,0,0,0,0,0.06198598130840942,0.012770270270270249,0.1455999999999937,0.8353603603603599,1.0,3,True,113,0.09109154929577465,0.1216950934579433,0.26524324324324317,0.021695093457943296,0.1,0.10024324324324319,0.1,0.015,0.05,0.0,0.0
3.019179,90,35102.854287,medium,0.7837227414330218,2.7837227414330217,2,900,8,4,4,4,4,0,0,0,0,0.002943925233644856,0.0,0.0,0.7799549549549549,1.0,3,True,48,0.05577464788732395,0.06686135974726866,0.25859459459459455,0.0010303738317756995,0.06583098591549295,0.09359459459459457,0.1,0.015,0.05,0.0,0.0
3.092435,90,35137.320388,medium,0.8411214953271028,2.8411214953271027,2,900,8,4,4,4,4,0,0,0,0,0.0327102803738317,0.0,0.0,0.5405405405405406,1.0,3,True,91,0.08213028169014085,0.1114485981308411,0.22986486486486485,0.011448598130841096,0.1,0.06486486486486484,0.1,0.015,0.05,0.0,0.0
4.241379,68,35159.772528,medium,1.0,4.0,3,678,5,1,4,1,4,0,0,0,3,0.011939252336448682,0.0,0.05110000000000036,1.0,0.9999999999999974,5,True,120,0.09084507042253522,0.014178738317757053,0.29499999999999976,0.004178738317757039,0.1,0.12000000000000002,0.09999999999999976,0.025,0.05,0.0,0.09
3.176303,90,35190.018119,medium,0.9376947040498442,2.9376947040498442,2,900,8,4,4,4,4,0,0,0,0,0.01694704049844242,0.0244144144144145,0.036400000000000154,0.8198198198198194,0.9999999999999983,4,True,51,0.03839788732394366,0.060229879667412584,0.26837837837837814,0.005931464174454847,0.05429841549295774,0.09837837837837832,0.09999999999999984,0.02,0.05,0.0,0.0
4.305189,78,35215.898645,medium,1.0,4.0,3,778,8,4,4,4,4,0,0,0,0,0.05838785046728919,0.008513513513513503,0.0,1.0000000000000013,1.0,5,True,67,0.04540492957746479,0.0879894448466498,0.29500000000000015,0.020435747663551218,0.06755369718309859,0.12000000000000013,0.1,0.025,0.05,0.0,0.0
4.317275,87,35245.186428,medium,1.0,4.0,3,865,8,4,4,4,4,0,0,0,0,0.025070093457944025,0.0497972972972974,0.0,0.9999999999999976,1.0,5,True,95,0.11038732394366198,0.10877453271028041,0.2949999999999997,0.008774532710280407,0.1,0.11999999999999969,0.09999999999999999,0.025,0.05,0.0,0.0
3.241265,88,35274.051621,medium,0.9491433021806853,2.949143302180685,2,875,8,4,4,4,4,0,0,0,0,0.020771028037382837,0.03310810810810829,0.0,0.8529279279279263,1.0,4,True,96,0.09295774647887324,0.107269859813084,0.27235135135135113,0.007269859813083992,0.1,0.10235135135135115,0.1,0.02,0.05,0.0,0.0
4.299101,73,35302.544104,medium,1.0,4.0,3,729,8,4,4,4,4,0,0,0,0,0.030420560747663493,0.01513513513513513,0.0,1.0000000000000027,1.0,5,True,66,0.04447183098591549,0.07700106950111885,0.2950000000000003,0.010647196261682222,0.06635387323943662,0.12000000000000031,0.1,0.025,0.05,0.0,0.0
4.324868,78,35327.833241,medium,1.0,4.0,3,772,8,4,4,4,4,0,0,0,0,0.02019470404984432,0.025067567567567818,0.0,1.0,1.0,5,True,151,0.1295950704225352,0.10706814641744551,0.295,0.007068146417445512,0.1,0.11999999999999995,0.1,0.025,0.05,0.0,0.0
4.318185,85,35355.396189,medium,1.0,4.0,3,846,8,4,4,4,4,0,0,0,0,0.022242990654205565,0.0,0.09519999999999981,1.0,0.9999999999999962,5,True,119,0.10345070422535212,0.10778504672897195,0.29499999999999965,0.007785046728971947,0.1,0.12,0.09999999999999963,0.025,0.05,0.0,0.0
4.144724,64,35375.823905,medium,1.0,4.0,3,635,1,0,1,0,1,0,0,0,7,0.0,0.0,0.0,1.0,1.0,5,True,29,0.024964788732394366,-0.08677640845070422,0.295,0.0,0.03322359154929577,0.11999999999999998,0.1,0.025,0.05,0.0,0.12
3.257572,90,35405.463683,medium,0.9601246105919004,2.9601246105919,2,900,8,4,4,4,4,0,0,0,0,0.03224299065420567,0.0,0.0,0.8846846846846846,1.0,4,True,130,0.11556338028169014,0.11128504672897199,0.27616216216216216,0.011285046728971983,0.1,0.10616216216216215,0.09999999999999999,0.02,0.05,0.0,0.0
1.874948,86,35432.391188,medium,0.7315887850467289,1.7315887850467289,1,852,8,4,4,4,4,0,0,0,0,0.004742990654205423,0.0,0.018199999999999213,0.7578828828828829,0.20953333333333254,3,False,144,0.13943661971830987,0.1016600467289719,0.1268992792792792,0.0016600467289718981,0.1,0.09094594594594593,0.020953333333333254,0.015,0.0,0.0,0.0
4.302107,78,35457.83803,medium,1.0,4.0,3,778,8,4,4,4,4,0,0,0,0,0.03630841121495269,0.0,0.15539999999999754,1.0,0.9999999999999961,5,True,61,0.05559859154929577,0.08490688758720528,0.2949999999999996,0.012707943925233441,0.07219894366197184,0.12,0.09999999999999962,0.025,0.05,0.0,0.0
4.246837,77,35487.644259,medium,1.0,4.0,3,765,8,4,4,4,4,0,0,0,0,0.056253894080995445,0.03355855855855855,0.19109999999999389,1.0,0.9999999999999979,5,True,8,0.006197183098591549,0.028336750252292063,0.2949999999999998,0.019688862928348403,0.008647887323943662,0.12,0.09999999999999981,0.025,0.05,0.0,0.0
4.215697,70,35510.535944,medium,1.0,4.0,3,694,5,3,2,3,2,0,0,0,3,0.0485981308411205,0.0,0.10499999999999547,1.0,1.0,5,True,46,0.053450704225352114,-0.00990262603659374,0.295,0.017009345794392176,0.06308802816901408,0.11999999999999997,0.1,0.025,0.05,0.0,0.09
3.162241,90,35540.350766,medium,0.8661993769470405,2.8661993769470406,2,900,8,4,4,4,4,0,0,0,0,0.05046728971962624,0.0,0.2160000000000003,0.8198198198198198,0.9999999999999961,4,True,82,0.08598591549295774,0.11766355140186918,0.26837837837837797,0.017663551401869183,0.1,0.09837837837837834,0.09999999999999962,0.02,0.05,0.0,0.0
4.281679,75,35565.378457,medium,1.0,4.0,3,741,8,4,4,4,4,0,0,0,0,0.05004672897196196,0.03216216216216224,0.04269999999999816,0.9999999999999986,1.0,5,True,42,0.029683098591549297,0.06077867908384865,0.29499999999999976,0.01751635514018669,0.043262323943661966,0.11999999999999976,0.1,0.025,0.05,0.0,0.0
4.31305,87,35594.618971,medium,1.0,4.0,3,863,8,4,4,4,4,0,0,0,0,0.01242990654205615,0.0,0.0,1.0,1.0,5,True,80,0.08056338028169015,0.10435046728971965,0.295,0.004350467289719652,0.1,0.11999999999999997,0.1,0.025,0.05,0.0,0.0
4.323282,78,35619.793148,medium,1.0,4.0,3,779,8,4,4,4,4,0,0,0,0,0.01766355140186907,0.0,0.0,1.0,1.0,5,True,94,0.08302816901408451,0.10618224299065418,0.295,0.006182242990654174,0.1,0.11999999999999998,0.09999999999999999,0.025,0.05,0.0,0.0
4.323004,78,35649.805334,medium,1.0,4.0,3,779,8,4,4,4,4,0,0,0,0,0.016869158878504677,0.002837837837837863,0.0,1.0,1.0,5,True,101,0.0877112676056338,0.10590420560747664,0.295,0.005904205607476637,0.1,0.12,0.1,0.025,0.05,0.0,0.0
4.24312,72,35673.264594,medium,1.0,4.0,3,720,7,3,4,3,4,0,0,0,1,0.022242990654205617,0.06432432432432436,0.0,1.0000000000000013,1.0,5,True,44,0.027112676056338027,0.020119553771225485,0.29500000000000015,0.007785046728971965,0.04233450704225352,0.12000000000000013,0.1,0.025,0.05,0.0,0.03
4.3208,75,35697.937302,medium,1.0,4.0,3,742,8,4,4,4,4,0,0,0,0,0.0,0.0,0.0,1.0,1.0,5,True,168,0.1428169014084507,0.1,0.295,0.0,0.1,0.11999999999999998,0.1,0.025,0.05,0.0,0.0
4.309186,86,35726.184883,medium,1.0,4.0,3,860,8,4,4,4,4,0,0,0,0,0.037640186915887906,0.015608108108108108,0.0,0.9999999999999992,1.0,5,True,77,0.06468309859154929,0.10018638936422274,0.29499999999999993,0.013174065420560767,0.08701232394366197,0.11999999999999991,0.09999999999999999,0.025,0.05,0.0,0.0
4.275328,68,35748.000654,medium,1.0,4.0,3,674,6,2,4,2,4,0,0,0,2,0.022079439252335496,0.0,0.09449999999999592,1.0,1.0,5,True,74,0.08598591549295774,0.047727803738317434,0.295,0.007727803738317424,0.1,0.11999999999999997,0.1,0.025,0.05,0.0,0.06
3.188343,82,35774.785631,medium,0.9409890965732086,2.9409890965732086,2,819,8,4,4,4,4,0,0,0,0,0.008668224299065311,0.025067567567567253,0.0,0.8293468468468458,1.0,4,True,53,0.040264084507042254,0.05973194188495455,0.26952162162162147,0.003033878504672859,0.056698063380281695,0.09952162162162148,0.1,0.02,0.05,0.0,0.0
4.266716,85,35803.189913,medium,1.0,4.0,3,844,8,4,4,4,4,0,0,0,0,0.0,0.0,0.0,1.0,1.0,5,True,46,0.04415492957746479,0.05611619718309859,0.295,0.0,0.05611619718309859,0.11999999999999997,0.1,0.025,0.05,0.0,0.0
4.170016,70,35831.459049,medium,1.0,4.0,3,698,5,3,2,3,2,0,0,0,3,0.025350467289719847,0.021283783783783854,0.0,0.999999999999999,1.0,5,True,24,0.018591549295774647,-0.055183674476767065,0.2949999999999999,0.008872663551401946,0.025943661971830987,0.11999999999999984,0.1,0.025,0.05,0.0,0.09
4.15081,66,35853.169328,medium,1.0,4.0,3,660,3,2,1,2,1,0,0,0,5,0.053481308411213645,0.0,0.2288999999999944,1.0,0.9999999999999959,5,True,24,0.014788732394366197,-0.07818999276030057,0.2949999999999996,0.018718457943924776,0.023091549295774647,0.12,0.09999999999999959,0.025,0.05,0.0,0.12
4.172216,59,35872.784192,medium,1.0,4.0,3,589,2,0,2,0,2,0,0,0,6,0.0,0.0,0.0,1.0,1.0,5,True,46,0.04415492957746479,-0.0638838028169014,0.295,0.0,0.05611619718309859,0.12,0.09999999999999999,0.025,0.05,0.0,0.12
4.297926,82,35899.97465,medium,1.0,4.0,3,816,8,4,4,4,4,0,0,0,0,0.014228971962616908,0.03925675675675701,0.0028000000000000017,0.999999999999998,0.9999999999999999,5,True,58,0.0673943661971831,0.08452591483480325,0.29499999999999976,0.004980140186915918,0.07954577464788733,0.11999999999999975,0.09999999999999999,0.025,0.05,0.0,0.0
4.331314,85,35927.600443,medium,1.0,4.0,3,841,8,4,4,4,4,0,0,0,0,0.058325545171339144,0.10576576576576596,0.0,0.9999999999999988,1.0,5,True,98,0.09295774647887324,0.1204139408099687,0.2949999999999999,0.0204139408099687,0.1,0.11999999999999986,0.1,0.025,0.05,0.0,0.0
3.07277,88,35954.969676,medium,0.8442367601246106,2.844236760124611,2,873,8,4,4,4,4,0,0,0,0,0.014330218068535823,0.041441441441441434,0.0,0.5495495495495482,1.0,2,True,78,0.061161971830985915,0.08988705519722698,0.2259459459459458,0.005015576323987537,0.08487147887323944,0.06594594594594579,0.1,0.01,0.05,0.0,0.0
4.246561,72,35979.06084,medium,1.0,4.0,3,719,7,3,4,3,4,0,0,0,1,0.020794392523364496,0.06013513513513516,0.0,1.000000000000001,1.0,5,True,48,0.029577464788732393,0.02346113597472687,0.2950000000000001,0.007278037383177573,0.046183098591549294,0.1200000000000001,0.1,0.025,0.05,0.0,0.03
1.857925,90,36013.21571,medium,0.7224299065420561,1.722429906542056,1,900,8,4,4,4,4,0,0,0,0,0.0,0.0,0.0,0.668018018018018,0.30333333333333334,3,False,154,0.13964788732394368,0.1,0.1254954954954955,0.0,0.1,0.08016216216216217,0.030333333333333334,0.015,0.0,0.0,0.0
4.267135,71,36036.269962,medium,1.0,4.0,3,704,6,2,4,2,4,0,0,0,2,0.007242990654205612,0.020945945945945958,0.0,0.999999999999999,1.0,5,True,85,0.08063380281690141,0.04253504672897197,0.2949999999999999,0.002535046728971964,0.1,0.11999999999999987,0.1,0.025,0.05,0.0,0.06
3.008074,77,36061.631839,medium,0.7374610591900311,2.7374610591900312,2,766,8,4,4,4,4,0,0,0,0,0.024789719626168286,0.0014189189189189196,0.10400000000000025,0.6461711711711711,0.9999999999999961,3,True,89,0.06866197183098592,0.10467288074239835,0.24254054054054014,0.008676401869158901,0.09599647887323945,0.07754054054054052,0.0999999999999996,0.015,0.05,0.0,0.0
1.686039,83,36089.387492,medium,0.5497897196261672,1.5497897196261672,1,823,8,4,4,4,4,0,0,0,0,0.025023364485980228,0.0,0.10709999999999538,0.37567567567567567,0.5970999999999954,1,False,137,0.11823943661971831,0.10875817757009308,0.10979108108108063,0.008758177570093081,0.1,0.04508108108108108,0.05970999999999954,0.005,0.0,0.0,0.0
4.23031,61,36109.479695,medium,1.0,4.0,3,604,5,1,4,1,4,0,0,0,3,0.05462616822429768,0.014662162162162155,0.2120999999999941,0.9999999999999993,0.9999999999999968,5,True,59,0.04945422535211268,-0.004290172107411297,0.2949999999999996,0.019119158878504183,0.06659066901408452,0.1199999999999999,0.09999999999999969,0.025,0.05,0.0,0.09
1.961486,90,36139.063626,medium,0.7912227414330212,1.791222741433021,1,900,8,4,4,4,4,0,0,0,0,0.013574766355139602,0.0,0.058099999999997494,0.8261261261261261,0.36376666666666413,4,False,96,0.1115492957746479,0.10475116822429886,0.1555118018018015,0.004751168224298861,0.1,0.0991351351351351,0.03637666666666642,0.02,0.0,0.0,0.0
3.087016,86,36171.477903,medium,0.8574766355140186,2.8574766355140184,2,851,8,4,4,4,4,0,0,0,0,0.0,0.0,0.0,0.5878378378378378,1.0,3,True,72,0.05746478873239436,0.07909859154929579,0.23554054054054052,0.0,0.07909859154929579,0.07054054054054054,0.1,0.015,0.05,0.0,0.0
4.297861,74,36195.990569,medium,1.0,4.0,3,734,8,4,4,4,4,0,0,0,0,0.017133956386292833,0.041441441441441434,0.0,1.0000000000000002,1.0,5,True,65,0.05035211267605634,0.07626096924224474,0.295,0.005996884735202491,0.07026408450704225,0.11999999999999995,0.1,0.025,0.05,0.0,0.0
3.107735,90,36225.745698,medium,0.8509345794392523,2.850934579439252,2,899,8,4,4,4,4,0,0,0,0,0.038372274143302194,0.041441441441441434,0.10289999999999981,0.5689189189189169,0.9999999999999959,3,True,91,0.07408450704225353,0.11343029595015577,0.2332702702702696,0.013430295950155768,0.1,0.06827027027027001,0.09999999999999959,0.015,0.05,0.0,0.0
4.313401,73,36249.062854,medium,1.0,4.0,3,726,8,4,4,4,4,0,0,0,0,0.02690031152647988,0.04090090090090088,0.0,0.9999999999999996,1.0,5,True,69,0.06278169014084507,0.09100137663990175,0.295,0.009415109034267958,0.0815862676056338,0.11999999999999997,0.1,0.025,0.05,0.0,0.0
4.25708,61,36268.625188,medium,1.0,4.0,3,608,5,1,4,1,4,0,0,0,3,0.03679906542056016,0.0,0.15749999999999748,1.0,0.9999999999999959,5,True,95,0.11038732394366198,0.022879672897196057,0.2949999999999996,0.012879672897196054,0.1,0.12,0.09999999999999962,0.025,0.05,0.0,0.09
4.11659,69,36290.968447,medium,1.0,4.0,3,690,4,4,0,4,0,0,0,0,4,0.030257009345794,0.0,0.0,1.0,1.0,5,True,0,0.0,-0.1094100467289721,0.295,0.010589953271027899,0.0,0.11999999999999998,0.1,0.025,0.05,0.0,0.12
4.206761,62,36311.307005,medium,1.0,4.0,3,615,4,1,3,1,3,0,0,0,4,0.0,0.0,0.0,1.0,1.0,5,True,68,0.07901408450704225,-0.026739436619718296,0.295,0.0,0.0932605633802817,0.12,0.1,0.025,0.05,0.0,0.12
4.318926,73,36340.385799,medium,1.0,4.0,3,726,8,4,4,4,4,0,0,0,0,0.013574766355140268,0.037837837837838076,0.002100000000000001,1.000000000000002,0.9999999999999999,5,True,72,0.07436619718309859,0.09652581611162303,0.29500000000000026,0.004751168224299092,0.09177464788732394,0.12000000000000026,0.09999999999999998,0.025,0.05,0.0,0.0
3.196672,90,36369.39195,medium,0.9065420560747663,2.906542056074766,2,900,8,4,4,4,4,0,0,0,0,0.02384735202492231,0.0,0.0784000000000006,0.8481981981981982,0.9999999999999961,4,True,130,0.11169014084507042,0.10834657320872282,0.2717837837837834,0.008346573208722808,0.1,0.10178378378378378,0.09999999999999959,0.02,0.05,0.0,0.0
4.2111,64,36390.363022,medium,1.0,4.0,3,639,4,0,4,0,4,0,0,0,4,0.0,0.0,0.0,1.0,1.0,5,True,87,0.10109154929577464,-0.01999999999999999,0.29500000000000004,0.0,0.1,0.12000000000000002,0.1,0.025,0.05,0.0,0.12
4.266609,81,36417.257685,medium,1.0,4.0,3,807,7,4,3,4,3,0,0,0,1,0.015732087227414326,0.041441441441441434,0.006000000000000003,0.999999999999998,0.9999999999999997,5,True,56,0.06507042253521127,0.052309047431003466,0.2949999999999997,0.005506230529595014,0.07680281690140846,0.11999999999999976,0.09999999999999996,0.025,0.05,0.0,0.03
4.294026,87,36445.539655,medium,1.0,4.0,3,866,8,4,4,4,4,0,0,0,0,0.04299065420560754,0.041441441441441434,0.12266666666666694,0.9999999999999981,0.9999999999999961,5,True,66,0.0501056338028169,0.0856259543240753,0.2949999999999994,0.015046728971962636,0.07057922535211267,0.11999999999999973,0.09999999999999962,0.025,0.05,0.0,0.0
4.199708,66,36465.834926,medium,1.0,4.0,3,655,4,0,4,0,4,0,0,0,4,0.0,0.0,0.0,1.0,1.0,5,True,77,0.06894366197183098,-0.029792253521126758,0.295,0.0,0.09020774647887324,0.11999999999999997,0.1,0.025,0.05,0.0,0.12
3.07008,82,36492.271919,medium,0.7714174454828661,2.771417445482866,2,811,8,4,4,4,4,0,0,0,0,0.06650311526479633,0.041914414414414417,0.2225999999999947,0.7207207207207187,0.9999999999999959,4,True,118,0.10764084507042254,0.12327609034267872,0.25648648648648587,0.02327609034267871,0.1,0.08648648648648624,0.09999999999999962,0.02,0.05,0.0,0.0
4.21962,71,36520.378242,medium,1.0,4.0,3,705,5,4,1,4,1,0,0,0,3,0.07503115264797497,0.041441441441441434,0.12179999999999902,1.0000000000000016,0.9999999999999959,5,True,48,0.04647887323943662,-0.004879941643631314,0.29499999999999976,0.026260903426791233,0.058859154929577454,0.12000000000000019,0.09999999999999959,0.025,0.05,0.0,0.09
4.225337,62,36541.211436,medium,1.0,4.0,3,614,5,2,3,2,3,0,0,0,3,0.033691588785045634,0.016081081081081083,0.12039999999999533,1.0000000000000002,0.9999999999999994,5,True,51,0.05926056338028169,-0.008262521390022759,0.295,0.011792056074765972,0.06994542253521127,0.12000000000000002,0.09999999999999996,0.025,0.05,0.0,0.09
4.163994,62,36561.617007,medium,1.0,4.0,3,620,4,3,1,3,1,0,0,0,4,0.07157320872274162,0.03310810810810826,0.0,0.9999999999999983,1.0,5,True,24,0.018591549295774647,-0.06900571497520944,0.29499999999999976,0.02505062305295957,0.025943661971830987,0.11999999999999977,0.1,0.025,0.05,0.0,0.12
3.204581,90,36590.429629,medium,0.9524143302180685,2.9524143302180685,2,900,8,4,4,4,4,0,0,0,0,0.0825934579439235,0.0,0.23029999999999431,0.8623873873873874,0.9999999999999961,4,True,29,0.03369718309859155,0.06868059760431688,0.2734864864864861,0.028907710280373217,0.03977288732394366,0.10348648648648649,0.09999999999999962,0.02,0.05,0.0,0.0
3.167015,90,36620.066864,medium,0.9034267912772586,2.9034267912772584,2,900,8,4,4,4,4,0,0,0,0,0.039088785046728906,0.03689189189189212,0.0,0.7207207207207189,1.0,4,True,77,0.0598943661971831,0.09710184941424244,0.25648648648648625,0.013681074766355114,0.08342077464788732,0.08648648648648624,0.1,0.02,0.05,0.0,0.0
4.3211,74,36643.664944,medium,1.0,4.0,3,739,8,4,4,4,4,0,0,0,0,0.0,0.0,0.0,1.0,1.0,5,True,92,0.08830985915492957,0.1,0.29500000000000004,0.0,0.1,0.12000000000000004,0.1,0.025,0.05,0.0,0.0
3.153983,90,36677.7722,medium,0.8427570093457943,2.842757009345794,2,900,8,4,4,4,4,0,0,0,0,0.0814174454828649,0.07795045045045082,0.23029999999999431,0.8560810810810769,0.9999999999999961,4,True,122,0.10572183098591549,0.12849610591900273,0.27272972972972886,0.028496105919002715,0.1,0.10272972972972924,0.0999999999999996,0.02,0.05,0.0,0.0
3.213192,90,36707.246966,medium,0.9321651090342679,2.9321651090342677,2,900,8,4,4,4,4,0,0,0,0,0.0,0.0,0.0,0.8418918918918918,1.0,4,True,106,0.08494718309859155,0.1,0.271027027027027,0.0,0.1,0.101027027027027,0.1,0.02,0.05,0.0,0.0
4.330823,78,36732.348297,medium,1.0,4.0,3,773,8,4,4,4,4,0,0,0,0,0.04107476635514029,0.0,0.037800000000000174,1.0,0.9999999999999982,5,True,72,0.08366197183098592,0.11312264709753854,0.2949999999999998,0.014376168224299102,0.09874647887323944,0.11999999999999998,0.09999999999999984,0.025,0.05,0.0,0.0
4.236585,68,36754.30647,medium,1.0,4.0,3,673,5,3,2,3,2,0,0,0,3,0.040233644859813254,0.06432432432432436,0.0,0.9999999999999971,1.0,5,True,72,0.06507042253521127,0.008884592602343089,0.29499999999999965,0.014081775700934638,0.08480281690140845,0.11999999999999962,0.1,0.025,0.05,0.0,0.09
4.299064,84,36781.905272,medium,1.0,4.0,3,832,8,4,4,4,4,0,0,0,0,0.00703271028037383,0.0,0.022399999999999993,1.0,0.9999999999999991,5,True,72,0.06507042253521127,0.08726426549953929,0.29499999999999993,0.0024614485981308406,0.08480281690140845,0.12000000000000001,0.09999999999999991,0.025,0.05,0.0,0.0
4.2109,65,36801.036547,medium,1.0,4.0,3,641,4,0,4,0,4,0,0,0,4,0.0,0.0,0.0,1.0,1.0,5,True,140,0.1364788732394366,-0.01999999999999999,0.295,0.0,0.1,0.12,0.1,0.025,0.05,0.0,0.12
0.403365,74,36823.671576,medium,0.3152959501557632,0.3152959501557632,0,735,8,4,4,4,4,0,0,0,0,0.0022897196261682357,0.006621621621621654,0.0,0.5063963963963963,0.0,0,False,192,0.1707042253521127,0.10080140186915888,0.06076756756756754,0.0008014018691588824,0.1,0.06076756756756754,0.0,0.0,0.0,0.0,0.0
4.333612,85,36857.362207,medium,1.0,4.0,3,847,8,4,4,4,4,0,0,0,0,0.10153426791277176,0.07331081081081138,0.23029999999999431,0.9999999999999966,0.9999999999999961,5,True,64,0.07436619718309859,0.12331164165679406,0.2949999999999992,0.035536993769470115,0.08777464788732395,0.11999999999999961,0.0999999999999996,0.025,0.05,0.0,0.0
4.316446,89,36887.27431,medium,1.0,4.0,3,884,8,4,4,4,4,0,0,0,0,0.028130841121495574,0.0,0.0,1.0,1.0,5,True,184,0.16359154929577466,0.10984579439252345,0.295,0.009845794392523451,0.1,0.11999999999999998,0.1,0.025,0.05,0.0,0.0
3.047443,90,36917.303425,medium,0.7579595015576321,2.7579595015576324,2,900,8,4,4,4,4,0,0,0,0,0.03172897196261613,0.041148648648648756,0.052499999999997736,0.8198198198198182,1.0,4,True,97,0.09721830985915493,0.11110514018691565,0.2683783783783782,0.011105140186915644,0.1,0.09837837837837816,0.1,0.02,0.05,0.0,0.0
3.014222,90,36946.915484,medium,0.8038940809968848,2.803894080996885,2,900,8,4,4,4,4,0,0,0,0,0.009813084112149581,0.0,0.0,0.5988738738738739,1.0,3,True,59,0.040704225352112676,0.06346274845333685,0.23686486486486485,0.0034345794392523533,0.0600281690140845,0.07186486486486486,0.1,0.015,0.05,0.0,0.0
4.306431,73,36970.738916,medium,1.0,4.0,3,730,7,4,3,4,3,0,0,0,1,0.056752336448596785,0.008513513513513503,0.23029999999999431,1.0000000000000013,0.9999999999999961,5,True,83,0.07075704225352113,0.08443109944714972,0.29499999999999976,0.01986331775700887,0.09456778169014085,0.12000000000000016,0.0999999999999996,0.025,0.05,0.0,0.03
4.315793,84,36997.241839,medium,1.0,4.0,3,835,8,4,4,4,4,0,0,0,0,0.012266355140186988,0.03547297297297319,0.0,1.000000000000002,1.0,5,True,144,0.1280281690140845,0.10429322429906546,0.2950000000000002,0.004293224299065446,0.1,0.12000000000000022,0.1,0.025,0.05,0.0,0.0
4.24546,74,37026.29956,medium,1.0,4.0,3,733,6,4,2,4,2,0,0,0,2,0.07114485981308416,0.008040540540540618,0.10009999999999988,0.9999999999999996,0.9999999999999959,5,True,48,0.04647887323943662,0.023759855864156923,0.29499999999999954,0.024900700934579457,0.05885915492957746,0.11999999999999993,0.09999999999999959,0.025,0.05,0.0,0.06
4.320201,76,37051.635225,medium,1.0,4.0,3,752,8,4,4,4,4,0,0,0,0,0.0011448598130841133,0.003310810810810814,0.0,1.0000000000000004,1.0,5,True,96,0.08535211267605634,0.10040070093457945,0.295,0.00040070093457943964,0.1,0.11999999999999998,0.09999999999999999,0.025,0.05,0.0,0.0
4.245908,72,37075.275095,medium,1.0,4.0,3,714,7,3,4,3,4,0,0,0,1,0.017500000000000127,0.05060810810810848,0.0,1.0000000000000013,1.0,5,True,48,0.029577464788732393,0.022308098591549343,0.29500000000000015,0.0061250000000000445,0.046183098591549294,0.12000000000000016,0.1,0.025,0.05,0.0,0.03
4.273698,79,37100.815037,medium,1.0,4.0,3,788,8,4,4,4,4,0,0,0,0,0.0433255451713392,0.0,0.05033333333333333,1.0,0.9999999999999976,5,True,44,0.027112676056338027,0.05749844785222224,0.29499999999999976,0.015163940809968718,0.04233450704225352,0.12,0.09999999999999977,0.025,0.05,0.0,0.0
4.250005,83,37128.136215,medium,1.0,4.0,3,821,8,4,4,4,4,0,0,0,0,0.03728971962616811,0.0,0.044800000000000235,1.0,0.9999999999999979,5,True,25,0.015404929577464789,0.03710509905225743,0.29499999999999976,0.013051401869158838,0.02405369718309859,0.12,0.09999999999999978,0.025,0.05,0.0,0.0
3.189264,90,37157.08838,medium,0.8598130841121495,2.8598130841121496,2,900,8,4,4,4,4,0,0,0,0,0.06985981308411159,0.0,0.16099999999999734,1.0,0.9999999999999959,5,True,191,0.16954225352112676,0.12445093457943907,0.2949999999999996,0.024450934579439053,0.1,0.12000000000000002,0.09999999999999959,0.025,0.05,0.0,0.0
2.952903,83,37184.468099,medium,0.7073208722741433,2.7073208722741433,2,823,8,4,4,4,4,0,0,0,0,0.0022897196261682223,0.006621621621621616,0.0,0.5590090090090087,1.0,2,True,114,0.09147887323943663,0.10080140186915888,0.22708108108108105,0.0008014018691588778,0.1,0.06708108108108102,0.1,0.01,0.05,0.0,0.0
3.239501,90,37217.81389,medium,0.9420560747663551,2.942056074766355,2,900,8,4,4,4,4,0,0,0,0,0.07196261682242872,0.05250000000000023,0.23029999999999431,0.8324324324324299,0.9999999999999961,4,True,96,0.059154929577464786,0.11755311307094865,0.2698918918918912,0.02518691588785005,0.0923661971830986,0.09989189189189158,0.09999999999999962,0.02,0.05,0.0,0.0
4.238309,68,37239.436737,medium,1.0,4.0,3,677,5,1,4,1,4,0,0,0,3,0.0028816199376947046,0.008333333333333335,0.0,0.9999999999999996,1.0,5,True,88,0.10225352112676056,0.011008566978193149,0.29499999999999993,0.0010085669781931465,0.1,0.11999999999999991,0.1,0.025,0.05,0.0,0.09
4.315838,90,37269.168733,medium,1.0,4.0,3,891,8,4,4,4,4,0,0,0,0,0.028395638629283654,0.022522522522522535,0.02730000000000006,0.9999999999999988,0.9999999999999988,5,True,115,0.09869718309859155,0.10993847352024928,0.2949999999999997,0.009938473520249277,0.1,0.11999999999999982,0.0999999999999999,0.025,0.05,0.0,0.0
4.352966,75,37294.019738,medium,1.0,4.0,3,749,8,4,4,4,4,0,0,0,0,0.0939018691588771,0.0,0.1798999999999948,1.0,0.9999999999999974,5,True,96,0.09845070422535211,0.13286565420560698,0.29499999999999976,0.032865654205606984,0.1,0.12,0.09999999999999976,0.025,0.05,0.0,0.0
3.094365,90,37323.865879,medium,0.872196261682243,2.8721962616822427,2,900,8,4,4,4,4,0,0,0,0,0.019462616822430005,0.0,0.0,0.6304054054054054,1.0,3,True,63,0.04427816901408451,0.07152054264841388,0.24064864864864866,0.0068119158878505014,0.06470862676056338,0.07564864864864863,0.1,0.015,0.05,0.0,0.0
4.249053,72,37347.249191,medium,1.0,4.0,3,714,7,4,3,4,3,0,0,0,1,0.029766355140185666,0.0018918918918918932,0.12459999999999462,1.0000000000000004,1.0,5,True,40,0.033380281690140845,0.025453435566670624,0.29500000000000004,0.010418224299064981,0.04503521126760564,0.12000000000000004,0.1,0.025,0.05,0.0,0.03
4.334896,80,37378.594824,medium,1.0,4.0,3,796,8,4,4,4,4,0,0,0,0,0.07864485981308449,0.06887387387387413,0.15066666666666692,0.9999999999999967,0.9999999999999961,5,True,81,0.06862676056338028,0.11949577135711477,0.2949999999999992,0.027525700934579567,0.0919700704225352,0.11999999999999961,0.0999999999999996,0.025,0.05,0.0,0.0
4.142015,66,37401.070389,medium,1.0,4.0,3,659,1,0,1,0,1,0,0,0,7,0.0,0.0,0.0,1.0,1.0,5,True,24,0.027887323943661974,-0.08708450704225351,0.295,0.0,0.03291549295774648,0.11999999999999998,0.1,0.025,0.05,0.0,0.12
3.188015,90,37430.766235,medium,0.8787383177570094,2.8787383177570094,2,900,8,4,4,4,4,0,0,0,0,0.027741433021806688,0.04427927927927927,0.0315000000000001,0.9963963963963979,0.9999999999999984,4,True,124,0.11774647887323944,0.10970950155763234,0.2895675675675676,0.009709501557632342,0.1,0.11956756756756771,0.09999999999999987,0.02,0.05,0.0,0.0
3.15332,90,37460.027755,medium,0.8803738317757009,2.880373831775701,2,900,8,4,4,4,4,0,0,0,0,0.01612928348909657,0.041441441441441434,0.007699999999999997,0.8198198198198178,0.9999999999999997,4,True,72,0.07056338028169014,0.09456778443245141,0.26837837837837814,0.0056452492211837985,0.08892253521126761,0.09837837837837814,0.09999999999999999,0.02,0.05,0.0,0.0
3.066662,90,37489.408163,medium,0.79898753894081,2.79898753894081,2,900,8,4,4,4,4,0,0,0,0,0.05260124610591842,0.041441441441441434,0.1637999999999972,0.8240990990990971,0.9999999999999959,3,True,66,0.056496478873239435,0.09378279529200102,0.2638918918918912,0.018410436137071443,0.07537235915492958,0.09889189189189164,0.09999999999999959,0.015,0.05,0.0,0.0
1.832428,90,37518.553647,medium,0.7040498442367601,1.70404984423676,1,900,8,4,4,4,4,0,0,0,0,0.0,0.0,0.0,0.8198198198198198,0.0,4,False,94,0.10922535211267606,0.1,0.11837837837837839,0.0,0.1,0.09837837837837839,0.0,0.02,0.0,0.0,0.0
4.327686,76,37548.427201,medium,1.0,4.0,3,759,8,4,4,4,4,0,0,0,0,0.02453271028037405,0.07094594594594657,0.0,1.0000000000000002,1.0,5,True,117,0.08519366197183098,0.10858644859813092,0.29500000000000004,0.008586448598130916,0.1,0.12000000000000001,0.1,0.025,0.05,0.0,0.0
4.259315,80,37574.466693,medium,1.0,4.0,3,792,7,4,3,4,3,0,0,0,1,0.053691588785046346,0.07959459459459485,0.0,1.0000000000000009,1.0,5,True,50,0.039630281690140844,0.04351476734237185,0.2950000000000001,0.018792056074766222,0.054722711267605625,0.12000000000000008,0.09999999999999999,0.025,0.05,0.0,0.03
4.156544,69,37597.279041,medium,1.0,4.0,3,686,4,1,3,1,3,0,0,0,4,0.006869158878504692,0.01986486486486492,0.0,0.9999999999999992,1.0,5,True,49,0.030985915492957747,-0.06985635777280505,0.2949999999999999,0.0024042056074766423,0.04773943661971831,0.11999999999999988,0.1,0.025,0.05,0.0,0.12
3.240987,90,37626.98592,medium,0.9453271028037383,2.945327102803738,2,900,8,4,4,4,4,0,0,0,0,0.04180685358255408,0.041441441441441434,0.11759999999999789,0.8418918918918898,0.999999999999997,4,True,96,0.10225352112676056,0.11463239875389393,0.2710270270270265,0.014632398753893928,0.1,0.10102702702702679,0.09999999999999971,0.02,0.05,0.0,0.0
3.207006,90,37656.923174,medium,0.9376947040498442,2.9376947040498442,2,900,8,4,4,4,4,0,0,0,0,0.01465732087227414,0.04238738738738738,0.0,0.8198198198198178,1.0,4,True,74,0.06507042253521127,0.09093287920670438,0.26837837837837814,0.005130062305295949,0.08580281690140844,0.09837837837837811,0.1,0.02,0.05,0.0,0.0
3.228781,90,37685.638987,medium,0.9376947040498442,2.9376947040498442,2,900,8,4,4,4,4,0,0,0,0,0.03630841121495269,0.0,0.15539999999999754,0.8198198198198198,0.9999999999999961,4,True,96,0.07985915492957746,0.11270794392523345,0.26837837837837797,0.012707943925233441,0.1,0.09837837837837837,0.0999999999999996,0.02,0.05,0.0,0.0
4.19757,68,37712.663349,medium,1.0,4.0,3,675,4,0,4,0,4,0,0,0,4,0.0,0.0,0.0,1.0,1.0,5,True,80,0.06676056338028169,-0.02992957746478872,0.295,0.0,0.09007042253521128,0.11999999999999997,0.09999999999999999,0.025,0.05,0.0,0.12
4.174855,68,37735.212483,medium,1.0,4.0,3,672,3,2,1,2,1,0,0,0,5,0.0315654205607473,0.0,0.13509999999999844,1.0,0.9999999999999959,5,True,48,0.04267605633802817,-0.05294506055021732,0.2949999999999996,0.011047897196261555,0.05600704225352112,0.11999999999999998,0.0999999999999996,0.025,0.05,0.0,0.12
4.321094,80,37761.675377,medium,1.0,4.0,3,794,8,4,4,4,4,0,0,0,0,0.03502336448598137,0.0,0.011899999999999984,1.0,0.9999999999999996,5,True,82,0.06964788732394366,0.10549409306305121,0.29499999999999993,0.012258177570093476,0.09323591549295773,0.11999999999999997,0.09999999999999995,0.025,0.05,0.0,0.0
4.190321,68,37783.585203,medium,1.0,4.0,3,673,4,1,3,1,3,0,0,0,4,0.007359813084112174,0.0,0.0,1.0,1.0,5,True,67,0.06205985915492958,-0.03737917105436356,0.295,0.0025759345794392607,0.08004489436619718,0.11999999999999997,0.1,0.025,0.05,0.0,0.12
4.322469,81,37810.02128,medium,1.0,4.0,3,810,8,4,4,4,4,0,0,0,0,0.07899532710280238,0.051081081081081295,0.16449999999999357,0.999999999999998,0.9999999999999994,5,True,84,0.05176056338028169,0.10846878702119211,0.29499999999999965,0.027648364485980827,0.08082042253521128,0.1199999999999997,0.09999999999999995,0.025,0.05,0.0,0.0
4.333517,68,37831.948683,medium,1.0,4.0,3,673,8,4,4,4,4,0,0,0,0,0.016619937694704115,0.04806306306306326,0.0,0.9999999999999978,1.0,5,True,144,0.12633802816901407,0.10581697819314645,0.29499999999999976,0.005816978193146441,0.1,0.11999999999999975,0.1,0.025,0.05,0.0,0.0
4.269519,56,37850.397164,medium,1.0,4.0,3,551,6,2,4,2,4,0,0,0,2,0.0483722741433019,0.05427927927927927,0.0,0.9999999999999976,1.0,5,True,53,0.061584507042253524,0.029618676231845803,0.2949999999999997,0.01693029595015566,0.07268838028169014,0.11999999999999969,0.1,0.025,0.05,0.0,0.06
0.435098,73,37873.763281,medium,0.3359501557632399,0.3359501557632399,0,730,8,4,4,4,4,0,0,0,0,0.002616822429906571,0.007567567567567651,0.0,0.5519369369369366,0.0,1,False,109,0.09334507042253522,0.1009158878504673,0.07123243243243241,0.0009158878504672999,0.1,0.0662324324324324,0.0,0.005,0.0,0.0,0.0
0.470185,86,37907.253171,medium,0.36830218068535797,0.36830218068535797,0,854,8,4,4,4,4,0,0,0,0,0.008800623052959193,0.0041666666666666935,0.03149999999999864,0.5233108108108107,0.15516666666666531,2,False,75,0.07785211267605634,0.09896930257557798,0.08831396396396379,0.0030802180685357175,0.09588908450704227,0.06279729729729727,0.01551666666666653,0.01,0.0,0.0,0.0
4.30248,72,37930.43977,medium,1.0,4.0,3,716,7,3,4,3,4,0,0,0,1,0.02594236760124623,0.041441441441441434,0.049700000000000286,1.0000000000000016,0.9999999999999976,5,True,112,0.09353873239436619,0.07907982866043618,0.2949999999999999,0.00907982866043618,0.1,0.12000000000000013,0.09999999999999976,0.025,0.05,0.0,0.03
4.335211,77,37956.115402,medium,1.0,4.0,3,761,8,4,4,4,4,0,0,0,0,0.07883177570093354,0.0,0.167999999999997,1.0,0.9999999999999959,5,True,82,0.06362676056338028,0.11631119191786196,0.2949999999999996,0.02759112149532674,0.08872007042253521,0.12000000000000001,0.09999999999999959,0.025,0.05,0.0,0.0
3.24277,84,37984.039207,medium,0.942601246105919,2.942601246105919,2,834,8,4,4,4,4,0,0,0,0,0.03853582554517095,0.0769144144144148,0.05109999999999779,0.8340090090090052,1.0,4,True,146,0.12653169014084506,0.11348753894080985,0.2700810810810806,0.013487538940809835,0.1,0.1000810810810806,0.1,0.02,0.05,0.0,0.0
4.275558,71,38007.629391,medium,1.0,4.0,3,710,6,2,4,2,4,0,0,0,2,0.033021806853582615,0.0,0.1413333333333336,1.0,0.9999999999999961,5,True,192,0.1707042253521127,0.051557632398753925,0.2949999999999996,0.011557632398753915,0.1,0.12,0.0999999999999996,0.025,0.05,0.0,0.06
3.227358,90,38036.653283,medium,0.9376947040498442,2.9376947040498442,2,900,8,4,4,4,4,0,0,0,0,0.03224299065420567,0.0,0.0,0.8198198198198198,1.0,4,True,161,0.1374119718309859,0.11128504672897199,0.26837837837837836,0.011285046728971985,0.1,0.09837837837837836,0.09999999999999999,0.02,0.05,0.0,0.0
4.257022,74,38065.854147,medium,1.0,4.0,3,733,8,4,4,4,4,0,0,0,0,0.025677570093457835,0.0,0.0,1.0,1.0,5,True,27,0.01711267605633803,0.035321656574963764,0.295,0.008987149532710244,0.02633450704225352,0.11999999999999997,0.1,0.025,0.05,0.0,0.0
4.330585,76,38091.463309,medium,1.0,4.0,3,757,8,4,4,4,4,0,0,0,0,0.03224299065420567,0.0,0.0,1.0,1.0,5,True,130,0.11169014084507042,0.11128504672897199,0.295,0.011285046728971983,0.1,0.12,0.1,0.025,0.05,0.0,0.0
0.410493,74,38116.518664,medium,0.3167056074766355,0.3167056074766355,0,739,8,4,4,4,4,0,0,0,0,0.004088785046729017,0.011824324324324453,0.0,0.5104729729729724,0.0,1,False,139,0.12130281690140846,0.10143107476635516,0.0662567567567567,0.0014310747663551556,0.1,0.061256756756756695,0.0,0.005,0.0,0.0,0.0
3.252129,90,38145.981384,medium,0.9633177570093457,2.963317757009346,2,900,8,4,4,4,4,0,0,0,0,0.028481308411215125,0.03175675675675675,0.0700000000000005,0.8939189189189174,0.9999999999999966,4,True,82,0.06742957746478873,0.10154064104251687,0.27727027027026974,0.009968457943925296,0.09157218309859157,0.10727027027027006,0.09999999999999967,0.02,0.05,0.0,0.0
4.327537,73,38170.160742,medium,1.0,4.0,3,721,8,4,4,4,4,0,0,0,0,0.013247663551401377,0.0042567567567568035,0.05039999999999783,0.9999999999999998,1.0,5,True,78,0.08830985915492957,0.10463668224299048,0.295,0.004636682242990481,0.1,0.11999999999999997,0.1,0.025,0.05,0.0,0.0
4.283722,72,38193.810914,medium,1.0,4.0,3,714,7,4,3,4,3,0,0,0,1,0.08932242990654134,0.03972972972972998,0.18549999999999625,0.9999999999999983,0.9999999999999959,5,True,48,0.04647887323943662,0.060122005396866934,0.29499999999999943,0.03126285046728946,0.05885915492957747,0.11999999999999982,0.0999999999999996,0.025,0.05,0.0,0.03
4.333715,78,38219.069045,medium,1.0,4.0,3,771,8,4,4,4,4,0,0,0,0,0.04518691588785008,0.060202702702702886,0.0,0.9999999999999971,1.0,5,True,143,0.11376760563380282,0.11581542056074753,0.29499999999999965,0.015815420560747525,0.1,0.11999999999999965,0.09999999999999999,0.025,0.05,0.0,0.0
4.139001,65,38245.335624,medium,1.0,4.0,3,648,2,0,2,0,2,0,0,0,6,0.0,0.0,0.0,1.0,1.0,5,True,21,0.024401408450704227,-0.09119894366197183,0.29500000000000004,0.0,0.02880105633802817,0.12000000000000001,0.1,0.025,0.05,0.0,0.12
4.34499,76,38270.12533,medium,1.0,4.0,3,756,8,4,4,4,4,0,0,0,0,0.07311526479750798,0.017972972972973008,0.1483333333333336,1.000000000000003,0.9999999999999961,5,True,192,0.1707042253521127,0.1255903426791278,0.295,0.02559034267912779,0.1,0.12000000000000034,0.09999999999999962,0.025,0.05,0.0,0.0
3.247754,90,38299.833959,medium,0.9579439252336449,2.957943925233645,2,900,8,4,4,4,4,0,0,0,0,0.012585669781931446,0.028828828828828843,0.0,0.878378378378377,1.0,4,True,100,0.09070422535211267,0.10440498442367602,0.2754054054054052,0.0044049844236760055,0.1,0.10540540540540522,0.09999999999999999,0.02,0.05,0.0,0.0
4.316917,84,38327.212065,medium,1.0,4.0,3,839,8,4,4,4,4,0,0,0,0,0.040584112149532864,0.024121621621621885,0.0,0.9999999999999988,1.0,5,True,74,0.07281690140845071,0.10581711530867452,0.2949999999999999,0.014204439252336502,0.09161267605633802,0.11999999999999986,0.1,0.025,0.05,0.0,0.0
3.136715,81,38353.467521,medium,0.8634735202492212,2.8634735202492214,2,801,8,4,4,4,4,0,0,0,0,0.04491433021806831,0.041441441441441434,0.12739999999999874,0.6051801801801782,0.9999999999999961,3,True,96,0.07056338028169014,0.11572001557632391,0.23762162162162098,0.015720015576323902,0.1,0.07262162162162136,0.0999999999999996,0.015,0.05,0.0,0.0
4.326834,73,38377.056266,medium,1.0,4.0,3,728,8,4,4,4,4,0,0,0,0,0.013239875389408098,0.03828828828828828,0.0,1.0000000000000018,1.0,5,True,86,0.09063380281690141,0.10463395638629285,0.29500000000000026,0.0046339563862928335,0.1,0.12000000000000023,0.1,0.025,0.05,0.0,0.0
4.284697,73,38406.420875,medium,1.0,4.0,3,730,8,4,4,4,4,0,0,0,0,0.0,0.0,0.0,1.0,1.0,5,True,58,0.044929577464788734,0.06269718309859154,0.295,0.0,0.06269718309859154,0.11999999999999997,0.1,0.025,0.05,0.0,0.0
4.302089,80,38432.988135,medium,1.0,4.0,3,800,8,4,4,4,4,0,0,0,0,0.048247663551402066,0.01797297297297306,0.08890000000000023,0.9999999999999992,0.9999999999999959,5,True,70,0.04693661971830986,0.08708914703172312,0.2949999999999995,0.01688668224299072,0.07020246478873239,0.1199999999999999,0.09999999999999959,0.025,0.05,0.0,0.0
4.319416,80,38459.376656,medium,1.0,4.0,3,792,8,4,4,4,4,0,0,0,0,0.06126168224299041,0.0018918918918918108,0.13200000000000026,1.0,0.9999999999999961,5,True,65,0.06623239436619718,0.10361588455969453,0.2949999999999996,0.021441588785046643,0.08217429577464788,0.11999999999999998,0.09999999999999962,0.025,0.05,0.0,0.0
4.251269,69,38481.774458,medium,1.0,4.0,3,685,5,1,4,1,4,0,0,0,3,0.04219626168224153,0.0,0.18059999999999377,1.0,0.9999999999999984,5,True,94,0.09612676056338028,0.024768691588784544,0.2949999999999999,0.014768691588784537,0.1,0.12,0.09999999999999985,0.025,0.05,0.0,0.09
4.296836,72,38505.603857,medium,1.0,4.0,3,718,7,4,3,4,3,0,0,0,1,0.05380841121495194,0.0,0.23029999999999431,1.0,0.9999999999999961,5,True,72,0.06507042253521127,0.07363576082664164,0.29499999999999965,0.018832943925233176,0.08480281690140846,0.12000000000000001,0.09999999999999962,0.025,0.05,0.0,0.03
3.178478,76,38531.68988,medium,0.9044781931464174,2.904478193146417,2,760,8,4,4,4,4,0,0,0,0,0.008995327102803798,0.02601351351351368,0.0,0.7237612612612602,1.0,2,True,106,0.0953169014084507,0.10314836448598133,0.24685135135135117,0.003148364485981329,0.1,0.08685135135135118,0.1,0.01,0.05,0.0,0.0
4.338433,76,38555.625278,medium,1.0,4.0,3,754,8,4,4,4,4,0,0,0,0,0.05380841121495194,0.0,0.23029999999999431,1.0,0.9999999999999961,5,True,141,0.1359507042253521,0.11883294392523318,0.2949999999999996,0.018832943925233176,0.1,0.12,0.09999999999999962,0.025,0.05,0.0,0.0
4.362954,72,38583.85139,medium,1.0,4.0,3,712,8,4,4,4,4,0,0,0,0,0.1118691588785033,0.009459459459459446,0.23029999999999431,0.9999999999999996,0.9999999999999961,5,True,116,0.10258802816901408,0.13915420560747616,0.29499999999999954,0.03915420560747616,0.1,0.11999999999999993,0.0999999999999996,0.025,0.05,0.0,0.0
3.26738,90,38613.777973,medium,0.9727180685358254,2.9727180685358254,2,900,8,4,4,4,4,0,0,0,0,0.04736760124610576,0.06367117117117083,0.0,0.9211036036036006,1.0,4,True,71,0.06940140845070422,0.10412971677416519,0.2805324324324321,0.016578660436137017,0.08755105633802816,0.11053243243243208,0.1,0.02,0.05,0.0,0.0
4.189937,55,38632.382922,medium,1.0,4.0,3,545,3,1,2,1,2,0,0,0,5,0.010303738317757013,0.02695945945945959,0.004199999999999819,0.9999999999999993,1.0,5,True,48,0.05577464788732395,-0.05056270567329209,0.29499999999999993,0.0036063084112149544,0.06583098591549295,0.11999999999999991,0.1,0.025,0.05,0.0,0.12
3.281984,90,38661.902671,medium,0.9840342679127726,2.9840342679127727,2,900,8,4,4,4,4,0,0,0,0,0.014228971962616917,0.04114864864864892,0.0,0.9538288288288268,1.0,4,True,79,0.07867957746478874,0.10348982328550749,0.28445945945945916,0.00498014018691592,0.09850968309859157,0.11445945945945916,0.09999999999999999,0.02,0.05,0.0,0.0
3.075724,90,38691.516069,medium,0.8176791277258567,2.8176791277258566,2,900,8,4,4,4,4,0,0,0,0,0.02982866043613713,0.0,0.057333333333333326,0.8434684684684685,0.9999999999999971,4,True,69,0.042517605633802816,0.07682823537800011,0.27121621621621594,0.010440031152647994,0.06638820422535212,0.10121621621621621,0.09999999999999973,0.02,0.05,0.0,0.0
4.228372,71,38715.091179,medium,1.0,4.0,3,703,6,2,4,2,4,0,0,0,2,0.014330218068535823,0.041441441441441434,0.0,1.000000000000001,1.0,5,True,58,0.03954225352112676,0.0036722664648326103,0.2950000000000001,0.005015576323987538,0.05865669014084507,0.12000000000000009,0.1,0.025,0.05,0.0,0.06
3.294081,90,38749.505008,medium,0.9736993769470401,2.97369937694704,2,900,8,4,4,4,4,0,0,0,0,0.04394859813084092,0.011261261261261262,0.1413333333333336,1.0000000000000018,0.9999999999999961,5,True,93,0.09799295774647887,0.11538200934579433,0.2949999999999998,0.015382009345794326,0.1,0.1200000000000002,0.09999999999999963,0.025,0.05,0.0,0.0
4.225164,47,38765.459219,medium,1.0,4.0,3,465,4,1,3,1,3,0,0,0,4,0.05380841121495194,0.0,0.23029999999999431,1.0,0.9999999999999961,5,True,72,0.05577464788732395,-0.02333607015927386,0.2949999999999996,0.01883294392523318,0.07783098591549296,0.11999999999999998,0.0999999999999996,0.025,0.05,0.0,0.12
1.75878,81,38792.733878,medium,0.6361604361370711,1.6361604361370712,1,810,8,4,4,4,4,0,0,0,0,0.024859813084111608,0.029324324324324597,0.06299999999999728,0.7640315315315308,0.3919999999999973,3,False,48,0.033380281690140845,0.0577361458470447,0.14588378378378342,0.008700934579439063,0.049035211267605634,0.09168378378378365,0.039199999999999735,0.015,0.0,0.0,0.0
4.298716,72,38816.639203,medium,1.0,4.0,3,713,7,3,4,3,4,0,0,0,1,0.014330218068535823,0.041441441441441434,0.0,1.0000000000000016,1.0,5,True,109,0.0742605633802817,0.07501557632398755,0.2950000000000002,0.005015576323987539,0.1,0.12000000000000019,0.1,0.025,0.05,0.0,0.03
3.075411,90,38846.040212,medium,0.8116822429906542,2.811682242990654,2,900,7,4,3,4,3,0,0,0,1,0.02980529595015528,0.049774774774774766,0.05389999999999767,0.8608108108108085,1.0,4,True,117,0.10045774647887323,0.08043185358255435,0.273297297297297,0.010431853582554346,0.1,0.103297297297297,0.1,0.02,0.05,0.0,0.03
4.274497,72,38869.932788,medium,1.0,4.0,3,716,7,3,4,3,4,0,0,0,1,0.0,0.0,0.0,1.0,1.0,5,True,77,0.05679577464788733,0.051096830985915484,0.295,0.0,0.08109683098591548,0.12,0.1,0.025,0.05,0.0,0.03
2.007284,86,38897.412326,medium,0.8143380062305287,1.8143380062305288,1,856,8,4,4,4,4,0,0,0,0,0.037040498442366177,0.009684684684684686,0.09869999999999575,0.8198198198198194,0.4720333333333291,4,False,100,0.09535211267605634,0.11296417445482818,0.1655817117117112,0.012964174454828163,0.1,0.0983783783783783,0.04720333333333292,0.02,0.0,0.0,0.0
4.332563,74,38926.106376,medium,1.0,4.0,3,740,8,4,4,4,4,0,0,0,0,0.033037383177570226,0.06195945945945953,0.0,1.000000000000001,1.0,5,True,139,0.1353169014084507,0.11156308411214959,0.29500000000000015,0.011563084112149577,0.1,0.12000000000000012,0.1,0.025,0.05,0.0,0.0
3.044905,90,38956.168398,medium,0.7738707165109033,2.7738707165109036,2,900,8,4,4,4,4,0,0,0,0,0.0024532710280372773,0.007094594594594288,0.0,0.7514639639639636,1.0,4,True,107,0.10883802816901408,0.10085864485981305,0.2601756756756756,0.000858644859813047,0.1,0.09017567567567564,0.09999999999999999,0.02,0.05,0.0,0.0
4.190863,82,38983.201927,medium,1.0,4.0,3,811,6,4,2,4,2,0,0,0,2,0.050015576323987614,0.05770270270270242,0.0,1.0000000000000016,1.0,5,True,18,0.013943661971830987,-0.023036801807731093,0.2950000000000002,0.017505451713395667,0.019457746478873238,0.1200000000000002,0.09999999999999999,0.025,0.05,0.0,0.06
3.222599,90,39012.748958,medium,0.9376947040498442,2.9376947040498442,2,900,8,4,4,4,4,0,0,0,0,0.018644859813084246,0.053918918918919305,0.0,0.8198198198198171,1.0,4,True,192,0.1707042253521127,0.1065257009345795,0.268378378378378,0.006525700934579486,0.1,0.09837837837837804,0.1,0.02,0.05,0.0,0.0
4.181883,77,39038.124604,medium,1.0,4.0,3,764,5,4,1,4,1,0,0,0,3,0.05819314641744537,0.07898648648648658,0.0,1.0,1.0,5,True,24,0.027887323943661974,-0.03671690579614764,0.295,0.02036760124610588,0.03291549295774648,0.12,0.1,0.025,0.05,0.0,0.09
4.321441,74,39062.778497,medium,1.0,4.0,3,732,8,4,4,4,4,0,0,0,0,0.024065420560747716,0.0,0.0,1.0,1.0,5,True,88,0.06295774647887324,0.09964120705541663,0.295,0.008422897196261702,0.09121830985915493,0.11999999999999998,0.1,0.025,0.05,0.0,0.0
4.177405,69,39085.871037,medium,1.0,4.0,3,688,4,2,2,2,2,0,0,0,4,0.003925233644859773,0.008986486486486474,0.0,0.9999999999999996,1.0,5,True,56,0.05577464788732395,-0.048795182308806126,0.295,0.0013738317757009207,0.06983098591549294,0.11999999999999998,0.1,0.025,0.05,0.0,0.12
1.653521,90,39120.405068,medium,0.5699766355140184,1.5699766355140183,1,900,8,4,4,4,4,0,0,0,0,0.019299065420560462,0.034527027027027125,0.0,0.6601351351351334,0.0,3,False,58,0.058098591549295774,0.07932861655916801,0.09421621621621601,0.006754672897196162,0.07257394366197184,0.07921621621621601,0.0,0.015,0.0,0.0,0.0
3.258645,90,39150.76864,medium,0.9415887850467289,2.941588785046729,2,900,8,4,4,4,4,0,0,0,0,0.034447040498442584,0.07738738738738796,0.0,0.999999999999998,1.0,5,True,190,0.16892605633802818,0.1120564641744549,0.29499999999999976,0.012056464174454903,0.1,0.11999999999999976,0.1,0.025,0.05,0.0,0.0
4.208412,70,39173.370017,medium,1.0,4.0,3,695,5,2,3,2,3,0,0,0,3,0.0,0.0,0.0,1.0,1.0,5,True,61,0.05654929577464789,-0.017088028169014086,0.295,0.0,0.07291197183098591,0.11999999999999998,0.1,0.025,0.05,0.0,0.09
3.233189,90,39202.739177,medium,0.9376947040498442,2.9376947040498442,2,900,8,4,4,4,4,0,0,0,0,0.048901869158878564,0.04569819819819801,0.034000000000000016,0.8198198198198178,0.9999999999999984,4,True,96,0.07985915492957746,0.1171156542056075,0.26837837837837797,0.0171156542056075,0.1,0.09837837837837812,0.09999999999999985,0.02,0.05,0.0,0.0
3.255427,90,39232.802336,medium,0.958411214953271,2.958411214953271,2,900,8,4,4,4,4,0,0,0,0,0.032710280373831606,0.08040540540540551,0.0,0.8797297297297263,1.0,4,True,111,0.09109154929577465,0.11144859813084107,0.2755675675675672,0.011448598130841061,0.1,0.10556756756756715,0.1,0.02,0.05,0.0,0.0
4.3097,86,39259.818315,medium,1.0,4.0,3,853,8,4,4,4,4,0,0,0,0,0.0,0.0,0.0,1.0,1.0,5,True,96,0.07985915492957746,0.1,0.295,0.0,0.1,0.11999999999999997,0.1,0.025,0.05,0.0,0.0
3.265597,90,39294.070927,medium,0.9567757009345794,2.956775700934579,2,900,8,4,4,4,4,0,0,0,0,0.0680607476635507,0.012770270270270355,0.1819999999999964,0.8749999999999993,0.9999999999999959,4,True,82,0.08211267605633803,0.12382126168224275,0.2749999999999995,0.023821261682242748,0.1,0.1049999999999999,0.0999999999999996,0.02,0.05,0.0,0.0
4.328485,78,39320.036399,medium,1.0,4.0,3,778,8,4,4,4,4,0,0,0,0,0.03224299065420567,0.0,0.0,1.0,1.0,5,True,120,0.08704225352112677,0.11128504672897199,0.295,0.011285046728971983,0.1,0.11999999999999997,0.09999999999999999,0.025,0.05,0.0,0.0
4.320416,80,39346.845032,medium,1.0,4.0,3,796,8,4,4,4,4,0,0,0,0,0.014330218068535823,0.041441441441441434,0.0,1.0000000000000016,1.0,5,True,138,0.10795774647887324,0.10501557632398754,0.2950000000000002,0.005015576323987538,0.1,0.1200000000000002,0.1,0.025,0.05,0.0,0.0
4.267186,68,39369.240353,medium,1.0,4.0,3,673,6,2,4,2,4,0,0,0,2,0.006051401869158943,0.017027027027027214,0.0007000000000000002,1.0,1.0,5,True,90,0.06982394366197184,0.039485948400684506,0.295,0.0021179906542056295,0.09736795774647887,0.11999999999999998,0.1,0.025,0.05,0.0,0.06
4.1273,67,39391.168841,medium,1.0,4.0,3,670,3,2,1,2,1,0,0,0,5,0.00016355140186916073,0.0004729729729729783,0.0,1.0,1.0,5,True,20,0.01232394366197183,-0.10069979926286692,0.295,5.724299065420625e-05,0.019242957746478873,0.11999999999999995,0.1,0.025,0.05,0.0,0.12
3.203831,90,39420.014784,medium,0.927803738317757,2.927803738317757,2,900,8,4,4,4,4,0,0,0,0,0.022570093457944085,0.02554054054054065,0.05880000000000038,0.8970720720720708,0.9999999999999971,4,True,68,0.061971830985915494,0.08837840594971705,0.2776486486486482,0.007899532710280429,0.08047887323943662,0.10764864864864844,0.09999999999999973,0.02,0.05,0.0,0.0
4.262875,73,39448.615983,medium,1.0,4.0,3,725,7,4,3,4,3,0,0,0,1,0.04105140186915857,0.027905405405405564,0.11199999999999945,1.0000000000000002,0.9999999999999959,5,True,48,0.04267605633802817,0.04037503290772662,0.2949999999999996,0.014367990654205498,0.05600704225352113,0.12000000000000001,0.09999999999999959,0.025,0.05,0.0,0.03
4.331573,73,39472.894137,medium,1.0,4.0,3,723,8,4,4,4,4,0,0,0,0,0.025350467289719687,0.07331081081081099,0.0,1.0000000000000007,1.0,5,True,90,0.08602112676056338,0.10887266355140189,0.2950000000000001,0.00887266355140189,0.1,0.12000000000000006,0.1,0.025,0.05,0.0,0.0
3.214703,89,39502.389473,medium,0.9769470404984424,2.9769470404984424,2,888,8,4,4,4,4,0,0,0,0,0.0037616822429906867,0.010878378378378472,0.0,0.9333333333333327,1.0,4,True,40,0.030985915492957747,0.044556025404765054,0.28199999999999986,0.0013165887850467403,0.04323943661971831,0.11199999999999988,0.1,0.02,0.05,0.0,0.0
4.308476,74,39527.056492,medium,1.0,4.0,3,731,8,4,4,4,4,0,0,0,0,0.021362928348909693,0.041441441441441434,0.0,1.0000000000000016,1.0,5,True,72,0.05746478873239436,0.08657561647141417,0.29500000000000015,0.007477024922118393,0.07909859154929577,0.12000000000000016,0.1,0.025,0.05,0.0,0.0
4.314662,87,39555.286249,medium,1.0,4.0,3,864,8,4,4,4,4,0,0,0,0,0.01732087227414336,0.0,0.03633333333333335,1.0,0.9999999999999983,5,True,119,0.10316901408450704,0.10606230529595018,0.2949999999999999,0.0060623052959501746,0.1,0.12000000000000001,0.09999999999999984,0.025,0.05,0.0,0.0
3.132918,90,39583.739917,medium,0.8470404984423676,2.8470404984423676,2,900,8,4,4,4,4,0,0,0,0,0.0325467289719628,0.0033108108108108473,0.044800000000000235,0.9630630630630631,0.9999999999999979,3,True,72,0.06389084507042253,0.09530948894300388,0.28056756756756734,0.011391355140186977,0.0839181338028169,0.11556756756756754,0.09999999999999978,0.015,0.05,0.0,0.0
4.293028,78,39608.749084,medium,1.0,4.0,3,772,8,4,4,4,4,0,0,0,0,0.01897196261682255,0.0,0.0,1.0,1.0,5,True,57,0.053450704225352114,0.07522821508490196,0.295,0.006640186915887893,0.06858802816901408,0.11999999999999998,0.1,0.025,0.05,0.0,0.0
0.626068,78,39638.937269,medium,0.48272585669781903,0.48272585669781903,0,775,8,4,4,4,4,0,0,0,0,0.006869158878504376,0.0,0.029399999999998733,0.75,0.35606666666666537,3,False,72,0.05577464788732395,0.0802351915229695,0.1406066666666665,0.0024042056074765317,0.07783098591549296,0.08999999999999996,0.03560666666666654,0.015,0.0,0.0,0.0
4.166001,65,39660.281333,medium,1.0,4.0,3,650,5,1,4,1,4,0,0,0,3,0.00016355140186915892,0.0,0.0007000000000000002,1.0,1.0,5,True,24,0.018591549295774647,-0.0639990950375148,0.29500000000000004,5.724299065420562e-05,0.025943661971830987,0.12000000000000001,0.1,0.025,0.05,0.0,0.09
4.253929,72,39683.481428,medium,1.0,4.0,3,717,7,3,4,3,4,0,0,0,1,0.029766355140186596,0.0245945945945947,0.0,1.0000000000000027,1.0,5,True,40,0.040281690140845074,0.030629491904699116,0.2950000000000003,0.010418224299065307,0.050211267605633804,0.12000000000000031,0.1,0.025,0.05,0.0,0.03
4.345932,76,39707.880515,medium,1.0,4.0,3,757,8,4,4,4,4,0,0,0,0,0.07609034267912707,0.022702702702702877,0.03166666666666668,0.9999999999999988,0.9999999999999984,5,True,154,0.13964788732394368,0.12663161993769448,0.29499999999999965,0.02663161993769447,0.1,0.11999999999999982,0.09999999999999984,0.025,0.05,0.0,0.0
4.31488,86,39735.603965,medium,1.0,4.0,3,851,8,4,4,4,4,0,0,0,0,0.014228971962616915,0.0,0.0,1.0,1.0,5,True,140,0.12172535211267606,0.10498014018691593,0.295,0.00498014018691592,0.1,0.12,0.1,0.025,0.05,0.0,0.0
4.280963,90,39764.699367,medium,1.0,4.0,3,895,8,4,4,4,4,0,0,0,0,0.013738317757008872,0.005675675675675672,0.004200000000000004,0.9999999999999998,0.9999999999999999,5,True,68,0.04887323943661972,0.0754633407924179,0.295,0.004808411214953105,0.07065492957746479,0.11999999999999997,0.09999999999999999,0.025,0.05,0.0,0.0
3.085569,88,39798.244828,medium,0.8015732087227413,2.801573208722741,2,877,8,4,4,4,4,0,0,0,0,0.009478193146417374,0.021734234234234272,0.0,0.819819819819819,1.0,4,True,116,0.10193661971830986,0.10331736760124609,0.2683783783783783,0.0033173676012460806,0.1,0.09837837837837828,0.1,0.02,0.05,0.0,0.0
3.034795,90,39827.325451,medium,0.8411214953271028,2.8411214953271027,2,891,8,4,4,4,4,0,0,0,0,0.05495327102803605,0.003310810810810814,0.23029999999999431,0.5405405405405405,0.9999999999999961,3,True,35,0.021566901408450703,0.05290882091615065,0.22986486486486446,0.019233644859812615,0.03367517605633803,0.06486486486486484,0.09999999999999962,0.015,0.05,0.0,0.0
1.987933,90,39857.374581,medium,0.8012305295950144,1.8012305295950144,1,900,8,4,4,4,4,0,0,0,0,0.04415887850467179,0.0,0.1385999999999948,0.5957207207207207,0.747599999999994,3,False,138,0.11788732394366197,0.11545560747663514,0.16124648648648593,0.015455607476635127,0.1,0.07148648648648648,0.07475999999999942,0.015,0.0,0.0,0.0
4.162835,60,39876.440633,medium,1.0,4.0,3,598,4,0,4,0,4,0,0,0,4,0.0,0.0,0.0,1.0,1.0,5,True,41,0.03617957746478873,-0.07236531690140845,0.295,0.0,0.04763468309859155,0.12,0.1,0.025,0.05,0.0,0.12
1.832104,80,39903.022063,medium,0.7040498442367601,1.70404984423676,1,800,8,4,4,4,4,0,0,0,0,0.01782710280373845,0.051554054054054436,0.0,0.8198198198198171,0.0,4,False,68,0.06591549295774649,0.08967610569961831,0.11837837837837807,0.006239485981308458,0.08343661971830986,0.09837837837837807,0.0,0.02,0.0,0.0,0.0
4.290222,90,39932.057429,medium,1.0,4.0,3,899,8,4,4,4,4,0,0,0,0,0.05544392523364369,0.0,0.214199999999995,1.0,0.9999999999999961,5,True,53,0.0522887323943662,0.08512192312754994,0.2949999999999996,0.01940537383177529,0.06571654929577465,0.11999999999999998,0.09999999999999962,0.025,0.05,0.0,0.0
3.243339,90,39966.802158,medium,0.9535046728971963,2.9535046728971963,2,900,8,4,4,4,4,0,0,0,0,0.017056074766354783,0.025675675675675688,0.0,0.8655405405405393,1.0,4,True,144,0.12633802816901407,0.10596962616822418,0.2738648648648647,0.005969626168224175,0.1,0.10386486486486472,0.1,0.02,0.05,0.0,0.0
4.31831,83,39993.769907,medium,1.0,4.0,3,823,8,4,4,4,4,0,0,0,0,0.016028037383177682,0.0,0.0,1.0,1.0,5,True,166,0.14158450704225353,0.1056098130841122,0.295,0.005609813084112189,0.1,0.12000000000000001,0.09999999999999999,0.025,0.05,0.0,0.0
2.939839,84,40021.723494,medium,0.6774143302180685,2.6774143302180686,2,838,8,4,4,4,4,0,0,0,0,0.004579439252336452,0.013243243243243254,0.0,0.6635135135135136,1.0,3,True,120,0.11704225352112677,0.10160280373831776,0.2446216216216216,0.0016028037383177581,0.1,0.07962162162162162,0.1,0.015,0.05,0.0,0.0
1.73583,90,40050.977814,medium,0.5918925233644861,1.591892523364486,1,900,8,4,4,4,4,0,0,0,0,0.011526479750778848,0.009459459459459557,0.0,0.6580855855855853,0.35933333333333334,3,False,161,0.14066901408450705,0.10403426791277261,0.12990360360360356,0.0040342679127725965,0.1,0.07897027027027023,0.03593333333333333,0.015,0.0,0.0,0.0
3.091722,83,40078.383316,medium,0.7975077881619937,2.797507788161994,2,825,8,4,4,4,4,0,0,0,0,0.02381619937694711,0.06887387387387407,0.0,0.8198198198198168,1.0,4,True,126,0.1202112676056338,0.10833566978193149,0.268378378378378,0.008335669781931485,0.1,0.09837837837837801,0.1,0.02,0.05,0.0,0.0
3.164974,86,40105.352633,medium,0.8580218068535825,2.8580218068535825,2,853,8,4,4,4,4,0,0,0,0,0.06388629283489022,0.041441441441441434,0.17779999999999613,0.8324324324324304,0.9999999999999963,4,True,89,0.08102112676056338,0.12236020249221158,0.2698918918918913,0.022360202492211576,0.1,0.09989189189189165,0.09999999999999964,0.02,0.05,0.0,0.0
4.337168,74,40133.399203,medium,1.0,4.0,3,736,8,4,4,4,4,0,0,0,0,0.06558411214953151,0.03405405405405428,0.23029999999999431,1.0000000000000016,0.9999999999999961,5,True,82,0.06908450704225352,0.11576781953402618,0.2949999999999998,0.022954439252336024,0.09281338028169016,0.1200000000000002,0.09999999999999962,0.025,0.05,0.0,0.0
4.281542,73,40157.216146,medium,1.0,4.0,3,725,8,4,4,4,4,0,0,0,0,0.02584112149532713,0.0,0.013999999999999981,1.0,0.9999999999999994,5,True,49,0.033996478873239436,0.05904175167829407,0.29499999999999993,0.009044392523364494,0.049997359154929574,0.12,0.09999999999999994,0.025,0.05,0.0,0.0
4.294099,73,40180.517188,medium,1.0,4.0,3,729,8,4,4,4,4,0,0,0,0,0.025186915887850575,0.011824324324324358,0.0,1.0000000000000013,1.0,5,True,52,0.049577464788732394,0.07199851915229699,0.29500000000000015,0.008815420560747701,0.06318309859154929,0.12000000000000015,0.1,0.025,0.05,0.0,0.0
4.287162,77,40205.960056,medium,1.0,4.0,3,764,7,4,3,4,3,0,0,0,1,0.08385514018691483,0.049774774774774766,0.2008999999999956,1.000000000000002,0.9999999999999959,5,True,62,0.05095070422535211,0.06856232723443427,0.2949999999999998,0.02934929906542019,0.06921302816901408,0.12000000000000022,0.0999999999999996,0.025,0.05,0.0,0.03
3.165985,90,40235.14982,medium,0.8598130841121495,2.8598130841121496,2,900,8,4,4,4,4,0,0,0,0,0.003348909657320873,0.009684684684684686,0.0,0.9999999999999996,1.0,5,True,96,0.07225352112676056,0.1011721183800623,0.295,0.0011721183800623056,0.1,0.11999999999999995,0.1,0.025,0.05,0.0,0.0
4.279245,71,40258.930625,medium,1.0,4.0,3,705,6,2,4,2,4,0,0,0,2,0.06084112149532585,0.020337837837837897,0.23029999999999431,1.0000000000000029,0.9999999999999961,5,True,80,0.07126760563380281,0.05474509674871619,0.29499999999999993,0.02129439252336405,0.09345070422535214,0.12000000000000031,0.09999999999999962,0.025,0.05,0.0,0.06
3.179963,90,40287.932075,medium,0.9034267912772586,2.9034267912772584,2,900,8,4,4,4,4,0,0,0,0,0.07801401869158739,0.0,0.23029999999999431,0.7207207207207207,0.9999999999999961,4,True,86,0.05299295774647887,0.11004962485191473,0.2564864864864861,0.02730490654205558,0.08274471830985915,0.08648648648648648,0.09999999999999962,0.02,0.05,0.0,0.0
3.233025,90,40321.885008,medium,0.9376947040498442,2.9376947040498442,2,900,8,4,4,4,4,0,0,0,0,0.04843457943925205,0.051148648648648785,0.0,0.8198198198198173,1.0,4,True,96,0.07985915492957746,0.11695210280373822,0.2683783783783781,0.01695210280373822,0.1,0.09837837837837808,0.1,0.02,0.05,0.0,0.0
3.06665,75,40347.175777,medium,0.7778037383177568,2.7778037383177567,2,750,8,4,4,4,4,0,0,0,0,0.020872274143302047,0.06036036036035997,0.0,0.762837837837835,1.0,3,True,92,0.07676056338028169,0.10730529595015573,0.2565405405405402,0.007305295950155717,0.1,0.09154054054054019,0.1,0.015,0.05,0.0,0.0
4.326689,75,40370.897721,medium,1.0,4.0,3,743,8,4,4,4,4,0,0,0,0,0.017110591900311518,0.049481981981981955,0.0,0.9999999999999993,1.0,5,True,94,0.07281690140845071,0.10598870716510904,0.29499999999999993,0.005988707165109031,0.1,0.11999999999999991,0.1,0.025,0.05,0.0,0.0
4.316819,89,40399.926202,medium,1.0,4.0,3,890,8,4,4,4,4,0,0,0,0,0.030911214953270684,0.0,0.13229999999999853,1.0,0.9999999999999961,5,True,105,0.07779929577464789,0.11081892523364474,0.2949999999999996,0.010818925233644739,0.1,0.12,0.09999999999999962,0.025,0.05,0.0,0.0
4.299985,82,40426.707756,medium,1.0,4.0,3,813,8,4,4,4,4,0,0,0,0,0.04320093457943937,0.03168918918918936,0.0,0.9999999999999983,1.0,5,True,71,0.04755281690140845,0.08628493977886012,0.29499999999999976,0.015120327102803779,0.07116461267605634,0.11999999999999979,0.09999999999999999,0.025,0.05,0.0,0.0
4.347649,75,40450.820189,medium,1.0,4.0,3,747,8,4,4,4,4,0,0,0,0,0.07813862928348937,0.0769144144144148,0.010499999999999546,0.9999999999999998,1.0,5,True,175,0.1525880281690141,0.12734852024922128,0.295,0.027348520249221277,0.1,0.11999999999999997,0.1,0.025,0.05,0.0,0.0
4.218166,68,40477.836152,medium,1.0,4.0,3,671,5,1,4,1,4,0,0,0,3,0.014330218068535823,0.041441441441441434,0.0,1.0000000000000002,1.0,5,True,68,0.055,-0.00973442367601246,0.29500000000000004,0.005015576323987537,0.07525,0.12000000000000004,0.09999999999999999,0.025,0.05,0.0,0.09
4.265163,81,40503.812048,medium,1.0,4.0,3,806,8,4,4,4,4,0,0,0,0,0.013084112149532765,0.03216216216216234,0.0,0.9999999999999983,1.0,5,True,48,0.029577464788732393,0.05076253784388576,0.2949999999999998,0.004579439252336468,0.046183098591549294,0.11999999999999982,0.1,0.025,0.05,0.0,0.0
4.327845,85,40531.089253,medium,1.0,4.0,3,849,8,4,4,4,4,0,0,0,0,0.050700934579438625,0.03310810810810829,0.167999999999997,1.0000000000000002,0.9999999999999959,5,True,141,0.12454225352112676,0.11774532710280353,0.2949999999999996,0.017745327102803517,0.1,0.12000000000000002,0.09999999999999959,0.025,0.05,0.0,0.0
4.171455,61,40551.196992,medium,1.0,4.0,3,604,4,1,3,1,3,0,0,0,4,0.022242990654205617,0.06432432432432436,0.0,0.9999999999999971,1.0,5,True,51,0.03142605633802817,-0.0631454110175069,0.29499999999999965,0.0077850467289719665,0.04906954225352113,0.11999999999999963,0.09999999999999999,0.025,0.05,0.0,0.12
4.248131,63,40571.201443,medium,1.0,4.0,3,623,6,2,4,2,4,0,0,0,2,0.0,0.0,0.0,1.0,1.0,5,True,55,0.06390845070422535,0.015431338028169012,0.29500000000000004,0.0,0.07543133802816901,0.12000000000000002,0.1,0.025,0.05,0.0,0.06
3.136358,90,40600.637107,medium,0.9070093457943925,2.9070093457943926,2,900,8,4,4,4,4,0,0,0,0,0.05838785046728881,0.01324324324324322,0.2015999999999956,0.7310810810810806,0.9999999999999959,3,True,48,0.029577464788732393,0.06661884625510038,0.25272972972972924,0.020435747663551083,0.046183098591549294,0.08772972972972964,0.09999999999999959,0.015,0.05,0.0,0.0
3.079933,90,40629.167756,medium,0.7975077881619937,2.797507788161994,2,900,8,4,4,4,4,0,0,0,0,0.050989096573207326,0.05427927927927927,0.13789999999999406,0.8198198198198172,1.0,4,True,73,0.06626760563380282,0.10404688802597467,0.2683783783783781,0.017846183800622563,0.08620070422535211,0.09837837837837805,0.1,0.02,0.05,0.0,0.0
3.102393,90,40663.115766,medium,0.8288006230529595,2.8288006230529597,2,900,8,4,4,4,4,0,0,0,0,0.07114485981308291,0.050135135135135504,0.23029999999999431,0.9103153153153135,0.9999999999999961,4,True,55,0.0426056338028169,0.08435492628669168,0.2792378378378372,0.024900700934579016,0.059454225352112665,0.10923783783783758,0.09999999999999962,0.02,0.05,0.0,0.0
3.100679,86,40691.775422,medium,0.8289719626168224,2.8289719626168224,2,856,8,4,4,4,4,0,0,0,0,0.037943925233644565,0.021756756756756833,0.13019999999999862,0.6585585585585575,0.9999999999999961,3,True,120,0.09084507042253522,0.11328037383177561,0.2440270270270265,0.013280373831775598,0.1,0.07902702702702692,0.0999999999999996,0.015,0.05,0.0,0.0
1.937842,80,40718.555522,medium,0.7180451713395627,1.7180451713395626,1,799,8,4,4,4,4,0,0,0,0,0.04366822429906422,0.0,0.18689999999999485,0.6396396396396397,0.9265666666666585,3,False,84,0.09760563380281691,0.11528387850467248,0.1844134234234226,0.015283878504672475,0.1,0.07675675675675674,0.09265666666666587,0.015,0.0,0.0,0.0
4.291055,76,40742.716054,medium,1.0,4.0,3,751,8,4,4,4,4,0,0,0,0,0.054953271028036196,0.009932432432432541,0.22049999999999478,1.0,0.9999999999999959,5,True,51,0.03522887323943662,0.07115529978939013,0.2949999999999996,0.019233644859812667,0.05192165492957746,0.12000000000000001,0.09999999999999959,0.025,0.05,0.0,0.0
3.235473,90,40772.45922,medium,0.9578660436137072,2.9578660436137074,2,900,8,4,4,4,4,0,0,0,0,0.013052959501557637,0.020720720720720735,0.02520000000000003,0.8781531531531522,0.9999999999999989,4,True,69,0.07088028169014085,0.0922287470931508,0.2753783783783782,0.0045685358255451725,0.08766021126760563,0.10537837837837828,0.0999999999999999,0.02,0.05,0.0,0.0
4.297792,73,40796.379645,medium,1.0,4.0,3,728,8,4,4,4,4,0,0,0,0,0.03189252336448601,0.02554054054054065,0.0,1.0000000000000002,1.0,5,True,64,0.04323943661971831,0.07559196064235885,0.295,0.011162383177570102,0.06442957746478874,0.12,0.1,0.025,0.05,0.0,0.0
1.972092,80,40827.312116,medium,0.7526012461059176,1.7526012461059177,1,798,8,4,4,4,4,0,0,0,0,0.03336448598130697,0.0,0.14279999999999382,0.8292792792792792,0.7937999999999938,4,False,82,0.06362676056338028,0.10039764051599265,0.19889351351351292,0.01167757009345744,0.08872007042253521,0.09951351351351352,0.07937999999999941,0.02,0.0,0.0,0.0
3.188798,90,40856.376393,medium,0.9475077881619938,2.9475077881619938,2,900,8,4,4,4,4,0,0,0,0,0.055303738317756486,0.0,0.061599999999997344,0.8481981981981982,1.0,4,True,40,0.026866197183098593,0.05950595629853871,0.27178378378378376,0.019356308411214773,0.04014964788732394,0.10178378378378379,0.09999999999999999,0.02,0.05,0.0,0.0
4.327137,73,40880.330378,medium,1.0,4.0,3,725,8,4,4,4,4,0,0,0,0,0.01324766355140192,0.030743243243243408,0.0,1.0000000000000022,1.0,5,True,91,0.08345070422535211,0.10463668224299068,0.29500000000000026,0.004636682242990672,0.1,0.12000000000000027,0.1,0.025,0.05,0.0,0.0
4.337172,75,40905.514505,medium,1.0,4.0,3,746,8,4,4,4,4,0,0,0,0,0.047920560747663134,0.0,0.15329999999999763,1.0,0.9999999999999961,5,True,82,0.09528169014084507,0.1167721962616821,0.29499999999999965,0.016772196261682096,0.1,0.12000000000000001,0.09999999999999962,0.025,0.05,0.0,0.0
0.527184,75,40930.215434,medium,0.44075545171339564,0.44075545171339564,0,744,8,4,4,4,4,0,0,0,0,0.0004906542056074822,0.0014189189189189348,0.0,0.46380630630630626,0.0,1,False,130,0.13788732394366196,0.10017172897196262,0.06065675675675675,0.00017172897196261877,0.1,0.05565675675675675,0.0,0.005,0.0,0.0,0.0
4.338491,74,40955.109376,medium,1.0,4.0,3,739,8,4,4,4,4,0,0,0,0,0.05390965732087202,0.041441441441441434,0.0511000000000003,0.999999999999998,0.9999999999999974,5,True,79,0.07869718309859156,0.11739126738624887,0.2949999999999995,0.018868380062305207,0.09852288732394367,0.11999999999999975,0.09999999999999976,0.025,0.05,0.0,0.0
4.315622,84,40986.838884,medium,1.0,4.0,3,839,8,4,4,4,4,0,0,0,0,0.012920560747663375,0.0,0.0,1.0,1.0,5,True,76,0.08830985915492957,0.10452219626168219,0.295,0.004522196261682181,0.1,0.11999999999999998,0.1,0.025,0.05,0.0,0.0
4.333436,74,41011.247872,medium,1.0,4.0,3,739,8,4,4,4,4,0,0,0,0,0.07198598130840994,0.0,0.17009999999999428,1.0,0.9999999999999983,5,True,79,0.06352112676056337,0.11233593852836601,0.2949999999999998,0.02519509345794348,0.08714084507042254,0.11999999999999998,0.09999999999999985,0.025,0.05,0.0,0.0
2.967963,90,41040.420775,medium,0.7824454828660437,2.7824454828660437,2,900,8,4,4,4,4,0,0,0,0,0.03836448598130854,0.0,0.13200000000000026,0.38085585585585585,0.9999999999999961,2,True,57,0.03718309859154929,0.06981489403711995,0.20570270270270236,0.01342757009345799,0.056387323943661964,0.045702702702702706,0.09999999999999963,0.01,0.05,0.0,0.0
4.303871,70,41063.827664,medium,1.0,4.0,3,692,7,3,4,3,4,0,0,0,1,0.023060747663550905,0.0,0.0,1.0,1.0,5,True,129,0.12161971830985915,0.07807126168224282,0.295,0.008071261682242816,0.1,0.12,0.1,0.025,0.05,0.0,0.03
1.809187,84,41091.001445,medium,0.6629750778816194,1.6629750778816192,1,831,8,4,4,4,4,0,0,0,0,0.031238317757008936,0.03547297297297319,0.0,0.8198198198198181,0.0,4,False,151,0.1334507042253521,0.11093341121495313,0.11837837837837817,0.010933411214953127,0.1,0.09837837837837816,0.0,0.02,0.0,0.0,0.0
3.011398,78,41116.772472,medium,0.7431308411214953,2.7431308411214954,2,775,8,4,4,4,4,0,0,0,0,0.003598130841121528,0.0104054054054055,0.0,0.6625675675675671,1.0,3,True,96,0.08257042253521127,0.10125934579439254,0.24450810810810802,0.0012593457943925346,0.1,0.07950810810810806,0.09999999999999999,0.015,0.05,0.0,0.0
4.326014,79,41142.722523,medium,1.0,4.0,3,789,8,4,4,4,4,0,0,0,0,0.03974299065420581,0.0,0.08820000000000022,1.0,0.9999999999999961,5,True,70,0.08133802816901409,0.1099135678557326,0.2949999999999996,0.013910046728972034,0.09600352112676057,0.11999999999999995,0.09999999999999962,0.025,0.05,0.0,0.0
4.272184,71,41169.949361,medium,1.0,4.0,3,702,6,2,4,2,4,0,0,0,2,0.02109813084112117,0.03547297297297309,0.03779999999999837,1.0000000000000013,1.0,5,True,94,0.09063380281690141,0.04738434579439242,0.29500000000000015,0.007384345794392408,0.1,0.12000000000000012,0.1,0.025,0.05,0.0,0.06
4.164707,67,41192.230849,medium,1.0,4.0,3,663,2,0,2,0,2,0,0,0,6,0.0,0.0,0.0,1.0,1.0,5,True,48,0.04267605633802817,-0.06399295774647887,0.295,0.0,0.05600704225352113,0.12,0.1,0.025,0.05,0.0,0.12
4.290099,76,41217.398412,medium,1.0,4.0,3,755,8,4,4,4,4,0,0,0,0,0.010957943925233702,0.03168918918918935,0.0,0.9999999999999983,1.0,5,True,58,0.05035211267605634,0.07059936488087404,0.29499999999999976,0.0038352803738317958,0.06676408450704224,0.11999999999999977,0.1,0.025,0.05,0.0,0.0
4.286041,79,41243.374753,medium,1.0,4.0,3,786,8,4,4,4,4,0,0,0,0,0.0038940809968847356,0.0,0.0,1.0,1.0,5,True,68,0.04570422535211267,0.06964109736299418,0.295,0.0013629283489096575,0.06827816901408451,0.11999999999999997,0.1,0.025,0.05,0.0,0.0
3.250166,90,41272.42796,medium,0.9485981308411215,2.9485981308411215,2,900,8,4,4,4,4,0,0,0,0,0.05544392523364346,0.0,0.16519999999999357,0.8513513513513513,0.9999999999999992,4,True,88,0.10225352112676056,0.11940537383177521,0.2721621621621621,0.01940537383177521,0.1,0.10216216216216216,0.09999999999999996,0.02,0.05,0.0,0.0
3.300986,78,41298.381929,medium,0.9826947040498443,2.982694704049844,2,771,8,4,4,4,4,0,0,0,0,0.03614485981308427,0.04256756756756783,0.0,0.9499549549549546,1.0,4,True,72,0.08366197183098592,0.11139717980781894,0.2839945945945946,0.012650700934579494,0.09874647887323944,0.11399459459459456,0.1,0.02,0.05,0.0,0.0
0.435052,80,41323.946702,medium,0.3352959501557633,0.3352959501557633,0,792,8,4,4,4,4,0,0,0,0,0.01785046728971963,0.0009459459459459566,0.0,0.5642342342342342,0.0,1,False,102,0.08450704225352113,0.10624766355140187,0.07270810810810809,0.006247663551401869,0.1,0.06770810810810808,0.0,0.005,0.0,0.0,0.0
4.341028,75,41353.12616,medium,1.0,4.0,3,745,8,4,4,4,4,0,0,0,0,0.058652647975078416,0.07313063063063108,0.07700000000000058,1.0,0.9999999999999961,5,True,91,0.10573943661971831,0.12052842679127745,0.2949999999999996,0.020528426791277442,0.1,0.11999999999999998,0.0999999999999996,0.025,0.05,0.0,0.0
4.316016,84,41380.822298,medium,1.0,4.0,3,840,8,4,4,4,4,0,0,0,0,0.014330218068535823,0.041441441441441434,0.0,0.999999999999998,1.0,5,True,80,0.08313380281690141,0.10501557632398754,0.29499999999999976,0.005015576323987538,0.1,0.11999999999999975,0.09999999999999999,0.025,0.05,0.0,0.0
4.114385,72,41405.031186,medium,1.0,4.0,3,719,4,4,0,4,0,0,0,0,4,0.03224299065420567,0.0,0.0,1.0,1.0,5,True,0,0.0,-0.10871495327102801,0.29500000000000004,0.011285046728971983,0.0,0.12000000000000001,0.1,0.025,0.05,0.0,0.12
4.312531,79,41431.24111,medium,1.0,4.0,3,784,8,4,4,4,4,0,0,0,0,0.022242990654205617,0.06432432432432436,0.0,0.9999999999999971,1.0,5,True,78,0.06552816901408451,0.09593117348953537,0.29499999999999965,0.007785046728971966,0.0881461267605634,0.11999999999999965,0.1,0.025,0.05,0.0,0.0
3.189398,90,41460.611226,medium,0.8821651090342679,2.882165109034268,2,900,8,4,4,4,4,0,0,0,0,0.00637850467289721,0.0,0.0,1.0,1.0,5,True,158,0.13718309859154929,0.10223247663551403,0.295,0.0022324766355140235,0.1,0.11999999999999998,0.1,0.025,0.05,0.0,0.0
4.270939,79,41486.757791,medium,1.0,4.0,3,790,8,4,4,4,4,0,0,0,0,0.0442601246105915,0.041441441441441434,0.1280999999999983,0.9999999999999986,0.9999999999999963,5,True,41,0.025264084507042255,0.05493910699398871,0.2949999999999995,0.015491043613707022,0.03944806338028169,0.11999999999999984,0.09999999999999963,0.025,0.05,0.0,0.0
0.412738,77,41516.613687,medium,0.32264797507788157,0.32264797507788157,0,768,8,4,4,4,4,0,0,0,0,0.002943925233644786,0.003783783783783774,0.0,0.507162162162162,0.0,1,False,98,0.07566901408450705,0.10103037383177568,0.06585945945945944,0.001030373831775675,0.1,0.06085945945945944,0.0,0.005,0.0,0.0,0.0
3.234228,82,41543.488017,medium,0.9594158878504673,2.9594158878504673,2,820,8,4,4,4,4,0,0,0,0,0.03330218068535826,0.0788063063063063,0.0,0.8826351351351315,1.0,4,True,69,0.046320422535211264,0.08089608014128385,0.27591621621621576,0.01165576323987539,0.06924031690140846,0.10591621621621577,0.1,0.02,0.05,0.0,0.0
4.337814,74,41567.826533,medium,1.0,4.0,3,735,8,4,4,4,4,0,0,0,0,0.04661214953270947,0.06527027027027074,0.08679999999999626,1.0000000000000007,1.0,5,True,92,0.08830985915492957,0.11631425233644832,0.2950000000000001,0.01631425233644832,0.1,0.1200000000000001,0.1,0.025,0.05,0.0,0.0
4.2073,68,41590.011962,medium,1.0,4.0,3,677,4,0,4,0,4,0,0,0,4,0.0,0.0,0.0,1.0,1.0,5,True,82,0.08598591549295774,-0.01999999999999999,0.29500000000000004,0.0,0.1,0.12000000000000001,0.1,0.025,0.05,0.0,0.12
4.336031,86,41618.433827,medium,1.0,4.0,3,859,8,4,4,4,4,0,0,0,0,0.07694704049844249,0.0797297297297299,0.21133333333333362,0.9999999999999998,0.9999999999999961,5,True,168,0.1428169014084507,0.1269314641744549,0.2949999999999996,0.02693146417445487,0.1,0.11999999999999995,0.09999999999999964,0.025,0.05,0.0,0.0
4.319859,77,41643.736327,medium,1.0,4.0,3,764,8,4,4,4,4,0,0,0,0,0.00359813084112149,0.0,0.015399999999999978,1.0,0.9999999999999994,5,True,189,0.1828169014084507,0.10125934579439252,0.295,0.0012593457943925214,0.1,0.12000000000000002,0.09999999999999994,0.025,0.05,0.0,0.0
0.657743,79,41668.706913,medium,0.49794392523364445,0.49794392523364445,0,782,8,4,4,4,4,0,0,0,0,0.017336448598130442,0.021756756756756833,0.041999999999998185,0.638873873873873,0.45266666666666483,2,False,150,0.1328169014084507,0.10606775700934566,0.13193153153153125,0.0060677570093456545,0.1,0.07666486486486476,0.04526666666666649,0.01,0.0,0.0,0.0
4.331462,83,41701.076505,medium,1.0,4.0,3,826,8,4,4,4,4,0,0,0,0,0.054462616822429546,0.03831081081081082,0.13999999999999824,1.0,0.9999999999999959,5,True,85,0.08566901408450704,0.11906191588785035,0.29499999999999954,0.019061915887850344,0.1,0.11999999999999998,0.09999999999999958,0.025,0.05,0.0,0.0
4.33192,75,41726.041847,medium,1.0,4.0,3,747,8,4,4,4,4,0,0,0,0,0.03320093457943943,0.09601351351351402,0.0,0.9999999999999993,1.0,5,True,92,0.08830985915492957,0.1116203271028038,0.29499999999999993,0.011620327102803798,0.1,0.11999999999999994,0.1,0.025,0.05,0.0,0.0
4.147715,61,41746.533389,medium,1.0,4.0,3,602,2,1,1,1,1,0,0,0,6,0.0,0.0,0.0,1.0,1.0,5,True,24,0.027887323943661974,-0.08708450704225351,0.295,0.0,0.03291549295774648,0.12,0.1,0.025,0.05,0.0,0.12
2.94764,90,41776.474868,medium,0.7718925233644859,2.7718925233644858,2,900,8,4,4,4,4,0,0,0,0,0.006542056074766241,0.008986486486486586,0.0,0.7027027027027022,1.0,3,True,12,0.010845070422535212,0.01642352244306959,0.24932432432432428,0.002289719626168184,0.014133802816901408,0.08432432432432425,0.1,0.015,0.05,0.0,0.0
3.304115,90,41805.665869,medium,0.9959968847352024,2.9959968847352023,2,900,8,4,4,4,4,0,0,0,0,0.00890965732087209,0.013468468468468471,0.0,1.000000000000002,1.0,5,True,110,0.10380281690140845,0.10311838006230524,0.2950000000000002,0.0031183800623052317,0.1,0.12000000000000019,0.1,0.025,0.05,0.0,0.0
4.180428,70,41828.724594,medium,1.0,4.0,3,699,5,1,4,1,4,0,0,0,3,0.004579439252336451,0.013243243243243248,0.0,1.0000000000000022,1.0,5,True,34,0.03563380281690141,-0.044671844149006185,0.29500000000000026,0.0016028037383177577,0.04372535211267605,0.12000000000000027,0.1,0.025,0.05,0.0,0.09
4.23106,71,41856.743074,medium,1.0,4.0,3,710,6,4,2,4,2,0,0,0,2,0.08658878504672787,0.06556306306306342,0.214899999999995,1.0000000000000007,0.9999999999999959,5,True,34,0.026338028169014083,0.00705959589311532,0.29499999999999965,0.030306074766354753,0.036753521126760565,0.12000000000000005,0.09999999999999959,0.025,0.05,0.0,0.06
3.137979,90,41886.908211,medium,0.8302180685358256,2.8302180685358254,2,900,8,4,4,4,4,0,0,0,0,0.05151869158878388,0.0,0.20159999999999506,0.9144144144144144,0.9999999999999963,4,True,104,0.10690140845070423,0.11803154205607436,0.27972972972972937,0.018031542056074355,0.1,0.10972972972972972,0.09999999999999966,0.02,0.05,0.0,0.0
4.332494,82,41913.455997,medium,1.0,4.0,3,811,8,4,4,4,4,0,0,0,0,0.05380841121495194,0.0,0.23029999999999431,1.0,0.9999999999999961,5,True,88,0.07434859154929578,0.118594387587205,0.2949999999999996,0.018832943925233176,0.09976144366197183,0.12,0.0999999999999996,0.025,0.05,0.0,0.0
3.05637,90,41942.539798,medium,0.7975077881619937,2.797507788161994,2,900,8,4,4,4,4,0,0,0,0,0.023878504672896168,0.0,0.07489999999999676,0.8198198198198198,1.0,4,True,72,0.04816901408450704,0.08048423719889394,0.2683783783783784,0.00835747663551366,0.07212676056338028,0.09837837837837839,0.1,0.02,0.05,0.0,0.0
4.277749,77,41968.401146,medium,1.0,4.0,3,766,8,4,4,4,4,0,0,0,0,0.037616822429905016,0.0042567567567567575,0.15469999999999348,0.9999999999999998,0.9999999999999999,5,True,48,0.029577464788732393,0.05934898644201605,0.295,0.013165887850466755,0.046183098591549294,0.11999999999999998,0.09999999999999998,0.025,0.05,0.0,0.0
4.209457,70,41990.790701,medium,1.0,4.0,3,696,5,3,2,3,2,0,0,0,3,0.05969626168224254,0.02601351351351307,0.0,0.9999999999999993,1.0,5,True,43,0.04221830985915493,-0.01594257601684891,0.29499999999999993,0.020893691588784888,0.0531637323943662,0.11999999999999993,0.09999999999999999,0.025,0.05,0.0,0.09
4.285785,62,42011.144669,medium,1.0,4.0,3,615,6,3,3,3,3,0,0,0,2,0.03510124610591853,0.06509009009009019,0.05389999999999767,1.0000000000000007,1.0,5,True,94,0.07450704225352113,0.052285436137071484,0.29500000000000004,0.012285436137071481,0.1,0.12000000000000005,0.1,0.025,0.05,0.0,0.06
4.115162,71,42038.638259,medium,1.0,4.0,3,706,4,4,0,4,0,0,0,0,4,0.030747663551401534,0.0,0.0,1.0,1.0,5,True,0,0.0,-0.10923831775700946,0.295,0.010761682242990536,0.0,0.12,0.1,0.025,0.05,0.0,0.12
3.213028,83,42065.752733,medium,0.9338006230529595,2.9338006230529596,2,828,8,4,4,4,4,0,0,0,0,0.0,0.0,0.0,0.8085585585585585,1.0,3,True,105,0.10225352112676056,0.1,0.262027027027027,0.0,0.1,0.09702702702702701,0.1,0.015,0.05,0.0,0.0
4.186031,67,42086.675359,medium,1.0,4.0,3,668,4,0,4,0,4,0,0,0,4,0.0,0.0,0.0,1.0,1.0,5,True,72,0.05577464788732395,-0.04216901408450703,0.29499999999999993,0.0,0.07783098591549296,0.11999999999999993,0.1,0.025,0.05,0.0,0.12
2.017735,90,42117.23359,medium,0.827803738317757,1.827803738317757,1,900,8,4,4,4,4,0,0,0,0,0.024532710280373314,0.007567567567567558,0.0,0.8198198198198196,0.5296666666666666,4,False,94,0.09992957746478873,0.10858644859813066,0.171345045045045,0.008586448598130658,0.1,0.09837837837837834,0.05296666666666667,0.02,0.0,0.0,0.0
3.21502,90,42147.061664,medium,0.9475077881619938,2.9475077881619938,2,900,8,4,4,4,4,0,0,0,0,0.010794392523364543,0.031216216216216383,0.0,0.8481981981981966,1.0,4,True,72,0.06126760563380282,0.08572874160852971,0.2717837837837836,0.00377803738317759,0.08195070422535213,0.1017837837837836,0.1,0.02,0.05,0.0,0.0
4.270594,72,42171.088123,medium,1.0,4.0,3,718,7,3,4,3,4,0,0,0,1,0.03303738317756978,0.013243243243243004,0.12179999999999902,0.9999999999999996,0.9999999999999959,5,True,48,0.05577464788732395,0.04739407002764237,0.29499999999999954,0.011563084112149423,0.06583098591549295,0.11999999999999993,0.09999999999999962,0.025,0.05,0.0,0.03
3.243975,90,42205.423893,medium,0.9419781931464174,2.9419781931464173,2,900,8,4,4,4,4,0,0,0,0,0.06261682242990667,0.041441441441441434,0.20666666666666697,0.834009009009007,0.9999999999999961,4,True,101,0.08947183098591549,0.12191588785046734,0.2700810810810805,0.02191588785046733,0.1,0.10008108108108084,0.09999999999999962,0.02,0.05,0.0,0.0
4.253173,66,42227.908036,medium,1.0,4.0,3,659,6,2,4,2,4,0,0,0,2,0.0022897196261682223,0.006621621621621616,0.0,0.9999999999999996,1.0,5,True,64,0.06836267605633803,0.02407340891141241,0.29499999999999993,0.0008014018691588778,0.08327200704225353,0.11999999999999993,0.1,0.025,0.05,0.0,0.06
4.180674,54,42246.043538,medium,1.0,4.0,3,533,4,0,4,0,4,0,0,0,4,0.0,0.0,0.0,1.0,1.0,5,True,43,0.04996478873239436,-0.06102640845070422,0.295,0.0,0.058973591549295774,0.12,0.1,0.025,0.05,0.0,0.12
4.330368,76,42270.979769,medium,1.0,4.0,3,752,8,4,4,4,4,0,0,0,0,0.03019470404984441,0.041441441441441434,0.06790000000000047,0.999999999999998,0.9999999999999966,5,True,94,0.08482394366197184,0.11056814641744554,0.29499999999999943,0.010568146417445542,0.1,0.11999999999999977,0.09999999999999967,0.025,0.05,0.0,0.0
4.290271,78,42296.671339,medium,1.0,4.0,3,777,7,4,3,4,3,0,0,0,1,0.008489096573208727,0.0,0.03633333333333335,1.0,0.9999999999999983,5,True,117,0.10209507042253521,0.07297118380062306,0.2949999999999998,0.002971183800623054,0.1,0.12,0.09999999999999984,0.025,0.05,0.0,0.03
4.310008,75,42321.957887,medium,1.0,4.0,3,745,8,4,4,4,4,0,0,0,0,0.046573208722741496,0.041441441441441434,0.0,1.0000000000000016,1.0,5,True,73,0.04894366197183098,0.08950836953183276,0.2950000000000002,0.016300623052959522,0.07320774647887324,0.12000000000000018,0.1,0.025,0.05,0.0,0.0
1.956495,90,42351.765899,medium,0.7880841121495327,1.7880841121495328,1,900,8,4,4,4,4,0,0,0,0,0.012266355140186988,0.03547297297297319,0.0,0.8279279279279264,0.3476666666666667,4,False,114,0.10024647887323944,0.10429322429906546,0.15411801801801786,0.004293224299065446,0.1,0.09935135135135119,0.03476666666666667,0.02,0.0,0.0,0.0
4.349066,76,42381.163019,medium,1.0,4.0,3,753,8,4,4,4,4,0,0,0,0,0.08390186915887662,0.038783783783783866,0.18199999999999378,0.999999999999999,0.9999999999999983,5,True,92,0.08063380281690141,0.1293656542056068,0.2949999999999997,0.029365654205606814,0.1,0.11999999999999987,0.09999999999999985,0.025,0.05,0.0,0.0
3.113154,90,42411.266876,medium,0.9502336448598131,2.950233644859813,2,900,7,4,3,4,3,0,0,0,1,0.026028037383177622,0.07527027027027042,0.0,0.8560810810810778,1.0,4,True,1,0.0007746478873239436,-0.019809201000394877,0.2727297297297293,0.009109813084112166,0.0010809859154929577,0.10272972972972932,0.1,0.02,0.05,0.0,0.03
4.255622,80,42437.816347,medium,1.0,4.0,3,798,8,4,4,4,4,0,0,0,0,0.014719626168223792,0.0,0.04969999999999786,1.0,1.0,5,True,29,0.027693661971830985,0.04042211563775157,0.295,0.005151869158878326,0.035270246478873245,0.11999999999999998,0.1,0.025,0.05,0.0,0.0
4.223878,70,42460.953346,medium,1.0,4.0,3,699,5,2,3,2,3,0,0,0,3,0.05380841121495194,0.0,0.23029999999999431,1.0,0.9999999999999961,5,True,51,0.05926056338028169,-0.0012216335395555389,0.2949999999999996,0.01883294392523318,0.06994542253521127,0.11999999999999997,0.09999999999999963,0.025,0.05,0.0,0.09
2.009316,83,42488.867481,medium,0.8261682242990646,1.8261682242990647,1,829,8,4,4,4,4,0,0,0,0,0.038107476635513275,0.025540540540540658,0.08399999999999637,0.8198198198198193,0.5226666666666631,4,False,67,0.06475352112676057,0.09540275766750007,0.17064504504504463,0.013337616822429645,0.08206514084507043,0.09837837837837833,0.05226666666666631,0.02,0.0,0.0,0.0
4.316645,87,42517.831278,medium,1.0,4.0,3,865,8,4,4,4,4,0,0,0,0,0.028785046728972016,0.017027027027027214,0.09799999999999996,0.9999999999999992,0.9999999999999959,5,True,96,0.06676056338028169,0.10814518889035149,0.2949999999999995,0.010074766355140206,0.09807042253521128,0.11999999999999986,0.0999999999999996,0.025,0.05,0.0,0.0
3.104114,83,42549.324993,medium,0.8495404984423677,2.8495404984423676,2,821,8,4,4,4,4,0,0,0,0,0.016518691588785044,0.045878378378378444,0.0,0.9321396396396382,1.0,4,True,48,0.033380281690140845,0.0548167533236804,0.2818567567567566,0.0057815420560747635,0.049035211267605634,0.11185675675675658,0.09999999999999999,0.02,0.05,0.0,0.0
3.080302,90,42578.541482,medium,0.7975077881619937,2.797507788161994,2,900,8,4,4,4,4,0,0,0,0,0.01261682242990654,0.03648648648648648,0.0,0.819819819819818,1.0,4,True,96,0.08535211267605634,0.10441588785046729,0.26837837837837814,0.004415887850467288,0.1,0.09837837837837815,0.1,0.02,0.05,0.0,0.0
4.170346,55,42596.618448,medium,1.0,4.0,3,548,3,2,1,2,1,0,0,0,5,0.0492289719626157,0.0,0.2106999999999952,1.0,0.9999999999999959,5,True,24,0.027887323943661974,-0.06985436685533802,0.2949999999999996,0.017230140186915495,0.03291549295774648,0.12,0.09999999999999958,0.025,0.05,0.0,0.12
4.266763,72,42620.132817,medium,1.0,4.0,3,720,7,3,4,3,4,0,0,0,1,0.07752336448598066,0.039729729729730004,0.165199999999997,0.999999999999998,0.9999999999999961,5,True,34,0.03950704225352113,0.043763459260234075,0.2949999999999994,0.02713317757009323,0.04663028169014084,0.11999999999999976,0.0999999999999996,0.025,0.05,0.0,0.03
4.263676,72,42644.556083,medium,1.0,4.0,3,714,7,4,3,4,3,0,0,0,1,0.02757009345794398,0.0797297297297299,0.0,0.9999999999999998,1.0,5,True,50,0.04723591549295775,0.0400764693299987,0.29499999999999993,0.009649532710280392,0.06042693661971831,0.11999999999999994,0.1,0.025,0.05,0.0,0.03
4.327558,80,42671.054246,medium,1.0,4.0,3,797,8,4,4,4,4,0,0,0,0,0.03502336448598139,0.008040540540540604,0.0,0.9999999999999996,1.0,5,True,121,0.1023943661971831,0.11225817757009349,0.29499999999999993,0.012258177570093488,0.1,0.11999999999999994,0.1,0.025,0.05,0.0,0.0
4.2935,72,42695.041676,medium,1.0,4.0,3,715,7,4,3,4,3,0,0,0,1,0.0,0.0,0.0,1.0,1.0,5,True,109,0.095,0.07,0.295,0.0,0.1,0.11999999999999997,0.1,0.025,0.05,0.0,0.03
4.306897,81,42726.33938,medium,1.0,4.0,3,803,8,4,4,4,4,0,0,0,0,0.029275700934579176,0.0,0.0,1.0,1.0,5,True,72,0.06126760563380282,0.09219719955245484,0.295,0.01024649532710271,0.08195070422535213,0.11999999999999995,0.1,0.025,0.05,0.0,0.0
2.142598,90,42757.016785,medium,0.9163940809968846,1.9163940809968847,1,900,8,4,4,4,4,0,0,0,0,0.02185358255451702,0.056103603603603586,0.010499999999999546,0.8450450450450424,0.8714999999999995,4,False,116,0.0872887323943662,0.10764875389408096,0.20855540540540501,0.007648753894080957,0.1,0.10140540540540505,0.08714999999999998,0.02,0.0,0.0,0.0
3.045143,90,42787.357043,medium,0.7794937694704049,2.779493769470405,2,900,8,4,4,4,4,0,0,0,0,0.007850467289719587,0.017499999999999884,0.0,0.7677252252252245,1.0,3,True,80,0.07436619718309859,0.09852231143872578,0.25712702702702694,0.0027476635514018556,0.09577464788732393,0.09212702702702695,0.1,0.015,0.05,0.0,0.0
4.280011,74,42812.105074,medium,1.0,4.0,3,731,8,4,4,4,4,0,0,0,0,0.011604361370716387,0.0335585585585582,0.0,1.0000000000000022,1.0,5,True,50,0.03873239436619718,0.05811082225439862,0.29500000000000026,0.004061526479750736,0.054049295774647885,0.12000000000000023,0.1,0.025,0.05,0.0,0.0
1.811529,82,42839.911582,medium,0.6848831775700933,1.6848831775700934,1,819,8,4,4,4,4,0,0,0,0,0.017499999999999905,0.03310810810810783,0.0,0.7643918918918917,0.0,4,False,71,0.07359154929577465,0.09681866197183096,0.11172702702702701,0.006124999999999967,0.090693661971831,0.09172702702702701,0.0,0.02,0.0,0.0,0.0
3.175276,78,42865.016131,medium,0.9398753894080997,2.9398753894081,2,777,8,4,4,4,4,0,0,0,0,0.035490654205606945,0.0,0.15189999999999773,0.8261261261261261,0.9999999999999959,4,True,23,0.026725352112676057,0.04396574305646947,0.26913513513513476,0.01242172897196243,0.03154401408450704,0.09913513513513515,0.0999999999999996,0.02,0.05,0.0,0.0
4.263168,72,42888.355971,medium,1.0,4.0,3,716,7,4,3,4,3,0,0,0,1,0.03539719626168231,0.10236486486486505,0.0,0.9999999999999992,1.0,5,True,49,0.04383802816901408,0.03976753981834938,0.29499999999999993,0.012389018691588809,0.05737852112676056,0.11999999999999991,0.1,0.025,0.05,0.0,0.03
3.01109,86,42922.0899,medium,0.752297507788162,2.752297507788162,2,859,8,4,4,4,4,0,0,0,0,0.005724299065420624,0.016554054054054235,0.0,0.6890765765765758,1.0,2,True,110,0.09573943661971832,0.10200350467289722,0.24268918918918908,0.002003504672897218,0.1,0.08268918918918908,0.1,0.01,0.05,0.0,0.0
4.304384,80,42949.035257,medium,1.0,4.0,3,793,8,4,4,4,4,0,0,0,0,0.019236760124610473,0.05563063063063029,0.0,0.999999999999998,1.0,5,True,72,0.06126760563380282,0.08868357026896578,0.29499999999999976,0.006732866043613666,0.08195070422535211,0.11999999999999977,0.1,0.025,0.05,0.0,0.0
4.137919,55,42967.535395,medium,1.0,4.0,3,544,2,1,1,1,1,0,0,0,6,0.0,0.0,0.0,1.0,1.0,5,True,18,0.011091549295774649,-0.102681338028169,0.295,0.0,0.017318661971830986,0.11999999999999997,0.1,0.025,0.05,0.0,0.12
3.163387,82,42994.248185,medium,0.9118302180685359,2.911830218068536,2,814,8,4,4,4,4,0,0,0,0,0.02257009345794405,0.06385135135135173,0.002100000000000001,0.7450225225225205,0.9999999999999999,3,True,68,0.04887323943661972,0.07855446228774521,0.2544027027027025,0.007899532710280417,0.07065492957746479,0.0894027027027025,0.09999999999999998,0.015,0.05,0.0,0.0
3.23269,90,43024.075446,medium,0.9376947040498442,2.9376947040498442,2,900,8,4,4,4,4,0,0,0,0,0.04747663551401789,0.006756756756756758,0.13649999999999582,0.8198198198198197,0.9999999999999983,4,True,115,0.09140845070422535,0.11661682242990626,0.2683783783783782,0.01661682242990626,0.1,0.09837837837837833,0.09999999999999987,0.02,0.05,0.0,0.0
4.324416,76,43049.812866,medium,1.0,4.0,3,756,8,4,4,4,4,0,0,0,0,0.014330218068535823,0.041441441441441434,0.0,1.000000000000001,1.0,5,True,90,0.08218309859154929,0.10501557632398754,0.29500000000000015,0.005015576323987538,0.1,0.12000000000000012,0.1,0.025,0.05,0.0,0.0
4.327623,65,43076.154172,medium,1.0,4.0,3,646,7,3,4,3,4,0,0,0,1,0.07778037383177518,0.0,0.16700000000000026,1.0,0.9999999999999961,5,True,144,0.12475352112676057,0.0972231308411213,0.2949999999999996,0.02722313084112131,0.1,0.12000000000000001,0.0999999999999996,0.025,0.05,0.0,0.03
4.336509,82,43103.786021,medium,1.0,4.0,3,817,8,4,4,4,4,0,0,0,0,0.08032710280373707,0.0,0.20579999999999457,1.0,0.9999999999999967,5,True,84,0.07079225352112677,0.12320867612215304,0.29499999999999965,0.02811448598130797,0.09509419014084507,0.11999999999999998,0.09999999999999967,0.025,0.05,0.0,0.0
3.011156,90,43133.73391,medium,0.7303738317757009,2.730373831775701,2,900,8,4,4,4,4,0,0,0,0,0.006869158878504692,0.01986486486486492,0.0,0.8198198198198189,1.0,4,True,139,0.11727112676056338,0.10240420560747665,0.26837837837837825,0.002404205607476642,0.1,0.09837837837837825,0.1,0.02,0.05,0.0,0.0
3.181525,90,43163.083825,medium,0.8598130841121495,2.8598130841121496,2,900,8,4,4,4,4,0,0,0,0,0.04774922118379945,0.014639639639639643,0.08959999999999693,0.9999999999999993,0.9999999999999992,5,True,96,0.10225352112676056,0.11671222741432981,0.2949999999999999,0.016712227414329806,0.1,0.11999999999999991,0.09999999999999995,0.025,0.05,0.0,0.0
4.324117,73,43186.953245,medium,1.0,4.0,3,726,8,4,4,4,4,0,0,0,0,0.004906542056074762,0.014189189189189176,0.0,1.0000000000000024,1.0,5,True,87,0.08598591549295774,0.10171728971962617,0.2950000000000003,0.0017172897196261665,0.1,0.12000000000000029,0.1,0.025,0.05,0.0,0.0
4.332893,75,43211.323632,medium,1.0,4.0,3,747,8,4,4,4,4,0,0,0,0,0.03598130841121399,0.03168918918918936,0.10709999999999538,1.0000000000000022,1.0,5,True,96,0.08366197183098592,0.1125934579439249,0.2950000000000002,0.012593457943924897,0.1,0.12000000000000022,0.1,0.025,0.05,0.0,0.0
3.145387,88,43244.481923,medium,0.9034267912772586,2.9034267912772584,2,877,8,4,4,4,4,0,0,0,0,0.007196261682242694,0.0,0.0014000000000000004,0.7207207207207207,1.0,4,True,68,0.04887323943661972,0.07317362116624973,0.2564864864864865,0.0025186915887849427,0.07065492957746479,0.08648648648648648,0.1,0.02,0.05,0.0,0.0
4.303801,66,43267.169177,medium,1.0,4.0,3,653,7,3,4,3,4,0,0,0,1,0.03614485981308385,0.01939189189189194,0.018199999999999213,1.0000000000000002,1.0,5,True,76,0.07126760563380281,0.07410140515993147,0.29500000000000004,0.012650700934579345,0.09145070422535212,0.12000000000000001,0.1,0.025,0.05,0.0,0.03
4.321815,75,43291.921466,medium,1.0,4.0,3,743,8,4,4,4,4,0,0,0,0,0.08899532710280306,0.04114864864864892,0.1819999999999964,0.9999999999999983,0.9999999999999959,5,True,54,0.057288732394366194,0.10111491378175572,0.29499999999999943,0.03114836448598107,0.06996654929577464,0.11999999999999982,0.0999999999999996,0.025,0.05,0.0,0.0
4.290208,73,43316.330073,medium,1.0,4.0,3,721,8,4,4,4,4,0,0,0,0,0.035568535825545304,0.10286036036036074,0.0,0.9999999999999986,1.0,5,True,40,0.04647887323943662,0.06730814246851832,0.2949999999999998,0.012448987538940855,0.054859154929577464,0.1199999999999998,0.1,0.025,0.05,0.0,0.0
4.261511,61,43336.831645,medium,1.0,4.0,3,606,6,3,3,3,3,0,0,0,2,0.03728971962616762,0.0,0.15959999999999738,1.0,0.9999999999999959,5,True,54,0.06274647887323943,0.027111261024088243,0.2949999999999996,0.013051401869158662,0.07405985915492957,0.11999999999999998,0.09999999999999959,0.025,0.05,0.0,0.06
4.323497,83,43364.093638,medium,1.0,4.0,3,823,8,4,4,4,4,0,0,0,0,0.030848909657320397,0.031981981981981975,0.0,0.9999999999999983,1.0,5,True,159,0.14818661971830985,0.11079711838006215,0.2949999999999998,0.010797118380062138,0.1,0.1199999999999998,0.1,0.025,0.05,0.0,0.0
3.161669,84,43392.667434,medium,0.9422507788161996,2.9422507788161996,2,831,8,4,4,4,4,0,0,0,0,0.00735981308411223,0.021283783783784017,0.0,0.8329954954954946,1.0,3,True,35,0.02330985915492958,0.03755832894563647,0.26495945945945937,0.00257593457943928,0.034982394366197184,0.09995945945945935,0.1,0.015,0.05,0.0,0.0
4.317365,83,43424.322019,medium,1.0,4.0,3,821,8,4,4,4,4,0,0,0,0,0.012757009345794391,0.032635135135135315,0.0062999999999997286,1.0000000000000022,1.0,5,True,189,0.18359154929577465,0.10446495327102805,0.29500000000000026,0.004464953271028037,0.1,0.12000000000000025,0.09999999999999999,0.025,0.05,0.0,0.0
4.241968,70,43447.971799,medium,1.0,4.0,3,695,5,1,4,1,4,0,0,0,3,0.01848130841121481,0.0,0.0,1.0,1.0,5,True,144,0.1280281690140845,0.016468457943925194,0.29500000000000004,0.006468457943925182,0.1,0.12000000000000002,0.09999999999999999,0.025,0.05,0.0,0.09
4.321349,73,43472.569319,medium,1.0,4.0,3,723,8,4,4,4,4,0,0,0,0,0.046799065420560934,0.04209459459459477,0.0,1.0000000000000018,1.0,5,True,71,0.062359154929577464,0.09864903909437943,0.29500000000000015,0.016379672897196326,0.0822693661971831,0.12000000000000015,0.1,0.025,0.05,0.0,0.0
3.22207,90,43502.944792,medium,0.8968847352024922,2.8968847352024922,2,900,8,4,4,4,4,0,0,0,0,0.057671339563861945,0.06036036036036056,0.15749999999999525,0.9999999999999969,0.9999999999999982,5,True,86,0.09992957746478873,0.12018496884735169,0.29499999999999943,0.020184968847351686,0.1,0.11999999999999961,0.09999999999999981,0.025,0.05,0.0,0.0
3.174831,90,43532.578755,medium,0.8598130841121495,2.8598130841121496,2,900,8,4,4,4,4,0,0,0,0,0.028621495327102568,0.0,0.122499999999999,1.0,0.9999999999999959,5,True,128,0.11160211267605634,0.1100175233644859,0.29499999999999954,0.0100175233644859,0.1,0.11999999999999994,0.09999999999999959,0.025,0.05,0.0,0.0
4.214646,60,43552.178115,medium,1.0,4.0,3,591,3,0,3,0,3,0,0,0,5,0.0,0.0,0.0,1.0,1.0,5,True,72,0.08366197183098592,-0.021253521126760558,0.295,0.0,0.09874647887323944,0.11999999999999998,0.1,0.025,0.05,0.0,0.12
1.6197,90,43580.081393,medium,0.5451713395638629,1.5451713395638629,1,900,8,4,4,4,4,0,0,0,0,0.03224299065420567,0.0,0.0,0.36036036036036034,0.0,2,False,118,0.09271126760563381,0.11128504672897199,0.053243243243243234,0.011285046728971983,0.1,0.04324324324324323,0.0,0.01,0.0,0.0,0.0
4.323366,82,43612.949319,medium,1.0,4.0,3,811,8,4,4,4,4,0,0,0,0,0.07172897196261718,0.023175675675675765,0.1950000000000003,0.9999999999999988,0.9999999999999961,5,True,83,0.057147887323943665,0.10946605567987375,0.2949999999999995,0.02510514018691601,0.08436091549295774,0.11999999999999986,0.09999999999999962,0.025,0.05,0.0,0.0
4.232656,66,43635.406192,medium,1.0,4.0,3,653,6,2,4,2,4,0,0,0,2,0.04042056074766349,0.0,0.10499999999999976,1.0,0.9999999999999959,5,True,49,0.03241197183098592,0.0029561751349216625,0.2949999999999996,0.01414719626168222,0.048808978873239435,0.12,0.09999999999999959,0.025,0.05,0.0,0.06
4.322742,84,43663.522354,medium,1.0,4.0,3,836,8,4,4,4,4,0,0,0,0,0.03240654205607483,0.0,0.0007000000000000002,1.0,1.0,5,True,147,0.12725352112676055,0.11134228971962619,0.295,0.011342289719626187,0.1,0.11999999999999997,0.1,0.025,0.05,0.0,0.0
4.334076,80,43690.614603,medium,1.0,4.0,3,797,8,4,4,4,4,0,0,0,0,0.05364485981308313,0.0,0.10079999999999763,1.0,0.999999999999998,5,True,96,0.07436619718309859,0.11877570093457909,0.2949999999999998,0.018775700934579094,0.1,0.12,0.09999999999999983,0.025,0.05,0.0,0.0
4.18563,58,43710.181598,medium,1.0,4.0,3,573,4,1,3,1,3,0,0,0,4,0.02827881619937701,0.0004729729729729731,0.1203333333333336,1.0,0.9999999999999961,5,True,45,0.047376760563380284,-0.05206984390768282,0.2949999999999996,0.009897585669781954,0.058032570422535214,0.11999999999999998,0.09999999999999962,0.025,0.05,0.0,0.12
4.182731,59,43729.660887,medium,1.0,4.0,3,581,2,0,2,0,2,0,0,0,6,0.0,0.0,0.0,1.0,1.0,5,True,48,0.05577464788732395,-0.05416901408450704,0.295,0.0,0.06583098591549295,0.12,0.1,0.025,0.05,0.0,0.12
4.306514,75,43754.237417,medium,1.0,4.0,3,741,8,4,4,4,4,0,0,0,0,0.017336448598130935,0.0,0.07420000000000039,1.0,0.9999999999999963,5,True,58,0.0673943661971831,0.08561353165723315,0.29499999999999965,0.006067757009345826,0.07954577464788733,0.12000000000000001,0.09999999999999963,0.025,0.05,0.0,0.0
3.286279,86,43787.554652,medium,0.9895638629283489,2.9895638629283487,2,855,8,4,4,4,4,0,0,0,0,0.007359813084112174,0.021283783783783854,0.0,0.9698198198198188,1.0,4,True,68,0.07901408450704225,0.09583649795972096,0.28637837837837826,0.0025759345794392607,0.0932605633802817,0.11637837837837826,0.1,0.02,0.05,0.0,0.0
4.283381,86,43816.364837,medium,1.0,4.0,3,856,8,4,4,4,4,0,0,0,0,0.05135514018691553,0.01324324324324322,0.15119999999999773,1.0000000000000022,0.9999999999999961,5,True,48,0.04267605633802817,0.07398134131894156,0.2949999999999999,0.017974299065420436,0.05600704225352112,0.12000000000000025,0.09999999999999963,0.025,0.05,0.0,0.0
4.2141,61,43837.238413,medium,1.0,4.0,3,609,4,0,4,0,4,0,0,0,4,0.0,0.0,0.0,1.0,1.0,5,True,144,0.11492957746478873,-0.01999999999999999,0.295,0.0,0.1,0.12,0.1,0.025,0.05,0.0,0.12
4.305411,77,43862.987689,medium,1.0,4.0,3,764,8,4,4,4,4,0,0,0,0,0.012920560747663632,0.0,0.0,1.0,1.0,5,True,60,0.06971830985915493,0.08681092865604847,0.295,0.0045221962616822705,0.08228873239436621,0.12,0.1,0.025,0.05,0.0,0.0
4.288083,77,43888.877714,medium,1.0,4.0,3,762,8,4,4,4,4,0,0,0,0,0.04661214953270927,0.0,0.0951999999999959,1.0,1.0,5,True,49,0.03795774647887324,0.06928256219560316,0.29500000000000004,0.016314252336448242,0.052968309859154926,0.12000000000000001,0.1,0.025,0.05,0.0,0.0
3.233444,90,43918.212106,medium,0.942601246105919,2.942601246105919,2,900,8,4,4,4,4,0,0,0,0,0.03074766355140131,0.015608108108108178,0.0,0.834009009009009,1.0,4,True,122,0.08936619718309859,0.11076168224299046,0.2700810810810811,0.01076168224299046,0.1,0.10008108108108109,0.09999999999999999,0.02,0.05,0.0,0.0
3.02062,90,43952.749338,medium,0.761993769470405,2.761993769470405,2,900,8,4,4,4,4,0,0,0,0,0.0421962616822425,0.017500000000000192,0.1546999999999976,0.7171171171171162,0.9999999999999959,3,True,75,0.06040492957746479,0.09757238877188347,0.2510540540540535,0.014768691588784874,0.0828036971830986,0.08605405405405392,0.09999999999999958,0.015,0.05,0.0,0.0
1.825178,90,43982.517736,medium,0.7040498442367601,1.70404984423676,1,900,8,4,4,4,4,0,0,0,0,0.03224299065420567,0.0,0.0,0.8198198198198198,0.0,4,False,78,0.05661971830985915,0.09274983546136636,0.11837837837837836,0.011285046728971983,0.08146478873239438,0.09837837837837836,0.0,0.02,0.0,0.0,0.0
4.335554,83,44010.17588,medium,1.0,4.0,3,823,8,4,4,4,4,0,0,0,0,0.06529595015576337,0.0350000000000002,0.22766666666666696,0.9999999999999983,0.9999999999999961,5,True,192,0.1707042253521127,0.12285358255451719,0.2949999999999994,0.02285358255451718,0.1,0.11999999999999977,0.0999999999999996,0.025,0.05,0.0,0.0
3.245822,90,44039.935436,medium,0.9453271028037383,2.945327102803738,2,900,8,4,4,4,4,0,0,0,0,0.05562305295950082,0.03355855855855855,0.08539999999999633,0.8418918918918903,1.0,4,True,118,0.08580985915492957,0.11946806853582528,0.2710270270270268,0.019468068535825285,0.1,0.10102702702702682,0.1,0.02,0.05,0.0,0.0
4.276709,59,44059.211521,medium,1.0,4.0,3,587,6,2,4,2,4,0,0,0,2,0.0011682242990654211,0.0,0.0,1.0,1.0,5,True,94,0.08017605633802817,0.04040887850467291,0.29500000000000004,0.0004088785046728974,0.1,0.12000000000000004,0.09999999999999999,0.025,0.05,0.0,0.06
3.150012,88,44088.559288,medium,0.8366043613707165,2.8366043613707164,2,874,8,4,4,4,4,0,0,0,0,0.06817757009345761,0.024099099099099113,0.1413333333333336,0.9328828828828817,0.9999999999999967,3,True,118,0.1027112676056338,0.12386214953271016,0.2769459459459454,0.02386214953271016,0.1,0.11194594594594574,0.09999999999999966,0.015,0.05,0.0,0.0
4.326564,89,44122.175394,medium,1.0,4.0,3,884,8,4,4,4,4,0,0,0,0,0.05704049844236706,0.041441441441441434,0.10079999999999717,1.0000000000000016,0.9999999999999984,5,True,100,0.09161971830985915,0.11996417445482847,0.29500000000000004,0.019964174454828468,0.1,0.12000000000000018,0.09999999999999985,0.025,0.05,0.0,0.0
1.769081,90,44151.734237,medium,0.6635514018691588,1.6635514018691588,1,900,8,4,4,4,4,0,0,0,0,0.01242990654205615,0.03594594594594616,0.0,0.6853603603603586,0.025666666666666667,3,False,92,0.06049295774647887,0.09572018559957882,0.09980990990990969,0.004350467289719653,0.09136971830985917,0.08224324324324303,0.0025666666666666667,0.015,0.0,0.0,0.0
4.322698,80,44178.452172,medium,1.0,4.0,3,795,8,4,4,4,4,0,0,0,0,0.042375389408099914,0.10315315315315372,0.028700000000000073,0.999999999999998,0.9999999999999987,5,True,96,0.059154929577464786,0.10719758347593357,0.2949999999999996,0.014831386292834968,0.0923661971830986,0.11999999999999972,0.09999999999999987,0.025,0.05,0.0,0.0
3.107105,80,44205.435529,medium,0.8411214953271028,2.8411214953271027,2,798,8,4,4,4,4,0,0,0,0,0.04548286604361383,0.03828828828828828,0.0,0.5405405405405387,1.0,3,True,92,0.07359154929577465,0.11591900311526485,0.22986486486486463,0.01591900311526484,0.1,0.06486486486486465,0.1,0.015,0.05,0.0,0.0
4.168815,70,44229.872162,medium,1.0,4.0,3,691,5,1,4,1,4,0,0,0,3,0.0,0.0,0.0,1.0,1.0,5,True,24,0.027887323943661974,-0.05708450704225352,0.295,0.0,0.03291549295774648,0.11999999999999997,0.09999999999999999,0.025,0.05,0.0,0.09
4.119076,75,44255.394764,medium,1.0,4.0,3,747,4,4,0,4,0,0,0,0,4,0.05364485981308328,0.025540540540540623,0.191799999999996,1.0000000000000007,0.9999999999999959,5,True,0,0.0,-0.10122429906542085,0.29499999999999965,0.018775700934579146,0.0,0.12000000000000005,0.0999999999999996,0.025,0.05,0.0,0.12
3.068959,79,44280.966076,medium,0.7975077881619937,2.797507788161994,2,786,8,4,4,4,4,0,0,0,0,0.00015576323987538947,0.0004504504504504507,0.0,0.8198198198198198,1.0,4,True,81,0.05482394366197183,0.08167247488043528,0.26837837837837836,5.451713395638631e-05,0.08161795774647888,0.09837837837837836,0.1,0.02,0.05,0.0,0.0
3.321033,89,44315.394936,medium,0.9965732087227415,2.9965732087227415,2,882,8,4,4,4,4,0,0,0,0,0.06813862928348782,0.041441441441441434,0.23029999999999431,0.9900900900900881,0.9999999999999961,4,True,96,0.08535211267605634,0.12384852024922074,0.2888108108108101,0.02384852024922074,0.1,0.11881081081081052,0.09999999999999962,0.02,0.05,0.0,0.0
1.774928,83,44343.286145,medium,0.648208722741433,1.648208722741433,1,829,8,4,4,4,4,0,0,0,0,0.024369158878504618,0.0,0.0,0.6396396396396397,0.09333333333333334,3,False,163,0.14080985915492958,0.10852920560747661,0.10109009009009008,0.008529205607476616,0.1,0.07675675675675675,0.009333333333333334,0.015,0.0,0.0,0.0
4.150268,67,44366.113046,medium,1.0,4.0,3,662,2,0,2,0,2,0,0,0,6,0.0,0.0,0.0,1.0,1.0,5,True,41,0.02795774647887324,-0.07853169014084507,0.295,0.0,0.04146830985915493,0.11999999999999998,0.1,0.025,0.05,0.0,0.12
4.328461,81,44392.447825,medium,1.0,4.0,3,801,8,4,4,4,4,0,0,0,0,0.03874610591900322,0.02695945945945959,0.1203333333333336,0.9999999999999988,0.9999999999999961,5,True,183,0.16024647887323942,0.11356113707165114,0.2949999999999995,0.013561137071651123,0.1,0.11999999999999986,0.09999999999999962,0.025,0.05,0.0,0.0
4.332551,77,44418.32332,medium,1.0,4.0,3,767,8,4,4,4,4,0,0,0,0,0.04071651090342686,0.0037837837837837855,0.0,1.0000000000000007,1.0,5,True,168,0.14661971830985915,0.11425077881619941,0.29500000000000004,0.014250778816199398,0.1,0.12000000000000005,0.09999999999999999,0.025,0.05,0.0,0.0
4.307436,82,44444.850354,medium,1.0,4.0,3,819,8,4,4,4,4,0,0,0,0,0.034937694704049706,0.06698198198198221,0.0,1.0000000000000002,1.0,5,True,73,0.06080985915492958,0.09433558751261459,0.29500000000000004,0.012228193146417399,0.08210739436619718,0.12000000000000002,0.1,0.025,0.05,0.0,0.0
0.437447,76,44475.100779,medium,0.3419548286604362,0.3419548286604362,0,755,8,4,4,4,4,0,0,0,0,0.0027803738317757317,0.008040540540540628,0.0,0.583490990990991,0.0,0,False,127,0.11697183098591549,0.10097313084112151,0.07001891891891891,0.0009731308411215061,0.1,0.07001891891891891,0.0,0.0,0.0,0.0,0.0
4.289348,66,44497.573059,medium,1.0,4.0,3,651,7,3,4,3,4,0,0,0,1,0.046191588785046936,0.09527027027027044,0.0,0.9999999999999953,1.0,5,True,69,0.05170774647887324,0.05944786593392136,0.29499999999999943,0.016167056074766428,0.07328080985915493,0.11999999999999944,0.1,0.025,0.05,0.0,0.03
3.193023,90,44528.299501,medium,0.938753894080997,2.938753894080997,2,900,8,4,4,4,4,0,0,0,0,0.03434579439252356,0.04445945945945954,0.08120000000000047,0.8228828828828808,0.9999999999999961,4,True,66,0.040669014084507044,0.07552278860076353,0.2687459459459453,0.01202102803738325,0.06350176056338028,0.09874594594594571,0.09999999999999962,0.02,0.05,0.0,0.0
4.236817,64,44549.4319,medium,1.0,4.0,3,640,4,2,2,2,2,0,0,0,4,0.07376168224298886,0.0,0.22609999999999453,1.0,0.9999999999999959,5,True,93,0.0818661971830986,0.005816588785046095,0.29499999999999965,0.025816588785046096,0.1,0.12000000000000001,0.09999999999999962,0.025,0.05,0.0,0.12
3.153645,90,44578.1751,medium,0.8503894080996884,2.8503894080996885,2,900,8,4,4,4,4,0,0,0,0,0.018644859813083642,0.021283783783783854,0.04829999999999792,0.9727477477477467,1.0,4,True,154,0.1314612676056338,0.10652570093457928,0.2867297297297296,0.006525700934579276,0.1,0.1167297297297296,0.1,0.02,0.05,0.0,0.0
3.118693,90,44608.067953,medium,0.8585669781931464,2.8585669781931466,2,900,8,4,4,4,4,0,0,0,0,0.040591900311526624,0.041441441441441434,0.07599999999999998,0.590990990990989,0.9999999999999962,3,True,149,0.13253521126760565,0.11420716510903432,0.2359189189189183,0.014207165109034317,0.1,0.07091891891891867,0.09999999999999963,0.015,0.05,0.0,0.0
3.19248,90,44637.466618,medium,0.9110591900311527,2.9110591900311524,2,900,8,4,4,4,4,0,0,0,0,0.035101246105919116,0.041441441441441434,0.08890000000000023,0.7427927927927908,0.9999999999999959,4,True,102,0.10147887323943662,0.11228543613707169,0.2591351351351345,0.012285436137071688,0.1,0.08913513513513491,0.09999999999999959,0.02,0.05,0.0,0.0
4.173111,69,44664.917761,medium,1.0,4.0,3,683,4,3,1,3,1,0,0,0,4,0.09570093457943846,0.027905405405405547,0.23029999999999431,0.9999999999999988,0.9999999999999961,5,True,24,0.027887323943661974,-0.05358917993945006,0.2949999999999995,0.03349532710280346,0.03291549295774648,0.11999999999999984,0.09999999999999962,0.025,0.05,0.0,0.12
4.328385,73,44689.576434,medium,1.0,4.0,3,725,8,4,4,4,4,0,0,0,0,0.01681464174454835,0.04862612612612631,0.0,1.0000000000000016,1.0,5,True,98,0.1045774647887324,0.10588512461059192,0.2950000000000002,0.005885124610591922,0.1,0.12000000000000019,0.1,0.025,0.05,0.0,0.0
4.271794,72,44713.530042,medium,1.0,4.0,3,717,7,3,4,3,4,0,0,0,1,0.007196261682242986,0.020810810810810796,0.0,1.000000000000002,1.0,5,True,76,0.050633802816901406,0.0484940437014611,0.2950000000000002,0.0025186915887850446,0.07597535211267606,0.12000000000000023,0.09999999999999999,0.025,0.05,0.0,0.03
3.056896,90,44743.112025,medium,0.7959501557632399,2.79595015576324,2,900,8,4,4,4,4,0,0,0,0,0.06028816199376814,0.018738738738738745,0.23029999999999431,0.8153153153153148,0.9999999999999961,4,True,60,0.04267605633802817,0.08310789895133996,0.2678378378378374,0.021100856697818842,0.062007042253521126,0.09783783783783775,0.09999999999999962,0.02,0.05,0.0,0.0
3.166256,90,44772.98001,medium,0.848208722741433,2.848208722741433,2,900,8,4,4,4,4,0,0,0,0,0.06306853582554471,0.09630630630630682,0.0755999999999993,0.9664414414414382,0.9999999999999974,4,True,96,0.08915492957746479,0.12207398753894065,0.28597297297297225,0.022073987538940645,0.1,0.11597297297297252,0.09999999999999974,0.02,0.05,0.0,0.0
3.249811,90,44801.748711,medium,0.9496884735202492,2.9496884735202493,2,900,8,4,4,4,4,0,0,0,0,0.05023364485981329,0.05202702702702742,0.0,0.8545045045045019,1.0,4,True,96,0.07225352112676056,0.11758177570093466,0.2725405405405402,0.01758177570093465,0.1,0.10254054054054024,0.09999999999999999,0.02,0.05,0.0,0.0
4.340254,82,44834.400573,medium,1.0,4.0,3,818,8,4,4,4,4,0,0,0,0,0.07729750778816108,0.08117117117117162,0.20999999999999522,0.9999999999999996,0.9999999999999959,5,True,87,0.08799295774647888,0.1270541277258564,0.2949999999999996,0.027054127725856376,0.1,0.11999999999999997,0.0999999999999996,0.025,0.05,0.0,0.0
4.320832,85,44862.667114,medium,1.0,4.0,3,843,8,4,4,4,4,0,0,0,0,0.02894859813084081,0.05439189189189226,0.0,1.000000000000001,1.0,5,True,120,0.10774647887323943,0.11013200934579429,0.29500000000000015,0.010132009345794286,0.1,0.12000000000000013,0.1,0.025,0.05,0.0,0.0
4.329601,79,44889.456572,medium,1.0,4.0,3,782,8,4,4,4,4,0,0,0,0,0.03657320872274147,0.10576576576576588,0.0,0.9999999999999992,1.0,5,True,131,0.12394366197183099,0.11280062305295951,0.29499999999999993,0.012800623052959514,0.1,0.11999999999999991,0.09999999999999999,0.025,0.05,0.0,0.0
1.914784,85,44917.41595,medium,0.7137850467289714,1.7137850467289715,1,843,8,4,4,4,4,0,0,0,0,0.011448598130840627,0.0,0.048999999999997886,0.8198198198198198,0.6416666666666645,4,False,72,0.08366197183098592,0.10275348821903366,0.1825450450450448,0.004007009345794219,0.09874647887323944,0.09837837837837836,0.06416666666666646,0.02,0.0,0.0,0.0
4.307154,72,44941.504448,medium,1.0,4.0,3,715,7,4,3,4,3,0,0,0,1,0.045630841121495125,0.04067567567567594,0.13509999999999844,0.999999999999998,0.9999999999999959,5,True,76,0.0795774647887324,0.0836538929840726,0.2949999999999993,0.015970794392523288,0.0976830985915493,0.11999999999999975,0.09999999999999959,0.025,0.05,0.0,0.03
4.320616,80,44967.352768,medium,1.0,4.0,3,794,8,4,4,4,4,0,0,0,0,0.014330218068535823,0.041441441441441434,0.0,0.999999999999998,1.0,5,True,96,0.10225352112676056,0.10501557632398754,0.29499999999999976,0.005015576323987538,0.1,0.11999999999999975,0.1,0.025,0.05,0.0,0.0
4.178397,60,44987.443065,medium,1.0,4.0,3,593,3,0,3,0,3,0,0,0,5,0.0,0.0,0.0,1.0,1.0,5,True,58,0.044929577464788734,-0.05730281690140844,0.29500000000000004,0.0,0.06269718309859156,0.12000000000000001,0.1,0.025,0.05,0.0,0.12
4.239232,71,45016.678785,medium,1.0,4.0,3,703,6,2,4,2,4,0,0,0,2,0.022570093457943422,0.0,0.0,1.0,1.0,5,True,65,0.04551056338028169,0.014532455245491474,0.295,0.007899532710280197,0.06663292253521128,0.11999999999999998,0.1,0.025,0.05,0.0,0.06
4.331703,75,45041.781092,medium,1.0,4.0,3,742,8,4,4,4,4,0,0,0,0,0.031152647975077944,0.0,0.0,1.0,1.0,5,True,140,0.12172535211267606,0.11090342679127728,0.295,0.010903426791277279,0.1,0.11999999999999998,0.1,0.025,0.05,0.0,0.0
3.238374,90,45072.032883,medium,0.9485981308411215,2.9485981308411215,2,900,8,4,4,4,4,0,0,0,0,0.02175233644859827,0.025540540540540658,0.05530000000000034,0.8513513513513501,0.9999999999999972,4,True,141,0.11908450704225353,0.1076133177570094,0.2721621621621617,0.007613317757009395,0.1,0.10216216216216199,0.09999999999999973,0.02,0.05,0.0,0.0
1.829358,90,45101.798806,medium,0.6542056074766355,1.6542056074766354,1,900,8,4,4,4,4,0,0,0,0,0.03362928348909657,0.027252252252252265,0.0,0.7720720720720707,0.4573333333333333,3,False,153,0.13630281690140844,0.11177024922118381,0.15338198198198177,0.0117702492211838,0.1,0.09264864864864845,0.045733333333333334,0.015,0.0,0.0,0.0
4.201761,67,45124.118303,medium,1.0,4.0,3,665,4,0,4,0,4,0,0,0,4,0.0,0.0,0.0,1.0,1.0,5,True,68,0.07901408450704225,-0.026739436619718296,0.295,0.0,0.0932605633802817,0.11999999999999998,0.1,0.025,0.05,0.0,0.12
4.320099,74,45147.574889,medium,1.0,4.0,3,734,8,4,4,4,4,0,0,0,0,0.017523364485981307,0.05067567567567567,0.0,1.0000000000000013,1.0,5,True,96,0.059154929577464786,0.09849937475319206,0.2950000000000001,0.006133177570093457,0.0923661971830986,0.1200000000000001,0.09999999999999999,0.025,0.05,0.0,0.0
1.841442,79,45178.284956,medium,0.6595015576323975,1.6595015576323975,1,790,8,4,4,4,4,0,0,0,0,0.03613707165108907,0.019369369369369376,0.12599999999999456,0.6155405405405396,0.7116666666666612,2,False,68,0.07901408450704225,0.10590853845816287,0.15503153153153088,0.012647975077881178,0.09326056338028169,0.07386486486486472,0.07116666666666614,0.01,0.0,0.0,0.0
3.187896,90,45208.985886,medium,0.9034267912772586,2.9034267912772584,2,900,8,4,4,4,4,0,0,0,0,0.05137850467289735,0.0,0.029400000000000082,0.7207207207207207,0.9999999999999987,4,True,122,0.10929577464788733,0.11798247663551407,0.25648648648648636,0.017982476635514073,0.1,0.08648648648648646,0.09999999999999988,0.02,0.05,0.0,0.0
4.284551,84,45237.228328,medium,1.0,4.0,3,832,7,4,3,4,3,0,0,0,1,0.042585669781931665,0.039324324324324554,0.11566666666666693,1.0000000000000018,0.9999999999999961,5,True,76,0.0664612676056338,0.07275093512790143,0.2949999999999998,0.014904984423676082,0.08784595070422535,0.12000000000000023,0.0999999999999996,0.025,0.05,0.0,0.03
4.304233,72,45260.684337,medium,1.0,4.0,3,713,7,3,4,3,4,0,0,0,1,0.030093457943925123,0.009932432432432418,0.0,1.0000000000000016,1.0,5,True,94,0.07102112676056338,0.0805327102803738,0.2950000000000002,0.010532710280373793,0.1,0.1200000000000002,0.1,0.025,0.05,0.0,0.03
1.532638,77,45285.846462,medium,0.5106697819314642,1.510669781931464,1,767,8,4,4,4,4,0,0,0,0,0.0,0.0,0.0,0.2605855855855856,0.0,1,False,63,0.04119718309859155,0.062397887323943656,0.036270270270270265,0.0,0.062397887323943656,0.03127027027027027,0.0,0.005,0.0,0.0,0.0
4.233298,70,45308.528858,medium,1.0,4.0,3,700,5,1,4,1,4,0,0,0,3,0.014719626168223709,0.0,0.0,1.0,1.0,5,True,73,0.0755281690140845,0.008297995919441678,0.295,0.005151869158878297,0.09314612676056337,0.12,0.1,0.025,0.05,0.0,0.09
4.300239,75,45333.094122,medium,1.0,4.0,3,741,8,4,4,4,4,0,0,0,0,0.04137071651090327,0.03828828828828828,0.0,1.0000000000000018,1.0,5,True,60,0.04647887323943662,0.07933890570839361,0.29500000000000026,0.014479750778816143,0.06485915492957747,0.12000000000000023,0.1,0.025,0.05,0.0,0.0
1.877629,90,45367.840757,medium,0.6881230529595003,1.6881230529595004,1,900,8,4,4,4,4,0,0,0,0,0.02862149532710157,0.0,0.12249999999999471,0.5367117117117117,0.950833333333328,2,False,89,0.08482394366197184,0.11001752336448556,0.16948873873873824,0.01001752336448555,0.1,0.0644054054054054,0.09508333333333283,0.01,0.0,0.0,0.0
4.132177,69,45391.265088,medium,1.0,4.0,3,683,4,1,3,1,3,0,0,0,4,0.0,0.0,0.0,1.0,1.0,5,True,19,0.02130281690140845,-0.09452288732394366,0.295,0.0,0.025477112676056336,0.11999999999999998,0.1,0.025,0.05,0.0,0.12
4.3207,75,45416.459324,medium,1.0,4.0,3,743,8,4,4,4,4,0,0,0,0,0.0,0.0,0.0,1.0,1.0,5,True,106,0.07786971830985916,0.1,0.29500000000000004,0.0,0.1,0.12000000000000001,0.1,0.025,0.05,0.0,0.0
3.000252,90,45445.929146,medium,0.7542834890965732,2.754283489096573,2,900,8,4,4,4,4,0,0,0,0,0.019065420560747795,0.05108108108108146,0.006000000000000003,0.6948198198198172,0.9999999999999997,3,True,59,0.06855633802816902,0.08759015071738849,0.24837837837837806,0.006672897196261728,0.08091725352112676,0.08337837837837808,0.09999999999999998,0.015,0.05,0.0,0.0
4.306404,87,45475.113149,medium,1.0,4.0,3,864,8,4,4,4,4,0,0,0,0,0.029602803738317723,0.02743243243243257,0.0860999999999994,0.9999999999999988,0.9999999999999968,5,True,80,0.06325704225352112,0.09780376299855205,0.2949999999999995,0.010360981308411203,0.08744278169014084,0.11999999999999982,0.09999999999999969,0.025,0.05,0.0,0.0
4.30434,90,45504.340471,medium,1.0,4.0,3,900,8,4,4,4,4,0,0,0,0,0.011775700934579494,0.0028378378378378405,0.0,1.0000000000000004,1.0,5,True,96,0.06295774647887324,0.09933980518625776,0.2950000000000001,0.0041214953271028225,0.09521830985915494,0.12000000000000006,0.1,0.025,0.05,0.0,0.0
4.341804,75,45534.409518,medium,1.0,4.0,3,742,8,4,4,4,4,0,0,0,0,0.08318535825545043,0.07502252252252292,0.20999999999999408,1.0,0.9999999999999968,5,True,67,0.07785211267605634,0.12100395989644991,0.29499999999999965,0.029114875389407647,0.09188908450704227,0.11999999999999997,0.0999999999999997,0.025,0.05,0.0,0.0
4.304159,79,45560.885636,medium,1.0,4.0,3,781,8,4,4,4,4,0,0,0,0,0.014719626168224396,0.0,0.0,1.0,1.0,5,True,73,0.06080985915492958,0.08725926352507572,0.29500000000000004,0.005151869158878539,0.08210739436619718,0.12000000000000001,0.1,0.025,0.05,0.0,0.0
4.333864,90,45589.986274,medium,1.0,4.0,3,893,8,4,4,4,4,0,0,0,0,0.08046728971962452,0.014662162162162155,0.23029999999999431,0.9999999999999993,0.9999999999999961,5,True,181,0.15792253521126762,0.12816355140186858,0.29499999999999954,0.028163551401868582,0.1,0.11999999999999994,0.0999999999999996,0.025,0.05,0.0,0.0
4.318957,85,45618.04105,medium,1.0,4.0,3,850,8,4,4,4,4,0,0,0,0,0.02559190031152645,0.0,0.1021999999999998,1.0,0.9999999999999961,5,True,144,0.1280281690140845,0.10895716510903426,0.2949999999999996,0.008957165109034257,0.1,0.11999999999999998,0.09999999999999962,0.025,0.05,0.0,0.0
4.212126,70,45641.500276,medium,1.0,4.0,3,694,4,2,2,2,2,0,0,0,4,0.018644859813084235,0.0,0.0,1.0,1.0,5,True,96,0.08535211267605634,-0.013474299065420511,0.295,0.006525700934579482,0.1,0.12,0.1,0.025,0.05,0.0,0.12
4.334789,74,45665.277732,medium,1.0,4.0,3,735,8,4,4,4,4,0,0,0,0,0.03796728971962629,0.016554054054054235,0.0,1.0,1.0,5,True,115,0.08776408450704225,0.1132885514018692,0.295,0.013288551401869202,0.1,0.12,0.1,0.025,0.05,0.0,0.0
3.222264,90,45700.573414,medium,0.9436915887850468,2.9436915887850468,2,900,8,4,4,4,4,0,0,0,0,0.06280373831775574,0.029797297297297524,0.22469999999999424,0.8371621621621607,0.9999999999999962,4,True,77,0.05017605633802817,0.09811335066473564,0.2704594594594589,0.02198130841121451,0.07613204225352113,0.10045945945945928,0.09999999999999962,0.02,0.05,0.0,0.0
3.105916,81,45727.304371,medium,0.8989096573208722,2.898909657320872,2,806,8,4,4,4,4,0,0,0,0,0.025389408099688534,0.0,0.10866666666666693,0.7076576576576576,0.9999999999999961,3,True,21,0.024401408450704227,0.03768734917291915,0.2499189189189185,0.008886292834890987,0.028801056338028166,0.08491891891891887,0.09999999999999962,0.015,0.05,0.0,0.0
4.309251,81,45754.582572,medium,1.0,4.0,3,805,8,4,4,4,4,0,0,0,0,0.031074766355139845,0.0,0.041999999999998185,1.0,1.0,5,True,74,0.0625,0.09475116822429897,0.295,0.010876168224298946,0.08387500000000002,0.11999999999999997,0.1,0.025,0.05,0.0,0.0
4.222947,70,45778.439765,medium,1.0,4.0,3,697,5,3,2,3,2,0,0,0,3,0.02600467289719614,0.0,0.0,1.0,1.0,5,True,71,0.0573943661971831,-0.002352589838094027,0.295,0.009101635514018649,0.07854577464788733,0.11999999999999997,0.1,0.025,0.05,0.0,0.09
4.267639,78,45804.32165,medium,1.0,4.0,3,771,8,4,4,4,4,0,0,0,0,0.006214953271028047,0.0,0.02660000000000004,1.0,0.9999999999999988,5,True,44,0.03408450704225352,0.049738613926549956,0.2949999999999998,0.002175233644859816,0.04756338028169014,0.11999999999999995,0.09999999999999988,0.025,0.05,0.0,0.0
4.282744,68,45826.764304,medium,1.0,4.0,3,680,6,2,4,2,4,0,0,0,2,0.049493769470404535,0.041441441441441434,0.15049999999999777,0.999999999999998,0.9999999999999959,5,True,84,0.07522887323943662,0.05574447424421905,0.2949999999999994,0.017322819314641583,0.09842165492957747,0.11999999999999975,0.0999999999999996,0.025,0.05,0.0,0.06
4.317219,81,45853.224329,medium,1.0,4.0,3,805,8,4,4,4,4,0,0,0,0,0.09161214953270914,0.036418918918919144,0.200199999999994,0.9999999999999981,0.9999999999999976,5,True,68,0.04887323943661972,0.102719181913913,0.29499999999999954,0.0320642523364482,0.07065492957746479,0.11999999999999976,0.09999999999999977,0.025,0.05,0.0,0.0
4.300725,71,45881.750901,medium,1.0,4.0,3,704,7,3,4,3,4,0,0,0,1,0.01750000000000012,0.0004729729729729527,0.0,1.0,1.0,5,True,136,0.13672535211267606,0.07612500000000005,0.295,0.006125000000000043,0.1,0.11999999999999998,0.09999999999999999,0.025,0.05,0.0,0.03
4.241435,76,45907.550306,medium,1.0,4.0,3,753,6,4,2,4,2,0,0,0,2,0.09145638629283558,0.07236486486486547,0.08533333333333333,0.9999999999999963,0.9999999999999961,5,True,46,0.03563380281690141,0.021735087315168516,0.29499999999999915,0.03200973520249245,0.04972535211267606,0.11999999999999952,0.09999999999999962,0.025,0.05,0.0,0.06
4.168297,62,45928.55045,medium,1.0,4.0,3,619,3,0,3,0,3,0,0,0,5,0.0,0.0,0.0,1.0,1.0,5,True,43,0.044929577464788734,-0.06480281690140845,0.295,0.0,0.05519718309859155,0.11999999999999998,0.1,0.025,0.05,0.0,0.12
3.164077,77,45953.56093,medium,0.8585358255451714,2.8585358255451716,2,761,8,4,4,4,4,0,0,0,0,0.02485981308411236,0.021756756756756843,0.0,0.996306306306309,1.0,4,True,68,0.0658450704225352,0.09208473739634075,0.28955675675675707,0.008700934579439325,0.08338380281690143,0.11955675675675706,0.1,0.02,0.05,0.0,0.0
4.285927,74,45978.011268,medium,1.0,4.0,3,731,7,3,4,3,4,0,0,0,1,0.03058411214953239,0.0004729729729729731,0.13019999999999862,1.0,0.9999999999999961,5,True,73,0.062429577464788735,0.06402662235092789,0.2949999999999996,0.010704439252336337,0.08332218309859155,0.11999999999999995,0.09999999999999963,0.025,0.05,0.0,0.03
4.333833,80,46003.478679,medium,1.0,4.0,3,800,8,4,4,4,4,0,0,0,0,0.05380841121495194,0.0,0.23029999999999431,1.0,0.9999999999999961,5,True,102,0.08450704225352113,0.11883294392523319,0.2949999999999996,0.01883294392523318,0.1,0.11999999999999998,0.09999999999999963,0.025,0.05,0.0,0.0
4.307534,74,46029.240472,medium,1.0,4.0,3,731,8,4,4,4,4,0,0,0,0,0.016292834890965727,0.0471171171171171,0.0,1.0000000000000013,1.0,5,True,64,0.06390845070422535,0.08563383024000702,0.29500000000000015,0.005702492211838004,0.07993133802816901,0.12000000000000015,0.09999999999999999,0.025,0.05,0.0,0.0
4.316418,74,46058.732518,medium,1.0,4.0,3,738,8,4,4,4,4,0,0,0,0,0.0,0.0,0.0,1.0,1.0,5,True,96,0.06295774647887324,0.09521830985915494,0.29500000000000004,0.0,0.09521830985915494,0.12000000000000001,0.1,0.025,0.05,0.0,0.0
3.150712,87,46087.61067,medium,0.8558411214953271,2.855841121495327,2,864,8,4,4,4,4,0,0,0,0,0.01737538940809975,0.03358108108108127,0.024666666666666677,0.8765765765765762,0.9999999999999989,4,True,105,0.07779929577464789,0.10608138629283492,0.27518918918918905,0.006081386292834913,0.1,0.10518918918918913,0.09999999999999991,0.02,0.05,0.0,0.0
3.150502,90,46117.910047,medium,0.8889408099688474,2.8889408099688474,2,900,8,4,4,4,4,0,0,0,0,0.028862928348909713,0.007567567567567558,0.0,0.6788288288288286,1.0,2,True,127,0.11262323943661971,0.1101020249221184,0.2414594594594594,0.010102024922118398,0.1,0.0814594594594594,0.1,0.01,0.05,0.0,0.0
4.338572,73,46141.675059,medium,1.0,4.0,3,725,8,4,4,4,4,0,0,0,0,0.04591900311526437,0.011486486486486489,0.1343999999999978,1.000000000000002,0.9999999999999967,5,True,82,0.09528169014084507,0.11607165109034254,0.29499999999999993,0.016071651090342528,0.1,0.12000000000000025,0.09999999999999967,0.025,0.05,0.0,0.0
4.30639,72,46165.427298,medium,1.0,4.0,3,717,7,4,3,4,3,0,0,0,1,0.09584112149532545,0.0,0.23029999999999431,1.0,0.9999999999999961,5,True,58,0.0673943661971831,0.08309016717125123,0.2949999999999996,0.03354439252336391,0.07954577464788731,0.11999999999999998,0.0999999999999996,0.025,0.05,0.0,0.03
4.206087,62,46185.132505,medium,1.0,4.0,3,613,5,1,4,1,4,0,0,0,3,0.02811526479750785,0.0,0.1203333333333336,1.0,0.9999999999999961,5,True,41,0.04272887323943662,-0.027613002391294786,0.2949999999999996,0.009840342679127746,0.05254665492957746,0.11999999999999998,0.0999999999999996,0.025,0.05,0.0,0.09
4.304433,82,46217.460831,medium,1.0,4.0,3,814,8,4,4,4,4,0,0,0,0,0.03352803738317733,0.014189189189189176,0.09590000000000001,0.9999999999999993,0.9999999999999959,5,True,72,0.05746478873239436,0.09083340463340785,0.2949999999999995,0.011734813084112066,0.07909859154929579,0.11999999999999988,0.09999999999999959,0.025,0.05,0.0,0.0
4.235701,70,46240.49632,medium,1.0,4.0,3,697,5,1,4,1,4,0,0,0,3,0.0011448598130841133,0.003310810810810814,0.0,0.9999999999999998,1.0,5,True,84,0.08068661971830986,0.010400700934579454,0.295,0.00040070093457943964,0.1,0.11999999999999998,0.1,0.025,0.05,0.0,0.09
3.102352,77,46265.610565,medium,0.8491433021806853,2.8491433021806856,2,761,8,4,4,4,4,0,0,0,0,0.004742990654205601,0.013716216216216198,0.0,0.5637387387387381,1.0,2,True,160,0.14169014084507042,0.10166004672897197,0.22764864864864853,0.0016600467289719601,0.1,0.06764864864864854,0.1,0.01,0.05,0.0,0.0
4.231627,70,46289.172921,medium,1.0,4.0,3,696,5,1,4,1,4,0,0,0,3,0.0028816199376947046,0.008333333333333335,0.0,1.0000000000000013,1.0,5,True,96,0.06295774647887324,0.006226876837348086,0.29500000000000015,0.0010085669781931465,0.09521830985915494,0.12000000000000013,0.1,0.025,0.05,0.0,0.09
4.338328,81,46315.929018,medium,1.0,4.0,3,802,8,4,4,4,4,0,0,0,0,0.07196261682242817,0.017027027027027047,0.1343999999999942,0.9999999999999992,1.0,5,True,92,0.0697887323943662,0.12352846518362451,0.29499999999999993,0.02518691588784986,0.09834154929577466,0.1199999999999999,0.1,0.025,0.05,0.0,0.0
4.315,80,46342.65121,medium,1.0,4.0,3,800,8,4,4,4,4,0,0,0,0,0.0,0.0,0.0,1.0,1.0,5,True,151,0.1339788732394366,0.1,0.295,0.0,0.1,0.12000000000000001,0.09999999999999999,0.025,0.05,0.0,0.0
4.311175,76,46366.818295,medium,1.0,4.0,3,753,8,4,4,4,4,0,0,0,0,0.05792056074766382,0.0,0.04060000000000019,1.0,0.999999999999998,5,True,57,0.05693661971830986,0.09147466105041474,0.2949999999999998,0.020272196261682335,0.0712024647887324,0.12,0.09999999999999981,0.025,0.05,0.0,0.0
4.348509,73,46395.67417,medium,1.0,4.0,3,725,8,4,4,4,4,0,0,0,0,0.08327102803738301,0.06668918918918969,0.0,0.9999999999999988,1.0,5,True,76,0.07848591549295775,0.12600929643280237,0.2949999999999999,0.029144859813084054,0.09686443661971832,0.11999999999999984,0.1,0.025,0.05,0.0,0.0
4.199632,72,46419.85866,medium,1.0,4.0,3,717,6,4,2,4,2,0,0,0,2,0.019299065420560896,0.008986486486486586,0.0,0.9999999999999996,1.0,5,True,30,0.019436619718309858,-0.023667862314071295,0.29499999999999993,0.006754672897196313,0.029577464788732393,0.11999999999999991,0.09999999999999999,0.025,0.05,0.0,0.06
3.240848,90,46449.603907,medium,0.9376947040498442,2.9376947040498442,2,900,8,4,4,4,4,0,0,0,0,0.07078660436136945,0.0,0.23029999999999431,0.8198198198198198,0.9999999999999961,4,True,96,0.09295774647887324,0.1247753115264793,0.26837837837837797,0.024775311526479306,0.1,0.09837837837837833,0.09999999999999962,0.02,0.05,0.0,0.0
1.831566,85,46477.69407,medium,0.6879517133956375,1.6879517133956377,1,844,8,4,4,4,4,0,0,0,0,0.029540498442366548,0.013063063063063065,0.10709999999999538,0.6900900900900896,0.7230999999999954,3,False,49,0.03073943661971831,0.05789375191961702,0.17012081081081032,0.010339174454828293,0.04755457746478873,0.08281081081081075,0.07230999999999957,0.015,0.0,0.0,0.0
3.149326,90,46507.433917,medium,0.9196261682242991,2.919626168224299,2,900,8,4,4,4,4,0,0,0,0,0.009485981308411278,0.027432432432432617,0.0,0.8198198198198184,1.0,4,True,35,0.040669014084507044,0.051321854021324234,0.26837837837837825,0.0033200934579439476,0.048001760563380284,0.09837837837837823,0.1,0.02,0.05,0.0,0.0
4.320869,81,46533.345449,medium,1.0,4.0,3,810,8,4,4,4,4,0,0,0,0,0.019626168224299155,0.05675675675675701,0.0,0.999999999999998,1.0,5,True,96,0.07637323943661972,0.1068691588785047,0.2949999999999997,0.006869158878504703,0.1,0.11999999999999969,0.1,0.025,0.05,0.0,0.0
4.305595,74,46563.132301,medium,1.0,4.0,3,735,8,4,4,4,4,0,0,0,0,0.018481308411215036,0.053445945945946184,0.0,1.0000000000000024,1.0,5,True,68,0.058169014084507045,0.08409521850730556,0.29500000000000026,0.006468457943925262,0.07762676056338029,0.12000000000000027,0.1,0.025,0.05,0.0,0.0
3.129497,84,46591.299037,medium,0.8700155763239875,2.8700155763239876,2,833,8,4,4,4,4,0,0,0,0,0.008255451713395642,0.0,0.0,0.6240990990990991,1.0,3,True,133,0.10214788732394366,0.10288940809968848,0.23989189189189186,0.0028894080996884745,0.1,0.07489189189189187,0.1,0.015,0.05,0.0,0.0
3.106662,78,46617.672478,medium,0.816510903426791,2.8165109034267912,2,773,8,4,4,4,4,0,0,0,0,0.023714953271027742,0.04777027027027031,0.0,0.7845945945945924,1.0,3,True,151,0.12686619718309858,0.10830023364485972,0.2591513513513511,0.008300233644859708,0.1,0.09415135135135107,0.1,0.015,0.05,0.0,0.0
4.337156,74,46642.251635,medium,1.0,4.0,3,736,8,4,4,4,4,0,0,0,0,0.0459579439252338,0.07331081081081092,0.0,0.9999999999999988,1.0,5,True,87,0.0748943661971831,0.11575605502171915,0.2949999999999999,0.016085280373831827,0.09967077464788732,0.11999999999999984,0.1,0.025,0.05,0.0,0.0
3.021076,74,46666.673651,medium,0.7524376947040498,2.75243769470405,2,734,8,4,4,4,4,0,0,0,0,0.006838006230529578,0.0023648648648648763,0.0,0.6801801801801801,1.0,2,True,93,0.06869718309859155,0.10041618950462902,0.24162162162162154,0.002393302180685352,0.09802288732394367,0.08162162162162157,0.09999999999999999,0.01,0.05,0.0,0.0
1.895683,90,46695.632676,medium,0.7467133956386293,1.7467133956386292,1,900,8,4,4,4,4,0,0,0,0,0.0029439252336447594,0.008513513513513224,0.0,0.5947747747747744,0.5156666666666667,3,False,74,0.08598591549295774,0.10103037383177567,0.1379396396396396,0.0010303738317756657,0.1,0.07137297297297293,0.05156666666666666,0.015,0.0,0.0,0.0
4.180907,51,46712.415196,medium,1.0,4.0,3,501,2,0,2,0,2,0,0,0,6,0.0,0.0,0.0,1.0,1.0,5,True,48,0.04267605633802817,-0.06399295774647887,0.29500000000000004,0.0,0.05600704225352113,0.12000000000000002,0.1,0.025,0.05,0.0,0.12
4.227,73,46741.102172,medium,1.0,4.0,3,724,6,4,2,4,2,0,0,0,2,0.052048286604360505,0.0,0.03866666666666668,1.0,0.9999999999999982,5,True,48,0.029577464788732393,0.004399998903075464,0.2949999999999998,0.018216900311526174,0.046183098591549294,0.12,0.09999999999999981,0.025,0.05,0.0,0.06
3.113834,90,46770.738744,medium,0.8754672897196261,2.875467289719626,2,900,8,4,4,4,4,0,0,0,0,0.05280373831775701,0.05247747747747709,0.1483333333333336,0.6398648648648624,0.9999999999999961,3,True,63,0.048802816901408454,0.08658342108727128,0.24178378378378307,0.01848130841121495,0.06810211267605633,0.07678378378378348,0.09999999999999962,0.015,0.05,0.0,0.0
1.900413,79,46797.009303,medium,0.6997585669781927,1.6997585669781927,1,786,8,4,4,4,4,0,0,0,0,0.03287383177570059,0.00804054054054059,0.05039999999999783,0.7767342342342339,0.6453999999999979,2,False,108,0.08890845070422536,0.11150584112149521,0.16774810810810786,0.011505841121495209,0.1,0.09320810810810808,0.06453999999999979,0.01,0.0,0.0,0.0
3.210136,90,46826.661378,medium,0.9376947040498442,2.9376947040498442,2,900,8,4,4,4,4,0,0,0,0,0.05707943925233551,0.028378378378378526,0.2022999999999955,0.8198198198198184,0.9999999999999961,4,True,77,0.04744718309859155,0.09406319106226109,0.2683783783783778,0.019977803738317423,0.07408538732394367,0.0983783783783782,0.09999999999999962,0.02,0.05,0.0,0.0
1.936945,90,46856.382544,medium,0.7755451713395639,1.775545171339564,1,900,8,4,4,4,4,0,0,0,0,0.0,0.0,0.0,0.7333333333333333,0.434,4,False,105,0.08683098591549296,0.1,0.1514,0.0,0.1,0.08800000000000001,0.0434,0.02,0.0,0.0,0.0
3.258561,90,46885.107549,medium,0.9883956386292835,2.9883956386292834,2,900,8,4,4,4,4,0,0,0,0,0.03989096573208743,0.00804054054054053,0.08533333333333333,0.9664414414414411,0.9999999999999961,4,True,49,0.04764084507042254,0.07419247180904749,0.28597297297297253,0.0139618380062306,0.060230633802816895,0.1159729729729729,0.09999999999999963,0.02,0.05,0.0,0.0
4.197332,67,46912.386233,medium,1.0,4.0,3,667,3,0,3,0,3,0,0,0,5,0.0,0.0,0.0,1.0,1.0,5,True,70,0.07204225352112677,-0.030968309859154913,0.29499999999999993,0.0,0.08903169014084508,0.11999999999999994,0.1,0.025,0.05,0.0,0.12
1.754216,90,46942.737862,medium,0.6688161993769469,1.668816199376947,1,900,8,4,4,4,4,0,0,0,0,0.01766355140186901,0.02081081081081104,0.022399999999999035,0.4663063063063056,0.372399999999999,2,False,60,0.04802816901408451,0.07220336975121754,0.10319675675675657,0.006182242990654153,0.06602112676056339,0.055956756756756675,0.037239999999999905,0.01,0.0,0.0,0.0
4.320875,77,46968.589687,medium,1.0,4.0,3,766,8,4,4,4,4,0,0,0,0,0.07728193146417425,0.08921171171171215,0.1483333333333336,1.0000000000000007,0.9999999999999961,5,True,73,0.05190140845070423,0.10247473235048915,0.29499999999999965,0.02704867601246099,0.07542605633802817,0.12000000000000006,0.0999999999999996,0.025,0.05,0.0,0.0
4.266799,71,46992.060232,medium,1.0,4.0,3,709,6,2,4,2,4,0,0,0,2,0.0077102803738317805,0.02229729729729731,0.0,1.0000000000000027,1.0,5,True,103,0.09838028169014085,0.042698598130841134,0.2950000000000003,0.002698598130841123,0.1,0.1200000000000003,0.1,0.025,0.05,0.0,0.06
4.304643,80,47018.704017,medium,1.0,4.0,3,794,8,4,4,4,4,0,0,0,0,0.059042056074765696,0.03358108108108127,0.14839999999999784,1.0000000000000022,0.9999999999999961,5,True,56,0.053838028169014084,0.08904324075292856,0.2949999999999999,0.020664719626167994,0.06837852112676057,0.12000000000000025,0.09999999999999962,0.025,0.05,0.0,0.0
4.161558,66,47040.169862,medium,1.0,4.0,3,656,2,0,2,0,2,0,0,0,6,0.0,0.0,0.0,1.0,1.0,5,True,44,0.0402112676056338,-0.06784154929577464,0.29500000000000004,0.0,0.052158450704225354,0.12000000000000001,0.1,0.025,0.05,0.0,0.12
3.219966,90,47069.48201,medium,0.9376947040498442,2.9376947040498442,2,900,8,4,4,4,4,0,0,0,0,0.011121495327102864,0.03216216216216234,0.0,0.8198198198198183,1.0,4,True,143,0.11376760563380282,0.10389252336448601,0.2683783783783782,0.0038925233644860023,0.1,0.09837837837837819,0.1,0.02,0.05,0.0,0.0
3.086806,90,47104.742978,medium,0.8422118380062306,2.8422118380062305,2,900,8,4,4,4,4,0,0,0,0,0.012429906542056115,0.03405405405405425,0.00279999999999988,0.543693693693692,1.0,3,True,112,0.10380281690140845,0.10435046728971964,0.23024324324324302,0.00435046728971964,0.1,0.06524324324324304,0.1,0.015,0.05,0.0,0.0
2.984334,90,47134.605968,medium,0.7461915887850468,2.746191588785047,2,900,8,4,4,4,4,0,0,0,0,0.02735202492211789,0.02459459459459462,0.03166666666666668,0.6398873873873864,0.9999999999999984,2,True,85,0.05237676056338028,0.09135577914527647,0.23678648648648626,0.00957320872274126,0.08178257042253521,0.07678648648648637,0.09999999999999987,0.01,0.05,0.0,0.0
3.10363,90,47164.863747,medium,0.7876168224299063,2.7876168224299063,2,900,8,4,4,4,4,0,0,0,0,0.05887850467289657,0.037837837837838076,0.13999999999999824,0.9617117117117099,0.9999999999999959,4,True,88,0.0804225352112676,0.1206074766355138,0.28540540540540477,0.020607476635513797,0.1,0.11540540540540516,0.09999999999999959,0.02,0.05,0.0,0.0
1.664606,75,47190.158851,medium,0.5713395638629284,1.5713395638629284,1,750,8,4,4,4,4,0,0,0,0,0.016978193146417443,0.0,0.0,0.436036036036036,0.0,2,False,93,0.07753521126760564,0.1059423676012461,0.062324324324324325,0.005942367601246104,0.1,0.05232432432432432,0.0,0.01,0.0,0.0,0.0
4.313263,73,47214.537737,medium,1.0,4.0,3,727,8,4,4,4,4,0,0,0,0,0.045303738317757074,0.06432432432432436,0.004200000000000004,1.0000000000000013,0.9999999999999999,5,True,67,0.055475352112676055,0.09096282249572202,0.29500000000000015,0.015856308411214975,0.07510651408450704,0.12000000000000015,0.09999999999999999,0.025,0.05,0.0,0.0
4.159116,69,47237.416928,medium,1.0,4.0,3,689,4,3,1,3,1,0,0,0,4,0.05742990654205605,0.0,0.0,1.0,1.0,5,True,24,0.027887323943661974,-0.0669840397525339,0.295,0.020100467289719613,0.03291549295774648,0.11999999999999997,0.1,0.025,0.05,0.0,0.12
3.093228,87,47271.292965,medium,0.8024143302180685,2.8024143302180686,2,863,8,4,4,4,4,0,0,0,0,0.020093457943925235,0.041441441441441434,0.024666666666666677,0.834009009009007,0.9999999999999988,4,True,113,0.09852112676056338,0.10703271028037384,0.2700810810810807,0.007032710280373831,0.1,0.10008108108108081,0.09999999999999988,0.02,0.05,0.0,0.0
1.649496,76,47297.052218,medium,0.5157320872274144,1.5157320872274145,1,758,8,4,4,4,4,0,0,0,0,0.036822429906542165,0.013243243243243389,0.0,0.6806306306306299,0.0,3,False,144,0.12748239436619718,0.11288785046728976,0.09667567567567557,0.012887850467289758,0.1,0.08167567567567557,0.0,0.015,0.0,0.0,0.0
4.283762,80,47323.605189,medium,1.0,4.0,3,800,8,4,4,4,4,0,0,0,0,0.05636292834890916,0.017792792792792802,0.14349999999999807,0.9999999999999992,0.9999999999999959,5,True,48,0.033380281690140845,0.06876223618972384,0.2949999999999995,0.019727024922118204,0.049035211267605634,0.11999999999999987,0.0999999999999996,0.025,0.05,0.0,0.0
4.268979,71,47346.659962,medium,1.0,4.0,3,702,6,3,3,3,3,0,0,0,2,0.011939252336448668,0.0,0.0511000000000003,1.0,0.9999999999999974,5,True,114,0.11464788732394367,0.04417873831775704,0.29499999999999976,0.004178738317757034,0.1,0.12000000000000001,0.09999999999999974,0.025,0.05,0.0,0.06
3.297516,90,47376.135737,medium,0.9818535825545172,2.981853582554517,2,900,8,4,4,4,4,0,0,0,0,0.06274143302180626,0.1223198198198207,0.08749999999999623,0.9475225225225168,1.0,4,True,130,0.11176056338028169,0.1219595015576322,0.283702702702702,0.021959501557632193,0.1,0.11370270270270198,0.1,0.02,0.05,0.0,0.0
4.134123,63,47396.436822,medium,1.0,4.0,3,624,2,2,0,2,0,0,0,0,6,0.06149532710280249,0.022229729729729808,0.23029999999999431,0.999999999999999,0.9999999999999961,5,True,0,0.0,-0.09847663551401913,0.2949999999999995,0.021523364485980873,0.0,0.11999999999999986,0.09999999999999962,0.025,0.05,0.0,0.12
4.322953,83,47423.615067,medium,1.0,4.0,3,821,8,4,4,4,4,0,0,0,0,0.028722741433021958,0.07880630630630675,0.0,0.9999999999999973,1.0,5,True,78,0.08133802816901409,0.11005295950155769,0.29499999999999965,0.010052959501557684,0.1,0.11999999999999966,0.1,0.025,0.05,0.0,0.0
4.274388,73,47453.313768,medium,1.0,4.0,3,721,8,4,4,4,4,0,0,0,0,0.007850467289719667,0.0,0.0,1.0,1.0,5,True,43,0.03632042253521127,0.051487980452810334,0.295,0.002747663551401883,0.048740316901408454,0.11999999999999997,0.1,0.025,0.05,0.0,0.0
4.324829,80,47480.279862,medium,1.0,4.0,3,797,8,4,4,4,4,0,0,0,0,0.04088785046728895,0.0,0.1749999999999967,1.0,0.9999999999999959,5,True,96,0.06295774647887324,0.10952905752270606,0.2949999999999996,0.014310747663551131,0.09521830985915493,0.12,0.0999999999999996,0.025,0.05,0.0,0.0
4.196088,63,47501.447218,medium,1.0,4.0,3,628,5,1,4,1,4,0,0,0,3,0.04637071651090358,0.041441441441441434,0.0923333333333334,0.999999999999998,0.9999999999999968,5,True,30,0.030211267605633804,-0.03611179851695839,0.29499999999999943,0.016229750778816256,0.03765845070422535,0.11999999999999973,0.0999999999999997,0.025,0.05,0.0,0.09
4.276108,72,47525.54171,medium,1.0,4.0,3,716,7,3,4,3,4,0,0,0,1,0.03254672897196267,0.02506756756756768,0.1021999999999998,1.0000000000000027,0.9999999999999961,5,True,52,0.06042253521126761,0.052708256548637644,0.29499999999999993,0.01139135514018693,0.0713169014084507,0.1200000000000003,0.0999999999999996,0.025,0.05,0.0,0.03
4.315371,80,47552.341524,medium,1.0,4.0,3,800,8,4,4,4,4,0,0,0,0,0.04056074766355103,0.02506756756756768,0.0,1.0000000000000027,1.0,5,True,73,0.06623239436619718,0.10037055745689076,0.2950000000000003,0.014196261682242858,0.0861742957746479,0.1200000000000003,0.09999999999999999,0.025,0.05,0.0,0.0
4.312237,88,47581.063485,medium,1.0,4.0,3,874,8,4,4,4,4,0,0,0,0,0.013247663551401953,0.03831081081081105,0.0,0.999999999999998,1.0,5,True,92,0.07676056338028169,0.10463668224299069,0.29499999999999976,0.004636682242990683,0.1,0.11999999999999975,0.1,0.025,0.05,0.0,0.0
4.206136,70,47604.829337,medium,1.0,4.0,3,696,5,1,4,1,4,0,0,0,3,0.014883177570093564,0.0,0.0,1.0,1.0,5,True,56,0.050035211267605635,-0.019264479399763015,0.295,0.0052091121495327465,0.06552640845070423,0.12,0.1,0.025,0.05,0.0,0.09
2.989421,90,47639.017524,medium,0.758785046728972,2.758785046728972,2,900,8,4,4,4,4,0,0,0,0,0.05119158878504511,0.0037837837837838254,0.17919999999999375,0.7078378378378378,0.9999999999999984,2,True,47,0.04570422535211267,0.0756952250888503,0.24494054054054037,0.017917056074765784,0.0577781690140845,0.08494054054054052,0.09999999999999985,0.01,0.05,0.0,0.0
3.168346,90,47668.02738,medium,0.8699065420560748,2.869906542056075,2,900,8,4,4,4,4,0,0,0,0,0.029112149532709554,0.012297297297297432,0.1063999999999967,0.9582432432432427,0.9999999999999989,4,True,68,0.07901408450704225,0.10344981571673004,0.28498918918918903,0.010189252336448344,0.0932605633802817,0.1149891891891891,0.09999999999999991,0.02,0.05,0.0,0.0
4.153272,67,47690.393464,medium,1.0,4.0,3,662,3,1,2,1,2,0,0,0,5,0.014065420560747761,0.0,0.06020000000000041,1.0,0.999999999999997,5,True,36,0.02873239436619718,-0.0755278070290904,0.29499999999999965,0.004922897196261716,0.039549295774647886,0.11999999999999997,0.0999999999999997,0.025,0.05,0.0,0.12
4.234277,83,47718.234893,medium,1.0,4.0,3,830,8,4,4,4,4,0,0,0,0,0.007359813084112027,0.021283783783783428,0.0,0.9999999999999993,1.0,5,True,15,0.016267605633802817,0.022276638804791322,0.29499999999999993,0.002575934579439209,0.01970070422535211,0.11999999999999993,0.1,0.025,0.05,0.0,0.0
4.12257,68,47739.841408,medium,1.0,4.0,3,680,4,4,0,4,0,0,0,0,4,0.04448598130841077,0.03405405405405425,0.069299999999997,1.0000000000000002,1.0,5,True,0,0.0,-0.10442990654205622,0.29500000000000004,0.015570093457943768,0.0,0.12000000000000002,0.09999999999999999,0.025,0.05,0.0,0.12
4.323596,90,47769.79687,medium,1.0,4.0,3,891,8,4,4,4,4,0,0,0,0,0.05056074766355155,0.03925675675675701,0.020299999999999974,1.0000000000000018,0.9999999999999991,5,True,95,0.10109154929577464,0.11769626168224305,0.29500000000000015,0.01769626168224304,0.1,0.12000000000000023,0.09999999999999991,0.025,0.05,0.0,0.0
1.619318,90,47804.411045,medium,0.5070093457943925,1.5070093457943925,1,900,8,4,4,4,4,0,0,0,0,0.02474299065420576,0.07155405405405449,0.0,0.6554054054054019,0.0,3,False,165,0.1507394366197183,0.10866004672897202,0.09364864864864822,0.008660046728972014,0.1,0.07864864864864822,0.0,0.015,0.0,0.0,0.0
4.325161,77,47830.473454,medium,1.0,4.0,3,764,8,4,4,4,4,0,0,0,0,0.018746105919003102,0.041441441441441434,0.01889999999999997,0.999999999999998,0.9999999999999992,5,True,79,0.09179577464788732,0.10656113707165109,0.29499999999999965,0.006561137071651086,0.1,0.11999999999999975,0.09999999999999991,0.025,0.05,0.0,0.0
4.322224,82,47857.688078,medium,1.0,4.0,3,818,8,4,4,4,4,0,0,0,0,0.0495560747663543,0.026013513513513234,0.17359999999999676,0.9999999999999992,0.9999999999999959,5,True,81,0.0682394366197183,0.10902420363301274,0.2949999999999995,0.017344626168224003,0.09167957746478873,0.1199999999999999,0.09999999999999959,0.025,0.05,0.0,0.0
3.092003,77,47882.915807,medium,0.7975077881619937,2.797507788161994,2,762,8,4,4,4,4,0,0,0,0,0.006619937694704054,0.019144144144144157,0.0,0.819819819819819,1.0,4,True,96,0.08535211267605634,0.10231697819314642,0.26837837837837825,0.002316978193146419,0.1,0.09837837837837825,0.1,0.02,0.05,0.0,0.0
4.281536,90,47912.054134,medium,1.0,4.0,3,899,8,4,4,4,4,0,0,0,0,0.03307632398753895,0.0,0.13666666666666694,1.0,0.9999999999999982,5,True,60,0.04647887323943662,0.07643586832521611,0.2949999999999998,0.011576713395638635,0.06485915492957747,0.11999999999999997,0.09999999999999985,0.025,0.05,0.0,0.0
1.900075,90,47942.259809,medium,0.7242523364485974,1.7242523364485973,1,900,8,4,4,4,4,0,0,0,0,0.021915887850466654,0.01891891891891901,0.06579999999999717,0.8198198198198189,0.4251333333333305,4,False,76,0.07901408450704225,0.10493112412794503,0.16089171171171132,0.0076705607476633296,0.0972605633802817,0.09837837837837828,0.04251333333333305,0.02,0.0,0.0,0.0
3.225633,90,47977.733925,medium,0.9376947040498442,2.9376947040498442,2,900,8,4,4,4,4,0,0,0,0,0.027313084112149347,0.007567567567567241,0.0,0.8198198198198198,1.0,4,True,92,0.09598591549295775,0.10955957943925228,0.26837837837837836,0.00955957943925227,0.1,0.09837837837837837,0.1,0.02,0.05,0.0,0.0
3.196048,85,48006.384898,medium,0.9485669781931463,2.9485669781931465,2,842,8,4,4,4,4,0,0,0,0,0.010467289719626025,0.02128378378378338,0.013299999999999984,0.8512612612612603,0.9999999999999994,4,True,53,0.03915492957746479,0.0595297485849677,0.27215135135135116,0.003663551401869108,0.05586619718309859,0.10215135135135123,0.09999999999999995,0.02,0.05,0.0,0.0
1.625281,77,48031.859115,medium,0.5157632398753895,1.5157632398753895,1,764,8,4,4,4,4,0,0,0,0,0.013738317757009467,0.03972972972973008,0.0,0.680720720720719,0.0,2,False,88,0.06056338028169014,0.09423094642622093,0.0916864864864863,0.004808411214953315,0.08942253521126761,0.0816864864864863,0.0,0.01,0.0,0.0,0.0
4.125693,62,48052.541916,medium,1.0,4.0,3,615,4,3,1,3,1,0,0,0,4,0.034836448598130454,0.0,0.0,1.0,1.0,5,True,0,0.0,-0.10780724299065433,0.295,0.012192757009345658,0.0,0.11999999999999997,0.1,0.025,0.05,0.0,0.12
3.046227,82,48079.304391,medium,0.7831464174454829,2.783146417445483,2,815,8,4,4,4,4,0,0,0,0,0.018971962616822415,0.054864864864864825,0.0,0.7782882882882859,1.0,3,True,58,0.0673943661971831,0.08618596156377517,0.2583945945945943,0.006640186915887844,0.07954577464788733,0.09339459459459432,0.1,0.015,0.05,0.0,0.0
4.289203,78,48104.113369,medium,1.0,4.0,3,774,7,4,3,4,3,0,0,0,1,0.004579439252336441,0.01324324324324322,0.0,0.9999999999999996,1.0,5,True,101,0.08922535211267606,0.07160280373831776,0.295,0.001602803738317754,0.1,0.11999999999999995,0.1,0.025,0.05,0.0,0.03
3.133178,90,48138.582784,medium,0.8400311526479751,2.840031152647975,2,900,8,4,4,4,4,0,0,0,0,0.042196261682242,0.0,0.18059999999999574,0.8198198198198198,0.9999999999999967,4,True,168,0.14661971830985915,0.11476869158878471,0.268378378378378,0.014768691588784699,0.1,0.09837837837837837,0.09999999999999967,0.02,0.05,0.0,0.0
4.283285,73,48162.805966,medium,1.0,4.0,3,726,7,4,3,4,3,0,0,0,1,0.060467289719626297,0.0018918918918918932,0.11800000000000027,1.0000000000000004,0.9999999999999961,5,True,58,0.054295774647887325,0.06088538238778471,0.29499999999999965,0.021163551401869204,0.0697218309859155,0.12000000000000004,0.09999999999999963,0.025,0.05,0.0,0.03
4.314,81,48189.2198,medium,1.0,4.0,3,810,8,4,4,4,4,0,0,0,0,0.0,0.0,0.0,1.0,1.0,5,True,116,0.12549295774647887,0.1,0.29500000000000004,0.0,0.1,0.12000000000000002,0.09999999999999999,0.025,0.05,0.0,0.0
4.133593,69,48212.052373,medium,1.0,4.0,3,683,4,4,0,4,0,0,0,0,4,0.07683800623052846,0.03594594594594605,0.08889999999999616,1.0000000000000004,1.0,5,True,0,0.0,-0.09310669781931503,0.29500000000000004,0.02689330218068496,0.0,0.12000000000000005,0.1,0.025,0.05,0.0,0.12
4.281484,74,48237.04767,medium,1.0,4.0,3,731,8,4,4,4,4,0,0,0,0,0.034345794392522874,0.031216216216216383,0.10079999999999739,0.9999999999999983,0.9999999999999982,5,True,44,0.03408450704225352,0.05958440831907315,0.29499999999999965,0.012021028037383006,0.047563380281690146,0.11999999999999979,0.09999999999999985,0.025,0.05,0.0,0.0
4.335346,76,48261.184938,medium,1.0,4.0,3,756,8,4,4,4,4,0,0,0,0,0.04556074766355147,0.0,0.1950000000000003,1.0,0.9999999999999961,5,True,137,0.10679577464788732,0.11594626168224302,0.29499999999999965,0.015946261682243015,0.1,0.12000000000000001,0.09999999999999962,0.025,0.05,0.0,0.0
4.326725,89,48290.700619,medium,1.0,4.0,3,887,8,4,4,4,4,0,0,0,0,0.07876947040498421,0.041441441441441434,0.0,1.0000000000000016,1.0,5,True,73,0.07514084507042254,0.12042494844456136,0.2950000000000002,0.02756931464174447,0.09285563380281689,0.12000000000000018,0.1,0.025,0.05,0.0,0.0
3.060521,81,48322.803713,medium,0.7991199376947037,2.799119937694704,2,809,8,4,4,4,4,0,0,0,0,0.04249999999999973,0.041441441441441434,0.08766666666666668,0.7281531531531511,0.9999999999999961,3,True,78,0.04806338028169014,0.0899225352112675,0.25237837837837773,0.014874999999999906,0.0750475352112676,0.08737837837837811,0.09999999999999962,0.015,0.05,0.0,0.0
3.115557,90,48352.781022,medium,0.8345794392523365,2.8345794392523365,2,900,8,4,4,4,4,0,0,0,0,0.04810747663551426,0.06006756756756794,0.0,0.8245495495495466,1.0,4,True,75,0.06359154929577465,0.10203127879426098,0.2689459459459456,0.01683761682242999,0.085193661971831,0.0989459459459456,0.1,0.02,0.05,0.0,0.0
3.029062,90,48382.782582,medium,0.7292834890965733,2.729283489096573,2,900,8,4,4,4,4,0,0,0,0,0.05897975077881595,0.041441441441441434,0.13509999999999844,0.8261261261261241,0.9999999999999959,4,True,142,0.11806338028169014,0.12064291277258558,0.2691351351351345,0.02064291277258558,0.1,0.09913513513513487,0.0999999999999996,0.02,0.05,0.0,0.0
4.3037,75,48407.685066,medium,1.0,4.0,3,747,8,4,4,4,4,0,0,0,0,0.06532710280373755,0.041441441441441434,0.18759999999999616,0.9999999999999986,0.9999999999999959,5,True,56,0.04338028169014085,0.08339969724891377,0.29499999999999943,0.02286448598130814,0.06053521126760563,0.1199999999999998,0.09999999999999962,0.025,0.05,0.0,0.0
3.122587,90,48436.527843,medium,0.8264018691588785,2.8264018691588784,2,900,8,4,4,4,4,0,0,0,0,0.033037383177569456,0.0,0.14139999999999728,0.8718468468468469,0.9999999999999968,4,True,96,0.10225352112676056,0.11156308411214931,0.2746216216216213,0.011563084112149307,0.1,0.10462162162162163,0.09999999999999969,0.02,0.05,0.0,0.0
4.303019,82,48463.042046,medium,1.0,4.0,3,820,8,4,4,4,4,0,0,0,0,0.02633177570093461,0.06432432432432436,0.0,0.9999999999999971,1.0,5,True,64,0.06507042253521127,0.09001893839673557,0.29499999999999965,0.009216121495327115,0.08080281690140845,0.11999999999999966,0.1,0.025,0.05,0.0,0.0
2.842818,87,48496.464021,medium,0.6335669781931464,2.6335669781931466,2,862,8,4,4,4,4,0,0,0,0,0.045794392523363515,0.0,0.19599999999999584,0.34572072072072074,0.9999999999999959,1,True,82,0.05591549295774648,0.09896465710148708,0.1964864864864861,0.016028037383177228,0.08293661971830986,0.04148648648648647,0.0999999999999996,0.005,0.05,0.0,0.0
3.219087,89,48527.086145,medium,0.9224610591900305,2.9224610591900304,2,882,8,4,4,4,4,0,0,0,0,0.021588785046728405,0.0,0.033600000000000116,0.893918918918919,0.9999999999999984,4,True,110,0.1045774647887324,0.10755607476635495,0.27727027027027007,0.007556074766354941,0.1,0.10727027027027024,0.09999999999999985,0.02,0.05,0.0,0.0
4.273737,75,48551.358044,medium,1.0,4.0,3,742,6,4,2,4,2,0,0,0,2,0.0369626168224293,0.0,0.1581999999999974,1.0,0.9999999999999961,5,True,92,0.08830985915492957,0.05293691588785027,0.2949999999999996,0.012936915887850252,0.1,0.12,0.09999999999999962,0.025,0.05,0.0,0.06
3.140447,90,48581.235054,medium,0.8955607476635514,2.895560747663551,2,900,8,4,4,4,4,0,0,0,0,0.06616043613707147,0.041441441441441434,0.001333333333333334,0.6979729729729709,1.0,3,True,51,0.04996478873239436,0.08612974419727079,0.24875675675675651,0.023156152647975017,0.06297359154929577,0.0837567567567565,0.1,0.015,0.05,0.0,0.0
3.101425,78,48606.855723,medium,0.8416666666666667,2.841666666666667,2,772,8,4,4,4,4,0,0,0,0,0.019727414330218063,0.041441441441441434,0.0231,0.5421171171171151,0.9999999999999989,3,True,137,0.11769366197183098,0.10690459501557632,0.2300540540540537,0.006904595015576323,0.1,0.0650540540540538,0.0999999999999999,0.015,0.05,0.0,0.0
3.120484,83,48634.475844,medium,0.8121495327102803,2.81214953271028,2,830,8,4,4,4,4,0,0,0,0,0.065358255451712,0.07454954954954932,0.16939999999999408,0.8621621621621587,0.9999999999999987,3,True,120,0.11007042253521127,0.1228753894080992,0.2684594594594589,0.022875389408099196,0.1,0.10345945945945904,0.09999999999999987,0.015,0.05,0.0,0.0
4.316306,80,48666.399155,medium,1.0,4.0,3,793,8,4,4,4,4,0,0,0,0,0.04851246105918961,0.041441441441441434,0.14629999999999793,0.999999999999998,0.9999999999999961,5,True,80,0.058169014084507045,0.10060612193409665,0.2949999999999994,0.016979361370716366,0.08362676056338028,0.11999999999999975,0.0999999999999996,0.025,0.05,0.0,0.0
3.255309,90,48696.094702,medium,0.9376947040498442,2.9376947040498442,2,900,8,4,4,4,4,0,0,0,0,0.1121028037383173,0.0753378378378379,0.23029999999999431,0.8198198198198167,0.9999999999999961,4,True,96,0.07225352112676056,0.13923598130841106,0.26837837837837764,0.03923598130841106,0.1,0.098378378378378,0.09999999999999962,0.02,0.05,0.0,0.0
3.094799,90,48726.068657,medium,0.813785046728972,2.813785046728972,2,900,8,4,4,4,4,0,0,0,0,0.05757009345794344,0.0,0.16309999999999725,0.7155405405405405,0.9999999999999959,3,True,96,0.07436619718309859,0.1201495327102802,0.2508648648648645,0.0201495327102802,0.1,0.08586486486486487,0.0999999999999996,0.015,0.05,0.0,0.0
3.229383,90,48755.400864,medium,0.9480763239875389,2.948076323987539,2,900,8,4,4,4,4,0,0,0,0,0.049003115264797024,0.05704954954954929,0.0,0.8498423423423397,1.0,4,True,65,0.06623239436619718,0.09932538611732686,0.27198108108108077,0.017151090342678955,0.0821742957746479,0.10198108108108078,0.1,0.02,0.05,0.0,0.0
3.219107,90,48784.592274,medium,0.97803738317757,2.97803738317757,2,900,8,4,4,4,4,0,0,0,0,0.0516199376947044,0.041441441441441434,0.08330000000000039,0.9364864864864848,0.9999999999999961,4,True,28,0.022165492957746478,0.0486910979114564,0.28237837837837776,0.018066978193146538,0.03062411971830986,0.11237837837837814,0.09999999999999962,0.02,0.05,0.0,0.0
4.276774,69,48808.135819,medium,1.0,4.0,3,689,6,2,4,2,4,0,0,0,2,0.053154205607475295,0.0,0.2274999999999943,1.0,0.9999999999999961,5,True,84,0.06676056338028169,0.050674394497827624,0.29499999999999965,0.01860397196261635,0.09207042253521128,0.12000000000000004,0.09999999999999962,0.025,0.05,0.0,0.06
2.969664,89,48842.546867,medium,0.6736760124610592,2.6736760124610592,2,890,8,4,4,4,4,0,0,0,0,0.04317757009345697,0.020810810810810876,0.1539999999999956,0.8671171171171161,0.999999999999998,4,True,83,0.07242957746478873,0.11093433263130151,0.27405405405405375,0.015112149532709937,0.09582218309859157,0.10405405405405395,0.0999999999999998,0.02,0.05,0.0,0.0
4.294662,77,48868.500253,medium,1.0,4.0,3,763,8,4,4,4,4,0,0,0,0,0.0533411214953272,0.0,0.09030000000000014,1.0,0.9999999999999961,5,True,53,0.041056338028169014,0.0759616460444913,0.29499999999999965,0.01866939252336452,0.05729225352112677,0.12000000000000001,0.09999999999999962,0.025,0.05,0.0,0.0
4.309032,75,48893.400132,medium,1.0,4.0,3,741,8,4,4,4,4,0,0,0,0,0.046573208722741496,0.041441441441441434,0.0,1.0000000000000016,1.0,5,True,60,0.05577464788732395,0.08813160896845249,0.2950000000000002,0.01630062305295952,0.07183098591549296,0.12000000000000018,0.1,0.025,0.05,0.0,0.0
3.216474,90,48923.985579,medium,0.9376947040498442,2.9376947040498442,2,900,8,4,4,4,4,0,0,0,0,0.0011448598130841133,0.003310810810810814,0.0,0.8198198198198198,1.0,4,True,133,0.10815140845070423,0.10040070093457945,0.26837837837837836,0.00040070093457943964,0.1,0.09837837837837836,0.1,0.02,0.05,0.0,0.0
3.229289,90,48953.22344,medium,0.9442367601246106,2.9442367601246104,2,900,8,4,4,4,4,0,0,0,0,0.0360825545171336,0.047117117117117094,0.039200000000000186,0.8387387387387385,0.9999999999999982,4,True,72,0.07436619718309859,0.1044035419683207,0.2706486486486484,0.012628894080996761,0.09177464788732394,0.10064864864864859,0.09999999999999984,0.02,0.05,0.0,0.0
3.193993,90,48983.26163,medium,0.9376947040498442,2.9376947040498442,2,900,8,4,4,4,4,0,0,0,0,0.0093224299065421,0.0,0.0,0.8198198198198198,1.0,4,True,75,0.04954225352112676,0.0779195406081348,0.26837837837837836,0.003262850467289735,0.07465669014084507,0.09837837837837836,0.1,0.02,0.05,0.0,0.0
3.162355,90,49018.756272,medium,0.8875389408099689,2.8875389408099688,2,900,8,4,4,4,4,0,0,0,0,0.06689252336448485,0.0,0.2015999999999953,0.7207207207207207,0.9999999999999962,4,True,67,0.06855633802816902,0.10832963669869645,0.2564864864864861,0.023412383177569693,0.08491725352112676,0.08648648648648646,0.09999999999999963,0.02,0.05,0.0,0.0
4.2411,64,49040.231247,medium,1.0,4.0,3,639,5,1,4,1,4,0,0,0,3,0.0,0.0,0.0,1.0,1.0,5,True,95,0.07544014084507042,0.010000000000000009,0.295,0.0,0.1,0.12,0.1,0.025,0.05,0.0,0.09
3.299428,90,49070.604758,medium,0.9933021806853582,2.993302180685358,2,900,8,4,4,4,4,0,0,0,0,0.024143302180685045,0.049009009009008994,0.030799999999998672,0.9806306306306282,1.0,4,True,144,0.13183098591549297,0.10845015576323977,0.28767567567567537,0.008450155763239766,0.1,0.11767567567567537,0.1,0.02,0.05,0.0,0.0
3.181093,90,49099.784955,medium,0.9031931464174455,2.9031931464174456,2,900,8,4,4,4,4,0,0,0,0,0.04712616822429885,0.026959459459459587,0.07140000000000046,0.7200450450450437,0.9999999999999966,3,True,100,0.08179577464788733,0.1164941588785046,0.2514054054054049,0.016494158878504594,0.1,0.08640540540540526,0.09999999999999966,0.015,0.05,0.0,0.0
4.159146,68,49121.912376,medium,1.0,4.0,3,675,4,2,2,2,2,0,0,0,4,0.014330218068535823,0.041441441441441434,0.0,0.9999999999999993,1.0,5,True,34,0.03950704225352113,-0.06835414198587161,0.29499999999999993,0.005015576323987538,0.04663028169014084,0.11999999999999994,0.1,0.025,0.05,0.0,0.12
3.087907,90,49151.835816,medium,0.7975077881619937,2.797507788161994,2,900,8,4,4,4,4,0,0,0,0,0.03434579439252223,0.01844594594594615,0.11969999999999484,0.8198198198198188,1.0,4,True,141,0.1202112676056338,0.11202102803738279,0.26837837837837825,0.012021028037382779,0.1,0.09837837837837825,0.1,0.02,0.05,0.0,0.0
3.217204,84,49184.08895,medium,0.9567757009345794,2.956775700934579,2,831,8,4,4,4,4,0,0,0,0,0.023380062305295747,0.0004504504504504507,0.0,0.875,1.0,4,True,44,0.05112676056338028,0.06852809222938872,0.27499999999999997,0.00818302180685351,0.06034507042253521,0.10499999999999998,0.09999999999999999,0.02,0.05,0.0,0.0
3.19111,90,49213.942863,medium,0.8945482866043614,2.8945482866043615,2,900,8,4,4,4,4,0,0,0,0,0.02332554517133964,0.0579954954954956,0.013999999999999981,0.9979729729729707,0.9999999999999994,4,True,82,0.06352112676056337,0.09680478588039142,0.2897567567567564,0.008163940809968873,0.08864084507042254,0.11975675675675644,0.09999999999999994,0.02,0.05,0.0,0.0
4.268256,66,49235.767932,medium,1.0,4.0,3,658,7,3,4,3,4,0,0,0,1,0.0412149532710279,0.023175675675675765,0.09170000000000014,0.9999999999999988,0.9999999999999959,5,True,50,0.03950704225352113,0.03905551533500061,0.2949999999999995,0.014425233644859764,0.05463028169014084,0.11999999999999984,0.09999999999999962,0.025,0.05,0.0,0.03
4.332743,82,49262.826527,medium,1.0,4.0,3,819,8,4,4,4,4,0,0,0,0,0.056121495327102734,0.0,0.0,1.0,1.0,5,True,96,0.07985915492957746,0.11964252336448596,0.295,0.019642523364485954,0.1,0.11999999999999997,0.1,0.025,0.05,0.0,0.0
4.315379,85,49291.719479,medium,1.0,4.0,3,848,8,4,4,4,4,0,0,0,0,0.014797507788161992,0.0,0.0,1.0,1.0,5,True,106,0.08221830985915493,0.1051791277258567,0.295,0.005179127725856696,0.1,0.12,0.1,0.025,0.05,0.0,0.0
3.193856,90,49321.683704,medium,0.8598130841121495,2.8598130841121496,2,900,8,4,4,4,4,0,0,0,0,0.09551401869158778,0.04445945945945993,0.23029999999999431,0.9999999999999983,0.9999999999999961,5,True,82,0.07281690140845071,0.12904258259839374,0.2949999999999994,0.03342990654205572,0.09561267605633803,0.11999999999999975,0.0999999999999996,0.025,0.05,0.0,0.0
3.040821,79,49349.311592,medium,0.7632398753894081,2.763239875389408,2,788,8,4,4,4,4,0,0,0,0,0.0,0.0,0.0,0.7207207207207207,1.0,4,True,80,0.07985915492957746,0.0998943661971831,0.2564864864864865,0.0,0.0998943661971831,0.08648648648648649,0.1,0.02,0.05,0.0,0.0
3.13258,90,49383.69482,medium,0.9034267912772586,2.9034267912772584,2,900,8,4,4,4,4,0,0,0,0,0.012266355140186985,0.03547297297297317,0.0,0.720720720720719,1.0,4,True,54,0.04183098591549296,0.06266646373568516,0.25648648648648625,0.004293224299065444,0.05837323943661972,0.08648648648648627,0.1,0.02,0.05,0.0,0.0
4.331274,74,49408.646045,medium,1.0,4.0,3,734,8,4,4,4,4,0,0,0,0,0.02764018691588809,0.03878378378378403,0.0,0.9999999999999992,1.0,5,True,101,0.09382042253521126,0.10967406542056084,0.2949999999999999,0.009674065420560833,0.1,0.11999999999999987,0.1,0.025,0.05,0.0,0.0
4.325615,78,49434.585119,medium,1.0,4.0,3,778,8,4,4,4,4,0,0,0,0,0.024042056074766525,0.03878378378378403,0.0,1.000000000000002,1.0,5,True,96,0.08426056338028169,0.10841471962616829,0.29500000000000026,0.008414719626168283,0.1,0.12000000000000023,0.1,0.025,0.05,0.0,0.0
4.14713,61,49454.617885,medium,1.0,4.0,3,609,3,1,2,1,2,0,0,0,5,0.00032710280373832146,0.0009459459459459566,0.0,1.0,1.0,5,True,24,0.027887323943661974,-0.0869700210609451,0.29500000000000004,0.0001144859813084125,0.03291549295774648,0.12000000000000002,0.09999999999999999,0.025,0.05,0.0,0.12
4.31221,82,49480.675724,medium,1.0,4.0,3,812,8,4,4,4,4,0,0,0,0,0.011775700934579508,0.03405405405405425,0.0,1.0000000000000007,1.0,5,True,84,0.06971830985915493,0.09841022772146904,0.2950000000000001,0.004121495327102827,0.0942887323943662,0.12000000000000006,0.1,0.025,0.05,0.0,0.0
4.335244,81,49507.711589,medium,1.0,4.0,3,808,8,4,4,4,4,0,0,0,0,0.060124610591899046,0.048063063063063044,0.18619999999999431,0.999999999999998,0.9999999999999979,5,True,92,0.09760563380281691,0.12104361370716468,0.29499999999999954,0.02104361370716467,0.1,0.11999999999999977,0.09999999999999978,0.025,0.05,0.0,0.0
4.315641,87,49541.48154,medium,1.0,4.0,3,864,8,4,4,4,4,0,0,0,0,0.020116822429906724,0.058175675675676206,0.0,0.9999999999999976,1.0,5,True,82,0.09528169014084507,0.10704088785046736,0.2949999999999997,0.007040887850467352,0.1,0.11999999999999972,0.1,0.025,0.05,0.0,0.0
4.250378,71,49565.556798,medium,1.0,4.0,3,710,6,2,4,2,4,0,0,0,2,0.03169781931464181,0.0,0.0,1.0,1.0,5,True,64,0.057711267605633804,0.026377687464349986,0.295,0.011094236760124632,0.07528345070422535,0.12,0.1,0.025,0.05,0.0,0.06
4.332572,80,49592.625086,medium,1.0,4.0,3,792,8,4,4,4,4,0,0,0,0,0.047920560747662704,0.012297297297297432,0.18689999999999618,0.9999999999999993,0.9999999999999959,5,True,96,0.08915492957746479,0.11677219626168195,0.29499999999999954,0.01677219626168195,0.1,0.11999999999999993,0.09999999999999959,0.025,0.05,0.0,0.0
2.041004,90,49621.923585,medium,0.8464953271028037,1.8464953271028037,1,900,8,4,4,4,4,0,0,0,0,0.01488317757009357,0.043040540540540864,0.0,1.0000000000000009,0.343,5,False,91,0.0797887323943662,0.10520911214953275,0.17930000000000004,0.005209112149532749,0.1,0.12000000000000006,0.0343,0.025,0.0,0.0,0.0
3.133097,83,49649.135234,medium,0.8273364485981308,2.827336448598131,2,824,8,4,4,4,4,0,0,0,0,0.04123052959501515,0.0322072072072072,0.0,0.9060810810810801,1.0,3,True,81,0.08482394366197184,0.1144306853582553,0.2737297297297296,0.014430685358255303,0.1,0.10872972972972958,0.1,0.015,0.05,0.0,0.0
4.322272,73,49673.373799,medium,1.0,4.0,3,729,8,4,4,4,4,0,0,0,0,0.0004906542056074556,0.0,0.0,1.0,1.0,5,True,123,0.10045774647887323,0.10017172897196261,0.295,0.00017172897196260947,0.1,0.11999999999999997,0.1,0.025,0.05,0.0,0.0
4.185301,70,49696.932887,medium,1.0,4.0,3,699,5,2,3,2,3,0,0,0,3,0.03224299065420567,0.0,0.0,1.0,1.0,5,True,36,0.027887323943661974,-0.039799460313281534,0.295,0.011285046728971983,0.03891549295774648,0.11999999999999998,0.1,0.025,0.05,0.0,0.09
4.110226,67,49724.165296,medium,1.0,4.0,3,669,4,3,1,3,1,0,0,0,4,0.00607476635514019,0.0,0.0,1.0,1.0,5,True,0,0.0,-0.11787383177570093,0.295,0.0021261682242990666,0.0,0.12,0.1,0.025,0.05,0.0,0.12
4.293451,87,49753.115282,medium,1.0,4.0,3,869,8,4,4,4,4,0,0,0,0,0.05577102803738168,0.007567567567567558,0.2141999999999942,0.9999999999999996,0.9999999999999968,5,True,48,0.05577464788732395,0.08535084572857654,0.29499999999999965,0.019519859813083587,0.06583098591549295,0.11999999999999994,0.09999999999999969,0.025,0.05,0.0,0.0
3.07122,85,49781.185063,medium,0.8024143302180685,2.8024143302180686,2,847,8,4,4,4,4,0,0,0,0,0.021121495327102932,0.0458783783783787,0.0035000000000000022,0.8340090090090071,0.9999999999999999,4,True,59,0.06204225352112676,0.0834242135053311,0.2700810810810808,0.007392523364486026,0.07603169014084507,0.10008108108108084,0.09999999999999999,0.02,0.05,0.0,0.0
3.237773,90,49810.768439,medium,0.9469626168224299,2.9469626168224297,2,900,8,4,4,4,4,0,0,0,0,0.026331775700934118,0.0,0.0,0.8466216216216216,1.0,4,True,109,0.11737676056338028,0.10921612149532695,0.2715945945945946,0.00921612149532694,0.1,0.10159459459459459,0.1,0.02,0.05,0.0,0.0
3.170569,90,49840.05511,medium,0.8598130841121495,2.8598130841121496,2,900,8,4,4,4,4,0,0,0,0,0.04091121495327113,0.0,0.03710000000000017,1.0,0.9999999999999982,5,True,84,0.06591549295774649,0.10575554495195474,0.2949999999999998,0.014318925233644895,0.09143661971830985,0.11999999999999998,0.09999999999999983,0.025,0.05,0.0,0.0
4.314988,82,49867.329656,medium,1.0,4.0,3,815,8,4,4,4,4,0,0,0,0,0.004252336448598175,0.012297297297297425,0.0,1.0,1.0,5,True,120,0.09845070422535211,0.10148831775700937,0.295,0.0014883177570093613,0.1,0.12,0.1,0.025,0.05,0.0,0.0
3.092315,90,49902.529255,medium,0.7975077881619937,2.797507788161994,2,900,8,4,4,4,4,0,0,0,0,0.04693925233644757,0.0,0.2008999999999956,0.8198198198198198,0.9999999999999959,4,True,150,0.135,0.11642873831775666,0.26837837837837797,0.01642873831775665,0.1,0.09837837837837839,0.09999999999999959,0.02,0.05,0.0,0.0
4.312605,90,49932.694138,medium,1.0,4.0,3,893,8,4,4,4,4,0,0,0,0,0.019727414330218063,0.041441441441441434,0.0231,0.999999999999998,0.9999999999999989,5,True,95,0.11038732394366198,0.10690459501557632,0.29499999999999965,0.006904595015576323,0.1,0.11999999999999973,0.09999999999999991,0.025,0.05,0.0,0.0
4.318638,83,49961.077642,medium,1.0,4.0,3,828,8,4,4,4,4,0,0,0,0,0.018395638629283482,0.01040540540540539,0.0,0.9999999999999996,1.0,5,True,88,0.09295774647887324,0.10643847352024922,0.29499999999999993,0.006438473520249218,0.1,0.11999999999999993,0.1,0.025,0.05,0.0,0.0
4.207039,71,49984.591454,medium,1.0,4.0,3,702,6,4,2,4,2,0,0,0,2,0.023551401869157926,0.0,0.10079999999999592,1.0,0.9999999999999997,5,True,25,0.028661971830985917,-0.01776053047255529,0.295,0.008242990654205272,0.033996478873239436,0.11999999999999998,0.09999999999999998,0.025,0.05,0.0,0.06
1.599851,80,50010.272838,medium,0.5357476635514015,1.5357476635514016,1,791,8,4,4,4,4,0,0,0,0,0.024532710280373488,0.0425675675675678,0.0,0.6060810810810792,0.0,2,False,48,0.03718309859154929,0.060473772541792696,0.08272972972972949,0.008586448598130722,0.051887323943661974,0.07272972972972949,0.0,0.01,0.0,0.0,0.0
4.212722,71,50033.885593,medium,1.0,4.0,3,709,6,4,2,4,2,0,0,0,2,0.0833255451713381,0.0,0.23029999999999431,1.0,0.9999999999999961,5,True,18,0.013943661971830987,-0.011378312711158425,0.2949999999999996,0.029163940809968335,0.019457746478873238,0.12,0.09999999999999962,0.025,0.05,0.0,0.06
4.314144,83,50066.063961,medium,1.0,4.0,3,821,8,4,4,4,4,0,0,0,0,0.03248442367601266,0.09394144144144201,0.0,0.999999999999999,1.0,5,True,79,0.06716549295774647,0.10124366800491429,0.2949999999999999,0.011369548286604431,0.08987411971830986,0.11999999999999987,0.1,0.025,0.05,0.0,0.0
4.255028,66,50087.761769,medium,1.0,4.0,3,660,5,3,2,3,2,0,0,0,3,0.045794392523363044,0.019864864864864887,0.1665999999999936,0.9999999999999992,0.9999999999999992,5,True,96,0.09295774647887324,0.026028037383177077,0.2949999999999999,0.01602803738317706,0.1,0.11999999999999991,0.09999999999999994,0.025,0.05,0.0,0.09
4.281784,89,50117.299355,medium,1.0,4.0,3,885,8,4,4,4,4,0,0,0,0,0.03287383177570052,0.0,0.14069999999999822,1.0,0.9999999999999959,5,True,59,0.04570422535211267,0.07528401013557968,0.2949999999999996,0.01150584112149518,0.06377816901408451,0.12,0.09999999999999959,0.025,0.05,0.0,0.0
4.259016,74,50141.622598,medium,1.0,4.0,3,735,7,4,3,4,3,0,0,0,1,0.03224299065420567,0.0,0.0,1.0,1.0,5,True,41,0.04764084507042254,0.037515680531788886,0.295,0.011285046728971983,0.0562306338028169,0.11999999999999998,0.1,0.025,0.05,0.0,0.03
4.161908,69,50164.142195,medium,1.0,4.0,3,687,4,2,2,2,2,0,0,0,4,0.010630841121495385,0.0,0.0,1.0,1.0,5,True,48,0.03718309859154929,-0.06439188166381464,0.295,0.003720794392523385,0.051887323943661974,0.11999999999999997,0.1,0.025,0.05,0.0,0.12
4.321192,81,50190.803467,medium,1.0,4.0,3,808,8,4,4,4,4,0,0,0,0,0.07212616822429775,0.04587837837837839,0.20649999999999405,0.999999999999998,0.999999999999997,5,True,82,0.05433098591549296,0.10699239831512394,0.2949999999999994,0.02524415887850421,0.08174823943661973,0.11999999999999969,0.09999999999999969,0.025,0.05,0.0,0.0
3.063652,82,50218.970722,medium,0.7799844236760125,2.7799844236760123,2,812,8,4,4,4,4,0,0,0,0,0.026495327102803595,0.0,0.0,0.7549549549549549,1.0,3,True,112,0.09225352112676057,0.10927336448598127,0.2555945945945946,0.009273364485981258,0.1,0.0905945945945946,0.1,0.015,0.05,0.0,0.0
3.223167,88,50251.614686,medium,0.9376947040498442,2.9376947040498442,2,876,8,4,4,4,4,0,0,0,0,0.013411214953271114,0.03878378378378403,0.0,0.8198198198198179,1.0,4,True,87,0.07869718309859156,0.1046939252336449,0.26837837837837814,0.00469392523364489,0.1,0.09837837837837814,0.1,0.02,0.05,0.0,0.0
4.227188,64,50273.122275,medium,1.0,4.0,3,640,5,2,3,2,3,0,0,0,3,0.023551401869158384,0.0,0.0,1.0,1.0,5,True,67,0.05926056338028169,-0.0038115868105832867,0.29500000000000004,0.008242990654205433,0.07794542253521128,0.12000000000000002,0.1,0.025,0.05,0.0,0.09
4.311626,79,50299.616292,medium,1.0,4.0,3,789,8,4,4,4,4,0,0,0,0,0.06133177570093351,0.030743243243243408,0.21699999999999492,0.9999999999999983,0.9999999999999959,5,True,54,0.06274647887323943,0.09552598065025632,0.2949999999999994,0.021466121495326725,0.07405985915492959,0.11999999999999977,0.0999999999999996,0.025,0.05,0.0,0.0
4.30671,81,50326.604158,medium,1.0,4.0,3,809,8,4,4,4,4,0,0,0,0,0.045163551401869305,0.0,0.0,1.0,1.0,5,True,56,0.06507042253521127,0.09261005989206272,0.29500000000000004,0.01580724299065426,0.07680281690140846,0.12000000000000001,0.1,0.025,0.05,0.0,0.0
3.049567,83,50353.441483,medium,0.8088785046728972,2.8088785046728972,2,821,8,4,4,4,4,0,0,0,0,0.04988317757009231,0.0,0.21349999999999508,0.5405405405405406,0.9999999999999959,3,True,66,0.05661971830985915,0.09292390088192666,0.22986486486486446,0.017459112149532306,0.07546478873239436,0.06486486486486485,0.09999999999999959,0.015,0.05,0.0,0.0
4.257706,73,50377.563856,medium,1.0,4.0,3,725,8,4,4,4,4,0,0,0,0,0.02646417445482875,0.06054054054054066,0.0,0.9999999999999973,1.0,5,True,24,0.018591549295774647,0.03520612303102105,0.2949999999999997,0.009262461059190062,0.025943661971830987,0.11999999999999968,0.1,0.025,0.05,0.0,0.0
4.308806,81,50410.254313,medium,1.0,4.0,3,805,8,4,4,4,4,0,0,0,0,0.004415887850467338,0.01277027027027041,0.0,0.9999999999999992,1.0,5,True,82,0.06901408450704226,0.09430612412794527,0.29499999999999993,0.0015455607476635683,0.0927605633802817,0.1199999999999999,0.1,0.025,0.05,0.0,0.0
4.306001,81,50437.464451,medium,1.0,4.0,3,803,8,4,4,4,4,0,0,0,0,0.03224299065420567,0.0,0.0,1.0,1.0,5,True,76,0.05602112676056338,0.09130089179939452,0.29499999999999993,0.011285046728971983,0.08001584507042253,0.11999999999999994,0.1,0.025,0.05,0.0,0.0
4.314809,77,50463.089154,medium,1.0,4.0,3,768,8,4,4,4,4,0,0,0,0,0.01825545171339566,0.05279279279279286,0.0,0.999999999999998,1.0,5,True,78,0.06829225352112676,0.09660859824053356,0.29499999999999976,0.006389408099688481,0.09021919014084508,0.11999999999999975,0.1,0.025,0.05,0.0,0.0
3.093204,79,50489.567272,medium,0.8411214953271028,2.8411214953271027,2,782,8,4,4,4,4,0,0,0,0,0.006705607476635531,0.01939189189189194,0.0,0.5405405405405396,1.0,3,True,96,0.06676056338028169,0.10041738515203372,0.22986486486486474,0.0023469626168224358,0.09807042253521128,0.06486486486486476,0.1,0.015,0.05,0.0,0.0
4.265135,89,50518.274261,medium,1.0,4.0,3,884,8,4,4,4,4,0,0,0,0,0.0,0.0,0.0,1.0,1.0,5,True,52,0.04338028169014085,0.05853521126760563,0.295,0.0,0.05853521126760563,0.11999999999999998,0.1,0.025,0.05,0.0,0.0
3.228834,90,50548.095709,medium,0.9376947040498442,2.9376947040498442,2,900,8,4,4,4,4,0,0,0,0,0.04119937694704056,0.0,0.1763333333333336,0.8198198198198198,0.9999999999999961,4,True,92,0.0697887323943662,0.11276133122723885,0.26837837837837797,0.014419781931464195,0.09834154929577466,0.09837837837837836,0.0999999999999996,0.02,0.05,0.0,0.0
4.207106,71,50571.706274,medium,1.0,4.0,3,702,6,3,3,3,3,0,0,0,2,0.030747663551401613,0.0037837837837837855,0.0,1.0000000000000007,1.0,5,True,23,0.026725352112676057,-0.017694303672502396,0.2950000000000001,0.010761682242990563,0.03154401408450704,0.12000000000000008,0.1,0.025,0.05,0.0,0.06
4.147739,68,50597.186203,medium,1.0,4.0,3,679,3,1,2,1,2,0,0,0,5,0.014228971962616917,0.0,0.060900000000000405,1.0,0.999999999999997,5,True,26,0.030211267605633804,-0.07936140910885872,0.2949999999999997,0.004980140186915921,0.03565845070422535,0.12000000000000001,0.09999999999999969,0.025,0.05,0.0,0.12
3.109642,79,50623.619768,medium,0.8492990654205608,2.8492990654205608,2,790,8,4,4,4,4,0,0,0,0,0.018971962616822515,0.05486486486486511,0.0,0.5641891891891888,1.0,3,True,96,0.07605633802816901,0.10664018691588789,0.23270270270270266,0.006640186915887879,0.1,0.06770270270270265,0.1,0.015,0.05,0.0,0.0
3.02817,84,50651.983366,medium,0.7755685358255446,2.7755685358255446,2,837,8,4,4,4,4,0,0,0,0,0.015046728971962164,0.013716216216216198,0.0,0.9333333333333327,1.0,4,True,48,0.033380281690140845,0.05430156640779239,0.2819999999999999,0.0052663551401867575,0.049035211267605634,0.1119999999999999,0.1,0.02,0.05,0.0,0.0
3.180546,90,50681.50969,medium,0.8830996884735203,2.8830996884735205,2,900,8,4,4,4,4,0,0,0,0,0.011775700934579508,0.0,0.0,0.9443693693693693,1.0,4,True,119,0.09952464788732394,0.10412149532710284,0.2833243243243243,0.004121495327102828,0.1,0.11332432432432432,0.1,0.02,0.05,0.0,0.0
4.276669,84,50709.360834,medium,1.0,4.0,3,833,8,4,4,4,4,0,0,0,0,0.054789719626167,0.008513513513513503,0.1700999999999945,0.9999999999999996,0.9999999999999982,5,True,45,0.031056338028169015,0.06496865539028521,0.29499999999999976,0.01917640186915845,0.04579225352112676,0.11999999999999993,0.09999999999999981,0.025,0.05,0.0,0.0
3.239958,90,50739.80969,medium,0.946417445482866,2.946417445482866,2,900,8,4,4,4,4,0,0,0,0,0.034672897196261175,0.0,0.13299999999999787,0.8450450450450451,0.9999999999999966,4,True,112,0.11376760563380282,0.11213551401869142,0.27140540540540503,0.01213551401869141,0.1,0.10140540540540538,0.09999999999999966,0.02,0.05,0.0,0.0
4.210908,70,50768.040357,medium,1.0,4.0,3,693,5,1,4,1,4,0,0,0,3,0.0,0.0,0.0,1.0,1.0,5,True,62,0.058943661971830985,-0.014792253521126744,0.295,0.0,0.07520774647887325,0.11999999999999997,0.1,0.025,0.05,0.0,0.09
3.152779,90,50798.071157,medium,0.8696261682242991,2.869626168224299,2,900,8,4,4,4,4,0,0,0,0,0.012850467289719624,0.0,0.05499999999999999,1.0,0.9999999999999972,5,True,59,0.05887323943661972,0.07815259312886666,0.2949999999999997,0.0044976635514018684,0.07365492957746479,0.11999999999999994,0.09999999999999974,0.025,0.05,0.0,0.0
3.074517,90,50828.397554,medium,0.8156152647975075,2.8156152647975077,2,900,8,4,4,4,4,0,0,0,0,0.028294392523364395,0.032635135135135274,0.048300000000000315,0.7090090090090088,0.9999999999999976,3,True,75,0.06855633802816902,0.09882029090430429,0.2500810810810808,0.009903037383177537,0.08891725352112675,0.08508108108108102,0.09999999999999976,0.015,0.05,0.0,0.0
4.319225,87,50856.111255,medium,1.0,4.0,3,864,8,4,4,4,4,0,0,0,0,0.030358255451712703,0.041441441441441434,0.06859999999999704,0.999999999999998,1.0,5,True,138,0.12355633802816901,0.11062538940809945,0.29499999999999976,0.010625389408099444,0.1,0.11999999999999975,0.1,0.025,0.05,0.0,0.0
4.311861,68,50878.982274,medium,1.0,4.0,3,672,7,3,4,3,4,0,0,0,1,0.061985981308410064,0.014662162162162155,0.22399999999999462,0.9999999999999993,0.9999999999999959,5,True,96,0.059154929577464786,0.08406129064104212,0.29499999999999954,0.02169509345794352,0.0923661971830986,0.11999999999999994,0.09999999999999959,0.025,0.05,0.0,0.03
4.12237,73,50903.43841,medium,1.0,4.0,3,723,4,4,0,4,0,0,0,0,4,0.05619937694704052,0.041441441441441434,0.0861000000000003,1.0000000000000016,0.9999999999999959,5,True,0,0.0,-0.10033021806853581,0.29499999999999976,0.01966978193146418,0.0,0.12000000000000016,0.0999999999999996,0.025,0.05,0.0,0.12
3.259455,90,50938.986455,medium,0.9524922118380063,2.952492211838006,2,900,8,4,4,4,4,0,0,0,0,0.06404984423675972,0.08069819819819862,0.1546999999999976,0.9999999999999959,0.9999999999999959,5,True,58,0.0673943661971831,0.10196322013075323,0.2949999999999991,0.0224174454828659,0.07954577464788733,0.11999999999999951,0.09999999999999959,0.025,0.05,0.0,0.0
3.193041,90,50969.097404,medium,0.9458722741433022,2.9458722741433023,2,899,8,4,4,4,4,0,0,0,0,0.028130841121495113,0.0,0.0,0.8434684684684685,1.0,4,True,48,0.04267605633802817,0.06585283664604441,0.2712162162162162,0.00984579439252329,0.05600704225352113,0.10121621621621621,0.1,0.02,0.05,0.0,0.0
3.123219,90,50999.637823,medium,0.8209501557632399,2.82095015576324,2,900,8,4,4,4,4,0,0,0,0,0.04501557632398761,0.0,0.19266666666666696,0.8876126126126126,0.9999999999999961,4,True,86,0.08683098591549296,0.11575545171339567,0.2765135135135131,0.015755451713395662,0.1,0.1065135135135135,0.0999999999999996,0.02,0.05,0.0,0.0
4.322509,81,51026.816031,medium,1.0,4.0,3,801,8,4,4,4,4,0,0,0,0,0.04524143302180702,0.041441441441441434,0.09100000000000016,0.9999999999999981,0.9999999999999959,5,True,72,0.07436619718309859,0.10760914944495642,0.2949999999999994,0.01583450155763246,0.09177464788732397,0.11999999999999976,0.0999999999999996,0.025,0.05,0.0,0.0
3.181833,86,51054.333299,medium,0.8942990654205608,2.8942990654205607,2,856,8,4,4,4,4,0,0,0,0,0.035654205607476425,0.02033783783783791,0.122499999999999,0.8395945945945937,0.9999999999999959,4,True,70,0.07320422535211267,0.10238214097670124,0.27075135135135087,0.012478971962616747,0.0899031690140845,0.10075135135135124,0.0999999999999996,0.02,0.05,0.0,0.0
4.319174,84,51082.493578,medium,1.0,4.0,3,833,8,4,4,4,4,0,0,0,0,0.021355140186915957,0.029324324324324483,0.04799999999999999,0.9999999999999986,0.9999999999999978,5,True,81,0.09411971830985916,0.1074742990654206,0.2949999999999996,0.007474299065420584,0.1,0.11999999999999979,0.09999999999999978,0.025,0.05,0.0,0.0
4.304732,77,51112.887419,medium,1.0,4.0,3,762,8,4,4,4,4,0,0,0,0,0.02608255451713395,0.041148648648648915,0.015399999999999336,0.9999999999999992,1.0,5,True,56,0.06507042253521127,0.08593171098240535,0.29499999999999993,0.009128894080996881,0.07680281690140846,0.11999999999999993,0.1,0.025,0.05,0.0,0.0
4.238935,70,51136.10269,medium,1.0,4.0,3,699,5,1,4,1,4,0,0,0,3,0.010957943925233702,0.03168918918918935,0.0,1.0000000000000022,1.0,5,True,82,0.08598591549295774,0.013835280373831804,0.29500000000000026,0.0038352803738317953,0.1,0.12000000000000025,0.09999999999999999,0.025,0.05,0.0,0.09
4.258612,70,51159.688412,medium,1.0,4.0,3,693,7,3,4,3,4,0,0,0,1,0.015498442367601242,0.044819819819819806,0.0,0.9999999999999986,1.0,5,True,47,0.045316901408450704,0.03291213088499845,0.2949999999999998,0.005424454828660434,0.05748767605633802,0.11999999999999983,0.1,0.025,0.05,0.0,0.03
3.170215,90,51189.203562,medium,0.8950389408099689,2.895038940809969,2,900,8,4,4,4,4,0,0,0,0,0.047429906542056,0.0449324324324328,0.06089999999999817,0.6964639639639618,0.9999999999999992,3,True,128,0.1309154929577465,0.11660046728971961,0.24857567567567534,0.0166004672897196,0.1,0.08357567567567543,0.09999999999999992,0.015,0.05,0.0,0.0
3.102564,84,51216.624436,medium,0.8100467289719626,2.8100467289719626,2,833,8,4,4,4,4,0,0,0,0,0.07533489096573125,0.041441441441441434,0.1637999999999972,0.8229729729729709,0.9999999999999959,4,True,66,0.06359154929577465,0.10706087380983692,0.2687567567567561,0.026367211838005937,0.08069366197183099,0.09875675675675648,0.09999999999999959,0.02,0.05,0.0,0.0
4.230975,66,51238.527097,medium,1.0,4.0,3,660,5,1,4,1,4,0,0,0,3,0.0,0.0,0.0,1.0,1.0,5,True,93,0.06063380281690141,0.0019753521126760626,0.295,0.0,0.09197535211267606,0.11999999999999998,0.1,0.025,0.05,0.0,0.09
4.306701,83,51266.435459,medium,1.0,4.0,3,829,8,4,4,4,4,0,0,0,0,0.03614485981308366,0.007567567567567554,0.04059999999999825,1.0000000000000013,1.0,5,True,72,0.06126760563380282,0.09460140515993139,0.29500000000000015,0.012650700934579278,0.08195070422535211,0.12000000000000013,0.1,0.025,0.05,0.0,0.0
3.190732,89,51300.838468,medium,0.942601246105919,2.942601246105919,2,887,8,4,4,4,4,0,0,0,0,0.00654205607476637,0.018918918918918965,0.0,0.8340090090090082,1.0,4,True,47,0.05461267605633803,0.06674922666842174,0.270081081081081,0.0022897196261682296,0.06445950704225352,0.10008108108108098,0.1,0.02,0.05,0.0,0.0
3.177317,90,51330.785227,medium,0.9376947040498442,2.9376947040498442,2,900,8,4,4,4,4,0,0,0,0,0.043029595015576245,0.08022522522522561,0.0,0.8198198198198176,1.0,4,True,48,0.029577464788732393,0.06124345684700098,0.2683783783783781,0.015060358255451685,0.046183098591549294,0.0983783783783781,0.1,0.02,0.05,0.0,0.0
4.300682,83,51357.402658,medium,1.0,4.0,3,825,8,4,4,4,4,0,0,0,0,0.022009345794392548,0.0,0.083,1.0,1.0,5,True,68,0.061971830985915494,0.088182144267474,0.295,0.007703271028037391,0.08047887323943662,0.11999999999999997,0.1,0.025,0.05,0.0,0.0
4.165605,77,51382.237087,medium,1.0,4.0,3,765,5,4,1,4,1,0,0,0,3,0.015887850467289716,0.0,0.0,1.0,1.0,5,True,23,0.026725352112676057,-0.052895238251941555,0.295,0.005560747663551401,0.03154401408450704,0.12,0.1,0.025,0.05,0.0,0.09
3.287943,90,51412.143445,medium,0.9742990654205608,2.9742990654205608,2,900,8,4,4,4,4,0,0,0,0,0.02469626168224274,0.0037837837837838254,0.0,1.0,1.0,5,True,100,0.08683098591549296,0.10864369158878497,0.29500000000000004,0.008643691588784957,0.1,0.12000000000000001,0.1,0.025,0.05,0.0,0.0
3.24144,90,51443.175012,medium,0.9376947040498442,2.9376947040498442,2,900,8,4,4,4,4,0,0,0,0,0.07247663551401899,0.05864864864864898,0.08540000000000003,0.819819819819817,0.9999999999999962,4,True,103,0.0803169014084507,0.12536682242990665,0.26837837837837764,0.025366822429906642,0.1,0.098378378378378,0.09999999999999963,0.02,0.05,0.0,0.0
4.280928,80,51475.690438,medium,1.0,4.0,3,798,8,4,4,4,4,0,0,0,0,0.019626168224299155,0.0,0.0840000000000004,1.0,0.9999999999999959,5,True,48,0.04647887323943662,0.06572831380808217,0.29499999999999954,0.006869158878504704,0.05885915492957746,0.11999999999999997,0.09999999999999959,0.025,0.05,0.0,0.0
4.332072,76,51501.546318,medium,1.0,4.0,3,753,8,4,4,4,4,0,0,0,0,0.08235981308411242,0.11804054054054111,0.08470000000000036,0.9999999999999986,0.9999999999999959,5,True,66,0.0673943661971831,0.11237170922732666,0.29499999999999943,0.02882593457943934,0.08354577464788732,0.11999999999999982,0.09999999999999959,0.025,0.05,0.0,0.0
3.228758,89,51531.619543,medium,0.9376947040498442,2.9376947040498442,2,886,8,4,4,4,4,0,0,0,0,0.03224299065420567,0.0,0.0,0.8198198198198198,1.0,4,True,130,0.11169014084507042,0.11128504672897199,0.26837837837837836,0.011285046728971983,0.1,0.09837837837837834,0.1,0.02,0.05,0.0,0.0
1.696417,81,51557.931902,medium,0.5751557632398754,1.5751557632398754,1,802,8,4,4,4,4,0,0,0,0,0.01439252336448608,0.0,0.0,0.6396396396396397,0.04666666666666667,3,False,139,0.11866197183098591,0.10503738317757014,0.09642342342342343,0.0050373831775701264,0.1,0.07675675675675676,0.004666666666666668,0.015,0.0,0.0,0.0
4.329009,81,51584.858226,medium,1.0,4.0,3,807,8,4,4,4,4,0,0,0,0,0.042024922118379514,0.014166666666666715,0.15889999999999743,0.9999999999999998,0.9999999999999959,5,True,188,0.167693661971831,0.11470872274143283,0.2949999999999996,0.014708722741432829,0.1,0.11999999999999998,0.0999999999999996,0.025,0.05,0.0,0.0
4.312872,90,51613.973555,medium,1.0,4.0,3,897,8,4,4,4,4,0,0,0,0,0.021635514018691727,0.0190540540540541,0.0,0.9999999999999992,1.0,5,True,143,0.14133802816901408,0.10757242990654212,0.2949999999999999,0.007572429906542104,0.1,0.11999999999999988,0.1,0.025,0.05,0.0,0.0
4.324487,88,51647.610373,medium,1.0,4.0,3,878,8,4,4,4,4,0,0,0,0,0.049392523364484846,0.0,0.21139999999999512,1.0,0.9999999999999961,5,True,154,0.14014084507042254,0.1172873831775697,0.2949999999999996,0.017287383177569695,0.1,0.11999999999999997,0.09999999999999962,0.025,0.05,0.0,0.0
1.595765,90,51678.138343,medium,0.560981308411215,1.560981308411215,1,900,8,4,4,4,4,0,0,0,0,0.010140186915887413,0.0,0.0,0.4060810810810811,0.0,2,False,62,0.04200704225352113,0.06605434711070143,0.05872972972972972,0.0035490654205605943,0.06250528169014084,0.04872972972972972,0.0,0.01,0.0,0.0,0.0
4.28777,85,51706.448925,medium,1.0,4.0,3,848,8,4,4,4,4,0,0,0,0,0.0178271028037384,0.05155405405405429,0.0,1.0000000000000013,1.0,5,True,59,0.05577464788732395,0.07757047189680139,0.2950000000000002,0.00623948598130844,0.07133098591549294,0.12000000000000018,0.1,0.025,0.05,0.0,0.0
4.151116,67,51727.981995,medium,1.0,4.0,3,664,2,0,2,0,2,0,0,0,6,0.0,0.0,0.0,1.0,1.0,5,True,31,0.036021126760563384,-0.07748415492957747,0.295,0.0,0.04251584507042253,0.11999999999999998,0.09999999999999999,0.025,0.05,0.0,0.12
3.107939,86,51755.421132,medium,0.8040498442367601,2.80404984423676,2,858,8,4,4,4,4,0,0,0,0,0.054400311526479665,0.041441441441441434,0.12529999999999883,0.8387387387387367,0.9999999999999961,4,True,96,0.07985915492957746,0.11904010903426789,0.27064864864864796,0.01904010903426788,0.1,0.10064864864864836,0.0999999999999996,0.02,0.05,0.0,0.0
4.155369,68,51778.223188,medium,1.0,4.0,3,677,3,1,2,1,2,0,0,0,5,0.008668224299065462,0.02506756756756769,0.0,1.0000000000000024,1.0,5,True,40,0.033380281690140845,-0.07193091022772145,0.2950000000000003,0.0030338785046729114,0.04503521126760563,0.12000000000000029,0.1,0.025,0.05,0.0,0.12
3.092596,90,51813.089507,medium,0.7975077881619937,2.797507788161994,2,900,8,4,4,4,4,0,0,0,0,0.047741433021806924,0.0,0.20433333333333364,0.8198198198198198,0.9999999999999961,4,True,144,0.1356338028169014,0.11670950155763243,0.2683783783783779,0.016709501557632424,0.1,0.09837837837837832,0.0999999999999996,0.02,0.05,0.0,0.0
4.231194,79,51839.525059,medium,1.0,4.0,3,781,7,4,3,4,3,0,0,0,1,0.03698598130841126,0.013716216216216198,0.0,0.9999999999999993,1.0,5,True,29,0.022464788732394367,0.014293685007239723,0.29499999999999993,0.012945093457943941,0.03134859154929578,0.11999999999999993,0.1,0.025,0.05,0.0,0.03
4.284986,90,51868.660218,medium,1.0,4.0,3,893,8,4,4,4,4,0,0,0,0,0.016510903426791276,0.030180180180180188,0.0,0.9999999999999986,1.0,5,True,68,0.05267605633802817,0.07928585845289808,0.2949999999999998,0.0057788161993769455,0.07350704225352113,0.11999999999999983,0.09999999999999999,0.025,0.05,0.0,0.0
4.168631,63,51889.591935,medium,1.0,4.0,3,626,4,0,4,0,4,0,0,0,4,0.0,0.0,0.0,1.0,1.0,5,True,41,0.04764084507042254,-0.0637693661971831,0.295,0.0,0.0562306338028169,0.12,0.1,0.025,0.05,0.0,0.12
1.719115,90,51918.705221,medium,0.618380062305296,1.618380062305296,1,900,8,4,4,4,4,0,0,0,0,0.03927570093457958,0.020337837837837897,0.0,0.5720720720720711,0.0,3,False,83,0.06911971830985915,0.10708628405949723,0.08364864864864853,0.013746495327102851,0.09333978873239437,0.06864864864864853,0.0,0.015,0.0,0.0,0.0
3.042417,85,51947.121308,medium,0.7744548286604361,2.7744548286604362,2,845,8,4,4,4,4,0,0,0,0,0.021752336448598152,0.06290540540540547,0.0,0.7452702702702675,1.0,3,True,71,0.07322183098591549,0.09802969099644598,0.25443243243243213,0.007613317757009354,0.09041637323943663,0.08943243243243211,0.1,0.015,0.05,0.0,0.0
3.090671,90,51982.346073,medium,0.820404984423676,2.820404984423676,2,900,8,4,4,4,4,0,0,0,0,0.032056074766354845,0.004729729729729782,0.0,0.8308558558558559,1.0,4,True,68,0.06045774647887324,0.09056293602737912,0.2697027027027027,0.011219626168224195,0.07934330985915493,0.09970270270270268,0.1,0.02,0.05,0.0,0.0
4.274954,81,52009.286183,medium,1.0,4.0,3,807,8,4,4,4,4,0,0,0,0,0.04431464174454778,0.06477477477477481,0.0,0.9999999999999971,1.0,5,True,38,0.03485915492957747,0.06065449080777482,0.29499999999999965,0.015510124610591721,0.045144366197183095,0.11999999999999963,0.1,0.025,0.05,0.0,0.0
3.054349,90,52039.483526,medium,0.7975077881619937,2.797507788161994,2,900,8,4,4,4,4,0,0,0,0,0.004742990654205431,0.0018918918918918936,0.0,0.8198198198198198,1.0,4,True,56,0.06507042253521127,0.07846286363038035,0.26837837837837836,0.001660046728971901,0.07680281690140846,0.09837837837837833,0.1,0.02,0.05,0.0,0.0
4.291831,73,52063.320664,medium,1.0,4.0,3,729,8,4,4,4,4,0,0,0,0,0.04249221183800536,0.06328828828828835,0.0881999999999962,0.9999999999999973,1.0,5,True,40,0.04647887323943662,0.06973142907287935,0.29499999999999965,0.01487227414330188,0.05485915492957747,0.11999999999999965,0.1,0.025,0.05,0.0,0.0
3.052026,87,52091.757721,medium,0.775,2.775,2,868,8,4,4,4,4,0,0,0,0,0.04636292834890932,0.043738738738738896,0.13369999999999804,0.7547297297297284,0.9999999999999963,3,True,76,0.07204225352112677,0.10825871506296333,0.25556756756756704,0.016227024922118263,0.09203169014084507,0.09056756756756741,0.09999999999999966,0.015,0.05,0.0,0.0
2.923941,84,52120.402183,medium,0.6389252336448599,2.63892523364486,2,840,8,4,4,4,4,0,0,0,0,0.0343457943925235,0.03500000000000035,0.0952,0.7666216216216202,0.9999999999999961,3,True,92,0.08288732394366197,0.11202102803738323,0.256994594594594,0.012021028037383225,0.1,0.09199459459459439,0.0999999999999996,0.015,0.05,0.0,0.0
3.239915,90,52154.914377,medium,0.9398753894080997,2.9398753894081,2,894,8,4,4,4,4,0,0,0,0,0.0580140186915888,0.09344594594594581,0.0,0.8261261261261225,1.0,4,True,85,0.08947183098591549,0.12030490654205608,0.2691351351351347,0.020304906542056078,0.1,0.0991351351351347,0.09999999999999999,0.02,0.05,0.0,0.0
4.328216,76,52179.797637,medium,1.0,4.0,3,760,8,4,4,4,4,0,0,0,0,0.02633177570093356,0.0,0.11269999999999564,1.0,0.9999999999999996,5,True,143,0.13827464788732394,0.10921612149532675,0.295,0.009216121495326744,0.1,0.12000000000000001,0.09999999999999995,0.025,0.05,0.0,0.0
4.273238,68,52201.708381,medium,1.0,4.0,3,672,6,2,4,2,4,0,0,0,2,0.015537383177570242,0.04493243243243286,0.0,0.9999999999999976,1.0,5,True,117,0.10922535211267606,0.045438084112149585,0.2949999999999997,0.005438084112149584,0.1,0.11999999999999969,0.1,0.025,0.05,0.0,0.06
4.311395,73,52226.049844,medium,1.0,4.0,3,727,8,4,4,4,4,0,0,0,0,0.04144859813084123,0.041441441441441434,0.0,1.0000000000000016,1.0,5,True,69,0.053450704225352114,0.08909503751480852,0.2950000000000002,0.014507009345794429,0.07458802816901408,0.12000000000000018,0.1,0.025,0.05,0.0,0.0
4.323271,80,52252.56213,medium,1.0,4.0,3,798,8,4,4,4,4,0,0,0,0,0.02306074766355041,0.0,0.09869999999999575,1.0,1.0,5,True,96,0.10225352112676056,0.10807126168224265,0.295,0.008071261682242642,0.1,0.11999999999999998,0.1,0.025,0.05,0.0,0.0
3.203556,85,52280.694075,medium,0.9179906542056074,2.9179906542056075,2,850,8,4,4,4,4,0,0,0,0,0.04007009345794319,0.0,0.17149999999999685,0.7628378378378379,0.9999999999999959,3,True,106,0.10077464788732395,0.11402453271028012,0.25654054054054015,0.014024532710280117,0.1,0.09154054054054055,0.0999999999999996,0.015,0.05,0.0,0.0
2.953072,89,52310.479383,medium,0.7031152647975077,2.703115264797508,2,886,8,4,4,4,4,0,0,0,0,0.022671339563862997,0.041441441441441434,0.03570000000000015,0.5468468468468448,0.9999999999999983,3,True,116,0.10859154929577465,0.10793496884735206,0.2306216216216212,0.007934968847352048,0.1,0.06562162162162138,0.09999999999999983,0.015,0.05,0.0,0.0
4.294157,79,52341.873711,medium,1.0,4.0,3,785,8,4,4,4,4,0,0,0,0,0.03038940809968812,0.004256756756756574,0.0,1.0,1.0,5,True,62,0.04802816901408451,0.07765741959545422,0.295,0.010636292834890839,0.06702112676056338,0.11999999999999998,0.1,0.025,0.05,0.0,0.0
4.239016,80,52368.574763,medium,1.0,4.0,3,795,6,4,2,4,2,0,0,0,2,0.013738317757009432,0.03972972972972998,0.0,1.0000000000000018,1.0,5,True,69,0.058943661971830985,0.023516157693826534,0.2950000000000002,0.004808411214953301,0.07870774647887323,0.1200000000000002,0.1,0.025,0.05,0.0,0.06
3.307704,90,52398.475304,medium,0.9913940809968848,2.991394080996885,2,900,8,4,4,4,4,0,0,0,0,0.0551323987538926,0.05349099099099111,0.1567999999999935,0.97511261261261,0.9999999999999997,4,True,178,0.1658450704225352,0.11929633956386242,0.2870135135135132,0.019296339563862407,0.1,0.11701351351351322,0.09999999999999996,0.02,0.05,0.0,0.0
2.964596,90,52426.80394,medium,0.7269470404984423,2.7269470404984424,2,900,8,4,4,4,4,0,0,0,0,0.008177570093457768,0.016554054054053854,0.0,0.5850225225225218,1.0,2,True,81,0.07211267605633803,0.09744665657496375,0.23020270270270266,0.0028621495327102184,0.09458450704225353,0.07020270270270264,0.09999999999999999,0.01,0.05,0.0,0.0
4.312272,84,52454.711722,medium,1.0,4.0,3,833,8,4,4,4,4,0,0,0,0,0.0016355140186915884,0.004729729729729729,0.0,0.9999999999999998,1.0,5,True,107,0.09264084507042253,0.10057242990654205,0.29499999999999993,0.0005724299065420559,0.1,0.11999999999999994,0.1,0.025,0.05,0.0,0.0
3.23396,90,52484.481792,medium,0.9376947040498442,2.9376947040498442,2,900,8,4,4,4,4,0,0,0,0,0.05110591900311549,0.057702702702702995,0.0,0.819819819819817,1.0,4,True,76,0.08830985915492957,0.11788707165109043,0.268378378378378,0.017887071651090422,0.1,0.09837837837837804,0.1,0.02,0.05,0.0,0.0
