#{"t_start": 1778956386.315352, "env_id": "None"}
r,l,t,profile,damage_pct,score,stars,ticks_elapsed
0.29381,72,23.638137,medium,0.365809968847352,0.365809968847352,0,720
0.392875,72,48.399903,medium,0.4648753894080997,0.4648753894080997,0,720
2.828293,67,71.483005,medium,0.8943925233644859,2.894392523364486,2,661
1.463997,67,94.041459,medium,0.5309968847352025,1.5309968847352025,1,670
1.507751,64,114.752866,medium,0.5716510903426791,1.5716510903426792,1,639
2.56055,61,134.704521,medium,0.6209501557632399,2.6209501557632398,2,604
0.393923,57,152.962757,medium,0.45062305295950156,0.45062305295950156,0,567
0.243705,60,175.149397,medium,0.30350467289719624,0.30350467289719624,0,598
2.680713,63,195.868508,medium,0.7429127725856698,2.7429127725856697,2,622
2.678,72,219.375504,medium,0.75,2.75,2,720
2.587579,72,242.80705,medium,0.6595794392523364,2.6595794392523366,2,720
1.457751,72,266.943576,medium,0.5297507788161994,1.5297507788161995,1,720
3.9388,62,287.861495,medium,1.0,4.0,3,612
0.236788,63,308.231416,medium,0.29968847352024924,0.29968847352024924,0,629
2.509683,69,331.212991,medium,0.5785825545171339,2.578582554517134,2,689
1.558685,72,357.667994,medium,0.6306853582554517,1.6306853582554517,1,720
0.295427,58,377.273141,medium,0.35342679127725857,0.35342679127725857,0,580
2.829016,58,396.606582,medium,0.8869158878504673,2.886915887850467,2,579
1.476254,65,418.066496,medium,0.5406542056074767,1.5406542056074768,1,644
0.289682,72,442.285018,medium,0.3616822429906542,0.3616822429906542,0,720
1.446379,55,460.546986,medium,0.5007788161993769,1.500778816199377,1,544
2.76674,72,484.026813,medium,0.8382398753894081,2.8382398753894083,2,715
0.342642,72,508.186114,medium,0.4146417445482866,0.4146417445482866,0,720
0.261557,65,531.942782,medium,0.32585669781931464,0.32585669781931464,0,643
0.23166,72,555.603621,medium,0.3029595015576324,0.3029595015576324,0,713
2.600028,71,579.551201,medium,0.6710280373831776,2.6710280373831776,2,710
2.654063,60,598.866023,medium,0.7138629283489096,2.7138629283489095,2,598
2.63205,72,622.569868,medium,0.7040498442367601,2.70404984423676,2,720
1.484464,72,646.379227,medium,0.5564641744548287,1.5564641744548287,1,720
0.262268,72,670.722763,medium,0.33426791277258566,0.33426791277258566,0,720
0.411298,55,690.885571,medium,0.46549844236760124,0.46549844236760124,0,542
1.577154,72,714.800337,medium,0.6487538940809969,1.648753894080997,1,716
0.206816,72,738.582654,medium,0.278816199376947,0.278816199376947,0,720
0.380994,56,756.937946,medium,0.43699376947040497,0.43699376947040497,0,560
2.888047,72,780.504062,medium,0.9600467289719626,2.9600467289719625,2,720
2.693421,72,804.290211,medium,0.7654205607476635,2.7654205607476636,2,720
1.547499,69,827.135794,medium,0.6161993769470405,1.6161993769470406,1,687
2.84233,72,851.558363,medium,0.9143302180685359,2.9143302180685358,2,720
0.172682,64,875.617863,medium,0.2366822429906542,0.2366822429906542,0,640
0.252595,69,898.733183,medium,0.32149532710280376,0.32149532710280376,0,689
2.522505,65,920.818281,medium,0.5873052959501558,2.5873052959501557,2,648
1.702299,72,945.101105,medium,0.7742990654205607,1.7742990654205606,1,720
1.639887,68,966.738381,medium,0.7070872274143302,1.70708722741433,1,672
2.665102,62,986.619316,medium,0.7264018691588785,2.7264018691588783,2,613
1.602997,70,1009.505966,medium,0.6728971962616822,1.6728971962616823,1,699
2.589371,72,1035.64361,medium,0.6613707165109034,2.6613707165109033,2,720
0.308843,57,1054.54274,medium,0.36534267912772583,0.36534267912772583,0,565
0.223451,57,1073.697962,medium,0.27975077881619936,0.27975077881619936,0,563
2.639137,72,1098.002155,medium,0.7111370716510903,2.7111370716510903,2,720
2.574184,72,1122.605156,medium,0.6461838006230529,2.646183800623053,2,720
0.346536,72,1146.55395,medium,0.4185358255451713,0.4185358255451713,0,720
0.298147,71,1169.717741,medium,0.36884735202492214,0.36884735202492214,0,707
2.68427,69,1193.45443,medium,0.7525700934579439,2.752570093457944,2,683
1.464141,67,1218.426213,medium,0.5308411214953271,1.5308411214953273,1,667
2.764604,72,1242.947649,medium,0.8366043613707165,2.8366043613707164,2,720
0.403623,72,1267.85439,medium,0.4756230529595016,0.4756230529595016,0,720
1.699573,72,1292.119876,medium,0.7715732087227415,1.7715732087227414,1,720
2.780589,70,1315.650844,medium,0.8503894080996884,2.8503894080996885,2,698
0.42945,58,1334.85635,medium,0.4871495327102804,0.4871495327102804,0,577
2.810632,72,1358.949665,medium,0.8826323987538941,2.882632398753894,2,720
0.273846,53,1377.714428,medium,0.3262461059190031,0.3262461059190031,0,524
0.3616,64,1400.394514,medium,0.425,0.425,0,634
1.592642,72,1424.797016,medium,0.6646417445482866,1.6646417445482866,1,720
1.465461,72,1448.609826,medium,0.5374610591900312,1.537461059190031,1,720
0.249495,72,1472.527706,medium,0.32149532710280376,0.32149532710280376,0,720
0.23958,54,1490.288876,medium,0.29338006230529595,0.29338006230529595,0,538
2.616227,63,1510.799104,medium,0.6784267912772586,2.678426791277259,2,622
1.505891,63,1531.519816,medium,0.5679906542056075,1.5679906542056075,1,621
2.765695,72,1555.708978,medium,0.8376947040498443,2.837694704049844,2,720
0.330025,72,1578.47508,medium,0.40202492211838003,0.40202492211838003,0,720
2.605982,72,1603.141098,medium,0.6778816199376947,2.6778816199376947,2,719
2.595445,72,1626.922003,medium,0.6674454828660437,2.667445482866044,2,720
0.078739,59,1646.886835,medium,0.13753894080996884,0.13753894080996884,0,588
1.461339,69,1669.886078,medium,0.5294392523364486,1.5294392523364486,1,681
0.292588,57,1688.711997,medium,0.34898753894080997,0.34898753894080997,0,564
2.644807,69,1712.452072,medium,0.7137071651090343,2.7137071651090343,2,689
0.395127,59,1734.321488,medium,0.45342679127725855,0.45342679127725855,0,583
1.453235,65,1756.839677,medium,0.5178348909657321,1.517834890965732,1,646
1.758997,72,1781.334269,medium,0.8309968847352025,1.8309968847352025,1,720
0.372081,56,1800.444522,medium,0.42718068535825543,0.42718068535825543,0,551
0.340876,58,1820.388623,medium,0.3986760124610592,0.3986760124610592,0,578
1.541396,72,1844.758653,medium,0.6133956386292835,1.6133956386292834,1,720
1.508888,66,1866.047175,medium,0.57398753894081,1.57398753894081,1,651
0.420414,66,1888.995091,medium,0.4855140186915888,0.4855140186915888,0,651
1.429558,72,1915.242266,medium,0.5015576323987538,1.5015576323987538,1,720
0.391946,68,1938.069674,medium,0.4593457943925234,0.4593457943925234,0,674
0.284896,54,1956.547789,medium,0.3383956386292835,0.3383956386292835,0,535
0.340028,65,1978.684004,medium,0.4041277258566978,0.4041277258566978,0,641
0.200764,56,1998.385739,medium,0.25646417445482866,0.25646417445482866,0,557
2.711801,72,2022.613902,medium,0.7838006230529595,2.7838006230529597,2,720
1.43353,72,2046.779577,medium,0.5055295950155764,1.5055295950155765,1,720
2.810632,64,2068.775653,medium,0.8738317757009346,2.8738317757009346,2,632
0.214048,56,2090.071056,medium,0.26954828660436136,0.26954828660436136,0,555
2.831427,72,2113.117775,medium,0.9034267912772586,2.9034267912772584,2,720
2.729324,72,2138.124334,medium,0.8013239875389409,2.801323987538941,2,720
0.176307,55,2156.451907,medium,0.230607476635514,0.230607476635514,0,543
2.798483,72,2180.12602,medium,0.8704828660436137,2.8704828660436137,2,720
0.321632,70,2203.982639,medium,0.3907320872274143,0.3907320872274143,0,691
1.436567,72,2228.35455,medium,0.5085669781931464,1.5085669781931466,1,720
2.506972,72,2255.802501,medium,0.5789719626168224,2.5789719626168224,2,720
0.255344,61,2277.689428,medium,0.3160436137071651,0.3160436137071651,0,607
2.786567,72,2302.706902,medium,0.8585669781931464,2.8585669781931466,2,720
2.730103,72,2326.910379,medium,0.8021028037383178,2.8021028037383178,2,720
1.448483,72,2351.450854,medium,0.5204828660436137,1.5204828660436136,1,720
0.145679,64,2372.51931,medium,0.2088785046728972,0.2088785046728972,0,632
0.237084,68,2396.90464,medium,0.3049844236760125,0.3049844236760125,0,679
0.365539,72,2422.308115,medium,0.43753894080996886,0.43753894080996886,0,720
2.638047,72,2448.061112,medium,0.7100467289719626,2.7100467289719625,2,720
0.126446,67,2471.145375,medium,0.19314641744548286,0.19314641744548286,0,667
0.303273,60,2492.086556,medium,0.36277258566978193,0.36277258566978193,0,595
2.689293,72,2516.020282,medium,0.7612928348909658,2.7612928348909658,2,720
0.420523,72,2539.944287,medium,0.49252336448598133,0.49252336448598133,0,720
2.54296,61,2560.619774,medium,0.6036604361370717,2.603660436137072,2,607
1.500802,60,2581.04116,medium,0.560202492211838,1.560202492211838,1,594
2.798561,72,2607.71942,medium,0.8705607476635514,2.8705607476635513,2,720
0.293265,72,2632.491048,medium,0.3652647975077882,0.3652647975077882,0,720
2.680103,72,2656.660021,medium,0.7521028037383177,2.7521028037383175,2,720
2.832028,64,2678.934495,medium,0.8960280373831776,2.8960280373831777,2,640
1.548016,72,2703.319625,medium,0.6200155763239875,1.6200155763239876,1,720
2.596087,61,2723.62841,medium,0.6570872274143302,2.6570872274143302,2,610
2.760243,72,2748.066607,medium,0.8322429906542056,2.8322429906542057,2,720
2.65666,72,2772.91156,medium,0.7286604361370717,2.728660436137072,2,720
0.230102,56,2794.533588,medium,0.285202492211838,0.285202492211838,0,551
2.810438,69,2817.608263,medium,0.8787383177570094,2.8787383177570094,2,683
2.473093,72,2842.456929,medium,0.5450934579439253,2.545093457943925,2,720
2.790737,71,2866.120626,medium,0.8611370716510903,2.86113707165109,2,704
2.753078,72,2889.984027,medium,0.8250778816199377,2.825077881619938,2,720
2.686567,72,2914.806163,medium,0.7585669781931464,2.7585669781931466,2,720
2.629814,56,2934.508965,medium,0.6855140186915888,2.6855140186915887,2,557
0.403775,70,2960.704322,medium,0.47297507788161997,0.47297507788161997,0,692
2.682907,72,2984.96822,medium,0.7549065420560748,2.7549065420560748,2,720
0.329998,61,3005.293574,medium,0.39049844236760123,0.39049844236760123,0,605
1.554853,61,3026.250204,medium,0.6149532710280374,1.6149532710280374,1,601
0.275472,54,3044.409603,medium,0.32897196261682243,0.32897196261682243,0,535
0.31249,55,3063.38797,medium,0.36728971962616824,0.36728971962616824,0,548
0.342781,69,3086.740387,medium,0.41098130841121494,0.41098130841121494,0,682
1.576131,72,3111.762928,medium,0.6481308411214953,1.6481308411214952,1,720
2.804012,72,3138.258008,medium,0.8760124610591901,2.87601246105919,2,720
2.775664,72,3163.131349,medium,0.8476635514018691,2.847663551401869,2,720
2.591707,72,3187.690724,medium,0.6637071651090343,2.6637071651090345,2,720
1.493199,57,3207.422242,medium,0.5492990654205607,1.5492990654205607,1,561
3.9284,72,3232.290314,medium,1.0,4.0,3,716
0.332061,56,3250.704736,medium,0.38746105919003115,0.38746105919003115,0,554
0.242761,53,3268.699844,medium,0.2955607476635514,0.2955607476635514,0,528
2.682645,60,3289.198242,medium,0.7417445482866044,2.7417445482866043,2,591
2.88976,72,3315.372046,medium,0.9617601246105919,2.961760124610592,2,720
2.833327,71,3339.21327,medium,0.9034267912772586,2.9034267912772584,2,701
2.8111,72,3364.098056,medium,0.8830996884735203,2.8830996884735205,2,720
0.36811,65,3387.391634,medium,0.4327102803738318,0.4327102803738318,0,646
2.490424,61,3407.995519,medium,0.5513239875389409,2.551323987538941,2,609
0.356427,72,3431.457448,medium,0.4284267912772586,0.4284267912772586,0,720
2.840513,70,3455.579927,medium,0.9098130841121496,2.9098130841121495,2,693
0.221831,61,3476.907183,medium,0.2819314641744548,0.2819314641744548,0,601
1.727299,72,3504.529004,medium,0.7992990654205607,1.7992990654205607,1,720
0.417585,72,3528.226878,medium,0.48878504672897194,0.48878504672897194,0,712
0.226442,72,3553.518155,medium,0.2984423676012461,0.2984423676012461,0,720
1.482412,69,3577.228411,medium,0.55101246105919,1.55101246105919,1,686
2.688202,72,3601.92843,medium,0.760202492211838,2.760202492211838,2,720
2.829203,65,3624.450781,medium,0.8940031152647975,2.8940031152647974,2,648
1.507178,60,3645.782061,medium,0.5669781931464174,1.5669781931464173,1,598
2.508452,72,3672.13103,medium,0.5804517133956386,2.5804517133956386,2,720
3.9342,66,3695.098691,medium,1.0,4.0,3,658
2.647144,69,3718.113994,medium,0.7160436137071651,2.716043613707165,2,689
0.358332,66,3739.619715,medium,0.42383177570093455,0.42383177570093455,0,655
2.580259,72,3762.912065,medium,0.6522585669781932,2.652258566978193,2,720
1.566162,72,3786.560847,medium,0.6381619937694704,1.6381619937694705,1,720
2.514602,62,3807.075676,medium,0.5764018691588785,2.5764018691588784,2,618
2.85472,60,3828.165034,medium,0.9147196261682243,2.914719626168224,2,600
2.699522,59,3849.264938,medium,0.7580218068535826,2.7580218068535824,2,585
2.877688,72,3873.540168,medium,0.9496884735202492,2.9496884735202493,2,720
2.68695,59,3893.015905,medium,0.7459501557632399,2.7459501557632398,2,590
2.641707,72,3916.486208,medium,0.7137071651090343,2.7137071651090343,2,720
1.367274,55,3934.554184,medium,0.42227414330218066,1.4222741433021806,1,550
2.551605,69,3957.907044,medium,0.620404984423676,2.620404984423676,2,688
0.374807,72,3981.4533,medium,0.4468068535825545,0.4468068535825545,0,720
2.457427,71,4003.985023,medium,0.5284267912772586,2.5284267912772584,2,710
2.774028,72,4029.586402,medium,0.8460280373831776,2.8460280373831774,2,720
1.53462,72,4054.202014,medium,0.606619937694704,1.606619937694704,1,720
2.755492,72,4079.131786,medium,0.8274922118380063,2.827492211838006,2,720
2.506193,72,4103.366132,medium,0.5781931464174455,2.5781931464174455,2,720
2.604324,72,4128.101144,medium,0.6763239875389409,2.676323987538941,2,720
0.37691,72,4153.246935,medium,0.4489096573208723,0.4489096573208723,0,720
1.55004,72,4178.172104,medium,0.6220404984423676,1.6220404984423675,1,720
2.631924,70,4204.109014,medium,0.7013239875389408,2.7013239875389408,2,694
1.684153,72,4228.398959,medium,0.7561526479750779,1.7561526479750778,1,720
3.9293,71,4252.979082,medium,1.0,4.0,3,707
2.547025,55,4271.195266,medium,0.6020249221183801,2.60202492211838,2,550
2.737643,70,4294.26868,medium,0.8072429906542056,2.8072429906542054,2,696
2.62543,72,4318.622511,medium,0.697429906542056,2.697429906542056,2,720
1.42909,72,4343.233202,medium,0.5010903426791278,1.5010903426791278,1,720
2.495523,72,4369.498003,medium,0.5675233644859813,2.5675233644859814,2,720
2.820255,63,4391.165383,medium,0.8825545171339564,2.8825545171339564,2,623
2.881972,72,4415.000111,medium,0.9539719626168224,2.9539719626168224,2,720
2.698821,59,4434.986538,medium,0.7573208722741434,2.7573208722741436,2,585
2.575664,72,4459.154503,medium,0.6476635514018692,2.647663551401869,2,720
0.317594,54,4477.560291,medium,0.3707943925233645,0.3707943925233645,0,532
0.406956,69,4501.358284,medium,0.4751557632398754,0.4751557632398754,0,682
2.609672,70,4525.864239,medium,0.6789719626168225,2.6789719626168225,2,693
2.696939,66,4550.694747,medium,0.7625389408099689,2.7625389408099688,2,656
2.551922,57,4570.234839,medium,0.6080218068535825,2.6080218068535825,2,561
2.765007,57,4589.683473,medium,0.8218068535825546,2.8218068535825545,2,568
2.791602,69,4613.135426,medium,0.860202492211838,2.860202492211838,2,686
2.765695,72,4637.200111,medium,0.8376947040498443,2.837694704049844,2,720
2.746769,72,4662.363606,medium,0.8187694704049844,2.8187694704049844,2,720
1.704012,72,4687.274032,medium,0.7760124610591901,1.77601246105919,1,720
2.751311,66,4709.769582,medium,0.8165109034267912,2.8165109034267912,2,652
2.429947,72,4736.177066,medium,0.5019470404984424,2.5019470404984423,2,720
3.9363,64,4757.60831,medium,1.0,4.0,3,637
1.571146,72,4782.560986,medium,0.6431464174454828,1.6431464174454828,1,720
2.674106,72,4807.158161,medium,0.7461059190031153,2.7461059190031154,2,720
2.440823,60,4827.3492,medium,0.5006230529595016,2.5006230529595017,2,598
2.701661,69,4851.658022,medium,0.7705607476635514,2.770560747663551,2,689
0.204035,72,4876.067535,medium,0.2759345794392523,0.2759345794392523,0,719
2.80152,72,4903.024743,medium,0.8735202492211838,2.8735202492211838,2,720
2.835243,72,4928.018524,medium,0.9072429906542057,2.907242990654206,2,720
2.831427,72,4953.532483,medium,0.9034267912772586,2.9034267912772584,2,720
2.754658,56,4972.369488,medium,0.8103582554517134,2.8103582554517135,2,557
0.307307,57,4991.062351,medium,0.3637071651090343,0.3637071651090343,0,564
0.378078,72,5015.110798,medium,0.45007788161993767,0.45007788161993767,0,720
3.9358,65,5036.996016,medium,1.0,4.0,3,642
1.537424,72,5061.443225,medium,0.6094236760124611,1.6094236760124612,1,720
1.469705,59,5083.041865,medium,0.5285046728971963,1.5285046728971963,1,588
2.72543,72,5107.190068,medium,0.797429906542056,2.797429906542056,2,720
2.565405,64,5128.25247,medium,0.6285046728971962,2.628504672897196,2,631
3.9446,56,5146.98756,medium,1.0,4.0,3,554
2.792074,72,5171.317993,medium,0.8634735202492212,2.8634735202492214,2,714
2.626988,72,5195.846451,medium,0.69898753894081,2.69898753894081,2,720
2.639635,62,5216.713941,medium,0.7009345794392523,2.7009345794392523,2,613
1.483218,72,5241.497738,medium,0.5552180685358256,1.5552180685358254,1,720
1.453747,66,5265.318498,medium,0.5188473520249222,1.5188473520249222,1,651
2.631505,72,5289.852019,medium,0.7035046728971963,2.7035046728971963,2,720
1.641177,67,5312.335353,medium,0.7074766355140187,1.7074766355140187,1,663
2.725508,72,5335.90801,medium,0.7975077881619937,2.797507788161994,2,720
2.639831,67,5359.906549,medium,0.7062305295950155,2.7062305295950155,2,664
2.802377,72,5384.279187,medium,0.8743769470404984,2.8743769470404983,2,720
2.665773,72,5408.435072,medium,0.7377725856697819,2.7377725856697817,2,720
1.381695,65,5432.144761,medium,0.44649532710280376,1.4464953271028038,1,648
1.48789,64,5453.685067,medium,0.5510903426791277,1.5510903426791276,1,632
1.60497,65,5475.01053,medium,0.6694704049844237,1.6694704049844238,1,645
2.536567,72,5498.635901,medium,0.6085669781931464,2.6085669781931466,2,720
0.331738,72,5523.494061,medium,0.40373831775700936,0.40373831775700936,0,720
2.459542,72,5547.604276,medium,0.5315420560747663,2.531542056074766,2,720
2.74925,63,5569.124456,medium,0.8121495327102803,2.81214953271028,2,629
1.547825,72,5594.882219,medium,0.6189252336448599,1.6189252336448599,1,711
2.806583,72,5619.303764,medium,0.878582554517134,2.878582554517134,2,720
1.581709,67,5641.858608,medium,0.648208722741433,1.648208722741433,1,665
2.839099,69,5664.598032,medium,0.907398753894081,2.907398753894081,2,683
2.519677,55,5682.885871,medium,0.5743769470404985,2.5743769470404985,2,547
2.731427,72,5707.334255,medium,0.8034267912772586,2.803426791277259,2,720
2.737827,66,5730.897757,medium,0.8034267912772586,2.803426791277259,2,656
1.534776,72,5756.041005,medium,0.6067757009345794,1.6067757009345796,1,720
2.789838,72,5782.446145,medium,0.8618380062305296,2.8618380062305295,2,720
2.861255,72,5806.186485,medium,0.9332554517133956,2.9332554517133955,2,720
0.189555,60,5826.206744,medium,0.24945482866043614,0.24945482866043614,0,599
0.373582,72,5850.48528,medium,0.44478193146417444,0.44478193146417444,0,712
2.834153,72,5875.051361,medium,0.9061526479750779,2.9061526479750777,2,720
2.670757,72,5900.094594,medium,0.7427570093457944,2.7427570093457945,2,720
2.692564,72,5924.707846,medium,0.7645638629283489,2.764563862928349,2,720
2.675664,72,5950.13137,medium,0.7476635514018691,2.7476635514018692,2,720
3.9362,64,5972.48873,medium,1.0,4.0,3,638
2.806738,72,5996.760022,medium,0.8787383177570094,2.8787383177570094,2,720
2.58924,58,6015.772048,medium,0.6463395638629283,2.646339563862928,2,571
2.614604,72,6039.081734,medium,0.6866043613707166,2.6866043613707165,2,720
2.68217,71,6062.716538,medium,0.7525700934579439,2.752570093457944,2,704
2.608011,67,6085.957942,medium,0.6746105919003115,2.6746105919003114,2,666
2.672457,71,6110.141209,medium,0.7427570093457944,2.7427570093457945,2,703
2.723171,72,6135.472245,medium,0.7951713395638629,2.795171339563863,2,720
2.7041,63,6156.071433,medium,0.7669003115264797,2.76690031152648,2,628
2.794121,72,6181.092451,medium,0.8661214953271028,2.8661214953271026,2,720
2.701442,64,6202.130815,medium,0.7646417445482866,2.7646417445482867,2,632
2.611012,57,6220.355255,medium,0.6672118380062305,2.6672118380062306,2,562
2.594433,72,6243.950641,medium,0.6664330218068536,2.6664330218068537,2,720
3.9354,65,6265.681794,medium,1.0,4.0,3,646
0.377868,57,6283.850982,medium,0.4342679127725857,0.4342679127725857,0,564
2.660646,58,6304.189366,medium,0.7181464174454829,2.718146417445483,2,575
0.301567,57,6323.846583,medium,0.3585669781931464,0.3585669781931464,0,570
2.833607,72,6348.946009,medium,0.905607476635514,2.905607476635514,2,720
2.734153,72,6372.58519,medium,0.8061526479750779,2.806152647975078,2,720
2.627527,68,6394.112776,medium,0.6953271028037383,2.695327102803738,2,678
2.865773,72,6417.629048,medium,0.9377725856697819,2.937772585669782,2,720
1.604713,72,6442.746036,medium,0.6767133956386293,1.6767133956386293,1,720
2.559664,55,6463.410006,medium,0.6145638629283489,2.6145638629283487,2,549
2.728156,72,6488.224049,medium,0.8001557632398754,2.8001557632398755,2,720
2.661022,72,6512.736225,medium,0.7330218068535825,2.7330218068535825,2,720
3.9367,64,6534.216041,medium,1.0,4.0,3,633
3.9441,56,6553.37705,medium,1.0,4.0,3,559
2.615271,72,6577.575612,medium,0.6863707165109034,2.686370716510903,2,711
2.684513,59,6596.960549,medium,0.7429127725856698,2.7429127725856697,2,584
2.910477,72,6621.519726,medium,0.9824766355140186,2.9824766355140184,2,720
2.807907,72,6647.607778,medium,0.8799065420560748,2.8799065420560748,2,720
2.626679,58,6666.948259,medium,0.6838785046728972,2.6838785046728972,2,572
2.685847,58,6686.41598,medium,0.7438473520249221,2.7438473520249222,2,580
2.843966,72,6710.426838,medium,0.9159657320872274,2.915965732087227,2,720
2.892486,72,6734.685398,medium,0.9644859813084112,2.9644859813084112,2,720
2.587122,63,6755.710311,medium,0.6499221183800623,2.6499221183800623,2,628
2.756037,72,6779.492477,medium,0.8280373831775701,2.8280373831775703,2,720
2.587828,59,6799.087512,medium,0.6460280373831776,2.6460280373831777,2,582
1.25893,56,6817.980297,medium,0.31433021806853584,1.314330218068536,1,554
2.518196,71,6841.009205,medium,0.5883956386292835,2.5883956386292835,2,702
2.652956,56,6859.311652,medium,0.7089563862928349,2.7089563862928348,2,560
0.373327,72,6882.677101,medium,0.44532710280373833,0.44532710280373833,0,720
2.730954,68,6905.100562,medium,0.7987538940809968,2.798753894080997,2,678
2.787813,72,6929.693983,medium,0.8598130841121495,2.8598130841121496,2,720
2.437735,72,6953.3087,medium,0.5097352024922118,2.509735202492212,2,720
2.831427,72,6978.656309,medium,0.9034267912772586,2.9034267912772584,2,720
2.673667,68,7001.025638,medium,0.7416666666666667,2.7416666666666667,2,680
2.812629,68,7022.893512,medium,0.8798286604361371,2.879828660436137,2,672
2.714449,72,7046.170001,medium,0.7864485981308411,2.786448598130841,2,720
2.608864,65,7067.340681,medium,0.6733644859813084,2.6733644859813084,2,645
2.650741,72,7090.43048,medium,0.7227414330218068,2.722741433021807,2,720
2.859614,68,7113.110927,medium,0.9274143302180685,2.9274143302180686,2,678
1.502945,65,7134.673872,medium,0.5674454828660436,1.5674454828660436,1,645
3.9367,64,7157.793465,medium,1.0,4.0,3,633
2.715039,65,7178.913532,medium,0.7794392523364486,2.7794392523364486,2,644
2.613961,66,7200.674274,medium,0.6793613707165109,2.679361370716511,2,654
2.693498,72,7224.519289,medium,0.7654984423676012,2.7654984423676012,2,720
0.155043,61,7244.254704,medium,0.21534267912772587,0.21534267912772587,0,603
2.770835,72,7268.433364,medium,0.842834890965732,2.842834890965732,2,720
2.875508,72,7293.095284,medium,0.9475077881619938,2.9475077881619938,2,720
2.753701,72,7316.565736,medium,0.8257009345794393,2.825700934579439,2,720
2.611178,72,7344.003914,medium,0.6831775700934579,2.683177570093458,2,720
2.885866,72,7369.051042,medium,0.9578660436137072,2.9578660436137074,2,720
2.791286,66,7391.140993,medium,0.856386292834891,2.856386292834891,2,651
2.873872,72,7414.526488,medium,0.9458722741433022,2.9458722741433023,2,720
2.766107,65,7438.370306,medium,0.830607476635514,2.830607476635514,2,645
1.328206,68,7462.787196,medium,0.39610591900311526,1.3961059190031153,1,679
0.388047,72,7487.62199,medium,0.46004672897196264,0.46004672897196264,0,720
2.869978,72,7514.638573,medium,0.9419781931464174,2.9419781931464173,2,720
2.801832,72,7540.110388,medium,0.8738317757009346,2.8738317757009346,2,720
2.473236,54,7558.656642,medium,0.5266355140186916,2.5266355140186914,2,534
1.419199,72,7583.729229,medium,0.4911993769470405,1.4911993769470406,1,720
1.482313,70,7609.103152,medium,0.5517133956386293,1.5517133956386293,1,694
0.389887,68,7633.13923,medium,0.4570872274143302,0.4570872274143302,0,672
2.850127,71,7658.603651,medium,0.9203271028037383,2.9203271028037383,2,702
2.844174,70,7684.629126,medium,0.9141744548286604,2.9141744548286606,2,700
2.77948,72,7709.634953,medium,0.8514797507788162,2.8514797507788163,2,720
2.717097,72,7734.493469,medium,0.7890965732087227,2.789096573208723,2,720
2.774221,67,7757.530096,medium,0.8411214953271028,2.8411214953271027,2,669
2.694355,72,7782.086052,medium,0.7663551401869159,2.7663551401869158,2,720
2.651287,72,7807.701239,medium,0.7232866043613707,2.7232866043613706,2,720
2.525585,64,7830.820029,medium,0.5887850467289719,2.588785046728972,2,632
2.557583,63,7853.262538,medium,0.6204828660436137,2.6204828660436137,2,629
2.662195,60,7875.813397,medium,0.7214953271028037,2.7214953271028035,2,593
2.790022,68,7899.286912,medium,0.8580218068535825,2.8580218068535825,2,680
2.714325,63,7920.804814,medium,0.77702492211838,2.77702492211838,2,627
2.615166,68,7944.654829,medium,0.6828660436137072,2.682866043613707,2,677
0.344042,63,7965.914578,medium,0.40654205607476634,0.40654205607476634,0,625
2.774327,71,7989.418949,medium,0.8453271028037384,2.845327102803738,2,710
2.733902,60,8009.888035,medium,0.7933021806853583,2.7933021806853584,2,594
2.670272,59,8029.735066,medium,0.7289719626168224,2.7289719626168223,2,587
2.76071,72,8055.771595,medium,0.8327102803738318,2.8327102803738318,2,720
2.672003,72,8080.952049,medium,0.7440031152647975,2.7440031152647975,2,720
2.681193,72,8104.424659,medium,0.7531931464174455,2.7531931464174457,2,720
2.850264,65,8127.333445,medium,0.9145638629283489,2.914563862928349,2,643
3.9333,67,8150.700057,medium,1.0,4.0,3,667
2.7403,68,8174.836107,medium,0.8080996884735202,2.8080996884735203,2,678
2.874885,72,8200.652356,medium,0.9468847352024922,2.946884735202492,2,720
2.558919,72,8226.609439,medium,0.6309190031152648,2.630919003115265,2,720
2.852517,69,8250.685246,medium,0.9207165109034268,2.9207165109034268,2,682
2.664215,72,8274.890314,medium,0.736214953271028,2.736214953271028,2,720
2.69887,71,8299.593987,medium,0.7694704049844237,2.769470404984424,2,706
0.309131,56,8319.498969,medium,0.3650311526479751,0.3650311526479751,0,559
2.67948,72,8344.352602,medium,0.7514797507788162,2.7514797507788162,2,720
2.879324,72,8369.710033,medium,0.9513239875389408,2.9513239875389408,2,720
2.896224,72,8397.641396,medium,0.9682242990654205,2.9682242990654206,2,720
2.734908,63,8419.407376,medium,0.7975077881619937,2.797507788161994,2,626
0.388592,72,8443.505979,medium,0.46059190031152647,0.46059190031152647,0,720
2.737969,72,8468.66444,medium,0.8099688473520249,2.809968847352025,2,720
2.51465,65,8492.162487,medium,0.5790498442367601,2.57904984423676,2,644
2.647315,72,8517.631072,medium,0.7193146417445483,2.7193146417445484,2,720
2.707361,72,8542.221933,medium,0.7793613707165109,2.779361370716511,2,720
2.850352,72,8567.526162,medium,0.9223520249221184,2.9223520249221187,2,720
2.886411,72,8593.893515,medium,0.958411214953271,2.958411214953271,2,720
2.612707,68,8617.22715,medium,0.680607476635514,2.680607476635514,2,679
3.9435,57,8637.271237,medium,1.0,4.0,3,565
3.9353,65,8660.139032,medium,1.0,4.0,3,647
2.555259,72,8685.366048,medium,0.6272585669781932,2.627258566978193,2,720
3.9416,59,8706.663522,medium,1.0,4.0,3,584
2.878078,72,8732.087789,medium,0.9500778816199377,2.950077881619938,2,720
2.722516,65,8754.98297,medium,0.7869158878504673,2.7869158878504674,2,644
2.637579,64,8778.977077,medium,0.700778816199377,2.700778816199377,2,632
3.9507,50,8795.914687,medium,1.0,4.0,3,493
1.449712,60,8815.95954,medium,0.5091121495327103,1.5091121495327102,1,594
2.638047,72,8840.512192,medium,0.7100467289719626,2.7100467289719625,2,720
2.70853,72,8864.519931,medium,0.7805295950155763,2.7805295950155764,2,720
1.615383,72,8889.031183,medium,0.6873831775700935,1.6873831775700934,1,720
2.812693,66,8912.532361,medium,0.8781931464174455,2.8781931464174457,2,655
2.894121,72,8939.364094,medium,0.9661214953271028,2.9661214953271027,2,720
2.728701,72,8963.209183,medium,0.8007009345794392,2.800700934579439,2,720
2.622352,59,8983.144259,medium,0.6804517133956386,2.6804517133956387,2,581
2.770212,72,9006.634446,medium,0.8422118380062306,2.8422118380062305,2,720
1.467252,72,9030.852082,medium,0.5392523364485982,1.5392523364485982,1,720
2.71071,72,9056.234181,medium,0.7827102803738317,2.7827102803738315,2,720
3.9321,68,9080.748394,medium,1.0,4.0,3,679
2.820968,72,9104.672384,medium,0.8923676012461059,2.892367601246106,2,714
2.786022,72,9131.69855,medium,0.8580218068535825,2.8580218068535825,2,720
2.738856,62,9152.589607,medium,0.8001557632398754,2.8001557632398755,2,613
2.789023,62,9173.874668,medium,0.8506230529595016,2.8506230529595014,2,616
2.730521,69,9198.861363,medium,0.799221183800623,2.799221183800623,2,687
2.523183,56,9217.53994,medium,0.5785825545171339,2.578582554517134,2,554
2.800819,72,9243.499762,medium,0.8728193146417446,2.8728193146417444,2,720
2.503156,72,9268.477133,medium,0.5751557632398754,2.5751557632398754,2,720
2.817019,72,9295.023665,medium,0.889018691588785,2.889018691588785,2,720
3.9301,70,9318.436252,medium,1.0,4.0,3,699
2.677227,69,9341.682406,medium,0.7453271028037384,2.7453271028037385,2,681
1.493722,57,9361.377494,medium,0.5499221183800623,1.5499221183800622,1,562
2.706134,70,9384.949419,medium,0.775233644859813,2.775233644859813,2,691
2.744978,72,9409.620382,medium,0.8169781931464174,2.8169781931464173,2,720
2.726442,72,9434.711988,medium,0.7984423676012461,2.798442367601246,2,720
2.779473,68,9458.372835,medium,0.8465732087227414,2.8465732087227416,2,671
1.47858,57,9480.146927,medium,0.5352803738317757,1.5352803738317757,1,567
2.700196,72,9504.898705,medium,0.772196261682243,2.772196261682243,2,720
2.868592,67,9528.296546,medium,0.9355919003115265,2.9355919003115263,2,670
2.895679,72,9553.147794,medium,0.9676791277258567,2.967679127725857,2,720
2.855726,72,9578.008664,medium,0.9277258566978193,2.927725856697819,2,720
3.9384,62,9599.431594,medium,1.0,4.0,3,616
2.744044,72,9624.187357,medium,0.8160436137071652,2.816043613707165,2,720
1.577221,72,9650.99159,medium,0.6492211838006231,1.649221183800623,1,720
2.904947,72,9674.744223,medium,0.9769470404984424,2.9769470404984424,2,720
1.573483,72,9699.5141,medium,0.6454828660436137,1.6454828660436136,1,720
2.650266,58,9718.66932,medium,0.7078660436137072,2.7078660436137074,2,576
2.839327,65,9740.11589,medium,0.9034267912772586,2.9034267912772584,2,641
2.816396,72,9763.571371,medium,0.8883956386292835,2.8883956386292837,2,720
2.758296,72,9786.970307,medium,0.8302959501557632,2.8302959501557634,2,720
1.440793,71,9810.198519,medium,0.5112928348909658,1.5112928348909658,1,705
2.837424,72,9836.594648,medium,0.9094236760124611,2.909423676012461,2,720
2.923016,72,9860.671962,medium,0.9950155763239875,2.9950155763239876,2,720
2.537918,60,9880.865724,medium,0.5971183800623053,2.597118380062305,2,592
3.9389,62,9901.325326,medium,1.0,4.0,3,611
2.801687,72,9925.540584,medium,0.8732866043613707,2.873286604361371,2,716
2.788125,72,9949.758301,medium,0.8601246105919003,2.8601246105919005,2,720
2.72247,72,9973.956941,medium,0.7944704049844237,2.794470404984424,2,720
3.933,67,9998.318537,medium,1.0,4.0,3,670
2.850741,72,10021.944704,medium,0.9227414330218069,2.922741433021807,2,720
2.618265,72,10046.253556,medium,0.6902647975077881,2.6902647975077882,2,720
2.674225,61,10067.027963,medium,0.7351246105919003,2.7351246105919005,2,609
2.579416,66,10088.465724,medium,0.6450155763239875,2.6450155763239875,2,656
2.74761,61,10108.608387,medium,0.8077102803738317,2.807710280373832,2,601
2.720523,72,10133.318656,medium,0.7925233644859813,2.792523364485981,2,720
2.636956,72,10158.439776,medium,0.7089563862928349,2.7089563862928348,2,720
0.254667,54,10178.353391,medium,0.30856697819314644,0.30856697819314644,0,539
0.26794,55,10196.632829,medium,0.3220404984423676,0.3220404984423676,0,541
2.551073,54,10215.536818,medium,0.6046728971962617,2.6046728971962616,2,536
2.831427,72,10240.066662,medium,0.9034267912772586,2.9034267912772584,2,720
0.401131,72,10264.924686,medium,0.47313084112149534,0.47313084112149534,0,720
3.9522,48,10281.401993,medium,1.0,4.0,3,478
2.803816,67,10303.990335,medium,0.8700155763239875,2.8700155763239876,2,662
2.688674,59,10323.390797,medium,0.7472741433021807,2.747274143302181,2,586
2.527766,72,10348.534345,medium,0.599766355140187,2.599766355140187,2,720
2.830726,72,10372.543151,medium,0.9027258566978194,2.9027258566978196,2,720
2.636178,72,10398.287504,medium,0.7081775700934579,2.708177570093458,2,720
2.669822,72,10424.600094,medium,0.741822429906542,2.741822429906542,2,720
2.820913,72,10449.986841,medium,0.8929127725856698,2.89291277258567,2,720
2.887034,72,10474.276579,medium,0.9590342679127726,2.959034267912773,2,720
3.939,61,10494.300064,medium,1.0,4.0,3,610
2.792019,72,10519.763244,medium,0.8640186915887851,2.864018691588785,2,720
2.623056,69,10542.678407,medium,0.6920560747663551,2.692056074766355,2,690
2.799018,65,10565.137071,medium,0.8633177570093458,2.8633177570093458,2,643
2.766629,72,10591.05461,medium,0.8386292834890966,2.8386292834890967,2,720
2.498804,54,10610.093193,medium,0.552803738317757,2.552803738317757,2,540
3.9473,53,10628.537834,medium,1.0,4.0,3,527
3.9385,62,10649.760874,medium,1.0,4.0,3,615
2.826287,72,10674.845165,medium,0.8982866043613708,2.898286604361371,2,720
2.435555,72,10701.182132,medium,0.5075545171339564,2.5075545171339564,2,720
2.83719,72,10726.38274,medium,0.909190031152648,2.909190031152648,2,720
2.79747,72,10751.496762,medium,0.8694704049844236,2.8694704049844235,2,720
1.634075,72,10776.297019,medium,0.7060747663551402,1.7060747663551403,1,720
3.938,62,10796.648006,medium,1.0,4.0,3,620
3.9405,60,10816.334641,medium,1.0,4.0,3,595
2.523327,72,10839.801233,medium,0.5953271028037384,2.595327102803738,2,720
2.878095,60,10859.880652,medium,0.9376947040498442,2.9376947040498442,2,596
2.731623,61,10881.838,medium,0.7925233644859813,2.792523364485981,2,609
1.566318,72,10906.260147,medium,0.6383177570093458,1.6383177570093457,1,720
2.782829,72,10930.774192,medium,0.854828660436137,2.8548286604361373,2,720
2.782934,68,10953.415573,medium,0.8502336448598131,2.850233644859813,2,673
2.594511,72,10977.683505,medium,0.6665109034267913,2.6665109034267913,2,720
2.442936,59,10998.067765,medium,0.5016355140186916,2.5016355140186914,2,587
0.239371,56,11017.657922,medium,0.29517133956386293,0.29517133956386293,0,558
2.515331,58,11037.47257,medium,0.5731308411214954,2.5731308411214955,2,578
3.9295,71,11063.284391,medium,1.0,4.0,3,705
2.882595,72,11087.835991,medium,0.954595015576324,2.954595015576324,2,720
2.671458,72,11112.918217,medium,0.7434579439252337,2.743457943925234,2,720
2.67427,62,11134.359401,medium,0.7356697819314642,2.735669781931464,2,614
2.488514,72,11159.277168,medium,0.5605140186915888,2.5605140186915887,2,720
2.844277,72,11184.402161,medium,0.9162772585669782,2.916277258566978,2,720
3.9397,61,11205.693645,medium,1.0,4.0,3,603
2.66004,62,11227.689879,medium,0.7220404984423676,2.7220404984423676,2,620
2.526057,67,11250.634772,medium,0.5927570093457943,2.592757009345794,2,667
2.669131,71,11275.552918,medium,0.740031152647975,2.7400311526479753,2,709
2.676364,72,11300.046456,medium,0.7483644859813084,2.7483644859813086,2,720
2.789137,72,11323.480128,medium,0.8611370716510903,2.86113707165109,2,720
3.9323,68,11345.320867,medium,1.0,4.0,3,677
2.788202,72,11367.424147,medium,0.860202492211838,2.860202492211838,2,720
2.930816,65,11388.329782,medium,0.9950155763239875,2.9950155763239876,2,642
2.479146,64,11412.040006,medium,0.5431464174454829,2.5431464174454828,2,640
2.725403,61,11432.673628,medium,0.7859034267912772,2.7859034267912772,2,605
2.65705,72,11457.28815,medium,0.7290498442367601,2.7290498442367603,2,720
3.9395,61,11478.105438,medium,1.0,4.0,3,605
2.586065,72,11502.085362,medium,0.657165109034268,2.657165109034268,2,711
2.613517,58,11521.029466,medium,0.6707165109034268,2.6707165109034268,2,572
2.833261,72,11544.755595,medium,0.9043613707165109,2.904361370716511,2,711
2.658036,53,11562.313551,medium,0.7104361370716511,2.710436137071651,2,524
2.773483,72,11588.204477,medium,0.8454828660436137,2.845482866043614,2,720
2.676438,69,11611.716581,medium,0.7449376947040498,2.74493769470405,2,685
2.91476,72,11636.869495,medium,0.9867601246105919,2.986760124610592,2,720
0.327455,72,11660.987985,medium,0.39945482866043613,0.39945482866043613,0,720
2.522389,70,11684.664479,medium,0.591588785046729,2.5915887850467287,2,692
2.720991,72,11708.432261,medium,0.7929906542056074,2.7929906542056075,2,720
3.9361,64,11729.800863,medium,1.0,4.0,3,639
2.892486,72,11754.666965,medium,0.9644859813084112,2.9644859813084112,2,720
2.553078,72,11778.624613,medium,0.6250778816199377,2.6250778816199376,2,720
2.91486,72,11803.27601,medium,0.9867601246105919,2.986760124610592,2,719
2.711104,67,11825.61576,medium,0.777803738317757,2.7778037383177567,2,667
1.476287,72,11849.868873,medium,0.5482866043613707,1.5482866043613708,1,720
3.9324,68,11872.82566,medium,1.0,4.0,3,676
2.737827,66,11895.039684,medium,0.8034267912772586,2.803426791277259,2,656
2.595523,72,11920.666037,medium,0.6675233644859813,2.667523364485981,2,720
2.576822,57,11940.545668,medium,0.6330218068535826,2.6330218068535824,2,562
2.713488,61,11961.92864,medium,0.77398753894081,2.77398753894081,2,605
2.827455,72,11985.705572,medium,0.8994548286604361,2.8994548286604362,2,720
2.673046,71,12009.421286,medium,0.7431464174454828,2.743146417445483,2,701
2.879077,63,12030.281424,medium,0.9412772585669782,2.941277258566978,2,622
2.817028,63,12051.06823,medium,0.8791277258566979,2.879127725856698,2,621
0.323448,72,12075.093877,medium,0.39454828660436136,0.39454828660436136,0,711
2.553985,52,12093.962776,medium,0.6056853582554517,2.6056853582554518,2,517
2.686509,62,12115.035053,medium,0.748208722741433,2.748208722741433,2,617
2.460918,62,12136.209816,medium,0.5221183800623053,2.522118380062305,2,612
2.641863,72,12161.515326,medium,0.7138629283489096,2.7138629283489095,2,720
2.657829,72,12185.321727,medium,0.729828660436137,2.7298286604361373,2,720
2.699807,72,12209.252708,medium,0.7718068535825545,2.7718068535825546,2,720
2.755492,72,12233.580154,medium,0.8274922118380063,2.827492211838006,2,720
2.759308,72,12256.871682,medium,0.8313084112149532,2.831308411214953,2,720
2.727308,71,12283.408694,medium,0.7975077881619937,2.797507788161994,2,702
3.9309,70,12308.36305,medium,1.0,4.0,3,691
3.9427,58,12328.432729,medium,1.0,4.0,3,573
2.690615,63,12350.413677,medium,0.7531152647975078,2.7531152647975077,2,625
2.72468,69,12374.714187,medium,0.7933800623052959,2.793380062305296,2,687
2.592267,59,12395.077344,medium,0.6504672897196262,2.650467289719626,2,582
1.269312,65,12417.195956,medium,0.3341121495327103,1.3341121495327104,1,648
2.876784,62,12438.636667,medium,0.9380841121495327,2.9380841121495327,2,613
2.831427,72,12465.809943,medium,0.9034267912772586,2.9034267912772584,2,720
0.332128,72,12491.775942,medium,0.4041277258566978,0.4041277258566978,0,720
3.9371,63,12514.256493,medium,1.0,4.0,3,629
2.773483,72,12538.974014,medium,0.8454828660436137,2.845482866043614,2,720
2.834036,68,12562.894689,medium,0.9016355140186916,2.9016355140186914,2,676
2.916396,72,12587.668409,medium,0.9883956386292835,2.9883956386292834,2,720
2.731972,72,12612.000155,medium,0.8039719626168225,2.8039719626168225,2,720
2.483463,64,12636.396736,medium,0.5469626168224299,2.5469626168224297,2,635
2.74233,72,12661.637209,medium,0.8143302180685358,2.8143302180685357,2,720
2.65004,72,12686.929052,medium,0.7220404984423676,2.7220404984423676,2,720
2.770212,72,12711.953424,medium,0.8422118380062306,2.8422118380062305,2,720
3.9411,59,12732.095137,medium,1.0,4.0,3,589
2.814916,72,12757.544098,medium,0.8869158878504673,2.886915887850467,2,720
0.396847,72,12782.035217,medium,0.4688473520249221,0.4688473520249221,0,720
2.746701,63,12806.165862,medium,0.8088006230529595,2.8088006230529596,2,621
2.914679,70,12831.087677,medium,0.9845794392523365,2.9845794392523364,2,699
2.863358,72,12857.170698,medium,0.9353582554517134,2.9353582554517135,2,720
2.607071,55,12877.092954,medium,0.6613707165109034,2.6613707165109033,2,543
2.831427,72,12902.179215,medium,0.9034267912772586,2.9034267912772584,2,720
3.9432,57,12920.970236,medium,1.0,4.0,3,568
2.810958,66,12943.328689,medium,0.8765576323987538,2.876557632398754,2,656
2.699651,72,12967.166292,medium,0.7716510903426791,2.771651090342679,2,720
2.630662,58,12988.754555,medium,0.6881619937694704,2.6881619937694703,2,575
0.42005,68,13012.069242,medium,0.4871495327102804,0.4871495327102804,0,671
2.784931,72,13037.397207,medium,0.8569314641744549,2.8569314641744548,2,720
3.9398,61,13058.607692,medium,1.0,4.0,3,602
3.9387,62,13080.346453,medium,1.0,4.0,3,613
2.718884,70,13104.650337,medium,0.7880841121495327,2.788084112149533,2,692
2.785477,72,13128.887338,medium,0.8574766355140186,2.8574766355140184,2,720
2.670359,66,13150.826874,medium,0.7360591900311526,2.7360591900311526,2,657
2.775118,72,13177.604604,medium,0.8471183800623053,2.847118380062305,2,720
2.649427,63,13199.961564,medium,0.7122274143302181,2.712227414330218,2,628
2.660944,72,13224.966921,medium,0.7329439252336448,2.732943925233645,2,720
3.9422,58,13245.347744,medium,1.0,4.0,3,578
2.682361,72,13270.855091,medium,0.7543613707165109,2.754361370716511,2,720
3.9475,53,13288.457273,medium,1.0,4.0,3,525
2.725508,72,13312.454927,medium,0.7975077881619937,2.797507788161994,2,720
2.527018,71,13337.074218,medium,0.5971183800623053,2.597118380062305,2,701
2.675434,59,13359.215651,medium,0.7340342679127726,2.7340342679127727,2,586
2.679703,65,13381.707772,medium,0.7440031152647975,2.7440031152647975,2,643
2.48096,72,13406.691101,medium,0.5529595015576324,2.5529595015576323,2,720
2.803389,72,13431.481012,medium,0.8753894080996885,2.8753894080996885,2,720
2.50814,72,13456.441986,medium,0.5801401869158879,2.5801401869158878,2,720
2.75705,72,13480.908479,medium,0.8290498442367601,2.82904984423676,2,720
2.865695,72,13507.418883,medium,0.9376947040498442,2.9376947040498442,2,720
2.887144,71,13534.350841,medium,0.9579439252336449,2.957943925233645,2,708
2.820445,72,13560.822438,medium,0.8924454828660436,2.8924454828660435,2,720
2.865695,72,13586.233019,medium,0.9376947040498442,2.9376947040498442,2,720
2.874963,72,13610.743022,medium,0.9469626168224299,2.9469626168224297,2,720
2.774028,72,13635.990447,medium,0.8460280373831776,2.8460280373831774,2,720
2.655563,59,13656.477463,medium,0.7138629283489096,2.7138629283489095,2,583
2.705691,63,13677.523518,medium,0.7679906542056075,2.7679906542056076,2,623
2.752965,72,13701.214489,medium,0.8240654205607477,2.8240654205607476,2,711
2.622336,64,13722.14065,medium,0.6854361370716511,2.685436137071651,2,631
2.547003,72,13747.586832,medium,0.6190031152647975,2.6190031152647975,2,720
2.527455,72,13773.683274,medium,0.5994548286604361,2.599454828660436,2,720
3.95,50,13791.968562,medium,1.0,4.0,3,500
2.869639,68,13815.860622,medium,0.9375389408099688,2.9375389408099686,2,679
0.370245,56,13835.653899,medium,0.4255451713395639,0.4255451713395639,0,553
2.660944,72,13860.627928,medium,0.7329439252336448,2.732943925233645,2,720
3.9435,57,13882.045577,medium,1.0,4.0,3,565
2.681037,72,13907.720817,medium,0.7530373831775701,2.75303738317757,2,720
2.723249,72,13932.216695,medium,0.7952492211838006,2.7952492211838007,2,720
3.9473,53,13949.710316,medium,1.0,4.0,3,527
2.643619,71,13973.970418,medium,0.7140186915887851,2.714018691588785,2,704
2.678,72,13997.018034,medium,0.75,2.75,2,720
3.938,62,14017.767692,medium,1.0,4.0,3,620
3.9485,52,14035.897026,medium,1.0,4.0,3,515
3.9367,64,14060.680158,medium,1.0,4.0,3,633
2.494426,51,14078.180431,medium,0.5446261682242991,2.544626168224299,2,502
0.404557,72,14103.98349,medium,0.47585669781931467,0.47585669781931467,0,713
2.648824,70,14128.470572,medium,0.7182242990654205,2.7182242990654206,2,694
2.831427,72,14153.885239,medium,0.9034267912772586,2.9034267912772584,2,720
2.762969,72,14177.940126,medium,0.8349688473520249,2.834968847352025,2,720
2.574729,72,14203.488409,medium,0.6467289719626168,2.6467289719626166,2,720
2.511933,55,14222.854622,medium,0.5664330218068536,2.5664330218068536,2,545
2.876053,72,14250.01597,medium,0.9480529595015577,2.948052959501558,2,720
3.9315,69,14274.797358,medium,1.0,4.0,3,685
3.9329,68,14299.146476,medium,1.0,4.0,3,671
3.9408,60,14320.569509,medium,1.0,4.0,3,592
2.84233,72,14345.250907,medium,0.9143302180685359,2.9143302180685358,2,720
2.522228,57,14365.046847,medium,0.5791277258566978,2.579127725856698,2,569
2.725508,72,14390.955101,medium,0.7975077881619937,2.797507788161994,2,720
2.624136,62,14412.696501,medium,0.6854361370716511,2.685436137071651,2,613
2.478234,72,14438.791351,medium,0.5502336448598131,2.550233644859813,2,720
2.627143,72,14462.594285,medium,0.6991433021806853,2.699143302180685,2,720
2.53256,55,14481.502355,medium,0.5867601246105919,2.586760124610592,2,542
2.709904,68,14504.676666,medium,0.777803738317757,2.7778037383177567,2,679
2.810399,72,14529.20936,medium,0.882398753894081,2.8823987538940807,2,720
2.769465,55,14548.2611,medium,0.8240654205607477,2.8240654205607476,2,546
2.90004,72,14573.322182,medium,0.9720404984423676,2.9720404984423676,2,720
2.582439,72,14599.355052,medium,0.6544392523364486,2.6544392523364486,2,720
2.88205,72,14623.360136,medium,0.9540498442367601,2.95404984423676,2,720
2.751265,56,14641.919225,medium,0.8071651090342679,2.8071651090342677,2,559
0.262424,72,14666.097241,medium,0.33442367601246104,0.33442367601246104,0,720
2.535553,55,14684.498617,medium,0.5899532710280374,2.5899532710280373,2,544
2.668187,72,14709.212071,medium,0.7401869158878505,2.7401869158878505,2,720
1.27676,52,14727.749857,medium,0.32866043613707163,1.3286604361370715,1,519
3.9358,65,14751.01917,medium,1.0,4.0,3,642
3.953,47,14767.72471,medium,1.0,4.0,3,470
2.692884,71,14794.216685,medium,0.7630841121495328,2.763084112149533,2,702
2.675819,72,14819.769991,medium,0.7478193146417446,2.7478193146417444,2,720
2.634165,57,14840.357271,medium,0.6902647975077881,2.6902647975077882,2,561
3.9324,68,14863.869456,medium,1.0,4.0,3,676
2.727217,61,14884.665517,medium,0.7876168224299065,2.7876168224299063,2,604
2.752611,72,14908.894453,medium,0.8246105919003115,2.8246105919003117,2,720
3.9378,63,14930.076641,medium,1.0,4.0,3,622
2.502882,59,14949.397984,medium,0.5616822429906542,2.561682242990654,2,588
0.333669,61,14971.379857,medium,0.39376947040498445,0.39376947040498445,0,601
1.499028,72,14996.30502,medium,0.5710280373831775,1.5710280373831775,1,720
2.795445,72,15021.982414,medium,0.8674454828660436,2.8674454828660436,2,720
2.724864,65,15044.698775,medium,0.7895638629283489,2.789563862928349,2,647
2.857042,67,15068.290593,medium,0.9234423676012461,2.923442367601246,2,664
2.905025,72,15094.003119,medium,0.9770249221183801,2.97702492211838,2,720
2.757981,70,15118.420799,medium,0.8271806853582554,2.8271806853582553,2,692
2.568471,68,15144.115631,medium,0.6363707165109034,2.6363707165109034,2,679
1.486178,72,15168.065561,medium,0.5581775700934579,1.558177570093458,1,720
2.830181,72,15192.329662,medium,0.9021806853582555,2.9021806853582555,2,720
2.549279,52,15209.308302,medium,0.6007788161993769,2.600778816199377,2,515
0.184386,72,15233.738846,medium,0.25638629283489095,0.25638629283489095,0,720
3.927922,72,15258.028116,medium,0.9999221183800623,3.9999221183800624,3,720
2.52775,60,15279.867596,medium,0.5871495327102804,2.5871495327102805,2,594
0.366783,54,15298.835806,medium,0.42048286604361373,0.42048286604361373,0,537
2.868498,72,15326.36494,medium,0.9404984423676013,2.940498442367601,2,720
2.912034,72,15351.693662,medium,0.9840342679127726,2.9840342679127727,2,720
2.821458,72,15376.267656,medium,0.8934579439252337,2.8934579439252337,2,720
2.772938,72,15400.232073,medium,0.8449376947040499,2.8449376947040497,2,720
2.655773,57,15420.103453,medium,0.712772585669782,2.712772585669782,2,570
2.865695,72,15445.515309,medium,0.9376947040498442,2.9376947040498442,2,720
3.9475,53,15464.304786,medium,1.0,4.0,3,525
2.676209,72,15490.821094,medium,0.748208722741433,2.748208722741433,2,720
2.830951,58,15510.766497,medium,0.8885514018691589,2.888551401869159,2,576
2.788202,72,15535.818372,medium,0.860202492211838,2.860202492211838,2,720
2.847237,72,15560.53,medium,0.9192367601246106,2.9192367601246105,2,720
2.630336,72,15585.167173,medium,0.7023364485981308,2.702336448598131,2,720
2.778234,72,15610.453393,medium,0.8502336448598131,2.850233644859813,2,720
2.814371,72,15636.059972,medium,0.8863707165109034,2.8863707165109034,2,720
2.54227,61,15658.46471,medium,0.6025700934579439,2.6025700934579437,2,603
2.845056,72,15684.924041,medium,0.9170560747663551,2.917056074766355,2,720
2.823793,71,15709.517687,medium,0.8943925233644859,2.894392523364486,2,706
2.630414,72,15733.942103,medium,0.7024143302180685,2.7024143302180685,2,720
2.466945,59,15753.724579,medium,0.5255451713395639,2.525545171339564,2,586
2.700512,59,15773.691733,medium,0.7591121495327103,2.7591121495327102,2,586
2.675196,72,15798.751372,medium,0.747196261682243,2.7471962616822427,2,720
2.467158,52,15817.272418,medium,0.5184579439252337,2.5184579439252337,2,513
3.9285,72,15842.683109,medium,1.0,4.0,3,715
3.9392,61,15866.197176,medium,1.0,4.0,3,608
2.487383,67,15890.150495,medium,0.5542834890965732,2.5542834890965733,2,669
2.742168,59,15909.735419,medium,0.8011682242990654,2.801168224299065,2,590
2.569302,66,15934.191005,medium,0.635202492211838,2.635202492211838,2,659
2.772753,59,15955.52559,medium,0.8311526479750779,2.831152647975078,2,584
2.788047,72,15981.405773,medium,0.8600467289719627,2.8600467289719624,2,720
0.228966,62,16002.756893,medium,0.2909657320872274,0.2909657320872274,0,620
2.491507,56,16022.291595,medium,0.5468068535825545,2.5468068535825545,2,553
0.309058,68,16048.129811,medium,0.3765576323987539,0.3765576323987539,0,675
2.768888,72,16072.571367,medium,0.8408878504672898,2.84088785046729,2,720
2.821458,72,16097.793694,medium,0.8934579439252337,2.8934579439252337,2,720
2.648817,56,16117.738016,medium,0.7045171339563863,2.7045171339563865,2,557
2.663125,72,16143.370704,medium,0.7351246105919003,2.7351246105919005,2,720
2.837927,66,16166.757617,medium,0.9034267912772586,2.9034267912772584,2,655
2.630056,62,16189.525285,medium,0.6920560747663551,2.692056074766355,2,620
2.750975,72,16218.937491,medium,0.8229750778816199,2.82297507788162,2,720
2.79226,62,16244.065332,medium,0.8536604361370717,2.853660436137072,2,614
2.650741,72,16272.951527,medium,0.7227414330218068,2.722741433021807,2,720
3.9404,60,16297.153145,medium,1.0,4.0,3,596
3.9499,51,16317.885651,medium,1.0,4.0,3,501
2.781193,72,16347.84429,medium,0.8531931464174455,2.8531931464174454,2,720
2.742252,72,16375.160837,medium,0.8142523364485982,2.814252336448598,2,720
2.686508,53,16393.40837,medium,0.7394080996884735,2.7394080996884735,2,529
2.56326,57,16413.376875,medium,0.6198598130841122,2.619859813084112,2,566
3.9524,48,16430.707278,medium,1.0,4.0,3,476
3.949,51,16447.717521,medium,1.0,4.0,3,510
2.760944,72,16472.691539,medium,0.8329439252336449,2.832943925233645,2,720
2.669108,63,16494.750372,medium,0.7313084112149533,2.731308411214953,2,622
2.487117,59,16515.359768,medium,0.5457165109034268,2.5457165109034268,2,586
0.407358,53,16533.759799,medium,0.4603582554517134,0.4603582554517134,0,530
2.728312,72,16557.760434,medium,0.8003115264797508,2.8003115264797507,2,720
2.518018,63,16579.345364,medium,0.5802180685358256,2.5802180685358254,2,622
2.729278,71,16605.730702,medium,0.8000778816199376,2.800077881619938,2,708
2.707218,57,16625.26541,medium,0.7633177570093458,2.7633177570093457,2,561
2.59934,72,16651.190449,medium,0.6713395638629284,2.6713395638629285,2,720
2.467811,57,16671.077065,medium,0.5246105919003116,2.5246105919003115,2,568
1.412028,59,16691.736725,medium,0.47102803738317756,1.4710280373831774,1,590
3.9305,70,16715.600338,medium,1.0,4.0,3,695
2.729869,72,16740.536449,medium,0.8018691588785046,2.8018691588785045,2,720
2.821374,68,16763.933666,medium,0.8884735202492212,2.8884735202492213,2,671
2.752133,57,16785.69433,medium,0.8083333333333333,2.8083333333333336,2,562
2.683883,71,16809.719498,medium,0.7542834890965732,2.754283489096573,2,704
2.82434,72,16834.114848,medium,0.8963395638629283,2.896339563862928,2,720
2.684136,52,16851.663697,medium,0.7354361370716511,2.735436137071651,2,513
2.482984,72,16875.628661,medium,0.5549844236760124,2.5549844236760126,2,720
2.776832,72,16900.029468,medium,0.8488317757009346,2.8488317757009347,2,720
2.788202,72,16924.200759,medium,0.860202492211838,2.860202492211838,2,720
3.938,62,16944.333548,medium,1.0,4.0,3,620
2.725226,62,16967.756879,medium,0.7865264797507788,2.786526479750779,2,613
1.756271,72,16992.857933,medium,0.8282710280373832,1.828271028037383,1,720
2.831427,72,17016.939776,medium,0.9034267912772586,2.9034267912772584,2,720
3.9366,64,17038.621605,medium,1.0,4.0,3,634
2.676561,61,17059.519045,medium,0.7374610591900311,2.7374610591900312,2,609
0.298016,72,17083.846431,medium,0.3700155763239875,0.3700155763239875,0,720
2.801625,68,17107.156474,medium,0.8689252336448599,2.86892523364486,2,673
2.528521,71,17133.400513,medium,0.5992211838006231,2.599221183800623,2,707
2.710364,63,17156.61929,medium,0.7733644859813084,2.7733644859813085,2,630
3.9386,62,17178.860729,medium,1.0,4.0,3,614
2.560477,72,17203.56266,medium,0.6324766355140187,2.632476635514019,2,720
3.95,50,17221.489512,medium,1.0,4.0,3,500
3.9399,61,17242.855901,medium,1.0,4.0,3,601
2.549732,58,17262.796488,medium,0.6076323987538941,2.607632398753894,2,579
3.9331,67,17285.249534,medium,1.0,4.0,3,669
2.742107,55,17303.763844,medium,0.7968068535825545,2.7968068535825545,2,547
3.9448,56,17324.286647,medium,1.0,4.0,3,552
2.760788,72,17348.129121,medium,0.8327881619937695,2.8327881619937694,2,720
2.650215,53,17365.837943,medium,0.7031152647975077,2.703115264797508,2,529
2.765179,70,17389.461472,medium,0.8345794392523365,2.8345794392523365,2,694
2.632751,72,17413.053014,medium,0.7047507788161994,2.7047507788161993,2,720
3.9386,62,17433.947693,medium,1.0,4.0,3,614
3.9482,52,17451.217199,medium,1.0,4.0,3,518
2.871695,66,17473.905287,medium,0.9376947040498442,2.9376947040498442,2,660
2.768343,72,17500.503204,medium,0.8403426791277259,2.8403426791277258,2,720
2.681271,72,17525.099619,medium,0.7532710280373832,2.7532710280373833,2,720
2.782751,72,17549.234868,medium,0.8547507788161994,2.854750778816199,2,720
1.451586,63,17570.455053,medium,0.5144859813084112,1.514485981308411,1,629
2.561023,65,17592.60169,medium,0.6256230529595016,2.6256230529595017,2,646
2.852143,72,17616.88703,medium,0.9241433021806854,2.9241433021806853,2,720
2.595383,59,17636.977914,medium,0.6542834890965732,2.6542834890965734,2,589
2.543505,60,17659.583164,medium,0.6035046728971962,2.6035046728971962,2,600
3.9382,62,17681.459445,medium,1.0,4.0,3,618
2.704762,67,17704.811992,medium,0.7712616822429906,2.7712616822429905,2,665
2.729742,69,17729.555815,medium,0.7984423676012461,2.798442367601246,2,687
2.825086,57,17749.706298,medium,0.881386292834891,2.881386292834891,2,563
2.676053,72,17775.387147,medium,0.7480529595015576,2.7480529595015577,2,720
2.539404,56,17795.063467,medium,0.5947040498442367,2.594704049844237,2,553
3.9328,68,17818.357534,medium,1.0,4.0,3,672
0.33893,67,17843.754269,medium,0.40552959501557634,0.40552959501557634,0,666
3.9403,60,17864.998114,medium,1.0,4.0,3,597
2.90004,72,17889.049389,medium,0.9720404984423676,2.9720404984423676,2,720
2.512598,53,17907.637246,medium,0.5654984423676013,2.565498442367601,2,529
3.9466,54,17926.822841,medium,1.0,4.0,3,534
0.265305,72,17953.301955,medium,0.33730529595015574,0.33730529595015574,0,720
2.725508,72,17978.11187,medium,0.7975077881619937,2.797507788161994,2,720
2.612513,65,18000.270688,medium,0.6767133956386293,2.6767133956386293,2,642
2.689371,72,18027.516047,medium,0.7613707165109034,2.7613707165109034,2,720
2.635185,62,18049.180431,medium,0.6968847352024922,2.696884735202492,2,617
2.72841,63,18070.812559,medium,0.790809968847352,2.790809968847352,2,624
3.9354,65,18094.060093,medium,1.0,4.0,3,646
2.718074,55,18113.337331,medium,0.7722741433021807,2.7722741433021807,2,542
2.683452,72,18138.068795,medium,0.7554517133956387,2.7554517133956384,2,720
2.47543,72,18161.800967,medium,0.547429906542056,2.547429906542056,2,720
3.9489,52,18179.301478,medium,1.0,4.0,3,511
2.622342,60,18201.34647,medium,0.6815420560747664,2.6815420560747665,2,592
2.868966,72,18225.893421,medium,0.9409657320872274,2.9409657320872276,2,720
2.70394,60,18246.526465,medium,0.7632398753894081,2.763239875389408,2,593
1.544044,72,18272.020597,medium,0.6160436137071651,1.616043613707165,1,720
2.752221,72,18297.271494,medium,0.824221183800623,2.8242211838006233,2,720
2.639075,51,18315.282802,medium,0.6898753894080997,2.6898753894081,2,508
2.804791,72,18340.267779,medium,0.876791277258567,2.876791277258567,2,720
2.646679,55,18360.137462,medium,0.700778816199377,2.700778816199377,2,541
2.625897,72,18386.694411,medium,0.6978971962616822,2.6978971962616822,2,720
2.831427,72,18411.751837,medium,0.9034267912772586,2.9034267912772584,2,720
2.664916,72,18436.786624,medium,0.7369158878504672,2.736915887850467,2,720
0.3111,72,18462.925009,medium,0.3830996884735203,0.3830996884735203,0,720
2.70211,64,18485.262834,medium,0.765809968847352,2.765809968847352,2,637
3.9318,69,18508.716253,medium,1.0,4.0,3,682
2.777427,60,18530.024213,medium,0.8372274143302181,2.837227414330218,2,598
1.462025,57,18549.922303,medium,0.5189252336448598,1.5189252336448598,1,569
2.574573,72,18576.647427,medium,0.6465732087227415,2.6465732087227414,2,720
2.78205,72,18602.346661,medium,0.8540498442367601,2.8540498442367603,2,720
2.49775,57,18622.950931,medium,0.5540498442367601,2.55404984423676,2,563
2.910944,72,18648.731965,medium,0.9829439252336448,2.982943925233645,2,720
2.822938,72,18674.362376,medium,0.8949376947040498,2.89493769470405,2,720
2.510399,72,18699.44406,medium,0.582398753894081,2.582398753894081,2,720
2.5111,56,18719.132019,medium,0.5669003115264798,2.5669003115264797,2,558
2.654265,53,18737.904983,medium,0.7071651090342679,2.7071651090342677,2,529
3.958,42,18754.95616,medium,1.0,4.0,3,420
3.9385,62,18776.669756,medium,1.0,4.0,3,615
2.787124,57,18796.074955,medium,0.8432242990654205,2.8432242990654206,2,561
2.648918,57,18815.544788,medium,0.7052180685358256,2.7052180685358254,2,563
2.779869,72,18839.861459,medium,0.8518691588785047,2.851869158878505,2,720
2.548168,62,18861.037503,medium,0.6092679127725856,2.6092679127725855,2,611
2.866817,54,18879.552688,medium,0.9207165109034268,2.9207165109034268,2,539
2.837916,58,18900.342134,medium,0.8950155763239875,2.8950155763239875,2,571
2.70262,63,18924.122622,medium,0.7647196261682243,2.7647196261682243,2,621
2.490745,52,18943.044256,medium,0.5424454828660437,2.542445482866044,2,517
2.865695,72,18968.477077,medium,0.9376947040498442,2.9376947040498442,2,720
2.877688,72,18993.605673,medium,0.9496884735202492,2.9496884735202493,2,720
2.788748,72,19018.877336,medium,0.8607476635514019,2.8607476635514018,2,720
2.787813,72,19044.278378,medium,0.8598130841121495,2.8598130841121496,2,720
2.709562,62,19065.985784,medium,0.7712616822429906,2.7712616822429905,2,617
2.765227,72,19091.508899,medium,0.8372274143302181,2.837227414330218,2,720
2.616785,72,19118.577999,medium,0.688785046728972,2.688785046728972,2,720
2.818941,62,19140.836657,medium,0.8808411214953271,2.880841121495327,2,619
2.543576,72,19166.270058,medium,0.6155763239875389,2.615576323987539,2,720
2.814057,62,19188.537836,medium,0.8758566978193146,2.8758566978193145,2,618
3.9518,49,19206.224941,medium,1.0,4.0,3,482
2.784873,70,19230.637213,medium,0.8546728971962617,2.8546728971962616,2,698
2.775131,65,19253.777043,medium,0.8400311526479751,2.840031152647975,2,649
1.357517,72,19279.125839,medium,0.4295171339563863,1.4295171339563864,1,720
3.944,56,19301.3488,medium,1.0,4.0,3,560
2.8157,68,19325.116542,medium,0.8830996884735203,2.8830996884735205,2,674
2.819693,59,19346.064656,medium,0.8781931464174455,2.8781931464174457,2,585
2.784027,62,19367.633219,medium,0.8453271028037384,2.845327102803738,2,613
2.520018,61,19389.179359,medium,0.5802180685358256,2.5802180685358254,2,602
2.676297,63,19411.758901,medium,0.7390965732087228,2.7390965732087227,2,628
2.831427,72,19437.589353,medium,0.9034267912772586,2.9034267912772584,2,720
2.593304,52,19456.043109,medium,0.6447040498442368,2.6447040498442367,2,514
2.68444,63,19480.360341,medium,0.7470404984423676,2.7470404984423675,2,626
2.722626,72,19505.514045,medium,0.7946261682242991,2.794626168224299,2,720
3.9378,63,19527.434427,medium,1.0,4.0,3,622
2.90004,72,19552.574274,medium,0.9720404984423676,2.9720404984423676,2,720
2.469749,67,19577.229791,medium,0.5364485981308411,2.536448598130841,2,667
3.9297,71,19603.185917,medium,1.0,4.0,3,703
2.588358,64,19626.091351,medium,0.6515576323987539,2.6515576323987537,2,632
2.493671,52,19644.651687,medium,0.5451713395638629,2.545171339563863,2,515
3.9309,70,19671.819416,medium,1.0,4.0,3,691
2.466871,62,19693.842706,medium,0.5282710280373831,2.5282710280373832,2,614
2.713903,72,19718.454723,medium,0.7859034267912772,2.7859034267912772,2,720
2.524184,72,19745.042276,medium,0.596183800623053,2.596183800623053,2,720
2.468797,63,19767.709402,medium,0.5309968847352025,2.5309968847352025,2,622
1.575767,58,19788.284783,medium,0.6335669781931464,1.6335669781931466,1,578
2.788748,72,19813.998455,medium,0.8607476635514019,2.8607476635514018,2,720
2.908628,63,19838.256713,medium,0.9710280373831776,2.9710280373831774,2,624
2.660363,62,19860.053678,medium,0.7219626168224299,2.72196261682243,2,616
2.637206,67,19883.399295,medium,0.7042056074766355,2.7042056074766356,2,670
2.762579,72,19908.077775,medium,0.8345794392523365,2.8345794392523365,2,720
3.9312,69,19934.04141,medium,1.0,4.0,3,688
2.650196,72,19958.737535,medium,0.722196261682243,2.7221962616822433,2,720
2.762424,72,19984.250251,medium,0.834423676012461,2.8344236760124613,2,720
2.806322,69,20009.451056,medium,0.8749221183800623,2.8749221183800624,2,686
2.849853,57,20031.963159,medium,0.9061526479750779,2.9061526479750777,2,563
2.742353,64,20054.524838,medium,0.8061526479750779,2.806152647975078,2,638
2.483082,62,20075.122179,medium,0.5447819314641744,2.5447819314641746,2,617
2.833452,72,20100.704006,medium,0.9054517133956387,2.905451713395639,2,720
2.507246,53,20120.473881,medium,0.5593457943925234,2.5593457943925233,2,521
2.644035,57,20140.721239,medium,0.7009345794392523,2.7009345794392523,2,569
2.818734,66,20164.124837,medium,0.8840342679127726,2.8840342679127726,2,653
2.698171,72,20190.04331,medium,0.770171339563863,2.7701713395638627,2,720
2.813826,72,20216.7287,medium,0.8858255451713396,2.8858255451713397,2,720
2.647979,61,20237.836571,medium,0.7088785046728971,2.708878504672897,2,609
3.9425,58,20258.878695,medium,1.0,4.0,3,575
3.9303,70,20283.755079,medium,1.0,4.0,3,697
2.874963,72,20309.698015,medium,0.9469626168224299,2.9469626168224297,2,720
3.9367,64,20333.66232,medium,1.0,4.0,3,633
2.788748,72,20360.339193,medium,0.8607476635514019,2.8607476635514018,2,720
2.503049,51,20378.455579,medium,0.5533489096573209,2.5533489096573208,2,503
2.505943,52,20398.65221,medium,0.5572429906542056,2.5572429906542054,2,513
2.784121,57,20419.083447,medium,0.8411214953271028,2.8411214953271027,2,570
2.771302,72,20444.9663,medium,0.8433021806853582,2.8433021806853582,2,720
3.9533,47,20461.670256,medium,1.0,4.0,3,467
3.9535,47,20478.858244,medium,1.0,4.0,3,465
2.831427,72,20505.145869,medium,0.9034267912772586,2.9034267912772584,2,720
2.882095,65,20527.615899,medium,0.9464953271028037,2.9464953271028036,2,644
2.725975,72,20552.847919,medium,0.7979750778816199,2.79797507788162,2,720
1.343571,52,20571.47079,medium,0.3951713395638629,1.395171339563863,1,516
2.78205,72,20598.036075,medium,0.8540498442367601,2.8540498442367603,2,720
2.837327,67,20621.24734,medium,0.9034267912772586,2.9034267912772584,2,661
2.745056,72,20645.871041,medium,0.8170560747663551,2.817056074766355,2,720
3.9426,58,20665.893239,medium,1.0,4.0,3,574
2.476653,55,20685.417593,medium,0.5311526479750779,2.5311526479750777,2,545
2.787333,71,20709.392622,medium,0.8583333333333333,2.8583333333333334,2,710
1.260921,56,20729.171335,medium,0.3161214953271028,1.3161214953271028,1,552
3.9301,70,20754.796895,medium,1.0,4.0,3,699
2.656693,72,20780.153571,medium,0.7281931464174455,2.7281931464174454,2,715
2.599885,72,20804.980901,medium,0.6718847352024923,2.671884735202492,2,720
2.708191,60,20825.939932,medium,0.7679906542056075,2.7679906542056076,2,598
2.695097,61,20847.258124,medium,0.7559968847352025,2.7559968847352025,2,609
2.757517,72,20873.571097,medium,0.8295171339563863,2.8295171339563865,2,720
2.871692,72,20898.27832,medium,0.9436915887850468,2.9436915887850468,2,720
2.799488,50,20915.224739,medium,0.8489875389408099,2.84898753894081,2,495
2.557206,72,20940.942465,medium,0.6292056074766356,2.6292056074766355,2,720
3.9341,66,20963.126283,medium,1.0,4.0,3,659
2.534024,60,20983.517396,medium,0.5932242990654205,2.5932242990654206,2,592
3.9516,49,21000.649866,medium,1.0,4.0,3,484
3.9362,64,21023.003024,medium,1.0,4.0,3,638
3.9542,46,21038.528512,medium,1.0,4.0,3,458
2.755492,72,21062.210299,medium,0.8274922118380063,2.827492211838006,2,720
2.651198,65,21084.608223,medium,0.7154984423676013,2.7154984423676014,2,643
2.889682,72,21111.077957,medium,0.9616822429906542,2.961682242990654,2,720
2.921302,72,21136.485781,medium,0.9933021806853582,2.993302180685358,2,720
2.815409,67,21160.337532,medium,0.8820093457943925,2.8820093457943923,2,666
3.9422,58,21180.407864,medium,1.0,4.0,3,578
2.680555,69,21204.689367,medium,0.7494548286604361,2.7494548286604363,2,689
3.9521,48,21221.752619,medium,1.0,4.0,3,479
3.9508,50,21239.403386,medium,1.0,4.0,3,492
2.923531,59,21259.649868,medium,0.9819314641744549,2.9819314641744548,2,584
2.513324,63,21280.620034,medium,0.5763239875389408,2.5763239875389408,2,630
2.847081,72,21307.348878,medium,0.9190809968847352,2.9190809968847353,2,720
2.769121,72,21332.220243,medium,0.8411214953271028,2.8411214953271027,2,720
1.434202,51,21350.160075,medium,0.48520249221183803,1.485202492211838,1,510
2.643966,72,21375.756,medium,0.7159657320872275,2.7159657320872275,2,720
2.592798,72,21401.677113,medium,0.664797507788162,2.664797507788162,2,720
2.48601,55,21420.336464,medium,0.540809968847352,2.540809968847352,2,548
3.9477,53,21438.628816,medium,1.0,4.0,3,523
3.9427,58,21456.775115,medium,1.0,4.0,3,573
2.785074,55,21477.202134,medium,0.8391744548286605,2.8391744548286604,2,541
2.650092,61,21498.46139,medium,0.7105919003115265,2.7105919003115266,2,605
3.9336,67,21521.550406,medium,1.0,4.0,3,664
2.863047,72,21546.26482,medium,0.9350467289719626,2.9350467289719626,2,720
2.533452,72,21571.293011,medium,0.6054517133956386,2.6054517133956385,2,720
2.90686,63,21592.483945,medium,0.9698598130841122,2.969859813084112,2,630
2.874601,68,21615.727835,medium,0.942601246105919,2.942601246105919,2,680
2.860213,67,21638.528566,medium,0.9267133956386293,2.9267133956386293,2,665
3.9354,65,21662.749232,medium,1.0,4.0,3,646
3.9443,56,21681.795863,medium,1.0,4.0,3,557
3.9387,62,21703.364417,medium,1.0,4.0,3,613
2.648405,72,21728.4793,medium,0.7204049844236761,2.720404984423676,2,720
2.725508,72,21752.854232,medium,0.7975077881619937,2.797507788161994,2,720
2.539114,64,21774.936412,medium,0.6024143302180686,2.6024143302180685,2,633
2.782206,72,21799.072999,medium,0.8542056074766355,2.8542056074766355,2,720
2.614446,62,21819.6415,medium,0.6762461059190031,2.6762461059190032,2,618
2.816006,72,21846.625169,medium,0.888006230529595,2.8880062305295953,2,720
3.9471,53,21864.529646,medium,1.0,4.0,3,529
2.884308,72,21889.698369,medium,0.9563084112149532,2.956308411214953,2,720
1.44117,54,21908.17448,medium,0.4944704049844237,1.4944704049844237,1,533
3.9304,70,21931.557306,medium,1.0,4.0,3,696
2.531583,72,21957.156732,medium,0.6035825545171339,2.603582554517134,2,720
2.904059,57,21977.085132,medium,0.9610591900311527,2.9610591900311527,2,570
2.924028,72,22005.000132,medium,0.9960280373831776,2.9960280373831774,2,720
0.379535,56,22023.958409,medium,0.4347352024922118,0.4347352024922118,0,552
2.870056,72,22047.99021,medium,0.9420560747663551,2.942056074766355,2,720
3.9321,68,22071.506093,medium,1.0,4.0,3,679
2.725508,72,22094.896035,medium,0.7975077881619937,2.797507788161994,2,720
3.9356,65,22117.007565,medium,1.0,4.0,3,644
3.9385,62,22138.260636,medium,1.0,4.0,3,615
2.547906,57,22157.716478,medium,0.6042056074766355,2.6042056074766355,2,563
2.889215,72,22183.446228,medium,0.961214953271028,2.961214953271028,2,720
2.8461,62,22204.011895,medium,0.9080996884735203,2.9080996884735204,2,620
3.9412,59,22222.996433,medium,1.0,4.0,3,588
3.9427,58,22241.295312,medium,1.0,4.0,3,573
2.870601,72,22264.448299,medium,0.942601246105919,2.942601246105919,2,720
3.9497,51,22280.766081,medium,1.0,4.0,3,503
2.711707,61,22300.32129,medium,0.7718068535825545,2.7718068535825546,2,601
2.711755,72,22324.025474,medium,0.7832554517133956,2.7832554517133956,2,715
2.572402,63,22349.151004,medium,0.635202492211838,2.635202492211838,2,628
2.73462,72,22374.978849,medium,0.8066199376947041,2.806619937694704,2,720
3.9459,55,22393.563312,medium,1.0,4.0,3,541
2.532195,56,22412.435659,medium,0.5876947040498443,2.587694704049844,2,555
2.687936,64,22433.880497,medium,0.7516355140186916,2.7516355140186914,2,637
2.82466,54,22451.11132,medium,0.8786604361370717,2.878660436137072,2,540
3.9452,55,22468.685364,medium,1.0,4.0,3,548
3.9318,69,22491.437855,medium,1.0,4.0,3,682
2.725508,72,22518.42346,medium,0.7975077881619937,2.797507788161994,2,720
2.799819,65,22544.459363,medium,0.8640186915887851,2.864018691588785,2,642
2.734776,72,22569.389689,medium,0.8067757009345794,2.8067757009345793,2,720
3.9499,51,22587.092235,medium,1.0,4.0,3,501
2.70659,53,22605.496577,medium,0.7591900311526479,2.759190031152648,2,526
2.816941,72,22630.783612,medium,0.8889408099688474,2.8889408099688474,2,720
3.941,59,22652.080982,medium,1.0,4.0,3,590
3.9346,66,22674.319695,medium,1.0,4.0,3,654
0.372716,57,22694.894994,medium,0.42881619937694704,0.42881619937694704,0,561
2.594459,58,22717.095428,medium,0.6522585669781932,2.652258566978193,2,578
2.82577,52,22735.275773,medium,0.8775700934579439,2.877570093457944,2,518
2.865695,72,22759.704363,medium,0.9376947040498442,2.9376947040498442,2,720
2.894044,72,22785.623586,medium,0.9660436137071651,2.966043613707165,2,720
2.874708,65,22809.630644,medium,0.9394080996884735,2.9394080996884737,2,647
2.784159,52,22828.23189,medium,0.8360591900311527,2.8360591900311527,2,519
2.789513,71,22853.507606,medium,0.8598130841121495,2.8598130841121496,2,703
3.9389,62,22876.425377,medium,1.0,4.0,3,611
3.9285,72,22902.183621,medium,1.0,4.0,3,715
3.9356,65,22923.3705,medium,1.0,4.0,3,644
2.663202,72,22946.84849,medium,0.735202492211838,2.735202492211838,2,720
2.868966,72,22969.162319,medium,0.9409657320872274,2.9409657320872276,2,720
2.871285,68,22991.830309,medium,0.938785046728972,2.938785046728972,2,675
3.9379,63,23013.216632,medium,1.0,4.0,3,621
1.400054,66,23035.721702,medium,0.4656542056074766,1.4656542056074766,1,656
2.867408,72,23062.5922,medium,0.9394080996884735,2.9394080996884737,2,720
3.9421,58,23081.674123,medium,1.0,4.0,3,579
2.840383,72,23104.484055,medium,0.9123831775700935,2.9123831775700935,2,720
3.9396,61,23124.113503,medium,1.0,4.0,3,604
2.739269,54,23141.212576,medium,0.7930685358255452,2.793068535825545,2,538
2.908667,58,23159.835308,medium,0.9666666666666667,2.966666666666667,2,580
2.55181,64,23180.052414,medium,0.6158099688473521,2.615809968847352,2,640
3.9536,47,23195.727846,medium,1.0,4.0,3,464
2.860321,72,23218.86888,medium,0.9323208722741433,2.9323208722741434,2,720
2.683145,68,23242.598457,medium,0.7505451713395639,2.7505451713395637,2,674
2.692961,53,23259.681917,medium,0.7455607476635514,2.7455607476635513,2,526
2.684945,57,23278.349566,medium,0.7417445482866044,2.7417445482866043,2,568
2.781721,60,23297.533442,medium,0.8411214953271028,2.8411214953271027,2,594
3.9516,49,23312.904145,medium,1.0,4.0,3,484
2.64529,72,23335.60729,medium,0.7172897196261683,2.7172897196261685,2,720
2.689371,72,23358.065426,medium,0.7613707165109034,2.7613707165109034,2,720
3.9331,67,23379.955619,medium,1.0,4.0,3,669
3.9446,56,23399.771743,medium,1.0,4.0,3,554
1.422948,63,23420.029644,medium,0.48574766355140186,1.4857476635514018,1,628
3.9316,69,23443.560559,medium,1.0,4.0,3,684
1.524983,54,23462.051777,medium,0.5785825545171339,1.578582554517134,1,536
3.9403,60,23481.913731,medium,1.0,4.0,3,597
2.663202,72,23505.77702,medium,0.735202492211838,2.735202492211838,2,720
2.604197,69,23527.562713,medium,0.6728971962616822,2.6728971962616823,2,687
2.7395,53,23544.794739,medium,0.7919003115264798,2.7919003115264798,2,524
2.674576,50,23561.791419,medium,0.7236760124610592,2.723676012461059,2,491
2.539682,72,23586.702203,medium,0.6116822429906542,2.6116822429906543,2,720
3.9314,69,23609.821762,medium,1.0,4.0,3,686
2.621692,72,23635.556154,medium,0.6936915887850468,2.6936915887850468,2,720
2.716318,72,23660.588857,medium,0.7883177570093458,2.788317757009346,2,720
3.934,66,23683.328509,medium,1.0,4.0,3,660
2.581193,72,23708.038035,medium,0.6531931464174455,2.6531931464174456,2,720
1.569511,72,23733.362841,medium,0.6415109034267913,1.6415109034267914,1,720
2.878075,62,23758.581582,medium,0.9398753894080997,2.9398753894081,2,618
2.752065,72,23783.736922,medium,0.8240654205607477,2.8240654205607476,2,720
3.9537,47,23799.991078,medium,1.0,4.0,3,463
3.9518,49,23816.667417,medium,1.0,4.0,3,482
2.641958,52,23834.943343,medium,0.6934579439252336,2.6934579439252335,2,515
2.902844,72,23859.796015,medium,0.9748442367601247,2.9748442367601244,2,720
2.550154,57,23880.560751,medium,0.6068535825545172,2.606853582554517,2,567
2.591084,72,23906.814152,medium,0.6630841121495327,2.663084112149533,2,720
2.865695,72,23934.222737,medium,0.9376947040498442,2.9376947040498442,2,720
2.61772,72,23963.871489,medium,0.6897196261682244,2.689719626168224,2,720
2.801106,70,23989.863145,medium,0.8711059190031153,2.8711059190031154,2,700
2.894589,72,24015.372599,medium,0.966588785046729,2.9665887850467287,2,720
2.81881,72,24040.068177,medium,0.890809968847352,2.890809968847352,2,720
2.496862,50,24057.179644,medium,0.5462616822429907,2.5462616822429904,2,494
2.865695,72,24082.660179,medium,0.9376947040498442,2.9376947040498442,2,720
2.750586,72,24107.226003,medium,0.8225856697819315,2.8225856697819314,2,720
3.9384,62,24130.940109,medium,1.0,4.0,3,616
2.684702,51,24148.763415,medium,0.735202492211838,2.735202492211838,2,505
2.612969,72,24174.074238,medium,0.6849688473520249,2.684968847352025,2,720
2.792217,71,24198.464555,medium,0.8626168224299066,2.8626168224299064,2,704
3.9392,61,24220.187151,medium,1.0,4.0,3,608
2.613164,61,24242.142333,medium,0.6733644859813084,2.6733644859813084,2,602
2.865695,72,24267.76803,medium,0.9376947040498442,2.9376947040498442,2,720
2.499417,72,24295.404619,medium,0.571417445482866,2.571417445482866,2,720
2.603355,72,24320.143035,medium,0.6744548286604362,2.674454828660436,2,711
2.511583,67,24343.149014,medium,0.5785825545171339,2.578582554517134,2,670
2.780025,72,24367.800017,medium,0.8520249221183801,2.85202492211838,2,720
2.844761,60,24389.195467,medium,0.9043613707165109,2.904361370716511,2,596
3.9388,62,24410.251194,medium,1.0,4.0,3,612
2.748191,62,24431.305657,medium,0.8098909657320872,2.8098909657320874,2,617
2.892408,72,24456.86306,medium,0.9644080996884735,2.9644080996884736,2,720
2.779846,64,24481.43823,medium,0.8431464174454829,2.843146417445483,2,633
3.9529,48,24498.686312,medium,1.0,4.0,3,471
3.9407,60,24519.782441,medium,1.0,4.0,3,593
2.676216,61,24541.012749,medium,0.7369158878504672,2.736915887850467,2,607
2.866785,72,24566.275758,medium,0.938785046728972,2.938785046728972,2,720
2.831427,72,24591.748707,medium,0.9034267912772586,2.9034267912772584,2,720
2.823002,62,24613.978884,medium,0.8845015576323988,2.8845015576323987,2,615
3.9436,57,24635.806964,medium,1.0,4.0,3,564
2.484513,51,24654.616909,medium,0.5348130841121496,2.5348130841121495,2,503
3.9362,64,24679.31304,medium,1.0,4.0,3,638
2.847427,56,24699.57232,medium,0.9034267912772586,2.9034267912772584,2,560
3.9567,44,24715.424793,medium,1.0,4.0,3,433
2.743187,72,24741.276689,medium,0.8151869158878504,2.8151869158878506,2,720
2.699684,72,24767.429589,medium,0.7711838006230529,2.771183800623053,2,715
2.728075,53,24786.653991,medium,0.7810747663551402,2.78107476635514,2,530
2.745782,58,24807.429975,medium,0.8028816199376947,2.8028816199376947,2,571
2.782192,62,24829.549808,medium,0.8436915887850467,2.8436915887850467,2,615
2.76008,67,24855.314487,medium,0.8264797507788162,2.826479750778816,2,664
2.918576,72,24881.170975,medium,0.9905763239875389,2.990576323987539,2,720
2.723249,72,24907.767945,medium,0.7952492211838006,2.7952492211838007,2,720
0.364449,72,24932.741017,medium,0.43644859813084114,0.43644859813084114,0,720
2.887924,64,24956.067222,medium,0.9513239875389408,2.9513239875389408,2,634
2.831427,72,24982.378313,medium,0.9034267912772586,2.9034267912772584,2,720
2.909386,72,25008.065029,medium,0.981386292834891,2.981386292834891,2,720
2.874417,72,25036.453187,medium,0.946417445482866,2.946417445482866,2,720
2.475416,54,25055.689707,medium,0.528816199376947,2.528816199376947,2,534
2.666551,72,25082.585382,medium,0.7385514018691589,2.738551401869159,2,720
1.543916,60,25103.48832,medium,0.6038161993769471,1.603816199376947,1,599
2.860321,72,25129.361234,medium,0.9323208722741433,2.9323208722741434,2,720
2.562112,72,25153.810025,medium,0.6341121495327103,2.6341121495327102,2,720
2.874417,72,25178.794101,medium,0.946417445482866,2.946417445482866,2,720
2.885623,57,25199.108255,medium,0.9425233644859813,2.9425233644859814,2,569
2.701678,57,25221.850599,medium,0.758177570093458,2.758177570093458,2,565
2.859649,61,25243.640898,medium,0.9202492211838006,2.9202492211838007,2,606
3.9555,45,25259.237483,medium,1.0,4.0,3,445
3.9453,55,25278.389719,medium,1.0,4.0,3,547
2.485972,52,25297.443201,medium,0.5370716510903427,2.5370716510903426,2,511
3.9301,70,25323.359293,medium,1.0,4.0,3,699
3.9344,66,25347.42269,medium,1.0,4.0,3,656
3.9601,40,25362.0136,medium,1.0,4.0,3,399
2.660815,51,25379.767052,medium,0.711214953271028,2.711214953271028,2,504
2.831427,72,25407.53604,medium,0.9034267912772586,2.9034267912772584,2,720
1.437928,67,25431.543306,medium,0.5041277258566979,1.5041277258566979,1,662
2.607871,71,25455.896582,medium,0.6782710280373832,2.678271028037383,2,704
3.9442,56,25476.228914,medium,1.0,4.0,3,558
2.600958,51,25494.570896,medium,0.6515576323987539,2.6515576323987537,2,506
2.810009,72,25520.624347,medium,0.8820093457943925,2.8820093457943923,2,720
1.290735,53,25540.288347,medium,0.3428348909657321,1.3428348909657322,1,521
3.9548,46,25556.988045,medium,1.0,4.0,3,452
2.837887,53,25576.432005,medium,0.8901869158878505,2.8901869158878504,2,523
2.914293,72,25603.93727,medium,0.9862928348909658,2.986292834890966,2,720
2.879791,72,25629.931827,medium,0.9517912772585669,2.951791277258567,2,720
3.9384,62,25652.368746,medium,1.0,4.0,3,616
2.780793,64,25675.369787,medium,0.844392523364486,2.844392523364486,2,636
2.907938,62,25697.810094,medium,0.9699376947040499,2.9699376947040497,2,620
2.563696,50,25716.366588,medium,0.6133956386292835,2.6133956386292834,2,497
2.801021,57,25736.496571,medium,0.8573208722741433,2.857320872274143,2,563
3.9584,42,25751.448057,medium,1.0,4.0,3,416
2.723169,70,25778.081571,medium,0.7930685358255452,2.793068535825545,2,699
2.814422,61,25799.506987,medium,0.8749221183800623,2.8749221183800624,2,605
3.9504,50,25818.318736,medium,1.0,4.0,3,496
3.9469,54,25838.08469,medium,1.0,4.0,3,531
2.657908,57,25858.190557,medium,0.7144080996884735,2.7144080996884736,2,565
2.727755,64,25879.277977,medium,0.7913551401869159,2.7913551401869157,2,636
2.578257,57,25899.952838,medium,0.6346573208722741,2.6346573208722743,2,564
3.9467,54,25919.787692,medium,1.0,4.0,3,533
2.736685,61,25942.156462,medium,0.7968847352024923,2.796884735202492,2,602
2.696596,59,25964.128684,medium,0.7552959501557632,2.7552959501557632,2,587
2.706594,56,25983.872307,medium,0.761993769470405,2.761993769470405,2,554
2.568083,53,26003.313871,medium,0.6204828660436137,2.6204828660436137,2,524
2.886966,54,26023.549717,medium,0.9409657320872274,2.9409657320872276,2,540
2.924106,72,26048.710409,medium,0.9961059190031153,2.9961059190031154,2,720
2.787813,72,26075.379633,medium,0.8598130841121495,2.8598130841121496,2,720
2.885944,72,26101.652391,medium,0.9579439252336449,2.957943925233645,2,720
2.529636,72,26127.664196,medium,0.6016355140186916,2.6016355140186915,2,720
2.88314,72,26156.137898,medium,0.9551401869158879,2.9551401869158878,2,720
2.613714,55,26176.570262,medium,0.668613707165109,2.6686137071651093,2,549
2.648685,57,26197.45592,medium,0.7056853582554518,2.705685358255452,2,570
2.718019,71,26224.499122,medium,0.789018691588785,2.789018691588785,2,710
2.891941,72,26250.818465,medium,0.9639408099688473,2.9639408099688476,2,720
3.9428,58,26271.76044,medium,1.0,4.0,3,572
3.9314,69,26296.551496,medium,1.0,4.0,3,686
2.739682,72,26322.333742,medium,0.8116822429906542,2.811682242990654,2,720
3.955,45,26340.767306,medium,1.0,4.0,3,450
2.537004,50,26359.395003,medium,0.5866043613707165,2.5866043613707164,2,496
2.629998,60,26381.080825,medium,0.689797507788162,2.689797507788162,2,598
2.687516,58,26402.364472,medium,0.7450155763239875,2.7450155763239876,2,575
3.9468,54,26421.816681,medium,1.0,4.0,3,532
2.882517,72,26448.616343,medium,0.9545171339563863,2.9545171339563865,2,720
3.935,65,26471.904858,medium,1.0,4.0,3,650
2.547081,72,26497.884392,medium,0.6190809968847352,2.619080996884735,2,720
3.9566,44,26514.277544,medium,1.0,4.0,3,434
2.855492,64,26539.33635,medium,0.9186915887850468,2.918691588785047,2,632
3.9458,55,26559.964472,medium,1.0,4.0,3,542
2.802131,55,26580.072229,medium,0.8569314641744549,2.8569314641744548,2,548
2.828857,72,26605.887755,medium,0.9008566978193147,2.9008566978193144,2,720
2.685028,61,26627.805043,medium,0.7460280373831776,2.7460280373831774,2,610
2.671925,72,26653.523029,medium,0.7439252336448599,2.74392523364486,2,720
2.505882,72,26679.973345,medium,0.5778816199376947,2.5778816199376946,2,720
2.768421,72,26707.083075,medium,0.8404205607476636,2.8404205607476634,2,720
2.857984,72,26735.395704,medium,0.9299844236760124,2.9299844236760126,2,720
1.543265,72,26761.344035,medium,0.6152647975077882,1.615264797507788,1,720
2.605913,62,26783.02571,medium,0.6679127725856698,2.66791277258567,2,620
2.851442,72,26809.040935,medium,0.9234423676012461,2.923442367601246,2,720
2.520134,72,26834.305451,medium,0.5921339563862928,2.592133956386293,2,720
2.70853,72,26860.997694,medium,0.7805295950155763,2.7805295950155764,2,720
2.591019,57,26882.010789,medium,0.6478193146417446,2.647819314641745,2,568
3.9451,55,26903.696723,medium,1.0,4.0,3,549
2.757673,72,26930.477498,medium,0.8296728971962617,2.8296728971962617,2,720
3.9466,54,26950.297248,medium,1.0,4.0,3,534
1.409302,59,26971.430285,medium,0.4683021806853583,1.4683021806853582,1,590
2.567212,50,26989.356341,medium,0.6172118380062306,2.617211838006231,2,500
3.9361,64,27011.914229,medium,1.0,4.0,3,639
2.741797,57,27032.73196,medium,0.7978971962616822,2.7978971962616823,2,561
3.9428,58,27053.967379,medium,1.0,4.0,3,572
2.700468,67,27078.825143,medium,0.7673676012461059,2.767367601246106,2,669
2.708216,71,27106.685116,medium,0.778816199376947,2.778816199376947,2,706
2.696389,54,27125.299575,medium,0.7503894080996885,2.7503894080996885,2,540
2.694268,65,27148.723739,medium,0.7592679127725857,2.759267912772586,2,650
2.747082,56,27168.852503,medium,0.8028816199376947,2.8028816199376947,2,558
2.530744,70,27192.930644,medium,0.5998442367601247,2.5998442367601244,2,691
2.556076,60,27213.870457,medium,0.6155763239875389,2.615576323987539,2,595
2.79747,72,27240.346249,medium,0.8694704049844236,2.8694704049844235,2,720
3.9537,47,27258.629872,medium,1.0,4.0,3,463
2.874729,72,27286.653626,medium,0.9467289719626168,2.946728971962617,2,720
3.9483,52,27305.102644,medium,1.0,4.0,3,517
3.9489,52,27323.933478,medium,1.0,4.0,3,511
3.9334,67,27347.2672,medium,1.0,4.0,3,666
1.405973,66,27371.149798,medium,0.47157320872274144,1.4715732087227416,1,656
2.865695,72,27397.516766,medium,0.9376947040498442,2.9376947040498442,2,720
2.912944,70,27423.304035,medium,0.9829439252336448,2.982943925233645,2,700
2.736804,58,27443.929872,medium,0.7947040498442368,2.7947040498442366,2,579
2.760835,66,27468.691268,medium,0.8259345794392523,2.8259345794392523,2,651
2.835555,72,27494.96451,medium,0.9075545171339564,2.9075545171339563,2,720
3.939,61,27517.121304,medium,1.0,4.0,3,610
2.638235,63,27540.48279,medium,0.7009345794392523,2.7009345794392523,2,627
2.486768,65,27564.259061,medium,0.5511682242990654,2.551168224299065,2,644
2.633685,72,27590.343206,medium,0.7056853582554518,2.705685358255452,2,720
3.9528,48,27607.264112,medium,1.0,4.0,3,472
2.786118,53,27627.996361,medium,0.8383177570093457,2.838317757009346,2,522
2.667642,72,27660.131372,medium,0.7396417445482866,2.739641744548287,2,720
2.635175,63,27683.356533,medium,0.6979750778816199,2.69797507788162,2,628
2.748501,53,27701.449405,medium,0.8007009345794392,2.800700934579439,2,522
3.947,53,27719.750978,medium,1.0,4.0,3,530
3.9378,63,27742.045928,medium,1.0,4.0,3,622
2.68719,72,27767.386425,medium,0.7591900311526479,2.759190031152648,2,720
2.624498,58,27787.305748,medium,0.6816978193146418,2.6816978193146417,2,572
3.9564,44,27802.559841,medium,1.0,4.0,3,436
0.26883,54,27821.877743,medium,0.32242990654205606,0.32242990654205606,0,536
0.355206,58,27844.720939,medium,0.413006230529595,0.413006230529595,0,578
3.9431,57,27864.613356,medium,1.0,4.0,3,569
3.9418,59,27885.308738,medium,1.0,4.0,3,582
2.563998,52,27903.346812,medium,0.6154984423676012,2.6154984423676013,2,515
3.9514,49,27921.417649,medium,1.0,4.0,3,486
1.349323,52,27940.207547,medium,0.40062305295950157,1.4006230529595016,1,513
2.792019,72,27966.360245,medium,0.8640186915887851,2.864018691588785,2,720
2.674106,72,27991.668282,medium,0.7461059190031153,2.7461059190031154,2,720
3.9404,60,28012.9108,medium,1.0,4.0,3,596
3.9458,55,28033.712565,medium,1.0,4.0,3,542
2.695373,52,28051.45228,medium,0.7465732087227415,2.7465732087227415,2,512
3.948,52,28069.435045,medium,1.0,4.0,3,520
3.9516,49,28087.10467,medium,1.0,4.0,3,484
2.831427,72,28113.055385,medium,0.9034267912772586,2.9034267912772584,2,720
2.653284,52,28131.777152,medium,0.7049844236760124,2.7049844236760126,2,517
2.825897,72,28157.668309,medium,0.8978971962616823,2.8978971962616824,2,720
3.94,60,28179.658649,medium,1.0,4.0,3,600
3.9504,50,28197.924344,medium,1.0,4.0,3,496
2.926287,72,28225.98514,medium,0.9982866043613707,2.998286604361371,2,720
3.941,59,28248.059555,medium,1.0,4.0,3,590
2.704635,64,28270.955149,medium,0.7678348909657321,2.767834890965732,2,632
3.9333,67,28295.537198,medium,1.0,4.0,3,667
2.876082,61,28317.012739,medium,0.9366822429906542,2.936682242990654,2,606
2.779657,64,28339.672729,medium,0.8427570093457943,2.842757009345794,2,631
3.9483,52,28358.355614,medium,1.0,4.0,3,517
2.594845,56,28378.58433,medium,0.6505451713395639,2.650545171339564,2,557
2.870601,72,28405.310574,medium,0.942601246105919,2.942601246105919,2,720
2.616511,59,28426.86307,medium,0.6746105919003115,2.6746105919003114,2,581
2.720523,72,28453.069139,medium,0.7925233644859813,2.792523364485981,2,720
2.770675,53,28472.162682,medium,0.8229750778816199,2.82297507788162,2,523
2.882988,58,28493.21174,medium,0.9408878504672897,2.9408878504672895,2,579
2.681819,66,28516.970032,medium,0.7478193146417446,2.7478193146417444,2,660
3.9438,57,28538.261873,medium,1.0,4.0,3,562
2.592877,57,28557.871621,medium,0.6493769470404984,2.6493769470404986,2,565
3.951,49,28577.87079,medium,1.0,4.0,3,490
3.9311,69,28603.007411,medium,1.0,4.0,3,689
2.870601,72,28627.932198,medium,0.942601246105919,2.942601246105919,2,720
3.9504,50,28646.481654,medium,1.0,4.0,3,496
2.679216,66,28670.653817,medium,0.7450155763239875,2.7450155763239876,2,658
2.660603,67,28695.422372,medium,0.7271028037383177,2.7271028037383176,2,665
3.9556,45,28712.018619,medium,1.0,4.0,3,444
2.806738,72,28738.0839,medium,0.8787383177570094,2.8787383177570094,2,720
3.9548,46,28754.983175,medium,1.0,4.0,3,452
2.651832,72,28783.453915,medium,0.7238317757009346,2.7238317757009347,2,720
3.939,61,28805.836215,medium,1.0,4.0,3,610
2.621752,68,28830.108271,medium,0.6892523364485982,2.689252336448598,2,675
2.749241,65,28854.456406,medium,0.8139408099688473,2.813940809968847,2,647
2.90004,72,28880.509252,medium,0.9720404984423676,2.9720404984423676,2,720
2.918109,72,28905.926248,medium,0.9901090342679127,2.990109034267913,2,720
2.663798,51,28924.392802,medium,0.714797507788162,2.714797507788162,2,510
3.9448,56,28944.786415,medium,1.0,4.0,3,552
3.9399,61,28969.531264,medium,1.0,4.0,3,601
2.627724,57,28990.121557,medium,0.684423676012461,2.684423676012461,2,567
2.630353,68,29014.923396,medium,0.6980529595015577,2.698052959501558,2,677
3.951,49,29032.957927,medium,1.0,4.0,3,490
2.833452,72,29059.321519,medium,0.9054517133956387,2.905451713395639,2,720
3.9281,72,29085.377877,medium,1.0,4.0,3,719
2.725508,72,29111.838895,medium,0.7975077881619937,2.797507788161994,2,720
2.594016,51,29130.564005,medium,0.6450155763239875,2.6450155763239875,2,510
2.704636,72,29158.573222,medium,0.7766355140186916,2.7766355140186914,2,720
2.915928,72,29184.748575,medium,0.9879283489096573,2.9879283489096573,2,720
2.886956,72,29211.46906,medium,0.9589563862928349,2.9589563862928348,2,720
2.821383,66,29235.44013,medium,0.8873831775700934,2.8873831775700936,2,660
2.865695,72,29260.862849,medium,0.9376947040498442,2.9376947040498442,2,720
2.878779,72,29287.615814,medium,0.950778816199377,2.950778816199377,2,720
2.823219,58,29309.319673,medium,0.8809190031152648,2.880919003115265,2,577
3.9401,60,29333.703975,medium,1.0,4.0,3,599
3.9499,51,29352.352116,medium,1.0,4.0,3,501
2.572529,67,29376.582609,medium,0.6386292834890965,2.6386292834890965,2,661
3.9411,59,29398.996443,medium,1.0,4.0,3,589
2.861801,72,29424.625821,medium,0.9338006230529595,2.9338006230529596,2,720
2.903857,72,29451.941211,medium,0.9758566978193146,2.9758566978193146,2,720
2.623233,61,29474.515806,medium,0.6833333333333333,2.6833333333333336,2,601
3.9452,55,29494.802923,medium,1.0,4.0,3,548
2.715877,59,29515.74767,medium,0.7743769470404984,2.7743769470404986,2,585
2.725508,72,29543.828653,medium,0.7975077881619937,2.797507788161994,2,720
3.9419,59,29565.544523,medium,1.0,4.0,3,581
2.835529,62,29588.544361,medium,0.8967289719626168,2.8967289719626166,2,612
2.728237,58,29609.168103,medium,0.7861370716510904,2.7861370716510905,2,579
2.718343,72,29635.80412,medium,0.7903426791277258,2.790342679127726,2,720
2.633582,62,29658.974294,medium,0.6947819314641744,2.6947819314641746,2,612
2.720764,52,29678.595245,medium,0.7726635514018692,2.772663551401869,2,519
2.520118,69,29704.368526,medium,0.5883177570093457,2.588317757009346,2,682
2.52527,61,29728.070878,medium,0.5856697819314641,2.5856697819314642,2,604
2.478543,71,29754.198951,medium,0.5491433021806854,2.5491433021806853,2,706
2.861942,70,29778.760285,medium,0.9315420560747664,2.9315420560747665,2,696
3.9355,65,29802.179702,medium,1.0,4.0,3,645
0.345913,72,29828.704232,medium,0.4179127725856698,0.4179127725856698,0,720
2.81556,55,29848.825461,medium,0.8698598130841122,2.869859813084112,2,543
0.417875,72,29875.007065,medium,0.4898753894080997,0.4898753894080997,0,720
3.9653,35,29888.791297,medium,1.0,4.0,3,347
3.9436,57,29910.870883,medium,1.0,4.0,3,564
3.9369,64,29935.00045,medium,1.0,4.0,3,631
2.739607,58,29955.267323,medium,0.7968068535825545,2.7968068535825545,2,572
3.9378,63,29978.88028,medium,1.0,4.0,3,622
2.680699,52,29998.581901,medium,0.732398753894081,2.7323987538940813,2,517
2.640036,63,30021.950409,medium,0.7023364485981308,2.702336448598131,2,623
3.9307,70,30047.12656,medium,1.0,4.0,3,693
2.861705,67,30072.362943,medium,0.9285046728971963,2.9285046728971964,2,668
2.662428,51,30092.857615,medium,0.7129283489096573,2.7129283489096574,2,505
2.625107,55,30113.183866,medium,0.6799065420560748,2.6799065420560746,2,548
1.406757,53,30131.709026,medium,0.4596573208722741,1.459657320872274,1,529
3.9357,65,30156.040808,medium,1.0,4.0,3,643
3.9431,57,30176.630778,medium,1.0,4.0,3,569
3.9327,68,30202.059532,medium,1.0,4.0,3,673
2.687657,72,30228.13742,medium,0.7596573208722741,2.7596573208722743,2,720
3.9515,49,30246.319747,medium,1.0,4.0,3,485
3.9505,50,30265.215021,medium,1.0,4.0,3,495
2.781115,72,30293.251416,medium,0.8531152647975078,2.8531152647975078,2,720
2.66962,54,30313.47602,medium,0.7235202492211839,2.723520249221184,2,539
2.788748,72,30340.85101,medium,0.8607476635514019,2.8607476635514018,2,720
3.9517,49,30359.555932,medium,1.0,4.0,3,483
3.9407,60,30382.77206,medium,1.0,4.0,3,593
3.9501,50,30401.258424,medium,1.0,4.0,3,499
2.657128,72,30427.753836,medium,0.7291277258566978,2.729127725856698,2,720
2.824677,67,30452.322633,medium,0.8912772585669781,2.891277258566978,2,666
2.770563,69,30478.744153,medium,0.8388629283489096,2.8388629283489095,2,683
2.592374,55,30499.631002,medium,0.6472741433021807,2.6472741433021807,2,549
0.358425,61,30523.266206,medium,0.41892523364485984,0.41892523364485984,0,605
2.688358,72,30549.825065,medium,0.7603582554517134,2.760358255451713,2,720
2.659841,63,30573.061059,medium,0.7227414330218068,2.722741433021807,2,629
3.9513,49,30590.949309,medium,1.0,4.0,3,487
3.9444,56,30610.777156,medium,1.0,4.0,3,556
3.9512,49,30628.745662,medium,1.0,4.0,3,488
2.755336,72,30655.043504,medium,0.8273364485981308,2.827336448598131,2,720
2.73353,72,30682.880023,medium,0.8055295950155763,2.8055295950155763,2,720
3.9301,70,30708.480561,medium,1.0,4.0,3,699
2.592798,72,30734.6034,medium,0.664797507788162,2.664797507788162,2,720
2.918031,72,30760.660688,medium,0.990031152647975,2.9900311526479753,2,720
3.9471,53,30780.289553,medium,1.0,4.0,3,529
2.757595,72,30806.924645,medium,0.829595015576324,2.829595015576324,2,720
2.59359,58,30827.51453,medium,0.6510903426791277,2.6510903426791277,2,575
2.575711,58,30848.611823,medium,0.633411214953271,2.633411214953271,2,577
2.635566,56,30870.352513,medium,0.6909657320872274,2.6909657320872276,2,554
2.774121,67,30894.865663,medium,0.8411214953271028,2.8411214953271027,2,670
2.930406,66,30919.338323,medium,0.9961059190031153,2.9961059190031154,2,657
2.77948,72,30945.156795,medium,0.8514797507788162,2.8514797507788163,2,720
2.687793,58,30966.211996,medium,0.7450934579439252,2.7450934579439252,2,573
2.674179,69,30990.8827,medium,0.7426791277258566,2.7426791277258564,2,685
2.635944,72,31017.312276,medium,0.7079439252336449,2.707943925233645,2,720
2.684502,59,31040.569055,medium,0.7433021806853582,2.743302180685358,2,588
2.640057,70,31066.08814,medium,0.7096573208722742,2.709657320872274,2,696
2.660555,72,31092.69663,medium,0.7325545171339564,2.7325545171339565,2,720
3.9475,53,31112.606684,medium,1.0,4.0,3,525
3.9423,58,31133.895555,medium,1.0,4.0,3,577
2.814704,55,31154.198548,medium,0.8697040498442368,2.8697040498442368,2,550
2.69529,56,31173.990732,medium,0.7510903426791278,2.7510903426791278,2,558
3.9424,58,31194.959927,medium,1.0,4.0,3,576
3.9359,65,31218.83597,medium,1.0,4.0,3,641
3.9365,64,31244.167877,medium,1.0,4.0,3,635
2.723729,65,31268.803853,medium,0.7886292834890966,2.7886292834890964,2,649
2.658202,52,31288.30841,medium,0.7095015576323987,2.709501557632399,2,513
3.9398,61,31310.697552,medium,1.0,4.0,3,602
2.602349,51,31328.739366,medium,0.6533489096573208,2.653348909657321,2,510
2.819931,62,31351.82189,medium,0.8819314641744548,2.8819314641744547,2,620
2.606662,57,31372.899932,medium,0.6631619937694704,2.6631619937694704,2,565
2.871176,61,31394.089509,medium,0.9317757009345794,2.9317757009345793,2,606
2.831427,72,31422.065551,medium,0.9034267912772586,2.9034267912772584,2,720
2.592221,66,31446.167442,medium,0.6573208722741433,2.657320872274143,2,651
3.9483,52,31465.166461,medium,1.0,4.0,3,517
2.655648,72,31492.143747,medium,0.7276479750778816,2.7276479750778817,2,720
2.833727,70,31517.501351,medium,0.9034267912772586,2.9034267912772584,2,697
3.9365,64,31541.175678,medium,1.0,4.0,3,635
2.655102,55,31561.612497,medium,0.7095015576323987,2.709501557632399,2,544
3.9436,57,31582.936177,medium,1.0,4.0,3,564
1.364779,53,31602.235317,medium,0.4176791277258567,1.4176791277258567,1,529
2.790809,58,31625.128716,medium,0.848208722741433,2.848208722741433,2,574
2.884776,72,31651.565139,medium,0.9567757009345794,2.956775700934579,2,720
2.73205,72,31677.224019,medium,0.8040498442367601,2.80404984423676,2,720
3.9425,58,31697.792724,medium,1.0,4.0,3,575
3.9396,61,31719.839082,medium,1.0,4.0,3,604
3.9332,67,31744.82585,medium,1.0,4.0,3,668
3.9379,63,31768.276383,medium,1.0,4.0,3,621
0.376053,72,31793.897969,medium,0.44805295950155766,0.44805295950155766,0,720
3.9468,54,31815.272519,medium,1.0,4.0,3,532
3.9324,68,31840.228669,medium,1.0,4.0,3,676
2.927483,68,31864.07543,medium,0.9954828660436137,2.9954828660436137,2,680
2.72387,54,31884.211846,medium,0.7775700934579439,2.777570093457944,2,537
2.684947,67,31908.376631,medium,0.7519470404984424,2.7519470404984423,2,670
3.9455,55,31928.602132,medium,1.0,4.0,3,545
2.739597,59,31950.182439,medium,0.7978971962616822,2.7978971962616823,2,583
2.691007,64,31973.01395,medium,0.7549065420560748,2.7549065420560748,2,639
2.872513,63,31997.511204,medium,0.9348130841121496,2.9348130841121494,2,623
3.9524,48,32015.119791,medium,1.0,4.0,3,476
2.850819,72,32040.233922,medium,0.9228193146417446,2.9228193146417447,2,720
2.885336,51,32059.285336,medium,0.9354361370716511,2.935436137071651,2,501
2.877143,72,32086.803288,medium,0.9491433021806853,2.949143302180685,2,720
3.9424,58,32107.686735,medium,1.0,4.0,3,576
3.95,50,32124.984604,medium,1.0,4.0,3,500
2.628488,55,32145.232137,medium,0.6827881619937695,2.6827881619937695,2,543
3.9436,57,32166.196056,medium,1.0,4.0,3,564
3.9469,54,32188.325734,medium,1.0,4.0,3,531
2.86796,60,32210.406469,medium,0.9279595015576324,2.9279595015576323,2,600
3.9467,54,32230.60849,medium,1.0,4.0,3,533
3.9484,52,32249.443647,medium,1.0,4.0,3,516
2.493978,57,32270.472754,medium,0.5500778816199376,2.550077881619938,2,561
2.652588,56,32290.789844,medium,0.7077881619937695,2.7077881619937694,2,552
3.948,52,32309.421498,medium,1.0,4.0,3,520
2.780947,55,32329.857084,medium,0.8350467289719626,2.8350467289719625,2,541
2.717748,60,32351.925986,medium,0.7776479750778816,2.7776479750778815,2,599
3.9526,48,32370.912213,medium,1.0,4.0,3,474
3.9439,57,32391.433666,medium,1.0,4.0,3,561
2.635059,51,32410.525604,medium,0.6860591900311527,2.686059190031153,2,510
2.663202,72,32436.523375,medium,0.735202492211838,2.735202492211838,2,720
2.726131,72,32463.057978,medium,0.7981308411214953,2.7981308411214956,2,720
2.551583,52,32482.197812,medium,0.6035825545171339,2.603582554517134,2,520
2.649135,52,32500.777099,medium,0.7009345794392523,2.7009345794392523,2,518
2.495994,58,32521.910987,medium,0.5538940809968848,2.553894080996885,2,579
3.9453,55,32541.889897,medium,1.0,4.0,3,547
3.9335,67,32568.314939,medium,1.0,4.0,3,665
2.739682,72,32595.535718,medium,0.8116822429906542,2.811682242990654,2,720
2.490923,60,32617.719728,medium,0.5506230529595015,2.5506230529595015,2,597
3.9486,52,32636.960881,medium,1.0,4.0,3,514
2.52896,58,32658.339935,medium,0.5867601246105919,2.586760124610592,2,578
2.73205,72,32684.362365,medium,0.8040498442367601,2.80404984423676,2,720
3.9484,52,32703.732593,medium,1.0,4.0,3,516
0.292927,53,32722.528511,medium,0.3453271028037383,0.3453271028037383,0,524
3.9539,47,32741.570945,medium,1.0,4.0,3,461
2.642098,65,32765.471478,medium,0.7066978193146417,2.7066978193146416,2,646
2.639835,62,32788.355721,medium,0.7009345794392523,2.7009345794392523,2,611
1.381337,55,32808.811933,medium,0.43613707165109034,1.4361370716510904,1,548
2.870056,72,32835.331987,medium,0.9420560747663551,2.942056074766355,2,720
2.652293,59,32857.236913,medium,0.7112928348909657,2.7112928348909655,2,590
3.9339,67,32881.510322,medium,1.0,4.0,3,661
2.926164,72,32907.115207,medium,0.9976635514018691,2.9976635514018692,2,715
2.86014,54,32927.225011,medium,0.9132398753894081,2.913239875389408,2,531
2.779821,62,32951.168649,medium,0.8411214953271028,2.8411214953271027,2,613
3.9562,44,32967.33077,medium,1.0,4.0,3,438
2.790756,69,32993.413345,medium,0.8589563862928349,2.858956386292835,2,682
2.592798,72,33020.726993,medium,0.664797507788162,2.664797507788162,2,720
2.792486,72,33047.088409,medium,0.8644859813084113,2.864485981308411,2,720
2.874444,67,33071.288009,medium,0.9410436137071652,2.941043613707165,2,666
2.638748,72,33097.292629,medium,0.7107476635514018,2.710747663551402,2,720
2.70462,61,33121.538466,medium,0.7647196261682243,2.7647196261682243,2,601
2.825297,64,33145.615044,medium,0.8890965732087227,2.8890965732087226,2,638
3.9475,53,33165.518349,medium,1.0,4.0,3,525
3.9343,66,33189.564809,medium,1.0,4.0,3,657
2.689889,69,33214.41906,medium,0.7584890965732087,2.758489096573209,2,686
2.831427,72,33240.001537,medium,0.9034267912772586,2.9034267912772584,2,720
2.727688,72,33266.229505,medium,0.7996884735202492,2.7996884735202494,2,720
3.9435,57,33287.360476,medium,1.0,4.0,3,565
3.9404,60,33311.247091,medium,1.0,4.0,3,596
2.865695,72,33337.153362,medium,0.9376947040498442,2.9376947040498442,2,720
3.94,60,33359.473135,medium,1.0,4.0,3,600
2.630497,51,33378.843809,medium,0.6809968847352025,2.6809968847352024,2,505
2.659424,59,33400.059874,medium,0.7182242990654205,2.7182242990654206,2,588
2.828701,72,33426.341576,medium,0.9007009345794392,2.9007009345794392,2,720
2.595897,52,33445.940443,medium,0.6478971962616823,2.6478971962616824,2,520
3.9525,48,33463.366259,medium,1.0,4.0,3,475
2.452155,57,33483.931904,medium,0.5082554517133956,2.5082554517133957,2,561
0.277372,69,33510.989685,medium,0.3458722741433022,0.3458722741433022,0,685
2.773483,72,33537.837502,medium,0.8454828660436137,2.845482866043614,2,720
3.9473,53,33556.625845,medium,1.0,4.0,3,527
2.575257,60,33578.874831,medium,0.6346573208722741,2.6346573208722743,2,594
3.9514,49,33595.908513,medium,1.0,4.0,3,486
2.662643,70,33621.838695,medium,0.7322429906542056,2.7322429906542056,2,696
1.444316,51,33640.551692,medium,0.4950155763239875,1.4950155763239876,1,507
2.841006,72,33667.539057,medium,0.9130062305295951,2.913006230529595,2,720
3.9527,48,33685.531252,medium,1.0,4.0,3,473
2.89985,72,33714.783934,medium,0.9709501557632398,2.97095015576324,2,711
3.9392,61,33737.050426,medium,1.0,4.0,3,608
2.503165,54,33756.460212,medium,0.5571651090342679,2.5571651090342677,2,540
3.9443,56,33777.130661,medium,1.0,4.0,3,557
2.838748,56,33798.767874,medium,0.8945482866043614,2.8945482866043615,2,558
2.699923,59,33819.935035,medium,0.7587227414330218,2.7587227414330218,2,588
2.669344,64,33843.407701,medium,0.7329439252336448,2.732943925233645,2,636
2.583674,56,33862.985194,medium,0.6391744548286604,2.6391744548286606,2,555
2.703842,70,33890.490407,medium,0.7734423676012461,2.773442367601246,2,696
2.674964,57,33912.230671,medium,0.7314641744548287,2.7314641744548287,2,565
3.9401,60,33933.420526,medium,1.0,4.0,3,599
3.9458,55,33953.34321,medium,1.0,4.0,3,542
3.9425,58,33974.696934,medium,1.0,4.0,3,575
2.759854,72,34001.385131,medium,0.8318535825545171,2.8318535825545172,2,720
3.9405,60,34023.201897,medium,1.0,4.0,3,595
2.790657,69,34049.287484,medium,0.8596573208722741,2.859657320872274,2,690
2.659592,51,34070.071603,medium,0.7105919003115265,2.7105919003115266,2,510
2.798531,59,34092.423441,medium,0.8569314641744549,2.8569314641744548,2,584
2.750586,72,34119.021365,medium,0.8225856697819315,2.8225856697819314,2,720
3.947,53,34138.771995,medium,1.0,4.0,3,530
0.347644,53,34158.889647,medium,0.3998442367601246,0.3998442367601246,0,522
2.701051,54,34178.416414,medium,0.7547507788161993,2.7547507788161996,2,537
2.837051,60,34200.144853,medium,0.8966510903426791,2.896651090342679,2,596
2.551245,50,34219.152196,medium,0.6005451713395639,2.6005451713395638,2,493
3.9514,49,34236.600354,medium,1.0,4.0,3,486
1.391812,51,34254.958832,medium,0.44221183800623054,1.4422118380062305,1,504
2.647635,54,34276.218567,medium,0.7009345794392523,2.7009345794392523,2,533
3.9472,53,34295.068384,medium,1.0,4.0,3,528
2.662221,62,34317.339307,medium,0.7242211838006231,2.724221183800623,2,620
2.876053,72,34344.336542,medium,0.9480529595015577,2.948052959501558,2,720
3.9398,61,34366.670407,medium,1.0,4.0,3,602
2.841827,62,34388.872643,medium,0.9034267912772586,2.9034267912772584,2,616
0.332748,53,34408.325011,medium,0.3857476635514019,0.3857476635514019,0,530
2.530189,62,34432.451543,medium,0.591588785046729,2.5915887850467287,2,614
2.596478,54,34453.406387,medium,0.6500778816199377,2.6500778816199375,2,536
2.797993,64,34476.154242,medium,0.8612928348909658,2.861292834890966,2,633
2.719433,72,34503.24481,medium,0.7914330218068536,2.7914330218068537,2,720
2.530534,62,34526.20485,medium,0.5921339563862928,2.592133956386293,2,616
3.9509,50,34544.97734,medium,1.0,4.0,3,491
3.9504,50,34563.510809,medium,1.0,4.0,3,496
2.670913,72,34589.792979,medium,0.7429127725856698,2.7429127725856697,2,720
3.9496,51,34608.973333,medium,1.0,4.0,3,504
2.748298,67,34632.664634,medium,0.814797507788162,2.814797507788162,2,665
2.769121,72,34661.320555,medium,0.8411214953271028,2.8411214953271027,2,720
2.653312,72,34688.233058,medium,0.7253115264797507,2.725311526479751,2,720
2.870601,72,34714.687256,medium,0.942601246105919,2.942601246105919,2,720
3.932,68,34739.77831,medium,1.0,4.0,3,680
3.9551,45,34756.209635,medium,1.0,4.0,3,449
3.9327,68,34781.466783,medium,1.0,4.0,3,673
2.526104,61,34803.834146,medium,0.5866043613707165,2.5866043613707164,2,605
2.690539,72,34832.727043,medium,0.7625389408099689,2.7625389408099688,2,720
3.9367,64,34856.253893,medium,1.0,4.0,3,633
3.9476,53,34876.686446,medium,1.0,4.0,3,524
3.9352,65,34901.694345,medium,1.0,4.0,3,648
3.9409,60,34923.549493,medium,1.0,4.0,3,591
2.865695,72,34949.915074,medium,0.9376947040498442,2.9376947040498442,2,720
2.800763,55,34969.842119,medium,0.8557632398753894,2.8557632398753894,2,550
2.647533,52,34988.568268,medium,0.6995327102803738,2.6995327102803737,2,520
2.866095,72,35015.410427,medium,0.9376947040498442,2.9376947040498442,2,716
2.842139,71,35043.465961,medium,0.9125389408099689,2.912538940809969,2,704
2.656583,72,35070.184489,medium,0.7285825545171339,2.728582554517134,2,720
3.9381,62,35093.477962,medium,1.0,4.0,3,619
2.598317,57,35113.934324,medium,0.6545171339563863,2.654517133956386,2,562
3.9506,50,35132.049598,medium,1.0,4.0,3,494
2.630414,72,35158.31139,medium,0.7024143302180685,2.7024143302180685,2,720
2.663351,59,35180.385436,medium,0.7216510903426792,2.721651090342679,2,583
2.707439,72,35207.416685,medium,0.7794392523364486,2.7794392523364486,2,720
3.9358,65,35234.270616,medium,1.0,4.0,3,642
3.939,61,35255.878692,medium,1.0,4.0,3,610
2.834931,72,35282.185561,medium,0.9069314641744548,2.9069314641744546,2,720
2.548561,72,35308.799416,medium,0.6205607476635514,2.6205607476635513,2,720
3.9511,49,35326.351669,medium,1.0,4.0,3,489
2.730217,66,35350.707026,medium,0.7957165109034268,2.7957165109034268,2,655
3.948,52,35369.765232,medium,1.0,4.0,3,520
2.833416,71,35396.357769,medium,0.903816199376947,2.903816199376947,2,704
2.888863,50,35416.190581,medium,0.9388629283489096,2.9388629283489096,2,500
2.805731,51,35435.289926,medium,0.8562305295950156,2.8562305295950154,2,505
3.9359,65,35460.016652,medium,1.0,4.0,3,641
3.9547,46,35476.736043,medium,1.0,4.0,3,453
2.821522,54,35495.841259,medium,0.8749221183800623,2.8749221183800624,2,534
3.957,43,35512.245162,medium,1.0,4.0,3,430
2.755318,58,35534.460962,medium,0.8133177570093458,2.813317757009346,2,580
2.901131,72,35561.029522,medium,0.9731308411214953,2.9731308411214954,2,720
3.9309,70,35588.142043,medium,1.0,4.0,3,691
3.9466,54,35609.996225,medium,1.0,4.0,3,534
3.949,51,35629.34052,medium,1.0,4.0,3,510
2.645428,68,35654.339622,medium,0.7129283489096573,2.7129283489096574,2,675
2.666138,63,35676.239534,medium,0.7287383177570094,2.7287383177570095,2,626
3.9427,58,35698.045413,medium,1.0,4.0,3,573
2.691613,69,35724.211544,medium,0.7598130841121495,2.7598130841121495,2,682
0.348241,50,35742.391392,medium,0.39774143302180687,0.39774143302180687,0,495
2.846692,72,35769.782924,medium,0.9186915887850468,2.918691588785047,2,720
2.679179,56,35792.423529,medium,0.7345794392523365,2.7345794392523364,2,554
3.9547,46,35809.522867,medium,1.0,4.0,3,453
2.750694,71,35835.604038,medium,0.8207943925233645,2.8207943925233643,2,701
3.9384,62,35857.890304,medium,1.0,4.0,3,616
2.659308,72,35884.421169,medium,0.7313084112149533,2.731308411214953,2,720
2.656193,72,35910.562311,medium,0.7281931464174455,2.7281931464174454,2,720
3.9361,64,35934.346603,medium,1.0,4.0,3,639
3.9383,62,35957.671759,medium,1.0,4.0,3,617
2.831427,72,35986.103993,medium,0.9034267912772586,2.9034267912772584,2,720
2.836958,57,36006.977812,medium,0.8934579439252337,2.8934579439252337,2,565
2.446093,58,36027.575266,medium,0.5031931464174455,2.5031931464174457,2,571
2.661395,61,36050.997063,medium,0.7214953271028037,2.7214953271028035,2,601
2.605336,72,36077.67271,medium,0.6773364485981308,2.6773364485981306,2,720
2.883673,71,36104.455153,medium,0.9546728971962617,2.9546728971962617,2,710
2.880497,68,36129.808485,medium,0.9478971962616822,2.9478971962616822,2,674
3.9335,67,36154.371846,medium,1.0,4.0,3,665
2.865695,72,36182.451619,medium,0.9376947040498442,2.9376947040498442,2,720
2.924573,72,36208.826176,medium,0.9965732087227415,2.9965732087227415,2,720
2.694361,60,36231.061802,medium,0.7543613707165109,2.754361370716511,2,600
3.9346,66,36255.907854,medium,1.0,4.0,3,654
2.920212,72,36282.916555,medium,0.9922118380062306,2.992211838006231,2,720
2.578036,66,36306.502452,medium,0.6435358255451713,2.6435358255451713,2,655
2.606401,53,36326.216539,medium,0.6588006230529595,2.6588006230529597,2,524
2.890773,72,36352.552935,medium,0.962772585669782,2.962772585669782,2,720
2.831193,72,36380.753145,medium,0.9031931464174455,2.9031931464174456,2,720
2.792412,58,36401.864371,medium,0.8503115264797507,2.850311526479751,2,579
3.9357,65,36425.797526,medium,1.0,4.0,3,643
3.9494,51,36444.68083,medium,1.0,4.0,3,506
3.9291,71,36470.62378,medium,1.0,4.0,3,709
2.486604,50,36489.870713,medium,0.5366043613707165,2.5366043613707165,2,500
2.831427,72,36516.413575,medium,0.9034267912772586,2.9034267912772584,2,720
2.486232,72,36542.809559,medium,0.557632398753894,2.557632398753894,2,714
3.9349,66,36569.333267,medium,1.0,4.0,3,651
2.867875,72,36596.645942,medium,0.9398753894080997,2.9398753894081,2,720
3.9533,47,36614.132771,medium,1.0,4.0,3,467
2.865695,72,36640.982587,medium,0.9376947040498442,2.9376947040498442,2,720
2.793728,53,36659.78332,medium,0.8460280373831776,2.8460280373831774,2,523
2.703384,60,36681.619773,medium,0.7630841121495328,2.763084112149533,2,597
3.9466,54,36701.658768,medium,1.0,4.0,3,534
3.9368,64,36724.655394,medium,1.0,4.0,3,632
2.546122,54,36746.636678,medium,0.5999221183800623,2.5999221183800625,2,538
3.9408,60,36768.320269,medium,1.0,4.0,3,592
2.626882,51,36786.734913,medium,0.6778816199376947,2.6778816199376947,2,510
2.65216,52,36805.217683,medium,0.7036604361370716,2.7036604361370715,2,515
1.415928,72,36830.080459,medium,0.4879283489096573,1.4879283489096573,1,720
2.640782,71,36855.047132,medium,0.7116822429906542,2.711682242990654,2,709
3.9515,49,36871.695957,medium,1.0,4.0,3,485
1.358172,54,36890.799211,medium,0.41207165109034266,1.4120716510903426,1,539
3.9354,65,36914.635356,medium,1.0,4.0,3,646
