#{"t_start": 1778956386.3622274, "env_id": "None"}
r,l,t,profile,damage_pct,score,stars,ticks_elapsed
1.461798,54,18.823339,medium,0.5154984423676012,1.5154984423676012,1,537
1.43808,64,40.276516,medium,0.5014797507788162,1.5014797507788162,1,634
1.55259,65,62.407767,medium,0.6172897196261682,1.6172897196261682,1,647
2.503531,70,85.839036,medium,0.5731308411214954,2.5731308411214955,2,696
1.446376,61,105.711575,medium,0.5067757009345795,1.5067757009345795,1,604
0.345368,72,129.261608,medium,0.41736760124610595,0.41736760124610595,0,720
0.317642,72,152.305625,medium,0.3896417445482866,0.3896417445482866,0,720
1.44318,59,174.163241,medium,0.5014797507788162,1.5014797507788162,1,583
0.41367,72,197.813756,medium,0.48566978193146415,0.48566978193146415,0,720
0.281569,62,218.000564,medium,0.3430685358255452,0.3430685358255452,0,615
0.313105,58,237.147301,medium,0.37040498442367603,0.37040498442367603,0,573
0.348113,70,260.590241,medium,0.4179127725856698,0.4179127725856698,0,698
0.426676,72,284.364017,medium,0.4986760124610592,0.4986760124610592,0,720
2.584117,71,307.504398,medium,0.6545171339563863,2.654517133956386,2,704
1.858374,72,331.491123,medium,0.930373831775701,1.930373831775701,1,720
0.308653,65,355.609483,medium,0.37305295950155765,0.37305295950155765,0,644
1.472472,65,377.582098,medium,0.5370716510903427,1.5370716510903426,1,646
2.615695,72,401.540306,medium,0.6876947040498442,2.6876947040498442,2,720
0.443009,56,420.035975,medium,0.498208722741433,0.498208722741433,0,552
1.614119,67,442.597893,medium,0.6809190031152648,1.6809190031152648,1,668
0.357532,59,462.044754,medium,0.41573208722741434,0.41573208722741434,0,582
2.626598,72,485.746878,medium,0.6985981308411215,2.6985981308411215,2,720
0.229923,54,503.785291,medium,0.2837227414330218,0.2837227414330218,0,538
2.629168,72,529.864334,medium,0.7011682242990654,2.7011682242990656,2,720
1.579402,72,553.684792,medium,0.6514018691588785,1.6514018691588785,1,720
0.408763,72,577.748748,medium,0.4807632398753894,0.4807632398753894,0,720
0.399475,57,596.295875,medium,0.45607476635514016,0.45607476635514016,0,566
2.679636,72,619.88319,medium,0.7516355140186916,2.7516355140186914,2,720
0.205035,63,640.177396,medium,0.2678348909657321,0.2678348909657321,0,628
0.417937,61,660.999433,medium,0.4780373831775701,0.4780373831775701,0,601
1.537034,72,685.095191,medium,0.6090342679127726,1.6090342679127727,1,720
0.259668,58,706.248908,medium,0.3173676012461059,0.3173676012461059,0,577
0.107126,54,723.949956,medium,0.16082554517133957,0.16082554517133957,0,537
2.718951,61,744.293299,medium,0.7797507788161994,2.7797507788161995,2,608
0.226201,58,763.520768,medium,0.2838006230529595,0.2838006230529595,0,576
2.529654,70,786.268753,medium,0.5987538940809969,2.598753894080997,2,691
0.218265,72,809.931123,medium,0.29026479750778816,0.29026479750778816,0,720
2.669428,69,833.178311,medium,0.7379283489096573,2.7379283489096573,2,685
2.6009,58,852.900942,medium,0.6580996884735203,2.6580996884735204,2,572
1.51259,64,876.887723,medium,0.5760903426791277,1.5760903426791277,1,635
0.12329,53,894.624072,medium,0.17609034267912774,0.17609034267912774,0,528
2.806738,72,918.869644,medium,0.8787383177570094,2.8787383177570094,2,720
2.729556,71,943.210787,medium,0.8001557632398754,2.8001557632398755,2,706
1.660399,72,966.101654,medium,0.732398753894081,1.732398753894081,1,720
0.407673,72,989.121162,medium,0.47967289719626166,0.47967289719626166,0,720
2.749262,72,1013.067255,medium,0.8212616822429907,2.821261682242991,2,720
2.605804,72,1038.895396,medium,0.677803738317757,2.677803738317757,2,720
0.22506,54,1056.786747,medium,0.27866043613707164,0.27866043613707164,0,536
1.533763,72,1081.014428,medium,0.6057632398753894,1.6057632398753894,1,720
0.422544,61,1101.630726,medium,0.4829439252336449,0.4829439252336449,0,604
2.807128,72,1126.041263,medium,0.8791277258566979,2.879127725856698,2,720
0.341941,72,1150.208357,medium,0.41394080996884736,0.41394080996884736,0,720
2.791474,72,1174.188059,medium,0.8634735202492212,2.8634735202492214,2,720
2.690928,72,1198.712303,medium,0.7629283489096573,2.762928348909657,2,720
0.281369,54,1219.047204,medium,0.3349688473520249,0.3349688473520249,0,536
0.319199,72,1243.682634,medium,0.3911993769470405,0.3911993769470405,0,720
0.377936,66,1266.476897,medium,0.44353582554517135,0.44353582554517135,0,656
1.535944,72,1290.738768,medium,0.6079439252336448,1.607943925233645,1,720
2.464296,58,1310.34814,medium,0.522196261682243,2.522196261682243,2,579
0.170679,72,1334.281309,medium,0.2426791277258567,0.2426791277258567,0,720
3.9381,62,1354.962462,medium,1.0,4.0,3,619
0.398076,59,1375.501058,medium,0.4567757009345794,0.4567757009345794,0,587
0.417281,60,1397.058059,medium,0.4771806853582555,0.4771806853582555,0,599
0.343187,72,1421.28701,medium,0.41518691588785045,0.41518691588785045,0,720
0.37733,62,1442.090603,medium,0.43933021806853584,0.43933021806853584,0,620
2.709175,72,1466.098383,medium,0.7810747663551402,2.78107476635514,2,719
1.504004,66,1487.74144,medium,0.5697040498442367,1.5697040498442367,1,657
2.836342,71,1510.751582,medium,0.9065420560747663,2.906542056074766,2,702
1.538981,72,1534.424323,medium,0.610981308411215,1.610981308411215,1,720
2.852533,72,1558.389117,medium,0.9245327102803739,2.9245327102803738,2,720
0.423934,61,1577.755904,medium,0.4840342679127726,0.4840342679127726,0,601
1.515807,65,1599.890649,medium,0.580607476635514,1.580607476635514,1,648
2.921847,72,1624.056882,medium,0.9938473520249221,2.9938473520249222,2,720
0.25954,63,1645.019073,medium,0.3220404984423676,0.3220404984423676,0,625
0.238903,72,1668.9721,medium,0.31090342679127725,0.31090342679127725,0,720
0.366962,64,1690.472272,medium,0.43006230529595013,0.43006230529595013,0,631
0.272401,71,1714.741022,medium,0.342601246105919,0.342601246105919,0,702
2.692174,72,1741.004494,medium,0.7641744548286604,2.7641744548286606,2,720
2.818732,72,1765.880083,medium,0.8907320872274144,2.8907320872274145,2,720
1.503545,72,1790.482171,medium,0.5755451713395638,1.5755451713395638,1,720
2.872782,72,1815.01375,medium,0.9447819314641744,2.9447819314641746,2,720
1.505336,72,1839.391467,medium,0.5773364485981308,1.577336448598131,1,720
0.240175,66,1861.093198,medium,0.3060747663551402,0.3060747663551402,0,659
0.369177,56,1880.435336,medium,0.42437694704049844,0.42437694704049844,0,552
0.337518,60,1902.697047,medium,0.3971183800623053,0.3971183800623053,0,596
2.606193,72,1926.3585,medium,0.6781931464174454,2.6781931464174455,2,720
2.430336,72,1951.276564,medium,0.5023364485981309,2.5023364485981308,2,720
0.413321,61,1972.014426,medium,0.47422118380062306,0.47422118380062306,0,609
1.481586,58,1992.515751,medium,0.5394859813084112,1.5394859813084112,1,579
2.574493,54,2010.900956,medium,0.6281931464174455,2.6281931464174457,2,537
0.240539,72,2034.604553,medium,0.31253894080996886,0.31253894080996886,0,720
1.585321,72,2059.241153,medium,0.6573208722741433,1.6573208722741433,1,720
2.807093,72,2086.161354,medium,0.8781931464174455,2.8781931464174457,2,711
2.653234,72,2109.280759,medium,0.7252336448598131,2.725233644859813,2,720
2.648869,70,2133.775066,medium,0.7187694704049844,2.7187694704049843,2,699
1.569433,72,2157.822187,medium,0.6414330218068536,1.6414330218068536,1,720
0.372582,56,2175.799012,medium,0.4278816199376947,0.4278816199376947,0,553
0.256113,62,2197.282746,medium,0.3179127725856698,0.3179127725856698,0,618
0.18148,62,2217.957377,medium,0.24338006230529596,0.24338006230529596,0,619
0.348536,62,2239.447466,medium,0.4104361370716511,0.4104361370716511,0,619
1.486574,69,2266.163044,medium,0.555373831775701,1.555373831775701,1,688
2.445619,61,2287.606749,medium,0.5059190031152648,2.505919003115265,2,603
0.189012,62,2309.11753,medium,0.2503115264797508,0.2503115264797508,0,613
1.501219,72,2333.585602,medium,0.5728193146417445,1.5728193146417446,1,716
0.354466,54,2351.694204,medium,0.40786604361370715,0.40786604361370715,0,534
3.9289,72,2375.687314,medium,1.0,4.0,3,711
0.38096,72,2401.383057,medium,0.45295950155763237,0.45295950155763237,0,720
2.835564,63,2423.655915,medium,0.8983644859813084,2.8983644859813085,2,628
2.633239,72,2449.495862,medium,0.7044392523364486,2.7044392523364484,2,712
2.554168,72,2474.289082,medium,0.6261682242990654,2.6261682242990654,2,720
2.874495,72,2499.124067,medium,0.9464953271028037,2.9464953271028036,2,720
0.323794,72,2523.314148,medium,0.3957943925233645,0.3957943925233645,0,720
0.279869,72,2546.639461,medium,0.3518691588785047,0.3518691588785047,0,720
2.74463,61,2567.906689,medium,0.8055295950155763,2.8055295950155763,2,609
2.572003,72,2592.462176,medium,0.6440031152647975,2.6440031152647974,2,720
2.818654,72,2619.31605,medium,0.8906542056074767,2.8906542056074764,2,720
0.215106,65,2641.228927,medium,0.27920560747663553,0.27920560747663553,0,641
0.372357,54,2659.533139,medium,0.4258566978193146,0.4258566978193146,0,535
2.664371,72,2684.498163,medium,0.7363707165109035,2.7363707165109035,2,720
0.403553,62,2705.304534,medium,0.4649532710280374,0.4649532710280374,0,614
1.453845,64,2726.515745,medium,0.5174454828660436,1.5174454828660435,1,636
0.422563,59,2746.748936,medium,0.4807632398753894,0.4807632398753894,0,582
2.549666,59,2766.837436,medium,0.6078660436137072,2.6078660436137073,2,582
2.553525,66,2792.057008,medium,0.6189252336448599,2.61892523364486,2,654
2.708304,70,2815.663531,medium,0.777803738317757,2.7778037383177567,2,695
2.557829,72,2840.385358,medium,0.6298286604361371,2.629828660436137,2,720
2.531816,72,2864.386935,medium,0.6038161993769471,2.603816199376947,2,720
2.728623,72,2888.540882,medium,0.8006230529595015,2.8006230529595015,2,720
2.48096,72,2913.286287,medium,0.5529595015576324,2.5529595015576323,2,720
1.494536,66,2935.918965,medium,0.5604361370716511,1.560436137071651,1,659
2.709143,65,2960.646067,medium,0.7741433021806854,2.7741433021806854,2,650
2.669822,72,2984.887269,medium,0.741822429906542,2.741822429906542,2,720
2.773321,59,3004.622052,medium,0.8323208722741433,2.8323208722741433,2,590
0.34034,57,3024.167483,medium,0.3970404984423676,0.3970404984423676,0,567
2.742019,72,3048.367178,medium,0.814018691588785,2.8140186915887853,2,720
0.375288,58,3068.361871,medium,0.43278816199376946,0.43278816199376946,0,575
0.338981,72,3092.887811,medium,0.41098130841121494,0.41098130841121494,0,720
2.681802,62,3114.205339,medium,0.7433021806853582,2.743302180685358,2,615
1.581126,56,3135.326421,medium,0.6365264797507788,1.6365264797507788,1,554
0.230414,72,3160.373775,medium,0.3024143302180685,0.3024143302180685,0,720
2.813658,63,3181.77028,medium,0.8765576323987538,2.876557632398754,2,629
1.505181,72,3206.615071,medium,0.5771806853582554,1.5771806853582553,1,720
1.436956,72,3231.406324,medium,0.5089563862928349,1.508956386292835,1,720
0.380614,72,3255.399664,medium,0.45241433021806854,0.45241433021806854,0,718
2.836333,72,3279.986435,medium,0.9083333333333333,2.908333333333333,2,720
1.517642,72,3304.19633,medium,0.5896417445482866,1.5896417445482864,1,720
2.489879,61,3326.306655,medium,0.550778816199377,2.5507788161993767,2,609
2.836227,68,3349.758293,medium,0.9034267912772586,2.9034267912772584,2,672
2.880882,72,3375.356858,medium,0.9528816199376947,2.9528816199376946,2,720
2.708218,72,3400.388996,medium,0.7802180685358255,2.7802180685358255,2,720
2.61114,61,3419.912647,medium,0.6713395638629284,2.6713395638629285,2,602
2.718265,72,3444.581051,medium,0.7902647975077881,2.7902647975077883,2,720
2.92029,72,3469.410655,medium,0.9922897196261682,2.992289719626168,2,720
2.834542,72,3496.926466,medium,0.9065420560747663,2.906542056074766,2,720
2.739463,67,3519.479499,medium,0.8057632398753894,2.8057632398753896,2,663
2.773647,71,3543.607017,medium,0.8438473520249221,2.8438473520249223,2,702
2.682751,72,3569.360493,medium,0.7547507788161993,2.7547507788161996,2,720
2.628198,71,3593.35224,medium,0.6985981308411215,2.6985981308411215,2,704
0.275179,59,3613.896364,medium,0.3338785046728972,0.3338785046728972,0,587
2.728975,69,3637.68105,medium,0.7979750778816199,2.79797507788162,2,690
0.198392,55,3656.745481,medium,0.25249221183800624,0.25249221183800624,0,541
0.42473,65,3681.334272,medium,0.4893302180685358,0.4893302180685358,0,646
0.266298,66,3703.914095,medium,0.33169781931464176,0.33169781931464176,0,654
2.869511,72,3727.230256,medium,0.9415109034267912,2.9415109034267912,2,720
1.471769,72,3751.260249,medium,0.5437694704049845,1.5437694704049845,1,720
1.490461,64,3771.57216,medium,0.5543613707165109,1.554361370716511,1,639
0.23457,60,3791.444342,medium,0.2944704049844237,0.2944704049844237,0,599
1.495162,68,3814.576752,medium,0.5631619937694704,1.5631619937694703,1,680
2.61881,72,3840.493879,medium,0.690809968847352,2.690809968847352,2,720
2.586801,72,3864.489635,medium,0.6588006230529595,2.6588006230529597,2,720
1.442489,58,3884.269976,medium,0.5003894080996885,1.5003894080996885,1,579
2.626442,72,3907.329837,medium,0.6984423676012461,2.6984423676012463,2,720
2.712346,72,3931.401544,medium,0.7843457943925234,2.7843457943925234,2,720
2.787224,65,3953.346827,medium,0.8513239875389408,2.8513239875389407,2,641
1.56585,72,3976.974495,medium,0.6378504672897196,1.6378504672897196,1,720
2.624885,72,3999.656775,medium,0.6968847352024922,2.696884735202492,2,720
2.683452,72,4025.168148,medium,0.7554517133956387,2.7554517133956384,2,720
0.373824,61,4045.946882,medium,0.43442367601246107,0.43442367601246107,0,606
1.4699,72,4070.955298,medium,0.5419003115264798,1.5419003115264798,1,720
2.534521,57,4090.113144,medium,0.5911214953271028,2.5911214953271027,2,566
2.617191,60,4110.062913,medium,0.676791277258567,2.676791277258567,2,596
2.666551,72,4135.180118,medium,0.7385514018691589,2.738551401869159,2,720
2.780647,64,4157.477509,medium,0.8438473520249221,2.8438473520249223,2,632
2.692984,71,4182.463376,medium,0.7630841121495328,2.763084112149533,2,701
2.59272,72,4208.716421,medium,0.6647196261682243,2.664719626168224,2,720
2.641318,72,4232.958695,medium,0.7133177570093457,2.713317757009346,2,720
2.610788,72,4257.583316,medium,0.6827881619937695,2.6827881619937695,2,720
2.660009,72,4281.700351,medium,0.7320093457943925,2.7320093457943924,2,720
1.629713,72,4305.627198,medium,0.7017133956386293,1.7017133956386292,1,720
1.374488,59,4325.74561,medium,0.43278816199376946,1.4327881619937695,1,583
0.220306,59,4345.674682,medium,0.27920560747663553,0.27920560747663553,0,589
2.833145,68,4370.887197,medium,0.9005451713395639,2.900545171339564,2,674
0.268929,70,4394.898066,medium,0.3386292834890966,0.3386292834890966,0,697
2.76931,72,4418.594232,medium,0.840809968847352,2.840809968847352,2,715
2.837752,68,4441.90994,medium,0.9054517133956387,2.905451713395639,2,677
2.778428,68,4464.403535,medium,0.8460280373831776,2.8460280373831774,2,676
2.910944,72,4489.531806,medium,0.9829439252336448,2.982943925233645,2,720
0.383282,62,4510.62512,medium,0.44478193146417444,0.44478193146417444,0,615
2.812813,72,4535.582306,medium,0.8848130841121495,2.8848130841121495,2,720
1.553389,72,4562.554749,medium,0.6253894080996885,1.6253894080996885,1,720
0.248794,72,4587.336542,medium,0.3207943925233645,0.3207943925233645,0,720
2.858336,61,4608.013448,medium,0.9185358255451713,2.918535825545171,2,602
2.553351,69,4631.085593,medium,0.6216510903426792,2.621651090342679,2,683
2.652445,65,4653.744181,medium,0.7167445482866044,2.7167445482866044,2,643
1.439732,68,4677.169467,medium,0.5076323987538941,1.507632398753894,1,679
0.355259,72,4702.042311,medium,0.42725856697819314,0.42725856697819314,0,720
2.840724,69,4727.324529,medium,0.9094236760124611,2.909423676012461,2,687
1.437657,72,4751.547119,medium,0.5096573208722741,1.5096573208722741,1,720
2.623339,65,4773.794405,medium,0.6875389408099688,2.6875389408099686,2,642
0.318021,57,4793.131388,medium,0.3742211838006231,0.3742211838006231,0,562
0.368949,60,4814.090654,medium,0.42834890965732086,0.42834890965732086,0,594
1.345667,55,4832.750886,medium,0.40046728971962614,1.4004672897196262,1,548
2.724729,72,4857.34711,medium,0.7967289719626168,2.796728971962617,2,720
1.489838,72,4882.3108,medium,0.5618380062305296,1.5618380062305297,1,720
2.736722,72,4909.029444,medium,0.8080218068535826,2.8080218068535827,2,713
1.613748,72,4934.504637,medium,0.6857476635514018,1.685747663551402,1,720
3.9349,66,4957.569433,medium,1.0,4.0,3,651
2.861255,72,4981.398335,medium,0.9332554517133956,2.9332554517133955,2,720
0.318531,55,5000.017688,medium,0.3731308411214953,0.3731308411214953,0,546
2.745134,72,5023.88304,medium,0.8171339563862928,2.817133956386293,2,720
0.30736,63,5045.056692,medium,0.36985981308411214,0.36985981308411214,0,625
2.456816,72,5071.254505,medium,0.528816199376947,2.528816199376947,2,720
1.648083,57,5090.404053,medium,0.7042834890965732,1.7042834890965732,1,562
2.623244,68,5113.299975,medium,0.6910436137071652,2.691043613707165,2,678
2.674211,68,5135.650884,medium,0.7415109034267913,2.741510903426791,2,673
2.600781,61,5155.808365,medium,0.6609813084112149,2.660981308411215,2,602
2.778935,72,5180.735632,medium,0.8509345794392523,2.850934579439252,2,720
2.672021,70,5204.59798,medium,0.7411214953271028,2.7411214953271026,2,691
2.742487,65,5226.43142,medium,0.8070872274143303,2.80708722741433,2,646
3.9352,65,5250.206578,medium,1.0,4.0,3,648
0.409169,60,5270.401002,medium,0.4687694704049844,0.4687694704049844,0,596
3.9288,72,5294.803491,medium,1.0,4.0,3,712
0.426676,72,5318.924609,medium,0.4986760124610592,0.4986760124610592,0,720
0.396536,72,5343.19204,medium,0.4685358255451713,0.4685358255451713,0,720
3.9357,65,5365.957454,medium,1.0,4.0,3,643
2.808474,72,5390.24106,medium,0.8803738317757009,2.880373831775701,2,719
1.538358,72,5414.43228,medium,0.6103582554517134,1.6103582554517133,1,720
2.774028,72,5440.518438,medium,0.8460280373831776,2.8460280373831774,2,720
2.700414,52,5457.707388,medium,0.7524143302180686,2.752414330218069,2,520
3.9444,56,5476.283905,medium,1.0,4.0,3,556
2.469226,59,5495.686763,medium,0.5277258566978194,2.5277258566978196,2,585
2.634631,72,5520.34483,medium,0.7062305295950155,2.7062305295950155,2,716
2.64638,72,5544.65185,medium,0.7183800623052959,2.718380062305296,2,720
2.735064,64,5566.416515,medium,0.7983644859813084,2.7983644859813084,2,633
2.799106,72,5590.342736,medium,0.8711059190031153,2.8711059190031154,2,720
2.713903,72,5616.546939,medium,0.7859034267912772,2.7859034267912772,2,720
2.646831,60,5636.95452,medium,0.7062305295950155,2.7062305295950155,2,594
1.547257,63,5657.452122,medium,0.6096573208722741,1.609657320872274,1,624
2.578156,72,5681.366318,medium,0.6501557632398753,2.6501557632398756,2,720
2.668205,70,5705.413416,medium,0.7373052959501558,2.737305295950156,2,691
2.752221,72,5730.868833,medium,0.824221183800623,2.8242211838006233,2,720
2.867252,72,5755.97819,medium,0.9392523364485982,2.939252336448598,2,720
0.33375,55,5776.369624,medium,0.3878504672897196,0.3878504672897196,0,541
2.59763,58,5795.780136,medium,0.6555295950155763,2.6555295950155764,2,579
2.519217,61,5815.78361,medium,0.5795171339563863,2.5795171339563865,2,603
2.676722,66,5838.331177,medium,0.741822429906542,2.741822429906542,2,651
2.798211,61,5859.095855,medium,0.858411214953271,2.858411214953271,2,602
2.713996,59,5879.177236,medium,0.772196261682243,2.772196261682243,2,582
3.9432,57,5899.014604,medium,1.0,4.0,3,568
2.657686,57,5918.585402,medium,0.7144859813084112,2.7144859813084112,2,568
2.668726,68,5941.135271,medium,0.7358255451713396,2.7358255451713394,2,671
2.672525,72,5967.393717,medium,0.7439252336448599,2.74392523364486,2,714
1.497626,72,5992.214347,medium,0.569626168224299,1.569626168224299,1,720
2.668302,59,6011.763478,medium,0.7264018691588785,2.7264018691588783,2,581
2.698084,65,6032.398589,medium,0.7630841121495328,2.763084112149533,2,650
2.876053,72,6056.1125,medium,0.9480529595015577,2.948052959501558,2,720
0.359431,56,6075.59077,medium,0.4150311526479751,0.4150311526479751,0,556
2.745374,60,6096.197349,medium,0.805373831775701,2.805373831775701,2,600
2.675713,68,6120.923943,medium,0.7429127725856698,2.7429127725856697,2,672
2.699262,72,6144.258119,medium,0.7712616822429906,2.7712616822429905,2,720
2.844355,72,6168.237587,medium,0.9163551401869159,2.9163551401869157,2,720
2.486956,72,6192.53875,medium,0.5589563862928348,2.558956386292835,2,720
0.274294,63,6213.425959,medium,0.336993769470405,0.336993769470405,0,627
0.265093,64,6233.678524,medium,0.32819314641744546,0.32819314641744546,0,631
0.15004,72,6257.809168,medium,0.2220404984423676,0.2220404984423676,0,720
1.414669,63,6278.405102,medium,0.4768691588785047,1.4768691588785048,1,622
0.32039,64,6300.531386,medium,0.384190031152648,0.384190031152648,0,638
0.356427,72,6325.005556,medium,0.4284267912772586,0.4284267912772586,0,720
2.723307,57,6344.876258,medium,0.7799065420560748,2.7799065420560747,2,566
2.764137,72,6368.809163,medium,0.8361370716510903,2.8361370716510903,2,720
2.721769,72,6391.803307,medium,0.7937694704049845,2.7937694704049845,2,720
2.806193,72,6415.360439,medium,0.8781931464174455,2.8781931464174457,2,720
2.726598,72,6440.218621,medium,0.7985981308411215,2.7985981308411216,2,720
2.699807,72,6466.877456,medium,0.7718068535825545,2.7718068535825546,2,720
2.526508,71,6491.422348,medium,0.5975077881619938,2.5975077881619937,2,710
2.820913,72,6515.477489,medium,0.8929127725856698,2.89291277258567,2,720
2.847782,72,6539.810091,medium,0.9197819314641744,2.9197819314641746,2,720
2.668187,72,6564.559811,medium,0.7401869158878505,2.7401869158878505,2,720
2.701032,65,6586.180657,medium,0.7657320872274144,2.7657320872274145,2,647
2.823056,61,6606.606099,medium,0.8839563862928349,2.883956386292835,2,609
2.856816,72,6630.785838,medium,0.928816199376947,2.9288161993769473,2,720
3.9289,72,6657.06401,medium,1.0,4.0,3,711
3.937,63,6678.118356,medium,1.0,4.0,3,630
2.499962,56,6696.919236,medium,0.5550623052959501,2.5550623052959502,2,551
2.738592,72,6720.219137,medium,0.8105919003115265,2.8105919003115263,2,720
2.638643,61,6741.649817,medium,0.6991433021806853,2.699143302180685,2,605
2.659464,72,6765.264698,medium,0.7314641744548287,2.7314641744548287,2,720
2.636923,56,6783.59062,medium,0.6925233644859813,2.6925233644859814,2,556
2.67076,66,6805.124583,medium,0.7367601246105919,2.736760124610592,2,660
0.219507,62,6826.022327,medium,0.280607476635514,0.280607476635514,0,611
2.490922,59,6845.518481,medium,0.5499221183800623,2.549922118380062,2,590
2.533028,63,6865.919182,medium,0.5960280373831776,2.5960280373831774,2,630
2.870208,70,6888.679511,medium,0.9394080996884735,2.9394080996884737,2,692
2.863981,72,6912.561311,medium,0.935981308411215,2.9359813084112147,2,720
2.850071,71,6936.750664,medium,0.9201713395638629,2.920171339563863,2,701
2.649888,66,6958.296743,medium,0.7158878504672898,2.71588785046729,2,660
2.857595,72,6983.774614,medium,0.929595015576324,2.929595015576324,2,720
1.4326,68,7006.171619,medium,0.5,1.5,1,674
2.589449,72,7029.171324,medium,0.6614485981308411,2.661448598130841,2,720
2.63096,72,7052.703609,medium,0.7029595015576324,2.7029595015576326,2,720
2.737464,61,7072.172873,medium,0.7983644859813084,2.7983644859813084,2,609
2.833083,63,7092.648303,medium,0.8954828660436137,2.8954828660436136,2,624
3.9401,60,7112.769115,medium,1.0,4.0,3,599
0.339916,72,7136.410768,medium,0.4119158878504673,0.4119158878504673,0,720
2.726249,69,7161.372806,medium,0.7952492211838006,2.7952492211838007,2,690
3.929,71,7184.514508,medium,1.0,4.0,3,710
2.878312,72,7208.100811,medium,0.9503115264797508,2.9503115264797506,2,720
0.312869,56,7226.623278,medium,0.36806853582554516,0.36806853582554516,0,552
2.84698,64,7247.479604,medium,0.9102803738317757,2.9102803738317755,2,633
3.9496,51,7264.834619,medium,1.0,4.0,3,504
1.665539,72,7289.150921,medium,0.7375389408099688,1.7375389408099688,1,720
0.216497,65,7310.728785,medium,0.2809968847352025,0.2809968847352025,0,645
2.657324,61,7333.049179,medium,0.7182242990654205,2.7182242990654206,2,609
1.472626,64,7355.934557,medium,0.5358255451713395,1.5358255451713396,1,632
2.594511,72,7380.650129,medium,0.6665109034267913,2.6665109034267913,2,720
0.36737,61,7400.813135,medium,0.42757009345794394,0.42757009345794394,0,602
2.638047,72,7425.504248,medium,0.7100467289719626,2.7100467289719625,2,720
2.906583,72,7451.685627,medium,0.9785825545171339,2.978582554517134,2,720
0.319945,64,7474.555053,medium,0.3836448598130841,0.3836448598130841,0,637
2.609185,63,7495.914866,medium,0.6718847352024923,2.671884735202492,2,627
2.730414,72,7523.355916,medium,0.8024143302180685,2.8024143302180686,2,720
3.939,61,7544.49288,medium,1.0,4.0,3,610
2.668414,59,7564.94793,medium,0.7274143302180686,2.7274143302180685,2,590
0.335087,72,7590.203584,medium,0.40708722741433023,0.40708722741433023,0,720
2.635665,72,7616.046481,medium,0.7071651090342679,2.7071651090342677,2,715
2.902844,72,7641.868328,medium,0.9748442367601247,2.9748442367601244,2,720
2.610639,69,7666.389024,medium,0.6794392523364486,2.6794392523364485,2,688
2.743187,72,7693.466123,medium,0.8151869158878504,2.8151869158878506,2,720
3.9553,45,7708.532288,medium,1.0,4.0,3,447
2.473872,72,7733.529178,medium,0.5458722741433022,2.545872274143302,2,720
2.834874,63,7755.045711,medium,0.8972741433021807,2.8972741433021807,2,624
0.194283,60,7775.45101,medium,0.25358255451713396,0.25358255451713396,0,593
2.865695,72,7800.962004,medium,0.9376947040498442,2.9376947040498442,2,720
2.854966,61,7822.933135,medium,0.9159657320872274,2.915965732087227,2,610
2.651598,72,7848.596048,medium,0.7235981308411215,2.7235981308411215,2,720
2.76476,72,7875.367859,medium,0.8367601246105919,2.836760124610592,2,720
2.65004,72,7900.376858,medium,0.7220404984423676,2.7220404984423676,2,720
2.717694,62,7921.405256,medium,0.7788940809968847,2.778894080996885,2,612
3.9356,65,7944.184572,medium,1.0,4.0,3,644
2.667992,60,7964.431827,medium,0.7274922118380063,2.7274922118380065,2,595
2.706349,72,7988.397196,medium,0.7783489096573208,2.778348909657321,2,720
3.9493,51,8005.772288,medium,1.0,4.0,3,507
0.369398,63,8026.919557,medium,0.43169781931464174,0.43169781931464174,0,623
0.358607,72,8053.154187,medium,0.430607476635514,0.430607476635514,0,720
2.616941,72,8077.953222,medium,0.6889408099688473,2.688940809968847,2,720
3.9298,71,8101.557405,medium,1.0,4.0,3,702
2.641863,72,8126.643529,medium,0.7138629283489096,2.7138629283489095,2,720
2.911489,72,8151.734952,medium,0.9834890965732087,2.9834890965732086,2,720
2.816661,71,8176.733461,medium,0.8874610591900312,2.887461059190031,2,708
2.557907,72,8202.782704,medium,0.6299065420560748,2.6299065420560748,2,720
2.841542,65,8226.217646,medium,0.9065420560747663,2.906542056074766,2,650
1.400395,55,8245.399751,medium,0.454595015576324,1.454595015576324,1,542
3.9339,67,8268.368809,medium,1.0,4.0,3,661
2.528854,70,8292.502913,medium,0.5987538940809969,2.598753894080997,2,699
3.9389,62,8314.175863,medium,1.0,4.0,3,611
1.51164,60,8335.214432,medium,0.5713395638629284,1.5713395638629284,1,597
2.66574,57,8354.977585,medium,0.7220404984423676,2.7220404984423676,2,563
2.913202,72,8380.909338,medium,0.985202492211838,2.985202492211838,2,720
3.9505,50,8400.467066,medium,1.0,4.0,3,495
2.542596,63,8422.249007,medium,0.6052959501557632,2.6052959501557633,2,627
2.606972,72,8446.204161,medium,0.6789719626168225,2.6789719626168225,2,720
2.894054,63,8468.226131,medium,0.9568535825545171,2.9568535825545172,2,628
2.700897,72,8494.06635,medium,0.7728971962616823,2.7728971962616824,2,720
0.402766,72,8519.651147,medium,0.4747663551401869,0.4747663551401869,0,720
2.592174,72,8544.006897,medium,0.6641744548286604,2.6641744548286606,2,720
2.774028,72,8569.431451,medium,0.8460280373831776,2.8460280373831774,2,720
1.334675,56,8590.40848,medium,0.3898753894080997,1.3898753894080997,1,552
2.645679,72,8615.322826,medium,0.7176791277258567,2.717679127725857,2,720
1.428119,61,8636.463003,medium,0.489018691588785,1.489018691588785,1,609
2.731894,72,8661.801533,medium,0.8038940809968848,2.803894080996885,2,720
2.686945,64,8684.203482,medium,0.7505451713395639,2.7505451713395637,2,636
2.840417,65,8707.557007,medium,0.9045171339563863,2.904517133956386,2,641
3.9479,53,8726.047033,medium,1.0,4.0,3,521
2.90448,72,8751.710857,medium,0.9764797507788162,2.9764797507788163,2,720
2.795056,72,8778.598496,medium,0.8670560747663552,2.867056074766355,2,720
2.777766,72,8802.952699,medium,0.849766355140187,2.849766355140187,2,720
2.467439,54,8821.146973,medium,0.5206386292834891,2.5206386292834893,2,532
2.833919,72,8845.408314,medium,0.9059190031152647,2.905919003115265,2,720
0.227958,58,8864.785307,medium,0.2853582554517134,0.2853582554517134,0,574
3.9322,68,8887.902807,medium,1.0,4.0,3,678
1.394589,72,8913.621655,medium,0.46658878504672896,1.466588785046729,1,720
1.752611,72,8940.367613,medium,0.8246105919003115,1.8246105919003115,1,720
0.274262,72,8964.16641,medium,0.34626168224299064,0.34626168224299064,0,720
2.775007,56,8983.080366,medium,0.830607476635514,2.830607476635514,2,556
2.596798,68,9005.325487,medium,0.664797507788162,2.664797507788162,2,680
2.606583,72,9029.413501,medium,0.678582554517134,2.678582554517134,2,720
2.871692,72,9054.79878,medium,0.9436915887850468,2.9436915887850468,2,720
2.80216,68,9079.329871,medium,0.8698598130841122,2.869859813084112,2,677
2.839377,60,9099.092936,medium,0.8993769470404984,2.8993769470404986,2,600
2.733062,72,9126.134101,medium,0.8050623052959501,2.8050623052959502,2,720
2.586135,65,9147.707795,medium,0.6509345794392524,2.6509345794392525,2,648
3.9417,59,9168.046664,medium,1.0,4.0,3,583
1.435243,72,9193.998255,medium,0.5072429906542056,1.5072429906542055,1,720
2.783841,72,9218.695222,medium,0.8558411214953271,2.855841121495327,2,720
2.803961,67,9242.806492,medium,0.8705607476635514,2.8705607476635513,2,666
2.673267,69,9266.803114,medium,0.7416666666666667,2.7416666666666667,2,684
2.814267,62,9288.073479,medium,0.8754672897196262,2.875467289719626,2,612
3.955,45,9305.173086,medium,1.0,4.0,3,450
2.560616,60,9325.109489,medium,0.6200155763239875,2.6200155763239876,2,594
2.685009,72,9349.631803,medium,0.7570093457943925,2.7570093457943923,2,720
2.853118,69,9372.91091,medium,0.9221183800623053,2.9221183800623054,2,690
2.897315,72,9397.672276,medium,0.9693146417445483,2.9693146417445484,2,720
0.269511,72,9422.138464,medium,0.3415109034267913,0.3415109034267913,0,720
2.776754,72,9447.729756,medium,0.8487538940809969,2.848753894080997,2,720
2.682751,72,9475.028517,medium,0.7547507788161993,2.7547507788161996,2,720
2.851598,72,9499.423819,medium,0.9235981308411215,2.9235981308411216,2,720
3.9448,56,9518.790577,medium,1.0,4.0,3,552
2.870601,72,9543.998339,medium,0.942601246105919,2.942601246105919,2,720
2.730414,72,9568.531521,medium,0.8024143302180685,2.8024143302180686,2,720
2.630492,72,9593.894338,medium,0.7024922118380063,2.702492211838006,2,720
2.612424,72,9618.320105,medium,0.684423676012461,2.684423676012461,2,720
1.363997,59,9639.007188,medium,0.42289719626168226,1.4228971962616823,1,589
3.942,58,9660.099735,medium,1.0,4.0,3,580
2.65551,53,9677.763475,medium,0.7077102803738318,2.7077102803738318,2,522
2.826832,72,9702.434224,medium,0.8988317757009345,2.8988317757009345,2,720
3.9343,66,9724.148156,medium,1.0,4.0,3,657
2.576431,56,9742.681111,medium,0.6319314641744548,2.6319314641744547,2,555
2.442103,60,9762.144198,medium,0.5021028037383177,2.5021028037383175,2,600
2.867875,72,9785.533866,medium,0.9398753894080997,2.9398753894081,2,720
2.583919,72,9809.157703,medium,0.6559190031152647,2.655919003115265,2,720
2.674184,72,9835.432198,medium,0.746183800623053,2.746183800623053,2,720
2.726053,72,9859.543571,medium,0.7980529595015576,2.7980529595015575,2,720
2.657046,70,9883.062628,medium,0.7262461059190031,2.726246105919003,2,692
2.878862,60,9902.924861,medium,0.9381619937694704,2.9381619937694703,2,593
2.680181,72,9927.174345,medium,0.7521806853582554,2.7521806853582556,2,720
2.831427,72,9951.287035,medium,0.9034267912772586,2.9034267912772584,2,720
0.276313,59,9971.323993,medium,0.33481308411214955,0.33481308411214955,0,585
2.788748,72,9997.191545,medium,0.8607476635514019,2.8607476635514018,2,720
0.336956,72,10020.93679,medium,0.4089563862928349,0.4089563862928349,0,720
2.691777,58,10040.720059,medium,0.7493769470404984,2.7493769470404983,2,576
2.616785,72,10065.004401,medium,0.688785046728972,2.688785046728972,2,720
0.24983,56,10083.181608,medium,0.3055295950155763,0.3055295950155763,0,557
3.9352,65,10104.669145,medium,1.0,4.0,3,648
2.82138,72,10129.03195,medium,0.893380062305296,2.893380062305296,2,720
2.737502,72,10154.260291,medium,0.8095015576323987,2.809501557632399,2,720
2.799028,72,10180.503056,medium,0.8710280373831776,2.8710280373831774,2,720
2.737579,72,10204.760308,medium,0.8095794392523364,2.8095794392523366,2,720
2.836285,61,10225.473421,medium,0.8968847352024922,2.8968847352024922,2,606
1.383627,62,10246.700916,medium,0.44532710280373833,1.4453271028037382,1,617
2.45619,53,10265.1423,medium,0.5091900311526479,2.509190031152648,2,530
2.711553,62,10286.331,medium,0.7730529595015576,2.7730529595015576,2,615
2.854324,72,10310.42196,medium,0.9263239875389409,2.926323987538941,2,720
2.740468,69,10333.116651,medium,0.8092679127725857,2.8092679127725857,2,688
3.9363,64,10355.223258,medium,1.0,4.0,3,637
2.769667,72,10380.220133,medium,0.8416666666666667,2.841666666666667,2,720
2.506991,53,10399.342816,medium,0.5598909657320872,2.5598909657320874,2,529
2.692642,72,10425.560301,medium,0.7646417445482866,2.7646417445482867,2,720
2.857892,61,10447.261053,medium,0.9186915887850468,2.918691588785047,2,608
2.764253,67,10470.017586,medium,0.8311526479750779,2.831152647975078,2,669
3.9396,61,10489.956707,medium,1.0,4.0,3,604
2.712502,72,10513.697989,medium,0.7845015576323987,2.7845015576323986,2,720
2.817019,72,10539.280191,medium,0.889018691588785,2.889018691588785,2,720
2.764263,67,10562.389688,medium,0.8307632398753894,2.8307632398753895,2,665
1.553389,72,10588.024507,medium,0.6253894080996885,1.6253894080996885,1,720
3.9305,70,10612.991924,medium,1.0,4.0,3,695
3.9341,66,10635.800369,medium,1.0,4.0,3,659
2.802922,72,10660.790241,medium,0.8749221183800623,2.8749221183800624,2,720
1.585755,64,10683.220764,medium,0.6494548286604361,1.6494548286604362,1,637
1.538903,72,10709.293021,medium,0.6109034267912773,1.6109034267912774,1,720
2.701442,72,10734.463238,medium,0.7734423676012461,2.773442367601246,2,720
2.745679,72,10759.628174,medium,0.8176791277258567,2.8176791277258566,2,720
2.727088,64,10781.077777,medium,0.7908878504672897,2.7908878504672896,2,638
2.658218,72,10804.810453,medium,0.7302180685358255,2.7302180685358257,2,720
3.9317,69,10827.3925,medium,1.0,4.0,3,683
2.678389,72,10851.309774,medium,0.7503894080996885,2.7503894080996885,2,720
2.46961,55,10869.411853,medium,0.5239096573208722,2.523909657320872,2,543
3.949,51,10888.141546,medium,1.0,4.0,3,510
2.617093,53,10906.191181,medium,0.6700934579439253,2.670093457943925,2,530
2.648912,61,10927.057369,medium,0.7091121495327103,2.7091121495327104,2,602
2.86071,72,10951.005991,medium,0.9327102803738317,2.932710280373832,2,720
3.9305,70,10974.714865,medium,1.0,4.0,3,695
2.572836,71,10999.188055,medium,0.6435358255451713,2.6435358255451713,2,707
2.73932,60,11019.871275,medium,0.7985202492211838,2.798520249221184,2,592
2.682367,60,11040.322451,medium,0.7416666666666667,2.7416666666666667,2,593
2.687676,61,11062.885072,medium,0.7486760124610592,2.7486760124610594,2,610
2.857984,72,11087.381179,medium,0.9299844236760124,2.9299844236760126,2,720
3.9418,59,11108.088363,medium,1.0,4.0,3,582
2.504947,72,11132.957363,medium,0.5769470404984424,2.5769470404984425,2,720
2.680444,61,11154.037532,medium,0.7410436137071651,2.741043613707165,2,606
2.546925,72,11179.385927,medium,0.6189252336448599,2.61892523364486,2,720
2.853779,72,11204.342107,medium,0.925778816199377,2.9257788161993767,2,720
0.169512,56,11222.458316,medium,0.22531152647975078,0.22531152647975078,0,558
2.878234,72,11248.696758,medium,0.9502336448598131,2.950233644859813,2,720
2.539711,52,11266.996238,medium,0.5915109034267912,2.591510903426791,2,518
2.813981,72,11291.856672,medium,0.8859813084112149,2.885981308411215,2,720
2.605726,72,11315.504457,medium,0.6777258566978193,2.677725856697819,2,720
2.586723,72,11339.306903,medium,0.6587227414330218,2.6587227414330217,2,720
3.9499,51,11355.269471,medium,1.0,4.0,3,501
3.9385,62,11374.077545,medium,1.0,4.0,3,615
2.518888,64,11396.568233,medium,0.5827881619937695,2.5827881619937694,2,639
2.734776,72,11421.611291,medium,0.8067757009345794,2.8067757009345793,2,720
2.693576,72,11445.834247,medium,0.7655763239875389,2.765576323987539,2,720
2.577831,54,11464.176014,medium,0.6312305295950156,2.6312305295950154,2,534
2.867953,72,11488.496846,medium,0.9399532710280374,2.9399532710280374,2,720
3.9443,56,11507.180488,medium,1.0,4.0,3,557
2.750586,72,11530.871331,medium,0.8225856697819315,2.8225856697819314,2,720
2.662502,72,11554.437697,medium,0.7345015576323988,2.7345015576323988,2,720
2.888071,58,11575.692369,medium,0.9451713395638629,2.945171339563863,2,571
2.690549,71,11599.518395,medium,0.7614485981308411,2.761448598130841,2,709
2.528402,57,11619.431196,medium,0.5845015576323987,2.584501557632399,2,561
2.872782,72,11644.12317,medium,0.9447819314641744,2.9447819314641746,2,720
2.799593,62,11664.986886,medium,0.8612928348909658,2.861292834890966,2,617
2.645369,57,11684.298797,medium,0.7018691588785047,2.7018691588785044,2,565
3.9362,64,11705.503544,medium,1.0,4.0,3,638
2.731427,72,11729.396449,medium,0.8034267912772586,2.803426791277259,2,720
2.727,57,11749.273725,medium,0.7830996884735203,2.7830996884735204,2,561
3.9282,72,11773.293057,medium,1.0,4.0,3,718
2.643201,66,11795.401848,medium,0.7088006230529595,2.7088006230529595,2,656
3.9295,71,11819.611608,medium,1.0,4.0,3,705
2.675274,72,11843.991164,medium,0.7472741433021807,2.747274143302181,2,720
2.825884,63,11865.022457,medium,0.8880841121495328,2.888084112149533,2,622
2.848639,72,11889.336799,medium,0.920638629283489,2.920638629283489,2,720
2.754324,72,11912.569581,medium,0.8263239875389408,2.8263239875389408,2,720
3.9492,51,11932.402691,medium,1.0,4.0,3,508
3.9453,55,11952.337726,medium,1.0,4.0,3,547
2.858919,72,11975.881034,medium,0.9309190031152648,2.9309190031152648,2,720
2.849417,72,11999.791031,medium,0.9214174454828661,2.921417445482866,2,720
1.512842,69,12023.027872,medium,0.5815420560747664,1.5815420560747664,1,687
2.672017,58,12042.180772,medium,0.7295171339563863,2.7295171339563864,2,575
2.749752,65,12063.649821,medium,0.8142523364485982,2.814252336448598,2,645
2.675741,72,12087.48238,medium,0.7477414330218068,2.747741433021807,2,720
2.831427,72,12113.660941,medium,0.9034267912772586,2.9034267912772584,2,720
2.489604,72,12138.116355,medium,0.5616043613707166,2.5616043613707165,2,720
1.36572,66,12161.455122,medium,0.431619937694704,1.431619937694704,1,659
3.9383,62,12181.981194,medium,1.0,4.0,3,617
3.9422,58,12201.475296,medium,1.0,4.0,3,578
2.631779,69,12224.581128,medium,0.700778816199377,2.700778816199377,2,690
2.693187,72,12247.870522,medium,0.7651869158878505,2.7651869158878504,2,720
2.466839,54,12267.186683,medium,0.5206386292834891,2.5206386292834893,2,538
3.9357,65,12290.720099,medium,1.0,4.0,3,643
2.694497,62,12312.882223,medium,0.7559968847352025,2.7559968847352025,2,615
2.846398,61,12334.003882,medium,0.9066978193146418,2.9066978193146418,2,603
2.786092,67,12357.342541,medium,0.8524922118380063,2.8524922118380065,2,664
2.833841,72,12382.567973,medium,0.9058411214953271,2.9058411214953273,2,720
2.644655,64,12404.628837,medium,0.7082554517133957,2.708255451713396,2,636
2.891791,60,12425.639107,medium,0.9517912772585669,2.951791277258567,2,600
0.215164,59,12447.63336,medium,0.2733644859813084,0.2733644859813084,0,582
2.825274,72,12473.252056,medium,0.8972741433021807,2.8972741433021807,2,720
2.818187,72,12499.103553,medium,0.8901869158878505,2.8901869158878504,2,720
2.627229,70,12523.631386,medium,0.6967289719626168,2.696728971962617,2,695
2.640242,59,12543.882473,medium,0.6984423676012461,2.6984423676012463,2,582
2.620445,72,12568.797738,medium,0.6924454828660436,2.6924454828660433,2,720
2.503536,57,12588.764225,medium,0.5604361370716511,2.560436137071651,2,569
2.649495,72,12612.973608,medium,0.7214953271028037,2.7214953271028035,2,720
3.9363,64,12637.485873,medium,1.0,4.0,3,637
2.736408,62,12659.170707,medium,0.7975077881619937,2.797507788161994,2,611
2.703389,72,12684.393688,medium,0.7753894080996885,2.7753894080996884,2,720
2.915305,72,12709.532531,medium,0.9873052959501558,2.987305295950156,2,720
2.849807,72,12734.207451,medium,0.9218068535825545,2.9218068535825545,2,720
2.647393,72,12759.806104,medium,0.719392523364486,2.719392523364486,2,720
0.345426,66,12781.945584,medium,0.41082554517133957,0.41082554517133957,0,654
2.631426,64,12806.485049,medium,0.694626168224299,2.694626168224299,2,632
2.876973,61,12828.143583,medium,0.9377725856697819,2.937772585669782,2,608
2.777299,72,12854.339984,medium,0.8492990654205608,2.8492990654205608,2,720
2.632515,71,12879.821819,medium,0.7031152647975077,2.703115264797508,2,706
2.722628,66,12902.78841,medium,0.7879283489096574,2.7879283489096576,2,653
3.9382,62,12923.101778,medium,1.0,4.0,3,618
2.777844,72,12947.520052,medium,0.8498442367601247,2.8498442367601244,2,720
2.90004,72,12971.399441,medium,0.9720404984423676,2.9720404984423676,2,720
2.613903,72,12997.949398,medium,0.6859034267912772,2.685903426791277,2,720
1.522807,66,13020.933879,medium,0.5887071651090343,1.5887071651090343,1,659
2.73758,56,13040.484367,medium,0.7933800623052959,2.793380062305296,2,558
2.632935,68,13064.021243,medium,0.7009345794392523,2.7009345794392523,2,680
2.680648,72,13089.361063,medium,0.7526479750778816,2.7526479750778816,2,720
1.3837,59,13109.767649,medium,0.44190031152647974,1.4419003115264797,1,582
2.715676,50,13126.403841,medium,0.7655763239875389,2.765576323987539,2,499
2.911879,72,13150.436373,medium,0.9838785046728972,2.983878504672897,2,720
2.550782,61,13173.569681,medium,0.6116822429906542,2.6116822429906543,2,609
2.701364,72,13198.892854,medium,0.7733644859813084,2.7733644859813085,2,720
3.9359,65,13221.385643,medium,1.0,4.0,3,641
1.463286,60,13242.592751,medium,0.5225856697819314,1.5225856697819315,1,593
2.638748,72,13267.955205,medium,0.7107476635514018,2.710747663551402,2,720
2.741704,53,13285.771171,medium,0.7947040498442368,2.7947040498442366,2,530
2.554183,67,13307.981215,medium,0.6204828660436137,2.6204828660436137,2,663
2.581564,58,13327.877669,medium,0.6395638629283489,2.639563862928349,2,580
2.51366,65,13351.993616,medium,0.5779595015576324,2.5779595015576326,2,643
3.9356,65,13374.80479,medium,1.0,4.0,3,644
2.780025,72,13399.928155,medium,0.8520249221183801,2.85202492211838,2,720
2.759022,58,13419.709042,medium,0.8168224299065421,2.816822429906542,2,578
2.760101,66,13442.200865,medium,0.8257009345794393,2.825700934579439,2,656
2.835029,70,13466.515451,medium,0.9048286604361371,2.904828660436137,2,698
2.789838,72,13492.65406,medium,0.8618380062305296,2.8618380062305295,2,720
2.701053,72,13518.134235,medium,0.7730529595015576,2.7730529595015576,2,720
3.9327,68,13544.460766,medium,1.0,4.0,3,673
3.9406,60,13566.078789,medium,1.0,4.0,3,594
2.738514,72,13591.173534,medium,0.8105140186915888,2.8105140186915887,2,720
3.9385,62,13612.497369,medium,1.0,4.0,3,615
2.849729,72,13637.607098,medium,0.9217289719626168,2.921728971962617,2,720
2.843527,60,13658.564172,medium,0.9034267912772586,2.9034267912772584,2,599
2.831929,65,13679.887433,medium,0.8967289719626168,2.8967289719626166,2,648
2.561745,56,13696.896807,medium,0.6174454828660436,2.6174454828660436,2,557
2.755336,72,13722.108137,medium,0.8273364485981308,2.827336448598131,2,720
2.665366,60,13743.310767,medium,0.724766355140187,2.724766355140187,2,594
2.680726,72,13769.155313,medium,0.7527258566978193,2.752725856697819,2,720
2.84644,67,13793.795094,medium,0.9132398753894081,2.913239875389408,2,668
3.9344,66,13816.756505,medium,1.0,4.0,3,656
3.9374,63,13839.25103,medium,1.0,4.0,3,626
2.732517,72,13863.971097,medium,0.8045171339563862,2.804517133956386,2,720
2.537477,70,13890.076096,medium,0.6074766355140186,2.6074766355140184,2,700
3.9421,58,13910.805086,medium,1.0,4.0,3,579
2.818055,65,13932.771531,medium,0.8825545171339564,2.8825545171339564,2,645
2.871475,69,13955.707458,medium,0.9398753894080997,2.9398753894081,2,684
2.447548,72,13980.197679,medium,0.5195482866043614,2.5195482866043615,2,720
0.267371,69,14002.389407,medium,0.33637071651090344,0.33637071651090344,0,690
2.861956,72,14026.788252,medium,0.9339563862928348,2.933956386292835,2,720
2.677766,72,14052.702401,medium,0.749766355140187,2.7497663551401867,2,720
2.586599,55,14073.233879,medium,0.6411993769470405,2.6411993769470405,2,546
2.699262,72,14098.942371,medium,0.7712616822429906,2.7712616822429905,2,720
2.757128,72,14124.411799,medium,0.8291277258566978,2.829127725856698,2,720
3.9312,69,14148.410336,medium,1.0,4.0,3,688
2.529869,72,14173.005131,medium,0.6018691588785047,2.601869158878505,2,720
3.9352,65,14195.225185,medium,1.0,4.0,3,648
3.9423,58,14216.134233,medium,1.0,4.0,3,577
2.694355,72,14243.661029,medium,0.7663551401869159,2.7663551401869158,2,720
2.773766,68,14267.569377,medium,0.8409657320872275,2.8409657320872275,2,672
2.736548,58,14288.519536,medium,0.7945482866043614,2.7945482866043614,2,580
2.908296,72,14314.619159,medium,0.9802959501557632,2.9802959501557633,2,720
2.854168,72,14338.998132,medium,0.9261682242990654,2.926168224299065,2,720
2.636085,61,14360.359449,medium,0.6968847352024922,2.696884735202492,2,608
2.823487,67,14384.091805,medium,0.8901869158878505,2.8901869158878504,2,667
3.9377,63,14406.415736,medium,1.0,4.0,3,623
2.806738,72,14432.643302,medium,0.8787383177570094,2.8787383177570094,2,720
2.772121,69,14455.978266,medium,0.8411214953271028,2.8411214953271027,2,690
2.864137,72,14480.063886,medium,0.9361370716510904,2.9361370716510904,2,720
2.838374,51,14497.452011,medium,0.8891744548286604,2.8891744548286606,2,508
2.835927,68,14520.601993,medium,0.9034267912772586,2.9034267912772584,2,675
2.79318,59,14541.336659,medium,0.8514797507788162,2.8514797507788163,2,583
2.627337,67,14564.250258,medium,0.6942367601246106,2.6942367601246104,2,669
2.694822,72,14588.971545,medium,0.766822429906542,2.766822429906542,2,720
3.9338,67,14613.185187,medium,1.0,4.0,3,662
2.69638,72,14636.774261,medium,0.768380062305296,2.768380062305296,2,720
2.662579,72,14661.050104,medium,0.7345794392523365,2.7345794392523364,2,720
2.527922,72,14685.087379,medium,0.5999221183800623,2.5999221183800625,2,720
2.737112,72,14709.818677,medium,0.8091121495327103,2.8091121495327105,2,720
2.69124,72,14735.762882,medium,0.7632398753894081,2.763239875389408,2,720
2.694097,70,14760.501395,medium,0.7640965732087227,2.7640965732087226,2,700
2.769667,72,14787.734083,medium,0.8416666666666667,2.841666666666667,2,720
2.737691,65,14810.650188,medium,0.801791277258567,2.801791277258567,2,641
2.624297,57,14830.802748,medium,0.6809968847352025,2.6809968847352024,2,567
2.769121,72,14856.444011,medium,0.8411214953271028,2.8411214953271027,2,720
2.786333,72,14880.768373,medium,0.8583333333333333,2.8583333333333334,2,720
2.800586,72,14905.062105,medium,0.8725856697819314,2.872585669781931,2,720
1.348827,64,14926.568743,medium,0.4122274143302181,1.412227414330218,1,634
2.535231,63,14947.28461,medium,0.5981308411214953,2.5981308411214954,2,629
2.63555,61,14969.352333,medium,0.6959501557632399,2.69595015576324,2,604
2.49124,72,14994.4102,medium,0.5632398753894081,2.5632398753894083,2,720
3.9324,68,15018.393892,medium,1.0,4.0,3,676
2.597317,66,15041.245525,medium,0.6626168224299065,2.6626168224299063,2,653
2.608909,57,15061.336537,medium,0.6651090342679128,2.6651090342679127,2,562
2.741318,72,15087.340239,medium,0.8133177570093458,2.813317757009346,2,720
2.658408,56,15106.945417,medium,0.7144080996884735,2.7144080996884736,2,560
2.640885,65,15129.704003,medium,0.7056853582554518,2.705685358255452,2,648
2.618649,60,15151.699759,medium,0.6783489096573209,2.6783489096573208,2,597
2.57801,71,15175.799158,medium,0.6489096573208722,2.648909657320872,2,709
1.340198,59,15195.619533,medium,0.3985981308411215,1.3985981308411215,1,584
2.549106,72,15219.571928,medium,0.6211059190031153,2.6211059190031154,2,720
1.51442,60,15239.581113,medium,0.5735202492211838,1.573520249221184,1,591
3.946,54,15257.999127,medium,1.0,4.0,3,540
2.679924,64,15281.277967,medium,0.7432242990654205,2.7432242990654205,2,633
0.344915,59,15302.393385,medium,0.4031152647975078,0.4031152647975078,0,582
3.9507,50,15321.600557,medium,1.0,4.0,3,493
2.657372,64,15344.408066,medium,0.7208722741433021,2.7208722741433022,2,635
2.645845,71,15368.836041,medium,0.7167445482866044,2.7167445482866044,2,709
2.870056,72,15392.719146,medium,0.9420560747663551,2.942056074766355,2,720
2.853191,65,15415.100281,medium,0.9179906542056074,2.9179906542056075,2,648
2.623872,72,15440.796629,medium,0.6958722741433022,2.6958722741433023,2,720
3.9403,60,15461.883216,medium,1.0,4.0,3,597
2.490046,54,15480.622427,medium,0.5431464174454829,2.5431464174454828,2,531
0.283472,63,15504.022533,medium,0.3458722741433022,0.3458722741433022,0,624
3.9542,46,15519.651508,medium,1.0,4.0,3,458
2.846458,72,15544.82276,medium,0.9184579439252336,2.9184579439252336,2,720
2.831427,72,15569.682764,medium,0.9034267912772586,2.9034267912772584,2,720
2.81219,72,15594.150129,medium,0.8841900311526479,2.884190031152648,2,720
3.9424,58,15614.891893,medium,1.0,4.0,3,576
2.595862,68,15639.283076,medium,0.6631619937694704,2.6631619937694704,2,673
0.396547,64,15662.308653,medium,0.46004672897196264,0.46004672897196264,0,635
0.274875,65,15686.176618,medium,0.3398753894080997,0.3398753894080997,0,650
2.653467,72,15711.236746,medium,0.7254672897196262,2.725467289719626,2,720
2.620482,58,15730.839345,medium,0.6778816199376947,2.6778816199376947,2,574
2.578701,72,15754.888219,medium,0.6507009345794392,2.6507009345794392,2,720
2.53934,58,15774.645574,medium,0.5970404984423676,2.5970404984423676,2,577
2.65596,72,15799.754006,medium,0.7279595015576324,2.7279595015576326,2,720
2.559916,61,15821.702353,medium,0.6200155763239875,2.6200155763239876,2,601
2.554266,54,15840.523151,medium,0.6078660436137072,2.6078660436137073,2,536
2.488592,72,15867.924311,medium,0.5605919003115265,2.5605919003115263,2,720
3.9395,61,15889.68063,medium,1.0,4.0,3,605
2.594877,55,15907.810012,medium,0.6493769470404984,2.6493769470404986,2,545
2.925118,72,15934.541991,medium,0.9971183800623052,2.997118380062305,2,720
2.736658,57,15955.193433,medium,0.7934579439252336,2.7934579439252336,2,568
2.577341,71,15980.486593,medium,0.6477414330218069,2.6477414330218068,2,704
2.523876,58,16000.637232,medium,0.5817757009345794,2.581775700934579,2,579
3.9436,57,16020.361701,medium,1.0,4.0,3,564
2.772938,72,16047.681386,medium,0.8449376947040499,2.8449376947040497,2,720
0.410753,71,16071.967795,medium,0.4811526479750779,0.4811526479750779,0,704
2.790477,67,16095.358637,medium,0.8574766355140186,2.8574766355140184,2,670
3.9428,58,16115.719571,medium,1.0,4.0,3,572
2.724807,72,16141.690252,medium,0.7968068535825545,2.7968068535825545,2,720
3.9429,58,16162.345997,medium,1.0,4.0,3,571
3.9497,51,16180.990427,medium,1.0,4.0,3,503
2.800225,52,16199.376794,medium,0.8520249221183801,2.85202492211838,2,518
2.796486,60,16225.184122,medium,0.856386292834891,2.856386292834891,2,599
2.853436,66,16252.25731,medium,0.9185358255451713,2.918535825545171,2,651
2.689916,72,16281.026261,medium,0.7619158878504673,2.761915887850467,2,720
2.71367,72,16310.185858,medium,0.7856697819314642,2.785669781931464,2,720
2.895753,70,16339.150937,medium,0.9649532710280374,2.9649532710280373,2,692
2.703623,72,16367.871021,medium,0.7756230529595015,2.7756230529595016,2,720
3.941,59,16388.027361,medium,1.0,4.0,3,590
3.9447,56,16407.86079,medium,1.0,4.0,3,553
2.521511,70,16432.642327,medium,0.5915109034267912,2.591510903426791,2,700
2.786464,62,16453.726395,medium,0.8476635514018691,2.847663551401869,2,612
2.658327,54,16472.274804,medium,0.7122274143302181,2.712227414330218,2,539
2.714526,72,16497.347274,medium,0.7865264797507788,2.786526479750779,2,720
2.555402,63,16519.672342,medium,0.6183021806853582,2.618302180685358,2,629
2.580259,72,16543.836567,medium,0.6522585669781932,2.652258566978193,2,720
2.659308,72,16568.009266,medium,0.7313084112149533,2.731308411214953,2,720
0.077607,53,16586.607501,medium,0.12990654205607477,0.12990654205607477,0,523
2.628779,72,16613.395138,medium,0.700778816199377,2.700778816199377,2,720
2.768252,63,16635.210923,medium,0.8304517133956386,2.8304517133956386,2,622
3.9466,54,16654.728168,medium,1.0,4.0,3,534
2.872782,72,16679.744819,medium,0.9447819314641744,2.9447819314641746,2,720
3.928,72,16704.836948,medium,1.0,4.0,3,720
2.891941,72,16729.468251,medium,0.9639408099688473,2.9639408099688476,2,720
2.755492,72,16754.504732,medium,0.8274922118380063,2.827492211838006,2,720
3.9382,62,16777.435487,medium,1.0,4.0,3,618
2.740979,60,16798.008453,medium,0.800778816199377,2.8007788161993767,2,598
2.79747,72,16822.580337,medium,0.8694704049844236,2.8694704049844235,2,720
2.846692,72,16846.66256,medium,0.9186915887850468,2.918691588785047,2,720
2.665612,61,16867.248329,medium,0.72601246105919,2.72601246105919,2,604
2.876053,72,16891.528464,medium,0.9480529595015577,2.948052959501558,2,720
2.867875,72,16915.595582,medium,0.9398753894080997,2.9398753894081,2,720
2.596536,72,16939.644644,medium,0.6685358255451713,2.668535825545171,2,720
2.908218,72,16965.940587,medium,0.9802180685358255,2.9802180685358257,2,720
3.9308,70,16990.121572,medium,1.0,4.0,3,692
2.92247,72,17014.450157,medium,0.9944704049844236,2.9944704049844235,2,720
2.726374,63,17035.986675,medium,0.7891744548286604,2.7891744548286606,2,628
2.59169,60,17056.469293,medium,0.6510903426791277,2.6510903426791277,2,594
2.933154,66,17078.651856,medium,0.9987538940809969,2.998753894080997,2,656
2.713549,65,17100.530824,medium,0.7783489096573208,2.778348909657321,2,648
2.663224,55,17119.263195,medium,0.7182242990654205,2.7182242990654206,2,550
2.664569,63,17143.940064,medium,0.7268691588785047,2.726869158878505,2,623
1.585777,72,17169.813902,medium,0.6574766355140187,1.6574766355140187,1,717
2.50301,55,17189.431156,medium,0.5577102803738317,2.557710280373832,2,547
2.492491,68,17213.243173,medium,0.5598909657320872,2.5598909657320874,2,674
2.849417,72,17238.588949,medium,0.9214174454828661,2.921417445482866,2,720
2.651257,59,17258.942873,medium,0.7096573208722742,2.709657320872274,2,584
2.657309,58,17278.721895,medium,0.7151090342679127,2.715109034267913,2,578
2.599794,71,17302.156414,medium,0.6707943925233645,2.6707943925233644,2,710
3.9383,62,17324.881005,medium,1.0,4.0,3,617
2.906037,72,17348.668916,medium,0.97803738317757,2.97803738317757,2,720
2.444989,56,17367.420081,medium,0.5003894080996885,2.5003894080996885,2,554
2.916474,72,17391.706871,medium,0.9884735202492212,2.9884735202492214,2,720
2.529658,64,17412.684352,medium,0.5934579439252337,2.593457943925234,2,638
2.659221,57,17431.762347,medium,0.7154205607476636,2.7154205607476634,2,562
3.9438,57,17450.825343,medium,1.0,4.0,3,562
3.9439,57,17470.355005,medium,1.0,4.0,3,561
2.516794,54,17490.547332,medium,0.5707943925233645,2.5707943925233643,2,540
2.870601,72,17515.536248,medium,0.942601246105919,2.942601246105919,2,720
1.500989,66,17537.549947,medium,0.5665887850467289,1.5665887850467288,1,656
3.9505,50,17554.638721,medium,1.0,4.0,3,495
2.553196,53,17572.358165,medium,0.6052959501557632,2.6052959501557633,2,521
2.845133,64,17594.181816,medium,0.9083333333333333,2.908333333333333,2,632
2.700975,72,17618.561105,medium,0.7729750778816199,2.77297507788162,2,720
1.391894,62,17639.510276,medium,0.4538940809968847,1.4538940809968848,1,620
2.742236,52,17659.530694,medium,0.7935358255451713,2.793535825545171,2,513
3.9394,61,17681.086554,medium,1.0,4.0,3,606
2.818109,72,17706.089342,medium,0.8901090342679128,2.8901090342679128,2,720
3.9431,57,17726.606161,medium,1.0,4.0,3,569
1.422269,55,17746.247383,medium,0.4768691588785047,1.4768691588785048,1,546
2.543153,55,17765.565838,medium,0.5980529595015577,2.598052959501558,2,549
2.73096,72,17791.343793,medium,0.8029595015576324,2.8029595015576323,2,720
3.9326,68,17814.47593,medium,1.0,4.0,3,674
1.601551,71,17841.161786,medium,0.6716510903426791,1.6716510903426791,1,701
2.756146,71,17866.360527,medium,0.8262461059190032,2.826246105919003,2,701
2.646527,66,17888.345286,medium,0.7122274143302181,2.712227414330218,2,657
2.63862,60,17909.355776,medium,0.6985202492211838,2.698520249221184,2,599
3.9334,67,17933.323489,medium,1.0,4.0,3,666
2.600284,55,17953.642189,medium,0.6549844236760125,2.6549844236760123,2,547
2.560165,72,17978.384344,medium,0.6321651090342679,2.632165109034268,2,720
2.830758,63,17999.910662,medium,0.8934579439252337,2.8934579439252337,2,627
3.9391,61,18023.615962,medium,1.0,4.0,3,609
3.9371,63,18045.50776,medium,1.0,4.0,3,629
3.9559,45,18060.673754,medium,1.0,4.0,3,441
2.702987,55,18080.242976,medium,0.7570872274143302,2.7570872274143303,2,541
3.9418,59,18101.065278,medium,1.0,4.0,3,582
2.893498,72,18125.915536,medium,0.9654984423676013,2.9654984423676014,2,720
2.70694,57,18145.346476,medium,0.7632398753894081,2.763239875389408,2,563
3.9352,65,18166.820287,medium,1.0,4.0,3,648
2.542192,61,18187.2656,medium,0.6024922118380063,2.6024922118380065,2,603
2.710909,72,18213.471003,medium,0.7820093457943925,2.7820093457943926,2,711
2.834464,72,18238.202603,medium,0.9064641744548286,2.9064641744548285,2,720
2.472548,72,18263.361151,medium,0.5445482866043614,2.5445482866043614,2,720
2.522721,52,18281.995153,medium,0.574221183800623,2.5742211838006233,2,515
2.602097,62,18303.727736,medium,0.6640965732087227,2.664096573208723,2,620
2.831427,72,18328.400235,medium,0.9034267912772586,2.9034267912772584,2,720
2.801832,72,18354.059045,medium,0.8738317757009346,2.8738317757009346,2,720
2.826832,72,18381.340499,medium,0.8988317757009345,2.8988317757009345,2,720
2.728779,72,18406.084862,medium,0.800778816199377,2.8007788161993767,2,720
3.9286,72,18431.14359,medium,1.0,4.0,3,714
2.851442,72,18456.992261,medium,0.9234423676012461,2.923442367601246,2,720
1.500845,67,18480.580975,medium,0.5674454828660436,1.5674454828660436,1,666
3.9457,55,18499.550913,medium,1.0,4.0,3,543
2.826287,72,18524.57924,medium,0.8982866043613708,2.898286604361371,2,720
0.307145,60,18545.427275,medium,0.36674454828660435,0.36674454828660435,0,596
2.455794,65,18569.850657,medium,0.5207943925233645,2.5207943925233645,2,650
3.9311,69,18594.21836,medium,1.0,4.0,3,689
2.526444,65,18617.842973,medium,0.5910436137071651,2.591043613707165,2,646
2.705841,67,18641.856094,medium,0.7727414330218069,2.7727414330218068,2,669
3.9286,72,18667.876416,medium,1.0,4.0,3,714
2.473598,59,18688.093891,medium,0.5316978193146418,2.5316978193146418,2,581
2.888592,72,18713.561199,medium,0.9605919003115265,2.9605919003115266,2,720
3.9476,53,18732.423108,medium,1.0,4.0,3,524
2.50152,72,18759.858451,medium,0.5735202492211838,2.573520249221184,2,720
3.955,45,18775.556475,medium,1.0,4.0,3,450
3.9484,52,18793.211825,medium,1.0,4.0,3,516
2.725508,72,18817.824762,medium,0.7975077881619937,2.797507788161994,2,720
3.9482,52,18835.185818,medium,1.0,4.0,3,518
2.785427,52,18853.048265,medium,0.8372274143302181,2.837227414330218,2,518
2.875508,72,18877.800531,medium,0.9475077881619938,2.9475077881619938,2,720
2.883685,72,18903.376446,medium,0.9556853582554518,2.955685358255452,2,720
3.9418,59,18925.736432,medium,1.0,4.0,3,582
2.725508,72,18951.68214,medium,0.7975077881619937,2.797507788161994,2,720
2.661424,57,18971.920923,medium,0.7182242990654205,2.7182242990654206,2,568
0.360146,67,18995.134302,medium,0.42624610591900314,0.42624610591900314,0,661
2.692355,58,19015.939659,medium,0.7494548286604361,2.7494548286604363,2,571
2.912996,68,19039.649641,medium,0.9802959501557632,2.9802959501557633,2,673
2.678876,53,19058.228935,medium,0.7317757009345794,2.7317757009345796,2,529
1.497455,69,19082.628712,medium,0.5663551401869159,1.566355140186916,1,689
2.651676,72,19109.805064,medium,0.7236760124610592,2.723676012461059,2,720
3.9373,63,19132.458626,medium,1.0,4.0,3,627
2.731894,72,19157.90868,medium,0.8038940809968848,2.803894080996885,2,720
3.9366,64,19180.971668,medium,1.0,4.0,3,634
3.9399,61,19202.605469,medium,1.0,4.0,3,601
2.734275,64,19225.032386,medium,0.7979750778816199,2.79797507788162,2,637
2.866084,72,19250.700982,medium,0.9380841121495327,2.9380841121495327,2,720
3.9507,50,19268.061009,medium,1.0,4.0,3,493
2.531893,63,19292.82489,medium,0.594392523364486,2.594392523364486,2,625
0.404873,58,19313.426951,medium,0.4627725856697819,0.4627725856697819,0,579
2.888592,72,19338.743388,medium,0.9605919003115265,2.9605919003115266,2,720
2.678602,57,19359.176806,medium,0.735202492211838,2.735202492211838,2,566
2.865695,72,19383.894723,medium,0.9376947040498442,2.9376947040498442,2,720
2.523656,52,19402.203679,medium,0.5751557632398754,2.5751557632398754,2,515
2.718255,57,19422.904486,medium,0.7744548286604361,2.7744548286604362,2,562
2.723794,72,19447.995173,medium,0.7957943925233645,2.7957943925233644,2,720
0.296925,72,19475.734693,medium,0.3689252336448598,0.3689252336448598,0,720
2.502369,58,19496.062835,medium,0.5599688473520249,2.559968847352025,2,576
2.892273,71,19521.377259,medium,0.962772585669782,2.962772585669782,2,705
2.710165,72,19546.230037,medium,0.782165109034268,2.782165109034268,2,720
3.9412,59,19567.355408,medium,1.0,4.0,3,588
2.583199,58,19589.002373,medium,0.6411993769470405,2.6411993769470405,2,580
2.784386,72,19615.124436,medium,0.856386292834891,2.856386292834891,2,720
3.9466,54,19634.307531,medium,1.0,4.0,3,534
2.688903,72,19661.724471,medium,0.7609034267912772,2.7609034267912773,2,720
2.443203,59,19683.185107,medium,0.5021028037383177,2.5021028037383175,2,589
2.844511,72,19708.36775,medium,0.9165109034267913,2.9165109034267913,2,720
2.603757,56,19728.363059,medium,0.6596573208722741,2.6596573208722742,2,559
3.9364,64,19751.793885,medium,1.0,4.0,3,636
3.9429,58,19772.101192,medium,1.0,4.0,3,571
2.598249,72,19798.039613,medium,0.6702492211838006,2.6702492211838007,2,720
2.65222,55,19817.241237,medium,0.7066199376947041,2.706619937694704,2,544
2.684238,61,19841.181881,medium,0.7449376947040498,2.74493769470405,2,607
2.847945,53,19859.679261,medium,0.9005451713395639,2.900545171339564,2,526
2.774651,72,19884.533753,medium,0.8466510903426792,2.846651090342679,2,720
2.831738,72,19909.505398,medium,0.9037383177570093,2.9037383177570093,2,720
3.9483,52,19929.120195,medium,1.0,4.0,3,517
2.8167,67,19952.250398,medium,0.8830996884735203,2.8830996884735205,2,664
2.663334,54,19971.468046,medium,0.7171339563862928,2.717133956386293,2,538
3.9342,66,19994.802791,medium,1.0,4.0,3,658
3.9388,62,20017.392912,medium,1.0,4.0,3,612
2.834077,58,20040.479437,medium,0.8912772585669781,2.891277258566978,2,572
2.669379,66,20062.926437,medium,0.7345794392523365,2.7345794392523364,2,652
2.68828,72,20088.357526,medium,0.7602803738317757,2.7602803738317756,2,720
2.670554,62,20110.128495,medium,0.7318535825545172,2.731853582554517,2,613
2.789293,72,20136.163331,medium,0.8612928348909658,2.861292834890966,2,720
2.925664,72,20162.009179,medium,0.9976635514018691,2.9976635514018692,2,720
2.722315,72,20187.750165,medium,0.7943146417445482,2.794314641744548,2,720
2.449974,56,20209.177639,medium,0.5053738317757009,2.505373831775701,2,554
2.799651,72,20233.973348,medium,0.8716510903426792,2.871651090342679,2,720
1.592599,65,20257.397175,medium,0.657398753894081,1.657398753894081,1,648
1.293506,53,20276.159831,medium,0.34610591900311527,1.3461059190031153,1,526
2.440283,64,20299.367373,medium,0.5042834890965732,2.504283489096573,2,640
2.616568,68,20324.497771,medium,0.6842679127725857,2.6842679127725857,2,677
2.60304,69,20349.599732,medium,0.6713395638629284,2.6713395638629285,2,683
2.528389,72,20375.77753,medium,0.6003894080996884,2.6003894080996885,2,720
2.799417,72,20403.335052,medium,0.871417445482866,2.871417445482866,2,720
2.792167,59,20424.233545,medium,0.8504672897196262,2.850467289719626,2,583
2.692799,57,20444.900786,medium,0.7492990654205608,2.7492990654205607,2,565
3.9284,72,20470.725845,medium,1.0,4.0,3,716
2.870601,72,20497.077002,medium,0.942601246105919,2.942601246105919,2,720
2.643109,72,20522.50559,medium,0.7151090342679127,2.715109034267913,2,720
2.846127,58,20542.818508,medium,0.9034267912772586,2.9034267912772584,2,573
2.729869,72,20568.073251,medium,0.8018691588785046,2.8018691588785045,2,720
2.772846,71,20594.451851,medium,0.8431464174454829,2.843146417445483,2,703
2.747704,72,20619.387083,medium,0.8197040498442367,2.819704049844237,2,720
2.528776,70,20643.320114,medium,0.5986760124610592,2.598676012461059,2,699
2.681193,72,20668.371781,medium,0.7531931464174455,2.7531931464174457,2,720
2.788267,71,20692.95953,medium,0.8585669781931464,2.8585669781931466,2,703
2.591162,72,20717.658483,medium,0.6631619937694704,2.6631619937694704,2,720
2.89476,67,20741.1989,medium,0.9617601246105919,2.961760124610592,2,670
2.785935,65,20765.208218,medium,0.8509345794392523,2.850934579439252,2,650
2.733281,69,20789.291142,medium,0.8021806853582555,2.8021806853582554,2,689
3.9428,58,20809.582248,medium,1.0,4.0,3,572
3.9401,60,20830.388999,medium,1.0,4.0,3,599
2.609698,72,20855.555799,medium,0.6816978193146418,2.6816978193146417,2,720
2.548561,72,20881.747892,medium,0.6205607476635514,2.6205607476635513,2,720
2.766084,72,20906.469942,medium,0.8380841121495327,2.8380841121495326,2,720
2.925196,72,20930.625612,medium,0.997196261682243,2.9971962616822427,2,720
2.486411,72,20956.650228,medium,0.5584112149532711,2.558411214953271,2,720
2.570775,61,20976.895007,medium,0.6310747663551401,2.63107476635514,2,603
3.9444,56,20996.30126,medium,1.0,4.0,3,556
3.9399,61,21017.385477,medium,1.0,4.0,3,601
2.787813,72,21042.130634,medium,0.8598130841121495,2.8598130841121496,2,720
2.643888,72,21066.036092,medium,0.7158878504672898,2.71588785046729,2,720
2.698561,72,21090.836198,medium,0.7705607476635514,2.770560747663551,2,720
2.481894,72,21117.311253,medium,0.5538940809968848,2.553894080996885,2,720
3.9462,54,21136.443035,medium,1.0,4.0,3,538
2.619884,52,21154.856556,medium,0.6711838006230529,2.671183800623053,2,513
3.9516,49,21172.075728,medium,1.0,4.0,3,484
2.551209,72,21197.16839,medium,0.623208722741433,2.623208722741433,2,720
3.9532,47,21213.861507,medium,1.0,4.0,3,468
2.819477,72,21239.335794,medium,0.8912772585669781,2.891277258566978,2,718
2.680587,68,21262.660301,medium,0.7482866043613707,2.748286604361371,2,677
3.9564,44,21277.373097,medium,1.0,4.0,3,436
2.708568,68,21302.649534,medium,0.7761682242990654,2.7761682242990653,2,676
3.9462,54,21321.122419,medium,1.0,4.0,3,538
2.518421,72,21346.18023,medium,0.5904205607476636,2.5904205607476634,2,720
2.846496,51,21364.28278,medium,0.897196261682243,2.897196261682243,2,507
2.725416,54,21384.187231,medium,0.778816199376947,2.778816199376947,2,534
2.777578,65,21406.641404,medium,0.8419781931464174,2.841978193146417,2,644
2.835222,65,21428.868831,medium,0.8999221183800623,2.8999221183800623,2,647
2.679012,72,21452.346347,medium,0.7510124610591901,2.75101246105919,2,720
2.632206,72,21478.305861,medium,0.7042056074766355,2.7042056074766356,2,720
2.784744,66,21501.081662,medium,0.8498442367601247,2.8498442367601244,2,651
2.831464,59,21521.493352,medium,0.8895638629283489,2.889563862928349,2,581
3.9407,60,21542.156183,medium,1.0,4.0,3,593
2.563826,72,21567.04901,medium,0.6358255451713396,2.6358255451713397,2,720
0.417196,72,21591.387361,medium,0.4883956386292835,0.4883956386292835,0,712
3.9385,62,21612.844917,medium,1.0,4.0,3,615
2.856505,72,21637.273202,medium,0.9285046728971963,2.9285046728971964,2,720
3.9453,55,21657.746995,medium,1.0,4.0,3,547
3.9305,70,21681.715653,medium,1.0,4.0,3,695
2.867798,72,21706.983495,medium,0.939797507788162,2.939797507788162,2,720
2.798145,69,21730.798389,medium,0.8667445482866044,2.8667445482866043,2,686
2.872237,72,21755.271545,medium,0.9442367601246106,2.9442367601246104,2,720
2.875544,66,21777.946654,medium,0.9410436137071652,2.941043613707165,2,655
2.767007,64,21799.373846,medium,0.830607476635514,2.830607476635514,2,636
2.653801,64,21822.372612,medium,0.717601246105919,2.717601246105919,2,638
3.9434,57,21842.346086,medium,1.0,4.0,3,566
2.873184,57,21861.822133,medium,0.9299844236760124,2.9299844236760126,2,568
3.9441,56,21880.893464,medium,1.0,4.0,3,559
2.871232,62,21902.59983,medium,0.932632398753894,2.932632398753894,2,614
3.9401,60,21922.651351,medium,1.0,4.0,3,599
2.872378,61,21943.976119,medium,0.9331775700934579,2.933177570093458,2,608
3.9399,61,21965.651614,medium,1.0,4.0,3,601
2.779288,71,21990.474626,medium,0.8496884735202492,2.8496884735202492,2,704
2.895317,68,22016.753451,medium,0.9626168224299065,2.9626168224299065,2,673
2.778467,72,22040.557245,medium,0.8504672897196262,2.850467289719626,2,720
2.791707,72,22065.374507,medium,0.8637071651090342,2.8637071651090342,2,720
2.734608,63,22086.128578,medium,0.7975077881619937,2.797507788161994,2,629
2.663832,60,22106.265276,medium,0.7238317757009346,2.7238317757009347,2,600
2.475275,65,22128.429672,medium,0.5398753894080996,2.5398753894081,2,646
2.806583,72,22152.949188,medium,0.878582554517134,2.878582554517134,2,720
2.697876,68,22177.404778,medium,0.7655763239875389,2.765576323987539,2,677
2.840016,64,22198.531677,medium,0.903816199376947,2.903816199376947,2,638
3.9479,53,22216.253085,medium,1.0,4.0,3,521
2.872123,54,22232.940983,medium,0.9256230529595015,2.9256230529595015,2,535
1.355442,52,22249.859085,medium,0.40654205607476634,1.4065420560747663,1,511
2.887657,64,22269.888343,medium,0.9508566978193146,2.9508566978193147,2,632
2.642564,72,22293.213615,medium,0.714563862928349,2.714563862928349,2,720
2.753495,60,22312.366596,medium,0.8126947040498442,2.8126947040498442,2,592
3.9311,69,22336.272079,medium,1.0,4.0,3,689
2.560204,68,22363.163701,medium,0.627803738317757,2.6278037383177573,2,676
2.773573,65,22386.611979,medium,0.837772585669782,2.837772585669782,2,642
2.816915,62,22406.898463,medium,0.8781152647975078,2.8781152647975077,2,612
3.9345,66,22429.385263,medium,1.0,4.0,3,655
3.962,38,22441.527096,medium,1.0,4.0,3,380
3.9354,65,22462.009321,medium,1.0,4.0,3,646
2.874417,72,22486.000833,medium,0.946417445482866,2.946417445482866,2,720
3.9407,60,22507.567818,medium,1.0,4.0,3,593
1.358562,55,22529.399899,medium,0.4131619937694704,1.4131619937694704,1,546
2.787813,72,22555.561244,medium,0.8598130841121495,2.8598130841121496,2,720
2.565621,51,22573.578753,medium,0.6161214953271028,2.6161214953271026,2,505
3.9453,55,22592.601611,medium,1.0,4.0,3,547
1.672546,62,22613.929836,medium,0.7343457943925233,1.7343457943925233,1,618
2.697215,64,22636.55618,medium,0.7612149532710281,2.761214953271028,2,640
2.680897,59,22658.008195,medium,0.7390965732087228,2.7390965732087227,2,582
3.929,71,22682.331867,medium,1.0,4.0,3,710
3.9495,51,22700.681224,medium,1.0,4.0,3,505
2.64614,59,22723.127013,medium,0.7051401869158879,2.7051401869158878,2,590
2.752634,57,22742.69274,medium,0.8090342679127726,2.8090342679127724,2,564
2.547296,67,22765.159064,medium,0.6133956386292835,2.6133956386292834,2,661
2.790621,51,22784.153018,medium,0.8411214953271028,2.8411214953271027,2,505
2.698619,58,22805.687035,medium,0.7559190031152648,2.755919003115265,2,573
2.619048,51,22824.180419,medium,0.6695482866043614,2.6695482866043614,2,505
2.648841,57,22843.940919,medium,0.7058411214953271,2.705841121495327,2,570
2.467868,50,22862.056705,medium,0.5173676012461059,2.517367601246106,2,495
2.717097,72,22888.071894,medium,0.7890965732087227,2.789096573208723,2,720
2.60291,55,22907.730344,medium,0.6577102803738317,2.6577102803738315,2,548
2.600975,72,22931.163392,medium,0.6729750778816199,2.67297507788162,2,720
2.481087,51,22947.688886,medium,0.5320872274143302,2.5320872274143302,2,510
2.772421,69,22969.112127,medium,0.8411214953271028,2.8411214953271027,2,687
2.654301,55,22987.372569,medium,0.7088006230529595,2.7088006230529595,2,545
3.9358,65,23009.457198,medium,1.0,4.0,3,642
3.9297,71,23033.848225,medium,1.0,4.0,3,703
2.921847,72,23058.819312,medium,0.9938473520249221,2.9938473520249222,2,720
3.94,60,23080.382131,medium,1.0,4.0,3,600
2.809308,72,23103.216136,medium,0.8813084112149533,2.8813084112149534,2,720
3.9386,62,23123.060868,medium,1.0,4.0,3,614
2.855537,64,23143.301763,medium,0.9192367601246106,2.9192367601246105,2,637
3.9467,54,23160.725175,medium,1.0,4.0,3,533
2.79507,58,23179.033552,medium,0.8525700934579439,2.8525700934579437,2,575
2.592895,54,23196.945112,medium,0.6464953271028038,2.6464953271028038,2,536
2.725508,72,23220.149346,medium,0.7975077881619937,2.797507788161994,2,720
2.661631,62,23241.879122,medium,0.7231308411214953,2.7231308411214954,2,615
3.9362,64,23262.496736,medium,1.0,4.0,3,638
2.880821,69,23284.917273,medium,0.949221183800623,2.9492211838006233,2,684
2.820835,72,23307.853825,medium,0.8928348909657321,2.892834890965732,2,720
2.617875,72,23330.65719,medium,0.6898753894080997,2.6898753894081,2,720
2.551414,60,23349.404419,medium,0.6105140186915888,2.610514018691589,2,591
2.927299,72,23372.644811,medium,0.9992990654205608,2.9992990654205607,2,720
3.9441,56,23390.925354,medium,1.0,4.0,3,559
2.831427,72,23415.402983,medium,0.9034267912772586,2.9034267912772584,2,720
3.9307,70,23438.549788,medium,1.0,4.0,3,693
2.566583,54,23457.393918,medium,0.6204828660436137,2.6204828660436137,2,539
3.9539,47,23473.207106,medium,1.0,4.0,3,461
2.766785,56,23491.957624,medium,0.8218847352024922,2.821884735202492,2,551
1.411515,50,23508.188504,medium,0.461214953271028,1.461214953271028,1,497
2.518732,72,23531.390022,medium,0.5907320872274143,2.590732087227414,2,720
2.933612,59,23550.186238,medium,0.9922118380062306,2.992211838006231,2,586
2.870056,72,23576.279799,medium,0.9420560747663551,2.942056074766355,2,720
2.447003,72,23600.001411,medium,0.5190031152647975,2.5190031152647974,2,720
3.938,62,23621.314053,medium,1.0,4.0,3,620
1.409747,60,23642.512191,medium,0.4688473520249221,1.4688473520249221,1,591
2.602065,72,23667.12015,medium,0.6740654205607477,2.6740654205607477,2,720
2.865695,72,23692.340689,medium,0.9376947040498442,2.9376947040498442,2,720
2.728226,59,23712.426018,medium,0.7865264797507788,2.786526479750779,2,583
2.770757,72,23738.011147,medium,0.8427570093457943,2.842757009345794,2,720
2.485482,60,23762.366583,medium,0.5447819314641744,2.5447819314641746,2,593
3.9389,62,23784.036647,medium,1.0,4.0,3,611
2.471474,51,23801.497077,medium,0.5222741433021807,2.5222741433021807,2,508
3.9343,66,23824.412708,medium,1.0,4.0,3,657
2.513914,55,23843.643252,medium,0.5686137071651091,2.568613707165109,2,547
2.76515,72,23868.869534,medium,0.8371495327102804,2.8371495327102805,2,720
2.825048,70,23894.578759,medium,0.8945482866043614,2.8945482866043615,2,695
2.881894,72,23920.358711,medium,0.9538940809968848,2.9538940809968848,2,720
2.831427,72,23949.382487,medium,0.9034267912772586,2.9034267912772584,2,720
2.646121,62,23975.145494,medium,0.7073208722741433,2.7073208722741433,2,612
1.396908,51,23993.266741,medium,0.44750778816199377,1.4475077881619938,1,506
3.9491,51,24011.335193,medium,1.0,4.0,3,509
3.9296,71,24035.571603,medium,1.0,4.0,3,704
2.767443,65,24057.808077,medium,0.8322429906542056,2.8322429906542057,2,648
2.548016,72,24083.250708,medium,0.6200155763239875,2.6200155763239876,2,720
2.621464,60,24103.872272,medium,0.6814641744548287,2.6814641744548284,2,600
2.785477,72,24130.884208,medium,0.8574766355140186,2.8574766355140184,2,720
2.483936,60,24151.978709,medium,0.5435358255451713,2.543535825545171,2,596
3.9376,63,24174.018327,medium,1.0,4.0,3,624
2.632206,72,24198.807099,medium,0.7042056074766355,2.7042056074766356,2,720
3.9548,46,24215.005723,medium,1.0,4.0,3,452
2.862502,72,24240.900622,medium,0.9345015576323987,2.934501557632399,2,720
3.9538,47,24258.137876,medium,1.0,4.0,3,462
2.702455,72,24283.50394,medium,0.7744548286604361,2.7744548286604362,2,720
2.544797,62,24306.811467,medium,0.6059968847352025,2.6059968847352026,2,612
3.938,62,24328.201071,medium,1.0,4.0,3,620
2.468493,52,24346.10127,medium,0.5200934579439253,2.520093457943925,2,516
2.903353,70,24370.180854,medium,0.9730529595015577,2.973052959501558,2,697
3.9313,69,24394.499369,medium,1.0,4.0,3,687
2.707361,72,24418.998316,medium,0.7793613707165109,2.779361370716511,2,720
2.878907,60,24439.586942,medium,0.9387071651090343,2.9387071651090344,2,598
2.805648,72,24464.857298,medium,0.8776479750778816,2.8776479750778816,2,720
2.649106,72,24493.031118,medium,0.7211059190031153,2.721105919003115,2,720
2.865695,72,24518.310237,medium,0.9376947040498442,2.9376947040498442,2,720
2.750819,72,24543.620238,medium,0.8228193146417445,2.8228193146417446,2,720
2.897766,52,24561.91797,medium,0.9497663551401869,2.949766355140187,2,520
2.566625,53,24579.830491,medium,0.6189252336448599,2.61892523364486,2,523
2.650608,64,24602.806307,medium,0.7144080996884735,2.7144080996884736,2,638
3.957,43,24619.321369,medium,1.0,4.0,3,430
3.9447,56,24640.15342,medium,1.0,4.0,3,553
3.952,48,24659.645687,medium,1.0,4.0,3,480
2.736489,72,24685.521452,medium,0.8084890965732088,2.8084890965732088,2,720
3.9352,65,24708.933814,medium,1.0,4.0,3,648
2.787813,72,24735.273875,medium,0.8598130841121495,2.8598130841121496,2,720
3.9535,47,24751.743973,medium,1.0,4.0,3,465
3.934,66,24775.793118,medium,1.0,4.0,3,660
3.95,50,24793.817155,medium,1.0,4.0,3,500
3.9447,56,24813.562658,medium,1.0,4.0,3,553
2.748171,72,24839.441109,medium,0.8201713395638629,2.820171339563863,2,720
2.730352,59,24862.262694,medium,0.7892523364485982,2.789252336448598,2,589
3.9508,50,24880.445733,medium,1.0,4.0,3,492
2.605065,53,24900.146668,medium,0.657165109034268,2.657165109034268,2,521
3.9491,51,24917.726386,medium,1.0,4.0,3,509
3.9284,72,24943.726835,medium,1.0,4.0,3,716
3.9519,49,24961.313267,medium,1.0,4.0,3,481
2.746927,57,24982.313727,medium,0.8034267912772586,2.803426791277259,2,565
1.537291,56,25002.605704,medium,0.5929906542056075,1.5929906542056074,1,557
2.679869,72,25028.904307,medium,0.7518691588785047,2.7518691588785047,2,720
2.707867,68,25055.024892,medium,0.7754672897196262,2.775467289719626,2,676
1.513813,63,25078.481681,medium,0.5767133956386293,1.5767133956386292,1,629
2.508422,59,25099.214646,medium,0.5668224299065421,2.566822429906542,2,584
2.769783,68,25123.88071,medium,0.8373831775700935,2.8373831775700937,2,676
2.831427,72,25148.195129,medium,0.9034267912772586,2.9034267912772584,2,720
3.9517,49,25165.351765,medium,1.0,4.0,3,483
2.69448,66,25188.258239,medium,0.7602803738317757,2.7602803738317756,2,658
3.931,69,25213.442442,medium,1.0,4.0,3,690
2.461703,58,25236.320538,medium,0.5190031152647975,2.5190031152647974,2,573
2.518498,72,25261.124794,medium,0.5904984423676013,2.5904984423676014,2,720
2.555108,52,25279.504254,medium,0.6063084112149533,2.606308411214953,2,512
2.79757,72,25306.00787,medium,0.8694704049844236,2.8694704049844235,2,719
3.935,65,25329.711235,medium,1.0,4.0,3,650
3.9423,58,25351.069514,medium,1.0,4.0,3,577
3.9295,71,25376.010864,medium,1.0,4.0,3,705
2.667019,72,25404.232788,medium,0.7390186915887851,2.739018691588785,2,720
2.831427,72,25429.642635,medium,0.9034267912772586,2.9034267912772584,2,720
3.9472,53,25447.838727,medium,1.0,4.0,3,528
3.9562,44,25463.793154,medium,1.0,4.0,3,438
2.762657,72,25489.341222,medium,0.8346573208722742,2.834657320872274,2,720
3.9376,63,25512.660126,medium,1.0,4.0,3,624
2.658837,70,25537.931512,medium,0.72803738317757,2.72803738317757,2,692
2.752684,61,25560.240414,medium,0.8130841121495327,2.8130841121495327,2,604
2.846213,72,25587.95142,medium,0.9179127725856698,2.91791277258567,2,717
3.9591,41,25602.780616,medium,1.0,4.0,3,409
2.734446,67,25626.825431,medium,0.8012461059190031,2.8012461059190032,2,668
3.9402,60,25648.765943,medium,1.0,4.0,3,598
0.341799,58,25669.996628,medium,0.39929906542056076,0.39929906542056076,0,575
3.9349,66,25693.325608,medium,1.0,4.0,3,651
2.668109,72,25719.756694,medium,0.7401090342679127,2.740109034267913,2,720
3.9474,53,25738.470717,medium,1.0,4.0,3,526
2.712274,60,25759.979989,medium,0.7722741433021807,2.7722741433021807,2,600
2.560087,72,25786.607907,medium,0.6320872274143302,2.6320872274143303,2,720
2.737423,64,25809.843012,medium,0.8006230529595015,2.8006230529595015,2,632
1.320584,51,25829.573974,medium,0.37118380062305295,1.371183800623053,1,506
2.869066,72,25855.169887,medium,0.9409657320872274,2.9409657320872276,2,719
2.595855,71,25878.535997,medium,0.6663551401869159,2.6663551401869157,2,705
3.9438,57,25899.207634,medium,1.0,4.0,3,562
2.665461,72,25925.670632,medium,0.7374610591900311,2.7374610591900312,2,720
3.9376,63,25948.102612,medium,1.0,4.0,3,624
3.9421,58,25969.902403,medium,1.0,4.0,3,579
2.90135,70,25995.127255,medium,0.9709501557632398,2.97095015576324,2,696
2.657517,72,26022.084985,medium,0.7295171339563863,2.7295171339563864,2,720
2.789721,52,26040.076571,medium,0.8411214953271028,2.8411214953271027,2,514
2.811058,66,26064.104013,medium,0.8765576323987538,2.876557632398754,2,655
2.539737,64,26087.307679,medium,0.60303738317757,2.60303738317757,2,633
2.638643,52,26106.321435,medium,0.6903426791277258,2.690342679127726,2,517
2.737719,52,26125.590102,medium,0.789018691588785,2.789018691588785,2,513
2.831427,72,26154.192757,medium,0.9034267912772586,2.9034267912772584,2,720
3.9472,53,26173.663957,medium,1.0,4.0,3,528
2.446807,67,26198.101741,medium,0.5137071651090342,2.513707165109034,2,669
2.809386,72,26225.481108,medium,0.881386292834891,2.881386292834891,2,720
3.9447,56,26245.815948,medium,1.0,4.0,3,553
2.81328,72,26272.072126,medium,0.8852803738317757,2.8852803738317756,2,720
3.9408,60,26293.62573,medium,1.0,4.0,3,592
2.892953,72,26319.2563,medium,0.9649532710280374,2.9649532710280373,2,720
3.9427,58,26342.524439,medium,1.0,4.0,3,573
3.9305,70,26368.265901,medium,1.0,4.0,3,695
2.855664,68,26393.643888,medium,0.9233644859813084,2.9233644859813084,2,677
2.491162,72,26419.189332,medium,0.5631619937694704,2.5631619937694703,2,720
2.675742,64,26442.955981,medium,0.7396417445482866,2.739641744548287,2,639
2.712968,72,26469.113102,medium,0.7842679127725857,2.784267912772586,2,713
2.778821,63,26491.620609,medium,0.8411214953271028,2.8411214953271027,2,623
3.931,69,26516.84803,medium,1.0,4.0,3,690
2.478779,72,26545.108982,medium,0.550778816199377,2.5507788161993767,2,720
2.875321,66,26569.733366,medium,0.9404205607476636,2.9404205607476634,2,651
3.9428,58,26590.66194,medium,1.0,4.0,3,572
2.597759,72,26616.38794,medium,0.6691588785046729,2.669158878504673,2,714
3.933,67,26640.765115,medium,1.0,4.0,3,670
1.42548,51,26658.728187,medium,0.4764797507788162,1.4764797507788163,1,510
2.687712,55,26679.208887,medium,0.7422118380062306,2.742211838006231,2,545
3.943,57,26700.670664,medium,1.0,4.0,3,570
2.692519,72,26729.122894,medium,0.764018691588785,2.764018691588785,2,715
3.9538,47,26746.289533,medium,1.0,4.0,3,462
2.758607,72,26771.722241,medium,0.830607476635514,2.830607476635514,2,720
3.9389,62,26793.886372,medium,1.0,4.0,3,611
3.9494,51,26812.226526,medium,1.0,4.0,3,506
2.770212,72,26837.440061,medium,0.8422118380062306,2.8422118380062305,2,720
3.9335,67,26862.526506,medium,1.0,4.0,3,665
3.9437,57,26883.521819,medium,1.0,4.0,3,563
2.876131,72,26911.36916,medium,0.9481308411214954,2.9481308411214955,2,720
2.6823,68,26936.509086,medium,0.75,2.75,2,677
2.485382,60,26958.741088,medium,0.5447819314641744,2.5447819314641746,2,594
1.399099,59,26979.547657,medium,0.457398753894081,1.457398753894081,1,583
3.9364,64,27002.406054,medium,1.0,4.0,3,636
2.859313,51,27021.059515,medium,0.9098130841121496,2.9098130841121495,2,505
2.582283,72,27046.963606,medium,0.6542834890965732,2.6542834890965734,2,720
3.9522,48,27064.555336,medium,1.0,4.0,3,478
2.787813,72,27093.174093,medium,0.8598130841121495,2.8598130841121496,2,720
2.819095,61,27114.453962,medium,0.879595015576324,2.879595015576324,2,605
2.601603,51,27132.850282,medium,0.6521028037383177,2.652102803738318,2,505
2.902267,65,27156.328641,medium,0.9666666666666667,2.966666666666667,2,644
1.436577,63,27178.540969,medium,0.49937694704049845,1.4993769470404985,1,628
2.864923,61,27199.451629,medium,0.9256230529595015,2.9256230529595015,2,607
3.941,59,27220.779092,medium,1.0,4.0,3,590
3.9497,51,27239.251566,medium,1.0,4.0,3,503
2.709587,56,27260.803167,medium,0.7651869158878505,2.7651869158878504,2,556
2.778321,63,27285.367854,medium,0.8411214953271028,2.8411214953271027,2,628
3.935,65,27308.748237,medium,1.0,4.0,3,650
2.653937,58,27329.613514,medium,0.7111370716510903,2.7111370716510903,2,572
2.748794,72,27354.948109,medium,0.8207943925233645,2.8207943925233643,2,720
3.9435,57,27375.171899,medium,1.0,4.0,3,565
2.552431,63,27398.4645,medium,0.615031152647975,2.6150311526479753,2,626
3.9301,70,27424.182169,medium,1.0,4.0,3,699
2.727804,67,27448.121233,medium,0.7947040498442368,2.7947040498442366,2,669
2.640867,68,27473.83283,medium,0.7085669781931464,2.7085669781931463,2,677
2.649313,53,27493.286291,medium,0.7017133956386293,2.7017133956386292,2,524
3.9353,65,27516.764955,medium,1.0,4.0,3,647
2.761608,53,27536.277365,medium,0.8144080996884735,2.8144080996884737,2,528
2.753734,64,27559.805822,medium,0.8171339563862928,2.817133956386293,2,634
3.9507,50,27577.915523,medium,1.0,4.0,3,493
2.725508,72,27603.752037,medium,0.7975077881619937,2.797507788161994,2,720
2.642019,72,27631.819422,medium,0.7140186915887851,2.714018691588785,2,720
3.9572,43,27648.622746,medium,1.0,4.0,3,428
2.618872,61,27675.25784,medium,0.6789719626168225,2.6789719626168225,2,601
3.9413,59,27695.824167,medium,1.0,4.0,3,587
2.787813,72,27720.82322,medium,0.8598130841121495,2.8598130841121496,2,720
2.865695,72,27746.153449,medium,0.9376947040498442,2.9376947040498442,2,720
3.9343,66,27769.43716,medium,1.0,4.0,3,657
2.81328,72,27794.26773,medium,0.8852803738317757,2.8852803738317756,2,720
1.436089,56,27813.558018,medium,0.491588785046729,1.491588785046729,1,555
3.9463,54,27833.416662,medium,1.0,4.0,3,537
2.726988,72,27860.982302,medium,0.79898753894081,2.79898753894081,2,720
2.742408,72,27885.922099,medium,0.8144080996884735,2.8144080996884737,2,720
2.785637,59,27906.510068,medium,0.8442367601246106,2.844236760124611,2,586
2.736578,56,27926.953596,medium,0.7919781931464175,2.7919781931464174,2,554
2.742042,65,27950.745261,medium,0.8065420560747664,2.8065420560747665,2,645
2.603974,69,27975.560004,medium,0.6722741433021807,2.6722741433021806,2,683
2.679806,67,27998.674318,medium,0.7461059190031153,2.7461059190031154,2,663
2.593274,63,28022.831362,medium,0.655373831775701,2.6553738317757007,2,621
3.9506,50,28039.792616,medium,1.0,4.0,3,494
2.637685,52,28058.080776,medium,0.688785046728972,2.688785046728972,2,511
3.9468,54,28077.005371,medium,1.0,4.0,3,532
3.9339,67,28101.716442,medium,1.0,4.0,3,661
2.725508,72,28126.93498,medium,0.7975077881619937,2.797507788161994,2,720
3.9455,55,28146.921576,medium,1.0,4.0,3,545
3.9363,64,28169.778027,medium,1.0,4.0,3,637
2.666386,57,28191.125653,medium,0.7225856697819315,2.7225856697819317,2,562
3.9597,41,28207.544871,medium,1.0,4.0,3,403
2.735408,63,28231.28951,medium,0.7975077881619937,2.797507788161994,2,621
2.651135,67,28255.514859,medium,0.717834890965732,2.717834890965732,2,667
2.731972,72,28281.450704,medium,0.8039719626168225,2.8039719626168225,2,720
2.530373,50,28299.597479,medium,0.5796728971962617,2.5796728971962617,2,493
2.722081,72,28325.068383,medium,0.7940809968847352,2.7940809968847353,2,720
2.825274,72,28350.687708,medium,0.8972741433021807,2.8972741433021807,2,720
3.9324,68,28375.268198,medium,1.0,4.0,3,676
2.834931,72,28402.442412,medium,0.9069314641744548,2.9069314641744546,2,720
2.518873,61,28424.329348,medium,0.5796728971962617,2.5796728971962617,2,608
3.9309,70,28449.867401,medium,1.0,4.0,3,691
2.709745,66,28473.632402,medium,0.7755451713395639,2.775545171339564,2,658
0.418031,72,28499.443964,medium,0.4900311526479751,0.4900311526479751,0,720
2.809764,72,28525.650841,medium,0.8814641744548286,2.8814641744548286,2,717
2.672742,67,28550.165379,medium,0.7396417445482866,2.739641744548287,2,669
2.698335,70,28576.950947,medium,0.7678348909657321,2.767834890965732,2,695
3.9483,52,28596.062359,medium,1.0,4.0,3,517
2.622042,60,28616.849269,medium,0.6815420560747664,2.6815420560747665,2,595
2.875395,63,28639.584689,medium,0.9376947040498442,2.9376947040498442,2,623
2.714449,72,28666.02463,medium,0.7864485981308411,2.786448598130841,2,720
2.914079,71,28692.430726,medium,0.9845794392523365,2.9845794392523364,2,705
2.865695,72,28718.576056,medium,0.9376947040498442,2.9376947040498442,2,720
3.9368,64,28742.057646,medium,1.0,4.0,3,632
3.9523,48,28759.759312,medium,1.0,4.0,3,477
2.935206,61,28784.176505,medium,0.9961059190031153,2.9961059190031154,2,609
3.9462,54,28803.913793,medium,1.0,4.0,3,538
2.615649,55,28823.663799,medium,0.6702492211838006,2.6702492211838007,2,546
2.693207,62,28846.619512,medium,0.7549065420560748,2.7549065420560748,2,617
2.867953,72,28872.58541,medium,0.9399532710280374,2.9399532710280374,2,720
2.725508,72,28898.805203,medium,0.7975077881619937,2.797507788161994,2,720
2.545073,52,28917.014856,medium,0.5965732087227414,2.5965732087227416,2,515
2.865695,72,28943.337066,medium,0.9376947040498442,2.9376947040498442,2,720
1.404999,53,28964.988889,medium,0.457398753894081,1.457398753894081,1,524
3.9524,48,28982.38065,medium,1.0,4.0,3,476
3.9406,60,29003.962103,medium,1.0,4.0,3,594
2.800897,72,29030.65132,medium,0.8728971962616823,2.8728971962616825,2,720
0.358374,72,29056.887141,medium,0.43037383177570093,0.43037383177570093,0,720
2.460607,54,29076.428344,medium,0.5137071651090342,2.513707165109034,2,531
3.9301,70,29101.940241,medium,1.0,4.0,3,699
2.448023,70,29127.762898,medium,0.5175233644859814,2.5175233644859816,2,695
3.9548,46,29146.913789,medium,1.0,4.0,3,452
3.9492,51,29165.134889,medium,1.0,4.0,3,508
3.9529,48,29182.739367,medium,1.0,4.0,3,471
2.585862,61,29205.222068,medium,0.6462616822429906,2.6462616822429905,2,604
2.849807,72,29231.350325,medium,0.9218068535825545,2.9218068535825545,2,720
3.9462,54,29250.387801,medium,1.0,4.0,3,538
2.52909,72,29276.564527,medium,0.6010903426791278,2.601090342679128,2,720
3.948,52,29296.42944,medium,1.0,4.0,3,520
2.548547,71,29323.085872,medium,0.6188473520249221,2.6188473520249222,2,703
2.808919,72,29351.063985,medium,0.8809190031152648,2.880919003115265,2,720
2.825251,72,29377.247458,medium,0.8966510903426791,2.896651090342679,2,714
2.613288,53,29397.362061,medium,0.6658878504672897,2.6658878504672896,2,526
3.9492,51,29416.300001,medium,1.0,4.0,3,508
3.9492,51,29434.299943,medium,1.0,4.0,3,508
2.74895,72,29461.359334,medium,0.8209501557632399,2.82095015576324,2,720
2.472942,59,29483.280879,medium,0.5315420560747663,2.531542056074766,2,586
3.9374,63,29506.068908,medium,1.0,4.0,3,626
3.9414,59,29529.340285,medium,1.0,4.0,3,586
1.406298,51,29547.636905,medium,0.45669781931464176,1.4566978193146418,1,504
3.9494,51,29566.498269,medium,1.0,4.0,3,506
2.857016,72,29593.411413,medium,0.928816199376947,2.9288161993769473,2,718
1.322645,53,29612.138933,medium,0.3755451713395639,1.3755451713395639,1,529
2.684732,56,29633.082894,medium,0.7407320872274143,2.740732087227414,2,560
2.592865,65,29657.127638,medium,0.657165109034268,2.657165109034268,2,643
3.9527,48,29675.221791,medium,1.0,4.0,3,473
2.790674,65,29699.318563,medium,0.8553738317757009,2.855373831775701,2,647
2.543854,63,29724.310359,medium,0.6068535825545172,2.606853582554517,2,630
3.9474,53,29743.615853,medium,1.0,4.0,3,526
3.9468,54,29762.919606,medium,1.0,4.0,3,532
3.9382,62,29784.882877,medium,1.0,4.0,3,618
1.437619,52,29803.720748,medium,0.489018691588785,1.489018691588785,1,514
3.9368,64,29826.990577,medium,1.0,4.0,3,632
2.881833,60,29849.105359,medium,0.9414330218068536,2.9414330218068536,2,596
2.8443,56,29869.718024,medium,0.9,2.9,2,557
2.871692,72,29896.775595,medium,0.9436915887850468,2.9436915887850468,2,720
2.817869,51,29917.180992,medium,0.8687694704049844,2.8687694704049846,2,509
2.900634,50,29935.579087,medium,0.9502336448598131,2.950233644859813,2,496
1.423189,53,29954.198987,medium,0.4753894080996885,1.4753894080996885,1,522
2.62489,52,29973.679455,medium,0.6760903426791277,2.6760903426791276,2,512
3.9441,56,29994.538394,medium,1.0,4.0,3,559
2.903857,72,30021.49429,medium,0.9758566978193146,2.9758566978193146,2,720
3.9508,50,30039.648012,medium,1.0,4.0,3,492
3.9568,44,30055.831764,medium,1.0,4.0,3,432
2.622159,72,30082.724117,medium,0.694158878504673,2.694158878504673,2,720
1.367127,54,30103.972464,medium,0.4203271028037383,1.4203271028037383,1,532
2.798171,72,30129.956238,medium,0.8701713395638629,2.870171339563863,2,720
2.541286,57,30151.267879,medium,0.5975856697819315,2.5975856697819317,2,563
2.86624,72,30177.302953,medium,0.9382398753894081,2.9382398753894083,2,720
2.711635,65,30201.618988,medium,0.7759345794392524,2.7759345794392525,2,643
3.9339,67,30225.994387,medium,1.0,4.0,3,661
3.9604,40,30240.50365,medium,1.0,4.0,3,396
2.755336,72,30267.506084,medium,0.8273364485981308,2.827336448598131,2,720
2.848171,72,30295.531706,medium,0.9201713395638629,2.920171339563863,2,720
2.858685,72,30322.264994,medium,0.9306853582554517,2.9306853582554515,2,720
3.9425,58,30345.307949,medium,1.0,4.0,3,575
2.898283,56,30366.606539,medium,0.9535825545171339,2.953582554517134,2,553
2.738047,72,30393.269028,medium,0.8100467289719626,2.8100467289719626,2,720
2.570299,54,30413.632299,medium,0.6242990654205608,2.6242990654205607,2,540
1.512891,72,30439.972025,medium,0.5848909657320872,1.5848909657320873,1,720
3.9538,47,30457.409863,medium,1.0,4.0,3,462
2.632656,60,30480.493643,medium,0.6920560747663551,2.692056074766355,2,594
1.409259,52,30500.406332,medium,0.46105919003115264,1.4610591900311527,1,518
3.9473,53,30520.834091,medium,1.0,4.0,3,527
3.9494,51,30539.588942,medium,1.0,4.0,3,506
2.716162,72,30566.240122,medium,0.7881619937694704,2.7881619937694704,2,720
2.516349,54,30586.266289,medium,0.5702492211838006,2.5702492211838006,2,539
2.77328,54,30605.222392,medium,0.8264797507788162,2.826479750778816,2,532
1.315387,50,30623.488258,medium,0.36518691588785046,1.3651869158878505,1,498
2.893846,58,30644.633795,medium,0.9512461059190032,2.951246105919003,2,574
2.712657,72,30672.586537,medium,0.7846573208722741,2.7846573208722742,2,720
2.884198,57,30693.178286,medium,0.9404984423676013,2.940498442367601,2,563
2.804012,72,30719.65409,medium,0.8760124610591901,2.87601246105919,2,720
3.9499,51,30738.023196,medium,1.0,4.0,3,501
2.677922,72,30764.067646,medium,0.7499221183800623,2.7499221183800624,2,720
1.404828,59,30786.11444,medium,0.46292834890965734,1.4629283489096574,1,581
2.706148,55,30806.513681,medium,0.7607476635514019,2.7607476635514017,2,546
2.72909,72,30832.126767,medium,0.8010903426791277,2.8010903426791276,2,720
2.610007,71,30859.457958,medium,0.680607476635514,2.680607476635514,2,706
2.73462,72,30885.475342,medium,0.8066199376947041,2.806619937694704,2,720
2.851527,52,30904.719869,medium,0.9034267912772586,2.9034267912772584,2,519
3.9403,60,30926.719482,medium,1.0,4.0,3,597
3.9432,57,30947.061707,medium,1.0,4.0,3,568
2.745523,72,30973.432182,medium,0.8175233644859813,2.8175233644859814,2,720
2.814812,62,30995.408517,medium,0.8760124610591901,2.87601246105919,2,612
2.864682,72,31022.251143,medium,0.9366822429906542,2.936682242990654,2,720
3.9343,66,31047.40305,medium,1.0,4.0,3,657
2.744044,72,31074.152606,medium,0.8160436137071652,2.816043613707165,2,720
2.749966,66,31098.389437,medium,0.8159657320872274,2.8159657320872276,2,660
3.9461,54,31118.661402,medium,1.0,4.0,3,539
3.9494,51,31137.021987,medium,1.0,4.0,3,506
2.462797,52,31156.272,medium,0.5140965732087227,2.5140965732087226,2,513
2.830045,71,31181.921865,medium,0.9005451713395639,2.900545171339564,2,705
2.831427,72,31207.754431,medium,0.9034267912772586,2.9034267912772584,2,720
3.9379,63,31233.201406,medium,1.0,4.0,3,621
2.463719,60,31255.275392,medium,0.5228193146417446,2.522819314641745,2,591
3.947,53,31275.750926,medium,1.0,4.0,3,530
2.780025,72,31302.300589,medium,0.8520249221183801,2.85202492211838,2,720
2.535944,72,31327.891632,medium,0.6079439252336448,2.607943925233645,2,720
2.665179,53,31347.642532,medium,0.7176791277258567,2.717679127725857,2,525
2.854303,57,31368.768416,medium,0.9109034267912772,2.9109034267912772,2,566
2.812268,72,31394.037813,medium,0.8842679127725857,2.884267912772586,2,720
2.5231,52,31412.32128,medium,0.575,2.575,2,519
3.9391,61,31436.929881,medium,1.0,4.0,3,609
3.9548,46,31454.173921,medium,1.0,4.0,3,452
2.604491,56,31474.550896,medium,0.6598909657320873,2.659890965732087,2,554
3.9503,50,31493.207729,medium,1.0,4.0,3,497
2.764137,72,31519.308136,medium,0.8361370716510903,2.8361370716510903,2,720
2.831427,72,31546.154898,medium,0.9034267912772586,2.9034267912772584,2,720
3.9539,47,31563.498678,medium,1.0,4.0,3,461
2.701988,72,31589.971769,medium,0.77398753894081,2.77398753894081,2,720
2.865695,72,31618.245391,medium,0.9376947040498442,2.9376947040498442,2,720
2.521921,53,31637.50768,medium,0.574221183800623,2.5742211838006233,2,523
3.9441,56,31657.714752,medium,1.0,4.0,3,559
2.538075,52,31676.5845,medium,0.5898753894080997,2.5898753894080997,2,518
2.671279,64,31699.423096,medium,0.7345794392523365,2.7345794392523364,2,633
2.598284,57,31719.789181,medium,0.6549844236760125,2.6549844236760123,2,567
2.47129,55,31740.411883,medium,0.5260903426791277,2.5260903426791277,2,548
2.73976,72,31767.021266,medium,0.8117601246105919,2.8117601246105917,2,720
2.743498,72,31792.749149,medium,0.8154984423676013,2.815498442367601,2,720
1.486193,59,31816.01096,medium,0.5450934579439253,1.5450934579439253,1,589
3.9488,52,31834.905395,medium,1.0,4.0,3,512
3.9414,59,31855.73799,medium,1.0,4.0,3,586
2.813709,52,31874.761698,medium,0.8651090342679127,2.865109034267913,2,514
2.920918,60,31896.8236,medium,0.9802180685358255,2.9802180685358257,2,593
2.865695,72,31922.955297,medium,0.9376947040498442,2.9376947040498442,2,720
2.580154,61,31945.335372,medium,0.6406542056074767,2.6406542056074764,2,605
2.691551,72,31971.253125,medium,0.7635514018691589,2.763551401869159,2,720
3.943,57,31993.576046,medium,1.0,4.0,3,570
2.686183,60,32015.395564,medium,0.7454828660436137,2.7454828660436137,2,593
2.855321,61,32036.602425,medium,0.9154205607476635,2.9154205607476635,2,601
3.9372,63,32060.063469,medium,1.0,4.0,3,628
2.788247,56,32082.008119,medium,0.8438473520249221,2.8438473520249223,2,556
3.9571,43,32097.887652,medium,1.0,4.0,3,429
2.657864,57,32117.120783,medium,0.714563862928349,2.714563862928349,2,567
2.835788,72,32143.339178,medium,0.9077881619937694,2.9077881619937695,2,720
2.756714,62,32166.145879,medium,0.8186137071651091,2.818613707165109,2,619
2.831571,55,32188.60861,medium,0.8863707165109034,2.8863707165109034,2,548
3.9485,52,32207.651186,medium,1.0,4.0,3,515
2.696389,54,32227.906173,medium,0.7503894080996885,2.7503894080996885,2,540
2.585868,57,32248.522166,medium,0.6423676012461059,2.642367601246106,2,565
2.865695,72,32275.032257,medium,0.9376947040498442,2.9376947040498442,2,720
3.9383,62,32297.396679,medium,1.0,4.0,3,617
2.733814,60,32319.351341,medium,0.793613707165109,2.7936137071651093,2,598
2.520544,63,32342.72616,medium,0.5829439252336449,2.582943925233645,2,624
2.831427,72,32370.497876,medium,0.9034267912772586,2.9034267912772584,2,720
2.642307,55,32390.330697,medium,0.6968068535825546,2.6968068535825545,2,545
3.954,46,32407.444915,medium,1.0,4.0,3,460
2.571847,72,32433.607267,medium,0.6438473520249222,2.643847352024922,2,720
3.9495,51,32452.219791,medium,1.0,4.0,3,505
2.831427,72,32478.639241,medium,0.9034267912772586,2.9034267912772584,2,720
2.794108,54,32498.131602,medium,0.8475077881619938,2.8475077881619937,2,534
3.9376,63,32521.177012,medium,1.0,4.0,3,624
3.9325,68,32545.606795,medium,1.0,4.0,3,675
3.9416,59,32569.390984,medium,1.0,4.0,3,584
2.537606,67,32594.72277,medium,0.6042056074766355,2.6042056074766355,2,666
3.9361,64,32618.476168,medium,1.0,4.0,3,639
2.787813,72,32644.885561,medium,0.8598130841121495,2.8598130841121496,2,720
3.9491,51,32663.775716,medium,1.0,4.0,3,509
3.9363,64,32686.718455,medium,1.0,4.0,3,637
2.727585,70,32712.773947,medium,0.7968847352024923,2.796884735202492,2,693
2.513708,51,32731.008024,medium,0.5644080996884735,2.5644080996884737,2,507
2.732904,62,32755.305372,medium,0.7947040498442368,2.7947040498442366,2,618
2.731469,71,32782.006824,medium,0.8018691588785046,2.8018691588785045,2,704
2.644506,60,32804.09671,medium,0.7042056074766355,2.7042056074766356,2,597
1.574495,72,32830.27614,medium,0.6464953271028038,1.6464953271028038,1,720
2.756665,68,32855.646388,medium,0.8240654205607477,2.8240654205607476,2,674
2.722626,72,32881.813455,medium,0.7946261682242991,2.794626168224299,2,720
2.582429,57,32902.096307,medium,0.6386292834890965,2.6386292834890965,2,562
3.9457,55,32922.711645,medium,1.0,4.0,3,543
2.725508,72,32950.042687,medium,0.7975077881619937,2.797507788161994,2,720
2.643067,66,32974.328712,medium,0.7085669781931464,2.7085669781931463,2,655
2.911489,72,33001.387181,medium,0.9834890965732087,2.9834890965732086,2,720
2.65115,53,33021.903458,medium,0.7040498442367601,2.70404984423676,2,529
3.9443,56,33042.232069,medium,1.0,4.0,3,557
2.865695,72,33068.073755,medium,0.9376947040498442,2.9376947040498442,2,720
3.9493,51,33086.494771,medium,1.0,4.0,3,507
2.779021,63,33109.661376,medium,0.8411214953271028,2.8411214953271027,2,621
0.398395,57,33132.716372,medium,0.454595015576324,0.454595015576324,0,562
2.781427,72,33159.789214,medium,0.8534267912772585,2.8534267912772586,2,720
3.936,64,33183.520486,medium,1.0,4.0,3,640
2.719833,55,33203.395662,medium,0.7745327102803738,2.774532710280374,2,547
2.836254,63,33225.943898,medium,0.8987538940809969,2.898753894080997,2,625
2.780025,72,33251.905012,medium,0.8520249221183801,2.85202492211838,2,720
2.671521,61,33273.972911,medium,0.7323208722741433,2.732320872274143,2,608
2.792196,64,33297.729264,medium,0.8552959501557632,2.8552959501557633,2,631
3.9325,68,33324.009881,medium,1.0,4.0,3,675
2.533605,54,33343.981358,medium,0.5873052959501558,2.5873052959501557,2,537
2.72412,58,33365.452376,medium,0.7816199376947041,2.781619937694704,2,575
2.775118,72,33392.209302,medium,0.8471183800623053,2.847118380062305,2,720
2.564619,59,33413.368175,medium,0.6228193146417446,2.6228193146417444,2,582
2.737969,72,33440.895345,medium,0.8099688473520249,2.809968847352025,2,720
3.9542,46,33457.007941,medium,1.0,4.0,3,458
2.677922,72,33483.193781,medium,0.7499221183800623,2.7499221183800624,2,720
3.9481,52,33503.866805,medium,1.0,4.0,3,519
2.51975,52,33523.607531,medium,0.5709501557632399,2.57095015576324,2,512
2.626146,67,33547.698196,medium,0.6931464174454829,2.693146417445483,2,670
3.9335,67,33572.150831,medium,1.0,4.0,3,665
3.9346,66,33595.427697,medium,1.0,4.0,3,654
3.9479,53,33615.029428,medium,1.0,4.0,3,521
2.675064,65,33638.880651,medium,0.7395638629283489,2.7395638629283487,2,645
3.9413,59,33661.105326,medium,1.0,4.0,3,587
2.747089,70,33689.035518,medium,0.8165887850467289,2.816588785046729,2,695
2.75565,66,33714.419247,medium,0.8209501557632399,2.82095015576324,2,653
1.420718,52,33733.537313,medium,0.4721183800623053,1.4721183800623052,1,514
2.727922,72,33759.265039,medium,0.7999221183800623,2.799922118380062,2,720
2.867875,72,33785.948713,medium,0.9398753894080997,2.9398753894081,2,720
2.644834,56,33807.029689,medium,0.7002336448598131,2.700233644859813,2,554
0.425664,72,33833.97819,medium,0.4976635514018692,0.4976635514018692,0,720
3.9469,54,33852.507758,medium,1.0,4.0,3,531
2.665286,58,33873.39692,medium,0.7225856697819315,2.7225856697819317,2,573
3.9454,55,33895.736072,medium,1.0,4.0,3,546
3.9569,44,33912.570701,medium,1.0,4.0,3,431
3.9472,53,33931.463223,medium,1.0,4.0,3,528
1.560172,61,33953.283058,medium,0.6208722741433021,1.6208722741433021,1,607
2.842087,65,33977.168688,medium,0.9070872274143302,2.9070872274143302,2,650
2.725508,72,34003.778562,medium,0.7975077881619937,2.797507788161994,2,720
2.820913,72,34030.03316,medium,0.8929127725856698,2.89291277258567,2,720
3.9454,55,34051.061994,medium,1.0,4.0,3,546
2.849935,60,34075.411918,medium,0.9097352024922118,2.909735202492212,2,598
3.9556,45,34092.361763,medium,1.0,4.0,3,444
2.673016,72,34118.966758,medium,0.7450155763239875,2.7450155763239876,2,720
2.627527,51,34137.986801,medium,0.6784267912772586,2.678426791277259,2,509
3.9427,58,34159.878729,medium,1.0,4.0,3,573
3.9304,70,34185.421901,medium,1.0,4.0,3,696
2.786186,71,34211.564247,medium,0.856386292834891,2.856386292834891,2,702
3.948,52,34230.41719,medium,1.0,4.0,3,520
2.784927,53,34249.537532,medium,0.8372274143302181,2.837227414330218,2,523
3.9451,55,34271.126765,medium,1.0,4.0,3,549
2.578929,60,34292.448949,medium,0.6386292834890965,2.6386292834890965,2,597
3.9391,61,34314.564697,medium,1.0,4.0,3,609
1.308626,53,34334.239263,medium,0.3608255451713396,1.3608255451713396,1,522
2.579465,61,34356.562002,medium,0.6402647975077882,2.640264797507788,2,608
2.873327,72,34382.77481,medium,0.9453271028037383,2.945327102803738,2,720
3.9289,72,34408.91038,medium,1.0,4.0,3,711
2.630743,52,34429.190035,medium,0.6822429906542056,2.6822429906542054,2,515
2.661805,59,34452.423175,medium,0.7204049844236761,2.720404984423676,2,586
2.678397,61,34474.03447,medium,0.7390965732087228,2.7390965732087227,2,607
3.9372,63,34497.393704,medium,1.0,4.0,3,628
3.9347,66,34522.386379,medium,1.0,4.0,3,653
2.627688,72,34549.088718,medium,0.6996884735202492,2.6996884735202493,2,720
3.9439,57,34570.019008,medium,1.0,4.0,3,561
2.70572,59,34591.674146,medium,0.7647196261682243,2.7647196261682243,2,590
2.683856,51,34610.685358,medium,0.7339563862928349,2.733956386292835,2,501
3.9458,55,34629.974018,medium,1.0,4.0,3,542
2.804168,72,34658.597229,medium,0.8761682242990654,2.8761682242990654,2,720
3.9425,58,34679.804813,medium,1.0,4.0,3,575
2.675664,72,34706.966678,medium,0.7476635514018691,2.7476635514018692,2,720
3.9419,59,34728.869666,medium,1.0,4.0,3,581
3.942,58,34750.024128,medium,1.0,4.0,3,580
3.944,56,34770.685136,medium,1.0,4.0,3,560
2.850894,62,34793.639455,medium,0.911993769470405,2.911993769470405,2,611
2.770757,72,34820.377285,medium,0.8427570093457943,2.842757009345794,2,720
2.644735,57,34843.304691,medium,0.7009345794392523,2.7009345794392523,2,562
2.824771,62,34866.603738,medium,0.8863707165109034,2.8863707165109034,2,616
2.706213,71,34893.927757,medium,0.7767133956386293,2.7767133956386294,2,705
3.9666,34,34906.801811,medium,1.0,4.0,3,334
3.949,51,34925.418185,medium,1.0,4.0,3,510
3.9433,57,34946.180165,medium,1.0,4.0,3,567
1.567268,59,34967.941892,medium,0.6261682242990654,1.6261682242990654,1,589
2.826251,54,34987.000643,medium,0.8797507788161993,2.8797507788161996,2,535
2.724262,72,35013.992239,medium,0.7962616822429907,2.7962616822429904,2,720
2.728478,55,35036.219665,medium,0.7831775700934579,2.783177570093458,2,547
2.852723,56,35056.987131,medium,0.9087227414330218,2.9087227414330217,2,560
3.9398,61,35079.485353,medium,1.0,4.0,3,602
2.538202,72,35106.155498,medium,0.610202492211838,2.610202492211838,2,720
2.708848,52,35124.806262,medium,0.7607476635514019,2.7607476635514017,2,519
2.840127,64,35147.811394,medium,0.9034267912772586,2.9034267912772584,2,633
2.81219,72,35174.741294,medium,0.8841900311526479,2.884190031152648,2,720
2.788089,63,35198.781871,medium,0.8503894080996884,2.8503894080996885,2,623
2.680181,72,35227.822142,medium,0.7521806853582554,2.7521806853582556,2,720
2.920757,72,35253.701857,medium,0.9927570093457944,2.9927570093457945,2,720
1.422628,66,35277.647927,medium,0.4879283489096573,1.4879283489096573,1,653
2.80962,72,35304.455821,medium,0.881619937694704,2.881619937694704,2,720
3.954,46,35320.791205,medium,1.0,4.0,3,460
2.734108,64,35344.297303,medium,0.7975077881619937,2.797507788161994,2,634
3.9487,52,35363.541952,medium,1.0,4.0,3,513
0.430243,52,35382.442018,medium,0.4822429906542056,0.4822429906542056,0,520
1.410727,52,35403.718816,medium,0.4622274143302181,1.462227414330218,1,515
3.9459,55,35423.961909,medium,1.0,4.0,3,541
3.9411,59,35446.234889,medium,1.0,4.0,3,589
2.865695,72,35473.314955,medium,0.9376947040498442,2.9376947040498442,2,720
1.414055,69,35497.845545,medium,0.48255451713395636,1.4825545171339565,1,685
2.795835,72,35525.061177,medium,0.8678348909657321,2.867834890965732,2,720
2.715675,50,35543.979548,medium,0.7648753894080997,2.7648753894080995,2,492
2.865695,72,35570.975641,medium,0.9376947040498442,2.9376947040498442,2,720
2.647695,57,35593.224047,medium,0.704595015576324,2.704595015576324,2,569
2.618033,66,35619.632556,medium,0.6833333333333333,2.6833333333333336,2,653
3.9477,53,35638.522831,medium,1.0,4.0,3,523
3.9459,55,35659.173613,medium,1.0,4.0,3,541
3.9464,54,35678.084502,medium,1.0,4.0,3,536
2.711039,52,35697.588747,medium,0.7625389408099689,2.7625389408099688,2,515
2.914673,65,35722.342359,medium,0.9796728971962617,2.9796728971962616,2,650
3.9381,62,35744.808929,medium,1.0,4.0,3,619
3.956,44,35761.740754,medium,1.0,4.0,3,440
2.875508,72,35790.548327,medium,0.9475077881619938,2.9475077881619938,2,720
2.670502,65,35814.374834,medium,0.735202492211838,2.735202492211838,2,647
2.787813,72,35840.291608,medium,0.8598130841121495,2.8598130841121496,2,720
2.723067,53,35860.14971,medium,0.7754672897196262,2.775467289719626,2,524
3.932,68,35885.07705,medium,1.0,4.0,3,680
2.666169,53,35904.332824,medium,0.7187694704049844,2.7187694704049843,2,526
2.838171,66,35928.806171,medium,0.9032710280373831,2.9032710280373832,2,651
2.481698,50,35947.370135,medium,0.5316978193146418,2.5316978193146418,2,500
2.765911,51,35966.138729,medium,0.8165109034267912,2.8165109034267912,2,506
2.55128,51,35987.070008,medium,0.6014797507788162,2.6014797507788163,2,502
2.62526,70,36012.298395,medium,0.6948598130841122,2.694859813084112,2,696
1.398261,57,36033.664078,medium,0.4543613707165109,1.4543613707165108,1,561
3.9378,63,36057.101625,medium,1.0,4.0,3,622
2.852287,55,36077.644272,medium,0.9070872274143302,2.9070872274143302,2,548
2.561723,72,36104.774488,medium,0.6337227414330218,2.6337227414330218,2,720
3.9485,52,36124.256568,medium,1.0,4.0,3,515
2.885011,65,36147.830919,medium,0.9496105919003115,2.9496105919003117,2,646
2.588633,61,36172.369493,medium,0.6495327102803738,2.649532710280374,2,609
3.9425,58,36193.474169,medium,1.0,4.0,3,575
2.885944,72,36219.924759,medium,0.9579439252336449,2.957943925233645,2,720
2.676832,72,36247.291338,medium,0.7488317757009346,2.7488317757009346,2,720
2.775314,69,36272.534598,medium,0.8436137071651091,2.843613707165109,2,683
2.806487,67,36297.141945,medium,0.8732866043613707,2.873286604361371,2,668
2.891863,72,36323.888901,medium,0.9638629283489096,2.9638629283489095,2,720
2.870626,58,36345.035911,medium,0.9277258566978193,2.927725856697819,2,571
2.834705,53,36365.224843,medium,0.8873052959501557,2.8873052959501555,2,526
2.530726,72,36392.58296,medium,0.6027258566978193,2.6027258566978193,2,720
3.9567,44,36408.58367,medium,1.0,4.0,3,433
2.81219,72,36434.954129,medium,0.8841900311526479,2.884190031152648,2,720
2.676642,63,36457.823152,medium,0.7396417445482866,2.739641744548287,2,630
2.784464,72,36485.166285,medium,0.8564641744548287,2.8564641744548287,2,720
2.83038,55,36505.659654,medium,0.8852803738317757,2.8852803738317756,2,549
3.9448,56,36526.222553,medium,1.0,4.0,3,552
3.9536,47,36543.446631,medium,1.0,4.0,3,464
3.9505,50,36564.213883,medium,1.0,4.0,3,495
2.739137,72,36591.045089,medium,0.8111370716510904,2.8111370716510904,2,720
2.778467,72,36618.275341,medium,0.8504672897196262,2.850467289719626,2,720
2.708216,71,36644.481709,medium,0.778816199376947,2.778816199376947,2,706
1.434379,51,36663.003452,medium,0.48457943925233643,1.4845794392523364,1,502
3.9615,39,36677.06447,medium,1.0,4.0,3,385
3.941,59,36698.663542,medium,1.0,4.0,3,590
2.725508,72,36724.591513,medium,0.7975077881619937,2.797507788161994,2,720
3.9526,48,36744.461573,medium,1.0,4.0,3,474
2.914215,72,36770.421051,medium,0.986214953271028,2.986214953271028,2,720
2.835116,52,36789.082477,medium,0.8869158878504673,2.886915887850467,2,518
2.516517,63,36811.60237,medium,0.5795171339563863,2.5795171339563865,2,630
2.607095,56,36830.746655,medium,0.6626947040498442,2.6626947040498443,2,556
3.9497,51,36848.661376,medium,1.0,4.0,3,503
2.91367,72,36873.378438,medium,0.9856697819314642,2.985669781931464,2,720
2.876168,59,36894.458654,medium,0.9342679127725857,2.9342679127725857,2,581
3.9376,63,36917.405772,medium,1.0,4.0,3,624
