#{"t_start": 1778956386.2698357, "env_id": "None"}
r,l,t,profile,damage_pct,score,stars,ticks_elapsed
2.747165,60,20.439185,medium,0.8071651090342679,2.8071651090342677,2,600
0.153989,63,42.229249,medium,0.21658878504672896,0.21658878504672896,0,626
1.482984,72,66.123161,medium,0.5549844236760124,1.5549844236760124,1,720
0.348561,72,90.271576,medium,0.4205607476635514,0.4205607476635514,0,720
0.335009,72,113.837082,medium,0.4070093457943925,0.4070093457943925,0,720
1.501228,62,134.168128,medium,0.5629283489096574,1.5629283489096575,1,617
1.588748,72,157.220417,medium,0.6607476635514019,1.660747663551402,1,720
0.387033,63,180.337015,medium,0.44953271028037384,0.44953271028037384,0,625
2.64529,72,204.06396,medium,0.7172897196261683,2.7172897196261685,2,720
2.628701,72,227.615961,medium,0.7007009345794393,2.700700934579439,2,720
0.409227,70,251.063801,medium,0.47842679127725857,0.47842679127725857,0,692
2.567252,72,274.780582,medium,0.6392523364485981,2.6392523364485982,2,720
2.442006,71,298.122698,medium,0.513006230529595,2.5130062305295953,2,710
1.529324,72,321.964796,medium,0.6013239875389408,1.6013239875389407,1,720
0.390803,71,347.826692,medium,0.46090342679127727,0.46090342679127727,0,701
2.695574,69,371.207254,medium,0.7641744548286604,2.7641744548286606,2,686
1.544773,68,394.019988,medium,0.6127725856697819,1.6127725856697819,1,680
0.385063,62,414.432586,medium,0.4469626168224299,0.4469626168224299,0,619
0.369199,72,438.530469,medium,0.4411993769470405,0.4411993769470405,0,720
2.527021,64,459.951755,medium,0.5904205607476636,2.5904205607476634,2,634
1.580319,68,482.199812,medium,0.6478193146417446,1.6478193146417446,1,675
0.302718,61,502.58215,medium,0.3633177570093458,0.3633177570093458,0,606
0.210958,58,523.87126,medium,0.26845794392523364,0.26845794392523364,0,575
0.40962,72,547.801557,medium,0.48161993769470407,0.48161993769470407,0,720
0.164066,61,567.752976,medium,0.22476635514018692,0.22476635514018692,0,607
1.437458,65,589.635771,medium,0.5015576323987538,1.5015576323987538,1,641
2.659122,66,611.189269,medium,0.7249221183800623,2.7249221183800625,2,658
0.334689,66,632.839479,medium,0.4003894080996885,0.4003894080996885,0,657
2.655905,65,654.335407,medium,0.7204049844236761,2.720404984423676,2,645
2.694344,56,673.239937,medium,0.7498442367601246,2.749844236760125,2,555
2.750508,72,698.823539,medium,0.8225077881619938,2.8225077881619938,2,720
0.115172,64,720.001859,medium,0.17897196261682244,0.17897196261682244,0,638
2.681914,54,738.333286,medium,0.7355140186915888,2.735514018691589,2,536
0.31515,72,761.976959,medium,0.38714953271028035,0.38714953271028035,0,720
2.650586,72,785.422883,medium,0.7225856697819315,2.7225856697819317,2,720
0.39529,72,808.949853,medium,0.4672897196261682,0.4672897196261682,0,720
2.562112,72,833.284099,medium,0.6341121495327103,2.6341121495327102,2,720
1.628297,61,854.037328,medium,0.6890965732087228,1.6890965732087229,1,608
2.813981,72,880.749886,medium,0.8859813084112149,2.885981308411215,2,720
0.415662,56,899.434261,medium,0.47126168224299064,0.47126168224299064,0,556
0.364049,57,918.616964,medium,0.42024922118380065,0.42024922118380065,0,562
2.777604,59,939.137996,medium,0.8366043613707165,2.8366043613707164,2,590
0.347159,72,962.116023,medium,0.41915887850467287,0.41915887850467287,0,720
0.254947,72,985.143822,medium,0.32694704049844237,0.32694704049844237,0,720
0.356401,70,1007.875348,medium,0.42570093457943925,0.42570093457943925,0,693
2.536224,66,1030.086877,medium,0.6013239875389408,2.6013239875389407,2,651
2.749762,64,1053.300097,medium,0.8131619937694704,2.8131619937694703,2,634
0.377991,65,1074.945797,medium,0.44299065420560746,0.44299065420560746,0,650
0.368122,65,1096.929125,medium,0.43302180685358255,0.43302180685358255,0,649
2.645523,72,1121.498527,medium,0.7175233644859813,2.7175233644859813,2,720
2.645134,72,1145.647243,medium,0.7171339563862928,2.717133956386293,2,720
1.769433,72,1169.122474,medium,0.8414330218068535,1.8414330218068535,1,720
0.352922,72,1193.886446,medium,0.42492211838006233,0.42492211838006233,0,720
0.383685,72,1220.671474,medium,0.4556853582554517,0.4556853582554517,0,720
1.428325,66,1242.998964,medium,0.4939252336448598,1.4939252336448599,1,656
0.309386,72,1267.883636,medium,0.38138629283489095,0.38138629283489095,0,720
2.801287,72,1292.15931,medium,0.8732866043613707,2.873286604361371,2,720
0.372113,63,1313.492249,medium,0.43481308411214953,0.43481308411214953,0,627
1.490072,72,1337.23915,medium,0.5620716510903426,1.5620716510903425,1,720
2.499106,72,1361.582401,medium,0.5711059190031152,2.571105919003115,2,720
2.627801,65,1385.831085,medium,0.692601246105919,2.692601246105919,2,648
2.443031,72,1409.286685,medium,0.515031152647975,2.515031152647975,2,720
1.470238,59,1429.571874,medium,0.5287383177570093,1.5287383177570093,1,585
1.533446,60,1449.384254,medium,0.5931464174454829,1.593146417445483,1,597
1.538125,72,1473.279515,medium,0.6101246105919003,1.6101246105919003,1,720
1.483296,72,1497.045534,medium,0.5552959501557633,1.5552959501557633,1,720
2.68166,72,1520.305138,medium,0.7536604361370717,2.753660436137072,2,720
0.307083,56,1538.722381,medium,0.3623831775700935,0.3623831775700935,0,553
0.382361,72,1562.60962,medium,0.4543613707165109,0.4543613707165109,0,720
2.624369,69,1584.854275,medium,0.6930685358255452,2.693068535825545,2,687
1.489739,65,1607.051094,medium,0.5544392523364486,1.5544392523364485,1,647
1.355572,57,1626.040954,medium,0.41207165109034266,1.4120716510903426,1,565
0.264477,52,1643.379395,medium,0.3162772585669782,0.3162772585669782,0,518
0.282751,72,1667.373539,medium,0.3547507788161994,0.3547507788161994,0,720
2.608374,72,1691.674778,medium,0.680373831775701,2.680373831775701,2,720
2.525664,72,1716.076413,medium,0.5976635514018691,2.597663551401869,2,720
1.480901,70,1741.699802,medium,0.5507009345794392,1.5507009345794391,1,698
2.895067,72,1766.703023,medium,0.9666666666666667,2.966666666666667,2,716
1.454012,72,1791.250933,medium,0.5260124610591901,1.52601246105919,1,720
0.237988,61,1812.112849,medium,0.29898753894081,0.29898753894081,0,610
0.279456,71,1835.962818,medium,0.3501557632398754,0.3501557632398754,0,707
0.392798,72,1859.957669,medium,0.464797507788162,0.464797507788162,0,720
0.338872,57,1879.385273,medium,0.39587227414330217,0.39587227414330217,0,570
0.356972,72,1905.781505,medium,0.4289719626168224,0.4289719626168224,0,720
2.845445,72,1929.572634,medium,0.9174454828660437,2.917445482866044,2,720
2.880414,72,1954.499564,medium,0.9524143302180685,2.9524143302180685,2,720
0.32691,72,1979.054348,medium,0.3989096573208723,0.3989096573208723,0,720
0.343036,68,2002.858978,medium,0.4104361370716511,0.4104361370716511,0,674
2.891318,72,2026.563931,medium,0.9633177570093457,2.963317757009346,2,720
1.630336,72,2051.173498,medium,0.7023364485981308,1.702336448598131,1,720
0.315227,72,2077.917403,medium,0.38722741433021807,0.38722741433021807,0,720
1.486645,72,2101.93205,medium,0.5586448598130841,1.558644859813084,1,720
2.837027,67,2124.167017,medium,0.9034267912772586,2.9034267912772584,2,664
1.515707,65,2146.380155,medium,0.580607476635514,1.580607476635514,1,649
0.243702,66,2168.105241,medium,0.3095015576323987,0.3095015576323987,0,658
0.328697,61,2188.953409,medium,0.38909657320872276,0.38909657320872276,0,604
1.466006,72,2212.83351,medium,0.5380062305295951,1.5380062305295952,1,720
0.315744,60,2233.629833,medium,0.3748442367601246,0.3748442367601246,0,591
2.572296,58,2256.19757,medium,0.6302959501557632,2.6302959501557632,2,580
2.683841,72,2282.187748,medium,0.7558411214953271,2.755841121495327,2,720
0.264386,59,2302.372562,medium,0.3225856697819315,0.3225856697819315,0,582
2.69747,72,2326.70475,medium,0.7694704049844237,2.769470404984424,2,720
1.461387,62,2347.655653,medium,0.5232866043613708,1.5232866043613709,1,619
2.596146,72,2371.621357,medium,0.6681464174454829,2.6681464174454828,2,720
1.517045,67,2395.478205,medium,0.5836448598130841,1.5836448598130841,1,666
2.578219,70,2420.176924,medium,0.6478193146417446,2.647819314641745,2,696
2.733188,58,2441.297675,medium,0.7908878504672897,2.7908878504672896,2,577
1.430648,72,2465.941017,medium,0.5026479750778816,1.5026479750778816,1,720
1.571663,60,2486.57819,medium,0.6307632398753894,1.6307632398753893,1,591
1.471555,70,2510.448822,medium,0.5413551401869159,1.5413551401869159,1,698
0.232595,72,2534.538377,medium,0.304595015576324,0.304595015576324,0,720
0.096322,54,2552.218449,medium,0.1499221183800623,0.1499221183800623,0,536
2.636698,62,2573.884472,medium,0.6985981308411215,2.6985981308411215,2,619
2.744121,72,2598.400087,medium,0.8161214953271028,2.8161214953271028,2,720
0.253474,52,2618.362034,medium,0.30537383177570093,0.30537383177570093,0,519
2.576442,72,2642.664114,medium,0.6484423676012461,2.648442367601246,2,720
2.669642,70,2666.652894,medium,0.7396417445482866,2.739641744548287,2,700
0.438838,57,2686.032336,medium,0.49493769470404986,0.49493769470404986,0,561
2.86772,72,2710.560797,medium,0.9397196261682244,2.939719626168224,2,720
1.577221,72,2734.802532,medium,0.6492211838006231,1.649221183800623,1,720
2.630336,72,2759.147746,medium,0.7023364485981308,2.702336448598131,2,720
1.261172,60,2780.062985,medium,0.32087227414330216,1.320872274143302,1,597
2.729888,70,2806.133838,medium,0.79898753894081,2.79898753894081,2,691
3.9417,59,2825.703651,medium,1.0,4.0,3,583
2.833607,72,2850.206017,medium,0.905607476635514,2.905607476635514,2,720
2.512811,62,2871.479987,medium,0.5746105919003115,2.5746105919003117,2,618
1.498184,57,2890.033307,medium,0.5549844236760124,1.5549844236760124,1,568
0.37574,63,2911.96954,medium,0.4382398753894081,0.4382398753894081,0,625
0.357287,66,2934.82671,medium,0.4232866043613707,0.4232866043613707,0,660
2.860321,72,2961.774277,medium,0.9323208722741433,2.9323208722741434,2,720
0.247626,72,2986.078726,medium,0.31962616822429907,0.31962616822429907,0,720
1.53534,61,3006.369436,medium,0.5963395638629283,1.5963395638629283,1,610
1.452065,72,3031.001498,medium,0.5240654205607477,1.5240654205607478,1,720
1.445445,72,3055.482818,medium,0.5174454828660436,1.5174454828660435,1,720
0.418844,65,3077.882236,medium,0.4829439252336449,0.4829439252336449,0,641
2.645212,72,3102.737846,medium,0.7172118380062306,2.7172118380062305,2,720
2.751676,72,3127.091829,medium,0.8236760124610591,2.823676012461059,2,720
0.218278,65,3151.696338,medium,0.28317757009345795,0.28317757009345795,0,649
1.346955,62,3172.65996,medium,0.4082554517133956,1.4082554517133956,1,613
2.769121,72,3197.334083,medium,0.8411214953271028,2.8411214953271027,2,720
1.670569,65,3219.994137,medium,0.734968847352025,1.7349688473520248,1,644
2.702122,56,3238.683617,medium,0.7580218068535826,2.7580218068535824,2,559
0.342435,68,3261.704999,medium,0.40973520249221185,0.40973520249221185,0,673
1.484698,72,3286.297483,medium,0.5566978193146418,1.5566978193146417,1,720
1.625664,72,3312.375457,medium,0.6976635514018692,1.6976635514018692,1,720
0.334747,60,3332.40315,medium,0.3938473520249221,0.3938473520249221,0,591
0.382926,62,3353.81354,medium,0.44462616822429907,0.44462616822429907,0,617
2.52545,62,3375.9654,medium,0.5871495327102804,2.5871495327102805,2,617
2.795679,72,3400.82943,medium,0.8676791277258566,2.8676791277258564,2,720
2.62652,72,3424.369372,medium,0.6985202492211838,2.698520249221184,2,720
0.430673,66,3446.624565,medium,0.4965732087227414,0.4965732087227414,0,659
2.782673,72,3471.859853,medium,0.8546728971962617,2.8546728971962616,2,720
3.9371,63,3495.939805,medium,1.0,4.0,3,629
2.722,62,3516.808814,medium,0.7830996884735203,2.7830996884735204,2,611
2.774028,72,3541.317991,medium,0.8460280373831776,2.8460280373831774,2,720
2.842174,72,3567.159671,medium,0.9141744548286604,2.9141744548286606,2,720
2.697626,72,3591.287996,medium,0.7696261682242991,2.769626168224299,2,720
0.314009,60,3612.253393,medium,0.373208722741433,0.373208722741433,0,592
0.3699,72,3637.009897,medium,0.44190031152647974,0.44190031152647974,0,720
2.866155,68,3660.558562,medium,0.9332554517133956,2.9332554517133955,2,671
2.799106,72,3687.416492,medium,0.8711059190031153,2.8711059190031154,2,720
0.261749,59,3707.720895,medium,0.3202492211838006,0.3202492211838006,0,585
0.245302,65,3728.660228,medium,0.3095015576323987,0.3095015576323987,0,642
0.41328,72,3752.682004,medium,0.4852803738317757,0.4852803738317757,0,720
2.825274,72,3775.57375,medium,0.8972741433021807,2.8972741433021807,2,720
1.506738,72,3799.846595,medium,0.5787383177570093,1.5787383177570093,1,720
2.802922,72,3824.5575,medium,0.8749221183800623,2.8749221183800624,2,720
1.670056,72,3849.948943,medium,0.7420560747663552,1.7420560747663552,1,720
0.38764,68,3872.935119,medium,0.45514018691588787,0.45514018691588787,0,675
2.785866,72,3896.419633,medium,0.8578660436137072,2.8578660436137073,2,720
2.810944,72,3920.219497,medium,0.8829439252336448,2.882943925233645,2,720
2.719355,72,3943.930478,medium,0.7913551401869159,2.7913551401869157,2,720
2.553857,72,3968.528973,medium,0.6258566978193146,2.6258566978193145,2,720
0.380181,72,3991.101734,medium,0.45218068535825545,0.45218068535825545,0,720
1.496401,63,4013.720126,medium,0.5588006230529595,1.5588006230529596,1,624
0.303779,72,4037.542619,medium,0.3757788161993769,0.3757788161993769,0,720
0.425967,66,4059.720377,medium,0.49166666666666664,0.49166666666666664,0,657
2.460087,72,4084.894928,medium,0.5320872274143302,2.5320872274143302,2,720
0.309308,72,4108.805381,medium,0.3813084112149533,0.3813084112149533,0,720
2.566712,59,4129.39124,medium,0.6253115264797507,2.625311526479751,2,586
2.654324,72,4154.552676,medium,0.7263239875389408,2.7263239875389407,2,720
0.38509,58,4174.620828,medium,0.4422897196261682,0.4422897196261682,0,572
0.360165,72,4201.518694,medium,0.4321651090342679,0.4321651090342679,0,720
2.875508,72,4225.867404,medium,0.9475077881619938,2.9475077881619938,2,720
0.387735,72,4250.711139,medium,0.45973520249221184,0.45973520249221184,0,720
2.71582,66,4272.788228,medium,0.7816199376947041,2.781619937694704,2,658
2.64928,70,4295.566057,medium,0.7183800623052959,2.718380062305296,2,691
2.871614,72,4319.997931,medium,0.9436137071651091,2.943613707165109,2,720
1.548483,72,4344.5459,medium,0.6204828660436137,1.6204828660436137,1,720
2.806841,66,4368.890179,medium,0.8727414330218068,2.872741433021807,2,659
2.598305,64,4390.854715,medium,0.6623052959501557,2.662305295950156,2,640
2.684967,57,4409.927071,medium,0.7416666666666667,2.7416666666666667,2,567
2.725508,72,4434.122841,medium,0.7975077881619937,2.797507788161994,2,720
0.410192,59,4454.06411,medium,0.46869158878504674,0.46869158878504674,0,585
0.343903,59,4473.84274,medium,0.40210280373831775,0.40210280373831775,0,582
1.654168,72,4498.691592,medium,0.7261682242990655,1.7261682242990655,1,720
2.75635,56,4518.018176,medium,0.8121495327102803,2.81214953271028,2,558
2.453545,72,4544.768856,medium,0.5255451713395639,2.525545171339564,2,720
2.59381,72,4569.975591,medium,0.665809968847352,2.665809968847352,2,720
0.266364,57,4589.43066,medium,0.3233644859813084,0.3233644859813084,0,570
2.612162,68,4612.448643,medium,0.6800623052959501,2.6800623052959502,2,679
2.820064,62,4633.333982,medium,0.8814641744548286,2.8814641744548286,2,614
2.798561,72,4658.1339,medium,0.8705607476635514,2.8705607476635513,2,720
1.511984,68,4681.9565,medium,0.5799844236760124,1.5799844236760126,1,680
3.9326,68,4705.05131,medium,1.0,4.0,3,674
2.546899,70,4730.804255,medium,0.6161993769470405,2.6161993769470406,2,693
1.406837,72,4754.977292,medium,0.4780373831775701,1.4780373831775702,1,712
1.558919,72,4779.739149,medium,0.6309190031152648,1.630919003115265,1,720
2.63096,72,4804.046462,medium,0.7029595015576324,2.7029595015576326,2,720
2.683051,72,4828.83529,medium,0.7547507788161993,2.7547507788161996,2,717
0.39725,57,4848.804401,medium,0.45404984423676015,0.45404984423676015,0,568
2.54324,62,4869.661484,medium,0.6051401869158879,2.6051401869158877,2,619
1.716629,72,4896.796619,medium,0.7886292834890966,1.7886292834890964,1,720
0.3522,56,4916.207471,medium,0.40809968847352024,0.40809968847352024,0,559
0.248412,53,4934.965185,medium,0.30101246105919005,0.30101246105919005,0,526
2.445523,72,4960.068415,medium,0.5175233644859814,2.5175233644859816,2,720
1.450664,72,4983.89477,medium,0.5226635514018692,1.5226635514018692,1,720
2.580882,72,5007.780952,medium,0.6528816199376947,2.652881619937695,2,720
2.721224,72,5032.095972,medium,0.7932242990654206,2.793224299065421,2,720
2.633418,72,5056.222595,medium,0.7052180685358256,2.7052180685358254,2,718
0.327455,72,5082.439942,medium,0.39945482866043613,0.39945482866043613,0,720
2.732956,68,5105.196084,medium,0.8001557632398754,2.8001557632398755,2,672
2.664916,72,5128.99022,medium,0.7369158878504672,2.736915887850467,2,720
0.285675,55,5147.280187,medium,0.3398753894080997,0.3398753894080997,0,542
2.511353,70,5171.02458,medium,0.5811526479750779,2.581152647975078,2,698
2.713748,72,5195.550569,medium,0.7857476635514019,2.785747663551402,2,720
2.569667,72,5220.094795,medium,0.6416666666666667,2.6416666666666666,2,720
1.460021,57,5239.431023,medium,0.5161214953271028,1.516121495327103,1,561
2.528938,66,5263.471203,medium,0.5949376947040499,2.5949376947040497,2,660
2.739755,68,5286.56417,medium,0.8075545171339564,2.8075545171339567,2,678
2.674112,69,5309.648971,medium,0.7422118380062306,2.742211838006231,2,681
2.747315,72,5333.511338,medium,0.8193146417445483,2.8193146417445485,2,720
0.352436,58,5354.124661,medium,0.4104361370716511,0.4104361370716511,0,580
2.911489,72,5378.708459,medium,0.9834890965732087,2.9834890965732086,2,720
2.717409,65,5400.696313,medium,0.7820093457943925,2.7820093457943926,2,646
2.669589,72,5426.423438,medium,0.741588785046729,2.741588785046729,2,720
2.727688,72,5450.754926,medium,0.79898753894081,2.79898753894081,2,713
2.627766,72,5474.444121,medium,0.6997663551401869,2.699766355140187,2,720
2.646564,68,5496.705067,medium,0.714563862928349,2.714563862928349,2,680
2.740305,72,5521.359762,medium,0.8123052959501558,2.8123052959501558,2,720
2.632907,72,5545.588638,medium,0.7049065420560747,2.704906542056075,2,720
2.713358,72,5570.196258,medium,0.7853582554517134,2.7853582554517136,2,720
3.9358,65,5593.641902,medium,1.0,4.0,3,642
2.666463,65,5615.488325,medium,0.7307632398753894,2.7307632398753894,2,643
3.9376,63,5637.0517,medium,1.0,4.0,3,624
2.478984,60,5656.634482,medium,0.5380841121495327,2.538084112149533,2,591
2.58057,72,5680.383824,medium,0.6525700934579439,2.652570093457944,2,720
2.769511,72,5705.196623,medium,0.8415109034267912,2.841510903426791,2,720
2.65404,68,5729.165579,medium,0.7220404984423676,2.7220404984423676,2,680
0.276167,66,5752.167883,medium,0.3416666666666667,0.3416666666666667,0,655
2.897159,72,5778.593916,medium,0.9691588785046729,2.9691588785046727,2,720
2.796745,70,5802.147016,medium,0.8667445482866044,2.8667445482866043,2,700
2.509776,72,5825.839449,medium,0.5817757009345794,2.581775700934579,2,720
3.9429,58,5845.236636,medium,1.0,4.0,3,571
2.797462,58,5865.085218,medium,0.8550623052959502,2.85506230529595,2,576
2.664155,69,5888.988734,medium,0.7325545171339564,2.7325545171339565,2,684
3.9443,56,5908.083598,medium,1.0,4.0,3,557
2.577834,57,5927.795114,medium,0.6340342679127726,2.6340342679127726,2,562
2.727404,68,5951.884501,medium,0.7947040498442368,2.7947040498442366,2,673
2.70853,72,5976.871038,medium,0.7805295950155763,2.7805295950155764,2,720
2.825741,72,6001.436347,medium,0.8977414330218069,2.8977414330218068,2,720
3.9338,67,6023.138945,medium,1.0,4.0,3,662
2.493498,72,6046.076944,medium,0.5654984423676013,2.565498442367601,2,720
2.535102,59,6066.225882,medium,0.5933021806853582,2.5933021806853582,2,582
1.568109,72,6091.321656,medium,0.6401090342679128,1.6401090342679128,1,720
0.363801,70,6114.814827,medium,0.4338006230529595,0.4338006230529595,0,700
1.605414,72,6139.924232,medium,0.6774143302180685,1.6774143302180686,1,720
2.694529,61,6160.241113,medium,0.7548286604361371,2.754828660436137,2,603
2.534925,68,6183.793128,medium,0.6020249221183801,2.60202492211838,2,671
2.662728,67,6205.575186,medium,0.7291277258566978,2.729127725856698,2,664
1.564137,72,6228.658161,medium,0.6361370716510903,1.6361370716510903,1,720
2.776698,64,6249.835153,medium,0.8404984423676013,2.8404984423676014,2,638
0.207517,72,6273.704737,medium,0.2795171339563863,0.2795171339563863,0,720
2.684564,64,6295.640957,medium,0.7476635514018691,2.7476635514018692,2,631
0.370182,58,6315.136969,medium,0.4278816199376947,0.4278816199376947,0,577
2.494511,72,6340.02981,medium,0.5665109034267912,2.5665109034267912,2,720
0.298148,63,6361.03369,medium,0.36074766355140186,0.36074766355140186,0,626
2.795234,72,6384.634497,medium,0.8671339563862929,2.8671339563862928,2,719
2.742408,72,6408.076181,medium,0.8144080996884735,2.8144080996884737,2,720
2.803732,71,6432.029874,medium,0.8738317757009346,2.8738317757009346,2,701
2.832907,72,6456.737438,medium,0.9049065420560748,2.9049065420560747,2,720
2.572329,67,6481.753875,medium,0.6386292834890965,2.6386292834890965,2,663
2.566441,57,6501.941332,medium,0.6227414330218068,2.622741433021807,2,563
0.347081,72,6525.839628,medium,0.4190809968847352,0.4190809968847352,0,720
2.787813,72,6549.923693,medium,0.8598130841121495,2.8598130841121496,2,720
3.9491,51,6567.297022,medium,1.0,4.0,3,509
2.661869,57,6586.280864,medium,0.7180685358255452,2.7180685358255454,2,562
2.642019,72,6610.582763,medium,0.7140186915887851,2.714018691588785,2,720
2.686022,72,6634.378273,medium,0.7580218068535826,2.7580218068535824,2,720
3.9345,66,6658.799467,medium,1.0,4.0,3,655
3.9389,62,6679.552148,medium,1.0,4.0,3,611
2.445448,58,6699.06672,medium,0.5026479750778816,2.5026479750778816,2,572
2.795308,70,6721.606664,medium,0.8644080996884735,2.8644080996884735,2,691
2.702455,72,6746.532069,medium,0.7744548286604361,2.7744548286604362,2,720
2.912424,72,6770.185072,medium,0.9844236760124611,2.984423676012461,2,720
2.875586,72,6794.372578,medium,0.9475856697819315,2.9475856697819314,2,720
0.418828,61,6815.179167,medium,0.47912772585669783,0.47912772585669783,0,603
2.566203,70,6837.623773,medium,0.6359034267912772,2.6359034267912773,2,697
2.895828,59,6856.587189,medium,0.9541277258566978,2.954127725856698,2,583
2.51624,72,6880.006373,medium,0.5882398753894081,2.5882398753894083,2,720
2.774028,72,6903.844493,medium,0.8460280373831776,2.8460280373831774,2,720
2.873327,72,6928.318473,medium,0.9453271028037383,2.945327102803738,2,720
2.745233,64,6949.345726,medium,0.8083333333333333,2.8083333333333336,2,631
2.847081,72,6973.079596,medium,0.9190809968847352,2.9190809968847353,2,720
2.548908,58,6993.880323,medium,0.6063084112149533,2.606308411214953,2,574
2.54378,58,7012.824182,medium,0.6014797507788162,2.6014797507788163,2,577
0.337815,66,7033.971728,medium,0.4031152647975078,0.4031152647975078,0,653
1.500118,72,7057.131518,medium,0.5721183800623053,1.5721183800623053,1,720
1.48137,72,7080.326821,medium,0.552570093457944,1.5525700934579438,1,712
3.9401,60,7100.124158,medium,1.0,4.0,3,599
2.725225,69,7122.927639,medium,0.7939252336448598,2.7939252336448597,2,687
0.402779,65,7144.946173,medium,0.4676791277258567,0.4676791277258567,0,649
3.9369,64,7167.434213,medium,1.0,4.0,3,631
2.748249,72,7191.211871,medium,0.8202492211838006,2.8202492211838006,2,720
2.835527,68,7213.672956,medium,0.9034267912772586,2.9034267912772584,2,679
3.9421,58,7232.495291,medium,1.0,4.0,3,579
1.688514,72,7256.161648,medium,0.7605140186915887,1.7605140186915889,1,720
2.807051,65,7278.325543,medium,0.8716510903426792,2.871651090342679,2,646
1.751209,72,7302.969858,medium,0.823208722741433,1.823208722741433,1,720
2.667786,55,7322.656182,medium,0.7225856697819315,2.7225856697819317,2,548
1.477452,62,7344.693796,medium,0.5392523364485982,1.5392523364485982,1,618
3.9371,63,7366.680678,medium,1.0,4.0,3,629
2.61515,72,7390.844644,medium,0.6871495327102803,2.68714953271028,2,720
2.840539,72,7414.269825,medium,0.9125389408099689,2.912538940809969,2,720
0.265602,61,7436.543974,medium,0.3264018691588785,0.3264018691588785,0,608
0.261987,54,7456.016676,medium,0.31518691588785047,0.31518691588785047,0,532
0.184673,54,7475.282923,medium,0.23777258566978193,0.23777258566978193,0,531
0.192564,72,7501.423686,medium,0.26456386292834894,0.26456386292834894,0,720
2.744541,70,7526.283218,medium,0.8139408099688473,2.813940809968847,2,694
1.572953,67,7549.858641,medium,0.6399532710280373,1.6399532710280373,1,670
2.755414,72,7574.975058,medium,0.8274143302180685,2.8274143302180685,2,720
3.9291,71,7600.40402,medium,1.0,4.0,3,709
2.904092,65,7623.3773,medium,0.9686915887850467,2.9686915887850467,2,646
2.530492,72,7649.132383,medium,0.6024922118380063,2.6024922118380065,2,720
2.86169,65,7672.084059,medium,0.9260903426791277,2.9260903426791276,2,644
2.708976,65,7696.439611,medium,0.7736760124610592,2.7736760124610593,2,647
0.39747,72,7721.325622,medium,0.46947040498442366,0.46947040498442366,0,720
2.692674,72,7746.294326,medium,0.7641744548286604,2.7641744548286606,2,715
3.9284,72,7770.25222,medium,1.0,4.0,3,716
2.82508,61,7791.568476,medium,0.8852803738317757,2.8852803738317756,2,602
3.9494,51,7809.861558,medium,1.0,4.0,3,506
2.728823,64,7833.054993,medium,0.7925233644859813,2.792523364485981,2,637
2.701832,72,7858.621831,medium,0.7738317757009345,2.7738317757009345,2,720
2.612442,70,7884.632354,medium,0.6815420560747664,2.6815420560747665,2,691
2.836564,70,7908.977752,medium,0.9064641744548286,2.9064641744548285,2,699
1.511032,72,7933.458645,medium,0.582632398753894,1.5826323987538942,1,716
2.874963,72,7957.912745,medium,0.9469626168224299,2.9469626168224297,2,720
2.892408,72,7982.245455,medium,0.9644080996884735,2.9644080996884736,2,720
2.588903,72,8006.515705,medium,0.6609034267912772,2.6609034267912772,2,720
2.831427,72,8030.77453,medium,0.9034267912772586,2.9034267912772584,2,720
1.619822,72,8056.870528,medium,0.6918224299065421,1.691822429906542,1,720
2.857813,69,8081.000501,medium,0.9267133956386293,2.9267133956386293,2,689
2.684931,72,8104.480842,medium,0.7569314641744548,2.7569314641744547,2,720
1.275702,60,8125.706116,medium,0.335202492211838,1.335202492211838,1,595
2.782595,72,8150.72388,medium,0.854595015576324,2.854595015576324,2,720
2.680103,72,8176.177146,medium,0.7521028037383177,2.7521028037383175,2,720
2.871692,72,8202.071882,medium,0.9436915887850468,2.9436915887850468,2,720
2.775371,53,8221.69778,medium,0.8282710280373832,2.828271028037383,2,529
2.773621,68,8245.19161,medium,0.8411214953271028,2.8411214953271027,2,675
2.830723,70,8269.064705,medium,0.9006230529595015,2.9006230529595016,2,699
2.876598,72,8293.896287,medium,0.9485981308411215,2.9485981308411215,2,720
0.336418,61,8315.26543,medium,0.3971183800623053,0.3971183800623053,0,607
1.413202,72,8340.27081,medium,0.48520249221183803,1.485202492211838,1,720
1.529591,56,8360.042799,medium,0.5848909657320872,1.5848909657320873,1,553
2.60152,72,8385.717377,medium,0.6735202492211838,2.673520249221184,2,720
3.9455,55,8407.056328,medium,1.0,4.0,3,545
2.799599,67,8430.040999,medium,0.8661993769470405,2.8661993769470406,2,666
2.68856,65,8451.705038,medium,0.7529595015576324,2.7529595015576325,2,644
2.902844,72,8477.239324,medium,0.9748442367601247,2.9748442367601244,2,720
2.570913,72,8503.252713,medium,0.6429127725856698,2.64291277258567,2,720
0.404245,55,8522.391201,medium,0.4586448598130841,0.4586448598130841,0,544
3.9491,51,8539.900404,medium,1.0,4.0,3,509
2.816441,57,8560.021919,medium,0.8727414330218068,2.872741433021807,2,563
0.284608,55,8580.419563,medium,0.3394080996884735,0.3394080996884735,0,548
2.53996,64,8603.287061,medium,0.6036604361370717,2.603660436137072,2,637
2.588981,72,8627.351903,medium,0.6609813084112149,2.660981308411215,2,720
2.512543,70,8652.317262,medium,0.5822429906542056,2.5822429906542057,2,697
0.316441,65,8674.881648,medium,0.3808411214953271,0.3808411214953271,0,644
0.311844,55,8694.51894,medium,0.3660436137071651,0.3660436137071651,0,542
2.920793,66,8717.722215,medium,0.9862928348909658,2.986292834890966,2,655
2.559812,58,8738.421664,medium,0.6172118380062306,2.617211838006231,2,574
2.456812,53,8758.733961,medium,0.5091121495327103,2.5091121495327102,2,523
2.59041,68,8782.401164,medium,0.6577102803738317,2.6577102803738315,2,673
0.405034,71,8806.573646,medium,0.47523364485981306,0.47523364485981306,0,702
2.837969,72,8830.907644,medium,0.9099688473520249,2.909968847352025,2,720
2.615695,72,8854.779217,medium,0.6876947040498442,2.6876947040498442,2,720
3.9318,69,8878.221898,medium,1.0,4.0,3,682
2.631088,69,8902.209307,medium,0.6996884735202492,2.6996884735202493,2,686
2.87286,72,8927.508293,medium,0.9448598130841122,2.944859813084112,2,720
1.415224,62,8950.810145,medium,0.4763239875389408,1.4763239875389407,1,611
2.822548,72,8974.591923,medium,0.8945482866043614,2.8945482866043615,2,720
2.791396,72,8998.518047,medium,0.8633956386292835,2.8633956386292834,2,720
2.926832,72,9021.76352,medium,0.9988317757009346,2.9988317757009346,2,720
3.9435,57,9041.855251,medium,1.0,4.0,3,565
2.639095,66,9065.275124,medium,0.704595015576324,2.704595015576324,2,655
2.624417,72,9090.066635,medium,0.696417445482866,2.696417445482866,2,720
3.9454,55,9109.139969,medium,1.0,4.0,3,546
2.728701,72,9135.521556,medium,0.8007009345794392,2.800700934579439,2,720
2.914441,67,9158.444992,medium,0.9808411214953271,2.980841121495327,2,664
2.714577,60,9179.326873,medium,0.7743769470404984,2.7743769470404986,2,598
0.383763,72,9204.764932,medium,0.4557632398753894,0.4557632398753894,0,720
3.9364,64,9226.948827,medium,1.0,4.0,3,636
2.518031,72,9252.851117,medium,0.5900311526479751,2.590031152647975,2,720
2.635608,62,9273.972229,medium,0.6975077881619938,2.6975077881619938,2,619
1.559463,63,9297.441071,medium,0.6219626168224299,1.62196261682243,1,625
2.711536,66,9319.482884,medium,0.7766355140186916,2.7766355140186914,2,651
2.711767,64,9341.017773,medium,0.7754672897196262,2.775467289719626,2,637
0.253255,55,9360.114035,medium,0.30825545171339563,0.30825545171339563,0,550
2.624707,56,9378.945049,medium,0.680607476635514,2.680607476635514,2,559
3.9403,60,9399.39336,medium,1.0,4.0,3,597
2.774573,72,9424.061569,medium,0.8465732087227414,2.8465732087227416,2,720
3.9424,58,9444.679236,medium,1.0,4.0,3,576
3.9452,55,9463.80476,medium,1.0,4.0,3,548
2.795056,72,9490.227615,medium,0.8670560747663552,2.867056074766355,2,720
2.770517,68,9514.049097,medium,0.8376168224299065,2.8376168224299065,2,671
2.520062,60,9534.893234,medium,0.5800623052959502,2.58006230529595,2,600
2.669121,72,9560.271572,medium,0.7411214953271028,2.7411214953271026,2,720
0.416162,72,9584.988801,medium,0.4881619937694704,0.4881619937694704,0,720
3.9453,55,9603.443724,medium,1.0,4.0,3,547
3.9381,62,9624.985978,medium,1.0,4.0,3,619
2.884598,64,9648.981351,medium,0.9485981308411215,2.9485981308411215,2,640
2.563945,70,9672.073635,medium,0.6336448598130842,2.633644859813084,2,697
2.912739,67,9694.981331,medium,0.9794392523364486,2.979439252336449,2,667
2.688826,72,9719.041658,medium,0.7608255451713396,2.7608255451713397,2,720
0.300131,57,9737.802158,medium,0.35623052959501555,0.35623052959501555,0,561
1.459091,59,9756.976493,medium,0.5179906542056075,1.5179906542056076,1,589
2.581528,57,9775.587839,medium,0.6379283489096573,2.637928348909657,2,564
3.9365,64,9796.543667,medium,1.0,4.0,3,635
2.831427,72,9822.210428,medium,0.9034267912772586,2.9034267912772584,2,720
2.706023,70,9845.957851,medium,0.7756230529595015,2.7756230529595016,2,696
0.319822,72,9870.156217,medium,0.39182242990654204,0.39182242990654204,0,720
2.658374,72,9894.183652,medium,0.7303738317757009,2.730373831775701,2,720
3.9375,63,9915.072011,medium,1.0,4.0,3,625
2.703044,72,9939.446707,medium,0.7748442367601246,2.7748442367601247,2,718
2.703096,61,9959.533131,medium,0.7633956386292835,2.7633956386292837,2,603
2.841629,72,9984.006681,medium,0.9136292834890966,2.9136292834890964,2,720
2.554528,67,10008.045703,medium,0.6210280373831776,2.6210280373831774,2,665
2.597539,57,10026.994586,medium,0.6544392523364486,2.6544392523364486,2,569
2.863748,72,10051.531854,medium,0.9357476635514018,2.935747663551402,2,720
2.914838,72,10075.497566,medium,0.9868380062305296,2.9868380062305295,2,720
2.466574,56,10094.030104,medium,0.5222741433021807,2.5222741433021807,2,557
2.739137,72,10117.758554,medium,0.8111370716510904,2.8111370716510904,2,720
0.397209,60,10138.406232,medium,0.4570093457943925,0.4570093457943925,0,598
1.493803,59,10159.105865,medium,0.5521028037383178,1.5521028037383178,1,583
2.921925,72,10185.204846,medium,0.9939252336448599,2.99392523364486,2,720
2.495026,67,10207.966,medium,0.5615264797507789,2.561526479750779,2,665
2.728078,72,10232.523215,medium,0.8000778816199376,2.800077881619938,2,720
2.593888,72,10257.282498,medium,0.6658878504672897,2.6658878504672896,2,720
2.890692,70,10281.436302,medium,0.9605919003115265,2.9605919003115266,2,699
2.548566,52,10298.605917,medium,0.599766355140187,2.599766355140187,2,512
0.408218,72,10322.799294,medium,0.48021806853582555,0.48021806853582555,0,720
3.9413,59,10343.930377,medium,1.0,4.0,3,587
2.647931,59,10362.788964,medium,0.7062305295950155,2.7062305295950155,2,583
2.802377,72,10388.265112,medium,0.8743769470404984,2.8743769470404983,2,720
1.606738,72,10414.307373,medium,0.6787383177570093,1.6787383177570092,1,720
0.300785,55,10434.433894,medium,0.3556853582554517,0.3556853582554517,0,549
3.9301,70,10458.969911,medium,1.0,4.0,3,699
2.714483,65,10480.042378,medium,0.7792834890965732,2.7792834890965734,2,648
2.84381,72,10503.892217,medium,0.915809968847352,2.915809968847352,2,720
2.773608,66,10526.961455,medium,0.8394080996884735,2.8394080996884736,2,658
3.9316,69,10550.993789,medium,1.0,4.0,3,684
1.604746,64,10573.196044,medium,0.6681464174454829,1.6681464174454828,1,634
3.929,71,10598.443612,medium,1.0,4.0,3,710
2.72434,72,10623.984694,medium,0.7963395638629284,2.7963395638629285,2,720
2.792564,72,10648.477527,medium,0.8645638629283489,2.8645638629283487,2,720
2.784979,58,10668.632646,medium,0.8426791277258567,2.842679127725857,2,577
2.669199,72,10693.56327,medium,0.7411993769470405,2.7411993769470406,2,720
0.322112,71,10719.771752,medium,0.39221183800623055,0.39221183800623055,0,701
3.9484,52,10737.641896,medium,1.0,4.0,3,516
3.9323,68,10761.667239,medium,1.0,4.0,3,677
2.575975,72,10785.654732,medium,0.6479750778816199,2.64797507788162,2,720
2.659929,70,10808.67011,medium,0.729828660436137,2.7298286604361373,2,699
2.530895,66,10830.409565,medium,0.5964953271028037,2.5964953271028035,2,656
3.9391,61,10850.703814,medium,1.0,4.0,3,609
2.849417,72,10876.113234,medium,0.9214174454828661,2.921417445482866,2,720
2.577533,72,10900.459307,medium,0.6495327102803738,2.649532710280374,2,720
1.455259,72,10925.053552,medium,0.5272585669781932,1.527258566978193,1,720
1.430528,58,10944.193334,medium,0.4879283489096573,1.4879283489096573,1,574
2.604152,61,10964.918552,medium,0.6642523364485982,2.664252336448598,2,601
2.614526,72,10989.370838,medium,0.6865264797507789,2.686526479750779,2,720
2.772938,72,11014.842907,medium,0.8449376947040499,2.8449376947040497,2,720
2.831427,72,11039.157798,medium,0.9034267912772586,2.9034267912772584,2,720
2.821461,66,11063.357541,medium,0.8874610591900312,2.887461059190031,2,660
2.654596,68,11086.4912,medium,0.722196261682243,2.7221962616822433,2,676
2.81629,68,11110.204551,medium,0.8841900311526479,2.884190031152648,2,679
1.396279,55,11129.392053,medium,0.45077881619937693,1.4507788161993769,1,545
2.606865,68,11152.795802,medium,0.6740654205607477,2.6740654205607477,2,672
2.791474,72,11177.952271,medium,0.8634735202492212,2.8634735202492214,2,720
2.739047,71,11202.858577,medium,0.8100467289719626,2.8100467289719626,2,710
3.937,63,11223.319832,medium,1.0,4.0,3,630
2.527844,72,11249.516652,medium,0.5998442367601247,2.5998442367601244,2,720
2.681115,72,11274.927853,medium,0.7531152647975078,2.7531152647975077,2,720
3.954,46,11290.510828,medium,1.0,4.0,3,460
2.729045,55,11308.648982,medium,0.7836448598130841,2.783644859813084,2,546
1.602961,60,11328.440417,medium,0.6624610591900312,1.662461059190031,1,595
2.814916,72,11351.535065,medium,0.8869158878504673,2.886915887850467,2,720
2.840539,72,11373.508747,medium,0.9125389408099689,2.912538940809969,2,720
2.480804,72,11398.647064,medium,0.552803738317757,2.552803738317757,2,720
2.67587,60,11419.694777,medium,0.7356697819314642,2.735669781931464,2,598
2.587768,72,11443.969452,medium,0.6592679127725857,2.659267912772586,2,715
2.801896,71,11468.074073,medium,0.872196261682243,2.8721962616822427,2,703
2.658296,72,11492.311006,medium,0.7302959501557632,2.7302959501557633,2,720
3.932,68,11514.804337,medium,1.0,4.0,3,680
2.58057,56,11533.462848,medium,0.6356697819314642,2.635669781931464,2,551
2.878234,72,11556.932551,medium,0.9502336448598131,2.950233644859813,2,720
2.85853,72,11582.843432,medium,0.9305295950155763,2.9305295950155763,2,720
2.673164,59,11602.606052,medium,0.7314641744548287,2.7314641744548287,2,583
2.481885,57,11622.732181,medium,0.538785046728972,2.538785046728972,2,569
2.511828,68,11645.777327,medium,0.5791277258566978,2.579127725856698,2,673
3.9322,68,11668.788502,medium,1.0,4.0,3,678
1.413999,61,11689.230929,medium,0.4742990654205608,1.4742990654205608,1,603
2.597159,72,11712.980639,medium,0.6691588785046729,2.669158878504673,2,720
2.772315,72,11736.619208,medium,0.8443146417445483,2.8443146417445484,2,720
3.9299,71,11761.580438,medium,1.0,4.0,3,701
2.826351,63,11782.932553,medium,0.8885514018691589,2.888551401869159,2,622
2.762939,67,11805.772197,medium,0.8294392523364486,2.8294392523364484,2,665
0.083788,66,11827.736819,medium,0.14898753894080996,0.14898753894080996,0,652
2.699229,65,11849.571413,medium,0.7636292834890965,2.7636292834890965,2,644
2.768031,72,11874.006447,medium,0.8400311526479751,2.840031152647975,2,720
2.654558,72,11898.12557,medium,0.7265576323987539,2.726557632398754,2,720
1.388657,55,11917.7449,medium,0.4427570093457944,1.4427570093457944,1,541
2.894121,72,11943.339593,medium,0.9661214953271028,2.9661214953271027,2,720
2.487813,72,11967.633928,medium,0.5598130841121496,2.5598130841121494,2,720
3.9494,51,11984.721325,medium,1.0,4.0,3,506
2.452261,61,12005.027849,medium,0.5124610591900312,2.512461059190031,2,602
2.439838,72,12028.916586,medium,0.5118380062305296,2.5118380062305294,2,720
3.9329,68,12051.42788,medium,1.0,4.0,3,671
2.741348,62,12072.318899,medium,0.8026479750778817,2.802647975077882,2,613
2.776754,72,12097.435723,medium,0.8487538940809969,2.848753894080997,2,720
2.659292,60,12117.988867,medium,0.7186915887850467,2.7186915887850467,2,594
2.787813,72,12142.517205,medium,0.8598130841121495,2.8598130841121496,2,720
3.9492,51,12160.71279,medium,1.0,4.0,3,508
2.491897,56,12179.407151,medium,0.5478971962616822,2.5478971962616823,2,560
2.670212,72,12203.598532,medium,0.7422118380062306,2.742211838006231,2,720
2.554841,60,12223.690899,medium,0.6139408099688474,2.6139408099688475,2,591
2.898198,67,12245.496169,medium,0.964797507788162,2.964797507788162,2,666
2.474401,69,12269.717142,medium,0.542601246105919,2.542601246105919,2,682
2.610974,62,12292.27377,medium,0.6722741433021807,2.6722741433021806,2,613
2.593187,72,12317.722668,medium,0.6651869158878505,2.6651869158878503,2,720
2.584539,62,12339.068707,medium,0.6456386292834891,2.6456386292834893,2,611
2.865695,72,12364.254934,medium,0.9376947040498442,2.9376947040498442,2,720
2.868343,72,12389.535542,medium,0.9403426791277258,2.940342679127726,2,720
3.9338,67,12412.463129,medium,1.0,4.0,3,662
2.585009,72,12437.241484,medium,0.6570093457943925,2.6570093457943926,2,720
2.549474,64,12461.718058,medium,0.6134735202492212,2.6134735202492214,2,640
2.758763,72,12487.442519,medium,0.8307632398753894,2.8307632398753895,2,720
2.901209,72,12513.268585,medium,0.973208722741433,2.973208722741433,2,720
2.890773,72,12538.014215,medium,0.962772585669782,2.962772585669782,2,720
2.607807,56,12557.569506,medium,0.6637071651090343,2.6637071651090345,2,559
2.907128,72,12582.582598,medium,0.9791277258566978,2.979127725856698,2,720
2.547613,63,12603.850251,medium,0.6098130841121495,2.6098130841121496,2,622
0.320703,57,12623.929763,medium,0.3771028037383178,0.3771028037383178,0,564
2.698278,60,12646.716346,medium,0.758177570093458,2.758177570093458,2,599
2.643973,69,12670.873008,medium,0.712772585669782,2.712772585669782,2,688
2.676782,60,12692.150047,medium,0.7366822429906542,2.7366822429906543,2,599
2.638763,59,12712.340982,medium,0.6969626168224299,2.6969626168224297,2,582
2.512969,72,12737.08602,medium,0.5849688473520249,2.584968847352025,2,720
2.627201,66,12760.56123,medium,0.692601246105919,2.692601246105919,2,654
2.856563,66,12782.724165,medium,0.9219626168224299,2.9219626168224297,2,654
2.838142,69,12809.106778,medium,0.9065420560747663,2.906542056074766,2,684
2.683218,72,12834.846248,medium,0.7552180685358255,2.7552180685358256,2,720
3.9317,69,12859.667368,medium,1.0,4.0,3,683
3.9423,58,12880.647146,medium,1.0,4.0,3,577
2.588091,72,12905.434905,medium,0.6598909657320873,2.659890965732087,2,718
2.635882,59,12924.668654,medium,0.6947819314641744,2.6947819314641746,2,589
3.9446,56,12944.04331,medium,1.0,4.0,3,554
2.814509,68,12966.592781,medium,0.8820093457943925,2.8820093457943923,2,675
3.9428,58,12988.053929,medium,1.0,4.0,3,572
2.831972,72,13012.935045,medium,0.9039719626168224,2.9039719626168226,2,720
1.530306,58,13033.228074,medium,0.588006230529595,1.588006230529595,1,577
3.9285,72,13058.243087,medium,1.0,4.0,3,715
1.434812,58,13078.530342,medium,0.49221183800623053,1.4922118380062306,1,574
2.478374,52,13096.587749,medium,0.530373831775701,2.5303738317757007,2,520
2.860387,72,13121.217197,medium,0.9320872274143303,2.93208722741433,2,717
0.407007,65,13142.839542,medium,0.47180685358255453,0.47180685358255453,0,648
2.663826,72,13169.47625,medium,0.7358255451713396,2.7358255451713394,2,720
2.662465,62,13191.247021,medium,0.7240654205607476,2.7240654205607475,2,616
2.624417,72,13216.518874,medium,0.696417445482866,2.696417445482866,2,720
2.644745,72,13241.495591,medium,0.7167445482866044,2.7167445482866044,2,720
2.608229,64,13264.197126,medium,0.6717289719626168,2.671728971962617,2,635
2.679221,62,13285.236954,medium,0.7411214953271028,2.7411214953271026,2,619
1.297337,56,13303.642418,medium,0.3530373831775701,1.3530373831775702,1,557
2.50233,54,13321.977087,medium,0.5555295950155763,2.5555295950155763,2,532
3.9386,62,13345.324751,medium,1.0,4.0,3,614
3.9451,55,13364.705937,medium,1.0,4.0,3,549
2.870218,69,13388.181755,medium,0.9383177570093458,2.938317757009346,2,681
2.669193,59,13408.893999,medium,0.7281931464174455,2.7281931464174454,2,590
2.470991,72,13433.582639,medium,0.5429906542056074,2.5429906542056075,2,720
2.868966,72,13458.497776,medium,0.9409657320872274,2.9409657320872276,2,720
2.534809,64,13480.213062,medium,0.598208722741433,2.598208722741433,2,634
3.9391,61,13502.80489,medium,1.0,4.0,3,609
2.591842,65,13527.400442,medium,0.6565420560747663,2.656542056074766,2,647
2.592798,72,13554.224754,medium,0.664797507788162,2.664797507788162,2,720
3.9331,67,13577.781086,medium,1.0,4.0,3,669
2.674028,72,13602.540777,medium,0.7460280373831776,2.7460280373831774,2,720
2.865695,72,13627.790082,medium,0.9376947040498442,2.9376947040498442,2,720
3.9405,60,13648.141565,medium,1.0,4.0,3,595
2.639293,72,13673.138007,medium,0.7112928348909657,2.7112928348909655,2,720
2.763125,72,13694.89369,medium,0.8351246105919004,2.8351246105919,2,720
1.613202,72,13720.201972,medium,0.685202492211838,1.685202492211838,1,720
0.339978,69,13744.455441,medium,0.40817757009345795,0.40817757009345795,0,682
3.9494,51,13762.940657,medium,1.0,4.0,3,506
2.696796,51,13781.652714,medium,0.747196261682243,2.7471962616822427,2,504
3.9419,59,13802.546412,medium,1.0,4.0,3,581
2.822003,72,13827.24476,medium,0.8940031152647975,2.8940031152647974,2,720
2.525227,54,13846.810853,medium,0.5784267912772586,2.5784267912772587,2,532
2.633437,61,13867.624757,medium,0.6942367601246106,2.6942367601246104,2,608
2.76083,70,13894.09688,medium,0.8305295950155763,2.830529595015576,2,697
2.768966,72,13919.406741,medium,0.8409657320872275,2.8409657320872275,2,720
1.354817,58,13939.05342,medium,0.41261682242990655,1.4126168224299065,1,578
1.40657,71,13962.566243,medium,0.47757009345794393,1.4775700934579439,1,710
2.882976,66,13984.623001,medium,0.9486760124610591,2.948676012461059,2,657
2.828,72,14008.199409,medium,0.9,2.9,2,720
2.730259,72,14033.070301,medium,0.8022585669781932,2.8022585669781934,2,720
2.810555,72,14060.322536,medium,0.8825545171339564,2.8825545171339564,2,720
2.660857,65,14083.022308,medium,0.7258566978193146,2.7258566978193146,2,650
2.860998,63,14105.382179,medium,0.9235981308411215,2.9235981308411216,2,626
2.672708,59,14126.217385,medium,0.7313084112149533,2.731308411214953,2,586
3.949,51,14143.898458,medium,1.0,4.0,3,510
2.761879,72,14168.55569,medium,0.8338785046728971,2.833878504672897,2,720
2.765227,72,14193.294687,medium,0.8372274143302181,2.837227414330218,2,720
2.588275,68,14217.555639,medium,0.6560747663551402,2.65607476635514,2,678
3.9306,70,14244.334141,medium,1.0,4.0,3,694
2.677448,68,14268.402733,medium,0.7445482866043613,2.7445482866043616,2,671
3.936,64,14291.323835,medium,1.0,4.0,3,640
2.832907,72,14317.303532,medium,0.9049065420560748,2.9049065420560747,2,720
2.744978,72,14341.902242,medium,0.8169781931464174,2.8169781931464173,2,720
2.799021,59,14362.368927,medium,0.8573208722741433,2.857320872274143,2,583
3.93,70,14387.401757,medium,1.0,4.0,3,700
2.460271,68,14411.356682,medium,0.5282710280373831,2.5282710280373832,2,680
2.761489,72,14437.446835,medium,0.8334890965732087,2.8334890965732087,2,720
2.517483,62,14458.404758,medium,0.5785825545171339,2.578582554517134,2,611
2.791474,72,14482.48356,medium,0.8634735202492212,2.8634735202492214,2,720
2.895056,72,14507.239311,medium,0.9670560747663551,2.9670560747663552,2,720
2.677455,72,14531.676675,medium,0.7494548286604361,2.7494548286604363,2,720
2.759386,72,14556.628533,medium,0.831386292834891,2.8313862928348907,2,720
2.924028,72,14581.51571,medium,0.9960280373831776,2.9960280373831774,2,720
2.588436,72,14607.568858,medium,0.660436137071651,2.660436137071651,2,720
3.9378,63,14628.336109,medium,1.0,4.0,3,622
2.651832,72,14652.657574,medium,0.7238317757009346,2.7238317757009347,2,720
1.543874,70,14676.004152,medium,0.6134735202492212,1.6134735202492212,1,696
3.9475,53,14693.649727,medium,1.0,4.0,3,525
2.749623,68,14717.15645,medium,0.8175233644859813,2.8175233644859814,2,679
3.951,49,14735.137681,medium,1.0,4.0,3,490
2.621656,54,14754.134632,medium,0.6751557632398754,2.6751557632398755,2,535
3.9378,63,14778.436976,medium,1.0,4.0,3,622
2.862502,72,14803.408437,medium,0.9345015576323987,2.934501557632399,2,720
3.9345,66,14826.94809,medium,1.0,4.0,3,655
2.628935,72,14852.830534,medium,0.7009345794392523,2.7009345794392523,2,720
2.858997,72,14876.968349,medium,0.9309968847352025,2.9309968847352024,2,720
2.828303,66,14899.593274,medium,0.8940031152647975,2.8940031152647974,2,657
2.684074,64,14921.056847,medium,0.7472741433021807,2.747274143302181,2,632
2.625263,72,14944.742375,medium,0.6969626168224299,2.6969626168224297,2,717
2.683919,72,14970.395665,medium,0.7559190031152648,2.755919003115265,2,720
2.730414,72,14995.394829,medium,0.8024143302180685,2.8024143302180686,2,720
2.699877,58,15015.988194,medium,0.7574766355140187,2.757476635514019,2,576
2.898376,68,15039.383863,medium,0.9655763239875389,2.965576323987539,2,672
2.833039,63,15061.858955,medium,0.8956386292834891,2.8956386292834893,2,626
3.9406,60,15083.77193,medium,1.0,4.0,3,594
3.9284,72,15108.814331,medium,1.0,4.0,3,716
2.807283,72,15135.749896,medium,0.8792834890965732,2.879283489096573,2,720
2.875508,72,15159.849864,medium,0.9475077881619938,2.9475077881619938,2,720
2.60664,57,15179.340204,medium,0.6632398753894081,2.663239875389408,2,566
2.683887,65,15201.189808,medium,0.7482866043613707,2.748286604361371,2,644
3.9373,63,15222.113847,medium,1.0,4.0,3,627
2.865695,72,15246.008957,medium,0.9376947040498442,2.9376947040498442,2,720
2.61214,60,15267.137012,medium,0.6713395638629284,2.6713395638629285,2,592
3.9371,63,15289.71621,medium,1.0,4.0,3,629
2.846146,72,15316.929289,medium,0.9181464174454829,2.9181464174454828,2,720
2.831427,72,15342.955068,medium,0.9034267912772586,2.9034267912772584,2,720
2.596555,62,15364.2663,medium,0.6582554517133956,2.6582554517133956,2,617
2.812849,58,15383.554137,medium,0.8702492211838007,2.8702492211838004,2,574
3.9387,62,15404.644624,medium,1.0,4.0,3,613
2.536411,72,15429.74034,medium,0.608411214953271,2.608411214953271,2,720
2.831427,72,15455.189615,medium,0.9034267912772586,2.9034267912772584,2,720
2.654392,57,15475.095582,medium,0.7105919003115265,2.7105919003115266,2,562
2.880414,72,15501.626683,medium,0.9524143302180685,2.9524143302180685,2,720
2.804012,72,15526.688515,medium,0.8760124610591901,2.87601246105919,2,720
2.698442,59,15547.02377,medium,0.7565420560747663,2.756542056074766,2,581
2.708555,58,15566.904854,medium,0.7663551401869159,2.7663551401869158,2,578
3.9292,71,15591.114991,medium,1.0,4.0,3,708
2.520056,64,15613.860527,medium,0.5839563862928349,2.5839563862928348,2,639
2.863642,68,15638.078433,medium,0.9315420560747664,2.9315420560747665,2,679
2.594362,69,15663.068187,medium,0.6631619937694704,2.6631619937694704,2,688
2.919431,63,15686.266984,medium,0.9819314641744549,2.9819314641744548,2,625
1.542019,72,15711.33342,medium,0.6140186915887851,1.614018691588785,1,720
3.9457,55,15729.876194,medium,1.0,4.0,3,543
2.746146,72,15754.04574,medium,0.8181464174454829,2.818146417445483,2,720
2.772721,69,15777.424878,medium,0.8411214953271028,2.8411214953271027,2,684
3.9351,65,15800.300154,medium,1.0,4.0,3,649
3.9392,61,15822.182031,medium,1.0,4.0,3,608
2.717488,58,15842.342081,medium,0.7746884735202493,2.774688473520249,2,572
2.722591,63,15866.590353,medium,0.7848909657320873,2.784890965732087,2,623
2.783296,72,15892.373887,medium,0.8552959501557632,2.8552959501557633,2,720
2.804636,72,15917.029949,medium,0.8766355140186916,2.8766355140186914,2,720
3.9407,60,15938.844208,medium,1.0,4.0,3,593
2.536645,72,15964.979461,medium,0.6086448598130841,2.6086448598130842,2,720
2.865695,72,15990.640848,medium,0.9376947040498442,2.9376947040498442,2,720
1.439259,72,16015.002566,medium,0.5110591900311526,1.5110591900311525,1,718
2.568031,72,16042.660618,medium,0.640031152647975,2.640031152647975,2,720
2.584931,72,16067.831172,medium,0.6569314641744548,2.6569314641744546,2,720
2.604558,72,16092.522259,medium,0.6765576323987539,2.6765576323987537,2,720
2.819199,72,16117.782342,medium,0.8911993769470405,2.8911993769470405,2,720
2.591162,72,16143.409668,medium,0.6631619937694704,2.6631619937694704,2,720
2.468265,72,16169.212407,medium,0.5402647975077881,2.5402647975077883,2,720
2.745523,72,16195.285369,medium,0.8175233644859813,2.8175233644859814,2,720
2.812706,59,16220.326151,medium,0.8711059190031153,2.8711059190031154,2,584
2.458836,68,16247.680768,medium,0.5266355140186916,2.5266355140186914,2,678
2.91267,65,16273.773045,medium,0.9775700934579439,2.9775700934579437,2,649
2.832927,71,16302.554151,medium,0.9034267912772586,2.9034267912772584,2,705
1.463682,57,16325.880665,medium,0.5197819314641745,1.5197819314641745,1,561
0.309598,56,16349.160398,medium,0.36549844236760126,0.36549844236760126,0,559
2.768966,72,16376.22991,medium,0.8409657320872275,2.8409657320872275,2,720
2.879791,72,16401.286011,medium,0.9517912772585669,2.951791277258567,2,720
2.743498,72,16426.968111,medium,0.8154984423676013,2.815498442367601,2,720
2.894044,72,16451.243572,medium,0.9660436137071651,2.966043613707165,2,720
1.329259,57,16470.84137,medium,0.38605919003115263,1.3860591900311525,1,568
3.9308,70,16495.394249,medium,1.0,4.0,3,692
2.498895,56,16515.034808,medium,0.554595015576324,2.554595015576324,2,557
3.9355,65,16537.304786,medium,1.0,4.0,3,645
3.943,57,16556.419559,medium,1.0,4.0,3,570
2.620358,65,16578.733133,medium,0.6853582554517134,2.6853582554517135,2,650
3.9296,71,16605.090171,medium,1.0,4.0,3,704
3.9423,58,16625.033951,medium,1.0,4.0,3,577
2.72434,72,16650.905998,medium,0.7963395638629284,2.7963395638629285,2,720
3.9366,64,16673.336639,medium,1.0,4.0,3,634
2.789682,72,16698.323496,medium,0.8616822429906542,2.8616822429906543,2,720
2.677455,72,16722.909572,medium,0.7494548286604361,2.7494548286604363,2,720
2.680814,55,16741.907326,medium,0.7355140186915888,2.735514018691589,2,547
2.728779,72,16766.371875,medium,0.800778816199377,2.8007788161993767,2,720
3.9408,60,16789.357999,medium,1.0,4.0,3,592
2.752533,72,16813.931648,medium,0.8245327102803738,2.8245327102803737,2,720
2.672399,60,16834.153068,medium,0.732398753894081,2.7323987538940813,2,600
2.701195,71,16858.011975,medium,0.7714953271028038,2.7714953271028038,2,703
2.85666,72,16882.072572,medium,0.9286604361370716,2.9286604361370716,2,720
2.852688,72,16906.148573,medium,0.9246884735202492,2.9246884735202494,2,720
2.868421,72,16930.583355,medium,0.9404205607476636,2.9404205607476634,2,720
3.9483,52,16949.378547,medium,1.0,4.0,3,517
2.699028,72,16974.369565,medium,0.7710280373831776,2.7710280373831777,2,720
2.71872,71,16999.052349,medium,0.7897196261682243,2.789719626168224,2,710
2.798016,72,17023.227093,medium,0.8700155763239875,2.8700155763239876,2,720
2.883062,72,17047.794521,medium,0.9550623052959502,2.95506230529595,2,720
2.733142,66,17070.071135,medium,0.7984423676012461,2.798442367601246,2,653
2.767486,72,17094.249662,medium,0.8394859813084112,2.8394859813084112,2,720
2.509153,72,17118.670824,medium,0.5811526479750779,2.581152647975078,2,720
2.647003,72,17146.616155,medium,0.7190031152647975,2.7190031152647975,2,720
3.9313,69,17171.446532,medium,1.0,4.0,3,687
2.587325,57,17191.56282,medium,0.6439252336448598,2.6439252336448598,2,566
2.865695,72,17216.907189,medium,0.9376947040498442,2.9376947040498442,2,720
0.360959,59,17237.655508,medium,0.41915887850467287,0.41915887850467287,0,582
2.818838,68,17261.197146,medium,0.8868380062305296,2.8868380062305294,2,680
0.198349,64,17282.857082,medium,0.26144859813084115,0.26144859813084115,0,631
3.9347,66,17306.433913,medium,1.0,4.0,3,653
2.675805,62,17327.265157,medium,0.7373052959501558,2.737305295950156,2,615
1.446536,72,17351.116182,medium,0.5185358255451713,1.5185358255451713,1,720
3.9451,55,17369.471089,medium,1.0,4.0,3,549
2.758841,72,17393.735943,medium,0.8308411214953271,2.830841121495327,2,720
2.817097,72,17417.362991,medium,0.8890965732087227,2.8890965732087226,2,720
3.9459,55,17435.952842,medium,1.0,4.0,3,541
2.68057,72,17459.917357,medium,0.7525700934579439,2.752570093457944,2,720
2.706681,63,17483.531236,medium,0.7690809968847352,2.7690809968847354,2,624
2.831972,72,17508.835999,medium,0.9039719626168224,2.9039719626168226,2,720
2.857829,72,17532.855238,medium,0.9298286604361371,2.929828660436137,2,720
2.885866,72,17557.135766,medium,0.9578660436137072,2.9578660436137074,2,720
2.577455,72,17581.15257,medium,0.6494548286604361,2.6494548286604362,2,720
2.692371,69,17604.848597,medium,0.7613707165109034,2.7613707165109034,2,690
2.803131,70,17628.31001,medium,0.8731308411214953,2.8731308411214953,2,700
2.704713,72,17654.900795,medium,0.7767133956386293,2.7767133956386294,2,720
2.716655,67,17678.736258,medium,0.7832554517133956,2.7832554517133956,2,666
2.581944,51,17696.684788,medium,0.6329439252336448,2.632943925233645,2,510
3.9304,70,17721.214304,medium,1.0,4.0,3,696
2.664154,68,17745.640327,medium,0.7318535825545172,2.731853582554517,2,677
2.90557,72,17771.277487,medium,0.9775700934579439,2.9775700934579437,2,720
2.882673,72,17796.54116,medium,0.9546728971962617,2.9546728971962617,2,720
3.9301,70,17820.500109,medium,1.0,4.0,3,699
2.745523,72,17847.575184,medium,0.8175233644859813,2.8175233644859814,2,720
2.447672,65,17870.676404,medium,0.5120716510903427,2.5120716510903427,2,644
3.9289,72,17894.518333,medium,1.0,4.0,3,711
2.826832,72,17919.899443,medium,0.8988317757009345,2.8988317757009345,2,720
2.744433,72,17946.001845,medium,0.8164330218068536,2.8164330218068536,2,720
3.9466,54,17965.440813,medium,1.0,4.0,3,534
3.9445,56,17984.305269,medium,1.0,4.0,3,555
2.478871,67,18007.750525,medium,0.5451713395638629,2.545171339563863,2,663
2.909153,72,18034.917879,medium,0.9811526479750778,2.981152647975078,2,720
2.725897,72,18059.781672,medium,0.7978971962616822,2.7978971962616823,2,720
3.94,60,18080.895513,medium,1.0,4.0,3,600
2.779373,68,18104.981874,medium,0.8465732087227414,2.8465732087227416,2,672
2.919119,70,18129.166578,medium,0.9890186915887851,2.989018691588785,2,699
2.789137,72,18153.136697,medium,0.8611370716510903,2.86113707165109,2,720
2.676064,64,18174.642157,medium,0.7395638629283489,2.7395638629283487,2,635
2.754636,72,18200.761722,medium,0.8266355140186916,2.8266355140186916,2,720
2.696018,60,18221.221841,medium,0.7552180685358255,2.7552180685358256,2,592
1.408302,60,18241.743597,medium,0.4683021806853583,1.4683021806853582,1,600
3.9528,48,18258.575303,medium,1.0,4.0,3,472
2.514009,52,18277.066119,medium,0.5651090342679128,2.5651090342679126,2,511
3.9364,64,18299.588364,medium,1.0,4.0,3,636
3.9509,50,18317.128244,medium,1.0,4.0,3,491
2.777065,72,18342.240729,medium,0.8490654205607476,2.8490654205607475,2,720
2.512579,72,18367.828635,medium,0.5845794392523365,2.5845794392523365,2,720
2.834527,69,18393.303625,medium,0.9034267912772586,2.9034267912772584,2,689
2.63455,70,18417.716827,medium,0.7040498442367601,2.70404984423676,2,695
3.9435,57,18437.56131,medium,1.0,4.0,3,565
3.9355,65,18460.932218,medium,1.0,4.0,3,645
2.787813,72,18486.348694,medium,0.8598130841121495,2.8598130841121496,2,720
2.659079,59,18506.232024,medium,0.7176791277258567,2.717679127725857,2,586
2.875527,70,18530.993502,medium,0.9453271028037383,2.945327102803738,2,698
2.874885,72,18558.039467,medium,0.9468847352024922,2.946884735202492,2,720
2.876598,72,18582.919323,medium,0.9485981308411215,2.9485981308411215,2,720
2.771224,72,18608.99578,medium,0.8432242990654205,2.8432242990654206,2,720
2.87652,72,18634.717647,medium,0.9485202492211838,2.948520249221184,2,720
2.666737,53,18653.938165,medium,0.7192367601246106,2.719236760124611,2,525
2.872237,72,18679.312482,medium,0.9442367601246106,2.9442367601246104,2,720
2.787657,72,18704.763164,medium,0.8596573208722741,2.859657320872274,2,720
2.505082,57,18724.498659,medium,0.5616822429906542,2.561682242990654,2,566
2.793027,53,18745.174389,medium,0.8453271028037384,2.845327102803738,2,523
2.846692,72,18770.655447,medium,0.9186915887850468,2.918691588785047,2,720
2.878234,72,18795.38167,medium,0.9502336448598131,2.950233644859813,2,720
3.9509,50,18812.709446,medium,1.0,4.0,3,491
3.9588,42,18826.567501,medium,1.0,4.0,3,412
2.784386,72,18851.019059,medium,0.856386292834891,2.856386292834891,2,720
2.695601,72,18875.796479,medium,0.767601246105919,2.7676012461059187,2,720
2.833607,72,18901.462482,medium,0.905607476635514,2.905607476635514,2,720
2.816551,72,18928.407815,medium,0.8885514018691589,2.888551401869159,2,720
3.948,52,18946.997336,medium,1.0,4.0,3,520
2.670835,72,18972.628672,medium,0.7428348909657321,2.742834890965732,2,720
1.399688,59,18993.292752,medium,0.4577881619937695,1.4577881619937694,1,581
2.499885,72,19018.597634,medium,0.5718847352024922,2.571884735202492,2,720
2.884583,69,19043.053459,medium,0.9535825545171339,2.953582554517134,2,690
2.527033,57,19062.976699,medium,0.5833333333333334,2.5833333333333335,2,563
2.738125,72,19088.315022,medium,0.8101246105919003,2.8101246105919,2,720
2.558763,72,19115.335659,medium,0.6307632398753894,2.6307632398753893,2,720
2.837727,66,19139.07942,medium,0.9034267912772586,2.9034267912772584,2,657
2.511831,70,19164.075259,medium,0.5812305295950155,2.5812305295950155,2,694
3.9446,56,19184.141382,medium,1.0,4.0,3,554
3.9329,68,19208.378853,medium,1.0,4.0,3,671
1.413296,51,19226.097431,medium,0.4633956386292835,1.4633956386292835,1,501
2.649319,57,19246.462963,medium,0.7059190031152648,2.7059190031152647,2,566
2.683676,57,19266.371237,medium,0.7405763239875389,2.740576323987539,2,569
2.61409,62,19290.780559,medium,0.6760903426791277,2.6760903426791276,2,620
2.613981,72,19316.003577,medium,0.685981308411215,2.6859813084112147,2,720
2.88764,60,19337.223441,medium,0.9470404984423676,2.9470404984423677,2,594
2.80009,68,19361.727983,medium,0.8672897196261682,2.867289719626168,2,672
3.9484,52,19379.122467,medium,1.0,4.0,3,516
3.941,59,19400.230981,medium,1.0,4.0,3,590
2.662543,70,19425.120862,medium,0.7322429906542056,2.7322429906542056,2,697
2.722704,72,19450.840716,medium,0.7947040498442368,2.7947040498442366,2,720
3.9496,51,19470.786954,medium,1.0,4.0,3,504
2.521081,65,19493.827883,medium,0.585981308411215,2.585981308411215,2,649
2.765773,72,19519.37058,medium,0.837772585669782,2.837772585669782,2,720
2.511585,61,19540.437502,medium,0.5718847352024922,2.571884735202492,2,603
2.888592,72,19565.991023,medium,0.9605919003115265,2.9605919003115266,2,720
2.638388,61,19588.655823,medium,0.69898753894081,2.69898753894081,2,606
2.711178,72,19614.980009,medium,0.7831775700934579,2.783177570093458,2,720
1.539994,72,19640.552647,medium,0.611993769470405,1.611993769470405,1,720
2.787813,72,19668.162863,medium,0.8598130841121495,2.8598130841121496,2,720
3.9498,51,19686.223106,medium,1.0,4.0,3,502
2.816803,61,19707.818052,medium,0.8771028037383177,2.8771028037383175,2,603
0.38233,57,19728.131809,medium,0.43933021806853584,0.43933021806853584,0,570
3.9524,48,19745.533067,medium,1.0,4.0,3,476
2.815383,72,19771.200673,medium,0.8873831775700934,2.8873831775700936,2,720
2.773138,72,19796.898833,medium,0.8449376947040499,2.8449376947040497,2,718
2.733911,66,19820.068544,medium,0.7996105919003115,2.7996105919003114,2,657
2.86071,72,19847.732672,medium,0.9327102803738317,2.932710280373832,2,720
3.9453,55,19866.904932,medium,1.0,4.0,3,547
2.70962,72,19891.452495,medium,0.7816199376947041,2.781619937694704,2,720
2.864526,72,19917.001943,medium,0.9365264797507789,2.936526479750779,2,720
2.787813,72,19943.648154,medium,0.8598130841121495,2.8598130841121496,2,720
2.473888,59,19964.249655,medium,0.5327881619937694,2.5327881619937695,2,589
2.852143,72,19989.676913,medium,0.9241433021806854,2.9241433021806853,2,720
2.875508,72,20015.796539,medium,0.9475077881619938,2.9475077881619938,2,720
2.591162,72,20043.682456,medium,0.6631619937694704,2.6631619937694704,2,720
3.9385,62,20064.497509,medium,1.0,4.0,3,615
2.755404,57,20084.741865,medium,0.8116043613707166,2.8116043613707165,2,562
3.9342,66,20108.099309,medium,1.0,4.0,3,658
2.817619,64,20131.377898,medium,0.8809190031152648,2.880919003115265,2,633
2.648362,57,20151.791336,medium,0.7050623052959502,2.70506230529595,2,567
2.64645,58,20172.460245,medium,0.7040498442367601,2.70404984423676,2,576
3.947,53,20191.453273,medium,1.0,4.0,3,530
2.911489,72,20218.182784,medium,0.9834890965732087,2.9834890965732086,2,720
2.87404,57,20237.869287,medium,0.9301401869158878,2.930140186915888,2,561
2.479713,72,20264.111678,medium,0.5517133956386293,2.5517133956386293,2,720
2.828868,64,20286.484119,medium,0.8923676012461059,2.892367601246106,2,635
2.80538,63,20309.371499,medium,0.868380062305296,2.868380062305296,2,630
3.9413,59,20331.508452,medium,1.0,4.0,3,587
2.817564,72,20358.156624,medium,0.8895638629283489,2.889563862928349,2,720
3.9468,54,20377.397561,medium,1.0,4.0,3,532
2.63774,51,20397.220388,medium,0.6882398753894081,2.6882398753894083,2,505
2.66486,72,20423.003467,medium,0.7367601246105919,2.736760124610592,2,719
3.9529,48,20440.077456,medium,1.0,4.0,3,471
3.9371,63,20462.65894,medium,1.0,4.0,3,629
2.448167,53,20482.304048,medium,0.5004672897196262,2.500467289719626,2,523
3.9439,57,20503.172903,medium,1.0,4.0,3,561
2.636094,51,20520.878448,medium,0.686993769470405,2.686993769470405,2,509
3.9519,49,20537.81124,medium,1.0,4.0,3,481
2.647626,72,20563.399442,medium,0.719626168224299,2.7196261682242993,2,720
2.632278,60,20585.620858,medium,0.6919781931464174,2.6919781931464173,2,597
2.628349,59,20606.567077,medium,0.6864485981308411,2.6864485981308412,2,581
2.845358,65,20629.325335,medium,0.9103582554517134,2.9103582554517136,2,650
3.9501,50,20645.922557,medium,1.0,4.0,3,499
2.741302,69,20669.765928,medium,0.8095015576323987,2.809501557632399,2,682
3.9517,49,20687.063066,medium,1.0,4.0,3,483
2.780179,71,20711.199643,medium,0.8507788161993769,2.850778816199377,2,706
1.501287,72,20736.468776,medium,0.5732866043613707,1.5732866043613707,1,720
3.9505,50,20755.176915,medium,1.0,4.0,3,495
3.9431,57,20775.490527,medium,1.0,4.0,3,569
2.577948,58,20795.510749,medium,0.6357476635514019,2.6357476635514017,2,578
2.520307,69,20819.424163,medium,0.5887071651090343,2.5887071651090343,2,684
0.400215,70,20843.928288,medium,0.4693146417445483,0.4693146417445483,0,691
3.9354,65,20866.947617,medium,1.0,4.0,3,646
2.831427,72,20892.445674,medium,0.9034267912772586,2.9034267912772584,2,720
2.517786,55,20911.214265,medium,0.5725856697819315,2.5725856697819314,2,548
2.579805,58,20930.727152,medium,0.6373052959501557,2.6373052959501555,2,575
2.883698,57,20951.691417,medium,0.9404984423676013,2.940498442367601,2,568
2.771847,72,20975.47,medium,0.8438473520249221,2.8438473520249223,2,720
2.503817,59,20996.064451,medium,0.5626168224299065,2.5626168224299066,2,588
3.9455,55,21014.891462,medium,1.0,4.0,3,545
2.836333,72,21039.934736,medium,0.9083333333333333,2.908333333333333,2,720
0.327308,54,21057.469256,medium,0.3813084112149533,0.3813084112149533,0,540
2.889668,62,21078.668104,medium,0.9511682242990654,2.9511682242990656,2,615
2.887581,57,21098.271673,medium,0.9440809968847352,2.9440809968847352,2,565
3.9411,59,21120.523674,medium,1.0,4.0,3,589
2.638835,63,21143.043742,medium,0.7009345794392523,2.7009345794392523,2,621
2.483956,59,21163.868129,medium,0.5420560747663551,2.542056074766355,2,581
2.901595,70,21188.282368,medium,0.9714953271028037,2.9714953271028035,2,699
3.9376,63,21210.455674,medium,1.0,4.0,3,624
2.688692,64,21233.254119,medium,0.7524922118380062,2.752492211838006,2,638
2.720268,56,21252.469658,medium,0.7761682242990654,2.7761682242990653,2,559
2.591162,72,21276.760736,medium,0.6631619937694704,2.6631619937694704,2,720
3.9305,70,21302.726362,medium,1.0,4.0,3,695
2.753157,65,21325.088129,medium,0.8177570093457944,2.8177570093457946,2,646
2.504439,50,21342.621311,medium,0.5544392523364486,2.5544392523364485,2,500
3.9332,67,21366.287171,medium,1.0,4.0,3,668
2.813903,72,21392.56474,medium,0.8859034267912772,2.8859034267912773,2,720
2.476536,51,21409.995356,medium,0.5266355140186916,2.5266355140186914,2,501
3.9485,52,21427.419268,medium,1.0,4.0,3,515
2.727143,72,21451.106827,medium,0.7991433021806854,2.7991433021806853,2,720
2.654947,72,21476.954568,medium,0.7269470404984424,2.7269470404984424,2,720
2.7199,72,21501.802652,medium,0.7919003115264798,2.7919003115264798,2,720
2.919698,62,21523.316724,medium,0.9816978193146417,2.9816978193146415,2,620
2.90466,66,21545.953224,medium,0.9698598130841122,2.969859813084112,2,652
2.782588,68,21569.509861,medium,0.8496884735202492,2.8496884735202492,2,671
1.46476,72,21593.937625,medium,0.5367601246105919,1.5367601246105917,1,720
2.462987,53,21612.280006,medium,0.5151869158878505,2.5151869158878504,2,522
3.9445,56,21631.143495,medium,1.0,4.0,3,555
3.9428,58,21652.710701,medium,1.0,4.0,3,572
3.9347,66,21675.474187,medium,1.0,4.0,3,653
3.933,67,21698.522023,medium,1.0,4.0,3,670
3.9411,59,21719.043677,medium,1.0,4.0,3,589
2.773056,69,21742.604667,medium,0.8420560747663551,2.8420560747663552,2,690
2.596946,63,21764.117044,medium,0.6593457943925234,2.6593457943925234,2,624
3.9309,70,21788.100047,medium,1.0,4.0,3,691
2.881517,65,21809.556067,medium,0.946417445482866,2.946417445482866,2,649
2.831427,72,21835.953353,medium,0.9034267912772586,2.9034267912772584,2,720
3.9501,50,21853.400723,medium,1.0,4.0,3,499
3.9468,54,21871.50405,medium,1.0,4.0,3,532
2.867749,69,21895.936019,medium,0.9364485981308411,2.9364485981308412,2,687
3.931,69,21919.133961,medium,1.0,4.0,3,690
1.427837,51,21936.415886,medium,0.4780373831775701,1.4780373831775702,1,502
3.9474,53,21955.321356,medium,1.0,4.0,3,526
2.735284,70,21979.881863,medium,0.8049844236760124,2.8049844236760126,2,697
2.699184,72,22007.786096,medium,0.7711838006230529,2.771183800623053,2,720
3.938,62,22028.592729,medium,1.0,4.0,3,620
3.9365,64,22050.095469,medium,1.0,4.0,3,635
3.9402,60,22070.846638,medium,1.0,4.0,3,598
2.821435,64,22091.684107,medium,0.8847352024922118,2.884735202492212,2,633
1.37603,64,22113.55092,medium,0.43933021806853584,1.439330218068536,1,633
2.882595,72,22138.036406,medium,0.954595015576324,2.954595015576324,2,720
2.783121,58,22157.773677,medium,0.8411214953271028,2.8411214953271027,2,580
2.542895,62,22180.218721,medium,0.604595015576324,2.604595015576324,2,617
2.895757,72,22204.063842,medium,0.9677570093457943,2.967757009345794,2,720
2.623327,72,22227.011079,medium,0.6953271028037383,2.695327102803738,2,720
3.9474,53,22244.095964,medium,1.0,4.0,3,526
2.849807,72,22266.951039,medium,0.9218068535825545,2.9218068535825545,2,720
2.839994,72,22290.282121,medium,0.911993769470405,2.911993769470405,2,720
3.9524,48,22305.536689,medium,1.0,4.0,3,476
2.778502,65,22327.352288,medium,0.8433021806853582,2.8433021806853582,2,648
2.648221,60,22351.292761,medium,0.7073208722741433,2.7073208722741433,2,591
2.897779,62,22373.73509,medium,0.9595794392523365,2.9595794392523365,2,618
2.900586,72,22397.937699,medium,0.9725856697819315,2.9725856697819317,2,720
2.633604,53,22415.890518,medium,0.6866043613707166,2.6866043613707165,2,530
2.897315,72,22439.779785,medium,0.9693146417445483,2.9693146417445484,2,720
3.952,48,22455.083388,medium,1.0,4.0,3,480
2.897315,72,22478.513427,medium,0.9693146417445483,2.9693146417445484,2,720
2.558932,65,22500.726785,medium,0.6238317757009346,2.6238317757009346,2,649
1.424893,62,22525.342309,medium,0.48629283489096575,1.4862928348909659,1,614
2.477148,51,22544.852739,medium,0.5276479750778816,2.5276479750778815,2,505
2.706983,56,22564.126044,medium,0.7623831775700934,2.7623831775700936,2,554
2.583062,72,22589.128532,medium,0.6550623052959501,2.6550623052959503,2,720
2.763053,52,22607.180486,medium,0.8149532710280374,2.8149532710280374,2,519
1.563198,61,22628.677339,medium,0.6235981308411215,1.6235981308411214,1,604
2.660658,66,22652.426622,medium,0.7265576323987539,2.726557632398754,2,659
2.846707,59,22672.34977,medium,0.905607476635514,2.905607476635514,2,589
2.880388,70,22697.191911,medium,0.9496884735202492,2.9496884735202493,2,693
3.9527,48,22716.057366,medium,1.0,4.0,3,473
2.640095,65,22738.681179,medium,0.704595015576324,2.704595015576324,2,645
2.739139,66,22761.031043,medium,0.8044392523364486,2.8044392523364485,2,653
3.9384,62,22783.520544,medium,1.0,4.0,3,616
2.667934,67,22808.175762,medium,0.7340342679127726,2.7340342679127727,2,661
0.373403,63,22831.134543,medium,0.43590342679127725,0.43590342679127725,0,625
2.882673,72,22856.158446,medium,0.9546728971962617,2.9546728971962617,2,720
2.741497,57,22877.44875,medium,0.7978971962616822,2.7978971962616823,2,564
2.666474,72,22903.294821,medium,0.7384735202492212,2.7384735202492214,2,720
2.510844,56,22921.635214,medium,0.5660436137071652,2.566043613707165,2,552
3.9427,58,22940.401597,medium,1.0,4.0,3,573
2.759854,72,22962.784817,medium,0.8318535825545171,2.8318535825545172,2,720
3.9397,61,22982.874682,medium,1.0,4.0,3,603
2.524317,56,23002.253587,medium,0.5795171339563863,2.5795171339563865,2,552
2.489482,56,23020.45574,medium,0.5447819314641744,2.5447819314641746,2,553
2.615316,64,23042.438884,medium,0.678816199376947,2.6788161993769473,2,635
2.805648,72,23069.147369,medium,0.8776479750778816,2.8776479750778816,2,720
2.681271,72,23092.69493,medium,0.7532710280373832,2.7532710280373833,2,720
3.9554,45,23106.716108,medium,1.0,4.0,3,446
2.645498,70,23129.448781,medium,0.7154984423676013,2.7154984423676014,2,700
1.555379,71,23151.735363,medium,0.6257788161993769,1.625778816199377,1,704
3.9425,58,23170.212112,medium,1.0,4.0,3,575
3.9427,58,23189.369712,medium,1.0,4.0,3,573
2.788047,72,23212.482572,medium,0.8600467289719627,2.8600467289719624,2,720
2.831427,72,23237.342049,medium,0.9034267912772586,2.9034267912772584,2,720
2.661345,56,23255.709049,medium,0.7167445482866044,2.7167445482866044,2,554
3.9401,60,23275.054145,medium,1.0,4.0,3,599
2.831427,72,23298.164334,medium,0.9034267912772586,2.9034267912772584,2,720
2.870601,72,23321.034919,medium,0.942601246105919,2.942601246105919,2,720
3.9319,69,23342.614848,medium,1.0,4.0,3,681
2.633127,63,23362.259506,medium,0.6953271028037383,2.695327102803738,2,622
3.9509,50,23378.806036,medium,1.0,4.0,3,491
2.560479,58,23399.172986,medium,0.6176791277258566,2.6176791277258564,2,572
2.863981,72,23422.389848,medium,0.935981308411215,2.9359813084112147,2,720
2.873327,72,23447.303203,medium,0.9453271028037383,2.945327102803738,2,720
2.643654,72,23471.101606,medium,0.7156542056074766,2.7156542056074766,2,720
3.9316,69,23494.32629,medium,1.0,4.0,3,684
2.525884,71,23517.088862,medium,0.596183800623053,2.596183800623053,2,703
2.735423,58,23535.961707,medium,0.7925233644859813,2.792523364485981,2,571
0.415376,67,23558.175922,medium,0.48177570093457944,0.48177570093457944,0,664
1.414944,60,23579.486726,medium,0.4748442367601246,1.4748442367601247,1,599
2.497494,57,23598.289404,medium,0.5538940809968848,2.553894080996885,2,564
2.871153,52,23615.965486,medium,0.9230529595015576,2.9230529595015575,2,519
2.829248,57,23636.277131,medium,0.8857476635514019,2.8857476635514017,2,565
2.879995,58,23656.443879,medium,0.9376947040498442,2.9376947040498442,2,577
3.9346,66,23679.119389,medium,1.0,4.0,3,654
2.643443,56,23698.754373,medium,0.6991433021806853,2.699143302180685,2,557
2.865695,72,23723.589451,medium,0.9376947040498442,2.9376947040498442,2,720
2.490801,52,23745.166856,medium,0.542601246105919,2.542601246105919,2,518
2.812112,72,23770.682334,medium,0.8841121495327103,2.8841121495327102,2,720
3.9491,51,23788.124756,medium,1.0,4.0,3,509
2.772133,62,23809.666093,medium,0.8333333333333334,2.8333333333333335,2,612
2.508763,72,23834.65088,medium,0.5807632398753894,2.5807632398753895,2,720
2.656738,72,23859.474817,medium,0.7287383177570094,2.7287383177570095,2,720
2.763102,64,23882.901632,medium,0.8264018691588785,2.8264018691588784,2,633
2.867875,72,23908.980737,medium,0.9398753894080997,2.9398753894081,2,720
3.935,65,23933.876011,medium,1.0,4.0,3,650
2.689351,66,23960.80103,medium,0.7547507788161993,2.7547507788161996,2,654
1.505206,58,23983.123413,medium,0.563006230529595,1.563006230529595,1,578
2.885388,64,24005.967366,medium,0.94898753894081,2.94898753894081,2,636
3.9452,55,24025.438529,medium,1.0,4.0,3,548
2.742469,60,24045.817883,medium,0.8018691588785046,2.8018691588785045,2,594
0.405994,65,24068.156949,medium,0.47079439252336447,0.47079439252336447,0,648
2.502143,72,24093.108348,medium,0.5741433021806853,2.574143302180685,2,720
3.9355,65,24117.152448,medium,1.0,4.0,3,645
1.524417,72,24142.860596,medium,0.596417445482866,1.596417445482866,1,720
3.9499,51,24161.152716,medium,1.0,4.0,3,501
3.951,49,24177.550132,medium,1.0,4.0,3,490
3.9596,41,24192.209553,medium,1.0,4.0,3,404
2.933461,63,24213.973462,medium,0.9955607476635514,2.9955607476635513,2,621
3.938,62,24236.068919,medium,1.0,4.0,3,620
3.9365,64,24259.699084,medium,1.0,4.0,3,635
2.792564,72,24285.083598,medium,0.8645638629283489,2.8645638629283487,2,720
3.9375,63,24308.636493,medium,1.0,4.0,3,625
2.852342,72,24333.555255,medium,0.9234423676012461,2.923442367601246,2,711
0.384575,64,24355.79577,medium,0.44797507788161994,0.44797507788161994,0,634
2.725508,72,24380.897559,medium,0.7975077881619937,2.797507788161994,2,720
3.9484,52,24398.545591,medium,1.0,4.0,3,516
2.741318,72,24423.100841,medium,0.8133177570093458,2.813317757009346,2,720
0.427113,66,24446.103228,medium,0.4929127725856698,0.4929127725856698,0,658
2.713436,72,24471.715167,medium,0.785436137071651,2.785436137071651,2,720
2.744361,60,24495.27252,medium,0.8043613707165109,2.804361370716511,2,600
2.882279,69,24519.452904,medium,0.950778816199377,2.950778816199377,2,685
2.777349,68,24543.335597,medium,0.8452492211838006,2.8452492211838005,2,679
3.9418,59,24564.037671,medium,1.0,4.0,3,582
2.689898,51,24581.473227,medium,0.7404984423676012,2.7404984423676013,2,506
3.953,47,24598.278053,medium,1.0,4.0,3,470
2.727543,72,24625.375395,medium,0.7991433021806854,2.7991433021806853,2,716
3.9534,47,24643.139126,medium,1.0,4.0,3,466
3.9493,51,24663.314044,medium,1.0,4.0,3,507
2.87365,56,24683.573006,medium,0.9290498442367601,2.92904984423676,2,554
1.488202,72,24709.354421,medium,0.560202492211838,1.560202492211838,1,720
3.9363,64,24732.831636,medium,1.0,4.0,3,637
2.81328,72,24758.496646,medium,0.8852803738317757,2.8852803738317756,2,720
3.9398,61,24780.720536,medium,1.0,4.0,3,602
2.735749,60,24802.209214,medium,0.7952492211838006,2.7952492211838007,2,595
3.938,62,24824.190789,medium,1.0,4.0,3,620
2.736485,61,24847.90971,medium,0.7968847352024923,2.796884735202492,2,604
2.630984,58,24868.308033,medium,0.6880841121495327,2.6880841121495327,2,571
2.833997,72,24895.040627,medium,0.9059968847352025,2.9059968847352025,2,720
2.642686,64,24917.404433,medium,0.706386292834891,2.7063862928348907,2,637
3.9418,59,24938.672936,medium,1.0,4.0,3,582
3.9487,52,24957.532054,medium,1.0,4.0,3,513
2.61733,72,24983.852448,medium,0.6893302180685358,2.6893302180685357,2,720
2.865695,72,25009.606693,medium,0.9376947040498442,2.9376947040498442,2,720
3.943,57,25032.630575,medium,1.0,4.0,3,570
1.40557,72,25058.310774,medium,0.47757009345794393,1.4775700934579439,1,720
2.630114,64,25082.300199,medium,0.6936137071651091,2.693613707165109,2,635
2.487679,64,25104.661649,medium,0.550778816199377,2.5507788161993767,2,631
2.796389,54,25124.354472,medium,0.8503894080996884,2.8503894080996885,2,540
2.922938,72,25148.610177,medium,0.9949376947040498,2.99493769470405,2,720
1.388685,51,25166.519332,medium,0.43878504672897195,1.438785046728972,1,501
3.9486,52,25184.524186,medium,1.0,4.0,3,514
2.843527,60,25206.096316,medium,0.9034267912772586,2.9034267912772584,2,599
2.731642,67,25232.511702,medium,0.7984423676012461,2.798442367601246,2,668
3.9505,50,25249.855298,medium,1.0,4.0,3,495
2.651596,71,25274.509868,medium,0.722196261682243,2.7221962616822433,2,706
2.76585,72,25300.882954,medium,0.8378504672897197,2.83785046728972,2,720
2.745523,72,25327.228963,medium,0.8175233644859813,2.8175233644859814,2,720
2.695757,72,25353.576638,medium,0.7677570093457944,2.7677570093457944,2,720
2.774895,63,25375.683236,medium,0.8376947040498443,2.837694704049844,2,628
2.843427,60,25397.647801,medium,0.9034267912772586,2.9034267912772584,2,600
2.879402,72,25425.105838,medium,0.9514018691588785,2.9514018691588784,2,720
2.757455,51,25442.662649,medium,0.8082554517133956,2.8082554517133955,2,508
2.700151,55,25462.408586,medium,0.7547507788161993,2.7547507788161996,2,546
2.779633,54,25481.5943,medium,0.8333333333333334,2.8333333333333335,2,537
2.812574,68,25506.137322,medium,0.8803738317757009,2.880373831775701,2,678
2.581427,72,25532.50555,medium,0.6534267912772586,2.6534267912772584,2,720
2.865695,72,25558.841678,medium,0.9376947040498442,2.9376947040498442,2,720
2.759854,72,25584.965465,medium,0.8318535825545171,2.8318535825545172,2,720
2.868702,66,25610.238114,medium,0.9345015576323987,2.934501557632399,2,658
2.606662,57,25631.057568,medium,0.6631619937694704,2.6631619937694704,2,565
2.877688,72,25656.915131,medium,0.9496884735202492,2.9496884735202493,2,720
2.844827,59,25678.314105,medium,0.9034267912772586,2.9034267912772584,2,586
2.822896,58,25699.354905,medium,0.8802959501557632,2.8802959501557632,2,574
3.936,64,25722.873359,medium,1.0,4.0,3,640
3.9383,62,25744.469733,medium,1.0,4.0,3,617
2.885866,72,25770.345795,medium,0.9578660436137072,2.9578660436137074,2,720
3.9497,51,25789.644155,medium,1.0,4.0,3,503
2.484265,56,25809.941732,medium,0.5402647975077881,2.5402647975077883,2,560
2.818732,72,25837.108693,medium,0.8907320872274144,2.8907320872274145,2,720
2.678718,52,25855.553926,medium,0.7302180685358255,2.7302180685358257,2,515
3.9518,49,25871.636823,medium,1.0,4.0,3,482
2.89895,72,25896.968437,medium,0.9709501557632398,2.97095015576324,2,720
2.645835,72,25923.703666,medium,0.717834890965732,2.717834890965732,2,720
3.9283,72,25949.550336,medium,1.0,4.0,3,717
3.9295,71,25975.388424,medium,1.0,4.0,3,705
3.9283,72,26002.009666,medium,1.0,4.0,3,717
2.543557,67,26026.594222,medium,0.6096573208722741,2.609657320872274,2,661
2.669696,69,26051.091368,medium,0.7383956386292835,2.7383956386292834,2,687
2.707361,72,26077.737657,medium,0.7793613707165109,2.779361370716511,2,720
2.546753,52,26096.55383,medium,0.5980529595015577,2.598052959501558,2,513
3.9498,51,26115.255886,medium,1.0,4.0,3,502
2.579809,53,26134.145482,medium,0.6320093457943925,2.6320093457943923,2,522
2.635243,72,26162.788029,medium,0.7072429906542056,2.7072429906542057,2,720
2.827922,72,26189.499321,medium,0.8999221183800623,2.8999221183800623,2,720
2.822112,54,26209.507674,medium,0.8760124610591901,2.87601246105919,2,539
3.9436,57,26231.187663,medium,1.0,4.0,3,564
2.899157,52,26250.065238,medium,0.9508566978193146,2.9508566978193147,2,517
2.680103,72,26275.983464,medium,0.7521028037383177,2.7521028037383175,2,720
2.650509,65,26299.321617,medium,0.7151090342679127,2.715109034267913,2,646
2.892663,64,26322.378774,medium,0.9557632398753894,2.9557632398753895,2,631
2.773621,68,26349.372265,medium,0.8411214953271028,2.8411214953271027,2,675
2.555928,57,26370.299556,medium,0.6129283489096573,2.6129283489096573,2,570
3.9514,49,26387.938841,medium,1.0,4.0,3,486
2.861411,72,26414.150946,medium,0.9334112149532711,2.933411214953271,2,720
3.9412,59,26435.727547,medium,1.0,4.0,3,588
3.9558,45,26452.601902,medium,1.0,4.0,3,442
3.9495,51,26470.96375,medium,1.0,4.0,3,505
2.458645,50,26488.994157,medium,0.5086448598130842,2.508644859813084,2,500
2.91367,72,26515.274102,medium,0.9856697819314642,2.985669781931464,2,720
3.938,62,26539.712768,medium,1.0,4.0,3,620
2.573371,63,26563.735812,medium,0.6363707165109034,2.6363707165109034,2,630
3.9299,71,26589.103168,medium,1.0,4.0,3,701
2.521363,60,26610.651079,medium,0.5807632398753894,2.5807632398753895,2,594
3.9401,60,26632.383739,medium,1.0,4.0,3,599
2.865695,72,26657.625795,medium,0.9376947040498442,2.9376947040498442,2,720
2.483704,53,26677.278286,medium,0.5366043613707165,2.5366043613707165,2,529
2.899495,72,26704.571107,medium,0.9714953271028037,2.9714953271028035,2,720
2.690544,51,26725.262343,medium,0.7410436137071651,2.741043613707165,2,505
3.9384,62,26747.718243,medium,1.0,4.0,3,616
2.666146,61,26769.467688,medium,0.7262461059190031,2.726246105919003,2,601
2.797651,58,26790.036768,medium,0.8547507788161994,2.854750778816199,2,571
2.4717,54,26809.495028,medium,0.525,2.525,2,533
2.677337,59,26830.352144,medium,0.7361370716510903,2.73613707165109,2,588
2.874963,72,26856.926347,medium,0.9469626168224299,2.9469626168224297,2,720
2.902844,72,26883.249074,medium,0.9748442367601247,2.9748442367601244,2,720
2.743038,61,26906.783846,medium,0.8037383177570093,2.803738317757009,2,607
2.728898,61,26929.700588,medium,0.789797507788162,2.789797507788162,2,609
3.9382,62,26952.384085,medium,1.0,4.0,3,618
3.948,52,26971.082344,medium,1.0,4.0,3,520
2.865617,72,26996.79894,medium,0.9376168224299065,2.9376168224299066,2,720
2.531099,52,27015.236267,medium,0.582398753894081,2.582398753894081,2,513
3.9419,59,27036.642869,medium,1.0,4.0,3,581
3.9497,51,27055.265525,medium,1.0,4.0,3,503
2.5385,62,27078.435821,medium,0.6,2.6,2,615
2.574783,55,27100.622821,medium,0.6292834890965732,2.629283489096573,2,545
2.691551,72,27125.652151,medium,0.7635514018691589,2.763551401869159,2,720
3.9458,55,27145.641045,medium,1.0,4.0,3,542
2.675997,64,27168.561374,medium,0.7390965732087228,2.7390965732087227,2,631
2.657534,60,27189.23722,medium,0.7171339563862928,2.717133956386293,2,596
2.656427,64,27211.330232,medium,0.7203271028037384,2.720327102803738,2,639
2.79747,72,27237.93683,medium,0.8694704049844236,2.8694704049844235,2,720
2.558754,57,27259.85223,medium,0.6156542056074766,2.6156542056074765,2,569
2.929312,63,27284.426567,medium,0.9922118380062306,2.992211838006231,2,629
2.799651,72,27310.441799,medium,0.8716510903426792,2.871651090342679,2,720
0.424953,57,27330.783269,medium,0.4811526479750779,0.4811526479750779,0,562
2.746443,61,27352.451022,medium,0.8072429906542056,2.8072429906542054,2,608
2.668654,72,27377.386882,medium,0.7406542056074766,2.7406542056074765,2,720
3.9417,59,27399.535208,medium,1.0,4.0,3,583
2.743243,56,27420.505794,medium,0.7991433021806854,2.7991433021806853,2,559
2.515088,51,27438.6225,medium,0.5658878504672897,2.5658878504672895,2,508
2.55108,60,27461.360869,medium,0.6102803738317757,2.6102803738317757,2,592
2.880824,71,27486.843154,medium,0.9513239875389408,2.9513239875389408,2,705
2.82029,72,27513.63285,medium,0.8922897196261682,2.8922897196261683,2,720
2.594036,67,27537.930392,medium,0.660436137071651,2.660436137071651,2,664
2.778935,72,27564.274767,medium,0.8509345794392523,2.850934579439252,2,720
2.598104,72,27590.389333,medium,0.6697040498442368,2.6697040498442366,2,716
2.454317,59,27611.196269,medium,0.5126168224299066,2.512616822429907,2,583
2.850882,69,27638.785974,medium,0.9197819314641744,2.9197819314641746,2,689
2.725508,72,27670.567643,medium,0.7975077881619937,2.797507788161994,2,720
2.748483,72,27695.584728,medium,0.8204828660436138,2.820482866043614,2,720
2.611879,72,27720.478536,medium,0.6838785046728972,2.6838785046728972,2,720
0.316941,72,27745.878644,medium,0.38894080996884733,0.38894080996884733,0,720
3.9319,69,27770.25787,medium,1.0,4.0,3,681
3.9292,71,27794.696286,medium,1.0,4.0,3,708
3.9328,68,27818.269223,medium,1.0,4.0,3,672
2.74124,72,27846.564613,medium,0.8132398753894081,2.8132398753894083,2,720
1.434589,57,27866.265875,medium,0.491588785046729,1.491588785046729,1,570
3.9488,52,27884.725529,medium,1.0,4.0,3,512
2.883763,72,27909.853454,medium,0.9557632398753894,2.9557632398753895,2,720
2.82691,72,27936.489551,medium,0.8989096573208722,2.898909657320872,2,720
3.9421,58,27957.323101,medium,1.0,4.0,3,579
2.59527,58,27978.082109,medium,0.6525700934579439,2.652570093457944,2,573
2.711674,53,27996.492305,medium,0.7641744548286604,2.7641744548286606,2,525
2.865695,72,28023.625752,medium,0.9376947040498442,2.9376947040498442,2,720
3.9459,55,28042.336128,medium,1.0,4.0,3,541
1.548727,55,28061.620438,medium,0.6034267912772585,1.6034267912772586,1,547
2.488501,63,28083.75404,medium,0.5507009345794392,2.550700934579439,2,622
2.71772,72,28110.059879,medium,0.7897196261682243,2.789719626168224,2,720
2.769721,72,28135.493599,medium,0.8411214953271028,2.8411214953271027,2,714
3.9516,49,28153.420175,medium,1.0,4.0,3,484
3.9338,67,28177.803967,medium,1.0,4.0,3,662
2.866629,72,28205.776891,medium,0.9386292834890966,2.938629283489097,2,720
2.538757,54,28225.685553,medium,0.5927570093457943,2.592757009345794,2,540
2.820212,72,28252.657307,medium,0.8922118380062305,2.8922118380062303,2,720
2.57948,72,28278.214309,medium,0.6514797507788161,2.651479750778816,2,720
2.603909,54,28298.006537,medium,0.6570093457943925,2.6570093457943926,2,531
1.510126,68,28322.162933,medium,0.5777258566978193,1.5777258566978194,1,676
3.9373,63,28344.412452,medium,1.0,4.0,3,627
3.9507,50,28362.326456,medium,1.0,4.0,3,493
3.948,52,28380.856474,medium,1.0,4.0,3,520
3.9435,57,28402.86557,medium,1.0,4.0,3,565
3.9389,62,28425.104865,medium,1.0,4.0,3,611
2.77948,72,28451.387465,medium,0.8514797507788162,2.8514797507788163,2,720
2.747492,72,28477.155898,medium,0.8186915887850468,2.8186915887850468,2,712
3.944,56,28497.47716,medium,1.0,4.0,3,560
3.9469,54,28517.027877,medium,1.0,4.0,3,531
2.690279,70,28542.987805,medium,0.7595794392523364,2.7595794392523363,2,693
3.9557,45,28558.337908,medium,1.0,4.0,3,443
3.9646,36,28571.54096,medium,1.0,4.0,3,354
3.9481,52,28592.670943,medium,1.0,4.0,3,519
2.522685,58,28613.209563,medium,0.5806853582554518,2.580685358255452,2,580
2.875508,72,28638.434772,medium,0.9475077881619938,2.9475077881619938,2,720
2.664927,56,28658.882129,medium,0.7203271028037384,2.720327102803738,2,554
3.9477,53,28678.56911,medium,1.0,4.0,3,523
1.462112,72,28705.349533,medium,0.5341121495327102,1.5341121495327101,1,720
3.9445,56,28725.78847,medium,1.0,4.0,3,555
1.430857,54,28745.305438,medium,0.48465732087227414,1.4846573208722742,1,538
3.9414,59,28769.100719,medium,1.0,4.0,3,586
3.9354,65,28792.791443,medium,1.0,4.0,3,646
3.9383,62,28815.546649,medium,1.0,4.0,3,617
2.909357,67,28840.067434,medium,0.9758566978193146,2.9758566978193146,2,665
2.778969,56,28860.398538,medium,0.8349688473520249,2.834968847352025,2,560
2.691006,72,28886.526683,medium,0.763006230529595,2.7630062305295953,2,720
2.863307,59,28907.421102,medium,0.9218068535825545,2.9218068535825545,2,585
3.9339,67,28931.940862,medium,1.0,4.0,3,661
2.832844,67,28958.157512,medium,0.8998442367601246,2.8998442367601247,2,670
3.9322,68,28983.110584,medium,1.0,4.0,3,678
3.9406,60,29004.614784,medium,1.0,4.0,3,594
3.9309,70,29030.734376,medium,1.0,4.0,3,691
2.927631,55,29050.548133,medium,0.9819314641744549,2.9819314641744548,2,543
2.695861,59,29072.881011,medium,0.7543613707165109,2.754361370716511,2,585
2.844158,67,29096.507831,medium,0.9103582554517134,2.9103582554517136,2,662
2.870601,72,29123.253819,medium,0.942601246105919,2.942601246105919,2,720
2.769504,51,29143.98003,medium,0.8197040498442367,2.819704049844237,2,502
2.520521,62,29166.317178,medium,0.5823208722741433,2.5823208722741433,2,618
2.671586,51,29184.791685,medium,0.7225856697819315,2.7225856697819317,2,510
3.946,54,29204.908513,medium,1.0,4.0,3,540
3.9455,55,29224.581592,medium,1.0,4.0,3,545
2.729324,72,29250.473809,medium,0.8013239875389409,2.801323987538941,2,720
2.836333,72,29276.626226,medium,0.9083333333333333,2.908333333333333,2,720
2.831427,72,29303.981895,medium,0.9034267912772586,2.9034267912772584,2,720
1.543966,72,29332.671506,medium,0.6159657320872274,1.6159657320872274,1,720
3.9485,52,29351.576189,medium,1.0,4.0,3,515
3.9503,50,29369.901591,medium,1.0,4.0,3,497
3.95,50,29388.353342,medium,1.0,4.0,3,500
3.948,52,29407.766858,medium,1.0,4.0,3,520
0.389604,72,29433.701479,medium,0.46160436137071653,0.46160436137071653,0,720
1.518746,58,29455.679114,medium,0.5762461059190032,1.5762461059190032,1,575
3.9391,61,29478.257346,medium,1.0,4.0,3,609
0.200764,56,29499.20539,medium,0.25646417445482866,0.25646417445482866,0,557
2.725508,72,29526.395927,medium,0.7975077881619937,2.797507788161994,2,720
2.837955,62,29548.854199,medium,0.8994548286604361,2.8994548286604362,2,615
2.875651,63,29572.10471,medium,0.9385514018691589,2.9385514018691588,2,629
2.652922,72,29598.133596,medium,0.7249221183800623,2.7249221183800625,2,720
2.763059,57,29619.506851,medium,0.819158878504673,2.819158878504673,2,561
2.558841,72,29646.090612,medium,0.6308411214953271,2.630841121495327,2,720
2.885399,72,29672.677397,medium,0.957398753894081,2.957398753894081,2,720
2.749236,53,29692.969259,medium,0.8016355140186916,2.8016355140186917,2,524
2.601584,54,29714.380163,medium,0.6549844236760125,2.6549844236760123,2,534
3.9523,48,29731.920433,medium,1.0,4.0,3,477
2.816229,64,29755.0925,medium,0.8798286604361371,2.879828660436137,2,636
3.9471,53,29773.743842,medium,1.0,4.0,3,529
3.9549,46,29790.394513,medium,1.0,4.0,3,451
2.881117,66,29814.554066,medium,0.946417445482866,2.946417445482866,2,653
3.937,63,29838.0479,medium,1.0,4.0,3,630
3.957,43,29853.244869,medium,1.0,4.0,3,430
2.514084,66,29877.444562,medium,0.5799844236760124,2.5799844236760126,2,659
2.881355,52,29897.237329,medium,0.9332554517133956,2.9332554517133955,2,519
3.9359,65,29923.073255,medium,1.0,4.0,3,641
3.9353,65,29946.16502,medium,1.0,4.0,3,647
3.9451,55,29966.272675,medium,1.0,4.0,3,549
2.76515,72,29993.056408,medium,0.8371495327102804,2.8371495327102805,2,720
2.706574,58,30014.801269,medium,0.7641744548286604,2.7641744548286606,2,576
2.618576,72,30041.190546,medium,0.690576323987539,2.690576323987539,2,720
3.9535,47,30058.596901,medium,1.0,4.0,3,465
3.9564,44,30074.817945,medium,1.0,4.0,3,436
2.699417,72,30102.972476,medium,0.7714174454828661,2.771417445482866,2,720
3.9431,57,30123.63646,medium,1.0,4.0,3,569
2.915305,72,30150.303524,medium,0.9873052959501558,2.987305295950156,2,720
3.9397,61,30172.548074,medium,1.0,4.0,3,603
3.9442,56,30193.262354,medium,1.0,4.0,3,558
2.908573,55,30213.400354,medium,0.962772585669782,2.962772585669782,2,542
2.799777,58,30234.387694,medium,0.8574766355140186,2.8574766355140184,2,577
2.611685,53,30254.314736,medium,0.663785046728972,2.663785046728972,2,521
2.818715,60,30276.333047,medium,0.8781152647975078,2.8781152647975077,2,594
3.9432,57,30298.523587,medium,1.0,4.0,3,568
2.645679,72,30325.779597,medium,0.7176791277258567,2.717679127725857,2,720
1.299632,50,30345.720319,medium,0.3488317757009346,1.3488317757009347,1,492
2.654799,62,30369.0805,medium,0.7161993769470405,2.7161993769470403,2,614
3.9541,46,30386.506522,medium,1.0,4.0,3,459
3.9505,50,30405.535385,medium,1.0,4.0,3,495
1.472279,54,30425.234076,medium,0.5257788161993769,1.5257788161993768,1,535
2.843131,64,30448.8318,medium,0.9069314641744548,2.9069314641744546,2,638
2.751676,72,30476.235513,medium,0.8236760124610591,2.823676012461059,2,720
3.946,54,30496.731009,medium,1.0,4.0,3,540
2.876676,72,30524.286402,medium,0.9486760124610591,2.948676012461059,2,720
3.937,63,30547.578189,medium,1.0,4.0,3,630
2.795244,63,30570.783701,medium,0.8579439252336448,2.857943925233645,2,627
3.9447,56,30591.322981,medium,1.0,4.0,3,553
2.797383,65,30614.296809,medium,0.8623831775700934,2.862383177570093,2,650
3.9387,62,30637.401395,medium,1.0,4.0,3,613
2.693461,61,30659.417862,medium,0.7543613707165109,2.754361370716511,2,609
2.785393,59,30682.579018,medium,0.844392523364486,2.844392523364486,2,590
2.87286,72,30708.94747,medium,0.9448598130841122,2.944859813084112,2,720
2.554727,58,30729.87316,medium,0.6122274143302181,2.612227414330218,2,575
2.673511,52,30748.511636,medium,0.7246105919003115,2.7246105919003116,2,511
3.9545,46,30765.115966,medium,1.0,4.0,3,455
2.865695,72,30792.142106,medium,0.9376947040498442,2.9376947040498442,2,720
2.906583,72,30818.333832,medium,0.9785825545171339,2.978582554517134,2,720
2.707361,72,30844.276976,medium,0.7793613707165109,2.779361370716511,2,720
2.461941,52,30864.400844,medium,0.5139408099688474,2.5139408099688474,2,520
2.504372,58,30885.578367,medium,0.5620716510903426,2.5620716510903425,2,577
2.739082,64,30909.030372,medium,0.8028816199376947,2.8028816199376947,2,638
2.530492,72,30935.546572,medium,0.6024922118380063,2.6024922118380065,2,720
2.687657,72,30961.628516,medium,0.7596573208722741,2.7596573208722743,2,720
3.9454,55,30981.655877,medium,1.0,4.0,3,546
2.910399,72,31007.38903,medium,0.982398753894081,2.9823987538940813,2,720
2.683835,59,31029.18867,medium,0.7428348909657321,2.742834890965732,2,590
2.891227,71,31056.828474,medium,0.9622274143302181,2.962227414330218,2,710
3.9497,51,31075.207557,medium,1.0,4.0,3,503
3.9396,61,31097.726712,medium,1.0,4.0,3,604
2.592798,72,31125.003512,medium,0.664797507788162,2.664797507788162,2,720
2.756704,55,31144.932832,medium,0.8116043613707166,2.8116043613707165,2,549
3.9333,67,31168.85562,medium,1.0,4.0,3,667
1.57396,71,31194.715519,medium,0.6448598130841121,1.644859813084112,1,709
3.943,57,31215.483172,medium,1.0,4.0,3,570
3.9565,44,31233.744606,medium,1.0,4.0,3,435
3.9435,57,31254.584128,medium,1.0,4.0,3,565
3.9434,57,31276.540994,medium,1.0,4.0,3,566
2.547154,52,31295.837328,medium,0.5987538940809969,2.598753894080997,2,516
3.9435,57,31316.353203,medium,1.0,4.0,3,565
2.787116,58,31337.140516,medium,0.8450155763239875,2.8450155763239877,2,579
3.9431,57,31358.440735,medium,1.0,4.0,3,569
2.904447,65,31382.251947,medium,0.9688473520249221,2.9688473520249223,2,644
1.545771,58,31402.525141,medium,0.6032710280373832,1.6032710280373832,1,575
2.917486,72,31430.852632,medium,0.9894859813084113,2.989485981308411,2,720
2.74999,52,31449.54691,medium,0.8010903426791277,2.8010903426791276,2,511
2.681193,72,31476.007712,medium,0.7531931464174455,2.7531931464174457,2,720
3.9391,61,31498.947951,medium,1.0,4.0,3,609
3.9465,54,31518.159239,medium,1.0,4.0,3,535
1.446336,56,31539.010128,medium,0.5016355140186916,1.5016355140186914,1,553
2.831427,72,31565.781897,medium,0.9034267912772586,2.9034267912772584,2,720
3.9446,56,31586.367143,medium,1.0,4.0,3,554
3.935,65,31611.84318,medium,1.0,4.0,3,650
3.93,70,31637.623137,medium,1.0,4.0,3,700
2.741108,57,31658.203992,medium,0.7975077881619937,2.797507788161994,2,564
3.9532,47,31675.401588,medium,1.0,4.0,3,468
2.546017,51,31693.052921,medium,0.596417445482866,2.596417445482866,2,504
2.553251,69,31718.08809,medium,0.6216510903426792,2.621651090342679,2,684
2.756779,61,31740.836445,medium,0.8176791277258567,2.8176791277258566,2,609
2.783974,55,31761.466508,medium,0.8384735202492212,2.838473520249221,2,545
2.823093,72,31787.064701,medium,0.8950934579439253,2.895093457943925,2,720
3.9535,47,31805.956028,medium,1.0,4.0,3,465
0.331538,56,31826.263305,medium,0.3868380062305296,0.3868380062305296,0,553
2.92259,70,31851.592943,medium,0.9922897196261682,2.992289719626168,2,697
3.937,63,31874.097559,medium,1.0,4.0,3,630
2.743047,67,31898.595791,medium,0.8100467289719626,2.8100467289719626,2,670
3.9379,63,31921.554837,medium,1.0,4.0,3,621
2.70589,71,31947.410975,medium,0.7760903426791277,2.7760903426791277,2,702
2.555825,64,31970.693373,medium,0.6189252336448599,2.61892523364486,2,631
2.758336,53,31991.384104,medium,0.8104361370716511,2.810436137071651,2,521
2.654947,72,32017.445815,medium,0.7269470404984424,2.7269470404984424,2,720
2.913735,63,32039.513567,medium,0.9759345794392523,2.975934579439252,2,622
3.9432,57,32061.04271,medium,1.0,4.0,3,568
1.551164,64,32085.461417,medium,0.6145638629283489,1.6145638629283487,1,634
2.805283,58,32106.408405,medium,0.8623831775700934,2.862383177570093,2,571
3.9504,50,32123.793124,medium,1.0,4.0,3,496
2.758696,55,32143.859838,medium,0.8133956386292834,2.8133956386292835,2,547
3.9549,46,32160.933631,medium,1.0,4.0,3,451
3.9485,52,32181.905003,medium,1.0,4.0,3,515
3.9583,42,32197.617858,medium,1.0,4.0,3,417
3.9455,55,32217.827647,medium,1.0,4.0,3,545
2.883276,66,32242.145821,medium,0.9486760124610591,2.948676012461059,2,654
3.9397,61,32264.702682,medium,1.0,4.0,3,603
2.629707,51,32283.268641,medium,0.680607476635514,2.680607476635514,2,509
3.94,60,32304.863453,medium,1.0,4.0,3,600
3.9468,54,32324.775123,medium,1.0,4.0,3,532
2.566083,55,32344.92618,medium,0.6204828660436137,2.6204828660436137,2,544
2.589117,57,32367.624272,medium,0.6457165109034267,2.645716510903427,2,566
2.834153,72,32393.377525,medium,0.9061526479750779,2.9061526479750777,2,720
3.9494,51,32412.576579,medium,1.0,4.0,3,506
0.264188,52,32430.823117,medium,0.31588785046728973,0.31588785046728973,0,517
2.922393,72,32457.356739,medium,0.994392523364486,2.994392523364486,2,720
3.9451,55,32477.652491,medium,1.0,4.0,3,549
2.864682,72,32503.74649,medium,0.9366822429906542,2.936682242990654,2,720
2.727888,63,32526.60562,medium,0.7908878504672897,2.7908878504672896,2,630
2.820835,72,32554.370474,medium,0.8928348909657321,2.892834890965732,2,720
3.9504,50,32573.216097,medium,1.0,4.0,3,496
2.657808,57,32594.829892,medium,0.7144080996884735,2.7144080996884736,2,566
2.817642,72,32621.533847,medium,0.8896417445482866,2.8896417445482867,2,720
2.72395,72,32647.991446,medium,0.7959501557632399,2.79595015576324,2,720
2.865695,72,32673.901973,medium,0.9376947040498442,2.9376947040498442,2,720
2.584065,65,32698.220502,medium,0.6490654205607477,2.649065420560748,2,650
3.9366,64,32720.918223,medium,1.0,4.0,3,634
3.9306,70,32748.352059,medium,1.0,4.0,3,694
3.9552,45,32765.124509,medium,1.0,4.0,3,448
2.665227,72,32791.869588,medium,0.7372274143302181,2.737227414330218,2,720
2.817724,51,32810.85773,medium,0.8682242990654205,2.8682242990654205,2,505
2.705187,52,32829.65556,medium,0.7570872274143302,2.7570872274143303,2,519
2.597177,53,32849.518162,medium,0.6493769470404984,2.6493769470404986,2,522
3.9315,69,32874.683455,medium,1.0,4.0,3,685
2.778257,57,32894.891498,medium,0.8346573208722742,2.834657320872274,2,564
2.796925,72,32921.676589,medium,0.8689252336448599,2.86892523364486,2,720
2.629943,53,32942.73097,medium,0.6822429906542056,2.6822429906542054,2,523
3.9553,45,32958.826508,medium,1.0,4.0,3,447
2.830641,59,32980.536406,medium,0.8889408099688474,2.8889408099688474,2,583
3.9367,64,33004.632075,medium,1.0,4.0,3,633
2.807206,72,33031.752578,medium,0.8792056074766356,2.8792056074766355,2,720
3.936,64,33055.341214,medium,1.0,4.0,3,640
3.9409,60,33076.555044,medium,1.0,4.0,3,591
2.818654,72,33102.902033,medium,0.8906542056074767,2.8906542056074764,2,720
3.9408,60,33126.671882,medium,1.0,4.0,3,592
3.9505,50,33145.654056,medium,1.0,4.0,3,495
2.502295,53,33165.564024,medium,0.554595015576324,2.554595015576324,2,523
2.691006,72,33192.038085,medium,0.763006230529595,2.7630062305295953,2,720
2.725508,72,33217.661056,medium,0.7975077881619937,2.797507788161994,2,720
2.690602,53,33236.783176,medium,0.7433021806853582,2.743302180685358,2,527
2.62745,60,33258.373767,medium,0.6871495327102803,2.68714953271028,2,597
3.9505,50,33276.723594,medium,1.0,4.0,3,495
2.780031,60,33298.894994,medium,0.8400311526479751,2.840031152647975,2,600
3.9533,47,33317.490595,medium,1.0,4.0,3,467
2.764784,66,33341.756864,medium,0.8299844236760124,2.8299844236760126,2,652
2.648549,72,33368.543105,medium,0.7202492211838006,2.7202492211838005,2,717
3.9562,44,33384.898802,medium,1.0,4.0,3,438
2.577848,58,33406.001185,medium,0.6357476635514019,2.6357476635514017,2,579
3.9457,55,33426.013174,medium,1.0,4.0,3,543
1.493421,72,33452.826556,medium,0.5654205607476636,1.5654205607476634,1,720
3.9315,69,33477.921163,medium,1.0,4.0,3,685
3.9416,59,33501.177377,medium,1.0,4.0,3,584
2.586645,72,33527.898896,medium,0.6586448598130841,2.658644859813084,2,720
3.9447,56,33548.115098,medium,1.0,4.0,3,553
0.162946,56,33568.266234,medium,0.21814641744548285,0.21814641744548285,0,552
3.9334,67,33592.5153,medium,1.0,4.0,3,666
3.9493,51,33611.01384,medium,1.0,4.0,3,507
2.927299,72,33637.592517,medium,0.9992990654205608,2.9992990654205607,2,720
3.9437,57,33658.907085,medium,1.0,4.0,3,563
3.9417,59,33681.084289,medium,1.0,4.0,3,583
2.681205,57,33704.295392,medium,0.7373052959501558,2.737305295950156,2,561
2.767496,63,33728.03954,medium,0.8302959501557632,2.8302959501557634,2,628
3.9379,63,33750.846587,medium,1.0,4.0,3,621
2.848327,72,33777.177459,medium,0.9203271028037383,2.9203271028037383,2,720
3.9427,58,33799.584735,medium,1.0,4.0,3,573
3.9482,52,33818.249556,medium,1.0,4.0,3,518
2.676528,53,33837.979016,medium,0.7291277258566978,2.729127725856698,2,526
2.739215,72,33863.051524,medium,0.811214953271028,2.811214953271028,2,720
3.9514,49,33882.519595,medium,1.0,4.0,3,486
3.9503,50,33901.715261,medium,1.0,4.0,3,497
3.9433,57,33922.812264,medium,1.0,4.0,3,567
3.9566,44,33938.08701,medium,1.0,4.0,3,434
2.497248,56,33958.37576,medium,0.5526479750778817,2.552647975077882,2,554
3.9425,58,33979.922235,medium,1.0,4.0,3,575
0.287773,67,34004.516531,medium,0.35467289719626166,0.35467289719626166,0,669
2.921847,72,34030.905036,medium,0.9938473520249221,2.9938473520249222,2,720
2.876808,71,34057.741975,medium,0.9475077881619938,2.9475077881619938,2,707
3.9497,51,34078.992973,medium,1.0,4.0,3,503
3.9408,60,34101.54069,medium,1.0,4.0,3,592
2.824729,72,34127.964919,medium,0.8967289719626168,2.8967289719626166,2,720
2.562999,70,34154.565266,medium,0.632398753894081,2.6323987538940807,2,694
2.788913,71,34180.242638,medium,0.8598130841121495,2.8598130841121496,2,709
3.951,49,34198.046341,medium,1.0,4.0,3,490
2.676363,55,34218.843533,medium,0.7307632398753894,2.7307632398753894,2,544
3.9476,53,34237.649051,medium,1.0,4.0,3,524
2.929077,54,34257.141309,medium,0.9824766355140186,2.9824766355140184,2,534
2.56651,67,34282.907562,medium,0.6327102803738318,2.632710280373832,2,662
3.9405,60,34304.500521,medium,1.0,4.0,3,595
2.660677,64,34327.510328,medium,0.7243769470404985,2.7243769470404984,2,637
3.9453,55,34348.191455,medium,1.0,4.0,3,547
3.9385,62,34371.067822,medium,1.0,4.0,3,615
3.9467,54,34390.412925,medium,1.0,4.0,3,533
3.9489,52,34409.422523,medium,1.0,4.0,3,511
2.686532,72,34437.159105,medium,0.7576323987538941,2.757632398753894,2,711
2.664376,68,34463.122673,medium,0.7317757009345794,2.7317757009345796,2,674
3.9475,53,34482.102732,medium,1.0,4.0,3,525
2.53056,57,34503.677762,medium,0.5867601246105919,2.586760124610592,2,562
3.944,56,34524.497353,medium,1.0,4.0,3,560
3.9418,59,34546.532368,medium,1.0,4.0,3,582
3.9429,58,34567.769324,medium,1.0,4.0,3,571
2.618888,72,34594.671541,medium,0.6908878504672897,2.6908878504672895,2,720
3.9362,64,34617.562186,medium,1.0,4.0,3,638
3.947,53,34636.476765,medium,1.0,4.0,3,530
2.65224,70,34664.790392,medium,0.7220404984423676,2.7220404984423676,2,698
0.408982,53,34684.23769,medium,0.4616822429906542,0.4616822429906542,0,527
2.866095,72,34711.135591,medium,0.9376947040498442,2.9376947040498442,2,716
2.695679,72,34737.612566,medium,0.7676791277258567,2.767679127725857,2,720
2.862417,59,34759.171182,medium,0.9214174454828661,2.921417445482866,2,590
3.9472,53,34778.846536,medium,1.0,4.0,3,528
3.9488,52,34798.20931,medium,1.0,4.0,3,512
3.962,38,34812.452582,medium,1.0,4.0,3,380
2.872237,72,34840.817513,medium,0.9442367601246106,2.9442367601246104,2,720
3.9555,45,34857.490184,medium,1.0,4.0,3,445
3.9517,49,34876.347019,medium,1.0,4.0,3,483
2.511805,67,34902.16726,medium,0.5785046728971963,2.5785046728971963,2,667
2.644544,72,34928.476156,medium,0.7160436137071651,2.716043613707165,2,715
3.9531,47,34945.515156,medium,1.0,4.0,3,469
2.907751,72,34971.532466,medium,0.9797507788161994,2.979750778816199,2,720
2.822704,72,34998.361314,medium,0.8947040498442368,2.8947040498442367,2,720
3.9454,55,35018.676153,medium,1.0,4.0,3,546
2.878584,52,35039.614923,medium,0.9299844236760124,2.9299844236760126,2,514
2.600877,66,35064.172194,medium,0.6662772585669782,2.666277258566978,2,654
3.9424,58,35085.5942,medium,1.0,4.0,3,576
3.9503,50,35104.066476,medium,1.0,4.0,3,497
3.9507,50,35122.336499,medium,1.0,4.0,3,493
2.899679,60,35144.004148,medium,0.9588785046728971,2.958878504672897,2,592
2.697081,72,35170.504792,medium,0.7690809968847352,2.7690809968847354,2,720
2.664838,72,35197.754661,medium,0.7368380062305296,2.7368380062305295,2,720
3.9502,50,35217.975543,medium,1.0,4.0,3,498
2.803451,69,35244.042032,medium,0.8716510903426792,2.871651090342679,2,682
2.925367,59,35265.005586,medium,0.9835669781931464,2.9835669781931466,2,582
3.9293,71,35291.138394,medium,1.0,4.0,3,707
2.741863,72,35317.391884,medium,0.8138629283489096,2.8138629283489096,2,720
2.699932,58,35338.558254,medium,0.7576323987538941,2.757632398753894,2,577
2.725508,72,35364.886233,medium,0.7975077881619937,2.797507788161994,2,720
3.9528,48,35382.560072,medium,1.0,4.0,3,472
3.9408,60,35406.706699,medium,1.0,4.0,3,592
0.366851,55,35426.729086,medium,0.4216510903426791,0.4216510903426791,0,548
2.774902,61,35450.173039,medium,0.835202492211838,2.835202492211838,2,603
2.459332,57,35471.388779,medium,0.5157320872274144,2.5157320872274145,2,564
2.742165,57,35491.758358,medium,0.7990654205607477,2.7990654205607477,2,569
2.801364,64,35515.690939,medium,0.8645638629283489,2.8645638629283487,2,632
3.9465,54,35536.446814,medium,1.0,4.0,3,535
2.704636,72,35563.162734,medium,0.7766355140186916,2.7766355140186914,2,720
2.828389,72,35590.997131,medium,0.9003894080996885,2.9003894080996884,2,720
3.9419,59,35614.869511,medium,1.0,4.0,3,581
3.9425,58,35635.843844,medium,1.0,4.0,3,575
2.696536,72,35662.571567,medium,0.7685358255451713,2.7685358255451713,2,720
2.540773,72,35688.406534,medium,0.6127725856697819,2.6127725856697817,2,720
2.822167,62,35711.788014,medium,0.8835669781931464,2.8835669781931466,2,614
2.888259,56,35732.639016,medium,0.944158878504673,2.944158878504673,2,559
2.761498,54,35752.581873,medium,0.814797507788162,2.814797507788162,2,533
2.860801,57,35774.315204,medium,0.917601246105919,2.917601246105919,2,568
3.93,70,35802.488809,medium,1.0,4.0,3,700
3.9462,54,35821.878006,medium,1.0,4.0,3,538
3.9588,42,35837.153728,medium,1.0,4.0,3,412
2.736436,58,35858.349592,medium,0.7935358255451713,2.793535825545171,2,571
2.737398,53,35877.827442,medium,0.789797507788162,2.789797507788162,2,524
2.808763,72,35904.080911,medium,0.8807632398753894,2.8807632398753893,2,720
2.876137,60,35926.205687,medium,0.9361370716510904,2.9361370716510904,2,600
3.9299,71,35952.849937,medium,1.0,4.0,3,701
3.933,67,35979.381512,medium,1.0,4.0,3,670
2.773093,72,36006.043029,medium,0.844392523364486,2.844392523364486,2,713
3.9359,65,36029.184675,medium,1.0,4.0,3,641
2.857403,54,36049.981564,medium,0.9109034267912772,2.9109034267912772,2,535
3.9552,45,36066.445855,medium,1.0,4.0,3,448
3.9388,62,36089.709241,medium,1.0,4.0,3,612
3.9511,49,36108.446829,medium,1.0,4.0,3,489
2.765479,61,36131.071076,medium,0.825778816199377,2.825778816199377,2,603
3.9371,63,36154.085365,medium,1.0,4.0,3,629
2.75403,61,36178.056139,medium,0.8143302180685358,2.8143302180685357,2,603
2.825819,72,36204.601303,medium,0.8978193146417446,2.897819314641745,2,720
2.486472,60,36226.655066,medium,0.5458722741433022,2.545872274143302,2,594
3.9527,48,36244.925519,medium,1.0,4.0,3,473
2.723564,58,36266.132425,medium,0.7814641744548286,2.7814641744548285,2,579
3.9347,66,36290.802012,medium,1.0,4.0,3,653
3.9483,52,36309.399991,medium,1.0,4.0,3,517
3.9512,49,36327.802038,medium,1.0,4.0,3,488
2.870056,72,36353.952477,medium,0.9420560747663551,2.942056074766355,2,720
2.725508,72,36382.367855,medium,0.7975077881619937,2.797507788161994,2,720
2.793749,52,36401.196877,medium,0.8452492211838006,2.8452492211838005,2,515
3.9426,58,36422.737242,medium,1.0,4.0,3,574
2.773621,67,36447.13561,medium,0.8404205607476636,2.8404205607476634,2,668
3.9493,51,36465.841854,medium,1.0,4.0,3,507
3.9316,69,36491.969771,medium,1.0,4.0,3,684
3.9448,56,36512.807137,medium,1.0,4.0,3,552
3.9518,49,36530.562031,medium,1.0,4.0,3,482
3.9501,50,36549.23336,medium,1.0,4.0,3,499
3.94,60,36573.42498,medium,1.0,4.0,3,600
3.9562,44,36590.100419,medium,1.0,4.0,3,438
3.9541,46,36607.360335,medium,1.0,4.0,3,459
3.9465,54,36627.455866,medium,1.0,4.0,3,535
2.806593,55,36647.677775,medium,0.8612928348909658,2.861292834890966,2,547
3.9517,49,36665.627167,medium,1.0,4.0,3,483
2.875508,72,36691.480001,medium,0.9475077881619938,2.9475077881619938,2,720
2.865695,72,36717.953434,medium,0.9376947040498442,2.9376947040498442,2,720
2.684542,72,36746.327686,medium,0.7565420560747663,2.756542056074766,2,720
2.874417,72,36772.477128,medium,0.946417445482866,2.946417445482866,2,720
3.9444,56,36792.415435,medium,1.0,4.0,3,556
2.792174,72,36818.10303,medium,0.8641744548286604,2.8641744548286603,2,720
2.602722,65,36840.399033,medium,0.6668224299065421,2.666822429906542,2,641
2.45558,55,36859.67085,medium,0.5102803738317757,2.5102803738317756,2,547
3.9426,58,36878.951669,medium,1.0,4.0,3,574
2.867295,71,36905.108056,medium,0.9376947040498442,2.9376947040498442,2,704
