#{"t_start": 1778956386.2266197, "env_id": "None"}
r,l,t,profile,damage_pct,score,stars,ticks_elapsed
0.202939,69,22.847696,hard,0.27133867276887874,0.27133867276887874,0,684
0.106241,55,42.528797,hard,0.16064073226544623,0.16064073226544623,0,544
0.238208,57,61.904251,hard,0.2945080091533181,0.2945080091533181,0,563
0.344476,72,85.974557,hard,0.41647597254004576,0.41647597254004576,0,720
0.280002,72,109.341236,hard,0.35200228832951946,0.35200228832951946,0,720
0.296478,72,132.944241,hard,0.3684782608695652,0.3684782608695652,0,720
0.279023,54,150.172703,hard,0.3323226544622426,0.3323226544622426,0,533
0.240089,63,173.242236,hard,0.3030892448512586,0.3030892448512586,0,630
0.129985,57,191.906314,hard,0.18678489702517162,0.18678489702517162,0,568
0.229255,57,210.854592,hard,0.2857551487414188,0.2857551487414188,0,565
0.059559,67,232.897434,hard,0.12625858123569794,0.12625858123569794,0,667
0.263153,59,252.465657,hard,0.3214530892448513,0.3214530892448513,0,583
0.245777,60,272.188833,hard,0.3049771167048055,0.3049771167048055,0,592
0.128858,72,295.880247,hard,0.20085812356979404,0.20085812356979404,0,720
0.145342,55,314.091958,hard,0.19954233409610983,0.19954233409610983,0,542
0.161034,56,332.579785,hard,0.21693363844393593,0.21693363844393593,0,559
0.221822,72,359.086682,hard,0.2938215102974828,0.2938215102974828,0,720
0.163128,62,380.128552,hard,0.2248283752860412,0.2248283752860412,0,617
0.13789,54,398.027127,hard,0.19118993135011442,0.19118993135011442,0,533
0.090092,54,415.770802,hard,0.14319221967963386,0.14319221967963386,0,531
0.142769,68,438.559277,hard,0.21006864988558352,0.21006864988558352,0,673
0.093201,58,457.97402,hard,0.15120137299771166,0.15120137299771166,0,580
0.173366,72,481.551672,hard,0.24536613272311214,0.24536613272311214,0,720
0.1438,56,500.197541,hard,0.1995995423340961,0.1995995423340961,0,558
0.033435,72,526.28277,hard,0.10543478260869565,0.10543478260869565,0,720
0.234575,57,545.17843,hard,0.290675057208238,0.290675057208238,0,561
0.237627,61,565.166076,hard,0.29822654462242565,0.29822654462242565,0,606
0.276526,59,585.160682,hard,0.3355263157894737,0.3355263157894737,0,590
0.230462,62,605.37055,hard,0.29216247139588103,0.29216247139588103,0,617
0.156432,72,628.906528,hard,0.2284324942791762,0.2284324942791762,0,720
0.145446,58,648.074912,hard,0.20274599542334096,0.20274599542334096,0,573
0.09831,61,668.728086,hard,0.1588100686498856,0.1588100686498856,0,605
0.191574,61,690.9557,hard,0.25217391304347825,0.25217391304347825,0,606
0.27383,66,712.927723,hard,0.3391304347826087,0.3391304347826087,0,653
0.12048,62,733.447285,hard,0.18237986270022882,0.18237986270022882,0,619
0.1038,59,752.622543,hard,0.16229977116704805,0.16229977116704805,0,585
0.124478,57,771.56569,hard,0.18077803203661327,0.18077803203661327,0,563
0.239683,59,790.587221,hard,0.297883295194508,0.297883295194508,0,582
0.245172,55,808.669918,hard,0.3001716247139588,0.3001716247139588,0,550
0.212686,63,830.005592,hard,0.2748855835240275,0.2748855835240275,0,622
0.222319,57,849.195721,hard,0.2787185354691076,0.2787185354691076,0,564
0.309721,59,871.603995,hard,0.3684210526315789,0.3684210526315789,0,587
0.295747,58,890.804023,hard,0.35354691075514877,0.35354691075514877,0,578
0.164627,59,910.98641,hard,0.22362700228832952,0.22362700228832952,0,590
0.137619,55,929.579554,hard,0.1918192219679634,0.1918192219679634,0,542
0.171646,57,948.862903,hard,0.22774599542334095,0.22774599542334095,0,561
0.273538,72,971.406058,hard,0.34553775743707094,0.34553775743707094,0,720
0.212153,72,994.956847,hard,0.2841533180778032,0.2841533180778032,0,720
0.177739,57,1013.916019,hard,0.23443935926773454,0.23443935926773454,0,567
0.176965,68,1038.450398,hard,0.24456521739130435,0.24456521739130435,0,676
0.348481,72,1062.170594,hard,0.4204805491990847,0.4204805491990847,0,720
0.169095,65,1084.130939,hard,0.23329519450800915,0.23329519450800915,0,642
-0.009444,59,1104.014905,hard,0.0488558352402746,0.0488558352402746,0,583
0.128385,59,1124.22387,hard,0.18678489702517162,0.18678489702517162,0,584
-0.020462,54,1142.312252,hard,0.03323798627002288,0.03323798627002288,0,537
0.187063,56,1160.684859,hard,0.24296338672768877,0.24296338672768877,0,559
0.150219,54,1179.211975,hard,0.20411899313501145,0.20411899313501145,0,539
0.24748,60,1199.551507,hard,0.3073798627002288,0.3073798627002288,0,599
0.096403,57,1221.059594,hard,0.15280320366132724,0.15280320366132724,0,564
0.124739,72,1245.697065,hard,0.1967391304347826,0.1967391304347826,0,720
0.110922,59,1265.950341,hard,0.16922196796338673,0.16922196796338673,0,583
0.090079,54,1284.256493,hard,0.1438787185354691,0.1438787185354691,0,538
0.14169,63,1305.436582,hard,0.20389016018306635,0.20389016018306635,0,622
0.071882,63,1326.672883,hard,0.1343821510297483,0.1343821510297483,0,625
0.095117,57,1345.237885,hard,0.152116704805492,0.152116704805492,0,570
0.136318,67,1368.296978,hard,0.20291762013729978,0.20291762013729978,0,666
0.169432,59,1390.045475,hard,0.22803203661327232,0.22803203661327232,0,586
0.288095,58,1408.976836,hard,0.3459954233409611,0.3459954233409611,0,579
0.163841,60,1429.606671,hard,0.22334096109839818,0.22334096109839818,0,595
0.176252,58,1448.684908,hard,0.23335240274599542,0.23335240274599542,0,571
0.084591,58,1468.065486,hard,0.1423913043478261,0.1423913043478261,0,578
0.142458,58,1487.284515,hard,0.20045766590389016,0.20045766590389016,0,580
0.005997,67,1508.952638,hard,0.07219679633867276,0.07219679633867276,0,662
0.106418,60,1528.501537,hard,0.1660183066361556,0.1660183066361556,0,596
0.127256,72,1553.029413,hard,0.1992562929061785,0.1992562929061785,0,720
0.26776,72,1575.550721,hard,0.3397597254004577,0.3397597254004577,0,720
0.175254,72,1600.022627,hard,0.24725400457665903,0.24725400457665903,0,720
0.147419,57,1619.071801,hard,0.20411899313501145,0.20411899313501145,0,567
0.238586,62,1639.635812,hard,0.29988558352402744,0.29988558352402744,0,613
0.145886,54,1657.855299,hard,0.19988558352402747,0.19988558352402747,0,540
0.225483,72,1681.779081,hard,0.2974828375286041,0.2974828375286041,0,720
0.315354,58,1701.781987,hard,0.37265446224256293,0.37265446224256293,0,573
0.110502,54,1719.853616,hard,0.1643020594965675,0.1643020594965675,0,538
0.079314,58,1741.427647,hard,0.1370137299771167,0.1370137299771167,0,577
0.257519,72,1766.378386,hard,0.3295194508009153,0.3295194508009153,0,720
0.061031,54,1784.847589,hard,0.11453089244851258,0.11453089244851258,0,535
0.262095,59,1805.144469,hard,0.3209954233409611,0.3209954233409611,0,589
0.145199,54,1823.57021,hard,0.19919908466819222,0.19919908466819222,0,540
0.023803,54,1841.680887,hard,0.07780320366132723,0.07780320366132723,0,540
0.175634,54,1859.343254,hard,0.22963386727688787,0.22963386727688787,0,540
0.047014,54,1877.743931,hard,0.10011441647597254,0.10011441647597254,0,531
0.166527,58,1897.558328,hard,0.22362700228832952,0.22362700228832952,0,571
0.120229,55,1917.840178,hard,0.17522883295194508,0.17522883295194508,0,550
0.248229,65,1940.016814,hard,0.31292906178489704,0.31292906178489704,0,647
0.118282,66,1962.54828,hard,0.1839816933638444,0.1839816933638444,0,657
0.186665,58,1982.125587,hard,0.24416475972540047,0.24416475972540047,0,575
0.175847,54,2001.303651,hard,0.22894736842105262,0.22894736842105262,0,531
0.131189,59,2021.223186,hard,0.18998855835240275,0.18998855835240275,0,588
0.19607,53,2038.309758,hard,0.24897025171624715,0.24897025171624715,0,529
0.214294,56,2057.64199,hard,0.26979405034324944,0.26979405034324944,0,555
0.150726,60,2080.489743,hard,0.21052631578947367,0.21052631578947367,0,598
0.268217,72,2104.190602,hard,0.3402173913043478,0.3402173913043478,0,720
0.155426,67,2126.621335,hard,0.22242562929061785,0.22242562929061785,0,670
0.263254,60,2147.122598,hard,0.32265446224256294,0.32265446224256294,0,594
0.139193,55,2165.191505,hard,0.19399313501144164,0.19399313501144164,0,548
0.032097,54,2183.451742,hard,0.08529748283752861,0.08529748283752861,0,532
0.173131,54,2201.798062,hard,0.22683066361556065,0.22683066361556065,0,537
0.203108,67,2224.351412,hard,0.269908466819222,0.269908466819222,0,668
0.290071,72,2251.407421,hard,0.362070938215103,0.362070938215103,0,720
0.234321,59,2272.766619,hard,0.29302059496567506,0.29302059496567506,0,587
0.093886,57,2292.987095,hard,0.15028604118993136,0.15028604118993136,0,564
0.020886,55,2311.615106,hard,0.07528604118993135,0.07528604118993135,0,544
0.150483,72,2335.957452,hard,0.22248283752860412,0.22248283752860412,0,720
0.302795,68,2359.065781,hard,0.37059496567505723,0.37059496567505723,0,678
0.349965,57,2378.098414,hard,0.4068649885583524,0.4068649885583524,0,569
0.107322,63,2400.451885,hard,0.1696224256292906,0.1696224256292906,0,623
0.053036,54,2419.431307,hard,0.10623569794050343,0.10623569794050343,0,532
0.202542,72,2445.282924,hard,0.27454233409610984,0.27454233409610984,0,720
0.264709,56,2464.615566,hard,0.3203089244851259,0.3203089244851259,0,556
0.235494,72,2489.607667,hard,0.30749427917620137,0.30749427917620137,0,720
0.185077,70,2513.096536,hard,0.2545766590389016,0.2545766590389016,0,695
0.157131,58,2532.639858,hard,0.2145308924485126,0.2145308924485126,0,574
0.137595,58,2551.489468,hard,0.1951945080091533,0.1951945080091533,0,576
0.220702,57,2571.544758,hard,0.27700228832951945,0.27700228832951945,0,563
0.185469,63,2592.959949,hard,0.24776887871853548,0.24776887871853548,0,623
0.159838,62,2616.197381,hard,0.22093821510297482,0.22093821510297482,0,611
0.216104,63,2637.703219,hard,0.2782036613272311,0.2782036613272311,0,621
0.152223,56,2656.439931,hard,0.20772311212814645,0.20772311212814645,0,555
0.107809,63,2678.314837,hard,0.17070938215102974,0.17070938215102974,0,629
0.086482,61,2698.716594,hard,0.14668192219679635,0.14668192219679635,0,602
0.153744,72,2722.950591,hard,0.22574370709382152,0.22574370709382152,0,720
0.126385,61,2743.746778,hard,0.18718535469107553,0.18718535469107553,0,608
0.147808,59,2763.706709,hard,0.20680778032036612,0.20680778032036612,0,590
0.280278,64,2788.207379,hard,0.34347826086956523,0.34347826086956523,0,632
0.228616,61,2809.205046,hard,0.28941647597254005,0.28941647597254005,0,608
0.196559,55,2827.357688,hard,0.25125858123569794,0.25125858123569794,0,547
0.249479,58,2847.419917,hard,0.30697940503432497,0.30697940503432497,0,575
0.231313,55,2865.849571,hard,0.2862128146453089,0.2862128146453089,0,549
0.110005,58,2885.266905,hard,0.16710526315789473,0.16710526315789473,0,571
0.083395,63,2906.550657,hard,0.1455949656750572,0.1455949656750572,0,622
0.196068,64,2929.051259,hard,0.2592677345537757,0.2592677345537757,0,632
0.265909,55,2948.170693,hard,0.3203089244851259,0.3203089244851259,0,544
0.173542,63,2971.167562,hard,0.236441647597254,0.236441647597254,0,629
0.240131,62,2992.367627,hard,0.30183066361556066,0.30183066361556066,0,617
0.225349,55,3010.769239,hard,0.2801487414187643,0.2801487414187643,0,548
0.240719,64,3032.551387,hard,0.30451945080091536,0.30451945080091536,0,638
0.278376,64,3054.593435,hard,0.34147597254004575,0.34147597254004575,0,631
0.114824,56,3073.833116,hard,0.17082379862700228,0.17082379862700228,0,560
0.162136,58,3093.489665,hard,0.21933638443935927,0.21933638443935927,0,572
0.190069,58,3113.401222,hard,0.24776887871853548,0.24776887871853548,0,577
0.106833,72,3140.083321,hard,0.1788329519450801,0.1788329519450801,0,720
0.103464,66,3162.878738,hard,0.16876430205949658,0.16876430205949658,0,653
0.16776,72,3187.407389,hard,0.23975972540045767,0.23975972540045767,0,720
0.361607,57,3207.132792,hard,0.4183066361556064,0.4183066361556064,0,567
0.161136,59,3227.464412,hard,0.21933638443935927,0.21933638443935927,0,582
0.22711,57,3246.276378,hard,0.2834096109839817,0.2834096109839817,0,563
0.147361,57,3265.714918,hard,0.2036613272311213,0.2036613272311213,0,563
0.050933,54,3284.468618,hard,0.10423340961098398,0.10423340961098398,0,533
0.172931,55,3302.755339,hard,0.22723112128146453,0.22723112128146453,0,543
0.043428,56,3323.402455,hard,0.0994279176201373,0.0994279176201373,0,560
0.025623,70,3347.190757,hard,0.09502288329519451,0.09502288329519451,0,694
0.181263,62,3368.448955,hard,0.24296338672768877,0.24296338672768877,0,617
0.172936,59,3389.871647,hard,0.23163615560640732,0.23163615560640732,0,587
0.121215,55,3408.350007,hard,0.17591533180778032,0.17591533180778032,0,547
0.356775,59,3427.725831,hard,0.415675057208238,0.415675057208238,0,589
0.277626,70,3451.723413,hard,0.3474256292906179,0.3474256292906179,0,698
0.1464,54,3470.29277,hard,0.2,0.2,0,536
0.013675,52,3490.979155,hard,0.0652745995423341,0.0652745995423341,0,516
0.173266,72,3515.391783,hard,0.24496567505720823,0.24496567505720823,0,717
0.106673,70,3538.975542,hard,0.1759725400457666,0.1759725400457666,0,693
0.197122,60,3560.688003,hard,0.2565217391304348,0.2565217391304348,0,594
0.123195,72,3584.997683,hard,0.1951945080091533,0.1951945080091533,0,720
0.193446,72,3609.967181,hard,0.2654462242562929,0.2654462242562929,0,720
0.130587,71,3634.325444,hard,0.20148741418764302,0.20148741418764302,0,709
0.014677,53,3653.094073,hard,0.06767734553775744,0.06767734553775744,0,530
0.255544,59,3674.921692,hard,0.31384439359267735,0.31384439359267735,0,583
0.137814,62,3696.455631,hard,0.19971395881006865,0.19971395881006865,0,619
0.311476,56,3715.425474,hard,0.3668764302059497,0.3668764302059497,0,554
0.131267,53,3732.43527,hard,0.18386727688787186,0.18386727688787186,0,526
0.126195,70,3755.733387,hard,0.19559496567505721,0.19559496567505721,0,694
0.136066,72,3778.692884,hard,0.20806636155606406,0.20806636155606406,0,720
0.116529,59,3798.628596,hard,0.17522883295194508,0.17522883295194508,0,587
0.032101,56,3817.334967,hard,0.08810068649885583,0.08810068649885583,0,560
0.094884,54,3835.520008,hard,0.14868421052631578,0.14868421052631578,0,538
0.15663,58,3856.497416,hard,0.2137299771167048,0.2137299771167048,0,571
0.13709,55,3875.200363,hard,0.19118993135011442,0.19118993135011442,0,541
0.17936,61,3895.198051,hard,0.24016018306636155,0.24016018306636155,0,608
0.1777,60,3915.008851,hard,0.23770022883295194,0.23770022883295194,0,600
0.225551,57,3933.712228,hard,0.2825514874141876,0.2825514874141876,0,570
0.131127,55,3952.36632,hard,0.1859267734553776,0.1859267734553776,0,548
0.229061,62,3973.124939,hard,0.29096109839816936,0.29096109839816936,0,619
0.2407,72,3995.595376,hard,0.31270022883295195,0.31270022883295195,0,720
0.269616,57,4016.199934,hard,0.3263157894736842,0.3263157894736842,0,567
0.134301,67,4038.673289,hard,0.20120137299771168,0.20120137299771168,0,669
0.203281,56,4057.455208,hard,0.2585812356979405,0.2585812356979405,0,553
0.163381,58,4077.96197,hard,0.22128146453089245,0.22128146453089245,0,579
0.317138,67,4100.684288,hard,0.38323798627002287,0.38323798627002287,0,661
0.190565,54,4118.895605,hard,0.24416475972540047,0.24416475972540047,0,536
0.105975,72,4143.865099,hard,0.17797482837528605,0.17797482837528605,0,720
0.309863,59,4164.125022,hard,0.3679633867276888,0.3679633867276888,0,581
0.003869,57,4184.326165,hard,0.060068649885583525,0.060068649885583525,0,562
0.320489,58,4205.893234,hard,0.3776887871853547,0.3776887871853547,0,572
0.186706,56,4224.976451,hard,0.24250572082379862,0.24250572082379862,0,558
0.267531,72,4249.61461,hard,0.3395308924485126,0.3395308924485126,0,720
0.187908,57,4268.603673,hard,0.2441075514874142,0.2441075514874142,0,562
0.177578,54,4286.307244,hard,0.23077803203661326,0.23077803203661326,0,532
0.052035,54,4304.50424,hard,0.10583524027459955,0.10583524027459955,0,538
0.064349,54,4323.011693,hard,0.11824942791762014,0.11824942791762014,0,539
0.166938,67,4345.480441,hard,0.23363844393592678,0.23363844393592678,0,667
0.034014,53,4365.472251,hard,0.0870137299771167,0.0870137299771167,0,530
0.188548,54,4383.966902,hard,0.2416475972540046,0.2416475972540046,0,531
1.268332,72,4408.330599,hard,0.34033180778032035,1.3403318077803204,1,720
0.255746,72,4432.49821,hard,0.327745995423341,0.327745995423341,0,720
0.114807,54,4450.924088,hard,0.1687070938215103,0.1687070938215103,0,539
0.108432,58,4469.974714,hard,0.16573226544622427,0.16573226544622427,0,573
0.153824,55,4489.336741,hard,0.20812356979405033,0.20812356979405033,0,543
0.112307,56,4508.445473,hard,0.1683066361556064,0.1683066361556064,0,560
0.247694,60,4529.362374,hard,0.30749427917620137,0.30749427917620137,0,598
0.124736,57,4551.077082,hard,0.18123569794050343,0.18123569794050343,0,565
0.029715,59,4571.436745,hard,0.08781464530892448,0.08781464530892448,0,581
0.222622,72,4596.00805,hard,0.29462242562929064,0.29462242562929064,0,720
0.158616,56,4614.729811,hard,0.21401601830663616,0.21401601830663616,0,554
0.239014,61,4635.325761,hard,0.2997139588100686,0.2997139588100686,0,607
0.106712,54,4654.173145,hard,0.16041189931350114,0.16041189931350114,0,537
0.180139,55,4673.221332,hard,0.23443935926773454,0.23443935926773454,0,543
0.175151,57,4693.13246,hard,0.23175057208237987,0.23175057208237987,0,566
0.173294,60,4713.418404,hard,0.23249427917620138,0.23249427917620138,0,592
0.148708,59,4735.299924,hard,0.20720823798627003,0.20720823798627003,0,585
0.10974,63,4756.307969,hard,0.1721395881006865,0.1721395881006865,0,624
0.066535,52,4774.250791,hard,0.11853546910755149,0.11853546910755149,0,520
0.118612,55,4792.925084,hard,0.1727116704805492,0.1727116704805492,0,541
0.134007,72,4817.846995,hard,0.20600686498855836,0.20600686498855836,0,720
0.068765,63,4839.219331,hard,0.1314645308924485,0.1314645308924485,0,627
1.308206,72,4863.895,hard,0.3802059496567506,1.3802059496567507,1,720
0.145563,72,4888.891276,hard,0.2175629290617849,0.2175629290617849,0,720
0.250254,72,4915.889544,hard,0.32225400457665904,0.32225400457665904,0,720
0.193071,69,4940.332139,hard,0.26207093821510297,0.26207093821510297,0,690
0.101504,65,4962.859064,hard,0.16630434782608697,0.16630434782608697,0,648
0.177635,53,4980.152031,hard,0.23043478260869565,0.23043478260869565,0,528
0.178572,72,5004.39084,hard,0.2505720823798627,0.2505720823798627,0,720
0.094167,52,5021.694941,hard,0.1461670480549199,0.1461670480549199,0,520
0.041829,59,5041.62273,hard,0.10022883295194508,0.10022883295194508,0,584
0.211136,59,5061.52084,hard,0.26933638443935926,0.26933638443935926,0,582
0.261867,72,5087.464695,hard,0.3338672768878719,0.3338672768878719,0,720
0.255191,62,5108.210627,hard,0.3169908466819222,0.3169908466819222,0,618
0.068157,57,5126.946716,hard,0.12505720823798627,0.12505720823798627,0,569
0.1432,57,5146.140614,hard,0.2,0.2,0,568
0.090757,72,5170.440439,hard,0.1627574370709382,0.1627574370709382,0,720
0.120391,72,5195.016828,hard,0.1923913043478261,0.1923913043478261,0,720
0.222565,72,5219.401099,hard,0.29456521739130437,0.29456521739130437,0,720
0.157116,57,5238.773753,hard,0.21361556064073225,0.21361556064073225,0,565
0.240483,57,5259.979609,hard,0.2974828375286041,0.2974828375286041,0,570
0.182256,55,5278.267854,hard,0.23655606407322655,0.23655606407322655,0,543
0.206386,57,5297.554531,hard,0.2625858123569794,0.2625858123569794,0,562
0.080354,55,5316.074711,hard,0.134954233409611,0.134954233409611,0,546
0.123881,72,5339.842957,hard,0.19588100686498855,0.19588100686498855,0,720
0.275124,59,5361.063749,hard,0.33352402745995424,0.33352402745995424,0,584
0.13789,54,5379.417051,hard,0.1915903890160183,0.1915903890160183,0,537
0.098474,55,5397.850732,hard,0.15257437070938215,0.15257437070938215,0,541
1.511072,65,5421.397235,hard,0.5755720823798627,1.5755720823798627,1,645
0.166338,55,5439.960165,hard,0.22053775743707094,0.22053775743707094,0,542
0.185609,72,5463.873255,hard,0.2576086956521739,0.2576086956521739,0,720
0.153661,63,5484.99761,hard,0.21596109839816935,0.21596109839816935,0,623
0.08187,54,5502.48254,hard,0.1358695652173913,0.1358695652173913,0,540
0.165437,55,5521.393878,hard,0.22013729977116706,0.22013729977116706,0,547
0.269622,62,5542.559999,hard,0.33152173913043476,0.33152173913043476,0,619
0.128066,55,5561.240847,hard,0.18306636155606407,0.18306636155606407,0,550
0.083771,54,5579.065665,hard,0.13747139588100687,0.13747139588100687,0,537
0.151274,64,5602.488532,hard,0.2148741418764302,0.2148741418764302,0,636
0.132399,67,5625.337352,hard,0.19879862700228834,0.19879862700228834,0,664
0.166851,66,5647.191804,hard,0.23255148741418763,0.23255148741418763,0,657
0.309021,60,5666.720582,hard,0.3684210526315789,0.3684210526315789,0,594
0.213794,56,5685.47296,hard,0.26939359267734553,0.26939359267734553,0,556
0.179344,60,5706.065148,hard,0.23884439359267734,0.23884439359267734,0,595
0.0864,64,5728.795352,hard,0.1504004576659039,0.1504004576659039,0,640
0.103427,58,5748.940891,hard,0.16132723112128147,0.16132723112128147,0,579
0.319279,63,5772.338395,hard,0.3819794050343249,0.3819794050343249,0,627
0.059449,58,5792.06579,hard,0.11744851258581236,0.11744851258581236,0,580
0.192873,59,5811.540463,hard,0.2517734553775744,0.2517734553775744,0,589
0.277142,72,5835.94303,hard,0.34914187643020594,0.34914187643020594,0,720
0.155837,64,5857.502432,hard,0.21973684210526315,0.21973684210526315,0,639
0.203581,55,5876.160057,hard,0.2581807780320366,0.2581807780320366,0,546
0.045942,54,5895.041988,hard,0.09954233409610984,0.09954233409610984,0,536
0.208804,58,5914.662764,hard,0.26590389016018307,0.26590389016018307,0,571
0.074682,72,5938.926207,hard,0.14668192219679635,0.14668192219679635,0,720
0.259312,64,5962.563691,hard,0.3227116704805492,0.3227116704805492,0,634
0.266425,69,5986.168725,hard,0.3347254004576659,0.3347254004576659,0,683
0.254706,63,6007.600061,hard,0.31750572082379863,0.31750572082379863,0,628
0.210401,66,6028.460457,hard,0.2758009153318078,0.2758009153318078,0,654
0.129695,66,6049.774496,hard,0.19559496567505721,0.19559496567505721,0,659
0.082656,54,6068.553807,hard,0.13655606407322654,0.13655606407322654,0,539
0.143131,72,6093.421498,hard,0.21493135011441647,0.21493135011441647,0,718
0.247785,64,6114.872313,hard,0.31178489702517165,0.31178489702517165,0,640
0.142394,53,6133.986084,hard,0.19479405034324943,0.19479405034324943,0,524
0.167047,62,6154.038538,hard,0.22854691075514874,0.22854691075514874,0,615
0.172405,57,6174.001703,hard,0.2290045766590389,0.2290045766590389,0,566
0.200076,54,6191.597369,hard,0.2537757437070938,0.2537757437070938,0,537
0.148787,53,6209.095223,hard,0.20108695652173914,0.20108695652173914,0,523
0.13821,71,6231.888437,hard,0.20881006864988558,0.20881006864988558,0,706
0.090903,62,6252.533921,hard,0.15280320366132724,0.15280320366132724,0,619
0.164646,64,6273.729004,hard,0.22814645308924486,0.22814645308924486,0,635
0.083672,55,6292.749265,hard,0.13827231121281464,0.13827231121281464,0,546
0.103501,60,6312.582613,hard,0.16310068649885584,0.16310068649885584,0,596
0.196469,52,6330.618873,hard,0.24776887871853548,0.24776887871853548,0,513
0.138207,68,6354.50171,hard,0.20600686498855836,0.20600686498855836,0,678
0.110803,55,6372.352793,hard,0.1651029748283753,0.1651029748283753,0,543
0.115625,56,6390.08478,hard,0.17162471395881007,0.17162471395881007,0,560
0.058526,52,6407.113216,hard,0.11052631578947368,0.11052631578947368,0,520
0.10666,59,6426.83937,hard,0.16475972540045766,0.16475972540045766,0,581
0.276027,61,6447.554766,hard,0.3363272311212815,0.3363272311212815,0,603
0.320774,57,6469.345887,hard,0.37717391304347825,0.37717391304347825,0,564
0.294018,72,6494.432235,hard,0.3660183066361556,0.3660183066361556,0,720
0.025814,62,6515.00188,hard,0.0870137299771167,0.0870137299771167,0,612
0.07346,54,6533.409335,hard,0.1274599542334096,0.1274599542334096,0,540
0.194386,69,6556.807265,hard,0.2629862700228833,0.2629862700228833,0,686
0.138595,57,6575.953689,hard,0.19559496567505721,0.19559496567505721,0,570
0.163324,58,6595.197583,hard,0.2208237986270023,0.2208237986270023,0,575
0.098792,57,6614.762001,hard,0.15549199084668192,0.15549199084668192,0,567
0.171746,56,6633.153006,hard,0.22734553775743707,0.22734553775743707,0,556
0.026793,55,6654.117427,hard,0.08129290617848971,0.08129290617848971,0,545
0.07626,52,6671.040699,hard,0.1278604118993135,0.1278604118993135,0,516
0.127879,54,6689.127808,hard,0.18157894736842106,0.18157894736842106,0,537
0.241101,72,6713.196932,hard,0.31310068649885586,0.31310068649885586,0,720
0.314726,58,6732.696262,hard,0.37242562929061784,0.37242562929061784,0,577
0.218507,63,6753.904281,hard,0.28100686498855837,0.28100686498855837,0,625
0.197377,58,6772.826936,hard,0.2549771167048055,0.2549771167048055,0,576
0.231054,54,6790.77347,hard,0.28495423340961096,0.28495423340961096,0,539
0.074483,61,6811.978592,hard,0.13518306636155605,0.13518306636155605,0,607
0.244698,67,6833.286991,hard,0.3110983981693364,0.3110983981693364,0,664
0.120579,62,6853.295188,hard,0.18197940503432494,0.18197940503432494,0,614
0.13849,53,6870.661628,hard,0.19118993135011442,0.19118993135011442,0,527
0.15946,56,6888.813967,hard,0.21475972540045768,0.21475972540045768,0,553
0.127998,70,6912.014791,hard,0.19799771167048055,0.19799771167048055,0,700
0.138006,68,6935.325083,hard,0.20520594965675057,0.20520594965675057,0,672
0.051241,60,6954.836621,hard,0.11064073226544623,0.11064073226544623,0,594
0.305138,54,6972.772637,hard,0.35863844393592675,0.35863844393592675,0,535
0.195765,61,6994.573693,hard,0.25646453089244853,0.25646453089244853,0,607
0.204875,61,7014.470525,hard,0.265675057208238,0.265675057208238,0,608
0.202142,72,7037.510913,hard,0.27414187643020593,0.27414187643020593,0,720
0.174975,54,7054.954373,hard,0.22837528604118992,0.22837528604118992,0,534
0.01218,58,7073.542048,hard,0.0696796338672769,0.0696796338672769,0,575
0.149502,53,7090.837612,hard,0.20160183066361556,0.20160183066361556,0,521
0.222436,72,7114.860045,hard,0.29393592677345537,0.29393592677345537,0,715
0.159918,57,7133.721124,hard,0.2160183066361556,0.2160183066361556,0,561
0.15975,72,7159.554187,hard,0.23094965675057208,0.23094965675057208,0,712
0.097693,59,7178.619182,hard,0.15669336384439359,0.15669336384439359,0,590
0.25041,72,7202.454126,hard,0.32151029748283755,0.32151029748283755,0,711
0.205002,72,7226.12472,hard,0.27700228832951945,0.27700228832951945,0,720
0.114176,65,7247.285813,hard,0.17917620137299772,0.17917620137299772,0,650
0.172059,55,7266.019069,hard,0.22625858123569795,0.22625858123569795,0,542
0.129623,53,7283.751149,hard,0.18232265446224255,0.18232265446224255,0,527
0.115918,63,7305.181272,hard,0.17831807780320366,0.17831807780320366,0,624
0.087506,55,7324.943519,hard,0.14250572082379862,0.14250572082379862,0,550
0.268173,58,7345.703521,hard,0.3259725400457666,0.3259725400457666,0,578
0.292043,58,7365.993974,hard,0.3499427917620137,0.3499427917620137,0,579
0.221107,61,7386.651168,hard,0.2814073226544622,0.2814073226544622,0,603
0.262815,63,7406.979509,hard,0.3255148741418764,0.3255148741418764,0,627
0.12946,61,7428.568124,hard,0.19016018306636157,0.19016018306636157,0,607
0.172046,56,7448.792383,hard,0.22734553775743707,0.22734553775743707,0,553
0.171736,60,7470.163458,hard,0.23163615560640732,0.23163615560640732,0,599
0.133749,60,7490.831239,hard,0.19284897025171624,0.19284897025171624,0,591
0.110768,61,7514.099084,hard,0.1715675057208238,0.1715675057208238,0,608
0.245583,65,7536.894218,hard,0.30978260869565216,0.30978260869565216,0,642
1.330918,72,7561.895984,hard,0.40291762013729976,1.4029176201372997,1,720
0.057334,60,7582.755846,hard,0.11693363844393592,0.11693363844393592,0,596
0.295391,72,7608.827226,hard,0.3673913043478261,0.3673913043478261,0,720
0.272316,55,7628.345466,hard,0.3267162471395881,0.3267162471395881,0,544
0.182362,60,7649.877533,hard,0.242162471395881,0.242162471395881,0,598
0.237039,72,7675.034284,hard,0.3090389016018307,0.3090389016018307,0,720
0.141396,56,7696.479164,hard,0.19679633867276888,0.19679633867276888,0,554
0.291891,63,7717.969011,hard,0.35469107551487417,0.35469107551487417,0,628
0.275426,72,7743.435722,hard,0.3474256292906179,0.3474256292906179,0,720
0.126112,72,7767.105086,hard,0.1981121281464531,0.1981121281464531,0,720
0.088094,57,7787.029255,hard,0.14439359267734553,0.14439359267734553,0,563
0.086473,53,7805.88443,hard,0.13867276887871854,0.13867276887871854,0,522
0.197782,62,7828.308557,hard,0.2589816933638444,0.2589816933638444,0,612
2.442303,61,7850.055954,hard,0.5024027459954233,2.5024027459954232,2,601
0.090596,57,7871.820686,hard,0.14679633867276887,0.14679633867276887,0,562
0.370493,61,7892.814466,hard,0.4312929061784897,0.4312929061784897,0,608
0.195115,56,7912.786389,hard,0.2509153318077803,0.2509153318077803,0,558
0.156329,57,7931.566214,hard,0.212929061784897,0.212929061784897,0,566
0.19911,72,7956.097218,hard,0.27110983981693365,0.27110983981693365,0,720
0.125718,53,7974.508452,hard,0.17831807780320366,0.17831807780320366,0,526
0.224623,71,7998.168112,hard,0.2950228832951945,0.2950228832951945,0,704
0.179038,54,8016.051589,hard,0.232837528604119,0.232837528604119,0,538
0.074678,56,8034.840801,hard,0.13037757437070938,0.13037757437070938,0,557
0.167848,62,8057.876282,hard,0.22934782608695653,0.22934782608695653,0,615
0.027607,54,8076.697065,hard,0.08140732265446224,0.08140732265446224,0,538
0.150805,54,8094.913097,hard,0.2048054919908467,0.2048054919908467,0,540
0.177252,56,8113.484091,hard,0.23295194508009154,0.23295194508009154,0,557
0.145064,61,8134.942123,hard,0.20566361556064072,0.20566361556064072,0,606
0.182358,56,8154.588938,hard,0.2381578947368421,0.2381578947368421,0,558
0.162708,57,8174.901619,hard,0.21910755148741418,0.21910755148741418,0,564
0.096405,71,8200.396943,hard,0.16710526315789473,0.16710526315789473,0,707
0.122394,72,8226.369112,hard,0.19439359267734554,0.19439359267734554,0,720
0.255493,64,8248.437239,hard,0.31899313501144166,0.31899313501144166,0,635
1.362897,72,8273.174195,hard,0.4348970251716247,1.4348970251716247,1,720
0.217983,55,8292.30157,hard,0.27248283752860414,0.27248283752860414,0,545
0.133595,63,8314.306046,hard,0.1959954233409611,0.1959954233409611,0,624
0.228668,56,8334.009879,hard,0.28466819221967965,0.28466819221967965,0,560
0.115128,72,8359.077041,hard,0.18712814645308926,0.18712814645308926,0,720
0.257252,64,8382.151472,hard,0.32065217391304346,0.32065217391304346,0,634
0.182256,55,8403.464135,hard,0.23655606407322655,0.23655606407322655,0,543
0.163318,53,8421.573771,hard,0.2160183066361556,0.2160183066361556,0,527
0.114573,62,8442.283998,hard,0.17637299771167048,0.17637299771167048,0,618
0.073677,56,8461.409332,hard,0.12957665903890161,0.12957665903890161,0,559
0.095155,66,8485.467689,hard,0.16035469107551487,0.16035469107551487,0,652
0.164957,72,8511.645066,hard,0.23695652173913043,0.23695652173913043,0,720
0.199362,56,8530.11963,hard,0.25446224256292904,0.25446224256292904,0,551
2.595162,72,8555.221122,hard,0.667162471395881,2.667162471395881,2,720
0.266996,55,8574.389017,hard,0.32179633867276886,0.32179633867276886,0,548
0.135531,55,8594.962499,hard,0.18993135011441648,0.18993135011441648,0,544
0.247275,56,8614.610991,hard,0.30297482837528605,0.30297482837528605,0,557
0.163935,55,8633.682725,hard,0.21853546910755148,0.21853546910755148,0,546
1.270144,69,8657.867378,hard,0.3388443935926774,1.3388443935926775,1,687
0.20009,67,8681.169406,hard,0.2665903890160183,0.2665903890160183,0,665
0.166724,55,8701.05934,hard,0.22122425629290618,0.22122425629290618,0,545
0.170637,62,8722.740493,hard,0.2320366132723112,0.2320366132723112,0,614
0.204368,56,8742.742411,hard,0.2596681922196796,0.2596681922196796,0,553
0.213592,55,8763.655342,hard,0.26819221967963386,0.26819221967963386,0,546
0.108818,57,8783.465314,hard,0.16561784897025172,0.16561784897025172,0,568
0.1373,64,8805.080747,hard,0.2004004576659039,0.2004004576659039,0,631
0.153343,72,8829.588905,hard,0.2253432494279176,0.2253432494279176,0,720
0.221203,57,8848.5825,hard,0.2778032036613272,0.2778032036613272,0,566
0.170027,54,8866.72509,hard,0.22362700228832952,0.22362700228832952,0,536
0.111018,68,8889.867403,hard,0.17831807780320366,0.17831807780320366,0,673
0.188867,58,8910.543059,hard,0.2461670480549199,0.2461670480549199,0,573
0.151176,53,8929.012995,hard,0.2037757437070938,0.2037757437070938,0,526
0.160362,57,8950.551199,hard,0.2167620137299771,0.2167620137299771,0,564
0.157612,53,8967.458222,hard,0.21041189931350116,0.21041189931350116,0,528
0.165543,60,8988.253605,hard,0.2253432494279176,0.2253432494279176,0,598
0.07266,55,9005.733445,hard,0.1274599542334096,0.1274599542334096,0,548
0.125332,53,9023.077138,hard,0.17763157894736842,0.17763157894736842,0,523
0.055643,70,9047.61695,hard,0.12494279176201373,0.12494279176201373,0,693
0.236861,54,9066.946711,hard,0.29056064073226545,0.29056064073226545,0,537
0.135753,61,9088.030501,hard,0.19605263157894737,0.19605263157894737,0,603
0.11284,72,9114.617778,hard,0.18483981693363843,0.18483981693363843,0,720
0.108441,53,9133.036787,hard,0.1610411899313501,0.1610411899313501,0,526
0.13459,57,9152.30139,hard,0.19118993135011442,0.19118993135011442,0,566
0.174432,54,9170.466954,hard,0.22763157894736843,0.22763157894736843,0,532
0.157127,67,9194.898008,hard,0.2240274599542334,0.2240274599542334,0,669
0.224509,59,9214.883347,hard,0.2826086956521739,0.2826086956521739,0,581
0.029412,57,9235.429082,hard,0.08581235697940504,0.08581235697940504,0,564
0.268215,58,9255.978415,hard,0.3255148741418764,0.3255148741418764,0,573
0.230707,63,9277.681341,hard,0.2937070938215103,0.2937070938215103,0,630
0.151206,55,9298.131184,hard,0.20560640732265445,0.20560640732265445,0,544
0.091997,56,9316.866904,hard,0.14719679633867278,0.14719679633867278,0,552
0.054643,58,9336.36852,hard,0.11224256292906179,0.11224256292906179,0,576
0.234631,56,9355.809097,hard,0.28993135011441645,0.28993135011441645,0,553
0.220086,55,9374.074425,hard,0.2748855835240275,0.2748855835240275,0,548
0.131784,55,9392.941539,hard,0.18598398169336383,0.18598398169336383,0,542
0.187849,55,9411.819746,hard,0.24244851258581235,0.24244851258581235,0,546
0.159131,56,9431.317943,hard,0.21493135011441647,0.21493135011441647,0,558
0.16749,62,9453.08513,hard,0.22889016018306635,0.22889016018306635,0,614
0.131632,59,9475.829006,hard,0.19033180778032036,0.19033180778032036,0,587
0.161423,59,9495.767494,hard,0.2200228832951945,0.2200228832951945,0,586
0.303097,57,9515.421661,hard,0.35949656750572084,0.35949656750572084,0,564
0.171449,60,9536.395994,hard,0.2305491990846682,0.2305491990846682,0,591
0.168944,58,9556.482698,hard,0.2261441647597254,0.2261441647597254,0,572
0.075851,57,9576.03524,hard,0.13215102974828374,0.13215102974828374,0,563
0.085575,55,9595.087285,hard,0.1402745995423341,0.1402745995423341,0,547
0.242287,60,9615.752639,hard,0.301487414187643,0.301487414187643,0,592
0.298748,56,9635.308611,hard,0.35474828375286044,0.35474828375286044,0,560
0.17109,58,9656.269092,hard,0.22889016018306635,0.22889016018306635,0,578
0.099187,52,9673.712082,hard,0.15108695652173912,0.15108695652173912,0,519
0.139593,54,9692.438565,hard,0.19359267734553776,0.19359267734553776,0,540
0.02022,72,9716.27867,hard,0.09221967963386728,0.09221967963386728,0,720
0.196317,57,9735.223786,hard,0.2525171624713959,0.2525171624713959,0,562
0.098804,55,9753.306584,hard,0.15320366132723112,0.15320366132723112,0,544
0.101792,54,9770.940665,hard,0.15549199084668192,0.15549199084668192,0,537
0.191812,69,9793.393298,hard,0.26041189931350117,0.26041189931350117,0,686
0.307458,57,9811.947146,hard,0.363558352402746,0.363558352402746,0,561
0.342159,60,9834.275983,hard,0.4020594965675057,0.4020594965675057,0,599
0.238821,55,9852.690925,hard,0.29302059496567506,0.29302059496567506,0,542
0.219819,72,9877.006638,hard,0.2918192219679634,0.2918192219679634,0,720
0.077485,72,9900.802068,hard,0.14948512585812357,0.14948512585812357,0,720
0.096029,55,9919.059482,hard,0.15022883295194508,0.15022883295194508,0,542
0.104296,55,9937.770329,hard,0.15909610983981692,0.15909610983981692,0,548
0.140093,54,9955.688289,hard,0.19359267734553776,0.19359267734553776,0,535
0.205288,59,9975.738361,hard,0.26418764302059494,0.26418764302059494,0,589
0.074681,59,9997.338146,hard,0.13318077803203662,0.13318077803203662,0,585
0.10431,55,10015.492272,hard,0.1588100686498856,0.1588100686498856,0,545
0.268711,54,10033.785899,hard,0.3223112128146453,0.3223112128146453,0,536
0.117066,53,10051.525805,hard,0.16996567505720825,0.16996567505720825,0,529
0.251455,72,10075.536723,hard,0.3234553775743707,0.3234553775743707,0,720
0.067385,70,10098.658267,hard,0.1371853546910755,0.1371853546910755,0,698
0.20869,58,10117.76754,hard,0.26618993135011443,0.26618993135011443,0,575
0.291455,57,10137.35594,hard,0.3480549199084668,0.3480549199084668,0,566
0.162921,56,10157.15201,hard,0.21802059496567505,0.21802059496567505,0,551
0.198862,56,10177.717458,hard,0.2540617848970252,0.2540617848970252,0,552
0.179745,60,10197.778595,hard,0.23924485125858125,0.23924485125858125,0,595
0.15395,66,10220.696872,hard,0.21905034324942793,0.21905034324942793,0,651
0.39805,71,10244.956387,hard,0.4690503432494279,0.4690503432494279,0,710
0.138476,53,10263.382559,hard,0.19147597254004578,0.19147597254004578,0,530
0.184962,58,10283.230679,hard,0.242162471395881,0.242162471395881,0,572
0.200877,55,10301.741641,hard,0.2549771167048055,0.2549771167048055,0,541
0.154024,55,10319.710765,hard,0.20852402745995424,0.20852402745995424,0,545
0.056024,53,10337.10433,hard,0.10892448512585812,0.10892448512585812,0,529
0.126984,59,10357.722647,hard,0.18558352402745995,0.18558352402745995,0,586
0.110402,54,10376.367928,hard,0.1643020594965675,0.1643020594965675,0,539
0.184604,57,10396.79789,hard,0.24090389016018307,0.24090389016018307,0,563
0.086388,54,10416.542159,hard,0.13958810068649885,0.13958810068649885,0,532
0.25365,66,10440.335441,hard,0.31905034324942794,0.31905034324942794,0,654
0.193376,61,10461.609609,hard,0.2537757437070938,0.2537757437070938,0,604
0.155327,56,10479.721583,hard,0.21132723112128146,0.21132723112128146,0,560
0.05244,58,10498.789604,hard,0.10983981693363844,0.10983981693363844,0,574
0.155415,58,10519.844024,hard,0.21321510297482837,0.21321510297482837,0,578
0.138304,66,10541.609898,hard,0.20360411899313502,0.20360411899313502,0,653
0.106698,55,10560.988308,hard,0.16109839816933638,0.16109839816933638,0,544
0.19055,54,10580.333918,hard,0.24405034324942793,0.24405034324942793,0,535
0.147221,59,10601.018659,hard,0.2061212814645309,0.2061212814645309,0,589
0.146912,64,10623.723104,hard,0.21041189931350116,0.21041189931350116,0,635
0.354471,58,10643.617107,hard,0.41247139588100684,0.41247139588100684,0,580
0.242729,58,10663.663741,hard,0.3002288329519451,0.3002288329519451,0,575
0.109166,62,10685.406845,hard,0.17036613272311213,0.17036613272311213,0,612
0.078087,61,10707.565726,hard,0.13838672768878718,0.13838672768878718,0,603
0.295463,60,10728.580257,hard,0.35526315789473684,0.35526315789473684,0,598
0.19055,54,10747.134474,hard,0.24405034324942793,0.24405034324942793,0,535
0.326387,63,10768.893798,hard,0.3887871853546911,0.3887871853546911,0,624
0.174217,53,10786.621395,hard,0.22711670480549198,0.22711670480549198,0,529
0.148804,55,10804.929858,hard,0.2032036613272311,0.2032036613272311,0,544
0.342188,72,10828.397591,hard,0.41418764302059496,0.41418764302059496,0,720
0.142598,56,10847.093936,hard,0.19839816933638443,0.19839816933638443,0,558
0.207138,64,10868.434355,hard,0.2705377574370709,0.2705377574370709,0,634
0.106719,61,10890.323025,hard,0.1668192219679634,0.1668192219679634,0,601
0.107504,59,10910.475657,hard,0.16590389016018306,0.16590389016018306,0,584
0.134599,65,10932.548453,hard,0.19879862700228834,0.19879862700228834,0,642
0.170642,54,10950.406552,hard,0.22454233409610985,0.22454233409610985,0,539
0.163434,54,10968.936882,hard,0.2173340961098398,0.2173340961098398,0,539
0.271478,72,10993.106279,hard,0.34347826086956523,0.34347826086956523,0,720
0.031094,52,11011.560526,hard,0.08249427917620138,0.08249427917620138,0,514
0.084931,67,11034.586715,hard,0.15183066361556063,0.15183066361556063,0,669
0.144323,64,11057.766012,hard,0.20772311212814645,0.20772311212814645,0,634
0.244891,60,11078.492122,hard,0.30429061784897027,0.30429061784897027,0,594
0.049235,57,11097.989628,hard,0.10583524027459955,0.10583524027459955,0,566
0.037725,72,11123.142272,hard,0.1097254004576659,0.1097254004576659,0,720
0.280023,53,11141.414535,hard,0.3327231121281464,0.3327231121281464,0,527
0.166224,55,11160.427709,hard,0.22122425629290618,0.22122425629290618,0,550
1.381146,72,11185.394566,hard,0.45314645308924484,1.4531464530892448,1,720
0.229153,55,11204.781037,hard,0.2841533180778032,0.2841533180778032,0,550
0.228495,55,11222.57976,hard,0.28289473684210525,0.28289473684210525,0,544
0.253084,58,11244.172047,hard,0.31098398169336383,0.31098398169336383,0,579
0.120334,72,11269.187511,hard,0.1923340961098398,0.1923340961098398,0,720
0.201882,58,11289.170905,hard,0.2589816933638444,0.2589816933638444,0,571
0.083774,57,11307.983214,hard,0.1398741418764302,0.1398741418764302,0,561
0.101736,55,11326.23822,hard,0.15623569794050343,0.15623569794050343,0,545
0.099007,57,11344.558727,hard,0.15600686498855834,0.15600686498855834,0,570
0.19597,53,11361.148267,hard,0.24897025171624715,0.24897025171624715,0,530
0.104697,55,11378.19863,hard,0.15949656750572083,0.15949656750572083,0,548
0.245886,55,11397.684761,hard,0.30068649885583526,0.30068649885583526,0,548
0.335936,59,11418.115373,hard,0.39433638443935926,0.39433638443935926,0,584
0.134245,55,11436.702024,hard,0.18924485125858123,0.18924485125858123,0,550
0.260312,63,11458.285461,hard,0.32311212814645307,0.32311212814645307,0,628
0.214501,62,11479.463006,hard,0.2758009153318078,0.2758009153318078,0,613
0.375098,61,11499.866345,hard,0.43569794050343247,0.43569794050343247,0,606
0.174297,61,11519.678555,hard,0.23449656750572082,0.23449656750572082,0,602
0.31519,64,11540.907346,hard,0.37848970251716246,0.37848970251716246,0,633
0.184579,72,11564.363681,hard,0.2565789473684211,0.2565789473684211,0,720
0.245838,62,11587.348755,hard,0.307837528604119,0.307837528604119,0,620
0.04415,62,11608.088504,hard,0.10594965675057208,0.10594965675057208,0,618
0.193203,72,11633.823867,hard,0.2651029748283753,0.2651029748283753,0,719
0.183658,55,11652.251689,hard,0.238558352402746,0.238558352402746,0,549
0.119656,55,11670.533217,hard,0.1738558352402746,0.1738558352402746,0,542
0.198916,65,11692.166362,hard,0.26361556064073227,0.26361556064073227,0,647
0.152507,54,11710.123542,hard,0.20600686498855836,0.20600686498855836,0,535
0.119473,58,11729.519835,hard,0.17677345537757438,0.17677345537757438,0,573
0.17585,56,11749.051187,hard,0.23094965675057208,0.23094965675057208,0,551
0.252826,58,11768.43155,hard,0.3105263157894737,0.3105263157894737,0,577
0.14069,64,11789.88665,hard,0.20389016018306635,0.20389016018306635,0,632
0.142396,54,11808.593519,hard,0.19639588100686498,0.19639588100686498,0,540
0.136792,57,11827.44154,hard,0.19319221967963388,0.19319221967963388,0,564
0.122737,72,11851.693734,hard,0.19473684210526315,0.19473684210526315,0,720
0.105294,52,11869.110218,hard,0.1570938215102975,0.1570938215102975,0,518
0.249902,64,11890.726645,hard,0.3139016018306636,0.3139016018306636,0,640
0.228568,68,11912.704527,hard,0.2965675057208238,0.2965675057208238,0,680
0.138435,55,11933.979096,hard,0.1931350114416476,0.1931350114416476,0,547
0.164828,60,11955.550497,hard,0.2244279176201373,0.2244279176201373,0,596
0.059842,52,11972.415563,hard,0.1118421052631579,0.1118421052631579,0,520
0.180967,66,11994.49627,hard,0.2461670480549199,0.2461670480549199,0,652
0.255343,58,12013.774338,hard,0.3130434782608696,0.3130434782608696,0,577
0.135749,57,12032.617152,hard,0.19244851258581236,0.19244851258581236,0,567
0.114008,56,12051.142251,hard,0.1691075514874142,0.1691075514874142,0,551
0.112318,54,12069.286207,hard,0.16561784897025172,0.16561784897025172,0,533
0.248652,72,12094.660489,hard,0.32065217391304346,0.32065217391304346,0,720
0.17632,54,12113.054626,hard,0.22991990846681923,0.22991990846681923,0,536
0.262513,62,12134.305865,hard,0.3239130434782609,0.3239130434782609,0,614
0.018702,59,12154.410753,hard,0.07700228832951946,0.07700228832951946,0,583
0.264466,69,12178.079517,hard,0.3326659038901602,0.3326659038901602,0,682
0.157828,55,12196.811277,hard,0.21212814645308925,0.21212814645308925,0,543
0.143703,60,12216.568059,hard,0.20280320366132723,0.20280320366132723,0,591
0.260671,64,12237.729021,hard,0.324370709382151,0.324370709382151,0,637
0.137804,66,12259.112754,hard,0.2032036613272311,0.2032036613272311,0,654
0.062831,53,12279.353297,hard,0.11493135011441648,0.11493135011441648,0,521
0.140953,56,12299.19422,hard,0.19645308924485125,0.19645308924485125,0,555
0.085609,72,12324.582925,hard,0.15760869565217392,0.15760869565217392,0,720
0.174964,69,12348.710365,hard,0.24376430205949656,0.24376430205949656,0,688
0.188977,66,12371.874498,hard,0.2549771167048055,0.2549771167048055,0,660
0.166843,59,12392.382227,hard,0.22494279176201373,0.22494279176201373,0,581
2.591991,63,12413.832468,hard,0.6546910755148742,2.654691075514874,2,627
0.089062,54,12432.486366,hard,0.142162471395881,0.142162471395881,0,531
0.180856,56,12453.8504,hard,0.23655606407322655,0.23655606407322655,0,557
0.074259,53,12473.03004,hard,0.12665903890160182,0.12665903890160182,0,524
0.159601,54,12492.239124,hard,0.21310068649885583,0.21310068649885583,0,535
0.048935,57,12512.536135,hard,0.10583524027459955,0.10583524027459955,0,569
0.134121,72,12537.339714,hard,0.2061212814645309,0.2061212814645309,0,720
0.137815,63,12559.398998,hard,0.20051487414187644,0.20051487414187644,0,627
0.162135,56,12579.007062,hard,0.21773455377574372,0.21773455377574372,0,556
0.103356,58,12599.146281,hard,0.16115560640732265,0.16115560640732265,0,578
0.140492,53,12616.488476,hard,0.19279176201372997,0.19279176201372997,0,523
0.209433,58,12638.941229,hard,0.26653318077803206,0.26653318077803206,0,571
0.130181,54,12657.876289,hard,0.1835812356979405,0.1835812356979405,0,534
0.259147,58,12678.099969,hard,0.3162471395881007,0.3162471395881007,0,571
0.18676,53,12696.970895,hard,0.23975972540045767,0.23975972540045767,0,530
0.118111,54,12715.338078,hard,0.1719107551487414,0.1719107551487414,0,538
0.186258,65,12737.845093,hard,0.25085812356979403,0.25085812356979403,0,646
0.194276,60,12759.196852,hard,0.25417620137299773,0.25417620137299773,0,599
0.200783,60,12779.24978,hard,0.2601830663615561,0.2601830663615561,0,594
0.013092,68,12803.486751,hard,0.08089244851258581,0.08089244851258581,0,678
0.112366,58,12825.914795,hard,0.17036613272311213,0.17036613272311213,0,580
0.060243,52,12845.020113,hard,0.11224256292906179,0.11224256292906179,0,520
0.117011,55,12864.497957,hard,0.1719107551487414,0.1719107551487414,0,549
0.030716,59,12885.650733,hard,0.08941647597254004,0.08941647597254004,0,587
0.258702,56,12904.801576,hard,0.31430205949656753,0.31430205949656753,0,556
0.062145,53,12922.350133,hard,0.11424485125858123,0.11424485125858123,0,521
0.171745,55,12941.013611,hard,0.22654462242562928,0.22654462242562928,0,548
0.20563,58,12959.816898,hard,0.2633295194508009,0.2633295194508009,0,577
0.151822,68,12983.055546,hard,0.21962242562929063,0.21962242562929063,0,678
0.121461,58,13004.867015,hard,0.17866132723112127,0.17866132723112127,0,572
0.236563,56,13024.595268,hard,0.2925629290617849,0.2925629290617849,0,560
0.184462,58,13044.656441,hard,0.2417620137299771,0.2417620137299771,0,573
0.211141,62,13066.113714,hard,0.27294050343249426,0.27294050343249426,0,618
0.288537,57,13086.374487,hard,0.345137299771167,0.345137299771167,0,566
0.005487,59,13106.697498,hard,0.06378718535469108,0.06378718535469108,0,583
0.362865,57,13125.833383,hard,0.41916475972540046,0.41916475972540046,0,563
0.216766,67,13148.016592,hard,0.28306636155606407,0.28306636155606407,0,663
0.144115,57,13169.864805,hard,0.20091533180778032,0.20091533180778032,0,568
0.148823,59,13190.518908,hard,0.20732265446224257,0.20732265446224257,0,585
0.238183,72,13215.775962,hard,0.31018306636155607,0.31018306636155607,0,720
0.29008,55,13234.966236,hard,0.34508009153318076,0.34508009153318076,0,550
0.118732,60,13255.953721,hard,0.1780320366132723,0.1780320366132723,0,593
0.181357,56,13275.64483,hard,0.23695652173913043,0.23695652173913043,0,556
0.09592,59,13295.29779,hard,0.15491990846681922,0.15491990846681922,0,590
0.253584,57,13314.243383,hard,0.31058352402746,0.31058352402746,0,570
0.101608,56,13333.659485,hard,0.15680778032036613,0.15680778032036613,0,552
0.204074,61,13356.664998,hard,0.2644736842105263,0.2644736842105263,0,604
0.143097,55,13375.570862,hard,0.19759725400457667,0.19759725400457667,0,545
0.156316,58,13395.844033,hard,0.21361556064073225,0.21361556064073225,0,573
0.140882,57,13415.004372,hard,0.19708237986270022,0.19708237986270022,0,562
0.199619,55,13434.234544,hard,0.2545194508009153,0.2545194508009153,0,549
0.249234,56,13453.874543,hard,0.30503432494279176,0.30503432494279176,0,558
0.143297,55,13471.697609,hard,0.19759725400457667,0.19759725400457667,0,543
0.142221,64,13495.798449,hard,0.205720823798627,0.205720823798627,0,635
0.302666,55,13515.418489,hard,0.3576659038901602,0.3576659038901602,0,550
0.086366,59,13538.01758,hard,0.14536613272311213,0.14536613272311213,0,590
0.203179,54,13557.99505,hard,0.2569794050343249,0.2569794050343249,0,538
0.046246,57,13578.215793,hard,0.10234553775743707,0.10234553775743707,0,561
0.309946,56,13597.363675,hard,0.3654462242562929,0.3654462242562929,0,555
0.182944,56,13616.666047,hard,0.23884439359267734,0.23884439359267734,0,559
0.173338,60,13637.734485,hard,0.232837528604119,0.232837528604119,0,595
0.182668,64,13660.083908,hard,0.2465675057208238,0.2465675057208238,0,639
0.11987,54,13677.920975,hard,0.17356979405034326,0.17356979405034326,0,537
0.169476,72,13701.616667,hard,0.24147597254004577,0.24147597254004577,0,720
0.007471,55,13719.447405,hard,0.062070938215102976,0.062070938215102976,0,546
0.141304,62,13741.285223,hard,0.2032036613272311,0.2032036613272311,0,619
0.199662,55,13761.197514,hard,0.2540617848970252,0.2540617848970252,0,544
0.184544,54,13781.003151,hard,0.23844393592677346,0.23844393592677346,0,539
0.184242,53,13799.903024,hard,0.23684210526315788,0.23684210526315788,0,526
0.169527,55,13818.723808,hard,0.2240274599542334,0.2240274599542334,0,545
0.143217,72,13844.323486,hard,0.21521739130434783,0.21521739130434783,0,720
0.10751,64,13866.391689,hard,0.17110983981693365,0.17110983981693365,0,636
0.281655,67,13891.50029,hard,0.3480549199084668,0.3480549199084668,0,664
0.278836,66,13915.077683,hard,0.34433638443935927,0.34433638443935927,0,655
0.24991,72,13939.43802,hard,0.32151029748283755,0.32151029748283755,0,716
1.422503,68,13961.857236,hard,0.4901029748283753,1.4901029748283752,1,676
0.261113,63,13983.132584,hard,0.323512585812357,0.323512585812357,0,624
0.294256,68,14005.166708,hard,0.36155606407322655,0.36155606407322655,0,673
0.203071,60,14025.517974,hard,0.2624713958810069,0.2624713958810069,0,594
0.136397,61,14047.326709,hard,0.19719679633867276,0.19719679633867276,0,608
0.305627,69,14073.040894,hard,0.3740274599542334,0.3740274599542334,0,684
0.263355,72,14098.751638,hard,0.33535469107551485,0.33535469107551485,0,720
0.097928,64,14121.53495,hard,0.16172768878718535,0.16172768878718535,0,638
0.154728,57,14140.940165,hard,0.21172768878718534,0.21172768878718534,0,570
1.418961,72,14165.767157,hard,0.4909610983981693,1.4909610983981694,1,720
0.30165,55,14184.70709,hard,0.3559496567505721,0.3559496567505721,0,543
0.161016,53,14203.560906,hard,0.21361556064073225,0.21361556064073225,0,526
0.083685,54,14222.538729,hard,0.1371853546910755,0.1371853546910755,0,535
0.196197,64,14246.977201,hard,0.2598970251716247,0.2598970251716247,0,637
0.03883,63,14269.447747,hard,0.10143020594965675,0.10143020594965675,0,626
0.123917,54,14288.970892,hard,0.17751716247139587,0.17751716247139587,0,536
0.19459,72,14315.103381,hard,0.2665903890160183,0.2665903890160183,0,720
0.317703,72,14339.450111,hard,0.3897025171624714,0.3897025171624714,0,720
0.212795,58,14359.830071,hard,0.27019450800915334,0.27019450800915334,0,574
0.202983,57,14380.012409,hard,0.2597826086956522,0.2597826086956522,0,568
0.28362,59,14401.272267,hard,0.3422196796338673,0.3422196796338673,0,586
0.134413,53,14419.277732,hard,0.1866132723112128,0.1866132723112128,0,522
0.193446,72,14445.379449,hard,0.2654462242562929,0.2654462242562929,0,720
0.284739,62,14465.693497,hard,0.3467391304347826,0.3467391304347826,0,620
0.364398,72,14490.072872,hard,0.43569794050343247,0.43569794050343247,0,713
0.229152,54,14508.775459,hard,0.2829519450800915,0.2829519450800915,0,538
0.187096,72,14533.601023,hard,0.25909610983981696,0.25909610983981696,0,720
1.425082,72,14558.444512,hard,0.4970823798627002,1.4970823798627002,1,720
0.281261,72,14583.345732,hard,0.3532608695652174,0.3532608695652174,0,720
0.160161,56,14603.933116,hard,0.21556064073226544,0.21556064073226544,0,554
0.216195,55,14622.067775,hard,0.2705949656750572,0.2705949656750572,0,544
0.222287,55,14640.311091,hard,0.276487414187643,0.276487414187643,0,542
0.082471,55,14658.901515,hard,0.13747139588100687,0.13747139588100687,0,550
0.143797,54,14677.029007,hard,0.19719679633867276,0.19719679633867276,0,534
0.245175,58,14696.098806,hard,0.30297482837528605,0.30297482837528605,0,578
0.118671,57,14716.010494,hard,0.17477116704805493,0.17477116704805493,0,561
0.170248,60,14737.980345,hard,0.2297482837528604,0.2297482837528604,0,595
0.2003,62,14759.815714,hard,0.26229977116704806,0.26229977116704806,0,620
0.220388,57,14781.999358,hard,0.2772883295194508,0.2772883295194508,0,569
0.194662,60,14802.817864,hard,0.2540617848970252,0.2540617848970252,0,594
0.213052,70,14827.657367,hard,0.2829519450800915,0.2829519450800915,0,699
0.204213,70,14852.866459,hard,0.27391304347826084,0.27391304347826084,0,697
0.084281,62,14873.736435,hard,0.14588100686498856,0.14588100686498856,0,616
0.248995,60,14894.194526,hard,0.30829519450800913,0.30829519450800913,0,593
0.336149,57,14913.375082,hard,0.39244851258581237,0.39244851258581237,0,563
1.475822,69,14936.304176,hard,0.5442219679633867,1.5442219679633866,1,684
0.090796,56,14956.598981,hard,0.14679633867276887,0.14679633867276887,0,560
0.174549,56,14975.144583,hard,0.2305491990846682,0.2305491990846682,0,560
0.156212,55,14994.54235,hard,0.21081235697940504,0.21081235697940504,0,546
0.147001,55,15013.877681,hard,0.20120137299771168,0.20120137299771168,0,542
0.222546,56,15033.062961,hard,0.27814645308924485,0.27814645308924485,0,556
0.154012,57,15053.501334,hard,0.21081235697940504,0.21081235697940504,0,568
1.459364,60,15074.920194,hard,0.5187643020594965,1.5187643020594965,1,594
0.188066,57,15095.184381,hard,0.24496567505720823,0.24496567505720823,0,569
0.223651,59,15115.605795,hard,0.28215102974828377,0.28215102974828377,0,585
0.068753,53,15136.120312,hard,0.12105263157894737,0.12105263157894737,0,523
0.176851,68,15158.958463,hard,0.2444508009153318,0.2444508009153318,0,676
0.050032,53,15176.955362,hard,0.10263157894736842,0.10263157894736842,0,526
0.206686,57,15196.096531,hard,0.2629862700228833,0.2629862700228833,0,563
0.169847,59,15215.49012,hard,0.22854691075514874,0.22854691075514874,0,587
0.210891,57,15234.814445,hard,0.2669908466819222,0.2669908466819222,0,561
0.170144,56,15253.698947,hard,0.2261441647597254,0.2261441647597254,0,560
0.091215,72,15279.558674,hard,0.16321510297482839,0.16321510297482839,0,720
0.237506,55,15298.89648,hard,0.2925057208237986,0.2925057208237986,0,550
0.171404,70,15325.654183,hard,0.24090389016018307,0.24090389016018307,0,695
0.12343,53,15344.539167,hard,0.17643020594965675,0.17643020594965675,0,530
0.222402,55,15363.551572,hard,0.27660183066361554,0.27660183066361554,0,542
0.040927,59,15383.210737,hard,0.09902745995423341,0.09902745995423341,0,581
0.175166,70,15407.063033,hard,0.24496567505720823,0.24496567505720823,0,698
0.17023,56,15426.797073,hard,0.22602974828375286,0.22602974828375286,0,558
0.134112,64,15449.309843,hard,0.1977116704805492,0.1977116704805492,0,636
0.150863,54,15468.04278,hard,0.20486270022883296,0.20486270022883296,0,540
0.241444,72,15494.897736,hard,0.31344393592677344,0.31344393592677344,0,720
0.144858,56,15513.972377,hard,0.20045766590389016,0.20045766590389016,0,556
0.060063,58,15534.328449,hard,0.1175629290617849,0.1175629290617849,0,575
0.058463,60,15554.610428,hard,0.11796338672768879,0.11796338672768879,0,595
0.12778,55,15573.618046,hard,0.18237986270022882,0.18237986270022882,0,546
1.425826,72,15598.719067,hard,0.49782608695652175,1.4978260869565219,1,720
0.104638,54,15618.129241,hard,0.15783752860411898,0.15783752860411898,0,532
0.127378,54,15636.892651,hard,0.18117848970251715,0.18117848970251715,0,538
0.040307,54,15656.771811,hard,0.0937070938215103,0.0937070938215103,0,534
0.0844,66,15681.328689,hard,0.15,0.15,0,656
0.154226,56,15700.440865,hard,0.2101258581235698,0.2101258581235698,0,559
0.087361,54,15718.787483,hard,0.14096109839816934,0.14096109839816934,0,536
0.125822,56,15738.070716,hard,0.1815217391304348,0.1815217391304348,0,557
0.112245,52,15755.367058,hard,0.16424485125858124,0.16424485125858124,0,520
0.06695,53,15773.496388,hard,0.11905034324942791,0.11905034324942791,0,521
0.08399,58,15793.641831,hard,0.1415903890160183,0.1415903890160183,0,576
0.083384,66,15817.022992,hard,0.14868421052631578,0.14868421052631578,0,653
0.283232,58,15837.265895,hard,0.34033180778032035,0.34033180778032035,0,571
0.140204,64,15862.216371,hard,0.20360411899313502,0.20360411899313502,0,634
2.475981,58,15882.658406,hard,0.5335812356979405,2.5335812356979406,2,576
0.392475,61,15903.300038,hard,0.452974828375286,0.452974828375286,0,605
0.144744,57,15924.316681,hard,0.2011441647597254,0.2011441647597254,0,564
0.194903,58,15945.099963,hard,0.25280320366132725,0.25280320366132725,0,579
0.019497,53,15964.340564,hard,0.07219679633867276,0.07219679633867276,0,527
0.140981,55,15984.086205,hard,0.19588100686498855,0.19588100686498855,0,549
0.30467,57,16003.406566,hard,0.3616704805491991,0.3616704805491991,0,570
0.166748,63,16025.597732,hard,0.22934782608695653,0.22934782608695653,0,626
0.183263,60,16048.552112,hard,0.2425629290617849,0.2425629290617849,0,593
0.260145,55,16067.87404,hard,0.3146453089244851,0.3146453089244851,0,545
0.287536,57,16087.109293,hard,0.34393592677345536,0.34393592677345536,0,564
0.236811,61,16108.464477,hard,0.29691075514874143,0.29691075514874143,0,601
0.38252,61,16130.579187,hard,0.4426201372997712,0.4426201372997712,0,601
0.083581,62,16152.546656,hard,0.14548054919908468,0.14548054919908468,0,619
0.151708,56,16172.745263,hard,0.20680778032036612,0.20680778032036612,0,551
0.199994,70,16197.842221,hard,0.26979405034324944,0.26979405034324944,0,698
0.243187,58,16222.562107,hard,0.3010869565217391,0.3010869565217391,0,579
1.329061,62,16247.750976,hard,0.39096109839816934,1.3909610983981693,1,619
0.228106,53,16269.014349,hard,0.28060640732265446,0.28060640732265446,0,525
0.136049,58,16292.344293,hard,0.19324942791762015,0.19324942791762015,0,572
0.221822,72,16321.822081,hard,0.2938215102974828,0.2938215102974828,0,720
1.374117,67,16349.563687,hard,0.44021739130434784,1.440217391304348,1,661
0.292654,67,16374.937762,hard,0.3595537757437071,0.3595537757437071,0,669
0.323278,58,16394.821337,hard,0.38077803203661326,0.38077803203661326,0,575
0.264957,72,16421.186051,hard,0.33695652173913043,0.33695652173913043,0,720
0.13435,72,16445.099333,hard,0.20635011441647597,0.20635011441647597,0,720
0.135551,72,16469.849393,hard,0.20755148741418764,0.20755148741418764,0,720
0.352916,62,16491.78249,hard,0.41441647597254005,0.41441647597254005,0,615
0.156957,56,16511.436704,hard,0.2123569794050343,0.2123569794050343,0,554
0.127827,59,16531.909168,hard,0.18632723112128147,0.18632723112128147,0,585
0.311638,72,16555.798262,hard,0.3836384439359268,0.3836384439359268,0,720
0.27673,62,16577.00386,hard,0.3383295194508009,0.3383295194508009,0,616
0.188973,62,16600.130346,hard,0.2509725400457666,0.2509725400457666,0,620
0.235883,62,16621.714398,hard,0.2974828375286041,0.2974828375286041,0,616
0.355759,59,16643.181998,hard,0.4143592677345538,0.4143592677345538,0,586
0.17715,55,16662.145131,hard,0.23135011441647596,0.23135011441647596,0,542
0.092029,59,16682.692097,hard,0.15022883295194508,0.15022883295194508,0,582
0.172636,59,16703.299939,hard,0.23123569794050344,0.23123569794050344,0,586
0.173716,53,16721.196014,hard,0.2267162471395881,0.2267162471395881,0,530
0.192853,54,16739.948048,hard,0.24605263157894736,0.24605263157894736,0,532
1.397851,72,16764.61865,hard,0.4698512585812357,1.4698512585812358,1,720
0.290189,63,16788.433359,hard,0.3526887871853547,0.3526887871853547,0,625
0.177937,55,16806.943485,hard,0.2324370709382151,0.2324370709382151,0,545
0.317645,72,16831.539875,hard,0.3896453089244851,0.3896453089244851,0,720
0.085673,54,16849.715312,hard,0.13907322654462242,0.13907322654462242,0,534
0.257286,56,16868.412961,hard,0.3125858123569794,0.3125858123569794,0,553
0.241897,68,16891.206438,hard,0.3094965675057208,0.3094965675057208,0,676
0.30455,65,16912.908493,hard,0.3690503432494279,0.3690503432494279,0,645
0.180254,55,16931.61414,hard,0.234954233409611,0.234954233409611,0,547
0.109925,63,16954.472494,hard,0.17202517162471395,0.17202517162471395,0,621
0.095516,57,16974.054092,hard,0.1517162471395881,0.1517162471395881,0,562
0.15682,61,16995.262866,hard,0.21762013729977117,0.21762013729977117,0,608
0.273565,58,17014.5746,hard,0.33146453089244854,0.33146453089244854,0,579
0.22657,72,17039.043442,hard,0.29856979405034323,0.29856979405034323,0,720
0.182598,54,17057.628626,hard,0.2360983981693364,0.2360983981693364,0,535
0.170444,56,17076.340381,hard,0.2261441647597254,0.2261441647597254,0,557
1.365127,72,17100.664687,hard,0.43632723112128147,1.4363272311212816,1,712
0.10443,72,17127.034715,hard,0.17643020594965675,0.17643020594965675,0,720
0.108843,54,17146.954085,hard,0.1626430205949657,0.1626430205949657,0,538
0.140595,55,17166.845998,hard,0.1951945080091533,0.1951945080091533,0,546
2.495061,59,17187.838639,hard,0.5532608695652174,2.5532608695652175,2,582
1.299796,72,17213.072463,hard,0.3717963386727689,1.371796338672769,1,720
1.290371,72,17238.380105,hard,0.362070938215103,1.362070938215103,1,717
0.173438,60,17259.076483,hard,0.23323798627002287,0.23323798627002287,0,598
0.329746,61,17279.818965,hard,0.3904462242562929,0.3904462242562929,0,607
0.256601,57,17298.610476,hard,0.3135011441647597,0.3135011441647597,0,569
0.260406,58,17320.054527,hard,0.31750572082379863,0.31750572082379863,0,571
0.161618,54,17338.07473,hard,0.2156178489702517,0.2156178489702517,0,540
0.225609,57,17356.945071,hard,0.2826086956521739,0.2826086956521739,0,570
0.197695,61,17377.205678,hard,0.25829519450800914,0.25829519450800914,0,606
0.081684,67,17399.578337,hard,0.14868421052631578,0.14868421052631578,0,670
0.180755,55,17417.715164,hard,0.23535469107551488,0.23535469107551488,0,546
0.154711,55,17436.312186,hard,0.20921052631578949,0.20921052631578949,0,545
0.182972,68,17459.037642,hard,0.2501716247139588,0.2501716247139588,0,672
0.16098,60,17481.511068,hard,0.22008009153318078,0.22008009153318078,0,591
0.2178,58,17501.862385,hard,0.275,0.275,0,572
0.169539,65,17523.912464,hard,0.23403890160183066,0.23403890160183066,0,645
0.141086,60,17543.992387,hard,0.20068649885583523,0.20068649885583523,0,596
1.338526,72,17568.156034,hard,0.4105263157894737,1.4105263157894736,1,720
0.056442,55,17586.82547,hard,0.111441647597254,0.111441647597254,0,550
0.107127,67,17609.664908,hard,0.17322654462242562,0.17322654462242562,0,661
0.150723,57,17628.739645,hard,0.20772311212814645,0.20772311212814645,0,570
1.322559,67,17651.80792,hard,0.3889588100686499,1.3889588100686499,1,664
0.24429,60,17674.666405,hard,0.30348970251716245,0.30348970251716245,0,592
0.255775,60,17696.047632,hard,0.31567505720823796,0.31567505720823796,0,599
0.216356,58,17716.057768,hard,0.2738558352402746,0.2738558352402746,0,575
0.087891,55,17735.899103,hard,0.1423913043478261,0.1423913043478261,0,545
0.097802,55,17755.363795,hard,0.15200228832951945,0.15200228832951945,0,542
0.140894,54,17774.782523,hard,0.19439359267734554,0.19439359267734554,0,535
0.203284,58,17795.118838,hard,0.26098398169336384,0.26098398169336384,0,577
2.494934,72,17819.826302,hard,0.566933638443936,2.566933638443936,2,720
0.142096,55,17841.014194,hard,0.19679633867276888,0.19679633867276888,0,547
0.132283,53,17859.723308,hard,0.18478260869565216,0.18478260869565216,0,525
0.048114,52,17877.797163,hard,0.10011441647597254,0.10011441647597254,0,520
0.165545,61,17898.032047,hard,0.22654462242562928,0.22654462242562928,0,610
0.138334,54,17916.882507,hard,0.19193363844393593,0.19193363844393593,0,536
1.388414,62,17939.246794,hard,0.44971395881006865,1.4497139588100687,1,613
0.305117,72,17965.481408,hard,0.377116704805492,0.377116704805492,0,720
0.210609,72,17989.641693,hard,0.2826086956521739,0.2826086956521739,0,720
0.156418,60,18010.804721,hard,0.2160183066361556,0.2160183066361556,0,596
0.148004,56,18032.424161,hard,0.20360411899313502,0.20360411899313502,0,556
0.248798,63,18054.39818,hard,0.3110983981693364,0.3110983981693364,0,623
1.427382,57,18074.094175,hard,0.4843821510297483,1.4843821510297484,1,570
0.070277,72,18099.75434,hard,0.14227688787185355,0.14227688787185355,0,720
0.072961,56,18119.277276,hard,0.12866132723112128,0.12866132723112128,0,557
0.069275,72,18143.840701,hard,0.14067505720823797,0.14067505720823797,0,714
0.147886,53,18161.235307,hard,0.20068649885583523,0.20068649885583523,0,528
0.100712,72,18185.318878,hard,0.1727116704805492,0.1727116704805492,0,720
0.143539,54,18205.289159,hard,0.1967391304347826,0.1967391304347826,0,532
0.166139,56,18224.674033,hard,0.22133867276887872,0.22133867276887872,0,552
0.095151,63,18246.295701,hard,0.15755148741418765,0.15755148741418765,0,624
0.06904,54,18265.013832,hard,0.12254004576659039,0.12254004576659039,0,535
0.288854,58,18286.116674,hard,0.34685354691075515,0.34685354691075515,0,580
0.152532,63,18308.027982,hard,0.21533180778032038,0.21533180778032038,0,628
0.144001,57,18327.473069,hard,0.20080091533180777,0.20080091533180777,0,568
0.169828,55,18347.195759,hard,0.2248283752860412,0.2248283752860412,0,550
0.170128,55,18366.810067,hard,0.2244279176201373,0.2244279176201373,0,543
0.122345,68,18391.92333,hard,0.1896453089244851,0.1896453089244851,0,673
0.155311,55,18411.193936,hard,0.21001144164759725,0.21001144164759725,0,547
0.213496,58,18431.260067,hard,0.271395881006865,0.271395881006865,0,579
0.154212,57,18451.387098,hard,0.21041189931350116,0.21041189931350116,0,562
0.183059,57,18472.134917,hard,0.23935926773455377,0.23935926773455377,0,563
0.188069,72,18497.134954,hard,0.26006864988558354,0.26006864988558354,0,720
0.294257,69,18520.936956,hard,0.3623569794050343,0.3623569794050343,0,681
0.194884,66,18543.669949,hard,0.26058352402745993,0.26058352402745993,0,657
0.167869,56,18565.260412,hard,0.22316933638443937,0.22316933638443937,0,553
0.226252,57,18585.05624,hard,0.2829519450800915,0.2829519450800915,0,567
0.082986,55,18604.885494,hard,0.1379862700228833,0.1379862700228833,0,550
0.188166,58,18625.617647,hard,0.24536613272311214,0.24536613272311214,0,572
0.264458,61,18647.775245,hard,0.32545766590389014,0.32545766590389014,0,610
0.241192,64,18670.791167,hard,0.30509153318077803,0.30509153318077803,0,639
0.288355,72,18695.671733,hard,0.3603546910755149,0.3603546910755149,0,720
0.251197,59,18716.310802,hard,0.3098970251716247,0.3098970251716247,0,587
0.248593,58,18736.916888,hard,0.3062929061784897,0.3062929061784897,0,577
0.187446,53,18757.964369,hard,0.240045766590389,0.240045766590389,0,526
0.231572,57,18777.682111,hard,0.28827231121281466,0.28827231121281466,0,567
0.33887,72,18802.560532,hard,0.4108695652173913,0.4108695652173913,0,720
0.259904,56,18821.287705,hard,0.31590389016018305,0.31590389016018305,0,560
0.318257,57,18840.616071,hard,0.3750572082379863,0.3750572082379863,0,568
0.296559,68,18863.982443,hard,0.3643592677345538,0.3643592677345538,0,678
0.141026,57,18883.406338,hard,0.19782608695652174,0.19782608695652174,0,568
0.19548,63,18905.794151,hard,0.25778032036613274,0.25778032036613274,0,623
0.183927,53,18926.170851,hard,0.23632723112128146,0.23632723112128146,0,524
0.112554,72,18952.128689,hard,0.1845537757437071,0.1845537757437071,0,720
0.040929,72,18977.576877,hard,0.11292906178489702,0.11292906178489702,0,720
1.213665,69,19001.711478,hard,0.2818649885583524,1.2818649885583524,1,682
0.356942,68,19025.229453,hard,0.42414187643020596,0.42414187643020596,0,672
0.152233,65,19048.671573,hard,0.21653318077803205,0.21653318077803205,0,643
0.120664,60,19069.710724,hard,0.18066361556064073,0.18066361556064073,0,600
0.216196,56,19089.520295,hard,0.271395881006865,0.271395881006865,0,552
0.056126,55,19110.570802,hard,0.11052631578947368,0.11052631578947368,0,544
0.238323,58,19131.414855,hard,0.2954233409610984,0.2954233409610984,0,571
0.201279,68,19155.695024,hard,0.26887871853546913,0.26887871853546913,0,676
0.26713,72,19181.494026,hard,0.3391304347826087,0.3391304347826087,0,720
0.201562,53,19200.118031,hard,0.25446224256292904,0.25446224256292904,0,529
0.192158,59,19220.898112,hard,0.2504576659038902,0.2504576659038902,0,583
0.091983,56,19240.56431,hard,0.1474828375286041,0.1474828375286041,0,555
0.112883,72,19265.981768,hard,0.18478260869565216,0.18478260869565216,0,719
0.136583,62,19290.429786,hard,0.197883295194508,0.197883295194508,0,613
0.092619,62,19312.442533,hard,0.15371853546910755,0.15371853546910755,0,611
0.247172,53,19330.802855,hard,0.3001716247139588,0.3001716247139588,0,530
0.239041,72,19356.802019,hard,0.3110411899313501,0.3110411899313501,0,720
0.179244,60,19376.733318,hard,0.23884439359267734,0.23884439359267734,0,596
0.104983,55,19396.699353,hard,0.15978260869565217,0.15978260869565217,0,548
0.144018,72,19422.615233,hard,0.2160183066361556,0.2160183066361556,0,720
0.067261,61,19444.079176,hard,0.1282608695652174,0.1282608695652174,0,610
0.147517,55,19464.185802,hard,0.202116704805492,0.202116704805492,0,546
0.143555,55,19485.342084,hard,0.19805491990846683,0.19805491990846683,0,545
0.189772,61,19506.647888,hard,0.2501716247139588,0.2501716247139588,0,604
0.216101,72,19532.195852,hard,0.28810068649885584,0.28810068649885584,0,720
0.118411,54,19550.470156,hard,0.1719107551487414,0.1719107551487414,0,535
0.276426,59,19572.076397,hard,0.3351258581235698,0.3351258581235698,0,587
0.203983,56,19593.022808,hard,0.2597826086956522,0.2597826086956522,0,558
0.284795,62,19615.253613,hard,0.3459954233409611,0.3459954233409611,0,612
0.226599,60,19636.517826,hard,0.28649885583524026,0.28649885583524026,0,599
0.184898,64,19661.176014,hard,0.24799771167048054,0.24799771167048054,0,631
0.046229,54,19680.64345,hard,0.10022883295194508,0.10022883295194508,0,540
0.149477,68,19704.806513,hard,0.21727688787185354,0.21727688787185354,0,678
0.249408,70,19729.604743,hard,0.3191075514874142,0.3191075514874142,0,697
0.091679,53,19748.924425,hard,0.144279176201373,0.144279176201373,0,526
0.032222,62,19770.949362,hard,0.09382151029748284,0.09382151029748284,0,616
0.222265,60,19791.931051,hard,0.2822654462242563,0.2822654462242563,0,600
0.265467,56,19812.33579,hard,0.3211670480549199,0.3211670480549199,0,557
0.24992,56,19832.31271,hard,0.3053203661327231,0.3053203661327231,0,554
0.109801,54,19852.92331,hard,0.16350114416475972,0.16350114416475972,0,537
0.209888,55,19872.202334,hard,0.26418764302059494,0.26418764302059494,0,543
0.21694,56,19891.17086,hard,0.2725400457665904,0.2725400457665904,0,556
0.252196,57,19911.396676,hard,0.30909610983981695,0.30909610983981695,0,569
0.105195,54,19931.826305,hard,0.15829519450800916,0.15829519450800916,0,531
0.111663,56,19951.057532,hard,0.1675629290617849,0.1675629290617849,0,559
0.313126,60,19972.279076,hard,0.37282608695652175,0.37282608695652175,0,597
2.454843,58,19992.838744,hard,0.5126430205949657,2.5126430205949655,2,578
0.184064,72,20018.933916,hard,0.2560640732265446,0.2560640732265446,0,720
0.160858,53,20040.239824,hard,0.21355835240274598,0.21355835240274598,0,527
0.157013,55,20059.185906,hard,0.21161327231121282,0.21161327231121282,0,546
0.223852,60,20079.943345,hard,0.2829519450800915,0.2829519450800915,0,591
0.227894,55,20099.236645,hard,0.2820938215102975,0.2820938215102975,0,542
0.199091,69,20124.56392,hard,0.2673913043478261,0.2673913043478261,0,683
0.155914,57,20144.591568,hard,0.21241418764302059,0.21241418764302059,0,565
0.248797,62,20166.692372,hard,0.3098970251716247,0.3098970251716247,0,611
0.206089,72,20192.466604,hard,0.2780892448512586,0.2780892448512586,0,720
0.108215,55,20213.761476,hard,0.16321510297482839,0.16321510297482839,0,550
0.330784,56,20232.783351,hard,0.38638443935926775,0.38638443935926775,0,556
0.152623,55,20252.540306,hard,0.20732265446224257,0.20732265446224257,0,547
0.134343,54,20272.036232,hard,0.18804347826086956,0.18804347826086956,0,537
0.170145,57,20292.141243,hard,0.2269450800915332,0.2269450800915332,0,568
0.082098,67,20316.577062,hard,0.14839816933638444,0.14839816933638444,0,663
0.239592,66,20341.064601,hard,0.30509153318077803,0.30509153318077803,0,655
0.159321,59,20362.947705,hard,0.21802059496567505,0.21802059496567505,0,587
0.147624,61,20384.427527,hard,0.20852402745995424,0.20852402745995424,0,609
0.254597,55,20405.774979,hard,0.3094965675057208,0.3094965675057208,0,549
0.266244,60,20427.061346,hard,0.3261441647597254,0.3261441647597254,0,599
0.159817,56,20447.633687,hard,0.21521739130434783,0.21521739130434783,0,554
0.301501,62,20469.500172,hard,0.36310068649885585,0.36310068649885585,0,616
0.300192,56,20490.045916,hard,0.35589244851258584,0.35589244851258584,0,557
0.123877,56,20510.377483,hard,0.1795766590389016,0.1795766590389016,0,557
0.254989,61,20531.402785,hard,0.3157894736842105,0.3157894736842105,0,608
0.114327,72,20556.971702,hard,0.18632723112128147,0.18632723112128147,0,720
0.190151,55,20578.19532,hard,0.2444508009153318,0.2444508009153318,0,543
1.423023,72,20603.23242,hard,0.4950228832951945,1.4950228832951944,1,720
0.204486,59,20623.686167,hard,0.2629862700228833,0.2629862700228833,0,585
0.219045,58,20643.117834,hard,0.27654462242562927,0.27654462242562927,0,575
0.049216,53,20661.738393,hard,0.1013157894736842,0.1013157894736842,0,521
0.066054,57,20681.716036,hard,0.12225400457665904,0.12225400457665904,0,562
0.21039,57,20701.153559,hard,0.2665903890160183,0.2665903890160183,0,562
1.443582,54,20719.655726,hard,0.49668192219679635,1.4966819221967964,1,531
0.265052,56,20739.18531,hard,0.3202517162471396,0.3202517162471396,0,552
0.223235,58,20760.77537,hard,0.28043478260869564,0.28043478260869564,0,572
0.141899,57,20780.898252,hard,0.19879862700228834,0.19879862700228834,0,569
0.172565,72,20805.763299,hard,0.24456521739130435,0.24456521739130435,0,720
0.192068,55,20824.923471,hard,0.2469679633867277,0.2469679633867277,0,549
0.208887,55,20844.277377,hard,0.2633867276887872,0.2633867276887872,0,545
0.163355,72,20870.205539,hard,0.23535469107551488,0.23535469107551488,0,720
0.115595,55,20889.661429,hard,0.17059496567505722,0.17059496567505722,0,550
0.167039,55,20908.399316,hard,0.22133867276887872,0.22133867276887872,0,543
1.473137,72,20934.123739,hard,0.5451372997711671,1.545137299771167,1,720
2.493503,72,20958.359462,hard,0.5655034324942791,2.565503432494279,2,720
0.21597,58,20977.769832,hard,0.27356979405034326,0.27356979405034326,0,576
0.219383,54,20996.41328,hard,0.272883295194508,0.272883295194508,0,535
0.255187,59,21016.788125,hard,0.3137871853546911,0.3137871853546911,0,586
0.12964,56,21036.216405,hard,0.18524027459954234,0.18524027459954234,0,556
0.14481,64,21057.189236,hard,0.2084096109839817,0.2084096109839817,0,636
2.45832,72,21081.934391,hard,0.5303203661327232,2.530320366132723,2,720
0.194669,54,21100.156054,hard,0.24776887871853548,0.24776887871853548,0,531
0.125924,58,21122.498172,hard,0.18352402745995422,0.18352402745995422,0,576
0.201965,55,21141.958423,hard,0.2568649885583524,0.2568649885583524,0,549
0.247774,55,21161.42726,hard,0.30217391304347824,0.30217391304347824,0,544
0.077579,55,21180.489349,hard,0.13197940503432495,0.13197940503432495,0,544
0.090278,54,21199.554428,hard,0.14347826086956522,0.14347826086956522,0,532
0.140096,57,21219.716498,hard,0.19679633867276888,0.19679633867276888,0,567
2.452522,67,21243.251792,hard,0.5188215102974828,2.518821510297483,2,663
0.176754,58,21263.145343,hard,0.2345537757437071,0.2345537757437071,0,578
0.130082,55,21281.49387,hard,0.18438215102974828,0.18438215102974828,0,543
0.165543,60,21304.035595,hard,0.2253432494279176,0.2253432494279176,0,598
0.280671,57,21323.654773,hard,0.3374713958810069,0.3374713958810069,0,568
0.243828,56,21343.337931,hard,0.2994279176201373,0.2994279176201373,0,556
0.283231,57,21363.441162,hard,0.3399313501144165,0.3399313501144165,0,567
0.092071,58,21384.645559,hard,0.14937070938215102,0.14937070938215102,0,573
0.278722,66,21407.494761,hard,0.3442219679633867,0.3442219679633867,0,655
0.229554,55,21426.16954,hard,0.2845537757437071,0.2845537757437071,0,550
0.121466,62,21446.991041,hard,0.1826659038901602,0.1826659038901602,0,612
0.094868,53,21463.689075,hard,0.14696796338672768,0.14696796338672768,0,521
0.182941,53,21484.049111,hard,0.2356407322654462,0.2356407322654462,0,527
0.227707,54,21502.482793,hard,0.28100686498855837,0.28100686498855837,0,533
0.11291,59,21522.999143,hard,0.17110983981693365,0.17110983981693365,0,582
0.119114,56,21542.28263,hard,0.17471395881006865,0.17471395881006865,0,556
0.124854,72,21567.178232,hard,0.19685354691075516,0.19685354691075516,0,720
0.170844,56,21586.014007,hard,0.2261441647597254,0.2261441647597254,0,553
0.042526,55,21605.061012,hard,0.09742562929061785,0.09742562929061785,0,549
0.251334,54,21622.773088,hard,0.30503432494279176,0.30503432494279176,0,537
0.174682,72,21649.443833,hard,0.24668192219679633,0.24668192219679633,0,720
0.180355,55,21668.597531,hard,0.23535469107551488,0.23535469107551488,0,550
0.201284,72,21693.553747,hard,0.2732837528604119,0.2732837528604119,0,720
0.314785,72,21718.323698,hard,0.3867848970251716,0.3867848970251716,0,720
0.303801,60,21738.867258,hard,0.3635011441647597,0.3635011441647597,0,597
0.139793,55,21757.738564,hard,0.19399313501144164,0.19399313501144164,0,542
0.159038,62,21779.129303,hard,0.22053775743707094,0.22053775743707094,0,615
0.15893,55,21797.358452,hard,0.2137299771167048,0.2137299771167048,0,548
0.353197,58,21816.672694,hard,0.4102974828375286,0.4102974828375286,0,571
0.182645,57,21838.200505,hard,0.23924485125858125,0.23924485125858125,0,566
0.192251,53,21856.42215,hard,0.2448512585812357,0.2448512585812357,0,526
0.060847,56,21875.345713,hard,0.11624713958810069,0.11624713958810069,0,554
0.187413,62,21897.272137,hard,0.24851258581235697,0.24851258581235697,0,611
0.261189,54,21915.478317,hard,0.31498855835240275,0.31498855835240275,0,538
0.139696,58,21935.099221,hard,0.19679633867276888,0.19679633867276888,0,571
0.146421,72,21961.193954,hard,0.21842105263157896,0.21842105263157896,0,720
0.132385,55,21979.917487,hard,0.18678489702517162,0.18678489702517162,0,544
2.50935,72,22007.824802,hard,0.581350114416476,2.581350114416476,2,720
0.34419,72,22031.772568,hard,0.4161899313501144,0.4161899313501144,0,720
0.223449,70,22055.627013,hard,0.29324942791762015,0.29324942791762015,0,698
0.094199,55,22074.56085,hard,0.14919908466819223,0.14919908466819223,0,550
0.107542,55,22092.361604,hard,0.1618421052631579,0.1618421052631579,0,543
0.220283,53,22110.463953,hard,0.272883295194508,0.272883295194508,0,526
0.074659,52,22128.240234,hard,0.12665903890160182,0.12665903890160182,0,520
0.131984,54,22146.346384,hard,0.18598398169336383,0.18598398169336383,0,540
0.146915,66,22168.505708,hard,0.2128146453089245,0.2128146453089245,0,659
0.285154,62,22191.055192,hard,0.34685354691075515,0.34685354691075515,0,617
0.179656,57,22210.285443,hard,0.23615560640732267,0.23615560640732267,0,565
0.06887,55,22227.366133,hard,0.12356979405034325,0.12356979405034325,0,547
0.23538,72,22250.73079,hard,0.3073798627002288,0.3073798627002288,0,720
0.384461,57,22268.445471,hard,0.4405606407322655,0.4405606407322655,0,561
1.353587,60,22288.003039,hard,0.4133867276887872,1.4133867276887873,1,598
0.224711,60,22307.175472,hard,0.2846109839816934,0.2846109839816934,0,599
0.234735,58,22326.63893,hard,0.2927345537757437,0.2927345537757437,0,580
0.18556,55,22348.875683,hard,0.24016018306636155,0.24016018306636155,0,546
0.308716,56,22369.016515,hard,0.36441647597254007,0.36441647597254007,0,557
0.244772,56,22388.47713,hard,0.3001716247139588,0.3001716247139588,0,554
0.326889,64,22409.730484,hard,0.3907894736842105,0.3907894736842105,0,639
0.188048,54,22428.123961,hard,0.2416475972540046,0.2416475972540046,0,536
1.39951,72,22451.198177,hard,0.4715102974828375,1.4715102974828376,1,720
0.170955,65,22472.108839,hard,0.23575514874141876,0.23575514874141876,0,648
0.245476,59,22491.521272,hard,0.3037757437070938,0.3037757437070938,0,583
0.244996,65,22516.019872,hard,0.30909610983981695,0.30909610983981695,0,641
0.220348,59,22539.607929,hard,0.2793478260869565,0.2793478260869565,0,590
0.203583,57,22559.550154,hard,0.2601830663615561,0.2601830663615561,0,566
2.477142,72,22584.978947,hard,0.549141876430206,2.549141876430206,2,720
0.064663,53,22603.20822,hard,0.1175629290617849,0.1175629290617849,0,529
2.523023,72,22628.318619,hard,0.5950228832951945,2.5950228832951945,2,720
0.251097,59,22649.60137,hard,0.3098970251716247,0.3098970251716247,0,588
2.505576,61,22670.121149,hard,0.5660755148741419,2.566075514874142,2,605
0.358322,62,22692.405049,hard,0.41962242562929064,0.41962242562929064,0,613
0.177726,58,22714.704906,hard,0.2351258581235698,0.2351258581235698,0,574
0.218141,55,22734.130296,hard,0.27294050343249426,0.27294050343249426,0,548
0.187765,57,22753.396694,hard,0.24416475972540047,0.24416475972540047,0,564
0.086163,57,22772.731626,hard,0.1425629290617849,0.1425629290617849,0,564
0.15131,58,22794.608579,hard,0.20881006864988558,0.20881006864988558,0,575
0.173554,61,22816.676167,hard,0.2345537757437071,0.2345537757437071,0,610
0.330303,61,22838.476225,hard,0.39050343249427916,0.39050343249427916,0,602
0.237325,60,22859.908234,hard,0.29662471395881007,0.29662471395881007,0,593
0.251194,56,22880.470521,hard,0.30709382151029746,0.30709382151029746,0,559
0.050652,70,22905.498149,hard,0.12065217391304348,0.12065217391304348,0,700
0.065968,56,22923.755753,hard,0.1215675057208238,0.1215675057208238,0,556
0.131084,55,22941.743212,hard,0.18598398169336383,0.18598398169336383,0,549
2.468973,57,22959.101305,hard,0.5259725400457665,2.5259725400457667,2,570
0.220611,64,22980.296009,hard,0.2846109839816934,0.2846109839816934,0,640
0.156914,56,22999.297626,hard,0.21241418764302059,0.21241418764302059,0,555
0.269133,72,23023.120075,hard,0.34113272311212817,0.34113272311212817,0,720
0.144015,57,23042.803082,hard,0.20091533180778032,0.20091533180778032,0,569
0.205283,55,23064.001791,hard,0.2601830663615561,0.2601830663615561,0,549
0.109269,64,23085.052192,hard,0.17316933638443935,0.17316933638443935,0,639
0.200597,72,23107.711274,hard,0.2725972540045767,0.2725972540045767,0,720
0.087359,52,23124.491127,hard,0.1393592677345538,0.1393592677345538,0,520
0.188765,56,23142.197881,hard,0.24456521739130435,0.24456521739130435,0,558
0.172388,55,23159.907954,hard,0.2272883295194508,0.2272883295194508,0,549
0.285337,60,23178.841634,hard,0.345137299771167,0.345137299771167,0,598
0.177752,56,23197.476163,hard,0.23295194508009154,0.23295194508009154,0,552
0.319456,55,23215.073442,hard,0.3738558352402746,0.3738558352402746,0,544
0.158443,67,23238.297009,hard,0.22494279176201373,0.22494279176201373,0,665
2.439318,64,23259.12492,hard,0.5033180778032037,2.5033180778032036,2,640
0.254039,55,23277.180488,hard,0.3090389016018307,0.3090389016018307,0,550
0.144195,52,23293.733315,hard,0.19559496567505721,0.19559496567505721,0,514
0.141399,58,23312.042128,hard,0.19919908466819222,0.19919908466819222,0,578
0.154123,66,23332.996124,hard,0.2200228832951945,0.2200228832951945,0,659
0.220804,58,23351.138738,hard,0.27860411899313503,0.27860411899313503,0,578
0.075655,60,23370.481498,hard,0.13535469107551487,0.13535469107551487,0,597
0.124332,54,23387.8207,hard,0.17763157894736842,0.17763157894736842,0,533
0.213554,59,23408.650378,hard,0.27225400457665905,0.27225400457665905,0,587
0.225933,66,23430.221022,hard,0.29153318077803203,0.29153318077803203,0,656
0.2007,62,23451.883279,hard,0.26270022883295197,0.26270022883295197,0,620
0.177155,59,23471.122998,hard,0.23575514874141876,0.23575514874141876,0,586
0.096701,55,23489.556442,hard,0.15080091533180778,0.15080091533180778,0,541
0.24563,56,23507.92548,hard,0.30143020594965675,0.30143020594965675,0,558
0.338043,63,23527.932907,hard,0.4003432494279176,0.4003432494279176,0,623
0.148925,61,23547.608019,hard,0.2097254004576659,0.2097254004576659,0,608
0.166424,55,23568.45358,hard,0.2208237986270023,0.2208237986270023,0,544
0.225697,60,23587.368513,hard,0.2852974828375286,0.2852974828375286,0,596
0.064449,53,23605.31688,hard,0.11744851258581236,0.11744851258581236,0,530
0.157973,57,23625.253753,hard,0.21407322654462244,0.21407322654462244,0,561
0.123459,54,23644.300456,hard,0.17705949656750572,0.17705949656750572,0,536
0.217073,72,23669.028773,hard,0.2890732265446224,0.2890732265446224,0,720
0.153306,52,23687.156342,hard,0.20520594965675057,0.20520594965675057,0,519
0.192314,58,23707.069514,hard,0.25011441647597255,0.25011441647597255,0,578
0.070544,56,23726.47859,hard,0.12574370709382152,0.12574370709382152,0,552
0.315551,54,23749.050603,hard,0.36945080091533183,0.36945080091533183,0,539
0.209752,61,23770.715161,hard,0.27065217391304347,0.27065217391304347,0,609
0.05252,53,23788.843628,hard,0.10491990846681923,0.10491990846681923,0,524
0.251291,54,23807.790872,hard,0.3046910755148741,0.3046910755148741,0,534
0.148902,53,23825.792826,hard,0.20160183066361556,0.20160183066361556,0,527
0.201422,56,23845.405607,hard,0.25692219679633865,0.25692219679633865,0,555
0.224592,57,23865.111106,hard,0.2808924485125858,0.2808924485125858,0,563
0.155412,56,23885.901269,hard,0.21081235697940504,0.21081235697940504,0,554
0.196373,55,23905.82514,hard,0.2513729977116705,0.2513729977116705,0,550
0.16068,59,23928.574092,hard,0.21967963386727687,0.21967963386727687,0,590
0.116423,54,23949.511255,hard,0.17002288329519452,0.17002288329519452,0,536
0.153225,57,23973.326592,hard,0.2097254004576659,0.2097254004576659,0,565
0.195273,57,23993.741727,hard,0.2517734553775744,0.2517734553775744,0,565
0.24868,59,24014.394228,hard,0.3073798627002288,0.3073798627002288,0,587
0.402646,63,24036.018703,hard,0.4654462242562929,0.4654462242562929,0,628
0.168326,55,24055.000318,hard,0.22282608695652173,0.22282608695652173,0,545
0.063534,54,24073.870575,hard,0.11733409610983982,0.11733409610983982,0,538
0.141841,57,24093.459245,hard,0.19794050343249428,0.19794050343249428,0,561
0.173881,72,24119.979832,hard,0.24588100686498857,0.24588100686498857,0,720
0.178053,56,24140.054092,hard,0.23375286041189933,0.23375286041189933,0,557
0.264006,54,24159.336615,hard,0.31790617848970254,0.31790617848970254,0,539
0.249292,69,24182.986805,hard,0.31819221967963385,0.31819221967963385,0,689
0.219139,65,24205.308427,hard,0.28403890160183065,0.28403890160183065,0,649
0.261948,55,24224.791873,hard,0.3166475972540046,0.3166475972540046,0,547
0.093708,64,24248.594116,hard,0.15720823798627,0.15720823798627,0,635
1.411486,64,24270.819382,hard,0.47528604118993134,1.4752860411899313,1,638
0.224927,62,24295.162314,hard,0.28632723112128144,0.28632723112128144,0,614
0.148001,54,24313.988621,hard,0.20120137299771168,0.20120137299771168,0,532
0.257003,59,24333.95868,hard,0.3155034324942792,0.3155034324942792,0,585
0.062144,52,24352.039646,hard,0.11384439359267734,0.11384439359267734,0,517
0.246873,55,24370.715562,hard,0.3017734553775744,0.3017734553775744,0,549
0.09158,54,24389.937699,hard,0.14508009153318077,0.14508009153318077,0,535
0.235687,66,24412.343995,hard,0.301487414187643,0.301487414187643,0,658
0.15913,55,24431.04095,hard,0.2137299771167048,0.2137299771167048,0,546
0.245256,54,24450.156014,hard,0.2992562929061785,0.2992562929061785,0,540
0.138895,58,24470.539358,hard,0.1959954233409611,0.1959954233409611,0,571
0.174856,62,24494.955669,hard,0.23615560640732267,0.23615560640732267,0,613
0.272432,68,24518.828419,hard,0.34033180778032035,0.34033180778032035,0,679
0.165078,54,24537.403315,hard,0.2184782608695652,0.2184782608695652,0,534
0.200922,56,24557.390191,hard,0.2565217391304348,0.2565217391304348,0,556
0.156022,64,24579.321285,hard,0.21922196796338672,0.21922196796338672,0,632
0.1276,72,24605.08678,hard,0.1995995423340961,0.1995995423340961,0,720
0.271859,56,24626.37039,hard,0.3270594965675057,0.3270594965675057,0,552
0.096684,52,24645.918446,hard,0.14868421052631578,0.14868421052631578,0,520
0.067452,54,24667.258157,hard,0.12065217391304348,0.12065217391304348,0,532
0.286076,55,24687.064618,hard,0.3410755148741419,0.3410755148741419,0,550
0.155024,54,24706.550059,hard,0.20892448512585812,0.20892448512585812,0,539
0.15092,55,24726.183401,hard,0.20532036613272311,0.20532036613272311,0,544
0.168843,57,24746.562684,hard,0.2253432494279176,0.2253432494279176,0,565
0.120934,60,24768.591105,hard,0.18003432494279176,0.18003432494279176,0,591
0.101213,60,24790.187185,hard,0.16121281464530893,0.16121281464530893,0,600
0.123484,63,24812.60671,hard,0.18638443935926774,0.18638443935926774,0,629
0.16464,58,24833.660537,hard,0.2225400457665904,0.2225400457665904,0,579
0.318973,57,24855.730725,hard,0.3759725400457666,0.3759725400457666,0,570
0.269821,61,24877.621864,hard,0.330720823798627,0.330720823798627,0,609
0.207632,58,24899.08537,hard,0.26533180778032034,0.26533180778032034,0,577
0.096486,54,24917.814054,hard,0.15028604118993136,0.15028604118993136,0,538
0.273605,57,24938.316394,hard,0.3298054919908467,0.3298054919908467,0,562
0.254698,57,24958.865036,hard,0.3110983981693364,0.3110983981693364,0,564
0.062268,60,24980.857294,hard,0.12196796338672769,0.12196796338672769,0,597
0.422953,62,25003.393301,hard,0.4841533180778032,0.4841533180778032,0,612
0.167825,55,25023.654048,hard,0.22202517162471397,0.22202517162471397,0,542
0.241164,53,25044.335344,hard,0.29376430205949655,0.29376430205949655,0,526
0.053038,56,25064.715779,hard,0.10863844393592677,0.10863844393592677,0,556
0.087175,54,25084.850058,hard,0.14067505720823797,0.14067505720823797,0,535
0.356313,56,25104.327694,hard,0.4116132723112128,0.4116132723112128,0,553
0.152808,55,25124.365789,hard,0.20720823798627003,0.20720823798627003,0,544
0.05197,72,25148.650089,hard,0.12397025171624713,0.12397025171624713,0,720
0.306344,58,25168.975243,hard,0.36384439359267734,0.36384439359267734,0,575
0.193412,55,25187.955468,hard,0.2477116704805492,0.2477116704805492,0,543
0.105411,55,25207.903713,hard,0.15961098398169338,0.15961098398169338,0,542
0.155911,55,25230.216887,hard,0.21001144164759725,0.21001144164759725,0,541
0.280223,66,25253.107409,hard,0.3454233409610984,0.3454233409610984,0,652
2.600911,72,25278.091956,hard,0.6723112128146453,2.6723112128146456,2,714
0.383403,57,25298.945914,hard,0.4397025171624714,0.4397025171624714,0,563
0.296132,57,25320.15434,hard,0.3530320366132723,0.3530320366132723,0,569
2.540738,68,25344.914371,hard,0.6086384439359268,2.6086384439359267,2,679
0.174551,58,25366.01896,hard,0.23215102974828375,0.23215102974828375,0,576
0.102915,60,25387.350482,hard,0.16281464530892448,0.16281464530892448,0,599
0.25338,54,25408.307316,hard,0.3073798627002288,0.3073798627002288,0,540
0.072578,58,25428.965359,hard,0.13037757437070938,0.13037757437070938,0,578
0.199414,63,25450.736499,hard,0.2624141876430206,0.2624141876430206,0,630
0.252888,62,25473.161476,hard,0.314187643020595,0.314187643020595,0,613
0.187036,58,25493.969873,hard,0.24433638443935926,0.24433638443935926,0,573
0.256211,66,25518.030507,hard,0.3219107551487414,0.3219107551487414,0,657
0.251239,59,25539.467916,hard,0.3094393592677345,0.3094393592677345,0,582
0.239723,56,25559.958629,hard,0.2950228832951945,0.2950228832951945,0,553
0.149948,55,25579.995602,hard,0.20434782608695654,0.20434782608695654,0,544
0.086979,57,25602.222209,hard,0.1438787185354691,0.1438787185354691,0,569
0.206604,72,25627.916132,hard,0.27860411899313503,0.27860411899313503,0,720
0.276164,55,25648.098627,hard,0.33106407322654463,0.33106407322654463,0,549
0.003981,55,25668.203,hard,0.058581235697940506,0.058581235697940506,0,546
0.121432,57,25688.240198,hard,0.1780320366132723,0.1780320366132723,0,566
0.17735,54,25707.976184,hard,0.23135011441647596,0.23135011441647596,0,540
0.170827,53,25727.621003,hard,0.22362700228832952,0.22362700228832952,0,528
0.126877,54,25746.283278,hard,0.17997711670480548,0.17997711670480548,0,531
0.417247,62,25768.529996,hard,0.47854691075514877,0.47854691075514877,0,613
2.510182,62,25791.809925,hard,0.5720823798627003,2.5720823798627004,2,619
0.229931,72,25818.825683,hard,0.30183066361556066,0.30183066361556066,0,719
0.152592,53,25838.148078,hard,0.20509153318077802,0.20509153318077802,0,525
0.291043,72,25863.154057,hard,0.3630434782608696,0.3630434782608696,0,720
0.361738,59,25882.937379,hard,0.42053775743707095,0.42053775743707095,0,588
0.229857,58,25903.986914,hard,0.2877574370709382,0.2877574370709382,0,579
0.124934,55,25924.409848,hard,0.17963386727688788,0.17963386727688788,0,547
0.132749,60,25945.810576,hard,0.19244851258581236,0.19244851258581236,0,597
0.071475,57,25967.304703,hard,0.12797482837528604,0.12797482837528604,0,565
0.137796,59,25988.341999,hard,0.19679633867276888,0.19679633867276888,0,590
0.339322,68,26013.377405,hard,0.40652173913043477,0.40652173913043477,0,672
0.147843,53,26032.518565,hard,0.19994279176201374,0.19994279176201374,0,521
0.136105,69,26057.423103,hard,0.20440503432494278,0.20440503432494278,0,683
0.089579,55,26077.773984,hard,0.1438787185354691,0.1438787185354691,0,543
0.283158,68,26102.467178,hard,0.35085812356979407,0.35085812356979407,0,677
0.064635,54,26122.454441,hard,0.11853546910755149,0.11853546910755149,0,539
0.261764,70,26150.072126,hard,0.33106407322654463,0.33106407322654463,0,693
0.292842,57,26170.683872,hard,0.34914187643020594,0.34914187643020594,0,563
0.069454,54,26190.623404,hard,0.12265446224256293,0.12265446224256293,0,532
0.225894,57,26211.558082,hard,0.28249427917620135,0.28249427917620135,0,566
0.169627,54,26232.338284,hard,0.22362700228832952,0.22362700228832952,0,540
0.226454,59,26253.573365,hard,0.2845537757437071,0.2845537757437071,0,581
0.31036,55,26273.663486,hard,0.36516018306636155,0.36516018306636155,0,548
0.146822,72,26299.355938,hard,0.21882151029748284,0.21882151029748284,0,720
0.089865,55,26318.968079,hard,0.14416475972540047,0.14416475972540047,0,543
0.168627,56,26341.497504,hard,0.2240274599542334,0.2240274599542334,0,554
0.095286,56,26362.351277,hard,0.15068649885583524,0.15068649885583524,0,554
0.194189,59,26383.729626,hard,0.2526887871853547,0.2526887871853547,0,585
0.1432,57,26404.597985,hard,0.1995995423340961,0.1995995423340961,0,564
0.166724,55,26424.374543,hard,0.2208237986270023,0.2208237986270023,0,541
0.206795,64,26448.263396,hard,0.2705949656750572,0.2705949656750572,0,638
0.233803,56,26468.447048,hard,0.2897025171624714,0.2897025171624714,0,559
0.067483,68,26493.006757,hard,0.13518306636155605,0.13518306636155605,0,677
0.264209,57,26514.044714,hard,0.32070938215102973,0.32070938215102973,0,565
0.236327,62,26538.25756,hard,0.29822654462242565,0.29822654462242565,0,619
1.345792,72,26565.372784,hard,0.41779176201373,1.41779176201373,1,720
0.052036,55,26585.077597,hard,0.10623569794050343,0.10623569794050343,0,542
0.257359,57,26605.631191,hard,0.3139588100686499,0.3139588100686499,0,566
0.049632,53,26624.673369,hard,0.10263157894736842,0.10263157894736842,0,530
0.156512,54,26644.332479,hard,0.21041189931350116,0.21041189931350116,0,539
0.191866,54,26663.299662,hard,0.24496567505720823,0.24496567505720823,0,531
0.161516,53,26683.294158,hard,0.21441647597254004,0.21441647597254004,0,529
0.136575,55,26703.876677,hard,0.190675057208238,0.190675057208238,0,541
0.205689,60,26727.825439,hard,0.2653890160183066,0.2653890160183066,0,597
0.31236,53,26747.005803,hard,0.36516018306636155,0.36516018306636155,0,528
0.2498,63,26769.507797,hard,0.31270022883295195,0.31270022883295195,0,629
0.16372,67,26793.405209,hard,0.2303203661327231,0.2303203661327231,0,666
0.053422,54,26812.712067,hard,0.10652173913043478,0.10652173913043478,0,531
1.557634,72,26837.886315,hard,0.6296338672768879,1.6296338672768877,1,720
0.246628,54,26858.234637,hard,0.29982837528604117,0.29982837528604117,0,532
0.302871,60,26880.232177,hard,0.362070938215103,0.362070938215103,0,592
0.092079,52,26900.730094,hard,0.1438787185354691,0.1438787185354691,0,518
0.274726,61,26923.202315,hard,0.3355263157894737,0.3355263157894737,0,608
2.555389,60,26945.662001,hard,0.6153890160183066,2.6153890160183066,2,600
0.278094,67,26969.657284,hard,0.34439359267734554,0.34439359267734554,0,663
0.160332,56,26989.772357,hard,0.21573226544622426,0.21573226544622426,0,554
0.032314,56,27009.585903,hard,0.0874141876430206,0.0874141876430206,0,551
0.227462,65,27033.181331,hard,0.2917620137299771,0.2917620137299771,0,643
0.209533,57,27054.041972,hard,0.26613272311212816,0.26613272311212816,0,566
0.270213,54,27074.006521,hard,0.323512585812357,0.323512585812357,0,533
0.214945,62,27098.718627,hard,0.2769450800915332,0.2769450800915332,0,620
0.126236,68,27122.613423,hard,0.19393592677345536,0.19393592677345536,0,677
0.153723,54,27142.094129,hard,0.20772311212814645,0.20772311212814645,0,540
0.219198,55,27162.067302,hard,0.27339816933638444,0.27339816933638444,0,542
0.199678,57,27181.834587,hard,0.25577803203661326,0.25577803203661326,0,561
0.122275,56,27201.059759,hard,0.17797482837528605,0.17797482837528605,0,557
0.34324,55,27220.904459,hard,0.3975400457665904,0.3975400457665904,0,543
0.341272,72,27247.23251,hard,0.41327231121281466,0.41327231121281466,0,720
0.129279,53,27267.363991,hard,0.18197940503432494,0.18197940503432494,0,527
0.179758,59,27290.666102,hard,0.2381578947368421,0.2381578947368421,0,584
0.297867,61,27312.680398,hard,0.35846681922196794,0.35846681922196794,0,606
2.638469,72,27338.362234,hard,0.7104691075514874,2.7104691075514875,2,720
0.128458,72,27363.453871,hard,0.20045766590389016,0.20045766590389016,0,720
0.090678,53,27382.570234,hard,0.14347826086956522,0.14347826086956522,0,528
0.247836,59,27404.251549,hard,0.3062356979405034,0.3062356979405034,0,584
0.277726,58,27425.77876,hard,0.3355263157894737,0.3355263157894737,0,578
0.189568,57,27446.022998,hard,0.2465675057208238,0.2465675057208238,0,570
0.136009,72,27473.278292,hard,0.20800915331807782,0.20800915331807782,0,720
0.205002,72,27499.65881,hard,0.27700228832951945,0.27700228832951945,0,720
0.140738,56,27519.54126,hard,0.19593821510297482,0.19593821510297482,0,552
0.227148,53,27539.441356,hard,0.2797482837528604,0.2797482837528604,0,526
0.224281,72,27565.788192,hard,0.29628146453089244,0.29628146453089244,0,720
0.123024,61,27587.644873,hard,0.18312356979405034,0.18312356979405034,0,601
0.178341,58,27608.425413,hard,0.2356407322654462,0.2356407322654462,0,573
0.300071,62,27633.235429,hard,0.362070938215103,0.362070938215103,0,620
0.121974,56,27658.452972,hard,0.17757437070938215,0.17757437070938215,0,556
0.179539,55,27678.829799,hard,0.23443935926773454,0.23443935926773454,0,549
0.297832,56,27698.28687,hard,0.3530320366132723,0.3530320366132723,0,552
0.260761,55,27717.357168,hard,0.3155606407322655,0.3155606407322655,0,548
0.187861,54,27736.444403,hard,0.24096109839816934,0.24096109839816934,0,531
0.098251,60,27757.584055,hard,0.15755148741418765,0.15755148741418765,0,593
0.305297,55,27777.173428,hard,0.3598970251716247,0.3598970251716247,0,546
0.194484,54,27795.4099,hard,0.2482837528604119,0.2482837528604119,0,538
0.138076,53,27813.697829,hard,0.19107551487414187,0.19107551487414187,0,530
0.378,72,27841.869802,hard,0.45,0.45,0,720
0.161575,55,27861.437089,hard,0.21567505720823799,0.21567505720823799,0,541
0.149523,59,27881.837946,hard,0.20772311212814645,0.20772311212814645,0,582
0.101647,53,27900.201328,hard,0.15394736842105264,0.15394736842105264,0,523
0.336392,57,27921.146209,hard,0.39319221967963386,0.39319221967963386,0,568
0.074568,72,27947.390873,hard,0.1465675057208238,0.1465675057208238,0,720
0.227655,59,27968.506115,hard,0.2857551487414188,0.2857551487414188,0,581
0.259065,61,27990.001383,hard,0.31956521739130433,0.31956521739130433,0,605
0.30218,68,28013.986848,hard,0.36967963386727687,0.36967963386727687,0,675
0.070799,54,28034.473453,hard,0.12419908466819223,0.12419908466819223,0,534
0.157004,59,28054.755148,hard,0.21590389016018308,0.21590389016018308,0,589
0.177138,57,28074.635597,hard,0.23323798627002287,0.23323798627002287,0,561
0.176238,57,28095.469992,hard,0.23323798627002287,0.23323798627002287,0,570
0.173742,63,28117.922767,hard,0.236441647597254,0.236441647597254,0,627
2.451261,65,28140.968108,hard,0.5155606407322655,2.5155606407322653,2,643
0.226209,57,28161.717017,hard,0.2826086956521739,0.2826086956521739,0,564
0.104511,56,28182.469996,hard,0.16001144164759726,0.16001144164759726,0,555
0.104799,58,28205.029019,hard,0.16189931350114417,0.16189931350114417,0,571
0.290635,53,28224.722674,hard,0.3427345537757437,0.3427345537757437,0,521
0.240184,72,28251.598376,hard,0.31138443935926774,0.31138443935926774,0,712
0.267103,61,28273.206842,hard,0.32780320366132726,0.32780320366132726,0,607
0.123374,55,28293.494834,hard,0.17757437070938215,0.17757437070938215,0,542
0.377657,72,28318.907664,hard,0.4496567505720824,0.4496567505720824,0,720
0.096495,62,28340.800122,hard,0.15829519450800916,0.15829519450800916,0,618
0.212392,56,28361.011552,hard,0.26779176201372995,0.26779176201372995,0,554
0.115051,55,28380.60319,hard,0.1694508009153318,0.1694508009153318,0,544
0.322993,59,28403.212622,hard,0.3816933638443936,0.3816933638443936,0,587
0.187865,57,28423.826725,hard,0.24456521739130435,0.24456521739130435,0,567
0.26411,57,28444.660175,hard,0.32110983981693364,0.32110983981693364,0,570
0.234612,64,28467.438995,hard,0.2981121281464531,0.2981121281464531,0,635
0.295258,68,28492.11488,hard,0.3631578947368421,0.3631578947368421,0,679
0.15932,58,28513.102957,hard,0.21721967963386726,0.21721967963386726,0,579
0.161229,64,28536.773833,hard,0.22522883295194507,0.22522883295194507,0,640
0.150907,56,28556.235416,hard,0.20640732265446224,0.20640732265446224,0,555
0.131367,53,28577.505356,hard,0.18346681922196797,0.18346681922196797,0,521
0.23156,59,28599.197398,hard,0.29016018306636154,0.29016018306636154,0,586
0.149661,54,28617.659324,hard,0.20326086956521738,0.20326086956521738,0,536
0.163627,61,28639.659642,hard,0.2240274599542334,0.2240274599542334,0,604
0.150805,54,28659.25289,hard,0.20440503432494278,0.20440503432494278,0,536
0.11771,54,28679.475046,hard,0.17151029748283753,0.17151029748283753,0,538
0.234178,72,28706.133106,hard,0.30617848970251715,0.30617848970251715,0,720
0.372504,69,28730.94161,hard,0.44090389016018305,0.44090389016018305,0,684
0.211337,59,28752.741011,hard,0.26973684210526316,0.26973684210526316,0,584
0.177249,53,28774.422328,hard,0.2301487414187643,0.2301487414187643,0,529
0.138023,70,28799.574114,hard,0.20772311212814645,0.20772311212814645,0,697
0.044234,61,28822.168513,hard,0.10463386727688787,0.10463386727688787,0,604
0.220106,61,28844.55763,hard,0.28060640732265446,0.28060640732265446,0,605
0.126924,57,28865.275345,hard,0.18352402745995422,0.18352402745995422,0,566
0.292703,72,28891.506596,hard,0.3647025171624714,0.3647025171624714,0,720
0.180942,56,28911.363715,hard,0.23684210526315788,0.23684210526315788,0,559
0.048767,72,28937.398713,hard,0.12076659038901602,0.12076659038901602,0,720
0.201665,55,28959.396146,hard,0.25646453089244853,0.25646453089244853,0,548
0.241242,58,28980.769241,hard,0.29914187643020596,0.29914187643020596,0,579
0.148104,56,29001.004024,hard,0.20360411899313502,0.20360411899313502,0,555
0.176896,58,29022.785969,hard,0.23409610983981693,0.23409610983981693,0,572
0.341006,65,29046.179853,hard,0.40560640732265446,0.40560640732265446,0,646
0.208488,56,29066.915391,hard,0.26418764302059494,0.26418764302059494,0,557
0.136987,52,29085.449253,hard,0.1883867276887872,0.1883867276887872,0,514
0.258699,53,29104.754146,hard,0.3114988558352403,0.3114988558352403,0,528
0.185244,54,29124.620889,hard,0.23844393592677346,0.23844393592677346,0,532
0.150426,72,29153.27376,hard,0.22242562929061785,0.22242562929061785,0,720
0.131883,53,29171.86872,hard,0.18478260869565216,0.18478260869565216,0,529
0.129939,55,29192.149204,hard,0.18403890160183067,0.18403890160183067,0,541
0.338231,64,29215.625203,hard,0.40183066361556063,0.40183066361556063,0,636
0.104856,57,29236.750878,hard,0.16115560640732265,0.16115560640732265,0,563
0.111982,72,29262.071232,hard,0.1839816933638444,0.1839816933638444,0,720
0.156698,54,29282.271096,hard,0.2106979405034325,0.2106979405034325,0,540
0.111825,60,29304.62489,hard,0.17162471395881007,0.17162471395881007,0,598
0.250179,57,29325.94158,hard,0.30657894736842106,0.30657894736842106,0,564
0.042223,54,29347.492595,hard,0.0954233409610984,0.0954233409610984,0,532
0.153473,61,29369.917776,hard,0.21367276887871853,0.21367276887871853,0,602
0.237368,60,29392.450791,hard,0.2969679633867277,0.2969679633867277,0,596
0.216242,59,29414.183844,hard,0.27454233409610984,0.27454233409610984,0,583
0.246593,72,29440.077083,hard,0.31859267734553776,0.31859267734553776,0,720
0.138436,56,29461.117107,hard,0.19393592677345536,0.19393592677345536,0,555
0.161816,53,29480.921881,hard,0.21441647597254004,0.21441647597254004,0,526
0.086798,62,29503.638011,hard,0.14799771167048054,0.14799771167048054,0,612
0.218372,57,29525.730022,hard,0.2751716247139588,0.2751716247139588,0,568
0.178451,54,29545.365527,hard,0.23215102974828375,0.23215102974828375,0,537
0.122565,72,29571.782188,hard,0.19456521739130433,0.19456521739130433,0,720
0.222271,53,29591.63825,hard,0.274370709382151,0.274370709382151,0,521
0.203181,56,29611.545078,hard,0.2585812356979405,0.2585812356979405,0,554
0.237022,58,29633.208384,hard,0.29462242562929064,0.29462242562929064,0,576
0.232312,54,29653.444158,hard,0.28581235697940505,0.28581235697940505,0,535
0.285858,65,29677.619638,hard,0.35085812356979407,0.35085812356979407,0,650
0.216595,55,29697.931977,hard,0.2709954233409611,0.2709954233409611,0,544
1.289052,57,29720.719706,hard,0.3456521739130435,1.3456521739130434,1,566
0.249076,55,29740.79671,hard,0.3037757437070938,0.3037757437070938,0,547
0.198176,56,29760.820887,hard,0.25417620137299773,0.25417620137299773,0,560
0.119727,54,29779.871096,hard,0.17322654462242562,0.17322654462242562,0,535
0.279769,56,29800.061885,hard,0.3354691075514874,0.3354691075514874,0,557
0.148904,55,29820.268091,hard,0.2032036613272311,0.2032036613272311,0,543
0.187187,52,29839.744101,hard,0.23878718535469107,0.23878718535469107,0,516
0.159751,72,29865.933808,hard,0.23175057208237987,0.23175057208237987,0,720
0.318518,60,29888.475242,hard,0.37831807780320365,0.37831807780320365,0,598
1.420316,56,29910.259571,hard,0.4763157894736842,1.4763157894736842,1,560
0.199993,57,29931.70565,hard,0.2562929061784897,0.2562929061784897,0,563
0.382233,72,29957.113853,hard,0.45423340961098396,0.45423340961098396,0,720
0.156611,53,29977.005674,hard,0.20961098398169337,0.20961098398169337,0,530
0.183861,57,29998.635738,hard,0.24056064073226543,0.24056064073226543,0,567
0.209717,68,30023.884153,hard,0.277116704805492,0.277116704805492,0,674
0.2456,67,30047.931908,hard,0.31229977116704805,0.31229977116704805,0,667
0.246394,62,30071.314775,hard,0.30749427917620137,0.30749427917620137,0,611
0.182657,55,30093.324106,hard,0.23735697940503434,0.23735697940503434,0,547
0.246887,55,30113.728114,hard,0.3010869565217391,0.3010869565217391,0,542
0.180497,55,30132.973485,hard,0.2352974828375286,0.2352974828375286,0,548
0.119109,52,30152.511645,hard,0.17070938215102974,0.17070938215102974,0,516
0.14927,62,30174.921688,hard,0.2108695652173913,0.2108695652173913,0,616
0.366959,72,30201.741297,hard,0.4389588100686499,0.4389588100686499,0,720
0.132529,55,30222.066937,hard,0.18752860411899314,0.18752860411899314,0,550
0.286269,62,30244.419899,hard,0.34816933638443937,0.34816933638443937,0,619
0.112068,61,30267.256003,hard,0.1723684210526316,0.1723684210526316,0,603
0.341364,65,30292.903862,hard,0.40566361556064073,0.40566361556064073,0,643
0.31859,60,30315.24274,hard,0.37848970251716246,0.37848970251716246,0,599
0.260953,61,30338.529079,hard,0.3214530892448513,0.3214530892448513,0,605
0.060662,57,30360.386732,hard,0.11716247139588101,0.11716247139588101,0,565
0.361422,59,30383.153967,hard,0.41962242562929064,0.41962242562929064,0,582
0.204126,57,30404.516124,hard,0.26052631578947366,0.26052631578947366,0,564
0.141052,55,30424.625114,hard,0.19525171624713958,0.19525171624713958,0,542
0.087516,52,30443.678432,hard,0.13901601830663615,0.13901601830663615,0,515
0.126034,54,30462.940777,hard,0.18003432494279176,0.18003432494279176,0,540
0.160716,54,30484.420371,hard,0.21401601830663616,0.21401601830663616,0,533
0.2425,70,30511.136002,hard,0.31229977116704805,0.31229977116704805,0,698
0.267778,63,30534.894485,hard,0.33077803203661327,0.33077803203661327,0,630
0.243847,72,30561.758396,hard,0.3158466819221968,0.3158466819221968,0,720
0.240109,56,30582.315532,hard,0.29530892448512586,0.29530892448512586,0,552
0.097411,63,30604.642536,hard,0.15961098398169338,0.15961098398169338,0,622
0.313381,58,30625.596088,hard,0.3704805491990847,0.3704805491990847,0,571
0.091896,55,30645.880416,hard,0.14679633867276887,0.14679633867276887,0,549
0.204333,62,30670.032002,hard,0.26613272311212816,0.26613272311212816,0,618
0.29775,72,30696.300609,hard,0.3690503432494279,0.3690503432494279,0,713
0.079767,54,30716.187271,hard,0.13346681922196796,0.13346681922196796,0,537
0.119861,59,30737.377369,hard,0.17866132723112127,0.17866132723112127,0,588
0.369086,57,30758.197767,hard,0.42568649885583526,0.42568649885583526,0,566
0.16502,53,30777.71972,hard,0.21721967963386726,0.21721967963386726,0,522
0.370817,57,30799.285194,hard,0.42711670480549196,0.42711670480549196,0,563
0.108915,55,30818.672991,hard,0.16321510297482839,0.16321510297482839,0,543
0.216781,55,30838.100557,hard,0.27088100686498856,0.27088100686498856,0,541
0.192109,54,30859.596988,hard,0.24570938215102975,0.24570938215102975,0,536
0.219828,68,30884.2692,hard,0.28712814645308926,0.28712814645308926,0,673
0.350025,72,30910.60487,hard,0.422025171624714,0.422025171624714,0,720
0.15833,55,30930.911489,hard,0.21332951945080092,0.21332951945080092,0,550
0.124031,54,30950.267179,hard,0.17723112128146454,0.17723112128146454,0,532
0.202223,56,30970.54402,hard,0.25732265446224256,0.25732265446224256,0,551
2.456164,63,30993.070536,hard,0.5187643020594965,2.5187643020594965,2,626
0.118069,55,31013.536438,hard,0.17276887871853547,0.17276887871853547,0,547
0.246131,56,31034.063808,hard,0.30183066361556066,0.30183066361556066,0,557
0.170128,55,31055.822139,hard,0.2244279176201373,0.2244279176201373,0,543
0.212805,54,31075.233464,hard,0.2667048054919908,0.2667048054919908,0,539
2.530401,58,31096.654211,hard,0.5881006864988558,2.588100686498856,2,577
0.185185,64,31120.587109,hard,0.24908466819221967,0.24908466819221967,0,639
0.147222,60,31142.6514,hard,0.20692219679633866,0.20692219679633866,0,597
0.135993,58,31163.320837,hard,0.19399313501144164,0.19399313501144164,0,580
0.166501,72,31189.767426,hard,0.23850114416475973,0.23850114416475973,0,720
2.544121,62,31212.067655,hard,0.6061212814645309,2.6061212814645307,2,620
0.165949,53,31233.75292,hard,0.21824942791762014,0.21824942791762014,0,523
0.217844,59,31255.398537,hard,0.2761441647597254,0.2761441647597254,0,583
0.263189,53,31275.86606,hard,0.31538901601830666,0.31538901601830666,0,522
0.312222,57,31296.997438,hard,0.36882151029748284,0.36882151029748284,0,566
2.463178,68,31321.420775,hard,0.5307780320366132,2.530778032036613,2,676
0.143504,60,31343.210598,hard,0.2032036613272311,0.2032036613272311,0,597
0.413891,66,31367.786444,hard,0.47929061784897026,0.47929061784897026,0,654
0.120899,53,31386.562674,hard,0.17379862700228832,0.17379862700228832,0,529
0.316052,55,31405.949697,hard,0.3706521739130435,0.3706521739130435,0,546
0.21485,55,31428.121265,hard,0.2690503432494279,0.2690503432494279,0,542
0.336061,68,31453.134205,hard,0.4036613272311213,0.4036613272311213,0,676
0.423795,60,31475.041338,hard,0.4832951945080092,0.4832951945080092,0,595
0.206084,55,31495.522729,hard,0.26098398169336384,0.26098398169336384,0,549
0.230718,61,31517.577886,hard,0.29101830663615563,0.29101830663615563,0,603
0.093997,54,31537.542679,hard,0.14759725400457666,0.14759725400457666,0,536
0.103053,56,31558.415565,hard,0.15875286041189932,0.15875286041189932,0,557
0.181555,54,31578.563627,hard,0.23535469107551488,0.23535469107551488,0,538
0.186059,54,31598.178406,hard,0.23935926773455377,0.23935926773455377,0,533
2.439044,63,31623.184974,hard,0.5011441647597255,2.5011441647597255,2,621
0.07828,55,31643.383938,hard,0.13237986270022883,0.13237986270022883,0,541
0.294304,72,31669.384523,hard,0.36630434782608695,0.36630434782608695,0,720
0.241112,57,31689.335388,hard,0.2981121281464531,0.2981121281464531,0,570
0.196358,55,31709.240306,hard,0.25085812356979403,0.25085812356979403,0,545
0.27202,58,31730.338535,hard,0.32991990846681923,0.32991990846681923,0,579
0.149808,58,31752.27432,hard,0.20720823798627003,0.20720823798627003,0,574
0.097186,53,31771.480869,hard,0.14988558352402745,0.14988558352402745,0,527
0.316711,56,31791.417284,hard,0.37191075514874145,0.37191075514874145,0,552
0.179398,57,31813.967915,hard,0.2360983981693364,0.2360983981693364,0,567
0.108886,55,31833.892488,hard,0.1629862700228833,0.1629862700228833,0,541
0.255008,65,31856.993593,hard,0.31950800915331806,0.31950800915331806,0,645
0.241083,57,31877.706229,hard,0.2974828375286041,0.2974828375286041,0,564
0.041607,53,31897.256601,hard,0.0937070938215103,0.0937070938215103,0,521
0.217302,72,31923.370228,hard,0.2893020594965675,0.2893020594965675,0,720
0.100853,58,31944.799298,hard,0.15875286041189932,0.15875286041189932,0,579
0.207533,59,31966.105252,hard,0.26613272311212816,0.26613272311212816,0,586
0.360639,61,31989.657899,hard,0.4213386727688787,0.4213386727688787,0,607
0.295548,60,32011.533329,hard,0.35474828375286044,0.35474828375286044,0,592
0.222904,56,32031.029161,hard,0.27860411899313503,0.27860411899313503,0,557
0.257996,64,32054.480991,hard,0.32179633867276886,0.32179633867276886,0,638
0.126685,61,32078.105021,hard,0.18718535469107553,0.18718535469107553,0,605
0.140196,57,32099.392157,hard,0.19679633867276888,0.19679633867276888,0,566
0.182143,56,32118.322547,hard,0.23764302059496567,0.23764302059496567,0,555
2.578286,72,32144.62517,hard,0.6502860411899314,2.6502860411899314,2,720
0.142358,59,32166.279801,hard,0.20085812356979404,0.20085812356979404,0,585
0.388469,72,32195.281882,hard,0.4604691075514874,0.4604691075514874,0,720
2.482112,66,32219.434438,hard,0.548112128146453,2.548112128146453,2,660
0.045534,60,32241.363968,hard,0.10463386727688787,0.10463386727688787,0,591
1.378594,54,32261.534105,hard,0.43209382151029746,1.4320938215102974,1,535
0.23632,57,32282.258078,hard,0.29262013729977115,0.29262013729977115,0,563
0.282452,63,32304.898348,hard,0.3452517162471396,0.3452517162471396,0,628
0.170546,58,32326.335337,hard,0.22774599542334095,0.22774599542334095,0,572
0.284031,56,32346.853691,hard,0.3399313501144165,0.3399313501144165,0,559
0.214555,59,32369.956333,hard,0.2730549199084668,0.2730549199084668,0,585
0.402323,55,32389.648087,hard,0.4573226544622426,0.4573226544622426,0,550
0.134146,57,32410.935683,hard,0.1904462242562929,0.1904462242562929,0,563
0.169829,56,32430.846333,hard,0.22522883295194507,0.22522883295194507,0,554
0.372165,72,32457.403506,hard,0.4441647597254005,0.4441647597254005,0,720
0.20518,53,32477.012547,hard,0.25778032036613274,0.25778032036613274,0,526
0.173387,54,32496.461255,hard,0.226487414187643,0.226487414187643,0,531
0.298747,55,32516.677434,hard,0.35354691075514877,0.35354691075514877,0,548
0.231325,66,32540.413728,hard,0.297025171624714,0.297025171624714,0,657
1.432997,65,32566.206682,hard,0.49719679633867275,1.4971967963386728,1,642
0.383407,60,32588.74722,hard,0.4433066361556064,0.4433066361556064,0,599
0.238665,56,32609.532199,hard,0.29416475972540046,0.29416475972540046,0,555
0.298343,52,32629.094115,hard,0.3499427917620137,0.3499427917620137,0,516
0.286738,72,32655.459205,hard,0.35863844393592675,0.35863844393592675,0,719
0.107157,56,32675.290659,hard,0.16235697940503432,0.16235697940503432,0,552
0.051936,55,32695.863279,hard,0.10663615560640732,0.10663615560640732,0,547
0.172346,56,32716.164543,hard,0.22774599542334095,0.22774599542334095,0,554
0.161318,55,32736.23554,hard,0.2156178489702517,0.2156178489702517,0,543
1.311386,64,32761.378747,hard,0.37488558352402745,1.3748855835240275,1,635
0.259701,54,32781.755018,hard,0.31310068649885586,0.31310068649885586,0,534
1.407405,72,32808.160855,hard,0.4794050343249428,1.4794050343249427,1,720
0.147902,55,32828.029025,hard,0.20200228832951944,0.20200228832951944,0,541
0.159245,68,32853.785707,hard,0.2269450800915332,0.2269450800915332,0,677
0.153723,54,32873.393556,hard,0.20732265446224257,0.20732265446224257,0,536
0.292302,72,32898.930093,hard,0.3643020594965675,0.3643020594965675,0,720
2.684422,60,32921.271478,hard,0.7438215102974829,2.743821510297483,2,594
0.019397,54,32942.768318,hard,0.07259725400457666,0.07259725400457666,0,532
0.1747,63,32965.211229,hard,0.23729977116704806,0.23729977116704806,0,626
0.243757,57,32986.574935,hard,0.30005720823798626,0.30005720823798626,0,563
0.242645,72,33013.833113,hard,0.3146453089244851,0.3146453089244851,0,720
0.204686,58,33035.361507,hard,0.2625858123569794,0.2625858123569794,0,579
0.27122,59,33057.268082,hard,0.32991990846681923,0.32991990846681923,0,587
0.167426,55,33076.592755,hard,0.22242562929061785,0.22242562929061785,0,550
0.145702,56,33097.020919,hard,0.20160183066361556,0.20160183066361556,0,559
0.211009,72,33125.215298,hard,0.2830091533180778,0.2830091533180778,0,720
0.167442,58,33147.207982,hard,0.22454233409610985,0.22454233409610985,0,571
0.092598,56,33168.284924,hard,0.14799771167048054,0.14799771167048054,0,554
0.366786,59,33189.631449,hard,0.42568649885583526,0.42568649885583526,0,589
0.210918,55,33209.670261,hard,0.2656178489702517,0.2656178489702517,0,547
0.147543,53,33228.684447,hard,0.19994279176201374,0.19994279176201374,0,524
0.308558,55,33248.253758,hard,0.3631578947368421,0.3631578947368421,0,546
0.103229,72,33274.457515,hard,0.17522883295194508,0.17522883295194508,0,720
0.159313,53,33294.010156,hard,0.21161327231121282,0.21161327231121282,0,523
0.076478,55,33315.706299,hard,0.13077803203661328,0.13077803203661328,0,543
2.494302,58,33336.79138,hard,0.5520022883295195,2.5520022883295193,2,577
2.483392,60,33359.124157,hard,0.5431922196796338,2.543192219679634,2,598
0.106497,54,33379.568765,hard,0.1602974828375286,0.1602974828375286,0,538
0.273964,57,33400.127412,hard,0.3306636155606407,0.3306636155606407,0,567
0.364438,57,33420.955526,hard,0.42093821510297486,0.42093821510297486,0,565
0.098474,55,33442.075505,hard,0.15257437070938215,0.15257437070938215,0,541
0.269298,54,33461.167663,hard,0.3229977116704805,0.3229977116704805,0,537
0.146119,59,33482.61549,hard,0.20451945080091533,0.20451945080091533,0,584
0.144819,60,33505.983454,hard,0.20411899313501145,0.20411899313501145,0,593
0.260204,56,33527.177045,hard,0.31590389016018305,0.31590389016018305,0,557
0.101105,54,33546.765624,hard,0.15480549199084667,0.15480549199084667,0,537
0.098789,55,33566.613253,hard,0.15308924485125858,0.15308924485125858,0,543
0.13799,54,33585.902038,hard,0.1915903890160183,0.1915903890160183,0,536
0.134455,64,33609.20619,hard,0.1984553775743707,0.1984553775743707,0,640
0.099974,53,33628.711878,hard,0.15257437070938215,0.15257437070938215,0,526
0.276412,60,33651.17068,hard,0.33581235697940504,0.33581235697940504,0,594
0.296095,63,33674.734277,hard,0.3582951945080092,0.3582951945080092,0,622
0.298348,57,33697.858672,hard,0.35474828375286044,0.35474828375286044,0,564
0.169249,62,33721.499538,hard,0.2305491990846682,0.2305491990846682,0,613
0.188372,62,33744.219926,hard,0.2501716247139588,0.2501716247139588,0,618
0.333406,72,33770.445574,hard,0.40520594965675055,0.40520594965675055,0,718
0.246386,55,33790.855965,hard,0.30068649885583526,0.30068649885583526,0,543
0.173767,72,33817.510162,hard,0.24576659038901602,0.24576659038901602,0,720
0.053538,55,33837.985761,hard,0.10823798627002289,0.10823798627002289,0,547
0.202866,56,33857.066036,hard,0.25806636155606405,0.25806636155606405,0,552
0.172132,56,33879.205326,hard,0.22763157894736843,0.22763157894736843,0,555
0.068139,54,33899.653919,hard,0.12133867276887872,0.12133867276887872,0,532
0.140094,55,33920.112159,hard,0.19479405034324943,0.19479405034324943,0,547
0.168389,60,33941.652586,hard,0.2280892448512586,0.2280892448512586,0,597
0.220563,72,33967.341886,hard,0.2925629290617849,0.2925629290617849,0,720
0.068954,54,33987.501663,hard,0.12265446224256293,0.12265446224256293,0,537
0.157533,59,34009.243314,hard,0.21613272311212814,0.21613272311212814,0,586
0.322945,67,34033.859179,hard,0.3896453089244851,0.3896453089244851,0,667
0.280415,58,34055.896386,hard,0.33781464530892447,0.33781464530892447,0,574
0.202769,58,34079.80691,hard,0.2604691075514874,0.2604691075514874,0,577
0.264654,58,34101.575249,hard,0.32185354691075513,0.32185354691075513,0,572
0.156533,60,34123.446974,hard,0.21613272311212814,0.21613272311212814,0,596
0.168729,57,34144.850653,hard,0.22522883295194507,0.22522883295194507,0,565
0.394076,72,34171.49563,hard,0.4660755148741419,0.4660755148741419,0,720
0.220041,54,34191.277708,hard,0.2737414187643021,0.2737414187643021,0,537
0.124376,55,34211.700511,hard,0.17877574370709381,0.17877574370709381,0,544
0.081891,61,34233.694001,hard,0.1423913043478261,0.1423913043478261,0,605
0.119287,57,34254.404388,hard,0.17608695652173914,0.17608695652173914,0,568
0.08268,63,34278.588546,hard,0.14508009153318077,0.14508009153318077,0,624
2.609711,63,34301.316547,hard,0.6723112128146453,2.6723112128146456,2,626
0.274165,59,34322.419398,hard,0.3322654462242563,0.3322654462242563,0,581
0.263149,56,34343.792952,hard,0.3182494279176201,0.3182494279176201,0,551
0.169512,54,34363.72389,hard,0.2227116704805492,0.2227116704805492,0,532
0.164147,65,34386.83434,hard,0.22894736842105262,0.22894736842105262,0,648
0.330686,58,34408.057371,hard,0.3879862700228833,0.3879862700228833,0,573
0.151807,55,34429.324327,hard,0.20640732265446224,0.20640732265446224,0,546
0.082383,53,34450.551321,hard,0.13478260869565217,0.13478260869565217,0,524
0.126459,51,34468.336477,hard,0.17705949656750572,0.17705949656750572,0,506
0.343273,71,34494.664453,hard,0.4136727688787185,0.4136727688787185,0,704
0.277133,64,34518.713468,hard,0.34113272311212817,0.34113272311212817,0,640
0.161719,55,34539.190661,hard,0.2164187643020595,0.2164187643020595,0,547
0.09537,54,34559.178306,hard,0.14897025171624714,0.14897025171624714,0,536
2.585182,62,34582.15005,hard,0.6470823798627002,2.6470823798627,2,619
0.184848,58,34603.403209,hard,0.24204805491990847,0.24204805491990847,0,572
0.216341,57,34624.120619,hard,0.27334096109839817,0.27334096109839817,0,570
0.334791,58,34646.857439,hard,0.3923913043478261,0.3923913043478261,0,576
1.412068,60,34669.354699,hard,0.4715675057208238,1.4715675057208237,1,595
0.256284,55,34689.627806,hard,0.31058352402746,0.31058352402746,0,543
1.413259,63,34713.03314,hard,0.4762585812356979,1.4762585812356979,1,630
2.591215,72,34739.48291,hard,0.6632151029748283,2.6632151029748283,2,720
0.04213,60,34761.339642,hard,0.10143020594965675,0.10143020594965675,0,593
0.184843,54,34781.553255,hard,0.23804347826086958,0.23804347826086958,0,532
0.150688,52,34800.565385,hard,0.2022883295194508,0.2022883295194508,0,516
0.156428,56,34821.731565,hard,0.21172768878718534,0.21172768878718534,0,553
1.335465,60,34845.618694,hard,0.39456521739130435,1.3945652173913043,1,591
0.330801,58,34867.402612,hard,0.3881006864988558,0.3881006864988558,0,573
0.190916,61,34890.92876,hard,0.2517162471395881,0.2517162471395881,0,608
0.160918,55,34911.470666,hard,0.2156178489702517,0.2156178489702517,0,547
0.220146,58,34932.757397,hard,0.27774599542334094,0.27774599542334094,0,576
0.253782,56,34953.192858,hard,0.3089816933638444,0.3089816933638444,0,552
0.294587,57,34973.508268,hard,0.351487414187643,0.351487414187643,0,569
0.179042,58,34995.184505,hard,0.23684210526315788,0.23684210526315788,0,578
0.162922,56,35015.903847,hard,0.21882151029748284,0.21882151029748284,0,559
0.062464,69,35043.260504,hard,0.13106407322654462,0.13106407322654462,0,686
0.268617,59,35065.327924,hard,0.327116704805492,0.327116704805492,0,585
0.311924,60,35087.358145,hard,0.3712242562929062,0.3712242562929062,0,593
0.132868,52,35106.670976,hard,0.18466819221967964,0.18466819221967964,0,518
1.303781,55,35126.257076,hard,0.35818077803203663,1.3581807780320365,1,544
0.229168,56,35146.648338,hard,0.28466819221967965,0.28466819221967965,0,555
0.137325,72,35173.487771,hard,0.209324942791762,0.209324942791762,0,720
0.134347,57,35195.130226,hard,0.1908466819221968,0.1908466819221968,0,565
0.149102,53,35216.381593,hard,0.20160183066361556,0.20160183066361556,0,525
0.056054,54,35237.271274,hard,0.10995423340961098,0.10995423340961098,0,539
0.173833,56,35257.123852,hard,0.22923340961098398,0.22923340961098398,0,554
0.276923,56,35277.403515,hard,0.3327231121281464,0.3327231121281464,0,558
0.322775,56,35298.141797,hard,0.37797482837528606,0.37797482837528606,0,552
0.231984,67,35322.459409,hard,0.2982837528604119,0.2982837528604119,0,663
0.162419,54,35342.252648,hard,0.2164187643020595,0.2164187643020595,0,540
2.458567,63,35365.219693,hard,0.5207665903890161,2.520766590389016,2,622
0.181842,55,35385.576077,hard,0.236441647597254,0.236441647597254,0,546
0.121666,62,35410.30026,hard,0.18306636155606407,0.18306636155606407,0,614
0.15621,53,35429.854864,hard,0.20881006864988558,0.20881006864988558,0,526
2.643795,52,35449.763058,hard,0.6955949656750572,2.695594965675057,2,518
0.188676,54,35469.85832,hard,0.24187643020594965,0.24187643020594965,0,532
0.248997,61,35491.789416,hard,0.3098970251716247,0.3098970251716247,0,609
0.295342,54,35511.87201,hard,0.34914187643020594,0.34914187643020594,0,538
2.570792,72,35539.184706,hard,0.64279176201373,2.6427917620137302,2,720
0.355776,61,35561.922738,hard,0.41607551487414185,0.41607551487414185,0,603
0.21986,71,35589.443718,hard,0.29016018306636154,0.29016018306636154,0,703
0.203983,56,35612.10322,hard,0.2597826086956522,0.2597826086956522,0,558
0.316495,67,35636.529974,hard,0.38329519450800914,0.38329519450800914,0,668
0.014977,53,35656.545995,hard,0.06767734553775744,0.06767734553775744,0,527
0.169675,71,35681.864955,hard,0.2402745995423341,0.2402745995423341,0,706
0.345659,56,35702.744875,hard,0.4016590389016018,0.4016590389016018,0,560
0.316952,54,35723.186521,hard,0.3702517162471396,0.3702517162471396,0,533
2.600025,72,35749.377564,hard,0.672025171624714,2.672025171624714,2,720
0.043726,55,35770.622842,hard,0.09782608695652174,0.09782608695652174,0,541
0.072256,52,35791.794814,hard,0.12425629290617848,0.12425629290617848,0,520
0.169346,59,35813.479203,hard,0.22814645308924486,0.22814645308924486,0,588
0.272026,64,35836.861677,hard,0.3355263157894737,0.3355263157894737,0,635
0.275708,57,35857.513605,hard,0.3318077803203661,0.3318077803203661,0,561
0.390037,68,35882.792155,hard,0.4574370709382151,0.4574370709382151,0,674
0.157511,53,35902.088395,hard,0.20961098398169337,0.20961098398169337,0,521
0.174448,56,35922.606622,hard,0.2297482837528604,0.2297482837528604,0,553
0.181057,57,35943.739841,hard,0.23775743707093822,0.23775743707093822,0,567
0.268897,54,35963.97454,hard,0.3225972540045767,0.3225972540045767,0,537
0.255587,58,35987.201277,hard,0.31338672768878717,0.31338672768878717,0,578
0.160676,56,36007.717656,hard,0.21647597254004577,0.21647597254004577,0,558
0.209436,60,36029.219602,hard,0.2689359267734554,0.2689359267734554,0,595
0.222565,72,36056.469141,hard,0.29456521739130437,0.29456521739130437,0,720
1.357941,54,36076.611513,hard,0.41104118993135014,1.4110411899313502,1,531
0.212695,58,36098.374927,hard,0.27019450800915334,0.27019450800915334,0,575
0.098911,61,36121.335437,hard,0.15961098398169338,0.15961098398169338,0,607
0.417287,59,36143.240412,hard,0.47608695652173916,0.47608695652173916,0,588
0.274639,72,36171.420544,hard,0.3463386727688787,0.3463386727688787,0,717
0.204545,72,36197.750243,hard,0.27654462242562927,0.27654462242562927,0,720
0.203724,55,36217.888205,hard,0.25852402745995423,0.25852402745995423,0,548
0.17505,56,36238.653643,hard,0.23094965675057208,0.23094965675057208,0,559
0.136238,72,36265.372627,hard,0.20823798627002288,0.20823798627002288,0,720
0.07411,72,36292.412322,hard,0.14610983981693365,0.14610983981693365,0,720
0.336372,52,36310.960588,hard,0.38827231121281464,0.38827231121281464,0,519
0.205087,59,36332.909882,hard,0.2637871853546911,0.2637871853546911,0,587
0.287093,57,36353.652807,hard,0.3435926773455378,0.3435926773455378,0,565
2.457374,58,36376.555931,hard,0.5148741418764302,2.5148741418764304,2,575
0.02489,54,36396.705139,hard,0.07848970251716247,0.07848970251716247,0,536
0.195014,55,36416.806895,hard,0.24971395881006864,0.24971395881006864,0,547
0.199779,58,36438.023211,hard,0.2569794050343249,0.2569794050343249,0,572
0.20757,55,36457.950184,hard,0.26167048054919906,0.26167048054919906,0,541
0.127382,57,36479.135968,hard,0.18438215102974828,0.18438215102974828,0,570
0.154266,67,36504.704176,hard,0.22036613272311212,0.22036613272311212,0,661
0.330231,72,36530.907574,hard,0.40223112128146454,0.40223112128146454,0,720
0.344862,60,36555.143673,hard,0.40406178489702516,0.40406178489702516,0,592
2.600216,64,36579.24143,hard,0.6640160183066361,2.6640160183066364,2,638
0.253953,56,36600.600658,hard,0.3091533180778032,0.3091533180778032,0,552
0.208225,52,36619.997721,hard,0.259324942791762,0.259324942791762,0,511
0.179572,71,36646.05936,hard,0.2501716247139588,0.2501716247139588,0,706
0.196889,56,36666.418264,hard,0.2526887871853547,0.2526887871853547,0,558
0.171944,67,36690.21049,hard,0.23884439359267734,0.23884439359267734,0,669
0.115808,55,36710.544679,hard,0.16990846681922198,0.16990846681922198,0,541
0.059632,57,36731.50152,hard,0.11573226544622425,0.11573226544622425,0,561
0.146086,54,36753.469409,hard,0.19988558352402747,0.19988558352402747,0,538
0.260759,66,36777.1003,hard,0.3266590389016018,0.3266590389016018,0,659
0.08632,57,36797.561535,hard,0.14262013729977116,0.14262013729977116,0,563
1.384293,72,36822.74901,hard,0.4562929061784897,1.4562929061784897,1,720
2.516224,55,36841.77294,hard,0.5712242562929062,2.571224256292906,2,550
0.150303,53,36860.428667,hard,0.20280320366132723,0.20280320366132723,0,525
0.155716,59,36880.10561,hard,0.21401601830663616,0.21401601830663616,0,583
0.243287,58,36901.730108,hard,0.3010869565217391,0.3010869565217391,0,578
