wandb: [wandb.login()] Loaded credentials for https://api.wandb.ai from WANDB_API_KEY.
wandb: Currently logged in as: jmc314 (jmc314-lumenary-com) to https://api.wandb.ai. Use `wandb login --relogin` to force relogin
wandb: setting up run reward_v3_hard_bias_finetune_w64_seed83_gpu1_20260518_170915
wandb: Tracking run with wandb version 0.27.0
wandb: Run data is saved locally in /workspace/ClashAI/wandb/run-20260518_170918-reward_v3_hard_bias_finetune_w64_seed83_gpu1_20260518_170915
wandb: Run `wandb offline` to turn off syncing.
wandb: Syncing run reward_v3_hard_bias_finetune_w64_seed83_gpu1_20260518_170915
wandb: ⭐️ View project at https://wandb.ai/jmc314-lumenary-com/ClashAI
wandb: 🚀 View run at https://wandb.ai/jmc314-lumenary-com/ClashAI/runs/reward_v3_hard_bias_finetune_w64_seed83_gpu1_20260518_170915
training profiles=hard,hard,hard,medium eval_profiles=hard,medium workers=64 device=cuda timesteps=8000000 run=reward_v3_hard_bias_finetune_w64_seed83_gpu1_20260518_170915
Logging to runs/maskable_ppo/reward_v3_hard_bias_finetune_w64_seed83_gpu1_20260518_170915_0
timesteps=8029120 | env_steps/sec=189.4 | episodes/sec=0.00 | gpu_util_mean=0% gpu_util_max=0% | gpu_mem_mean=1.6/47.8GB
timesteps=8030144 | env_steps/sec=200.2 | episodes/sec=0.00 | gpu_util_mean=0% gpu_util_max=0% | gpu_mem_mean=1.6/47.8GB
timesteps=8031104 | env_steps/sec=181.0 | episodes/sec=0.00 | gpu_util_mean=0% gpu_util_max=1% | gpu_mem_mean=1.6/47.8GB
timesteps=8032384 | env_steps/sec=247.8 | episodes/sec=10.26 | gpu_util_mean=0% gpu_util_max=1% | gpu_mem_mean=1.6/47.8GB
timesteps=8033536 | env_steps/sec=223.6 | episodes/sec=1.36 | gpu_util_mean=0% gpu_util_max=0% | gpu_mem_mean=1.6/47.8GB
timesteps=8034560 | env_steps/sec=201.5 | episodes/sec=0.79 | gpu_util_mean=0% gpu_util_max=0% | gpu_mem_mean=1.6/47.8GB
timesteps=8035648 | env_steps/sec=210.0 | episodes/sec=2.70 | gpu_util_mean=0% gpu_util_max=0% | gpu_mem_mean=1.6/47.8GB
timesteps=8036800 | env_steps/sec=230.1 | episodes/sec=7.79 | gpu_util_mean=0% gpu_util_max=0% | gpu_mem_mean=1.6/47.8GB
timesteps=8037888 | env_steps/sec=212.6 | episodes/sec=1.95 | gpu_util_mean=0% gpu_util_max=0% | gpu_mem_mean=1.6/47.8GB
timesteps=8038912 | env_steps/sec=203.3 | episodes/sec=0.20 | gpu_util_mean=0% gpu_util_max=0% | gpu_mem_mean=1.6/47.8GB
timesteps=8040000 | env_steps/sec=214.3 | episodes/sec=6.89 | gpu_util_mean=1% gpu_util_max=1% | gpu_mem_mean=1.6/47.8GB
timesteps=8041152 | env_steps/sec=225.5 | episodes/sec=2.94 | gpu_util_mean=1% gpu_util_max=1% | gpu_mem_mean=1.6/47.8GB
timesteps=8042240 | env_steps/sec=217.5 | episodes/sec=2.60 | gpu_util_mean=1% gpu_util_max=1% | gpu_mem_mean=1.6/47.8GB
timesteps=8043328 | env_steps/sec=214.5 | episodes/sec=3.55 | gpu_util_mean=0% gpu_util_max=1% | gpu_mem_mean=1.6/47.8GB
timesteps=8044480 | env_steps/sec=218.2 | episodes/sec=4.92 | gpu_util_mean=0% gpu_util_max=0% | gpu_mem_mean=1.6/47.8GB
timesteps=8045568 | env_steps/sec=214.5 | episodes/sec=1.77 | gpu_util_mean=0% gpu_util_max=1% | gpu_mem_mean=1.6/47.8GB
timesteps=8046656 | env_steps/sec=213.3 | episodes/sec=1.18 | gpu_util_mean=0% gpu_util_max=1% | gpu_mem_mean=1.6/47.8GB
timesteps=8047808 | env_steps/sec=223.1 | episodes/sec=6.20 | gpu_util_mean=0% gpu_util_max=0% | gpu_mem_mean=1.6/47.8GB
timesteps=8048960 | env_steps/sec=223.7 | episodes/sec=4.08 | gpu_util_mean=1% gpu_util_max=1% | gpu_mem_mean=1.6/47.8GB
timesteps=8050048 | env_steps/sec=212.2 | episodes/sec=0.98 | gpu_util_mean=0% gpu_util_max=0% | gpu_mem_mean=1.6/47.8GB
timesteps=8051200 | env_steps/sec=226.9 | episodes/sec=3.94 | gpu_util_mean=0% gpu_util_max=0% | gpu_mem_mean=1.6/47.8GB
timesteps=8052416 | env_steps/sec=231.7 | episodes/sec=6.29 | gpu_util_mean=0% gpu_util_max=1% | gpu_mem_mean=1.6/47.8GB
timesteps=8053568 | env_steps/sec=218.7 | episodes/sec=1.71 | gpu_util_mean=0% gpu_util_max=1% | gpu_mem_mean=1.6/47.8GB
timesteps=8054656 | env_steps/sec=214.8 | episodes/sec=2.17 | gpu_util_mean=0% gpu_util_max=1% | gpu_mem_mean=1.6/47.8GB
timesteps=8055872 | env_steps/sec=233.1 | episodes/sec=5.94 | gpu_util_mean=0% gpu_util_max=1% | gpu_mem_mean=1.6/47.8GB
timesteps=8057024 | env_steps/sec=224.7 | episodes/sec=2.93 | gpu_util_mean=0% gpu_util_max=1% | gpu_mem_mean=1.6/47.8GB
timesteps=8058112 | env_steps/sec=208.9 | episodes/sec=2.11 | gpu_util_mean=0% gpu_util_max=0% | gpu_mem_mean=1.6/47.8GB
timesteps=8059200 | env_steps/sec=216.5 | episodes/sec=3.58 | gpu_util_mean=0% gpu_util_max=0% | gpu_mem_mean=1.6/47.8GB
timesteps=8060352 | env_steps/sec=229.0 | episodes/sec=4.97 | gpu_util_mean=0% gpu_util_max=0% | gpu_mem_mean=1.6/47.8GB
---------------------------------------------------
| gpu/                                 |          |
|    gpu_count                         | 2        |
|    gpu_mem_total_gb_mean             | 47.8     |
|    gpu_mem_used_gb_mean              | 1.59     |
|    gpu_util_pct_max                  | 0        |
|    gpu_util_pct_mean                 | 0        |
| profile/                             |          |
|    hard/damage_mean                  | 0.336    |
|    hard/defense_damage_pct_mean      | 0.343    |
|    hard/defense_damage_reward_mean   | 0.0412   |
|    hard/defense_destroy_reward_mean  | 0.0117   |
|    hard/defenses_destroyed_mean      | 2.33     |
|    hard/ep_len_mean                  | 62.4     |
|    hard/ep_rew_mean                  | 0.594    |
|    hard/episodes_window              | 200      |
|    hard/freeze_casts_mean            | 2        |
|    hard/freeze_effect_reward_mean    | 0.0732   |
|    hard/frozen_threat_damage_pct_... | 0.0637   |
|    hard/frozen_threat_ticks_mean     | 61.8     |
|    hard/objective_shaping_reward_... | 0.0742   |
|    hard/p_all_spells_used            | 1        |
|    hard/p_damage_ge_90               | 0        |
|    hard/p_stars_ge_2                 | 0.05     |
|    hard/rage_bonus_damage_pct_mean   | 0.00844  |
|    hard/rage_bonus_defense_damage... | 0.00716  |
|    hard/rage_bonus_townhall_damag... | 0.00941  |
|    hard/rage_casts_mean              | 2        |
|    hard/rage_effect_reward_mean      | 0.00295  |
|    hard/score_mean                   | 0.506    |
|    hard/spell_casts_mean             | 4        |
|    hard/spell_shaping_reward_mean    | 0.0762   |
|    hard/spells_remaining_mean        | 0        |
|    hard/stars_mean                   | 0.17     |
|    hard/ticks_mean                   | 620      |
|    hard/townhall_damage_pct_mean     | 0.166    |
|    hard/townhall_damage_reward_mean  | 0.0166   |
|    hard/townhall_destroy_reward_mean | 0.00475  |
|    hard/townhall_destroyed_rate      | 0.095    |
|    hard/truncated_rate               | 0.025    |
|    hard/unused_spell_penalty_mean    | 0        |
|    hard/useful_freeze_casts_mean     | 2        |
|    hard/useful_rage_casts_mean       | 2        |
|    hard/wasted_spell_casts_mean      | 0        |
|    hard/wasted_spell_penalty_mean    | 0        |
|    medium/damage_mean                | 0.839    |
|    medium/defense_damage_pct_mean    | 0.794    |
|    medium/defense_damage_reward_mean | 0.0953   |
|    medium/defense_destroy_reward_... | 0.0183   |
|    medium/defenses_destroyed_mean    | 3.67     |
|    medium/ep_len_mean                | 68.3     |
|    medium/ep_rew_mean                | 3.27     |
|    medium/episodes_window            | 112      |
|    medium/freeze_casts_mean          | 1.9      |
|    medium/freeze_effect_reward_mean  | 0.0548   |
|    medium/frozen_threat_damage_pc... | 0.0473   |
|    medium/frozen_threat_ticks_mean   | 41.2     |
|    medium/objective_shaping_rewar... | 0.244    |
|    medium/p_all_spells_used          | 0.929    |
|    medium/p_damage_ge_90             | 0.455    |
|    medium/p_stars_ge_2               | 0.848    |
|    medium/rage_bonus_damage_pct_mean | 0.0303   |
|    medium/rage_bonus_defense_dama... | 0.0132   |
|    medium/rage_bonus_townhall_dam... | 0.0759   |
|    medium/rage_casts_mean            | 1.96     |
|    medium/rage_effect_reward_mean    | 0.0106   |
|    medium/score_mean                 | 3.04     |
|    medium/spell_casts_mean           | 3.87     |
|    medium/spell_shaping_reward_mean  | 0.0614   |
|    medium/spells_remaining_mean      | 0.134    |
|    medium/stars_mean                 | 2.2      |
|    medium/ticks_mean                 | 679      |
|    medium/townhall_damage_pct_mean   | 0.875    |
|    medium/townhall_damage_reward_... | 0.0875   |
|    medium/townhall_destroy_reward... | 0.0424   |
|    medium/townhall_destroyed_rate    | 0.848    |
|    medium/truncated_rate             | 0.0625   |
|    medium/unused_spell_penalty_mean  | 0.00402  |
|    medium/useful_freeze_casts_mean   | 1.9      |
|    medium/useful_rage_casts_mean     | 1.96     |
|    medium/wasted_spell_casts_mean    | 0        |
|    medium/wasted_spell_penalty_mean  | 0        |
| rollout/                             |          |
|    ep_len_mean                       | 63.6     |
|    ep_rew_mean                       | 1.37     |
| throughput/                          |          |
|    env_steps_per_sec                 | 229      |
|    episodes_per_sec                  | 4.97     |
| time/                                |          |
|    fps                               | 216      |
|    iterations                        | 1        |
|    time_elapsed                      | 151      |
|    total_timesteps                   | 8060928  |
---------------------------------------------------
timesteps=8060992 | env_steps/sec=81.7 | episodes/sec=0.89 | gpu_util_mean=15% gpu_util_max=30% | gpu_mem_mean=2.3/47.8GB
timesteps=8062080 | env_steps/sec=216.1 | episodes/sec=2.98 | gpu_util_mean=0% gpu_util_max=0% | gpu_mem_mean=2.3/47.8GB
timesteps=8063168 | env_steps/sec=215.6 | episodes/sec=3.76 | gpu_util_mean=0% gpu_util_max=0% | gpu_mem_mean=2.3/47.8GB
timesteps=8064320 | env_steps/sec=223.1 | episodes/sec=4.45 | gpu_util_mean=1% gpu_util_max=1% | gpu_mem_mean=2.3/47.8GB
timesteps=8065408 | env_steps/sec=215.9 | episodes/sec=1.79 | gpu_util_mean=0% gpu_util_max=1% | gpu_mem_mean=2.3/47.8GB
timesteps=8066496 | env_steps/sec=215.4 | episodes/sec=3.17 | gpu_util_mean=0% gpu_util_max=0% | gpu_mem_mean=2.3/47.8GB
timesteps=8067648 | env_steps/sec=222.6 | episodes/sec=4.25 | gpu_util_mean=0% gpu_util_max=1% | gpu_mem_mean=2.3/47.8GB
timesteps=8068736 | env_steps/sec=215.6 | episodes/sec=3.17 | gpu_util_mean=0% gpu_util_max=0% | gpu_mem_mean=2.3/47.8GB
timesteps=8069888 | env_steps/sec=223.7 | episodes/sec=3.30 | gpu_util_mean=0% gpu_util_max=1% | gpu_mem_mean=2.3/47.8GB
timesteps=8070976 | env_steps/sec=216.7 | episodes/sec=2.99 | gpu_util_mean=0% gpu_util_max=1% | gpu_mem_mean=2.3/47.8GB
timesteps=8072128 | env_steps/sec=218.3 | episodes/sec=3.98 | gpu_util_mean=0% gpu_util_max=0% | gpu_mem_mean=2.3/47.8GB
timesteps=8073216 | env_steps/sec=209.0 | episodes/sec=2.69 | gpu_util_mean=0% gpu_util_max=1% | gpu_mem_mean=2.3/47.8GB
timesteps=8074304 | env_steps/sec=213.5 | episodes/sec=2.75 | gpu_util_mean=0% gpu_util_max=1% | gpu_mem_mean=2.3/47.8GB
timesteps=8075392 | env_steps/sec=211.1 | episodes/sec=5.43 | gpu_util_mean=0% gpu_util_max=1% | gpu_mem_mean=2.3/47.8GB
timesteps=8076480 | env_steps/sec=213.1 | episodes/sec=2.55 | gpu_util_mean=0% gpu_util_max=1% | gpu_mem_mean=2.3/47.8GB
timesteps=8077568 | env_steps/sec=210.9 | episodes/sec=2.33 | gpu_util_mean=0% gpu_util_max=1% | gpu_mem_mean=2.3/47.8GB
timesteps=8078720 | env_steps/sec=223.1 | episodes/sec=3.87 | gpu_util_mean=0% gpu_util_max=0% | gpu_mem_mean=2.3/47.8GB
timesteps=8079872 | env_steps/sec=226.4 | episodes/sec=4.52 | gpu_util_mean=1% gpu_util_max=1% | gpu_mem_mean=2.3/47.8GB
timesteps=8080960 | env_steps/sec=214.2 | episodes/sec=2.95 | gpu_util_mean=0% gpu_util_max=1% | gpu_mem_mean=2.3/47.8GB
timesteps=8082048 | env_steps/sec=217.2 | episodes/sec=2.40 | gpu_util_mean=0% gpu_util_max=0% | gpu_mem_mean=2.3/47.8GB
timesteps=8083136 | env_steps/sec=215.0 | episodes/sec=4.74 | gpu_util_mean=0% gpu_util_max=0% | gpu_mem_mean=2.3/47.8GB
timesteps=8084224 | env_steps/sec=213.0 | episodes/sec=3.13 | gpu_util_mean=0% gpu_util_max=1% | gpu_mem_mean=2.3/47.8GB
timesteps=8085312 | env_steps/sec=206.5 | episodes/sec=2.09 | gpu_util_mean=0% gpu_util_max=0% | gpu_mem_mean=2.3/47.8GB
timesteps=8086400 | env_steps/sec=213.1 | episodes/sec=3.13 | gpu_util_mean=0% gpu_util_max=1% | gpu_mem_mean=2.3/47.8GB
timesteps=8087488 | env_steps/sec=214.9 | episodes/sec=4.74 | gpu_util_mean=0% gpu_util_max=0% | gpu_mem_mean=2.3/47.8GB
timesteps=8088512 | env_steps/sec=204.6 | episodes/sec=2.60 | gpu_util_mean=0% gpu_util_max=0% | gpu_mem_mean=2.3/47.8GB
timesteps=8089600 | env_steps/sec=209.7 | episodes/sec=3.08 | gpu_util_mean=0% gpu_util_max=1% | gpu_mem_mean=2.3/47.8GB
timesteps=8090688 | env_steps/sec=213.5 | episodes/sec=4.51 | gpu_util_mean=1% gpu_util_max=1% | gpu_mem_mean=2.3/47.8GB
timesteps=8091840 | env_steps/sec=217.3 | episodes/sec=3.58 | gpu_util_mean=0% gpu_util_max=1% | gpu_mem_mean=2.3/47.8GB
timesteps=8092928 | env_steps/sec=204.5 | episodes/sec=2.26 | gpu_util_mean=1% gpu_util_max=1% | gpu_mem_mean=2.3/47.8GB
------------------------------------------------------
| gpu/                                 |             |
|    gpu_count                         | 2           |
|    gpu_mem_total_gb_mean             | 47.8        |
|    gpu_mem_used_gb_mean              | 2.33        |
|    gpu_util_pct_max                  | 1           |
|    gpu_util_pct_mean                 | 1           |
| profile/                             |             |
|    hard/damage_mean                  | 0.344       |
|    hard/defense_damage_pct_mean      | 0.344       |
|    hard/defense_damage_reward_mean   | 0.0412      |
|    hard/defense_destroy_reward_mean  | 0.0114      |
|    hard/defenses_destroyed_mean      | 2.28        |
|    hard/ep_len_mean                  | 61.7        |
|    hard/ep_rew_mean                  | 0.599       |
|    hard/episodes_window              | 200         |
|    hard/freeze_casts_mean            | 2           |
|    hard/freeze_effect_reward_mean    | 0.0716      |
|    hard/frozen_threat_damage_pct_... | 0.0619      |
|    hard/frozen_threat_ticks_mean     | 58.9        |
|    hard/objective_shaping_reward_... | 0.0712      |
|    hard/p_all_spells_used            | 1           |
|    hard/p_damage_ge_90               | 0           |
|    hard/p_stars_ge_2                 | 0.05        |
|    hard/rage_bonus_damage_pct_mean   | 0.00862     |
|    hard/rage_bonus_defense_damage... | 0.00668     |
|    hard/rage_bonus_townhall_damag... | 0.011       |
|    hard/rage_casts_mean              | 2           |
|    hard/rage_effect_reward_mean      | 0.00302     |
|    hard/score_mean                   | 0.514       |
|    hard/spell_casts_mean             | 4           |
|    hard/spell_shaping_reward_mean    | 0.0746      |
|    hard/spells_remaining_mean        | 0           |
|    hard/stars_mean                   | 0.17        |
|    hard/ticks_mean                   | 612         |
|    hard/townhall_damage_pct_mean     | 0.146       |
|    hard/townhall_damage_reward_mean  | 0.0146      |
|    hard/townhall_destroy_reward_mean | 0.004       |
|    hard/townhall_destroyed_rate      | 0.08        |
|    hard/truncated_rate               | 0.015       |
|    hard/unused_spell_penalty_mean    | 0           |
|    hard/useful_freeze_casts_mean     | 2           |
|    hard/useful_rage_casts_mean       | 2           |
|    hard/wasted_spell_casts_mean      | 0           |
|    hard/wasted_spell_penalty_mean    | 0           |
|    medium/damage_mean                | 0.824       |
|    medium/defense_damage_pct_mean    | 0.77        |
|    medium/defense_damage_reward_mean | 0.0924      |
|    medium/defense_destroy_reward_... | 0.0175      |
|    medium/defenses_destroyed_mean    | 3.51        |
|    medium/ep_len_mean                | 70.5        |
|    medium/ep_rew_mean                | 3.15        |
|    medium/episodes_window            | 200         |
|    medium/freeze_casts_mean          | 1.93        |
|    medium/freeze_effect_reward_mean  | 0.0538      |
|    medium/frozen_threat_damage_pc... | 0.0465      |
|    medium/frozen_threat_ticks_mean   | 41.2        |
|    medium/objective_shaping_rewar... | 0.239       |
|    medium/p_all_spells_used          | 0.96        |
|    medium/p_damage_ge_90             | 0.465       |
|    medium/p_stars_ge_2               | 0.82        |
|    medium/rage_bonus_damage_pct_mean | 0.0297      |
|    medium/rage_bonus_defense_dama... | 0.0136      |
|    medium/rage_bonus_townhall_dam... | 0.0743      |
|    medium/rage_casts_mean            | 1.99        |
|    medium/rage_effect_reward_mean    | 0.0104      |
|    medium/score_mean                 | 2.92        |
|    medium/spell_casts_mean           | 3.92        |
|    medium/spell_shaping_reward_mean  | 0.0616      |
|    medium/spells_remaining_mean      | 0.085       |
|    medium/stars_mean                 | 2.1         |
|    medium/ticks_mean                 | 701         |
|    medium/townhall_damage_pct_mean   | 0.877       |
|    medium/townhall_damage_reward_... | 0.0877      |
|    medium/townhall_destroy_reward... | 0.0415      |
|    medium/townhall_destroyed_rate    | 0.83        |
|    medium/truncated_rate             | 0.115       |
|    medium/unused_spell_penalty_mean  | 0.00255     |
|    medium/useful_freeze_casts_mean   | 1.93        |
|    medium/useful_rage_casts_mean     | 1.99        |
|    medium/wasted_spell_casts_mean    | 0           |
|    medium/wasted_spell_penalty_mean  | 0           |
| rollout/                             |             |
|    ep_len_mean                       | 63.2        |
|    ep_rew_mean                       | 1.33        |
| throughput/                          |             |
|    env_steps_per_sec                 | 205         |
|    episodes_per_sec                  | 2.26        |
| time/                                |             |
|    fps                               | 212         |
|    iterations                        | 2           |
|    time_elapsed                      | 308         |
|    total_timesteps                   | 8093696     |
| train/                               |             |
|    approx_kl                         | 0.011557494 |
|    clip_fraction                     | 0.0963      |
|    clip_range                        | 0.2         |
|    entropy_loss                      | -4.22       |
|    explained_variance                | 0.904       |
|    learning_rate                     | 0.0001      |
|    loss                              | -0.0437     |
|    n_updates                         | 2460        |
|    policy_gradient_loss              | -0.0174     |
|    value_loss                        | 0.0535      |
------------------------------------------------------
timesteps=8093760 | env_steps/sec=99.1 | episodes/sec=1.43 | gpu_util_mean=18% gpu_util_max=37% | gpu_mem_mean=2.3/47.8GB
timesteps=8094848 | env_steps/sec=216.2 | episodes/sec=4.37 | gpu_util_mean=0% gpu_util_max=1% | gpu_mem_mean=2.3/47.8GB
timesteps=8095936 | env_steps/sec=208.1 | episodes/sec=2.68 | gpu_util_mean=0% gpu_util_max=1% | gpu_mem_mean=2.3/47.8GB
timesteps=8097024 | env_steps/sec=213.5 | episodes/sec=3.14 | gpu_util_mean=0% gpu_util_max=0% | gpu_mem_mean=2.3/47.8GB
timesteps=8098112 | env_steps/sec=216.9 | episodes/sec=3.19 | gpu_util_mean=0% gpu_util_max=1% | gpu_mem_mean=2.3/47.8GB
timesteps=8099264 | env_steps/sec=223.6 | episodes/sec=4.66 | gpu_util_mean=0% gpu_util_max=1% | gpu_mem_mean=2.3/47.8GB
timesteps=8100352 | env_steps/sec=217.1 | episodes/sec=2.59 | gpu_util_mean=0% gpu_util_max=1% | gpu_mem_mean=2.3/47.8GB
timesteps=8101440 | env_steps/sec=212.8 | episodes/sec=3.33 | gpu_util_mean=0% gpu_util_max=0% | gpu_mem_mean=2.3/47.8GB
timesteps=8102592 | env_steps/sec=219.5 | episodes/sec=4.00 | gpu_util_mean=0% gpu_util_max=0% | gpu_mem_mean=2.3/47.8GB
timesteps=8103744 | env_steps/sec=224.0 | episodes/sec=3.69 | gpu_util_mean=0% gpu_util_max=0% | gpu_mem_mean=2.3/47.8GB
timesteps=8104832 | env_steps/sec=205.6 | episodes/sec=2.08 | gpu_util_mean=0% gpu_util_max=0% | gpu_mem_mean=2.3/47.8GB
timesteps=8105984 | env_steps/sec=227.1 | episodes/sec=4.14 | gpu_util_mean=0% gpu_util_max=0% | gpu_mem_mean=2.3/47.8GB
timesteps=8107072 | env_steps/sec=216.2 | episodes/sec=3.97 | gpu_util_mean=0% gpu_util_max=1% | gpu_mem_mean=2.3/47.8GB
timesteps=8108160 | env_steps/sec=211.7 | episodes/sec=2.92 | gpu_util_mean=1% gpu_util_max=1% | gpu_mem_mean=2.3/47.8GB
timesteps=8109248 | env_steps/sec=209.7 | episodes/sec=2.89 | gpu_util_mean=0% gpu_util_max=0% | gpu_mem_mean=2.3/47.8GB
timesteps=8110336 | env_steps/sec=213.7 | episodes/sec=3.73 | gpu_util_mean=1% gpu_util_max=1% | gpu_mem_mean=2.3/47.8GB
timesteps=8111424 | env_steps/sec=215.2 | episodes/sec=4.15 | gpu_util_mean=0% gpu_util_max=0% | gpu_mem_mean=2.3/47.8GB
timesteps=8112512 | env_steps/sec=206.1 | episodes/sec=2.46 | gpu_util_mean=0% gpu_util_max=0% | gpu_mem_mean=2.3/47.8GB
timesteps=8113600 | env_steps/sec=208.4 | episodes/sec=3.06 | gpu_util_mean=0% gpu_util_max=1% | gpu_mem_mean=2.3/47.8GB
timesteps=8114688 | env_steps/sec=216.6 | episodes/sec=4.38 | gpu_util_mean=0% gpu_util_max=0% | gpu_mem_mean=2.3/47.8GB
timesteps=8115776 | env_steps/sec=215.0 | episodes/sec=3.56 | gpu_util_mean=0% gpu_util_max=0% | gpu_mem_mean=2.3/47.8GB
timesteps=8116864 | env_steps/sec=213.2 | episodes/sec=3.33 | gpu_util_mean=0% gpu_util_max=1% | gpu_mem_mean=2.3/47.8GB
timesteps=8117952 | env_steps/sec=207.5 | episodes/sec=2.86 | gpu_util_mean=0% gpu_util_max=0% | gpu_mem_mean=2.3/47.8GB
timesteps=8119104 | env_steps/sec=222.0 | episodes/sec=3.66 | gpu_util_mean=0% gpu_util_max=0% | gpu_mem_mean=2.3/47.8GB
timesteps=8120256 | env_steps/sec=219.0 | episodes/sec=3.42 | gpu_util_mean=0% gpu_util_max=1% | gpu_mem_mean=2.3/47.8GB
timesteps=8121344 | env_steps/sec=210.9 | episodes/sec=2.52 | gpu_util_mean=0% gpu_util_max=0% | gpu_mem_mean=2.3/47.8GB
timesteps=8122432 | env_steps/sec=215.4 | episodes/sec=3.37 | gpu_util_mean=0% gpu_util_max=1% | gpu_mem_mean=2.3/47.8GB
timesteps=8123520 | env_steps/sec=214.8 | episodes/sec=3.55 | gpu_util_mean=0% gpu_util_max=1% | gpu_mem_mean=2.3/47.8GB
timesteps=8124672 | env_steps/sec=228.9 | episodes/sec=3.97 | gpu_util_mean=0% gpu_util_max=0% | gpu_mem_mean=2.3/47.8GB
timesteps=8125824 | env_steps/sec=220.1 | episodes/sec=3.06 | gpu_util_mean=1% gpu_util_max=1% | gpu_mem_mean=2.3/47.8GB
------------------------------------------------------
| gpu/                                 |             |
|    gpu_count                         | 2           |
|    gpu_mem_total_gb_mean             | 47.8        |
|    gpu_mem_used_gb_mean              | 2.33        |
|    gpu_util_pct_max                  | 1           |
|    gpu_util_pct_mean                 | 1           |
| profile/                             |             |
|    hard/damage_mean                  | 0.342       |
|    hard/defense_damage_pct_mean      | 0.339       |
|    hard/defense_damage_reward_mean   | 0.0407      |
|    hard/defense_destroy_reward_mean  | 0.0113      |
|    hard/defenses_destroyed_mean      | 2.27        |
|    hard/ep_len_mean                  | 61.6        |
|    hard/ep_rew_mean                  | 0.626       |
|    hard/episodes_window              | 200         |
|    hard/freeze_casts_mean            | 2           |
|    hard/freeze_effect_reward_mean    | 0.072       |
|    hard/frozen_threat_damage_pct_... | 0.0633      |
|    hard/frozen_threat_ticks_mean     | 60.5        |
|    hard/objective_shaping_reward_... | 0.0747      |
|    hard/p_all_spells_used            | 1           |
|    hard/p_damage_ge_90               | 0           |
|    hard/p_stars_ge_2                 | 0.065       |
|    hard/rage_bonus_damage_pct_mean   | 0.00913     |
|    hard/rage_bonus_defense_damage... | 0.00702     |
|    hard/rage_bonus_townhall_damag... | 0.0133      |
|    hard/rage_casts_mean              | 2           |
|    hard/rage_effect_reward_mean      | 0.0032      |
|    hard/score_mean                   | 0.537       |
|    hard/spell_casts_mean             | 4           |
|    hard/spell_shaping_reward_mean    | 0.0752      |
|    hard/spells_remaining_mean        | 0           |
|    hard/stars_mean                   | 0.195       |
|    hard/ticks_mean                   | 611         |
|    hard/townhall_damage_pct_mean     | 0.179       |
|    hard/townhall_damage_reward_mean  | 0.0179      |
|    hard/townhall_destroy_reward_mean | 0.00475     |
|    hard/townhall_destroyed_rate      | 0.095       |
|    hard/truncated_rate               | 0.015       |
|    hard/unused_spell_penalty_mean    | 0           |
|    hard/useful_freeze_casts_mean     | 2           |
|    hard/useful_rage_casts_mean       | 2           |
|    hard/wasted_spell_casts_mean      | 0           |
|    hard/wasted_spell_penalty_mean    | 0           |
|    medium/damage_mean                | 0.811       |
|    medium/defense_damage_pct_mean    | 0.748       |
|    medium/defense_damage_reward_mean | 0.0898      |
|    medium/defense_destroy_reward_... | 0.0171      |
|    medium/defenses_destroyed_mean    | 3.42        |
|    medium/ep_len_mean                | 70.7        |
|    medium/ep_rew_mean                | 3.08        |
|    medium/episodes_window            | 200         |
|    medium/freeze_casts_mean          | 1.95        |
|    medium/freeze_effect_reward_mean  | 0.0541      |
|    medium/frozen_threat_damage_pc... | 0.047       |
|    medium/frozen_threat_ticks_mean   | 41.4        |
|    medium/objective_shaping_rewar... | 0.234       |
|    medium/p_all_spells_used          | 0.96        |
|    medium/p_damage_ge_90             | 0.44        |
|    medium/p_stars_ge_2               | 0.795       |
|    medium/rage_bonus_damage_pct_mean | 0.0293      |
|    medium/rage_bonus_defense_dama... | 0.0142      |
|    medium/rage_bonus_townhall_dam... | 0.0699      |
|    medium/rage_casts_mean            | 1.99        |
|    medium/rage_effect_reward_mean    | 0.0103      |
|    medium/score_mean                 | 2.86        |
|    medium/spell_casts_mean           | 3.94        |
|    medium/spell_shaping_reward_mean  | 0.0624      |
|    medium/spells_remaining_mean      | 0.065       |
|    medium/stars_mean                 | 2.04        |
|    medium/ticks_mean                 | 703         |
|    medium/townhall_damage_pct_mean   | 0.868       |
|    medium/townhall_damage_reward_... | 0.0868      |
|    medium/townhall_destroy_reward... | 0.0405      |
|    medium/townhall_destroyed_rate    | 0.81        |
|    medium/truncated_rate             | 0.14        |
|    medium/unused_spell_penalty_mean  | 0.00195     |
|    medium/useful_freeze_casts_mean   | 1.95        |
|    medium/useful_rage_casts_mean     | 1.99        |
|    medium/wasted_spell_casts_mean    | 0           |
|    medium/wasted_spell_penalty_mean  | 0           |
| rollout/                             |             |
|    ep_len_mean                       | 64.6        |
|    ep_rew_mean                       | 1.14        |
| throughput/                          |             |
|    env_steps_per_sec                 | 220         |
|    episodes_per_sec                  | 3.06        |
| time/                                |             |
|    fps                               | 211         |
|    iterations                        | 3           |
|    time_elapsed                      | 465         |
|    total_timesteps                   | 8126464     |
| train/                               |             |
|    approx_kl                         | 0.011316474 |
|    clip_fraction                     | 0.0895      |
|    clip_range                        | 0.2         |
|    entropy_loss                      | -4.19       |
|    explained_variance                | 0.892       |
|    learning_rate                     | 0.0001      |
|    loss                              | -0.0447     |
|    n_updates                         | 2470        |
|    policy_gradient_loss              | -0.0167     |
|    value_loss                        | 0.0574      |
------------------------------------------------------
timesteps=8126528 | env_steps/sec=89.6 | episodes/sec=1.53 | gpu_util_mean=18% gpu_util_max=34% | gpu_mem_mean=2.3/47.8GB
timesteps=8127616 | env_steps/sec=215.9 | episodes/sec=3.97 | gpu_util_mean=0% gpu_util_max=1% | gpu_mem_mean=2.3/47.8GB
timesteps=8128768 | env_steps/sec=219.6 | episodes/sec=3.43 | gpu_util_mean=0% gpu_util_max=1% | gpu_mem_mean=2.3/47.8GB
timesteps=8129920 | env_steps/sec=218.8 | episodes/sec=3.42 | gpu_util_mean=0% gpu_util_max=1% | gpu_mem_mean=2.3/47.8GB
timesteps=8131008 | env_steps/sec=217.3 | episodes/sec=2.60 | gpu_util_mean=0% gpu_util_max=1% | gpu_mem_mean=2.3/47.8GB
timesteps=8132096 | env_steps/sec=214.5 | episodes/sec=3.75 | gpu_util_mean=0% gpu_util_max=1% | gpu_mem_mean=2.3/47.8GB
timesteps=8133184 | env_steps/sec=217.4 | episodes/sec=3.40 | gpu_util_mean=0% gpu_util_max=1% | gpu_mem_mean=2.3/47.8GB
timesteps=8134272 | env_steps/sec=217.3 | episodes/sec=3.20 | gpu_util_mean=0% gpu_util_max=0% | gpu_mem_mean=2.3/47.8GB
timesteps=8135360 | env_steps/sec=217.5 | episodes/sec=3.40 | gpu_util_mean=0% gpu_util_max=1% | gpu_mem_mean=2.3/47.8GB
timesteps=8136448 | env_steps/sec=212.6 | episodes/sec=3.32 | gpu_util_mean=0% gpu_util_max=0% | gpu_mem_mean=2.3/47.8GB
timesteps=8137536 | env_steps/sec=210.3 | episodes/sec=3.67 | gpu_util_mean=0% gpu_util_max=0% | gpu_mem_mean=2.3/47.8GB
timesteps=8138624 | env_steps/sec=213.8 | episodes/sec=2.95 | gpu_util_mean=0% gpu_util_max=0% | gpu_mem_mean=2.3/47.8GB
timesteps=8139712 | env_steps/sec=215.0 | episodes/sec=3.56 | gpu_util_mean=0% gpu_util_max=1% | gpu_mem_mean=2.3/47.8GB
timesteps=8140800 | env_steps/sec=217.6 | episodes/sec=3.60 | gpu_util_mean=0% gpu_util_max=1% | gpu_mem_mean=2.3/47.8GB
timesteps=8141952 | env_steps/sec=222.4 | episodes/sec=3.09 | gpu_util_mean=0% gpu_util_max=1% | gpu_mem_mean=2.3/47.8GB
timesteps=8143104 | env_steps/sec=225.4 | episodes/sec=3.72 | gpu_util_mean=0% gpu_util_max=0% | gpu_mem_mean=2.3/47.8GB
timesteps=8144256 | env_steps/sec=217.0 | episodes/sec=3.20 | gpu_util_mean=0% gpu_util_max=0% | gpu_mem_mean=2.3/47.8GB
timesteps=8145344 | env_steps/sec=210.8 | episodes/sec=3.68 | gpu_util_mean=1% gpu_util_max=1% | gpu_mem_mean=2.3/47.8GB
timesteps=8146432 | env_steps/sec=209.5 | episodes/sec=3.47 | gpu_util_mean=0% gpu_util_max=0% | gpu_mem_mean=2.3/47.8GB
timesteps=8147520 | env_steps/sec=208.0 | episodes/sec=3.06 | gpu_util_mean=1% gpu_util_max=1% | gpu_mem_mean=2.3/47.8GB
timesteps=8148608 | env_steps/sec=211.9 | episodes/sec=2.73 | gpu_util_mean=0% gpu_util_max=0% | gpu_mem_mean=2.3/47.8GB
timesteps=8149760 | env_steps/sec=223.9 | episodes/sec=4.47 | gpu_util_mean=0% gpu_util_max=1% | gpu_mem_mean=2.3/47.8GB
timesteps=8150848 | env_steps/sec=208.9 | episodes/sec=2.88 | gpu_util_mean=0% gpu_util_max=0% | gpu_mem_mean=2.3/47.8GB
timesteps=8151936 | env_steps/sec=210.9 | episodes/sec=2.33 | gpu_util_mean=1% gpu_util_max=1% | gpu_mem_mean=2.3/47.8GB
timesteps=8152960 | env_steps/sec=203.9 | episodes/sec=2.99 | gpu_util_mean=0% gpu_util_max=0% | gpu_mem_mean=2.3/47.8GB
timesteps=8154112 | env_steps/sec=216.4 | episodes/sec=4.51 | gpu_util_mean=0% gpu_util_max=0% | gpu_mem_mean=2.3/47.8GB
timesteps=8155200 | env_steps/sec=213.6 | episodes/sec=3.53 | gpu_util_mean=0% gpu_util_max=1% | gpu_mem_mean=2.3/47.8GB
timesteps=8156288 | env_steps/sec=216.8 | episodes/sec=2.59 | gpu_util_mean=0% gpu_util_max=0% | gpu_mem_mean=2.3/47.8GB
timesteps=8157440 | env_steps/sec=222.9 | episodes/sec=3.87 | gpu_util_mean=0% gpu_util_max=1% | gpu_mem_mean=2.3/47.8GB
timesteps=8158592 | env_steps/sec=219.3 | episodes/sec=3.05 | gpu_util_mean=0% gpu_util_max=0% | gpu_mem_mean=2.3/47.8GB
------------------------------------------------------
| gpu/                                 |             |
|    gpu_count                         | 2           |
|    gpu_mem_total_gb_mean             | 47.8        |
|    gpu_mem_used_gb_mean              | 2.33        |
|    gpu_util_pct_max                  | 0           |
|    gpu_util_pct_mean                 | 0           |
| profile/                             |             |
|    hard/damage_mean                  | 0.351       |
|    hard/defense_damage_pct_mean      | 0.35        |
|    hard/defense_damage_reward_mean   | 0.0421      |
|    hard/defense_destroy_reward_mean  | 0.0121      |
|    hard/defenses_destroyed_mean      | 2.42        |
|    hard/ep_len_mean                  | 62.2        |
|    hard/ep_rew_mean                  | 0.602       |
|    hard/episodes_window              | 200         |
|    hard/freeze_casts_mean            | 2           |
|    hard/freeze_effect_reward_mean    | 0.0733      |
|    hard/frozen_threat_damage_pct_... | 0.0649      |
|    hard/frozen_threat_ticks_mean     | 62.2        |
|    hard/objective_shaping_reward_... | 0.0765      |
|    hard/p_all_spells_used            | 0.995       |
|    hard/p_damage_ge_90               | 0           |
|    hard/p_stars_ge_2                 | 0.045       |
|    hard/rage_bonus_damage_pct_mean   | 0.0102      |
|    hard/rage_bonus_defense_damage... | 0.00692     |
|    hard/rage_bonus_townhall_damag... | 0.015       |
|    hard/rage_casts_mean              | 2           |
|    hard/rage_effect_reward_mean      | 0.00356     |
|    hard/score_mean                   | 0.511       |
|    hard/spell_casts_mean             | 4           |
|    hard/spell_shaping_reward_mean    | 0.0767      |
|    hard/spells_remaining_mean        | 0.005       |
|    hard/stars_mean                   | 0.16        |
|    hard/ticks_mean                   | 618         |
|    hard/townhall_damage_pct_mean     | 0.177       |
|    hard/townhall_damage_reward_mean  | 0.0177      |
|    hard/townhall_destroy_reward_mean | 0.00475     |
|    hard/townhall_destroyed_rate      | 0.095       |
|    hard/truncated_rate               | 0.03        |
|    hard/unused_spell_penalty_mean    | 0.00015     |
|    hard/useful_freeze_casts_mean     | 2           |
|    hard/useful_rage_casts_mean       | 2           |
|    hard/wasted_spell_casts_mean      | 0           |
|    hard/wasted_spell_penalty_mean    | 0           |
|    medium/damage_mean                | 0.82        |
|    medium/defense_damage_pct_mean    | 0.769       |
|    medium/defense_damage_reward_mean | 0.0923      |
|    medium/defense_destroy_reward_... | 0.0177      |
|    medium/defenses_destroyed_mean    | 3.54        |
|    medium/ep_len_mean                | 69.7        |
|    medium/ep_rew_mean                | 3.15        |
|    medium/episodes_window            | 200         |
|    medium/freeze_casts_mean          | 1.94        |
|    medium/freeze_effect_reward_mean  | 0.0593      |
|    medium/frozen_threat_damage_pc... | 0.0519      |
|    medium/frozen_threat_ticks_mean   | 45          |
|    medium/objective_shaping_rewar... | 0.237       |
|    medium/p_all_spells_used          | 0.955       |
|    medium/p_damage_ge_90             | 0.44        |
|    medium/p_stars_ge_2               | 0.825       |
|    medium/rage_bonus_damage_pct_mean | 0.0279      |
|    medium/rage_bonus_defense_dama... | 0.0139      |
|    medium/rage_bonus_townhall_dam... | 0.069       |
|    medium/rage_casts_mean            | 1.99        |
|    medium/rage_effect_reward_mean    | 0.00975     |
|    medium/score_mean                 | 2.92        |
|    medium/spell_casts_mean           | 3.92        |
|    medium/spell_shaping_reward_mean  | 0.0666      |
|    medium/spells_remaining_mean      | 0.08        |
|    medium/stars_mean                 | 2.1         |
|    medium/ticks_mean                 | 693         |
|    medium/townhall_damage_pct_mean   | 0.858       |
|    medium/townhall_damage_reward_... | 0.0858      |
|    medium/townhall_destroy_reward... | 0.0413      |
|    medium/townhall_destroyed_rate    | 0.825       |
|    medium/truncated_rate             | 0.12        |
|    medium/unused_spell_penalty_mean  | 0.0024      |
|    medium/useful_freeze_casts_mean   | 1.94        |
|    medium/useful_rage_casts_mean     | 1.99        |
|    medium/wasted_spell_casts_mean    | 0           |
|    medium/wasted_spell_penalty_mean  | 0           |
| rollout/                             |             |
|    ep_len_mean                       | 64.6        |
|    ep_rew_mean                       | 1.28        |
| throughput/                          |             |
|    env_steps_per_sec                 | 219         |
|    episodes_per_sec                  | 3.05        |
| time/                                |             |
|    fps                               | 210         |
|    iterations                        | 4           |
|    time_elapsed                      | 622         |
|    total_timesteps                   | 8159232     |
| train/                               |             |
|    approx_kl                         | 0.009463161 |
|    clip_fraction                     | 0.0575      |
|    clip_range                        | 0.2         |
|    entropy_loss                      | -4.21       |
|    explained_variance                | 0.89        |
|    learning_rate                     | 0.0001      |
|    loss                              | -0.0308     |
|    n_updates                         | 2480        |
|    policy_gradient_loss              | -0.0143     |
|    value_loss                        | 0.0688      |
------------------------------------------------------
timesteps=8159296 | env_steps/sec=87.5 | episodes/sec=1.49 | gpu_util_mean=18% gpu_util_max=37% | gpu_mem_mean=2.3/47.8GB
timesteps=8160384 | env_steps/sec=204.7 | episodes/sec=3.20 | gpu_util_mean=1% gpu_util_max=1% | gpu_mem_mean=2.3/47.8GB
timesteps=8161472 | env_steps/sec=210.9 | episodes/sec=3.49 | gpu_util_mean=18% gpu_util_max=37% | gpu_mem_mean=2.3/47.8GB
timesteps=8162624 | env_steps/sec=219.9 | episodes/sec=3.44 | gpu_util_mean=0% gpu_util_max=1% | gpu_mem_mean=2.3/47.8GB
timesteps=8163776 | env_steps/sec=219.0 | episodes/sec=3.80 | gpu_util_mean=0% gpu_util_max=1% | gpu_mem_mean=2.3/47.8GB
timesteps=8164864 | env_steps/sec=215.6 | episodes/sec=2.97 | gpu_util_mean=0% gpu_util_max=1% | gpu_mem_mean=2.3/47.8GB
timesteps=8165952 | env_steps/sec=210.5 | episodes/sec=3.29 | gpu_util_mean=0% gpu_util_max=1% | gpu_mem_mean=2.3/47.8GB
timesteps=8167040 | env_steps/sec=210.5 | episodes/sec=2.71 | gpu_util_mean=1% gpu_util_max=1% | gpu_mem_mean=2.3/47.8GB
timesteps=8168128 | env_steps/sec=214.9 | episodes/sec=4.74 | gpu_util_mean=0% gpu_util_max=1% | gpu_mem_mean=2.3/47.8GB
timesteps=8169216 | env_steps/sec=211.2 | episodes/sec=3.30 | gpu_util_mean=0% gpu_util_max=1% | gpu_mem_mean=2.3/47.8GB
timesteps=8170304 | env_steps/sec=210.1 | episodes/sec=3.48 | gpu_util_mean=0% gpu_util_max=1% | gpu_mem_mean=2.3/47.8GB
timesteps=8171392 | env_steps/sec=206.5 | episodes/sec=2.85 | gpu_util_mean=1% gpu_util_max=1% | gpu_mem_mean=2.3/47.8GB
timesteps=8172480 | env_steps/sec=211.4 | episodes/sec=2.72 | gpu_util_mean=0% gpu_util_max=0% | gpu_mem_mean=2.3/47.8GB
timesteps=8173568 | env_steps/sec=214.9 | episodes/sec=4.34 | gpu_util_mean=0% gpu_util_max=0% | gpu_mem_mean=2.3/47.8GB
timesteps=8174720 | env_steps/sec=219.7 | episodes/sec=3.43 | gpu_util_mean=0% gpu_util_max=0% | gpu_mem_mean=2.3/47.8GB
timesteps=8175744 | env_steps/sec=203.3 | episodes/sec=3.18 | gpu_util_mean=0% gpu_util_max=0% | gpu_mem_mean=2.3/47.8GB
timesteps=8176832 | env_steps/sec=208.5 | episodes/sec=2.30 | gpu_util_mean=1% gpu_util_max=1% | gpu_mem_mean=2.3/47.8GB
timesteps=8177984 | env_steps/sec=224.7 | episodes/sec=4.68 | gpu_util_mean=0% gpu_util_max=0% | gpu_mem_mean=2.3/47.8GB
timesteps=8179136 | env_steps/sec=217.9 | episodes/sec=4.16 | gpu_util_mean=0% gpu_util_max=0% | gpu_mem_mean=2.3/47.8GB
timesteps=8180224 | env_steps/sec=211.3 | episodes/sec=2.14 | gpu_util_mean=1% gpu_util_max=1% | gpu_mem_mean=2.3/47.8GB
timesteps=8181312 | env_steps/sec=212.0 | episodes/sec=3.51 | gpu_util_mean=0% gpu_util_max=1% | gpu_mem_mean=2.3/47.8GB
timesteps=8182464 | env_steps/sec=218.5 | episodes/sec=3.79 | gpu_util_mean=0% gpu_util_max=1% | gpu_mem_mean=2.3/47.8GB
timesteps=8183552 | env_steps/sec=212.3 | episodes/sec=2.54 | gpu_util_mean=0% gpu_util_max=1% | gpu_mem_mean=2.3/47.8GB
timesteps=8184640 | env_steps/sec=214.3 | episodes/sec=3.15 | gpu_util_mean=0% gpu_util_max=1% | gpu_mem_mean=2.3/47.8GB
timesteps=8185728 | env_steps/sec=212.5 | episodes/sec=3.71 | gpu_util_mean=0% gpu_util_max=1% | gpu_mem_mean=2.3/47.8GB
timesteps=8186880 | env_steps/sec=219.3 | episodes/sec=4.19 | gpu_util_mean=0% gpu_util_max=1% | gpu_mem_mean=2.3/47.8GB
timesteps=8188032 | env_steps/sec=217.4 | episodes/sec=2.45 | gpu_util_mean=0% gpu_util_max=0% | gpu_mem_mean=2.3/47.8GB
timesteps=8189120 | env_steps/sec=212.5 | episodes/sec=3.12 | gpu_util_mean=0% gpu_util_max=1% | gpu_mem_mean=2.3/47.8GB
timesteps=8190208 | env_steps/sec=209.1 | episodes/sec=4.04 | gpu_util_mean=0% gpu_util_max=0% | gpu_mem_mean=2.3/47.8GB
timesteps=8191296 | env_steps/sec=216.6 | episodes/sec=2.59 | gpu_util_mean=0% gpu_util_max=1% | gpu_mem_mean=2.3/47.8GB
------------------------------------------------------
| gpu/                                 |             |
|    gpu_count                         | 2           |
|    gpu_mem_total_gb_mean             | 47.8        |
|    gpu_mem_used_gb_mean              | 2.33        |
|    gpu_util_pct_max                  | 1           |
|    gpu_util_pct_mean                 | 0.5         |
| profile/                             |             |
|    hard/damage_mean                  | 0.35        |
|    hard/defense_damage_pct_mean      | 0.348       |
|    hard/defense_damage_reward_mean   | 0.0418      |
|    hard/defense_destroy_reward_mean  | 0.0118      |
|    hard/defenses_destroyed_mean      | 2.35        |
|    hard/ep_len_mean                  | 61.8        |
|    hard/ep_rew_mean                  | 0.618       |
|    hard/episodes_window              | 200         |
|    hard/freeze_casts_mean            | 2           |
|    hard/freeze_effect_reward_mean    | 0.0745      |
|    hard/frozen_threat_damage_pct_... | 0.0654      |
|    hard/frozen_threat_ticks_mean     | 62.9        |
|    hard/objective_shaping_reward_... | 0.0767      |
|    hard/p_all_spells_used            | 1           |
|    hard/p_damage_ge_90               | 0           |
|    hard/p_stars_ge_2                 | 0.045       |
|    hard/rage_bonus_damage_pct_mean   | 0.00966     |
|    hard/rage_bonus_defense_damage... | 0.00746     |
|    hard/rage_bonus_townhall_damag... | 0.0155      |
|    hard/rage_casts_mean              | 2           |
|    hard/rage_effect_reward_mean      | 0.00338     |
|    hard/score_mean                   | 0.525       |
|    hard/spell_casts_mean             | 4           |
|    hard/spell_shaping_reward_mean    | 0.0779      |
|    hard/spells_remaining_mean        | 0           |
|    hard/stars_mean                   | 0.175       |
|    hard/ticks_mean                   | 613         |
|    hard/townhall_damage_pct_mean     | 0.186       |
|    hard/townhall_damage_reward_mean  | 0.0186      |
|    hard/townhall_destroy_reward_mean | 0.0045      |
|    hard/townhall_destroyed_rate      | 0.09        |
|    hard/truncated_rate               | 0.025       |
|    hard/unused_spell_penalty_mean    | 0           |
|    hard/useful_freeze_casts_mean     | 2           |
|    hard/useful_rage_casts_mean       | 2           |
|    hard/wasted_spell_casts_mean      | 0           |
|    hard/wasted_spell_penalty_mean    | 0           |
|    medium/damage_mean                | 0.827       |
|    medium/defense_damage_pct_mean    | 0.775       |
|    medium/defense_damage_reward_mean | 0.093       |
|    medium/defense_destroy_reward_... | 0.0176      |
|    medium/defenses_destroyed_mean    | 3.52        |
|    medium/ep_len_mean                | 70          |
|    medium/ep_rew_mean                | 3.16        |
|    medium/episodes_window            | 200         |
|    medium/freeze_casts_mean          | 1.92        |
|    medium/freeze_effect_reward_mean  | 0.0584      |
|    medium/frozen_threat_damage_pc... | 0.0508      |
|    medium/frozen_threat_ticks_mean   | 44.3        |
|    medium/objective_shaping_rewar... | 0.24        |
|    medium/p_all_spells_used          | 0.955       |
|    medium/p_damage_ge_90             | 0.44        |
|    medium/p_stars_ge_2               | 0.835       |
|    medium/rage_bonus_damage_pct_mean | 0.0287      |
|    medium/rage_bonus_defense_dama... | 0.0143      |
|    medium/rage_bonus_townhall_dam... | 0.068       |
|    medium/rage_casts_mean            | 1.97        |
|    medium/rage_effect_reward_mean    | 0.01        |
|    medium/score_mean                 | 2.93        |
|    medium/spell_casts_mean           | 3.88        |
|    medium/spell_shaping_reward_mean  | 0.065       |
|    medium/spells_remaining_mean      | 0.115       |
|    medium/stars_mean                 | 2.1         |
|    medium/ticks_mean                 | 696         |
|    medium/townhall_damage_pct_mean   | 0.88        |
|    medium/townhall_damage_reward_... | 0.088       |
|    medium/townhall_destroy_reward... | 0.0417      |
|    medium/townhall_destroyed_rate    | 0.835       |
|    medium/truncated_rate             | 0.105       |
|    medium/unused_spell_penalty_mean  | 0.00345     |
|    medium/useful_freeze_casts_mean   | 1.92        |
|    medium/useful_rage_casts_mean     | 1.97        |
|    medium/wasted_spell_casts_mean    | 0           |
|    medium/wasted_spell_penalty_mean  | 0           |
| rollout/                             |             |
|    ep_len_mean                       | 64.6        |
|    ep_rew_mean                       | 1.01        |
| throughput/                          |             |
|    env_steps_per_sec                 | 217         |
|    episodes_per_sec                  | 2.59        |
| time/                                |             |
|    fps                               | 209         |
|    iterations                        | 5           |
|    time_elapsed                      | 780         |
|    total_timesteps                   | 8192000     |
| train/                               |             |
|    approx_kl                         | 0.008901087 |
|    clip_fraction                     | 0.0572      |
|    clip_range                        | 0.2         |
|    entropy_loss                      | -4.16       |
|    explained_variance                | 0.9         |
|    learning_rate                     | 0.0001      |
|    loss                              | -0.036      |
|    n_updates                         | 2490        |
|    policy_gradient_loss              | -0.0143     |
|    value_loss                        | 0.0645      |
------------------------------------------------------
timesteps=8192064 | env_steps/sec=93.2 | episodes/sec=1.21 | gpu_util_mean=18% gpu_util_max=37% | gpu_mem_mean=2.3/47.8GB
timesteps=8193216 | env_steps/sec=217.6 | episodes/sec=3.97 | gpu_util_mean=0% gpu_util_max=1% | gpu_mem_mean=2.3/47.8GB
timesteps=8194304 | env_steps/sec=213.4 | episodes/sec=3.92 | gpu_util_mean=0% gpu_util_max=1% | gpu_mem_mean=2.3/47.8GB
timesteps=8195392 | env_steps/sec=212.8 | episodes/sec=2.74 | gpu_util_mean=18% gpu_util_max=35% | gpu_mem_mean=2.3/47.8GB
timesteps=8196480 | env_steps/sec=210.0 | episodes/sec=3.86 | gpu_util_mean=0% gpu_util_max=1% | gpu_mem_mean=2.3/47.8GB
timesteps=8197632 | env_steps/sec=217.4 | episodes/sec=3.21 | gpu_util_mean=0% gpu_util_max=1% | gpu_mem_mean=2.3/47.8GB
timesteps=8198720 | env_steps/sec=210.7 | episodes/sec=3.49 | gpu_util_mean=0% gpu_util_max=1% | gpu_mem_mean=2.3/47.8GB
timesteps=8199808 | env_steps/sec=204.7 | episodes/sec=2.26 | gpu_util_mean=0% gpu_util_max=0% | gpu_mem_mean=2.3/47.8GB
timesteps=8200896 | env_steps/sec=216.2 | episodes/sec=3.58 | gpu_util_mean=0% gpu_util_max=1% | gpu_mem_mean=2.3/47.8GB
timesteps=8202048 | env_steps/sec=219.3 | episodes/sec=4.57 | gpu_util_mean=0% gpu_util_max=0% | gpu_mem_mean=2.3/47.8GB
timesteps=8203136 | env_steps/sec=209.7 | episodes/sec=2.89 | gpu_util_mean=0% gpu_util_max=0% | gpu_mem_mean=2.3/47.8GB
timesteps=8204160 | env_steps/sec=201.8 | episodes/sec=2.56 | gpu_util_mean=0% gpu_util_max=1% | gpu_mem_mean=2.3/47.8GB
timesteps=8205248 | env_steps/sec=209.6 | episodes/sec=2.70 | gpu_util_mean=0% gpu_util_max=0% | gpu_mem_mean=2.3/47.8GB
timesteps=8206400 | env_steps/sec=222.0 | episodes/sec=4.63 | gpu_util_mean=0% gpu_util_max=0% | gpu_mem_mean=2.3/47.8GB
timesteps=8207552 | env_steps/sec=219.9 | episodes/sec=2.86 | gpu_util_mean=0% gpu_util_max=1% | gpu_mem_mean=2.3/47.8GB
timesteps=8208640 | env_steps/sec=215.4 | episodes/sec=3.37 | gpu_util_mean=0% gpu_util_max=0% | gpu_mem_mean=2.3/47.8GB
timesteps=8209792 | env_steps/sec=218.7 | episodes/sec=4.37 | gpu_util_mean=0% gpu_util_max=1% | gpu_mem_mean=2.3/47.8GB
timesteps=8210880 | env_steps/sec=215.3 | episodes/sec=2.77 | gpu_util_mean=0% gpu_util_max=1% | gpu_mem_mean=2.3/47.8GB
timesteps=8211968 | env_steps/sec=212.5 | episodes/sec=3.71 | gpu_util_mean=0% gpu_util_max=1% | gpu_mem_mean=2.3/47.8GB
timesteps=8213056 | env_steps/sec=210.8 | episodes/sec=2.91 | gpu_util_mean=0% gpu_util_max=0% | gpu_mem_mean=2.3/47.8GB
timesteps=8214208 | env_steps/sec=225.6 | episodes/sec=4.11 | gpu_util_mean=0% gpu_util_max=1% | gpu_mem_mean=2.3/47.8GB
timesteps=8215296 | env_steps/sec=212.7 | episodes/sec=3.52 | gpu_util_mean=0% gpu_util_max=1% | gpu_mem_mean=2.3/47.8GB
timesteps=8216384 | env_steps/sec=210.7 | episodes/sec=2.13 | gpu_util_mean=0% gpu_util_max=1% | gpu_mem_mean=2.3/47.8GB
timesteps=8217472 | env_steps/sec=217.2 | episodes/sec=3.79 | gpu_util_mean=0% gpu_util_max=0% | gpu_mem_mean=2.3/47.8GB
timesteps=8218624 | env_steps/sec=222.7 | episodes/sec=4.06 | gpu_util_mean=1% gpu_util_max=1% | gpu_mem_mean=2.3/47.8GB
timesteps=8219712 | env_steps/sec=214.1 | episodes/sec=2.76 | gpu_util_mean=0% gpu_util_max=0% | gpu_mem_mean=2.3/47.8GB
timesteps=8220800 | env_steps/sec=211.3 | episodes/sec=4.47 | gpu_util_mean=0% gpu_util_max=0% | gpu_mem_mean=2.3/47.8GB
timesteps=8221824 | env_steps/sec=202.9 | episodes/sec=3.37 | gpu_util_mean=0% gpu_util_max=0% | gpu_mem_mean=2.3/47.8GB
timesteps=8222912 | env_steps/sec=209.7 | episodes/sec=3.28 | gpu_util_mean=0% gpu_util_max=1% | gpu_mem_mean=2.3/47.8GB
timesteps=8224000 | env_steps/sec=212.8 | episodes/sec=1.96 | gpu_util_mean=0% gpu_util_max=1% | gpu_mem_mean=2.3/47.8GB
------------------------------------------------------
| gpu/                                 |             |
|    gpu_count                         | 2           |
|    gpu_mem_total_gb_mean             | 47.8        |
|    gpu_mem_used_gb_mean              | 2.33        |
|    gpu_util_pct_max                  | 1           |
|    gpu_util_pct_mean                 | 0.5         |
| profile/                             |             |
|    hard/damage_mean                  | 0.346       |
|    hard/defense_damage_pct_mean      | 0.334       |
|    hard/defense_damage_reward_mean   | 0.0401      |
|    hard/defense_destroy_reward_mean  | 0.0112      |
|    hard/defenses_destroyed_mean      | 2.23        |
|    hard/ep_len_mean                  | 61          |
|    hard/ep_rew_mean                  | 0.652       |
|    hard/episodes_window              | 200         |
|    hard/freeze_casts_mean            | 2           |
|    hard/freeze_effect_reward_mean    | 0.0704      |
|    hard/frozen_threat_damage_pct_... | 0.0617      |
|    hard/frozen_threat_ticks_mean     | 59.2        |
|    hard/objective_shaping_reward_... | 0.078       |
|    hard/p_all_spells_used            | 1           |
|    hard/p_damage_ge_90               | 0           |
|    hard/p_stars_ge_2                 | 0.055       |
|    hard/rage_bonus_damage_pct_mean   | 0.0093      |
|    hard/rage_bonus_defense_damage... | 0.00682     |
|    hard/rage_bonus_townhall_damag... | 0.011       |
|    hard/rage_casts_mean              | 2           |
|    hard/rage_effect_reward_mean      | 0.00325     |
|    hard/score_mean                   | 0.561       |
|    hard/spell_casts_mean             | 4           |
|    hard/spell_shaping_reward_mean    | 0.0737      |
|    hard/spells_remaining_mean        | 0           |
|    hard/stars_mean                   | 0.215       |
|    hard/ticks_mean                   | 606         |
|    hard/townhall_damage_pct_mean     | 0.2         |
|    hard/townhall_damage_reward_mean  | 0.02        |
|    hard/townhall_destroy_reward_mean | 0.00675     |
|    hard/townhall_destroyed_rate      | 0.135       |
|    hard/truncated_rate               | 0.005       |
|    hard/unused_spell_penalty_mean    | 0           |
|    hard/useful_freeze_casts_mean     | 2           |
|    hard/useful_rage_casts_mean       | 2           |
|    hard/wasted_spell_casts_mean      | 0           |
|    hard/wasted_spell_penalty_mean    | 0           |
|    medium/damage_mean                | 0.836       |
|    medium/defense_damage_pct_mean    | 0.786       |
|    medium/defense_damage_reward_mean | 0.0943      |
|    medium/defense_destroy_reward_... | 0.0182      |
|    medium/defenses_destroyed_mean    | 3.64        |
|    medium/ep_len_mean                | 69.9        |
|    medium/ep_rew_mean                | 3.21        |
|    medium/episodes_window            | 200         |
|    medium/freeze_casts_mean          | 1.93        |
|    medium/freeze_effect_reward_mean  | 0.0565      |
|    medium/frozen_threat_damage_pc... | 0.0495      |
|    medium/frozen_threat_ticks_mean   | 42.5        |
|    medium/objective_shaping_rewar... | 0.243       |
|    medium/p_all_spells_used          | 0.94        |
|    medium/p_damage_ge_90             | 0.475       |
|    medium/p_stars_ge_2               | 0.84        |
|    medium/rage_bonus_damage_pct_mean | 0.0303      |
|    medium/rage_bonus_defense_dama... | 0.0155      |
|    medium/rage_bonus_townhall_dam... | 0.0732      |
|    medium/rage_casts_mean            | 1.96        |
|    medium/rage_effect_reward_mean    | 0.0106      |
|    medium/score_mean                 | 2.97        |
|    medium/spell_casts_mean           | 3.88        |
|    medium/spell_shaping_reward_mean  | 0.0635      |
|    medium/spells_remaining_mean      | 0.12        |
|    medium/stars_mean                 | 2.13        |
|    medium/ticks_mean                 | 695         |
|    medium/townhall_damage_pct_mean   | 0.883       |
|    medium/townhall_damage_reward_... | 0.0883      |
|    medium/townhall_destroy_reward... | 0.042       |
|    medium/townhall_destroyed_rate    | 0.84        |
|    medium/truncated_rate             | 0.085       |
|    medium/unused_spell_penalty_mean  | 0.0036      |
|    medium/useful_freeze_casts_mean   | 1.93        |
|    medium/useful_rage_casts_mean     | 1.96        |
|    medium/wasted_spell_casts_mean    | 0           |
|    medium/wasted_spell_penalty_mean  | 0           |
| rollout/                             |             |
|    ep_len_mean                       | 62.1        |
|    ep_rew_mean                       | 1.24        |
| throughput/                          |             |
|    env_steps_per_sec                 | 213         |
|    episodes_per_sec                  | 1.96        |
| time/                                |             |
|    fps                               | 209         |
|    iterations                        | 6           |
|    time_elapsed                      | 938         |
|    total_timesteps                   | 8224768     |
| train/                               |             |
|    approx_kl                         | 0.009641131 |
|    clip_fraction                     | 0.0638      |
|    clip_range                        | 0.2         |
|    entropy_loss                      | -4.17       |
|    explained_variance                | 0.9         |
|    learning_rate                     | 0.0001      |
|    loss                              | -0.0317     |
|    n_updates                         | 2500        |
|    policy_gradient_loss              | -0.015      |
|    value_loss                        | 0.0612      |
------------------------------------------------------
timesteps=8224832 | env_steps/sec=100.2 | episodes/sec=2.17 | gpu_util_mean=18% gpu_util_max=37% | gpu_mem_mean=2.3/47.8GB
timesteps=8225984 | env_steps/sec=218.7 | episodes/sec=3.61 | gpu_util_mean=0% gpu_util_max=0% | gpu_mem_mean=2.3/47.8GB
timesteps=8227072 | env_steps/sec=214.8 | episodes/sec=3.55 | gpu_util_mean=0% gpu_util_max=0% | gpu_mem_mean=2.3/47.8GB
timesteps=8228160 | env_steps/sec=210.9 | episodes/sec=2.71 | gpu_util_mean=0% gpu_util_max=0% | gpu_mem_mean=2.3/47.8GB
timesteps=8229248 | env_steps/sec=211.8 | episodes/sec=3.70 | gpu_util_mean=18% gpu_util_max=37% | gpu_mem_mean=2.3/47.8GB
timesteps=8230336 | env_steps/sec=210.3 | episodes/sec=4.25 | gpu_util_mean=0% gpu_util_max=1% | gpu_mem_mean=2.3/47.8GB
timesteps=8231424 | env_steps/sec=212.0 | episodes/sec=2.14 | gpu_util_mean=0% gpu_util_max=0% | gpu_mem_mean=2.3/47.8GB
timesteps=8232512 | env_steps/sec=209.3 | episodes/sec=3.08 | gpu_util_mean=0% gpu_util_max=1% | gpu_mem_mean=2.3/47.8GB
timesteps=8233600 | env_steps/sec=211.4 | episodes/sec=3.69 | gpu_util_mean=0% gpu_util_max=0% | gpu_mem_mean=2.3/47.8GB
timesteps=8234688 | env_steps/sec=217.0 | episodes/sec=3.19 | gpu_util_mean=0% gpu_util_max=0% | gpu_mem_mean=2.3/47.8GB
timesteps=8235776 | env_steps/sec=207.9 | episodes/sec=3.06 | gpu_util_mean=0% gpu_util_max=0% | gpu_mem_mean=2.3/47.8GB
timesteps=8236864 | env_steps/sec=217.4 | episodes/sec=3.80 | gpu_util_mean=1% gpu_util_max=1% | gpu_mem_mean=2.3/47.8GB
timesteps=8237952 | env_steps/sec=209.1 | episodes/sec=3.84 | gpu_util_mean=0% gpu_util_max=0% | gpu_mem_mean=2.3/47.8GB
timesteps=8239040 | env_steps/sec=214.1 | episodes/sec=3.15 | gpu_util_mean=0% gpu_util_max=1% | gpu_mem_mean=2.3/47.8GB
timesteps=8240192 | env_steps/sec=218.9 | episodes/sec=2.85 | gpu_util_mean=0% gpu_util_max=0% | gpu_mem_mean=2.3/47.8GB
timesteps=8241280 | env_steps/sec=206.3 | episodes/sec=3.41 | gpu_util_mean=0% gpu_util_max=1% | gpu_mem_mean=2.3/47.8GB
timesteps=8242432 | env_steps/sec=218.5 | episodes/sec=4.17 | gpu_util_mean=0% gpu_util_max=0% | gpu_mem_mean=2.3/47.8GB
timesteps=8243520 | env_steps/sec=211.5 | episodes/sec=3.50 | gpu_util_mean=0% gpu_util_max=0% | gpu_mem_mean=2.3/47.8GB
timesteps=8244608 | env_steps/sec=208.6 | episodes/sec=2.49 | gpu_util_mean=0% gpu_util_max=0% | gpu_mem_mean=2.3/47.8GB
timesteps=8245760 | env_steps/sec=221.3 | episodes/sec=3.46 | gpu_util_mean=1% gpu_util_max=1% | gpu_mem_mean=2.3/47.8GB
timesteps=8246848 | env_steps/sec=214.3 | episodes/sec=3.74 | gpu_util_mean=0% gpu_util_max=0% | gpu_mem_mean=2.3/47.8GB
timesteps=8247936 | env_steps/sec=214.3 | episodes/sec=2.95 | gpu_util_mean=0% gpu_util_max=0% | gpu_mem_mean=2.3/47.8GB
timesteps=8249024 | env_steps/sec=216.0 | episodes/sec=3.97 | gpu_util_mean=1% gpu_util_max=1% | gpu_mem_mean=2.3/47.8GB
timesteps=8250176 | env_steps/sec=222.1 | episodes/sec=3.47 | gpu_util_mean=0% gpu_util_max=1% | gpu_mem_mean=2.3/47.8GB
timesteps=8251264 | env_steps/sec=213.1 | episodes/sec=3.53 | gpu_util_mean=0% gpu_util_max=0% | gpu_mem_mean=2.3/47.8GB
timesteps=8252416 | env_steps/sec=219.4 | episodes/sec=2.67 | gpu_util_mean=0% gpu_util_max=0% | gpu_mem_mean=2.3/47.8GB
timesteps=8253504 | env_steps/sec=213.1 | episodes/sec=3.72 | gpu_util_mean=0% gpu_util_max=1% | gpu_mem_mean=2.3/47.8GB
timesteps=8254528 | env_steps/sec=204.7 | episodes/sec=3.40 | gpu_util_mean=0% gpu_util_max=1% | gpu_mem_mean=2.3/47.8GB
timesteps=8255616 | env_steps/sec=212.1 | episodes/sec=2.92 | gpu_util_mean=0% gpu_util_max=1% | gpu_mem_mean=2.3/47.8GB
timesteps=8256704 | env_steps/sec=208.8 | episodes/sec=3.07 | gpu_util_mean=0% gpu_util_max=0% | gpu_mem_mean=2.3/47.8GB
------------------------------------------------------
| gpu/                                 |             |
|    gpu_count                         | 2           |
|    gpu_mem_total_gb_mean             | 47.8        |
|    gpu_mem_used_gb_mean              | 2.33        |
|    gpu_util_pct_max                  | 0           |
|    gpu_util_pct_mean                 | 0           |
| profile/                             |             |
|    hard/damage_mean                  | 0.349       |
|    hard/defense_damage_pct_mean      | 0.343       |
|    hard/defense_damage_reward_mean   | 0.0412      |
|    hard/defense_destroy_reward_mean  | 0.0117      |
|    hard/defenses_destroyed_mean      | 2.33        |
|    hard/ep_len_mean                  | 61.6        |
|    hard/ep_rew_mean                  | 0.637       |
|    hard/episodes_window              | 200         |
|    hard/freeze_casts_mean            | 2           |
|    hard/freeze_effect_reward_mean    | 0.0743      |
|    hard/frozen_threat_damage_pct_... | 0.0645      |
|    hard/frozen_threat_ticks_mean     | 62.7        |
|    hard/objective_shaping_reward_... | 0.0761      |
|    hard/p_all_spells_used            | 1           |
|    hard/p_damage_ge_90               | 0           |
|    hard/p_stars_ge_2                 | 0.07        |
|    hard/rage_bonus_damage_pct_mean   | 0.0105      |
|    hard/rage_bonus_defense_damage... | 0.00703     |
|    hard/rage_bonus_townhall_damag... | 0.0191      |
|    hard/rage_casts_mean              | 2           |
|    hard/rage_effect_reward_mean      | 0.00368     |
|    hard/score_mean                   | 0.544       |
|    hard/spell_casts_mean             | 4           |
|    hard/spell_shaping_reward_mean    | 0.078       |
|    hard/spells_remaining_mean        | 0           |
|    hard/stars_mean                   | 0.195       |
|    hard/ticks_mean                   | 611         |
|    hard/townhall_damage_pct_mean     | 0.183       |
|    hard/townhall_damage_reward_mean  | 0.0183      |
|    hard/townhall_destroy_reward_mean | 0.005       |
|    hard/townhall_destroyed_rate      | 0.1         |
|    hard/truncated_rate               | 0.015       |
|    hard/unused_spell_penalty_mean    | 0           |
|    hard/useful_freeze_casts_mean     | 2           |
|    hard/useful_rage_casts_mean       | 2           |
|    hard/wasted_spell_casts_mean      | 0           |
|    hard/wasted_spell_penalty_mean    | 0           |
|    medium/damage_mean                | 0.822       |
|    medium/defense_damage_pct_mean    | 0.768       |
|    medium/defense_damage_reward_mean | 0.0921      |
|    medium/defense_destroy_reward_... | 0.0179      |
|    medium/defenses_destroyed_mean    | 3.57        |
|    medium/ep_len_mean                | 69.2        |
|    medium/ep_rew_mean                | 3.16        |
|    medium/episodes_window            | 200         |
|    medium/freeze_casts_mean          | 1.95        |
|    medium/freeze_effect_reward_mean  | 0.0558      |
|    medium/frozen_threat_damage_pc... | 0.0496      |
|    medium/frozen_threat_ticks_mean   | 41.9        |
|    medium/objective_shaping_rewar... | 0.242       |
|    medium/p_all_spells_used          | 0.94        |
|    medium/p_damage_ge_90             | 0.44        |
|    medium/p_stars_ge_2               | 0.85        |
|    medium/rage_bonus_damage_pct_mean | 0.0286      |
|    medium/rage_bonus_defense_dama... | 0.015       |
|    medium/rage_bonus_townhall_dam... | 0.069       |
|    medium/rage_casts_mean            | 1.96        |
|    medium/rage_effect_reward_mean    | 0.00999     |
|    medium/score_mean                 | 2.92        |
|    medium/spell_casts_mean           | 3.9         |
|    medium/spell_shaping_reward_mean  | 0.0629      |
|    medium/spells_remaining_mean      | 0.095       |
|    medium/stars_mean                 | 2.1         |
|    medium/ticks_mean                 | 689         |
|    medium/townhall_damage_pct_mean   | 0.888       |
|    medium/townhall_damage_reward_... | 0.0888      |
|    medium/townhall_destroy_reward... | 0.0428      |
|    medium/townhall_destroyed_rate    | 0.855       |
|    medium/truncated_rate             | 0.11        |
|    medium/unused_spell_penalty_mean  | 0.00285     |
|    medium/useful_freeze_casts_mean   | 1.95        |
|    medium/useful_rage_casts_mean     | 1.96        |
|    medium/wasted_spell_casts_mean    | 0           |
|    medium/wasted_spell_penalty_mean  | 0           |
| rollout/                             |             |
|    ep_len_mean                       | 63.5        |
|    ep_rew_mean                       | 1.19        |
| throughput/                          |             |
|    env_steps_per_sec                 | 209         |
|    episodes_per_sec                  | 3.07        |
| time/                                |             |
|    fps                               | 209         |
|    iterations                        | 7           |
|    time_elapsed                      | 1096        |
|    total_timesteps                   | 8257536     |
| train/                               |             |
|    approx_kl                         | 0.009973123 |
|    clip_fraction                     | 0.0772      |
|    clip_range                        | 0.2         |
|    entropy_loss                      | -4.14       |
|    explained_variance                | 0.905       |
|    learning_rate                     | 0.0001      |
|    loss                              | -0.0428     |
|    n_updates                         | 2510        |
|    policy_gradient_loss              | -0.0165     |
|    value_loss                        | 0.0608      |
------------------------------------------------------
timesteps=8257600 | env_steps/sec=102.3 | episodes/sec=2.51 | gpu_util_mean=0% gpu_util_max=1% | gpu_mem_mean=2.3/47.8GB
timesteps=8258688 | env_steps/sec=207.9 | episodes/sec=2.87 | gpu_util_mean=0% gpu_util_max=1% | gpu_mem_mean=2.3/47.8GB
timesteps=8259776 | env_steps/sec=207.1 | episodes/sec=1.90 | gpu_util_mean=0% gpu_util_max=1% | gpu_mem_mean=2.3/47.8GB
timesteps=8260928 | env_steps/sec=219.8 | episodes/sec=4.96 | gpu_util_mean=0% gpu_util_max=1% | gpu_mem_mean=2.3/47.8GB
timesteps=8262016 | env_steps/sec=211.6 | episodes/sec=3.31 | gpu_util_mean=16% gpu_util_max=32% | gpu_mem_mean=2.3/47.8GB
timesteps=8263040 | env_steps/sec=195.0 | episodes/sec=2.28 | gpu_util_mean=0% gpu_util_max=1% | gpu_mem_mean=2.3/47.8GB
timesteps=8264064 | env_steps/sec=202.3 | episodes/sec=3.36 | gpu_util_mean=0% gpu_util_max=1% | gpu_mem_mean=2.3/47.8GB
timesteps=8265152 | env_steps/sec=213.1 | episodes/sec=4.31 | gpu_util_mean=0% gpu_util_max=0% | gpu_mem_mean=2.3/47.8GB
timesteps=8266240 | env_steps/sec=208.2 | episodes/sec=2.87 | gpu_util_mean=0% gpu_util_max=1% | gpu_mem_mean=2.3/47.8GB
timesteps=8267328 | env_steps/sec=211.3 | episodes/sec=2.14 | gpu_util_mean=0% gpu_util_max=1% | gpu_mem_mean=2.3/47.8GB
timesteps=8268416 | env_steps/sec=212.1 | episodes/sec=5.07 | gpu_util_mean=0% gpu_util_max=1% | gpu_mem_mean=2.3/47.8GB
timesteps=8269568 | env_steps/sec=225.1 | episodes/sec=3.91 | gpu_util_mean=0% gpu_util_max=1% | gpu_mem_mean=2.3/47.8GB
timesteps=8270656 | env_steps/sec=205.1 | episodes/sec=2.07 | gpu_util_mean=1% gpu_util_max=1% | gpu_mem_mean=2.3/47.8GB
timesteps=8271744 | env_steps/sec=210.3 | episodes/sec=2.32 | gpu_util_mean=0% gpu_util_max=0% | gpu_mem_mean=2.3/47.8GB
timesteps=8272832 | env_steps/sec=211.4 | episodes/sec=4.27 | gpu_util_mean=0% gpu_util_max=1% | gpu_mem_mean=2.3/47.8GB
timesteps=8273984 | env_steps/sec=218.5 | episodes/sec=4.36 | gpu_util_mean=0% gpu_util_max=1% | gpu_mem_mean=2.3/47.8GB
timesteps=8275072 | env_steps/sec=212.7 | episodes/sec=1.96 | gpu_util_mean=0% gpu_util_max=1% | gpu_mem_mean=2.3/47.8GB
timesteps=8276160 | env_steps/sec=216.7 | episodes/sec=3.98 | gpu_util_mean=0% gpu_util_max=1% | gpu_mem_mean=2.3/47.8GB
timesteps=8277312 | env_steps/sec=223.5 | episodes/sec=4.66 | gpu_util_mean=0% gpu_util_max=0% | gpu_mem_mean=2.3/47.8GB
timesteps=8278400 | env_steps/sec=211.4 | episodes/sec=2.91 | gpu_util_mean=0% gpu_util_max=1% | gpu_mem_mean=2.3/47.8GB
timesteps=8279488 | env_steps/sec=207.7 | episodes/sec=2.67 | gpu_util_mean=0% gpu_util_max=1% | gpu_mem_mean=2.3/47.8GB
timesteps=8280640 | env_steps/sec=220.7 | episodes/sec=3.45 | gpu_util_mean=0% gpu_util_max=1% | gpu_mem_mean=2.3/47.8GB
timesteps=8281728 | env_steps/sec=216.8 | episodes/sec=3.79 | gpu_util_mean=0% gpu_util_max=0% | gpu_mem_mean=2.3/47.8GB
timesteps=8282880 | env_steps/sec=218.1 | episodes/sec=2.65 | gpu_util_mean=0% gpu_util_max=0% | gpu_mem_mean=2.3/47.8GB
timesteps=8284032 | env_steps/sec=222.7 | episodes/sec=3.87 | gpu_util_mean=0% gpu_util_max=1% | gpu_mem_mean=2.3/47.8GB
timesteps=8285120 | env_steps/sec=212.8 | episodes/sec=3.72 | gpu_util_mean=0% gpu_util_max=0% | gpu_mem_mean=2.3/47.8GB
timesteps=8286272 | env_steps/sec=221.3 | episodes/sec=2.69 | gpu_util_mean=1% gpu_util_max=1% | gpu_mem_mean=2.3/47.8GB
timesteps=8287424 | env_steps/sec=224.1 | episodes/sec=4.09 | gpu_util_mean=0% gpu_util_max=0% | gpu_mem_mean=2.3/47.8GB
timesteps=8288512 | env_steps/sec=214.7 | episodes/sec=4.54 | gpu_util_mean=0% gpu_util_max=0% | gpu_mem_mean=2.3/47.8GB
timesteps=8289600 | env_steps/sec=210.4 | episodes/sec=2.51 | gpu_util_mean=0% gpu_util_max=1% | gpu_mem_mean=2.3/47.8GB
------------------------------------------------------
| gpu/                                 |             |
|    gpu_count                         | 2           |
|    gpu_mem_total_gb_mean             | 47.8        |
|    gpu_mem_used_gb_mean              | 2.33        |
|    gpu_util_pct_max                  | 1           |
|    gpu_util_pct_mean                 | 0.5         |
| profile/                             |             |
|    hard/damage_mean                  | 0.337       |
|    hard/defense_damage_pct_mean      | 0.341       |
|    hard/defense_damage_reward_mean   | 0.0409      |
|    hard/defense_destroy_reward_mean  | 0.0112      |
|    hard/defenses_destroyed_mean      | 2.23        |
|    hard/ep_len_mean                  | 61.4        |
|    hard/ep_rew_mean                  | 0.571       |
|    hard/episodes_window              | 200         |
|    hard/freeze_casts_mean            | 2           |
|    hard/freeze_effect_reward_mean    | 0.073       |
|    hard/frozen_threat_damage_pct_... | 0.065       |
|    hard/frozen_threat_ticks_mean     | 62.6        |
|    hard/objective_shaping_reward_... | 0.074       |
|    hard/p_all_spells_used            | 1           |
|    hard/p_damage_ge_90               | 0           |
|    hard/p_stars_ge_2                 | 0.045       |
|    hard/rage_bonus_damage_pct_mean   | 0.00971     |
|    hard/rage_bonus_defense_damage... | 0.00661     |
|    hard/rage_bonus_townhall_damag... | 0.0143      |
|    hard/rage_casts_mean              | 2           |
|    hard/rage_effect_reward_mean      | 0.0034      |
|    hard/score_mean                   | 0.482       |
|    hard/spell_casts_mean             | 4           |
|    hard/spell_shaping_reward_mean    | 0.0764      |
|    hard/spells_remaining_mean        | 0           |
|    hard/stars_mean                   | 0.145       |
|    hard/ticks_mean                   | 610         |
|    hard/townhall_damage_pct_mean     | 0.177       |
|    hard/townhall_damage_reward_mean  | 0.0177      |
|    hard/townhall_destroy_reward_mean | 0.00425     |
|    hard/townhall_destroyed_rate      | 0.085       |
|    hard/truncated_rate               | 0.015       |
|    hard/unused_spell_penalty_mean    | 0           |
|    hard/useful_freeze_casts_mean     | 2           |
|    hard/useful_rage_casts_mean       | 2           |
|    hard/wasted_spell_casts_mean      | 0           |
|    hard/wasted_spell_penalty_mean    | 0           |
|    medium/damage_mean                | 0.826       |
|    medium/defense_damage_pct_mean    | 0.763       |
|    medium/defense_damage_reward_mean | 0.0916      |
|    medium/defense_destroy_reward_... | 0.0178      |
|    medium/defenses_destroyed_mean    | 3.56        |
|    medium/ep_len_mean                | 70          |
|    medium/ep_rew_mean                | 3.19        |
|    medium/episodes_window            | 200         |
|    medium/freeze_casts_mean          | 1.97        |
|    medium/freeze_effect_reward_mean  | 0.0565      |
|    medium/frozen_threat_damage_pc... | 0.0499      |
|    medium/frozen_threat_ticks_mean   | 43.1        |
|    medium/objective_shaping_rewar... | 0.242       |
|    medium/p_all_spells_used          | 0.97        |
|    medium/p_damage_ge_90             | 0.455       |
|    medium/p_stars_ge_2               | 0.85        |
|    medium/rage_bonus_damage_pct_mean | 0.0293      |
|    medium/rage_bonus_defense_dama... | 0.0141      |
|    medium/rage_bonus_townhall_dam... | 0.0722      |
|    medium/rage_casts_mean            | 1.98        |
|    medium/rage_effect_reward_mean    | 0.0102      |
|    medium/score_mean                 | 2.95        |
|    medium/spell_casts_mean           | 3.94        |
|    medium/spell_shaping_reward_mean  | 0.0649      |
|    medium/spells_remaining_mean      | 0.06        |
|    medium/stars_mean                 | 2.12        |
|    medium/ticks_mean                 | 696         |
|    medium/townhall_damage_pct_mean   | 0.898       |
|    medium/townhall_damage_reward_... | 0.0898      |
|    medium/townhall_destroy_reward... | 0.0428      |
|    medium/townhall_destroyed_rate    | 0.855       |
|    medium/truncated_rate             | 0.11        |
|    medium/unused_spell_penalty_mean  | 0.0018      |
|    medium/useful_freeze_casts_mean   | 1.97        |
|    medium/useful_rage_casts_mean     | 1.98        |
|    medium/wasted_spell_casts_mean    | 0           |
|    medium/wasted_spell_penalty_mean  | 0           |
| rollout/                             |             |
|    ep_len_mean                       | 63.4        |
|    ep_rew_mean                       | 1.32        |
| throughput/                          |             |
|    env_steps_per_sec                 | 210         |
|    episodes_per_sec                  | 2.51        |
| time/                                |             |
|    fps                               | 208         |
|    iterations                        | 8           |
|    time_elapsed                      | 1254        |
|    total_timesteps                   | 8290304     |
| train/                               |             |
|    approx_kl                         | 0.010309851 |
|    clip_fraction                     | 0.0706      |
|    clip_range                        | 0.2         |
|    entropy_loss                      | -4.13       |
|    explained_variance                | 0.907       |
|    learning_rate                     | 0.0001      |
|    loss                              | -0.0379     |
|    n_updates                         | 2520        |
|    policy_gradient_loss              | -0.016      |
|    value_loss                        | 0.0579      |
------------------------------------------------------
timesteps=8290368 | env_steps/sec=91.7 | episodes/sec=1.07 | gpu_util_mean=7% gpu_util_max=14% | gpu_mem_mean=2.3/47.8GB
timesteps=8291456 | env_steps/sec=209.8 | episodes/sec=3.09 | gpu_util_mean=0% gpu_util_max=0% | gpu_mem_mean=2.3/47.8GB
timesteps=8292544 | env_steps/sec=214.8 | episodes/sec=5.13 | gpu_util_mean=1% gpu_util_max=1% | gpu_mem_mean=2.3/47.8GB
timesteps=8293632 | env_steps/sec=207.8 | episodes/sec=2.48 | gpu_util_mean=0% gpu_util_max=0% | gpu_mem_mean=2.3/47.8GB
timesteps=8294720 | env_steps/sec=215.3 | episodes/sec=3.36 | gpu_util_mean=0% gpu_util_max=1% | gpu_mem_mean=2.3/47.8GB
timesteps=8295808 | env_steps/sec=210.9 | episodes/sec=2.13 | gpu_util_mean=19% gpu_util_max=37% | gpu_mem_mean=2.3/47.8GB
timesteps=8296960 | env_steps/sec=221.5 | episodes/sec=5.19 | gpu_util_mean=0% gpu_util_max=0% | gpu_mem_mean=2.3/47.8GB
timesteps=8297984 | env_steps/sec=198.3 | episodes/sec=2.71 | gpu_util_mean=0% gpu_util_max=1% | gpu_mem_mean=2.3/47.8GB
timesteps=8299072 | env_steps/sec=210.8 | episodes/sec=2.71 | gpu_util_mean=0% gpu_util_max=1% | gpu_mem_mean=2.3/47.8GB
timesteps=8300224 | env_steps/sec=217.8 | episodes/sec=4.54 | gpu_util_mean=0% gpu_util_max=1% | gpu_mem_mean=2.3/47.8GB
timesteps=8301312 | env_steps/sec=211.9 | episodes/sec=3.12 | gpu_util_mean=0% gpu_util_max=1% | gpu_mem_mean=2.3/47.8GB
timesteps=8302400 | env_steps/sec=205.6 | episodes/sec=2.84 | gpu_util_mean=1% gpu_util_max=1% | gpu_mem_mean=2.3/47.8GB
timesteps=8303488 | env_steps/sec=208.7 | episodes/sec=3.07 | gpu_util_mean=0% gpu_util_max=1% | gpu_mem_mean=2.3/47.8GB
timesteps=8304576 | env_steps/sec=213.5 | episodes/sec=4.51 | gpu_util_mean=0% gpu_util_max=1% | gpu_mem_mean=2.3/47.8GB
timesteps=8305664 | env_steps/sec=208.2 | episodes/sec=3.25 | gpu_util_mean=0% gpu_util_max=1% | gpu_mem_mean=2.3/47.8GB
timesteps=8306752 | env_steps/sec=206.8 | episodes/sec=2.28 | gpu_util_mean=0% gpu_util_max=1% | gpu_mem_mean=2.3/47.8GB
timesteps=8307840 | env_steps/sec=210.1 | episodes/sec=4.25 | gpu_util_mean=0% gpu_util_max=1% | gpu_mem_mean=2.3/47.8GB
timesteps=8308928 | env_steps/sec=210.8 | episodes/sec=3.49 | gpu_util_mean=0% gpu_util_max=0% | gpu_mem_mean=2.3/47.8GB
timesteps=8310016 | env_steps/sec=213.8 | episodes/sec=3.73 | gpu_util_mean=0% gpu_util_max=0% | gpu_mem_mean=2.3/47.8GB
timesteps=8311104 | env_steps/sec=216.3 | episodes/sec=1.79 | gpu_util_mean=0% gpu_util_max=1% | gpu_mem_mean=2.3/47.8GB
timesteps=8312256 | env_steps/sec=218.1 | episodes/sec=3.98 | gpu_util_mean=0% gpu_util_max=0% | gpu_mem_mean=2.3/47.8GB
timesteps=8313344 | env_steps/sec=215.5 | episodes/sec=4.16 | gpu_util_mean=0% gpu_util_max=1% | gpu_mem_mean=2.3/47.8GB
timesteps=8314432 | env_steps/sec=207.4 | episodes/sec=2.48 | gpu_util_mean=0% gpu_util_max=0% | gpu_mem_mean=2.3/47.8GB
timesteps=8315520 | env_steps/sec=215.5 | episodes/sec=2.97 | gpu_util_mean=0% gpu_util_max=0% | gpu_mem_mean=2.3/47.8GB
timesteps=8316608 | env_steps/sec=215.3 | episodes/sec=3.36 | gpu_util_mean=0% gpu_util_max=1% | gpu_mem_mean=2.3/47.8GB
timesteps=8317696 | env_steps/sec=214.8 | episodes/sec=4.94 | gpu_util_mean=0% gpu_util_max=1% | gpu_mem_mean=2.3/47.8GB
timesteps=8318784 | env_steps/sec=211.5 | episodes/sec=1.17 | gpu_util_mean=0% gpu_util_max=0% | gpu_mem_mean=2.3/47.8GB
timesteps=8319936 | env_steps/sec=219.9 | episodes/sec=4.20 | gpu_util_mean=0% gpu_util_max=0% | gpu_mem_mean=2.3/47.8GB
timesteps=8321024 | env_steps/sec=213.5 | episodes/sec=4.32 | gpu_util_mean=0% gpu_util_max=1% | gpu_mem_mean=2.3/47.8GB
timesteps=8322112 | env_steps/sec=211.1 | episodes/sec=2.72 | gpu_util_mean=1% gpu_util_max=1% | gpu_mem_mean=2.3/47.8GB
------------------------------------------------------
| gpu/                                 |             |
|    gpu_count                         | 2           |
|    gpu_mem_total_gb_mean             | 47.8        |
|    gpu_mem_used_gb_mean              | 2.33        |
|    gpu_util_pct_max                  | 1           |
|    gpu_util_pct_mean                 | 1           |
| profile/                             |             |
|    hard/damage_mean                  | 0.346       |
|    hard/defense_damage_pct_mean      | 0.34        |
|    hard/defense_damage_reward_mean   | 0.0408      |
|    hard/defense_destroy_reward_mean  | 0.0117      |
|    hard/defenses_destroyed_mean      | 2.35        |
|    hard/ep_len_mean                  | 61.7        |
|    hard/ep_rew_mean                  | 0.627       |
|    hard/episodes_window              | 200         |
|    hard/freeze_casts_mean            | 2           |
|    hard/freeze_effect_reward_mean    | 0.0729      |
|    hard/frozen_threat_damage_pct_... | 0.0637      |
|    hard/frozen_threat_ticks_mean     | 60.7        |
|    hard/objective_shaping_reward_... | 0.0765      |
|    hard/p_all_spells_used            | 1           |
|    hard/p_damage_ge_90               | 0           |
|    hard/p_stars_ge_2                 | 0.06        |
|    hard/rage_bonus_damage_pct_mean   | 0.00902     |
|    hard/rage_bonus_defense_damage... | 0.00639     |
|    hard/rage_bonus_townhall_damag... | 0.0128      |
|    hard/rage_casts_mean              | 2           |
|    hard/rage_effect_reward_mean      | 0.00316     |
|    hard/score_mean                   | 0.536       |
|    hard/spell_casts_mean             | 4           |
|    hard/spell_shaping_reward_mean    | 0.076       |
|    hard/spells_remaining_mean        | 0           |
|    hard/stars_mean                   | 0.19        |
|    hard/ticks_mean                   | 612         |
|    hard/townhall_damage_pct_mean     | 0.188       |
|    hard/townhall_damage_reward_mean  | 0.0188      |
|    hard/townhall_destroy_reward_mean | 0.00525     |
|    hard/townhall_destroyed_rate      | 0.105       |
|    hard/truncated_rate               | 0.01        |
|    hard/unused_spell_penalty_mean    | 0           |
|    hard/useful_freeze_casts_mean     | 2           |
|    hard/useful_rage_casts_mean       | 2           |
|    hard/wasted_spell_casts_mean      | 0           |
|    hard/wasted_spell_penalty_mean    | 0           |
|    medium/damage_mean                | 0.821       |
|    medium/defense_damage_pct_mean    | 0.772       |
|    medium/defense_damage_reward_mean | 0.0926      |
|    medium/defense_destroy_reward_... | 0.018       |
|    medium/defenses_destroyed_mean    | 3.6         |
|    medium/ep_len_mean                | 69.8        |
|    medium/ep_rew_mean                | 3.18        |
|    medium/episodes_window            | 200         |
|    medium/freeze_casts_mean          | 1.92        |
|    medium/freeze_effect_reward_mean  | 0.056       |
|    medium/frozen_threat_damage_pc... | 0.0494      |
|    medium/frozen_threat_ticks_mean   | 42.8        |
|    medium/objective_shaping_rewar... | 0.241       |
|    medium/p_all_spells_used          | 0.955       |
|    medium/p_damage_ge_90             | 0.485       |
|    medium/p_stars_ge_2               | 0.83        |
|    medium/rage_bonus_damage_pct_mean | 0.0303      |
|    medium/rage_bonus_defense_dama... | 0.0196      |
|    medium/rage_bonus_townhall_dam... | 0.0744      |
|    medium/rage_casts_mean            | 2           |
|    medium/rage_effect_reward_mean    | 0.0106      |
|    medium/score_mean                 | 2.95        |
|    medium/spell_casts_mean           | 3.91        |
|    medium/spell_shaping_reward_mean  | 0.0639      |
|    medium/spells_remaining_mean      | 0.09        |
|    medium/stars_mean                 | 2.12        |
|    medium/ticks_mean                 | 694         |
|    medium/townhall_damage_pct_mean   | 0.882       |
|    medium/townhall_damage_reward_... | 0.0882      |
|    medium/townhall_destroy_reward... | 0.042       |
|    medium/townhall_destroyed_rate    | 0.84        |
|    medium/truncated_rate             | 0.11        |
|    medium/unused_spell_penalty_mean  | 0.0027      |
|    medium/useful_freeze_casts_mean   | 1.92        |
|    medium/useful_rage_casts_mean     | 2           |
|    medium/wasted_spell_casts_mean    | 0           |
|    medium/wasted_spell_penalty_mean  | 0           |
| rollout/                             |             |
|    ep_len_mean                       | 64.7        |
|    ep_rew_mean                       | 1.25        |
| throughput/                          |             |
|    env_steps_per_sec                 | 211         |
|    episodes_per_sec                  | 2.72        |
| time/                                |             |
|    fps                               | 208         |
|    iterations                        | 9           |
|    time_elapsed                      | 1413        |
|    total_timesteps                   | 8323072     |
| train/                               |             |
|    approx_kl                         | 0.009409383 |
|    clip_fraction                     | 0.0535      |
|    clip_range                        | 0.2         |
|    entropy_loss                      | -4.17       |
|    explained_variance                | 0.91        |
|    learning_rate                     | 0.0001      |
|    loss                              | -0.0329     |
|    n_updates                         | 2530        |
|    policy_gradient_loss              | -0.0148     |
|    value_loss                        | 0.0597      |
------------------------------------------------------
timesteps=8323136 | env_steps/sec=106.1 | episodes/sec=1.35 | gpu_util_mean=18% gpu_util_max=36% | gpu_mem_mean=2.3/47.8GB
timesteps=8324224 | env_steps/sec=207.0 | episodes/sec=3.80 | gpu_util_mean=0% gpu_util_max=0% | gpu_mem_mean=2.3/47.8GB
timesteps=8325312 | env_steps/sec=209.5 | episodes/sec=4.43 | gpu_util_mean=0% gpu_util_max=0% | gpu_mem_mean=2.3/47.8GB
timesteps=8326336 | env_steps/sec=202.6 | episodes/sec=1.58 | gpu_util_mean=0% gpu_util_max=1% | gpu_mem_mean=2.3/47.8GB
timesteps=8327424 | env_steps/sec=214.1 | episodes/sec=3.54 | gpu_util_mean=0% gpu_util_max=0% | gpu_mem_mean=2.3/47.8GB
timesteps=8328576 | env_steps/sec=218.8 | episodes/sec=4.56 | gpu_util_mean=0% gpu_util_max=0% | gpu_mem_mean=2.3/47.8GB
timesteps=8329664 | env_steps/sec=217.5 | episodes/sec=3.00 | gpu_util_mean=10% gpu_util_max=20% | gpu_mem_mean=2.3/47.8GB
timesteps=8330752 | env_steps/sec=206.8 | episodes/sec=2.09 | gpu_util_mean=0% gpu_util_max=0% | gpu_mem_mean=2.3/47.8GB
timesteps=8331840 | env_steps/sec=211.8 | episodes/sec=4.48 | gpu_util_mean=0% gpu_util_max=0% | gpu_mem_mean=2.3/47.8GB
timesteps=8332928 | env_steps/sec=210.3 | episodes/sec=3.87 | gpu_util_mean=0% gpu_util_max=0% | gpu_mem_mean=2.3/47.8GB
timesteps=8334016 | env_steps/sec=211.7 | episodes/sec=2.53 | gpu_util_mean=0% gpu_util_max=0% | gpu_mem_mean=2.3/47.8GB
timesteps=8335040 | env_steps/sec=204.6 | episodes/sec=2.40 | gpu_util_mean=0% gpu_util_max=0% | gpu_mem_mean=2.3/47.8GB
timesteps=8336192 | env_steps/sec=219.1 | episodes/sec=4.18 | gpu_util_mean=0% gpu_util_max=0% | gpu_mem_mean=2.3/47.8GB
timesteps=8337280 | env_steps/sec=211.1 | episodes/sec=3.69 | gpu_util_mean=0% gpu_util_max=1% | gpu_mem_mean=2.3/47.8GB
timesteps=8338368 | env_steps/sec=207.3 | episodes/sec=2.86 | gpu_util_mean=0% gpu_util_max=1% | gpu_mem_mean=2.3/47.8GB
timesteps=8339456 | env_steps/sec=212.5 | episodes/sec=2.34 | gpu_util_mean=0% gpu_util_max=1% | gpu_mem_mean=2.3/47.8GB
timesteps=8340544 | env_steps/sec=211.0 | episodes/sec=4.65 | gpu_util_mean=0% gpu_util_max=1% | gpu_mem_mean=2.3/47.8GB
timesteps=8341632 | env_steps/sec=209.8 | episodes/sec=3.28 | gpu_util_mean=0% gpu_util_max=1% | gpu_mem_mean=2.3/47.8GB
timesteps=8342720 | env_steps/sec=215.1 | episodes/sec=3.16 | gpu_util_mean=0% gpu_util_max=1% | gpu_mem_mean=2.3/47.8GB
timesteps=8343808 | env_steps/sec=217.2 | episodes/sec=3.79 | gpu_util_mean=0% gpu_util_max=1% | gpu_mem_mean=2.3/47.8GB
timesteps=8344896 | env_steps/sec=216.8 | episodes/sec=3.98 | gpu_util_mean=1% gpu_util_max=1% | gpu_mem_mean=2.3/47.8GB
timesteps=8345984 | env_steps/sec=214.4 | episodes/sec=2.17 | gpu_util_mean=0% gpu_util_max=1% | gpu_mem_mean=2.3/47.8GB
timesteps=8347136 | env_steps/sec=218.7 | episodes/sec=3.04 | gpu_util_mean=0% gpu_util_max=0% | gpu_mem_mean=2.3/47.8GB
timesteps=8348288 | env_steps/sec=219.9 | episodes/sec=4.96 | gpu_util_mean=0% gpu_util_max=1% | gpu_mem_mean=2.3/47.8GB
timesteps=8349376 | env_steps/sec=214.5 | episodes/sec=3.35 | gpu_util_mean=1% gpu_util_max=1% | gpu_mem_mean=2.3/47.8GB
timesteps=8350400 | env_steps/sec=200.0 | episodes/sec=1.95 | gpu_util_mean=0% gpu_util_max=1% | gpu_mem_mean=2.3/47.8GB
timesteps=8351488 | env_steps/sec=213.5 | episodes/sec=4.32 | gpu_util_mean=0% gpu_util_max=0% | gpu_mem_mean=2.3/47.8GB
timesteps=8352576 | env_steps/sec=214.2 | episodes/sec=3.94 | gpu_util_mean=1% gpu_util_max=1% | gpu_mem_mean=2.3/47.8GB
timesteps=8353664 | env_steps/sec=213.2 | episodes/sec=2.74 | gpu_util_mean=0% gpu_util_max=0% | gpu_mem_mean=2.3/47.8GB
timesteps=8354752 | env_steps/sec=208.7 | episodes/sec=2.49 | gpu_util_mean=0% gpu_util_max=1% | gpu_mem_mean=2.3/47.8GB
------------------------------------------------------
| gpu/                                 |             |
|    gpu_count                         | 2           |
|    gpu_mem_total_gb_mean             | 47.8        |
|    gpu_mem_used_gb_mean              | 2.33        |
|    gpu_util_pct_max                  | 1           |
|    gpu_util_pct_mean                 | 0.5         |
| profile/                             |             |
|    hard/damage_mean                  | 0.352       |
|    hard/defense_damage_pct_mean      | 0.341       |
|    hard/defense_damage_reward_mean   | 0.0409      |
|    hard/defense_destroy_reward_mean  | 0.0116      |
|    hard/defenses_destroyed_mean      | 2.31        |
|    hard/ep_len_mean                  | 60.7        |
|    hard/ep_rew_mean                  | 0.64        |
|    hard/episodes_window              | 200         |
|    hard/freeze_casts_mean            | 2           |
|    hard/freeze_effect_reward_mean    | 0.0719      |
|    hard/frozen_threat_damage_pct_... | 0.0625      |
|    hard/frozen_threat_ticks_mean     | 59.9        |
|    hard/objective_shaping_reward_... | 0.0779      |
|    hard/p_all_spells_used            | 1           |
|    hard/p_damage_ge_90               | 0           |
|    hard/p_stars_ge_2                 | 0.045       |
|    hard/rage_bonus_damage_pct_mean   | 0.00922     |
|    hard/rage_bonus_defense_damage... | 0.00649     |
|    hard/rage_bonus_townhall_damag... | 0.0159      |
|    hard/rage_casts_mean              | 2           |
|    hard/rage_effect_reward_mean      | 0.00323     |
|    hard/score_mean                   | 0.547       |
|    hard/spell_casts_mean             | 4           |
|    hard/spell_shaping_reward_mean    | 0.0751      |
|    hard/spells_remaining_mean        | 0           |
|    hard/stars_mean                   | 0.195       |
|    hard/ticks_mean                   | 602         |
|    hard/townhall_damage_pct_mean     | 0.202       |
|    hard/townhall_damage_reward_mean  | 0.0202      |
|    hard/townhall_destroy_reward_mean | 0.00525     |
|    hard/townhall_destroyed_rate      | 0.105       |
|    hard/truncated_rate               | 0.01        |
|    hard/unused_spell_penalty_mean    | 0           |
|    hard/useful_freeze_casts_mean     | 2           |
|    hard/useful_rage_casts_mean       | 2           |
|    hard/wasted_spell_casts_mean      | 0           |
|    hard/wasted_spell_penalty_mean    | 0           |
|    medium/damage_mean                | 0.828       |
|    medium/defense_damage_pct_mean    | 0.781       |
|    medium/defense_damage_reward_mean | 0.0937      |
|    medium/defense_destroy_reward_... | 0.0178      |
|    medium/defenses_destroyed_mean    | 3.56        |
|    medium/ep_len_mean                | 70.1        |
|    medium/ep_rew_mean                | 3.16        |
|    medium/episodes_window            | 200         |
|    medium/freeze_casts_mean          | 1.94        |
|    medium/freeze_effect_reward_mean  | 0.0593      |
|    medium/frozen_threat_damage_pc... | 0.0523      |
|    medium/frozen_threat_ticks_mean   | 45.1        |
|    medium/objective_shaping_rewar... | 0.241       |
|    medium/p_all_spells_used          | 0.965       |
|    medium/p_damage_ge_90             | 0.54        |
|    medium/p_stars_ge_2               | 0.84        |
|    medium/rage_bonus_damage_pct_mean | 0.0313      |
|    medium/rage_bonus_defense_dama... | 0.0162      |
|    medium/rage_bonus_townhall_dam... | 0.0779      |
|    medium/rage_casts_mean            | 2           |
|    medium/rage_effect_reward_mean    | 0.0109      |
|    medium/score_mean                 | 2.92        |
|    medium/spell_casts_mean           | 3.93        |
|    medium/spell_shaping_reward_mean  | 0.0682      |
|    medium/spells_remaining_mean      | 0.07        |
|    medium/stars_mean                 | 2.1         |
|    medium/ticks_mean                 | 697         |
|    medium/townhall_damage_pct_mean   | 0.872       |
|    medium/townhall_damage_reward_... | 0.0872      |
|    medium/townhall_destroy_reward... | 0.0422      |
|    medium/townhall_destroyed_rate    | 0.845       |
|    medium/truncated_rate             | 0.135       |
|    medium/unused_spell_penalty_mean  | 0.0021      |
|    medium/useful_freeze_casts_mean   | 1.94        |
|    medium/useful_rage_casts_mean     | 2           |
|    medium/wasted_spell_casts_mean    | 0           |
|    medium/wasted_spell_penalty_mean  | 0           |
| rollout/                             |             |
|    ep_len_mean                       | 63.1        |
|    ep_rew_mean                       | 1.25        |
| throughput/                          |             |
|    env_steps_per_sec                 | 209         |
|    episodes_per_sec                  | 2.49        |
| time/                                |             |
|    fps                               | 208         |
|    iterations                        | 10          |
|    time_elapsed                      | 1572        |
|    total_timesteps                   | 8355840     |
| train/                               |             |
|    approx_kl                         | 0.008237573 |
|    clip_fraction                     | 0.0488      |
|    clip_range                        | 0.2         |
|    entropy_loss                      | -4.15       |
|    explained_variance                | 0.887       |
|    learning_rate                     | 0.0001      |
|    loss                              | -0.0355     |
|    n_updates                         | 2540        |
|    policy_gradient_loss              | -0.0144     |
|    value_loss                        | 0.0737      |
------------------------------------------------------
timesteps=8355904 | env_steps/sec=116.8 | episodes/sec=2.43 | gpu_util_mean=18% gpu_util_max=37% | gpu_mem_mean=2.3/47.8GB
timesteps=8357056 | env_steps/sec=229.9 | episodes/sec=3.79 | gpu_util_mean=0% gpu_util_max=1% | gpu_mem_mean=2.3/47.8GB
timesteps=8358144 | env_steps/sec=211.2 | episodes/sec=2.13 | gpu_util_mean=0% gpu_util_max=1% | gpu_mem_mean=2.3/47.8GB
timesteps=8359232 | env_steps/sec=213.7 | episodes/sec=3.73 | gpu_util_mean=0% gpu_util_max=1% | gpu_mem_mean=2.3/47.8GB
timesteps=8360320 | env_steps/sec=216.2 | episodes/sec=3.58 | gpu_util_mean=0% gpu_util_max=1% | gpu_mem_mean=2.3/47.8GB
timesteps=8361408 | env_steps/sec=209.2 | episodes/sec=3.65 | gpu_util_mean=0% gpu_util_max=1% | gpu_mem_mean=2.3/47.8GB
timesteps=8362496 | env_steps/sec=216.0 | episodes/sec=2.38 | gpu_util_mean=18% gpu_util_max=36% | gpu_mem_mean=2.3/47.8GB
timesteps=8363584 | env_steps/sec=206.8 | episodes/sec=4.18 | gpu_util_mean=0% gpu_util_max=0% | gpu_mem_mean=2.3/47.8GB
timesteps=8364672 | env_steps/sec=215.7 | episodes/sec=3.17 | gpu_util_mean=1% gpu_util_max=1% | gpu_mem_mean=2.3/47.8GB
timesteps=8365824 | env_steps/sec=220.1 | episodes/sec=3.25 | gpu_util_mean=0% gpu_util_max=0% | gpu_mem_mean=2.3/47.8GB
timesteps=8366912 | env_steps/sec=211.2 | episodes/sec=3.30 | gpu_util_mean=0% gpu_util_max=0% | gpu_mem_mean=2.3/47.8GB
timesteps=8368000 | env_steps/sec=212.3 | episodes/sec=4.49 | gpu_util_mean=0% gpu_util_max=0% | gpu_mem_mean=2.3/47.8GB
timesteps=8369152 | env_steps/sec=218.2 | episodes/sec=2.84 | gpu_util_mean=0% gpu_util_max=0% | gpu_mem_mean=2.3/47.8GB
timesteps=8370240 | env_steps/sec=208.5 | episodes/sec=2.87 | gpu_util_mean=1% gpu_util_max=1% | gpu_mem_mean=2.3/47.8GB
timesteps=8371328 | env_steps/sec=206.1 | episodes/sec=3.41 | gpu_util_mean=0% gpu_util_max=0% | gpu_mem_mean=2.3/47.8GB
timesteps=8372416 | env_steps/sec=207.7 | episodes/sec=3.44 | gpu_util_mean=0% gpu_util_max=0% | gpu_mem_mean=2.3/47.8GB
timesteps=8373504 | env_steps/sec=210.8 | episodes/sec=3.10 | gpu_util_mean=0% gpu_util_max=1% | gpu_mem_mean=2.3/47.8GB
timesteps=8374592 | env_steps/sec=211.4 | episodes/sec=3.30 | gpu_util_mean=0% gpu_util_max=0% | gpu_mem_mean=2.3/47.8GB
timesteps=8375744 | env_steps/sec=218.7 | episodes/sec=3.99 | gpu_util_mean=0% gpu_util_max=0% | gpu_mem_mean=2.3/47.8GB
timesteps=8376832 | env_steps/sec=216.0 | episodes/sec=2.58 | gpu_util_mean=0% gpu_util_max=0% | gpu_mem_mean=2.3/47.8GB
timesteps=8377920 | env_steps/sec=213.1 | episodes/sec=4.51 | gpu_util_mean=0% gpu_util_max=1% | gpu_mem_mean=2.3/47.8GB
timesteps=8379008 | env_steps/sec=208.2 | episodes/sec=2.68 | gpu_util_mean=0% gpu_util_max=0% | gpu_mem_mean=2.3/47.8GB
timesteps=8380160 | env_steps/sec=220.4 | episodes/sec=3.06 | gpu_util_mean=0% gpu_util_max=0% | gpu_mem_mean=2.3/47.8GB
timesteps=8381248 | env_steps/sec=216.5 | episodes/sec=3.98 | gpu_util_mean=1% gpu_util_max=1% | gpu_mem_mean=2.3/47.8GB
timesteps=8382336 | env_steps/sec=214.4 | episodes/sec=3.74 | gpu_util_mean=0% gpu_util_max=0% | gpu_mem_mean=2.3/47.8GB
timesteps=8383424 | env_steps/sec=208.3 | episodes/sec=2.87 | gpu_util_mean=1% gpu_util_max=1% | gpu_mem_mean=2.3/47.8GB
timesteps=8384576 | env_steps/sec=217.5 | episodes/sec=3.02 | gpu_util_mean=0% gpu_util_max=1% | gpu_mem_mean=2.3/47.8GB
timesteps=8385664 | env_steps/sec=216.8 | episodes/sec=3.79 | gpu_util_mean=0% gpu_util_max=1% | gpu_mem_mean=2.3/47.8GB
timesteps=8386816 | env_steps/sec=218.4 | episodes/sec=3.79 | gpu_util_mean=0% gpu_util_max=1% | gpu_mem_mean=2.3/47.8GB
timesteps=8387968 | env_steps/sec=219.2 | episodes/sec=2.66 | gpu_util_mean=0% gpu_util_max=1% | gpu_mem_mean=2.3/47.8GB
-------------------------------------------------------
| gpu/                                 |              |
|    gpu_count                         | 2            |
|    gpu_mem_total_gb_mean             | 47.8         |
|    gpu_mem_used_gb_mean              | 2.33         |
|    gpu_util_pct_max                  | 1            |
|    gpu_util_pct_mean                 | 0.5          |
| profile/                             |              |
|    hard/damage_mean                  | 0.339        |
|    hard/defense_damage_pct_mean      | 0.34         |
|    hard/defense_damage_reward_mean   | 0.0409       |
|    hard/defense_destroy_reward_mean  | 0.0117       |
|    hard/defenses_destroyed_mean      | 2.33         |
|    hard/ep_len_mean                  | 61.2         |
|    hard/ep_rew_mean                  | 0.578        |
|    hard/episodes_window              | 200          |
|    hard/freeze_casts_mean            | 1.99         |
|    hard/freeze_effect_reward_mean    | 0.0733       |
|    hard/frozen_threat_damage_pct_... | 0.0639       |
|    hard/frozen_threat_ticks_mean     | 60.6         |
|    hard/objective_shaping_reward_... | 0.0741       |
|    hard/p_all_spells_used            | 0.995        |
|    hard/p_damage_ge_90               | 0            |
|    hard/p_stars_ge_2                 | 0.05         |
|    hard/rage_bonus_damage_pct_mean   | 0.00826      |
|    hard/rage_bonus_defense_damage... | 0.00651      |
|    hard/rage_bonus_townhall_damag... | 0.011        |
|    hard/rage_casts_mean              | 1.99         |
|    hard/rage_effect_reward_mean      | 0.00289      |
|    hard/score_mean                   | 0.489        |
|    hard/spell_casts_mean             | 3.98         |
|    hard/spell_shaping_reward_mean    | 0.0756       |
|    hard/spells_remaining_mean        | 0.02         |
|    hard/stars_mean                   | 0.15         |
|    hard/ticks_mean                   | 607          |
|    hard/townhall_damage_pct_mean     | 0.171        |
|    hard/townhall_damage_reward_mean  | 0.0171       |
|    hard/townhall_destroy_reward_mean | 0.0045       |
|    hard/townhall_destroyed_rate      | 0.09         |
|    hard/truncated_rate               | 0.01         |
|    hard/unused_spell_penalty_mean    | 0.0006       |
|    hard/useful_freeze_casts_mean     | 1.99         |
|    hard/useful_rage_casts_mean       | 1.99         |
|    hard/wasted_spell_casts_mean      | 0            |
|    hard/wasted_spell_penalty_mean    | 0            |
|    medium/damage_mean                | 0.829        |
|    medium/defense_damage_pct_mean    | 0.777        |
|    medium/defense_damage_reward_mean | 0.0932       |
|    medium/defense_destroy_reward_... | 0.0178       |
|    medium/defenses_destroyed_mean    | 3.56         |
|    medium/ep_len_mean                | 70.2         |
|    medium/ep_rew_mean                | 3.25         |
|    medium/episodes_window            | 200          |
|    medium/freeze_casts_mean          | 1.95         |
|    medium/freeze_effect_reward_mean  | 0.061        |
|    medium/frozen_threat_damage_pc... | 0.0542       |
|    medium/frozen_threat_ticks_mean   | 47.3         |
|    medium/objective_shaping_rewar... | 0.247        |
|    medium/p_all_spells_used          | 0.975        |
|    medium/p_damage_ge_90             | 0.495        |
|    medium/p_stars_ge_2               | 0.89         |
|    medium/rage_bonus_damage_pct_mean | 0.0314       |
|    medium/rage_bonus_defense_dama... | 0.0138       |
|    medium/rage_bonus_townhall_dam... | 0.0827       |
|    medium/rage_casts_mean            | 2            |
|    medium/rage_effect_reward_mean    | 0.011        |
|    medium/score_mean                 | 3            |
|    medium/spell_casts_mean           | 3.94         |
|    medium/spell_shaping_reward_mean  | 0.0703       |
|    medium/spells_remaining_mean      | 0.055        |
|    medium/stars_mean                 | 2.17         |
|    medium/ticks_mean                 | 698          |
|    medium/townhall_damage_pct_mean   | 0.908        |
|    medium/townhall_damage_reward_... | 0.0908       |
|    medium/townhall_destroy_reward... | 0.0447       |
|    medium/townhall_destroyed_rate    | 0.895        |
|    medium/truncated_rate             | 0.1          |
|    medium/unused_spell_penalty_mean  | 0.00165      |
|    medium/useful_freeze_casts_mean   | 1.95         |
|    medium/useful_rage_casts_mean     | 2            |
|    medium/wasted_spell_casts_mean    | 0            |
|    medium/wasted_spell_penalty_mean  | 0            |
| rollout/                             |              |
|    ep_len_mean                       | 63.9         |
|    ep_rew_mean                       | 1.24         |
| throughput/                          |              |
|    env_steps_per_sec                 | 219          |
|    episodes_per_sec                  | 2.66         |
| time/                                |              |
|    fps                               | 208          |
|    iterations                        | 11           |
|    time_elapsed                      | 1730         |
|    total_timesteps                   | 8388608      |
| train/                               |              |
|    approx_kl                         | 0.0072754584 |
|    clip_fraction                     | 0.051        |
|    clip_range                        | 0.2          |
|    entropy_loss                      | -4.13        |
|    explained_variance                | 0.906        |
|    learning_rate                     | 0.0001       |
|    loss                              | -0.034       |
|    n_updates                         | 2550         |
|    policy_gradient_loss              | -0.0146      |
|    value_loss                        | 0.0609       |
-------------------------------------------------------
timesteps=8388672 | env_steps/sec=78.2 | episodes/sec=1.67 | gpu_util_mean=0% gpu_util_max=0% | gpu_mem_mean=2.3/47.8GB
timesteps=8389760 | env_steps/sec=215.7 | episodes/sec=3.37 | gpu_util_mean=0% gpu_util_max=0% | gpu_mem_mean=2.3/47.8GB
timesteps=8390912 | env_steps/sec=219.0 | episodes/sec=2.85 | gpu_util_mean=0% gpu_util_max=0% | gpu_mem_mean=2.3/47.8GB
timesteps=8392064 | env_steps/sec=223.2 | episodes/sec=2.71 | gpu_util_mean=0% gpu_util_max=1% | gpu_mem_mean=2.3/47.8GB
timesteps=8393280 | env_steps/sec=234.1 | episodes/sec=5.01 | gpu_util_mean=0% gpu_util_max=1% | gpu_mem_mean=2.3/47.8GB
timesteps=8394368 | env_steps/sec=208.9 | episodes/sec=3.07 | gpu_util_mean=0% gpu_util_max=1% | gpu_mem_mean=2.3/47.8GB
timesteps=8395456 | env_steps/sec=216.4 | episodes/sec=2.19 | gpu_util_mean=0% gpu_util_max=1% | gpu_mem_mean=2.3/47.8GB
timesteps=8396544 | env_steps/sec=215.6 | episodes/sec=5.55 | gpu_util_mean=18% gpu_util_max=36% | gpu_mem_mean=2.3/47.8GB
timesteps=8397632 | env_steps/sec=207.5 | episodes/sec=2.86 | gpu_util_mean=0% gpu_util_max=1% | gpu_mem_mean=2.3/47.8GB
timesteps=8398656 | env_steps/sec=203.9 | episodes/sec=1.99 | gpu_util_mean=0% gpu_util_max=0% | gpu_mem_mean=2.3/47.8GB
timesteps=8399744 | env_steps/sec=207.3 | episodes/sec=2.67 | gpu_util_mean=0% gpu_util_max=1% | gpu_mem_mean=2.3/47.8GB
timesteps=8400832 | env_steps/sec=212.3 | episodes/sec=5.66 | gpu_util_mean=0% gpu_util_max=0% | gpu_mem_mean=2.3/47.8GB
timesteps=8401920 | env_steps/sec=212.6 | episodes/sec=2.15 | gpu_util_mean=1% gpu_util_max=1% | gpu_mem_mean=2.3/47.8GB
timesteps=8403008 | env_steps/sec=213.2 | episodes/sec=2.35 | gpu_util_mean=0% gpu_util_max=1% | gpu_mem_mean=2.3/47.8GB
timesteps=8404160 | env_steps/sec=218.8 | episodes/sec=4.94 | gpu_util_mean=0% gpu_util_max=0% | gpu_mem_mean=2.3/47.8GB
timesteps=8405248 | env_steps/sec=217.2 | episodes/sec=2.80 | gpu_util_mean=0% gpu_util_max=0% | gpu_mem_mean=2.3/47.8GB
timesteps=8406336 | env_steps/sec=216.1 | episodes/sec=2.78 | gpu_util_mean=0% gpu_util_max=1% | gpu_mem_mean=2.3/47.8GB
timesteps=8407424 | env_steps/sec=212.6 | episodes/sec=2.93 | gpu_util_mean=0% gpu_util_max=0% | gpu_mem_mean=2.3/47.8GB
timesteps=8408576 | env_steps/sec=227.3 | episodes/sec=5.13 | gpu_util_mean=0% gpu_util_max=0% | gpu_mem_mean=2.3/47.8GB
timesteps=8409664 | env_steps/sec=212.6 | episodes/sec=2.93 | gpu_util_mean=0% gpu_util_max=1% | gpu_mem_mean=2.3/47.8GB
timesteps=8410752 | env_steps/sec=213.4 | episodes/sec=2.75 | gpu_util_mean=0% gpu_util_max=0% | gpu_mem_mean=2.3/47.8GB
timesteps=8411840 | env_steps/sec=214.2 | episodes/sec=4.33 | gpu_util_mean=0% gpu_util_max=0% | gpu_mem_mean=2.3/47.8GB
timesteps=8412928 | env_steps/sec=212.5 | episodes/sec=3.52 | gpu_util_mean=1% gpu_util_max=1% | gpu_mem_mean=2.3/47.8GB
timesteps=8414016 | env_steps/sec=211.1 | episodes/sec=2.52 | gpu_util_mean=0% gpu_util_max=0% | gpu_mem_mean=2.3/47.8GB
timesteps=8415104 | env_steps/sec=214.8 | episodes/sec=2.37 | gpu_util_mean=0% gpu_util_max=0% | gpu_mem_mean=2.3/47.8GB
timesteps=8416256 | env_steps/sec=219.8 | episodes/sec=4.77 | gpu_util_mean=0% gpu_util_max=0% | gpu_mem_mean=2.3/47.8GB
timesteps=8417408 | env_steps/sec=218.2 | episodes/sec=4.17 | gpu_util_mean=0% gpu_util_max=1% | gpu_mem_mean=2.3/47.8GB
timesteps=8418496 | env_steps/sec=210.1 | episodes/sec=1.93 | gpu_util_mean=0% gpu_util_max=1% | gpu_mem_mean=2.3/47.8GB
timesteps=8419648 | env_steps/sec=220.2 | episodes/sec=3.44 | gpu_util_mean=0% gpu_util_max=0% | gpu_mem_mean=2.3/47.8GB
timesteps=8420800 | env_steps/sec=227.8 | episodes/sec=4.35 | gpu_util_mean=0% gpu_util_max=0% | gpu_mem_mean=2.3/47.8GB
------------------------------------------------------
| gpu/                                 |             |
|    gpu_count                         | 2           |
|    gpu_mem_total_gb_mean             | 47.8        |
|    gpu_mem_used_gb_mean              | 2.33        |
|    gpu_util_pct_max                  | 0           |
|    gpu_util_pct_mean                 | 0           |
| profile/                             |             |
|    hard/damage_mean                  | 0.351       |
|    hard/defense_damage_pct_mean      | 0.343       |
|    hard/defense_damage_reward_mean   | 0.0412      |
|    hard/defense_destroy_reward_mean  | 0.0119      |
|    hard/defenses_destroyed_mean      | 2.37        |
|    hard/ep_len_mean                  | 62.2        |
|    hard/ep_rew_mean                  | 0.686       |
|    hard/episodes_window              | 200         |
|    hard/freeze_casts_mean            | 2           |
|    hard/freeze_effect_reward_mean    | 0.0694      |
|    hard/frozen_threat_damage_pct_... | 0.0602      |
|    hard/frozen_threat_ticks_mean     | 58.9        |
|    hard/objective_shaping_reward_... | 0.0799      |
|    hard/p_all_spells_used            | 0.995       |
|    hard/p_damage_ge_90               | 0           |
|    hard/p_stars_ge_2                 | 0.085       |
|    hard/rage_bonus_damage_pct_mean   | 0.00869     |
|    hard/rage_bonus_defense_damage... | 0.00708     |
|    hard/rage_bonus_townhall_damag... | 0.0108      |
|    hard/rage_casts_mean              | 1.99        |
|    hard/rage_effect_reward_mean      | 0.00304     |
|    hard/score_mean                   | 0.596       |
|    hard/spell_casts_mean             | 3.99        |
|    hard/spell_shaping_reward_mean    | 0.0721      |
|    hard/spells_remaining_mean        | 0.01        |
|    hard/stars_mean                   | 0.245       |
|    hard/ticks_mean                   | 618         |
|    hard/townhall_damage_pct_mean     | 0.201       |
|    hard/townhall_damage_reward_mean  | 0.0201      |
|    hard/townhall_destroy_reward_mean | 0.00675     |
|    hard/townhall_destroyed_rate      | 0.135       |
|    hard/truncated_rate               | 0.03        |
|    hard/unused_spell_penalty_mean    | 0.0003      |
|    hard/useful_freeze_casts_mean     | 2           |
|    hard/useful_rage_casts_mean       | 1.99        |
|    hard/wasted_spell_casts_mean      | 0           |
|    hard/wasted_spell_penalty_mean    | 0           |
|    medium/damage_mean                | 0.843       |
|    medium/defense_damage_pct_mean    | 0.779       |
|    medium/defense_damage_reward_mean | 0.0934      |
|    medium/defense_destroy_reward_... | 0.0182      |
|    medium/defenses_destroyed_mean    | 3.65        |
|    medium/ep_len_mean                | 69.5        |
|    medium/ep_rew_mean                | 3.34        |
|    medium/episodes_window            | 200         |
|    medium/freeze_casts_mean          | 1.94        |
|    medium/freeze_effect_reward_mean  | 0.0568      |
|    medium/frozen_threat_damage_pc... | 0.0503      |
|    medium/frozen_threat_ticks_mean   | 43.5        |
|    medium/objective_shaping_rewar... | 0.25        |
|    medium/p_all_spells_used          | 0.95        |
|    medium/p_damage_ge_90             | 0.49        |
|    medium/p_stars_ge_2               | 0.895       |
|    medium/rage_bonus_damage_pct_mean | 0.0301      |
|    medium/rage_bonus_defense_dama... | 0.014       |
|    medium/rage_bonus_townhall_dam... | 0.0792      |
|    medium/rage_casts_mean            | 1.98        |
|    medium/rage_effect_reward_mean    | 0.0105      |
|    medium/score_mean                 | 3.09        |
|    medium/spell_casts_mean           | 3.91        |
|    medium/spell_shaping_reward_mean  | 0.0647      |
|    medium/spells_remaining_mean      | 0.09        |
|    medium/stars_mean                 | 2.25        |
|    medium/ticks_mean                 | 691         |
|    medium/townhall_damage_pct_mean   | 0.927       |
|    medium/townhall_damage_reward_... | 0.0927      |
|    medium/townhall_destroy_reward... | 0.0452      |
|    medium/townhall_destroyed_rate    | 0.905       |
|    medium/truncated_rate             | 0.085       |
|    medium/unused_spell_penalty_mean  | 0.0027      |
|    medium/useful_freeze_casts_mean   | 1.94        |
|    medium/useful_rage_casts_mean     | 1.98        |
|    medium/wasted_spell_casts_mean    | 0           |
|    medium/wasted_spell_penalty_mean  | 0           |
| rollout/                             |             |
|    ep_len_mean                       | 63.5        |
|    ep_rew_mean                       | 1.41        |
| throughput/                          |             |
|    env_steps_per_sec                 | 228         |
|    episodes_per_sec                  | 4.35        |
| time/                                |             |
|    fps                               | 208         |
|    iterations                        | 12          |
|    time_elapsed                      | 1887        |
|    total_timesteps                   | 8421376     |
| train/                               |             |
|    approx_kl                         | 0.009852311 |
|    clip_fraction                     | 0.0545      |
|    clip_range                        | 0.2         |
|    entropy_loss                      | -4.12       |
|    explained_variance                | 0.92        |
|    learning_rate                     | 0.0001      |
|    loss                              | -0.0408     |
|    n_updates                         | 2560        |
|    policy_gradient_loss              | -0.0144     |
|    value_loss                        | 0.0516      |
------------------------------------------------------
timesteps=8421440 | env_steps/sec=83.0 | episodes/sec=1.69 | gpu_util_mean=17% gpu_util_max=33% | gpu_mem_mean=2.3/47.8GB
timesteps=8422528 | env_steps/sec=216.2 | episodes/sec=2.19 | gpu_util_mean=1% gpu_util_max=1% | gpu_mem_mean=2.3/47.8GB
timesteps=8423680 | env_steps/sec=217.4 | episodes/sec=3.21 | gpu_util_mean=0% gpu_util_max=1% | gpu_mem_mean=2.3/47.8GB
timesteps=8424832 | env_steps/sec=219.8 | episodes/sec=4.20 | gpu_util_mean=0% gpu_util_max=0% | gpu_mem_mean=2.3/47.8GB
timesteps=8425920 | env_steps/sec=215.5 | episodes/sec=3.57 | gpu_util_mean=0% gpu_util_max=0% | gpu_mem_mean=2.3/47.8GB
timesteps=8427072 | env_steps/sec=218.0 | episodes/sec=2.65 | gpu_util_mean=0% gpu_util_max=0% | gpu_mem_mean=2.3/47.8GB
timesteps=8428160 | env_steps/sec=210.7 | episodes/sec=4.07 | gpu_util_mean=0% gpu_util_max=0% | gpu_mem_mean=2.3/47.8GB
timesteps=8429312 | env_steps/sec=222.7 | episodes/sec=3.67 | gpu_util_mean=0% gpu_util_max=1% | gpu_mem_mean=2.3/47.8GB
timesteps=8430400 | env_steps/sec=213.9 | episodes/sec=2.56 | gpu_util_mean=18% gpu_util_max=37% | gpu_mem_mean=2.3/47.8GB
timesteps=8431552 | env_steps/sec=218.7 | episodes/sec=3.80 | gpu_util_mean=0% gpu_util_max=0% | gpu_mem_mean=2.3/47.8GB
timesteps=8432640 | env_steps/sec=210.7 | episodes/sec=4.26 | gpu_util_mean=0% gpu_util_max=1% | gpu_mem_mean=2.3/47.8GB
timesteps=8433728 | env_steps/sec=213.1 | episodes/sec=2.15 | gpu_util_mean=0% gpu_util_max=1% | gpu_mem_mean=2.3/47.8GB
timesteps=8434816 | env_steps/sec=214.7 | episodes/sec=3.95 | gpu_util_mean=0% gpu_util_max=1% | gpu_mem_mean=2.3/47.8GB
timesteps=8435904 | env_steps/sec=211.5 | episodes/sec=3.30 | gpu_util_mean=0% gpu_util_max=0% | gpu_mem_mean=2.3/47.8GB
timesteps=8436992 | env_steps/sec=206.5 | episodes/sec=3.23 | gpu_util_mean=0% gpu_util_max=1% | gpu_mem_mean=2.3/47.8GB
timesteps=8438080 | env_steps/sec=216.1 | episodes/sec=3.18 | gpu_util_mean=0% gpu_util_max=0% | gpu_mem_mean=2.3/47.8GB
timesteps=8439168 | env_steps/sec=210.0 | episodes/sec=3.09 | gpu_util_mean=0% gpu_util_max=1% | gpu_mem_mean=2.3/47.8GB
timesteps=8440320 | env_steps/sec=217.3 | episodes/sec=4.15 | gpu_util_mean=0% gpu_util_max=0% | gpu_mem_mean=2.3/47.8GB
timesteps=8441472 | env_steps/sec=219.1 | episodes/sec=3.04 | gpu_util_mean=0% gpu_util_max=0% | gpu_mem_mean=2.3/47.8GB
timesteps=8442624 | env_steps/sec=221.8 | episodes/sec=4.04 | gpu_util_mean=0% gpu_util_max=1% | gpu_mem_mean=2.3/47.8GB
timesteps=8443712 | env_steps/sec=207.1 | episodes/sec=3.24 | gpu_util_mean=1% gpu_util_max=1% | gpu_mem_mean=2.3/47.8GB
timesteps=8444800 | env_steps/sec=212.7 | episodes/sec=3.32 | gpu_util_mean=0% gpu_util_max=0% | gpu_mem_mean=2.3/47.8GB
timesteps=8445888 | env_steps/sec=216.3 | episodes/sec=2.19 | gpu_util_mean=0% gpu_util_max=0% | gpu_mem_mean=2.3/47.8GB
timesteps=8447040 | env_steps/sec=221.1 | episodes/sec=4.61 | gpu_util_mean=0% gpu_util_max=1% | gpu_mem_mean=2.3/47.8GB
timesteps=8448128 | env_steps/sec=214.8 | episodes/sec=4.15 | gpu_util_mean=0% gpu_util_max=0% | gpu_mem_mean=2.3/47.8GB
timesteps=8449216 | env_steps/sec=206.8 | episodes/sec=1.71 | gpu_util_mean=0% gpu_util_max=1% | gpu_mem_mean=2.3/47.8GB
timesteps=8450304 | env_steps/sec=209.8 | episodes/sec=3.08 | gpu_util_mean=0% gpu_util_max=1% | gpu_mem_mean=2.3/47.8GB
timesteps=8451392 | env_steps/sec=213.4 | episodes/sec=3.92 | gpu_util_mean=0% gpu_util_max=1% | gpu_mem_mean=2.3/47.8GB
timesteps=8452480 | env_steps/sec=211.6 | episodes/sec=4.28 | gpu_util_mean=0% gpu_util_max=0% | gpu_mem_mean=2.3/47.8GB
timesteps=8453568 | env_steps/sec=212.0 | episodes/sec=1.95 | gpu_util_mean=0% gpu_util_max=1% | gpu_mem_mean=2.3/47.8GB
------------------------------------------------------
| gpu/                                 |             |
|    gpu_count                         | 2           |
|    gpu_mem_total_gb_mean             | 47.8        |
|    gpu_mem_used_gb_mean              | 2.33        |
|    gpu_util_pct_max                  | 1           |
|    gpu_util_pct_mean                 | 0.5         |
| profile/                             |             |
|    hard/damage_mean                  | 0.35        |
|    hard/defense_damage_pct_mean      | 0.348       |
|    hard/defense_damage_reward_mean   | 0.0417      |
|    hard/defense_destroy_reward_mean  | 0.0117      |
|    hard/defenses_destroyed_mean      | 2.33        |
|    hard/ep_len_mean                  | 61.7        |
|    hard/ep_rew_mean                  | 0.703       |
|    hard/episodes_window              | 200         |
|    hard/freeze_casts_mean            | 2           |
|    hard/freeze_effect_reward_mean    | 0.0751      |
|    hard/frozen_threat_damage_pct_... | 0.0657      |
|    hard/frozen_threat_ticks_mean     | 63.2        |
|    hard/objective_shaping_reward_... | 0.0802      |
|    hard/p_all_spells_used            | 0.99        |
|    hard/p_damage_ge_90               | 0           |
|    hard/p_stars_ge_2                 | 0.095       |
|    hard/rage_bonus_damage_pct_mean   | 0.0105      |
|    hard/rage_bonus_defense_damage... | 0.0068      |
|    hard/rage_bonus_townhall_damag... | 0.0181      |
|    hard/rage_casts_mean              | 2           |
|    hard/rage_effect_reward_mean      | 0.00366     |
|    hard/score_mean                   | 0.605       |
|    hard/spell_casts_mean             | 3.99        |
|    hard/spell_shaping_reward_mean    | 0.0785      |
|    hard/spells_remaining_mean        | 0.01        |
|    hard/stars_mean                   | 0.255       |
|    hard/ticks_mean                   | 612         |
|    hard/townhall_damage_pct_mean     | 0.201       |
|    hard/townhall_damage_reward_mean  | 0.0201      |
|    hard/townhall_destroy_reward_mean | 0.00675     |
|    hard/townhall_destroyed_rate      | 0.135       |
|    hard/truncated_rate               | 0.025       |
|    hard/unused_spell_penalty_mean    | 0.0003      |
|    hard/useful_freeze_casts_mean     | 2           |
|    hard/useful_rage_casts_mean       | 2           |
|    hard/wasted_spell_casts_mean      | 0           |
|    hard/wasted_spell_penalty_mean    | 0           |
|    medium/damage_mean                | 0.842       |
|    medium/defense_damage_pct_mean    | 0.793       |
|    medium/defense_damage_reward_mean | 0.0951      |
|    medium/defense_destroy_reward_... | 0.0184      |
|    medium/defenses_destroyed_mean    | 3.69        |
|    medium/ep_len_mean                | 69.1        |
|    medium/ep_rew_mean                | 3.31        |
|    medium/episodes_window            | 200         |
|    medium/freeze_casts_mean          | 1.93        |
|    medium/freeze_effect_reward_mean  | 0.0579      |
|    medium/frozen_threat_damage_pc... | 0.0507      |
|    medium/frozen_threat_ticks_mean   | 43.5        |
|    medium/objective_shaping_rewar... | 0.25        |
|    medium/p_all_spells_used          | 0.93        |
|    medium/p_damage_ge_90             | 0.5         |
|    medium/p_stars_ge_2               | 0.875       |
|    medium/rage_bonus_damage_pct_mean | 0.0295      |
|    medium/rage_bonus_defense_dama... | 0.0154      |
|    medium/rage_bonus_townhall_dam... | 0.0734      |
|    medium/rage_casts_mean            | 1.95        |
|    medium/rage_effect_reward_mean    | 0.0103      |
|    medium/score_mean                 | 3.07        |
|    medium/spell_casts_mean           | 3.88        |
|    medium/spell_shaping_reward_mean  | 0.0645      |
|    medium/spells_remaining_mean      | 0.125       |
|    medium/stars_mean                 | 2.23        |
|    medium/ticks_mean                 | 687         |
|    medium/townhall_damage_pct_mean   | 0.917       |
|    medium/townhall_damage_reward_... | 0.0917      |
|    medium/townhall_destroy_reward... | 0.0447      |
|    medium/townhall_destroyed_rate    | 0.895       |
|    medium/truncated_rate             | 0.075       |
|    medium/unused_spell_penalty_mean  | 0.00375     |
|    medium/useful_freeze_casts_mean   | 1.93        |
|    medium/useful_rage_casts_mean     | 1.95        |
|    medium/wasted_spell_casts_mean    | 0           |
|    medium/wasted_spell_penalty_mean  | 0           |
| rollout/                             |             |
|    ep_len_mean                       | 63.2        |
|    ep_rew_mean                       | 1.32        |
| throughput/                          |             |
|    env_steps_per_sec                 | 212         |
|    episodes_per_sec                  | 1.95        |
| time/                                |             |
|    fps                               | 208         |
|    iterations                        | 13          |
|    time_elapsed                      | 2045        |
|    total_timesteps                   | 8454144     |
| train/                               |             |
|    approx_kl                         | 0.008755792 |
|    clip_fraction                     | 0.0547      |
|    clip_range                        | 0.2         |
|    entropy_loss                      | -4.07       |
|    explained_variance                | 0.917       |
|    learning_rate                     | 0.0001      |
|    loss                              | -0.0396     |
|    n_updates                         | 2570        |
|    policy_gradient_loss              | -0.0139     |
|    value_loss                        | 0.0553      |
------------------------------------------------------
timesteps=8454208 | env_steps/sec=82.3 | episodes/sec=1.41 | gpu_util_mean=9% gpu_util_max=18% | gpu_mem_mean=2.3/47.8GB
timesteps=8455296 | env_steps/sec=210.0 | episodes/sec=4.25 | gpu_util_mean=0% gpu_util_max=0% | gpu_mem_mean=2.3/47.8GB
timesteps=8456384 | env_steps/sec=214.4 | episodes/sec=3.35 | gpu_util_mean=0% gpu_util_max=0% | gpu_mem_mean=2.3/47.8GB
timesteps=8457472 | env_steps/sec=215.2 | episodes/sec=3.17 | gpu_util_mean=0% gpu_util_max=1% | gpu_mem_mean=2.3/47.8GB
timesteps=8458560 | env_steps/sec=214.5 | episodes/sec=3.55 | gpu_util_mean=0% gpu_util_max=1% | gpu_mem_mean=2.3/47.8GB
timesteps=8459648 | env_steps/sec=210.7 | episodes/sec=3.49 | gpu_util_mean=0% gpu_util_max=0% | gpu_mem_mean=2.3/47.8GB
timesteps=8460736 | env_steps/sec=211.1 | episodes/sec=3.10 | gpu_util_mean=0% gpu_util_max=0% | gpu_mem_mean=2.3/47.8GB
timesteps=8461760 | env_steps/sec=201.1 | episodes/sec=2.36 | gpu_util_mean=0% gpu_util_max=0% | gpu_mem_mean=2.3/47.8GB
timesteps=8462848 | env_steps/sec=214.5 | episodes/sec=4.14 | gpu_util_mean=1% gpu_util_max=1% | gpu_mem_mean=2.3/47.8GB
timesteps=8464000 | env_steps/sec=219.9 | episodes/sec=3.05 | gpu_util_mean=18% gpu_util_max=37% | gpu_mem_mean=2.3/47.8GB
timesteps=8465088 | env_steps/sec=213.4 | episodes/sec=3.33 | gpu_util_mean=0% gpu_util_max=1% | gpu_mem_mean=2.3/47.8GB
timesteps=8466240 | env_steps/sec=228.9 | episodes/sec=3.78 | gpu_util_mean=0% gpu_util_max=1% | gpu_mem_mean=2.3/47.8GB
timesteps=8467328 | env_steps/sec=215.4 | episodes/sec=3.56 | gpu_util_mean=0% gpu_util_max=0% | gpu_mem_mean=2.3/47.8GB
timesteps=8468416 | env_steps/sec=208.5 | episodes/sec=2.87 | gpu_util_mean=0% gpu_util_max=1% | gpu_mem_mean=2.3/47.8GB
timesteps=8469504 | env_steps/sec=210.3 | episodes/sec=3.48 | gpu_util_mean=0% gpu_util_max=0% | gpu_mem_mean=2.3/47.8GB
timesteps=8470592 | env_steps/sec=210.1 | episodes/sec=3.48 | gpu_util_mean=0% gpu_util_max=1% | gpu_mem_mean=2.3/47.8GB
timesteps=8471680 | env_steps/sec=212.7 | episodes/sec=2.93 | gpu_util_mean=0% gpu_util_max=1% | gpu_mem_mean=2.3/47.8GB
timesteps=8472768 | env_steps/sec=211.1 | episodes/sec=3.30 | gpu_util_mean=0% gpu_util_max=1% | gpu_mem_mean=2.3/47.8GB
timesteps=8473856 | env_steps/sec=213.0 | episodes/sec=3.52 | gpu_util_mean=0% gpu_util_max=1% | gpu_mem_mean=2.3/47.8GB
timesteps=8474944 | env_steps/sec=211.3 | episodes/sec=3.89 | gpu_util_mean=0% gpu_util_max=1% | gpu_mem_mean=2.3/47.8GB
timesteps=8476032 | env_steps/sec=212.2 | episodes/sec=3.32 | gpu_util_mean=0% gpu_util_max=1% | gpu_mem_mean=2.3/47.8GB
timesteps=8477120 | env_steps/sec=213.8 | episodes/sec=2.75 | gpu_util_mean=0% gpu_util_max=0% | gpu_mem_mean=2.3/47.8GB
timesteps=8478208 | env_steps/sec=210.1 | episodes/sec=3.67 | gpu_util_mean=0% gpu_util_max=1% | gpu_mem_mean=2.3/47.8GB
timesteps=8479296 | env_steps/sec=213.0 | episodes/sec=3.52 | gpu_util_mean=0% gpu_util_max=1% | gpu_mem_mean=2.3/47.8GB
timesteps=8480448 | env_steps/sec=218.1 | episodes/sec=3.22 | gpu_util_mean=0% gpu_util_max=1% | gpu_mem_mean=2.3/47.8GB
timesteps=8481472 | env_steps/sec=201.8 | episodes/sec=3.74 | gpu_util_mean=0% gpu_util_max=1% | gpu_mem_mean=2.3/47.8GB
timesteps=8482560 | env_steps/sec=208.4 | episodes/sec=3.26 | gpu_util_mean=0% gpu_util_max=0% | gpu_mem_mean=2.3/47.8GB
timesteps=8483648 | env_steps/sec=206.1 | episodes/sec=3.03 | gpu_util_mean=0% gpu_util_max=0% | gpu_mem_mean=2.3/47.8GB
timesteps=8484672 | env_steps/sec=203.6 | episodes/sec=2.98 | gpu_util_mean=0% gpu_util_max=1% | gpu_mem_mean=2.3/47.8GB
timesteps=8485760 | env_steps/sec=212.9 | episodes/sec=3.52 | gpu_util_mean=0% gpu_util_max=1% | gpu_mem_mean=2.3/47.8GB
timesteps=8486848 | env_steps/sec=216.6 | episodes/sec=2.99 | gpu_util_mean=0% gpu_util_max=1% | gpu_mem_mean=2.3/47.8GB
------------------------------------------------------
| gpu/                                 |             |
|    gpu_count                         | 2           |
|    gpu_mem_total_gb_mean             | 47.8        |
|    gpu_mem_used_gb_mean              | 2.33        |
|    gpu_util_pct_max                  | 1           |
|    gpu_util_pct_mean                 | 0.5         |
| profile/                             |             |
|    hard/damage_mean                  | 0.355       |
|    hard/defense_damage_pct_mean      | 0.352       |
|    hard/defense_damage_reward_mean   | 0.0422      |
|    hard/defense_destroy_reward_mean  | 0.012       |
|    hard/defenses_destroyed_mean      | 2.39        |
|    hard/ep_len_mean                  | 61.5        |
|    hard/ep_rew_mean                  | 0.699       |
|    hard/episodes_window              | 200         |
|    hard/freeze_casts_mean            | 2           |
|    hard/freeze_effect_reward_mean    | 0.071       |
|    hard/frozen_threat_damage_pct_... | 0.0608      |
|    hard/frozen_threat_ticks_mean     | 57.7        |
|    hard/objective_shaping_reward_... | 0.0809      |
|    hard/p_all_spells_used            | 1           |
|    hard/p_damage_ge_90               | 0           |
|    hard/p_stars_ge_2                 | 0.07        |
|    hard/rage_bonus_damage_pct_mean   | 0.00945     |
|    hard/rage_bonus_defense_damage... | 0.0076      |
|    hard/rage_bonus_townhall_damag... | 0.0178      |
|    hard/rage_casts_mean              | 2           |
|    hard/rage_effect_reward_mean      | 0.00331     |
|    hard/score_mean                   | 0.605       |
|    hard/spell_casts_mean             | 4           |
|    hard/spell_shaping_reward_mean    | 0.0743      |
|    hard/spells_remaining_mean        | 0           |
|    hard/stars_mean                   | 0.25        |
|    hard/ticks_mean                   | 611         |
|    hard/townhall_damage_pct_mean     | 0.212       |
|    hard/townhall_damage_reward_mean  | 0.0212      |
|    hard/townhall_destroy_reward_mean | 0.0055      |
|    hard/townhall_destroyed_rate      | 0.11        |
|    hard/truncated_rate               | 0.01        |
|    hard/unused_spell_penalty_mean    | 0           |
|    hard/useful_freeze_casts_mean     | 2           |
|    hard/useful_rage_casts_mean       | 2           |
|    hard/wasted_spell_casts_mean      | 0           |
|    hard/wasted_spell_penalty_mean    | 0           |
|    medium/damage_mean                | 0.832       |
|    medium/defense_damage_pct_mean    | 0.784       |
|    medium/defense_damage_reward_mean | 0.0941      |
|    medium/defense_destroy_reward_... | 0.018       |
|    medium/defenses_destroyed_mean    | 3.6         |
|    medium/ep_len_mean                | 69.9        |
|    medium/ep_rew_mean                | 3.21        |
|    medium/episodes_window            | 200         |
|    medium/freeze_casts_mean          | 1.94        |
|    medium/freeze_effect_reward_mean  | 0.0633      |
|    medium/frozen_threat_damage_pc... | 0.0562      |
|    medium/frozen_threat_ticks_mean   | 47.7        |
|    medium/objective_shaping_rewar... | 0.247       |
|    medium/p_all_spells_used          | 0.95        |
|    medium/p_damage_ge_90             | 0.485       |
|    medium/p_stars_ge_2               | 0.875       |
|    medium/rage_bonus_damage_pct_mean | 0.0303      |
|    medium/rage_bonus_defense_dama... | 0.0119      |
|    medium/rage_bonus_townhall_dam... | 0.0758      |
|    medium/rage_casts_mean            | 1.97        |
|    medium/rage_effect_reward_mean    | 0.0106      |
|    medium/score_mean                 | 2.96        |
|    medium/spell_casts_mean           | 3.91        |
|    medium/spell_shaping_reward_mean  | 0.0712      |
|    medium/spells_remaining_mean      | 0.09        |
|    medium/stars_mean                 | 2.13        |
|    medium/ticks_mean                 | 695         |
|    medium/townhall_damage_pct_mean   | 0.908       |
|    medium/townhall_damage_reward_... | 0.0908      |
|    medium/townhall_destroy_reward... | 0.044       |
|    medium/townhall_destroyed_rate    | 0.88        |
|    medium/truncated_rate             | 0.085       |
|    medium/unused_spell_penalty_mean  | 0.0027      |
|    medium/useful_freeze_casts_mean   | 1.94        |
|    medium/useful_rage_casts_mean     | 1.97        |
|    medium/wasted_spell_casts_mean    | 0           |
|    medium/wasted_spell_penalty_mean  | 0           |
| rollout/                             |             |
|    ep_len_mean                       | 63.5        |
|    ep_rew_mean                       | 1.05        |
| throughput/                          |             |
|    env_steps_per_sec                 | 217         |
|    episodes_per_sec                  | 2.99        |
| time/                                |             |
|    fps                               | 208         |
|    iterations                        | 14          |
|    time_elapsed                      | 2204        |
|    total_timesteps                   | 8486912     |
| train/                               |             |
|    approx_kl                         | 0.008035138 |
|    clip_fraction                     | 0.0545      |
|    clip_range                        | 0.2         |
|    entropy_loss                      | -4.1        |
|    explained_variance                | 0.911       |
|    learning_rate                     | 0.0001      |
|    loss                              | -0.0336     |
|    n_updates                         | 2580        |
|    policy_gradient_loss              | -0.013      |
|    value_loss                        | 0.0639      |
------------------------------------------------------
timesteps=8486976 | env_steps/sec=23.2 | episodes/sec=0.00 | gpu_util_mean=18% gpu_util_max=37% | gpu_mem_mean=2.3/47.8GB
timesteps=8488064 | env_steps/sec=213.8 | episodes/sec=3.93 | gpu_util_mean=0% gpu_util_max=1% | gpu_mem_mean=2.3/47.8GB
timesteps=8489152 | env_steps/sec=216.4 | episodes/sec=3.78 | gpu_util_mean=0% gpu_util_max=1% | gpu_mem_mean=2.3/47.8GB
timesteps=8490240 | env_steps/sec=210.9 | episodes/sec=2.52 | gpu_util_mean=0% gpu_util_max=0% | gpu_mem_mean=2.3/47.8GB
timesteps=8491328 | env_steps/sec=214.9 | episodes/sec=2.96 | gpu_util_mean=0% gpu_util_max=0% | gpu_mem_mean=2.3/47.8GB
timesteps=8492416 | env_steps/sec=212.1 | episodes/sec=4.09 | gpu_util_mean=1% gpu_util_max=1% | gpu_mem_mean=2.3/47.8GB
timesteps=8493504 | env_steps/sec=216.9 | episodes/sec=3.79 | gpu_util_mean=1% gpu_util_max=1% | gpu_mem_mean=2.3/47.8GB
timesteps=8494592 | env_steps/sec=208.7 | episodes/sec=2.69 | gpu_util_mean=0% gpu_util_max=0% | gpu_mem_mean=2.3/47.8GB
timesteps=8495680 | env_steps/sec=212.1 | episodes/sec=2.73 | gpu_util_mean=0% gpu_util_max=1% | gpu_mem_mean=2.3/47.8GB
timesteps=8496768 | env_steps/sec=210.6 | episodes/sec=3.68 | gpu_util_mean=0% gpu_util_max=0% | gpu_mem_mean=2.3/47.8GB
timesteps=8497920 | env_steps/sec=221.7 | episodes/sec=3.85 | gpu_util_mean=18% gpu_util_max=36% | gpu_mem_mean=2.3/47.8GB
timesteps=8499008 | env_steps/sec=212.4 | episodes/sec=2.93 | gpu_util_mean=0% gpu_util_max=0% | gpu_mem_mean=2.3/47.8GB
timesteps=8500096 | env_steps/sec=213.0 | episodes/sec=3.33 | gpu_util_mean=0% gpu_util_max=0% | gpu_mem_mean=2.3/47.8GB
timesteps=8501248 | env_steps/sec=226.1 | episodes/sec=3.73 | gpu_util_mean=0% gpu_util_max=1% | gpu_mem_mean=2.3/47.8GB
timesteps=8502400 | env_steps/sec=224.1 | episodes/sec=3.31 | gpu_util_mean=0% gpu_util_max=1% | gpu_mem_mean=2.3/47.8GB
timesteps=8503488 | env_steps/sec=207.7 | episodes/sec=3.24 | gpu_util_mean=0% gpu_util_max=0% | gpu_mem_mean=2.3/47.8GB
timesteps=8504640 | env_steps/sec=215.2 | episodes/sec=3.36 | gpu_util_mean=0% gpu_util_max=1% | gpu_mem_mean=2.3/47.8GB
timesteps=8505728 | env_steps/sec=213.7 | episodes/sec=3.54 | gpu_util_mean=0% gpu_util_max=0% | gpu_mem_mean=2.3/47.8GB
timesteps=8506816 | env_steps/sec=209.9 | episodes/sec=3.28 | gpu_util_mean=0% gpu_util_max=1% | gpu_mem_mean=2.3/47.8GB
timesteps=8507904 | env_steps/sec=209.3 | episodes/sec=3.66 | gpu_util_mean=0% gpu_util_max=0% | gpu_mem_mean=2.3/47.8GB
timesteps=8508992 | env_steps/sec=206.4 | episodes/sec=2.47 | gpu_util_mean=0% gpu_util_max=1% | gpu_mem_mean=2.3/47.8GB
timesteps=8510080 | env_steps/sec=213.2 | episodes/sec=3.53 | gpu_util_mean=1% gpu_util_max=1% | gpu_mem_mean=2.3/47.8GB
timesteps=8511232 | env_steps/sec=221.3 | episodes/sec=3.65 | gpu_util_mean=0% gpu_util_max=1% | gpu_mem_mean=2.3/47.8GB
timesteps=8512320 | env_steps/sec=216.5 | episodes/sec=3.58 | gpu_util_mean=0% gpu_util_max=0% | gpu_mem_mean=2.3/47.8GB
timesteps=8513408 | env_steps/sec=211.6 | episodes/sec=2.92 | gpu_util_mean=0% gpu_util_max=1% | gpu_mem_mean=2.3/47.8GB
timesteps=8514496 | env_steps/sec=208.2 | episodes/sec=4.02 | gpu_util_mean=0% gpu_util_max=0% | gpu_mem_mean=2.3/47.8GB
timesteps=8515584 | env_steps/sec=211.3 | episodes/sec=2.91 | gpu_util_mean=0% gpu_util_max=1% | gpu_mem_mean=2.3/47.8GB
timesteps=8516736 | env_steps/sec=220.2 | episodes/sec=3.06 | gpu_util_mean=0% gpu_util_max=1% | gpu_mem_mean=2.3/47.8GB
timesteps=8517824 | env_steps/sec=214.2 | episodes/sec=4.13 | gpu_util_mean=0% gpu_util_max=0% | gpu_mem_mean=2.3/47.8GB
timesteps=8518912 | env_steps/sec=214.6 | episodes/sec=3.75 | gpu_util_mean=0% gpu_util_max=1% | gpu_mem_mean=2.3/47.8GB
------------------------------------------------------
| gpu/                                 |             |
|    gpu_count                         | 2           |
|    gpu_mem_total_gb_mean             | 47.8        |
|    gpu_mem_used_gb_mean              | 2.33        |
|    gpu_util_pct_max                  | 1           |
|    gpu_util_pct_mean                 | 0.5         |
| profile/                             |             |
|    hard/damage_mean                  | 0.349       |
|    hard/defense_damage_pct_mean      | 0.354       |
|    hard/defense_damage_reward_mean   | 0.0424      |
|    hard/defense_destroy_reward_mean  | 0.012       |
|    hard/defenses_destroyed_mean      | 2.39        |
|    hard/ep_len_mean                  | 61.4        |
|    hard/ep_rew_mean                  | 0.682       |
|    hard/episodes_window              | 200         |
|    hard/freeze_casts_mean            | 2           |
|    hard/freeze_effect_reward_mean    | 0.0736      |
|    hard/frozen_threat_damage_pct_... | 0.0642      |
|    hard/frozen_threat_ticks_mean     | 61          |
|    hard/objective_shaping_reward_... | 0.0814      |
|    hard/p_all_spells_used            | 1           |
|    hard/p_damage_ge_90               | 0           |
|    hard/p_stars_ge_2                 | 0.075       |
|    hard/rage_bonus_damage_pct_mean   | 0.0101      |
|    hard/rage_bonus_defense_damage... | 0.00702     |
|    hard/rage_bonus_townhall_damag... | 0.0187      |
|    hard/rage_casts_mean              | 2           |
|    hard/rage_effect_reward_mean      | 0.00353     |
|    hard/score_mean                   | 0.584       |
|    hard/spell_casts_mean             | 4           |
|    hard/spell_shaping_reward_mean    | 0.0771      |
|    hard/spells_remaining_mean        | 0           |
|    hard/stars_mean                   | 0.235       |
|    hard/ticks_mean                   | 610         |
|    hard/townhall_damage_pct_mean     | 0.202       |
|    hard/townhall_damage_reward_mean  | 0.0202      |
|    hard/townhall_destroy_reward_mean | 0.00675     |
|    hard/townhall_destroyed_rate      | 0.135       |
|    hard/truncated_rate               | 0.01        |
|    hard/unused_spell_penalty_mean    | 0           |
|    hard/useful_freeze_casts_mean     | 2           |
|    hard/useful_rage_casts_mean       | 2           |
|    hard/wasted_spell_casts_mean      | 0           |
|    hard/wasted_spell_penalty_mean    | 0           |
|    medium/damage_mean                | 0.823       |
|    medium/defense_damage_pct_mean    | 0.766       |
|    medium/defense_damage_reward_mean | 0.0919      |
|    medium/defense_destroy_reward_... | 0.0177      |
|    medium/defenses_destroyed_mean    | 3.54        |
|    medium/ep_len_mean                | 70.3        |
|    medium/ep_rew_mean                | 3.15        |
|    medium/episodes_window            | 200         |
|    medium/freeze_casts_mean          | 1.93        |
|    medium/freeze_effect_reward_mean  | 0.0585      |
|    medium/frozen_threat_damage_pc... | 0.0517      |
|    medium/frozen_threat_ticks_mean   | 44.8        |
|    medium/objective_shaping_rewar... | 0.241       |
|    medium/p_all_spells_used          | 0.945       |
|    medium/p_damage_ge_90             | 0.455       |
|    medium/p_stars_ge_2               | 0.845       |
|    medium/rage_bonus_damage_pct_mean | 0.0311      |
|    medium/rage_bonus_defense_dama... | 0.0122      |
|    medium/rage_bonus_townhall_dam... | 0.0799      |
|    medium/rage_casts_mean            | 1.99        |
|    medium/rage_effect_reward_mean    | 0.0109      |
|    medium/score_mean                 | 2.91        |
|    medium/spell_casts_mean           | 3.91        |
|    medium/spell_shaping_reward_mean  | 0.0666      |
|    medium/spells_remaining_mean      | 0.09        |
|    medium/stars_mean                 | 2.08        |
|    medium/ticks_mean                 | 698         |
|    medium/townhall_damage_pct_mean   | 0.891       |
|    medium/townhall_damage_reward_... | 0.0891      |
|    medium/townhall_destroy_reward... | 0.0427      |
|    medium/townhall_destroyed_rate    | 0.855       |
|    medium/truncated_rate             | 0.1         |
|    medium/unused_spell_penalty_mean  | 0.0027      |
|    medium/useful_freeze_casts_mean   | 1.93        |
|    medium/useful_rage_casts_mean     | 1.99        |
|    medium/wasted_spell_casts_mean    | 0           |
|    medium/wasted_spell_penalty_mean  | 0           |
| rollout/                             |             |
|    ep_len_mean                       | 62.7        |
|    ep_rew_mean                       | 1.15        |
| throughput/                          |             |
|    env_steps_per_sec                 | 215         |
|    episodes_per_sec                  | 3.75        |
| time/                                |             |
|    fps                               | 208         |
|    iterations                        | 15          |
|    time_elapsed                      | 2362        |
|    total_timesteps                   | 8519680     |
| train/                               |             |
|    approx_kl                         | 0.007336854 |
|    clip_fraction                     | 0.0425      |
|    clip_range                        | 0.2         |
|    entropy_loss                      | -4.12       |
|    explained_variance                | 0.907       |
|    learning_rate                     | 0.0001      |
|    loss                              | -0.0365     |
|    n_updates                         | 2590        |
|    policy_gradient_loss              | -0.012      |
|    value_loss                        | 0.0652      |
------------------------------------------------------
timesteps=8519744 | env_steps/sec=96.2 | episodes/sec=1.16 | gpu_util_mean=16% gpu_util_max=33% | gpu_mem_mean=2.3/47.8GB
timesteps=8520768 | env_steps/sec=201.2 | episodes/sec=2.75 | gpu_util_mean=0% gpu_util_max=0% | gpu_mem_mean=2.3/47.8GB
timesteps=8521920 | env_steps/sec=224.2 | episodes/sec=4.67 | gpu_util_mean=0% gpu_util_max=1% | gpu_mem_mean=2.3/47.8GB
timesteps=8523008 | env_steps/sec=213.8 | episodes/sec=3.14 | gpu_util_mean=0% gpu_util_max=0% | gpu_mem_mean=2.3/47.8GB
timesteps=8524096 | env_steps/sec=206.9 | episodes/sec=2.28 | gpu_util_mean=1% gpu_util_max=1% | gpu_mem_mean=2.3/47.8GB
timesteps=8525184 | env_steps/sec=208.9 | episodes/sec=3.84 | gpu_util_mean=0% gpu_util_max=0% | gpu_mem_mean=2.3/47.8GB
timesteps=8526336 | env_steps/sec=220.1 | episodes/sec=3.44 | gpu_util_mean=0% gpu_util_max=0% | gpu_mem_mean=2.3/47.8GB
timesteps=8527424 | env_steps/sec=216.2 | episodes/sec=3.78 | gpu_util_mean=0% gpu_util_max=1% | gpu_mem_mean=2.3/47.8GB
timesteps=8528512 | env_steps/sec=213.5 | episodes/sec=2.55 | gpu_util_mean=0% gpu_util_max=0% | gpu_mem_mean=2.3/47.8GB
timesteps=8529600 | env_steps/sec=209.1 | episodes/sec=3.84 | gpu_util_mean=0% gpu_util_max=0% | gpu_mem_mean=2.3/47.8GB
timesteps=8530688 | env_steps/sec=213.3 | episodes/sec=2.94 | gpu_util_mean=0% gpu_util_max=0% | gpu_mem_mean=2.3/47.8GB
timesteps=8531776 | env_steps/sec=214.4 | episodes/sec=3.55 | gpu_util_mean=14% gpu_util_max=27% | gpu_mem_mean=2.3/47.8GB
timesteps=8532864 | env_steps/sec=216.2 | episodes/sec=4.17 | gpu_util_mean=0% gpu_util_max=0% | gpu_mem_mean=2.3/47.8GB
timesteps=8533952 | env_steps/sec=206.9 | episodes/sec=2.85 | gpu_util_mean=0% gpu_util_max=0% | gpu_mem_mean=2.3/47.8GB
timesteps=8535040 | env_steps/sec=213.8 | episodes/sec=2.95 | gpu_util_mean=1% gpu_util_max=1% | gpu_mem_mean=2.3/47.8GB
timesteps=8536192 | env_steps/sec=217.8 | episodes/sec=4.35 | gpu_util_mean=1% gpu_util_max=1% | gpu_mem_mean=2.3/47.8GB
timesteps=8537280 | env_steps/sec=215.6 | episodes/sec=2.77 | gpu_util_mean=1% gpu_util_max=1% | gpu_mem_mean=2.3/47.8GB
timesteps=8538304 | env_steps/sec=200.9 | episodes/sec=2.35 | gpu_util_mean=0% gpu_util_max=0% | gpu_mem_mean=2.3/47.8GB
timesteps=8539392 | env_steps/sec=209.2 | episodes/sec=3.85 | gpu_util_mean=0% gpu_util_max=1% | gpu_mem_mean=2.3/47.8GB
timesteps=8540480 | env_steps/sec=209.1 | episodes/sec=4.81 | gpu_util_mean=0% gpu_util_max=1% | gpu_mem_mean=2.3/47.8GB
timesteps=8541568 | env_steps/sec=207.2 | episodes/sec=1.52 | gpu_util_mean=1% gpu_util_max=1% | gpu_mem_mean=2.3/47.8GB
timesteps=8542656 | env_steps/sec=210.6 | episodes/sec=3.87 | gpu_util_mean=0% gpu_util_max=0% | gpu_mem_mean=2.3/47.8GB
timesteps=8543744 | env_steps/sec=211.6 | episodes/sec=3.50 | gpu_util_mean=0% gpu_util_max=1% | gpu_mem_mean=2.3/47.8GB
timesteps=8544832 | env_steps/sec=209.7 | episodes/sec=3.08 | gpu_util_mean=0% gpu_util_max=0% | gpu_mem_mean=2.3/47.8GB
timesteps=8545920 | env_steps/sec=206.2 | episodes/sec=3.03 | gpu_util_mean=0% gpu_util_max=0% | gpu_mem_mean=2.3/47.8GB
timesteps=8547008 | env_steps/sec=206.4 | episodes/sec=3.04 | gpu_util_mean=0% gpu_util_max=1% | gpu_mem_mean=2.3/47.8GB
timesteps=8548096 | env_steps/sec=217.1 | episodes/sec=3.59 | gpu_util_mean=0% gpu_util_max=0% | gpu_mem_mean=2.3/47.8GB
timesteps=8549184 | env_steps/sec=206.8 | episodes/sec=3.04 | gpu_util_mean=0% gpu_util_max=1% | gpu_mem_mean=2.3/47.8GB
timesteps=8550272 | env_steps/sec=208.6 | episodes/sec=3.26 | gpu_util_mean=0% gpu_util_max=0% | gpu_mem_mean=2.3/47.8GB
timesteps=8551360 | env_steps/sec=213.8 | episodes/sec=3.54 | gpu_util_mean=0% gpu_util_max=1% | gpu_mem_mean=2.3/47.8GB
timesteps=8552448 | env_steps/sec=214.1 | episodes/sec=3.34 | gpu_util_mean=0% gpu_util_max=0% | gpu_mem_mean=2.3/47.8GB
------------------------------------------------------
| gpu/                                 |             |
|    gpu_count                         | 2           |
|    gpu_mem_total_gb_mean             | 47.8        |
|    gpu_mem_used_gb_mean              | 2.33        |
|    gpu_util_pct_max                  | 0           |
|    gpu_util_pct_mean                 | 0           |
| profile/                             |             |
|    hard/damage_mean                  | 0.345       |
|    hard/defense_damage_pct_mean      | 0.347       |
|    hard/defense_damage_reward_mean   | 0.0416      |
|    hard/defense_destroy_reward_mean  | 0.0119      |
|    hard/defenses_destroyed_mean      | 2.38        |
|    hard/ep_len_mean                  | 61.6        |
|    hard/ep_rew_mean                  | 0.655       |
|    hard/episodes_window              | 200         |
|    hard/freeze_casts_mean            | 2           |
|    hard/freeze_effect_reward_mean    | 0.0731      |
|    hard/frozen_threat_damage_pct_... | 0.0653      |
|    hard/frozen_threat_ticks_mean     | 62.2        |
|    hard/objective_shaping_reward_... | 0.0795      |
|    hard/p_all_spells_used            | 0.995       |
|    hard/p_damage_ge_90               | 0           |
|    hard/p_stars_ge_2                 | 0.08        |
|    hard/rage_bonus_damage_pct_mean   | 0.0102      |
|    hard/rage_bonus_defense_damage... | 0.00675     |
|    hard/rage_bonus_townhall_damag... | 0.017       |
|    hard/rage_casts_mean              | 2           |
|    hard/rage_effect_reward_mean      | 0.00358     |
|    hard/score_mean                   | 0.56        |
|    hard/spell_casts_mean             | 4           |
|    hard/spell_shaping_reward_mean    | 0.0766      |
|    hard/spells_remaining_mean        | 0.005       |
|    hard/stars_mean                   | 0.215       |
|    hard/ticks_mean                   | 612         |
|    hard/townhall_damage_pct_mean     | 0.205       |
|    hard/townhall_damage_reward_mean  | 0.0205      |
|    hard/townhall_destroy_reward_mean | 0.0055      |
|    hard/townhall_destroyed_rate      | 0.11        |
|    hard/truncated_rate               | 0.02        |
|    hard/unused_spell_penalty_mean    | 0.00015     |
|    hard/useful_freeze_casts_mean     | 2           |
|    hard/useful_rage_casts_mean       | 2           |
|    hard/wasted_spell_casts_mean      | 0           |
|    hard/wasted_spell_penalty_mean    | 0           |
|    medium/damage_mean                | 0.834       |
|    medium/defense_damage_pct_mean    | 0.772       |
|    medium/defense_damage_reward_mean | 0.0926      |
|    medium/defense_destroy_reward_... | 0.0179      |
|    medium/defenses_destroyed_mean    | 3.58        |
|    medium/ep_len_mean                | 70.4        |
|    medium/ep_rew_mean                | 3.21        |
|    medium/episodes_window            | 200         |
|    medium/freeze_casts_mean          | 1.92        |
|    medium/freeze_effect_reward_mean  | 0.0566      |
|    medium/frozen_threat_damage_pc... | 0.0502      |
|    medium/frozen_threat_ticks_mean   | 42.8        |
|    medium/objective_shaping_rewar... | 0.245       |
|    medium/p_all_spells_used          | 0.94        |
|    medium/p_damage_ge_90             | 0.485       |
|    medium/p_stars_ge_2               | 0.86        |
|    medium/rage_bonus_damage_pct_mean | 0.0295      |
|    medium/rage_bonus_defense_dama... | 0.0123      |
|    medium/rage_bonus_townhall_dam... | 0.0769      |
|    medium/rage_casts_mean            | 1.98        |
|    medium/rage_effect_reward_mean    | 0.0103      |
|    medium/score_mean                 | 2.97        |
|    medium/spell_casts_mean           | 3.9         |
|    medium/spell_shaping_reward_mean  | 0.0638      |
|    medium/spells_remaining_mean      | 0.105       |
|    medium/stars_mean                 | 2.13        |
|    medium/ticks_mean                 | 700         |
|    medium/townhall_damage_pct_mean   | 0.904       |
|    medium/townhall_damage_reward_... | 0.0904      |
|    medium/townhall_destroy_reward... | 0.0437      |
|    medium/townhall_destroyed_rate    | 0.875       |
|    medium/truncated_rate             | 0.115       |
|    medium/unused_spell_penalty_mean  | 0.00315     |
|    medium/useful_freeze_casts_mean   | 1.92        |
|    medium/useful_rage_casts_mean     | 1.98        |
|    medium/wasted_spell_casts_mean    | 0           |
|    medium/wasted_spell_penalty_mean  | 0           |
| rollout/                             |             |
|    ep_len_mean                       | 64.3        |
|    ep_rew_mean                       | 1.27        |
| throughput/                          |             |
|    env_steps_per_sec                 | 214         |
|    episodes_per_sec                  | 3.34        |
| time/                                |             |
|    fps                               | 207         |
|    iterations                        | 16          |
|    time_elapsed                      | 2522        |
|    total_timesteps                   | 8552448     |
| train/                               |             |
|    approx_kl                         | 0.007084229 |
|    clip_fraction                     | 0.0367      |
|    clip_range                        | 0.2         |
|    entropy_loss                      | -4.07       |
|    explained_variance                | 0.902       |
|    learning_rate                     | 0.0001      |
|    loss                              | -0.0295     |
|    n_updates                         | 2600        |
|    policy_gradient_loss              | -0.0129     |
|    value_loss                        | 0.0654      |
------------------------------------------------------
timesteps=8552512 | env_steps/sec=12.7 | episodes/sec=0.40 | gpu_util_mean=16% gpu_util_max=32% | gpu_mem_mean=2.3/47.8GB
timesteps=8553600 | env_steps/sec=212.8 | episodes/sec=3.13 | gpu_util_mean=0% gpu_util_max=0% | gpu_mem_mean=2.3/47.8GB
timesteps=8554688 | env_steps/sec=213.6 | episodes/sec=3.73 | gpu_util_mean=1% gpu_util_max=1% | gpu_mem_mean=2.3/47.8GB
timesteps=8555712 | env_steps/sec=203.4 | episodes/sec=3.58 | gpu_util_mean=1% gpu_util_max=1% | gpu_mem_mean=2.3/47.8GB
timesteps=8556800 | env_steps/sec=214.0 | episodes/sec=2.16 | gpu_util_mean=0% gpu_util_max=0% | gpu_mem_mean=2.3/47.8GB
timesteps=8557888 | env_steps/sec=217.1 | episodes/sec=3.59 | gpu_util_mean=0% gpu_util_max=0% | gpu_mem_mean=2.3/47.8GB
timesteps=8559040 | env_steps/sec=222.5 | episodes/sec=4.44 | gpu_util_mean=0% gpu_util_max=0% | gpu_mem_mean=2.3/47.8GB
timesteps=8560128 | env_steps/sec=204.7 | episodes/sec=3.39 | gpu_util_mean=0% gpu_util_max=0% | gpu_mem_mean=2.3/47.8GB
timesteps=8561216 | env_steps/sec=210.7 | episodes/sec=2.13 | gpu_util_mean=0% gpu_util_max=0% | gpu_mem_mean=2.3/47.8GB
timesteps=8562304 | env_steps/sec=210.8 | episodes/sec=4.26 | gpu_util_mean=0% gpu_util_max=0% | gpu_mem_mean=2.3/47.8GB
timesteps=8563392 | env_steps/sec=212.0 | episodes/sec=3.12 | gpu_util_mean=0% gpu_util_max=1% | gpu_mem_mean=2.3/47.8GB
timesteps=8564480 | env_steps/sec=210.5 | episodes/sec=3.10 | gpu_util_mean=0% gpu_util_max=1% | gpu_mem_mean=2.3/47.8GB
timesteps=8565568 | env_steps/sec=215.7 | episodes/sec=3.37 | gpu_util_mean=18% gpu_util_max=35% | gpu_mem_mean=2.3/47.8GB
timesteps=8566656 | env_steps/sec=209.5 | episodes/sec=4.04 | gpu_util_mean=0% gpu_util_max=0% | gpu_mem_mean=2.3/47.8GB
timesteps=8567744 | env_steps/sec=217.5 | episodes/sec=2.00 | gpu_util_mean=0% gpu_util_max=0% | gpu_mem_mean=2.3/47.8GB
timesteps=8568832 | env_steps/sec=204.5 | episodes/sec=3.76 | gpu_util_mean=0% gpu_util_max=0% | gpu_mem_mean=2.3/47.8GB
timesteps=8569920 | env_steps/sec=212.7 | episodes/sec=4.50 | gpu_util_mean=0% gpu_util_max=0% | gpu_mem_mean=2.3/47.8GB
timesteps=8570944 | env_steps/sec=203.8 | episodes/sec=2.19 | gpu_util_mean=0% gpu_util_max=1% | gpu_mem_mean=2.3/47.8GB
timesteps=8572032 | env_steps/sec=213.9 | episodes/sec=2.95 | gpu_util_mean=0% gpu_util_max=1% | gpu_mem_mean=2.3/47.8GB
timesteps=8573120 | env_steps/sec=214.0 | episodes/sec=3.15 | gpu_util_mean=0% gpu_util_max=0% | gpu_mem_mean=2.3/47.8GB
timesteps=8574272 | env_steps/sec=216.5 | episodes/sec=5.07 | gpu_util_mean=1% gpu_util_max=1% | gpu_mem_mean=2.3/47.8GB
timesteps=8575360 | env_steps/sec=207.6 | episodes/sec=2.29 | gpu_util_mean=0% gpu_util_max=1% | gpu_mem_mean=2.3/47.8GB
timesteps=8576448 | env_steps/sec=204.8 | episodes/sec=2.82 | gpu_util_mean=0% gpu_util_max=0% | gpu_mem_mean=2.3/47.8GB
timesteps=8577536 | env_steps/sec=214.8 | episodes/sec=4.74 | gpu_util_mean=0% gpu_util_max=1% | gpu_mem_mean=2.3/47.8GB
timesteps=8578688 | env_steps/sec=222.2 | episodes/sec=3.09 | gpu_util_mean=1% gpu_util_max=1% | gpu_mem_mean=2.3/47.8GB
timesteps=8579776 | env_steps/sec=209.5 | episodes/sec=2.89 | gpu_util_mean=0% gpu_util_max=0% | gpu_mem_mean=2.3/47.8GB
timesteps=8580864 | env_steps/sec=208.7 | episodes/sec=2.88 | gpu_util_mean=0% gpu_util_max=1% | gpu_mem_mean=2.3/47.8GB
timesteps=8582016 | env_steps/sec=217.3 | episodes/sec=3.96 | gpu_util_mean=0% gpu_util_max=1% | gpu_mem_mean=2.3/47.8GB
timesteps=8583104 | env_steps/sec=215.3 | episodes/sec=3.36 | gpu_util_mean=1% gpu_util_max=1% | gpu_mem_mean=2.3/47.8GB
timesteps=8584192 | env_steps/sec=212.2 | episodes/sec=3.12 | gpu_util_mean=0% gpu_util_max=1% | gpu_mem_mean=2.3/47.8GB
------------------------------------------------------
| gpu/                                 |             |
|    gpu_count                         | 2           |
|    gpu_mem_total_gb_mean             | 47.8        |
|    gpu_mem_used_gb_mean              | 2.33        |
|    gpu_util_pct_max                  | 1           |
|    gpu_util_pct_mean                 | 0.5         |
| profile/                             |             |
|    hard/damage_mean                  | 0.359       |
|    hard/defense_damage_pct_mean      | 0.357       |
|    hard/defense_damage_reward_mean   | 0.0428      |
|    hard/defense_destroy_reward_mean  | 0.0121      |
|    hard/defenses_destroyed_mean      | 2.42        |
|    hard/ep_len_mean                  | 61.7        |
|    hard/ep_rew_mean                  | 0.721       |
|    hard/episodes_window              | 200         |
|    hard/freeze_casts_mean            | 1.99        |
|    hard/freeze_effect_reward_mean    | 0.0714      |
|    hard/frozen_threat_damage_pct_... | 0.0638      |
|    hard/frozen_threat_ticks_mean     | 61.4        |
|    hard/objective_shaping_reward_... | 0.0842      |
|    hard/p_all_spells_used            | 0.995       |
|    hard/p_damage_ge_90               | 0           |
|    hard/p_stars_ge_2                 | 0.095       |
|    hard/rage_bonus_damage_pct_mean   | 0.00944     |
|    hard/rage_bonus_defense_damage... | 0.00661     |
|    hard/rage_bonus_townhall_damag... | 0.0142      |
|    hard/rage_casts_mean              | 1.99        |
|    hard/rage_effect_reward_mean      | 0.00331     |
|    hard/score_mean                   | 0.624       |
|    hard/spell_casts_mean             | 3.98        |
|    hard/spell_shaping_reward_mean    | 0.0741      |
|    hard/spells_remaining_mean        | 0.02        |
|    hard/stars_mean                   | 0.265       |
|    hard/ticks_mean                   | 612         |
|    hard/townhall_damage_pct_mean     | 0.218       |
|    hard/townhall_damage_reward_mean  | 0.0218      |
|    hard/townhall_destroy_reward_mean | 0.0075      |
|    hard/townhall_destroyed_rate      | 0.15        |
|    hard/truncated_rate               | 0.015       |
|    hard/unused_spell_penalty_mean    | 0.0006      |
|    hard/useful_freeze_casts_mean     | 1.99        |
|    hard/useful_rage_casts_mean       | 1.99        |
|    hard/wasted_spell_casts_mean      | 0           |
|    hard/wasted_spell_penalty_mean    | 0           |
|    medium/damage_mean                | 0.838       |
|    medium/defense_damage_pct_mean    | 0.786       |
|    medium/defense_damage_reward_mean | 0.0944      |
|    medium/defense_destroy_reward_... | 0.0181      |
|    medium/defenses_destroyed_mean    | 3.62        |
|    medium/ep_len_mean                | 70          |
|    medium/ep_rew_mean                | 3.23        |
|    medium/episodes_window            | 200         |
|    medium/freeze_casts_mean          | 1.91        |
|    medium/freeze_effect_reward_mean  | 0.0585      |
|    medium/frozen_threat_damage_pc... | 0.0521      |
|    medium/frozen_threat_ticks_mean   | 44.1        |
|    medium/objective_shaping_rewar... | 0.245       |
|    medium/p_all_spells_used          | 0.93        |
|    medium/p_damage_ge_90             | 0.535       |
|    medium/p_stars_ge_2               | 0.855       |
|    medium/rage_bonus_damage_pct_mean | 0.0295      |
|    medium/rage_bonus_defense_dama... | 0.0132      |
|    medium/rage_bonus_townhall_dam... | 0.0759      |
|    medium/rage_casts_mean            | 1.98        |
|    medium/rage_effect_reward_mean    | 0.0103      |
|    medium/score_mean                 | 2.99        |
|    medium/spell_casts_mean           | 3.88        |
|    medium/spell_shaping_reward_mean  | 0.0654      |
|    medium/spells_remaining_mean      | 0.115       |
|    medium/stars_mean                 | 2.15        |
|    medium/ticks_mean                 | 697         |
|    medium/townhall_damage_pct_mean   | 0.895       |
|    medium/townhall_damage_reward_... | 0.0895      |
|    medium/townhall_destroy_reward... | 0.0435      |
|    medium/townhall_destroyed_rate    | 0.87        |
|    medium/truncated_rate             | 0.09        |
|    medium/unused_spell_penalty_mean  | 0.00345     |
|    medium/useful_freeze_casts_mean   | 1.91        |
|    medium/useful_rage_casts_mean     | 1.98        |
|    medium/wasted_spell_casts_mean    | 0           |
|    medium/wasted_spell_penalty_mean  | 0           |
| rollout/                             |             |
|    ep_len_mean                       | 63.4        |
|    ep_rew_mean                       | 1.12        |
| throughput/                          |             |
|    env_steps_per_sec                 | 212         |
|    episodes_per_sec                  | 3.12        |
| time/                                |             |
|    fps                               | 207         |
|    iterations                        | 17          |
|    time_elapsed                      | 2681        |
|    total_timesteps                   | 8585216     |
| train/                               |             |
|    approx_kl                         | 0.007291829 |
|    clip_fraction                     | 0.0489      |
|    clip_range                        | 0.2         |
|    entropy_loss                      | -4.09       |
|    explained_variance                | 0.905       |
|    learning_rate                     | 0.0001      |
|    loss                              | -0.0306     |
|    n_updates                         | 2610        |
|    policy_gradient_loss              | -0.0134     |
|    value_loss                        | 0.0673      |
------------------------------------------------------
timesteps=8585280 | env_steps/sec=110.3 | episodes/sec=2.23 | gpu_util_mean=16% gpu_util_max=32% | gpu_mem_mean=2.3/47.8GB
timesteps=8586368 | env_steps/sec=206.8 | episodes/sec=2.66 | gpu_util_mean=0% gpu_util_max=1% | gpu_mem_mean=2.3/47.8GB
timesteps=8587456 | env_steps/sec=206.6 | episodes/sec=2.28 | gpu_util_mean=0% gpu_util_max=0% | gpu_mem_mean=2.3/47.8GB
timesteps=8588544 | env_steps/sec=213.4 | episodes/sec=4.12 | gpu_util_mean=0% gpu_util_max=0% | gpu_mem_mean=2.3/47.8GB
timesteps=8589696 | env_steps/sec=218.6 | episodes/sec=4.18 | gpu_util_mean=0% gpu_util_max=0% | gpu_mem_mean=2.3/47.8GB
timesteps=8590720 | env_steps/sec=198.4 | episodes/sec=1.36 | gpu_util_mean=0% gpu_util_max=1% | gpu_mem_mean=2.3/47.8GB
timesteps=8591808 | env_steps/sec=207.4 | episodes/sec=3.62 | gpu_util_mean=1% gpu_util_max=1% | gpu_mem_mean=2.3/47.8GB
timesteps=8592896 | env_steps/sec=210.3 | episodes/sec=4.83 | gpu_util_mean=0% gpu_util_max=0% | gpu_mem_mean=2.3/47.8GB
timesteps=8593984 | env_steps/sec=211.2 | episodes/sec=2.72 | gpu_util_mean=0% gpu_util_max=0% | gpu_mem_mean=2.3/47.8GB
timesteps=8595008 | env_steps/sec=203.2 | episodes/sec=2.78 | gpu_util_mean=0% gpu_util_max=1% | gpu_mem_mean=2.3/47.8GB
timesteps=8596096 | env_steps/sec=217.3 | episodes/sec=3.39 | gpu_util_mean=0% gpu_util_max=0% | gpu_mem_mean=2.3/47.8GB
timesteps=8597248 | env_steps/sec=218.0 | episodes/sec=4.16 | gpu_util_mean=0% gpu_util_max=1% | gpu_mem_mean=2.3/47.8GB
timesteps=8598336 | env_steps/sec=213.3 | episodes/sec=3.53 | gpu_util_mean=18% gpu_util_max=37% | gpu_mem_mean=2.3/47.8GB
timesteps=8599424 | env_steps/sec=206.5 | episodes/sec=2.28 | gpu_util_mean=0% gpu_util_max=1% | gpu_mem_mean=2.3/47.8GB
timesteps=8600512 | env_steps/sec=214.0 | episodes/sec=3.93 | gpu_util_mean=0% gpu_util_max=0% | gpu_mem_mean=2.3/47.8GB
timesteps=8601600 | env_steps/sec=214.5 | episodes/sec=3.55 | gpu_util_mean=0% gpu_util_max=0% | gpu_mem_mean=2.3/47.8GB
timesteps=8602688 | env_steps/sec=215.2 | episodes/sec=3.16 | gpu_util_mean=0% gpu_util_max=0% | gpu_mem_mean=2.3/47.8GB
timesteps=8603712 | env_steps/sec=204.5 | episodes/sec=2.80 | gpu_util_mean=0% gpu_util_max=1% | gpu_mem_mean=2.3/47.8GB
timesteps=8604864 | env_steps/sec=217.4 | episodes/sec=3.77 | gpu_util_mean=0% gpu_util_max=0% | gpu_mem_mean=2.3/47.8GB
timesteps=8605952 | env_steps/sec=205.3 | episodes/sec=3.58 | gpu_util_mean=0% gpu_util_max=0% | gpu_mem_mean=2.3/47.8GB
timesteps=8607040 | env_steps/sec=208.4 | episodes/sec=2.49 | gpu_util_mean=0% gpu_util_max=1% | gpu_mem_mean=2.3/47.8GB
timesteps=8608192 | env_steps/sec=220.3 | episodes/sec=3.63 | gpu_util_mean=0% gpu_util_max=0% | gpu_mem_mean=2.3/47.8GB
timesteps=8609344 | env_steps/sec=219.0 | episodes/sec=3.80 | gpu_util_mean=0% gpu_util_max=0% | gpu_mem_mean=2.3/47.8GB
timesteps=8610432 | env_steps/sec=211.8 | episodes/sec=3.89 | gpu_util_mean=1% gpu_util_max=1% | gpu_mem_mean=2.3/47.8GB
timesteps=8611520 | env_steps/sec=210.7 | episodes/sec=2.91 | gpu_util_mean=0% gpu_util_max=1% | gpu_mem_mean=2.3/47.8GB
timesteps=8612544 | env_steps/sec=197.8 | episodes/sec=2.51 | gpu_util_mean=0% gpu_util_max=1% | gpu_mem_mean=2.3/47.8GB
timesteps=8613632 | env_steps/sec=207.7 | episodes/sec=4.39 | gpu_util_mean=0% gpu_util_max=1% | gpu_mem_mean=2.3/47.8GB
timesteps=8614656 | env_steps/sec=203.8 | episodes/sec=2.59 | gpu_util_mean=0% gpu_util_max=1% | gpu_mem_mean=2.3/47.8GB
timesteps=8615808 | env_steps/sec=220.1 | episodes/sec=2.87 | gpu_util_mean=0% gpu_util_max=0% | gpu_mem_mean=2.3/47.8GB
timesteps=8616896 | env_steps/sec=215.6 | episodes/sec=4.76 | gpu_util_mean=0% gpu_util_max=0% | gpu_mem_mean=2.3/47.8GB
timesteps=8617984 | env_steps/sec=209.6 | episodes/sec=3.08 | gpu_util_mean=0% gpu_util_max=0% | gpu_mem_mean=2.3/47.8GB
-------------------------------------------------------
| gpu/                                 |              |
|    gpu_count                         | 2            |
|    gpu_mem_total_gb_mean             | 47.8         |
|    gpu_mem_used_gb_mean              | 2.33         |
|    gpu_util_pct_max                  | 0            |
|    gpu_util_pct_mean                 | 0            |
| profile/                             |              |
|    hard/damage_mean                  | 0.336        |
|    hard/defense_damage_pct_mean      | 0.33         |
|    hard/defense_damage_reward_mean   | 0.0397       |
|    hard/defense_destroy_reward_mean  | 0.0111       |
|    hard/defenses_destroyed_mean      | 2.21         |
|    hard/ep_len_mean                  | 60.8         |
|    hard/ep_rew_mean                  | 0.605        |
|    hard/episodes_window              | 200          |
|    hard/freeze_casts_mean            | 2            |
|    hard/freeze_effect_reward_mean    | 0.0775       |
|    hard/frozen_threat_damage_pct_... | 0.0688       |
|    hard/frozen_threat_ticks_mean     | 65.5         |
|    hard/objective_shaping_reward_... | 0.0738       |
|    hard/p_all_spells_used            | 1            |
|    hard/p_damage_ge_90               | 0            |
|    hard/p_stars_ge_2                 | 0.04         |
|    hard/rage_bonus_damage_pct_mean   | 0.00907      |
|    hard/rage_bonus_defense_damage... | 0.00496      |
|    hard/rage_bonus_townhall_damag... | 0.0164       |
|    hard/rage_casts_mean              | 2            |
|    hard/rage_effect_reward_mean      | 0.00317      |
|    hard/score_mean                   | 0.511        |
|    hard/spell_casts_mean             | 4            |
|    hard/spell_shaping_reward_mean    | 0.0806       |
|    hard/spells_remaining_mean        | 0            |
|    hard/stars_mean                   | 0.175        |
|    hard/ticks_mean                   | 604          |
|    hard/townhall_damage_pct_mean     | 0.178        |
|    hard/townhall_damage_reward_mean  | 0.0178       |
|    hard/townhall_destroy_reward_mean | 0.00525      |
|    hard/townhall_destroyed_rate      | 0.105        |
|    hard/truncated_rate               | 0.01         |
|    hard/unused_spell_penalty_mean    | 0            |
|    hard/useful_freeze_casts_mean     | 2            |
|    hard/useful_rage_casts_mean       | 2            |
|    hard/wasted_spell_casts_mean      | 0            |
|    hard/wasted_spell_penalty_mean    | 0            |
|    medium/damage_mean                | 0.82         |
|    medium/defense_damage_pct_mean    | 0.774        |
|    medium/defense_damage_reward_mean | 0.0929       |
|    medium/defense_destroy_reward_... | 0.0177       |
|    medium/defenses_destroyed_mean    | 3.54         |
|    medium/ep_len_mean                | 70.3         |
|    medium/ep_rew_mean                | 3.11         |
|    medium/episodes_window            | 200          |
|    medium/freeze_casts_mean          | 1.93         |
|    medium/freeze_effect_reward_mean  | 0.059        |
|    medium/frozen_threat_damage_pc... | 0.0522       |
|    medium/frozen_threat_ticks_mean   | 45.5         |
|    medium/objective_shaping_rewar... | 0.235        |
|    medium/p_all_spells_used          | 0.945        |
|    medium/p_damage_ge_90             | 0.505        |
|    medium/p_stars_ge_2               | 0.79         |
|    medium/rage_bonus_damage_pct_mean | 0.0303       |
|    medium/rage_bonus_defense_dama... | 0.0145       |
|    medium/rage_bonus_townhall_dam... | 0.0778       |
|    medium/rage_casts_mean            | 1.99         |
|    medium/rage_effect_reward_mean    | 0.0106       |
|    medium/score_mean                 | 2.87         |
|    medium/spell_casts_mean           | 3.92         |
|    medium/spell_shaping_reward_mean  | 0.0672       |
|    medium/spells_remaining_mean      | 0.08         |
|    medium/stars_mean                 | 2.06         |
|    medium/ticks_mean                 | 699          |
|    medium/townhall_damage_pct_mean   | 0.837        |
|    medium/townhall_damage_reward_... | 0.0837       |
|    medium/townhall_destroy_reward... | 0.0402       |
|    medium/townhall_destroyed_rate    | 0.805        |
|    medium/truncated_rate             | 0.115        |
|    medium/unused_spell_penalty_mean  | 0.0024       |
|    medium/useful_freeze_casts_mean   | 1.93         |
|    medium/useful_rage_casts_mean     | 1.99         |
|    medium/wasted_spell_casts_mean    | 0            |
|    medium/wasted_spell_penalty_mean  | 0            |
| rollout/                             |              |
|    ep_len_mean                       | 63           |
|    ep_rew_mean                       | 1.15         |
| throughput/                          |              |
|    env_steps_per_sec                 | 210          |
|    episodes_per_sec                  | 3.08         |
| time/                                |              |
|    fps                               | 207          |
|    iterations                        | 18           |
|    time_elapsed                      | 2841         |
|    total_timesteps                   | 8617984      |
| train/                               |              |
|    approx_kl                         | 0.0068285028 |
|    clip_fraction                     | 0.0365       |
|    clip_range                        | 0.2          |
|    entropy_loss                      | -4.13        |
|    explained_variance                | 0.902        |
|    learning_rate                     | 0.0001       |
|    loss                              | -0.0341      |
|    n_updates                         | 2620         |
|    policy_gradient_loss              | -0.0119      |
|    value_loss                        | 0.0705       |
-------------------------------------------------------
timesteps=8618048 | env_steps/sec=12.6 | episodes/sec=0.00 | gpu_util_mean=18% gpu_util_max=37% | gpu_mem_mean=2.3/47.8GB
timesteps=8619072 | env_steps/sec=201.7 | episodes/sec=2.17 | gpu_util_mean=0% gpu_util_max=0% | gpu_mem_mean=2.3/47.8GB
timesteps=8620160 | env_steps/sec=211.1 | episodes/sec=3.69 | gpu_util_mean=0% gpu_util_max=0% | gpu_mem_mean=2.3/47.8GB
timesteps=8621248 | env_steps/sec=212.5 | episodes/sec=3.91 | gpu_util_mean=0% gpu_util_max=0% | gpu_mem_mean=2.3/47.8GB
timesteps=8622336 | env_steps/sec=209.3 | episodes/sec=3.08 | gpu_util_mean=0% gpu_util_max=1% | gpu_mem_mean=2.3/47.8GB
timesteps=8623424 | env_steps/sec=207.9 | episodes/sec=3.25 | gpu_util_mean=0% gpu_util_max=0% | gpu_mem_mean=2.3/47.8GB
timesteps=8624512 | env_steps/sec=213.1 | episodes/sec=3.33 | gpu_util_mean=0% gpu_util_max=1% | gpu_mem_mean=2.3/47.8GB
timesteps=8625600 | env_steps/sec=208.4 | episodes/sec=3.26 | gpu_util_mean=0% gpu_util_max=1% | gpu_mem_mean=2.3/47.8GB
timesteps=8626688 | env_steps/sec=213.9 | episodes/sec=2.75 | gpu_util_mean=0% gpu_util_max=0% | gpu_mem_mean=2.3/47.8GB
timesteps=8627712 | env_steps/sec=203.1 | episodes/sec=3.37 | gpu_util_mean=0% gpu_util_max=1% | gpu_mem_mean=2.3/47.8GB
timesteps=8628800 | env_steps/sec=208.9 | episodes/sec=4.42 | gpu_util_mean=0% gpu_util_max=0% | gpu_mem_mean=2.3/47.8GB
timesteps=8629824 | env_steps/sec=203.7 | episodes/sec=3.58 | gpu_util_mean=0% gpu_util_max=0% | gpu_mem_mean=2.3/47.8GB
timesteps=8630848 | env_steps/sec=203.7 | episodes/sec=1.19 | gpu_util_mean=0% gpu_util_max=0% | gpu_mem_mean=2.3/47.8GB
timesteps=8631936 | env_steps/sec=215.3 | episodes/sec=4.75 | gpu_util_mean=18% gpu_util_max=35% | gpu_mem_mean=2.3/47.8GB
timesteps=8633088 | env_steps/sec=220.1 | episodes/sec=3.63 | gpu_util_mean=0% gpu_util_max=0% | gpu_mem_mean=2.3/47.8GB
timesteps=8634176 | env_steps/sec=207.3 | episodes/sec=3.24 | gpu_util_mean=0% gpu_util_max=1% | gpu_mem_mean=2.3/47.8GB
timesteps=8635264 | env_steps/sec=207.3 | episodes/sec=1.72 | gpu_util_mean=0% gpu_util_max=0% | gpu_mem_mean=2.3/47.8GB
timesteps=8636416 | env_steps/sec=217.5 | episodes/sec=4.15 | gpu_util_mean=0% gpu_util_max=1% | gpu_mem_mean=2.3/47.8GB
timesteps=8637568 | env_steps/sec=220.1 | episodes/sec=4.01 | gpu_util_mean=0% gpu_util_max=1% | gpu_mem_mean=2.3/47.8GB
timesteps=8638656 | env_steps/sec=212.4 | episodes/sec=2.15 | gpu_util_mean=0% gpu_util_max=0% | gpu_mem_mean=2.3/47.8GB
timesteps=8639744 | env_steps/sec=216.6 | episodes/sec=4.18 | gpu_util_mean=0% gpu_util_max=0% | gpu_mem_mean=2.3/47.8GB
timesteps=8640832 | env_steps/sec=209.2 | episodes/sec=3.46 | gpu_util_mean=0% gpu_util_max=1% | gpu_mem_mean=2.3/47.8GB
timesteps=8641920 | env_steps/sec=211.9 | episodes/sec=3.89 | gpu_util_mean=0% gpu_util_max=0% | gpu_mem_mean=2.3/47.8GB
timesteps=8643008 | env_steps/sec=209.3 | episodes/sec=2.69 | gpu_util_mean=0% gpu_util_max=1% | gpu_mem_mean=2.3/47.8GB
timesteps=8644096 | env_steps/sec=216.3 | episodes/sec=3.58 | gpu_util_mean=0% gpu_util_max=1% | gpu_mem_mean=2.3/47.8GB
timesteps=8645184 | env_steps/sec=207.0 | episodes/sec=3.23 | gpu_util_mean=0% gpu_util_max=0% | gpu_mem_mean=2.3/47.8GB
timesteps=8646272 | env_steps/sec=206.4 | episodes/sec=2.85 | gpu_util_mean=0% gpu_util_max=1% | gpu_mem_mean=2.3/47.8GB
timesteps=8647360 | env_steps/sec=215.6 | episodes/sec=3.76 | gpu_util_mean=0% gpu_util_max=1% | gpu_mem_mean=2.3/47.8GB
timesteps=8648448 | env_steps/sec=209.3 | episodes/sec=3.66 | gpu_util_mean=0% gpu_util_max=0% | gpu_mem_mean=2.3/47.8GB
timesteps=8649536 | env_steps/sec=212.4 | episodes/sec=3.12 | gpu_util_mean=0% gpu_util_max=1% | gpu_mem_mean=2.3/47.8GB
timesteps=8650624 | env_steps/sec=208.4 | episodes/sec=3.06 | gpu_util_mean=0% gpu_util_max=1% | gpu_mem_mean=2.3/47.8GB
------------------------------------------------------
| gpu/                                 |             |
|    gpu_count                         | 2           |
|    gpu_mem_total_gb_mean             | 47.8        |
|    gpu_mem_used_gb_mean              | 2.33        |
|    gpu_util_pct_max                  | 1           |
|    gpu_util_pct_mean                 | 0.5         |
| profile/                             |             |
|    hard/damage_mean                  | 0.348       |
|    hard/defense_damage_pct_mean      | 0.342       |
|    hard/defense_damage_reward_mean   | 0.041       |
|    hard/defense_destroy_reward_mean  | 0.0116      |
|    hard/defenses_destroyed_mean      | 2.31        |
|    hard/ep_len_mean                  | 61.5        |
|    hard/ep_rew_mean                  | 0.674       |
|    hard/episodes_window              | 200         |
|    hard/freeze_casts_mean            | 2           |
|    hard/freeze_effect_reward_mean    | 0.0755      |
|    hard/frozen_threat_damage_pct_... | 0.066       |
|    hard/frozen_threat_ticks_mean     | 63.7        |
|    hard/objective_shaping_reward_... | 0.0785      |
|    hard/p_all_spells_used            | 0.995       |
|    hard/p_damage_ge_90               | 0           |
|    hard/p_stars_ge_2                 | 0.07        |
|    hard/rage_bonus_damage_pct_mean   | 0.00958     |
|    hard/rage_bonus_defense_damage... | 0.00698     |
|    hard/rage_bonus_townhall_damag... | 0.0153      |
|    hard/rage_casts_mean              | 2           |
|    hard/rage_effect_reward_mean      | 0.00335     |
|    hard/score_mean                   | 0.578       |
|    hard/spell_casts_mean             | 4           |
|    hard/spell_shaping_reward_mean    | 0.0787      |
|    hard/spells_remaining_mean        | 0.005       |
|    hard/stars_mean                   | 0.23        |
|    hard/ticks_mean                   | 610         |
|    hard/townhall_damage_pct_mean     | 0.204       |
|    hard/townhall_damage_reward_mean  | 0.0204      |
|    hard/townhall_destroy_reward_mean | 0.0055      |
|    hard/townhall_destroyed_rate      | 0.11        |
|    hard/truncated_rate               | 0.01        |
|    hard/unused_spell_penalty_mean    | 0.00015     |
|    hard/useful_freeze_casts_mean     | 2           |
|    hard/useful_rage_casts_mean       | 2           |
|    hard/wasted_spell_casts_mean      | 0           |
|    hard/wasted_spell_penalty_mean    | 0           |
|    medium/damage_mean                | 0.83        |
|    medium/defense_damage_pct_mean    | 0.769       |
|    medium/defense_damage_reward_mean | 0.0923      |
|    medium/defense_destroy_reward_... | 0.0178      |
|    medium/defenses_destroyed_mean    | 3.56        |
|    medium/ep_len_mean                | 69.8        |
|    medium/ep_rew_mean                | 3.16        |
|    medium/episodes_window            | 200         |
|    medium/freeze_casts_mean          | 1.92        |
|    medium/freeze_effect_reward_mean  | 0.0564      |
|    medium/frozen_threat_damage_pc... | 0.0491      |
|    medium/frozen_threat_ticks_mean   | 42.7        |
|    medium/objective_shaping_rewar... | 0.237       |
|    medium/p_all_spells_used          | 0.93        |
|    medium/p_damage_ge_90             | 0.51        |
|    medium/p_stars_ge_2               | 0.825       |
|    medium/rage_bonus_damage_pct_mean | 0.0299      |
|    medium/rage_bonus_defense_dama... | 0.0132      |
|    medium/rage_bonus_townhall_dam... | 0.0784      |
|    medium/rage_casts_mean            | 1.96        |
|    medium/rage_effect_reward_mean    | 0.0105      |
|    medium/score_mean                 | 2.93        |
|    medium/spell_casts_mean           | 3.88        |
|    medium/spell_shaping_reward_mean  | 0.0632      |
|    medium/spells_remaining_mean      | 0.125       |
|    medium/stars_mean                 | 2.1         |
|    medium/ticks_mean                 | 694         |
|    medium/townhall_damage_pct_mean   | 0.857       |
|    medium/townhall_damage_reward_... | 0.0857      |
|    medium/townhall_destroy_reward... | 0.0417      |
|    medium/townhall_destroyed_rate    | 0.835       |
|    medium/truncated_rate             | 0.12        |
|    medium/unused_spell_penalty_mean  | 0.00375     |
|    medium/useful_freeze_casts_mean   | 1.92        |
|    medium/useful_rage_casts_mean     | 1.96        |
|    medium/wasted_spell_casts_mean    | 0           |
|    medium/wasted_spell_penalty_mean  | 0           |
| rollout/                             |             |
|    ep_len_mean                       | 63.2        |
|    ep_rew_mean                       | 1.37        |
| throughput/                          |             |
|    env_steps_per_sec                 | 208         |
|    episodes_per_sec                  | 3.06        |
| time/                                |             |
|    fps                               | 207         |
|    iterations                        | 19          |
|    time_elapsed                      | 3001        |
|    total_timesteps                   | 8650752     |
| train/                               |             |
|    approx_kl                         | 0.007460576 |
|    clip_fraction                     | 0.0448      |
|    clip_range                        | 0.2         |
|    entropy_loss                      | -4.1        |
|    explained_variance                | 0.896       |
|    learning_rate                     | 0.0001      |
|    loss                              | -0.0334     |
|    n_updates                         | 2630        |
|    policy_gradient_loss              | -0.013      |
|    value_loss                        | 0.0632      |
------------------------------------------------------
timesteps=8650816 | env_steps/sec=34.3 | episodes/sec=0.36 | gpu_util_mean=16% gpu_util_max=33% | gpu_mem_mean=2.3/47.8GB
timesteps=8651904 | env_steps/sec=217.2 | episodes/sec=3.79 | gpu_util_mean=0% gpu_util_max=0% | gpu_mem_mean=2.3/47.8GB
timesteps=8652992 | env_steps/sec=215.5 | episodes/sec=3.37 | gpu_util_mean=0% gpu_util_max=1% | gpu_mem_mean=2.3/47.8GB
timesteps=8654080 | env_steps/sec=212.1 | episodes/sec=2.73 | gpu_util_mean=0% gpu_util_max=1% | gpu_mem_mean=2.3/47.8GB
timesteps=8655168 | env_steps/sec=211.4 | episodes/sec=4.27 | gpu_util_mean=0% gpu_util_max=1% | gpu_mem_mean=2.3/47.8GB
timesteps=8656256 | env_steps/sec=206.0 | episodes/sec=2.84 | gpu_util_mean=0% gpu_util_max=1% | gpu_mem_mean=2.3/47.8GB
timesteps=8657344 | env_steps/sec=217.1 | episodes/sec=2.99 | gpu_util_mean=0% gpu_util_max=1% | gpu_mem_mean=2.3/47.8GB
timesteps=8658432 | env_steps/sec=215.2 | episodes/sec=4.15 | gpu_util_mean=1% gpu_util_max=1% | gpu_mem_mean=2.3/47.8GB
timesteps=8659520 | env_steps/sec=213.4 | episodes/sec=3.53 | gpu_util_mean=0% gpu_util_max=0% | gpu_mem_mean=2.3/47.8GB
timesteps=8660608 | env_steps/sec=212.5 | episodes/sec=2.73 | gpu_util_mean=0% gpu_util_max=0% | gpu_mem_mean=2.3/47.8GB
timesteps=8661696 | env_steps/sec=213.8 | episodes/sec=3.34 | gpu_util_mean=0% gpu_util_max=1% | gpu_mem_mean=2.3/47.8GB
timesteps=8662784 | env_steps/sec=214.6 | episodes/sec=3.16 | gpu_util_mean=0% gpu_util_max=0% | gpu_mem_mean=2.3/47.8GB
timesteps=8663872 | env_steps/sec=213.7 | episodes/sec=3.93 | gpu_util_mean=0% gpu_util_max=0% | gpu_mem_mean=2.3/47.8GB
timesteps=8664960 | env_steps/sec=208.9 | episodes/sec=2.69 | gpu_util_mean=16% gpu_util_max=31% | gpu_mem_mean=2.3/47.8GB
timesteps=8666048 | env_steps/sec=215.0 | episodes/sec=4.54 | gpu_util_mean=1% gpu_util_max=1% | gpu_mem_mean=2.3/47.8GB
timesteps=8667072 | env_steps/sec=203.2 | episodes/sec=2.98 | gpu_util_mean=0% gpu_util_max=1% | gpu_mem_mean=2.3/47.8GB
timesteps=8668160 | env_steps/sec=206.0 | episodes/sec=3.03 | gpu_util_mean=0% gpu_util_max=1% | gpu_mem_mean=2.3/47.8GB
timesteps=8669184 | env_steps/sec=204.1 | episodes/sec=3.19 | gpu_util_mean=0% gpu_util_max=1% | gpu_mem_mean=2.3/47.8GB
timesteps=8670272 | env_steps/sec=215.2 | episodes/sec=3.96 | gpu_util_mean=0% gpu_util_max=0% | gpu_mem_mean=2.3/47.8GB
timesteps=8671360 | env_steps/sec=206.7 | episodes/sec=3.23 | gpu_util_mean=0% gpu_util_max=0% | gpu_mem_mean=2.3/47.8GB
timesteps=8672448 | env_steps/sec=212.9 | episodes/sec=3.33 | gpu_util_mean=0% gpu_util_max=1% | gpu_mem_mean=2.3/47.8GB
timesteps=8673600 | env_steps/sec=218.1 | episodes/sec=3.97 | gpu_util_mean=0% gpu_util_max=1% | gpu_mem_mean=2.3/47.8GB
timesteps=8674688 | env_steps/sec=211.8 | episodes/sec=3.31 | gpu_util_mean=0% gpu_util_max=1% | gpu_mem_mean=2.3/47.8GB
timesteps=8675712 | env_steps/sec=202.6 | episodes/sec=2.97 | gpu_util_mean=0% gpu_util_max=1% | gpu_mem_mean=2.3/47.8GB
timesteps=8676800 | env_steps/sec=210.3 | episodes/sec=3.09 | gpu_util_mean=0% gpu_util_max=0% | gpu_mem_mean=2.3/47.8GB
timesteps=8677888 | env_steps/sec=214.6 | episodes/sec=4.34 | gpu_util_mean=0% gpu_util_max=0% | gpu_mem_mean=2.3/47.8GB
timesteps=8678976 | env_steps/sec=214.3 | episodes/sec=2.95 | gpu_util_mean=0% gpu_util_max=1% | gpu_mem_mean=2.3/47.8GB
timesteps=8680128 | env_steps/sec=224.5 | episodes/sec=3.70 | gpu_util_mean=0% gpu_util_max=1% | gpu_mem_mean=2.3/47.8GB
timesteps=8681216 | env_steps/sec=214.8 | episodes/sec=3.16 | gpu_util_mean=0% gpu_util_max=1% | gpu_mem_mean=2.3/47.8GB
timesteps=8682304 | env_steps/sec=213.8 | episodes/sec=4.72 | gpu_util_mean=0% gpu_util_max=0% | gpu_mem_mean=2.3/47.8GB
timesteps=8683392 | env_steps/sec=206.2 | episodes/sec=2.27 | gpu_util_mean=0% gpu_util_max=1% | gpu_mem_mean=2.3/47.8GB
------------------------------------------------------
| gpu/                                 |             |
|    gpu_count                         | 2           |
|    gpu_mem_total_gb_mean             | 47.8        |
|    gpu_mem_used_gb_mean              | 2.33        |
|    gpu_util_pct_max                  | 1           |
|    gpu_util_pct_mean                 | 0.5         |
| profile/                             |             |
|    hard/damage_mean                  | 0.347       |
|    hard/defense_damage_pct_mean      | 0.332       |
|    hard/defense_damage_reward_mean   | 0.0399      |
|    hard/defense_destroy_reward_mean  | 0.0114      |
|    hard/defenses_destroyed_mean      | 2.27        |
|    hard/ep_len_mean                  | 60.3        |
|    hard/ep_rew_mean                  | 0.675       |
|    hard/episodes_window              | 200         |
|    hard/freeze_casts_mean            | 1.99        |
|    hard/freeze_effect_reward_mean    | 0.073       |
|    hard/frozen_threat_damage_pct_... | 0.0641      |
|    hard/frozen_threat_ticks_mean     | 61.4        |
|    hard/objective_shaping_reward_... | 0.0768      |
|    hard/p_all_spells_used            | 0.99        |
|    hard/p_damage_ge_90               | 0           |
|    hard/p_stars_ge_2                 | 0.09        |
|    hard/rage_bonus_damage_pct_mean   | 0.00892     |
|    hard/rage_bonus_defense_damage... | 0.00709     |
|    hard/rage_bonus_townhall_damag... | 0.0131      |
|    hard/rage_casts_mean              | 2           |
|    hard/rage_effect_reward_mean      | 0.00312     |
|    hard/score_mean                   | 0.582       |
|    hard/spell_casts_mean             | 3.98        |
|    hard/spell_shaping_reward_mean    | 0.0757      |
|    hard/spells_remaining_mean        | 0.015       |
|    hard/stars_mean                   | 0.235       |
|    hard/ticks_mean                   | 599         |
|    hard/townhall_damage_pct_mean     | 0.196       |
|    hard/townhall_damage_reward_mean  | 0.0196      |
|    hard/townhall_destroy_reward_mean | 0.006       |
|    hard/townhall_destroyed_rate      | 0.12        |
|    hard/truncated_rate               | 0           |
|    hard/unused_spell_penalty_mean    | 0.00045     |
|    hard/useful_freeze_casts_mean     | 1.99        |
|    hard/useful_rage_casts_mean       | 2           |
|    hard/wasted_spell_casts_mean      | 0           |
|    hard/wasted_spell_penalty_mean    | 0           |
|    medium/damage_mean                | 0.844       |
|    medium/defense_damage_pct_mean    | 0.787       |
|    medium/defense_damage_reward_mean | 0.0945      |
|    medium/defense_destroy_reward_... | 0.0184      |
|    medium/defenses_destroyed_mean    | 3.69        |
|    medium/ep_len_mean                | 67.6        |
|    medium/ep_rew_mean                | 3.29        |
|    medium/episodes_window            | 200         |
|    medium/freeze_casts_mean          | 1.91        |
|    medium/freeze_effect_reward_mean  | 0.0532      |
|    medium/frozen_threat_damage_pc... | 0.0462      |
|    medium/frozen_threat_ticks_mean   | 39.8        |
|    medium/objective_shaping_rewar... | 0.246       |
|    medium/p_all_spells_used          | 0.925       |
|    medium/p_damage_ge_90             | 0.535       |
|    medium/p_stars_ge_2               | 0.855       |
|    medium/rage_bonus_damage_pct_mean | 0.0309      |
|    medium/rage_bonus_defense_dama... | 0.0156      |
|    medium/rage_bonus_townhall_dam... | 0.0798      |
|    medium/rage_casts_mean            | 1.95        |
|    medium/rage_effect_reward_mean    | 0.0108      |
|    medium/score_mean                 | 3.05        |
|    medium/spell_casts_mean           | 3.85        |
|    medium/spell_shaping_reward_mean  | 0.0595      |
|    medium/spells_remaining_mean      | 0.15        |
|    medium/stars_mean                 | 2.21        |
|    medium/ticks_mean                 | 672         |
|    medium/townhall_damage_pct_mean   | 0.896       |
|    medium/townhall_damage_reward_... | 0.0896      |
|    medium/townhall_destroy_reward... | 0.0437      |
|    medium/townhall_destroyed_rate    | 0.875       |
|    medium/truncated_rate             | 0.075       |
|    medium/unused_spell_penalty_mean  | 0.0045      |
|    medium/useful_freeze_casts_mean   | 1.91        |
|    medium/useful_rage_casts_mean     | 1.95        |
|    medium/wasted_spell_casts_mean    | 0           |
|    medium/wasted_spell_penalty_mean  | 0           |
| rollout/                             |             |
|    ep_len_mean                       | 62.7        |
|    ep_rew_mean                       | 1.34        |
| throughput/                          |             |
|    env_steps_per_sec                 | 206         |
|    episodes_per_sec                  | 2.27        |
| time/                                |             |
|    fps                               | 207         |
|    iterations                        | 20          |
|    time_elapsed                      | 3161        |
|    total_timesteps                   | 8683520     |
| train/                               |             |
|    approx_kl                         | 0.006806219 |
|    clip_fraction                     | 0.0343      |
|    clip_range                        | 0.2         |
|    entropy_loss                      | -4.08       |
|    explained_variance                | 0.904       |
|    learning_rate                     | 0.0001      |
|    loss                              | -0.033      |
|    n_updates                         | 2640        |
|    policy_gradient_loss              | -0.0127     |
|    value_loss                        | 0.0655      |
------------------------------------------------------
timesteps=8683584 | env_steps/sec=34.4 | episodes/sec=0.36 | gpu_util_mean=0% gpu_util_max=1% | gpu_mem_mean=2.3/47.8GB
timesteps=8684672 | env_steps/sec=206.7 | episodes/sec=2.66 | gpu_util_mean=0% gpu_util_max=1% | gpu_mem_mean=2.3/47.8GB
timesteps=8685760 | env_steps/sec=205.9 | episodes/sec=3.98 | gpu_util_mean=0% gpu_util_max=1% | gpu_mem_mean=2.3/47.8GB
timesteps=8686848 | env_steps/sec=206.2 | episodes/sec=4.17 | gpu_util_mean=0% gpu_util_max=0% | gpu_mem_mean=2.3/47.8GB
timesteps=8687872 | env_steps/sec=201.9 | episodes/sec=2.37 | gpu_util_mean=0% gpu_util_max=1% | gpu_mem_mean=2.3/47.8GB
timesteps=8688896 | env_steps/sec=202.4 | episodes/sec=2.37 | gpu_util_mean=0% gpu_util_max=1% | gpu_mem_mean=2.3/47.8GB
timesteps=8689920 | env_steps/sec=204.0 | episodes/sec=4.78 | gpu_util_mean=1% gpu_util_max=1% | gpu_mem_mean=2.3/47.8GB
timesteps=8691008 | env_steps/sec=211.4 | episodes/sec=2.72 | gpu_util_mean=0% gpu_util_max=1% | gpu_mem_mean=2.3/47.8GB
timesteps=8692096 | env_steps/sec=216.6 | episodes/sec=3.58 | gpu_util_mean=0% gpu_util_max=0% | gpu_mem_mean=2.3/47.8GB
timesteps=8693248 | env_steps/sec=218.6 | episodes/sec=3.42 | gpu_util_mean=0% gpu_util_max=0% | gpu_mem_mean=2.3/47.8GB
timesteps=8694336 | env_steps/sec=214.9 | episodes/sec=3.95 | gpu_util_mean=0% gpu_util_max=0% | gpu_mem_mean=2.3/47.8GB
timesteps=8695424 | env_steps/sec=209.3 | episodes/sec=2.31 | gpu_util_mean=0% gpu_util_max=1% | gpu_mem_mean=2.3/47.8GB
timesteps=8696512 | env_steps/sec=208.5 | episodes/sec=3.64 | gpu_util_mean=1% gpu_util_max=1% | gpu_mem_mean=2.3/47.8GB
timesteps=8697536 | env_steps/sec=203.7 | episodes/sec=3.58 | gpu_util_mean=16% gpu_util_max=30% | gpu_mem_mean=2.3/47.8GB
timesteps=8698624 | env_steps/sec=214.9 | episodes/sec=2.37 | gpu_util_mean=0% gpu_util_max=1% | gpu_mem_mean=2.3/47.8GB
timesteps=8699648 | env_steps/sec=202.7 | episodes/sec=3.96 | gpu_util_mean=0% gpu_util_max=1% | gpu_mem_mean=2.3/47.8GB
timesteps=8700800 | env_steps/sec=222.4 | episodes/sec=3.86 | gpu_util_mean=1% gpu_util_max=1% | gpu_mem_mean=2.3/47.8GB
timesteps=8701888 | env_steps/sec=217.4 | episodes/sec=3.00 | gpu_util_mean=0% gpu_util_max=0% | gpu_mem_mean=2.3/47.8GB
timesteps=8702976 | env_steps/sec=215.2 | episodes/sec=2.57 | gpu_util_mean=1% gpu_util_max=1% | gpu_mem_mean=2.3/47.8GB
timesteps=8704064 | env_steps/sec=214.8 | episodes/sec=4.54 | gpu_util_mean=0% gpu_util_max=1% | gpu_mem_mean=2.3/47.8GB
timesteps=8705152 | env_steps/sec=214.4 | episodes/sec=3.15 | gpu_util_mean=0% gpu_util_max=0% | gpu_mem_mean=2.3/47.8GB
timesteps=8706240 | env_steps/sec=205.7 | episodes/sec=2.46 | gpu_util_mean=0% gpu_util_max=1% | gpu_mem_mean=2.3/47.8GB
timesteps=8707328 | env_steps/sec=213.9 | episodes/sec=3.54 | gpu_util_mean=0% gpu_util_max=0% | gpu_mem_mean=2.3/47.8GB
timesteps=8708416 | env_steps/sec=214.2 | episodes/sec=3.94 | gpu_util_mean=0% gpu_util_max=1% | gpu_mem_mean=2.3/47.8GB
timesteps=8709504 | env_steps/sec=213.6 | episodes/sec=3.14 | gpu_util_mean=0% gpu_util_max=0% | gpu_mem_mean=2.3/47.8GB
timesteps=8710592 | env_steps/sec=215.6 | episodes/sec=3.57 | gpu_util_mean=1% gpu_util_max=1% | gpu_mem_mean=2.3/47.8GB
timesteps=8711680 | env_steps/sec=208.8 | episodes/sec=3.26 | gpu_util_mean=0% gpu_util_max=0% | gpu_mem_mean=2.3/47.8GB
timesteps=8712768 | env_steps/sec=211.9 | episodes/sec=3.12 | gpu_util_mean=0% gpu_util_max=1% | gpu_mem_mean=2.3/47.8GB
timesteps=8713856 | env_steps/sec=215.9 | episodes/sec=2.18 | gpu_util_mean=0% gpu_util_max=1% | gpu_mem_mean=2.3/47.8GB
timesteps=8714944 | env_steps/sec=212.2 | episodes/sec=4.49 | gpu_util_mean=0% gpu_util_max=1% | gpu_mem_mean=2.3/47.8GB
timesteps=8716096 | env_steps/sec=221.7 | episodes/sec=3.27 | gpu_util_mean=0% gpu_util_max=1% | gpu_mem_mean=2.3/47.8GB
-------------------------------------------------------
| gpu/                                 |              |
|    gpu_count                         | 2            |
|    gpu_mem_total_gb_mean             | 47.8         |
|    gpu_mem_used_gb_mean              | 2.33         |
|    gpu_util_pct_max                  | 1            |
|    gpu_util_pct_mean                 | 0.5          |
| profile/                             |              |
|    hard/damage_mean                  | 0.343        |
|    hard/defense_damage_pct_mean      | 0.338        |
|    hard/defense_damage_reward_mean   | 0.0405       |
|    hard/defense_destroy_reward_mean  | 0.0115       |
|    hard/defenses_destroyed_mean      | 2.3          |
|    hard/ep_len_mean                  | 62           |
|    hard/ep_rew_mean                  | 0.686        |
|    hard/episodes_window              | 200          |
|    hard/freeze_casts_mean            | 2            |
|    hard/freeze_effect_reward_mean    | 0.0761       |
|    hard/frozen_threat_damage_pct_... | 0.0677       |
|    hard/frozen_threat_ticks_mean     | 64.6         |
|    hard/objective_shaping_reward_... | 0.0796       |
|    hard/p_all_spells_used            | 1            |
|    hard/p_damage_ge_90               | 0            |
|    hard/p_stars_ge_2                 | 0.08         |
|    hard/rage_bonus_damage_pct_mean   | 0.01         |
|    hard/rage_bonus_defense_damage... | 0.00819      |
|    hard/rage_bonus_townhall_damag... | 0.0174       |
|    hard/rage_casts_mean              | 2            |
|    hard/rage_effect_reward_mean      | 0.0035       |
|    hard/score_mean                   | 0.588        |
|    hard/spell_casts_mean             | 4            |
|    hard/spell_shaping_reward_mean    | 0.0796       |
|    hard/spells_remaining_mean        | 0            |
|    hard/stars_mean                   | 0.245        |
|    hard/ticks_mean                   | 616          |
|    hard/townhall_damage_pct_mean     | 0.209        |
|    hard/townhall_damage_reward_mean  | 0.0209       |
|    hard/townhall_destroy_reward_mean | 0.00675      |
|    hard/townhall_destroyed_rate      | 0.135        |
|    hard/truncated_rate               | 0.02         |
|    hard/unused_spell_penalty_mean    | 0            |
|    hard/useful_freeze_casts_mean     | 2            |
|    hard/useful_rage_casts_mean       | 2            |
|    hard/wasted_spell_casts_mean      | 0            |
|    hard/wasted_spell_penalty_mean    | 0            |
|    medium/damage_mean                | 0.843        |
|    medium/defense_damage_pct_mean    | 0.799        |
|    medium/defense_damage_reward_mean | 0.0959       |
|    medium/defense_destroy_reward_... | 0.0185       |
|    medium/defenses_destroyed_mean    | 3.7          |
|    medium/ep_len_mean                | 68.3         |
|    medium/ep_rew_mean                | 3.3          |
|    medium/episodes_window            | 200          |
|    medium/freeze_casts_mean          | 1.92         |
|    medium/freeze_effect_reward_mean  | 0.0576       |
|    medium/frozen_threat_damage_pc... | 0.0507       |
|    medium/frozen_threat_ticks_mean   | 43.4         |
|    medium/objective_shaping_rewar... | 0.249        |
|    medium/p_all_spells_used          | 0.93         |
|    medium/p_damage_ge_90             | 0.51         |
|    medium/p_stars_ge_2               | 0.865        |
|    medium/rage_bonus_damage_pct_mean | 0.0321       |
|    medium/rage_bonus_defense_dama... | 0.0123       |
|    medium/rage_bonus_townhall_dam... | 0.0902       |
|    medium/rage_casts_mean            | 1.97         |
|    medium/rage_effect_reward_mean    | 0.0112       |
|    medium/score_mean                 | 3.05         |
|    medium/spell_casts_mean           | 3.88         |
|    medium/spell_shaping_reward_mean  | 0.0653       |
|    medium/spells_remaining_mean      | 0.12         |
|    medium/stars_mean                 | 2.21         |
|    medium/ticks_mean                 | 678          |
|    medium/townhall_damage_pct_mean   | 0.908        |
|    medium/townhall_damage_reward_... | 0.0908       |
|    medium/townhall_destroy_reward... | 0.0437       |
|    medium/townhall_destroyed_rate    | 0.875        |
|    medium/truncated_rate             | 0.11         |
|    medium/unused_spell_penalty_mean  | 0.0036       |
|    medium/useful_freeze_casts_mean   | 1.92         |
|    medium/useful_rage_casts_mean     | 1.97         |
|    medium/wasted_spell_casts_mean    | 0            |
|    medium/wasted_spell_penalty_mean  | 0            |
| rollout/                             |              |
|    ep_len_mean                       | 63.7         |
|    ep_rew_mean                       | 1.31         |
| throughput/                          |              |
|    env_steps_per_sec                 | 222          |
|    episodes_per_sec                  | 3.27         |
| time/                                |              |
|    fps                               | 207          |
|    iterations                        | 21           |
|    time_elapsed                      | 3320         |
|    total_timesteps                   | 8716288      |
| train/                               |              |
|    approx_kl                         | 0.0072481446 |
|    clip_fraction                     | 0.0328       |
|    clip_range                        | 0.2          |
|    entropy_loss                      | -4.18        |
|    explained_variance                | 0.904        |
|    learning_rate                     | 0.0001       |
|    loss                              | -0.0334      |
|    n_updates                         | 2650         |
|    policy_gradient_loss              | -0.0118      |
|    value_loss                        | 0.0707       |
-------------------------------------------------------
timesteps=8716352 | env_steps/sec=43.1 | episodes/sec=1.01 | gpu_util_mean=19% gpu_util_max=37% | gpu_mem_mean=2.3/47.8GB
timesteps=8717440 | env_steps/sec=217.5 | episodes/sec=3.00 | gpu_util_mean=0% gpu_util_max=0% | gpu_mem_mean=2.3/47.8GB
timesteps=8718528 | env_steps/sec=215.8 | episodes/sec=3.77 | gpu_util_mean=0% gpu_util_max=0% | gpu_mem_mean=2.3/47.8GB
timesteps=8719616 | env_steps/sec=215.3 | episodes/sec=3.17 | gpu_util_mean=0% gpu_util_max=1% | gpu_mem_mean=2.3/47.8GB
timesteps=8720704 | env_steps/sec=215.3 | episodes/sec=4.16 | gpu_util_mean=0% gpu_util_max=0% | gpu_mem_mean=2.3/47.8GB
timesteps=8721792 | env_steps/sec=212.5 | episodes/sec=2.73 | gpu_util_mean=0% gpu_util_max=1% | gpu_mem_mean=2.3/47.8GB
timesteps=8722880 | env_steps/sec=210.8 | episodes/sec=3.68 | gpu_util_mean=0% gpu_util_max=1% | gpu_mem_mean=2.3/47.8GB
timesteps=8723968 | env_steps/sec=212.7 | episodes/sec=3.13 | gpu_util_mean=0% gpu_util_max=0% | gpu_mem_mean=2.3/47.8GB
timesteps=8725056 | env_steps/sec=211.4 | episodes/sec=2.33 | gpu_util_mean=1% gpu_util_max=1% | gpu_mem_mean=2.3/47.8GB
timesteps=8726144 | env_steps/sec=214.6 | episodes/sec=3.55 | gpu_util_mean=0% gpu_util_max=0% | gpu_mem_mean=2.3/47.8GB
timesteps=8727232 | env_steps/sec=207.4 | episodes/sec=4.57 | gpu_util_mean=0% gpu_util_max=1% | gpu_mem_mean=2.3/47.8GB
timesteps=8728320 | env_steps/sec=208.5 | episodes/sec=2.49 | gpu_util_mean=0% gpu_util_max=1% | gpu_mem_mean=2.3/47.8GB
timesteps=8729408 | env_steps/sec=206.0 | episodes/sec=2.27 | gpu_util_mean=0% gpu_util_max=0% | gpu_mem_mean=2.3/47.8GB
timesteps=8730496 | env_steps/sec=206.9 | episodes/sec=3.99 | gpu_util_mean=0% gpu_util_max=0% | gpu_mem_mean=2.3/47.8GB
timesteps=8731584 | env_steps/sec=213.7 | episodes/sec=4.32 | gpu_util_mean=18% gpu_util_max=37% | gpu_mem_mean=2.3/47.8GB
timesteps=8732608 | env_steps/sec=201.1 | episodes/sec=2.36 | gpu_util_mean=1% gpu_util_max=1% | gpu_mem_mean=2.3/47.8GB
timesteps=8733696 | env_steps/sec=209.7 | episodes/sec=2.70 | gpu_util_mean=0% gpu_util_max=1% | gpu_mem_mean=2.3/47.8GB
timesteps=8734784 | env_steps/sec=213.2 | episodes/sec=3.92 | gpu_util_mean=0% gpu_util_max=1% | gpu_mem_mean=2.3/47.8GB
timesteps=8735872 | env_steps/sec=215.0 | episodes/sec=3.75 | gpu_util_mean=0% gpu_util_max=1% | gpu_mem_mean=2.3/47.8GB
timesteps=8736960 | env_steps/sec=205.7 | episodes/sec=3.21 | gpu_util_mean=0% gpu_util_max=0% | gpu_mem_mean=2.3/47.8GB
timesteps=8738048 | env_steps/sec=210.1 | episodes/sec=3.48 | gpu_util_mean=0% gpu_util_max=1% | gpu_mem_mean=2.3/47.8GB
timesteps=8739136 | env_steps/sec=209.8 | episodes/sec=4.24 | gpu_util_mean=0% gpu_util_max=1% | gpu_mem_mean=2.3/47.8GB
timesteps=8740224 | env_steps/sec=217.4 | episodes/sec=2.60 | gpu_util_mean=0% gpu_util_max=1% | gpu_mem_mean=2.3/47.8GB
timesteps=8741248 | env_steps/sec=202.8 | episodes/sec=2.77 | gpu_util_mean=0% gpu_util_max=0% | gpu_mem_mean=2.3/47.8GB
timesteps=8742336 | env_steps/sec=215.9 | episodes/sec=3.97 | gpu_util_mean=0% gpu_util_max=0% | gpu_mem_mean=2.3/47.8GB
timesteps=8743424 | env_steps/sec=212.7 | episodes/sec=3.13 | gpu_util_mean=0% gpu_util_max=0% | gpu_mem_mean=2.3/47.8GB
timesteps=8744512 | env_steps/sec=215.8 | episodes/sec=3.37 | gpu_util_mean=0% gpu_util_max=1% | gpu_mem_mean=2.3/47.8GB
timesteps=8745600 | env_steps/sec=204.9 | episodes/sec=3.20 | gpu_util_mean=0% gpu_util_max=0% | gpu_mem_mean=2.3/47.8GB
timesteps=8746688 | env_steps/sec=208.3 | episodes/sec=3.83 | gpu_util_mean=0% gpu_util_max=1% | gpu_mem_mean=2.3/47.8GB
timesteps=8747776 | env_steps/sec=208.8 | episodes/sec=2.69 | gpu_util_mean=0% gpu_util_max=1% | gpu_mem_mean=2.3/47.8GB
timesteps=8748864 | env_steps/sec=205.0 | episodes/sec=2.64 | gpu_util_mean=0% gpu_util_max=1% | gpu_mem_mean=2.3/47.8GB
------------------------------------------------------
| gpu/                                 |             |
|    gpu_count                         | 2           |
|    gpu_mem_total_gb_mean             | 47.8        |
|    gpu_mem_used_gb_mean              | 2.33        |
|    gpu_util_pct_max                  | 1           |
|    gpu_util_pct_mean                 | 0.5         |
| profile/                             |             |
|    hard/damage_mean                  | 0.334       |
|    hard/defense_damage_pct_mean      | 0.328       |
|    hard/defense_damage_reward_mean   | 0.0394      |
|    hard/defense_destroy_reward_mean  | 0.011       |
|    hard/defenses_destroyed_mean      | 2.2         |
|    hard/ep_len_mean                  | 61.2        |
|    hard/ep_rew_mean                  | 0.599       |
|    hard/episodes_window              | 200         |
|    hard/freeze_casts_mean            | 1.99        |
|    hard/freeze_effect_reward_mean    | 0.0713      |
|    hard/frozen_threat_damage_pct_... | 0.062       |
|    hard/frozen_threat_ticks_mean     | 60          |
|    hard/objective_shaping_reward_... | 0.0724      |
|    hard/p_all_spells_used            | 0.99        |
|    hard/p_damage_ge_90               | 0           |
|    hard/p_stars_ge_2                 | 0.05        |
|    hard/rage_bonus_damage_pct_mean   | 0.00879     |
|    hard/rage_bonus_defense_damage... | 0.00618     |
|    hard/rage_bonus_townhall_damag... | 0.0133      |
|    hard/rage_casts_mean              | 1.99        |
|    hard/rage_effect_reward_mean      | 0.00308     |
|    hard/score_mean                   | 0.514       |
|    hard/spell_casts_mean             | 3.98        |
|    hard/spell_shaping_reward_mean    | 0.0738      |
|    hard/spells_remaining_mean        | 0.02        |
|    hard/stars_mean                   | 0.18        |
|    hard/ticks_mean                   | 607         |
|    hard/townhall_damage_pct_mean     | 0.162       |
|    hard/townhall_damage_reward_mean  | 0.0162      |
|    hard/townhall_destroy_reward_mean | 0.00575     |
|    hard/townhall_destroyed_rate      | 0.115       |
|    hard/truncated_rate               | 0.01        |
|    hard/unused_spell_penalty_mean    | 0.0006      |
|    hard/useful_freeze_casts_mean     | 1.99        |
|    hard/useful_rage_casts_mean       | 1.99        |
|    hard/wasted_spell_casts_mean      | 0           |
|    hard/wasted_spell_penalty_mean    | 0           |
|    medium/damage_mean                | 0.863       |
|    medium/defense_damage_pct_mean    | 0.816       |
|    medium/defense_damage_reward_mean | 0.098       |
|    medium/defense_destroy_reward_... | 0.0189      |
|    medium/defenses_destroyed_mean    | 3.78        |
|    medium/ep_len_mean                | 69          |
|    medium/ep_rew_mean                | 3.34        |
|    medium/episodes_window            | 200         |
|    medium/freeze_casts_mean          | 1.88        |
|    medium/freeze_effect_reward_mean  | 0.0564      |
|    medium/frozen_threat_damage_pc... | 0.0498      |
|    medium/frozen_threat_ticks_mean   | 42.7        |
|    medium/objective_shaping_rewar... | 0.256       |
|    medium/p_all_spells_used          | 0.9         |
|    medium/p_damage_ge_90             | 0.54        |
|    medium/p_stars_ge_2               | 0.905       |
|    medium/rage_bonus_damage_pct_mean | 0.0314      |
|    medium/rage_bonus_defense_dama... | 0.0114      |
|    medium/rage_bonus_townhall_dam... | 0.0838      |
|    medium/rage_casts_mean            | 1.96        |
|    medium/rage_effect_reward_mean    | 0.011       |
|    medium/score_mean                 | 3.09        |
|    medium/spell_casts_mean           | 3.83        |
|    medium/spell_shaping_reward_mean  | 0.0624      |
|    medium/spells_remaining_mean      | 0.165       |
|    medium/stars_mean                 | 2.23        |
|    medium/ticks_mean                 | 686         |
|    medium/townhall_damage_pct_mean   | 0.94        |
|    medium/townhall_damage_reward_... | 0.094       |
|    medium/townhall_destroy_reward... | 0.0452      |
|    medium/townhall_destroyed_rate    | 0.905       |
|    medium/truncated_rate             | 0.13        |
|    medium/unused_spell_penalty_mean  | 0.00495     |
|    medium/useful_freeze_casts_mean   | 1.88        |
|    medium/useful_rage_casts_mean     | 1.96        |
|    medium/wasted_spell_casts_mean    | 0           |
|    medium/wasted_spell_penalty_mean  | 0           |
| rollout/                             |             |
|    ep_len_mean                       | 63.3        |
|    ep_rew_mean                       | 1.3         |
| throughput/                          |             |
|    env_steps_per_sec                 | 205         |
|    episodes_per_sec                  | 2.64        |
| time/                                |             |
|    fps                               | 207         |
|    iterations                        | 22          |
|    time_elapsed                      | 3480        |
|    total_timesteps                   | 8749056     |
| train/                               |             |
|    approx_kl                         | 0.007960824 |
|    clip_fraction                     | 0.0489      |
|    clip_range                        | 0.2         |
|    entropy_loss                      | -4.12       |
|    explained_variance                | 0.908       |
|    learning_rate                     | 0.0001      |
|    loss                              | -0.0297     |
|    n_updates                         | 2660        |
|    policy_gradient_loss              | -0.0135     |
|    value_loss                        | 0.0632      |
------------------------------------------------------
timesteps=8749120 | env_steps/sec=43.1 | episodes/sec=1.52 | gpu_util_mean=18% gpu_util_max=37% | gpu_mem_mean=2.3/47.8GB
timesteps=8750272 | env_steps/sec=224.4 | episodes/sec=5.06 | gpu_util_mean=0% gpu_util_max=0% | gpu_mem_mean=2.3/47.8GB
timesteps=8751296 | env_steps/sec=201.5 | episodes/sec=1.77 | gpu_util_mean=1% gpu_util_max=1% | gpu_mem_mean=2.3/47.8GB
timesteps=8752320 | env_steps/sec=200.9 | episodes/sec=2.55 | gpu_util_mean=0% gpu_util_max=0% | gpu_mem_mean=2.3/47.8GB
timesteps=8753408 | env_steps/sec=207.7 | episodes/sec=3.44 | gpu_util_mean=0% gpu_util_max=1% | gpu_mem_mean=2.3/47.8GB
timesteps=8754496 | env_steps/sec=212.0 | episodes/sec=4.68 | gpu_util_mean=0% gpu_util_max=1% | gpu_mem_mean=2.3/47.8GB
timesteps=8755520 | env_steps/sec=199.3 | episodes/sec=1.95 | gpu_util_mean=0% gpu_util_max=0% | gpu_mem_mean=2.3/47.8GB
timesteps=8756608 | env_steps/sec=212.5 | episodes/sec=2.93 | gpu_util_mean=0% gpu_util_max=0% | gpu_mem_mean=2.3/47.8GB
timesteps=8757760 | env_steps/sec=219.4 | episodes/sec=4.76 | gpu_util_mean=1% gpu_util_max=1% | gpu_mem_mean=2.3/47.8GB
timesteps=8758784 | env_steps/sec=204.1 | episodes/sec=2.99 | gpu_util_mean=0% gpu_util_max=1% | gpu_mem_mean=2.3/47.8GB
timesteps=8759808 | env_steps/sec=201.6 | episodes/sec=1.97 | gpu_util_mean=0% gpu_util_max=0% | gpu_mem_mean=2.3/47.8GB
timesteps=8760896 | env_steps/sec=210.4 | episodes/sec=3.09 | gpu_util_mean=0% gpu_util_max=1% | gpu_mem_mean=2.3/47.8GB
timesteps=8761984 | env_steps/sec=213.4 | episodes/sec=5.49 | gpu_util_mean=0% gpu_util_max=0% | gpu_mem_mean=2.3/47.8GB
timesteps=8763072 | env_steps/sec=208.3 | episodes/sec=2.30 | gpu_util_mean=0% gpu_util_max=1% | gpu_mem_mean=2.3/47.8GB
timesteps=8764160 | env_steps/sec=213.6 | episodes/sec=1.96 | gpu_util_mean=17% gpu_util_max=34% | gpu_mem_mean=2.3/47.8GB
timesteps=8765248 | env_steps/sec=213.2 | episodes/sec=3.92 | gpu_util_mean=0% gpu_util_max=0% | gpu_mem_mean=2.3/47.8GB
timesteps=8766336 | env_steps/sec=213.5 | episodes/sec=3.73 | gpu_util_mean=0% gpu_util_max=1% | gpu_mem_mean=2.3/47.8GB
timesteps=8767424 | env_steps/sec=210.6 | episodes/sec=2.90 | gpu_util_mean=0% gpu_util_max=0% | gpu_mem_mean=2.3/47.8GB
timesteps=8768576 | env_steps/sec=220.0 | episodes/sec=3.25 | gpu_util_mean=0% gpu_util_max=1% | gpu_mem_mean=2.3/47.8GB
timesteps=8769728 | env_steps/sec=217.1 | episodes/sec=4.90 | gpu_util_mean=1% gpu_util_max=1% | gpu_mem_mean=2.3/47.8GB
timesteps=8770816 | env_steps/sec=207.7 | episodes/sec=1.91 | gpu_util_mean=0% gpu_util_max=1% | gpu_mem_mean=2.3/47.8GB
timesteps=8771904 | env_steps/sec=206.2 | episodes/sec=3.03 | gpu_util_mean=0% gpu_util_max=1% | gpu_mem_mean=2.3/47.8GB
timesteps=8772992 | env_steps/sec=211.8 | episodes/sec=4.09 | gpu_util_mean=0% gpu_util_max=0% | gpu_mem_mean=2.3/47.8GB
timesteps=8774080 | env_steps/sec=214.2 | episodes/sec=3.94 | gpu_util_mean=0% gpu_util_max=1% | gpu_mem_mean=2.3/47.8GB
timesteps=8775168 | env_steps/sec=216.2 | episodes/sec=2.58 | gpu_util_mean=0% gpu_util_max=0% | gpu_mem_mean=2.3/47.8GB
timesteps=8776320 | env_steps/sec=218.3 | episodes/sec=2.84 | gpu_util_mean=0% gpu_util_max=1% | gpu_mem_mean=2.3/47.8GB
timesteps=8777472 | env_steps/sec=217.4 | episodes/sec=3.78 | gpu_util_mean=1% gpu_util_max=1% | gpu_mem_mean=2.3/47.8GB
timesteps=8778624 | env_steps/sec=219.9 | episodes/sec=3.44 | gpu_util_mean=0% gpu_util_max=0% | gpu_mem_mean=2.3/47.8GB
timesteps=8779712 | env_steps/sec=212.3 | episodes/sec=3.32 | gpu_util_mean=1% gpu_util_max=1% | gpu_mem_mean=2.3/47.8GB
timesteps=8780800 | env_steps/sec=212.6 | episodes/sec=3.71 | gpu_util_mean=0% gpu_util_max=0% | gpu_mem_mean=2.3/47.8GB
------------------------------------------------------
| gpu/                                 |             |
|    gpu_count                         | 2           |
|    gpu_mem_total_gb_mean             | 47.8        |
|    gpu_mem_used_gb_mean              | 2.33        |
|    gpu_util_pct_max                  | 0           |
|    gpu_util_pct_mean                 | 0           |
| profile/                             |             |
|    hard/damage_mean                  | 0.35        |
|    hard/defense_damage_pct_mean      | 0.332       |
|    hard/defense_damage_reward_mean   | 0.0398      |
|    hard/defense_destroy_reward_mean  | 0.0114      |
|    hard/defenses_destroyed_mean      | 2.29        |
|    hard/ep_len_mean                  | 62          |
|    hard/ep_rew_mean                  | 0.652       |
|    hard/episodes_window              | 200         |
|    hard/freeze_casts_mean            | 2           |
|    hard/freeze_effect_reward_mean    | 0.0717      |
|    hard/frozen_threat_damage_pct_... | 0.0625      |
|    hard/frozen_threat_ticks_mean     | 60.4        |
|    hard/objective_shaping_reward_... | 0.0782      |
|    hard/p_all_spells_used            | 1           |
|    hard/p_damage_ge_90               | 0           |
|    hard/p_stars_ge_2                 | 0.045       |
|    hard/rage_bonus_damage_pct_mean   | 0.00854     |
|    hard/rage_bonus_defense_damage... | 0.00593     |
|    hard/rage_bonus_townhall_damag... | 0.0141      |
|    hard/rage_casts_mean              | 2           |
|    hard/rage_effect_reward_mean      | 0.00299     |
|    hard/score_mean                   | 0.56        |
|    hard/spell_casts_mean             | 4           |
|    hard/spell_shaping_reward_mean    | 0.0747      |
|    hard/spells_remaining_mean        | 0           |
|    hard/stars_mean                   | 0.21        |
|    hard/ticks_mean                   | 616         |
|    hard/townhall_damage_pct_mean     | 0.21        |
|    hard/townhall_damage_reward_mean  | 0.021       |
|    hard/townhall_destroy_reward_mean | 0.006       |
|    hard/townhall_destroyed_rate      | 0.12        |
|    hard/truncated_rate               | 0.01        |
|    hard/unused_spell_penalty_mean    | 0           |
|    hard/useful_freeze_casts_mean     | 2           |
|    hard/useful_rage_casts_mean       | 2           |
|    hard/wasted_spell_casts_mean      | 0           |
|    hard/wasted_spell_penalty_mean    | 0           |
|    medium/damage_mean                | 0.848       |
|    medium/defense_damage_pct_mean    | 0.783       |
|    medium/defense_damage_reward_mean | 0.094       |
|    medium/defense_destroy_reward_... | 0.0182      |
|    medium/defenses_destroyed_mean    | 3.64        |
|    medium/ep_len_mean                | 69.5        |
|    medium/ep_rew_mean                | 3.23        |
|    medium/episodes_window            | 200         |
|    medium/freeze_casts_mean          | 1.91        |
|    medium/freeze_effect_reward_mean  | 0.0572      |
|    medium/frozen_threat_damage_pc... | 0.0501      |
|    medium/frozen_threat_ticks_mean   | 43          |
|    medium/objective_shaping_rewar... | 0.247       |
|    medium/p_all_spells_used          | 0.92        |
|    medium/p_damage_ge_90             | 0.52        |
|    medium/p_stars_ge_2               | 0.87        |
|    medium/rage_bonus_damage_pct_mean | 0.0293      |
|    medium/rage_bonus_defense_dama... | 0.0138      |
|    medium/rage_bonus_townhall_dam... | 0.0725      |
|    medium/rage_casts_mean            | 1.97        |
|    medium/rage_effect_reward_mean    | 0.0103      |
|    medium/score_mean                 | 2.99        |
|    medium/spell_casts_mean           | 3.88        |
|    medium/spell_shaping_reward_mean  | 0.0637      |
|    medium/spells_remaining_mean      | 0.125       |
|    medium/stars_mean                 | 2.15        |
|    medium/ticks_mean                 | 691         |
|    medium/townhall_damage_pct_mean   | 0.916       |
|    medium/townhall_damage_reward_... | 0.0916      |
|    medium/townhall_destroy_reward... | 0.0437      |
|    medium/townhall_destroyed_rate    | 0.875       |
|    medium/truncated_rate             | 0.125       |
|    medium/unused_spell_penalty_mean  | 0.00375     |
|    medium/useful_freeze_casts_mean   | 1.91        |
|    medium/useful_rage_casts_mean     | 1.97        |
|    medium/wasted_spell_casts_mean    | 0           |
|    medium/wasted_spell_penalty_mean  | 0           |
| rollout/                             |             |
|    ep_len_mean                       | 64.8        |
|    ep_rew_mean                       | 1.21        |
| throughput/                          |             |
|    env_steps_per_sec                 | 213         |
|    episodes_per_sec                  | 3.71        |
| time/                                |             |
|    fps                               | 207         |
|    iterations                        | 23          |
|    time_elapsed                      | 3640        |
|    total_timesteps                   | 8781824     |
| train/                               |             |
|    approx_kl                         | 0.008596158 |
|    clip_fraction                     | 0.0494      |
|    clip_range                        | 0.2         |
|    entropy_loss                      | -4.13       |
|    explained_variance                | 0.905       |
|    learning_rate                     | 0.0001      |
|    loss                              | -0.0391     |
|    n_updates                         | 2670        |
|    policy_gradient_loss              | -0.0135     |
|    value_loss                        | 0.0615      |
------------------------------------------------------
timesteps=8781888 | env_steps/sec=110.2 | episodes/sec=1.42 | gpu_util_mean=2% gpu_util_max=3% | gpu_mem_mean=2.3/47.8GB
timesteps=8782976 | env_steps/sec=211.8 | episodes/sec=3.31 | gpu_util_mean=0% gpu_util_max=0% | gpu_mem_mean=2.3/47.8GB
timesteps=8784064 | env_steps/sec=212.5 | episodes/sec=4.10 | gpu_util_mean=1% gpu_util_max=1% | gpu_mem_mean=2.3/47.8GB
timesteps=8785152 | env_steps/sec=213.4 | episodes/sec=2.75 | gpu_util_mean=0% gpu_util_max=0% | gpu_mem_mean=2.3/47.8GB
timesteps=8786304 | env_steps/sec=221.8 | episodes/sec=3.27 | gpu_util_mean=0% gpu_util_max=1% | gpu_mem_mean=2.3/47.8GB
timesteps=8787456 | env_steps/sec=220.0 | episodes/sec=3.82 | gpu_util_mean=0% gpu_util_max=0% | gpu_mem_mean=2.3/47.8GB
timesteps=8788544 | env_steps/sec=212.6 | episodes/sec=4.30 | gpu_util_mean=0% gpu_util_max=1% | gpu_mem_mean=2.3/47.8GB
timesteps=8789696 | env_steps/sec=220.1 | episodes/sec=2.48 | gpu_util_mean=0% gpu_util_max=1% | gpu_mem_mean=2.3/47.8GB
timesteps=8790784 | env_steps/sec=214.3 | episodes/sec=3.54 | gpu_util_mean=0% gpu_util_max=1% | gpu_mem_mean=2.3/47.8GB
timesteps=8791872 | env_steps/sec=216.5 | episodes/sec=3.98 | gpu_util_mean=0% gpu_util_max=1% | gpu_mem_mean=2.3/47.8GB
timesteps=8792960 | env_steps/sec=215.9 | episodes/sec=2.78 | gpu_util_mean=0% gpu_util_max=1% | gpu_mem_mean=2.3/47.8GB
timesteps=8794048 | env_steps/sec=213.9 | episodes/sec=3.34 | gpu_util_mean=0% gpu_util_max=0% | gpu_mem_mean=2.3/47.8GB
timesteps=8795136 | env_steps/sec=211.3 | episodes/sec=4.27 | gpu_util_mean=0% gpu_util_max=1% | gpu_mem_mean=2.3/47.8GB
timesteps=8796224 | env_steps/sec=209.9 | episodes/sec=3.28 | gpu_util_mean=1% gpu_util_max=1% | gpu_mem_mean=2.3/47.8GB
timesteps=8797248 | env_steps/sec=201.6 | episodes/sec=2.17 | gpu_util_mean=0% gpu_util_max=1% | gpu_mem_mean=2.3/47.8GB
timesteps=8798400 | env_steps/sec=218.6 | episodes/sec=3.42 | gpu_util_mean=18% gpu_util_max=37% | gpu_mem_mean=2.3/47.8GB
timesteps=8799488 | env_steps/sec=217.1 | episodes/sec=4.19 | gpu_util_mean=0% gpu_util_max=1% | gpu_mem_mean=2.3/47.8GB
timesteps=8800576 | env_steps/sec=211.5 | episodes/sec=2.33 | gpu_util_mean=0% gpu_util_max=0% | gpu_mem_mean=2.3/47.8GB
timesteps=8801664 | env_steps/sec=211.5 | episodes/sec=3.89 | gpu_util_mean=0% gpu_util_max=1% | gpu_mem_mean=2.3/47.8GB
timesteps=8802752 | env_steps/sec=209.9 | episodes/sec=3.67 | gpu_util_mean=0% gpu_util_max=1% | gpu_mem_mean=2.3/47.8GB
timesteps=8803840 | env_steps/sec=215.5 | episodes/sec=2.18 | gpu_util_mean=0% gpu_util_max=1% | gpu_mem_mean=2.3/47.8GB
timesteps=8804928 | env_steps/sec=213.6 | episodes/sec=2.94 | gpu_util_mean=1% gpu_util_max=1% | gpu_mem_mean=2.3/47.8GB
timesteps=8806080 | env_steps/sec=220.2 | episodes/sec=4.40 | gpu_util_mean=0% gpu_util_max=1% | gpu_mem_mean=2.3/47.8GB
timesteps=8807168 | env_steps/sec=216.4 | episodes/sec=3.58 | gpu_util_mean=1% gpu_util_max=1% | gpu_mem_mean=2.3/47.8GB
timesteps=8808320 | env_steps/sec=219.7 | episodes/sec=2.67 | gpu_util_mean=0% gpu_util_max=0% | gpu_mem_mean=2.3/47.8GB
timesteps=8809472 | env_steps/sec=221.8 | episodes/sec=3.47 | gpu_util_mean=0% gpu_util_max=0% | gpu_mem_mean=2.3/47.8GB
timesteps=8810624 | env_steps/sec=224.0 | episodes/sec=4.08 | gpu_util_mean=0% gpu_util_max=1% | gpu_mem_mean=2.3/47.8GB
timesteps=8811648 | env_steps/sec=201.8 | episodes/sec=2.56 | gpu_util_mean=0% gpu_util_max=1% | gpu_mem_mean=2.3/47.8GB
timesteps=8812736 | env_steps/sec=207.2 | episodes/sec=3.24 | gpu_util_mean=0% gpu_util_max=1% | gpu_mem_mean=2.3/47.8GB
timesteps=8813824 | env_steps/sec=209.3 | episodes/sec=4.23 | gpu_util_mean=0% gpu_util_max=0% | gpu_mem_mean=2.3/47.8GB
-----------------------------------------------------
| gpu/                                 |            |
|    gpu_count                         | 2          |
|    gpu_mem_total_gb_mean             | 47.8       |
|    gpu_mem_used_gb_mean              | 2.33       |
|    gpu_util_pct_max                  | 0          |
|    gpu_util_pct_mean                 | 0          |
| profile/                             |            |
|    hard/damage_mean                  | 0.356      |
|    hard/defense_damage_pct_mean      | 0.35       |
|    hard/defense_damage_reward_mean   | 0.042      |
|    hard/defense_destroy_reward_mean  | 0.0121     |
|    hard/defenses_destroyed_mean      | 2.42       |
|    hard/ep_len_mean                  | 61.9       |
|    hard/ep_rew_mean                  | 0.692      |
|    hard/episodes_window              | 200        |
|    hard/freeze_casts_mean            | 2          |
|    hard/freeze_effect_reward_mean    | 0.0733     |
|    hard/frozen_threat_damage_pct_... | 0.0637     |
|    hard/frozen_threat_ticks_mean     | 61.4       |
|    hard/objective_shaping_reward_... | 0.0808     |
|    hard/p_all_spells_used            | 1          |
|    hard/p_damage_ge_90               | 0          |
|    hard/p_stars_ge_2                 | 0.08       |
|    hard/rage_bonus_damage_pct_mean   | 0.00976    |
|    hard/rage_bonus_defense_damage... | 0.00798    |
|    hard/rage_bonus_townhall_damag... | 0.0199     |
|    hard/rage_casts_mean              | 2          |
|    hard/rage_effect_reward_mean      | 0.00342    |
|    hard/score_mean                   | 0.596      |
|    hard/spell_casts_mean             | 4          |
|    hard/spell_shaping_reward_mean    | 0.0767     |
|    hard/spells_remaining_mean        | 0          |
|    hard/stars_mean                   | 0.24       |
|    hard/ticks_mean                   | 615        |
|    hard/townhall_damage_pct_mean     | 0.205      |
|    hard/townhall_damage_reward_mean  | 0.0205     |
|    hard/townhall_destroy_reward_mean | 0.00625    |
|    hard/townhall_destroyed_rate      | 0.125      |
|    hard/truncated_rate               | 0.01       |
|    hard/unused_spell_penalty_mean    | 0          |
|    hard/useful_freeze_casts_mean     | 2          |
|    hard/useful_rage_casts_mean       | 2          |
|    hard/wasted_spell_casts_mean      | 0          |
|    hard/wasted_spell_penalty_mean    | 0          |
|    medium/damage_mean                | 0.836      |
|    medium/defense_damage_pct_mean    | 0.784      |
|    medium/defense_damage_reward_mean | 0.0941     |
|    medium/defense_destroy_reward_... | 0.0182     |
|    medium/defenses_destroyed_mean    | 3.64       |
|    medium/ep_len_mean                | 71.9       |
|    medium/ep_rew_mean                | 3.21       |
|    medium/episodes_window            | 200        |
|    medium/freeze_casts_mean          | 1.97       |
|    medium/freeze_effect_reward_mean  | 0.057      |
|    medium/frozen_threat_damage_pc... | 0.0497     |
|    medium/frozen_threat_ticks_mean   | 42.5       |
|    medium/objective_shaping_rewar... | 0.247      |
|    medium/p_all_spells_used          | 0.965      |
|    medium/p_damage_ge_90             | 0.485      |
|    medium/p_stars_ge_2               | 0.875      |
|    medium/rage_bonus_damage_pct_mean | 0.0298     |
|    medium/rage_bonus_defense_dama... | 0.0161     |
|    medium/rage_bonus_townhall_dam... | 0.0721     |
|    medium/rage_casts_mean            | 2          |
|    medium/rage_effect_reward_mean    | 0.0104     |
|    medium/score_mean                 | 2.97       |
|    medium/spell_casts_mean           | 3.96       |
|    medium/spell_shaping_reward_mean  | 0.0662     |
|    medium/spells_remaining_mean      | 0.04       |
|    medium/stars_mean                 | 2.13       |
|    medium/ticks_mean                 | 715        |
|    medium/townhall_damage_pct_mean   | 0.914      |
|    medium/townhall_damage_reward_... | 0.0914     |
|    medium/townhall_destroy_reward... | 0.0437     |
|    medium/townhall_destroyed_rate    | 0.875      |
|    medium/truncated_rate             | 0.165      |
|    medium/unused_spell_penalty_mean  | 0.0012     |
|    medium/useful_freeze_casts_mean   | 1.97       |
|    medium/useful_rage_casts_mean     | 2          |
|    medium/wasted_spell_casts_mean    | 0          |
|    medium/wasted_spell_penalty_mean  | 0          |
| rollout/                             |            |
|    ep_len_mean                       | 63.9       |
|    ep_rew_mean                       | 1.27       |
| throughput/                          |            |
|    env_steps_per_sec                 | 209        |
|    episodes_per_sec                  | 4.23       |
| time/                                |            |
|    fps                               | 207        |
|    iterations                        | 24         |
|    time_elapsed                      | 3798       |
|    total_timesteps                   | 8814592    |
| train/                               |            |
|    approx_kl                         | 0.00786213 |
|    clip_fraction                     | 0.041      |
|    clip_range                        | 0.2        |
|    entropy_loss                      | -4.11      |
|    explained_variance                | 0.905      |
|    learning_rate                     | 0.0001     |
|    loss                              | -0.0373    |
|    n_updates                         | 2680       |
|    policy_gradient_loss              | -0.0122    |
|    value_loss                        | 0.0655     |
-----------------------------------------------------
timesteps=8814656 | env_steps/sec=96.7 | episodes/sec=1.39 | gpu_util_mean=18% gpu_util_max=36% | gpu_mem_mean=2.3/47.8GB
timesteps=8815680 | env_steps/sec=203.1 | episodes/sec=2.78 | gpu_util_mean=0% gpu_util_max=1% | gpu_mem_mean=2.3/47.8GB
timesteps=8816768 | env_steps/sec=211.9 | episodes/sec=3.31 | gpu_util_mean=0% gpu_util_max=0% | gpu_mem_mean=2.3/47.8GB
timesteps=8817856 | env_steps/sec=215.7 | episodes/sec=3.37 | gpu_util_mean=0% gpu_util_max=0% | gpu_mem_mean=2.3/47.8GB
timesteps=8818944 | env_steps/sec=212.4 | episodes/sec=3.51 | gpu_util_mean=1% gpu_util_max=1% | gpu_mem_mean=2.3/47.8GB
timesteps=8820032 | env_steps/sec=209.2 | episodes/sec=2.88 | gpu_util_mean=0% gpu_util_max=0% | gpu_mem_mean=2.3/47.8GB
timesteps=8821120 | env_steps/sec=217.2 | episodes/sec=4.59 | gpu_util_mean=0% gpu_util_max=0% | gpu_mem_mean=2.3/47.8GB
timesteps=8822272 | env_steps/sec=220.0 | episodes/sec=3.06 | gpu_util_mean=0% gpu_util_max=1% | gpu_mem_mean=2.3/47.8GB
timesteps=8823296 | env_steps/sec=201.4 | episodes/sec=2.56 | gpu_util_mean=0% gpu_util_max=0% | gpu_mem_mean=2.3/47.8GB
timesteps=8824384 | env_steps/sec=208.5 | episodes/sec=3.45 | gpu_util_mean=0% gpu_util_max=1% | gpu_mem_mean=2.3/47.8GB
timesteps=8825472 | env_steps/sec=206.5 | episodes/sec=3.42 | gpu_util_mean=1% gpu_util_max=1% | gpu_mem_mean=2.3/47.8GB
timesteps=8826560 | env_steps/sec=215.4 | episodes/sec=3.36 | gpu_util_mean=0% gpu_util_max=0% | gpu_mem_mean=2.3/47.8GB
timesteps=8827648 | env_steps/sec=210.3 | episodes/sec=3.48 | gpu_util_mean=0% gpu_util_max=0% | gpu_mem_mean=2.3/47.8GB
timesteps=8828736 | env_steps/sec=217.3 | episodes/sec=3.59 | gpu_util_mean=0% gpu_util_max=0% | gpu_mem_mean=2.3/47.8GB
timesteps=8829824 | env_steps/sec=211.5 | episodes/sec=2.92 | gpu_util_mean=0% gpu_util_max=0% | gpu_mem_mean=2.3/47.8GB
timesteps=8830912 | env_steps/sec=215.5 | episodes/sec=3.56 | gpu_util_mean=0% gpu_util_max=0% | gpu_mem_mean=2.3/47.8GB
timesteps=8832064 | env_steps/sec=218.7 | episodes/sec=3.61 | gpu_util_mean=0% gpu_util_max=1% | gpu_mem_mean=2.3/47.8GB
timesteps=8833216 | env_steps/sec=221.0 | episodes/sec=3.07 | gpu_util_mean=18% gpu_util_max=37% | gpu_mem_mean=2.3/47.8GB
timesteps=8834304 | env_steps/sec=215.3 | episodes/sec=4.16 | gpu_util_mean=0% gpu_util_max=1% | gpu_mem_mean=2.3/47.8GB
timesteps=8835392 | env_steps/sec=213.9 | episodes/sec=3.15 | gpu_util_mean=0% gpu_util_max=1% | gpu_mem_mean=2.3/47.8GB
timesteps=8836480 | env_steps/sec=212.2 | episodes/sec=4.29 | gpu_util_mean=0% gpu_util_max=0% | gpu_mem_mean=2.3/47.8GB
timesteps=8837568 | env_steps/sec=207.8 | episodes/sec=2.29 | gpu_util_mean=0% gpu_util_max=0% | gpu_mem_mean=2.3/47.8GB
timesteps=8838656 | env_steps/sec=205.2 | episodes/sec=3.58 | gpu_util_mean=0% gpu_util_max=1% | gpu_mem_mean=2.3/47.8GB
timesteps=8839744 | env_steps/sec=212.0 | episodes/sec=3.12 | gpu_util_mean=0% gpu_util_max=0% | gpu_mem_mean=2.3/47.8GB
timesteps=8840832 | env_steps/sec=207.8 | episodes/sec=3.63 | gpu_util_mean=0% gpu_util_max=0% | gpu_mem_mean=2.3/47.8GB
timesteps=8841920 | env_steps/sec=206.3 | episodes/sec=3.03 | gpu_util_mean=0% gpu_util_max=1% | gpu_mem_mean=2.3/47.8GB
timesteps=8843008 | env_steps/sec=216.4 | episodes/sec=4.58 | gpu_util_mean=0% gpu_util_max=0% | gpu_mem_mean=2.3/47.8GB
timesteps=8844096 | env_steps/sec=217.3 | episodes/sec=2.40 | gpu_util_mean=0% gpu_util_max=0% | gpu_mem_mean=2.3/47.8GB
timesteps=8845184 | env_steps/sec=209.6 | episodes/sec=3.66 | gpu_util_mean=0% gpu_util_max=1% | gpu_mem_mean=2.3/47.8GB
timesteps=8846272 | env_steps/sec=208.1 | episodes/sec=3.44 | gpu_util_mean=0% gpu_util_max=1% | gpu_mem_mean=2.3/47.8GB
timesteps=8847360 | env_steps/sec=207.9 | episodes/sec=3.06 | gpu_util_mean=0% gpu_util_max=1% | gpu_mem_mean=2.3/47.8GB
------------------------------------------------------
| gpu/                                 |             |
|    gpu_count                         | 2           |
|    gpu_mem_total_gb_mean             | 47.8        |
|    gpu_mem_used_gb_mean              | 2.33        |
|    gpu_util_pct_max                  | 1           |
|    gpu_util_pct_mean                 | 0.5         |
| profile/                             |             |
|    hard/damage_mean                  | 0.335       |
|    hard/defense_damage_pct_mean      | 0.329       |
|    hard/defense_damage_reward_mean   | 0.0395      |
|    hard/defense_destroy_reward_mean  | 0.011       |
|    hard/defenses_destroyed_mean      | 2.19        |
|    hard/ep_len_mean                  | 61          |
|    hard/ep_rew_mean                  | 0.57        |
|    hard/episodes_window              | 200         |
|    hard/freeze_casts_mean            | 2           |
|    hard/freeze_effect_reward_mean    | 0.0725      |
|    hard/frozen_threat_damage_pct_... | 0.0641      |
|    hard/frozen_threat_ticks_mean     | 61.5        |
|    hard/objective_shaping_reward_... | 0.0701      |
|    hard/p_all_spells_used            | 1           |
|    hard/p_damage_ge_90               | 0           |
|    hard/p_stars_ge_2                 | 0.05        |
|    hard/rage_bonus_damage_pct_mean   | 0.00828     |
|    hard/rage_bonus_defense_damage... | 0.0067      |
|    hard/rage_bonus_townhall_damag... | 0.00815     |
|    hard/rage_casts_mean              | 2           |
|    hard/rage_effect_reward_mean      | 0.0029      |
|    hard/score_mean                   | 0.485       |
|    hard/spell_casts_mean             | 4           |
|    hard/spell_shaping_reward_mean    | 0.0754      |
|    hard/spells_remaining_mean        | 0           |
|    hard/stars_mean                   | 0.15        |
|    hard/ticks_mean                   | 606         |
|    hard/townhall_damage_pct_mean     | 0.153       |
|    hard/townhall_damage_reward_mean  | 0.0153      |
|    hard/townhall_destroy_reward_mean | 0.00425     |
|    hard/townhall_destroyed_rate      | 0.085       |
|    hard/truncated_rate               | 0           |
|    hard/unused_spell_penalty_mean    | 0           |
|    hard/useful_freeze_casts_mean     | 2           |
|    hard/useful_rage_casts_mean       | 2           |
|    hard/wasted_spell_casts_mean      | 0           |
|    hard/wasted_spell_penalty_mean    | 0           |
|    medium/damage_mean                | 0.844       |
|    medium/defense_damage_pct_mean    | 0.797       |
|    medium/defense_damage_reward_mean | 0.0956      |
|    medium/defense_destroy_reward_... | 0.0186      |
|    medium/defenses_destroyed_mean    | 3.71        |
|    medium/ep_len_mean                | 70.9        |
|    medium/ep_rew_mean                | 3.22        |
|    medium/episodes_window            | 200         |
|    medium/freeze_casts_mean          | 1.95        |
|    medium/freeze_effect_reward_mean  | 0.0564      |
|    medium/frozen_threat_damage_pc... | 0.0498      |
|    medium/frozen_threat_ticks_mean   | 42.5        |
|    medium/objective_shaping_rewar... | 0.246       |
|    medium/p_all_spells_used          | 0.95        |
|    medium/p_damage_ge_90             | 0.53        |
|    medium/p_stars_ge_2               | 0.85        |
|    medium/rage_bonus_damage_pct_mean | 0.0315      |
|    medium/rage_bonus_defense_dama... | 0.0153      |
|    medium/rage_bonus_townhall_dam... | 0.0794      |
|    medium/rage_casts_mean            | 1.99        |
|    medium/rage_effect_reward_mean    | 0.011       |
|    medium/score_mean                 | 2.98        |
|    medium/spell_casts_mean           | 3.94        |
|    medium/spell_shaping_reward_mean  | 0.0655      |
|    medium/spells_remaining_mean      | 0.065       |
|    medium/stars_mean                 | 2.13        |
|    medium/ticks_mean                 | 705         |
|    medium/townhall_damage_pct_mean   | 0.887       |
|    medium/townhall_damage_reward_... | 0.0887      |
|    medium/townhall_destroy_reward... | 0.0427      |
|    medium/townhall_destroyed_rate    | 0.855       |
|    medium/truncated_rate             | 0.155       |
|    medium/unused_spell_penalty_mean  | 0.00195     |
|    medium/useful_freeze_casts_mean   | 1.95        |
|    medium/useful_rage_casts_mean     | 1.99        |
|    medium/wasted_spell_casts_mean    | 0           |
|    medium/wasted_spell_penalty_mean  | 0           |
| rollout/                             |             |
|    ep_len_mean                       | 62.3        |
|    ep_rew_mean                       | 1.24        |
| throughput/                          |             |
|    env_steps_per_sec                 | 208         |
|    episodes_per_sec                  | 3.06        |
| time/                                |             |
|    fps                               | 207         |
|    iterations                        | 25          |
|    time_elapsed                      | 3957        |
|    total_timesteps                   | 8847360     |
| train/                               |             |
|    approx_kl                         | 0.008194124 |
|    clip_fraction                     | 0.0465      |
|    clip_range                        | 0.2         |
|    entropy_loss                      | -4.09       |
|    explained_variance                | 0.912       |
|    learning_rate                     | 0.0001      |
|    loss                              | -0.0365     |
|    n_updates                         | 2690        |
|    policy_gradient_loss              | -0.0129     |
|    value_loss                        | 0.0609      |
------------------------------------------------------
timesteps=8847424 | env_steps/sec=12.8 | episodes/sec=0.00 | gpu_util_mean=10% gpu_util_max=18% | gpu_mem_mean=2.3/47.8GB
timesteps=8848512 | env_steps/sec=207.7 | episodes/sec=2.86 | gpu_util_mean=0% gpu_util_max=1% | gpu_mem_mean=2.3/47.8GB
timesteps=8849600 | env_steps/sec=209.2 | episodes/sec=3.46 | gpu_util_mean=0% gpu_util_max=0% | gpu_mem_mean=2.3/47.8GB
timesteps=8850688 | env_steps/sec=212.6 | episodes/sec=4.10 | gpu_util_mean=0% gpu_util_max=1% | gpu_mem_mean=2.3/47.8GB
timesteps=8851776 | env_steps/sec=211.3 | episodes/sec=3.50 | gpu_util_mean=0% gpu_util_max=1% | gpu_mem_mean=2.3/47.8GB
timesteps=8852864 | env_steps/sec=213.0 | episodes/sec=2.94 | gpu_util_mean=0% gpu_util_max=0% | gpu_mem_mean=2.3/47.8GB
timesteps=8853952 | env_steps/sec=206.9 | episodes/sec=2.85 | gpu_util_mean=0% gpu_util_max=0% | gpu_mem_mean=2.3/47.8GB
timesteps=8855040 | env_steps/sec=215.1 | episodes/sec=4.35 | gpu_util_mean=0% gpu_util_max=0% | gpu_mem_mean=2.3/47.8GB
timesteps=8856128 | env_steps/sec=212.0 | episodes/sec=2.53 | gpu_util_mean=1% gpu_util_max=1% | gpu_mem_mean=2.3/47.8GB
timesteps=8857216 | env_steps/sec=213.2 | episodes/sec=4.31 | gpu_util_mean=0% gpu_util_max=0% | gpu_mem_mean=2.3/47.8GB
timesteps=8858368 | env_steps/sec=220.7 | episodes/sec=3.06 | gpu_util_mean=0% gpu_util_max=0% | gpu_mem_mean=2.3/47.8GB
timesteps=8859520 | env_steps/sec=217.6 | episodes/sec=3.59 | gpu_util_mean=0% gpu_util_max=0% | gpu_mem_mean=2.3/47.8GB
timesteps=8860672 | env_steps/sec=219.0 | episodes/sec=4.18 | gpu_util_mean=0% gpu_util_max=0% | gpu_mem_mean=2.3/47.8GB
timesteps=8861824 | env_steps/sec=220.9 | episodes/sec=3.26 | gpu_util_mean=0% gpu_util_max=1% | gpu_mem_mean=2.3/47.8GB
timesteps=8862912 | env_steps/sec=213.3 | episodes/sec=2.55 | gpu_util_mean=0% gpu_util_max=1% | gpu_mem_mean=2.3/47.8GB
timesteps=8864000 | env_steps/sec=214.9 | episodes/sec=3.75 | gpu_util_mean=0% gpu_util_max=1% | gpu_mem_mean=2.3/47.8GB
timesteps=8865088 | env_steps/sec=211.6 | episodes/sec=3.89 | gpu_util_mean=0% gpu_util_max=1% | gpu_mem_mean=2.3/47.8GB
timesteps=8866240 | env_steps/sec=229.9 | episodes/sec=2.79 | gpu_util_mean=19% gpu_util_max=37% | gpu_mem_mean=2.3/47.8GB
timesteps=8867328 | env_steps/sec=207.5 | episodes/sec=3.05 | gpu_util_mean=0% gpu_util_max=1% | gpu_mem_mean=2.3/47.8GB
timesteps=8868416 | env_steps/sec=211.9 | episodes/sec=4.09 | gpu_util_mean=0% gpu_util_max=0% | gpu_mem_mean=2.3/47.8GB
timesteps=8869504 | env_steps/sec=209.1 | episodes/sec=2.50 | gpu_util_mean=0% gpu_util_max=1% | gpu_mem_mean=2.3/47.8GB
timesteps=8870656 | env_steps/sec=218.0 | episodes/sec=3.03 | gpu_util_mean=0% gpu_util_max=1% | gpu_mem_mean=2.3/47.8GB
timesteps=8871808 | env_steps/sec=217.9 | episodes/sec=3.78 | gpu_util_mean=0% gpu_util_max=0% | gpu_mem_mean=2.3/47.8GB
timesteps=8872896 | env_steps/sec=215.9 | episodes/sec=3.97 | gpu_util_mean=0% gpu_util_max=0% | gpu_mem_mean=2.3/47.8GB
timesteps=8873984 | env_steps/sec=209.0 | episodes/sec=2.11 | gpu_util_mean=0% gpu_util_max=0% | gpu_mem_mean=2.3/47.8GB
timesteps=8875072 | env_steps/sec=213.5 | episodes/sec=4.32 | gpu_util_mean=0% gpu_util_max=0% | gpu_mem_mean=2.3/47.8GB
timesteps=8876160 | env_steps/sec=214.3 | episodes/sec=3.74 | gpu_util_mean=0% gpu_util_max=1% | gpu_mem_mean=2.3/47.8GB
timesteps=8877248 | env_steps/sec=207.6 | episodes/sec=2.86 | gpu_util_mean=1% gpu_util_max=1% | gpu_mem_mean=2.3/47.8GB
timesteps=8878272 | env_steps/sec=203.9 | episodes/sec=2.79 | gpu_util_mean=0% gpu_util_max=1% | gpu_mem_mean=2.3/47.8GB
timesteps=8879360 | env_steps/sec=217.0 | episodes/sec=3.79 | gpu_util_mean=0% gpu_util_max=1% | gpu_mem_mean=2.3/47.8GB
-------------------------------------------------------
| gpu/                                 |              |
|    gpu_count                         | 2            |
|    gpu_mem_total_gb_mean             | 47.8         |
|    gpu_mem_used_gb_mean              | 2.33         |
|    gpu_util_pct_max                  | 1            |
|    gpu_util_pct_mean                 | 0.5          |
| profile/                             |              |
|    hard/damage_mean                  | 0.339        |
|    hard/defense_damage_pct_mean      | 0.345        |
|    hard/defense_damage_reward_mean   | 0.0414       |
|    hard/defense_destroy_reward_mean  | 0.0118       |
|    hard/defenses_destroyed_mean      | 2.37         |
|    hard/ep_len_mean                  | 61.1         |
|    hard/ep_rew_mean                  | 0.559        |
|    hard/episodes_window              | 200          |
|    hard/freeze_casts_mean            | 2            |
|    hard/freeze_effect_reward_mean    | 0.0718       |
|    hard/frozen_threat_damage_pct_... | 0.0619       |
|    hard/frozen_threat_ticks_mean     | 59.1         |
|    hard/objective_shaping_reward_... | 0.0708       |
|    hard/p_all_spells_used            | 1            |
|    hard/p_damage_ge_90               | 0            |
|    hard/p_stars_ge_2                 | 0.045        |
|    hard/rage_bonus_damage_pct_mean   | 0.00796      |
|    hard/rage_bonus_defense_damage... | 0.00643      |
|    hard/rage_bonus_townhall_damag... | 0.0101       |
|    hard/rage_casts_mean              | 2            |
|    hard/rage_effect_reward_mean      | 0.00279      |
|    hard/score_mean                   | 0.474        |
|    hard/spell_casts_mean             | 4            |
|    hard/spell_shaping_reward_mean    | 0.0746       |
|    hard/spells_remaining_mean        | 0            |
|    hard/stars_mean                   | 0.135        |
|    hard/ticks_mean                   | 607          |
|    hard/townhall_damage_pct_mean     | 0.142        |
|    hard/townhall_damage_reward_mean  | 0.0142       |
|    hard/townhall_destroy_reward_mean | 0.0035       |
|    hard/townhall_destroyed_rate      | 0.07         |
|    hard/truncated_rate               | 0.005        |
|    hard/unused_spell_penalty_mean    | 0            |
|    hard/useful_freeze_casts_mean     | 2            |
|    hard/useful_rage_casts_mean       | 2            |
|    hard/wasted_spell_casts_mean      | 0            |
|    hard/wasted_spell_penalty_mean    | 0            |
|    medium/damage_mean                | 0.855        |
|    medium/defense_damage_pct_mean    | 0.803        |
|    medium/defense_damage_reward_mean | 0.0963       |
|    medium/defense_destroy_reward_... | 0.0187       |
|    medium/defenses_destroyed_mean    | 3.74         |
|    medium/ep_len_mean                | 70.5         |
|    medium/ep_rew_mean                | 3.28         |
|    medium/episodes_window            | 200          |
|    medium/freeze_casts_mean          | 1.96         |
|    medium/freeze_effect_reward_mean  | 0.0567       |
|    medium/frozen_threat_damage_pc... | 0.0504       |
|    medium/frozen_threat_ticks_mean   | 43.1         |
|    medium/objective_shaping_rewar... | 0.249        |
|    medium/p_all_spells_used          | 0.955        |
|    medium/p_damage_ge_90             | 0.58         |
|    medium/p_stars_ge_2               | 0.875        |
|    medium/rage_bonus_damage_pct_mean | 0.0327       |
|    medium/rage_bonus_defense_dama... | 0.0135       |
|    medium/rage_bonus_townhall_dam... | 0.0826       |
|    medium/rage_casts_mean            | 1.97         |
|    medium/rage_effect_reward_mean    | 0.0114       |
|    medium/score_mean                 | 3.03         |
|    medium/spell_casts_mean           | 3.93         |
|    medium/spell_shaping_reward_mean  | 0.066        |
|    medium/spells_remaining_mean      | 0.07         |
|    medium/stars_mean                 | 2.17         |
|    medium/ticks_mean                 | 701          |
|    medium/townhall_damage_pct_mean   | 0.903        |
|    medium/townhall_damage_reward_... | 0.0903       |
|    medium/townhall_destroy_reward... | 0.044        |
|    medium/townhall_destroyed_rate    | 0.88         |
|    medium/truncated_rate             | 0.14         |
|    medium/unused_spell_penalty_mean  | 0.0021       |
|    medium/useful_freeze_casts_mean   | 1.96         |
|    medium/useful_rage_casts_mean     | 1.97         |
|    medium/wasted_spell_casts_mean    | 0            |
|    medium/wasted_spell_penalty_mean  | 0            |
| rollout/                             |              |
|    ep_len_mean                       | 61.9         |
|    ep_rew_mean                       | 1.13         |
| throughput/                          |              |
|    env_steps_per_sec                 | 217          |
|    episodes_per_sec                  | 3.79         |
| time/                                |              |
|    fps                               | 207          |
|    iterations                        | 26           |
|    time_elapsed                      | 4115         |
|    total_timesteps                   | 8880128      |
| train/                               |              |
|    approx_kl                         | 0.0081373975 |
|    clip_fraction                     | 0.0515       |
|    clip_range                        | 0.2          |
|    entropy_loss                      | -4.11        |
|    explained_variance                | 0.916        |
|    learning_rate                     | 0.0001       |
|    loss                              | -0.0347      |
|    n_updates                         | 2700         |
|    policy_gradient_loss              | -0.0139      |
|    value_loss                        | 0.055        |
-------------------------------------------------------
timesteps=8880192 | env_steps/sec=98.1 | episodes/sec=2.12 | gpu_util_mean=14% gpu_util_max=27% | gpu_mem_mean=2.3/47.8GB
timesteps=8881344 | env_steps/sec=219.4 | episodes/sec=2.67 | gpu_util_mean=0% gpu_util_max=1% | gpu_mem_mean=2.3/47.8GB
timesteps=8882432 | env_steps/sec=213.4 | episodes/sec=3.73 | gpu_util_mean=0% gpu_util_max=1% | gpu_mem_mean=2.3/47.8GB
timesteps=8883520 | env_steps/sec=207.6 | episodes/sec=3.63 | gpu_util_mean=0% gpu_util_max=1% | gpu_mem_mean=2.3/47.8GB
timesteps=8884608 | env_steps/sec=213.2 | episodes/sec=2.94 | gpu_util_mean=0% gpu_util_max=1% | gpu_mem_mean=2.3/47.8GB
timesteps=8885696 | env_steps/sec=210.6 | episodes/sec=3.87 | gpu_util_mean=0% gpu_util_max=0% | gpu_mem_mean=2.3/47.8GB
timesteps=8886784 | env_steps/sec=206.2 | episodes/sec=2.84 | gpu_util_mean=0% gpu_util_max=1% | gpu_mem_mean=2.3/47.8GB
timesteps=8887808 | env_steps/sec=204.5 | episodes/sec=4.19 | gpu_util_mean=0% gpu_util_max=0% | gpu_mem_mean=2.3/47.8GB
timesteps=8888896 | env_steps/sec=211.3 | episodes/sec=2.72 | gpu_util_mean=0% gpu_util_max=1% | gpu_mem_mean=2.3/47.8GB
timesteps=8889984 | env_steps/sec=214.6 | episodes/sec=3.35 | gpu_util_mean=0% gpu_util_max=0% | gpu_mem_mean=2.3/47.8GB
timesteps=8891136 | env_steps/sec=218.8 | episodes/sec=3.61 | gpu_util_mean=0% gpu_util_max=0% | gpu_mem_mean=2.3/47.8GB
timesteps=8892288 | env_steps/sec=220.6 | episodes/sec=3.64 | gpu_util_mean=0% gpu_util_max=0% | gpu_mem_mean=2.3/47.8GB
timesteps=8893376 | env_steps/sec=215.1 | episodes/sec=2.77 | gpu_util_mean=0% gpu_util_max=0% | gpu_mem_mean=2.3/47.8GB
timesteps=8894464 | env_steps/sec=217.5 | episodes/sec=3.20 | gpu_util_mean=0% gpu_util_max=0% | gpu_mem_mean=2.3/47.8GB
timesteps=8895552 | env_steps/sec=211.2 | episodes/sec=4.27 | gpu_util_mean=0% gpu_util_max=1% | gpu_mem_mean=2.3/47.8GB
timesteps=8896640 | env_steps/sec=209.7 | episodes/sec=3.47 | gpu_util_mean=0% gpu_util_max=1% | gpu_mem_mean=2.3/47.8GB
timesteps=8897664 | env_steps/sec=199.8 | episodes/sec=2.15 | gpu_util_mean=0% gpu_util_max=0% | gpu_mem_mean=2.3/47.8GB
timesteps=8898752 | env_steps/sec=208.7 | episodes/sec=4.03 | gpu_util_mean=0% gpu_util_max=0% | gpu_mem_mean=2.3/47.8GB
timesteps=8899840 | env_steps/sec=213.2 | episodes/sec=3.14 | gpu_util_mean=17% gpu_util_max=33% | gpu_mem_mean=2.3/47.8GB
timesteps=8900928 | env_steps/sec=215.2 | episodes/sec=3.56 | gpu_util_mean=0% gpu_util_max=1% | gpu_mem_mean=2.3/47.8GB
timesteps=8902016 | env_steps/sec=209.6 | episodes/sec=3.27 | gpu_util_mean=0% gpu_util_max=1% | gpu_mem_mean=2.3/47.8GB
timesteps=8903104 | env_steps/sec=216.8 | episodes/sec=3.59 | gpu_util_mean=0% gpu_util_max=1% | gpu_mem_mean=2.3/47.8GB
timesteps=8904192 | env_steps/sec=211.4 | episodes/sec=2.91 | gpu_util_mean=0% gpu_util_max=1% | gpu_mem_mean=2.3/47.8GB
timesteps=8905344 | env_steps/sec=220.6 | episodes/sec=3.45 | gpu_util_mean=0% gpu_util_max=0% | gpu_mem_mean=2.3/47.8GB
timesteps=8906432 | env_steps/sec=213.8 | episodes/sec=2.95 | gpu_util_mean=0% gpu_util_max=1% | gpu_mem_mean=2.3/47.8GB
timesteps=8907584 | env_steps/sec=219.5 | episodes/sec=3.62 | gpu_util_mean=0% gpu_util_max=1% | gpu_mem_mean=2.3/47.8GB
timesteps=8908672 | env_steps/sec=212.3 | episodes/sec=3.51 | gpu_util_mean=0% gpu_util_max=0% | gpu_mem_mean=2.3/47.8GB
timesteps=8909760 | env_steps/sec=212.0 | episodes/sec=3.31 | gpu_util_mean=0% gpu_util_max=0% | gpu_mem_mean=2.3/47.8GB
timesteps=8910848 | env_steps/sec=213.0 | episodes/sec=2.94 | gpu_util_mean=0% gpu_util_max=1% | gpu_mem_mean=2.3/47.8GB
timesteps=8911936 | env_steps/sec=211.3 | episodes/sec=3.69 | gpu_util_mean=0% gpu_util_max=1% | gpu_mem_mean=2.3/47.8GB
-------------------------------------------------------
| gpu/                                 |              |
|    gpu_count                         | 2            |
|    gpu_mem_total_gb_mean             | 47.8         |
|    gpu_mem_used_gb_mean              | 2.33         |
|    gpu_util_pct_max                  | 1            |
|    gpu_util_pct_mean                 | 0.5          |
| profile/                             |              |
|    hard/damage_mean                  | 0.354        |
|    hard/defense_damage_pct_mean      | 0.359        |
|    hard/defense_damage_reward_mean   | 0.0431       |
|    hard/defense_destroy_reward_mean  | 0.0123       |
|    hard/defenses_destroyed_mean      | 2.46         |
|    hard/ep_len_mean                  | 62           |
|    hard/ep_rew_mean                  | 0.637        |
|    hard/episodes_window              | 200          |
|    hard/freeze_casts_mean            | 2            |
|    hard/freeze_effect_reward_mean    | 0.0715       |
|    hard/frozen_threat_damage_pct_... | 0.0629       |
|    hard/frozen_threat_ticks_mean     | 60.2         |
|    hard/objective_shaping_reward_... | 0.0794       |
|    hard/p_all_spells_used            | 0.995        |
|    hard/p_damage_ge_90               | 0            |
|    hard/p_stars_ge_2                 | 0.045        |
|    hard/rage_bonus_damage_pct_mean   | 0.00966      |
|    hard/rage_bonus_defense_damage... | 0.00852      |
|    hard/rage_bonus_townhall_damag... | 0.0162       |
|    hard/rage_casts_mean              | 2            |
|    hard/rage_effect_reward_mean      | 0.00338      |
|    hard/score_mean                   | 0.544        |
|    hard/spell_casts_mean             | 4            |
|    hard/spell_shaping_reward_mean    | 0.0747       |
|    hard/spells_remaining_mean        | 0.005        |
|    hard/stars_mean                   | 0.19         |
|    hard/ticks_mean                   | 616          |
|    hard/townhall_damage_pct_mean     | 0.188        |
|    hard/townhall_damage_reward_mean  | 0.0188       |
|    hard/townhall_destroy_reward_mean | 0.00525      |
|    hard/townhall_destroyed_rate      | 0.105        |
|    hard/truncated_rate               | 0.02         |
|    hard/unused_spell_penalty_mean    | 0.00015      |
|    hard/useful_freeze_casts_mean     | 2            |
|    hard/useful_rage_casts_mean       | 2            |
|    hard/wasted_spell_casts_mean      | 0            |
|    hard/wasted_spell_penalty_mean    | 0            |
|    medium/damage_mean                | 0.869        |
|    medium/defense_damage_pct_mean    | 0.809        |
|    medium/defense_damage_reward_mean | 0.0971       |
|    medium/defense_destroy_reward_... | 0.019        |
|    medium/defenses_destroyed_mean    | 3.79         |
|    medium/ep_len_mean                | 70.2         |
|    medium/ep_rew_mean                | 3.36         |
|    medium/episodes_window            | 200          |
|    medium/freeze_casts_mean          | 1.94         |
|    medium/freeze_effect_reward_mean  | 0.0557       |
|    medium/frozen_threat_damage_pc... | 0.0493       |
|    medium/frozen_threat_ticks_mean   | 41.9         |
|    medium/objective_shaping_rewar... | 0.252        |
|    medium/p_all_spells_used          | 0.945        |
|    medium/p_damage_ge_90             | 0.605        |
|    medium/p_stars_ge_2               | 0.885        |
|    medium/rage_bonus_damage_pct_mean | 0.0315       |
|    medium/rage_bonus_defense_dama... | 0.0139       |
|    medium/rage_bonus_townhall_dam... | 0.073        |
|    medium/rage_casts_mean            | 1.96         |
|    medium/rage_effect_reward_mean    | 0.011        |
|    medium/score_mean                 | 3.11         |
|    medium/spell_casts_mean           | 3.9          |
|    medium/spell_shaping_reward_mean  | 0.0636       |
|    medium/spells_remaining_mean      | 0.105        |
|    medium/stars_mean                 | 2.25         |
|    medium/ticks_mean                 | 697          |
|    medium/townhall_damage_pct_mean   | 0.915        |
|    medium/townhall_damage_reward_... | 0.0915       |
|    medium/townhall_destroy_reward... | 0.0447       |
|    medium/townhall_destroyed_rate    | 0.895        |
|    medium/truncated_rate             | 0.105        |
|    medium/unused_spell_penalty_mean  | 0.00315      |
|    medium/useful_freeze_casts_mean   | 1.94         |
|    medium/useful_rage_casts_mean     | 1.96         |
|    medium/wasted_spell_casts_mean    | 0            |
|    medium/wasted_spell_penalty_mean  | 0            |
| rollout/                             |              |
|    ep_len_mean                       | 63.9         |
|    ep_rew_mean                       | 1.19         |
| throughput/                          |              |
|    env_steps_per_sec                 | 211          |
|    episodes_per_sec                  | 3.69         |
| time/                                |              |
|    fps                               | 206          |
|    iterations                        | 27           |
|    time_elapsed                      | 4274         |
|    total_timesteps                   | 8912896      |
| train/                               |              |
|    approx_kl                         | 0.0062737297 |
|    clip_fraction                     | 0.0268       |
|    clip_range                        | 0.2          |
|    entropy_loss                      | -4.09        |
|    explained_variance                | 0.912        |
|    learning_rate                     | 0.0001       |
|    loss                              | -0.0399      |
|    n_updates                         | 2710         |
|    policy_gradient_loss              | -0.011       |
|    value_loss                        | 0.0553       |
-------------------------------------------------------
timesteps=8912960 | env_steps/sec=107.7 | episodes/sec=1.79 | gpu_util_mean=1% gpu_util_max=1% | gpu_mem_mean=2.3/47.8GB
timesteps=8914048 | env_steps/sec=209.4 | episodes/sec=2.89 | gpu_util_mean=0% gpu_util_max=0% | gpu_mem_mean=2.3/47.8GB
timesteps=8915136 | env_steps/sec=205.9 | episodes/sec=3.22 | gpu_util_mean=0% gpu_util_max=1% | gpu_mem_mean=2.3/47.8GB
timesteps=8916224 | env_steps/sec=212.2 | episodes/sec=4.29 | gpu_util_mean=0% gpu_util_max=1% | gpu_mem_mean=2.3/47.8GB
timesteps=8917312 | env_steps/sec=208.4 | episodes/sec=3.45 | gpu_util_mean=1% gpu_util_max=1% | gpu_mem_mean=2.3/47.8GB
timesteps=8918336 | env_steps/sec=203.2 | episodes/sec=2.18 | gpu_util_mean=0% gpu_util_max=0% | gpu_mem_mean=2.3/47.8GB
timesteps=8919424 | env_steps/sec=207.8 | episodes/sec=3.82 | gpu_util_mean=0% gpu_util_max=0% | gpu_mem_mean=2.3/47.8GB
timesteps=8920512 | env_steps/sec=208.5 | episodes/sec=3.83 | gpu_util_mean=0% gpu_util_max=1% | gpu_mem_mean=2.3/47.8GB
timesteps=8921536 | env_steps/sec=202.5 | episodes/sec=3.16 | gpu_util_mean=0% gpu_util_max=0% | gpu_mem_mean=2.3/47.8GB
timesteps=8922560 | env_steps/sec=202.1 | episodes/sec=2.37 | gpu_util_mean=0% gpu_util_max=0% | gpu_mem_mean=2.3/47.8GB
timesteps=8923712 | env_steps/sec=218.2 | episodes/sec=3.60 | gpu_util_mean=0% gpu_util_max=0% | gpu_mem_mean=2.3/47.8GB
timesteps=8924800 | env_steps/sec=213.9 | episodes/sec=3.54 | gpu_util_mean=0% gpu_util_max=0% | gpu_mem_mean=2.3/47.8GB
timesteps=8925888 | env_steps/sec=204.9 | episodes/sec=3.20 | gpu_util_mean=0% gpu_util_max=0% | gpu_mem_mean=2.3/47.8GB
timesteps=8926912 | env_steps/sec=204.6 | episodes/sec=3.20 | gpu_util_mean=0% gpu_util_max=0% | gpu_mem_mean=2.3/47.8GB
timesteps=8928000 | env_steps/sec=206.7 | episodes/sec=3.61 | gpu_util_mean=0% gpu_util_max=1% | gpu_mem_mean=2.3/47.8GB
timesteps=8929088 | env_steps/sec=214.0 | episodes/sec=3.74 | gpu_util_mean=0% gpu_util_max=0% | gpu_mem_mean=2.3/47.8GB
timesteps=8930176 | env_steps/sec=210.2 | episodes/sec=2.32 | gpu_util_mean=0% gpu_util_max=0% | gpu_mem_mean=2.3/47.8GB
timesteps=8931264 | env_steps/sec=207.3 | episodes/sec=3.43 | gpu_util_mean=0% gpu_util_max=1% | gpu_mem_mean=2.3/47.8GB
timesteps=8932352 | env_steps/sec=208.1 | episodes/sec=3.63 | gpu_util_mean=0% gpu_util_max=1% | gpu_mem_mean=2.3/47.8GB
timesteps=8933440 | env_steps/sec=216.7 | episodes/sec=3.39 | gpu_util_mean=18% gpu_util_max=37% | gpu_mem_mean=2.3/47.8GB
timesteps=8934528 | env_steps/sec=207.1 | episodes/sec=3.43 | gpu_util_mean=0% gpu_util_max=0% | gpu_mem_mean=2.3/47.8GB
timesteps=8935616 | env_steps/sec=210.1 | episodes/sec=2.90 | gpu_util_mean=0% gpu_util_max=0% | gpu_mem_mean=2.3/47.8GB
timesteps=8936640 | env_steps/sec=203.3 | episodes/sec=3.18 | gpu_util_mean=0% gpu_util_max=1% | gpu_mem_mean=2.3/47.8GB
timesteps=8937664 | env_steps/sec=203.4 | episodes/sec=2.98 | gpu_util_mean=0% gpu_util_max=0% | gpu_mem_mean=2.3/47.8GB
timesteps=8938752 | env_steps/sec=214.6 | episodes/sec=3.35 | gpu_util_mean=0% gpu_util_max=0% | gpu_mem_mean=2.3/47.8GB
timesteps=8939904 | env_steps/sec=219.5 | episodes/sec=3.81 | gpu_util_mean=0% gpu_util_max=1% | gpu_mem_mean=2.3/47.8GB
timesteps=8940928 | env_steps/sec=204.5 | episodes/sec=3.20 | gpu_util_mean=0% gpu_util_max=1% | gpu_mem_mean=2.3/47.8GB
timesteps=8942016 | env_steps/sec=217.0 | episodes/sec=3.59 | gpu_util_mean=1% gpu_util_max=1% | gpu_mem_mean=2.3/47.8GB
timesteps=8943104 | env_steps/sec=212.9 | episodes/sec=4.11 | gpu_util_mean=0% gpu_util_max=1% | gpu_mem_mean=2.3/47.8GB
timesteps=8944192 | env_steps/sec=206.4 | episodes/sec=2.47 | gpu_util_mean=0% gpu_util_max=0% | gpu_mem_mean=2.3/47.8GB
timesteps=8945216 | env_steps/sec=204.5 | episodes/sec=3.59 | gpu_util_mean=0% gpu_util_max=0% | gpu_mem_mean=2.3/47.8GB
------------------------------------------------------
| gpu/                                 |             |
|    gpu_count                         | 2           |
|    gpu_mem_total_gb_mean             | 47.8        |
|    gpu_mem_used_gb_mean              | 2.33        |
|    gpu_util_pct_max                  | 0           |
|    gpu_util_pct_mean                 | 0           |
| profile/                             |             |
|    hard/damage_mean                  | 0.351       |
|    hard/defense_damage_pct_mean      | 0.343       |
|    hard/defense_damage_reward_mean   | 0.0412      |
|    hard/defense_destroy_reward_mean  | 0.0116      |
|    hard/defenses_destroyed_mean      | 2.32        |
|    hard/ep_len_mean                  | 61.2        |
|    hard/ep_rew_mean                  | 0.684       |
|    hard/episodes_window              | 200         |
|    hard/freeze_casts_mean            | 2           |
|    hard/freeze_effect_reward_mean    | 0.0727      |
|    hard/frozen_threat_damage_pct_... | 0.0637      |
|    hard/frozen_threat_ticks_mean     | 61.6        |
|    hard/objective_shaping_reward_... | 0.0787      |
|    hard/p_all_spells_used            | 0.995       |
|    hard/p_damage_ge_90               | 0           |
|    hard/p_stars_ge_2                 | 0.07        |
|    hard/rage_bonus_damage_pct_mean   | 0.00918     |
|    hard/rage_bonus_defense_damage... | 0.00706     |
|    hard/rage_bonus_townhall_damag... | 0.0111      |
|    hard/rage_casts_mean              | 1.99        |
|    hard/rage_effect_reward_mean      | 0.00321     |
|    hard/score_mean                   | 0.591       |
|    hard/spell_casts_mean             | 3.98        |
|    hard/spell_shaping_reward_mean    | 0.0754      |
|    hard/spells_remaining_mean        | 0.015       |
|    hard/stars_mean                   | 0.24        |
|    hard/ticks_mean                   | 608         |
|    hard/townhall_damage_pct_mean     | 0.194       |
|    hard/townhall_damage_reward_mean  | 0.0194      |
|    hard/townhall_destroy_reward_mean | 0.0065      |
|    hard/townhall_destroyed_rate      | 0.13        |
|    hard/truncated_rate               | 0.005       |
|    hard/unused_spell_penalty_mean    | 0.00045     |
|    hard/useful_freeze_casts_mean     | 2           |
|    hard/useful_rage_casts_mean       | 1.99        |
|    hard/wasted_spell_casts_mean      | 0           |
|    hard/wasted_spell_penalty_mean    | 0           |
|    medium/damage_mean                | 0.863       |
|    medium/defense_damage_pct_mean    | 0.8         |
|    medium/defense_damage_reward_mean | 0.096       |
|    medium/defense_destroy_reward_... | 0.019       |
|    medium/defenses_destroyed_mean    | 3.8         |
|    medium/ep_len_mean                | 69.5        |
|    medium/ep_rew_mean                | 3.39        |
|    medium/episodes_window            | 200         |
|    medium/freeze_casts_mean          | 1.94        |
|    medium/freeze_effect_reward_mean  | 0.0575      |
|    medium/frozen_threat_damage_pc... | 0.0505      |
|    medium/frozen_threat_ticks_mean   | 43.1        |
|    medium/objective_shaping_rewar... | 0.256       |
|    medium/p_all_spells_used          | 0.955       |
|    medium/p_damage_ge_90             | 0.565       |
|    medium/p_stars_ge_2               | 0.915       |
|    medium/rage_bonus_damage_pct_mean | 0.0317      |
|    medium/rage_bonus_defense_dama... | 0.0146      |
|    medium/rage_bonus_townhall_dam... | 0.0821      |
|    medium/rage_casts_mean            | 1.97        |
|    medium/rage_effect_reward_mean    | 0.0111      |
|    medium/score_mean                 | 3.14        |
|    medium/spell_casts_mean           | 3.9         |
|    medium/spell_shaping_reward_mean  | 0.0657      |
|    medium/spells_remaining_mean      | 0.095       |
|    medium/stars_mean                 | 2.27        |
|    medium/ticks_mean                 | 690         |
|    medium/townhall_damage_pct_mean   | 0.942       |
|    medium/townhall_damage_reward_... | 0.0942      |
|    medium/townhall_destroy_reward... | 0.0467      |
|    medium/townhall_destroyed_rate    | 0.935       |
|    medium/truncated_rate             | 0.1         |
|    medium/unused_spell_penalty_mean  | 0.00285     |
|    medium/useful_freeze_casts_mean   | 1.94        |
|    medium/useful_rage_casts_mean     | 1.97        |
|    medium/wasted_spell_casts_mean    | 0           |
|    medium/wasted_spell_penalty_mean  | 0           |
| rollout/                             |             |
|    ep_len_mean                       | 62.5        |
|    ep_rew_mean                       | 1.37        |
| throughput/                          |             |
|    env_steps_per_sec                 | 204         |
|    episodes_per_sec                  | 3.59        |
| time/                                |             |
|    fps                               | 206         |
|    iterations                        | 28          |
|    time_elapsed                      | 4435        |
|    total_timesteps                   | 8945664     |
| train/                               |             |
|    approx_kl                         | 0.008686865 |
|    clip_fraction                     | 0.0398      |
|    clip_range                        | 0.2         |
|    entropy_loss                      | -4.07       |
|    explained_variance                | 0.925       |
|    learning_rate                     | 0.0001      |
|    loss                              | -0.0338     |
|    n_updates                         | 2720        |
|    policy_gradient_loss              | -0.0112     |
|    value_loss                        | 0.0525      |
------------------------------------------------------
timesteps=8945728 | env_steps/sec=72.6 | episodes/sec=1.70 | gpu_util_mean=18% gpu_util_max=37% | gpu_mem_mean=2.3/47.8GB
timesteps=8946816 | env_steps/sec=210.9 | episodes/sec=3.30 | gpu_util_mean=0% gpu_util_max=1% | gpu_mem_mean=2.3/47.8GB
timesteps=8947840 | env_steps/sec=203.0 | episodes/sec=1.98 | gpu_util_mean=0% gpu_util_max=1% | gpu_mem_mean=2.3/47.8GB
timesteps=8948928 | env_steps/sec=209.3 | episodes/sec=2.89 | gpu_util_mean=0% gpu_util_max=1% | gpu_mem_mean=2.3/47.8GB
timesteps=8950016 | env_steps/sec=216.2 | episodes/sec=3.97 | gpu_util_mean=0% gpu_util_max=1% | gpu_mem_mean=2.3/47.8GB
timesteps=8951104 | env_steps/sec=216.2 | episodes/sec=4.77 | gpu_util_mean=0% gpu_util_max=0% | gpu_mem_mean=2.3/47.8GB
timesteps=8952192 | env_steps/sec=207.8 | episodes/sec=1.53 | gpu_util_mean=0% gpu_util_max=1% | gpu_mem_mean=2.3/47.8GB
timesteps=8953280 | env_steps/sec=216.9 | episodes/sec=3.39 | gpu_util_mean=0% gpu_util_max=0% | gpu_mem_mean=2.3/47.8GB
timesteps=8954368 | env_steps/sec=216.2 | episodes/sec=4.37 | gpu_util_mean=0% gpu_util_max=0% | gpu_mem_mean=2.3/47.8GB
timesteps=8955456 | env_steps/sec=212.6 | episodes/sec=3.32 | gpu_util_mean=1% gpu_util_max=1% | gpu_mem_mean=2.3/47.8GB
timesteps=8956544 | env_steps/sec=206.4 | episodes/sec=1.90 | gpu_util_mean=0% gpu_util_max=0% | gpu_mem_mean=2.3/47.8GB
timesteps=8957632 | env_steps/sec=217.2 | episodes/sec=3.59 | gpu_util_mean=0% gpu_util_max=1% | gpu_mem_mean=2.3/47.8GB
timesteps=8958720 | env_steps/sec=215.5 | episodes/sec=4.36 | gpu_util_mean=0% gpu_util_max=0% | gpu_mem_mean=2.3/47.8GB
timesteps=8959744 | env_steps/sec=203.9 | episodes/sec=3.19 | gpu_util_mean=0% gpu_util_max=0% | gpu_mem_mean=2.3/47.8GB
timesteps=8960832 | env_steps/sec=211.3 | episodes/sec=2.91 | gpu_util_mean=0% gpu_util_max=1% | gpu_mem_mean=2.3/47.8GB
timesteps=8961920 | env_steps/sec=212.7 | episodes/sec=3.13 | gpu_util_mean=0% gpu_util_max=0% | gpu_mem_mean=2.3/47.8GB
timesteps=8963008 | env_steps/sec=212.7 | episodes/sec=3.91 | gpu_util_mean=0% gpu_util_max=1% | gpu_mem_mean=2.3/47.8GB
timesteps=8964096 | env_steps/sec=211.9 | episodes/sec=2.92 | gpu_util_mean=0% gpu_util_max=0% | gpu_mem_mean=2.3/47.8GB
timesteps=8965248 | env_steps/sec=226.8 | episodes/sec=3.35 | gpu_util_mean=0% gpu_util_max=1% | gpu_mem_mean=2.3/47.8GB
timesteps=8966336 | env_steps/sec=211.5 | episodes/sec=4.28 | gpu_util_mean=18% gpu_util_max=36% | gpu_mem_mean=2.3/47.8GB
timesteps=8967424 | env_steps/sec=216.1 | episodes/sec=2.58 | gpu_util_mean=0% gpu_util_max=0% | gpu_mem_mean=2.3/47.8GB
timesteps=8968512 | env_steps/sec=211.3 | episodes/sec=4.47 | gpu_util_mean=1% gpu_util_max=1% | gpu_mem_mean=2.3/47.8GB
timesteps=8969536 | env_steps/sec=203.4 | episodes/sec=2.38 | gpu_util_mean=0% gpu_util_max=1% | gpu_mem_mean=2.3/47.8GB
timesteps=8970624 | env_steps/sec=210.3 | episodes/sec=3.67 | gpu_util_mean=0% gpu_util_max=1% | gpu_mem_mean=2.3/47.8GB
timesteps=8971712 | env_steps/sec=208.7 | episodes/sec=2.49 | gpu_util_mean=1% gpu_util_max=1% | gpu_mem_mean=2.3/47.8GB
timesteps=8972800 | env_steps/sec=215.8 | episodes/sec=3.77 | gpu_util_mean=0% gpu_util_max=0% | gpu_mem_mean=2.3/47.8GB
timesteps=8973888 | env_steps/sec=212.3 | episodes/sec=4.49 | gpu_util_mean=0% gpu_util_max=0% | gpu_mem_mean=2.3/47.8GB
timesteps=8974976 | env_steps/sec=216.4 | episodes/sec=2.39 | gpu_util_mean=0% gpu_util_max=0% | gpu_mem_mean=2.3/47.8GB
timesteps=8976000 | env_steps/sec=201.9 | episodes/sec=3.35 | gpu_util_mean=0% gpu_util_max=0% | gpu_mem_mean=2.3/47.8GB
timesteps=8977088 | env_steps/sec=209.3 | episodes/sec=3.08 | gpu_util_mean=0% gpu_util_max=0% | gpu_mem_mean=2.3/47.8GB
timesteps=8978176 | env_steps/sec=211.5 | episodes/sec=4.08 | gpu_util_mean=0% gpu_util_max=1% | gpu_mem_mean=2.3/47.8GB
------------------------------------------------------
| gpu/                                 |             |
|    gpu_count                         | 2           |
|    gpu_mem_total_gb_mean             | 47.8        |
|    gpu_mem_used_gb_mean              | 2.33        |
|    gpu_util_pct_max                  | 1           |
|    gpu_util_pct_mean                 | 0.5         |
| profile/                             |             |
|    hard/damage_mean                  | 0.359       |
|    hard/defense_damage_pct_mean      | 0.352       |
|    hard/defense_damage_reward_mean   | 0.0422      |
|    hard/defense_destroy_reward_mean  | 0.0121      |
|    hard/defenses_destroyed_mean      | 2.42        |
|    hard/ep_len_mean                  | 61.4        |
|    hard/ep_rew_mean                  | 0.707       |
|    hard/episodes_window              | 200         |
|    hard/freeze_casts_mean            | 2           |
|    hard/freeze_effect_reward_mean    | 0.072       |
|    hard/frozen_threat_damage_pct_... | 0.0638      |
|    hard/frozen_threat_ticks_mean     | 61.3        |
|    hard/objective_shaping_reward_... | 0.0836      |
|    hard/p_all_spells_used            | 0.995       |
|    hard/p_damage_ge_90               | 0           |
|    hard/p_stars_ge_2                 | 0.08        |
|    hard/rage_bonus_damage_pct_mean   | 0.0106      |
|    hard/rage_bonus_defense_damage... | 0.00752     |
|    hard/rage_bonus_townhall_damag... | 0.0203      |
|    hard/rage_casts_mean              | 2           |
|    hard/rage_effect_reward_mean      | 0.0037      |
|    hard/score_mean                   | 0.609       |
|    hard/spell_casts_mean             | 4           |
|    hard/spell_shaping_reward_mean    | 0.0756      |
|    hard/spells_remaining_mean        | 0.005       |
|    hard/stars_mean                   | 0.25        |
|    hard/ticks_mean                   | 610         |
|    hard/townhall_damage_pct_mean     | 0.218       |
|    hard/townhall_damage_reward_mean  | 0.0218      |
|    hard/townhall_destroy_reward_mean | 0.0075      |
|    hard/townhall_destroyed_rate      | 0.15        |
|    hard/truncated_rate               | 0.02        |
|    hard/unused_spell_penalty_mean    | 0.00015     |
|    hard/useful_freeze_casts_mean     | 2           |
|    hard/useful_rage_casts_mean       | 2           |
|    hard/wasted_spell_casts_mean      | 0           |
|    hard/wasted_spell_penalty_mean    | 0           |
|    medium/damage_mean                | 0.861       |
|    medium/defense_damage_pct_mean    | 0.815       |
|    medium/defense_damage_reward_mean | 0.0978      |
|    medium/defense_destroy_reward_... | 0.0192      |
|    medium/defenses_destroyed_mean    | 3.85        |
|    medium/ep_len_mean                | 69.9        |
|    medium/ep_rew_mean                | 3.37        |
|    medium/episodes_window            | 200         |
|    medium/freeze_casts_mean          | 1.96        |
|    medium/freeze_effect_reward_mean  | 0.0611      |
|    medium/frozen_threat_damage_pc... | 0.0546      |
|    medium/frozen_threat_ticks_mean   | 46.6        |
|    medium/objective_shaping_rewar... | 0.253       |
|    medium/p_all_spells_used          | 0.965       |
|    medium/p_damage_ge_90             | 0.565       |
|    medium/p_stars_ge_2               | 0.885       |
|    medium/rage_bonus_damage_pct_mean | 0.0336      |
|    medium/rage_bonus_defense_dama... | 0.0155      |
|    medium/rage_bonus_townhall_dam... | 0.0903      |
|    medium/rage_casts_mean            | 1.98        |
|    medium/rage_effect_reward_mean    | 0.0118      |
|    medium/score_mean                 | 3.12        |
|    medium/spell_casts_mean           | 3.94        |
|    medium/spell_shaping_reward_mean  | 0.0711      |
|    medium/spells_remaining_mean      | 0.06        |
|    medium/stars_mean                 | 2.25        |
|    medium/ticks_mean                 | 696         |
|    medium/townhall_damage_pct_mean   | 0.91        |
|    medium/townhall_damage_reward_... | 0.091       |
|    medium/townhall_destroy_reward... | 0.0447      |
|    medium/townhall_destroyed_rate    | 0.895       |
|    medium/truncated_rate             | 0.12        |
|    medium/unused_spell_penalty_mean  | 0.0018      |
|    medium/useful_freeze_casts_mean   | 1.96        |
|    medium/useful_rage_casts_mean     | 1.98        |
|    medium/wasted_spell_casts_mean    | 0           |
|    medium/wasted_spell_penalty_mean  | 0           |
| rollout/                             |             |
|    ep_len_mean                       | 62.9        |
|    ep_rew_mean                       | 1.29        |
| throughput/                          |             |
|    env_steps_per_sec                 | 212         |
|    episodes_per_sec                  | 4.08        |
| time/                                |             |
|    fps                               | 206         |
|    iterations                        | 29          |
|    time_elapsed                      | 4595        |
|    total_timesteps                   | 8978432     |
| train/                               |             |
|    approx_kl                         | 0.007980737 |
|    clip_fraction                     | 0.0344      |
|    clip_range                        | 0.2         |
|    entropy_loss                      | -4.1        |
|    explained_variance                | 0.92        |
|    learning_rate                     | 0.0001      |
|    loss                              | -0.0366     |
|    n_updates                         | 2730        |
|    policy_gradient_loss              | -0.0119     |
|    value_loss                        | 0.06        |
------------------------------------------------------
timesteps=8978496 | env_steps/sec=50.5 | episodes/sec=0.79 | gpu_util_mean=18% gpu_util_max=36% | gpu_mem_mean=2.3/47.8GB
timesteps=8979584 | env_steps/sec=209.0 | episodes/sec=3.27 | gpu_util_mean=0% gpu_util_max=0% | gpu_mem_mean=2.3/47.8GB
timesteps=8980672 | env_steps/sec=209.3 | episodes/sec=2.89 | gpu_util_mean=0% gpu_util_max=1% | gpu_mem_mean=2.3/47.8GB
timesteps=8981760 | env_steps/sec=214.4 | episodes/sec=4.34 | gpu_util_mean=0% gpu_util_max=1% | gpu_mem_mean=2.3/47.8GB
timesteps=8982848 | env_steps/sec=213.7 | episodes/sec=2.95 | gpu_util_mean=0% gpu_util_max=1% | gpu_mem_mean=2.3/47.8GB
timesteps=8983936 | env_steps/sec=210.1 | episodes/sec=3.09 | gpu_util_mean=0% gpu_util_max=0% | gpu_mem_mean=2.3/47.8GB
timesteps=8985024 | env_steps/sec=211.8 | episodes/sec=2.53 | gpu_util_mean=0% gpu_util_max=1% | gpu_mem_mean=2.3/47.8GB
timesteps=8986112 | env_steps/sec=216.3 | episodes/sec=3.98 | gpu_util_mean=0% gpu_util_max=1% | gpu_mem_mean=2.3/47.8GB
timesteps=8987200 | env_steps/sec=208.8 | episodes/sec=3.45 | gpu_util_mean=0% gpu_util_max=1% | gpu_mem_mean=2.3/47.8GB
timesteps=8988288 | env_steps/sec=208.6 | episodes/sec=3.26 | gpu_util_mean=0% gpu_util_max=1% | gpu_mem_mean=2.3/47.8GB
timesteps=8989376 | env_steps/sec=208.0 | episodes/sec=2.48 | gpu_util_mean=0% gpu_util_max=1% | gpu_mem_mean=2.3/47.8GB
timesteps=8990464 | env_steps/sec=212.4 | episodes/sec=4.10 | gpu_util_mean=0% gpu_util_max=1% | gpu_mem_mean=2.3/47.8GB
timesteps=8991552 | env_steps/sec=216.1 | episodes/sec=3.77 | gpu_util_mean=0% gpu_util_max=1% | gpu_mem_mean=2.3/47.8GB
timesteps=8992640 | env_steps/sec=207.5 | episodes/sec=2.48 | gpu_util_mean=1% gpu_util_max=1% | gpu_mem_mean=2.3/47.8GB
timesteps=8993728 | env_steps/sec=210.1 | episodes/sec=3.28 | gpu_util_mean=0% gpu_util_max=0% | gpu_mem_mean=2.3/47.8GB
timesteps=8994816 | env_steps/sec=216.6 | episodes/sec=3.98 | gpu_util_mean=0% gpu_util_max=0% | gpu_mem_mean=2.3/47.8GB
timesteps=8995904 | env_steps/sec=213.4 | episodes/sec=3.33 | gpu_util_mean=0% gpu_util_max=0% | gpu_mem_mean=2.3/47.8GB
timesteps=8996992 | env_steps/sec=206.9 | episodes/sec=3.80 | gpu_util_mean=0% gpu_util_max=1% | gpu_mem_mean=2.3/47.8GB
timesteps=8998080 | env_steps/sec=206.0 | episodes/sec=2.27 | gpu_util_mean=0% gpu_util_max=0% | gpu_mem_mean=2.3/47.8GB
timesteps=8999168 | env_steps/sec=210.4 | episodes/sec=3.67 | gpu_util_mean=18% gpu_util_max=35% | gpu_mem_mean=2.3/47.8GB
timesteps=9000320 | env_steps/sec=226.5 | episodes/sec=4.33 | gpu_util_mean=1% gpu_util_max=1% | gpu_mem_mean=2.3/47.8GB
timesteps=9001472 | env_steps/sec=217.7 | episodes/sec=3.40 | gpu_util_mean=1% gpu_util_max=1% | gpu_mem_mean=2.3/47.8GB
timesteps=9002560 | env_steps/sec=209.4 | episodes/sec=3.08 | gpu_util_mean=0% gpu_util_max=1% | gpu_mem_mean=2.3/47.8GB
timesteps=9003648 | env_steps/sec=210.1 | episodes/sec=3.09 | gpu_util_mean=0% gpu_util_max=1% | gpu_mem_mean=2.3/47.8GB
timesteps=9004736 | env_steps/sec=210.8 | episodes/sec=3.10 | gpu_util_mean=1% gpu_util_max=1% | gpu_mem_mean=2.3/47.8GB
timesteps=9005824 | env_steps/sec=211.6 | episodes/sec=3.70 | gpu_util_mean=0% gpu_util_max=1% | gpu_mem_mean=2.3/47.8GB
timesteps=9006976 | env_steps/sec=220.2 | episodes/sec=3.63 | gpu_util_mean=0% gpu_util_max=0% | gpu_mem_mean=2.3/47.8GB
timesteps=9008064 | env_steps/sec=212.1 | episodes/sec=3.12 | gpu_util_mean=0% gpu_util_max=1% | gpu_mem_mean=2.3/47.8GB
timesteps=9009152 | env_steps/sec=213.1 | episodes/sec=2.94 | gpu_util_mean=0% gpu_util_max=0% | gpu_mem_mean=2.3/47.8GB
timesteps=9010240 | env_steps/sec=215.6 | episodes/sec=3.37 | gpu_util_mean=1% gpu_util_max=1% | gpu_mem_mean=2.3/47.8GB
------------------------------------------------------
| gpu/                                 |             |
|    gpu_count                         | 2           |
|    gpu_mem_total_gb_mean             | 47.8        |
|    gpu_mem_used_gb_mean              | 2.33        |
|    gpu_util_pct_max                  | 1           |
|    gpu_util_pct_mean                 | 1           |
| profile/                             |             |
|    hard/damage_mean                  | 0.34        |
|    hard/defense_damage_pct_mean      | 0.336       |
|    hard/defense_damage_reward_mean   | 0.0403      |
|    hard/defense_destroy_reward_mean  | 0.0114      |
|    hard/defenses_destroyed_mean      | 2.28        |
|    hard/ep_len_mean                  | 61.2        |
|    hard/ep_rew_mean                  | 0.619       |
|    hard/episodes_window              | 200         |
|    hard/freeze_casts_mean            | 2           |
|    hard/freeze_effect_reward_mean    | 0.0727      |
|    hard/frozen_threat_damage_pct_... | 0.0642      |
|    hard/frozen_threat_ticks_mean     | 61.3        |
|    hard/objective_shaping_reward_... | 0.0731      |
|    hard/p_all_spells_used            | 1           |
|    hard/p_damage_ge_90               | 0           |
|    hard/p_stars_ge_2                 | 0.05        |
|    hard/rage_bonus_damage_pct_mean   | 0.00974     |
|    hard/rage_bonus_defense_damage... | 0.0075      |
|    hard/rage_bonus_townhall_damag... | 0.0164      |
|    hard/rage_casts_mean              | 2           |
|    hard/rage_effect_reward_mean      | 0.00341     |
|    hard/score_mean                   | 0.53        |
|    hard/spell_casts_mean             | 4           |
|    hard/spell_shaping_reward_mean    | 0.0761      |
|    hard/spells_remaining_mean        | 0           |
|    hard/stars_mean                   | 0.19        |
|    hard/ticks_mean                   | 607         |
|    hard/townhall_damage_pct_mean     | 0.169       |
|    hard/townhall_damage_reward_mean  | 0.0169      |
|    hard/townhall_destroy_reward_mean | 0.0045      |
|    hard/townhall_destroyed_rate      | 0.09        |
|    hard/truncated_rate               | 0.005       |
|    hard/unused_spell_penalty_mean    | 0           |
|    hard/useful_freeze_casts_mean     | 2           |
|    hard/useful_rage_casts_mean       | 2           |
|    hard/wasted_spell_casts_mean      | 0           |
|    hard/wasted_spell_penalty_mean    | 0           |
|    medium/damage_mean                | 0.874       |
|    medium/defense_damage_pct_mean    | 0.806       |
|    medium/defense_damage_reward_mean | 0.0967      |
|    medium/defense_destroy_reward_... | 0.0191      |
|    medium/defenses_destroyed_mean    | 3.82        |
|    medium/ep_len_mean                | 69.8        |
|    medium/ep_rew_mean                | 3.43        |
|    medium/episodes_window            | 200         |
|    medium/freeze_casts_mean          | 1.93        |
|    medium/freeze_effect_reward_mean  | 0.0556      |
|    medium/frozen_threat_damage_pc... | 0.049       |
|    medium/frozen_threat_ticks_mean   | 42.2        |
|    medium/objective_shaping_rewar... | 0.256       |
|    medium/p_all_spells_used          | 0.94        |
|    medium/p_damage_ge_90             | 0.555       |
|    medium/p_stars_ge_2               | 0.92        |
|    medium/rage_bonus_damage_pct_mean | 0.035       |
|    medium/rage_bonus_defense_dama... | 0.018       |
|    medium/rage_bonus_townhall_dam... | 0.0893      |
|    medium/rage_casts_mean            | 1.99        |
|    medium/rage_effect_reward_mean    | 0.0123      |
|    medium/score_mean                 | 3.17        |
|    medium/spell_casts_mean           | 3.91        |
|    medium/spell_shaping_reward_mean  | 0.0652      |
|    medium/spells_remaining_mean      | 0.09        |
|    medium/stars_mean                 | 2.3         |
|    medium/ticks_mean                 | 694         |
|    medium/townhall_damage_pct_mean   | 0.94        |
|    medium/townhall_damage_reward_... | 0.094       |
|    medium/townhall_destroy_reward... | 0.0462      |
|    medium/townhall_destroyed_rate    | 0.925       |
|    medium/truncated_rate             | 0.1         |
|    medium/unused_spell_penalty_mean  | 0.0027      |
|    medium/useful_freeze_casts_mean   | 1.93        |
|    medium/useful_rage_casts_mean     | 1.99        |
|    medium/wasted_spell_casts_mean    | 0           |
|    medium/wasted_spell_penalty_mean  | 0           |
| rollout/                             |             |
|    ep_len_mean                       | 64.3        |
|    ep_rew_mean                       | 1.17        |
| throughput/                          |             |
|    env_steps_per_sec                 | 216         |
|    episodes_per_sec                  | 3.37        |
| time/                                |             |
|    fps                               | 206         |
|    iterations                        | 30          |
|    time_elapsed                      | 4754        |
|    total_timesteps                   | 9011200     |
| train/                               |             |
|    approx_kl                         | 0.009129943 |
|    clip_fraction                     | 0.0599      |
|    clip_range                        | 0.2         |
|    entropy_loss                      | -4.05       |
|    explained_variance                | 0.913       |
|    learning_rate                     | 0.0001      |
|    loss                              | -0.0299     |
|    n_updates                         | 2740        |
|    policy_gradient_loss              | -0.0141     |
|    value_loss                        | 0.0651      |
------------------------------------------------------
timesteps=9011264 | env_steps/sec=108.8 | episodes/sec=1.91 | gpu_util_mean=16% gpu_util_max=32% | gpu_mem_mean=2.3/47.8GB
timesteps=9012352 | env_steps/sec=211.1 | episodes/sec=2.72 | gpu_util_mean=0% gpu_util_max=1% | gpu_mem_mean=2.3/47.8GB
timesteps=9013440 | env_steps/sec=216.8 | episodes/sec=3.99 | gpu_util_mean=0% gpu_util_max=0% | gpu_mem_mean=2.3/47.8GB
timesteps=9014528 | env_steps/sec=213.3 | episodes/sec=3.73 | gpu_util_mean=0% gpu_util_max=1% | gpu_mem_mean=2.3/47.8GB
timesteps=9015616 | env_steps/sec=217.6 | episodes/sec=2.80 | gpu_util_mean=0% gpu_util_max=0% | gpu_mem_mean=2.3/47.8GB
timesteps=9016704 | env_steps/sec=211.8 | episodes/sec=3.11 | gpu_util_mean=0% gpu_util_max=0% | gpu_mem_mean=2.3/47.8GB
timesteps=9017856 | env_steps/sec=220.3 | episodes/sec=4.21 | gpu_util_mean=0% gpu_util_max=1% | gpu_mem_mean=2.3/47.8GB
timesteps=9018944 | env_steps/sec=207.8 | episodes/sec=4.20 | gpu_util_mean=0% gpu_util_max=1% | gpu_mem_mean=2.3/47.8GB
timesteps=9020032 | env_steps/sec=208.8 | episodes/sec=1.73 | gpu_util_mean=0% gpu_util_max=1% | gpu_mem_mean=2.3/47.8GB
timesteps=9021120 | env_steps/sec=212.5 | episodes/sec=4.69 | gpu_util_mean=0% gpu_util_max=0% | gpu_mem_mean=2.3/47.8GB
timesteps=9022208 | env_steps/sec=216.5 | episodes/sec=3.58 | gpu_util_mean=0% gpu_util_max=1% | gpu_mem_mean=2.3/47.8GB
timesteps=9023296 | env_steps/sec=213.8 | episodes/sec=3.14 | gpu_util_mean=0% gpu_util_max=0% | gpu_mem_mean=2.3/47.8GB
timesteps=9024384 | env_steps/sec=212.3 | episodes/sec=2.73 | gpu_util_mean=0% gpu_util_max=1% | gpu_mem_mean=2.3/47.8GB
timesteps=9025472 | env_steps/sec=213.1 | episodes/sec=3.53 | gpu_util_mean=0% gpu_util_max=0% | gpu_mem_mean=2.3/47.8GB
timesteps=9026560 | env_steps/sec=216.5 | episodes/sec=3.78 | gpu_util_mean=0% gpu_util_max=1% | gpu_mem_mean=2.3/47.8GB
timesteps=9027648 | env_steps/sec=207.6 | episodes/sec=2.67 | gpu_util_mean=0% gpu_util_max=1% | gpu_mem_mean=2.3/47.8GB
timesteps=9028736 | env_steps/sec=215.0 | episodes/sec=4.15 | gpu_util_mean=0% gpu_util_max=1% | gpu_mem_mean=2.3/47.8GB
timesteps=9029824 | env_steps/sec=215.2 | episodes/sec=2.97 | gpu_util_mean=0% gpu_util_max=1% | gpu_mem_mean=2.3/47.8GB
timesteps=9030912 | env_steps/sec=216.5 | episodes/sec=3.78 | gpu_util_mean=0% gpu_util_max=1% | gpu_mem_mean=2.3/47.8GB
timesteps=9032000 | env_steps/sec=215.2 | episodes/sec=3.16 | gpu_util_mean=0% gpu_util_max=0% | gpu_mem_mean=2.3/47.8GB
timesteps=9033088 | env_steps/sec=213.5 | episodes/sec=3.34 | gpu_util_mean=18% gpu_util_max=35% | gpu_mem_mean=2.3/47.8GB
timesteps=9034112 | env_steps/sec=202.1 | episodes/sec=2.57 | gpu_util_mean=0% gpu_util_max=1% | gpu_mem_mean=2.3/47.8GB
timesteps=9035136 | env_steps/sec=201.9 | episodes/sec=3.35 | gpu_util_mean=0% gpu_util_max=0% | gpu_mem_mean=2.3/47.8GB
timesteps=9036288 | env_steps/sec=220.4 | episodes/sec=3.83 | gpu_util_mean=0% gpu_util_max=1% | gpu_mem_mean=2.3/47.8GB
timesteps=9037376 | env_steps/sec=210.7 | episodes/sec=3.49 | gpu_util_mean=0% gpu_util_max=1% | gpu_mem_mean=2.3/47.8GB
timesteps=9038400 | env_steps/sec=201.0 | episodes/sec=2.94 | gpu_util_mean=0% gpu_util_max=1% | gpu_mem_mean=2.3/47.8GB
timesteps=9039488 | env_steps/sec=209.1 | episodes/sec=3.27 | gpu_util_mean=0% gpu_util_max=0% | gpu_mem_mean=2.3/47.8GB
timesteps=9040576 | env_steps/sec=212.2 | episodes/sec=4.49 | gpu_util_mean=0% gpu_util_max=0% | gpu_mem_mean=2.3/47.8GB
timesteps=9041600 | env_steps/sec=201.8 | episodes/sec=2.56 | gpu_util_mean=0% gpu_util_max=0% | gpu_mem_mean=2.3/47.8GB
timesteps=9042688 | env_steps/sec=210.6 | episodes/sec=2.90 | gpu_util_mean=0% gpu_util_max=0% | gpu_mem_mean=2.3/47.8GB
timesteps=9043776 | env_steps/sec=209.9 | episodes/sec=3.67 | gpu_util_mean=0% gpu_util_max=0% | gpu_mem_mean=2.3/47.8GB
------------------------------------------------------
| gpu/                                 |             |
|    gpu_count                         | 2           |
|    gpu_mem_total_gb_mean             | 47.8        |
|    gpu_mem_used_gb_mean              | 2.33        |
|    gpu_util_pct_max                  | 0           |
|    gpu_util_pct_mean                 | 0           |
| profile/                             |             |
|    hard/damage_mean                  | 0.363       |
|    hard/defense_damage_pct_mean      | 0.351       |
|    hard/defense_damage_reward_mean   | 0.0421      |
|    hard/defense_destroy_reward_mean  | 0.012       |
|    hard/defenses_destroyed_mean      | 2.4         |
|    hard/ep_len_mean                  | 61.1        |
|    hard/ep_rew_mean                  | 0.766       |
|    hard/episodes_window              | 200         |
|    hard/freeze_casts_mean            | 2           |
|    hard/freeze_effect_reward_mean    | 0.075       |
|    hard/frozen_threat_damage_pct_... | 0.0658      |
|    hard/frozen_threat_ticks_mean     | 63.3        |
|    hard/objective_shaping_reward_... | 0.0852      |
|    hard/p_all_spells_used            | 1           |
|    hard/p_damage_ge_90               | 0           |
|    hard/p_stars_ge_2                 | 0.105       |
|    hard/rage_bonus_damage_pct_mean   | 0.00934     |
|    hard/rage_bonus_defense_damage... | 0.00682     |
|    hard/rage_bonus_townhall_damag... | 0.0199      |
|    hard/rage_casts_mean              | 2           |
|    hard/rage_effect_reward_mean      | 0.00327     |
|    hard/score_mean                   | 0.663       |
|    hard/spell_casts_mean             | 4           |
|    hard/spell_shaping_reward_mean    | 0.0783      |
|    hard/spells_remaining_mean        | 0           |
|    hard/stars_mean                   | 0.3         |
|    hard/ticks_mean                   | 607         |
|    hard/townhall_damage_pct_mean     | 0.234       |
|    hard/townhall_damage_reward_mean  | 0.0234      |
|    hard/townhall_destroy_reward_mean | 0.00775     |
|    hard/townhall_destroyed_rate      | 0.155       |
|    hard/truncated_rate               | 0.015       |
|    hard/unused_spell_penalty_mean    | 0           |
|    hard/useful_freeze_casts_mean     | 2           |
|    hard/useful_rage_casts_mean       | 2           |
|    hard/wasted_spell_casts_mean      | 0           |
|    hard/wasted_spell_penalty_mean    | 0           |
|    medium/damage_mean                | 0.855       |
|    medium/defense_damage_pct_mean    | 0.792       |
|    medium/defense_damage_reward_mean | 0.0951      |
|    medium/defense_destroy_reward_... | 0.0189      |
|    medium/defenses_destroyed_mean    | 3.78        |
|    medium/ep_len_mean                | 69.7        |
|    medium/ep_rew_mean                | 3.33        |
|    medium/episodes_window            | 200         |
|    medium/freeze_casts_mean          | 1.91        |
|    medium/freeze_effect_reward_mean  | 0.0546      |
|    medium/frozen_threat_damage_pc... | 0.0478      |
|    medium/frozen_threat_ticks_mean   | 40.7        |
|    medium/objective_shaping_rewar... | 0.248       |
|    medium/p_all_spells_used          | 0.94        |
|    medium/p_damage_ge_90             | 0.515       |
|    medium/p_stars_ge_2               | 0.885       |
|    medium/rage_bonus_damage_pct_mean | 0.0308      |
|    medium/rage_bonus_defense_dama... | 0.0134      |
|    medium/rage_bonus_townhall_dam... | 0.0783      |
|    medium/rage_casts_mean            | 1.99        |
|    medium/rage_effect_reward_mean    | 0.0108      |
|    medium/score_mean                 | 3.09        |
|    medium/spell_casts_mean           | 3.9         |
|    medium/spell_shaping_reward_mean  | 0.0623      |
|    medium/spells_remaining_mean      | 0.105       |
|    medium/stars_mean                 | 2.23        |
|    medium/ticks_mean                 | 693         |
|    medium/townhall_damage_pct_mean   | 0.899       |
|    medium/townhall_damage_reward_... | 0.0899      |
|    medium/townhall_destroy_reward... | 0.0442      |
|    medium/townhall_destroyed_rate    | 0.885       |
|    medium/truncated_rate             | 0.125       |
|    medium/unused_spell_penalty_mean  | 0.00315     |
|    medium/useful_freeze_casts_mean   | 1.91        |
|    medium/useful_rage_casts_mean     | 1.99        |
|    medium/wasted_spell_casts_mean    | 0           |
|    medium/wasted_spell_penalty_mean  | 0           |
| rollout/                             |             |
|    ep_len_mean                       | 62.7        |
|    ep_rew_mean                       | 1.43        |
| throughput/                          |             |
|    env_steps_per_sec                 | 210         |
|    episodes_per_sec                  | 3.67        |
| time/                                |             |
|    fps                               | 206         |
|    iterations                        | 31          |
|    time_elapsed                      | 4913        |
|    total_timesteps                   | 9043968     |
| train/                               |             |
|    approx_kl                         | 0.007822219 |
|    clip_fraction                     | 0.0497      |
|    clip_range                        | 0.2         |
|    entropy_loss                      | -4.07       |
|    explained_variance                | 0.927       |
|    learning_rate                     | 0.0001      |
|    loss                              | -0.0358     |
|    n_updates                         | 2750        |
|    policy_gradient_loss              | -0.0133     |
|    value_loss                        | 0.0542      |
------------------------------------------------------
timesteps=9044032 | env_steps/sec=43.1 | episodes/sec=0.50 | gpu_util_mean=14% gpu_util_max=27% | gpu_mem_mean=2.3/47.8GB
timesteps=9045120 | env_steps/sec=207.6 | episodes/sec=3.63 | gpu_util_mean=1% gpu_util_max=1% | gpu_mem_mean=2.3/47.8GB
timesteps=9046208 | env_steps/sec=211.1 | episodes/sec=3.49 | gpu_util_mean=0% gpu_util_max=0% | gpu_mem_mean=2.3/47.8GB
timesteps=9047296 | env_steps/sec=209.4 | episodes/sec=3.66 | gpu_util_mean=0% gpu_util_max=1% | gpu_mem_mean=2.3/47.8GB
timesteps=9048320 | env_steps/sec=204.1 | episodes/sec=3.59 | gpu_util_mean=0% gpu_util_max=0% | gpu_mem_mean=2.3/47.8GB
timesteps=9049344 | env_steps/sec=204.1 | episodes/sec=1.79 | gpu_util_mean=1% gpu_util_max=1% | gpu_mem_mean=2.3/47.8GB
timesteps=9050432 | env_steps/sec=209.1 | episodes/sec=3.84 | gpu_util_mean=0% gpu_util_max=0% | gpu_mem_mean=2.3/47.8GB
timesteps=9051520 | env_steps/sec=205.7 | episodes/sec=3.78 | gpu_util_mean=0% gpu_util_max=0% | gpu_mem_mean=2.3/47.8GB
timesteps=9052608 | env_steps/sec=208.7 | episodes/sec=3.07 | gpu_util_mean=0% gpu_util_max=1% | gpu_mem_mean=2.3/47.8GB
timesteps=9053696 | env_steps/sec=212.4 | episodes/sec=2.93 | gpu_util_mean=0% gpu_util_max=1% | gpu_mem_mean=2.3/47.8GB
timesteps=9054848 | env_steps/sec=218.5 | episodes/sec=3.98 | gpu_util_mean=0% gpu_util_max=1% | gpu_mem_mean=2.3/47.8GB
timesteps=9055936 | env_steps/sec=216.8 | episodes/sec=4.19 | gpu_util_mean=0% gpu_util_max=0% | gpu_mem_mean=2.3/47.8GB
timesteps=9057024 | env_steps/sec=212.8 | episodes/sec=1.76 | gpu_util_mean=0% gpu_util_max=1% | gpu_mem_mean=2.3/47.8GB
timesteps=9058112 | env_steps/sec=209.6 | episodes/sec=3.66 | gpu_util_mean=0% gpu_util_max=0% | gpu_mem_mean=2.3/47.8GB
timesteps=9059200 | env_steps/sec=217.4 | episodes/sec=4.40 | gpu_util_mean=0% gpu_util_max=0% | gpu_mem_mean=2.3/47.8GB
timesteps=9060288 | env_steps/sec=207.7 | episodes/sec=2.86 | gpu_util_mean=0% gpu_util_max=1% | gpu_mem_mean=2.3/47.8GB
timesteps=9061376 | env_steps/sec=209.4 | episodes/sec=2.69 | gpu_util_mean=0% gpu_util_max=1% | gpu_mem_mean=2.3/47.8GB
timesteps=9062400 | env_steps/sec=204.7 | episodes/sec=4.00 | gpu_util_mean=0% gpu_util_max=1% | gpu_mem_mean=2.3/47.8GB
timesteps=9063488 | env_steps/sec=214.0 | episodes/sec=3.54 | gpu_util_mean=0% gpu_util_max=1% | gpu_mem_mean=2.3/47.8GB
timesteps=9064576 | env_steps/sec=215.4 | episodes/sec=2.77 | gpu_util_mean=0% gpu_util_max=1% | gpu_mem_mean=2.3/47.8GB
timesteps=9065728 | env_steps/sec=219.9 | episodes/sec=3.05 | gpu_util_mean=17% gpu_util_max=34% | gpu_mem_mean=2.3/47.8GB
timesteps=9066816 | env_steps/sec=213.9 | episodes/sec=3.54 | gpu_util_mean=0% gpu_util_max=1% | gpu_mem_mean=2.3/47.8GB
timesteps=9067904 | env_steps/sec=211.3 | episodes/sec=3.88 | gpu_util_mean=0% gpu_util_max=0% | gpu_mem_mean=2.3/47.8GB
timesteps=9068992 | env_steps/sec=205.8 | episodes/sec=3.22 | gpu_util_mean=0% gpu_util_max=0% | gpu_mem_mean=2.3/47.8GB
timesteps=9070080 | env_steps/sec=217.5 | episodes/sec=3.80 | gpu_util_mean=0% gpu_util_max=1% | gpu_mem_mean=2.3/47.8GB
timesteps=9071168 | env_steps/sec=216.8 | episodes/sec=3.19 | gpu_util_mean=0% gpu_util_max=0% | gpu_mem_mean=2.3/47.8GB
timesteps=9072256 | env_steps/sec=215.6 | episodes/sec=3.37 | gpu_util_mean=1% gpu_util_max=1% | gpu_mem_mean=2.3/47.8GB
timesteps=9073344 | env_steps/sec=207.4 | episodes/sec=2.67 | gpu_util_mean=1% gpu_util_max=1% | gpu_mem_mean=2.3/47.8GB
timesteps=9074432 | env_steps/sec=212.6 | episodes/sec=4.49 | gpu_util_mean=0% gpu_util_max=0% | gpu_mem_mean=2.3/47.8GB
timesteps=9075520 | env_steps/sec=209.9 | episodes/sec=2.70 | gpu_util_mean=0% gpu_util_max=0% | gpu_mem_mean=2.3/47.8GB
timesteps=9076544 | env_steps/sec=204.2 | episodes/sec=3.19 | gpu_util_mean=0% gpu_util_max=0% | gpu_mem_mean=2.3/47.8GB
------------------------------------------------------
| gpu/                                 |             |
|    gpu_count                         | 2           |
|    gpu_mem_total_gb_mean             | 47.8        |
|    gpu_mem_used_gb_mean              | 2.33        |
|    gpu_util_pct_max                  | 0           |
|    gpu_util_pct_mean                 | 0           |
| profile/                             |             |
|    hard/damage_mean                  | 0.351       |
|    hard/defense_damage_pct_mean      | 0.329       |
|    hard/defense_damage_reward_mean   | 0.0394      |
|    hard/defense_destroy_reward_mean  | 0.0111      |
|    hard/defenses_destroyed_mean      | 2.22        |
|    hard/ep_len_mean                  | 61.3        |
|    hard/ep_rew_mean                  | 0.693       |
|    hard/episodes_window              | 200         |
|    hard/freeze_casts_mean            | 2           |
|    hard/freeze_effect_reward_mean    | 0.0751      |
|    hard/frozen_threat_damage_pct_... | 0.0659      |
|    hard/frozen_threat_ticks_mean     | 63.4        |
|    hard/objective_shaping_reward_... | 0.0787      |
|    hard/p_all_spells_used            | 0.995       |
|    hard/p_damage_ge_90               | 0           |
|    hard/p_stars_ge_2                 | 0.075       |
|    hard/rage_bonus_damage_pct_mean   | 0.00919     |
|    hard/rage_bonus_defense_damage... | 0.00625     |
|    hard/rage_bonus_townhall_damag... | 0.0172      |
|    hard/rage_casts_mean              | 2           |
|    hard/rage_effect_reward_mean      | 0.00322     |
|    hard/score_mean                   | 0.596       |
|    hard/spell_casts_mean             | 4           |
|    hard/spell_shaping_reward_mean    | 0.0782      |
|    hard/spells_remaining_mean        | 0.005       |
|    hard/stars_mean                   | 0.245       |
|    hard/ticks_mean                   | 608         |
|    hard/townhall_damage_pct_mean     | 0.212       |
|    hard/townhall_damage_reward_mean  | 0.0212      |
|    hard/townhall_destroy_reward_mean | 0.007       |
|    hard/townhall_destroyed_rate      | 0.14        |
|    hard/truncated_rate               | 0.015       |
|    hard/unused_spell_penalty_mean    | 0.00015     |
|    hard/useful_freeze_casts_mean     | 2           |
|    hard/useful_rage_casts_mean       | 2           |
|    hard/wasted_spell_casts_mean      | 0           |
|    hard/wasted_spell_penalty_mean    | 0           |
|    medium/damage_mean                | 0.848       |
|    medium/defense_damage_pct_mean    | 0.813       |
|    medium/defense_damage_reward_mean | 0.0975      |
|    medium/defense_destroy_reward_... | 0.0193      |
|    medium/defenses_destroyed_mean    | 3.87        |
|    medium/ep_len_mean                | 70          |
|    medium/ep_rew_mean                | 3.31        |
|    medium/episodes_window            | 200         |
|    medium/freeze_casts_mean          | 1.92        |
|    medium/freeze_effect_reward_mean  | 0.0575      |
|    medium/frozen_threat_damage_pc... | 0.0505      |
|    medium/frozen_threat_ticks_mean   | 42.3        |
|    medium/objective_shaping_rewar... | 0.247       |
|    medium/p_all_spells_used          | 0.94        |
|    medium/p_damage_ge_90             | 0.525       |
|    medium/p_stars_ge_2               | 0.855       |
|    medium/rage_bonus_damage_pct_mean | 0.0333      |
|    medium/rage_bonus_defense_dama... | 0.0138      |
|    medium/rage_bonus_townhall_dam... | 0.0855      |
|    medium/rage_casts_mean            | 1.99        |
|    medium/rage_effect_reward_mean    | 0.0116      |
|    medium/score_mean                 | 3.06        |
|    medium/spell_casts_mean           | 3.9         |
|    medium/spell_shaping_reward_mean  | 0.0661      |
|    medium/spells_remaining_mean      | 0.1         |
|    medium/stars_mean                 | 2.21        |
|    medium/ticks_mean                 | 696         |
|    medium/townhall_damage_pct_mean   | 0.875       |
|    medium/townhall_damage_reward_... | 0.0875      |
|    medium/townhall_destroy_reward... | 0.0427      |
|    medium/townhall_destroyed_rate    | 0.855       |
|    medium/truncated_rate             | 0.15        |
|    medium/unused_spell_penalty_mean  | 0.003       |
|    medium/useful_freeze_casts_mean   | 1.92        |
|    medium/useful_rage_casts_mean     | 1.99        |
|    medium/wasted_spell_casts_mean    | 0           |
|    medium/wasted_spell_penalty_mean  | 0           |
| rollout/                             |             |
|    ep_len_mean                       | 63.5        |
|    ep_rew_mean                       | 1.15        |
| throughput/                          |             |
|    env_steps_per_sec                 | 204         |
|    episodes_per_sec                  | 3.19        |
| time/                                |             |
|    fps                               | 206         |
|    iterations                        | 32          |
|    time_elapsed                      | 5073        |
|    total_timesteps                   | 9076736     |
| train/                               |             |
|    approx_kl                         | 0.006129533 |
|    clip_fraction                     | 0.0291      |
|    clip_range                        | 0.2         |
|    entropy_loss                      | -4.05       |
|    explained_variance                | 0.913       |
|    learning_rate                     | 0.0001      |
|    loss                              | -0.0253     |
|    n_updates                         | 2760        |
|    policy_gradient_loss              | -0.0107     |
|    value_loss                        | 0.0665      |
------------------------------------------------------
timesteps=9076800 | env_steps/sec=42.8 | episodes/sec=0.67 | gpu_util_mean=12% gpu_util_max=23% | gpu_mem_mean=2.3/47.8GB
timesteps=9077888 | env_steps/sec=208.7 | episodes/sec=4.03 | gpu_util_mean=0% gpu_util_max=1% | gpu_mem_mean=2.3/47.8GB
timesteps=9078912 | env_steps/sec=203.8 | episodes/sec=3.38 | gpu_util_mean=0% gpu_util_max=1% | gpu_mem_mean=2.3/47.8GB
timesteps=9080000 | env_steps/sec=209.5 | episodes/sec=2.70 | gpu_util_mean=0% gpu_util_max=0% | gpu_mem_mean=2.3/47.8GB
timesteps=9081088 | env_steps/sec=212.5 | episodes/sec=2.73 | gpu_util_mean=1% gpu_util_max=1% | gpu_mem_mean=2.3/47.8GB
timesteps=9082176 | env_steps/sec=212.8 | episodes/sec=5.09 | gpu_util_mean=0% gpu_util_max=1% | gpu_mem_mean=2.3/47.8GB
timesteps=9083264 | env_steps/sec=207.8 | episodes/sec=2.48 | gpu_util_mean=0% gpu_util_max=0% | gpu_mem_mean=2.3/47.8GB
timesteps=9084288 | env_steps/sec=204.8 | episodes/sec=2.60 | gpu_util_mean=0% gpu_util_max=1% | gpu_mem_mean=2.3/47.8GB
timesteps=9085376 | env_steps/sec=215.4 | episodes/sec=2.38 | gpu_util_mean=1% gpu_util_max=1% | gpu_mem_mean=2.3/47.8GB
timesteps=9086528 | env_steps/sec=219.1 | episodes/sec=5.32 | gpu_util_mean=1% gpu_util_max=1% | gpu_mem_mean=2.3/47.8GB
timesteps=9087616 | env_steps/sec=213.8 | episodes/sec=2.55 | gpu_util_mean=0% gpu_util_max=0% | gpu_mem_mean=2.3/47.8GB
timesteps=9088704 | env_steps/sec=211.6 | episodes/sec=2.72 | gpu_util_mean=0% gpu_util_max=1% | gpu_mem_mean=2.3/47.8GB
timesteps=9089856 | env_steps/sec=225.7 | episodes/sec=4.11 | gpu_util_mean=0% gpu_util_max=0% | gpu_mem_mean=2.3/47.8GB
timesteps=9091008 | env_steps/sec=222.9 | episodes/sec=3.29 | gpu_util_mean=0% gpu_util_max=1% | gpu_mem_mean=2.3/47.8GB
timesteps=9092160 | env_steps/sec=218.8 | episodes/sec=4.18 | gpu_util_mean=0% gpu_util_max=1% | gpu_mem_mean=2.3/47.8GB
timesteps=9093248 | env_steps/sec=207.6 | episodes/sec=2.86 | gpu_util_mean=1% gpu_util_max=1% | gpu_mem_mean=2.3/47.8GB
timesteps=9094336 | env_steps/sec=215.5 | episodes/sec=2.77 | gpu_util_mean=1% gpu_util_max=1% | gpu_mem_mean=2.3/47.8GB
timesteps=9095424 | env_steps/sec=214.7 | episodes/sec=4.14 | gpu_util_mean=0% gpu_util_max=0% | gpu_mem_mean=2.3/47.8GB
timesteps=9096576 | env_steps/sec=218.7 | episodes/sec=3.80 | gpu_util_mean=0% gpu_util_max=0% | gpu_mem_mean=2.3/47.8GB
timesteps=9097664 | env_steps/sec=208.8 | episodes/sec=3.65 | gpu_util_mean=0% gpu_util_max=0% | gpu_mem_mean=2.3/47.8GB
timesteps=9098752 | env_steps/sec=210.6 | episodes/sec=2.52 | gpu_util_mean=1% gpu_util_max=1% | gpu_mem_mean=2.3/47.8GB
timesteps=9099840 | env_steps/sec=216.8 | episodes/sec=3.59 | gpu_util_mean=19% gpu_util_max=37% | gpu_mem_mean=2.3/47.8GB
timesteps=9100928 | env_steps/sec=210.0 | episodes/sec=3.09 | gpu_util_mean=1% gpu_util_max=1% | gpu_mem_mean=2.3/47.8GB
timesteps=9102016 | env_steps/sec=211.8 | episodes/sec=3.70 | gpu_util_mean=0% gpu_util_max=1% | gpu_mem_mean=2.3/47.8GB
timesteps=9103104 | env_steps/sec=214.5 | episodes/sec=3.55 | gpu_util_mean=0% gpu_util_max=1% | gpu_mem_mean=2.3/47.8GB
timesteps=9104192 | env_steps/sec=207.9 | episodes/sec=2.68 | gpu_util_mean=0% gpu_util_max=1% | gpu_mem_mean=2.3/47.8GB
timesteps=9105280 | env_steps/sec=216.7 | episodes/sec=4.58 | gpu_util_mean=0% gpu_util_max=0% | gpu_mem_mean=2.3/47.8GB
timesteps=9106432 | env_steps/sec=221.6 | episodes/sec=3.65 | gpu_util_mean=0% gpu_util_max=0% | gpu_mem_mean=2.3/47.8GB
timesteps=9107584 | env_steps/sec=220.0 | episodes/sec=2.67 | gpu_util_mean=0% gpu_util_max=0% | gpu_mem_mean=2.3/47.8GB
timesteps=9108736 | env_steps/sec=226.1 | episodes/sec=4.12 | gpu_util_mean=1% gpu_util_max=1% | gpu_mem_mean=2.3/47.8GB
------------------------------------------------------
| gpu/                                 |             |
|    gpu_count                         | 2           |
|    gpu_mem_total_gb_mean             | 47.8        |
|    gpu_mem_used_gb_mean              | 2.33        |
|    gpu_util_pct_max                  | 1           |
|    gpu_util_pct_mean                 | 1           |
| profile/                             |             |
|    hard/damage_mean                  | 0.34        |
|    hard/defense_damage_pct_mean      | 0.326       |
|    hard/defense_damage_reward_mean   | 0.0391      |
|    hard/defense_destroy_reward_mean  | 0.0112      |
|    hard/defenses_destroyed_mean      | 2.24        |
|    hard/ep_len_mean                  | 60.9        |
|    hard/ep_rew_mean                  | 0.653       |
|    hard/episodes_window              | 200         |
|    hard/freeze_casts_mean            | 2           |
|    hard/freeze_effect_reward_mean    | 0.0739      |
|    hard/frozen_threat_damage_pct_... | 0.0655      |
|    hard/frozen_threat_ticks_mean     | 63.7        |
|    hard/objective_shaping_reward_... | 0.0761      |
|    hard/p_all_spells_used            | 0.995       |
|    hard/p_damage_ge_90               | 0           |
|    hard/p_stars_ge_2                 | 0.07        |
|    hard/rage_bonus_damage_pct_mean   | 0.0103      |
|    hard/rage_bonus_defense_damage... | 0.00644     |
|    hard/rage_bonus_townhall_damag... | 0.0191      |
|    hard/rage_casts_mean              | 2           |
|    hard/rage_effect_reward_mean      | 0.0036      |
|    hard/score_mean                   | 0.56        |
|    hard/spell_casts_mean             | 3.99        |
|    hard/spell_shaping_reward_mean    | 0.0772      |
|    hard/spells_remaining_mean        | 0.01        |
|    hard/stars_mean                   | 0.22        |
|    hard/ticks_mean                   | 605         |
|    hard/townhall_damage_pct_mean     | 0.193       |
|    hard/townhall_damage_reward_mean  | 0.0193      |
|    hard/townhall_destroy_reward_mean | 0.0065      |
|    hard/townhall_destroyed_rate      | 0.13        |
|    hard/truncated_rate               | 0.015       |
|    hard/unused_spell_penalty_mean    | 0.0003      |
|    hard/useful_freeze_casts_mean     | 2           |
|    hard/useful_rage_casts_mean       | 2           |
|    hard/wasted_spell_casts_mean      | 0           |
|    hard/wasted_spell_penalty_mean    | 0           |
|    medium/damage_mean                | 0.836       |
|    medium/defense_damage_pct_mean    | 0.804       |
|    medium/defense_damage_reward_mean | 0.0965      |
|    medium/defense_destroy_reward_... | 0.0188      |
|    medium/defenses_destroyed_mean    | 3.77        |
|    medium/ep_len_mean                | 70.5        |
|    medium/ep_rew_mean                | 3.18        |
|    medium/episodes_window            | 200         |
|    medium/freeze_casts_mean          | 1.93        |
|    medium/freeze_effect_reward_mean  | 0.0585      |
|    medium/frozen_threat_damage_pc... | 0.0516      |
|    medium/frozen_threat_ticks_mean   | 44          |
|    medium/objective_shaping_rewar... | 0.241       |
|    medium/p_all_spells_used          | 0.95        |
|    medium/p_damage_ge_90             | 0.475       |
|    medium/p_stars_ge_2               | 0.825       |
|    medium/rage_bonus_damage_pct_mean | 0.0357      |
|    medium/rage_bonus_defense_dama... | 0.0147      |
|    medium/rage_bonus_townhall_dam... | 0.0988      |
|    medium/rage_casts_mean            | 1.99        |
|    medium/rage_effect_reward_mean    | 0.0125      |
|    medium/score_mean                 | 2.95        |
|    medium/spell_casts_mean           | 3.92        |
|    medium/spell_shaping_reward_mean  | 0.0686      |
|    medium/spells_remaining_mean      | 0.08        |
|    medium/stars_mean                 | 2.11        |
|    medium/ticks_mean                 | 701         |
|    medium/townhall_damage_pct_mean   | 0.844       |
|    medium/townhall_damage_reward_... | 0.0844      |
|    medium/townhall_destroy_reward... | 0.0413      |
|    medium/townhall_destroyed_rate    | 0.825       |
|    medium/truncated_rate             | 0.135       |
|    medium/unused_spell_penalty_mean  | 0.0024      |
|    medium/useful_freeze_casts_mean   | 1.93        |
|    medium/useful_rage_casts_mean     | 1.99        |
|    medium/wasted_spell_casts_mean    | 0           |
|    medium/wasted_spell_penalty_mean  | 0           |
| rollout/                             |             |
|    ep_len_mean                       | 62          |
|    ep_rew_mean                       | 1.21        |
| throughput/                          |             |
|    env_steps_per_sec                 | 226         |
|    episodes_per_sec                  | 4.12        |
| time/                                |             |
|    fps                               | 206         |
|    iterations                        | 33          |
|    time_elapsed                      | 5231        |
|    total_timesteps                   | 9109504     |
| train/                               |             |
|    approx_kl                         | 0.008475942 |
|    clip_fraction                     | 0.0459      |
|    clip_range                        | 0.2         |
|    entropy_loss                      | -4.07       |
|    explained_variance                | 0.921       |
|    learning_rate                     | 0.0001      |
|    loss                              | -0.0333     |
|    n_updates                         | 2770        |
|    policy_gradient_loss              | -0.0125     |
|    value_loss                        | 0.0577      |
------------------------------------------------------
timesteps=9109568 | env_steps/sec=96.2 | episodes/sec=1.50 | gpu_util_mean=0% gpu_util_max=1% | gpu_mem_mean=2.3/47.8GB
timesteps=9110592 | env_steps/sec=204.8 | episodes/sec=3.20 | gpu_util_mean=0% gpu_util_max=1% | gpu_mem_mean=2.3/47.8GB
timesteps=9111680 | env_steps/sec=207.3 | episodes/sec=3.24 | gpu_util_mean=0% gpu_util_max=1% | gpu_mem_mean=2.3/47.8GB
timesteps=9112832 | env_steps/sec=218.4 | episodes/sec=3.98 | gpu_util_mean=0% gpu_util_max=0% | gpu_mem_mean=2.3/47.8GB
timesteps=9113920 | env_steps/sec=216.9 | episodes/sec=2.39 | gpu_util_mean=0% gpu_util_max=0% | gpu_mem_mean=2.3/47.8GB
timesteps=9115008 | env_steps/sec=214.9 | episodes/sec=4.35 | gpu_util_mean=0% gpu_util_max=0% | gpu_mem_mean=2.3/47.8GB
timesteps=9116096 | env_steps/sec=210.0 | episodes/sec=2.90 | gpu_util_mean=0% gpu_util_max=1% | gpu_mem_mean=2.3/47.8GB
timesteps=9117184 | env_steps/sec=208.5 | episodes/sec=3.64 | gpu_util_mean=0% gpu_util_max=0% | gpu_mem_mean=2.3/47.8GB
timesteps=9118272 | env_steps/sec=205.4 | episodes/sec=2.64 | gpu_util_mean=0% gpu_util_max=1% | gpu_mem_mean=2.3/47.8GB
timesteps=9119296 | env_steps/sec=202.4 | episodes/sec=3.56 | gpu_util_mean=0% gpu_util_max=0% | gpu_mem_mean=2.3/47.8GB
timesteps=9120384 | env_steps/sec=207.0 | episodes/sec=3.23 | gpu_util_mean=0% gpu_util_max=0% | gpu_mem_mean=2.3/47.8GB
timesteps=9121472 | env_steps/sec=209.7 | episodes/sec=3.66 | gpu_util_mean=0% gpu_util_max=0% | gpu_mem_mean=2.3/47.8GB
timesteps=9122560 | env_steps/sec=213.6 | episodes/sec=2.94 | gpu_util_mean=0% gpu_util_max=1% | gpu_mem_mean=2.3/47.8GB
timesteps=9123648 | env_steps/sec=205.8 | episodes/sec=3.03 | gpu_util_mean=0% gpu_util_max=1% | gpu_mem_mean=2.3/47.8GB
timesteps=9124736 | env_steps/sec=207.0 | episodes/sec=4.19 | gpu_util_mean=0% gpu_util_max=1% | gpu_mem_mean=2.3/47.8GB
timesteps=9125824 | env_steps/sec=206.9 | episodes/sec=2.47 | gpu_util_mean=1% gpu_util_max=1% | gpu_mem_mean=2.3/47.8GB
timesteps=9126912 | env_steps/sec=217.2 | episodes/sec=3.79 | gpu_util_mean=0% gpu_util_max=1% | gpu_mem_mean=2.3/47.8GB
timesteps=9128000 | env_steps/sec=211.4 | episodes/sec=3.69 | gpu_util_mean=0% gpu_util_max=1% | gpu_mem_mean=2.3/47.8GB
timesteps=9129088 | env_steps/sec=207.2 | episodes/sec=2.86 | gpu_util_mean=0% gpu_util_max=1% | gpu_mem_mean=2.3/47.8GB
timesteps=9130176 | env_steps/sec=217.0 | episodes/sec=3.39 | gpu_util_mean=0% gpu_util_max=1% | gpu_mem_mean=2.3/47.8GB
timesteps=9131264 | env_steps/sec=210.9 | episodes/sec=3.10 | gpu_util_mean=0% gpu_util_max=0% | gpu_mem_mean=2.3/47.8GB
timesteps=9132352 | env_steps/sec=206.9 | episodes/sec=4.18 | gpu_util_mean=0% gpu_util_max=0% | gpu_mem_mean=2.3/47.8GB
timesteps=9133440 | env_steps/sec=208.8 | episodes/sec=2.11 | gpu_util_mean=0% gpu_util_max=0% | gpu_mem_mean=2.3/47.8GB
timesteps=9134528 | env_steps/sec=208.3 | episodes/sec=3.25 | gpu_util_mean=0% gpu_util_max=0% | gpu_mem_mean=2.3/47.8GB
timesteps=9135616 | env_steps/sec=209.3 | episodes/sec=3.85 | gpu_util_mean=1% gpu_util_max=1% | gpu_mem_mean=2.3/47.8GB
timesteps=9136640 | env_steps/sec=204.4 | episodes/sec=3.39 | gpu_util_mean=0% gpu_util_max=1% | gpu_mem_mean=2.3/47.8GB
timesteps=9137728 | env_steps/sec=213.9 | episodes/sec=2.95 | gpu_util_mean=0% gpu_util_max=0% | gpu_mem_mean=2.3/47.8GB
timesteps=9138880 | env_steps/sec=219.5 | episodes/sec=2.48 | gpu_util_mean=0% gpu_util_max=1% | gpu_mem_mean=2.3/47.8GB
timesteps=9140032 | env_steps/sec=223.7 | episodes/sec=5.63 | gpu_util_mean=0% gpu_util_max=0% | gpu_mem_mean=2.3/47.8GB
timesteps=9141120 | env_steps/sec=206.8 | episodes/sec=2.66 | gpu_util_mean=0% gpu_util_max=0% | gpu_mem_mean=2.3/47.8GB
timesteps=9142208 | env_steps/sec=209.4 | episodes/sec=2.69 | gpu_util_mean=0% gpu_util_max=1% | gpu_mem_mean=2.3/47.8GB
------------------------------------------------------
| gpu/                                 |             |
|    gpu_count                         | 2           |
|    gpu_mem_total_gb_mean             | 47.8        |
|    gpu_mem_used_gb_mean              | 2.33        |
|    gpu_util_pct_max                  | 1           |
|    gpu_util_pct_mean                 | 0.5         |
| profile/                             |             |
|    hard/damage_mean                  | 0.345       |
|    hard/defense_damage_pct_mean      | 0.345       |
|    hard/defense_damage_reward_mean   | 0.0414      |
|    hard/defense_destroy_reward_mean  | 0.012       |
|    hard/defenses_destroyed_mean      | 2.4         |
|    hard/ep_len_mean                  | 61.4        |
|    hard/ep_rew_mean                  | 0.575       |
|    hard/episodes_window              | 200         |
|    hard/freeze_casts_mean            | 2           |
|    hard/freeze_effect_reward_mean    | 0.0722      |
|    hard/frozen_threat_damage_pct_... | 0.0626      |
|    hard/frozen_threat_ticks_mean     | 60.4        |
|    hard/objective_shaping_reward_... | 0.0756      |
|    hard/p_all_spells_used            | 0.995       |
|    hard/p_damage_ge_90               | 0           |
|    hard/p_stars_ge_2                 | 0.04        |
|    hard/rage_bonus_damage_pct_mean   | 0.0102      |
|    hard/rage_bonus_defense_damage... | 0.00572     |
|    hard/rage_bonus_townhall_damag... | 0.0154      |
|    hard/rage_casts_mean              | 2           |
|    hard/rage_effect_reward_mean      | 0.00358     |
|    hard/score_mean                   | 0.485       |
|    hard/spell_casts_mean             | 4           |
|    hard/spell_shaping_reward_mean    | 0.0756      |
|    hard/spells_remaining_mean        | 0.005       |
|    hard/stars_mean                   | 0.14        |
|    hard/ticks_mean                   | 610         |
|    hard/townhall_damage_pct_mean     | 0.182       |
|    hard/townhall_damage_reward_mean  | 0.0182      |
|    hard/townhall_destroy_reward_mean | 0.004       |
|    hard/townhall_destroyed_rate      | 0.08        |
|    hard/truncated_rate               | 0.025       |
|    hard/unused_spell_penalty_mean    | 0.00015     |
|    hard/useful_freeze_casts_mean     | 2           |
|    hard/useful_rage_casts_mean       | 2           |
|    hard/wasted_spell_casts_mean      | 0           |
|    hard/wasted_spell_penalty_mean    | 0           |
|    medium/damage_mean                | 0.838       |
|    medium/defense_damage_pct_mean    | 0.791       |
|    medium/defense_damage_reward_mean | 0.095       |
|    medium/defense_destroy_reward_... | 0.0184      |
|    medium/defenses_destroyed_mean    | 3.68        |
|    medium/ep_len_mean                | 69.3        |
|    medium/ep_rew_mean                | 3.22        |
|    medium/episodes_window            | 200         |
|    medium/freeze_casts_mean          | 1.93        |
|    medium/freeze_effect_reward_mean  | 0.0546      |
|    medium/frozen_threat_damage_pc... | 0.048       |
|    medium/frozen_threat_ticks_mean   | 40.9        |
|    medium/objective_shaping_rewar... | 0.242       |
|    medium/p_all_spells_used          | 0.94        |
|    medium/p_damage_ge_90             | 0.48        |
|    medium/p_stars_ge_2               | 0.835       |
|    medium/rage_bonus_damage_pct_mean | 0.0321      |
|    medium/rage_bonus_defense_dama... | 0.0145      |
|    medium/rage_bonus_townhall_dam... | 0.0822      |
|    medium/rage_casts_mean            | 1.97        |
|    medium/rage_effect_reward_mean    | 0.0112      |
|    medium/score_mean                 | 2.99        |
|    medium/spell_casts_mean           | 3.9         |
|    medium/spell_shaping_reward_mean  | 0.0628      |
|    medium/spells_remaining_mean      | 0.1         |
|    medium/stars_mean                 | 2.15        |
|    medium/ticks_mean                 | 689         |
|    medium/townhall_damage_pct_mean   | 0.869       |
|    medium/townhall_damage_reward_... | 0.0869      |
|    medium/townhall_destroy_reward... | 0.0417      |
|    medium/townhall_destroyed_rate    | 0.835       |
|    medium/truncated_rate             | 0.085       |
|    medium/unused_spell_penalty_mean  | 0.003       |
|    medium/useful_freeze_casts_mean   | 1.93        |
|    medium/useful_rage_casts_mean     | 1.97        |
|    medium/wasted_spell_casts_mean    | 0           |
|    medium/wasted_spell_penalty_mean  | 0           |
| rollout/                             |             |
|    ep_len_mean                       | 63.4        |
|    ep_rew_mean                       | 1.19        |
| throughput/                          |             |
|    env_steps_per_sec                 | 209         |
|    episodes_per_sec                  | 2.69        |
| time/                                |             |
|    fps                               | 206         |
|    iterations                        | 34          |
|    time_elapsed                      | 5391        |
|    total_timesteps                   | 9142272     |
| train/                               |             |
|    approx_kl                         | 0.009520354 |
|    clip_fraction                     | 0.0516      |
|    clip_range                        | 0.2         |
|    entropy_loss                      | -4.06       |
|    explained_variance                | 0.902       |
|    learning_rate                     | 0.0001      |
|    loss                              | -0.0321     |
|    n_updates                         | 2780        |
|    policy_gradient_loss              | -0.0127     |
|    value_loss                        | 0.0649      |
------------------------------------------------------
timesteps=9142336 | env_steps/sec=23.8 | episodes/sec=0.19 | gpu_util_mean=15% gpu_util_max=29% | gpu_mem_mean=2.3/47.8GB
timesteps=9143488 | env_steps/sec=224.1 | episodes/sec=4.86 | gpu_util_mean=0% gpu_util_max=1% | gpu_mem_mean=2.3/47.8GB
timesteps=9144576 | env_steps/sec=212.3 | episodes/sec=3.32 | gpu_util_mean=0% gpu_util_max=1% | gpu_mem_mean=2.3/47.8GB
timesteps=9145664 | env_steps/sec=206.3 | episodes/sec=2.47 | gpu_util_mean=0% gpu_util_max=0% | gpu_mem_mean=2.3/47.8GB
timesteps=9146752 | env_steps/sec=212.1 | episodes/sec=3.12 | gpu_util_mean=1% gpu_util_max=1% | gpu_mem_mean=2.3/47.8GB
timesteps=9147904 | env_steps/sec=223.3 | episodes/sec=4.85 | gpu_util_mean=0% gpu_util_max=0% | gpu_mem_mean=2.3/47.8GB
timesteps=9148992 | env_steps/sec=209.1 | episodes/sec=2.88 | gpu_util_mean=0% gpu_util_max=0% | gpu_mem_mean=2.3/47.8GB
timesteps=9150016 | env_steps/sec=204.5 | episodes/sec=2.60 | gpu_util_mean=0% gpu_util_max=0% | gpu_mem_mean=2.3/47.8GB
timesteps=9151104 | env_steps/sec=214.1 | episodes/sec=3.74 | gpu_util_mean=0% gpu_util_max=0% | gpu_mem_mean=2.3/47.8GB
timesteps=9152192 | env_steps/sec=207.4 | episodes/sec=3.81 | gpu_util_mean=0% gpu_util_max=1% | gpu_mem_mean=2.3/47.8GB
timesteps=9153280 | env_steps/sec=209.7 | episodes/sec=3.47 | gpu_util_mean=0% gpu_util_max=0% | gpu_mem_mean=2.3/47.8GB
timesteps=9154368 | env_steps/sec=209.0 | episodes/sec=2.30 | gpu_util_mean=0% gpu_util_max=1% | gpu_mem_mean=2.3/47.8GB
timesteps=9155456 | env_steps/sec=215.2 | episodes/sec=3.76 | gpu_util_mean=0% gpu_util_max=1% | gpu_mem_mean=2.3/47.8GB
timesteps=9156608 | env_steps/sec=218.6 | episodes/sec=3.98 | gpu_util_mean=0% gpu_util_max=1% | gpu_mem_mean=2.3/47.8GB
timesteps=9157696 | env_steps/sec=211.8 | episodes/sec=2.34 | gpu_util_mean=0% gpu_util_max=1% | gpu_mem_mean=2.3/47.8GB
timesteps=9158720 | env_steps/sec=203.5 | episodes/sec=3.38 | gpu_util_mean=0% gpu_util_max=1% | gpu_mem_mean=2.3/47.8GB
timesteps=9159808 | env_steps/sec=213.7 | episodes/sec=3.14 | gpu_util_mean=0% gpu_util_max=0% | gpu_mem_mean=2.3/47.8GB
timesteps=9160896 | env_steps/sec=210.7 | episodes/sec=3.29 | gpu_util_mean=0% gpu_util_max=0% | gpu_mem_mean=2.3/47.8GB
timesteps=9161984 | env_steps/sec=209.3 | episodes/sec=3.27 | gpu_util_mean=0% gpu_util_max=0% | gpu_mem_mean=2.3/47.8GB
timesteps=9163072 | env_steps/sec=217.6 | episodes/sec=3.40 | gpu_util_mean=0% gpu_util_max=0% | gpu_mem_mean=2.3/47.8GB
timesteps=9164160 | env_steps/sec=213.8 | episodes/sec=2.95 | gpu_util_mean=0% gpu_util_max=0% | gpu_mem_mean=2.3/47.8GB
timesteps=9165248 | env_steps/sec=212.2 | episodes/sec=3.71 | gpu_util_mean=0% gpu_util_max=1% | gpu_mem_mean=2.3/47.8GB
timesteps=9166400 | env_steps/sec=220.5 | episodes/sec=4.02 | gpu_util_mean=16% gpu_util_max=32% | gpu_mem_mean=2.3/47.8GB
timesteps=9167488 | env_steps/sec=209.7 | episodes/sec=3.08 | gpu_util_mean=0% gpu_util_max=0% | gpu_mem_mean=2.3/47.8GB
timesteps=9168576 | env_steps/sec=217.4 | episodes/sec=3.00 | gpu_util_mean=0% gpu_util_max=1% | gpu_mem_mean=2.3/47.8GB
timesteps=9169664 | env_steps/sec=211.0 | episodes/sec=3.69 | gpu_util_mean=0% gpu_util_max=0% | gpu_mem_mean=2.3/47.8GB
timesteps=9170752 | env_steps/sec=215.0 | episodes/sec=2.77 | gpu_util_mean=0% gpu_util_max=0% | gpu_mem_mean=2.3/47.8GB
timesteps=9171840 | env_steps/sec=216.4 | episodes/sec=3.98 | gpu_util_mean=1% gpu_util_max=1% | gpu_mem_mean=2.3/47.8GB
timesteps=9172928 | env_steps/sec=211.4 | episodes/sec=2.91 | gpu_util_mean=0% gpu_util_max=1% | gpu_mem_mean=2.3/47.8GB
timesteps=9174016 | env_steps/sec=211.6 | episodes/sec=3.89 | gpu_util_mean=0% gpu_util_max=0% | gpu_mem_mean=2.3/47.8GB
------------------------------------------------------
| gpu/                                 |             |
|    gpu_count                         | 2           |
|    gpu_mem_total_gb_mean             | 47.8        |
|    gpu_mem_used_gb_mean              | 2.33        |
|    gpu_util_pct_max                  | 0           |
|    gpu_util_pct_mean                 | 0           |
| profile/                             |             |
|    hard/damage_mean                  | 0.36        |
|    hard/defense_damage_pct_mean      | 0.338       |
|    hard/defense_damage_reward_mean   | 0.0405      |
|    hard/defense_destroy_reward_mean  | 0.0118      |
|    hard/defenses_destroyed_mean      | 2.36        |
|    hard/ep_len_mean                  | 61.8        |
|    hard/ep_rew_mean                  | 0.703       |
|    hard/episodes_window              | 200         |
|    hard/freeze_casts_mean            | 2           |
|    hard/freeze_effect_reward_mean    | 0.0728      |
|    hard/frozen_threat_damage_pct_... | 0.0646      |
|    hard/frozen_threat_ticks_mean     | 63.2        |
|    hard/objective_shaping_reward_... | 0.0835      |
|    hard/p_all_spells_used            | 1           |
|    hard/p_damage_ge_90               | 0           |
|    hard/p_stars_ge_2                 | 0.07        |
|    hard/rage_bonus_damage_pct_mean   | 0.00921     |
|    hard/rage_bonus_defense_damage... | 0.00722     |
|    hard/rage_bonus_townhall_damag... | 0.0178      |
|    hard/rage_casts_mean              | 2           |
|    hard/rage_effect_reward_mean      | 0.00322     |
|    hard/score_mean                   | 0.605       |
|    hard/spell_casts_mean             | 4           |
|    hard/spell_shaping_reward_mean    | 0.0761      |
|    hard/spells_remaining_mean        | 0           |
|    hard/stars_mean                   | 0.245       |
|    hard/ticks_mean                   | 613         |
|    hard/townhall_damage_pct_mean     | 0.237       |
|    hard/townhall_damage_reward_mean  | 0.0237      |
|    hard/townhall_destroy_reward_mean | 0.0075      |
|    hard/townhall_destroyed_rate      | 0.15        |
|    hard/truncated_rate               | 0.02        |
|    hard/unused_spell_penalty_mean    | 0           |
|    hard/useful_freeze_casts_mean     | 2           |
|    hard/useful_rage_casts_mean       | 2           |
|    hard/wasted_spell_casts_mean      | 0           |
|    hard/wasted_spell_penalty_mean    | 0           |
|    medium/damage_mean                | 0.816       |
|    medium/defense_damage_pct_mean    | 0.757       |
|    medium/defense_damage_reward_mean | 0.0909      |
|    medium/defense_destroy_reward_... | 0.0177      |
|    medium/defenses_destroyed_mean    | 3.53        |
|    medium/ep_len_mean                | 69.7        |
|    medium/ep_rew_mean                | 3.08        |
|    medium/episodes_window            | 200         |
|    medium/freeze_casts_mean          | 1.95        |
|    medium/freeze_effect_reward_mean  | 0.0575      |
|    medium/frozen_threat_damage_pc... | 0.0503      |
|    medium/frozen_threat_ticks_mean   | 43.4        |
|    medium/objective_shaping_rewar... | 0.231       |
|    medium/p_all_spells_used          | 0.95        |
|    medium/p_damage_ge_90             | 0.415       |
|    medium/p_stars_ge_2               | 0.79        |
|    medium/rage_bonus_damage_pct_mean | 0.0304      |
|    medium/rage_bonus_defense_dama... | 0.0135      |
|    medium/rage_bonus_townhall_dam... | 0.076       |
|    medium/rage_casts_mean            | 1.98        |
|    medium/rage_effect_reward_mean    | 0.0107      |
|    medium/score_mean                 | 2.85        |
|    medium/spell_casts_mean           | 3.93        |
|    medium/spell_shaping_reward_mean  | 0.0661      |
|    medium/spells_remaining_mean      | 0.07        |
|    medium/stars_mean                 | 2.04        |
|    medium/ticks_mean                 | 693         |
|    medium/townhall_damage_pct_mean   | 0.831       |
|    medium/townhall_damage_reward_... | 0.0831      |
|    medium/townhall_destroy_reward... | 0.0397      |
|    medium/townhall_destroyed_rate    | 0.795       |
|    medium/truncated_rate             | 0.105       |
|    medium/unused_spell_penalty_mean  | 0.0021      |
|    medium/useful_freeze_casts_mean   | 1.95        |
|    medium/useful_rage_casts_mean     | 1.98        |
|    medium/wasted_spell_casts_mean    | 0           |
|    medium/wasted_spell_penalty_mean  | 0           |
| rollout/                             |             |
|    ep_len_mean                       | 63.5        |
|    ep_rew_mean                       | 1.19        |
| throughput/                          |             |
|    env_steps_per_sec                 | 212         |
|    episodes_per_sec                  | 3.89        |
| time/                                |             |
|    fps                               | 206         |
|    iterations                        | 35          |
|    time_elapsed                      | 5550        |
|    total_timesteps                   | 9175040     |
| train/                               |             |
|    approx_kl                         | 0.009128698 |
|    clip_fraction                     | 0.0493      |
|    clip_range                        | 0.2         |
|    entropy_loss                      | -4.06       |
|    explained_variance                | 0.915       |
|    learning_rate                     | 0.0001      |
|    loss                              | -0.0321     |
|    n_updates                         | 2790        |
|    policy_gradient_loss              | -0.0129     |
|    value_loss                        | 0.0565      |
------------------------------------------------------
timesteps=9175104 | env_steps/sec=110.9 | episodes/sec=1.53 | gpu_util_mean=4% gpu_util_max=9% | gpu_mem_mean=2.3/47.8GB
timesteps=9176192 | env_steps/sec=212.7 | episodes/sec=3.32 | gpu_util_mean=0% gpu_util_max=0% | gpu_mem_mean=2.3/47.8GB
timesteps=9177216 | env_steps/sec=201.4 | episodes/sec=3.74 | gpu_util_mean=0% gpu_util_max=1% | gpu_mem_mean=2.3/47.8GB
timesteps=9178304 | env_steps/sec=216.2 | episodes/sec=3.58 | gpu_util_mean=0% gpu_util_max=1% | gpu_mem_mean=2.3/47.8GB
timesteps=9179328 | env_steps/sec=202.2 | episodes/sec=3.16 | gpu_util_mean=0% gpu_util_max=1% | gpu_mem_mean=2.3/47.8GB
timesteps=9180416 | env_steps/sec=204.9 | episodes/sec=3.77 | gpu_util_mean=0% gpu_util_max=1% | gpu_mem_mean=2.3/47.8GB
timesteps=9181504 | env_steps/sec=211.9 | episodes/sec=3.12 | gpu_util_mean=0% gpu_util_max=1% | gpu_mem_mean=2.3/47.8GB
timesteps=9182528 | env_steps/sec=204.4 | episodes/sec=2.99 | gpu_util_mean=0% gpu_util_max=0% | gpu_mem_mean=2.3/47.8GB
timesteps=9183552 | env_steps/sec=196.9 | episodes/sec=2.69 | gpu_util_mean=0% gpu_util_max=1% | gpu_mem_mean=2.3/47.8GB
timesteps=9184576 | env_steps/sec=201.9 | episodes/sec=3.55 | gpu_util_mean=0% gpu_util_max=1% | gpu_mem_mean=2.3/47.8GB
timesteps=9185664 | env_steps/sec=205.8 | episodes/sec=3.59 | gpu_util_mean=0% gpu_util_max=0% | gpu_mem_mean=2.3/47.8GB
timesteps=9186752 | env_steps/sec=206.9 | episodes/sec=3.04 | gpu_util_mean=0% gpu_util_max=1% | gpu_mem_mean=2.3/47.8GB
timesteps=9187840 | env_steps/sec=207.9 | episodes/sec=3.06 | gpu_util_mean=0% gpu_util_max=0% | gpu_mem_mean=2.3/47.8GB
timesteps=9188928 | env_steps/sec=207.3 | episodes/sec=4.19 | gpu_util_mean=0% gpu_util_max=0% | gpu_mem_mean=2.3/47.8GB
timesteps=9190016 | env_steps/sec=212.1 | episodes/sec=3.90 | gpu_util_mean=0% gpu_util_max=1% | gpu_mem_mean=2.3/47.8GB
timesteps=9191040 | env_steps/sec=203.7 | episodes/sec=1.99 | gpu_util_mean=0% gpu_util_max=0% | gpu_mem_mean=2.3/47.8GB
timesteps=9192064 | env_steps/sec=202.8 | episodes/sec=2.97 | gpu_util_mean=0% gpu_util_max=1% | gpu_mem_mean=2.3/47.8GB
timesteps=9193152 | env_steps/sec=206.8 | episodes/sec=3.99 | gpu_util_mean=1% gpu_util_max=1% | gpu_mem_mean=2.3/47.8GB
timesteps=9194240 | env_steps/sec=208.7 | episodes/sec=3.64 | gpu_util_mean=0% gpu_util_max=1% | gpu_mem_mean=2.3/47.8GB
timesteps=9195328 | env_steps/sec=206.1 | episodes/sec=2.08 | gpu_util_mean=0% gpu_util_max=1% | gpu_mem_mean=2.3/47.8GB
timesteps=9196352 | env_steps/sec=203.6 | episodes/sec=3.58 | gpu_util_mean=0% gpu_util_max=0% | gpu_mem_mean=2.3/47.8GB
timesteps=9197440 | env_steps/sec=212.8 | episodes/sec=4.30 | gpu_util_mean=0% gpu_util_max=1% | gpu_mem_mean=2.3/47.8GB
timesteps=9198528 | env_steps/sec=211.1 | episodes/sec=2.72 | gpu_util_mean=0% gpu_util_max=0% | gpu_mem_mean=2.3/47.8GB
timesteps=9199616 | env_steps/sec=210.0 | episodes/sec=2.32 | gpu_util_mean=18% gpu_util_max=34% | gpu_mem_mean=2.3/47.8GB
timesteps=9200704 | env_steps/sec=213.2 | episodes/sec=3.92 | gpu_util_mean=0% gpu_util_max=1% | gpu_mem_mean=2.3/47.8GB
timesteps=9201792 | env_steps/sec=211.7 | episodes/sec=4.47 | gpu_util_mean=0% gpu_util_max=1% | gpu_mem_mean=2.3/47.8GB
timesteps=9202880 | env_steps/sec=214.1 | episodes/sec=1.97 | gpu_util_mean=0% gpu_util_max=1% | gpu_mem_mean=2.3/47.8GB
timesteps=9203968 | env_steps/sec=217.1 | episodes/sec=3.79 | gpu_util_mean=0% gpu_util_max=1% | gpu_mem_mean=2.3/47.8GB
timesteps=9205056 | env_steps/sec=214.9 | episodes/sec=3.56 | gpu_util_mean=0% gpu_util_max=1% | gpu_mem_mean=2.3/47.8GB
timesteps=9206144 | env_steps/sec=210.1 | episodes/sec=3.28 | gpu_util_mean=0% gpu_util_max=1% | gpu_mem_mean=2.3/47.8GB
timesteps=9207232 | env_steps/sec=214.1 | episodes/sec=3.54 | gpu_util_mean=0% gpu_util_max=1% | gpu_mem_mean=2.3/47.8GB
------------------------------------------------------
| gpu/                                 |             |
|    gpu_count                         | 2           |
|    gpu_mem_total_gb_mean             | 47.8        |
|    gpu_mem_used_gb_mean              | 2.33        |
|    gpu_util_pct_max                  | 1           |
|    gpu_util_pct_mean                 | 0.5         |
| profile/                             |             |
|    hard/damage_mean                  | 0.353       |
|    hard/defense_damage_pct_mean      | 0.348       |
|    hard/defense_damage_reward_mean   | 0.0418      |
|    hard/defense_destroy_reward_mean  | 0.0119      |
|    hard/defenses_destroyed_mean      | 2.38        |
|    hard/ep_len_mean                  | 61.1        |
|    hard/ep_rew_mean                  | 0.649       |
|    hard/episodes_window              | 200         |
|    hard/freeze_casts_mean            | 2           |
|    hard/freeze_effect_reward_mean    | 0.0738      |
|    hard/frozen_threat_damage_pct_... | 0.0637      |
|    hard/frozen_threat_ticks_mean     | 61.8        |
|    hard/objective_shaping_reward_... | 0.0789      |
|    hard/p_all_spells_used            | 0.995       |
|    hard/p_damage_ge_90               | 0           |
|    hard/p_stars_ge_2                 | 0.05        |
|    hard/rage_bonus_damage_pct_mean   | 0.00957     |
|    hard/rage_bonus_defense_damage... | 0.00658     |
|    hard/rage_bonus_townhall_damag... | 0.0171      |
|    hard/rage_casts_mean              | 2           |
|    hard/rage_effect_reward_mean      | 0.00335     |
|    hard/score_mean                   | 0.553       |
|    hard/spell_casts_mean             | 4           |
|    hard/spell_shaping_reward_mean    | 0.077       |
|    hard/spells_remaining_mean        | 0.005       |
|    hard/stars_mean                   | 0.2         |
|    hard/ticks_mean                   | 606         |
|    hard/townhall_damage_pct_mean     | 0.198       |
|    hard/townhall_damage_reward_mean  | 0.0198      |
|    hard/townhall_destroy_reward_mean | 0.0055      |
|    hard/townhall_destroyed_rate      | 0.11        |
|    hard/truncated_rate               | 0.01        |
|    hard/unused_spell_penalty_mean    | 0.00015     |
|    hard/useful_freeze_casts_mean     | 2           |
|    hard/useful_rage_casts_mean       | 2           |
|    hard/wasted_spell_casts_mean      | 0           |
|    hard/wasted_spell_penalty_mean    | 0           |
|    medium/damage_mean                | 0.832       |
|    medium/defense_damage_pct_mean    | 0.785       |
|    medium/defense_damage_reward_mean | 0.0942      |
|    medium/defense_destroy_reward_... | 0.0184      |
|    medium/defenses_destroyed_mean    | 3.67        |
|    medium/ep_len_mean                | 70.3        |
|    medium/ep_rew_mean                | 3.17        |
|    medium/episodes_window            | 200         |
|    medium/freeze_casts_mean          | 1.9         |
|    medium/freeze_effect_reward_mean  | 0.053       |
|    medium/frozen_threat_damage_pc... | 0.0466      |
|    medium/frozen_threat_ticks_mean   | 40.2        |
|    medium/objective_shaping_rewar... | 0.238       |
|    medium/p_all_spells_used          | 0.91        |
|    medium/p_damage_ge_90             | 0.47        |
|    medium/p_stars_ge_2               | 0.81        |
|    medium/rage_bonus_damage_pct_mean | 0.0314      |
|    medium/rage_bonus_defense_dama... | 0.0159      |
|    medium/rage_bonus_townhall_dam... | 0.079       |
|    medium/rage_casts_mean            | 1.95        |
|    medium/rage_effect_reward_mean    | 0.011       |
|    medium/score_mean                 | 2.94        |
|    medium/spell_casts_mean           | 3.85        |
|    medium/spell_shaping_reward_mean  | 0.0595      |
|    medium/spells_remaining_mean      | 0.15        |
|    medium/stars_mean                 | 2.1         |
|    medium/ticks_mean                 | 699         |
|    medium/townhall_damage_pct_mean   | 0.853       |
|    medium/townhall_damage_reward_... | 0.0853      |
|    medium/townhall_destroy_reward... | 0.0405      |
|    medium/townhall_destroyed_rate    | 0.81        |
|    medium/truncated_rate             | 0.145       |
|    medium/unused_spell_penalty_mean  | 0.0045      |
|    medium/useful_freeze_casts_mean   | 1.9         |
|    medium/useful_rage_casts_mean     | 1.95        |
|    medium/wasted_spell_casts_mean    | 0           |
|    medium/wasted_spell_penalty_mean  | 0           |
| rollout/                             |             |
|    ep_len_mean                       | 63.3        |
|    ep_rew_mean                       | 1.29        |
| throughput/                          |             |
|    env_steps_per_sec                 | 214         |
|    episodes_per_sec                  | 3.54        |
| time/                                |             |
|    fps                               | 206         |
|    iterations                        | 36          |
|    time_elapsed                      | 5712        |
|    total_timesteps                   | 9207808     |
| train/                               |             |
|    approx_kl                         | 0.007647403 |
|    clip_fraction                     | 0.044       |
|    clip_range                        | 0.2         |
|    entropy_loss                      | -4.05       |
|    explained_variance                | 0.89        |
|    learning_rate                     | 0.0001      |
|    loss                              | -0.0322     |
|    n_updates                         | 2800        |
|    policy_gradient_loss              | -0.0137     |
|    value_loss                        | 0.066       |
------------------------------------------------------
timesteps=9207872 | env_steps/sec=82.4 | episodes/sec=1.29 | gpu_util_mean=0% gpu_util_max=0% | gpu_mem_mean=2.3/47.8GB
timesteps=9208896 | env_steps/sec=200.7 | episodes/sec=3.53 | gpu_util_mean=0% gpu_util_max=1% | gpu_mem_mean=2.3/47.8GB
timesteps=9209984 | env_steps/sec=213.9 | episodes/sec=2.95 | gpu_util_mean=0% gpu_util_max=0% | gpu_mem_mean=2.3/47.8GB
timesteps=9211072 | env_steps/sec=208.6 | episodes/sec=3.83 | gpu_util_mean=0% gpu_util_max=1% | gpu_mem_mean=2.3/47.8GB
timesteps=9212096 | env_steps/sec=204.1 | episodes/sec=3.19 | gpu_util_mean=0% gpu_util_max=0% | gpu_mem_mean=2.3/47.8GB
timesteps=9213184 | env_steps/sec=217.6 | episodes/sec=3.80 | gpu_util_mean=0% gpu_util_max=0% | gpu_mem_mean=2.3/47.8GB
timesteps=9214336 | env_steps/sec=220.5 | episodes/sec=2.87 | gpu_util_mean=0% gpu_util_max=1% | gpu_mem_mean=2.3/47.8GB
timesteps=9215424 | env_steps/sec=216.5 | episodes/sec=3.78 | gpu_util_mean=0% gpu_util_max=1% | gpu_mem_mean=2.3/47.8GB
timesteps=9216512 | env_steps/sec=214.8 | episodes/sec=3.36 | gpu_util_mean=0% gpu_util_max=0% | gpu_mem_mean=2.3/47.8GB
timesteps=9217600 | env_steps/sec=206.6 | episodes/sec=3.04 | gpu_util_mean=0% gpu_util_max=1% | gpu_mem_mean=2.3/47.8GB
timesteps=9218688 | env_steps/sec=208.1 | episodes/sec=3.63 | gpu_util_mean=0% gpu_util_max=1% | gpu_mem_mean=2.3/47.8GB
timesteps=9219712 | env_steps/sec=204.8 | episodes/sec=3.00 | gpu_util_mean=0% gpu_util_max=1% | gpu_mem_mean=2.3/47.8GB
timesteps=9220800 | env_steps/sec=214.2 | episodes/sec=3.35 | gpu_util_mean=0% gpu_util_max=1% | gpu_mem_mean=2.3/47.8GB
timesteps=9221888 | env_steps/sec=207.0 | episodes/sec=2.85 | gpu_util_mean=0% gpu_util_max=1% | gpu_mem_mean=2.3/47.8GB
timesteps=9222976 | env_steps/sec=210.3 | episodes/sec=3.87 | gpu_util_mean=0% gpu_util_max=1% | gpu_mem_mean=2.3/47.8GB
timesteps=9224064 | env_steps/sec=213.6 | episodes/sec=2.75 | gpu_util_mean=0% gpu_util_max=0% | gpu_mem_mean=2.3/47.8GB
timesteps=9225152 | env_steps/sec=215.2 | episodes/sec=3.96 | gpu_util_mean=0% gpu_util_max=0% | gpu_mem_mean=2.3/47.8GB
timesteps=9226240 | env_steps/sec=208.6 | episodes/sec=3.45 | gpu_util_mean=0% gpu_util_max=0% | gpu_mem_mean=2.3/47.8GB
timesteps=9227264 | env_steps/sec=202.6 | episodes/sec=2.97 | gpu_util_mean=0% gpu_util_max=0% | gpu_mem_mean=2.3/47.8GB
timesteps=9228288 | env_steps/sec=198.0 | episodes/sec=2.71 | gpu_util_mean=0% gpu_util_max=1% | gpu_mem_mean=2.3/47.8GB
timesteps=9229376 | env_steps/sec=208.1 | episodes/sec=3.25 | gpu_util_mean=0% gpu_util_max=0% | gpu_mem_mean=2.3/47.8GB
timesteps=9230464 | env_steps/sec=216.8 | episodes/sec=4.98 | gpu_util_mean=0% gpu_util_max=1% | gpu_mem_mean=2.3/47.8GB
timesteps=9231552 | env_steps/sec=212.1 | episodes/sec=1.56 | gpu_util_mean=0% gpu_util_max=0% | gpu_mem_mean=2.3/47.8GB
timesteps=9232640 | env_steps/sec=211.7 | episodes/sec=3.50 | gpu_util_mean=16% gpu_util_max=33% | gpu_mem_mean=2.3/47.8GB
timesteps=9233728 | env_steps/sec=215.6 | episodes/sec=4.16 | gpu_util_mean=0% gpu_util_max=0% | gpu_mem_mean=2.3/47.8GB
timesteps=9234816 | env_steps/sec=214.6 | episodes/sec=3.35 | gpu_util_mean=0% gpu_util_max=0% | gpu_mem_mean=2.3/47.8GB
timesteps=9235904 | env_steps/sec=211.1 | episodes/sec=2.52 | gpu_util_mean=0% gpu_util_max=0% | gpu_mem_mean=2.3/47.8GB
timesteps=9236992 | env_steps/sec=206.4 | episodes/sec=3.79 | gpu_util_mean=0% gpu_util_max=0% | gpu_mem_mean=2.3/47.8GB
timesteps=9238144 | env_steps/sec=217.4 | episodes/sec=3.40 | gpu_util_mean=0% gpu_util_max=0% | gpu_mem_mean=2.3/47.8GB
timesteps=9239232 | env_steps/sec=212.0 | episodes/sec=2.53 | gpu_util_mean=0% gpu_util_max=0% | gpu_mem_mean=2.3/47.8GB
timesteps=9240320 | env_steps/sec=209.9 | episodes/sec=3.47 | gpu_util_mean=0% gpu_util_max=1% | gpu_mem_mean=2.3/47.8GB
------------------------------------------------------
| gpu/                                 |             |
|    gpu_count                         | 2           |
|    gpu_mem_total_gb_mean             | 47.8        |
|    gpu_mem_used_gb_mean              | 2.33        |
|    gpu_util_pct_max                  | 1           |
|    gpu_util_pct_mean                 | 0.5         |
| profile/                             |             |
|    hard/damage_mean                  | 0.369       |
|    hard/defense_damage_pct_mean      | 0.361       |
|    hard/defense_damage_reward_mean   | 0.0433      |
|    hard/defense_destroy_reward_mean  | 0.0126      |
|    hard/defenses_destroyed_mean      | 2.52        |
|    hard/ep_len_mean                  | 61.7        |
|    hard/ep_rew_mean                  | 0.737       |
|    hard/episodes_window              | 200         |
|    hard/freeze_casts_mean            | 2           |
|    hard/freeze_effect_reward_mean    | 0.0744      |
|    hard/frozen_threat_damage_pct_... | 0.0643      |
|    hard/frozen_threat_ticks_mean     | 62.4        |
|    hard/objective_shaping_reward_... | 0.0858      |
|    hard/p_all_spells_used            | 1           |
|    hard/p_damage_ge_90               | 0           |
|    hard/p_stars_ge_2                 | 0.09        |
|    hard/rage_bonus_damage_pct_mean   | 0.0103      |
|    hard/rage_bonus_defense_damage... | 0.00715     |
|    hard/rage_bonus_townhall_damag... | 0.0234      |
|    hard/rage_casts_mean              | 2           |
|    hard/rage_effect_reward_mean      | 0.00361     |
|    hard/score_mean                   | 0.634       |
|    hard/spell_casts_mean             | 4           |
|    hard/spell_shaping_reward_mean    | 0.078       |
|    hard/spells_remaining_mean        | 0           |
|    hard/stars_mean                   | 0.265       |
|    hard/ticks_mean                   | 613         |
|    hard/townhall_damage_pct_mean     | 0.229       |
|    hard/townhall_damage_reward_mean  | 0.0229      |
|    hard/townhall_destroy_reward_mean | 0.007       |
|    hard/townhall_destroyed_rate      | 0.14        |
|    hard/truncated_rate               | 0.02        |
|    hard/unused_spell_penalty_mean    | 0           |
|    hard/useful_freeze_casts_mean     | 2           |
|    hard/useful_rage_casts_mean       | 2           |
|    hard/wasted_spell_casts_mean      | 0           |
|    hard/wasted_spell_penalty_mean    | 0           |
|    medium/damage_mean                | 0.855       |
|    medium/defense_damage_pct_mean    | 0.796       |
|    medium/defense_damage_reward_mean | 0.0956      |
|    medium/defense_destroy_reward_... | 0.0188      |
|    medium/defenses_destroyed_mean    | 3.75        |
|    medium/ep_len_mean                | 70          |
|    medium/ep_rew_mean                | 3.3         |
|    medium/episodes_window            | 200         |
|    medium/freeze_casts_mean          | 1.94        |
|    medium/freeze_effect_reward_mean  | 0.0507      |
|    medium/frozen_threat_damage_pc... | 0.0444      |
|    medium/frozen_threat_ticks_mean   | 38.1        |
|    medium/objective_shaping_rewar... | 0.247       |
|    medium/p_all_spells_used          | 0.94        |
|    medium/p_damage_ge_90             | 0.56        |
|    medium/p_stars_ge_2               | 0.86        |
|    medium/rage_bonus_damage_pct_mean | 0.031       |
|    medium/rage_bonus_defense_dama... | 0.0148      |
|    medium/rage_bonus_townhall_dam... | 0.0795      |
|    medium/rage_casts_mean            | 1.98        |
|    medium/rage_effect_reward_mean    | 0.0109      |
|    medium/score_mean                 | 3.06        |
|    medium/spell_casts_mean           | 3.92        |
|    medium/spell_shaping_reward_mean  | 0.059       |
|    medium/spells_remaining_mean      | 0.085       |
|    medium/stars_mean                 | 2.21        |
|    medium/ticks_mean                 | 696         |
|    medium/townhall_damage_pct_mean   | 0.898       |
|    medium/townhall_damage_reward_... | 0.0898      |
|    medium/townhall_destroy_reward... | 0.043       |
|    medium/townhall_destroyed_rate    | 0.86        |
|    medium/truncated_rate             | 0.155       |
|    medium/unused_spell_penalty_mean  | 0.00255     |
|    medium/useful_freeze_casts_mean   | 1.94        |
|    medium/useful_rage_casts_mean     | 1.98        |
|    medium/wasted_spell_casts_mean    | 0           |
|    medium/wasted_spell_penalty_mean  | 0           |
| rollout/                             |             |
|    ep_len_mean                       | 63.4        |
|    ep_rew_mean                       | 1.32        |
| throughput/                          |             |
|    env_steps_per_sec                 | 210         |
|    episodes_per_sec                  | 3.47        |
| time/                                |             |
|    fps                               | 206         |
|    iterations                        | 37          |
|    time_elapsed                      | 5872        |
|    total_timesteps                   | 9240576     |
| train/                               |             |
|    approx_kl                         | 0.006801956 |
|    clip_fraction                     | 0.0332      |
|    clip_range                        | 0.2         |
|    entropy_loss                      | -4.06       |
|    explained_variance                | 0.896       |
|    learning_rate                     | 0.0001      |
|    loss                              | -0.0327     |
|    n_updates                         | 2810        |
|    policy_gradient_loss              | -0.0123     |
|    value_loss                        | 0.0671      |
------------------------------------------------------
timesteps=9240640 | env_steps/sec=51.1 | episodes/sec=1.12 | gpu_util_mean=18% gpu_util_max=36% | gpu_mem_mean=2.3/47.8GB
timesteps=9241728 | env_steps/sec=204.9 | episodes/sec=3.20 | gpu_util_mean=1% gpu_util_max=1% | gpu_mem_mean=2.3/47.8GB
timesteps=9242816 | env_steps/sec=217.0 | episodes/sec=2.99 | gpu_util_mean=0% gpu_util_max=1% | gpu_mem_mean=2.3/47.8GB
timesteps=9243904 | env_steps/sec=209.3 | episodes/sec=3.46 | gpu_util_mean=1% gpu_util_max=1% | gpu_mem_mean=2.3/47.8GB
timesteps=9244992 | env_steps/sec=208.8 | episodes/sec=3.26 | gpu_util_mean=0% gpu_util_max=1% | gpu_mem_mean=2.3/47.8GB
timesteps=9246080 | env_steps/sec=204.9 | episodes/sec=3.96 | gpu_util_mean=0% gpu_util_max=0% | gpu_mem_mean=2.3/47.8GB
timesteps=9247232 | env_steps/sec=219.7 | episodes/sec=3.24 | gpu_util_mean=0% gpu_util_max=1% | gpu_mem_mean=2.3/47.8GB
timesteps=9248256 | env_steps/sec=202.7 | episodes/sec=2.77 | gpu_util_mean=0% gpu_util_max=1% | gpu_mem_mean=2.3/47.8GB
timesteps=9249408 | env_steps/sec=220.5 | episodes/sec=4.40 | gpu_util_mean=0% gpu_util_max=0% | gpu_mem_mean=2.3/47.8GB
timesteps=9250496 | env_steps/sec=214.3 | episodes/sec=2.17 | gpu_util_mean=0% gpu_util_max=0% | gpu_mem_mean=2.3/47.8GB
timesteps=9251648 | env_steps/sec=221.6 | episodes/sec=4.62 | gpu_util_mean=0% gpu_util_max=0% | gpu_mem_mean=2.3/47.8GB
timesteps=9252736 | env_steps/sec=206.9 | episodes/sec=2.47 | gpu_util_mean=0% gpu_util_max=1% | gpu_mem_mean=2.3/47.8GB
timesteps=9253824 | env_steps/sec=208.3 | episodes/sec=4.21 | gpu_util_mean=0% gpu_util_max=0% | gpu_mem_mean=2.3/47.8GB
timesteps=9254912 | env_steps/sec=208.0 | episodes/sec=2.68 | gpu_util_mean=0% gpu_util_max=0% | gpu_mem_mean=2.3/47.8GB
timesteps=9256000 | env_steps/sec=210.9 | episodes/sec=3.49 | gpu_util_mean=0% gpu_util_max=0% | gpu_mem_mean=2.3/47.8GB
timesteps=9257088 | env_steps/sec=214.3 | episodes/sec=3.94 | gpu_util_mean=1% gpu_util_max=1% | gpu_mem_mean=2.3/47.8GB
timesteps=9258176 | env_steps/sec=205.9 | episodes/sec=2.46 | gpu_util_mean=0% gpu_util_max=0% | gpu_mem_mean=2.3/47.8GB
timesteps=9259264 | env_steps/sec=209.1 | episodes/sec=4.04 | gpu_util_mean=0% gpu_util_max=0% | gpu_mem_mean=2.3/47.8GB
timesteps=9260288 | env_steps/sec=204.4 | episodes/sec=2.80 | gpu_util_mean=0% gpu_util_max=0% | gpu_mem_mean=2.3/47.8GB
timesteps=9261376 | env_steps/sec=209.1 | episodes/sec=3.65 | gpu_util_mean=0% gpu_util_max=0% | gpu_mem_mean=2.3/47.8GB
timesteps=9262464 | env_steps/sec=212.5 | episodes/sec=2.34 | gpu_util_mean=0% gpu_util_max=0% | gpu_mem_mean=2.3/47.8GB
timesteps=9263488 | env_steps/sec=201.9 | episodes/sec=3.94 | gpu_util_mean=0% gpu_util_max=0% | gpu_mem_mean=2.3/47.8GB
timesteps=9264576 | env_steps/sec=215.8 | episodes/sec=4.56 | gpu_util_mean=0% gpu_util_max=1% | gpu_mem_mean=2.3/47.8GB
timesteps=9265664 | env_steps/sec=215.5 | episodes/sec=2.97 | gpu_util_mean=18% gpu_util_max=34% | gpu_mem_mean=2.3/47.8GB
timesteps=9266688 | env_steps/sec=202.9 | episodes/sec=1.98 | gpu_util_mean=0% gpu_util_max=1% | gpu_mem_mean=2.3/47.8GB
timesteps=9267776 | env_steps/sec=215.1 | episodes/sec=3.95 | gpu_util_mean=0% gpu_util_max=1% | gpu_mem_mean=2.3/47.8GB
timesteps=9268864 | env_steps/sec=217.5 | episodes/sec=4.60 | gpu_util_mean=0% gpu_util_max=0% | gpu_mem_mean=2.3/47.8GB
timesteps=9269888 | env_steps/sec=202.5 | episodes/sec=2.37 | gpu_util_mean=0% gpu_util_max=1% | gpu_mem_mean=2.3/47.8GB
timesteps=9270912 | env_steps/sec=201.5 | episodes/sec=2.56 | gpu_util_mean=0% gpu_util_max=1% | gpu_mem_mean=2.3/47.8GB
timesteps=9272000 | env_steps/sec=211.6 | episodes/sec=4.28 | gpu_util_mean=0% gpu_util_max=0% | gpu_mem_mean=2.3/47.8GB
timesteps=9273088 | env_steps/sec=210.0 | episodes/sec=3.28 | gpu_util_mean=0% gpu_util_max=1% | gpu_mem_mean=2.3/47.8GB
------------------------------------------------------
| gpu/                                 |             |
|    gpu_count                         | 2           |
|    gpu_mem_total_gb_mean             | 47.8        |
|    gpu_mem_used_gb_mean              | 2.33        |
|    gpu_util_pct_max                  | 1           |
|    gpu_util_pct_mean                 | 0.5         |
| profile/                             |             |
|    hard/damage_mean                  | 0.348       |
|    hard/defense_damage_pct_mean      | 0.341       |
|    hard/defense_damage_reward_mean   | 0.0409      |
|    hard/defense_destroy_reward_mean  | 0.0119      |
|    hard/defenses_destroyed_mean      | 2.38        |
|    hard/ep_len_mean                  | 61.2        |
|    hard/ep_rew_mean                  | 0.693       |
|    hard/episodes_window              | 200         |
|    hard/freeze_casts_mean            | 2           |
|    hard/freeze_effect_reward_mean    | 0.0735      |
|    hard/frozen_threat_damage_pct_... | 0.0655      |
|    hard/frozen_threat_ticks_mean     | 62.4        |
|    hard/objective_shaping_reward_... | 0.0788      |
|    hard/p_all_spells_used            | 1           |
|    hard/p_damage_ge_90               | 0           |
|    hard/p_stars_ge_2                 | 0.08        |
|    hard/rage_bonus_damage_pct_mean   | 0.0101      |
|    hard/rage_bonus_defense_damage... | 0.00878     |
|    hard/rage_bonus_townhall_damag... | 0.0179      |
|    hard/rage_casts_mean              | 2           |
|    hard/rage_effect_reward_mean      | 0.00353     |
|    hard/score_mean                   | 0.598       |
|    hard/spell_casts_mean             | 4           |
|    hard/spell_shaping_reward_mean    | 0.077       |
|    hard/spells_remaining_mean        | 0           |
|    hard/stars_mean                   | 0.25        |
|    hard/ticks_mean                   | 607         |
|    hard/townhall_damage_pct_mean     | 0.194       |
|    hard/townhall_damage_reward_mean  | 0.0194      |
|    hard/townhall_destroy_reward_mean | 0.0065      |
|    hard/townhall_destroyed_rate      | 0.13        |
|    hard/truncated_rate               | 0.01        |
|    hard/unused_spell_penalty_mean    | 0           |
|    hard/useful_freeze_casts_mean     | 2           |
|    hard/useful_rage_casts_mean       | 2           |
|    hard/wasted_spell_casts_mean      | 0           |
|    hard/wasted_spell_penalty_mean    | 0           |
|    medium/damage_mean                | 0.843       |
|    medium/defense_damage_pct_mean    | 0.788       |
|    medium/defense_damage_reward_mean | 0.0946      |
|    medium/defense_destroy_reward_... | 0.0185      |
|    medium/defenses_destroyed_mean    | 3.71        |
|    medium/ep_len_mean                | 69.3        |
|    medium/ep_rew_mean                | 3.26        |
|    medium/episodes_window            | 200         |
|    medium/freeze_casts_mean          | 1.94        |
|    medium/freeze_effect_reward_mean  | 0.0532      |
|    medium/frozen_threat_damage_pc... | 0.0468      |
|    medium/frozen_threat_ticks_mean   | 40          |
|    medium/objective_shaping_rewar... | 0.246       |
|    medium/p_all_spells_used          | 0.94        |
|    medium/p_damage_ge_90             | 0.545       |
|    medium/p_stars_ge_2               | 0.85        |
|    medium/rage_bonus_damage_pct_mean | 0.0328      |
|    medium/rage_bonus_defense_dama... | 0.0137      |
|    medium/rage_bonus_townhall_dam... | 0.083       |
|    medium/rage_casts_mean            | 1.98        |
|    medium/rage_effect_reward_mean    | 0.0115      |
|    medium/score_mean                 | 3.02        |
|    medium/spell_casts_mean           | 3.92        |
|    medium/spell_shaping_reward_mean  | 0.0622      |
|    medium/spells_remaining_mean      | 0.085       |
|    medium/stars_mean                 | 2.18        |
|    medium/ticks_mean                 | 689         |
|    medium/townhall_damage_pct_mean   | 0.895       |
|    medium/townhall_damage_reward_... | 0.0895      |
|    medium/townhall_destroy_reward... | 0.043       |
|    medium/townhall_destroyed_rate    | 0.86        |
|    medium/truncated_rate             | 0.125       |
|    medium/unused_spell_penalty_mean  | 0.00255     |
|    medium/useful_freeze_casts_mean   | 1.94        |
|    medium/useful_rage_casts_mean     | 1.98        |
|    medium/wasted_spell_casts_mean    | 0           |
|    medium/wasted_spell_penalty_mean  | 0           |
| rollout/                             |             |
|    ep_len_mean                       | 63          |
|    ep_rew_mean                       | 1.43        |
| throughput/                          |             |
|    env_steps_per_sec                 | 210         |
|    episodes_per_sec                  | 3.28        |
| time/                                |             |
|    fps                               | 206         |
|    iterations                        | 38          |
|    time_elapsed                      | 6033        |
|    total_timesteps                   | 9273344     |
| train/                               |             |
|    approx_kl                         | 0.008540123 |
|    clip_fraction                     | 0.0458      |
|    clip_range                        | 0.2         |
|    entropy_loss                      | -4.02       |
|    explained_variance                | 0.898       |
|    learning_rate                     | 0.0001      |
|    loss                              | -0.0317     |
|    n_updates                         | 2820        |
|    policy_gradient_loss              | -0.0134     |
|    value_loss                        | 0.0655      |
------------------------------------------------------
timesteps=9273408 | env_steps/sec=51.0 | episodes/sec=0.48 | gpu_util_mean=0% gpu_util_max=0% | gpu_mem_mean=2.3/47.8GB
timesteps=9274496 | env_steps/sec=210.0 | episodes/sec=3.28 | gpu_util_mean=0% gpu_util_max=1% | gpu_mem_mean=2.3/47.8GB
timesteps=9275584 | env_steps/sec=208.3 | episodes/sec=2.87 | gpu_util_mean=0% gpu_util_max=0% | gpu_mem_mean=2.3/47.8GB
timesteps=9276672 | env_steps/sec=212.5 | episodes/sec=3.91 | gpu_util_mean=0% gpu_util_max=0% | gpu_mem_mean=2.3/47.8GB
timesteps=9277760 | env_steps/sec=215.3 | episodes/sec=4.35 | gpu_util_mean=0% gpu_util_max=0% | gpu_mem_mean=2.3/47.8GB
timesteps=9278848 | env_steps/sec=214.2 | episodes/sec=2.36 | gpu_util_mean=0% gpu_util_max=0% | gpu_mem_mean=2.3/47.8GB
timesteps=9279936 | env_steps/sec=209.7 | episodes/sec=3.28 | gpu_util_mean=0% gpu_util_max=1% | gpu_mem_mean=2.3/47.8GB
timesteps=9281024 | env_steps/sec=216.9 | episodes/sec=2.79 | gpu_util_mean=0% gpu_util_max=1% | gpu_mem_mean=2.3/47.8GB
timesteps=9282176 | env_steps/sec=221.5 | episodes/sec=4.61 | gpu_util_mean=0% gpu_util_max=1% | gpu_mem_mean=2.3/47.8GB
timesteps=9283264 | env_steps/sec=212.8 | episodes/sec=2.93 | gpu_util_mean=0% gpu_util_max=1% | gpu_mem_mean=2.3/47.8GB
timesteps=9284416 | env_steps/sec=219.5 | episodes/sec=2.67 | gpu_util_mean=0% gpu_util_max=1% | gpu_mem_mean=2.3/47.8GB
timesteps=9285568 | env_steps/sec=218.0 | episodes/sec=4.35 | gpu_util_mean=0% gpu_util_max=0% | gpu_mem_mean=2.3/47.8GB
timesteps=9286656 | env_steps/sec=209.3 | episodes/sec=3.27 | gpu_util_mean=0% gpu_util_max=1% | gpu_mem_mean=2.3/47.8GB
timesteps=9287680 | env_steps/sec=203.7 | episodes/sec=2.78 | gpu_util_mean=0% gpu_util_max=0% | gpu_mem_mean=2.3/47.8GB
timesteps=9288768 | env_steps/sec=210.1 | episodes/sec=3.48 | gpu_util_mean=0% gpu_util_max=0% | gpu_mem_mean=2.3/47.8GB
timesteps=9289856 | env_steps/sec=206.4 | episodes/sec=3.79 | gpu_util_mean=0% gpu_util_max=0% | gpu_mem_mean=2.3/47.8GB
timesteps=9290880 | env_steps/sec=201.5 | episodes/sec=3.54 | gpu_util_mean=0% gpu_util_max=1% | gpu_mem_mean=2.3/47.8GB
timesteps=9291968 | env_steps/sec=206.1 | episodes/sec=2.08 | gpu_util_mean=0% gpu_util_max=0% | gpu_mem_mean=2.3/47.8GB
timesteps=9293056 | env_steps/sec=205.5 | episodes/sec=4.15 | gpu_util_mean=0% gpu_util_max=1% | gpu_mem_mean=2.3/47.8GB
timesteps=9294144 | env_steps/sec=206.2 | episodes/sec=3.22 | gpu_util_mean=0% gpu_util_max=0% | gpu_mem_mean=2.3/47.8GB
timesteps=9295232 | env_steps/sec=205.8 | episodes/sec=3.59 | gpu_util_mean=0% gpu_util_max=0% | gpu_mem_mean=2.3/47.8GB
timesteps=9296320 | env_steps/sec=210.0 | episodes/sec=2.12 | gpu_util_mean=0% gpu_util_max=1% | gpu_mem_mean=2.3/47.8GB
timesteps=9297408 | env_steps/sec=214.2 | episodes/sec=4.72 | gpu_util_mean=0% gpu_util_max=1% | gpu_mem_mean=2.3/47.8GB
timesteps=9298496 | env_steps/sec=214.9 | episodes/sec=2.96 | gpu_util_mean=17% gpu_util_max=34% | gpu_mem_mean=2.3/47.8GB
timesteps=9299584 | env_steps/sec=206.8 | episodes/sec=3.04 | gpu_util_mean=1% gpu_util_max=1% | gpu_mem_mean=2.3/47.8GB
timesteps=9300672 | env_steps/sec=211.5 | episodes/sec=3.11 | gpu_util_mean=0% gpu_util_max=0% | gpu_mem_mean=2.3/47.8GB
timesteps=9301760 | env_steps/sec=213.4 | episodes/sec=4.12 | gpu_util_mean=0% gpu_util_max=1% | gpu_mem_mean=2.3/47.8GB
timesteps=9302848 | env_steps/sec=205.6 | episodes/sec=3.02 | gpu_util_mean=0% gpu_util_max=0% | gpu_mem_mean=2.3/47.8GB
timesteps=9303936 | env_steps/sec=209.8 | episodes/sec=2.89 | gpu_util_mean=0% gpu_util_max=1% | gpu_mem_mean=2.3/47.8GB
timesteps=9305024 | env_steps/sec=211.5 | episodes/sec=4.28 | gpu_util_mean=0% gpu_util_max=0% | gpu_mem_mean=2.3/47.8GB
timesteps=9306112 | env_steps/sec=212.6 | episodes/sec=3.71 | gpu_util_mean=0% gpu_util_max=1% | gpu_mem_mean=2.3/47.8GB
------------------------------------------------------
| gpu/                                 |             |
|    gpu_count                         | 2           |
|    gpu_mem_total_gb_mean             | 47.8        |
|    gpu_mem_used_gb_mean              | 2.33        |
|    gpu_util_pct_max                  | 1           |
|    gpu_util_pct_mean                 | 0.5         |
| profile/                             |             |
|    hard/damage_mean                  | 0.351       |
|    hard/defense_damage_pct_mean      | 0.355       |
|    hard/defense_damage_reward_mean   | 0.0425      |
|    hard/defense_destroy_reward_mean  | 0.012       |
|    hard/defenses_destroyed_mean      | 2.41        |
|    hard/ep_len_mean                  | 60.9        |
|    hard/ep_rew_mean                  | 0.685       |
|    hard/episodes_window              | 200         |
|    hard/freeze_casts_mean            | 2           |
|    hard/freeze_effect_reward_mean    | 0.0745      |
|    hard/frozen_threat_damage_pct_... | 0.0659      |
|    hard/frozen_threat_ticks_mean     | 62.3        |
|    hard/objective_shaping_reward_... | 0.0773      |
|    hard/p_all_spells_used            | 1           |
|    hard/p_damage_ge_90               | 0           |
|    hard/p_stars_ge_2                 | 0.09        |
|    hard/rage_bonus_damage_pct_mean   | 0.00905     |
|    hard/rage_bonus_defense_damage... | 0.00608     |
|    hard/rage_bonus_townhall_damag... | 0.0117      |
|    hard/rage_casts_mean              | 2           |
|    hard/rage_effect_reward_mean      | 0.00317     |
|    hard/score_mean                   | 0.591       |
|    hard/spell_casts_mean             | 4           |
|    hard/spell_shaping_reward_mean    | 0.0776      |
|    hard/spells_remaining_mean        | 0           |
|    hard/stars_mean                   | 0.24        |
|    hard/ticks_mean                   | 605         |
|    hard/townhall_damage_pct_mean     | 0.167       |
|    hard/townhall_damage_reward_mean  | 0.0167      |
|    hard/townhall_destroy_reward_mean | 0.006       |
|    hard/townhall_destroyed_rate      | 0.12        |
|    hard/truncated_rate               | 0.005       |
|    hard/unused_spell_penalty_mean    | 0           |
|    hard/useful_freeze_casts_mean     | 2           |
|    hard/useful_rage_casts_mean       | 2           |
|    hard/wasted_spell_casts_mean      | 0           |
|    hard/wasted_spell_penalty_mean    | 0           |
|    medium/damage_mean                | 0.843       |
|    medium/defense_damage_pct_mean    | 0.8         |
|    medium/defense_damage_reward_mean | 0.096       |
|    medium/defense_destroy_reward_... | 0.0189      |
|    medium/defenses_destroyed_mean    | 3.79        |
|    medium/ep_len_mean                | 68.3        |
|    medium/ep_rew_mean                | 3.29        |
|    medium/episodes_window            | 200         |
|    medium/freeze_casts_mean          | 1.94        |
|    medium/freeze_effect_reward_mean  | 0.0537      |
|    medium/frozen_threat_damage_pc... | 0.0475      |
|    medium/frozen_threat_ticks_mean   | 40.7        |
|    medium/objective_shaping_rewar... | 0.246       |
|    medium/p_all_spells_used          | 0.945       |
|    medium/p_damage_ge_90             | 0.54        |
|    medium/p_stars_ge_2               | 0.845       |
|    medium/rage_bonus_damage_pct_mean | 0.0352      |
|    medium/rage_bonus_defense_dama... | 0.0145      |
|    medium/rage_bonus_townhall_dam... | 0.0897      |
|    medium/rage_casts_mean            | 1.97        |
|    medium/rage_effect_reward_mean    | 0.0123      |
|    medium/score_mean                 | 3.05        |
|    medium/spell_casts_mean           | 3.9         |
|    medium/spell_shaping_reward_mean  | 0.0632      |
|    medium/spells_remaining_mean      | 0.095       |
|    medium/stars_mean                 | 2.21        |
|    medium/ticks_mean                 | 679         |
|    medium/townhall_damage_pct_mean   | 0.883       |
|    medium/townhall_damage_reward_... | 0.0883      |
|    medium/townhall_destroy_reward... | 0.0427      |
|    medium/townhall_destroyed_rate    | 0.855       |
|    medium/truncated_rate             | 0.08        |
|    medium/unused_spell_penalty_mean  | 0.00285     |
|    medium/useful_freeze_casts_mean   | 1.94        |
|    medium/useful_rage_casts_mean     | 1.97        |
|    medium/wasted_spell_casts_mean    | 0           |
|    medium/wasted_spell_penalty_mean  | 0           |
| rollout/                             |             |
|    ep_len_mean                       | 61.8        |
|    ep_rew_mean                       | 1.28        |
| throughput/                          |             |
|    env_steps_per_sec                 | 213         |
|    episodes_per_sec                  | 3.71        |
| time/                                |             |
|    fps                               | 206         |
|    iterations                        | 39          |
|    time_elapsed                      | 6193        |
|    total_timesteps                   | 9306112     |
| train/                               |             |
|    approx_kl                         | 0.008827629 |
|    clip_fraction                     | 0.0504      |
|    clip_range                        | 0.2         |
|    entropy_loss                      | -4.06       |
|    explained_variance                | 0.907       |
|    learning_rate                     | 0.0001      |
|    loss                              | -0.0348     |
|    n_updates                         | 2830        |
|    policy_gradient_loss              | -0.0134     |
|    value_loss                        | 0.0632      |
------------------------------------------------------
timesteps=9306176 | env_steps/sec=12.7 | episodes/sec=0.20 | gpu_util_mean=9% gpu_util_max=18% | gpu_mem_mean=2.3/47.8GB
timesteps=9307264 | env_steps/sec=206.3 | episodes/sec=2.65 | gpu_util_mean=0% gpu_util_max=1% | gpu_mem_mean=2.3/47.8GB
timesteps=9308416 | env_steps/sec=218.4 | episodes/sec=3.41 | gpu_util_mean=0% gpu_util_max=1% | gpu_mem_mean=2.3/47.8GB
timesteps=9309504 | env_steps/sec=217.0 | episodes/sec=3.59 | gpu_util_mean=0% gpu_util_max=1% | gpu_mem_mean=2.3/47.8GB
timesteps=9310656 | env_steps/sec=219.8 | episodes/sec=3.63 | gpu_util_mean=0% gpu_util_max=0% | gpu_mem_mean=2.3/47.8GB
timesteps=9311744 | env_steps/sec=211.0 | episodes/sec=2.71 | gpu_util_mean=1% gpu_util_max=1% | gpu_mem_mean=2.3/47.8GB
timesteps=9312832 | env_steps/sec=211.4 | episodes/sec=3.69 | gpu_util_mean=0% gpu_util_max=1% | gpu_mem_mean=2.3/47.8GB
timesteps=9313920 | env_steps/sec=212.7 | episodes/sec=3.32 | gpu_util_mean=0% gpu_util_max=1% | gpu_mem_mean=2.3/47.8GB
timesteps=9315008 | env_steps/sec=212.5 | episodes/sec=2.54 | gpu_util_mean=0% gpu_util_max=1% | gpu_mem_mean=2.3/47.8GB
timesteps=9316096 | env_steps/sec=210.4 | episodes/sec=4.45 | gpu_util_mean=0% gpu_util_max=1% | gpu_mem_mean=2.3/47.8GB
timesteps=9317248 | env_steps/sec=219.4 | episodes/sec=2.48 | gpu_util_mean=0% gpu_util_max=0% | gpu_mem_mean=2.3/47.8GB
timesteps=9318272 | env_steps/sec=203.2 | episodes/sec=3.97 | gpu_util_mean=0% gpu_util_max=0% | gpu_mem_mean=2.3/47.8GB
timesteps=9319360 | env_steps/sec=211.5 | episodes/sec=3.11 | gpu_util_mean=0% gpu_util_max=1% | gpu_mem_mean=2.3/47.8GB
timesteps=9320512 | env_steps/sec=228.5 | episodes/sec=2.78 | gpu_util_mean=0% gpu_util_max=1% | gpu_mem_mean=2.3/47.8GB
timesteps=9321664 | env_steps/sec=219.0 | episodes/sec=4.18 | gpu_util_mean=0% gpu_util_max=1% | gpu_mem_mean=2.3/47.8GB
timesteps=9322752 | env_steps/sec=207.6 | episodes/sec=3.43 | gpu_util_mean=0% gpu_util_max=0% | gpu_mem_mean=2.3/47.8GB
timesteps=9323776 | env_steps/sec=201.3 | episodes/sec=3.14 | gpu_util_mean=0% gpu_util_max=1% | gpu_mem_mean=2.3/47.8GB
timesteps=9324800 | env_steps/sec=204.4 | episodes/sec=2.59 | gpu_util_mean=0% gpu_util_max=0% | gpu_mem_mean=2.3/47.8GB
timesteps=9325888 | env_steps/sec=211.5 | episodes/sec=4.08 | gpu_util_mean=0% gpu_util_max=1% | gpu_mem_mean=2.3/47.8GB
timesteps=9326976 | env_steps/sec=215.4 | episodes/sec=3.17 | gpu_util_mean=0% gpu_util_max=0% | gpu_mem_mean=2.3/47.8GB
timesteps=9328064 | env_steps/sec=212.8 | episodes/sec=3.91 | gpu_util_mean=0% gpu_util_max=0% | gpu_mem_mean=2.3/47.8GB
timesteps=9329152 | env_steps/sec=216.8 | episodes/sec=3.19 | gpu_util_mean=0% gpu_util_max=1% | gpu_mem_mean=2.3/47.8GB
timesteps=9330240 | env_steps/sec=212.8 | episodes/sec=3.32 | gpu_util_mean=0% gpu_util_max=0% | gpu_mem_mean=2.3/47.8GB
timesteps=9331392 | env_steps/sec=217.2 | episodes/sec=3.77 | gpu_util_mean=18% gpu_util_max=35% | gpu_mem_mean=2.3/47.8GB
timesteps=9332480 | env_steps/sec=205.5 | episodes/sec=2.64 | gpu_util_mean=0% gpu_util_max=1% | gpu_mem_mean=2.3/47.8GB
timesteps=9333568 | env_steps/sec=215.3 | episodes/sec=4.15 | gpu_util_mean=0% gpu_util_max=1% | gpu_mem_mean=2.3/47.8GB
timesteps=9334592 | env_steps/sec=201.4 | episodes/sec=3.54 | gpu_util_mean=0% gpu_util_max=0% | gpu_mem_mean=2.3/47.8GB
timesteps=9335680 | env_steps/sec=210.1 | episodes/sec=2.90 | gpu_util_mean=1% gpu_util_max=1% | gpu_mem_mean=2.3/47.8GB
timesteps=9336768 | env_steps/sec=212.0 | episodes/sec=3.12 | gpu_util_mean=0% gpu_util_max=0% | gpu_mem_mean=2.3/47.8GB
timesteps=9337792 | env_steps/sec=202.8 | episodes/sec=3.37 | gpu_util_mean=0% gpu_util_max=1% | gpu_mem_mean=2.3/47.8GB
timesteps=9338880 | env_steps/sec=212.2 | episodes/sec=2.93 | gpu_util_mean=0% gpu_util_max=1% | gpu_mem_mean=2.3/47.8GB
------------------------------------------------------
| gpu/                                 |             |
|    gpu_count                         | 2           |
|    gpu_mem_total_gb_mean             | 47.8        |
|    gpu_mem_used_gb_mean              | 2.33        |
|    gpu_util_pct_max                  | 1           |
|    gpu_util_pct_mean                 | 0.5         |
| profile/                             |             |
|    hard/damage_mean                  | 0.347       |
|    hard/defense_damage_pct_mean      | 0.349       |
|    hard/defense_damage_reward_mean   | 0.0418      |
|    hard/defense_destroy_reward_mean  | 0.0119      |
|    hard/defenses_destroyed_mean      | 2.37        |
|    hard/ep_len_mean                  | 61.1        |
|    hard/ep_rew_mean                  | 0.637       |
|    hard/episodes_window              | 200         |
|    hard/freeze_casts_mean            | 2           |
|    hard/freeze_effect_reward_mean    | 0.0751      |
|    hard/frozen_threat_damage_pct_... | 0.0657      |
|    hard/frozen_threat_ticks_mean     | 62.7        |
|    hard/objective_shaping_reward_... | 0.0774      |
|    hard/p_all_spells_used            | 1           |
|    hard/p_damage_ge_90               | 0           |
|    hard/p_stars_ge_2                 | 0.07        |
|    hard/rage_bonus_damage_pct_mean   | 0.0096      |
|    hard/rage_bonus_defense_damage... | 0.00848     |
|    hard/rage_bonus_townhall_damag... | 0.0153      |
|    hard/rage_casts_mean              | 2           |
|    hard/rage_effect_reward_mean      | 0.00336     |
|    hard/score_mean                   | 0.542       |
|    hard/spell_casts_mean             | 4           |
|    hard/spell_shaping_reward_mean    | 0.0785      |
|    hard/spells_remaining_mean        | 0           |
|    hard/stars_mean                   | 0.195       |
|    hard/ticks_mean                   | 607         |
|    hard/townhall_damage_pct_mean     | 0.187       |
|    hard/townhall_damage_reward_mean  | 0.0187      |
|    hard/townhall_destroy_reward_mean | 0.005       |
|    hard/townhall_destroyed_rate      | 0.1         |
|    hard/truncated_rate               | 0.015       |
|    hard/unused_spell_penalty_mean    | 0           |
|    hard/useful_freeze_casts_mean     | 2           |
|    hard/useful_rage_casts_mean       | 2           |
|    hard/wasted_spell_casts_mean      | 0           |
|    hard/wasted_spell_penalty_mean    | 0           |
|    medium/damage_mean                | 0.844       |
|    medium/defense_damage_pct_mean    | 0.786       |
|    medium/defense_damage_reward_mean | 0.0943      |
|    medium/defense_destroy_reward_... | 0.0187      |
|    medium/defenses_destroyed_mean    | 3.73        |
|    medium/ep_len_mean                | 68.8        |
|    medium/ep_rew_mean                | 3.33        |
|    medium/episodes_window            | 200         |
|    medium/freeze_casts_mean          | 1.91        |
|    medium/freeze_effect_reward_mean  | 0.0573      |
|    medium/frozen_threat_damage_pc... | 0.0507      |
|    medium/frozen_threat_ticks_mean   | 43.3        |
|    medium/objective_shaping_rewar... | 0.245       |
|    medium/p_all_spells_used          | 0.935       |
|    medium/p_damage_ge_90             | 0.51        |
|    medium/p_stars_ge_2               | 0.865       |
|    medium/rage_bonus_damage_pct_mean | 0.0346      |
|    medium/rage_bonus_defense_dama... | 0.0159      |
|    medium/rage_bonus_townhall_dam... | 0.0919      |
|    medium/rage_casts_mean            | 1.96        |
|    medium/rage_effect_reward_mean    | 0.0121      |
|    medium/score_mean                 | 3.09        |
|    medium/spell_casts_mean           | 3.87        |
|    medium/spell_shaping_reward_mean  | 0.0653      |
|    medium/spells_remaining_mean      | 0.135       |
|    medium/stars_mean                 | 2.25        |
|    medium/ticks_mean                 | 684         |
|    medium/townhall_damage_pct_mean   | 0.89        |
|    medium/townhall_damage_reward_... | 0.089       |
|    medium/townhall_destroy_reward... | 0.0432      |
|    medium/townhall_destroyed_rate    | 0.865       |
|    medium/truncated_rate             | 0.08        |
|    medium/unused_spell_penalty_mean  | 0.00405     |
|    medium/useful_freeze_casts_mean   | 1.91        |
|    medium/useful_rage_casts_mean     | 1.96        |
|    medium/wasted_spell_casts_mean    | 0           |
|    medium/wasted_spell_penalty_mean  | 0           |
| rollout/                             |             |
|    ep_len_mean                       | 62.2        |
|    ep_rew_mean                       | 1.34        |
| throughput/                          |             |
|    env_steps_per_sec                 | 212         |
|    episodes_per_sec                  | 2.93        |
| time/                                |             |
|    fps                               | 206         |
|    iterations                        | 40          |
|    time_elapsed                      | 6352        |
|    total_timesteps                   | 9338880     |
| train/                               |             |
|    approx_kl                         | 0.007797766 |
|    clip_fraction                     | 0.0433      |
|    clip_range                        | 0.2         |
|    entropy_loss                      | -4.06       |
|    explained_variance                | 0.899       |
|    learning_rate                     | 0.0001      |
|    loss                              | -0.0308     |
|    n_updates                         | 2840        |
|    policy_gradient_loss              | -0.0122     |
|    value_loss                        | 0.0693      |
------------------------------------------------------
timesteps=9338944 | env_steps/sec=12.5 | episodes/sec=0.39 | gpu_util_mean=17% gpu_util_max=34% | gpu_mem_mean=2.3/47.8GB
timesteps=9340032 | env_steps/sec=213.5 | episodes/sec=3.14 | gpu_util_mean=0% gpu_util_max=0% | gpu_mem_mean=2.3/47.8GB
timesteps=9341120 | env_steps/sec=209.6 | episodes/sec=3.27 | gpu_util_mean=0% gpu_util_max=0% | gpu_mem_mean=2.3/47.8GB
timesteps=9342208 | env_steps/sec=209.0 | episodes/sec=3.65 | gpu_util_mean=0% gpu_util_max=0% | gpu_mem_mean=2.3/47.8GB
timesteps=9343296 | env_steps/sec=209.3 | episodes/sec=3.27 | gpu_util_mean=0% gpu_util_max=0% | gpu_mem_mean=2.3/47.8GB
timesteps=9344384 | env_steps/sec=216.1 | episodes/sec=2.98 | gpu_util_mean=0% gpu_util_max=0% | gpu_mem_mean=2.3/47.8GB
timesteps=9345472 | env_steps/sec=208.1 | episodes/sec=3.44 | gpu_util_mean=0% gpu_util_max=1% | gpu_mem_mean=2.3/47.8GB
timesteps=9346560 | env_steps/sec=208.1 | episodes/sec=3.25 | gpu_util_mean=1% gpu_util_max=1% | gpu_mem_mean=2.3/47.8GB
timesteps=9347584 | env_steps/sec=202.6 | episodes/sec=3.56 | gpu_util_mean=1% gpu_util_max=1% | gpu_mem_mean=2.3/47.8GB
timesteps=9348672 | env_steps/sec=208.4 | episodes/sec=2.87 | gpu_util_mean=0% gpu_util_max=0% | gpu_mem_mean=2.3/47.8GB
timesteps=9349760 | env_steps/sec=211.2 | episodes/sec=3.30 | gpu_util_mean=1% gpu_util_max=1% | gpu_mem_mean=2.3/47.8GB
timesteps=9350784 | env_steps/sec=203.6 | episodes/sec=3.58 | gpu_util_mean=0% gpu_util_max=1% | gpu_mem_mean=2.3/47.8GB
timesteps=9351872 | env_steps/sec=209.4 | episodes/sec=3.27 | gpu_util_mean=0% gpu_util_max=0% | gpu_mem_mean=2.3/47.8GB
timesteps=9352960 | env_steps/sec=211.6 | episodes/sec=2.72 | gpu_util_mean=0% gpu_util_max=0% | gpu_mem_mean=2.3/47.8GB
timesteps=9354048 | env_steps/sec=208.1 | episodes/sec=4.21 | gpu_util_mean=0% gpu_util_max=1% | gpu_mem_mean=2.3/47.8GB
timesteps=9355136 | env_steps/sec=210.9 | episodes/sec=2.52 | gpu_util_mean=0% gpu_util_max=1% | gpu_mem_mean=2.3/47.8GB
timesteps=9356288 | env_steps/sec=220.1 | episodes/sec=3.82 | gpu_util_mean=0% gpu_util_max=1% | gpu_mem_mean=2.3/47.8GB
timesteps=9357376 | env_steps/sec=209.9 | episodes/sec=4.25 | gpu_util_mean=0% gpu_util_max=0% | gpu_mem_mean=2.3/47.8GB
timesteps=9358464 | env_steps/sec=206.5 | episodes/sec=2.47 | gpu_util_mean=0% gpu_util_max=1% | gpu_mem_mean=2.3/47.8GB
timesteps=9359488 | env_steps/sec=201.9 | episodes/sec=2.56 | gpu_util_mean=0% gpu_util_max=1% | gpu_mem_mean=2.3/47.8GB
timesteps=9360576 | env_steps/sec=205.5 | episodes/sec=3.97 | gpu_util_mean=0% gpu_util_max=0% | gpu_mem_mean=2.3/47.8GB
timesteps=9361664 | env_steps/sec=212.3 | episodes/sec=4.29 | gpu_util_mean=0% gpu_util_max=1% | gpu_mem_mean=2.3/47.8GB
timesteps=9362752 | env_steps/sec=208.9 | episodes/sec=2.11 | gpu_util_mean=0% gpu_util_max=1% | gpu_mem_mean=2.3/47.8GB
timesteps=9363840 | env_steps/sec=205.9 | episodes/sec=3.03 | gpu_util_mean=0% gpu_util_max=0% | gpu_mem_mean=2.3/47.8GB
timesteps=9364992 | env_steps/sec=222.5 | episodes/sec=4.44 | gpu_util_mean=18% gpu_util_max=35% | gpu_mem_mean=2.3/47.8GB
timesteps=9366080 | env_steps/sec=214.3 | episodes/sec=3.35 | gpu_util_mean=0% gpu_util_max=1% | gpu_mem_mean=2.3/47.8GB
timesteps=9367168 | env_steps/sec=208.2 | episodes/sec=3.06 | gpu_util_mean=0% gpu_util_max=0% | gpu_mem_mean=2.3/47.8GB
timesteps=9368256 | env_steps/sec=211.9 | episodes/sec=2.14 | gpu_util_mean=0% gpu_util_max=0% | gpu_mem_mean=2.3/47.8GB
timesteps=9369344 | env_steps/sec=210.0 | episodes/sec=5.21 | gpu_util_mean=0% gpu_util_max=0% | gpu_mem_mean=2.3/47.8GB
timesteps=9370368 | env_steps/sec=201.2 | episodes/sec=2.55 | gpu_util_mean=1% gpu_util_max=1% | gpu_mem_mean=2.3/47.8GB
timesteps=9371392 | env_steps/sec=204.3 | episodes/sec=2.99 | gpu_util_mean=0% gpu_util_max=1% | gpu_mem_mean=2.3/47.8GB
------------------------------------------------------
| gpu/                                 |             |
|    gpu_count                         | 2           |
|    gpu_mem_total_gb_mean             | 47.8        |
|    gpu_mem_used_gb_mean              | 2.33        |
|    gpu_util_pct_max                  | 1           |
|    gpu_util_pct_mean                 | 0.5         |
| profile/                             |             |
|    hard/damage_mean                  | 0.354       |
|    hard/defense_damage_pct_mean      | 0.356       |
|    hard/defense_damage_reward_mean   | 0.0427      |
|    hard/defense_destroy_reward_mean  | 0.0124      |
|    hard/defenses_destroyed_mean      | 2.48        |
|    hard/ep_len_mean                  | 61.1        |
|    hard/ep_rew_mean                  | 0.656       |
|    hard/episodes_window              | 200         |
|    hard/freeze_casts_mean            | 2           |
|    hard/freeze_effect_reward_mean    | 0.0741      |
|    hard/frozen_threat_damage_pct_... | 0.0661      |
|    hard/frozen_threat_ticks_mean     | 62.5        |
|    hard/objective_shaping_reward_... | 0.0798      |
|    hard/p_all_spells_used            | 0.995       |
|    hard/p_damage_ge_90               | 0           |
|    hard/p_stars_ge_2                 | 0.065       |
|    hard/rage_bonus_damage_pct_mean   | 0.00944     |
|    hard/rage_bonus_defense_damage... | 0.00694     |
|    hard/rage_bonus_townhall_damag... | 0.0145      |
|    hard/rage_casts_mean              | 2           |
|    hard/rage_effect_reward_mean      | 0.0033      |
|    hard/score_mean                   | 0.559       |
|    hard/spell_casts_mean             | 4           |
|    hard/spell_shaping_reward_mean    | 0.0773      |
|    hard/spells_remaining_mean        | 0.005       |
|    hard/stars_mean                   | 0.205       |
|    hard/ticks_mean                   | 606         |
|    hard/townhall_damage_pct_mean     | 0.183       |
|    hard/townhall_damage_reward_mean  | 0.0183      |
|    hard/townhall_destroy_reward_mean | 0.0065      |
|    hard/townhall_destroyed_rate      | 0.13        |
|    hard/truncated_rate               | 0.005       |
|    hard/unused_spell_penalty_mean    | 0.00015     |
|    hard/useful_freeze_casts_mean     | 2           |
|    hard/useful_rage_casts_mean       | 2           |
|    hard/wasted_spell_casts_mean      | 0           |
|    hard/wasted_spell_penalty_mean    | 0           |
|    medium/damage_mean                | 0.848       |
|    medium/defense_damage_pct_mean    | 0.787       |
|    medium/defense_damage_reward_mean | 0.0944      |
|    medium/defense_destroy_reward_... | 0.0186      |
|    medium/defenses_destroyed_mean    | 3.71        |
|    medium/ep_len_mean                | 69.3        |
|    medium/ep_rew_mean                | 3.33        |
|    medium/episodes_window            | 200         |
|    medium/freeze_casts_mean          | 1.91        |
|    medium/freeze_effect_reward_mean  | 0.0571      |
|    medium/frozen_threat_damage_pc... | 0.0504      |
|    medium/frozen_threat_ticks_mean   | 43.3        |
|    medium/objective_shaping_rewar... | 0.247       |
|    medium/p_all_spells_used          | 0.94        |
|    medium/p_damage_ge_90             | 0.525       |
|    medium/p_stars_ge_2               | 0.88        |
|    medium/rage_bonus_damage_pct_mean | 0.0336      |
|    medium/rage_bonus_defense_dama... | 0.0155      |
|    medium/rage_bonus_townhall_dam... | 0.0882      |
|    medium/rage_casts_mean            | 1.97        |
|    medium/rage_effect_reward_mean    | 0.0117      |
|    medium/score_mean                 | 3.09        |
|    medium/spell_casts_mean           | 3.88        |
|    medium/spell_shaping_reward_mean  | 0.0652      |
|    medium/spells_remaining_mean      | 0.12        |
|    medium/stars_mean                 | 2.24        |
|    medium/ticks_mean                 | 690         |
|    medium/townhall_damage_pct_mean   | 0.897       |
|    medium/townhall_damage_reward_... | 0.0897      |
|    medium/townhall_destroy_reward... | 0.044       |
|    medium/townhall_destroyed_rate    | 0.88        |
|    medium/truncated_rate             | 0.09        |
|    medium/unused_spell_penalty_mean  | 0.0036      |
|    medium/useful_freeze_casts_mean   | 1.91        |
|    medium/useful_rage_casts_mean     | 1.97        |
|    medium/wasted_spell_casts_mean    | 0           |
|    medium/wasted_spell_penalty_mean  | 0           |
| rollout/                             |             |
|    ep_len_mean                       | 63.2        |
|    ep_rew_mean                       | 1.16        |
| throughput/                          |             |
|    env_steps_per_sec                 | 204         |
|    episodes_per_sec                  | 2.99        |
| time/                                |             |
|    fps                               | 206         |
|    iterations                        | 41          |
|    time_elapsed                      | 6513        |
|    total_timesteps                   | 9371648     |
| train/                               |             |
|    approx_kl                         | 0.008354711 |
|    clip_fraction                     | 0.0415      |
|    clip_range                        | 0.2         |
|    entropy_loss                      | -4.03       |
|    explained_variance                | 0.907       |
|    learning_rate                     | 0.0001      |
|    loss                              | -0.0295     |
|    n_updates                         | 2850        |
|    policy_gradient_loss              | -0.012      |
|    value_loss                        | 0.0657      |
------------------------------------------------------
timesteps=9371712 | env_steps/sec=51.8 | episodes/sec=0.81 | gpu_util_mean=16% gpu_util_max=31% | gpu_mem_mean=2.3/47.8GB
timesteps=9372800 | env_steps/sec=205.7 | episodes/sec=3.59 | gpu_util_mean=0% gpu_util_max=0% | gpu_mem_mean=2.3/47.8GB
timesteps=9373888 | env_steps/sec=207.1 | episodes/sec=2.85 | gpu_util_mean=0% gpu_util_max=1% | gpu_mem_mean=2.3/47.8GB
timesteps=9374976 | env_steps/sec=213.9 | episodes/sec=3.34 | gpu_util_mean=0% gpu_util_max=0% | gpu_mem_mean=2.3/47.8GB
timesteps=9376064 | env_steps/sec=214.4 | episodes/sec=2.96 | gpu_util_mean=0% gpu_util_max=1% | gpu_mem_mean=2.3/47.8GB
timesteps=9377152 | env_steps/sec=211.5 | episodes/sec=4.28 | gpu_util_mean=0% gpu_util_max=0% | gpu_mem_mean=2.3/47.8GB
timesteps=9378240 | env_steps/sec=207.4 | episodes/sec=2.48 | gpu_util_mean=0% gpu_util_max=1% | gpu_mem_mean=2.3/47.8GB
timesteps=9379328 | env_steps/sec=210.8 | episodes/sec=3.68 | gpu_util_mean=0% gpu_util_max=0% | gpu_mem_mean=2.3/47.8GB
timesteps=9380416 | env_steps/sec=205.5 | episodes/sec=3.02 | gpu_util_mean=0% gpu_util_max=1% | gpu_mem_mean=2.3/47.8GB
timesteps=9381504 | env_steps/sec=214.8 | episodes/sec=3.36 | gpu_util_mean=0% gpu_util_max=0% | gpu_mem_mean=2.3/47.8GB
timesteps=9382592 | env_steps/sec=207.4 | episodes/sec=3.81 | gpu_util_mean=0% gpu_util_max=1% | gpu_mem_mean=2.3/47.8GB
timesteps=9383616 | env_steps/sec=202.6 | episodes/sec=1.98 | gpu_util_mean=0% gpu_util_max=0% | gpu_mem_mean=2.3/47.8GB
timesteps=9384704 | env_steps/sec=211.6 | episodes/sec=3.89 | gpu_util_mean=0% gpu_util_max=1% | gpu_mem_mean=2.3/47.8GB
timesteps=9385856 | env_steps/sec=218.8 | episodes/sec=3.42 | gpu_util_mean=0% gpu_util_max=0% | gpu_mem_mean=2.3/47.8GB
timesteps=9386944 | env_steps/sec=210.4 | episodes/sec=3.29 | gpu_util_mean=0% gpu_util_max=1% | gpu_mem_mean=2.3/47.8GB
timesteps=9388032 | env_steps/sec=210.3 | episodes/sec=3.87 | gpu_util_mean=0% gpu_util_max=1% | gpu_mem_mean=2.3/47.8GB
timesteps=9389120 | env_steps/sec=209.5 | episodes/sec=2.50 | gpu_util_mean=0% gpu_util_max=0% | gpu_mem_mean=2.3/47.8GB
timesteps=9390208 | env_steps/sec=211.5 | episodes/sec=3.30 | gpu_util_mean=1% gpu_util_max=1% | gpu_mem_mean=2.3/47.8GB
timesteps=9391424 | env_steps/sec=234.4 | episodes/sec=4.05 | gpu_util_mean=0% gpu_util_max=0% | gpu_mem_mean=2.3/47.8GB
timesteps=9392576 | env_steps/sec=216.8 | episodes/sec=3.58 | gpu_util_mean=1% gpu_util_max=1% | gpu_mem_mean=2.3/47.8GB
timesteps=9393664 | env_steps/sec=209.2 | episodes/sec=3.46 | gpu_util_mean=0% gpu_util_max=1% | gpu_mem_mean=2.3/47.8GB
timesteps=9394752 | env_steps/sec=210.8 | episodes/sec=3.10 | gpu_util_mean=0% gpu_util_max=0% | gpu_mem_mean=2.3/47.8GB
timesteps=9395840 | env_steps/sec=207.1 | episodes/sec=3.81 | gpu_util_mean=0% gpu_util_max=1% | gpu_mem_mean=2.3/47.8GB
timesteps=9396928 | env_steps/sec=208.4 | episodes/sec=2.49 | gpu_util_mean=0% gpu_util_max=0% | gpu_mem_mean=2.3/47.8GB
timesteps=9398016 | env_steps/sec=216.5 | episodes/sec=3.78 | gpu_util_mean=18% gpu_util_max=35% | gpu_mem_mean=2.3/47.8GB
timesteps=9399104 | env_steps/sec=217.0 | episodes/sec=2.79 | gpu_util_mean=0% gpu_util_max=0% | gpu_mem_mean=2.3/47.8GB
timesteps=9400192 | env_steps/sec=211.3 | episodes/sec=4.27 | gpu_util_mean=0% gpu_util_max=0% | gpu_mem_mean=2.3/47.8GB
timesteps=9401280 | env_steps/sec=207.5 | episodes/sec=2.48 | gpu_util_mean=1% gpu_util_max=1% | gpu_mem_mean=2.3/47.8GB
timesteps=9402368 | env_steps/sec=209.7 | episodes/sec=2.89 | gpu_util_mean=0% gpu_util_max=0% | gpu_mem_mean=2.3/47.8GB
timesteps=9403520 | env_steps/sec=217.5 | episodes/sec=5.10 | gpu_util_mean=0% gpu_util_max=0% | gpu_mem_mean=2.3/47.8GB
------------------------------------------------------
| gpu/                                 |             |
|    gpu_count                         | 2           |
|    gpu_mem_total_gb_mean             | 47.8        |
|    gpu_mem_used_gb_mean              | 2.33        |
|    gpu_util_pct_max                  | 0           |
|    gpu_util_pct_mean                 | 0           |
| profile/                             |             |
|    hard/damage_mean                  | 0.362       |
|    hard/defense_damage_pct_mean      | 0.352       |
|    hard/defense_damage_reward_mean   | 0.0422      |
|    hard/defense_destroy_reward_mean  | 0.0123      |
|    hard/defenses_destroyed_mean      | 2.46        |
|    hard/ep_len_mean                  | 61.3        |
|    hard/ep_rew_mean                  | 0.777       |
|    hard/episodes_window              | 200         |
|    hard/freeze_casts_mean            | 2           |
|    hard/freeze_effect_reward_mean    | 0.0713      |
|    hard/frozen_threat_damage_pct_... | 0.0622      |
|    hard/frozen_threat_ticks_mean     | 59.4        |
|    hard/objective_shaping_reward_... | 0.0856      |
|    hard/p_all_spells_used            | 1           |
|    hard/p_damage_ge_90               | 0           |
|    hard/p_stars_ge_2                 | 0.13        |
|    hard/rage_bonus_damage_pct_mean   | 0.0108      |
|    hard/rage_bonus_defense_damage... | 0.00752     |
|    hard/rage_bonus_townhall_damag... | 0.0202      |
|    hard/rage_casts_mean              | 2           |
|    hard/rage_effect_reward_mean      | 0.00379     |
|    hard/score_mean                   | 0.677       |
|    hard/spell_casts_mean             | 4           |
|    hard/spell_shaping_reward_mean    | 0.0751      |
|    hard/spells_remaining_mean        | 0           |
|    hard/stars_mean                   | 0.315       |
|    hard/ticks_mean                   | 609         |
|    hard/townhall_damage_pct_mean     | 0.226       |
|    hard/townhall_damage_reward_mean  | 0.0226      |
|    hard/townhall_destroy_reward_mean | 0.0085      |
|    hard/townhall_destroyed_rate      | 0.17        |
|    hard/truncated_rate               | 0.005       |
|    hard/unused_spell_penalty_mean    | 0           |
|    hard/useful_freeze_casts_mean     | 2           |
|    hard/useful_rage_casts_mean       | 2           |
|    hard/wasted_spell_casts_mean      | 0           |
|    hard/wasted_spell_penalty_mean    | 0           |
|    medium/damage_mean                | 0.866       |
|    medium/defense_damage_pct_mean    | 0.803       |
|    medium/defense_damage_reward_mean | 0.0964      |
|    medium/defense_destroy_reward_... | 0.0189      |
|    medium/defenses_destroyed_mean    | 3.77        |
|    medium/ep_len_mean                | 70.1        |
|    medium/ep_rew_mean                | 3.37        |
|    medium/episodes_window            | 200         |
|    medium/freeze_casts_mean          | 1.93        |
|    medium/freeze_effect_reward_mean  | 0.0559      |
|    medium/frozen_threat_damage_pc... | 0.049       |
|    medium/frozen_threat_ticks_mean   | 41.8        |
|    medium/objective_shaping_rewar... | 0.252       |
|    medium/p_all_spells_used          | 0.945       |
|    medium/p_damage_ge_90             | 0.59        |
|    medium/p_stars_ge_2               | 0.895       |
|    medium/rage_bonus_damage_pct_mean | 0.0312      |
|    medium/rage_bonus_defense_dama... | 0.0138      |
|    medium/rage_bonus_townhall_dam... | 0.081       |
|    medium/rage_casts_mean            | 1.97        |
|    medium/rage_effect_reward_mean    | 0.0109      |
|    medium/score_mean                 | 3.13        |
|    medium/spell_casts_mean           | 3.9         |
|    medium/spell_shaping_reward_mean  | 0.0637      |
|    medium/spells_remaining_mean      | 0.105       |
|    medium/stars_mean                 | 2.26        |
|    medium/ticks_mean                 | 697         |
|    medium/townhall_damage_pct_mean   | 0.917       |
|    medium/townhall_damage_reward_... | 0.0917      |
|    medium/townhall_destroy_reward... | 0.045       |
|    medium/townhall_destroyed_rate    | 0.9         |
|    medium/truncated_rate             | 0.1         |
|    medium/unused_spell_penalty_mean  | 0.00315     |
|    medium/useful_freeze_casts_mean   | 1.93        |
|    medium/useful_rage_casts_mean     | 1.97        |
|    medium/wasted_spell_casts_mean    | 0           |
|    medium/wasted_spell_penalty_mean  | 0           |
| rollout/                             |             |
|    ep_len_mean                       | 63.8        |
|    ep_rew_mean                       | 1.33        |
| throughput/                          |             |
|    env_steps_per_sec                 | 217         |
|    episodes_per_sec                  | 5.1         |
| time/                                |             |
|    fps                               | 206         |
|    iterations                        | 42          |
|    time_elapsed                      | 6673        |
|    total_timesteps                   | 9404416     |
| train/                               |             |
|    approx_kl                         | 0.008839335 |
|    clip_fraction                     | 0.049       |
|    clip_range                        | 0.2         |
|    entropy_loss                      | -4.02       |
|    explained_variance                | 0.907       |
|    learning_rate                     | 0.0001      |
|    loss                              | -0.0296     |
|    n_updates                         | 2860        |
|    policy_gradient_loss              | -0.0125     |
|    value_loss                        | 0.0658      |
------------------------------------------------------
timesteps=9404480 | env_steps/sec=107.3 | episodes/sec=1.34 | gpu_util_mean=18% gpu_util_max=35% | gpu_mem_mean=2.3/47.8GB
timesteps=9405568 | env_steps/sec=207.1 | episodes/sec=3.24 | gpu_util_mean=1% gpu_util_max=1% | gpu_mem_mean=2.3/47.8GB
timesteps=9406656 | env_steps/sec=210.5 | episodes/sec=1.55 | gpu_util_mean=0% gpu_util_max=1% | gpu_mem_mean=2.3/47.8GB
timesteps=9407744 | env_steps/sec=214.2 | episodes/sec=4.92 | gpu_util_mean=0% gpu_util_max=0% | gpu_mem_mean=2.3/47.8GB
timesteps=9408832 | env_steps/sec=209.8 | episodes/sec=3.08 | gpu_util_mean=1% gpu_util_max=1% | gpu_mem_mean=2.3/47.8GB
timesteps=9409920 | env_steps/sec=206.4 | episodes/sec=3.22 | gpu_util_mean=0% gpu_util_max=1% | gpu_mem_mean=2.3/47.8GB
timesteps=9411008 | env_steps/sec=212.2 | episodes/sec=2.93 | gpu_util_mean=0% gpu_util_max=0% | gpu_mem_mean=2.3/47.8GB
timesteps=9412096 | env_steps/sec=215.6 | episodes/sec=4.36 | gpu_util_mean=0% gpu_util_max=1% | gpu_mem_mean=2.3/47.8GB
timesteps=9413184 | env_steps/sec=207.9 | episodes/sec=2.67 | gpu_util_mean=0% gpu_util_max=1% | gpu_mem_mean=2.3/47.8GB
timesteps=9414208 | env_steps/sec=204.6 | episodes/sec=3.00 | gpu_util_mean=0% gpu_util_max=1% | gpu_mem_mean=2.3/47.8GB
timesteps=9415360 | env_steps/sec=218.0 | episodes/sec=3.78 | gpu_util_mean=0% gpu_util_max=0% | gpu_mem_mean=2.3/47.8GB
timesteps=9416448 | env_steps/sec=211.6 | episodes/sec=3.69 | gpu_util_mean=0% gpu_util_max=0% | gpu_mem_mean=2.3/47.8GB
timesteps=9417536 | env_steps/sec=209.5 | episodes/sec=3.27 | gpu_util_mean=0% gpu_util_max=1% | gpu_mem_mean=2.3/47.8GB
timesteps=9418624 | env_steps/sec=210.1 | episodes/sec=3.67 | gpu_util_mean=0% gpu_util_max=0% | gpu_mem_mean=2.3/47.8GB
timesteps=9419712 | env_steps/sec=214.3 | episodes/sec=2.95 | gpu_util_mean=0% gpu_util_max=0% | gpu_mem_mean=2.3/47.8GB
timesteps=9420800 | env_steps/sec=210.5 | episodes/sec=3.29 | gpu_util_mean=0% gpu_util_max=1% | gpu_mem_mean=2.3/47.8GB
timesteps=9421952 | env_steps/sec=220.2 | episodes/sec=4.59 | gpu_util_mean=0% gpu_util_max=0% | gpu_mem_mean=2.3/47.8GB
timesteps=9423040 | env_steps/sec=207.6 | episodes/sec=1.53 | gpu_util_mean=0% gpu_util_max=1% | gpu_mem_mean=2.3/47.8GB
timesteps=9424128 | env_steps/sec=215.2 | episodes/sec=4.35 | gpu_util_mean=0% gpu_util_max=1% | gpu_mem_mean=2.3/47.8GB
timesteps=9425152 | env_steps/sec=204.7 | episodes/sec=2.40 | gpu_util_mean=0% gpu_util_max=1% | gpu_mem_mean=2.3/47.8GB
timesteps=9426240 | env_steps/sec=212.9 | episodes/sec=4.11 | gpu_util_mean=0% gpu_util_max=0% | gpu_mem_mean=2.3/47.8GB
timesteps=9427392 | env_steps/sec=221.2 | episodes/sec=3.65 | gpu_util_mean=1% gpu_util_max=1% | gpu_mem_mean=2.3/47.8GB
timesteps=9428480 | env_steps/sec=205.9 | episodes/sec=2.84 | gpu_util_mean=0% gpu_util_max=0% | gpu_mem_mean=2.3/47.8GB
timesteps=9429504 | env_steps/sec=201.5 | episodes/sec=3.74 | gpu_util_mean=0% gpu_util_max=1% | gpu_mem_mean=2.3/47.8GB
timesteps=9430528 | env_steps/sec=201.1 | episodes/sec=2.55 | gpu_util_mean=0% gpu_util_max=0% | gpu_mem_mean=2.3/47.8GB
timesteps=9431616 | env_steps/sec=212.9 | episodes/sec=3.72 | gpu_util_mean=17% gpu_util_max=33% | gpu_mem_mean=2.3/47.8GB
timesteps=9432704 | env_steps/sec=210.2 | episodes/sec=2.90 | gpu_util_mean=1% gpu_util_max=1% | gpu_mem_mean=2.3/47.8GB
timesteps=9433792 | env_steps/sec=209.7 | episodes/sec=4.05 | gpu_util_mean=0% gpu_util_max=0% | gpu_mem_mean=2.3/47.8GB
timesteps=9434880 | env_steps/sec=206.9 | episodes/sec=3.04 | gpu_util_mean=0% gpu_util_max=1% | gpu_mem_mean=2.3/47.8GB
timesteps=9435968 | env_steps/sec=206.8 | episodes/sec=3.42 | gpu_util_mean=0% gpu_util_max=1% | gpu_mem_mean=2.3/47.8GB
timesteps=9436992 | env_steps/sec=202.3 | episodes/sec=3.16 | gpu_util_mean=0% gpu_util_max=1% | gpu_mem_mean=2.3/47.8GB
------------------------------------------------------
| gpu/                                 |             |
|    gpu_count                         | 2           |
|    gpu_mem_total_gb_mean             | 47.8        |
|    gpu_mem_used_gb_mean              | 2.33        |
|    gpu_util_pct_max                  | 1           |
|    gpu_util_pct_mean                 | 0.5         |
| profile/                             |             |
|    hard/damage_mean                  | 0.354       |
|    hard/defense_damage_pct_mean      | 0.346       |
|    hard/defense_damage_reward_mean   | 0.0415      |
|    hard/defense_destroy_reward_mean  | 0.0119      |
|    hard/defenses_destroyed_mean      | 2.38        |
|    hard/ep_len_mean                  | 61          |
|    hard/ep_rew_mean                  | 0.664       |
|    hard/episodes_window              | 200         |
|    hard/freeze_casts_mean            | 2           |
|    hard/freeze_effect_reward_mean    | 0.0718      |
|    hard/frozen_threat_damage_pct_... | 0.0619      |
|    hard/frozen_threat_ticks_mean     | 59.9        |
|    hard/objective_shaping_reward_... | 0.0857      |
|    hard/p_all_spells_used            | 0.99        |
|    hard/p_damage_ge_90               | 0           |
|    hard/p_stars_ge_2                 | 0.055       |
|    hard/rage_bonus_damage_pct_mean   | 0.0106      |
|    hard/rage_bonus_defense_damage... | 0.00683     |
|    hard/rage_bonus_townhall_damag... | 0.0264      |
|    hard/rage_casts_mean              | 1.99        |
|    hard/rage_effect_reward_mean      | 0.0037      |
|    hard/score_mean                   | 0.564       |
|    hard/spell_casts_mean             | 3.98        |
|    hard/spell_shaping_reward_mean    | 0.075       |
|    hard/spells_remaining_mean        | 0.015       |
|    hard/stars_mean                   | 0.21        |
|    hard/ticks_mean                   | 605         |
|    hard/townhall_damage_pct_mean     | 0.252       |
|    hard/townhall_damage_reward_mean  | 0.0252      |
|    hard/townhall_destroy_reward_mean | 0.007       |
|    hard/townhall_destroyed_rate      | 0.14        |
|    hard/truncated_rate               | 0.01        |
|    hard/unused_spell_penalty_mean    | 0.00045     |
|    hard/useful_freeze_casts_mean     | 2           |
|    hard/useful_rage_casts_mean       | 1.99        |
|    hard/wasted_spell_casts_mean      | 0           |
|    hard/wasted_spell_penalty_mean    | 0           |
|    medium/damage_mean                | 0.871       |
|    medium/defense_damage_pct_mean    | 0.82        |
|    medium/defense_damage_reward_mean | 0.0984      |
|    medium/defense_destroy_reward_... | 0.0194      |
|    medium/defenses_destroyed_mean    | 3.88        |
|    medium/ep_len_mean                | 69.9        |
|    medium/ep_rew_mean                | 3.39        |
|    medium/episodes_window            | 200         |
|    medium/freeze_casts_mean          | 1.9         |
|    medium/freeze_effect_reward_mean  | 0.0547      |
|    medium/frozen_threat_damage_pc... | 0.0478      |
|    medium/frozen_threat_ticks_mean   | 41.3        |
|    medium/objective_shaping_rewar... | 0.254       |
|    medium/p_all_spells_used          | 0.925       |
|    medium/p_damage_ge_90             | 0.585       |
|    medium/p_stars_ge_2               | 0.88        |
|    medium/rage_bonus_damage_pct_mean | 0.033       |
|    medium/rage_bonus_defense_dama... | 0.0141      |
|    medium/rage_bonus_townhall_dam... | 0.0916      |
|    medium/rage_casts_mean            | 1.97        |
|    medium/rage_effect_reward_mean    | 0.0115      |
|    medium/score_mean                 | 3.14        |
|    medium/spell_casts_mean           | 3.87        |
|    medium/spell_shaping_reward_mean  | 0.0622      |
|    medium/spells_remaining_mean      | 0.135       |
|    medium/stars_mean                 | 2.27        |
|    medium/ticks_mean                 | 695         |
|    medium/townhall_damage_pct_mean   | 0.915       |
|    medium/townhall_damage_reward_... | 0.0915      |
|    medium/townhall_destroy_reward... | 0.0445      |
|    medium/townhall_destroyed_rate    | 0.89        |
|    medium/truncated_rate             | 0.125       |
|    medium/unused_spell_penalty_mean  | 0.00405     |
|    medium/useful_freeze_casts_mean   | 1.9         |
|    medium/useful_rage_casts_mean     | 1.97        |
|    medium/wasted_spell_casts_mean    | 0           |
|    medium/wasted_spell_penalty_mean  | 0           |
| rollout/                             |             |
|    ep_len_mean                       | 62.5        |
|    ep_rew_mean                       | 1.28        |
| throughput/                          |             |
|    env_steps_per_sec                 | 202         |
|    episodes_per_sec                  | 3.16        |
| time/                                |             |
|    fps                               | 206         |
|    iterations                        | 43          |
|    time_elapsed                      | 6833        |
|    total_timesteps                   | 9437184     |
| train/                               |             |
|    approx_kl                         | 0.007961049 |
|    clip_fraction                     | 0.04        |
|    clip_range                        | 0.2         |
|    entropy_loss                      | -3.98       |
|    explained_variance                | 0.909       |
|    learning_rate                     | 0.0001      |
|    loss                              | -0.0286     |
|    n_updates                         | 2870        |
|    policy_gradient_loss              | -0.012      |
|    value_loss                        | 0.067       |
------------------------------------------------------
timesteps=9437248 | env_steps/sec=43.2 | episodes/sec=0.68 | gpu_util_mean=19% gpu_util_max=37% | gpu_mem_mean=2.3/47.8GB
timesteps=9438272 | env_steps/sec=203.2 | episodes/sec=3.17 | gpu_util_mean=0% gpu_util_max=0% | gpu_mem_mean=2.3/47.8GB
timesteps=9439360 | env_steps/sec=208.8 | episodes/sec=3.07 | gpu_util_mean=0% gpu_util_max=1% | gpu_mem_mean=2.3/47.8GB
timesteps=9440384 | env_steps/sec=201.8 | episodes/sec=2.76 | gpu_util_mean=0% gpu_util_max=0% | gpu_mem_mean=2.3/47.8GB
timesteps=9441472 | env_steps/sec=217.1 | episodes/sec=3.79 | gpu_util_mean=0% gpu_util_max=0% | gpu_mem_mean=2.3/47.8GB
timesteps=9442624 | env_steps/sec=219.3 | episodes/sec=3.05 | gpu_util_mean=0% gpu_util_max=1% | gpu_mem_mean=2.3/47.8GB
timesteps=9443776 | env_steps/sec=218.8 | episodes/sec=4.56 | gpu_util_mean=0% gpu_util_max=0% | gpu_mem_mean=2.3/47.8GB
timesteps=9444864 | env_steps/sec=208.7 | episodes/sec=2.11 | gpu_util_mean=0% gpu_util_max=0% | gpu_mem_mean=2.3/47.8GB
timesteps=9445952 | env_steps/sec=211.5 | episodes/sec=3.31 | gpu_util_mean=0% gpu_util_max=0% | gpu_mem_mean=2.3/47.8GB
timesteps=9447040 | env_steps/sec=207.3 | episodes/sec=4.00 | gpu_util_mean=0% gpu_util_max=0% | gpu_mem_mean=2.3/47.8GB
timesteps=9448192 | env_steps/sec=220.1 | episodes/sec=2.87 | gpu_util_mean=0% gpu_util_max=1% | gpu_mem_mean=2.3/47.8GB
timesteps=9449280 | env_steps/sec=209.8 | episodes/sec=3.09 | gpu_util_mean=0% gpu_util_max=1% | gpu_mem_mean=2.3/47.8GB
timesteps=9450368 | env_steps/sec=206.6 | episodes/sec=3.23 | gpu_util_mean=0% gpu_util_max=0% | gpu_mem_mean=2.3/47.8GB
timesteps=9451456 | env_steps/sec=211.0 | episodes/sec=3.30 | gpu_util_mean=0% gpu_util_max=1% | gpu_mem_mean=2.3/47.8GB
timesteps=9452544 | env_steps/sec=209.2 | episodes/sec=4.04 | gpu_util_mean=0% gpu_util_max=1% | gpu_mem_mean=2.3/47.8GB
timesteps=9453632 | env_steps/sec=214.5 | episodes/sec=2.17 | gpu_util_mean=0% gpu_util_max=1% | gpu_mem_mean=2.3/47.8GB
timesteps=9454720 | env_steps/sec=206.5 | episodes/sec=3.80 | gpu_util_mean=0% gpu_util_max=1% | gpu_mem_mean=2.3/47.8GB
timesteps=9455808 | env_steps/sec=214.5 | episodes/sec=3.15 | gpu_util_mean=0% gpu_util_max=0% | gpu_mem_mean=2.3/47.8GB
timesteps=9456896 | env_steps/sec=210.1 | episodes/sec=4.05 | gpu_util_mean=0% gpu_util_max=0% | gpu_mem_mean=2.3/47.8GB
timesteps=9457984 | env_steps/sec=208.9 | episodes/sec=2.69 | gpu_util_mean=0% gpu_util_max=1% | gpu_mem_mean=2.3/47.8GB
timesteps=9459072 | env_steps/sec=206.9 | episodes/sec=3.61 | gpu_util_mean=0% gpu_util_max=1% | gpu_mem_mean=2.3/47.8GB
timesteps=9460160 | env_steps/sec=207.2 | episodes/sec=3.62 | gpu_util_mean=0% gpu_util_max=0% | gpu_mem_mean=2.3/47.8GB
timesteps=9461184 | env_steps/sec=201.4 | episodes/sec=2.36 | gpu_util_mean=1% gpu_util_max=1% | gpu_mem_mean=2.3/47.8GB
timesteps=9462336 | env_steps/sec=220.1 | episodes/sec=4.01 | gpu_util_mean=0% gpu_util_max=1% | gpu_mem_mean=2.3/47.8GB
timesteps=9463424 | env_steps/sec=215.5 | episodes/sec=3.56 | gpu_util_mean=0% gpu_util_max=1% | gpu_mem_mean=2.3/47.8GB
timesteps=9464512 | env_steps/sec=212.0 | episodes/sec=3.51 | gpu_util_mean=16% gpu_util_max=33% | gpu_mem_mean=2.3/47.8GB
timesteps=9465600 | env_steps/sec=208.8 | episodes/sec=3.26 | gpu_util_mean=0% gpu_util_max=1% | gpu_mem_mean=2.3/47.8GB
timesteps=9466688 | env_steps/sec=212.7 | episodes/sec=2.15 | gpu_util_mean=0% gpu_util_max=0% | gpu_mem_mean=2.3/47.8GB
timesteps=9467776 | env_steps/sec=214.2 | episodes/sec=5.12 | gpu_util_mean=0% gpu_util_max=0% | gpu_mem_mean=2.3/47.8GB
timesteps=9468800 | env_steps/sec=200.9 | episodes/sec=2.94 | gpu_util_mean=0% gpu_util_max=0% | gpu_mem_mean=2.3/47.8GB
timesteps=9469824 | env_steps/sec=201.0 | episodes/sec=1.96 | gpu_util_mean=0% gpu_util_max=1% | gpu_mem_mean=2.3/47.8GB
------------------------------------------------------
| gpu/                                 |             |
|    gpu_count                         | 2           |
|    gpu_mem_total_gb_mean             | 47.8        |
|    gpu_mem_used_gb_mean              | 2.33        |
|    gpu_util_pct_max                  | 1           |
|    gpu_util_pct_mean                 | 0.5         |
| profile/                             |             |
|    hard/damage_mean                  | 0.353       |
|    hard/defense_damage_pct_mean      | 0.328       |
|    hard/defense_damage_reward_mean   | 0.0393      |
|    hard/defense_destroy_reward_mean  | 0.0114      |
|    hard/defenses_destroyed_mean      | 2.27        |
|    hard/ep_len_mean                  | 61.3        |
|    hard/ep_rew_mean                  | 0.652       |
|    hard/episodes_window              | 200         |
|    hard/freeze_casts_mean            | 2           |
|    hard/freeze_effect_reward_mean    | 0.0743      |
|    hard/frozen_threat_damage_pct_... | 0.0647      |
|    hard/frozen_threat_ticks_mean     | 62.9        |
|    hard/objective_shaping_reward_... | 0.0771      |
|    hard/p_all_spells_used            | 1           |
|    hard/p_damage_ge_90               | 0           |
|    hard/p_stars_ge_2                 | 0.06        |
|    hard/rage_bonus_damage_pct_mean   | 0.00926     |
|    hard/rage_bonus_defense_damage... | 0.00656     |
|    hard/rage_bonus_townhall_damag... | 0.0189      |
|    hard/rage_casts_mean              | 2           |
|    hard/rage_effect_reward_mean      | 0.00324     |
|    hard/score_mean                   | 0.558       |
|    hard/spell_casts_mean             | 4           |
|    hard/spell_shaping_reward_mean    | 0.0775      |
|    hard/spells_remaining_mean        | 0           |
|    hard/stars_mean                   | 0.205       |
|    hard/ticks_mean                   | 608         |
|    hard/townhall_damage_pct_mean     | 0.209       |
|    hard/townhall_damage_reward_mean  | 0.0209      |
|    hard/townhall_destroy_reward_mean | 0.0055      |
|    hard/townhall_destroyed_rate      | 0.11        |
|    hard/truncated_rate               | 0.005       |
|    hard/unused_spell_penalty_mean    | 0           |
|    hard/useful_freeze_casts_mean     | 2           |
|    hard/useful_rage_casts_mean       | 2           |
|    hard/wasted_spell_casts_mean      | 0           |
|    hard/wasted_spell_penalty_mean    | 0           |
|    medium/damage_mean                | 0.853       |
|    medium/defense_damage_pct_mean    | 0.805       |
|    medium/defense_damage_reward_mean | 0.0966      |
|    medium/defense_destroy_reward_... | 0.0189      |
|    medium/defenses_destroyed_mean    | 3.79        |
|    medium/ep_len_mean                | 69.8        |
|    medium/ep_rew_mean                | 3.36        |
|    medium/episodes_window            | 200         |
|    medium/freeze_casts_mean          | 1.94        |
|    medium/freeze_effect_reward_mean  | 0.0581      |
|    medium/frozen_threat_damage_pc... | 0.052       |
|    medium/frozen_threat_ticks_mean   | 45          |
|    medium/objective_shaping_rewar... | 0.253       |
|    medium/p_all_spells_used          | 0.945       |
|    medium/p_damage_ge_90             | 0.535       |
|    medium/p_stars_ge_2               | 0.895       |
|    medium/rage_bonus_damage_pct_mean | 0.0318      |
|    medium/rage_bonus_defense_dama... | 0.0138      |
|    medium/rage_bonus_townhall_dam... | 0.0899      |
|    medium/rage_casts_mean            | 1.98        |
|    medium/rage_effect_reward_mean    | 0.0111      |
|    medium/score_mean                 | 3.11        |
|    medium/spell_casts_mean           | 3.92        |
|    medium/spell_shaping_reward_mean  | 0.0667      |
|    medium/spells_remaining_mean      | 0.085       |
|    medium/stars_mean                 | 2.26        |
|    medium/ticks_mean                 | 694         |
|    medium/townhall_damage_pct_mean   | 0.92        |
|    medium/townhall_damage_reward_... | 0.092       |
|    medium/townhall_destroy_reward... | 0.0453      |
|    medium/townhall_destroyed_rate    | 0.905       |
|    medium/truncated_rate             | 0.145       |
|    medium/unused_spell_penalty_mean  | 0.00255     |
|    medium/useful_freeze_casts_mean   | 1.94        |
|    medium/useful_rage_casts_mean     | 1.98        |
|    medium/wasted_spell_casts_mean    | 0           |
|    medium/wasted_spell_penalty_mean  | 0           |
| rollout/                             |             |
|    ep_len_mean                       | 62.4        |
|    ep_rew_mean                       | 1.23        |
| throughput/                          |             |
|    env_steps_per_sec                 | 201         |
|    episodes_per_sec                  | 1.96        |
| time/                                |             |
|    fps                               | 206         |
|    iterations                        | 44          |
|    time_elapsed                      | 6994        |
|    total_timesteps                   | 9469952     |
| train/                               |             |
|    approx_kl                         | 0.008344507 |
|    clip_fraction                     | 0.0418      |
|    clip_range                        | 0.2         |
|    entropy_loss                      | -4          |
|    explained_variance                | 0.912       |
|    learning_rate                     | 0.0001      |
|    loss                              | -0.0298     |
|    n_updates                         | 2880        |
|    policy_gradient_loss              | -0.0123     |
|    value_loss                        | 0.0619      |
------------------------------------------------------
timesteps=9470016 | env_steps/sec=34.4 | episodes/sec=0.72 | gpu_util_mean=0% gpu_util_max=0% | gpu_mem_mean=2.3/47.8GB
timesteps=9471104 | env_steps/sec=212.6 | episodes/sec=3.52 | gpu_util_mean=0% gpu_util_max=0% | gpu_mem_mean=2.3/47.8GB
timesteps=9472192 | env_steps/sec=215.8 | episodes/sec=4.56 | gpu_util_mean=1% gpu_util_max=1% | gpu_mem_mean=2.3/47.8GB
timesteps=9473280 | env_steps/sec=205.6 | episodes/sec=2.08 | gpu_util_mean=0% gpu_util_max=1% | gpu_mem_mean=2.3/47.8GB
timesteps=9474368 | env_steps/sec=214.2 | episodes/sec=3.74 | gpu_util_mean=0% gpu_util_max=1% | gpu_mem_mean=2.3/47.8GB
timesteps=9475456 | env_steps/sec=217.4 | episodes/sec=3.60 | gpu_util_mean=0% gpu_util_max=1% | gpu_mem_mean=2.3/47.8GB
timesteps=9476544 | env_steps/sec=216.3 | episodes/sec=3.78 | gpu_util_mean=0% gpu_util_max=0% | gpu_mem_mean=2.3/47.8GB
timesteps=9477632 | env_steps/sec=207.9 | episodes/sec=3.25 | gpu_util_mean=0% gpu_util_max=1% | gpu_mem_mean=2.3/47.8GB
timesteps=9478720 | env_steps/sec=208.3 | episodes/sec=2.87 | gpu_util_mean=0% gpu_util_max=1% | gpu_mem_mean=2.3/47.8GB
timesteps=9479808 | env_steps/sec=215.7 | episodes/sec=3.97 | gpu_util_mean=0% gpu_util_max=1% | gpu_mem_mean=2.3/47.8GB
timesteps=9480832 | env_steps/sec=200.5 | episodes/sec=2.15 | gpu_util_mean=1% gpu_util_max=1% | gpu_mem_mean=2.3/47.8GB
timesteps=9481984 | env_steps/sec=219.5 | episodes/sec=3.81 | gpu_util_mean=0% gpu_util_max=0% | gpu_mem_mean=2.3/47.8GB
timesteps=9483072 | env_steps/sec=208.7 | episodes/sec=4.03 | gpu_util_mean=0% gpu_util_max=1% | gpu_mem_mean=2.3/47.8GB
timesteps=9484096 | env_steps/sec=201.5 | episodes/sec=3.54 | gpu_util_mean=0% gpu_util_max=1% | gpu_mem_mean=2.3/47.8GB
timesteps=9485184 | env_steps/sec=208.1 | episodes/sec=2.49 | gpu_util_mean=0% gpu_util_max=0% | gpu_mem_mean=2.3/47.8GB
timesteps=9486272 | env_steps/sec=209.9 | episodes/sec=3.28 | gpu_util_mean=0% gpu_util_max=0% | gpu_mem_mean=2.3/47.8GB
timesteps=9487360 | env_steps/sec=215.1 | episodes/sec=3.76 | gpu_util_mean=1% gpu_util_max=1% | gpu_mem_mean=2.3/47.8GB
timesteps=9488448 | env_steps/sec=206.9 | episodes/sec=2.85 | gpu_util_mean=0% gpu_util_max=1% | gpu_mem_mean=2.3/47.8GB
timesteps=9489536 | env_steps/sec=209.5 | episodes/sec=3.27 | gpu_util_mean=0% gpu_util_max=1% | gpu_mem_mean=2.3/47.8GB
timesteps=9490560 | env_steps/sec=199.6 | episodes/sec=3.51 | gpu_util_mean=1% gpu_util_max=1% | gpu_mem_mean=2.3/47.8GB
timesteps=9491584 | env_steps/sec=202.1 | episodes/sec=3.75 | gpu_util_mean=0% gpu_util_max=1% | gpu_mem_mean=2.3/47.8GB
timesteps=9492608 | env_steps/sec=202.7 | episodes/sec=1.98 | gpu_util_mean=0% gpu_util_max=1% | gpu_mem_mean=2.3/47.8GB
timesteps=9493696 | env_steps/sec=209.0 | episodes/sec=4.42 | gpu_util_mean=0% gpu_util_max=0% | gpu_mem_mean=2.3/47.8GB
timesteps=9494848 | env_steps/sec=219.0 | episodes/sec=3.42 | gpu_util_mean=0% gpu_util_max=1% | gpu_mem_mean=2.3/47.8GB
timesteps=9495936 | env_steps/sec=210.9 | episodes/sec=2.91 | gpu_util_mean=1% gpu_util_max=1% | gpu_mem_mean=2.3/47.8GB
timesteps=9497024 | env_steps/sec=211.1 | episodes/sec=2.91 | gpu_util_mean=0% gpu_util_max=1% | gpu_mem_mean=2.3/47.8GB
timesteps=9498176 | env_steps/sec=227.6 | episodes/sec=3.75 | gpu_util_mean=16% gpu_util_max=32% | gpu_mem_mean=2.3/47.8GB
timesteps=9499264 | env_steps/sec=214.5 | episodes/sec=4.14 | gpu_util_mean=0% gpu_util_max=1% | gpu_mem_mean=2.3/47.8GB
timesteps=9500352 | env_steps/sec=211.0 | episodes/sec=2.33 | gpu_util_mean=0% gpu_util_max=0% | gpu_mem_mean=2.3/47.8GB
timesteps=9501504 | env_steps/sec=219.1 | episodes/sec=3.42 | gpu_util_mean=0% gpu_util_max=0% | gpu_mem_mean=2.3/47.8GB
timesteps=9502592 | env_steps/sec=206.0 | episodes/sec=4.54 | gpu_util_mean=1% gpu_util_max=1% | gpu_mem_mean=2.3/47.8GB
------------------------------------------------------
| gpu/                                 |             |
|    gpu_count                         | 2           |
|    gpu_mem_total_gb_mean             | 47.8        |
|    gpu_mem_used_gb_mean              | 2.33        |
|    gpu_util_pct_max                  | 1           |
|    gpu_util_pct_mean                 | 1           |
| profile/                             |             |
|    hard/damage_mean                  | 0.357       |
|    hard/defense_damage_pct_mean      | 0.343       |
|    hard/defense_damage_reward_mean   | 0.0412      |
|    hard/defense_destroy_reward_mean  | 0.0118      |
|    hard/defenses_destroyed_mean      | 2.35        |
|    hard/ep_len_mean                  | 61          |
|    hard/ep_rew_mean                  | 0.632       |
|    hard/episodes_window              | 200         |
|    hard/freeze_casts_mean            | 2           |
|    hard/freeze_effect_reward_mean    | 0.0726      |
|    hard/frozen_threat_damage_pct_... | 0.0637      |
|    hard/frozen_threat_ticks_mean     | 61.4        |
|    hard/objective_shaping_reward_... | 0.0802      |
|    hard/p_all_spells_used            | 0.99        |
|    hard/p_damage_ge_90               | 0           |
|    hard/p_stars_ge_2                 | 0.05        |
|    hard/rage_bonus_damage_pct_mean   | 0.0104      |
|    hard/rage_bonus_defense_damage... | 0.00672     |
|    hard/rage_bonus_townhall_damag... | 0.0201      |
|    hard/rage_casts_mean              | 1.99        |
|    hard/rage_effect_reward_mean      | 0.00363     |
|    hard/score_mean                   | 0.537       |
|    hard/spell_casts_mean             | 3.99        |
|    hard/spell_shaping_reward_mean    | 0.0759      |
|    hard/spells_remaining_mean        | 0.01        |
|    hard/stars_mean                   | 0.18        |
|    hard/ticks_mean                   | 606         |
|    hard/townhall_damage_pct_mean     | 0.215       |
|    hard/townhall_damage_reward_mean  | 0.0215      |
|    hard/townhall_destroy_reward_mean | 0.00575     |
|    hard/townhall_destroyed_rate      | 0.115       |
|    hard/truncated_rate               | 0.01        |
|    hard/unused_spell_penalty_mean    | 0.0003      |
|    hard/useful_freeze_casts_mean     | 2           |
|    hard/useful_rage_casts_mean       | 1.99        |
|    hard/wasted_spell_casts_mean      | 0           |
|    hard/wasted_spell_penalty_mean    | 0           |
|    medium/damage_mean                | 0.837       |
|    medium/defense_damage_pct_mean    | 0.786       |
|    medium/defense_damage_reward_mean | 0.0944      |
|    medium/defense_destroy_reward_... | 0.0184      |
|    medium/defenses_destroyed_mean    | 3.67        |
|    medium/ep_len_mean                | 69.8        |
|    medium/ep_rew_mean                | 3.27        |
|    medium/episodes_window            | 200         |
|    medium/freeze_casts_mean          | 1.96        |
|    medium/freeze_effect_reward_mean  | 0.0605      |
|    medium/frozen_threat_damage_pc... | 0.0538      |
|    medium/frozen_threat_ticks_mean   | 46.2        |
|    medium/objective_shaping_rewar... | 0.246       |
|    medium/p_all_spells_used          | 0.955       |
|    medium/p_damage_ge_90             | 0.52        |
|    medium/p_stars_ge_2               | 0.875       |
|    medium/rage_bonus_damage_pct_mean | 0.031       |
|    medium/rage_bonus_defense_dama... | 0.0118      |
|    medium/rage_bonus_townhall_dam... | 0.0854      |
|    medium/rage_casts_mean            | 1.98        |
|    medium/rage_effect_reward_mean    | 0.0109      |
|    medium/score_mean                 | 3.03        |
|    medium/spell_casts_mean           | 3.93        |
|    medium/spell_shaping_reward_mean  | 0.0692      |
|    medium/spells_remaining_mean      | 0.07        |
|    medium/stars_mean                 | 2.19        |
|    medium/ticks_mean                 | 694         |
|    medium/townhall_damage_pct_mean   | 0.897       |
|    medium/townhall_damage_reward_... | 0.0897      |
|    medium/townhall_destroy_reward... | 0.044       |
|    medium/townhall_destroyed_rate    | 0.88        |
|    medium/truncated_rate             | 0.13        |
|    medium/unused_spell_penalty_mean  | 0.0021      |
|    medium/useful_freeze_casts_mean   | 1.96        |
|    medium/useful_rage_casts_mean     | 1.98        |
|    medium/wasted_spell_casts_mean    | 0           |
|    medium/wasted_spell_penalty_mean  | 0           |
| rollout/                             |             |
|    ep_len_mean                       | 64.1        |
|    ep_rew_mean                       | 1.21        |
| throughput/                          |             |
|    env_steps_per_sec                 | 206         |
|    episodes_per_sec                  | 4.54        |
| time/                                |             |
|    fps                               | 206         |
|    iterations                        | 45          |
|    time_elapsed                      | 7154        |
|    total_timesteps                   | 9502720     |
| train/                               |             |
|    approx_kl                         | 0.007881945 |
|    clip_fraction                     | 0.0441      |
|    clip_range                        | 0.2         |
|    entropy_loss                      | -3.98       |
|    explained_variance                | 0.908       |
|    learning_rate                     | 0.0001      |
|    loss                              | -0.034      |
|    n_updates                         | 2890        |
|    policy_gradient_loss              | -0.0121     |
|    value_loss                        | 0.0681      |
------------------------------------------------------
timesteps=9502784 | env_steps/sec=33.8 | episodes/sec=0.70 | gpu_util_mean=2% gpu_util_max=4% | gpu_mem_mean=2.3/47.8GB
timesteps=9503872 | env_steps/sec=211.6 | episodes/sec=2.53 | gpu_util_mean=0% gpu_util_max=0% | gpu_mem_mean=2.3/47.8GB
timesteps=9504896 | env_steps/sec=201.4 | episodes/sec=2.75 | gpu_util_mean=0% gpu_util_max=0% | gpu_mem_mean=2.3/47.8GB
timesteps=9505984 | env_steps/sec=215.3 | episodes/sec=3.36 | gpu_util_mean=0% gpu_util_max=1% | gpu_mem_mean=2.3/47.8GB
timesteps=9507072 | env_steps/sec=214.9 | episodes/sec=4.54 | gpu_util_mean=0% gpu_util_max=1% | gpu_mem_mean=2.3/47.8GB
timesteps=9508096 | env_steps/sec=203.6 | episodes/sec=2.39 | gpu_util_mean=0% gpu_util_max=0% | gpu_mem_mean=2.3/47.8GB
timesteps=9509184 | env_steps/sec=214.4 | episodes/sec=2.56 | gpu_util_mean=0% gpu_util_max=1% | gpu_mem_mean=2.3/47.8GB
timesteps=9510272 | env_steps/sec=213.5 | episodes/sec=4.32 | gpu_util_mean=0% gpu_util_max=1% | gpu_mem_mean=2.3/47.8GB
timesteps=9511360 | env_steps/sec=215.0 | episodes/sec=3.16 | gpu_util_mean=0% gpu_util_max=1% | gpu_mem_mean=2.3/47.8GB
timesteps=9512448 | env_steps/sec=209.5 | episodes/sec=2.70 | gpu_util_mean=0% gpu_util_max=0% | gpu_mem_mean=2.3/47.8GB
timesteps=9513536 | env_steps/sec=216.1 | episodes/sec=3.77 | gpu_util_mean=0% gpu_util_max=1% | gpu_mem_mean=2.3/47.8GB
timesteps=9514624 | env_steps/sec=207.9 | episodes/sec=4.59 | gpu_util_mean=0% gpu_util_max=1% | gpu_mem_mean=2.3/47.8GB
timesteps=9515648 | env_steps/sec=203.7 | episodes/sec=2.39 | gpu_util_mean=0% gpu_util_max=0% | gpu_mem_mean=2.3/47.8GB
timesteps=9516736 | env_steps/sec=205.9 | episodes/sec=2.08 | gpu_util_mean=0% gpu_util_max=1% | gpu_mem_mean=2.3/47.8GB
timesteps=9517888 | env_steps/sec=222.0 | episodes/sec=5.20 | gpu_util_mean=0% gpu_util_max=1% | gpu_mem_mean=2.3/47.8GB
timesteps=9518976 | env_steps/sec=212.8 | episodes/sec=3.91 | gpu_util_mean=0% gpu_util_max=1% | gpu_mem_mean=2.3/47.8GB
timesteps=9520064 | env_steps/sec=216.7 | episodes/sec=2.19 | gpu_util_mean=1% gpu_util_max=1% | gpu_mem_mean=2.3/47.8GB
timesteps=9521152 | env_steps/sec=215.5 | episodes/sec=2.57 | gpu_util_mean=0% gpu_util_max=0% | gpu_mem_mean=2.3/47.8GB
timesteps=9522304 | env_steps/sec=218.9 | episodes/sec=5.13 | gpu_util_mean=0% gpu_util_max=1% | gpu_mem_mean=2.3/47.8GB
timesteps=9523392 | env_steps/sec=211.7 | episodes/sec=2.72 | gpu_util_mean=0% gpu_util_max=1% | gpu_mem_mean=2.3/47.8GB
timesteps=9524480 | env_steps/sec=210.7 | episodes/sec=3.10 | gpu_util_mean=0% gpu_util_max=1% | gpu_mem_mean=2.3/47.8GB
timesteps=9525568 | env_steps/sec=207.8 | episodes/sec=3.06 | gpu_util_mean=0% gpu_util_max=1% | gpu_mem_mean=2.3/47.8GB
timesteps=9526656 | env_steps/sec=215.8 | episodes/sec=3.17 | gpu_util_mean=0% gpu_util_max=1% | gpu_mem_mean=2.3/47.8GB
timesteps=9527744 | env_steps/sec=206.4 | episodes/sec=3.60 | gpu_util_mean=0% gpu_util_max=0% | gpu_mem_mean=2.3/47.8GB
timesteps=9528768 | env_steps/sec=202.0 | episodes/sec=3.16 | gpu_util_mean=0% gpu_util_max=0% | gpu_mem_mean=2.3/47.8GB
timesteps=9529920 | env_steps/sec=219.7 | episodes/sec=4.39 | gpu_util_mean=0% gpu_util_max=0% | gpu_mem_mean=2.3/47.8GB
timesteps=9531008 | env_steps/sec=213.9 | episodes/sec=2.95 | gpu_util_mean=18% gpu_util_max=34% | gpu_mem_mean=2.3/47.8GB
timesteps=9532096 | env_steps/sec=216.5 | episodes/sec=2.59 | gpu_util_mean=0% gpu_util_max=1% | gpu_mem_mean=2.3/47.8GB
timesteps=9533184 | env_steps/sec=214.3 | episodes/sec=3.94 | gpu_util_mean=0% gpu_util_max=1% | gpu_mem_mean=2.3/47.8GB
timesteps=9534336 | env_steps/sec=221.0 | episodes/sec=4.03 | gpu_util_mean=1% gpu_util_max=1% | gpu_mem_mean=2.3/47.8GB
timesteps=9535424 | env_steps/sec=212.6 | episodes/sec=2.54 | gpu_util_mean=0% gpu_util_max=1% | gpu_mem_mean=2.3/47.8GB
------------------------------------------------------
| gpu/                                 |             |
|    gpu_count                         | 2           |
|    gpu_mem_total_gb_mean             | 47.8        |
|    gpu_mem_used_gb_mean              | 2.33        |
|    gpu_util_pct_max                  | 1           |
|    gpu_util_pct_mean                 | 0.5         |
| profile/                             |             |
|    hard/damage_mean                  | 0.354       |
|    hard/defense_damage_pct_mean      | 0.345       |
|    hard/defense_damage_reward_mean   | 0.0415      |
|    hard/defense_destroy_reward_mean  | 0.0118      |
|    hard/defenses_destroyed_mean      | 2.36        |
|    hard/ep_len_mean                  | 61          |
|    hard/ep_rew_mean                  | 0.664       |
|    hard/episodes_window              | 200         |
|    hard/freeze_casts_mean            | 2           |
|    hard/freeze_effect_reward_mean    | 0.0713      |
|    hard/frozen_threat_damage_pct_... | 0.0618      |
|    hard/frozen_threat_ticks_mean     | 59.8        |
|    hard/objective_shaping_reward_... | 0.0808      |
|    hard/p_all_spells_used            | 0.995       |
|    hard/p_damage_ge_90               | 0           |
|    hard/p_stars_ge_2                 | 0.065       |
|    hard/rage_bonus_damage_pct_mean   | 0.0101      |
|    hard/rage_bonus_defense_damage... | 0.008       |
|    hard/rage_bonus_townhall_damag... | 0.0155      |
|    hard/rage_casts_mean              | 2           |
|    hard/rage_effect_reward_mean      | 0.00355     |
|    hard/score_mean                   | 0.569       |
|    hard/spell_casts_mean             | 4           |
|    hard/spell_shaping_reward_mean    | 0.0746      |
|    hard/spells_remaining_mean        | 0.005       |
|    hard/stars_mean                   | 0.215       |
|    hard/ticks_mean                   | 606         |
|    hard/townhall_damage_pct_mean     | 0.213       |
|    hard/townhall_damage_reward_mean  | 0.0213      |
|    hard/townhall_destroy_reward_mean | 0.00625     |
|    hard/townhall_destroyed_rate      | 0.125       |
|    hard/truncated_rate               | 0.005       |
|    hard/unused_spell_penalty_mean    | 0.00015     |
|    hard/useful_freeze_casts_mean     | 2           |
|    hard/useful_rage_casts_mean       | 2           |
|    hard/wasted_spell_casts_mean      | 0           |
|    hard/wasted_spell_penalty_mean    | 0           |
|    medium/damage_mean                | 0.844       |
|    medium/defense_damage_pct_mean    | 0.79        |
|    medium/defense_damage_reward_mean | 0.0948      |
|    medium/defense_destroy_reward_... | 0.0186      |
|    medium/defenses_destroyed_mean    | 3.73        |
|    medium/ep_len_mean                | 69.9        |
|    medium/ep_rew_mean                | 3.31        |
|    medium/episodes_window            | 200         |
|    medium/freeze_casts_mean          | 1.96        |
|    medium/freeze_effect_reward_mean  | 0.0572      |
|    medium/frozen_threat_damage_pc... | 0.0505      |
|    medium/frozen_threat_ticks_mean   | 43          |
|    medium/objective_shaping_rewar... | 0.251       |
|    medium/p_all_spells_used          | 0.97        |
|    medium/p_damage_ge_90             | 0.55        |
|    medium/p_stars_ge_2               | 0.9         |
|    medium/rage_bonus_damage_pct_mean | 0.0325      |
|    medium/rage_bonus_defense_dama... | 0.0133      |
|    medium/rage_bonus_townhall_dam... | 0.0939      |
|    medium/rage_casts_mean            | 1.98        |
|    medium/rage_effect_reward_mean    | 0.0114      |
|    medium/score_mean                 | 3.06        |
|    medium/spell_casts_mean           | 3.94        |
|    medium/spell_shaping_reward_mean  | 0.0667      |
|    medium/spells_remaining_mean      | 0.06        |
|    medium/stars_mean                 | 2.22        |
|    medium/ticks_mean                 | 695         |
|    medium/townhall_damage_pct_mean   | 0.924       |
|    medium/townhall_damage_reward_... | 0.0924      |
|    medium/townhall_destroy_reward... | 0.0452      |
|    medium/townhall_destroyed_rate    | 0.905       |
|    medium/truncated_rate             | 0.11        |
|    medium/unused_spell_penalty_mean  | 0.0018      |
|    medium/useful_freeze_casts_mean   | 1.96        |
|    medium/useful_rage_casts_mean     | 1.98        |
|    medium/wasted_spell_casts_mean    | 0           |
|    medium/wasted_spell_penalty_mean  | 0           |
| rollout/                             |             |
|    ep_len_mean                       | 62.4        |
|    ep_rew_mean                       | 1.26        |
| throughput/                          |             |
|    env_steps_per_sec                 | 213         |
|    episodes_per_sec                  | 2.54        |
| time/                                |             |
|    fps                               | 206         |
|    iterations                        | 46          |
|    time_elapsed                      | 7313        |
|    total_timesteps                   | 9535488     |
| train/                               |             |
|    approx_kl                         | 0.008656539 |
|    clip_fraction                     | 0.0504      |
|    clip_range                        | 0.2         |
|    entropy_loss                      | -4.01       |
|    explained_variance                | 0.912       |
|    learning_rate                     | 0.0001      |
|    loss                              | -0.0332     |
|    n_updates                         | 2900        |
|    policy_gradient_loss              | -0.0128     |
|    value_loss                        | 0.0605      |
------------------------------------------------------
timesteps=9535552 | env_steps/sec=24.1 | episodes/sec=0.57 | gpu_util_mean=4% gpu_util_max=9% | gpu_mem_mean=2.3/47.8GB
timesteps=9536640 | env_steps/sec=211.1 | episodes/sec=3.49 | gpu_util_mean=0% gpu_util_max=1% | gpu_mem_mean=2.3/47.8GB
timesteps=9537792 | env_steps/sec=222.2 | episodes/sec=3.47 | gpu_util_mean=0% gpu_util_max=1% | gpu_mem_mean=2.3/47.8GB
timesteps=9538816 | env_steps/sec=202.2 | episodes/sec=2.37 | gpu_util_mean=0% gpu_util_max=0% | gpu_mem_mean=2.3/47.8GB
timesteps=9539904 | env_steps/sec=213.0 | episodes/sec=4.11 | gpu_util_mean=1% gpu_util_max=1% | gpu_mem_mean=2.3/47.8GB
timesteps=9540928 | env_steps/sec=204.4 | episodes/sec=3.59 | gpu_util_mean=0% gpu_util_max=1% | gpu_mem_mean=2.3/47.8GB
timesteps=9542080 | env_steps/sec=218.6 | episodes/sec=3.23 | gpu_util_mean=0% gpu_util_max=0% | gpu_mem_mean=2.3/47.8GB
timesteps=9543168 | env_steps/sec=212.9 | episodes/sec=3.33 | gpu_util_mean=0% gpu_util_max=0% | gpu_mem_mean=2.3/47.8GB
timesteps=9544256 | env_steps/sec=216.6 | episodes/sec=3.78 | gpu_util_mean=0% gpu_util_max=1% | gpu_mem_mean=2.3/47.8GB
timesteps=9545344 | env_steps/sec=214.1 | episodes/sec=3.94 | gpu_util_mean=0% gpu_util_max=1% | gpu_mem_mean=2.3/47.8GB
timesteps=9546432 | env_steps/sec=206.9 | episodes/sec=3.04 | gpu_util_mean=0% gpu_util_max=0% | gpu_mem_mean=2.3/47.8GB
timesteps=9547456 | env_steps/sec=204.5 | episodes/sec=2.20 | gpu_util_mean=0% gpu_util_max=1% | gpu_mem_mean=2.3/47.8GB
timesteps=9548544 | env_steps/sec=209.1 | episodes/sec=4.61 | gpu_util_mean=0% gpu_util_max=0% | gpu_mem_mean=2.3/47.8GB
timesteps=9549632 | env_steps/sec=206.9 | episodes/sec=2.85 | gpu_util_mean=0% gpu_util_max=1% | gpu_mem_mean=2.3/47.8GB
timesteps=9550720 | env_steps/sec=213.0 | episodes/sec=2.94 | gpu_util_mean=0% gpu_util_max=0% | gpu_mem_mean=2.3/47.8GB
timesteps=9551808 | env_steps/sec=208.7 | episodes/sec=3.84 | gpu_util_mean=0% gpu_util_max=0% | gpu_mem_mean=2.3/47.8GB
timesteps=9552896 | env_steps/sec=214.1 | episodes/sec=4.13 | gpu_util_mean=0% gpu_util_max=1% | gpu_mem_mean=2.3/47.8GB
timesteps=9553984 | env_steps/sec=205.6 | episodes/sec=1.70 | gpu_util_mean=0% gpu_util_max=1% | gpu_mem_mean=2.3/47.8GB
timesteps=9555072 | env_steps/sec=211.7 | episodes/sec=2.92 | gpu_util_mean=0% gpu_util_max=1% | gpu_mem_mean=2.3/47.8GB
timesteps=9556160 | env_steps/sec=216.1 | episodes/sec=5.56 | gpu_util_mean=1% gpu_util_max=1% | gpu_mem_mean=2.3/47.8GB
timesteps=9557248 | env_steps/sec=206.5 | episodes/sec=2.47 | gpu_util_mean=0% gpu_util_max=0% | gpu_mem_mean=2.3/47.8GB
timesteps=9558336 | env_steps/sec=209.8 | episodes/sec=2.12 | gpu_util_mean=0% gpu_util_max=0% | gpu_mem_mean=2.3/47.8GB
timesteps=9559424 | env_steps/sec=213.8 | episodes/sec=4.72 | gpu_util_mean=0% gpu_util_max=0% | gpu_mem_mean=2.3/47.8GB
timesteps=9560512 | env_steps/sec=214.7 | episodes/sec=4.34 | gpu_util_mean=0% gpu_util_max=0% | gpu_mem_mean=2.3/47.8GB
timesteps=9561600 | env_steps/sec=209.7 | episodes/sec=2.31 | gpu_util_mean=0% gpu_util_max=0% | gpu_mem_mean=2.3/47.8GB
timesteps=9562688 | env_steps/sec=217.5 | episodes/sec=3.80 | gpu_util_mean=0% gpu_util_max=0% | gpu_mem_mean=2.3/47.8GB
timesteps=9563776 | env_steps/sec=215.1 | episodes/sec=3.56 | gpu_util_mean=0% gpu_util_max=1% | gpu_mem_mean=2.3/47.8GB
timesteps=9564928 | env_steps/sec=218.6 | episodes/sec=3.04 | gpu_util_mean=17% gpu_util_max=33% | gpu_mem_mean=2.3/47.8GB
timesteps=9566016 | env_steps/sec=205.6 | episodes/sec=2.83 | gpu_util_mean=0% gpu_util_max=1% | gpu_mem_mean=2.3/47.8GB
timesteps=9567168 | env_steps/sec=221.5 | episodes/sec=4.81 | gpu_util_mean=0% gpu_util_max=1% | gpu_mem_mean=2.3/47.8GB
timesteps=9568256 | env_steps/sec=216.5 | episodes/sec=2.39 | gpu_util_mean=0% gpu_util_max=1% | gpu_mem_mean=2.3/47.8GB
-------------------------------------------------------
| gpu/                                 |              |
|    gpu_count                         | 2            |
|    gpu_mem_total_gb_mean             | 47.8         |
|    gpu_mem_used_gb_mean              | 2.33         |
|    gpu_util_pct_max                  | 1            |
|    gpu_util_pct_mean                 | 0.5          |
| profile/                             |              |
|    hard/damage_mean                  | 0.348        |
|    hard/defense_damage_pct_mean      | 0.34         |
|    hard/defense_damage_reward_mean   | 0.0408       |
|    hard/defense_destroy_reward_mean  | 0.0118       |
|    hard/defenses_destroyed_mean      | 2.37         |
|    hard/ep_len_mean                  | 61.4         |
|    hard/ep_rew_mean                  | 0.642        |
|    hard/episodes_window              | 200          |
|    hard/freeze_casts_mean            | 2            |
|    hard/freeze_effect_reward_mean    | 0.0735       |
|    hard/frozen_threat_damage_pct_... | 0.0645       |
|    hard/frozen_threat_ticks_mean     | 62           |
|    hard/objective_shaping_reward_... | 0.0776       |
|    hard/p_all_spells_used            | 0.995        |
|    hard/p_damage_ge_90               | 0            |
|    hard/p_stars_ge_2                 | 0.06         |
|    hard/rage_bonus_damage_pct_mean   | 0.0106       |
|    hard/rage_bonus_defense_damage... | 0.00731      |
|    hard/rage_bonus_townhall_damag... | 0.0144       |
|    hard/rage_casts_mean              | 2            |
|    hard/rage_effect_reward_mean      | 0.0037       |
|    hard/score_mean                   | 0.548        |
|    hard/spell_casts_mean             | 4            |
|    hard/spell_shaping_reward_mean    | 0.0771       |
|    hard/spells_remaining_mean        | 0.005        |
|    hard/stars_mean                   | 0.2          |
|    hard/ticks_mean                   | 610          |
|    hard/townhall_damage_pct_mean     | 0.192        |
|    hard/townhall_damage_reward_mean  | 0.0192       |
|    hard/townhall_destroy_reward_mean | 0.00575      |
|    hard/townhall_destroyed_rate      | 0.115        |
|    hard/truncated_rate               | 0.025        |
|    hard/unused_spell_penalty_mean    | 0.00015      |
|    hard/useful_freeze_casts_mean     | 2            |
|    hard/useful_rage_casts_mean       | 2            |
|    hard/wasted_spell_casts_mean      | 0            |
|    hard/wasted_spell_penalty_mean    | 0            |
|    medium/damage_mean                | 0.854        |
|    medium/defense_damage_pct_mean    | 0.806        |
|    medium/defense_damage_reward_mean | 0.0967       |
|    medium/defense_destroy_reward_... | 0.019        |
|    medium/defenses_destroyed_mean    | 3.81         |
|    medium/ep_len_mean                | 68.5         |
|    medium/ep_rew_mean                | 3.38         |
|    medium/episodes_window            | 200          |
|    medium/freeze_casts_mean          | 1.91         |
|    medium/freeze_effect_reward_mean  | 0.0562       |
|    medium/frozen_threat_damage_pc... | 0.05         |
|    medium/frozen_threat_ticks_mean   | 42.1         |
|    medium/objective_shaping_rewar... | 0.253        |
|    medium/p_all_spells_used          | 0.915        |
|    medium/p_damage_ge_90             | 0.555        |
|    medium/p_stars_ge_2               | 0.91         |
|    medium/rage_bonus_damage_pct_mean | 0.0332       |
|    medium/rage_bonus_defense_dama... | 0.017        |
|    medium/rage_bonus_townhall_dam... | 0.0909       |
|    medium/rage_casts_mean            | 1.94         |
|    medium/rage_effect_reward_mean    | 0.0116       |
|    medium/score_mean                 | 3.13         |
|    medium/spell_casts_mean           | 3.85         |
|    medium/spell_shaping_reward_mean  | 0.0632       |
|    medium/spells_remaining_mean      | 0.155        |
|    medium/stars_mean                 | 2.27         |
|    medium/ticks_mean                 | 681          |
|    medium/townhall_damage_pct_mean   | 0.92         |
|    medium/townhall_damage_reward_... | 0.092        |
|    medium/townhall_destroy_reward... | 0.0455       |
|    medium/townhall_destroyed_rate    | 0.91         |
|    medium/truncated_rate             | 0.12         |
|    medium/unused_spell_penalty_mean  | 0.00465      |
|    medium/useful_freeze_casts_mean   | 1.91         |
|    medium/useful_rage_casts_mean     | 1.94         |
|    medium/wasted_spell_casts_mean    | 0            |
|    medium/wasted_spell_penalty_mean  | 0            |
| rollout/                             |              |
|    ep_len_mean                       | 62.5         |
|    ep_rew_mean                       | 1.14         |
| throughput/                          |              |
|    env_steps_per_sec                 | 217          |
|    episodes_per_sec                  | 2.39         |
| time/                                |              |
|    fps                               | 206          |
|    iterations                        | 47           |
|    time_elapsed                      | 7472         |
|    total_timesteps                   | 9568256      |
| train/                               |              |
|    approx_kl                         | 0.0075930296 |
|    clip_fraction                     | 0.0444       |
|    clip_range                        | 0.2          |
|    entropy_loss                      | -4.02        |
|    explained_variance                | 0.92         |
|    learning_rate                     | 0.0001       |
|    loss                              | -0.0315      |
|    n_updates                         | 2910         |
|    policy_gradient_loss              | -0.0127      |
|    value_loss                        | 0.0587       |
-------------------------------------------------------
timesteps=9568320 | env_steps/sec=12.7 | episodes/sec=0.40 | gpu_util_mean=17% gpu_util_max=33% | gpu_mem_mean=2.3/47.8GB
timesteps=9569408 | env_steps/sec=217.2 | episodes/sec=2.40 | gpu_util_mean=0% gpu_util_max=1% | gpu_mem_mean=2.3/47.8GB
timesteps=9570560 | env_steps/sec=219.9 | episodes/sec=4.39 | gpu_util_mean=1% gpu_util_max=1% | gpu_mem_mean=2.3/47.8GB
timesteps=9571648 | env_steps/sec=211.1 | episodes/sec=4.27 | gpu_util_mean=0% gpu_util_max=1% | gpu_mem_mean=2.3/47.8GB
timesteps=9572736 | env_steps/sec=211.6 | episodes/sec=1.75 | gpu_util_mean=0% gpu_util_max=1% | gpu_mem_mean=2.3/47.8GB
timesteps=9573760 | env_steps/sec=196.9 | episodes/sec=2.50 | gpu_util_mean=0% gpu_util_max=1% | gpu_mem_mean=2.3/47.8GB
timesteps=9574848 | env_steps/sec=217.1 | episodes/sec=5.39 | gpu_util_mean=0% gpu_util_max=1% | gpu_mem_mean=2.3/47.8GB
timesteps=9575936 | env_steps/sec=212.5 | episodes/sec=3.13 | gpu_util_mean=0% gpu_util_max=0% | gpu_mem_mean=2.3/47.8GB
timesteps=9576960 | env_steps/sec=201.8 | episodes/sec=2.17 | gpu_util_mean=0% gpu_util_max=1% | gpu_mem_mean=2.3/47.8GB
timesteps=9578048 | env_steps/sec=210.3 | episodes/sec=4.06 | gpu_util_mean=0% gpu_util_max=0% | gpu_mem_mean=2.3/47.8GB
timesteps=9579136 | env_steps/sec=210.9 | episodes/sec=4.07 | gpu_util_mean=1% gpu_util_max=1% | gpu_mem_mean=2.3/47.8GB
timesteps=9580160 | env_steps/sec=201.9 | episodes/sec=2.76 | gpu_util_mean=0% gpu_util_max=1% | gpu_mem_mean=2.3/47.8GB
timesteps=9581184 | env_steps/sec=204.2 | episodes/sec=1.99 | gpu_util_mean=0% gpu_util_max=1% | gpu_mem_mean=2.3/47.8GB
timesteps=9582272 | env_steps/sec=209.2 | episodes/sec=4.62 | gpu_util_mean=0% gpu_util_max=1% | gpu_mem_mean=2.3/47.8GB
timesteps=9583360 | env_steps/sec=215.4 | episodes/sec=3.56 | gpu_util_mean=0% gpu_util_max=1% | gpu_mem_mean=2.3/47.8GB
timesteps=9584448 | env_steps/sec=205.4 | episodes/sec=2.27 | gpu_util_mean=0% gpu_util_max=0% | gpu_mem_mean=2.3/47.8GB
timesteps=9585536 | env_steps/sec=209.3 | episodes/sec=3.85 | gpu_util_mean=0% gpu_util_max=0% | gpu_mem_mean=2.3/47.8GB
timesteps=9586624 | env_steps/sec=207.7 | episodes/sec=3.44 | gpu_util_mean=1% gpu_util_max=1% | gpu_mem_mean=2.3/47.8GB
timesteps=9587776 | env_steps/sec=217.3 | episodes/sec=3.77 | gpu_util_mean=0% gpu_util_max=0% | gpu_mem_mean=2.3/47.8GB
timesteps=9588864 | env_steps/sec=208.7 | episodes/sec=2.49 | gpu_util_mean=0% gpu_util_max=0% | gpu_mem_mean=2.3/47.8GB
timesteps=9589952 | env_steps/sec=217.4 | episodes/sec=3.40 | gpu_util_mean=0% gpu_util_max=0% | gpu_mem_mean=2.3/47.8GB
timesteps=9590976 | env_steps/sec=203.8 | episodes/sec=3.78 | gpu_util_mean=0% gpu_util_max=0% | gpu_mem_mean=2.3/47.8GB
timesteps=9592000 | env_steps/sec=203.6 | episodes/sec=3.18 | gpu_util_mean=0% gpu_util_max=1% | gpu_mem_mean=2.3/47.8GB
timesteps=9593088 | env_steps/sec=209.0 | episodes/sec=3.27 | gpu_util_mean=0% gpu_util_max=1% | gpu_mem_mean=2.3/47.8GB
timesteps=9594176 | env_steps/sec=209.3 | episodes/sec=4.04 | gpu_util_mean=0% gpu_util_max=1% | gpu_mem_mean=2.3/47.8GB
timesteps=9595200 | env_steps/sec=203.0 | episodes/sec=2.38 | gpu_util_mean=0% gpu_util_max=1% | gpu_mem_mean=2.3/47.8GB
timesteps=9596224 | env_steps/sec=203.8 | episodes/sec=3.98 | gpu_util_mean=0% gpu_util_max=1% | gpu_mem_mean=2.3/47.8GB
timesteps=9597248 | env_steps/sec=203.6 | episodes/sec=2.78 | gpu_util_mean=1% gpu_util_max=1% | gpu_mem_mean=2.3/47.8GB
timesteps=9598336 | env_steps/sec=208.7 | episodes/sec=3.84 | gpu_util_mean=18% gpu_util_max=34% | gpu_mem_mean=2.3/47.8GB
timesteps=9599360 | env_steps/sec=204.6 | episodes/sec=2.00 | gpu_util_mean=0% gpu_util_max=0% | gpu_mem_mean=2.3/47.8GB
timesteps=9600448 | env_steps/sec=213.3 | episodes/sec=3.92 | gpu_util_mean=0% gpu_util_max=1% | gpu_mem_mean=2.3/47.8GB
-------------------------------------------------------
| gpu/                                 |              |
|    gpu_count                         | 2            |
|    gpu_mem_total_gb_mean             | 47.8         |
|    gpu_mem_used_gb_mean              | 2.33         |
|    gpu_util_pct_max                  | 1            |
|    gpu_util_pct_mean                 | 0.5          |
| profile/                             |              |
|    hard/damage_mean                  | 0.356        |
|    hard/defense_damage_pct_mean      | 0.35         |
|    hard/defense_damage_reward_mean   | 0.042        |
|    hard/defense_destroy_reward_mean  | 0.0121       |
|    hard/defenses_destroyed_mean      | 2.42         |
|    hard/ep_len_mean                  | 61.3         |
|    hard/ep_rew_mean                  | 0.713        |
|    hard/episodes_window              | 200          |
|    hard/freeze_casts_mean            | 2            |
|    hard/freeze_effect_reward_mean    | 0.0757       |
|    hard/frozen_threat_damage_pct_... | 0.0674       |
|    hard/frozen_threat_ticks_mean     | 64.1         |
|    hard/objective_shaping_reward_... | 0.0837       |
|    hard/p_all_spells_used            | 0.995        |
|    hard/p_damage_ge_90               | 0            |
|    hard/p_stars_ge_2                 | 0.09         |
|    hard/rage_bonus_damage_pct_mean   | 0.0101       |
|    hard/rage_bonus_defense_damage... | 0.00717      |
|    hard/rage_bonus_townhall_damag... | 0.0135       |
|    hard/rage_casts_mean              | 2            |
|    hard/rage_effect_reward_mean      | 0.00355      |
|    hard/score_mean                   | 0.611        |
|    hard/spell_casts_mean             | 4            |
|    hard/spell_shaping_reward_mean    | 0.0791       |
|    hard/spells_remaining_mean        | 0.005        |
|    hard/stars_mean                   | 0.255        |
|    hard/ticks_mean                   | 609          |
|    hard/townhall_damage_pct_mean     | 0.217        |
|    hard/townhall_damage_reward_mean  | 0.0217       |
|    hard/townhall_destroy_reward_mean | 0.008        |
|    hard/townhall_destroyed_rate      | 0.16         |
|    hard/truncated_rate               | 0.015        |
|    hard/unused_spell_penalty_mean    | 0.00015      |
|    hard/useful_freeze_casts_mean     | 2            |
|    hard/useful_rage_casts_mean       | 2            |
|    hard/wasted_spell_casts_mean      | 0            |
|    hard/wasted_spell_penalty_mean    | 0            |
|    medium/damage_mean                | 0.836        |
|    medium/defense_damage_pct_mean    | 0.769        |
|    medium/defense_damage_reward_mean | 0.0923       |
|    medium/defense_destroy_reward_... | 0.018        |
|    medium/defenses_destroyed_mean    | 3.6          |
|    medium/ep_len_mean                | 68.4         |
|    medium/ep_rew_mean                | 3.26         |
|    medium/episodes_window            | 200          |
|    medium/freeze_casts_mean          | 1.93         |
|    medium/freeze_effect_reward_mean  | 0.0587       |
|    medium/frozen_threat_damage_pc... | 0.0529       |
|    medium/frozen_threat_ticks_mean   | 44.6         |
|    medium/objective_shaping_rewar... | 0.245        |
|    medium/p_all_spells_used          | 0.94         |
|    medium/p_damage_ge_90             | 0.475        |
|    medium/p_stars_ge_2               | 0.87         |
|    medium/rage_bonus_damage_pct_mean | 0.0328       |
|    medium/rage_bonus_defense_dama... | 0.0141       |
|    medium/rage_bonus_townhall_dam... | 0.0869       |
|    medium/rage_casts_mean            | 1.95         |
|    medium/rage_effect_reward_mean    | 0.0115       |
|    medium/score_mean                 | 3.02         |
|    medium/spell_casts_mean           | 3.88         |
|    medium/spell_shaping_reward_mean  | 0.0666       |
|    medium/spells_remaining_mean      | 0.12         |
|    medium/stars_mean                 | 2.18         |
|    medium/ticks_mean                 | 680          |
|    medium/townhall_damage_pct_mean   | 0.909        |
|    medium/townhall_damage_reward_... | 0.0909       |
|    medium/townhall_destroy_reward... | 0.0437       |
|    medium/townhall_destroyed_rate    | 0.875        |
|    medium/truncated_rate             | 0.105        |
|    medium/unused_spell_penalty_mean  | 0.0036       |
|    medium/useful_freeze_casts_mean   | 1.93         |
|    medium/useful_rage_casts_mean     | 1.95         |
|    medium/wasted_spell_casts_mean    | 0            |
|    medium/wasted_spell_penalty_mean  | 0            |
| rollout/                             |              |
|    ep_len_mean                       | 63.2         |
|    ep_rew_mean                       | 1.44         |
| throughput/                          |              |
|    env_steps_per_sec                 | 213          |
|    episodes_per_sec                  | 3.92         |
| time/                                |              |
|    fps                               | 206          |
|    iterations                        | 48           |
|    time_elapsed                      | 7634         |
|    total_timesteps                   | 9601024      |
| train/                               |              |
|    approx_kl                         | 0.0077428445 |
|    clip_fraction                     | 0.0369       |
|    clip_range                        | 0.2          |
|    entropy_loss                      | -4.04        |
|    explained_variance                | 0.914        |
|    learning_rate                     | 0.0001       |
|    loss                              | -0.0313      |
|    n_updates                         | 2920         |
|    policy_gradient_loss              | -0.0115      |
|    value_loss                        | 0.0657       |
-------------------------------------------------------
timesteps=9601088 | env_steps/sec=66.4 | episodes/sec=1.35 | gpu_util_mean=1% gpu_util_max=1% | gpu_mem_mean=2.3/47.8GB
timesteps=9602176 | env_steps/sec=209.0 | episodes/sec=3.07 | gpu_util_mean=0% gpu_util_max=0% | gpu_mem_mean=2.3/47.8GB
timesteps=9603264 | env_steps/sec=216.0 | episodes/sec=2.38 | gpu_util_mean=0% gpu_util_max=0% | gpu_mem_mean=2.3/47.8GB
timesteps=9604416 | env_steps/sec=217.7 | episodes/sec=4.16 | gpu_util_mean=0% gpu_util_max=1% | gpu_mem_mean=2.3/47.8GB
timesteps=9605504 | env_steps/sec=204.5 | episodes/sec=3.57 | gpu_util_mean=0% gpu_util_max=1% | gpu_mem_mean=2.3/47.8GB
timesteps=9606592 | env_steps/sec=206.1 | episodes/sec=2.65 | gpu_util_mean=0% gpu_util_max=1% | gpu_mem_mean=2.3/47.8GB
timesteps=9607680 | env_steps/sec=214.0 | episodes/sec=2.95 | gpu_util_mean=0% gpu_util_max=1% | gpu_mem_mean=2.3/47.8GB
timesteps=9608768 | env_steps/sec=212.8 | episodes/sec=4.69 | gpu_util_mean=1% gpu_util_max=1% | gpu_mem_mean=2.3/47.8GB
timesteps=9609856 | env_steps/sec=204.0 | episodes/sec=3.00 | gpu_util_mean=0% gpu_util_max=1% | gpu_mem_mean=2.3/47.8GB
timesteps=9610944 | env_steps/sec=210.1 | episodes/sec=2.51 | gpu_util_mean=0% gpu_util_max=0% | gpu_mem_mean=2.3/47.8GB
timesteps=9612032 | env_steps/sec=206.2 | episodes/sec=3.22 | gpu_util_mean=0% gpu_util_max=0% | gpu_mem_mean=2.3/47.8GB
timesteps=9613120 | env_steps/sec=216.6 | episodes/sec=4.58 | gpu_util_mean=0% gpu_util_max=1% | gpu_mem_mean=2.3/47.8GB
timesteps=9614144 | env_steps/sec=201.4 | episodes/sec=2.75 | gpu_util_mean=0% gpu_util_max=0% | gpu_mem_mean=2.3/47.8GB
timesteps=9615232 | env_steps/sec=206.4 | episodes/sec=3.04 | gpu_util_mean=0% gpu_util_max=0% | gpu_mem_mean=2.3/47.8GB
timesteps=9616320 | env_steps/sec=214.6 | episodes/sec=2.96 | gpu_util_mean=1% gpu_util_max=1% | gpu_mem_mean=2.3/47.8GB
timesteps=9617408 | env_steps/sec=214.3 | episodes/sec=4.53 | gpu_util_mean=0% gpu_util_max=1% | gpu_mem_mean=2.3/47.8GB
timesteps=9618496 | env_steps/sec=212.2 | episodes/sec=2.93 | gpu_util_mean=0% gpu_util_max=1% | gpu_mem_mean=2.3/47.8GB
timesteps=9619584 | env_steps/sec=211.6 | episodes/sec=2.53 | gpu_util_mean=1% gpu_util_max=1% | gpu_mem_mean=2.3/47.8GB
timesteps=9620672 | env_steps/sec=210.6 | episodes/sec=5.23 | gpu_util_mean=0% gpu_util_max=0% | gpu_mem_mean=2.3/47.8GB
timesteps=9621760 | env_steps/sec=211.1 | episodes/sec=2.52 | gpu_util_mean=0% gpu_util_max=1% | gpu_mem_mean=2.3/47.8GB
timesteps=9622848 | env_steps/sec=206.6 | episodes/sec=2.85 | gpu_util_mean=0% gpu_util_max=0% | gpu_mem_mean=2.3/47.8GB
timesteps=9623872 | env_steps/sec=204.0 | episodes/sec=3.19 | gpu_util_mean=0% gpu_util_max=1% | gpu_mem_mean=2.3/47.8GB
timesteps=9624960 | env_steps/sec=208.9 | episodes/sec=4.61 | gpu_util_mean=0% gpu_util_max=1% | gpu_mem_mean=2.3/47.8GB
timesteps=9626048 | env_steps/sec=206.8 | episodes/sec=3.04 | gpu_util_mean=0% gpu_util_max=1% | gpu_mem_mean=2.3/47.8GB
timesteps=9627136 | env_steps/sec=206.0 | episodes/sec=2.08 | gpu_util_mean=0% gpu_util_max=1% | gpu_mem_mean=2.3/47.8GB
timesteps=9628224 | env_steps/sec=213.1 | episodes/sec=4.11 | gpu_util_mean=0% gpu_util_max=0% | gpu_mem_mean=2.3/47.8GB
timesteps=9629312 | env_steps/sec=205.6 | episodes/sec=3.78 | gpu_util_mean=0% gpu_util_max=0% | gpu_mem_mean=2.3/47.8GB
timesteps=9630400 | env_steps/sec=209.2 | episodes/sec=3.27 | gpu_util_mean=18% gpu_util_max=37% | gpu_mem_mean=2.3/47.8GB
timesteps=9631488 | env_steps/sec=210.4 | episodes/sec=2.71 | gpu_util_mean=0% gpu_util_max=1% | gpu_mem_mean=2.3/47.8GB
timesteps=9632576 | env_steps/sec=216.7 | episodes/sec=2.79 | gpu_util_mean=0% gpu_util_max=1% | gpu_mem_mean=2.3/47.8GB
timesteps=9633664 | env_steps/sec=212.5 | episodes/sec=4.10 | gpu_util_mean=0% gpu_util_max=1% | gpu_mem_mean=2.3/47.8GB
------------------------------------------------------
| gpu/                                 |             |
|    gpu_count                         | 2           |
|    gpu_mem_total_gb_mean             | 47.8        |
|    gpu_mem_used_gb_mean              | 2.33        |
|    gpu_util_pct_max                  | 1           |
|    gpu_util_pct_mean                 | 0.5         |
| profile/                             |             |
|    hard/damage_mean                  | 0.35        |
|    hard/defense_damage_pct_mean      | 0.345       |
|    hard/defense_damage_reward_mean   | 0.0413      |
|    hard/defense_destroy_reward_mean  | 0.0115      |
|    hard/defenses_destroyed_mean      | 2.29        |
|    hard/ep_len_mean                  | 60.9        |
|    hard/ep_rew_mean                  | 0.719       |
|    hard/episodes_window              | 200         |
|    hard/freeze_casts_mean            | 2           |
|    hard/freeze_effect_reward_mean    | 0.0749      |
|    hard/frozen_threat_damage_pct_... | 0.0658      |
|    hard/frozen_threat_ticks_mean     | 63.4        |
|    hard/objective_shaping_reward_... | 0.081       |
|    hard/p_all_spells_used            | 0.995       |
|    hard/p_damage_ge_90               | 0           |
|    hard/p_stars_ge_2                 | 0.09        |
|    hard/rage_bonus_damage_pct_mean   | 0.0101      |
|    hard/rage_bonus_defense_damage... | 0.00763     |
|    hard/rage_bonus_townhall_damag... | 0.0157      |
|    hard/rage_casts_mean              | 2           |
|    hard/rage_effect_reward_mean      | 0.00355     |
|    hard/score_mean                   | 0.62        |
|    hard/spell_casts_mean             | 3.99        |
|    hard/spell_shaping_reward_mean    | 0.0782      |
|    hard/spells_remaining_mean        | 0.01        |
|    hard/stars_mean                   | 0.27        |
|    hard/ticks_mean                   | 605         |
|    hard/townhall_damage_pct_mean     | 0.209       |
|    hard/townhall_damage_reward_mean  | 0.0209      |
|    hard/townhall_destroy_reward_mean | 0.00725     |
|    hard/townhall_destroyed_rate      | 0.145       |
|    hard/truncated_rate               | 0.01        |
|    hard/unused_spell_penalty_mean    | 0.0003      |
|    hard/useful_freeze_casts_mean     | 2           |
|    hard/useful_rage_casts_mean       | 2           |
|    hard/wasted_spell_casts_mean      | 0           |
|    hard/wasted_spell_penalty_mean    | 0           |
|    medium/damage_mean                | 0.847       |
|    medium/defense_damage_pct_mean    | 0.778       |
|    medium/defense_damage_reward_mean | 0.0934      |
|    medium/defense_destroy_reward_... | 0.0183      |
|    medium/defenses_destroyed_mean    | 3.66        |
|    medium/ep_len_mean                | 68.5        |
|    medium/ep_rew_mean                | 3.31        |
|    medium/episodes_window            | 200         |
|    medium/freeze_casts_mean          | 1.92        |
|    medium/freeze_effect_reward_mean  | 0.0574      |
|    medium/frozen_threat_damage_pc... | 0.0513      |
|    medium/frozen_threat_ticks_mean   | 43.9        |
|    medium/objective_shaping_rewar... | 0.248       |
|    medium/p_all_spells_used          | 0.94        |
|    medium/p_damage_ge_90             | 0.5         |
|    medium/p_stars_ge_2               | 0.885       |
|    medium/rage_bonus_damage_pct_mean | 0.0345      |
|    medium/rage_bonus_defense_dama... | 0.0147      |
|    medium/rage_bonus_townhall_dam... | 0.0958      |
|    medium/rage_casts_mean            | 1.97        |
|    medium/rage_effect_reward_mean    | 0.0121      |
|    medium/score_mean                 | 3.06        |
|    medium/spell_casts_mean           | 3.88        |
|    medium/spell_shaping_reward_mean  | 0.066       |
|    medium/spells_remaining_mean      | 0.115       |
|    medium/stars_mean                 | 2.21        |
|    medium/ticks_mean                 | 681         |
|    medium/townhall_damage_pct_mean   | 0.923       |
|    medium/townhall_damage_reward_... | 0.0923      |
|    medium/townhall_destroy_reward... | 0.0442      |
|    medium/townhall_destroyed_rate    | 0.885       |
|    medium/truncated_rate             | 0.1         |
|    medium/unused_spell_penalty_mean  | 0.00345     |
|    medium/useful_freeze_casts_mean   | 1.92        |
|    medium/useful_rage_casts_mean     | 1.97        |
|    medium/wasted_spell_casts_mean    | 0           |
|    medium/wasted_spell_penalty_mean  | 0           |
| rollout/                             |             |
|    ep_len_mean                       | 63.8        |
|    ep_rew_mean                       | 1.29        |
| throughput/                          |             |
|    env_steps_per_sec                 | 213         |
|    episodes_per_sec                  | 4.1         |
| time/                                |             |
|    fps                               | 205         |
|    iterations                        | 49          |
|    time_elapsed                      | 7797        |
|    total_timesteps                   | 9633792     |
| train/                               |             |
|    approx_kl                         | 0.008606741 |
|    clip_fraction                     | 0.0474      |
|    clip_range                        | 0.2         |
|    entropy_loss                      | -4.03       |
|    explained_variance                | 0.915       |
|    learning_rate                     | 0.0001      |
|    loss                              | -0.0293     |
|    n_updates                         | 2930        |
|    policy_gradient_loss              | -0.0125     |
|    value_loss                        | 0.0615      |
------------------------------------------------------
timesteps=9633856 | env_steps/sec=20.9 | episodes/sec=0.65 | gpu_util_mean=0% gpu_util_max=0% | gpu_mem_mean=2.3/47.8GB
timesteps=9634944 | env_steps/sec=206.4 | episodes/sec=3.03 | gpu_util_mean=0% gpu_util_max=1% | gpu_mem_mean=2.3/47.8GB
timesteps=9636032 | env_steps/sec=206.4 | episodes/sec=2.85 | gpu_util_mean=0% gpu_util_max=0% | gpu_mem_mean=2.3/47.8GB
timesteps=9637120 | env_steps/sec=210.5 | episodes/sec=3.10 | gpu_util_mean=0% gpu_util_max=0% | gpu_mem_mean=2.3/47.8GB
timesteps=9638272 | env_steps/sec=225.4 | episodes/sec=3.91 | gpu_util_mean=0% gpu_util_max=0% | gpu_mem_mean=2.3/47.8GB
timesteps=9639360 | env_steps/sec=213.5 | episodes/sec=3.34 | gpu_util_mean=0% gpu_util_max=1% | gpu_mem_mean=2.3/47.8GB
timesteps=9640448 | env_steps/sec=205.7 | episodes/sec=3.02 | gpu_util_mean=1% gpu_util_max=1% | gpu_mem_mean=2.3/47.8GB
timesteps=9641472 | env_steps/sec=204.1 | episodes/sec=4.39 | gpu_util_mean=1% gpu_util_max=1% | gpu_mem_mean=2.3/47.8GB
timesteps=9642560 | env_steps/sec=207.0 | episodes/sec=2.47 | gpu_util_mean=0% gpu_util_max=0% | gpu_mem_mean=2.3/47.8GB
timesteps=9643584 | env_steps/sec=195.1 | episodes/sec=4.19 | gpu_util_mean=0% gpu_util_max=1% | gpu_mem_mean=2.3/47.8GB
timesteps=9644608 | env_steps/sec=201.2 | episodes/sec=1.77 | gpu_util_mean=0% gpu_util_max=1% | gpu_mem_mean=2.3/47.8GB
timesteps=9645696 | env_steps/sec=214.6 | episodes/sec=4.34 | gpu_util_mean=0% gpu_util_max=0% | gpu_mem_mean=2.3/47.8GB
timesteps=9646784 | env_steps/sec=214.3 | episodes/sec=3.15 | gpu_util_mean=1% gpu_util_max=1% | gpu_mem_mean=2.3/47.8GB
timesteps=9647872 | env_steps/sec=208.4 | episodes/sec=3.06 | gpu_util_mean=0% gpu_util_max=1% | gpu_mem_mean=2.3/47.8GB
timesteps=9648960 | env_steps/sec=209.2 | episodes/sec=3.08 | gpu_util_mean=0% gpu_util_max=0% | gpu_mem_mean=2.3/47.8GB
timesteps=9649984 | env_steps/sec=198.3 | episodes/sec=3.49 | gpu_util_mean=0% gpu_util_max=1% | gpu_mem_mean=2.3/47.8GB
timesteps=9651008 | env_steps/sec=200.4 | episodes/sec=2.74 | gpu_util_mean=0% gpu_util_max=1% | gpu_mem_mean=2.3/47.8GB
timesteps=9652032 | env_steps/sec=203.0 | episodes/sec=3.57 | gpu_util_mean=0% gpu_util_max=0% | gpu_mem_mean=2.3/47.8GB
timesteps=9653184 | env_steps/sec=220.1 | episodes/sec=3.82 | gpu_util_mean=0% gpu_util_max=1% | gpu_mem_mean=2.3/47.8GB
timesteps=9654272 | env_steps/sec=214.6 | episodes/sec=2.56 | gpu_util_mean=0% gpu_util_max=1% | gpu_mem_mean=2.3/47.8GB
timesteps=9655360 | env_steps/sec=211.5 | episodes/sec=3.11 | gpu_util_mean=0% gpu_util_max=1% | gpu_mem_mean=2.3/47.8GB
timesteps=9656448 | env_steps/sec=208.3 | episodes/sec=3.64 | gpu_util_mean=0% gpu_util_max=1% | gpu_mem_mean=2.3/47.8GB
timesteps=9657536 | env_steps/sec=208.1 | episodes/sec=4.40 | gpu_util_mean=0% gpu_util_max=1% | gpu_mem_mean=2.3/47.8GB
timesteps=9658624 | env_steps/sec=205.6 | episodes/sec=2.65 | gpu_util_mean=0% gpu_util_max=0% | gpu_mem_mean=2.3/47.8GB
timesteps=9659712 | env_steps/sec=216.8 | episodes/sec=2.59 | gpu_util_mean=0% gpu_util_max=1% | gpu_mem_mean=2.3/47.8GB
timesteps=9660800 | env_steps/sec=216.3 | episodes/sec=4.57 | gpu_util_mean=0% gpu_util_max=1% | gpu_mem_mean=2.3/47.8GB
timesteps=9661888 | env_steps/sec=213.8 | episodes/sec=2.95 | gpu_util_mean=0% gpu_util_max=0% | gpu_mem_mean=2.3/47.8GB
timesteps=9662976 | env_steps/sec=211.7 | episodes/sec=3.11 | gpu_util_mean=9% gpu_util_max=17% | gpu_mem_mean=2.3/47.8GB
timesteps=9664064 | env_steps/sec=215.2 | episodes/sec=3.56 | gpu_util_mean=0% gpu_util_max=1% | gpu_mem_mean=2.3/47.8GB
timesteps=9665152 | env_steps/sec=212.3 | episodes/sec=3.71 | gpu_util_mean=0% gpu_util_max=0% | gpu_mem_mean=2.3/47.8GB
timesteps=9666240 | env_steps/sec=210.4 | episodes/sec=2.90 | gpu_util_mean=0% gpu_util_max=1% | gpu_mem_mean=2.3/47.8GB
------------------------------------------------------
| gpu/                                 |             |
|    gpu_count                         | 2           |
|    gpu_mem_total_gb_mean             | 47.8        |
|    gpu_mem_used_gb_mean              | 2.33        |
|    gpu_util_pct_max                  | 1           |
|    gpu_util_pct_mean                 | 0.5         |
| profile/                             |             |
|    hard/damage_mean                  | 0.336       |
|    hard/defense_damage_pct_mean      | 0.343       |
|    hard/defense_damage_reward_mean   | 0.0411      |
|    hard/defense_destroy_reward_mean  | 0.0114      |
|    hard/defenses_destroyed_mean      | 2.27        |
|    hard/ep_len_mean                  | 60.8        |
|    hard/ep_rew_mean                  | 0.568       |
|    hard/episodes_window              | 200         |
|    hard/freeze_casts_mean            | 1.99        |
|    hard/freeze_effect_reward_mean    | 0.0759      |
|    hard/frozen_threat_damage_pct_... | 0.0675      |
|    hard/frozen_threat_ticks_mean     | 64.2        |
|    hard/objective_shaping_reward_... | 0.0695      |
|    hard/p_all_spells_used            | 0.975       |
|    hard/p_damage_ge_90               | 0           |
|    hard/p_stars_ge_2                 | 0.05        |
|    hard/rage_bonus_damage_pct_mean   | 0.00819     |
|    hard/rage_bonus_defense_damage... | 0.0078      |
|    hard/rage_bonus_townhall_damag... | 0.00946     |
|    hard/rage_casts_mean              | 1.98        |
|    hard/rage_effect_reward_mean      | 0.00287     |
|    hard/score_mean                   | 0.481       |
|    hard/spell_casts_mean             | 3.96        |
|    hard/spell_shaping_reward_mean    | 0.0776      |
|    hard/spells_remaining_mean        | 0.04        |
|    hard/stars_mean                   | 0.145       |
|    hard/ticks_mean                   | 603         |
|    hard/townhall_damage_pct_mean     | 0.135       |
|    hard/townhall_damage_reward_mean  | 0.0135      |
|    hard/townhall_destroy_reward_mean | 0.0035      |
|    hard/townhall_destroyed_rate      | 0.07        |
|    hard/truncated_rate               | 0.005       |
|    hard/unused_spell_penalty_mean    | 0.0012      |
|    hard/useful_freeze_casts_mean     | 1.99        |
|    hard/useful_rage_casts_mean       | 1.98        |
|    hard/wasted_spell_casts_mean      | 0           |
|    hard/wasted_spell_penalty_mean    | 0           |
|    medium/damage_mean                | 0.853       |
|    medium/defense_damage_pct_mean    | 0.794       |
|    medium/defense_damage_reward_mean | 0.0953      |
|    medium/defense_destroy_reward_... | 0.0186      |
|    medium/defenses_destroyed_mean    | 3.71        |
|    medium/ep_len_mean                | 69.9        |
|    medium/ep_rew_mean                | 3.31        |
|    medium/episodes_window            | 200         |
|    medium/freeze_casts_mean          | 1.95        |
|    medium/freeze_effect_reward_mean  | 0.0554      |
|    medium/frozen_threat_damage_pc... | 0.0487      |
|    medium/frozen_threat_ticks_mean   | 40.9        |
|    medium/objective_shaping_rewar... | 0.25        |
|    medium/p_all_spells_used          | 0.96        |
|    medium/p_damage_ge_90             | 0.55        |
|    medium/p_stars_ge_2               | 0.89        |
|    medium/rage_bonus_damage_pct_mean | 0.0317      |
|    medium/rage_bonus_defense_dama... | 0.0153      |
|    medium/rage_bonus_townhall_dam... | 0.0825      |
|    medium/rage_casts_mean            | 1.98        |
|    medium/rage_effect_reward_mean    | 0.0111      |
|    medium/score_mean                 | 3.07        |
|    medium/spell_casts_mean           | 3.92        |
|    medium/spell_shaping_reward_mean  | 0.0642      |
|    medium/spells_remaining_mean      | 0.075       |
|    medium/stars_mean                 | 2.21        |
|    medium/ticks_mean                 | 695         |
|    medium/townhall_damage_pct_mean   | 0.912       |
|    medium/townhall_damage_reward_... | 0.0912      |
|    medium/townhall_destroy_reward... | 0.0447      |
|    medium/townhall_destroyed_rate    | 0.895       |
|    medium/truncated_rate             | 0.125       |
|    medium/unused_spell_penalty_mean  | 0.00225     |
|    medium/useful_freeze_casts_mean   | 1.95        |
|    medium/useful_rage_casts_mean     | 1.98        |
|    medium/wasted_spell_casts_mean    | 0           |
|    medium/wasted_spell_penalty_mean  | 0           |
| rollout/                             |             |
|    ep_len_mean                       | 62.8        |
|    ep_rew_mean                       | 1.1         |
| throughput/                          |             |
|    env_steps_per_sec                 | 210         |
|    episodes_per_sec                  | 2.9         |
| time/                                |             |
|    fps                               | 205         |
|    iterations                        | 50          |
|    time_elapsed                      | 7961        |
|    total_timesteps                   | 9666560     |
| train/                               |             |
|    approx_kl                         | 0.007083307 |
|    clip_fraction                     | 0.0405      |
|    clip_range                        | 0.2         |
|    entropy_loss                      | -3.99       |
|    explained_variance                | 0.917       |
|    learning_rate                     | 0.0001      |
|    loss                              | -0.0356     |
|    n_updates                         | 2940        |
|    policy_gradient_loss              | -0.0125     |
|    value_loss                        | 0.0611      |
------------------------------------------------------
timesteps=9666624 | env_steps/sec=35.5 | episodes/sec=0.46 | gpu_util_mean=0% gpu_util_max=0% | gpu_mem_mean=2.3/47.8GB
timesteps=9667712 | env_steps/sec=212.6 | episodes/sec=3.32 | gpu_util_mean=0% gpu_util_max=0% | gpu_mem_mean=2.3/47.8GB
timesteps=9668800 | env_steps/sec=213.5 | episodes/sec=3.73 | gpu_util_mean=1% gpu_util_max=1% | gpu_mem_mean=2.3/47.8GB
timesteps=9669888 | env_steps/sec=214.2 | episodes/sec=2.76 | gpu_util_mean=1% gpu_util_max=1% | gpu_mem_mean=2.3/47.8GB
timesteps=9670976 | env_steps/sec=206.7 | episodes/sec=3.80 | gpu_util_mean=0% gpu_util_max=0% | gpu_mem_mean=2.3/47.8GB
timesteps=9672064 | env_steps/sec=217.1 | episodes/sec=2.99 | gpu_util_mean=1% gpu_util_max=1% | gpu_mem_mean=2.3/47.8GB
timesteps=9673216 | env_steps/sec=220.8 | episodes/sec=3.45 | gpu_util_mean=0% gpu_util_max=1% | gpu_mem_mean=2.3/47.8GB
timesteps=9674304 | env_steps/sec=209.7 | episodes/sec=4.05 | gpu_util_mean=0% gpu_util_max=0% | gpu_mem_mean=2.3/47.8GB
timesteps=9675392 | env_steps/sec=204.6 | episodes/sec=3.39 | gpu_util_mean=1% gpu_util_max=1% | gpu_mem_mean=2.3/47.8GB
timesteps=9676480 | env_steps/sec=210.0 | episodes/sec=3.28 | gpu_util_mean=0% gpu_util_max=0% | gpu_mem_mean=2.3/47.8GB
timesteps=9677504 | env_steps/sec=204.2 | episodes/sec=2.59 | gpu_util_mean=0% gpu_util_max=1% | gpu_mem_mean=2.3/47.8GB
timesteps=9678528 | env_steps/sec=204.5 | episodes/sec=3.99 | gpu_util_mean=0% gpu_util_max=1% | gpu_mem_mean=2.3/47.8GB
timesteps=9679616 | env_steps/sec=209.8 | episodes/sec=3.47 | gpu_util_mean=0% gpu_util_max=0% | gpu_mem_mean=2.3/47.8GB
timesteps=9680640 | env_steps/sec=202.3 | episodes/sec=1.78 | gpu_util_mean=0% gpu_util_max=0% | gpu_mem_mean=2.3/47.8GB
timesteps=9681728 | env_steps/sec=210.6 | episodes/sec=4.84 | gpu_util_mean=0% gpu_util_max=1% | gpu_mem_mean=2.3/47.8GB
timesteps=9682816 | env_steps/sec=209.9 | episodes/sec=3.09 | gpu_util_mean=0% gpu_util_max=0% | gpu_mem_mean=2.3/47.8GB
timesteps=9683840 | env_steps/sec=199.7 | episodes/sec=3.12 | gpu_util_mean=0% gpu_util_max=1% | gpu_mem_mean=2.3/47.8GB
timesteps=9684864 | env_steps/sec=200.0 | episodes/sec=2.73 | gpu_util_mean=0% gpu_util_max=1% | gpu_mem_mean=2.3/47.8GB
timesteps=9685952 | env_steps/sec=217.0 | episodes/sec=3.59 | gpu_util_mean=1% gpu_util_max=1% | gpu_mem_mean=2.3/47.8GB
timesteps=9687040 | env_steps/sec=216.3 | episodes/sec=3.98 | gpu_util_mean=0% gpu_util_max=1% | gpu_mem_mean=2.3/47.8GB
timesteps=9688128 | env_steps/sec=213.0 | episodes/sec=2.74 | gpu_util_mean=0% gpu_util_max=1% | gpu_mem_mean=2.3/47.8GB
timesteps=9689280 | env_steps/sec=217.9 | episodes/sec=3.97 | gpu_util_mean=0% gpu_util_max=1% | gpu_mem_mean=2.3/47.8GB
timesteps=9690368 | env_steps/sec=209.1 | episodes/sec=2.69 | gpu_util_mean=0% gpu_util_max=0% | gpu_mem_mean=2.3/47.8GB
timesteps=9691456 | env_steps/sec=212.7 | episodes/sec=3.52 | gpu_util_mean=0% gpu_util_max=1% | gpu_mem_mean=2.3/47.8GB
timesteps=9692544 | env_steps/sec=207.3 | episodes/sec=3.62 | gpu_util_mean=0% gpu_util_max=1% | gpu_mem_mean=2.3/47.8GB
timesteps=9693632 | env_steps/sec=212.5 | episodes/sec=3.71 | gpu_util_mean=0% gpu_util_max=0% | gpu_mem_mean=2.3/47.8GB
timesteps=9694720 | env_steps/sec=214.0 | episodes/sec=3.34 | gpu_util_mean=16% gpu_util_max=32% | gpu_mem_mean=2.3/47.8GB
timesteps=9695872 | env_steps/sec=221.4 | episodes/sec=3.46 | gpu_util_mean=0% gpu_util_max=0% | gpu_mem_mean=2.3/47.8GB
timesteps=9697024 | env_steps/sec=218.5 | episodes/sec=3.41 | gpu_util_mean=0% gpu_util_max=1% | gpu_mem_mean=2.3/47.8GB
timesteps=9698112 | env_steps/sec=211.7 | episodes/sec=4.09 | gpu_util_mean=0% gpu_util_max=0% | gpu_mem_mean=2.3/47.8GB
timesteps=9699200 | env_steps/sec=210.1 | episodes/sec=1.54 | gpu_util_mean=1% gpu_util_max=1% | gpu_mem_mean=2.3/47.8GB
------------------------------------------------------
| gpu/                                 |             |
|    gpu_count                         | 2           |
|    gpu_mem_total_gb_mean             | 47.8        |
|    gpu_mem_used_gb_mean              | 2.33        |
|    gpu_util_pct_max                  | 1           |
|    gpu_util_pct_mean                 | 1           |
| profile/                             |             |
|    hard/damage_mean                  | 0.341       |
|    hard/defense_damage_pct_mean      | 0.338       |
|    hard/defense_damage_reward_mean   | 0.0405      |
|    hard/defense_destroy_reward_mean  | 0.0115      |
|    hard/defenses_destroyed_mean      | 2.29        |
|    hard/ep_len_mean                  | 60.5        |
|    hard/ep_rew_mean                  | 0.617       |
|    hard/episodes_window              | 200         |
|    hard/freeze_casts_mean            | 1.98        |
|    hard/freeze_effect_reward_mean    | 0.0737      |
|    hard/frozen_threat_damage_pct_... | 0.0655      |
|    hard/frozen_threat_ticks_mean     | 62.1        |
|    hard/objective_shaping_reward_... | 0.0741      |
|    hard/p_all_spells_used            | 0.985       |
|    hard/p_damage_ge_90               | 0           |
|    hard/p_stars_ge_2                 | 0.05        |
|    hard/rage_bonus_damage_pct_mean   | 0.0104      |
|    hard/rage_bonus_defense_damage... | 0.00784     |
|    hard/rage_bonus_townhall_damag... | 0.0158      |
|    hard/rage_casts_mean              | 2           |
|    hard/rage_effect_reward_mean      | 0.00363     |
|    hard/score_mean                   | 0.526       |
|    hard/spell_casts_mean             | 3.98        |
|    hard/spell_shaping_reward_mean    | 0.0766      |
|    hard/spells_remaining_mean        | 0.025       |
|    hard/stars_mean                   | 0.185       |
|    hard/ticks_mean                   | 601         |
|    hard/townhall_damage_pct_mean     | 0.178       |
|    hard/townhall_damage_reward_mean  | 0.0178      |
|    hard/townhall_destroy_reward_mean | 0.00425     |
|    hard/townhall_destroyed_rate      | 0.085       |
|    hard/truncated_rate               | 0.005       |
|    hard/unused_spell_penalty_mean    | 0.00075     |
|    hard/useful_freeze_casts_mean     | 1.98        |
|    hard/useful_rage_casts_mean       | 2           |
|    hard/wasted_spell_casts_mean      | 0           |
|    hard/wasted_spell_penalty_mean    | 0           |
|    medium/damage_mean                | 0.833       |
|    medium/defense_damage_pct_mean    | 0.783       |
|    medium/defense_damage_reward_mean | 0.0939      |
|    medium/defense_destroy_reward_... | 0.0181      |
|    medium/defenses_destroyed_mean    | 3.61        |
|    medium/ep_len_mean                | 70.6        |
|    medium/ep_rew_mean                | 3.2         |
|    medium/episodes_window            | 200         |
|    medium/freeze_casts_mean          | 1.98        |
|    medium/freeze_effect_reward_mean  | 0.0577      |
|    medium/frozen_threat_damage_pc... | 0.0504      |
|    medium/frozen_threat_ticks_mean   | 43.4        |
|    medium/objective_shaping_rewar... | 0.242       |
|    medium/p_all_spells_used          | 0.965       |
|    medium/p_damage_ge_90             | 0.49        |
|    medium/p_stars_ge_2               | 0.855       |
|    medium/rage_bonus_damage_pct_mean | 0.0289      |
|    medium/rage_bonus_defense_dama... | 0.0128      |
|    medium/rage_bonus_townhall_dam... | 0.0708      |
|    medium/rage_casts_mean            | 1.98        |
|    medium/rage_effect_reward_mean    | 0.0101      |
|    medium/score_mean                 | 2.96        |
|    medium/spell_casts_mean           | 3.96        |
|    medium/spell_shaping_reward_mean  | 0.0664      |
|    medium/spells_remaining_mean      | 0.045       |
|    medium/stars_mean                 | 2.12        |
|    medium/ticks_mean                 | 702         |
|    medium/townhall_damage_pct_mean   | 0.877       |
|    medium/townhall_damage_reward_... | 0.0877      |
|    medium/townhall_destroy_reward... | 0.0427      |
|    medium/townhall_destroyed_rate    | 0.855       |
|    medium/truncated_rate             | 0.115       |
|    medium/unused_spell_penalty_mean  | 0.00135     |
|    medium/useful_freeze_casts_mean   | 1.98        |
|    medium/useful_rage_casts_mean     | 1.98        |
|    medium/wasted_spell_casts_mean    | 0           |
|    medium/wasted_spell_penalty_mean  | 0           |
| rollout/                             |             |
|    ep_len_mean                       | 62.2        |
|    ep_rew_mean                       | 1.15        |
| throughput/                          |             |
|    env_steps_per_sec                 | 210         |
|    episodes_per_sec                  | 1.54        |
| time/                                |             |
|    fps                               | 205         |
|    iterations                        | 51          |
|    time_elapsed                      | 8125        |
|    total_timesteps                   | 9699328     |
| train/                               |             |
|    approx_kl                         | 0.007842832 |
|    clip_fraction                     | 0.0351      |
|    clip_range                        | 0.2         |
|    entropy_loss                      | -4.04       |
|    explained_variance                | 0.915       |
|    learning_rate                     | 0.0001      |
|    loss                              | -0.0314     |
|    n_updates                         | 2950        |
|    policy_gradient_loss              | -0.0113     |
|    value_loss                        | 0.0587      |
------------------------------------------------------
timesteps=9699392 | env_steps/sec=25.1 | episodes/sec=0.39 | gpu_util_mean=0% gpu_util_max=0% | gpu_mem_mean=2.3/47.8GB
timesteps=9700480 | env_steps/sec=215.2 | episodes/sec=4.55 | gpu_util_mean=0% gpu_util_max=0% | gpu_mem_mean=2.3/47.8GB
timesteps=9701568 | env_steps/sec=215.1 | episodes/sec=3.36 | gpu_util_mean=0% gpu_util_max=0% | gpu_mem_mean=2.3/47.8GB
timesteps=9702656 | env_steps/sec=214.5 | episodes/sec=3.35 | gpu_util_mean=0% gpu_util_max=0% | gpu_mem_mean=2.3/47.8GB
timesteps=9703680 | env_steps/sec=204.3 | episodes/sec=2.99 | gpu_util_mean=0% gpu_util_max=1% | gpu_mem_mean=2.3/47.8GB
timesteps=9704768 | env_steps/sec=213.3 | episodes/sec=3.92 | gpu_util_mean=0% gpu_util_max=1% | gpu_mem_mean=2.3/47.8GB
timesteps=9705856 | env_steps/sec=213.8 | episodes/sec=3.14 | gpu_util_mean=0% gpu_util_max=0% | gpu_mem_mean=2.3/47.8GB
timesteps=9706944 | env_steps/sec=210.4 | episodes/sec=2.90 | gpu_util_mean=1% gpu_util_max=1% | gpu_mem_mean=2.3/47.8GB
timesteps=9708096 | env_steps/sec=222.2 | episodes/sec=4.63 | gpu_util_mean=0% gpu_util_max=0% | gpu_mem_mean=2.3/47.8GB
timesteps=9709248 | env_steps/sec=218.6 | episodes/sec=2.66 | gpu_util_mean=0% gpu_util_max=1% | gpu_mem_mean=2.3/47.8GB
timesteps=9710336 | env_steps/sec=207.7 | episodes/sec=4.01 | gpu_util_mean=1% gpu_util_max=1% | gpu_mem_mean=2.3/47.8GB
timesteps=9711424 | env_steps/sec=215.3 | episodes/sec=2.18 | gpu_util_mean=0% gpu_util_max=0% | gpu_mem_mean=2.3/47.8GB
timesteps=9712512 | env_steps/sec=215.1 | episodes/sec=4.75 | gpu_util_mean=1% gpu_util_max=1% | gpu_mem_mean=2.3/47.8GB
timesteps=9713600 | env_steps/sec=216.3 | episodes/sec=2.19 | gpu_util_mean=0% gpu_util_max=1% | gpu_mem_mean=2.3/47.8GB
timesteps=9714688 | env_steps/sec=210.4 | episodes/sec=3.67 | gpu_util_mean=0% gpu_util_max=0% | gpu_mem_mean=2.3/47.8GB
timesteps=9715776 | env_steps/sec=208.8 | episodes/sec=3.45 | gpu_util_mean=0% gpu_util_max=1% | gpu_mem_mean=2.3/47.8GB
timesteps=9716864 | env_steps/sec=205.5 | episodes/sec=3.21 | gpu_util_mean=0% gpu_util_max=0% | gpu_mem_mean=2.3/47.8GB
timesteps=9717952 | env_steps/sec=211.6 | episodes/sec=3.11 | gpu_util_mean=1% gpu_util_max=1% | gpu_mem_mean=2.3/47.8GB
timesteps=9719040 | env_steps/sec=206.0 | episodes/sec=3.03 | gpu_util_mean=0% gpu_util_max=1% | gpu_mem_mean=2.3/47.8GB
timesteps=9720192 | env_steps/sec=217.6 | episodes/sec=3.97 | gpu_util_mean=0% gpu_util_max=1% | gpu_mem_mean=2.3/47.8GB
timesteps=9721280 | env_steps/sec=210.0 | episodes/sec=3.28 | gpu_util_mean=0% gpu_util_max=1% | gpu_mem_mean=2.3/47.8GB
timesteps=9722368 | env_steps/sec=210.3 | episodes/sec=3.86 | gpu_util_mean=0% gpu_util_max=1% | gpu_mem_mean=2.3/47.8GB
timesteps=9723456 | env_steps/sec=207.5 | episodes/sec=2.48 | gpu_util_mean=0% gpu_util_max=0% | gpu_mem_mean=2.3/47.8GB
timesteps=9724544 | env_steps/sec=216.0 | episodes/sec=3.77 | gpu_util_mean=0% gpu_util_max=0% | gpu_mem_mean=2.3/47.8GB
timesteps=9725632 | env_steps/sec=213.3 | episodes/sec=3.72 | gpu_util_mean=0% gpu_util_max=1% | gpu_mem_mean=2.3/47.8GB
timesteps=9726720 | env_steps/sec=214.9 | episodes/sec=3.36 | gpu_util_mean=0% gpu_util_max=0% | gpu_mem_mean=2.3/47.8GB
timesteps=9727808 | env_steps/sec=207.4 | episodes/sec=2.48 | gpu_util_mean=0% gpu_util_max=0% | gpu_mem_mean=2.3/47.8GB
timesteps=9728896 | env_steps/sec=208.7 | episodes/sec=4.03 | gpu_util_mean=0% gpu_util_max=1% | gpu_mem_mean=2.3/47.8GB
timesteps=9729984 | env_steps/sec=206.4 | episodes/sec=3.41 | gpu_util_mean=0% gpu_util_max=0% | gpu_mem_mean=2.3/47.8GB
timesteps=9731008 | env_steps/sec=203.7 | episodes/sec=2.78 | gpu_util_mean=0% gpu_util_max=1% | gpu_mem_mean=2.3/47.8GB
timesteps=9732096 | env_steps/sec=210.5 | episodes/sec=3.29 | gpu_util_mean=0% gpu_util_max=0% | gpu_mem_mean=2.3/47.8GB
-------------------------------------------------------
| gpu/                                 |              |
|    gpu_count                         | 2            |
|    gpu_mem_total_gb_mean             | 47.8         |
|    gpu_mem_used_gb_mean              | 2.33         |
|    gpu_util_pct_max                  | 0            |
|    gpu_util_pct_mean                 | 0            |
| profile/                             |              |
|    hard/damage_mean                  | 0.356        |
|    hard/defense_damage_pct_mean      | 0.35         |
|    hard/defense_damage_reward_mean   | 0.042        |
|    hard/defense_destroy_reward_mean  | 0.0123       |
|    hard/defenses_destroyed_mean      | 2.46         |
|    hard/ep_len_mean                  | 61.4         |
|    hard/ep_rew_mean                  | 0.626        |
|    hard/episodes_window              | 200          |
|    hard/freeze_casts_mean            | 2            |
|    hard/freeze_effect_reward_mean    | 0.0753       |
|    hard/frozen_threat_damage_pct_... | 0.0658       |
|    hard/frozen_threat_ticks_mean     | 62.3         |
|    hard/objective_shaping_reward_... | 0.0772       |
|    hard/p_all_spells_used            | 0.99         |
|    hard/p_damage_ge_90               | 0            |
|    hard/p_stars_ge_2                 | 0.055        |
|    hard/rage_bonus_damage_pct_mean   | 0.0101       |
|    hard/rage_bonus_defense_damage... | 0.00716      |
|    hard/rage_bonus_townhall_damag... | 0.0142       |
|    hard/rage_casts_mean              | 2            |
|    hard/rage_effect_reward_mean      | 0.00353      |
|    hard/score_mean                   | 0.531        |
|    hard/spell_casts_mean             | 3.99         |
|    hard/spell_shaping_reward_mean    | 0.0785       |
|    hard/spells_remaining_mean        | 0.01         |
|    hard/stars_mean                   | 0.175        |
|    hard/ticks_mean                   | 610          |
|    hard/townhall_damage_pct_mean     | 0.187        |
|    hard/townhall_damage_reward_mean  | 0.0187       |
|    hard/townhall_destroy_reward_mean | 0.00425      |
|    hard/townhall_destroyed_rate      | 0.085        |
|    hard/truncated_rate               | 0.015        |
|    hard/unused_spell_penalty_mean    | 0.0003       |
|    hard/useful_freeze_casts_mean     | 2            |
|    hard/useful_rage_casts_mean       | 2            |
|    hard/wasted_spell_casts_mean      | 0            |
|    hard/wasted_spell_penalty_mean    | 0            |
|    medium/damage_mean                | 0.862        |
|    medium/defense_damage_pct_mean    | 0.816        |
|    medium/defense_damage_reward_mean | 0.0979       |
|    medium/defense_destroy_reward_... | 0.019        |
|    medium/defenses_destroyed_mean    | 3.81         |
|    medium/ep_len_mean                | 69.6         |
|    medium/ep_rew_mean                | 3.33         |
|    medium/episodes_window            | 200          |
|    medium/freeze_casts_mean          | 1.93         |
|    medium/freeze_effect_reward_mean  | 0.0574       |
|    medium/frozen_threat_damage_pc... | 0.0512       |
|    medium/frozen_threat_ticks_mean   | 43.2         |
|    medium/objective_shaping_rewar... | 0.251        |
|    medium/p_all_spells_used          | 0.93         |
|    medium/p_damage_ge_90             | 0.565        |
|    medium/p_stars_ge_2               | 0.86         |
|    medium/rage_bonus_damage_pct_mean | 0.0332       |
|    medium/rage_bonus_defense_dama... | 0.0145       |
|    medium/rage_bonus_townhall_dam... | 0.0851       |
|    medium/rage_casts_mean            | 1.97         |
|    medium/rage_effect_reward_mean    | 0.0116       |
|    medium/score_mean                 | 3.08         |
|    medium/spell_casts_mean           | 3.9          |
|    medium/spell_shaping_reward_mean  | 0.0659       |
|    medium/spells_remaining_mean      | 0.105        |
|    medium/stars_mean                 | 2.22         |
|    medium/ticks_mean                 | 692          |
|    medium/townhall_damage_pct_mean   | 0.903        |
|    medium/townhall_damage_reward_... | 0.0903       |
|    medium/townhall_destroy_reward... | 0.0432       |
|    medium/townhall_destroyed_rate    | 0.865        |
|    medium/truncated_rate             | 0.115        |
|    medium/unused_spell_penalty_mean  | 0.00315      |
|    medium/useful_freeze_casts_mean   | 1.93         |
|    medium/useful_rage_casts_mean     | 1.97         |
|    medium/wasted_spell_casts_mean    | 0            |
|    medium/wasted_spell_penalty_mean  | 0            |
| rollout/                             |              |
|    ep_len_mean                       | 62.9         |
|    ep_rew_mean                       | 1.3          |
| throughput/                          |              |
|    env_steps_per_sec                 | 211          |
|    episodes_per_sec                  | 3.29         |
| time/                                |              |
|    fps                               | 205          |
|    iterations                        | 52           |
|    time_elapsed                      | 8287         |
|    total_timesteps                   | 9732096      |
| train/                               |              |
|    approx_kl                         | 0.0058481502 |
|    clip_fraction                     | 0.0259       |
|    clip_range                        | 0.2          |
|    entropy_loss                      | -4.04        |
|    explained_variance                | 0.916        |
|    learning_rate                     | 0.0001       |
|    loss                              | -0.0305      |
|    n_updates                         | 2960         |
|    policy_gradient_loss              | -0.0101      |
|    value_loss                        | 0.0616       |
-------------------------------------------------------
timesteps=9732160 | env_steps/sec=8.2 | episodes/sec=0.26 | gpu_util_mean=0% gpu_util_max=1% | gpu_mem_mean=2.3/47.8GB
timesteps=9733248 | env_steps/sec=209.8 | episodes/sec=3.47 | gpu_util_mean=0% gpu_util_max=0% | gpu_mem_mean=2.3/47.8GB
timesteps=9734272 | env_steps/sec=204.0 | episodes/sec=3.39 | gpu_util_mean=0% gpu_util_max=0% | gpu_mem_mean=2.3/47.8GB
timesteps=9735296 | env_steps/sec=199.8 | episodes/sec=2.34 | gpu_util_mean=1% gpu_util_max=1% | gpu_mem_mean=2.3/47.8GB
timesteps=9736320 | env_steps/sec=199.5 | episodes/sec=3.90 | gpu_util_mean=0% gpu_util_max=1% | gpu_mem_mean=2.3/47.8GB
timesteps=9737408 | env_steps/sec=211.2 | episodes/sec=3.11 | gpu_util_mean=1% gpu_util_max=1% | gpu_mem_mean=2.3/47.8GB
timesteps=9738496 | env_steps/sec=207.2 | episodes/sec=3.05 | gpu_util_mean=0% gpu_util_max=1% | gpu_mem_mean=2.3/47.8GB
timesteps=9739584 | env_steps/sec=211.9 | episodes/sec=3.51 | gpu_util_mean=0% gpu_util_max=1% | gpu_mem_mean=2.3/47.8GB
timesteps=9740736 | env_steps/sec=217.8 | episodes/sec=3.40 | gpu_util_mean=1% gpu_util_max=1% | gpu_mem_mean=2.3/47.8GB
timesteps=9741824 | env_steps/sec=206.9 | episodes/sec=3.99 | gpu_util_mean=1% gpu_util_max=1% | gpu_mem_mean=2.3/47.8GB
timesteps=9742976 | env_steps/sec=221.4 | episodes/sec=3.07 | gpu_util_mean=0% gpu_util_max=0% | gpu_mem_mean=2.3/47.8GB
timesteps=9744064 | env_steps/sec=212.3 | episodes/sec=3.12 | gpu_util_mean=0% gpu_util_max=1% | gpu_mem_mean=2.3/47.8GB
timesteps=9745152 | env_steps/sec=214.9 | episodes/sec=3.55 | gpu_util_mean=0% gpu_util_max=0% | gpu_mem_mean=2.3/47.8GB
timesteps=9746240 | env_steps/sec=208.1 | episodes/sec=3.06 | gpu_util_mean=0% gpu_util_max=0% | gpu_mem_mean=2.3/47.8GB
timesteps=9747328 | env_steps/sec=210.7 | episodes/sec=3.29 | gpu_util_mean=0% gpu_util_max=0% | gpu_mem_mean=2.3/47.8GB
timesteps=9748416 | env_steps/sec=208.6 | episodes/sec=3.07 | gpu_util_mean=1% gpu_util_max=1% | gpu_mem_mean=2.3/47.8GB
timesteps=9749504 | env_steps/sec=213.8 | episodes/sec=3.54 | gpu_util_mean=0% gpu_util_max=1% | gpu_mem_mean=2.3/47.8GB
timesteps=9750592 | env_steps/sec=211.9 | episodes/sec=3.89 | gpu_util_mean=0% gpu_util_max=1% | gpu_mem_mean=2.3/47.8GB
timesteps=9751680 | env_steps/sec=210.5 | episodes/sec=2.71 | gpu_util_mean=1% gpu_util_max=1% | gpu_mem_mean=2.3/47.8GB
timesteps=9752768 | env_steps/sec=214.8 | episodes/sec=2.96 | gpu_util_mean=1% gpu_util_max=1% | gpu_mem_mean=2.3/47.8GB
timesteps=9753856 | env_steps/sec=209.8 | episodes/sec=3.86 | gpu_util_mean=0% gpu_util_max=0% | gpu_mem_mean=2.3/47.8GB
timesteps=9754944 | env_steps/sec=211.3 | episodes/sec=2.91 | gpu_util_mean=0% gpu_util_max=1% | gpu_mem_mean=2.3/47.8GB
timesteps=9756032 | env_steps/sec=214.5 | episodes/sec=3.94 | gpu_util_mean=0% gpu_util_max=1% | gpu_mem_mean=2.3/47.8GB
timesteps=9757120 | env_steps/sec=207.2 | episodes/sec=2.67 | gpu_util_mean=0% gpu_util_max=0% | gpu_mem_mean=2.3/47.8GB
timesteps=9758208 | env_steps/sec=217.6 | episodes/sec=3.80 | gpu_util_mean=0% gpu_util_max=0% | gpu_mem_mean=2.3/47.8GB
timesteps=9759296 | env_steps/sec=205.5 | episodes/sec=2.83 | gpu_util_mean=18% gpu_util_max=36% | gpu_mem_mean=2.3/47.8GB
timesteps=9760384 | env_steps/sec=209.8 | episodes/sec=4.24 | gpu_util_mean=0% gpu_util_max=0% | gpu_mem_mean=2.3/47.8GB
timesteps=9761408 | env_steps/sec=200.7 | episodes/sec=2.35 | gpu_util_mean=0% gpu_util_max=1% | gpu_mem_mean=2.3/47.8GB
timesteps=9762496 | env_steps/sec=210.8 | episodes/sec=4.07 | gpu_util_mean=0% gpu_util_max=0% | gpu_mem_mean=2.3/47.8GB
timesteps=9763584 | env_steps/sec=209.2 | episodes/sec=1.92 | gpu_util_mean=0% gpu_util_max=1% | gpu_mem_mean=2.3/47.8GB
timesteps=9764672 | env_steps/sec=209.7 | episodes/sec=4.43 | gpu_util_mean=0% gpu_util_max=0% | gpu_mem_mean=2.3/47.8GB
------------------------------------------------------
| gpu/                                 |             |
|    gpu_count                         | 2           |
|    gpu_mem_total_gb_mean             | 47.8        |
|    gpu_mem_used_gb_mean              | 2.33        |
|    gpu_util_pct_max                  | 0           |
|    gpu_util_pct_mean                 | 0           |
| profile/                             |             |
|    hard/damage_mean                  | 0.359       |
|    hard/defense_damage_pct_mean      | 0.343       |
|    hard/defense_damage_reward_mean   | 0.0411      |
|    hard/defense_destroy_reward_mean  | 0.0121      |
|    hard/defenses_destroyed_mean      | 2.42        |
|    hard/ep_len_mean                  | 62          |
|    hard/ep_rew_mean                  | 0.662       |
|    hard/episodes_window              | 200         |
|    hard/freeze_casts_mean            | 2           |
|    hard/freeze_effect_reward_mean    | 0.0732      |
|    hard/frozen_threat_damage_pct_... | 0.0634      |
|    hard/frozen_threat_ticks_mean     | 61.8        |
|    hard/objective_shaping_reward_... | 0.0792      |
|    hard/p_all_spells_used            | 0.99        |
|    hard/p_damage_ge_90               | 0           |
|    hard/p_stars_ge_2                 | 0.06        |
|    hard/rage_bonus_damage_pct_mean   | 0.00937     |
|    hard/rage_bonus_defense_damage... | 0.00569     |
|    hard/rage_bonus_townhall_damag... | 0.0187      |
|    hard/rage_casts_mean              | 1.99        |
|    hard/rage_effect_reward_mean      | 0.00328     |
|    hard/score_mean                   | 0.569       |
|    hard/spell_casts_mean             | 3.98        |
|    hard/spell_shaping_reward_mean    | 0.0761      |
|    hard/spells_remaining_mean        | 0.015       |
|    hard/stars_mean                   | 0.21        |
|    hard/ticks_mean                   | 615         |
|    hard/townhall_damage_pct_mean     | 0.197       |
|    hard/townhall_damage_reward_mean  | 0.0197      |
|    hard/townhall_destroy_reward_mean | 0.00625     |
|    hard/townhall_destroyed_rate      | 0.125       |
|    hard/truncated_rate               | 0.025       |
|    hard/unused_spell_penalty_mean    | 0.00045     |
|    hard/useful_freeze_casts_mean     | 2           |
|    hard/useful_rage_casts_mean       | 1.99        |
|    hard/wasted_spell_casts_mean      | 0           |
|    hard/wasted_spell_penalty_mean    | 0           |
|    medium/damage_mean                | 0.864       |
|    medium/defense_damage_pct_mean    | 0.809       |
|    medium/defense_damage_reward_mean | 0.097       |
|    medium/defense_destroy_reward_... | 0.0191      |
|    medium/defenses_destroyed_mean    | 3.81        |
|    medium/ep_len_mean                | 69.4        |
|    medium/ep_rew_mean                | 3.38        |
|    medium/episodes_window            | 200         |
|    medium/freeze_casts_mean          | 1.9         |
|    medium/freeze_effect_reward_mean  | 0.0584      |
|    medium/frozen_threat_damage_pc... | 0.0515      |
|    medium/frozen_threat_ticks_mean   | 43          |
|    medium/objective_shaping_rewar... | 0.255       |
|    medium/p_all_spells_used          | 0.905       |
|    medium/p_damage_ge_90             | 0.56        |
|    medium/p_stars_ge_2               | 0.9         |
|    medium/rage_bonus_damage_pct_mean | 0.0321      |
|    medium/rage_bonus_defense_dama... | 0.0125      |
|    medium/rage_bonus_townhall_dam... | 0.0898      |
|    medium/rage_casts_mean            | 1.95        |
|    medium/rage_effect_reward_mean    | 0.0112      |
|    medium/score_mean                 | 3.12        |
|    medium/spell_casts_mean           | 3.85        |
|    medium/spell_shaping_reward_mean  | 0.0651      |
|    medium/spells_remaining_mean      | 0.15        |
|    medium/stars_mean                 | 2.26        |
|    medium/ticks_mean                 | 690         |
|    medium/townhall_damage_pct_mean   | 0.937       |
|    medium/townhall_damage_reward_... | 0.0937      |
|    medium/townhall_destroy_reward... | 0.0453      |
|    medium/townhall_destroyed_rate    | 0.905       |
|    medium/truncated_rate             | 0.105       |
|    medium/unused_spell_penalty_mean  | 0.0045      |
|    medium/useful_freeze_casts_mean   | 1.9         |
|    medium/useful_rage_casts_mean     | 1.95        |
|    medium/wasted_spell_casts_mean    | 0           |
|    medium/wasted_spell_penalty_mean  | 0           |
| rollout/                             |             |
|    ep_len_mean                       | 63.2        |
|    ep_rew_mean                       | 1.16        |
| throughput/                          |             |
|    env_steps_per_sec                 | 210         |
|    episodes_per_sec                  | 4.43        |
| time/                                |             |
|    fps                               | 205         |
|    iterations                        | 53          |
|    time_elapsed                      | 8450        |
|    total_timesteps                   | 9764864     |
| train/                               |             |
|    approx_kl                         | 0.008319692 |
|    clip_fraction                     | 0.0491      |
|    clip_range                        | 0.2         |
|    entropy_loss                      | -4.01       |
|    explained_variance                | 0.927       |
|    learning_rate                     | 0.0001      |
|    loss                              | -0.0311     |
|    n_updates                         | 2970        |
|    policy_gradient_loss              | -0.0128     |
|    value_loss                        | 0.0516      |
------------------------------------------------------
timesteps=9764928 | env_steps/sec=14.7 | episodes/sec=0.11 | gpu_util_mean=0% gpu_util_max=0% | gpu_mem_mean=2.3/47.8GB
timesteps=9766016 | env_steps/sec=211.4 | episodes/sec=3.89 | gpu_util_mean=0% gpu_util_max=1% | gpu_mem_mean=2.3/47.8GB
timesteps=9767104 | env_steps/sec=213.9 | episodes/sec=2.95 | gpu_util_mean=0% gpu_util_max=0% | gpu_mem_mean=2.3/47.8GB
timesteps=9768192 | env_steps/sec=212.6 | episodes/sec=3.13 | gpu_util_mean=1% gpu_util_max=1% | gpu_mem_mean=2.3/47.8GB
timesteps=9769280 | env_steps/sec=214.4 | episodes/sec=2.96 | gpu_util_mean=0% gpu_util_max=1% | gpu_mem_mean=2.3/47.8GB
timesteps=9770368 | env_steps/sec=215.8 | episodes/sec=4.56 | gpu_util_mean=0% gpu_util_max=1% | gpu_mem_mean=2.3/47.8GB
timesteps=9771392 | env_steps/sec=203.9 | episodes/sec=2.99 | gpu_util_mean=0% gpu_util_max=1% | gpu_mem_mean=2.3/47.8GB
timesteps=9772480 | env_steps/sec=207.0 | episodes/sec=2.28 | gpu_util_mean=0% gpu_util_max=0% | gpu_mem_mean=2.3/47.8GB
timesteps=9773568 | env_steps/sec=207.0 | episodes/sec=4.38 | gpu_util_mean=0% gpu_util_max=0% | gpu_mem_mean=2.3/47.8GB
timesteps=9774656 | env_steps/sec=215.1 | episodes/sec=4.15 | gpu_util_mean=0% gpu_util_max=1% | gpu_mem_mean=2.3/47.8GB
timesteps=9775808 | env_steps/sec=219.4 | episodes/sec=2.48 | gpu_util_mean=1% gpu_util_max=1% | gpu_mem_mean=2.3/47.8GB
timesteps=9776896 | env_steps/sec=205.0 | episodes/sec=2.83 | gpu_util_mean=0% gpu_util_max=0% | gpu_mem_mean=2.3/47.8GB
timesteps=9777984 | env_steps/sec=206.5 | episodes/sec=3.80 | gpu_util_mean=0% gpu_util_max=1% | gpu_mem_mean=2.3/47.8GB
timesteps=9779072 | env_steps/sec=209.4 | episodes/sec=3.85 | gpu_util_mean=0% gpu_util_max=1% | gpu_mem_mean=2.3/47.8GB
timesteps=9780096 | env_steps/sec=204.8 | episodes/sec=1.80 | gpu_util_mean=0% gpu_util_max=1% | gpu_mem_mean=2.3/47.8GB
timesteps=9781184 | env_steps/sec=212.2 | episodes/sec=4.10 | gpu_util_mean=0% gpu_util_max=0% | gpu_mem_mean=2.3/47.8GB
timesteps=9782272 | env_steps/sec=209.0 | episodes/sec=4.03 | gpu_util_mean=0% gpu_util_max=1% | gpu_mem_mean=2.3/47.8GB
timesteps=9783296 | env_steps/sec=200.9 | episodes/sec=2.55 | gpu_util_mean=0% gpu_util_max=0% | gpu_mem_mean=2.3/47.8GB
timesteps=9784384 | env_steps/sec=213.0 | episodes/sec=3.33 | gpu_util_mean=1% gpu_util_max=1% | gpu_mem_mean=2.3/47.8GB
timesteps=9785472 | env_steps/sec=208.5 | episodes/sec=3.64 | gpu_util_mean=0% gpu_util_max=1% | gpu_mem_mean=2.3/47.8GB
timesteps=9786560 | env_steps/sec=213.7 | episodes/sec=3.73 | gpu_util_mean=0% gpu_util_max=1% | gpu_mem_mean=2.3/47.8GB
timesteps=9787584 | env_steps/sec=193.3 | episodes/sec=2.45 | gpu_util_mean=0% gpu_util_max=0% | gpu_mem_mean=2.3/47.8GB
timesteps=9788672 | env_steps/sec=206.3 | episodes/sec=3.60 | gpu_util_mean=0% gpu_util_max=0% | gpu_mem_mean=2.3/47.8GB
timesteps=9789760 | env_steps/sec=209.1 | episodes/sec=2.88 | gpu_util_mean=17% gpu_util_max=33% | gpu_mem_mean=2.3/47.8GB
timesteps=9790848 | env_steps/sec=213.2 | episodes/sec=3.33 | gpu_util_mean=0% gpu_util_max=0% | gpu_mem_mean=2.3/47.8GB
timesteps=9791936 | env_steps/sec=209.7 | episodes/sec=3.66 | gpu_util_mean=1% gpu_util_max=1% | gpu_mem_mean=2.3/47.8GB
timesteps=9792960 | env_steps/sec=204.3 | episodes/sec=3.79 | gpu_util_mean=0% gpu_util_max=1% | gpu_mem_mean=2.3/47.8GB
timesteps=9794048 | env_steps/sec=207.1 | episodes/sec=3.43 | gpu_util_mean=0% gpu_util_max=1% | gpu_mem_mean=2.3/47.8GB
timesteps=9795136 | env_steps/sec=205.3 | episodes/sec=2.64 | gpu_util_mean=0% gpu_util_max=0% | gpu_mem_mean=2.3/47.8GB
timesteps=9796160 | env_steps/sec=198.3 | episodes/sec=3.10 | gpu_util_mean=0% gpu_util_max=1% | gpu_mem_mean=2.3/47.8GB
timesteps=9797248 | env_steps/sec=208.0 | episodes/sec=3.63 | gpu_util_mean=0% gpu_util_max=1% | gpu_mem_mean=2.3/47.8GB
------------------------------------------------------
| gpu/                                 |             |
|    gpu_count                         | 2           |
|    gpu_mem_total_gb_mean             | 47.8        |
|    gpu_mem_used_gb_mean              | 2.33        |
|    gpu_util_pct_max                  | 1           |
|    gpu_util_pct_mean                 | 0.5         |
| profile/                             |             |
|    hard/damage_mean                  | 0.345       |
|    hard/defense_damage_pct_mean      | 0.329       |
|    hard/defense_damage_reward_mean   | 0.0395      |
|    hard/defense_destroy_reward_mean  | 0.0115      |
|    hard/defenses_destroyed_mean      | 2.29        |
|    hard/ep_len_mean                  | 60.7        |
|    hard/ep_rew_mean                  | 0.651       |
|    hard/episodes_window              | 200         |
|    hard/freeze_casts_mean            | 2           |
|    hard/freeze_effect_reward_mean    | 0.0735      |
|    hard/frozen_threat_damage_pct_... | 0.0636      |
|    hard/frozen_threat_ticks_mean     | 62.5        |
|    hard/objective_shaping_reward_... | 0.0799      |
|    hard/p_all_spells_used            | 1           |
|    hard/p_damage_ge_90               | 0           |
|    hard/p_stars_ge_2                 | 0.055       |
|    hard/rage_bonus_damage_pct_mean   | 0.00937     |
|    hard/rage_bonus_defense_damage... | 0.00699     |
|    hard/rage_bonus_townhall_damag... | 0.0157      |
|    hard/rage_casts_mean              | 2           |
|    hard/rage_effect_reward_mean      | 0.00328     |
|    hard/score_mean                   | 0.555       |
|    hard/spell_casts_mean             | 4           |
|    hard/spell_shaping_reward_mean    | 0.0768      |
|    hard/spells_remaining_mean        | 0           |
|    hard/stars_mean                   | 0.21        |
|    hard/ticks_mean                   | 602         |
|    hard/townhall_damage_pct_mean     | 0.222       |
|    hard/townhall_damage_reward_mean  | 0.0222      |
|    hard/townhall_destroy_reward_mean | 0.00675     |
|    hard/townhall_destroyed_rate      | 0.135       |
|    hard/truncated_rate               | 0           |
|    hard/unused_spell_penalty_mean    | 0           |
|    hard/useful_freeze_casts_mean     | 2           |
|    hard/useful_rage_casts_mean       | 2           |
|    hard/wasted_spell_casts_mean      | 0           |
|    hard/wasted_spell_penalty_mean    | 0           |
|    medium/damage_mean                | 0.858       |
|    medium/defense_damage_pct_mean    | 0.804       |
|    medium/defense_damage_reward_mean | 0.0964      |
|    medium/defense_destroy_reward_... | 0.0186      |
|    medium/defenses_destroyed_mean    | 3.73        |
|    medium/ep_len_mean                | 68.5        |
|    medium/ep_rew_mean                | 3.38        |
|    medium/episodes_window            | 200         |
|    medium/freeze_casts_mean          | 1.93        |
|    medium/freeze_effect_reward_mean  | 0.0594      |
|    medium/frozen_threat_damage_pc... | 0.0522      |
|    medium/frozen_threat_ticks_mean   | 44.1        |
|    medium/objective_shaping_rewar... | 0.254       |
|    medium/p_all_spells_used          | 0.905       |
|    medium/p_damage_ge_90             | 0.56        |
|    medium/p_stars_ge_2               | 0.895       |
|    medium/rage_bonus_damage_pct_mean | 0.035       |
|    medium/rage_bonus_defense_dama... | 0.0141      |
|    medium/rage_bonus_townhall_dam... | 0.0976      |
|    medium/rage_casts_mean            | 1.92        |
|    medium/rage_effect_reward_mean    | 0.0122      |
|    medium/score_mean                 | 3.13        |
|    medium/spell_casts_mean           | 3.85        |
|    medium/spell_shaping_reward_mean  | 0.067       |
|    medium/spells_remaining_mean      | 0.155       |
|    medium/stars_mean                 | 2.27        |
|    medium/ticks_mean                 | 681         |
|    medium/townhall_damage_pct_mean   | 0.934       |
|    medium/townhall_damage_reward_... | 0.0934      |
|    medium/townhall_destroy_reward... | 0.0453      |
|    medium/townhall_destroyed_rate    | 0.905       |
|    medium/truncated_rate             | 0.1         |
|    medium/unused_spell_penalty_mean  | 0.00465     |
|    medium/useful_freeze_casts_mean   | 1.93        |
|    medium/useful_rage_casts_mean     | 1.92        |
|    medium/wasted_spell_casts_mean    | 0           |
|    medium/wasted_spell_penalty_mean  | 0           |
| rollout/                             |             |
|    ep_len_mean                       | 61.7        |
|    ep_rew_mean                       | 1.32        |
| throughput/                          |             |
|    env_steps_per_sec                 | 208         |
|    episodes_per_sec                  | 3.63        |
| time/                                |             |
|    fps                               | 205         |
|    iterations                        | 54          |
|    time_elapsed                      | 8624        |
|    total_timesteps                   | 9797632     |
| train/                               |             |
|    approx_kl                         | 0.008117819 |
|    clip_fraction                     | 0.0436      |
|    clip_range                        | 0.2         |
|    entropy_loss                      | -3.99       |
|    explained_variance                | 0.924       |
|    learning_rate                     | 0.0001      |
|    loss                              | -0.0334     |
|    n_updates                         | 2980        |
|    policy_gradient_loss              | -0.0121     |
|    value_loss                        | 0.0559      |
------------------------------------------------------
timesteps=9797696 | env_steps/sec=46.4 | episodes/sec=0.83 | gpu_util_mean=0% gpu_util_max=0% | gpu_mem_mean=2.3/47.8GB
timesteps=9798784 | env_steps/sec=212.8 | episodes/sec=2.93 | gpu_util_mean=0% gpu_util_max=1% | gpu_mem_mean=2.3/47.8GB
timesteps=9799872 | env_steps/sec=206.4 | episodes/sec=3.79 | gpu_util_mean=0% gpu_util_max=1% | gpu_mem_mean=2.3/47.8GB
timesteps=9800960 | env_steps/sec=210.0 | episodes/sec=3.28 | gpu_util_mean=0% gpu_util_max=0% | gpu_mem_mean=2.3/47.8GB
timesteps=9802048 | env_steps/sec=207.1 | episodes/sec=2.47 | gpu_util_mean=0% gpu_util_max=1% | gpu_mem_mean=2.3/47.8GB
timesteps=9803136 | env_steps/sec=214.4 | episodes/sec=4.33 | gpu_util_mean=0% gpu_util_max=0% | gpu_mem_mean=2.3/47.8GB
timesteps=9804224 | env_steps/sec=206.3 | episodes/sec=3.22 | gpu_util_mean=0% gpu_util_max=1% | gpu_mem_mean=2.3/47.8GB
timesteps=9805312 | env_steps/sec=212.6 | episodes/sec=3.52 | gpu_util_mean=0% gpu_util_max=1% | gpu_mem_mean=2.3/47.8GB
timesteps=9806400 | env_steps/sec=210.4 | episodes/sec=3.48 | gpu_util_mean=0% gpu_util_max=1% | gpu_mem_mean=2.3/47.8GB
timesteps=9807488 | env_steps/sec=212.8 | episodes/sec=3.13 | gpu_util_mean=0% gpu_util_max=1% | gpu_mem_mean=2.3/47.8GB
timesteps=9808576 | env_steps/sec=215.7 | episodes/sec=3.77 | gpu_util_mean=0% gpu_util_max=0% | gpu_mem_mean=2.3/47.8GB
timesteps=9809664 | env_steps/sec=207.6 | episodes/sec=3.24 | gpu_util_mean=0% gpu_util_max=1% | gpu_mem_mean=2.3/47.8GB
timesteps=9810816 | env_steps/sec=220.9 | episodes/sec=2.88 | gpu_util_mean=0% gpu_util_max=0% | gpu_mem_mean=2.3/47.8GB
timesteps=9811904 | env_steps/sec=208.3 | episodes/sec=4.02 | gpu_util_mean=0% gpu_util_max=0% | gpu_mem_mean=2.3/47.8GB
timesteps=9812992 | env_steps/sec=211.1 | episodes/sec=3.10 | gpu_util_mean=0% gpu_util_max=1% | gpu_mem_mean=2.3/47.8GB
timesteps=9814080 | env_steps/sec=209.9 | episodes/sec=4.05 | gpu_util_mean=0% gpu_util_max=1% | gpu_mem_mean=2.3/47.8GB
timesteps=9815104 | env_steps/sec=202.8 | episodes/sec=2.18 | gpu_util_mean=0% gpu_util_max=1% | gpu_mem_mean=2.3/47.8GB
timesteps=9816192 | env_steps/sec=210.3 | episodes/sec=3.67 | gpu_util_mean=0% gpu_util_max=0% | gpu_mem_mean=2.3/47.8GB
timesteps=9817280 | env_steps/sec=208.3 | episodes/sec=3.06 | gpu_util_mean=0% gpu_util_max=1% | gpu_mem_mean=2.3/47.8GB
timesteps=9818368 | env_steps/sec=207.1 | episodes/sec=3.43 | gpu_util_mean=0% gpu_util_max=1% | gpu_mem_mean=2.3/47.8GB
timesteps=9819456 | env_steps/sec=207.4 | episodes/sec=2.86 | gpu_util_mean=0% gpu_util_max=0% | gpu_mem_mean=2.3/47.8GB
timesteps=9820608 | env_steps/sec=223.8 | episodes/sec=4.47 | gpu_util_mean=1% gpu_util_max=1% | gpu_mem_mean=2.3/47.8GB
timesteps=9821696 | env_steps/sec=210.6 | episodes/sec=3.10 | gpu_util_mean=0% gpu_util_max=1% | gpu_mem_mean=2.3/47.8GB
timesteps=9822784 | env_steps/sec=212.8 | episodes/sec=3.13 | gpu_util_mean=0% gpu_util_max=0% | gpu_mem_mean=2.3/47.8GB
timesteps=9823808 | env_steps/sec=201.3 | episodes/sec=3.15 | gpu_util_mean=0% gpu_util_max=1% | gpu_mem_mean=2.3/47.8GB
timesteps=9824896 | env_steps/sec=207.8 | episodes/sec=2.48 | gpu_util_mean=0% gpu_util_max=0% | gpu_mem_mean=2.3/47.8GB
timesteps=9825984 | env_steps/sec=210.9 | episodes/sec=3.49 | gpu_util_mean=0% gpu_util_max=1% | gpu_mem_mean=2.3/47.8GB
timesteps=9827072 | env_steps/sec=211.8 | episodes/sec=3.89 | gpu_util_mean=0% gpu_util_max=0% | gpu_mem_mean=2.3/47.8GB
timesteps=9828160 | env_steps/sec=212.5 | episodes/sec=3.52 | gpu_util_mean=0% gpu_util_max=1% | gpu_mem_mean=2.3/47.8GB
timesteps=9829248 | env_steps/sec=206.6 | episodes/sec=2.66 | gpu_util_mean=0% gpu_util_max=1% | gpu_mem_mean=2.3/47.8GB
timesteps=9830336 | env_steps/sec=212.1 | episodes/sec=3.31 | gpu_util_mean=0% gpu_util_max=0% | gpu_mem_mean=2.3/47.8GB
-------------------------------------------------------
| gpu/                                 |              |
|    gpu_count                         | 2            |
|    gpu_mem_total_gb_mean             | 47.8         |
|    gpu_mem_used_gb_mean              | 2.33         |
|    gpu_util_pct_max                  | 0            |
|    gpu_util_pct_mean                 | 0            |
| profile/                             |              |
|    hard/damage_mean                  | 0.342        |
|    hard/defense_damage_pct_mean      | 0.349        |
|    hard/defense_damage_reward_mean   | 0.0419       |
|    hard/defense_destroy_reward_mean  | 0.0118       |
|    hard/defenses_destroyed_mean      | 2.36         |
|    hard/ep_len_mean                  | 61.5         |
|    hard/ep_rew_mean                  | 0.622        |
|    hard/episodes_window              | 200          |
|    hard/freeze_casts_mean            | 2            |
|    hard/freeze_effect_reward_mean    | 0.0746       |
|    hard/frozen_threat_damage_pct_... | 0.0673       |
|    hard/frozen_threat_ticks_mean     | 64.2         |
|    hard/objective_shaping_reward_... | 0.0777       |
|    hard/p_all_spells_used            | 0.995        |
|    hard/p_damage_ge_90               | 0            |
|    hard/p_stars_ge_2                 | 0.055        |
|    hard/rage_bonus_damage_pct_mean   | 0.00944      |
|    hard/rage_bonus_defense_damage... | 0.00793      |
|    hard/rage_bonus_townhall_damag... | 0.0157       |
|    hard/rage_casts_mean              | 2            |
|    hard/rage_effect_reward_mean      | 0.0033       |
|    hard/score_mean                   | 0.527        |
|    hard/spell_casts_mean             | 4            |
|    hard/spell_shaping_reward_mean    | 0.0778       |
|    hard/spells_remaining_mean        | 0.005        |
|    hard/stars_mean                   | 0.185        |
|    hard/ticks_mean                   | 611          |
|    hard/townhall_damage_pct_mean     | 0.188        |
|    hard/townhall_damage_reward_mean  | 0.0188       |
|    hard/townhall_destroy_reward_mean | 0.00525      |
|    hard/townhall_destroyed_rate      | 0.105        |
|    hard/truncated_rate               | 0.025        |
|    hard/unused_spell_penalty_mean    | 0.00015      |
|    hard/useful_freeze_casts_mean     | 2            |
|    hard/useful_rage_casts_mean       | 2            |
|    hard/wasted_spell_casts_mean      | 0            |
|    hard/wasted_spell_penalty_mean    | 0            |
|    medium/damage_mean                | 0.858        |
|    medium/defense_damage_pct_mean    | 0.8          |
|    medium/defense_damage_reward_mean | 0.096        |
|    medium/defense_destroy_reward_... | 0.0187       |
|    medium/defenses_destroyed_mean    | 3.73         |
|    medium/ep_len_mean                | 68.8         |
|    medium/ep_rew_mean                | 3.36         |
|    medium/episodes_window            | 200          |
|    medium/freeze_casts_mean          | 1.93         |
|    medium/freeze_effect_reward_mean  | 0.0553       |
|    medium/frozen_threat_damage_pc... | 0.049        |
|    medium/frozen_threat_ticks_mean   | 41.4         |
|    medium/objective_shaping_rewar... | 0.253        |
|    medium/p_all_spells_used          | 0.93         |
|    medium/p_damage_ge_90             | 0.545        |
|    medium/p_stars_ge_2               | 0.89         |
|    medium/rage_bonus_damage_pct_mean | 0.0354       |
|    medium/rage_bonus_defense_dama... | 0.0142       |
|    medium/rage_bonus_townhall_dam... | 0.0962       |
|    medium/rage_casts_mean            | 1.95         |
|    medium/rage_effect_reward_mean    | 0.0124       |
|    medium/score_mean                 | 3.11         |
|    medium/spell_casts_mean           | 3.88         |
|    medium/spell_shaping_reward_mean  | 0.0639       |
|    medium/spells_remaining_mean      | 0.125        |
|    medium/stars_mean                 | 2.25         |
|    medium/ticks_mean                 | 684          |
|    medium/townhall_damage_pct_mean   | 0.93         |
|    medium/townhall_damage_reward_... | 0.093        |
|    medium/townhall_destroy_reward... | 0.0452       |
|    medium/townhall_destroyed_rate    | 0.905        |
|    medium/truncated_rate             | 0.105        |
|    medium/unused_spell_penalty_mean  | 0.00375      |
|    medium/useful_freeze_casts_mean   | 1.93         |
|    medium/useful_rage_casts_mean     | 1.95         |
|    medium/wasted_spell_casts_mean    | 0            |
|    medium/wasted_spell_penalty_mean  | 0            |
| rollout/                             |              |
|    ep_len_mean                       | 64           |
|    ep_rew_mean                       | 1.32         |
| throughput/                          |              |
|    env_steps_per_sec                 | 212          |
|    episodes_per_sec                  | 3.31         |
| time/                                |              |
|    fps                               | 205          |
|    iterations                        | 55           |
|    time_elapsed                      | 8787         |
|    total_timesteps                   | 9830400      |
| train/                               |              |
|    approx_kl                         | 0.0092202835 |
|    clip_fraction                     | 0.0534       |
|    clip_range                        | 0.2          |
|    entropy_loss                      | -4.03        |
|    explained_variance                | 0.92         |
|    learning_rate                     | 0.0001       |
|    loss                              | -0.0391      |
|    n_updates                         | 2990         |
|    policy_gradient_loss              | -0.0134      |
|    value_loss                        | 0.0601       |
-------------------------------------------------------
timesteps=9830464 | env_steps/sec=17.7 | episodes/sec=0.14 | gpu_util_mean=0% gpu_util_max=0% | gpu_mem_mean=2.3/47.8GB
timesteps=9831616 | env_steps/sec=217.6 | episodes/sec=4.34 | gpu_util_mean=0% gpu_util_max=1% | gpu_mem_mean=2.3/47.8GB
timesteps=9832704 | env_steps/sec=207.9 | episodes/sec=3.25 | gpu_util_mean=0% gpu_util_max=0% | gpu_mem_mean=2.3/47.8GB
timesteps=9833792 | env_steps/sec=210.7 | episodes/sec=2.32 | gpu_util_mean=0% gpu_util_max=1% | gpu_mem_mean=2.3/47.8GB
timesteps=9834880 | env_steps/sec=209.5 | episodes/sec=3.85 | gpu_util_mean=0% gpu_util_max=0% | gpu_mem_mean=2.3/47.8GB
timesteps=9836032 | env_steps/sec=218.8 | episodes/sec=3.23 | gpu_util_mean=0% gpu_util_max=0% | gpu_mem_mean=2.3/47.8GB
timesteps=9837184 | env_steps/sec=220.9 | episodes/sec=3.45 | gpu_util_mean=0% gpu_util_max=0% | gpu_mem_mean=2.3/47.8GB
timesteps=9838272 | env_steps/sec=213.9 | episodes/sec=3.34 | gpu_util_mean=0% gpu_util_max=1% | gpu_mem_mean=2.3/47.8GB
timesteps=9839360 | env_steps/sec=205.8 | episodes/sec=3.22 | gpu_util_mean=0% gpu_util_max=1% | gpu_mem_mean=2.3/47.8GB
timesteps=9840448 | env_steps/sec=210.4 | episodes/sec=3.29 | gpu_util_mean=0% gpu_util_max=0% | gpu_mem_mean=2.3/47.8GB
timesteps=9841536 | env_steps/sec=215.9 | episodes/sec=4.37 | gpu_util_mean=0% gpu_util_max=0% | gpu_mem_mean=2.3/47.8GB
timesteps=9842624 | env_steps/sec=207.2 | episodes/sec=2.86 | gpu_util_mean=0% gpu_util_max=0% | gpu_mem_mean=2.3/47.8GB
timesteps=9843712 | env_steps/sec=210.7 | episodes/sec=2.90 | gpu_util_mean=0% gpu_util_max=1% | gpu_mem_mean=2.3/47.8GB
timesteps=9844800 | env_steps/sec=215.0 | episodes/sec=3.16 | gpu_util_mean=0% gpu_util_max=1% | gpu_mem_mean=2.3/47.8GB
timesteps=9845952 | env_steps/sec=224.4 | episodes/sec=4.29 | gpu_util_mean=0% gpu_util_max=1% | gpu_mem_mean=2.3/47.8GB
timesteps=9847040 | env_steps/sec=212.8 | episodes/sec=3.72 | gpu_util_mean=0% gpu_util_max=1% | gpu_mem_mean=2.3/47.8GB
timesteps=9848128 | env_steps/sec=213.3 | episodes/sec=2.75 | gpu_util_mean=1% gpu_util_max=1% | gpu_mem_mean=2.3/47.8GB
timesteps=9849216 | env_steps/sec=213.5 | episodes/sec=3.34 | gpu_util_mean=0% gpu_util_max=0% | gpu_mem_mean=2.3/47.8GB
timesteps=9850304 | env_steps/sec=211.8 | episodes/sec=3.31 | gpu_util_mean=0% gpu_util_max=0% | gpu_mem_mean=2.3/47.8GB
timesteps=9851392 | env_steps/sec=217.4 | episodes/sec=3.40 | gpu_util_mean=0% gpu_util_max=0% | gpu_mem_mean=2.3/47.8GB
timesteps=9852480 | env_steps/sec=214.3 | episodes/sec=3.94 | gpu_util_mean=0% gpu_util_max=1% | gpu_mem_mean=2.3/47.8GB
timesteps=9853568 | env_steps/sec=208.8 | episodes/sec=3.26 | gpu_util_mean=0% gpu_util_max=1% | gpu_mem_mean=2.3/47.8GB
timesteps=9854656 | env_steps/sec=210.0 | episodes/sec=3.28 | gpu_util_mean=0% gpu_util_max=1% | gpu_mem_mean=2.3/47.8GB
timesteps=9855744 | env_steps/sec=214.0 | episodes/sec=3.54 | gpu_util_mean=0% gpu_util_max=0% | gpu_mem_mean=2.3/47.8GB
timesteps=9856832 | env_steps/sec=205.8 | episodes/sec=3.40 | gpu_util_mean=0% gpu_util_max=1% | gpu_mem_mean=2.3/47.8GB
timesteps=9857856 | env_steps/sec=196.8 | episodes/sec=2.88 | gpu_util_mean=0% gpu_util_max=1% | gpu_mem_mean=2.3/47.8GB
timesteps=9858880 | env_steps/sec=199.1 | episodes/sec=3.11 | gpu_util_mean=0% gpu_util_max=0% | gpu_mem_mean=2.3/47.8GB
timesteps=9859840 | env_steps/sec=190.0 | episodes/sec=3.17 | gpu_util_mean=0% gpu_util_max=1% | gpu_mem_mean=2.3/47.8GB
timesteps=9860928 | env_steps/sec=205.2 | episodes/sec=3.58 | gpu_util_mean=0% gpu_util_max=1% | gpu_mem_mean=2.3/47.8GB
timesteps=9861952 | env_steps/sec=204.4 | episodes/sec=2.79 | gpu_util_mean=0% gpu_util_max=1% | gpu_mem_mean=2.3/47.8GB
timesteps=9863040 | env_steps/sec=215.4 | episodes/sec=3.37 | gpu_util_mean=0% gpu_util_max=0% | gpu_mem_mean=2.3/47.8GB
------------------------------------------------------
| gpu/                                 |             |
|    gpu_count                         | 2           |
|    gpu_mem_total_gb_mean             | 47.8        |
|    gpu_mem_used_gb_mean              | 2.33        |
|    gpu_util_pct_max                  | 0           |
|    gpu_util_pct_mean                 | 0           |
| profile/                             |             |
|    hard/damage_mean                  | 0.347       |
|    hard/defense_damage_pct_mean      | 0.347       |
|    hard/defense_damage_reward_mean   | 0.0417      |
|    hard/defense_destroy_reward_mean  | 0.012       |
|    hard/defenses_destroyed_mean      | 2.39        |
|    hard/ep_len_mean                  | 60.5        |
|    hard/ep_rew_mean                  | 0.619       |
|    hard/episodes_window              | 200         |
|    hard/freeze_casts_mean            | 1.99        |
|    hard/freeze_effect_reward_mean    | 0.0738      |
|    hard/frozen_threat_damage_pct_... | 0.0651      |
|    hard/frozen_threat_ticks_mean     | 62.7        |
|    hard/objective_shaping_reward_... | 0.08        |
|    hard/p_all_spells_used            | 0.995       |
|    hard/p_damage_ge_90               | 0           |
|    hard/p_stars_ge_2                 | 0.05        |
|    hard/rage_bonus_damage_pct_mean   | 0.0106      |
|    hard/rage_bonus_defense_damage... | 0.00776     |
|    hard/rage_bonus_townhall_damag... | 0.0179      |
|    hard/rage_casts_mean              | 2           |
|    hard/rage_effect_reward_mean      | 0.00371     |
|    hard/score_mean                   | 0.522       |
|    hard/spell_casts_mean             | 3.99        |
|    hard/spell_shaping_reward_mean    | 0.0772      |
|    hard/spells_remaining_mean        | 0.01        |
|    hard/stars_mean                   | 0.175       |
|    hard/ticks_mean                   | 601         |
|    hard/townhall_damage_pct_mean     | 0.209       |
|    hard/townhall_damage_reward_mean  | 0.0209      |
|    hard/townhall_destroy_reward_mean | 0.0055      |
|    hard/townhall_destroyed_rate      | 0.11        |
|    hard/truncated_rate               | 0.01        |
|    hard/unused_spell_penalty_mean    | 0.0003      |
|    hard/useful_freeze_casts_mean     | 1.99        |
|    hard/useful_rage_casts_mean       | 2           |
|    hard/wasted_spell_casts_mean      | 0           |
|    hard/wasted_spell_penalty_mean    | 0           |
|    medium/damage_mean                | 0.833       |
|    medium/defense_damage_pct_mean    | 0.791       |
|    medium/defense_damage_reward_mean | 0.0949      |
|    medium/defense_destroy_reward_... | 0.0183      |
|    medium/defenses_destroyed_mean    | 3.67        |
|    medium/ep_len_mean                | 70.4        |
|    medium/ep_rew_mean                | 3.18        |
|    medium/episodes_window            | 200         |
|    medium/freeze_casts_mean          | 1.94        |
|    medium/freeze_effect_reward_mean  | 0.0588      |
|    medium/frozen_threat_damage_pc... | 0.0527      |
|    medium/frozen_threat_ticks_mean   | 44.3        |
|    medium/objective_shaping_rewar... | 0.245       |
|    medium/p_all_spells_used          | 0.94        |
|    medium/p_damage_ge_90             | 0.49        |
|    medium/p_stars_ge_2               | 0.86        |
|    medium/rage_bonus_damage_pct_mean | 0.0307      |
|    medium/rage_bonus_defense_dama... | 0.0125      |
|    medium/rage_bonus_townhall_dam... | 0.0803      |
|    medium/rage_casts_mean            | 1.94        |
|    medium/rage_effect_reward_mean    | 0.0107      |
|    medium/score_mean                 | 2.94        |
|    medium/spell_casts_mean           | 3.88        |
|    medium/spell_shaping_reward_mean  | 0.0658      |
|    medium/spells_remaining_mean      | 0.125       |
|    medium/stars_mean                 | 2.1         |
|    medium/ticks_mean                 | 700         |
|    medium/townhall_damage_pct_mean   | 0.886       |
|    medium/townhall_damage_reward_... | 0.0886      |
|    medium/townhall_destroy_reward... | 0.0432      |
|    medium/townhall_destroyed_rate    | 0.865       |
|    medium/truncated_rate             | 0.125       |
|    medium/unused_spell_penalty_mean  | 0.00375     |
|    medium/useful_freeze_casts_mean   | 1.94        |
|    medium/useful_rage_casts_mean     | 1.94        |
|    medium/wasted_spell_casts_mean    | 0           |
|    medium/wasted_spell_penalty_mean  | 0           |
| rollout/                             |             |
|    ep_len_mean                       | 62.5        |
|    ep_rew_mean                       | 1.17        |
| throughput/                          |             |
|    env_steps_per_sec                 | 215         |
|    episodes_per_sec                  | 3.37        |
| time/                                |             |
|    fps                               | 205         |
|    iterations                        | 56          |
|    time_elapsed                      | 8949        |
|    total_timesteps                   | 9863168     |
| train/                               |             |
|    approx_kl                         | 0.008016699 |
|    clip_fraction                     | 0.0489      |
|    clip_range                        | 0.2         |
|    entropy_loss                      | -3.99       |
|    explained_variance                | 0.906       |
|    learning_rate                     | 0.0001      |
|    loss                              | -0.0289     |
|    n_updates                         | 3000        |
|    policy_gradient_loss              | -0.0128     |
|    value_loss                        | 0.0646      |
------------------------------------------------------
timesteps=9863232 | env_steps/sec=25.5 | episodes/sec=0.40 | gpu_util_mean=0% gpu_util_max=0% | gpu_mem_mean=2.3/47.8GB
timesteps=9864320 | env_steps/sec=211.1 | episodes/sec=2.91 | gpu_util_mean=0% gpu_util_max=0% | gpu_mem_mean=2.3/47.8GB
timesteps=9865408 | env_steps/sec=208.9 | episodes/sec=3.65 | gpu_util_mean=0% gpu_util_max=1% | gpu_mem_mean=2.3/47.8GB
timesteps=9866560 | env_steps/sec=218.4 | episodes/sec=3.98 | gpu_util_mean=0% gpu_util_max=0% | gpu_mem_mean=2.3/47.8GB
timesteps=9867648 | env_steps/sec=210.0 | episodes/sec=2.70 | gpu_util_mean=0% gpu_util_max=0% | gpu_mem_mean=2.3/47.8GB
timesteps=9868736 | env_steps/sec=208.9 | episodes/sec=3.07 | gpu_util_mean=0% gpu_util_max=1% | gpu_mem_mean=2.3/47.8GB
timesteps=9869824 | env_steps/sec=215.5 | episodes/sec=4.75 | gpu_util_mean=0% gpu_util_max=1% | gpu_mem_mean=2.3/47.8GB
timesteps=9870848 | env_steps/sec=200.0 | episodes/sec=2.54 | gpu_util_mean=0% gpu_util_max=1% | gpu_mem_mean=2.3/47.8GB
timesteps=9871936 | env_steps/sec=212.1 | episodes/sec=2.53 | gpu_util_mean=0% gpu_util_max=1% | gpu_mem_mean=2.3/47.8GB
timesteps=9873024 | env_steps/sec=215.1 | episodes/sec=3.76 | gpu_util_mean=0% gpu_util_max=0% | gpu_mem_mean=2.3/47.8GB
timesteps=9874112 | env_steps/sec=213.6 | episodes/sec=3.73 | gpu_util_mean=0% gpu_util_max=1% | gpu_mem_mean=2.3/47.8GB
timesteps=9875200 | env_steps/sec=206.5 | episodes/sec=3.04 | gpu_util_mean=0% gpu_util_max=1% | gpu_mem_mean=2.3/47.8GB
timesteps=9876288 | env_steps/sec=205.1 | episodes/sec=3.20 | gpu_util_mean=0% gpu_util_max=1% | gpu_mem_mean=2.3/47.8GB
timesteps=9877376 | env_steps/sec=206.7 | episodes/sec=4.37 | gpu_util_mean=0% gpu_util_max=0% | gpu_mem_mean=2.3/47.8GB
timesteps=9878464 | env_steps/sec=211.7 | episodes/sec=1.95 | gpu_util_mean=0% gpu_util_max=0% | gpu_mem_mean=2.3/47.8GB
timesteps=9879488 | env_steps/sec=204.7 | episodes/sec=3.20 | gpu_util_mean=0% gpu_util_max=0% | gpu_mem_mean=2.3/47.8GB
timesteps=9880640 | env_steps/sec=223.1 | episodes/sec=3.87 | gpu_util_mean=0% gpu_util_max=0% | gpu_mem_mean=2.3/47.8GB
timesteps=9881728 | env_steps/sec=209.9 | episodes/sec=3.67 | gpu_util_mean=0% gpu_util_max=1% | gpu_mem_mean=2.3/47.8GB
timesteps=9882752 | env_steps/sec=197.9 | episodes/sec=2.71 | gpu_util_mean=0% gpu_util_max=1% | gpu_mem_mean=2.3/47.8GB
timesteps=9883840 | env_steps/sec=206.1 | episodes/sec=2.65 | gpu_util_mean=0% gpu_util_max=1% | gpu_mem_mean=2.3/47.8GB
timesteps=9884928 | env_steps/sec=212.8 | episodes/sec=4.30 | gpu_util_mean=0% gpu_util_max=0% | gpu_mem_mean=2.3/47.8GB
timesteps=9886016 | env_steps/sec=210.1 | episodes/sec=2.90 | gpu_util_mean=1% gpu_util_max=1% | gpu_mem_mean=2.3/47.8GB
timesteps=9887104 | env_steps/sec=213.0 | episodes/sec=3.52 | gpu_util_mean=16% gpu_util_max=33% | gpu_mem_mean=2.3/47.8GB
timesteps=9888192 | env_steps/sec=206.0 | episodes/sec=2.65 | gpu_util_mean=0% gpu_util_max=1% | gpu_mem_mean=2.3/47.8GB
timesteps=9889280 | env_steps/sec=208.0 | episodes/sec=3.25 | gpu_util_mean=0% gpu_util_max=1% | gpu_mem_mean=2.3/47.8GB
timesteps=9890368 | env_steps/sec=204.2 | episodes/sec=4.32 | gpu_util_mean=0% gpu_util_max=1% | gpu_mem_mean=2.3/47.8GB
timesteps=9891456 | env_steps/sec=206.3 | episodes/sec=3.03 | gpu_util_mean=0% gpu_util_max=0% | gpu_mem_mean=2.3/47.8GB
timesteps=9892480 | env_steps/sec=202.1 | episodes/sec=2.96 | gpu_util_mean=0% gpu_util_max=0% | gpu_mem_mean=2.3/47.8GB
timesteps=9893568 | env_steps/sec=207.2 | episodes/sec=3.24 | gpu_util_mean=0% gpu_util_max=0% | gpu_mem_mean=2.3/47.8GB
timesteps=9894592 | env_steps/sec=203.6 | episodes/sec=3.98 | gpu_util_mean=0% gpu_util_max=0% | gpu_mem_mean=2.3/47.8GB
timesteps=9895680 | env_steps/sec=209.1 | episodes/sec=2.69 | gpu_util_mean=0% gpu_util_max=0% | gpu_mem_mean=2.3/47.8GB
-------------------------------------------------------
| gpu/                                 |              |
|    gpu_count                         | 2            |
|    gpu_mem_total_gb_mean             | 47.8         |
|    gpu_mem_used_gb_mean              | 2.33         |
|    gpu_util_pct_max                  | 0            |
|    gpu_util_pct_mean                 | 0            |
| profile/                             |              |
|    hard/damage_mean                  | 0.363        |
|    hard/defense_damage_pct_mean      | 0.344        |
|    hard/defense_damage_reward_mean   | 0.0413       |
|    hard/defense_destroy_reward_mean  | 0.0121       |
|    hard/defenses_destroyed_mean      | 2.42         |
|    hard/ep_len_mean                  | 61.1         |
|    hard/ep_rew_mean                  | 0.739        |
|    hard/episodes_window              | 200          |
|    hard/freeze_casts_mean            | 2            |
|    hard/freeze_effect_reward_mean    | 0.0763       |
|    hard/frozen_threat_damage_pct_... | 0.0667       |
|    hard/frozen_threat_ticks_mean     | 65           |
|    hard/objective_shaping_reward_... | 0.0823       |
|    hard/p_all_spells_used            | 0.995        |
|    hard/p_damage_ge_90               | 0            |
|    hard/p_stars_ge_2                 | 0.09         |
|    hard/rage_bonus_damage_pct_mean   | 0.0097       |
|    hard/rage_bonus_defense_damage... | 0.00764      |
|    hard/rage_bonus_townhall_damag... | 0.016        |
|    hard/rage_casts_mean              | 2            |
|    hard/rage_effect_reward_mean      | 0.0034       |
|    hard/score_mean                   | 0.638        |
|    hard/spell_casts_mean             | 4            |
|    hard/spell_shaping_reward_mean    | 0.0795       |
|    hard/spells_remaining_mean        | 0.005        |
|    hard/stars_mean                   | 0.275        |
|    hard/ticks_mean                   | 606          |
|    hard/townhall_damage_pct_mean     | 0.217        |
|    hard/townhall_damage_reward_mean  | 0.0217       |
|    hard/townhall_destroy_reward_mean | 0.00725      |
|    hard/townhall_destroyed_rate      | 0.145        |
|    hard/truncated_rate               | 0.005        |
|    hard/unused_spell_penalty_mean    | 0.00015      |
|    hard/useful_freeze_casts_mean     | 2            |
|    hard/useful_rage_casts_mean       | 2            |
|    hard/wasted_spell_casts_mean      | 0            |
|    hard/wasted_spell_penalty_mean    | 0            |
|    medium/damage_mean                | 0.838        |
|    medium/defense_damage_pct_mean    | 0.79         |
|    medium/defense_damage_reward_mean | 0.0948       |
|    medium/defense_destroy_reward_... | 0.0182       |
|    medium/defenses_destroyed_mean    | 3.64         |
|    medium/ep_len_mean                | 70.5         |
|    medium/ep_rew_mean                | 3.22         |
|    medium/episodes_window            | 200          |
|    medium/freeze_casts_mean          | 1.93         |
|    medium/freeze_effect_reward_mean  | 0.0588       |
|    medium/frozen_threat_damage_pc... | 0.0524       |
|    medium/frozen_threat_ticks_mean   | 44.2         |
|    medium/objective_shaping_rewar... | 0.247        |
|    medium/p_all_spells_used          | 0.935        |
|    medium/p_damage_ge_90             | 0.48         |
|    medium/p_stars_ge_2               | 0.88         |
|    medium/rage_bonus_damage_pct_mean | 0.0329       |
|    medium/rage_bonus_defense_dama... | 0.014        |
|    medium/rage_bonus_townhall_dam... | 0.0864       |
|    medium/rage_casts_mean            | 1.93         |
|    medium/rage_effect_reward_mean    | 0.0115       |
|    medium/score_mean                 | 2.98         |
|    medium/spell_casts_mean           | 3.85         |
|    medium/spell_shaping_reward_mean  | 0.0659       |
|    medium/spells_remaining_mean      | 0.145        |
|    medium/stars_mean                 | 2.14         |
|    medium/ticks_mean                 | 701          |
|    medium/townhall_damage_pct_mean   | 0.901        |
|    medium/townhall_damage_reward_... | 0.0901       |
|    medium/townhall_destroy_reward... | 0.044        |
|    medium/townhall_destroyed_rate    | 0.88         |
|    medium/truncated_rate             | 0.135        |
|    medium/unused_spell_penalty_mean  | 0.00435      |
|    medium/useful_freeze_casts_mean   | 1.93         |
|    medium/useful_rage_casts_mean     | 1.93         |
|    medium/wasted_spell_casts_mean    | 0            |
|    medium/wasted_spell_penalty_mean  | 0            |
| rollout/                             |              |
|    ep_len_mean                       | 62.3         |
|    ep_rew_mean                       | 1.32         |
| throughput/                          |              |
|    env_steps_per_sec                 | 209          |
|    episodes_per_sec                  | 2.69         |
| time/                                |              |
|    fps                               | 204          |
|    iterations                        | 57           |
|    time_elapsed                      | 9113         |
|    total_timesteps                   | 9895936      |
| train/                               |              |
|    approx_kl                         | 0.0072000446 |
|    clip_fraction                     | 0.0299       |
|    clip_range                        | 0.2          |
|    entropy_loss                      | -4.01        |
|    explained_variance                | 0.906        |
|    learning_rate                     | 0.0001       |
|    loss                              | -0.0339      |
|    n_updates                         | 3010         |
|    policy_gradient_loss              | -0.0109      |
|    value_loss                        | 0.0628       |
-------------------------------------------------------
timesteps=9896000 | env_steps/sec=39.0 | episodes/sec=0.49 | gpu_util_mean=18% gpu_util_max=35% | gpu_mem_mean=2.3/47.8GB
timesteps=9897088 | env_steps/sec=216.2 | episodes/sec=3.58 | gpu_util_mean=0% gpu_util_max=0% | gpu_mem_mean=2.3/47.8GB
timesteps=9898240 | env_steps/sec=217.8 | episodes/sec=3.21 | gpu_util_mean=0% gpu_util_max=0% | gpu_mem_mean=2.3/47.8GB
timesteps=9899328 | env_steps/sec=209.8 | episodes/sec=3.86 | gpu_util_mean=0% gpu_util_max=1% | gpu_mem_mean=2.3/47.8GB
timesteps=9900352 | env_steps/sec=200.8 | episodes/sec=3.53 | gpu_util_mean=0% gpu_util_max=0% | gpu_mem_mean=2.3/47.8GB
timesteps=9901376 | env_steps/sec=201.9 | episodes/sec=3.55 | gpu_util_mean=0% gpu_util_max=0% | gpu_mem_mean=2.3/47.8GB
timesteps=9902464 | env_steps/sec=204.2 | episodes/sec=1.69 | gpu_util_mean=0% gpu_util_max=1% | gpu_mem_mean=2.3/47.8GB
timesteps=9903488 | env_steps/sec=203.4 | episodes/sec=3.97 | gpu_util_mean=0% gpu_util_max=1% | gpu_mem_mean=2.3/47.8GB
timesteps=9904576 | env_steps/sec=212.7 | episodes/sec=4.10 | gpu_util_mean=0% gpu_util_max=1% | gpu_mem_mean=2.3/47.8GB
timesteps=9905600 | env_steps/sec=201.2 | episodes/sec=2.75 | gpu_util_mean=0% gpu_util_max=0% | gpu_mem_mean=2.3/47.8GB
timesteps=9906688 | env_steps/sec=210.4 | episodes/sec=2.13 | gpu_util_mean=0% gpu_util_max=1% | gpu_mem_mean=2.3/47.8GB
timesteps=9907840 | env_steps/sec=218.1 | episodes/sec=4.35 | gpu_util_mean=0% gpu_util_max=1% | gpu_mem_mean=2.3/47.8GB
timesteps=9908928 | env_steps/sec=213.2 | episodes/sec=4.31 | gpu_util_mean=0% gpu_util_max=1% | gpu_mem_mean=2.3/47.8GB
timesteps=9910016 | env_steps/sec=209.7 | episodes/sec=2.70 | gpu_util_mean=0% gpu_util_max=1% | gpu_mem_mean=2.3/47.8GB
timesteps=9911104 | env_steps/sec=212.6 | episodes/sec=1.56 | gpu_util_mean=0% gpu_util_max=0% | gpu_mem_mean=2.3/47.8GB
timesteps=9912256 | env_steps/sec=220.3 | episodes/sec=4.78 | gpu_util_mean=0% gpu_util_max=1% | gpu_mem_mean=2.3/47.8GB
timesteps=9913344 | env_steps/sec=213.5 | episodes/sec=4.12 | gpu_util_mean=0% gpu_util_max=1% | gpu_mem_mean=2.3/47.8GB
timesteps=9914432 | env_steps/sec=211.0 | episodes/sec=2.13 | gpu_util_mean=0% gpu_util_max=1% | gpu_mem_mean=2.3/47.8GB
timesteps=9915584 | env_steps/sec=230.2 | episodes/sec=4.20 | gpu_util_mean=0% gpu_util_max=0% | gpu_mem_mean=2.3/47.8GB
timesteps=9916736 | env_steps/sec=217.8 | episodes/sec=4.16 | gpu_util_mean=0% gpu_util_max=0% | gpu_mem_mean=2.3/47.8GB
timesteps=9917760 | env_steps/sec=203.0 | episodes/sec=2.58 | gpu_util_mean=0% gpu_util_max=0% | gpu_mem_mean=2.3/47.8GB
timesteps=9918848 | env_steps/sec=206.3 | episodes/sec=2.28 | gpu_util_mean=0% gpu_util_max=0% | gpu_mem_mean=2.3/47.8GB
timesteps=9919936 | env_steps/sec=212.1 | episodes/sec=4.68 | gpu_util_mean=16% gpu_util_max=33% | gpu_mem_mean=2.3/47.8GB
timesteps=9921024 | env_steps/sec=210.0 | episodes/sec=2.90 | gpu_util_mean=0% gpu_util_max=1% | gpu_mem_mean=2.3/47.8GB
timesteps=9922048 | env_steps/sec=203.5 | episodes/sec=3.38 | gpu_util_mean=0% gpu_util_max=1% | gpu_mem_mean=2.3/47.8GB
timesteps=9923136 | env_steps/sec=215.6 | episodes/sec=3.17 | gpu_util_mean=0% gpu_util_max=0% | gpu_mem_mean=2.3/47.8GB
timesteps=9924224 | env_steps/sec=205.4 | episodes/sec=4.53 | gpu_util_mean=0% gpu_util_max=1% | gpu_mem_mean=2.3/47.8GB
timesteps=9925248 | env_steps/sec=204.0 | episodes/sec=1.99 | gpu_util_mean=0% gpu_util_max=1% | gpu_mem_mean=2.3/47.8GB
timesteps=9926336 | env_steps/sec=205.9 | episodes/sec=2.46 | gpu_util_mean=0% gpu_util_max=0% | gpu_mem_mean=2.3/47.8GB
timesteps=9927488 | env_steps/sec=221.4 | episodes/sec=4.61 | gpu_util_mean=0% gpu_util_max=1% | gpu_mem_mean=2.3/47.8GB
timesteps=9928576 | env_steps/sec=209.7 | episodes/sec=4.05 | gpu_util_mean=0% gpu_util_max=1% | gpu_mem_mean=2.3/47.8GB
------------------------------------------------------
| gpu/                                 |             |
|    gpu_count                         | 2           |
|    gpu_mem_total_gb_mean             | 47.8        |
|    gpu_mem_used_gb_mean              | 2.33        |
|    gpu_util_pct_max                  | 1           |
|    gpu_util_pct_mean                 | 0.5         |
| profile/                             |             |
|    hard/damage_mean                  | 0.336       |
|    hard/defense_damage_pct_mean      | 0.332       |
|    hard/defense_damage_reward_mean   | 0.0399      |
|    hard/defense_destroy_reward_mean  | 0.0114      |
|    hard/defenses_destroyed_mean      | 2.27        |
|    hard/ep_len_mean                  | 61.5        |
|    hard/ep_rew_mean                  | 0.615       |
|    hard/episodes_window              | 200         |
|    hard/freeze_casts_mean            | 1.99        |
|    hard/freeze_effect_reward_mean    | 0.0735      |
|    hard/frozen_threat_damage_pct_... | 0.0657      |
|    hard/frozen_threat_ticks_mean     | 63          |
|    hard/objective_shaping_reward_... | 0.0739      |
|    hard/p_all_spells_used            | 0.99        |
|    hard/p_damage_ge_90               | 0           |
|    hard/p_stars_ge_2                 | 0.07        |
|    hard/rage_bonus_damage_pct_mean   | 0.00889     |
|    hard/rage_bonus_defense_damage... | 0.00713     |
|    hard/rage_bonus_townhall_damag... | 0.0132      |
|    hard/rage_casts_mean              | 2           |
|    hard/rage_effect_reward_mean      | 0.00311     |
|    hard/score_mean                   | 0.526       |
|    hard/spell_casts_mean             | 3.98        |
|    hard/spell_shaping_reward_mean    | 0.0762      |
|    hard/spells_remaining_mean        | 0.015       |
|    hard/stars_mean                   | 0.19        |
|    hard/ticks_mean                   | 611         |
|    hard/townhall_damage_pct_mean     | 0.169       |
|    hard/townhall_damage_reward_mean  | 0.0169      |
|    hard/townhall_destroy_reward_mean | 0.00575     |
|    hard/townhall_destroyed_rate      | 0.115       |
|    hard/truncated_rate               | 0.025       |
|    hard/unused_spell_penalty_mean    | 0.00045     |
|    hard/useful_freeze_casts_mean     | 1.99        |
|    hard/useful_rage_casts_mean       | 2           |
|    hard/wasted_spell_casts_mean      | 0           |
|    hard/wasted_spell_penalty_mean    | 0           |
|    medium/damage_mean                | 0.839       |
|    medium/defense_damage_pct_mean    | 0.786       |
|    medium/defense_damage_reward_mean | 0.0943      |
|    medium/defense_destroy_reward_... | 0.0185      |
|    medium/defenses_destroyed_mean    | 3.71        |
|    medium/ep_len_mean                | 69.9        |
|    medium/ep_rew_mean                | 3.27        |
|    medium/episodes_window            | 200         |
|    medium/freeze_casts_mean          | 1.94        |
|    medium/freeze_effect_reward_mean  | 0.0591      |
|    medium/frozen_threat_damage_pc... | 0.0526      |
|    medium/frozen_threat_ticks_mean   | 44.8        |
|    medium/objective_shaping_rewar... | 0.246       |
|    medium/p_all_spells_used          | 0.935       |
|    medium/p_damage_ge_90             | 0.485       |
|    medium/p_stars_ge_2               | 0.865       |
|    medium/rage_bonus_damage_pct_mean | 0.0348      |
|    medium/rage_bonus_defense_dama... | 0.0142      |
|    medium/rage_bonus_townhall_dam... | 0.0976      |
|    medium/rage_casts_mean            | 1.95        |
|    medium/rage_effect_reward_mean    | 0.0122      |
|    medium/score_mean                 | 3.03        |
|    medium/spell_casts_mean           | 3.88        |
|    medium/spell_shaping_reward_mean  | 0.0676      |
|    medium/spells_remaining_mean      | 0.12        |
|    medium/stars_mean                 | 2.19        |
|    medium/ticks_mean                 | 695         |
|    medium/townhall_damage_pct_mean   | 0.901       |
|    medium/townhall_damage_reward_... | 0.0901      |
|    medium/townhall_destroy_reward... | 0.0432      |
|    medium/townhall_destroyed_rate    | 0.865       |
|    medium/truncated_rate             | 0.1         |
|    medium/unused_spell_penalty_mean  | 0.0036      |
|    medium/useful_freeze_casts_mean   | 1.94        |
|    medium/useful_rage_casts_mean     | 1.95        |
|    medium/wasted_spell_casts_mean    | 0           |
|    medium/wasted_spell_penalty_mean  | 0           |
| rollout/                             |             |
|    ep_len_mean                       | 63.4        |
|    ep_rew_mean                       | 1.19        |
| throughput/                          |             |
|    env_steps_per_sec                 | 210         |
|    episodes_per_sec                  | 4.05        |
| time/                                |             |
|    fps                               | 204         |
|    iterations                        | 58          |
|    time_elapsed                      | 9275        |
|    total_timesteps                   | 9928704     |
| train/                               |             |
|    approx_kl                         | 0.008860508 |
|    clip_fraction                     | 0.0366      |
|    clip_range                        | 0.2         |
|    entropy_loss                      | -3.97       |
|    explained_variance                | 0.908       |
|    learning_rate                     | 0.0001      |
|    loss                              | -0.0336     |
|    n_updates                         | 3020        |
|    policy_gradient_loss              | -0.0106     |
|    value_loss                        | 0.0624      |
------------------------------------------------------
timesteps=9928768 | env_steps/sec=22.5 | episodes/sec=0.23 | gpu_util_mean=0% gpu_util_max=0% | gpu_mem_mean=2.3/47.8GB
timesteps=9929856 | env_steps/sec=211.1 | episodes/sec=2.13 | gpu_util_mean=0% gpu_util_max=0% | gpu_mem_mean=2.3/47.8GB
timesteps=9931008 | env_steps/sec=218.4 | episodes/sec=3.98 | gpu_util_mean=0% gpu_util_max=0% | gpu_mem_mean=2.3/47.8GB
timesteps=9932096 | env_steps/sec=212.4 | episodes/sec=3.12 | gpu_util_mean=0% gpu_util_max=0% | gpu_mem_mean=2.3/47.8GB
timesteps=9933184 | env_steps/sec=210.3 | episodes/sec=4.25 | gpu_util_mean=0% gpu_util_max=1% | gpu_mem_mean=2.3/47.8GB
timesteps=9934272 | env_steps/sec=209.0 | episodes/sec=3.65 | gpu_util_mean=0% gpu_util_max=0% | gpu_mem_mean=2.3/47.8GB
timesteps=9935360 | env_steps/sec=207.3 | episodes/sec=2.48 | gpu_util_mean=0% gpu_util_max=1% | gpu_mem_mean=2.3/47.8GB
timesteps=9936448 | env_steps/sec=208.3 | episodes/sec=3.83 | gpu_util_mean=0% gpu_util_max=0% | gpu_mem_mean=2.3/47.8GB
timesteps=9937472 | env_steps/sec=203.1 | episodes/sec=2.38 | gpu_util_mean=0% gpu_util_max=0% | gpu_mem_mean=2.3/47.8GB
timesteps=9938560 | env_steps/sec=213.4 | episodes/sec=3.92 | gpu_util_mean=0% gpu_util_max=0% | gpu_mem_mean=2.3/47.8GB
timesteps=9939648 | env_steps/sec=216.1 | episodes/sec=3.38 | gpu_util_mean=0% gpu_util_max=0% | gpu_mem_mean=2.3/47.8GB
timesteps=9940800 | env_steps/sec=217.1 | episodes/sec=4.15 | gpu_util_mean=0% gpu_util_max=1% | gpu_mem_mean=2.3/47.8GB
timesteps=9941888 | env_steps/sec=205.8 | episodes/sec=3.22 | gpu_util_mean=0% gpu_util_max=0% | gpu_mem_mean=2.3/47.8GB
timesteps=9942912 | env_steps/sec=204.5 | episodes/sec=2.80 | gpu_util_mean=0% gpu_util_max=0% | gpu_mem_mean=2.3/47.8GB
timesteps=9943936 | env_steps/sec=199.2 | episodes/sec=2.72 | gpu_util_mean=1% gpu_util_max=1% | gpu_mem_mean=2.3/47.8GB
timesteps=9945088 | env_steps/sec=217.8 | episodes/sec=3.97 | gpu_util_mean=0% gpu_util_max=1% | gpu_mem_mean=2.3/47.8GB
timesteps=9946240 | env_steps/sec=222.8 | episodes/sec=4.84 | gpu_util_mean=0% gpu_util_max=0% | gpu_mem_mean=2.3/47.8GB
timesteps=9947328 | env_steps/sec=215.0 | episodes/sec=1.78 | gpu_util_mean=0% gpu_util_max=0% | gpu_mem_mean=2.3/47.8GB
timesteps=9948416 | env_steps/sec=217.1 | episodes/sec=4.19 | gpu_util_mean=1% gpu_util_max=1% | gpu_mem_mean=2.3/47.8GB
timesteps=9949504 | env_steps/sec=216.0 | episodes/sec=4.17 | gpu_util_mean=0% gpu_util_max=1% | gpu_mem_mean=2.3/47.8GB
timesteps=9950656 | env_steps/sec=223.8 | episodes/sec=2.33 | gpu_util_mean=0% gpu_util_max=1% | gpu_mem_mean=2.3/47.8GB
timesteps=9951680 | env_steps/sec=197.6 | episodes/sec=2.89 | gpu_util_mean=0% gpu_util_max=1% | gpu_mem_mean=2.3/47.8GB
timesteps=9952768 | env_steps/sec=212.1 | episodes/sec=4.09 | gpu_util_mean=20% gpu_util_max=38% | gpu_mem_mean=2.3/47.8GB
timesteps=9953856 | env_steps/sec=208.6 | episodes/sec=3.26 | gpu_util_mean=0% gpu_util_max=1% | gpu_mem_mean=2.3/47.8GB
timesteps=9954880 | env_steps/sec=198.0 | episodes/sec=3.29 | gpu_util_mean=0% gpu_util_max=0% | gpu_mem_mean=2.3/47.8GB
timesteps=9955904 | env_steps/sec=204.1 | episodes/sec=2.59 | gpu_util_mean=0% gpu_util_max=0% | gpu_mem_mean=2.3/47.8GB
timesteps=9956992 | env_steps/sec=212.9 | episodes/sec=4.11 | gpu_util_mean=0% gpu_util_max=1% | gpu_mem_mean=2.3/47.8GB
timesteps=9958016 | env_steps/sec=201.2 | episodes/sec=3.14 | gpu_util_mean=0% gpu_util_max=1% | gpu_mem_mean=2.3/47.8GB
timesteps=9959040 | env_steps/sec=199.9 | episodes/sec=2.73 | gpu_util_mean=0% gpu_util_max=0% | gpu_mem_mean=2.3/47.8GB
timesteps=9960128 | env_steps/sec=211.9 | episodes/sec=3.90 | gpu_util_mean=0% gpu_util_max=0% | gpu_mem_mean=2.3/47.8GB
timesteps=9961216 | env_steps/sec=207.5 | episodes/sec=3.24 | gpu_util_mean=0% gpu_util_max=0% | gpu_mem_mean=2.3/47.8GB
------------------------------------------------------
| gpu/                                 |             |
|    gpu_count                         | 2           |
|    gpu_mem_total_gb_mean             | 47.8        |
|    gpu_mem_used_gb_mean              | 2.33        |
|    gpu_util_pct_max                  | 0           |
|    gpu_util_pct_mean                 | 0           |
| profile/                             |             |
|    hard/damage_mean                  | 0.355       |
|    hard/defense_damage_pct_mean      | 0.349       |
|    hard/defense_damage_reward_mean   | 0.0419      |
|    hard/defense_destroy_reward_mean  | 0.012       |
|    hard/defenses_destroyed_mean      | 2.4         |
|    hard/ep_len_mean                  | 60.7        |
|    hard/ep_rew_mean                  | 0.689       |
|    hard/episodes_window              | 200         |
|    hard/freeze_casts_mean            | 2           |
|    hard/freeze_effect_reward_mean    | 0.073       |
|    hard/frozen_threat_damage_pct_... | 0.0639      |
|    hard/frozen_threat_ticks_mean     | 61.1        |
|    hard/objective_shaping_reward_... | 0.0789      |
|    hard/p_all_spells_used            | 0.995       |
|    hard/p_damage_ge_90               | 0           |
|    hard/p_stars_ge_2                 | 0.085       |
|    hard/rage_bonus_damage_pct_mean   | 0.00971     |
|    hard/rage_bonus_defense_damage... | 0.00686     |
|    hard/rage_bonus_townhall_damag... | 0.0169      |
|    hard/rage_casts_mean              | 2           |
|    hard/rage_effect_reward_mean      | 0.0034      |
|    hard/score_mean                   | 0.595       |
|    hard/spell_casts_mean             | 4           |
|    hard/spell_shaping_reward_mean    | 0.0762      |
|    hard/spells_remaining_mean        | 0.005       |
|    hard/stars_mean                   | 0.24        |
|    hard/ticks_mean                   | 602         |
|    hard/townhall_damage_pct_mean     | 0.192       |
|    hard/townhall_damage_reward_mean  | 0.0192      |
|    hard/townhall_destroy_reward_mean | 0.00575     |
|    hard/townhall_destroyed_rate      | 0.115       |
|    hard/truncated_rate               | 0.01        |
|    hard/unused_spell_penalty_mean    | 0.00015     |
|    hard/useful_freeze_casts_mean     | 2           |
|    hard/useful_rage_casts_mean       | 2           |
|    hard/wasted_spell_casts_mean      | 0           |
|    hard/wasted_spell_penalty_mean    | 0           |
|    medium/damage_mean                | 0.828       |
|    medium/defense_damage_pct_mean    | 0.788       |
|    medium/defense_damage_reward_mean | 0.0946      |
|    medium/defense_destroy_reward_... | 0.0185      |
|    medium/defenses_destroyed_mean    | 3.7         |
|    medium/ep_len_mean                | 68.6        |
|    medium/ep_rew_mean                | 3.26        |
|    medium/episodes_window            | 200         |
|    medium/freeze_casts_mean          | 1.95        |
|    medium/freeze_effect_reward_mean  | 0.0573      |
|    medium/frozen_threat_damage_pc... | 0.0511      |
|    medium/frozen_threat_ticks_mean   | 42.9        |
|    medium/objective_shaping_rewar... | 0.241       |
|    medium/p_all_spells_used          | 0.945       |
|    medium/p_damage_ge_90             | 0.48        |
|    medium/p_stars_ge_2               | 0.83        |
|    medium/rage_bonus_damage_pct_mean | 0.0342      |
|    medium/rage_bonus_defense_dama... | 0.0139      |
|    medium/rage_bonus_townhall_dam... | 0.0957      |
|    medium/rage_casts_mean            | 1.98        |
|    medium/rage_effect_reward_mean    | 0.012       |
|    medium/score_mean                 | 3.02        |
|    medium/spell_casts_mean           | 3.92        |
|    medium/spell_shaping_reward_mean  | 0.0669      |
|    medium/spells_remaining_mean      | 0.08        |
|    medium/stars_mean                 | 2.19        |
|    medium/ticks_mean                 | 682         |
|    medium/townhall_damage_pct_mean   | 0.861       |
|    medium/townhall_damage_reward_... | 0.0861      |
|    medium/townhall_destroy_reward... | 0.0415      |
|    medium/townhall_destroyed_rate    | 0.83        |
|    medium/truncated_rate             | 0.065       |
|    medium/unused_spell_penalty_mean  | 0.0024      |
|    medium/useful_freeze_casts_mean   | 1.95        |
|    medium/useful_rage_casts_mean     | 1.98        |
|    medium/wasted_spell_casts_mean    | 0           |
|    medium/wasted_spell_penalty_mean  | 0           |
| rollout/                             |             |
|    ep_len_mean                       | 61.9        |
|    ep_rew_mean                       | 1.36        |
| throughput/                          |             |
|    env_steps_per_sec                 | 208         |
|    episodes_per_sec                  | 3.24        |
| time/                                |             |
|    fps                               | 204         |
|    iterations                        | 59          |
|    time_elapsed                      | 9438        |
|    total_timesteps                   | 9961472     |
| train/                               |             |
|    approx_kl                         | 0.009325942 |
|    clip_fraction                     | 0.051       |
|    clip_range                        | 0.2         |
|    entropy_loss                      | -3.99       |
|    explained_variance                | 0.914       |
|    learning_rate                     | 0.0001      |
|    loss                              | -0.0417     |
|    n_updates                         | 3030        |
|    policy_gradient_loss              | -0.0123     |
|    value_loss                        | 0.059       |
------------------------------------------------------
timesteps=9961536 | env_steps/sec=29.9 | episodes/sec=0.28 | gpu_util_mean=0% gpu_util_max=1% | gpu_mem_mean=2.3/47.8GB
timesteps=9962624 | env_steps/sec=208.3 | episodes/sec=3.25 | gpu_util_mean=0% gpu_util_max=0% | gpu_mem_mean=2.3/47.8GB
timesteps=9963712 | env_steps/sec=215.8 | episodes/sec=4.16 | gpu_util_mean=0% gpu_util_max=0% | gpu_mem_mean=2.3/47.8GB
timesteps=9964800 | env_steps/sec=214.0 | episodes/sec=4.13 | gpu_util_mean=0% gpu_util_max=0% | gpu_mem_mean=2.3/47.8GB
timesteps=9965888 | env_steps/sec=210.9 | episodes/sec=1.94 | gpu_util_mean=0% gpu_util_max=1% | gpu_mem_mean=2.3/47.8GB
timesteps=9966976 | env_steps/sec=212.5 | episodes/sec=3.32 | gpu_util_mean=0% gpu_util_max=0% | gpu_mem_mean=2.3/47.8GB
timesteps=9968064 | env_steps/sec=216.8 | episodes/sec=5.18 | gpu_util_mean=0% gpu_util_max=0% | gpu_mem_mean=2.3/47.8GB
timesteps=9969152 | env_steps/sec=210.5 | episodes/sec=2.32 | gpu_util_mean=0% gpu_util_max=0% | gpu_mem_mean=2.3/47.8GB
timesteps=9970240 | env_steps/sec=215.0 | episodes/sec=2.96 | gpu_util_mean=0% gpu_util_max=0% | gpu_mem_mean=2.3/47.8GB
timesteps=9971328 | env_steps/sec=213.5 | episodes/sec=3.34 | gpu_util_mean=0% gpu_util_max=0% | gpu_mem_mean=2.3/47.8GB
timesteps=9972480 | env_steps/sec=219.0 | episodes/sec=3.99 | gpu_util_mean=0% gpu_util_max=1% | gpu_mem_mean=2.3/47.8GB
timesteps=9973568 | env_steps/sec=204.8 | episodes/sec=3.20 | gpu_util_mean=1% gpu_util_max=1% | gpu_mem_mean=2.3/47.8GB
timesteps=9974656 | env_steps/sec=205.8 | episodes/sec=3.03 | gpu_util_mean=0% gpu_util_max=0% | gpu_mem_mean=2.3/47.8GB
timesteps=9975744 | env_steps/sec=205.3 | episodes/sec=3.77 | gpu_util_mean=0% gpu_util_max=1% | gpu_mem_mean=2.3/47.8GB
timesteps=9976832 | env_steps/sec=215.3 | episodes/sec=3.17 | gpu_util_mean=1% gpu_util_max=1% | gpu_mem_mean=2.3/47.8GB
timesteps=9977920 | env_steps/sec=212.3 | episodes/sec=3.12 | gpu_util_mean=0% gpu_util_max=1% | gpu_mem_mean=2.3/47.8GB
timesteps=9979008 | env_steps/sec=211.1 | episodes/sec=1.94 | gpu_util_mean=0% gpu_util_max=1% | gpu_mem_mean=2.3/47.8GB
timesteps=9980096 | env_steps/sec=214.9 | episodes/sec=4.74 | gpu_util_mean=0% gpu_util_max=0% | gpu_mem_mean=2.3/47.8GB
timesteps=9981120 | env_steps/sec=203.8 | episodes/sec=3.38 | gpu_util_mean=0% gpu_util_max=1% | gpu_mem_mean=2.3/47.8GB
timesteps=9982208 | env_steps/sec=209.1 | episodes/sec=3.07 | gpu_util_mean=0% gpu_util_max=1% | gpu_mem_mean=2.3/47.8GB
timesteps=9983296 | env_steps/sec=209.4 | episodes/sec=2.69 | gpu_util_mean=0% gpu_util_max=1% | gpu_mem_mean=2.3/47.8GB
timesteps=9984384 | env_steps/sec=214.9 | episodes/sec=4.15 | gpu_util_mean=16% gpu_util_max=32% | gpu_mem_mean=2.3/47.8GB
timesteps=9985536 | env_steps/sec=223.8 | episodes/sec=3.89 | gpu_util_mean=1% gpu_util_max=1% | gpu_mem_mean=2.3/47.8GB
timesteps=9986624 | env_steps/sec=210.9 | episodes/sec=2.52 | gpu_util_mean=0% gpu_util_max=0% | gpu_mem_mean=2.3/47.8GB
timesteps=9987712 | env_steps/sec=215.4 | episodes/sec=3.76 | gpu_util_mean=0% gpu_util_max=1% | gpu_mem_mean=2.3/47.8GB
timesteps=9988800 | env_steps/sec=207.2 | episodes/sec=3.81 | gpu_util_mean=0% gpu_util_max=0% | gpu_mem_mean=2.3/47.8GB
timesteps=9989888 | env_steps/sec=212.5 | episodes/sec=2.54 | gpu_util_mean=0% gpu_util_max=1% | gpu_mem_mean=2.3/47.8GB
timesteps=9990976 | env_steps/sec=210.9 | episodes/sec=3.68 | gpu_util_mean=0% gpu_util_max=0% | gpu_mem_mean=2.3/47.8GB
timesteps=9992064 | env_steps/sec=211.3 | episodes/sec=3.88 | gpu_util_mean=0% gpu_util_max=0% | gpu_mem_mean=2.3/47.8GB
timesteps=9993152 | env_steps/sec=207.9 | episodes/sec=2.68 | gpu_util_mean=0% gpu_util_max=0% | gpu_mem_mean=2.3/47.8GB
timesteps=9994240 | env_steps/sec=214.7 | episodes/sec=2.57 | gpu_util_mean=0% gpu_util_max=0% | gpu_mem_mean=2.3/47.8GB
------------------------------------------------------
| gpu/                                 |             |
|    gpu_count                         | 2           |
|    gpu_mem_total_gb_mean             | 47.8        |
|    gpu_mem_used_gb_mean              | 2.33        |
|    gpu_util_pct_max                  | 0           |
|    gpu_util_pct_mean                 | 0           |
| profile/                             |             |
|    hard/damage_mean                  | 0.35        |
|    hard/defense_damage_pct_mean      | 0.338       |
|    hard/defense_damage_reward_mean   | 0.0405      |
|    hard/defense_destroy_reward_mean  | 0.0117      |
|    hard/defenses_destroyed_mean      | 2.34        |
|    hard/ep_len_mean                  | 61.2        |
|    hard/ep_rew_mean                  | 0.611       |
|    hard/episodes_window              | 200         |
|    hard/freeze_casts_mean            | 1.99        |
|    hard/freeze_effect_reward_mean    | 0.0735      |
|    hard/frozen_threat_damage_pct_... | 0.065       |
|    hard/frozen_threat_ticks_mean     | 62.8        |
|    hard/objective_shaping_reward_... | 0.075       |
|    hard/p_all_spells_used            | 0.99        |
|    hard/p_damage_ge_90               | 0           |
|    hard/p_stars_ge_2                 | 0.04        |
|    hard/rage_bonus_damage_pct_mean   | 0.0105      |
|    hard/rage_bonus_defense_damage... | 0.0078      |
|    hard/rage_bonus_townhall_damag... | 0.0207      |
|    hard/rage_casts_mean              | 1.98        |
|    hard/rage_effect_reward_mean      | 0.00368     |
|    hard/score_mean                   | 0.52        |
|    hard/spell_casts_mean             | 3.97        |
|    hard/spell_shaping_reward_mean    | 0.0763      |
|    hard/spells_remaining_mean        | 0.03        |
|    hard/stars_mean                   | 0.17        |
|    hard/ticks_mean                   | 608         |
|    hard/townhall_damage_pct_mean     | 0.18        |
|    hard/townhall_damage_reward_mean  | 0.018       |
|    hard/townhall_destroy_reward_mean | 0.00475     |
|    hard/townhall_destroyed_rate      | 0.095       |
|    hard/truncated_rate               | 0.01        |
|    hard/unused_spell_penalty_mean    | 0.0009      |
|    hard/useful_freeze_casts_mean     | 1.99        |
|    hard/useful_rage_casts_mean       | 1.98        |
|    hard/wasted_spell_casts_mean      | 0           |
|    hard/wasted_spell_penalty_mean    | 0           |
|    medium/damage_mean                | 0.849       |
|    medium/defense_damage_pct_mean    | 0.802       |
|    medium/defense_damage_reward_mean | 0.0962      |
|    medium/defense_destroy_reward_... | 0.0189      |
|    medium/defenses_destroyed_mean    | 3.79        |
|    medium/ep_len_mean                | 69.6        |
|    medium/ep_rew_mean                | 3.27        |
|    medium/episodes_window            | 200         |
|    medium/freeze_casts_mean          | 1.92        |
|    medium/freeze_effect_reward_mean  | 0.0567      |
|    medium/frozen_threat_damage_pc... | 0.0508      |
|    medium/frozen_threat_ticks_mean   | 42.5        |
|    medium/objective_shaping_rewar... | 0.245       |
|    medium/p_all_spells_used          | 0.935       |
|    medium/p_damage_ge_90             | 0.575       |
|    medium/p_stars_ge_2               | 0.85        |
|    medium/rage_bonus_damage_pct_mean | 0.0325      |
|    medium/rage_bonus_defense_dama... | 0.0128      |
|    medium/rage_bonus_townhall_dam... | 0.0868      |
|    medium/rage_casts_mean            | 1.97        |
|    medium/rage_effect_reward_mean    | 0.0114      |
|    medium/score_mean                 | 3.03        |
|    medium/spell_casts_mean           | 3.88        |
|    medium/spell_shaping_reward_mean  | 0.0645      |
|    medium/spells_remaining_mean      | 0.12        |
|    medium/stars_mean                 | 2.18        |
|    medium/ticks_mean                 | 692         |
|    medium/townhall_damage_pct_mean   | 0.877       |
|    medium/townhall_damage_reward_... | 0.0877      |
|    medium/townhall_destroy_reward... | 0.0425      |
|    medium/townhall_destroyed_rate    | 0.85        |
|    medium/truncated_rate             | 0.115       |
|    medium/unused_spell_penalty_mean  | 0.0036      |
|    medium/useful_freeze_casts_mean   | 1.92        |
|    medium/useful_rage_casts_mean     | 1.97        |
|    medium/wasted_spell_casts_mean    | 0           |
|    medium/wasted_spell_penalty_mean  | 0           |
| rollout/                             |             |
|    ep_len_mean                       | 63.4        |
|    ep_rew_mean                       | 1.32        |
| throughput/                          |             |
|    env_steps_per_sec                 | 215         |
|    episodes_per_sec                  | 2.57        |
| time/                                |             |
|    fps                               | 204         |
|    iterations                        | 60          |
|    time_elapsed                      | 9602        |
|    total_timesteps                   | 9994240     |
| train/                               |             |
|    approx_kl                         | 0.007533659 |
|    clip_fraction                     | 0.0309      |
|    clip_range                        | 0.2         |
|    entropy_loss                      | -4.06       |
|    explained_variance                | 0.898       |
|    learning_rate                     | 0.0001      |
|    loss                              | -0.028      |
|    n_updates                         | 3040        |
|    policy_gradient_loss              | -0.0112     |
|    value_loss                        | 0.0752      |
------------------------------------------------------
timesteps=9994304 | env_steps/sec=9.1 | episodes/sec=0.71 | gpu_util_mean=0% gpu_util_max=1% | gpu_mem_mean=2.3/47.8GB
timesteps=9995392 | env_steps/sec=210.1 | episodes/sec=3.28 | gpu_util_mean=0% gpu_util_max=0% | gpu_mem_mean=2.3/47.8GB
timesteps=9996480 | env_steps/sec=210.2 | episodes/sec=3.86 | gpu_util_mean=0% gpu_util_max=0% | gpu_mem_mean=2.3/47.8GB
timesteps=9997504 | env_steps/sec=204.8 | episodes/sec=2.00 | gpu_util_mean=0% gpu_util_max=1% | gpu_mem_mean=2.3/47.8GB
timesteps=9998592 | env_steps/sec=217.4 | episodes/sec=4.00 | gpu_util_mean=0% gpu_util_max=1% | gpu_mem_mean=2.3/47.8GB
timesteps=9999680 | env_steps/sec=207.0 | episodes/sec=4.00 | gpu_util_mean=0% gpu_util_max=1% | gpu_mem_mean=2.3/47.8GB
timesteps=10000832 | env_steps/sec=220.4 | episodes/sec=3.06 | gpu_util_mean=0% gpu_util_max=1% | gpu_mem_mean=2.3/47.8GB
timesteps=10001920 | env_steps/sec=206.8 | episodes/sec=2.66 | gpu_util_mean=1% gpu_util_max=1% | gpu_mem_mean=2.3/47.8GB
timesteps=10003008 | env_steps/sec=210.0 | episodes/sec=3.86 | gpu_util_mean=0% gpu_util_max=0% | gpu_mem_mean=2.3/47.8GB
timesteps=10004096 | env_steps/sec=211.0 | episodes/sec=3.68 | gpu_util_mean=0% gpu_util_max=1% | gpu_mem_mean=2.3/47.8GB
timesteps=10005184 | env_steps/sec=207.3 | episodes/sec=2.48 | gpu_util_mean=0% gpu_util_max=0% | gpu_mem_mean=2.3/47.8GB
timesteps=10006272 | env_steps/sec=213.3 | episodes/sec=3.73 | gpu_util_mean=1% gpu_util_max=1% | gpu_mem_mean=2.3/47.8GB
timesteps=10007424 | env_steps/sec=218.1 | episodes/sec=3.60 | gpu_util_mean=1% gpu_util_max=1% | gpu_mem_mean=2.3/47.8GB
timesteps=10008512 | env_steps/sec=209.0 | episodes/sec=4.23 | gpu_util_mean=0% gpu_util_max=1% | gpu_mem_mean=2.3/47.8GB
timesteps=10009536 | env_steps/sec=203.3 | episodes/sec=2.58 | gpu_util_mean=0% gpu_util_max=1% | gpu_mem_mean=2.3/47.8GB
timesteps=10010624 | env_steps/sec=215.2 | episodes/sec=3.17 | gpu_util_mean=0% gpu_util_max=1% | gpu_mem_mean=2.3/47.8GB
timesteps=10011712 | env_steps/sec=208.3 | episodes/sec=2.87 | gpu_util_mean=0% gpu_util_max=0% | gpu_mem_mean=2.3/47.8GB
timesteps=10012800 | env_steps/sec=211.7 | episodes/sec=3.50 | gpu_util_mean=0% gpu_util_max=0% | gpu_mem_mean=2.3/47.8GB
timesteps=10013888 | env_steps/sec=208.7 | episodes/sec=3.84 | gpu_util_mean=0% gpu_util_max=1% | gpu_mem_mean=2.3/47.8GB
timesteps=10014976 | env_steps/sec=212.3 | episodes/sec=3.71 | gpu_util_mean=0% gpu_util_max=1% | gpu_mem_mean=2.3/47.8GB
timesteps=10016000 | env_steps/sec=202.0 | episodes/sec=2.76 | gpu_util_mean=0% gpu_util_max=1% | gpu_mem_mean=2.3/47.8GB
timesteps=10017088 | env_steps/sec=211.2 | episodes/sec=3.11 | gpu_util_mean=0% gpu_util_max=1% | gpu_mem_mean=2.3/47.8GB
timesteps=10018176 | env_steps/sec=216.6 | episodes/sec=3.38 | gpu_util_mean=0% gpu_util_max=0% | gpu_mem_mean=2.3/47.8GB
timesteps=10019264 | env_steps/sec=215.3 | episodes/sec=3.36 | gpu_util_mean=0% gpu_util_max=1% | gpu_mem_mean=2.3/47.8GB
timesteps=10020416 | env_steps/sec=220.0 | episodes/sec=4.01 | gpu_util_mean=0% gpu_util_max=0% | gpu_mem_mean=2.3/47.8GB
timesteps=10021504 | env_steps/sec=207.0 | episodes/sec=3.23 | gpu_util_mean=0% gpu_util_max=1% | gpu_mem_mean=2.3/47.8GB
timesteps=10022592 | env_steps/sec=210.1 | episodes/sec=3.09 | gpu_util_mean=0% gpu_util_max=1% | gpu_mem_mean=2.3/47.8GB
timesteps=10023616 | env_steps/sec=202.7 | episodes/sec=3.76 | gpu_util_mean=0% gpu_util_max=0% | gpu_mem_mean=2.3/47.8GB
timesteps=10024640 | env_steps/sec=196.3 | episodes/sec=2.68 | gpu_util_mean=0% gpu_util_max=1% | gpu_mem_mean=2.3/47.8GB
timesteps=10025664 | env_steps/sec=202.4 | episodes/sec=3.16 | gpu_util_mean=0% gpu_util_max=1% | gpu_mem_mean=2.3/47.8GB
timesteps=10026752 | env_steps/sec=207.2 | episodes/sec=3.81 | gpu_util_mean=0% gpu_util_max=1% | gpu_mem_mean=2.3/47.8GB
------------------------------------------------------
| gpu/                                 |             |
|    gpu_count                         | 2           |
|    gpu_mem_total_gb_mean             | 47.8        |
|    gpu_mem_used_gb_mean              | 2.33        |
|    gpu_util_pct_max                  | 1           |
|    gpu_util_pct_mean                 | 0.5         |
| profile/                             |             |
|    hard/damage_mean                  | 0.358       |
|    hard/defense_damage_pct_mean      | 0.354       |
|    hard/defense_damage_reward_mean   | 0.0424      |
|    hard/defense_destroy_reward_mean  | 0.0125      |
|    hard/defenses_destroyed_mean      | 2.5         |
|    hard/ep_len_mean                  | 60.9        |
|    hard/ep_rew_mean                  | 0.746       |
|    hard/episodes_window              | 200         |
|    hard/freeze_casts_mean            | 2           |
|    hard/freeze_effect_reward_mean    | 0.0716      |
|    hard/frozen_threat_damage_pct_... | 0.0623      |
|    hard/frozen_threat_ticks_mean     | 59.3        |
|    hard/objective_shaping_reward_... | 0.0887      |
|    hard/p_all_spells_used            | 0.995       |
|    hard/p_damage_ge_90               | 0           |
|    hard/p_stars_ge_2                 | 0.095       |
|    hard/rage_bonus_damage_pct_mean   | 0.00954     |
|    hard/rage_bonus_defense_damage... | 0.00799     |
|    hard/rage_bonus_townhall_damag... | 0.0181      |
|    hard/rage_casts_mean              | 2           |
|    hard/rage_effect_reward_mean      | 0.00334     |
|    hard/score_mean                   | 0.643       |
|    hard/spell_casts_mean             | 4           |
|    hard/spell_shaping_reward_mean    | 0.0747      |
|    hard/spells_remaining_mean        | 0.005       |
|    hard/stars_mean                   | 0.285       |
|    hard/ticks_mean                   | 605         |
|    hard/townhall_damage_pct_mean     | 0.25        |
|    hard/townhall_damage_reward_mean  | 0.025       |
|    hard/townhall_destroy_reward_mean | 0.00875     |
|    hard/townhall_destroyed_rate      | 0.175       |
|    hard/truncated_rate               | 0.015       |
|    hard/unused_spell_penalty_mean    | 0.00015     |
|    hard/useful_freeze_casts_mean     | 2           |
|    hard/useful_rage_casts_mean       | 2           |
|    hard/wasted_spell_casts_mean      | 0           |
|    hard/wasted_spell_penalty_mean    | 0           |
|    medium/damage_mean                | 0.832       |
|    medium/defense_damage_pct_mean    | 0.782       |
|    medium/defense_damage_reward_mean | 0.0938      |
|    medium/defense_destroy_reward_... | 0.0182      |
|    medium/defenses_destroyed_mean    | 3.64        |
|    medium/ep_len_mean                | 70          |
|    medium/ep_rew_mean                | 3.17        |
|    medium/episodes_window            | 200         |
|    medium/freeze_casts_mean          | 1.92        |
|    medium/freeze_effect_reward_mean  | 0.0557      |
|    medium/frozen_threat_damage_pc... | 0.0493      |
|    medium/frozen_threat_ticks_mean   | 42.5        |
|    medium/objective_shaping_rewar... | 0.241       |
|    medium/p_all_spells_used          | 0.94        |
|    medium/p_damage_ge_90             | 0.535       |
|    medium/p_stars_ge_2               | 0.82        |
|    medium/rage_bonus_damage_pct_mean | 0.0308      |
|    medium/rage_bonus_defense_dama... | 0.0124      |
|    medium/rage_bonus_townhall_dam... | 0.0857      |
|    medium/rage_casts_mean            | 1.97        |
|    medium/rage_effect_reward_mean    | 0.0108      |
|    medium/score_mean                 | 2.93        |
|    medium/spell_casts_mean           | 3.88        |
|    medium/spell_shaping_reward_mean  | 0.0629      |
|    medium/spells_remaining_mean      | 0.12        |
|    medium/stars_mean                 | 2.1         |
|    medium/ticks_mean                 | 696         |
|    medium/townhall_damage_pct_mean   | 0.871       |
|    medium/townhall_damage_reward_... | 0.0871      |
|    medium/townhall_destroy_reward... | 0.0415      |
|    medium/townhall_destroyed_rate    | 0.83        |
|    medium/truncated_rate             | 0.12        |
|    medium/unused_spell_penalty_mean  | 0.0036      |
|    medium/useful_freeze_casts_mean   | 1.92        |
|    medium/useful_rage_casts_mean     | 1.97        |
|    medium/wasted_spell_casts_mean    | 0           |
|    medium/wasted_spell_penalty_mean  | 0           |
| rollout/                             |             |
|    ep_len_mean                       | 62.8        |
|    ep_rew_mean                       | 1.33        |
| throughput/                          |             |
|    env_steps_per_sec                 | 207         |
|    episodes_per_sec                  | 3.81        |
| time/                                |             |
|    fps                               | 204         |
|    iterations                        | 61          |
|    time_elapsed                      | 9765        |
|    total_timesteps                   | 10027008    |
| train/                               |             |
|    approx_kl                         | 0.008319529 |
|    clip_fraction                     | 0.045       |
|    clip_range                        | 0.2         |
|    entropy_loss                      | -4.01       |
|    explained_variance                | 0.916       |
|    learning_rate                     | 0.0001      |
|    loss                              | -0.0329     |
|    n_updates                         | 3050        |
|    policy_gradient_loss              | -0.0125     |
|    value_loss                        | 0.0581      |
------------------------------------------------------
timesteps=10027072 | env_steps/sec=39.1 | episodes/sec=0.49 | gpu_util_mean=0% gpu_util_max=0% | gpu_mem_mean=2.3/47.8GB
timesteps=10028096 | env_steps/sec=204.8 | episodes/sec=3.00 | gpu_util_mean=0% gpu_util_max=1% | gpu_mem_mean=2.3/47.8GB
timesteps=10029184 | env_steps/sec=214.3 | episodes/sec=3.94 | gpu_util_mean=0% gpu_util_max=0% | gpu_mem_mean=2.3/47.8GB
timesteps=10030208 | env_steps/sec=202.5 | episodes/sec=2.97 | gpu_util_mean=0% gpu_util_max=1% | gpu_mem_mean=2.3/47.8GB
timesteps=10031360 | env_steps/sec=221.7 | episodes/sec=3.66 | gpu_util_mean=0% gpu_util_max=0% | gpu_mem_mean=2.3/47.8GB
timesteps=10032448 | env_steps/sec=209.8 | episodes/sec=2.70 | gpu_util_mean=0% gpu_util_max=1% | gpu_mem_mean=2.3/47.8GB
timesteps=10033600 | env_steps/sec=219.3 | episodes/sec=3.43 | gpu_util_mean=0% gpu_util_max=0% | gpu_mem_mean=2.3/47.8GB
timesteps=10034688 | env_steps/sec=213.1 | episodes/sec=3.33 | gpu_util_mean=0% gpu_util_max=0% | gpu_mem_mean=2.3/47.8GB
timesteps=10035840 | env_steps/sec=220.1 | episodes/sec=3.82 | gpu_util_mean=0% gpu_util_max=0% | gpu_mem_mean=2.3/47.8GB
timesteps=10036928 | env_steps/sec=215.7 | episodes/sec=2.58 | gpu_util_mean=0% gpu_util_max=0% | gpu_mem_mean=2.3/47.8GB
timesteps=10038016 | env_steps/sec=212.7 | episodes/sec=4.10 | gpu_util_mean=0% gpu_util_max=1% | gpu_mem_mean=2.3/47.8GB
timesteps=10039104 | env_steps/sec=209.3 | episodes/sec=3.66 | gpu_util_mean=0% gpu_util_max=1% | gpu_mem_mean=2.3/47.8GB
timesteps=10040192 | env_steps/sec=214.2 | episodes/sec=3.15 | gpu_util_mean=1% gpu_util_max=1% | gpu_mem_mean=2.3/47.8GB
timesteps=10041280 | env_steps/sec=217.4 | episodes/sec=3.40 | gpu_util_mean=1% gpu_util_max=1% | gpu_mem_mean=2.3/47.8GB
timesteps=10042368 | env_steps/sec=213.4 | episodes/sec=3.92 | gpu_util_mean=0% gpu_util_max=1% | gpu_mem_mean=2.3/47.8GB
timesteps=10043456 | env_steps/sec=210.5 | episodes/sec=2.90 | gpu_util_mean=0% gpu_util_max=0% | gpu_mem_mean=2.3/47.8GB
timesteps=10044544 | env_steps/sec=210.9 | episodes/sec=2.71 | gpu_util_mean=0% gpu_util_max=1% | gpu_mem_mean=2.3/47.8GB
timesteps=10045632 | env_steps/sec=206.8 | episodes/sec=3.61 | gpu_util_mean=0% gpu_util_max=1% | gpu_mem_mean=2.3/47.8GB
timesteps=10046720 | env_steps/sec=207.6 | episodes/sec=3.63 | gpu_util_mean=0% gpu_util_max=1% | gpu_mem_mean=2.3/47.8GB
timesteps=10047808 | env_steps/sec=209.8 | episodes/sec=3.66 | gpu_util_mean=0% gpu_util_max=1% | gpu_mem_mean=2.3/47.8GB
timesteps=10048896 | env_steps/sec=214.6 | episodes/sec=2.76 | gpu_util_mean=1% gpu_util_max=1% | gpu_mem_mean=2.3/47.8GB
timesteps=10050048 | env_steps/sec=219.2 | episodes/sec=3.62 | gpu_util_mean=16% gpu_util_max=30% | gpu_mem_mean=2.3/47.8GB
timesteps=10051136 | env_steps/sec=213.7 | episodes/sec=3.73 | gpu_util_mean=0% gpu_util_max=0% | gpu_mem_mean=2.3/47.8GB
timesteps=10052224 | env_steps/sec=208.9 | episodes/sec=2.69 | gpu_util_mean=0% gpu_util_max=1% | gpu_mem_mean=2.3/47.8GB
timesteps=10053312 | env_steps/sec=210.3 | episodes/sec=2.71 | gpu_util_mean=0% gpu_util_max=1% | gpu_mem_mean=2.3/47.8GB
timesteps=10054400 | env_steps/sec=214.5 | episodes/sec=3.55 | gpu_util_mean=1% gpu_util_max=1% | gpu_mem_mean=2.3/47.8GB
timesteps=10055552 | env_steps/sec=225.9 | episodes/sec=4.51 | gpu_util_mean=0% gpu_util_max=1% | gpu_mem_mean=2.3/47.8GB
timesteps=10056640 | env_steps/sec=207.2 | episodes/sec=2.48 | gpu_util_mean=0% gpu_util_max=0% | gpu_mem_mean=2.3/47.8GB
timesteps=10057728 | env_steps/sec=210.0 | episodes/sec=3.67 | gpu_util_mean=0% gpu_util_max=1% | gpu_mem_mean=2.3/47.8GB
timesteps=10058816 | env_steps/sec=209.7 | episodes/sec=3.86 | gpu_util_mean=1% gpu_util_max=1% | gpu_mem_mean=2.3/47.8GB
-------------------------------------------------------
| gpu/                                 |              |
|    gpu_count                         | 2            |
|    gpu_mem_total_gb_mean             | 47.8         |
|    gpu_mem_used_gb_mean              | 2.33         |
|    gpu_util_pct_max                  | 1            |
|    gpu_util_pct_mean                 | 1            |
| profile/                             |              |
|    hard/damage_mean                  | 0.355        |
|    hard/defense_damage_pct_mean      | 0.337        |
|    hard/defense_damage_reward_mean   | 0.0404       |
|    hard/defense_destroy_reward_mean  | 0.0116       |
|    hard/defenses_destroyed_mean      | 2.31         |
|    hard/ep_len_mean                  | 61.9         |
|    hard/ep_rew_mean                  | 0.693        |
|    hard/episodes_window              | 200          |
|    hard/freeze_casts_mean            | 2            |
|    hard/freeze_effect_reward_mean    | 0.0738       |
|    hard/frozen_threat_damage_pct_... | 0.0642       |
|    hard/frozen_threat_ticks_mean     | 62.7         |
|    hard/objective_shaping_reward_... | 0.0825       |
|    hard/p_all_spells_used            | 0.995        |
|    hard/p_damage_ge_90               | 0            |
|    hard/p_stars_ge_2                 | 0.075        |
|    hard/rage_bonus_damage_pct_mean   | 0.00932      |
|    hard/rage_bonus_defense_damage... | 0.00621      |
|    hard/rage_bonus_townhall_damag... | 0.0155       |
|    hard/rage_casts_mean              | 2            |
|    hard/rage_effect_reward_mean      | 0.00326      |
|    hard/score_mean                   | 0.595        |
|    hard/spell_casts_mean             | 4            |
|    hard/spell_shaping_reward_mean    | 0.0769       |
|    hard/spells_remaining_mean        | 0.005        |
|    hard/stars_mean                   | 0.24         |
|    hard/ticks_mean                   | 615          |
|    hard/townhall_damage_pct_mean     | 0.235        |
|    hard/townhall_damage_reward_mean  | 0.0235       |
|    hard/townhall_destroy_reward_mean | 0.007        |
|    hard/townhall_destroyed_rate      | 0.14         |
|    hard/truncated_rate               | 0.03         |
|    hard/unused_spell_penalty_mean    | 0.00015      |
|    hard/useful_freeze_casts_mean     | 2            |
|    hard/useful_rage_casts_mean       | 2            |
|    hard/wasted_spell_casts_mean      | 0            |
|    hard/wasted_spell_penalty_mean    | 0            |
|    medium/damage_mean                | 0.822        |
|    medium/defense_damage_pct_mean    | 0.78         |
|    medium/defense_damage_reward_mean | 0.0936       |
|    medium/defense_destroy_reward_... | 0.0179       |
|    medium/defenses_destroyed_mean    | 3.58         |
|    medium/ep_len_mean                | 69.9         |
|    medium/ep_rew_mean                | 3.14         |
|    medium/episodes_window            | 200          |
|    medium/freeze_casts_mean          | 1.96         |
|    medium/freeze_effect_reward_mean  | 0.0598       |
|    medium/frozen_threat_damage_pc... | 0.053        |
|    medium/frozen_threat_ticks_mean   | 45           |
|    medium/objective_shaping_rewar... | 0.237        |
|    medium/p_all_spells_used          | 0.955        |
|    medium/p_damage_ge_90             | 0.495        |
|    medium/p_stars_ge_2               | 0.8          |
|    medium/rage_bonus_damage_pct_mean | 0.032        |
|    medium/rage_bonus_defense_dama... | 0.016        |
|    medium/rage_bonus_townhall_dam... | 0.082        |
|    medium/rage_casts_mean            | 1.98         |
|    medium/rage_effect_reward_mean    | 0.0112       |
|    medium/score_mean                 | 2.91         |
|    medium/spell_casts_mean           | 3.94         |
|    medium/spell_shaping_reward_mean  | 0.0691       |
|    medium/spells_remaining_mean      | 0.06         |
|    medium/stars_mean                 | 2.08         |
|    medium/ticks_mean                 | 695          |
|    medium/townhall_damage_pct_mean   | 0.852        |
|    medium/townhall_damage_reward_... | 0.0852       |
|    medium/townhall_destroy_reward... | 0.0407       |
|    medium/townhall_destroyed_rate    | 0.815        |
|    medium/truncated_rate             | 0.11         |
|    medium/unused_spell_penalty_mean  | 0.0018       |
|    medium/useful_freeze_casts_mean   | 1.96         |
|    medium/useful_rage_casts_mean     | 1.98         |
|    medium/wasted_spell_casts_mean    | 0            |
|    medium/wasted_spell_penalty_mean  | 0            |
| rollout/                             |              |
|    ep_len_mean                       | 63.9         |
|    ep_rew_mean                       | 1.27         |
| throughput/                          |              |
|    env_steps_per_sec                 | 210          |
|    episodes_per_sec                  | 3.86         |
| time/                                |              |
|    fps                               | 204          |
|    iterations                        | 62           |
|    time_elapsed                      | 9926         |
|    total_timesteps                   | 10059776     |
| train/                               |              |
|    approx_kl                         | 0.0066382186 |
|    clip_fraction                     | 0.0364       |
|    clip_range                        | 0.2          |
|    entropy_loss                      | -4.04        |
|    explained_variance                | 0.897        |
|    learning_rate                     | 0.0001       |
|    loss                              | -0.0222      |
|    n_updates                         | 3060         |
|    policy_gradient_loss              | -0.0116      |
|    value_loss                        | 0.0727       |
-------------------------------------------------------
timesteps=10059840 | env_steps/sec=87.6 | episodes/sec=1.03 | gpu_util_mean=0% gpu_util_max=0% | gpu_mem_mean=2.3/47.8GB
timesteps=10060992 | env_steps/sec=219.6 | episodes/sec=3.05 | gpu_util_mean=0% gpu_util_max=1% | gpu_mem_mean=2.3/47.8GB
timesteps=10062080 | env_steps/sec=215.4 | episodes/sec=5.15 | gpu_util_mean=0% gpu_util_max=1% | gpu_mem_mean=2.3/47.8GB
timesteps=10063168 | env_steps/sec=208.6 | episodes/sec=2.49 | gpu_util_mean=0% gpu_util_max=1% | gpu_mem_mean=2.3/47.8GB
timesteps=10064256 | env_steps/sec=209.6 | episodes/sec=2.50 | gpu_util_mean=0% gpu_util_max=1% | gpu_mem_mean=2.3/47.8GB
timesteps=10065344 | env_steps/sec=214.8 | episodes/sec=3.95 | gpu_util_mean=0% gpu_util_max=0% | gpu_mem_mean=2.3/47.8GB
timesteps=10066432 | env_steps/sec=214.9 | episodes/sec=3.56 | gpu_util_mean=0% gpu_util_max=0% | gpu_mem_mean=2.3/47.8GB
timesteps=10067520 | env_steps/sec=212.2 | episodes/sec=3.71 | gpu_util_mean=0% gpu_util_max=0% | gpu_mem_mean=2.3/47.8GB
timesteps=10068608 | env_steps/sec=207.7 | episodes/sec=2.10 | gpu_util_mean=0% gpu_util_max=1% | gpu_mem_mean=2.3/47.8GB
timesteps=10069696 | env_steps/sec=210.9 | episodes/sec=4.07 | gpu_util_mean=0% gpu_util_max=1% | gpu_mem_mean=2.3/47.8GB
timesteps=10070784 | env_steps/sec=212.6 | episodes/sec=4.10 | gpu_util_mean=0% gpu_util_max=1% | gpu_mem_mean=2.3/47.8GB
timesteps=10071872 | env_steps/sec=208.2 | episodes/sec=3.06 | gpu_util_mean=0% gpu_util_max=1% | gpu_mem_mean=2.3/47.8GB
timesteps=10072960 | env_steps/sec=206.6 | episodes/sec=2.28 | gpu_util_mean=0% gpu_util_max=0% | gpu_mem_mean=2.3/47.8GB
timesteps=10074048 | env_steps/sec=212.5 | episodes/sec=3.71 | gpu_util_mean=1% gpu_util_max=1% | gpu_mem_mean=2.3/47.8GB
timesteps=10075136 | env_steps/sec=213.9 | episodes/sec=3.93 | gpu_util_mean=0% gpu_util_max=0% | gpu_mem_mean=2.3/47.8GB
timesteps=10076224 | env_steps/sec=208.3 | episodes/sec=2.49 | gpu_util_mean=0% gpu_util_max=1% | gpu_mem_mean=2.3/47.8GB
timesteps=10077312 | env_steps/sec=214.5 | episodes/sec=4.14 | gpu_util_mean=0% gpu_util_max=0% | gpu_mem_mean=2.3/47.8GB
timesteps=10078400 | env_steps/sec=215.6 | episodes/sec=3.37 | gpu_util_mean=0% gpu_util_max=0% | gpu_mem_mean=2.3/47.8GB
timesteps=10079488 | env_steps/sec=208.6 | episodes/sec=2.49 | gpu_util_mean=0% gpu_util_max=1% | gpu_mem_mean=2.3/47.8GB
timesteps=10080576 | env_steps/sec=215.2 | episodes/sec=3.56 | gpu_util_mean=0% gpu_util_max=1% | gpu_mem_mean=2.3/47.8GB
timesteps=10081664 | env_steps/sec=212.5 | episodes/sec=3.52 | gpu_util_mean=0% gpu_util_max=0% | gpu_mem_mean=2.3/47.8GB
timesteps=10082752 | env_steps/sec=215.6 | episodes/sec=4.16 | gpu_util_mean=15% gpu_util_max=30% | gpu_mem_mean=2.3/47.8GB
timesteps=10083840 | env_steps/sec=213.5 | episodes/sec=2.16 | gpu_util_mean=0% gpu_util_max=1% | gpu_mem_mean=2.3/47.8GB
