wandb: [wandb.login()] Loaded credentials for https://api.wandb.ai from WANDB_API_KEY.
wandb: Currently logged in as: jmc314 (jmc314-lumenary-com) to https://api.wandb.ai. Use `wandb login --relogin` to force relogin
wandb: setting up run reward_v3_hard_bias_finetune_w64_seed82_gpu0_20260518_170915
wandb: Tracking run with wandb version 0.27.0
wandb: Run data is saved locally in /workspace/ClashAI/wandb/run-20260518_170918-reward_v3_hard_bias_finetune_w64_seed82_gpu0_20260518_170915
wandb: Run `wandb offline` to turn off syncing.
wandb: Syncing run reward_v3_hard_bias_finetune_w64_seed82_gpu0_20260518_170915
wandb: ⭐️ View project at https://wandb.ai/jmc314-lumenary-com/ClashAI
wandb: 🚀 View run at https://wandb.ai/jmc314-lumenary-com/ClashAI/runs/reward_v3_hard_bias_finetune_w64_seed82_gpu0_20260518_170915
training profiles=hard,hard,hard,medium eval_profiles=hard,medium workers=64 device=cuda timesteps=8000000 run=reward_v3_hard_bias_finetune_w64_seed82_gpu0_20260518_170915
Logging to runs/maskable_ppo/reward_v3_hard_bias_finetune_w64_seed82_gpu0_20260518_170915_0
timesteps=8029056 | env_steps/sec=171.3 | episodes/sec=0.00 | gpu_util_mean=0% gpu_util_max=0% | gpu_mem_mean=1.6/47.8GB
timesteps=8030016 | env_steps/sec=181.9 | episodes/sec=0.00 | gpu_util_mean=0% gpu_util_max=0% | gpu_mem_mean=1.6/47.8GB
timesteps=8030976 | env_steps/sec=191.9 | episodes/sec=0.00 | gpu_util_mean=0% gpu_util_max=1% | gpu_mem_mean=1.6/47.8GB
timesteps=8032192 | env_steps/sec=232.7 | episodes/sec=8.42 | gpu_util_mean=0% gpu_util_max=1% | gpu_mem_mean=1.6/47.8GB
timesteps=8033344 | env_steps/sec=226.6 | episodes/sec=3.15 | gpu_util_mean=0% gpu_util_max=0% | gpu_mem_mean=1.6/47.8GB
timesteps=8034432 | env_steps/sec=208.2 | episodes/sec=0.77 | gpu_util_mean=0% gpu_util_max=0% | gpu_mem_mean=1.6/47.8GB
timesteps=8035584 | env_steps/sec=225.8 | episodes/sec=1.96 | gpu_util_mean=0% gpu_util_max=0% | gpu_mem_mean=1.6/47.8GB
timesteps=8036800 | env_steps/sec=239.1 | episodes/sec=7.27 | gpu_util_mean=0% gpu_util_max=0% | gpu_mem_mean=1.6/47.8GB
timesteps=8037888 | env_steps/sec=209.4 | episodes/sec=2.69 | gpu_util_mean=0% gpu_util_max=0% | gpu_mem_mean=1.6/47.8GB
timesteps=8038976 | env_steps/sec=209.3 | episodes/sec=0.19 | gpu_util_mean=0% gpu_util_max=1% | gpu_mem_mean=1.6/47.8GB
timesteps=8040128 | env_steps/sec=227.4 | episodes/sec=7.30 | gpu_util_mean=0% gpu_util_max=0% | gpu_mem_mean=1.6/47.8GB
timesteps=8041280 | env_steps/sec=222.1 | episodes/sec=2.70 | gpu_util_mean=1% gpu_util_max=1% | gpu_mem_mean=1.6/47.8GB
timesteps=8042368 | env_steps/sec=214.9 | episodes/sec=2.37 | gpu_util_mean=1% gpu_util_max=1% | gpu_mem_mean=1.6/47.8GB
timesteps=8043520 | env_steps/sec=219.5 | episodes/sec=4.00 | gpu_util_mean=0% gpu_util_max=1% | gpu_mem_mean=1.6/47.8GB
timesteps=8044672 | env_steps/sec=226.1 | episodes/sec=3.93 | gpu_util_mean=0% gpu_util_max=0% | gpu_mem_mean=1.6/47.8GB
timesteps=8045824 | env_steps/sec=219.3 | episodes/sec=3.24 | gpu_util_mean=0% gpu_util_max=0% | gpu_mem_mean=1.6/47.8GB
timesteps=8046912 | env_steps/sec=210.7 | episodes/sec=2.71 | gpu_util_mean=0% gpu_util_max=1% | gpu_mem_mean=1.6/47.8GB
timesteps=8048064 | env_steps/sec=221.3 | episodes/sec=4.61 | gpu_util_mean=1% gpu_util_max=1% | gpu_mem_mean=1.6/47.8GB
timesteps=8049152 | env_steps/sec=212.6 | episodes/sec=2.93 | gpu_util_mean=0% gpu_util_max=0% | gpu_mem_mean=1.6/47.8GB
timesteps=8050240 | env_steps/sec=213.3 | episodes/sec=2.16 | gpu_util_mean=0% gpu_util_max=1% | gpu_mem_mean=1.6/47.8GB
timesteps=8051392 | env_steps/sec=220.5 | episodes/sec=4.98 | gpu_util_mean=0% gpu_util_max=0% | gpu_mem_mean=1.6/47.8GB
timesteps=8052544 | env_steps/sec=217.4 | episodes/sec=3.02 | gpu_util_mean=0% gpu_util_max=1% | gpu_mem_mean=1.6/47.8GB
timesteps=8053568 | env_steps/sec=196.7 | episodes/sec=2.69 | gpu_util_mean=0% gpu_util_max=0% | gpu_mem_mean=1.6/47.8GB
timesteps=8054656 | env_steps/sec=209.8 | episodes/sec=3.08 | gpu_util_mean=0% gpu_util_max=1% | gpu_mem_mean=1.6/47.8GB
timesteps=8055808 | env_steps/sec=218.2 | episodes/sec=5.11 | gpu_util_mean=0% gpu_util_max=0% | gpu_mem_mean=1.6/47.8GB
timesteps=8056896 | env_steps/sec=207.2 | episodes/sec=2.10 | gpu_util_mean=0% gpu_util_max=0% | gpu_mem_mean=1.6/47.8GB
timesteps=8057984 | env_steps/sec=212.2 | episodes/sec=2.73 | gpu_util_mean=0% gpu_util_max=1% | gpu_mem_mean=1.6/47.8GB
timesteps=8059136 | env_steps/sec=219.5 | episodes/sec=4.38 | gpu_util_mean=0% gpu_util_max=1% | gpu_mem_mean=1.6/47.8GB
timesteps=8060224 | env_steps/sec=216.8 | episodes/sec=3.99 | gpu_util_mean=0% gpu_util_max=1% | gpu_mem_mean=1.6/47.8GB
---------------------------------------------------
| gpu/                                 |          |
|    gpu_count                         | 2        |
|    gpu_mem_total_gb_mean             | 47.8     |
|    gpu_mem_used_gb_mean              | 1.59     |
|    gpu_util_pct_max                  | 1        |
|    gpu_util_pct_mean                 | 0.5      |
| profile/                             |          |
|    hard/damage_mean                  | 0.345    |
|    hard/defense_damage_pct_mean      | 0.341    |
|    hard/defense_damage_reward_mean   | 0.0409   |
|    hard/defense_destroy_reward_mean  | 0.0118   |
|    hard/defenses_destroyed_mean      | 2.37     |
|    hard/ep_len_mean                  | 61.6     |
|    hard/ep_rew_mean                  | 0.632    |
|    hard/episodes_window              | 200      |
|    hard/freeze_casts_mean            | 2        |
|    hard/freeze_effect_reward_mean    | 0.0701   |
|    hard/frozen_threat_damage_pct_... | 0.0604   |
|    hard/frozen_threat_ticks_mean     | 58.7     |
|    hard/objective_shaping_reward_... | 0.0755   |
|    hard/p_all_spells_used            | 0.995    |
|    hard/p_damage_ge_90               | 0        |
|    hard/p_stars_ge_2                 | 0.055    |
|    hard/rage_bonus_damage_pct_mean   | 0.00952  |
|    hard/rage_bonus_defense_damage... | 0.0073   |
|    hard/rage_bonus_townhall_damag... | 0.0133   |
|    hard/rage_casts_mean              | 1.99     |
|    hard/rage_effect_reward_mean      | 0.00333  |
|    hard/score_mean                   | 0.545    |
|    hard/spell_casts_mean             | 3.99     |
|    hard/spell_shaping_reward_mean    | 0.0731   |
|    hard/spells_remaining_mean        | 0.01     |
|    hard/stars_mean                   | 0.2      |
|    hard/ticks_mean                   | 612      |
|    hard/townhall_damage_pct_mean     | 0.175    |
|    hard/townhall_damage_reward_mean  | 0.0175   |
|    hard/townhall_destroy_reward_mean | 0.00525  |
|    hard/townhall_destroyed_rate      | 0.105    |
|    hard/truncated_rate               | 0        |
|    hard/unused_spell_penalty_mean    | 0.0003   |
|    hard/useful_freeze_casts_mean     | 2        |
|    hard/useful_rage_casts_mean       | 1.99     |
|    hard/wasted_spell_casts_mean      | 0        |
|    hard/wasted_spell_penalty_mean    | 0        |
|    medium/damage_mean                | 0.792    |
|    medium/defense_damage_pct_mean    | 0.749    |
|    medium/defense_damage_reward_mean | 0.0899   |
|    medium/defense_destroy_reward_... | 0.0167   |
|    medium/defenses_destroyed_mean    | 3.34     |
|    medium/ep_len_mean                | 69.6     |
|    medium/ep_rew_mean                | 3        |
|    medium/episodes_window            | 108      |
|    medium/freeze_casts_mean          | 1.98     |
|    medium/freeze_effect_reward_mean  | 0.0607   |
|    medium/frozen_threat_damage_pc... | 0.0541   |
|    medium/frozen_threat_ticks_mean   | 46.2     |
|    medium/objective_shaping_rewar... | 0.23     |
|    medium/p_all_spells_used          | 0.991    |
|    medium/p_damage_ge_90             | 0.398    |
|    medium/p_stars_ge_2               | 0.796    |
|    medium/rage_bonus_damage_pct_mean | 0.0259   |
|    medium/rage_bonus_defense_dama... | 0.0124   |
|    medium/rage_bonus_townhall_dam... | 0.0596   |
|    medium/rage_casts_mean            | 2        |
|    medium/rage_effect_reward_mean    | 0.00908  |
|    medium/score_mean                 | 2.77     |
|    medium/spell_casts_mean           | 3.98     |
|    medium/spell_shaping_reward_mean  | 0.0693   |
|    medium/spells_remaining_mean      | 0.0185   |
|    medium/stars_mean                 | 1.98     |
|    medium/ticks_mean                 | 691      |
|    medium/townhall_damage_pct_mean   | 0.829    |
|    medium/townhall_damage_reward_... | 0.0829   |
|    medium/townhall_destroy_reward... | 0.0403   |
|    medium/townhall_destroyed_rate    | 0.806    |
|    medium/truncated_rate             | 0.0556   |
|    medium/unused_spell_penalty_mean  | 0.000556 |
|    medium/useful_freeze_casts_mean   | 1.98     |
|    medium/useful_rage_casts_mean     | 2        |
|    medium/wasted_spell_casts_mean    | 0        |
|    medium/wasted_spell_penalty_mean  | 0        |
| rollout/                             |          |
|    ep_len_mean                       | 62.9     |
|    ep_rew_mean                       | 1.06     |
| throughput/                          |          |
|    env_steps_per_sec                 | 217      |
|    episodes_per_sec                  | 3.99     |
| time/                                |          |
|    fps                               | 213      |
|    iterations                        | 1        |
|    time_elapsed                      | 153      |
|    total_timesteps                   | 8060928  |
---------------------------------------------------
timesteps=8060992 | env_steps/sec=90.9 | episodes/sec=0.83 | gpu_util_mean=0% gpu_util_max=1% | gpu_mem_mean=2.3/47.8GB
timesteps=8062080 | env_steps/sec=213.9 | episodes/sec=2.36 | gpu_util_mean=0% gpu_util_max=1% | gpu_mem_mean=2.3/47.8GB
timesteps=8063232 | env_steps/sec=222.0 | episodes/sec=4.63 | gpu_util_mean=0% gpu_util_max=1% | gpu_mem_mean=2.3/47.8GB
timesteps=8064384 | env_steps/sec=216.6 | episodes/sec=4.14 | gpu_util_mean=0% gpu_util_max=0% | gpu_mem_mean=2.3/47.8GB
timesteps=8065472 | env_steps/sec=217.3 | episodes/sec=1.80 | gpu_util_mean=0% gpu_util_max=0% | gpu_mem_mean=2.3/47.8GB
timesteps=8066560 | env_steps/sec=210.2 | episodes/sec=3.09 | gpu_util_mean=0% gpu_util_max=1% | gpu_mem_mean=2.3/47.8GB
timesteps=8067712 | env_steps/sec=224.8 | episodes/sec=5.86 | gpu_util_mean=0% gpu_util_max=0% | gpu_mem_mean=2.3/47.8GB
timesteps=8068864 | env_steps/sec=219.0 | episodes/sec=1.90 | gpu_util_mean=0% gpu_util_max=1% | gpu_mem_mean=2.3/47.8GB
timesteps=8070016 | env_steps/sec=219.9 | episodes/sec=2.67 | gpu_util_mean=0% gpu_util_max=0% | gpu_mem_mean=2.3/47.8GB
timesteps=8071104 | env_steps/sec=217.3 | episodes/sec=4.59 | gpu_util_mean=0% gpu_util_max=0% | gpu_mem_mean=2.3/47.8GB
timesteps=8072192 | env_steps/sec=213.2 | episodes/sec=3.53 | gpu_util_mean=0% gpu_util_max=0% | gpu_mem_mean=2.3/47.8GB
timesteps=8073280 | env_steps/sec=208.1 | episodes/sec=2.49 | gpu_util_mean=0% gpu_util_max=0% | gpu_mem_mean=2.3/47.8GB
timesteps=8074304 | env_steps/sec=204.2 | episodes/sec=2.59 | gpu_util_mean=0% gpu_util_max=1% | gpu_mem_mean=2.3/47.8GB
timesteps=8075392 | env_steps/sec=210.2 | episodes/sec=4.44 | gpu_util_mean=0% gpu_util_max=0% | gpu_mem_mean=2.3/47.8GB
timesteps=8076480 | env_steps/sec=214.2 | episodes/sec=3.35 | gpu_util_mean=0% gpu_util_max=0% | gpu_mem_mean=2.3/47.8GB
timesteps=8077568 | env_steps/sec=213.6 | episodes/sec=2.36 | gpu_util_mean=0% gpu_util_max=0% | gpu_mem_mean=2.3/47.8GB
timesteps=8078656 | env_steps/sec=215.7 | episodes/sec=4.16 | gpu_util_mean=0% gpu_util_max=1% | gpu_mem_mean=2.3/47.8GB
timesteps=8079744 | env_steps/sec=214.0 | episodes/sec=3.93 | gpu_util_mean=0% gpu_util_max=1% | gpu_mem_mean=2.3/47.8GB
timesteps=8080832 | env_steps/sec=208.7 | episodes/sec=2.30 | gpu_util_mean=0% gpu_util_max=0% | gpu_mem_mean=2.3/47.8GB
timesteps=8081984 | env_steps/sec=219.4 | episodes/sec=4.57 | gpu_util_mean=0% gpu_util_max=1% | gpu_mem_mean=2.3/47.8GB
timesteps=8083072 | env_steps/sec=206.9 | episodes/sec=2.85 | gpu_util_mean=0% gpu_util_max=0% | gpu_mem_mean=2.3/47.8GB
timesteps=8084160 | env_steps/sec=212.7 | episodes/sec=4.11 | gpu_util_mean=0% gpu_util_max=0% | gpu_mem_mean=2.3/47.8GB
timesteps=8085184 | env_steps/sec=204.6 | episodes/sec=2.20 | gpu_util_mean=0% gpu_util_max=1% | gpu_mem_mean=2.3/47.8GB
timesteps=8086272 | env_steps/sec=208.0 | episodes/sec=4.01 | gpu_util_mean=0% gpu_util_max=1% | gpu_mem_mean=2.3/47.8GB
timesteps=8087296 | env_steps/sec=196.0 | episodes/sec=2.49 | gpu_util_mean=0% gpu_util_max=1% | gpu_mem_mean=2.3/47.8GB
timesteps=8088320 | env_steps/sec=202.3 | episodes/sec=3.36 | gpu_util_mean=1% gpu_util_max=1% | gpu_mem_mean=2.3/47.8GB
timesteps=8089408 | env_steps/sec=210.2 | episodes/sec=4.25 | gpu_util_mean=0% gpu_util_max=0% | gpu_mem_mean=2.3/47.8GB
timesteps=8090496 | env_steps/sec=209.1 | episodes/sec=2.88 | gpu_util_mean=0% gpu_util_max=1% | gpu_mem_mean=2.3/47.8GB
timesteps=8091584 | env_steps/sec=210.8 | episodes/sec=3.87 | gpu_util_mean=0% gpu_util_max=0% | gpu_mem_mean=2.3/47.8GB
timesteps=8092672 | env_steps/sec=214.1 | episodes/sec=1.77 | gpu_util_mean=1% gpu_util_max=1% | gpu_mem_mean=2.3/47.8GB
------------------------------------------------------
| gpu/                                 |             |
|    gpu_count                         | 2           |
|    gpu_mem_total_gb_mean             | 47.8        |
|    gpu_mem_used_gb_mean              | 2.33        |
|    gpu_util_pct_max                  | 1           |
|    gpu_util_pct_mean                 | 1           |
| profile/                             |             |
|    hard/damage_mean                  | 0.346       |
|    hard/defense_damage_pct_mean      | 0.343       |
|    hard/defense_damage_reward_mean   | 0.0411      |
|    hard/defense_destroy_reward_mean  | 0.0115      |
|    hard/defenses_destroyed_mean      | 2.29        |
|    hard/ep_len_mean                  | 60.5        |
|    hard/ep_rew_mean                  | 0.64        |
|    hard/episodes_window              | 200         |
|    hard/freeze_casts_mean            | 1.99        |
|    hard/freeze_effect_reward_mean    | 0.068       |
|    hard/frozen_threat_damage_pct_... | 0.0583      |
|    hard/frozen_threat_ticks_mean     | 56          |
|    hard/objective_shaping_reward_... | 0.0788      |
|    hard/p_all_spells_used            | 0.995       |
|    hard/p_damage_ge_90               | 0           |
|    hard/p_stars_ge_2                 | 0.055       |
|    hard/rage_bonus_damage_pct_mean   | 0.00972     |
|    hard/rage_bonus_defense_damage... | 0.00739     |
|    hard/rage_bonus_townhall_damag... | 0.0204      |
|    hard/rage_casts_mean              | 2           |
|    hard/rage_effect_reward_mean      | 0.0034      |
|    hard/score_mean                   | 0.551       |
|    hard/spell_casts_mean             | 3.99        |
|    hard/spell_shaping_reward_mean    | 0.0711      |
|    hard/spells_remaining_mean        | 0.01        |
|    hard/stars_mean                   | 0.205       |
|    hard/ticks_mean                   | 601         |
|    hard/townhall_damage_pct_mean     | 0.2         |
|    hard/townhall_damage_reward_mean  | 0.02        |
|    hard/townhall_destroy_reward_mean | 0.00625     |
|    hard/townhall_destroyed_rate      | 0.125       |
|    hard/truncated_rate               | 0.005       |
|    hard/unused_spell_penalty_mean    | 0.0003      |
|    hard/useful_freeze_casts_mean     | 1.99        |
|    hard/useful_rage_casts_mean       | 2           |
|    hard/wasted_spell_casts_mean      | 0           |
|    hard/wasted_spell_penalty_mean    | 0           |
|    medium/damage_mean                | 0.805       |
|    medium/defense_damage_pct_mean    | 0.75        |
|    medium/defense_damage_reward_mean | 0.09        |
|    medium/defense_destroy_reward_... | 0.0169      |
|    medium/defenses_destroyed_mean    | 3.38        |
|    medium/ep_len_mean                | 70          |
|    medium/ep_rew_mean                | 3.08        |
|    medium/episodes_window            | 200         |
|    medium/freeze_casts_mean          | 1.97        |
|    medium/freeze_effect_reward_mean  | 0.059       |
|    medium/frozen_threat_damage_pc... | 0.0523      |
|    medium/frozen_threat_ticks_mean   | 45.3        |
|    medium/objective_shaping_rewar... | 0.235       |
|    medium/p_all_spells_used          | 0.98        |
|    medium/p_damage_ge_90             | 0.395       |
|    medium/p_stars_ge_2               | 0.825       |
|    medium/rage_bonus_damage_pct_mean | 0.0278      |
|    medium/rage_bonus_defense_dama... | 0.0134      |
|    medium/rage_bonus_townhall_dam... | 0.0663      |
|    medium/rage_casts_mean            | 1.99        |
|    medium/rage_effect_reward_mean    | 0.00974     |
|    medium/score_mean                 | 2.84        |
|    medium/spell_casts_mean           | 3.96        |
|    medium/spell_shaping_reward_mean  | 0.0674      |
|    medium/spells_remaining_mean      | 0.045       |
|    medium/stars_mean                 | 2.04        |
|    medium/ticks_mean                 | 696         |
|    medium/townhall_damage_pct_mean   | 0.862       |
|    medium/townhall_damage_reward_... | 0.0862      |
|    medium/townhall_destroy_reward... | 0.0415      |
|    medium/townhall_destroyed_rate    | 0.83        |
|    medium/truncated_rate             | 0.075       |
|    medium/unused_spell_penalty_mean  | 0.00135     |
|    medium/useful_freeze_casts_mean   | 1.97        |
|    medium/useful_rage_casts_mean     | 1.99        |
|    medium/wasted_spell_casts_mean    | 0           |
|    medium/wasted_spell_penalty_mean  | 0           |
| rollout/                             |             |
|    ep_len_mean                       | 63          |
|    ep_rew_mean                       | 1.21        |
| throughput/                          |             |
|    env_steps_per_sec                 | 214         |
|    episodes_per_sec                  | 1.77        |
| time/                                |             |
|    fps                               | 209         |
|    iterations                        | 2           |
|    time_elapsed                      | 312         |
|    total_timesteps                   | 8093696     |
| train/                               |             |
|    approx_kl                         | 0.010789822 |
|    clip_fraction                     | 0.0804      |
|    clip_range                        | 0.2         |
|    entropy_loss                      | -4.24       |
|    explained_variance                | 0.878       |
|    learning_rate                     | 0.0001      |
|    loss                              | -0.0391     |
|    n_updates                         | 2460        |
|    policy_gradient_loss              | -0.0161     |
|    value_loss                        | 0.064       |
------------------------------------------------------
timesteps=8093760 | env_steps/sec=112.2 | episodes/sec=2.27 | gpu_util_mean=17% gpu_util_max=34% | gpu_mem_mean=2.3/47.8GB
timesteps=8094848 | env_steps/sec=210.6 | episodes/sec=3.68 | gpu_util_mean=0% gpu_util_max=0% | gpu_mem_mean=2.3/47.8GB
timesteps=8095936 | env_steps/sec=204.9 | episodes/sec=2.64 | gpu_util_mean=0% gpu_util_max=0% | gpu_mem_mean=2.3/47.8GB
timesteps=8097024 | env_steps/sec=208.1 | episodes/sec=2.87 | gpu_util_mean=1% gpu_util_max=1% | gpu_mem_mean=2.3/47.8GB
timesteps=8098176 | env_steps/sec=223.5 | episodes/sec=4.27 | gpu_util_mean=0% gpu_util_max=1% | gpu_mem_mean=2.3/47.8GB
timesteps=8099264 | env_steps/sec=213.0 | episodes/sec=3.52 | gpu_util_mean=0% gpu_util_max=1% | gpu_mem_mean=2.3/47.8GB
timesteps=8100416 | env_steps/sec=220.9 | episodes/sec=2.49 | gpu_util_mean=0% gpu_util_max=0% | gpu_mem_mean=2.3/47.8GB
timesteps=8101440 | env_steps/sec=201.8 | episodes/sec=3.74 | gpu_util_mean=0% gpu_util_max=0% | gpu_mem_mean=2.3/47.8GB
timesteps=8102528 | env_steps/sec=214.6 | episodes/sec=3.75 | gpu_util_mean=0% gpu_util_max=1% | gpu_mem_mean=2.3/47.8GB
timesteps=8103616 | env_steps/sec=210.5 | episodes/sec=2.71 | gpu_util_mean=0% gpu_util_max=0% | gpu_mem_mean=2.3/47.8GB
timesteps=8104704 | env_steps/sec=216.0 | episodes/sec=2.98 | gpu_util_mean=0% gpu_util_max=1% | gpu_mem_mean=2.3/47.8GB
timesteps=8105792 | env_steps/sec=210.0 | episodes/sec=3.67 | gpu_util_mean=0% gpu_util_max=1% | gpu_mem_mean=2.3/47.8GB
timesteps=8106880 | env_steps/sec=206.1 | episodes/sec=4.55 | gpu_util_mean=0% gpu_util_max=0% | gpu_mem_mean=2.3/47.8GB
timesteps=8107904 | env_steps/sec=196.0 | episodes/sec=1.53 | gpu_util_mean=0% gpu_util_max=0% | gpu_mem_mean=2.3/47.8GB
timesteps=8108992 | env_steps/sec=208.7 | episodes/sec=2.49 | gpu_util_mean=0% gpu_util_max=1% | gpu_mem_mean=2.3/47.8GB
timesteps=8110080 | env_steps/sec=211.8 | episodes/sec=5.06 | gpu_util_mean=0% gpu_util_max=0% | gpu_mem_mean=2.3/47.8GB
timesteps=8111168 | env_steps/sec=207.2 | episodes/sec=3.24 | gpu_util_mean=0% gpu_util_max=0% | gpu_mem_mean=2.3/47.8GB
timesteps=8112192 | env_steps/sec=195.6 | episodes/sec=2.29 | gpu_util_mean=0% gpu_util_max=1% | gpu_mem_mean=2.3/47.8GB
timesteps=8113216 | env_steps/sec=201.0 | episodes/sec=2.55 | gpu_util_mean=0% gpu_util_max=0% | gpu_mem_mean=2.3/47.8GB
timesteps=8114304 | env_steps/sec=215.8 | episodes/sec=4.76 | gpu_util_mean=0% gpu_util_max=0% | gpu_mem_mean=2.3/47.8GB
timesteps=8115392 | env_steps/sec=208.2 | episodes/sec=3.44 | gpu_util_mean=0% gpu_util_max=1% | gpu_mem_mean=2.3/47.8GB
timesteps=8116416 | env_steps/sec=195.1 | episodes/sec=2.48 | gpu_util_mean=0% gpu_util_max=0% | gpu_mem_mean=2.3/47.8GB
timesteps=8117504 | env_steps/sec=206.1 | episodes/sec=3.60 | gpu_util_mean=0% gpu_util_max=1% | gpu_mem_mean=2.3/47.8GB
timesteps=8118592 | env_steps/sec=209.5 | episodes/sec=3.85 | gpu_util_mean=0% gpu_util_max=1% | gpu_mem_mean=2.3/47.8GB
timesteps=8119552 | env_steps/sec=191.3 | episodes/sec=2.59 | gpu_util_mean=0% gpu_util_max=0% | gpu_mem_mean=2.3/47.8GB
timesteps=8120576 | env_steps/sec=203.1 | episodes/sec=1.59 | gpu_util_mean=0% gpu_util_max=1% | gpu_mem_mean=2.3/47.8GB
timesteps=8121664 | env_steps/sec=210.3 | episodes/sec=4.06 | gpu_util_mean=0% gpu_util_max=1% | gpu_mem_mean=2.3/47.8GB
timesteps=8122752 | env_steps/sec=211.3 | episodes/sec=4.08 | gpu_util_mean=0% gpu_util_max=0% | gpu_mem_mean=2.3/47.8GB
timesteps=8123840 | env_steps/sec=212.5 | episodes/sec=3.52 | gpu_util_mean=1% gpu_util_max=1% | gpu_mem_mean=2.3/47.8GB
timesteps=8124928 | env_steps/sec=208.7 | episodes/sec=2.69 | gpu_util_mean=19% gpu_util_max=37% | gpu_mem_mean=2.3/47.8GB
timesteps=8126016 | env_steps/sec=215.1 | episodes/sec=4.35 | gpu_util_mean=0% gpu_util_max=1% | gpu_mem_mean=2.3/47.8GB
------------------------------------------------------
| gpu/                                 |             |
|    gpu_count                         | 2           |
|    gpu_mem_total_gb_mean             | 47.8        |
|    gpu_mem_used_gb_mean              | 2.33        |
|    gpu_util_pct_max                  | 1           |
|    gpu_util_pct_mean                 | 0.5         |
| profile/                             |             |
|    hard/damage_mean                  | 0.35        |
|    hard/defense_damage_pct_mean      | 0.352       |
|    hard/defense_damage_reward_mean   | 0.0423      |
|    hard/defense_destroy_reward_mean  | 0.0118      |
|    hard/defenses_destroyed_mean      | 2.35        |
|    hard/ep_len_mean                  | 60.8        |
|    hard/ep_rew_mean                  | 0.654       |
|    hard/episodes_window              | 200         |
|    hard/freeze_casts_mean            | 2           |
|    hard/freeze_effect_reward_mean    | 0.0695      |
|    hard/frozen_threat_damage_pct_... | 0.0589      |
|    hard/frozen_threat_ticks_mean     | 56.8        |
|    hard/objective_shaping_reward_... | 0.0766      |
|    hard/p_all_spells_used            | 1           |
|    hard/p_damage_ge_90               | 0           |
|    hard/p_stars_ge_2                 | 0.07        |
|    hard/rage_bonus_damage_pct_mean   | 0.00951     |
|    hard/rage_bonus_defense_damage... | 0.00674     |
|    hard/rage_bonus_townhall_damag... | 0.0156      |
|    hard/rage_casts_mean              | 2           |
|    hard/rage_effect_reward_mean      | 0.00333     |
|    hard/score_mean                   | 0.565       |
|    hard/spell_casts_mean             | 4           |
|    hard/spell_shaping_reward_mean    | 0.0728      |
|    hard/spells_remaining_mean        | 0           |
|    hard/stars_mean                   | 0.215       |
|    hard/ticks_mean                   | 604         |
|    hard/townhall_damage_pct_mean     | 0.173       |
|    hard/townhall_damage_reward_mean  | 0.0173      |
|    hard/townhall_destroy_reward_mean | 0.00525     |
|    hard/townhall_destroyed_rate      | 0.105       |
|    hard/truncated_rate               | 0.005       |
|    hard/unused_spell_penalty_mean    | 0           |
|    hard/useful_freeze_casts_mean     | 2           |
|    hard/useful_rage_casts_mean       | 2           |
|    hard/wasted_spell_casts_mean      | 0           |
|    hard/wasted_spell_penalty_mean    | 0           |
|    medium/damage_mean                | 0.814       |
|    medium/defense_damage_pct_mean    | 0.753       |
|    medium/defense_damage_reward_mean | 0.0904      |
|    medium/defense_destroy_reward_... | 0.0171      |
|    medium/defenses_destroyed_mean    | 3.42        |
|    medium/ep_len_mean                | 70.3        |
|    medium/ep_rew_mean                | 3.13        |
|    medium/episodes_window            | 200         |
|    medium/freeze_casts_mean          | 1.96        |
|    medium/freeze_effect_reward_mean  | 0.0604      |
|    medium/frozen_threat_damage_pc... | 0.0534      |
|    medium/frozen_threat_ticks_mean   | 46.9        |
|    medium/objective_shaping_rewar... | 0.238       |
|    medium/p_all_spells_used          | 0.97        |
|    medium/p_damage_ge_90             | 0.41        |
|    medium/p_stars_ge_2               | 0.845       |
|    medium/rage_bonus_damage_pct_mean | 0.0248      |
|    medium/rage_bonus_defense_dama... | 0.0127      |
|    medium/rage_bonus_townhall_dam... | 0.0517      |
|    medium/rage_casts_mean            | 1.99        |
|    medium/rage_effect_reward_mean    | 0.00867     |
|    medium/score_mean                 | 2.9         |
|    medium/spell_casts_mean           | 3.94        |
|    medium/spell_shaping_reward_mean  | 0.0673      |
|    medium/spells_remaining_mean      | 0.06        |
|    medium/stars_mean                 | 2.08        |
|    medium/ticks_mean                 | 700         |
|    medium/townhall_damage_pct_mean   | 0.882       |
|    medium/townhall_damage_reward_... | 0.0882      |
|    medium/townhall_destroy_reward... | 0.0425      |
|    medium/townhall_destroyed_rate    | 0.85        |
|    medium/truncated_rate             | 0.125       |
|    medium/unused_spell_penalty_mean  | 0.0018      |
|    medium/useful_freeze_casts_mean   | 1.96        |
|    medium/useful_rage_casts_mean     | 1.99        |
|    medium/wasted_spell_casts_mean    | 0           |
|    medium/wasted_spell_penalty_mean  | 0           |
| rollout/                             |             |
|    ep_len_mean                       | 63.6        |
|    ep_rew_mean                       | 1.21        |
| throughput/                          |             |
|    env_steps_per_sec                 | 215         |
|    episodes_per_sec                  | 4.35        |
| time/                                |             |
|    fps                               | 207         |
|    iterations                        | 3           |
|    time_elapsed                      | 474         |
|    total_timesteps                   | 8126464     |
| train/                               |             |
|    approx_kl                         | 0.009283319 |
|    clip_fraction                     | 0.0664      |
|    clip_range                        | 0.2         |
|    entropy_loss                      | -4.18       |
|    explained_variance                | 0.891       |
|    learning_rate                     | 0.0001      |
|    loss                              | -0.0322     |
|    n_updates                         | 2470        |
|    policy_gradient_loss              | -0.0152     |
|    value_loss                        | 0.0663      |
------------------------------------------------------
timesteps=8126528 | env_steps/sec=73.0 | episodes/sec=1.14 | gpu_util_mean=16% gpu_util_max=33% | gpu_mem_mean=2.3/47.8GB
timesteps=8127616 | env_steps/sec=206.6 | episodes/sec=2.66 | gpu_util_mean=0% gpu_util_max=0% | gpu_mem_mean=2.3/47.8GB
timesteps=8128704 | env_steps/sec=215.8 | episodes/sec=3.37 | gpu_util_mean=0% gpu_util_max=0% | gpu_mem_mean=2.3/47.8GB
timesteps=8129792 | env_steps/sec=214.6 | episodes/sec=4.93 | gpu_util_mean=0% gpu_util_max=0% | gpu_mem_mean=2.3/47.8GB
timesteps=8130816 | env_steps/sec=202.5 | episodes/sec=1.38 | gpu_util_mean=1% gpu_util_max=1% | gpu_mem_mean=2.3/47.8GB
timesteps=8131904 | env_steps/sec=206.3 | episodes/sec=2.84 | gpu_util_mean=0% gpu_util_max=1% | gpu_mem_mean=2.3/47.8GB
timesteps=8132992 | env_steps/sec=216.3 | episodes/sec=4.17 | gpu_util_mean=0% gpu_util_max=1% | gpu_mem_mean=2.3/47.8GB
timesteps=8134016 | env_steps/sec=202.4 | episodes/sec=3.95 | gpu_util_mean=0% gpu_util_max=1% | gpu_mem_mean=2.3/47.8GB
timesteps=8135040 | env_steps/sec=197.5 | episodes/sec=1.74 | gpu_util_mean=0% gpu_util_max=0% | gpu_mem_mean=2.3/47.8GB
timesteps=8136128 | env_steps/sec=206.0 | episodes/sec=4.35 | gpu_util_mean=0% gpu_util_max=0% | gpu_mem_mean=2.3/47.8GB
timesteps=8137216 | env_steps/sec=212.5 | episodes/sec=3.32 | gpu_util_mean=0% gpu_util_max=1% | gpu_mem_mean=2.3/47.8GB
timesteps=8138304 | env_steps/sec=209.6 | episodes/sec=2.70 | gpu_util_mean=0% gpu_util_max=1% | gpu_mem_mean=2.3/47.8GB
timesteps=8139456 | env_steps/sec=222.2 | episodes/sec=2.70 | gpu_util_mean=0% gpu_util_max=0% | gpu_mem_mean=2.3/47.8GB
timesteps=8140544 | env_steps/sec=216.0 | episodes/sec=4.76 | gpu_util_mean=0% gpu_util_max=0% | gpu_mem_mean=2.3/47.8GB
timesteps=8141632 | env_steps/sec=211.0 | episodes/sec=3.68 | gpu_util_mean=0% gpu_util_max=0% | gpu_mem_mean=2.3/47.8GB
timesteps=8142656 | env_steps/sec=197.9 | episodes/sec=2.32 | gpu_util_mean=0% gpu_util_max=1% | gpu_mem_mean=2.3/47.8GB
timesteps=8143680 | env_steps/sec=201.7 | episodes/sec=2.56 | gpu_util_mean=0% gpu_util_max=0% | gpu_mem_mean=2.3/47.8GB
timesteps=8144768 | env_steps/sec=207.1 | episodes/sec=3.24 | gpu_util_mean=0% gpu_util_max=0% | gpu_mem_mean=2.3/47.8GB
timesteps=8145856 | env_steps/sec=208.6 | episodes/sec=4.22 | gpu_util_mean=0% gpu_util_max=0% | gpu_mem_mean=2.3/47.8GB
timesteps=8146944 | env_steps/sec=213.9 | episodes/sec=2.56 | gpu_util_mean=0% gpu_util_max=0% | gpu_mem_mean=2.3/47.8GB
timesteps=8147968 | env_steps/sec=201.8 | episodes/sec=2.96 | gpu_util_mean=0% gpu_util_max=1% | gpu_mem_mean=2.3/47.8GB
timesteps=8149056 | env_steps/sec=207.6 | episodes/sec=4.39 | gpu_util_mean=0% gpu_util_max=0% | gpu_mem_mean=2.3/47.8GB
timesteps=8150144 | env_steps/sec=213.7 | episodes/sec=3.14 | gpu_util_mean=0% gpu_util_max=0% | gpu_mem_mean=2.3/47.8GB
timesteps=8151232 | env_steps/sec=204.0 | episodes/sec=2.63 | gpu_util_mean=0% gpu_util_max=0% | gpu_mem_mean=2.3/47.8GB
timesteps=8152320 | env_steps/sec=209.7 | episodes/sec=4.05 | gpu_util_mean=0% gpu_util_max=1% | gpu_mem_mean=2.3/47.8GB
timesteps=8153408 | env_steps/sec=211.6 | episodes/sec=3.31 | gpu_util_mean=0% gpu_util_max=1% | gpu_mem_mean=2.3/47.8GB
timesteps=8154432 | env_steps/sec=204.2 | episodes/sec=2.39 | gpu_util_mean=0% gpu_util_max=0% | gpu_mem_mean=2.3/47.8GB
timesteps=8155456 | env_steps/sec=198.1 | episodes/sec=2.90 | gpu_util_mean=0% gpu_util_max=0% | gpu_mem_mean=2.3/47.8GB
timesteps=8156544 | env_steps/sec=208.6 | episodes/sec=4.60 | gpu_util_mean=14% gpu_util_max=29% | gpu_mem_mean=2.3/47.8GB
timesteps=8157568 | env_steps/sec=203.0 | episodes/sec=3.17 | gpu_util_mean=0% gpu_util_max=0% | gpu_mem_mean=2.3/47.8GB
timesteps=8158592 | env_steps/sec=203.9 | episodes/sec=1.79 | gpu_util_mean=0% gpu_util_max=0% | gpu_mem_mean=2.3/47.8GB
------------------------------------------------------
| gpu/                                 |             |
|    gpu_count                         | 2           |
|    gpu_mem_total_gb_mean             | 47.8        |
|    gpu_mem_used_gb_mean              | 2.33        |
|    gpu_util_pct_max                  | 0           |
|    gpu_util_pct_mean                 | 0           |
| profile/                             |             |
|    hard/damage_mean                  | 0.355       |
|    hard/defense_damage_pct_mean      | 0.346       |
|    hard/defense_damage_reward_mean   | 0.0415      |
|    hard/defense_destroy_reward_mean  | 0.0117      |
|    hard/defenses_destroyed_mean      | 2.35        |
|    hard/ep_len_mean                  | 61.5        |
|    hard/ep_rew_mean                  | 0.688       |
|    hard/episodes_window              | 200         |
|    hard/freeze_casts_mean            | 1.99        |
|    hard/freeze_effect_reward_mean    | 0.0719      |
|    hard/frozen_threat_damage_pct_... | 0.063       |
|    hard/frozen_threat_ticks_mean     | 61          |
|    hard/objective_shaping_reward_... | 0.0793      |
|    hard/p_all_spells_used            | 0.99        |
|    hard/p_damage_ge_90               | 0           |
|    hard/p_stars_ge_2                 | 0.075       |
|    hard/rage_bonus_damage_pct_mean   | 0.00958     |
|    hard/rage_bonus_defense_damage... | 0.00556     |
|    hard/rage_bonus_townhall_damag... | 0.0145      |
|    hard/rage_casts_mean              | 1.99        |
|    hard/rage_effect_reward_mean      | 0.00335     |
|    hard/score_mean                   | 0.595       |
|    hard/spell_casts_mean             | 3.98        |
|    hard/spell_shaping_reward_mean    | 0.0746      |
|    hard/spells_remaining_mean        | 0.02        |
|    hard/stars_mean                   | 0.24        |
|    hard/ticks_mean                   | 611         |
|    hard/townhall_damage_pct_mean     | 0.198       |
|    hard/townhall_damage_reward_mean  | 0.0198      |
|    hard/townhall_destroy_reward_mean | 0.00625     |
|    hard/townhall_destroyed_rate      | 0.125       |
|    hard/truncated_rate               | 0.025       |
|    hard/unused_spell_penalty_mean    | 0.0006      |
|    hard/useful_freeze_casts_mean     | 1.99        |
|    hard/useful_rage_casts_mean       | 1.99        |
|    hard/wasted_spell_casts_mean      | 0           |
|    hard/wasted_spell_penalty_mean    | 0           |
|    medium/damage_mean                | 0.823       |
|    medium/defense_damage_pct_mean    | 0.762       |
|    medium/defense_damage_reward_mean | 0.0914      |
|    medium/defense_destroy_reward_... | 0.0175      |
|    medium/defenses_destroyed_mean    | 3.5         |
|    medium/ep_len_mean                | 70          |
|    medium/ep_rew_mean                | 3.13        |
|    medium/episodes_window            | 200         |
|    medium/freeze_casts_mean          | 1.92        |
|    medium/freeze_effect_reward_mean  | 0.0586      |
|    medium/frozen_threat_damage_pc... | 0.0511      |
|    medium/frozen_threat_ticks_mean   | 44.5        |
|    medium/objective_shaping_rewar... | 0.239       |
|    medium/p_all_spells_used          | 0.945       |
|    medium/p_damage_ge_90             | 0.455       |
|    medium/p_stars_ge_2               | 0.85        |
|    medium/rage_bonus_damage_pct_mean | 0.029       |
|    medium/rage_bonus_defense_dama... | 0.0135      |
|    medium/rage_bonus_townhall_dam... | 0.064       |
|    medium/rage_casts_mean            | 1.99        |
|    medium/rage_effect_reward_mean    | 0.0101      |
|    medium/score_mean                 | 2.9         |
|    medium/spell_casts_mean           | 3.9         |
|    medium/spell_shaping_reward_mean  | 0.0658      |
|    medium/spells_remaining_mean      | 0.095       |
|    medium/stars_mean                 | 2.08        |
|    medium/ticks_mean                 | 696         |
|    medium/townhall_damage_pct_mean   | 0.873       |
|    medium/townhall_damage_reward_... | 0.0873      |
|    medium/townhall_destroy_reward... | 0.0425      |
|    medium/townhall_destroyed_rate    | 0.85        |
|    medium/truncated_rate             | 0.125       |
|    medium/unused_spell_penalty_mean  | 0.00285     |
|    medium/useful_freeze_casts_mean   | 1.92        |
|    medium/useful_rage_casts_mean     | 1.99        |
|    medium/wasted_spell_casts_mean    | 0           |
|    medium/wasted_spell_penalty_mean  | 0           |
| rollout/                             |             |
|    ep_len_mean                       | 63.4        |
|    ep_rew_mean                       | 1.31        |
| throughput/                          |             |
|    env_steps_per_sec                 | 204         |
|    episodes_per_sec                  | 1.79        |
| time/                                |             |
|    fps                               | 205         |
|    iterations                        | 4           |
|    time_elapsed                      | 636         |
|    total_timesteps                   | 8159232     |
| train/                               |             |
|    approx_kl                         | 0.009690434 |
|    clip_fraction                     | 0.0711      |
|    clip_range                        | 0.2         |
|    entropy_loss                      | -4.16       |
|    explained_variance                | 0.9         |
|    learning_rate                     | 0.0001      |
|    loss                              | -0.0362     |
|    n_updates                         | 2480        |
|    policy_gradient_loss              | -0.0152     |
|    value_loss                        | 0.0618      |
------------------------------------------------------
timesteps=8159296 | env_steps/sec=87.5 | episodes/sec=1.24 | gpu_util_mean=0% gpu_util_max=0% | gpu_mem_mean=2.3/47.8GB
timesteps=8160384 | env_steps/sec=209.5 | episodes/sec=4.43 | gpu_util_mean=0% gpu_util_max=0% | gpu_mem_mean=2.3/47.8GB
timesteps=8161472 | env_steps/sec=205.9 | episodes/sec=2.65 | gpu_util_mean=0% gpu_util_max=1% | gpu_mem_mean=2.3/47.8GB
timesteps=8162560 | env_steps/sec=206.8 | episodes/sec=2.85 | gpu_util_mean=0% gpu_util_max=1% | gpu_mem_mean=2.3/47.8GB
timesteps=8163584 | env_steps/sec=202.6 | episodes/sec=3.36 | gpu_util_mean=0% gpu_util_max=1% | gpu_mem_mean=2.3/47.8GB
timesteps=8164672 | env_steps/sec=207.9 | episodes/sec=3.63 | gpu_util_mean=0% gpu_util_max=1% | gpu_mem_mean=2.3/47.8GB
timesteps=8165696 | env_steps/sec=199.6 | episodes/sec=3.70 | gpu_util_mean=0% gpu_util_max=1% | gpu_mem_mean=2.3/47.8GB
timesteps=8166720 | env_steps/sec=204.6 | episodes/sec=2.00 | gpu_util_mean=0% gpu_util_max=0% | gpu_mem_mean=2.3/47.8GB
timesteps=8167808 | env_steps/sec=208.7 | episodes/sec=4.03 | gpu_util_mean=0% gpu_util_max=1% | gpu_mem_mean=2.3/47.8GB
timesteps=8168896 | env_steps/sec=210.7 | episodes/sec=3.49 | gpu_util_mean=0% gpu_util_max=0% | gpu_mem_mean=2.3/47.8GB
timesteps=8169920 | env_steps/sec=201.9 | episodes/sec=2.96 | gpu_util_mean=0% gpu_util_max=0% | gpu_mem_mean=2.3/47.8GB
timesteps=8171008 | env_steps/sec=205.2 | episodes/sec=3.58 | gpu_util_mean=0% gpu_util_max=0% | gpu_mem_mean=2.3/47.8GB
timesteps=8172032 | env_steps/sec=194.0 | episodes/sec=3.22 | gpu_util_mean=0% gpu_util_max=0% | gpu_mem_mean=2.3/47.8GB
timesteps=8173120 | env_steps/sec=208.1 | episodes/sec=3.63 | gpu_util_mean=0% gpu_util_max=1% | gpu_mem_mean=2.3/47.8GB
timesteps=8174208 | env_steps/sec=215.1 | episodes/sec=2.77 | gpu_util_mean=0% gpu_util_max=1% | gpu_mem_mean=2.3/47.8GB
timesteps=8175296 | env_steps/sec=211.6 | episodes/sec=3.31 | gpu_util_mean=0% gpu_util_max=1% | gpu_mem_mean=2.3/47.8GB
timesteps=8176384 | env_steps/sec=209.8 | episodes/sec=3.28 | gpu_util_mean=0% gpu_util_max=1% | gpu_mem_mean=2.3/47.8GB
timesteps=8177472 | env_steps/sec=210.7 | episodes/sec=3.49 | gpu_util_mean=0% gpu_util_max=0% | gpu_mem_mean=2.3/47.8GB
timesteps=8178496 | env_steps/sec=201.8 | episodes/sec=2.96 | gpu_util_mean=0% gpu_util_max=1% | gpu_mem_mean=2.3/47.8GB
timesteps=8179520 | env_steps/sec=203.5 | episodes/sec=3.18 | gpu_util_mean=0% gpu_util_max=0% | gpu_mem_mean=2.3/47.8GB
timesteps=8180544 | env_steps/sec=203.1 | episodes/sec=2.78 | gpu_util_mean=0% gpu_util_max=1% | gpu_mem_mean=2.3/47.8GB
timesteps=8181632 | env_steps/sec=209.5 | episodes/sec=4.24 | gpu_util_mean=0% gpu_util_max=0% | gpu_mem_mean=2.3/47.8GB
timesteps=8182720 | env_steps/sec=207.1 | episodes/sec=2.09 | gpu_util_mean=0% gpu_util_max=0% | gpu_mem_mean=2.3/47.8GB
timesteps=8183808 | env_steps/sec=211.5 | episodes/sec=3.30 | gpu_util_mean=1% gpu_util_max=1% | gpu_mem_mean=2.3/47.8GB
timesteps=8184896 | env_steps/sec=204.0 | episodes/sec=4.88 | gpu_util_mean=0% gpu_util_max=1% | gpu_mem_mean=2.3/47.8GB
timesteps=8185984 | env_steps/sec=205.1 | episodes/sec=1.51 | gpu_util_mean=1% gpu_util_max=1% | gpu_mem_mean=2.3/47.8GB
timesteps=8187008 | env_steps/sec=203.3 | episodes/sec=3.97 | gpu_util_mean=1% gpu_util_max=1% | gpu_mem_mean=2.3/47.8GB
timesteps=8188096 | env_steps/sec=215.1 | episodes/sec=2.97 | gpu_util_mean=0% gpu_util_max=0% | gpu_mem_mean=2.3/47.8GB
timesteps=8189184 | env_steps/sec=212.5 | episodes/sec=3.71 | gpu_util_mean=0% gpu_util_max=0% | gpu_mem_mean=2.3/47.8GB
timesteps=8190208 | env_steps/sec=201.9 | episodes/sec=1.97 | gpu_util_mean=0% gpu_util_max=1% | gpu_mem_mean=2.3/47.8GB
timesteps=8191296 | env_steps/sec=211.0 | episodes/sec=3.30 | gpu_util_mean=0% gpu_util_max=1% | gpu_mem_mean=2.3/47.8GB
------------------------------------------------------
| gpu/                                 |             |
|    gpu_count                         | 2           |
|    gpu_mem_total_gb_mean             | 47.8        |
|    gpu_mem_used_gb_mean              | 2.33        |
|    gpu_util_pct_max                  | 1           |
|    gpu_util_pct_mean                 | 0.5         |
| profile/                             |             |
|    hard/damage_mean                  | 0.343       |
|    hard/defense_damage_pct_mean      | 0.341       |
|    hard/defense_damage_reward_mean   | 0.0409      |
|    hard/defense_destroy_reward_mean  | 0.0114      |
|    hard/defenses_destroyed_mean      | 2.29        |
|    hard/ep_len_mean                  | 61.9        |
|    hard/ep_rew_mean                  | 0.625       |
|    hard/episodes_window              | 200         |
|    hard/freeze_casts_mean            | 2           |
|    hard/freeze_effect_reward_mean    | 0.0745      |
|    hard/frozen_threat_damage_pct_... | 0.0662      |
|    hard/frozen_threat_ticks_mean     | 63.1        |
|    hard/objective_shaping_reward_... | 0.0766      |
|    hard/p_all_spells_used            | 0.995       |
|    hard/p_damage_ge_90               | 0           |
|    hard/p_stars_ge_2                 | 0.055       |
|    hard/rage_bonus_damage_pct_mean   | 0.00986     |
|    hard/rage_bonus_defense_damage... | 0.00651     |
|    hard/rage_bonus_townhall_damag... | 0.0155      |
|    hard/rage_casts_mean              | 1.99        |
|    hard/rage_effect_reward_mean      | 0.00345     |
|    hard/score_mean                   | 0.533       |
|    hard/spell_casts_mean             | 3.98        |
|    hard/spell_shaping_reward_mean    | 0.0775      |
|    hard/spells_remaining_mean        | 0.015       |
|    hard/stars_mean                   | 0.19        |
|    hard/ticks_mean                   | 615         |
|    hard/townhall_damage_pct_mean     | 0.19        |
|    hard/townhall_damage_reward_mean  | 0.019       |
|    hard/townhall_destroy_reward_mean | 0.00525     |
|    hard/townhall_destroyed_rate      | 0.105       |
|    hard/truncated_rate               | 0.01        |
|    hard/unused_spell_penalty_mean    | 0.00045     |
|    hard/useful_freeze_casts_mean     | 2           |
|    hard/useful_rage_casts_mean       | 1.99        |
|    hard/wasted_spell_casts_mean      | 0           |
|    hard/wasted_spell_penalty_mean    | 0           |
|    medium/damage_mean                | 0.821       |
|    medium/defense_damage_pct_mean    | 0.767       |
|    medium/defense_damage_reward_mean | 0.092       |
|    medium/defense_destroy_reward_... | 0.0177      |
|    medium/defenses_destroyed_mean    | 3.54        |
|    medium/ep_len_mean                | 71.3        |
|    medium/ep_rew_mean                | 3.1         |
|    medium/episodes_window            | 200         |
|    medium/freeze_casts_mean          | 1.93        |
|    medium/freeze_effect_reward_mean  | 0.0595      |
|    medium/frozen_threat_damage_pc... | 0.0524      |
|    medium/frozen_threat_ticks_mean   | 45.5        |
|    medium/objective_shaping_rewar... | 0.239       |
|    medium/p_all_spells_used          | 0.95        |
|    medium/p_damage_ge_90             | 0.44        |
|    medium/p_stars_ge_2               | 0.84        |
|    medium/rage_bonus_damage_pct_mean | 0.032       |
|    medium/rage_bonus_defense_dama... | 0.0133      |
|    medium/rage_bonus_townhall_dam... | 0.0791      |
|    medium/rage_casts_mean            | 1.99        |
|    medium/rage_effect_reward_mean    | 0.0112      |
|    medium/score_mean                 | 2.87        |
|    medium/spell_casts_mean           | 3.92        |
|    medium/spell_shaping_reward_mean  | 0.0683      |
|    medium/spells_remaining_mean      | 0.08        |
|    medium/stars_mean                 | 2.04        |
|    medium/ticks_mean                 | 709         |
|    medium/townhall_damage_pct_mean   | 0.868       |
|    medium/townhall_damage_reward_... | 0.0868      |
|    medium/townhall_destroy_reward... | 0.042       |
|    medium/townhall_destroyed_rate    | 0.84        |
|    medium/truncated_rate             | 0.155       |
|    medium/unused_spell_penalty_mean  | 0.0024      |
|    medium/useful_freeze_casts_mean   | 1.93        |
|    medium/useful_rage_casts_mean     | 1.99        |
|    medium/wasted_spell_casts_mean    | 0           |
|    medium/wasted_spell_penalty_mean  | 0           |
| rollout/                             |             |
|    ep_len_mean                       | 65.1        |
|    ep_rew_mean                       | 1.2         |
| throughput/                          |             |
|    env_steps_per_sec                 | 211         |
|    episodes_per_sec                  | 3.3         |
| time/                                |             |
|    fps                               | 204         |
|    iterations                        | 5           |
|    time_elapsed                      | 799         |
|    total_timesteps                   | 8192000     |
| train/                               |             |
|    approx_kl                         | 0.009494323 |
|    clip_fraction                     | 0.0725      |
|    clip_range                        | 0.2         |
|    entropy_loss                      | -4.18       |
|    explained_variance                | 0.905       |
|    learning_rate                     | 0.0001      |
|    loss                              | -0.0398     |
|    n_updates                         | 2490        |
|    policy_gradient_loss              | -0.016      |
|    value_loss                        | 0.0621      |
------------------------------------------------------
timesteps=8192064 | env_steps/sec=94.9 | episodes/sec=2.22 | gpu_util_mean=0% gpu_util_max=1% | gpu_mem_mean=2.3/47.8GB
timesteps=8193152 | env_steps/sec=209.7 | episodes/sec=3.47 | gpu_util_mean=0% gpu_util_max=1% | gpu_mem_mean=2.3/47.8GB
timesteps=8194176 | env_steps/sec=199.8 | episodes/sec=2.15 | gpu_util_mean=0% gpu_util_max=0% | gpu_mem_mean=2.3/47.8GB
timesteps=8195200 | env_steps/sec=202.4 | episodes/sec=3.36 | gpu_util_mean=0% gpu_util_max=1% | gpu_mem_mean=2.3/47.8GB
timesteps=8196288 | env_steps/sec=205.8 | episodes/sec=3.21 | gpu_util_mean=0% gpu_util_max=0% | gpu_mem_mean=2.3/47.8GB
timesteps=8197376 | env_steps/sec=210.8 | episodes/sec=3.49 | gpu_util_mean=0% gpu_util_max=0% | gpu_mem_mean=2.3/47.8GB
timesteps=8198464 | env_steps/sec=210.4 | episodes/sec=2.90 | gpu_util_mean=0% gpu_util_max=1% | gpu_mem_mean=2.3/47.8GB
timesteps=8199552 | env_steps/sec=206.7 | episodes/sec=3.99 | gpu_util_mean=0% gpu_util_max=0% | gpu_mem_mean=2.3/47.8GB
timesteps=8200640 | env_steps/sec=207.3 | episodes/sec=4.00 | gpu_util_mean=0% gpu_util_max=1% | gpu_mem_mean=2.3/47.8GB
timesteps=8201728 | env_steps/sec=207.6 | episodes/sec=2.48 | gpu_util_mean=0% gpu_util_max=1% | gpu_mem_mean=2.3/47.8GB
timesteps=8202816 | env_steps/sec=209.2 | episodes/sec=3.85 | gpu_util_mean=0% gpu_util_max=1% | gpu_mem_mean=2.3/47.8GB
timesteps=8203904 | env_steps/sec=209.0 | episodes/sec=3.27 | gpu_util_mean=0% gpu_util_max=1% | gpu_mem_mean=2.3/47.8GB
timesteps=8204992 | env_steps/sec=214.1 | episodes/sec=3.15 | gpu_util_mean=0% gpu_util_max=1% | gpu_mem_mean=2.3/47.8GB
timesteps=8206016 | env_steps/sec=204.6 | episodes/sec=3.20 | gpu_util_mean=1% gpu_util_max=1% | gpu_mem_mean=2.3/47.8GB
timesteps=8207104 | env_steps/sec=212.9 | episodes/sec=3.52 | gpu_util_mean=0% gpu_util_max=0% | gpu_mem_mean=2.3/47.8GB
timesteps=8208192 | env_steps/sec=210.8 | episodes/sec=3.49 | gpu_util_mean=0% gpu_util_max=1% | gpu_mem_mean=2.3/47.8GB
timesteps=8209280 | env_steps/sec=213.4 | episodes/sec=2.94 | gpu_util_mean=0% gpu_util_max=0% | gpu_mem_mean=2.3/47.8GB
timesteps=8210368 | env_steps/sec=209.7 | episodes/sec=3.66 | gpu_util_mean=0% gpu_util_max=0% | gpu_mem_mean=2.3/47.8GB
timesteps=8211456 | env_steps/sec=211.3 | episodes/sec=2.91 | gpu_util_mean=0% gpu_util_max=1% | gpu_mem_mean=2.3/47.8GB
timesteps=8212544 | env_steps/sec=210.4 | episodes/sec=3.29 | gpu_util_mean=0% gpu_util_max=0% | gpu_mem_mean=2.3/47.8GB
timesteps=8213632 | env_steps/sec=210.7 | episodes/sec=3.29 | gpu_util_mean=0% gpu_util_max=0% | gpu_mem_mean=2.3/47.8GB
timesteps=8214656 | env_steps/sec=203.5 | episodes/sec=4.37 | gpu_util_mean=0% gpu_util_max=0% | gpu_mem_mean=2.3/47.8GB
timesteps=8215680 | env_steps/sec=197.8 | episodes/sec=3.67 | gpu_util_mean=0% gpu_util_max=1% | gpu_mem_mean=2.3/47.8GB
timesteps=8216768 | env_steps/sec=204.6 | episodes/sec=2.26 | gpu_util_mean=0% gpu_util_max=1% | gpu_mem_mean=2.3/47.8GB
timesteps=8217856 | env_steps/sec=208.2 | episodes/sec=3.45 | gpu_util_mean=0% gpu_util_max=0% | gpu_mem_mean=2.3/47.8GB
timesteps=8218944 | env_steps/sec=211.6 | episodes/sec=3.31 | gpu_util_mean=1% gpu_util_max=1% | gpu_mem_mean=2.3/47.8GB
timesteps=8220032 | env_steps/sec=210.2 | episodes/sec=3.86 | gpu_util_mean=18% gpu_util_max=37% | gpu_mem_mean=2.3/47.8GB
timesteps=8221056 | env_steps/sec=204.7 | episodes/sec=2.40 | gpu_util_mean=0% gpu_util_max=0% | gpu_mem_mean=2.3/47.8GB
timesteps=8222080 | env_steps/sec=204.2 | episodes/sec=3.59 | gpu_util_mean=0% gpu_util_max=0% | gpu_mem_mean=2.3/47.8GB
timesteps=8223168 | env_steps/sec=211.6 | episodes/sec=3.31 | gpu_util_mean=0% gpu_util_max=1% | gpu_mem_mean=2.3/47.8GB
timesteps=8224256 | env_steps/sec=209.1 | episodes/sec=3.65 | gpu_util_mean=0% gpu_util_max=1% | gpu_mem_mean=2.3/47.8GB
------------------------------------------------------
| gpu/                                 |             |
|    gpu_count                         | 2           |
|    gpu_mem_total_gb_mean             | 47.8        |
|    gpu_mem_used_gb_mean              | 2.33        |
|    gpu_util_pct_max                  | 1           |
|    gpu_util_pct_mean                 | 0.5         |
| profile/                             |             |
|    hard/damage_mean                  | 0.345       |
|    hard/defense_damage_pct_mean      | 0.34        |
|    hard/defense_damage_reward_mean   | 0.0408      |
|    hard/defense_destroy_reward_mean  | 0.0115      |
|    hard/defenses_destroyed_mean      | 2.29        |
|    hard/ep_len_mean                  | 60.6        |
|    hard/ep_rew_mean                  | 0.573       |
|    hard/episodes_window              | 200         |
|    hard/freeze_casts_mean            | 2           |
|    hard/freeze_effect_reward_mean    | 0.0716      |
|    hard/frozen_threat_damage_pct_... | 0.061       |
|    hard/frozen_threat_ticks_mean     | 58.8        |
|    hard/objective_shaping_reward_... | 0.0737      |
|    hard/p_all_spells_used            | 1           |
|    hard/p_damage_ge_90               | 0           |
|    hard/p_stars_ge_2                 | 0.04        |
|    hard/rage_bonus_damage_pct_mean   | 0.00872     |
|    hard/rage_bonus_defense_damage... | 0.00608     |
|    hard/rage_bonus_townhall_damag... | 0.0109      |
|    hard/rage_casts_mean              | 2           |
|    hard/rage_effect_reward_mean      | 0.00305     |
|    hard/score_mean                   | 0.485       |
|    hard/spell_casts_mean             | 4           |
|    hard/spell_shaping_reward_mean    | 0.0746      |
|    hard/spells_remaining_mean        | 0           |
|    hard/stars_mean                   | 0.14        |
|    hard/ticks_mean                   | 601         |
|    hard/townhall_damage_pct_mean     | 0.167       |
|    hard/townhall_damage_reward_mean  | 0.0167      |
|    hard/townhall_destroy_reward_mean | 0.00475     |
|    hard/townhall_destroyed_rate      | 0.095       |
|    hard/truncated_rate               | 0.005       |
|    hard/unused_spell_penalty_mean    | 0           |
|    hard/useful_freeze_casts_mean     | 2           |
|    hard/useful_rage_casts_mean       | 2           |
|    hard/wasted_spell_casts_mean      | 0           |
|    hard/wasted_spell_penalty_mean    | 0           |
|    medium/damage_mean                | 0.81        |
|    medium/defense_damage_pct_mean    | 0.768       |
|    medium/defense_damage_reward_mean | 0.0922      |
|    medium/defense_destroy_reward_... | 0.0176      |
|    medium/defenses_destroyed_mean    | 3.52        |
|    medium/ep_len_mean                | 69.6        |
|    medium/ep_rew_mean                | 3.1         |
|    medium/episodes_window            | 200         |
|    medium/freeze_casts_mean          | 1.89        |
|    medium/freeze_effect_reward_mean  | 0.0592      |
|    medium/frozen_threat_damage_pc... | 0.0526      |
|    medium/frozen_threat_ticks_mean   | 45.3        |
|    medium/objective_shaping_rewar... | 0.237       |
|    medium/p_all_spells_used          | 0.92        |
|    medium/p_damage_ge_90             | 0.435       |
|    medium/p_stars_ge_2               | 0.82        |
|    medium/rage_bonus_damage_pct_mean | 0.0301      |
|    medium/rage_bonus_defense_dama... | 0.0143      |
|    medium/rage_bonus_townhall_dam... | 0.0721      |
|    medium/rage_casts_mean            | 1.96        |
|    medium/rage_effect_reward_mean    | 0.0105      |
|    medium/score_mean                 | 2.86        |
|    medium/spell_casts_mean           | 3.85        |
|    medium/spell_shaping_reward_mean  | 0.0651      |
|    medium/spells_remaining_mean      | 0.155       |
|    medium/stars_mean                 | 2.06        |
|    medium/ticks_mean                 | 692         |
|    medium/townhall_damage_pct_mean   | 0.861       |
|    medium/townhall_damage_reward_... | 0.0861      |
|    medium/townhall_destroy_reward... | 0.0415      |
|    medium/townhall_destroyed_rate    | 0.83        |
|    medium/truncated_rate             | 0.135       |
|    medium/unused_spell_penalty_mean  | 0.00465     |
|    medium/useful_freeze_casts_mean   | 1.89        |
|    medium/useful_rage_casts_mean     | 1.96        |
|    medium/wasted_spell_casts_mean    | 0           |
|    medium/wasted_spell_penalty_mean  | 0           |
| rollout/                             |             |
|    ep_len_mean                       | 63.5        |
|    ep_rew_mean                       | 1.13        |
| throughput/                          |             |
|    env_steps_per_sec                 | 209         |
|    episodes_per_sec                  | 3.65        |
| time/                                |             |
|    fps                               | 204         |
|    iterations                        | 6           |
|    time_elapsed                      | 961         |
|    total_timesteps                   | 8224768     |
| train/                               |             |
|    approx_kl                         | 0.010552195 |
|    clip_fraction                     | 0.0729      |
|    clip_range                        | 0.2         |
|    entropy_loss                      | -4.15       |
|    explained_variance                | 0.889       |
|    learning_rate                     | 0.0001      |
|    loss                              | -0.0406     |
|    n_updates                         | 2500        |
|    policy_gradient_loss              | -0.0168     |
|    value_loss                        | 0.0656      |
------------------------------------------------------
timesteps=8224832 | env_steps/sec=78.6 | episodes/sec=1.23 | gpu_util_mean=0% gpu_util_max=0% | gpu_mem_mean=2.3/47.8GB
timesteps=8225920 | env_steps/sec=216.3 | episodes/sec=2.39 | gpu_util_mean=0% gpu_util_max=0% | gpu_mem_mean=2.3/47.8GB
timesteps=8227008 | env_steps/sec=210.8 | episodes/sec=3.29 | gpu_util_mean=0% gpu_util_max=0% | gpu_mem_mean=2.3/47.8GB
timesteps=8228096 | env_steps/sec=206.0 | episodes/sec=4.16 | gpu_util_mean=0% gpu_util_max=1% | gpu_mem_mean=2.3/47.8GB
timesteps=8229184 | env_steps/sec=210.5 | episodes/sec=2.90 | gpu_util_mean=0% gpu_util_max=0% | gpu_mem_mean=2.3/47.8GB
timesteps=8230208 | env_steps/sec=203.2 | episodes/sec=2.38 | gpu_util_mean=0% gpu_util_max=1% | gpu_mem_mean=2.3/47.8GB
timesteps=8231296 | env_steps/sec=212.9 | episodes/sec=4.50 | gpu_util_mean=0% gpu_util_max=1% | gpu_mem_mean=2.3/47.8GB
timesteps=8232384 | env_steps/sec=213.1 | episodes/sec=4.51 | gpu_util_mean=0% gpu_util_max=0% | gpu_mem_mean=2.3/47.8GB
timesteps=8233472 | env_steps/sec=214.8 | episodes/sec=2.17 | gpu_util_mean=0% gpu_util_max=0% | gpu_mem_mean=2.3/47.8GB
timesteps=8234624 | env_steps/sec=220.9 | episodes/sec=3.45 | gpu_util_mean=0% gpu_util_max=0% | gpu_mem_mean=2.3/47.8GB
timesteps=8235776 | env_steps/sec=222.7 | episodes/sec=3.87 | gpu_util_mean=1% gpu_util_max=1% | gpu_mem_mean=2.3/47.8GB
timesteps=8236928 | env_steps/sec=220.3 | episodes/sec=3.25 | gpu_util_mean=0% gpu_util_max=0% | gpu_mem_mean=2.3/47.8GB
timesteps=8238080 | env_steps/sec=219.5 | episodes/sec=3.05 | gpu_util_mean=0% gpu_util_max=0% | gpu_mem_mean=2.3/47.8GB
timesteps=8239168 | env_steps/sec=206.4 | episodes/sec=4.17 | gpu_util_mean=0% gpu_util_max=1% | gpu_mem_mean=2.3/47.8GB
timesteps=8240256 | env_steps/sec=213.8 | episodes/sec=3.54 | gpu_util_mean=0% gpu_util_max=1% | gpu_mem_mean=2.3/47.8GB
timesteps=8241344 | env_steps/sec=207.7 | episodes/sec=2.29 | gpu_util_mean=1% gpu_util_max=1% | gpu_mem_mean=2.3/47.8GB
timesteps=8242432 | env_steps/sec=211.1 | episodes/sec=4.46 | gpu_util_mean=0% gpu_util_max=0% | gpu_mem_mean=2.3/47.8GB
timesteps=8243520 | env_steps/sec=217.1 | episodes/sec=2.79 | gpu_util_mean=0% gpu_util_max=0% | gpu_mem_mean=2.3/47.8GB
timesteps=8244672 | env_steps/sec=221.9 | episodes/sec=3.08 | gpu_util_mean=0% gpu_util_max=1% | gpu_mem_mean=2.3/47.8GB
timesteps=8245824 | env_steps/sec=225.9 | episodes/sec=4.31 | gpu_util_mean=1% gpu_util_max=1% | gpu_mem_mean=2.3/47.8GB
timesteps=8246976 | env_steps/sec=216.5 | episodes/sec=3.20 | gpu_util_mean=0% gpu_util_max=1% | gpu_mem_mean=2.3/47.8GB
timesteps=8248064 | env_steps/sec=214.4 | episodes/sec=3.55 | gpu_util_mean=0% gpu_util_max=1% | gpu_mem_mean=2.3/47.8GB
timesteps=8249152 | env_steps/sec=213.2 | episodes/sec=3.72 | gpu_util_mean=1% gpu_util_max=1% | gpu_mem_mean=2.3/47.8GB
timesteps=8250304 | env_steps/sec=217.8 | episodes/sec=3.40 | gpu_util_mean=0% gpu_util_max=1% | gpu_mem_mean=2.3/47.8GB
timesteps=8251456 | env_steps/sec=223.9 | episodes/sec=3.30 | gpu_util_mean=0% gpu_util_max=0% | gpu_mem_mean=2.3/47.8GB
timesteps=8252544 | env_steps/sec=216.4 | episodes/sec=3.58 | gpu_util_mean=0% gpu_util_max=1% | gpu_mem_mean=2.3/47.8GB
timesteps=8253632 | env_steps/sec=216.3 | episodes/sec=3.78 | gpu_util_mean=18% gpu_util_max=37% | gpu_mem_mean=2.3/47.8GB
timesteps=8254720 | env_steps/sec=216.1 | episodes/sec=2.98 | gpu_util_mean=0% gpu_util_max=0% | gpu_mem_mean=2.3/47.8GB
timesteps=8255808 | env_steps/sec=214.5 | episodes/sec=3.55 | gpu_util_mean=0% gpu_util_max=0% | gpu_mem_mean=2.3/47.8GB
timesteps=8256832 | env_steps/sec=204.8 | episodes/sec=3.40 | gpu_util_mean=0% gpu_util_max=0% | gpu_mem_mean=2.3/47.8GB
-------------------------------------------------------
| gpu/                                 |              |
|    gpu_count                         | 2            |
|    gpu_mem_total_gb_mean             | 47.8         |
|    gpu_mem_used_gb_mean              | 2.33         |
|    gpu_util_pct_max                  | 0            |
|    gpu_util_pct_mean                 | 0            |
| profile/                             |              |
|    hard/damage_mean                  | 0.337        |
|    hard/defense_damage_pct_mean      | 0.332        |
|    hard/defense_damage_reward_mean   | 0.0398       |
|    hard/defense_destroy_reward_mean  | 0.0112       |
|    hard/defenses_destroyed_mean      | 2.23         |
|    hard/ep_len_mean                  | 60.7         |
|    hard/ep_rew_mean                  | 0.59         |
|    hard/episodes_window              | 200          |
|    hard/freeze_casts_mean            | 2            |
|    hard/freeze_effect_reward_mean    | 0.0727       |
|    hard/frozen_threat_damage_pct_... | 0.064        |
|    hard/frozen_threat_ticks_mean     | 61           |
|    hard/objective_shaping_reward_... | 0.0725       |
|    hard/p_all_spells_used            | 0.995        |
|    hard/p_damage_ge_90               | 0            |
|    hard/p_stars_ge_2                 | 0.05         |
|    hard/rage_bonus_damage_pct_mean   | 0.00917      |
|    hard/rage_bonus_defense_damage... | 0.00613      |
|    hard/rage_bonus_townhall_damag... | 0.0147       |
|    hard/rage_casts_mean              | 2            |
|    hard/rage_effect_reward_mean      | 0.00321      |
|    hard/score_mean                   | 0.502        |
|    hard/spell_casts_mean             | 4            |
|    hard/spell_shaping_reward_mean    | 0.0757       |
|    hard/spells_remaining_mean        | 0.005        |
|    hard/stars_mean                   | 0.165        |
|    hard/ticks_mean                   | 603          |
|    hard/townhall_damage_pct_mean     | 0.163        |
|    hard/townhall_damage_reward_mean  | 0.0163       |
|    hard/townhall_destroy_reward_mean | 0.00525      |
|    hard/townhall_destroyed_rate      | 0.105        |
|    hard/truncated_rate               | 0            |
|    hard/unused_spell_penalty_mean    | 0.00015      |
|    hard/useful_freeze_casts_mean     | 2            |
|    hard/useful_rage_casts_mean       | 2            |
|    hard/wasted_spell_casts_mean      | 0            |
|    hard/wasted_spell_penalty_mean    | 0            |
|    medium/damage_mean                | 0.792        |
|    medium/defense_damage_pct_mean    | 0.742        |
|    medium/defense_damage_reward_mean | 0.089        |
|    medium/defense_destroy_reward_... | 0.0168       |
|    medium/defenses_destroyed_mean    | 3.36         |
|    medium/ep_len_mean                | 68.3         |
|    medium/ep_rew_mean                | 3            |
|    medium/episodes_window            | 200          |
|    medium/freeze_casts_mean          | 1.93         |
|    medium/freeze_effect_reward_mean  | 0.0584       |
|    medium/frozen_threat_damage_pc... | 0.0519       |
|    medium/frozen_threat_ticks_mean   | 45.1         |
|    medium/objective_shaping_rewar... | 0.231        |
|    medium/p_all_spells_used          | 0.945        |
|    medium/p_damage_ge_90             | 0.39         |
|    medium/p_stars_ge_2               | 0.79         |
|    medium/rage_bonus_damage_pct_mean | 0.0279       |
|    medium/rage_bonus_defense_dama... | 0.0125       |
|    medium/rage_bonus_townhall_dam... | 0.0668       |
|    medium/rage_casts_mean            | 1.97         |
|    medium/rage_effect_reward_mean    | 0.00977      |
|    medium/score_mean                 | 2.77         |
|    medium/spell_casts_mean           | 3.89         |
|    medium/spell_shaping_reward_mean  | 0.0649       |
|    medium/spells_remaining_mean      | 0.11         |
|    medium/stars_mean                 | 1.98         |
|    medium/ticks_mean                 | 679          |
|    medium/townhall_damage_pct_mean   | 0.848        |
|    medium/townhall_damage_reward_... | 0.0848       |
|    medium/townhall_destroy_reward... | 0.0402       |
|    medium/townhall_destroyed_rate    | 0.805        |
|    medium/truncated_rate             | 0.1          |
|    medium/unused_spell_penalty_mean  | 0.0033       |
|    medium/useful_freeze_casts_mean   | 1.93         |
|    medium/useful_rage_casts_mean     | 1.97         |
|    medium/wasted_spell_casts_mean    | 0            |
|    medium/wasted_spell_penalty_mean  | 0            |
| rollout/                             |              |
|    ep_len_mean                       | 62.3         |
|    ep_rew_mean                       | 1.18         |
| throughput/                          |              |
|    env_steps_per_sec                 | 205          |
|    episodes_per_sec                  | 3.4          |
| time/                                |              |
|    fps                               | 205          |
|    iterations                        | 7            |
|    time_elapsed                      | 1118         |
|    total_timesteps                   | 8257536      |
| train/                               |              |
|    approx_kl                         | 0.0077613527 |
|    clip_fraction                     | 0.0469       |
|    clip_range                        | 0.2          |
|    entropy_loss                      | -4.2         |
|    explained_variance                | 0.902        |
|    learning_rate                     | 0.0001       |
|    loss                              | -0.0379      |
|    n_updates                         | 2510         |
|    policy_gradient_loss              | -0.0143      |
|    value_loss                        | 0.063        |
-------------------------------------------------------
timesteps=8257600 | env_steps/sec=94.8 | episodes/sec=1.60 | gpu_util_mean=0% gpu_util_max=0% | gpu_mem_mean=2.3/47.8GB
timesteps=8258688 | env_steps/sec=208.6 | episodes/sec=2.68 | gpu_util_mean=0% gpu_util_max=0% | gpu_mem_mean=2.3/47.8GB
timesteps=8259712 | env_steps/sec=200.2 | episodes/sec=3.32 | gpu_util_mean=0% gpu_util_max=0% | gpu_mem_mean=2.3/47.8GB
timesteps=8260800 | env_steps/sec=215.5 | episodes/sec=2.77 | gpu_util_mean=0% gpu_util_max=0% | gpu_mem_mean=2.3/47.8GB
timesteps=8261888 | env_steps/sec=206.0 | episodes/sec=3.60 | gpu_util_mean=0% gpu_util_max=1% | gpu_mem_mean=2.3/47.8GB
timesteps=8262976 | env_steps/sec=210.7 | episodes/sec=4.26 | gpu_util_mean=0% gpu_util_max=1% | gpu_mem_mean=2.3/47.8GB
timesteps=8264064 | env_steps/sec=214.2 | episodes/sec=2.36 | gpu_util_mean=0% gpu_util_max=1% | gpu_mem_mean=2.3/47.8GB
timesteps=8265088 | env_steps/sec=204.3 | episodes/sec=3.39 | gpu_util_mean=0% gpu_util_max=1% | gpu_mem_mean=2.3/47.8GB
timesteps=8266112 | env_steps/sec=201.7 | episodes/sec=2.76 | gpu_util_mean=0% gpu_util_max=1% | gpu_mem_mean=2.3/47.8GB
timesteps=8267200 | env_steps/sec=210.4 | episodes/sec=3.48 | gpu_util_mean=0% gpu_util_max=0% | gpu_mem_mean=2.3/47.8GB
timesteps=8268288 | env_steps/sec=208.3 | episodes/sec=3.64 | gpu_util_mean=1% gpu_util_max=1% | gpu_mem_mean=2.3/47.8GB
timesteps=8269376 | env_steps/sec=209.7 | episodes/sec=2.51 | gpu_util_mean=0% gpu_util_max=0% | gpu_mem_mean=2.3/47.8GB
timesteps=8270464 | env_steps/sec=208.5 | episodes/sec=3.64 | gpu_util_mean=0% gpu_util_max=1% | gpu_mem_mean=2.3/47.8GB
timesteps=8271552 | env_steps/sec=209.2 | episodes/sec=4.42 | gpu_util_mean=0% gpu_util_max=0% | gpu_mem_mean=2.3/47.8GB
timesteps=8272576 | env_steps/sec=203.8 | episodes/sec=2.59 | gpu_util_mean=0% gpu_util_max=1% | gpu_mem_mean=2.3/47.8GB
timesteps=8273600 | env_steps/sec=202.5 | episodes/sec=2.37 | gpu_util_mean=1% gpu_util_max=1% | gpu_mem_mean=2.3/47.8GB
timesteps=8274688 | env_steps/sec=208.1 | episodes/sec=3.63 | gpu_util_mean=0% gpu_util_max=0% | gpu_mem_mean=2.3/47.8GB
timesteps=8275840 | env_steps/sec=218.0 | episodes/sec=3.97 | gpu_util_mean=1% gpu_util_max=1% | gpu_mem_mean=2.3/47.8GB
timesteps=8276864 | env_steps/sec=204.3 | episodes/sec=2.79 | gpu_util_mean=1% gpu_util_max=1% | gpu_mem_mean=2.3/47.8GB
timesteps=8277952 | env_steps/sec=209.3 | episodes/sec=3.08 | gpu_util_mean=0% gpu_util_max=1% | gpu_mem_mean=2.3/47.8GB
timesteps=8278976 | env_steps/sec=204.1 | episodes/sec=3.99 | gpu_util_mean=0% gpu_util_max=0% | gpu_mem_mean=2.3/47.8GB
timesteps=8280000 | env_steps/sec=202.2 | episodes/sec=3.36 | gpu_util_mean=0% gpu_util_max=1% | gpu_mem_mean=2.3/47.8GB
timesteps=8281088 | env_steps/sec=214.0 | episodes/sec=2.75 | gpu_util_mean=0% gpu_util_max=1% | gpu_mem_mean=2.3/47.8GB
timesteps=8282176 | env_steps/sec=211.5 | episodes/sec=2.92 | gpu_util_mean=1% gpu_util_max=1% | gpu_mem_mean=2.3/47.8GB
timesteps=8283200 | env_steps/sec=197.8 | episodes/sec=4.25 | gpu_util_mean=0% gpu_util_max=0% | gpu_mem_mean=2.3/47.8GB
timesteps=8284224 | env_steps/sec=203.2 | episodes/sec=3.57 | gpu_util_mean=0% gpu_util_max=0% | gpu_mem_mean=2.3/47.8GB
timesteps=8285312 | env_steps/sec=206.1 | episodes/sec=2.08 | gpu_util_mean=16% gpu_util_max=33% | gpu_mem_mean=2.3/47.8GB
timesteps=8286400 | env_steps/sec=208.2 | episodes/sec=3.64 | gpu_util_mean=0% gpu_util_max=0% | gpu_mem_mean=2.3/47.8GB
timesteps=8287488 | env_steps/sec=217.5 | episodes/sec=4.20 | gpu_util_mean=0% gpu_util_max=1% | gpu_mem_mean=2.3/47.8GB
timesteps=8288512 | env_steps/sec=204.5 | episodes/sec=3.00 | gpu_util_mean=0% gpu_util_max=1% | gpu_mem_mean=2.3/47.8GB
timesteps=8289600 | env_steps/sec=207.4 | episodes/sec=2.67 | gpu_util_mean=1% gpu_util_max=1% | gpu_mem_mean=2.3/47.8GB
------------------------------------------------------
| gpu/                                 |             |
|    gpu_count                         | 2           |
|    gpu_mem_total_gb_mean             | 47.8        |
|    gpu_mem_used_gb_mean              | 2.33        |
|    gpu_util_pct_max                  | 1           |
|    gpu_util_pct_mean                 | 1           |
| profile/                             |             |
|    hard/damage_mean                  | 0.351       |
|    hard/defense_damage_pct_mean      | 0.343       |
|    hard/defense_damage_reward_mean   | 0.0412      |
|    hard/defense_destroy_reward_mean  | 0.0118      |
|    hard/defenses_destroyed_mean      | 2.37        |
|    hard/ep_len_mean                  | 61.2        |
|    hard/ep_rew_mean                  | 0.632       |
|    hard/episodes_window              | 200         |
|    hard/freeze_casts_mean            | 1.99        |
|    hard/freeze_effect_reward_mean    | 0.073       |
|    hard/frozen_threat_damage_pct_... | 0.0649      |
|    hard/frozen_threat_ticks_mean     | 62.1        |
|    hard/objective_shaping_reward_... | 0.0751      |
|    hard/p_all_spells_used            | 0.995       |
|    hard/p_damage_ge_90               | 0           |
|    hard/p_stars_ge_2                 | 0.05        |
|    hard/rage_bonus_damage_pct_mean   | 0.0104      |
|    hard/rage_bonus_defense_damage... | 0.00686     |
|    hard/rage_bonus_townhall_damag... | 0.0157      |
|    hard/rage_casts_mean              | 2           |
|    hard/rage_effect_reward_mean      | 0.00364     |
|    hard/score_mean                   | 0.541       |
|    hard/spell_casts_mean             | 3.99        |
|    hard/spell_shaping_reward_mean    | 0.0764      |
|    hard/spells_remaining_mean        | 0.01        |
|    hard/stars_mean                   | 0.19        |
|    hard/ticks_mean                   | 607         |
|    hard/townhall_damage_pct_mean     | 0.173       |
|    hard/townhall_damage_reward_mean  | 0.0173      |
|    hard/townhall_destroy_reward_mean | 0.00475     |
|    hard/townhall_destroyed_rate      | 0.095       |
|    hard/truncated_rate               | 0.005       |
|    hard/unused_spell_penalty_mean    | 0.0003      |
|    hard/useful_freeze_casts_mean     | 1.99        |
|    hard/useful_rage_casts_mean       | 2           |
|    hard/wasted_spell_casts_mean      | 0           |
|    hard/wasted_spell_penalty_mean    | 0           |
|    medium/damage_mean                | 0.82        |
|    medium/defense_damage_pct_mean    | 0.768       |
|    medium/defense_damage_reward_mean | 0.0922      |
|    medium/defense_destroy_reward_... | 0.0176      |
|    medium/defenses_destroyed_mean    | 3.52        |
|    medium/ep_len_mean                | 69.2        |
|    medium/ep_rew_mean                | 3.15        |
|    medium/episodes_window            | 200         |
|    medium/freeze_casts_mean          | 1.92        |
|    medium/freeze_effect_reward_mean  | 0.0562      |
|    medium/frozen_threat_damage_pc... | 0.05        |
|    medium/frozen_threat_ticks_mean   | 43.5        |
|    medium/objective_shaping_rewar... | 0.239       |
|    medium/p_all_spells_used          | 0.935       |
|    medium/p_damage_ge_90             | 0.47        |
|    medium/p_stars_ge_2               | 0.835       |
|    medium/rage_bonus_damage_pct_mean | 0.0292      |
|    medium/rage_bonus_defense_dama... | 0.0112      |
|    medium/rage_bonus_townhall_dam... | 0.0727      |
|    medium/rage_casts_mean            | 1.97        |
|    medium/rage_effect_reward_mean    | 0.0102      |
|    medium/score_mean                 | 2.92        |
|    medium/spell_casts_mean           | 3.89        |
|    medium/spell_shaping_reward_mean  | 0.0631      |
|    medium/spells_remaining_mean      | 0.11        |
|    medium/stars_mean                 | 2.1         |
|    medium/ticks_mean                 | 688         |
|    medium/townhall_damage_pct_mean   | 0.868       |
|    medium/townhall_damage_reward_... | 0.0868      |
|    medium/townhall_destroy_reward... | 0.0425      |
|    medium/townhall_destroyed_rate    | 0.85        |
|    medium/truncated_rate             | 0.095       |
|    medium/unused_spell_penalty_mean  | 0.0033      |
|    medium/useful_freeze_casts_mean   | 1.92        |
|    medium/useful_rage_casts_mean     | 1.97        |
|    medium/wasted_spell_casts_mean    | 0           |
|    medium/wasted_spell_penalty_mean  | 0           |
| rollout/                             |             |
|    ep_len_mean                       | 62.6        |
|    ep_rew_mean                       | 1.11        |
| throughput/                          |             |
|    env_steps_per_sec                 | 207         |
|    episodes_per_sec                  | 2.67        |
| time/                                |             |
|    fps                               | 204         |
|    iterations                        | 8           |
|    time_elapsed                      | 1281        |
|    total_timesteps                   | 8290304     |
| train/                               |             |
|    approx_kl                         | 0.008191006 |
|    clip_fraction                     | 0.06        |
|    clip_range                        | 0.2         |
|    entropy_loss                      | -4.18       |
|    explained_variance                | 0.9         |
|    learning_rate                     | 0.0001      |
|    loss                              | -0.0406     |
|    n_updates                         | 2520        |
|    policy_gradient_loss              | -0.016      |
|    value_loss                        | 0.063       |
------------------------------------------------------
timesteps=8290368 | env_steps/sec=93.3 | episodes/sec=1.94 | gpu_util_mean=16% gpu_util_max=32% | gpu_mem_mean=2.3/47.8GB
timesteps=8291392 | env_steps/sec=203.6 | episodes/sec=2.98 | gpu_util_mean=0% gpu_util_max=1% | gpu_mem_mean=2.3/47.8GB
timesteps=8292416 | env_steps/sec=198.9 | episodes/sec=3.11 | gpu_util_mean=0% gpu_util_max=1% | gpu_mem_mean=2.3/47.8GB
timesteps=8293504 | env_steps/sec=208.4 | episodes/sec=2.11 | gpu_util_mean=0% gpu_util_max=1% | gpu_mem_mean=2.3/47.8GB
timesteps=8294592 | env_steps/sec=217.5 | episodes/sec=3.80 | gpu_util_mean=0% gpu_util_max=0% | gpu_mem_mean=2.3/47.8GB
timesteps=8295680 | env_steps/sec=209.6 | episodes/sec=3.85 | gpu_util_mean=0% gpu_util_max=1% | gpu_mem_mean=2.3/47.8GB
timesteps=8296768 | env_steps/sec=207.1 | episodes/sec=2.86 | gpu_util_mean=0% gpu_util_max=1% | gpu_mem_mean=2.3/47.8GB
timesteps=8297856 | env_steps/sec=209.5 | episodes/sec=3.08 | gpu_util_mean=0% gpu_util_max=1% | gpu_mem_mean=2.3/47.8GB
timesteps=8298944 | env_steps/sec=208.0 | episodes/sec=3.25 | gpu_util_mean=0% gpu_util_max=0% | gpu_mem_mean=2.3/47.8GB
timesteps=8299968 | env_steps/sec=199.5 | episodes/sec=3.31 | gpu_util_mean=0% gpu_util_max=1% | gpu_mem_mean=2.3/47.8GB
timesteps=8301056 | env_steps/sec=209.7 | episodes/sec=3.08 | gpu_util_mean=0% gpu_util_max=0% | gpu_mem_mean=2.3/47.8GB
timesteps=8302144 | env_steps/sec=212.5 | episodes/sec=4.10 | gpu_util_mean=1% gpu_util_max=1% | gpu_mem_mean=2.3/47.8GB
timesteps=8303168 | env_steps/sec=201.2 | episodes/sec=2.75 | gpu_util_mean=0% gpu_util_max=0% | gpu_mem_mean=2.3/47.8GB
timesteps=8304192 | env_steps/sec=201.6 | episodes/sec=3.35 | gpu_util_mean=0% gpu_util_max=0% | gpu_mem_mean=2.3/47.8GB
timesteps=8305280 | env_steps/sec=205.5 | episodes/sec=2.46 | gpu_util_mean=0% gpu_util_max=0% | gpu_mem_mean=2.3/47.8GB
timesteps=8306304 | env_steps/sec=204.6 | episodes/sec=4.39 | gpu_util_mean=0% gpu_util_max=0% | gpu_mem_mean=2.3/47.8GB
timesteps=8307392 | env_steps/sec=214.5 | episodes/sec=3.55 | gpu_util_mean=0% gpu_util_max=1% | gpu_mem_mean=2.3/47.8GB
timesteps=8308416 | env_steps/sec=203.4 | episodes/sec=2.19 | gpu_util_mean=0% gpu_util_max=0% | gpu_mem_mean=2.3/47.8GB
timesteps=8309504 | env_steps/sec=213.5 | episodes/sec=3.14 | gpu_util_mean=0% gpu_util_max=0% | gpu_mem_mean=2.3/47.8GB
timesteps=8310592 | env_steps/sec=211.8 | episodes/sec=3.11 | gpu_util_mean=0% gpu_util_max=0% | gpu_mem_mean=2.3/47.8GB
timesteps=8311680 | env_steps/sec=210.4 | episodes/sec=4.06 | gpu_util_mean=0% gpu_util_max=1% | gpu_mem_mean=2.3/47.8GB
timesteps=8312704 | env_steps/sec=202.4 | episodes/sec=2.77 | gpu_util_mean=0% gpu_util_max=1% | gpu_mem_mean=2.3/47.8GB
timesteps=8313792 | env_steps/sec=210.0 | episodes/sec=2.89 | gpu_util_mean=0% gpu_util_max=0% | gpu_mem_mean=2.3/47.8GB
timesteps=8314880 | env_steps/sec=215.8 | episodes/sec=4.56 | gpu_util_mean=0% gpu_util_max=1% | gpu_mem_mean=2.3/47.8GB
timesteps=8315968 | env_steps/sec=211.0 | episodes/sec=3.10 | gpu_util_mean=0% gpu_util_max=1% | gpu_mem_mean=2.3/47.8GB
timesteps=8317056 | env_steps/sec=206.2 | episodes/sec=3.41 | gpu_util_mean=16% gpu_util_max=33% | gpu_mem_mean=2.3/47.8GB
timesteps=8318144 | env_steps/sec=215.8 | episodes/sec=3.17 | gpu_util_mean=0% gpu_util_max=1% | gpu_mem_mean=2.3/47.8GB
timesteps=8319168 | env_steps/sec=203.2 | episodes/sec=3.18 | gpu_util_mean=0% gpu_util_max=0% | gpu_mem_mean=2.3/47.8GB
timesteps=8320192 | env_steps/sec=197.0 | episodes/sec=3.65 | gpu_util_mean=0% gpu_util_max=1% | gpu_mem_mean=2.3/47.8GB
timesteps=8321216 | env_steps/sec=202.5 | episodes/sec=2.97 | gpu_util_mean=1% gpu_util_max=1% | gpu_mem_mean=2.3/47.8GB
timesteps=8322304 | env_steps/sec=206.5 | episodes/sec=2.85 | gpu_util_mean=0% gpu_util_max=1% | gpu_mem_mean=2.3/47.8GB
-------------------------------------------------------
| gpu/                                 |              |
|    gpu_count                         | 2            |
|    gpu_mem_total_gb_mean             | 47.8         |
|    gpu_mem_used_gb_mean              | 2.33         |
|    gpu_util_pct_max                  | 1            |
|    gpu_util_pct_mean                 | 0.5          |
| profile/                             |              |
|    hard/damage_mean                  | 0.336        |
|    hard/defense_damage_pct_mean      | 0.329        |
|    hard/defense_damage_reward_mean   | 0.0395       |
|    hard/defense_destroy_reward_mean  | 0.0112       |
|    hard/defenses_destroyed_mean      | 2.25         |
|    hard/ep_len_mean                  | 60.9         |
|    hard/ep_rew_mean                  | 0.576        |
|    hard/episodes_window              | 200          |
|    hard/freeze_casts_mean            | 2            |
|    hard/freeze_effect_reward_mean    | 0.0705       |
|    hard/frozen_threat_damage_pct_... | 0.0611       |
|    hard/frozen_threat_ticks_mean     | 58.6         |
|    hard/objective_shaping_reward_... | 0.0719       |
|    hard/p_all_spells_used            | 0.995        |
|    hard/p_damage_ge_90               | 0            |
|    hard/p_stars_ge_2                 | 0.035        |
|    hard/rage_bonus_damage_pct_mean   | 0.00829      |
|    hard/rage_bonus_defense_damage... | 0.00651      |
|    hard/rage_bonus_townhall_damag... | 0.0106       |
|    hard/rage_casts_mean              | 2            |
|    hard/rage_effect_reward_mean      | 0.0029       |
|    hard/score_mean                   | 0.491        |
|    hard/spell_casts_mean             | 4            |
|    hard/spell_shaping_reward_mean    | 0.0733       |
|    hard/spells_remaining_mean        | 0.005        |
|    hard/stars_mean                   | 0.155        |
|    hard/ticks_mean                   | 605          |
|    hard/townhall_damage_pct_mean     | 0.158        |
|    hard/townhall_damage_reward_mean  | 0.0158       |
|    hard/townhall_destroy_reward_mean | 0.00525      |
|    hard/townhall_destroyed_rate      | 0.105        |
|    hard/truncated_rate               | 0.015        |
|    hard/unused_spell_penalty_mean    | 0.00015      |
|    hard/useful_freeze_casts_mean     | 2            |
|    hard/useful_rage_casts_mean       | 2            |
|    hard/wasted_spell_casts_mean      | 0            |
|    hard/wasted_spell_penalty_mean    | 0            |
|    medium/damage_mean                | 0.824        |
|    medium/defense_damage_pct_mean    | 0.77         |
|    medium/defense_damage_reward_mean | 0.0924       |
|    medium/defense_destroy_reward_... | 0.0177       |
|    medium/defenses_destroyed_mean    | 3.55         |
|    medium/ep_len_mean                | 70.8         |
|    medium/ep_rew_mean                | 3.13         |
|    medium/episodes_window            | 200          |
|    medium/freeze_casts_mean          | 1.91         |
|    medium/freeze_effect_reward_mean  | 0.0551       |
|    medium/frozen_threat_damage_pc... | 0.0483       |
|    medium/frozen_threat_ticks_mean   | 42.3         |
|    medium/objective_shaping_rewar... | 0.239        |
|    medium/p_all_spells_used          | 0.93         |
|    medium/p_damage_ge_90             | 0.47         |
|    medium/p_stars_ge_2               | 0.84         |
|    medium/rage_bonus_damage_pct_mean | 0.0308       |
|    medium/rage_bonus_defense_dama... | 0.0136       |
|    medium/rage_bonus_townhall_dam... | 0.0804       |
|    medium/rage_casts_mean            | 1.99         |
|    medium/rage_effect_reward_mean    | 0.0108       |
|    medium/score_mean                 | 2.89         |
|    medium/spell_casts_mean           | 3.9          |
|    medium/spell_shaping_reward_mean  | 0.0628       |
|    medium/spells_remaining_mean      | 0.1          |
|    medium/stars_mean                 | 2.07         |
|    medium/ticks_mean                 | 704          |
|    medium/townhall_damage_pct_mean   | 0.865        |
|    medium/townhall_damage_reward_... | 0.0865       |
|    medium/townhall_destroy_reward... | 0.0428       |
|    medium/townhall_destroyed_rate    | 0.855        |
|    medium/truncated_rate             | 0.155        |
|    medium/unused_spell_penalty_mean  | 0.003        |
|    medium/useful_freeze_casts_mean   | 1.91         |
|    medium/useful_rage_casts_mean     | 1.99         |
|    medium/wasted_spell_casts_mean    | 0            |
|    medium/wasted_spell_penalty_mean  | 0            |
| rollout/                             |              |
|    ep_len_mean                       | 61.6         |
|    ep_rew_mean                       | 1.19         |
| throughput/                          |              |
|    env_steps_per_sec                 | 207          |
|    episodes_per_sec                  | 2.85         |
| time/                                |              |
|    fps                               | 204          |
|    iterations                        | 9            |
|    time_elapsed                      | 1443         |
|    total_timesteps                   | 8323072      |
| train/                               |              |
|    approx_kl                         | 0.0085145775 |
|    clip_fraction                     | 0.0542       |
|    clip_range                        | 0.2          |
|    entropy_loss                      | -4.16        |
|    explained_variance                | 0.904        |
|    learning_rate                     | 0.0001       |
|    loss                              | -0.0335      |
|    n_updates                         | 2530         |
|    policy_gradient_loss              | -0.0146      |
|    value_loss                        | 0.0634       |
-------------------------------------------------------
timesteps=8323136 | env_steps/sec=94.9 | episodes/sec=1.60 | gpu_util_mean=10% gpu_util_max=20% | gpu_mem_mean=2.3/47.8GB
timesteps=8324224 | env_steps/sec=207.4 | episodes/sec=3.05 | gpu_util_mean=0% gpu_util_max=1% | gpu_mem_mean=2.3/47.8GB
timesteps=8325312 | env_steps/sec=212.5 | episodes/sec=3.32 | gpu_util_mean=0% gpu_util_max=0% | gpu_mem_mean=2.3/47.8GB
timesteps=8326400 | env_steps/sec=211.7 | episodes/sec=2.72 | gpu_util_mean=0% gpu_util_max=1% | gpu_mem_mean=2.3/47.8GB
timesteps=8327488 | env_steps/sec=215.8 | episodes/sec=4.76 | gpu_util_mean=0% gpu_util_max=1% | gpu_mem_mean=2.3/47.8GB
timesteps=8328576 | env_steps/sec=206.6 | episodes/sec=3.23 | gpu_util_mean=0% gpu_util_max=0% | gpu_mem_mean=2.3/47.8GB
timesteps=8329600 | env_steps/sec=204.6 | episodes/sec=2.80 | gpu_util_mean=0% gpu_util_max=0% | gpu_mem_mean=2.3/47.8GB
timesteps=8330688 | env_steps/sec=208.5 | episodes/sec=2.30 | gpu_util_mean=0% gpu_util_max=1% | gpu_mem_mean=2.3/47.8GB
timesteps=8331712 | env_steps/sec=203.9 | episodes/sec=3.78 | gpu_util_mean=0% gpu_util_max=0% | gpu_mem_mean=2.3/47.8GB
timesteps=8332800 | env_steps/sec=211.9 | episodes/sec=4.09 | gpu_util_mean=0% gpu_util_max=0% | gpu_mem_mean=2.3/47.8GB
timesteps=8333888 | env_steps/sec=210.5 | episodes/sec=3.10 | gpu_util_mean=0% gpu_util_max=0% | gpu_mem_mean=2.3/47.8GB
timesteps=8334976 | env_steps/sec=209.6 | episodes/sec=3.47 | gpu_util_mean=0% gpu_util_max=0% | gpu_mem_mean=2.3/47.8GB
timesteps=8336064 | env_steps/sec=207.8 | episodes/sec=2.10 | gpu_util_mean=0% gpu_util_max=0% | gpu_mem_mean=2.3/47.8GB
timesteps=8337088 | env_steps/sec=201.2 | episodes/sec=4.13 | gpu_util_mean=0% gpu_util_max=0% | gpu_mem_mean=2.3/47.8GB
timesteps=8338176 | env_steps/sec=213.3 | episodes/sec=3.14 | gpu_util_mean=0% gpu_util_max=1% | gpu_mem_mean=2.3/47.8GB
timesteps=8339264 | env_steps/sec=217.5 | episodes/sec=4.00 | gpu_util_mean=0% gpu_util_max=1% | gpu_mem_mean=2.3/47.8GB
timesteps=8340352 | env_steps/sec=206.4 | episodes/sec=3.03 | gpu_util_mean=0% gpu_util_max=1% | gpu_mem_mean=2.3/47.8GB
timesteps=8341376 | env_steps/sec=203.8 | episodes/sec=2.99 | gpu_util_mean=0% gpu_util_max=1% | gpu_mem_mean=2.3/47.8GB
timesteps=8342400 | env_steps/sec=203.9 | episodes/sec=3.19 | gpu_util_mean=0% gpu_util_max=1% | gpu_mem_mean=2.3/47.8GB
timesteps=8343424 | env_steps/sec=203.3 | episodes/sec=2.98 | gpu_util_mean=0% gpu_util_max=0% | gpu_mem_mean=2.3/47.8GB
timesteps=8344512 | env_steps/sec=213.8 | episodes/sec=3.73 | gpu_util_mean=0% gpu_util_max=1% | gpu_mem_mean=2.3/47.8GB
timesteps=8345600 | env_steps/sec=208.0 | episodes/sec=4.02 | gpu_util_mean=0% gpu_util_max=0% | gpu_mem_mean=2.3/47.8GB
timesteps=8346688 | env_steps/sec=210.0 | episodes/sec=3.09 | gpu_util_mean=0% gpu_util_max=0% | gpu_mem_mean=2.3/47.8GB
timesteps=8347776 | env_steps/sec=217.3 | episodes/sec=2.20 | gpu_util_mean=0% gpu_util_max=0% | gpu_mem_mean=2.3/47.8GB
timesteps=8348864 | env_steps/sec=207.8 | episodes/sec=3.82 | gpu_util_mean=0% gpu_util_max=0% | gpu_mem_mean=2.3/47.8GB
timesteps=8349952 | env_steps/sec=214.5 | episodes/sec=4.34 | gpu_util_mean=16% gpu_util_max=33% | gpu_mem_mean=2.3/47.8GB
timesteps=8351040 | env_steps/sec=211.0 | episodes/sec=2.71 | gpu_util_mean=0% gpu_util_max=1% | gpu_mem_mean=2.3/47.8GB
timesteps=8352128 | env_steps/sec=213.6 | episodes/sec=3.14 | gpu_util_mean=0% gpu_util_max=1% | gpu_mem_mean=2.3/47.8GB
timesteps=8353216 | env_steps/sec=209.7 | episodes/sec=4.43 | gpu_util_mean=0% gpu_util_max=0% | gpu_mem_mean=2.3/47.8GB
timesteps=8354304 | env_steps/sec=213.2 | episodes/sec=3.14 | gpu_util_mean=0% gpu_util_max=1% | gpu_mem_mean=2.3/47.8GB
timesteps=8355328 | env_steps/sec=198.0 | episodes/sec=2.13 | gpu_util_mean=0% gpu_util_max=1% | gpu_mem_mean=2.3/47.8GB
------------------------------------------------------
| gpu/                                 |             |
|    gpu_count                         | 2           |
|    gpu_mem_total_gb_mean             | 47.8        |
|    gpu_mem_used_gb_mean              | 2.33        |
|    gpu_util_pct_max                  | 1           |
|    gpu_util_pct_mean                 | 0.5         |
| profile/                             |             |
|    hard/damage_mean                  | 0.334       |
|    hard/defense_damage_pct_mean      | 0.334       |
|    hard/defense_damage_reward_mean   | 0.04        |
|    hard/defense_destroy_reward_mean  | 0.011       |
|    hard/defenses_destroyed_mean      | 2.19        |
|    hard/ep_len_mean                  | 60.9        |
|    hard/ep_rew_mean                  | 0.591       |
|    hard/episodes_window              | 200         |
|    hard/freeze_casts_mean            | 2           |
|    hard/freeze_effect_reward_mean    | 0.0728      |
|    hard/frozen_threat_damage_pct_... | 0.0631      |
|    hard/frozen_threat_ticks_mean     | 59.8        |
|    hard/objective_shaping_reward_... | 0.0719      |
|    hard/p_all_spells_used            | 0.995       |
|    hard/p_damage_ge_90               | 0           |
|    hard/p_stars_ge_2                 | 0.065       |
|    hard/rage_bonus_damage_pct_mean   | 0.00936     |
|    hard/rage_bonus_defense_damage... | 0.00762     |
|    hard/rage_bonus_townhall_damag... | 0.0126      |
|    hard/rage_casts_mean              | 2           |
|    hard/rage_effect_reward_mean      | 0.00328     |
|    hard/score_mean                   | 0.504       |
|    hard/spell_casts_mean             | 4           |
|    hard/spell_shaping_reward_mean    | 0.0759      |
|    hard/spells_remaining_mean        | 0.005       |
|    hard/stars_mean                   | 0.17        |
|    hard/ticks_mean                   | 605         |
|    hard/townhall_damage_pct_mean     | 0.156       |
|    hard/townhall_damage_reward_mean  | 0.0156      |
|    hard/townhall_destroy_reward_mean | 0.00525     |
|    hard/townhall_destroyed_rate      | 0.105       |
|    hard/truncated_rate               | 0.01        |
|    hard/unused_spell_penalty_mean    | 0.00015     |
|    hard/useful_freeze_casts_mean     | 2           |
|    hard/useful_rage_casts_mean       | 2           |
|    hard/wasted_spell_casts_mean      | 0           |
|    hard/wasted_spell_penalty_mean    | 0           |
|    medium/damage_mean                | 0.825       |
|    medium/defense_damage_pct_mean    | 0.769       |
|    medium/defense_damage_reward_mean | 0.0923      |
|    medium/defense_destroy_reward_... | 0.018       |
|    medium/defenses_destroyed_mean    | 3.59        |
|    medium/ep_len_mean                | 71.6        |
|    medium/ep_rew_mean                | 3.17        |
|    medium/episodes_window            | 200         |
|    medium/freeze_casts_mean          | 1.92        |
|    medium/freeze_effect_reward_mean  | 0.0559      |
|    medium/frozen_threat_damage_pc... | 0.0492      |
|    medium/frozen_threat_ticks_mean   | 42.4        |
|    medium/objective_shaping_rewar... | 0.244       |
|    medium/p_all_spells_used          | 0.95        |
|    medium/p_damage_ge_90             | 0.465       |
|    medium/p_stars_ge_2               | 0.875       |
|    medium/rage_bonus_damage_pct_mean | 0.029       |
|    medium/rage_bonus_defense_dama... | 0.0134      |
|    medium/rage_bonus_townhall_dam... | 0.075       |
|    medium/rage_casts_mean            | 1.98        |
|    medium/rage_effect_reward_mean    | 0.0101      |
|    medium/score_mean                 | 2.94        |
|    medium/spell_casts_mean           | 3.89        |
|    medium/spell_shaping_reward_mean  | 0.0628      |
|    medium/spells_remaining_mean      | 0.11        |
|    medium/stars_mean                 | 2.11        |
|    medium/ticks_mean                 | 713         |
|    medium/townhall_damage_pct_mean   | 0.898       |
|    medium/townhall_damage_reward_... | 0.0898      |
|    medium/townhall_destroy_reward... | 0.044       |
|    medium/townhall_destroyed_rate    | 0.88        |
|    medium/truncated_rate             | 0.155       |
|    medium/unused_spell_penalty_mean  | 0.0033      |
|    medium/useful_freeze_casts_mean   | 1.92        |
|    medium/useful_rage_casts_mean     | 1.98        |
|    medium/wasted_spell_casts_mean    | 0           |
|    medium/wasted_spell_penalty_mean  | 0           |
| rollout/                             |             |
|    ep_len_mean                       | 62.4        |
|    ep_rew_mean                       | 1.11        |
| throughput/                          |             |
|    env_steps_per_sec                 | 198         |
|    episodes_per_sec                  | 2.13        |
| time/                                |             |
|    fps                               | 204         |
|    iterations                        | 10          |
|    time_elapsed                      | 1605        |
|    total_timesteps                   | 8355840     |
| train/                               |             |
|    approx_kl                         | 0.010076353 |
|    clip_fraction                     | 0.0613      |
|    clip_range                        | 0.2         |
|    entropy_loss                      | -4.09       |
|    explained_variance                | 0.91        |
|    learning_rate                     | 0.0001      |
|    loss                              | -0.0363     |
|    n_updates                         | 2540        |
|    policy_gradient_loss              | -0.0154     |
|    value_loss                        | 0.058       |
------------------------------------------------------
timesteps=8355904 | env_steps/sec=76.3 | episodes/sec=1.19 | gpu_util_mean=18% gpu_util_max=36% | gpu_mem_mean=2.3/47.8GB
timesteps=8356928 | env_steps/sec=195.0 | episodes/sec=3.62 | gpu_util_mean=0% gpu_util_max=0% | gpu_mem_mean=2.3/47.8GB
timesteps=8358016 | env_steps/sec=205.5 | episodes/sec=3.97 | gpu_util_mean=0% gpu_util_max=1% | gpu_mem_mean=2.3/47.8GB
timesteps=8359104 | env_steps/sec=206.6 | episodes/sec=2.47 | gpu_util_mean=0% gpu_util_max=1% | gpu_mem_mean=2.3/47.8GB
timesteps=8360192 | env_steps/sec=207.0 | episodes/sec=2.85 | gpu_util_mean=0% gpu_util_max=0% | gpu_mem_mean=2.3/47.8GB
timesteps=8361216 | env_steps/sec=203.0 | episodes/sec=3.77 | gpu_util_mean=0% gpu_util_max=1% | gpu_mem_mean=2.3/47.8GB
timesteps=8362304 | env_steps/sec=209.7 | episodes/sec=2.31 | gpu_util_mean=0% gpu_util_max=1% | gpu_mem_mean=2.3/47.8GB
timesteps=8363328 | env_steps/sec=199.6 | episodes/sec=4.29 | gpu_util_mean=0% gpu_util_max=0% | gpu_mem_mean=2.3/47.8GB
timesteps=8364352 | env_steps/sec=204.7 | episodes/sec=2.80 | gpu_util_mean=0% gpu_util_max=0% | gpu_mem_mean=2.3/47.8GB
timesteps=8365440 | env_steps/sec=206.7 | episodes/sec=4.56 | gpu_util_mean=0% gpu_util_max=0% | gpu_mem_mean=2.3/47.8GB
timesteps=8366464 | env_steps/sec=193.5 | episodes/sec=1.51 | gpu_util_mean=0% gpu_util_max=0% | gpu_mem_mean=2.3/47.8GB
timesteps=8367488 | env_steps/sec=198.7 | episodes/sec=4.27 | gpu_util_mean=0% gpu_util_max=0% | gpu_mem_mean=2.3/47.8GB
timesteps=8368512 | env_steps/sec=202.9 | episodes/sec=2.77 | gpu_util_mean=0% gpu_util_max=1% | gpu_mem_mean=2.3/47.8GB
timesteps=8369600 | env_steps/sec=210.7 | episodes/sec=2.90 | gpu_util_mean=0% gpu_util_max=1% | gpu_mem_mean=2.3/47.8GB
timesteps=8370624 | env_steps/sec=201.1 | episodes/sec=3.73 | gpu_util_mean=0% gpu_util_max=0% | gpu_mem_mean=2.3/47.8GB
timesteps=8371712 | env_steps/sec=211.8 | episodes/sec=3.31 | gpu_util_mean=0% gpu_util_max=1% | gpu_mem_mean=2.3/47.8GB
timesteps=8372736 | env_steps/sec=199.1 | episodes/sec=3.50 | gpu_util_mean=0% gpu_util_max=1% | gpu_mem_mean=2.3/47.8GB
timesteps=8373824 | env_steps/sec=210.1 | episodes/sec=2.70 | gpu_util_mean=0% gpu_util_max=0% | gpu_mem_mean=2.3/47.8GB
timesteps=8374848 | env_steps/sec=199.5 | episodes/sec=3.70 | gpu_util_mean=0% gpu_util_max=1% | gpu_mem_mean=2.3/47.8GB
timesteps=8375936 | env_steps/sec=214.5 | episodes/sec=2.56 | gpu_util_mean=0% gpu_util_max=1% | gpu_mem_mean=2.3/47.8GB
timesteps=8377024 | env_steps/sec=204.8 | episodes/sec=3.95 | gpu_util_mean=0% gpu_util_max=0% | gpu_mem_mean=2.3/47.8GB
timesteps=8378112 | env_steps/sec=213.3 | episodes/sec=2.74 | gpu_util_mean=0% gpu_util_max=1% | gpu_mem_mean=2.3/47.8GB
timesteps=8379136 | env_steps/sec=203.8 | episodes/sec=3.38 | gpu_util_mean=0% gpu_util_max=1% | gpu_mem_mean=2.3/47.8GB
timesteps=8380224 | env_steps/sec=207.2 | episodes/sec=4.38 | gpu_util_mean=0% gpu_util_max=0% | gpu_mem_mean=2.3/47.8GB
timesteps=8381312 | env_steps/sec=209.7 | episodes/sec=2.12 | gpu_util_mean=15% gpu_util_max=30% | gpu_mem_mean=2.3/47.8GB
timesteps=8382400 | env_steps/sec=214.5 | episodes/sec=3.75 | gpu_util_mean=0% gpu_util_max=0% | gpu_mem_mean=2.3/47.8GB
timesteps=8383488 | env_steps/sec=205.5 | episodes/sec=3.02 | gpu_util_mean=0% gpu_util_max=0% | gpu_mem_mean=2.3/47.8GB
timesteps=8384576 | env_steps/sec=214.9 | episodes/sec=3.95 | gpu_util_mean=0% gpu_util_max=0% | gpu_mem_mean=2.3/47.8GB
timesteps=8385600 | env_steps/sec=202.3 | episodes/sec=2.57 | gpu_util_mean=0% gpu_util_max=1% | gpu_mem_mean=2.3/47.8GB
timesteps=8386688 | env_steps/sec=211.3 | episodes/sec=3.69 | gpu_util_mean=0% gpu_util_max=1% | gpu_mem_mean=2.3/47.8GB
timesteps=8387776 | env_steps/sec=213.9 | episodes/sec=3.15 | gpu_util_mean=0% gpu_util_max=0% | gpu_mem_mean=2.3/47.8GB
-----------------------------------------------------
| gpu/                                 |            |
|    gpu_count                         | 2          |
|    gpu_mem_total_gb_mean             | 47.8       |
|    gpu_mem_used_gb_mean              | 2.33       |
|    gpu_util_pct_max                  | 0          |
|    gpu_util_pct_mean                 | 0          |
| profile/                             |            |
|    hard/damage_mean                  | 0.336      |
|    hard/defense_damage_pct_mean      | 0.335      |
|    hard/defense_damage_reward_mean   | 0.0402     |
|    hard/defense_destroy_reward_mean  | 0.0115     |
|    hard/defenses_destroyed_mean      | 2.31       |
|    hard/ep_len_mean                  | 60.6       |
|    hard/ep_rew_mean                  | 0.589      |
|    hard/episodes_window              | 200        |
|    hard/freeze_casts_mean            | 2          |
|    hard/freeze_effect_reward_mean    | 0.0746     |
|    hard/frozen_threat_damage_pct_... | 0.0663     |
|    hard/frozen_threat_ticks_mean     | 63         |
|    hard/objective_shaping_reward_... | 0.0745     |
|    hard/p_all_spells_used            | 1          |
|    hard/p_damage_ge_90               | 0          |
|    hard/p_stars_ge_2                 | 0.04       |
|    hard/rage_bonus_damage_pct_mean   | 0.00923    |
|    hard/rage_bonus_defense_damage... | 0.00665    |
|    hard/rage_bonus_townhall_damag... | 0.0168     |
|    hard/rage_casts_mean              | 2          |
|    hard/rage_effect_reward_mean      | 0.00323    |
|    hard/score_mean                   | 0.496      |
|    hard/spell_casts_mean             | 4          |
|    hard/spell_shaping_reward_mean    | 0.0778     |
|    hard/spells_remaining_mean        | 0          |
|    hard/stars_mean                   | 0.16       |
|    hard/ticks_mean                   | 601        |
|    hard/townhall_damage_pct_mean     | 0.185      |
|    hard/townhall_damage_reward_mean  | 0.0185     |
|    hard/townhall_destroy_reward_mean | 0.00425    |
|    hard/townhall_destroyed_rate      | 0.085      |
|    hard/truncated_rate               | 0          |
|    hard/unused_spell_penalty_mean    | 0          |
|    hard/useful_freeze_casts_mean     | 2          |
|    hard/useful_rage_casts_mean       | 2          |
|    hard/wasted_spell_casts_mean      | 0          |
|    hard/wasted_spell_penalty_mean    | 0          |
|    medium/damage_mean                | 0.831      |
|    medium/defense_damage_pct_mean    | 0.762      |
|    medium/defense_damage_reward_mean | 0.0914     |
|    medium/defense_destroy_reward_... | 0.0175     |
|    medium/defenses_destroyed_mean    | 3.51       |
|    medium/ep_len_mean                | 71.3       |
|    medium/ep_rew_mean                | 3.17       |
|    medium/episodes_window            | 200        |
|    medium/freeze_casts_mean          | 1.96       |
|    medium/freeze_effect_reward_mean  | 0.0596     |
|    medium/frozen_threat_damage_pc... | 0.0524     |
|    medium/frozen_threat_ticks_mean   | 45.4       |
|    medium/objective_shaping_rewar... | 0.242      |
|    medium/p_all_spells_used          | 0.975      |
|    medium/p_damage_ge_90             | 0.43       |
|    medium/p_stars_ge_2               | 0.86       |
|    medium/rage_bonus_damage_pct_mean | 0.0275     |
|    medium/rage_bonus_defense_dama... | 0.014      |
|    medium/rage_bonus_townhall_dam... | 0.0645     |
|    medium/rage_casts_mean            | 1.98       |
|    medium/rage_effect_reward_mean    | 0.00963    |
|    medium/score_mean                 | 2.93       |
|    medium/spell_casts_mean           | 3.94       |
|    medium/spell_shaping_reward_mean  | 0.0672     |
|    medium/spells_remaining_mean      | 0.065      |
|    medium/stars_mean                 | 2.1        |
|    medium/ticks_mean                 | 710        |
|    medium/townhall_damage_pct_mean   | 0.899      |
|    medium/townhall_damage_reward_... | 0.0899     |
|    medium/townhall_destroy_reward... | 0.0432     |
|    medium/townhall_destroyed_rate    | 0.865      |
|    medium/truncated_rate             | 0.115      |
|    medium/unused_spell_penalty_mean  | 0.00195    |
|    medium/useful_freeze_casts_mean   | 1.96       |
|    medium/useful_rage_casts_mean     | 1.98       |
|    medium/wasted_spell_casts_mean    | 0          |
|    medium/wasted_spell_penalty_mean  | 0          |
| rollout/                             |            |
|    ep_len_mean                       | 62.8       |
|    ep_rew_mean                       | 1.24       |
| throughput/                          |            |
|    env_steps_per_sec                 | 214        |
|    episodes_per_sec                  | 3.15       |
| time/                                |            |
|    fps                               | 203        |
|    iterations                        | 11         |
|    time_elapsed                      | 1768       |
|    total_timesteps                   | 8388608    |
| train/                               |            |
|    approx_kl                         | 0.00697417 |
|    clip_fraction                     | 0.0398     |
|    clip_range                        | 0.2        |
|    entropy_loss                      | -4.15      |
|    explained_variance                | 0.921      |
|    learning_rate                     | 0.0001     |
|    loss                              | -0.0341    |
|    n_updates                         | 2550       |
|    policy_gradient_loss              | -0.0131    |
|    value_loss                        | 0.0558     |
-----------------------------------------------------
timesteps=8388672 | env_steps/sec=99.4 | episodes/sec=1.89 | gpu_util_mean=16% gpu_util_max=32% | gpu_mem_mean=2.3/47.8GB
timesteps=8389760 | env_steps/sec=211.2 | episodes/sec=3.88 | gpu_util_mean=0% gpu_util_max=1% | gpu_mem_mean=2.3/47.8GB
timesteps=8390848 | env_steps/sec=207.0 | episodes/sec=2.28 | gpu_util_mean=1% gpu_util_max=1% | gpu_mem_mean=2.3/47.8GB
timesteps=8391936 | env_steps/sec=214.4 | episodes/sec=4.14 | gpu_util_mean=0% gpu_util_max=1% | gpu_mem_mean=2.3/47.8GB
timesteps=8392960 | env_steps/sec=198.4 | episodes/sec=2.52 | gpu_util_mean=0% gpu_util_max=1% | gpu_mem_mean=2.3/47.8GB
timesteps=8393984 | env_steps/sec=204.5 | episodes/sec=4.19 | gpu_util_mean=0% gpu_util_max=0% | gpu_mem_mean=2.3/47.8GB
timesteps=8395072 | env_steps/sec=206.1 | episodes/sec=3.03 | gpu_util_mean=0% gpu_util_max=0% | gpu_mem_mean=2.3/47.8GB
timesteps=8396160 | env_steps/sec=210.3 | episodes/sec=3.29 | gpu_util_mean=0% gpu_util_max=1% | gpu_mem_mean=2.3/47.8GB
timesteps=8397184 | env_steps/sec=193.3 | episodes/sec=1.89 | gpu_util_mean=0% gpu_util_max=1% | gpu_mem_mean=2.3/47.8GB
timesteps=8398208 | env_steps/sec=204.1 | episodes/sec=4.39 | gpu_util_mean=0% gpu_util_max=0% | gpu_mem_mean=2.3/47.8GB
timesteps=8399296 | env_steps/sec=209.1 | episodes/sec=3.84 | gpu_util_mean=0% gpu_util_max=0% | gpu_mem_mean=2.3/47.8GB
timesteps=8400384 | env_steps/sec=207.5 | episodes/sec=2.10 | gpu_util_mean=0% gpu_util_max=1% | gpu_mem_mean=2.3/47.8GB
timesteps=8401472 | env_steps/sec=214.6 | episodes/sec=3.55 | gpu_util_mean=0% gpu_util_max=0% | gpu_mem_mean=2.3/47.8GB
timesteps=8402624 | env_steps/sec=218.4 | episodes/sec=3.60 | gpu_util_mean=0% gpu_util_max=0% | gpu_mem_mean=2.3/47.8GB
timesteps=8403712 | env_steps/sec=207.6 | episodes/sec=3.63 | gpu_util_mean=0% gpu_util_max=1% | gpu_mem_mean=2.3/47.8GB
timesteps=8404736 | env_steps/sec=201.8 | episodes/sec=1.77 | gpu_util_mean=0% gpu_util_max=1% | gpu_mem_mean=2.3/47.8GB
timesteps=8405824 | env_steps/sec=211.5 | episodes/sec=4.08 | gpu_util_mean=0% gpu_util_max=0% | gpu_mem_mean=2.3/47.8GB
timesteps=8406912 | env_steps/sec=208.9 | episodes/sec=3.65 | gpu_util_mean=0% gpu_util_max=1% | gpu_mem_mean=2.3/47.8GB
timesteps=8408000 | env_steps/sec=211.8 | episodes/sec=2.92 | gpu_util_mean=0% gpu_util_max=0% | gpu_mem_mean=2.3/47.8GB
timesteps=8409088 | env_steps/sec=205.1 | episodes/sec=2.26 | gpu_util_mean=0% gpu_util_max=1% | gpu_mem_mean=2.3/47.8GB
timesteps=8410176 | env_steps/sec=211.2 | episodes/sec=4.27 | gpu_util_mean=0% gpu_util_max=0% | gpu_mem_mean=2.3/47.8GB
timesteps=8411200 | env_steps/sec=201.6 | episodes/sec=3.35 | gpu_util_mean=0% gpu_util_max=1% | gpu_mem_mean=2.3/47.8GB
timesteps=8412224 | env_steps/sec=197.7 | episodes/sec=2.12 | gpu_util_mean=0% gpu_util_max=0% | gpu_mem_mean=2.3/47.8GB
timesteps=8413248 | env_steps/sec=201.9 | episodes/sec=3.15 | gpu_util_mean=17% gpu_util_max=33% | gpu_mem_mean=2.3/47.8GB
timesteps=8414272 | env_steps/sec=204.3 | episodes/sec=4.19 | gpu_util_mean=1% gpu_util_max=1% | gpu_mem_mean=2.3/47.8GB
timesteps=8415296 | env_steps/sec=202.4 | episodes/sec=3.36 | gpu_util_mean=1% gpu_util_max=1% | gpu_mem_mean=2.3/47.8GB
timesteps=8416320 | env_steps/sec=199.2 | episodes/sec=2.14 | gpu_util_mean=0% gpu_util_max=1% | gpu_mem_mean=2.3/47.8GB
timesteps=8417344 | env_steps/sec=202.7 | episodes/sec=3.36 | gpu_util_mean=1% gpu_util_max=1% | gpu_mem_mean=2.3/47.8GB
timesteps=8418432 | env_steps/sec=216.7 | episodes/sec=2.79 | gpu_util_mean=0% gpu_util_max=1% | gpu_mem_mean=2.3/47.8GB
timesteps=8419584 | env_steps/sec=218.7 | episodes/sec=4.18 | gpu_util_mean=0% gpu_util_max=0% | gpu_mem_mean=2.3/47.8GB
timesteps=8420672 | env_steps/sec=214.6 | episodes/sec=3.35 | gpu_util_mean=1% gpu_util_max=1% | gpu_mem_mean=2.3/47.8GB
------------------------------------------------------
| gpu/                                 |             |
|    gpu_count                         | 2           |
|    gpu_mem_total_gb_mean             | 47.8        |
|    gpu_mem_used_gb_mean              | 2.33        |
|    gpu_util_pct_max                  | 1           |
|    gpu_util_pct_mean                 | 1           |
| profile/                             |             |
|    hard/damage_mean                  | 0.342       |
|    hard/defense_damage_pct_mean      | 0.338       |
|    hard/defense_damage_reward_mean   | 0.0406      |
|    hard/defense_destroy_reward_mean  | 0.0115      |
|    hard/defenses_destroyed_mean      | 2.3         |
|    hard/ep_len_mean                  | 62.8        |
|    hard/ep_rew_mean                  | 0.627       |
|    hard/episodes_window              | 200         |
|    hard/freeze_casts_mean            | 2           |
|    hard/freeze_effect_reward_mean    | 0.073       |
|    hard/frozen_threat_damage_pct_... | 0.0629      |
|    hard/frozen_threat_ticks_mean     | 60.4        |
|    hard/objective_shaping_reward_... | 0.0757      |
|    hard/p_all_spells_used            | 0.995       |
|    hard/p_damage_ge_90               | 0           |
|    hard/p_stars_ge_2                 | 0.05        |
|    hard/rage_bonus_damage_pct_mean   | 0.00998     |
|    hard/rage_bonus_defense_damage... | 0.00618     |
|    hard/rage_bonus_townhall_damag... | 0.0195      |
|    hard/rage_casts_mean              | 2           |
|    hard/rage_effect_reward_mean      | 0.00349     |
|    hard/score_mean                   | 0.537       |
|    hard/spell_casts_mean             | 4           |
|    hard/spell_shaping_reward_mean    | 0.0763      |
|    hard/spells_remaining_mean        | 0.005       |
|    hard/stars_mean                   | 0.195       |
|    hard/ticks_mean                   | 623         |
|    hard/townhall_damage_pct_mean     | 0.179       |
|    hard/townhall_damage_reward_mean  | 0.0179      |
|    hard/townhall_destroy_reward_mean | 0.00575     |
|    hard/townhall_destroyed_rate      | 0.115       |
|    hard/truncated_rate               | 0.03        |
|    hard/unused_spell_penalty_mean    | 0.00015     |
|    hard/useful_freeze_casts_mean     | 2           |
|    hard/useful_rage_casts_mean       | 2           |
|    hard/wasted_spell_casts_mean      | 0           |
|    hard/wasted_spell_penalty_mean    | 0           |
|    medium/damage_mean                | 0.83        |
|    medium/defense_damage_pct_mean    | 0.765       |
|    medium/defense_damage_reward_mean | 0.0919      |
|    medium/defense_destroy_reward_... | 0.0172      |
|    medium/defenses_destroyed_mean    | 3.44        |
|    medium/ep_len_mean                | 71          |
|    medium/ep_rew_mean                | 3.19        |
|    medium/episodes_window            | 200         |
|    medium/freeze_casts_mean          | 1.94        |
|    medium/freeze_effect_reward_mean  | 0.058       |
|    medium/frozen_threat_damage_pc... | 0.0508      |
|    medium/frozen_threat_ticks_mean   | 44          |
|    medium/objective_shaping_rewar... | 0.242       |
|    medium/p_all_spells_used          | 0.95        |
|    medium/p_damage_ge_90             | 0.445       |
|    medium/p_stars_ge_2               | 0.845       |
|    medium/rage_bonus_damage_pct_mean | 0.0301      |
|    medium/rage_bonus_defense_dama... | 0.015       |
|    medium/rage_bonus_townhall_dam... | 0.0727      |
|    medium/rage_casts_mean            | 1.98        |
|    medium/rage_effect_reward_mean    | 0.0105      |
|    medium/score_mean                 | 2.95        |
|    medium/spell_casts_mean           | 3.92        |
|    medium/spell_shaping_reward_mean  | 0.066       |
|    medium/spells_remaining_mean      | 0.085       |
|    medium/stars_mean                 | 2.12        |
|    medium/ticks_mean                 | 706         |
|    medium/townhall_damage_pct_mean   | 0.897       |
|    medium/townhall_damage_reward_... | 0.0897      |
|    medium/townhall_destroy_reward... | 0.043       |
|    medium/townhall_destroyed_rate    | 0.86        |
|    medium/truncated_rate             | 0.125       |
|    medium/unused_spell_penalty_mean  | 0.00255     |
|    medium/useful_freeze_casts_mean   | 1.94        |
|    medium/useful_rage_casts_mean     | 1.98        |
|    medium/wasted_spell_casts_mean    | 0           |
|    medium/wasted_spell_penalty_mean  | 0           |
| rollout/                             |             |
|    ep_len_mean                       | 64.6        |
|    ep_rew_mean                       | 1.21        |
| throughput/                          |             |
|    env_steps_per_sec                 | 215         |
|    episodes_per_sec                  | 3.35        |
| time/                                |             |
|    fps                               | 203         |
|    iterations                        | 12          |
|    time_elapsed                      | 1931        |
|    total_timesteps                   | 8421376     |
| train/                               |             |
|    approx_kl                         | 0.009557228 |
|    clip_fraction                     | 0.0584      |
|    clip_range                        | 0.2         |
|    entropy_loss                      | -4.14       |
|    explained_variance                | 0.917       |
|    learning_rate                     | 0.0001      |
|    loss                              | -0.0344     |
|    n_updates                         | 2560        |
|    policy_gradient_loss              | -0.0147     |
|    value_loss                        | 0.055       |
------------------------------------------------------
timesteps=8421440 | env_steps/sec=94.6 | episodes/sec=1.48 | gpu_util_mean=18% gpu_util_max=36% | gpu_mem_mean=2.3/47.8GB
timesteps=8422528 | env_steps/sec=206.0 | episodes/sec=3.03 | gpu_util_mean=0% gpu_util_max=1% | gpu_mem_mean=2.3/47.8GB
timesteps=8423616 | env_steps/sec=211.1 | episodes/sec=2.91 | gpu_util_mean=0% gpu_util_max=0% | gpu_mem_mean=2.3/47.8GB
timesteps=8424640 | env_steps/sec=203.4 | episodes/sec=3.77 | gpu_util_mean=0% gpu_util_max=0% | gpu_mem_mean=2.3/47.8GB
timesteps=8425664 | env_steps/sec=202.3 | episodes/sec=2.77 | gpu_util_mean=0% gpu_util_max=1% | gpu_mem_mean=2.3/47.8GB
timesteps=8426688 | env_steps/sec=192.7 | episodes/sec=3.76 | gpu_util_mean=0% gpu_util_max=0% | gpu_mem_mean=2.3/47.8GB
timesteps=8427776 | env_steps/sec=212.7 | episodes/sec=3.71 | gpu_util_mean=0% gpu_util_max=1% | gpu_mem_mean=2.3/47.8GB
timesteps=8428800 | env_steps/sec=199.3 | episodes/sec=2.72 | gpu_util_mean=0% gpu_util_max=1% | gpu_mem_mean=2.3/47.8GB
timesteps=8429888 | env_steps/sec=210.8 | episodes/sec=3.29 | gpu_util_mean=0% gpu_util_max=1% | gpu_mem_mean=2.3/47.8GB
timesteps=8430976 | env_steps/sec=212.7 | episodes/sec=3.32 | gpu_util_mean=0% gpu_util_max=0% | gpu_mem_mean=2.3/47.8GB
timesteps=8432064 | env_steps/sec=213.7 | episodes/sec=3.93 | gpu_util_mean=0% gpu_util_max=0% | gpu_mem_mean=2.3/47.8GB
timesteps=8433088 | env_steps/sec=203.4 | episodes/sec=2.38 | gpu_util_mean=0% gpu_util_max=1% | gpu_mem_mean=2.3/47.8GB
timesteps=8434176 | env_steps/sec=210.1 | episodes/sec=3.48 | gpu_util_mean=0% gpu_util_max=1% | gpu_mem_mean=2.3/47.8GB
timesteps=8435264 | env_steps/sec=210.9 | episodes/sec=3.49 | gpu_util_mean=1% gpu_util_max=1% | gpu_mem_mean=2.3/47.8GB
timesteps=8436288 | env_steps/sec=204.5 | episodes/sec=3.00 | gpu_util_mean=1% gpu_util_max=1% | gpu_mem_mean=2.3/47.8GB
timesteps=8437376 | env_steps/sec=210.2 | episodes/sec=3.48 | gpu_util_mean=0% gpu_util_max=0% | gpu_mem_mean=2.3/47.8GB
timesteps=8438464 | env_steps/sec=207.2 | episodes/sec=3.24 | gpu_util_mean=0% gpu_util_max=1% | gpu_mem_mean=2.3/47.8GB
timesteps=8439488 | env_steps/sec=201.9 | episodes/sec=3.55 | gpu_util_mean=0% gpu_util_max=1% | gpu_mem_mean=2.3/47.8GB
timesteps=8440512 | env_steps/sec=200.4 | episodes/sec=1.57 | gpu_util_mean=0% gpu_util_max=0% | gpu_mem_mean=2.3/47.8GB
timesteps=8441536 | env_steps/sec=199.6 | episodes/sec=4.09 | gpu_util_mean=0% gpu_util_max=1% | gpu_mem_mean=2.3/47.8GB
timesteps=8442560 | env_steps/sec=204.2 | episodes/sec=3.79 | gpu_util_mean=0% gpu_util_max=1% | gpu_mem_mean=2.3/47.8GB
timesteps=8443584 | env_steps/sec=201.9 | episodes/sec=2.56 | gpu_util_mean=0% gpu_util_max=1% | gpu_mem_mean=2.3/47.8GB
timesteps=8444672 | env_steps/sec=207.1 | episodes/sec=3.05 | gpu_util_mean=18% gpu_util_max=35% | gpu_mem_mean=2.3/47.8GB
timesteps=8445760 | env_steps/sec=210.0 | episodes/sec=3.28 | gpu_util_mean=0% gpu_util_max=1% | gpu_mem_mean=2.3/47.8GB
timesteps=8446848 | env_steps/sec=213.0 | episodes/sec=3.91 | gpu_util_mean=0% gpu_util_max=1% | gpu_mem_mean=2.3/47.8GB
timesteps=8447936 | env_steps/sec=202.9 | episodes/sec=2.42 | gpu_util_mean=0% gpu_util_max=1% | gpu_mem_mean=2.3/47.8GB
timesteps=8449024 | env_steps/sec=214.5 | episodes/sec=3.75 | gpu_util_mean=0% gpu_util_max=0% | gpu_mem_mean=2.3/47.8GB
timesteps=8450112 | env_steps/sec=207.0 | episodes/sec=3.04 | gpu_util_mean=0% gpu_util_max=1% | gpu_mem_mean=2.3/47.8GB
timesteps=8451200 | env_steps/sec=210.8 | episodes/sec=3.49 | gpu_util_mean=0% gpu_util_max=0% | gpu_mem_mean=2.3/47.8GB
timesteps=8452224 | env_steps/sec=203.3 | episodes/sec=2.18 | gpu_util_mean=0% gpu_util_max=1% | gpu_mem_mean=2.3/47.8GB
timesteps=8453312 | env_steps/sec=211.8 | episodes/sec=4.28 | gpu_util_mean=0% gpu_util_max=1% | gpu_mem_mean=2.3/47.8GB
------------------------------------------------------
| gpu/                                 |             |
|    gpu_count                         | 2           |
|    gpu_mem_total_gb_mean             | 47.8        |
|    gpu_mem_used_gb_mean              | 2.33        |
|    gpu_util_pct_max                  | 1           |
|    gpu_util_pct_mean                 | 0.5         |
| profile/                             |             |
|    hard/damage_mean                  | 0.348       |
|    hard/defense_damage_pct_mean      | 0.339       |
|    hard/defense_damage_reward_mean   | 0.0407      |
|    hard/defense_destroy_reward_mean  | 0.0119      |
|    hard/defenses_destroyed_mean      | 2.38        |
|    hard/ep_len_mean                  | 62.3        |
|    hard/ep_rew_mean                  | 0.676       |
|    hard/episodes_window              | 200         |
|    hard/freeze_casts_mean            | 2           |
|    hard/freeze_effect_reward_mean    | 0.0746      |
|    hard/frozen_threat_damage_pct_... | 0.0646      |
|    hard/frozen_threat_ticks_mean     | 63.3        |
|    hard/objective_shaping_reward_... | 0.082       |
|    hard/p_all_spells_used            | 0.99        |
|    hard/p_damage_ge_90               | 0           |
|    hard/p_stars_ge_2                 | 0.07        |
|    hard/rage_bonus_damage_pct_mean   | 0.0107      |
|    hard/rage_bonus_defense_damage... | 0.00767     |
|    hard/rage_bonus_townhall_damag... | 0.0191      |
|    hard/rage_casts_mean              | 1.99        |
|    hard/rage_effect_reward_mean      | 0.00374     |
|    hard/score_mean                   | 0.578       |
|    hard/spell_casts_mean             | 3.98        |
|    hard/spell_shaping_reward_mean    | 0.0779      |
|    hard/spells_remaining_mean        | 0.015       |
|    hard/stars_mean                   | 0.23        |
|    hard/ticks_mean                   | 619         |
|    hard/townhall_damage_pct_mean     | 0.224       |
|    hard/townhall_damage_reward_mean  | 0.0224      |
|    hard/townhall_destroy_reward_mean | 0.007       |
|    hard/townhall_destroyed_rate      | 0.14        |
|    hard/truncated_rate               | 0.035       |
|    hard/unused_spell_penalty_mean    | 0.00045     |
|    hard/useful_freeze_casts_mean     | 2           |
|    hard/useful_rage_casts_mean       | 1.99        |
|    hard/wasted_spell_casts_mean      | 0           |
|    hard/wasted_spell_penalty_mean    | 0           |
|    medium/damage_mean                | 0.814       |
|    medium/defense_damage_pct_mean    | 0.761       |
|    medium/defense_damage_reward_mean | 0.0913      |
|    medium/defense_destroy_reward_... | 0.0171      |
|    medium/defenses_destroyed_mean    | 3.42        |
|    medium/ep_len_mean                | 71.9        |
|    medium/ep_rew_mean                | 3.12        |
|    medium/episodes_window            | 200         |
|    medium/freeze_casts_mean          | 1.95        |
|    medium/freeze_effect_reward_mean  | 0.0573      |
|    medium/frozen_threat_damage_pc... | 0.0506      |
|    medium/frozen_threat_ticks_mean   | 44.8        |
|    medium/objective_shaping_rewar... | 0.235       |
|    medium/p_all_spells_used          | 0.955       |
|    medium/p_damage_ge_90             | 0.42        |
|    medium/p_stars_ge_2               | 0.815       |
|    medium/rage_bonus_damage_pct_mean | 0.0297      |
|    medium/rage_bonus_defense_dama... | 0.0164      |
|    medium/rage_bonus_townhall_dam... | 0.0731      |
|    medium/rage_casts_mean            | 1.99        |
|    medium/rage_effect_reward_mean    | 0.0104      |
|    medium/score_mean                 | 2.89        |
|    medium/spell_casts_mean           | 3.94        |
|    medium/spell_shaping_reward_mean  | 0.0658      |
|    medium/spells_remaining_mean      | 0.065       |
|    medium/stars_mean                 | 2.08        |
|    medium/ticks_mean                 | 715         |
|    medium/townhall_damage_pct_mean   | 0.859       |
|    medium/townhall_damage_reward_... | 0.0859      |
|    medium/townhall_destroy_reward... | 0.041       |
|    medium/townhall_destroyed_rate    | 0.82        |
|    medium/truncated_rate             | 0.135       |
|    medium/unused_spell_penalty_mean  | 0.00195     |
|    medium/useful_freeze_casts_mean   | 1.95        |
|    medium/useful_rage_casts_mean     | 1.99        |
|    medium/wasted_spell_casts_mean    | 0           |
|    medium/wasted_spell_penalty_mean  | 0           |
| rollout/                             |             |
|    ep_len_mean                       | 63.8        |
|    ep_rew_mean                       | 1.01        |
| throughput/                          |             |
|    env_steps_per_sec                 | 212         |
|    episodes_per_sec                  | 4.28        |
| time/                                |             |
|    fps                               | 203         |
|    iterations                        | 13          |
|    time_elapsed                      | 2094        |
|    total_timesteps                   | 8454144     |
| train/                               |             |
|    approx_kl                         | 0.008561807 |
|    clip_fraction                     | 0.0509      |
|    clip_range                        | 0.2         |
|    entropy_loss                      | -4.12       |
|    explained_variance                | 0.909       |
|    learning_rate                     | 0.0001      |
|    loss                              | -0.0405     |
|    n_updates                         | 2570        |
|    policy_gradient_loss              | -0.0139     |
|    value_loss                        | 0.0547      |
------------------------------------------------------
timesteps=8454208 | env_steps/sec=99.3 | episodes/sec=1.88 | gpu_util_mean=4% gpu_util_max=9% | gpu_mem_mean=2.3/47.8GB
timesteps=8455296 | env_steps/sec=214.3 | episodes/sec=2.36 | gpu_util_mean=0% gpu_util_max=0% | gpu_mem_mean=2.3/47.8GB
timesteps=8456384 | env_steps/sec=203.4 | episodes/sec=2.80 | gpu_util_mean=0% gpu_util_max=1% | gpu_mem_mean=2.3/47.8GB
timesteps=8457472 | env_steps/sec=209.1 | episodes/sec=4.61 | gpu_util_mean=0% gpu_util_max=1% | gpu_mem_mean=2.3/47.8GB
timesteps=8458496 | env_steps/sec=201.2 | episodes/sec=2.95 | gpu_util_mean=0% gpu_util_max=1% | gpu_mem_mean=2.3/47.8GB
timesteps=8459520 | env_steps/sec=196.2 | episodes/sec=2.68 | gpu_util_mean=0% gpu_util_max=0% | gpu_mem_mean=2.3/47.8GB
timesteps=8460608 | env_steps/sec=206.4 | episodes/sec=3.23 | gpu_util_mean=0% gpu_util_max=0% | gpu_mem_mean=2.3/47.8GB
timesteps=8461632 | env_steps/sec=202.2 | episodes/sec=3.75 | gpu_util_mean=0% gpu_util_max=0% | gpu_mem_mean=2.3/47.8GB
timesteps=8462720 | env_steps/sec=208.4 | episodes/sec=2.68 | gpu_util_mean=0% gpu_util_max=0% | gpu_mem_mean=2.3/47.8GB
timesteps=8463744 | env_steps/sec=197.4 | episodes/sec=3.28 | gpu_util_mean=1% gpu_util_max=1% | gpu_mem_mean=2.3/47.8GB
timesteps=8464768 | env_steps/sec=204.5 | episodes/sec=3.79 | gpu_util_mean=0% gpu_util_max=0% | gpu_mem_mean=2.3/47.8GB
timesteps=8465856 | env_steps/sec=205.5 | episodes/sec=3.21 | gpu_util_mean=0% gpu_util_max=1% | gpu_mem_mean=2.3/47.8GB
timesteps=8466880 | env_steps/sec=202.7 | episodes/sec=1.58 | gpu_util_mean=1% gpu_util_max=1% | gpu_mem_mean=2.3/47.8GB
timesteps=8467968 | env_steps/sec=210.0 | episodes/sec=3.67 | gpu_util_mean=0% gpu_util_max=0% | gpu_mem_mean=2.3/47.8GB
timesteps=8469056 | env_steps/sec=209.7 | episodes/sec=4.43 | gpu_util_mean=0% gpu_util_max=0% | gpu_mem_mean=2.3/47.8GB
timesteps=8470080 | env_steps/sec=200.6 | episodes/sec=3.53 | gpu_util_mean=0% gpu_util_max=0% | gpu_mem_mean=2.3/47.8GB
timesteps=8471104 | env_steps/sec=195.7 | episodes/sec=1.53 | gpu_util_mean=1% gpu_util_max=1% | gpu_mem_mean=2.3/47.8GB
timesteps=8472192 | env_steps/sec=208.5 | episodes/sec=3.26 | gpu_util_mean=0% gpu_util_max=1% | gpu_mem_mean=2.3/47.8GB
timesteps=8473280 | env_steps/sec=211.7 | episodes/sec=4.67 | gpu_util_mean=1% gpu_util_max=1% | gpu_mem_mean=2.3/47.8GB
timesteps=8474304 | env_steps/sec=204.3 | episodes/sec=3.39 | gpu_util_mean=0% gpu_util_max=0% | gpu_mem_mean=2.3/47.8GB
timesteps=8475328 | env_steps/sec=196.7 | episodes/sec=1.92 | gpu_util_mean=0% gpu_util_max=1% | gpu_mem_mean=2.3/47.8GB
timesteps=8476416 | env_steps/sec=208.4 | episodes/sec=3.45 | gpu_util_mean=16% gpu_util_max=33% | gpu_mem_mean=2.3/47.8GB
timesteps=8477504 | env_steps/sec=209.8 | episodes/sec=4.43 | gpu_util_mean=0% gpu_util_max=1% | gpu_mem_mean=2.3/47.8GB
timesteps=8478528 | env_steps/sec=201.8 | episodes/sec=2.76 | gpu_util_mean=0% gpu_util_max=1% | gpu_mem_mean=2.3/47.8GB
timesteps=8479552 | env_steps/sec=201.1 | episodes/sec=2.55 | gpu_util_mean=0% gpu_util_max=0% | gpu_mem_mean=2.3/47.8GB
timesteps=8480576 | env_steps/sec=202.0 | episodes/sec=3.55 | gpu_util_mean=0% gpu_util_max=1% | gpu_mem_mean=2.3/47.8GB
timesteps=8481600 | env_steps/sec=196.6 | episodes/sec=3.84 | gpu_util_mean=0% gpu_util_max=0% | gpu_mem_mean=2.3/47.8GB
timesteps=8482688 | env_steps/sec=206.4 | episodes/sec=1.71 | gpu_util_mean=0% gpu_util_max=1% | gpu_mem_mean=2.3/47.8GB
timesteps=8483712 | env_steps/sec=203.6 | episodes/sec=4.18 | gpu_util_mean=0% gpu_util_max=0% | gpu_mem_mean=2.3/47.8GB
timesteps=8484800 | env_steps/sec=207.1 | episodes/sec=3.62 | gpu_util_mean=0% gpu_util_max=1% | gpu_mem_mean=2.3/47.8GB
timesteps=8485824 | env_steps/sec=203.4 | episodes/sec=2.78 | gpu_util_mean=0% gpu_util_max=1% | gpu_mem_mean=2.3/47.8GB
timesteps=8486912 | env_steps/sec=208.4 | episodes/sec=2.87 | gpu_util_mean=0% gpu_util_max=1% | gpu_mem_mean=2.3/47.8GB
-------------------------------------------------------
| gpu/                                 |              |
|    gpu_count                         | 2            |
|    gpu_mem_total_gb_mean             | 47.8         |
|    gpu_mem_used_gb_mean              | 2.33         |
|    gpu_util_pct_max                  | 1            |
|    gpu_util_pct_mean                 | 0.5          |
| profile/                             |              |
|    hard/damage_mean                  | 0.358        |
|    hard/defense_damage_pct_mean      | 0.346        |
|    hard/defense_damage_reward_mean   | 0.0415       |
|    hard/defense_destroy_reward_mean  | 0.0118       |
|    hard/defenses_destroyed_mean      | 2.37         |
|    hard/ep_len_mean                  | 61.4         |
|    hard/ep_rew_mean                  | 0.765        |
|    hard/episodes_window              | 200          |
|    hard/freeze_casts_mean            | 2            |
|    hard/freeze_effect_reward_mean    | 0.0709       |
|    hard/frozen_threat_damage_pct_... | 0.0626       |
|    hard/frozen_threat_ticks_mean     | 60.5         |
|    hard/objective_shaping_reward_... | 0.084        |
|    hard/p_all_spells_used            | 0.99         |
|    hard/p_damage_ge_90               | 0            |
|    hard/p_stars_ge_2                 | 0.1          |
|    hard/rage_bonus_damage_pct_mean   | 0.00957      |
|    hard/rage_bonus_defense_damage... | 0.00659      |
|    hard/rage_bonus_townhall_damag... | 0.0172       |
|    hard/rage_casts_mean              | 1.99         |
|    hard/rage_effect_reward_mean      | 0.00335      |
|    hard/score_mean                   | 0.668        |
|    hard/spell_casts_mean             | 3.99         |
|    hard/spell_shaping_reward_mean    | 0.074        |
|    hard/spells_remaining_mean        | 0.01         |
|    hard/stars_mean                   | 0.31         |
|    hard/ticks_mean                   | 610          |
|    hard/townhall_damage_pct_mean     | 0.227        |
|    hard/townhall_damage_reward_mean  | 0.0227       |
|    hard/townhall_destroy_reward_mean | 0.008        |
|    hard/townhall_destroyed_rate      | 0.16         |
|    hard/truncated_rate               | 0.015        |
|    hard/unused_spell_penalty_mean    | 0.0003       |
|    hard/useful_freeze_casts_mean     | 2            |
|    hard/useful_rage_casts_mean       | 1.99         |
|    hard/wasted_spell_casts_mean      | 0            |
|    hard/wasted_spell_penalty_mean    | 0            |
|    medium/damage_mean                | 0.827        |
|    medium/defense_damage_pct_mean    | 0.774        |
|    medium/defense_damage_reward_mean | 0.0929       |
|    medium/defense_destroy_reward_... | 0.0179       |
|    medium/defenses_destroyed_mean    | 3.58         |
|    medium/ep_len_mean                | 71.2         |
|    medium/ep_rew_mean                | 3.2          |
|    medium/episodes_window            | 200          |
|    medium/freeze_casts_mean          | 1.94         |
|    medium/freeze_effect_reward_mean  | 0.0545       |
|    medium/frozen_threat_damage_pc... | 0.0475       |
|    medium/frozen_threat_ticks_mean   | 43           |
|    medium/objective_shaping_rewar... | 0.239        |
|    medium/p_all_spells_used          | 0.96         |
|    medium/p_damage_ge_90             | 0.485        |
|    medium/p_stars_ge_2               | 0.825        |
|    medium/rage_bonus_damage_pct_mean | 0.0298       |
|    medium/rage_bonus_defense_dama... | 0.0141       |
|    medium/rage_bonus_townhall_dam... | 0.0762       |
|    medium/rage_casts_mean            | 1.99         |
|    medium/rage_effect_reward_mean    | 0.0104       |
|    medium/score_mean                 | 2.97         |
|    medium/spell_casts_mean           | 3.92         |
|    medium/spell_shaping_reward_mean  | 0.0627       |
|    medium/spells_remaining_mean      | 0.075        |
|    medium/stars_mean                 | 2.15         |
|    medium/ticks_mean                 | 708          |
|    medium/townhall_damage_pct_mean   | 0.872        |
|    medium/townhall_damage_reward_... | 0.0872       |
|    medium/townhall_destroy_reward... | 0.0415       |
|    medium/townhall_destroyed_rate    | 0.83         |
|    medium/truncated_rate             | 0.115        |
|    medium/unused_spell_penalty_mean  | 0.00225      |
|    medium/useful_freeze_casts_mean   | 1.94         |
|    medium/useful_rage_casts_mean     | 1.99         |
|    medium/wasted_spell_casts_mean    | 0            |
|    medium/wasted_spell_penalty_mean  | 0            |
| rollout/                             |              |
|    ep_len_mean                       | 63.1         |
|    ep_rew_mean                       | 1.38         |
| throughput/                          |              |
|    env_steps_per_sec                 | 208          |
|    episodes_per_sec                  | 2.87         |
| time/                                |              |
|    fps                               | 203          |
|    iterations                        | 14           |
|    time_elapsed                      | 2259         |
|    total_timesteps                   | 8486912      |
| train/                               |              |
|    approx_kl                         | 0.0096252635 |
|    clip_fraction                     | 0.061        |
|    clip_range                        | 0.2          |
|    entropy_loss                      | -4.12        |
|    explained_variance                | 0.899        |
|    learning_rate                     | 0.0001       |
|    loss                              | -0.0309      |
|    n_updates                         | 2580         |
|    policy_gradient_loss              | -0.0141      |
|    value_loss                        | 0.0619       |
-------------------------------------------------------
timesteps=8487040 | env_steps/sec=24.4 | episodes/sec=0.95 | gpu_util_mean=0% gpu_util_max=1% | gpu_mem_mean=2.3/47.8GB
timesteps=8488128 | env_steps/sec=205.9 | episodes/sec=3.41 | gpu_util_mean=0% gpu_util_max=1% | gpu_mem_mean=2.3/47.8GB
timesteps=8489216 | env_steps/sec=211.1 | episodes/sec=3.10 | gpu_util_mean=1% gpu_util_max=1% | gpu_mem_mean=2.3/47.8GB
timesteps=8490304 | env_steps/sec=209.3 | episodes/sec=2.69 | gpu_util_mean=0% gpu_util_max=1% | gpu_mem_mean=2.3/47.8GB
timesteps=8491392 | env_steps/sec=209.7 | episodes/sec=3.08 | gpu_util_mean=0% gpu_util_max=0% | gpu_mem_mean=2.3/47.8GB
timesteps=8492480 | env_steps/sec=209.6 | episodes/sec=4.43 | gpu_util_mean=0% gpu_util_max=0% | gpu_mem_mean=2.3/47.8GB
timesteps=8493504 | env_steps/sec=203.7 | episodes/sec=2.59 | gpu_util_mean=0% gpu_util_max=0% | gpu_mem_mean=2.3/47.8GB
timesteps=8494592 | env_steps/sec=212.6 | episodes/sec=3.91 | gpu_util_mean=0% gpu_util_max=0% | gpu_mem_mean=2.3/47.8GB
timesteps=8495680 | env_steps/sec=207.7 | episodes/sec=3.82 | gpu_util_mean=0% gpu_util_max=1% | gpu_mem_mean=2.3/47.8GB
timesteps=8496768 | env_steps/sec=210.2 | episodes/sec=3.28 | gpu_util_mean=0% gpu_util_max=1% | gpu_mem_mean=2.3/47.8GB
timesteps=8497728 | env_steps/sec=189.9 | episodes/sec=1.98 | gpu_util_mean=0% gpu_util_max=0% | gpu_mem_mean=2.3/47.8GB
timesteps=8498816 | env_steps/sec=216.7 | episodes/sec=2.79 | gpu_util_mean=0% gpu_util_max=0% | gpu_mem_mean=2.3/47.8GB
timesteps=8499968 | env_steps/sec=223.2 | episodes/sec=5.23 | gpu_util_mean=1% gpu_util_max=1% | gpu_mem_mean=2.3/47.8GB
timesteps=8501056 | env_steps/sec=209.9 | episodes/sec=3.09 | gpu_util_mean=0% gpu_util_max=0% | gpu_mem_mean=2.3/47.8GB
timesteps=8502144 | env_steps/sec=209.3 | episodes/sec=2.12 | gpu_util_mean=0% gpu_util_max=1% | gpu_mem_mean=2.3/47.8GB
timesteps=8503168 | env_steps/sec=203.5 | episodes/sec=3.38 | gpu_util_mean=0% gpu_util_max=1% | gpu_mem_mean=2.3/47.8GB
timesteps=8504256 | env_steps/sec=205.7 | episodes/sec=4.92 | gpu_util_mean=0% gpu_util_max=1% | gpu_mem_mean=2.3/47.8GB
timesteps=8505280 | env_steps/sec=198.2 | episodes/sec=2.52 | gpu_util_mean=0% gpu_util_max=0% | gpu_mem_mean=2.3/47.8GB
timesteps=8506304 | env_steps/sec=199.2 | episodes/sec=2.14 | gpu_util_mean=0% gpu_util_max=1% | gpu_mem_mean=2.3/47.8GB
timesteps=8507392 | env_steps/sec=212.3 | episodes/sec=3.71 | gpu_util_mean=0% gpu_util_max=0% | gpu_mem_mean=2.3/47.8GB
timesteps=8508480 | env_steps/sec=214.2 | episodes/sec=4.53 | gpu_util_mean=16% gpu_util_max=33% | gpu_mem_mean=2.3/47.8GB
timesteps=8509504 | env_steps/sec=191.7 | episodes/sec=2.06 | gpu_util_mean=0% gpu_util_max=0% | gpu_mem_mean=2.3/47.8GB
timesteps=8510528 | env_steps/sec=202.1 | episodes/sec=3.55 | gpu_util_mean=0% gpu_util_max=1% | gpu_mem_mean=2.3/47.8GB
timesteps=8511616 | env_steps/sec=209.2 | episodes/sec=2.31 | gpu_util_mean=0% gpu_util_max=1% | gpu_mem_mean=2.3/47.8GB
timesteps=8512704 | env_steps/sec=212.0 | episodes/sec=4.48 | gpu_util_mean=0% gpu_util_max=1% | gpu_mem_mean=2.3/47.8GB
timesteps=8513728 | env_steps/sec=195.0 | episodes/sec=1.90 | gpu_util_mean=0% gpu_util_max=0% | gpu_mem_mean=2.3/47.8GB
timesteps=8514752 | env_steps/sec=198.8 | episodes/sec=3.49 | gpu_util_mean=0% gpu_util_max=1% | gpu_mem_mean=2.3/47.8GB
timesteps=8515776 | env_steps/sec=203.2 | episodes/sec=3.37 | gpu_util_mean=1% gpu_util_max=1% | gpu_mem_mean=2.3/47.8GB
timesteps=8516864 | env_steps/sec=207.7 | episodes/sec=3.06 | gpu_util_mean=0% gpu_util_max=0% | gpu_mem_mean=2.3/47.8GB
timesteps=8517888 | env_steps/sec=198.6 | episodes/sec=3.30 | gpu_util_mean=1% gpu_util_max=1% | gpu_mem_mean=2.3/47.8GB
timesteps=8518912 | env_steps/sec=203.0 | episodes/sec=3.37 | gpu_util_mean=0% gpu_util_max=0% | gpu_mem_mean=2.3/47.8GB
------------------------------------------------------
| gpu/                                 |             |
|    gpu_count                         | 2           |
|    gpu_mem_total_gb_mean             | 47.8        |
|    gpu_mem_used_gb_mean              | 2.33        |
|    gpu_util_pct_max                  | 0           |
|    gpu_util_pct_mean                 | 0           |
| profile/                             |             |
|    hard/damage_mean                  | 0.347       |
|    hard/defense_damage_pct_mean      | 0.346       |
|    hard/defense_damage_reward_mean   | 0.0416      |
|    hard/defense_destroy_reward_mean  | 0.012       |
|    hard/defenses_destroyed_mean      | 2.39        |
|    hard/ep_len_mean                  | 61.7        |
|    hard/ep_rew_mean                  | 0.642       |
|    hard/episodes_window              | 200         |
|    hard/freeze_casts_mean            | 2           |
|    hard/freeze_effect_reward_mean    | 0.0704      |
|    hard/frozen_threat_damage_pct_... | 0.0617      |
|    hard/frozen_threat_ticks_mean     | 59.6        |
|    hard/objective_shaping_reward_... | 0.0773      |
|    hard/p_all_spells_used            | 0.995       |
|    hard/p_damage_ge_90               | 0           |
|    hard/p_stars_ge_2                 | 0.07        |
|    hard/rage_bonus_damage_pct_mean   | 0.0102      |
|    hard/rage_bonus_defense_damage... | 0.00702     |
|    hard/rage_bonus_townhall_damag... | 0.0171      |
|    hard/rage_casts_mean              | 2           |
|    hard/rage_effect_reward_mean      | 0.00357     |
|    hard/score_mean                   | 0.552       |
|    hard/spell_casts_mean             | 4           |
|    hard/spell_shaping_reward_mean    | 0.0738      |
|    hard/spells_remaining_mean        | 0.005       |
|    hard/stars_mean                   | 0.205       |
|    hard/ticks_mean                   | 613         |
|    hard/townhall_damage_pct_mean     | 0.18        |
|    hard/townhall_damage_reward_mean  | 0.018       |
|    hard/townhall_destroy_reward_mean | 0.00575     |
|    hard/townhall_destroyed_rate      | 0.115       |
|    hard/truncated_rate               | 0.01        |
|    hard/unused_spell_penalty_mean    | 0.00015     |
|    hard/useful_freeze_casts_mean     | 2           |
|    hard/useful_rage_casts_mean       | 2           |
|    hard/wasted_spell_casts_mean      | 0           |
|    hard/wasted_spell_penalty_mean    | 0           |
|    medium/damage_mean                | 0.824       |
|    medium/defense_damage_pct_mean    | 0.769       |
|    medium/defense_damage_reward_mean | 0.0923      |
|    medium/defense_destroy_reward_... | 0.0176      |
|    medium/defenses_destroyed_mean    | 3.52        |
|    medium/ep_len_mean                | 69.6        |
|    medium/ep_rew_mean                | 3.21        |
|    medium/episodes_window            | 200         |
|    medium/freeze_casts_mean          | 1.89        |
|    medium/freeze_effect_reward_mean  | 0.0508      |
|    medium/frozen_threat_damage_pc... | 0.0439      |
|    medium/frozen_threat_ticks_mean   | 39.4        |
|    medium/objective_shaping_rewar... | 0.241       |
|    medium/p_all_spells_used          | 0.925       |
|    medium/p_damage_ge_90             | 0.47        |
|    medium/p_stars_ge_2               | 0.855       |
|    medium/rage_bonus_damage_pct_mean | 0.0306      |
|    medium/rage_bonus_defense_dama... | 0.0117      |
|    medium/rage_bonus_townhall_dam... | 0.0788      |
|    medium/rage_casts_mean            | 1.98        |
|    medium/rage_effect_reward_mean    | 0.0107      |
|    medium/score_mean                 | 2.98        |
|    medium/spell_casts_mean           | 3.87        |
|    medium/spell_shaping_reward_mean  | 0.0576      |
|    medium/spells_remaining_mean      | 0.13        |
|    medium/stars_mean                 | 2.16        |
|    medium/ticks_mean                 | 691         |
|    medium/townhall_damage_pct_mean   | 0.88        |
|    medium/townhall_damage_reward_... | 0.088       |
|    medium/townhall_destroy_reward... | 0.0427      |
|    medium/townhall_destroyed_rate    | 0.855       |
|    medium/truncated_rate             | 0.09        |
|    medium/unused_spell_penalty_mean  | 0.0039      |
|    medium/useful_freeze_casts_mean   | 1.89        |
|    medium/useful_rage_casts_mean     | 1.98        |
|    medium/wasted_spell_casts_mean    | 0           |
|    medium/wasted_spell_penalty_mean  | 0           |
| rollout/                             |             |
|    ep_len_mean                       | 63.3        |
|    ep_rew_mean                       | 1.2         |
| throughput/                          |             |
|    env_steps_per_sec                 | 203         |
|    episodes_per_sec                  | 3.37        |
| time/                                |             |
|    fps                               | 202         |
|    iterations                        | 15          |
|    time_elapsed                      | 2423        |
|    total_timesteps                   | 8519680     |
| train/                               |             |
|    approx_kl                         | 0.008623568 |
|    clip_fraction                     | 0.0468      |
|    clip_range                        | 0.2         |
|    entropy_loss                      | -4.17       |
|    explained_variance                | 0.905       |
|    learning_rate                     | 0.0001      |
|    loss                              | -0.0364     |
|    n_updates                         | 2590        |
|    policy_gradient_loss              | -0.0133     |
|    value_loss                        | 0.067       |
------------------------------------------------------
timesteps=8519744 | env_steps/sec=97.4 | episodes/sec=1.87 | gpu_util_mean=17% gpu_util_max=34% | gpu_mem_mean=2.3/47.8GB
timesteps=8520832 | env_steps/sec=206.9 | episodes/sec=2.85 | gpu_util_mean=0% gpu_util_max=0% | gpu_mem_mean=2.3/47.8GB
timesteps=8521920 | env_steps/sec=208.4 | episodes/sec=3.06 | gpu_util_mean=0% gpu_util_max=0% | gpu_mem_mean=2.3/47.8GB
timesteps=8523008 | env_steps/sec=206.0 | episodes/sec=3.60 | gpu_util_mean=0% gpu_util_max=0% | gpu_mem_mean=2.3/47.8GB
timesteps=8524160 | env_steps/sec=218.0 | episodes/sec=3.60 | gpu_util_mean=0% gpu_util_max=1% | gpu_mem_mean=2.3/47.8GB
timesteps=8525248 | env_steps/sec=206.2 | episodes/sec=2.84 | gpu_util_mean=0% gpu_util_max=0% | gpu_mem_mean=2.3/47.8GB
timesteps=8526272 | env_steps/sec=203.3 | episodes/sec=3.38 | gpu_util_mean=0% gpu_util_max=1% | gpu_mem_mean=2.3/47.8GB
timesteps=8527296 | env_steps/sec=204.4 | episodes/sec=3.39 | gpu_util_mean=0% gpu_util_max=1% | gpu_mem_mean=2.3/47.8GB
timesteps=8528384 | env_steps/sec=204.5 | episodes/sec=3.57 | gpu_util_mean=0% gpu_util_max=1% | gpu_mem_mean=2.3/47.8GB
timesteps=8529408 | env_steps/sec=204.2 | episodes/sec=2.59 | gpu_util_mean=1% gpu_util_max=1% | gpu_mem_mean=2.3/47.8GB
timesteps=8530496 | env_steps/sec=205.5 | episodes/sec=3.40 | gpu_util_mean=0% gpu_util_max=1% | gpu_mem_mean=2.3/47.8GB
timesteps=8531584 | env_steps/sec=208.2 | episodes/sec=3.83 | gpu_util_mean=0% gpu_util_max=0% | gpu_mem_mean=2.3/47.8GB
timesteps=8532672 | env_steps/sec=205.0 | episodes/sec=2.45 | gpu_util_mean=0% gpu_util_max=0% | gpu_mem_mean=2.3/47.8GB
timesteps=8533696 | env_steps/sec=203.6 | episodes/sec=4.18 | gpu_util_mean=0% gpu_util_max=0% | gpu_mem_mean=2.3/47.8GB
timesteps=8534784 | env_steps/sec=214.4 | episodes/sec=2.76 | gpu_util_mean=0% gpu_util_max=0% | gpu_mem_mean=2.3/47.8GB
timesteps=8535872 | env_steps/sec=209.2 | episodes/sec=3.08 | gpu_util_mean=0% gpu_util_max=0% | gpu_mem_mean=2.3/47.8GB
timesteps=8536960 | env_steps/sec=206.4 | episodes/sec=3.03 | gpu_util_mean=0% gpu_util_max=0% | gpu_mem_mean=2.3/47.8GB
timesteps=8537984 | env_steps/sec=203.8 | episodes/sec=3.98 | gpu_util_mean=0% gpu_util_max=0% | gpu_mem_mean=2.3/47.8GB
timesteps=8539008 | env_steps/sec=199.8 | episodes/sec=3.51 | gpu_util_mean=0% gpu_util_max=0% | gpu_mem_mean=2.3/47.8GB
timesteps=8540096 | env_steps/sec=212.1 | episodes/sec=2.92 | gpu_util_mean=16% gpu_util_max=32% | gpu_mem_mean=2.3/47.8GB
timesteps=8541184 | env_steps/sec=206.7 | episodes/sec=2.85 | gpu_util_mean=0% gpu_util_max=1% | gpu_mem_mean=2.3/47.8GB
timesteps=8542272 | env_steps/sec=211.8 | episodes/sec=3.89 | gpu_util_mean=0% gpu_util_max=0% | gpu_mem_mean=2.3/47.8GB
timesteps=8543360 | env_steps/sec=206.5 | episodes/sec=3.61 | gpu_util_mean=0% gpu_util_max=1% | gpu_mem_mean=2.3/47.8GB
timesteps=8544384 | env_steps/sec=203.4 | episodes/sec=2.19 | gpu_util_mean=0% gpu_util_max=0% | gpu_mem_mean=2.3/47.8GB
timesteps=8545408 | env_steps/sec=203.3 | episodes/sec=3.77 | gpu_util_mean=0% gpu_util_max=0% | gpu_mem_mean=2.3/47.8GB
timesteps=8546496 | env_steps/sec=217.4 | episodes/sec=3.80 | gpu_util_mean=0% gpu_util_max=0% | gpu_mem_mean=2.3/47.8GB
timesteps=8547584 | env_steps/sec=211.8 | episodes/sec=2.73 | gpu_util_mean=0% gpu_util_max=1% | gpu_mem_mean=2.3/47.8GB
timesteps=8548672 | env_steps/sec=207.1 | episodes/sec=3.05 | gpu_util_mean=0% gpu_util_max=0% | gpu_mem_mean=2.3/47.8GB
timesteps=8549760 | env_steps/sec=212.5 | episodes/sec=3.32 | gpu_util_mean=0% gpu_util_max=1% | gpu_mem_mean=2.3/47.8GB
timesteps=8550848 | env_steps/sec=209.6 | episodes/sec=3.85 | gpu_util_mean=0% gpu_util_max=0% | gpu_mem_mean=2.3/47.8GB
timesteps=8551936 | env_steps/sec=210.9 | episodes/sec=2.33 | gpu_util_mean=0% gpu_util_max=1% | gpu_mem_mean=2.3/47.8GB
-----------------------------------------------------
| gpu/                                 |            |
|    gpu_count                         | 2          |
|    gpu_mem_total_gb_mean             | 47.8       |
|    gpu_mem_used_gb_mean              | 2.33       |
|    gpu_util_pct_max                  | 1          |
|    gpu_util_pct_mean                 | 0.5        |
| profile/                             |            |
|    hard/damage_mean                  | 0.349      |
|    hard/defense_damage_pct_mean      | 0.336      |
|    hard/defense_damage_reward_mean   | 0.0404     |
|    hard/defense_destroy_reward_mean  | 0.0114     |
|    hard/defenses_destroyed_mean      | 2.27       |
|    hard/ep_len_mean                  | 61.3       |
|    hard/ep_rew_mean                  | 0.653      |
|    hard/episodes_window              | 200        |
|    hard/freeze_casts_mean            | 2          |
|    hard/freeze_effect_reward_mean    | 0.0754     |
|    hard/frozen_threat_damage_pct_... | 0.0657     |
|    hard/frozen_threat_ticks_mean     | 62.1       |
|    hard/objective_shaping_reward_... | 0.0766     |
|    hard/p_all_spells_used            | 0.995      |
|    hard/p_damage_ge_90               | 0          |
|    hard/p_stars_ge_2                 | 0.06       |
|    hard/rage_bonus_damage_pct_mean   | 0.0102     |
|    hard/rage_bonus_defense_damage... | 0.0075     |
|    hard/rage_bonus_townhall_damag... | 0.0189     |
|    hard/rage_casts_mean              | 2          |
|    hard/rage_effect_reward_mean      | 0.00358    |
|    hard/score_mean                   | 0.559      |
|    hard/spell_casts_mean             | 4          |
|    hard/spell_shaping_reward_mean    | 0.0788     |
|    hard/spells_remaining_mean        | 0.005      |
|    hard/stars_mean                   | 0.21       |
|    hard/ticks_mean                   | 609        |
|    hard/townhall_damage_pct_mean     | 0.199      |
|    hard/townhall_damage_reward_mean  | 0.0199     |
|    hard/townhall_destroy_reward_mean | 0.005      |
|    hard/townhall_destroyed_rate      | 0.1        |
|    hard/truncated_rate               | 0.005      |
|    hard/unused_spell_penalty_mean    | 0.00015    |
|    hard/useful_freeze_casts_mean     | 2          |
|    hard/useful_rage_casts_mean       | 2          |
|    hard/wasted_spell_casts_mean      | 0          |
|    hard/wasted_spell_penalty_mean    | 0          |
|    medium/damage_mean                | 0.825      |
|    medium/defense_damage_pct_mean    | 0.773      |
|    medium/defense_damage_reward_mean | 0.0927     |
|    medium/defense_destroy_reward_... | 0.0177     |
|    medium/defenses_destroyed_mean    | 3.54       |
|    medium/ep_len_mean                | 69.5       |
|    medium/ep_rew_mean                | 3.17       |
|    medium/episodes_window            | 200        |
|    medium/freeze_casts_mean          | 1.89       |
|    medium/freeze_effect_reward_mean  | 0.0555     |
|    medium/frozen_threat_damage_pc... | 0.0493     |
|    medium/frozen_threat_ticks_mean   | 42.7       |
|    medium/objective_shaping_rewar... | 0.24       |
|    medium/p_all_spells_used          | 0.91       |
|    medium/p_damage_ge_90             | 0.475      |
|    medium/p_stars_ge_2               | 0.835      |
|    medium/rage_bonus_damage_pct_mean | 0.0289     |
|    medium/rage_bonus_defense_dama... | 0.015      |
|    medium/rage_bonus_townhall_dam... | 0.0715     |
|    medium/rage_casts_mean            | 1.96       |
|    medium/rage_effect_reward_mean    | 0.0101     |
|    medium/score_mean                 | 2.93       |
|    medium/spell_casts_mean           | 3.85       |
|    medium/spell_shaping_reward_mean  | 0.061      |
|    medium/spells_remaining_mean      | 0.155      |
|    medium/stars_mean                 | 2.11       |
|    medium/ticks_mean                 | 691        |
|    medium/townhall_damage_pct_mean   | 0.875      |
|    medium/townhall_damage_reward_... | 0.0875     |
|    medium/townhall_destroy_reward... | 0.042      |
|    medium/townhall_destroyed_rate    | 0.84       |
|    medium/truncated_rate             | 0.09       |
|    medium/unused_spell_penalty_mean  | 0.00465    |
|    medium/useful_freeze_casts_mean   | 1.89       |
|    medium/useful_rage_casts_mean     | 1.96       |
|    medium/wasted_spell_casts_mean    | 0          |
|    medium/wasted_spell_penalty_mean  | 0          |
| rollout/                             |            |
|    ep_len_mean                       | 65.2       |
|    ep_rew_mean                       | 1.28       |
| throughput/                          |            |
|    env_steps_per_sec                 | 211        |
|    episodes_per_sec                  | 2.33       |
| time/                                |            |
|    fps                               | 202        |
|    iterations                        | 16         |
|    time_elapsed                      | 2585       |
|    total_timesteps                   | 8552448    |
| train/                               |            |
|    approx_kl                         | 0.00863331 |
|    clip_fraction                     | 0.0498     |
|    clip_range                        | 0.2        |
|    entropy_loss                      | -4.12      |
|    explained_variance                | 0.904      |
|    learning_rate                     | 0.0001     |
|    loss                              | -0.0353    |
|    n_updates                         | 2600       |
|    policy_gradient_loss              | -0.0137    |
|    value_loss                        | 0.0621     |
-----------------------------------------------------
timesteps=8552512 | env_steps/sec=77.8 | episodes/sec=1.62 | gpu_util_mean=0% gpu_util_max=1% | gpu_mem_mean=2.3/47.8GB
timesteps=8553600 | env_steps/sec=211.1 | episodes/sec=3.69 | gpu_util_mean=0% gpu_util_max=1% | gpu_mem_mean=2.3/47.8GB
timesteps=8554688 | env_steps/sec=213.5 | episodes/sec=2.94 | gpu_util_mean=0% gpu_util_max=1% | gpu_mem_mean=2.3/47.8GB
timesteps=8555712 | env_steps/sec=202.7 | episodes/sec=2.38 | gpu_util_mean=1% gpu_util_max=1% | gpu_mem_mean=2.3/47.8GB
timesteps=8556800 | env_steps/sec=216.1 | episodes/sec=3.18 | gpu_util_mean=0% gpu_util_max=1% | gpu_mem_mean=2.3/47.8GB
timesteps=8557888 | env_steps/sec=211.6 | episodes/sec=4.67 | gpu_util_mean=0% gpu_util_max=0% | gpu_mem_mean=2.3/47.8GB
timesteps=8558976 | env_steps/sec=211.2 | episodes/sec=3.30 | gpu_util_mean=0% gpu_util_max=1% | gpu_mem_mean=2.3/47.8GB
timesteps=8560064 | env_steps/sec=216.8 | episodes/sec=2.99 | gpu_util_mean=0% gpu_util_max=0% | gpu_mem_mean=2.3/47.8GB
timesteps=8561152 | env_steps/sec=215.6 | episodes/sec=3.57 | gpu_util_mean=0% gpu_util_max=1% | gpu_mem_mean=2.3/47.8GB
timesteps=8562240 | env_steps/sec=206.2 | episodes/sec=3.60 | gpu_util_mean=0% gpu_util_max=1% | gpu_mem_mean=2.3/47.8GB
timesteps=8563264 | env_steps/sec=197.5 | episodes/sec=2.31 | gpu_util_mean=0% gpu_util_max=0% | gpu_mem_mean=2.3/47.8GB
timesteps=8564288 | env_steps/sec=202.2 | episodes/sec=2.57 | gpu_util_mean=0% gpu_util_max=1% | gpu_mem_mean=2.3/47.8GB
timesteps=8565440 | env_steps/sec=218.9 | episodes/sec=4.18 | gpu_util_mean=0% gpu_util_max=0% | gpu_mem_mean=2.3/47.8GB
timesteps=8566528 | env_steps/sec=210.3 | episodes/sec=4.06 | gpu_util_mean=0% gpu_util_max=1% | gpu_mem_mean=2.3/47.8GB
timesteps=8567552 | env_steps/sec=201.8 | episodes/sec=2.37 | gpu_util_mean=0% gpu_util_max=0% | gpu_mem_mean=2.3/47.8GB
timesteps=8568640 | env_steps/sec=205.8 | episodes/sec=2.46 | gpu_util_mean=0% gpu_util_max=1% | gpu_mem_mean=2.3/47.8GB
timesteps=8569728 | env_steps/sec=211.5 | episodes/sec=5.83 | gpu_util_mean=0% gpu_util_max=1% | gpu_mem_mean=2.3/47.8GB
timesteps=8570816 | env_steps/sec=205.1 | episodes/sec=2.45 | gpu_util_mean=0% gpu_util_max=0% | gpu_mem_mean=2.3/47.8GB
timesteps=8571840 | env_steps/sec=201.4 | episodes/sec=1.77 | gpu_util_mean=18% gpu_util_max=37% | gpu_mem_mean=2.3/47.8GB
timesteps=8572928 | env_steps/sec=206.9 | episodes/sec=3.61 | gpu_util_mean=0% gpu_util_max=0% | gpu_mem_mean=2.3/47.8GB
timesteps=8574016 | env_steps/sec=208.3 | episodes/sec=4.59 | gpu_util_mean=0% gpu_util_max=1% | gpu_mem_mean=2.3/47.8GB
timesteps=8575104 | env_steps/sec=209.1 | episodes/sec=1.73 | gpu_util_mean=0% gpu_util_max=0% | gpu_mem_mean=2.3/47.8GB
timesteps=8576128 | env_steps/sec=203.1 | episodes/sec=3.37 | gpu_util_mean=0% gpu_util_max=0% | gpu_mem_mean=2.3/47.8GB
timesteps=8577216 | env_steps/sec=213.1 | episodes/sec=4.70 | gpu_util_mean=0% gpu_util_max=0% | gpu_mem_mean=2.3/47.8GB
timesteps=8578304 | env_steps/sec=205.1 | episodes/sec=3.39 | gpu_util_mean=0% gpu_util_max=1% | gpu_mem_mean=2.3/47.8GB
timesteps=8579328 | env_steps/sec=196.3 | episodes/sec=1.73 | gpu_util_mean=0% gpu_util_max=0% | gpu_mem_mean=2.3/47.8GB
timesteps=8580416 | env_steps/sec=204.4 | episodes/sec=3.57 | gpu_util_mean=0% gpu_util_max=0% | gpu_mem_mean=2.3/47.8GB
timesteps=8581568 | env_steps/sec=218.4 | episodes/sec=4.93 | gpu_util_mean=0% gpu_util_max=0% | gpu_mem_mean=2.3/47.8GB
timesteps=8582592 | env_steps/sec=200.0 | episodes/sec=2.54 | gpu_util_mean=0% gpu_util_max=0% | gpu_mem_mean=2.3/47.8GB
timesteps=8583616 | env_steps/sec=199.3 | episodes/sec=2.14 | gpu_util_mean=0% gpu_util_max=1% | gpu_mem_mean=2.3/47.8GB
timesteps=8584640 | env_steps/sec=201.5 | episodes/sec=4.72 | gpu_util_mean=0% gpu_util_max=1% | gpu_mem_mean=2.3/47.8GB
------------------------------------------------------
| gpu/                                 |             |
|    gpu_count                         | 2           |
|    gpu_mem_total_gb_mean             | 47.8        |
|    gpu_mem_used_gb_mean              | 2.33        |
|    gpu_util_pct_max                  | 1           |
|    gpu_util_pct_mean                 | 0.5         |
| profile/                             |             |
|    hard/damage_mean                  | 0.334       |
|    hard/defense_damage_pct_mean      | 0.338       |
|    hard/defense_damage_reward_mean   | 0.0406      |
|    hard/defense_destroy_reward_mean  | 0.0116      |
|    hard/defenses_destroyed_mean      | 2.33        |
|    hard/ep_len_mean                  | 60.7        |
|    hard/ep_rew_mean                  | 0.602       |
|    hard/episodes_window              | 200         |
|    hard/freeze_casts_mean            | 1.99        |
|    hard/freeze_effect_reward_mean    | 0.0719      |
|    hard/frozen_threat_damage_pct_... | 0.0624      |
|    hard/frozen_threat_ticks_mean     | 59.6        |
|    hard/objective_shaping_reward_... | 0.0727      |
|    hard/p_all_spells_used            | 0.99        |
|    hard/p_damage_ge_90               | 0           |
|    hard/p_stars_ge_2                 | 0.055       |
|    hard/rage_bonus_damage_pct_mean   | 0.00915     |
|    hard/rage_bonus_defense_damage... | 0.0072      |
|    hard/rage_bonus_townhall_damag... | 0.0147      |
|    hard/rage_casts_mean              | 2           |
|    hard/rage_effect_reward_mean      | 0.0032      |
|    hard/score_mean                   | 0.514       |
|    hard/spell_casts_mean             | 3.99        |
|    hard/spell_shaping_reward_mean    | 0.0748      |
|    hard/spells_remaining_mean        | 0.01        |
|    hard/stars_mean                   | 0.18        |
|    hard/ticks_mean                   | 602         |
|    hard/townhall_damage_pct_mean     | 0.163       |
|    hard/townhall_damage_reward_mean  | 0.0163      |
|    hard/townhall_destroy_reward_mean | 0.00425     |
|    hard/townhall_destroyed_rate      | 0.085       |
|    hard/truncated_rate               | 0.005       |
|    hard/unused_spell_penalty_mean    | 0.0003      |
|    hard/useful_freeze_casts_mean     | 1.99        |
|    hard/useful_rage_casts_mean       | 2           |
|    hard/wasted_spell_casts_mean      | 0           |
|    hard/wasted_spell_penalty_mean    | 0           |
|    medium/damage_mean                | 0.848       |
|    medium/defense_damage_pct_mean    | 0.788       |
|    medium/defense_damage_reward_mean | 0.0945      |
|    medium/defense_destroy_reward_... | 0.0183      |
|    medium/defenses_destroyed_mean    | 3.65        |
|    medium/ep_len_mean                | 69.5        |
|    medium/ep_rew_mean                | 3.28        |
|    medium/episodes_window            | 200         |
|    medium/freeze_casts_mean          | 1.9         |
|    medium/freeze_effect_reward_mean  | 0.0571      |
|    medium/frozen_threat_damage_pc... | 0.0504      |
|    medium/frozen_threat_ticks_mean   | 44          |
|    medium/objective_shaping_rewar... | 0.245       |
|    medium/p_all_spells_used          | 0.91        |
|    medium/p_damage_ge_90             | 0.52        |
|    medium/p_stars_ge_2               | 0.87        |
|    medium/rage_bonus_damage_pct_mean | 0.03        |
|    medium/rage_bonus_defense_dama... | 0.0157      |
|    medium/rage_bonus_townhall_dam... | 0.0774      |
|    medium/rage_casts_mean            | 1.94        |
|    medium/rage_effect_reward_mean    | 0.0105      |
|    medium/score_mean                 | 3.04        |
|    medium/spell_casts_mean           | 3.83        |
|    medium/spell_shaping_reward_mean  | 0.0625      |
|    medium/spells_remaining_mean      | 0.17        |
|    medium/stars_mean                 | 2.19        |
|    medium/ticks_mean                 | 691         |
|    medium/townhall_damage_pct_mean   | 0.889       |
|    medium/townhall_damage_reward_... | 0.0889      |
|    medium/townhall_destroy_reward... | 0.0435      |
|    medium/townhall_destroyed_rate    | 0.87        |
|    medium/truncated_rate             | 0.1         |
|    medium/unused_spell_penalty_mean  | 0.0051      |
|    medium/useful_freeze_casts_mean   | 1.9         |
|    medium/useful_rage_casts_mean     | 1.94        |
|    medium/wasted_spell_casts_mean    | 0           |
|    medium/wasted_spell_penalty_mean  | 0           |
| rollout/                             |             |
|    ep_len_mean                       | 61.3        |
|    ep_rew_mean                       | 1.3         |
| throughput/                          |             |
|    env_steps_per_sec                 | 201         |
|    episodes_per_sec                  | 4.72        |
| time/                                |             |
|    fps                               | 202         |
|    iterations                        | 17          |
|    time_elapsed                      | 2748        |
|    total_timesteps                   | 8585216     |
| train/                               |             |
|    approx_kl                         | 0.008589923 |
|    clip_fraction                     | 0.0601      |
|    clip_range                        | 0.2         |
|    entropy_loss                      | -4.09       |
|    explained_variance                | 0.917       |
|    learning_rate                     | 0.0001      |
|    loss                              | -0.0442     |
|    n_updates                         | 2610        |
|    policy_gradient_loss              | -0.015      |
|    value_loss                        | 0.0536      |
------------------------------------------------------
timesteps=8585280 | env_steps/sec=83.4 | episodes/sec=1.82 | gpu_util_mean=18% gpu_util_max=37% | gpu_mem_mean=2.3/47.8GB
timesteps=8586368 | env_steps/sec=217.5 | episodes/sec=2.60 | gpu_util_mean=0% gpu_util_max=0% | gpu_mem_mean=2.3/47.8GB
timesteps=8587456 | env_steps/sec=207.1 | episodes/sec=2.09 | gpu_util_mean=0% gpu_util_max=0% | gpu_mem_mean=2.3/47.8GB
timesteps=8588544 | env_steps/sec=215.3 | episodes/sec=4.75 | gpu_util_mean=0% gpu_util_max=0% | gpu_mem_mean=2.3/47.8GB
timesteps=8589632 | env_steps/sec=208.4 | episodes/sec=3.64 | gpu_util_mean=0% gpu_util_max=1% | gpu_mem_mean=2.3/47.8GB
timesteps=8590720 | env_steps/sec=208.6 | episodes/sec=1.92 | gpu_util_mean=0% gpu_util_max=0% | gpu_mem_mean=2.3/47.8GB
timesteps=8591808 | env_steps/sec=209.5 | episodes/sec=4.04 | gpu_util_mean=0% gpu_util_max=0% | gpu_mem_mean=2.3/47.8GB
timesteps=8592960 | env_steps/sec=217.0 | episodes/sec=3.39 | gpu_util_mean=0% gpu_util_max=1% | gpu_mem_mean=2.3/47.8GB
timesteps=8594048 | env_steps/sec=210.7 | episodes/sec=3.49 | gpu_util_mean=0% gpu_util_max=1% | gpu_mem_mean=2.3/47.8GB
timesteps=8595136 | env_steps/sec=206.0 | episodes/sec=2.65 | gpu_util_mean=0% gpu_util_max=0% | gpu_mem_mean=2.3/47.8GB
timesteps=8596224 | env_steps/sec=209.6 | episodes/sec=3.66 | gpu_util_mean=0% gpu_util_max=1% | gpu_mem_mean=2.3/47.8GB
timesteps=8597312 | env_steps/sec=207.1 | episodes/sec=3.24 | gpu_util_mean=0% gpu_util_max=1% | gpu_mem_mean=2.3/47.8GB
timesteps=8598336 | env_steps/sec=199.9 | episodes/sec=2.34 | gpu_util_mean=0% gpu_util_max=1% | gpu_mem_mean=2.3/47.8GB
timesteps=8599424 | env_steps/sec=208.4 | episodes/sec=4.21 | gpu_util_mean=0% gpu_util_max=1% | gpu_mem_mean=2.3/47.8GB
timesteps=8600512 | env_steps/sec=217.5 | episodes/sec=4.00 | gpu_util_mean=1% gpu_util_max=1% | gpu_mem_mean=2.3/47.8GB
timesteps=8601536 | env_steps/sec=201.3 | episodes/sec=2.36 | gpu_util_mean=0% gpu_util_max=1% | gpu_mem_mean=2.3/47.8GB
timesteps=8602624 | env_steps/sec=209.1 | episodes/sec=3.07 | gpu_util_mean=1% gpu_util_max=1% | gpu_mem_mean=2.3/47.8GB
timesteps=8603712 | env_steps/sec=204.6 | episodes/sec=3.20 | gpu_util_mean=0% gpu_util_max=1% | gpu_mem_mean=2.3/47.8GB
timesteps=8604864 | env_steps/sec=225.3 | episodes/sec=3.72 | gpu_util_mean=18% gpu_util_max=37% | gpu_mem_mean=2.3/47.8GB
timesteps=8605888 | env_steps/sec=195.8 | episodes/sec=3.06 | gpu_util_mean=0% gpu_util_max=0% | gpu_mem_mean=2.3/47.8GB
timesteps=8606976 | env_steps/sec=210.8 | episodes/sec=3.29 | gpu_util_mean=0% gpu_util_max=0% | gpu_mem_mean=2.3/47.8GB
timesteps=8608000 | env_steps/sec=203.0 | episodes/sec=2.78 | gpu_util_mean=0% gpu_util_max=0% | gpu_mem_mean=2.3/47.8GB
timesteps=8609088 | env_steps/sec=207.2 | episodes/sec=4.19 | gpu_util_mean=0% gpu_util_max=0% | gpu_mem_mean=2.3/47.8GB
timesteps=8610112 | env_steps/sec=194.3 | episodes/sec=2.09 | gpu_util_mean=0% gpu_util_max=1% | gpu_mem_mean=2.3/47.8GB
timesteps=8611136 | env_steps/sec=202.1 | episodes/sec=2.76 | gpu_util_mean=0% gpu_util_max=1% | gpu_mem_mean=2.3/47.8GB
timesteps=8612224 | env_steps/sec=214.2 | episodes/sec=3.15 | gpu_util_mean=1% gpu_util_max=1% | gpu_mem_mean=2.3/47.8GB
timesteps=8613376 | env_steps/sec=225.5 | episodes/sec=4.11 | gpu_util_mean=0% gpu_util_max=0% | gpu_mem_mean=2.3/47.8GB
timesteps=8614400 | env_steps/sec=198.8 | episodes/sec=3.30 | gpu_util_mean=0% gpu_util_max=1% | gpu_mem_mean=2.3/47.8GB
timesteps=8615424 | env_steps/sec=198.5 | episodes/sec=3.10 | gpu_util_mean=0% gpu_util_max=1% | gpu_mem_mean=2.3/47.8GB
timesteps=8616512 | env_steps/sec=206.2 | episodes/sec=3.79 | gpu_util_mean=0% gpu_util_max=0% | gpu_mem_mean=2.3/47.8GB
timesteps=8617536 | env_steps/sec=203.0 | episodes/sec=1.78 | gpu_util_mean=0% gpu_util_max=0% | gpu_mem_mean=2.3/47.8GB
------------------------------------------------------
| gpu/                                 |             |
|    gpu_count                         | 2           |
|    gpu_mem_total_gb_mean             | 47.8        |
|    gpu_mem_used_gb_mean              | 2.33        |
|    gpu_util_pct_max                  | 0           |
|    gpu_util_pct_mean                 | 0           |
| profile/                             |             |
|    hard/damage_mean                  | 0.338       |
|    hard/defense_damage_pct_mean      | 0.338       |
|    hard/defense_damage_reward_mean   | 0.0406      |
|    hard/defense_destroy_reward_mean  | 0.0114      |
|    hard/defenses_destroyed_mean      | 2.29        |
|    hard/ep_len_mean                  | 61.7        |
|    hard/ep_rew_mean                  | 0.566       |
|    hard/episodes_window              | 200         |
|    hard/freeze_casts_mean            | 2           |
|    hard/freeze_effect_reward_mean    | 0.0736      |
|    hard/frozen_threat_damage_pct_... | 0.0638      |
|    hard/frozen_threat_ticks_mean     | 61.1        |
|    hard/objective_shaping_reward_... | 0.072       |
|    hard/p_all_spells_used            | 1           |
|    hard/p_damage_ge_90               | 0           |
|    hard/p_stars_ge_2                 | 0.035       |
|    hard/rage_bonus_damage_pct_mean   | 0.00973     |
|    hard/rage_bonus_defense_damage... | 0.00689     |
|    hard/rage_bonus_townhall_damag... | 0.0129      |
|    hard/rage_casts_mean              | 2           |
|    hard/rage_effect_reward_mean      | 0.00341     |
|    hard/score_mean                   | 0.478       |
|    hard/spell_casts_mean             | 4           |
|    hard/spell_shaping_reward_mean    | 0.077       |
|    hard/spells_remaining_mean        | 0           |
|    hard/stars_mean                   | 0.14        |
|    hard/ticks_mean                   | 613         |
|    hard/townhall_damage_pct_mean     | 0.159       |
|    hard/townhall_damage_reward_mean  | 0.0159      |
|    hard/townhall_destroy_reward_mean | 0.004       |
|    hard/townhall_destroyed_rate      | 0.08        |
|    hard/truncated_rate               | 0.02        |
|    hard/unused_spell_penalty_mean    | 0           |
|    hard/useful_freeze_casts_mean     | 2           |
|    hard/useful_rage_casts_mean       | 2           |
|    hard/wasted_spell_casts_mean      | 0           |
|    hard/wasted_spell_penalty_mean    | 0           |
|    medium/damage_mean                | 0.833       |
|    medium/defense_damage_pct_mean    | 0.77        |
|    medium/defense_damage_reward_mean | 0.0924      |
|    medium/defense_destroy_reward_... | 0.0178      |
|    medium/defenses_destroyed_mean    | 3.56        |
|    medium/ep_len_mean                | 69.7        |
|    medium/ep_rew_mean                | 3.2         |
|    medium/episodes_window            | 200         |
|    medium/freeze_casts_mean          | 1.89        |
|    medium/freeze_effect_reward_mean  | 0.0553      |
|    medium/frozen_threat_damage_pc... | 0.0483      |
|    medium/frozen_threat_ticks_mean   | 41.3        |
|    medium/objective_shaping_rewar... | 0.241       |
|    medium/p_all_spells_used          | 0.91        |
|    medium/p_damage_ge_90             | 0.49        |
|    medium/p_stars_ge_2               | 0.85        |
|    medium/rage_bonus_damage_pct_mean | 0.0306      |
|    medium/rage_bonus_defense_dama... | 0.0139      |
|    medium/rage_bonus_townhall_dam... | 0.079       |
|    medium/rage_casts_mean            | 1.94        |
|    medium/rage_effect_reward_mean    | 0.0107      |
|    medium/score_mean                 | 2.96        |
|    medium/spell_casts_mean           | 3.83        |
|    medium/spell_shaping_reward_mean  | 0.0607      |
|    medium/spells_remaining_mean      | 0.175       |
|    medium/stars_mean                 | 2.13        |
|    medium/ticks_mean                 | 693         |
|    medium/townhall_damage_pct_mean   | 0.879       |
|    medium/townhall_damage_reward_... | 0.0879      |
|    medium/townhall_destroy_reward... | 0.0427      |
|    medium/townhall_destroyed_rate    | 0.855       |
|    medium/truncated_rate             | 0.13        |
|    medium/unused_spell_penalty_mean  | 0.00525     |
|    medium/useful_freeze_casts_mean   | 1.89        |
|    medium/useful_rage_casts_mean     | 1.94        |
|    medium/wasted_spell_casts_mean    | 0           |
|    medium/wasted_spell_penalty_mean  | 0           |
| rollout/                             |             |
|    ep_len_mean                       | 64.2        |
|    ep_rew_mean                       | 1.04        |
| throughput/                          |             |
|    env_steps_per_sec                 | 203         |
|    episodes_per_sec                  | 1.78        |
| time/                                |             |
|    fps                               | 202         |
|    iterations                        | 18          |
|    time_elapsed                      | 2910        |
|    total_timesteps                   | 8617984     |
| train/                               |             |
|    approx_kl                         | 0.008585714 |
|    clip_fraction                     | 0.0421      |
|    clip_range                        | 0.2         |
|    entropy_loss                      | -4.1        |
|    explained_variance                | 0.904       |
|    learning_rate                     | 0.0001      |
|    loss                              | -0.0343     |
|    n_updates                         | 2620        |
|    policy_gradient_loss              | -0.0138     |
|    value_loss                        | 0.0629      |
------------------------------------------------------
timesteps=8618048 | env_steps/sec=72.2 | episodes/sec=2.12 | gpu_util_mean=14% gpu_util_max=28% | gpu_mem_mean=2.3/47.8GB
timesteps=8619200 | env_steps/sec=221.7 | episodes/sec=4.04 | gpu_util_mean=0% gpu_util_max=1% | gpu_mem_mean=2.3/47.8GB
timesteps=8620288 | env_steps/sec=207.7 | episodes/sec=2.67 | gpu_util_mean=0% gpu_util_max=0% | gpu_mem_mean=2.3/47.8GB
timesteps=8621376 | env_steps/sec=206.4 | episodes/sec=2.85 | gpu_util_mean=0% gpu_util_max=1% | gpu_mem_mean=2.3/47.8GB
timesteps=8622400 | env_steps/sec=201.1 | episodes/sec=3.14 | gpu_util_mean=0% gpu_util_max=0% | gpu_mem_mean=2.3/47.8GB
timesteps=8623488 | env_steps/sec=208.7 | episodes/sec=3.26 | gpu_util_mean=0% gpu_util_max=0% | gpu_mem_mean=2.3/47.8GB
timesteps=8624576 | env_steps/sec=210.3 | episodes/sec=3.48 | gpu_util_mean=0% gpu_util_max=0% | gpu_mem_mean=2.3/47.8GB
timesteps=8625728 | env_steps/sec=218.0 | episodes/sec=3.22 | gpu_util_mean=0% gpu_util_max=0% | gpu_mem_mean=2.3/47.8GB
timesteps=8626752 | env_steps/sec=200.8 | episodes/sec=4.12 | gpu_util_mean=0% gpu_util_max=0% | gpu_mem_mean=2.3/47.8GB
timesteps=8627776 | env_steps/sec=202.2 | episodes/sec=1.78 | gpu_util_mean=1% gpu_util_max=1% | gpu_mem_mean=2.3/47.8GB
timesteps=8628864 | env_steps/sec=209.1 | episodes/sec=4.42 | gpu_util_mean=0% gpu_util_max=0% | gpu_mem_mean=2.3/47.8GB
timesteps=8630016 | env_steps/sec=217.4 | episodes/sec=2.83 | gpu_util_mean=0% gpu_util_max=0% | gpu_mem_mean=2.3/47.8GB
timesteps=8631104 | env_steps/sec=212.3 | episodes/sec=3.71 | gpu_util_mean=1% gpu_util_max=1% | gpu_mem_mean=2.3/47.8GB
timesteps=8632256 | env_steps/sec=224.2 | episodes/sec=3.11 | gpu_util_mean=1% gpu_util_max=1% | gpu_mem_mean=2.3/47.8GB
timesteps=8633344 | env_steps/sec=215.2 | episodes/sec=3.56 | gpu_util_mean=0% gpu_util_max=0% | gpu_mem_mean=2.3/47.8GB
timesteps=8634368 | env_steps/sec=201.5 | episodes/sec=2.95 | gpu_util_mean=0% gpu_util_max=0% | gpu_mem_mean=2.3/47.8GB
timesteps=8635456 | env_steps/sec=209.3 | episodes/sec=3.65 | gpu_util_mean=0% gpu_util_max=1% | gpu_mem_mean=2.3/47.8GB
timesteps=8636480 | env_steps/sec=203.1 | episodes/sec=4.16 | gpu_util_mean=0% gpu_util_max=1% | gpu_mem_mean=2.3/47.8GB
timesteps=8637568 | env_steps/sec=211.6 | episodes/sec=2.33 | gpu_util_mean=1% gpu_util_max=1% | gpu_mem_mean=2.3/47.8GB
timesteps=8638656 | env_steps/sec=209.8 | episodes/sec=2.70 | gpu_util_mean=0% gpu_util_max=0% | gpu_mem_mean=2.3/47.8GB
timesteps=8639744 | env_steps/sec=210.1 | episodes/sec=4.06 | gpu_util_mean=1% gpu_util_max=1% | gpu_mem_mean=2.3/47.8GB
timesteps=8640832 | env_steps/sec=206.6 | episodes/sec=3.04 | gpu_util_mean=0% gpu_util_max=0% | gpu_mem_mean=2.3/47.8GB
timesteps=8641856 | env_steps/sec=202.4 | episodes/sec=2.57 | gpu_util_mean=0% gpu_util_max=1% | gpu_mem_mean=2.3/47.8GB
timesteps=8642944 | env_steps/sec=210.1 | episodes/sec=4.25 | gpu_util_mean=0% gpu_util_max=0% | gpu_mem_mean=2.3/47.8GB
timesteps=8644032 | env_steps/sec=212.8 | episodes/sec=3.52 | gpu_util_mean=1% gpu_util_max=1% | gpu_mem_mean=2.3/47.8GB
timesteps=8645056 | env_steps/sec=203.8 | episodes/sec=2.19 | gpu_util_mean=0% gpu_util_max=1% | gpu_mem_mean=2.3/47.8GB
timesteps=8646080 | env_steps/sec=201.2 | episodes/sec=3.54 | gpu_util_mean=1% gpu_util_max=1% | gpu_mem_mean=2.3/47.8GB
timesteps=8647168 | env_steps/sec=207.1 | episodes/sec=4.00 | gpu_util_mean=0% gpu_util_max=1% | gpu_mem_mean=2.3/47.8GB
timesteps=8648256 | env_steps/sec=213.6 | episodes/sec=3.14 | gpu_util_mean=0% gpu_util_max=1% | gpu_mem_mean=2.3/47.8GB
timesteps=8649280 | env_steps/sec=195.0 | episodes/sec=2.48 | gpu_util_mean=0% gpu_util_max=1% | gpu_mem_mean=2.3/47.8GB
timesteps=8650368 | env_steps/sec=217.0 | episodes/sec=3.39 | gpu_util_mean=0% gpu_util_max=1% | gpu_mem_mean=2.3/47.8GB
------------------------------------------------------
| gpu/                                 |             |
|    gpu_count                         | 2           |
|    gpu_mem_total_gb_mean             | 47.8        |
|    gpu_mem_used_gb_mean              | 2.33        |
|    gpu_util_pct_max                  | 1           |
|    gpu_util_pct_mean                 | 0.5         |
| profile/                             |             |
|    hard/damage_mean                  | 0.348       |
|    hard/defense_damage_pct_mean      | 0.344       |
|    hard/defense_damage_reward_mean   | 0.0413      |
|    hard/defense_destroy_reward_mean  | 0.0118      |
|    hard/defenses_destroyed_mean      | 2.37        |
|    hard/ep_len_mean                  | 61.5        |
|    hard/ep_rew_mean                  | 0.665       |
|    hard/episodes_window              | 200         |
|    hard/freeze_casts_mean            | 1.99        |
|    hard/freeze_effect_reward_mean    | 0.0749      |
|    hard/frozen_threat_damage_pct_... | 0.0661      |
|    hard/frozen_threat_ticks_mean     | 62.9        |
|    hard/objective_shaping_reward_... | 0.0802      |
|    hard/p_all_spells_used            | 0.99        |
|    hard/p_damage_ge_90               | 0           |
|    hard/p_stars_ge_2                 | 0.07        |
|    hard/rage_bonus_damage_pct_mean   | 0.00934     |
|    hard/rage_bonus_defense_damage... | 0.00676     |
|    hard/rage_bonus_townhall_damag... | 0.0172      |
|    hard/rage_casts_mean              | 2           |
|    hard/rage_effect_reward_mean      | 0.00327     |
|    hard/score_mean                   | 0.568       |
|    hard/spell_casts_mean             | 3.98        |
|    hard/spell_shaping_reward_mean    | 0.0777      |
|    hard/spells_remaining_mean        | 0.015       |
|    hard/stars_mean                   | 0.22        |
|    hard/ticks_mean                   | 610         |
|    hard/townhall_damage_pct_mean     | 0.203       |
|    hard/townhall_damage_reward_mean  | 0.0203      |
|    hard/townhall_destroy_reward_mean | 0.00675     |
|    hard/townhall_destroyed_rate      | 0.135       |
|    hard/truncated_rate               | 0.01        |
|    hard/unused_spell_penalty_mean    | 0.00045     |
|    hard/useful_freeze_casts_mean     | 1.99        |
|    hard/useful_rage_casts_mean       | 2           |
|    hard/wasted_spell_casts_mean      | 0           |
|    hard/wasted_spell_penalty_mean    | 0           |
|    medium/damage_mean                | 0.834       |
|    medium/defense_damage_pct_mean    | 0.78        |
|    medium/defense_damage_reward_mean | 0.0937      |
|    medium/defense_destroy_reward_... | 0.0179      |
|    medium/defenses_destroyed_mean    | 3.58        |
|    medium/ep_len_mean                | 71.1        |
|    medium/ep_rew_mean                | 3.2         |
|    medium/episodes_window            | 200         |
|    medium/freeze_casts_mean          | 1.97        |
|    medium/freeze_effect_reward_mean  | 0.0598      |
|    medium/frozen_threat_damage_pc... | 0.0527      |
|    medium/frozen_threat_ticks_mean   | 45.1        |
|    medium/objective_shaping_rewar... | 0.244       |
|    medium/p_all_spells_used          | 0.97        |
|    medium/p_damage_ge_90             | 0.47        |
|    medium/p_stars_ge_2               | 0.86        |
|    medium/rage_bonus_damage_pct_mean | 0.0329      |
|    medium/rage_bonus_defense_dama... | 0.0147      |
|    medium/rage_bonus_townhall_dam... | 0.0877      |
|    medium/rage_casts_mean            | 1.98        |
|    medium/rage_effect_reward_mean    | 0.0115      |
|    medium/score_mean                 | 2.96        |
|    medium/spell_casts_mean           | 3.94        |
|    medium/spell_shaping_reward_mean  | 0.0695      |
|    medium/spells_remaining_mean      | 0.06        |
|    medium/stars_mean                 | 2.12        |
|    medium/ticks_mean                 | 707         |
|    medium/townhall_damage_pct_mean   | 0.897       |
|    medium/townhall_damage_reward_... | 0.0897      |
|    medium/townhall_destroy_reward... | 0.0432      |
|    medium/townhall_destroyed_rate    | 0.865       |
|    medium/truncated_rate             | 0.135       |
|    medium/unused_spell_penalty_mean  | 0.0018      |
|    medium/useful_freeze_casts_mean   | 1.97        |
|    medium/useful_rage_casts_mean     | 1.98        |
|    medium/wasted_spell_casts_mean    | 0           |
|    medium/wasted_spell_penalty_mean  | 0           |
| rollout/                             |             |
|    ep_len_mean                       | 63.8        |
|    ep_rew_mean                       | 1.34        |
| throughput/                          |             |
|    env_steps_per_sec                 | 217         |
|    episodes_per_sec                  | 3.39        |
| time/                                |             |
|    fps                               | 202         |
|    iterations                        | 19          |
|    time_elapsed                      | 3071        |
|    total_timesteps                   | 8650752     |
| train/                               |             |
|    approx_kl                         | 0.008607323 |
|    clip_fraction                     | 0.0499      |
|    clip_range                        | 0.2         |
|    entropy_loss                      | -4.1        |
|    explained_variance                | 0.904       |
|    learning_rate                     | 0.0001      |
|    loss                              | -0.0387     |
|    n_updates                         | 2630        |
|    policy_gradient_loss              | -0.014      |
|    value_loss                        | 0.0581      |
------------------------------------------------------
timesteps=8650816 | env_steps/sec=66.7 | episodes/sec=1.19 | gpu_util_mean=0% gpu_util_max=1% | gpu_mem_mean=2.3/47.8GB
timesteps=8651840 | env_steps/sec=203.4 | episodes/sec=4.37 | gpu_util_mean=0% gpu_util_max=1% | gpu_mem_mean=2.3/47.8GB
timesteps=8652864 | env_steps/sec=204.1 | episodes/sec=1.99 | gpu_util_mean=0% gpu_util_max=1% | gpu_mem_mean=2.3/47.8GB
timesteps=8653952 | env_steps/sec=212.8 | episodes/sec=3.52 | gpu_util_mean=0% gpu_util_max=0% | gpu_mem_mean=2.3/47.8GB
timesteps=8655040 | env_steps/sec=207.3 | episodes/sec=3.81 | gpu_util_mean=0% gpu_util_max=0% | gpu_mem_mean=2.3/47.8GB
timesteps=8656128 | env_steps/sec=211.3 | episodes/sec=3.30 | gpu_util_mean=0% gpu_util_max=1% | gpu_mem_mean=2.3/47.8GB
timesteps=8657152 | env_steps/sec=201.6 | episodes/sec=2.56 | gpu_util_mean=1% gpu_util_max=1% | gpu_mem_mean=2.3/47.8GB
timesteps=8658240 | env_steps/sec=207.1 | episodes/sec=4.00 | gpu_util_mean=1% gpu_util_max=1% | gpu_mem_mean=2.3/47.8GB
timesteps=8659328 | env_steps/sec=206.4 | episodes/sec=3.22 | gpu_util_mean=0% gpu_util_max=0% | gpu_mem_mean=2.3/47.8GB
timesteps=8660416 | env_steps/sec=205.0 | episodes/sec=2.45 | gpu_util_mean=0% gpu_util_max=1% | gpu_mem_mean=2.3/47.8GB
timesteps=8661504 | env_steps/sec=216.8 | episodes/sec=3.79 | gpu_util_mean=0% gpu_util_max=0% | gpu_mem_mean=2.3/47.8GB
timesteps=8662656 | env_steps/sec=219.7 | episodes/sec=3.81 | gpu_util_mean=0% gpu_util_max=1% | gpu_mem_mean=2.3/47.8GB
timesteps=8663744 | env_steps/sec=211.1 | episodes/sec=3.69 | gpu_util_mean=0% gpu_util_max=1% | gpu_mem_mean=2.3/47.8GB
timesteps=8664896 | env_steps/sec=223.7 | episodes/sec=2.52 | gpu_util_mean=1% gpu_util_max=1% | gpu_mem_mean=2.3/47.8GB
timesteps=8666048 | env_steps/sec=221.8 | episodes/sec=4.43 | gpu_util_mean=0% gpu_util_max=1% | gpu_mem_mean=2.3/47.8GB
timesteps=8667136 | env_steps/sec=208.3 | episodes/sec=3.06 | gpu_util_mean=0% gpu_util_max=1% | gpu_mem_mean=2.3/47.8GB
timesteps=8668160 | env_steps/sec=203.8 | episodes/sec=3.18 | gpu_util_mean=0% gpu_util_max=0% | gpu_mem_mean=2.3/47.8GB
timesteps=8669248 | env_steps/sec=213.4 | episodes/sec=3.14 | gpu_util_mean=17% gpu_util_max=33% | gpu_mem_mean=2.3/47.8GB
timesteps=8670336 | env_steps/sec=216.4 | episodes/sec=3.58 | gpu_util_mean=0% gpu_util_max=1% | gpu_mem_mean=2.3/47.8GB
timesteps=8671360 | env_steps/sec=201.7 | episodes/sec=4.14 | gpu_util_mean=0% gpu_util_max=1% | gpu_mem_mean=2.3/47.8GB
timesteps=8672448 | env_steps/sec=206.9 | episodes/sec=2.47 | gpu_util_mean=1% gpu_util_max=1% | gpu_mem_mean=2.3/47.8GB
timesteps=8673472 | env_steps/sec=200.4 | episodes/sec=3.33 | gpu_util_mean=0% gpu_util_max=1% | gpu_mem_mean=2.3/47.8GB
timesteps=8674560 | env_steps/sec=208.7 | episodes/sec=2.88 | gpu_util_mean=0% gpu_util_max=0% | gpu_mem_mean=2.3/47.8GB
timesteps=8675648 | env_steps/sec=208.9 | episodes/sec=3.65 | gpu_util_mean=0% gpu_util_max=0% | gpu_mem_mean=2.3/47.8GB
timesteps=8676736 | env_steps/sec=213.5 | episodes/sec=4.51 | gpu_util_mean=0% gpu_util_max=1% | gpu_mem_mean=2.3/47.8GB
timesteps=8677824 | env_steps/sec=210.8 | episodes/sec=1.94 | gpu_util_mean=0% gpu_util_max=0% | gpu_mem_mean=2.3/47.8GB
timesteps=8678912 | env_steps/sec=213.2 | episodes/sec=3.33 | gpu_util_mean=0% gpu_util_max=1% | gpu_mem_mean=2.3/47.8GB
timesteps=8680000 | env_steps/sec=215.8 | episodes/sec=4.56 | gpu_util_mean=0% gpu_util_max=1% | gpu_mem_mean=2.3/47.8GB
timesteps=8681088 | env_steps/sec=215.2 | episodes/sec=2.57 | gpu_util_mean=0% gpu_util_max=1% | gpu_mem_mean=2.3/47.8GB
timesteps=8682112 | env_steps/sec=203.1 | episodes/sec=2.38 | gpu_util_mean=0% gpu_util_max=1% | gpu_mem_mean=2.3/47.8GB
timesteps=8683200 | env_steps/sec=216.9 | episodes/sec=4.39 | gpu_util_mean=0% gpu_util_max=0% | gpu_mem_mean=2.3/47.8GB
------------------------------------------------------
| gpu/                                 |             |
|    gpu_count                         | 2           |
|    gpu_mem_total_gb_mean             | 47.8        |
|    gpu_mem_used_gb_mean              | 2.33        |
|    gpu_util_pct_max                  | 0           |
|    gpu_util_pct_mean                 | 0           |
| profile/                             |             |
|    hard/damage_mean                  | 0.334       |
|    hard/defense_damage_pct_mean      | 0.335       |
|    hard/defense_damage_reward_mean   | 0.0402      |
|    hard/defense_destroy_reward_mean  | 0.0115      |
|    hard/defenses_destroyed_mean      | 2.29        |
|    hard/ep_len_mean                  | 61.2        |
|    hard/ep_rew_mean                  | 0.626       |
|    hard/episodes_window              | 200         |
|    hard/freeze_casts_mean            | 2           |
|    hard/freeze_effect_reward_mean    | 0.072       |
|    hard/frozen_threat_damage_pct_... | 0.0638      |
|    hard/frozen_threat_ticks_mean     | 60.8        |
|    hard/objective_shaping_reward_... | 0.0772      |
|    hard/p_all_spells_used            | 1           |
|    hard/p_damage_ge_90               | 0           |
|    hard/p_stars_ge_2                 | 0.045       |
|    hard/rage_bonus_damage_pct_mean   | 0.00965     |
|    hard/rage_bonus_defense_damage... | 0.00679     |
|    hard/rage_bonus_townhall_damag... | 0.0177      |
|    hard/rage_casts_mean              | 2           |
|    hard/rage_effect_reward_mean      | 0.00338     |
|    hard/score_mean                   | 0.534       |
|    hard/spell_casts_mean             | 4           |
|    hard/spell_shaping_reward_mean    | 0.0754      |
|    hard/spells_remaining_mean        | 0           |
|    hard/stars_mean                   | 0.2         |
|    hard/ticks_mean                   | 607         |
|    hard/townhall_damage_pct_mean     | 0.19        |
|    hard/townhall_damage_reward_mean  | 0.019       |
|    hard/townhall_destroy_reward_mean | 0.0065      |
|    hard/townhall_destroyed_rate      | 0.13        |
|    hard/truncated_rate               | 0.005       |
|    hard/unused_spell_penalty_mean    | 0           |
|    hard/useful_freeze_casts_mean     | 2           |
|    hard/useful_rage_casts_mean       | 2           |
|    hard/wasted_spell_casts_mean      | 0           |
|    hard/wasted_spell_penalty_mean    | 0           |
|    medium/damage_mean                | 0.855       |
|    medium/defense_damage_pct_mean    | 0.803       |
|    medium/defense_damage_reward_mean | 0.0964      |
|    medium/defense_destroy_reward_... | 0.0186      |
|    medium/defenses_destroyed_mean    | 3.73        |
|    medium/ep_len_mean                | 69.2        |
|    medium/ep_rew_mean                | 3.36        |
|    medium/episodes_window            | 200         |
|    medium/freeze_casts_mean          | 1.93        |
|    medium/freeze_effect_reward_mean  | 0.0574      |
|    medium/frozen_threat_damage_pc... | 0.0511      |
|    medium/frozen_threat_ticks_mean   | 44.5        |
|    medium/objective_shaping_rewar... | 0.255       |
|    medium/p_all_spells_used          | 0.94        |
|    medium/p_damage_ge_90             | 0.52        |
|    medium/p_stars_ge_2               | 0.925       |
|    medium/rage_bonus_damage_pct_mean | 0.0337      |
|    medium/rage_bonus_defense_dama... | 0.0153      |
|    medium/rage_bonus_townhall_dam... | 0.0937      |
|    medium/rage_casts_mean            | 1.96        |
|    medium/rage_effect_reward_mean    | 0.0118      |
|    medium/score_mean                 | 3.11        |
|    medium/spell_casts_mean           | 3.89        |
|    medium/spell_shaping_reward_mean  | 0.0659      |
|    medium/spells_remaining_mean      | 0.11        |
|    medium/stars_mean                 | 2.25        |
|    medium/ticks_mean                 | 688         |
|    medium/townhall_damage_pct_mean   | 0.94        |
|    medium/townhall_damage_reward_... | 0.094       |
|    medium/townhall_destroy_reward... | 0.0462      |
|    medium/townhall_destroyed_rate    | 0.925       |
|    medium/truncated_rate             | 0.11        |
|    medium/unused_spell_penalty_mean  | 0.0033      |
|    medium/useful_freeze_casts_mean   | 1.93        |
|    medium/useful_rage_casts_mean     | 1.96        |
|    medium/wasted_spell_casts_mean    | 0           |
|    medium/wasted_spell_penalty_mean  | 0           |
| rollout/                             |             |
|    ep_len_mean                       | 63.3        |
|    ep_rew_mean                       | 1.27        |
| throughput/                          |             |
|    env_steps_per_sec                 | 217         |
|    episodes_per_sec                  | 4.39        |
| time/                                |             |
|    fps                               | 202         |
|    iterations                        | 20          |
|    time_elapsed                      | 3231        |
|    total_timesteps                   | 8683520     |
| train/                               |             |
|    approx_kl                         | 0.007823432 |
|    clip_fraction                     | 0.0418      |
|    clip_range                        | 0.2         |
|    entropy_loss                      | -4.11       |
|    explained_variance                | 0.907       |
|    learning_rate                     | 0.0001      |
|    loss                              | -0.031      |
|    n_updates                         | 2640        |
|    policy_gradient_loss              | -0.0126     |
|    value_loss                        | 0.0654      |
------------------------------------------------------
timesteps=8683584 | env_steps/sec=59.3 | episodes/sec=0.93 | gpu_util_mean=16% gpu_util_max=33% | gpu_mem_mean=2.3/47.8GB
timesteps=8684672 | env_steps/sec=212.0 | episodes/sec=3.51 | gpu_util_mean=0% gpu_util_max=1% | gpu_mem_mean=2.3/47.8GB
timesteps=8685760 | env_steps/sec=215.1 | episodes/sec=2.57 | gpu_util_mean=0% gpu_util_max=0% | gpu_mem_mean=2.3/47.8GB
timesteps=8686848 | env_steps/sec=208.3 | episodes/sec=3.25 | gpu_util_mean=1% gpu_util_max=1% | gpu_mem_mean=2.3/47.8GB
timesteps=8687936 | env_steps/sec=209.6 | episodes/sec=4.24 | gpu_util_mean=0% gpu_util_max=1% | gpu_mem_mean=2.3/47.8GB
timesteps=8688960 | env_steps/sec=202.2 | episodes/sec=3.16 | gpu_util_mean=0% gpu_util_max=0% | gpu_mem_mean=2.3/47.8GB
timesteps=8689984 | env_steps/sec=200.1 | episodes/sec=2.74 | gpu_util_mean=0% gpu_util_max=1% | gpu_mem_mean=2.3/47.8GB
timesteps=8691008 | env_steps/sec=203.8 | episodes/sec=2.99 | gpu_util_mean=0% gpu_util_max=0% | gpu_mem_mean=2.3/47.8GB
timesteps=8692096 | env_steps/sec=217.4 | episodes/sec=3.20 | gpu_util_mean=1% gpu_util_max=1% | gpu_mem_mean=2.3/47.8GB
timesteps=8693184 | env_steps/sec=208.5 | episodes/sec=3.83 | gpu_util_mean=0% gpu_util_max=0% | gpu_mem_mean=2.3/47.8GB
timesteps=8694272 | env_steps/sec=212.8 | episodes/sec=3.13 | gpu_util_mean=0% gpu_util_max=1% | gpu_mem_mean=2.3/47.8GB
timesteps=8695296 | env_steps/sec=203.4 | episodes/sec=2.78 | gpu_util_mean=0% gpu_util_max=1% | gpu_mem_mean=2.3/47.8GB
timesteps=8696384 | env_steps/sec=211.9 | episodes/sec=4.28 | gpu_util_mean=0% gpu_util_max=1% | gpu_mem_mean=2.3/47.8GB
timesteps=8697408 | env_steps/sec=199.6 | episodes/sec=3.12 | gpu_util_mean=0% gpu_util_max=0% | gpu_mem_mean=2.3/47.8GB
timesteps=8698496 | env_steps/sec=207.9 | episodes/sec=3.06 | gpu_util_mean=0% gpu_util_max=1% | gpu_mem_mean=2.3/47.8GB
timesteps=8699584 | env_steps/sec=215.3 | episodes/sec=3.17 | gpu_util_mean=0% gpu_util_max=0% | gpu_mem_mean=2.3/47.8GB
timesteps=8700736 | env_steps/sec=221.5 | episodes/sec=3.85 | gpu_util_mean=0% gpu_util_max=0% | gpu_mem_mean=2.3/47.8GB
timesteps=8701824 | env_steps/sec=205.5 | episodes/sec=3.59 | gpu_util_mean=15% gpu_util_max=30% | gpu_mem_mean=2.3/47.8GB
timesteps=8702848 | env_steps/sec=197.4 | episodes/sec=2.12 | gpu_util_mean=0% gpu_util_max=0% | gpu_mem_mean=2.3/47.8GB
timesteps=8703872 | env_steps/sec=202.8 | episodes/sec=3.57 | gpu_util_mean=1% gpu_util_max=1% | gpu_mem_mean=2.3/47.8GB
timesteps=8704960 | env_steps/sec=213.3 | episodes/sec=3.92 | gpu_util_mean=1% gpu_util_max=1% | gpu_mem_mean=2.3/47.8GB
timesteps=8706048 | env_steps/sec=204.9 | episodes/sec=3.58 | gpu_util_mean=0% gpu_util_max=1% | gpu_mem_mean=2.3/47.8GB
timesteps=8707136 | env_steps/sec=209.5 | episodes/sec=2.31 | gpu_util_mean=0% gpu_util_max=0% | gpu_mem_mean=2.3/47.8GB
timesteps=8708224 | env_steps/sec=210.5 | episodes/sec=4.06 | gpu_util_mean=0% gpu_util_max=0% | gpu_mem_mean=2.3/47.8GB
timesteps=8709312 | env_steps/sec=217.0 | episodes/sec=3.59 | gpu_util_mean=0% gpu_util_max=1% | gpu_mem_mean=2.3/47.8GB
timesteps=8710400 | env_steps/sec=206.2 | episodes/sec=3.41 | gpu_util_mean=0% gpu_util_max=0% | gpu_mem_mean=2.3/47.8GB
timesteps=8711488 | env_steps/sec=212.4 | episodes/sec=3.12 | gpu_util_mean=0% gpu_util_max=0% | gpu_mem_mean=2.3/47.8GB
timesteps=8712576 | env_steps/sec=205.1 | episodes/sec=1.88 | gpu_util_mean=0% gpu_util_max=0% | gpu_mem_mean=2.3/47.8GB
timesteps=8713664 | env_steps/sec=215.5 | episodes/sec=4.95 | gpu_util_mean=0% gpu_util_max=0% | gpu_mem_mean=2.3/47.8GB
timesteps=8714752 | env_steps/sec=207.2 | episodes/sec=3.43 | gpu_util_mean=0% gpu_util_max=1% | gpu_mem_mean=2.3/47.8GB
timesteps=8715840 | env_steps/sec=207.4 | episodes/sec=2.48 | gpu_util_mean=0% gpu_util_max=1% | gpu_mem_mean=2.3/47.8GB
------------------------------------------------------
| gpu/                                 |             |
|    gpu_count                         | 2           |
|    gpu_mem_total_gb_mean             | 47.8        |
|    gpu_mem_used_gb_mean              | 2.33        |
|    gpu_util_pct_max                  | 1           |
|    gpu_util_pct_mean                 | 0.5         |
| profile/                             |             |
|    hard/damage_mean                  | 0.346       |
|    hard/defense_damage_pct_mean      | 0.343       |
|    hard/defense_damage_reward_mean   | 0.0411      |
|    hard/defense_destroy_reward_mean  | 0.0118      |
|    hard/defenses_destroyed_mean      | 2.35        |
|    hard/ep_len_mean                  | 61          |
|    hard/ep_rew_mean                  | 0.635       |
|    hard/episodes_window              | 200         |
|    hard/freeze_casts_mean            | 2           |
|    hard/freeze_effect_reward_mean    | 0.0686      |
|    hard/frozen_threat_damage_pct_... | 0.0606      |
|    hard/frozen_threat_ticks_mean     | 58.3        |
|    hard/objective_shaping_reward_... | 0.0771      |
|    hard/p_all_spells_used            | 1           |
|    hard/p_damage_ge_90               | 0           |
|    hard/p_stars_ge_2                 | 0.055       |
|    hard/rage_bonus_damage_pct_mean   | 0.00973     |
|    hard/rage_bonus_defense_damage... | 0.00598     |
|    hard/rage_bonus_townhall_damag... | 0.0159      |
|    hard/rage_casts_mean              | 2           |
|    hard/rage_effect_reward_mean      | 0.00341     |
|    hard/score_mean                   | 0.546       |
|    hard/spell_casts_mean             | 4           |
|    hard/spell_shaping_reward_mean    | 0.0721      |
|    hard/spells_remaining_mean        | 0           |
|    hard/stars_mean                   | 0.2         |
|    hard/ticks_mean                   | 606         |
|    hard/townhall_damage_pct_mean     | 0.186       |
|    hard/townhall_damage_reward_mean  | 0.0186      |
|    hard/townhall_destroy_reward_mean | 0.0055      |
|    hard/townhall_destroyed_rate      | 0.11        |
|    hard/truncated_rate               | 0.015       |
|    hard/unused_spell_penalty_mean    | 0           |
|    hard/useful_freeze_casts_mean     | 2           |
|    hard/useful_rage_casts_mean       | 2           |
|    hard/wasted_spell_casts_mean      | 0           |
|    hard/wasted_spell_penalty_mean    | 0           |
|    medium/damage_mean                | 0.852       |
|    medium/defense_damage_pct_mean    | 0.803       |
|    medium/defense_damage_reward_mean | 0.0963      |
|    medium/defense_destroy_reward_... | 0.0186      |
|    medium/defenses_destroyed_mean    | 3.72        |
|    medium/ep_len_mean                | 70.1        |
|    medium/ep_rew_mean                | 3.31        |
|    medium/episodes_window            | 200         |
|    medium/freeze_casts_mean          | 1.93        |
|    medium/freeze_effect_reward_mean  | 0.0539      |
|    medium/frozen_threat_damage_pc... | 0.0476      |
|    medium/frozen_threat_ticks_mean   | 40.8        |
|    medium/objective_shaping_rewar... | 0.251       |
|    medium/p_all_spells_used          | 0.935       |
|    medium/p_damage_ge_90             | 0.54        |
|    medium/p_stars_ge_2               | 0.875       |
|    medium/rage_bonus_damage_pct_mean | 0.0319      |
|    medium/rage_bonus_defense_dama... | 0.0141      |
|    medium/rage_bonus_townhall_dam... | 0.0843      |
|    medium/rage_casts_mean            | 1.95        |
|    medium/rage_effect_reward_mean    | 0.0112      |
|    medium/score_mean                 | 3.07        |
|    medium/spell_casts_mean           | 3.88        |
|    medium/spell_shaping_reward_mean  | 0.0613      |
|    medium/spells_remaining_mean      | 0.125       |
|    medium/stars_mean                 | 2.22        |
|    medium/ticks_mean                 | 698         |
|    medium/townhall_damage_pct_mean   | 0.922       |
|    medium/townhall_damage_reward_... | 0.0922      |
|    medium/townhall_destroy_reward... | 0.044       |
|    medium/townhall_destroyed_rate    | 0.88        |
|    medium/truncated_rate             | 0.115       |
|    medium/unused_spell_penalty_mean  | 0.00375     |
|    medium/useful_freeze_casts_mean   | 1.93        |
|    medium/useful_rage_casts_mean     | 1.95        |
|    medium/wasted_spell_casts_mean    | 0           |
|    medium/wasted_spell_penalty_mean  | 0           |
| rollout/                             |             |
|    ep_len_mean                       | 63.6        |
|    ep_rew_mean                       | 1.19        |
| throughput/                          |             |
|    env_steps_per_sec                 | 207         |
|    episodes_per_sec                  | 2.48        |
| time/                                |             |
|    fps                               | 202         |
|    iterations                        | 21          |
|    time_elapsed                      | 3393        |
|    total_timesteps                   | 8716288     |
| train/                               |             |
|    approx_kl                         | 0.009100335 |
|    clip_fraction                     | 0.0579      |
|    clip_range                        | 0.2         |
|    entropy_loss                      | -4.15       |
|    explained_variance                | 0.918       |
|    learning_rate                     | 0.0001      |
|    loss                              | -0.0363     |
|    n_updates                         | 2650        |
|    policy_gradient_loss              | -0.0137     |
|    value_loss                        | 0.058       |
------------------------------------------------------
timesteps=8716352 | env_steps/sec=71.4 | episodes/sec=0.84 | gpu_util_mean=0% gpu_util_max=0% | gpu_mem_mean=2.3/47.8GB
timesteps=8717376 | env_steps/sec=203.6 | episodes/sec=3.78 | gpu_util_mean=0% gpu_util_max=0% | gpu_mem_mean=2.3/47.8GB
timesteps=8718400 | env_steps/sec=202.1 | episodes/sec=3.16 | gpu_util_mean=0% gpu_util_max=0% | gpu_mem_mean=2.3/47.8GB
timesteps=8719488 | env_steps/sec=210.4 | episodes/sec=3.87 | gpu_util_mean=0% gpu_util_max=0% | gpu_mem_mean=2.3/47.8GB
timesteps=8720512 | env_steps/sec=203.3 | episodes/sec=2.78 | gpu_util_mean=0% gpu_util_max=1% | gpu_mem_mean=2.3/47.8GB
timesteps=8721600 | env_steps/sec=208.5 | episodes/sec=2.88 | gpu_util_mean=0% gpu_util_max=1% | gpu_mem_mean=2.3/47.8GB
timesteps=8722688 | env_steps/sec=216.5 | episodes/sec=3.78 | gpu_util_mean=0% gpu_util_max=1% | gpu_mem_mean=2.3/47.8GB
timesteps=8723776 | env_steps/sec=216.8 | episodes/sec=3.59 | gpu_util_mean=0% gpu_util_max=0% | gpu_mem_mean=2.3/47.8GB
timesteps=8724864 | env_steps/sec=211.7 | episodes/sec=3.89 | gpu_util_mean=0% gpu_util_max=0% | gpu_mem_mean=2.3/47.8GB
timesteps=8725952 | env_steps/sec=205.2 | episodes/sec=2.83 | gpu_util_mean=0% gpu_util_max=1% | gpu_mem_mean=2.3/47.8GB
timesteps=8726976 | env_steps/sec=196.4 | episodes/sec=2.88 | gpu_util_mean=1% gpu_util_max=1% | gpu_mem_mean=2.3/47.8GB
timesteps=8728000 | env_steps/sec=201.9 | episodes/sec=3.15 | gpu_util_mean=0% gpu_util_max=0% | gpu_mem_mean=2.3/47.8GB
timesteps=8729088 | env_steps/sec=211.7 | episodes/sec=3.89 | gpu_util_mean=0% gpu_util_max=1% | gpu_mem_mean=2.3/47.8GB
timesteps=8730112 | env_steps/sec=200.7 | episodes/sec=2.94 | gpu_util_mean=0% gpu_util_max=0% | gpu_mem_mean=2.3/47.8GB
timesteps=8731200 | env_steps/sec=213.2 | episodes/sec=3.72 | gpu_util_mean=0% gpu_util_max=1% | gpu_mem_mean=2.3/47.8GB
timesteps=8732288 | env_steps/sec=206.6 | episodes/sec=3.04 | gpu_util_mean=0% gpu_util_max=1% | gpu_mem_mean=2.3/47.8GB
timesteps=8733376 | env_steps/sec=206.7 | episodes/sec=3.04 | gpu_util_mean=0% gpu_util_max=0% | gpu_mem_mean=2.3/47.8GB
timesteps=8734528 | env_steps/sec=220.8 | episodes/sec=3.45 | gpu_util_mean=18% gpu_util_max=37% | gpu_mem_mean=2.3/47.8GB
timesteps=8735680 | env_steps/sec=217.0 | episodes/sec=3.01 | gpu_util_mean=0% gpu_util_max=1% | gpu_mem_mean=2.3/47.8GB
timesteps=8736704 | env_steps/sec=200.7 | episodes/sec=3.14 | gpu_util_mean=1% gpu_util_max=1% | gpu_mem_mean=2.3/47.8GB
timesteps=8737728 | env_steps/sec=202.8 | episodes/sec=2.97 | gpu_util_mean=0% gpu_util_max=0% | gpu_mem_mean=2.3/47.8GB
timesteps=8738752 | env_steps/sec=203.9 | episodes/sec=3.78 | gpu_util_mean=0% gpu_util_max=1% | gpu_mem_mean=2.3/47.8GB
timesteps=8739776 | env_steps/sec=204.6 | episodes/sec=3.80 | gpu_util_mean=0% gpu_util_max=1% | gpu_mem_mean=2.3/47.8GB
timesteps=8740800 | env_steps/sec=200.8 | episodes/sec=2.35 | gpu_util_mean=0% gpu_util_max=0% | gpu_mem_mean=2.3/47.8GB
timesteps=8741888 | env_steps/sec=205.7 | episodes/sec=3.03 | gpu_util_mean=0% gpu_util_max=0% | gpu_mem_mean=2.3/47.8GB
timesteps=8742976 | env_steps/sec=206.8 | episodes/sec=4.56 | gpu_util_mean=1% gpu_util_max=1% | gpu_mem_mean=2.3/47.8GB
timesteps=8744000 | env_steps/sec=195.0 | episodes/sec=2.29 | gpu_util_mean=0% gpu_util_max=1% | gpu_mem_mean=2.3/47.8GB
timesteps=8745024 | env_steps/sec=201.3 | episodes/sec=2.75 | gpu_util_mean=0% gpu_util_max=1% | gpu_mem_mean=2.3/47.8GB
timesteps=8746048 | env_steps/sec=201.3 | episodes/sec=3.14 | gpu_util_mean=0% gpu_util_max=1% | gpu_mem_mean=2.3/47.8GB
timesteps=8747136 | env_steps/sec=217.0 | episodes/sec=4.39 | gpu_util_mean=0% gpu_util_max=0% | gpu_mem_mean=2.3/47.8GB
timesteps=8748224 | env_steps/sec=205.6 | episodes/sec=3.21 | gpu_util_mean=0% gpu_util_max=1% | gpu_mem_mean=2.3/47.8GB
------------------------------------------------------
| gpu/                                 |             |
|    gpu_count                         | 2           |
|    gpu_mem_total_gb_mean             | 47.8        |
|    gpu_mem_used_gb_mean              | 2.33        |
|    gpu_util_pct_max                  | 1           |
|    gpu_util_pct_mean                 | 0.5         |
| profile/                             |             |
|    hard/damage_mean                  | 0.348       |
|    hard/defense_damage_pct_mean      | 0.338       |
|    hard/defense_damage_reward_mean   | 0.0406      |
|    hard/defense_destroy_reward_mean  | 0.0114      |
|    hard/defenses_destroyed_mean      | 2.28        |
|    hard/ep_len_mean                  | 61.8        |
|    hard/ep_rew_mean                  | 0.619       |
|    hard/episodes_window              | 200         |
|    hard/freeze_casts_mean            | 2           |
|    hard/freeze_effect_reward_mean    | 0.0712      |
|    hard/frozen_threat_damage_pct_... | 0.0616      |
|    hard/frozen_threat_ticks_mean     | 58.8        |
|    hard/objective_shaping_reward_... | 0.078       |
|    hard/p_all_spells_used            | 1           |
|    hard/p_damage_ge_90               | 0           |
|    hard/p_stars_ge_2                 | 0.04        |
|    hard/rage_bonus_damage_pct_mean   | 0.00999     |
|    hard/rage_bonus_defense_damage... | 0.00708     |
|    hard/rage_bonus_townhall_damag... | 0.0195      |
|    hard/rage_casts_mean              | 2           |
|    hard/rage_effect_reward_mean      | 0.0035      |
|    hard/score_mean                   | 0.528       |
|    hard/spell_casts_mean             | 4           |
|    hard/spell_shaping_reward_mean    | 0.0747      |
|    hard/spells_remaining_mean        | 0           |
|    hard/stars_mean                   | 0.18        |
|    hard/ticks_mean                   | 613         |
|    hard/townhall_damage_pct_mean     | 0.201       |
|    hard/townhall_damage_reward_mean  | 0.0201      |
|    hard/townhall_destroy_reward_mean | 0.006       |
|    hard/townhall_destroyed_rate      | 0.12        |
|    hard/truncated_rate               | 0.025       |
|    hard/unused_spell_penalty_mean    | 0           |
|    hard/useful_freeze_casts_mean     | 2           |
|    hard/useful_rage_casts_mean       | 2           |
|    hard/wasted_spell_casts_mean      | 0           |
|    hard/wasted_spell_penalty_mean    | 0           |
|    medium/damage_mean                | 0.835       |
|    medium/defense_damage_pct_mean    | 0.778       |
|    medium/defense_damage_reward_mean | 0.0934      |
|    medium/defense_destroy_reward_... | 0.018       |
|    medium/defenses_destroyed_mean    | 3.6         |
|    medium/ep_len_mean                | 69.7        |
|    medium/ep_rew_mean                | 3.23        |
|    medium/episodes_window            | 200         |
|    medium/freeze_casts_mean          | 1.95        |
|    medium/freeze_effect_reward_mean  | 0.0545      |
|    medium/frozen_threat_damage_pc... | 0.0476      |
|    medium/frozen_threat_ticks_mean   | 41.2        |
|    medium/objective_shaping_rewar... | 0.244       |
|    medium/p_all_spells_used          | 0.95        |
|    medium/p_damage_ge_90             | 0.475       |
|    medium/p_stars_ge_2               | 0.845       |
|    medium/rage_bonus_damage_pct_mean | 0.0297      |
|    medium/rage_bonus_defense_dama... | 0.0114      |
|    medium/rage_bonus_townhall_dam... | 0.0738      |
|    medium/rage_casts_mean            | 1.97        |
|    medium/rage_effect_reward_mean    | 0.0104      |
|    medium/score_mean                 | 2.99        |
|    medium/spell_casts_mean           | 3.92        |
|    medium/spell_shaping_reward_mean  | 0.0624      |
|    medium/spells_remaining_mean      | 0.085       |
|    medium/stars_mean                 | 2.16        |
|    medium/ticks_mean                 | 693         |
|    medium/townhall_damage_pct_mean   | 0.897       |
|    medium/townhall_damage_reward_... | 0.0897      |
|    medium/townhall_destroy_reward... | 0.0425      |
|    medium/townhall_destroyed_rate    | 0.85        |
|    medium/truncated_rate             | 0.1         |
|    medium/unused_spell_penalty_mean  | 0.00255     |
|    medium/useful_freeze_casts_mean   | 1.95        |
|    medium/useful_rage_casts_mean     | 1.97        |
|    medium/wasted_spell_casts_mean    | 0           |
|    medium/wasted_spell_penalty_mean  | 0           |
| rollout/                             |             |
|    ep_len_mean                       | 63.5        |
|    ep_rew_mean                       | 1.28        |
| throughput/                          |             |
|    env_steps_per_sec                 | 206         |
|    episodes_per_sec                  | 3.21        |
| time/                                |             |
|    fps                               | 202         |
|    iterations                        | 22          |
|    time_elapsed                      | 3556        |
|    total_timesteps                   | 8749056     |
| train/                               |             |
|    approx_kl                         | 0.008232493 |
|    clip_fraction                     | 0.0568      |
|    clip_range                        | 0.2         |
|    entropy_loss                      | -4.17       |
|    explained_variance                | 0.913       |
|    learning_rate                     | 0.0001      |
|    loss                              | -0.0301     |
|    n_updates                         | 2660        |
|    policy_gradient_loss              | -0.0143     |
|    value_loss                        | 0.0594      |
------------------------------------------------------
timesteps=8749120 | env_steps/sec=100.6 | episodes/sec=0.90 | gpu_util_mean=0% gpu_util_max=1% | gpu_mem_mean=2.3/47.8GB
timesteps=8750144 | env_steps/sec=203.6 | episodes/sec=3.58 | gpu_util_mean=0% gpu_util_max=1% | gpu_mem_mean=2.3/47.8GB
timesteps=8751232 | env_steps/sec=206.7 | episodes/sec=4.37 | gpu_util_mean=0% gpu_util_max=1% | gpu_mem_mean=2.3/47.8GB
timesteps=8752320 | env_steps/sec=212.3 | episodes/sec=1.76 | gpu_util_mean=0% gpu_util_max=0% | gpu_mem_mean=2.3/47.8GB
timesteps=8753344 | env_steps/sec=201.1 | episodes/sec=2.55 | gpu_util_mean=0% gpu_util_max=0% | gpu_mem_mean=2.3/47.8GB
timesteps=8754432 | env_steps/sec=204.2 | episodes/sec=4.69 | gpu_util_mean=0% gpu_util_max=1% | gpu_mem_mean=2.3/47.8GB
timesteps=8755520 | env_steps/sec=206.0 | episodes/sec=3.41 | gpu_util_mean=1% gpu_util_max=1% | gpu_mem_mean=2.3/47.8GB
timesteps=8756544 | env_steps/sec=203.3 | episodes/sec=2.38 | gpu_util_mean=0% gpu_util_max=0% | gpu_mem_mean=2.3/47.8GB
timesteps=8757568 | env_steps/sec=202.4 | episodes/sec=2.57 | gpu_util_mean=0% gpu_util_max=1% | gpu_mem_mean=2.3/47.8GB
timesteps=8758656 | env_steps/sec=211.0 | episodes/sec=4.07 | gpu_util_mean=0% gpu_util_max=0% | gpu_mem_mean=2.3/47.8GB
timesteps=8759680 | env_steps/sec=204.1 | episodes/sec=3.79 | gpu_util_mean=0% gpu_util_max=1% | gpu_mem_mean=2.3/47.8GB
timesteps=8760704 | env_steps/sec=201.2 | episodes/sec=1.96 | gpu_util_mean=0% gpu_util_max=0% | gpu_mem_mean=2.3/47.8GB
timesteps=8761728 | env_steps/sec=200.5 | episodes/sec=4.11 | gpu_util_mean=0% gpu_util_max=0% | gpu_mem_mean=2.3/47.8GB
timesteps=8762816 | env_steps/sec=209.9 | episodes/sec=4.05 | gpu_util_mean=0% gpu_util_max=0% | gpu_mem_mean=2.3/47.8GB
timesteps=8763840 | env_steps/sec=199.0 | episodes/sec=2.53 | gpu_util_mean=0% gpu_util_max=1% | gpu_mem_mean=2.3/47.8GB
timesteps=8764928 | env_steps/sec=204.7 | episodes/sec=1.69 | gpu_util_mean=0% gpu_util_max=0% | gpu_mem_mean=2.3/47.8GB
timesteps=8766016 | env_steps/sec=209.9 | episodes/sec=5.02 | gpu_util_mean=18% gpu_util_max=37% | gpu_mem_mean=2.3/47.8GB
timesteps=8767104 | env_steps/sec=207.3 | episodes/sec=3.62 | gpu_util_mean=0% gpu_util_max=1% | gpu_mem_mean=2.3/47.8GB
timesteps=8768128 | env_steps/sec=200.0 | episodes/sec=1.95 | gpu_util_mean=0% gpu_util_max=0% | gpu_mem_mean=2.3/47.8GB
timesteps=8769216 | env_steps/sec=208.7 | episodes/sec=3.07 | gpu_util_mean=0% gpu_util_max=1% | gpu_mem_mean=2.3/47.8GB
timesteps=8770368 | env_steps/sec=224.6 | episodes/sec=5.26 | gpu_util_mean=0% gpu_util_max=0% | gpu_mem_mean=2.3/47.8GB
timesteps=8771456 | env_steps/sec=217.1 | episodes/sec=2.79 | gpu_util_mean=0% gpu_util_max=0% | gpu_mem_mean=2.3/47.8GB
timesteps=8772480 | env_steps/sec=203.0 | episodes/sec=2.58 | gpu_util_mean=0% gpu_util_max=0% | gpu_mem_mean=2.3/47.8GB
timesteps=8773568 | env_steps/sec=208.0 | episodes/sec=2.68 | gpu_util_mean=1% gpu_util_max=1% | gpu_mem_mean=2.3/47.8GB
timesteps=8774656 | env_steps/sec=206.7 | episodes/sec=4.56 | gpu_util_mean=0% gpu_util_max=1% | gpu_mem_mean=2.3/47.8GB
timesteps=8775744 | env_steps/sec=204.3 | episodes/sec=3.00 | gpu_util_mean=0% gpu_util_max=1% | gpu_mem_mean=2.3/47.8GB
timesteps=8776768 | env_steps/sec=198.1 | episodes/sec=2.71 | gpu_util_mean=0% gpu_util_max=0% | gpu_mem_mean=2.3/47.8GB
timesteps=8777856 | env_steps/sec=212.8 | episodes/sec=3.13 | gpu_util_mean=0% gpu_util_max=1% | gpu_mem_mean=2.3/47.8GB
timesteps=8778944 | env_steps/sec=209.8 | episodes/sec=4.43 | gpu_util_mean=0% gpu_util_max=1% | gpu_mem_mean=2.3/47.8GB
timesteps=8780032 | env_steps/sec=206.8 | episodes/sec=3.42 | gpu_util_mean=0% gpu_util_max=1% | gpu_mem_mean=2.3/47.8GB
timesteps=8781120 | env_steps/sec=205.9 | episodes/sec=2.84 | gpu_util_mean=0% gpu_util_max=1% | gpu_mem_mean=2.3/47.8GB
------------------------------------------------------
| gpu/                                 |             |
|    gpu_count                         | 2           |
|    gpu_mem_total_gb_mean             | 47.8        |
|    gpu_mem_used_gb_mean              | 2.33        |
|    gpu_util_pct_max                  | 1           |
|    gpu_util_pct_mean                 | 0.5         |
| profile/                             |             |
|    hard/damage_mean                  | 0.336       |
|    hard/defense_damage_pct_mean      | 0.336       |
|    hard/defense_damage_reward_mean   | 0.0404      |
|    hard/defense_destroy_reward_mean  | 0.0118      |
|    hard/defenses_destroyed_mean      | 2.36        |
|    hard/ep_len_mean                  | 61          |
|    hard/ep_rew_mean                  | 0.6         |
|    hard/episodes_window              | 200         |
|    hard/freeze_casts_mean            | 1.98        |
|    hard/freeze_effect_reward_mean    | 0.0722      |
|    hard/frozen_threat_damage_pct_... | 0.0645      |
|    hard/frozen_threat_ticks_mean     | 61.1        |
|    hard/objective_shaping_reward_... | 0.0747      |
|    hard/p_all_spells_used            | 0.985       |
|    hard/p_damage_ge_90               | 0           |
|    hard/p_stars_ge_2                 | 0.035       |
|    hard/rage_bonus_damage_pct_mean   | 0.00896     |
|    hard/rage_bonus_defense_damage... | 0.00707     |
|    hard/rage_bonus_townhall_damag... | 0.0112      |
|    hard/rage_casts_mean              | 2           |
|    hard/rage_effect_reward_mean      | 0.00314     |
|    hard/score_mean                   | 0.511       |
|    hard/spell_casts_mean             | 3.98        |
|    hard/spell_shaping_reward_mean    | 0.0746      |
|    hard/spells_remaining_mean        | 0.025       |
|    hard/stars_mean                   | 0.175       |
|    hard/ticks_mean                   | 606         |
|    hard/townhall_damage_pct_mean     | 0.17        |
|    hard/townhall_damage_reward_mean  | 0.017       |
|    hard/townhall_destroy_reward_mean | 0.0055      |
|    hard/townhall_destroyed_rate      | 0.11        |
|    hard/truncated_rate               | 0.03        |
|    hard/unused_spell_penalty_mean    | 0.00075     |
|    hard/useful_freeze_casts_mean     | 1.98        |
|    hard/useful_rage_casts_mean       | 2           |
|    hard/wasted_spell_casts_mean      | 0           |
|    hard/wasted_spell_penalty_mean    | 0           |
|    medium/damage_mean                | 0.841       |
|    medium/defense_damage_pct_mean    | 0.782       |
|    medium/defense_damage_reward_mean | 0.0938      |
|    medium/defense_destroy_reward_... | 0.0181      |
|    medium/defenses_destroyed_mean    | 3.62        |
|    medium/ep_len_mean                | 69.9        |
|    medium/ep_rew_mean                | 3.23        |
|    medium/episodes_window            | 200         |
|    medium/freeze_casts_mean          | 1.97        |
|    medium/freeze_effect_reward_mean  | 0.0561      |
|    medium/frozen_threat_damage_pc... | 0.0493      |
|    medium/frozen_threat_ticks_mean   | 43.1        |
|    medium/objective_shaping_rewar... | 0.245       |
|    medium/p_all_spells_used          | 0.965       |
|    medium/p_damage_ge_90             | 0.48        |
|    medium/p_stars_ge_2               | 0.85        |
|    medium/rage_bonus_damage_pct_mean | 0.0291      |
|    medium/rage_bonus_defense_dama... | 0.0122      |
|    medium/rage_bonus_townhall_dam... | 0.0743      |
|    medium/rage_casts_mean            | 1.97        |
|    medium/rage_effect_reward_mean    | 0.0102      |
|    medium/score_mean                 | 2.99        |
|    medium/spell_casts_mean           | 3.94        |
|    medium/spell_shaping_reward_mean  | 0.0644      |
|    medium/spells_remaining_mean      | 0.065       |
|    medium/stars_mean                 | 2.15        |
|    medium/ticks_mean                 | 695         |
|    medium/townhall_damage_pct_mean   | 0.899       |
|    medium/townhall_damage_reward_... | 0.0899      |
|    medium/townhall_destroy_reward... | 0.0427      |
|    medium/townhall_destroyed_rate    | 0.855       |
|    medium/truncated_rate             | 0.105       |
|    medium/unused_spell_penalty_mean  | 0.00195     |
|    medium/useful_freeze_casts_mean   | 1.97        |
|    medium/useful_rage_casts_mean     | 1.97        |
|    medium/wasted_spell_casts_mean    | 0           |
|    medium/wasted_spell_penalty_mean  | 0           |
| rollout/                             |             |
|    ep_len_mean                       | 61.9        |
|    ep_rew_mean                       | 1.14        |
| throughput/                          |             |
|    env_steps_per_sec                 | 206         |
|    episodes_per_sec                  | 2.84        |
| time/                                |             |
|    fps                               | 202         |
|    iterations                        | 23          |
|    time_elapsed                      | 3720        |
|    total_timesteps                   | 8781824     |
| train/                               |             |
|    approx_kl                         | 0.008244243 |
|    clip_fraction                     | 0.0484      |
|    clip_range                        | 0.2         |
|    entropy_loss                      | -4.13       |
|    explained_variance                | 0.913       |
|    learning_rate                     | 0.0001      |
|    loss                              | -0.0365     |
|    n_updates                         | 2670        |
|    policy_gradient_loss              | -0.0134     |
|    value_loss                        | 0.0608      |
------------------------------------------------------
timesteps=8781888 | env_steps/sec=93.4 | episodes/sec=1.58 | gpu_util_mean=17% gpu_util_max=34% | gpu_mem_mean=2.3/47.8GB
timesteps=8782976 | env_steps/sec=213.0 | episodes/sec=2.94 | gpu_util_mean=0% gpu_util_max=1% | gpu_mem_mean=2.3/47.8GB
timesteps=8784000 | env_steps/sec=201.3 | episodes/sec=2.95 | gpu_util_mean=0% gpu_util_max=1% | gpu_mem_mean=2.3/47.8GB
timesteps=8785024 | env_steps/sec=202.0 | episodes/sec=4.14 | gpu_util_mean=0% gpu_util_max=0% | gpu_mem_mean=2.3/47.8GB
timesteps=8786048 | env_steps/sec=202.0 | episodes/sec=3.75 | gpu_util_mean=0% gpu_util_max=0% | gpu_mem_mean=2.3/47.8GB
timesteps=8787072 | env_steps/sec=200.5 | episodes/sec=1.96 | gpu_util_mean=1% gpu_util_max=1% | gpu_mem_mean=2.3/47.8GB
timesteps=8788096 | env_steps/sec=195.9 | episodes/sec=2.87 | gpu_util_mean=0% gpu_util_max=0% | gpu_mem_mean=2.3/47.8GB
timesteps=8789184 | env_steps/sec=216.2 | episodes/sec=4.37 | gpu_util_mean=0% gpu_util_max=1% | gpu_mem_mean=2.3/47.8GB
timesteps=8790272 | env_steps/sec=211.2 | episodes/sec=3.11 | gpu_util_mean=0% gpu_util_max=1% | gpu_mem_mean=2.3/47.8GB
timesteps=8791296 | env_steps/sec=203.7 | episodes/sec=2.98 | gpu_util_mean=0% gpu_util_max=0% | gpu_mem_mean=2.3/47.8GB
timesteps=8792320 | env_steps/sec=203.5 | episodes/sec=2.78 | gpu_util_mean=0% gpu_util_max=0% | gpu_mem_mean=2.3/47.8GB
timesteps=8793408 | env_steps/sec=209.5 | episodes/sec=3.66 | gpu_util_mean=0% gpu_util_max=1% | gpu_mem_mean=2.3/47.8GB
timesteps=8794496 | env_steps/sec=208.0 | episodes/sec=4.21 | gpu_util_mean=0% gpu_util_max=1% | gpu_mem_mean=2.3/47.8GB
timesteps=8795584 | env_steps/sec=205.2 | episodes/sec=2.83 | gpu_util_mean=0% gpu_util_max=1% | gpu_mem_mean=2.3/47.8GB
timesteps=8796608 | env_steps/sec=197.0 | episodes/sec=3.08 | gpu_util_mean=0% gpu_util_max=1% | gpu_mem_mean=2.3/47.8GB
timesteps=8797632 | env_steps/sec=199.9 | episodes/sec=2.93 | gpu_util_mean=16% gpu_util_max=32% | gpu_mem_mean=2.3/47.8GB
timesteps=8798656 | env_steps/sec=201.9 | episodes/sec=3.94 | gpu_util_mean=0% gpu_util_max=1% | gpu_mem_mean=2.3/47.8GB
timesteps=8799744 | env_steps/sec=208.8 | episodes/sec=1.92 | gpu_util_mean=0% gpu_util_max=1% | gpu_mem_mean=2.3/47.8GB
timesteps=8800832 | env_steps/sec=211.2 | episodes/sec=4.47 | gpu_util_mean=1% gpu_util_max=1% | gpu_mem_mean=2.3/47.8GB
timesteps=8801856 | env_steps/sec=201.2 | episodes/sec=3.54 | gpu_util_mean=0% gpu_util_max=1% | gpu_mem_mean=2.3/47.8GB
timesteps=8802880 | env_steps/sec=203.0 | episodes/sec=2.97 | gpu_util_mean=0% gpu_util_max=1% | gpu_mem_mean=2.3/47.8GB
timesteps=8803904 | env_steps/sec=200.3 | episodes/sec=2.35 | gpu_util_mean=0% gpu_util_max=1% | gpu_mem_mean=2.3/47.8GB
timesteps=8805056 | env_steps/sec=220.6 | episodes/sec=4.60 | gpu_util_mean=0% gpu_util_max=0% | gpu_mem_mean=2.3/47.8GB
timesteps=8806144 | env_steps/sec=207.1 | episodes/sec=3.05 | gpu_util_mean=0% gpu_util_max=1% | gpu_mem_mean=2.3/47.8GB
timesteps=8807232 | env_steps/sec=210.3 | episodes/sec=3.09 | gpu_util_mean=0% gpu_util_max=0% | gpu_mem_mean=2.3/47.8GB
timesteps=8808256 | env_steps/sec=196.1 | episodes/sec=3.06 | gpu_util_mean=0% gpu_util_max=1% | gpu_mem_mean=2.3/47.8GB
timesteps=8809280 | env_steps/sec=199.9 | episodes/sec=3.12 | gpu_util_mean=0% gpu_util_max=0% | gpu_mem_mean=2.3/47.8GB
timesteps=8810304 | env_steps/sec=193.7 | episodes/sec=3.78 | gpu_util_mean=0% gpu_util_max=1% | gpu_mem_mean=2.3/47.8GB
timesteps=8811328 | env_steps/sec=200.2 | episodes/sec=1.76 | gpu_util_mean=0% gpu_util_max=0% | gpu_mem_mean=2.3/47.8GB
timesteps=8812352 | env_steps/sec=193.7 | episodes/sec=3.22 | gpu_util_mean=0% gpu_util_max=0% | gpu_mem_mean=2.3/47.8GB
timesteps=8813376 | env_steps/sec=204.5 | episodes/sec=3.99 | gpu_util_mean=0% gpu_util_max=0% | gpu_mem_mean=2.3/47.8GB
timesteps=8814464 | env_steps/sec=207.7 | episodes/sec=3.82 | gpu_util_mean=0% gpu_util_max=0% | gpu_mem_mean=2.3/47.8GB
------------------------------------------------------
| gpu/                                 |             |
|    gpu_count                         | 2           |
|    gpu_mem_total_gb_mean             | 47.8        |
|    gpu_mem_used_gb_mean              | 2.33        |
|    gpu_util_pct_max                  | 0           |
|    gpu_util_pct_mean                 | 0           |
| profile/                             |             |
|    hard/damage_mean                  | 0.347       |
|    hard/defense_damage_pct_mean      | 0.327       |
|    hard/defense_damage_reward_mean   | 0.0393      |
|    hard/defense_destroy_reward_mean  | 0.011       |
|    hard/defenses_destroyed_mean      | 2.2         |
|    hard/ep_len_mean                  | 60.6        |
|    hard/ep_rew_mean                  | 0.677       |
|    hard/episodes_window              | 200         |
|    hard/freeze_casts_mean            | 2           |
|    hard/freeze_effect_reward_mean    | 0.0748      |
|    hard/frozen_threat_damage_pct_... | 0.0661      |
|    hard/frozen_threat_ticks_mean     | 63          |
|    hard/objective_shaping_reward_... | 0.0772      |
|    hard/p_all_spells_used            | 1           |
|    hard/p_damage_ge_90               | 0           |
|    hard/p_stars_ge_2                 | 0.085       |
|    hard/rage_bonus_damage_pct_mean   | 0.00856     |
|    hard/rage_bonus_defense_damage... | 0.0055      |
|    hard/rage_bonus_townhall_damag... | 0.0162      |
|    hard/rage_casts_mean              | 2           |
|    hard/rage_effect_reward_mean      | 0.003       |
|    hard/score_mean                   | 0.582       |
|    hard/spell_casts_mean             | 4           |
|    hard/spell_shaping_reward_mean    | 0.0778      |
|    hard/spells_remaining_mean        | 0           |
|    hard/stars_mean                   | 0.235       |
|    hard/ticks_mean                   | 601         |
|    hard/townhall_damage_pct_mean     | 0.207       |
|    hard/townhall_damage_reward_mean  | 0.0207      |
|    hard/townhall_destroy_reward_mean | 0.00625     |
|    hard/townhall_destroyed_rate      | 0.125       |
|    hard/truncated_rate               | 0.005       |
|    hard/unused_spell_penalty_mean    | 0           |
|    hard/useful_freeze_casts_mean     | 2           |
|    hard/useful_rage_casts_mean       | 2           |
|    hard/wasted_spell_casts_mean      | 0           |
|    hard/wasted_spell_penalty_mean    | 0           |
|    medium/damage_mean                | 0.851       |
|    medium/defense_damage_pct_mean    | 0.8         |
|    medium/defense_damage_reward_mean | 0.096       |
|    medium/defense_destroy_reward_... | 0.0186      |
|    medium/defenses_destroyed_mean    | 3.72        |
|    medium/ep_len_mean                | 70.1        |
|    medium/ep_rew_mean                | 3.27        |
|    medium/episodes_window            | 200         |
|    medium/freeze_casts_mean          | 1.95        |
|    medium/freeze_effect_reward_mean  | 0.0581      |
|    medium/frozen_threat_damage_pc... | 0.0516      |
|    medium/frozen_threat_ticks_mean   | 44.7        |
|    medium/objective_shaping_rewar... | 0.247       |
|    medium/p_all_spells_used          | 0.945       |
|    medium/p_damage_ge_90             | 0.52        |
|    medium/p_stars_ge_2               | 0.85        |
|    medium/rage_bonus_damage_pct_mean | 0.0317      |
|    medium/rage_bonus_defense_dama... | 0.0162      |
|    medium/rage_bonus_townhall_dam... | 0.0819      |
|    medium/rage_casts_mean            | 1.95        |
|    medium/rage_effect_reward_mean    | 0.0111      |
|    medium/score_mean                 | 3.03        |
|    medium/spell_casts_mean           | 3.9         |
|    medium/spell_shaping_reward_mean  | 0.0662      |
|    medium/spells_remaining_mean      | 0.1         |
|    medium/stars_mean                 | 2.17        |
|    medium/ticks_mean                 | 697         |
|    medium/townhall_damage_pct_mean   | 0.897       |
|    medium/townhall_damage_reward_... | 0.0897      |
|    medium/townhall_destroy_reward... | 0.0427      |
|    medium/townhall_destroyed_rate    | 0.855       |
|    medium/truncated_rate             | 0.12        |
|    medium/unused_spell_penalty_mean  | 0.003       |
|    medium/useful_freeze_casts_mean   | 1.95        |
|    medium/useful_rage_casts_mean     | 1.95        |
|    medium/wasted_spell_casts_mean    | 0           |
|    medium/wasted_spell_penalty_mean  | 0           |
| rollout/                             |             |
|    ep_len_mean                       | 63.4        |
|    ep_rew_mean                       | 1.37        |
| throughput/                          |             |
|    env_steps_per_sec                 | 208         |
|    episodes_per_sec                  | 3.82        |
| time/                                |             |
|    fps                               | 202         |
|    iterations                        | 24          |
|    time_elapsed                      | 3885        |
|    total_timesteps                   | 8814592     |
| train/                               |             |
|    approx_kl                         | 0.007507286 |
|    clip_fraction                     | 0.0348      |
|    clip_range                        | 0.2         |
|    entropy_loss                      | -4.16       |
|    explained_variance                | 0.917       |
|    learning_rate                     | 0.0001      |
|    loss                              | -0.0375     |
|    n_updates                         | 2680        |
|    policy_gradient_loss              | -0.0118     |
|    value_loss                        | 0.0558      |
------------------------------------------------------
timesteps=8814656 | env_steps/sec=33.7 | episodes/sec=0.18 | gpu_util_mean=18% gpu_util_max=37% | gpu_mem_mean=2.3/47.8GB
timesteps=8815616 | env_steps/sec=190.7 | episodes/sec=2.38 | gpu_util_mean=0% gpu_util_max=1% | gpu_mem_mean=2.3/47.8GB
timesteps=8816640 | env_steps/sec=204.2 | episodes/sec=2.99 | gpu_util_mean=0% gpu_util_max=1% | gpu_mem_mean=2.3/47.8GB
timesteps=8817728 | env_steps/sec=207.5 | episodes/sec=3.81 | gpu_util_mean=0% gpu_util_max=0% | gpu_mem_mean=2.3/47.8GB
timesteps=8818816 | env_steps/sec=210.5 | episodes/sec=3.68 | gpu_util_mean=0% gpu_util_max=0% | gpu_mem_mean=2.3/47.8GB
timesteps=8819840 | env_steps/sec=204.7 | episodes/sec=1.80 | gpu_util_mean=0% gpu_util_max=0% | gpu_mem_mean=2.3/47.8GB
timesteps=8820928 | env_steps/sec=209.6 | episodes/sec=4.05 | gpu_util_mean=0% gpu_util_max=1% | gpu_mem_mean=2.3/47.8GB
timesteps=8822016 | env_steps/sec=207.3 | episodes/sec=4.95 | gpu_util_mean=0% gpu_util_max=0% | gpu_mem_mean=2.3/47.8GB
timesteps=8823104 | env_steps/sec=207.7 | episodes/sec=2.48 | gpu_util_mean=1% gpu_util_max=1% | gpu_mem_mean=2.3/47.8GB
timesteps=8824192 | env_steps/sec=209.4 | episodes/sec=1.92 | gpu_util_mean=0% gpu_util_max=0% | gpu_mem_mean=2.3/47.8GB
timesteps=8825344 | env_steps/sec=225.8 | episodes/sec=5.29 | gpu_util_mean=0% gpu_util_max=0% | gpu_mem_mean=2.3/47.8GB
timesteps=8826432 | env_steps/sec=207.8 | episodes/sec=3.25 | gpu_util_mean=0% gpu_util_max=1% | gpu_mem_mean=2.3/47.8GB
timesteps=8827520 | env_steps/sec=209.9 | episodes/sec=1.74 | gpu_util_mean=0% gpu_util_max=1% | gpu_mem_mean=2.3/47.8GB
timesteps=8828608 | env_steps/sec=209.5 | episodes/sec=4.04 | gpu_util_mean=0% gpu_util_max=1% | gpu_mem_mean=2.3/47.8GB
timesteps=8829696 | env_steps/sec=212.8 | episodes/sec=3.91 | gpu_util_mean=10% gpu_util_max=18% | gpu_mem_mean=2.3/47.8GB
timesteps=8830784 | env_steps/sec=206.7 | episodes/sec=3.23 | gpu_util_mean=0% gpu_util_max=1% | gpu_mem_mean=2.3/47.8GB
timesteps=8831808 | env_steps/sec=204.1 | episodes/sec=2.59 | gpu_util_mean=0% gpu_util_max=0% | gpu_mem_mean=2.3/47.8GB
timesteps=8832896 | env_steps/sec=206.5 | episodes/sec=3.99 | gpu_util_mean=0% gpu_util_max=1% | gpu_mem_mean=2.3/47.8GB
timesteps=8833984 | env_steps/sec=206.3 | episodes/sec=3.03 | gpu_util_mean=0% gpu_util_max=1% | gpu_mem_mean=2.3/47.8GB
timesteps=8835072 | env_steps/sec=205.6 | episodes/sec=2.27 | gpu_util_mean=0% gpu_util_max=1% | gpu_mem_mean=2.3/47.8GB
timesteps=8836160 | env_steps/sec=212.1 | episodes/sec=3.70 | gpu_util_mean=0% gpu_util_max=0% | gpu_mem_mean=2.3/47.8GB
timesteps=8837248 | env_steps/sec=214.3 | episodes/sec=3.94 | gpu_util_mean=0% gpu_util_max=0% | gpu_mem_mean=2.3/47.8GB
timesteps=8838336 | env_steps/sec=211.3 | episodes/sec=3.88 | gpu_util_mean=1% gpu_util_max=1% | gpu_mem_mean=2.3/47.8GB
timesteps=8839424 | env_steps/sec=205.8 | episodes/sec=2.46 | gpu_util_mean=0% gpu_util_max=0% | gpu_mem_mean=2.3/47.8GB
timesteps=8840512 | env_steps/sec=210.2 | episodes/sec=3.28 | gpu_util_mean=0% gpu_util_max=0% | gpu_mem_mean=2.3/47.8GB
timesteps=8841600 | env_steps/sec=210.4 | episodes/sec=4.06 | gpu_util_mean=0% gpu_util_max=1% | gpu_mem_mean=2.3/47.8GB
timesteps=8842624 | env_steps/sec=197.9 | episodes/sec=3.09 | gpu_util_mean=0% gpu_util_max=0% | gpu_mem_mean=2.3/47.8GB
timesteps=8843712 | env_steps/sec=215.3 | episodes/sec=3.56 | gpu_util_mean=0% gpu_util_max=1% | gpu_mem_mean=2.3/47.8GB
timesteps=8844800 | env_steps/sec=207.3 | episodes/sec=3.43 | gpu_util_mean=0% gpu_util_max=1% | gpu_mem_mean=2.3/47.8GB
timesteps=8845888 | env_steps/sec=209.6 | episodes/sec=3.08 | gpu_util_mean=0% gpu_util_max=0% | gpu_mem_mean=2.3/47.8GB
timesteps=8846912 | env_steps/sec=204.7 | episodes/sec=3.20 | gpu_util_mean=0% gpu_util_max=1% | gpu_mem_mean=2.3/47.8GB
------------------------------------------------------
| gpu/                                 |             |
|    gpu_count                         | 2           |
|    gpu_mem_total_gb_mean             | 47.8        |
|    gpu_mem_used_gb_mean              | 2.33        |
|    gpu_util_pct_max                  | 1           |
|    gpu_util_pct_mean                 | 0.5         |
| profile/                             |             |
|    hard/damage_mean                  | 0.341       |
|    hard/defense_damage_pct_mean      | 0.336       |
|    hard/defense_damage_reward_mean   | 0.0403      |
|    hard/defense_destroy_reward_mean  | 0.0116      |
|    hard/defenses_destroyed_mean      | 2.31        |
|    hard/ep_len_mean                  | 61.1        |
|    hard/ep_rew_mean                  | 0.565       |
|    hard/episodes_window              | 200         |
|    hard/freeze_casts_mean            | 2           |
|    hard/freeze_effect_reward_mean    | 0.0709      |
|    hard/frozen_threat_damage_pct_... | 0.0618      |
|    hard/frozen_threat_ticks_mean     | 60.1        |
|    hard/objective_shaping_reward_... | 0.0706      |
|    hard/p_all_spells_used            | 0.995       |
|    hard/p_damage_ge_90               | 0           |
|    hard/p_stars_ge_2                 | 0.04        |
|    hard/rage_bonus_damage_pct_mean   | 0.00944     |
|    hard/rage_bonus_defense_damage... | 0.00651     |
|    hard/rage_bonus_townhall_damag... | 0.0146      |
|    hard/rage_casts_mean              | 2           |
|    hard/rage_effect_reward_mean      | 0.0033      |
|    hard/score_mean                   | 0.481       |
|    hard/spell_casts_mean             | 4           |
|    hard/spell_shaping_reward_mean    | 0.0741      |
|    hard/spells_remaining_mean        | 0.005       |
|    hard/stars_mean                   | 0.14        |
|    hard/ticks_mean                   | 607         |
|    hard/townhall_damage_pct_mean     | 0.15        |
|    hard/townhall_damage_reward_mean  | 0.015       |
|    hard/townhall_destroy_reward_mean | 0.00375     |
|    hard/townhall_destroyed_rate      | 0.075       |
|    hard/truncated_rate               | 0.01        |
|    hard/unused_spell_penalty_mean    | 0.00015     |
|    hard/useful_freeze_casts_mean     | 2           |
|    hard/useful_rage_casts_mean       | 2           |
|    hard/wasted_spell_casts_mean      | 0           |
|    hard/wasted_spell_penalty_mean    | 0           |
|    medium/damage_mean                | 0.838       |
|    medium/defense_damage_pct_mean    | 0.778       |
|    medium/defense_damage_reward_mean | 0.0934      |
|    medium/defense_destroy_reward_... | 0.018       |
|    medium/defenses_destroyed_mean    | 3.6         |
|    medium/ep_len_mean                | 70.2        |
|    medium/ep_rew_mean                | 3.19        |
|    medium/episodes_window            | 200         |
|    medium/freeze_casts_mean          | 1.95        |
|    medium/freeze_effect_reward_mean  | 0.0564      |
|    medium/frozen_threat_damage_pc... | 0.0496      |
|    medium/frozen_threat_ticks_mean   | 43.7        |
|    medium/objective_shaping_rewar... | 0.243       |
|    medium/p_all_spells_used          | 0.95        |
|    medium/p_damage_ge_90             | 0.485       |
|    medium/p_stars_ge_2               | 0.84        |
|    medium/rage_bonus_damage_pct_mean | 0.0308      |
|    medium/rage_bonus_defense_dama... | 0.016       |
|    medium/rage_bonus_townhall_dam... | 0.0811      |
|    medium/rage_casts_mean            | 1.97        |
|    medium/rage_effect_reward_mean    | 0.0108      |
|    medium/score_mean                 | 2.95        |
|    medium/spell_casts_mean           | 3.92        |
|    medium/spell_shaping_reward_mean  | 0.0647      |
|    medium/spells_remaining_mean      | 0.085       |
|    medium/stars_mean                 | 2.11        |
|    medium/ticks_mean                 | 698         |
|    medium/townhall_damage_pct_mean   | 0.884       |
|    medium/townhall_damage_reward_... | 0.0884      |
|    medium/townhall_destroy_reward... | 0.0427      |
|    medium/townhall_destroyed_rate    | 0.855       |
|    medium/truncated_rate             | 0.14        |
|    medium/unused_spell_penalty_mean  | 0.00255     |
|    medium/useful_freeze_casts_mean   | 1.95        |
|    medium/useful_rage_casts_mean     | 1.97        |
|    medium/wasted_spell_casts_mean    | 0           |
|    medium/wasted_spell_penalty_mean  | 0           |
| rollout/                             |             |
|    ep_len_mean                       | 62.6        |
|    ep_rew_mean                       | 1.29        |
| throughput/                          |             |
|    env_steps_per_sec                 | 205         |
|    episodes_per_sec                  | 3.2         |
| time/                                |             |
|    fps                               | 202         |
|    iterations                        | 25          |
|    time_elapsed                      | 4047        |
|    total_timesteps                   | 8847360     |
| train/                               |             |
|    approx_kl                         | 0.008125665 |
|    clip_fraction                     | 0.0454      |
|    clip_range                        | 0.2         |
|    entropy_loss                      | -4.18       |
|    explained_variance                | 0.905       |
|    learning_rate                     | 0.0001      |
|    loss                              | -0.0352     |
|    n_updates                         | 2690        |
|    policy_gradient_loss              | -0.0137     |
|    value_loss                        | 0.0645      |
------------------------------------------------------
timesteps=8847424 | env_steps/sec=70.6 | episodes/sec=0.69 | gpu_util_mean=17% gpu_util_max=34% | gpu_mem_mean=2.3/47.8GB
timesteps=8848448 | env_steps/sec=204.1 | episodes/sec=3.79 | gpu_util_mean=0% gpu_util_max=1% | gpu_mem_mean=2.3/47.8GB
timesteps=8849472 | env_steps/sec=200.6 | episodes/sec=2.94 | gpu_util_mean=0% gpu_util_max=0% | gpu_mem_mean=2.3/47.8GB
timesteps=8850624 | env_steps/sec=218.4 | episodes/sec=3.60 | gpu_util_mean=0% gpu_util_max=0% | gpu_mem_mean=2.3/47.8GB
timesteps=8851712 | env_steps/sec=206.7 | episodes/sec=3.23 | gpu_util_mean=0% gpu_util_max=1% | gpu_mem_mean=2.3/47.8GB
timesteps=8852800 | env_steps/sec=210.6 | episodes/sec=2.90 | gpu_util_mean=0% gpu_util_max=1% | gpu_mem_mean=2.3/47.8GB
timesteps=8853888 | env_steps/sec=213.7 | episodes/sec=3.93 | gpu_util_mean=0% gpu_util_max=0% | gpu_mem_mean=2.3/47.8GB
timesteps=8854976 | env_steps/sec=210.0 | episodes/sec=3.28 | gpu_util_mean=0% gpu_util_max=1% | gpu_mem_mean=2.3/47.8GB
timesteps=8856064 | env_steps/sec=206.4 | episodes/sec=3.61 | gpu_util_mean=1% gpu_util_max=1% | gpu_mem_mean=2.3/47.8GB
timesteps=8857088 | env_steps/sec=202.6 | episodes/sec=2.77 | gpu_util_mean=0% gpu_util_max=1% | gpu_mem_mean=2.3/47.8GB
timesteps=8858112 | env_steps/sec=197.6 | episodes/sec=3.47 | gpu_util_mean=0% gpu_util_max=1% | gpu_mem_mean=2.3/47.8GB
timesteps=8859136 | env_steps/sec=201.1 | episodes/sec=2.55 | gpu_util_mean=0% gpu_util_max=1% | gpu_mem_mean=2.3/47.8GB
timesteps=8860224 | env_steps/sec=208.1 | episodes/sec=3.25 | gpu_util_mean=0% gpu_util_max=1% | gpu_mem_mean=2.3/47.8GB
timesteps=8861312 | env_steps/sec=209.6 | episodes/sec=3.66 | gpu_util_mean=16% gpu_util_max=33% | gpu_mem_mean=2.3/47.8GB
timesteps=8862336 | env_steps/sec=195.0 | episodes/sec=2.67 | gpu_util_mean=0% gpu_util_max=1% | gpu_mem_mean=2.3/47.8GB
timesteps=8863424 | env_steps/sec=205.5 | episodes/sec=3.02 | gpu_util_mean=0% gpu_util_max=1% | gpu_mem_mean=2.3/47.8GB
timesteps=8864512 | env_steps/sec=206.3 | episodes/sec=4.36 | gpu_util_mean=1% gpu_util_max=1% | gpu_mem_mean=2.3/47.8GB
timesteps=8865536 | env_steps/sec=203.5 | episodes/sec=2.78 | gpu_util_mean=0% gpu_util_max=1% | gpu_mem_mean=2.3/47.8GB
timesteps=8866624 | env_steps/sec=205.6 | episodes/sec=2.46 | gpu_util_mean=0% gpu_util_max=1% | gpu_mem_mean=2.3/47.8GB
timesteps=8867712 | env_steps/sec=213.8 | episodes/sec=4.13 | gpu_util_mean=0% gpu_util_max=1% | gpu_mem_mean=2.3/47.8GB
timesteps=8868800 | env_steps/sec=213.4 | episodes/sec=4.32 | gpu_util_mean=0% gpu_util_max=0% | gpu_mem_mean=2.3/47.8GB
timesteps=8869888 | env_steps/sec=206.0 | episodes/sec=2.65 | gpu_util_mean=0% gpu_util_max=0% | gpu_mem_mean=2.3/47.8GB
timesteps=8870976 | env_steps/sec=208.9 | episodes/sec=2.88 | gpu_util_mean=0% gpu_util_max=1% | gpu_mem_mean=2.3/47.8GB
timesteps=8872064 | env_steps/sec=217.4 | episodes/sec=3.80 | gpu_util_mean=0% gpu_util_max=1% | gpu_mem_mean=2.3/47.8GB
timesteps=8873216 | env_steps/sec=220.1 | episodes/sec=4.20 | gpu_util_mean=0% gpu_util_max=0% | gpu_mem_mean=2.3/47.8GB
timesteps=8874304 | env_steps/sec=216.4 | episodes/sec=2.39 | gpu_util_mean=0% gpu_util_max=0% | gpu_mem_mean=2.3/47.8GB
timesteps=8875456 | env_steps/sec=220.5 | episodes/sec=2.49 | gpu_util_mean=0% gpu_util_max=1% | gpu_mem_mean=2.3/47.8GB
timesteps=8876544 | env_steps/sec=209.1 | episodes/sec=4.23 | gpu_util_mean=0% gpu_util_max=1% | gpu_mem_mean=2.3/47.8GB
timesteps=8877632 | env_steps/sec=208.2 | episodes/sec=4.02 | gpu_util_mean=0% gpu_util_max=1% | gpu_mem_mean=2.3/47.8GB
timesteps=8878656 | env_steps/sec=204.5 | episodes/sec=3.00 | gpu_util_mean=0% gpu_util_max=0% | gpu_mem_mean=2.3/47.8GB
timesteps=8879744 | env_steps/sec=206.5 | episodes/sec=3.23 | gpu_util_mean=0% gpu_util_max=0% | gpu_mem_mean=2.3/47.8GB
------------------------------------------------------
| gpu/                                 |             |
|    gpu_count                         | 2           |
|    gpu_mem_total_gb_mean             | 47.8        |
|    gpu_mem_used_gb_mean              | 2.33        |
|    gpu_util_pct_max                  | 0           |
|    gpu_util_pct_mean                 | 0           |
| profile/                             |             |
|    hard/damage_mean                  | 0.341       |
|    hard/defense_damage_pct_mean      | 0.342       |
|    hard/defense_damage_reward_mean   | 0.0411      |
|    hard/defense_destroy_reward_mean  | 0.0116      |
|    hard/defenses_destroyed_mean      | 2.31        |
|    hard/ep_len_mean                  | 60.8        |
|    hard/ep_rew_mean                  | 0.606       |
|    hard/episodes_window              | 200         |
|    hard/freeze_casts_mean            | 1.99        |
|    hard/freeze_effect_reward_mean    | 0.0734      |
|    hard/frozen_threat_damage_pct_... | 0.0651      |
|    hard/frozen_threat_ticks_mean     | 61.9        |
|    hard/objective_shaping_reward_... | 0.0744      |
|    hard/p_all_spells_used            | 0.99        |
|    hard/p_damage_ge_90               | 0           |
|    hard/p_stars_ge_2                 | 0.055       |
|    hard/rage_bonus_damage_pct_mean   | 0.00877     |
|    hard/rage_bonus_defense_damage... | 0.00638     |
|    hard/rage_bonus_townhall_damag... | 0.0108      |
|    hard/rage_casts_mean              | 1.99        |
|    hard/rage_effect_reward_mean      | 0.00307     |
|    hard/score_mean                   | 0.516       |
|    hard/spell_casts_mean             | 3.98        |
|    hard/spell_shaping_reward_mean    | 0.0758      |
|    hard/spells_remaining_mean        | 0.02        |
|    hard/stars_mean                   | 0.175       |
|    hard/ticks_mean                   | 603         |
|    hard/townhall_damage_pct_mean     | 0.168       |
|    hard/townhall_damage_reward_mean  | 0.0168      |
|    hard/townhall_destroy_reward_mean | 0.005       |
|    hard/townhall_destroyed_rate      | 0.1         |
|    hard/truncated_rate               | 0.005       |
|    hard/unused_spell_penalty_mean    | 0.0006      |
|    hard/useful_freeze_casts_mean     | 1.99        |
|    hard/useful_rage_casts_mean       | 1.99        |
|    hard/wasted_spell_casts_mean      | 0           |
|    hard/wasted_spell_penalty_mean    | 0           |
|    medium/damage_mean                | 0.835       |
|    medium/defense_damage_pct_mean    | 0.783       |
|    medium/defense_damage_reward_mean | 0.094       |
|    medium/defense_destroy_reward_... | 0.0183      |
|    medium/defenses_destroyed_mean    | 3.67        |
|    medium/ep_len_mean                | 70          |
|    medium/ep_rew_mean                | 3.19        |
|    medium/episodes_window            | 200         |
|    medium/freeze_casts_mean          | 1.93        |
|    medium/freeze_effect_reward_mean  | 0.0564      |
|    medium/frozen_threat_damage_pc... | 0.0497      |
|    medium/frozen_threat_ticks_mean   | 43.7        |
|    medium/objective_shaping_rewar... | 0.243       |
|    medium/p_all_spells_used          | 0.945       |
|    medium/p_damage_ge_90             | 0.495       |
|    medium/p_stars_ge_2               | 0.84        |
|    medium/rage_bonus_damage_pct_mean | 0.032       |
|    medium/rage_bonus_defense_dama... | 0.0145      |
|    medium/rage_bonus_townhall_dam... | 0.0859      |
|    medium/rage_casts_mean            | 1.97        |
|    medium/rage_effect_reward_mean    | 0.0112      |
|    medium/score_mean                 | 2.96        |
|    medium/spell_casts_mean           | 3.9         |
|    medium/spell_shaping_reward_mean  | 0.0646      |
|    medium/spells_remaining_mean      | 0.1         |
|    medium/stars_mean                 | 2.12        |
|    medium/ticks_mean                 | 696         |
|    medium/townhall_damage_pct_mean   | 0.879       |
|    medium/townhall_damage_reward_... | 0.0879      |
|    medium/townhall_destroy_reward... | 0.0425      |
|    medium/townhall_destroyed_rate    | 0.85        |
|    medium/truncated_rate             | 0.12        |
|    medium/unused_spell_penalty_mean  | 0.003       |
|    medium/useful_freeze_casts_mean   | 1.93        |
|    medium/useful_rage_casts_mean     | 1.97        |
|    medium/wasted_spell_casts_mean    | 0           |
|    medium/wasted_spell_penalty_mean  | 0           |
| rollout/                             |             |
|    ep_len_mean                       | 63.1        |
|    ep_rew_mean                       | 1.08        |
| throughput/                          |             |
|    env_steps_per_sec                 | 207         |
|    episodes_per_sec                  | 3.23        |
| time/                                |             |
|    fps                               | 202         |
|    iterations                        | 26          |
|    time_elapsed                      | 4209        |
|    total_timesteps                   | 8880128     |
| train/                               |             |
|    approx_kl                         | 0.009208678 |
|    clip_fraction                     | 0.0581      |
|    clip_range                        | 0.2         |
|    entropy_loss                      | -4.17       |
|    explained_variance                | 0.914       |
|    learning_rate                     | 0.0001      |
|    loss                              | -0.0399     |
|    n_updates                         | 2700        |
|    policy_gradient_loss              | -0.0141     |
|    value_loss                        | 0.0534      |
------------------------------------------------------
timesteps=8880192 | env_steps/sec=65.3 | episodes/sec=0.73 | gpu_util_mean=18% gpu_util_max=34% | gpu_mem_mean=2.3/47.8GB
timesteps=8881280 | env_steps/sec=206.5 | episodes/sec=3.80 | gpu_util_mean=0% gpu_util_max=0% | gpu_mem_mean=2.3/47.8GB
timesteps=8882304 | env_steps/sec=202.2 | episodes/sec=3.16 | gpu_util_mean=0% gpu_util_max=1% | gpu_mem_mean=2.3/47.8GB
timesteps=8883392 | env_steps/sec=213.9 | episodes/sec=3.34 | gpu_util_mean=0% gpu_util_max=1% | gpu_mem_mean=2.3/47.8GB
timesteps=8884480 | env_steps/sec=212.6 | episodes/sec=2.93 | gpu_util_mean=0% gpu_util_max=1% | gpu_mem_mean=2.3/47.8GB
timesteps=8885568 | env_steps/sec=212.7 | episodes/sec=2.35 | gpu_util_mean=1% gpu_util_max=1% | gpu_mem_mean=2.3/47.8GB
timesteps=8886656 | env_steps/sec=211.7 | episodes/sec=4.28 | gpu_util_mean=0% gpu_util_max=1% | gpu_mem_mean=2.3/47.8GB
timesteps=8887744 | env_steps/sec=205.6 | episodes/sec=3.78 | gpu_util_mean=1% gpu_util_max=1% | gpu_mem_mean=2.3/47.8GB
timesteps=8888768 | env_steps/sec=197.0 | episodes/sec=2.31 | gpu_util_mean=0% gpu_util_max=0% | gpu_mem_mean=2.3/47.8GB
timesteps=8889792 | env_steps/sec=200.2 | episodes/sec=3.71 | gpu_util_mean=0% gpu_util_max=0% | gpu_mem_mean=2.3/47.8GB
timesteps=8890880 | env_steps/sec=210.9 | episodes/sec=3.29 | gpu_util_mean=0% gpu_util_max=0% | gpu_mem_mean=2.3/47.8GB
timesteps=8892032 | env_steps/sec=219.1 | episodes/sec=3.99 | gpu_util_mean=0% gpu_util_max=0% | gpu_mem_mean=2.3/47.8GB
timesteps=8893056 | env_steps/sec=194.8 | episodes/sec=1.90 | gpu_util_mean=17% gpu_util_max=33% | gpu_mem_mean=2.3/47.8GB
timesteps=8894080 | env_steps/sec=202.6 | episodes/sec=3.56 | gpu_util_mean=0% gpu_util_max=0% | gpu_mem_mean=2.3/47.8GB
timesteps=8895040 | env_steps/sec=187.5 | episodes/sec=2.93 | gpu_util_mean=0% gpu_util_max=0% | gpu_mem_mean=2.3/47.8GB
timesteps=8896064 | env_steps/sec=201.6 | episodes/sec=4.33 | gpu_util_mean=0% gpu_util_max=0% | gpu_mem_mean=2.3/47.8GB
timesteps=8897088 | env_steps/sec=201.9 | episodes/sec=2.17 | gpu_util_mean=0% gpu_util_max=1% | gpu_mem_mean=2.3/47.8GB
timesteps=8898176 | env_steps/sec=211.5 | episodes/sec=2.92 | gpu_util_mean=0% gpu_util_max=0% | gpu_mem_mean=2.3/47.8GB
timesteps=8899264 | env_steps/sec=213.3 | episodes/sec=4.12 | gpu_util_mean=1% gpu_util_max=1% | gpu_mem_mean=2.3/47.8GB
timesteps=8900352 | env_steps/sec=215.2 | episodes/sec=3.96 | gpu_util_mean=1% gpu_util_max=1% | gpu_mem_mean=2.3/47.8GB
timesteps=8901312 | env_steps/sec=190.8 | episodes/sec=2.58 | gpu_util_mean=0% gpu_util_max=1% | gpu_mem_mean=2.3/47.8GB
timesteps=8902336 | env_steps/sec=204.2 | episodes/sec=2.19 | gpu_util_mean=0% gpu_util_max=1% | gpu_mem_mean=2.3/47.8GB
timesteps=8903424 | env_steps/sec=212.1 | episodes/sec=3.90 | gpu_util_mean=1% gpu_util_max=1% | gpu_mem_mean=2.3/47.8GB
timesteps=8904512 | env_steps/sec=212.5 | episodes/sec=3.91 | gpu_util_mean=0% gpu_util_max=0% | gpu_mem_mean=2.3/47.8GB
timesteps=8905600 | env_steps/sec=205.8 | episodes/sec=3.22 | gpu_util_mean=0% gpu_util_max=0% | gpu_mem_mean=2.3/47.8GB
timesteps=8906624 | env_steps/sec=204.2 | episodes/sec=3.39 | gpu_util_mean=0% gpu_util_max=0% | gpu_mem_mean=2.3/47.8GB
timesteps=8907648 | env_steps/sec=204.4 | episodes/sec=2.40 | gpu_util_mean=0% gpu_util_max=0% | gpu_mem_mean=2.3/47.8GB
timesteps=8908736 | env_steps/sec=204.9 | episodes/sec=3.95 | gpu_util_mean=0% gpu_util_max=0% | gpu_mem_mean=2.3/47.8GB
timesteps=8909888 | env_steps/sec=219.5 | episodes/sec=3.24 | gpu_util_mean=0% gpu_util_max=1% | gpu_mem_mean=2.3/47.8GB
timesteps=8910976 | env_steps/sec=207.8 | episodes/sec=3.44 | gpu_util_mean=0% gpu_util_max=1% | gpu_mem_mean=2.3/47.8GB
timesteps=8912064 | env_steps/sec=206.5 | episodes/sec=3.61 | gpu_util_mean=0% gpu_util_max=1% | gpu_mem_mean=2.3/47.8GB
------------------------------------------------------
| gpu/                                 |             |
|    gpu_count                         | 2           |
|    gpu_mem_total_gb_mean             | 47.8        |
|    gpu_mem_used_gb_mean              | 2.33        |
|    gpu_util_pct_max                  | 1           |
|    gpu_util_pct_mean                 | 0.5         |
| profile/                             |             |
|    hard/damage_mean                  | 0.344       |
|    hard/defense_damage_pct_mean      | 0.332       |
|    hard/defense_damage_reward_mean   | 0.0399      |
|    hard/defense_destroy_reward_mean  | 0.0118      |
|    hard/defenses_destroyed_mean      | 2.36        |
|    hard/ep_len_mean                  | 61          |
|    hard/ep_rew_mean                  | 0.639       |
|    hard/episodes_window              | 200         |
|    hard/freeze_casts_mean            | 2           |
|    hard/freeze_effect_reward_mean    | 0.0727      |
|    hard/frozen_threat_damage_pct_... | 0.0631      |
|    hard/frozen_threat_ticks_mean     | 61.5        |
|    hard/objective_shaping_reward_... | 0.0755      |
|    hard/p_all_spells_used            | 0.99        |
|    hard/p_damage_ge_90               | 0           |
|    hard/p_stars_ge_2                 | 0.055       |
|    hard/rage_bonus_damage_pct_mean   | 0.00853     |
|    hard/rage_bonus_defense_damage... | 0.0056      |
|    hard/rage_bonus_townhall_damag... | 0.0142      |
|    hard/rage_casts_mean              | 1.99        |
|    hard/rage_effect_reward_mean      | 0.00299     |
|    hard/score_mean                   | 0.549       |
|    hard/spell_casts_mean             | 3.99        |
|    hard/spell_shaping_reward_mean    | 0.0754      |
|    hard/spells_remaining_mean        | 0.01        |
|    hard/stars_mean                   | 0.205       |
|    hard/ticks_mean                   | 606         |
|    hard/townhall_damage_pct_mean     | 0.185       |
|    hard/townhall_damage_reward_mean  | 0.0185      |
|    hard/townhall_destroy_reward_mean | 0.00525     |
|    hard/townhall_destroyed_rate      | 0.105       |
|    hard/truncated_rate               | 0.015       |
|    hard/unused_spell_penalty_mean    | 0.0003      |
|    hard/useful_freeze_casts_mean     | 2           |
|    hard/useful_rage_casts_mean       | 1.99        |
|    hard/wasted_spell_casts_mean      | 0           |
|    hard/wasted_spell_penalty_mean    | 0           |
|    medium/damage_mean                | 0.832       |
|    medium/defense_damage_pct_mean    | 0.783       |
|    medium/defense_damage_reward_mean | 0.094       |
|    medium/defense_destroy_reward_... | 0.0183      |
|    medium/defenses_destroyed_mean    | 3.66        |
|    medium/ep_len_mean                | 70          |
|    medium/ep_rew_mean                | 3.19        |
|    medium/episodes_window            | 200         |
|    medium/freeze_casts_mean          | 1.91        |
|    medium/freeze_effect_reward_mean  | 0.0564      |
|    medium/frozen_threat_damage_pc... | 0.0501      |
|    medium/frozen_threat_ticks_mean   | 43.1        |
|    medium/objective_shaping_rewar... | 0.243       |
|    medium/p_all_spells_used          | 0.935       |
|    medium/p_damage_ge_90             | 0.49        |
|    medium/p_stars_ge_2               | 0.84        |
|    medium/rage_bonus_damage_pct_mean | 0.0314      |
|    medium/rage_bonus_defense_dama... | 0.0153      |
|    medium/rage_bonus_townhall_dam... | 0.0804      |
|    medium/rage_casts_mean            | 1.96        |
|    medium/rage_effect_reward_mean    | 0.011       |
|    medium/score_mean                 | 2.95        |
|    medium/spell_casts_mean           | 3.87        |
|    medium/spell_shaping_reward_mean  | 0.0633      |
|    medium/spells_remaining_mean      | 0.135       |
|    medium/stars_mean                 | 2.12        |
|    medium/ticks_mean                 | 696         |
|    medium/townhall_damage_pct_mean   | 0.88        |
|    medium/townhall_damage_reward_... | 0.088       |
|    medium/townhall_destroy_reward... | 0.0422      |
|    medium/townhall_destroyed_rate    | 0.845       |
|    medium/truncated_rate             | 0.13        |
|    medium/unused_spell_penalty_mean  | 0.00405     |
|    medium/useful_freeze_casts_mean   | 1.91        |
|    medium/useful_rage_casts_mean     | 1.96        |
|    medium/wasted_spell_casts_mean    | 0           |
|    medium/wasted_spell_penalty_mean  | 0           |
| rollout/                             |             |
|    ep_len_mean                       | 63.3        |
|    ep_rew_mean                       | 1.21        |
| throughput/                          |             |
|    env_steps_per_sec                 | 206         |
|    episodes_per_sec                  | 3.61        |
| time/                                |             |
|    fps                               | 202         |
|    iterations                        | 27          |
|    time_elapsed                      | 4372        |
|    total_timesteps                   | 8912896     |
| train/                               |             |
|    approx_kl                         | 0.007876644 |
|    clip_fraction                     | 0.0454      |
|    clip_range                        | 0.2         |
|    entropy_loss                      | -4.14       |
|    explained_variance                | 0.904       |
|    learning_rate                     | 0.0001      |
|    loss                              | -0.0295     |
|    n_updates                         | 2710        |
|    policy_gradient_loss              | -0.0131     |
|    value_loss                        | 0.0626      |
------------------------------------------------------
timesteps=8912960 | env_steps/sec=102.0 | episodes/sec=1.14 | gpu_util_mean=0% gpu_util_max=0% | gpu_mem_mean=2.3/47.8GB
timesteps=8914048 | env_steps/sec=211.6 | episodes/sec=4.28 | gpu_util_mean=0% gpu_util_max=0% | gpu_mem_mean=2.3/47.8GB
timesteps=8915136 | env_steps/sec=206.0 | episodes/sec=3.22 | gpu_util_mean=0% gpu_util_max=0% | gpu_mem_mean=2.3/47.8GB
timesteps=8916224 | env_steps/sec=206.3 | episodes/sec=3.03 | gpu_util_mean=0% gpu_util_max=1% | gpu_mem_mean=2.3/47.8GB
timesteps=8917312 | env_steps/sec=205.5 | episodes/sec=2.64 | gpu_util_mean=0% gpu_util_max=1% | gpu_mem_mean=2.3/47.8GB
timesteps=8918400 | env_steps/sec=214.2 | episodes/sec=4.33 | gpu_util_mean=0% gpu_util_max=0% | gpu_mem_mean=2.3/47.8GB
timesteps=8919488 | env_steps/sec=208.9 | episodes/sec=3.07 | gpu_util_mean=0% gpu_util_max=1% | gpu_mem_mean=2.3/47.8GB
timesteps=8920512 | env_steps/sec=202.3 | episodes/sec=2.37 | gpu_util_mean=0% gpu_util_max=1% | gpu_mem_mean=2.3/47.8GB
timesteps=8921664 | env_steps/sec=218.5 | episodes/sec=3.41 | gpu_util_mean=0% gpu_util_max=1% | gpu_mem_mean=2.3/47.8GB
timesteps=8922752 | env_steps/sec=211.0 | episodes/sec=4.65 | gpu_util_mean=0% gpu_util_max=0% | gpu_mem_mean=2.3/47.8GB
timesteps=8923840 | env_steps/sec=205.2 | episodes/sec=2.45 | gpu_util_mean=0% gpu_util_max=0% | gpu_mem_mean=2.3/47.8GB
timesteps=8924928 | env_steps/sec=206.7 | episodes/sec=3.42 | gpu_util_mean=0% gpu_util_max=1% | gpu_mem_mean=2.3/47.8GB
timesteps=8926016 | env_steps/sec=212.9 | episodes/sec=3.13 | gpu_util_mean=19% gpu_util_max=37% | gpu_mem_mean=2.3/47.8GB
timesteps=8927040 | env_steps/sec=202.4 | episodes/sec=3.95 | gpu_util_mean=0% gpu_util_max=1% | gpu_mem_mean=2.3/47.8GB
timesteps=8928128 | env_steps/sec=207.2 | episodes/sec=2.86 | gpu_util_mean=0% gpu_util_max=1% | gpu_mem_mean=2.3/47.8GB
timesteps=8929152 | env_steps/sec=196.3 | episodes/sec=3.26 | gpu_util_mean=0% gpu_util_max=1% | gpu_mem_mean=2.3/47.8GB
timesteps=8930176 | env_steps/sec=202.8 | episodes/sec=3.37 | gpu_util_mean=0% gpu_util_max=1% | gpu_mem_mean=2.3/47.8GB
timesteps=8931264 | env_steps/sec=205.7 | episodes/sec=2.27 | gpu_util_mean=0% gpu_util_max=0% | gpu_mem_mean=2.3/47.8GB
timesteps=8932352 | env_steps/sec=210.9 | episodes/sec=4.07 | gpu_util_mean=0% gpu_util_max=1% | gpu_mem_mean=2.3/47.8GB
timesteps=8933440 | env_steps/sec=212.8 | episodes/sec=2.74 | gpu_util_mean=0% gpu_util_max=0% | gpu_mem_mean=2.3/47.8GB
timesteps=8934528 | env_steps/sec=207.8 | episodes/sec=3.63 | gpu_util_mean=0% gpu_util_max=0% | gpu_mem_mean=2.3/47.8GB
timesteps=8935616 | env_steps/sec=207.4 | episodes/sec=2.29 | gpu_util_mean=0% gpu_util_max=1% | gpu_mem_mean=2.3/47.8GB
timesteps=8936704 | env_steps/sec=206.9 | episodes/sec=5.13 | gpu_util_mean=0% gpu_util_max=0% | gpu_mem_mean=2.3/47.8GB
timesteps=8937728 | env_steps/sec=203.0 | episodes/sec=2.58 | gpu_util_mean=0% gpu_util_max=1% | gpu_mem_mean=2.3/47.8GB
timesteps=8938816 | env_steps/sec=206.6 | episodes/sec=2.47 | gpu_util_mean=0% gpu_util_max=0% | gpu_mem_mean=2.3/47.8GB
timesteps=8939904 | env_steps/sec=217.2 | episodes/sec=3.79 | gpu_util_mean=0% gpu_util_max=1% | gpu_mem_mean=2.3/47.8GB
timesteps=8940992 | env_steps/sec=212.1 | episodes/sec=3.51 | gpu_util_mean=0% gpu_util_max=1% | gpu_mem_mean=2.3/47.8GB
timesteps=8942080 | env_steps/sec=209.5 | episodes/sec=3.08 | gpu_util_mean=0% gpu_util_max=1% | gpu_mem_mean=2.3/47.8GB
timesteps=8943104 | env_steps/sec=200.1 | episodes/sec=2.74 | gpu_util_mean=0% gpu_util_max=0% | gpu_mem_mean=2.3/47.8GB
timesteps=8944192 | env_steps/sec=214.5 | episodes/sec=3.75 | gpu_util_mean=0% gpu_util_max=1% | gpu_mem_mean=2.3/47.8GB
timesteps=8945344 | env_steps/sec=222.9 | episodes/sec=4.26 | gpu_util_mean=0% gpu_util_max=1% | gpu_mem_mean=2.3/47.8GB
------------------------------------------------------
| gpu/                                 |             |
|    gpu_count                         | 2           |
|    gpu_mem_total_gb_mean             | 47.8        |
|    gpu_mem_used_gb_mean              | 2.33        |
|    gpu_util_pct_max                  | 1           |
|    gpu_util_pct_mean                 | 0.5         |
| profile/                             |             |
|    hard/damage_mean                  | 0.338       |
|    hard/defense_damage_pct_mean      | 0.346       |
|    hard/defense_damage_reward_mean   | 0.0415      |
|    hard/defense_destroy_reward_mean  | 0.012       |
|    hard/defenses_destroyed_mean      | 2.41        |
|    hard/ep_len_mean                  | 61.5        |
|    hard/ep_rew_mean                  | 0.603       |
|    hard/episodes_window              | 200         |
|    hard/freeze_casts_mean            | 2           |
|    hard/freeze_effect_reward_mean    | 0.0734      |
|    hard/frozen_threat_damage_pct_... | 0.0661      |
|    hard/frozen_threat_ticks_mean     | 62.7        |
|    hard/objective_shaping_reward_... | 0.0747      |
|    hard/p_all_spells_used            | 0.995       |
|    hard/p_damage_ge_90               | 0           |
|    hard/p_stars_ge_2                 | 0.045       |
|    hard/rage_bonus_damage_pct_mean   | 0.00882     |
|    hard/rage_bonus_defense_damage... | 0.0062      |
|    hard/rage_bonus_townhall_damag... | 0.0158      |
|    hard/rage_casts_mean              | 2           |
|    hard/rage_effect_reward_mean      | 0.00309     |
|    hard/score_mean                   | 0.513       |
|    hard/spell_casts_mean             | 3.99        |
|    hard/spell_shaping_reward_mean    | 0.0762      |
|    hard/spells_remaining_mean        | 0.01        |
|    hard/stars_mean                   | 0.175       |
|    hard/ticks_mean                   | 611         |
|    hard/townhall_damage_pct_mean     | 0.164       |
|    hard/townhall_damage_reward_mean  | 0.0164      |
|    hard/townhall_destroy_reward_mean | 0.00475     |
|    hard/townhall_destroyed_rate      | 0.095       |
|    hard/truncated_rate               | 0.015       |
|    hard/unused_spell_penalty_mean    | 0.0003      |
|    hard/useful_freeze_casts_mean     | 2           |
|    hard/useful_rage_casts_mean       | 2           |
|    hard/wasted_spell_casts_mean      | 0           |
|    hard/wasted_spell_penalty_mean    | 0           |
|    medium/damage_mean                | 0.841       |
|    medium/defense_damage_pct_mean    | 0.781       |
|    medium/defense_damage_reward_mean | 0.0937      |
|    medium/defense_destroy_reward_... | 0.0182      |
|    medium/defenses_destroyed_mean    | 3.65        |
|    medium/ep_len_mean                | 70.2        |
|    medium/ep_rew_mean                | 3.26        |
|    medium/episodes_window            | 200         |
|    medium/freeze_casts_mean          | 1.95        |
|    medium/freeze_effect_reward_mean  | 0.0577      |
|    medium/frozen_threat_damage_pc... | 0.0514      |
|    medium/frozen_threat_ticks_mean   | 44.1        |
|    medium/objective_shaping_rewar... | 0.247       |
|    medium/p_all_spells_used          | 0.955       |
|    medium/p_damage_ge_90             | 0.475       |
|    medium/p_stars_ge_2               | 0.87        |
|    medium/rage_bonus_damage_pct_mean | 0.0307      |
|    medium/rage_bonus_defense_dama... | 0.0142      |
|    medium/rage_bonus_townhall_dam... | 0.0758      |
|    medium/rage_casts_mean            | 1.97        |
|    medium/rage_effect_reward_mean    | 0.0107      |
|    medium/score_mean                 | 3.02        |
|    medium/spell_casts_mean           | 3.92        |
|    medium/spell_shaping_reward_mean  | 0.0659      |
|    medium/spells_remaining_mean      | 0.085       |
|    medium/stars_mean                 | 2.17        |
|    medium/ticks_mean                 | 698         |
|    medium/townhall_damage_pct_mean   | 0.909       |
|    medium/townhall_damage_reward_... | 0.0909      |
|    medium/townhall_destroy_reward... | 0.0437      |
|    medium/townhall_destroyed_rate    | 0.875       |
|    medium/truncated_rate             | 0.14        |
|    medium/unused_spell_penalty_mean  | 0.00255     |
|    medium/useful_freeze_casts_mean   | 1.95        |
|    medium/useful_rage_casts_mean     | 1.97        |
|    medium/wasted_spell_casts_mean    | 0           |
|    medium/wasted_spell_penalty_mean  | 0           |
| rollout/                             |             |
|    ep_len_mean                       | 64.3        |
|    ep_rew_mean                       | 1.09        |
| throughput/                          |             |
|    env_steps_per_sec                 | 223         |
|    episodes_per_sec                  | 4.26        |
| time/                                |             |
|    fps                               | 202         |
|    iterations                        | 28          |
|    time_elapsed                      | 4534        |
|    total_timesteps                   | 8945664     |
| train/                               |             |
|    approx_kl                         | 0.007340745 |
|    clip_fraction                     | 0.0416      |
|    clip_range                        | 0.2         |
|    entropy_loss                      | -4.14       |
|    explained_variance                | 0.917       |
|    learning_rate                     | 0.0001      |
|    loss                              | -0.0344     |
|    n_updates                         | 2720        |
|    policy_gradient_loss              | -0.0134     |
|    value_loss                        | 0.0541      |
------------------------------------------------------
timesteps=8945728 | env_steps/sec=57.7 | episodes/sec=0.60 | gpu_util_mean=0% gpu_util_max=0% | gpu_mem_mean=2.3/47.8GB
timesteps=8946752 | env_steps/sec=203.5 | episodes/sec=3.18 | gpu_util_mean=0% gpu_util_max=1% | gpu_mem_mean=2.3/47.8GB
timesteps=8947840 | env_steps/sec=205.9 | episodes/sec=2.65 | gpu_util_mean=0% gpu_util_max=0% | gpu_mem_mean=2.3/47.8GB
timesteps=8948928 | env_steps/sec=211.1 | episodes/sec=4.46 | gpu_util_mean=0% gpu_util_max=1% | gpu_mem_mean=2.3/47.8GB
timesteps=8950016 | env_steps/sec=208.7 | episodes/sec=3.07 | gpu_util_mean=0% gpu_util_max=1% | gpu_mem_mean=2.3/47.8GB
timesteps=8951104 | env_steps/sec=206.9 | episodes/sec=2.85 | gpu_util_mean=0% gpu_util_max=1% | gpu_mem_mean=2.3/47.8GB
timesteps=8952192 | env_steps/sec=207.7 | episodes/sec=2.67 | gpu_util_mean=0% gpu_util_max=1% | gpu_mem_mean=2.3/47.8GB
timesteps=8953280 | env_steps/sec=216.0 | episodes/sec=5.16 | gpu_util_mean=1% gpu_util_max=1% | gpu_mem_mean=2.3/47.8GB
timesteps=8954368 | env_steps/sec=214.9 | episodes/sec=2.57 | gpu_util_mean=0% gpu_util_max=0% | gpu_mem_mean=2.3/47.8GB
timesteps=8955456 | env_steps/sec=207.2 | episodes/sec=3.62 | gpu_util_mean=0% gpu_util_max=1% | gpu_mem_mean=2.3/47.8GB
timesteps=8956544 | env_steps/sec=210.5 | episodes/sec=3.29 | gpu_util_mean=0% gpu_util_max=0% | gpu_mem_mean=2.3/47.8GB
timesteps=8957632 | env_steps/sec=211.4 | episodes/sec=4.08 | gpu_util_mean=19% gpu_util_max=37% | gpu_mem_mean=2.3/47.8GB
timesteps=8958720 | env_steps/sec=216.4 | episodes/sec=2.59 | gpu_util_mean=0% gpu_util_max=0% | gpu_mem_mean=2.3/47.8GB
timesteps=8959808 | env_steps/sec=209.5 | episodes/sec=3.27 | gpu_util_mean=0% gpu_util_max=0% | gpu_mem_mean=2.3/47.8GB
timesteps=8960896 | env_steps/sec=210.8 | episodes/sec=3.88 | gpu_util_mean=1% gpu_util_max=1% | gpu_mem_mean=2.3/47.8GB
timesteps=8961984 | env_steps/sec=208.4 | episodes/sec=3.06 | gpu_util_mean=0% gpu_util_max=1% | gpu_mem_mean=2.3/47.8GB
timesteps=8963008 | env_steps/sec=204.2 | episodes/sec=2.79 | gpu_util_mean=0% gpu_util_max=0% | gpu_mem_mean=2.3/47.8GB
timesteps=8964096 | env_steps/sec=215.0 | episodes/sec=4.54 | gpu_util_mean=0% gpu_util_max=0% | gpu_mem_mean=2.3/47.8GB
timesteps=8965120 | env_steps/sec=200.5 | episodes/sec=3.33 | gpu_util_mean=0% gpu_util_max=0% | gpu_mem_mean=2.3/47.8GB
timesteps=8966208 | env_steps/sec=211.5 | episodes/sec=2.72 | gpu_util_mean=0% gpu_util_max=1% | gpu_mem_mean=2.3/47.8GB
timesteps=8967296 | env_steps/sec=206.5 | episodes/sec=2.28 | gpu_util_mean=0% gpu_util_max=1% | gpu_mem_mean=2.3/47.8GB
timesteps=8968384 | env_steps/sec=214.4 | episodes/sec=4.53 | gpu_util_mean=0% gpu_util_max=1% | gpu_mem_mean=2.3/47.8GB
timesteps=8969408 | env_steps/sec=200.9 | episodes/sec=3.53 | gpu_util_mean=0% gpu_util_max=1% | gpu_mem_mean=2.3/47.8GB
timesteps=8970496 | env_steps/sec=210.0 | episodes/sec=2.32 | gpu_util_mean=0% gpu_util_max=1% | gpu_mem_mean=2.3/47.8GB
timesteps=8971584 | env_steps/sec=206.4 | episodes/sec=3.80 | gpu_util_mean=0% gpu_util_max=1% | gpu_mem_mean=2.3/47.8GB
timesteps=8972608 | env_steps/sec=203.4 | episodes/sec=2.38 | gpu_util_mean=0% gpu_util_max=0% | gpu_mem_mean=2.3/47.8GB
timesteps=8973696 | env_steps/sec=216.0 | episodes/sec=4.37 | gpu_util_mean=0% gpu_util_max=1% | gpu_mem_mean=2.3/47.8GB
timesteps=8974784 | env_steps/sec=217.5 | episodes/sec=2.80 | gpu_util_mean=0% gpu_util_max=1% | gpu_mem_mean=2.3/47.8GB
timesteps=8975872 | env_steps/sec=211.2 | episodes/sec=4.08 | gpu_util_mean=0% gpu_util_max=1% | gpu_mem_mean=2.3/47.8GB
timesteps=8976960 | env_steps/sec=208.6 | episodes/sec=2.88 | gpu_util_mean=0% gpu_util_max=0% | gpu_mem_mean=2.3/47.8GB
timesteps=8977984 | env_steps/sec=204.5 | episodes/sec=3.00 | gpu_util_mean=0% gpu_util_max=0% | gpu_mem_mean=2.3/47.8GB
-----------------------------------------------------
| gpu/                                 |            |
|    gpu_count                         | 2          |
|    gpu_mem_total_gb_mean             | 47.8       |
|    gpu_mem_used_gb_mean              | 2.33       |
|    gpu_util_pct_max                  | 0          |
|    gpu_util_pct_mean                 | 0          |
| profile/                             |            |
|    hard/damage_mean                  | 0.347      |
|    hard/defense_damage_pct_mean      | 0.338      |
|    hard/defense_damage_reward_mean   | 0.0405     |
|    hard/defense_destroy_reward_mean  | 0.0116     |
|    hard/defenses_destroyed_mean      | 2.32       |
|    hard/ep_len_mean                  | 61.6       |
|    hard/ep_rew_mean                  | 0.609      |
|    hard/episodes_window              | 200        |
|    hard/freeze_casts_mean            | 2          |
|    hard/freeze_effect_reward_mean    | 0.0731     |
|    hard/frozen_threat_damage_pct_... | 0.0644     |
|    hard/frozen_threat_ticks_mean     | 61.6       |
|    hard/objective_shaping_reward_... | 0.0772     |
|    hard/p_all_spells_used            | 0.995      |
|    hard/p_damage_ge_90               | 0          |
|    hard/p_stars_ge_2                 | 0.055      |
|    hard/rage_bonus_damage_pct_mean   | 0.00812    |
|    hard/rage_bonus_defense_damage... | 0.00535    |
|    hard/rage_bonus_townhall_damag... | 0.0139     |
|    hard/rage_casts_mean              | 1.99       |
|    hard/rage_effect_reward_mean      | 0.00284    |
|    hard/score_mean                   | 0.517      |
|    hard/spell_casts_mean             | 3.99       |
|    hard/spell_shaping_reward_mean    | 0.0756     |
|    hard/spells_remaining_mean        | 0.01       |
|    hard/stars_mean                   | 0.17       |
|    hard/ticks_mean                   | 612        |
|    hard/townhall_damage_pct_mean     | 0.2        |
|    hard/townhall_damage_reward_mean  | 0.02       |
|    hard/townhall_destroy_reward_mean | 0.005      |
|    hard/townhall_destroyed_rate      | 0.1        |
|    hard/truncated_rate               | 0.02       |
|    hard/unused_spell_penalty_mean    | 0.0003     |
|    hard/useful_freeze_casts_mean     | 2          |
|    hard/useful_rage_casts_mean       | 1.99       |
|    hard/wasted_spell_casts_mean      | 0          |
|    hard/wasted_spell_penalty_mean    | 0          |
|    medium/damage_mean                | 0.853      |
|    medium/defense_damage_pct_mean    | 0.795      |
|    medium/defense_damage_reward_mean | 0.0954     |
|    medium/defense_destroy_reward_... | 0.0186     |
|    medium/defenses_destroyed_mean    | 3.71       |
|    medium/ep_len_mean                | 69.5       |
|    medium/ep_rew_mean                | 3.32       |
|    medium/episodes_window            | 200        |
|    medium/freeze_casts_mean          | 1.92       |
|    medium/freeze_effect_reward_mean  | 0.0553     |
|    medium/frozen_threat_damage_pc... | 0.0483     |
|    medium/frozen_threat_ticks_mean   | 41.9       |
|    medium/objective_shaping_rewar... | 0.249      |
|    medium/p_all_spells_used          | 0.925      |
|    medium/p_damage_ge_90             | 0.535      |
|    medium/p_stars_ge_2               | 0.865      |
|    medium/rage_bonus_damage_pct_mean | 0.0308     |
|    medium/rage_bonus_defense_dama... | 0.013      |
|    medium/rage_bonus_townhall_dam... | 0.0858     |
|    medium/rage_casts_mean            | 1.97       |
|    medium/rage_effect_reward_mean    | 0.0108     |
|    medium/score_mean                 | 3.08       |
|    medium/spell_casts_mean           | 3.89       |
|    medium/spell_shaping_reward_mean  | 0.0628     |
|    medium/spells_remaining_mean      | 0.11       |
|    medium/stars_mean                 | 2.23       |
|    medium/ticks_mean                 | 691        |
|    medium/townhall_damage_pct_mean   | 0.917      |
|    medium/townhall_damage_reward_... | 0.0917     |
|    medium/townhall_destroy_reward... | 0.0435     |
|    medium/townhall_destroyed_rate    | 0.87       |
|    medium/truncated_rate             | 0.11       |
|    medium/unused_spell_penalty_mean  | 0.0033     |
|    medium/useful_freeze_casts_mean   | 1.92       |
|    medium/useful_rage_casts_mean     | 1.97       |
|    medium/wasted_spell_casts_mean    | 0          |
|    medium/wasted_spell_penalty_mean  | 0          |
| rollout/                             |            |
|    ep_len_mean                       | 64.1       |
|    ep_rew_mean                       | 1.23       |
| throughput/                          |            |
|    env_steps_per_sec                 | 204        |
|    episodes_per_sec                  | 3          |
| time/                                |            |
|    fps                               | 202        |
|    iterations                        | 29         |
|    time_elapsed                      | 4695       |
|    total_timesteps                   | 8978432    |
| train/                               |            |
|    approx_kl                         | 0.00914276 |
|    clip_fraction                     | 0.0625     |
|    clip_range                        | 0.2        |
|    entropy_loss                      | -4.14      |
|    explained_variance                | 0.918      |
|    learning_rate                     | 0.0001     |
|    loss                              | -0.0347    |
|    n_updates                         | 2730       |
|    policy_gradient_loss              | -0.0141    |
|    value_loss                        | 0.0547     |
-----------------------------------------------------
timesteps=8978496 | env_steps/sec=72.9 | episodes/sec=1.28 | gpu_util_mean=0% gpu_util_max=1% | gpu_mem_mean=2.3/47.8GB
timesteps=8979648 | env_steps/sec=223.3 | episodes/sec=4.46 | gpu_util_mean=0% gpu_util_max=1% | gpu_mem_mean=2.3/47.8GB
timesteps=8980672 | env_steps/sec=198.8 | episodes/sec=1.94 | gpu_util_mean=0% gpu_util_max=0% | gpu_mem_mean=2.3/47.8GB
timesteps=8981760 | env_steps/sec=207.2 | episodes/sec=3.81 | gpu_util_mean=1% gpu_util_max=1% | gpu_mem_mean=2.3/47.8GB
timesteps=8982784 | env_steps/sec=200.5 | episodes/sec=3.72 | gpu_util_mean=1% gpu_util_max=1% | gpu_mem_mean=2.3/47.8GB
timesteps=8983872 | env_steps/sec=208.2 | episodes/sec=2.68 | gpu_util_mean=0% gpu_util_max=0% | gpu_mem_mean=2.3/47.8GB
timesteps=8984960 | env_steps/sec=211.6 | episodes/sec=3.50 | gpu_util_mean=0% gpu_util_max=1% | gpu_mem_mean=2.3/47.8GB
timesteps=8986048 | env_steps/sec=205.6 | episodes/sec=3.21 | gpu_util_mean=0% gpu_util_max=0% | gpu_mem_mean=2.3/47.8GB
timesteps=8987136 | env_steps/sec=204.6 | episodes/sec=3.95 | gpu_util_mean=0% gpu_util_max=0% | gpu_mem_mean=2.3/47.8GB
timesteps=8988224 | env_steps/sec=207.4 | episodes/sec=2.29 | gpu_util_mean=0% gpu_util_max=0% | gpu_mem_mean=2.3/47.8GB
timesteps=8989312 | env_steps/sec=209.3 | episodes/sec=3.85 | gpu_util_mean=0% gpu_util_max=1% | gpu_mem_mean=2.3/47.8GB
timesteps=8990400 | env_steps/sec=211.6 | episodes/sec=2.72 | gpu_util_mean=16% gpu_util_max=31% | gpu_mem_mean=2.3/47.8GB
timesteps=8991488 | env_steps/sec=208.0 | episodes/sec=4.01 | gpu_util_mean=0% gpu_util_max=0% | gpu_mem_mean=2.3/47.8GB
timesteps=8992576 | env_steps/sec=207.3 | episodes/sec=2.67 | gpu_util_mean=0% gpu_util_max=1% | gpu_mem_mean=2.3/47.8GB
timesteps=8993600 | env_steps/sec=200.8 | episodes/sec=3.92 | gpu_util_mean=1% gpu_util_max=1% | gpu_mem_mean=2.3/47.8GB
timesteps=8994688 | env_steps/sec=211.6 | episodes/sec=2.92 | gpu_util_mean=0% gpu_util_max=1% | gpu_mem_mean=2.3/47.8GB
timesteps=8995776 | env_steps/sec=208.4 | episodes/sec=3.06 | gpu_util_mean=0% gpu_util_max=0% | gpu_mem_mean=2.3/47.8GB
timesteps=8996864 | env_steps/sec=210.4 | episodes/sec=3.29 | gpu_util_mean=0% gpu_util_max=1% | gpu_mem_mean=2.3/47.8GB
timesteps=8997888 | env_steps/sec=201.8 | episodes/sec=3.75 | gpu_util_mean=0% gpu_util_max=1% | gpu_mem_mean=2.3/47.8GB
timesteps=8998976 | env_steps/sec=206.9 | episodes/sec=3.80 | gpu_util_mean=0% gpu_util_max=0% | gpu_mem_mean=2.3/47.8GB
timesteps=9000064 | env_steps/sec=210.4 | episodes/sec=2.32 | gpu_util_mean=0% gpu_util_max=0% | gpu_mem_mean=2.3/47.8GB
timesteps=9001216 | env_steps/sec=218.1 | episodes/sec=3.98 | gpu_util_mean=1% gpu_util_max=1% | gpu_mem_mean=2.3/47.8GB
timesteps=9002304 | env_steps/sec=212.7 | episodes/sec=3.71 | gpu_util_mean=0% gpu_util_max=1% | gpu_mem_mean=2.3/47.8GB
timesteps=9003456 | env_steps/sec=218.2 | episodes/sec=2.84 | gpu_util_mean=0% gpu_util_max=1% | gpu_mem_mean=2.3/47.8GB
timesteps=9004544 | env_steps/sec=211.4 | episodes/sec=3.50 | gpu_util_mean=0% gpu_util_max=1% | gpu_mem_mean=2.3/47.8GB
timesteps=9005632 | env_steps/sec=213.9 | episodes/sec=2.95 | gpu_util_mean=0% gpu_util_max=0% | gpu_mem_mean=2.3/47.8GB
timesteps=9006656 | env_steps/sec=202.0 | episodes/sec=3.55 | gpu_util_mean=0% gpu_util_max=1% | gpu_mem_mean=2.3/47.8GB
timesteps=9007744 | env_steps/sec=208.0 | episodes/sec=3.44 | gpu_util_mean=0% gpu_util_max=1% | gpu_mem_mean=2.3/47.8GB
timesteps=9008832 | env_steps/sec=209.9 | episodes/sec=3.28 | gpu_util_mean=0% gpu_util_max=1% | gpu_mem_mean=2.3/47.8GB
timesteps=9009984 | env_steps/sec=218.9 | episodes/sec=3.23 | gpu_util_mean=0% gpu_util_max=0% | gpu_mem_mean=2.3/47.8GB
timesteps=9011072 | env_steps/sec=208.6 | episodes/sec=3.64 | gpu_util_mean=0% gpu_util_max=1% | gpu_mem_mean=2.3/47.8GB
------------------------------------------------------
| gpu/                                 |             |
|    gpu_count                         | 2           |
|    gpu_mem_total_gb_mean             | 47.8        |
|    gpu_mem_used_gb_mean              | 2.33        |
|    gpu_util_pct_max                  | 1           |
|    gpu_util_pct_mean                 | 0.5         |
| profile/                             |             |
|    hard/damage_mean                  | 0.352       |
|    hard/defense_damage_pct_mean      | 0.341       |
|    hard/defense_damage_reward_mean   | 0.0409      |
|    hard/defense_destroy_reward_mean  | 0.0118      |
|    hard/defenses_destroyed_mean      | 2.36        |
|    hard/ep_len_mean                  | 61.3        |
|    hard/ep_rew_mean                  | 0.644       |
|    hard/episodes_window              | 200         |
|    hard/freeze_casts_mean            | 1.99        |
|    hard/freeze_effect_reward_mean    | 0.0722      |
|    hard/frozen_threat_damage_pct_... | 0.0649      |
|    hard/frozen_threat_ticks_mean     | 62.1        |
|    hard/objective_shaping_reward_... | 0.0774      |
|    hard/p_all_spells_used            | 0.99        |
|    hard/p_damage_ge_90               | 0           |
|    hard/p_stars_ge_2                 | 0.06        |
|    hard/rage_bonus_damage_pct_mean   | 0.0101      |
|    hard/rage_bonus_defense_damage... | 0.00655     |
|    hard/rage_bonus_townhall_damag... | 0.0164      |
|    hard/rage_casts_mean              | 2           |
|    hard/rage_effect_reward_mean      | 0.00352     |
|    hard/score_mean                   | 0.552       |
|    hard/spell_casts_mean             | 3.98        |
|    hard/spell_shaping_reward_mean    | 0.0753      |
|    hard/spells_remaining_mean        | 0.015       |
|    hard/stars_mean                   | 0.2         |
|    hard/ticks_mean                   | 608         |
|    hard/townhall_damage_pct_mean     | 0.197       |
|    hard/townhall_damage_reward_mean  | 0.0197      |
|    hard/townhall_destroy_reward_mean | 0.005       |
|    hard/townhall_destroyed_rate      | 0.1         |
|    hard/truncated_rate               | 0.015       |
|    hard/unused_spell_penalty_mean    | 0.00045     |
|    hard/useful_freeze_casts_mean     | 1.99        |
|    hard/useful_rage_casts_mean       | 2           |
|    hard/wasted_spell_casts_mean      | 0           |
|    hard/wasted_spell_penalty_mean    | 0           |
|    medium/damage_mean                | 0.854       |
|    medium/defense_damage_pct_mean    | 0.797       |
|    medium/defense_damage_reward_mean | 0.0956      |
|    medium/defense_destroy_reward_... | 0.0189      |
|    medium/defenses_destroyed_mean    | 3.77        |
|    medium/ep_len_mean                | 68.6        |
|    medium/ep_rew_mean                | 3.32        |
|    medium/episodes_window            | 200         |
|    medium/freeze_casts_mean          | 1.93        |
|    medium/freeze_effect_reward_mean  | 0.0552      |
|    medium/frozen_threat_damage_pc... | 0.0485      |
|    medium/frozen_threat_ticks_mean   | 42.1        |
|    medium/objective_shaping_rewar... | 0.247       |
|    medium/p_all_spells_used          | 0.93        |
|    medium/p_damage_ge_90             | 0.56        |
|    medium/p_stars_ge_2               | 0.86        |
|    medium/rage_bonus_damage_pct_mean | 0.0304      |
|    medium/rage_bonus_defense_dama... | 0.0159      |
|    medium/rage_bonus_townhall_dam... | 0.0823      |
|    medium/rage_casts_mean            | 1.96        |
|    medium/rage_effect_reward_mean    | 0.0106      |
|    medium/score_mean                 | 3.08        |
|    medium/spell_casts_mean           | 3.89        |
|    medium/spell_shaping_reward_mean  | 0.0625      |
|    medium/spells_remaining_mean      | 0.11        |
|    medium/stars_mean                 | 2.23        |
|    medium/ticks_mean                 | 682         |
|    medium/townhall_damage_pct_mean   | 0.892       |
|    medium/townhall_damage_reward_... | 0.0892      |
|    medium/townhall_destroy_reward... | 0.043       |
|    medium/townhall_destroyed_rate    | 0.86        |
|    medium/truncated_rate             | 0.095       |
|    medium/unused_spell_penalty_mean  | 0.0033      |
|    medium/useful_freeze_casts_mean   | 1.93        |
|    medium/useful_rage_casts_mean     | 1.96        |
|    medium/wasted_spell_casts_mean    | 0           |
|    medium/wasted_spell_penalty_mean  | 0           |
| rollout/                             |             |
|    ep_len_mean                       | 63.8        |
|    ep_rew_mean                       | 1.29        |
| throughput/                          |             |
|    env_steps_per_sec                 | 209         |
|    episodes_per_sec                  | 3.64        |
| time/                                |             |
|    fps                               | 202         |
|    iterations                        | 30          |
|    time_elapsed                      | 4857        |
|    total_timesteps                   | 9011200     |
| train/                               |             |
|    approx_kl                         | 0.008619254 |
|    clip_fraction                     | 0.0504      |
|    clip_range                        | 0.2         |
|    entropy_loss                      | -4.19       |
|    explained_variance                | 0.913       |
|    learning_rate                     | 0.0001      |
|    loss                              | -0.0331     |
|    n_updates                         | 2740        |
|    policy_gradient_loss              | -0.0136     |
|    value_loss                        | 0.0569      |
------------------------------------------------------
timesteps=9011264 | env_steps/sec=34.5 | episodes/sec=0.54 | gpu_util_mean=19% gpu_util_max=37% | gpu_mem_mean=2.3/47.8GB
timesteps=9012352 | env_steps/sec=208.7 | episodes/sec=2.88 | gpu_util_mean=0% gpu_util_max=0% | gpu_mem_mean=2.3/47.8GB
timesteps=9013440 | env_steps/sec=206.9 | episodes/sec=3.04 | gpu_util_mean=0% gpu_util_max=1% | gpu_mem_mean=2.3/47.8GB
timesteps=9014592 | env_steps/sec=226.6 | episodes/sec=4.13 | gpu_util_mean=0% gpu_util_max=1% | gpu_mem_mean=2.3/47.8GB
timesteps=9015680 | env_steps/sec=206.2 | episodes/sec=2.84 | gpu_util_mean=0% gpu_util_max=1% | gpu_mem_mean=2.3/47.8GB
timesteps=9016704 | env_steps/sec=203.2 | episodes/sec=3.77 | gpu_util_mean=0% gpu_util_max=1% | gpu_mem_mean=2.3/47.8GB
timesteps=9017728 | env_steps/sec=198.6 | episodes/sec=3.10 | gpu_util_mean=0% gpu_util_max=0% | gpu_mem_mean=2.3/47.8GB
timesteps=9018816 | env_steps/sec=214.0 | episodes/sec=3.54 | gpu_util_mean=1% gpu_util_max=1% | gpu_mem_mean=2.3/47.8GB
timesteps=9019840 | env_steps/sec=203.9 | episodes/sec=2.99 | gpu_util_mean=0% gpu_util_max=1% | gpu_mem_mean=2.3/47.8GB
timesteps=9020928 | env_steps/sec=211.8 | episodes/sec=3.31 | gpu_util_mean=0% gpu_util_max=0% | gpu_mem_mean=2.3/47.8GB
timesteps=9022016 | env_steps/sec=208.3 | episodes/sec=3.64 | gpu_util_mean=0% gpu_util_max=0% | gpu_mem_mean=2.3/47.8GB
timesteps=9023104 | env_steps/sec=209.4 | episodes/sec=2.69 | gpu_util_mean=14% gpu_util_max=27% | gpu_mem_mean=2.3/47.8GB
timesteps=9024128 | env_steps/sec=198.2 | episodes/sec=3.48 | gpu_util_mean=1% gpu_util_max=1% | gpu_mem_mean=2.3/47.8GB
timesteps=9025216 | env_steps/sec=214.1 | episodes/sec=3.35 | gpu_util_mean=0% gpu_util_max=0% | gpu_mem_mean=2.3/47.8GB
timesteps=9026304 | env_steps/sec=210.2 | episodes/sec=3.48 | gpu_util_mean=0% gpu_util_max=1% | gpu_mem_mean=2.3/47.8GB
timesteps=9027392 | env_steps/sec=211.6 | episodes/sec=3.11 | gpu_util_mean=0% gpu_util_max=1% | gpu_mem_mean=2.3/47.8GB
timesteps=9028416 | env_steps/sec=199.3 | episodes/sec=2.92 | gpu_util_mean=1% gpu_util_max=1% | gpu_mem_mean=2.3/47.8GB
timesteps=9029504 | env_steps/sec=211.9 | episodes/sec=3.70 | gpu_util_mean=0% gpu_util_max=0% | gpu_mem_mean=2.3/47.8GB
timesteps=9030592 | env_steps/sec=208.1 | episodes/sec=3.44 | gpu_util_mean=0% gpu_util_max=0% | gpu_mem_mean=2.3/47.8GB
timesteps=9031680 | env_steps/sec=211.6 | episodes/sec=2.92 | gpu_util_mean=0% gpu_util_max=1% | gpu_mem_mean=2.3/47.8GB
timesteps=9032768 | env_steps/sec=210.7 | episodes/sec=3.10 | gpu_util_mean=0% gpu_util_max=1% | gpu_mem_mean=2.3/47.8GB
timesteps=9033856 | env_steps/sec=213.4 | episodes/sec=4.71 | gpu_util_mean=0% gpu_util_max=1% | gpu_mem_mean=2.3/47.8GB
timesteps=9034880 | env_steps/sec=204.4 | episodes/sec=1.80 | gpu_util_mean=0% gpu_util_max=0% | gpu_mem_mean=2.3/47.8GB
timesteps=9035968 | env_steps/sec=212.5 | episodes/sec=3.52 | gpu_util_mean=0% gpu_util_max=1% | gpu_mem_mean=2.3/47.8GB
timesteps=9037056 | env_steps/sec=213.4 | episodes/sec=4.71 | gpu_util_mean=0% gpu_util_max=1% | gpu_mem_mean=2.3/47.8GB
timesteps=9038144 | env_steps/sec=214.3 | episodes/sec=2.76 | gpu_util_mean=0% gpu_util_max=1% | gpu_mem_mean=2.3/47.8GB
timesteps=9039168 | env_steps/sec=198.8 | episodes/sec=3.11 | gpu_util_mean=0% gpu_util_max=1% | gpu_mem_mean=2.3/47.8GB
timesteps=9040256 | env_steps/sec=208.7 | episodes/sec=2.69 | gpu_util_mean=0% gpu_util_max=1% | gpu_mem_mean=2.3/47.8GB
timesteps=9041408 | env_steps/sec=219.7 | episodes/sec=4.58 | gpu_util_mean=0% gpu_util_max=1% | gpu_mem_mean=2.3/47.8GB
timesteps=9042496 | env_steps/sec=213.8 | episodes/sec=2.75 | gpu_util_mean=0% gpu_util_max=0% | gpu_mem_mean=2.3/47.8GB
timesteps=9043520 | env_steps/sec=204.3 | episodes/sec=2.79 | gpu_util_mean=1% gpu_util_max=1% | gpu_mem_mean=2.3/47.8GB
------------------------------------------------------
| gpu/                                 |             |
|    gpu_count                         | 2           |
|    gpu_mem_total_gb_mean             | 47.8        |
|    gpu_mem_used_gb_mean              | 2.33        |
|    gpu_util_pct_max                  | 1           |
|    gpu_util_pct_mean                 | 1           |
| profile/                             |             |
|    hard/damage_mean                  | 0.347       |
|    hard/defense_damage_pct_mean      | 0.337       |
|    hard/defense_damage_reward_mean   | 0.0405      |
|    hard/defense_destroy_reward_mean  | 0.012       |
|    hard/defenses_destroyed_mean      | 2.4         |
|    hard/ep_len_mean                  | 60.9        |
|    hard/ep_rew_mean                  | 0.632       |
|    hard/episodes_window              | 200         |
|    hard/freeze_casts_mean            | 2           |
|    hard/freeze_effect_reward_mean    | 0.0724      |
|    hard/frozen_threat_damage_pct_... | 0.0638      |
|    hard/frozen_threat_ticks_mean     | 61.1        |
|    hard/objective_shaping_reward_... | 0.0803      |
|    hard/p_all_spells_used            | 0.995       |
|    hard/p_damage_ge_90               | 0           |
|    hard/p_stars_ge_2                 | 0.055       |
|    hard/rage_bonus_damage_pct_mean   | 0.00915     |
|    hard/rage_bonus_defense_damage... | 0.00554     |
|    hard/rage_bonus_townhall_damag... | 0.0173      |
|    hard/rage_casts_mean              | 1.99        |
|    hard/rage_effect_reward_mean      | 0.0032      |
|    hard/score_mean                   | 0.537       |
|    hard/spell_casts_mean             | 3.99        |
|    hard/spell_shaping_reward_mean    | 0.0753      |
|    hard/spells_remaining_mean        | 0.01        |
|    hard/stars_mean                   | 0.19        |
|    hard/ticks_mean                   | 605         |
|    hard/townhall_damage_pct_mean     | 0.221       |
|    hard/townhall_damage_reward_mean  | 0.0221      |
|    hard/townhall_destroy_reward_mean | 0.00575     |
|    hard/townhall_destroyed_rate      | 0.115       |
|    hard/truncated_rate               | 0.005       |
|    hard/unused_spell_penalty_mean    | 0.0003      |
|    hard/useful_freeze_casts_mean     | 2           |
|    hard/useful_rage_casts_mean       | 1.99        |
|    hard/wasted_spell_casts_mean      | 0           |
|    hard/wasted_spell_penalty_mean    | 0           |
|    medium/damage_mean                | 0.854       |
|    medium/defense_damage_pct_mean    | 0.795       |
|    medium/defense_damage_reward_mean | 0.0954      |
|    medium/defense_destroy_reward_... | 0.0188      |
|    medium/defenses_destroyed_mean    | 3.77        |
|    medium/ep_len_mean                | 69.4        |
|    medium/ep_rew_mean                | 3.3         |
|    medium/episodes_window            | 200         |
|    medium/freeze_casts_mean          | 1.95        |
|    medium/freeze_effect_reward_mean  | 0.0581      |
|    medium/frozen_threat_damage_pc... | 0.0522      |
|    medium/frozen_threat_ticks_mean   | 44.7        |
|    medium/objective_shaping_rewar... | 0.25        |
|    medium/p_all_spells_used          | 0.935       |
|    medium/p_damage_ge_90             | 0.555       |
|    medium/p_stars_ge_2               | 0.875       |
|    medium/rage_bonus_damage_pct_mean | 0.0304      |
|    medium/rage_bonus_defense_dama... | 0.0152      |
|    medium/rage_bonus_townhall_dam... | 0.0826      |
|    medium/rage_casts_mean            | 1.93        |
|    medium/rage_effect_reward_mean    | 0.0106      |
|    medium/score_mean                 | 3.05        |
|    medium/spell_casts_mean           | 3.88        |
|    medium/spell_shaping_reward_mean  | 0.065       |
|    medium/spells_remaining_mean      | 0.125       |
|    medium/stars_mean                 | 2.2         |
|    medium/ticks_mean                 | 690         |
|    medium/townhall_damage_pct_mean   | 0.916       |
|    medium/townhall_damage_reward_... | 0.0916      |
|    medium/townhall_destroy_reward... | 0.0445      |
|    medium/townhall_destroyed_rate    | 0.89        |
|    medium/truncated_rate             | 0.095       |
|    medium/unused_spell_penalty_mean  | 0.00375     |
|    medium/useful_freeze_casts_mean   | 1.95        |
|    medium/useful_rage_casts_mean     | 1.93        |
|    medium/wasted_spell_casts_mean    | 0           |
|    medium/wasted_spell_penalty_mean  | 0           |
| rollout/                             |             |
|    ep_len_mean                       | 62.4        |
|    ep_rew_mean                       | 1.17        |
| throughput/                          |             |
|    env_steps_per_sec                 | 204         |
|    episodes_per_sec                  | 2.79        |
| time/                                |             |
|    fps                               | 202         |
|    iterations                        | 31          |
|    time_elapsed                      | 5018        |
|    total_timesteps                   | 9043968     |
| train/                               |             |
|    approx_kl                         | 0.007152577 |
|    clip_fraction                     | 0.0324      |
|    clip_range                        | 0.2         |
|    entropy_loss                      | -4.17       |
|    explained_variance                | 0.915       |
|    learning_rate                     | 0.0001      |
|    loss                              | -0.0328     |
|    n_updates                         | 2750        |
|    policy_gradient_loss              | -0.0123     |
|    value_loss                        | 0.0636      |
------------------------------------------------------
timesteps=9044032 | env_steps/sec=73.1 | episodes/sec=0.71 | gpu_util_mean=16% gpu_util_max=33% | gpu_mem_mean=2.3/47.8GB
timesteps=9045120 | env_steps/sec=209.5 | episodes/sec=4.24 | gpu_util_mean=0% gpu_util_max=1% | gpu_mem_mean=2.3/47.8GB
timesteps=9046208 | env_steps/sec=206.9 | episodes/sec=3.99 | gpu_util_mean=0% gpu_util_max=1% | gpu_mem_mean=2.3/47.8GB
timesteps=9047296 | env_steps/sec=211.0 | episodes/sec=2.33 | gpu_util_mean=0% gpu_util_max=1% | gpu_mem_mean=2.3/47.8GB
timesteps=9048384 | env_steps/sec=212.4 | episodes/sec=2.93 | gpu_util_mean=0% gpu_util_max=0% | gpu_mem_mean=2.3/47.8GB
timesteps=9049472 | env_steps/sec=210.5 | episodes/sec=4.26 | gpu_util_mean=0% gpu_util_max=1% | gpu_mem_mean=2.3/47.8GB
timesteps=9050560 | env_steps/sec=208.4 | episodes/sec=4.79 | gpu_util_mean=0% gpu_util_max=0% | gpu_mem_mean=2.3/47.8GB
timesteps=9051648 | env_steps/sec=208.9 | episodes/sec=1.34 | gpu_util_mean=0% gpu_util_max=1% | gpu_mem_mean=2.3/47.8GB
timesteps=9052672 | env_steps/sec=197.1 | episodes/sec=3.27 | gpu_util_mean=0% gpu_util_max=0% | gpu_mem_mean=2.3/47.8GB
timesteps=9053696 | env_steps/sec=204.5 | episodes/sec=2.60 | gpu_util_mean=0% gpu_util_max=0% | gpu_mem_mean=2.3/47.8GB
timesteps=9054784 | env_steps/sec=205.6 | episodes/sec=3.78 | gpu_util_mean=16% gpu_util_max=33% | gpu_mem_mean=2.3/47.8GB
timesteps=9055872 | env_steps/sec=214.0 | episodes/sec=2.95 | gpu_util_mean=0% gpu_util_max=1% | gpu_mem_mean=2.3/47.8GB
timesteps=9056896 | env_steps/sec=200.5 | episodes/sec=3.52 | gpu_util_mean=0% gpu_util_max=0% | gpu_mem_mean=2.3/47.8GB
timesteps=9057920 | env_steps/sec=203.0 | episodes/sec=3.57 | gpu_util_mean=0% gpu_util_max=0% | gpu_mem_mean=2.3/47.8GB
timesteps=9058944 | env_steps/sec=202.3 | episodes/sec=2.17 | gpu_util_mean=0% gpu_util_max=1% | gpu_mem_mean=2.3/47.8GB
timesteps=9060032 | env_steps/sec=215.0 | episodes/sec=4.15 | gpu_util_mean=0% gpu_util_max=0% | gpu_mem_mean=2.3/47.8GB
timesteps=9061120 | env_steps/sec=209.1 | episodes/sec=3.27 | gpu_util_mean=0% gpu_util_max=1% | gpu_mem_mean=2.3/47.8GB
timesteps=9062208 | env_steps/sec=206.2 | episodes/sec=3.60 | gpu_util_mean=0% gpu_util_max=1% | gpu_mem_mean=2.3/47.8GB
timesteps=9063296 | env_steps/sec=208.5 | episodes/sec=2.49 | gpu_util_mean=0% gpu_util_max=0% | gpu_mem_mean=2.3/47.8GB
timesteps=9064384 | env_steps/sec=211.8 | episodes/sec=3.11 | gpu_util_mean=1% gpu_util_max=1% | gpu_mem_mean=2.3/47.8GB
timesteps=9065472 | env_steps/sec=209.1 | episodes/sec=4.23 | gpu_util_mean=0% gpu_util_max=1% | gpu_mem_mean=2.3/47.8GB
timesteps=9066496 | env_steps/sec=200.1 | episodes/sec=2.93 | gpu_util_mean=0% gpu_util_max=1% | gpu_mem_mean=2.3/47.8GB
timesteps=9067520 | env_steps/sec=200.2 | episodes/sec=3.13 | gpu_util_mean=0% gpu_util_max=1% | gpu_mem_mean=2.3/47.8GB
timesteps=9068608 | env_steps/sec=208.7 | episodes/sec=3.26 | gpu_util_mean=1% gpu_util_max=1% | gpu_mem_mean=2.3/47.8GB
timesteps=9069696 | env_steps/sec=207.6 | episodes/sec=3.43 | gpu_util_mean=1% gpu_util_max=1% | gpu_mem_mean=2.3/47.8GB
timesteps=9070784 | env_steps/sec=209.1 | episodes/sec=3.27 | gpu_util_mean=0% gpu_util_max=1% | gpu_mem_mean=2.3/47.8GB
timesteps=9071808 | env_steps/sec=202.1 | episodes/sec=2.57 | gpu_util_mean=1% gpu_util_max=1% | gpu_mem_mean=2.3/47.8GB
timesteps=9072832 | env_steps/sec=203.2 | episodes/sec=3.97 | gpu_util_mean=0% gpu_util_max=1% | gpu_mem_mean=2.3/47.8GB
timesteps=9073920 | env_steps/sec=206.4 | episodes/sec=3.79 | gpu_util_mean=0% gpu_util_max=0% | gpu_mem_mean=2.3/47.8GB
timesteps=9074944 | env_steps/sec=199.1 | episodes/sec=2.33 | gpu_util_mean=0% gpu_util_max=1% | gpu_mem_mean=2.3/47.8GB
timesteps=9076032 | env_steps/sec=213.1 | episodes/sec=3.53 | gpu_util_mean=0% gpu_util_max=0% | gpu_mem_mean=2.3/47.8GB
------------------------------------------------------
| gpu/                                 |             |
|    gpu_count                         | 2           |
|    gpu_mem_total_gb_mean             | 47.8        |
|    gpu_mem_used_gb_mean              | 2.33        |
|    gpu_util_pct_max                  | 0           |
|    gpu_util_pct_mean                 | 0           |
| profile/                             |             |
|    hard/damage_mean                  | 0.342       |
|    hard/defense_damage_pct_mean      | 0.338       |
|    hard/defense_damage_reward_mean   | 0.0405      |
|    hard/defense_destroy_reward_mean  | 0.0113      |
|    hard/defenses_destroyed_mean      | 2.27        |
|    hard/ep_len_mean                  | 61.1        |
|    hard/ep_rew_mean                  | 0.659       |
|    hard/episodes_window              | 200         |
|    hard/freeze_casts_mean            | 2           |
|    hard/freeze_effect_reward_mean    | 0.0739      |
|    hard/frozen_threat_damage_pct_... | 0.0655      |
|    hard/frozen_threat_ticks_mean     | 62.6        |
|    hard/objective_shaping_reward_... | 0.077       |
|    hard/p_all_spells_used            | 0.99        |
|    hard/p_damage_ge_90               | 0           |
|    hard/p_stars_ge_2                 | 0.075       |
|    hard/rage_bonus_damage_pct_mean   | 0.00851     |
|    hard/rage_bonus_defense_damage... | 0.00574     |
|    hard/rage_bonus_townhall_damag... | 0.013       |
|    hard/rage_casts_mean              | 1.99        |
|    hard/rage_effect_reward_mean      | 0.00298     |
|    hard/score_mean                   | 0.567       |
|    hard/spell_casts_mean             | 3.98        |
|    hard/spell_shaping_reward_mean    | 0.0764      |
|    hard/spells_remaining_mean        | 0.015       |
|    hard/stars_mean                   | 0.225       |
|    hard/ticks_mean                   | 607         |
|    hard/townhall_damage_pct_mean     | 0.186       |
|    hard/townhall_damage_reward_mean  | 0.0186      |
|    hard/townhall_destroy_reward_mean | 0.0065      |
|    hard/townhall_destroyed_rate      | 0.13        |
|    hard/truncated_rate               | 0.015       |
|    hard/unused_spell_penalty_mean    | 0.00045     |
|    hard/useful_freeze_casts_mean     | 2           |
|    hard/useful_rage_casts_mean       | 1.99        |
|    hard/wasted_spell_casts_mean      | 0           |
|    hard/wasted_spell_penalty_mean    | 0           |
|    medium/damage_mean                | 0.838       |
|    medium/defense_damage_pct_mean    | 0.784       |
|    medium/defense_damage_reward_mean | 0.0941      |
|    medium/defense_destroy_reward_... | 0.0183      |
|    medium/defenses_destroyed_mean    | 3.65        |
|    medium/ep_len_mean                | 69.8        |
|    medium/ep_rew_mean                | 3.2         |
|    medium/episodes_window            | 200         |
|    medium/freeze_casts_mean          | 1.96        |
|    medium/freeze_effect_reward_mean  | 0.0606      |
|    medium/frozen_threat_damage_pc... | 0.0539      |
|    medium/frozen_threat_ticks_mean   | 46.4        |
|    medium/objective_shaping_rewar... | 0.245       |
|    medium/p_all_spells_used          | 0.935       |
|    medium/p_damage_ge_90             | 0.48        |
|    medium/p_stars_ge_2               | 0.845       |
|    medium/rage_bonus_damage_pct_mean | 0.0307      |
|    medium/rage_bonus_defense_dama... | 0.0139      |
|    medium/rage_bonus_townhall_dam... | 0.0832      |
|    medium/rage_casts_mean            | 1.93        |
|    medium/rage_effect_reward_mean    | 0.0107      |
|    medium/score_mean                 | 2.96        |
|    medium/spell_casts_mean           | 3.88        |
|    medium/spell_shaping_reward_mean  | 0.0677      |
|    medium/spells_remaining_mean      | 0.12        |
|    medium/stars_mean                 | 2.12        |
|    medium/ticks_mean                 | 694         |
|    medium/townhall_damage_pct_mean   | 0.898       |
|    medium/townhall_damage_reward_... | 0.0898      |
|    medium/townhall_destroy_reward... | 0.043       |
|    medium/townhall_destroyed_rate    | 0.86        |
|    medium/truncated_rate             | 0.115       |
|    medium/unused_spell_penalty_mean  | 0.0036      |
|    medium/useful_freeze_casts_mean   | 1.96        |
|    medium/useful_rage_casts_mean     | 1.93        |
|    medium/wasted_spell_casts_mean    | 0           |
|    medium/wasted_spell_penalty_mean  | 0           |
| rollout/                             |             |
|    ep_len_mean                       | 62.8        |
|    ep_rew_mean                       | 1.27        |
| throughput/                          |             |
|    env_steps_per_sec                 | 213         |
|    episodes_per_sec                  | 3.53        |
| time/                                |             |
|    fps                               | 202         |
|    iterations                        | 32          |
|    time_elapsed                      | 5181        |
|    total_timesteps                   | 9076736     |
| train/                               |             |
|    approx_kl                         | 0.008842481 |
|    clip_fraction                     | 0.0487      |
|    clip_range                        | 0.2         |
|    entropy_loss                      | -4.19       |
|    explained_variance                | 0.919       |
|    learning_rate                     | 0.0001      |
|    loss                              | -0.0408     |
|    n_updates                         | 2760        |
|    policy_gradient_loss              | -0.0136     |
|    value_loss                        | 0.0577      |
------------------------------------------------------
timesteps=9076800 | env_steps/sec=91.4 | episodes/sec=1.19 | gpu_util_mean=19% gpu_util_max=37% | gpu_mem_mean=2.3/47.8GB
timesteps=9077888 | env_steps/sec=208.4 | episodes/sec=3.45 | gpu_util_mean=1% gpu_util_max=1% | gpu_mem_mean=2.3/47.8GB
timesteps=9078976 | env_steps/sec=204.9 | episodes/sec=3.96 | gpu_util_mean=0% gpu_util_max=1% | gpu_mem_mean=2.3/47.8GB
timesteps=9080064 | env_steps/sec=206.5 | episodes/sec=2.66 | gpu_util_mean=0% gpu_util_max=1% | gpu_mem_mean=2.3/47.8GB
timesteps=9081152 | env_steps/sec=210.3 | episodes/sec=3.09 | gpu_util_mean=0% gpu_util_max=1% | gpu_mem_mean=2.3/47.8GB
timesteps=9082176 | env_steps/sec=202.6 | episodes/sec=3.36 | gpu_util_mean=0% gpu_util_max=1% | gpu_mem_mean=2.3/47.8GB
timesteps=9083264 | env_steps/sec=210.7 | episodes/sec=3.49 | gpu_util_mean=0% gpu_util_max=0% | gpu_mem_mean=2.3/47.8GB
timesteps=9084416 | env_steps/sec=222.7 | episodes/sec=3.87 | gpu_util_mean=0% gpu_util_max=0% | gpu_mem_mean=2.3/47.8GB
timesteps=9085504 | env_steps/sec=214.3 | episodes/sec=2.95 | gpu_util_mean=1% gpu_util_max=1% | gpu_mem_mean=2.3/47.8GB
timesteps=9086528 | env_steps/sec=203.1 | episodes/sec=3.37 | gpu_util_mean=16% gpu_util_max=30% | gpu_mem_mean=2.3/47.8GB
timesteps=9087616 | env_steps/sec=211.7 | episodes/sec=3.11 | gpu_util_mean=0% gpu_util_max=0% | gpu_mem_mean=2.3/47.8GB
timesteps=9088704 | env_steps/sec=205.8 | episodes/sec=4.16 | gpu_util_mean=0% gpu_util_max=0% | gpu_mem_mean=2.3/47.8GB
timesteps=9089728 | env_steps/sec=198.6 | episodes/sec=2.91 | gpu_util_mean=0% gpu_util_max=0% | gpu_mem_mean=2.3/47.8GB
timesteps=9090752 | env_steps/sec=196.9 | episodes/sec=2.12 | gpu_util_mean=0% gpu_util_max=0% | gpu_mem_mean=2.3/47.8GB
timesteps=9091840 | env_steps/sec=211.7 | episodes/sec=3.50 | gpu_util_mean=0% gpu_util_max=1% | gpu_mem_mean=2.3/47.8GB
timesteps=9092928 | env_steps/sec=209.3 | episodes/sec=4.42 | gpu_util_mean=0% gpu_util_max=0% | gpu_mem_mean=2.3/47.8GB
timesteps=9094016 | env_steps/sec=214.3 | episodes/sec=2.95 | gpu_util_mean=0% gpu_util_max=1% | gpu_mem_mean=2.3/47.8GB
timesteps=9095040 | env_steps/sec=200.0 | episodes/sec=2.15 | gpu_util_mean=0% gpu_util_max=1% | gpu_mem_mean=2.3/47.8GB
timesteps=9096128 | env_steps/sec=207.4 | episodes/sec=3.81 | gpu_util_mean=0% gpu_util_max=1% | gpu_mem_mean=2.3/47.8GB
timesteps=9097152 | env_steps/sec=201.0 | episodes/sec=4.12 | gpu_util_mean=0% gpu_util_max=1% | gpu_mem_mean=2.3/47.8GB
timesteps=9098176 | env_steps/sec=204.3 | episodes/sec=2.79 | gpu_util_mean=0% gpu_util_max=1% | gpu_mem_mean=2.3/47.8GB
timesteps=9099200 | env_steps/sec=201.5 | episodes/sec=2.76 | gpu_util_mean=0% gpu_util_max=0% | gpu_mem_mean=2.3/47.8GB
timesteps=9100224 | env_steps/sec=200.4 | episodes/sec=4.30 | gpu_util_mean=0% gpu_util_max=1% | gpu_mem_mean=2.3/47.8GB
timesteps=9101312 | env_steps/sec=206.0 | episodes/sec=2.84 | gpu_util_mean=0% gpu_util_max=1% | gpu_mem_mean=2.3/47.8GB
timesteps=9102400 | env_steps/sec=207.1 | episodes/sec=2.09 | gpu_util_mean=0% gpu_util_max=0% | gpu_mem_mean=2.3/47.8GB
timesteps=9103488 | env_steps/sec=211.8 | episodes/sec=3.50 | gpu_util_mean=0% gpu_util_max=0% | gpu_mem_mean=2.3/47.8GB
timesteps=9104576 | env_steps/sec=216.0 | episodes/sec=4.96 | gpu_util_mean=0% gpu_util_max=1% | gpu_mem_mean=2.3/47.8GB
timesteps=9105664 | env_steps/sec=207.6 | episodes/sec=2.29 | gpu_util_mean=0% gpu_util_max=1% | gpu_mem_mean=2.3/47.8GB
timesteps=9106688 | env_steps/sec=197.5 | episodes/sec=2.70 | gpu_util_mean=1% gpu_util_max=1% | gpu_mem_mean=2.3/47.8GB
timesteps=9107776 | env_steps/sec=208.3 | episodes/sec=3.83 | gpu_util_mean=0% gpu_util_max=0% | gpu_mem_mean=2.3/47.8GB
timesteps=9108864 | env_steps/sec=214.6 | episodes/sec=3.94 | gpu_util_mean=0% gpu_util_max=1% | gpu_mem_mean=2.3/47.8GB
------------------------------------------------------
| gpu/                                 |             |
|    gpu_count                         | 2           |
|    gpu_mem_total_gb_mean             | 47.8        |
|    gpu_mem_used_gb_mean              | 2.33        |
|    gpu_util_pct_max                  | 1           |
|    gpu_util_pct_mean                 | 0.5         |
| profile/                             |             |
|    hard/damage_mean                  | 0.355       |
|    hard/defense_damage_pct_mean      | 0.339       |
|    hard/defense_damage_reward_mean   | 0.0407      |
|    hard/defense_destroy_reward_mean  | 0.0117      |
|    hard/defenses_destroyed_mean      | 2.33        |
|    hard/ep_len_mean                  | 61.5        |
|    hard/ep_rew_mean                  | 0.654       |
|    hard/episodes_window              | 200         |
|    hard/freeze_casts_mean            | 2           |
|    hard/freeze_effect_reward_mean    | 0.0711      |
|    hard/frozen_threat_damage_pct_... | 0.0625      |
|    hard/frozen_threat_ticks_mean     | 60.7        |
|    hard/objective_shaping_reward_... | 0.0854      |
|    hard/p_all_spells_used            | 0.995       |
|    hard/p_damage_ge_90               | 0           |
|    hard/p_stars_ge_2                 | 0.035       |
|    hard/rage_bonus_damage_pct_mean   | 0.01        |
|    hard/rage_bonus_defense_damage... | 0.00651     |
|    hard/rage_bonus_townhall_damag... | 0.021       |
|    hard/rage_casts_mean              | 2           |
|    hard/rage_effect_reward_mean      | 0.00352     |
|    hard/score_mean                   | 0.555       |
|    hard/spell_casts_mean             | 3.99        |
|    hard/spell_shaping_reward_mean    | 0.0744      |
|    hard/spells_remaining_mean        | 0.01        |
|    hard/stars_mean                   | 0.2         |
|    hard/ticks_mean                   | 610         |
|    hard/townhall_damage_pct_mean     | 0.255       |
|    hard/townhall_damage_reward_mean  | 0.0255      |
|    hard/townhall_destroy_reward_mean | 0.0075      |
|    hard/townhall_destroyed_rate      | 0.15        |
|    hard/truncated_rate               | 0.015       |
|    hard/unused_spell_penalty_mean    | 0.0003      |
|    hard/useful_freeze_casts_mean     | 2           |
|    hard/useful_rage_casts_mean       | 2           |
|    hard/wasted_spell_casts_mean      | 0           |
|    hard/wasted_spell_penalty_mean    | 0           |
|    medium/damage_mean                | 0.845       |
|    medium/defense_damage_pct_mean    | 0.789       |
|    medium/defense_damage_reward_mean | 0.0947      |
|    medium/defense_destroy_reward_... | 0.0185      |
|    medium/defenses_destroyed_mean    | 3.69        |
|    medium/ep_len_mean                | 69.5        |
|    medium/ep_rew_mean                | 3.24        |
|    medium/episodes_window            | 200         |
|    medium/freeze_casts_mean          | 1.94        |
|    medium/freeze_effect_reward_mean  | 0.0587      |
|    medium/frozen_threat_damage_pc... | 0.0515      |
|    medium/frozen_threat_ticks_mean   | 43.9        |
|    medium/objective_shaping_rewar... | 0.245       |
|    medium/p_all_spells_used          | 0.945       |
|    medium/p_damage_ge_90             | 0.47        |
|    medium/p_stars_ge_2               | 0.83        |
|    medium/rage_bonus_damage_pct_mean | 0.0297      |
|    medium/rage_bonus_defense_dama... | 0.0132      |
|    medium/rage_bonus_townhall_dam... | 0.0796      |
|    medium/rage_casts_mean            | 1.96        |
|    medium/rage_effect_reward_mean    | 0.0104      |
|    medium/score_mean                 | 2.99        |
|    medium/spell_casts_mean           | 3.9         |
|    medium/spell_shaping_reward_mean  | 0.0659      |
|    medium/spells_remaining_mean      | 0.105       |
|    medium/stars_mean                 | 2.15        |
|    medium/ticks_mean                 | 691         |
|    medium/townhall_damage_pct_mean   | 0.897       |
|    medium/townhall_damage_reward_... | 0.0897      |
|    medium/townhall_destroy_reward... | 0.0422      |
|    medium/townhall_destroyed_rate    | 0.845       |
|    medium/truncated_rate             | 0.115       |
|    medium/unused_spell_penalty_mean  | 0.00315     |
|    medium/useful_freeze_casts_mean   | 1.94        |
|    medium/useful_rage_casts_mean     | 1.96        |
|    medium/wasted_spell_casts_mean    | 0           |
|    medium/wasted_spell_penalty_mean  | 0           |
| rollout/                             |             |
|    ep_len_mean                       | 63          |
|    ep_rew_mean                       | 1.32        |
| throughput/                          |             |
|    env_steps_per_sec                 | 215         |
|    episodes_per_sec                  | 3.94        |
| time/                                |             |
|    fps                               | 202         |
|    iterations                        | 33          |
|    time_elapsed                      | 5344        |
|    total_timesteps                   | 9109504     |
| train/                               |             |
|    approx_kl                         | 0.006387552 |
|    clip_fraction                     | 0.0237      |
|    clip_range                        | 0.2         |
|    entropy_loss                      | -4.16       |
|    explained_variance                | 0.913       |
|    learning_rate                     | 0.0001      |
|    loss                              | -0.0391     |
|    n_updates                         | 2770        |
|    policy_gradient_loss              | -0.0103     |
|    value_loss                        | 0.0642      |
------------------------------------------------------
timesteps=9109568 | env_steps/sec=85.9 | episodes/sec=1.46 | gpu_util_mean=18% gpu_util_max=36% | gpu_mem_mean=2.3/47.8GB
timesteps=9110592 | env_steps/sec=200.6 | episodes/sec=1.96 | gpu_util_mean=0% gpu_util_max=0% | gpu_mem_mean=2.3/47.8GB
timesteps=9111616 | env_steps/sec=201.6 | episodes/sec=3.74 | gpu_util_mean=0% gpu_util_max=1% | gpu_mem_mean=2.3/47.8GB
timesteps=9112704 | env_steps/sec=209.5 | episodes/sec=4.24 | gpu_util_mean=0% gpu_util_max=0% | gpu_mem_mean=2.3/47.8GB
timesteps=9113792 | env_steps/sec=206.6 | episodes/sec=2.66 | gpu_util_mean=0% gpu_util_max=0% | gpu_mem_mean=2.3/47.8GB
timesteps=9114880 | env_steps/sec=205.9 | episodes/sec=2.65 | gpu_util_mean=0% gpu_util_max=0% | gpu_mem_mean=2.3/47.8GB
timesteps=9115968 | env_steps/sec=212.0 | episodes/sec=4.29 | gpu_util_mean=0% gpu_util_max=0% | gpu_mem_mean=2.3/47.8GB
timesteps=9117056 | env_steps/sec=214.3 | episodes/sec=3.15 | gpu_util_mean=0% gpu_util_max=1% | gpu_mem_mean=2.3/47.8GB
timesteps=9118144 | env_steps/sec=210.0 | episodes/sec=2.70 | gpu_util_mean=0% gpu_util_max=0% | gpu_mem_mean=2.3/47.8GB
timesteps=9119232 | env_steps/sec=209.2 | episodes/sec=3.85 | gpu_util_mean=18% gpu_util_max=35% | gpu_mem_mean=2.3/47.8GB
timesteps=9120320 | env_steps/sec=206.2 | episodes/sec=3.22 | gpu_util_mean=0% gpu_util_max=0% | gpu_mem_mean=2.3/47.8GB
timesteps=9121344 | env_steps/sec=202.7 | episodes/sec=3.17 | gpu_util_mean=0% gpu_util_max=1% | gpu_mem_mean=2.3/47.8GB
timesteps=9122368 | env_steps/sec=198.2 | episodes/sec=2.90 | gpu_util_mean=0% gpu_util_max=1% | gpu_mem_mean=2.3/47.8GB
timesteps=9123456 | env_steps/sec=208.0 | episodes/sec=3.44 | gpu_util_mean=0% gpu_util_max=1% | gpu_mem_mean=2.3/47.8GB
timesteps=9124544 | env_steps/sec=211.0 | episodes/sec=4.27 | gpu_util_mean=0% gpu_util_max=1% | gpu_mem_mean=2.3/47.8GB
timesteps=9125632 | env_steps/sec=206.7 | episodes/sec=2.09 | gpu_util_mean=0% gpu_util_max=0% | gpu_mem_mean=2.3/47.8GB
timesteps=9126720 | env_steps/sec=211.8 | episodes/sec=4.09 | gpu_util_mean=0% gpu_util_max=1% | gpu_mem_mean=2.3/47.8GB
timesteps=9127808 | env_steps/sec=213.7 | episodes/sec=3.93 | gpu_util_mean=0% gpu_util_max=0% | gpu_mem_mean=2.3/47.8GB
timesteps=9128896 | env_steps/sec=206.6 | episodes/sec=3.23 | gpu_util_mean=0% gpu_util_max=0% | gpu_mem_mean=2.3/47.8GB
timesteps=9129984 | env_steps/sec=205.7 | episodes/sec=2.27 | gpu_util_mean=0% gpu_util_max=1% | gpu_mem_mean=2.3/47.8GB
timesteps=9131008 | env_steps/sec=199.8 | episodes/sec=4.10 | gpu_util_mean=0% gpu_util_max=1% | gpu_mem_mean=2.3/47.8GB
timesteps=9132096 | env_steps/sec=206.2 | episodes/sec=3.03 | gpu_util_mean=0% gpu_util_max=1% | gpu_mem_mean=2.3/47.8GB
timesteps=9133120 | env_steps/sec=204.2 | episodes/sec=3.19 | gpu_util_mean=1% gpu_util_max=1% | gpu_mem_mean=2.3/47.8GB
timesteps=9134208 | env_steps/sec=211.3 | episodes/sec=3.30 | gpu_util_mean=0% gpu_util_max=1% | gpu_mem_mean=2.3/47.8GB
timesteps=9135296 | env_steps/sec=206.7 | episodes/sec=3.23 | gpu_util_mean=0% gpu_util_max=1% | gpu_mem_mean=2.3/47.8GB
timesteps=9136384 | env_steps/sec=210.7 | episodes/sec=3.49 | gpu_util_mean=0% gpu_util_max=0% | gpu_mem_mean=2.3/47.8GB
timesteps=9137472 | env_steps/sec=204.6 | episodes/sec=3.01 | gpu_util_mean=0% gpu_util_max=1% | gpu_mem_mean=2.3/47.8GB
timesteps=9138560 | env_steps/sec=210.4 | episodes/sec=2.71 | gpu_util_mean=0% gpu_util_max=0% | gpu_mem_mean=2.3/47.8GB
timesteps=9139648 | env_steps/sec=208.9 | episodes/sec=3.46 | gpu_util_mean=0% gpu_util_max=1% | gpu_mem_mean=2.3/47.8GB
timesteps=9140800 | env_steps/sec=220.1 | episodes/sec=4.78 | gpu_util_mean=0% gpu_util_max=0% | gpu_mem_mean=2.3/47.8GB
timesteps=9141888 | env_steps/sec=210.6 | episodes/sec=2.90 | gpu_util_mean=0% gpu_util_max=1% | gpu_mem_mean=2.3/47.8GB
------------------------------------------------------
| gpu/                                 |             |
|    gpu_count                         | 2           |
|    gpu_mem_total_gb_mean             | 47.8        |
|    gpu_mem_used_gb_mean              | 2.33        |
|    gpu_util_pct_max                  | 1           |
|    gpu_util_pct_mean                 | 0.5         |
| profile/                             |             |
|    hard/damage_mean                  | 0.332       |
|    hard/defense_damage_pct_mean      | 0.316       |
|    hard/defense_damage_reward_mean   | 0.0379      |
|    hard/defense_destroy_reward_mean  | 0.0108      |
|    hard/defenses_destroyed_mean      | 2.16        |
|    hard/ep_len_mean                  | 61.4        |
|    hard/ep_rew_mean                  | 0.597       |
|    hard/episodes_window              | 200         |
|    hard/freeze_casts_mean            | 2           |
|    hard/freeze_effect_reward_mean    | 0.0688      |
|    hard/frozen_threat_damage_pct_... | 0.0591      |
|    hard/frozen_threat_ticks_mean     | 57          |
|    hard/objective_shaping_reward_... | 0.0734      |
|    hard/p_all_spells_used            | 0.995       |
|    hard/p_damage_ge_90               | 0           |
|    hard/p_stars_ge_2                 | 0.045       |
|    hard/rage_bonus_damage_pct_mean   | 0.00894     |
|    hard/rage_bonus_defense_damage... | 0.00621     |
|    hard/rage_bonus_townhall_damag... | 0.0149      |
|    hard/rage_casts_mean              | 2           |
|    hard/rage_effect_reward_mean      | 0.00313     |
|    hard/score_mean                   | 0.512       |
|    hard/spell_casts_mean             | 4           |
|    hard/spell_shaping_reward_mean    | 0.0718      |
|    hard/spells_remaining_mean        | 0.005       |
|    hard/stars_mean                   | 0.18        |
|    hard/ticks_mean                   | 610         |
|    hard/townhall_damage_pct_mean     | 0.192       |
|    hard/townhall_damage_reward_mean  | 0.0192      |
|    hard/townhall_destroy_reward_mean | 0.0055      |
|    hard/townhall_destroyed_rate      | 0.11        |
|    hard/truncated_rate               | 0.025       |
|    hard/unused_spell_penalty_mean    | 0.00015     |
|    hard/useful_freeze_casts_mean     | 2           |
|    hard/useful_rage_casts_mean       | 2           |
|    hard/wasted_spell_casts_mean      | 0           |
|    hard/wasted_spell_penalty_mean    | 0           |
|    medium/damage_mean                | 0.838       |
|    medium/defense_damage_pct_mean    | 0.784       |
|    medium/defense_damage_reward_mean | 0.094       |
|    medium/defense_destroy_reward_... | 0.0183      |
|    medium/defenses_destroyed_mean    | 3.66        |
|    medium/ep_len_mean                | 68.4        |
|    medium/ep_rew_mean                | 3.25        |
|    medium/episodes_window            | 200         |
|    medium/freeze_casts_mean          | 1.9         |
|    medium/freeze_effect_reward_mean  | 0.0557      |
|    medium/frozen_threat_damage_pc... | 0.0497      |
|    medium/frozen_threat_ticks_mean   | 42.8        |
|    medium/objective_shaping_rewar... | 0.243       |
|    medium/p_all_spells_used          | 0.93        |
|    medium/p_damage_ge_90             | 0.52        |
|    medium/p_stars_ge_2               | 0.83        |
|    medium/rage_bonus_damage_pct_mean | 0.0299      |
|    medium/rage_bonus_defense_dama... | 0.0128      |
|    medium/rage_bonus_townhall_dam... | 0.0823      |
|    medium/rage_casts_mean            | 1.94        |
|    medium/rage_effect_reward_mean    | 0.0105      |
|    medium/score_mean                 | 3.01        |
|    medium/spell_casts_mean           | 3.83        |
|    medium/spell_shaping_reward_mean  | 0.0612      |
|    medium/spells_remaining_mean      | 0.165       |
|    medium/stars_mean                 | 2.17        |
|    medium/ticks_mean                 | 680         |
|    medium/townhall_damage_pct_mean   | 0.882       |
|    medium/townhall_damage_reward_... | 0.0882      |
|    medium/townhall_destroy_reward... | 0.0425      |
|    medium/townhall_destroyed_rate    | 0.85        |
|    medium/truncated_rate             | 0.075       |
|    medium/unused_spell_penalty_mean  | 0.00495     |
|    medium/useful_freeze_casts_mean   | 1.9         |
|    medium/useful_rage_casts_mean     | 1.94        |
|    medium/wasted_spell_casts_mean    | 0           |
|    medium/wasted_spell_penalty_mean  | 0           |
| rollout/                             |             |
|    ep_len_mean                       | 64.5        |
|    ep_rew_mean                       | 1.2         |
| throughput/                          |             |
|    env_steps_per_sec                 | 211         |
|    episodes_per_sec                  | 2.9         |
| time/                                |             |
|    fps                               | 202         |
|    iterations                        | 34          |
|    time_elapsed                      | 5506        |
|    total_timesteps                   | 9142272     |
| train/                               |             |
|    approx_kl                         | 0.009203678 |
|    clip_fraction                     | 0.0594      |
|    clip_range                        | 0.2         |
|    entropy_loss                      | -4.18       |
|    explained_variance                | 0.913       |
|    learning_rate                     | 0.0001      |
|    loss                              | -0.038      |
|    n_updates                         | 2780        |
|    policy_gradient_loss              | -0.0142     |
|    value_loss                        | 0.0583      |
------------------------------------------------------
timesteps=9142336 | env_steps/sec=66.7 | episodes/sec=0.45 | gpu_util_mean=1% gpu_util_max=1% | gpu_mem_mean=2.3/47.8GB
timesteps=9143360 | env_steps/sec=203.7 | episodes/sec=3.78 | gpu_util_mean=0% gpu_util_max=1% | gpu_mem_mean=2.3/47.8GB
timesteps=9144384 | env_steps/sec=204.6 | episodes/sec=3.60 | gpu_util_mean=1% gpu_util_max=1% | gpu_mem_mean=2.3/47.8GB
timesteps=9145472 | env_steps/sec=213.2 | episodes/sec=2.74 | gpu_util_mean=0% gpu_util_max=0% | gpu_mem_mean=2.3/47.8GB
timesteps=9146560 | env_steps/sec=206.2 | episodes/sec=3.60 | gpu_util_mean=0% gpu_util_max=0% | gpu_mem_mean=2.3/47.8GB
timesteps=9147584 | env_steps/sec=202.4 | episodes/sec=3.36 | gpu_util_mean=0% gpu_util_max=0% | gpu_mem_mean=2.3/47.8GB
timesteps=9148672 | env_steps/sec=206.1 | episodes/sec=2.65 | gpu_util_mean=0% gpu_util_max=0% | gpu_mem_mean=2.3/47.8GB
timesteps=9149760 | env_steps/sec=205.7 | episodes/sec=3.21 | gpu_util_mean=0% gpu_util_max=1% | gpu_mem_mean=2.3/47.8GB
timesteps=9150848 | env_steps/sec=211.5 | episodes/sec=3.89 | gpu_util_mean=18% gpu_util_max=37% | gpu_mem_mean=2.3/47.8GB
timesteps=9151936 | env_steps/sec=217.2 | episodes/sec=3.19 | gpu_util_mean=0% gpu_util_max=1% | gpu_mem_mean=2.3/47.8GB
timesteps=9153024 | env_steps/sec=205.9 | episodes/sec=2.65 | gpu_util_mean=0% gpu_util_max=0% | gpu_mem_mean=2.3/47.8GB
timesteps=9154112 | env_steps/sec=216.1 | episodes/sec=4.57 | gpu_util_mean=0% gpu_util_max=0% | gpu_mem_mean=2.3/47.8GB
timesteps=9155200 | env_steps/sec=214.5 | episodes/sec=3.35 | gpu_util_mean=0% gpu_util_max=0% | gpu_mem_mean=2.3/47.8GB
timesteps=9156288 | env_steps/sec=205.3 | episodes/sec=2.26 | gpu_util_mean=0% gpu_util_max=1% | gpu_mem_mean=2.3/47.8GB
timesteps=9157312 | env_steps/sec=198.3 | episodes/sec=3.29 | gpu_util_mean=0% gpu_util_max=0% | gpu_mem_mean=2.3/47.8GB
timesteps=9158400 | env_steps/sec=209.2 | episodes/sec=3.46 | gpu_util_mean=1% gpu_util_max=1% | gpu_mem_mean=2.3/47.8GB
timesteps=9159424 | env_steps/sec=204.5 | episodes/sec=4.19 | gpu_util_mean=1% gpu_util_max=1% | gpu_mem_mean=2.3/47.8GB
timesteps=9160448 | env_steps/sec=197.9 | episodes/sec=2.13 | gpu_util_mean=0% gpu_util_max=0% | gpu_mem_mean=2.3/47.8GB
timesteps=9161536 | env_steps/sec=207.2 | episodes/sec=4.19 | gpu_util_mean=0% gpu_util_max=0% | gpu_mem_mean=2.3/47.8GB
timesteps=9162624 | env_steps/sec=210.7 | episodes/sec=2.71 | gpu_util_mean=0% gpu_util_max=1% | gpu_mem_mean=2.3/47.8GB
timesteps=9163648 | env_steps/sec=201.4 | episodes/sec=3.34 | gpu_util_mean=0% gpu_util_max=1% | gpu_mem_mean=2.3/47.8GB
timesteps=9164736 | env_steps/sec=210.0 | episodes/sec=2.12 | gpu_util_mean=0% gpu_util_max=1% | gpu_mem_mean=2.3/47.8GB
timesteps=9165824 | env_steps/sec=205.2 | episodes/sec=4.71 | gpu_util_mean=0% gpu_util_max=1% | gpu_mem_mean=2.3/47.8GB
timesteps=9166848 | env_steps/sec=201.7 | episodes/sec=3.74 | gpu_util_mean=0% gpu_util_max=0% | gpu_mem_mean=2.3/47.8GB
timesteps=9167872 | env_steps/sec=199.0 | episodes/sec=1.94 | gpu_util_mean=0% gpu_util_max=1% | gpu_mem_mean=2.3/47.8GB
timesteps=9168960 | env_steps/sec=211.0 | episodes/sec=2.13 | gpu_util_mean=0% gpu_util_max=0% | gpu_mem_mean=2.3/47.8GB
timesteps=9170048 | env_steps/sec=214.0 | episodes/sec=4.72 | gpu_util_mean=0% gpu_util_max=0% | gpu_mem_mean=2.3/47.8GB
timesteps=9171136 | env_steps/sec=213.9 | episodes/sec=4.92 | gpu_util_mean=0% gpu_util_max=0% | gpu_mem_mean=2.3/47.8GB
timesteps=9172160 | env_steps/sec=197.6 | episodes/sec=1.74 | gpu_util_mean=0% gpu_util_max=1% | gpu_mem_mean=2.3/47.8GB
timesteps=9173184 | env_steps/sec=204.0 | episodes/sec=2.19 | gpu_util_mean=0% gpu_util_max=1% | gpu_mem_mean=2.3/47.8GB
timesteps=9174272 | env_steps/sec=207.7 | episodes/sec=3.25 | gpu_util_mean=0% gpu_util_max=0% | gpu_mem_mean=2.3/47.8GB
-----------------------------------------------------
| gpu/                                 |            |
|    gpu_count                         | 2          |
|    gpu_mem_total_gb_mean             | 47.8       |
|    gpu_mem_used_gb_mean              | 2.33       |
|    gpu_util_pct_max                  | 0          |
|    gpu_util_pct_mean                 | 0          |
| profile/                             |            |
|    hard/damage_mean                  | 0.365      |
|    hard/defense_damage_pct_mean      | 0.355      |
|    hard/defense_damage_reward_mean   | 0.0426     |
|    hard/defense_destroy_reward_mean  | 0.0126     |
|    hard/defenses_destroyed_mean      | 2.52       |
|    hard/ep_len_mean                  | 61.5       |
|    hard/ep_rew_mean                  | 0.744      |
|    hard/episodes_window              | 200        |
|    hard/freeze_casts_mean            | 1.99       |
|    hard/freeze_effect_reward_mean    | 0.0727     |
|    hard/frozen_threat_damage_pct_... | 0.0636     |
|    hard/frozen_threat_ticks_mean     | 61.4       |
|    hard/objective_shaping_reward_... | 0.0848     |
|    hard/p_all_spells_used            | 0.995      |
|    hard/p_damage_ge_90               | 0          |
|    hard/p_stars_ge_2                 | 0.1        |
|    hard/rage_bonus_damage_pct_mean   | 0.0101     |
|    hard/rage_bonus_defense_damage... | 0.00607    |
|    hard/rage_bonus_townhall_damag... | 0.0166     |
|    hard/rage_casts_mean              | 2          |
|    hard/rage_effect_reward_mean      | 0.00354    |
|    hard/score_mean                   | 0.645      |
|    hard/spell_casts_mean             | 3.99       |
|    hard/spell_shaping_reward_mean    | 0.0759     |
|    hard/spells_remaining_mean        | 0.01       |
|    hard/stars_mean                   | 0.28       |
|    hard/ticks_mean                   | 610        |
|    hard/townhall_damage_pct_mean     | 0.221      |
|    hard/townhall_damage_reward_mean  | 0.0221     |
|    hard/townhall_destroy_reward_mean | 0.0075     |
|    hard/townhall_destroyed_rate      | 0.15       |
|    hard/truncated_rate               | 0.005      |
|    hard/unused_spell_penalty_mean    | 0.0003     |
|    hard/useful_freeze_casts_mean     | 1.99       |
|    hard/useful_rage_casts_mean       | 2          |
|    hard/wasted_spell_casts_mean      | 0          |
|    hard/wasted_spell_penalty_mean    | 0          |
|    medium/damage_mean                | 0.812      |
|    medium/defense_damage_pct_mean    | 0.763      |
|    medium/defense_damage_reward_mean | 0.0915     |
|    medium/defense_destroy_reward_... | 0.0175     |
|    medium/defenses_destroyed_mean    | 3.5        |
|    medium/ep_len_mean                | 68.6       |
|    medium/ep_rew_mean                | 3.13       |
|    medium/episodes_window            | 200        |
|    medium/freeze_casts_mean          | 1.91       |
|    medium/freeze_effect_reward_mean  | 0.0546     |
|    medium/frozen_threat_damage_pc... | 0.0484     |
|    medium/frozen_threat_ticks_mean   | 42.2       |
|    medium/objective_shaping_rewar... | 0.239      |
|    medium/p_all_spells_used          | 0.95       |
|    medium/p_damage_ge_90             | 0.47       |
|    medium/p_stars_ge_2               | 0.83       |
|    medium/rage_bonus_damage_pct_mean | 0.0294     |
|    medium/rage_bonus_defense_dama... | 0.0132     |
|    medium/rage_bonus_townhall_dam... | 0.0789     |
|    medium/rage_casts_mean            | 1.96       |
|    medium/rage_effect_reward_mean    | 0.0103     |
|    medium/score_mean                 | 2.9        |
|    medium/spell_casts_mean           | 3.87       |
|    medium/spell_shaping_reward_mean  | 0.061      |
|    medium/spells_remaining_mean      | 0.13       |
|    medium/stars_mean                 | 2.09       |
|    medium/ticks_mean                 | 682        |
|    medium/townhall_damage_pct_mean   | 0.877      |
|    medium/townhall_damage_reward_... | 0.0877     |
|    medium/townhall_destroy_reward... | 0.042      |
|    medium/townhall_destroyed_rate    | 0.84       |
|    medium/truncated_rate             | 0.075      |
|    medium/unused_spell_penalty_mean  | 0.0039     |
|    medium/useful_freeze_casts_mean   | 1.91       |
|    medium/useful_rage_casts_mean     | 1.96       |
|    medium/wasted_spell_casts_mean    | 0          |
|    medium/wasted_spell_penalty_mean  | 0          |
| rollout/                             |            |
|    ep_len_mean                       | 63.8       |
|    ep_rew_mean                       | 1.19       |
| throughput/                          |            |
|    env_steps_per_sec                 | 208        |
|    episodes_per_sec                  | 3.25       |
| time/                                |            |
|    fps                               | 202        |
|    iterations                        | 35         |
|    time_elapsed                      | 5669       |
|    total_timesteps                   | 9175040    |
| train/                               |            |
|    approx_kl                         | 0.00856343 |
|    clip_fraction                     | 0.0505     |
|    clip_range                        | 0.2        |
|    entropy_loss                      | -4.18      |
|    explained_variance                | 0.913      |
|    learning_rate                     | 0.0001     |
|    loss                              | -0.0378    |
|    n_updates                         | 2790       |
|    policy_gradient_loss              | -0.0138    |
|    value_loss                        | 0.0575     |
-----------------------------------------------------
timesteps=9175104 | env_steps/sec=97.7 | episodes/sec=2.94 | gpu_util_mean=17% gpu_util_max=34% | gpu_mem_mean=2.3/47.8GB
timesteps=9176192 | env_steps/sec=204.8 | episodes/sec=2.45 | gpu_util_mean=0% gpu_util_max=1% | gpu_mem_mean=2.3/47.8GB
timesteps=9177280 | env_steps/sec=207.2 | episodes/sec=2.28 | gpu_util_mean=0% gpu_util_max=0% | gpu_mem_mean=2.3/47.8GB
timesteps=9178368 | env_steps/sec=216.9 | episodes/sec=3.99 | gpu_util_mean=0% gpu_util_max=0% | gpu_mem_mean=2.3/47.8GB
timesteps=9179392 | env_steps/sec=204.0 | episodes/sec=3.59 | gpu_util_mean=0% gpu_util_max=0% | gpu_mem_mean=2.3/47.8GB
timesteps=9180480 | env_steps/sec=208.4 | episodes/sec=3.26 | gpu_util_mean=0% gpu_util_max=0% | gpu_mem_mean=2.3/47.8GB
timesteps=9181504 | env_steps/sec=201.4 | episodes/sec=1.77 | gpu_util_mean=0% gpu_util_max=1% | gpu_mem_mean=2.3/47.8GB
timesteps=9182592 | env_steps/sec=213.0 | episodes/sec=4.70 | gpu_util_mean=0% gpu_util_max=1% | gpu_mem_mean=2.3/47.8GB
timesteps=9183680 | env_steps/sec=207.4 | episodes/sec=3.43 | gpu_util_mean=18% gpu_util_max=36% | gpu_mem_mean=2.3/47.8GB
timesteps=9184768 | env_steps/sec=215.7 | episodes/sec=3.57 | gpu_util_mean=0% gpu_util_max=0% | gpu_mem_mean=2.3/47.8GB
timesteps=9185792 | env_steps/sec=204.4 | episodes/sec=2.79 | gpu_util_mean=0% gpu_util_max=1% | gpu_mem_mean=2.3/47.8GB
timesteps=9186880 | env_steps/sec=208.8 | episodes/sec=2.88 | gpu_util_mean=0% gpu_util_max=0% | gpu_mem_mean=2.3/47.8GB
timesteps=9187968 | env_steps/sec=208.5 | episodes/sec=3.64 | gpu_util_mean=0% gpu_util_max=1% | gpu_mem_mean=2.3/47.8GB
timesteps=9189056 | env_steps/sec=217.1 | episodes/sec=3.39 | gpu_util_mean=0% gpu_util_max=0% | gpu_mem_mean=2.3/47.8GB
timesteps=9190144 | env_steps/sec=216.4 | episodes/sec=3.58 | gpu_util_mean=0% gpu_util_max=0% | gpu_mem_mean=2.3/47.8GB
timesteps=9191168 | env_steps/sec=198.7 | episodes/sec=2.72 | gpu_util_mean=0% gpu_util_max=0% | gpu_mem_mean=2.3/47.8GB
timesteps=9192256 | env_steps/sec=210.5 | episodes/sec=3.29 | gpu_util_mean=0% gpu_util_max=0% | gpu_mem_mean=2.3/47.8GB
timesteps=9193344 | env_steps/sec=206.9 | episodes/sec=3.99 | gpu_util_mean=0% gpu_util_max=1% | gpu_mem_mean=2.3/47.8GB
timesteps=9194368 | env_steps/sec=202.3 | episodes/sec=3.56 | gpu_util_mean=0% gpu_util_max=0% | gpu_mem_mean=2.3/47.8GB
timesteps=9195392 | env_steps/sec=200.8 | episodes/sec=2.55 | gpu_util_mean=0% gpu_util_max=1% | gpu_mem_mean=2.3/47.8GB
timesteps=9196480 | env_steps/sec=205.7 | episodes/sec=3.03 | gpu_util_mean=0% gpu_util_max=0% | gpu_mem_mean=2.3/47.8GB
timesteps=9197568 | env_steps/sec=204.9 | episodes/sec=3.96 | gpu_util_mean=0% gpu_util_max=1% | gpu_mem_mean=2.3/47.8GB
timesteps=9198656 | env_steps/sec=208.8 | episodes/sec=2.69 | gpu_util_mean=0% gpu_util_max=1% | gpu_mem_mean=2.3/47.8GB
timesteps=9199744 | env_steps/sec=206.0 | episodes/sec=3.22 | gpu_util_mean=0% gpu_util_max=1% | gpu_mem_mean=2.3/47.8GB
timesteps=9200832 | env_steps/sec=210.8 | episodes/sec=2.52 | gpu_util_mean=0% gpu_util_max=0% | gpu_mem_mean=2.3/47.8GB
timesteps=9201920 | env_steps/sec=209.0 | episodes/sec=4.42 | gpu_util_mean=0% gpu_util_max=1% | gpu_mem_mean=2.3/47.8GB
timesteps=9203008 | env_steps/sec=207.1 | episodes/sec=3.24 | gpu_util_mean=0% gpu_util_max=0% | gpu_mem_mean=2.3/47.8GB
timesteps=9204096 | env_steps/sec=213.7 | episodes/sec=2.95 | gpu_util_mean=1% gpu_util_max=1% | gpu_mem_mean=2.3/47.8GB
timesteps=9205184 | env_steps/sec=215.9 | episodes/sec=2.98 | gpu_util_mean=1% gpu_util_max=1% | gpu_mem_mean=2.3/47.8GB
timesteps=9206272 | env_steps/sec=214.7 | episodes/sec=4.34 | gpu_util_mean=0% gpu_util_max=0% | gpu_mem_mean=2.3/47.8GB
timesteps=9207360 | env_steps/sec=208.2 | episodes/sec=3.25 | gpu_util_mean=0% gpu_util_max=1% | gpu_mem_mean=2.3/47.8GB
------------------------------------------------------
| gpu/                                 |             |
|    gpu_count                         | 2           |
|    gpu_mem_total_gb_mean             | 47.8        |
|    gpu_mem_used_gb_mean              | 2.33        |
|    gpu_util_pct_max                  | 1           |
|    gpu_util_pct_mean                 | 0.5         |
| profile/                             |             |
|    hard/damage_mean                  | 0.351       |
|    hard/defense_damage_pct_mean      | 0.342       |
|    hard/defense_damage_reward_mean   | 0.041       |
|    hard/defense_destroy_reward_mean  | 0.0119      |
|    hard/defenses_destroyed_mean      | 2.37        |
|    hard/ep_len_mean                  | 61.9        |
|    hard/ep_rew_mean                  | 0.671       |
|    hard/episodes_window              | 200         |
|    hard/freeze_casts_mean            | 2           |
|    hard/freeze_effect_reward_mean    | 0.0711      |
|    hard/frozen_threat_damage_pct_... | 0.0607      |
|    hard/frozen_threat_ticks_mean     | 59.6        |
|    hard/objective_shaping_reward_... | 0.0817      |
|    hard/p_all_spells_used            | 0.995       |
|    hard/p_damage_ge_90               | 0           |
|    hard/p_stars_ge_2                 | 0.065       |
|    hard/rage_bonus_damage_pct_mean   | 0.00966     |
|    hard/rage_bonus_defense_damage... | 0.00658     |
|    hard/rage_bonus_townhall_damag... | 0.0199      |
|    hard/rage_casts_mean              | 1.99        |
|    hard/rage_effect_reward_mean      | 0.00338     |
|    hard/score_mean                   | 0.576       |
|    hard/spell_casts_mean             | 3.99        |
|    hard/spell_shaping_reward_mean    | 0.0742      |
|    hard/spells_remaining_mean        | 0.01        |
|    hard/stars_mean                   | 0.225       |
|    hard/ticks_mean                   | 615         |
|    hard/townhall_damage_pct_mean     | 0.228       |
|    hard/townhall_damage_reward_mean  | 0.0228      |
|    hard/townhall_destroy_reward_mean | 0.006       |
|    hard/townhall_destroyed_rate      | 0.12        |
|    hard/truncated_rate               | 0.025       |
|    hard/unused_spell_penalty_mean    | 0.0003      |
|    hard/useful_freeze_casts_mean     | 2           |
|    hard/useful_rage_casts_mean       | 1.99        |
|    hard/wasted_spell_casts_mean      | 0           |
|    hard/wasted_spell_penalty_mean    | 0           |
|    medium/damage_mean                | 0.811       |
|    medium/defense_damage_pct_mean    | 0.761       |
|    medium/defense_damage_reward_mean | 0.0913      |
|    medium/defense_destroy_reward_... | 0.0177      |
|    medium/defenses_destroyed_mean    | 3.54        |
|    medium/ep_len_mean                | 68.8        |
|    medium/ep_rew_mean                | 3.09        |
|    medium/episodes_window            | 200         |
|    medium/freeze_casts_mean          | 1.95        |
|    medium/freeze_effect_reward_mean  | 0.0536      |
|    medium/frozen_threat_damage_pc... | 0.0476      |
|    medium/frozen_threat_ticks_mean   | 41.3        |
|    medium/objective_shaping_rewar... | 0.236       |
|    medium/p_all_spells_used          | 0.965       |
|    medium/p_damage_ge_90             | 0.455       |
|    medium/p_stars_ge_2               | 0.805       |
|    medium/rage_bonus_damage_pct_mean | 0.0304      |
|    medium/rage_bonus_defense_dama... | 0.0137      |
|    medium/rage_bonus_townhall_dam... | 0.0777      |
|    medium/rage_casts_mean            | 1.98        |
|    medium/rage_effect_reward_mean    | 0.0106      |
|    medium/score_mean                 | 2.86        |
|    medium/spell_casts_mean           | 3.92        |
|    medium/spell_shaping_reward_mean  | 0.0619      |
|    medium/spells_remaining_mean      | 0.08        |
|    medium/stars_mean                 | 2.04        |
|    medium/ticks_mean                 | 684         |
|    medium/townhall_damage_pct_mean   | 0.858       |
|    medium/townhall_damage_reward_... | 0.0858      |
|    medium/townhall_destroy_reward... | 0.0407      |
|    medium/townhall_destroyed_rate    | 0.815       |
|    medium/truncated_rate             | 0.09        |
|    medium/unused_spell_penalty_mean  | 0.0024      |
|    medium/useful_freeze_casts_mean   | 1.95        |
|    medium/useful_rage_casts_mean     | 1.98        |
|    medium/wasted_spell_casts_mean    | 0           |
|    medium/wasted_spell_penalty_mean  | 0           |
| rollout/                             |             |
|    ep_len_mean                       | 63.3        |
|    ep_rew_mean                       | 1.14        |
| throughput/                          |             |
|    env_steps_per_sec                 | 208         |
|    episodes_per_sec                  | 3.25        |
| time/                                |             |
|    fps                               | 202         |
|    iterations                        | 36          |
|    time_elapsed                      | 5831        |
|    total_timesteps                   | 9207808     |
| train/                               |             |
|    approx_kl                         | 0.005656192 |
|    clip_fraction                     | 0.0225      |
|    clip_range                        | 0.2         |
|    entropy_loss                      | -4.18       |
|    explained_variance                | 0.883       |
|    learning_rate                     | 0.0001      |
|    loss                              | -0.0258     |
|    n_updates                         | 2800        |
|    policy_gradient_loss              | -0.0112     |
|    value_loss                        | 0.0773      |
------------------------------------------------------
timesteps=9207872 | env_steps/sec=72.5 | episodes/sec=1.13 | gpu_util_mean=18% gpu_util_max=37% | gpu_mem_mean=2.3/47.8GB
timesteps=9208896 | env_steps/sec=199.6 | episodes/sec=2.14 | gpu_util_mean=0% gpu_util_max=0% | gpu_mem_mean=2.3/47.8GB
timesteps=9209984 | env_steps/sec=211.6 | episodes/sec=4.08 | gpu_util_mean=0% gpu_util_max=0% | gpu_mem_mean=2.3/47.8GB
timesteps=9211072 | env_steps/sec=210.5 | episodes/sec=3.48 | gpu_util_mean=0% gpu_util_max=1% | gpu_mem_mean=2.3/47.8GB
timesteps=9212096 | env_steps/sec=204.8 | episodes/sec=3.00 | gpu_util_mean=0% gpu_util_max=1% | gpu_mem_mean=2.3/47.8GB
timesteps=9213184 | env_steps/sec=206.7 | episodes/sec=2.85 | gpu_util_mean=1% gpu_util_max=1% | gpu_mem_mean=2.3/47.8GB
timesteps=9214272 | env_steps/sec=217.3 | episodes/sec=3.60 | gpu_util_mean=0% gpu_util_max=0% | gpu_mem_mean=2.3/47.8GB
timesteps=9215360 | env_steps/sec=214.9 | episodes/sec=4.35 | gpu_util_mean=0% gpu_util_max=1% | gpu_mem_mean=2.3/47.8GB
timesteps=9216448 | env_steps/sec=211.8 | episodes/sec=1.95 | gpu_util_mean=19% gpu_util_max=37% | gpu_mem_mean=2.3/47.8GB
timesteps=9217536 | env_steps/sec=214.9 | episodes/sec=3.75 | gpu_util_mean=0% gpu_util_max=1% | gpu_mem_mean=2.3/47.8GB
timesteps=9218624 | env_steps/sec=214.9 | episodes/sec=3.95 | gpu_util_mean=0% gpu_util_max=1% | gpu_mem_mean=2.3/47.8GB
timesteps=9219712 | env_steps/sec=206.0 | episodes/sec=2.46 | gpu_util_mean=0% gpu_util_max=1% | gpu_mem_mean=2.3/47.8GB
timesteps=9220800 | env_steps/sec=217.1 | episodes/sec=3.79 | gpu_util_mean=0% gpu_util_max=1% | gpu_mem_mean=2.3/47.8GB
timesteps=9221888 | env_steps/sec=214.0 | episodes/sec=3.34 | gpu_util_mean=0% gpu_util_max=1% | gpu_mem_mean=2.3/47.8GB
timesteps=9222976 | env_steps/sec=207.7 | episodes/sec=3.44 | gpu_util_mean=0% gpu_util_max=1% | gpu_mem_mean=2.3/47.8GB
timesteps=9224000 | env_steps/sec=202.8 | episodes/sec=2.77 | gpu_util_mean=0% gpu_util_max=0% | gpu_mem_mean=2.3/47.8GB
timesteps=9225152 | env_steps/sec=225.8 | episodes/sec=4.12 | gpu_util_mean=0% gpu_util_max=0% | gpu_mem_mean=2.3/47.8GB
timesteps=9226240 | env_steps/sec=213.6 | episodes/sec=3.14 | gpu_util_mean=0% gpu_util_max=0% | gpu_mem_mean=2.3/47.8GB
timesteps=9227328 | env_steps/sec=207.3 | episodes/sec=3.62 | gpu_util_mean=0% gpu_util_max=0% | gpu_mem_mean=2.3/47.8GB
timesteps=9228352 | env_steps/sec=201.8 | episodes/sec=2.37 | gpu_util_mean=0% gpu_util_max=0% | gpu_mem_mean=2.3/47.8GB
timesteps=9229504 | env_steps/sec=218.4 | episodes/sec=3.79 | gpu_util_mean=0% gpu_util_max=0% | gpu_mem_mean=2.3/47.8GB
timesteps=9230592 | env_steps/sec=215.1 | episodes/sec=3.95 | gpu_util_mean=0% gpu_util_max=0% | gpu_mem_mean=2.3/47.8GB
timesteps=9231680 | env_steps/sec=209.2 | episodes/sec=3.46 | gpu_util_mean=0% gpu_util_max=0% | gpu_mem_mean=2.3/47.8GB
timesteps=9232768 | env_steps/sec=209.2 | episodes/sec=3.08 | gpu_util_mean=1% gpu_util_max=1% | gpu_mem_mean=2.3/47.8GB
timesteps=9233856 | env_steps/sec=208.7 | episodes/sec=2.88 | gpu_util_mean=0% gpu_util_max=1% | gpu_mem_mean=2.3/47.8GB
timesteps=9234944 | env_steps/sec=209.7 | episodes/sec=3.28 | gpu_util_mean=0% gpu_util_max=0% | gpu_mem_mean=2.3/47.8GB
timesteps=9236032 | env_steps/sec=205.9 | episodes/sec=2.65 | gpu_util_mean=0% gpu_util_max=1% | gpu_mem_mean=2.3/47.8GB
timesteps=9237120 | env_steps/sec=207.0 | episodes/sec=4.00 | gpu_util_mean=0% gpu_util_max=0% | gpu_mem_mean=2.3/47.8GB
timesteps=9238208 | env_steps/sec=211.1 | episodes/sec=3.30 | gpu_util_mean=0% gpu_util_max=0% | gpu_mem_mean=2.3/47.8GB
timesteps=9239232 | env_steps/sec=203.1 | episodes/sec=3.37 | gpu_util_mean=0% gpu_util_max=0% | gpu_mem_mean=2.3/47.8GB
timesteps=9240320 | env_steps/sec=209.5 | episodes/sec=2.31 | gpu_util_mean=0% gpu_util_max=0% | gpu_mem_mean=2.3/47.8GB
------------------------------------------------------
| gpu/                                 |             |
|    gpu_count                         | 2           |
|    gpu_mem_total_gb_mean             | 47.8        |
|    gpu_mem_used_gb_mean              | 2.33        |
|    gpu_util_pct_max                  | 0           |
|    gpu_util_pct_mean                 | 0           |
| profile/                             |             |
|    hard/damage_mean                  | 0.365       |
|    hard/defense_damage_pct_mean      | 0.349       |
|    hard/defense_damage_reward_mean   | 0.0418      |
|    hard/defense_destroy_reward_mean  | 0.0123      |
|    hard/defenses_destroyed_mean      | 2.45        |
|    hard/ep_len_mean                  | 61.7        |
|    hard/ep_rew_mean                  | 0.764       |
|    hard/episodes_window              | 200         |
|    hard/freeze_casts_mean            | 2           |
|    hard/freeze_effect_reward_mean    | 0.0691      |
|    hard/frozen_threat_damage_pct_... | 0.0604      |
|    hard/frozen_threat_ticks_mean     | 57.7        |
|    hard/objective_shaping_reward_... | 0.087       |
|    hard/p_all_spells_used            | 1           |
|    hard/p_damage_ge_90               | 0           |
|    hard/p_stars_ge_2                 | 0.09        |
|    hard/rage_bonus_damage_pct_mean   | 0.0113      |
|    hard/rage_bonus_defense_damage... | 0.00739     |
|    hard/rage_bonus_townhall_damag... | 0.0246      |
|    hard/rage_casts_mean              | 2           |
|    hard/rage_effect_reward_mean      | 0.00394     |
|    hard/score_mean                   | 0.665       |
|    hard/spell_casts_mean             | 4           |
|    hard/spell_shaping_reward_mean    | 0.0731      |
|    hard/spells_remaining_mean        | 0           |
|    hard/stars_mean                   | 0.3         |
|    hard/ticks_mean                   | 612         |
|    hard/townhall_damage_pct_mean     | 0.249       |
|    hard/townhall_damage_reward_mean  | 0.0249      |
|    hard/townhall_destroy_reward_mean | 0.008       |
|    hard/townhall_destroyed_rate      | 0.16        |
|    hard/truncated_rate               | 0.02        |
|    hard/unused_spell_penalty_mean    | 0           |
|    hard/useful_freeze_casts_mean     | 2           |
|    hard/useful_rage_casts_mean       | 2           |
|    hard/wasted_spell_casts_mean      | 0           |
|    hard/wasted_spell_penalty_mean    | 0           |
|    medium/damage_mean                | 0.837       |
|    medium/defense_damage_pct_mean    | 0.785       |
|    medium/defense_damage_reward_mean | 0.0941      |
|    medium/defense_destroy_reward_... | 0.0183      |
|    medium/defenses_destroyed_mean    | 3.65        |
|    medium/ep_len_mean                | 68.9        |
|    medium/ep_rew_mean                | 3.18        |
|    medium/episodes_window            | 200         |
|    medium/freeze_casts_mean          | 1.93        |
|    medium/freeze_effect_reward_mean  | 0.0542      |
|    medium/frozen_threat_damage_pc... | 0.0476      |
|    medium/frozen_threat_ticks_mean   | 41.4        |
|    medium/objective_shaping_rewar... | 0.242       |
|    medium/p_all_spells_used          | 0.95        |
|    medium/p_damage_ge_90             | 0.515       |
|    medium/p_stars_ge_2               | 0.835       |
|    medium/rage_bonus_damage_pct_mean | 0.0319      |
|    medium/rage_bonus_defense_dama... | 0.0158      |
|    medium/rage_bonus_townhall_dam... | 0.0825      |
|    medium/rage_casts_mean            | 1.97        |
|    medium/rage_effect_reward_mean    | 0.0112      |
|    medium/score_mean                 | 2.95        |
|    medium/spell_casts_mean           | 3.9         |
|    medium/spell_shaping_reward_mean  | 0.0624      |
|    medium/spells_remaining_mean      | 0.1         |
|    medium/stars_mean                 | 2.11        |
|    medium/ticks_mean                 | 685         |
|    medium/townhall_damage_pct_mean   | 0.873       |
|    medium/townhall_damage_reward_... | 0.0873      |
|    medium/townhall_destroy_reward... | 0.042       |
|    medium/townhall_destroyed_rate    | 0.84        |
|    medium/truncated_rate             | 0.09        |
|    medium/unused_spell_penalty_mean  | 0.003       |
|    medium/useful_freeze_casts_mean   | 1.93        |
|    medium/useful_rage_casts_mean     | 1.97        |
|    medium/wasted_spell_casts_mean    | 0           |
|    medium/wasted_spell_penalty_mean  | 0           |
| rollout/                             |             |
|    ep_len_mean                       | 64.9        |
|    ep_rew_mean                       | 1.41        |
| throughput/                          |             |
|    env_steps_per_sec                 | 209         |
|    episodes_per_sec                  | 2.31        |
| time/                                |             |
|    fps                               | 202         |
|    iterations                        | 37          |
|    time_elapsed                      | 5991        |
|    total_timesteps                   | 9240576     |
| train/                               |             |
|    approx_kl                         | 0.005960584 |
|    clip_fraction                     | 0.0285      |
|    clip_range                        | 0.2         |
|    entropy_loss                      | -4.17       |
|    explained_variance                | 0.898       |
|    learning_rate                     | 0.0001      |
|    loss                              | -0.0281     |
|    n_updates                         | 2810        |
|    policy_gradient_loss              | -0.0116     |
|    value_loss                        | 0.07        |
------------------------------------------------------
timesteps=9240640 | env_steps/sec=51.5 | episodes/sec=0.80 | gpu_util_mean=0% gpu_util_max=1% | gpu_mem_mean=2.3/47.8GB
timesteps=9241728 | env_steps/sec=213.8 | episodes/sec=3.73 | gpu_util_mean=0% gpu_util_max=1% | gpu_mem_mean=2.3/47.8GB
timesteps=9242816 | env_steps/sec=208.9 | episodes/sec=4.03 | gpu_util_mean=0% gpu_util_max=0% | gpu_mem_mean=2.3/47.8GB
timesteps=9243840 | env_steps/sec=201.5 | episodes/sec=2.76 | gpu_util_mean=0% gpu_util_max=0% | gpu_mem_mean=2.3/47.8GB
timesteps=9244864 | env_steps/sec=203.5 | episodes/sec=2.78 | gpu_util_mean=0% gpu_util_max=1% | gpu_mem_mean=2.3/47.8GB
timesteps=9245952 | env_steps/sec=216.0 | episodes/sec=3.97 | gpu_util_mean=0% gpu_util_max=1% | gpu_mem_mean=2.3/47.8GB
timesteps=9247040 | env_steps/sec=210.4 | episodes/sec=3.87 | gpu_util_mean=0% gpu_util_max=0% | gpu_mem_mean=2.3/47.8GB
timesteps=9248064 | env_steps/sec=198.7 | episodes/sec=2.33 | gpu_util_mean=0% gpu_util_max=1% | gpu_mem_mean=2.3/47.8GB
timesteps=9249152 | env_steps/sec=211.6 | episodes/sec=2.72 | gpu_util_mean=14% gpu_util_max=29% | gpu_mem_mean=2.3/47.8GB
timesteps=9250240 | env_steps/sec=214.4 | episodes/sec=4.33 | gpu_util_mean=0% gpu_util_max=0% | gpu_mem_mean=2.3/47.8GB
timesteps=9251264 | env_steps/sec=204.8 | episodes/sec=4.20 | gpu_util_mean=0% gpu_util_max=0% | gpu_mem_mean=2.3/47.8GB
timesteps=9252288 | env_steps/sec=202.5 | episodes/sec=2.37 | gpu_util_mean=0% gpu_util_max=0% | gpu_mem_mean=2.3/47.8GB
timesteps=9253376 | env_steps/sec=210.7 | episodes/sec=2.71 | gpu_util_mean=0% gpu_util_max=1% | gpu_mem_mean=2.3/47.8GB
timesteps=9254400 | env_steps/sec=200.5 | episodes/sec=4.70 | gpu_util_mean=0% gpu_util_max=1% | gpu_mem_mean=2.3/47.8GB
timesteps=9255488 | env_steps/sec=213.4 | episodes/sec=2.94 | gpu_util_mean=0% gpu_util_max=0% | gpu_mem_mean=2.3/47.8GB
timesteps=9256512 | env_steps/sec=203.1 | episodes/sec=2.38 | gpu_util_mean=1% gpu_util_max=1% | gpu_mem_mean=2.3/47.8GB
timesteps=9257600 | env_steps/sec=214.2 | episodes/sec=3.35 | gpu_util_mean=0% gpu_util_max=0% | gpu_mem_mean=2.3/47.8GB
timesteps=9258688 | env_steps/sec=214.2 | episodes/sec=3.74 | gpu_util_mean=0% gpu_util_max=0% | gpu_mem_mean=2.3/47.8GB
timesteps=9259776 | env_steps/sec=212.5 | episodes/sec=3.32 | gpu_util_mean=0% gpu_util_max=0% | gpu_mem_mean=2.3/47.8GB
timesteps=9260864 | env_steps/sec=215.6 | episodes/sec=2.97 | gpu_util_mean=0% gpu_util_max=1% | gpu_mem_mean=2.3/47.8GB
timesteps=9261952 | env_steps/sec=214.1 | episodes/sec=3.35 | gpu_util_mean=0% gpu_util_max=0% | gpu_mem_mean=2.3/47.8GB
timesteps=9263040 | env_steps/sec=204.0 | episodes/sec=3.75 | gpu_util_mean=0% gpu_util_max=1% | gpu_mem_mean=2.3/47.8GB
timesteps=9264128 | env_steps/sec=207.6 | episodes/sec=1.91 | gpu_util_mean=0% gpu_util_max=1% | gpu_mem_mean=2.3/47.8GB
timesteps=9265216 | env_steps/sec=208.8 | episodes/sec=4.61 | gpu_util_mean=0% gpu_util_max=1% | gpu_mem_mean=2.3/47.8GB
timesteps=9266304 | env_steps/sec=216.1 | episodes/sec=3.77 | gpu_util_mean=0% gpu_util_max=1% | gpu_mem_mean=2.3/47.8GB
timesteps=9267392 | env_steps/sec=205.5 | episodes/sec=2.83 | gpu_util_mean=0% gpu_util_max=1% | gpu_mem_mean=2.3/47.8GB
timesteps=9268480 | env_steps/sec=208.6 | episodes/sec=2.88 | gpu_util_mean=0% gpu_util_max=1% | gpu_mem_mean=2.3/47.8GB
timesteps=9269504 | env_steps/sec=201.9 | episodes/sec=2.96 | gpu_util_mean=0% gpu_util_max=1% | gpu_mem_mean=2.3/47.8GB
timesteps=9270592 | env_steps/sec=206.0 | episodes/sec=3.98 | gpu_util_mean=0% gpu_util_max=0% | gpu_mem_mean=2.3/47.8GB
timesteps=9271616 | env_steps/sec=201.5 | episodes/sec=2.75 | gpu_util_mean=0% gpu_util_max=0% | gpu_mem_mean=2.3/47.8GB
timesteps=9272704 | env_steps/sec=207.4 | episodes/sec=3.62 | gpu_util_mean=0% gpu_util_max=1% | gpu_mem_mean=2.3/47.8GB
------------------------------------------------------
| gpu/                                 |             |
|    gpu_count                         | 2           |
|    gpu_mem_total_gb_mean             | 47.8        |
|    gpu_mem_used_gb_mean              | 2.33        |
|    gpu_util_pct_max                  | 1           |
|    gpu_util_pct_mean                 | 0.5         |
| profile/                             |             |
|    hard/damage_mean                  | 0.343       |
|    hard/defense_damage_pct_mean      | 0.338       |
|    hard/defense_damage_reward_mean   | 0.0406      |
|    hard/defense_destroy_reward_mean  | 0.0115      |
|    hard/defenses_destroyed_mean      | 2.31        |
|    hard/ep_len_mean                  | 61.3        |
|    hard/ep_rew_mean                  | 0.611       |
|    hard/episodes_window              | 200         |
|    hard/freeze_casts_mean            | 1.99        |
|    hard/freeze_effect_reward_mean    | 0.0735      |
|    hard/frozen_threat_damage_pct_... | 0.0643      |
|    hard/frozen_threat_ticks_mean     | 62.4        |
|    hard/objective_shaping_reward_... | 0.0777      |
|    hard/p_all_spells_used            | 0.99        |
|    hard/p_damage_ge_90               | 0           |
|    hard/p_stars_ge_2                 | 0.045       |
|    hard/rage_bonus_damage_pct_mean   | 0.0104      |
|    hard/rage_bonus_defense_damage... | 0.00637     |
|    hard/rage_bonus_townhall_damag... | 0.0213      |
|    hard/rage_casts_mean              | 1.99        |
|    hard/rage_effect_reward_mean      | 0.00363     |
|    hard/score_mean                   | 0.518       |
|    hard/spell_casts_mean             | 3.98        |
|    hard/spell_shaping_reward_mean    | 0.0764      |
|    hard/spells_remaining_mean        | 0.025       |
|    hard/stars_mean                   | 0.175       |
|    hard/ticks_mean                   | 608         |
|    hard/townhall_damage_pct_mean     | 0.206       |
|    hard/townhall_damage_reward_mean  | 0.0206      |
|    hard/townhall_destroy_reward_mean | 0.005       |
|    hard/townhall_destroyed_rate      | 0.1         |
|    hard/truncated_rate               | 0.01        |
|    hard/unused_spell_penalty_mean    | 0.00075     |
|    hard/useful_freeze_casts_mean     | 1.99        |
|    hard/useful_rage_casts_mean       | 1.99        |
|    hard/wasted_spell_casts_mean      | 0           |
|    hard/wasted_spell_penalty_mean    | 0           |
|    medium/damage_mean                | 0.851       |
|    medium/defense_damage_pct_mean    | 0.808       |
|    medium/defense_damage_reward_mean | 0.097       |
|    medium/defense_destroy_reward_... | 0.0187      |
|    medium/defenses_destroyed_mean    | 3.75        |
|    medium/ep_len_mean                | 69.9        |
|    medium/ep_rew_mean                | 3.31        |
|    medium/episodes_window            | 200         |
|    medium/freeze_casts_mean          | 1.94        |
|    medium/freeze_effect_reward_mean  | 0.0564      |
|    medium/frozen_threat_damage_pc... | 0.0503      |
|    medium/frozen_threat_ticks_mean   | 43.4        |
|    medium/objective_shaping_rewar... | 0.25        |
|    medium/p_all_spells_used          | 0.955       |
|    medium/p_damage_ge_90             | 0.545       |
|    medium/p_stars_ge_2               | 0.865       |
|    medium/rage_bonus_damage_pct_mean | 0.0347      |
|    medium/rage_bonus_defense_dama... | 0.0157      |
|    medium/rage_bonus_townhall_dam... | 0.0992      |
|    medium/rage_casts_mean            | 1.97        |
|    medium/rage_effect_reward_mean    | 0.0121      |
|    medium/score_mean                 | 3.07        |
|    medium/spell_casts_mean           | 3.9         |
|    medium/spell_shaping_reward_mean  | 0.0656      |
|    medium/spells_remaining_mean      | 0.095       |
|    medium/stars_mean                 | 2.21        |
|    medium/ticks_mean                 | 695         |
|    medium/townhall_damage_pct_mean   | 0.906       |
|    medium/townhall_damage_reward_... | 0.0906      |
|    medium/townhall_destroy_reward... | 0.0437      |
|    medium/townhall_destroyed_rate    | 0.875       |
|    medium/truncated_rate             | 0.1         |
|    medium/unused_spell_penalty_mean  | 0.00285     |
|    medium/useful_freeze_casts_mean   | 1.94        |
|    medium/useful_rage_casts_mean     | 1.97        |
|    medium/wasted_spell_casts_mean    | 0           |
|    medium/wasted_spell_penalty_mean  | 0           |
| rollout/                             |             |
|    ep_len_mean                       | 63          |
|    ep_rew_mean                       | 1.37        |
| throughput/                          |             |
|    env_steps_per_sec                 | 207         |
|    episodes_per_sec                  | 3.62        |
| time/                                |             |
|    fps                               | 202         |
|    iterations                        | 38          |
|    time_elapsed                      | 6153        |
|    total_timesteps                   | 9273344     |
| train/                               |             |
|    approx_kl                         | 0.008077573 |
|    clip_fraction                     | 0.0458      |
|    clip_range                        | 0.2         |
|    entropy_loss                      | -4.12       |
|    explained_variance                | 0.899       |
|    learning_rate                     | 0.0001      |
|    loss                              | -0.0313     |
|    n_updates                         | 2820        |
|    policy_gradient_loss              | -0.0128     |
|    value_loss                        | 0.069       |
------------------------------------------------------
timesteps=9273408 | env_steps/sec=88.5 | episodes/sec=1.26 | gpu_util_mean=16% gpu_util_max=32% | gpu_mem_mean=2.3/47.8GB
timesteps=9274496 | env_steps/sec=208.2 | episodes/sec=2.87 | gpu_util_mean=0% gpu_util_max=1% | gpu_mem_mean=2.3/47.8GB
timesteps=9275584 | env_steps/sec=208.3 | episodes/sec=2.87 | gpu_util_mean=0% gpu_util_max=0% | gpu_mem_mean=2.3/47.8GB
timesteps=9276672 | env_steps/sec=210.6 | episodes/sec=4.84 | gpu_util_mean=0% gpu_util_max=1% | gpu_mem_mean=2.3/47.8GB
timesteps=9277760 | env_steps/sec=207.2 | episodes/sec=3.62 | gpu_util_mean=0% gpu_util_max=0% | gpu_mem_mean=2.3/47.8GB
timesteps=9278848 | env_steps/sec=209.6 | episodes/sec=3.08 | gpu_util_mean=0% gpu_util_max=1% | gpu_mem_mean=2.3/47.8GB
timesteps=9279936 | env_steps/sec=213.2 | episodes/sec=2.74 | gpu_util_mean=0% gpu_util_max=0% | gpu_mem_mean=2.3/47.8GB
timesteps=9281024 | env_steps/sec=211.1 | episodes/sec=3.49 | gpu_util_mean=15% gpu_util_max=29% | gpu_mem_mean=2.3/47.8GB
timesteps=9282112 | env_steps/sec=213.9 | episodes/sec=3.54 | gpu_util_mean=0% gpu_util_max=1% | gpu_mem_mean=2.3/47.8GB
timesteps=9283200 | env_steps/sec=205.1 | episodes/sec=3.20 | gpu_util_mean=0% gpu_util_max=0% | gpu_mem_mean=2.3/47.8GB
timesteps=9284288 | env_steps/sec=205.5 | episodes/sec=2.64 | gpu_util_mean=0% gpu_util_max=1% | gpu_mem_mean=2.3/47.8GB
timesteps=9285376 | env_steps/sec=210.1 | episodes/sec=3.67 | gpu_util_mean=0% gpu_util_max=0% | gpu_mem_mean=2.3/47.8GB
timesteps=9286528 | env_steps/sec=219.4 | episodes/sec=3.62 | gpu_util_mean=0% gpu_util_max=0% | gpu_mem_mean=2.3/47.8GB
timesteps=9287616 | env_steps/sec=206.7 | episodes/sec=3.04 | gpu_util_mean=0% gpu_util_max=0% | gpu_mem_mean=2.3/47.8GB
timesteps=9288704 | env_steps/sec=210.7 | episodes/sec=3.29 | gpu_util_mean=0% gpu_util_max=1% | gpu_mem_mean=2.3/47.8GB
timesteps=9289792 | env_steps/sec=212.8 | episodes/sec=2.93 | gpu_util_mean=0% gpu_util_max=0% | gpu_mem_mean=2.3/47.8GB
timesteps=9290880 | env_steps/sec=206.1 | episodes/sec=3.41 | gpu_util_mean=0% gpu_util_max=1% | gpu_mem_mean=2.3/47.8GB
timesteps=9291968 | env_steps/sec=213.1 | episodes/sec=4.11 | gpu_util_mean=0% gpu_util_max=0% | gpu_mem_mean=2.3/47.8GB
timesteps=9293056 | env_steps/sec=205.8 | episodes/sec=3.40 | gpu_util_mean=0% gpu_util_max=1% | gpu_mem_mean=2.3/47.8GB
timesteps=9294080 | env_steps/sec=202.0 | episodes/sec=2.17 | gpu_util_mean=0% gpu_util_max=0% | gpu_mem_mean=2.3/47.8GB
timesteps=9295168 | env_steps/sec=216.8 | episodes/sec=2.79 | gpu_util_mean=0% gpu_util_max=1% | gpu_mem_mean=2.3/47.8GB
timesteps=9296320 | env_steps/sec=223.8 | episodes/sec=4.66 | gpu_util_mean=0% gpu_util_max=1% | gpu_mem_mean=2.3/47.8GB
timesteps=9297344 | env_steps/sec=202.5 | episodes/sec=3.36 | gpu_util_mean=0% gpu_util_max=0% | gpu_mem_mean=2.3/47.8GB
timesteps=9298368 | env_steps/sec=204.6 | episodes/sec=2.60 | gpu_util_mean=0% gpu_util_max=1% | gpu_mem_mean=2.3/47.8GB
timesteps=9299392 | env_steps/sec=204.1 | episodes/sec=3.99 | gpu_util_mean=0% gpu_util_max=1% | gpu_mem_mean=2.3/47.8GB
timesteps=9300480 | env_steps/sec=206.4 | episodes/sec=2.09 | gpu_util_mean=0% gpu_util_max=0% | gpu_mem_mean=2.3/47.8GB
timesteps=9301504 | env_steps/sec=203.1 | episodes/sec=4.36 | gpu_util_mean=0% gpu_util_max=0% | gpu_mem_mean=2.3/47.8GB
timesteps=9302592 | env_steps/sec=207.1 | episodes/sec=2.85 | gpu_util_mean=0% gpu_util_max=0% | gpu_mem_mean=2.3/47.8GB
timesteps=9303680 | env_steps/sec=211.5 | episodes/sec=3.69 | gpu_util_mean=0% gpu_util_max=1% | gpu_mem_mean=2.3/47.8GB
timesteps=9304768 | env_steps/sec=210.4 | episodes/sec=2.13 | gpu_util_mean=0% gpu_util_max=1% | gpu_mem_mean=2.3/47.8GB
timesteps=9305856 | env_steps/sec=208.7 | episodes/sec=4.03 | gpu_util_mean=0% gpu_util_max=0% | gpu_mem_mean=2.3/47.8GB
------------------------------------------------------
| gpu/                                 |             |
|    gpu_count                         | 2           |
|    gpu_mem_total_gb_mean             | 47.8        |
|    gpu_mem_used_gb_mean              | 2.33        |
|    gpu_util_pct_max                  | 0           |
|    gpu_util_pct_mean                 | 0           |
| profile/                             |             |
|    hard/damage_mean                  | 0.345       |
|    hard/defense_damage_pct_mean      | 0.346       |
|    hard/defense_damage_reward_mean   | 0.0415      |
|    hard/defense_destroy_reward_mean  | 0.0117      |
|    hard/defenses_destroyed_mean      | 2.34        |
|    hard/ep_len_mean                  | 61.6        |
|    hard/ep_rew_mean                  | 0.613       |
|    hard/episodes_window              | 200         |
|    hard/freeze_casts_mean            | 2           |
|    hard/freeze_effect_reward_mean    | 0.0725      |
|    hard/frozen_threat_damage_pct_... | 0.0625      |
|    hard/frozen_threat_ticks_mean     | 60.3        |
|    hard/objective_shaping_reward_... | 0.0735      |
|    hard/p_all_spells_used            | 0.99        |
|    hard/p_damage_ge_90               | 0           |
|    hard/p_stars_ge_2                 | 0.06        |
|    hard/rage_bonus_damage_pct_mean   | 0.00881     |
|    hard/rage_bonus_defense_damage... | 0.00595     |
|    hard/rage_bonus_townhall_damag... | 0.0111      |
|    hard/rage_casts_mean              | 2           |
|    hard/rage_effect_reward_mean      | 0.00308     |
|    hard/score_mean                   | 0.525       |
|    hard/spell_casts_mean             | 3.99        |
|    hard/spell_shaping_reward_mean    | 0.0753      |
|    hard/spells_remaining_mean        | 0.01        |
|    hard/stars_mean                   | 0.18        |
|    hard/ticks_mean                   | 612         |
|    hard/townhall_damage_pct_mean     | 0.155       |
|    hard/townhall_damage_reward_mean  | 0.0155      |
|    hard/townhall_destroy_reward_mean | 0.00475     |
|    hard/townhall_destroyed_rate      | 0.095       |
|    hard/truncated_rate               | 0.02        |
|    hard/unused_spell_penalty_mean    | 0.0003      |
|    hard/useful_freeze_casts_mean     | 2           |
|    hard/useful_rage_casts_mean       | 2           |
|    hard/wasted_spell_casts_mean      | 0           |
|    hard/wasted_spell_penalty_mean    | 0           |
|    medium/damage_mean                | 0.864       |
|    medium/defense_damage_pct_mean    | 0.822       |
|    medium/defense_damage_reward_mean | 0.0987      |
|    medium/defense_destroy_reward_... | 0.0191      |
|    medium/defenses_destroyed_mean    | 3.82        |
|    medium/ep_len_mean                | 70.5        |
|    medium/ep_rew_mean                | 3.4         |
|    medium/episodes_window            | 200         |
|    medium/freeze_casts_mean          | 1.92        |
|    medium/freeze_effect_reward_mean  | 0.0572      |
|    medium/frozen_threat_damage_pc... | 0.0515      |
|    medium/frozen_threat_ticks_mean   | 44.4        |
|    medium/objective_shaping_rewar... | 0.256       |
|    medium/p_all_spells_used          | 0.925       |
|    medium/p_damage_ge_90             | 0.575       |
|    medium/p_stars_ge_2               | 0.905       |
|    medium/rage_bonus_damage_pct_mean | 0.0324      |
|    medium/rage_bonus_defense_dama... | 0.0127      |
|    medium/rage_bonus_townhall_dam... | 0.0946      |
|    medium/rage_casts_mean            | 1.9         |
|    medium/rage_effect_reward_mean    | 0.0113      |
|    medium/score_mean                 | 3.15        |
|    medium/spell_casts_mean           | 3.82        |
|    medium/spell_shaping_reward_mean  | 0.0632      |
|    medium/spells_remaining_mean      | 0.18        |
|    medium/stars_mean                 | 2.29        |
|    medium/ticks_mean                 | 701         |
|    medium/townhall_damage_pct_mean   | 0.93        |
|    medium/townhall_damage_reward_... | 0.093       |
|    medium/townhall_destroy_reward... | 0.0452      |
|    medium/townhall_destroyed_rate    | 0.905       |
|    medium/truncated_rate             | 0.125       |
|    medium/unused_spell_penalty_mean  | 0.0054      |
|    medium/useful_freeze_casts_mean   | 1.92        |
|    medium/useful_rage_casts_mean     | 1.9         |
|    medium/wasted_spell_casts_mean    | 0           |
|    medium/wasted_spell_penalty_mean  | 0           |
| rollout/                             |             |
|    ep_len_mean                       | 63.3        |
|    ep_rew_mean                       | 1.18        |
| throughput/                          |             |
|    env_steps_per_sec                 | 209         |
|    episodes_per_sec                  | 4.03        |
| time/                                |             |
|    fps                               | 202         |
|    iterations                        | 39          |
|    time_elapsed                      | 6314        |
|    total_timesteps                   | 9306112     |
| train/                               |             |
|    approx_kl                         | 0.007504142 |
|    clip_fraction                     | 0.0385      |
|    clip_range                        | 0.2         |
|    entropy_loss                      | -4.14       |
|    explained_variance                | 0.913       |
|    learning_rate                     | 0.0001      |
|    loss                              | -0.0358     |
|    n_updates                         | 2830        |
|    policy_gradient_loss              | -0.0124     |
|    value_loss                        | 0.0606      |
------------------------------------------------------
timesteps=9306176 | env_steps/sec=51.6 | episodes/sec=0.81 | gpu_util_mean=0% gpu_util_max=0% | gpu_mem_mean=2.3/47.8GB
timesteps=9307200 | env_steps/sec=204.4 | episodes/sec=3.99 | gpu_util_mean=0% gpu_util_max=1% | gpu_mem_mean=2.3/47.8GB
timesteps=9308288 | env_steps/sec=207.4 | episodes/sec=2.10 | gpu_util_mean=0% gpu_util_max=1% | gpu_mem_mean=2.3/47.8GB
timesteps=9309312 | env_steps/sec=194.7 | episodes/sec=3.80 | gpu_util_mean=0% gpu_util_max=1% | gpu_mem_mean=2.3/47.8GB
timesteps=9310400 | env_steps/sec=212.9 | episodes/sec=2.93 | gpu_util_mean=0% gpu_util_max=0% | gpu_mem_mean=2.3/47.8GB
timesteps=9311488 | env_steps/sec=208.2 | episodes/sec=3.44 | gpu_util_mean=0% gpu_util_max=1% | gpu_mem_mean=2.3/47.8GB
timesteps=9312576 | env_steps/sec=210.9 | episodes/sec=3.30 | gpu_util_mean=0% gpu_util_max=0% | gpu_mem_mean=2.3/47.8GB
timesteps=9313728 | env_steps/sec=220.7 | episodes/sec=3.64 | gpu_util_mean=18% gpu_util_max=35% | gpu_mem_mean=2.3/47.8GB
timesteps=9314752 | env_steps/sec=202.5 | episodes/sec=3.16 | gpu_util_mean=0% gpu_util_max=0% | gpu_mem_mean=2.3/47.8GB
timesteps=9315776 | env_steps/sec=199.4 | episodes/sec=2.14 | gpu_util_mean=0% gpu_util_max=1% | gpu_mem_mean=2.3/47.8GB
timesteps=9316864 | env_steps/sec=209.6 | episodes/sec=4.24 | gpu_util_mean=0% gpu_util_max=0% | gpu_mem_mean=2.3/47.8GB
timesteps=9317952 | env_steps/sec=205.5 | episodes/sec=4.16 | gpu_util_mean=0% gpu_util_max=1% | gpu_mem_mean=2.3/47.8GB
timesteps=9319040 | env_steps/sec=204.8 | episodes/sec=2.07 | gpu_util_mean=0% gpu_util_max=0% | gpu_mem_mean=2.3/47.8GB
timesteps=9320128 | env_steps/sec=209.2 | episodes/sec=3.08 | gpu_util_mean=0% gpu_util_max=0% | gpu_mem_mean=2.3/47.8GB
timesteps=9321152 | env_steps/sec=204.6 | episodes/sec=4.00 | gpu_util_mean=0% gpu_util_max=0% | gpu_mem_mean=2.3/47.8GB
timesteps=9322176 | env_steps/sec=202.6 | episodes/sec=3.36 | gpu_util_mean=0% gpu_util_max=1% | gpu_mem_mean=2.3/47.8GB
timesteps=9323200 | env_steps/sec=197.9 | episodes/sec=2.32 | gpu_util_mean=0% gpu_util_max=1% | gpu_mem_mean=2.3/47.8GB
timesteps=9324288 | env_steps/sec=209.6 | episodes/sec=3.08 | gpu_util_mean=0% gpu_util_max=0% | gpu_mem_mean=2.3/47.8GB
timesteps=9325376 | env_steps/sec=211.5 | episodes/sec=4.86 | gpu_util_mean=0% gpu_util_max=0% | gpu_mem_mean=2.3/47.8GB
timesteps=9326400 | env_steps/sec=202.0 | episodes/sec=3.16 | gpu_util_mean=1% gpu_util_max=1% | gpu_mem_mean=2.3/47.8GB
timesteps=9327424 | env_steps/sec=197.0 | episodes/sec=2.50 | gpu_util_mean=0% gpu_util_max=1% | gpu_mem_mean=2.3/47.8GB
timesteps=9328448 | env_steps/sec=200.7 | episodes/sec=2.55 | gpu_util_mean=0% gpu_util_max=1% | gpu_mem_mean=2.3/47.8GB
timesteps=9329536 | env_steps/sec=206.5 | episodes/sec=3.80 | gpu_util_mean=0% gpu_util_max=0% | gpu_mem_mean=2.3/47.8GB
timesteps=9330688 | env_steps/sec=226.3 | episodes/sec=3.54 | gpu_util_mean=0% gpu_util_max=0% | gpu_mem_mean=2.3/47.8GB
timesteps=9331712 | env_steps/sec=204.1 | episodes/sec=3.39 | gpu_util_mean=1% gpu_util_max=1% | gpu_mem_mean=2.3/47.8GB
timesteps=9332736 | env_steps/sec=201.5 | episodes/sec=3.35 | gpu_util_mean=0% gpu_util_max=0% | gpu_mem_mean=2.3/47.8GB
timesteps=9333760 | env_steps/sec=201.0 | episodes/sec=2.55 | gpu_util_mean=0% gpu_util_max=0% | gpu_mem_mean=2.3/47.8GB
timesteps=9334784 | env_steps/sec=203.4 | episodes/sec=3.58 | gpu_util_mean=0% gpu_util_max=1% | gpu_mem_mean=2.3/47.8GB
timesteps=9335808 | env_steps/sec=198.9 | episodes/sec=2.91 | gpu_util_mean=0% gpu_util_max=1% | gpu_mem_mean=2.3/47.8GB
timesteps=9336896 | env_steps/sec=206.0 | episodes/sec=3.98 | gpu_util_mean=0% gpu_util_max=1% | gpu_mem_mean=2.3/47.8GB
timesteps=9337920 | env_steps/sec=195.8 | episodes/sec=3.44 | gpu_util_mean=0% gpu_util_max=1% | gpu_mem_mean=2.3/47.8GB
------------------------------------------------------
| gpu/                                 |             |
|    gpu_count                         | 2           |
|    gpu_mem_total_gb_mean             | 47.8        |
|    gpu_mem_used_gb_mean              | 2.33        |
|    gpu_util_pct_max                  | 1           |
|    gpu_util_pct_mean                 | 0.5         |
| profile/                             |             |
|    hard/damage_mean                  | 0.355       |
|    hard/defense_damage_pct_mean      | 0.344       |
|    hard/defense_damage_reward_mean   | 0.0413      |
|    hard/defense_destroy_reward_mean  | 0.012       |
|    hard/defenses_destroyed_mean      | 2.4         |
|    hard/ep_len_mean                  | 61.7        |
|    hard/ep_rew_mean                  | 0.686       |
|    hard/episodes_window              | 200         |
|    hard/freeze_casts_mean            | 2           |
|    hard/freeze_effect_reward_mean    | 0.0725      |
|    hard/frozen_threat_damage_pct_... | 0.0634      |
|    hard/frozen_threat_ticks_mean     | 61.4        |
|    hard/objective_shaping_reward_... | 0.0817      |
|    hard/p_all_spells_used            | 0.995       |
|    hard/p_damage_ge_90               | 0.005       |
|    hard/p_stars_ge_2                 | 0.07        |
|    hard/rage_bonus_damage_pct_mean   | 0.0101      |
|    hard/rage_bonus_defense_damage... | 0.00583     |
|    hard/rage_bonus_townhall_damag... | 0.0176      |
|    hard/rage_casts_mean              | 2           |
|    hard/rage_effect_reward_mean      | 0.00355     |
|    hard/score_mean                   | 0.59        |
|    hard/spell_casts_mean             | 3.99        |
|    hard/spell_shaping_reward_mean    | 0.0758      |
|    hard/spells_remaining_mean        | 0.01        |
|    hard/stars_mean                   | 0.235       |
|    hard/ticks_mean                   | 613         |
|    hard/townhall_damage_pct_mean     | 0.218       |
|    hard/townhall_damage_reward_mean  | 0.0218      |
|    hard/townhall_destroy_reward_mean | 0.0065      |
|    hard/townhall_destroyed_rate      | 0.13        |
|    hard/truncated_rate               | 0.03        |
|    hard/unused_spell_penalty_mean    | 0.0003      |
|    hard/useful_freeze_casts_mean     | 2           |
|    hard/useful_rage_casts_mean       | 2           |
|    hard/wasted_spell_casts_mean      | 0           |
|    hard/wasted_spell_penalty_mean    | 0           |
|    medium/damage_mean                | 0.853       |
|    medium/defense_damage_pct_mean    | 0.808       |
|    medium/defense_damage_reward_mean | 0.097       |
|    medium/defense_destroy_reward_... | 0.0188      |
|    medium/defenses_destroyed_mean    | 3.77        |
|    medium/ep_len_mean                | 70.1        |
|    medium/ep_rew_mean                | 3.31        |
|    medium/episodes_window            | 200         |
|    medium/freeze_casts_mean          | 1.92        |
|    medium/freeze_effect_reward_mean  | 0.0575      |
|    medium/frozen_threat_damage_pc... | 0.0506      |
|    medium/frozen_threat_ticks_mean   | 44.1        |
|    medium/objective_shaping_rewar... | 0.252       |
|    medium/p_all_spells_used          | 0.925       |
|    medium/p_damage_ge_90             | 0.55        |
|    medium/p_stars_ge_2               | 0.875       |
|    medium/rage_bonus_damage_pct_mean | 0.034       |
|    medium/rage_bonus_defense_dama... | 0.0131      |
|    medium/rage_bonus_townhall_dam... | 0.1         |
|    medium/rage_casts_mean            | 1.94        |
|    medium/rage_effect_reward_mean    | 0.0119      |
|    medium/score_mean                 | 3.06        |
|    medium/spell_casts_mean           | 3.85        |
|    medium/spell_shaping_reward_mean  | 0.0649      |
|    medium/spells_remaining_mean      | 0.15        |
|    medium/stars_mean                 | 2.21        |
|    medium/ticks_mean                 | 696         |
|    medium/townhall_damage_pct_mean   | 0.917       |
|    medium/townhall_damage_reward_... | 0.0917      |
|    medium/townhall_destroy_reward... | 0.044       |
|    medium/townhall_destroyed_rate    | 0.88        |
|    medium/truncated_rate             | 0.11        |
|    medium/unused_spell_penalty_mean  | 0.0045      |
|    medium/useful_freeze_casts_mean   | 1.92        |
|    medium/useful_rage_casts_mean     | 1.94        |
|    medium/wasted_spell_casts_mean    | 0           |
|    medium/wasted_spell_penalty_mean  | 0           |
| rollout/                             |             |
|    ep_len_mean                       | 63.2        |
|    ep_rew_mean                       | 1.38        |
| throughput/                          |             |
|    env_steps_per_sec                 | 196         |
|    episodes_per_sec                  | 3.44        |
| time/                                |             |
|    fps                               | 202         |
|    iterations                        | 40          |
|    time_elapsed                      | 6479        |
|    total_timesteps                   | 9338880     |
| train/                               |             |
|    approx_kl                         | 0.008611099 |
|    clip_fraction                     | 0.0447      |
|    clip_range                        | 0.2         |
|    entropy_loss                      | -4.12       |
|    explained_variance                | 0.921       |
|    learning_rate                     | 0.0001      |
|    loss                              | -0.0384     |
|    n_updates                         | 2840        |
|    policy_gradient_loss              | -0.0131     |
|    value_loss                        | 0.0571      |
------------------------------------------------------
timesteps=9338944 | env_steps/sec=106.3 | episodes/sec=1.25 | gpu_util_mean=18% gpu_util_max=37% | gpu_mem_mean=2.3/47.8GB
timesteps=9340032 | env_steps/sec=213.5 | episodes/sec=4.12 | gpu_util_mean=1% gpu_util_max=1% | gpu_mem_mean=2.3/47.8GB
timesteps=9341056 | env_steps/sec=199.8 | episodes/sec=3.12 | gpu_util_mean=0% gpu_util_max=1% | gpu_mem_mean=2.3/47.8GB
timesteps=9342144 | env_steps/sec=207.0 | episodes/sec=2.66 | gpu_util_mean=0% gpu_util_max=1% | gpu_mem_mean=2.3/47.8GB
timesteps=9343168 | env_steps/sec=204.6 | episodes/sec=2.60 | gpu_util_mean=0% gpu_util_max=1% | gpu_mem_mean=2.3/47.8GB
timesteps=9344256 | env_steps/sec=211.7 | episodes/sec=4.47 | gpu_util_mean=0% gpu_util_max=0% | gpu_mem_mean=2.3/47.8GB
timesteps=9345344 | env_steps/sec=208.1 | episodes/sec=2.68 | gpu_util_mean=0% gpu_util_max=1% | gpu_mem_mean=2.3/47.8GB
timesteps=9346432 | env_steps/sec=215.4 | episodes/sec=2.97 | gpu_util_mean=0% gpu_util_max=0% | gpu_mem_mean=2.3/47.8GB
timesteps=9347520 | env_steps/sec=214.3 | episodes/sec=3.55 | gpu_util_mean=0% gpu_util_max=0% | gpu_mem_mean=2.3/47.8GB
timesteps=9348608 | env_steps/sec=206.8 | episodes/sec=4.18 | gpu_util_mean=0% gpu_util_max=1% | gpu_mem_mean=2.3/47.8GB
timesteps=9349632 | env_steps/sec=204.8 | episodes/sec=2.00 | gpu_util_mean=0% gpu_util_max=0% | gpu_mem_mean=2.3/47.8GB
timesteps=9350720 | env_steps/sec=209.9 | episodes/sec=3.28 | gpu_util_mean=0% gpu_util_max=1% | gpu_mem_mean=2.3/47.8GB
timesteps=9351808 | env_steps/sec=210.3 | episodes/sec=3.09 | gpu_util_mean=0% gpu_util_max=1% | gpu_mem_mean=2.3/47.8GB
timesteps=9352896 | env_steps/sec=211.1 | episodes/sec=4.07 | gpu_util_mean=0% gpu_util_max=0% | gpu_mem_mean=2.3/47.8GB
timesteps=9353984 | env_steps/sec=205.0 | episodes/sec=3.20 | gpu_util_mean=0% gpu_util_max=0% | gpu_mem_mean=2.3/47.8GB
timesteps=9355072 | env_steps/sec=208.6 | episodes/sec=3.07 | gpu_util_mean=0% gpu_util_max=1% | gpu_mem_mean=2.3/47.8GB
timesteps=9356160 | env_steps/sec=210.0 | episodes/sec=3.86 | gpu_util_mean=1% gpu_util_max=1% | gpu_mem_mean=2.3/47.8GB
timesteps=9357248 | env_steps/sec=209.6 | episodes/sec=2.31 | gpu_util_mean=0% gpu_util_max=1% | gpu_mem_mean=2.3/47.8GB
timesteps=9358336 | env_steps/sec=208.7 | episodes/sec=4.03 | gpu_util_mean=0% gpu_util_max=0% | gpu_mem_mean=2.3/47.8GB
timesteps=9359424 | env_steps/sec=207.8 | episodes/sec=3.06 | gpu_util_mean=0% gpu_util_max=0% | gpu_mem_mean=2.3/47.8GB
timesteps=9360512 | env_steps/sec=216.0 | episodes/sec=3.38 | gpu_util_mean=0% gpu_util_max=1% | gpu_mem_mean=2.3/47.8GB
timesteps=9361536 | env_steps/sec=203.8 | episodes/sec=3.38 | gpu_util_mean=1% gpu_util_max=1% | gpu_mem_mean=2.3/47.8GB
timesteps=9362624 | env_steps/sec=208.6 | episodes/sec=2.88 | gpu_util_mean=0% gpu_util_max=1% | gpu_mem_mean=2.3/47.8GB
timesteps=9363712 | env_steps/sec=209.4 | episodes/sec=3.46 | gpu_util_mean=1% gpu_util_max=1% | gpu_mem_mean=2.3/47.8GB
timesteps=9364800 | env_steps/sec=213.8 | episodes/sec=3.54 | gpu_util_mean=0% gpu_util_max=0% | gpu_mem_mean=2.3/47.8GB
timesteps=9365952 | env_steps/sec=217.3 | episodes/sec=3.39 | gpu_util_mean=0% gpu_util_max=1% | gpu_mem_mean=2.3/47.8GB
timesteps=9366976 | env_steps/sec=200.7 | episodes/sec=2.94 | gpu_util_mean=0% gpu_util_max=1% | gpu_mem_mean=2.3/47.8GB
timesteps=9368064 | env_steps/sec=214.2 | episodes/sec=3.74 | gpu_util_mean=0% gpu_util_max=1% | gpu_mem_mean=2.3/47.8GB
timesteps=9369152 | env_steps/sec=214.5 | episodes/sec=3.55 | gpu_util_mean=0% gpu_util_max=1% | gpu_mem_mean=2.3/47.8GB
timesteps=9370176 | env_steps/sec=196.8 | episodes/sec=3.07 | gpu_util_mean=0% gpu_util_max=0% | gpu_mem_mean=2.3/47.8GB
timesteps=9371264 | env_steps/sec=210.5 | episodes/sec=3.10 | gpu_util_mean=0% gpu_util_max=0% | gpu_mem_mean=2.3/47.8GB
-------------------------------------------------------
| gpu/                                 |              |
|    gpu_count                         | 2            |
|    gpu_mem_total_gb_mean             | 47.8         |
|    gpu_mem_used_gb_mean              | 2.33         |
|    gpu_util_pct_max                  | 0            |
|    gpu_util_pct_mean                 | 0            |
| profile/                             |              |
|    hard/damage_mean                  | 0.357        |
|    hard/defense_damage_pct_mean      | 0.348        |
|    hard/defense_damage_reward_mean   | 0.0417       |
|    hard/defense_destroy_reward_mean  | 0.0122       |
|    hard/defenses_destroyed_mean      | 2.44         |
|    hard/ep_len_mean                  | 61.8         |
|    hard/ep_rew_mean                  | 0.734        |
|    hard/episodes_window              | 200          |
|    hard/freeze_casts_mean            | 2            |
|    hard/freeze_effect_reward_mean    | 0.0733       |
|    hard/frozen_threat_damage_pct_... | 0.0636       |
|    hard/frozen_threat_ticks_mean     | 61.7         |
|    hard/objective_shaping_reward_... | 0.0866       |
|    hard/p_all_spells_used            | 1            |
|    hard/p_damage_ge_90               | 0            |
|    hard/p_stars_ge_2                 | 0.09         |
|    hard/rage_bonus_damage_pct_mean   | 0.0105       |
|    hard/rage_bonus_defense_damage... | 0.00657      |
|    hard/rage_bonus_townhall_damag... | 0.0209       |
|    hard/rage_casts_mean              | 2            |
|    hard/rage_effect_reward_mean      | 0.00368      |
|    hard/score_mean                   | 0.632        |
|    hard/spell_casts_mean             | 4            |
|    hard/spell_shaping_reward_mean    | 0.0769       |
|    hard/spells_remaining_mean        | 0            |
|    hard/stars_mean                   | 0.275        |
|    hard/ticks_mean                   | 613          |
|    hard/townhall_damage_pct_mean     | 0.247        |
|    hard/townhall_damage_reward_mean  | 0.0247       |
|    hard/townhall_destroy_reward_mean | 0.008        |
|    hard/townhall_destroyed_rate      | 0.16         |
|    hard/truncated_rate               | 0.025        |
|    hard/unused_spell_penalty_mean    | 0            |
|    hard/useful_freeze_casts_mean     | 2            |
|    hard/useful_rage_casts_mean       | 2            |
|    hard/wasted_spell_casts_mean      | 0            |
|    hard/wasted_spell_penalty_mean    | 0            |
|    medium/damage_mean                | 0.835        |
|    medium/defense_damage_pct_mean    | 0.79         |
|    medium/defense_damage_reward_mean | 0.0948       |
|    medium/defense_destroy_reward_... | 0.0181       |
|    medium/defenses_destroyed_mean    | 3.63         |
|    medium/ep_len_mean                | 69           |
|    medium/ep_rew_mean                | 3.23         |
|    medium/episodes_window            | 200          |
|    medium/freeze_casts_mean          | 1.91         |
|    medium/freeze_effect_reward_mean  | 0.058        |
|    medium/frozen_threat_damage_pc... | 0.0509       |
|    medium/frozen_threat_ticks_mean   | 43.5         |
|    medium/objective_shaping_rewar... | 0.247        |
|    medium/p_all_spells_used          | 0.93         |
|    medium/p_damage_ge_90             | 0.53         |
|    medium/p_stars_ge_2               | 0.87         |
|    medium/rage_bonus_damage_pct_mean | 0.0327       |
|    medium/rage_bonus_defense_dama... | 0.0141       |
|    medium/rage_bonus_townhall_dam... | 0.0887       |
|    medium/rage_casts_mean            | 1.98         |
|    medium/rage_effect_reward_mean    | 0.0114       |
|    medium/score_mean                 | 2.99         |
|    medium/spell_casts_mean           | 3.88         |
|    medium/spell_shaping_reward_mean  | 0.066        |
|    medium/spells_remaining_mean      | 0.115        |
|    medium/stars_mean                 | 2.15         |
|    medium/ticks_mean                 | 686          |
|    medium/townhall_damage_pct_mean   | 0.9          |
|    medium/townhall_damage_reward_... | 0.09         |
|    medium/townhall_destroy_reward... | 0.044        |
|    medium/townhall_destroyed_rate    | 0.88         |
|    medium/truncated_rate             | 0.11         |
|    medium/unused_spell_penalty_mean  | 0.00345      |
|    medium/useful_freeze_casts_mean   | 1.91         |
|    medium/useful_rage_casts_mean     | 1.98         |
|    medium/wasted_spell_casts_mean    | 0            |
|    medium/wasted_spell_penalty_mean  | 0            |
| rollout/                             |              |
|    ep_len_mean                       | 62.6         |
|    ep_rew_mean                       | 1.19         |
| throughput/                          |              |
|    env_steps_per_sec                 | 210          |
|    episodes_per_sec                  | 3.1          |
| time/                                |              |
|    fps                               | 202          |
|    iterations                        | 41           |
|    time_elapsed                      | 6640         |
|    total_timesteps                   | 9371648      |
| train/                               |              |
|    approx_kl                         | 0.0062693916 |
|    clip_fraction                     | 0.0317       |
|    clip_range                        | 0.2          |
|    entropy_loss                      | -4.13        |
|    explained_variance                | 0.91         |
|    learning_rate                     | 0.0001       |
|    loss                              | -0.0329      |
|    n_updates                         | 2850         |
|    policy_gradient_loss              | -0.0118      |
|    value_loss                        | 0.0668       |
-------------------------------------------------------
timesteps=9371712 | env_steps/sec=65.1 | episodes/sec=0.87 | gpu_util_mean=16% gpu_util_max=33% | gpu_mem_mean=2.3/47.8GB
timesteps=9372800 | env_steps/sec=209.9 | episodes/sec=3.66 | gpu_util_mean=0% gpu_util_max=1% | gpu_mem_mean=2.3/47.8GB
timesteps=9373888 | env_steps/sec=207.7 | episodes/sec=3.82 | gpu_util_mean=0% gpu_util_max=1% | gpu_mem_mean=2.3/47.8GB
timesteps=9374976 | env_steps/sec=211.4 | episodes/sec=2.91 | gpu_util_mean=0% gpu_util_max=0% | gpu_mem_mean=2.3/47.8GB
timesteps=9376064 | env_steps/sec=207.1 | episodes/sec=2.09 | gpu_util_mean=0% gpu_util_max=0% | gpu_mem_mean=2.3/47.8GB
timesteps=9377152 | env_steps/sec=211.6 | episodes/sec=4.08 | gpu_util_mean=0% gpu_util_max=1% | gpu_mem_mean=2.3/47.8GB
timesteps=9378176 | env_steps/sec=196.3 | episodes/sec=3.26 | gpu_util_mean=14% gpu_util_max=29% | gpu_mem_mean=2.3/47.8GB
timesteps=9379136 | env_steps/sec=191.4 | episodes/sec=3.19 | gpu_util_mean=0% gpu_util_max=0% | gpu_mem_mean=2.3/47.8GB
timesteps=9380096 | env_steps/sec=189.7 | episodes/sec=2.37 | gpu_util_mean=0% gpu_util_max=0% | gpu_mem_mean=2.3/47.8GB
timesteps=9381120 | env_steps/sec=202.0 | episodes/sec=3.35 | gpu_util_mean=0% gpu_util_max=1% | gpu_mem_mean=2.3/47.8GB
timesteps=9382208 | env_steps/sec=208.8 | episodes/sec=3.46 | gpu_util_mean=0% gpu_util_max=1% | gpu_mem_mean=2.3/47.8GB
timesteps=9383296 | env_steps/sec=207.1 | episodes/sec=3.81 | gpu_util_mean=0% gpu_util_max=0% | gpu_mem_mean=2.3/47.8GB
timesteps=9384384 | env_steps/sec=206.1 | episodes/sec=2.46 | gpu_util_mean=0% gpu_util_max=1% | gpu_mem_mean=2.3/47.8GB
timesteps=9385472 | env_steps/sec=213.1 | episodes/sec=3.13 | gpu_util_mean=0% gpu_util_max=0% | gpu_mem_mean=2.3/47.8GB
timesteps=9386560 | env_steps/sec=212.7 | episodes/sec=4.69 | gpu_util_mean=0% gpu_util_max=0% | gpu_mem_mean=2.3/47.8GB
timesteps=9387584 | env_steps/sec=199.5 | episodes/sec=3.31 | gpu_util_mean=0% gpu_util_max=1% | gpu_mem_mean=2.3/47.8GB
timesteps=9388672 | env_steps/sec=211.9 | episodes/sec=1.95 | gpu_util_mean=0% gpu_util_max=0% | gpu_mem_mean=2.3/47.8GB
timesteps=9389760 | env_steps/sec=205.6 | episodes/sec=3.59 | gpu_util_mean=0% gpu_util_max=0% | gpu_mem_mean=2.3/47.8GB
timesteps=9390848 | env_steps/sec=207.6 | episodes/sec=2.86 | gpu_util_mean=0% gpu_util_max=0% | gpu_mem_mean=2.3/47.8GB
timesteps=9391936 | env_steps/sec=210.5 | episodes/sec=4.26 | gpu_util_mean=0% gpu_util_max=1% | gpu_mem_mean=2.3/47.8GB
timesteps=9392960 | env_steps/sec=203.1 | episodes/sec=2.78 | gpu_util_mean=0% gpu_util_max=0% | gpu_mem_mean=2.3/47.8GB
timesteps=9393984 | env_steps/sec=199.6 | episodes/sec=3.31 | gpu_util_mean=0% gpu_util_max=1% | gpu_mem_mean=2.3/47.8GB
timesteps=9395072 | env_steps/sec=208.8 | episodes/sec=2.88 | gpu_util_mean=0% gpu_util_max=1% | gpu_mem_mean=2.3/47.8GB
timesteps=9396096 | env_steps/sec=202.3 | episodes/sec=3.75 | gpu_util_mean=0% gpu_util_max=1% | gpu_mem_mean=2.3/47.8GB
timesteps=9397184 | env_steps/sec=216.6 | episodes/sec=3.98 | gpu_util_mean=0% gpu_util_max=0% | gpu_mem_mean=2.3/47.8GB
timesteps=9398272 | env_steps/sec=203.2 | episodes/sec=2.62 | gpu_util_mean=0% gpu_util_max=0% | gpu_mem_mean=2.3/47.8GB
timesteps=9399360 | env_steps/sec=209.5 | episodes/sec=2.89 | gpu_util_mean=0% gpu_util_max=1% | gpu_mem_mean=2.3/47.8GB
timesteps=9400512 | env_steps/sec=222.0 | episodes/sec=3.08 | gpu_util_mean=0% gpu_util_max=1% | gpu_mem_mean=2.3/47.8GB
timesteps=9401600 | env_steps/sec=213.7 | episodes/sec=5.11 | gpu_util_mean=0% gpu_util_max=0% | gpu_mem_mean=2.3/47.8GB
timesteps=9402688 | env_steps/sec=203.6 | episodes/sec=2.25 | gpu_util_mean=0% gpu_util_max=0% | gpu_mem_mean=2.3/47.8GB
timesteps=9403712 | env_steps/sec=201.5 | episodes/sec=2.36 | gpu_util_mean=0% gpu_util_max=0% | gpu_mem_mean=2.3/47.8GB
------------------------------------------------------
| gpu/                                 |             |
|    gpu_count                         | 2           |
|    gpu_mem_total_gb_mean             | 47.8        |
|    gpu_mem_used_gb_mean              | 2.33        |
|    gpu_util_pct_max                  | 0           |
|    gpu_util_pct_mean                 | 0           |
| profile/                             |             |
|    hard/damage_mean                  | 0.336       |
|    hard/defense_damage_pct_mean      | 0.336       |
|    hard/defense_damage_reward_mean   | 0.0403      |
|    hard/defense_destroy_reward_mean  | 0.0116      |
|    hard/defenses_destroyed_mean      | 2.32        |
|    hard/ep_len_mean                  | 61.2        |
|    hard/ep_rew_mean                  | 0.533       |
|    hard/episodes_window              | 200         |
|    hard/freeze_casts_mean            | 2           |
|    hard/freeze_effect_reward_mean    | 0.0749      |
|    hard/frozen_threat_damage_pct_... | 0.0666      |
|    hard/frozen_threat_ticks_mean     | 64.1        |
|    hard/objective_shaping_reward_... | 0.0696      |
|    hard/p_all_spells_used            | 0.995       |
|    hard/p_damage_ge_90               | 0           |
|    hard/p_stars_ge_2                 | 0.025       |
|    hard/rage_bonus_damage_pct_mean   | 0.00913     |
|    hard/rage_bonus_defense_damage... | 0.00714     |
|    hard/rage_bonus_townhall_damag... | 0.0159      |
|    hard/rage_casts_mean              | 1.99        |
|    hard/rage_effect_reward_mean      | 0.0032      |
|    hard/score_mean                   | 0.446       |
|    hard/spell_casts_mean             | 3.99        |
|    hard/spell_shaping_reward_mean    | 0.0778      |
|    hard/spells_remaining_mean        | 0.01        |
|    hard/stars_mean                   | 0.11        |
|    hard/ticks_mean                   | 608         |
|    hard/townhall_damage_pct_mean     | 0.147       |
|    hard/townhall_damage_reward_mean  | 0.0147      |
|    hard/townhall_destroy_reward_mean | 0.003       |
|    hard/townhall_destroyed_rate      | 0.06        |
|    hard/truncated_rate               | 0.025       |
|    hard/unused_spell_penalty_mean    | 0.0003      |
|    hard/useful_freeze_casts_mean     | 2           |
|    hard/useful_rage_casts_mean       | 1.99        |
|    hard/wasted_spell_casts_mean      | 0           |
|    hard/wasted_spell_penalty_mean    | 0           |
|    medium/damage_mean                | 0.849       |
|    medium/defense_damage_pct_mean    | 0.792       |
|    medium/defense_damage_reward_mean | 0.0951      |
|    medium/defense_destroy_reward_... | 0.0185      |
|    medium/defenses_destroyed_mean    | 3.7         |
|    medium/ep_len_mean                | 69.8        |
|    medium/ep_rew_mean                | 3.29        |
|    medium/episodes_window            | 200         |
|    medium/freeze_casts_mean          | 1.93        |
|    medium/freeze_effect_reward_mean  | 0.0552      |
|    medium/frozen_threat_damage_pc... | 0.0484      |
|    medium/frozen_threat_ticks_mean   | 42.3        |
|    medium/objective_shaping_rewar... | 0.248       |
|    medium/p_all_spells_used          | 0.94        |
|    medium/p_damage_ge_90             | 0.535       |
|    medium/p_stars_ge_2               | 0.875       |
|    medium/rage_bonus_damage_pct_mean | 0.0323      |
|    medium/rage_bonus_defense_dama... | 0.0156      |
|    medium/rage_bonus_townhall_dam... | 0.0836      |
|    medium/rage_casts_mean            | 1.97        |
|    medium/rage_effect_reward_mean    | 0.0113      |
|    medium/score_mean                 | 3.05        |
|    medium/spell_casts_mean           | 3.9         |
|    medium/spell_shaping_reward_mean  | 0.0633      |
|    medium/spells_remaining_mean      | 0.105       |
|    medium/stars_mean                 | 2.2         |
|    medium/ticks_mean                 | 694         |
|    medium/townhall_damage_pct_mean   | 0.906       |
|    medium/townhall_damage_reward_... | 0.0906      |
|    medium/townhall_destroy_reward... | 0.044       |
|    medium/townhall_destroyed_rate    | 0.88        |
|    medium/truncated_rate             | 0.12        |
|    medium/unused_spell_penalty_mean  | 0.00315     |
|    medium/useful_freeze_casts_mean   | 1.93        |
|    medium/useful_rage_casts_mean     | 1.97        |
|    medium/wasted_spell_casts_mean    | 0           |
|    medium/wasted_spell_penalty_mean  | 0           |
| rollout/                             |             |
|    ep_len_mean                       | 63          |
|    ep_rew_mean                       | 1.16        |
| throughput/                          |             |
|    env_steps_per_sec                 | 201         |
|    episodes_per_sec                  | 2.36        |
| time/                                |             |
|    fps                               | 202         |
|    iterations                        | 42          |
|    time_elapsed                      | 6803        |
|    total_timesteps                   | 9404416     |
| train/                               |             |
|    approx_kl                         | 0.008022783 |
|    clip_fraction                     | 0.0518      |
|    clip_range                        | 0.2         |
|    entropy_loss                      | -4.09       |
|    explained_variance                | 0.897       |
|    learning_rate                     | 0.0001      |
|    loss                              | -0.024      |
|    n_updates                         | 2860        |
|    policy_gradient_loss              | -0.0133     |
|    value_loss                        | 0.0669      |
------------------------------------------------------
timesteps=9404480 | env_steps/sec=94.0 | episodes/sec=1.84 | gpu_util_mean=0% gpu_util_max=0% | gpu_mem_mean=2.3/47.8GB
timesteps=9405504 | env_steps/sec=204.5 | episodes/sec=3.99 | gpu_util_mean=0% gpu_util_max=1% | gpu_mem_mean=2.3/47.8GB
timesteps=9406528 | env_steps/sec=202.5 | episodes/sec=2.77 | gpu_util_mean=0% gpu_util_max=0% | gpu_mem_mean=2.3/47.8GB
timesteps=9407552 | env_steps/sec=202.3 | episodes/sec=2.57 | gpu_util_mean=0% gpu_util_max=0% | gpu_mem_mean=2.3/47.8GB
timesteps=9408576 | env_steps/sec=202.5 | episodes/sec=3.36 | gpu_util_mean=0% gpu_util_max=1% | gpu_mem_mean=2.3/47.8GB
timesteps=9409664 | env_steps/sec=208.0 | episodes/sec=4.02 | gpu_util_mean=0% gpu_util_max=0% | gpu_mem_mean=2.3/47.8GB
timesteps=9410752 | env_steps/sec=215.1 | episodes/sec=3.36 | gpu_util_mean=19% gpu_util_max=37% | gpu_mem_mean=2.3/47.8GB
timesteps=9411776 | env_steps/sec=201.4 | episodes/sec=2.56 | gpu_util_mean=0% gpu_util_max=0% | gpu_mem_mean=2.3/47.8GB
timesteps=9412864 | env_steps/sec=206.3 | episodes/sec=3.79 | gpu_util_mean=0% gpu_util_max=1% | gpu_mem_mean=2.3/47.8GB
timesteps=9413952 | env_steps/sec=204.2 | episodes/sec=3.38 | gpu_util_mean=0% gpu_util_max=0% | gpu_mem_mean=2.3/47.8GB
timesteps=9415040 | env_steps/sec=204.1 | episodes/sec=2.63 | gpu_util_mean=0% gpu_util_max=1% | gpu_mem_mean=2.3/47.8GB
timesteps=9416064 | env_steps/sec=193.3 | episodes/sec=3.77 | gpu_util_mean=0% gpu_util_max=1% | gpu_mem_mean=2.3/47.8GB
timesteps=9417152 | env_steps/sec=216.2 | episodes/sec=3.38 | gpu_util_mean=0% gpu_util_max=0% | gpu_mem_mean=2.3/47.8GB
timesteps=9418176 | env_steps/sec=202.9 | episodes/sec=3.77 | gpu_util_mean=0% gpu_util_max=0% | gpu_mem_mean=2.3/47.8GB
timesteps=9419264 | env_steps/sec=209.6 | episodes/sec=2.89 | gpu_util_mean=0% gpu_util_max=1% | gpu_mem_mean=2.3/47.8GB
timesteps=9420352 | env_steps/sec=209.4 | episodes/sec=2.89 | gpu_util_mean=0% gpu_util_max=0% | gpu_mem_mean=2.3/47.8GB
timesteps=9421440 | env_steps/sec=209.9 | episodes/sec=2.89 | gpu_util_mean=0% gpu_util_max=0% | gpu_mem_mean=2.3/47.8GB
timesteps=9422528 | env_steps/sec=208.0 | episodes/sec=3.44 | gpu_util_mean=0% gpu_util_max=1% | gpu_mem_mean=2.3/47.8GB
timesteps=9423616 | env_steps/sec=211.9 | episodes/sec=3.89 | gpu_util_mean=0% gpu_util_max=0% | gpu_mem_mean=2.3/47.8GB
timesteps=9424640 | env_steps/sec=204.6 | episodes/sec=3.00 | gpu_util_mean=0% gpu_util_max=1% | gpu_mem_mean=2.3/47.8GB
timesteps=9425728 | env_steps/sec=213.7 | episodes/sec=3.73 | gpu_util_mean=0% gpu_util_max=1% | gpu_mem_mean=2.3/47.8GB
timesteps=9426752 | env_steps/sec=200.7 | episodes/sec=2.55 | gpu_util_mean=1% gpu_util_max=1% | gpu_mem_mean=2.3/47.8GB
timesteps=9427840 | env_steps/sec=209.8 | episodes/sec=3.28 | gpu_util_mean=0% gpu_util_max=1% | gpu_mem_mean=2.3/47.8GB
timesteps=9428864 | env_steps/sec=202.9 | episodes/sec=2.97 | gpu_util_mean=0% gpu_util_max=0% | gpu_mem_mean=2.3/47.8GB
timesteps=9429888 | env_steps/sec=203.4 | episodes/sec=2.98 | gpu_util_mean=0% gpu_util_max=0% | gpu_mem_mean=2.3/47.8GB
timesteps=9430976 | env_steps/sec=208.5 | episodes/sec=3.07 | gpu_util_mean=0% gpu_util_max=0% | gpu_mem_mean=2.3/47.8GB
timesteps=9432064 | env_steps/sec=210.7 | episodes/sec=5.03 | gpu_util_mean=0% gpu_util_max=1% | gpu_mem_mean=2.3/47.8GB
timesteps=9433088 | env_steps/sec=198.2 | episodes/sec=1.55 | gpu_util_mean=0% gpu_util_max=0% | gpu_mem_mean=2.3/47.8GB
timesteps=9434176 | env_steps/sec=208.1 | episodes/sec=3.44 | gpu_util_mean=1% gpu_util_max=1% | gpu_mem_mean=2.3/47.8GB
timesteps=9435328 | env_steps/sec=219.3 | episodes/sec=3.81 | gpu_util_mean=0% gpu_util_max=1% | gpu_mem_mean=2.3/47.8GB
timesteps=9436416 | env_steps/sec=212.3 | episodes/sec=3.51 | gpu_util_mean=0% gpu_util_max=1% | gpu_mem_mean=2.3/47.8GB
-------------------------------------------------------
| gpu/                                 |              |
|    gpu_count                         | 2            |
|    gpu_mem_total_gb_mean             | 47.8         |
|    gpu_mem_used_gb_mean              | 2.33         |
|    gpu_util_pct_max                  | 1            |
|    gpu_util_pct_mean                 | 0.5          |
| profile/                             |              |
|    hard/damage_mean                  | 0.337        |
|    hard/defense_damage_pct_mean      | 0.331        |
|    hard/defense_damage_reward_mean   | 0.0397       |
|    hard/defense_destroy_reward_mean  | 0.0113       |
|    hard/defenses_destroyed_mean      | 2.25         |
|    hard/ep_len_mean                  | 61.3         |
|    hard/ep_rew_mean                  | 0.613        |
|    hard/episodes_window              | 200          |
|    hard/freeze_casts_mean            | 2            |
|    hard/freeze_effect_reward_mean    | 0.0739       |
|    hard/frozen_threat_damage_pct_... | 0.0645       |
|    hard/frozen_threat_ticks_mean     | 62.7         |
|    hard/objective_shaping_reward_... | 0.0746       |
|    hard/p_all_spells_used            | 0.995        |
|    hard/p_damage_ge_90               | 0            |
|    hard/p_stars_ge_2                 | 0.06         |
|    hard/rage_bonus_damage_pct_mean   | 0.00901      |
|    hard/rage_bonus_defense_damage... | 0.00731      |
|    hard/rage_bonus_townhall_damag... | 0.0152       |
|    hard/rage_casts_mean              | 2            |
|    hard/rage_effect_reward_mean      | 0.00315      |
|    hard/score_mean                   | 0.522        |
|    hard/spell_casts_mean             | 4            |
|    hard/spell_shaping_reward_mean    | 0.0769       |
|    hard/spells_remaining_mean        | 0.005        |
|    hard/stars_mean                   | 0.185        |
|    hard/ticks_mean                   | 609          |
|    hard/townhall_damage_pct_mean     | 0.179        |
|    hard/townhall_damage_reward_mean  | 0.0179       |
|    hard/townhall_destroy_reward_mean | 0.00575      |
|    hard/townhall_destroyed_rate      | 0.115        |
|    hard/truncated_rate               | 0.01         |
|    hard/unused_spell_penalty_mean    | 0.00015      |
|    hard/useful_freeze_casts_mean     | 2            |
|    hard/useful_rage_casts_mean       | 2            |
|    hard/wasted_spell_casts_mean      | 0            |
|    hard/wasted_spell_penalty_mean    | 0            |
|    medium/damage_mean                | 0.856        |
|    medium/defense_damage_pct_mean    | 0.793        |
|    medium/defense_damage_reward_mean | 0.0952       |
|    medium/defense_destroy_reward_... | 0.0189       |
|    medium/defenses_destroyed_mean    | 3.78         |
|    medium/ep_len_mean                | 70.2         |
|    medium/ep_rew_mean                | 3.31         |
|    medium/episodes_window            | 200          |
|    medium/freeze_casts_mean          | 1.95         |
|    medium/freeze_effect_reward_mean  | 0.0542       |
|    medium/frozen_threat_damage_pc... | 0.0476       |
|    medium/frozen_threat_ticks_mean   | 42           |
|    medium/objective_shaping_rewar... | 0.249        |
|    medium/p_all_spells_used          | 0.945        |
|    medium/p_damage_ge_90             | 0.535        |
|    medium/p_stars_ge_2               | 0.88         |
|    medium/rage_bonus_damage_pct_mean | 0.0313       |
|    medium/rage_bonus_defense_dama... | 0.0134       |
|    medium/rage_bonus_townhall_dam... | 0.0847       |
|    medium/rage_casts_mean            | 1.95         |
|    medium/rage_effect_reward_mean    | 0.011        |
|    medium/score_mean                 | 3.07         |
|    medium/spell_casts_mean           | 3.9          |
|    medium/spell_shaping_reward_mean  | 0.0622       |
|    medium/spells_remaining_mean      | 0.1          |
|    medium/stars_mean                 | 2.21         |
|    medium/ticks_mean                 | 698          |
|    medium/townhall_damage_pct_mean   | 0.909        |
|    medium/townhall_damage_reward_... | 0.0909       |
|    medium/townhall_destroy_reward... | 0.044        |
|    medium/townhall_destroyed_rate    | 0.88         |
|    medium/truncated_rate             | 0.11         |
|    medium/unused_spell_penalty_mean  | 0.003        |
|    medium/useful_freeze_casts_mean   | 1.95         |
|    medium/useful_rage_casts_mean     | 1.95         |
|    medium/wasted_spell_casts_mean    | 0            |
|    medium/wasted_spell_penalty_mean  | 0            |
| rollout/                             |              |
|    ep_len_mean                       | 63.9         |
|    ep_rew_mean                       | 1.32         |
| throughput/                          |              |
|    env_steps_per_sec                 | 212          |
|    episodes_per_sec                  | 3.51         |
| time/                                |              |
|    fps                               | 202          |
|    iterations                        | 43           |
|    time_elapsed                      | 6966         |
|    total_timesteps                   | 9437184      |
| train/                               |              |
|    approx_kl                         | 0.0063965805 |
|    clip_fraction                     | 0.0371       |
|    clip_range                        | 0.2          |
|    entropy_loss                      | -4.12        |
|    explained_variance                | 0.919        |
|    learning_rate                     | 0.0001       |
|    loss                              | -0.0344      |
|    n_updates                         | 2870         |
|    policy_gradient_loss              | -0.0124      |
|    value_loss                        | 0.058        |
-------------------------------------------------------
timesteps=9437248 | env_steps/sec=96.0 | episodes/sec=1.15 | gpu_util_mean=0% gpu_util_max=1% | gpu_mem_mean=2.3/47.8GB
timesteps=9438336 | env_steps/sec=207.2 | episodes/sec=3.05 | gpu_util_mean=0% gpu_util_max=1% | gpu_mem_mean=2.3/47.8GB
timesteps=9439424 | env_steps/sec=208.5 | episodes/sec=4.41 | gpu_util_mean=0% gpu_util_max=0% | gpu_mem_mean=2.3/47.8GB
timesteps=9440448 | env_steps/sec=199.5 | episodes/sec=3.12 | gpu_util_mean=0% gpu_util_max=1% | gpu_mem_mean=2.3/47.8GB
timesteps=9441472 | env_steps/sec=201.8 | episodes/sec=2.37 | gpu_util_mean=0% gpu_util_max=1% | gpu_mem_mean=2.3/47.8GB
timesteps=9442560 | env_steps/sec=208.0 | episodes/sec=2.87 | gpu_util_mean=18% gpu_util_max=37% | gpu_mem_mean=2.3/47.8GB
timesteps=9443648 | env_steps/sec=208.2 | episodes/sec=4.59 | gpu_util_mean=0% gpu_util_max=0% | gpu_mem_mean=2.3/47.8GB
timesteps=9444736 | env_steps/sec=212.0 | episodes/sec=2.53 | gpu_util_mean=0% gpu_util_max=1% | gpu_mem_mean=2.3/47.8GB
timesteps=9445824 | env_steps/sec=207.0 | episodes/sec=3.04 | gpu_util_mean=0% gpu_util_max=1% | gpu_mem_mean=2.3/47.8GB
timesteps=9446912 | env_steps/sec=214.6 | episodes/sec=3.55 | gpu_util_mean=0% gpu_util_max=0% | gpu_mem_mean=2.3/47.8GB
timesteps=9448000 | env_steps/sec=212.9 | episodes/sec=4.11 | gpu_util_mean=0% gpu_util_max=0% | gpu_mem_mean=2.3/47.8GB
timesteps=9449088 | env_steps/sec=211.5 | episodes/sec=2.72 | gpu_util_mean=0% gpu_util_max=0% | gpu_mem_mean=2.3/47.8GB
timesteps=9450112 | env_steps/sec=197.9 | episodes/sec=2.90 | gpu_util_mean=0% gpu_util_max=1% | gpu_mem_mean=2.3/47.8GB
timesteps=9451200 | env_steps/sec=205.5 | episodes/sec=3.21 | gpu_util_mean=0% gpu_util_max=0% | gpu_mem_mean=2.3/47.8GB
timesteps=9452288 | env_steps/sec=206.6 | episodes/sec=3.42 | gpu_util_mean=1% gpu_util_max=1% | gpu_mem_mean=2.3/47.8GB
timesteps=9453312 | env_steps/sec=204.2 | episodes/sec=3.79 | gpu_util_mean=0% gpu_util_max=1% | gpu_mem_mean=2.3/47.8GB
timesteps=9454336 | env_steps/sec=202.8 | episodes/sec=2.77 | gpu_util_mean=0% gpu_util_max=0% | gpu_mem_mean=2.3/47.8GB
timesteps=9455424 | env_steps/sec=216.1 | episodes/sec=3.57 | gpu_util_mean=0% gpu_util_max=0% | gpu_mem_mean=2.3/47.8GB
timesteps=9456448 | env_steps/sec=203.5 | episodes/sec=3.38 | gpu_util_mean=0% gpu_util_max=0% | gpu_mem_mean=2.3/47.8GB
timesteps=9457472 | env_steps/sec=204.4 | episodes/sec=3.39 | gpu_util_mean=0% gpu_util_max=1% | gpu_mem_mean=2.3/47.8GB
timesteps=9458496 | env_steps/sec=199.1 | episodes/sec=2.92 | gpu_util_mean=0% gpu_util_max=1% | gpu_mem_mean=2.3/47.8GB
timesteps=9459584 | env_steps/sec=212.1 | episodes/sec=3.90 | gpu_util_mean=1% gpu_util_max=1% | gpu_mem_mean=2.3/47.8GB
timesteps=9460672 | env_steps/sec=207.4 | episodes/sec=3.62 | gpu_util_mean=0% gpu_util_max=1% | gpu_mem_mean=2.3/47.8GB
timesteps=9461760 | env_steps/sec=210.3 | episodes/sec=2.90 | gpu_util_mean=0% gpu_util_max=1% | gpu_mem_mean=2.3/47.8GB
timesteps=9462784 | env_steps/sec=204.4 | episodes/sec=3.19 | gpu_util_mean=0% gpu_util_max=0% | gpu_mem_mean=2.3/47.8GB
timesteps=9463872 | env_steps/sec=212.6 | episodes/sec=2.93 | gpu_util_mean=0% gpu_util_max=1% | gpu_mem_mean=2.3/47.8GB
timesteps=9464960 | env_steps/sec=206.5 | episodes/sec=3.23 | gpu_util_mean=0% gpu_util_max=0% | gpu_mem_mean=2.3/47.8GB
timesteps=9466048 | env_steps/sec=212.5 | episodes/sec=2.34 | gpu_util_mean=0% gpu_util_max=1% | gpu_mem_mean=2.3/47.8GB
timesteps=9467072 | env_steps/sec=204.7 | episodes/sec=4.20 | gpu_util_mean=0% gpu_util_max=1% | gpu_mem_mean=2.3/47.8GB
timesteps=9468224 | env_steps/sec=220.1 | episodes/sec=4.20 | gpu_util_mean=0% gpu_util_max=0% | gpu_mem_mean=2.3/47.8GB
timesteps=9469312 | env_steps/sec=207.7 | episodes/sec=2.67 | gpu_util_mean=0% gpu_util_max=0% | gpu_mem_mean=2.3/47.8GB
-------------------------------------------------------
| gpu/                                 |              |
|    gpu_count                         | 2            |
|    gpu_mem_total_gb_mean             | 47.8         |
|    gpu_mem_used_gb_mean              | 2.33         |
|    gpu_util_pct_max                  | 0            |
|    gpu_util_pct_mean                 | 0            |
| profile/                             |              |
|    hard/damage_mean                  | 0.348        |
|    hard/defense_damage_pct_mean      | 0.344        |
|    hard/defense_damage_reward_mean   | 0.0412       |
|    hard/defense_destroy_reward_mean  | 0.0117       |
|    hard/defenses_destroyed_mean      | 2.35         |
|    hard/ep_len_mean                  | 60.9         |
|    hard/ep_rew_mean                  | 0.652        |
|    hard/episodes_window              | 200          |
|    hard/freeze_casts_mean            | 2            |
|    hard/freeze_effect_reward_mean    | 0.0729       |
|    hard/frozen_threat_damage_pct_... | 0.064        |
|    hard/frozen_threat_ticks_mean     | 62.1         |
|    hard/objective_shaping_reward_... | 0.0778       |
|    hard/p_all_spells_used            | 1            |
|    hard/p_damage_ge_90               | 0            |
|    hard/p_stars_ge_2                 | 0.06         |
|    hard/rage_bonus_damage_pct_mean   | 0.00978      |
|    hard/rage_bonus_defense_damage... | 0.00718      |
|    hard/rage_bonus_townhall_damag... | 0.0141       |
|    hard/rage_casts_mean              | 2            |
|    hard/rage_effect_reward_mean      | 0.00342      |
|    hard/score_mean                   | 0.558        |
|    hard/spell_casts_mean             | 4            |
|    hard/spell_shaping_reward_mean    | 0.0763       |
|    hard/spells_remaining_mean        | 0            |
|    hard/stars_mean                   | 0.21         |
|    hard/ticks_mean                   | 605          |
|    hard/townhall_damage_pct_mean     | 0.186        |
|    hard/townhall_damage_reward_mean  | 0.0186       |
|    hard/townhall_destroy_reward_mean | 0.00625      |
|    hard/townhall_destroyed_rate      | 0.125        |
|    hard/truncated_rate               | 0.01         |
|    hard/unused_spell_penalty_mean    | 0            |
|    hard/useful_freeze_casts_mean     | 2            |
|    hard/useful_rage_casts_mean       | 2            |
|    hard/wasted_spell_casts_mean      | 0            |
|    hard/wasted_spell_penalty_mean    | 0            |
|    medium/damage_mean                | 0.86         |
|    medium/defense_damage_pct_mean    | 0.811        |
|    medium/defense_damage_reward_mean | 0.0973       |
|    medium/defense_destroy_reward_... | 0.0193       |
|    medium/defenses_destroyed_mean    | 3.85         |
|    medium/ep_len_mean                | 69.9         |
|    medium/ep_rew_mean                | 3.33         |
|    medium/episodes_window            | 200          |
|    medium/freeze_casts_mean          | 1.91         |
|    medium/freeze_effect_reward_mean  | 0.0557       |
|    medium/frozen_threat_damage_pc... | 0.0491       |
|    medium/frozen_threat_ticks_mean   | 42.4         |
|    medium/objective_shaping_rewar... | 0.252        |
|    medium/p_all_spells_used          | 0.92         |
|    medium/p_damage_ge_90             | 0.53         |
|    medium/p_stars_ge_2               | 0.885        |
|    medium/rage_bonus_damage_pct_mean | 0.0324       |
|    medium/rage_bonus_defense_dama... | 0.013        |
|    medium/rage_bonus_townhall_dam... | 0.0918       |
|    medium/rage_casts_mean            | 1.96         |
|    medium/rage_effect_reward_mean    | 0.0113       |
|    medium/score_mean                 | 3.08         |
|    medium/spell_casts_mean           | 3.86         |
|    medium/spell_shaping_reward_mean  | 0.0628       |
|    medium/spells_remaining_mean      | 0.14         |
|    medium/stars_mean                 | 2.23         |
|    medium/ticks_mean                 | 695          |
|    medium/townhall_damage_pct_mean   | 0.908        |
|    medium/townhall_damage_reward_... | 0.0908       |
|    medium/townhall_destroy_reward... | 0.0442       |
|    medium/townhall_destroyed_rate    | 0.885        |
|    medium/truncated_rate             | 0.115        |
|    medium/unused_spell_penalty_mean  | 0.0042       |
|    medium/useful_freeze_casts_mean   | 1.91         |
|    medium/useful_rage_casts_mean     | 1.96         |
|    medium/wasted_spell_casts_mean    | 0            |
|    medium/wasted_spell_penalty_mean  | 0            |
| rollout/                             |              |
|    ep_len_mean                       | 64           |
|    ep_rew_mean                       | 1.22         |
| throughput/                          |              |
|    env_steps_per_sec                 | 208          |
|    episodes_per_sec                  | 2.67         |
| time/                                |              |
|    fps                               | 202          |
|    iterations                        | 44           |
|    time_elapsed                      | 7129         |
|    total_timesteps                   | 9469952      |
| train/                               |              |
|    approx_kl                         | 0.0073154466 |
|    clip_fraction                     | 0.0404       |
|    clip_range                        | 0.2          |
|    entropy_loss                      | -4.08        |
|    explained_variance                | 0.918        |
|    learning_rate                     | 0.0001       |
|    loss                              | -0.0368      |
|    n_updates                         | 2880         |
|    policy_gradient_loss              | -0.0118      |
|    value_loss                        | 0.0611       |
-------------------------------------------------------
timesteps=9470016 | env_steps/sec=89.1 | episodes/sec=1.14 | gpu_util_mean=16% gpu_util_max=33% | gpu_mem_mean=2.3/47.8GB
timesteps=9471104 | env_steps/sec=210.9 | episodes/sec=3.29 | gpu_util_mean=0% gpu_util_max=0% | gpu_mem_mean=2.3/47.8GB
timesteps=9472192 | env_steps/sec=211.0 | episodes/sec=3.88 | gpu_util_mean=0% gpu_util_max=1% | gpu_mem_mean=2.3/47.8GB
timesteps=9473280 | env_steps/sec=212.9 | episodes/sec=3.91 | gpu_util_mean=0% gpu_util_max=1% | gpu_mem_mean=2.3/47.8GB
timesteps=9474304 | env_steps/sec=199.9 | episodes/sec=2.93 | gpu_util_mean=1% gpu_util_max=1% | gpu_mem_mean=2.3/47.8GB
timesteps=9475392 | env_steps/sec=211.5 | episodes/sec=2.92 | gpu_util_mean=2% gpu_util_max=4% | gpu_mem_mean=2.3/47.8GB
timesteps=9476416 | env_steps/sec=204.7 | episodes/sec=4.20 | gpu_util_mean=0% gpu_util_max=0% | gpu_mem_mean=2.3/47.8GB
timesteps=9477504 | env_steps/sec=210.5 | episodes/sec=3.09 | gpu_util_mean=0% gpu_util_max=0% | gpu_mem_mean=2.3/47.8GB
timesteps=9478592 | env_steps/sec=207.1 | episodes/sec=2.86 | gpu_util_mean=0% gpu_util_max=1% | gpu_mem_mean=2.3/47.8GB
timesteps=9479680 | env_steps/sec=209.4 | episodes/sec=3.46 | gpu_util_mean=0% gpu_util_max=1% | gpu_mem_mean=2.3/47.8GB
timesteps=9480768 | env_steps/sec=210.7 | episodes/sec=3.49 | gpu_util_mean=0% gpu_util_max=1% | gpu_mem_mean=2.3/47.8GB
timesteps=9481856 | env_steps/sec=214.8 | episodes/sec=2.57 | gpu_util_mean=0% gpu_util_max=1% | gpu_mem_mean=2.3/47.8GB
timesteps=9483008 | env_steps/sec=218.5 | episodes/sec=3.60 | gpu_util_mean=0% gpu_util_max=0% | gpu_mem_mean=2.3/47.8GB
timesteps=9484096 | env_steps/sec=213.8 | episodes/sec=4.52 | gpu_util_mean=0% gpu_util_max=0% | gpu_mem_mean=2.3/47.8GB
timesteps=9485184 | env_steps/sec=204.8 | episodes/sec=2.64 | gpu_util_mean=0% gpu_util_max=1% | gpu_mem_mean=2.3/47.8GB
timesteps=9486272 | env_steps/sec=205.5 | episodes/sec=3.21 | gpu_util_mean=0% gpu_util_max=0% | gpu_mem_mean=2.3/47.8GB
timesteps=9487360 | env_steps/sec=208.1 | episodes/sec=2.68 | gpu_util_mean=0% gpu_util_max=0% | gpu_mem_mean=2.3/47.8GB
timesteps=9488448 | env_steps/sec=206.1 | episodes/sec=4.17 | gpu_util_mean=0% gpu_util_max=0% | gpu_mem_mean=2.3/47.8GB
timesteps=9489536 | env_steps/sec=211.6 | episodes/sec=2.53 | gpu_util_mean=0% gpu_util_max=1% | gpu_mem_mean=2.3/47.8GB
timesteps=9490560 | env_steps/sec=197.2 | episodes/sec=2.89 | gpu_util_mean=0% gpu_util_max=1% | gpu_mem_mean=2.3/47.8GB
timesteps=9491648 | env_steps/sec=208.9 | episodes/sec=3.84 | gpu_util_mean=0% gpu_util_max=0% | gpu_mem_mean=2.3/47.8GB
timesteps=9492736 | env_steps/sec=211.7 | episodes/sec=3.70 | gpu_util_mean=0% gpu_util_max=0% | gpu_mem_mean=2.3/47.8GB
timesteps=9493760 | env_steps/sec=204.3 | episodes/sec=1.99 | gpu_util_mean=0% gpu_util_max=1% | gpu_mem_mean=2.3/47.8GB
timesteps=9494848 | env_steps/sec=206.5 | episodes/sec=3.23 | gpu_util_mean=0% gpu_util_max=0% | gpu_mem_mean=2.3/47.8GB
timesteps=9495936 | env_steps/sec=212.9 | episodes/sec=4.70 | gpu_util_mean=0% gpu_util_max=0% | gpu_mem_mean=2.3/47.8GB
timesteps=9497024 | env_steps/sec=207.1 | episodes/sec=2.86 | gpu_util_mean=0% gpu_util_max=0% | gpu_mem_mean=2.3/47.8GB
timesteps=9498112 | env_steps/sec=209.1 | episodes/sec=2.31 | gpu_util_mean=1% gpu_util_max=1% | gpu_mem_mean=2.3/47.8GB
timesteps=9499200 | env_steps/sec=213.7 | episodes/sec=3.34 | gpu_util_mean=0% gpu_util_max=1% | gpu_mem_mean=2.3/47.8GB
timesteps=9500288 | env_steps/sec=212.2 | episodes/sec=5.07 | gpu_util_mean=0% gpu_util_max=0% | gpu_mem_mean=2.3/47.8GB
timesteps=9501312 | env_steps/sec=197.3 | episodes/sec=1.73 | gpu_util_mean=0% gpu_util_max=1% | gpu_mem_mean=2.3/47.8GB
timesteps=9502400 | env_steps/sec=204.8 | episodes/sec=2.82 | gpu_util_mean=1% gpu_util_max=1% | gpu_mem_mean=2.3/47.8GB
------------------------------------------------------
| gpu/                                 |             |
|    gpu_count                         | 2           |
|    gpu_mem_total_gb_mean             | 47.8        |
|    gpu_mem_used_gb_mean              | 2.33        |
|    gpu_util_pct_max                  | 1           |
|    gpu_util_pct_mean                 | 1           |
| profile/                             |             |
|    hard/damage_mean                  | 0.355       |
|    hard/defense_damage_pct_mean      | 0.345       |
|    hard/defense_damage_reward_mean   | 0.0414      |
|    hard/defense_destroy_reward_mean  | 0.0122      |
|    hard/defenses_destroyed_mean      | 2.43        |
|    hard/ep_len_mean                  | 61.8        |
|    hard/ep_rew_mean                  | 0.682       |
|    hard/episodes_window              | 200         |
|    hard/freeze_casts_mean            | 1.99        |
|    hard/freeze_effect_reward_mean    | 0.0773      |
|    hard/frozen_threat_damage_pct_... | 0.0669      |
|    hard/frozen_threat_ticks_mean     | 64.6        |
|    hard/objective_shaping_reward_... | 0.0777      |
|    hard/p_all_spells_used            | 0.995       |
|    hard/p_damage_ge_90               | 0           |
|    hard/p_stars_ge_2                 | 0.075       |
|    hard/rage_bonus_damage_pct_mean   | 0.0111      |
|    hard/rage_bonus_defense_damage... | 0.00749     |
|    hard/rage_bonus_townhall_damag... | 0.0171      |
|    hard/rage_casts_mean              | 2           |
|    hard/rage_effect_reward_mean      | 0.0039      |
|    hard/score_mean                   | 0.585       |
|    hard/spell_casts_mean             | 3.98        |
|    hard/spell_shaping_reward_mean    | 0.0808      |
|    hard/spells_remaining_mean        | 0.015       |
|    hard/stars_mean                   | 0.23        |
|    hard/ticks_mean                   | 614         |
|    hard/townhall_damage_pct_mean     | 0.187       |
|    hard/townhall_damage_reward_mean  | 0.0187      |
|    hard/townhall_destroy_reward_mean | 0.0055      |
|    hard/townhall_destroyed_rate      | 0.11        |
|    hard/truncated_rate               | 0.02        |
|    hard/unused_spell_penalty_mean    | 0.00045     |
|    hard/useful_freeze_casts_mean     | 1.99        |
|    hard/useful_rage_casts_mean       | 2           |
|    hard/wasted_spell_casts_mean      | 0           |
|    hard/wasted_spell_penalty_mean    | 0           |
|    medium/damage_mean                | 0.872       |
|    medium/defense_damage_pct_mean    | 0.835       |
|    medium/defense_damage_reward_mean | 0.1         |
|    medium/defense_destroy_reward_... | 0.0198      |
|    medium/defenses_destroyed_mean    | 3.96        |
|    medium/ep_len_mean                | 70          |
|    medium/ep_rew_mean                | 3.44        |
|    medium/episodes_window            | 200         |
|    medium/freeze_casts_mean          | 1.91        |
|    medium/freeze_effect_reward_mean  | 0.055       |
|    medium/frozen_threat_damage_pc... | 0.0488      |
|    medium/frozen_threat_ticks_mean   | 41.8        |
|    medium/objective_shaping_rewar... | 0.256       |
|    medium/p_all_spells_used          | 0.92        |
|    medium/p_damage_ge_90             | 0.58        |
|    medium/p_stars_ge_2               | 0.89        |
|    medium/rage_bonus_damage_pct_mean | 0.0336      |
|    medium/rage_bonus_defense_dama... | 0.0169      |
|    medium/rage_bonus_townhall_dam... | 0.0926      |
|    medium/rage_casts_mean            | 1.96        |
|    medium/rage_effect_reward_mean    | 0.0118      |
|    medium/score_mean                 | 3.19        |
|    medium/spell_casts_mean           | 3.87        |
|    medium/spell_shaping_reward_mean  | 0.0627      |
|    medium/spells_remaining_mean      | 0.135       |
|    medium/stars_mean                 | 2.31        |
|    medium/ticks_mean                 | 696         |
|    medium/townhall_damage_pct_mean   | 0.92        |
|    medium/townhall_damage_reward_... | 0.092       |
|    medium/townhall_destroy_reward... | 0.0445      |
|    medium/townhall_destroyed_rate    | 0.89        |
|    medium/truncated_rate             | 0.14        |
|    medium/unused_spell_penalty_mean  | 0.00405     |
|    medium/useful_freeze_casts_mean   | 1.91        |
|    medium/useful_rage_casts_mean     | 1.96        |
|    medium/wasted_spell_casts_mean    | 0           |
|    medium/wasted_spell_penalty_mean  | 0           |
| rollout/                             |             |
|    ep_len_mean                       | 63.1        |
|    ep_rew_mean                       | 1.25        |
| throughput/                          |             |
|    env_steps_per_sec                 | 205         |
|    episodes_per_sec                  | 2.82        |
| time/                                |             |
|    fps                               | 202         |
|    iterations                        | 45          |
|    time_elapsed                      | 7290        |
|    total_timesteps                   | 9502720     |
| train/                               |             |
|    approx_kl                         | 0.007390503 |
|    clip_fraction                     | 0.0391      |
|    clip_range                        | 0.2         |
|    entropy_loss                      | -4.09       |
|    explained_variance                | 0.913       |
|    learning_rate                     | 0.0001      |
|    loss                              | -0.0312     |
|    n_updates                         | 2890        |
|    policy_gradient_loss              | -0.0111     |
|    value_loss                        | 0.0658      |
------------------------------------------------------
timesteps=9502784 | env_steps/sec=58.9 | episodes/sec=0.92 | gpu_util_mean=0% gpu_util_max=1% | gpu_mem_mean=2.3/47.8GB
timesteps=9503872 | env_steps/sec=215.4 | episodes/sec=3.96 | gpu_util_mean=0% gpu_util_max=0% | gpu_mem_mean=2.3/47.8GB
timesteps=9505024 | env_steps/sec=220.5 | episodes/sec=3.64 | gpu_util_mean=0% gpu_util_max=1% | gpu_mem_mean=2.3/47.8GB
timesteps=9506048 | env_steps/sec=195.9 | episodes/sec=2.49 | gpu_util_mean=0% gpu_util_max=1% | gpu_mem_mean=2.3/47.8GB
timesteps=9507136 | env_steps/sec=208.1 | episodes/sec=3.83 | gpu_util_mean=17% gpu_util_max=33% | gpu_mem_mean=2.3/47.8GB
timesteps=9508224 | env_steps/sec=207.3 | episodes/sec=3.43 | gpu_util_mean=0% gpu_util_max=1% | gpu_mem_mean=2.3/47.8GB
timesteps=9509312 | env_steps/sec=210.9 | episodes/sec=2.71 | gpu_util_mean=0% gpu_util_max=1% | gpu_mem_mean=2.3/47.8GB
timesteps=9510400 | env_steps/sec=205.9 | episodes/sec=2.84 | gpu_util_mean=1% gpu_util_max=1% | gpu_mem_mean=2.3/47.8GB
timesteps=9511488 | env_steps/sec=208.3 | episodes/sec=4.40 | gpu_util_mean=0% gpu_util_max=0% | gpu_mem_mean=2.3/47.8GB
timesteps=9512576 | env_steps/sec=209.0 | episodes/sec=3.27 | gpu_util_mean=0% gpu_util_max=1% | gpu_mem_mean=2.3/47.8GB
timesteps=9513536 | env_steps/sec=191.6 | episodes/sec=2.20 | gpu_util_mean=1% gpu_util_max=1% | gpu_mem_mean=2.3/47.8GB
timesteps=9514624 | env_steps/sec=211.7 | episodes/sec=3.89 | gpu_util_mean=0% gpu_util_max=0% | gpu_mem_mean=2.3/47.8GB
timesteps=9515712 | env_steps/sec=208.0 | episodes/sec=3.44 | gpu_util_mean=0% gpu_util_max=1% | gpu_mem_mean=2.3/47.8GB
timesteps=9516736 | env_steps/sec=200.8 | episodes/sec=2.94 | gpu_util_mean=0% gpu_util_max=0% | gpu_mem_mean=2.3/47.8GB
timesteps=9517824 | env_steps/sec=207.9 | episodes/sec=2.87 | gpu_util_mean=0% gpu_util_max=1% | gpu_mem_mean=2.3/47.8GB
timesteps=9518848 | env_steps/sec=200.8 | episodes/sec=2.94 | gpu_util_mean=0% gpu_util_max=0% | gpu_mem_mean=2.3/47.8GB
timesteps=9519936 | env_steps/sec=216.9 | episodes/sec=4.19 | gpu_util_mean=0% gpu_util_max=1% | gpu_mem_mean=2.3/47.8GB
timesteps=9520960 | env_steps/sec=204.1 | episodes/sec=2.59 | gpu_util_mean=0% gpu_util_max=0% | gpu_mem_mean=2.3/47.8GB
timesteps=9522048 | env_steps/sec=212.5 | episodes/sec=3.52 | gpu_util_mean=0% gpu_util_max=1% | gpu_mem_mean=2.3/47.8GB
timesteps=9523136 | env_steps/sec=212.3 | episodes/sec=3.12 | gpu_util_mean=0% gpu_util_max=0% | gpu_mem_mean=2.3/47.8GB
timesteps=9524224 | env_steps/sec=214.3 | episodes/sec=3.55 | gpu_util_mean=0% gpu_util_max=1% | gpu_mem_mean=2.3/47.8GB
timesteps=9525248 | env_steps/sec=204.3 | episodes/sec=2.99 | gpu_util_mean=0% gpu_util_max=0% | gpu_mem_mean=2.3/47.8GB
timesteps=9526336 | env_steps/sec=210.7 | episodes/sec=3.49 | gpu_util_mean=0% gpu_util_max=1% | gpu_mem_mean=2.3/47.8GB
timesteps=9527424 | env_steps/sec=203.8 | episodes/sec=3.56 | gpu_util_mean=0% gpu_util_max=1% | gpu_mem_mean=2.3/47.8GB
timesteps=9528512 | env_steps/sec=209.7 | episodes/sec=3.08 | gpu_util_mean=1% gpu_util_max=1% | gpu_mem_mean=2.3/47.8GB
timesteps=9529600 | env_steps/sec=210.9 | episodes/sec=3.49 | gpu_util_mean=0% gpu_util_max=1% | gpu_mem_mean=2.3/47.8GB
timesteps=9530688 | env_steps/sec=207.3 | episodes/sec=2.67 | gpu_util_mean=0% gpu_util_max=0% | gpu_mem_mean=2.3/47.8GB
timesteps=9531776 | env_steps/sec=205.2 | episodes/sec=3.96 | gpu_util_mean=0% gpu_util_max=1% | gpu_mem_mean=2.3/47.8GB
timesteps=9532800 | env_steps/sec=202.5 | episodes/sec=2.17 | gpu_util_mean=0% gpu_util_max=1% | gpu_mem_mean=2.3/47.8GB
timesteps=9533888 | env_steps/sec=206.5 | episodes/sec=3.80 | gpu_util_mean=1% gpu_util_max=1% | gpu_mem_mean=2.3/47.8GB
timesteps=9534976 | env_steps/sec=211.4 | episodes/sec=4.08 | gpu_util_mean=0% gpu_util_max=1% | gpu_mem_mean=2.3/47.8GB
------------------------------------------------------
| gpu/                                 |             |
|    gpu_count                         | 2           |
|    gpu_mem_total_gb_mean             | 47.8        |
|    gpu_mem_used_gb_mean              | 2.33        |
|    gpu_util_pct_max                  | 1           |
|    gpu_util_pct_mean                 | 0.5         |
| profile/                             |             |
|    hard/damage_mean                  | 0.355       |
|    hard/defense_damage_pct_mean      | 0.342       |
|    hard/defense_damage_reward_mean   | 0.041       |
|    hard/defense_destroy_reward_mean  | 0.0116      |
|    hard/defenses_destroyed_mean      | 2.33        |
|    hard/ep_len_mean                  | 61.6        |
|    hard/ep_rew_mean                  | 0.766       |
|    hard/episodes_window              | 200         |
|    hard/freeze_casts_mean            | 2           |
|    hard/freeze_effect_reward_mean    | 0.0724      |
|    hard/frozen_threat_damage_pct_... | 0.0629      |
|    hard/frozen_threat_ticks_mean     | 60.5        |
|    hard/objective_shaping_reward_... | 0.0854      |
|    hard/p_all_spells_used            | 0.995       |
|    hard/p_damage_ge_90               | 0           |
|    hard/p_stars_ge_2                 | 0.115       |
|    hard/rage_bonus_damage_pct_mean   | 0.0112      |
|    hard/rage_bonus_defense_damage... | 0.00752     |
|    hard/rage_bonus_townhall_damag... | 0.0244      |
|    hard/rage_casts_mean              | 2           |
|    hard/rage_effect_reward_mean      | 0.00392     |
|    hard/score_mean                   | 0.665       |
|    hard/spell_casts_mean             | 4           |
|    hard/spell_shaping_reward_mean    | 0.0762      |
|    hard/spells_remaining_mean        | 0.005       |
|    hard/stars_mean                   | 0.31        |
|    hard/ticks_mean                   | 612         |
|    hard/townhall_damage_pct_mean     | 0.246       |
|    hard/townhall_damage_reward_mean  | 0.0246      |
|    hard/townhall_destroy_reward_mean | 0.00825     |
|    hard/townhall_destroyed_rate      | 0.165       |
|    hard/truncated_rate               | 0.015       |
|    hard/unused_spell_penalty_mean    | 0.00015     |
|    hard/useful_freeze_casts_mean     | 2           |
|    hard/useful_rage_casts_mean       | 2           |
|    hard/wasted_spell_casts_mean      | 0           |
|    hard/wasted_spell_penalty_mean    | 0           |
|    medium/damage_mean                | 0.858       |
|    medium/defense_damage_pct_mean    | 0.81        |
|    medium/defense_damage_reward_mean | 0.0971      |
|    medium/defense_destroy_reward_... | 0.019       |
|    medium/defenses_destroyed_mean    | 3.79        |
|    medium/ep_len_mean                | 71          |
|    medium/ep_rew_mean                | 3.33        |
|    medium/episodes_window            | 200         |
|    medium/freeze_casts_mean          | 1.92        |
|    medium/freeze_effect_reward_mean  | 0.0547      |
|    medium/frozen_threat_damage_pc... | 0.0485      |
|    medium/frozen_threat_ticks_mean   | 42.1        |
|    medium/objective_shaping_rewar... | 0.249       |
|    medium/p_all_spells_used          | 0.935       |
|    medium/p_damage_ge_90             | 0.56        |
|    medium/p_stars_ge_2               | 0.85        |
|    medium/rage_bonus_damage_pct_mean | 0.0312      |
|    medium/rage_bonus_defense_dama... | 0.014       |
|    medium/rage_bonus_townhall_dam... | 0.0867      |
|    medium/rage_casts_mean            | 1.96        |
|    medium/rage_effect_reward_mean    | 0.0109      |
|    medium/score_mean                 | 3.09        |
|    medium/spell_casts_mean           | 3.88        |
|    medium/spell_shaping_reward_mean  | 0.0619      |
|    medium/spells_remaining_mean      | 0.125       |
|    medium/stars_mean                 | 2.23        |
|    medium/ticks_mean                 | 706         |
|    medium/townhall_damage_pct_mean   | 0.899       |
|    medium/townhall_damage_reward_... | 0.0899      |
|    medium/townhall_destroy_reward... | 0.0427      |
|    medium/townhall_destroyed_rate    | 0.855       |
|    medium/truncated_rate             | 0.125       |
|    medium/unused_spell_penalty_mean  | 0.00375     |
|    medium/useful_freeze_casts_mean   | 1.92        |
|    medium/useful_rage_casts_mean     | 1.96        |
|    medium/wasted_spell_casts_mean    | 0           |
|    medium/wasted_spell_penalty_mean  | 0           |
| rollout/                             |             |
|    ep_len_mean                       | 63.2        |
|    ep_rew_mean                       | 1.2         |
| throughput/                          |             |
|    env_steps_per_sec                 | 211         |
|    episodes_per_sec                  | 4.08        |
| time/                                |             |
|    fps                               | 202         |
|    iterations                        | 46          |
|    time_elapsed                      | 7453        |
|    total_timesteps                   | 9535488     |
| train/                               |             |
|    approx_kl                         | 0.008048856 |
|    clip_fraction                     | 0.0451      |
|    clip_range                        | 0.2         |
|    entropy_loss                      | -4.07       |
|    explained_variance                | 0.92        |
|    learning_rate                     | 0.0001      |
|    loss                              | -0.0305     |
|    n_updates                         | 2900        |
|    policy_gradient_loss              | -0.0122     |
|    value_loss                        | 0.0603      |
------------------------------------------------------
timesteps=9535552 | env_steps/sec=78.7 | episodes/sec=1.09 | gpu_util_mean=14% gpu_util_max=27% | gpu_mem_mean=2.3/47.8GB
timesteps=9536576 | env_steps/sec=194.8 | episodes/sec=2.28 | gpu_util_mean=0% gpu_util_max=1% | gpu_mem_mean=2.3/47.8GB
timesteps=9537664 | env_steps/sec=217.4 | episodes/sec=3.80 | gpu_util_mean=0% gpu_util_max=1% | gpu_mem_mean=2.3/47.8GB
timesteps=9538752 | env_steps/sec=212.2 | episodes/sec=3.71 | gpu_util_mean=18% gpu_util_max=37% | gpu_mem_mean=2.3/47.8GB
timesteps=9539904 | env_steps/sec=222.3 | episodes/sec=3.09 | gpu_util_mean=0% gpu_util_max=0% | gpu_mem_mean=2.3/47.8GB
timesteps=9540928 | env_steps/sec=197.8 | episodes/sec=2.70 | gpu_util_mean=0% gpu_util_max=1% | gpu_mem_mean=2.3/47.8GB
timesteps=9541952 | env_steps/sec=199.5 | episodes/sec=3.70 | gpu_util_mean=0% gpu_util_max=0% | gpu_mem_mean=2.3/47.8GB
timesteps=9543040 | env_steps/sec=205.6 | episodes/sec=3.78 | gpu_util_mean=0% gpu_util_max=1% | gpu_mem_mean=2.3/47.8GB
timesteps=9544064 | env_steps/sec=201.1 | episodes/sec=2.16 | gpu_util_mean=0% gpu_util_max=1% | gpu_mem_mean=2.3/47.8GB
timesteps=9545088 | env_steps/sec=199.8 | episodes/sec=2.54 | gpu_util_mean=0% gpu_util_max=1% | gpu_mem_mean=2.3/47.8GB
timesteps=9546176 | env_steps/sec=211.8 | episodes/sec=4.87 | gpu_util_mean=1% gpu_util_max=1% | gpu_mem_mean=2.3/47.8GB
timesteps=9547264 | env_steps/sec=209.9 | episodes/sec=3.67 | gpu_util_mean=0% gpu_util_max=0% | gpu_mem_mean=2.3/47.8GB
timesteps=9548352 | env_steps/sec=209.4 | episodes/sec=2.12 | gpu_util_mean=0% gpu_util_max=1% | gpu_mem_mean=2.3/47.8GB
timesteps=9549376 | env_steps/sec=197.6 | episodes/sec=2.51 | gpu_util_mean=0% gpu_util_max=0% | gpu_mem_mean=2.3/47.8GB
timesteps=9550464 | env_steps/sec=213.4 | episodes/sec=5.10 | gpu_util_mean=0% gpu_util_max=0% | gpu_mem_mean=2.3/47.8GB
timesteps=9551488 | env_steps/sec=202.6 | episodes/sec=2.97 | gpu_util_mean=1% gpu_util_max=1% | gpu_mem_mean=2.3/47.8GB
timesteps=9552576 | env_steps/sec=204.5 | episodes/sec=2.44 | gpu_util_mean=0% gpu_util_max=0% | gpu_mem_mean=2.3/47.8GB
timesteps=9553600 | env_steps/sec=202.4 | episodes/sec=3.36 | gpu_util_mean=0% gpu_util_max=0% | gpu_mem_mean=2.3/47.8GB
timesteps=9554688 | env_steps/sec=210.1 | episodes/sec=4.25 | gpu_util_mean=0% gpu_util_max=0% | gpu_mem_mean=2.3/47.8GB
timesteps=9555712 | env_steps/sec=201.3 | episodes/sec=2.75 | gpu_util_mean=0% gpu_util_max=0% | gpu_mem_mean=2.3/47.8GB
timesteps=9556800 | env_steps/sec=206.1 | episodes/sec=2.84 | gpu_util_mean=0% gpu_util_max=0% | gpu_mem_mean=2.3/47.8GB
timesteps=9557824 | env_steps/sec=204.1 | episodes/sec=3.99 | gpu_util_mean=0% gpu_util_max=1% | gpu_mem_mean=2.3/47.8GB
timesteps=9558912 | env_steps/sec=212.9 | episodes/sec=3.13 | gpu_util_mean=0% gpu_util_max=1% | gpu_mem_mean=2.3/47.8GB
timesteps=9560000 | env_steps/sec=215.8 | episodes/sec=2.58 | gpu_util_mean=0% gpu_util_max=0% | gpu_mem_mean=2.3/47.8GB
timesteps=9561024 | env_steps/sec=203.1 | episodes/sec=3.17 | gpu_util_mean=0% gpu_util_max=0% | gpu_mem_mean=2.3/47.8GB
timesteps=9562112 | env_steps/sec=212.5 | episodes/sec=4.49 | gpu_util_mean=0% gpu_util_max=0% | gpu_mem_mean=2.3/47.8GB
timesteps=9563200 | env_steps/sec=205.2 | episodes/sec=3.02 | gpu_util_mean=0% gpu_util_max=0% | gpu_mem_mean=2.3/47.8GB
timesteps=9564224 | env_steps/sec=204.1 | episodes/sec=2.39 | gpu_util_mean=0% gpu_util_max=0% | gpu_mem_mean=2.3/47.8GB
timesteps=9565312 | env_steps/sec=210.9 | episodes/sec=4.07 | gpu_util_mean=0% gpu_util_max=0% | gpu_mem_mean=2.3/47.8GB
timesteps=9566400 | env_steps/sec=207.5 | episodes/sec=3.62 | gpu_util_mean=1% gpu_util_max=1% | gpu_mem_mean=2.3/47.8GB
timesteps=9567424 | env_steps/sec=195.0 | episodes/sec=2.48 | gpu_util_mean=0% gpu_util_max=1% | gpu_mem_mean=2.3/47.8GB
------------------------------------------------------
| gpu/                                 |             |
|    gpu_count                         | 2           |
|    gpu_mem_total_gb_mean             | 47.8        |
|    gpu_mem_used_gb_mean              | 2.33        |
|    gpu_util_pct_max                  | 1           |
|    gpu_util_pct_mean                 | 0.5         |
| profile/                             |             |
|    hard/damage_mean                  | 0.35        |
|    hard/defense_damage_pct_mean      | 0.339       |
|    hard/defense_damage_reward_mean   | 0.0407      |
|    hard/defense_destroy_reward_mean  | 0.0118      |
|    hard/defenses_destroyed_mean      | 2.35        |
|    hard/ep_len_mean                  | 61.4        |
|    hard/ep_rew_mean                  | 0.667       |
|    hard/episodes_window              | 200         |
|    hard/freeze_casts_mean            | 2           |
|    hard/freeze_effect_reward_mean    | 0.074       |
|    hard/frozen_threat_damage_pct_... | 0.0654      |
|    hard/frozen_threat_ticks_mean     | 62.8        |
|    hard/objective_shaping_reward_... | 0.0761      |
|    hard/p_all_spells_used            | 1           |
|    hard/p_damage_ge_90               | 0           |
|    hard/p_stars_ge_2                 | 0.075       |
|    hard/rage_bonus_damage_pct_mean   | 0.00971     |
|    hard/rage_bonus_defense_damage... | 0.00592     |
|    hard/rage_bonus_townhall_damag... | 0.0168      |
|    hard/rage_casts_mean              | 2           |
|    hard/rage_effect_reward_mean      | 0.0034      |
|    hard/score_mean                   | 0.575       |
|    hard/spell_casts_mean             | 4           |
|    hard/spell_shaping_reward_mean    | 0.0774      |
|    hard/spells_remaining_mean        | 0           |
|    hard/stars_mean                   | 0.225       |
|    hard/ticks_mean                   | 610         |
|    hard/townhall_damage_pct_mean     | 0.184       |
|    hard/townhall_damage_reward_mean  | 0.0184      |
|    hard/townhall_destroy_reward_mean | 0.00525     |
|    hard/townhall_destroyed_rate      | 0.105       |
|    hard/truncated_rate               | 0.015       |
|    hard/unused_spell_penalty_mean    | 0           |
|    hard/useful_freeze_casts_mean     | 2           |
|    hard/useful_rage_casts_mean       | 2           |
|    hard/wasted_spell_casts_mean      | 0           |
|    hard/wasted_spell_penalty_mean    | 0           |
|    medium/damage_mean                | 0.84        |
|    medium/defense_damage_pct_mean    | 0.782       |
|    medium/defense_damage_reward_mean | 0.0938      |
|    medium/defense_destroy_reward_... | 0.0183      |
|    medium/defenses_destroyed_mean    | 3.66        |
|    medium/ep_len_mean                | 70.3        |
|    medium/ep_rew_mean                | 3.26        |
|    medium/episodes_window            | 200         |
|    medium/freeze_casts_mean          | 1.94        |
|    medium/freeze_effect_reward_mean  | 0.0585      |
|    medium/frozen_threat_damage_pc... | 0.0516      |
|    medium/frozen_threat_ticks_mean   | 44.3        |
|    medium/objective_shaping_rewar... | 0.245       |
|    medium/p_all_spells_used          | 0.945       |
|    medium/p_damage_ge_90             | 0.49        |
|    medium/p_stars_ge_2               | 0.865       |
|    medium/rage_bonus_damage_pct_mean | 0.0306      |
|    medium/rage_bonus_defense_dama... | 0.0131      |
|    medium/rage_bonus_townhall_dam... | 0.0834      |
|    medium/rage_casts_mean            | 1.99        |
|    medium/rage_effect_reward_mean    | 0.0107      |
|    medium/score_mean                 | 3.01        |
|    medium/spell_casts_mean           | 3.92        |
|    medium/spell_shaping_reward_mean  | 0.067       |
|    medium/spells_remaining_mean      | 0.075       |
|    medium/stars_mean                 | 2.17        |
|    medium/ticks_mean                 | 699         |
|    medium/townhall_damage_pct_mean   | 0.896       |
|    medium/townhall_damage_reward_... | 0.0896      |
|    medium/townhall_destroy_reward... | 0.0435      |
|    medium/townhall_destroyed_rate    | 0.87        |
|    medium/truncated_rate             | 0.095       |
|    medium/unused_spell_penalty_mean  | 0.00225     |
|    medium/useful_freeze_casts_mean   | 1.94        |
|    medium/useful_rage_casts_mean     | 1.99        |
|    medium/wasted_spell_casts_mean    | 0           |
|    medium/wasted_spell_penalty_mean  | 0           |
| rollout/                             |             |
|    ep_len_mean                       | 62.9        |
|    ep_rew_mean                       | 1.38        |
| throughput/                          |             |
|    env_steps_per_sec                 | 195         |
|    episodes_per_sec                  | 2.48        |
| time/                                |             |
|    fps                               | 202         |
|    iterations                        | 47          |
|    time_elapsed                      | 7616        |
|    total_timesteps                   | 9568256     |
| train/                               |             |
|    approx_kl                         | 0.007287913 |
|    clip_fraction                     | 0.0299      |
|    clip_range                        | 0.2         |
|    entropy_loss                      | -4.04       |
|    explained_variance                | 0.913       |
|    learning_rate                     | 0.0001      |
|    loss                              | -0.0257     |
|    n_updates                         | 2910        |
|    policy_gradient_loss              | -0.0112     |
|    value_loss                        | 0.0655      |
------------------------------------------------------
timesteps=9568320 | env_steps/sec=100.0 | episodes/sec=1.23 | gpu_util_mean=18% gpu_util_max=34% | gpu_mem_mean=2.3/47.8GB
timesteps=9569408 | env_steps/sec=212.4 | episodes/sec=4.30 | gpu_util_mean=0% gpu_util_max=0% | gpu_mem_mean=2.3/47.8GB
timesteps=9570496 | env_steps/sec=208.6 | episodes/sec=3.64 | gpu_util_mean=0% gpu_util_max=1% | gpu_mem_mean=2.3/47.8GB
timesteps=9571584 | env_steps/sec=214.4 | episodes/sec=2.36 | gpu_util_mean=18% gpu_util_max=35% | gpu_mem_mean=2.3/47.8GB
timesteps=9572736 | env_steps/sec=218.3 | episodes/sec=3.60 | gpu_util_mean=0% gpu_util_max=1% | gpu_mem_mean=2.3/47.8GB
timesteps=9573824 | env_steps/sec=207.2 | episodes/sec=4.76 | gpu_util_mean=0% gpu_util_max=0% | gpu_mem_mean=2.3/47.8GB
timesteps=9574912 | env_steps/sec=212.2 | episodes/sec=2.54 | gpu_util_mean=0% gpu_util_max=1% | gpu_mem_mean=2.3/47.8GB
timesteps=9576000 | env_steps/sec=213.6 | episodes/sec=3.14 | gpu_util_mean=0% gpu_util_max=0% | gpu_mem_mean=2.3/47.8GB
timesteps=9577152 | env_steps/sec=219.5 | episodes/sec=4.38 | gpu_util_mean=0% gpu_util_max=0% | gpu_mem_mean=2.3/47.8GB
timesteps=9578176 | env_steps/sec=202.7 | episodes/sec=3.17 | gpu_util_mean=0% gpu_util_max=1% | gpu_mem_mean=2.3/47.8GB
timesteps=9579200 | env_steps/sec=197.8 | episodes/sec=2.32 | gpu_util_mean=0% gpu_util_max=1% | gpu_mem_mean=2.3/47.8GB
timesteps=9580224 | env_steps/sec=203.5 | episodes/sec=2.19 | gpu_util_mean=0% gpu_util_max=1% | gpu_mem_mean=2.3/47.8GB
timesteps=9581312 | env_steps/sec=208.3 | episodes/sec=5.17 | gpu_util_mean=0% gpu_util_max=1% | gpu_mem_mean=2.3/47.8GB
timesteps=9582400 | env_steps/sec=214.0 | episodes/sec=2.36 | gpu_util_mean=0% gpu_util_max=0% | gpu_mem_mean=2.3/47.8GB
timesteps=9583424 | env_steps/sec=204.6 | episodes/sec=3.20 | gpu_util_mean=0% gpu_util_max=0% | gpu_mem_mean=2.3/47.8GB
timesteps=9584512 | env_steps/sec=212.9 | episodes/sec=3.33 | gpu_util_mean=0% gpu_util_max=1% | gpu_mem_mean=2.3/47.8GB
timesteps=9585536 | env_steps/sec=199.4 | episodes/sec=3.70 | gpu_util_mean=0% gpu_util_max=1% | gpu_mem_mean=2.3/47.8GB
timesteps=9586560 | env_steps/sec=197.9 | episodes/sec=3.29 | gpu_util_mean=0% gpu_util_max=0% | gpu_mem_mean=2.3/47.8GB
timesteps=9587584 | env_steps/sec=203.4 | episodes/sec=2.78 | gpu_util_mean=1% gpu_util_max=1% | gpu_mem_mean=2.3/47.8GB
timesteps=9588672 | env_steps/sec=207.2 | episodes/sec=4.00 | gpu_util_mean=0% gpu_util_max=1% | gpu_mem_mean=2.3/47.8GB
timesteps=9589696 | env_steps/sec=196.7 | episodes/sec=2.88 | gpu_util_mean=0% gpu_util_max=1% | gpu_mem_mean=2.3/47.8GB
timesteps=9590720 | env_steps/sec=204.8 | episodes/sec=3.00 | gpu_util_mean=0% gpu_util_max=1% | gpu_mem_mean=2.3/47.8GB
timesteps=9591808 | env_steps/sec=211.9 | episodes/sec=3.12 | gpu_util_mean=0% gpu_util_max=0% | gpu_mem_mean=2.3/47.8GB
timesteps=9592960 | env_steps/sec=218.1 | episodes/sec=3.60 | gpu_util_mean=0% gpu_util_max=1% | gpu_mem_mean=2.3/47.8GB
timesteps=9594048 | env_steps/sec=211.3 | episodes/sec=3.30 | gpu_util_mean=0% gpu_util_max=0% | gpu_mem_mean=2.3/47.8GB
timesteps=9595136 | env_steps/sec=215.7 | episodes/sec=3.17 | gpu_util_mean=0% gpu_util_max=1% | gpu_mem_mean=2.3/47.8GB
timesteps=9596160 | env_steps/sec=204.4 | episodes/sec=3.99 | gpu_util_mean=0% gpu_util_max=1% | gpu_mem_mean=2.3/47.8GB
timesteps=9597248 | env_steps/sec=210.4 | episodes/sec=2.51 | gpu_util_mean=0% gpu_util_max=0% | gpu_mem_mean=2.3/47.8GB
timesteps=9598336 | env_steps/sec=211.5 | episodes/sec=3.69 | gpu_util_mean=0% gpu_util_max=1% | gpu_mem_mean=2.3/47.8GB
timesteps=9599424 | env_steps/sec=208.0 | episodes/sec=3.44 | gpu_util_mean=0% gpu_util_max=1% | gpu_mem_mean=2.3/47.8GB
timesteps=9600448 | env_steps/sec=201.5 | episodes/sec=2.95 | gpu_util_mean=0% gpu_util_max=1% | gpu_mem_mean=2.3/47.8GB
------------------------------------------------------
| gpu/                                 |             |
|    gpu_count                         | 2           |
|    gpu_mem_total_gb_mean             | 47.8        |
|    gpu_mem_used_gb_mean              | 2.33        |
|    gpu_util_pct_max                  | 1           |
|    gpu_util_pct_mean                 | 0.5         |
| profile/                             |             |
|    hard/damage_mean                  | 0.337       |
|    hard/defense_damage_pct_mean      | 0.329       |
|    hard/defense_damage_reward_mean   | 0.0395      |
|    hard/defense_destroy_reward_mean  | 0.0112      |
|    hard/defenses_destroyed_mean      | 2.25        |
|    hard/ep_len_mean                  | 60.8        |
|    hard/ep_rew_mean                  | 0.613       |
|    hard/episodes_window              | 200         |
|    hard/freeze_casts_mean            | 2           |
|    hard/freeze_effect_reward_mean    | 0.0726      |
|    hard/frozen_threat_damage_pct_... | 0.0627      |
|    hard/frozen_threat_ticks_mean     | 60.8        |
|    hard/objective_shaping_reward_... | 0.0763      |
|    hard/p_all_spells_used            | 1           |
|    hard/p_damage_ge_90               | 0           |
|    hard/p_stars_ge_2                 | 0.055       |
|    hard/rage_bonus_damage_pct_mean   | 0.00888     |
|    hard/rage_bonus_defense_damage... | 0.00663     |
|    hard/rage_bonus_townhall_damag... | 0.0163      |
|    hard/rage_casts_mean              | 2           |
|    hard/rage_effect_reward_mean      | 0.00311     |
|    hard/score_mean                   | 0.522       |
|    hard/spell_casts_mean             | 4           |
|    hard/spell_shaping_reward_mean    | 0.0758      |
|    hard/spells_remaining_mean        | 0           |
|    hard/stars_mean                   | 0.185       |
|    hard/ticks_mean                   | 604         |
|    hard/townhall_damage_pct_mean     | 0.195       |
|    hard/townhall_damage_reward_mean  | 0.0195      |
|    hard/townhall_destroy_reward_mean | 0.006       |
|    hard/townhall_destroyed_rate      | 0.12        |
|    hard/truncated_rate               | 0.02        |
|    hard/unused_spell_penalty_mean    | 0           |
|    hard/useful_freeze_casts_mean     | 2           |
|    hard/useful_rage_casts_mean       | 2           |
|    hard/wasted_spell_casts_mean      | 0           |
|    hard/wasted_spell_penalty_mean    | 0           |
|    medium/damage_mean                | 0.841       |
|    medium/defense_damage_pct_mean    | 0.792       |
|    medium/defense_damage_reward_mean | 0.0951      |
|    medium/defense_destroy_reward_... | 0.0185      |
|    medium/defenses_destroyed_mean    | 3.69        |
|    medium/ep_len_mean                | 69.6        |
|    medium/ep_rew_mean                | 3.27        |
|    medium/episodes_window            | 200         |
|    medium/freeze_casts_mean          | 1.96        |
|    medium/freeze_effect_reward_mean  | 0.0579      |
|    medium/frozen_threat_damage_pc... | 0.0511      |
|    medium/frozen_threat_ticks_mean   | 44.2        |
|    medium/objective_shaping_rewar... | 0.248       |
|    medium/p_all_spells_used          | 0.965       |
|    medium/p_damage_ge_90             | 0.525       |
|    medium/p_stars_ge_2               | 0.875       |
|    medium/rage_bonus_damage_pct_mean | 0.0321      |
|    medium/rage_bonus_defense_dama... | 0.0126      |
|    medium/rage_bonus_townhall_dam... | 0.0872      |
|    medium/rage_casts_mean            | 1.98        |
|    medium/rage_effect_reward_mean    | 0.0112      |
|    medium/score_mean                 | 3.03        |
|    medium/spell_casts_mean           | 3.94        |
|    medium/spell_shaping_reward_mean  | 0.0674      |
|    medium/spells_remaining_mean      | 0.06        |
|    medium/stars_mean                 | 2.19        |
|    medium/ticks_mean                 | 692         |
|    medium/townhall_damage_pct_mean   | 0.907       |
|    medium/townhall_damage_reward_... | 0.0907      |
|    medium/townhall_destroy_reward... | 0.0437      |
|    medium/townhall_destroyed_rate    | 0.875       |
|    medium/truncated_rate             | 0.095       |
|    medium/unused_spell_penalty_mean  | 0.0018      |
|    medium/useful_freeze_casts_mean   | 1.96        |
|    medium/useful_rage_casts_mean     | 1.98        |
|    medium/wasted_spell_casts_mean    | 0           |
|    medium/wasted_spell_penalty_mean  | 0           |
| rollout/                             |             |
|    ep_len_mean                       | 63.2        |
|    ep_rew_mean                       | 1.12        |
| throughput/                          |             |
|    env_steps_per_sec                 | 201         |
|    episodes_per_sec                  | 2.95        |
| time/                                |             |
|    fps                               | 202         |
|    iterations                        | 48          |
|    time_elapsed                      | 7778        |
|    total_timesteps                   | 9601024     |
| train/                               |             |
|    approx_kl                         | 0.009026965 |
|    clip_fraction                     | 0.0589      |
|    clip_range                        | 0.2         |
|    entropy_loss                      | -4.1        |
|    explained_variance                | 0.905       |
|    learning_rate                     | 0.0001      |
|    loss                              | -0.0313     |
|    n_updates                         | 2920        |
|    policy_gradient_loss              | -0.0142     |
|    value_loss                        | 0.0645      |
------------------------------------------------------
timesteps=9601088 | env_steps/sec=84.0 | episodes/sec=0.92 | gpu_util_mean=18% gpu_util_max=37% | gpu_mem_mean=2.3/47.8GB
timesteps=9602176 | env_steps/sec=207.7 | episodes/sec=3.63 | gpu_util_mean=0% gpu_util_max=0% | gpu_mem_mean=2.3/47.8GB
timesteps=9603264 | env_steps/sec=204.6 | episodes/sec=3.76 | gpu_util_mean=0% gpu_util_max=0% | gpu_mem_mean=2.3/47.8GB
timesteps=9604352 | env_steps/sec=210.3 | episodes/sec=2.32 | gpu_util_mean=0% gpu_util_max=1% | gpu_mem_mean=2.3/47.8GB
timesteps=9605440 | env_steps/sec=211.1 | episodes/sec=2.91 | gpu_util_mean=18% gpu_util_max=35% | gpu_mem_mean=2.3/47.8GB
timesteps=9606592 | env_steps/sec=221.8 | episodes/sec=3.47 | gpu_util_mean=0% gpu_util_max=0% | gpu_mem_mean=2.3/47.8GB
timesteps=9607680 | env_steps/sec=206.4 | episodes/sec=4.74 | gpu_util_mean=0% gpu_util_max=1% | gpu_mem_mean=2.3/47.8GB
timesteps=9608704 | env_steps/sec=197.1 | episodes/sec=2.69 | gpu_util_mean=0% gpu_util_max=0% | gpu_mem_mean=2.3/47.8GB
timesteps=9609792 | env_steps/sec=215.2 | episodes/sec=2.57 | gpu_util_mean=0% gpu_util_max=0% | gpu_mem_mean=2.3/47.8GB
timesteps=9610880 | env_steps/sec=212.2 | episodes/sec=3.90 | gpu_util_mean=0% gpu_util_max=1% | gpu_mem_mean=2.3/47.8GB
timesteps=9611968 | env_steps/sec=208.7 | episodes/sec=3.26 | gpu_util_mean=0% gpu_util_max=0% | gpu_mem_mean=2.3/47.8GB
timesteps=9613056 | env_steps/sec=208.7 | episodes/sec=2.88 | gpu_util_mean=0% gpu_util_max=1% | gpu_mem_mean=2.3/47.8GB
timesteps=9614080 | env_steps/sec=199.4 | episodes/sec=3.12 | gpu_util_mean=0% gpu_util_max=1% | gpu_mem_mean=2.3/47.8GB
timesteps=9615168 | env_steps/sec=211.4 | episodes/sec=3.50 | gpu_util_mean=0% gpu_util_max=1% | gpu_mem_mean=2.3/47.8GB
timesteps=9616192 | env_steps/sec=201.3 | episodes/sec=3.34 | gpu_util_mean=0% gpu_util_max=1% | gpu_mem_mean=2.3/47.8GB
timesteps=9617280 | env_steps/sec=212.6 | episodes/sec=3.13 | gpu_util_mean=0% gpu_util_max=0% | gpu_mem_mean=2.3/47.8GB
timesteps=9618304 | env_steps/sec=198.7 | episodes/sec=3.30 | gpu_util_mean=0% gpu_util_max=1% | gpu_mem_mean=2.3/47.8GB
timesteps=9619392 | env_steps/sec=208.5 | episodes/sec=4.02 | gpu_util_mean=0% gpu_util_max=0% | gpu_mem_mean=2.3/47.8GB
timesteps=9620480 | env_steps/sec=205.5 | episodes/sec=2.46 | gpu_util_mean=0% gpu_util_max=0% | gpu_mem_mean=2.3/47.8GB
timesteps=9621504 | env_steps/sec=196.8 | episodes/sec=2.31 | gpu_util_mean=0% gpu_util_max=0% | gpu_mem_mean=2.3/47.8GB
timesteps=9622592 | env_steps/sec=213.0 | episodes/sec=4.31 | gpu_util_mean=0% gpu_util_max=0% | gpu_mem_mean=2.3/47.8GB
timesteps=9623680 | env_steps/sec=211.0 | episodes/sec=3.49 | gpu_util_mean=0% gpu_util_max=0% | gpu_mem_mean=2.3/47.8GB
timesteps=9624768 | env_steps/sec=216.3 | episodes/sec=2.58 | gpu_util_mean=0% gpu_util_max=0% | gpu_mem_mean=2.3/47.8GB
timesteps=9625856 | env_steps/sec=207.7 | episodes/sec=2.86 | gpu_util_mean=0% gpu_util_max=0% | gpu_mem_mean=2.3/47.8GB
timesteps=9626944 | env_steps/sec=207.9 | episodes/sec=3.82 | gpu_util_mean=0% gpu_util_max=1% | gpu_mem_mean=2.3/47.8GB
timesteps=9628032 | env_steps/sec=207.8 | episodes/sec=2.67 | gpu_util_mean=0% gpu_util_max=0% | gpu_mem_mean=2.3/47.8GB
timesteps=9629120 | env_steps/sec=207.7 | episodes/sec=3.25 | gpu_util_mean=0% gpu_util_max=1% | gpu_mem_mean=2.3/47.8GB
timesteps=9630208 | env_steps/sec=211.8 | episodes/sec=3.89 | gpu_util_mean=0% gpu_util_max=0% | gpu_mem_mean=2.3/47.8GB
timesteps=9631296 | env_steps/sec=214.2 | episodes/sec=3.35 | gpu_util_mean=0% gpu_util_max=1% | gpu_mem_mean=2.3/47.8GB
timesteps=9632384 | env_steps/sec=211.8 | episodes/sec=3.31 | gpu_util_mean=0% gpu_util_max=0% | gpu_mem_mean=2.3/47.8GB
timesteps=9633472 | env_steps/sec=207.3 | episodes/sec=3.05 | gpu_util_mean=0% gpu_util_max=0% | gpu_mem_mean=2.3/47.8GB
------------------------------------------------------
| gpu/                                 |             |
|    gpu_count                         | 2           |
|    gpu_mem_total_gb_mean             | 47.8        |
|    gpu_mem_used_gb_mean              | 2.33        |
|    gpu_util_pct_max                  | 0           |
|    gpu_util_pct_mean                 | 0           |
| profile/                             |             |
|    hard/damage_mean                  | 0.339       |
|    hard/defense_damage_pct_mean      | 0.354       |
|    hard/defense_damage_reward_mean   | 0.0425      |
|    hard/defense_destroy_reward_mean  | 0.0121      |
|    hard/defenses_destroyed_mean      | 2.42        |
|    hard/ep_len_mean                  | 61.9        |
|    hard/ep_rew_mean                  | 0.608       |
|    hard/episodes_window              | 200         |
|    hard/freeze_casts_mean            | 1.98        |
|    hard/freeze_effect_reward_mean    | 0.0768      |
|    hard/frozen_threat_damage_pct_... | 0.0685      |
|    hard/frozen_threat_ticks_mean     | 65.3        |
|    hard/objective_shaping_reward_... | 0.0766      |
|    hard/p_all_spells_used            | 0.99        |
|    hard/p_damage_ge_90               | 0           |
|    hard/p_stars_ge_2                 | 0.055       |
|    hard/rage_bonus_damage_pct_mean   | 0.00846     |
|    hard/rage_bonus_defense_damage... | 0.00741     |
|    hard/rage_bonus_townhall_damag... | 0.0133      |
|    hard/rage_casts_mean              | 1.99        |
|    hard/rage_effect_reward_mean      | 0.00296     |
|    hard/score_mean                   | 0.514       |
|    hard/spell_casts_mean             | 3.97        |
|    hard/spell_shaping_reward_mean    | 0.0789      |
|    hard/spells_remaining_mean        | 0.03        |
|    hard/stars_mean                   | 0.175       |
|    hard/ticks_mean                   | 615         |
|    hard/townhall_damage_pct_mean     | 0.165       |
|    hard/townhall_damage_reward_mean  | 0.0165      |
|    hard/townhall_destroy_reward_mean | 0.0055      |
|    hard/townhall_destroyed_rate      | 0.11        |
|    hard/truncated_rate               | 0.02        |
|    hard/unused_spell_penalty_mean    | 0.0009      |
|    hard/useful_freeze_casts_mean     | 1.98        |
|    hard/useful_rage_casts_mean       | 1.99        |
|    hard/wasted_spell_casts_mean      | 0           |
|    hard/wasted_spell_penalty_mean    | 0           |
|    medium/damage_mean                | 0.838       |
|    medium/defense_damage_pct_mean    | 0.797       |
|    medium/defense_damage_reward_mean | 0.0956      |
|    medium/defense_destroy_reward_... | 0.0185      |
|    medium/defenses_destroyed_mean    | 3.69        |
|    medium/ep_len_mean                | 72.2        |
|    medium/ep_rew_mean                | 3.21        |
|    medium/episodes_window            | 200         |
|    medium/freeze_casts_mean          | 1.95        |
|    medium/freeze_effect_reward_mean  | 0.0572      |
|    medium/frozen_threat_damage_pc... | 0.0512      |
|    medium/frozen_threat_ticks_mean   | 44.2        |
|    medium/objective_shaping_rewar... | 0.25        |
|    medium/p_all_spells_used          | 0.96        |
|    medium/p_damage_ge_90             | 0.52        |
|    medium/p_stars_ge_2               | 0.875       |
|    medium/rage_bonus_damage_pct_mean | 0.0355      |
|    medium/rage_bonus_defense_dama... | 0.0135      |
|    medium/rage_bonus_townhall_dam... | 0.102       |
|    medium/rage_casts_mean            | 1.99        |
|    medium/rage_effect_reward_mean    | 0.0124      |
|    medium/score_mean                 | 2.97        |
|    medium/spell_casts_mean           | 3.94        |
|    medium/spell_shaping_reward_mean  | 0.0676      |
|    medium/spells_remaining_mean      | 0.065       |
|    medium/stars_mean                 | 2.13        |
|    medium/ticks_mean                 | 719         |
|    medium/townhall_damage_pct_mean   | 0.912       |
|    medium/townhall_damage_reward_... | 0.0912      |
|    medium/townhall_destroy_reward... | 0.0442      |
|    medium/townhall_destroyed_rate    | 0.885       |
|    medium/truncated_rate             | 0.155       |
|    medium/unused_spell_penalty_mean  | 0.00195     |
|    medium/useful_freeze_casts_mean   | 1.95        |
|    medium/useful_rage_casts_mean     | 1.99        |
|    medium/wasted_spell_casts_mean    | 0           |
|    medium/wasted_spell_penalty_mean  | 0           |
| rollout/                             |             |
|    ep_len_mean                       | 65.2        |
|    ep_rew_mean                       | 1.22        |
| throughput/                          |             |
|    env_steps_per_sec                 | 207         |
|    episodes_per_sec                  | 3.05        |
| time/                                |             |
|    fps                               | 202         |
|    iterations                        | 49          |
|    time_elapsed                      | 7940        |
|    total_timesteps                   | 9633792     |
| train/                               |             |
|    approx_kl                         | 0.008424912 |
|    clip_fraction                     | 0.0397      |
|    clip_range                        | 0.2         |
|    entropy_loss                      | -4.1        |
|    explained_variance                | 0.908       |
|    learning_rate                     | 0.0001      |
|    loss                              | -0.0286     |
|    n_updates                         | 2930        |
|    policy_gradient_loss              | -0.0119     |
|    value_loss                        | 0.0683      |
------------------------------------------------------
timesteps=9633856 | env_steps/sec=60.2 | episodes/sec=1.25 | gpu_util_mean=9% gpu_util_max=17% | gpu_mem_mean=2.3/47.8GB
timesteps=9634944 | env_steps/sec=214.4 | episodes/sec=2.56 | gpu_util_mean=0% gpu_util_max=1% | gpu_mem_mean=2.3/47.8GB
timesteps=9636032 | env_steps/sec=210.8 | episodes/sec=4.07 | gpu_util_mean=0% gpu_util_max=0% | gpu_mem_mean=2.3/47.8GB
timesteps=9637184 | env_steps/sec=218.8 | episodes/sec=3.42 | gpu_util_mean=0% gpu_util_max=0% | gpu_mem_mean=2.3/47.8GB
timesteps=9638272 | env_steps/sec=205.3 | episodes/sec=3.58 | gpu_util_mean=15% gpu_util_max=30% | gpu_mem_mean=2.3/47.8GB
timesteps=9639424 | env_steps/sec=217.5 | episodes/sec=2.45 | gpu_util_mean=0% gpu_util_max=0% | gpu_mem_mean=2.3/47.8GB
timesteps=9640448 | env_steps/sec=201.6 | episodes/sec=3.54 | gpu_util_mean=0% gpu_util_max=0% | gpu_mem_mean=2.3/47.8GB
timesteps=9641536 | env_steps/sec=214.1 | episodes/sec=4.33 | gpu_util_mean=1% gpu_util_max=1% | gpu_mem_mean=2.3/47.8GB
timesteps=9642624 | env_steps/sec=207.0 | episodes/sec=2.47 | gpu_util_mean=1% gpu_util_max=1% | gpu_mem_mean=2.3/47.8GB
timesteps=9643712 | env_steps/sec=214.8 | episodes/sec=3.95 | gpu_util_mean=0% gpu_util_max=0% | gpu_mem_mean=2.3/47.8GB
timesteps=9644800 | env_steps/sec=207.0 | episodes/sec=2.47 | gpu_util_mean=0% gpu_util_max=1% | gpu_mem_mean=2.3/47.8GB
timesteps=9645888 | env_steps/sec=207.9 | episodes/sec=4.78 | gpu_util_mean=0% gpu_util_max=1% | gpu_mem_mean=2.3/47.8GB
timesteps=9646976 | env_steps/sec=206.4 | episodes/sec=1.90 | gpu_util_mean=0% gpu_util_max=0% | gpu_mem_mean=2.3/47.8GB
timesteps=9648064 | env_steps/sec=216.5 | episodes/sec=3.98 | gpu_util_mean=1% gpu_util_max=1% | gpu_mem_mean=2.3/47.8GB
timesteps=9649152 | env_steps/sec=207.9 | episodes/sec=3.63 | gpu_util_mean=0% gpu_util_max=0% | gpu_mem_mean=2.3/47.8GB
timesteps=9650176 | env_steps/sec=203.4 | episodes/sec=3.77 | gpu_util_mean=0% gpu_util_max=1% | gpu_mem_mean=2.3/47.8GB
timesteps=9651200 | env_steps/sec=204.5 | episodes/sec=1.80 | gpu_util_mean=0% gpu_util_max=1% | gpu_mem_mean=2.3/47.8GB
timesteps=9652288 | env_steps/sec=206.0 | episodes/sec=3.79 | gpu_util_mean=0% gpu_util_max=0% | gpu_mem_mean=2.3/47.8GB
timesteps=9653376 | env_steps/sec=209.6 | episodes/sec=2.89 | gpu_util_mean=0% gpu_util_max=0% | gpu_mem_mean=2.3/47.8GB
timesteps=9654400 | env_steps/sec=204.5 | episodes/sec=3.99 | gpu_util_mean=0% gpu_util_max=1% | gpu_mem_mean=2.3/47.8GB
timesteps=9655424 | env_steps/sec=203.6 | episodes/sec=2.98 | gpu_util_mean=0% gpu_util_max=0% | gpu_mem_mean=2.3/47.8GB
timesteps=9656512 | env_steps/sec=208.3 | episodes/sec=2.49 | gpu_util_mean=0% gpu_util_max=0% | gpu_mem_mean=2.3/47.8GB
timesteps=9657664 | env_steps/sec=218.2 | episodes/sec=4.74 | gpu_util_mean=0% gpu_util_max=1% | gpu_mem_mean=2.3/47.8GB
timesteps=9658752 | env_steps/sec=210.3 | episodes/sec=3.09 | gpu_util_mean=0% gpu_util_max=1% | gpu_mem_mean=2.3/47.8GB
timesteps=9659840 | env_steps/sec=213.8 | episodes/sec=3.34 | gpu_util_mean=0% gpu_util_max=0% | gpu_mem_mean=2.3/47.8GB
timesteps=9660864 | env_steps/sec=201.3 | episodes/sec=2.16 | gpu_util_mean=0% gpu_util_max=1% | gpu_mem_mean=2.3/47.8GB
timesteps=9661952 | env_steps/sec=215.5 | episodes/sec=4.36 | gpu_util_mean=0% gpu_util_max=1% | gpu_mem_mean=2.3/47.8GB
timesteps=9663040 | env_steps/sec=214.7 | episodes/sec=2.57 | gpu_util_mean=0% gpu_util_max=0% | gpu_mem_mean=2.3/47.8GB
timesteps=9664128 | env_steps/sec=212.4 | episodes/sec=3.32 | gpu_util_mean=0% gpu_util_max=1% | gpu_mem_mean=2.3/47.8GB
timesteps=9665216 | env_steps/sec=212.8 | episodes/sec=3.52 | gpu_util_mean=0% gpu_util_max=1% | gpu_mem_mean=2.3/47.8GB
timesteps=9666304 | env_steps/sec=212.5 | episodes/sec=3.12 | gpu_util_mean=0% gpu_util_max=0% | gpu_mem_mean=2.3/47.8GB
-------------------------------------------------------
| gpu/                                 |              |
|    gpu_count                         | 2            |
|    gpu_mem_total_gb_mean             | 47.8         |
|    gpu_mem_used_gb_mean              | 2.33         |
|    gpu_util_pct_max                  | 0            |
|    gpu_util_pct_mean                 | 0            |
| profile/                             |              |
|    hard/damage_mean                  | 0.358        |
|    hard/defense_damage_pct_mean      | 0.343        |
|    hard/defense_damage_reward_mean   | 0.0411       |
|    hard/defense_destroy_reward_mean  | 0.0121       |
|    hard/defenses_destroyed_mean      | 2.42         |
|    hard/ep_len_mean                  | 62.1         |
|    hard/ep_rew_mean                  | 0.708        |
|    hard/episodes_window              | 200          |
|    hard/freeze_casts_mean            | 2            |
|    hard/freeze_effect_reward_mean    | 0.0726       |
|    hard/frozen_threat_damage_pct_... | 0.063        |
|    hard/frozen_threat_ticks_mean     | 60.4         |
|    hard/objective_shaping_reward_... | 0.0846       |
|    hard/p_all_spells_used            | 1            |
|    hard/p_damage_ge_90               | 0            |
|    hard/p_stars_ge_2                 | 0.07         |
|    hard/rage_bonus_damage_pct_mean   | 0.0104       |
|    hard/rage_bonus_defense_damage... | 0.0072       |
|    hard/rage_bonus_townhall_damag... | 0.0219       |
|    hard/rage_casts_mean              | 2            |
|    hard/rage_effect_reward_mean      | 0.00364      |
|    hard/score_mean                   | 0.608        |
|    hard/spell_casts_mean             | 4            |
|    hard/spell_shaping_reward_mean    | 0.0763       |
|    hard/spells_remaining_mean        | 0            |
|    hard/stars_mean                   | 0.25         |
|    hard/ticks_mean                   | 616          |
|    hard/townhall_damage_pct_mean     | 0.237        |
|    hard/townhall_damage_reward_mean  | 0.0237       |
|    hard/townhall_destroy_reward_mean | 0.00775      |
|    hard/townhall_destroyed_rate      | 0.155        |
|    hard/truncated_rate               | 0.01         |
|    hard/unused_spell_penalty_mean    | 0            |
|    hard/useful_freeze_casts_mean     | 2            |
|    hard/useful_rage_casts_mean       | 2            |
|    hard/wasted_spell_casts_mean      | 0            |
|    hard/wasted_spell_penalty_mean    | 0            |
|    medium/damage_mean                | 0.846        |
|    medium/defense_damage_pct_mean    | 0.798        |
|    medium/defense_damage_reward_mean | 0.0958       |
|    medium/defense_destroy_reward_... | 0.0186       |
|    medium/defenses_destroyed_mean    | 3.73         |
|    medium/ep_len_mean                | 70.4         |
|    medium/ep_rew_mean                | 3.29         |
|    medium/episodes_window            | 200          |
|    medium/freeze_casts_mean          | 1.94         |
|    medium/freeze_effect_reward_mean  | 0.0544       |
|    medium/frozen_threat_damage_pc... | 0.0482       |
|    medium/frozen_threat_ticks_mean   | 41.8         |
|    medium/objective_shaping_rewar... | 0.248        |
|    medium/p_all_spells_used          | 0.935        |
|    medium/p_damage_ge_90             | 0.55         |
|    medium/p_stars_ge_2               | 0.86         |
|    medium/rage_bonus_damage_pct_mean | 0.0333       |
|    medium/rage_bonus_defense_dama... | 0.0153       |
|    medium/rage_bonus_townhall_dam... | 0.0925       |
|    medium/rage_casts_mean            | 1.95         |
|    medium/rage_effect_reward_mean    | 0.0116       |
|    medium/score_mean                 | 3.05         |
|    medium/spell_casts_mean           | 3.88         |
|    medium/spell_shaping_reward_mean  | 0.0626       |
|    medium/spells_remaining_mean      | 0.115        |
|    medium/stars_mean                 | 2.2          |
|    medium/ticks_mean                 | 699          |
|    medium/townhall_damage_pct_mean   | 0.898        |
|    medium/townhall_damage_reward_... | 0.0898       |
|    medium/townhall_destroy_reward... | 0.0435       |
|    medium/townhall_destroyed_rate    | 0.87         |
|    medium/truncated_rate             | 0.085        |
|    medium/unused_spell_penalty_mean  | 0.00345      |
|    medium/useful_freeze_casts_mean   | 1.94         |
|    medium/useful_rage_casts_mean     | 1.95         |
|    medium/wasted_spell_casts_mean    | 0            |
|    medium/wasted_spell_penalty_mean  | 0            |
| rollout/                             |              |
|    ep_len_mean                       | 63.5         |
|    ep_rew_mean                       | 1.45         |
| throughput/                          |              |
|    env_steps_per_sec                 | 212          |
|    episodes_per_sec                  | 3.12         |
| time/                                |              |
|    fps                               | 202          |
|    iterations                        | 50           |
|    time_elapsed                      | 8100         |
|    total_timesteps                   | 9666560      |
| train/                               |              |
|    approx_kl                         | 0.0073207896 |
|    clip_fraction                     | 0.0294       |
|    clip_range                        | 0.2          |
|    entropy_loss                      | -4.03        |
|    explained_variance                | 0.908        |
|    learning_rate                     | 0.0001       |
|    loss                              | -0.0328      |
|    n_updates                         | 2940         |
|    policy_gradient_loss              | -0.0112      |
|    value_loss                        | 0.0651       |
-------------------------------------------------------
timesteps=9666624 | env_steps/sec=52.2 | episodes/sec=1.31 | gpu_util_mean=16% gpu_util_max=33% | gpu_mem_mean=2.3/47.8GB
timesteps=9667712 | env_steps/sec=215.6 | episodes/sec=3.37 | gpu_util_mean=0% gpu_util_max=0% | gpu_mem_mean=2.3/47.8GB
timesteps=9668800 | env_steps/sec=207.9 | episodes/sec=3.25 | gpu_util_mean=0% gpu_util_max=1% | gpu_mem_mean=2.3/47.8GB
timesteps=9669888 | env_steps/sec=211.4 | episodes/sec=3.30 | gpu_util_mean=0% gpu_util_max=1% | gpu_mem_mean=2.3/47.8GB
timesteps=9670976 | env_steps/sec=211.6 | episodes/sec=3.11 | gpu_util_mean=0% gpu_util_max=1% | gpu_mem_mean=2.3/47.8GB
timesteps=9672064 | env_steps/sec=207.5 | episodes/sec=4.01 | gpu_util_mean=14% gpu_util_max=29% | gpu_mem_mean=2.3/47.8GB
timesteps=9673088 | env_steps/sec=199.2 | episodes/sec=2.53 | gpu_util_mean=1% gpu_util_max=1% | gpu_mem_mean=2.3/47.8GB
timesteps=9674176 | env_steps/sec=212.1 | episodes/sec=3.31 | gpu_util_mean=0% gpu_util_max=1% | gpu_mem_mean=2.3/47.8GB
timesteps=9675264 | env_steps/sec=211.6 | episodes/sec=3.69 | gpu_util_mean=0% gpu_util_max=1% | gpu_mem_mean=2.3/47.8GB
timesteps=9676288 | env_steps/sec=204.1 | episodes/sec=3.19 | gpu_util_mean=0% gpu_util_max=1% | gpu_mem_mean=2.3/47.8GB
timesteps=9677376 | env_steps/sec=211.0 | episodes/sec=2.91 | gpu_util_mean=0% gpu_util_max=1% | gpu_mem_mean=2.3/47.8GB
timesteps=9678528 | env_steps/sec=219.5 | episodes/sec=3.81 | gpu_util_mean=0% gpu_util_max=1% | gpu_mem_mean=2.3/47.8GB
timesteps=9679616 | env_steps/sec=211.1 | episodes/sec=3.69 | gpu_util_mean=0% gpu_util_max=0% | gpu_mem_mean=2.3/47.8GB
timesteps=9680704 | env_steps/sec=217.6 | episodes/sec=3.20 | gpu_util_mean=0% gpu_util_max=1% | gpu_mem_mean=2.3/47.8GB
timesteps=9681792 | env_steps/sec=214.1 | episodes/sec=2.56 | gpu_util_mean=0% gpu_util_max=1% | gpu_mem_mean=2.3/47.8GB
timesteps=9682880 | env_steps/sec=217.1 | episodes/sec=4.39 | gpu_util_mean=0% gpu_util_max=1% | gpu_mem_mean=2.3/47.8GB
timesteps=9683968 | env_steps/sec=209.3 | episodes/sec=2.69 | gpu_util_mean=0% gpu_util_max=1% | gpu_mem_mean=2.3/47.8GB
timesteps=9685056 | env_steps/sec=214.6 | episodes/sec=3.75 | gpu_util_mean=0% gpu_util_max=0% | gpu_mem_mean=2.3/47.8GB
timesteps=9686208 | env_steps/sec=220.0 | episodes/sec=3.25 | gpu_util_mean=1% gpu_util_max=1% | gpu_mem_mean=2.3/47.8GB
timesteps=9687296 | env_steps/sec=209.2 | episodes/sec=3.65 | gpu_util_mean=0% gpu_util_max=0% | gpu_mem_mean=2.3/47.8GB
timesteps=9688384 | env_steps/sec=208.3 | episodes/sec=3.06 | gpu_util_mean=0% gpu_util_max=0% | gpu_mem_mean=2.3/47.8GB
timesteps=9689408 | env_steps/sec=198.6 | episodes/sec=3.10 | gpu_util_mean=0% gpu_util_max=1% | gpu_mem_mean=2.3/47.8GB
timesteps=9690432 | env_steps/sec=201.2 | episodes/sec=2.75 | gpu_util_mean=0% gpu_util_max=0% | gpu_mem_mean=2.3/47.8GB
timesteps=9691456 | env_steps/sec=204.4 | episodes/sec=3.99 | gpu_util_mean=0% gpu_util_max=1% | gpu_mem_mean=2.3/47.8GB
timesteps=9692480 | env_steps/sec=203.0 | episodes/sec=2.78 | gpu_util_mean=0% gpu_util_max=1% | gpu_mem_mean=2.3/47.8GB
timesteps=9693504 | env_steps/sec=192.5 | episodes/sec=3.38 | gpu_util_mean=0% gpu_util_max=1% | gpu_mem_mean=2.3/47.8GB
timesteps=9694592 | env_steps/sec=215.5 | episodes/sec=3.37 | gpu_util_mean=0% gpu_util_max=1% | gpu_mem_mean=2.3/47.8GB
timesteps=9695616 | env_steps/sec=203.4 | episodes/sec=3.38 | gpu_util_mean=0% gpu_util_max=0% | gpu_mem_mean=2.3/47.8GB
timesteps=9696640 | env_steps/sec=202.4 | episodes/sec=3.16 | gpu_util_mean=0% gpu_util_max=0% | gpu_mem_mean=2.3/47.8GB
timesteps=9697664 | env_steps/sec=204.4 | episodes/sec=3.19 | gpu_util_mean=0% gpu_util_max=1% | gpu_mem_mean=2.3/47.8GB
timesteps=9698752 | env_steps/sec=214.0 | episodes/sec=3.34 | gpu_util_mean=0% gpu_util_max=0% | gpu_mem_mean=2.3/47.8GB
-------------------------------------------------------
| gpu/                                 |              |
|    gpu_count                         | 2            |
|    gpu_mem_total_gb_mean             | 47.8         |
|    gpu_mem_used_gb_mean              | 2.33         |
|    gpu_util_pct_max                  | 0            |
|    gpu_util_pct_mean                 | 0            |
| profile/                             |              |
|    hard/damage_mean                  | 0.35         |
|    hard/defense_damage_pct_mean      | 0.356        |
|    hard/defense_damage_reward_mean   | 0.0427       |
|    hard/defense_destroy_reward_mean  | 0.0123       |
|    hard/defenses_destroyed_mean      | 2.46         |
|    hard/ep_len_mean                  | 61.2         |
|    hard/ep_rew_mean                  | 0.621        |
|    hard/episodes_window              | 200          |
|    hard/freeze_casts_mean            | 2            |
|    hard/freeze_effect_reward_mean    | 0.0704       |
|    hard/frozen_threat_damage_pct_... | 0.0616       |
|    hard/frozen_threat_ticks_mean     | 59.4         |
|    hard/objective_shaping_reward_... | 0.0776       |
|    hard/p_all_spells_used            | 1            |
|    hard/p_damage_ge_90               | 0            |
|    hard/p_stars_ge_2                 | 0.055        |
|    hard/rage_bonus_damage_pct_mean   | 0.00946      |
|    hard/rage_bonus_defense_damage... | 0.00768      |
|    hard/rage_bonus_townhall_damag... | 0.0129       |
|    hard/rage_casts_mean              | 2            |
|    hard/rage_effect_reward_mean      | 0.00331      |
|    hard/score_mean                   | 0.53         |
|    hard/spell_casts_mean             | 4            |
|    hard/spell_shaping_reward_mean    | 0.0738       |
|    hard/spells_remaining_mean        | 0            |
|    hard/stars_mean                   | 0.18         |
|    hard/ticks_mean                   | 608          |
|    hard/townhall_damage_pct_mean     | 0.168        |
|    hard/townhall_damage_reward_mean  | 0.0168       |
|    hard/townhall_destroy_reward_mean | 0.00575      |
|    hard/townhall_destroyed_rate      | 0.115        |
|    hard/truncated_rate               | 0.01         |
|    hard/unused_spell_penalty_mean    | 0            |
|    hard/useful_freeze_casts_mean     | 2            |
|    hard/useful_rage_casts_mean       | 2            |
|    hard/wasted_spell_casts_mean      | 0            |
|    hard/wasted_spell_penalty_mean    | 0            |
|    medium/damage_mean                | 0.858        |
|    medium/defense_damage_pct_mean    | 0.812        |
|    medium/defense_damage_reward_mean | 0.0974       |
|    medium/defense_destroy_reward_... | 0.019        |
|    medium/defenses_destroyed_mean    | 3.8          |
|    medium/ep_len_mean                | 68.7         |
|    medium/ep_rew_mean                | 3.38         |
|    medium/episodes_window            | 200          |
|    medium/freeze_casts_mean          | 1.95         |
|    medium/freeze_effect_reward_mean  | 0.0559       |
|    medium/frozen_threat_damage_pc... | 0.0495       |
|    medium/frozen_threat_ticks_mean   | 42.4         |
|    medium/objective_shaping_rewar... | 0.253        |
|    medium/p_all_spells_used          | 0.935        |
|    medium/p_damage_ge_90             | 0.55         |
|    medium/p_stars_ge_2               | 0.885        |
|    medium/rage_bonus_damage_pct_mean | 0.0328       |
|    medium/rage_bonus_defense_dama... | 0.0176       |
|    medium/rage_bonus_townhall_dam... | 0.0877       |
|    medium/rage_casts_mean            | 1.95         |
|    medium/rage_effect_reward_mean    | 0.0115       |
|    medium/score_mean                 | 3.13         |
|    medium/spell_casts_mean           | 3.9          |
|    medium/spell_shaping_reward_mean  | 0.0643       |
|    medium/spells_remaining_mean      | 0.105        |
|    medium/stars_mean                 | 2.27         |
|    medium/ticks_mean                 | 682          |
|    medium/townhall_damage_pct_mean   | 0.923        |
|    medium/townhall_damage_reward_... | 0.0923       |
|    medium/townhall_destroy_reward... | 0.0447       |
|    medium/townhall_destroyed_rate    | 0.895        |
|    medium/truncated_rate             | 0.09         |
|    medium/unused_spell_penalty_mean  | 0.00315      |
|    medium/useful_freeze_casts_mean   | 1.95         |
|    medium/useful_rage_casts_mean     | 1.95         |
|    medium/wasted_spell_casts_mean    | 0            |
|    medium/wasted_spell_penalty_mean  | 0            |
| rollout/                             |              |
|    ep_len_mean                       | 62.7         |
|    ep_rew_mean                       | 1.3          |
| throughput/                          |              |
|    env_steps_per_sec                 | 214          |
|    episodes_per_sec                  | 3.34         |
| time/                                |              |
|    fps                               | 202          |
|    iterations                        | 51           |
|    time_elapsed                      | 8261         |
|    total_timesteps                   | 9699328      |
| train/                               |              |
|    approx_kl                         | 0.0082133375 |
|    clip_fraction                     | 0.05         |
|    clip_range                        | 0.2          |
|    entropy_loss                      | -4.07        |
|    explained_variance                | 0.9          |
|    learning_rate                     | 0.0001       |
|    loss                              | -0.0299      |
|    n_updates                         | 2950         |
|    policy_gradient_loss              | -0.0128      |
|    value_loss                        | 0.0646       |
-------------------------------------------------------
timesteps=9699392 | env_steps/sec=84.8 | episodes/sec=1.85 | gpu_util_mean=0% gpu_util_max=0% | gpu_mem_mean=2.3/47.8GB
timesteps=9700480 | env_steps/sec=209.4 | episodes/sec=3.46 | gpu_util_mean=0% gpu_util_max=1% | gpu_mem_mean=2.3/47.8GB
timesteps=9701568 | env_steps/sec=209.5 | episodes/sec=2.50 | gpu_util_mean=0% gpu_util_max=0% | gpu_mem_mean=2.3/47.8GB
timesteps=9702656 | env_steps/sec=207.7 | episodes/sec=3.63 | gpu_util_mean=0% gpu_util_max=1% | gpu_mem_mean=2.3/47.8GB
timesteps=9703744 | env_steps/sec=207.6 | episodes/sec=2.29 | gpu_util_mean=0% gpu_util_max=0% | gpu_mem_mean=2.3/47.8GB
timesteps=9704832 | env_steps/sec=212.8 | episodes/sec=4.11 | gpu_util_mean=15% gpu_util_max=30% | gpu_mem_mean=2.3/47.8GB
timesteps=9705920 | env_steps/sec=211.1 | episodes/sec=3.30 | gpu_util_mean=0% gpu_util_max=1% | gpu_mem_mean=2.3/47.8GB
timesteps=9707008 | env_steps/sec=204.8 | episodes/sec=3.20 | gpu_util_mean=0% gpu_util_max=0% | gpu_mem_mean=2.3/47.8GB
timesteps=9708096 | env_steps/sec=212.5 | episodes/sec=3.71 | gpu_util_mean=0% gpu_util_max=0% | gpu_mem_mean=2.3/47.8GB
timesteps=9709184 | env_steps/sec=206.3 | episodes/sec=2.84 | gpu_util_mean=0% gpu_util_max=1% | gpu_mem_mean=2.3/47.8GB
timesteps=9710272 | env_steps/sec=208.7 | episodes/sec=3.84 | gpu_util_mean=0% gpu_util_max=0% | gpu_mem_mean=2.3/47.8GB
timesteps=9711360 | env_steps/sec=204.6 | episodes/sec=3.39 | gpu_util_mean=0% gpu_util_max=0% | gpu_mem_mean=2.3/47.8GB
timesteps=9712448 | env_steps/sec=214.3 | episodes/sec=3.15 | gpu_util_mean=1% gpu_util_max=1% | gpu_mem_mean=2.3/47.8GB
timesteps=9713536 | env_steps/sec=211.7 | episodes/sec=3.31 | gpu_util_mean=0% gpu_util_max=0% | gpu_mem_mean=2.3/47.8GB
timesteps=9714624 | env_steps/sec=207.5 | episodes/sec=2.67 | gpu_util_mean=0% gpu_util_max=1% | gpu_mem_mean=2.3/47.8GB
timesteps=9715776 | env_steps/sec=217.5 | episodes/sec=3.96 | gpu_util_mean=0% gpu_util_max=1% | gpu_mem_mean=2.3/47.8GB
timesteps=9716864 | env_steps/sec=215.3 | episodes/sec=2.77 | gpu_util_mean=0% gpu_util_max=1% | gpu_mem_mean=2.3/47.8GB
timesteps=9717952 | env_steps/sec=205.7 | episodes/sec=3.97 | gpu_util_mean=1% gpu_util_max=1% | gpu_mem_mean=2.3/47.8GB
timesteps=9719040 | env_steps/sec=206.1 | episodes/sec=3.41 | gpu_util_mean=0% gpu_util_max=1% | gpu_mem_mean=2.3/47.8GB
timesteps=9720128 | env_steps/sec=205.2 | episodes/sec=3.21 | gpu_util_mean=0% gpu_util_max=0% | gpu_mem_mean=2.3/47.8GB
timesteps=9721216 | env_steps/sec=215.2 | episodes/sec=3.96 | gpu_util_mean=0% gpu_util_max=1% | gpu_mem_mean=2.3/47.8GB
timesteps=9722240 | env_steps/sec=203.8 | episodes/sec=2.39 | gpu_util_mean=0% gpu_util_max=1% | gpu_mem_mean=2.3/47.8GB
timesteps=9723328 | env_steps/sec=214.4 | episodes/sec=3.15 | gpu_util_mean=0% gpu_util_max=1% | gpu_mem_mean=2.3/47.8GB
timesteps=9724352 | env_steps/sec=201.1 | episodes/sec=3.73 | gpu_util_mean=0% gpu_util_max=1% | gpu_mem_mean=2.3/47.8GB
timesteps=9725440 | env_steps/sec=205.5 | episodes/sec=3.02 | gpu_util_mean=0% gpu_util_max=0% | gpu_mem_mean=2.3/47.8GB
timesteps=9726528 | env_steps/sec=210.0 | episodes/sec=2.90 | gpu_util_mean=0% gpu_util_max=1% | gpu_mem_mean=2.3/47.8GB
timesteps=9727616 | env_steps/sec=211.9 | episodes/sec=4.48 | gpu_util_mean=1% gpu_util_max=1% | gpu_mem_mean=2.3/47.8GB
timesteps=9728704 | env_steps/sec=208.8 | episodes/sec=3.07 | gpu_util_mean=0% gpu_util_max=1% | gpu_mem_mean=2.3/47.8GB
timesteps=9729792 | env_steps/sec=214.2 | episodes/sec=2.56 | gpu_util_mean=0% gpu_util_max=1% | gpu_mem_mean=2.3/47.8GB
timesteps=9730880 | env_steps/sec=208.8 | episodes/sec=3.45 | gpu_util_mean=0% gpu_util_max=0% | gpu_mem_mean=2.3/47.8GB
timesteps=9731968 | env_steps/sec=207.1 | episodes/sec=3.81 | gpu_util_mean=0% gpu_util_max=1% | gpu_mem_mean=2.3/47.8GB
------------------------------------------------------
| gpu/                                 |             |
|    gpu_count                         | 2           |
|    gpu_mem_total_gb_mean             | 47.8        |
|    gpu_mem_used_gb_mean              | 2.33        |
|    gpu_util_pct_max                  | 1           |
|    gpu_util_pct_mean                 | 0.5         |
| profile/                             |             |
|    hard/damage_mean                  | 0.345       |
|    hard/defense_damage_pct_mean      | 0.348       |
|    hard/defense_damage_reward_mean   | 0.0417      |
|    hard/defense_destroy_reward_mean  | 0.0119      |
|    hard/defenses_destroyed_mean      | 2.38        |
|    hard/ep_len_mean                  | 60.6        |
|    hard/ep_rew_mean                  | 0.636       |
|    hard/episodes_window              | 200         |
|    hard/freeze_casts_mean            | 2           |
|    hard/freeze_effect_reward_mean    | 0.0749      |
|    hard/frozen_threat_damage_pct_... | 0.066       |
|    hard/frozen_threat_ticks_mean     | 62.8        |
|    hard/objective_shaping_reward_... | 0.0784      |
|    hard/p_all_spells_used            | 1           |
|    hard/p_damage_ge_90               | 0           |
|    hard/p_stars_ge_2                 | 0.055       |
|    hard/rage_bonus_damage_pct_mean   | 0.00915     |
|    hard/rage_bonus_defense_damage... | 0.00723     |
|    hard/rage_bonus_townhall_damag... | 0.0101      |
|    hard/rage_casts_mean              | 2           |
|    hard/rage_effect_reward_mean      | 0.0032      |
|    hard/score_mean                   | 0.54        |
|    hard/spell_casts_mean             | 4           |
|    hard/spell_shaping_reward_mean    | 0.0781      |
|    hard/spells_remaining_mean        | 0           |
|    hard/stars_mean                   | 0.195       |
|    hard/ticks_mean                   | 602         |
|    hard/townhall_damage_pct_mean     | 0.183       |
|    hard/townhall_damage_reward_mean  | 0.0183      |
|    hard/townhall_destroy_reward_mean | 0.0065      |
|    hard/townhall_destroyed_rate      | 0.13        |
|    hard/truncated_rate               | 0.01        |
|    hard/unused_spell_penalty_mean    | 0           |
|    hard/useful_freeze_casts_mean     | 2           |
|    hard/useful_rage_casts_mean       | 2           |
|    hard/wasted_spell_casts_mean      | 0           |
|    hard/wasted_spell_penalty_mean    | 0           |
|    medium/damage_mean                | 0.856       |
|    medium/defense_damage_pct_mean    | 0.801       |
|    medium/defense_damage_reward_mean | 0.0961      |
|    medium/defense_destroy_reward_... | 0.0188      |
|    medium/defenses_destroyed_mean    | 3.77        |
|    medium/ep_len_mean                | 70.1        |
|    medium/ep_rew_mean                | 3.32        |
|    medium/episodes_window            | 200         |
|    medium/freeze_casts_mean          | 1.95        |
|    medium/freeze_effect_reward_mean  | 0.0574      |
|    medium/frozen_threat_damage_pc... | 0.0511      |
|    medium/frozen_threat_ticks_mean   | 44.1        |
|    medium/objective_shaping_rewar... | 0.25        |
|    medium/p_all_spells_used          | 0.94        |
|    medium/p_damage_ge_90             | 0.51        |
|    medium/p_stars_ge_2               | 0.875       |
|    medium/rage_bonus_damage_pct_mean | 0.0333      |
|    medium/rage_bonus_defense_dama... | 0.0163      |
|    medium/rage_bonus_townhall_dam... | 0.0896      |
|    medium/rage_casts_mean            | 1.98        |
|    medium/rage_effect_reward_mean    | 0.0117      |
|    medium/score_mean                 | 3.08        |
|    medium/spell_casts_mean           | 3.92        |
|    medium/spell_shaping_reward_mean  | 0.0666      |
|    medium/spells_remaining_mean      | 0.08        |
|    medium/stars_mean                 | 2.22        |
|    medium/ticks_mean                 | 697         |
|    medium/townhall_damage_pct_mean   | 0.912       |
|    medium/townhall_damage_reward_... | 0.0912      |
|    medium/townhall_destroy_reward... | 0.0442      |
|    medium/townhall_destroyed_rate    | 0.885       |
|    medium/truncated_rate             | 0.14        |
|    medium/unused_spell_penalty_mean  | 0.0024      |
|    medium/useful_freeze_casts_mean   | 1.95        |
|    medium/useful_rage_casts_mean     | 1.98        |
|    medium/wasted_spell_casts_mean    | 0           |
|    medium/wasted_spell_penalty_mean  | 0           |
| rollout/                             |             |
|    ep_len_mean                       | 63.3        |
|    ep_rew_mean                       | 1.16        |
| throughput/                          |             |
|    env_steps_per_sec                 | 207         |
|    episodes_per_sec                  | 3.81        |
| time/                                |             |
|    fps                               | 202         |
|    iterations                        | 52          |
|    time_elapsed                      | 8422        |
|    total_timesteps                   | 9732096     |
| train/                               |             |
|    approx_kl                         | 0.008517997 |
|    clip_fraction                     | 0.0503      |
|    clip_range                        | 0.2         |
|    entropy_loss                      | -4.08       |
|    explained_variance                | 0.909       |
|    learning_rate                     | 0.0001      |
|    loss                              | -0.0379     |
|    n_updates                         | 2960        |
|    policy_gradient_loss              | -0.0132     |
|    value_loss                        | 0.0623      |
------------------------------------------------------
timesteps=9732160 | env_steps/sec=34.9 | episodes/sec=0.73 | gpu_util_mean=0% gpu_util_max=1% | gpu_mem_mean=2.3/47.8GB
timesteps=9733248 | env_steps/sec=210.2 | episodes/sec=2.90 | gpu_util_mean=0% gpu_util_max=0% | gpu_mem_mean=2.3/47.8GB
timesteps=9734400 | env_steps/sec=220.0 | episodes/sec=3.44 | gpu_util_mean=0% gpu_util_max=0% | gpu_mem_mean=2.3/47.8GB
timesteps=9735488 | env_steps/sec=205.6 | episodes/sec=3.21 | gpu_util_mean=0% gpu_util_max=1% | gpu_mem_mean=2.3/47.8GB
timesteps=9736512 | env_steps/sec=201.5 | episodes/sec=3.15 | gpu_util_mean=0% gpu_util_max=0% | gpu_mem_mean=2.3/47.8GB
timesteps=9737600 | env_steps/sec=214.9 | episodes/sec=3.16 | gpu_util_mean=14% gpu_util_max=29% | gpu_mem_mean=2.3/47.8GB
timesteps=9738688 | env_steps/sec=202.7 | episodes/sec=3.91 | gpu_util_mean=4% gpu_util_max=9% | gpu_mem_mean=2.3/47.8GB
timesteps=9739776 | env_steps/sec=211.0 | episodes/sec=3.30 | gpu_util_mean=4% gpu_util_max=9% | gpu_mem_mean=2.3/47.8GB
timesteps=9740864 | env_steps/sec=215.8 | episodes/sec=2.98 | gpu_util_mean=0% gpu_util_max=1% | gpu_mem_mean=2.3/47.8GB
timesteps=9741952 | env_steps/sec=211.8 | episodes/sec=2.92 | gpu_util_mean=0% gpu_util_max=0% | gpu_mem_mean=2.3/47.8GB
timesteps=9743040 | env_steps/sec=217.5 | episodes/sec=4.40 | gpu_util_mean=1% gpu_util_max=1% | gpu_mem_mean=2.3/47.8GB
timesteps=9744064 | env_steps/sec=203.0 | episodes/sec=3.17 | gpu_util_mean=0% gpu_util_max=0% | gpu_mem_mean=2.3/47.8GB
timesteps=9745088 | env_steps/sec=203.4 | episodes/sec=2.98 | gpu_util_mean=0% gpu_util_max=1% | gpu_mem_mean=2.3/47.8GB
timesteps=9746176 | env_steps/sec=205.9 | episodes/sec=3.03 | gpu_util_mean=0% gpu_util_max=1% | gpu_mem_mean=2.3/47.8GB
timesteps=9747264 | env_steps/sec=206.7 | episodes/sec=4.18 | gpu_util_mean=0% gpu_util_max=1% | gpu_mem_mean=2.3/47.8GB
timesteps=9748352 | env_steps/sec=206.8 | episodes/sec=2.28 | gpu_util_mean=0% gpu_util_max=0% | gpu_mem_mean=2.3/47.8GB
timesteps=9749440 | env_steps/sec=208.3 | episodes/sec=3.25 | gpu_util_mean=0% gpu_util_max=0% | gpu_mem_mean=2.3/47.8GB
timesteps=9750528 | env_steps/sec=210.4 | episodes/sec=4.06 | gpu_util_mean=0% gpu_util_max=0% | gpu_mem_mean=2.3/47.8GB
timesteps=9751616 | env_steps/sec=212.2 | episodes/sec=3.71 | gpu_util_mean=0% gpu_util_max=0% | gpu_mem_mean=2.3/47.8GB
timesteps=9752640 | env_steps/sec=202.1 | episodes/sec=1.78 | gpu_util_mean=0% gpu_util_max=1% | gpu_mem_mean=2.3/47.8GB
timesteps=9753728 | env_steps/sec=205.4 | episodes/sec=4.15 | gpu_util_mean=0% gpu_util_max=1% | gpu_mem_mean=2.3/47.8GB
timesteps=9754816 | env_steps/sec=213.3 | episodes/sec=4.31 | gpu_util_mean=0% gpu_util_max=1% | gpu_mem_mean=2.3/47.8GB
timesteps=9755840 | env_steps/sec=199.0 | episodes/sec=2.33 | gpu_util_mean=0% gpu_util_max=0% | gpu_mem_mean=2.3/47.8GB
timesteps=9756864 | env_steps/sec=193.2 | episodes/sec=3.21 | gpu_util_mean=0% gpu_util_max=1% | gpu_mem_mean=2.3/47.8GB
timesteps=9757952 | env_steps/sec=206.3 | episodes/sec=2.84 | gpu_util_mean=0% gpu_util_max=0% | gpu_mem_mean=2.3/47.8GB
timesteps=9759040 | env_steps/sec=209.2 | episodes/sec=3.85 | gpu_util_mean=0% gpu_util_max=1% | gpu_mem_mean=2.3/47.8GB
timesteps=9760128 | env_steps/sec=217.1 | episodes/sec=2.79 | gpu_util_mean=0% gpu_util_max=0% | gpu_mem_mean=2.3/47.8GB
timesteps=9761280 | env_steps/sec=219.6 | episodes/sec=3.05 | gpu_util_mean=0% gpu_util_max=1% | gpu_mem_mean=2.3/47.8GB
timesteps=9762368 | env_steps/sec=208.6 | episodes/sec=4.03 | gpu_util_mean=0% gpu_util_max=0% | gpu_mem_mean=2.3/47.8GB
timesteps=9763456 | env_steps/sec=215.5 | episodes/sec=3.76 | gpu_util_mean=0% gpu_util_max=0% | gpu_mem_mean=2.3/47.8GB
timesteps=9764544 | env_steps/sec=206.7 | episodes/sec=3.04 | gpu_util_mean=0% gpu_util_max=1% | gpu_mem_mean=2.3/47.8GB
------------------------------------------------------
| gpu/                                 |             |
|    gpu_count                         | 2           |
|    gpu_mem_total_gb_mean             | 47.8        |
|    gpu_mem_used_gb_mean              | 2.33        |
|    gpu_util_pct_max                  | 1           |
|    gpu_util_pct_mean                 | 0.5         |
| profile/                             |             |
|    hard/damage_mean                  | 0.352       |
|    hard/defense_damage_pct_mean      | 0.347       |
|    hard/defense_damage_reward_mean   | 0.0416      |
|    hard/defense_destroy_reward_mean  | 0.0117      |
|    hard/defenses_destroyed_mean      | 2.34        |
|    hard/ep_len_mean                  | 60.6        |
|    hard/ep_rew_mean                  | 0.732       |
|    hard/episodes_window              | 200         |
|    hard/freeze_casts_mean            | 1.99        |
|    hard/freeze_effect_reward_mean    | 0.0737      |
|    hard/frozen_threat_damage_pct_... | 0.0648      |
|    hard/frozen_threat_ticks_mean     | 61.7        |
|    hard/objective_shaping_reward_... | 0.0829      |
|    hard/p_all_spells_used            | 0.995       |
|    hard/p_damage_ge_90               | 0           |
|    hard/p_stars_ge_2                 | 0.1         |
|    hard/rage_bonus_damage_pct_mean   | 0.00986     |
|    hard/rage_bonus_defense_damage... | 0.0075      |
|    hard/rage_bonus_townhall_damag... | 0.0194      |
|    hard/rage_casts_mean              | 2           |
|    hard/rage_effect_reward_mean      | 0.00345     |
|    hard/score_mean                   | 0.632       |
|    hard/spell_casts_mean             | 3.99        |
|    hard/spell_shaping_reward_mean    | 0.0768      |
|    hard/spells_remaining_mean        | 0.01        |
|    hard/stars_mean                   | 0.28        |
|    hard/ticks_mean                   | 602         |
|    hard/townhall_damage_pct_mean     | 0.223       |
|    hard/townhall_damage_reward_mean  | 0.0223      |
|    hard/townhall_destroy_reward_mean | 0.00725     |
|    hard/townhall_destroyed_rate      | 0.145       |
|    hard/truncated_rate               | 0.01        |
|    hard/unused_spell_penalty_mean    | 0.0003      |
|    hard/useful_freeze_casts_mean     | 1.99        |
|    hard/useful_rage_casts_mean       | 2           |
|    hard/wasted_spell_casts_mean      | 0           |
|    hard/wasted_spell_penalty_mean    | 0           |
|    medium/damage_mean                | 0.849       |
|    medium/defense_damage_pct_mean    | 0.795       |
|    medium/defense_damage_reward_mean | 0.0954      |
|    medium/defense_destroy_reward_... | 0.0187      |
|    medium/defenses_destroyed_mean    | 3.75        |
|    medium/ep_len_mean                | 71          |
|    medium/ep_rew_mean                | 3.27        |
|    medium/episodes_window            | 200         |
|    medium/freeze_casts_mean          | 1.95        |
|    medium/freeze_effect_reward_mean  | 0.0563      |
|    medium/frozen_threat_damage_pc... | 0.0497      |
|    medium/frozen_threat_ticks_mean   | 42.6        |
|    medium/objective_shaping_rewar... | 0.249       |
|    medium/p_all_spells_used          | 0.95        |
|    medium/p_damage_ge_90             | 0.51        |
|    medium/p_stars_ge_2               | 0.87        |
|    medium/rage_bonus_damage_pct_mean | 0.0329      |
|    medium/rage_bonus_defense_dama... | 0.015       |
|    medium/rage_bonus_townhall_dam... | 0.0938      |
|    medium/rage_casts_mean            | 1.98        |
|    medium/rage_effect_reward_mean    | 0.0115      |
|    medium/score_mean                 | 3.03        |
|    medium/spell_casts_mean           | 3.92        |
|    medium/spell_shaping_reward_mean  | 0.0656      |
|    medium/spells_remaining_mean      | 0.075       |
|    medium/stars_mean                 | 2.18        |
|    medium/ticks_mean                 | 706         |
|    medium/townhall_damage_pct_mean   | 0.915       |
|    medium/townhall_damage_reward_... | 0.0915      |
|    medium/townhall_destroy_reward... | 0.0437      |
|    medium/townhall_destroyed_rate    | 0.875       |
|    medium/truncated_rate             | 0.165       |
|    medium/unused_spell_penalty_mean  | 0.00225     |
|    medium/useful_freeze_casts_mean   | 1.95        |
|    medium/useful_rage_casts_mean     | 1.98        |
|    medium/wasted_spell_casts_mean    | 0           |
|    medium/wasted_spell_penalty_mean  | 0           |
| rollout/                             |             |
|    ep_len_mean                       | 63.9        |
|    ep_rew_mean                       | 1.27        |
| throughput/                          |             |
|    env_steps_per_sec                 | 207         |
|    episodes_per_sec                  | 3.04        |
| time/                                |             |
|    fps                               | 202         |
|    iterations                        | 53          |
|    time_elapsed                      | 8584        |
|    total_timesteps                   | 9764864     |
| train/                               |             |
|    approx_kl                         | 0.007091929 |
|    clip_fraction                     | 0.0353      |
|    clip_range                        | 0.2         |
|    entropy_loss                      | -4.09       |
|    explained_variance                | 0.91        |
|    learning_rate                     | 0.0001      |
|    loss                              | -0.0331     |
|    n_updates                         | 2970        |
|    policy_gradient_loss              | -0.0118     |
|    value_loss                        | 0.0635      |
------------------------------------------------------
timesteps=9764928 | env_steps/sec=57.3 | episodes/sec=0.75 | gpu_util_mean=0% gpu_util_max=1% | gpu_mem_mean=2.3/47.8GB
timesteps=9766016 | env_steps/sec=210.6 | episodes/sec=3.10 | gpu_util_mean=0% gpu_util_max=1% | gpu_mem_mean=2.3/47.8GB
timesteps=9767104 | env_steps/sec=214.0 | episodes/sec=3.74 | gpu_util_mean=0% gpu_util_max=0% | gpu_mem_mean=2.3/47.8GB
timesteps=9768128 | env_steps/sec=199.0 | episodes/sec=2.92 | gpu_util_mean=0% gpu_util_max=0% | gpu_mem_mean=2.3/47.8GB
timesteps=9769216 | env_steps/sec=204.0 | episodes/sec=3.19 | gpu_util_mean=0% gpu_util_max=0% | gpu_mem_mean=2.3/47.8GB
timesteps=9770240 | env_steps/sec=200.4 | episodes/sec=2.94 | gpu_util_mean=0% gpu_util_max=0% | gpu_mem_mean=2.3/47.8GB
timesteps=9771328 | env_steps/sec=212.7 | episodes/sec=4.89 | gpu_util_mean=0% gpu_util_max=0% | gpu_mem_mean=2.3/47.8GB
timesteps=9772352 | env_steps/sec=203.9 | episodes/sec=2.19 | gpu_util_mean=0% gpu_util_max=0% | gpu_mem_mean=2.3/47.8GB
timesteps=9773440 | env_steps/sec=214.0 | episodes/sec=2.75 | gpu_util_mean=18% gpu_util_max=37% | gpu_mem_mean=2.3/47.8GB
timesteps=9774528 | env_steps/sec=205.8 | episodes/sec=3.40 | gpu_util_mean=0% gpu_util_max=0% | gpu_mem_mean=2.3/47.8GB
timesteps=9775616 | env_steps/sec=208.3 | episodes/sec=3.26 | gpu_util_mean=1% gpu_util_max=1% | gpu_mem_mean=2.3/47.8GB
timesteps=9776704 | env_steps/sec=216.2 | episodes/sec=3.58 | gpu_util_mean=0% gpu_util_max=1% | gpu_mem_mean=2.3/47.8GB
timesteps=9777792 | env_steps/sec=209.3 | episodes/sec=3.46 | gpu_util_mean=0% gpu_util_max=1% | gpu_mem_mean=2.3/47.8GB
timesteps=9778880 | env_steps/sec=210.7 | episodes/sec=3.68 | gpu_util_mean=0% gpu_util_max=1% | gpu_mem_mean=2.3/47.8GB
timesteps=9779968 | env_steps/sec=208.9 | episodes/sec=3.07 | gpu_util_mean=0% gpu_util_max=1% | gpu_mem_mean=2.3/47.8GB
timesteps=9781056 | env_steps/sec=214.2 | episodes/sec=3.54 | gpu_util_mean=0% gpu_util_max=0% | gpu_mem_mean=2.3/47.8GB
timesteps=9782144 | env_steps/sec=208.4 | episodes/sec=3.06 | gpu_util_mean=0% gpu_util_max=1% | gpu_mem_mean=2.3/47.8GB
timesteps=9783232 | env_steps/sec=210.5 | episodes/sec=2.71 | gpu_util_mean=0% gpu_util_max=1% | gpu_mem_mean=2.3/47.8GB
timesteps=9784384 | env_steps/sec=222.3 | episodes/sec=4.25 | gpu_util_mean=0% gpu_util_max=1% | gpu_mem_mean=2.3/47.8GB
timesteps=9785536 | env_steps/sec=224.9 | episodes/sec=3.51 | gpu_util_mean=0% gpu_util_max=0% | gpu_mem_mean=2.3/47.8GB
timesteps=9786688 | env_steps/sec=223.7 | episodes/sec=3.30 | gpu_util_mean=0% gpu_util_max=0% | gpu_mem_mean=2.3/47.8GB
timesteps=9787776 | env_steps/sec=206.2 | episodes/sec=3.03 | gpu_util_mean=0% gpu_util_max=1% | gpu_mem_mean=2.3/47.8GB
timesteps=9788800 | env_steps/sec=201.3 | episodes/sec=3.14 | gpu_util_mean=0% gpu_util_max=0% | gpu_mem_mean=2.3/47.8GB
timesteps=9789888 | env_steps/sec=208.5 | episodes/sec=4.41 | gpu_util_mean=0% gpu_util_max=1% | gpu_mem_mean=2.3/47.8GB
timesteps=9790976 | env_steps/sec=207.8 | episodes/sec=2.86 | gpu_util_mean=0% gpu_util_max=1% | gpu_mem_mean=2.3/47.8GB
timesteps=9792064 | env_steps/sec=206.5 | episodes/sec=3.23 | gpu_util_mean=0% gpu_util_max=1% | gpu_mem_mean=2.3/47.8GB
timesteps=9793152 | env_steps/sec=213.1 | episodes/sec=3.33 | gpu_util_mean=0% gpu_util_max=1% | gpu_mem_mean=2.3/47.8GB
timesteps=9794240 | env_steps/sec=208.2 | episodes/sec=4.21 | gpu_util_mean=1% gpu_util_max=1% | gpu_mem_mean=2.3/47.8GB
timesteps=9795264 | env_steps/sec=202.1 | episodes/sec=1.58 | gpu_util_mean=0% gpu_util_max=0% | gpu_mem_mean=2.3/47.8GB
timesteps=9796352 | env_steps/sec=214.2 | episodes/sec=3.94 | gpu_util_mean=0% gpu_util_max=0% | gpu_mem_mean=2.3/47.8GB
timesteps=9797440 | env_steps/sec=205.7 | episodes/sec=3.59 | gpu_util_mean=0% gpu_util_max=1% | gpu_mem_mean=2.3/47.8GB
------------------------------------------------------
| gpu/                                 |             |
|    gpu_count                         | 2           |
|    gpu_mem_total_gb_mean             | 47.8        |
|    gpu_mem_used_gb_mean              | 2.33        |
|    gpu_util_pct_max                  | 1           |
|    gpu_util_pct_mean                 | 0.5         |
| profile/                             |             |
|    hard/damage_mean                  | 0.354       |
|    hard/defense_damage_pct_mean      | 0.341       |
|    hard/defense_damage_reward_mean   | 0.0409      |
|    hard/defense_destroy_reward_mean  | 0.0119      |
|    hard/defenses_destroyed_mean      | 2.37        |
|    hard/ep_len_mean                  | 61.4        |
|    hard/ep_rew_mean                  | 0.644       |
|    hard/episodes_window              | 200         |
|    hard/freeze_casts_mean            | 2           |
|    hard/freeze_effect_reward_mean    | 0.0753      |
|    hard/frozen_threat_damage_pct_... | 0.0667      |
|    hard/frozen_threat_ticks_mean     | 62.5        |
|    hard/objective_shaping_reward_... | 0.0769      |
|    hard/p_all_spells_used            | 1           |
|    hard/p_damage_ge_90               | 0           |
|    hard/p_stars_ge_2                 | 0.05        |
|    hard/rage_bonus_damage_pct_mean   | 0.00882     |
|    hard/rage_bonus_defense_damage... | 0.00618     |
|    hard/rage_bonus_townhall_damag... | 0.0164      |
|    hard/rage_casts_mean              | 2           |
|    hard/rage_effect_reward_mean      | 0.00309     |
|    hard/score_mean                   | 0.549       |
|    hard/spell_casts_mean             | 4           |
|    hard/spell_shaping_reward_mean    | 0.0784      |
|    hard/spells_remaining_mean        | 0           |
|    hard/stars_mean                   | 0.195       |
|    hard/ticks_mean                   | 609         |
|    hard/townhall_damage_pct_mean     | 0.19        |
|    hard/townhall_damage_reward_mean  | 0.019       |
|    hard/townhall_destroy_reward_mean | 0.00525     |
|    hard/townhall_destroyed_rate      | 0.105       |
|    hard/truncated_rate               | 0.01        |
|    hard/unused_spell_penalty_mean    | 0           |
|    hard/useful_freeze_casts_mean     | 2           |
|    hard/useful_rage_casts_mean       | 2           |
|    hard/wasted_spell_casts_mean      | 0           |
|    hard/wasted_spell_penalty_mean    | 0           |
|    medium/damage_mean                | 0.821       |
|    medium/defense_damage_pct_mean    | 0.769       |
|    medium/defense_damage_reward_mean | 0.0922      |
|    medium/defense_destroy_reward_... | 0.0178      |
|    medium/defenses_destroyed_mean    | 3.56        |
|    medium/ep_len_mean                | 70.3        |
|    medium/ep_rew_mean                | 3.16        |
|    medium/episodes_window            | 200         |
|    medium/freeze_casts_mean          | 1.91        |
|    medium/freeze_effect_reward_mean  | 0.0567      |
|    medium/frozen_threat_damage_pc... | 0.0498      |
|    medium/frozen_threat_ticks_mean   | 43.2        |
|    medium/objective_shaping_rewar... | 0.241       |
|    medium/p_all_spells_used          | 0.94        |
|    medium/p_damage_ge_90             | 0.485       |
|    medium/p_stars_ge_2               | 0.84        |
|    medium/rage_bonus_damage_pct_mean | 0.0307      |
|    medium/rage_bonus_defense_dama... | 0.0132      |
|    medium/rage_bonus_townhall_dam... | 0.0838      |
|    medium/rage_casts_mean            | 2           |
|    medium/rage_effect_reward_mean    | 0.0108      |
|    medium/score_mean                 | 2.92        |
|    medium/spell_casts_mean           | 3.9         |
|    medium/spell_shaping_reward_mean  | 0.0646      |
|    medium/spells_remaining_mean      | 0.095       |
|    medium/stars_mean                 | 2.1         |
|    medium/ticks_mean                 | 699         |
|    medium/townhall_damage_pct_mean   | 0.889       |
|    medium/townhall_damage_reward_... | 0.0889      |
|    medium/townhall_destroy_reward... | 0.0425      |
|    medium/townhall_destroyed_rate    | 0.85        |
|    medium/truncated_rate             | 0.11        |
|    medium/unused_spell_penalty_mean  | 0.00285     |
|    medium/useful_freeze_casts_mean   | 1.91        |
|    medium/useful_rage_casts_mean     | 2           |
|    medium/wasted_spell_casts_mean    | 0           |
|    medium/wasted_spell_penalty_mean  | 0           |
| rollout/                             |             |
|    ep_len_mean                       | 62.9        |
|    ep_rew_mean                       | 1.11        |
| throughput/                          |             |
|    env_steps_per_sec                 | 206         |
|    episodes_per_sec                  | 3.59        |
| time/                                |             |
|    fps                               | 202         |
|    iterations                        | 54          |
|    time_elapsed                      | 8745        |
|    total_timesteps                   | 9797632     |
| train/                               |             |
|    approx_kl                         | 0.008640757 |
|    clip_fraction                     | 0.0462      |
|    clip_range                        | 0.2         |
|    entropy_loss                      | -4.13       |
|    explained_variance                | 0.902       |
|    learning_rate                     | 0.0001      |
|    loss                              | -0.0267     |
|    n_updates                         | 2980        |
|    policy_gradient_loss              | -0.0126     |
|    value_loss                        | 0.0699      |
------------------------------------------------------
timesteps=9797696 | env_steps/sec=44.1 | episodes/sec=0.69 | gpu_util_mean=18% gpu_util_max=36% | gpu_mem_mean=2.3/47.8GB
timesteps=9798720 | env_steps/sec=202.2 | episodes/sec=2.37 | gpu_util_mean=1% gpu_util_max=1% | gpu_mem_mean=2.3/47.8GB
timesteps=9799808 | env_steps/sec=209.4 | episodes/sec=3.46 | gpu_util_mean=0% gpu_util_max=1% | gpu_mem_mean=2.3/47.8GB
timesteps=9800896 | env_steps/sec=207.2 | episodes/sec=3.62 | gpu_util_mean=0% gpu_util_max=0% | gpu_mem_mean=2.3/47.8GB
timesteps=9801984 | env_steps/sec=214.4 | episodes/sec=3.35 | gpu_util_mean=0% gpu_util_max=0% | gpu_mem_mean=2.3/47.8GB
timesteps=9803072 | env_steps/sec=207.3 | episodes/sec=2.67 | gpu_util_mean=0% gpu_util_max=1% | gpu_mem_mean=2.3/47.8GB
timesteps=9804096 | env_steps/sec=203.3 | episodes/sec=3.57 | gpu_util_mean=0% gpu_util_max=1% | gpu_mem_mean=2.3/47.8GB
timesteps=9805184 | env_steps/sec=210.4 | episodes/sec=3.87 | gpu_util_mean=0% gpu_util_max=1% | gpu_mem_mean=2.3/47.8GB
timesteps=9806208 | env_steps/sec=204.3 | episodes/sec=2.59 | gpu_util_mean=17% gpu_util_max=33% | gpu_mem_mean=2.3/47.8GB
timesteps=9807296 | env_steps/sec=208.4 | episodes/sec=3.06 | gpu_util_mean=0% gpu_util_max=0% | gpu_mem_mean=2.3/47.8GB
timesteps=9808384 | env_steps/sec=204.3 | episodes/sec=3.75 | gpu_util_mean=0% gpu_util_max=0% | gpu_mem_mean=2.3/47.8GB
timesteps=9809472 | env_steps/sec=212.8 | episodes/sec=3.13 | gpu_util_mean=0% gpu_util_max=1% | gpu_mem_mean=2.3/47.8GB
timesteps=9810560 | env_steps/sec=211.7 | episodes/sec=2.72 | gpu_util_mean=0% gpu_util_max=1% | gpu_mem_mean=2.3/47.8GB
timesteps=9811648 | env_steps/sec=206.3 | episodes/sec=3.60 | gpu_util_mean=0% gpu_util_max=0% | gpu_mem_mean=2.3/47.8GB
timesteps=9812736 | env_steps/sec=206.2 | episodes/sec=3.60 | gpu_util_mean=0% gpu_util_max=1% | gpu_mem_mean=2.3/47.8GB
timesteps=9813824 | env_steps/sec=211.4 | episodes/sec=3.89 | gpu_util_mean=0% gpu_util_max=1% | gpu_mem_mean=2.3/47.8GB
timesteps=9814912 | env_steps/sec=206.4 | episodes/sec=2.47 | gpu_util_mean=0% gpu_util_max=0% | gpu_mem_mean=2.3/47.8GB
timesteps=9816000 | env_steps/sec=211.2 | episodes/sec=4.08 | gpu_util_mean=0% gpu_util_max=0% | gpu_mem_mean=2.3/47.8GB
timesteps=9817024 | env_steps/sec=201.9 | episodes/sec=3.15 | gpu_util_mean=0% gpu_util_max=1% | gpu_mem_mean=2.3/47.8GB
timesteps=9818112 | env_steps/sec=210.8 | episodes/sec=2.71 | gpu_util_mean=1% gpu_util_max=1% | gpu_mem_mean=2.3/47.8GB
timesteps=9819200 | env_steps/sec=207.9 | episodes/sec=3.63 | gpu_util_mean=1% gpu_util_max=1% | gpu_mem_mean=2.3/47.8GB
timesteps=9820288 | env_steps/sec=212.0 | episodes/sec=4.09 | gpu_util_mean=0% gpu_util_max=0% | gpu_mem_mean=2.3/47.8GB
timesteps=9821376 | env_steps/sec=210.9 | episodes/sec=1.94 | gpu_util_mean=0% gpu_util_max=1% | gpu_mem_mean=2.3/47.8GB
timesteps=9822464 | env_steps/sec=215.2 | episodes/sec=4.15 | gpu_util_mean=0% gpu_util_max=1% | gpu_mem_mean=2.3/47.8GB
timesteps=9823488 | env_steps/sec=199.0 | episodes/sec=3.50 | gpu_util_mean=0% gpu_util_max=1% | gpu_mem_mean=2.3/47.8GB
timesteps=9824576 | env_steps/sec=209.7 | episodes/sec=2.70 | gpu_util_mean=0% gpu_util_max=0% | gpu_mem_mean=2.3/47.8GB
timesteps=9825664 | env_steps/sec=206.5 | episodes/sec=3.42 | gpu_util_mean=0% gpu_util_max=0% | gpu_mem_mean=2.3/47.8GB
timesteps=9826752 | env_steps/sec=216.3 | episodes/sec=3.58 | gpu_util_mean=1% gpu_util_max=1% | gpu_mem_mean=2.3/47.8GB
timesteps=9827840 | env_steps/sec=204.6 | episodes/sec=3.39 | gpu_util_mean=0% gpu_util_max=1% | gpu_mem_mean=2.3/47.8GB
timesteps=9828864 | env_steps/sec=203.8 | episodes/sec=2.59 | gpu_util_mean=0% gpu_util_max=1% | gpu_mem_mean=2.3/47.8GB
timesteps=9829952 | env_steps/sec=214.7 | episodes/sec=3.35 | gpu_util_mean=0% gpu_util_max=0% | gpu_mem_mean=2.3/47.8GB
-------------------------------------------------------
| gpu/                                 |              |
|    gpu_count                         | 2            |
|    gpu_mem_total_gb_mean             | 47.8         |
|    gpu_mem_used_gb_mean              | 2.33         |
|    gpu_util_pct_max                  | 0            |
|    gpu_util_pct_mean                 | 0            |
| profile/                             |              |
|    hard/damage_mean                  | 0.347        |
|    hard/defense_damage_pct_mean      | 0.365        |
|    hard/defense_damage_reward_mean   | 0.0438       |
|    hard/defense_destroy_reward_mean  | 0.0128       |
|    hard/defenses_destroyed_mean      | 2.56         |
|    hard/ep_len_mean                  | 61.3         |
|    hard/ep_rew_mean                  | 0.642        |
|    hard/episodes_window              | 200          |
|    hard/freeze_casts_mean            | 2            |
|    hard/freeze_effect_reward_mean    | 0.0727       |
|    hard/frozen_threat_damage_pct_... | 0.0633       |
|    hard/frozen_threat_ticks_mean     | 60.7         |
|    hard/objective_shaping_reward_... | 0.0802       |
|    hard/p_all_spells_used            | 1            |
|    hard/p_damage_ge_90               | 0            |
|    hard/p_stars_ge_2                 | 0.065        |
|    hard/rage_bonus_damage_pct_mean   | 0.00876      |
|    hard/rage_bonus_defense_damage... | 0.00838      |
|    hard/rage_bonus_townhall_damag... | 0.0138       |
|    hard/rage_casts_mean              | 2            |
|    hard/rage_effect_reward_mean      | 0.00307      |
|    hard/score_mean                   | 0.547        |
|    hard/spell_casts_mean             | 4            |
|    hard/spell_shaping_reward_mean    | 0.0757       |
|    hard/spells_remaining_mean        | 0            |
|    hard/stars_mean                   | 0.2          |
|    hard/ticks_mean                   | 608          |
|    hard/townhall_damage_pct_mean     | 0.181        |
|    hard/townhall_damage_reward_mean  | 0.0181       |
|    hard/townhall_destroy_reward_mean | 0.0055       |
|    hard/townhall_destroyed_rate      | 0.11         |
|    hard/truncated_rate               | 0.015        |
|    hard/unused_spell_penalty_mean    | 0            |
|    hard/useful_freeze_casts_mean     | 2            |
|    hard/useful_rage_casts_mean       | 2            |
|    hard/wasted_spell_casts_mean      | 0            |
|    hard/wasted_spell_penalty_mean    | 0            |
|    medium/damage_mean                | 0.831        |
|    medium/defense_damage_pct_mean    | 0.781        |
|    medium/defense_damage_reward_mean | 0.0937       |
|    medium/defense_destroy_reward_... | 0.0181       |
|    medium/defenses_destroyed_mean    | 3.62         |
|    medium/ep_len_mean                | 70           |
|    medium/ep_rew_mean                | 3.17         |
|    medium/episodes_window            | 200          |
|    medium/freeze_casts_mean          | 1.93         |
|    medium/freeze_effect_reward_mean  | 0.0571       |
|    medium/frozen_threat_damage_pc... | 0.0505       |
|    medium/frozen_threat_ticks_mean   | 43.5         |
|    medium/objective_shaping_rewar... | 0.243        |
|    medium/p_all_spells_used          | 0.935        |
|    medium/p_damage_ge_90             | 0.495        |
|    medium/p_stars_ge_2               | 0.84         |
|    medium/rage_bonus_damage_pct_mean | 0.0297       |
|    medium/rage_bonus_defense_dama... | 0.013        |
|    medium/rage_bonus_townhall_dam... | 0.0758       |
|    medium/rage_casts_mean            | 1.98         |
|    medium/rage_effect_reward_mean    | 0.0104       |
|    medium/score_mean                 | 2.93         |
|    medium/spell_casts_mean           | 3.9          |
|    medium/spell_shaping_reward_mean  | 0.0645       |
|    medium/spells_remaining_mean      | 0.1          |
|    medium/stars_mean                 | 2.1          |
|    medium/ticks_mean                 | 696          |
|    medium/townhall_damage_pct_mean   | 0.888        |
|    medium/townhall_damage_reward_... | 0.0888       |
|    medium/townhall_destroy_reward... | 0.0422       |
|    medium/townhall_destroyed_rate    | 0.845        |
|    medium/truncated_rate             | 0.12         |
|    medium/unused_spell_penalty_mean  | 0.003        |
|    medium/useful_freeze_casts_mean   | 1.93         |
|    medium/useful_rage_casts_mean     | 1.98         |
|    medium/wasted_spell_casts_mean    | 0            |
|    medium/wasted_spell_penalty_mean  | 0            |
| rollout/                             |              |
|    ep_len_mean                       | 64.3         |
|    ep_rew_mean                       | 1.26         |
| throughput/                          |              |
|    env_steps_per_sec                 | 215          |
|    episodes_per_sec                  | 3.35         |
| time/                                |              |
|    fps                               | 202          |
|    iterations                        | 55           |
|    time_elapsed                      | 8907         |
|    total_timesteps                   | 9830400      |
| train/                               |              |
|    approx_kl                         | 0.0077716666 |
|    clip_fraction                     | 0.0335       |
|    clip_range                        | 0.2          |
|    entropy_loss                      | -4.08        |
|    explained_variance                | 0.895        |
|    learning_rate                     | 0.0001       |
|    loss                              | -0.0266      |
|    n_updates                         | 2990         |
|    policy_gradient_loss              | -0.0111      |
|    value_loss                        | 0.0715       |
-------------------------------------------------------
timesteps=9830464 | env_steps/sec=70.8 | episodes/sec=1.38 | gpu_util_mean=16% gpu_util_max=33% | gpu_mem_mean=2.3/47.8GB
timesteps=9831552 | env_steps/sec=213.9 | episodes/sec=3.73 | gpu_util_mean=0% gpu_util_max=0% | gpu_mem_mean=2.3/47.8GB
timesteps=9832576 | env_steps/sec=202.7 | episodes/sec=2.37 | gpu_util_mean=0% gpu_util_max=1% | gpu_mem_mean=2.3/47.8GB
timesteps=9833664 | env_steps/sec=215.7 | episodes/sec=2.97 | gpu_util_mean=0% gpu_util_max=0% | gpu_mem_mean=2.3/47.8GB
timesteps=9834752 | env_steps/sec=209.3 | episodes/sec=4.23 | gpu_util_mean=0% gpu_util_max=1% | gpu_mem_mean=2.3/47.8GB
timesteps=9835840 | env_steps/sec=215.5 | episodes/sec=4.56 | gpu_util_mean=0% gpu_util_max=0% | gpu_mem_mean=2.3/47.8GB
timesteps=9836928 | env_steps/sec=207.4 | episodes/sec=1.52 | gpu_util_mean=0% gpu_util_max=1% | gpu_mem_mean=2.3/47.8GB
timesteps=9838016 | env_steps/sec=213.5 | episodes/sec=3.93 | gpu_util_mean=0% gpu_util_max=0% | gpu_mem_mean=2.3/47.8GB
timesteps=9839104 | env_steps/sec=211.5 | episodes/sec=3.89 | gpu_util_mean=15% gpu_util_max=29% | gpu_mem_mean=2.3/47.8GB
timesteps=9840192 | env_steps/sec=211.6 | episodes/sec=3.70 | gpu_util_mean=0% gpu_util_max=0% | gpu_mem_mean=2.3/47.8GB
timesteps=9841216 | env_steps/sec=199.4 | episodes/sec=1.95 | gpu_util_mean=0% gpu_util_max=0% | gpu_mem_mean=2.3/47.8GB
timesteps=9842240 | env_steps/sec=203.0 | episodes/sec=3.57 | gpu_util_mean=0% gpu_util_max=1% | gpu_mem_mean=2.3/47.8GB
timesteps=9843328 | env_steps/sec=211.1 | episodes/sec=3.69 | gpu_util_mean=0% gpu_util_max=1% | gpu_mem_mean=2.3/47.8GB
timesteps=9844416 | env_steps/sec=212.8 | episodes/sec=3.91 | gpu_util_mean=0% gpu_util_max=0% | gpu_mem_mean=2.3/47.8GB
timesteps=9845440 | env_steps/sec=201.9 | episodes/sec=2.17 | gpu_util_mean=0% gpu_util_max=1% | gpu_mem_mean=2.3/47.8GB
timesteps=9846528 | env_steps/sec=206.6 | episodes/sec=3.61 | gpu_util_mean=0% gpu_util_max=1% | gpu_mem_mean=2.3/47.8GB
timesteps=9847616 | env_steps/sec=205.4 | episodes/sec=3.40 | gpu_util_mean=0% gpu_util_max=0% | gpu_mem_mean=2.3/47.8GB
timesteps=9848704 | env_steps/sec=216.8 | episodes/sec=3.39 | gpu_util_mean=0% gpu_util_max=1% | gpu_mem_mean=2.3/47.8GB
timesteps=9849792 | env_steps/sec=205.2 | episodes/sec=3.02 | gpu_util_mean=0% gpu_util_max=1% | gpu_mem_mean=2.3/47.8GB
timesteps=9850880 | env_steps/sec=216.4 | episodes/sec=3.78 | gpu_util_mean=0% gpu_util_max=0% | gpu_mem_mean=2.3/47.8GB
timesteps=9851904 | env_steps/sec=201.8 | episodes/sec=2.96 | gpu_util_mean=0% gpu_util_max=0% | gpu_mem_mean=2.3/47.8GB
timesteps=9852928 | env_steps/sec=203.9 | episodes/sec=2.99 | gpu_util_mean=0% gpu_util_max=0% | gpu_mem_mean=2.3/47.8GB
timesteps=9854016 | env_steps/sec=209.9 | episodes/sec=3.86 | gpu_util_mean=0% gpu_util_max=0% | gpu_mem_mean=2.3/47.8GB
timesteps=9855104 | env_steps/sec=212.3 | episodes/sec=3.51 | gpu_util_mean=0% gpu_util_max=1% | gpu_mem_mean=2.3/47.8GB
timesteps=9856192 | env_steps/sec=206.3 | episodes/sec=2.65 | gpu_util_mean=0% gpu_util_max=1% | gpu_mem_mean=2.3/47.8GB
timesteps=9857344 | env_steps/sec=219.4 | episodes/sec=2.67 | gpu_util_mean=0% gpu_util_max=1% | gpu_mem_mean=2.3/47.8GB
timesteps=9858432 | env_steps/sec=212.3 | episodes/sec=4.68 | gpu_util_mean=0% gpu_util_max=0% | gpu_mem_mean=2.3/47.8GB
timesteps=9859520 | env_steps/sec=210.5 | episodes/sec=3.48 | gpu_util_mean=1% gpu_util_max=1% | gpu_mem_mean=2.3/47.8GB
timesteps=9860544 | env_steps/sec=203.7 | episodes/sec=1.99 | gpu_util_mean=0% gpu_util_max=1% | gpu_mem_mean=2.3/47.8GB
timesteps=9861696 | env_steps/sec=221.0 | episodes/sec=4.41 | gpu_util_mean=1% gpu_util_max=1% | gpu_mem_mean=2.3/47.8GB
timesteps=9862720 | env_steps/sec=202.9 | episodes/sec=3.96 | gpu_util_mean=0% gpu_util_max=1% | gpu_mem_mean=2.3/47.8GB
-------------------------------------------------------
| gpu/                                 |              |
|    gpu_count                         | 2            |
|    gpu_mem_total_gb_mean             | 47.8         |
|    gpu_mem_used_gb_mean              | 2.33         |
|    gpu_util_pct_max                  | 1            |
|    gpu_util_pct_mean                 | 0.5          |
| profile/                             |              |
|    hard/damage_mean                  | 0.35         |
|    hard/defense_damage_pct_mean      | 0.354        |
|    hard/defense_damage_reward_mean   | 0.0424       |
|    hard/defense_destroy_reward_mean  | 0.0122       |
|    hard/defenses_destroyed_mean      | 2.44         |
|    hard/ep_len_mean                  | 61.6         |
|    hard/ep_rew_mean                  | 0.672        |
|    hard/episodes_window              | 200          |
|    hard/freeze_casts_mean            | 2            |
|    hard/freeze_effect_reward_mean    | 0.0771       |
|    hard/frozen_threat_damage_pct_... | 0.0694       |
|    hard/frozen_threat_ticks_mean     | 66           |
|    hard/objective_shaping_reward_... | 0.0824       |
|    hard/p_all_spells_used            | 1            |
|    hard/p_damage_ge_90               | 0            |
|    hard/p_stars_ge_2                 | 0.065        |
|    hard/rage_bonus_damage_pct_mean   | 0.0104       |
|    hard/rage_bonus_defense_damage... | 0.00813      |
|    hard/rage_bonus_townhall_damag... | 0.0191       |
|    hard/rage_casts_mean              | 2            |
|    hard/rage_effect_reward_mean      | 0.00363      |
|    hard/score_mean                   | 0.57         |
|    hard/spell_casts_mean             | 4            |
|    hard/spell_shaping_reward_mean    | 0.0808       |
|    hard/spells_remaining_mean        | 0            |
|    hard/stars_mean                   | 0.22         |
|    hard/ticks_mean                   | 612          |
|    hard/townhall_damage_pct_mean     | 0.21         |
|    hard/townhall_damage_reward_mean  | 0.021        |
|    hard/townhall_destroy_reward_mean | 0.00675      |
|    hard/townhall_destroyed_rate      | 0.135        |
|    hard/truncated_rate               | 0.02         |
|    hard/unused_spell_penalty_mean    | 0            |
|    hard/useful_freeze_casts_mean     | 2            |
|    hard/useful_rage_casts_mean       | 2            |
|    hard/wasted_spell_casts_mean      | 0            |
|    hard/wasted_spell_penalty_mean    | 0            |
|    medium/damage_mean                | 0.833        |
|    medium/defense_damage_pct_mean    | 0.778        |
|    medium/defense_damage_reward_mean | 0.0933       |
|    medium/defense_destroy_reward_... | 0.0183       |
|    medium/defenses_destroyed_mean    | 3.65         |
|    medium/ep_len_mean                | 69.4         |
|    medium/ep_rew_mean                | 3.19         |
|    medium/episodes_window            | 200          |
|    medium/freeze_casts_mean          | 1.94         |
|    medium/freeze_effect_reward_mean  | 0.0575       |
|    medium/frozen_threat_damage_pc... | 0.0508       |
|    medium/frozen_threat_ticks_mean   | 44           |
|    medium/objective_shaping_rewar... | 0.242        |
|    medium/p_all_spells_used          | 0.94         |
|    medium/p_damage_ge_90             | 0.485        |
|    medium/p_stars_ge_2               | 0.845        |
|    medium/rage_bonus_damage_pct_mean | 0.0308       |
|    medium/rage_bonus_defense_dama... | 0.0156       |
|    medium/rage_bonus_townhall_dam... | 0.0783       |
|    medium/rage_casts_mean            | 1.96         |
|    medium/rage_effect_reward_mean    | 0.0108       |
|    medium/score_mean                 | 2.95         |
|    medium/spell_casts_mean           | 3.9          |
|    medium/spell_shaping_reward_mean  | 0.0652       |
|    medium/spells_remaining_mean      | 0.1          |
|    medium/stars_mean                 | 2.12         |
|    medium/ticks_mean                 | 690          |
|    medium/townhall_damage_pct_mean   | 0.884        |
|    medium/townhall_damage_reward_... | 0.0884       |
|    medium/townhall_destroy_reward... | 0.0422       |
|    medium/townhall_destroyed_rate    | 0.845        |
|    medium/truncated_rate             | 0.105        |
|    medium/unused_spell_penalty_mean  | 0.003        |
|    medium/useful_freeze_casts_mean   | 1.94         |
|    medium/useful_rage_casts_mean     | 1.96         |
|    medium/wasted_spell_casts_mean    | 0            |
|    medium/wasted_spell_penalty_mean  | 0            |
| rollout/                             |              |
|    ep_len_mean                       | 63.4         |
|    ep_rew_mean                       | 1.25         |
| throughput/                          |              |
|    env_steps_per_sec                 | 203          |
|    episodes_per_sec                  | 3.96         |
| time/                                |              |
|    fps                               | 202          |
|    iterations                        | 56           |
|    time_elapsed                      | 9068         |
|    total_timesteps                   | 9863168      |
| train/                               |              |
|    approx_kl                         | 0.0063295905 |
|    clip_fraction                     | 0.0271       |
|    clip_range                        | 0.2          |
|    entropy_loss                      | -4.1         |
|    explained_variance                | 0.904        |
|    learning_rate                     | 0.0001       |
|    loss                              | -0.03        |
|    n_updates                         | 3000         |
|    policy_gradient_loss              | -0.0111      |
|    value_loss                        | 0.0656       |
-------------------------------------------------------
timesteps=9863232 | env_steps/sec=73.2 | episodes/sec=0.57 | gpu_util_mean=18% gpu_util_max=37% | gpu_mem_mean=2.3/47.8GB
timesteps=9864320 | env_steps/sec=206.6 | episodes/sec=3.04 | gpu_util_mean=0% gpu_util_max=1% | gpu_mem_mean=2.3/47.8GB
timesteps=9865408 | env_steps/sec=207.0 | episodes/sec=3.23 | gpu_util_mean=0% gpu_util_max=1% | gpu_mem_mean=2.3/47.8GB
timesteps=9866432 | env_steps/sec=204.2 | episodes/sec=3.59 | gpu_util_mean=0% gpu_util_max=1% | gpu_mem_mean=2.3/47.8GB
timesteps=9867456 | env_steps/sec=197.3 | episodes/sec=2.50 | gpu_util_mean=0% gpu_util_max=1% | gpu_mem_mean=2.3/47.8GB
timesteps=9868544 | env_steps/sec=210.0 | episodes/sec=3.67 | gpu_util_mean=0% gpu_util_max=1% | gpu_mem_mean=2.3/47.8GB
timesteps=9869568 | env_steps/sec=199.7 | episodes/sec=2.93 | gpu_util_mean=1% gpu_util_max=1% | gpu_mem_mean=2.3/47.8GB
timesteps=9870656 | env_steps/sec=215.9 | episodes/sec=4.17 | gpu_util_mean=0% gpu_util_max=0% | gpu_mem_mean=2.3/47.8GB
timesteps=9871744 | env_steps/sec=211.2 | episodes/sec=3.30 | gpu_util_mean=0% gpu_util_max=0% | gpu_mem_mean=2.3/47.8GB
timesteps=9872832 | env_steps/sec=211.7 | episodes/sec=2.92 | gpu_util_mean=18% gpu_util_max=35% | gpu_mem_mean=2.3/47.8GB
timesteps=9873920 | env_steps/sec=208.5 | episodes/sec=2.68 | gpu_util_mean=0% gpu_util_max=0% | gpu_mem_mean=2.3/47.8GB
timesteps=9875008 | env_steps/sec=209.9 | episodes/sec=3.67 | gpu_util_mean=0% gpu_util_max=0% | gpu_mem_mean=2.3/47.8GB
timesteps=9876032 | env_steps/sec=204.8 | episodes/sec=3.60 | gpu_util_mean=0% gpu_util_max=1% | gpu_mem_mean=2.3/47.8GB
timesteps=9877056 | env_steps/sec=203.8 | episodes/sec=2.99 | gpu_util_mean=0% gpu_util_max=1% | gpu_mem_mean=2.3/47.8GB
timesteps=9878080 | env_steps/sec=197.2 | episodes/sec=3.27 | gpu_util_mean=0% gpu_util_max=0% | gpu_mem_mean=2.3/47.8GB
timesteps=9879104 | env_steps/sec=200.8 | episodes/sec=2.35 | gpu_util_mean=0% gpu_util_max=1% | gpu_mem_mean=2.3/47.8GB
timesteps=9880128 | env_steps/sec=199.4 | episodes/sec=4.48 | gpu_util_mean=0% gpu_util_max=1% | gpu_mem_mean=2.3/47.8GB
timesteps=9881216 | env_steps/sec=214.0 | episodes/sec=2.95 | gpu_util_mean=0% gpu_util_max=0% | gpu_mem_mean=2.3/47.8GB
timesteps=9882240 | env_steps/sec=204.2 | episodes/sec=3.19 | gpu_util_mean=0% gpu_util_max=0% | gpu_mem_mean=2.3/47.8GB
timesteps=9883328 | env_steps/sec=208.3 | episodes/sec=2.87 | gpu_util_mean=0% gpu_util_max=0% | gpu_mem_mean=2.3/47.8GB
timesteps=9884416 | env_steps/sec=215.7 | episodes/sec=3.57 | gpu_util_mean=0% gpu_util_max=0% | gpu_mem_mean=2.3/47.8GB
timesteps=9885504 | env_steps/sec=213.7 | episodes/sec=2.95 | gpu_util_mean=0% gpu_util_max=1% | gpu_mem_mean=2.3/47.8GB
timesteps=9886592 | env_steps/sec=206.5 | episodes/sec=3.23 | gpu_util_mean=1% gpu_util_max=1% | gpu_mem_mean=2.3/47.8GB
timesteps=9887744 | env_steps/sec=218.8 | episodes/sec=4.18 | gpu_util_mean=0% gpu_util_max=0% | gpu_mem_mean=2.3/47.8GB
timesteps=9888832 | env_steps/sec=211.0 | episodes/sec=3.10 | gpu_util_mean=0% gpu_util_max=1% | gpu_mem_mean=2.3/47.8GB
timesteps=9889920 | env_steps/sec=214.3 | episodes/sec=4.33 | gpu_util_mean=0% gpu_util_max=0% | gpu_mem_mean=2.3/47.8GB
timesteps=9891008 | env_steps/sec=207.9 | episodes/sec=2.87 | gpu_util_mean=0% gpu_util_max=1% | gpu_mem_mean=2.3/47.8GB
timesteps=9892160 | env_steps/sec=221.3 | episodes/sec=3.27 | gpu_util_mean=0% gpu_util_max=0% | gpu_mem_mean=2.3/47.8GB
timesteps=9893248 | env_steps/sec=207.1 | episodes/sec=3.05 | gpu_util_mean=0% gpu_util_max=0% | gpu_mem_mean=2.3/47.8GB
timesteps=9894336 | env_steps/sec=212.8 | episodes/sec=4.11 | gpu_util_mean=0% gpu_util_max=0% | gpu_mem_mean=2.3/47.8GB
timesteps=9895360 | env_steps/sec=203.2 | episodes/sec=3.17 | gpu_util_mean=0% gpu_util_max=0% | gpu_mem_mean=2.3/47.8GB
-------------------------------------------------------
| gpu/                                 |              |
|    gpu_count                         | 2            |
|    gpu_mem_total_gb_mean             | 47.8         |
|    gpu_mem_used_gb_mean              | 2.33         |
|    gpu_util_pct_max                  | 0            |
|    gpu_util_pct_mean                 | 0            |
| profile/                             |              |
|    hard/damage_mean                  | 0.348        |
|    hard/defense_damage_pct_mean      | 0.349        |
|    hard/defense_damage_reward_mean   | 0.0419       |
|    hard/defense_destroy_reward_mean  | 0.012        |
|    hard/defenses_destroyed_mean      | 2.4          |
|    hard/ep_len_mean                  | 61           |
|    hard/ep_rew_mean                  | 0.658        |
|    hard/episodes_window              | 200          |
|    hard/freeze_casts_mean            | 2            |
|    hard/freeze_effect_reward_mean    | 0.0773       |
|    hard/frozen_threat_damage_pct_... | 0.067        |
|    hard/frozen_threat_ticks_mean     | 63.8         |
|    hard/objective_shaping_reward_... | 0.0797       |
|    hard/p_all_spells_used            | 1            |
|    hard/p_damage_ge_90               | 0            |
|    hard/p_stars_ge_2                 | 0.06         |
|    hard/rage_bonus_damage_pct_mean   | 0.0103       |
|    hard/rage_bonus_defense_damage... | 0.00748      |
|    hard/rage_bonus_townhall_damag... | 0.0158       |
|    hard/rage_casts_mean              | 2            |
|    hard/rage_effect_reward_mean      | 0.00359      |
|    hard/score_mean                   | 0.558        |
|    hard/spell_casts_mean             | 4            |
|    hard/spell_shaping_reward_mean    | 0.0809       |
|    hard/spells_remaining_mean        | 0            |
|    hard/stars_mean                   | 0.21         |
|    hard/ticks_mean                   | 605          |
|    hard/townhall_damage_pct_mean     | 0.195        |
|    hard/townhall_damage_reward_mean  | 0.0195       |
|    hard/townhall_destroy_reward_mean | 0.00625      |
|    hard/townhall_destroyed_rate      | 0.125        |
|    hard/truncated_rate               | 0.01         |
|    hard/unused_spell_penalty_mean    | 0            |
|    hard/useful_freeze_casts_mean     | 2            |
|    hard/useful_rage_casts_mean       | 2            |
|    hard/wasted_spell_casts_mean      | 0            |
|    hard/wasted_spell_penalty_mean    | 0            |
|    medium/damage_mean                | 0.836        |
|    medium/defense_damage_pct_mean    | 0.78         |
|    medium/defense_damage_reward_mean | 0.0935       |
|    medium/defense_destroy_reward_... | 0.0182       |
|    medium/defenses_destroyed_mean    | 3.64         |
|    medium/ep_len_mean                | 69.5         |
|    medium/ep_rew_mean                | 3.21         |
|    medium/episodes_window            | 200          |
|    medium/freeze_casts_mean          | 1.96         |
|    medium/freeze_effect_reward_mean  | 0.0568       |
|    medium/frozen_threat_damage_pc... | 0.0499       |
|    medium/frozen_threat_ticks_mean   | 43.4         |
|    medium/objective_shaping_rewar... | 0.244        |
|    medium/p_all_spells_used          | 0.96         |
|    medium/p_damage_ge_90             | 0.51         |
|    medium/p_stars_ge_2               | 0.86         |
|    medium/rage_bonus_damage_pct_mean | 0.0331       |
|    medium/rage_bonus_defense_dama... | 0.0142       |
|    medium/rage_bonus_townhall_dam... | 0.0897       |
|    medium/rage_casts_mean            | 1.99         |
|    medium/rage_effect_reward_mean    | 0.0116       |
|    medium/score_mean                 | 2.97         |
|    medium/spell_casts_mean           | 3.94         |
|    medium/spell_shaping_reward_mean  | 0.0668       |
|    medium/spells_remaining_mean      | 0.055        |
|    medium/stars_mean                 | 2.13         |
|    medium/ticks_mean                 | 691          |
|    medium/townhall_damage_pct_mean   | 0.891        |
|    medium/townhall_damage_reward_... | 0.0891       |
|    medium/townhall_destroy_reward... | 0.043        |
|    medium/townhall_destroyed_rate    | 0.86         |
|    medium/truncated_rate             | 0.08         |
|    medium/unused_spell_penalty_mean  | 0.00165      |
|    medium/useful_freeze_casts_mean   | 1.96         |
|    medium/useful_rage_casts_mean     | 1.99         |
|    medium/wasted_spell_casts_mean    | 0            |
|    medium/wasted_spell_penalty_mean  | 0            |
| rollout/                             |              |
|    ep_len_mean                       | 61.6         |
|    ep_rew_mean                       | 1            |
| throughput/                          |              |
|    env_steps_per_sec                 | 203          |
|    episodes_per_sec                  | 3.17         |
| time/                                |              |
|    fps                               | 202          |
|    iterations                        | 57           |
|    time_elapsed                      | 9230         |
|    total_timesteps                   | 9895936      |
| train/                               |              |
|    approx_kl                         | 0.0097524505 |
|    clip_fraction                     | 0.062        |
|    clip_range                        | 0.2          |
|    entropy_loss                      | -4.14        |
|    explained_variance                | 0.909        |
|    learning_rate                     | 0.0001       |
|    loss                              | -0.0345      |
|    n_updates                         | 3010         |
|    policy_gradient_loss              | -0.0135      |
|    value_loss                        | 0.0607       |
-------------------------------------------------------
timesteps=9896000 | env_steps/sec=84.0 | episodes/sec=1.05 | gpu_util_mean=16% gpu_util_max=33% | gpu_mem_mean=2.3/47.8GB
timesteps=9897024 | env_steps/sec=202.2 | episodes/sec=3.75 | gpu_util_mean=0% gpu_util_max=1% | gpu_mem_mean=2.3/47.8GB
timesteps=9898112 | env_steps/sec=206.6 | episodes/sec=3.99 | gpu_util_mean=0% gpu_util_max=0% | gpu_mem_mean=2.3/47.8GB
timesteps=9899200 | env_steps/sec=208.2 | episodes/sec=2.68 | gpu_util_mean=0% gpu_util_max=1% | gpu_mem_mean=2.3/47.8GB
timesteps=9900224 | env_steps/sec=198.1 | episodes/sec=1.93 | gpu_util_mean=0% gpu_util_max=0% | gpu_mem_mean=2.3/47.8GB
timesteps=9901312 | env_steps/sec=210.0 | episodes/sec=5.41 | gpu_util_mean=0% gpu_util_max=1% | gpu_mem_mean=2.3/47.8GB
timesteps=9902400 | env_steps/sec=207.6 | episodes/sec=2.67 | gpu_util_mean=0% gpu_util_max=0% | gpu_mem_mean=2.3/47.8GB
timesteps=9903424 | env_steps/sec=199.0 | episodes/sec=2.14 | gpu_util_mean=0% gpu_util_max=0% | gpu_mem_mean=2.3/47.8GB
timesteps=9904512 | env_steps/sec=213.0 | episodes/sec=4.31 | gpu_util_mean=0% gpu_util_max=0% | gpu_mem_mean=2.3/47.8GB
timesteps=9905600 | env_steps/sec=210.1 | episodes/sec=3.67 | gpu_util_mean=14% gpu_util_max=27% | gpu_mem_mean=2.3/47.8GB
timesteps=9906624 | env_steps/sec=192.7 | episodes/sec=2.07 | gpu_util_mean=1% gpu_util_max=1% | gpu_mem_mean=2.3/47.8GB
timesteps=9907648 | env_steps/sec=197.4 | episodes/sec=1.93 | gpu_util_mean=1% gpu_util_max=1% | gpu_mem_mean=2.3/47.8GB
timesteps=9908800 | env_steps/sec=222.5 | episodes/sec=5.02 | gpu_util_mean=0% gpu_util_max=1% | gpu_mem_mean=2.3/47.8GB
timesteps=9909888 | env_steps/sec=211.1 | episodes/sec=3.69 | gpu_util_mean=0% gpu_util_max=0% | gpu_mem_mean=2.3/47.8GB
timesteps=9910976 | env_steps/sec=209.1 | episodes/sec=2.69 | gpu_util_mean=0% gpu_util_max=1% | gpu_mem_mean=2.3/47.8GB
timesteps=9912064 | env_steps/sec=206.8 | episodes/sec=3.80 | gpu_util_mean=0% gpu_util_max=1% | gpu_mem_mean=2.3/47.8GB
timesteps=9913152 | env_steps/sec=207.2 | episodes/sec=3.43 | gpu_util_mean=0% gpu_util_max=1% | gpu_mem_mean=2.3/47.8GB
timesteps=9914240 | env_steps/sec=206.1 | episodes/sec=2.84 | gpu_util_mean=0% gpu_util_max=0% | gpu_mem_mean=2.3/47.8GB
timesteps=9915264 | env_steps/sec=204.4 | episodes/sec=2.99 | gpu_util_mean=0% gpu_util_max=1% | gpu_mem_mean=2.3/47.8GB
timesteps=9916352 | env_steps/sec=209.7 | episodes/sec=4.05 | gpu_util_mean=0% gpu_util_max=0% | gpu_mem_mean=2.3/47.8GB
timesteps=9917440 | env_steps/sec=210.9 | episodes/sec=2.71 | gpu_util_mean=0% gpu_util_max=0% | gpu_mem_mean=2.3/47.8GB
timesteps=9918528 | env_steps/sec=206.6 | episodes/sec=3.42 | gpu_util_mean=0% gpu_util_max=1% | gpu_mem_mean=2.3/47.8GB
timesteps=9919552 | env_steps/sec=202.4 | episodes/sec=2.57 | gpu_util_mean=0% gpu_util_max=1% | gpu_mem_mean=2.3/47.8GB
timesteps=9920640 | env_steps/sec=212.7 | episodes/sec=4.50 | gpu_util_mean=0% gpu_util_max=0% | gpu_mem_mean=2.3/47.8GB
timesteps=9921728 | env_steps/sec=208.2 | episodes/sec=3.25 | gpu_util_mean=0% gpu_util_max=1% | gpu_mem_mean=2.3/47.8GB
timesteps=9922816 | env_steps/sec=208.9 | episodes/sec=3.07 | gpu_util_mean=0% gpu_util_max=0% | gpu_mem_mean=2.3/47.8GB
timesteps=9923968 | env_steps/sec=220.0 | episodes/sec=3.06 | gpu_util_mean=0% gpu_util_max=0% | gpu_mem_mean=2.3/47.8GB
timesteps=9924992 | env_steps/sec=203.6 | episodes/sec=3.78 | gpu_util_mean=1% gpu_util_max=1% | gpu_mem_mean=2.3/47.8GB
timesteps=9926080 | env_steps/sec=209.6 | episodes/sec=2.89 | gpu_util_mean=1% gpu_util_max=1% | gpu_mem_mean=2.3/47.8GB
timesteps=9927168 | env_steps/sec=210.4 | episodes/sec=3.29 | gpu_util_mean=0% gpu_util_max=0% | gpu_mem_mean=2.3/47.8GB
timesteps=9928256 | env_steps/sec=208.9 | episodes/sec=3.65 | gpu_util_mean=1% gpu_util_max=1% | gpu_mem_mean=2.3/47.8GB
------------------------------------------------------
| gpu/                                 |             |
|    gpu_count                         | 2           |
|    gpu_mem_total_gb_mean             | 47.8        |
|    gpu_mem_used_gb_mean              | 2.33        |
|    gpu_util_pct_max                  | 1           |
|    gpu_util_pct_mean                 | 1           |
| profile/                             |             |
|    hard/damage_mean                  | 0.346       |
|    hard/defense_damage_pct_mean      | 0.345       |
|    hard/defense_damage_reward_mean   | 0.0414      |
|    hard/defense_destroy_reward_mean  | 0.0119      |
|    hard/defenses_destroyed_mean      | 2.38        |
|    hard/ep_len_mean                  | 60.8        |
|    hard/ep_rew_mean                  | 0.645       |
|    hard/episodes_window              | 200         |
|    hard/freeze_casts_mean            | 2           |
|    hard/freeze_effect_reward_mean    | 0.0732      |
|    hard/frozen_threat_damage_pct_... | 0.0644      |
|    hard/frozen_threat_ticks_mean     | 62.1        |
|    hard/objective_shaping_reward_... | 0.0774      |
|    hard/p_all_spells_used            | 0.99        |
|    hard/p_damage_ge_90               | 0           |
|    hard/p_stars_ge_2                 | 0.065       |
|    hard/rage_bonus_damage_pct_mean   | 0.0099      |
|    hard/rage_bonus_defense_damage... | 0.00701     |
|    hard/rage_bonus_townhall_damag... | 0.0156      |
|    hard/rage_casts_mean              | 1.99        |
|    hard/rage_effect_reward_mean      | 0.00347     |
|    hard/score_mean                   | 0.551       |
|    hard/spell_casts_mean             | 3.99        |
|    hard/spell_shaping_reward_mean    | 0.0763      |
|    hard/spells_remaining_mean        | 0.01        |
|    hard/stars_mean                   | 0.205       |
|    hard/ticks_mean                   | 604         |
|    hard/townhall_damage_pct_mean     | 0.186       |
|    hard/townhall_damage_reward_mean  | 0.0186      |
|    hard/townhall_destroy_reward_mean | 0.0055      |
|    hard/townhall_destroyed_rate      | 0.11        |
|    hard/truncated_rate               | 0.01        |
|    hard/unused_spell_penalty_mean    | 0.0003      |
|    hard/useful_freeze_casts_mean     | 2           |
|    hard/useful_rage_casts_mean       | 1.99        |
|    hard/wasted_spell_casts_mean      | 0           |
|    hard/wasted_spell_penalty_mean    | 0           |
|    medium/damage_mean                | 0.843       |
|    medium/defense_damage_pct_mean    | 0.788       |
|    medium/defense_damage_reward_mean | 0.0946      |
|    medium/defense_destroy_reward_... | 0.0182      |
|    medium/defenses_destroyed_mean    | 3.65        |
|    medium/ep_len_mean                | 70.1        |
|    medium/ep_rew_mean                | 3.21        |
|    medium/episodes_window            | 200         |
|    medium/freeze_casts_mean          | 1.94        |
|    medium/freeze_effect_reward_mean  | 0.0535      |
|    medium/frozen_threat_damage_pc... | 0.0471      |
|    medium/frozen_threat_ticks_mean   | 42.2        |
|    medium/objective_shaping_rewar... | 0.244       |
|    medium/p_all_spells_used          | 0.955       |
|    medium/p_damage_ge_90             | 0.56        |
|    medium/p_stars_ge_2               | 0.855       |
|    medium/rage_bonus_damage_pct_mean | 0.0328      |
|    medium/rage_bonus_defense_dama... | 0.0153      |
|    medium/rage_bonus_townhall_dam... | 0.0854      |
|    medium/rage_casts_mean            | 2           |
|    medium/rage_effect_reward_mean    | 0.0115      |
|    medium/score_mean                 | 2.97        |
|    medium/spell_casts_mean           | 3.94        |
|    medium/spell_shaping_reward_mean  | 0.0631      |
|    medium/spells_remaining_mean      | 0.065       |
|    medium/stars_mean                 | 2.13        |
|    medium/ticks_mean                 | 697         |
|    medium/townhall_damage_pct_mean   | 0.882       |
|    medium/townhall_damage_reward_... | 0.0882      |
|    medium/townhall_destroy_reward... | 0.043       |
|    medium/townhall_destroyed_rate    | 0.86        |
|    medium/truncated_rate             | 0.11        |
|    medium/unused_spell_penalty_mean  | 0.00195     |
|    medium/useful_freeze_casts_mean   | 1.94        |
|    medium/useful_rage_casts_mean     | 2           |
|    medium/wasted_spell_casts_mean    | 0           |
|    medium/wasted_spell_penalty_mean  | 0           |
| rollout/                             |             |
|    ep_len_mean                       | 62.4        |
|    ep_rew_mean                       | 1.13        |
| throughput/                          |             |
|    env_steps_per_sec                 | 209         |
|    episodes_per_sec                  | 3.65        |
| time/                                |             |
|    fps                               | 202         |
|    iterations                        | 58          |
|    time_elapsed                      | 9393        |
|    total_timesteps                   | 9928704     |
| train/                               |             |
|    approx_kl                         | 0.009204388 |
|    clip_fraction                     | 0.0584      |
|    clip_range                        | 0.2         |
|    entropy_loss                      | -4.13       |
|    explained_variance                | 0.897       |
|    learning_rate                     | 0.0001      |
|    loss                              | -0.0375     |
|    n_updates                         | 3020        |
|    policy_gradient_loss              | -0.0139     |
|    value_loss                        | 0.0664      |
------------------------------------------------------
timesteps=9928768 | env_steps/sec=71.3 | episodes/sec=0.84 | gpu_util_mean=18% gpu_util_max=35% | gpu_mem_mean=2.3/47.8GB
timesteps=9929856 | env_steps/sec=204.6 | episodes/sec=3.76 | gpu_util_mean=0% gpu_util_max=0% | gpu_mem_mean=2.3/47.8GB
timesteps=9930944 | env_steps/sec=208.9 | episodes/sec=3.84 | gpu_util_mean=0% gpu_util_max=0% | gpu_mem_mean=2.3/47.8GB
timesteps=9931968 | env_steps/sec=202.3 | episodes/sec=2.17 | gpu_util_mean=0% gpu_util_max=1% | gpu_mem_mean=2.3/47.8GB
timesteps=9933056 | env_steps/sec=207.3 | episodes/sec=4.19 | gpu_util_mean=0% gpu_util_max=1% | gpu_mem_mean=2.3/47.8GB
timesteps=9934144 | env_steps/sec=205.8 | episodes/sec=2.65 | gpu_util_mean=0% gpu_util_max=1% | gpu_mem_mean=2.3/47.8GB
timesteps=9935232 | env_steps/sec=205.3 | episodes/sec=3.02 | gpu_util_mean=0% gpu_util_max=0% | gpu_mem_mean=2.3/47.8GB
timesteps=9936320 | env_steps/sec=209.0 | episodes/sec=3.65 | gpu_util_mean=0% gpu_util_max=1% | gpu_mem_mean=2.3/47.8GB
timesteps=9937408 | env_steps/sec=208.4 | episodes/sec=3.45 | gpu_util_mean=0% gpu_util_max=1% | gpu_mem_mean=2.3/47.8GB
timesteps=9938432 | env_steps/sec=204.0 | episodes/sec=2.99 | gpu_util_mean=15% gpu_util_max=29% | gpu_mem_mean=2.3/47.8GB
timesteps=9939520 | env_steps/sec=214.5 | episodes/sec=2.76 | gpu_util_mean=0% gpu_util_max=1% | gpu_mem_mean=2.3/47.8GB
timesteps=9940608 | env_steps/sec=206.7 | episodes/sec=3.61 | gpu_util_mean=0% gpu_util_max=0% | gpu_mem_mean=2.3/47.8GB
timesteps=9941696 | env_steps/sec=207.5 | episodes/sec=4.00 | gpu_util_mean=0% gpu_util_max=0% | gpu_mem_mean=2.3/47.8GB
timesteps=9942784 | env_steps/sec=207.6 | episodes/sec=2.29 | gpu_util_mean=0% gpu_util_max=1% | gpu_mem_mean=2.3/47.8GB
timesteps=9943808 | env_steps/sec=204.5 | episodes/sec=3.40 | gpu_util_mean=0% gpu_util_max=0% | gpu_mem_mean=2.3/47.8GB
timesteps=9944832 | env_steps/sec=204.5 | episodes/sec=3.60 | gpu_util_mean=0% gpu_util_max=1% | gpu_mem_mean=2.3/47.8GB
timesteps=9945920 | env_steps/sec=211.0 | episodes/sec=3.30 | gpu_util_mean=1% gpu_util_max=1% | gpu_mem_mean=2.3/47.8GB
timesteps=9947008 | env_steps/sec=211.8 | episodes/sec=3.11 | gpu_util_mean=0% gpu_util_max=0% | gpu_mem_mean=2.3/47.8GB
timesteps=9948096 | env_steps/sec=209.9 | episodes/sec=3.86 | gpu_util_mean=1% gpu_util_max=1% | gpu_mem_mean=2.3/47.8GB
timesteps=9949184 | env_steps/sec=216.0 | episodes/sec=3.38 | gpu_util_mean=0% gpu_util_max=0% | gpu_mem_mean=2.3/47.8GB
timesteps=9950208 | env_steps/sec=195.6 | episodes/sec=2.67 | gpu_util_mean=0% gpu_util_max=1% | gpu_mem_mean=2.3/47.8GB
timesteps=9951296 | env_steps/sec=217.1 | episodes/sec=3.79 | gpu_util_mean=0% gpu_util_max=1% | gpu_mem_mean=2.3/47.8GB
timesteps=9952384 | env_steps/sec=214.3 | episodes/sec=3.35 | gpu_util_mean=0% gpu_util_max=0% | gpu_mem_mean=2.3/47.8GB
timesteps=9953472 | env_steps/sec=210.5 | episodes/sec=3.29 | gpu_util_mean=0% gpu_util_max=0% | gpu_mem_mean=2.3/47.8GB
timesteps=9954560 | env_steps/sec=208.2 | episodes/sec=3.44 | gpu_util_mean=0% gpu_util_max=0% | gpu_mem_mean=2.3/47.8GB
timesteps=9955648 | env_steps/sec=215.3 | episodes/sec=3.36 | gpu_util_mean=0% gpu_util_max=0% | gpu_mem_mean=2.3/47.8GB
timesteps=9956736 | env_steps/sec=211.6 | episodes/sec=4.28 | gpu_util_mean=0% gpu_util_max=1% | gpu_mem_mean=2.3/47.8GB
timesteps=9957824 | env_steps/sec=205.9 | episodes/sec=2.84 | gpu_util_mean=0% gpu_util_max=0% | gpu_mem_mean=2.3/47.8GB
timesteps=9958848 | env_steps/sec=201.6 | episodes/sec=2.56 | gpu_util_mean=0% gpu_util_max=1% | gpu_mem_mean=2.3/47.8GB
timesteps=9959936 | env_steps/sec=207.2 | episodes/sec=3.43 | gpu_util_mean=0% gpu_util_max=0% | gpu_mem_mean=2.3/47.8GB
timesteps=9961024 | env_steps/sec=206.6 | episodes/sec=3.61 | gpu_util_mean=0% gpu_util_max=1% | gpu_mem_mean=2.3/47.8GB
-----------------------------------------------------
| gpu/                                 |            |
|    gpu_count                         | 2          |
|    gpu_mem_total_gb_mean             | 47.8       |
|    gpu_mem_used_gb_mean              | 2.33       |
|    gpu_util_pct_max                  | 1          |
|    gpu_util_pct_mean                 | 0.5        |
| profile/                             |            |
|    hard/damage_mean                  | 0.346      |
|    hard/defense_damage_pct_mean      | 0.344      |
|    hard/defense_damage_reward_mean   | 0.0412     |
|    hard/defense_destroy_reward_mean  | 0.0118     |
|    hard/defenses_destroyed_mean      | 2.35       |
|    hard/ep_len_mean                  | 61.2       |
|    hard/ep_rew_mean                  | 0.629      |
|    hard/episodes_window              | 200        |
|    hard/freeze_casts_mean            | 2          |
|    hard/freeze_effect_reward_mean    | 0.0743     |
|    hard/frozen_threat_damage_pct_... | 0.0651     |
|    hard/frozen_threat_ticks_mean     | 62.2       |
|    hard/objective_shaping_reward_... | 0.0754     |
|    hard/p_all_spells_used            | 1          |
|    hard/p_damage_ge_90               | 0          |
|    hard/p_stars_ge_2                 | 0.055      |
|    hard/rage_bonus_damage_pct_mean   | 0.00896    |
|    hard/rage_bonus_defense_damage... | 0.00771    |
|    hard/rage_bonus_townhall_damag... | 0.011      |
|    hard/rage_casts_mean              | 2          |
|    hard/rage_effect_reward_mean      | 0.00314    |
|    hard/score_mean                   | 0.536      |
|    hard/spell_casts_mean             | 4          |
|    hard/spell_shaping_reward_mean    | 0.0774     |
|    hard/spells_remaining_mean        | 0          |
|    hard/stars_mean                   | 0.19       |
|    hard/ticks_mean                   | 607        |
|    hard/townhall_damage_pct_mean     | 0.169      |
|    hard/townhall_damage_reward_mean  | 0.0169     |
|    hard/townhall_destroy_reward_mean | 0.0055     |
|    hard/townhall_destroyed_rate      | 0.11       |
|    hard/truncated_rate               | 0.025      |
|    hard/unused_spell_penalty_mean    | 0          |
|    hard/useful_freeze_casts_mean     | 2          |
|    hard/useful_rage_casts_mean       | 2          |
|    hard/wasted_spell_casts_mean      | 0          |
|    hard/wasted_spell_penalty_mean    | 0          |
|    medium/damage_mean                | 0.865      |
|    medium/defense_damage_pct_mean    | 0.814      |
|    medium/defense_damage_reward_mean | 0.0977     |
|    medium/defense_destroy_reward_... | 0.0192     |
|    medium/defenses_destroyed_mean    | 3.83       |
|    medium/ep_len_mean                | 69.6       |
|    medium/ep_rew_mean                | 3.38       |
|    medium/episodes_window            | 200        |
|    medium/freeze_casts_mean          | 1.91       |
|    medium/freeze_effect_reward_mean  | 0.0524     |
|    medium/frozen_threat_damage_pc... | 0.046      |
|    medium/frozen_threat_ticks_mean   | 40.4       |
|    medium/objective_shaping_rewar... | 0.255      |
|    medium/p_all_spells_used          | 0.935      |
|    medium/p_damage_ge_90             | 0.54       |
|    medium/p_stars_ge_2               | 0.905      |
|    medium/rage_bonus_damage_pct_mean | 0.0326     |
|    medium/rage_bonus_defense_dama... | 0.0154     |
|    medium/rage_bonus_townhall_dam... | 0.0853     |
|    medium/rage_casts_mean            | 1.99       |
|    medium/rage_effect_reward_mean    | 0.0114     |
|    medium/score_mean                 | 3.13       |
|    medium/spell_casts_mean           | 3.89       |
|    medium/spell_shaping_reward_mean  | 0.0605     |
|    medium/spells_remaining_mean      | 0.11       |
|    medium/stars_mean                 | 2.27       |
|    medium/ticks_mean                 | 693        |
|    medium/townhall_damage_pct_mean   | 0.926      |
|    medium/townhall_damage_reward_... | 0.0926     |
|    medium/townhall_destroy_reward... | 0.0455     |
|    medium/townhall_destroyed_rate    | 0.91       |
|    medium/truncated_rate             | 0.12       |
|    medium/unused_spell_penalty_mean  | 0.0033     |
|    medium/useful_freeze_casts_mean   | 1.91       |
|    medium/useful_rage_casts_mean     | 1.99       |
|    medium/wasted_spell_casts_mean    | 0          |
|    medium/wasted_spell_penalty_mean  | 0          |
| rollout/                             |            |
|    ep_len_mean                       | 62.4       |
|    ep_rew_mean                       | 1.26       |
| throughput/                          |            |
|    env_steps_per_sec                 | 207        |
|    episodes_per_sec                  | 3.61       |
| time/                                |            |
|    fps                               | 202        |
|    iterations                        | 59         |
|    time_elapsed                      | 9555       |
|    total_timesteps                   | 9961472    |
| train/                               |            |
|    approx_kl                         | 0.00836595 |
|    clip_fraction                     | 0.0404     |
|    clip_range                        | 0.2        |
|    entropy_loss                      | -4.13      |
|    explained_variance                | 0.908      |
|    learning_rate                     | 0.0001     |
|    loss                              | -0.0308    |
|    n_updates                         | 3030       |
|    policy_gradient_loss              | -0.0119    |
|    value_loss                        | 0.0622     |
-----------------------------------------------------
timesteps=9961536 | env_steps/sec=71.8 | episodes/sec=0.98 | gpu_util_mean=17% gpu_util_max=33% | gpu_mem_mean=2.3/47.8GB
timesteps=9962560 | env_steps/sec=200.6 | episodes/sec=2.74 | gpu_util_mean=0% gpu_util_max=1% | gpu_mem_mean=2.3/47.8GB
timesteps=9963648 | env_steps/sec=216.6 | episodes/sec=4.18 | gpu_util_mean=0% gpu_util_max=0% | gpu_mem_mean=2.3/47.8GB
timesteps=9964736 | env_steps/sec=207.4 | episodes/sec=2.86 | gpu_util_mean=0% gpu_util_max=0% | gpu_mem_mean=2.3/47.8GB
timesteps=9965824 | env_steps/sec=207.8 | episodes/sec=2.48 | gpu_util_mean=0% gpu_util_max=0% | gpu_mem_mean=2.3/47.8GB
timesteps=9966912 | env_steps/sec=206.3 | episodes/sec=3.41 | gpu_util_mean=0% gpu_util_max=1% | gpu_mem_mean=2.3/47.8GB
timesteps=9968000 | env_steps/sec=204.5 | episodes/sec=3.57 | gpu_util_mean=0% gpu_util_max=1% | gpu_mem_mean=2.3/47.8GB
timesteps=9969088 | env_steps/sec=205.5 | episodes/sec=4.16 | gpu_util_mean=0% gpu_util_max=0% | gpu_mem_mean=2.3/47.8GB
timesteps=9970112 | env_steps/sec=202.9 | episodes/sec=1.98 | gpu_util_mean=0% gpu_util_max=1% | gpu_mem_mean=2.3/47.8GB
timesteps=9971200 | env_steps/sec=213.5 | episodes/sec=4.12 | gpu_util_mean=14% gpu_util_max=28% | gpu_mem_mean=2.3/47.8GB
timesteps=9972288 | env_steps/sec=210.0 | episodes/sec=3.09 | gpu_util_mean=0% gpu_util_max=0% | gpu_mem_mean=2.3/47.8GB
timesteps=9973376 | env_steps/sec=209.4 | episodes/sec=2.89 | gpu_util_mean=0% gpu_util_max=1% | gpu_mem_mean=2.3/47.8GB
timesteps=9974464 | env_steps/sec=206.8 | episodes/sec=3.42 | gpu_util_mean=0% gpu_util_max=1% | gpu_mem_mean=2.3/47.8GB
timesteps=9975552 | env_steps/sec=213.7 | episodes/sec=3.93 | gpu_util_mean=0% gpu_util_max=1% | gpu_mem_mean=2.3/47.8GB
timesteps=9976640 | env_steps/sec=205.5 | episodes/sec=3.59 | gpu_util_mean=0% gpu_util_max=1% | gpu_mem_mean=2.3/47.8GB
timesteps=9977664 | env_steps/sec=202.7 | episodes/sec=2.18 | gpu_util_mean=0% gpu_util_max=0% | gpu_mem_mean=2.3/47.8GB
timesteps=9978752 | env_steps/sec=208.4 | episodes/sec=4.21 | gpu_util_mean=0% gpu_util_max=1% | gpu_mem_mean=2.3/47.8GB
timesteps=9979840 | env_steps/sec=213.0 | episodes/sec=3.33 | gpu_util_mean=0% gpu_util_max=1% | gpu_mem_mean=2.3/47.8GB
timesteps=9980864 | env_steps/sec=203.7 | episodes/sec=2.79 | gpu_util_mean=0% gpu_util_max=0% | gpu_mem_mean=2.3/47.8GB
timesteps=9981952 | env_steps/sec=208.9 | episodes/sec=2.88 | gpu_util_mean=0% gpu_util_max=0% | gpu_mem_mean=2.3/47.8GB
timesteps=9983040 | env_steps/sec=207.2 | episodes/sec=3.43 | gpu_util_mean=0% gpu_util_max=1% | gpu_mem_mean=2.3/47.8GB
timesteps=9984128 | env_steps/sec=216.0 | episodes/sec=4.37 | gpu_util_mean=0% gpu_util_max=0% | gpu_mem_mean=2.3/47.8GB
timesteps=9985152 | env_steps/sec=201.9 | episodes/sec=2.56 | gpu_util_mean=0% gpu_util_max=0% | gpu_mem_mean=2.3/47.8GB
timesteps=9986240 | env_steps/sec=211.2 | episodes/sec=3.49 | gpu_util_mean=0% gpu_util_max=0% | gpu_mem_mean=2.3/47.8GB
timesteps=9987264 | env_steps/sec=198.1 | episodes/sec=3.48 | gpu_util_mean=0% gpu_util_max=1% | gpu_mem_mean=2.3/47.8GB
timesteps=9988352 | env_steps/sec=205.9 | episodes/sec=2.84 | gpu_util_mean=0% gpu_util_max=0% | gpu_mem_mean=2.3/47.8GB
timesteps=9989440 | env_steps/sec=213.3 | episodes/sec=2.55 | gpu_util_mean=0% gpu_util_max=1% | gpu_mem_mean=2.3/47.8GB
timesteps=9990592 | env_steps/sec=216.9 | episodes/sec=4.52 | gpu_util_mean=0% gpu_util_max=1% | gpu_mem_mean=2.3/47.8GB
timesteps=9991680 | env_steps/sec=207.8 | episodes/sec=3.44 | gpu_util_mean=0% gpu_util_max=1% | gpu_mem_mean=2.3/47.8GB
timesteps=9992704 | env_steps/sec=204.3 | episodes/sec=2.19 | gpu_util_mean=0% gpu_util_max=0% | gpu_mem_mean=2.3/47.8GB
timesteps=9993728 | env_steps/sec=202.1 | episodes/sec=4.15 | gpu_util_mean=0% gpu_util_max=1% | gpu_mem_mean=2.3/47.8GB
------------------------------------------------------
| gpu/                                 |             |
|    gpu_count                         | 2           |
|    gpu_mem_total_gb_mean             | 47.8        |
|    gpu_mem_used_gb_mean              | 2.33        |
|    gpu_util_pct_max                  | 1           |
|    gpu_util_pct_mean                 | 0.5         |
| profile/                             |             |
|    hard/damage_mean                  | 0.361       |
|    hard/defense_damage_pct_mean      | 0.349       |
|    hard/defense_damage_reward_mean   | 0.0419      |
|    hard/defense_destroy_reward_mean  | 0.0122      |
|    hard/defenses_destroyed_mean      | 2.44        |
|    hard/ep_len_mean                  | 61.3        |
|    hard/ep_rew_mean                  | 0.734       |
|    hard/episodes_window              | 200         |
|    hard/freeze_casts_mean            | 2           |
|    hard/freeze_effect_reward_mean    | 0.0731      |
|    hard/frozen_threat_damage_pct_... | 0.0636      |
|    hard/frozen_threat_ticks_mean     | 61.4        |
|    hard/objective_shaping_reward_... | 0.0865      |
|    hard/p_all_spells_used            | 1           |
|    hard/p_damage_ge_90               | 0           |
|    hard/p_stars_ge_2                 | 0.065       |
|    hard/rage_bonus_damage_pct_mean   | 0.0102      |
|    hard/rage_bonus_defense_damage... | 0.00677     |
|    hard/rage_bonus_townhall_damag... | 0.0227      |
|    hard/rage_casts_mean              | 2           |
|    hard/rage_effect_reward_mean      | 0.00355     |
|    hard/score_mean                   | 0.631       |
|    hard/spell_casts_mean             | 4           |
|    hard/spell_shaping_reward_mean    | 0.0767      |
|    hard/spells_remaining_mean        | 0           |
|    hard/stars_mean                   | 0.27        |
|    hard/ticks_mean                   | 609         |
|    hard/townhall_damage_pct_mean     | 0.239       |
|    hard/townhall_damage_reward_mean  | 0.0239      |
|    hard/townhall_destroy_reward_mean | 0.0085      |
|    hard/townhall_destroyed_rate      | 0.17        |
|    hard/truncated_rate               | 0.015       |
|    hard/unused_spell_penalty_mean    | 0           |
|    hard/useful_freeze_casts_mean     | 2           |
|    hard/useful_rage_casts_mean       | 2           |
|    hard/wasted_spell_casts_mean      | 0           |
|    hard/wasted_spell_penalty_mean    | 0           |
|    medium/damage_mean                | 0.863       |
|    medium/defense_damage_pct_mean    | 0.814       |
|    medium/defense_damage_reward_mean | 0.0977      |
|    medium/defense_destroy_reward_... | 0.0192      |
|    medium/defenses_destroyed_mean    | 3.85        |
|    medium/ep_len_mean                | 69          |
|    medium/ep_rew_mean                | 3.4         |
|    medium/episodes_window            | 200         |
|    medium/freeze_casts_mean          | 1.92        |
|    medium/freeze_effect_reward_mean  | 0.0564      |
|    medium/frozen_threat_damage_pc... | 0.0499      |
|    medium/frozen_threat_ticks_mean   | 43.2        |
|    medium/objective_shaping_rewar... | 0.256       |
|    medium/p_all_spells_used          | 0.94        |
|    medium/p_damage_ge_90             | 0.535       |
|    medium/p_stars_ge_2               | 0.905       |
|    medium/rage_bonus_damage_pct_mean | 0.0334      |
|    medium/rage_bonus_defense_dama... | 0.0129      |
|    medium/rage_bonus_townhall_dam... | 0.0942      |
|    medium/rage_casts_mean            | 1.97        |
|    medium/rage_effect_reward_mean    | 0.0117      |
|    medium/score_mean                 | 3.14        |
|    medium/spell_casts_mean           | 3.88        |
|    medium/spell_shaping_reward_mean  | 0.0645      |
|    medium/spells_remaining_mean      | 0.12        |
|    medium/stars_mean                 | 2.28        |
|    medium/ticks_mean                 | 685         |
|    medium/townhall_damage_pct_mean   | 0.934       |
|    medium/townhall_damage_reward_... | 0.0934      |
|    medium/townhall_destroy_reward... | 0.0457      |
|    medium/townhall_destroyed_rate    | 0.915       |
|    medium/truncated_rate             | 0.105       |
|    medium/unused_spell_penalty_mean  | 0.0036      |
|    medium/useful_freeze_casts_mean   | 1.92        |
|    medium/useful_rage_casts_mean     | 1.97        |
|    medium/wasted_spell_casts_mean    | 0           |
|    medium/wasted_spell_penalty_mean  | 0           |
| rollout/                             |             |
|    ep_len_mean                       | 63.9        |
|    ep_rew_mean                       | 1.41        |
| throughput/                          |             |
|    env_steps_per_sec                 | 202         |
|    episodes_per_sec                  | 4.15        |
| time/                                |             |
|    fps                               | 202         |
|    iterations                        | 60          |
|    time_elapsed                      | 9717        |
|    total_timesteps                   | 9994240     |
| train/                               |             |
|    approx_kl                         | 0.009160837 |
|    clip_fraction                     | 0.0541      |
|    clip_range                        | 0.2         |
|    entropy_loss                      | -4.13       |
|    explained_variance                | 0.918       |
|    learning_rate                     | 0.0001      |
|    loss                              | -0.0321     |
|    n_updates                         | 3040        |
|    policy_gradient_loss              | -0.0135     |
|    value_loss                        | 0.0559      |
------------------------------------------------------
timesteps=9994304 | env_steps/sec=79.1 | episodes/sec=1.37 | gpu_util_mean=16% gpu_util_max=33% | gpu_mem_mean=2.3/47.8GB
timesteps=9995392 | env_steps/sec=207.6 | episodes/sec=3.43 | gpu_util_mean=0% gpu_util_max=1% | gpu_mem_mean=2.3/47.8GB
timesteps=9996544 | env_steps/sec=219.9 | episodes/sec=2.67 | gpu_util_mean=0% gpu_util_max=1% | gpu_mem_mean=2.3/47.8GB
timesteps=9997632 | env_steps/sec=210.1 | episodes/sec=4.44 | gpu_util_mean=0% gpu_util_max=0% | gpu_mem_mean=2.3/47.8GB
timesteps=9998720 | env_steps/sec=206.4 | episodes/sec=2.47 | gpu_util_mean=0% gpu_util_max=1% | gpu_mem_mean=2.3/47.8GB
timesteps=9999808 | env_steps/sec=210.8 | episodes/sec=2.91 | gpu_util_mean=0% gpu_util_max=1% | gpu_mem_mean=2.3/47.8GB
timesteps=10000832 | env_steps/sec=201.8 | episodes/sec=3.35 | gpu_util_mean=0% gpu_util_max=1% | gpu_mem_mean=2.3/47.8GB
timesteps=10001920 | env_steps/sec=208.3 | episodes/sec=3.83 | gpu_util_mean=0% gpu_util_max=1% | gpu_mem_mean=2.3/47.8GB
timesteps=10002944 | env_steps/sec=201.8 | episodes/sec=2.76 | gpu_util_mean=0% gpu_util_max=1% | gpu_mem_mean=2.3/47.8GB
timesteps=10004032 | env_steps/sec=213.8 | episodes/sec=3.73 | gpu_util_mean=17% gpu_util_max=34% | gpu_mem_mean=2.3/47.8GB
timesteps=10005120 | env_steps/sec=207.8 | episodes/sec=3.82 | gpu_util_mean=0% gpu_util_max=1% | gpu_mem_mean=2.3/47.8GB
timesteps=10006208 | env_steps/sec=206.8 | episodes/sec=2.85 | gpu_util_mean=0% gpu_util_max=0% | gpu_mem_mean=2.3/47.8GB
timesteps=10007232 | env_steps/sec=204.3 | episodes/sec=2.79 | gpu_util_mean=0% gpu_util_max=1% | gpu_mem_mean=2.3/47.8GB
timesteps=10008320 | env_steps/sec=211.5 | episodes/sec=3.50 | gpu_util_mean=0% gpu_util_max=0% | gpu_mem_mean=2.3/47.8GB
timesteps=10009408 | env_steps/sec=205.5 | episodes/sec=3.78 | gpu_util_mean=0% gpu_util_max=1% | gpu_mem_mean=2.3/47.8GB
timesteps=10010496 | env_steps/sec=215.1 | episodes/sec=2.77 | gpu_util_mean=0% gpu_util_max=1% | gpu_mem_mean=2.3/47.8GB
timesteps=10011584 | env_steps/sec=207.2 | episodes/sec=3.05 | gpu_util_mean=0% gpu_util_max=1% | gpu_mem_mean=2.3/47.8GB
timesteps=10012672 | env_steps/sec=216.4 | episodes/sec=4.18 | gpu_util_mean=0% gpu_util_max=0% | gpu_mem_mean=2.3/47.8GB
timesteps=10013760 | env_steps/sec=213.7 | episodes/sec=3.14 | gpu_util_mean=0% gpu_util_max=0% | gpu_mem_mean=2.3/47.8GB
timesteps=10014912 | env_steps/sec=217.2 | episodes/sec=3.39 | gpu_util_mean=0% gpu_util_max=1% | gpu_mem_mean=2.3/47.8GB
timesteps=10016000 | env_steps/sec=212.6 | episodes/sec=2.54 | gpu_util_mean=0% gpu_util_max=0% | gpu_mem_mean=2.3/47.8GB
timesteps=10017088 | env_steps/sec=210.9 | episodes/sec=4.26 | gpu_util_mean=0% gpu_util_max=1% | gpu_mem_mean=2.3/47.8GB
timesteps=10018112 | env_steps/sec=200.4 | episodes/sec=2.74 | gpu_util_mean=0% gpu_util_max=0% | gpu_mem_mean=2.3/47.8GB
timesteps=10019136 | env_steps/sec=204.3 | episodes/sec=3.39 | gpu_util_mean=0% gpu_util_max=0% | gpu_mem_mean=2.3/47.8GB
timesteps=10020224 | env_steps/sec=210.4 | episodes/sec=3.48 | gpu_util_mean=0% gpu_util_max=0% | gpu_mem_mean=2.3/47.8GB
timesteps=10021312 | env_steps/sec=216.2 | episodes/sec=3.78 | gpu_util_mean=0% gpu_util_max=1% | gpu_mem_mean=2.3/47.8GB
timesteps=10022400 | env_steps/sec=208.7 | episodes/sec=2.69 | gpu_util_mean=0% gpu_util_max=1% | gpu_mem_mean=2.3/47.8GB
timesteps=10023488 | env_steps/sec=210.0 | episodes/sec=3.67 | gpu_util_mean=0% gpu_util_max=1% | gpu_mem_mean=2.3/47.8GB
timesteps=10024576 | env_steps/sec=206.1 | episodes/sec=3.41 | gpu_util_mean=0% gpu_util_max=1% | gpu_mem_mean=2.3/47.8GB
timesteps=10025600 | env_steps/sec=202.2 | episodes/sec=3.55 | gpu_util_mean=0% gpu_util_max=0% | gpu_mem_mean=2.3/47.8GB
timesteps=10026624 | env_steps/sec=203.4 | episodes/sec=2.38 | gpu_util_mean=0% gpu_util_max=1% | gpu_mem_mean=2.3/47.8GB
------------------------------------------------------
| gpu/                                 |             |
|    gpu_count                         | 2           |
|    gpu_mem_total_gb_mean             | 47.8        |
|    gpu_mem_used_gb_mean              | 2.33        |
|    gpu_util_pct_max                  | 1           |
|    gpu_util_pct_mean                 | 0.5         |
| profile/                             |             |
|    hard/damage_mean                  | 0.339       |
|    hard/defense_damage_pct_mean      | 0.339       |
|    hard/defense_damage_reward_mean   | 0.0407      |
|    hard/defense_destroy_reward_mean  | 0.0115      |
|    hard/defenses_destroyed_mean      | 2.29        |
|    hard/ep_len_mean                  | 61          |
|    hard/ep_rew_mean                  | 0.607       |
|    hard/episodes_window              | 200         |
|    hard/freeze_casts_mean            | 2           |
|    hard/freeze_effect_reward_mean    | 0.0738      |
|    hard/frozen_threat_damage_pct_... | 0.0632      |
|    hard/frozen_threat_ticks_mean     | 61.1        |
|    hard/objective_shaping_reward_... | 0.072       |
|    hard/p_all_spells_used            | 0.995       |
|    hard/p_damage_ge_90               | 0           |
|    hard/p_stars_ge_2                 | 0.055       |
|    hard/rage_bonus_damage_pct_mean   | 0.00888     |
|    hard/rage_bonus_defense_damage... | 0.00797     |
|    hard/rage_bonus_townhall_damag... | 0.01        |
|    hard/rage_casts_mean              | 1.99        |
|    hard/rage_effect_reward_mean      | 0.00311     |
|    hard/score_mean                   | 0.519       |
|    hard/spell_casts_mean             | 3.99        |
|    hard/spell_shaping_reward_mean    | 0.0766      |
|    hard/spells_remaining_mean        | 0.01        |
|    hard/stars_mean                   | 0.18        |
|    hard/ticks_mean                   | 606         |
|    hard/townhall_damage_pct_mean     | 0.154       |
|    hard/townhall_damage_reward_mean  | 0.0154      |
|    hard/townhall_destroy_reward_mean | 0.0045      |
|    hard/townhall_destroyed_rate      | 0.09        |
|    hard/truncated_rate               | 0.015       |
|    hard/unused_spell_penalty_mean    | 0.0003      |
|    hard/useful_freeze_casts_mean     | 2           |
|    hard/useful_rage_casts_mean       | 1.99        |
|    hard/wasted_spell_casts_mean      | 0           |
|    hard/wasted_spell_penalty_mean    | 0           |
|    medium/damage_mean                | 0.851       |
|    medium/defense_damage_pct_mean    | 0.794       |
|    medium/defense_damage_reward_mean | 0.0953      |
|    medium/defense_destroy_reward_... | 0.0186      |
|    medium/defenses_destroyed_mean    | 3.73        |
|    medium/ep_len_mean                | 69.7        |
|    medium/ep_rew_mean                | 3.27        |
|    medium/episodes_window            | 200         |
|    medium/freeze_casts_mean          | 1.95        |
|    medium/freeze_effect_reward_mean  | 0.0579      |
|    medium/frozen_threat_damage_pc... | 0.0506      |
|    medium/frozen_threat_ticks_mean   | 43.2        |
|    medium/objective_shaping_rewar... | 0.248       |
|    medium/p_all_spells_used          | 0.965       |
|    medium/p_damage_ge_90             | 0.525       |
|    medium/p_stars_ge_2               | 0.87        |
|    medium/rage_bonus_damage_pct_mean | 0.0334      |
|    medium/rage_bonus_defense_dama... | 0.0148      |
|    medium/rage_bonus_townhall_dam... | 0.0932      |
|    medium/rage_casts_mean            | 2           |
|    medium/rage_effect_reward_mean    | 0.0117      |
|    medium/score_mean                 | 3.02        |
|    medium/spell_casts_mean           | 3.94        |
|    medium/spell_shaping_reward_mean  | 0.0679      |
|    medium/spells_remaining_mean      | 0.055       |
|    medium/stars_mean                 | 2.17        |
|    medium/ticks_mean                 | 693         |
|    medium/townhall_damage_pct_mean   | 0.905       |
|    medium/townhall_damage_reward_... | 0.0905      |
|    medium/townhall_destroy_reward... | 0.0437      |
|    medium/townhall_destroyed_rate    | 0.875       |
|    medium/truncated_rate             | 0.1         |
|    medium/unused_spell_penalty_mean  | 0.00165     |
|    medium/useful_freeze_casts_mean   | 1.95        |
|    medium/useful_rage_casts_mean     | 2           |
|    medium/wasted_spell_casts_mean    | 0           |
|    medium/wasted_spell_penalty_mean  | 0           |
| rollout/                             |             |
|    ep_len_mean                       | 61.5        |
|    ep_rew_mean                       | 1.26        |
| throughput/                          |             |
|    env_steps_per_sec                 | 203         |
|    episodes_per_sec                  | 2.38        |
| time/                                |             |
|    fps                               | 202         |
|    iterations                        | 61          |
|    time_elapsed                      | 9878        |
|    total_timesteps                   | 10027008    |
| train/                               |             |
|    approx_kl                         | 0.008234033 |
|    clip_fraction                     | 0.0379      |
|    clip_range                        | 0.2         |
|    entropy_loss                      | -4.1        |
|    explained_variance                | 0.916       |
|    learning_rate                     | 0.0001      |
|    loss                              | -0.036      |
|    n_updates                         | 3050        |
|    policy_gradient_loss              | -0.0129     |
|    value_loss                        | 0.0585      |
------------------------------------------------------
timesteps=10027072 | env_steps/sec=66.1 | episodes/sec=1.33 | gpu_util_mean=0% gpu_util_max=1% | gpu_mem_mean=2.3/47.8GB
timesteps=10028160 | env_steps/sec=210.3 | episodes/sec=2.90 | gpu_util_mean=0% gpu_util_max=0% | gpu_mem_mean=2.3/47.8GB
timesteps=10029248 | env_steps/sec=215.6 | episodes/sec=3.96 | gpu_util_mean=0% gpu_util_max=1% | gpu_mem_mean=2.3/47.8GB
timesteps=10030336 | env_steps/sec=209.1 | episodes/sec=3.46 | gpu_util_mean=0% gpu_util_max=1% | gpu_mem_mean=2.3/47.8GB
timesteps=10031424 | env_steps/sec=213.9 | episodes/sec=2.75 | gpu_util_mean=0% gpu_util_max=0% | gpu_mem_mean=2.3/47.8GB
timesteps=10032576 | env_steps/sec=220.7 | episodes/sec=3.64 | gpu_util_mean=0% gpu_util_max=0% | gpu_mem_mean=2.3/47.8GB
timesteps=10033664 | env_steps/sec=212.5 | episodes/sec=3.71 | gpu_util_mean=0% gpu_util_max=1% | gpu_mem_mean=2.3/47.8GB
timesteps=10034752 | env_steps/sec=206.4 | episodes/sec=2.66 | gpu_util_mean=0% gpu_util_max=0% | gpu_mem_mean=2.3/47.8GB
timesteps=10035776 | env_steps/sec=204.2 | episodes/sec=2.79 | gpu_util_mean=0% gpu_util_max=1% | gpu_mem_mean=2.3/47.8GB
timesteps=10036864 | env_steps/sec=216.1 | episodes/sec=4.17 | gpu_util_mean=16% gpu_util_max=33% | gpu_mem_mean=2.3/47.8GB
timesteps=10037952 | env_steps/sec=208.6 | episodes/sec=3.26 | gpu_util_mean=0% gpu_util_max=1% | gpu_mem_mean=2.3/47.8GB
timesteps=10039040 | env_steps/sec=214.5 | episodes/sec=1.97 | gpu_util_mean=0% gpu_util_max=1% | gpu_mem_mean=2.3/47.8GB
timesteps=10040192 | env_steps/sec=218.8 | episodes/sec=4.75 | gpu_util_mean=0% gpu_util_max=1% | gpu_mem_mean=2.3/47.8GB
timesteps=10041280 | env_steps/sec=217.0 | episodes/sec=4.39 | gpu_util_mean=0% gpu_util_max=1% | gpu_mem_mean=2.3/47.8GB
timesteps=10042368 | env_steps/sec=205.4 | episodes/sec=2.27 | gpu_util_mean=0% gpu_util_max=1% | gpu_mem_mean=2.3/47.8GB
timesteps=10043456 | env_steps/sec=208.1 | episodes/sec=2.87 | gpu_util_mean=0% gpu_util_max=1% | gpu_mem_mean=2.3/47.8GB
timesteps=10044544 | env_steps/sec=211.6 | episodes/sec=4.28 | gpu_util_mean=0% gpu_util_max=1% | gpu_mem_mean=2.3/47.8GB
timesteps=10045632 | env_steps/sec=209.1 | episodes/sec=4.23 | gpu_util_mean=0% gpu_util_max=1% | gpu_mem_mean=2.3/47.8GB
timesteps=10046720 | env_steps/sec=206.1 | episodes/sec=1.52 | gpu_util_mean=0% gpu_util_max=1% | gpu_mem_mean=2.3/47.8GB
timesteps=10047808 | env_steps/sec=213.4 | episodes/sec=3.92 | gpu_util_mean=0% gpu_util_max=0% | gpu_mem_mean=2.3/47.8GB
timesteps=10048896 | env_steps/sec=211.6 | episodes/sec=4.08 | gpu_util_mean=0% gpu_util_max=1% | gpu_mem_mean=2.3/47.8GB
timesteps=10049984 | env_steps/sec=207.1 | episodes/sec=3.05 | gpu_util_mean=0% gpu_util_max=1% | gpu_mem_mean=2.3/47.8GB
timesteps=10051072 | env_steps/sec=212.9 | episodes/sec=2.54 | gpu_util_mean=0% gpu_util_max=1% | gpu_mem_mean=2.3/47.8GB
timesteps=10052160 | env_steps/sec=207.9 | episodes/sec=3.63 | gpu_util_mean=0% gpu_util_max=0% | gpu_mem_mean=2.3/47.8GB
timesteps=10053248 | env_steps/sec=208.5 | episodes/sec=3.64 | gpu_util_mean=0% gpu_util_max=0% | gpu_mem_mean=2.3/47.8GB
timesteps=10054336 | env_steps/sec=207.5 | episodes/sec=3.05 | gpu_util_mean=0% gpu_util_max=0% | gpu_mem_mean=2.3/47.8GB
timesteps=10055424 | env_steps/sec=208.7 | episodes/sec=3.26 | gpu_util_mean=0% gpu_util_max=0% | gpu_mem_mean=2.3/47.8GB
timesteps=10056512 | env_steps/sec=212.4 | episodes/sec=2.73 | gpu_util_mean=0% gpu_util_max=0% | gpu_mem_mean=2.3/47.8GB
timesteps=10057600 | env_steps/sec=213.0 | episodes/sec=3.72 | gpu_util_mean=0% gpu_util_max=1% | gpu_mem_mean=2.3/47.8GB
timesteps=10058688 | env_steps/sec=214.4 | episodes/sec=3.94 | gpu_util_mean=0% gpu_util_max=0% | gpu_mem_mean=2.3/47.8GB
timesteps=10059776 | env_steps/sec=212.0 | episodes/sec=2.92 | gpu_util_mean=0% gpu_util_max=1% | gpu_mem_mean=2.3/47.8GB
------------------------------------------------------
| gpu/                                 |             |
|    gpu_count                         | 2           |
|    gpu_mem_total_gb_mean             | 47.8        |
|    gpu_mem_used_gb_mean              | 2.33        |
|    gpu_util_pct_max                  | 1           |
|    gpu_util_pct_mean                 | 0.5         |
| profile/                             |             |
|    hard/damage_mean                  | 0.343       |
|    hard/defense_damage_pct_mean      | 0.338       |
|    hard/defense_damage_reward_mean   | 0.0406      |
|    hard/defense_destroy_reward_mean  | 0.0116      |
|    hard/defenses_destroyed_mean      | 2.32        |
|    hard/ep_len_mean                  | 61.2        |
|    hard/ep_rew_mean                  | 0.66        |
|    hard/episodes_window              | 200         |
|    hard/freeze_casts_mean            | 2           |
|    hard/freeze_effect_reward_mean    | 0.0745      |
|    hard/frozen_threat_damage_pct_... | 0.0647      |
|    hard/frozen_threat_ticks_mean     | 62.7        |
|    hard/objective_shaping_reward_... | 0.0803      |
|    hard/p_all_spells_used            | 1           |
|    hard/p_damage_ge_90               | 0           |
|    hard/p_stars_ge_2                 | 0.07        |
|    hard/rage_bonus_damage_pct_mean   | 0.00951     |
|    hard/rage_bonus_defense_damage... | 0.00728     |
|    hard/rage_bonus_townhall_damag... | 0.0165      |
|    hard/rage_casts_mean              | 2           |
|    hard/rage_effect_reward_mean      | 0.00333     |
|    hard/score_mean                   | 0.563       |
|    hard/spell_casts_mean             | 4           |
|    hard/spell_shaping_reward_mean    | 0.0778      |
|    hard/spells_remaining_mean        | 0           |
|    hard/stars_mean                   | 0.22        |
|    hard/ticks_mean                   | 608         |
|    hard/townhall_damage_pct_mean     | 0.214       |
|    hard/townhall_damage_reward_mean  | 0.0214      |
|    hard/townhall_destroy_reward_mean | 0.00675     |
|    hard/townhall_destroyed_rate      | 0.135       |
|    hard/truncated_rate               | 0.02        |
|    hard/unused_spell_penalty_mean    | 0           |
|    hard/useful_freeze_casts_mean     | 2           |
|    hard/useful_rage_casts_mean       | 2           |
|    hard/wasted_spell_casts_mean      | 0           |
|    hard/wasted_spell_penalty_mean    | 0           |
|    medium/damage_mean                | 0.847       |
|    medium/defense_damage_pct_mean    | 0.795       |
|    medium/defense_damage_reward_mean | 0.0954      |
|    medium/defense_destroy_reward_... | 0.0185      |
|    medium/defenses_destroyed_mean    | 3.7         |
|    medium/ep_len_mean                | 69.9        |
|    medium/ep_rew_mean                | 3.31        |
|    medium/episodes_window            | 200         |
|    medium/freeze_casts_mean          | 1.93        |
|    medium/freeze_effect_reward_mean  | 0.0554      |
|    medium/frozen_threat_damage_pc... | 0.0489      |
|    medium/frozen_threat_ticks_mean   | 41.8        |
|    medium/objective_shaping_rewar... | 0.25        |
|    medium/p_all_spells_used          | 0.96        |
|    medium/p_damage_ge_90             | 0.51        |
|    medium/p_stars_ge_2               | 0.885       |
|    medium/rage_bonus_damage_pct_mean | 0.0333      |
|    medium/rage_bonus_defense_dama... | 0.0144      |
|    medium/rage_bonus_townhall_dam... | 0.0915      |
|    medium/rage_casts_mean            | 1.99        |
|    medium/rage_effect_reward_mean    | 0.0117      |
|    medium/score_mean                 | 3.06        |
|    medium/spell_casts_mean           | 3.92        |
|    medium/spell_shaping_reward_mean  | 0.0645      |
|    medium/spells_remaining_mean      | 0.085       |
|    medium/stars_mean                 | 2.21        |
|    medium/ticks_mean                 | 695         |
|    medium/townhall_damage_pct_mean   | 0.911       |
|    medium/townhall_damage_reward_... | 0.0911      |
|    medium/townhall_destroy_reward... | 0.0447      |
|    medium/townhall_destroyed_rate    | 0.895       |
|    medium/truncated_rate             | 0.09        |
|    medium/unused_spell_penalty_mean  | 0.00255     |
|    medium/useful_freeze_casts_mean   | 1.93        |
|    medium/useful_rage_casts_mean     | 1.99        |
|    medium/wasted_spell_casts_mean    | 0           |
|    medium/wasted_spell_penalty_mean  | 0           |
| rollout/                             |             |
|    ep_len_mean                       | 63.5        |
|    ep_rew_mean                       | 1.29        |
| throughput/                          |             |
|    env_steps_per_sec                 | 212         |
|    episodes_per_sec                  | 2.92        |
| time/                                |             |
|    fps                               | 202         |
|    iterations                        | 62          |
|    time_elapsed                      | 10038       |
|    total_timesteps                   | 10059776    |
| train/                               |             |
|    approx_kl                         | 0.008353229 |
|    clip_fraction                     | 0.0536      |
|    clip_range                        | 0.2         |
|    entropy_loss                      | -4.13       |
|    explained_variance                | 0.911       |
|    learning_rate                     | 0.0001      |
|    loss                              | -0.0328     |
|    n_updates                         | 3060        |
|    policy_gradient_loss              | -0.013      |
|    value_loss                        | 0.0562      |
------------------------------------------------------
timesteps=10059904 | env_steps/sec=24.4 | episodes/sec=0.19 | gpu_util_mean=1% gpu_util_max=1% | gpu_mem_mean=2.3/47.8GB
