wandb: [wandb.login()] Loaded credentials for https://api.wandb.ai from WANDB_API_KEY.
wandb: Currently logged in as: jmc314 (jmc314-lumenary-com) to https://api.wandb.ai. Use `wandb login --relogin` to force relogin
wandb: setting up run spell_medium_hard_thbuf_seed60_gpu0_20260517_202807
wandb: Tracking run with wandb version 0.27.0
wandb: Run data is saved locally in /workspace/ClashAI/wandb/run-20260517_202809-spell_medium_hard_thbuf_seed60_gpu0_20260517_202807
wandb: Run `wandb offline` to turn off syncing.
wandb: Syncing run spell_medium_hard_thbuf_seed60_gpu0_20260517_202807
wandb: ⭐️ View project at https://wandb.ai/jmc314-lumenary-com/ClashAI
wandb: 🚀 View run at https://wandb.ai/jmc314-lumenary-com/ClashAI/runs/spell_medium_hard_thbuf_seed60_gpu0_20260517_202807
Using cuda device
training profiles=medium,hard eval_profiles=medium,hard workers=96 device=cuda timesteps=5000000 run=spell_medium_hard_thbuf_seed60_gpu0_20260517_202807
Logging to runs/maskable_ppo/spell_medium_hard_thbuf_seed60_gpu0_20260517_202807_1
timesteps=384 | env_steps/sec=74.2 | episodes/sec=0.00 | gpu_util_mean=0% gpu_util_max=0% | gpu_mem_mean=1.6/47.8GB
timesteps=1920 | env_steps/sec=296.7 | episodes/sec=0.00 | gpu_util_mean=0% gpu_util_max=0% | gpu_mem_mean=1.6/47.8GB
timesteps=3552 | env_steps/sec=308.0 | episodes/sec=0.00 | gpu_util_mean=0% gpu_util_max=0% | gpu_mem_mean=1.6/47.8GB
timesteps=4992 | env_steps/sec=266.0 | episodes/sec=0.00 | gpu_util_mean=0% gpu_util_max=1% | gpu_mem_mean=1.6/47.8GB
timesteps=7008 | env_steps/sec=385.1 | episodes/sec=14.52 | gpu_util_mean=0% gpu_util_max=1% | gpu_mem_mean=1.6/47.8GB
timesteps=8736 | env_steps/sec=335.9 | episodes/sec=3.89 | gpu_util_mean=0% gpu_util_max=1% | gpu_mem_mean=1.6/47.8GB
timesteps=10080 | env_steps/sec=255.2 | episodes/sec=0.00 | gpu_util_mean=0% gpu_util_max=0% | gpu_mem_mean=1.6/47.8GB
timesteps=11520 | env_steps/sec=275.2 | episodes/sec=2.48 | gpu_util_mean=0% gpu_util_max=1% | gpu_mem_mean=1.6/47.8GB
timesteps=13344 | env_steps/sec=364.8 | episodes/sec=10.00 | gpu_util_mean=0% gpu_util_max=0% | gpu_mem_mean=1.6/47.8GB
timesteps=15168 | env_steps/sec=347.2 | episodes/sec=5.52 | gpu_util_mean=0% gpu_util_max=0% | gpu_mem_mean=1.6/47.8GB
timesteps=16704 | env_steps/sec=303.8 | episodes/sec=0.40 | gpu_util_mean=0% gpu_util_max=0% | gpu_mem_mean=1.6/47.8GB
timesteps=18336 | env_steps/sec=320.0 | episodes/sec=5.88 | gpu_util_mean=1% gpu_util_max=1% | gpu_mem_mean=1.6/47.8GB
timesteps=20064 | env_steps/sec=330.0 | episodes/sec=5.54 | gpu_util_mean=0% gpu_util_max=0% | gpu_mem_mean=1.6/47.8GB
timesteps=21792 | env_steps/sec=338.0 | episodes/sec=4.89 | gpu_util_mean=0% gpu_util_max=1% | gpu_mem_mean=1.6/47.8GB
timesteps=23424 | env_steps/sec=326.2 | episodes/sec=3.40 | gpu_util_mean=0% gpu_util_max=0% | gpu_mem_mean=1.6/47.8GB
timesteps=25152 | env_steps/sec=336.2 | episodes/sec=5.64 | gpu_util_mean=0% gpu_util_max=1% | gpu_mem_mean=1.6/47.8GB
timesteps=26880 | env_steps/sec=327.6 | episodes/sec=4.17 | gpu_util_mean=1% gpu_util_max=1% | gpu_mem_mean=1.6/47.8GB
timesteps=28416 | env_steps/sec=295.0 | episodes/sec=5.19 | gpu_util_mean=0% gpu_util_max=1% | gpu_mem_mean=1.6/47.8GB
timesteps=29952 | env_steps/sec=291.9 | episodes/sec=4.56 | gpu_util_mean=0% gpu_util_max=0% | gpu_mem_mean=1.6/47.8GB
timesteps=31488 | env_steps/sec=295.7 | episodes/sec=4.24 | gpu_util_mean=0% gpu_util_max=0% | gpu_mem_mean=1.6/47.8GB
timesteps=33216 | env_steps/sec=330.5 | episodes/sec=4.21 | gpu_util_mean=0% gpu_util_max=1% | gpu_mem_mean=1.6/47.8GB
timesteps=34752 | env_steps/sec=296.2 | episodes/sec=4.44 | gpu_util_mean=0% gpu_util_max=1% | gpu_mem_mean=1.6/47.8GB
timesteps=36192 | env_steps/sec=280.7 | episodes/sec=4.29 | gpu_util_mean=0% gpu_util_max=0% | gpu_mem_mean=1.6/47.8GB
timesteps=37824 | env_steps/sec=324.9 | episodes/sec=4.58 | gpu_util_mean=0% gpu_util_max=1% | gpu_mem_mean=1.6/47.8GB
timesteps=39360 | env_steps/sec=300.7 | episodes/sec=3.72 | gpu_util_mean=0% gpu_util_max=1% | gpu_mem_mean=1.6/47.8GB
timesteps=40992 | env_steps/sec=313.4 | episodes/sec=4.22 | gpu_util_mean=0% gpu_util_max=1% | gpu_mem_mean=1.6/47.8GB
timesteps=42624 | env_steps/sec=309.1 | episodes/sec=5.11 | gpu_util_mean=0% gpu_util_max=0% | gpu_mem_mean=1.6/47.8GB
timesteps=44256 | env_steps/sec=311.1 | episodes/sec=4.57 | gpu_util_mean=0% gpu_util_max=0% | gpu_mem_mean=1.6/47.8GB
timesteps=45792 | env_steps/sec=302.4 | episodes/sec=3.35 | gpu_util_mean=0% gpu_util_max=0% | gpu_mem_mean=1.6/47.8GB
timesteps=47328 | env_steps/sec=301.9 | episodes/sec=3.14 | gpu_util_mean=0% gpu_util_max=1% | gpu_mem_mean=1.6/47.8GB
timesteps=48960 | env_steps/sec=319.2 | episodes/sec=6.06 | gpu_util_mean=0% gpu_util_max=0% | gpu_mem_mean=1.6/47.8GB
----------------------------------------
| gpu/                      |          |
|    gpu_count              | 2        |
|    gpu_mem_total_gb_mean  | 47.8     |
|    gpu_mem_used_gb_mean   | 1.59     |
|    gpu_util_pct_max       | 0        |
|    gpu_util_pct_mean      | 0        |
| profile/                  |          |
|    hard/damage_mean       | 0.217    |
|    hard/ep_len_mean       | 65.4     |
|    hard/ep_rew_mean       | 0.162    |
|    hard/episodes_window   | 200      |
|    hard/p_damage_ge_90    | 0        |
|    hard/p_stars_ge_2      | 0.005    |
|    hard/score_mean        | 0.227    |
|    hard/stars_mean        | 0.01     |
|    hard/ticks_mean        | 650      |
|    hard/truncated_rate    | 0.01     |
|    medium/damage_mean     | 0.546    |
|    medium/ep_len_mean     | 75       |
|    medium/ep_rew_mean     | 1.3      |
|    medium/episodes_window | 200      |
|    medium/p_damage_ge_90  | 0.05     |
|    medium/p_stars_ge_2    | 0.295    |
|    medium/score_mean      | 1.37     |
|    medium/stars_mean      | 0.825    |
|    medium/ticks_mean      | 746      |
|    medium/truncated_rate  | 0.175    |
| rollout/                  |          |
|    ep_len_mean            | 70.6     |
|    ep_rew_mean            | 0.711    |
| throughput/               |          |
|    env_steps_per_sec      | 319      |
|    episodes_per_sec       | 6.06     |
| time/                     |          |
|    fps                    | 305      |
|    iterations             | 1        |
|    time_elapsed           | 161      |
|    total_timesteps        | 49152    |
----------------------------------------
timesteps=49248 | env_steps/sec=20.7 | episodes/sec=0.29 | gpu_util_mean=0% gpu_util_max=0% | gpu_mem_mean=2.3/47.8GB
timesteps=50976 | env_steps/sec=332.6 | episodes/sec=5.77 | gpu_util_mean=0% gpu_util_max=1% | gpu_mem_mean=2.3/47.8GB
timesteps=52608 | env_steps/sec=320.4 | episodes/sec=2.94 | gpu_util_mean=0% gpu_util_max=0% | gpu_mem_mean=2.3/47.8GB
timesteps=54144 | env_steps/sec=299.5 | episodes/sec=5.26 | gpu_util_mean=0% gpu_util_max=0% | gpu_mem_mean=2.3/47.8GB
timesteps=55872 | env_steps/sec=345.4 | episodes/sec=4.80 | gpu_util_mean=0% gpu_util_max=0% | gpu_mem_mean=2.3/47.8GB
timesteps=57600 | env_steps/sec=338.1 | episodes/sec=5.28 | gpu_util_mean=0% gpu_util_max=1% | gpu_mem_mean=2.3/47.8GB
timesteps=59136 | env_steps/sec=302.5 | episodes/sec=4.14 | gpu_util_mean=0% gpu_util_max=0% | gpu_mem_mean=2.3/47.8GB
timesteps=60768 | env_steps/sec=323.2 | episodes/sec=4.95 | gpu_util_mean=0% gpu_util_max=0% | gpu_mem_mean=2.3/47.8GB
timesteps=62304 | env_steps/sec=305.7 | episodes/sec=4.38 | gpu_util_mean=0% gpu_util_max=1% | gpu_mem_mean=2.3/47.8GB
timesteps=63936 | env_steps/sec=317.7 | episodes/sec=4.67 | gpu_util_mean=0% gpu_util_max=0% | gpu_mem_mean=2.3/47.8GB
timesteps=65472 | env_steps/sec=300.4 | episodes/sec=4.11 | gpu_util_mean=0% gpu_util_max=0% | gpu_mem_mean=2.3/47.8GB
timesteps=67104 | env_steps/sec=319.3 | episodes/sec=3.91 | gpu_util_mean=1% gpu_util_max=1% | gpu_mem_mean=2.3/47.8GB
timesteps=68736 | env_steps/sec=320.2 | episodes/sec=5.69 | gpu_util_mean=0% gpu_util_max=0% | gpu_mem_mean=2.3/47.8GB
timesteps=70368 | env_steps/sec=318.3 | episodes/sec=3.51 | gpu_util_mean=1% gpu_util_max=1% | gpu_mem_mean=2.3/47.8GB
timesteps=72000 | env_steps/sec=312.4 | episodes/sec=4.98 | gpu_util_mean=0% gpu_util_max=1% | gpu_mem_mean=2.3/47.8GB
timesteps=73728 | env_steps/sec=329.1 | episodes/sec=4.19 | gpu_util_mean=1% gpu_util_max=1% | gpu_mem_mean=2.3/47.8GB
timesteps=75456 | env_steps/sec=328.8 | episodes/sec=5.14 | gpu_util_mean=1% gpu_util_max=1% | gpu_mem_mean=2.3/47.8GB
timesteps=77184 | env_steps/sec=334.7 | episodes/sec=5.62 | gpu_util_mean=0% gpu_util_max=1% | gpu_mem_mean=2.3/47.8GB
timesteps=78720 | env_steps/sec=302.6 | episodes/sec=3.74 | gpu_util_mean=0% gpu_util_max=1% | gpu_mem_mean=2.3/47.8GB
timesteps=80352 | env_steps/sec=314.4 | episodes/sec=4.82 | gpu_util_mean=0% gpu_util_max=0% | gpu_mem_mean=2.3/47.8GB
timesteps=81792 | env_steps/sec=283.8 | episodes/sec=4.53 | gpu_util_mean=0% gpu_util_max=0% | gpu_mem_mean=2.3/47.8GB
timesteps=83424 | env_steps/sec=312.4 | episodes/sec=4.02 | gpu_util_mean=0% gpu_util_max=1% | gpu_mem_mean=2.3/47.8GB
timesteps=84960 | env_steps/sec=300.6 | episodes/sec=4.50 | gpu_util_mean=0% gpu_util_max=1% | gpu_mem_mean=2.3/47.8GB
timesteps=86592 | env_steps/sec=309.2 | episodes/sec=4.74 | gpu_util_mean=0% gpu_util_max=0% | gpu_mem_mean=2.3/47.8GB
timesteps=88224 | env_steps/sec=315.3 | episodes/sec=4.64 | gpu_util_mean=0% gpu_util_max=1% | gpu_mem_mean=2.3/47.8GB
timesteps=89856 | env_steps/sec=317.4 | episodes/sec=4.67 | gpu_util_mean=0% gpu_util_max=1% | gpu_mem_mean=2.3/47.8GB
timesteps=91584 | env_steps/sec=334.6 | episodes/sec=4.84 | gpu_util_mean=0% gpu_util_max=1% | gpu_mem_mean=2.3/47.8GB
timesteps=93216 | env_steps/sec=321.3 | episodes/sec=3.94 | gpu_util_mean=0% gpu_util_max=1% | gpu_mem_mean=2.3/47.8GB
timesteps=94944 | env_steps/sec=332.5 | episodes/sec=4.43 | gpu_util_mean=0% gpu_util_max=1% | gpu_mem_mean=2.3/47.8GB
timesteps=96672 | env_steps/sec=329.4 | episodes/sec=5.53 | gpu_util_mean=0% gpu_util_max=0% | gpu_mem_mean=2.3/47.8GB
timesteps=98304 | env_steps/sec=323.8 | episodes/sec=4.36 | gpu_util_mean=0% gpu_util_max=1% | gpu_mem_mean=2.3/47.8GB
-------------------------------------------
| gpu/                      |             |
|    gpu_count              | 2           |
|    gpu_mem_total_gb_mean  | 47.8        |
|    gpu_mem_used_gb_mean   | 2.33        |
|    gpu_util_pct_max       | 1           |
|    gpu_util_pct_mean      | 0.5         |
| profile/                  |             |
|    hard/damage_mean       | 0.23        |
|    hard/ep_len_mean       | 65.5        |
|    hard/ep_rew_mean       | 0.165       |
|    hard/episodes_window   | 200         |
|    hard/p_damage_ge_90    | 0           |
|    hard/p_stars_ge_2      | 0           |
|    hard/score_mean        | 0.23        |
|    hard/stars_mean        | 0           |
|    hard/ticks_mean        | 651         |
|    hard/truncated_rate    | 0.04        |
|    medium/damage_mean     | 0.508       |
|    medium/ep_len_mean     | 72.6        |
|    medium/ep_rew_mean     | 1.16        |
|    medium/episodes_window | 200         |
|    medium/p_damage_ge_90  | 0.035       |
|    medium/p_stars_ge_2    | 0.26        |
|    medium/score_mean      | 1.23        |
|    medium/stars_mean      | 0.725       |
|    medium/ticks_mean      | 723         |
|    medium/truncated_rate  | 0.135       |
| rollout/                  |             |
|    ep_len_mean            | 69          |
|    ep_rew_mean            | 0.63        |
| throughput/               |             |
|    env_steps_per_sec      | 324         |
|    episodes_per_sec       | 4.36        |
| time/                     |             |
|    fps                    | 299         |
|    iterations             | 2           |
|    time_elapsed           | 328         |
|    total_timesteps        | 98304       |
| train/                    |             |
|    approx_kl              | 0.018782498 |
|    clip_fraction          | 0.191       |
|    clip_range             | 0.2         |
|    entropy_loss           | -5.77       |
|    explained_variance     | -0.0322     |
|    learning_rate          | 0.0003      |
|    loss                   | -0.0727     |
|    n_updates              | 10          |
|    policy_gradient_loss   | -0.0298     |
|    value_loss             | 0.0645      |
-------------------------------------------
timesteps=98400 | env_steps/sec=6.5 | episodes/sec=0.27 | gpu_util_mean=0% gpu_util_max=1% | gpu_mem_mean=2.3/47.8GB
timesteps=100128 | env_steps/sec=331.8 | episodes/sec=4.61 | gpu_util_mean=0% gpu_util_max=1% | gpu_mem_mean=2.3/47.8GB
timesteps=101664 | env_steps/sec=305.7 | episodes/sec=4.58 | gpu_util_mean=0% gpu_util_max=0% | gpu_mem_mean=2.3/47.8GB
timesteps=103296 | env_steps/sec=313.0 | episodes/sec=4.22 | gpu_util_mean=0% gpu_util_max=0% | gpu_mem_mean=2.3/47.8GB
timesteps=104928 | env_steps/sec=323.2 | episodes/sec=4.55 | gpu_util_mean=0% gpu_util_max=0% | gpu_mem_mean=2.3/47.8GB
timesteps=106560 | env_steps/sec=320.6 | episodes/sec=4.13 | gpu_util_mean=1% gpu_util_max=1% | gpu_mem_mean=2.3/47.8GB
timesteps=108192 | env_steps/sec=324.2 | episodes/sec=4.57 | gpu_util_mean=0% gpu_util_max=1% | gpu_mem_mean=2.3/47.8GB
timesteps=109824 | env_steps/sec=317.0 | episodes/sec=5.24 | gpu_util_mean=0% gpu_util_max=1% | gpu_mem_mean=2.3/47.8GB
timesteps=111456 | env_steps/sec=316.5 | episodes/sec=4.46 | gpu_util_mean=0% gpu_util_max=1% | gpu_mem_mean=2.3/47.8GB
timesteps=113184 | env_steps/sec=329.1 | episodes/sec=4.38 | gpu_util_mean=0% gpu_util_max=0% | gpu_mem_mean=2.3/47.8GB
timesteps=114816 | env_steps/sec=316.4 | episodes/sec=3.88 | gpu_util_mean=1% gpu_util_max=1% | gpu_mem_mean=2.3/47.8GB
timesteps=116448 | env_steps/sec=323.2 | episodes/sec=6.54 | gpu_util_mean=0% gpu_util_max=1% | gpu_mem_mean=2.3/47.8GB
timesteps=118080 | env_steps/sec=317.2 | episodes/sec=3.50 | gpu_util_mean=0% gpu_util_max=1% | gpu_mem_mean=2.3/47.8GB
timesteps=119712 | env_steps/sec=320.4 | episodes/sec=3.73 | gpu_util_mean=0% gpu_util_max=1% | gpu_mem_mean=2.3/47.8GB
timesteps=121344 | env_steps/sec=316.6 | episodes/sec=5.04 | gpu_util_mean=0% gpu_util_max=1% | gpu_mem_mean=2.3/47.8GB
timesteps=122976 | env_steps/sec=312.4 | episodes/sec=6.13 | gpu_util_mean=0% gpu_util_max=0% | gpu_mem_mean=2.3/47.8GB
timesteps=124512 | env_steps/sec=292.1 | episodes/sec=3.80 | gpu_util_mean=0% gpu_util_max=0% | gpu_mem_mean=2.3/47.8GB
timesteps=126048 | env_steps/sec=295.3 | episodes/sec=2.69 | gpu_util_mean=0% gpu_util_max=0% | gpu_mem_mean=2.3/47.8GB
timesteps=127680 | env_steps/sec=320.8 | episodes/sec=5.50 | gpu_util_mean=0% gpu_util_max=1% | gpu_mem_mean=2.3/47.8GB
timesteps=129312 | env_steps/sec=313.5 | episodes/sec=4.99 | gpu_util_mean=0% gpu_util_max=1% | gpu_mem_mean=2.3/47.8GB
timesteps=130848 | env_steps/sec=301.6 | episodes/sec=5.69 | gpu_util_mean=0% gpu_util_max=1% | gpu_mem_mean=2.3/47.8GB
timesteps=132480 | env_steps/sec=307.4 | episodes/sec=2.64 | gpu_util_mean=0% gpu_util_max=1% | gpu_mem_mean=2.3/47.8GB
timesteps=134016 | env_steps/sec=294.2 | episodes/sec=3.26 | gpu_util_mean=0% gpu_util_max=1% | gpu_mem_mean=2.3/47.8GB
timesteps=135648 | env_steps/sec=318.1 | episodes/sec=5.65 | gpu_util_mean=0% gpu_util_max=1% | gpu_mem_mean=2.3/47.8GB
timesteps=137088 | env_steps/sec=284.0 | episodes/sec=4.54 | gpu_util_mean=0% gpu_util_max=1% | gpu_mem_mean=2.3/47.8GB
timesteps=138624 | env_steps/sec=298.1 | episodes/sec=4.08 | gpu_util_mean=0% gpu_util_max=1% | gpu_mem_mean=2.3/47.8GB
timesteps=140160 | env_steps/sec=300.9 | episodes/sec=3.92 | gpu_util_mean=0% gpu_util_max=0% | gpu_mem_mean=2.3/47.8GB
timesteps=141792 | env_steps/sec=311.1 | episodes/sec=4.19 | gpu_util_mean=0% gpu_util_max=1% | gpu_mem_mean=2.3/47.8GB
timesteps=143424 | env_steps/sec=323.5 | episodes/sec=5.75 | gpu_util_mean=0% gpu_util_max=0% | gpu_mem_mean=2.3/47.8GB
timesteps=145056 | env_steps/sec=316.8 | episodes/sec=5.24 | gpu_util_mean=0% gpu_util_max=1% | gpu_mem_mean=2.3/47.8GB
timesteps=146592 | env_steps/sec=298.1 | episodes/sec=3.49 | gpu_util_mean=0% gpu_util_max=0% | gpu_mem_mean=2.3/47.8GB
-------------------------------------------
| gpu/                      |             |
|    gpu_count              | 2           |
|    gpu_mem_total_gb_mean  | 47.8        |
|    gpu_mem_used_gb_mean   | 2.33        |
|    gpu_util_pct_max       | 0           |
|    gpu_util_pct_mean      | 0           |
| profile/                  |             |
|    hard/damage_mean       | 0.231       |
|    hard/ep_len_mean       | 65.1        |
|    hard/ep_rew_mean       | 0.167       |
|    hard/episodes_window   | 200         |
|    hard/p_damage_ge_90    | 0           |
|    hard/p_stars_ge_2      | 0           |
|    hard/score_mean        | 0.231       |
|    hard/stars_mean        | 0           |
|    hard/ticks_mean        | 646         |
|    hard/truncated_rate    | 0.025       |
|    medium/damage_mean     | 0.535       |
|    medium/ep_len_mean     | 73.5        |
|    medium/ep_rew_mean     | 1.28        |
|    medium/episodes_window | 200         |
|    medium/p_damage_ge_90  | 0.04        |
|    medium/p_stars_ge_2    | 0.29        |
|    medium/score_mean      | 1.36        |
|    medium/stars_mean      | 0.82        |
|    medium/ticks_mean      | 731         |
|    medium/truncated_rate  | 0.125       |
| rollout/                  |             |
|    ep_len_mean            | 68.3        |
|    ep_rew_mean            | 0.592       |
| throughput/               |             |
|    env_steps_per_sec      | 298         |
|    episodes_per_sec       | 3.49        |
| time/                     |             |
|    fps                    | 294         |
|    iterations             | 3           |
|    time_elapsed           | 500         |
|    total_timesteps        | 147456      |
| train/                    |             |
|    approx_kl              | 0.021039104 |
|    clip_fraction          | 0.216       |
|    clip_range             | 0.2         |
|    entropy_loss           | -5.64       |
|    explained_variance     | 0.379       |
|    learning_rate          | 0.0003      |
|    loss                   | -0.078      |
|    n_updates              | 20          |
|    policy_gradient_loss   | -0.029      |
|    value_loss             | 0.0573      |
-------------------------------------------
timesteps=147552 | env_steps/sec=25.0 | episodes/sec=0.31 | gpu_util_mean=0% gpu_util_max=0% | gpu_mem_mean=2.3/47.8GB
timesteps=149184 | env_steps/sec=320.6 | episodes/sec=5.50 | gpu_util_mean=0% gpu_util_max=1% | gpu_mem_mean=2.3/47.8GB
timesteps=150912 | env_steps/sec=331.4 | episodes/sec=3.26 | gpu_util_mean=0% gpu_util_max=1% | gpu_mem_mean=2.3/47.8GB
timesteps=152544 | env_steps/sec=321.4 | episodes/sec=4.92 | gpu_util_mean=0% gpu_util_max=0% | gpu_mem_mean=2.3/47.8GB
timesteps=154176 | env_steps/sec=310.2 | episodes/sec=5.32 | gpu_util_mean=0% gpu_util_max=1% | gpu_mem_mean=2.3/47.8GB
timesteps=155808 | env_steps/sec=309.1 | episodes/sec=3.41 | gpu_util_mean=0% gpu_util_max=0% | gpu_mem_mean=2.3/47.8GB
timesteps=157440 | env_steps/sec=324.2 | episodes/sec=4.57 | gpu_util_mean=0% gpu_util_max=0% | gpu_mem_mean=2.3/47.8GB
timesteps=159072 | env_steps/sec=319.8 | episodes/sec=5.68 | gpu_util_mean=0% gpu_util_max=0% | gpu_mem_mean=2.3/47.8GB
timesteps=160704 | env_steps/sec=311.7 | episodes/sec=4.20 | gpu_util_mean=0% gpu_util_max=1% | gpu_mem_mean=2.3/47.8GB
timesteps=162336 | env_steps/sec=305.8 | episodes/sec=3.94 | gpu_util_mean=0% gpu_util_max=1% | gpu_mem_mean=2.3/47.8GB
timesteps=163872 | env_steps/sec=292.8 | episodes/sec=3.24 | gpu_util_mean=0% gpu_util_max=1% | gpu_mem_mean=2.3/47.8GB
timesteps=165504 | env_steps/sec=307.8 | episodes/sec=6.60 | gpu_util_mean=0% gpu_util_max=1% | gpu_mem_mean=2.3/47.8GB
timesteps=167136 | env_steps/sec=320.8 | episodes/sec=4.32 | gpu_util_mean=0% gpu_util_max=1% | gpu_mem_mean=2.3/47.8GB
timesteps=168672 | env_steps/sec=299.5 | episodes/sec=3.70 | gpu_util_mean=0% gpu_util_max=0% | gpu_mem_mean=2.3/47.8GB
timesteps=170208 | env_steps/sec=305.1 | episodes/sec=4.17 | gpu_util_mean=0% gpu_util_max=1% | gpu_mem_mean=2.3/47.8GB
timesteps=171744 | env_steps/sec=301.2 | episodes/sec=4.71 | gpu_util_mean=1% gpu_util_max=1% | gpu_mem_mean=2.3/47.8GB
timesteps=173376 | env_steps/sec=309.4 | episodes/sec=4.55 | gpu_util_mean=0% gpu_util_max=0% | gpu_mem_mean=2.3/47.8GB
timesteps=175008 | env_steps/sec=315.1 | episodes/sec=4.05 | gpu_util_mean=0% gpu_util_max=0% | gpu_mem_mean=2.3/47.8GB
timesteps=176640 | env_steps/sec=313.6 | episodes/sec=4.42 | gpu_util_mean=0% gpu_util_max=0% | gpu_mem_mean=2.3/47.8GB
timesteps=178176 | env_steps/sec=294.2 | episodes/sec=4.21 | gpu_util_mean=0% gpu_util_max=1% | gpu_mem_mean=2.3/47.8GB
timesteps=179712 | env_steps/sec=293.9 | episodes/sec=6.31 | gpu_util_mean=0% gpu_util_max=1% | gpu_mem_mean=2.3/47.8GB
timesteps=181344 | env_steps/sec=311.7 | episodes/sec=3.25 | gpu_util_mean=0% gpu_util_max=1% | gpu_mem_mean=2.3/47.8GB
timesteps=182976 | env_steps/sec=318.1 | episodes/sec=4.68 | gpu_util_mean=0% gpu_util_max=0% | gpu_mem_mean=2.3/47.8GB
timesteps=184512 | env_steps/sec=303.3 | episodes/sec=4.15 | gpu_util_mean=0% gpu_util_max=1% | gpu_mem_mean=2.3/47.8GB
timesteps=186048 | env_steps/sec=301.6 | episodes/sec=3.73 | gpu_util_mean=0% gpu_util_max=0% | gpu_mem_mean=2.3/47.8GB
timesteps=187584 | env_steps/sec=296.9 | episodes/sec=5.22 | gpu_util_mean=0% gpu_util_max=1% | gpu_mem_mean=2.3/47.8GB
timesteps=189312 | env_steps/sec=339.8 | episodes/sec=4.72 | gpu_util_mean=18% gpu_util_max=37% | gpu_mem_mean=2.3/47.8GB
timesteps=190944 | env_steps/sec=319.9 | episodes/sec=4.70 | gpu_util_mean=1% gpu_util_max=1% | gpu_mem_mean=2.3/47.8GB
timesteps=192576 | env_steps/sec=322.5 | episodes/sec=5.14 | gpu_util_mean=0% gpu_util_max=1% | gpu_mem_mean=2.3/47.8GB
timesteps=194112 | env_steps/sec=297.9 | episodes/sec=4.65 | gpu_util_mean=0% gpu_util_max=0% | gpu_mem_mean=2.3/47.8GB
timesteps=195744 | env_steps/sec=309.9 | episodes/sec=3.42 | gpu_util_mean=0% gpu_util_max=0% | gpu_mem_mean=2.3/47.8GB
-------------------------------------------
| gpu/                      |             |
|    gpu_count              | 2           |
|    gpu_mem_total_gb_mean  | 47.8        |
|    gpu_mem_used_gb_mean   | 2.33        |
|    gpu_util_pct_max       | 0           |
|    gpu_util_pct_mean      | 0           |
| profile/                  |             |
|    hard/damage_mean       | 0.223       |
|    hard/ep_len_mean       | 64.9        |
|    hard/ep_rew_mean       | 0.159       |
|    hard/episodes_window   | 200         |
|    hard/p_damage_ge_90    | 0           |
|    hard/p_stars_ge_2      | 0           |
|    hard/score_mean        | 0.223       |
|    hard/stars_mean        | 0           |
|    hard/ticks_mean        | 645         |
|    hard/truncated_rate    | 0.015       |
|    medium/damage_mean     | 0.535       |
|    medium/ep_len_mean     | 73          |
|    medium/ep_rew_mean     | 1.26        |
|    medium/episodes_window | 200         |
|    medium/p_damage_ge_90  | 0.04        |
|    medium/p_stars_ge_2    | 0.24        |
|    medium/score_mean      | 1.34        |
|    medium/stars_mean      | 0.8         |
|    medium/ticks_mean      | 726         |
|    medium/truncated_rate  | 0.165       |
| rollout/                  |             |
|    ep_len_mean            | 68.3        |
|    ep_rew_mean            | 0.674       |
| throughput/               |             |
|    env_steps_per_sec      | 310         |
|    episodes_per_sec       | 3.42        |
| time/                     |             |
|    fps                    | 283         |
|    iterations             | 4           |
|    time_elapsed           | 693         |
|    total_timesteps        | 196608      |
| train/                    |             |
|    approx_kl              | 0.014423017 |
|    clip_fraction          | 0.181       |
|    clip_range             | 0.2         |
|    entropy_loss           | -5.57       |
|    explained_variance     | 0.517       |
|    learning_rate          | 0.0003      |
|    loss                   | -0.0651     |
|    n_updates              | 30          |
|    policy_gradient_loss   | -0.0283     |
|    value_loss             | 0.0678      |
-------------------------------------------
timesteps=196704 | env_steps/sec=19.8 | episodes/sec=0.35 | gpu_util_mean=0% gpu_util_max=1% | gpu_mem_mean=2.3/47.8GB
timesteps=198144 | env_steps/sec=286.0 | episodes/sec=4.57 | gpu_util_mean=0% gpu_util_max=0% | gpu_mem_mean=2.3/47.8GB
timesteps=199776 | env_steps/sec=307.2 | episodes/sec=3.95 | gpu_util_mean=1% gpu_util_max=1% | gpu_mem_mean=2.3/47.8GB
timesteps=201408 | env_steps/sec=318.3 | episodes/sec=4.49 | gpu_util_mean=0% gpu_util_max=1% | gpu_mem_mean=2.3/47.8GB
timesteps=203136 | env_steps/sec=325.1 | episodes/sec=4.89 | gpu_util_mean=0% gpu_util_max=1% | gpu_mem_mean=2.3/47.8GB
timesteps=204768 | env_steps/sec=310.5 | episodes/sec=4.57 | gpu_util_mean=0% gpu_util_max=1% | gpu_mem_mean=2.3/47.8GB
timesteps=206400 | env_steps/sec=307.9 | episodes/sec=4.53 | gpu_util_mean=0% gpu_util_max=1% | gpu_mem_mean=2.3/47.8GB
timesteps=207936 | env_steps/sec=301.1 | episodes/sec=4.12 | gpu_util_mean=0% gpu_util_max=1% | gpu_mem_mean=2.3/47.8GB
timesteps=209568 | env_steps/sec=314.6 | episodes/sec=3.86 | gpu_util_mean=0% gpu_util_max=1% | gpu_mem_mean=2.3/47.8GB
timesteps=211200 | env_steps/sec=319.1 | episodes/sec=5.47 | gpu_util_mean=0% gpu_util_max=1% | gpu_mem_mean=2.3/47.8GB
timesteps=212832 | env_steps/sec=317.2 | episodes/sec=5.25 | gpu_util_mean=0% gpu_util_max=0% | gpu_mem_mean=2.3/47.8GB
timesteps=214464 | env_steps/sec=319.5 | episodes/sec=4.11 | gpu_util_mean=0% gpu_util_max=1% | gpu_mem_mean=2.3/47.8GB
timesteps=216096 | env_steps/sec=311.1 | episodes/sec=4.38 | gpu_util_mean=0% gpu_util_max=0% | gpu_mem_mean=2.3/47.8GB
timesteps=217728 | env_steps/sec=314.2 | episodes/sec=4.43 | gpu_util_mean=0% gpu_util_max=1% | gpu_mem_mean=2.3/47.8GB
timesteps=219360 | env_steps/sec=315.4 | episodes/sec=5.41 | gpu_util_mean=0% gpu_util_max=1% | gpu_mem_mean=2.3/47.8GB
timesteps=220896 | env_steps/sec=303.7 | episodes/sec=4.35 | gpu_util_mean=0% gpu_util_max=1% | gpu_mem_mean=2.3/47.8GB
timesteps=222432 | env_steps/sec=298.2 | episodes/sec=3.69 | gpu_util_mean=0% gpu_util_max=0% | gpu_mem_mean=2.3/47.8GB
timesteps=224064 | env_steps/sec=309.7 | episodes/sec=5.50 | gpu_util_mean=0% gpu_util_max=1% | gpu_mem_mean=2.3/47.8GB
timesteps=225696 | env_steps/sec=313.4 | episodes/sec=3.84 | gpu_util_mean=2% gpu_util_max=4% | gpu_mem_mean=2.3/47.8GB
timesteps=227520 | env_steps/sec=351.7 | episodes/sec=5.21 | gpu_util_mean=18% gpu_util_max=37% | gpu_mem_mean=2.3/47.8GB
timesteps=229248 | env_steps/sec=328.3 | episodes/sec=4.18 | gpu_util_mean=0% gpu_util_max=0% | gpu_mem_mean=2.3/47.8GB
timesteps=230976 | env_steps/sec=327.3 | episodes/sec=5.68 | gpu_util_mean=0% gpu_util_max=1% | gpu_mem_mean=2.3/47.8GB
timesteps=232608 | env_steps/sec=311.5 | episodes/sec=4.39 | gpu_util_mean=1% gpu_util_max=1% | gpu_mem_mean=2.3/47.8GB
timesteps=234240 | env_steps/sec=318.4 | episodes/sec=3.32 | gpu_util_mean=0% gpu_util_max=0% | gpu_mem_mean=2.3/47.8GB
timesteps=235776 | env_steps/sec=300.5 | episodes/sec=5.48 | gpu_util_mean=0% gpu_util_max=0% | gpu_mem_mean=2.3/47.8GB
timesteps=237312 | env_steps/sec=305.7 | episodes/sec=4.78 | gpu_util_mean=0% gpu_util_max=1% | gpu_mem_mean=2.3/47.8GB
timesteps=238944 | env_steps/sec=312.7 | episodes/sec=4.60 | gpu_util_mean=0% gpu_util_max=1% | gpu_mem_mean=2.3/47.8GB
timesteps=240576 | env_steps/sec=316.8 | episodes/sec=3.69 | gpu_util_mean=0% gpu_util_max=1% | gpu_mem_mean=2.3/47.8GB
timesteps=242208 | env_steps/sec=314.1 | episodes/sec=3.46 | gpu_util_mean=0% gpu_util_max=1% | gpu_mem_mean=2.3/47.8GB
timesteps=243840 | env_steps/sec=319.6 | episodes/sec=6.07 | gpu_util_mean=0% gpu_util_max=1% | gpu_mem_mean=2.3/47.8GB
timesteps=245472 | env_steps/sec=313.3 | episodes/sec=5.38 | gpu_util_mean=0% gpu_util_max=0% | gpu_mem_mean=2.3/47.8GB
-------------------------------------------
| gpu/                      |             |
|    gpu_count              | 2           |
|    gpu_mem_total_gb_mean  | 47.8        |
|    gpu_mem_used_gb_mean   | 2.33        |
|    gpu_util_pct_max       | 0           |
|    gpu_util_pct_mean      | 0           |
| profile/                  |             |
|    hard/damage_mean       | 0.218       |
|    hard/ep_len_mean       | 64.9        |
|    hard/ep_rew_mean       | 0.158       |
|    hard/episodes_window   | 200         |
|    hard/p_damage_ge_90    | 0           |
|    hard/p_stars_ge_2      | 0           |
|    hard/score_mean        | 0.223       |
|    hard/stars_mean        | 0.005       |
|    hard/ticks_mean        | 644         |
|    hard/truncated_rate    | 0.035       |
|    medium/damage_mean     | 0.54        |
|    medium/ep_len_mean     | 73.3        |
|    medium/ep_rew_mean     | 1.31        |
|    medium/episodes_window | 200         |
|    medium/p_damage_ge_90  | 0.05        |
|    medium/p_stars_ge_2    | 0.29        |
|    medium/score_mean      | 1.38        |
|    medium/stars_mean      | 0.84        |
|    medium/ticks_mean      | 729         |
|    medium/truncated_rate  | 0.165       |
| rollout/                  |             |
|    ep_len_mean            | 69.1        |
|    ep_rew_mean            | 0.7         |
| throughput/               |             |
|    env_steps_per_sec      | 313         |
|    episodes_per_sec       | 5.38        |
| time/                     |             |
|    fps                    | 274         |
|    iterations             | 5           |
|    time_elapsed           | 896         |
|    total_timesteps        | 245760      |
| train/                    |             |
|    approx_kl              | 0.014710155 |
|    clip_fraction          | 0.176       |
|    clip_range             | 0.2         |
|    entropy_loss           | -5.55       |
|    explained_variance     | 0.549       |
|    learning_rate          | 0.0003      |
|    loss                   | -0.0565     |
|    n_updates              | 40          |
|    policy_gradient_loss   | -0.0261     |
|    value_loss             | 0.0702      |
-------------------------------------------
timesteps=245856 | env_steps/sec=12.5 | episodes/sec=0.10 | gpu_util_mean=0% gpu_util_max=1% | gpu_mem_mean=2.3/47.8GB
timesteps=247488 | env_steps/sec=314.7 | episodes/sec=3.66 | gpu_util_mean=0% gpu_util_max=1% | gpu_mem_mean=2.3/47.8GB
timesteps=249120 | env_steps/sec=325.3 | episodes/sec=5.18 | gpu_util_mean=1% gpu_util_max=1% | gpu_mem_mean=2.3/47.8GB
timesteps=250752 | env_steps/sec=318.5 | episodes/sec=4.29 | gpu_util_mean=0% gpu_util_max=0% | gpu_mem_mean=2.3/47.8GB
timesteps=252480 | env_steps/sec=328.1 | episodes/sec=5.13 | gpu_util_mean=0% gpu_util_max=0% | gpu_mem_mean=2.3/47.8GB
timesteps=254016 | env_steps/sec=295.6 | episodes/sec=3.66 | gpu_util_mean=0% gpu_util_max=0% | gpu_mem_mean=2.3/47.8GB
timesteps=255552 | env_steps/sec=291.1 | episodes/sec=5.69 | gpu_util_mean=0% gpu_util_max=1% | gpu_mem_mean=2.3/47.8GB
timesteps=257088 | env_steps/sec=300.8 | episodes/sec=2.74 | gpu_util_mean=0% gpu_util_max=1% | gpu_mem_mean=2.3/47.8GB
timesteps=258720 | env_steps/sec=315.2 | episodes/sec=5.41 | gpu_util_mean=0% gpu_util_max=0% | gpu_mem_mean=2.3/47.8GB
timesteps=260256 | env_steps/sec=282.8 | episodes/sec=4.05 | gpu_util_mean=0% gpu_util_max=0% | gpu_mem_mean=2.3/47.8GB
timesteps=261888 | env_steps/sec=311.3 | episodes/sec=4.96 | gpu_util_mean=0% gpu_util_max=0% | gpu_mem_mean=2.3/47.8GB
timesteps=263424 | env_steps/sec=296.1 | episodes/sec=3.08 | gpu_util_mean=0% gpu_util_max=1% | gpu_mem_mean=2.3/47.8GB
timesteps=265056 | env_steps/sec=311.7 | episodes/sec=5.16 | gpu_util_mean=0% gpu_util_max=1% | gpu_mem_mean=2.3/47.8GB
timesteps=266784 | env_steps/sec=328.4 | episodes/sec=4.94 | gpu_util_mean=0% gpu_util_max=1% | gpu_mem_mean=2.3/47.8GB
timesteps=268416 | env_steps/sec=310.6 | episodes/sec=5.14 | gpu_util_mean=18% gpu_util_max=34% | gpu_mem_mean=2.3/47.8GB
timesteps=270048 | env_steps/sec=324.2 | episodes/sec=2.98 | gpu_util_mean=18% gpu_util_max=36% | gpu_mem_mean=2.3/47.8GB
timesteps=271680 | env_steps/sec=322.5 | episodes/sec=6.13 | gpu_util_mean=0% gpu_util_max=0% | gpu_mem_mean=2.3/47.8GB
timesteps=273312 | env_steps/sec=314.0 | episodes/sec=4.81 | gpu_util_mean=0% gpu_util_max=1% | gpu_mem_mean=2.3/47.8GB
timesteps=275040 | env_steps/sec=330.6 | episodes/sec=3.83 | gpu_util_mean=0% gpu_util_max=1% | gpu_mem_mean=2.3/47.8GB
timesteps=276576 | env_steps/sec=306.1 | episodes/sec=4.18 | gpu_util_mean=0% gpu_util_max=1% | gpu_mem_mean=2.3/47.8GB
timesteps=278112 | env_steps/sec=297.0 | episodes/sec=5.22 | gpu_util_mean=0% gpu_util_max=1% | gpu_mem_mean=2.3/47.8GB
timesteps=279648 | env_steps/sec=295.4 | episodes/sec=3.85 | gpu_util_mean=0% gpu_util_max=1% | gpu_mem_mean=2.3/47.8GB
timesteps=281184 | env_steps/sec=299.5 | episodes/sec=4.10 | gpu_util_mean=1% gpu_util_max=1% | gpu_mem_mean=2.3/47.8GB
timesteps=282816 | env_steps/sec=317.3 | episodes/sec=4.86 | gpu_util_mean=0% gpu_util_max=1% | gpu_mem_mean=2.3/47.8GB
timesteps=284448 | env_steps/sec=307.8 | episodes/sec=4.53 | gpu_util_mean=0% gpu_util_max=0% | gpu_mem_mean=2.3/47.8GB
timesteps=285984 | env_steps/sec=302.3 | episodes/sec=3.54 | gpu_util_mean=0% gpu_util_max=1% | gpu_mem_mean=2.3/47.8GB
timesteps=287616 | env_steps/sec=313.9 | episodes/sec=5.19 | gpu_util_mean=0% gpu_util_max=1% | gpu_mem_mean=2.3/47.8GB
timesteps=289152 | env_steps/sec=305.5 | episodes/sec=5.57 | gpu_util_mean=0% gpu_util_max=1% | gpu_mem_mean=2.3/47.8GB
timesteps=290784 | env_steps/sec=308.6 | episodes/sec=3.03 | gpu_util_mean=0% gpu_util_max=0% | gpu_mem_mean=2.3/47.8GB
timesteps=292224 | env_steps/sec=286.1 | episodes/sec=3.38 | gpu_util_mean=0% gpu_util_max=0% | gpu_mem_mean=2.3/47.8GB
timesteps=293856 | env_steps/sec=321.4 | episodes/sec=4.73 | gpu_util_mean=0% gpu_util_max=1% | gpu_mem_mean=2.3/47.8GB
------------------------------------------
| gpu/                      |            |
|    gpu_count              | 2          |
|    gpu_mem_total_gb_mean  | 47.8       |
|    gpu_mem_used_gb_mean   | 2.33       |
|    gpu_util_pct_max       | 1          |
|    gpu_util_pct_mean      | 0.5        |
| profile/                  |            |
|    hard/damage_mean       | 0.215      |
|    hard/ep_len_mean       | 64.6       |
|    hard/ep_rew_mean       | 0.15       |
|    hard/episodes_window   | 200        |
|    hard/p_damage_ge_90    | 0          |
|    hard/p_stars_ge_2      | 0          |
|    hard/score_mean        | 0.215      |
|    hard/stars_mean        | 0          |
|    hard/ticks_mean        | 642        |
|    hard/truncated_rate    | 0.035      |
|    medium/damage_mean     | 0.538      |
|    medium/ep_len_mean     | 74         |
|    medium/ep_rew_mean     | 1.24       |
|    medium/episodes_window | 200        |
|    medium/p_damage_ge_90  | 0.025      |
|    medium/p_stars_ge_2    | 0.265      |
|    medium/score_mean      | 1.32       |
|    medium/stars_mean      | 0.78       |
|    medium/ticks_mean      | 737        |
|    medium/truncated_rate  | 0.145      |
| rollout/                  |            |
|    ep_len_mean            | 69.9       |
|    ep_rew_mean            | 0.699      |
| throughput/               |            |
|    env_steps_per_sec      | 321        |
|    episodes_per_sec       | 4.73       |
| time/                     |            |
|    fps                    | 272        |
|    iterations             | 6          |
|    time_elapsed           | 1084       |
|    total_timesteps        | 294912     |
| train/                    |            |
|    approx_kl              | 0.01812266 |
|    clip_fraction          | 0.194      |
|    clip_range             | 0.2        |
|    entropy_loss           | -5.56      |
|    explained_variance     | 0.586      |
|    learning_rate          | 0.0003     |
|    loss                   | -0.0613    |
|    n_updates              | 50         |
|    policy_gradient_loss   | -0.0274    |
|    value_loss             | 0.0667     |
------------------------------------------
timesteps=295008 | env_steps/sec=27.1 | episodes/sec=0.49 | gpu_util_mean=0% gpu_util_max=1% | gpu_mem_mean=2.3/47.8GB
timesteps=296544 | env_steps/sec=304.0 | episodes/sec=5.54 | gpu_util_mean=1% gpu_util_max=1% | gpu_mem_mean=2.3/47.8GB
timesteps=298080 | env_steps/sec=304.5 | episodes/sec=3.17 | gpu_util_mean=0% gpu_util_max=0% | gpu_mem_mean=2.3/47.8GB
timesteps=299712 | env_steps/sec=314.6 | episodes/sec=2.70 | gpu_util_mean=0% gpu_util_max=1% | gpu_mem_mean=2.3/47.8GB
timesteps=301344 | env_steps/sec=314.2 | episodes/sec=5.39 | gpu_util_mean=0% gpu_util_max=1% | gpu_mem_mean=2.3/47.8GB
timesteps=302880 | env_steps/sec=304.5 | episodes/sec=5.75 | gpu_util_mean=1% gpu_util_max=1% | gpu_mem_mean=2.3/47.8GB
timesteps=304512 | env_steps/sec=316.3 | episodes/sec=3.68 | gpu_util_mean=0% gpu_util_max=1% | gpu_mem_mean=2.3/47.8GB
timesteps=306048 | env_steps/sec=293.1 | episodes/sec=4.20 | gpu_util_mean=0% gpu_util_max=0% | gpu_mem_mean=2.3/47.8GB
timesteps=307680 | env_steps/sec=325.1 | episodes/sec=5.58 | gpu_util_mean=0% gpu_util_max=1% | gpu_mem_mean=2.3/47.8GB
timesteps=309504 | env_steps/sec=355.5 | episodes/sec=5.46 | gpu_util_mean=16% gpu_util_max=33% | gpu_mem_mean=2.3/47.8GB
timesteps=311136 | env_steps/sec=320.5 | episodes/sec=4.12 | gpu_util_mean=0% gpu_util_max=1% | gpu_mem_mean=2.3/47.8GB
timesteps=312672 | env_steps/sec=307.0 | episodes/sec=4.80 | gpu_util_mean=0% gpu_util_max=1% | gpu_mem_mean=2.3/47.8GB
timesteps=314304 | env_steps/sec=314.2 | episodes/sec=3.47 | gpu_util_mean=0% gpu_util_max=0% | gpu_mem_mean=2.3/47.8GB
timesteps=315936 | env_steps/sec=312.6 | episodes/sec=6.13 | gpu_util_mean=0% gpu_util_max=1% | gpu_mem_mean=2.3/47.8GB
timesteps=317568 | env_steps/sec=309.2 | episodes/sec=3.79 | gpu_util_mean=0% gpu_util_max=0% | gpu_mem_mean=2.3/47.8GB
timesteps=319104 | env_steps/sec=303.3 | episodes/sec=3.75 | gpu_util_mean=0% gpu_util_max=1% | gpu_mem_mean=2.3/47.8GB
timesteps=320640 | env_steps/sec=293.9 | episodes/sec=4.40 | gpu_util_mean=0% gpu_util_max=1% | gpu_mem_mean=2.3/47.8GB
timesteps=322272 | env_steps/sec=317.0 | episodes/sec=5.83 | gpu_util_mean=0% gpu_util_max=1% | gpu_mem_mean=2.3/47.8GB
timesteps=323904 | env_steps/sec=308.5 | episodes/sec=3.97 | gpu_util_mean=0% gpu_util_max=1% | gpu_mem_mean=2.3/47.8GB
timesteps=325440 | env_steps/sec=294.4 | episodes/sec=3.45 | gpu_util_mean=0% gpu_util_max=0% | gpu_mem_mean=2.3/47.8GB
timesteps=327072 | env_steps/sec=314.9 | episodes/sec=4.05 | gpu_util_mean=0% gpu_util_max=1% | gpu_mem_mean=2.3/47.8GB
timesteps=328704 | env_steps/sec=325.5 | episodes/sec=5.38 | gpu_util_mean=0% gpu_util_max=0% | gpu_mem_mean=2.3/47.8GB
timesteps=330336 | env_steps/sec=311.6 | episodes/sec=5.54 | gpu_util_mean=1% gpu_util_max=1% | gpu_mem_mean=2.3/47.8GB
timesteps=331872 | env_steps/sec=301.7 | episodes/sec=4.32 | gpu_util_mean=0% gpu_util_max=0% | gpu_mem_mean=2.3/47.8GB
timesteps=333408 | env_steps/sec=289.0 | episodes/sec=3.39 | gpu_util_mean=0% gpu_util_max=0% | gpu_mem_mean=2.3/47.8GB
timesteps=334944 | env_steps/sec=303.1 | episodes/sec=4.34 | gpu_util_mean=0% gpu_util_max=1% | gpu_mem_mean=2.3/47.8GB
timesteps=336480 | env_steps/sec=301.8 | episodes/sec=5.50 | gpu_util_mean=0% gpu_util_max=1% | gpu_mem_mean=2.3/47.8GB
timesteps=338112 | env_steps/sec=321.2 | episodes/sec=3.94 | gpu_util_mean=0% gpu_util_max=0% | gpu_mem_mean=2.3/47.8GB
timesteps=339648 | env_steps/sec=305.0 | episodes/sec=4.96 | gpu_util_mean=0% gpu_util_max=0% | gpu_mem_mean=2.3/47.8GB
timesteps=341280 | env_steps/sec=308.4 | episodes/sec=4.72 | gpu_util_mean=0% gpu_util_max=1% | gpu_mem_mean=2.3/47.8GB
timesteps=342816 | env_steps/sec=305.2 | episodes/sec=4.57 | gpu_util_mean=1% gpu_util_max=1% | gpu_mem_mean=2.3/47.8GB
-------------------------------------------
| gpu/                      |             |
|    gpu_count              | 2           |
|    gpu_mem_total_gb_mean  | 47.8        |
|    gpu_mem_used_gb_mean   | 2.33        |
|    gpu_util_pct_max       | 1           |
|    gpu_util_pct_mean      | 1           |
| profile/                  |             |
|    hard/damage_mean       | 0.233       |
|    hard/ep_len_mean       | 64.5        |
|    hard/ep_rew_mean       | 0.184       |
|    hard/episodes_window   | 200         |
|    hard/p_damage_ge_90    | 0           |
|    hard/p_stars_ge_2      | 0.005       |
|    hard/score_mean        | 0.248       |
|    hard/stars_mean        | 0.015       |
|    hard/ticks_mean        | 640         |
|    hard/truncated_rate    | 0.015       |
|    medium/damage_mean     | 0.505       |
|    medium/ep_len_mean     | 72.8        |
|    medium/ep_rew_mean     | 1.08        |
|    medium/episodes_window | 200         |
|    medium/p_damage_ge_90  | 0.02        |
|    medium/p_stars_ge_2    | 0.215       |
|    medium/score_mean      | 1.15        |
|    medium/stars_mean      | 0.65        |
|    medium/ticks_mean      | 724         |
|    medium/truncated_rate  | 0.145       |
| rollout/                  |             |
|    ep_len_mean            | 68          |
|    ep_rew_mean            | 0.537       |
| throughput/               |             |
|    env_steps_per_sec      | 305         |
|    episodes_per_sec       | 4.57        |
| time/                     |             |
|    fps                    | 268         |
|    iterations             | 7           |
|    time_elapsed           | 1281        |
|    total_timesteps        | 344064      |
| train/                    |             |
|    approx_kl              | 0.016523954 |
|    clip_fraction          | 0.211       |
|    clip_range             | 0.2         |
|    entropy_loss           | -5.5        |
|    explained_variance     | 0.582       |
|    learning_rate          | 0.0003      |
|    loss                   | -0.0588     |
|    n_updates              | 60          |
|    policy_gradient_loss   | -0.0252     |
|    value_loss             | 0.0627      |
-------------------------------------------
timesteps=344160 | env_steps/sec=68.0 | episodes/sec=0.81 | gpu_util_mean=0% gpu_util_max=0% | gpu_mem_mean=2.3/47.8GB
timesteps=345696 | env_steps/sec=293.0 | episodes/sec=4.58 | gpu_util_mean=0% gpu_util_max=0% | gpu_mem_mean=2.3/47.8GB
timesteps=347232 | env_steps/sec=301.4 | episodes/sec=4.71 | gpu_util_mean=0% gpu_util_max=0% | gpu_mem_mean=2.3/47.8GB
timesteps=348864 | env_steps/sec=317.5 | episodes/sec=3.70 | gpu_util_mean=0% gpu_util_max=1% | gpu_mem_mean=2.3/47.8GB
timesteps=350496 | env_steps/sec=323.0 | episodes/sec=5.15 | gpu_util_mean=0% gpu_util_max=1% | gpu_mem_mean=2.3/47.8GB
timesteps=352128 | env_steps/sec=321.7 | episodes/sec=4.53 | gpu_util_mean=1% gpu_util_max=1% | gpu_mem_mean=2.3/47.8GB
timesteps=353760 | env_steps/sec=311.4 | episodes/sec=4.58 | gpu_util_mean=0% gpu_util_max=0% | gpu_mem_mean=2.3/47.8GB
timesteps=355296 | env_steps/sec=286.6 | episodes/sec=4.11 | gpu_util_mean=0% gpu_util_max=1% | gpu_mem_mean=2.3/47.8GB
timesteps=357024 | env_steps/sec=337.3 | episodes/sec=4.49 | gpu_util_mean=16% gpu_util_max=33% | gpu_mem_mean=2.3/47.8GB
timesteps=358752 | env_steps/sec=335.8 | episodes/sec=5.63 | gpu_util_mean=0% gpu_util_max=1% | gpu_mem_mean=2.3/47.8GB
timesteps=360384 | env_steps/sec=314.2 | episodes/sec=4.43 | gpu_util_mean=0% gpu_util_max=0% | gpu_mem_mean=2.3/47.8GB
timesteps=362016 | env_steps/sec=326.0 | episodes/sec=4.00 | gpu_util_mean=0% gpu_util_max=0% | gpu_mem_mean=2.3/47.8GB
timesteps=363648 | env_steps/sec=308.0 | episodes/sec=4.34 | gpu_util_mean=0% gpu_util_max=1% | gpu_mem_mean=2.3/47.8GB
timesteps=365184 | env_steps/sec=296.1 | episodes/sec=5.78 | gpu_util_mean=0% gpu_util_max=1% | gpu_mem_mean=2.3/47.8GB
timesteps=366816 | env_steps/sec=313.0 | episodes/sec=4.60 | gpu_util_mean=0% gpu_util_max=0% | gpu_mem_mean=2.3/47.8GB
timesteps=368448 | env_steps/sec=313.7 | episodes/sec=3.84 | gpu_util_mean=0% gpu_util_max=1% | gpu_mem_mean=2.3/47.8GB
timesteps=369984 | env_steps/sec=294.5 | episodes/sec=3.64 | gpu_util_mean=0% gpu_util_max=1% | gpu_mem_mean=2.3/47.8GB
timesteps=371616 | env_steps/sec=309.9 | episodes/sec=4.56 | gpu_util_mean=0% gpu_util_max=0% | gpu_mem_mean=2.3/47.8GB
timesteps=373248 | env_steps/sec=321.1 | episodes/sec=5.70 | gpu_util_mean=0% gpu_util_max=0% | gpu_mem_mean=2.3/47.8GB
timesteps=374784 | env_steps/sec=298.5 | episodes/sec=3.89 | gpu_util_mean=0% gpu_util_max=0% | gpu_mem_mean=2.3/47.8GB
timesteps=376320 | env_steps/sec=300.0 | episodes/sec=3.13 | gpu_util_mean=0% gpu_util_max=0% | gpu_mem_mean=2.3/47.8GB
timesteps=377952 | env_steps/sec=320.0 | episodes/sec=5.29 | gpu_util_mean=0% gpu_util_max=0% | gpu_mem_mean=2.3/47.8GB
timesteps=379584 | env_steps/sec=309.9 | episodes/sec=5.32 | gpu_util_mean=0% gpu_util_max=0% | gpu_mem_mean=2.3/47.8GB
timesteps=381216 | env_steps/sec=326.0 | episodes/sec=4.79 | gpu_util_mean=0% gpu_util_max=1% | gpu_mem_mean=2.3/47.8GB
timesteps=382848 | env_steps/sec=306.7 | episodes/sec=3.95 | gpu_util_mean=0% gpu_util_max=0% | gpu_mem_mean=2.3/47.8GB
timesteps=384384 | env_steps/sec=291.0 | episodes/sec=4.17 | gpu_util_mean=0% gpu_util_max=0% | gpu_mem_mean=2.3/47.8GB
timesteps=385920 | env_steps/sec=305.4 | episodes/sec=5.96 | gpu_util_mean=0% gpu_util_max=0% | gpu_mem_mean=2.3/47.8GB
timesteps=387360 | env_steps/sec=282.1 | episodes/sec=3.53 | gpu_util_mean=0% gpu_util_max=0% | gpu_mem_mean=2.3/47.8GB
timesteps=388992 | env_steps/sec=308.6 | episodes/sec=4.54 | gpu_util_mean=0% gpu_util_max=0% | gpu_mem_mean=2.3/47.8GB
timesteps=390624 | env_steps/sec=313.6 | episodes/sec=4.23 | gpu_util_mean=0% gpu_util_max=1% | gpu_mem_mean=2.3/47.8GB
timesteps=392256 | env_steps/sec=310.3 | episodes/sec=4.94 | gpu_util_mean=1% gpu_util_max=1% | gpu_mem_mean=2.3/47.8GB
-------------------------------------------
| gpu/                      |             |
|    gpu_count              | 2           |
|    gpu_mem_total_gb_mean  | 47.8        |
|    gpu_mem_used_gb_mean   | 2.33        |
|    gpu_util_pct_max       | 1           |
|    gpu_util_pct_mean      | 1           |
| profile/                  |             |
|    hard/damage_mean       | 0.231       |
|    hard/ep_len_mean       | 64          |
|    hard/ep_rew_mean       | 0.172       |
|    hard/episodes_window   | 200         |
|    hard/p_damage_ge_90    | 0           |
|    hard/p_stars_ge_2      | 0           |
|    hard/score_mean        | 0.236       |
|    hard/stars_mean        | 0.005       |
|    hard/ticks_mean        | 635         |
|    hard/truncated_rate    | 0.015       |
|    medium/damage_mean     | 0.538       |
|    medium/ep_len_mean     | 72.7        |
|    medium/ep_rew_mean     | 1.31        |
|    medium/episodes_window | 200         |
|    medium/p_damage_ge_90  | 0.03        |
|    medium/p_stars_ge_2    | 0.285       |
|    medium/score_mean      | 1.38        |
|    medium/stars_mean      | 0.845       |
|    medium/ticks_mean      | 723         |
|    medium/truncated_rate  | 0.135       |
| rollout/                  |             |
|    ep_len_mean            | 67.5        |
|    ep_rew_mean            | 0.755       |
| throughput/               |             |
|    env_steps_per_sec      | 310         |
|    episodes_per_sec       | 4.94        |
| time/                     |             |
|    fps                    | 270         |
|    iterations             | 8           |
|    time_elapsed           | 1455        |
|    total_timesteps        | 393216      |
| train/                    |             |
|    approx_kl              | 0.013335223 |
|    clip_fraction          | 0.179       |
|    clip_range             | 0.2         |
|    entropy_loss           | -5.55       |
|    explained_variance     | 0.701       |
|    learning_rate          | 0.0003      |
|    loss                   | -0.0626     |
|    n_updates              | 70          |
|    policy_gradient_loss   | -0.0224     |
|    value_loss             | 0.0602      |
-------------------------------------------
timesteps=393312 | env_steps/sec=46.1 | episodes/sec=0.52 | gpu_util_mean=0% gpu_util_max=1% | gpu_mem_mean=2.3/47.8GB
timesteps=394848 | env_steps/sec=297.1 | episodes/sec=5.42 | gpu_util_mean=0% gpu_util_max=1% | gpu_mem_mean=2.3/47.8GB
timesteps=396480 | env_steps/sec=313.4 | episodes/sec=4.03 | gpu_util_mean=1% gpu_util_max=1% | gpu_mem_mean=2.3/47.8GB
timesteps=398112 | env_steps/sec=308.3 | episodes/sec=4.53 | gpu_util_mean=0% gpu_util_max=0% | gpu_mem_mean=2.3/47.8GB
timesteps=399840 | env_steps/sec=327.8 | episodes/sec=5.12 | gpu_util_mean=0% gpu_util_max=0% | gpu_mem_mean=2.3/47.8GB
timesteps=401472 | env_steps/sec=321.5 | episodes/sec=4.73 | gpu_util_mean=0% gpu_util_max=0% | gpu_mem_mean=2.3/47.8GB
timesteps=403008 | env_steps/sec=305.2 | episodes/sec=4.37 | gpu_util_mean=18% gpu_util_max=34% | gpu_mem_mean=2.3/47.8GB
timesteps=404736 | env_steps/sec=331.3 | episodes/sec=4.60 | gpu_util_mean=0% gpu_util_max=0% | gpu_mem_mean=2.3/47.8GB
timesteps=406272 | env_steps/sec=299.3 | episodes/sec=5.26 | gpu_util_mean=0% gpu_util_max=1% | gpu_mem_mean=2.3/47.8GB
timesteps=407808 | env_steps/sec=306.1 | episodes/sec=4.18 | gpu_util_mean=0% gpu_util_max=1% | gpu_mem_mean=2.3/47.8GB
timesteps=409440 | env_steps/sec=316.1 | episodes/sec=4.65 | gpu_util_mean=0% gpu_util_max=0% | gpu_mem_mean=2.3/47.8GB
timesteps=410976 | env_steps/sec=306.4 | episodes/sec=3.99 | gpu_util_mean=0% gpu_util_max=0% | gpu_mem_mean=2.3/47.8GB
timesteps=412608 | env_steps/sec=315.5 | episodes/sec=5.61 | gpu_util_mean=0% gpu_util_max=1% | gpu_mem_mean=2.3/47.8GB
timesteps=414240 | env_steps/sec=318.5 | episodes/sec=4.68 | gpu_util_mean=0% gpu_util_max=1% | gpu_mem_mean=2.3/47.8GB
timesteps=415776 | env_steps/sec=300.4 | episodes/sec=4.11 | gpu_util_mean=0% gpu_util_max=0% | gpu_mem_mean=2.3/47.8GB
timesteps=417408 | env_steps/sec=309.7 | episodes/sec=4.55 | gpu_util_mean=0% gpu_util_max=0% | gpu_mem_mean=2.3/47.8GB
timesteps=419040 | env_steps/sec=322.3 | episodes/sec=4.74 | gpu_util_mean=0% gpu_util_max=1% | gpu_mem_mean=2.3/47.8GB
timesteps=420672 | env_steps/sec=310.5 | episodes/sec=4.19 | gpu_util_mean=0% gpu_util_max=0% | gpu_mem_mean=2.3/47.8GB
timesteps=422304 | env_steps/sec=319.9 | episodes/sec=5.29 | gpu_util_mean=0% gpu_util_max=0% | gpu_mem_mean=2.3/47.8GB
timesteps=423936 | env_steps/sec=308.1 | episodes/sec=4.53 | gpu_util_mean=0% gpu_util_max=1% | gpu_mem_mean=2.3/47.8GB
timesteps=425568 | env_steps/sec=321.1 | episodes/sec=4.53 | gpu_util_mean=0% gpu_util_max=0% | gpu_mem_mean=2.3/47.8GB
timesteps=427200 | env_steps/sec=308.4 | episodes/sec=3.59 | gpu_util_mean=0% gpu_util_max=1% | gpu_mem_mean=2.3/47.8GB
timesteps=428832 | env_steps/sec=324.5 | episodes/sec=6.56 | gpu_util_mean=0% gpu_util_max=1% | gpu_mem_mean=2.3/47.8GB
timesteps=430464 | env_steps/sec=317.2 | episodes/sec=3.30 | gpu_util_mean=0% gpu_util_max=0% | gpu_mem_mean=2.3/47.8GB
timesteps=432192 | env_steps/sec=325.9 | episodes/sec=4.72 | gpu_util_mean=0% gpu_util_max=1% | gpu_mem_mean=2.3/47.8GB
timesteps=433728 | env_steps/sec=303.1 | episodes/sec=4.54 | gpu_util_mean=0% gpu_util_max=1% | gpu_mem_mean=2.3/47.8GB
timesteps=435360 | env_steps/sec=319.6 | episodes/sec=5.09 | gpu_util_mean=0% gpu_util_max=0% | gpu_mem_mean=2.3/47.8GB
timesteps=436992 | env_steps/sec=316.5 | episodes/sec=4.27 | gpu_util_mean=0% gpu_util_max=0% | gpu_mem_mean=2.3/47.8GB
timesteps=438528 | env_steps/sec=291.1 | episodes/sec=4.93 | gpu_util_mean=0% gpu_util_max=0% | gpu_mem_mean=2.3/47.8GB
timesteps=440160 | env_steps/sec=310.4 | episodes/sec=3.80 | gpu_util_mean=0% gpu_util_max=1% | gpu_mem_mean=2.3/47.8GB
timesteps=441696 | env_steps/sec=290.0 | episodes/sec=4.53 | gpu_util_mean=0% gpu_util_max=1% | gpu_mem_mean=2.3/47.8GB
-------------------------------------------
| gpu/                      |             |
|    gpu_count              | 2           |
|    gpu_mem_total_gb_mean  | 47.8        |
|    gpu_mem_used_gb_mean   | 2.33        |
|    gpu_util_pct_max       | 1           |
|    gpu_util_pct_mean      | 0.5         |
| profile/                  |             |
|    hard/damage_mean       | 0.228       |
|    hard/ep_len_mean       | 65.1        |
|    hard/ep_rew_mean       | 0.164       |
|    hard/episodes_window   | 200         |
|    hard/p_damage_ge_90    | 0           |
|    hard/p_stars_ge_2      | 0           |
|    hard/score_mean        | 0.228       |
|    hard/stars_mean        | 0           |
|    hard/ticks_mean        | 647         |
|    hard/truncated_rate    | 0.025       |
|    medium/damage_mean     | 0.527       |
|    medium/ep_len_mean     | 71.6        |
|    medium/ep_rew_mean     | 1.22        |
|    medium/episodes_window | 200         |
|    medium/p_damage_ge_90  | 0.06        |
|    medium/p_stars_ge_2    | 0.26        |
|    medium/score_mean      | 1.29        |
|    medium/stars_mean      | 0.765       |
|    medium/ticks_mean      | 712         |
|    medium/truncated_rate  | 0.135       |
| rollout/                  |             |
|    ep_len_mean            | 67.6        |
|    ep_rew_mean            | 0.687       |
| throughput/               |             |
|    env_steps_per_sec      | 290         |
|    episodes_per_sec       | 4.53        |
| time/                     |             |
|    fps                    | 270         |
|    iterations             | 9           |
|    time_elapsed           | 1632        |
|    total_timesteps        | 442368      |
| train/                    |             |
|    approx_kl              | 0.011818866 |
|    clip_fraction          | 0.155       |
|    clip_range             | 0.2         |
|    entropy_loss           | -5.55       |
|    explained_variance     | 0.735       |
|    learning_rate          | 0.0003      |
|    loss                   | -0.0577     |
|    n_updates              | 80          |
|    policy_gradient_loss   | -0.021      |
|    value_loss             | 0.069       |
-------------------------------------------
timesteps=442464 | env_steps/sec=17.6 | episodes/sec=0.30 | gpu_util_mean=18% gpu_util_max=37% | gpu_mem_mean=2.3/47.8GB
timesteps=444096 | env_steps/sec=323.9 | episodes/sec=3.97 | gpu_util_mean=1% gpu_util_max=1% | gpu_mem_mean=2.3/47.8GB
timesteps=445632 | env_steps/sec=299.8 | episodes/sec=5.07 | gpu_util_mean=0% gpu_util_max=0% | gpu_mem_mean=2.3/47.8GB
timesteps=447168 | env_steps/sec=301.6 | episodes/sec=2.95 | gpu_util_mean=0% gpu_util_max=0% | gpu_mem_mean=2.3/47.8GB
timesteps=448800 | env_steps/sec=314.3 | episodes/sec=5.39 | gpu_util_mean=0% gpu_util_max=1% | gpu_mem_mean=2.3/47.8GB
timesteps=450528 | env_steps/sec=326.2 | episodes/sec=4.34 | gpu_util_mean=0% gpu_util_max=0% | gpu_mem_mean=2.3/47.8GB
timesteps=452064 | env_steps/sec=306.8 | episodes/sec=5.19 | gpu_util_mean=0% gpu_util_max=1% | gpu_mem_mean=2.3/47.8GB
timesteps=453600 | env_steps/sec=298.9 | episodes/sec=4.48 | gpu_util_mean=0% gpu_util_max=0% | gpu_mem_mean=2.3/47.8GB
timesteps=455232 | env_steps/sec=316.7 | episodes/sec=3.30 | gpu_util_mean=0% gpu_util_max=1% | gpu_mem_mean=2.3/47.8GB
timesteps=456864 | env_steps/sec=321.7 | episodes/sec=4.34 | gpu_util_mean=0% gpu_util_max=0% | gpu_mem_mean=2.3/47.8GB
timesteps=458400 | env_steps/sec=304.0 | episodes/sec=5.15 | gpu_util_mean=0% gpu_util_max=0% | gpu_mem_mean=2.3/47.8GB
timesteps=460032 | env_steps/sec=318.0 | episodes/sec=5.46 | gpu_util_mean=0% gpu_util_max=1% | gpu_mem_mean=2.3/47.8GB
timesteps=461664 | env_steps/sec=324.7 | episodes/sec=3.18 | gpu_util_mean=1% gpu_util_max=1% | gpu_mem_mean=2.3/47.8GB
timesteps=463296 | env_steps/sec=324.0 | episodes/sec=5.36 | gpu_util_mean=1% gpu_util_max=1% | gpu_mem_mean=2.3/47.8GB
timesteps=464928 | env_steps/sec=321.6 | episodes/sec=5.12 | gpu_util_mean=0% gpu_util_max=0% | gpu_mem_mean=2.3/47.8GB
timesteps=466560 | env_steps/sec=315.8 | episodes/sec=4.84 | gpu_util_mean=0% gpu_util_max=0% | gpu_mem_mean=2.3/47.8GB
timesteps=468192 | env_steps/sec=316.5 | episodes/sec=4.27 | gpu_util_mean=0% gpu_util_max=0% | gpu_mem_mean=2.3/47.8GB
timesteps=469824 | env_steps/sec=319.6 | episodes/sec=6.27 | gpu_util_mean=0% gpu_util_max=0% | gpu_mem_mean=2.3/47.8GB
timesteps=471360 | env_steps/sec=296.7 | episodes/sec=2.90 | gpu_util_mean=1% gpu_util_max=1% | gpu_mem_mean=2.3/47.8GB
timesteps=472992 | env_steps/sec=312.6 | episodes/sec=3.64 | gpu_util_mean=0% gpu_util_max=0% | gpu_mem_mean=2.3/47.8GB
timesteps=474528 | env_steps/sec=302.5 | episodes/sec=6.50 | gpu_util_mean=1% gpu_util_max=1% | gpu_mem_mean=2.3/47.8GB
timesteps=476256 | env_steps/sec=329.7 | episodes/sec=4.58 | gpu_util_mean=0% gpu_util_max=0% | gpu_mem_mean=2.3/47.8GB
timesteps=477792 | env_steps/sec=306.6 | episodes/sec=3.79 | gpu_util_mean=0% gpu_util_max=0% | gpu_mem_mean=2.3/47.8GB
timesteps=479424 | env_steps/sec=301.9 | episodes/sec=3.51 | gpu_util_mean=0% gpu_util_max=0% | gpu_mem_mean=2.3/47.8GB
timesteps=481056 | env_steps/sec=307.4 | episodes/sec=5.65 | gpu_util_mean=0% gpu_util_max=1% | gpu_mem_mean=2.3/47.8GB
timesteps=482688 | env_steps/sec=320.5 | episodes/sec=4.52 | gpu_util_mean=0% gpu_util_max=0% | gpu_mem_mean=2.3/47.8GB
timesteps=484224 | env_steps/sec=301.7 | episodes/sec=4.52 | gpu_util_mean=0% gpu_util_max=0% | gpu_mem_mean=2.3/47.8GB
timesteps=485760 | env_steps/sec=303.3 | episodes/sec=3.95 | gpu_util_mean=0% gpu_util_max=0% | gpu_mem_mean=2.3/47.8GB
timesteps=487296 | env_steps/sec=298.7 | episodes/sec=4.67 | gpu_util_mean=0% gpu_util_max=1% | gpu_mem_mean=2.3/47.8GB
timesteps=488832 | env_steps/sec=300.6 | episodes/sec=4.70 | gpu_util_mean=0% gpu_util_max=0% | gpu_mem_mean=2.3/47.8GB
timesteps=490272 | env_steps/sec=278.5 | episodes/sec=2.90 | gpu_util_mean=0% gpu_util_max=1% | gpu_mem_mean=2.3/47.8GB
-------------------------------------------
| gpu/                      |             |
|    gpu_count              | 2           |
|    gpu_mem_total_gb_mean  | 47.8        |
|    gpu_mem_used_gb_mean   | 2.33        |
|    gpu_util_pct_max       | 1           |
|    gpu_util_pct_mean      | 0.5         |
| profile/                  |             |
|    hard/damage_mean       | 0.225       |
|    hard/ep_len_mean       | 64.7        |
|    hard/ep_rew_mean       | 0.161       |
|    hard/episodes_window   | 200         |
|    hard/p_damage_ge_90    | 0           |
|    hard/p_stars_ge_2      | 0           |
|    hard/score_mean        | 0.225       |
|    hard/stars_mean        | 0           |
|    hard/ticks_mean        | 643         |
|    hard/truncated_rate    | 0.025       |
|    medium/damage_mean     | 0.521       |
|    medium/ep_len_mean     | 72          |
|    medium/ep_rew_mean     | 1.21        |
|    medium/episodes_window | 200         |
|    medium/p_damage_ge_90  | 0.035       |
|    medium/p_stars_ge_2    | 0.275       |
|    medium/score_mean      | 1.29        |
|    medium/stars_mean      | 0.765       |
|    medium/ticks_mean      | 716         |
|    medium/truncated_rate  | 0.135       |
| rollout/                  |             |
|    ep_len_mean            | 67.4        |
|    ep_rew_mean            | 0.637       |
| throughput/               |             |
|    env_steps_per_sec      | 279         |
|    episodes_per_sec       | 2.9         |
| time/                     |             |
|    fps                    | 268         |
|    iterations             | 10          |
|    time_elapsed           | 1832        |
|    total_timesteps        | 491520      |
| train/                    |             |
|    approx_kl              | 0.008767296 |
|    clip_fraction          | 0.12        |
|    clip_range             | 0.2         |
|    entropy_loss           | -5.59       |
|    explained_variance     | 0.751       |
|    learning_rate          | 0.0003      |
|    loss                   | -0.0542     |
|    n_updates              | 90          |
|    policy_gradient_loss   | -0.0196     |
|    value_loss             | 0.0669      |
-------------------------------------------
timesteps=491616 | env_steps/sec=26.8 | episodes/sec=0.44 | gpu_util_mean=0% gpu_util_max=0% | gpu_mem_mean=2.3/47.8GB
timesteps=493248 | env_steps/sec=317.2 | episodes/sec=5.64 | gpu_util_mean=0% gpu_util_max=0% | gpu_mem_mean=2.3/47.8GB
timesteps=494880 | env_steps/sec=309.6 | episodes/sec=4.17 | gpu_util_mean=0% gpu_util_max=1% | gpu_mem_mean=2.3/47.8GB
timesteps=496512 | env_steps/sec=314.7 | episodes/sec=3.66 | gpu_util_mean=0% gpu_util_max=1% | gpu_mem_mean=2.3/47.8GB
timesteps=498048 | env_steps/sec=304.7 | episodes/sec=5.16 | gpu_util_mean=0% gpu_util_max=1% | gpu_mem_mean=2.3/47.8GB
timesteps=499680 | env_steps/sec=310.2 | episodes/sec=4.56 | gpu_util_mean=0% gpu_util_max=1% | gpu_mem_mean=2.3/47.8GB
timesteps=501312 | env_steps/sec=310.1 | episodes/sec=4.37 | gpu_util_mean=0% gpu_util_max=0% | gpu_mem_mean=2.3/47.8GB
timesteps=502944 | env_steps/sec=320.4 | episodes/sec=4.12 | gpu_util_mean=1% gpu_util_max=1% | gpu_mem_mean=2.3/47.8GB
timesteps=504576 | env_steps/sec=312.7 | episodes/sec=5.17 | gpu_util_mean=0% gpu_util_max=0% | gpu_mem_mean=2.3/47.8GB
timesteps=506112 | env_steps/sec=305.9 | episodes/sec=5.58 | gpu_util_mean=0% gpu_util_max=0% | gpu_mem_mean=2.3/47.8GB
timesteps=507552 | env_steps/sec=283.0 | episodes/sec=3.14 | gpu_util_mean=1% gpu_util_max=1% | gpu_mem_mean=2.3/47.8GB
timesteps=509088 | env_steps/sec=304.3 | episodes/sec=3.76 | gpu_util_mean=0% gpu_util_max=1% | gpu_mem_mean=2.3/47.8GB
timesteps=510624 | env_steps/sec=300.2 | episodes/sec=4.69 | gpu_util_mean=0% gpu_util_max=0% | gpu_mem_mean=2.3/47.8GB
timesteps=512256 | env_steps/sec=313.0 | episodes/sec=4.79 | gpu_util_mean=0% gpu_util_max=1% | gpu_mem_mean=2.3/47.8GB
timesteps=513600 | env_steps/sec=260.5 | episodes/sec=4.65 | gpu_util_mean=0% gpu_util_max=1% | gpu_mem_mean=2.3/47.8GB
timesteps=515232 | env_steps/sec=310.3 | episodes/sec=3.99 | gpu_util_mean=0% gpu_util_max=0% | gpu_mem_mean=2.3/47.8GB
timesteps=516768 | env_steps/sec=302.9 | episodes/sec=3.55 | gpu_util_mean=0% gpu_util_max=0% | gpu_mem_mean=2.3/47.8GB
timesteps=518400 | env_steps/sec=324.8 | episodes/sec=4.18 | gpu_util_mean=0% gpu_util_max=0% | gpu_mem_mean=2.3/47.8GB
timesteps=520032 | env_steps/sec=319.2 | episodes/sec=6.65 | gpu_util_mean=1% gpu_util_max=1% | gpu_mem_mean=2.3/47.8GB
timesteps=521568 | env_steps/sec=291.2 | episodes/sec=3.60 | gpu_util_mean=0% gpu_util_max=0% | gpu_mem_mean=2.3/47.8GB
timesteps=523104 | env_steps/sec=300.1 | episodes/sec=4.10 | gpu_util_mean=0% gpu_util_max=1% | gpu_mem_mean=2.3/47.8GB
timesteps=524736 | env_steps/sec=307.7 | episodes/sec=3.58 | gpu_util_mean=1% gpu_util_max=1% | gpu_mem_mean=2.3/47.8GB
timesteps=526368 | env_steps/sec=311.3 | episodes/sec=5.15 | gpu_util_mean=0% gpu_util_max=1% | gpu_mem_mean=2.3/47.8GB
timesteps=528000 | env_steps/sec=310.8 | episodes/sec=5.14 | gpu_util_mean=0% gpu_util_max=0% | gpu_mem_mean=2.3/47.8GB
timesteps=529632 | env_steps/sec=309.9 | episodes/sec=3.61 | gpu_util_mean=0% gpu_util_max=1% | gpu_mem_mean=2.3/47.8GB
timesteps=531264 | env_steps/sec=326.0 | episodes/sec=4.39 | gpu_util_mean=0% gpu_util_max=0% | gpu_mem_mean=2.3/47.8GB
timesteps=532992 | env_steps/sec=334.5 | episodes/sec=5.42 | gpu_util_mean=16% gpu_util_max=32% | gpu_mem_mean=2.3/47.8GB
timesteps=534720 | env_steps/sec=340.5 | episodes/sec=5.12 | gpu_util_mean=0% gpu_util_max=1% | gpu_mem_mean=2.3/47.8GB
timesteps=536256 | env_steps/sec=293.2 | episodes/sec=4.01 | gpu_util_mean=0% gpu_util_max=0% | gpu_mem_mean=2.3/47.8GB
timesteps=537888 | env_steps/sec=319.2 | episodes/sec=4.30 | gpu_util_mean=0% gpu_util_max=1% | gpu_mem_mean=2.3/47.8GB
timesteps=539520 | env_steps/sec=310.0 | episodes/sec=4.94 | gpu_util_mean=0% gpu_util_max=0% | gpu_mem_mean=2.3/47.8GB
-------------------------------------------
| gpu/                      |             |
|    gpu_count              | 2           |
|    gpu_mem_total_gb_mean  | 47.8        |
|    gpu_mem_used_gb_mean   | 2.33        |
|    gpu_util_pct_max       | 0           |
|    gpu_util_pct_mean      | 0           |
| profile/                  |             |
|    hard/damage_mean       | 0.233       |
|    hard/ep_len_mean       | 65.4        |
|    hard/ep_rew_mean       | 0.178       |
|    hard/episodes_window   | 200         |
|    hard/p_damage_ge_90    | 0           |
|    hard/p_stars_ge_2      | 0.005       |
|    hard/score_mean        | 0.243       |
|    hard/stars_mean        | 0.01        |
|    hard/ticks_mean        | 650         |
|    hard/truncated_rate    | 0.035       |
|    medium/damage_mean     | 0.531       |
|    medium/ep_len_mean     | 73.2        |
|    medium/ep_rew_mean     | 1.26        |
|    medium/episodes_window | 200         |
|    medium/p_damage_ge_90  | 0.025       |
|    medium/p_stars_ge_2    | 0.255       |
|    medium/score_mean      | 1.34        |
|    medium/stars_mean      | 0.805       |
|    medium/ticks_mean      | 729         |
|    medium/truncated_rate  | 0.17        |
| rollout/                  |             |
|    ep_len_mean            | 69.3        |
|    ep_rew_mean            | 0.578       |
| throughput/               |             |
|    env_steps_per_sec      | 310         |
|    episodes_per_sec       | 4.94        |
| time/                     |             |
|    fps                    | 265         |
|    iterations             | 11          |
|    time_elapsed           | 2036        |
|    total_timesteps        | 540672      |
| train/                    |             |
|    approx_kl              | 0.008627098 |
|    clip_fraction          | 0.105       |
|    clip_range             | 0.2         |
|    entropy_loss           | -5.55       |
|    explained_variance     | 0.725       |
|    learning_rate          | 0.0003      |
|    loss                   | -0.0486     |
|    n_updates              | 100         |
|    policy_gradient_loss   | -0.0213     |
|    value_loss             | 0.0683      |
-------------------------------------------
timesteps=540768 | env_steps/sec=28.4 | episodes/sec=0.48 | gpu_util_mean=0% gpu_util_max=1% | gpu_mem_mean=2.3/47.8GB
timesteps=542304 | env_steps/sec=305.9 | episodes/sec=4.18 | gpu_util_mean=0% gpu_util_max=0% | gpu_mem_mean=2.3/47.8GB
timesteps=543936 | env_steps/sec=321.5 | episodes/sec=4.73 | gpu_util_mean=0% gpu_util_max=1% | gpu_mem_mean=2.3/47.8GB
timesteps=545472 | env_steps/sec=305.5 | episodes/sec=3.98 | gpu_util_mean=0% gpu_util_max=1% | gpu_mem_mean=2.3/47.8GB
timesteps=547104 | env_steps/sec=309.5 | episodes/sec=4.55 | gpu_util_mean=1% gpu_util_max=1% | gpu_mem_mean=2.3/47.8GB
timesteps=548736 | env_steps/sec=311.5 | episodes/sec=5.35 | gpu_util_mean=0% gpu_util_max=0% | gpu_mem_mean=2.3/47.8GB
timesteps=550368 | env_steps/sec=310.9 | episodes/sec=4.19 | gpu_util_mean=0% gpu_util_max=0% | gpu_mem_mean=2.3/47.8GB
timesteps=552000 | env_steps/sec=311.5 | episodes/sec=3.63 | gpu_util_mean=0% gpu_util_max=1% | gpu_mem_mean=2.3/47.8GB
timesteps=553632 | env_steps/sec=320.3 | episodes/sec=5.89 | gpu_util_mean=0% gpu_util_max=1% | gpu_mem_mean=2.3/47.8GB
timesteps=555264 | env_steps/sec=319.3 | episodes/sec=4.30 | gpu_util_mean=0% gpu_util_max=0% | gpu_mem_mean=2.3/47.8GB
timesteps=556896 | env_steps/sec=309.9 | episodes/sec=3.42 | gpu_util_mean=0% gpu_util_max=0% | gpu_mem_mean=2.3/47.8GB
timesteps=558432 | env_steps/sec=303.3 | episodes/sec=5.53 | gpu_util_mean=0% gpu_util_max=1% | gpu_mem_mean=2.3/47.8GB
timesteps=560064 | env_steps/sec=322.9 | episodes/sec=4.16 | gpu_util_mean=0% gpu_util_max=1% | gpu_mem_mean=2.3/47.8GB
timesteps=561600 | env_steps/sec=303.7 | episodes/sec=4.15 | gpu_util_mean=0% gpu_util_max=1% | gpu_mem_mean=2.3/47.8GB
timesteps=563136 | env_steps/sec=296.8 | episodes/sec=5.22 | gpu_util_mean=0% gpu_util_max=0% | gpu_mem_mean=2.3/47.8GB
timesteps=564672 | env_steps/sec=292.1 | episodes/sec=4.37 | gpu_util_mean=0% gpu_util_max=1% | gpu_mem_mean=2.3/47.8GB
timesteps=566304 | env_steps/sec=315.1 | episodes/sec=4.63 | gpu_util_mean=0% gpu_util_max=1% | gpu_mem_mean=2.3/47.8GB
timesteps=567936 | env_steps/sec=312.6 | episodes/sec=3.07 | gpu_util_mean=0% gpu_util_max=0% | gpu_mem_mean=2.3/47.8GB
timesteps=569664 | env_steps/sec=327.1 | episodes/sec=5.68 | gpu_util_mean=0% gpu_util_max=0% | gpu_mem_mean=2.3/47.8GB
timesteps=571392 | env_steps/sec=329.2 | episodes/sec=5.33 | gpu_util_mean=0% gpu_util_max=0% | gpu_mem_mean=2.3/47.8GB
timesteps=573216 | env_steps/sec=348.6 | episodes/sec=4.59 | gpu_util_mean=17% gpu_util_max=33% | gpu_mem_mean=2.3/47.8GB
timesteps=574752 | env_steps/sec=300.8 | episodes/sec=3.92 | gpu_util_mean=0% gpu_util_max=1% | gpu_mem_mean=2.3/47.8GB
timesteps=576384 | env_steps/sec=313.5 | episodes/sec=5.38 | gpu_util_mean=1% gpu_util_max=1% | gpu_mem_mean=2.3/47.8GB
timesteps=577920 | env_steps/sec=291.2 | episodes/sec=3.79 | gpu_util_mean=0% gpu_util_max=0% | gpu_mem_mean=2.3/47.8GB
timesteps=579552 | env_steps/sec=306.6 | episodes/sec=4.70 | gpu_util_mean=0% gpu_util_max=0% | gpu_mem_mean=2.3/47.8GB
timesteps=581088 | env_steps/sec=306.4 | episodes/sec=3.39 | gpu_util_mean=0% gpu_util_max=0% | gpu_mem_mean=2.3/47.8GB
timesteps=582720 | env_steps/sec=317.8 | episodes/sec=5.65 | gpu_util_mean=1% gpu_util_max=1% | gpu_mem_mean=2.3/47.8GB
timesteps=584352 | env_steps/sec=310.3 | episodes/sec=4.56 | gpu_util_mean=0% gpu_util_max=0% | gpu_mem_mean=2.3/47.8GB
timesteps=585888 | env_steps/sec=303.8 | episodes/sec=3.96 | gpu_util_mean=0% gpu_util_max=1% | gpu_mem_mean=2.3/47.8GB
timesteps=587424 | env_steps/sec=296.3 | episodes/sec=5.01 | gpu_util_mean=0% gpu_util_max=1% | gpu_mem_mean=2.3/47.8GB
timesteps=589056 | env_steps/sec=317.3 | episodes/sec=4.86 | gpu_util_mean=0% gpu_util_max=0% | gpu_mem_mean=2.3/47.8GB
-------------------------------------------
| gpu/                      |             |
|    gpu_count              | 2           |
|    gpu_mem_total_gb_mean  | 47.8        |
|    gpu_mem_used_gb_mean   | 2.33        |
|    gpu_util_pct_max       | 0           |
|    gpu_util_pct_mean      | 0           |
| profile/                  |             |
|    hard/damage_mean       | 0.22        |
|    hard/ep_len_mean       | 64.2        |
|    hard/ep_rew_mean       | 0.156       |
|    hard/episodes_window   | 200         |
|    hard/p_damage_ge_90    | 0           |
|    hard/p_stars_ge_2      | 0           |
|    hard/score_mean        | 0.22        |
|    hard/stars_mean        | 0           |
|    hard/ticks_mean        | 638         |
|    hard/truncated_rate    | 0.015       |
|    medium/damage_mean     | 0.552       |
|    medium/ep_len_mean     | 73.7        |
|    medium/ep_rew_mean     | 1.39        |
|    medium/episodes_window | 200         |
|    medium/p_damage_ge_90  | 0.045       |
|    medium/p_stars_ge_2    | 0.305       |
|    medium/score_mean      | 1.46        |
|    medium/stars_mean      | 0.91        |
|    medium/ticks_mean      | 733         |
|    medium/truncated_rate  | 0.115       |
| rollout/                  |             |
|    ep_len_mean            | 67.7        |
|    ep_rew_mean            | 0.724       |
| throughput/               |             |
|    env_steps_per_sec      | 317         |
|    episodes_per_sec       | 4.86        |
| time/                     |             |
|    fps                    | 263         |
|    iterations             | 12          |
|    time_elapsed           | 2234        |
|    total_timesteps        | 589824      |
| train/                    |             |
|    approx_kl              | 0.009455183 |
|    clip_fraction          | 0.118       |
|    clip_range             | 0.2         |
|    entropy_loss           | -5.52       |
|    explained_variance     | 0.727       |
|    learning_rate          | 0.0003      |
|    loss                   | -0.0503     |
|    n_updates              | 110         |
|    policy_gradient_loss   | -0.0218     |
|    value_loss             | 0.0669      |
-------------------------------------------
timesteps=589920 | env_steps/sec=18.2 | episodes/sec=0.19 | gpu_util_mean=0% gpu_util_max=0% | gpu_mem_mean=2.3/47.8GB
timesteps=591552 | env_steps/sec=313.3 | episodes/sec=5.38 | gpu_util_mean=0% gpu_util_max=0% | gpu_mem_mean=2.3/47.8GB
timesteps=593088 | env_steps/sec=298.2 | episodes/sec=3.49 | gpu_util_mean=0% gpu_util_max=0% | gpu_mem_mean=2.3/47.8GB
timesteps=594624 | env_steps/sec=303.8 | episodes/sec=4.75 | gpu_util_mean=0% gpu_util_max=1% | gpu_mem_mean=2.3/47.8GB
timesteps=596256 | env_steps/sec=306.6 | episodes/sec=4.13 | gpu_util_mean=0% gpu_util_max=1% | gpu_mem_mean=2.3/47.8GB
timesteps=597888 | env_steps/sec=311.2 | episodes/sec=5.15 | gpu_util_mean=1% gpu_util_max=1% | gpu_mem_mean=2.3/47.8GB
timesteps=599520 | env_steps/sec=311.8 | episodes/sec=4.78 | gpu_util_mean=0% gpu_util_max=1% | gpu_mem_mean=2.3/47.8GB
timesteps=601056 | env_steps/sec=298.0 | episodes/sec=3.69 | gpu_util_mean=0% gpu_util_max=1% | gpu_mem_mean=2.3/47.8GB
timesteps=602592 | env_steps/sec=302.6 | episodes/sec=3.94 | gpu_util_mean=1% gpu_util_max=1% | gpu_mem_mean=2.3/47.8GB
timesteps=604128 | env_steps/sec=298.1 | episodes/sec=4.07 | gpu_util_mean=0% gpu_util_max=1% | gpu_mem_mean=2.3/47.8GB
timesteps=605760 | env_steps/sec=314.3 | episodes/sec=6.16 | gpu_util_mean=0% gpu_util_max=0% | gpu_mem_mean=2.3/47.8GB
timesteps=607296 | env_steps/sec=305.1 | episodes/sec=3.77 | gpu_util_mean=0% gpu_util_max=0% | gpu_mem_mean=2.3/47.8GB
timesteps=608832 | env_steps/sec=302.1 | episodes/sec=4.33 | gpu_util_mean=0% gpu_util_max=1% | gpu_mem_mean=2.3/47.8GB
timesteps=610656 | env_steps/sec=348.3 | episodes/sec=5.54 | gpu_util_mean=16% gpu_util_max=33% | gpu_mem_mean=2.3/47.8GB
timesteps=612384 | env_steps/sec=337.8 | episodes/sec=5.28 | gpu_util_mean=0% gpu_util_max=0% | gpu_mem_mean=2.3/47.8GB
timesteps=614016 | env_steps/sec=315.0 | episodes/sec=4.44 | gpu_util_mean=0% gpu_util_max=1% | gpu_mem_mean=2.3/47.8GB
timesteps=615552 | env_steps/sec=298.2 | episodes/sec=3.69 | gpu_util_mean=0% gpu_util_max=0% | gpu_mem_mean=2.3/47.8GB
timesteps=617088 | env_steps/sec=304.0 | episodes/sec=5.34 | gpu_util_mean=0% gpu_util_max=0% | gpu_mem_mean=2.3/47.8GB
timesteps=618720 | env_steps/sec=308.8 | episodes/sec=4.73 | gpu_util_mean=0% gpu_util_max=0% | gpu_mem_mean=2.3/47.8GB
timesteps=620160 | env_steps/sec=285.0 | episodes/sec=4.16 | gpu_util_mean=1% gpu_util_max=1% | gpu_mem_mean=2.3/47.8GB
timesteps=621696 | env_steps/sec=303.1 | episodes/sec=3.55 | gpu_util_mean=0% gpu_util_max=1% | gpu_mem_mean=2.3/47.8GB
timesteps=623136 | env_steps/sec=286.9 | episodes/sec=4.18 | gpu_util_mean=0% gpu_util_max=1% | gpu_mem_mean=2.3/47.8GB
timesteps=624768 | env_steps/sec=323.8 | episodes/sec=4.76 | gpu_util_mean=0% gpu_util_max=0% | gpu_mem_mean=2.3/47.8GB
timesteps=626304 | env_steps/sec=295.1 | episodes/sec=4.23 | gpu_util_mean=0% gpu_util_max=0% | gpu_mem_mean=2.3/47.8GB
timesteps=627840 | env_steps/sec=291.4 | episodes/sec=3.98 | gpu_util_mean=0% gpu_util_max=0% | gpu_mem_mean=2.3/47.8GB
timesteps=629472 | env_steps/sec=312.5 | episodes/sec=5.55 | gpu_util_mean=0% gpu_util_max=1% | gpu_mem_mean=2.3/47.8GB
timesteps=631008 | env_steps/sec=301.1 | episodes/sec=3.33 | gpu_util_mean=0% gpu_util_max=0% | gpu_mem_mean=2.3/47.8GB
timesteps=632448 | env_steps/sec=282.6 | episodes/sec=4.51 | gpu_util_mean=0% gpu_util_max=0% | gpu_mem_mean=2.3/47.8GB
timesteps=633984 | env_steps/sec=298.2 | episodes/sec=3.88 | gpu_util_mean=0% gpu_util_max=0% | gpu_mem_mean=2.3/47.8GB
timesteps=635616 | env_steps/sec=319.6 | episodes/sec=5.88 | gpu_util_mean=0% gpu_util_max=0% | gpu_mem_mean=2.3/47.8GB
timesteps=637152 | env_steps/sec=304.2 | episodes/sec=2.57 | gpu_util_mean=1% gpu_util_max=1% | gpu_mem_mean=2.3/47.8GB
timesteps=638880 | env_steps/sec=331.3 | episodes/sec=5.94 | gpu_util_mean=0% gpu_util_max=0% | gpu_mem_mean=2.3/47.8GB
-------------------------------------------
| gpu/                      |             |
|    gpu_count              | 2           |
|    gpu_mem_total_gb_mean  | 47.8        |
|    gpu_mem_used_gb_mean   | 2.33        |
|    gpu_util_pct_max       | 0           |
|    gpu_util_pct_mean      | 0           |
| profile/                  |             |
|    hard/damage_mean       | 0.23        |
|    hard/ep_len_mean       | 64.7        |
|    hard/ep_rew_mean       | 0.171       |
|    hard/episodes_window   | 200         |
|    hard/p_damage_ge_90    | 0           |
|    hard/p_stars_ge_2      | 0           |
|    hard/score_mean        | 0.235       |
|    hard/stars_mean        | 0.005       |
|    hard/ticks_mean        | 642         |
|    hard/truncated_rate    | 0.02        |
|    medium/damage_mean     | 0.533       |
|    medium/ep_len_mean     | 72.6        |
|    medium/ep_rew_mean     | 1.29        |
|    medium/episodes_window | 200         |
|    medium/p_damage_ge_90  | 0.035       |
|    medium/p_stars_ge_2    | 0.26        |
|    medium/score_mean      | 1.36        |
|    medium/stars_mean      | 0.83        |
|    medium/ticks_mean      | 722         |
|    medium/truncated_rate  | 0.165       |
| rollout/                  |             |
|    ep_len_mean            | 69.3        |
|    ep_rew_mean            | 0.757       |
| throughput/               |             |
|    env_steps_per_sec      | 331         |
|    episodes_per_sec       | 5.94        |
| time/                     |             |
|    fps                    | 261         |
|    iterations             | 13          |
|    time_elapsed           | 2439        |
|    total_timesteps        | 638976      |
| train/                    |             |
|    approx_kl              | 0.010740704 |
|    clip_fraction          | 0.129       |
|    clip_range             | 0.2         |
|    entropy_loss           | -5.56       |
|    explained_variance     | 0.732       |
|    learning_rate          | 0.0003      |
|    loss                   | -0.0461     |
|    n_updates              | 120         |
|    policy_gradient_loss   | -0.0225     |
|    value_loss             | 0.0665      |
-------------------------------------------
timesteps=639072 | env_steps/sec=5.0 | episodes/sec=0.05 | gpu_util_mean=0% gpu_util_max=1% | gpu_mem_mean=2.3/47.8GB
timesteps=640704 | env_steps/sec=307.5 | episodes/sec=5.28 | gpu_util_mean=1% gpu_util_max=1% | gpu_mem_mean=2.3/47.8GB
timesteps=642336 | env_steps/sec=312.9 | episodes/sec=3.64 | gpu_util_mean=0% gpu_util_max=1% | gpu_mem_mean=2.3/47.8GB
timesteps=643872 | env_steps/sec=300.4 | episodes/sec=5.08 | gpu_util_mean=0% gpu_util_max=0% | gpu_mem_mean=2.3/47.8GB
timesteps=645504 | env_steps/sec=314.1 | episodes/sec=4.23 | gpu_util_mean=0% gpu_util_max=0% | gpu_mem_mean=2.3/47.8GB
timesteps=647136 | env_steps/sec=318.6 | episodes/sec=5.66 | gpu_util_mean=1% gpu_util_max=1% | gpu_mem_mean=2.3/47.8GB
timesteps=648768 | env_steps/sec=312.9 | episodes/sec=4.22 | gpu_util_mean=0% gpu_util_max=1% | gpu_mem_mean=2.3/47.8GB
timesteps=650400 | env_steps/sec=322.2 | episodes/sec=3.55 | gpu_util_mean=0% gpu_util_max=1% | gpu_mem_mean=2.3/47.8GB
timesteps=652128 | env_steps/sec=344.1 | episodes/sec=4.98 | gpu_util_mean=18% gpu_util_max=35% | gpu_mem_mean=2.3/47.8GB
timesteps=653856 | env_steps/sec=342.2 | episodes/sec=5.94 | gpu_util_mean=18% gpu_util_max=36% | gpu_mem_mean=2.3/47.8GB
timesteps=655488 | env_steps/sec=315.5 | episodes/sec=4.45 | gpu_util_mean=0% gpu_util_max=1% | gpu_mem_mean=2.3/47.8GB
timesteps=656928 | env_steps/sec=287.5 | episodes/sec=3.59 | gpu_util_mean=0% gpu_util_max=1% | gpu_mem_mean=2.3/47.8GB
timesteps=658560 | env_steps/sec=318.6 | episodes/sec=4.49 | gpu_util_mean=0% gpu_util_max=1% | gpu_mem_mean=2.3/47.8GB
timesteps=660192 | env_steps/sec=315.8 | episodes/sec=4.45 | gpu_util_mean=0% gpu_util_max=0% | gpu_mem_mean=2.3/47.8GB
timesteps=661824 | env_steps/sec=321.6 | episodes/sec=5.91 | gpu_util_mean=0% gpu_util_max=1% | gpu_mem_mean=2.3/47.8GB
timesteps=663360 | env_steps/sec=304.8 | episodes/sec=3.97 | gpu_util_mean=1% gpu_util_max=1% | gpu_mem_mean=2.3/47.8GB
timesteps=664992 | env_steps/sec=314.5 | episodes/sec=3.08 | gpu_util_mean=0% gpu_util_max=1% | gpu_mem_mean=2.3/47.8GB
timesteps=666624 | env_steps/sec=320.1 | episodes/sec=5.69 | gpu_util_mean=1% gpu_util_max=1% | gpu_mem_mean=2.3/47.8GB
timesteps=668256 | env_steps/sec=312.4 | episodes/sec=4.79 | gpu_util_mean=0% gpu_util_max=1% | gpu_mem_mean=2.3/47.8GB
timesteps=669888 | env_steps/sec=311.3 | episodes/sec=4.01 | gpu_util_mean=0% gpu_util_max=1% | gpu_mem_mean=2.3/47.8GB
timesteps=671424 | env_steps/sec=306.0 | episodes/sec=4.38 | gpu_util_mean=0% gpu_util_max=1% | gpu_mem_mean=2.3/47.8GB
timesteps=672960 | env_steps/sec=296.8 | episodes/sec=4.25 | gpu_util_mean=0% gpu_util_max=0% | gpu_mem_mean=2.3/47.8GB
timesteps=674496 | env_steps/sec=306.9 | episodes/sec=5.40 | gpu_util_mean=0% gpu_util_max=1% | gpu_mem_mean=2.3/47.8GB
timesteps=676032 | env_steps/sec=292.5 | episodes/sec=4.00 | gpu_util_mean=0% gpu_util_max=0% | gpu_mem_mean=2.3/47.8GB
timesteps=677664 | env_steps/sec=311.5 | episodes/sec=4.01 | gpu_util_mean=0% gpu_util_max=0% | gpu_mem_mean=2.3/47.8GB
timesteps=679296 | env_steps/sec=309.3 | episodes/sec=3.98 | gpu_util_mean=1% gpu_util_max=1% | gpu_mem_mean=2.3/47.8GB
timesteps=681024 | env_steps/sec=335.3 | episodes/sec=5.82 | gpu_util_mean=0% gpu_util_max=1% | gpu_mem_mean=2.3/47.8GB
timesteps=682752 | env_steps/sec=328.4 | episodes/sec=4.37 | gpu_util_mean=0% gpu_util_max=0% | gpu_mem_mean=2.3/47.8GB
timesteps=684384 | env_steps/sec=313.7 | episodes/sec=4.81 | gpu_util_mean=0% gpu_util_max=0% | gpu_mem_mean=2.3/47.8GB
timesteps=685728 | env_steps/sec=260.2 | episodes/sec=3.29 | gpu_util_mean=0% gpu_util_max=0% | gpu_mem_mean=2.3/47.8GB
timesteps=687360 | env_steps/sec=312.3 | episodes/sec=5.74 | gpu_util_mean=0% gpu_util_max=1% | gpu_mem_mean=2.3/47.8GB
-------------------------------------------
| gpu/                      |             |
|    gpu_count              | 2           |
|    gpu_mem_total_gb_mean  | 47.8        |
|    gpu_mem_used_gb_mean   | 2.33        |
|    gpu_util_pct_max       | 1           |
|    gpu_util_pct_mean      | 0.5         |
| profile/                  |             |
|    hard/damage_mean       | 0.236       |
|    hard/ep_len_mean       | 64.8        |
|    hard/ep_rew_mean       | 0.177       |
|    hard/episodes_window   | 200         |
|    hard/p_damage_ge_90    | 0           |
|    hard/p_stars_ge_2      | 0           |
|    hard/score_mean        | 0.241       |
|    hard/stars_mean        | 0.005       |
|    hard/ticks_mean        | 644         |
|    hard/truncated_rate    | 0.03        |
|    medium/damage_mean     | 0.575       |
|    medium/ep_len_mean     | 73.7        |
|    medium/ep_rew_mean     | 1.48        |
|    medium/episodes_window | 200         |
|    medium/p_damage_ge_90  | 0.045       |
|    medium/p_stars_ge_2    | 0.355       |
|    medium/score_mean      | 1.55        |
|    medium/stars_mean      | 0.975       |
|    medium/ticks_mean      | 734         |
|    medium/truncated_rate  | 0.19        |
| rollout/                  |             |
|    ep_len_mean            | 68.4        |
|    ep_rew_mean            | 0.752       |
| throughput/               |             |
|    env_steps_per_sec      | 312         |
|    episodes_per_sec       | 5.74        |
| time/                     |             |
|    fps                    | 261         |
|    iterations             | 14          |
|    time_elapsed           | 2635        |
|    total_timesteps        | 688128      |
| train/                    |             |
|    approx_kl              | 0.010873905 |
|    clip_fraction          | 0.131       |
|    clip_range             | 0.2         |
|    entropy_loss           | -5.55       |
|    explained_variance     | 0.721       |
|    learning_rate          | 0.0003      |
|    loss                   | -0.0531     |
|    n_updates              | 130         |
|    policy_gradient_loss   | -0.0219     |
|    value_loss             | 0.0691      |
-------------------------------------------
timesteps=688224 | env_steps/sec=16.4 | episodes/sec=0.23 | gpu_util_mean=0% gpu_util_max=0% | gpu_mem_mean=2.3/47.8GB
timesteps=689952 | env_steps/sec=337.2 | episodes/sec=4.29 | gpu_util_mean=16% gpu_util_max=32% | gpu_mem_mean=2.3/47.8GB
timesteps=691584 | env_steps/sec=318.8 | episodes/sec=4.49 | gpu_util_mean=0% gpu_util_max=1% | gpu_mem_mean=2.3/47.8GB
timesteps=693120 | env_steps/sec=303.6 | episodes/sec=5.14 | gpu_util_mean=0% gpu_util_max=1% | gpu_mem_mean=2.3/47.8GB
timesteps=694752 | env_steps/sec=324.4 | episodes/sec=4.57 | gpu_util_mean=0% gpu_util_max=1% | gpu_mem_mean=2.3/47.8GB
timesteps=696384 | env_steps/sec=314.0 | episodes/sec=4.62 | gpu_util_mean=0% gpu_util_max=1% | gpu_mem_mean=2.3/47.8GB
timesteps=697920 | env_steps/sec=300.5 | episodes/sec=3.72 | gpu_util_mean=1% gpu_util_max=1% | gpu_mem_mean=2.3/47.8GB
timesteps=699360 | env_steps/sec=287.8 | episodes/sec=4.80 | gpu_util_mean=0% gpu_util_max=1% | gpu_mem_mean=2.3/47.8GB
timesteps=700896 | env_steps/sec=298.6 | episodes/sec=4.08 | gpu_util_mean=0% gpu_util_max=1% | gpu_mem_mean=2.3/47.8GB
timesteps=702528 | env_steps/sec=309.1 | episodes/sec=5.87 | gpu_util_mean=0% gpu_util_max=0% | gpu_mem_mean=2.3/47.8GB
timesteps=704064 | env_steps/sec=298.8 | episodes/sec=3.70 | gpu_util_mean=0% gpu_util_max=0% | gpu_mem_mean=2.3/47.8GB
timesteps=705696 | env_steps/sec=317.8 | episodes/sec=3.70 | gpu_util_mean=0% gpu_util_max=1% | gpu_mem_mean=2.3/47.8GB
timesteps=707328 | env_steps/sec=315.5 | episodes/sec=5.03 | gpu_util_mean=0% gpu_util_max=1% | gpu_mem_mean=2.3/47.8GB
timesteps=708960 | env_steps/sec=313.9 | episodes/sec=5.00 | gpu_util_mean=0% gpu_util_max=0% | gpu_mem_mean=2.3/47.8GB
timesteps=710496 | env_steps/sec=304.9 | episodes/sec=4.57 | gpu_util_mean=0% gpu_util_max=1% | gpu_mem_mean=2.3/47.8GB
timesteps=712128 | env_steps/sec=310.9 | episodes/sec=3.81 | gpu_util_mean=0% gpu_util_max=0% | gpu_mem_mean=2.3/47.8GB
timesteps=713760 | env_steps/sec=310.9 | episodes/sec=4.00 | gpu_util_mean=0% gpu_util_max=0% | gpu_mem_mean=2.3/47.8GB
timesteps=715392 | env_steps/sec=313.8 | episodes/sec=6.15 | gpu_util_mean=0% gpu_util_max=0% | gpu_mem_mean=2.3/47.8GB
timesteps=717024 | env_steps/sec=324.4 | episodes/sec=3.58 | gpu_util_mean=0% gpu_util_max=1% | gpu_mem_mean=2.3/47.8GB
timesteps=718656 | env_steps/sec=305.3 | episodes/sec=4.68 | gpu_util_mean=0% gpu_util_max=1% | gpu_mem_mean=2.3/47.8GB
timesteps=720192 | env_steps/sec=297.8 | episodes/sec=3.10 | gpu_util_mean=0% gpu_util_max=0% | gpu_mem_mean=2.3/47.8GB
timesteps=721824 | env_steps/sec=318.4 | episodes/sec=4.29 | gpu_util_mean=0% gpu_util_max=0% | gpu_mem_mean=2.3/47.8GB
timesteps=723456 | env_steps/sec=316.4 | episodes/sec=6.01 | gpu_util_mean=0% gpu_util_max=1% | gpu_mem_mean=2.3/47.8GB
timesteps=725088 | env_steps/sec=312.6 | episodes/sec=5.55 | gpu_util_mean=0% gpu_util_max=1% | gpu_mem_mean=2.3/47.8GB
timesteps=726624 | env_steps/sec=305.1 | episodes/sec=2.58 | gpu_util_mean=0% gpu_util_max=1% | gpu_mem_mean=2.3/47.8GB
timesteps=728256 | env_steps/sec=318.9 | episodes/sec=4.69 | gpu_util_mean=0% gpu_util_max=1% | gpu_mem_mean=2.3/47.8GB
timesteps=729888 | env_steps/sec=315.5 | episodes/sec=5.22 | gpu_util_mean=0% gpu_util_max=1% | gpu_mem_mean=2.3/47.8GB
timesteps=731328 | env_steps/sec=287.6 | episodes/sec=4.79 | gpu_util_mean=0% gpu_util_max=1% | gpu_mem_mean=2.3/47.8GB
timesteps=732960 | env_steps/sec=322.0 | episodes/sec=3.55 | gpu_util_mean=0% gpu_util_max=1% | gpu_mem_mean=2.3/47.8GB
timesteps=734496 | env_steps/sec=299.2 | episodes/sec=4.87 | gpu_util_mean=0% gpu_util_max=0% | gpu_mem_mean=2.3/47.8GB
timesteps=736224 | env_steps/sec=329.4 | episodes/sec=4.77 | gpu_util_mean=0% gpu_util_max=0% | gpu_mem_mean=2.3/47.8GB
-------------------------------------------
| gpu/                      |             |
|    gpu_count              | 2           |
|    gpu_mem_total_gb_mean  | 47.8        |
|    gpu_mem_used_gb_mean   | 2.33        |
|    gpu_util_pct_max       | 0           |
|    gpu_util_pct_mean      | 0           |
| profile/                  |             |
|    hard/damage_mean       | 0.233       |
|    hard/ep_len_mean       | 65          |
|    hard/ep_rew_mean       | 0.169       |
|    hard/episodes_window   | 200         |
|    hard/p_damage_ge_90    | 0           |
|    hard/p_stars_ge_2      | 0           |
|    hard/score_mean        | 0.233       |
|    hard/stars_mean        | 0           |
|    hard/ticks_mean        | 646         |
|    hard/truncated_rate    | 0.015       |
|    medium/damage_mean     | 0.584       |
|    medium/ep_len_mean     | 73.7        |
|    medium/ep_rew_mean     | 1.51        |
|    medium/episodes_window | 200         |
|    medium/p_damage_ge_90  | 0.06        |
|    medium/p_stars_ge_2    | 0.335       |
|    medium/score_mean      | 1.58        |
|    medium/stars_mean      | 1           |
|    medium/ticks_mean      | 733         |
|    medium/truncated_rate  | 0.17        |
| rollout/                  |             |
|    ep_len_mean            | 68.8        |
|    ep_rew_mean            | 0.742       |
| throughput/               |             |
|    env_steps_per_sec      | 329         |
|    episodes_per_sec       | 4.77        |
| time/                     |             |
|    fps                    | 259         |
|    iterations             | 15          |
|    time_elapsed           | 2842        |
|    total_timesteps        | 737280      |
| train/                    |             |
|    approx_kl              | 0.015040368 |
|    clip_fraction          | 0.188       |
|    clip_range             | 0.2         |
|    entropy_loss           | -5.51       |
|    explained_variance     | 0.719       |
|    learning_rate          | 0.0003      |
|    loss                   | -0.0563     |
|    n_updates              | 140         |
|    policy_gradient_loss   | -0.024      |
|    value_loss             | 0.0625      |
-------------------------------------------
timesteps=737376 | env_steps/sec=21.7 | episodes/sec=0.43 | gpu_util_mean=0% gpu_util_max=1% | gpu_mem_mean=2.3/47.8GB
timesteps=739008 | env_steps/sec=308.5 | episodes/sec=3.21 | gpu_util_mean=1% gpu_util_max=1% | gpu_mem_mean=2.3/47.8GB
timesteps=740640 | env_steps/sec=310.2 | episodes/sec=4.56 | gpu_util_mean=0% gpu_util_max=1% | gpu_mem_mean=2.3/47.8GB
timesteps=742080 | env_steps/sec=287.7 | episodes/sec=4.19 | gpu_util_mean=0% gpu_util_max=1% | gpu_mem_mean=2.3/47.8GB
timesteps=743712 | env_steps/sec=323.6 | episodes/sec=6.15 | gpu_util_mean=0% gpu_util_max=1% | gpu_mem_mean=2.3/47.8GB
timesteps=745440 | env_steps/sec=330.7 | episodes/sec=3.45 | gpu_util_mean=1% gpu_util_max=1% | gpu_mem_mean=2.3/47.8GB
timesteps=746976 | env_steps/sec=295.2 | episodes/sec=5.19 | gpu_util_mean=1% gpu_util_max=1% | gpu_mem_mean=2.3/47.8GB
timesteps=748512 | env_steps/sec=295.4 | episodes/sec=4.23 | gpu_util_mean=0% gpu_util_max=1% | gpu_mem_mean=2.3/47.8GB
timesteps=750240 | env_steps/sec=326.2 | episodes/sec=5.29 | gpu_util_mean=0% gpu_util_max=1% | gpu_mem_mean=2.3/47.8GB
timesteps=751872 | env_steps/sec=322.3 | episodes/sec=3.55 | gpu_util_mean=0% gpu_util_max=1% | gpu_mem_mean=2.3/47.8GB
timesteps=753600 | env_steps/sec=325.2 | episodes/sec=4.52 | gpu_util_mean=0% gpu_util_max=1% | gpu_mem_mean=2.3/47.8GB
timesteps=755232 | env_steps/sec=318.9 | episodes/sec=5.08 | gpu_util_mean=1% gpu_util_max=1% | gpu_mem_mean=2.3/47.8GB
timesteps=756864 | env_steps/sec=313.8 | episodes/sec=4.42 | gpu_util_mean=0% gpu_util_max=0% | gpu_mem_mean=2.3/47.8GB
timesteps=758496 | env_steps/sec=311.1 | episodes/sec=4.19 | gpu_util_mean=0% gpu_util_max=1% | gpu_mem_mean=2.3/47.8GB
timesteps=760032 | env_steps/sec=297.9 | episodes/sec=3.69 | gpu_util_mean=0% gpu_util_max=1% | gpu_mem_mean=2.3/47.8GB
timesteps=761664 | env_steps/sec=322.4 | episodes/sec=6.12 | gpu_util_mean=0% gpu_util_max=0% | gpu_mem_mean=2.3/47.8GB
timesteps=763296 | env_steps/sec=321.2 | episodes/sec=4.13 | gpu_util_mean=0% gpu_util_max=0% | gpu_mem_mean=2.3/47.8GB
timesteps=764928 | env_steps/sec=324.8 | episodes/sec=4.58 | gpu_util_mean=0% gpu_util_max=1% | gpu_mem_mean=2.3/47.8GB
timesteps=766656 | env_steps/sec=327.7 | episodes/sec=3.79 | gpu_util_mean=1% gpu_util_max=1% | gpu_mem_mean=2.3/47.8GB
timesteps=768384 | env_steps/sec=328.3 | episodes/sec=6.46 | gpu_util_mean=0% gpu_util_max=1% | gpu_mem_mean=2.3/47.8GB
timesteps=769920 | env_steps/sec=302.8 | episodes/sec=4.53 | gpu_util_mean=0% gpu_util_max=1% | gpu_mem_mean=2.3/47.8GB
timesteps=771264 | env_steps/sec=257.5 | episodes/sec=3.45 | gpu_util_mean=1% gpu_util_max=1% | gpu_mem_mean=2.3/47.8GB
timesteps=772704 | env_steps/sec=279.5 | episodes/sec=2.91 | gpu_util_mean=0% gpu_util_max=0% | gpu_mem_mean=2.3/47.8GB
timesteps=774336 | env_steps/sec=319.1 | episodes/sec=5.67 | gpu_util_mean=1% gpu_util_max=1% | gpu_mem_mean=2.3/47.8GB
timesteps=775968 | env_steps/sec=307.1 | episodes/sec=5.08 | gpu_util_mean=0% gpu_util_max=0% | gpu_mem_mean=2.3/47.8GB
timesteps=777600 | env_steps/sec=314.5 | episodes/sec=3.47 | gpu_util_mean=0% gpu_util_max=0% | gpu_mem_mean=2.3/47.8GB
timesteps=779328 | env_steps/sec=341.0 | episodes/sec=4.34 | gpu_util_mean=18% gpu_util_max=37% | gpu_mem_mean=2.3/47.8GB
timesteps=780960 | env_steps/sec=325.6 | episodes/sec=5.39 | gpu_util_mean=0% gpu_util_max=1% | gpu_mem_mean=2.3/47.8GB
timesteps=782496 | env_steps/sec=305.0 | episodes/sec=5.56 | gpu_util_mean=0% gpu_util_max=1% | gpu_mem_mean=2.3/47.8GB
timesteps=784128 | env_steps/sec=317.3 | episodes/sec=3.89 | gpu_util_mean=0% gpu_util_max=0% | gpu_mem_mean=2.3/47.8GB
timesteps=785760 | env_steps/sec=319.4 | episodes/sec=5.28 | gpu_util_mean=0% gpu_util_max=1% | gpu_mem_mean=2.3/47.8GB
-------------------------------------------
| gpu/                      |             |
|    gpu_count              | 2           |
|    gpu_mem_total_gb_mean  | 47.8        |
|    gpu_mem_used_gb_mean   | 2.33        |
|    gpu_util_pct_max       | 1           |
|    gpu_util_pct_mean      | 0.5         |
| profile/                  |             |
|    hard/damage_mean       | 0.225       |
|    hard/ep_len_mean       | 64.7        |
|    hard/ep_rew_mean       | 0.171       |
|    hard/episodes_window   | 200         |
|    hard/p_damage_ge_90    | 0           |
|    hard/p_stars_ge_2      | 0.005       |
|    hard/score_mean        | 0.235       |
|    hard/stars_mean        | 0.01        |
|    hard/ticks_mean        | 643         |
|    hard/truncated_rate    | 0.03        |
|    medium/damage_mean     | 0.578       |
|    medium/ep_len_mean     | 72.6        |
|    medium/ep_rew_mean     | 1.49        |
|    medium/episodes_window | 200         |
|    medium/p_damage_ge_90  | 0.08        |
|    medium/p_stars_ge_2    | 0.345       |
|    medium/score_mean      | 1.56        |
|    medium/stars_mean      | 0.98        |
|    medium/ticks_mean      | 722         |
|    medium/truncated_rate  | 0.14        |
| rollout/                  |             |
|    ep_len_mean            | 67.4        |
|    ep_rew_mean            | 0.684       |
| throughput/               |             |
|    env_steps_per_sec      | 319         |
|    episodes_per_sec       | 5.28        |
| time/                     |             |
|    fps                    | 257         |
|    iterations             | 16          |
|    time_elapsed           | 3049        |
|    total_timesteps        | 786432      |
| train/                    |             |
|    approx_kl              | 0.012794507 |
|    clip_fraction          | 0.141       |
|    clip_range             | 0.2         |
|    entropy_loss           | -5.49       |
|    explained_variance     | 0.74        |
|    learning_rate          | 0.0003      |
|    loss                   | -0.0549     |
|    n_updates              | 150         |
|    policy_gradient_loss   | -0.0236     |
|    value_loss             | 0.0669      |
-------------------------------------------
timesteps=786528 | env_steps/sec=16.5 | episodes/sec=0.15 | gpu_util_mean=0% gpu_util_max=0% | gpu_mem_mean=2.3/47.8GB
timesteps=788160 | env_steps/sec=325.7 | episodes/sec=4.99 | gpu_util_mean=0% gpu_util_max=0% | gpu_mem_mean=2.3/47.8GB
timesteps=789696 | env_steps/sec=304.0 | episodes/sec=4.16 | gpu_util_mean=0% gpu_util_max=1% | gpu_mem_mean=2.3/47.8GB
timesteps=791232 | env_steps/sec=296.0 | episodes/sec=4.82 | gpu_util_mean=1% gpu_util_max=1% | gpu_mem_mean=2.3/47.8GB
timesteps=792864 | env_steps/sec=317.9 | episodes/sec=5.06 | gpu_util_mean=0% gpu_util_max=0% | gpu_mem_mean=2.3/47.8GB
timesteps=794496 | env_steps/sec=324.6 | episodes/sec=4.38 | gpu_util_mean=0% gpu_util_max=1% | gpu_mem_mean=2.3/47.8GB
timesteps=796128 | env_steps/sec=316.7 | episodes/sec=3.69 | gpu_util_mean=0% gpu_util_max=0% | gpu_mem_mean=2.3/47.8GB
timesteps=797856 | env_steps/sec=333.3 | episodes/sec=6.56 | gpu_util_mean=0% gpu_util_max=1% | gpu_mem_mean=2.3/47.8GB
timesteps=799488 | env_steps/sec=311.0 | episodes/sec=4.57 | gpu_util_mean=0% gpu_util_max=1% | gpu_mem_mean=2.3/47.8GB
timesteps=801024 | env_steps/sec=292.0 | episodes/sec=3.04 | gpu_util_mean=0% gpu_util_max=1% | gpu_mem_mean=2.3/47.8GB
timesteps=802560 | env_steps/sec=294.8 | episodes/sec=4.41 | gpu_util_mean=0% gpu_util_max=1% | gpu_mem_mean=2.3/47.8GB
timesteps=804096 | env_steps/sec=306.9 | episodes/sec=4.60 | gpu_util_mean=0% gpu_util_max=1% | gpu_mem_mean=2.3/47.8GB
timesteps=805728 | env_steps/sec=323.8 | episodes/sec=4.76 | gpu_util_mean=0% gpu_util_max=0% | gpu_mem_mean=2.3/47.8GB
timesteps=807360 | env_steps/sec=315.9 | episodes/sec=4.84 | gpu_util_mean=0% gpu_util_max=0% | gpu_mem_mean=2.3/47.8GB
timesteps=808896 | env_steps/sec=306.5 | episodes/sec=3.39 | gpu_util_mean=0% gpu_util_max=1% | gpu_mem_mean=2.3/47.8GB
timesteps=810528 | env_steps/sec=323.6 | episodes/sec=4.96 | gpu_util_mean=0% gpu_util_max=1% | gpu_mem_mean=2.3/47.8GB
timesteps=812256 | env_steps/sec=329.6 | episodes/sec=5.34 | gpu_util_mean=0% gpu_util_max=0% | gpu_mem_mean=2.3/47.8GB
timesteps=813792 | env_steps/sec=296.8 | episodes/sec=5.02 | gpu_util_mean=1% gpu_util_max=1% | gpu_mem_mean=2.3/47.8GB
timesteps=815328 | env_steps/sec=299.1 | episodes/sec=3.70 | gpu_util_mean=0% gpu_util_max=0% | gpu_mem_mean=2.3/47.8GB
timesteps=817152 | env_steps/sec=350.4 | episodes/sec=5.19 | gpu_util_mean=18% gpu_util_max=36% | gpu_mem_mean=2.3/47.8GB
timesteps=818688 | env_steps/sec=305.0 | episodes/sec=4.17 | gpu_util_mean=0% gpu_util_max=0% | gpu_mem_mean=2.3/47.8GB
timesteps=820416 | env_steps/sec=330.9 | episodes/sec=4.60 | gpu_util_mean=0% gpu_util_max=0% | gpu_mem_mean=2.3/47.8GB
timesteps=821952 | env_steps/sec=294.4 | episodes/sec=4.60 | gpu_util_mean=0% gpu_util_max=0% | gpu_mem_mean=2.3/47.8GB
timesteps=823488 | env_steps/sec=303.9 | episodes/sec=4.55 | gpu_util_mean=0% gpu_util_max=0% | gpu_mem_mean=2.3/47.8GB
timesteps=825024 | env_steps/sec=300.7 | episodes/sec=3.72 | gpu_util_mean=0% gpu_util_max=1% | gpu_mem_mean=2.3/47.8GB
timesteps=826752 | env_steps/sec=331.6 | episodes/sec=5.76 | gpu_util_mean=0% gpu_util_max=1% | gpu_mem_mean=2.3/47.8GB
timesteps=828384 | env_steps/sec=314.9 | episodes/sec=4.82 | gpu_util_mean=0% gpu_util_max=1% | gpu_mem_mean=2.3/47.8GB
timesteps=830112 | env_steps/sec=329.7 | episodes/sec=4.01 | gpu_util_mean=0% gpu_util_max=0% | gpu_mem_mean=2.3/47.8GB
timesteps=831744 | env_steps/sec=317.3 | episodes/sec=5.06 | gpu_util_mean=0% gpu_util_max=1% | gpu_mem_mean=2.3/47.8GB
timesteps=833280 | env_steps/sec=288.8 | episodes/sec=4.14 | gpu_util_mean=0% gpu_util_max=1% | gpu_mem_mean=2.3/47.8GB
timesteps=834816 | env_steps/sec=305.2 | episodes/sec=4.57 | gpu_util_mean=1% gpu_util_max=1% | gpu_mem_mean=2.3/47.8GB
-----------------------------------------
| gpu/                      |           |
|    gpu_count              | 2         |
|    gpu_mem_total_gb_mean  | 47.8      |
|    gpu_mem_used_gb_mean   | 2.33      |
|    gpu_util_pct_max       | 1         |
|    gpu_util_pct_mean      | 1         |
| profile/                  |           |
|    hard/damage_mean       | 0.236     |
|    hard/ep_len_mean       | 65.1      |
|    hard/ep_rew_mean       | 0.171     |
|    hard/episodes_window   | 200       |
|    hard/p_damage_ge_90    | 0         |
|    hard/p_stars_ge_2      | 0         |
|    hard/score_mean        | 0.236     |
|    hard/stars_mean        | 0         |
|    hard/ticks_mean        | 647       |
|    hard/truncated_rate    | 0.045     |
|    medium/damage_mean     | 0.537     |
|    medium/ep_len_mean     | 72.7      |
|    medium/ep_rew_mean     | 1.21      |
|    medium/episodes_window | 200       |
|    medium/p_damage_ge_90  | 0.07      |
|    medium/p_stars_ge_2    | 0.245     |
|    medium/score_mean      | 1.29      |
|    medium/stars_mean      | 0.75      |
|    medium/ticks_mean      | 723       |
|    medium/truncated_rate  | 0.14      |
| rollout/                  |           |
|    ep_len_mean            | 69.5      |
|    ep_rew_mean            | 0.757     |
| throughput/               |           |
|    env_steps_per_sec      | 305       |
|    episodes_per_sec       | 4.57      |
| time/                     |           |
|    fps                    | 257       |
|    iterations             | 17        |
|    time_elapsed           | 3250      |
|    total_timesteps        | 835584    |
| train/                    |           |
|    approx_kl              | 0.0120931 |
|    clip_fraction          | 0.145     |
|    clip_range             | 0.2       |
|    entropy_loss           | -5.5      |
|    explained_variance     | 0.741     |
|    learning_rate          | 0.0003    |
|    loss                   | -0.0537   |
|    n_updates              | 160       |
|    policy_gradient_loss   | -0.022    |
|    value_loss             | 0.0677    |
-----------------------------------------
timesteps=835680 | env_steps/sec=15.4 | episodes/sec=0.21 | gpu_util_mean=0% gpu_util_max=0% | gpu_mem_mean=2.3/47.8GB
timesteps=837216 | env_steps/sec=303.1 | episodes/sec=4.93 | gpu_util_mean=0% gpu_util_max=0% | gpu_mem_mean=2.3/47.8GB
timesteps=838656 | env_steps/sec=287.1 | episodes/sec=3.59 | gpu_util_mean=0% gpu_util_max=1% | gpu_mem_mean=2.3/47.8GB
timesteps=840288 | env_steps/sec=312.8 | episodes/sec=4.79 | gpu_util_mean=0% gpu_util_max=0% | gpu_mem_mean=2.3/47.8GB
timesteps=841920 | env_steps/sec=319.8 | episodes/sec=3.72 | gpu_util_mean=0% gpu_util_max=1% | gpu_mem_mean=2.3/47.8GB
timesteps=843456 | env_steps/sec=291.4 | episodes/sec=5.12 | gpu_util_mean=0% gpu_util_max=0% | gpu_mem_mean=2.3/47.8GB
timesteps=845088 | env_steps/sec=309.5 | episodes/sec=4.36 | gpu_util_mean=0% gpu_util_max=0% | gpu_mem_mean=2.3/47.8GB
timesteps=846624 | env_steps/sec=296.6 | episodes/sec=4.06 | gpu_util_mean=0% gpu_util_max=1% | gpu_mem_mean=2.3/47.8GB
timesteps=848256 | env_steps/sec=313.2 | episodes/sec=4.22 | gpu_util_mean=0% gpu_util_max=1% | gpu_mem_mean=2.3/47.8GB
timesteps=849984 | env_steps/sec=340.1 | episodes/sec=5.71 | gpu_util_mean=0% gpu_util_max=0% | gpu_mem_mean=2.3/47.8GB
timesteps=851808 | env_steps/sec=346.0 | episodes/sec=4.74 | gpu_util_mean=18% gpu_util_max=37% | gpu_mem_mean=2.3/47.8GB
timesteps=853536 | env_steps/sec=328.8 | episodes/sec=4.57 | gpu_util_mean=0% gpu_util_max=0% | gpu_mem_mean=2.3/47.8GB
timesteps=855168 | env_steps/sec=307.5 | episodes/sec=6.41 | gpu_util_mean=1% gpu_util_max=1% | gpu_mem_mean=2.3/47.8GB
timesteps=856800 | env_steps/sec=308.3 | episodes/sec=2.83 | gpu_util_mean=0% gpu_util_max=1% | gpu_mem_mean=2.3/47.8GB
timesteps=858336 | env_steps/sec=304.5 | episodes/sec=4.96 | gpu_util_mean=1% gpu_util_max=1% | gpu_mem_mean=2.3/47.8GB
timesteps=859968 | env_steps/sec=313.1 | episodes/sec=3.84 | gpu_util_mean=0% gpu_util_max=1% | gpu_mem_mean=2.3/47.8GB
timesteps=861600 | env_steps/sec=309.6 | episodes/sec=6.26 | gpu_util_mean=0% gpu_util_max=0% | gpu_mem_mean=2.3/47.8GB
timesteps=863136 | env_steps/sec=303.2 | episodes/sec=2.76 | gpu_util_mean=0% gpu_util_max=1% | gpu_mem_mean=2.3/47.8GB
timesteps=864672 | env_steps/sec=305.7 | episodes/sec=4.78 | gpu_util_mean=0% gpu_util_max=1% | gpu_mem_mean=2.3/47.8GB
timesteps=866304 | env_steps/sec=320.7 | episodes/sec=5.50 | gpu_util_mean=0% gpu_util_max=1% | gpu_mem_mean=2.3/47.8GB
timesteps=867840 | env_steps/sec=306.4 | episodes/sec=5.39 | gpu_util_mean=0% gpu_util_max=1% | gpu_mem_mean=2.3/47.8GB
timesteps=869376 | env_steps/sec=296.9 | episodes/sec=3.09 | gpu_util_mean=0% gpu_util_max=0% | gpu_mem_mean=2.3/47.8GB
timesteps=870912 | env_steps/sec=305.4 | episodes/sec=4.18 | gpu_util_mean=0% gpu_util_max=0% | gpu_mem_mean=2.3/47.8GB
timesteps=872448 | env_steps/sec=297.8 | episodes/sec=5.82 | gpu_util_mean=0% gpu_util_max=0% | gpu_mem_mean=2.3/47.8GB
timesteps=874080 | env_steps/sec=314.4 | episodes/sec=3.08 | gpu_util_mean=0% gpu_util_max=1% | gpu_mem_mean=2.3/47.8GB
timesteps=875712 | env_steps/sec=311.0 | episodes/sec=5.72 | gpu_util_mean=0% gpu_util_max=0% | gpu_mem_mean=2.3/47.8GB
timesteps=877248 | env_steps/sec=294.0 | episodes/sec=3.64 | gpu_util_mean=0% gpu_util_max=0% | gpu_mem_mean=2.3/47.8GB
timesteps=878880 | env_steps/sec=318.2 | episodes/sec=5.07 | gpu_util_mean=0% gpu_util_max=0% | gpu_mem_mean=2.3/47.8GB
timesteps=880512 | env_steps/sec=316.4 | episodes/sec=4.46 | gpu_util_mean=0% gpu_util_max=1% | gpu_mem_mean=2.3/47.8GB
timesteps=882048 | env_steps/sec=301.0 | episodes/sec=4.70 | gpu_util_mean=0% gpu_util_max=0% | gpu_mem_mean=2.3/47.8GB
timesteps=883488 | env_steps/sec=284.8 | episodes/sec=3.56 | gpu_util_mean=0% gpu_util_max=1% | gpu_mem_mean=2.3/47.8GB
-------------------------------------------
| gpu/                      |             |
|    gpu_count              | 2           |
|    gpu_mem_total_gb_mean  | 47.8        |
|    gpu_mem_used_gb_mean   | 2.33        |
|    gpu_util_pct_max       | 1           |
|    gpu_util_pct_mean      | 0.5         |
| profile/                  |             |
|    hard/damage_mean       | 0.23        |
|    hard/ep_len_mean       | 64.4        |
|    hard/ep_rew_mean       | 0.176       |
|    hard/episodes_window   | 200         |
|    hard/p_damage_ge_90    | 0           |
|    hard/p_stars_ge_2      | 0.005       |
|    hard/score_mean        | 0.24        |
|    hard/stars_mean        | 0.01        |
|    hard/ticks_mean        | 640         |
|    hard/truncated_rate    | 0.015       |
|    medium/damage_mean     | 0.534       |
|    medium/ep_len_mean     | 71.3        |
|    medium/ep_rew_mean     | 1.27        |
|    medium/episodes_window | 200         |
|    medium/p_damage_ge_90  | 0.045       |
|    medium/p_stars_ge_2    | 0.265       |
|    medium/score_mean      | 1.34        |
|    medium/stars_mean      | 0.81        |
|    medium/ticks_mean      | 709         |
|    medium/truncated_rate  | 0.14        |
| rollout/                  |             |
|    ep_len_mean            | 68.3        |
|    ep_rew_mean            | 0.799       |
| throughput/               |             |
|    env_steps_per_sec      | 285         |
|    episodes_per_sec       | 3.56        |
| time/                     |             |
|    fps                    | 255         |
|    iterations             | 18          |
|    time_elapsed           | 3462        |
|    total_timesteps        | 884736      |
| train/                    |             |
|    approx_kl              | 0.011872736 |
|    clip_fraction          | 0.143       |
|    clip_range             | 0.2         |
|    entropy_loss           | -5.45       |
|    explained_variance     | 0.755       |
|    learning_rate          | 0.0003      |
|    loss                   | -0.0523     |
|    n_updates              | 170         |
|    policy_gradient_loss   | -0.0208     |
|    value_loss             | 0.0579      |
-------------------------------------------
timesteps=884832 | env_steps/sec=23.6 | episodes/sec=0.37 | gpu_util_mean=0% gpu_util_max=0% | gpu_mem_mean=2.3/47.8GB
timesteps=886464 | env_steps/sec=325.4 | episodes/sec=5.18 | gpu_util_mean=16% gpu_util_max=33% | gpu_mem_mean=2.3/47.8GB
timesteps=888096 | env_steps/sec=313.1 | episodes/sec=4.60 | gpu_util_mean=0% gpu_util_max=0% | gpu_mem_mean=2.3/47.8GB
timesteps=889536 | env_steps/sec=284.2 | episodes/sec=3.16 | gpu_util_mean=0% gpu_util_max=1% | gpu_mem_mean=2.3/47.8GB
timesteps=891072 | env_steps/sec=307.0 | episodes/sec=4.80 | gpu_util_mean=0% gpu_util_max=0% | gpu_mem_mean=2.3/47.8GB
timesteps=892800 | env_steps/sec=337.3 | episodes/sec=5.47 | gpu_util_mean=0% gpu_util_max=1% | gpu_mem_mean=2.3/47.8GB
timesteps=894432 | env_steps/sec=325.9 | episodes/sec=4.19 | gpu_util_mean=0% gpu_util_max=0% | gpu_mem_mean=2.3/47.8GB
timesteps=895968 | env_steps/sec=303.9 | episodes/sec=4.35 | gpu_util_mean=0% gpu_util_max=1% | gpu_mem_mean=2.3/47.8GB
timesteps=897600 | env_steps/sec=317.7 | episodes/sec=5.06 | gpu_util_mean=0% gpu_util_max=1% | gpu_mem_mean=2.3/47.8GB
timesteps=899232 | env_steps/sec=318.5 | episodes/sec=5.27 | gpu_util_mean=0% gpu_util_max=0% | gpu_mem_mean=2.3/47.8GB
timesteps=900864 | env_steps/sec=325.1 | episodes/sec=4.38 | gpu_util_mean=0% gpu_util_max=0% | gpu_mem_mean=2.3/47.8GB
timesteps=902400 | env_steps/sec=298.4 | episodes/sec=3.89 | gpu_util_mean=0% gpu_util_max=1% | gpu_mem_mean=2.3/47.8GB
timesteps=904032 | env_steps/sec=314.3 | episodes/sec=5.39 | gpu_util_mean=0% gpu_util_max=1% | gpu_mem_mean=2.3/47.8GB
timesteps=905664 | env_steps/sec=311.2 | episodes/sec=4.00 | gpu_util_mean=0% gpu_util_max=0% | gpu_mem_mean=2.3/47.8GB
timesteps=907200 | env_steps/sec=291.7 | episodes/sec=4.75 | gpu_util_mean=0% gpu_util_max=1% | gpu_mem_mean=2.3/47.8GB
timesteps=908832 | env_steps/sec=319.0 | episodes/sec=4.10 | gpu_util_mean=0% gpu_util_max=1% | gpu_mem_mean=2.3/47.8GB
timesteps=910464 | env_steps/sec=311.6 | episodes/sec=4.77 | gpu_util_mean=0% gpu_util_max=1% | gpu_mem_mean=2.3/47.8GB
timesteps=911904 | env_steps/sec=278.3 | episodes/sec=4.25 | gpu_util_mean=0% gpu_util_max=0% | gpu_mem_mean=2.3/47.8GB
timesteps=913536 | env_steps/sec=315.5 | episodes/sec=4.64 | gpu_util_mean=0% gpu_util_max=0% | gpu_mem_mean=2.3/47.8GB
timesteps=915168 | env_steps/sec=317.4 | episodes/sec=4.28 | gpu_util_mean=0% gpu_util_max=1% | gpu_mem_mean=2.3/47.8GB
timesteps=916704 | env_steps/sec=304.0 | episodes/sec=4.75 | gpu_util_mean=0% gpu_util_max=0% | gpu_mem_mean=2.3/47.8GB
timesteps=918240 | env_steps/sec=292.5 | episodes/sec=4.57 | gpu_util_mean=0% gpu_util_max=1% | gpu_mem_mean=2.3/47.8GB
timesteps=919872 | env_steps/sec=315.5 | episodes/sec=3.67 | gpu_util_mean=0% gpu_util_max=0% | gpu_mem_mean=2.3/47.8GB
timesteps=921504 | env_steps/sec=314.0 | episodes/sec=6.16 | gpu_util_mean=0% gpu_util_max=0% | gpu_mem_mean=2.3/47.8GB
timesteps=923040 | env_steps/sec=298.5 | episodes/sec=3.30 | gpu_util_mean=0% gpu_util_max=0% | gpu_mem_mean=2.3/47.8GB
timesteps=924576 | env_steps/sec=290.9 | episodes/sec=4.36 | gpu_util_mean=0% gpu_util_max=0% | gpu_mem_mean=2.3/47.8GB
timesteps=926112 | env_steps/sec=289.5 | episodes/sec=4.33 | gpu_util_mean=0% gpu_util_max=1% | gpu_mem_mean=2.3/47.8GB
timesteps=927648 | env_steps/sec=303.4 | episodes/sec=5.53 | gpu_util_mean=0% gpu_util_max=0% | gpu_mem_mean=2.3/47.8GB
timesteps=929184 | env_steps/sec=293.9 | episodes/sec=3.06 | gpu_util_mean=0% gpu_util_max=0% | gpu_mem_mean=2.3/47.8GB
timesteps=930816 | env_steps/sec=308.7 | episodes/sec=4.54 | gpu_util_mean=0% gpu_util_max=0% | gpu_mem_mean=2.3/47.8GB
timesteps=932256 | env_steps/sec=280.3 | episodes/sec=5.26 | gpu_util_mean=0% gpu_util_max=1% | gpu_mem_mean=2.3/47.8GB
timesteps=933792 | env_steps/sec=304.4 | episodes/sec=5.15 | gpu_util_mean=0% gpu_util_max=0% | gpu_mem_mean=2.3/47.8GB
-------------------------------------------
| gpu/                      |             |
|    gpu_count              | 2           |
|    gpu_mem_total_gb_mean  | 47.8        |
|    gpu_mem_used_gb_mean   | 2.33        |
|    gpu_util_pct_max       | 0           |
|    gpu_util_pct_mean      | 0           |
| profile/                  |             |
|    hard/damage_mean       | 0.228       |
|    hard/ep_len_mean       | 63.9        |
|    hard/ep_rew_mean       | 0.175       |
|    hard/episodes_window   | 200         |
|    hard/p_damage_ge_90    | 0           |
|    hard/p_stars_ge_2      | 0.005       |
|    hard/score_mean        | 0.238       |
|    hard/stars_mean        | 0.01        |
|    hard/ticks_mean        | 635         |
|    hard/truncated_rate    | 0.015       |
|    medium/damage_mean     | 0.594       |
|    medium/ep_len_mean     | 72.2        |
|    medium/ep_rew_mean     | 1.56        |
|    medium/episodes_window | 200         |
|    medium/p_damage_ge_90  | 0.115       |
|    medium/p_stars_ge_2    | 0.37        |
|    medium/score_mean      | 1.63        |
|    medium/stars_mean      | 1.03        |
|    medium/ticks_mean      | 718         |
|    medium/truncated_rate  | 0.15        |
| rollout/                  |             |
|    ep_len_mean            | 66.6        |
|    ep_rew_mean            | 0.765       |
| throughput/               |             |
|    env_steps_per_sec      | 304         |
|    episodes_per_sec       | 5.15        |
| time/                     |             |
|    fps                    | 254         |
|    iterations             | 19          |
|    time_elapsed           | 3675        |
|    total_timesteps        | 933888      |
| train/                    |             |
|    approx_kl              | 0.014000386 |
|    clip_fraction          | 0.156       |
|    clip_range             | 0.2         |
|    entropy_loss           | -5.51       |
|    explained_variance     | 0.751       |
|    learning_rate          | 0.0003      |
|    loss                   | -0.0566     |
|    n_updates              | 180         |
|    policy_gradient_loss   | -0.0218     |
|    value_loss             | 0.0635      |
-------------------------------------------
timesteps=933984 | env_steps/sec=4.1 | episodes/sec=0.00 | gpu_util_mean=0% gpu_util_max=0% | gpu_mem_mean=2.3/47.8GB
timesteps=935520 | env_steps/sec=299.2 | episodes/sec=3.70 | gpu_util_mean=0% gpu_util_max=1% | gpu_mem_mean=2.3/47.8GB
timesteps=937056 | env_steps/sec=292.0 | episodes/sec=3.80 | gpu_util_mean=0% gpu_util_max=0% | gpu_mem_mean=2.3/47.8GB
timesteps=938688 | env_steps/sec=322.0 | episodes/sec=5.52 | gpu_util_mean=0% gpu_util_max=1% | gpu_mem_mean=2.3/47.8GB
timesteps=940320 | env_steps/sec=318.8 | episodes/sec=5.47 | gpu_util_mean=1% gpu_util_max=1% | gpu_mem_mean=2.3/47.8GB
timesteps=941856 | env_steps/sec=303.0 | episodes/sec=2.96 | gpu_util_mean=0% gpu_util_max=0% | gpu_mem_mean=2.3/47.8GB
timesteps=943200 | env_steps/sec=245.2 | episodes/sec=3.83 | gpu_util_mean=0% gpu_util_max=1% | gpu_mem_mean=2.3/47.8GB
timesteps=944160 | env_steps/sec=175.6 | episodes/sec=2.38 | gpu_util_mean=0% gpu_util_max=1% | gpu_mem_mean=2.3/47.8GB
timesteps=945120 | env_steps/sec=183.4 | episodes/sec=3.44 | gpu_util_mean=0% gpu_util_max=0% | gpu_mem_mean=2.3/47.8GB
timesteps=946080 | env_steps/sec=190.4 | episodes/sec=2.78 | gpu_util_mean=0% gpu_util_max=0% | gpu_mem_mean=2.3/47.8GB
timesteps=947040 | env_steps/sec=177.8 | episodes/sec=2.96 | gpu_util_mean=0% gpu_util_max=0% | gpu_mem_mean=2.3/47.8GB
timesteps=948000 | env_steps/sec=174.8 | episodes/sec=1.09 | gpu_util_mean=0% gpu_util_max=1% | gpu_mem_mean=2.3/47.8GB
timesteps=948960 | env_steps/sec=177.5 | episodes/sec=2.77 | gpu_util_mean=0% gpu_util_max=0% | gpu_mem_mean=2.3/47.8GB
timesteps=949920 | env_steps/sec=182.7 | episodes/sec=2.66 | gpu_util_mean=0% gpu_util_max=0% | gpu_mem_mean=2.3/47.8GB
timesteps=950880 | env_steps/sec=188.8 | episodes/sec=3.93 | gpu_util_mean=0% gpu_util_max=0% | gpu_mem_mean=2.3/47.8GB
timesteps=951840 | env_steps/sec=175.0 | episodes/sec=2.37 | gpu_util_mean=0% gpu_util_max=0% | gpu_mem_mean=2.3/47.8GB
timesteps=952800 | env_steps/sec=175.9 | episodes/sec=2.57 | gpu_util_mean=0% gpu_util_max=0% | gpu_mem_mean=2.3/47.8GB
timesteps=953664 | env_steps/sec=172.7 | episodes/sec=1.80 | gpu_util_mean=0% gpu_util_max=0% | gpu_mem_mean=2.3/47.8GB
timesteps=954528 | env_steps/sec=170.3 | episodes/sec=3.15 | gpu_util_mean=0% gpu_util_max=0% | gpu_mem_mean=2.3/47.8GB
timesteps=955392 | env_steps/sec=164.9 | episodes/sec=1.72 | gpu_util_mean=0% gpu_util_max=0% | gpu_mem_mean=2.3/47.8GB
timesteps=956352 | env_steps/sec=179.0 | episodes/sec=2.80 | gpu_util_mean=1% gpu_util_max=1% | gpu_mem_mean=2.3/47.8GB
timesteps=957312 | env_steps/sec=186.5 | episodes/sec=2.91 | gpu_util_mean=0% gpu_util_max=0% | gpu_mem_mean=2.3/47.8GB
timesteps=958272 | env_steps/sec=185.9 | episodes/sec=3.10 | gpu_util_mean=0% gpu_util_max=0% | gpu_mem_mean=2.3/47.8GB
timesteps=959232 | env_steps/sec=182.4 | episodes/sec=1.33 | gpu_util_mean=0% gpu_util_max=0% | gpu_mem_mean=2.3/47.8GB
timesteps=960192 | env_steps/sec=186.0 | episodes/sec=3.88 | gpu_util_mean=0% gpu_util_max=0% | gpu_mem_mean=2.3/47.8GB
timesteps=961152 | env_steps/sec=174.3 | episodes/sec=2.36 | gpu_util_mean=0% gpu_util_max=0% | gpu_mem_mean=2.3/47.8GB
timesteps=962112 | env_steps/sec=178.7 | episodes/sec=2.05 | gpu_util_mean=0% gpu_util_max=0% | gpu_mem_mean=2.3/47.8GB
timesteps=963072 | env_steps/sec=184.1 | episodes/sec=2.49 | gpu_util_mean=0% gpu_util_max=0% | gpu_mem_mean=2.3/47.8GB
timesteps=964032 | env_steps/sec=188.4 | episodes/sec=2.94 | gpu_util_mean=0% gpu_util_max=1% | gpu_mem_mean=2.3/47.8GB
timesteps=964896 | env_steps/sec=171.9 | episodes/sec=2.98 | gpu_util_mean=1% gpu_util_max=1% | gpu_mem_mean=2.3/47.8GB
timesteps=965856 | env_steps/sec=190.3 | episodes/sec=2.58 | gpu_util_mean=0% gpu_util_max=1% | gpu_mem_mean=2.3/47.8GB
timesteps=966816 | env_steps/sec=180.5 | episodes/sec=3.20 | gpu_util_mean=0% gpu_util_max=0% | gpu_mem_mean=2.3/47.8GB
timesteps=967776 | env_steps/sec=174.2 | episodes/sec=2.00 | gpu_util_mean=0% gpu_util_max=0% | gpu_mem_mean=2.3/47.8GB
timesteps=968736 | env_steps/sec=180.2 | episodes/sec=2.06 | gpu_util_mean=0% gpu_util_max=1% | gpu_mem_mean=2.3/47.8GB
timesteps=969696 | env_steps/sec=183.9 | episodes/sec=3.07 | gpu_util_mean=0% gpu_util_max=0% | gpu_mem_mean=2.3/47.8GB
timesteps=970656 | env_steps/sec=186.4 | episodes/sec=2.72 | gpu_util_mean=0% gpu_util_max=1% | gpu_mem_mean=2.3/47.8GB
timesteps=971616 | env_steps/sec=177.2 | episodes/sec=2.58 | gpu_util_mean=0% gpu_util_max=1% | gpu_mem_mean=2.3/47.8GB
timesteps=972576 | env_steps/sec=186.0 | episodes/sec=2.91 | gpu_util_mean=0% gpu_util_max=1% | gpu_mem_mean=2.3/47.8GB
timesteps=973632 | env_steps/sec=193.8 | episodes/sec=3.49 | gpu_util_mean=0% gpu_util_max=1% | gpu_mem_mean=2.3/47.8GB
timesteps=974784 | env_steps/sec=213.2 | episodes/sec=3.33 | gpu_util_mean=0% gpu_util_max=0% | gpu_mem_mean=2.3/47.8GB
timesteps=976128 | env_steps/sec=250.8 | episodes/sec=2.61 | gpu_util_mean=0% gpu_util_max=0% | gpu_mem_mean=2.3/47.8GB
timesteps=977472 | env_steps/sec=259.5 | episodes/sec=3.67 | gpu_util_mean=1% gpu_util_max=1% | gpu_mem_mean=2.3/47.8GB
timesteps=979104 | env_steps/sec=280.3 | episodes/sec=4.29 | gpu_util_mean=0% gpu_util_max=1% | gpu_mem_mean=2.3/47.8GB
timesteps=980640 | env_steps/sec=304.3 | episodes/sec=5.94 | gpu_util_mean=19% gpu_util_max=37% | gpu_mem_mean=2.3/47.8GB
timesteps=982272 | env_steps/sec=316.0 | episodes/sec=2.90 | gpu_util_mean=0% gpu_util_max=0% | gpu_mem_mean=2.3/47.8GB
-------------------------------------------
| gpu/                      |             |
|    gpu_count              | 2           |
|    gpu_mem_total_gb_mean  | 47.8        |
|    gpu_mem_used_gb_mean   | 2.33        |
|    gpu_util_pct_max       | 0           |
|    gpu_util_pct_mean      | 0           |
| profile/                  |             |
|    hard/damage_mean       | 0.234       |
|    hard/ep_len_mean       | 65          |
|    hard/ep_rew_mean       | 0.169       |
|    hard/episodes_window   | 200         |
|    hard/p_damage_ge_90    | 0           |
|    hard/p_stars_ge_2      | 0           |
|    hard/score_mean        | 0.234       |
|    hard/stars_mean        | 0           |
|    hard/ticks_mean        | 645         |
|    hard/truncated_rate    | 0.04        |
|    medium/damage_mean     | 0.597       |
|    medium/ep_len_mean     | 73.1        |
|    medium/ep_rew_mean     | 1.62        |
|    medium/episodes_window | 200         |
|    medium/p_damage_ge_90  | 0.1         |
|    medium/p_stars_ge_2    | 0.375       |
|    medium/score_mean      | 1.69        |
|    medium/stars_mean      | 1.09        |
|    medium/ticks_mean      | 727         |
|    medium/truncated_rate  | 0.13        |
| rollout/                  |             |
|    ep_len_mean            | 68.2        |
|    ep_rew_mean            | 0.914       |
| throughput/               |             |
|    env_steps_per_sec      | 316         |
|    episodes_per_sec       | 2.9         |
| time/                     |             |
|    fps                    | 248         |
|    iterations             | 20          |
|    time_elapsed           | 3956        |
|    total_timesteps        | 983040      |
| train/                    |             |
|    approx_kl              | 0.016095547 |
|    clip_fraction          | 0.174       |
|    clip_range             | 0.2         |
|    entropy_loss           | -5.48       |
|    explained_variance     | 0.768       |
|    learning_rate          | 0.0003      |
|    loss                   | -0.0572     |
|    n_updates              | 190         |
|    policy_gradient_loss   | -0.0233     |
|    value_loss             | 0.0674      |
-------------------------------------------
timesteps=983136 | env_steps/sec=16.7 | episodes/sec=0.31 | gpu_util_mean=0% gpu_util_max=0% | gpu_mem_mean=2.3/47.8GB
timesteps=984576 | env_steps/sec=281.3 | episodes/sec=4.10 | gpu_util_mean=0% gpu_util_max=0% | gpu_mem_mean=2.3/47.8GB
timesteps=986208 | env_steps/sec=311.6 | episodes/sec=5.35 | gpu_util_mean=0% gpu_util_max=1% | gpu_mem_mean=2.3/47.8GB
timesteps=987840 | env_steps/sec=311.7 | episodes/sec=3.25 | gpu_util_mean=0% gpu_util_max=1% | gpu_mem_mean=2.3/47.8GB
timesteps=989472 | env_steps/sec=313.1 | episodes/sec=5.18 | gpu_util_mean=0% gpu_util_max=0% | gpu_mem_mean=2.3/47.8GB
timesteps=991104 | env_steps/sec=314.1 | episodes/sec=4.81 | gpu_util_mean=0% gpu_util_max=0% | gpu_mem_mean=2.3/47.8GB
timesteps=992736 | env_steps/sec=314.9 | episodes/sec=4.25 | gpu_util_mean=0% gpu_util_max=0% | gpu_mem_mean=2.3/47.8GB
timesteps=994272 | env_steps/sec=305.7 | episodes/sec=5.17 | gpu_util_mean=0% gpu_util_max=1% | gpu_mem_mean=2.3/47.8GB
timesteps=995808 | env_steps/sec=300.8 | episodes/sec=4.90 | gpu_util_mean=0% gpu_util_max=0% | gpu_mem_mean=2.3/47.8GB
timesteps=997248 | env_steps/sec=277.7 | episodes/sec=3.09 | gpu_util_mean=0% gpu_util_max=0% | gpu_mem_mean=2.3/47.8GB
timesteps=998880 | env_steps/sec=325.2 | episodes/sec=4.38 | gpu_util_mean=0% gpu_util_max=0% | gpu_mem_mean=2.3/47.8GB
timesteps=1000512 | env_steps/sec=320.8 | episodes/sec=4.52 | gpu_util_mean=0% gpu_util_max=1% | gpu_mem_mean=2.3/47.8GB
timesteps=1002144 | env_steps/sec=321.1 | episodes/sec=5.51 | gpu_util_mean=1% gpu_util_max=1% | gpu_mem_mean=2.3/47.8GB
timesteps=1003776 | env_steps/sec=309.6 | episodes/sec=4.17 | gpu_util_mean=1% gpu_util_max=1% | gpu_mem_mean=2.3/47.8GB
timesteps=1005312 | env_steps/sec=295.2 | episodes/sec=4.61 | gpu_util_mean=0% gpu_util_max=1% | gpu_mem_mean=2.3/47.8GB
timesteps=1006848 | env_steps/sec=297.3 | episodes/sec=4.64 | gpu_util_mean=0% gpu_util_max=0% | gpu_mem_mean=2.3/47.8GB
timesteps=1008384 | env_steps/sec=298.3 | episodes/sec=4.66 | gpu_util_mean=0% gpu_util_max=0% | gpu_mem_mean=2.3/47.8GB
timesteps=1009824 | env_steps/sec=273.0 | episodes/sec=3.60 | gpu_util_mean=0% gpu_util_max=1% | gpu_mem_mean=2.3/47.8GB
timesteps=1011456 | env_steps/sec=320.0 | episodes/sec=4.12 | gpu_util_mean=0% gpu_util_max=0% | gpu_mem_mean=2.3/47.8GB
timesteps=1013088 | env_steps/sec=318.6 | episodes/sec=5.27 | gpu_util_mean=0% gpu_util_max=0% | gpu_mem_mean=2.3/47.8GB
timesteps=1014624 | env_steps/sec=306.1 | episodes/sec=5.18 | gpu_util_mean=0% gpu_util_max=0% | gpu_mem_mean=2.3/47.8GB
timesteps=1016352 | env_steps/sec=327.8 | episodes/sec=2.85 | gpu_util_mean=16% gpu_util_max=32% | gpu_mem_mean=2.3/47.8GB
timesteps=1018080 | env_steps/sec=342.8 | episodes/sec=4.36 | gpu_util_mean=17% gpu_util_max=34% | gpu_mem_mean=2.3/47.8GB
timesteps=1019808 | env_steps/sec=324.6 | episodes/sec=6.76 | gpu_util_mean=0% gpu_util_max=0% | gpu_mem_mean=2.3/47.8GB
timesteps=1021248 | env_steps/sec=287.9 | episodes/sec=5.40 | gpu_util_mean=0% gpu_util_max=0% | gpu_mem_mean=2.3/47.8GB
timesteps=1022688 | env_steps/sec=272.4 | episodes/sec=2.65 | gpu_util_mean=0% gpu_util_max=0% | gpu_mem_mean=2.3/47.8GB
timesteps=1024320 | env_steps/sec=307.6 | episodes/sec=3.96 | gpu_util_mean=0% gpu_util_max=0% | gpu_mem_mean=2.3/47.8GB
timesteps=1025856 | env_steps/sec=305.9 | episodes/sec=4.78 | gpu_util_mean=0% gpu_util_max=1% | gpu_mem_mean=2.3/47.8GB
timesteps=1027392 | env_steps/sec=304.6 | episodes/sec=5.35 | gpu_util_mean=0% gpu_util_max=1% | gpu_mem_mean=2.3/47.8GB
timesteps=1029024 | env_steps/sec=310.8 | episodes/sec=4.38 | gpu_util_mean=0% gpu_util_max=0% | gpu_mem_mean=2.3/47.8GB
timesteps=1030656 | env_steps/sec=314.3 | episodes/sec=3.85 | gpu_util_mean=1% gpu_util_max=1% | gpu_mem_mean=2.3/47.8GB
-------------------------------------------
| gpu/                      |             |
|    gpu_count              | 2           |
|    gpu_mem_total_gb_mean  | 47.8        |
|    gpu_mem_used_gb_mean   | 2.33        |
|    gpu_util_pct_max       | 1           |
|    gpu_util_pct_mean      | 1           |
| profile/                  |             |
|    hard/damage_mean       | 0.229       |
|    hard/ep_len_mean       | 63.8        |
|    hard/ep_rew_mean       | 0.165       |
|    hard/episodes_window   | 200         |
|    hard/p_damage_ge_90    | 0           |
|    hard/p_stars_ge_2      | 0           |
|    hard/score_mean        | 0.229       |
|    hard/stars_mean        | 0           |
|    hard/ticks_mean        | 633         |
|    hard/truncated_rate    | 0.015       |
|    medium/damage_mean     | 0.569       |
|    medium/ep_len_mean     | 72.3        |
|    medium/ep_rew_mean     | 1.41        |
|    medium/episodes_window | 200         |
|    medium/p_damage_ge_90  | 0.06        |
|    medium/p_stars_ge_2    | 0.31        |
|    medium/score_mean      | 1.48        |
|    medium/stars_mean      | 0.915       |
|    medium/ticks_mean      | 719         |
|    medium/truncated_rate  | 0.13        |
| rollout/                  |             |
|    ep_len_mean            | 68.6        |
|    ep_rew_mean            | 0.784       |
| throughput/               |             |
|    env_steps_per_sec      | 314         |
|    episodes_per_sec       | 3.85        |
| time/                     |             |
|    fps                    | 247         |
|    iterations             | 21          |
|    time_elapsed           | 4164        |
|    total_timesteps        | 1032192     |
| train/                    |             |
|    approx_kl              | 0.013728179 |
|    clip_fraction          | 0.142       |
|    clip_range             | 0.2         |
|    entropy_loss           | -5.43       |
|    explained_variance     | 0.789       |
|    learning_rate          | 0.0003      |
|    loss                   | -0.0504     |
|    n_updates              | 200         |
|    policy_gradient_loss   | -0.0213     |
|    value_loss             | 0.0658      |
-------------------------------------------
timesteps=1032288 | env_steps/sec=26.1 | episodes/sec=0.37 | gpu_util_mean=0% gpu_util_max=0% | gpu_mem_mean=2.3/47.8GB
timesteps=1033920 | env_steps/sec=317.8 | episodes/sec=5.26 | gpu_util_mean=1% gpu_util_max=1% | gpu_mem_mean=2.3/47.8GB
timesteps=1035456 | env_steps/sec=303.2 | episodes/sec=4.34 | gpu_util_mean=1% gpu_util_max=1% | gpu_mem_mean=2.3/47.8GB
timesteps=1036896 | env_steps/sec=282.8 | episodes/sec=4.32 | gpu_util_mean=0% gpu_util_max=1% | gpu_mem_mean=2.3/47.8GB
timesteps=1038528 | env_steps/sec=311.4 | episodes/sec=4.20 | gpu_util_mean=1% gpu_util_max=1% | gpu_mem_mean=2.3/47.8GB
timesteps=1040160 | env_steps/sec=319.8 | episodes/sec=4.12 | gpu_util_mean=0% gpu_util_max=1% | gpu_mem_mean=2.3/47.8GB
timesteps=1041888 | env_steps/sec=332.1 | episodes/sec=5.19 | gpu_util_mean=0% gpu_util_max=0% | gpu_mem_mean=2.3/47.8GB
timesteps=1043424 | env_steps/sec=305.9 | episodes/sec=5.18 | gpu_util_mean=0% gpu_util_max=1% | gpu_mem_mean=2.3/47.8GB
timesteps=1044960 | env_steps/sec=303.9 | episodes/sec=3.76 | gpu_util_mean=0% gpu_util_max=1% | gpu_mem_mean=2.3/47.8GB
timesteps=1046400 | env_steps/sec=279.2 | episodes/sec=3.10 | gpu_util_mean=0% gpu_util_max=1% | gpu_mem_mean=2.3/47.8GB
timesteps=1048128 | env_steps/sec=326.9 | episodes/sec=5.68 | gpu_util_mean=0% gpu_util_max=0% | gpu_mem_mean=2.3/47.8GB
timesteps=1049856 | env_steps/sec=332.0 | episodes/sec=6.34 | gpu_util_mean=0% gpu_util_max=0% | gpu_mem_mean=2.3/47.8GB
timesteps=1051488 | env_steps/sec=322.4 | episodes/sec=4.15 | gpu_util_mean=16% gpu_util_max=33% | gpu_mem_mean=2.3/47.8GB
timesteps=1053120 | env_steps/sec=324.7 | episodes/sec=3.38 | gpu_util_mean=0% gpu_util_max=0% | gpu_mem_mean=2.3/47.8GB
timesteps=1054752 | env_steps/sec=319.7 | episodes/sec=4.90 | gpu_util_mean=0% gpu_util_max=1% | gpu_mem_mean=2.3/47.8GB
timesteps=1056288 | env_steps/sec=306.1 | episodes/sec=6.18 | gpu_util_mean=0% gpu_util_max=1% | gpu_mem_mean=2.3/47.8GB
timesteps=1057920 | env_steps/sec=315.3 | episodes/sec=3.28 | gpu_util_mean=0% gpu_util_max=0% | gpu_mem_mean=2.3/47.8GB
timesteps=1059456 | env_steps/sec=294.4 | episodes/sec=4.22 | gpu_util_mean=0% gpu_util_max=0% | gpu_mem_mean=2.3/47.8GB
timesteps=1061088 | env_steps/sec=314.5 | episodes/sec=5.40 | gpu_util_mean=0% gpu_util_max=0% | gpu_mem_mean=2.3/47.8GB
timesteps=1062720 | env_steps/sec=317.6 | episodes/sec=3.89 | gpu_util_mean=0% gpu_util_max=1% | gpu_mem_mean=2.3/47.8GB
timesteps=1064352 | env_steps/sec=319.5 | episodes/sec=4.31 | gpu_util_mean=0% gpu_util_max=1% | gpu_mem_mean=2.3/47.8GB
timesteps=1065888 | env_steps/sec=299.2 | episodes/sec=4.28 | gpu_util_mean=0% gpu_util_max=0% | gpu_mem_mean=2.3/47.8GB
timesteps=1067424 | env_steps/sec=291.5 | episodes/sec=4.37 | gpu_util_mean=0% gpu_util_max=0% | gpu_mem_mean=2.3/47.8GB
timesteps=1069056 | env_steps/sec=310.0 | episodes/sec=3.80 | gpu_util_mean=0% gpu_util_max=0% | gpu_mem_mean=2.3/47.8GB
timesteps=1070592 | env_steps/sec=302.6 | episodes/sec=5.32 | gpu_util_mean=0% gpu_util_max=0% | gpu_mem_mean=2.3/47.8GB
timesteps=1072128 | env_steps/sec=299.4 | episodes/sec=4.87 | gpu_util_mean=0% gpu_util_max=1% | gpu_mem_mean=2.3/47.8GB
timesteps=1073664 | env_steps/sec=304.6 | episodes/sec=3.97 | gpu_util_mean=1% gpu_util_max=1% | gpu_mem_mean=2.3/47.8GB
timesteps=1075200 | env_steps/sec=300.4 | episodes/sec=3.91 | gpu_util_mean=0% gpu_util_max=1% | gpu_mem_mean=2.3/47.8GB
timesteps=1076736 | env_steps/sec=301.6 | episodes/sec=4.52 | gpu_util_mean=0% gpu_util_max=0% | gpu_mem_mean=2.3/47.8GB
timesteps=1078272 | env_steps/sec=298.7 | episodes/sec=4.67 | gpu_util_mean=1% gpu_util_max=1% | gpu_mem_mean=2.3/47.8GB
timesteps=1079808 | env_steps/sec=302.8 | episodes/sec=3.94 | gpu_util_mean=0% gpu_util_max=0% | gpu_mem_mean=2.3/47.8GB
-------------------------------------------
| gpu/                      |             |
|    gpu_count              | 2           |
|    gpu_mem_total_gb_mean  | 47.8        |
|    gpu_mem_used_gb_mean   | 2.33        |
|    gpu_util_pct_max       | 0           |
|    gpu_util_pct_mean      | 0           |
| profile/                  |             |
|    hard/damage_mean       | 0.235       |
|    hard/ep_len_mean       | 64.9        |
|    hard/ep_rew_mean       | 0.171       |
|    hard/episodes_window   | 200         |
|    hard/p_damage_ge_90    | 0           |
|    hard/p_stars_ge_2      | 0           |
|    hard/score_mean        | 0.235       |
|    hard/stars_mean        | 0           |
|    hard/ticks_mean        | 645         |
|    hard/truncated_rate    | 0.025       |
|    medium/damage_mean     | 0.611       |
|    medium/ep_len_mean     | 73.2        |
|    medium/ep_rew_mean     | 1.71        |
|    medium/episodes_window | 200         |
|    medium/p_damage_ge_90  | 0.08        |
|    medium/p_stars_ge_2    | 0.405       |
|    medium/score_mean      | 1.78        |
|    medium/stars_mean      | 1.17        |
|    medium/ticks_mean      | 728         |
|    medium/truncated_rate  | 0.125       |
| rollout/                  |             |
|    ep_len_mean            | 68.9        |
|    ep_rew_mean            | 0.902       |
| throughput/               |             |
|    env_steps_per_sec      | 303         |
|    episodes_per_sec       | 3.94        |
| time/                     |             |
|    fps                    | 246         |
|    iterations             | 22          |
|    time_elapsed           | 4381        |
|    total_timesteps        | 1081344     |
| train/                    |             |
|    approx_kl              | 0.011621219 |
|    clip_fraction          | 0.138       |
|    clip_range             | 0.2         |
|    entropy_loss           | -5.43       |
|    explained_variance     | 0.784       |
|    learning_rate          | 0.0003      |
|    loss                   | -0.0501     |
|    n_updates              | 210         |
|    policy_gradient_loss   | -0.0208     |
|    value_loss             | 0.0619      |
-------------------------------------------
timesteps=1081440 | env_steps/sec=41.8 | episodes/sec=0.72 | gpu_util_mean=0% gpu_util_max=0% | gpu_mem_mean=2.3/47.8GB
timesteps=1082976 | env_steps/sec=303.9 | episodes/sec=4.55 | gpu_util_mean=0% gpu_util_max=0% | gpu_mem_mean=2.3/47.8GB
timesteps=1084608 | env_steps/sec=311.1 | episodes/sec=4.38 | gpu_util_mean=0% gpu_util_max=1% | gpu_mem_mean=2.3/47.8GB
timesteps=1086048 | env_steps/sec=285.8 | episodes/sec=3.57 | gpu_util_mean=0% gpu_util_max=1% | gpu_mem_mean=2.3/47.8GB
timesteps=1087680 | env_steps/sec=321.8 | episodes/sec=5.13 | gpu_util_mean=0% gpu_util_max=1% | gpu_mem_mean=2.3/47.8GB
timesteps=1089216 | env_steps/sec=297.5 | episodes/sec=5.23 | gpu_util_mean=0% gpu_util_max=0% | gpu_mem_mean=2.3/47.8GB
timesteps=1090752 | env_steps/sec=294.6 | episodes/sec=3.84 | gpu_util_mean=0% gpu_util_max=1% | gpu_mem_mean=2.3/47.8GB
timesteps=1092384 | env_steps/sec=323.0 | episodes/sec=3.56 | gpu_util_mean=16% gpu_util_max=30% | gpu_mem_mean=2.3/47.8GB
timesteps=1094016 | env_steps/sec=325.4 | episodes/sec=5.98 | gpu_util_mean=15% gpu_util_max=29% | gpu_mem_mean=2.3/47.8GB
timesteps=1095648 | env_steps/sec=312.4 | episodes/sec=2.68 | gpu_util_mean=0% gpu_util_max=0% | gpu_mem_mean=2.3/47.8GB
timesteps=1097184 | env_steps/sec=286.9 | episodes/sec=6.54 | gpu_util_mean=0% gpu_util_max=0% | gpu_mem_mean=2.3/47.8GB
timesteps=1098720 | env_steps/sec=298.6 | episodes/sec=2.53 | gpu_util_mean=0% gpu_util_max=0% | gpu_mem_mean=2.3/47.8GB
timesteps=1100256 | env_steps/sec=298.3 | episodes/sec=5.44 | gpu_util_mean=0% gpu_util_max=0% | gpu_mem_mean=2.3/47.8GB
timesteps=1101696 | env_steps/sec=276.7 | episodes/sec=2.88 | gpu_util_mean=0% gpu_util_max=0% | gpu_mem_mean=2.3/47.8GB
timesteps=1103328 | env_steps/sec=311.2 | episodes/sec=6.67 | gpu_util_mean=0% gpu_util_max=1% | gpu_mem_mean=2.3/47.8GB
timesteps=1104864 | env_steps/sec=294.5 | episodes/sec=3.26 | gpu_util_mean=1% gpu_util_max=1% | gpu_mem_mean=2.3/47.8GB
timesteps=1106496 | env_steps/sec=325.3 | episodes/sec=5.18 | gpu_util_mean=0% gpu_util_max=1% | gpu_mem_mean=2.3/47.8GB
timesteps=1108032 | env_steps/sec=301.9 | episodes/sec=2.75 | gpu_util_mean=0% gpu_util_max=1% | gpu_mem_mean=2.3/47.8GB
timesteps=1109472 | env_steps/sec=284.5 | episodes/sec=5.14 | gpu_util_mean=0% gpu_util_max=1% | gpu_mem_mean=2.3/47.8GB
timesteps=1111008 | env_steps/sec=303.7 | episodes/sec=4.94 | gpu_util_mean=0% gpu_util_max=0% | gpu_mem_mean=2.3/47.8GB
timesteps=1112448 | env_steps/sec=276.8 | episodes/sec=3.27 | gpu_util_mean=0% gpu_util_max=0% | gpu_mem_mean=2.3/47.8GB
timesteps=1114080 | env_steps/sec=319.4 | episodes/sec=4.89 | gpu_util_mean=0% gpu_util_max=0% | gpu_mem_mean=2.3/47.8GB
timesteps=1115616 | env_steps/sec=296.3 | episodes/sec=4.63 | gpu_util_mean=0% gpu_util_max=0% | gpu_mem_mean=2.3/47.8GB
timesteps=1117152 | env_steps/sec=298.9 | episodes/sec=4.28 | gpu_util_mean=0% gpu_util_max=0% | gpu_mem_mean=2.3/47.8GB
timesteps=1118688 | env_steps/sec=290.3 | episodes/sec=3.78 | gpu_util_mean=0% gpu_util_max=0% | gpu_mem_mean=2.3/47.8GB
timesteps=1120224 | env_steps/sec=296.4 | episodes/sec=4.44 | gpu_util_mean=1% gpu_util_max=1% | gpu_mem_mean=2.3/47.8GB
timesteps=1121760 | env_steps/sec=300.9 | episodes/sec=5.88 | gpu_util_mean=0% gpu_util_max=0% | gpu_mem_mean=2.3/47.8GB
timesteps=1123392 | env_steps/sec=320.0 | episodes/sec=3.73 | gpu_util_mean=0% gpu_util_max=0% | gpu_mem_mean=2.3/47.8GB
timesteps=1125024 | env_steps/sec=317.6 | episodes/sec=3.89 | gpu_util_mean=0% gpu_util_max=0% | gpu_mem_mean=2.3/47.8GB
timesteps=1126656 | env_steps/sec=313.6 | episodes/sec=4.23 | gpu_util_mean=0% gpu_util_max=1% | gpu_mem_mean=2.3/47.8GB
timesteps=1128288 | env_steps/sec=309.6 | episodes/sec=5.31 | gpu_util_mean=0% gpu_util_max=0% | gpu_mem_mean=2.3/47.8GB
timesteps=1129920 | env_steps/sec=319.9 | episodes/sec=3.92 | gpu_util_mean=0% gpu_util_max=0% | gpu_mem_mean=2.3/47.8GB
-------------------------------------------
| gpu/                      |             |
|    gpu_count              | 2           |
|    gpu_mem_total_gb_mean  | 47.8        |
|    gpu_mem_used_gb_mean   | 2.33        |
|    gpu_util_pct_max       | 0           |
|    gpu_util_pct_mean      | 0           |
| profile/                  |             |
|    hard/damage_mean       | 0.227       |
|    hard/ep_len_mean       | 63.8        |
|    hard/ep_rew_mean       | 0.163       |
|    hard/episodes_window   | 200         |
|    hard/p_damage_ge_90    | 0           |
|    hard/p_stars_ge_2      | 0           |
|    hard/score_mean        | 0.227       |
|    hard/stars_mean        | 0           |
|    hard/ticks_mean        | 633         |
|    hard/truncated_rate    | 0.01        |
|    medium/damage_mean     | 0.603       |
|    medium/ep_len_mean     | 73.9        |
|    medium/ep_rew_mean     | 1.64        |
|    medium/episodes_window | 200         |
|    medium/p_damage_ge_90  | 0.105       |
|    medium/p_stars_ge_2    | 0.41        |
|    medium/score_mean      | 1.72        |
|    medium/stars_mean      | 1.11        |
|    medium/ticks_mean      | 735         |
|    medium/truncated_rate  | 0.12        |
| rollout/                  |             |
|    ep_len_mean            | 68.9        |
|    ep_rew_mean            | 0.82        |
| throughput/               |             |
|    env_steps_per_sec      | 320         |
|    episodes_per_sec       | 3.92        |
| time/                     |             |
|    fps                    | 246         |
|    iterations             | 23          |
|    time_elapsed           | 4576        |
|    total_timesteps        | 1130496     |
| train/                    |             |
|    approx_kl              | 0.021194756 |
|    clip_fraction          | 0.201       |
|    clip_range             | 0.2         |
|    entropy_loss           | -5.35       |
|    explained_variance     | 0.781       |
|    learning_rate          | 0.0003      |
|    loss                   | -0.0514     |
|    n_updates              | 220         |
|    policy_gradient_loss   | -0.0235     |
|    value_loss             | 0.0657      |
-------------------------------------------
timesteps=1130592 | env_steps/sec=16.2 | episodes/sec=0.31 | gpu_util_mean=16% gpu_util_max=33% | gpu_mem_mean=2.3/47.8GB
timesteps=1132320 | env_steps/sec=345.5 | episodes/sec=3.40 | gpu_util_mean=16% gpu_util_max=33% | gpu_mem_mean=2.3/47.8GB
timesteps=1134048 | env_steps/sec=333.6 | episodes/sec=6.56 | gpu_util_mean=1% gpu_util_max=1% | gpu_mem_mean=2.3/47.8GB
timesteps=1135776 | env_steps/sec=328.3 | episodes/sec=5.13 | gpu_util_mean=0% gpu_util_max=1% | gpu_mem_mean=2.3/47.8GB
timesteps=1137408 | env_steps/sec=312.7 | episodes/sec=3.45 | gpu_util_mean=0% gpu_util_max=1% | gpu_mem_mean=2.3/47.8GB
timesteps=1139040 | env_steps/sec=315.0 | episodes/sec=3.86 | gpu_util_mean=0% gpu_util_max=1% | gpu_mem_mean=2.3/47.8GB
timesteps=1140576 | env_steps/sec=297.6 | episodes/sec=5.04 | gpu_util_mean=0% gpu_util_max=1% | gpu_mem_mean=2.3/47.8GB
timesteps=1142304 | env_steps/sec=332.4 | episodes/sec=5.39 | gpu_util_mean=0% gpu_util_max=1% | gpu_mem_mean=2.3/47.8GB
timesteps=1143936 | env_steps/sec=319.0 | episodes/sec=4.50 | gpu_util_mean=0% gpu_util_max=0% | gpu_mem_mean=2.3/47.8GB
timesteps=1145568 | env_steps/sec=309.9 | episodes/sec=4.56 | gpu_util_mean=0% gpu_util_max=0% | gpu_mem_mean=2.3/47.8GB
timesteps=1147104 | env_steps/sec=291.7 | episodes/sec=5.51 | gpu_util_mean=0% gpu_util_max=0% | gpu_mem_mean=2.3/47.8GB
timesteps=1148640 | env_steps/sec=291.2 | episodes/sec=3.41 | gpu_util_mean=0% gpu_util_max=1% | gpu_mem_mean=2.3/47.8GB
timesteps=1150272 | env_steps/sec=320.5 | episodes/sec=4.32 | gpu_util_mean=1% gpu_util_max=1% | gpu_mem_mean=2.3/47.8GB
timesteps=1151904 | env_steps/sec=325.2 | episodes/sec=4.78 | gpu_util_mean=1% gpu_util_max=1% | gpu_mem_mean=2.3/47.8GB
timesteps=1153536 | env_steps/sec=320.1 | episodes/sec=5.10 | gpu_util_mean=0% gpu_util_max=0% | gpu_mem_mean=2.3/47.8GB
timesteps=1155168 | env_steps/sec=318.0 | episodes/sec=4.68 | gpu_util_mean=0% gpu_util_max=1% | gpu_mem_mean=2.3/47.8GB
timesteps=1156800 | env_steps/sec=318.3 | episodes/sec=3.51 | gpu_util_mean=0% gpu_util_max=0% | gpu_mem_mean=2.3/47.8GB
timesteps=1158336 | env_steps/sec=306.1 | episodes/sec=4.78 | gpu_util_mean=0% gpu_util_max=0% | gpu_mem_mean=2.3/47.8GB
timesteps=1159872 | env_steps/sec=296.6 | episodes/sec=4.63 | gpu_util_mean=0% gpu_util_max=1% | gpu_mem_mean=2.3/47.8GB
timesteps=1161504 | env_steps/sec=313.3 | episodes/sec=5.76 | gpu_util_mean=0% gpu_util_max=0% | gpu_mem_mean=2.3/47.8GB
timesteps=1163136 | env_steps/sec=316.5 | episodes/sec=3.49 | gpu_util_mean=0% gpu_util_max=1% | gpu_mem_mean=2.3/47.8GB
timesteps=1164768 | env_steps/sec=324.3 | episodes/sec=4.17 | gpu_util_mean=1% gpu_util_max=1% | gpu_mem_mean=2.3/47.8GB
timesteps=1166400 | env_steps/sec=320.7 | episodes/sec=6.09 | gpu_util_mean=0% gpu_util_max=0% | gpu_mem_mean=2.3/47.8GB
timesteps=1167936 | env_steps/sec=306.2 | episodes/sec=4.19 | gpu_util_mean=1% gpu_util_max=1% | gpu_mem_mean=2.3/47.8GB
timesteps=1169568 | env_steps/sec=307.3 | episodes/sec=3.20 | gpu_util_mean=0% gpu_util_max=1% | gpu_mem_mean=2.3/47.8GB
timesteps=1171104 | env_steps/sec=299.2 | episodes/sec=5.84 | gpu_util_mean=0% gpu_util_max=0% | gpu_mem_mean=2.3/47.8GB
timesteps=1172544 | env_steps/sec=283.4 | episodes/sec=2.95 | gpu_util_mean=0% gpu_util_max=1% | gpu_mem_mean=2.3/47.8GB
timesteps=1174080 | env_steps/sec=302.9 | episodes/sec=4.34 | gpu_util_mean=0% gpu_util_max=0% | gpu_mem_mean=2.3/47.8GB
timesteps=1175712 | env_steps/sec=313.2 | episodes/sec=5.18 | gpu_util_mean=0% gpu_util_max=0% | gpu_mem_mean=2.3/47.8GB
timesteps=1177248 | env_steps/sec=294.5 | episodes/sec=4.03 | gpu_util_mean=0% gpu_util_max=0% | gpu_mem_mean=2.3/47.8GB
timesteps=1178880 | env_steps/sec=317.6 | episodes/sec=4.28 | gpu_util_mean=0% gpu_util_max=1% | gpu_mem_mean=2.3/47.8GB
-------------------------------------------
| gpu/                      |             |
|    gpu_count              | 2           |
|    gpu_mem_total_gb_mean  | 47.8        |
|    gpu_mem_used_gb_mean   | 2.33        |
|    gpu_util_pct_max       | 1           |
|    gpu_util_pct_mean      | 0.5         |
| profile/                  |             |
|    hard/damage_mean       | 0.24        |
|    hard/ep_len_mean       | 64.9        |
|    hard/ep_rew_mean       | 0.175       |
|    hard/episodes_window   | 200         |
|    hard/p_damage_ge_90    | 0           |
|    hard/p_stars_ge_2      | 0           |
|    hard/score_mean        | 0.24        |
|    hard/stars_mean        | 0           |
|    hard/ticks_mean        | 645         |
|    hard/truncated_rate    | 0.03        |
|    medium/damage_mean     | 0.625       |
|    medium/ep_len_mean     | 72.9        |
|    medium/ep_rew_mean     | 1.72        |
|    medium/episodes_window | 200         |
|    medium/p_damage_ge_90  | 0.11        |
|    medium/p_stars_ge_2    | 0.425       |
|    medium/score_mean      | 1.79        |
|    medium/stars_mean      | 1.17        |
|    medium/ticks_mean      | 725         |
|    medium/truncated_rate  | 0.175       |
| rollout/                  |             |
|    ep_len_mean            | 69.7        |
|    ep_rew_mean            | 0.98        |
| throughput/               |             |
|    env_steps_per_sec      | 318         |
|    episodes_per_sec       | 4.28        |
| time/                     |             |
|    fps                    | 247         |
|    iterations             | 24          |
|    time_elapsed           | 4773        |
|    total_timesteps        | 1179648     |
| train/                    |             |
|    approx_kl              | 0.008780156 |
|    clip_fraction          | 0.0875      |
|    clip_range             | 0.2         |
|    entropy_loss           | -5.36       |
|    explained_variance     | 0.82        |
|    learning_rate          | 0.0003      |
|    loss                   | -0.0192     |
|    n_updates              | 230         |
|    policy_gradient_loss   | -0.0169     |
|    value_loss             | 0.0955      |
-------------------------------------------
timesteps=1179744 | env_steps/sec=19.1 | episodes/sec=0.22 | gpu_util_mean=0% gpu_util_max=1% | gpu_mem_mean=2.3/47.8GB
timesteps=1181280 | env_steps/sec=297.6 | episodes/sec=5.23 | gpu_util_mean=0% gpu_util_max=1% | gpu_mem_mean=2.3/47.8GB
timesteps=1182912 | env_steps/sec=318.7 | episodes/sec=5.86 | gpu_util_mean=0% gpu_util_max=1% | gpu_mem_mean=2.3/47.8GB
timesteps=1184352 | env_steps/sec=284.5 | episodes/sec=2.77 | gpu_util_mean=0% gpu_util_max=1% | gpu_mem_mean=2.3/47.8GB
timesteps=1185888 | env_steps/sec=300.8 | episodes/sec=4.11 | gpu_util_mean=0% gpu_util_max=1% | gpu_mem_mean=2.3/47.8GB
timesteps=1187424 | env_steps/sec=300.0 | episodes/sec=4.49 | gpu_util_mean=0% gpu_util_max=1% | gpu_mem_mean=2.3/47.8GB
timesteps=1189056 | env_steps/sec=317.9 | episodes/sec=5.06 | gpu_util_mean=0% gpu_util_max=0% | gpu_mem_mean=2.3/47.8GB
timesteps=1190592 | env_steps/sec=302.0 | episodes/sec=4.52 | gpu_util_mean=0% gpu_util_max=1% | gpu_mem_mean=2.3/47.8GB
timesteps=1192320 | env_steps/sec=329.9 | episodes/sec=4.96 | gpu_util_mean=0% gpu_util_max=0% | gpu_mem_mean=2.3/47.8GB
timesteps=1193856 | env_steps/sec=304.8 | episodes/sec=3.57 | gpu_util_mean=0% gpu_util_max=0% | gpu_mem_mean=2.3/47.8GB
timesteps=1195296 | env_steps/sec=283.2 | episodes/sec=4.92 | gpu_util_mean=0% gpu_util_max=0% | gpu_mem_mean=2.3/47.8GB
timesteps=1196736 | env_steps/sec=286.5 | episodes/sec=3.38 | gpu_util_mean=0% gpu_util_max=1% | gpu_mem_mean=2.3/47.8GB
timesteps=1198368 | env_steps/sec=307.0 | episodes/sec=5.45 | gpu_util_mean=0% gpu_util_max=1% | gpu_mem_mean=2.3/47.8GB
timesteps=1200000 | env_steps/sec=311.8 | episodes/sec=4.20 | gpu_util_mean=0% gpu_util_max=1% | gpu_mem_mean=2.3/47.8GB
timesteps=1201440 | env_steps/sec=272.4 | episodes/sec=3.97 | gpu_util_mean=0% gpu_util_max=0% | gpu_mem_mean=2.3/47.8GB
timesteps=1202976 | env_steps/sec=304.8 | episodes/sec=5.16 | gpu_util_mean=0% gpu_util_max=1% | gpu_mem_mean=2.3/47.8GB
timesteps=1204608 | env_steps/sec=317.3 | episodes/sec=4.67 | gpu_util_mean=0% gpu_util_max=1% | gpu_mem_mean=2.3/47.8GB
timesteps=1206240 | env_steps/sec=323.7 | episodes/sec=4.17 | gpu_util_mean=0% gpu_util_max=0% | gpu_mem_mean=2.3/47.8GB
timesteps=1207776 | env_steps/sec=287.3 | episodes/sec=4.49 | gpu_util_mean=0% gpu_util_max=1% | gpu_mem_mean=2.3/47.8GB
timesteps=1209312 | env_steps/sec=296.9 | episodes/sec=5.03 | gpu_util_mean=1% gpu_util_max=1% | gpu_mem_mean=2.3/47.8GB
timesteps=1210944 | env_steps/sec=322.9 | episodes/sec=4.55 | gpu_util_mean=0% gpu_util_max=1% | gpu_mem_mean=2.3/47.8GB
timesteps=1212576 | env_steps/sec=313.8 | episodes/sec=4.61 | gpu_util_mean=0% gpu_util_max=0% | gpu_mem_mean=2.3/47.8GB
timesteps=1214208 | env_steps/sec=317.6 | episodes/sec=5.06 | gpu_util_mean=1% gpu_util_max=1% | gpu_mem_mean=2.3/47.8GB
timesteps=1215744 | env_steps/sec=292.9 | episodes/sec=3.43 | gpu_util_mean=0% gpu_util_max=1% | gpu_mem_mean=2.3/47.8GB
timesteps=1217376 | env_steps/sec=318.9 | episodes/sec=5.47 | gpu_util_mean=0% gpu_util_max=0% | gpu_mem_mean=2.3/47.8GB
timesteps=1219008 | env_steps/sec=314.6 | episodes/sec=4.24 | gpu_util_mean=0% gpu_util_max=1% | gpu_mem_mean=2.3/47.8GB
timesteps=1220640 | env_steps/sec=323.4 | episodes/sec=5.15 | gpu_util_mean=0% gpu_util_max=0% | gpu_mem_mean=2.3/47.8GB
timesteps=1222080 | env_steps/sec=247.9 | episodes/sec=2.93 | gpu_util_mean=18% gpu_util_max=36% | gpu_mem_mean=2.3/47.8GB
timesteps=1223904 | env_steps/sec=347.6 | episodes/sec=5.15 | gpu_util_mean=16% gpu_util_max=32% | gpu_mem_mean=2.3/47.8GB
timesteps=1225536 | env_steps/sec=319.5 | episodes/sec=5.29 | gpu_util_mean=0% gpu_util_max=0% | gpu_mem_mean=2.3/47.8GB
timesteps=1227168 | env_steps/sec=319.4 | episodes/sec=4.31 | gpu_util_mean=0% gpu_util_max=0% | gpu_mem_mean=2.3/47.8GB
timesteps=1228800 | env_steps/sec=305.1 | episodes/sec=5.05 | gpu_util_mean=0% gpu_util_max=1% | gpu_mem_mean=2.3/47.8GB
-------------------------------------------
| gpu/                      |             |
|    gpu_count              | 2           |
|    gpu_mem_total_gb_mean  | 47.8        |
|    gpu_mem_used_gb_mean   | 2.33        |
|    gpu_util_pct_max       | 1           |
|    gpu_util_pct_mean      | 0.5         |
| profile/                  |             |
|    hard/damage_mean       | 0.228       |
|    hard/ep_len_mean       | 63.4        |
|    hard/ep_rew_mean       | 0.165       |
|    hard/episodes_window   | 200         |
|    hard/p_damage_ge_90    | 0           |
|    hard/p_stars_ge_2      | 0           |
|    hard/score_mean        | 0.228       |
|    hard/stars_mean        | 0           |
|    hard/ticks_mean        | 630         |
|    hard/truncated_rate    | 0.01        |
|    medium/damage_mean     | 0.606       |
|    medium/ep_len_mean     | 72          |
|    medium/ep_rew_mean     | 1.64        |
|    medium/episodes_window | 200         |
|    medium/p_damage_ge_90  | 0.1         |
|    medium/p_stars_ge_2    | 0.41        |
|    medium/score_mean      | 1.71        |
|    medium/stars_mean      | 1.1         |
|    medium/ticks_mean      | 716         |
|    medium/truncated_rate  | 0.1         |
| rollout/                  |             |
|    ep_len_mean            | 68          |
|    ep_rew_mean            | 1.03        |
| throughput/               |             |
|    env_steps_per_sec      | 305         |
|    episodes_per_sec       | 5.05        |
| time/                     |             |
|    fps                    | 246         |
|    iterations             | 25          |
|    time_elapsed           | 4976        |
|    total_timesteps        | 1228800     |
| train/                    |             |
|    approx_kl              | 0.014048445 |
|    clip_fraction          | 0.16        |
|    clip_range             | 0.2         |
|    entropy_loss           | -5.35       |
|    explained_variance     | 0.841       |
|    learning_rate          | 0.0003      |
|    loss                   | -0.0483     |
|    n_updates              | 240         |
|    policy_gradient_loss   | -0.0192     |
|    value_loss             | 0.0679      |
-------------------------------------------
timesteps=1228896 | env_steps/sec=2.2 | episodes/sec=0.02 | gpu_util_mean=0% gpu_util_max=0% | gpu_mem_mean=2.3/47.8GB
timesteps=1230432 | env_steps/sec=301.4 | episodes/sec=4.71 | gpu_util_mean=0% gpu_util_max=1% | gpu_mem_mean=2.3/47.8GB
timesteps=1232064 | env_steps/sec=325.6 | episodes/sec=4.19 | gpu_util_mean=1% gpu_util_max=1% | gpu_mem_mean=2.3/47.8GB
timesteps=1233600 | env_steps/sec=304.0 | episodes/sec=3.76 | gpu_util_mean=0% gpu_util_max=1% | gpu_mem_mean=2.3/47.8GB
timesteps=1235232 | env_steps/sec=310.7 | episodes/sec=5.14 | gpu_util_mean=0% gpu_util_max=1% | gpu_mem_mean=2.3/47.8GB
timesteps=1236864 | env_steps/sec=324.7 | episodes/sec=4.97 | gpu_util_mean=0% gpu_util_max=0% | gpu_mem_mean=2.3/47.8GB
timesteps=1238400 | env_steps/sec=290.7 | episodes/sec=4.16 | gpu_util_mean=0% gpu_util_max=0% | gpu_mem_mean=2.3/47.8GB
timesteps=1240032 | env_steps/sec=309.2 | episodes/sec=4.55 | gpu_util_mean=0% gpu_util_max=0% | gpu_mem_mean=2.3/47.8GB
timesteps=1241664 | env_steps/sec=322.5 | episodes/sec=4.74 | gpu_util_mean=0% gpu_util_max=1% | gpu_mem_mean=2.3/47.8GB
timesteps=1243296 | env_steps/sec=324.8 | episodes/sec=4.78 | gpu_util_mean=1% gpu_util_max=1% | gpu_mem_mean=2.3/47.8GB
timesteps=1244928 | env_steps/sec=310.9 | episodes/sec=3.62 | gpu_util_mean=0% gpu_util_max=0% | gpu_mem_mean=2.3/47.8GB
timesteps=1246464 | env_steps/sec=293.1 | episodes/sec=5.15 | gpu_util_mean=0% gpu_util_max=0% | gpu_mem_mean=2.3/47.8GB
timesteps=1247904 | env_steps/sec=276.9 | episodes/sec=4.04 | gpu_util_mean=0% gpu_util_max=1% | gpu_mem_mean=2.3/47.8GB
timesteps=1249536 | env_steps/sec=318.3 | episodes/sec=4.68 | gpu_util_mean=0% gpu_util_max=0% | gpu_mem_mean=2.3/47.8GB
timesteps=1251072 | env_steps/sec=291.4 | episodes/sec=4.17 | gpu_util_mean=0% gpu_util_max=0% | gpu_mem_mean=2.3/47.8GB
timesteps=1252608 | env_steps/sec=305.4 | episodes/sec=5.17 | gpu_util_mean=0% gpu_util_max=1% | gpu_mem_mean=2.3/47.8GB
timesteps=1254144 | env_steps/sec=286.7 | episodes/sec=4.48 | gpu_util_mean=0% gpu_util_max=0% | gpu_mem_mean=2.3/47.8GB
timesteps=1255680 | env_steps/sec=305.3 | episodes/sec=3.18 | gpu_util_mean=0% gpu_util_max=1% | gpu_mem_mean=2.3/47.8GB
timesteps=1257312 | env_steps/sec=312.1 | episodes/sec=4.78 | gpu_util_mean=0% gpu_util_max=1% | gpu_mem_mean=2.3/47.8GB
timesteps=1258944 | env_steps/sec=315.4 | episodes/sec=5.03 | gpu_util_mean=0% gpu_util_max=0% | gpu_mem_mean=2.3/47.8GB
timesteps=1260480 | env_steps/sec=303.9 | episodes/sec=4.75 | gpu_util_mean=0% gpu_util_max=1% | gpu_mem_mean=2.3/47.8GB
timesteps=1262016 | env_steps/sec=242.5 | episodes/sec=3.32 | gpu_util_mean=0% gpu_util_max=0% | gpu_mem_mean=2.3/47.8GB
timesteps=1263456 | env_steps/sec=275.0 | episodes/sec=2.86 | gpu_util_mean=0% gpu_util_max=0% | gpu_mem_mean=2.3/47.8GB
timesteps=1265088 | env_steps/sec=318.1 | episodes/sec=6.24 | gpu_util_mean=19% gpu_util_max=37% | gpu_mem_mean=2.3/47.8GB
timesteps=1266912 | env_steps/sec=353.9 | episodes/sec=5.24 | gpu_util_mean=0% gpu_util_max=1% | gpu_mem_mean=2.3/47.8GB
timesteps=1268352 | env_steps/sec=275.2 | episodes/sec=3.82 | gpu_util_mean=0% gpu_util_max=0% | gpu_mem_mean=2.3/47.8GB
timesteps=1269792 | env_steps/sec=269.8 | episodes/sec=3.37 | gpu_util_mean=0% gpu_util_max=0% | gpu_mem_mean=2.3/47.8GB
timesteps=1271232 | env_steps/sec=281.2 | episodes/sec=4.49 | gpu_util_mean=0% gpu_util_max=0% | gpu_mem_mean=2.3/47.8GB
timesteps=1272864 | env_steps/sec=310.5 | episodes/sec=4.95 | gpu_util_mean=0% gpu_util_max=1% | gpu_mem_mean=2.3/47.8GB
timesteps=1274400 | env_steps/sec=298.0 | episodes/sec=4.07 | gpu_util_mean=0% gpu_util_max=0% | gpu_mem_mean=2.3/47.8GB
timesteps=1275840 | env_steps/sec=270.9 | episodes/sec=3.01 | gpu_util_mean=0% gpu_util_max=1% | gpu_mem_mean=2.3/47.8GB
timesteps=1277184 | env_steps/sec=262.2 | episodes/sec=4.10 | gpu_util_mean=0% gpu_util_max=0% | gpu_mem_mean=2.3/47.8GB
-------------------------------------------
| gpu/                      |             |
|    gpu_count              | 2           |
|    gpu_mem_total_gb_mean  | 47.8        |
|    gpu_mem_used_gb_mean   | 2.33        |
|    gpu_util_pct_max       | 0           |
|    gpu_util_pct_mean      | 0           |
| profile/                  |             |
|    hard/damage_mean       | 0.224       |
|    hard/ep_len_mean       | 64.3        |
|    hard/ep_rew_mean       | 0.16        |
|    hard/episodes_window   | 200         |
|    hard/p_damage_ge_90    | 0           |
|    hard/p_stars_ge_2      | 0           |
|    hard/score_mean        | 0.224       |
|    hard/stars_mean        | 0           |
|    hard/ticks_mean        | 638         |
|    hard/truncated_rate    | 0.02        |
|    medium/damage_mean     | 0.615       |
|    medium/ep_len_mean     | 72.2        |
|    medium/ep_rew_mean     | 1.69        |
|    medium/episodes_window | 200         |
|    medium/p_damage_ge_90  | 0.095       |
|    medium/p_stars_ge_2    | 0.4         |
|    medium/score_mean      | 1.77        |
|    medium/stars_mean      | 1.15        |
|    medium/ticks_mean      | 719         |
|    medium/truncated_rate  | 0.115       |
| rollout/                  |             |
|    ep_len_mean            | 68.9        |
|    ep_rew_mean            | 0.801       |
| throughput/               |             |
|    env_steps_per_sec      | 262         |
|    episodes_per_sec       | 4.1         |
| time/                     |             |
|    fps                    | 246         |
|    iterations             | 26          |
|    time_elapsed           | 5185        |
|    total_timesteps        | 1277952     |
| train/                    |             |
|    approx_kl              | 0.009066489 |
|    clip_fraction          | 0.119       |
|    clip_range             | 0.2         |
|    entropy_loss           | -5.4        |
|    explained_variance     | 0.852       |
|    learning_rate          | 0.0003      |
|    loss                   | -0.0499     |
|    n_updates              | 250         |
|    policy_gradient_loss   | -0.0197     |
|    value_loss             | 0.0718      |
-------------------------------------------
timesteps=1278048 | env_steps/sec=84.5 | episodes/sec=1.27 | gpu_util_mean=0% gpu_util_max=1% | gpu_mem_mean=2.3/47.8GB
timesteps=1279488 | env_steps/sec=272.0 | episodes/sec=4.91 | gpu_util_mean=0% gpu_util_max=0% | gpu_mem_mean=2.3/47.8GB
timesteps=1280928 | env_steps/sec=264.6 | episodes/sec=3.49 | gpu_util_mean=0% gpu_util_max=0% | gpu_mem_mean=2.3/47.8GB
timesteps=1282368 | env_steps/sec=270.1 | episodes/sec=3.38 | gpu_util_mean=0% gpu_util_max=1% | gpu_mem_mean=2.3/47.8GB
timesteps=1283808 | env_steps/sec=270.3 | episodes/sec=4.51 | gpu_util_mean=0% gpu_util_max=1% | gpu_mem_mean=2.3/47.8GB
timesteps=1285248 | env_steps/sec=278.0 | episodes/sec=4.63 | gpu_util_mean=1% gpu_util_max=1% | gpu_mem_mean=2.3/47.8GB
timesteps=1286592 | env_steps/sec=262.5 | episodes/sec=3.13 | gpu_util_mean=0% gpu_util_max=0% | gpu_mem_mean=2.3/47.8GB
timesteps=1288032 | env_steps/sec=281.2 | episodes/sec=3.91 | gpu_util_mean=0% gpu_util_max=0% | gpu_mem_mean=2.3/47.8GB
timesteps=1289376 | env_steps/sec=265.9 | episodes/sec=3.76 | gpu_util_mean=0% gpu_util_max=1% | gpu_mem_mean=2.3/47.8GB
timesteps=1290816 | env_steps/sec=281.9 | episodes/sec=5.48 | gpu_util_mean=0% gpu_util_max=1% | gpu_mem_mean=2.3/47.8GB
timesteps=1292256 | env_steps/sec=279.9 | episodes/sec=2.72 | gpu_util_mean=0% gpu_util_max=1% | gpu_mem_mean=2.3/47.8GB
timesteps=1293792 | env_steps/sec=286.1 | episodes/sec=3.54 | gpu_util_mean=0% gpu_util_max=0% | gpu_mem_mean=2.3/47.8GB
timesteps=1295232 | env_steps/sec=271.5 | episodes/sec=4.15 | gpu_util_mean=0% gpu_util_max=0% | gpu_mem_mean=2.3/47.8GB
timesteps=1296768 | env_steps/sec=303.7 | episodes/sec=6.13 | gpu_util_mean=0% gpu_util_max=0% | gpu_mem_mean=2.3/47.8GB
timesteps=1298304 | env_steps/sec=297.9 | episodes/sec=3.10 | gpu_util_mean=0% gpu_util_max=0% | gpu_mem_mean=2.3/47.8GB
timesteps=1299936 | env_steps/sec=326.0 | episodes/sec=3.60 | gpu_util_mean=0% gpu_util_max=0% | gpu_mem_mean=2.3/47.8GB
timesteps=1301664 | env_steps/sec=324.0 | episodes/sec=5.44 | gpu_util_mean=0% gpu_util_max=0% | gpu_mem_mean=2.3/47.8GB
timesteps=1303296 | env_steps/sec=315.0 | episodes/sec=5.60 | gpu_util_mean=0% gpu_util_max=1% | gpu_mem_mean=2.3/47.8GB
timesteps=1304832 | env_steps/sec=298.5 | episodes/sec=3.11 | gpu_util_mean=0% gpu_util_max=0% | gpu_mem_mean=2.3/47.8GB
timesteps=1306368 | env_steps/sec=291.6 | episodes/sec=3.80 | gpu_util_mean=0% gpu_util_max=1% | gpu_mem_mean=2.3/47.8GB
timesteps=1308000 | env_steps/sec=309.9 | episodes/sec=5.51 | gpu_util_mean=0% gpu_util_max=0% | gpu_mem_mean=2.3/47.8GB
timesteps=1309536 | env_steps/sec=293.4 | episodes/sec=4.97 | gpu_util_mean=0% gpu_util_max=1% | gpu_mem_mean=2.3/47.8GB
timesteps=1310976 | env_steps/sec=276.2 | episodes/sec=3.45 | gpu_util_mean=0% gpu_util_max=1% | gpu_mem_mean=2.3/47.8GB
timesteps=1312320 | env_steps/sec=262.3 | episodes/sec=2.34 | gpu_util_mean=0% gpu_util_max=0% | gpu_mem_mean=2.3/47.8GB
timesteps=1313856 | env_steps/sec=287.7 | episodes/sec=5.81 | gpu_util_mean=14% gpu_util_max=28% | gpu_mem_mean=2.3/47.8GB
timesteps=1315392 | env_steps/sec=291.7 | episodes/sec=3.99 | gpu_util_mean=0% gpu_util_max=1% | gpu_mem_mean=2.3/47.8GB
timesteps=1316928 | env_steps/sec=291.2 | episodes/sec=5.12 | gpu_util_mean=0% gpu_util_max=0% | gpu_mem_mean=2.3/47.8GB
timesteps=1318368 | env_steps/sec=282.3 | episodes/sec=2.16 | gpu_util_mean=0% gpu_util_max=0% | gpu_mem_mean=2.3/47.8GB
timesteps=1319808 | env_steps/sec=286.5 | episodes/sec=4.58 | gpu_util_mean=0% gpu_util_max=0% | gpu_mem_mean=2.3/47.8GB
timesteps=1321344 | env_steps/sec=294.2 | episodes/sec=5.36 | gpu_util_mean=0% gpu_util_max=0% | gpu_mem_mean=2.3/47.8GB
timesteps=1322976 | env_steps/sec=312.4 | episodes/sec=4.98 | gpu_util_mean=0% gpu_util_max=0% | gpu_mem_mean=2.3/47.8GB
timesteps=1324320 | env_steps/sec=252.3 | episodes/sec=2.44 | gpu_util_mean=0% gpu_util_max=1% | gpu_mem_mean=2.3/47.8GB
timesteps=1325760 | env_steps/sec=284.8 | episodes/sec=4.55 | gpu_util_mean=0% gpu_util_max=0% | gpu_mem_mean=2.3/47.8GB
------------------------------------------
| gpu/                      |            |
|    gpu_count              | 2          |
|    gpu_mem_total_gb_mean  | 47.8       |
|    gpu_mem_used_gb_mean   | 2.33       |
|    gpu_util_pct_max       | 0          |
|    gpu_util_pct_mean      | 0          |
| profile/                  |            |
|    hard/damage_mean       | 0.233      |
|    hard/ep_len_mean       | 65.4       |
|    hard/ep_rew_mean       | 0.178      |
|    hard/episodes_window   | 200        |
|    hard/p_damage_ge_90    | 0          |
|    hard/p_stars_ge_2      | 0.005      |
|    hard/score_mean        | 0.243      |
|    hard/stars_mean        | 0.01       |
|    hard/ticks_mean        | 650        |
|    hard/truncated_rate    | 0.04       |
|    medium/damage_mean     | 0.63       |
|    medium/ep_len_mean     | 72.5       |
|    medium/ep_rew_mean     | 1.75       |
|    medium/episodes_window | 200        |
|    medium/p_damage_ge_90  | 0.13       |
|    medium/p_stars_ge_2    | 0.425      |
|    medium/score_mean      | 1.82       |
|    medium/stars_mean      | 1.19       |
|    medium/ticks_mean      | 722        |
|    medium/truncated_rate  | 0.135      |
| rollout/                  |            |
|    ep_len_mean            | 68.3       |
|    ep_rew_mean            | 0.802      |
| throughput/               |            |
|    env_steps_per_sec      | 285        |
|    episodes_per_sec       | 4.55       |
| time/                     |            |
|    fps                    | 247        |
|    iterations             | 27         |
|    time_elapsed           | 5363       |
|    total_timesteps        | 1327104    |
| train/                    |            |
|    approx_kl              | 0.01146737 |
|    clip_fraction          | 0.159      |
|    clip_range             | 0.2        |
|    entropy_loss           | -5.35      |
|    explained_variance     | 0.859      |
|    learning_rate          | 0.0003     |
|    loss                   | -0.0475    |
|    n_updates              | 260        |
|    policy_gradient_loss   | -0.0185    |
|    value_loss             | 0.0664     |
------------------------------------------
timesteps=1327200 | env_steps/sec=119.7 | episodes/sec=2.49 | gpu_util_mean=17% gpu_util_max=34% | gpu_mem_mean=2.3/47.8GB
timesteps=1328736 | env_steps/sec=288.6 | episodes/sec=3.38 | gpu_util_mean=0% gpu_util_max=0% | gpu_mem_mean=2.3/47.8GB
timesteps=1330176 | env_steps/sec=275.6 | episodes/sec=3.06 | gpu_util_mean=0% gpu_util_max=1% | gpu_mem_mean=2.3/47.8GB
timesteps=1331616 | env_steps/sec=283.7 | episodes/sec=4.33 | gpu_util_mean=0% gpu_util_max=1% | gpu_mem_mean=2.3/47.8GB
timesteps=1333152 | env_steps/sec=291.5 | episodes/sec=4.74 | gpu_util_mean=0% gpu_util_max=1% | gpu_mem_mean=2.3/47.8GB
timesteps=1334688 | env_steps/sec=284.9 | episodes/sec=4.27 | gpu_util_mean=0% gpu_util_max=1% | gpu_mem_mean=2.3/47.8GB
timesteps=1336128 | env_steps/sec=282.2 | episodes/sec=3.53 | gpu_util_mean=0% gpu_util_max=0% | gpu_mem_mean=2.3/47.8GB
timesteps=1337568 | env_steps/sec=283.2 | episodes/sec=4.13 | gpu_util_mean=0% gpu_util_max=1% | gpu_mem_mean=2.3/47.8GB
timesteps=1339008 | env_steps/sec=286.4 | episodes/sec=4.77 | gpu_util_mean=0% gpu_util_max=1% | gpu_mem_mean=2.3/47.8GB
timesteps=1340448 | env_steps/sec=273.0 | episodes/sec=3.79 | gpu_util_mean=0% gpu_util_max=1% | gpu_mem_mean=2.3/47.8GB
timesteps=1341984 | env_steps/sec=284.5 | episodes/sec=3.15 | gpu_util_mean=0% gpu_util_max=0% | gpu_mem_mean=2.3/47.8GB
timesteps=1343520 | env_steps/sec=303.1 | episodes/sec=4.93 | gpu_util_mean=0% gpu_util_max=0% | gpu_mem_mean=2.3/47.8GB
timesteps=1344960 | env_steps/sec=284.8 | episodes/sec=4.75 | gpu_util_mean=0% gpu_util_max=0% | gpu_mem_mean=2.3/47.8GB
timesteps=1346400 | env_steps/sec=282.7 | episodes/sec=4.32 | gpu_util_mean=0% gpu_util_max=0% | gpu_mem_mean=2.3/47.8GB
timesteps=1347936 | env_steps/sec=292.5 | episodes/sec=3.43 | gpu_util_mean=0% gpu_util_max=0% | gpu_mem_mean=2.3/47.8GB
timesteps=1349376 | env_steps/sec=284.8 | episodes/sec=3.96 | gpu_util_mean=0% gpu_util_max=1% | gpu_mem_mean=2.3/47.8GB
timesteps=1350816 | env_steps/sec=286.8 | episodes/sec=5.38 | gpu_util_mean=0% gpu_util_max=0% | gpu_mem_mean=2.3/47.8GB
timesteps=1352352 | env_steps/sec=290.2 | episodes/sec=4.35 | gpu_util_mean=0% gpu_util_max=1% | gpu_mem_mean=2.3/47.8GB
timesteps=1353888 | env_steps/sec=303.2 | episodes/sec=3.75 | gpu_util_mean=1% gpu_util_max=1% | gpu_mem_mean=2.3/47.8GB
timesteps=1355424 | env_steps/sec=290.9 | episodes/sec=4.17 | gpu_util_mean=0% gpu_util_max=0% | gpu_mem_mean=2.3/47.8GB
timesteps=1356960 | env_steps/sec=305.4 | episodes/sec=5.17 | gpu_util_mean=0% gpu_util_max=0% | gpu_mem_mean=2.3/47.8GB
timesteps=1358400 | env_steps/sec=283.7 | episodes/sec=4.33 | gpu_util_mean=0% gpu_util_max=0% | gpu_mem_mean=2.3/47.8GB
timesteps=1359648 | env_steps/sec=248.4 | episodes/sec=2.99 | gpu_util_mean=0% gpu_util_max=0% | gpu_mem_mean=2.3/47.8GB
timesteps=1361088 | env_steps/sec=287.1 | episodes/sec=4.59 | gpu_util_mean=0% gpu_util_max=1% | gpu_mem_mean=2.3/47.8GB
timesteps=1362720 | env_steps/sec=315.4 | episodes/sec=3.86 | gpu_util_mean=16% gpu_util_max=31% | gpu_mem_mean=2.3/47.8GB
timesteps=1364352 | env_steps/sec=312.9 | episodes/sec=4.60 | gpu_util_mean=0% gpu_util_max=1% | gpu_mem_mean=2.3/47.8GB
timesteps=1365888 | env_steps/sec=297.6 | episodes/sec=4.84 | gpu_util_mean=0% gpu_util_max=0% | gpu_mem_mean=2.3/47.8GB
timesteps=1367424 | env_steps/sec=288.3 | episodes/sec=3.38 | gpu_util_mean=0% gpu_util_max=0% | gpu_mem_mean=2.3/47.8GB
timesteps=1368864 | env_steps/sec=281.0 | episodes/sec=5.46 | gpu_util_mean=0% gpu_util_max=0% | gpu_mem_mean=2.3/47.8GB
timesteps=1370304 | env_steps/sec=277.8 | episodes/sec=2.70 | gpu_util_mean=1% gpu_util_max=1% | gpu_mem_mean=2.3/47.8GB
timesteps=1371840 | env_steps/sec=304.2 | episodes/sec=4.36 | gpu_util_mean=0% gpu_util_max=1% | gpu_mem_mean=2.3/47.8GB
timesteps=1373184 | env_steps/sec=257.6 | episodes/sec=4.41 | gpu_util_mean=0% gpu_util_max=0% | gpu_mem_mean=2.3/47.8GB
timesteps=1374720 | env_steps/sec=294.2 | episodes/sec=5.75 | gpu_util_mean=0% gpu_util_max=0% | gpu_mem_mean=2.3/47.8GB
timesteps=1376064 | env_steps/sec=257.2 | episodes/sec=2.49 | gpu_util_mean=0% gpu_util_max=0% | gpu_mem_mean=2.3/47.8GB
-------------------------------------------
| gpu/                      |             |
|    gpu_count              | 2           |
|    gpu_mem_total_gb_mean  | 47.8        |
|    gpu_mem_used_gb_mean   | 2.33        |
|    gpu_util_pct_max       | 0           |
|    gpu_util_pct_mean      | 0           |
| profile/                  |             |
|    hard/damage_mean       | 0.235       |
|    hard/ep_len_mean       | 64.1        |
|    hard/ep_rew_mean       | 0.171       |
|    hard/episodes_window   | 200         |
|    hard/p_damage_ge_90    | 0           |
|    hard/p_stars_ge_2      | 0           |
|    hard/score_mean        | 0.235       |
|    hard/stars_mean        | 0           |
|    hard/ticks_mean        | 636         |
|    hard/truncated_rate    | 0.035       |
|    medium/damage_mean     | 0.639       |
|    medium/ep_len_mean     | 73          |
|    medium/ep_rew_mean     | 1.86        |
|    medium/episodes_window | 200         |
|    medium/p_damage_ge_90  | 0.105       |
|    medium/p_stars_ge_2    | 0.5         |
|    medium/score_mean      | 1.93        |
|    medium/stars_mean      | 1.29        |
|    medium/ticks_mean      | 726         |
|    medium/truncated_rate  | 0.155       |
| rollout/                  |             |
|    ep_len_mean            | 68.4        |
|    ep_rew_mean            | 0.985       |
| throughput/               |             |
|    env_steps_per_sec      | 257         |
|    episodes_per_sec       | 2.49        |
| time/                     |             |
|    fps                    | 248         |
|    iterations             | 28          |
|    time_elapsed           | 5542        |
|    total_timesteps        | 1376256     |
| train/                    |             |
|    approx_kl              | 0.012828995 |
|    clip_fraction          | 0.169       |
|    clip_range             | 0.2         |
|    entropy_loss           | -5.33       |
|    explained_variance     | 0.866       |
|    learning_rate          | 0.0003      |
|    loss                   | -0.0491     |
|    n_updates              | 270         |
|    policy_gradient_loss   | -0.0201     |
|    value_loss             | 0.0633      |
-------------------------------------------
timesteps=1376352 | env_steps/sec=34.6 | episodes/sec=0.12 | gpu_util_mean=0% gpu_util_max=0% | gpu_mem_mean=2.3/47.8GB
timesteps=1377888 | env_steps/sec=297.1 | episodes/sec=4.26 | gpu_util_mean=1% gpu_util_max=1% | gpu_mem_mean=2.3/47.8GB
timesteps=1379424 | env_steps/sec=303.0 | episodes/sec=4.34 | gpu_util_mean=1% gpu_util_max=1% | gpu_mem_mean=2.3/47.8GB
timesteps=1380960 | env_steps/sec=303.5 | episodes/sec=6.92 | gpu_util_mean=0% gpu_util_max=0% | gpu_mem_mean=2.3/47.8GB
timesteps=1382400 | env_steps/sec=283.2 | episodes/sec=1.97 | gpu_util_mean=0% gpu_util_max=0% | gpu_mem_mean=2.3/47.8GB
timesteps=1383744 | env_steps/sec=263.5 | episodes/sec=4.31 | gpu_util_mean=0% gpu_util_max=1% | gpu_mem_mean=2.3/47.8GB
timesteps=1385184 | env_steps/sec=277.2 | episodes/sec=3.08 | gpu_util_mean=0% gpu_util_max=1% | gpu_mem_mean=2.3/47.8GB
timesteps=1386720 | env_steps/sec=292.9 | episodes/sec=6.10 | gpu_util_mean=0% gpu_util_max=0% | gpu_mem_mean=2.3/47.8GB
timesteps=1388256 | env_steps/sec=304.3 | episodes/sec=3.96 | gpu_util_mean=0% gpu_util_max=0% | gpu_mem_mean=2.3/47.8GB
timesteps=1389696 | env_steps/sec=282.7 | episodes/sec=3.53 | gpu_util_mean=0% gpu_util_max=0% | gpu_mem_mean=2.3/47.8GB
timesteps=1390944 | env_steps/sec=245.5 | episodes/sec=2.95 | gpu_util_mean=0% gpu_util_max=1% | gpu_mem_mean=2.3/47.8GB
timesteps=1392288 | env_steps/sec=264.1 | episodes/sec=4.52 | gpu_util_mean=0% gpu_util_max=0% | gpu_mem_mean=2.3/47.8GB
timesteps=1393824 | env_steps/sec=305.0 | episodes/sec=5.16 | gpu_util_mean=0% gpu_util_max=0% | gpu_mem_mean=2.3/47.8GB
timesteps=1395360 | env_steps/sec=304.9 | episodes/sec=4.17 | gpu_util_mean=0% gpu_util_max=1% | gpu_mem_mean=2.3/47.8GB
timesteps=1396896 | env_steps/sec=289.5 | episodes/sec=4.34 | gpu_util_mean=0% gpu_util_max=0% | gpu_mem_mean=2.3/47.8GB
timesteps=1398432 | env_steps/sec=298.4 | episodes/sec=3.69 | gpu_util_mean=0% gpu_util_max=0% | gpu_mem_mean=2.3/47.8GB
timesteps=1399872 | env_steps/sec=282.9 | episodes/sec=4.91 | gpu_util_mean=1% gpu_util_max=1% | gpu_mem_mean=2.3/47.8GB
timesteps=1401408 | env_steps/sec=291.6 | episodes/sec=3.99 | gpu_util_mean=0% gpu_util_max=1% | gpu_mem_mean=2.3/47.8GB
timesteps=1402944 | env_steps/sec=302.2 | episodes/sec=5.51 | gpu_util_mean=0% gpu_util_max=0% | gpu_mem_mean=2.3/47.8GB
timesteps=1404384 | env_steps/sec=271.4 | episodes/sec=2.83 | gpu_util_mean=0% gpu_util_max=0% | gpu_mem_mean=2.3/47.8GB
timesteps=1405824 | env_steps/sec=279.6 | episodes/sec=3.69 | gpu_util_mean=0% gpu_util_max=0% | gpu_mem_mean=2.3/47.8GB
timesteps=1407360 | env_steps/sec=298.7 | episodes/sec=4.67 | gpu_util_mean=0% gpu_util_max=0% | gpu_mem_mean=2.3/47.8GB
timesteps=1408992 | env_steps/sec=312.8 | episodes/sec=5.94 | gpu_util_mean=16% gpu_util_max=33% | gpu_mem_mean=2.3/47.8GB
timesteps=1410720 | env_steps/sec=335.2 | episodes/sec=3.88 | gpu_util_mean=16% gpu_util_max=30% | gpu_mem_mean=2.3/47.8GB
timesteps=1412160 | env_steps/sec=279.7 | episodes/sec=3.50 | gpu_util_mean=0% gpu_util_max=0% | gpu_mem_mean=2.3/47.8GB
timesteps=1413696 | env_steps/sec=297.6 | episodes/sec=5.43 | gpu_util_mean=0% gpu_util_max=0% | gpu_mem_mean=2.3/47.8GB
timesteps=1415232 | env_steps/sec=293.1 | episodes/sec=4.39 | gpu_util_mean=0% gpu_util_max=0% | gpu_mem_mean=2.3/47.8GB
timesteps=1416768 | env_steps/sec=304.3 | episodes/sec=4.75 | gpu_util_mean=0% gpu_util_max=0% | gpu_mem_mean=2.3/47.8GB
timesteps=1418208 | env_steps/sec=278.7 | episodes/sec=3.10 | gpu_util_mean=0% gpu_util_max=0% | gpu_mem_mean=2.3/47.8GB
timesteps=1419552 | env_steps/sec=261.1 | episodes/sec=3.88 | gpu_util_mean=0% gpu_util_max=1% | gpu_mem_mean=2.3/47.8GB
timesteps=1420992 | env_steps/sec=277.4 | episodes/sec=4.62 | gpu_util_mean=0% gpu_util_max=1% | gpu_mem_mean=2.3/47.8GB
timesteps=1422720 | env_steps/sec=328.9 | episodes/sec=3.81 | gpu_util_mean=0% gpu_util_max=0% | gpu_mem_mean=2.3/47.8GB
timesteps=1424256 | env_steps/sec=288.5 | episodes/sec=4.88 | gpu_util_mean=0% gpu_util_max=0% | gpu_mem_mean=2.3/47.8GB
-------------------------------------------
| gpu/                      |             |
|    gpu_count              | 2           |
|    gpu_mem_total_gb_mean  | 47.8        |
|    gpu_mem_used_gb_mean   | 2.33        |
|    gpu_util_pct_max       | 0           |
|    gpu_util_pct_mean      | 0           |
| profile/                  |             |
|    hard/damage_mean       | 0.227       |
|    hard/ep_len_mean       | 64.7        |
|    hard/ep_rew_mean       | 0.172       |
|    hard/episodes_window   | 200         |
|    hard/p_damage_ge_90    | 0           |
|    hard/p_stars_ge_2      | 0.005       |
|    hard/score_mean        | 0.237       |
|    hard/stars_mean        | 0.01        |
|    hard/ticks_mean        | 643         |
|    hard/truncated_rate    | 0.02        |
|    medium/damage_mean     | 0.614       |
|    medium/ep_len_mean     | 71.9        |
|    medium/ep_rew_mean     | 1.65        |
|    medium/episodes_window | 200         |
|    medium/p_damage_ge_90  | 0.1         |
|    medium/p_stars_ge_2    | 0.4         |
|    medium/score_mean      | 1.72        |
|    medium/stars_mean      | 1.1         |
|    medium/ticks_mean      | 715         |
|    medium/truncated_rate  | 0.11        |
| rollout/                  |             |
|    ep_len_mean            | 68.3        |
|    ep_rew_mean            | 0.911       |
| throughput/               |             |
|    env_steps_per_sec      | 289         |
|    episodes_per_sec       | 4.88        |
| time/                     |             |
|    fps                    | 249         |
|    iterations             | 29          |
|    time_elapsed           | 5718        |
|    total_timesteps        | 1425408     |
| train/                    |             |
|    approx_kl              | 0.010493282 |
|    clip_fraction          | 0.131       |
|    clip_range             | 0.2         |
|    entropy_loss           | -5.36       |
|    explained_variance     | 0.854       |
|    learning_rate          | 0.0003      |
|    loss                   | -0.047      |
|    n_updates              | 280         |
|    policy_gradient_loss   | -0.0177     |
|    value_loss             | 0.066       |
-------------------------------------------
timesteps=1425504 | env_steps/sec=112.2 | episodes/sec=1.89 | gpu_util_mean=4% gpu_util_max=9% | gpu_mem_mean=2.3/47.8GB
timesteps=1427136 | env_steps/sec=323.2 | episodes/sec=3.56 | gpu_util_mean=0% gpu_util_max=0% | gpu_mem_mean=2.3/47.8GB
timesteps=1428672 | env_steps/sec=298.4 | episodes/sec=4.27 | gpu_util_mean=0% gpu_util_max=1% | gpu_mem_mean=2.3/47.8GB
timesteps=1430208 | env_steps/sec=292.4 | episodes/sec=4.00 | gpu_util_mean=0% gpu_util_max=1% | gpu_mem_mean=2.3/47.8GB
timesteps=1431648 | env_steps/sec=278.3 | episodes/sec=4.64 | gpu_util_mean=0% gpu_util_max=1% | gpu_mem_mean=2.3/47.8GB
timesteps=1432992 | env_steps/sec=264.7 | episodes/sec=3.55 | gpu_util_mean=0% gpu_util_max=0% | gpu_mem_mean=2.3/47.8GB
timesteps=1434624 | env_steps/sec=326.3 | episodes/sec=5.20 | gpu_util_mean=0% gpu_util_max=0% | gpu_mem_mean=2.3/47.8GB
timesteps=1436160 | env_steps/sec=306.6 | episodes/sec=4.59 | gpu_util_mean=0% gpu_util_max=0% | gpu_mem_mean=2.3/47.8GB
timesteps=1437600 | env_steps/sec=274.8 | episodes/sec=3.43 | gpu_util_mean=0% gpu_util_max=1% | gpu_mem_mean=2.3/47.8GB
timesteps=1439136 | env_steps/sec=289.5 | episodes/sec=5.09 | gpu_util_mean=0% gpu_util_max=0% | gpu_mem_mean=2.3/47.8GB
timesteps=1440768 | env_steps/sec=313.9 | episodes/sec=5.00 | gpu_util_mean=0% gpu_util_max=1% | gpu_mem_mean=2.3/47.8GB
timesteps=1442400 | env_steps/sec=323.6 | episodes/sec=3.77 | gpu_util_mean=0% gpu_util_max=1% | gpu_mem_mean=2.3/47.8GB
timesteps=1444032 | env_steps/sec=323.3 | episodes/sec=3.76 | gpu_util_mean=0% gpu_util_max=0% | gpu_mem_mean=2.3/47.8GB
timesteps=1445568 | env_steps/sec=303.1 | episodes/sec=5.72 | gpu_util_mean=0% gpu_util_max=1% | gpu_mem_mean=2.3/47.8GB
timesteps=1447104 | env_steps/sec=304.4 | episodes/sec=4.76 | gpu_util_mean=0% gpu_util_max=1% | gpu_mem_mean=2.3/47.8GB
timesteps=1448544 | env_steps/sec=275.4 | episodes/sec=3.25 | gpu_util_mean=0% gpu_util_max=1% | gpu_mem_mean=2.3/47.8GB
timesteps=1449984 | env_steps/sec=275.3 | episodes/sec=3.82 | gpu_util_mean=0% gpu_util_max=1% | gpu_mem_mean=2.3/47.8GB
timesteps=1451616 | env_steps/sec=325.9 | episodes/sec=5.19 | gpu_util_mean=0% gpu_util_max=1% | gpu_mem_mean=2.3/47.8GB
timesteps=1453152 | env_steps/sec=295.6 | episodes/sec=4.43 | gpu_util_mean=0% gpu_util_max=1% | gpu_mem_mean=2.3/47.8GB
timesteps=1454592 | env_steps/sec=283.6 | episodes/sec=4.53 | gpu_util_mean=0% gpu_util_max=1% | gpu_mem_mean=2.3/47.8GB
timesteps=1456128 | env_steps/sec=290.7 | episodes/sec=3.03 | gpu_util_mean=17% gpu_util_max=34% | gpu_mem_mean=2.3/47.8GB
timesteps=1457568 | env_steps/sec=287.8 | episodes/sec=5.00 | gpu_util_mean=17% gpu_util_max=34% | gpu_mem_mean=2.3/47.8GB
timesteps=1459104 | env_steps/sec=289.8 | episodes/sec=4.53 | gpu_util_mean=0% gpu_util_max=0% | gpu_mem_mean=2.3/47.8GB
timesteps=1460544 | env_steps/sec=269.2 | episodes/sec=3.74 | gpu_util_mean=0% gpu_util_max=1% | gpu_mem_mean=2.3/47.8GB
timesteps=1461888 | env_steps/sec=261.6 | episodes/sec=2.34 | gpu_util_mean=0% gpu_util_max=0% | gpu_mem_mean=2.3/47.8GB
timesteps=1463328 | env_steps/sec=278.9 | episodes/sec=5.42 | gpu_util_mean=0% gpu_util_max=1% | gpu_mem_mean=2.3/47.8GB
timesteps=1464864 | env_steps/sec=300.3 | episodes/sec=3.13 | gpu_util_mean=0% gpu_util_max=0% | gpu_mem_mean=2.3/47.8GB
timesteps=1466304 | env_steps/sec=280.8 | episodes/sec=5.07 | gpu_util_mean=1% gpu_util_max=1% | gpu_mem_mean=2.3/47.8GB
timesteps=1467744 | env_steps/sec=277.3 | episodes/sec=3.27 | gpu_util_mean=0% gpu_util_max=0% | gpu_mem_mean=2.3/47.8GB
timesteps=1469280 | env_steps/sec=289.7 | episodes/sec=4.71 | gpu_util_mean=0% gpu_util_max=0% | gpu_mem_mean=2.3/47.8GB
timesteps=1470720 | env_steps/sec=272.5 | episodes/sec=3.97 | gpu_util_mean=0% gpu_util_max=0% | gpu_mem_mean=2.3/47.8GB
timesteps=1472256 | env_steps/sec=297.5 | episodes/sec=4.65 | gpu_util_mean=0% gpu_util_max=1% | gpu_mem_mean=2.3/47.8GB
timesteps=1473696 | env_steps/sec=281.0 | episodes/sec=3.90 | gpu_util_mean=0% gpu_util_max=1% | gpu_mem_mean=2.3/47.8GB
------------------------------------------
| gpu/                      |            |
|    gpu_count              | 2          |
|    gpu_mem_total_gb_mean  | 47.8       |
|    gpu_mem_used_gb_mean   | 2.33       |
|    gpu_util_pct_max       | 1          |
|    gpu_util_pct_mean      | 0.5        |
| profile/                  |            |
|    hard/damage_mean       | 0.228      |
|    hard/ep_len_mean       | 64.6       |
|    hard/ep_rew_mean       | 0.174      |
|    hard/episodes_window   | 200        |
|    hard/p_damage_ge_90    | 0          |
|    hard/p_stars_ge_2      | 0          |
|    hard/score_mean        | 0.238      |
|    hard/stars_mean        | 0.01       |
|    hard/ticks_mean        | 641        |
|    hard/truncated_rate    | 0.045      |
|    medium/damage_mean     | 0.647      |
|    medium/ep_len_mean     | 73.7       |
|    medium/ep_rew_mean     | 1.81       |
|    medium/episodes_window | 200        |
|    medium/p_damage_ge_90  | 0.12       |
|    medium/p_stars_ge_2    | 0.465      |
|    medium/score_mean      | 1.88       |
|    medium/stars_mean      | 1.24       |
|    medium/ticks_mean      | 733        |
|    medium/truncated_rate  | 0.155      |
| rollout/                  |            |
|    ep_len_mean            | 68.8       |
|    ep_rew_mean            | 1.01       |
| throughput/               |            |
|    env_steps_per_sec      | 281        |
|    episodes_per_sec       | 3.9        |
| time/                     |            |
|    fps                    | 250        |
|    iterations             | 30         |
|    time_elapsed           | 5893       |
|    total_timesteps        | 1474560    |
| train/                    |            |
|    approx_kl              | 0.00947218 |
|    clip_fraction          | 0.105      |
|    clip_range             | 0.2        |
|    entropy_loss           | -5.38      |
|    explained_variance     | 0.872      |
|    learning_rate          | 0.0003     |
|    loss                   | -0.0516    |
|    n_updates              | 290        |
|    policy_gradient_loss   | -0.0177    |
|    value_loss             | 0.0722     |
------------------------------------------
timesteps=1474656 | env_steps/sec=78.5 | episodes/sec=1.23 | gpu_util_mean=14% gpu_util_max=28% | gpu_mem_mean=2.3/47.8GB
timesteps=1476000 | env_steps/sec=267.8 | episodes/sec=4.38 | gpu_util_mean=0% gpu_util_max=1% | gpu_mem_mean=2.3/47.8GB
timesteps=1477344 | env_steps/sec=259.8 | episodes/sec=3.87 | gpu_util_mean=0% gpu_util_max=0% | gpu_mem_mean=2.3/47.8GB
timesteps=1478880 | env_steps/sec=298.4 | episodes/sec=3.11 | gpu_util_mean=0% gpu_util_max=1% | gpu_mem_mean=2.3/47.8GB
timesteps=1480320 | env_steps/sec=269.7 | episodes/sec=4.87 | gpu_util_mean=0% gpu_util_max=0% | gpu_mem_mean=2.3/47.8GB
timesteps=1481664 | env_steps/sec=260.3 | episodes/sec=3.29 | gpu_util_mean=0% gpu_util_max=0% | gpu_mem_mean=2.3/47.8GB
timesteps=1483104 | env_steps/sec=269.3 | episodes/sec=4.30 | gpu_util_mean=1% gpu_util_max=1% | gpu_mem_mean=2.3/47.8GB
timesteps=1484448 | env_steps/sec=266.1 | episodes/sec=3.17 | gpu_util_mean=0% gpu_util_max=1% | gpu_mem_mean=2.3/47.8GB
timesteps=1485888 | env_steps/sec=279.8 | episodes/sec=4.27 | gpu_util_mean=0% gpu_util_max=1% | gpu_mem_mean=2.3/47.8GB
timesteps=1487232 | env_steps/sec=256.9 | episodes/sec=4.59 | gpu_util_mean=0% gpu_util_max=1% | gpu_mem_mean=2.3/47.8GB
timesteps=1488672 | env_steps/sec=270.5 | episodes/sec=3.38 | gpu_util_mean=0% gpu_util_max=1% | gpu_mem_mean=2.3/47.8GB
timesteps=1490016 | env_steps/sec=258.5 | episodes/sec=3.65 | gpu_util_mean=1% gpu_util_max=1% | gpu_mem_mean=2.3/47.8GB
timesteps=1491456 | env_steps/sec=272.6 | episodes/sec=3.60 | gpu_util_mean=1% gpu_util_max=1% | gpu_mem_mean=2.3/47.8GB
timesteps=1492896 | env_steps/sec=285.8 | episodes/sec=4.17 | gpu_util_mean=0% gpu_util_max=0% | gpu_mem_mean=2.3/47.8GB
timesteps=1494336 | env_steps/sec=275.8 | episodes/sec=3.64 | gpu_util_mean=0% gpu_util_max=1% | gpu_mem_mean=2.3/47.8GB
timesteps=1495776 | env_steps/sec=272.7 | episodes/sec=4.92 | gpu_util_mean=1% gpu_util_max=1% | gpu_mem_mean=2.3/47.8GB
timesteps=1497408 | env_steps/sec=310.1 | episodes/sec=4.18 | gpu_util_mean=0% gpu_util_max=1% | gpu_mem_mean=2.3/47.8GB
timesteps=1498848 | env_steps/sec=280.7 | episodes/sec=5.07 | gpu_util_mean=0% gpu_util_max=1% | gpu_mem_mean=2.3/47.8GB
timesteps=1500192 | env_steps/sec=265.0 | episodes/sec=3.55 | gpu_util_mean=0% gpu_util_max=1% | gpu_mem_mean=2.3/47.8GB
timesteps=1501632 | env_steps/sec=278.6 | episodes/sec=4.26 | gpu_util_mean=0% gpu_util_max=1% | gpu_mem_mean=2.3/47.8GB
timesteps=1503072 | env_steps/sec=272.3 | episodes/sec=3.21 | gpu_util_mean=18% gpu_util_max=37% | gpu_mem_mean=2.3/47.8GB
timesteps=1504512 | env_steps/sec=273.7 | episodes/sec=5.13 | gpu_util_mean=16% gpu_util_max=32% | gpu_mem_mean=2.3/47.8GB
timesteps=1505952 | env_steps/sec=274.3 | episodes/sec=3.05 | gpu_util_mean=0% gpu_util_max=1% | gpu_mem_mean=2.3/47.8GB
timesteps=1507296 | env_steps/sec=258.1 | episodes/sec=4.80 | gpu_util_mean=0% gpu_util_max=1% | gpu_mem_mean=2.3/47.8GB
timesteps=1508640 | env_steps/sec=265.4 | episodes/sec=2.76 | gpu_util_mean=0% gpu_util_max=1% | gpu_mem_mean=2.3/47.8GB
timesteps=1509984 | env_steps/sec=260.9 | episodes/sec=3.88 | gpu_util_mean=0% gpu_util_max=0% | gpu_mem_mean=2.3/47.8GB
timesteps=1511520 | env_steps/sec=291.5 | episodes/sec=5.12 | gpu_util_mean=0% gpu_util_max=1% | gpu_mem_mean=2.3/47.8GB
timesteps=1512960 | env_steps/sec=269.2 | episodes/sec=3.37 | gpu_util_mean=0% gpu_util_max=1% | gpu_mem_mean=2.3/47.8GB
timesteps=1514400 | env_steps/sec=269.0 | episodes/sec=3.74 | gpu_util_mean=0% gpu_util_max=1% | gpu_mem_mean=2.3/47.8GB
timesteps=1515744 | env_steps/sec=259.0 | episodes/sec=3.66 | gpu_util_mean=0% gpu_util_max=0% | gpu_mem_mean=2.3/47.8GB
timesteps=1517280 | env_steps/sec=305.4 | episodes/sec=4.57 | gpu_util_mean=0% gpu_util_max=1% | gpu_mem_mean=2.3/47.8GB
timesteps=1518720 | env_steps/sec=283.1 | episodes/sec=4.13 | gpu_util_mean=1% gpu_util_max=1% | gpu_mem_mean=2.3/47.8GB
timesteps=1520064 | env_steps/sec=258.0 | episodes/sec=3.26 | gpu_util_mean=0% gpu_util_max=1% | gpu_mem_mean=2.3/47.8GB
timesteps=1521504 | env_steps/sec=279.0 | episodes/sec=4.46 | gpu_util_mean=0% gpu_util_max=1% | gpu_mem_mean=2.3/47.8GB
timesteps=1522944 | env_steps/sec=285.6 | episodes/sec=4.16 | gpu_util_mean=0% gpu_util_max=0% | gpu_mem_mean=2.3/47.8GB
--------------------------------------------
| gpu/                      |              |
|    gpu_count              | 2            |
|    gpu_mem_total_gb_mean  | 47.8         |
|    gpu_mem_used_gb_mean   | 2.33         |
|    gpu_util_pct_max       | 0            |
|    gpu_util_pct_mean      | 0            |
| profile/                  |              |
|    hard/damage_mean       | 0.222        |
|    hard/ep_len_mean       | 63.6         |
|    hard/ep_rew_mean       | 0.164        |
|    hard/episodes_window   | 200          |
|    hard/p_damage_ge_90    | 0            |
|    hard/p_stars_ge_2      | 0            |
|    hard/score_mean        | 0.227        |
|    hard/stars_mean        | 0.005        |
|    hard/ticks_mean        | 632          |
|    hard/truncated_rate    | 0.01         |
|    medium/damage_mean     | 0.629        |
|    medium/ep_len_mean     | 73.5         |
|    medium/ep_rew_mean     | 1.76         |
|    medium/episodes_window | 200          |
|    medium/p_damage_ge_90  | 0.125        |
|    medium/p_stars_ge_2    | 0.42         |
|    medium/score_mean      | 1.83         |
|    medium/stars_mean      | 1.2          |
|    medium/ticks_mean      | 731          |
|    medium/truncated_rate  | 0.17         |
| rollout/                  |              |
|    ep_len_mean            | 69.3         |
|    ep_rew_mean            | 0.986        |
| throughput/               |              |
|    env_steps_per_sec      | 286          |
|    episodes_per_sec       | 4.16         |
| time/                     |              |
|    fps                    | 250          |
|    iterations             | 31           |
|    time_elapsed           | 6082         |
|    total_timesteps        | 1523712      |
| train/                    |              |
|    approx_kl              | 0.0113364495 |
|    clip_fraction          | 0.141        |
|    clip_range             | 0.2          |
|    entropy_loss           | -5.33        |
|    explained_variance     | 0.884        |
|    learning_rate          | 0.0003       |
|    loss                   | -0.0487      |
|    n_updates              | 300          |
|    policy_gradient_loss   | -0.018       |
|    value_loss             | 0.0624       |
--------------------------------------------
timesteps=1523808 | env_steps/sec=84.9 | episodes/sec=1.08 | gpu_util_mean=0% gpu_util_max=0% | gpu_mem_mean=2.3/47.8GB
timesteps=1525248 | env_steps/sec=284.1 | episodes/sec=3.75 | gpu_util_mean=0% gpu_util_max=0% | gpu_mem_mean=2.3/47.8GB
timesteps=1526688 | env_steps/sec=286.9 | episodes/sec=4.78 | gpu_util_mean=1% gpu_util_max=1% | gpu_mem_mean=2.3/47.8GB
timesteps=1528032 | env_steps/sec=260.9 | episodes/sec=3.49 | gpu_util_mean=0% gpu_util_max=0% | gpu_mem_mean=2.3/47.8GB
timesteps=1529280 | env_steps/sec=249.3 | episodes/sec=4.20 | gpu_util_mean=0% gpu_util_max=0% | gpu_mem_mean=2.3/47.8GB
timesteps=1530624 | env_steps/sec=267.3 | episodes/sec=3.18 | gpu_util_mean=0% gpu_util_max=0% | gpu_mem_mean=2.3/47.8GB
timesteps=1532064 | env_steps/sec=274.9 | episodes/sec=4.58 | gpu_util_mean=1% gpu_util_max=1% | gpu_mem_mean=2.3/47.8GB
timesteps=1533504 | env_steps/sec=273.7 | episodes/sec=4.94 | gpu_util_mean=0% gpu_util_max=0% | gpu_mem_mean=2.3/47.8GB
timesteps=1534848 | env_steps/sec=256.5 | episodes/sec=2.86 | gpu_util_mean=0% gpu_util_max=0% | gpu_mem_mean=2.3/47.8GB
timesteps=1536288 | env_steps/sec=278.4 | episodes/sec=3.67 | gpu_util_mean=0% gpu_util_max=0% | gpu_mem_mean=2.3/47.8GB
timesteps=1537728 | env_steps/sec=279.6 | episodes/sec=4.66 | gpu_util_mean=0% gpu_util_max=0% | gpu_mem_mean=2.3/47.8GB
timesteps=1539264 | env_steps/sec=294.7 | episodes/sec=3.64 | gpu_util_mean=1% gpu_util_max=1% | gpu_mem_mean=2.3/47.8GB
timesteps=1540704 | env_steps/sec=272.8 | episodes/sec=4.55 | gpu_util_mean=0% gpu_util_max=0% | gpu_mem_mean=2.3/47.8GB
timesteps=1542240 | env_steps/sec=302.8 | episodes/sec=3.75 | gpu_util_mean=0% gpu_util_max=0% | gpu_mem_mean=2.3/47.8GB
timesteps=1543776 | env_steps/sec=307.1 | episodes/sec=4.60 | gpu_util_mean=0% gpu_util_max=0% | gpu_mem_mean=2.3/47.8GB
timesteps=1545120 | env_steps/sec=258.9 | episodes/sec=3.08 | gpu_util_mean=0% gpu_util_max=0% | gpu_mem_mean=2.3/47.8GB
timesteps=1546560 | env_steps/sec=273.5 | episodes/sec=6.08 | gpu_util_mean=0% gpu_util_max=0% | gpu_mem_mean=2.3/47.8GB
timesteps=1548000 | env_steps/sec=268.4 | episodes/sec=2.42 | gpu_util_mean=0% gpu_util_max=1% | gpu_mem_mean=2.3/47.8GB
timesteps=1549536 | env_steps/sec=293.6 | episodes/sec=4.78 | gpu_util_mean=18% gpu_util_max=36% | gpu_mem_mean=2.3/47.8GB
timesteps=1550976 | env_steps/sec=283.2 | episodes/sec=2.95 | gpu_util_mean=0% gpu_util_max=0% | gpu_mem_mean=2.3/47.8GB
timesteps=1552416 | env_steps/sec=281.2 | episodes/sec=6.44 | gpu_util_mean=0% gpu_util_max=0% | gpu_mem_mean=2.3/47.8GB
timesteps=1553760 | env_steps/sec=266.7 | episodes/sec=2.78 | gpu_util_mean=0% gpu_util_max=0% | gpu_mem_mean=2.3/47.8GB
timesteps=1555104 | env_steps/sec=264.5 | episodes/sec=3.94 | gpu_util_mean=0% gpu_util_max=1% | gpu_mem_mean=2.3/47.8GB
timesteps=1556544 | env_steps/sec=283.7 | episodes/sec=3.74 | gpu_util_mean=0% gpu_util_max=0% | gpu_mem_mean=2.3/47.8GB
timesteps=1557984 | env_steps/sec=275.0 | episodes/sec=4.20 | gpu_util_mean=0% gpu_util_max=0% | gpu_mem_mean=2.3/47.8GB
timesteps=1559328 | env_steps/sec=265.5 | episodes/sec=3.16 | gpu_util_mean=0% gpu_util_max=0% | gpu_mem_mean=2.3/47.8GB
timesteps=1560768 | env_steps/sec=273.3 | episodes/sec=4.74 | gpu_util_mean=0% gpu_util_max=1% | gpu_mem_mean=2.3/47.8GB
timesteps=1562208 | env_steps/sec=276.9 | episodes/sec=4.62 | gpu_util_mean=0% gpu_util_max=0% | gpu_mem_mean=2.3/47.8GB
timesteps=1563648 | env_steps/sec=272.1 | episodes/sec=3.59 | gpu_util_mean=1% gpu_util_max=1% | gpu_mem_mean=2.3/47.8GB
timesteps=1565088 | env_steps/sec=273.8 | episodes/sec=3.61 | gpu_util_mean=0% gpu_util_max=0% | gpu_mem_mean=2.3/47.8GB
timesteps=1566432 | env_steps/sec=259.6 | episodes/sec=3.67 | gpu_util_mean=0% gpu_util_max=0% | gpu_mem_mean=2.3/47.8GB
timesteps=1567872 | env_steps/sec=279.9 | episodes/sec=3.89 | gpu_util_mean=0% gpu_util_max=0% | gpu_mem_mean=2.3/47.8GB
timesteps=1569408 | env_steps/sec=291.1 | episodes/sec=4.74 | gpu_util_mean=1% gpu_util_max=1% | gpu_mem_mean=2.3/47.8GB
timesteps=1570848 | env_steps/sec=272.9 | episodes/sec=3.41 | gpu_util_mean=0% gpu_util_max=0% | gpu_mem_mean=2.3/47.8GB
timesteps=1572288 | env_steps/sec=271.9 | episodes/sec=4.34 | gpu_util_mean=0% gpu_util_max=0% | gpu_mem_mean=2.3/47.8GB
-------------------------------------------
| gpu/                      |             |
|    gpu_count              | 2           |
|    gpu_mem_total_gb_mean  | 47.8        |
|    gpu_mem_used_gb_mean   | 2.33        |
|    gpu_util_pct_max       | 0           |
|    gpu_util_pct_mean      | 0           |
| profile/                  |             |
|    hard/damage_mean       | 0.239       |
|    hard/ep_len_mean       | 64.5        |
|    hard/ep_rew_mean       | 0.175       |
|    hard/episodes_window   | 200         |
|    hard/p_damage_ge_90    | 0           |
|    hard/p_stars_ge_2      | 0           |
|    hard/score_mean        | 0.239       |
|    hard/stars_mean        | 0           |
|    hard/ticks_mean        | 641         |
|    hard/truncated_rate    | 0.025       |
|    medium/damage_mean     | 0.629       |
|    medium/ep_len_mean     | 73.1        |
|    medium/ep_rew_mean     | 1.76        |
|    medium/episodes_window | 200         |
|    medium/p_damage_ge_90  | 0.12        |
|    medium/p_stars_ge_2    | 0.46        |
|    medium/score_mean      | 1.83        |
|    medium/stars_mean      | 1.2         |
|    medium/ticks_mean      | 727         |
|    medium/truncated_rate  | 0.135       |
| rollout/                  |             |
|    ep_len_mean            | 69.2        |
|    ep_rew_mean            | 0.777       |
| throughput/               |             |
|    env_steps_per_sec      | 272         |
|    episodes_per_sec       | 4.34        |
| time/                     |             |
|    fps                    | 250         |
|    iterations             | 32          |
|    time_elapsed           | 6267        |
|    total_timesteps        | 1572864     |
| train/                    |             |
|    approx_kl              | 0.012423426 |
|    clip_fraction          | 0.142       |
|    clip_range             | 0.2         |
|    entropy_loss           | -5.37       |
|    explained_variance     | 0.872       |
|    learning_rate          | 0.0003      |
|    loss                   | -0.0465     |
|    n_updates              | 310         |
|    policy_gradient_loss   | -0.0184     |
|    value_loss             | 0.0654      |
-------------------------------------------
timesteps=1572960 | env_steps/sec=72.9 | episodes/sec=0.65 | gpu_util_mean=4% gpu_util_max=8% | gpu_mem_mean=2.3/47.8GB
timesteps=1574496 | env_steps/sec=290.7 | episodes/sec=4.73 | gpu_util_mean=0% gpu_util_max=1% | gpu_mem_mean=2.3/47.8GB
timesteps=1575840 | env_steps/sec=264.5 | episodes/sec=4.72 | gpu_util_mean=1% gpu_util_max=1% | gpu_mem_mean=2.3/47.8GB
timesteps=1577184 | env_steps/sec=265.2 | episodes/sec=3.35 | gpu_util_mean=0% gpu_util_max=0% | gpu_mem_mean=2.3/47.8GB
timesteps=1578624 | env_steps/sec=269.9 | episodes/sec=3.94 | gpu_util_mean=0% gpu_util_max=0% | gpu_mem_mean=2.3/47.8GB
timesteps=1580064 | env_steps/sec=273.6 | episodes/sec=3.61 | gpu_util_mean=0% gpu_util_max=0% | gpu_mem_mean=2.3/47.8GB
timesteps=1581504 | env_steps/sec=275.2 | episodes/sec=4.78 | gpu_util_mean=0% gpu_util_max=1% | gpu_mem_mean=2.3/47.8GB
timesteps=1582944 | env_steps/sec=274.1 | episodes/sec=3.81 | gpu_util_mean=0% gpu_util_max=1% | gpu_mem_mean=2.3/47.8GB
timesteps=1584384 | env_steps/sec=283.9 | episodes/sec=3.35 | gpu_util_mean=0% gpu_util_max=1% | gpu_mem_mean=2.3/47.8GB
timesteps=1585824 | env_steps/sec=272.2 | episodes/sec=3.40 | gpu_util_mean=0% gpu_util_max=0% | gpu_mem_mean=2.3/47.8GB
timesteps=1587264 | env_steps/sec=274.3 | episodes/sec=5.52 | gpu_util_mean=0% gpu_util_max=0% | gpu_mem_mean=2.3/47.8GB
timesteps=1588896 | env_steps/sec=315.1 | episodes/sec=3.48 | gpu_util_mean=0% gpu_util_max=0% | gpu_mem_mean=2.3/47.8GB
timesteps=1590432 | env_steps/sec=305.6 | episodes/sec=4.38 | gpu_util_mean=1% gpu_util_max=1% | gpu_mem_mean=2.3/47.8GB
timesteps=1591872 | env_steps/sec=279.2 | episodes/sec=3.88 | gpu_util_mean=1% gpu_util_max=1% | gpu_mem_mean=2.3/47.8GB
timesteps=1593312 | env_steps/sec=283.9 | episodes/sec=4.53 | gpu_util_mean=0% gpu_util_max=1% | gpu_mem_mean=2.3/47.8GB
timesteps=1594752 | env_steps/sec=271.9 | episodes/sec=4.15 | gpu_util_mean=0% gpu_util_max=0% | gpu_mem_mean=2.3/47.8GB
timesteps=1596192 | env_steps/sec=280.1 | episodes/sec=4.28 | gpu_util_mean=19% gpu_util_max=37% | gpu_mem_mean=2.3/47.8GB
timesteps=1597728 | env_steps/sec=290.3 | episodes/sec=3.59 | gpu_util_mean=19% gpu_util_max=37% | gpu_mem_mean=2.3/47.8GB
timesteps=1599264 | env_steps/sec=299.5 | episodes/sec=4.48 | gpu_util_mean=0% gpu_util_max=0% | gpu_mem_mean=2.3/47.8GB
timesteps=1600704 | env_steps/sec=277.1 | episodes/sec=4.62 | gpu_util_mean=0% gpu_util_max=1% | gpu_mem_mean=2.3/47.8GB
timesteps=1602144 | env_steps/sec=268.4 | episodes/sec=3.36 | gpu_util_mean=0% gpu_util_max=1% | gpu_mem_mean=2.3/47.8GB
timesteps=1603488 | env_steps/sec=267.5 | episodes/sec=3.58 | gpu_util_mean=0% gpu_util_max=0% | gpu_mem_mean=2.3/47.8GB
timesteps=1604928 | env_steps/sec=278.8 | episodes/sec=4.07 | gpu_util_mean=0% gpu_util_max=1% | gpu_mem_mean=2.3/47.8GB
timesteps=1606464 | env_steps/sec=290.7 | episodes/sec=5.11 | gpu_util_mean=0% gpu_util_max=0% | gpu_mem_mean=2.3/47.8GB
timesteps=1608096 | env_steps/sec=308.7 | episodes/sec=4.35 | gpu_util_mean=0% gpu_util_max=0% | gpu_mem_mean=2.3/47.8GB
timesteps=1609536 | env_steps/sec=284.4 | episodes/sec=3.95 | gpu_util_mean=0% gpu_util_max=0% | gpu_mem_mean=2.3/47.8GB
timesteps=1610976 | env_steps/sec=277.1 | episodes/sec=4.23 | gpu_util_mean=0% gpu_util_max=1% | gpu_mem_mean=2.3/47.8GB
timesteps=1612416 | env_steps/sec=271.9 | episodes/sec=4.34 | gpu_util_mean=0% gpu_util_max=1% | gpu_mem_mean=2.3/47.8GB
timesteps=1613856 | env_steps/sec=279.5 | episodes/sec=2.91 | gpu_util_mean=0% gpu_util_max=0% | gpu_mem_mean=2.3/47.8GB
timesteps=1615392 | env_steps/sec=291.3 | episodes/sec=4.36 | gpu_util_mean=0% gpu_util_max=0% | gpu_mem_mean=2.3/47.8GB
timesteps=1616832 | env_steps/sec=274.6 | episodes/sec=5.15 | gpu_util_mean=1% gpu_util_max=1% | gpu_mem_mean=2.3/47.8GB
timesteps=1618368 | env_steps/sec=301.5 | episodes/sec=4.32 | gpu_util_mean=0% gpu_util_max=0% | gpu_mem_mean=2.3/47.8GB
timesteps=1619808 | env_steps/sec=283.8 | episodes/sec=3.15 | gpu_util_mean=0% gpu_util_max=0% | gpu_mem_mean=2.3/47.8GB
timesteps=1621248 | env_steps/sec=282.7 | episodes/sec=3.53 | gpu_util_mean=1% gpu_util_max=1% | gpu_mem_mean=2.3/47.8GB
--------------------------------------------
| gpu/                      |              |
|    gpu_count              | 2            |
|    gpu_mem_total_gb_mean  | 47.8         |
|    gpu_mem_used_gb_mean   | 2.33         |
|    gpu_util_pct_max       | 1            |
|    gpu_util_pct_mean      | 1            |
| profile/                  |              |
|    hard/damage_mean       | 0.237        |
|    hard/ep_len_mean       | 64.8         |
|    hard/ep_rew_mean       | 0.188        |
|    hard/episodes_window   | 200          |
|    hard/p_damage_ge_90    | 0            |
|    hard/p_stars_ge_2      | 0.005        |
|    hard/score_mean        | 0.252        |
|    hard/stars_mean        | 0.015        |
|    hard/ticks_mean        | 643          |
|    hard/truncated_rate    | 0.025        |
|    medium/damage_mean     | 0.622        |
|    medium/ep_len_mean     | 73.2         |
|    medium/ep_rew_mean     | 1.69         |
|    medium/episodes_window | 200          |
|    medium/p_damage_ge_90  | 0.125        |
|    medium/p_stars_ge_2    | 0.405        |
|    medium/score_mean      | 1.77         |
|    medium/stars_mean      | 1.15         |
|    medium/ticks_mean      | 728          |
|    medium/truncated_rate  | 0.165        |
| rollout/                  |              |
|    ep_len_mean            | 69.5         |
|    ep_rew_mean            | 0.873        |
| throughput/               |              |
|    env_steps_per_sec      | 283          |
|    episodes_per_sec       | 3.53         |
| time/                     |              |
|    fps                    | 251          |
|    iterations             | 33           |
|    time_elapsed           | 6448         |
|    total_timesteps        | 1622016      |
| train/                    |              |
|    approx_kl              | 0.0104018785 |
|    clip_fraction          | 0.133        |
|    clip_range             | 0.2          |
|    entropy_loss           | -5.36        |
|    explained_variance     | 0.861        |
|    learning_rate          | 0.0003       |
|    loss                   | -0.0483      |
|    n_updates              | 320          |
|    policy_gradient_loss   | -0.0188      |
|    value_loss             | 0.0641       |
--------------------------------------------
timesteps=1622112 | env_steps/sec=86.7 | episodes/sec=1.30 | gpu_util_mean=16% gpu_util_max=32% | gpu_mem_mean=2.3/47.8GB
timesteps=1623648 | env_steps/sec=293.3 | episodes/sec=4.58 | gpu_util_mean=0% gpu_util_max=0% | gpu_mem_mean=2.3/47.8GB
timesteps=1625184 | env_steps/sec=297.8 | episodes/sec=5.43 | gpu_util_mean=0% gpu_util_max=1% | gpu_mem_mean=2.3/47.8GB
timesteps=1626624 | env_steps/sec=284.0 | episodes/sec=2.37 | gpu_util_mean=0% gpu_util_max=1% | gpu_mem_mean=2.3/47.8GB
timesteps=1628064 | env_steps/sec=282.7 | episodes/sec=4.71 | gpu_util_mean=0% gpu_util_max=0% | gpu_mem_mean=2.3/47.8GB
timesteps=1629408 | env_steps/sec=267.9 | episodes/sec=4.39 | gpu_util_mean=0% gpu_util_max=0% | gpu_mem_mean=2.3/47.8GB
timesteps=1630944 | env_steps/sec=303.4 | episodes/sec=5.33 | gpu_util_mean=0% gpu_util_max=0% | gpu_mem_mean=2.3/47.8GB
timesteps=1632288 | env_steps/sec=256.9 | episodes/sec=2.10 | gpu_util_mean=1% gpu_util_max=1% | gpu_mem_mean=2.3/47.8GB
timesteps=1633728 | env_steps/sec=282.5 | episodes/sec=4.32 | gpu_util_mean=0% gpu_util_max=0% | gpu_mem_mean=2.3/47.8GB
timesteps=1635264 | env_steps/sec=291.9 | episodes/sec=4.56 | gpu_util_mean=0% gpu_util_max=1% | gpu_mem_mean=2.3/47.8GB
timesteps=1636992 | env_steps/sec=326.4 | episodes/sec=6.23 | gpu_util_mean=0% gpu_util_max=0% | gpu_mem_mean=2.3/47.8GB
timesteps=1638432 | env_steps/sec=273.0 | episodes/sec=2.65 | gpu_util_mean=0% gpu_util_max=1% | gpu_mem_mean=2.3/47.8GB
timesteps=1639872 | env_steps/sec=281.7 | episodes/sec=3.91 | gpu_util_mean=0% gpu_util_max=1% | gpu_mem_mean=2.3/47.8GB
timesteps=1641312 | env_steps/sec=274.9 | episodes/sec=4.01 | gpu_util_mean=1% gpu_util_max=1% | gpu_mem_mean=2.3/47.8GB
timesteps=1642656 | env_steps/sec=264.1 | episodes/sec=4.52 | gpu_util_mean=0% gpu_util_max=0% | gpu_mem_mean=2.3/47.8GB
timesteps=1644096 | env_steps/sec=285.0 | episodes/sec=3.36 | gpu_util_mean=14% gpu_util_max=29% | gpu_mem_mean=2.3/47.8GB
timesteps=1645632 | env_steps/sec=302.0 | episodes/sec=5.70 | gpu_util_mean=16% gpu_util_max=31% | gpu_mem_mean=2.3/47.8GB
timesteps=1647072 | env_steps/sec=271.1 | episodes/sec=3.20 | gpu_util_mean=0% gpu_util_max=0% | gpu_mem_mean=2.3/47.8GB
timesteps=1648608 | env_steps/sec=293.8 | episodes/sec=4.59 | gpu_util_mean=0% gpu_util_max=0% | gpu_mem_mean=2.3/47.8GB
timesteps=1649952 | env_steps/sec=255.9 | episodes/sec=4.19 | gpu_util_mean=0% gpu_util_max=1% | gpu_mem_mean=2.3/47.8GB
timesteps=1651296 | env_steps/sec=267.6 | episodes/sec=3.58 | gpu_util_mean=1% gpu_util_max=1% | gpu_mem_mean=2.3/47.8GB
timesteps=1652640 | env_steps/sec=261.2 | episodes/sec=3.69 | gpu_util_mean=0% gpu_util_max=0% | gpu_mem_mean=2.3/47.8GB
timesteps=1654080 | env_steps/sec=284.3 | episodes/sec=3.75 | gpu_util_mean=0% gpu_util_max=0% | gpu_mem_mean=2.3/47.8GB
timesteps=1655520 | env_steps/sec=287.1 | episodes/sec=4.19 | gpu_util_mean=0% gpu_util_max=1% | gpu_mem_mean=2.3/47.8GB
timesteps=1656960 | env_steps/sec=278.5 | episodes/sec=3.68 | gpu_util_mean=0% gpu_util_max=1% | gpu_mem_mean=2.3/47.8GB
timesteps=1658304 | env_steps/sec=268.7 | episodes/sec=5.40 | gpu_util_mean=0% gpu_util_max=0% | gpu_mem_mean=2.3/47.8GB
timesteps=1659744 | env_steps/sec=276.1 | episodes/sec=3.64 | gpu_util_mean=1% gpu_util_max=1% | gpu_mem_mean=2.3/47.8GB
timesteps=1661184 | env_steps/sec=283.2 | episodes/sec=3.93 | gpu_util_mean=0% gpu_util_max=0% | gpu_mem_mean=2.3/47.8GB
timesteps=1662624 | env_steps/sec=273.9 | episodes/sec=4.38 | gpu_util_mean=0% gpu_util_max=0% | gpu_mem_mean=2.3/47.8GB
timesteps=1664064 | env_steps/sec=274.1 | episodes/sec=3.81 | gpu_util_mean=0% gpu_util_max=0% | gpu_mem_mean=2.3/47.8GB
timesteps=1665504 | env_steps/sec=276.7 | episodes/sec=4.80 | gpu_util_mean=0% gpu_util_max=0% | gpu_mem_mean=2.3/47.8GB
timesteps=1666848 | env_steps/sec=265.7 | episodes/sec=3.56 | gpu_util_mean=0% gpu_util_max=0% | gpu_mem_mean=2.3/47.8GB
timesteps=1668288 | env_steps/sec=278.5 | episodes/sec=3.09 | gpu_util_mean=1% gpu_util_max=1% | gpu_mem_mean=2.3/47.8GB
timesteps=1669728 | env_steps/sec=282.1 | episodes/sec=5.48 | gpu_util_mean=0% gpu_util_max=0% | gpu_mem_mean=2.3/47.8GB
timesteps=1671168 | env_steps/sec=283.5 | episodes/sec=4.53 | gpu_util_mean=0% gpu_util_max=0% | gpu_mem_mean=2.3/47.8GB
-------------------------------------------
| gpu/                      |             |
|    gpu_count              | 2           |
|    gpu_mem_total_gb_mean  | 47.8        |
|    gpu_mem_used_gb_mean   | 2.33        |
|    gpu_util_pct_max       | 0           |
|    gpu_util_pct_mean      | 0           |
| profile/                  |             |
|    hard/damage_mean       | 0.234       |
|    hard/ep_len_mean       | 63.8        |
|    hard/ep_rew_mean       | 0.191       |
|    hard/episodes_window   | 200         |
|    hard/p_damage_ge_90    | 0           |
|    hard/p_stars_ge_2      | 0.01        |
|    hard/score_mean        | 0.254       |
|    hard/stars_mean        | 0.02        |
|    hard/ticks_mean        | 633         |
|    hard/truncated_rate    | 0.02        |
|    medium/damage_mean     | 0.662       |
|    medium/ep_len_mean     | 72.6        |
|    medium/ep_rew_mean     | 1.92        |
|    medium/episodes_window | 200         |
|    medium/p_damage_ge_90  | 0.155       |
|    medium/p_stars_ge_2    | 0.495       |
|    medium/score_mean      | 2           |
|    medium/stars_mean      | 1.33        |
|    medium/ticks_mean      | 722         |
|    medium/truncated_rate  | 0.125       |
| rollout/                  |             |
|    ep_len_mean            | 67.8        |
|    ep_rew_mean            | 0.96        |
| throughput/               |             |
|    env_steps_per_sec      | 284         |
|    episodes_per_sec       | 4.53        |
| time/                     |             |
|    fps                    | 252         |
|    iterations             | 34          |
|    time_elapsed           | 6630        |
|    total_timesteps        | 1671168     |
| train/                    |             |
|    approx_kl              | 0.008902756 |
|    clip_fraction          | 0.106       |
|    clip_range             | 0.2         |
|    entropy_loss           | -5.32       |
|    explained_variance     | 0.851       |
|    learning_rate          | 0.0003      |
|    loss                   | -0.0404     |
|    n_updates              | 330         |
|    policy_gradient_loss   | -0.0171     |
|    value_loss             | 0.0774      |
-------------------------------------------
timesteps=1671264 | env_steps/sec=13.1 | episodes/sec=0.14 | gpu_util_mean=18% gpu_util_max=37% | gpu_mem_mean=2.3/47.8GB
timesteps=1672608 | env_steps/sec=262.6 | episodes/sec=3.52 | gpu_util_mean=0% gpu_util_max=1% | gpu_mem_mean=2.3/47.8GB
timesteps=1674048 | env_steps/sec=281.7 | episodes/sec=3.13 | gpu_util_mean=0% gpu_util_max=0% | gpu_mem_mean=2.3/47.8GB
timesteps=1675488 | env_steps/sec=280.2 | episodes/sec=4.86 | gpu_util_mean=0% gpu_util_max=0% | gpu_mem_mean=2.3/47.8GB
timesteps=1676928 | env_steps/sec=286.0 | episodes/sec=4.57 | gpu_util_mean=0% gpu_util_max=1% | gpu_mem_mean=2.3/47.8GB
timesteps=1678272 | env_steps/sec=266.9 | episodes/sec=3.77 | gpu_util_mean=0% gpu_util_max=0% | gpu_mem_mean=2.3/47.8GB
timesteps=1679712 | env_steps/sec=277.1 | episodes/sec=3.85 | gpu_util_mean=0% gpu_util_max=1% | gpu_mem_mean=2.3/47.8GB
timesteps=1681152 | env_steps/sec=271.7 | episodes/sec=3.77 | gpu_util_mean=0% gpu_util_max=0% | gpu_mem_mean=2.3/47.8GB
timesteps=1682688 | env_steps/sec=303.5 | episodes/sec=4.74 | gpu_util_mean=1% gpu_util_max=1% | gpu_mem_mean=2.3/47.8GB
timesteps=1684128 | env_steps/sec=278.7 | episodes/sec=4.84 | gpu_util_mean=0% gpu_util_max=0% | gpu_mem_mean=2.3/47.8GB
timesteps=1685472 | env_steps/sec=264.2 | episodes/sec=2.75 | gpu_util_mean=0% gpu_util_max=0% | gpu_mem_mean=2.3/47.8GB
timesteps=1686816 | env_steps/sec=268.3 | episodes/sec=3.99 | gpu_util_mean=0% gpu_util_max=1% | gpu_mem_mean=2.3/47.8GB
timesteps=1688256 | env_steps/sec=279.8 | episodes/sec=3.89 | gpu_util_mean=0% gpu_util_max=0% | gpu_mem_mean=2.3/47.8GB
timesteps=1689600 | env_steps/sec=257.4 | episodes/sec=4.02 | gpu_util_mean=0% gpu_util_max=1% | gpu_mem_mean=2.3/47.8GB
timesteps=1691040 | env_steps/sec=266.5 | episodes/sec=4.07 | gpu_util_mean=0% gpu_util_max=0% | gpu_mem_mean=2.3/47.8GB
timesteps=1692480 | env_steps/sec=288.0 | episodes/sec=4.00 | gpu_util_mean=0% gpu_util_max=1% | gpu_mem_mean=2.3/47.8GB
timesteps=1693824 | env_steps/sec=265.7 | episodes/sec=3.95 | gpu_util_mean=18% gpu_util_max=36% | gpu_mem_mean=2.3/47.8GB
timesteps=1695168 | env_steps/sec=260.2 | episodes/sec=3.87 | gpu_util_mean=0% gpu_util_max=1% | gpu_mem_mean=2.3/47.8GB
timesteps=1696512 | env_steps/sec=258.5 | episodes/sec=3.46 | gpu_util_mean=1% gpu_util_max=1% | gpu_mem_mean=2.3/47.8GB
timesteps=1697856 | env_steps/sec=263.9 | episodes/sec=4.12 | gpu_util_mean=0% gpu_util_max=0% | gpu_mem_mean=2.3/47.8GB
timesteps=1699200 | env_steps/sec=256.2 | episodes/sec=4.38 | gpu_util_mean=0% gpu_util_max=0% | gpu_mem_mean=2.3/47.8GB
timesteps=1700448 | env_steps/sec=244.5 | episodes/sec=3.72 | gpu_util_mean=0% gpu_util_max=0% | gpu_mem_mean=2.3/47.8GB
timesteps=1701792 | env_steps/sec=258.4 | episodes/sec=3.85 | gpu_util_mean=0% gpu_util_max=1% | gpu_mem_mean=2.3/47.8GB
timesteps=1703232 | env_steps/sec=271.9 | episodes/sec=2.64 | gpu_util_mean=0% gpu_util_max=1% | gpu_mem_mean=2.3/47.8GB
timesteps=1704672 | env_steps/sec=282.9 | episodes/sec=4.72 | gpu_util_mean=0% gpu_util_max=0% | gpu_mem_mean=2.3/47.8GB
timesteps=1706112 | env_steps/sec=276.9 | episodes/sec=3.65 | gpu_util_mean=0% gpu_util_max=1% | gpu_mem_mean=2.3/47.8GB
timesteps=1707552 | env_steps/sec=273.3 | episodes/sec=4.75 | gpu_util_mean=0% gpu_util_max=0% | gpu_mem_mean=2.3/47.8GB
timesteps=1709088 | env_steps/sec=292.8 | episodes/sec=4.00 | gpu_util_mean=0% gpu_util_max=0% | gpu_mem_mean=2.3/47.8GB
timesteps=1710528 | env_steps/sec=277.0 | episodes/sec=4.04 | gpu_util_mean=1% gpu_util_max=1% | gpu_mem_mean=2.3/47.8GB
timesteps=1711968 | env_steps/sec=271.5 | episodes/sec=3.58 | gpu_util_mean=0% gpu_util_max=1% | gpu_mem_mean=2.3/47.8GB
timesteps=1713408 | env_steps/sec=271.0 | episodes/sec=4.14 | gpu_util_mean=0% gpu_util_max=0% | gpu_mem_mean=2.3/47.8GB
timesteps=1714848 | env_steps/sec=280.0 | episodes/sec=3.50 | gpu_util_mean=0% gpu_util_max=1% | gpu_mem_mean=2.3/47.8GB
timesteps=1716192 | env_steps/sec=267.2 | episodes/sec=6.16 | gpu_util_mean=0% gpu_util_max=1% | gpu_mem_mean=2.3/47.8GB
timesteps=1717632 | env_steps/sec=268.5 | episodes/sec=2.80 | gpu_util_mean=0% gpu_util_max=1% | gpu_mem_mean=2.3/47.8GB
timesteps=1718976 | env_steps/sec=265.7 | episodes/sec=3.16 | gpu_util_mean=0% gpu_util_max=0% | gpu_mem_mean=2.3/47.8GB
-------------------------------------------
| gpu/                      |             |
|    gpu_count              | 2           |
|    gpu_mem_total_gb_mean  | 47.8        |
|    gpu_mem_used_gb_mean   | 2.33        |
|    gpu_util_pct_max       | 0           |
|    gpu_util_pct_mean      | 0           |
| profile/                  |             |
|    hard/damage_mean       | 0.238       |
|    hard/ep_len_mean       | 63.7        |
|    hard/ep_rew_mean       | 0.184       |
|    hard/episodes_window   | 200         |
|    hard/p_damage_ge_90    | 0           |
|    hard/p_stars_ge_2      | 0           |
|    hard/score_mean        | 0.248       |
|    hard/stars_mean        | 0.01        |
|    hard/ticks_mean        | 633         |
|    hard/truncated_rate    | 0.015       |
|    medium/damage_mean     | 0.665       |
|    medium/ep_len_mean     | 73.2        |
|    medium/ep_rew_mean     | 1.98        |
|    medium/episodes_window | 200         |
|    medium/p_damage_ge_90  | 0.12        |
|    medium/p_stars_ge_2    | 0.545       |
|    medium/score_mean      | 2.06        |
|    medium/stars_mean      | 1.39        |
|    medium/ticks_mean      | 729         |
|    medium/truncated_rate  | 0.18        |
| rollout/                  |             |
|    ep_len_mean            | 69.5        |
|    ep_rew_mean            | 1.05        |
| throughput/               |             |
|    env_steps_per_sec      | 266         |
|    episodes_per_sec       | 3.16        |
| time/                     |             |
|    fps                    | 252         |
|    iterations             | 35          |
|    time_elapsed           | 6818        |
|    total_timesteps        | 1720320     |
| train/                    |             |
|    approx_kl              | 0.010088249 |
|    clip_fraction          | 0.107       |
|    clip_range             | 0.2         |
|    entropy_loss           | -5.38       |
|    explained_variance     | 0.852       |
|    learning_rate          | 0.0003      |
|    loss                   | -0.0472     |
|    n_updates              | 340         |
|    policy_gradient_loss   | -0.0186     |
|    value_loss             | 0.0681      |
-------------------------------------------
timesteps=1720416 | env_steps/sec=120.3 | episodes/sec=1.84 | gpu_util_mean=12% gpu_util_max=23% | gpu_mem_mean=2.3/47.8GB
timesteps=1721856 | env_steps/sec=280.9 | episodes/sec=3.71 | gpu_util_mean=0% gpu_util_max=0% | gpu_mem_mean=2.3/47.8GB
timesteps=1723200 | env_steps/sec=260.4 | episodes/sec=4.46 | gpu_util_mean=0% gpu_util_max=0% | gpu_mem_mean=2.3/47.8GB
timesteps=1724736 | env_steps/sec=295.7 | episodes/sec=4.62 | gpu_util_mean=0% gpu_util_max=0% | gpu_mem_mean=2.3/47.8GB
timesteps=1726176 | env_steps/sec=276.1 | episodes/sec=3.83 | gpu_util_mean=0% gpu_util_max=0% | gpu_mem_mean=2.3/47.8GB
timesteps=1727712 | env_steps/sec=294.2 | episodes/sec=4.21 | gpu_util_mean=0% gpu_util_max=1% | gpu_mem_mean=2.3/47.8GB
timesteps=1729248 | env_steps/sec=292.7 | episodes/sec=3.43 | gpu_util_mean=0% gpu_util_max=0% | gpu_mem_mean=2.3/47.8GB
timesteps=1730688 | env_steps/sec=279.9 | episodes/sec=4.67 | gpu_util_mean=0% gpu_util_max=0% | gpu_mem_mean=2.3/47.8GB
timesteps=1732224 | env_steps/sec=295.2 | episodes/sec=5.38 | gpu_util_mean=1% gpu_util_max=1% | gpu_mem_mean=2.3/47.8GB
timesteps=1733664 | env_steps/sec=279.5 | episodes/sec=3.69 | gpu_util_mean=0% gpu_util_max=0% | gpu_mem_mean=2.3/47.8GB
timesteps=1735104 | env_steps/sec=276.6 | episodes/sec=2.11 | gpu_util_mean=0% gpu_util_max=1% | gpu_mem_mean=2.3/47.8GB
timesteps=1736448 | env_steps/sec=249.1 | episodes/sec=3.71 | gpu_util_mean=0% gpu_util_max=1% | gpu_mem_mean=2.3/47.8GB
timesteps=1737984 | env_steps/sec=290.3 | episodes/sec=5.29 | gpu_util_mean=0% gpu_util_max=1% | gpu_mem_mean=2.3/47.8GB
timesteps=1739328 | env_steps/sec=254.2 | episodes/sec=3.59 | gpu_util_mean=0% gpu_util_max=1% | gpu_mem_mean=2.3/47.8GB
timesteps=1740768 | env_steps/sec=273.3 | episodes/sec=4.56 | gpu_util_mean=0% gpu_util_max=0% | gpu_mem_mean=2.3/47.8GB
timesteps=1742208 | env_steps/sec=274.1 | episodes/sec=3.05 | gpu_util_mean=18% gpu_util_max=36% | gpu_mem_mean=2.3/47.8GB
timesteps=1743744 | env_steps/sec=293.1 | episodes/sec=4.39 | gpu_util_mean=0% gpu_util_max=0% | gpu_mem_mean=2.3/47.8GB
timesteps=1745184 | env_steps/sec=273.4 | episodes/sec=4.75 | gpu_util_mean=0% gpu_util_max=1% | gpu_mem_mean=2.3/47.8GB
timesteps=1746624 | env_steps/sec=277.9 | episodes/sec=4.63 | gpu_util_mean=0% gpu_util_max=0% | gpu_mem_mean=2.3/47.8GB
timesteps=1747968 | env_steps/sec=265.7 | episodes/sec=2.57 | gpu_util_mean=0% gpu_util_max=0% | gpu_mem_mean=2.3/47.8GB
timesteps=1749312 | env_steps/sec=255.2 | episodes/sec=4.37 | gpu_util_mean=0% gpu_util_max=0% | gpu_mem_mean=2.3/47.8GB
timesteps=1750752 | env_steps/sec=272.8 | episodes/sec=3.41 | gpu_util_mean=0% gpu_util_max=0% | gpu_mem_mean=2.3/47.8GB
timesteps=1752192 | env_steps/sec=283.5 | episodes/sec=5.91 | gpu_util_mean=0% gpu_util_max=1% | gpu_mem_mean=2.3/47.8GB
timesteps=1753536 | env_steps/sec=264.9 | episodes/sec=3.15 | gpu_util_mean=0% gpu_util_max=1% | gpu_mem_mean=2.3/47.8GB
timesteps=1754880 | env_steps/sec=265.4 | episodes/sec=3.36 | gpu_util_mean=0% gpu_util_max=0% | gpu_mem_mean=2.3/47.8GB
timesteps=1756320 | env_steps/sec=276.4 | episodes/sec=4.03 | gpu_util_mean=0% gpu_util_max=1% | gpu_mem_mean=2.3/47.8GB
timesteps=1757760 | env_steps/sec=276.0 | episodes/sec=4.41 | gpu_util_mean=1% gpu_util_max=1% | gpu_mem_mean=2.3/47.8GB
timesteps=1759200 | env_steps/sec=276.0 | episodes/sec=4.22 | gpu_util_mean=0% gpu_util_max=1% | gpu_mem_mean=2.3/47.8GB
timesteps=1760640 | env_steps/sec=283.2 | episodes/sec=4.13 | gpu_util_mean=0% gpu_util_max=1% | gpu_mem_mean=2.3/47.8GB
timesteps=1761888 | env_steps/sec=249.2 | episodes/sec=3.39 | gpu_util_mean=0% gpu_util_max=1% | gpu_mem_mean=2.3/47.8GB
timesteps=1763232 | env_steps/sec=261.8 | episodes/sec=3.51 | gpu_util_mean=0% gpu_util_max=0% | gpu_mem_mean=2.3/47.8GB
timesteps=1764768 | env_steps/sec=289.0 | episodes/sec=5.08 | gpu_util_mean=0% gpu_util_max=0% | gpu_mem_mean=2.3/47.8GB
timesteps=1766112 | env_steps/sec=263.0 | episodes/sec=2.74 | gpu_util_mean=0% gpu_util_max=1% | gpu_mem_mean=2.3/47.8GB
timesteps=1767648 | env_steps/sec=306.8 | episodes/sec=5.19 | gpu_util_mean=1% gpu_util_max=1% | gpu_mem_mean=2.3/47.8GB
timesteps=1769088 | env_steps/sec=280.1 | episodes/sec=4.08 | gpu_util_mean=0% gpu_util_max=0% | gpu_mem_mean=2.3/47.8GB
-------------------------------------------
| gpu/                      |             |
|    gpu_count              | 2           |
|    gpu_mem_total_gb_mean  | 47.8        |
|    gpu_mem_used_gb_mean   | 2.33        |
|    gpu_util_pct_max       | 0           |
|    gpu_util_pct_mean      | 0           |
| profile/                  |             |
|    hard/damage_mean       | 0.234       |
|    hard/ep_len_mean       | 64.3        |
|    hard/ep_rew_mean       | 0.18        |
|    hard/episodes_window   | 200         |
|    hard/p_damage_ge_90    | 0           |
|    hard/p_stars_ge_2      | 0.005       |
|    hard/score_mean        | 0.244       |
|    hard/stars_mean        | 0.01        |
|    hard/ticks_mean        | 639         |
|    hard/truncated_rate    | 0.03        |
|    medium/damage_mean     | 0.652       |
|    medium/ep_len_mean     | 72.3        |
|    medium/ep_rew_mean     | 1.91        |
|    medium/episodes_window | 200         |
|    medium/p_damage_ge_90  | 0.14        |
|    medium/p_stars_ge_2    | 0.505       |
|    medium/score_mean      | 1.99        |
|    medium/stars_mean      | 1.33        |
|    medium/ticks_mean      | 719         |
|    medium/truncated_rate  | 0.12        |
| rollout/                  |             |
|    ep_len_mean            | 68.1        |
|    ep_rew_mean            | 1.07        |
| throughput/               |             |
|    env_steps_per_sec      | 280         |
|    episodes_per_sec       | 4.08        |
| time/                     |             |
|    fps                    | 252         |
|    iterations             | 36          |
|    time_elapsed           | 7003        |
|    total_timesteps        | 1769472     |
| train/                    |             |
|    approx_kl              | 0.016373442 |
|    clip_fraction          | 0.163       |
|    clip_range             | 0.2         |
|    entropy_loss           | -5.35       |
|    explained_variance     | 0.857       |
|    learning_rate          | 0.0003      |
|    loss                   | -0.0569     |
|    n_updates              | 350         |
|    policy_gradient_loss   | -0.0207     |
|    value_loss             | 0.0631      |
-------------------------------------------
timesteps=1769568 | env_steps/sec=56.6 | episodes/sec=0.47 | gpu_util_mean=0% gpu_util_max=0% | gpu_mem_mean=2.3/47.8GB
timesteps=1771104 | env_steps/sec=292.8 | episodes/sec=4.96 | gpu_util_mean=0% gpu_util_max=1% | gpu_mem_mean=2.3/47.8GB
timesteps=1772544 | env_steps/sec=281.8 | episodes/sec=3.52 | gpu_util_mean=0% gpu_util_max=0% | gpu_mem_mean=2.3/47.8GB
timesteps=1774080 | env_steps/sec=301.6 | episodes/sec=5.11 | gpu_util_mean=0% gpu_util_max=0% | gpu_mem_mean=2.3/47.8GB
timesteps=1775424 | env_steps/sec=267.7 | episodes/sec=2.59 | gpu_util_mean=0% gpu_util_max=0% | gpu_mem_mean=2.3/47.8GB
timesteps=1776768 | env_steps/sec=267.3 | episodes/sec=5.57 | gpu_util_mean=1% gpu_util_max=1% | gpu_mem_mean=2.3/47.8GB
timesteps=1778112 | env_steps/sec=268.3 | episodes/sec=2.79 | gpu_util_mean=0% gpu_util_max=1% | gpu_mem_mean=2.3/47.8GB
timesteps=1779456 | env_steps/sec=264.3 | episodes/sec=3.74 | gpu_util_mean=0% gpu_util_max=0% | gpu_mem_mean=2.3/47.8GB
timesteps=1780896 | env_steps/sec=282.3 | episodes/sec=4.71 | gpu_util_mean=0% gpu_util_max=1% | gpu_mem_mean=2.3/47.8GB
timesteps=1782432 | env_steps/sec=288.5 | episodes/sec=3.94 | gpu_util_mean=0% gpu_util_max=1% | gpu_mem_mean=2.3/47.8GB
timesteps=1783776 | env_steps/sec=263.5 | episodes/sec=4.12 | gpu_util_mean=1% gpu_util_max=1% | gpu_mem_mean=2.3/47.8GB
timesteps=1785216 | env_steps/sec=273.4 | episodes/sec=3.61 | gpu_util_mean=1% gpu_util_max=1% | gpu_mem_mean=2.3/47.8GB
timesteps=1786464 | env_steps/sec=249.6 | episodes/sec=3.40 | gpu_util_mean=0% gpu_util_max=0% | gpu_mem_mean=2.3/47.8GB
timesteps=1787808 | env_steps/sec=264.0 | episodes/sec=4.52 | gpu_util_mean=0% gpu_util_max=1% | gpu_mem_mean=2.3/47.8GB
timesteps=1789056 | env_steps/sec=242.0 | episodes/sec=2.91 | gpu_util_mean=0% gpu_util_max=0% | gpu_mem_mean=2.3/47.8GB
timesteps=1790496 | env_steps/sec=283.1 | episodes/sec=3.34 | gpu_util_mean=18% gpu_util_max=36% | gpu_mem_mean=2.3/47.8GB
timesteps=1791936 | env_steps/sec=278.4 | episodes/sec=3.87 | gpu_util_mean=0% gpu_util_max=0% | gpu_mem_mean=2.3/47.8GB
timesteps=1793376 | env_steps/sec=273.2 | episodes/sec=5.12 | gpu_util_mean=0% gpu_util_max=0% | gpu_mem_mean=2.3/47.8GB
timesteps=1794816 | env_steps/sec=276.5 | episodes/sec=4.22 | gpu_util_mean=0% gpu_util_max=0% | gpu_mem_mean=2.3/47.8GB
timesteps=1796160 | env_steps/sec=248.0 | episodes/sec=3.14 | gpu_util_mean=0% gpu_util_max=0% | gpu_mem_mean=2.3/47.8GB
timesteps=1797504 | env_steps/sec=265.8 | episodes/sec=2.97 | gpu_util_mean=0% gpu_util_max=0% | gpu_mem_mean=2.3/47.8GB
timesteps=1799040 | env_steps/sec=296.4 | episodes/sec=4.83 | gpu_util_mean=0% gpu_util_max=0% | gpu_mem_mean=2.3/47.8GB
timesteps=1800576 | env_steps/sec=287.7 | episodes/sec=5.43 | gpu_util_mean=1% gpu_util_max=1% | gpu_mem_mean=2.3/47.8GB
timesteps=1802112 | env_steps/sec=289.1 | episodes/sec=3.76 | gpu_util_mean=0% gpu_util_max=1% | gpu_mem_mean=2.3/47.8GB
timesteps=1803456 | env_steps/sec=263.7 | episodes/sec=2.94 | gpu_util_mean=0% gpu_util_max=0% | gpu_mem_mean=2.3/47.8GB
timesteps=1804896 | env_steps/sec=274.1 | episodes/sec=4.19 | gpu_util_mean=0% gpu_util_max=1% | gpu_mem_mean=2.3/47.8GB
timesteps=1806240 | env_steps/sec=265.1 | episodes/sec=4.93 | gpu_util_mean=1% gpu_util_max=1% | gpu_mem_mean=2.3/47.8GB
timesteps=1807584 | env_steps/sec=256.2 | episodes/sec=3.81 | gpu_util_mean=0% gpu_util_max=0% | gpu_mem_mean=2.3/47.8GB
timesteps=1809024 | env_steps/sec=275.7 | episodes/sec=3.25 | gpu_util_mean=0% gpu_util_max=1% | gpu_mem_mean=2.3/47.8GB
timesteps=1810464 | env_steps/sec=281.4 | episodes/sec=3.91 | gpu_util_mean=0% gpu_util_max=1% | gpu_mem_mean=2.3/47.8GB
timesteps=1811904 | env_steps/sec=283.9 | episodes/sec=4.93 | gpu_util_mean=0% gpu_util_max=1% | gpu_mem_mean=2.3/47.8GB
timesteps=1813344 | env_steps/sec=270.6 | episodes/sec=3.76 | gpu_util_mean=1% gpu_util_max=1% | gpu_mem_mean=2.3/47.8GB
timesteps=1814784 | env_steps/sec=287.3 | episodes/sec=4.79 | gpu_util_mean=0% gpu_util_max=0% | gpu_mem_mean=2.3/47.8GB
timesteps=1816224 | env_steps/sec=278.4 | episodes/sec=3.29 | gpu_util_mean=0% gpu_util_max=0% | gpu_mem_mean=2.3/47.8GB
timesteps=1817568 | env_steps/sec=262.9 | episodes/sec=5.48 | gpu_util_mean=0% gpu_util_max=1% | gpu_mem_mean=2.3/47.8GB
-------------------------------------------
| gpu/                      |             |
|    gpu_count              | 2           |
|    gpu_mem_total_gb_mean  | 47.8        |
|    gpu_mem_used_gb_mean   | 2.33        |
|    gpu_util_pct_max       | 1           |
|    gpu_util_pct_mean      | 0.5         |
| profile/                  |             |
|    hard/damage_mean       | 0.229       |
|    hard/ep_len_mean       | 64.1        |
|    hard/ep_rew_mean       | 0.175       |
|    hard/episodes_window   | 200         |
|    hard/p_damage_ge_90    | 0           |
|    hard/p_stars_ge_2      | 0.005       |
|    hard/score_mean        | 0.239       |
|    hard/stars_mean        | 0.01        |
|    hard/ticks_mean        | 637         |
|    hard/truncated_rate    | 0.03        |
|    medium/damage_mean     | 0.658       |
|    medium/ep_len_mean     | 72.5        |
|    medium/ep_rew_mean     | 1.93        |
|    medium/episodes_window | 200         |
|    medium/p_damage_ge_90  | 0.15        |
|    medium/p_stars_ge_2    | 0.49        |
|    medium/score_mean      | 2           |
|    medium/stars_mean      | 1.34        |
|    medium/ticks_mean      | 721         |
|    medium/truncated_rate  | 0.15        |
| rollout/                  |             |
|    ep_len_mean            | 66.8        |
|    ep_rew_mean            | 0.826       |
| throughput/               |             |
|    env_steps_per_sec      | 263         |
|    episodes_per_sec       | 5.48        |
| time/                     |             |
|    fps                    | 252         |
|    iterations             | 37          |
|    time_elapsed           | 7189        |
|    total_timesteps        | 1818624     |
| train/                    |             |
|    approx_kl              | 0.012030505 |
|    clip_fraction          | 0.153       |
|    clip_range             | 0.2         |
|    entropy_loss           | -5.29       |
|    explained_variance     | 0.874       |
|    learning_rate          | 0.0003      |
|    loss                   | -0.0478     |
|    n_updates              | 360         |
|    policy_gradient_loss   | -0.0173     |
|    value_loss             | 0.0711      |
-------------------------------------------
timesteps=1818720 | env_steps/sec=103.9 | episodes/sec=0.81 | gpu_util_mean=18% gpu_util_max=37% | gpu_mem_mean=2.3/47.8GB
timesteps=1820256 | env_steps/sec=289.7 | episodes/sec=3.96 | gpu_util_mean=0% gpu_util_max=1% | gpu_mem_mean=2.3/47.8GB
timesteps=1821600 | env_steps/sec=267.9 | episodes/sec=3.79 | gpu_util_mean=1% gpu_util_max=1% | gpu_mem_mean=2.3/47.8GB
timesteps=1822944 | env_steps/sec=265.7 | episodes/sec=4.35 | gpu_util_mean=0% gpu_util_max=1% | gpu_mem_mean=2.3/47.8GB
timesteps=1824384 | env_steps/sec=273.7 | episodes/sec=4.94 | gpu_util_mean=1% gpu_util_max=1% | gpu_mem_mean=2.3/47.8GB
timesteps=1825728 | env_steps/sec=260.5 | episodes/sec=2.52 | gpu_util_mean=0% gpu_util_max=0% | gpu_mem_mean=2.3/47.8GB
timesteps=1827072 | env_steps/sec=263.8 | episodes/sec=3.73 | gpu_util_mean=0% gpu_util_max=0% | gpu_mem_mean=2.3/47.8GB
timesteps=1828320 | env_steps/sec=244.3 | episodes/sec=4.11 | gpu_util_mean=0% gpu_util_max=0% | gpu_mem_mean=2.3/47.8GB
timesteps=1829760 | env_steps/sec=282.6 | episodes/sec=4.51 | gpu_util_mean=0% gpu_util_max=1% | gpu_mem_mean=2.3/47.8GB
timesteps=1831200 | env_steps/sec=278.0 | episodes/sec=3.67 | gpu_util_mean=0% gpu_util_max=1% | gpu_mem_mean=2.3/47.8GB
timesteps=1832544 | env_steps/sec=252.0 | episodes/sec=3.94 | gpu_util_mean=0% gpu_util_max=1% | gpu_mem_mean=2.3/47.8GB
timesteps=1833888 | env_steps/sec=255.6 | episodes/sec=2.66 | gpu_util_mean=0% gpu_util_max=0% | gpu_mem_mean=2.3/47.8GB
timesteps=1835424 | env_steps/sec=292.1 | episodes/sec=5.32 | gpu_util_mean=0% gpu_util_max=0% | gpu_mem_mean=2.3/47.8GB
timesteps=1836768 | env_steps/sec=257.5 | episodes/sec=3.83 | gpu_util_mean=0% gpu_util_max=1% | gpu_mem_mean=2.3/47.8GB
timesteps=1838304 | env_steps/sec=303.3 | episodes/sec=4.94 | gpu_util_mean=18% gpu_util_max=37% | gpu_mem_mean=2.3/47.8GB
timesteps=1839648 | env_steps/sec=267.4 | episodes/sec=2.98 | gpu_util_mean=0% gpu_util_max=1% | gpu_mem_mean=2.3/47.8GB
timesteps=1840992 | env_steps/sec=256.2 | episodes/sec=3.81 | gpu_util_mean=0% gpu_util_max=1% | gpu_mem_mean=2.3/47.8GB
timesteps=1842336 | env_steps/sec=265.5 | episodes/sec=4.54 | gpu_util_mean=0% gpu_util_max=0% | gpu_mem_mean=2.3/47.8GB
timesteps=1843776 | env_steps/sec=277.4 | episodes/sec=3.47 | gpu_util_mean=0% gpu_util_max=1% | gpu_mem_mean=2.3/47.8GB
timesteps=1845216 | env_steps/sec=281.8 | episodes/sec=3.91 | gpu_util_mean=0% gpu_util_max=0% | gpu_mem_mean=2.3/47.8GB
timesteps=1846656 | env_steps/sec=284.6 | episodes/sec=4.35 | gpu_util_mean=1% gpu_util_max=1% | gpu_mem_mean=2.3/47.8GB
timesteps=1848096 | env_steps/sec=280.2 | episodes/sec=4.48 | gpu_util_mean=0% gpu_util_max=1% | gpu_mem_mean=2.3/47.8GB
timesteps=1849536 | env_steps/sec=286.9 | episodes/sec=3.59 | gpu_util_mean=0% gpu_util_max=1% | gpu_mem_mean=2.3/47.8GB
timesteps=1850976 | env_steps/sec=282.0 | episodes/sec=3.72 | gpu_util_mean=0% gpu_util_max=0% | gpu_mem_mean=2.3/47.8GB
timesteps=1852320 | env_steps/sec=259.3 | episodes/sec=5.21 | gpu_util_mean=0% gpu_util_max=0% | gpu_mem_mean=2.3/47.8GB
timesteps=1853856 | env_steps/sec=290.7 | episodes/sec=3.97 | gpu_util_mean=1% gpu_util_max=1% | gpu_mem_mean=2.3/47.8GB
timesteps=1855296 | env_steps/sec=273.5 | episodes/sec=3.42 | gpu_util_mean=0% gpu_util_max=0% | gpu_mem_mean=2.3/47.8GB
timesteps=1856736 | env_steps/sec=273.7 | episodes/sec=3.99 | gpu_util_mean=0% gpu_util_max=0% | gpu_mem_mean=2.3/47.8GB
timesteps=1858176 | env_steps/sec=285.3 | episodes/sec=4.95 | gpu_util_mean=0% gpu_util_max=0% | gpu_mem_mean=2.3/47.8GB
timesteps=1859520 | env_steps/sec=264.9 | episodes/sec=4.14 | gpu_util_mean=0% gpu_util_max=1% | gpu_mem_mean=2.3/47.8GB
timesteps=1860864 | env_steps/sec=263.1 | episodes/sec=3.13 | gpu_util_mean=0% gpu_util_max=1% | gpu_mem_mean=2.3/47.8GB
timesteps=1862304 | env_steps/sec=287.2 | episodes/sec=4.79 | gpu_util_mean=0% gpu_util_max=0% | gpu_mem_mean=2.3/47.8GB
timesteps=1863648 | env_steps/sec=259.6 | episodes/sec=2.70 | gpu_util_mean=0% gpu_util_max=0% | gpu_mem_mean=2.3/47.8GB
timesteps=1865184 | env_steps/sec=285.8 | episodes/sec=4.65 | gpu_util_mean=0% gpu_util_max=0% | gpu_mem_mean=2.3/47.8GB
timesteps=1866816 | env_steps/sec=316.6 | episodes/sec=4.07 | gpu_util_mean=0% gpu_util_max=1% | gpu_mem_mean=2.3/47.8GB
--------------------------------------------
| gpu/                      |              |
|    gpu_count              | 2            |
|    gpu_mem_total_gb_mean  | 47.8         |
|    gpu_mem_used_gb_mean   | 2.33         |
|    gpu_util_pct_max       | 1            |
|    gpu_util_pct_mean      | 0.5          |
| profile/                  |              |
|    hard/damage_mean       | 0.246        |
|    hard/ep_len_mean       | 63.7         |
|    hard/ep_rew_mean       | 0.203        |
|    hard/episodes_window   | 200          |
|    hard/p_damage_ge_90    | 0            |
|    hard/p_stars_ge_2      | 0.005        |
|    hard/score_mean        | 0.266        |
|    hard/stars_mean        | 0.02         |
|    hard/ticks_mean        | 632          |
|    hard/truncated_rate    | 0.005        |
|    medium/damage_mean     | 0.667        |
|    medium/ep_len_mean     | 73.4         |
|    medium/ep_rew_mean     | 1.95         |
|    medium/episodes_window | 200          |
|    medium/p_damage_ge_90  | 0.17         |
|    medium/p_stars_ge_2    | 0.49         |
|    medium/score_mean      | 2.02         |
|    medium/stars_mean      | 1.35         |
|    medium/ticks_mean      | 730          |
|    medium/truncated_rate  | 0.14         |
| rollout/                  |              |
|    ep_len_mean            | 68.9         |
|    ep_rew_mean            | 0.98         |
| throughput/               |              |
|    env_steps_per_sec      | 317          |
|    episodes_per_sec       | 4.07         |
| time/                     |              |
|    fps                    | 253          |
|    iterations             | 38           |
|    time_elapsed           | 7375         |
|    total_timesteps        | 1867776      |
| train/                    |              |
|    approx_kl              | 0.0095242625 |
|    clip_fraction          | 0.111        |
|    clip_range             | 0.2          |
|    entropy_loss           | -5.27        |
|    explained_variance     | 0.869        |
|    learning_rate          | 0.0003       |
|    loss                   | -0.0347      |
|    n_updates              | 370          |
|    policy_gradient_loss   | -0.0177      |
|    value_loss             | 0.0766       |
--------------------------------------------
timesteps=1867872 | env_steps/sec=101.5 | episodes/sec=1.63 | gpu_util_mean=7% gpu_util_max=14% | gpu_mem_mean=2.3/47.8GB
timesteps=1869312 | env_steps/sec=278.4 | episodes/sec=4.45 | gpu_util_mean=0% gpu_util_max=0% | gpu_mem_mean=2.3/47.8GB
timesteps=1870656 | env_steps/sec=250.5 | episodes/sec=2.42 | gpu_util_mean=0% gpu_util_max=0% | gpu_mem_mean=2.3/47.8GB
timesteps=1872096 | env_steps/sec=269.7 | episodes/sec=4.49 | gpu_util_mean=0% gpu_util_max=1% | gpu_mem_mean=2.3/47.8GB
timesteps=1873440 | env_steps/sec=251.6 | episodes/sec=4.49 | gpu_util_mean=0% gpu_util_max=0% | gpu_mem_mean=2.3/47.8GB
timesteps=1874880 | env_steps/sec=277.9 | episodes/sec=3.67 | gpu_util_mean=0% gpu_util_max=0% | gpu_mem_mean=2.3/47.8GB
timesteps=1876128 | env_steps/sec=238.3 | episodes/sec=3.25 | gpu_util_mean=0% gpu_util_max=0% | gpu_mem_mean=2.3/47.8GB
timesteps=1877472 | env_steps/sec=256.5 | episodes/sec=4.01 | gpu_util_mean=0% gpu_util_max=0% | gpu_mem_mean=2.3/47.8GB
timesteps=1878816 | env_steps/sec=253.2 | episodes/sec=4.14 | gpu_util_mean=0% gpu_util_max=1% | gpu_mem_mean=2.3/47.8GB
timesteps=1880160 | env_steps/sec=254.2 | episodes/sec=3.97 | gpu_util_mean=0% gpu_util_max=0% | gpu_mem_mean=2.3/47.8GB
timesteps=1881504 | env_steps/sec=253.7 | episodes/sec=3.77 | gpu_util_mean=0% gpu_util_max=0% | gpu_mem_mean=2.3/47.8GB
timesteps=1882848 | env_steps/sec=268.4 | episodes/sec=3.00 | gpu_util_mean=0% gpu_util_max=0% | gpu_mem_mean=2.3/47.8GB
timesteps=1884192 | env_steps/sec=259.4 | episodes/sec=3.67 | gpu_util_mean=0% gpu_util_max=0% | gpu_mem_mean=2.3/47.8GB
timesteps=1885632 | env_steps/sec=274.2 | episodes/sec=5.33 | gpu_util_mean=0% gpu_util_max=1% | gpu_mem_mean=2.3/47.8GB
timesteps=1887072 | env_steps/sec=277.8 | episodes/sec=3.67 | gpu_util_mean=18% gpu_util_max=37% | gpu_mem_mean=2.3/47.8GB
timesteps=1888512 | env_steps/sec=270.0 | episodes/sec=2.81 | gpu_util_mean=0% gpu_util_max=0% | gpu_mem_mean=2.3/47.8GB
timesteps=1889952 | env_steps/sec=274.2 | episodes/sec=4.38 | gpu_util_mean=0% gpu_util_max=1% | gpu_mem_mean=2.3/47.8GB
timesteps=1891392 | env_steps/sec=269.7 | episodes/sec=4.87 | gpu_util_mean=0% gpu_util_max=1% | gpu_mem_mean=2.3/47.8GB
timesteps=1892832 | env_steps/sec=284.1 | episodes/sec=3.35 | gpu_util_mean=0% gpu_util_max=0% | gpu_mem_mean=2.3/47.8GB
timesteps=1894272 | env_steps/sec=283.4 | episodes/sec=3.35 | gpu_util_mean=0% gpu_util_max=0% | gpu_mem_mean=2.3/47.8GB
timesteps=1895712 | env_steps/sec=271.2 | episodes/sec=5.08 | gpu_util_mean=0% gpu_util_max=0% | gpu_mem_mean=2.3/47.8GB
timesteps=1897056 | env_steps/sec=252.6 | episodes/sec=4.32 | gpu_util_mean=0% gpu_util_max=1% | gpu_mem_mean=2.3/47.8GB
timesteps=1898496 | env_steps/sec=285.3 | episodes/sec=3.57 | gpu_util_mean=1% gpu_util_max=1% | gpu_mem_mean=2.3/47.8GB
timesteps=1899744 | env_steps/sec=241.7 | episodes/sec=2.71 | gpu_util_mean=0% gpu_util_max=0% | gpu_mem_mean=2.3/47.8GB
timesteps=1901184 | env_steps/sec=280.8 | episodes/sec=3.51 | gpu_util_mean=0% gpu_util_max=0% | gpu_mem_mean=2.3/47.8GB
timesteps=1902624 | env_steps/sec=275.5 | episodes/sec=4.21 | gpu_util_mean=0% gpu_util_max=0% | gpu_mem_mean=2.3/47.8GB
timesteps=1903968 | env_steps/sec=266.5 | episodes/sec=5.35 | gpu_util_mean=0% gpu_util_max=1% | gpu_mem_mean=2.3/47.8GB
timesteps=1905216 | env_steps/sec=248.6 | episodes/sec=3.19 | gpu_util_mean=0% gpu_util_max=0% | gpu_mem_mean=2.3/47.8GB
timesteps=1906656 | env_steps/sec=271.5 | episodes/sec=3.58 | gpu_util_mean=0% gpu_util_max=0% | gpu_mem_mean=2.3/47.8GB
timesteps=1908096 | env_steps/sec=274.2 | episodes/sec=3.62 | gpu_util_mean=0% gpu_util_max=1% | gpu_mem_mean=2.3/47.8GB
timesteps=1909632 | env_steps/sec=295.6 | episodes/sec=4.23 | gpu_util_mean=0% gpu_util_max=0% | gpu_mem_mean=2.3/47.8GB
timesteps=1911072 | env_steps/sec=276.1 | episodes/sec=4.22 | gpu_util_mean=0% gpu_util_max=0% | gpu_mem_mean=2.3/47.8GB
timesteps=1912608 | env_steps/sec=286.5 | episodes/sec=3.92 | gpu_util_mean=0% gpu_util_max=0% | gpu_mem_mean=2.3/47.8GB
timesteps=1913952 | env_steps/sec=267.3 | episodes/sec=3.98 | gpu_util_mean=0% gpu_util_max=1% | gpu_mem_mean=2.3/47.8GB
timesteps=1915296 | env_steps/sec=258.9 | episodes/sec=4.24 | gpu_util_mean=0% gpu_util_max=1% | gpu_mem_mean=2.3/47.8GB
timesteps=1916640 | env_steps/sec=262.7 | episodes/sec=3.13 | gpu_util_mean=0% gpu_util_max=1% | gpu_mem_mean=2.3/47.8GB
-------------------------------------------
| gpu/                      |             |
|    gpu_count              | 2           |
|    gpu_mem_total_gb_mean  | 47.8        |
|    gpu_mem_used_gb_mean   | 2.33        |
|    gpu_util_pct_max       | 1           |
|    gpu_util_pct_mean      | 0.5         |
| profile/                  |             |
|    hard/damage_mean       | 0.242       |
|    hard/ep_len_mean       | 65.2        |
|    hard/ep_rew_mean       | 0.177       |
|    hard/episodes_window   | 200         |
|    hard/p_damage_ge_90    | 0           |
|    hard/p_stars_ge_2      | 0           |
|    hard/score_mean        | 0.242       |
|    hard/stars_mean        | 0           |
|    hard/ticks_mean        | 648         |
|    hard/truncated_rate    | 0.03        |
|    medium/damage_mean     | 0.695       |
|    medium/ep_len_mean     | 74.2        |
|    medium/ep_rew_mean     | 2.12        |
|    medium/episodes_window | 200         |
|    medium/p_damage_ge_90  | 0.195       |
|    medium/p_stars_ge_2    | 0.57        |
|    medium/score_mean      | 2.2         |
|    medium/stars_mean      | 1.5         |
|    medium/ticks_mean      | 738         |
|    medium/truncated_rate  | 0.155       |
| rollout/                  |             |
|    ep_len_mean            | 69.7        |
|    ep_rew_mean            | 1.07        |
| throughput/               |             |
|    env_steps_per_sec      | 263         |
|    episodes_per_sec       | 3.13        |
| time/                     |             |
|    fps                    | 253         |
|    iterations             | 39          |
|    time_elapsed           | 7566        |
|    total_timesteps        | 1916928     |
| train/                    |             |
|    approx_kl              | 0.012762855 |
|    clip_fraction          | 0.148       |
|    clip_range             | 0.2         |
|    entropy_loss           | -5.24       |
|    explained_variance     | 0.861       |
|    learning_rate          | 0.0003      |
|    loss                   | -0.0485     |
|    n_updates              | 380         |
|    policy_gradient_loss   | -0.0179     |
|    value_loss             | 0.0699      |
-------------------------------------------
timesteps=1917024 | env_steps/sec=47.0 | episodes/sec=1.35 | gpu_util_mean=16% gpu_util_max=33% | gpu_mem_mean=2.3/47.8GB
timesteps=1918464 | env_steps/sec=275.6 | episodes/sec=3.06 | gpu_util_mean=0% gpu_util_max=0% | gpu_mem_mean=2.3/47.8GB
timesteps=1919808 | env_steps/sec=257.9 | episodes/sec=3.26 | gpu_util_mean=0% gpu_util_max=0% | gpu_mem_mean=2.3/47.8GB
timesteps=1921248 | env_steps/sec=271.2 | episodes/sec=4.33 | gpu_util_mean=1% gpu_util_max=1% | gpu_mem_mean=2.3/47.8GB
timesteps=1922784 | env_steps/sec=292.9 | episodes/sec=3.43 | gpu_util_mean=0% gpu_util_max=0% | gpu_mem_mean=2.3/47.8GB
timesteps=1924320 | env_steps/sec=306.1 | episodes/sec=4.78 | gpu_util_mean=0% gpu_util_max=0% | gpu_mem_mean=2.3/47.8GB
timesteps=1925856 | env_steps/sec=302.1 | episodes/sec=4.33 | gpu_util_mean=0% gpu_util_max=0% | gpu_mem_mean=2.3/47.8GB
timesteps=1927296 | env_steps/sec=271.5 | episodes/sec=4.15 | gpu_util_mean=0% gpu_util_max=1% | gpu_mem_mean=2.3/47.8GB
timesteps=1928640 | env_steps/sec=263.6 | episodes/sec=4.71 | gpu_util_mean=0% gpu_util_max=0% | gpu_mem_mean=2.3/47.8GB
timesteps=1929984 | env_steps/sec=264.4 | episodes/sec=2.95 | gpu_util_mean=0% gpu_util_max=0% | gpu_mem_mean=2.3/47.8GB
timesteps=1931424 | env_steps/sec=273.8 | episodes/sec=3.80 | gpu_util_mean=0% gpu_util_max=0% | gpu_mem_mean=2.3/47.8GB
timesteps=1932864 | env_steps/sec=287.0 | episodes/sec=4.78 | gpu_util_mean=0% gpu_util_max=0% | gpu_mem_mean=2.3/47.8GB
timesteps=1934304 | env_steps/sec=278.3 | episodes/sec=3.48 | gpu_util_mean=0% gpu_util_max=1% | gpu_mem_mean=2.3/47.8GB
timesteps=1935744 | env_steps/sec=282.2 | episodes/sec=4.70 | gpu_util_mean=18% gpu_util_max=35% | gpu_mem_mean=2.3/47.8GB
timesteps=1937184 | env_steps/sec=268.5 | episodes/sec=3.36 | gpu_util_mean=0% gpu_util_max=0% | gpu_mem_mean=2.3/47.8GB
timesteps=1938624 | env_steps/sec=278.8 | episodes/sec=4.45 | gpu_util_mean=0% gpu_util_max=1% | gpu_mem_mean=2.3/47.8GB
timesteps=1940064 | env_steps/sec=286.6 | episodes/sec=3.58 | gpu_util_mean=0% gpu_util_max=0% | gpu_mem_mean=2.3/47.8GB
timesteps=1941408 | env_steps/sec=258.9 | episodes/sec=3.47 | gpu_util_mean=0% gpu_util_max=0% | gpu_mem_mean=2.3/47.8GB
timesteps=1942848 | env_steps/sec=270.6 | episodes/sec=3.76 | gpu_util_mean=0% gpu_util_max=0% | gpu_mem_mean=2.3/47.8GB
timesteps=1944288 | env_steps/sec=268.9 | episodes/sec=4.67 | gpu_util_mean=0% gpu_util_max=0% | gpu_mem_mean=2.3/47.8GB
timesteps=1945632 | env_steps/sec=267.3 | episodes/sec=3.38 | gpu_util_mean=1% gpu_util_max=1% | gpu_mem_mean=2.3/47.8GB
timesteps=1947168 | env_steps/sec=290.0 | episodes/sec=3.40 | gpu_util_mean=0% gpu_util_max=0% | gpu_mem_mean=2.3/47.8GB
timesteps=1948608 | env_steps/sec=286.0 | episodes/sec=3.57 | gpu_util_mean=0% gpu_util_max=0% | gpu_mem_mean=2.3/47.8GB
timesteps=1950048 | env_steps/sec=287.8 | episodes/sec=5.60 | gpu_util_mean=0% gpu_util_max=0% | gpu_mem_mean=2.3/47.8GB
timesteps=1951488 | env_steps/sec=274.2 | episodes/sec=4.00 | gpu_util_mean=0% gpu_util_max=0% | gpu_mem_mean=2.3/47.8GB
timesteps=1952928 | env_steps/sec=273.3 | episodes/sec=3.99 | gpu_util_mean=0% gpu_util_max=0% | gpu_mem_mean=2.3/47.8GB
timesteps=1954272 | env_steps/sec=261.8 | episodes/sec=3.51 | gpu_util_mean=0% gpu_util_max=0% | gpu_mem_mean=2.3/47.8GB
timesteps=1955616 | env_steps/sec=254.4 | episodes/sec=3.41 | gpu_util_mean=0% gpu_util_max=0% | gpu_mem_mean=2.3/47.8GB
timesteps=1957248 | env_steps/sec=309.4 | episodes/sec=4.17 | gpu_util_mean=0% gpu_util_max=1% | gpu_mem_mean=2.3/47.8GB
timesteps=1958688 | env_steps/sec=277.3 | episodes/sec=4.62 | gpu_util_mean=0% gpu_util_max=1% | gpu_mem_mean=2.3/47.8GB
timesteps=1960032 | env_steps/sec=257.9 | episodes/sec=4.22 | gpu_util_mean=0% gpu_util_max=0% | gpu_mem_mean=2.3/47.8GB
timesteps=1961472 | env_steps/sec=269.8 | episodes/sec=4.50 | gpu_util_mean=0% gpu_util_max=1% | gpu_mem_mean=2.3/47.8GB
timesteps=1962816 | env_steps/sec=267.2 | episodes/sec=2.39 | gpu_util_mean=0% gpu_util_max=0% | gpu_mem_mean=2.3/47.8GB
timesteps=1964256 | env_steps/sec=279.2 | episodes/sec=3.88 | gpu_util_mean=0% gpu_util_max=0% | gpu_mem_mean=2.3/47.8GB
timesteps=1965504 | env_steps/sec=248.8 | episodes/sec=4.98 | gpu_util_mean=0% gpu_util_max=0% | gpu_mem_mean=2.3/47.8GB
-------------------------------------------
| gpu/                      |             |
|    gpu_count              | 2           |
|    gpu_mem_total_gb_mean  | 47.8        |
|    gpu_mem_used_gb_mean   | 2.33        |
|    gpu_util_pct_max       | 0           |
|    gpu_util_pct_mean      | 0           |
| profile/                  |             |
|    hard/damage_mean       | 0.221       |
|    hard/ep_len_mean       | 64.6        |
|    hard/ep_rew_mean       | 0.172       |
|    hard/episodes_window   | 200         |
|    hard/p_damage_ge_90    | 0           |
|    hard/p_stars_ge_2      | 0.005       |
|    hard/score_mean        | 0.236       |
|    hard/stars_mean        | 0.015       |
|    hard/ticks_mean        | 642         |
|    hard/truncated_rate    | 0.02        |
|    medium/damage_mean     | 0.705       |
|    medium/ep_len_mean     | 74.9        |
|    medium/ep_rew_mean     | 2.14        |
|    medium/episodes_window | 200         |
|    medium/p_damage_ge_90  | 0.195       |
|    medium/p_stars_ge_2    | 0.585       |
|    medium/score_mean      | 2.21        |
|    medium/stars_mean      | 1.5         |
|    medium/ticks_mean      | 745         |
|    medium/truncated_rate  | 0.15        |
| rollout/                  |             |
|    ep_len_mean            | 68.4        |
|    ep_rew_mean            | 1.16        |
| throughput/               |             |
|    env_steps_per_sec      | 249         |
|    episodes_per_sec       | 4.98        |
| time/                     |             |
|    fps                    | 253         |
|    iterations             | 40          |
|    time_elapsed           | 7751        |
|    total_timesteps        | 1966080     |
| train/                    |             |
|    approx_kl              | 0.012332541 |
|    clip_fraction          | 0.158       |
|    clip_range             | 0.2         |
|    entropy_loss           | -5.22       |
|    explained_variance     | 0.889       |
|    learning_rate          | 0.0003      |
|    loss                   | -0.0449     |
|    n_updates              | 390         |
|    policy_gradient_loss   | -0.017      |
|    value_loss             | 0.0657      |
-------------------------------------------
timesteps=1966176 | env_steps/sec=69.5 | episodes/sec=0.72 | gpu_util_mean=16% gpu_util_max=33% | gpu_mem_mean=2.3/47.8GB
timesteps=1967520 | env_steps/sec=254.2 | episodes/sec=4.54 | gpu_util_mean=0% gpu_util_max=1% | gpu_mem_mean=2.3/47.8GB
timesteps=1968768 | env_steps/sec=241.5 | episodes/sec=2.71 | gpu_util_mean=0% gpu_util_max=0% | gpu_mem_mean=2.3/47.8GB
timesteps=1970112 | env_steps/sec=256.8 | episodes/sec=3.44 | gpu_util_mean=0% gpu_util_max=1% | gpu_mem_mean=2.3/47.8GB
timesteps=1971552 | env_steps/sec=272.6 | episodes/sec=4.35 | gpu_util_mean=0% gpu_util_max=0% | gpu_mem_mean=2.3/47.8GB
timesteps=1972896 | env_steps/sec=261.6 | episodes/sec=4.67 | gpu_util_mean=0% gpu_util_max=0% | gpu_mem_mean=2.3/47.8GB
timesteps=1974240 | env_steps/sec=250.9 | episodes/sec=2.80 | gpu_util_mean=0% gpu_util_max=0% | gpu_mem_mean=2.3/47.8GB
timesteps=1975584 | env_steps/sec=265.7 | episodes/sec=3.36 | gpu_util_mean=0% gpu_util_max=0% | gpu_mem_mean=2.3/47.8GB
timesteps=1976928 | env_steps/sec=267.2 | episodes/sec=2.98 | gpu_util_mean=1% gpu_util_max=1% | gpu_mem_mean=2.3/47.8GB
timesteps=1978368 | env_steps/sec=285.3 | episodes/sec=5.15 | gpu_util_mean=0% gpu_util_max=0% | gpu_mem_mean=2.3/47.8GB
timesteps=1979712 | env_steps/sec=267.5 | episodes/sec=4.78 | gpu_util_mean=0% gpu_util_max=1% | gpu_mem_mean=2.3/47.8GB
timesteps=1981152 | env_steps/sec=268.2 | episodes/sec=3.54 | gpu_util_mean=0% gpu_util_max=0% | gpu_mem_mean=2.3/47.8GB
timesteps=1982592 | env_steps/sec=281.3 | episodes/sec=3.71 | gpu_util_mean=0% gpu_util_max=0% | gpu_mem_mean=2.3/47.8GB
timesteps=1984128 | env_steps/sec=289.5 | episodes/sec=3.20 | gpu_util_mean=18% gpu_util_max=35% | gpu_mem_mean=2.3/47.8GB
timesteps=1985760 | env_steps/sec=312.2 | episodes/sec=5.36 | gpu_util_mean=0% gpu_util_max=1% | gpu_mem_mean=2.3/47.8GB
timesteps=1987392 | env_steps/sec=307.7 | episodes/sec=5.28 | gpu_util_mean=0% gpu_util_max=1% | gpu_mem_mean=2.3/47.8GB
timesteps=1988832 | env_steps/sec=286.8 | episodes/sec=3.98 | gpu_util_mean=0% gpu_util_max=0% | gpu_mem_mean=2.3/47.8GB
timesteps=1990368 | env_steps/sec=292.7 | episodes/sec=2.86 | gpu_util_mean=0% gpu_util_max=1% | gpu_mem_mean=2.3/47.8GB
timesteps=1992000 | env_steps/sec=305.9 | episodes/sec=4.69 | gpu_util_mean=0% gpu_util_max=1% | gpu_mem_mean=2.3/47.8GB
timesteps=1993344 | env_steps/sec=264.1 | episodes/sec=4.91 | gpu_util_mean=0% gpu_util_max=1% | gpu_mem_mean=2.3/47.8GB
timesteps=1994688 | env_steps/sec=255.9 | episodes/sec=3.81 | gpu_util_mean=0% gpu_util_max=0% | gpu_mem_mean=2.3/47.8GB
timesteps=1996128 | env_steps/sec=278.7 | episodes/sec=3.29 | gpu_util_mean=0% gpu_util_max=0% | gpu_mem_mean=2.3/47.8GB
timesteps=1997472 | env_steps/sec=256.7 | episodes/sec=2.87 | gpu_util_mean=0% gpu_util_max=0% | gpu_mem_mean=2.3/47.8GB
timesteps=1998816 | env_steps/sec=257.9 | episodes/sec=4.41 | gpu_util_mean=0% gpu_util_max=1% | gpu_mem_mean=2.3/47.8GB
timesteps=2000256 | env_steps/sec=267.4 | episodes/sec=4.46 | gpu_util_mean=0% gpu_util_max=0% | gpu_mem_mean=2.3/47.8GB
timesteps=2001696 | env_steps/sec=276.8 | episodes/sec=3.27 | gpu_util_mean=0% gpu_util_max=0% | gpu_mem_mean=2.3/47.8GB
timesteps=2003328 | env_steps/sec=308.7 | episodes/sec=4.92 | gpu_util_mean=0% gpu_util_max=0% | gpu_mem_mean=2.3/47.8GB
timesteps=2004672 | env_steps/sec=264.4 | episodes/sec=3.54 | gpu_util_mean=0% gpu_util_max=0% | gpu_mem_mean=2.3/47.8GB
timesteps=2006112 | env_steps/sec=277.5 | episodes/sec=3.85 | gpu_util_mean=0% gpu_util_max=0% | gpu_mem_mean=2.3/47.8GB
timesteps=2007552 | env_steps/sec=285.9 | episodes/sec=3.57 | gpu_util_mean=0% gpu_util_max=0% | gpu_mem_mean=2.3/47.8GB
timesteps=2008896 | env_steps/sec=264.4 | episodes/sec=4.92 | gpu_util_mean=0% gpu_util_max=0% | gpu_mem_mean=2.3/47.8GB
timesteps=2010336 | env_steps/sec=269.6 | episodes/sec=4.12 | gpu_util_mean=0% gpu_util_max=0% | gpu_mem_mean=2.3/47.8GB
timesteps=2011680 | env_steps/sec=256.0 | episodes/sec=3.43 | gpu_util_mean=0% gpu_util_max=1% | gpu_mem_mean=2.3/47.8GB
timesteps=2013024 | env_steps/sec=256.3 | episodes/sec=2.48 | gpu_util_mean=0% gpu_util_max=1% | gpu_mem_mean=2.3/47.8GB
timesteps=2014368 | env_steps/sec=259.4 | episodes/sec=4.25 | gpu_util_mean=0% gpu_util_max=0% | gpu_mem_mean=2.3/47.8GB
-------------------------------------------
| gpu/                      |             |
|    gpu_count              | 2           |
|    gpu_mem_total_gb_mean  | 47.8        |
|    gpu_mem_used_gb_mean   | 2.33        |
|    gpu_util_pct_max       | 0           |
|    gpu_util_pct_mean      | 0           |
| profile/                  |             |
|    hard/damage_mean       | 0.235       |
|    hard/ep_len_mean       | 64.1        |
|    hard/ep_rew_mean       | 0.171       |
|    hard/episodes_window   | 200         |
|    hard/p_damage_ge_90    | 0           |
|    hard/p_stars_ge_2      | 0           |
|    hard/score_mean        | 0.235       |
|    hard/stars_mean        | 0           |
|    hard/ticks_mean        | 637         |
|    hard/truncated_rate    | 0.035       |
|    medium/damage_mean     | 0.704       |
|    medium/ep_len_mean     | 74.5        |
|    medium/ep_rew_mean     | 2.11        |
|    medium/episodes_window | 200         |
|    medium/p_damage_ge_90  | 0.225       |
|    medium/p_stars_ge_2    | 0.63        |
|    medium/score_mean      | 2.19        |
|    medium/stars_mean      | 1.49        |
|    medium/ticks_mean      | 742         |
|    medium/truncated_rate  | 0.16        |
| rollout/                  |             |
|    ep_len_mean            | 69.2        |
|    ep_rew_mean            | 1.06        |
| throughput/               |             |
|    env_steps_per_sec      | 259         |
|    episodes_per_sec       | 4.25        |
| time/                     |             |
|    fps                    | 253         |
|    iterations             | 41          |
|    time_elapsed           | 7939        |
|    total_timesteps        | 2015232     |
| train/                    |             |
|    approx_kl              | 0.014546589 |
|    clip_fraction          | 0.144       |
|    clip_range             | 0.2         |
|    entropy_loss           | -5.16       |
|    explained_variance     | 0.881       |
|    learning_rate          | 0.0003      |
|    loss                   | -0.0415     |
|    n_updates              | 400         |
|    policy_gradient_loss   | -0.0187     |
|    value_loss             | 0.0651      |
-------------------------------------------
timesteps=2015328 | env_steps/sec=91.4 | episodes/sec=1.71 | gpu_util_mean=0% gpu_util_max=1% | gpu_mem_mean=2.3/47.8GB
timesteps=2016768 | env_steps/sec=275.8 | episodes/sec=4.60 | gpu_util_mean=0% gpu_util_max=0% | gpu_mem_mean=2.3/47.8GB
timesteps=2018208 | env_steps/sec=273.5 | episodes/sec=4.37 | gpu_util_mean=0% gpu_util_max=0% | gpu_mem_mean=2.3/47.8GB
timesteps=2019552 | env_steps/sec=254.8 | episodes/sec=2.09 | gpu_util_mean=0% gpu_util_max=0% | gpu_mem_mean=2.3/47.8GB
timesteps=2020992 | env_steps/sec=273.1 | episodes/sec=4.74 | gpu_util_mean=0% gpu_util_max=0% | gpu_mem_mean=2.3/47.8GB
timesteps=2022432 | env_steps/sec=283.9 | episodes/sec=4.93 | gpu_util_mean=0% gpu_util_max=0% | gpu_mem_mean=2.3/47.8GB
timesteps=2023872 | env_steps/sec=270.5 | episodes/sec=3.57 | gpu_util_mean=0% gpu_util_max=0% | gpu_mem_mean=2.3/47.8GB
timesteps=2025216 | env_steps/sec=254.7 | episodes/sec=3.41 | gpu_util_mean=0% gpu_util_max=0% | gpu_mem_mean=2.3/47.8GB
timesteps=2026656 | env_steps/sec=287.6 | episodes/sec=4.00 | gpu_util_mean=0% gpu_util_max=1% | gpu_mem_mean=2.3/47.8GB
timesteps=2028000 | env_steps/sec=267.0 | episodes/sec=4.97 | gpu_util_mean=0% gpu_util_max=0% | gpu_mem_mean=2.3/47.8GB
timesteps=2029344 | env_steps/sec=265.6 | episodes/sec=4.55 | gpu_util_mean=0% gpu_util_max=0% | gpu_mem_mean=2.3/47.8GB
timesteps=2030688 | env_steps/sec=256.7 | episodes/sec=3.06 | gpu_util_mean=0% gpu_util_max=0% | gpu_mem_mean=2.3/47.8GB
timesteps=2032032 | env_steps/sec=266.7 | episodes/sec=2.78 | gpu_util_mean=0% gpu_util_max=0% | gpu_mem_mean=2.3/47.8GB
timesteps=2033568 | env_steps/sec=287.7 | episodes/sec=5.43 | gpu_util_mean=18% gpu_util_max=37% | gpu_mem_mean=2.3/47.8GB
timesteps=2035104 | env_steps/sec=301.3 | episodes/sec=4.12 | gpu_util_mean=0% gpu_util_max=0% | gpu_mem_mean=2.3/47.8GB
timesteps=2036544 | env_steps/sec=279.1 | episodes/sec=3.88 | gpu_util_mean=0% gpu_util_max=1% | gpu_mem_mean=2.3/47.8GB
timesteps=2037984 | env_steps/sec=276.7 | episodes/sec=3.84 | gpu_util_mean=0% gpu_util_max=0% | gpu_mem_mean=2.3/47.8GB
timesteps=2039424 | env_steps/sec=274.0 | episodes/sec=5.14 | gpu_util_mean=0% gpu_util_max=1% | gpu_mem_mean=2.3/47.8GB
timesteps=2040768 | env_steps/sec=268.1 | episodes/sec=2.99 | gpu_util_mean=0% gpu_util_max=0% | gpu_mem_mean=2.3/47.8GB
timesteps=2042208 | env_steps/sec=279.7 | episodes/sec=3.11 | gpu_util_mean=0% gpu_util_max=0% | gpu_mem_mean=2.3/47.8GB
timesteps=2043744 | env_steps/sec=283.6 | episodes/sec=4.99 | gpu_util_mean=0% gpu_util_max=1% | gpu_mem_mean=2.3/47.8GB
timesteps=2045184 | env_steps/sec=274.8 | episodes/sec=4.39 | gpu_util_mean=0% gpu_util_max=0% | gpu_mem_mean=2.3/47.8GB
timesteps=2046528 | env_steps/sec=262.8 | episodes/sec=3.91 | gpu_util_mean=0% gpu_util_max=1% | gpu_mem_mean=2.3/47.8GB
timesteps=2047968 | env_steps/sec=271.4 | episodes/sec=3.58 | gpu_util_mean=0% gpu_util_max=1% | gpu_mem_mean=2.3/47.8GB
timesteps=2049408 | env_steps/sec=283.3 | episodes/sec=4.13 | gpu_util_mean=0% gpu_util_max=0% | gpu_mem_mean=2.3/47.8GB
timesteps=2050848 | env_steps/sec=285.9 | episodes/sec=4.17 | gpu_util_mean=0% gpu_util_max=1% | gpu_mem_mean=2.3/47.8GB
timesteps=2052192 | env_steps/sec=268.4 | episodes/sec=4.39 | gpu_util_mean=0% gpu_util_max=0% | gpu_mem_mean=2.3/47.8GB
timesteps=2053536 | env_steps/sec=265.4 | episodes/sec=4.34 | gpu_util_mean=0% gpu_util_max=1% | gpu_mem_mean=2.3/47.8GB
timesteps=2054880 | env_steps/sec=255.1 | episodes/sec=2.66 | gpu_util_mean=0% gpu_util_max=0% | gpu_mem_mean=2.3/47.8GB
timesteps=2056320 | env_steps/sec=269.0 | episodes/sec=4.48 | gpu_util_mean=0% gpu_util_max=0% | gpu_mem_mean=2.3/47.8GB
timesteps=2057664 | env_steps/sec=263.7 | episodes/sec=3.92 | gpu_util_mean=0% gpu_util_max=0% | gpu_mem_mean=2.3/47.8GB
timesteps=2059200 | env_steps/sec=288.2 | episodes/sec=3.94 | gpu_util_mean=0% gpu_util_max=1% | gpu_mem_mean=2.3/47.8GB
timesteps=2060544 | env_steps/sec=259.5 | episodes/sec=4.06 | gpu_util_mean=0% gpu_util_max=0% | gpu_mem_mean=2.3/47.8GB
timesteps=2061984 | env_steps/sec=281.8 | episodes/sec=3.52 | gpu_util_mean=0% gpu_util_max=1% | gpu_mem_mean=2.3/47.8GB
timesteps=2063328 | env_steps/sec=262.7 | episodes/sec=4.10 | gpu_util_mean=1% gpu_util_max=1% | gpu_mem_mean=2.3/47.8GB
-------------------------------------------
| gpu/                      |             |
|    gpu_count              | 2           |
|    gpu_mem_total_gb_mean  | 47.8        |
|    gpu_mem_used_gb_mean   | 2.33        |
|    gpu_util_pct_max       | 1           |
|    gpu_util_pct_mean      | 1           |
| profile/                  |             |
|    hard/damage_mean       | 0.236       |
|    hard/ep_len_mean       | 64.1        |
|    hard/ep_rew_mean       | 0.172       |
|    hard/episodes_window   | 200         |
|    hard/p_damage_ge_90    | 0           |
|    hard/p_stars_ge_2      | 0           |
|    hard/score_mean        | 0.236       |
|    hard/stars_mean        | 0           |
|    hard/ticks_mean        | 636         |
|    hard/truncated_rate    | 0.025       |
|    medium/damage_mean     | 0.675       |
|    medium/ep_len_mean     | 72.9        |
|    medium/ep_rew_mean     | 2.06        |
|    medium/episodes_window | 200         |
|    medium/p_damage_ge_90  | 0.185       |
|    medium/p_stars_ge_2    | 0.58        |
|    medium/score_mean      | 2.14        |
|    medium/stars_mean      | 1.46        |
|    medium/ticks_mean      | 726         |
|    medium/truncated_rate  | 0.16        |
| rollout/                  |             |
|    ep_len_mean            | 69.2        |
|    ep_rew_mean            | 1.07        |
| throughput/               |             |
|    env_steps_per_sec      | 263         |
|    episodes_per_sec       | 4.1         |
| time/                     |             |
|    fps                    | 254         |
|    iterations             | 42          |
|    time_elapsed           | 8126        |
|    total_timesteps        | 2064384     |
| train/                    |             |
|    approx_kl              | 0.009502555 |
|    clip_fraction          | 0.111       |
|    clip_range             | 0.2         |
|    entropy_loss           | -5.17       |
|    explained_variance     | 0.889       |
|    learning_rate          | 0.0003      |
|    loss                   | -0.042      |
|    n_updates              | 410         |
|    policy_gradient_loss   | -0.0175     |
|    value_loss             | 0.0674      |
-------------------------------------------
timesteps=2064480 | env_steps/sec=102.1 | episodes/sec=1.95 | gpu_util_mean=0% gpu_util_max=0% | gpu_mem_mean=2.3/47.8GB
timesteps=2065824 | env_steps/sec=262.4 | episodes/sec=3.71 | gpu_util_mean=0% gpu_util_max=0% | gpu_mem_mean=2.3/47.8GB
timesteps=2067168 | env_steps/sec=262.3 | episodes/sec=3.12 | gpu_util_mean=0% gpu_util_max=1% | gpu_mem_mean=2.3/47.8GB
timesteps=2068608 | env_steps/sec=274.4 | episodes/sec=4.00 | gpu_util_mean=0% gpu_util_max=0% | gpu_mem_mean=2.3/47.8GB
timesteps=2070048 | env_steps/sec=274.3 | episodes/sec=4.00 | gpu_util_mean=0% gpu_util_max=0% | gpu_mem_mean=2.3/47.8GB
timesteps=2071392 | env_steps/sec=251.2 | episodes/sec=3.92 | gpu_util_mean=0% gpu_util_max=1% | gpu_mem_mean=2.3/47.8GB
timesteps=2072736 | env_steps/sec=262.1 | episodes/sec=4.10 | gpu_util_mean=0% gpu_util_max=1% | gpu_mem_mean=2.3/47.8GB
timesteps=2074176 | env_steps/sec=270.4 | episodes/sec=3.94 | gpu_util_mean=0% gpu_util_max=1% | gpu_mem_mean=2.3/47.8GB
timesteps=2075616 | env_steps/sec=275.6 | episodes/sec=4.78 | gpu_util_mean=0% gpu_util_max=0% | gpu_mem_mean=2.3/47.8GB
timesteps=2077056 | env_steps/sec=284.5 | episodes/sec=3.36 | gpu_util_mean=0% gpu_util_max=0% | gpu_mem_mean=2.3/47.8GB
timesteps=2078592 | env_steps/sec=294.9 | episodes/sec=4.61 | gpu_util_mean=0% gpu_util_max=1% | gpu_mem_mean=2.3/47.8GB
timesteps=2079936 | env_steps/sec=261.0 | episodes/sec=3.11 | gpu_util_mean=0% gpu_util_max=0% | gpu_mem_mean=2.3/47.8GB
timesteps=2081472 | env_steps/sec=306.9 | episodes/sec=4.40 | gpu_util_mean=18% gpu_util_max=34% | gpu_mem_mean=2.3/47.8GB
timesteps=2082912 | env_steps/sec=278.8 | episodes/sec=4.07 | gpu_util_mean=19% gpu_util_max=37% | gpu_mem_mean=2.3/47.8GB
timesteps=2084256 | env_steps/sec=268.8 | episodes/sec=4.00 | gpu_util_mean=0% gpu_util_max=1% | gpu_mem_mean=2.3/47.8GB
timesteps=2085696 | env_steps/sec=271.6 | episodes/sec=4.15 | gpu_util_mean=1% gpu_util_max=1% | gpu_mem_mean=2.3/47.8GB
timesteps=2087040 | env_steps/sec=261.7 | episodes/sec=3.89 | gpu_util_mean=0% gpu_util_max=1% | gpu_mem_mean=2.3/47.8GB
timesteps=2088384 | env_steps/sec=267.1 | episodes/sec=4.37 | gpu_util_mean=0% gpu_util_max=0% | gpu_mem_mean=2.3/47.8GB
timesteps=2089824 | env_steps/sec=271.1 | episodes/sec=2.82 | gpu_util_mean=0% gpu_util_max=1% | gpu_mem_mean=2.3/47.8GB
timesteps=2091264 | env_steps/sec=283.2 | episodes/sec=4.13 | gpu_util_mean=0% gpu_util_max=0% | gpu_mem_mean=2.3/47.8GB
timesteps=2092704 | env_steps/sec=280.8 | episodes/sec=3.90 | gpu_util_mean=0% gpu_util_max=1% | gpu_mem_mean=2.3/47.8GB
timesteps=2094240 | env_steps/sec=296.8 | episodes/sec=6.18 | gpu_util_mean=0% gpu_util_max=0% | gpu_mem_mean=2.3/47.8GB
timesteps=2095584 | env_steps/sec=258.6 | episodes/sec=3.08 | gpu_util_mean=0% gpu_util_max=0% | gpu_mem_mean=2.3/47.8GB
timesteps=2097024 | env_steps/sec=271.3 | episodes/sec=2.83 | gpu_util_mean=1% gpu_util_max=1% | gpu_mem_mean=2.3/47.8GB
timesteps=2098464 | env_steps/sec=280.3 | episodes/sec=3.31 | gpu_util_mean=0% gpu_util_max=0% | gpu_mem_mean=2.3/47.8GB
timesteps=2099904 | env_steps/sec=281.3 | episodes/sec=6.45 | gpu_util_mean=0% gpu_util_max=0% | gpu_mem_mean=2.3/47.8GB
timesteps=2101344 | env_steps/sec=280.0 | episodes/sec=4.08 | gpu_util_mean=0% gpu_util_max=1% | gpu_mem_mean=2.3/47.8GB
timesteps=2102592 | env_steps/sec=248.6 | episodes/sec=2.39 | gpu_util_mean=0% gpu_util_max=0% | gpu_mem_mean=2.3/47.8GB
timesteps=2103936 | env_steps/sec=256.9 | episodes/sec=4.20 | gpu_util_mean=0% gpu_util_max=1% | gpu_mem_mean=2.3/47.8GB
timesteps=2105280 | env_steps/sec=263.3 | episodes/sec=3.92 | gpu_util_mean=0% gpu_util_max=1% | gpu_mem_mean=2.3/47.8GB
timesteps=2106720 | env_steps/sec=278.0 | episodes/sec=3.86 | gpu_util_mean=1% gpu_util_max=1% | gpu_mem_mean=2.3/47.8GB
timesteps=2108160 | env_steps/sec=271.3 | episodes/sec=3.96 | gpu_util_mean=0% gpu_util_max=0% | gpu_mem_mean=2.3/47.8GB
timesteps=2109696 | env_steps/sec=290.3 | episodes/sec=4.73 | gpu_util_mean=0% gpu_util_max=0% | gpu_mem_mean=2.3/47.8GB
timesteps=2111136 | env_steps/sec=276.8 | episodes/sec=4.04 | gpu_util_mean=0% gpu_util_max=0% | gpu_mem_mean=2.3/47.8GB
timesteps=2112480 | env_steps/sec=251.8 | episodes/sec=3.00 | gpu_util_mean=0% gpu_util_max=0% | gpu_mem_mean=2.3/47.8GB
-------------------------------------------
| gpu/                      |             |
|    gpu_count              | 2           |
|    gpu_mem_total_gb_mean  | 47.8        |
|    gpu_mem_used_gb_mean   | 2.33        |
|    gpu_util_pct_max       | 0           |
|    gpu_util_pct_mean      | 0           |
| profile/                  |             |
|    hard/damage_mean       | 0.227       |
|    hard/ep_len_mean       | 63.8        |
|    hard/ep_rew_mean       | 0.163       |
|    hard/episodes_window   | 200         |
|    hard/p_damage_ge_90    | 0           |
|    hard/p_stars_ge_2      | 0           |
|    hard/score_mean        | 0.227       |
|    hard/stars_mean        | 0           |
|    hard/ticks_mean        | 634         |
|    hard/truncated_rate    | 0.03        |
|    medium/damage_mean     | 0.661       |
|    medium/ep_len_mean     | 73.6        |
|    medium/ep_rew_mean     | 2.01        |
|    medium/episodes_window | 200         |
|    medium/p_damage_ge_90  | 0.145       |
|    medium/p_stars_ge_2    | 0.55        |
|    medium/score_mean      | 2.08        |
|    medium/stars_mean      | 1.42        |
|    medium/ticks_mean      | 732         |
|    medium/truncated_rate  | 0.165       |
| rollout/                  |             |
|    ep_len_mean            | 69          |
|    ep_rew_mean            | 1.14        |
| throughput/               |             |
|    env_steps_per_sec      | 252         |
|    episodes_per_sec       | 3           |
| time/                     |             |
|    fps                    | 254         |
|    iterations             | 43          |
|    time_elapsed           | 8313        |
|    total_timesteps        | 2113536     |
| train/                    |             |
|    approx_kl              | 0.012052874 |
|    clip_fraction          | 0.143       |
|    clip_range             | 0.2         |
|    entropy_loss           | -5.26       |
|    explained_variance     | 0.886       |
|    learning_rate          | 0.0003      |
|    loss                   | -0.0471     |
|    n_updates              | 420         |
|    policy_gradient_loss   | -0.0181     |
|    value_loss             | 0.0622      |
-------------------------------------------
timesteps=2113632 | env_steps/sec=101.5 | episodes/sec=1.41 | gpu_util_mean=18% gpu_util_max=37% | gpu_mem_mean=2.3/47.8GB
timesteps=2115072 | env_steps/sec=277.7 | episodes/sec=4.44 | gpu_util_mean=0% gpu_util_max=1% | gpu_mem_mean=2.3/47.8GB
timesteps=2116512 | env_steps/sec=266.4 | episodes/sec=4.44 | gpu_util_mean=1% gpu_util_max=1% | gpu_mem_mean=2.3/47.8GB
timesteps=2117952 | env_steps/sec=270.2 | episodes/sec=4.13 | gpu_util_mean=0% gpu_util_max=1% | gpu_mem_mean=2.3/47.8GB
timesteps=2119200 | env_steps/sec=246.2 | episodes/sec=2.96 | gpu_util_mean=0% gpu_util_max=1% | gpu_mem_mean=2.3/47.8GB
timesteps=2120736 | env_steps/sec=289.4 | episodes/sec=4.33 | gpu_util_mean=0% gpu_util_max=0% | gpu_mem_mean=2.3/47.8GB
timesteps=2122080 | env_steps/sec=260.1 | episodes/sec=3.48 | gpu_util_mean=0% gpu_util_max=0% | gpu_mem_mean=2.3/47.8GB
timesteps=2123520 | env_steps/sec=276.3 | episodes/sec=6.14 | gpu_util_mean=0% gpu_util_max=0% | gpu_mem_mean=2.3/47.8GB
timesteps=2124864 | env_steps/sec=265.6 | episodes/sec=2.57 | gpu_util_mean=0% gpu_util_max=1% | gpu_mem_mean=2.3/47.8GB
timesteps=2126304 | env_steps/sec=279.4 | episodes/sec=3.10 | gpu_util_mean=1% gpu_util_max=1% | gpu_mem_mean=2.3/47.8GB
timesteps=2127648 | env_steps/sec=258.1 | episodes/sec=3.46 | gpu_util_mean=0% gpu_util_max=0% | gpu_mem_mean=2.3/47.8GB
timesteps=2129184 | env_steps/sec=301.3 | episodes/sec=5.88 | gpu_util_mean=1% gpu_util_max=1% | gpu_mem_mean=2.3/47.8GB
timesteps=2130816 | env_steps/sec=314.0 | episodes/sec=3.85 | gpu_util_mean=4% gpu_util_max=9% | gpu_mem_mean=2.3/47.8GB
timesteps=2132352 | env_steps/sec=297.6 | episodes/sec=4.07 | gpu_util_mean=17% gpu_util_max=33% | gpu_mem_mean=2.3/47.8GB
timesteps=2133696 | env_steps/sec=264.5 | episodes/sec=4.33 | gpu_util_mean=0% gpu_util_max=1% | gpu_mem_mean=2.3/47.8GB
timesteps=2135136 | env_steps/sec=286.5 | episodes/sec=4.38 | gpu_util_mean=0% gpu_util_max=1% | gpu_mem_mean=2.3/47.8GB
timesteps=2136480 | env_steps/sec=266.2 | episodes/sec=3.37 | gpu_util_mean=0% gpu_util_max=1% | gpu_mem_mean=2.3/47.8GB
timesteps=2137920 | env_steps/sec=284.5 | episodes/sec=3.75 | gpu_util_mean=0% gpu_util_max=0% | gpu_mem_mean=2.3/47.8GB
timesteps=2139456 | env_steps/sec=304.0 | episodes/sec=4.95 | gpu_util_mean=0% gpu_util_max=1% | gpu_mem_mean=2.3/47.8GB
timesteps=2140992 | env_steps/sec=288.2 | episodes/sec=3.56 | gpu_util_mean=0% gpu_util_max=0% | gpu_mem_mean=2.3/47.8GB
timesteps=2142336 | env_steps/sec=263.6 | episodes/sec=4.12 | gpu_util_mean=0% gpu_util_max=0% | gpu_mem_mean=2.3/47.8GB
timesteps=2143680 | env_steps/sec=266.1 | episodes/sec=3.96 | gpu_util_mean=0% gpu_util_max=0% | gpu_mem_mean=2.3/47.8GB
timesteps=2145120 | env_steps/sec=269.8 | episodes/sec=3.56 | gpu_util_mean=0% gpu_util_max=0% | gpu_mem_mean=2.3/47.8GB
timesteps=2146464 | env_steps/sec=264.1 | episodes/sec=4.13 | gpu_util_mean=0% gpu_util_max=1% | gpu_mem_mean=2.3/47.8GB
timesteps=2147904 | env_steps/sec=272.4 | episodes/sec=3.03 | gpu_util_mean=0% gpu_util_max=0% | gpu_mem_mean=2.3/47.8GB
timesteps=2149344 | env_steps/sec=269.3 | episodes/sec=4.86 | gpu_util_mean=0% gpu_util_max=0% | gpu_mem_mean=2.3/47.8GB
timesteps=2150688 | env_steps/sec=264.2 | episodes/sec=3.54 | gpu_util_mean=0% gpu_util_max=1% | gpu_mem_mean=2.3/47.8GB
timesteps=2152128 | env_steps/sec=266.1 | episodes/sec=3.70 | gpu_util_mean=0% gpu_util_max=0% | gpu_mem_mean=2.3/47.8GB
timesteps=2153568 | env_steps/sec=278.5 | episodes/sec=3.09 | gpu_util_mean=0% gpu_util_max=1% | gpu_mem_mean=2.3/47.8GB
timesteps=2155008 | env_steps/sec=272.5 | episodes/sec=4.92 | gpu_util_mean=0% gpu_util_max=1% | gpu_mem_mean=2.3/47.8GB
timesteps=2156448 | env_steps/sec=277.9 | episodes/sec=5.21 | gpu_util_mean=0% gpu_util_max=0% | gpu_mem_mean=2.3/47.8GB
timesteps=2157888 | env_steps/sec=266.6 | episodes/sec=2.59 | gpu_util_mean=0% gpu_util_max=0% | gpu_mem_mean=2.3/47.8GB
timesteps=2159328 | env_steps/sec=272.0 | episodes/sec=3.59 | gpu_util_mean=0% gpu_util_max=0% | gpu_mem_mean=2.3/47.8GB
timesteps=2160672 | env_steps/sec=268.7 | episodes/sec=4.00 | gpu_util_mean=0% gpu_util_max=1% | gpu_mem_mean=2.3/47.8GB
timesteps=2162304 | env_steps/sec=306.2 | episodes/sec=5.07 | gpu_util_mean=0% gpu_util_max=1% | gpu_mem_mean=2.3/47.8GB
-------------------------------------------
| gpu/                      |             |
|    gpu_count              | 2           |
|    gpu_mem_total_gb_mean  | 47.8        |
|    gpu_mem_used_gb_mean   | 2.33        |
|    gpu_util_pct_max       | 1           |
|    gpu_util_pct_mean      | 0.5         |
| profile/                  |             |
|    hard/damage_mean       | 0.236       |
|    hard/ep_len_mean       | 65          |
|    hard/ep_rew_mean       | 0.186       |
|    hard/episodes_window   | 200         |
|    hard/p_damage_ge_90    | 0           |
|    hard/p_stars_ge_2      | 0           |
|    hard/score_mean        | 0.251       |
|    hard/stars_mean        | 0.015       |
|    hard/ticks_mean        | 646         |
|    hard/truncated_rate    | 0.035       |
|    medium/damage_mean     | 0.7         |
|    medium/ep_len_mean     | 74.4        |
|    medium/ep_rew_mean     | 2.09        |
|    medium/episodes_window | 200         |
|    medium/p_damage_ge_90  | 0.225       |
|    medium/p_stars_ge_2    | 0.58        |
|    medium/score_mean      | 2.16        |
|    medium/stars_mean      | 1.47        |
|    medium/ticks_mean      | 740         |
|    medium/truncated_rate  | 0.165       |
| rollout/                  |             |
|    ep_len_mean            | 69.1        |
|    ep_rew_mean            | 1.16        |
| throughput/               |             |
|    env_steps_per_sec      | 306         |
|    episodes_per_sec       | 5.07        |
| time/                     |             |
|    fps                    | 254         |
|    iterations             | 44          |
|    time_elapsed           | 8499        |
|    total_timesteps        | 2162688     |
| train/                    |             |
|    approx_kl              | 0.014193761 |
|    clip_fraction          | 0.12        |
|    clip_range             | 0.2         |
|    entropy_loss           | -5.2        |
|    explained_variance     | 0.878       |
|    learning_rate          | 0.0003      |
|    loss                   | -0.0507     |
|    n_updates              | 430         |
|    policy_gradient_loss   | -0.0184     |
|    value_loss             | 0.0658      |
-------------------------------------------
timesteps=2162784 | env_steps/sec=55.7 | episodes/sec=1.51 | gpu_util_mean=16% gpu_util_max=31% | gpu_mem_mean=2.3/47.8GB
timesteps=2164224 | env_steps/sec=276.8 | episodes/sec=3.08 | gpu_util_mean=0% gpu_util_max=0% | gpu_mem_mean=2.3/47.8GB
timesteps=2165568 | env_steps/sec=259.6 | episodes/sec=2.51 | gpu_util_mean=1% gpu_util_max=1% | gpu_mem_mean=2.3/47.8GB
timesteps=2167008 | env_steps/sec=275.0 | episodes/sec=4.58 | gpu_util_mean=0% gpu_util_max=0% | gpu_mem_mean=2.3/47.8GB
timesteps=2168544 | env_steps/sec=290.4 | episodes/sec=3.78 | gpu_util_mean=0% gpu_util_max=0% | gpu_mem_mean=2.3/47.8GB
timesteps=2169984 | env_steps/sec=276.3 | episodes/sec=4.99 | gpu_util_mean=0% gpu_util_max=1% | gpu_mem_mean=2.3/47.8GB
timesteps=2171328 | env_steps/sec=258.2 | episodes/sec=3.65 | gpu_util_mean=0% gpu_util_max=1% | gpu_mem_mean=2.3/47.8GB
timesteps=2172672 | env_steps/sec=256.4 | episodes/sec=4.20 | gpu_util_mean=0% gpu_util_max=0% | gpu_mem_mean=2.3/47.8GB
timesteps=2174112 | env_steps/sec=273.0 | episodes/sec=3.03 | gpu_util_mean=1% gpu_util_max=1% | gpu_mem_mean=2.3/47.8GB
timesteps=2175456 | env_steps/sec=252.7 | episodes/sec=4.89 | gpu_util_mean=0% gpu_util_max=0% | gpu_mem_mean=2.3/47.8GB
timesteps=2176800 | env_steps/sec=268.4 | episodes/sec=3.39 | gpu_util_mean=0% gpu_util_max=0% | gpu_mem_mean=2.3/47.8GB
timesteps=2178240 | env_steps/sec=276.2 | episodes/sec=3.64 | gpu_util_mean=0% gpu_util_max=1% | gpu_mem_mean=2.3/47.8GB
timesteps=2179680 | env_steps/sec=270.4 | episodes/sec=4.13 | gpu_util_mean=18% gpu_util_max=34% | gpu_mem_mean=2.3/47.8GB
timesteps=2181120 | env_steps/sec=286.4 | episodes/sec=2.78 | gpu_util_mean=18% gpu_util_max=36% | gpu_mem_mean=2.3/47.8GB
timesteps=2182560 | env_steps/sec=282.0 | episodes/sec=5.09 | gpu_util_mean=1% gpu_util_max=1% | gpu_mem_mean=2.3/47.8GB
timesteps=2184000 | env_steps/sec=276.4 | episodes/sec=4.03 | gpu_util_mean=0% gpu_util_max=1% | gpu_mem_mean=2.3/47.8GB
timesteps=2185536 | env_steps/sec=305.3 | episodes/sec=4.97 | gpu_util_mean=0% gpu_util_max=0% | gpu_mem_mean=2.3/47.8GB
timesteps=2186784 | env_steps/sec=249.1 | episodes/sec=3.59 | gpu_util_mean=0% gpu_util_max=1% | gpu_mem_mean=2.3/47.8GB
timesteps=2188224 | env_steps/sec=270.3 | episodes/sec=3.19 | gpu_util_mean=0% gpu_util_max=1% | gpu_mem_mean=2.3/47.8GB
timesteps=2189568 | env_steps/sec=257.8 | episodes/sec=3.45 | gpu_util_mean=1% gpu_util_max=1% | gpu_mem_mean=2.3/47.8GB
timesteps=2191008 | env_steps/sec=270.3 | episodes/sec=4.32 | gpu_util_mean=0% gpu_util_max=0% | gpu_mem_mean=2.3/47.8GB
timesteps=2192448 | env_steps/sec=280.2 | episodes/sec=5.06 | gpu_util_mean=0% gpu_util_max=1% | gpu_mem_mean=2.3/47.8GB
timesteps=2193984 | env_steps/sec=291.0 | episodes/sec=2.84 | gpu_util_mean=0% gpu_util_max=0% | gpu_mem_mean=2.3/47.8GB
timesteps=2195424 | env_steps/sec=276.5 | episodes/sec=4.22 | gpu_util_mean=0% gpu_util_max=0% | gpu_mem_mean=2.3/47.8GB
timesteps=2196864 | env_steps/sec=276.7 | episodes/sec=3.84 | gpu_util_mean=0% gpu_util_max=1% | gpu_mem_mean=2.3/47.8GB
timesteps=2198304 | env_steps/sec=285.6 | episodes/sec=5.36 | gpu_util_mean=0% gpu_util_max=1% | gpu_mem_mean=2.3/47.8GB
timesteps=2199648 | env_steps/sec=253.4 | episodes/sec=3.96 | gpu_util_mean=0% gpu_util_max=1% | gpu_mem_mean=2.3/47.8GB
timesteps=2201184 | env_steps/sec=288.3 | episodes/sec=3.19 | gpu_util_mean=0% gpu_util_max=1% | gpu_mem_mean=2.3/47.8GB
timesteps=2202528 | env_steps/sec=260.7 | episodes/sec=3.88 | gpu_util_mean=0% gpu_util_max=0% | gpu_mem_mean=2.3/47.8GB
timesteps=2203968 | env_steps/sec=270.2 | episodes/sec=3.38 | gpu_util_mean=0% gpu_util_max=0% | gpu_mem_mean=2.3/47.8GB
timesteps=2205408 | env_steps/sec=276.8 | episodes/sec=4.42 | gpu_util_mean=0% gpu_util_max=0% | gpu_mem_mean=2.3/47.8GB
timesteps=2206752 | env_steps/sec=263.2 | episodes/sec=4.11 | gpu_util_mean=0% gpu_util_max=0% | gpu_mem_mean=2.3/47.8GB
timesteps=2208096 | env_steps/sec=264.0 | episodes/sec=4.32 | gpu_util_mean=0% gpu_util_max=0% | gpu_mem_mean=2.3/47.8GB
timesteps=2209440 | env_steps/sec=261.9 | episodes/sec=3.12 | gpu_util_mean=0% gpu_util_max=1% | gpu_mem_mean=2.3/47.8GB
timesteps=2210880 | env_steps/sec=269.4 | episodes/sec=3.55 | gpu_util_mean=0% gpu_util_max=1% | gpu_mem_mean=2.3/47.8GB
-------------------------------------------
| gpu/                      |             |
|    gpu_count              | 2           |
|    gpu_mem_total_gb_mean  | 47.8        |
|    gpu_mem_used_gb_mean   | 2.33        |
|    gpu_util_pct_max       | 1           |
|    gpu_util_pct_mean      | 0.5         |
| profile/                  |             |
|    hard/damage_mean       | 0.227       |
|    hard/ep_len_mean       | 65.1        |
|    hard/ep_rew_mean       | 0.172       |
|    hard/episodes_window   | 200         |
|    hard/p_damage_ge_90    | 0           |
|    hard/p_stars_ge_2      | 0.005       |
|    hard/score_mean        | 0.237       |
|    hard/stars_mean        | 0.01        |
|    hard/ticks_mean        | 646         |
|    hard/truncated_rate    | 0.035       |
|    medium/damage_mean     | 0.679       |
|    medium/ep_len_mean     | 73.5        |
|    medium/ep_rew_mean     | 2.01        |
|    medium/episodes_window | 200         |
|    medium/p_damage_ge_90  | 0.185       |
|    medium/p_stars_ge_2    | 0.555       |
|    medium/score_mean      | 2.08        |
|    medium/stars_mean      | 1.41        |
|    medium/ticks_mean      | 731         |
|    medium/truncated_rate  | 0.155       |
| rollout/                  |             |
|    ep_len_mean            | 69.7        |
|    ep_rew_mean            | 1.14        |
| throughput/               |             |
|    env_steps_per_sec      | 269         |
|    episodes_per_sec       | 3.55        |
| time/                     |             |
|    fps                    | 254         |
|    iterations             | 45          |
|    time_elapsed           | 8686        |
|    total_timesteps        | 2211840     |
| train/                    |             |
|    approx_kl              | 0.015349376 |
|    clip_fraction          | 0.138       |
|    clip_range             | 0.2         |
|    entropy_loss           | -5.12       |
|    explained_variance     | 0.871       |
|    learning_rate          | 0.0003      |
|    loss                   | -0.043      |
|    n_updates              | 440         |
|    policy_gradient_loss   | -0.0181     |
|    value_loss             | 0.0675      |
-------------------------------------------
timesteps=2211936 | env_steps/sec=98.8 | episodes/sec=1.68 | gpu_util_mean=19% gpu_util_max=37% | gpu_mem_mean=2.3/47.8GB
timesteps=2213376 | env_steps/sec=281.4 | episodes/sec=5.08 | gpu_util_mean=0% gpu_util_max=0% | gpu_mem_mean=2.3/47.8GB
timesteps=2214816 | env_steps/sec=274.2 | episodes/sec=2.86 | gpu_util_mean=0% gpu_util_max=0% | gpu_mem_mean=2.3/47.8GB
timesteps=2216256 | env_steps/sec=272.3 | episodes/sec=3.97 | gpu_util_mean=0% gpu_util_max=0% | gpu_mem_mean=2.3/47.8GB
timesteps=2217696 | env_steps/sec=274.5 | episodes/sec=4.00 | gpu_util_mean=0% gpu_util_max=1% | gpu_mem_mean=2.3/47.8GB
timesteps=2219136 | env_steps/sec=272.9 | episodes/sec=4.55 | gpu_util_mean=0% gpu_util_max=1% | gpu_mem_mean=2.3/47.8GB
timesteps=2220576 | env_steps/sec=282.4 | episodes/sec=4.31 | gpu_util_mean=0% gpu_util_max=0% | gpu_mem_mean=2.3/47.8GB
timesteps=2222016 | env_steps/sec=272.4 | episodes/sec=3.41 | gpu_util_mean=0% gpu_util_max=0% | gpu_mem_mean=2.3/47.8GB
timesteps=2223264 | env_steps/sec=248.1 | episodes/sec=3.78 | gpu_util_mean=0% gpu_util_max=0% | gpu_mem_mean=2.3/47.8GB
timesteps=2224800 | env_steps/sec=300.3 | episodes/sec=4.30 | gpu_util_mean=0% gpu_util_max=0% | gpu_mem_mean=2.3/47.8GB
timesteps=2226336 | env_steps/sec=301.3 | episodes/sec=4.32 | gpu_util_mean=1% gpu_util_max=1% | gpu_mem_mean=2.3/47.8GB
timesteps=2227776 | env_steps/sec=287.5 | episodes/sec=4.19 | gpu_util_mean=0% gpu_util_max=1% | gpu_mem_mean=2.3/47.8GB
timesteps=2229216 | env_steps/sec=278.4 | episodes/sec=4.25 | gpu_util_mean=18% gpu_util_max=37% | gpu_mem_mean=2.3/47.8GB
timesteps=2230848 | env_steps/sec=321.1 | episodes/sec=4.33 | gpu_util_mean=0% gpu_util_max=0% | gpu_mem_mean=2.3/47.8GB
timesteps=2232384 | env_steps/sec=300.6 | episodes/sec=4.70 | gpu_util_mean=0% gpu_util_max=1% | gpu_mem_mean=2.3/47.8GB
timesteps=2233728 | env_steps/sec=258.1 | episodes/sec=3.46 | gpu_util_mean=0% gpu_util_max=0% | gpu_mem_mean=2.3/47.8GB
timesteps=2235168 | env_steps/sec=287.0 | episodes/sec=3.39 | gpu_util_mean=0% gpu_util_max=0% | gpu_mem_mean=2.3/47.8GB
timesteps=2236416 | env_steps/sec=239.1 | episodes/sec=4.41 | gpu_util_mean=0% gpu_util_max=0% | gpu_mem_mean=2.3/47.8GB
timesteps=2237760 | env_steps/sec=268.2 | episodes/sec=4.19 | gpu_util_mean=0% gpu_util_max=1% | gpu_mem_mean=2.3/47.8GB
timesteps=2239104 | env_steps/sec=258.1 | episodes/sec=4.03 | gpu_util_mean=0% gpu_util_max=0% | gpu_mem_mean=2.3/47.8GB
timesteps=2240544 | env_steps/sec=283.8 | episodes/sec=3.55 | gpu_util_mean=1% gpu_util_max=1% | gpu_mem_mean=2.3/47.8GB
timesteps=2241888 | env_steps/sec=259.8 | episodes/sec=3.29 | gpu_util_mean=0% gpu_util_max=1% | gpu_mem_mean=2.3/47.8GB
timesteps=2243232 | env_steps/sec=265.9 | episodes/sec=4.95 | gpu_util_mean=0% gpu_util_max=1% | gpu_mem_mean=2.3/47.8GB
timesteps=2244672 | env_steps/sec=273.9 | episodes/sec=4.37 | gpu_util_mean=0% gpu_util_max=0% | gpu_mem_mean=2.3/47.8GB
timesteps=2246016 | env_steps/sec=263.5 | episodes/sec=2.55 | gpu_util_mean=0% gpu_util_max=0% | gpu_mem_mean=2.3/47.8GB
timesteps=2247360 | env_steps/sec=258.3 | episodes/sec=4.42 | gpu_util_mean=0% gpu_util_max=1% | gpu_mem_mean=2.3/47.8GB
timesteps=2248800 | env_steps/sec=280.0 | episodes/sec=4.08 | gpu_util_mean=1% gpu_util_max=1% | gpu_mem_mean=2.3/47.8GB
timesteps=2250144 | env_steps/sec=268.4 | episodes/sec=4.39 | gpu_util_mean=0% gpu_util_max=0% | gpu_mem_mean=2.3/47.8GB
timesteps=2251488 | env_steps/sec=258.5 | episodes/sec=3.65 | gpu_util_mean=0% gpu_util_max=0% | gpu_mem_mean=2.3/47.8GB
timesteps=2252928 | env_steps/sec=266.9 | episodes/sec=2.41 | gpu_util_mean=0% gpu_util_max=0% | gpu_mem_mean=2.3/47.8GB
timesteps=2254368 | env_steps/sec=277.9 | episodes/sec=5.02 | gpu_util_mean=0% gpu_util_max=1% | gpu_mem_mean=2.3/47.8GB
timesteps=2255712 | env_steps/sec=266.8 | episodes/sec=3.57 | gpu_util_mean=0% gpu_util_max=1% | gpu_mem_mean=2.3/47.8GB
timesteps=2257152 | env_steps/sec=276.3 | episodes/sec=5.37 | gpu_util_mean=0% gpu_util_max=1% | gpu_mem_mean=2.3/47.8GB
timesteps=2258496 | env_steps/sec=261.0 | episodes/sec=2.52 | gpu_util_mean=0% gpu_util_max=1% | gpu_mem_mean=2.3/47.8GB
timesteps=2259840 | env_steps/sec=255.9 | episodes/sec=3.81 | gpu_util_mean=0% gpu_util_max=1% | gpu_mem_mean=2.3/47.8GB
-------------------------------------------
| gpu/                      |             |
|    gpu_count              | 2           |
|    gpu_mem_total_gb_mean  | 47.8        |
|    gpu_mem_used_gb_mean   | 2.33        |
|    gpu_util_pct_max       | 1           |
|    gpu_util_pct_mean      | 0.5         |
| profile/                  |             |
|    hard/damage_mean       | 0.228       |
|    hard/ep_len_mean       | 64.2        |
|    hard/ep_rew_mean       | 0.165       |
|    hard/episodes_window   | 200         |
|    hard/p_damage_ge_90    | 0           |
|    hard/p_stars_ge_2      | 0           |
|    hard/score_mean        | 0.228       |
|    hard/stars_mean        | 0           |
|    hard/ticks_mean        | 637         |
|    hard/truncated_rate    | 0.02        |
|    medium/damage_mean     | 0.681       |
|    medium/ep_len_mean     | 72.8        |
|    medium/ep_rew_mean     | 2.11        |
|    medium/episodes_window | 200         |
|    medium/p_damage_ge_90  | 0.135       |
|    medium/p_stars_ge_2    | 0.605       |
|    medium/score_mean      | 2.19        |
|    medium/stars_mean      | 1.5         |
|    medium/ticks_mean      | 725         |
|    medium/truncated_rate  | 0.125       |
| rollout/                  |             |
|    ep_len_mean            | 68.1        |
|    ep_rew_mean            | 1.01        |
| throughput/               |             |
|    env_steps_per_sec      | 256         |
|    episodes_per_sec       | 3.81        |
| time/                     |             |
|    fps                    | 254         |
|    iterations             | 46          |
|    time_elapsed           | 8873        |
|    total_timesteps        | 2260992     |
| train/                    |             |
|    approx_kl              | 0.010989766 |
|    clip_fraction          | 0.122       |
|    clip_range             | 0.2         |
|    entropy_loss           | -5.12       |
|    explained_variance     | 0.892       |
|    learning_rate          | 0.0003      |
|    loss                   | -0.0435     |
|    n_updates              | 450         |
|    policy_gradient_loss   | -0.0169     |
|    value_loss             | 0.0658      |
-------------------------------------------
timesteps=2261088 | env_steps/sec=106.9 | episodes/sec=1.54 | gpu_util_mean=3% gpu_util_max=5% | gpu_mem_mean=2.3/47.8GB
timesteps=2262528 | env_steps/sec=277.7 | episodes/sec=4.63 | gpu_util_mean=0% gpu_util_max=1% | gpu_mem_mean=2.3/47.8GB
timesteps=2263872 | env_steps/sec=256.6 | episodes/sec=3.44 | gpu_util_mean=0% gpu_util_max=0% | gpu_mem_mean=2.3/47.8GB
timesteps=2265312 | env_steps/sec=282.1 | episodes/sec=4.51 | gpu_util_mean=0% gpu_util_max=1% | gpu_mem_mean=2.3/47.8GB
timesteps=2266848 | env_steps/sec=286.9 | episodes/sec=3.92 | gpu_util_mean=0% gpu_util_max=0% | gpu_mem_mean=2.3/47.8GB
timesteps=2268192 | env_steps/sec=265.9 | episodes/sec=5.34 | gpu_util_mean=0% gpu_util_max=0% | gpu_mem_mean=2.3/47.8GB
timesteps=2269440 | env_steps/sec=248.0 | episodes/sec=2.38 | gpu_util_mean=0% gpu_util_max=1% | gpu_mem_mean=2.3/47.8GB
timesteps=2270880 | env_steps/sec=285.0 | episodes/sec=4.75 | gpu_util_mean=0% gpu_util_max=0% | gpu_mem_mean=2.3/47.8GB
timesteps=2272224 | env_steps/sec=259.9 | episodes/sec=3.87 | gpu_util_mean=0% gpu_util_max=0% | gpu_mem_mean=2.3/47.8GB
timesteps=2273664 | env_steps/sec=274.0 | episodes/sec=3.04 | gpu_util_mean=0% gpu_util_max=0% | gpu_mem_mean=2.3/47.8GB
timesteps=2275200 | env_steps/sec=304.7 | episodes/sec=4.76 | gpu_util_mean=1% gpu_util_max=1% | gpu_mem_mean=2.3/47.8GB
timesteps=2276736 | env_steps/sec=304.3 | episodes/sec=4.95 | gpu_util_mean=18% gpu_util_max=34% | gpu_mem_mean=2.3/47.8GB
timesteps=2278176 | env_steps/sec=278.0 | episodes/sec=3.28 | gpu_util_mean=16% gpu_util_max=33% | gpu_mem_mean=2.3/47.8GB
timesteps=2279616 | env_steps/sec=278.2 | episodes/sec=4.06 | gpu_util_mean=0% gpu_util_max=1% | gpu_mem_mean=2.3/47.8GB
timesteps=2281056 | env_steps/sec=272.0 | episodes/sec=3.59 | gpu_util_mean=0% gpu_util_max=0% | gpu_mem_mean=2.3/47.8GB
timesteps=2282496 | env_steps/sec=279.6 | episodes/sec=3.88 | gpu_util_mean=0% gpu_util_max=1% | gpu_mem_mean=2.3/47.8GB
timesteps=2283840 | env_steps/sec=264.4 | episodes/sec=4.53 | gpu_util_mean=0% gpu_util_max=0% | gpu_mem_mean=2.3/47.8GB
timesteps=2285280 | env_steps/sec=279.0 | episodes/sec=3.88 | gpu_util_mean=0% gpu_util_max=1% | gpu_mem_mean=2.3/47.8GB
timesteps=2286720 | env_steps/sec=274.5 | episodes/sec=2.67 | gpu_util_mean=0% gpu_util_max=0% | gpu_mem_mean=2.3/47.8GB
timesteps=2288160 | env_steps/sec=286.1 | episodes/sec=4.97 | gpu_util_mean=0% gpu_util_max=0% | gpu_mem_mean=2.3/47.8GB
timesteps=2289600 | env_steps/sec=273.1 | episodes/sec=3.98 | gpu_util_mean=0% gpu_util_max=0% | gpu_mem_mean=2.3/47.8GB
timesteps=2291040 | env_steps/sec=280.2 | episodes/sec=4.48 | gpu_util_mean=0% gpu_util_max=0% | gpu_mem_mean=2.3/47.8GB
timesteps=2292384 | env_steps/sec=256.4 | episodes/sec=3.43 | gpu_util_mean=0% gpu_util_max=0% | gpu_mem_mean=2.3/47.8GB
timesteps=2293824 | env_steps/sec=269.0 | episodes/sec=4.30 | gpu_util_mean=0% gpu_util_max=1% | gpu_mem_mean=2.3/47.8GB
timesteps=2295264 | env_steps/sec=275.5 | episodes/sec=4.40 | gpu_util_mean=0% gpu_util_max=0% | gpu_mem_mean=2.3/47.8GB
timesteps=2296608 | env_steps/sec=258.6 | episodes/sec=3.08 | gpu_util_mean=0% gpu_util_max=0% | gpu_mem_mean=2.3/47.8GB
timesteps=2298048 | env_steps/sec=276.5 | episodes/sec=3.07 | gpu_util_mean=0% gpu_util_max=0% | gpu_mem_mean=2.3/47.8GB
timesteps=2299488 | env_steps/sec=274.1 | episodes/sec=5.14 | gpu_util_mean=0% gpu_util_max=1% | gpu_mem_mean=2.3/47.8GB
timesteps=2300928 | env_steps/sec=285.3 | episodes/sec=4.56 | gpu_util_mean=0% gpu_util_max=0% | gpu_mem_mean=2.3/47.8GB
timesteps=2302176 | env_steps/sec=248.8 | episodes/sec=3.79 | gpu_util_mean=0% gpu_util_max=0% | gpu_mem_mean=2.3/47.8GB
timesteps=2303520 | env_steps/sec=265.6 | episodes/sec=3.16 | gpu_util_mean=0% gpu_util_max=0% | gpu_mem_mean=2.3/47.8GB
timesteps=2304864 | env_steps/sec=261.9 | episodes/sec=2.73 | gpu_util_mean=0% gpu_util_max=1% | gpu_mem_mean=2.3/47.8GB
timesteps=2306304 | env_steps/sec=270.5 | episodes/sec=4.70 | gpu_util_mean=0% gpu_util_max=0% | gpu_mem_mean=2.3/47.8GB
timesteps=2307744 | env_steps/sec=276.9 | episodes/sec=4.23 | gpu_util_mean=0% gpu_util_max=0% | gpu_mem_mean=2.3/47.8GB
timesteps=2309088 | env_steps/sec=266.8 | episodes/sec=4.57 | gpu_util_mean=0% gpu_util_max=1% | gpu_mem_mean=2.3/47.8GB
-------------------------------------------
| gpu/                      |             |
|    gpu_count              | 2           |
|    gpu_mem_total_gb_mean  | 47.8        |
|    gpu_mem_used_gb_mean   | 2.33        |
|    gpu_util_pct_max       | 1           |
|    gpu_util_pct_mean      | 0.5         |
| profile/                  |             |
|    hard/damage_mean       | 0.236       |
|    hard/ep_len_mean       | 65          |
|    hard/ep_rew_mean       | 0.171       |
|    hard/episodes_window   | 200         |
|    hard/p_damage_ge_90    | 0           |
|    hard/p_stars_ge_2      | 0           |
|    hard/score_mean        | 0.236       |
|    hard/stars_mean        | 0           |
|    hard/ticks_mean        | 646         |
|    hard/truncated_rate    | 0.035       |
|    medium/damage_mean     | 0.695       |
|    medium/ep_len_mean     | 74.1        |
|    medium/ep_rew_mean     | 2.13        |
|    medium/episodes_window | 200         |
|    medium/p_damage_ge_90  | 0.16        |
|    medium/p_stars_ge_2    | 0.56        |
|    medium/score_mean      | 2.21        |
|    medium/stars_mean      | 1.51        |
|    medium/ticks_mean      | 737         |
|    medium/truncated_rate  | 0.14        |
| rollout/                  |             |
|    ep_len_mean            | 69.6        |
|    ep_rew_mean            | 1.24        |
| throughput/               |             |
|    env_steps_per_sec      | 267         |
|    episodes_per_sec       | 4.57        |
| time/                     |             |
|    fps                    | 254         |
|    iterations             | 47          |
|    time_elapsed           | 9060        |
|    total_timesteps        | 2310144     |
| train/                    |             |
|    approx_kl              | 0.010639477 |
|    clip_fraction          | 0.149       |
|    clip_range             | 0.2         |
|    entropy_loss           | -5.13       |
|    explained_variance     | 0.914       |
|    learning_rate          | 0.0003      |
|    loss                   | -0.0399     |
|    n_updates              | 460         |
|    policy_gradient_loss   | -0.0158     |
|    value_loss             | 0.0625      |
-------------------------------------------
timesteps=2310240 | env_steps/sec=103.7 | episodes/sec=0.90 | gpu_util_mean=0% gpu_util_max=0% | gpu_mem_mean=2.3/47.8GB
timesteps=2311584 | env_steps/sec=264.9 | episodes/sec=3.74 | gpu_util_mean=0% gpu_util_max=0% | gpu_mem_mean=2.3/47.8GB
timesteps=2313024 | env_steps/sec=281.8 | episodes/sec=4.31 | gpu_util_mean=1% gpu_util_max=1% | gpu_mem_mean=2.3/47.8GB
timesteps=2314368 | env_steps/sec=258.4 | episodes/sec=4.81 | gpu_util_mean=0% gpu_util_max=0% | gpu_mem_mean=2.3/47.8GB
timesteps=2315808 | env_steps/sec=274.0 | episodes/sec=4.00 | gpu_util_mean=0% gpu_util_max=1% | gpu_mem_mean=2.3/47.8GB
timesteps=2317152 | env_steps/sec=264.3 | episodes/sec=3.34 | gpu_util_mean=0% gpu_util_max=1% | gpu_mem_mean=2.3/47.8GB
timesteps=2318592 | env_steps/sec=277.1 | episodes/sec=3.27 | gpu_util_mean=0% gpu_util_max=1% | gpu_mem_mean=2.3/47.8GB
timesteps=2320032 | env_steps/sec=287.1 | episodes/sec=5.18 | gpu_util_mean=0% gpu_util_max=1% | gpu_mem_mean=2.3/47.8GB
timesteps=2321568 | env_steps/sec=304.2 | episodes/sec=4.16 | gpu_util_mean=0% gpu_util_max=0% | gpu_mem_mean=2.3/47.8GB
timesteps=2323008 | env_steps/sec=274.7 | episodes/sec=4.01 | gpu_util_mean=0% gpu_util_max=1% | gpu_mem_mean=2.3/47.8GB
timesteps=2324544 | env_steps/sec=298.0 | episodes/sec=3.69 | gpu_util_mean=0% gpu_util_max=1% | gpu_mem_mean=2.3/47.8GB
timesteps=2325984 | env_steps/sec=280.2 | episodes/sec=4.67 | gpu_util_mean=16% gpu_util_max=32% | gpu_mem_mean=2.3/47.8GB
timesteps=2327424 | env_steps/sec=274.8 | episodes/sec=4.20 | gpu_util_mean=0% gpu_util_max=1% | gpu_mem_mean=2.3/47.8GB
timesteps=2328864 | env_steps/sec=274.0 | episodes/sec=3.43 | gpu_util_mean=0% gpu_util_max=0% | gpu_mem_mean=2.3/47.8GB
timesteps=2330304 | env_steps/sec=272.6 | episodes/sec=3.98 | gpu_util_mean=1% gpu_util_max=1% | gpu_mem_mean=2.3/47.8GB
timesteps=2331744 | env_steps/sec=274.2 | episodes/sec=4.00 | gpu_util_mean=0% gpu_util_max=0% | gpu_mem_mean=2.3/47.8GB
timesteps=2333184 | env_steps/sec=272.8 | episodes/sec=4.55 | gpu_util_mean=0% gpu_util_max=1% | gpu_mem_mean=2.3/47.8GB
timesteps=2334624 | env_steps/sec=282.2 | episodes/sec=4.31 | gpu_util_mean=0% gpu_util_max=0% | gpu_mem_mean=2.3/47.8GB
timesteps=2336064 | env_steps/sec=271.4 | episodes/sec=3.20 | gpu_util_mean=0% gpu_util_max=1% | gpu_mem_mean=2.3/47.8GB
timesteps=2337504 | env_steps/sec=274.5 | episodes/sec=4.19 | gpu_util_mean=0% gpu_util_max=1% | gpu_mem_mean=2.3/47.8GB
timesteps=2338944 | env_steps/sec=270.8 | episodes/sec=3.95 | gpu_util_mean=0% gpu_util_max=1% | gpu_mem_mean=2.3/47.8GB
timesteps=2340384 | env_steps/sec=280.0 | episodes/sec=4.86 | gpu_util_mean=0% gpu_util_max=1% | gpu_mem_mean=2.3/47.8GB
timesteps=2341824 | env_steps/sec=283.6 | episodes/sec=4.14 | gpu_util_mean=0% gpu_util_max=1% | gpu_mem_mean=2.3/47.8GB
timesteps=2343264 | env_steps/sec=280.4 | episodes/sec=3.51 | gpu_util_mean=0% gpu_util_max=0% | gpu_mem_mean=2.3/47.8GB
timesteps=2344704 | env_steps/sec=271.2 | episodes/sec=3.77 | gpu_util_mean=0% gpu_util_max=0% | gpu_mem_mean=2.3/47.8GB
timesteps=2346048 | env_steps/sec=263.0 | episodes/sec=3.52 | gpu_util_mean=0% gpu_util_max=1% | gpu_mem_mean=2.3/47.8GB
timesteps=2347296 | env_steps/sec=245.8 | episodes/sec=3.94 | gpu_util_mean=0% gpu_util_max=1% | gpu_mem_mean=2.3/47.8GB
timesteps=2348640 | env_steps/sec=250.7 | episodes/sec=4.10 | gpu_util_mean=0% gpu_util_max=1% | gpu_mem_mean=2.3/47.8GB
timesteps=2349984 | env_steps/sec=258.0 | episodes/sec=3.26 | gpu_util_mean=0% gpu_util_max=1% | gpu_mem_mean=2.3/47.8GB
timesteps=2351424 | env_steps/sec=282.0 | episodes/sec=4.11 | gpu_util_mean=0% gpu_util_max=0% | gpu_mem_mean=2.3/47.8GB
timesteps=2352864 | env_steps/sec=269.6 | episodes/sec=3.93 | gpu_util_mean=0% gpu_util_max=0% | gpu_mem_mean=2.3/47.8GB
timesteps=2354208 | env_steps/sec=266.6 | episodes/sec=4.56 | gpu_util_mean=1% gpu_util_max=1% | gpu_mem_mean=2.3/47.8GB
timesteps=2355552 | env_steps/sec=266.5 | episodes/sec=3.97 | gpu_util_mean=0% gpu_util_max=1% | gpu_mem_mean=2.3/47.8GB
timesteps=2356896 | env_steps/sec=256.8 | episodes/sec=3.06 | gpu_util_mean=1% gpu_util_max=1% | gpu_mem_mean=2.3/47.8GB
timesteps=2358336 | env_steps/sec=282.8 | episodes/sec=5.11 | gpu_util_mean=0% gpu_util_max=0% | gpu_mem_mean=2.3/47.8GB
-------------------------------------------
| gpu/                      |             |
|    gpu_count              | 2           |
|    gpu_mem_total_gb_mean  | 47.8        |
|    gpu_mem_used_gb_mean   | 2.33        |
|    gpu_util_pct_max       | 0           |
|    gpu_util_pct_mean      | 0           |
| profile/                  |             |
|    hard/damage_mean       | 0.234       |
|    hard/ep_len_mean       | 64.1        |
|    hard/ep_rew_mean       | 0.176       |
|    hard/episodes_window   | 200         |
|    hard/p_damage_ge_90    | 0           |
|    hard/p_stars_ge_2      | 0           |
|    hard/score_mean        | 0.239       |
|    hard/stars_mean        | 0.005       |
|    hard/ticks_mean        | 636         |
|    hard/truncated_rate    | 0.005       |
|    medium/damage_mean     | 0.687       |
|    medium/ep_len_mean     | 73.8        |
|    medium/ep_rew_mean     | 2.08        |
|    medium/episodes_window | 200         |
|    medium/p_damage_ge_90  | 0.185       |
|    medium/p_stars_ge_2    | 0.54        |
|    medium/score_mean      | 2.15        |
|    medium/stars_mean      | 1.47        |
|    medium/ticks_mean      | 734         |
|    medium/truncated_rate  | 0.18        |
| rollout/                  |             |
|    ep_len_mean            | 68.8        |
|    ep_rew_mean            | 1.02        |
| throughput/               |             |
|    env_steps_per_sec      | 283         |
|    episodes_per_sec       | 5.11        |
| time/                     |             |
|    fps                    | 255         |
|    iterations             | 48          |
|    time_elapsed           | 9247        |
|    total_timesteps        | 2359296     |
| train/                    |             |
|    approx_kl              | 0.011427653 |
|    clip_fraction          | 0.149       |
|    clip_range             | 0.2         |
|    entropy_loss           | -5.09       |
|    explained_variance     | 0.902       |
|    learning_rate          | 0.0003      |
|    loss                   | -0.0468     |
|    n_updates              | 470         |
|    policy_gradient_loss   | -0.0159     |
|    value_loss             | 0.0586      |
-------------------------------------------
timesteps=2359392 | env_steps/sec=98.3 | episodes/sec=1.12 | gpu_util_mean=16% gpu_util_max=33% | gpu_mem_mean=2.3/47.8GB
timesteps=2360736 | env_steps/sec=267.1 | episodes/sec=4.17 | gpu_util_mean=0% gpu_util_max=1% | gpu_mem_mean=2.3/47.8GB
timesteps=2362176 | env_steps/sec=275.9 | episodes/sec=3.45 | gpu_util_mean=0% gpu_util_max=0% | gpu_mem_mean=2.3/47.8GB
timesteps=2363520 | env_steps/sec=268.0 | episodes/sec=3.99 | gpu_util_mean=0% gpu_util_max=0% | gpu_mem_mean=2.3/47.8GB
timesteps=2364960 | env_steps/sec=270.6 | episodes/sec=5.45 | gpu_util_mean=0% gpu_util_max=1% | gpu_mem_mean=2.3/47.8GB
timesteps=2366496 | env_steps/sec=298.0 | episodes/sec=2.52 | gpu_util_mean=1% gpu_util_max=1% | gpu_mem_mean=2.3/47.8GB
timesteps=2367936 | env_steps/sec=280.5 | episodes/sec=4.68 | gpu_util_mean=0% gpu_util_max=1% | gpu_mem_mean=2.3/47.8GB
timesteps=2369280 | env_steps/sec=259.1 | episodes/sec=3.66 | gpu_util_mean=0% gpu_util_max=0% | gpu_mem_mean=2.3/47.8GB
timesteps=2370720 | env_steps/sec=275.4 | episodes/sec=4.97 | gpu_util_mean=0% gpu_util_max=0% | gpu_mem_mean=2.3/47.8GB
timesteps=2371968 | env_steps/sec=247.7 | episodes/sec=3.18 | gpu_util_mean=0% gpu_util_max=1% | gpu_mem_mean=2.3/47.8GB
timesteps=2373408 | env_steps/sec=274.5 | episodes/sec=3.81 | gpu_util_mean=0% gpu_util_max=0% | gpu_mem_mean=2.3/47.8GB
timesteps=2374752 | env_steps/sec=252.7 | episodes/sec=3.20 | gpu_util_mean=18% gpu_util_max=36% | gpu_mem_mean=2.3/47.8GB
timesteps=2376192 | env_steps/sec=275.3 | episodes/sec=5.35 | gpu_util_mean=0% gpu_util_max=0% | gpu_mem_mean=2.3/47.8GB
timesteps=2377536 | env_steps/sec=253.3 | episodes/sec=3.77 | gpu_util_mean=0% gpu_util_max=0% | gpu_mem_mean=2.3/47.8GB
timesteps=2378880 | env_steps/sec=256.6 | episodes/sec=4.01 | gpu_util_mean=0% gpu_util_max=0% | gpu_mem_mean=2.3/47.8GB
timesteps=2380128 | env_steps/sec=241.6 | episodes/sec=1.94 | gpu_util_mean=0% gpu_util_max=0% | gpu_mem_mean=2.3/47.8GB
timesteps=2381568 | env_steps/sec=269.1 | episodes/sec=4.30 | gpu_util_mean=1% gpu_util_max=1% | gpu_mem_mean=2.3/47.8GB
timesteps=2382912 | env_steps/sec=256.5 | episodes/sec=3.63 | gpu_util_mean=0% gpu_util_max=0% | gpu_mem_mean=2.3/47.8GB
timesteps=2384256 | env_steps/sec=268.3 | episodes/sec=4.59 | gpu_util_mean=0% gpu_util_max=0% | gpu_mem_mean=2.3/47.8GB
timesteps=2385696 | env_steps/sec=274.8 | episodes/sec=3.63 | gpu_util_mean=0% gpu_util_max=0% | gpu_mem_mean=2.3/47.8GB
timesteps=2387232 | env_steps/sec=298.1 | episodes/sec=3.49 | gpu_util_mean=1% gpu_util_max=1% | gpu_mem_mean=2.3/47.8GB
timesteps=2388672 | env_steps/sec=268.9 | episodes/sec=4.48 | gpu_util_mean=0% gpu_util_max=1% | gpu_mem_mean=2.3/47.8GB
timesteps=2390112 | env_steps/sec=285.2 | episodes/sec=5.55 | gpu_util_mean=0% gpu_util_max=1% | gpu_mem_mean=2.3/47.8GB
timesteps=2391456 | env_steps/sec=262.5 | episodes/sec=2.93 | gpu_util_mean=0% gpu_util_max=0% | gpu_mem_mean=2.3/47.8GB
timesteps=2392896 | env_steps/sec=274.0 | episodes/sec=3.43 | gpu_util_mean=1% gpu_util_max=1% | gpu_mem_mean=2.3/47.8GB
timesteps=2394240 | env_steps/sec=267.4 | episodes/sec=4.38 | gpu_util_mean=0% gpu_util_max=0% | gpu_mem_mean=2.3/47.8GB
timesteps=2395680 | env_steps/sec=280.2 | episodes/sec=4.86 | gpu_util_mean=0% gpu_util_max=0% | gpu_mem_mean=2.3/47.8GB
timesteps=2397120 | env_steps/sec=282.9 | episodes/sec=4.52 | gpu_util_mean=1% gpu_util_max=1% | gpu_mem_mean=2.3/47.8GB
timesteps=2398656 | env_steps/sec=286.3 | episodes/sec=2.61 | gpu_util_mean=1% gpu_util_max=1% | gpu_mem_mean=2.3/47.8GB
timesteps=2400096 | env_steps/sec=263.7 | episodes/sec=3.11 | gpu_util_mean=0% gpu_util_max=1% | gpu_mem_mean=2.3/47.8GB
timesteps=2401632 | env_steps/sec=290.1 | episodes/sec=5.67 | gpu_util_mean=0% gpu_util_max=1% | gpu_mem_mean=2.3/47.8GB
timesteps=2402976 | env_steps/sec=266.2 | episodes/sec=4.36 | gpu_util_mean=0% gpu_util_max=0% | gpu_mem_mean=2.3/47.8GB
timesteps=2404416 | env_steps/sec=280.4 | episodes/sec=3.12 | gpu_util_mean=0% gpu_util_max=1% | gpu_mem_mean=2.3/47.8GB
timesteps=2405760 | env_steps/sec=264.2 | episodes/sec=2.75 | gpu_util_mean=0% gpu_util_max=1% | gpu_mem_mean=2.3/47.8GB
timesteps=2407200 | env_steps/sec=276.8 | episodes/sec=4.04 | gpu_util_mean=0% gpu_util_max=0% | gpu_mem_mean=2.3/47.8GB
-------------------------------------------
| gpu/                      |             |
|    gpu_count              | 2           |
|    gpu_mem_total_gb_mean  | 47.8        |
|    gpu_mem_used_gb_mean   | 2.33        |
|    gpu_util_pct_max       | 0           |
|    gpu_util_pct_mean      | 0           |
| profile/                  |             |
|    hard/damage_mean       | 0.23        |
|    hard/ep_len_mean       | 65.2        |
|    hard/ep_rew_mean       | 0.165       |
|    hard/episodes_window   | 200         |
|    hard/p_damage_ge_90    | 0           |
|    hard/p_stars_ge_2      | 0           |
|    hard/score_mean        | 0.23        |
|    hard/stars_mean        | 0           |
|    hard/ticks_mean        | 648         |
|    hard/truncated_rate    | 0.025       |
|    medium/damage_mean     | 0.675       |
|    medium/ep_len_mean     | 73.2        |
|    medium/ep_rew_mean     | 2.05        |
|    medium/episodes_window | 200         |
|    medium/p_damage_ge_90  | 0.175       |
|    medium/p_stars_ge_2    | 0.56        |
|    medium/score_mean      | 2.12        |
|    medium/stars_mean      | 1.45        |
|    medium/ticks_mean      | 728         |
|    medium/truncated_rate  | 0.165       |
| rollout/                  |             |
|    ep_len_mean            | 70.3        |
|    ep_rew_mean            | 1.09        |
| throughput/               |             |
|    env_steps_per_sec      | 277         |
|    episodes_per_sec       | 4.04        |
| time/                     |             |
|    fps                    | 255         |
|    iterations             | 49          |
|    time_elapsed           | 9435        |
|    total_timesteps        | 2408448     |
| train/                    |             |
|    approx_kl              | 0.011356793 |
|    clip_fraction          | 0.123       |
|    clip_range             | 0.2         |
|    entropy_loss           | -5.14       |
|    explained_variance     | 0.909       |
|    learning_rate          | 0.0003      |
|    loss                   | -0.0479     |
|    n_updates              | 480         |
|    policy_gradient_loss   | -0.014      |
|    value_loss             | 0.0622      |
-------------------------------------------
timesteps=2408544 | env_steps/sec=115.0 | episodes/sec=2.22 | gpu_util_mean=18% gpu_util_max=37% | gpu_mem_mean=2.3/47.8GB
timesteps=2409984 | env_steps/sec=279.6 | episodes/sec=4.27 | gpu_util_mean=0% gpu_util_max=0% | gpu_mem_mean=2.3/47.8GB
timesteps=2411424 | env_steps/sec=287.3 | episodes/sec=3.79 | gpu_util_mean=0% gpu_util_max=0% | gpu_mem_mean=2.3/47.8GB
timesteps=2412864 | env_steps/sec=278.6 | episodes/sec=3.29 | gpu_util_mean=0% gpu_util_max=0% | gpu_mem_mean=2.3/47.8GB
timesteps=2414208 | env_steps/sec=261.6 | episodes/sec=4.28 | gpu_util_mean=0% gpu_util_max=0% | gpu_mem_mean=2.3/47.8GB
timesteps=2415744 | env_steps/sec=291.1 | episodes/sec=4.36 | gpu_util_mean=0% gpu_util_max=1% | gpu_mem_mean=2.3/47.8GB
timesteps=2417088 | env_steps/sec=260.2 | episodes/sec=3.48 | gpu_util_mean=0% gpu_util_max=0% | gpu_mem_mean=2.3/47.8GB
timesteps=2418528 | env_steps/sec=267.2 | episodes/sec=4.08 | gpu_util_mean=0% gpu_util_max=1% | gpu_mem_mean=2.3/47.8GB
timesteps=2419872 | env_steps/sec=264.3 | episodes/sec=4.33 | gpu_util_mean=0% gpu_util_max=1% | gpu_mem_mean=2.3/47.8GB
timesteps=2421408 | env_steps/sec=298.0 | episodes/sec=4.27 | gpu_util_mean=0% gpu_util_max=0% | gpu_mem_mean=2.3/47.8GB
timesteps=2422848 | env_steps/sec=284.2 | episodes/sec=3.75 | gpu_util_mean=18% gpu_util_max=36% | gpu_mem_mean=2.3/47.8GB
timesteps=2424288 | env_steps/sec=284.6 | episodes/sec=3.56 | gpu_util_mean=0% gpu_util_max=0% | gpu_mem_mean=2.3/47.8GB
timesteps=2425632 | env_steps/sec=266.5 | episodes/sec=4.56 | gpu_util_mean=0% gpu_util_max=1% | gpu_mem_mean=2.3/47.8GB
timesteps=2427072 | env_steps/sec=275.0 | episodes/sec=3.82 | gpu_util_mean=0% gpu_util_max=0% | gpu_mem_mean=2.3/47.8GB
timesteps=2428416 | env_steps/sec=264.7 | episodes/sec=4.53 | gpu_util_mean=0% gpu_util_max=1% | gpu_mem_mean=2.3/47.8GB
timesteps=2429856 | env_steps/sec=274.6 | episodes/sec=3.24 | gpu_util_mean=0% gpu_util_max=0% | gpu_mem_mean=2.3/47.8GB
timesteps=2431296 | env_steps/sec=271.5 | episodes/sec=4.34 | gpu_util_mean=0% gpu_util_max=0% | gpu_mem_mean=2.3/47.8GB
timesteps=2432640 | env_steps/sec=262.7 | episodes/sec=3.91 | gpu_util_mean=0% gpu_util_max=0% | gpu_mem_mean=2.3/47.8GB
timesteps=2433984 | env_steps/sec=267.3 | episodes/sec=4.38 | gpu_util_mean=0% gpu_util_max=1% | gpu_mem_mean=2.3/47.8GB
timesteps=2435328 | env_steps/sec=267.1 | episodes/sec=3.78 | gpu_util_mean=0% gpu_util_max=1% | gpu_mem_mean=2.3/47.8GB
timesteps=2436768 | env_steps/sec=277.5 | episodes/sec=2.70 | gpu_util_mean=1% gpu_util_max=1% | gpu_mem_mean=2.3/47.8GB
timesteps=2438112 | env_steps/sec=265.4 | episodes/sec=4.35 | gpu_util_mean=0% gpu_util_max=0% | gpu_mem_mean=2.3/47.8GB
timesteps=2439552 | env_steps/sec=281.4 | episodes/sec=5.28 | gpu_util_mean=0% gpu_util_max=0% | gpu_mem_mean=2.3/47.8GB
timesteps=2440992 | env_steps/sec=282.3 | episodes/sec=3.72 | gpu_util_mean=0% gpu_util_max=0% | gpu_mem_mean=2.3/47.8GB
timesteps=2442432 | env_steps/sec=267.8 | episodes/sec=2.98 | gpu_util_mean=0% gpu_util_max=0% | gpu_mem_mean=2.3/47.8GB
timesteps=2443872 | env_steps/sec=280.9 | episodes/sec=5.66 | gpu_util_mean=0% gpu_util_max=1% | gpu_mem_mean=2.3/47.8GB
timesteps=2445312 | env_steps/sec=269.7 | episodes/sec=3.18 | gpu_util_mean=1% gpu_util_max=1% | gpu_mem_mean=2.3/47.8GB
timesteps=2446752 | env_steps/sec=277.6 | episodes/sec=5.40 | gpu_util_mean=0% gpu_util_max=0% | gpu_mem_mean=2.3/47.8GB
timesteps=2448192 | env_steps/sec=275.8 | episodes/sec=2.11 | gpu_util_mean=0% gpu_util_max=1% | gpu_mem_mean=2.3/47.8GB
timesteps=2449632 | env_steps/sec=273.5 | episodes/sec=4.37 | gpu_util_mean=0% gpu_util_max=1% | gpu_mem_mean=2.3/47.8GB
timesteps=2451072 | env_steps/sec=280.4 | episodes/sec=4.28 | gpu_util_mean=0% gpu_util_max=0% | gpu_mem_mean=2.3/47.8GB
timesteps=2452512 | env_steps/sec=274.7 | episodes/sec=4.20 | gpu_util_mean=0% gpu_util_max=1% | gpu_mem_mean=2.3/47.8GB
timesteps=2453952 | env_steps/sec=285.5 | episodes/sec=4.16 | gpu_util_mean=0% gpu_util_max=0% | gpu_mem_mean=2.3/47.8GB
timesteps=2455392 | env_steps/sec=268.0 | episodes/sec=3.35 | gpu_util_mean=0% gpu_util_max=0% | gpu_mem_mean=2.3/47.8GB
timesteps=2456832 | env_steps/sec=273.8 | episodes/sec=3.99 | gpu_util_mean=0% gpu_util_max=1% | gpu_mem_mean=2.3/47.8GB
-------------------------------------------
| gpu/                      |             |
|    gpu_count              | 2           |
|    gpu_mem_total_gb_mean  | 47.8        |
|    gpu_mem_used_gb_mean   | 2.33        |
|    gpu_util_pct_max       | 1           |
|    gpu_util_pct_mean      | 0.5         |
| profile/                  |             |
|    hard/damage_mean       | 0.245       |
|    hard/ep_len_mean       | 64.5        |
|    hard/ep_rew_mean       | 0.206       |
|    hard/episodes_window   | 200         |
|    hard/p_damage_ge_90    | 0           |
|    hard/p_stars_ge_2      | 0.005       |
|    hard/score_mean        | 0.27        |
|    hard/stars_mean        | 0.025       |
|    hard/ticks_mean        | 640         |
|    hard/truncated_rate    | 0.01        |
|    medium/damage_mean     | 0.693       |
|    medium/ep_len_mean     | 72.9        |
|    medium/ep_rew_mean     | 2.09        |
|    medium/episodes_window | 200         |
|    medium/p_damage_ge_90  | 0.145       |
|    medium/p_stars_ge_2    | 0.575       |
|    medium/score_mean      | 2.16        |
|    medium/stars_mean      | 1.47        |
|    medium/ticks_mean      | 725         |
|    medium/truncated_rate  | 0.17        |
| rollout/                  |             |
|    ep_len_mean            | 69.2        |
|    ep_rew_mean            | 1.02        |
| throughput/               |             |
|    env_steps_per_sec      | 274         |
|    episodes_per_sec       | 3.99        |
| time/                     |             |
|    fps                    | 255         |
|    iterations             | 50          |
|    time_elapsed           | 9621        |
|    total_timesteps        | 2457600     |
| train/                    |             |
|    approx_kl              | 0.013140329 |
|    clip_fraction          | 0.15        |
|    clip_range             | 0.2         |
|    entropy_loss           | -5.11       |
|    explained_variance     | 0.912       |
|    learning_rate          | 0.0003      |
|    loss                   | -0.0486     |
|    n_updates              | 490         |
|    policy_gradient_loss   | -0.016      |
|    value_loss             | 0.0603      |
-------------------------------------------
timesteps=2457696 | env_steps/sec=84.8 | episodes/sec=1.47 | gpu_util_mean=18% gpu_util_max=35% | gpu_mem_mean=2.3/47.8GB
timesteps=2459136 | env_steps/sec=269.8 | episodes/sec=4.50 | gpu_util_mean=0% gpu_util_max=0% | gpu_mem_mean=2.3/47.8GB
timesteps=2460480 | env_steps/sec=256.9 | episodes/sec=2.68 | gpu_util_mean=0% gpu_util_max=0% | gpu_mem_mean=2.3/47.8GB
timesteps=2461824 | env_steps/sec=257.4 | episodes/sec=3.06 | gpu_util_mean=0% gpu_util_max=1% | gpu_mem_mean=2.3/47.8GB
timesteps=2463264 | env_steps/sec=276.8 | episodes/sec=4.42 | gpu_util_mean=0% gpu_util_max=0% | gpu_mem_mean=2.3/47.8GB
timesteps=2464704 | env_steps/sec=279.2 | episodes/sec=4.85 | gpu_util_mean=0% gpu_util_max=0% | gpu_mem_mean=2.3/47.8GB
timesteps=2466048 | env_steps/sec=261.3 | episodes/sec=4.47 | gpu_util_mean=0% gpu_util_max=0% | gpu_mem_mean=2.3/47.8GB
timesteps=2467296 | env_steps/sec=244.7 | episodes/sec=2.94 | gpu_util_mean=0% gpu_util_max=1% | gpu_mem_mean=2.3/47.8GB
timesteps=2468736 | env_steps/sec=278.1 | episodes/sec=3.28 | gpu_util_mean=0% gpu_util_max=0% | gpu_mem_mean=2.3/47.8GB
timesteps=2470176 | env_steps/sec=274.8 | episodes/sec=4.58 | gpu_util_mean=0% gpu_util_max=1% | gpu_mem_mean=2.3/47.8GB
timesteps=2471712 | env_steps/sec=292.5 | episodes/sec=4.95 | gpu_util_mean=18% gpu_util_max=37% | gpu_mem_mean=2.3/47.8GB
timesteps=2473056 | env_steps/sec=262.8 | episodes/sec=3.52 | gpu_util_mean=0% gpu_util_max=0% | gpu_mem_mean=2.3/47.8GB
timesteps=2474400 | env_steps/sec=267.5 | episodes/sec=3.98 | gpu_util_mean=0% gpu_util_max=0% | gpu_mem_mean=2.3/47.8GB
timesteps=2475840 | env_steps/sec=271.2 | episodes/sec=4.71 | gpu_util_mean=0% gpu_util_max=1% | gpu_mem_mean=2.3/47.8GB
timesteps=2477280 | env_steps/sec=281.5 | episodes/sec=3.13 | gpu_util_mean=0% gpu_util_max=0% | gpu_mem_mean=2.3/47.8GB
timesteps=2478816 | env_steps/sec=295.3 | episodes/sec=3.27 | gpu_util_mean=0% gpu_util_max=0% | gpu_mem_mean=2.3/47.8GB
timesteps=2480256 | env_steps/sec=275.7 | episodes/sec=4.98 | gpu_util_mean=0% gpu_util_max=1% | gpu_mem_mean=2.3/47.8GB
timesteps=2481696 | env_steps/sec=282.8 | episodes/sec=5.30 | gpu_util_mean=0% gpu_util_max=1% | gpu_mem_mean=2.3/47.8GB
timesteps=2483232 | env_steps/sec=285.0 | episodes/sec=3.15 | gpu_util_mean=0% gpu_util_max=1% | gpu_mem_mean=2.3/47.8GB
timesteps=2484768 | env_steps/sec=290.2 | episodes/sec=3.78 | gpu_util_mean=1% gpu_util_max=1% | gpu_mem_mean=2.3/47.8GB
timesteps=2486304 | env_steps/sec=288.8 | episodes/sec=3.38 | gpu_util_mean=0% gpu_util_max=0% | gpu_mem_mean=2.3/47.8GB
timesteps=2487744 | env_steps/sec=269.4 | episodes/sec=5.05 | gpu_util_mean=1% gpu_util_max=1% | gpu_mem_mean=2.3/47.8GB
timesteps=2489184 | env_steps/sec=283.5 | episodes/sec=4.13 | gpu_util_mean=0% gpu_util_max=0% | gpu_mem_mean=2.3/47.8GB
timesteps=2490624 | env_steps/sec=283.5 | episodes/sec=4.53 | gpu_util_mean=0% gpu_util_max=0% | gpu_mem_mean=2.3/47.8GB
timesteps=2491968 | env_steps/sec=261.8 | episodes/sec=2.73 | gpu_util_mean=0% gpu_util_max=0% | gpu_mem_mean=2.3/47.8GB
timesteps=2493504 | env_steps/sec=294.7 | episodes/sec=4.61 | gpu_util_mean=0% gpu_util_max=1% | gpu_mem_mean=2.3/47.8GB
timesteps=2494848 | env_steps/sec=261.9 | episodes/sec=4.87 | gpu_util_mean=0% gpu_util_max=1% | gpu_mem_mean=2.3/47.8GB
timesteps=2496384 | env_steps/sec=285.5 | episodes/sec=4.27 | gpu_util_mean=0% gpu_util_max=1% | gpu_mem_mean=2.3/47.8GB
timesteps=2497728 | env_steps/sec=268.5 | episodes/sec=2.80 | gpu_util_mean=0% gpu_util_max=0% | gpu_mem_mean=2.3/47.8GB
timesteps=2499168 | env_steps/sec=285.0 | episodes/sec=3.76 | gpu_util_mean=0% gpu_util_max=1% | gpu_mem_mean=2.3/47.8GB
timesteps=2500608 | env_steps/sec=268.5 | episodes/sec=5.03 | gpu_util_mean=0% gpu_util_max=0% | gpu_mem_mean=2.3/47.8GB
timesteps=2502048 | env_steps/sec=282.8 | episodes/sec=4.91 | gpu_util_mean=0% gpu_util_max=1% | gpu_mem_mean=2.3/47.8GB
timesteps=2503392 | env_steps/sec=263.8 | episodes/sec=3.34 | gpu_util_mean=0% gpu_util_max=1% | gpu_mem_mean=2.3/47.8GB
timesteps=2504928 | env_steps/sec=297.2 | episodes/sec=3.87 | gpu_util_mean=0% gpu_util_max=0% | gpu_mem_mean=2.3/47.8GB
timesteps=2506464 | env_steps/sec=293.0 | episodes/sec=4.77 | gpu_util_mean=0% gpu_util_max=0% | gpu_mem_mean=2.3/47.8GB
-------------------------------------------
| gpu/                      |             |
|    gpu_count              | 2           |
|    gpu_mem_total_gb_mean  | 47.8        |
|    gpu_mem_used_gb_mean   | 2.33        |
|    gpu_util_pct_max       | 0           |
|    gpu_util_pct_mean      | 0           |
| profile/                  |             |
|    hard/damage_mean       | 0.236       |
|    hard/ep_len_mean       | 65          |
|    hard/ep_rew_mean       | 0.172       |
|    hard/episodes_window   | 200         |
|    hard/p_damage_ge_90    | 0           |
|    hard/p_stars_ge_2      | 0           |
|    hard/score_mean        | 0.236       |
|    hard/stars_mean        | 0           |
|    hard/ticks_mean        | 645         |
|    hard/truncated_rate    | 0.02        |
|    medium/damage_mean     | 0.667       |
|    medium/ep_len_mean     | 72.5        |
|    medium/ep_rew_mean     | 1.99        |
|    medium/episodes_window | 200         |
|    medium/p_damage_ge_90  | 0.12        |
|    medium/p_stars_ge_2    | 0.545       |
|    medium/score_mean      | 2.07        |
|    medium/stars_mean      | 1.4         |
|    medium/ticks_mean      | 721         |
|    medium/truncated_rate  | 0.12        |
| rollout/                  |             |
|    ep_len_mean            | 66.5        |
|    ep_rew_mean            | 0.943       |
| throughput/               |             |
|    env_steps_per_sec      | 293         |
|    episodes_per_sec       | 4.77        |
| time/                     |             |
|    fps                    | 255         |
|    iterations             | 51          |
|    time_elapsed           | 9805        |
|    total_timesteps        | 2506752     |
| train/                    |             |
|    approx_kl              | 0.010821126 |
|    clip_fraction          | 0.117       |
|    clip_range             | 0.2         |
|    entropy_loss           | -5.14       |
|    explained_variance     | 0.915       |
|    learning_rate          | 0.0003      |
|    loss                   | -0.0411     |
|    n_updates              | 500         |
|    policy_gradient_loss   | -0.0162     |
|    value_loss             | 0.0755      |
-------------------------------------------
timesteps=2506848 | env_steps/sec=46.4 | episodes/sec=1.69 | gpu_util_mean=18% gpu_util_max=37% | gpu_mem_mean=2.3/47.8GB
timesteps=2508288 | env_steps/sec=282.3 | episodes/sec=3.33 | gpu_util_mean=0% gpu_util_max=0% | gpu_mem_mean=2.3/47.8GB
timesteps=2509728 | env_steps/sec=268.8 | episodes/sec=2.61 | gpu_util_mean=0% gpu_util_max=0% | gpu_mem_mean=2.3/47.8GB
timesteps=2511168 | env_steps/sec=286.5 | episodes/sec=3.78 | gpu_util_mean=0% gpu_util_max=1% | gpu_mem_mean=2.3/47.8GB
timesteps=2512608 | env_steps/sec=277.9 | episodes/sec=5.60 | gpu_util_mean=1% gpu_util_max=1% | gpu_mem_mean=2.3/47.8GB
timesteps=2514048 | env_steps/sec=275.9 | episodes/sec=4.02 | gpu_util_mean=1% gpu_util_max=1% | gpu_mem_mean=2.3/47.8GB
timesteps=2515488 | env_steps/sec=281.1 | episodes/sec=3.71 | gpu_util_mean=0% gpu_util_max=0% | gpu_mem_mean=2.3/47.8GB
timesteps=2516928 | env_steps/sec=274.8 | episodes/sec=2.48 | gpu_util_mean=0% gpu_util_max=0% | gpu_mem_mean=2.3/47.8GB
timesteps=2518272 | env_steps/sec=263.2 | episodes/sec=5.88 | gpu_util_mean=0% gpu_util_max=0% | gpu_mem_mean=2.3/47.8GB
timesteps=2519616 | env_steps/sec=261.3 | episodes/sec=4.67 | gpu_util_mean=0% gpu_util_max=0% | gpu_mem_mean=2.3/47.8GB
timesteps=2520960 | env_steps/sec=268.3 | episodes/sec=2.79 | gpu_util_mean=18% gpu_util_max=37% | gpu_mem_mean=2.3/47.8GB
timesteps=2522304 | env_steps/sec=268.5 | episodes/sec=2.60 | gpu_util_mean=0% gpu_util_max=0% | gpu_mem_mean=2.3/47.8GB
timesteps=2523744 | env_steps/sec=271.7 | episodes/sec=4.72 | gpu_util_mean=0% gpu_util_max=1% | gpu_mem_mean=2.3/47.8GB
timesteps=2525184 | env_steps/sec=279.9 | episodes/sec=4.86 | gpu_util_mean=0% gpu_util_max=1% | gpu_mem_mean=2.3/47.8GB
timesteps=2526624 | env_steps/sec=272.4 | episodes/sec=3.97 | gpu_util_mean=0% gpu_util_max=1% | gpu_mem_mean=2.3/47.8GB
timesteps=2527872 | env_steps/sec=249.2 | episodes/sec=2.60 | gpu_util_mean=0% gpu_util_max=0% | gpu_mem_mean=2.3/47.8GB
timesteps=2529216 | env_steps/sec=260.0 | episodes/sec=4.64 | gpu_util_mean=0% gpu_util_max=0% | gpu_mem_mean=2.3/47.8GB
timesteps=2530560 | env_steps/sec=260.4 | episodes/sec=3.68 | gpu_util_mean=0% gpu_util_max=0% | gpu_mem_mean=2.3/47.8GB
timesteps=2532000 | env_steps/sec=282.3 | episodes/sec=4.12 | gpu_util_mean=0% gpu_util_max=0% | gpu_mem_mean=2.3/47.8GB
timesteps=2533440 | env_steps/sec=274.0 | episodes/sec=3.80 | gpu_util_mean=0% gpu_util_max=1% | gpu_mem_mean=2.3/47.8GB
timesteps=2534880 | env_steps/sec=279.7 | episodes/sec=3.88 | gpu_util_mean=0% gpu_util_max=0% | gpu_mem_mean=2.3/47.8GB
timesteps=2536320 | env_steps/sec=287.8 | episodes/sec=5.00 | gpu_util_mean=0% gpu_util_max=0% | gpu_mem_mean=2.3/47.8GB
timesteps=2537760 | env_steps/sec=279.4 | episodes/sec=3.69 | gpu_util_mean=0% gpu_util_max=1% | gpu_mem_mean=2.3/47.8GB
timesteps=2539104 | env_steps/sec=255.7 | episodes/sec=3.04 | gpu_util_mean=0% gpu_util_max=0% | gpu_mem_mean=2.3/47.8GB
timesteps=2540544 | env_steps/sec=287.6 | episodes/sec=3.80 | gpu_util_mean=0% gpu_util_max=1% | gpu_mem_mean=2.3/47.8GB
timesteps=2542080 | env_steps/sec=284.6 | episodes/sec=5.19 | gpu_util_mean=0% gpu_util_max=1% | gpu_mem_mean=2.3/47.8GB
timesteps=2543424 | env_steps/sec=268.0 | episodes/sec=4.59 | gpu_util_mean=0% gpu_util_max=0% | gpu_mem_mean=2.3/47.8GB
timesteps=2544768 | env_steps/sec=265.3 | episodes/sec=2.76 | gpu_util_mean=0% gpu_util_max=1% | gpu_mem_mean=2.3/47.8GB
timesteps=2546208 | env_steps/sec=286.2 | episodes/sec=3.78 | gpu_util_mean=0% gpu_util_max=0% | gpu_mem_mean=2.3/47.8GB
timesteps=2547648 | env_steps/sec=273.9 | episodes/sec=3.23 | gpu_util_mean=0% gpu_util_max=1% | gpu_mem_mean=2.3/47.8GB
timesteps=2549184 | env_steps/sec=295.9 | episodes/sec=6.74 | gpu_util_mean=0% gpu_util_max=0% | gpu_mem_mean=2.3/47.8GB
timesteps=2550720 | env_steps/sec=295.3 | episodes/sec=2.69 | gpu_util_mean=0% gpu_util_max=0% | gpu_mem_mean=2.3/47.8GB
timesteps=2552256 | env_steps/sec=302.8 | episodes/sec=4.53 | gpu_util_mean=0% gpu_util_max=0% | gpu_mem_mean=2.3/47.8GB
timesteps=2553600 | env_steps/sec=265.6 | episodes/sec=4.55 | gpu_util_mean=0% gpu_util_max=1% | gpu_mem_mean=2.3/47.8GB
timesteps=2554944 | env_steps/sec=262.3 | episodes/sec=3.51 | gpu_util_mean=0% gpu_util_max=0% | gpu_mem_mean=2.3/47.8GB
-------------------------------------------
| gpu/                      |             |
|    gpu_count              | 2           |
|    gpu_mem_total_gb_mean  | 47.8        |
|    gpu_mem_used_gb_mean   | 2.33        |
|    gpu_util_pct_max       | 0           |
|    gpu_util_pct_mean      | 0           |
| profile/                  |             |
|    hard/damage_mean       | 0.237       |
|    hard/ep_len_mean       | 64.3        |
|    hard/ep_rew_mean       | 0.173       |
|    hard/episodes_window   | 200         |
|    hard/p_damage_ge_90    | 0           |
|    hard/p_stars_ge_2      | 0           |
|    hard/score_mean        | 0.237       |
|    hard/stars_mean        | 0           |
|    hard/ticks_mean        | 638         |
|    hard/truncated_rate    | 0.015       |
|    medium/damage_mean     | 0.693       |
|    medium/ep_len_mean     | 73.3        |
|    medium/ep_rew_mean     | 2.14        |
|    medium/episodes_window | 200         |
|    medium/p_damage_ge_90  | 0.165       |
|    medium/p_stars_ge_2    | 0.595       |
|    medium/score_mean      | 2.21        |
|    medium/stars_mean      | 1.51        |
|    medium/ticks_mean      | 730         |
|    medium/truncated_rate  | 0.14        |
| rollout/                  |             |
|    ep_len_mean            | 68.1        |
|    ep_rew_mean            | 1.03        |
| throughput/               |             |
|    env_steps_per_sec      | 262         |
|    episodes_per_sec       | 3.51        |
| time/                     |             |
|    fps                    | 255         |
|    iterations             | 52          |
|    time_elapsed           | 9991        |
|    total_timesteps        | 2555904     |
| train/                    |             |
|    approx_kl              | 0.014378781 |
|    clip_fraction          | 0.17        |
|    clip_range             | 0.2         |
|    entropy_loss           | -5.18       |
|    explained_variance     | 0.912       |
|    learning_rate          | 0.0003      |
|    loss                   | -0.0486     |
|    n_updates              | 510         |
|    policy_gradient_loss   | -0.0179     |
|    value_loss             | 0.0596      |
-------------------------------------------
timesteps=2556000 | env_steps/sec=95.2 | episodes/sec=1.62 | gpu_util_mean=18% gpu_util_max=34% | gpu_mem_mean=2.3/47.8GB
timesteps=2557344 | env_steps/sec=261.9 | episodes/sec=3.31 | gpu_util_mean=0% gpu_util_max=0% | gpu_mem_mean=2.3/47.8GB
timesteps=2558688 | env_steps/sec=264.8 | episodes/sec=3.94 | gpu_util_mean=0% gpu_util_max=1% | gpu_mem_mean=2.3/47.8GB
timesteps=2560032 | env_steps/sec=268.1 | episodes/sec=4.39 | gpu_util_mean=0% gpu_util_max=1% | gpu_mem_mean=2.3/47.8GB
timesteps=2561568 | env_steps/sec=288.2 | episodes/sec=3.94 | gpu_util_mean=0% gpu_util_max=1% | gpu_mem_mean=2.3/47.8GB
timesteps=2562912 | env_steps/sec=264.1 | episodes/sec=3.54 | gpu_util_mean=0% gpu_util_max=1% | gpu_mem_mean=2.3/47.8GB
timesteps=2564160 | env_steps/sec=247.1 | episodes/sec=3.17 | gpu_util_mean=0% gpu_util_max=0% | gpu_mem_mean=2.3/47.8GB
timesteps=2565600 | env_steps/sec=270.0 | episodes/sec=4.12 | gpu_util_mean=0% gpu_util_max=0% | gpu_mem_mean=2.3/47.8GB
timesteps=2566944 | env_steps/sec=262.4 | episodes/sec=4.69 | gpu_util_mean=0% gpu_util_max=0% | gpu_mem_mean=2.3/47.8GB
timesteps=2568288 | env_steps/sec=262.0 | episodes/sec=3.31 | gpu_util_mean=0% gpu_util_max=1% | gpu_mem_mean=2.3/47.8GB
timesteps=2569632 | env_steps/sec=261.7 | episodes/sec=3.11 | gpu_util_mean=18% gpu_util_max=37% | gpu_mem_mean=2.3/47.8GB
timesteps=2571072 | env_steps/sec=285.8 | episodes/sec=3.77 | gpu_util_mean=0% gpu_util_max=0% | gpu_mem_mean=2.3/47.8GB
timesteps=2572416 | env_steps/sec=254.2 | episodes/sec=5.30 | gpu_util_mean=0% gpu_util_max=1% | gpu_mem_mean=2.3/47.8GB
timesteps=2573760 | env_steps/sec=253.9 | episodes/sec=3.78 | gpu_util_mean=0% gpu_util_max=1% | gpu_mem_mean=2.3/47.8GB
timesteps=2575104 | env_steps/sec=265.1 | episodes/sec=3.55 | gpu_util_mean=0% gpu_util_max=0% | gpu_mem_mean=2.3/47.8GB
timesteps=2576544 | env_steps/sec=274.6 | episodes/sec=3.24 | gpu_util_mean=0% gpu_util_max=0% | gpu_mem_mean=2.3/47.8GB
timesteps=2577888 | env_steps/sec=251.5 | episodes/sec=3.74 | gpu_util_mean=0% gpu_util_max=1% | gpu_mem_mean=2.3/47.8GB
timesteps=2579424 | env_steps/sec=290.6 | episodes/sec=4.92 | gpu_util_mean=0% gpu_util_max=1% | gpu_mem_mean=2.3/47.8GB
timesteps=2580768 | env_steps/sec=266.5 | episodes/sec=4.16 | gpu_util_mean=0% gpu_util_max=0% | gpu_mem_mean=2.3/47.8GB
timesteps=2582208 | env_steps/sec=284.9 | episodes/sec=3.36 | gpu_util_mean=0% gpu_util_max=0% | gpu_mem_mean=2.3/47.8GB
timesteps=2583648 | env_steps/sec=270.0 | episodes/sec=5.06 | gpu_util_mean=0% gpu_util_max=0% | gpu_mem_mean=2.3/47.8GB
timesteps=2585088 | env_steps/sec=282.0 | episodes/sec=3.33 | gpu_util_mean=0% gpu_util_max=1% | gpu_mem_mean=2.3/47.8GB
timesteps=2586528 | env_steps/sec=273.3 | episodes/sec=3.99 | gpu_util_mean=0% gpu_util_max=0% | gpu_mem_mean=2.3/47.8GB
timesteps=2587968 | env_steps/sec=287.8 | episodes/sec=3.40 | gpu_util_mean=0% gpu_util_max=1% | gpu_mem_mean=2.3/47.8GB
timesteps=2589312 | env_steps/sec=268.7 | episodes/sec=5.00 | gpu_util_mean=0% gpu_util_max=1% | gpu_mem_mean=2.3/47.8GB
timesteps=2590656 | env_steps/sec=263.9 | episodes/sec=4.32 | gpu_util_mean=1% gpu_util_max=1% | gpu_mem_mean=2.3/47.8GB
timesteps=2592096 | env_steps/sec=272.3 | episodes/sec=3.21 | gpu_util_mean=0% gpu_util_max=0% | gpu_mem_mean=2.3/47.8GB
timesteps=2593344 | env_steps/sec=247.9 | episodes/sec=4.37 | gpu_util_mean=0% gpu_util_max=1% | gpu_mem_mean=2.3/47.8GB
timesteps=2594688 | env_steps/sec=263.0 | episodes/sec=2.74 | gpu_util_mean=0% gpu_util_max=1% | gpu_mem_mean=2.3/47.8GB
timesteps=2596320 | env_steps/sec=317.5 | episodes/sec=5.84 | gpu_util_mean=0% gpu_util_max=0% | gpu_mem_mean=2.3/47.8GB
timesteps=2597664 | env_steps/sec=265.7 | episodes/sec=2.77 | gpu_util_mean=0% gpu_util_max=1% | gpu_mem_mean=2.3/47.8GB
timesteps=2599200 | env_steps/sec=291.7 | episodes/sec=5.32 | gpu_util_mean=0% gpu_util_max=1% | gpu_mem_mean=2.3/47.8GB
timesteps=2600448 | env_steps/sec=248.4 | episodes/sec=2.99 | gpu_util_mean=0% gpu_util_max=1% | gpu_mem_mean=2.3/47.8GB
timesteps=2601888 | env_steps/sec=283.1 | episodes/sec=4.72 | gpu_util_mean=0% gpu_util_max=1% | gpu_mem_mean=2.3/47.8GB
timesteps=2603232 | env_steps/sec=266.4 | episodes/sec=2.78 | gpu_util_mean=1% gpu_util_max=1% | gpu_mem_mean=2.3/47.8GB
timesteps=2604672 | env_steps/sec=282.2 | episodes/sec=3.92 | gpu_util_mean=0% gpu_util_max=1% | gpu_mem_mean=2.3/47.8GB
-------------------------------------------
| gpu/                      |             |
|    gpu_count              | 2           |
|    gpu_mem_total_gb_mean  | 47.8        |
|    gpu_mem_used_gb_mean   | 2.33        |
|    gpu_util_pct_max       | 1           |
|    gpu_util_pct_mean      | 0.5         |
| profile/                  |             |
|    hard/damage_mean       | 0.241       |
|    hard/ep_len_mean       | 63.7        |
|    hard/ep_rew_mean       | 0.192       |
|    hard/episodes_window   | 200         |
|    hard/p_damage_ge_90    | 0           |
|    hard/p_stars_ge_2      | 0           |
|    hard/score_mean        | 0.256       |
|    hard/stars_mean        | 0.015       |
|    hard/ticks_mean        | 633         |
|    hard/truncated_rate    | 0.025       |
|    medium/damage_mean     | 0.696       |
|    medium/ep_len_mean     | 73.2        |
|    medium/ep_rew_mean     | 2.11        |
|    medium/episodes_window | 200         |
|    medium/p_damage_ge_90  | 0.19        |
|    medium/p_stars_ge_2    | 0.605       |
|    medium/score_mean      | 2.19        |
|    medium/stars_mean      | 1.49        |
|    medium/ticks_mean      | 729         |
|    medium/truncated_rate  | 0.155       |
| rollout/                  |             |
|    ep_len_mean            | 68          |
|    ep_rew_mean            | 1           |
| throughput/               |             |
|    env_steps_per_sec      | 282         |
|    episodes_per_sec       | 3.92        |
| time/                     |             |
|    fps                    | 255         |
|    iterations             | 53          |
|    time_elapsed           | 10180       |
|    total_timesteps        | 2605056     |
| train/                    |             |
|    approx_kl              | 0.010335941 |
|    clip_fraction          | 0.111       |
|    clip_range             | 0.2         |
|    entropy_loss           | -5.18       |
|    explained_variance     | 0.923       |
|    learning_rate          | 0.0003      |
|    loss                   | -0.0443     |
|    n_updates              | 520         |
|    policy_gradient_loss   | -0.0159     |
|    value_loss             | 0.0605      |
-------------------------------------------
timesteps=2605152 | env_steps/sec=56.0 | episodes/sec=1.05 | gpu_util_mean=0% gpu_util_max=0% | gpu_mem_mean=2.3/47.8GB
timesteps=2606592 | env_steps/sec=270.0 | episodes/sec=5.06 | gpu_util_mean=0% gpu_util_max=0% | gpu_mem_mean=2.3/47.8GB
timesteps=2607936 | env_steps/sec=265.6 | episodes/sec=3.36 | gpu_util_mean=1% gpu_util_max=1% | gpu_mem_mean=2.3/47.8GB
timesteps=2609376 | env_steps/sec=270.1 | episodes/sec=2.81 | gpu_util_mean=0% gpu_util_max=0% | gpu_mem_mean=2.3/47.8GB
timesteps=2610816 | env_steps/sec=284.3 | episodes/sec=4.15 | gpu_util_mean=0% gpu_util_max=1% | gpu_mem_mean=2.3/47.8GB
timesteps=2612160 | env_steps/sec=260.9 | episodes/sec=4.85 | gpu_util_mean=0% gpu_util_max=1% | gpu_mem_mean=2.3/47.8GB
timesteps=2613504 | env_steps/sec=257.5 | episodes/sec=4.60 | gpu_util_mean=0% gpu_util_max=0% | gpu_mem_mean=2.3/47.8GB
timesteps=2614848 | env_steps/sec=264.0 | episodes/sec=3.14 | gpu_util_mean=0% gpu_util_max=1% | gpu_mem_mean=2.3/47.8GB
timesteps=2616288 | env_steps/sec=275.4 | episodes/sec=2.87 | gpu_util_mean=0% gpu_util_max=0% | gpu_mem_mean=2.3/47.8GB
timesteps=2617632 | env_steps/sec=268.1 | episodes/sec=4.79 | gpu_util_mean=16% gpu_util_max=32% | gpu_mem_mean=2.3/47.8GB
timesteps=2619264 | env_steps/sec=314.8 | episodes/sec=4.82 | gpu_util_mean=19% gpu_util_max=37% | gpu_mem_mean=2.3/47.8GB
timesteps=2620704 | env_steps/sec=280.6 | episodes/sec=4.09 | gpu_util_mean=0% gpu_util_max=0% | gpu_mem_mean=2.3/47.8GB
timesteps=2622048 | env_steps/sec=266.3 | episodes/sec=3.17 | gpu_util_mean=0% gpu_util_max=0% | gpu_mem_mean=2.3/47.8GB
timesteps=2623392 | env_steps/sec=260.6 | episodes/sec=4.07 | gpu_util_mean=1% gpu_util_max=1% | gpu_mem_mean=2.3/47.8GB
timesteps=2624736 | env_steps/sec=257.6 | episodes/sec=3.26 | gpu_util_mean=0% gpu_util_max=1% | gpu_mem_mean=2.3/47.8GB
timesteps=2626176 | env_steps/sec=283.3 | episodes/sec=4.92 | gpu_util_mean=0% gpu_util_max=1% | gpu_mem_mean=2.3/47.8GB
timesteps=2627616 | env_steps/sec=282.3 | episodes/sec=4.51 | gpu_util_mean=0% gpu_util_max=0% | gpu_mem_mean=2.3/47.8GB
timesteps=2629056 | env_steps/sec=276.8 | episodes/sec=4.61 | gpu_util_mean=0% gpu_util_max=0% | gpu_mem_mean=2.3/47.8GB
timesteps=2630496 | env_steps/sec=269.0 | episodes/sec=2.80 | gpu_util_mean=1% gpu_util_max=1% | gpu_mem_mean=2.3/47.8GB
timesteps=2631936 | env_steps/sec=286.0 | episodes/sec=3.18 | gpu_util_mean=0% gpu_util_max=0% | gpu_mem_mean=2.3/47.8GB
timesteps=2633376 | env_steps/sec=278.4 | episodes/sec=4.45 | gpu_util_mean=0% gpu_util_max=1% | gpu_mem_mean=2.3/47.8GB
timesteps=2634816 | env_steps/sec=271.7 | episodes/sec=5.28 | gpu_util_mean=0% gpu_util_max=1% | gpu_mem_mean=2.3/47.8GB
timesteps=2636160 | env_steps/sec=263.3 | episodes/sec=3.92 | gpu_util_mean=0% gpu_util_max=0% | gpu_mem_mean=2.3/47.8GB
timesteps=2637504 | env_steps/sec=264.0 | episodes/sec=3.14 | gpu_util_mean=1% gpu_util_max=1% | gpu_mem_mean=2.3/47.8GB
timesteps=2638944 | env_steps/sec=279.6 | episodes/sec=2.14 | gpu_util_mean=0% gpu_util_max=0% | gpu_mem_mean=2.3/47.8GB
timesteps=2640384 | env_steps/sec=277.2 | episodes/sec=5.39 | gpu_util_mean=1% gpu_util_max=1% | gpu_mem_mean=2.3/47.8GB
timesteps=2642016 | env_steps/sec=316.0 | episodes/sec=6.20 | gpu_util_mean=0% gpu_util_max=1% | gpu_mem_mean=2.3/47.8GB
timesteps=2643456 | env_steps/sec=275.8 | episodes/sec=2.49 | gpu_util_mean=0% gpu_util_max=0% | gpu_mem_mean=2.3/47.8GB
timesteps=2644896 | env_steps/sec=267.5 | episodes/sec=3.90 | gpu_util_mean=0% gpu_util_max=0% | gpu_mem_mean=2.3/47.8GB
timesteps=2646336 | env_steps/sec=279.2 | episodes/sec=3.88 | gpu_util_mean=0% gpu_util_max=0% | gpu_mem_mean=2.3/47.8GB
timesteps=2647776 | env_steps/sec=283.5 | episodes/sec=5.12 | gpu_util_mean=0% gpu_util_max=1% | gpu_mem_mean=2.3/47.8GB
timesteps=2649216 | env_steps/sec=272.6 | episodes/sec=4.17 | gpu_util_mean=0% gpu_util_max=0% | gpu_mem_mean=2.3/47.8GB
timesteps=2650560 | env_steps/sec=263.8 | episodes/sec=4.71 | gpu_util_mean=0% gpu_util_max=1% | gpu_mem_mean=2.3/47.8GB
timesteps=2651808 | env_steps/sec=246.4 | episodes/sec=1.58 | gpu_util_mean=0% gpu_util_max=1% | gpu_mem_mean=2.3/47.8GB
timesteps=2653152 | env_steps/sec=259.5 | episodes/sec=3.28 | gpu_util_mean=0% gpu_util_max=0% | gpu_mem_mean=2.3/47.8GB
-------------------------------------------
| gpu/                      |             |
|    gpu_count              | 2           |
|    gpu_mem_total_gb_mean  | 47.8        |
|    gpu_mem_used_gb_mean   | 2.33        |
|    gpu_util_pct_max       | 0           |
|    gpu_util_pct_mean      | 0           |
| profile/                  |             |
|    hard/damage_mean       | 0.252       |
|    hard/ep_len_mean       | 64.6        |
|    hard/ep_rew_mean       | 0.187       |
|    hard/episodes_window   | 200         |
|    hard/p_damage_ge_90    | 0           |
|    hard/p_stars_ge_2      | 0           |
|    hard/score_mean        | 0.252       |
|    hard/stars_mean        | 0           |
|    hard/ticks_mean        | 641         |
|    hard/truncated_rate    | 0.045       |
|    medium/damage_mean     | 0.685       |
|    medium/ep_len_mean     | 73          |
|    medium/ep_rew_mean     | 2.1         |
|    medium/episodes_window | 200         |
|    medium/p_damage_ge_90  | 0.19        |
|    medium/p_stars_ge_2    | 0.58        |
|    medium/score_mean      | 2.17        |
|    medium/stars_mean      | 1.49        |
|    medium/ticks_mean      | 725         |
|    medium/truncated_rate  | 0.14        |
| rollout/                  |             |
|    ep_len_mean            | 67.3        |
|    ep_rew_mean            | 0.963       |
| throughput/               |             |
|    env_steps_per_sec      | 260         |
|    episodes_per_sec       | 3.28        |
| time/                     |             |
|    fps                    | 256         |
|    iterations             | 54          |
|    time_elapsed           | 10367       |
|    total_timesteps        | 2654208     |
| train/                    |             |
|    approx_kl              | 0.010627128 |
|    clip_fraction          | 0.119       |
|    clip_range             | 0.2         |
|    entropy_loss           | -5.17       |
|    explained_variance     | 0.91        |
|    learning_rate          | 0.0003      |
|    loss                   | -0.0447     |
|    n_updates              | 530         |
|    policy_gradient_loss   | -0.0175     |
|    value_loss             | 0.0618      |
-------------------------------------------
timesteps=2654304 | env_steps/sec=104.0 | episodes/sec=2.26 | gpu_util_mean=0% gpu_util_max=0% | gpu_mem_mean=2.3/47.8GB
timesteps=2655648 | env_steps/sec=267.6 | episodes/sec=3.58 | gpu_util_mean=0% gpu_util_max=0% | gpu_mem_mean=2.3/47.8GB
timesteps=2657088 | env_steps/sec=279.7 | episodes/sec=5.05 | gpu_util_mean=1% gpu_util_max=1% | gpu_mem_mean=2.3/47.8GB
timesteps=2658528 | env_steps/sec=273.4 | episodes/sec=1.90 | gpu_util_mean=0% gpu_util_max=0% | gpu_mem_mean=2.3/47.8GB
timesteps=2659968 | env_steps/sec=283.8 | episodes/sec=5.32 | gpu_util_mean=0% gpu_util_max=1% | gpu_mem_mean=2.3/47.8GB
timesteps=2661408 | env_steps/sec=284.9 | episodes/sec=4.35 | gpu_util_mean=0% gpu_util_max=1% | gpu_mem_mean=2.3/47.8GB
timesteps=2662848 | env_steps/sec=272.9 | episodes/sec=4.17 | gpu_util_mean=0% gpu_util_max=1% | gpu_mem_mean=2.3/47.8GB
timesteps=2664192 | env_steps/sec=260.4 | episodes/sec=2.13 | gpu_util_mean=0% gpu_util_max=1% | gpu_mem_mean=2.3/47.8GB
timesteps=2665632 | env_steps/sec=275.5 | episodes/sec=4.78 | gpu_util_mean=0% gpu_util_max=1% | gpu_mem_mean=2.3/47.8GB
timesteps=2667072 | env_steps/sec=283.3 | episodes/sec=4.13 | gpu_util_mean=16% gpu_util_max=33% | gpu_mem_mean=2.3/47.8GB
timesteps=2668512 | env_steps/sec=282.2 | episodes/sec=4.90 | gpu_util_mean=0% gpu_util_max=1% | gpu_mem_mean=2.3/47.8GB
timesteps=2669856 | env_steps/sec=255.9 | episodes/sec=2.47 | gpu_util_mean=0% gpu_util_max=1% | gpu_mem_mean=2.3/47.8GB
timesteps=2671392 | env_steps/sec=289.5 | episodes/sec=5.09 | gpu_util_mean=0% gpu_util_max=1% | gpu_mem_mean=2.3/47.8GB
timesteps=2672832 | env_steps/sec=285.9 | episodes/sec=4.37 | gpu_util_mean=0% gpu_util_max=0% | gpu_mem_mean=2.3/47.8GB
timesteps=2674368 | env_steps/sec=289.6 | episodes/sec=4.34 | gpu_util_mean=1% gpu_util_max=1% | gpu_mem_mean=2.3/47.8GB
timesteps=2675712 | env_steps/sec=257.3 | episodes/sec=3.06 | gpu_util_mean=0% gpu_util_max=1% | gpu_mem_mean=2.3/47.8GB
timesteps=2677152 | env_steps/sec=271.4 | episodes/sec=3.96 | gpu_util_mean=0% gpu_util_max=1% | gpu_mem_mean=2.3/47.8GB
timesteps=2678592 | env_steps/sec=279.5 | episodes/sec=4.46 | gpu_util_mean=0% gpu_util_max=1% | gpu_mem_mean=2.3/47.8GB
timesteps=2680032 | env_steps/sec=280.5 | episodes/sec=4.09 | gpu_util_mean=0% gpu_util_max=0% | gpu_mem_mean=2.3/47.8GB
timesteps=2681472 | env_steps/sec=272.4 | episodes/sec=3.22 | gpu_util_mean=0% gpu_util_max=0% | gpu_mem_mean=2.3/47.8GB
timesteps=2682912 | env_steps/sec=283.8 | episodes/sec=4.93 | gpu_util_mean=0% gpu_util_max=0% | gpu_mem_mean=2.3/47.8GB
timesteps=2684352 | env_steps/sec=271.0 | episodes/sec=4.52 | gpu_util_mean=0% gpu_util_max=1% | gpu_mem_mean=2.3/47.8GB
timesteps=2685792 | env_steps/sec=272.9 | episodes/sec=3.60 | gpu_util_mean=0% gpu_util_max=1% | gpu_mem_mean=2.3/47.8GB
timesteps=2687232 | env_steps/sec=271.8 | episodes/sec=3.40 | gpu_util_mean=0% gpu_util_max=0% | gpu_mem_mean=2.3/47.8GB
timesteps=2688672 | env_steps/sec=285.5 | episodes/sec=4.36 | gpu_util_mean=0% gpu_util_max=0% | gpu_mem_mean=2.3/47.8GB
timesteps=2690016 | env_steps/sec=263.0 | episodes/sec=4.31 | gpu_util_mean=0% gpu_util_max=1% | gpu_mem_mean=2.3/47.8GB
timesteps=2691456 | env_steps/sec=278.5 | episodes/sec=4.26 | gpu_util_mean=0% gpu_util_max=1% | gpu_mem_mean=2.3/47.8GB
timesteps=2692800 | env_steps/sec=262.6 | episodes/sec=4.10 | gpu_util_mean=0% gpu_util_max=0% | gpu_mem_mean=2.3/47.8GB
timesteps=2694144 | env_steps/sec=260.0 | episodes/sec=3.10 | gpu_util_mean=0% gpu_util_max=0% | gpu_mem_mean=2.3/47.8GB
timesteps=2695488 | env_steps/sec=256.3 | episodes/sec=3.24 | gpu_util_mean=0% gpu_util_max=1% | gpu_mem_mean=2.3/47.8GB
timesteps=2696832 | env_steps/sec=266.5 | episodes/sec=3.97 | gpu_util_mean=1% gpu_util_max=1% | gpu_mem_mean=2.3/47.8GB
timesteps=2698272 | env_steps/sec=275.8 | episodes/sec=6.70 | gpu_util_mean=0% gpu_util_max=0% | gpu_mem_mean=2.3/47.8GB
timesteps=2699616 | env_steps/sec=267.8 | episodes/sec=2.59 | gpu_util_mean=1% gpu_util_max=1% | gpu_mem_mean=2.3/47.8GB
timesteps=2700960 | env_steps/sec=257.0 | episodes/sec=3.25 | gpu_util_mean=0% gpu_util_max=1% | gpu_mem_mean=2.3/47.8GB
timesteps=2702400 | env_steps/sec=272.1 | episodes/sec=2.65 | gpu_util_mean=0% gpu_util_max=1% | gpu_mem_mean=2.3/47.8GB
-------------------------------------------
| gpu/                      |             |
|    gpu_count              | 2           |
|    gpu_mem_total_gb_mean  | 47.8        |
|    gpu_mem_used_gb_mean   | 2.33        |
|    gpu_util_pct_max       | 1           |
|    gpu_util_pct_mean      | 0.5         |
| profile/                  |             |
|    hard/damage_mean       | 0.235       |
|    hard/ep_len_mean       | 63.5        |
|    hard/ep_rew_mean       | 0.172       |
|    hard/episodes_window   | 200         |
|    hard/p_damage_ge_90    | 0           |
|    hard/p_stars_ge_2      | 0           |
|    hard/score_mean        | 0.235       |
|    hard/stars_mean        | 0           |
|    hard/ticks_mean        | 631         |
|    hard/truncated_rate    | 0.02        |
|    medium/damage_mean     | 0.691       |
|    medium/ep_len_mean     | 73.1        |
|    medium/ep_rew_mean     | 2.11        |
|    medium/episodes_window | 200         |
|    medium/p_damage_ge_90  | 0.225       |
|    medium/p_stars_ge_2    | 0.58        |
|    medium/score_mean      | 2.19        |
|    medium/stars_mean      | 1.5         |
|    medium/ticks_mean      | 727         |
|    medium/truncated_rate  | 0.15        |
| rollout/                  |             |
|    ep_len_mean            | 67.6        |
|    ep_rew_mean            | 1.08        |
| throughput/               |             |
|    env_steps_per_sec      | 272         |
|    episodes_per_sec       | 2.65        |
| time/                     |             |
|    fps                    | 256         |
|    iterations             | 55          |
|    time_elapsed           | 10553       |
|    total_timesteps        | 2703360     |
| train/                    |             |
|    approx_kl              | 0.011327631 |
|    clip_fraction          | 0.136       |
|    clip_range             | 0.2         |
|    entropy_loss           | -5.16       |
|    explained_variance     | 0.906       |
|    learning_rate          | 0.0003      |
|    loss                   | -0.0405     |
|    n_updates              | 540         |
|    policy_gradient_loss   | -0.0174     |
|    value_loss             | 0.0627      |
-------------------------------------------
timesteps=2703456 | env_steps/sec=100.9 | episodes/sec=1.34 | gpu_util_mean=18% gpu_util_max=35% | gpu_mem_mean=2.3/47.8GB
timesteps=2704992 | env_steps/sec=301.0 | episodes/sec=5.68 | gpu_util_mean=0% gpu_util_max=0% | gpu_mem_mean=2.3/47.8GB
timesteps=2706432 | env_steps/sec=279.2 | episodes/sec=4.65 | gpu_util_mean=0% gpu_util_max=1% | gpu_mem_mean=2.3/47.8GB
timesteps=2707776 | env_steps/sec=266.2 | episodes/sec=2.77 | gpu_util_mean=0% gpu_util_max=0% | gpu_mem_mean=2.3/47.8GB
timesteps=2709120 | env_steps/sec=261.8 | episodes/sec=1.95 | gpu_util_mean=1% gpu_util_max=1% | gpu_mem_mean=2.3/47.8GB
timesteps=2710560 | env_steps/sec=271.9 | episodes/sec=5.48 | gpu_util_mean=0% gpu_util_max=1% | gpu_mem_mean=2.3/47.8GB
timesteps=2712096 | env_steps/sec=294.4 | episodes/sec=5.18 | gpu_util_mean=0% gpu_util_max=0% | gpu_mem_mean=2.3/47.8GB
timesteps=2713536 | env_steps/sec=270.2 | episodes/sec=3.38 | gpu_util_mean=0% gpu_util_max=1% | gpu_mem_mean=2.3/47.8GB
timesteps=2714976 | env_steps/sec=279.8 | episodes/sec=2.91 | gpu_util_mean=0% gpu_util_max=1% | gpu_mem_mean=2.3/47.8GB
timesteps=2716416 | env_steps/sec=287.6 | episodes/sec=4.59 | gpu_util_mean=17% gpu_util_max=33% | gpu_mem_mean=2.3/47.8GB
timesteps=2717856 | env_steps/sec=284.7 | episodes/sec=5.34 | gpu_util_mean=18% gpu_util_max=35% | gpu_mem_mean=2.3/47.8GB
timesteps=2719200 | env_steps/sec=258.7 | episodes/sec=4.24 | gpu_util_mean=0% gpu_util_max=0% | gpu_mem_mean=2.3/47.8GB
timesteps=2720544 | env_steps/sec=251.0 | episodes/sec=1.68 | gpu_util_mean=0% gpu_util_max=0% | gpu_mem_mean=2.3/47.8GB
timesteps=2721984 | env_steps/sec=276.0 | episodes/sec=4.41 | gpu_util_mean=0% gpu_util_max=0% | gpu_mem_mean=2.3/47.8GB
timesteps=2723328 | env_steps/sec=268.5 | episodes/sec=4.79 | gpu_util_mean=0% gpu_util_max=0% | gpu_mem_mean=2.3/47.8GB
timesteps=2724768 | env_steps/sec=287.5 | episodes/sec=5.19 | gpu_util_mean=0% gpu_util_max=0% | gpu_mem_mean=2.3/47.8GB
timesteps=2726112 | env_steps/sec=259.0 | episodes/sec=1.73 | gpu_util_mean=1% gpu_util_max=1% | gpu_mem_mean=2.3/47.8GB
timesteps=2727552 | env_steps/sec=275.5 | episodes/sec=4.21 | gpu_util_mean=0% gpu_util_max=1% | gpu_mem_mean=2.3/47.8GB
timesteps=2728992 | env_steps/sec=268.9 | episodes/sec=4.67 | gpu_util_mean=0% gpu_util_max=0% | gpu_mem_mean=2.3/47.8GB
timesteps=2730432 | env_steps/sec=285.2 | episodes/sec=4.95 | gpu_util_mean=0% gpu_util_max=1% | gpu_mem_mean=2.3/47.8GB
timesteps=2731776 | env_steps/sec=267.2 | episodes/sec=2.78 | gpu_util_mean=1% gpu_util_max=1% | gpu_mem_mean=2.3/47.8GB
timesteps=2733312 | env_steps/sec=305.7 | episodes/sec=2.99 | gpu_util_mean=0% gpu_util_max=0% | gpu_mem_mean=2.3/47.8GB
timesteps=2734752 | env_steps/sec=272.3 | episodes/sec=4.16 | gpu_util_mean=0% gpu_util_max=1% | gpu_mem_mean=2.3/47.8GB
timesteps=2736192 | env_steps/sec=279.9 | episodes/sec=5.44 | gpu_util_mean=0% gpu_util_max=0% | gpu_mem_mean=2.3/47.8GB
timesteps=2737632 | env_steps/sec=273.6 | episodes/sec=4.37 | gpu_util_mean=0% gpu_util_max=0% | gpu_mem_mean=2.3/47.8GB
timesteps=2738880 | env_steps/sec=247.7 | episodes/sec=1.39 | gpu_util_mean=0% gpu_util_max=1% | gpu_mem_mean=2.3/47.8GB
timesteps=2740224 | env_steps/sec=261.8 | episodes/sec=4.67 | gpu_util_mean=0% gpu_util_max=1% | gpu_mem_mean=2.3/47.8GB
timesteps=2741568 | env_steps/sec=267.7 | episodes/sec=4.58 | gpu_util_mean=0% gpu_util_max=1% | gpu_mem_mean=2.3/47.8GB
timesteps=2743008 | env_steps/sec=273.4 | episodes/sec=4.75 | gpu_util_mean=0% gpu_util_max=1% | gpu_mem_mean=2.3/47.8GB
timesteps=2744352 | env_steps/sec=266.7 | episodes/sec=2.98 | gpu_util_mean=0% gpu_util_max=0% | gpu_mem_mean=2.3/47.8GB
timesteps=2745696 | env_steps/sec=267.6 | episodes/sec=3.78 | gpu_util_mean=0% gpu_util_max=0% | gpu_mem_mean=2.3/47.8GB
timesteps=2747136 | env_steps/sec=280.9 | episodes/sec=4.49 | gpu_util_mean=0% gpu_util_max=0% | gpu_mem_mean=2.3/47.8GB
timesteps=2748384 | env_steps/sec=247.6 | episodes/sec=3.97 | gpu_util_mean=0% gpu_util_max=0% | gpu_mem_mean=2.3/47.8GB
timesteps=2749728 | env_steps/sec=253.7 | episodes/sec=3.78 | gpu_util_mean=0% gpu_util_max=0% | gpu_mem_mean=2.3/47.8GB
timesteps=2751072 | env_steps/sec=263.3 | episodes/sec=2.55 | gpu_util_mean=0% gpu_util_max=0% | gpu_mem_mean=2.3/47.8GB
timesteps=2752416 | env_steps/sec=264.7 | episodes/sec=5.12 | gpu_util_mean=0% gpu_util_max=1% | gpu_mem_mean=2.3/47.8GB
-------------------------------------------
| gpu/                      |             |
|    gpu_count              | 2           |
|    gpu_mem_total_gb_mean  | 47.8        |
|    gpu_mem_used_gb_mean   | 2.33        |
|    gpu_util_pct_max       | 1           |
|    gpu_util_pct_mean      | 0.5         |
| profile/                  |             |
|    hard/damage_mean       | 0.237       |
|    hard/ep_len_mean       | 64.2        |
|    hard/ep_rew_mean       | 0.173       |
|    hard/episodes_window   | 200         |
|    hard/p_damage_ge_90    | 0           |
|    hard/p_stars_ge_2      | 0           |
|    hard/score_mean        | 0.237       |
|    hard/stars_mean        | 0           |
|    hard/ticks_mean        | 638         |
|    hard/truncated_rate    | 0.025       |
|    medium/damage_mean     | 0.72        |
|    medium/ep_len_mean     | 73.8        |
|    medium/ep_rew_mean     | 2.23        |
|    medium/episodes_window | 200         |
|    medium/p_damage_ge_90  | 0.25        |
|    medium/p_stars_ge_2    | 0.61        |
|    medium/score_mean      | 2.3         |
|    medium/stars_mean      | 1.58        |
|    medium/ticks_mean      | 734         |
|    medium/truncated_rate  | 0.145       |
| rollout/                  |             |
|    ep_len_mean            | 68.3        |
|    ep_rew_mean            | 1.07        |
| throughput/               |             |
|    env_steps_per_sec      | 265         |
|    episodes_per_sec       | 5.12        |
| time/                     |             |
|    fps                    | 256         |
|    iterations             | 56          |
|    time_elapsed           | 10741       |
|    total_timesteps        | 2752512     |
| train/                    |             |
|    approx_kl              | 0.012284775 |
|    clip_fraction          | 0.137       |
|    clip_range             | 0.2         |
|    entropy_loss           | -5.16       |
|    explained_variance     | 0.883       |
|    learning_rate          | 0.0003      |
|    loss                   | -0.0504     |
|    n_updates              | 550         |
|    policy_gradient_loss   | -0.0188     |
|    value_loss             | 0.0638      |
-------------------------------------------
timesteps=2752608 | env_steps/sec=24.6 | episodes/sec=0.64 | gpu_util_mean=2% gpu_util_max=3% | gpu_mem_mean=2.3/47.8GB
timesteps=2753952 | env_steps/sec=267.3 | episodes/sec=2.98 | gpu_util_mean=0% gpu_util_max=0% | gpu_mem_mean=2.3/47.8GB
timesteps=2755392 | env_steps/sec=269.4 | episodes/sec=4.30 | gpu_util_mean=0% gpu_util_max=1% | gpu_mem_mean=2.3/47.8GB
timesteps=2756736 | env_steps/sec=268.3 | episodes/sec=3.39 | gpu_util_mean=0% gpu_util_max=0% | gpu_mem_mean=2.3/47.8GB
timesteps=2758176 | env_steps/sec=281.3 | episodes/sec=3.91 | gpu_util_mean=0% gpu_util_max=0% | gpu_mem_mean=2.3/47.8GB
timesteps=2759616 | env_steps/sec=282.1 | episodes/sec=5.09 | gpu_util_mean=0% gpu_util_max=1% | gpu_mem_mean=2.3/47.8GB
timesteps=2761152 | env_steps/sec=290.1 | episodes/sec=4.15 | gpu_util_mean=1% gpu_util_max=1% | gpu_mem_mean=2.3/47.8GB
timesteps=2762496 | env_steps/sec=259.6 | episodes/sec=3.09 | gpu_util_mean=0% gpu_util_max=0% | gpu_mem_mean=2.3/47.8GB
timesteps=2763840 | env_steps/sec=251.9 | episodes/sec=3.75 | gpu_util_mean=0% gpu_util_max=0% | gpu_mem_mean=2.3/47.8GB
timesteps=2765376 | env_steps/sec=290.6 | episodes/sec=4.73 | gpu_util_mean=16% gpu_util_max=32% | gpu_mem_mean=2.3/47.8GB
timesteps=2766912 | env_steps/sec=290.7 | episodes/sec=4.54 | gpu_util_mean=0% gpu_util_max=1% | gpu_mem_mean=2.3/47.8GB
timesteps=2768256 | env_steps/sec=268.2 | episodes/sec=2.79 | gpu_util_mean=0% gpu_util_max=1% | gpu_mem_mean=2.3/47.8GB
timesteps=2769600 | env_steps/sec=255.8 | episodes/sec=3.62 | gpu_util_mean=0% gpu_util_max=1% | gpu_mem_mean=2.3/47.8GB
timesteps=2771136 | env_steps/sec=293.2 | episodes/sec=4.01 | gpu_util_mean=1% gpu_util_max=1% | gpu_mem_mean=2.3/47.8GB
timesteps=2772576 | env_steps/sec=274.6 | episodes/sec=6.29 | gpu_util_mean=0% gpu_util_max=0% | gpu_mem_mean=2.3/47.8GB
timesteps=2773920 | env_steps/sec=261.2 | episodes/sec=2.53 | gpu_util_mean=0% gpu_util_max=0% | gpu_mem_mean=2.3/47.8GB
timesteps=2775360 | env_steps/sec=270.5 | episodes/sec=3.01 | gpu_util_mean=0% gpu_util_max=0% | gpu_mem_mean=2.3/47.8GB
timesteps=2776800 | env_steps/sec=279.1 | episodes/sec=3.68 | gpu_util_mean=0% gpu_util_max=0% | gpu_mem_mean=2.3/47.8GB
timesteps=2778336 | env_steps/sec=293.7 | episodes/sec=6.31 | gpu_util_mean=0% gpu_util_max=1% | gpu_mem_mean=2.3/47.8GB
timesteps=2779776 | env_steps/sec=287.9 | episodes/sec=3.80 | gpu_util_mean=0% gpu_util_max=0% | gpu_mem_mean=2.3/47.8GB
timesteps=2781120 | env_steps/sec=265.6 | episodes/sec=3.36 | gpu_util_mean=0% gpu_util_max=0% | gpu_mem_mean=2.3/47.8GB
timesteps=2782560 | env_steps/sec=281.3 | episodes/sec=3.32 | gpu_util_mean=0% gpu_util_max=0% | gpu_mem_mean=2.3/47.8GB
timesteps=2784000 | env_steps/sec=277.3 | episodes/sec=5.01 | gpu_util_mean=0% gpu_util_max=1% | gpu_mem_mean=2.3/47.8GB
timesteps=2785440 | env_steps/sec=279.1 | episodes/sec=5.04 | gpu_util_mean=0% gpu_util_max=0% | gpu_mem_mean=2.3/47.8GB
timesteps=2786784 | env_steps/sec=255.5 | episodes/sec=2.09 | gpu_util_mean=0% gpu_util_max=1% | gpu_mem_mean=2.3/47.8GB
timesteps=2788224 | env_steps/sec=277.0 | episodes/sec=4.42 | gpu_util_mean=0% gpu_util_max=1% | gpu_mem_mean=2.3/47.8GB
timesteps=2789568 | env_steps/sec=251.3 | episodes/sec=4.49 | gpu_util_mean=0% gpu_util_max=0% | gpu_mem_mean=2.3/47.8GB
timesteps=2791008 | env_steps/sec=272.3 | episodes/sec=3.97 | gpu_util_mean=0% gpu_util_max=1% | gpu_mem_mean=2.3/47.8GB
timesteps=2792352 | env_steps/sec=258.9 | episodes/sec=2.89 | gpu_util_mean=0% gpu_util_max=1% | gpu_mem_mean=2.3/47.8GB
timesteps=2793888 | env_steps/sec=302.2 | episodes/sec=3.94 | gpu_util_mean=0% gpu_util_max=0% | gpu_mem_mean=2.3/47.8GB
timesteps=2795328 | env_steps/sec=276.3 | episodes/sec=4.99 | gpu_util_mean=0% gpu_util_max=0% | gpu_mem_mean=2.3/47.8GB
timesteps=2796768 | env_steps/sec=268.3 | episodes/sec=4.29 | gpu_util_mean=0% gpu_util_max=1% | gpu_mem_mean=2.3/47.8GB
timesteps=2798208 | env_steps/sec=276.1 | episodes/sec=3.64 | gpu_util_mean=0% gpu_util_max=1% | gpu_mem_mean=2.3/47.8GB
timesteps=2799648 | env_steps/sec=277.9 | episodes/sec=3.09 | gpu_util_mean=0% gpu_util_max=0% | gpu_mem_mean=2.3/47.8GB
timesteps=2801088 | env_steps/sec=281.1 | episodes/sec=5.08 | gpu_util_mean=0% gpu_util_max=1% | gpu_mem_mean=2.3/47.8GB
--------------------------------------------
| gpu/                      |              |
|    gpu_count              | 2            |
|    gpu_mem_total_gb_mean  | 47.8         |
|    gpu_mem_used_gb_mean   | 2.33         |
|    gpu_util_pct_max       | 1            |
|    gpu_util_pct_mean      | 0.5          |
| profile/                  |              |
|    hard/damage_mean       | 0.244        |
|    hard/ep_len_mean       | 64.5         |
|    hard/ep_rew_mean       | 0.18         |
|    hard/episodes_window   | 200          |
|    hard/p_damage_ge_90    | 0            |
|    hard/p_stars_ge_2      | 0            |
|    hard/score_mean        | 0.244        |
|    hard/stars_mean        | 0            |
|    hard/ticks_mean        | 641          |
|    hard/truncated_rate    | 0.025        |
|    medium/damage_mean     | 0.694        |
|    medium/ep_len_mean     | 73.3         |
|    medium/ep_rew_mean     | 2.13         |
|    medium/episodes_window | 200          |
|    medium/p_damage_ge_90  | 0.2          |
|    medium/p_stars_ge_2    | 0.6          |
|    medium/score_mean      | 2.2          |
|    medium/stars_mean      | 1.5          |
|    medium/ticks_mean      | 729          |
|    medium/truncated_rate  | 0.135        |
| rollout/                  |              |
|    ep_len_mean            | 68.3         |
|    ep_rew_mean            | 0.943        |
| throughput/               |              |
|    env_steps_per_sec      | 281          |
|    episodes_per_sec       | 5.08         |
| time/                     |              |
|    fps                    | 256          |
|    iterations             | 57           |
|    time_elapsed           | 10927        |
|    total_timesteps        | 2801664      |
| train/                    |              |
|    approx_kl              | 0.0138532715 |
|    clip_fraction          | 0.145        |
|    clip_range             | 0.2          |
|    entropy_loss           | -5.09        |
|    explained_variance     | 0.883        |
|    learning_rate          | 0.0003       |
|    loss                   | -0.0392      |
|    n_updates              | 560          |
|    policy_gradient_loss   | -0.019       |
|    value_loss             | 0.0638       |
--------------------------------------------
timesteps=2801760 | env_steps/sec=71.3 | episodes/sec=1.06 | gpu_util_mean=0% gpu_util_max=0% | gpu_mem_mean=2.3/47.8GB
timesteps=2803200 | env_steps/sec=275.9 | episodes/sec=4.21 | gpu_util_mean=0% gpu_util_max=0% | gpu_mem_mean=2.3/47.8GB
timesteps=2804640 | env_steps/sec=272.6 | episodes/sec=3.60 | gpu_util_mean=0% gpu_util_max=1% | gpu_mem_mean=2.3/47.8GB
timesteps=2805984 | env_steps/sec=260.2 | episodes/sec=3.48 | gpu_util_mean=0% gpu_util_max=0% | gpu_mem_mean=2.3/47.8GB
timesteps=2807520 | env_steps/sec=291.8 | episodes/sec=3.99 | gpu_util_mean=0% gpu_util_max=0% | gpu_mem_mean=2.3/47.8GB
timesteps=2808960 | env_steps/sec=272.9 | episodes/sec=4.74 | gpu_util_mean=0% gpu_util_max=0% | gpu_mem_mean=2.3/47.8GB
timesteps=2810304 | env_steps/sec=254.5 | episodes/sec=3.41 | gpu_util_mean=0% gpu_util_max=0% | gpu_mem_mean=2.3/47.8GB
timesteps=2811648 | env_steps/sec=256.0 | episodes/sec=2.48 | gpu_util_mean=0% gpu_util_max=0% | gpu_mem_mean=2.3/47.8GB
timesteps=2813088 | env_steps/sec=287.3 | episodes/sec=4.79 | gpu_util_mean=0% gpu_util_max=0% | gpu_mem_mean=2.3/47.8GB
timesteps=2814624 | env_steps/sec=286.2 | episodes/sec=5.22 | gpu_util_mean=18% gpu_util_max=36% | gpu_mem_mean=2.3/47.8GB
timesteps=2815968 | env_steps/sec=262.6 | episodes/sec=4.10 | gpu_util_mean=0% gpu_util_max=0% | gpu_mem_mean=2.3/47.8GB
timesteps=2817312 | env_steps/sec=264.3 | episodes/sec=2.36 | gpu_util_mean=0% gpu_util_max=1% | gpu_mem_mean=2.3/47.8GB
timesteps=2818752 | env_steps/sec=273.1 | episodes/sec=3.98 | gpu_util_mean=0% gpu_util_max=1% | gpu_mem_mean=2.3/47.8GB
timesteps=2820192 | env_steps/sec=279.9 | episodes/sec=5.25 | gpu_util_mean=0% gpu_util_max=1% | gpu_mem_mean=2.3/47.8GB
timesteps=2821536 | env_steps/sec=259.5 | episodes/sec=3.48 | gpu_util_mean=0% gpu_util_max=0% | gpu_mem_mean=2.3/47.8GB
timesteps=2822976 | env_steps/sec=276.2 | episodes/sec=2.68 | gpu_util_mean=0% gpu_util_max=0% | gpu_mem_mean=2.3/47.8GB
timesteps=2824608 | env_steps/sec=311.6 | episodes/sec=4.96 | gpu_util_mean=0% gpu_util_max=0% | gpu_mem_mean=2.3/47.8GB
timesteps=2826048 | env_steps/sec=280.7 | episodes/sec=3.90 | gpu_util_mean=0% gpu_util_max=0% | gpu_mem_mean=2.3/47.8GB
timesteps=2827584 | env_steps/sec=293.8 | episodes/sec=4.40 | gpu_util_mean=0% gpu_util_max=1% | gpu_mem_mean=2.3/47.8GB
timesteps=2828832 | env_steps/sec=248.1 | episodes/sec=4.17 | gpu_util_mean=0% gpu_util_max=0% | gpu_mem_mean=2.3/47.8GB
timesteps=2830272 | env_steps/sec=274.4 | episodes/sec=3.43 | gpu_util_mean=0% gpu_util_max=0% | gpu_mem_mean=2.3/47.8GB
timesteps=2831616 | env_steps/sec=267.5 | episodes/sec=3.38 | gpu_util_mean=0% gpu_util_max=0% | gpu_mem_mean=2.3/47.8GB
timesteps=2832960 | env_steps/sec=265.0 | episodes/sec=4.34 | gpu_util_mean=1% gpu_util_max=1% | gpu_mem_mean=2.3/47.8GB
timesteps=2834400 | env_steps/sec=273.2 | episodes/sec=4.17 | gpu_util_mean=0% gpu_util_max=0% | gpu_mem_mean=2.3/47.8GB
timesteps=2835744 | env_steps/sec=253.3 | episodes/sec=3.58 | gpu_util_mean=0% gpu_util_max=1% | gpu_mem_mean=2.3/47.8GB
timesteps=2837088 | env_steps/sec=266.7 | episodes/sec=3.77 | gpu_util_mean=0% gpu_util_max=0% | gpu_mem_mean=2.3/47.8GB
timesteps=2838528 | env_steps/sec=275.1 | episodes/sec=4.01 | gpu_util_mean=1% gpu_util_max=1% | gpu_mem_mean=2.3/47.8GB
timesteps=2839968 | env_steps/sec=272.2 | episodes/sec=3.78 | gpu_util_mean=0% gpu_util_max=1% | gpu_mem_mean=2.3/47.8GB
timesteps=2841408 | env_steps/sec=280.6 | episodes/sec=4.29 | gpu_util_mean=0% gpu_util_max=0% | gpu_mem_mean=2.3/47.8GB
timesteps=2842848 | env_steps/sec=276.6 | episodes/sec=4.03 | gpu_util_mean=0% gpu_util_max=1% | gpu_mem_mean=2.3/47.8GB
timesteps=2844192 | env_steps/sec=257.2 | episodes/sec=4.78 | gpu_util_mean=0% gpu_util_max=0% | gpu_mem_mean=2.3/47.8GB
timesteps=2845632 | env_steps/sec=273.9 | episodes/sec=3.23 | gpu_util_mean=0% gpu_util_max=0% | gpu_mem_mean=2.3/47.8GB
timesteps=2847072 | env_steps/sec=271.6 | episodes/sec=3.96 | gpu_util_mean=0% gpu_util_max=1% | gpu_mem_mean=2.3/47.8GB
timesteps=2848416 | env_steps/sec=264.9 | episodes/sec=2.96 | gpu_util_mean=0% gpu_util_max=0% | gpu_mem_mean=2.3/47.8GB
timesteps=2849856 | env_steps/sec=273.1 | episodes/sec=4.74 | gpu_util_mean=0% gpu_util_max=0% | gpu_mem_mean=2.3/47.8GB
-------------------------------------------
| gpu/                      |             |
|    gpu_count              | 2           |
|    gpu_mem_total_gb_mean  | 47.8        |
|    gpu_mem_used_gb_mean   | 2.33        |
|    gpu_util_pct_max       | 0           |
|    gpu_util_pct_mean      | 0           |
| profile/                  |             |
|    hard/damage_mean       | 0.239       |
|    hard/ep_len_mean       | 64.5        |
|    hard/ep_rew_mean       | 0.175       |
|    hard/episodes_window   | 200         |
|    hard/p_damage_ge_90    | 0           |
|    hard/p_stars_ge_2      | 0           |
|    hard/score_mean        | 0.239       |
|    hard/stars_mean        | 0           |
|    hard/ticks_mean        | 640         |
|    hard/truncated_rate    | 0.025       |
|    medium/damage_mean     | 0.722       |
|    medium/ep_len_mean     | 74.2        |
|    medium/ep_rew_mean     | 2.22        |
|    medium/episodes_window | 200         |
|    medium/p_damage_ge_90  | 0.21        |
|    medium/p_stars_ge_2    | 0.62        |
|    medium/score_mean      | 2.3         |
|    medium/stars_mean      | 1.57        |
|    medium/ticks_mean      | 738         |
|    medium/truncated_rate  | 0.185       |
| rollout/                  |             |
|    ep_len_mean            | 67.8        |
|    ep_rew_mean            | 1.16        |
| throughput/               |             |
|    env_steps_per_sec      | 273         |
|    episodes_per_sec       | 4.74        |
| time/                     |             |
|    fps                    | 256         |
|    iterations             | 58          |
|    time_elapsed           | 11114       |
|    total_timesteps        | 2850816     |
| train/                    |             |
|    approx_kl              | 0.010773394 |
|    clip_fraction          | 0.13        |
|    clip_range             | 0.2         |
|    entropy_loss           | -5.12       |
|    explained_variance     | 0.898       |
|    learning_rate          | 0.0003      |
|    loss                   | -0.0385     |
|    n_updates              | 570         |
|    policy_gradient_loss   | -0.0172     |
|    value_loss             | 0.0656      |
-------------------------------------------
timesteps=2850912 | env_steps/sec=101.2 | episodes/sec=1.44 | gpu_util_mean=18% gpu_util_max=37% | gpu_mem_mean=2.3/47.8GB
timesteps=2852256 | env_steps/sec=260.0 | episodes/sec=3.87 | gpu_util_mean=0% gpu_util_max=1% | gpu_mem_mean=2.3/47.8GB
timesteps=2853696 | env_steps/sec=267.6 | episodes/sec=3.53 | gpu_util_mean=0% gpu_util_max=0% | gpu_mem_mean=2.3/47.8GB
timesteps=2855136 | env_steps/sec=267.5 | episodes/sec=4.09 | gpu_util_mean=0% gpu_util_max=0% | gpu_mem_mean=2.3/47.8GB
timesteps=2856480 | env_steps/sec=255.3 | episodes/sec=3.42 | gpu_util_mean=0% gpu_util_max=1% | gpu_mem_mean=2.3/47.8GB
timesteps=2857920 | env_steps/sec=277.0 | episodes/sec=5.00 | gpu_util_mean=0% gpu_util_max=0% | gpu_mem_mean=2.3/47.8GB
timesteps=2859360 | env_steps/sec=271.9 | episodes/sec=3.78 | gpu_util_mean=0% gpu_util_max=1% | gpu_mem_mean=2.3/47.8GB
timesteps=2860800 | env_steps/sec=271.2 | episodes/sec=3.39 | gpu_util_mean=0% gpu_util_max=0% | gpu_mem_mean=2.3/47.8GB
timesteps=2862144 | env_steps/sec=263.0 | episodes/sec=2.94 | gpu_util_mean=18% gpu_util_max=36% | gpu_mem_mean=2.3/47.8GB
timesteps=2863680 | env_steps/sec=290.5 | episodes/sec=4.92 | gpu_util_mean=17% gpu_util_max=34% | gpu_mem_mean=2.3/47.8GB
timesteps=2865120 | env_steps/sec=283.4 | episodes/sec=4.53 | gpu_util_mean=1% gpu_util_max=1% | gpu_mem_mean=2.3/47.8GB
timesteps=2866464 | env_steps/sec=263.5 | episodes/sec=3.53 | gpu_util_mean=0% gpu_util_max=0% | gpu_mem_mean=2.3/47.8GB
timesteps=2867808 | env_steps/sec=263.8 | episodes/sec=4.12 | gpu_util_mean=0% gpu_util_max=1% | gpu_mem_mean=2.3/47.8GB
timesteps=2869248 | env_steps/sec=278.5 | episodes/sec=3.67 | gpu_util_mean=0% gpu_util_max=0% | gpu_mem_mean=2.3/47.8GB
timesteps=2870688 | env_steps/sec=270.3 | episodes/sec=3.94 | gpu_util_mean=0% gpu_util_max=1% | gpu_mem_mean=2.3/47.8GB
timesteps=2872128 | env_steps/sec=278.8 | episodes/sec=3.29 | gpu_util_mean=0% gpu_util_max=0% | gpu_mem_mean=2.3/47.8GB
timesteps=2873472 | env_steps/sec=254.7 | episodes/sec=4.17 | gpu_util_mean=0% gpu_util_max=0% | gpu_mem_mean=2.3/47.8GB
timesteps=2874816 | env_steps/sec=256.9 | episodes/sec=4.59 | gpu_util_mean=1% gpu_util_max=1% | gpu_mem_mean=2.3/47.8GB
timesteps=2876256 | env_steps/sec=283.4 | episodes/sec=4.53 | gpu_util_mean=0% gpu_util_max=0% | gpu_mem_mean=2.3/47.8GB
timesteps=2877600 | env_steps/sec=265.8 | episodes/sec=2.97 | gpu_util_mean=0% gpu_util_max=0% | gpu_mem_mean=2.3/47.8GB
timesteps=2879040 | env_steps/sec=277.2 | episodes/sec=4.04 | gpu_util_mean=1% gpu_util_max=1% | gpu_mem_mean=2.3/47.8GB
timesteps=2880384 | env_steps/sec=266.3 | episodes/sec=3.96 | gpu_util_mean=0% gpu_util_max=0% | gpu_mem_mean=2.3/47.8GB
timesteps=2881824 | env_steps/sec=283.0 | episodes/sec=3.34 | gpu_util_mean=0% gpu_util_max=0% | gpu_mem_mean=2.3/47.8GB
timesteps=2883264 | env_steps/sec=270.3 | episodes/sec=5.26 | gpu_util_mean=0% gpu_util_max=0% | gpu_mem_mean=2.3/47.8GB
timesteps=2884704 | env_steps/sec=272.3 | episodes/sec=3.21 | gpu_util_mean=0% gpu_util_max=0% | gpu_mem_mean=2.3/47.8GB
timesteps=2886144 | env_steps/sec=285.3 | episodes/sec=2.58 | gpu_util_mean=0% gpu_util_max=0% | gpu_mem_mean=2.3/47.8GB
timesteps=2887680 | env_steps/sec=301.4 | episodes/sec=5.49 | gpu_util_mean=0% gpu_util_max=1% | gpu_mem_mean=2.3/47.8GB
timesteps=2889120 | env_steps/sec=272.4 | episodes/sec=4.92 | gpu_util_mean=0% gpu_util_max=0% | gpu_mem_mean=2.3/47.8GB
timesteps=2890656 | env_steps/sec=290.3 | episodes/sec=3.02 | gpu_util_mean=0% gpu_util_max=1% | gpu_mem_mean=2.3/47.8GB
timesteps=2892096 | env_steps/sec=276.6 | episodes/sec=3.65 | gpu_util_mean=0% gpu_util_max=1% | gpu_mem_mean=2.3/47.8GB
timesteps=2893536 | env_steps/sec=270.0 | episodes/sec=4.88 | gpu_util_mean=0% gpu_util_max=0% | gpu_mem_mean=2.3/47.8GB
timesteps=2894976 | env_steps/sec=275.7 | episodes/sec=3.64 | gpu_util_mean=0% gpu_util_max=1% | gpu_mem_mean=2.3/47.8GB
timesteps=2896320 | env_steps/sec=260.1 | episodes/sec=4.06 | gpu_util_mean=0% gpu_util_max=1% | gpu_mem_mean=2.3/47.8GB
timesteps=2897760 | env_steps/sec=271.7 | episodes/sec=3.02 | gpu_util_mean=0% gpu_util_max=0% | gpu_mem_mean=2.3/47.8GB
timesteps=2899104 | env_steps/sec=263.5 | episodes/sec=4.12 | gpu_util_mean=0% gpu_util_max=0% | gpu_mem_mean=2.3/47.8GB
--------------------------------------------
| gpu/                      |              |
|    gpu_count              | 2            |
|    gpu_mem_total_gb_mean  | 47.8         |
|    gpu_mem_used_gb_mean   | 2.33         |
|    gpu_util_pct_max       | 0            |
|    gpu_util_pct_mean      | 0            |
| profile/                  |              |
|    hard/damage_mean       | 0.236        |
|    hard/ep_len_mean       | 65.2         |
|    hard/ep_rew_mean       | 0.177        |
|    hard/episodes_window   | 200          |
|    hard/p_damage_ge_90    | 0            |
|    hard/p_stars_ge_2      | 0            |
|    hard/score_mean        | 0.241        |
|    hard/stars_mean        | 0.005        |
|    hard/ticks_mean        | 647          |
|    hard/truncated_rate    | 0.035        |
|    medium/damage_mean     | 0.691        |
|    medium/ep_len_mean     | 74.3         |
|    medium/ep_rew_mean     | 2.09         |
|    medium/episodes_window | 200          |
|    medium/p_damage_ge_90  | 0.16         |
|    medium/p_stars_ge_2    | 0.585        |
|    medium/score_mean      | 2.17         |
|    medium/stars_mean      | 1.48         |
|    medium/ticks_mean      | 739          |
|    medium/truncated_rate  | 0.165        |
| rollout/                  |              |
|    ep_len_mean            | 68.5         |
|    ep_rew_mean            | 1.08         |
| throughput/               |              |
|    env_steps_per_sec      | 264          |
|    episodes_per_sec       | 4.12         |
| time/                     |              |
|    fps                    | 256          |
|    iterations             | 59           |
|    time_elapsed           | 11302        |
|    total_timesteps        | 2899968      |
| train/                    |              |
|    approx_kl              | 0.0124400845 |
|    clip_fraction          | 0.131        |
|    clip_range             | 0.2          |
|    entropy_loss           | -5.05        |
|    explained_variance     | 0.906        |
|    learning_rate          | 0.0003       |
|    loss                   | -0.0356      |
|    n_updates              | 580          |
|    policy_gradient_loss   | -0.0157      |
|    value_loss             | 0.062        |
--------------------------------------------
timesteps=2900064 | env_steps/sec=88.4 | episodes/sec=1.29 | gpu_util_mean=2% gpu_util_max=4% | gpu_mem_mean=2.3/47.8GB
timesteps=2901504 | env_steps/sec=279.7 | episodes/sec=5.44 | gpu_util_mean=1% gpu_util_max=1% | gpu_mem_mean=2.3/47.8GB
timesteps=2902944 | env_steps/sec=286.5 | episodes/sec=3.38 | gpu_util_mean=0% gpu_util_max=1% | gpu_mem_mean=2.3/47.8GB
timesteps=2904384 | env_steps/sec=272.7 | episodes/sec=3.79 | gpu_util_mean=0% gpu_util_max=1% | gpu_mem_mean=2.3/47.8GB
timesteps=2905824 | env_steps/sec=280.2 | episodes/sec=3.89 | gpu_util_mean=0% gpu_util_max=1% | gpu_mem_mean=2.3/47.8GB
timesteps=2907264 | env_steps/sec=277.2 | episodes/sec=4.81 | gpu_util_mean=0% gpu_util_max=1% | gpu_mem_mean=2.3/47.8GB
timesteps=2908704 | env_steps/sec=273.2 | episodes/sec=4.55 | gpu_util_mean=1% gpu_util_max=1% | gpu_mem_mean=2.3/47.8GB
timesteps=2910240 | env_steps/sec=289.6 | episodes/sec=3.21 | gpu_util_mean=0% gpu_util_max=0% | gpu_mem_mean=2.3/47.8GB
timesteps=2911680 | env_steps/sec=284.3 | episodes/sec=4.34 | gpu_util_mean=18% gpu_util_max=37% | gpu_mem_mean=2.3/47.8GB
timesteps=2913120 | env_steps/sec=283.5 | episodes/sec=3.54 | gpu_util_mean=0% gpu_util_max=0% | gpu_mem_mean=2.3/47.8GB
timesteps=2914656 | env_steps/sec=304.1 | episodes/sec=5.35 | gpu_util_mean=0% gpu_util_max=1% | gpu_mem_mean=2.3/47.8GB
timesteps=2916096 | env_steps/sec=285.6 | episodes/sec=3.77 | gpu_util_mean=0% gpu_util_max=1% | gpu_mem_mean=2.3/47.8GB
timesteps=2917536 | env_steps/sec=274.3 | episodes/sec=3.62 | gpu_util_mean=0% gpu_util_max=1% | gpu_mem_mean=2.3/47.8GB
timesteps=2918976 | env_steps/sec=281.3 | episodes/sec=3.52 | gpu_util_mean=1% gpu_util_max=1% | gpu_mem_mean=2.3/47.8GB
timesteps=2920416 | env_steps/sec=271.0 | episodes/sec=5.27 | gpu_util_mean=0% gpu_util_max=1% | gpu_mem_mean=2.3/47.8GB
timesteps=2921856 | env_steps/sec=276.6 | episodes/sec=3.46 | gpu_util_mean=0% gpu_util_max=0% | gpu_mem_mean=2.3/47.8GB
timesteps=2923296 | env_steps/sec=273.0 | episodes/sec=3.22 | gpu_util_mean=0% gpu_util_max=0% | gpu_mem_mean=2.3/47.8GB
timesteps=2924736 | env_steps/sec=282.2 | episodes/sec=4.51 | gpu_util_mean=0% gpu_util_max=0% | gpu_mem_mean=2.3/47.8GB
timesteps=2926176 | env_steps/sec=267.1 | episodes/sec=4.45 | gpu_util_mean=0% gpu_util_max=0% | gpu_mem_mean=2.3/47.8GB
timesteps=2927616 | env_steps/sec=283.8 | episodes/sec=3.35 | gpu_util_mean=0% gpu_util_max=1% | gpu_mem_mean=2.3/47.8GB
timesteps=2928960 | env_steps/sec=267.3 | episodes/sec=3.38 | gpu_util_mean=0% gpu_util_max=0% | gpu_mem_mean=2.3/47.8GB
timesteps=2930400 | env_steps/sec=269.9 | episodes/sec=4.12 | gpu_util_mean=0% gpu_util_max=0% | gpu_mem_mean=2.3/47.8GB
timesteps=2931744 | env_steps/sec=263.0 | episodes/sec=4.50 | gpu_util_mean=0% gpu_util_max=0% | gpu_mem_mean=2.3/47.8GB
timesteps=2933280 | env_steps/sec=287.7 | episodes/sec=4.31 | gpu_util_mean=0% gpu_util_max=0% | gpu_mem_mean=2.3/47.8GB
timesteps=2934624 | env_steps/sec=262.1 | episodes/sec=2.53 | gpu_util_mean=0% gpu_util_max=0% | gpu_mem_mean=2.3/47.8GB
timesteps=2936160 | env_steps/sec=291.4 | episodes/sec=4.36 | gpu_util_mean=0% gpu_util_max=0% | gpu_mem_mean=2.3/47.8GB
timesteps=2937600 | env_steps/sec=279.3 | episodes/sec=4.46 | gpu_util_mean=0% gpu_util_max=0% | gpu_mem_mean=2.3/47.8GB
timesteps=2939040 | env_steps/sec=279.3 | episodes/sec=5.04 | gpu_util_mean=0% gpu_util_max=0% | gpu_mem_mean=2.3/47.8GB
timesteps=2940384 | env_steps/sec=262.4 | episodes/sec=2.73 | gpu_util_mean=0% gpu_util_max=0% | gpu_mem_mean=2.3/47.8GB
timesteps=2941824 | env_steps/sec=286.4 | episodes/sec=3.78 | gpu_util_mean=0% gpu_util_max=1% | gpu_mem_mean=2.3/47.8GB
timesteps=2943168 | env_steps/sec=259.7 | episodes/sec=3.86 | gpu_util_mean=0% gpu_util_max=0% | gpu_mem_mean=2.3/47.8GB
timesteps=2944608 | env_steps/sec=281.4 | episodes/sec=3.91 | gpu_util_mean=1% gpu_util_max=1% | gpu_mem_mean=2.3/47.8GB
timesteps=2946048 | env_steps/sec=276.4 | episodes/sec=5.57 | gpu_util_mean=0% gpu_util_max=0% | gpu_mem_mean=2.3/47.8GB
timesteps=2947488 | env_steps/sec=268.8 | episodes/sec=2.80 | gpu_util_mean=0% gpu_util_max=0% | gpu_mem_mean=2.3/47.8GB
timesteps=2948928 | env_steps/sec=267.2 | episodes/sec=3.34 | gpu_util_mean=0% gpu_util_max=0% | gpu_mem_mean=2.3/47.8GB
-------------------------------------------
| gpu/                      |             |
|    gpu_count              | 2           |
|    gpu_mem_total_gb_mean  | 47.8        |
|    gpu_mem_used_gb_mean   | 2.33        |
|    gpu_util_pct_max       | 0           |
|    gpu_util_pct_mean      | 0           |
| profile/                  |             |
|    hard/damage_mean       | 0.245       |
|    hard/ep_len_mean       | 64.4        |
|    hard/ep_rew_mean       | 0.191       |
|    hard/episodes_window   | 200         |
|    hard/p_damage_ge_90    | 0           |
|    hard/p_stars_ge_2      | 0.005       |
|    hard/score_mean        | 0.255       |
|    hard/stars_mean        | 0.01        |
|    hard/ticks_mean        | 640         |
|    hard/truncated_rate    | 0.04        |
|    medium/damage_mean     | 0.695       |
|    medium/ep_len_mean     | 74.5        |
|    medium/ep_rew_mean     | 2.1         |
|    medium/episodes_window | 200         |
|    medium/p_damage_ge_90  | 0.18        |
|    medium/p_stars_ge_2    | 0.57        |
|    medium/score_mean      | 2.17        |
|    medium/stars_mean      | 1.48        |
|    medium/ticks_mean      | 742         |
|    medium/truncated_rate  | 0.195       |
| rollout/                  |             |
|    ep_len_mean            | 68.5        |
|    ep_rew_mean            | 1.18        |
| throughput/               |             |
|    env_steps_per_sec      | 267         |
|    episodes_per_sec       | 3.34        |
| time/                     |             |
|    fps                    | 256         |
|    iterations             | 60          |
|    time_elapsed           | 11486       |
|    total_timesteps        | 2949120     |
| train/                    |             |
|    approx_kl              | 0.012119211 |
|    clip_fraction          | 0.139       |
|    clip_range             | 0.2         |
|    entropy_loss           | -5.06       |
|    explained_variance     | 0.922       |
|    learning_rate          | 0.0003      |
|    loss                   | -0.0452     |
|    n_updates              | 590         |
|    policy_gradient_loss   | -0.0173     |
|    value_loss             | 0.0709      |
-------------------------------------------
timesteps=2949216 | env_steps/sec=36.3 | episodes/sec=0.50 | gpu_util_mean=15% gpu_util_max=30% | gpu_mem_mean=2.3/47.8GB
timesteps=2950848 | env_steps/sec=295.2 | episodes/sec=5.06 | gpu_util_mean=0% gpu_util_max=1% | gpu_mem_mean=2.3/47.8GB
timesteps=2952288 | env_steps/sec=270.1 | episodes/sec=4.13 | gpu_util_mean=0% gpu_util_max=1% | gpu_mem_mean=2.3/47.8GB
timesteps=2953728 | env_steps/sec=274.2 | episodes/sec=4.00 | gpu_util_mean=0% gpu_util_max=1% | gpu_mem_mean=2.3/47.8GB
timesteps=2955168 | env_steps/sec=279.3 | episodes/sec=3.30 | gpu_util_mean=0% gpu_util_max=0% | gpu_mem_mean=2.3/47.8GB
timesteps=2956512 | env_steps/sec=261.6 | episodes/sec=4.48 | gpu_util_mean=0% gpu_util_max=1% | gpu_mem_mean=2.3/47.8GB
timesteps=2958048 | env_steps/sec=306.1 | episodes/sec=4.18 | gpu_util_mean=0% gpu_util_max=0% | gpu_mem_mean=2.3/47.8GB
timesteps=2959584 | env_steps/sec=290.4 | episodes/sec=3.97 | gpu_util_mean=0% gpu_util_max=1% | gpu_mem_mean=2.3/47.8GB
timesteps=2961216 | env_steps/sec=322.8 | episodes/sec=4.95 | gpu_util_mean=16% gpu_util_max=32% | gpu_mem_mean=2.3/47.8GB
timesteps=2962752 | env_steps/sec=297.0 | episodes/sec=5.41 | gpu_util_mean=16% gpu_util_max=33% | gpu_mem_mean=2.3/47.8GB
timesteps=2964192 | env_steps/sec=269.5 | episodes/sec=2.81 | gpu_util_mean=0% gpu_util_max=0% | gpu_mem_mean=2.3/47.8GB
timesteps=2965632 | env_steps/sec=268.7 | episodes/sec=4.10 | gpu_util_mean=0% gpu_util_max=0% | gpu_mem_mean=2.3/47.8GB
timesteps=2967072 | env_steps/sec=285.5 | episodes/sec=3.37 | gpu_util_mean=0% gpu_util_max=0% | gpu_mem_mean=2.3/47.8GB
timesteps=2968416 | env_steps/sec=268.5 | episodes/sec=5.19 | gpu_util_mean=0% gpu_util_max=1% | gpu_mem_mean=2.3/47.8GB
timesteps=2969664 | env_steps/sec=249.4 | episodes/sec=3.60 | gpu_util_mean=0% gpu_util_max=1% | gpu_mem_mean=2.3/47.8GB
timesteps=2971104 | env_steps/sec=276.5 | episodes/sec=3.65 | gpu_util_mean=0% gpu_util_max=0% | gpu_mem_mean=2.3/47.8GB
timesteps=2972448 | env_steps/sec=265.5 | episodes/sec=3.56 | gpu_util_mean=0% gpu_util_max=0% | gpu_mem_mean=2.3/47.8GB
timesteps=2973792 | env_steps/sec=266.2 | episodes/sec=3.37 | gpu_util_mean=1% gpu_util_max=1% | gpu_mem_mean=2.3/47.8GB
timesteps=2975328 | env_steps/sec=290.5 | episodes/sec=4.92 | gpu_util_mean=0% gpu_util_max=0% | gpu_mem_mean=2.3/47.8GB
timesteps=2976672 | env_steps/sec=268.0 | episodes/sec=4.39 | gpu_util_mean=0% gpu_util_max=0% | gpu_mem_mean=2.3/47.8GB
timesteps=2978112 | env_steps/sec=286.3 | episodes/sec=3.98 | gpu_util_mean=0% gpu_util_max=0% | gpu_mem_mean=2.3/47.8GB
timesteps=2979456 | env_steps/sec=250.7 | episodes/sec=3.36 | gpu_util_mean=0% gpu_util_max=0% | gpu_mem_mean=2.3/47.8GB
timesteps=2980896 | env_steps/sec=281.1 | episodes/sec=3.90 | gpu_util_mean=0% gpu_util_max=1% | gpu_mem_mean=2.3/47.8GB
timesteps=2982336 | env_steps/sec=282.4 | episodes/sec=4.71 | gpu_util_mean=0% gpu_util_max=0% | gpu_mem_mean=2.3/47.8GB
timesteps=2983680 | env_steps/sec=267.5 | episodes/sec=4.38 | gpu_util_mean=0% gpu_util_max=1% | gpu_mem_mean=2.3/47.8GB
timesteps=2984928 | env_steps/sec=249.3 | episodes/sec=2.80 | gpu_util_mean=0% gpu_util_max=1% | gpu_mem_mean=2.3/47.8GB
timesteps=2986368 | env_steps/sec=281.9 | episodes/sec=3.33 | gpu_util_mean=0% gpu_util_max=1% | gpu_mem_mean=2.3/47.8GB
timesteps=2987808 | env_steps/sec=276.9 | episodes/sec=5.19 | gpu_util_mean=0% gpu_util_max=0% | gpu_mem_mean=2.3/47.8GB
timesteps=2989248 | env_steps/sec=282.2 | episodes/sec=3.72 | gpu_util_mean=0% gpu_util_max=0% | gpu_mem_mean=2.3/47.8GB
timesteps=2990688 | env_steps/sec=285.8 | episodes/sec=5.16 | gpu_util_mean=0% gpu_util_max=1% | gpu_mem_mean=2.3/47.8GB
timesteps=2992128 | env_steps/sec=282.4 | episodes/sec=3.53 | gpu_util_mean=0% gpu_util_max=0% | gpu_mem_mean=2.3/47.8GB
timesteps=2993472 | env_steps/sec=268.1 | episodes/sec=4.19 | gpu_util_mean=0% gpu_util_max=0% | gpu_mem_mean=2.3/47.8GB
timesteps=2994912 | env_steps/sec=279.5 | episodes/sec=3.69 | gpu_util_mean=0% gpu_util_max=0% | gpu_mem_mean=2.3/47.8GB
timesteps=2996352 | env_steps/sec=275.5 | episodes/sec=3.63 | gpu_util_mean=0% gpu_util_max=0% | gpu_mem_mean=2.3/47.8GB
timesteps=2997696 | env_steps/sec=264.2 | episodes/sec=4.52 | gpu_util_mean=0% gpu_util_max=0% | gpu_mem_mean=2.3/47.8GB
-------------------------------------------
| gpu/                      |             |
|    gpu_count              | 2           |
|    gpu_mem_total_gb_mean  | 47.8        |
|    gpu_mem_used_gb_mean   | 2.33        |
|    gpu_util_pct_max       | 0           |
|    gpu_util_pct_mean      | 0           |
| profile/                  |             |
|    hard/damage_mean       | 0.239       |
|    hard/ep_len_mean       | 63.8        |
|    hard/ep_rew_mean       | 0.195       |
|    hard/episodes_window   | 200         |
|    hard/p_damage_ge_90    | 0           |
|    hard/p_stars_ge_2      | 0.005       |
|    hard/score_mean        | 0.259       |
|    hard/stars_mean        | 0.02        |
|    hard/ticks_mean        | 634         |
|    hard/truncated_rate    | 0.035       |
|    medium/damage_mean     | 0.696       |
|    medium/ep_len_mean     | 74.1        |
|    medium/ep_rew_mean     | 2.09        |
|    medium/episodes_window | 200         |
|    medium/p_damage_ge_90  | 0.215       |
|    medium/p_stars_ge_2    | 0.575       |
|    medium/score_mean      | 2.17        |
|    medium/stars_mean      | 1.47        |
|    medium/ticks_mean      | 738         |
|    medium/truncated_rate  | 0.175       |
| rollout/                  |             |
|    ep_len_mean            | 67.7        |
|    ep_rew_mean            | 1.03        |
| throughput/               |             |
|    env_steps_per_sec      | 264         |
|    episodes_per_sec       | 4.52        |
| time/                     |             |
|    fps                    | 256         |
|    iterations             | 61          |
|    time_elapsed           | 11671       |
|    total_timesteps        | 2998272     |
| train/                    |             |
|    approx_kl              | 0.014737071 |
|    clip_fraction          | 0.163       |
|    clip_range             | 0.2         |
|    entropy_loss           | -5.08       |
|    explained_variance     | 0.924       |
|    learning_rate          | 0.0003      |
|    loss                   | -0.0512     |
|    n_updates              | 600         |
|    policy_gradient_loss   | -0.0188     |
|    value_loss             | 0.0654      |
-------------------------------------------
timesteps=2998368 | env_steps/sec=70.4 | episodes/sec=0.42 | gpu_util_mean=0% gpu_util_max=0% | gpu_mem_mean=2.3/47.8GB
timesteps=2999712 | env_steps/sec=255.8 | episodes/sec=4.00 | gpu_util_mean=0% gpu_util_max=0% | gpu_mem_mean=2.3/47.8GB
timesteps=3001152 | env_steps/sec=287.3 | episodes/sec=4.39 | gpu_util_mean=0% gpu_util_max=1% | gpu_mem_mean=2.3/47.8GB
timesteps=3002496 | env_steps/sec=258.6 | episodes/sec=3.85 | gpu_util_mean=0% gpu_util_max=0% | gpu_mem_mean=2.3/47.8GB
timesteps=3003936 | env_steps/sec=274.5 | episodes/sec=4.19 | gpu_util_mean=0% gpu_util_max=1% | gpu_mem_mean=2.3/47.8GB
timesteps=3005376 | env_steps/sec=281.8 | episodes/sec=4.11 | gpu_util_mean=0% gpu_util_max=0% | gpu_mem_mean=2.3/47.8GB
timesteps=3007008 | env_steps/sec=303.9 | episodes/sec=3.91 | gpu_util_mean=0% gpu_util_max=0% | gpu_mem_mean=2.3/47.8GB
timesteps=3008352 | env_steps/sec=253.2 | episodes/sec=3.58 | gpu_util_mean=0% gpu_util_max=0% | gpu_mem_mean=2.3/47.8GB
timesteps=3009792 | env_steps/sec=276.8 | episodes/sec=4.81 | gpu_util_mean=0% gpu_util_max=0% | gpu_mem_mean=2.3/47.8GB
timesteps=3011136 | env_steps/sec=254.9 | episodes/sec=3.41 | gpu_util_mean=18% gpu_util_max=36% | gpu_mem_mean=2.3/47.8GB
timesteps=3012480 | env_steps/sec=258.5 | episodes/sec=3.27 | gpu_util_mean=0% gpu_util_max=1% | gpu_mem_mean=2.3/47.8GB
timesteps=3013920 | env_steps/sec=276.4 | episodes/sec=4.22 | gpu_util_mean=0% gpu_util_max=1% | gpu_mem_mean=2.3/47.8GB
timesteps=3015168 | env_steps/sec=236.2 | episodes/sec=4.73 | gpu_util_mean=0% gpu_util_max=1% | gpu_mem_mean=2.3/47.8GB
timesteps=3016512 | env_steps/sec=261.7 | episodes/sec=3.89 | gpu_util_mean=0% gpu_util_max=0% | gpu_mem_mean=2.3/47.8GB
timesteps=3017856 | env_steps/sec=268.0 | episodes/sec=2.79 | gpu_util_mean=0% gpu_util_max=1% | gpu_mem_mean=2.3/47.8GB
timesteps=3019200 | env_steps/sec=260.5 | episodes/sec=4.26 | gpu_util_mean=0% gpu_util_max=0% | gpu_mem_mean=2.3/47.8GB
timesteps=3020544 | env_steps/sec=262.5 | episodes/sec=3.52 | gpu_util_mean=0% gpu_util_max=0% | gpu_mem_mean=2.3/47.8GB
timesteps=3021984 | env_steps/sec=286.7 | episodes/sec=4.78 | gpu_util_mean=0% gpu_util_max=1% | gpu_mem_mean=2.3/47.8GB
timesteps=3023424 | env_steps/sec=276.3 | episodes/sec=3.26 | gpu_util_mean=0% gpu_util_max=0% | gpu_mem_mean=2.3/47.8GB
timesteps=3024864 | env_steps/sec=266.9 | episodes/sec=4.26 | gpu_util_mean=0% gpu_util_max=1% | gpu_mem_mean=2.3/47.8GB
timesteps=3026112 | env_steps/sec=248.9 | episodes/sec=4.19 | gpu_util_mean=0% gpu_util_max=0% | gpu_mem_mean=2.3/47.8GB
timesteps=3027552 | env_steps/sec=275.6 | episodes/sec=4.02 | gpu_util_mean=0% gpu_util_max=0% | gpu_mem_mean=2.3/47.8GB
timesteps=3028896 | env_steps/sec=262.4 | episodes/sec=3.12 | gpu_util_mean=0% gpu_util_max=0% | gpu_mem_mean=2.3/47.8GB
timesteps=3030432 | env_steps/sec=292.3 | episodes/sec=4.00 | gpu_util_mean=0% gpu_util_max=0% | gpu_mem_mean=2.3/47.8GB
timesteps=3031776 | env_steps/sec=257.9 | episodes/sec=4.99 | gpu_util_mean=0% gpu_util_max=1% | gpu_mem_mean=2.3/47.8GB
timesteps=3033216 | env_steps/sec=284.4 | episodes/sec=3.95 | gpu_util_mean=0% gpu_util_max=1% | gpu_mem_mean=2.3/47.8GB
timesteps=3034560 | env_steps/sec=262.1 | episodes/sec=3.70 | gpu_util_mean=0% gpu_util_max=0% | gpu_mem_mean=2.3/47.8GB
timesteps=3036000 | env_steps/sec=286.1 | episodes/sec=2.78 | gpu_util_mean=0% gpu_util_max=0% | gpu_mem_mean=2.3/47.8GB
timesteps=3037440 | env_steps/sec=278.4 | episodes/sec=4.83 | gpu_util_mean=0% gpu_util_max=0% | gpu_mem_mean=2.3/47.8GB
timesteps=3038880 | env_steps/sec=287.5 | episodes/sec=4.59 | gpu_util_mean=0% gpu_util_max=1% | gpu_mem_mean=2.3/47.8GB
timesteps=3040224 | env_steps/sec=262.6 | episodes/sec=3.71 | gpu_util_mean=0% gpu_util_max=0% | gpu_mem_mean=2.3/47.8GB
timesteps=3041664 | env_steps/sec=277.6 | episodes/sec=4.05 | gpu_util_mean=1% gpu_util_max=1% | gpu_mem_mean=2.3/47.8GB
timesteps=3043008 | env_steps/sec=261.0 | episodes/sec=4.08 | gpu_util_mean=0% gpu_util_max=1% | gpu_mem_mean=2.3/47.8GB
timesteps=3044448 | env_steps/sec=283.0 | episodes/sec=3.54 | gpu_util_mean=0% gpu_util_max=0% | gpu_mem_mean=2.3/47.8GB
timesteps=3045888 | env_steps/sec=287.0 | episodes/sec=3.79 | gpu_util_mean=0% gpu_util_max=1% | gpu_mem_mean=2.3/47.8GB
timesteps=3047424 | env_steps/sec=288.9 | episodes/sec=3.95 | gpu_util_mean=0% gpu_util_max=1% | gpu_mem_mean=2.3/47.8GB
--------------------------------------------
| gpu/                      |              |
|    gpu_count              | 2            |
|    gpu_mem_total_gb_mean  | 47.8         |
|    gpu_mem_used_gb_mean   | 2.33         |
|    gpu_util_pct_max       | 1            |
|    gpu_util_pct_mean      | 0.5          |
| profile/                  |              |
|    hard/damage_mean       | 0.252        |
|    hard/ep_len_mean       | 64           |
|    hard/ep_rew_mean       | 0.214        |
|    hard/episodes_window   | 200          |
|    hard/p_damage_ge_90    | 0            |
|    hard/p_stars_ge_2      | 0.01         |
|    hard/score_mean        | 0.277        |
|    hard/stars_mean        | 0.025        |
|    hard/ticks_mean        | 635          |
|    hard/truncated_rate    | 0.02         |
|    medium/damage_mean     | 0.694        |
|    medium/ep_len_mean     | 73.6         |
|    medium/ep_rew_mean     | 2.08         |
|    medium/episodes_window | 200          |
|    medium/p_damage_ge_90  | 0.215        |
|    medium/p_stars_ge_2    | 0.55         |
|    medium/score_mean      | 2.15         |
|    medium/stars_mean      | 1.46         |
|    medium/ticks_mean      | 732          |
|    medium/truncated_rate  | 0.16         |
| rollout/                  |              |
|    ep_len_mean            | 68.4         |
|    ep_rew_mean            | 1.09         |
| throughput/               |              |
|    env_steps_per_sec      | 289          |
|    episodes_per_sec       | 3.95         |
| time/                     |              |
|    fps                    | 256          |
|    iterations             | 62           |
|    time_elapsed           | 11859        |
|    total_timesteps        | 3047424      |
| train/                    |              |
|    approx_kl              | 0.0125533445 |
|    clip_fraction          | 0.135        |
|    clip_range             | 0.2          |
|    entropy_loss           | -5.12        |
|    explained_variance     | 0.914        |
|    learning_rate          | 0.0003       |
|    loss                   | -0.051       |
|    n_updates              | 610          |
|    policy_gradient_loss   | -0.018       |
|    value_loss             | 0.0638       |
--------------------------------------------
timesteps=3047520 | env_steps/sec=13.3 | episodes/sec=0.14 | gpu_util_mean=0% gpu_util_max=0% | gpu_mem_mean=2.3/47.8GB
timesteps=3049056 | env_steps/sec=288.1 | episodes/sec=6.38 | gpu_util_mean=0% gpu_util_max=0% | gpu_mem_mean=2.3/47.8GB
timesteps=3050496 | env_steps/sec=277.2 | episodes/sec=3.47 | gpu_util_mean=0% gpu_util_max=1% | gpu_mem_mean=2.3/47.8GB
timesteps=3052128 | env_steps/sec=313.5 | episodes/sec=2.30 | gpu_util_mean=0% gpu_util_max=0% | gpu_mem_mean=2.3/47.8GB
timesteps=3053664 | env_steps/sec=292.0 | episodes/sec=5.13 | gpu_util_mean=0% gpu_util_max=0% | gpu_mem_mean=2.3/47.8GB
timesteps=3055104 | env_steps/sec=272.2 | episodes/sec=5.10 | gpu_util_mean=0% gpu_util_max=0% | gpu_mem_mean=2.3/47.8GB
timesteps=3056544 | env_steps/sec=273.4 | episodes/sec=4.18 | gpu_util_mean=0% gpu_util_max=0% | gpu_mem_mean=2.3/47.8GB
timesteps=3057792 | env_steps/sec=249.4 | episodes/sec=3.00 | gpu_util_mean=0% gpu_util_max=1% | gpu_mem_mean=2.3/47.8GB
timesteps=3059232 | env_steps/sec=279.1 | episodes/sec=2.71 | gpu_util_mean=0% gpu_util_max=0% | gpu_mem_mean=2.3/47.8GB
timesteps=3060768 | env_steps/sec=296.7 | episodes/sec=4.64 | gpu_util_mean=18% gpu_util_max=35% | gpu_mem_mean=2.3/47.8GB
timesteps=3062304 | env_steps/sec=298.8 | episodes/sec=5.06 | gpu_util_mean=0% gpu_util_max=0% | gpu_mem_mean=2.3/47.8GB
timesteps=3063648 | env_steps/sec=265.4 | episodes/sec=4.94 | gpu_util_mean=0% gpu_util_max=0% | gpu_mem_mean=2.3/47.8GB
timesteps=3064992 | env_steps/sec=266.1 | episodes/sec=2.18 | gpu_util_mean=0% gpu_util_max=0% | gpu_mem_mean=2.3/47.8GB
timesteps=3066432 | env_steps/sec=275.6 | episodes/sec=4.59 | gpu_util_mean=0% gpu_util_max=0% | gpu_mem_mean=2.3/47.8GB
timesteps=3067776 | env_steps/sec=248.0 | episodes/sec=3.51 | gpu_util_mean=0% gpu_util_max=1% | gpu_mem_mean=2.3/47.8GB
timesteps=3069216 | env_steps/sec=281.9 | episodes/sec=4.50 | gpu_util_mean=0% gpu_util_max=1% | gpu_mem_mean=2.3/47.8GB
timesteps=3070656 | env_steps/sec=282.8 | episodes/sec=2.95 | gpu_util_mean=0% gpu_util_max=0% | gpu_mem_mean=2.3/47.8GB
timesteps=3072096 | env_steps/sec=268.7 | episodes/sec=4.66 | gpu_util_mean=0% gpu_util_max=0% | gpu_mem_mean=2.3/47.8GB
timesteps=3073536 | env_steps/sec=280.6 | episodes/sec=3.51 | gpu_util_mean=0% gpu_util_max=0% | gpu_mem_mean=2.3/47.8GB
timesteps=3074880 | env_steps/sec=263.9 | episodes/sec=4.32 | gpu_util_mean=0% gpu_util_max=1% | gpu_mem_mean=2.3/47.8GB
timesteps=3076416 | env_steps/sec=285.1 | episodes/sec=4.08 | gpu_util_mean=0% gpu_util_max=0% | gpu_mem_mean=2.3/47.8GB
timesteps=3077952 | env_steps/sec=298.3 | episodes/sec=4.85 | gpu_util_mean=0% gpu_util_max=0% | gpu_mem_mean=2.3/47.8GB
timesteps=3079392 | env_steps/sec=283.0 | episodes/sec=3.73 | gpu_util_mean=1% gpu_util_max=1% | gpu_mem_mean=2.3/47.8GB
timesteps=3080832 | env_steps/sec=284.4 | episodes/sec=4.54 | gpu_util_mean=0% gpu_util_max=0% | gpu_mem_mean=2.3/47.8GB
timesteps=3082176 | env_steps/sec=259.6 | episodes/sec=2.70 | gpu_util_mean=0% gpu_util_max=0% | gpu_mem_mean=2.3/47.8GB
timesteps=3083616 | env_steps/sec=287.0 | episodes/sec=4.39 | gpu_util_mean=1% gpu_util_max=1% | gpu_mem_mean=2.3/47.8GB
timesteps=3085056 | env_steps/sec=266.6 | episodes/sec=4.81 | gpu_util_mean=0% gpu_util_max=1% | gpu_mem_mean=2.3/47.8GB
timesteps=3086496 | env_steps/sec=283.1 | episodes/sec=3.15 | gpu_util_mean=0% gpu_util_max=0% | gpu_mem_mean=2.3/47.8GB
timesteps=3087936 | env_steps/sec=277.1 | episodes/sec=4.43 | gpu_util_mean=0% gpu_util_max=0% | gpu_mem_mean=2.3/47.8GB
timesteps=3089376 | env_steps/sec=276.8 | episodes/sec=3.27 | gpu_util_mean=0% gpu_util_max=0% | gpu_mem_mean=2.3/47.8GB
timesteps=3090816 | env_steps/sec=268.1 | episodes/sec=4.47 | gpu_util_mean=0% gpu_util_max=1% | gpu_mem_mean=2.3/47.8GB
timesteps=3092160 | env_steps/sec=262.2 | episodes/sec=4.88 | gpu_util_mean=0% gpu_util_max=0% | gpu_mem_mean=2.3/47.8GB
timesteps=3093600 | env_steps/sec=274.4 | episodes/sec=3.24 | gpu_util_mean=0% gpu_util_max=0% | gpu_mem_mean=2.3/47.8GB
timesteps=3095040 | env_steps/sec=280.5 | episodes/sec=3.51 | gpu_util_mean=1% gpu_util_max=1% | gpu_mem_mean=2.3/47.8GB
timesteps=3096480 | env_steps/sec=281.3 | episodes/sec=4.88 | gpu_util_mean=0% gpu_util_max=0% | gpu_mem_mean=2.3/47.8GB
-------------------------------------------
| gpu/                      |             |
|    gpu_count              | 2           |
|    gpu_mem_total_gb_mean  | 47.8        |
|    gpu_mem_used_gb_mean   | 2.33        |
|    gpu_util_pct_max       | 0           |
|    gpu_util_pct_mean      | 0           |
| profile/                  |             |
|    hard/damage_mean       | 0.246       |
|    hard/ep_len_mean       | 65.8        |
|    hard/ep_rew_mean       | 0.181       |
|    hard/episodes_window   | 200         |
|    hard/p_damage_ge_90    | 0           |
|    hard/p_stars_ge_2      | 0           |
|    hard/score_mean        | 0.246       |
|    hard/stars_mean        | 0           |
|    hard/ticks_mean        | 653         |
|    hard/truncated_rate    | 0.03        |
|    medium/damage_mean     | 0.679       |
|    medium/ep_len_mean     | 72.7        |
|    medium/ep_rew_mean     | 2.03        |
|    medium/episodes_window | 200         |
|    medium/p_damage_ge_90  | 0.145       |
|    medium/p_stars_ge_2    | 0.55        |
|    medium/score_mean      | 2.1         |
|    medium/stars_mean      | 1.43        |
|    medium/ticks_mean      | 723         |
|    medium/truncated_rate  | 0.14        |
| rollout/                  |             |
|    ep_len_mean            | 68.4        |
|    ep_rew_mean            | 1.12        |
| throughput/               |             |
|    env_steps_per_sec      | 281         |
|    episodes_per_sec       | 4.88        |
| time/                     |             |
|    fps                    | 257         |
|    iterations             | 63          |
|    time_elapsed           | 12043       |
|    total_timesteps        | 3096576     |
| train/                    |             |
|    approx_kl              | 0.013707277 |
|    clip_fraction          | 0.157       |
|    clip_range             | 0.2         |
|    entropy_loss           | -5.15       |
|    explained_variance     | 0.904       |
|    learning_rate          | 0.0003      |
|    loss                   | -0.0505     |
|    n_updates              | 620         |
|    policy_gradient_loss   | -0.0184     |
|    value_loss             | 0.0575      |
-------------------------------------------
timesteps=3096672 | env_steps/sec=24.8 | episodes/sec=0.65 | gpu_util_mean=0% gpu_util_max=1% | gpu_mem_mean=2.3/47.8GB
timesteps=3098208 | env_steps/sec=301.4 | episodes/sec=4.12 | gpu_util_mean=0% gpu_util_max=1% | gpu_mem_mean=2.3/47.8GB
timesteps=3099648 | env_steps/sec=283.0 | episodes/sec=3.93 | gpu_util_mean=0% gpu_util_max=0% | gpu_mem_mean=2.3/47.8GB
timesteps=3100992 | env_steps/sec=265.9 | episodes/sec=3.76 | gpu_util_mean=0% gpu_util_max=0% | gpu_mem_mean=2.3/47.8GB
timesteps=3102240 | env_steps/sec=246.0 | episodes/sec=3.75 | gpu_util_mean=0% gpu_util_max=0% | gpu_mem_mean=2.3/47.8GB
timesteps=3103584 | env_steps/sec=267.3 | episodes/sec=4.18 | gpu_util_mean=0% gpu_util_max=0% | gpu_mem_mean=2.3/47.8GB
timesteps=3104928 | env_steps/sec=255.4 | episodes/sec=3.61 | gpu_util_mean=0% gpu_util_max=1% | gpu_mem_mean=2.3/47.8GB
timesteps=3106272 | env_steps/sec=254.5 | episodes/sec=2.65 | gpu_util_mean=0% gpu_util_max=0% | gpu_mem_mean=2.3/47.8GB
timesteps=3107616 | env_steps/sec=254.8 | episodes/sec=4.74 | gpu_util_mean=0% gpu_util_max=1% | gpu_mem_mean=2.3/47.8GB
timesteps=3109152 | env_steps/sec=301.2 | episodes/sec=5.10 | gpu_util_mean=18% gpu_util_max=36% | gpu_mem_mean=2.3/47.8GB
timesteps=3110592 | env_steps/sec=280.1 | episodes/sec=3.89 | gpu_util_mean=0% gpu_util_max=1% | gpu_mem_mean=2.3/47.8GB
timesteps=3111936 | env_steps/sec=261.0 | episodes/sec=2.72 | gpu_util_mean=0% gpu_util_max=1% | gpu_mem_mean=2.3/47.8GB
timesteps=3113280 | env_steps/sec=255.6 | episodes/sec=3.80 | gpu_util_mean=0% gpu_util_max=1% | gpu_mem_mean=2.3/47.8GB
timesteps=3114720 | env_steps/sec=279.9 | episodes/sec=5.25 | gpu_util_mean=0% gpu_util_max=0% | gpu_mem_mean=2.3/47.8GB
timesteps=3115968 | env_steps/sec=242.2 | episodes/sec=2.72 | gpu_util_mean=0% gpu_util_max=0% | gpu_mem_mean=2.3/47.8GB
timesteps=3117408 | env_steps/sec=271.6 | episodes/sec=4.34 | gpu_util_mean=0% gpu_util_max=0% | gpu_mem_mean=2.3/47.8GB
timesteps=3118752 | env_steps/sec=260.6 | episodes/sec=3.88 | gpu_util_mean=0% gpu_util_max=1% | gpu_mem_mean=2.3/47.8GB
timesteps=3120192 | env_steps/sec=275.7 | episodes/sec=4.21 | gpu_util_mean=0% gpu_util_max=1% | gpu_mem_mean=2.3/47.8GB
timesteps=3121632 | env_steps/sec=277.0 | episodes/sec=3.46 | gpu_util_mean=0% gpu_util_max=1% | gpu_mem_mean=2.3/47.8GB
timesteps=3122976 | env_steps/sec=255.8 | episodes/sec=4.38 | gpu_util_mean=0% gpu_util_max=1% | gpu_mem_mean=2.3/47.8GB
timesteps=3124320 | env_steps/sec=263.1 | episodes/sec=3.33 | gpu_util_mean=0% gpu_util_max=0% | gpu_mem_mean=2.3/47.8GB
timesteps=3125856 | env_steps/sec=304.5 | episodes/sec=4.56 | gpu_util_mean=0% gpu_util_max=1% | gpu_mem_mean=2.3/47.8GB
timesteps=3127392 | env_steps/sec=285.7 | episodes/sec=3.16 | gpu_util_mean=0% gpu_util_max=0% | gpu_mem_mean=2.3/47.8GB
timesteps=3128928 | env_steps/sec=289.7 | episodes/sec=4.53 | gpu_util_mean=1% gpu_util_max=1% | gpu_mem_mean=2.3/47.8GB
timesteps=3130272 | env_steps/sec=268.1 | episodes/sec=3.59 | gpu_util_mean=1% gpu_util_max=1% | gpu_mem_mean=2.3/47.8GB
timesteps=3131712 | env_steps/sec=283.3 | episodes/sec=4.53 | gpu_util_mean=0% gpu_util_max=0% | gpu_mem_mean=2.3/47.8GB
timesteps=3133248 | env_steps/sec=289.6 | episodes/sec=4.34 | gpu_util_mean=0% gpu_util_max=0% | gpu_mem_mean=2.3/47.8GB
timesteps=3134592 | env_steps/sec=264.4 | episodes/sec=3.15 | gpu_util_mean=0% gpu_util_max=0% | gpu_mem_mean=2.3/47.8GB
timesteps=3135936 | env_steps/sec=268.1 | episodes/sec=3.39 | gpu_util_mean=1% gpu_util_max=1% | gpu_mem_mean=2.3/47.8GB
timesteps=3137376 | env_steps/sec=271.2 | episodes/sec=4.90 | gpu_util_mean=0% gpu_util_max=1% | gpu_mem_mean=2.3/47.8GB
timesteps=3138816 | env_steps/sec=275.5 | episodes/sec=3.64 | gpu_util_mean=0% gpu_util_max=1% | gpu_mem_mean=2.3/47.8GB
timesteps=3140160 | env_steps/sec=257.1 | episodes/sec=5.16 | gpu_util_mean=0% gpu_util_max=0% | gpu_mem_mean=2.3/47.8GB
timesteps=3141504 | env_steps/sec=264.1 | episodes/sec=2.95 | gpu_util_mean=1% gpu_util_max=1% | gpu_mem_mean=2.3/47.8GB
timesteps=3142944 | env_steps/sec=269.2 | episodes/sec=3.55 | gpu_util_mean=0% gpu_util_max=0% | gpu_mem_mean=2.3/47.8GB
timesteps=3144384 | env_steps/sec=273.0 | episodes/sec=3.41 | gpu_util_mean=0% gpu_util_max=1% | gpu_mem_mean=2.3/47.8GB
------------------------------------------
| gpu/                      |            |
|    gpu_count              | 2          |
|    gpu_mem_total_gb_mean  | 47.8       |
|    gpu_mem_used_gb_mean   | 2.33       |
|    gpu_util_pct_max       | 1          |
|    gpu_util_pct_mean      | 0.5        |
| profile/                  |            |
|    hard/damage_mean       | 0.248      |
|    hard/ep_len_mean       | 64.8       |
|    hard/ep_rew_mean       | 0.204      |
|    hard/episodes_window   | 200        |
|    hard/p_damage_ge_90    | 0          |
|    hard/p_stars_ge_2      | 0.005      |
|    hard/score_mean        | 0.268      |
|    hard/stars_mean        | 0.02       |
|    hard/ticks_mean        | 643        |
|    hard/truncated_rate    | 0.04       |
|    medium/damage_mean     | 0.682      |
|    medium/ep_len_mean     | 74.2       |
|    medium/ep_rew_mean     | 2.02       |
|    medium/episodes_window | 200        |
|    medium/p_damage_ge_90  | 0.18       |
|    medium/p_stars_ge_2    | 0.565      |
|    medium/score_mean      | 2.1        |
|    medium/stars_mean      | 1.42       |
|    medium/ticks_mean      | 738        |
|    medium/truncated_rate  | 0.17       |
| rollout/                  |            |
|    ep_len_mean            | 68.3       |
|    ep_rew_mean            | 1.01       |
| throughput/               |            |
|    env_steps_per_sec      | 273        |
|    episodes_per_sec       | 3.41       |
| time/                     |            |
|    fps                    | 257        |
|    iterations             | 64         |
|    time_elapsed           | 12231      |
|    total_timesteps        | 3145728    |
| train/                    |            |
|    approx_kl              | 0.01097253 |
|    clip_fraction          | 0.124      |
|    clip_range             | 0.2        |
|    entropy_loss           | -5.13      |
|    explained_variance     | 0.902      |
|    learning_rate          | 0.0003     |
|    loss                   | -0.0491    |
|    n_updates              | 630        |
|    policy_gradient_loss   | -0.0176    |
|    value_loss             | 0.0626     |
------------------------------------------
timesteps=3145824 | env_steps/sec=122.8 | episodes/sec=2.22 | gpu_util_mean=17% gpu_util_max=34% | gpu_mem_mean=2.3/47.8GB
timesteps=3147264 | env_steps/sec=273.8 | episodes/sec=3.42 | gpu_util_mean=0% gpu_util_max=0% | gpu_mem_mean=2.3/47.8GB
timesteps=3148704 | env_steps/sec=281.0 | episodes/sec=5.27 | gpu_util_mean=0% gpu_util_max=1% | gpu_mem_mean=2.3/47.8GB
timesteps=3149952 | env_steps/sec=247.4 | episodes/sec=2.97 | gpu_util_mean=0% gpu_util_max=0% | gpu_mem_mean=2.3/47.8GB
timesteps=3151296 | env_steps/sec=259.7 | episodes/sec=4.06 | gpu_util_mean=0% gpu_util_max=0% | gpu_mem_mean=2.3/47.8GB
timesteps=3152640 | env_steps/sec=264.6 | episodes/sec=3.35 | gpu_util_mean=0% gpu_util_max=1% | gpu_mem_mean=2.3/47.8GB
timesteps=3154080 | env_steps/sec=276.8 | episodes/sec=4.42 | gpu_util_mean=0% gpu_util_max=1% | gpu_mem_mean=2.3/47.8GB
timesteps=3155424 | env_steps/sec=255.3 | episodes/sec=3.61 | gpu_util_mean=0% gpu_util_max=0% | gpu_mem_mean=2.3/47.8GB
timesteps=3156864 | env_steps/sec=275.5 | episodes/sec=3.83 | gpu_util_mean=18% gpu_util_max=37% | gpu_mem_mean=2.3/47.8GB
timesteps=3158208 | env_steps/sec=265.0 | episodes/sec=3.55 | gpu_util_mean=6% gpu_util_max=12% | gpu_mem_mean=2.3/47.8GB
timesteps=3159648 | env_steps/sec=283.8 | episodes/sec=4.34 | gpu_util_mean=0% gpu_util_max=0% | gpu_mem_mean=2.3/47.8GB
timesteps=3161088 | env_steps/sec=273.7 | episodes/sec=3.80 | gpu_util_mean=0% gpu_util_max=0% | gpu_mem_mean=2.3/47.8GB
timesteps=3162528 | env_steps/sec=277.2 | episodes/sec=3.46 | gpu_util_mean=0% gpu_util_max=0% | gpu_mem_mean=2.3/47.8GB
timesteps=3163872 | env_steps/sec=264.7 | episodes/sec=5.32 | gpu_util_mean=1% gpu_util_max=1% | gpu_mem_mean=2.3/47.8GB
timesteps=3165216 | env_steps/sec=268.0 | episodes/sec=3.19 | gpu_util_mean=0% gpu_util_max=0% | gpu_mem_mean=2.3/47.8GB
timesteps=3166560 | env_steps/sec=265.9 | episodes/sec=3.56 | gpu_util_mean=0% gpu_util_max=1% | gpu_mem_mean=2.3/47.8GB
timesteps=3167904 | env_steps/sec=249.7 | episodes/sec=3.53 | gpu_util_mean=0% gpu_util_max=0% | gpu_mem_mean=2.3/47.8GB
timesteps=3169248 | env_steps/sec=266.0 | episodes/sec=4.16 | gpu_util_mean=1% gpu_util_max=1% | gpu_mem_mean=2.3/47.8GB
timesteps=3170592 | env_steps/sec=255.8 | episodes/sec=4.57 | gpu_util_mean=0% gpu_util_max=0% | gpu_mem_mean=2.3/47.8GB
timesteps=3172032 | env_steps/sec=273.9 | episodes/sec=3.42 | gpu_util_mean=0% gpu_util_max=1% | gpu_mem_mean=2.3/47.8GB
timesteps=3173376 | env_steps/sec=254.0 | episodes/sec=4.35 | gpu_util_mean=0% gpu_util_max=0% | gpu_mem_mean=2.3/47.8GB
timesteps=3174816 | env_steps/sec=274.1 | episodes/sec=3.24 | gpu_util_mean=0% gpu_util_max=0% | gpu_mem_mean=2.3/47.8GB
timesteps=3176160 | env_steps/sec=257.2 | episodes/sec=4.21 | gpu_util_mean=1% gpu_util_max=1% | gpu_mem_mean=2.3/47.8GB
timesteps=3177600 | env_steps/sec=275.0 | episodes/sec=2.67 | gpu_util_mean=0% gpu_util_max=1% | gpu_mem_mean=2.3/47.8GB
timesteps=3179040 | env_steps/sec=280.7 | episodes/sec=6.63 | gpu_util_mean=0% gpu_util_max=1% | gpu_mem_mean=2.3/47.8GB
timesteps=3180384 | env_steps/sec=265.2 | episodes/sec=2.57 | gpu_util_mean=0% gpu_util_max=0% | gpu_mem_mean=2.3/47.8GB
timesteps=3181824 | env_steps/sec=271.0 | episodes/sec=3.76 | gpu_util_mean=0% gpu_util_max=0% | gpu_mem_mean=2.3/47.8GB
timesteps=3183168 | env_steps/sec=259.6 | episodes/sec=3.67 | gpu_util_mean=0% gpu_util_max=0% | gpu_mem_mean=2.3/47.8GB
timesteps=3184608 | env_steps/sec=281.9 | episodes/sec=4.70 | gpu_util_mean=0% gpu_util_max=1% | gpu_mem_mean=2.3/47.8GB
timesteps=3186048 | env_steps/sec=281.0 | episodes/sec=3.90 | gpu_util_mean=0% gpu_util_max=1% | gpu_mem_mean=2.3/47.8GB
timesteps=3187488 | env_steps/sec=275.3 | episodes/sec=3.63 | gpu_util_mean=0% gpu_util_max=1% | gpu_mem_mean=2.3/47.8GB
timesteps=3188928 | env_steps/sec=283.9 | episodes/sec=4.73 | gpu_util_mean=0% gpu_util_max=1% | gpu_mem_mean=2.3/47.8GB
timesteps=3190464 | env_steps/sec=289.1 | episodes/sec=3.58 | gpu_util_mean=0% gpu_util_max=0% | gpu_mem_mean=2.3/47.8GB
timesteps=3191904 | env_steps/sec=279.6 | episodes/sec=5.05 | gpu_util_mean=0% gpu_util_max=0% | gpu_mem_mean=2.3/47.8GB
timesteps=3193248 | env_steps/sec=254.9 | episodes/sec=2.28 | gpu_util_mean=0% gpu_util_max=0% | gpu_mem_mean=2.3/47.8GB
timesteps=3194688 | env_steps/sec=275.1 | episodes/sec=4.97 | gpu_util_mean=0% gpu_util_max=0% | gpu_mem_mean=2.3/47.8GB
-------------------------------------------
| gpu/                      |             |
|    gpu_count              | 2           |
|    gpu_mem_total_gb_mean  | 47.8        |
|    gpu_mem_used_gb_mean   | 2.33        |
|    gpu_util_pct_max       | 0           |
|    gpu_util_pct_mean      | 0           |
| profile/                  |             |
|    hard/damage_mean       | 0.252       |
|    hard/ep_len_mean       | 64          |
|    hard/ep_rew_mean       | 0.209       |
|    hard/episodes_window   | 200         |
|    hard/p_damage_ge_90    | 0           |
|    hard/p_stars_ge_2      | 0.01        |
|    hard/score_mean        | 0.272       |
|    hard/stars_mean        | 0.02        |
|    hard/ticks_mean        | 635         |
|    hard/truncated_rate    | 0.03        |
|    medium/damage_mean     | 0.664       |
|    medium/ep_len_mean     | 72.9        |
|    medium/ep_rew_mean     | 1.98        |
|    medium/episodes_window | 200         |
|    medium/p_damage_ge_90  | 0.155       |
|    medium/p_stars_ge_2    | 0.53        |
|    medium/score_mean      | 2.05        |
|    medium/stars_mean      | 1.39        |
|    medium/ticks_mean      | 725         |
|    medium/truncated_rate  | 0.155       |
| rollout/                  |             |
|    ep_len_mean            | 68.7        |
|    ep_rew_mean            | 0.968       |
| throughput/               |             |
|    env_steps_per_sec      | 275         |
|    episodes_per_sec       | 4.97        |
| time/                     |             |
|    fps                    | 257         |
|    iterations             | 65          |
|    time_elapsed           | 12420       |
|    total_timesteps        | 3194880     |
| train/                    |             |
|    approx_kl              | 0.012008605 |
|    clip_fraction          | 0.152       |
|    clip_range             | 0.2         |
|    entropy_loss           | -5.14       |
|    explained_variance     | 0.885       |
|    learning_rate          | 0.0003      |
|    loss                   | -0.0451     |
|    n_updates              | 640         |
|    policy_gradient_loss   | -0.019      |
|    value_loss             | 0.0601      |
-------------------------------------------
timesteps=3194976 | env_steps/sec=36.0 | episodes/sec=0.75 | gpu_util_mean=0% gpu_util_max=0% | gpu_mem_mean=2.3/47.8GB
timesteps=3196320 | env_steps/sec=264.7 | episodes/sec=3.35 | gpu_util_mean=0% gpu_util_max=0% | gpu_mem_mean=2.3/47.8GB
timesteps=3197664 | env_steps/sec=255.2 | episodes/sec=3.23 | gpu_util_mean=0% gpu_util_max=0% | gpu_mem_mean=2.3/47.8GB
timesteps=3199008 | env_steps/sec=254.0 | episodes/sec=4.16 | gpu_util_mean=0% gpu_util_max=1% | gpu_mem_mean=2.3/47.8GB
timesteps=3200352 | env_steps/sec=264.7 | episodes/sec=5.12 | gpu_util_mean=0% gpu_util_max=0% | gpu_mem_mean=2.3/47.8GB
timesteps=3201696 | env_steps/sec=257.7 | episodes/sec=3.07 | gpu_util_mean=0% gpu_util_max=1% | gpu_mem_mean=2.3/47.8GB
timesteps=3203040 | env_steps/sec=267.7 | episodes/sec=3.98 | gpu_util_mean=0% gpu_util_max=0% | gpu_mem_mean=2.3/47.8GB
timesteps=3204384 | env_steps/sec=262.0 | episodes/sec=2.73 | gpu_util_mean=0% gpu_util_max=1% | gpu_mem_mean=2.3/47.8GB
timesteps=3205824 | env_steps/sec=284.2 | episodes/sec=4.34 | gpu_util_mean=17% gpu_util_max=33% | gpu_mem_mean=2.3/47.8GB
timesteps=3207360 | env_steps/sec=289.0 | episodes/sec=5.83 | gpu_util_mean=0% gpu_util_max=1% | gpu_mem_mean=2.3/47.8GB
timesteps=3208704 | env_steps/sec=251.1 | episodes/sec=3.18 | gpu_util_mean=0% gpu_util_max=0% | gpu_mem_mean=2.3/47.8GB
timesteps=3210048 | env_steps/sec=259.9 | episodes/sec=2.90 | gpu_util_mean=0% gpu_util_max=0% | gpu_mem_mean=2.3/47.8GB
timesteps=3211488 | env_steps/sec=285.7 | episodes/sec=4.36 | gpu_util_mean=0% gpu_util_max=1% | gpu_mem_mean=2.3/47.8GB
timesteps=3212928 | env_steps/sec=270.4 | episodes/sec=4.51 | gpu_util_mean=0% gpu_util_max=0% | gpu_mem_mean=2.3/47.8GB
timesteps=3214368 | env_steps/sec=275.4 | episodes/sec=3.83 | gpu_util_mean=1% gpu_util_max=1% | gpu_mem_mean=2.3/47.8GB
timesteps=3215712 | env_steps/sec=252.8 | episodes/sec=4.33 | gpu_util_mean=0% gpu_util_max=1% | gpu_mem_mean=2.3/47.8GB
timesteps=3217152 | env_steps/sec=270.0 | episodes/sec=3.19 | gpu_util_mean=0% gpu_util_max=1% | gpu_mem_mean=2.3/47.8GB
timesteps=3218592 | env_steps/sec=274.4 | episodes/sec=4.38 | gpu_util_mean=0% gpu_util_max=1% | gpu_mem_mean=2.3/47.8GB
timesteps=3220032 | env_steps/sec=274.3 | episodes/sec=4.38 | gpu_util_mean=0% gpu_util_max=1% | gpu_mem_mean=2.3/47.8GB
timesteps=3221472 | env_steps/sec=279.1 | episodes/sec=2.91 | gpu_util_mean=0% gpu_util_max=1% | gpu_mem_mean=2.3/47.8GB
timesteps=3222912 | env_steps/sec=273.3 | episodes/sec=4.93 | gpu_util_mean=1% gpu_util_max=1% | gpu_mem_mean=2.3/47.8GB
timesteps=3224256 | env_steps/sec=265.4 | episodes/sec=4.15 | gpu_util_mean=1% gpu_util_max=1% | gpu_mem_mean=2.3/47.8GB
timesteps=3225600 | env_steps/sec=261.9 | episodes/sec=4.48 | gpu_util_mean=0% gpu_util_max=1% | gpu_mem_mean=2.3/47.8GB
timesteps=3227040 | env_steps/sec=280.0 | episodes/sec=3.50 | gpu_util_mean=0% gpu_util_max=0% | gpu_mem_mean=2.3/47.8GB
timesteps=3228480 | env_steps/sec=284.8 | episodes/sec=3.36 | gpu_util_mean=0% gpu_util_max=1% | gpu_mem_mean=2.3/47.8GB
timesteps=3229920 | env_steps/sec=285.1 | episodes/sec=3.96 | gpu_util_mean=0% gpu_util_max=0% | gpu_mem_mean=2.3/47.8GB
timesteps=3231360 | env_steps/sec=281.5 | episodes/sec=4.89 | gpu_util_mean=0% gpu_util_max=0% | gpu_mem_mean=2.3/47.8GB
timesteps=3232800 | env_steps/sec=280.0 | episodes/sec=4.67 | gpu_util_mean=0% gpu_util_max=1% | gpu_mem_mean=2.3/47.8GB
timesteps=3234240 | env_steps/sec=280.3 | episodes/sec=3.31 | gpu_util_mean=0% gpu_util_max=0% | gpu_mem_mean=2.3/47.8GB
timesteps=3235872 | env_steps/sec=308.2 | episodes/sec=4.34 | gpu_util_mean=0% gpu_util_max=0% | gpu_mem_mean=2.3/47.8GB
timesteps=3237216 | env_steps/sec=258.6 | episodes/sec=2.69 | gpu_util_mean=0% gpu_util_max=0% | gpu_mem_mean=2.3/47.8GB
timesteps=3238752 | env_steps/sec=294.3 | episodes/sec=6.32 | gpu_util_mean=0% gpu_util_max=0% | gpu_mem_mean=2.3/47.8GB
timesteps=3240192 | env_steps/sec=270.3 | episodes/sec=3.94 | gpu_util_mean=0% gpu_util_max=0% | gpu_mem_mean=2.3/47.8GB
timesteps=3241632 | env_steps/sec=272.6 | episodes/sec=3.79 | gpu_util_mean=0% gpu_util_max=0% | gpu_mem_mean=2.3/47.8GB
timesteps=3242976 | env_steps/sec=257.1 | episodes/sec=2.87 | gpu_util_mean=0% gpu_util_max=1% | gpu_mem_mean=2.3/47.8GB
-------------------------------------------
| gpu/                      |             |
|    gpu_count              | 2           |
|    gpu_mem_total_gb_mean  | 47.8        |
|    gpu_mem_used_gb_mean   | 2.33        |
|    gpu_util_pct_max       | 1           |
|    gpu_util_pct_mean      | 0.5         |
| profile/                  |             |
|    hard/damage_mean       | 0.24        |
|    hard/ep_len_mean       | 63.5        |
|    hard/ep_rew_mean       | 0.192       |
|    hard/episodes_window   | 200         |
|    hard/p_damage_ge_90    | 0           |
|    hard/p_stars_ge_2      | 0.005       |
|    hard/score_mean        | 0.255       |
|    hard/stars_mean        | 0.015       |
|    hard/ticks_mean        | 631         |
|    hard/truncated_rate    | 0.025       |
|    medium/damage_mean     | 0.696       |
|    medium/ep_len_mean     | 73.3        |
|    medium/ep_rew_mean     | 2.12        |
|    medium/episodes_window | 200         |
|    medium/p_damage_ge_90  | 0.22        |
|    medium/p_stars_ge_2    | 0.59        |
|    medium/score_mean      | 2.2         |
|    medium/stars_mean      | 1.5         |
|    medium/ticks_mean      | 729         |
|    medium/truncated_rate  | 0.14        |
| rollout/                  |             |
|    ep_len_mean            | 67.3        |
|    ep_rew_mean            | 1.05        |
| throughput/               |             |
|    env_steps_per_sec      | 257         |
|    episodes_per_sec       | 2.87        |
| time/                     |             |
|    fps                    | 257         |
|    iterations             | 66          |
|    time_elapsed           | 12607       |
|    total_timesteps        | 3244032     |
| train/                    |             |
|    approx_kl              | 0.011427204 |
|    clip_fraction          | 0.147       |
|    clip_range             | 0.2         |
|    entropy_loss           | -5.15       |
|    explained_variance     | 0.897       |
|    learning_rate          | 0.0003      |
|    loss                   | -0.0451     |
|    n_updates              | 650         |
|    policy_gradient_loss   | -0.0181     |
|    value_loss             | 0.0626      |
-------------------------------------------
timesteps=3244128 | env_steps/sec=106.1 | episodes/sec=1.57 | gpu_util_mean=16% gpu_util_max=33% | gpu_mem_mean=2.3/47.8GB
timesteps=3245472 | env_steps/sec=266.6 | episodes/sec=3.97 | gpu_util_mean=0% gpu_util_max=0% | gpu_mem_mean=2.3/47.8GB
timesteps=3246912 | env_steps/sec=281.6 | episodes/sec=6.26 | gpu_util_mean=0% gpu_util_max=1% | gpu_mem_mean=2.3/47.8GB
timesteps=3248256 | env_steps/sec=258.1 | episodes/sec=2.69 | gpu_util_mean=0% gpu_util_max=1% | gpu_mem_mean=2.3/47.8GB
timesteps=3249792 | env_steps/sec=290.0 | episodes/sec=3.78 | gpu_util_mean=0% gpu_util_max=0% | gpu_mem_mean=2.3/47.8GB
timesteps=3251328 | env_steps/sec=298.8 | episodes/sec=4.28 | gpu_util_mean=0% gpu_util_max=0% | gpu_mem_mean=2.3/47.8GB
timesteps=3252768 | env_steps/sec=284.0 | episodes/sec=5.52 | gpu_util_mean=0% gpu_util_max=1% | gpu_mem_mean=2.3/47.8GB
timesteps=3254208 | env_steps/sec=286.9 | episodes/sec=3.39 | gpu_util_mean=0% gpu_util_max=1% | gpu_mem_mean=2.3/47.8GB
timesteps=3255648 | env_steps/sec=287.2 | episodes/sec=4.39 | gpu_util_mean=18% gpu_util_max=35% | gpu_mem_mean=2.3/47.8GB
timesteps=3257088 | env_steps/sec=273.7 | episodes/sec=3.04 | gpu_util_mean=0% gpu_util_max=1% | gpu_mem_mean=2.3/47.8GB
timesteps=3258720 | env_steps/sec=311.0 | episodes/sec=4.57 | gpu_util_mean=1% gpu_util_max=1% | gpu_mem_mean=2.3/47.8GB
timesteps=3260160 | env_steps/sec=274.3 | episodes/sec=4.38 | gpu_util_mean=0% gpu_util_max=1% | gpu_mem_mean=2.3/47.8GB
timesteps=3261600 | env_steps/sec=281.5 | episodes/sec=5.28 | gpu_util_mean=0% gpu_util_max=1% | gpu_mem_mean=2.3/47.8GB
timesteps=3262944 | env_steps/sec=259.5 | episodes/sec=3.09 | gpu_util_mean=0% gpu_util_max=0% | gpu_mem_mean=2.3/47.8GB
timesteps=3264288 | env_steps/sec=266.8 | episodes/sec=3.18 | gpu_util_mean=0% gpu_util_max=0% | gpu_mem_mean=2.3/47.8GB
timesteps=3265632 | env_steps/sec=260.7 | episodes/sec=3.88 | gpu_util_mean=0% gpu_util_max=1% | gpu_mem_mean=2.3/47.8GB
timesteps=3267072 | env_steps/sec=281.5 | episodes/sec=4.30 | gpu_util_mean=0% gpu_util_max=1% | gpu_mem_mean=2.3/47.8GB
timesteps=3268512 | env_steps/sec=277.7 | episodes/sec=5.01 | gpu_util_mean=0% gpu_util_max=1% | gpu_mem_mean=2.3/47.8GB
timesteps=3269856 | env_steps/sec=263.2 | episodes/sec=2.55 | gpu_util_mean=0% gpu_util_max=0% | gpu_mem_mean=2.3/47.8GB
timesteps=3271200 | env_steps/sec=255.5 | episodes/sec=3.42 | gpu_util_mean=0% gpu_util_max=0% | gpu_mem_mean=2.3/47.8GB
timesteps=3272736 | env_steps/sec=287.4 | episodes/sec=5.24 | gpu_util_mean=1% gpu_util_max=1% | gpu_mem_mean=2.3/47.8GB
timesteps=3274176 | env_steps/sec=276.2 | episodes/sec=4.60 | gpu_util_mean=0% gpu_util_max=0% | gpu_mem_mean=2.3/47.8GB
timesteps=3275616 | env_steps/sec=274.8 | episodes/sec=2.86 | gpu_util_mean=0% gpu_util_max=1% | gpu_mem_mean=2.3/47.8GB
timesteps=3277056 | env_steps/sec=270.3 | episodes/sec=3.00 | gpu_util_mean=0% gpu_util_max=0% | gpu_mem_mean=2.3/47.8GB
timesteps=3278496 | env_steps/sec=270.0 | episodes/sec=4.50 | gpu_util_mean=0% gpu_util_max=1% | gpu_mem_mean=2.3/47.8GB
timesteps=3279840 | env_steps/sec=261.0 | episodes/sec=4.27 | gpu_util_mean=0% gpu_util_max=1% | gpu_mem_mean=2.3/47.8GB
timesteps=3281472 | env_steps/sec=320.5 | episodes/sec=5.11 | gpu_util_mean=0% gpu_util_max=0% | gpu_mem_mean=2.3/47.8GB
timesteps=3282816 | env_steps/sec=262.4 | episodes/sec=3.51 | gpu_util_mean=0% gpu_util_max=0% | gpu_mem_mean=2.3/47.8GB
timesteps=3284256 | env_steps/sec=279.9 | episodes/sec=3.50 | gpu_util_mean=0% gpu_util_max=1% | gpu_mem_mean=2.3/47.8GB
timesteps=3285696 | env_steps/sec=268.9 | episodes/sec=3.55 | gpu_util_mean=0% gpu_util_max=1% | gpu_mem_mean=2.3/47.8GB
timesteps=3287136 | env_steps/sec=277.0 | episodes/sec=4.62 | gpu_util_mean=0% gpu_util_max=0% | gpu_mem_mean=2.3/47.8GB
timesteps=3288480 | env_steps/sec=263.7 | episodes/sec=3.34 | gpu_util_mean=0% gpu_util_max=1% | gpu_mem_mean=2.3/47.8GB
timesteps=3289824 | env_steps/sec=250.7 | episodes/sec=3.92 | gpu_util_mean=0% gpu_util_max=1% | gpu_mem_mean=2.3/47.8GB
timesteps=3291264 | env_steps/sec=268.3 | episodes/sec=5.03 | gpu_util_mean=0% gpu_util_max=1% | gpu_mem_mean=2.3/47.8GB
timesteps=3292704 | env_steps/sec=269.8 | episodes/sec=3.37 | gpu_util_mean=0% gpu_util_max=1% | gpu_mem_mean=2.3/47.8GB
-------------------------------------------
| gpu/                      |             |
|    gpu_count              | 2           |
|    gpu_mem_total_gb_mean  | 47.8        |
|    gpu_mem_used_gb_mean   | 2.33        |
|    gpu_util_pct_max       | 1           |
|    gpu_util_pct_mean      | 0.5         |
| profile/                  |             |
|    hard/damage_mean       | 0.248       |
|    hard/ep_len_mean       | 64.9        |
|    hard/ep_rew_mean       | 0.194       |
|    hard/episodes_window   | 200         |
|    hard/p_damage_ge_90    | 0           |
|    hard/p_stars_ge_2      | 0.005       |
|    hard/score_mean        | 0.258       |
|    hard/stars_mean        | 0.01        |
|    hard/ticks_mean        | 644         |
|    hard/truncated_rate    | 0.035       |
|    medium/damage_mean     | 0.668       |
|    medium/ep_len_mean     | 73.2        |
|    medium/ep_rew_mean     | 1.99        |
|    medium/episodes_window | 200         |
|    medium/p_damage_ge_90  | 0.165       |
|    medium/p_stars_ge_2    | 0.51        |
|    medium/score_mean      | 2.06        |
|    medium/stars_mean      | 1.39        |
|    medium/ticks_mean      | 728         |
|    medium/truncated_rate  | 0.145       |
| rollout/                  |             |
|    ep_len_mean            | 68.8        |
|    ep_rew_mean            | 1.12        |
| throughput/               |             |
|    env_steps_per_sec      | 270         |
|    episodes_per_sec       | 3.37        |
| time/                     |             |
|    fps                    | 257         |
|    iterations             | 67          |
|    time_elapsed           | 12793       |
|    total_timesteps        | 3293184     |
| train/                    |             |
|    approx_kl              | 0.014193726 |
|    clip_fraction          | 0.154       |
|    clip_range             | 0.2         |
|    entropy_loss           | -5.18       |
|    explained_variance     | 0.891       |
|    learning_rate          | 0.0003      |
|    loss                   | -0.0484     |
|    n_updates              | 660         |
|    policy_gradient_loss   | -0.018      |
|    value_loss             | 0.0586      |
-------------------------------------------
timesteps=3293280 | env_steps/sec=63.3 | episodes/sec=0.77 | gpu_util_mean=0% gpu_util_max=0% | gpu_mem_mean=2.3/47.8GB
timesteps=3294624 | env_steps/sec=258.5 | episodes/sec=3.85 | gpu_util_mean=0% gpu_util_max=1% | gpu_mem_mean=2.3/47.8GB
timesteps=3295968 | env_steps/sec=266.7 | episodes/sec=2.98 | gpu_util_mean=0% gpu_util_max=0% | gpu_mem_mean=2.3/47.8GB
timesteps=3297504 | env_steps/sec=289.5 | episodes/sec=4.52 | gpu_util_mean=0% gpu_util_max=1% | gpu_mem_mean=2.3/47.8GB
timesteps=3298944 | env_steps/sec=279.7 | episodes/sec=4.47 | gpu_util_mean=0% gpu_util_max=0% | gpu_mem_mean=2.3/47.8GB
timesteps=3300384 | env_steps/sec=277.8 | episodes/sec=4.82 | gpu_util_mean=0% gpu_util_max=1% | gpu_mem_mean=2.3/47.8GB
timesteps=3301728 | env_steps/sec=260.1 | episodes/sec=3.68 | gpu_util_mean=0% gpu_util_max=0% | gpu_mem_mean=2.3/47.8GB
timesteps=3303072 | env_steps/sec=267.1 | episodes/sec=3.58 | gpu_util_mean=0% gpu_util_max=0% | gpu_mem_mean=2.3/47.8GB
timesteps=3304512 | env_steps/sec=283.1 | episodes/sec=3.93 | gpu_util_mean=17% gpu_util_max=33% | gpu_mem_mean=2.3/47.8GB
timesteps=3305952 | env_steps/sec=281.3 | episodes/sec=5.08 | gpu_util_mean=0% gpu_util_max=0% | gpu_mem_mean=2.3/47.8GB
timesteps=3307392 | env_steps/sec=279.7 | episodes/sec=3.88 | gpu_util_mean=0% gpu_util_max=1% | gpu_mem_mean=2.3/47.8GB
timesteps=3308640 | env_steps/sec=236.9 | episodes/sec=4.18 | gpu_util_mean=0% gpu_util_max=0% | gpu_mem_mean=2.3/47.8GB
timesteps=3309888 | env_steps/sec=240.2 | episodes/sec=2.31 | gpu_util_mean=0% gpu_util_max=1% | gpu_mem_mean=2.3/47.8GB
timesteps=3311328 | env_steps/sec=284.6 | episodes/sec=2.17 | gpu_util_mean=0% gpu_util_max=1% | gpu_mem_mean=2.3/47.8GB
timesteps=3312768 | env_steps/sec=287.3 | episodes/sec=5.39 | gpu_util_mean=0% gpu_util_max=1% | gpu_mem_mean=2.3/47.8GB
timesteps=3314304 | env_steps/sec=303.7 | episodes/sec=5.73 | gpu_util_mean=0% gpu_util_max=0% | gpu_mem_mean=2.3/47.8GB
timesteps=3315744 | env_steps/sec=269.4 | episodes/sec=3.55 | gpu_util_mean=0% gpu_util_max=1% | gpu_mem_mean=2.3/47.8GB
timesteps=3317088 | env_steps/sec=265.0 | episodes/sec=2.96 | gpu_util_mean=0% gpu_util_max=0% | gpu_mem_mean=2.3/47.8GB
timesteps=3318432 | env_steps/sec=266.6 | episodes/sec=3.77 | gpu_util_mean=0% gpu_util_max=0% | gpu_mem_mean=2.3/47.8GB
timesteps=3319968 | env_steps/sec=288.1 | episodes/sec=4.88 | gpu_util_mean=0% gpu_util_max=0% | gpu_mem_mean=2.3/47.8GB
timesteps=3321408 | env_steps/sec=279.6 | episodes/sec=4.27 | gpu_util_mean=0% gpu_util_max=1% | gpu_mem_mean=2.3/47.8GB
timesteps=3322944 | env_steps/sec=294.8 | episodes/sec=3.26 | gpu_util_mean=0% gpu_util_max=1% | gpu_mem_mean=2.3/47.8GB
timesteps=3324384 | env_steps/sec=275.3 | episodes/sec=3.82 | gpu_util_mean=0% gpu_util_max=0% | gpu_mem_mean=2.3/47.8GB
timesteps=3325920 | env_steps/sec=291.1 | episodes/sec=4.74 | gpu_util_mean=1% gpu_util_max=1% | gpu_mem_mean=2.3/47.8GB
timesteps=3327552 | env_steps/sec=312.2 | episodes/sec=4.02 | gpu_util_mean=0% gpu_util_max=0% | gpu_mem_mean=2.3/47.8GB
timesteps=3328992 | env_steps/sec=283.2 | episodes/sec=5.31 | gpu_util_mean=0% gpu_util_max=0% | gpu_mem_mean=2.3/47.8GB
timesteps=3330432 | env_steps/sec=271.2 | episodes/sec=3.95 | gpu_util_mean=0% gpu_util_max=1% | gpu_mem_mean=2.3/47.8GB
timesteps=3331776 | env_steps/sec=267.2 | episodes/sec=3.18 | gpu_util_mean=0% gpu_util_max=0% | gpu_mem_mean=2.3/47.8GB
timesteps=3333024 | env_steps/sec=244.9 | episodes/sec=2.75 | gpu_util_mean=0% gpu_util_max=0% | gpu_mem_mean=2.3/47.8GB
timesteps=3334368 | env_steps/sec=266.0 | episodes/sec=5.34 | gpu_util_mean=0% gpu_util_max=0% | gpu_mem_mean=2.3/47.8GB
timesteps=3335808 | env_steps/sec=270.9 | episodes/sec=3.76 | gpu_util_mean=0% gpu_util_max=0% | gpu_mem_mean=2.3/47.8GB
timesteps=3337248 | env_steps/sec=285.1 | episodes/sec=3.76 | gpu_util_mean=0% gpu_util_max=1% | gpu_mem_mean=2.3/47.8GB
timesteps=3338688 | env_steps/sec=276.2 | episodes/sec=3.64 | gpu_util_mean=0% gpu_util_max=0% | gpu_mem_mean=2.3/47.8GB
timesteps=3340128 | env_steps/sec=272.2 | episodes/sec=4.54 | gpu_util_mean=0% gpu_util_max=0% | gpu_mem_mean=2.3/47.8GB
timesteps=3341472 | env_steps/sec=250.9 | episodes/sec=2.99 | gpu_util_mean=0% gpu_util_max=0% | gpu_mem_mean=2.3/47.8GB
-------------------------------------------
| gpu/                      |             |
|    gpu_count              | 2           |
|    gpu_mem_total_gb_mean  | 47.8        |
|    gpu_mem_used_gb_mean   | 2.33        |
|    gpu_util_pct_max       | 0           |
|    gpu_util_pct_mean      | 0           |
| profile/                  |             |
|    hard/damage_mean       | 0.249       |
|    hard/ep_len_mean       | 65.3        |
|    hard/ep_rew_mean       | 0.194       |
|    hard/episodes_window   | 200         |
|    hard/p_damage_ge_90    | 0           |
|    hard/p_stars_ge_2      | 0           |
|    hard/score_mean        | 0.259       |
|    hard/stars_mean        | 0.01        |
|    hard/ticks_mean        | 648         |
|    hard/truncated_rate    | 0.05        |
|    medium/damage_mean     | 0.684       |
|    medium/ep_len_mean     | 74          |
|    medium/ep_rew_mean     | 2.05        |
|    medium/episodes_window | 200         |
|    medium/p_damage_ge_90  | 0.16        |
|    medium/p_stars_ge_2    | 0.57        |
|    medium/score_mean      | 2.12        |
|    medium/stars_mean      | 1.44        |
|    medium/ticks_mean      | 736         |
|    medium/truncated_rate  | 0.15        |
| rollout/                  |             |
|    ep_len_mean            | 68.9        |
|    ep_rew_mean            | 1.05        |
| throughput/               |             |
|    env_steps_per_sec      | 251         |
|    episodes_per_sec       | 2.99        |
| time/                     |             |
|    fps                    | 257         |
|    iterations             | 68          |
|    time_elapsed           | 12979       |
|    total_timesteps        | 3342336     |
| train/                    |             |
|    approx_kl              | 0.013213326 |
|    clip_fraction          | 0.127       |
|    clip_range             | 0.2         |
|    entropy_loss           | -5.11       |
|    explained_variance     | 0.887       |
|    learning_rate          | 0.0003      |
|    loss                   | -0.0376     |
|    n_updates              | 670         |
|    policy_gradient_loss   | -0.0177     |
|    value_loss             | 0.064       |
-------------------------------------------
timesteps=3342432 | env_steps/sec=91.8 | episodes/sec=1.43 | gpu_util_mean=0% gpu_util_max=1% | gpu_mem_mean=2.3/47.8GB
timesteps=3343872 | env_steps/sec=272.9 | episodes/sec=4.55 | gpu_util_mean=0% gpu_util_max=1% | gpu_mem_mean=2.3/47.8GB
timesteps=3345312 | env_steps/sec=281.2 | episodes/sec=3.51 | gpu_util_mean=0% gpu_util_max=0% | gpu_mem_mean=2.3/47.8GB
timesteps=3346752 | env_steps/sec=273.6 | episodes/sec=3.80 | gpu_util_mean=0% gpu_util_max=0% | gpu_mem_mean=2.3/47.8GB
timesteps=3348192 | env_steps/sec=278.7 | episodes/sec=3.87 | gpu_util_mean=0% gpu_util_max=0% | gpu_mem_mean=2.3/47.8GB
timesteps=3349632 | env_steps/sec=268.9 | episodes/sec=5.04 | gpu_util_mean=0% gpu_util_max=1% | gpu_mem_mean=2.3/47.8GB
timesteps=3351072 | env_steps/sec=279.1 | episodes/sec=3.88 | gpu_util_mean=0% gpu_util_max=0% | gpu_mem_mean=2.3/47.8GB
timesteps=3352512 | env_steps/sec=286.1 | episodes/sec=3.58 | gpu_util_mean=18% gpu_util_max=37% | gpu_mem_mean=2.3/47.8GB
timesteps=3354048 | env_steps/sec=294.6 | episodes/sec=4.22 | gpu_util_mean=18% gpu_util_max=37% | gpu_mem_mean=2.3/47.8GB
timesteps=3355392 | env_steps/sec=262.2 | episodes/sec=3.51 | gpu_util_mean=0% gpu_util_max=1% | gpu_mem_mean=2.3/47.8GB
timesteps=3356928 | env_steps/sec=292.5 | episodes/sec=5.14 | gpu_util_mean=1% gpu_util_max=1% | gpu_mem_mean=2.3/47.8GB
timesteps=3358368 | env_steps/sec=277.9 | episodes/sec=4.05 | gpu_util_mean=0% gpu_util_max=1% | gpu_mem_mean=2.3/47.8GB
timesteps=3359808 | env_steps/sec=274.8 | episodes/sec=3.24 | gpu_util_mean=0% gpu_util_max=1% | gpu_mem_mean=2.3/47.8GB
timesteps=3361344 | env_steps/sec=294.2 | episodes/sec=3.83 | gpu_util_mean=0% gpu_util_max=1% | gpu_mem_mean=2.3/47.8GB
timesteps=3362880 | env_steps/sec=296.0 | episodes/sec=4.62 | gpu_util_mean=0% gpu_util_max=0% | gpu_mem_mean=2.3/47.8GB
timesteps=3364320 | env_steps/sec=278.4 | episodes/sec=4.64 | gpu_util_mean=0% gpu_util_max=0% | gpu_mem_mean=2.3/47.8GB
timesteps=3365760 | env_steps/sec=285.2 | episodes/sec=4.16 | gpu_util_mean=0% gpu_util_max=1% | gpu_mem_mean=2.3/47.8GB
timesteps=3367200 | env_steps/sec=282.4 | episodes/sec=3.73 | gpu_util_mean=0% gpu_util_max=1% | gpu_mem_mean=2.3/47.8GB
timesteps=3368640 | env_steps/sec=271.8 | episodes/sec=3.59 | gpu_util_mean=0% gpu_util_max=0% | gpu_mem_mean=2.3/47.8GB
timesteps=3370080 | env_steps/sec=278.9 | episodes/sec=4.65 | gpu_util_mean=0% gpu_util_max=0% | gpu_mem_mean=2.3/47.8GB
timesteps=3371520 | env_steps/sec=279.8 | episodes/sec=3.89 | gpu_util_mean=0% gpu_util_max=0% | gpu_mem_mean=2.3/47.8GB
timesteps=3373248 | env_steps/sec=331.1 | episodes/sec=4.60 | gpu_util_mean=0% gpu_util_max=1% | gpu_mem_mean=2.3/47.8GB
timesteps=3374688 | env_steps/sec=271.3 | episodes/sec=4.52 | gpu_util_mean=0% gpu_util_max=0% | gpu_mem_mean=2.3/47.8GB
timesteps=3376128 | env_steps/sec=269.9 | episodes/sec=3.75 | gpu_util_mean=0% gpu_util_max=1% | gpu_mem_mean=2.3/47.8GB
timesteps=3377568 | env_steps/sec=268.1 | episodes/sec=4.28 | gpu_util_mean=0% gpu_util_max=1% | gpu_mem_mean=2.3/47.8GB
timesteps=3379008 | env_steps/sec=275.4 | episodes/sec=3.63 | gpu_util_mean=0% gpu_util_max=0% | gpu_mem_mean=2.3/47.8GB
timesteps=3380448 | env_steps/sec=274.1 | episodes/sec=4.00 | gpu_util_mean=0% gpu_util_max=0% | gpu_mem_mean=2.3/47.8GB
timesteps=3381888 | env_steps/sec=276.1 | episodes/sec=4.22 | gpu_util_mean=0% gpu_util_max=1% | gpu_mem_mean=2.3/47.8GB
timesteps=3383328 | env_steps/sec=268.6 | episodes/sec=4.10 | gpu_util_mean=0% gpu_util_max=0% | gpu_mem_mean=2.3/47.8GB
timesteps=3384768 | env_steps/sec=273.5 | episodes/sec=3.99 | gpu_util_mean=0% gpu_util_max=0% | gpu_mem_mean=2.3/47.8GB
timesteps=3386112 | env_steps/sec=257.3 | episodes/sec=3.64 | gpu_util_mean=0% gpu_util_max=1% | gpu_mem_mean=2.3/47.8GB
timesteps=3387648 | env_steps/sec=300.2 | episodes/sec=4.10 | gpu_util_mean=0% gpu_util_max=0% | gpu_mem_mean=2.3/47.8GB
timesteps=3388992 | env_steps/sec=267.9 | episodes/sec=4.59 | gpu_util_mean=0% gpu_util_max=0% | gpu_mem_mean=2.3/47.8GB
timesteps=3390432 | env_steps/sec=268.1 | episodes/sec=3.91 | gpu_util_mean=0% gpu_util_max=0% | gpu_mem_mean=2.3/47.8GB
-------------------------------------------
| gpu/                      |             |
|    gpu_count              | 2           |
|    gpu_mem_total_gb_mean  | 47.8        |
|    gpu_mem_used_gb_mean   | 2.33        |
|    gpu_util_pct_max       | 0           |
|    gpu_util_pct_mean      | 0           |
| profile/                  |             |
|    hard/damage_mean       | 0.24        |
|    hard/ep_len_mean       | 63.6        |
|    hard/ep_rew_mean       | 0.192       |
|    hard/episodes_window   | 200         |
|    hard/p_damage_ge_90    | 0           |
|    hard/p_stars_ge_2      | 0           |
|    hard/score_mean        | 0.255       |
|    hard/stars_mean        | 0.015       |
|    hard/ticks_mean        | 631         |
|    hard/truncated_rate    | 0.03        |
|    medium/damage_mean     | 0.691       |
|    medium/ep_len_mean     | 74.5        |
|    medium/ep_rew_mean     | 2.06        |
|    medium/episodes_window | 200         |
|    medium/p_damage_ge_90  | 0.185       |
|    medium/p_stars_ge_2    | 0.54        |
|    medium/score_mean      | 2.14        |
|    medium/stars_mean      | 1.45        |
|    medium/ticks_mean      | 741         |
|    medium/truncated_rate  | 0.195       |
| rollout/                  |             |
|    ep_len_mean            | 68.8        |
|    ep_rew_mean            | 1.07        |
| throughput/               |             |
|    env_steps_per_sec      | 268         |
|    episodes_per_sec       | 3.91        |
| time/                     |             |
|    fps                    | 257         |
|    iterations             | 69          |
|    time_elapsed           | 13162       |
|    total_timesteps        | 3391488     |
| train/                    |             |
|    approx_kl              | 0.011343285 |
|    clip_fraction          | 0.148       |
|    clip_range             | 0.2         |
|    entropy_loss           | -5.07       |
|    explained_variance     | 0.903       |
|    learning_rate          | 0.0003      |
|    loss                   | -0.0425     |
|    n_updates              | 680         |
|    policy_gradient_loss   | -0.0174     |
|    value_loss             | 0.0593      |
-------------------------------------------
timesteps=3391584 | env_steps/sec=103.7 | episodes/sec=1.17 | gpu_util_mean=4% gpu_util_max=9% | gpu_mem_mean=2.3/47.8GB
timesteps=3392928 | env_steps/sec=260.2 | episodes/sec=4.07 | gpu_util_mean=0% gpu_util_max=1% | gpu_mem_mean=2.3/47.8GB
timesteps=3394368 | env_steps/sec=281.7 | episodes/sec=3.91 | gpu_util_mean=0% gpu_util_max=1% | gpu_mem_mean=2.3/47.8GB
timesteps=3395808 | env_steps/sec=285.1 | episodes/sec=4.16 | gpu_util_mean=0% gpu_util_max=1% | gpu_mem_mean=2.3/47.8GB
timesteps=3397344 | env_steps/sec=289.4 | episodes/sec=3.20 | gpu_util_mean=0% gpu_util_max=0% | gpu_mem_mean=2.3/47.8GB
timesteps=3398880 | env_steps/sec=295.3 | episodes/sec=5.38 | gpu_util_mean=0% gpu_util_max=0% | gpu_mem_mean=2.3/47.8GB
timesteps=3400320 | env_steps/sec=281.7 | episodes/sec=4.30 | gpu_util_mean=0% gpu_util_max=1% | gpu_mem_mean=2.3/47.8GB
timesteps=3401760 | env_steps/sec=284.3 | episodes/sec=3.75 | gpu_util_mean=0% gpu_util_max=0% | gpu_mem_mean=2.3/47.8GB
timesteps=3403200 | env_steps/sec=284.7 | episodes/sec=3.95 | gpu_util_mean=16% gpu_util_max=31% | gpu_mem_mean=2.3/47.8GB
timesteps=3404736 | env_steps/sec=289.3 | episodes/sec=4.33 | gpu_util_mean=0% gpu_util_max=0% | gpu_mem_mean=2.3/47.8GB
timesteps=3406176 | env_steps/sec=274.9 | episodes/sec=4.39 | gpu_util_mean=0% gpu_util_max=1% | gpu_mem_mean=2.3/47.8GB
timesteps=3407616 | env_steps/sec=286.4 | episodes/sec=3.18 | gpu_util_mean=0% gpu_util_max=1% | gpu_mem_mean=2.3/47.8GB
timesteps=3408960 | env_steps/sec=268.5 | episodes/sec=4.40 | gpu_util_mean=0% gpu_util_max=1% | gpu_mem_mean=2.3/47.8GB
timesteps=3410496 | env_steps/sec=290.0 | episodes/sec=3.97 | gpu_util_mean=0% gpu_util_max=1% | gpu_mem_mean=2.3/47.8GB
timesteps=3411936 | env_steps/sec=281.8 | episodes/sec=5.28 | gpu_util_mean=0% gpu_util_max=0% | gpu_mem_mean=2.3/47.8GB
timesteps=3413376 | env_steps/sec=276.3 | episodes/sec=3.65 | gpu_util_mean=1% gpu_util_max=1% | gpu_mem_mean=2.3/47.8GB
timesteps=3414816 | env_steps/sec=269.2 | episodes/sec=3.55 | gpu_util_mean=0% gpu_util_max=0% | gpu_mem_mean=2.3/47.8GB
timesteps=3416160 | env_steps/sec=254.1 | episodes/sec=3.78 | gpu_util_mean=0% gpu_util_max=1% | gpu_mem_mean=2.3/47.8GB
timesteps=3417504 | env_steps/sec=257.8 | episodes/sec=4.03 | gpu_util_mean=0% gpu_util_max=0% | gpu_mem_mean=2.3/47.8GB
timesteps=3419136 | env_steps/sec=314.6 | episodes/sec=4.24 | gpu_util_mean=0% gpu_util_max=1% | gpu_mem_mean=2.3/47.8GB
timesteps=3420672 | env_steps/sec=283.5 | episodes/sec=4.80 | gpu_util_mean=0% gpu_util_max=0% | gpu_mem_mean=2.3/47.8GB
timesteps=3422112 | env_steps/sec=275.5 | episodes/sec=4.59 | gpu_util_mean=0% gpu_util_max=1% | gpu_mem_mean=2.3/47.8GB
timesteps=3423456 | env_steps/sec=263.8 | episodes/sec=2.94 | gpu_util_mean=0% gpu_util_max=1% | gpu_mem_mean=2.3/47.8GB
timesteps=3424896 | env_steps/sec=269.0 | episodes/sec=3.92 | gpu_util_mean=0% gpu_util_max=1% | gpu_mem_mean=2.3/47.8GB
timesteps=3426240 | env_steps/sec=266.2 | episodes/sec=3.96 | gpu_util_mean=0% gpu_util_max=0% | gpu_mem_mean=2.3/47.8GB
timesteps=3427584 | env_steps/sec=266.2 | episodes/sec=3.76 | gpu_util_mean=0% gpu_util_max=0% | gpu_mem_mean=2.3/47.8GB
timesteps=3429024 | env_steps/sec=275.3 | episodes/sec=5.35 | gpu_util_mean=0% gpu_util_max=1% | gpu_mem_mean=2.3/47.8GB
timesteps=3430464 | env_steps/sec=269.3 | episodes/sec=3.18 | gpu_util_mean=0% gpu_util_max=0% | gpu_mem_mean=2.3/47.8GB
timesteps=3431808 | env_steps/sec=259.7 | episodes/sec=3.09 | gpu_util_mean=0% gpu_util_max=1% | gpu_mem_mean=2.3/47.8GB
timesteps=3433248 | env_steps/sec=282.8 | episodes/sec=4.32 | gpu_util_mean=0% gpu_util_max=0% | gpu_mem_mean=2.3/47.8GB
timesteps=3434688 | env_steps/sec=286.4 | episodes/sec=5.37 | gpu_util_mean=0% gpu_util_max=1% | gpu_mem_mean=2.3/47.8GB
timesteps=3436032 | env_steps/sec=264.2 | episodes/sec=2.95 | gpu_util_mean=0% gpu_util_max=0% | gpu_mem_mean=2.3/47.8GB
timesteps=3437376 | env_steps/sec=253.3 | episodes/sec=4.52 | gpu_util_mean=0% gpu_util_max=0% | gpu_mem_mean=2.3/47.8GB
timesteps=3438720 | env_steps/sec=266.9 | episodes/sec=3.57 | gpu_util_mean=0% gpu_util_max=1% | gpu_mem_mean=2.3/47.8GB
timesteps=3440160 | env_steps/sec=285.3 | episodes/sec=4.56 | gpu_util_mean=0% gpu_util_max=1% | gpu_mem_mean=2.3/47.8GB
-------------------------------------------
| gpu/                      |             |
|    gpu_count              | 2           |
|    gpu_mem_total_gb_mean  | 47.8        |
|    gpu_mem_used_gb_mean   | 2.33        |
|    gpu_util_pct_max       | 1           |
|    gpu_util_pct_mean      | 0.5         |
| profile/                  |             |
|    hard/damage_mean       | 0.254       |
|    hard/ep_len_mean       | 63.8        |
|    hard/ep_rew_mean       | 0.216       |
|    hard/episodes_window   | 200         |
|    hard/p_damage_ge_90    | 0           |
|    hard/p_stars_ge_2      | 0.01        |
|    hard/score_mean        | 0.279       |
|    hard/stars_mean        | 0.025       |
|    hard/ticks_mean        | 634         |
|    hard/truncated_rate    | 0.015       |
|    medium/damage_mean     | 0.684       |
|    medium/ep_len_mean     | 72          |
|    medium/ep_rew_mean     | 2.02        |
|    medium/episodes_window | 200         |
|    medium/p_damage_ge_90  | 0.16        |
|    medium/p_stars_ge_2    | 0.505       |
|    medium/score_mean      | 2.09        |
|    medium/stars_mean      | 1.41        |
|    medium/ticks_mean      | 716         |
|    medium/truncated_rate  | 0.125       |
| rollout/                  |             |
|    ep_len_mean            | 67.9        |
|    ep_rew_mean            | 1.09        |
| throughput/               |             |
|    env_steps_per_sec      | 285         |
|    episodes_per_sec       | 4.56        |
| time/                     |             |
|    fps                    | 257         |
|    iterations             | 70          |
|    time_elapsed           | 13347       |
|    total_timesteps        | 3440640     |
| train/                    |             |
|    approx_kl              | 0.011333573 |
|    clip_fraction          | 0.132       |
|    clip_range             | 0.2         |
|    entropy_loss           | -5.1        |
|    explained_variance     | 0.913       |
|    learning_rate          | 0.0003      |
|    loss                   | -0.0426     |
|    n_updates              | 690         |
|    policy_gradient_loss   | -0.0154     |
|    value_loss             | 0.0628      |
-------------------------------------------
timesteps=3440736 | env_steps/sec=64.1 | episodes/sec=0.67 | gpu_util_mean=0% gpu_util_max=0% | gpu_mem_mean=2.3/47.8GB
timesteps=3442176 | env_steps/sec=277.9 | episodes/sec=4.24 | gpu_util_mean=0% gpu_util_max=1% | gpu_mem_mean=2.3/47.8GB
timesteps=3443616 | env_steps/sec=275.3 | episodes/sec=3.25 | gpu_util_mean=0% gpu_util_max=0% | gpu_mem_mean=2.3/47.8GB
timesteps=3444960 | env_steps/sec=257.1 | episodes/sec=4.59 | gpu_util_mean=0% gpu_util_max=0% | gpu_mem_mean=2.3/47.8GB
timesteps=3446304 | env_steps/sec=267.7 | episodes/sec=3.39 | gpu_util_mean=0% gpu_util_max=0% | gpu_mem_mean=2.3/47.8GB
timesteps=3447648 | env_steps/sec=268.4 | episodes/sec=3.20 | gpu_util_mean=0% gpu_util_max=0% | gpu_mem_mean=2.3/47.8GB
timesteps=3449088 | env_steps/sec=287.9 | episodes/sec=5.60 | gpu_util_mean=0% gpu_util_max=1% | gpu_mem_mean=2.3/47.8GB
timesteps=3450528 | env_steps/sec=266.3 | episodes/sec=3.33 | gpu_util_mean=0% gpu_util_max=1% | gpu_mem_mean=2.3/47.8GB
timesteps=3452064 | env_steps/sec=298.1 | episodes/sec=3.88 | gpu_util_mean=18% gpu_util_max=36% | gpu_mem_mean=2.3/47.8GB
timesteps=3453408 | env_steps/sec=265.3 | episodes/sec=4.74 | gpu_util_mean=0% gpu_util_max=1% | gpu_mem_mean=2.3/47.8GB
timesteps=3454752 | env_steps/sec=261.1 | episodes/sec=4.08 | gpu_util_mean=0% gpu_util_max=1% | gpu_mem_mean=2.3/47.8GB
timesteps=3456192 | env_steps/sec=282.5 | episodes/sec=2.55 | gpu_util_mean=0% gpu_util_max=1% | gpu_mem_mean=2.3/47.8GB
timesteps=3457632 | env_steps/sec=276.9 | episodes/sec=5.19 | gpu_util_mean=0% gpu_util_max=1% | gpu_mem_mean=2.3/47.8GB
timesteps=3459072 | env_steps/sec=271.2 | episodes/sec=4.71 | gpu_util_mean=0% gpu_util_max=0% | gpu_mem_mean=2.3/47.8GB
timesteps=3460416 | env_steps/sec=256.6 | episodes/sec=3.05 | gpu_util_mean=0% gpu_util_max=1% | gpu_mem_mean=2.3/47.8GB
timesteps=3461856 | env_steps/sec=273.2 | episodes/sec=3.42 | gpu_util_mean=0% gpu_util_max=1% | gpu_mem_mean=2.3/47.8GB
timesteps=3463296 | env_steps/sec=285.8 | episodes/sec=4.76 | gpu_util_mean=0% gpu_util_max=0% | gpu_mem_mean=2.3/47.8GB
timesteps=3464928 | env_steps/sec=313.1 | episodes/sec=4.60 | gpu_util_mean=0% gpu_util_max=0% | gpu_mem_mean=2.3/47.8GB
timesteps=3466464 | env_steps/sec=304.9 | episodes/sec=4.57 | gpu_util_mean=0% gpu_util_max=1% | gpu_mem_mean=2.3/47.8GB
timesteps=3467904 | env_steps/sec=274.0 | episodes/sec=3.81 | gpu_util_mean=0% gpu_util_max=0% | gpu_mem_mean=2.3/47.8GB
timesteps=3469344 | env_steps/sec=268.3 | episodes/sec=4.10 | gpu_util_mean=0% gpu_util_max=1% | gpu_mem_mean=2.3/47.8GB
timesteps=3470784 | env_steps/sec=271.9 | episodes/sec=4.34 | gpu_util_mean=0% gpu_util_max=1% | gpu_mem_mean=2.3/47.8GB
timesteps=3472128 | env_steps/sec=267.2 | episodes/sec=3.18 | gpu_util_mean=0% gpu_util_max=1% | gpu_mem_mean=2.3/47.8GB
timesteps=3473472 | env_steps/sec=257.9 | episodes/sec=2.88 | gpu_util_mean=0% gpu_util_max=0% | gpu_mem_mean=2.3/47.8GB
timesteps=3475008 | env_steps/sec=288.4 | episodes/sec=4.88 | gpu_util_mean=0% gpu_util_max=0% | gpu_mem_mean=2.3/47.8GB
timesteps=3476352 | env_steps/sec=264.3 | episodes/sec=5.11 | gpu_util_mean=0% gpu_util_max=1% | gpu_mem_mean=2.3/47.8GB
timesteps=3477696 | env_steps/sec=263.8 | episodes/sec=3.34 | gpu_util_mean=0% gpu_util_max=0% | gpu_mem_mean=2.3/47.8GB
timesteps=3479040 | env_steps/sec=268.4 | episodes/sec=3.00 | gpu_util_mean=0% gpu_util_max=1% | gpu_mem_mean=2.3/47.8GB
timesteps=3480384 | env_steps/sec=264.7 | episodes/sec=3.55 | gpu_util_mean=0% gpu_util_max=0% | gpu_mem_mean=2.3/47.8GB
timesteps=3481824 | env_steps/sec=287.2 | episodes/sec=5.78 | gpu_util_mean=0% gpu_util_max=1% | gpu_mem_mean=2.3/47.8GB
timesteps=3483264 | env_steps/sec=283.2 | episodes/sec=4.92 | gpu_util_mean=0% gpu_util_max=0% | gpu_mem_mean=2.3/47.8GB
timesteps=3484608 | env_steps/sec=268.5 | episodes/sec=2.60 | gpu_util_mean=0% gpu_util_max=0% | gpu_mem_mean=2.3/47.8GB
timesteps=3486048 | env_steps/sec=273.8 | episodes/sec=3.23 | gpu_util_mean=0% gpu_util_max=0% | gpu_mem_mean=2.3/47.8GB
timesteps=3487488 | env_steps/sec=274.8 | episodes/sec=3.24 | gpu_util_mean=0% gpu_util_max=1% | gpu_mem_mean=2.3/47.8GB
timesteps=3489024 | env_steps/sec=291.7 | episodes/sec=6.27 | gpu_util_mean=0% gpu_util_max=0% | gpu_mem_mean=2.3/47.8GB
-------------------------------------------
| gpu/                      |             |
|    gpu_count              | 2           |
|    gpu_mem_total_gb_mean  | 47.8        |
|    gpu_mem_used_gb_mean   | 2.33        |
|    gpu_util_pct_max       | 0           |
|    gpu_util_pct_mean      | 0           |
| profile/                  |             |
|    hard/damage_mean       | 0.249       |
|    hard/ep_len_mean       | 63.7        |
|    hard/ep_rew_mean       | 0.226       |
|    hard/episodes_window   | 200         |
|    hard/p_damage_ge_90    | 0           |
|    hard/p_stars_ge_2      | 0.015       |
|    hard/score_mean        | 0.289       |
|    hard/stars_mean        | 0.04        |
|    hard/ticks_mean        | 633         |
|    hard/truncated_rate    | 0.015       |
|    medium/damage_mean     | 0.709       |
|    medium/ep_len_mean     | 73.3        |
|    medium/ep_rew_mean     | 2.15        |
|    medium/episodes_window | 200         |
|    medium/p_damage_ge_90  | 0.23        |
|    medium/p_stars_ge_2    | 0.585       |
|    medium/score_mean      | 2.22        |
|    medium/stars_mean      | 1.51        |
|    medium/ticks_mean      | 729         |
|    medium/truncated_rate  | 0.145       |
| rollout/                  |             |
|    ep_len_mean            | 68.2        |
|    ep_rew_mean            | 1.12        |
| throughput/               |             |
|    env_steps_per_sec      | 292         |
|    episodes_per_sec       | 6.27        |
| time/                     |             |
|    fps                    | 257         |
|    iterations             | 71          |
|    time_elapsed           | 13533       |
|    total_timesteps        | 3489792     |
| train/                    |             |
|    approx_kl              | 0.010217459 |
|    clip_fraction          | 0.12        |
|    clip_range             | 0.2         |
|    entropy_loss           | -5.11       |
|    explained_variance     | 0.895       |
|    learning_rate          | 0.0003      |
|    loss                   | -0.0463     |
|    n_updates              | 700         |
|    policy_gradient_loss   | -0.0164     |
|    value_loss             | 0.0657      |
-------------------------------------------
timesteps=3489888 | env_steps/sec=86.1 | episodes/sec=1.30 | gpu_util_mean=15% gpu_util_max=30% | gpu_mem_mean=2.3/47.8GB
timesteps=3491328 | env_steps/sec=272.1 | episodes/sec=3.59 | gpu_util_mean=0% gpu_util_max=0% | gpu_mem_mean=2.3/47.8GB
timesteps=3492672 | env_steps/sec=259.9 | episodes/sec=2.90 | gpu_util_mean=0% gpu_util_max=1% | gpu_mem_mean=2.3/47.8GB
timesteps=3494016 | env_steps/sec=262.7 | episodes/sec=4.50 | gpu_util_mean=0% gpu_util_max=1% | gpu_mem_mean=2.3/47.8GB
timesteps=3495456 | env_steps/sec=287.3 | episodes/sec=4.59 | gpu_util_mean=0% gpu_util_max=1% | gpu_mem_mean=2.3/47.8GB
timesteps=3496896 | env_steps/sec=287.1 | episodes/sec=3.39 | gpu_util_mean=0% gpu_util_max=1% | gpu_mem_mean=2.3/47.8GB
timesteps=3498240 | env_steps/sec=266.7 | episodes/sec=3.37 | gpu_util_mean=0% gpu_util_max=1% | gpu_mem_mean=2.3/47.8GB
timesteps=3499680 | env_steps/sec=279.4 | episodes/sec=4.27 | gpu_util_mean=19% gpu_util_max=37% | gpu_mem_mean=2.3/47.8GB
timesteps=3501120 | env_steps/sec=278.3 | episodes/sec=3.86 | gpu_util_mean=18% gpu_util_max=37% | gpu_mem_mean=2.3/47.8GB
timesteps=3502560 | env_steps/sec=275.1 | episodes/sec=5.16 | gpu_util_mean=0% gpu_util_max=1% | gpu_mem_mean=2.3/47.8GB
timesteps=3503904 | env_steps/sec=259.6 | episodes/sec=3.09 | gpu_util_mean=0% gpu_util_max=1% | gpu_mem_mean=2.3/47.8GB
timesteps=3505440 | env_steps/sec=302.2 | episodes/sec=4.72 | gpu_util_mean=0% gpu_util_max=1% | gpu_mem_mean=2.3/47.8GB
timesteps=3506784 | env_steps/sec=265.2 | episodes/sec=2.96 | gpu_util_mean=1% gpu_util_max=1% | gpu_mem_mean=2.3/47.8GB
timesteps=3508224 | env_steps/sec=278.2 | episodes/sec=5.60 | gpu_util_mean=0% gpu_util_max=0% | gpu_mem_mean=2.3/47.8GB
timesteps=3509664 | env_steps/sec=274.3 | episodes/sec=3.43 | gpu_util_mean=0% gpu_util_max=0% | gpu_mem_mean=2.3/47.8GB
timesteps=3511296 | env_steps/sec=313.4 | episodes/sec=4.42 | gpu_util_mean=0% gpu_util_max=1% | gpu_mem_mean=2.3/47.8GB
timesteps=3512640 | env_steps/sec=260.2 | episodes/sec=3.87 | gpu_util_mean=0% gpu_util_max=0% | gpu_mem_mean=2.3/47.8GB
timesteps=3514080 | env_steps/sec=280.3 | episodes/sec=3.31 | gpu_util_mean=0% gpu_util_max=1% | gpu_mem_mean=2.3/47.8GB
timesteps=3515424 | env_steps/sec=261.6 | episodes/sec=4.28 | gpu_util_mean=0% gpu_util_max=1% | gpu_mem_mean=2.3/47.8GB
timesteps=3516864 | env_steps/sec=282.0 | episodes/sec=4.11 | gpu_util_mean=0% gpu_util_max=1% | gpu_mem_mean=2.3/47.8GB
timesteps=3518304 | env_steps/sec=277.3 | episodes/sec=4.82 | gpu_util_mean=1% gpu_util_max=1% | gpu_mem_mean=2.3/47.8GB
timesteps=3519744 | env_steps/sec=277.3 | episodes/sec=3.27 | gpu_util_mean=0% gpu_util_max=0% | gpu_mem_mean=2.3/47.8GB
timesteps=3521184 | env_steps/sec=272.2 | episodes/sec=3.59 | gpu_util_mean=0% gpu_util_max=0% | gpu_mem_mean=2.3/47.8GB
timesteps=3522624 | env_steps/sec=282.7 | episodes/sec=4.52 | gpu_util_mean=0% gpu_util_max=1% | gpu_mem_mean=2.3/47.8GB
timesteps=3524064 | env_steps/sec=275.8 | episodes/sec=4.21 | gpu_util_mean=0% gpu_util_max=0% | gpu_mem_mean=2.3/47.8GB
timesteps=3525504 | env_steps/sec=271.6 | episodes/sec=3.40 | gpu_util_mean=0% gpu_util_max=0% | gpu_mem_mean=2.3/47.8GB
timesteps=3526944 | env_steps/sec=277.8 | episodes/sec=4.24 | gpu_util_mean=1% gpu_util_max=1% | gpu_mem_mean=2.3/47.8GB
timesteps=3528288 | env_steps/sec=259.8 | episodes/sec=3.29 | gpu_util_mean=0% gpu_util_max=0% | gpu_mem_mean=2.3/47.8GB
timesteps=3529728 | env_steps/sec=279.5 | episodes/sec=4.27 | gpu_util_mean=0% gpu_util_max=1% | gpu_mem_mean=2.3/47.8GB
timesteps=3531168 | env_steps/sec=269.0 | episodes/sec=4.67 | gpu_util_mean=0% gpu_util_max=0% | gpu_mem_mean=2.3/47.8GB
timesteps=3532608 | env_steps/sec=273.8 | episodes/sec=3.23 | gpu_util_mean=0% gpu_util_max=0% | gpu_mem_mean=2.3/47.8GB
timesteps=3534048 | env_steps/sec=286.2 | episodes/sec=3.38 | gpu_util_mean=1% gpu_util_max=1% | gpu_mem_mean=2.3/47.8GB
timesteps=3535488 | env_steps/sec=283.1 | episodes/sec=5.90 | gpu_util_mean=0% gpu_util_max=1% | gpu_mem_mean=2.3/47.8GB
timesteps=3536928 | env_steps/sec=272.1 | episodes/sec=4.16 | gpu_util_mean=0% gpu_util_max=0% | gpu_mem_mean=2.3/47.8GB
timesteps=3538368 | env_steps/sec=279.7 | episodes/sec=3.50 | gpu_util_mean=0% gpu_util_max=0% | gpu_mem_mean=2.3/47.8GB
-------------------------------------------
| gpu/                      |             |
|    gpu_count              | 2           |
|    gpu_mem_total_gb_mean  | 47.8        |
|    gpu_mem_used_gb_mean   | 2.33        |
|    gpu_util_pct_max       | 0           |
|    gpu_util_pct_mean      | 0           |
| profile/                  |             |
|    hard/damage_mean       | 0.253       |
|    hard/ep_len_mean       | 64.3        |
|    hard/ep_rew_mean       | 0.215       |
|    hard/episodes_window   | 200         |
|    hard/p_damage_ge_90    | 0           |
|    hard/p_stars_ge_2      | 0.01        |
|    hard/score_mean        | 0.278       |
|    hard/stars_mean        | 0.025       |
|    hard/ticks_mean        | 639         |
|    hard/truncated_rate    | 0.035       |
|    medium/damage_mean     | 0.721       |
|    medium/ep_len_mean     | 74.5        |
|    medium/ep_rew_mean     | 2.22        |
|    medium/episodes_window | 200         |
|    medium/p_damage_ge_90  | 0.24        |
|    medium/p_stars_ge_2    | 0.63        |
|    medium/score_mean      | 2.29        |
|    medium/stars_mean      | 1.57        |
|    medium/ticks_mean      | 741         |
|    medium/truncated_rate  | 0.185       |
| rollout/                  |             |
|    ep_len_mean            | 68          |
|    ep_rew_mean            | 1.29        |
| throughput/               |             |
|    env_steps_per_sec      | 280         |
|    episodes_per_sec       | 3.5         |
| time/                     |             |
|    fps                    | 257         |
|    iterations             | 72          |
|    time_elapsed           | 13718       |
|    total_timesteps        | 3538944     |
| train/                    |             |
|    approx_kl              | 0.012123075 |
|    clip_fraction          | 0.161       |
|    clip_range             | 0.2         |
|    entropy_loss           | -5.1        |
|    explained_variance     | 0.905       |
|    learning_rate          | 0.0003      |
|    loss                   | -0.0442     |
|    n_updates              | 710         |
|    policy_gradient_loss   | -0.0174     |
|    value_loss             | 0.066       |
-------------------------------------------
timesteps=3539040 | env_steps/sec=70.5 | episodes/sec=0.63 | gpu_util_mean=0% gpu_util_max=1% | gpu_mem_mean=2.3/47.8GB
timesteps=3540384 | env_steps/sec=267.2 | episodes/sec=3.98 | gpu_util_mean=0% gpu_util_max=1% | gpu_mem_mean=2.3/47.8GB
timesteps=3541824 | env_steps/sec=278.1 | episodes/sec=4.44 | gpu_util_mean=0% gpu_util_max=0% | gpu_mem_mean=2.3/47.8GB
timesteps=3543168 | env_steps/sec=261.2 | episodes/sec=4.28 | gpu_util_mean=0% gpu_util_max=0% | gpu_mem_mean=2.3/47.8GB
timesteps=3544608 | env_steps/sec=284.6 | episodes/sec=3.95 | gpu_util_mean=0% gpu_util_max=0% | gpu_mem_mean=2.3/47.8GB
timesteps=3545952 | env_steps/sec=262.8 | episodes/sec=2.74 | gpu_util_mean=0% gpu_util_max=0% | gpu_mem_mean=2.3/47.8GB
timesteps=3547392 | env_steps/sec=276.8 | episodes/sec=5.38 | gpu_util_mean=1% gpu_util_max=1% | gpu_mem_mean=2.3/47.8GB
timesteps=3548736 | env_steps/sec=259.9 | episodes/sec=4.45 | gpu_util_mean=0% gpu_util_max=0% | gpu_mem_mean=2.3/47.8GB
timesteps=3550176 | env_steps/sec=280.3 | episodes/sec=3.50 | gpu_util_mean=16% gpu_util_max=30% | gpu_mem_mean=2.3/47.8GB
timesteps=3551520 | env_steps/sec=256.5 | episodes/sec=2.86 | gpu_util_mean=0% gpu_util_max=0% | gpu_mem_mean=2.3/47.8GB
timesteps=3552960 | env_steps/sec=282.7 | episodes/sec=4.32 | gpu_util_mean=1% gpu_util_max=1% | gpu_mem_mean=2.3/47.8GB
timesteps=3554400 | env_steps/sec=285.1 | episodes/sec=4.75 | gpu_util_mean=0% gpu_util_max=1% | gpu_mem_mean=2.3/47.8GB
timesteps=3555936 | env_steps/sec=290.2 | episodes/sec=3.97 | gpu_util_mean=0% gpu_util_max=0% | gpu_mem_mean=2.3/47.8GB
timesteps=3557472 | env_steps/sec=297.6 | episodes/sec=4.07 | gpu_util_mean=0% gpu_util_max=1% | gpu_mem_mean=2.3/47.8GB
timesteps=3558816 | env_steps/sec=263.6 | episodes/sec=3.14 | gpu_util_mean=0% gpu_util_max=1% | gpu_mem_mean=2.3/47.8GB
timesteps=3560256 | env_steps/sec=281.5 | episodes/sec=5.47 | gpu_util_mean=0% gpu_util_max=0% | gpu_mem_mean=2.3/47.8GB
timesteps=3561696 | env_steps/sec=277.1 | episodes/sec=4.81 | gpu_util_mean=0% gpu_util_max=0% | gpu_mem_mean=2.3/47.8GB
timesteps=3563040 | env_steps/sec=248.3 | episodes/sec=2.22 | gpu_util_mean=1% gpu_util_max=1% | gpu_mem_mean=2.3/47.8GB
timesteps=3564480 | env_steps/sec=272.7 | episodes/sec=3.60 | gpu_util_mean=0% gpu_util_max=1% | gpu_mem_mean=2.3/47.8GB
timesteps=3565824 | env_steps/sec=255.9 | episodes/sec=3.62 | gpu_util_mean=0% gpu_util_max=1% | gpu_mem_mean=2.3/47.8GB
timesteps=3567360 | env_steps/sec=289.1 | episodes/sec=6.21 | gpu_util_mean=0% gpu_util_max=0% | gpu_mem_mean=2.3/47.8GB
timesteps=3568704 | env_steps/sec=260.2 | episodes/sec=4.07 | gpu_util_mean=1% gpu_util_max=1% | gpu_mem_mean=2.3/47.8GB
timesteps=3570144 | env_steps/sec=275.4 | episodes/sec=2.49 | gpu_util_mean=0% gpu_util_max=0% | gpu_mem_mean=2.3/47.8GB
timesteps=3571488 | env_steps/sec=266.4 | episodes/sec=2.78 | gpu_util_mean=0% gpu_util_max=0% | gpu_mem_mean=2.3/47.8GB
timesteps=3572928 | env_steps/sec=274.5 | episodes/sec=5.72 | gpu_util_mean=0% gpu_util_max=0% | gpu_mem_mean=2.3/47.8GB
timesteps=3574368 | env_steps/sec=284.4 | episodes/sec=5.33 | gpu_util_mean=1% gpu_util_max=1% | gpu_mem_mean=2.3/47.8GB
timesteps=3575712 | env_steps/sec=266.9 | episodes/sec=3.38 | gpu_util_mean=1% gpu_util_max=1% | gpu_mem_mean=2.3/47.8GB
timesteps=3577056 | env_steps/sec=258.2 | episodes/sec=2.69 | gpu_util_mean=0% gpu_util_max=0% | gpu_mem_mean=2.3/47.8GB
timesteps=3578496 | env_steps/sec=278.1 | episodes/sec=3.86 | gpu_util_mean=0% gpu_util_max=0% | gpu_mem_mean=2.3/47.8GB
timesteps=3579936 | env_steps/sec=275.5 | episodes/sec=4.78 | gpu_util_mean=0% gpu_util_max=0% | gpu_mem_mean=2.3/47.8GB
timesteps=3581376 | env_steps/sec=285.0 | episodes/sec=4.55 | gpu_util_mean=0% gpu_util_max=1% | gpu_mem_mean=2.3/47.8GB
timesteps=3582816 | env_steps/sec=267.6 | episodes/sec=4.09 | gpu_util_mean=0% gpu_util_max=0% | gpu_mem_mean=2.3/47.8GB
timesteps=3584160 | env_steps/sec=259.2 | episodes/sec=2.70 | gpu_util_mean=0% gpu_util_max=0% | gpu_mem_mean=2.3/47.8GB
timesteps=3585696 | env_steps/sec=300.2 | episodes/sec=3.91 | gpu_util_mean=0% gpu_util_max=1% | gpu_mem_mean=2.3/47.8GB
timesteps=3587136 | env_steps/sec=279.6 | episodes/sec=4.66 | gpu_util_mean=0% gpu_util_max=0% | gpu_mem_mean=2.3/47.8GB
-------------------------------------------
| gpu/                      |             |
|    gpu_count              | 2           |
|    gpu_mem_total_gb_mean  | 47.8        |
|    gpu_mem_used_gb_mean   | 2.33        |
|    gpu_util_pct_max       | 0           |
|    gpu_util_pct_mean      | 0           |
| profile/                  |             |
|    hard/damage_mean       | 0.241       |
|    hard/ep_len_mean       | 63.7        |
|    hard/ep_rew_mean       | 0.182       |
|    hard/episodes_window   | 200         |
|    hard/p_damage_ge_90    | 0           |
|    hard/p_stars_ge_2      | 0           |
|    hard/score_mean        | 0.246       |
|    hard/stars_mean        | 0.005       |
|    hard/ticks_mean        | 632         |
|    hard/truncated_rate    | 0.03        |
|    medium/damage_mean     | 0.7         |
|    medium/ep_len_mean     | 73.1        |
|    medium/ep_rew_mean     | 2.12        |
|    medium/episodes_window | 200         |
|    medium/p_damage_ge_90  | 0.195       |
|    medium/p_stars_ge_2    | 0.565       |
|    medium/score_mean      | 2.19        |
|    medium/stars_mean      | 1.5         |
|    medium/ticks_mean      | 727         |
|    medium/truncated_rate  | 0.17        |
| rollout/                  |             |
|    ep_len_mean            | 70.5        |
|    ep_rew_mean            | 1.13        |
| throughput/               |             |
|    env_steps_per_sec      | 280         |
|    episodes_per_sec       | 4.66        |
| time/                     |             |
|    fps                    | 258         |
|    iterations             | 73          |
|    time_elapsed           | 13904       |
|    total_timesteps        | 3588096     |
| train/                    |             |
|    approx_kl              | 0.010875779 |
|    clip_fraction          | 0.13        |
|    clip_range             | 0.2         |
|    entropy_loss           | -5.09       |
|    explained_variance     | 0.909       |
|    learning_rate          | 0.0003      |
|    loss                   | -0.0432     |
|    n_updates              | 720         |
|    policy_gradient_loss   | -0.0166     |
|    value_loss             | 0.0649      |
-------------------------------------------
timesteps=3588192 | env_steps/sec=100.3 | episodes/sec=1.14 | gpu_util_mean=0% gpu_util_max=0% | gpu_mem_mean=2.3/47.8GB
timesteps=3589536 | env_steps/sec=260.2 | episodes/sec=4.65 | gpu_util_mean=0% gpu_util_max=1% | gpu_mem_mean=2.3/47.8GB
timesteps=3590880 | env_steps/sec=268.2 | episodes/sec=2.99 | gpu_util_mean=0% gpu_util_max=0% | gpu_mem_mean=2.3/47.8GB
timesteps=3592320 | env_steps/sec=283.5 | episodes/sec=4.72 | gpu_util_mean=0% gpu_util_max=1% | gpu_mem_mean=2.3/47.8GB
timesteps=3593664 | env_steps/sec=264.1 | episodes/sec=4.13 | gpu_util_mean=1% gpu_util_max=1% | gpu_mem_mean=2.3/47.8GB
timesteps=3595104 | env_steps/sec=272.7 | episodes/sec=3.98 | gpu_util_mean=0% gpu_util_max=1% | gpu_mem_mean=2.3/47.8GB
timesteps=3596544 | env_steps/sec=278.9 | episodes/sec=4.26 | gpu_util_mean=0% gpu_util_max=0% | gpu_mem_mean=2.3/47.8GB
timesteps=3597888 | env_steps/sec=268.8 | episodes/sec=3.60 | gpu_util_mean=18% gpu_util_max=37% | gpu_mem_mean=2.3/47.8GB
timesteps=3599424 | env_steps/sec=289.4 | episodes/sec=5.28 | gpu_util_mean=16% gpu_util_max=33% | gpu_mem_mean=2.3/47.8GB
timesteps=3600960 | env_steps/sec=287.8 | episodes/sec=3.00 | gpu_util_mean=0% gpu_util_max=0% | gpu_mem_mean=2.3/47.8GB
timesteps=3602496 | env_steps/sec=300.5 | episodes/sec=5.09 | gpu_util_mean=1% gpu_util_max=1% | gpu_mem_mean=2.3/47.8GB
timesteps=3603936 | env_steps/sec=277.1 | episodes/sec=4.43 | gpu_util_mean=0% gpu_util_max=0% | gpu_mem_mean=2.3/47.8GB
timesteps=3605376 | env_steps/sec=272.0 | episodes/sec=3.78 | gpu_util_mean=0% gpu_util_max=1% | gpu_mem_mean=2.3/47.8GB
timesteps=3606816 | env_steps/sec=281.8 | episodes/sec=4.11 | gpu_util_mean=0% gpu_util_max=0% | gpu_mem_mean=2.3/47.8GB
timesteps=3608160 | env_steps/sec=267.3 | episodes/sec=3.18 | gpu_util_mean=0% gpu_util_max=0% | gpu_mem_mean=2.3/47.8GB
timesteps=3609696 | env_steps/sec=289.2 | episodes/sec=3.77 | gpu_util_mean=0% gpu_util_max=0% | gpu_mem_mean=2.3/47.8GB
timesteps=3611136 | env_steps/sec=279.2 | episodes/sec=4.85 | gpu_util_mean=0% gpu_util_max=0% | gpu_mem_mean=2.3/47.8GB
timesteps=3612576 | env_steps/sec=271.6 | episodes/sec=3.77 | gpu_util_mean=0% gpu_util_max=0% | gpu_mem_mean=2.3/47.8GB
timesteps=3614016 | env_steps/sec=277.2 | episodes/sec=4.62 | gpu_util_mean=0% gpu_util_max=1% | gpu_mem_mean=2.3/47.8GB
timesteps=3615456 | env_steps/sec=266.3 | episodes/sec=3.33 | gpu_util_mean=0% gpu_util_max=0% | gpu_mem_mean=2.3/47.8GB
timesteps=3616896 | env_steps/sec=283.7 | episodes/sec=4.53 | gpu_util_mean=1% gpu_util_max=1% | gpu_mem_mean=2.3/47.8GB
timesteps=3618336 | env_steps/sec=280.2 | episodes/sec=4.09 | gpu_util_mean=0% gpu_util_max=1% | gpu_mem_mean=2.3/47.8GB
timesteps=3619680 | env_steps/sec=264.8 | episodes/sec=4.33 | gpu_util_mean=0% gpu_util_max=0% | gpu_mem_mean=2.3/47.8GB
timesteps=3621024 | env_steps/sec=260.3 | episodes/sec=2.91 | gpu_util_mean=0% gpu_util_max=0% | gpu_mem_mean=2.3/47.8GB
timesteps=3622464 | env_steps/sec=271.4 | episodes/sec=4.15 | gpu_util_mean=0% gpu_util_max=1% | gpu_mem_mean=2.3/47.8GB
timesteps=3623808 | env_steps/sec=260.2 | episodes/sec=4.07 | gpu_util_mean=0% gpu_util_max=1% | gpu_mem_mean=2.3/47.8GB
timesteps=3625344 | env_steps/sec=292.5 | episodes/sec=4.95 | gpu_util_mean=0% gpu_util_max=1% | gpu_mem_mean=2.3/47.8GB
timesteps=3626784 | env_steps/sec=277.7 | episodes/sec=2.89 | gpu_util_mean=0% gpu_util_max=1% | gpu_mem_mean=2.3/47.8GB
timesteps=3628320 | env_steps/sec=289.6 | episodes/sec=4.71 | gpu_util_mean=0% gpu_util_max=0% | gpu_mem_mean=2.3/47.8GB
timesteps=3629760 | env_steps/sec=273.1 | episodes/sec=2.47 | gpu_util_mean=0% gpu_util_max=0% | gpu_mem_mean=2.3/47.8GB
timesteps=3631296 | env_steps/sec=290.7 | episodes/sec=5.49 | gpu_util_mean=0% gpu_util_max=0% | gpu_mem_mean=2.3/47.8GB
timesteps=3632736 | env_steps/sec=282.0 | episodes/sec=4.31 | gpu_util_mean=0% gpu_util_max=0% | gpu_mem_mean=2.3/47.8GB
timesteps=3634176 | env_steps/sec=286.5 | episodes/sec=3.78 | gpu_util_mean=0% gpu_util_max=0% | gpu_mem_mean=2.3/47.8GB
timesteps=3635520 | env_steps/sec=254.7 | episodes/sec=3.22 | gpu_util_mean=0% gpu_util_max=0% | gpu_mem_mean=2.3/47.8GB
timesteps=3636960 | env_steps/sec=282.3 | episodes/sec=4.31 | gpu_util_mean=0% gpu_util_max=1% | gpu_mem_mean=2.3/47.8GB
-------------------------------------------
| gpu/                      |             |
|    gpu_count              | 2           |
|    gpu_mem_total_gb_mean  | 47.8        |
|    gpu_mem_used_gb_mean   | 2.33        |
|    gpu_util_pct_max       | 1           |
|    gpu_util_pct_mean      | 0.5         |
| profile/                  |             |
|    hard/damage_mean       | 0.257       |
|    hard/ep_len_mean       | 64.4        |
|    hard/ep_rew_mean       | 0.193       |
|    hard/episodes_window   | 200         |
|    hard/p_damage_ge_90    | 0           |
|    hard/p_stars_ge_2      | 0           |
|    hard/score_mean        | 0.257       |
|    hard/stars_mean        | 0           |
|    hard/ticks_mean        | 639         |
|    hard/truncated_rate    | 0.025       |
|    medium/damage_mean     | 0.713       |
|    medium/ep_len_mean     | 73.8        |
|    medium/ep_rew_mean     | 2.21        |
|    medium/episodes_window | 200         |
|    medium/p_damage_ge_90  | 0.205       |
|    medium/p_stars_ge_2    | 0.64        |
|    medium/score_mean      | 2.29        |
|    medium/stars_mean      | 1.57        |
|    medium/ticks_mean      | 734         |
|    medium/truncated_rate  | 0.135       |
| rollout/                  |             |
|    ep_len_mean            | 69.9        |
|    ep_rew_mean            | 1.14        |
| throughput/               |             |
|    env_steps_per_sec      | 282         |
|    episodes_per_sec       | 4.31        |
| time/                     |             |
|    fps                    | 258         |
|    iterations             | 74          |
|    time_elapsed           | 14089       |
|    total_timesteps        | 3637248     |
| train/                    |             |
|    approx_kl              | 0.013261226 |
|    clip_fraction          | 0.139       |
|    clip_range             | 0.2         |
|    entropy_loss           | -5.08       |
|    explained_variance     | 0.904       |
|    learning_rate          | 0.0003      |
|    loss                   | -0.0422     |
|    n_updates              | 730         |
|    policy_gradient_loss   | -0.0157     |
|    value_loss             | 0.0593      |
-------------------------------------------
timesteps=3637344 | env_steps/sec=46.5 | episodes/sec=0.97 | gpu_util_mean=18% gpu_util_max=37% | gpu_mem_mean=2.3/47.8GB
timesteps=3638880 | env_steps/sec=282.4 | episodes/sec=5.15 | gpu_util_mean=0% gpu_util_max=0% | gpu_mem_mean=2.3/47.8GB
timesteps=3640320 | env_steps/sec=276.3 | episodes/sec=3.45 | gpu_util_mean=0% gpu_util_max=1% | gpu_mem_mean=2.3/47.8GB
timesteps=3641568 | env_steps/sec=246.3 | episodes/sec=3.36 | gpu_util_mean=0% gpu_util_max=0% | gpu_mem_mean=2.3/47.8GB
timesteps=3643008 | env_steps/sec=277.9 | episodes/sec=4.05 | gpu_util_mean=0% gpu_util_max=1% | gpu_mem_mean=2.3/47.8GB
timesteps=3644448 | env_steps/sec=277.5 | episodes/sec=2.89 | gpu_util_mean=0% gpu_util_max=1% | gpu_mem_mean=2.3/47.8GB
timesteps=3645888 | env_steps/sec=283.9 | episodes/sec=5.92 | gpu_util_mean=0% gpu_util_max=1% | gpu_mem_mean=2.3/47.8GB
timesteps=3647328 | env_steps/sec=285.6 | episodes/sec=3.77 | gpu_util_mean=18% gpu_util_max=37% | gpu_mem_mean=2.3/47.8GB
timesteps=3649056 | env_steps/sec=327.2 | episodes/sec=4.54 | gpu_util_mean=15% gpu_util_max=29% | gpu_mem_mean=2.3/47.8GB
timesteps=3650400 | env_steps/sec=252.5 | episodes/sec=3.76 | gpu_util_mean=0% gpu_util_max=1% | gpu_mem_mean=2.3/47.8GB
timesteps=3651840 | env_steps/sec=279.5 | episodes/sec=4.27 | gpu_util_mean=0% gpu_util_max=0% | gpu_mem_mean=2.3/47.8GB
timesteps=3653280 | env_steps/sec=279.7 | episodes/sec=3.89 | gpu_util_mean=0% gpu_util_max=1% | gpu_mem_mean=2.3/47.8GB
timesteps=3654624 | env_steps/sec=264.9 | episodes/sec=3.55 | gpu_util_mean=0% gpu_util_max=0% | gpu_mem_mean=2.3/47.8GB
timesteps=3656064 | env_steps/sec=275.2 | episodes/sec=4.97 | gpu_util_mean=0% gpu_util_max=0% | gpu_mem_mean=2.3/47.8GB
timesteps=3657504 | env_steps/sec=283.8 | episodes/sec=3.75 | gpu_util_mean=0% gpu_util_max=1% | gpu_mem_mean=2.3/47.8GB
timesteps=3658944 | env_steps/sec=269.9 | episodes/sec=3.94 | gpu_util_mean=1% gpu_util_max=1% | gpu_mem_mean=2.3/47.8GB
timesteps=3660384 | env_steps/sec=279.3 | episodes/sec=4.46 | gpu_util_mean=0% gpu_util_max=1% | gpu_mem_mean=2.3/47.8GB
timesteps=3661728 | env_steps/sec=267.3 | episodes/sec=3.98 | gpu_util_mean=0% gpu_util_max=1% | gpu_mem_mean=2.3/47.8GB
timesteps=3663072 | env_steps/sec=261.8 | episodes/sec=4.48 | gpu_util_mean=0% gpu_util_max=1% | gpu_mem_mean=2.3/47.8GB
timesteps=3664512 | env_steps/sec=275.0 | episodes/sec=3.44 | gpu_util_mean=0% gpu_util_max=0% | gpu_mem_mean=2.3/47.8GB
timesteps=3666048 | env_steps/sec=293.7 | episodes/sec=4.21 | gpu_util_mean=0% gpu_util_max=1% | gpu_mem_mean=2.3/47.8GB
timesteps=3667488 | env_steps/sec=273.4 | episodes/sec=3.61 | gpu_util_mean=0% gpu_util_max=1% | gpu_mem_mean=2.3/47.8GB
timesteps=3668832 | env_steps/sec=266.3 | episodes/sec=4.76 | gpu_util_mean=1% gpu_util_max=1% | gpu_mem_mean=2.3/47.8GB
timesteps=3670272 | env_steps/sec=286.2 | episodes/sec=4.17 | gpu_util_mean=0% gpu_util_max=0% | gpu_mem_mean=2.3/47.8GB
timesteps=3671712 | env_steps/sec=278.4 | episodes/sec=4.06 | gpu_util_mean=0% gpu_util_max=0% | gpu_mem_mean=2.3/47.8GB
timesteps=3673152 | env_steps/sec=285.7 | episodes/sec=2.78 | gpu_util_mean=0% gpu_util_max=0% | gpu_mem_mean=2.3/47.8GB
timesteps=3674592 | env_steps/sec=274.7 | episodes/sec=4.96 | gpu_util_mean=0% gpu_util_max=0% | gpu_mem_mean=2.3/47.8GB
timesteps=3676128 | env_steps/sec=289.9 | episodes/sec=4.53 | gpu_util_mean=0% gpu_util_max=1% | gpu_mem_mean=2.3/47.8GB
timesteps=3677472 | env_steps/sec=258.2 | episodes/sec=3.46 | gpu_util_mean=0% gpu_util_max=1% | gpu_mem_mean=2.3/47.8GB
timesteps=3678912 | env_steps/sec=272.9 | episodes/sec=2.65 | gpu_util_mean=0% gpu_util_max=0% | gpu_mem_mean=2.3/47.8GB
timesteps=3680352 | env_steps/sec=280.9 | episodes/sec=4.88 | gpu_util_mean=0% gpu_util_max=0% | gpu_mem_mean=2.3/47.8GB
timesteps=3681792 | env_steps/sec=286.4 | episodes/sec=4.97 | gpu_util_mean=0% gpu_util_max=1% | gpu_mem_mean=2.3/47.8GB
timesteps=3683232 | env_steps/sec=279.8 | episodes/sec=3.50 | gpu_util_mean=0% gpu_util_max=1% | gpu_mem_mean=2.3/47.8GB
timesteps=3684672 | env_steps/sec=283.2 | episodes/sec=3.74 | gpu_util_mean=0% gpu_util_max=1% | gpu_mem_mean=2.3/47.8GB
timesteps=3686112 | env_steps/sec=280.0 | episodes/sec=4.28 | gpu_util_mean=0% gpu_util_max=0% | gpu_mem_mean=2.3/47.8GB
-------------------------------------------
| gpu/                      |             |
|    gpu_count              | 2           |
|    gpu_mem_total_gb_mean  | 47.8        |
|    gpu_mem_used_gb_mean   | 2.33        |
|    gpu_util_pct_max       | 0           |
|    gpu_util_pct_mean      | 0           |
| profile/                  |             |
|    hard/damage_mean       | 0.247       |
|    hard/ep_len_mean       | 63.4        |
|    hard/ep_rew_mean       | 0.209       |
|    hard/episodes_window   | 200         |
|    hard/p_damage_ge_90    | 0           |
|    hard/p_stars_ge_2      | 0.01        |
|    hard/score_mean        | 0.272       |
|    hard/stars_mean        | 0.025       |
|    hard/ticks_mean        | 630         |
|    hard/truncated_rate    | 0.01        |
|    medium/damage_mean     | 0.715       |
|    medium/ep_len_mean     | 74.3        |
|    medium/ep_rew_mean     | 2.24        |
|    medium/episodes_window | 200         |
|    medium/p_damage_ge_90  | 0.2         |
|    medium/p_stars_ge_2    | 0.645       |
|    medium/score_mean      | 2.32        |
|    medium/stars_mean      | 1.6         |
|    medium/ticks_mean      | 739         |
|    medium/truncated_rate  | 0.155       |
| rollout/                  |             |
|    ep_len_mean            | 69.3        |
|    ep_rew_mean            | 1.06        |
| throughput/               |             |
|    env_steps_per_sec      | 280         |
|    episodes_per_sec       | 4.28        |
| time/                     |             |
|    fps                    | 258         |
|    iterations             | 75          |
|    time_elapsed           | 14273       |
|    total_timesteps        | 3686400     |
| train/                    |             |
|    approx_kl              | 0.009178336 |
|    clip_fraction          | 0.0961      |
|    clip_range             | 0.2         |
|    entropy_loss           | -5.05       |
|    explained_variance     | 0.914       |
|    learning_rate          | 0.0003      |
|    loss                   | -0.0437     |
|    n_updates              | 740         |
|    policy_gradient_loss   | -0.0161     |
|    value_loss             | 0.0633      |
-------------------------------------------
timesteps=3686496 | env_steps/sec=46.0 | episodes/sec=0.48 | gpu_util_mean=16% gpu_util_max=32% | gpu_mem_mean=2.3/47.8GB
timesteps=3687936 | env_steps/sec=286.2 | episodes/sec=4.57 | gpu_util_mean=0% gpu_util_max=0% | gpu_mem_mean=2.3/47.8GB
timesteps=3689280 | env_steps/sec=267.7 | episodes/sec=2.99 | gpu_util_mean=0% gpu_util_max=1% | gpu_mem_mean=2.3/47.8GB
timesteps=3690624 | env_steps/sec=267.3 | episodes/sec=5.37 | gpu_util_mean=0% gpu_util_max=1% | gpu_mem_mean=2.3/47.8GB
timesteps=3691968 | env_steps/sec=253.3 | episodes/sec=3.20 | gpu_util_mean=0% gpu_util_max=0% | gpu_mem_mean=2.3/47.8GB
timesteps=3693312 | env_steps/sec=265.5 | episodes/sec=3.56 | gpu_util_mean=0% gpu_util_max=0% | gpu_mem_mean=2.3/47.8GB
timesteps=3694944 | env_steps/sec=302.6 | episodes/sec=4.08 | gpu_util_mean=0% gpu_util_max=1% | gpu_mem_mean=2.3/47.8GB
timesteps=3696384 | env_steps/sec=282.8 | episodes/sec=4.71 | gpu_util_mean=17% gpu_util_max=33% | gpu_mem_mean=2.3/47.8GB
timesteps=3697824 | env_steps/sec=269.3 | episodes/sec=3.93 | gpu_util_mean=18% gpu_util_max=35% | gpu_mem_mean=2.3/47.8GB
timesteps=3699264 | env_steps/sec=268.8 | episodes/sec=3.36 | gpu_util_mean=0% gpu_util_max=0% | gpu_mem_mean=2.3/47.8GB
timesteps=3700608 | env_steps/sec=258.3 | episodes/sec=3.84 | gpu_util_mean=0% gpu_util_max=1% | gpu_mem_mean=2.3/47.8GB
timesteps=3702048 | env_steps/sec=275.0 | episodes/sec=5.16 | gpu_util_mean=0% gpu_util_max=1% | gpu_mem_mean=2.3/47.8GB
timesteps=3703392 | env_steps/sec=265.7 | episodes/sec=3.16 | gpu_util_mean=0% gpu_util_max=0% | gpu_mem_mean=2.3/47.8GB
timesteps=3704832 | env_steps/sec=287.2 | episodes/sec=5.19 | gpu_util_mean=0% gpu_util_max=1% | gpu_mem_mean=2.3/47.8GB
timesteps=3706176 | env_steps/sec=251.8 | episodes/sec=2.81 | gpu_util_mean=1% gpu_util_max=1% | gpu_mem_mean=2.3/47.8GB
timesteps=3707520 | env_steps/sec=254.1 | episodes/sec=3.59 | gpu_util_mean=1% gpu_util_max=1% | gpu_mem_mean=2.3/47.8GB
timesteps=3708864 | env_steps/sec=257.1 | episodes/sec=3.06 | gpu_util_mean=0% gpu_util_max=0% | gpu_mem_mean=2.3/47.8GB
timesteps=3710400 | env_steps/sec=290.7 | episodes/sec=5.68 | gpu_util_mean=0% gpu_util_max=0% | gpu_mem_mean=2.3/47.8GB
timesteps=3711744 | env_steps/sec=255.3 | episodes/sec=3.23 | gpu_util_mean=0% gpu_util_max=1% | gpu_mem_mean=2.3/47.8GB
timesteps=3713280 | env_steps/sec=294.5 | episodes/sec=4.22 | gpu_util_mean=0% gpu_util_max=1% | gpu_mem_mean=2.3/47.8GB
timesteps=3714624 | env_steps/sec=258.2 | episodes/sec=3.65 | gpu_util_mean=0% gpu_util_max=0% | gpu_mem_mean=2.3/47.8GB
timesteps=3716064 | env_steps/sec=287.1 | episodes/sec=3.79 | gpu_util_mean=0% gpu_util_max=1% | gpu_mem_mean=2.3/47.8GB
timesteps=3717504 | env_steps/sec=281.7 | episodes/sec=5.09 | gpu_util_mean=0% gpu_util_max=1% | gpu_mem_mean=2.3/47.8GB
timesteps=3718944 | env_steps/sec=279.1 | episodes/sec=3.88 | gpu_util_mean=0% gpu_util_max=0% | gpu_mem_mean=2.3/47.8GB
timesteps=3720384 | env_steps/sec=284.4 | episodes/sec=3.16 | gpu_util_mean=0% gpu_util_max=1% | gpu_mem_mean=2.3/47.8GB
timesteps=3721824 | env_steps/sec=280.8 | episodes/sec=4.88 | gpu_util_mean=0% gpu_util_max=0% | gpu_mem_mean=2.3/47.8GB
timesteps=3723264 | env_steps/sec=278.2 | episodes/sec=4.64 | gpu_util_mean=0% gpu_util_max=0% | gpu_mem_mean=2.3/47.8GB
timesteps=3724608 | env_steps/sec=265.7 | episodes/sec=2.57 | gpu_util_mean=0% gpu_util_max=1% | gpu_mem_mean=2.3/47.8GB
timesteps=3725856 | env_steps/sec=248.6 | episodes/sec=2.59 | gpu_util_mean=0% gpu_util_max=1% | gpu_mem_mean=2.3/47.8GB
timesteps=3727296 | env_steps/sec=271.7 | episodes/sec=5.85 | gpu_util_mean=0% gpu_util_max=0% | gpu_mem_mean=2.3/47.8GB
timesteps=3728736 | env_steps/sec=281.9 | episodes/sec=3.33 | gpu_util_mean=0% gpu_util_max=0% | gpu_mem_mean=2.3/47.8GB
timesteps=3730080 | env_steps/sec=260.4 | episodes/sec=3.88 | gpu_util_mean=0% gpu_util_max=0% | gpu_mem_mean=2.3/47.8GB
timesteps=3731424 | env_steps/sec=252.6 | episodes/sec=3.57 | gpu_util_mean=0% gpu_util_max=0% | gpu_mem_mean=2.3/47.8GB
timesteps=3732864 | env_steps/sec=275.0 | episodes/sec=3.25 | gpu_util_mean=0% gpu_util_max=0% | gpu_mem_mean=2.3/47.8GB
timesteps=3734304 | env_steps/sec=280.8 | episodes/sec=4.68 | gpu_util_mean=0% gpu_util_max=0% | gpu_mem_mean=2.3/47.8GB
-------------------------------------------
| gpu/                      |             |
|    gpu_count              | 2           |
|    gpu_mem_total_gb_mean  | 47.8        |
|    gpu_mem_used_gb_mean   | 2.33        |
|    gpu_util_pct_max       | 0           |
|    gpu_util_pct_mean      | 0           |
| profile/                  |             |
|    hard/damage_mean       | 0.239       |
|    hard/ep_len_mean       | 63.4        |
|    hard/ep_rew_mean       | 0.196       |
|    hard/episodes_window   | 200         |
|    hard/p_damage_ge_90    | 0           |
|    hard/p_stars_ge_2      | 0.005       |
|    hard/score_mean        | 0.259       |
|    hard/stars_mean        | 0.02        |
|    hard/ticks_mean        | 630         |
|    hard/truncated_rate    | 0.035       |
|    medium/damage_mean     | 0.696       |
|    medium/ep_len_mean     | 75.2        |
|    medium/ep_rew_mean     | 2.11        |
|    medium/episodes_window | 200         |
|    medium/p_damage_ge_90  | 0.195       |
|    medium/p_stars_ge_2    | 0.555       |
|    medium/score_mean      | 2.18        |
|    medium/stars_mean      | 1.49        |
|    medium/ticks_mean      | 748         |
|    medium/truncated_rate  | 0.205       |
| rollout/                  |             |
|    ep_len_mean            | 70.2        |
|    ep_rew_mean            | 1.19        |
| throughput/               |             |
|    env_steps_per_sec      | 281         |
|    episodes_per_sec       | 4.68        |
| time/                     |             |
|    fps                    | 258         |
|    iterations             | 76          |
|    time_elapsed           | 14460       |
|    total_timesteps        | 3735552     |
| train/                    |             |
|    approx_kl              | 0.011705749 |
|    clip_fraction          | 0.138       |
|    clip_range             | 0.2         |
|    entropy_loss           | -5.07       |
|    explained_variance     | 0.903       |
|    learning_rate          | 0.0003      |
|    loss                   | -0.0504     |
|    n_updates              | 750         |
|    policy_gradient_loss   | -0.0176     |
|    value_loss             | 0.0601      |
-------------------------------------------
timesteps=3735648 | env_steps/sec=115.8 | episodes/sec=1.64 | gpu_util_mean=18% gpu_util_max=36% | gpu_mem_mean=2.3/47.8GB
timesteps=3736992 | env_steps/sec=257.4 | episodes/sec=4.79 | gpu_util_mean=0% gpu_util_max=1% | gpu_mem_mean=2.3/47.8GB
timesteps=3738432 | env_steps/sec=272.1 | episodes/sec=3.40 | gpu_util_mean=0% gpu_util_max=1% | gpu_mem_mean=2.3/47.8GB
timesteps=3740064 | env_steps/sec=317.7 | episodes/sec=4.09 | gpu_util_mean=0% gpu_util_max=0% | gpu_mem_mean=2.3/47.8GB
timesteps=3741504 | env_steps/sec=284.4 | episodes/sec=4.34 | gpu_util_mean=0% gpu_util_max=1% | gpu_mem_mean=2.3/47.8GB
timesteps=3742944 | env_steps/sec=274.1 | episodes/sec=4.57 | gpu_util_mean=0% gpu_util_max=0% | gpu_mem_mean=2.3/47.8GB
timesteps=3744384 | env_steps/sec=282.2 | episodes/sec=3.53 | gpu_util_mean=0% gpu_util_max=0% | gpu_mem_mean=2.3/47.8GB
timesteps=3745824 | env_steps/sec=280.6 | episodes/sec=4.68 | gpu_util_mean=16% gpu_util_max=32% | gpu_mem_mean=2.3/47.8GB
timesteps=3747264 | env_steps/sec=276.0 | episodes/sec=3.64 | gpu_util_mean=0% gpu_util_max=1% | gpu_mem_mean=2.3/47.8GB
timesteps=3748608 | env_steps/sec=266.2 | episodes/sec=3.37 | gpu_util_mean=0% gpu_util_max=1% | gpu_mem_mean=2.3/47.8GB
timesteps=3750048 | env_steps/sec=278.1 | episodes/sec=3.86 | gpu_util_mean=0% gpu_util_max=0% | gpu_mem_mean=2.3/47.8GB
timesteps=3751488 | env_steps/sec=287.1 | episodes/sec=4.39 | gpu_util_mean=0% gpu_util_max=0% | gpu_mem_mean=2.3/47.8GB
timesteps=3752928 | env_steps/sec=286.2 | episodes/sec=5.57 | gpu_util_mean=0% gpu_util_max=0% | gpu_mem_mean=2.3/47.8GB
timesteps=3754176 | env_steps/sec=243.4 | episodes/sec=2.54 | gpu_util_mean=0% gpu_util_max=0% | gpu_mem_mean=2.3/47.8GB
timesteps=3755616 | env_steps/sec=277.9 | episodes/sec=3.28 | gpu_util_mean=0% gpu_util_max=0% | gpu_mem_mean=2.3/47.8GB
timesteps=3756960 | env_steps/sec=252.0 | episodes/sec=3.94 | gpu_util_mean=0% gpu_util_max=1% | gpu_mem_mean=2.3/47.8GB
timesteps=3758400 | env_steps/sec=277.5 | episodes/sec=3.47 | gpu_util_mean=0% gpu_util_max=1% | gpu_mem_mean=2.3/47.8GB
timesteps=3759936 | env_steps/sec=292.5 | episodes/sec=6.67 | gpu_util_mean=1% gpu_util_max=1% | gpu_mem_mean=2.3/47.8GB
timesteps=3761280 | env_steps/sec=248.8 | episodes/sec=2.22 | gpu_util_mean=0% gpu_util_max=1% | gpu_mem_mean=2.3/47.8GB
timesteps=3762720 | env_steps/sec=286.2 | episodes/sec=3.78 | gpu_util_mean=0% gpu_util_max=1% | gpu_mem_mean=2.3/47.8GB
timesteps=3764160 | env_steps/sec=272.4 | episodes/sec=3.59 | gpu_util_mean=0% gpu_util_max=0% | gpu_mem_mean=2.3/47.8GB
timesteps=3765600 | env_steps/sec=283.2 | episodes/sec=5.70 | gpu_util_mean=0% gpu_util_max=0% | gpu_mem_mean=2.3/47.8GB
timesteps=3767040 | env_steps/sec=273.7 | episodes/sec=3.80 | gpu_util_mean=0% gpu_util_max=1% | gpu_mem_mean=2.3/47.8GB
timesteps=3768480 | env_steps/sec=285.3 | episodes/sec=3.96 | gpu_util_mean=0% gpu_util_max=1% | gpu_mem_mean=2.3/47.8GB
timesteps=3769824 | env_steps/sec=266.0 | episodes/sec=2.97 | gpu_util_mean=0% gpu_util_max=0% | gpu_mem_mean=2.3/47.8GB
timesteps=3771360 | env_steps/sec=297.1 | episodes/sec=5.03 | gpu_util_mean=0% gpu_util_max=0% | gpu_mem_mean=2.3/47.8GB
timesteps=3772800 | env_steps/sec=267.0 | episodes/sec=4.26 | gpu_util_mean=0% gpu_util_max=1% | gpu_mem_mean=2.3/47.8GB
timesteps=3774240 | env_steps/sec=271.6 | episodes/sec=3.96 | gpu_util_mean=0% gpu_util_max=0% | gpu_mem_mean=2.3/47.8GB
timesteps=3775584 | env_steps/sec=260.1 | episodes/sec=3.48 | gpu_util_mean=0% gpu_util_max=1% | gpu_mem_mean=2.3/47.8GB
timesteps=3777120 | env_steps/sec=292.0 | episodes/sec=3.80 | gpu_util_mean=0% gpu_util_max=0% | gpu_mem_mean=2.3/47.8GB
timesteps=3778560 | env_steps/sec=269.8 | episodes/sec=4.31 | gpu_util_mean=0% gpu_util_max=0% | gpu_mem_mean=2.3/47.8GB
timesteps=3779904 | env_steps/sec=265.1 | episodes/sec=3.55 | gpu_util_mean=0% gpu_util_max=0% | gpu_mem_mean=2.3/47.8GB
timesteps=3781344 | env_steps/sec=270.5 | episodes/sec=4.88 | gpu_util_mean=0% gpu_util_max=1% | gpu_mem_mean=2.3/47.8GB
timesteps=3782784 | env_steps/sec=269.0 | episodes/sec=2.99 | gpu_util_mean=0% gpu_util_max=0% | gpu_mem_mean=2.3/47.8GB
timesteps=3784224 | env_steps/sec=280.5 | episodes/sec=4.48 | gpu_util_mean=0% gpu_util_max=1% | gpu_mem_mean=2.3/47.8GB
-------------------------------------------
| gpu/                      |             |
|    gpu_count              | 2           |
|    gpu_mem_total_gb_mean  | 47.8        |
|    gpu_mem_used_gb_mean   | 2.33        |
|    gpu_util_pct_max       | 1           |
|    gpu_util_pct_mean      | 0.5         |
| profile/                  |             |
|    hard/damage_mean       | 0.237       |
|    hard/ep_len_mean       | 64.1        |
|    hard/ep_rew_mean       | 0.179       |
|    hard/episodes_window   | 200         |
|    hard/p_damage_ge_90    | 0           |
|    hard/p_stars_ge_2      | 0           |
|    hard/score_mean        | 0.242       |
|    hard/stars_mean        | 0.005       |
|    hard/ticks_mean        | 637         |
|    hard/truncated_rate    | 0.02        |
|    medium/damage_mean     | 0.727       |
|    medium/ep_len_mean     | 73.6        |
|    medium/ep_rew_mean     | 2.28        |
|    medium/episodes_window | 200         |
|    medium/p_damage_ge_90  | 0.265       |
|    medium/p_stars_ge_2    | 0.655       |
|    medium/score_mean      | 2.36        |
|    medium/stars_mean      | 1.63        |
|    medium/ticks_mean      | 732         |
|    medium/truncated_rate  | 0.145       |
| rollout/                  |             |
|    ep_len_mean            | 68.7        |
|    ep_rew_mean            | 1.18        |
| throughput/               |             |
|    env_steps_per_sec      | 280         |
|    episodes_per_sec       | 4.48        |
| time/                     |             |
|    fps                    | 258         |
|    iterations             | 77          |
|    time_elapsed           | 14646       |
|    total_timesteps        | 3784704     |
| train/                    |             |
|    approx_kl              | 0.013314228 |
|    clip_fraction          | 0.144       |
|    clip_range             | 0.2         |
|    entropy_loss           | -5.02       |
|    explained_variance     | 0.892       |
|    learning_rate          | 0.0003      |
|    loss                   | -0.047      |
|    n_updates              | 760         |
|    policy_gradient_loss   | -0.0171     |
|    value_loss             | 0.058       |
-------------------------------------------
timesteps=3784800 | env_steps/sec=63.6 | episodes/sec=0.66 | gpu_util_mean=19% gpu_util_max=37% | gpu_mem_mean=2.3/47.8GB
timesteps=3786336 | env_steps/sec=296.2 | episodes/sec=4.44 | gpu_util_mean=0% gpu_util_max=0% | gpu_mem_mean=2.3/47.8GB
timesteps=3787680 | env_steps/sec=255.9 | episodes/sec=4.95 | gpu_util_mean=0% gpu_util_max=1% | gpu_mem_mean=2.3/47.8GB
timesteps=3789120 | env_steps/sec=274.5 | episodes/sec=2.67 | gpu_util_mean=0% gpu_util_max=1% | gpu_mem_mean=2.3/47.8GB
timesteps=3790560 | env_steps/sec=273.7 | episodes/sec=4.18 | gpu_util_mean=0% gpu_util_max=1% | gpu_mem_mean=2.3/47.8GB
timesteps=3792000 | env_steps/sec=280.4 | episodes/sec=4.28 | gpu_util_mean=0% gpu_util_max=1% | gpu_mem_mean=2.3/47.8GB
timesteps=3793344 | env_steps/sec=268.3 | episodes/sec=4.39 | gpu_util_mean=0% gpu_util_max=1% | gpu_mem_mean=2.3/47.8GB
timesteps=3794784 | env_steps/sec=278.9 | episodes/sec=3.10 | gpu_util_mean=16% gpu_util_max=32% | gpu_mem_mean=2.3/47.8GB
timesteps=3796128 | env_steps/sec=267.8 | episodes/sec=4.38 | gpu_util_mean=0% gpu_util_max=0% | gpu_mem_mean=2.3/47.8GB
timesteps=3797568 | env_steps/sec=281.1 | episodes/sec=3.71 | gpu_util_mean=0% gpu_util_max=1% | gpu_mem_mean=2.3/47.8GB
timesteps=3799008 | env_steps/sec=279.0 | episodes/sec=5.04 | gpu_util_mean=0% gpu_util_max=0% | gpu_mem_mean=2.3/47.8GB
timesteps=3800352 | env_steps/sec=262.3 | episodes/sec=3.71 | gpu_util_mean=0% gpu_util_max=1% | gpu_mem_mean=2.3/47.8GB
timesteps=3801696 | env_steps/sec=264.4 | episodes/sec=3.93 | gpu_util_mean=0% gpu_util_max=1% | gpu_mem_mean=2.3/47.8GB
timesteps=3803040 | env_steps/sec=253.1 | episodes/sec=3.39 | gpu_util_mean=0% gpu_util_max=0% | gpu_mem_mean=2.3/47.8GB
timesteps=3804384 | env_steps/sec=267.4 | episodes/sec=3.78 | gpu_util_mean=0% gpu_util_max=0% | gpu_mem_mean=2.3/47.8GB
timesteps=3805824 | env_steps/sec=270.1 | episodes/sec=4.50 | gpu_util_mean=0% gpu_util_max=1% | gpu_mem_mean=2.3/47.8GB
timesteps=3807360 | env_steps/sec=291.7 | episodes/sec=3.42 | gpu_util_mean=0% gpu_util_max=0% | gpu_mem_mean=2.3/47.8GB
timesteps=3808800 | env_steps/sec=267.5 | episodes/sec=3.53 | gpu_util_mean=0% gpu_util_max=0% | gpu_mem_mean=2.3/47.8GB
timesteps=3810240 | env_steps/sec=277.5 | episodes/sec=4.82 | gpu_util_mean=0% gpu_util_max=1% | gpu_mem_mean=2.3/47.8GB
timesteps=3811584 | env_steps/sec=253.7 | episodes/sec=3.59 | gpu_util_mean=0% gpu_util_max=1% | gpu_mem_mean=2.3/47.8GB
timesteps=3813024 | env_steps/sec=281.4 | episodes/sec=4.10 | gpu_util_mean=0% gpu_util_max=1% | gpu_mem_mean=2.3/47.8GB
timesteps=3814464 | env_steps/sec=265.8 | episodes/sec=3.88 | gpu_util_mean=0% gpu_util_max=0% | gpu_mem_mean=2.3/47.8GB
timesteps=3815904 | env_steps/sec=269.9 | episodes/sec=4.50 | gpu_util_mean=0% gpu_util_max=1% | gpu_mem_mean=2.3/47.8GB
timesteps=3817248 | env_steps/sec=257.8 | episodes/sec=3.84 | gpu_util_mean=0% gpu_util_max=0% | gpu_mem_mean=2.3/47.8GB
timesteps=3818688 | env_steps/sec=271.3 | episodes/sec=3.39 | gpu_util_mean=0% gpu_util_max=0% | gpu_mem_mean=2.3/47.8GB
timesteps=3820032 | env_steps/sec=264.0 | episodes/sec=4.13 | gpu_util_mean=0% gpu_util_max=1% | gpu_mem_mean=2.3/47.8GB
timesteps=3821568 | env_steps/sec=289.2 | episodes/sec=3.58 | gpu_util_mean=1% gpu_util_max=1% | gpu_mem_mean=2.3/47.8GB
timesteps=3823104 | env_steps/sec=293.6 | episodes/sec=5.16 | gpu_util_mean=1% gpu_util_max=1% | gpu_mem_mean=2.3/47.8GB
timesteps=3824640 | env_steps/sec=293.2 | episodes/sec=3.82 | gpu_util_mean=0% gpu_util_max=0% | gpu_mem_mean=2.3/47.8GB
timesteps=3825984 | env_steps/sec=268.0 | episodes/sec=4.59 | gpu_util_mean=0% gpu_util_max=0% | gpu_mem_mean=2.3/47.8GB
timesteps=3827328 | env_steps/sec=263.7 | episodes/sec=3.14 | gpu_util_mean=0% gpu_util_max=0% | gpu_mem_mean=2.3/47.8GB
timesteps=3828768 | env_steps/sec=275.0 | episodes/sec=4.58 | gpu_util_mean=0% gpu_util_max=1% | gpu_mem_mean=2.3/47.8GB
timesteps=3830208 | env_steps/sec=280.0 | episodes/sec=4.67 | gpu_util_mean=0% gpu_util_max=1% | gpu_mem_mean=2.3/47.8GB
timesteps=3831552 | env_steps/sec=263.0 | episodes/sec=2.54 | gpu_util_mean=0% gpu_util_max=1% | gpu_mem_mean=2.3/47.8GB
timesteps=3833088 | env_steps/sec=306.4 | episodes/sec=5.79 | gpu_util_mean=0% gpu_util_max=1% | gpu_mem_mean=2.3/47.8GB
-------------------------------------------
| gpu/                      |             |
|    gpu_count              | 2           |
|    gpu_mem_total_gb_mean  | 47.8        |
|    gpu_mem_used_gb_mean   | 2.33        |
|    gpu_util_pct_max       | 1           |
|    gpu_util_pct_mean      | 0.5         |
| profile/                  |             |
|    hard/damage_mean       | 0.254       |
|    hard/ep_len_mean       | 64.9        |
|    hard/ep_rew_mean       | 0.19        |
|    hard/episodes_window   | 200         |
|    hard/p_damage_ge_90    | 0           |
|    hard/p_stars_ge_2      | 0           |
|    hard/score_mean        | 0.254       |
|    hard/stars_mean        | 0           |
|    hard/ticks_mean        | 644         |
|    hard/truncated_rate    | 0.04        |
|    medium/damage_mean     | 0.733       |
|    medium/ep_len_mean     | 72.4        |
|    medium/ep_rew_mean     | 2.3         |
|    medium/episodes_window | 200         |
|    medium/p_damage_ge_90  | 0.275       |
|    medium/p_stars_ge_2    | 0.635       |
|    medium/score_mean      | 2.37        |
|    medium/stars_mean      | 1.64        |
|    medium/ticks_mean      | 720         |
|    medium/truncated_rate  | 0.125       |
| rollout/                  |             |
|    ep_len_mean            | 67.4        |
|    ep_rew_mean            | 1.25        |
| throughput/               |             |
|    env_steps_per_sec      | 306         |
|    episodes_per_sec       | 5.79        |
| time/                     |             |
|    fps                    | 258         |
|    iterations             | 78          |
|    time_elapsed           | 14832       |
|    total_timesteps        | 3833856     |
| train/                    |             |
|    approx_kl              | 0.014013681 |
|    clip_fraction          | 0.128       |
|    clip_range             | 0.2         |
|    entropy_loss           | -5.02       |
|    explained_variance     | 0.901       |
|    learning_rate          | 0.0003      |
|    loss                   | -0.0513     |
|    n_updates              | 770         |
|    policy_gradient_loss   | -0.0176     |
|    value_loss             | 0.0588      |
-------------------------------------------
timesteps=3833952 | env_steps/sec=86.0 | episodes/sec=0.90 | gpu_util_mean=18% gpu_util_max=37% | gpu_mem_mean=2.3/47.8GB
timesteps=3835296 | env_steps/sec=264.8 | episodes/sec=4.33 | gpu_util_mean=0% gpu_util_max=0% | gpu_mem_mean=2.3/47.8GB
timesteps=3836640 | env_steps/sec=253.4 | episodes/sec=3.20 | gpu_util_mean=0% gpu_util_max=0% | gpu_mem_mean=2.3/47.8GB
timesteps=3838080 | env_steps/sec=282.8 | episodes/sec=3.54 | gpu_util_mean=0% gpu_util_max=0% | gpu_mem_mean=2.3/47.8GB
timesteps=3839424 | env_steps/sec=262.7 | episodes/sec=4.50 | gpu_util_mean=0% gpu_util_max=0% | gpu_mem_mean=2.3/47.8GB
timesteps=3840864 | env_steps/sec=274.8 | episodes/sec=3.82 | gpu_util_mean=0% gpu_util_max=0% | gpu_mem_mean=2.3/47.8GB
timesteps=3842304 | env_steps/sec=280.9 | episodes/sec=4.88 | gpu_util_mean=0% gpu_util_max=0% | gpu_mem_mean=2.3/47.8GB
timesteps=3843744 | env_steps/sec=285.2 | episodes/sec=2.77 | gpu_util_mean=16% gpu_util_max=33% | gpu_mem_mean=2.3/47.8GB
timesteps=3845088 | env_steps/sec=261.3 | episodes/sec=4.08 | gpu_util_mean=0% gpu_util_max=0% | gpu_mem_mean=2.3/47.8GB
timesteps=3846528 | env_steps/sec=281.0 | episodes/sec=4.29 | gpu_util_mean=0% gpu_util_max=0% | gpu_mem_mean=2.3/47.8GB
timesteps=3847968 | env_steps/sec=271.7 | episodes/sec=4.91 | gpu_util_mean=0% gpu_util_max=0% | gpu_mem_mean=2.3/47.8GB
timesteps=3849408 | env_steps/sec=280.6 | episodes/sec=2.92 | gpu_util_mean=0% gpu_util_max=1% | gpu_mem_mean=2.3/47.8GB
timesteps=3850848 | env_steps/sec=277.6 | episodes/sec=4.24 | gpu_util_mean=0% gpu_util_max=0% | gpu_mem_mean=2.3/47.8GB
timesteps=3852192 | env_steps/sec=264.0 | episodes/sec=3.93 | gpu_util_mean=0% gpu_util_max=1% | gpu_mem_mean=2.3/47.8GB
timesteps=3853536 | env_steps/sec=254.7 | episodes/sec=4.36 | gpu_util_mean=0% gpu_util_max=0% | gpu_mem_mean=2.3/47.8GB
timesteps=3855072 | env_steps/sec=287.8 | episodes/sec=3.75 | gpu_util_mean=0% gpu_util_max=1% | gpu_mem_mean=2.3/47.8GB
timesteps=3856416 | env_steps/sec=254.5 | episodes/sec=2.84 | gpu_util_mean=0% gpu_util_max=1% | gpu_mem_mean=2.3/47.8GB
timesteps=3857856 | env_steps/sec=275.0 | episodes/sec=3.82 | gpu_util_mean=0% gpu_util_max=0% | gpu_mem_mean=2.3/47.8GB
timesteps=3859200 | env_steps/sec=266.9 | episodes/sec=4.96 | gpu_util_mean=0% gpu_util_max=0% | gpu_mem_mean=2.3/47.8GB
timesteps=3860640 | env_steps/sec=278.7 | episodes/sec=4.45 | gpu_util_mean=0% gpu_util_max=0% | gpu_mem_mean=2.3/47.8GB
timesteps=3862080 | env_steps/sec=273.4 | episodes/sec=3.04 | gpu_util_mean=0% gpu_util_max=0% | gpu_mem_mean=2.3/47.8GB
timesteps=3863520 | env_steps/sec=278.8 | episodes/sec=2.90 | gpu_util_mean=0% gpu_util_max=1% | gpu_mem_mean=2.3/47.8GB
timesteps=3864960 | env_steps/sec=277.2 | episodes/sec=5.77 | gpu_util_mean=0% gpu_util_max=0% | gpu_mem_mean=2.3/47.8GB
timesteps=3866400 | env_steps/sec=279.4 | episodes/sec=4.46 | gpu_util_mean=0% gpu_util_max=1% | gpu_mem_mean=2.3/47.8GB
timesteps=3867840 | env_steps/sec=276.8 | episodes/sec=3.84 | gpu_util_mean=0% gpu_util_max=0% | gpu_mem_mean=2.3/47.8GB
timesteps=3869184 | env_steps/sec=268.0 | episodes/sec=2.79 | gpu_util_mean=0% gpu_util_max=0% | gpu_mem_mean=2.3/47.8GB
timesteps=3870528 | env_steps/sec=267.6 | episodes/sec=4.38 | gpu_util_mean=0% gpu_util_max=0% | gpu_mem_mean=2.3/47.8GB
timesteps=3872064 | env_steps/sec=289.8 | episodes/sec=5.09 | gpu_util_mean=0% gpu_util_max=0% | gpu_mem_mean=2.3/47.8GB
timesteps=3873408 | env_steps/sec=259.1 | episodes/sec=4.24 | gpu_util_mean=0% gpu_util_max=0% | gpu_mem_mean=2.3/47.8GB
timesteps=3874848 | env_steps/sec=273.3 | episodes/sec=2.85 | gpu_util_mean=0% gpu_util_max=0% | gpu_mem_mean=2.3/47.8GB
timesteps=3876096 | env_steps/sec=247.6 | episodes/sec=3.97 | gpu_util_mean=0% gpu_util_max=0% | gpu_mem_mean=2.3/47.8GB
timesteps=3877536 | env_steps/sec=286.2 | episodes/sec=4.17 | gpu_util_mean=0% gpu_util_max=0% | gpu_mem_mean=2.3/47.8GB
timesteps=3879072 | env_steps/sec=298.8 | episodes/sec=4.86 | gpu_util_mean=0% gpu_util_max=0% | gpu_mem_mean=2.3/47.8GB
timesteps=3880512 | env_steps/sec=286.9 | episodes/sec=2.79 | gpu_util_mean=0% gpu_util_max=0% | gpu_mem_mean=2.3/47.8GB
timesteps=3881856 | env_steps/sec=259.4 | episodes/sec=5.21 | gpu_util_mean=0% gpu_util_max=0% | gpu_mem_mean=2.3/47.8GB
-------------------------------------------
| gpu/                      |             |
|    gpu_count              | 2           |
|    gpu_mem_total_gb_mean  | 47.8        |
|    gpu_mem_used_gb_mean   | 2.33        |
|    gpu_util_pct_max       | 0           |
|    gpu_util_pct_mean      | 0           |
| profile/                  |             |
|    hard/damage_mean       | 0.25        |
|    hard/ep_len_mean       | 63.9        |
|    hard/ep_rew_mean       | 0.192       |
|    hard/episodes_window   | 200         |
|    hard/p_damage_ge_90    | 0           |
|    hard/p_stars_ge_2      | 0           |
|    hard/score_mean        | 0.255       |
|    hard/stars_mean        | 0.005       |
|    hard/ticks_mean        | 635         |
|    hard/truncated_rate    | 0.04        |
|    medium/damage_mean     | 0.717       |
|    medium/ep_len_mean     | 73.2        |
|    medium/ep_rew_mean     | 2.19        |
|    medium/episodes_window | 200         |
|    medium/p_damage_ge_90  | 0.245       |
|    medium/p_stars_ge_2    | 0.605       |
|    medium/score_mean      | 2.26        |
|    medium/stars_mean      | 1.54        |
|    medium/ticks_mean      | 728         |
|    medium/truncated_rate  | 0.135       |
| rollout/                  |             |
|    ep_len_mean            | 67.8        |
|    ep_rew_mean            | 1.14        |
| throughput/               |             |
|    env_steps_per_sec      | 259         |
|    episodes_per_sec       | 5.21        |
| time/                     |             |
|    fps                    | 258         |
|    iterations             | 79          |
|    time_elapsed           | 15020       |
|    total_timesteps        | 3883008     |
| train/                    |             |
|    approx_kl              | 0.013144632 |
|    clip_fraction          | 0.118       |
|    clip_range             | 0.2         |
|    entropy_loss           | -5.03       |
|    explained_variance     | 0.901       |
|    learning_rate          | 0.0003      |
|    loss                   | -0.0456     |
|    n_updates              | 780         |
|    policy_gradient_loss   | -0.0161     |
|    value_loss             | 0.0607      |
-------------------------------------------
timesteps=3883104 | env_steps/sec=107.2 | episodes/sec=1.46 | gpu_util_mean=16% gpu_util_max=32% | gpu_mem_mean=2.3/47.8GB
timesteps=3884544 | env_steps/sec=277.8 | episodes/sec=3.67 | gpu_util_mean=0% gpu_util_max=1% | gpu_mem_mean=2.3/47.8GB
timesteps=3886080 | env_steps/sec=294.3 | episodes/sec=3.45 | gpu_util_mean=0% gpu_util_max=0% | gpu_mem_mean=2.3/47.8GB
timesteps=3887520 | env_steps/sec=272.6 | episodes/sec=4.54 | gpu_util_mean=1% gpu_util_max=1% | gpu_mem_mean=2.3/47.8GB
timesteps=3888960 | env_steps/sec=285.6 | episodes/sec=3.77 | gpu_util_mean=1% gpu_util_max=1% | gpu_mem_mean=2.3/47.8GB
timesteps=3890400 | env_steps/sec=269.2 | episodes/sec=5.05 | gpu_util_mean=0% gpu_util_max=0% | gpu_mem_mean=2.3/47.8GB
timesteps=3891744 | env_steps/sec=262.1 | episodes/sec=3.51 | gpu_util_mean=0% gpu_util_max=0% | gpu_mem_mean=2.3/47.8GB
timesteps=3893184 | env_steps/sec=280.3 | episodes/sec=2.34 | gpu_util_mean=18% gpu_util_max=36% | gpu_mem_mean=2.3/47.8GB
timesteps=3894720 | env_steps/sec=300.8 | episodes/sec=4.50 | gpu_util_mean=0% gpu_util_max=0% | gpu_mem_mean=2.3/47.8GB
timesteps=3896160 | env_steps/sec=275.3 | episodes/sec=4.97 | gpu_util_mean=1% gpu_util_max=1% | gpu_mem_mean=2.3/47.8GB
timesteps=3897600 | env_steps/sec=273.6 | episodes/sec=4.18 | gpu_util_mean=0% gpu_util_max=0% | gpu_mem_mean=2.3/47.8GB
timesteps=3899040 | env_steps/sec=271.7 | episodes/sec=3.02 | gpu_util_mean=1% gpu_util_max=1% | gpu_mem_mean=2.3/47.8GB
timesteps=3900480 | env_steps/sec=267.1 | episodes/sec=3.15 | gpu_util_mean=0% gpu_util_max=0% | gpu_mem_mean=2.3/47.8GB
timesteps=3901920 | env_steps/sec=282.1 | episodes/sec=5.29 | gpu_util_mean=0% gpu_util_max=0% | gpu_mem_mean=2.3/47.8GB
timesteps=3903456 | env_steps/sec=286.1 | episodes/sec=4.10 | gpu_util_mean=0% gpu_util_max=1% | gpu_mem_mean=2.3/47.8GB
timesteps=3904896 | env_steps/sec=281.5 | episodes/sec=4.30 | gpu_util_mean=0% gpu_util_max=1% | gpu_mem_mean=2.3/47.8GB
timesteps=3906336 | env_steps/sec=273.7 | episodes/sec=2.85 | gpu_util_mean=0% gpu_util_max=0% | gpu_mem_mean=2.3/47.8GB
timesteps=3907776 | env_steps/sec=285.4 | episodes/sec=3.57 | gpu_util_mean=0% gpu_util_max=0% | gpu_mem_mean=2.3/47.8GB
timesteps=3909216 | env_steps/sec=282.6 | episodes/sec=5.89 | gpu_util_mean=0% gpu_util_max=1% | gpu_mem_mean=2.3/47.8GB
timesteps=3910752 | env_steps/sec=293.8 | episodes/sec=5.17 | gpu_util_mean=0% gpu_util_max=1% | gpu_mem_mean=2.3/47.8GB
timesteps=3912096 | env_steps/sec=259.1 | episodes/sec=2.31 | gpu_util_mean=1% gpu_util_max=1% | gpu_mem_mean=2.3/47.8GB
timesteps=3913536 | env_steps/sec=271.9 | episodes/sec=3.21 | gpu_util_mean=0% gpu_util_max=1% | gpu_mem_mean=2.3/47.8GB
timesteps=3915072 | env_steps/sec=294.2 | episodes/sec=4.60 | gpu_util_mean=0% gpu_util_max=1% | gpu_mem_mean=2.3/47.8GB
timesteps=3916512 | env_steps/sec=285.8 | episodes/sec=4.56 | gpu_util_mean=0% gpu_util_max=1% | gpu_mem_mean=2.3/47.8GB
timesteps=3917952 | env_steps/sec=275.3 | episodes/sec=4.78 | gpu_util_mean=0% gpu_util_max=0% | gpu_mem_mean=2.3/47.8GB
timesteps=3919392 | env_steps/sec=268.8 | episodes/sec=3.36 | gpu_util_mean=0% gpu_util_max=1% | gpu_mem_mean=2.3/47.8GB
timesteps=3920736 | env_steps/sec=266.3 | episodes/sec=2.58 | gpu_util_mean=0% gpu_util_max=0% | gpu_mem_mean=2.3/47.8GB
timesteps=3922272 | env_steps/sec=295.9 | episodes/sec=5.01 | gpu_util_mean=0% gpu_util_max=0% | gpu_mem_mean=2.3/47.8GB
timesteps=3923616 | env_steps/sec=263.5 | episodes/sec=5.10 | gpu_util_mean=0% gpu_util_max=0% | gpu_mem_mean=2.3/47.8GB
timesteps=3925152 | env_steps/sec=290.2 | episodes/sec=3.59 | gpu_util_mean=0% gpu_util_max=0% | gpu_mem_mean=2.3/47.8GB
timesteps=3926496 | env_steps/sec=257.9 | episodes/sec=3.65 | gpu_util_mean=0% gpu_util_max=0% | gpu_mem_mean=2.3/47.8GB
timesteps=3927936 | env_steps/sec=286.4 | episodes/sec=3.98 | gpu_util_mean=1% gpu_util_max=1% | gpu_mem_mean=2.3/47.8GB
timesteps=3929280 | env_steps/sec=267.4 | episodes/sec=4.18 | gpu_util_mean=0% gpu_util_max=1% | gpu_mem_mean=2.3/47.8GB
timesteps=3930720 | env_steps/sec=282.1 | episodes/sec=4.90 | gpu_util_mean=0% gpu_util_max=0% | gpu_mem_mean=2.3/47.8GB
timesteps=3932160 | env_steps/sec=270.5 | episodes/sec=3.94 | gpu_util_mean=0% gpu_util_max=0% | gpu_mem_mean=2.3/47.8GB
--------------------------------------------
| gpu/                      |              |
|    gpu_count              | 2            |
|    gpu_mem_total_gb_mean  | 47.8         |
|    gpu_mem_used_gb_mean   | 2.33         |
|    gpu_util_pct_max       | 0            |
|    gpu_util_pct_mean      | 0            |
| profile/                  |              |
|    hard/damage_mean       | 0.242        |
|    hard/ep_len_mean       | 64.3         |
|    hard/ep_rew_mean       | 0.183        |
|    hard/episodes_window   | 200          |
|    hard/p_damage_ge_90    | 0            |
|    hard/p_stars_ge_2      | 0            |
|    hard/score_mean        | 0.247        |
|    hard/stars_mean        | 0.005        |
|    hard/ticks_mean        | 638          |
|    hard/truncated_rate    | 0.03         |
|    medium/damage_mean     | 0.728        |
|    medium/ep_len_mean     | 74.1         |
|    medium/ep_rew_mean     | 2.32         |
|    medium/episodes_window | 200          |
|    medium/p_damage_ge_90  | 0.26         |
|    medium/p_stars_ge_2    | 0.62         |
|    medium/score_mean      | 2.39         |
|    medium/stars_mean      | 1.67         |
|    medium/ticks_mean      | 738          |
|    medium/truncated_rate  | 0.195        |
| rollout/                  |              |
|    ep_len_mean            | 67.3         |
|    ep_rew_mean            | 1.15         |
| throughput/               |              |
|    env_steps_per_sec      | 271          |
|    episodes_per_sec       | 3.94         |
| time/                     |              |
|    fps                    | 258          |
|    iterations             | 80           |
|    time_elapsed           | 15203        |
|    total_timesteps        | 3932160      |
| train/                    |              |
|    approx_kl              | 0.0147659555 |
|    clip_fraction          | 0.164        |
|    clip_range             | 0.2          |
|    entropy_loss           | -4.99        |
|    explained_variance     | 0.899        |
|    learning_rate          | 0.0003       |
|    loss                   | -0.0328      |
|    n_updates              | 790          |
|    policy_gradient_loss   | -0.016       |
|    value_loss             | 0.0584       |
--------------------------------------------
timesteps=3932256 | env_steps/sec=13.3 | episodes/sec=0.00 | gpu_util_mean=10% gpu_util_max=18% | gpu_mem_mean=2.3/47.8GB
timesteps=3933600 | env_steps/sec=260.0 | episodes/sec=3.29 | gpu_util_mean=0% gpu_util_max=1% | gpu_mem_mean=2.3/47.8GB
timesteps=3934944 | env_steps/sec=256.6 | episodes/sec=3.44 | gpu_util_mean=0% gpu_util_max=0% | gpu_mem_mean=2.3/47.8GB
timesteps=3936384 | env_steps/sec=278.4 | episodes/sec=4.45 | gpu_util_mean=0% gpu_util_max=1% | gpu_mem_mean=2.3/47.8GB
timesteps=3937824 | env_steps/sec=273.9 | episodes/sec=5.33 | gpu_util_mean=0% gpu_util_max=1% | gpu_mem_mean=2.3/47.8GB
timesteps=3939264 | env_steps/sec=276.7 | episodes/sec=3.27 | gpu_util_mean=1% gpu_util_max=1% | gpu_mem_mean=2.3/47.8GB
timesteps=3940608 | env_steps/sec=254.1 | episodes/sec=4.16 | gpu_util_mean=0% gpu_util_max=0% | gpu_mem_mean=2.3/47.8GB
timesteps=3942048 | env_steps/sec=279.1 | episodes/sec=2.33 | gpu_util_mean=18% gpu_util_max=37% | gpu_mem_mean=2.3/47.8GB
timesteps=3943584 | env_steps/sec=292.6 | episodes/sec=5.33 | gpu_util_mean=18% gpu_util_max=36% | gpu_mem_mean=2.3/47.8GB
timesteps=3945024 | env_steps/sec=282.1 | episodes/sec=3.92 | gpu_util_mean=0% gpu_util_max=0% | gpu_mem_mean=2.3/47.8GB
timesteps=3946464 | env_steps/sec=272.5 | episodes/sec=4.35 | gpu_util_mean=0% gpu_util_max=0% | gpu_mem_mean=2.3/47.8GB
timesteps=3947808 | env_steps/sec=268.5 | episodes/sec=2.80 | gpu_util_mean=0% gpu_util_max=0% | gpu_mem_mean=2.3/47.8GB
timesteps=3949248 | env_steps/sec=286.9 | episodes/sec=4.58 | gpu_util_mean=0% gpu_util_max=1% | gpu_mem_mean=2.3/47.8GB
timesteps=3950688 | env_steps/sec=283.6 | episodes/sec=4.14 | gpu_util_mean=1% gpu_util_max=1% | gpu_mem_mean=2.3/47.8GB
timesteps=3952224 | env_steps/sec=305.8 | episodes/sec=4.58 | gpu_util_mean=1% gpu_util_max=1% | gpu_mem_mean=2.3/47.8GB
timesteps=3953760 | env_steps/sec=299.0 | episodes/sec=4.09 | gpu_util_mean=0% gpu_util_max=0% | gpu_mem_mean=2.3/47.8GB
timesteps=3955296 | env_steps/sec=297.9 | episodes/sec=4.07 | gpu_util_mean=0% gpu_util_max=1% | gpu_mem_mean=2.3/47.8GB
timesteps=3956736 | env_steps/sec=286.6 | episodes/sec=4.18 | gpu_util_mean=1% gpu_util_max=1% | gpu_mem_mean=2.3/47.8GB
timesteps=3958272 | env_steps/sec=292.5 | episodes/sec=4.38 | gpu_util_mean=0% gpu_util_max=0% | gpu_mem_mean=2.3/47.8GB
timesteps=3959808 | env_steps/sec=293.8 | episodes/sec=4.21 | gpu_util_mean=1% gpu_util_max=1% | gpu_mem_mean=2.3/47.8GB
timesteps=3961152 | env_steps/sec=267.6 | episodes/sec=3.58 | gpu_util_mean=0% gpu_util_max=0% | gpu_mem_mean=2.3/47.8GB
timesteps=3962592 | env_steps/sec=278.4 | episodes/sec=4.64 | gpu_util_mean=0% gpu_util_max=0% | gpu_mem_mean=2.3/47.8GB
timesteps=3964032 | env_steps/sec=287.8 | episodes/sec=4.00 | gpu_util_mean=0% gpu_util_max=1% | gpu_mem_mean=2.3/47.8GB
timesteps=3965472 | env_steps/sec=272.6 | episodes/sec=3.60 | gpu_util_mean=0% gpu_util_max=0% | gpu_mem_mean=2.3/47.8GB
timesteps=3966816 | env_steps/sec=259.0 | episodes/sec=3.08 | gpu_util_mean=0% gpu_util_max=1% | gpu_mem_mean=2.3/47.8GB
timesteps=3968352 | env_steps/sec=292.4 | episodes/sec=4.57 | gpu_util_mean=0% gpu_util_max=1% | gpu_mem_mean=2.3/47.8GB
timesteps=3969696 | env_steps/sec=251.5 | episodes/sec=4.12 | gpu_util_mean=0% gpu_util_max=0% | gpu_mem_mean=2.3/47.8GB
timesteps=3971232 | env_steps/sec=292.0 | episodes/sec=4.75 | gpu_util_mean=0% gpu_util_max=1% | gpu_mem_mean=2.3/47.8GB
timesteps=3972576 | env_steps/sec=254.5 | episodes/sec=2.46 | gpu_util_mean=0% gpu_util_max=0% | gpu_mem_mean=2.3/47.8GB
timesteps=3973920 | env_steps/sec=265.5 | episodes/sec=4.54 | gpu_util_mean=0% gpu_util_max=1% | gpu_mem_mean=2.3/47.8GB
timesteps=3975264 | env_steps/sec=268.4 | episodes/sec=4.39 | gpu_util_mean=0% gpu_util_max=0% | gpu_mem_mean=2.3/47.8GB
timesteps=3976704 | env_steps/sec=271.4 | episodes/sec=3.77 | gpu_util_mean=0% gpu_util_max=1% | gpu_mem_mean=2.3/47.8GB
timesteps=3978144 | env_steps/sec=280.7 | episodes/sec=3.51 | gpu_util_mean=0% gpu_util_max=1% | gpu_mem_mean=2.3/47.8GB
timesteps=3979584 | env_steps/sec=271.9 | episodes/sec=4.15 | gpu_util_mean=0% gpu_util_max=1% | gpu_mem_mean=2.3/47.8GB
timesteps=3981024 | env_steps/sec=282.4 | episodes/sec=4.12 | gpu_util_mean=0% gpu_util_max=1% | gpu_mem_mean=2.3/47.8GB
-------------------------------------------
| gpu/                      |             |
|    gpu_count              | 2           |
|    gpu_mem_total_gb_mean  | 47.8        |
|    gpu_mem_used_gb_mean   | 2.33        |
|    gpu_util_pct_max       | 1           |
|    gpu_util_pct_mean      | 0.5         |
| profile/                  |             |
|    hard/damage_mean       | 0.242       |
|    hard/ep_len_mean       | 65.2        |
|    hard/ep_rew_mean       | 0.182       |
|    hard/episodes_window   | 200         |
|    hard/p_damage_ge_90    | 0           |
|    hard/p_stars_ge_2      | 0           |
|    hard/score_mean        | 0.247       |
|    hard/stars_mean        | 0.005       |
|    hard/ticks_mean        | 648         |
|    hard/truncated_rate    | 0.03        |
|    medium/damage_mean     | 0.723       |
|    medium/ep_len_mean     | 73.5        |
|    medium/ep_rew_mean     | 2.3         |
|    medium/episodes_window | 200         |
|    medium/p_damage_ge_90  | 0.235       |
|    medium/p_stars_ge_2    | 0.665       |
|    medium/score_mean      | 2.37        |
|    medium/stars_mean      | 1.65        |
|    medium/ticks_mean      | 732         |
|    medium/truncated_rate  | 0.175       |
| rollout/                  |             |
|    ep_len_mean            | 68.2        |
|    ep_rew_mean            | 1.22        |
| throughput/               |             |
|    env_steps_per_sec      | 282         |
|    episodes_per_sec       | 4.12        |
| time/                     |             |
|    fps                    | 258         |
|    iterations             | 81          |
|    time_elapsed           | 15387       |
|    total_timesteps        | 3981312     |
| train/                    |             |
|    approx_kl              | 0.014150606 |
|    clip_fraction          | 0.114       |
|    clip_range             | 0.2         |
|    entropy_loss           | -4.93       |
|    explained_variance     | 0.871       |
|    learning_rate          | 0.0003      |
|    loss                   | -0.0429     |
|    n_updates              | 800         |
|    policy_gradient_loss   | -0.0163     |
|    value_loss             | 0.0709      |
-------------------------------------------
timesteps=3981408 | env_steps/sec=46.8 | episodes/sec=1.22 | gpu_util_mean=4% gpu_util_max=9% | gpu_mem_mean=2.3/47.8GB
timesteps=3982848 | env_steps/sec=287.5 | episodes/sec=4.19 | gpu_util_mean=1% gpu_util_max=1% | gpu_mem_mean=2.3/47.8GB
timesteps=3984288 | env_steps/sec=276.4 | episodes/sec=3.46 | gpu_util_mean=0% gpu_util_max=0% | gpu_mem_mean=2.3/47.8GB
timesteps=3985728 | env_steps/sec=275.4 | episodes/sec=3.63 | gpu_util_mean=0% gpu_util_max=1% | gpu_mem_mean=2.3/47.8GB
timesteps=3987168 | env_steps/sec=271.4 | episodes/sec=3.96 | gpu_util_mean=0% gpu_util_max=0% | gpu_mem_mean=2.3/47.8GB
timesteps=3988608 | env_steps/sec=284.5 | episodes/sec=4.35 | gpu_util_mean=0% gpu_util_max=1% | gpu_mem_mean=2.3/47.8GB
timesteps=3990048 | env_steps/sec=274.9 | episodes/sec=5.15 | gpu_util_mean=0% gpu_util_max=1% | gpu_mem_mean=2.3/47.8GB
timesteps=3991392 | env_steps/sec=253.7 | episodes/sec=2.83 | gpu_util_mean=17% gpu_util_max=33% | gpu_mem_mean=2.3/47.8GB
timesteps=3992736 | env_steps/sec=267.9 | episodes/sec=2.79 | gpu_util_mean=0% gpu_util_max=1% | gpu_mem_mean=2.3/47.8GB
timesteps=3994176 | env_steps/sec=271.2 | episodes/sec=4.52 | gpu_util_mean=0% gpu_util_max=0% | gpu_mem_mean=2.3/47.8GB
timesteps=3995712 | env_steps/sec=281.6 | episodes/sec=3.85 | gpu_util_mean=0% gpu_util_max=1% | gpu_mem_mean=2.3/47.8GB
timesteps=3997056 | env_steps/sec=255.2 | episodes/sec=5.13 | gpu_util_mean=0% gpu_util_max=1% | gpu_mem_mean=2.3/47.8GB
timesteps=3998592 | env_steps/sec=290.7 | episodes/sec=3.03 | gpu_util_mean=1% gpu_util_max=1% | gpu_mem_mean=2.3/47.8GB
timesteps=4000032 | env_steps/sec=278.0 | episodes/sec=3.86 | gpu_util_mean=0% gpu_util_max=0% | gpu_mem_mean=2.3/47.8GB
timesteps=4001376 | env_steps/sec=262.1 | episodes/sec=3.90 | gpu_util_mean=0% gpu_util_max=1% | gpu_mem_mean=2.3/47.8GB
timesteps=4002720 | env_steps/sec=257.8 | episodes/sec=4.22 | gpu_util_mean=0% gpu_util_max=0% | gpu_mem_mean=2.3/47.8GB
timesteps=4004160 | env_steps/sec=276.2 | episodes/sec=4.03 | gpu_util_mean=0% gpu_util_max=1% | gpu_mem_mean=2.3/47.8GB
timesteps=4005600 | env_steps/sec=272.6 | episodes/sec=4.16 | gpu_util_mean=0% gpu_util_max=0% | gpu_mem_mean=2.3/47.8GB
timesteps=4007136 | env_steps/sec=288.4 | episodes/sec=3.57 | gpu_util_mean=0% gpu_util_max=1% | gpu_mem_mean=2.3/47.8GB
timesteps=4008480 | env_steps/sec=265.9 | episodes/sec=3.96 | gpu_util_mean=0% gpu_util_max=0% | gpu_mem_mean=2.3/47.8GB
timesteps=4009920 | env_steps/sec=283.7 | episodes/sec=5.12 | gpu_util_mean=0% gpu_util_max=0% | gpu_mem_mean=2.3/47.8GB
timesteps=4011264 | env_steps/sec=267.7 | episodes/sec=3.58 | gpu_util_mean=0% gpu_util_max=0% | gpu_mem_mean=2.3/47.8GB
timesteps=4012704 | env_steps/sec=281.4 | episodes/sec=3.91 | gpu_util_mean=1% gpu_util_max=1% | gpu_mem_mean=2.3/47.8GB
timesteps=4014048 | env_steps/sec=263.1 | episodes/sec=3.72 | gpu_util_mean=0% gpu_util_max=1% | gpu_mem_mean=2.3/47.8GB
timesteps=4015488 | env_steps/sec=287.0 | episodes/sec=4.98 | gpu_util_mean=0% gpu_util_max=0% | gpu_mem_mean=2.3/47.8GB
timesteps=4017024 | env_steps/sec=298.8 | episodes/sec=4.09 | gpu_util_mean=0% gpu_util_max=0% | gpu_mem_mean=2.3/47.8GB
timesteps=4018464 | env_steps/sec=272.1 | episodes/sec=3.78 | gpu_util_mean=0% gpu_util_max=0% | gpu_mem_mean=2.3/47.8GB
timesteps=4019904 | env_steps/sec=284.9 | episodes/sec=3.96 | gpu_util_mean=0% gpu_util_max=1% | gpu_mem_mean=2.3/47.8GB
timesteps=4021344 | env_steps/sec=279.6 | episodes/sec=3.88 | gpu_util_mean=0% gpu_util_max=0% | gpu_mem_mean=2.3/47.8GB
timesteps=4022784 | env_steps/sec=275.7 | episodes/sec=4.98 | gpu_util_mean=0% gpu_util_max=0% | gpu_mem_mean=2.3/47.8GB
timesteps=4024224 | env_steps/sec=282.3 | episodes/sec=3.14 | gpu_util_mean=0% gpu_util_max=0% | gpu_mem_mean=2.3/47.8GB
timesteps=4025664 | env_steps/sec=284.6 | episodes/sec=4.35 | gpu_util_mean=0% gpu_util_max=0% | gpu_mem_mean=2.3/47.8GB
timesteps=4027104 | env_steps/sec=270.4 | episodes/sec=3.76 | gpu_util_mean=0% gpu_util_max=0% | gpu_mem_mean=2.3/47.8GB
timesteps=4028640 | env_steps/sec=296.0 | episodes/sec=4.24 | gpu_util_mean=0% gpu_util_max=1% | gpu_mem_mean=2.3/47.8GB
timesteps=4030176 | env_steps/sec=290.7 | episodes/sec=4.54 | gpu_util_mean=0% gpu_util_max=1% | gpu_mem_mean=2.3/47.8GB
-------------------------------------------
| gpu/                      |             |
|    gpu_count              | 2           |
|    gpu_mem_total_gb_mean  | 47.8        |
|    gpu_mem_used_gb_mean   | 2.33        |
|    gpu_util_pct_max       | 1           |
|    gpu_util_pct_mean      | 0.5         |
| profile/                  |             |
|    hard/damage_mean       | 0.245       |
|    hard/ep_len_mean       | 64.6        |
|    hard/ep_rew_mean       | 0.186       |
|    hard/episodes_window   | 200         |
|    hard/p_damage_ge_90    | 0           |
|    hard/p_stars_ge_2      | 0           |
|    hard/score_mean        | 0.25        |
|    hard/stars_mean        | 0.005       |
|    hard/ticks_mean        | 642         |
|    hard/truncated_rate    | 0.035       |
|    medium/damage_mean     | 0.738       |
|    medium/ep_len_mean     | 72.9        |
|    medium/ep_rew_mean     | 2.42        |
|    medium/episodes_window | 200         |
|    medium/p_damage_ge_90  | 0.235       |
|    medium/p_stars_ge_2    | 0.715       |
|    medium/score_mean      | 2.49        |
|    medium/stars_mean      | 1.75        |
|    medium/ticks_mean      | 725         |
|    medium/truncated_rate  | 0.13        |
| rollout/                  |             |
|    ep_len_mean            | 70.4        |
|    ep_rew_mean            | 1.31        |
| throughput/               |             |
|    env_steps_per_sec      | 291         |
|    episodes_per_sec       | 4.54        |
| time/                     |             |
|    fps                    | 258         |
|    iterations             | 82          |
|    time_elapsed           | 15572       |
|    total_timesteps        | 4030464     |
| train/                    |             |
|    approx_kl              | 0.017560173 |
|    clip_fraction          | 0.157       |
|    clip_range             | 0.2         |
|    entropy_loss           | -4.91       |
|    explained_variance     | 0.883       |
|    learning_rate          | 0.0003      |
|    loss                   | -0.047      |
|    n_updates              | 810         |
|    policy_gradient_loss   | -0.0187     |
|    value_loss             | 0.0645      |
-------------------------------------------
timesteps=4030560 | env_steps/sec=46.8 | episodes/sec=0.24 | gpu_util_mean=18% gpu_util_max=35% | gpu_mem_mean=2.3/47.8GB
timesteps=4032096 | env_steps/sec=292.6 | episodes/sec=4.76 | gpu_util_mean=0% gpu_util_max=1% | gpu_mem_mean=2.3/47.8GB
timesteps=4033632 | env_steps/sec=300.4 | episodes/sec=4.50 | gpu_util_mean=0% gpu_util_max=0% | gpu_mem_mean=2.3/47.8GB
timesteps=4035168 | env_steps/sec=292.2 | episodes/sec=3.99 | gpu_util_mean=0% gpu_util_max=1% | gpu_mem_mean=2.3/47.8GB
timesteps=4036608 | env_steps/sec=279.4 | episodes/sec=4.66 | gpu_util_mean=0% gpu_util_max=0% | gpu_mem_mean=2.3/47.8GB
timesteps=4037952 | env_steps/sec=258.1 | episodes/sec=3.65 | gpu_util_mean=0% gpu_util_max=1% | gpu_mem_mean=2.3/47.8GB
timesteps=4039392 | env_steps/sec=287.0 | episodes/sec=3.99 | gpu_util_mean=18% gpu_util_max=37% | gpu_mem_mean=2.3/47.8GB
timesteps=4040928 | env_steps/sec=290.5 | episodes/sec=4.35 | gpu_util_mean=18% gpu_util_max=35% | gpu_mem_mean=2.3/47.8GB
timesteps=4042272 | env_steps/sec=258.4 | episodes/sec=3.65 | gpu_util_mean=0% gpu_util_max=1% | gpu_mem_mean=2.3/47.8GB
timesteps=4043808 | env_steps/sec=289.1 | episodes/sec=3.95 | gpu_util_mean=0% gpu_util_max=0% | gpu_mem_mean=2.3/47.8GB
timesteps=4045248 | env_steps/sec=275.7 | episodes/sec=4.40 | gpu_util_mean=0% gpu_util_max=0% | gpu_mem_mean=2.3/47.8GB
timesteps=4046688 | env_steps/sec=276.0 | episodes/sec=3.45 | gpu_util_mean=0% gpu_util_max=1% | gpu_mem_mean=2.3/47.8GB
timesteps=4048032 | env_steps/sec=265.6 | episodes/sec=4.35 | gpu_util_mean=0% gpu_util_max=0% | gpu_mem_mean=2.3/47.8GB
timesteps=4049568 | env_steps/sec=291.5 | episodes/sec=4.37 | gpu_util_mean=0% gpu_util_max=0% | gpu_mem_mean=2.3/47.8GB
timesteps=4051104 | env_steps/sec=291.6 | episodes/sec=3.42 | gpu_util_mean=0% gpu_util_max=1% | gpu_mem_mean=2.3/47.8GB
timesteps=4052640 | env_steps/sec=289.6 | episodes/sec=3.96 | gpu_util_mean=0% gpu_util_max=1% | gpu_mem_mean=2.3/47.8GB
timesteps=4053984 | env_steps/sec=258.5 | episodes/sec=4.23 | gpu_util_mean=0% gpu_util_max=0% | gpu_mem_mean=2.3/47.8GB
timesteps=4055424 | env_steps/sec=274.9 | episodes/sec=5.15 | gpu_util_mean=0% gpu_util_max=0% | gpu_mem_mean=2.3/47.8GB
timesteps=4056672 | env_steps/sec=241.5 | episodes/sec=3.68 | gpu_util_mean=0% gpu_util_max=1% | gpu_mem_mean=2.3/47.8GB
timesteps=4058112 | env_steps/sec=269.7 | episodes/sec=2.43 | gpu_util_mean=0% gpu_util_max=0% | gpu_mem_mean=2.3/47.8GB
timesteps=4059552 | env_steps/sec=274.0 | episodes/sec=3.62 | gpu_util_mean=0% gpu_util_max=0% | gpu_mem_mean=2.3/47.8GB
timesteps=4060992 | env_steps/sec=285.1 | episodes/sec=4.95 | gpu_util_mean=0% gpu_util_max=0% | gpu_mem_mean=2.3/47.8GB
timesteps=4062528 | env_steps/sec=299.9 | episodes/sec=4.30 | gpu_util_mean=0% gpu_util_max=1% | gpu_mem_mean=2.3/47.8GB
timesteps=4064064 | env_steps/sec=304.5 | episodes/sec=3.77 | gpu_util_mean=1% gpu_util_max=1% | gpu_mem_mean=2.3/47.8GB
timesteps=4065408 | env_steps/sec=263.9 | episodes/sec=4.32 | gpu_util_mean=0% gpu_util_max=0% | gpu_mem_mean=2.3/47.8GB
timesteps=4066752 | env_steps/sec=266.2 | episodes/sec=4.55 | gpu_util_mean=0% gpu_util_max=0% | gpu_mem_mean=2.3/47.8GB
timesteps=4068192 | env_steps/sec=274.2 | episodes/sec=3.43 | gpu_util_mean=0% gpu_util_max=0% | gpu_mem_mean=2.3/47.8GB
timesteps=4069536 | env_steps/sec=263.8 | episodes/sec=3.93 | gpu_util_mean=0% gpu_util_max=1% | gpu_mem_mean=2.3/47.8GB
timesteps=4070976 | env_steps/sec=272.4 | episodes/sec=3.78 | gpu_util_mean=0% gpu_util_max=0% | gpu_mem_mean=2.3/47.8GB
timesteps=4072416 | env_steps/sec=287.6 | episodes/sec=3.60 | gpu_util_mean=0% gpu_util_max=0% | gpu_mem_mean=2.3/47.8GB
timesteps=4073856 | env_steps/sec=277.3 | episodes/sec=5.01 | gpu_util_mean=0% gpu_util_max=1% | gpu_mem_mean=2.3/47.8GB
timesteps=4075296 | env_steps/sec=275.5 | episodes/sec=4.21 | gpu_util_mean=0% gpu_util_max=0% | gpu_mem_mean=2.3/47.8GB
timesteps=4076640 | env_steps/sec=249.5 | episodes/sec=2.97 | gpu_util_mean=0% gpu_util_max=0% | gpu_mem_mean=2.3/47.8GB
timesteps=4077888 | env_steps/sec=240.3 | episodes/sec=3.66 | gpu_util_mean=0% gpu_util_max=1% | gpu_mem_mean=2.3/47.8GB
timesteps=4079424 | env_steps/sec=295.3 | episodes/sec=4.61 | gpu_util_mean=1% gpu_util_max=1% | gpu_mem_mean=2.3/47.8GB
------------------------------------------
| gpu/                      |            |
|    gpu_count              | 2          |
|    gpu_mem_total_gb_mean  | 47.8       |
|    gpu_mem_used_gb_mean   | 2.33       |
|    gpu_util_pct_max       | 1          |
|    gpu_util_pct_mean      | 1          |
| profile/                  |            |
|    hard/damage_mean       | 0.253      |
|    hard/ep_len_mean       | 65         |
|    hard/ep_rew_mean       | 0.203      |
|    hard/episodes_window   | 200        |
|    hard/p_damage_ge_90    | 0          |
|    hard/p_stars_ge_2      | 0.005      |
|    hard/score_mean        | 0.268      |
|    hard/stars_mean        | 0.015      |
|    hard/ticks_mean        | 645        |
|    hard/truncated_rate    | 0.015      |
|    medium/damage_mean     | 0.737      |
|    medium/ep_len_mean     | 73.6       |
|    medium/ep_rew_mean     | 2.34       |
|    medium/episodes_window | 200        |
|    medium/p_damage_ge_90  | 0.285      |
|    medium/p_stars_ge_2    | 0.69       |
|    medium/score_mean      | 2.42       |
|    medium/stars_mean      | 1.68       |
|    medium/ticks_mean      | 733        |
|    medium/truncated_rate  | 0.18       |
| rollout/                  |            |
|    ep_len_mean            | 69         |
|    ep_rew_mean            | 1.23       |
| throughput/               |            |
|    env_steps_per_sec      | 295        |
|    episodes_per_sec       | 4.61       |
| time/                     |            |
|    fps                    | 258        |
|    iterations             | 83         |
|    time_elapsed           | 15756      |
|    total_timesteps        | 4079616    |
| train/                    |            |
|    approx_kl              | 0.01610069 |
|    clip_fraction          | 0.161      |
|    clip_range             | 0.2        |
|    entropy_loss           | -4.92      |
|    explained_variance     | 0.91       |
|    learning_rate          | 0.0003     |
|    loss                   | -0.0426    |
|    n_updates              | 820        |
|    policy_gradient_loss   | -0.0185    |
|    value_loss             | 0.0575     |
------------------------------------------
timesteps=4079712 | env_steps/sec=36.6 | episodes/sec=0.76 | gpu_util_mean=0% gpu_util_max=0% | gpu_mem_mean=2.3/47.8GB
timesteps=4081152 | env_steps/sec=286.9 | episodes/sec=4.18 | gpu_util_mean=0% gpu_util_max=1% | gpu_mem_mean=2.3/47.8GB
timesteps=4082592 | env_steps/sec=278.2 | episodes/sec=2.51 | gpu_util_mean=0% gpu_util_max=1% | gpu_mem_mean=2.3/47.8GB
timesteps=4084032 | env_steps/sec=272.1 | episodes/sec=3.21 | gpu_util_mean=0% gpu_util_max=1% | gpu_mem_mean=2.3/47.8GB
timesteps=4085376 | env_steps/sec=255.7 | episodes/sec=5.71 | gpu_util_mean=0% gpu_util_max=1% | gpu_mem_mean=2.3/47.8GB
timesteps=4086816 | env_steps/sec=272.4 | episodes/sec=5.11 | gpu_util_mean=16% gpu_util_max=33% | gpu_mem_mean=2.3/47.8GB
timesteps=4088256 | env_steps/sec=284.9 | episodes/sec=2.37 | gpu_util_mean=0% gpu_util_max=0% | gpu_mem_mean=2.3/47.8GB
timesteps=4089600 | env_steps/sec=251.0 | episodes/sec=2.80 | gpu_util_mean=0% gpu_util_max=1% | gpu_mem_mean=2.3/47.8GB
timesteps=4091040 | env_steps/sec=286.0 | episodes/sec=4.77 | gpu_util_mean=0% gpu_util_max=1% | gpu_mem_mean=2.3/47.8GB
timesteps=4092576 | env_steps/sec=291.8 | episodes/sec=5.13 | gpu_util_mean=0% gpu_util_max=1% | gpu_mem_mean=2.3/47.8GB
timesteps=4093920 | env_steps/sec=258.2 | episodes/sec=4.61 | gpu_util_mean=0% gpu_util_max=1% | gpu_mem_mean=2.3/47.8GB
timesteps=4095264 | env_steps/sec=262.8 | episodes/sec=1.17 | gpu_util_mean=0% gpu_util_max=0% | gpu_mem_mean=2.3/47.8GB
timesteps=4096704 | env_steps/sec=269.1 | episodes/sec=4.30 | gpu_util_mean=0% gpu_util_max=0% | gpu_mem_mean=2.3/47.8GB
timesteps=4098144 | env_steps/sec=286.9 | episodes/sec=5.38 | gpu_util_mean=1% gpu_util_max=1% | gpu_mem_mean=2.3/47.8GB
timesteps=4099584 | env_steps/sec=284.6 | episodes/sec=4.35 | gpu_util_mean=0% gpu_util_max=1% | gpu_mem_mean=2.3/47.8GB
timesteps=4101024 | env_steps/sec=278.9 | episodes/sec=3.49 | gpu_util_mean=0% gpu_util_max=0% | gpu_mem_mean=2.3/47.8GB
timesteps=4102464 | env_steps/sec=286.2 | episodes/sec=3.97 | gpu_util_mean=0% gpu_util_max=1% | gpu_mem_mean=2.3/47.8GB
timesteps=4103808 | env_steps/sec=268.2 | episodes/sec=4.19 | gpu_util_mean=0% gpu_util_max=0% | gpu_mem_mean=2.3/47.8GB
timesteps=4105248 | env_steps/sec=269.3 | episodes/sec=4.30 | gpu_util_mean=0% gpu_util_max=1% | gpu_mem_mean=2.3/47.8GB
timesteps=4106688 | env_steps/sec=271.7 | episodes/sec=3.40 | gpu_util_mean=0% gpu_util_max=0% | gpu_mem_mean=2.3/47.8GB
timesteps=4108032 | env_steps/sec=268.7 | episodes/sec=4.00 | gpu_util_mean=0% gpu_util_max=1% | gpu_mem_mean=2.3/47.8GB
timesteps=4109472 | env_steps/sec=283.3 | episodes/sec=5.12 | gpu_util_mean=0% gpu_util_max=1% | gpu_mem_mean=2.3/47.8GB
timesteps=4110912 | env_steps/sec=270.1 | episodes/sec=3.75 | gpu_util_mean=0% gpu_util_max=1% | gpu_mem_mean=2.3/47.8GB
timesteps=4112256 | env_steps/sec=262.8 | episodes/sec=3.71 | gpu_util_mean=0% gpu_util_max=0% | gpu_mem_mean=2.3/47.8GB
timesteps=4113696 | env_steps/sec=270.9 | episodes/sec=3.20 | gpu_util_mean=0% gpu_util_max=1% | gpu_mem_mean=2.3/47.8GB
timesteps=4115136 | env_steps/sec=275.4 | episodes/sec=4.40 | gpu_util_mean=0% gpu_util_max=0% | gpu_mem_mean=2.3/47.8GB
timesteps=4116672 | env_steps/sec=291.8 | episodes/sec=4.75 | gpu_util_mean=0% gpu_util_max=1% | gpu_mem_mean=2.3/47.8GB
timesteps=4118112 | env_steps/sec=285.8 | episodes/sec=3.97 | gpu_util_mean=0% gpu_util_max=1% | gpu_mem_mean=2.3/47.8GB
timesteps=4119648 | env_steps/sec=297.6 | episodes/sec=4.46 | gpu_util_mean=0% gpu_util_max=1% | gpu_mem_mean=2.3/47.8GB
timesteps=4120992 | env_steps/sec=263.4 | episodes/sec=3.33 | gpu_util_mean=0% gpu_util_max=0% | gpu_mem_mean=2.3/47.8GB
timesteps=4122528 | env_steps/sec=285.5 | episodes/sec=4.83 | gpu_util_mean=0% gpu_util_max=1% | gpu_mem_mean=2.3/47.8GB
timesteps=4123968 | env_steps/sec=277.6 | episodes/sec=3.86 | gpu_util_mean=0% gpu_util_max=0% | gpu_mem_mean=2.3/47.8GB
timesteps=4125504 | env_steps/sec=290.1 | episodes/sec=3.97 | gpu_util_mean=1% gpu_util_max=1% | gpu_mem_mean=2.3/47.8GB
timesteps=4126848 | env_steps/sec=265.7 | episodes/sec=3.76 | gpu_util_mean=0% gpu_util_max=0% | gpu_mem_mean=2.3/47.8GB
timesteps=4128192 | env_steps/sec=266.9 | episodes/sec=4.37 | gpu_util_mean=0% gpu_util_max=1% | gpu_mem_mean=2.3/47.8GB
-------------------------------------------
| gpu/                      |             |
|    gpu_count              | 2           |
|    gpu_mem_total_gb_mean  | 47.8        |
|    gpu_mem_used_gb_mean   | 2.33        |
|    gpu_util_pct_max       | 1           |
|    gpu_util_pct_mean      | 0.5         |
| profile/                  |             |
|    hard/damage_mean       | 0.226       |
|    hard/ep_len_mean       | 64.3        |
|    hard/ep_rew_mean       | 0.163       |
|    hard/episodes_window   | 200         |
|    hard/p_damage_ge_90    | 0           |
|    hard/p_stars_ge_2      | 0           |
|    hard/score_mean        | 0.226       |
|    hard/stars_mean        | 0           |
|    hard/ticks_mean        | 639         |
|    hard/truncated_rate    | 0.035       |
|    medium/damage_mean     | 0.719       |
|    medium/ep_len_mean     | 73          |
|    medium/ep_rew_mean     | 2.29        |
|    medium/episodes_window | 200         |
|    medium/p_damage_ge_90  | 0.235       |
|    medium/p_stars_ge_2    | 0.66        |
|    medium/score_mean      | 2.36        |
|    medium/stars_mean      | 1.65        |
|    medium/ticks_mean      | 726         |
|    medium/truncated_rate  | 0.145       |
| rollout/                  |             |
|    ep_len_mean            | 68.6        |
|    ep_rew_mean            | 1.18        |
| throughput/               |             |
|    env_steps_per_sec      | 267         |
|    episodes_per_sec       | 4.37        |
| time/                     |             |
|    fps                    | 258         |
|    iterations             | 84          |
|    time_elapsed           | 15941       |
|    total_timesteps        | 4128768     |
| train/                    |             |
|    approx_kl              | 0.013432632 |
|    clip_fraction          | 0.137       |
|    clip_range             | 0.2         |
|    entropy_loss           | -4.87       |
|    explained_variance     | 0.913       |
|    learning_rate          | 0.0003      |
|    loss                   | -0.0397     |
|    n_updates              | 830         |
|    policy_gradient_loss   | -0.0152     |
|    value_loss             | 0.0626      |
-------------------------------------------
timesteps=4128864 | env_steps/sec=71.3 | episodes/sec=0.64 | gpu_util_mean=19% gpu_util_max=37% | gpu_mem_mean=2.3/47.8GB
timesteps=4130304 | env_steps/sec=272.6 | episodes/sec=3.79 | gpu_util_mean=0% gpu_util_max=0% | gpu_mem_mean=2.3/47.8GB
timesteps=4131744 | env_steps/sec=276.4 | episodes/sec=4.22 | gpu_util_mean=0% gpu_util_max=0% | gpu_mem_mean=2.3/47.8GB
timesteps=4133088 | env_steps/sec=256.8 | episodes/sec=4.59 | gpu_util_mean=0% gpu_util_max=1% | gpu_mem_mean=2.3/47.8GB
timesteps=4134528 | env_steps/sec=278.8 | episodes/sec=3.29 | gpu_util_mean=0% gpu_util_max=0% | gpu_mem_mean=2.3/47.8GB
timesteps=4135968 | env_steps/sec=278.1 | episodes/sec=3.67 | gpu_util_mean=18% gpu_util_max=36% | gpu_mem_mean=2.3/47.8GB
timesteps=4137312 | env_steps/sec=267.6 | episodes/sec=3.58 | gpu_util_mean=1% gpu_util_max=1% | gpu_mem_mean=2.3/47.8GB
timesteps=4138752 | env_steps/sec=276.3 | episodes/sec=5.76 | gpu_util_mean=0% gpu_util_max=0% | gpu_mem_mean=2.3/47.8GB
timesteps=4140192 | env_steps/sec=280.7 | episodes/sec=3.31 | gpu_util_mean=0% gpu_util_max=0% | gpu_mem_mean=2.3/47.8GB
timesteps=4141632 | env_steps/sec=278.1 | episodes/sec=3.48 | gpu_util_mean=0% gpu_util_max=0% | gpu_mem_mean=2.3/47.8GB
timesteps=4143072 | env_steps/sec=281.0 | episodes/sec=4.10 | gpu_util_mean=0% gpu_util_max=0% | gpu_mem_mean=2.3/47.8GB
timesteps=4144416 | env_steps/sec=267.1 | episodes/sec=4.57 | gpu_util_mean=0% gpu_util_max=1% | gpu_mem_mean=2.3/47.8GB
timesteps=4145856 | env_steps/sec=281.0 | episodes/sec=4.29 | gpu_util_mean=0% gpu_util_max=0% | gpu_mem_mean=2.3/47.8GB
timesteps=4147296 | env_steps/sec=273.0 | episodes/sec=5.12 | gpu_util_mean=0% gpu_util_max=1% | gpu_mem_mean=2.3/47.8GB
timesteps=4148736 | env_steps/sec=281.5 | episodes/sec=2.15 | gpu_util_mean=0% gpu_util_max=0% | gpu_mem_mean=2.3/47.8GB
timesteps=4150176 | env_steps/sec=277.3 | episodes/sec=3.85 | gpu_util_mean=0% gpu_util_max=0% | gpu_mem_mean=2.3/47.8GB
timesteps=4151616 | env_steps/sec=270.7 | episodes/sec=4.70 | gpu_util_mean=0% gpu_util_max=1% | gpu_mem_mean=2.3/47.8GB
timesteps=4153056 | env_steps/sec=275.4 | episodes/sec=4.59 | gpu_util_mean=0% gpu_util_max=1% | gpu_mem_mean=2.3/47.8GB
timesteps=4154592 | env_steps/sec=290.1 | episodes/sec=3.97 | gpu_util_mean=0% gpu_util_max=0% | gpu_mem_mean=2.3/47.8GB
timesteps=4156032 | env_steps/sec=285.9 | episodes/sec=3.18 | gpu_util_mean=0% gpu_util_max=0% | gpu_mem_mean=2.3/47.8GB
timesteps=4157472 | env_steps/sec=271.8 | episodes/sec=4.53 | gpu_util_mean=0% gpu_util_max=0% | gpu_mem_mean=2.3/47.8GB
timesteps=4158912 | env_steps/sec=276.3 | episodes/sec=3.84 | gpu_util_mean=0% gpu_util_max=1% | gpu_mem_mean=2.3/47.8GB
timesteps=4160256 | env_steps/sec=255.0 | episodes/sec=3.80 | gpu_util_mean=0% gpu_util_max=1% | gpu_mem_mean=2.3/47.8GB
timesteps=4161792 | env_steps/sec=288.9 | episodes/sec=3.39 | gpu_util_mean=1% gpu_util_max=1% | gpu_mem_mean=2.3/47.8GB
timesteps=4163232 | env_steps/sec=271.0 | episodes/sec=4.71 | gpu_util_mean=0% gpu_util_max=1% | gpu_mem_mean=2.3/47.8GB
timesteps=4164672 | env_steps/sec=271.8 | episodes/sec=4.34 | gpu_util_mean=0% gpu_util_max=1% | gpu_mem_mean=2.3/47.8GB
timesteps=4166112 | env_steps/sec=282.7 | episodes/sec=3.14 | gpu_util_mean=0% gpu_util_max=1% | gpu_mem_mean=2.3/47.8GB
timesteps=4167648 | env_steps/sec=288.6 | episodes/sec=3.76 | gpu_util_mean=0% gpu_util_max=1% | gpu_mem_mean=2.3/47.8GB
timesteps=4169088 | env_steps/sec=285.5 | episodes/sec=4.96 | gpu_util_mean=0% gpu_util_max=1% | gpu_mem_mean=2.3/47.8GB
timesteps=4170720 | env_steps/sec=320.5 | episodes/sec=4.71 | gpu_util_mean=0% gpu_util_max=1% | gpu_mem_mean=2.3/47.8GB
timesteps=4172160 | env_steps/sec=280.8 | episodes/sec=4.29 | gpu_util_mean=0% gpu_util_max=1% | gpu_mem_mean=2.3/47.8GB
timesteps=4173504 | env_steps/sec=268.6 | episodes/sec=3.20 | gpu_util_mean=1% gpu_util_max=1% | gpu_mem_mean=2.3/47.8GB
timesteps=4175040 | env_steps/sec=304.7 | episodes/sec=4.56 | gpu_util_mean=0% gpu_util_max=0% | gpu_mem_mean=2.3/47.8GB
timesteps=4176576 | env_steps/sec=305.6 | episodes/sec=4.38 | gpu_util_mean=0% gpu_util_max=1% | gpu_mem_mean=2.3/47.8GB
-------------------------------------------
| gpu/                      |             |
|    gpu_count              | 2           |
|    gpu_mem_total_gb_mean  | 47.8        |
|    gpu_mem_used_gb_mean   | 2.33        |
|    gpu_util_pct_max       | 1           |
|    gpu_util_pct_mean      | 0.5         |
| profile/                  |             |
|    hard/damage_mean       | 0.243       |
|    hard/ep_len_mean       | 64.8        |
|    hard/ep_rew_mean       | 0.178       |
|    hard/episodes_window   | 200         |
|    hard/p_damage_ge_90    | 0           |
|    hard/p_stars_ge_2      | 0           |
|    hard/score_mean        | 0.243       |
|    hard/stars_mean        | 0           |
|    hard/ticks_mean        | 644         |
|    hard/truncated_rate    | 0.03        |
|    medium/damage_mean     | 0.733       |
|    medium/ep_len_mean     | 74          |
|    medium/ep_rew_mean     | 2.3         |
|    medium/episodes_window | 200         |
|    medium/p_damage_ge_90  | 0.245       |
|    medium/p_stars_ge_2    | 0.64        |
|    medium/score_mean      | 2.37        |
|    medium/stars_mean      | 1.64        |
|    medium/ticks_mean      | 736         |
|    medium/truncated_rate  | 0.165       |
| rollout/                  |             |
|    ep_len_mean            | 68.9        |
|    ep_rew_mean            | 1.3         |
| throughput/               |             |
|    env_steps_per_sec      | 306         |
|    episodes_per_sec       | 4.38        |
| time/                     |             |
|    fps                    | 259         |
|    iterations             | 85          |
|    time_elapsed           | 16124       |
|    total_timesteps        | 4177920     |
| train/                    |             |
|    approx_kl              | 0.011818722 |
|    clip_fraction          | 0.121       |
|    clip_range             | 0.2         |
|    entropy_loss           | -4.87       |
|    explained_variance     | 0.912       |
|    learning_rate          | 0.0003      |
|    loss                   | -0.0287     |
|    n_updates              | 840         |
|    policy_gradient_loss   | -0.0143     |
|    value_loss             | 0.0631      |
-------------------------------------------
timesteps=4178016 | env_steps/sec=106.2 | episodes/sec=1.55 | gpu_util_mean=14% gpu_util_max=29% | gpu_mem_mean=2.3/47.8GB
timesteps=4179552 | env_steps/sec=301.7 | episodes/sec=3.73 | gpu_util_mean=0% gpu_util_max=0% | gpu_mem_mean=2.3/47.8GB
timesteps=4180992 | env_steps/sec=278.4 | episodes/sec=4.64 | gpu_util_mean=0% gpu_util_max=0% | gpu_mem_mean=2.3/47.8GB
timesteps=4182432 | env_steps/sec=285.8 | episodes/sec=3.57 | gpu_util_mean=0% gpu_util_max=0% | gpu_mem_mean=2.3/47.8GB
timesteps=4183968 | env_steps/sec=290.4 | episodes/sec=5.29 | gpu_util_mean=18% gpu_util_max=36% | gpu_mem_mean=2.3/47.8GB
timesteps=4185504 | env_steps/sec=297.3 | episodes/sec=3.87 | gpu_util_mean=1% gpu_util_max=1% | gpu_mem_mean=2.3/47.8GB
timesteps=4186944 | env_steps/sec=284.3 | episodes/sec=3.75 | gpu_util_mean=0% gpu_util_max=1% | gpu_mem_mean=2.3/47.8GB
timesteps=4188384 | env_steps/sec=272.9 | episodes/sec=3.60 | gpu_util_mean=0% gpu_util_max=0% | gpu_mem_mean=2.3/47.8GB
timesteps=4190016 | env_steps/sec=308.5 | episodes/sec=6.24 | gpu_util_mean=0% gpu_util_max=1% | gpu_mem_mean=2.3/47.8GB
timesteps=4191552 | env_steps/sec=296.3 | episodes/sec=2.89 | gpu_util_mean=0% gpu_util_max=0% | gpu_mem_mean=2.3/47.8GB
timesteps=4192896 | env_steps/sec=266.2 | episodes/sec=4.56 | gpu_util_mean=0% gpu_util_max=0% | gpu_mem_mean=2.3/47.8GB
timesteps=4194432 | env_steps/sec=295.3 | episodes/sec=3.46 | gpu_util_mean=0% gpu_util_max=0% | gpu_mem_mean=2.3/47.8GB
timesteps=4195968 | env_steps/sec=296.3 | episodes/sec=4.82 | gpu_util_mean=0% gpu_util_max=1% | gpu_mem_mean=2.3/47.8GB
timesteps=4197504 | env_steps/sec=297.0 | episodes/sec=5.03 | gpu_util_mean=0% gpu_util_max=0% | gpu_mem_mean=2.3/47.8GB
timesteps=4199040 | env_steps/sec=302.4 | episodes/sec=2.95 | gpu_util_mean=0% gpu_util_max=0% | gpu_mem_mean=2.3/47.8GB
timesteps=4200576 | env_steps/sec=291.8 | episodes/sec=4.37 | gpu_util_mean=0% gpu_util_max=1% | gpu_mem_mean=2.3/47.8GB
timesteps=4202112 | env_steps/sec=284.1 | episodes/sec=4.99 | gpu_util_mean=0% gpu_util_max=0% | gpu_mem_mean=2.3/47.8GB
timesteps=4203648 | env_steps/sec=291.7 | episodes/sec=4.37 | gpu_util_mean=0% gpu_util_max=0% | gpu_mem_mean=2.3/47.8GB
timesteps=4205088 | env_steps/sec=277.5 | episodes/sec=3.47 | gpu_util_mean=1% gpu_util_max=1% | gpu_mem_mean=2.3/47.8GB
timesteps=4206624 | env_steps/sec=289.0 | episodes/sec=3.76 | gpu_util_mean=0% gpu_util_max=1% | gpu_mem_mean=2.3/47.8GB
timesteps=4208160 | env_steps/sec=305.1 | episodes/sec=4.77 | gpu_util_mean=1% gpu_util_max=1% | gpu_mem_mean=2.3/47.8GB
timesteps=4209696 | env_steps/sec=298.8 | episodes/sec=4.28 | gpu_util_mean=0% gpu_util_max=0% | gpu_mem_mean=2.3/47.8GB
timesteps=4211136 | env_steps/sec=278.4 | episodes/sec=4.06 | gpu_util_mean=0% gpu_util_max=0% | gpu_mem_mean=2.3/47.8GB
timesteps=4212576 | env_steps/sec=284.4 | episodes/sec=3.36 | gpu_util_mean=0% gpu_util_max=1% | gpu_mem_mean=2.3/47.8GB
timesteps=4214112 | env_steps/sec=291.0 | episodes/sec=4.55 | gpu_util_mean=0% gpu_util_max=1% | gpu_mem_mean=2.3/47.8GB
timesteps=4215648 | env_steps/sec=295.1 | episodes/sec=4.80 | gpu_util_mean=0% gpu_util_max=0% | gpu_mem_mean=2.3/47.8GB
timesteps=4217184 | env_steps/sec=296.1 | episodes/sec=4.43 | gpu_util_mean=0% gpu_util_max=0% | gpu_mem_mean=2.3/47.8GB
timesteps=4218624 | env_steps/sec=282.6 | episodes/sec=3.14 | gpu_util_mean=0% gpu_util_max=0% | gpu_mem_mean=2.3/47.8GB
timesteps=4220064 | env_steps/sec=272.2 | episodes/sec=5.67 | gpu_util_mean=1% gpu_util_max=1% | gpu_mem_mean=2.3/47.8GB
timesteps=4221504 | env_steps/sec=270.2 | episodes/sec=4.13 | gpu_util_mean=0% gpu_util_max=0% | gpu_mem_mean=2.3/47.8GB
timesteps=4222848 | env_steps/sec=266.8 | episodes/sec=3.38 | gpu_util_mean=0% gpu_util_max=0% | gpu_mem_mean=2.3/47.8GB
timesteps=4224288 | env_steps/sec=283.5 | episodes/sec=3.35 | gpu_util_mean=0% gpu_util_max=0% | gpu_mem_mean=2.3/47.8GB
timesteps=4225728 | env_steps/sec=282.3 | episodes/sec=4.12 | gpu_util_mean=0% gpu_util_max=0% | gpu_mem_mean=2.3/47.8GB
-------------------------------------------
| gpu/                      |             |
|    gpu_count              | 2           |
|    gpu_mem_total_gb_mean  | 47.8        |
|    gpu_mem_used_gb_mean   | 2.33        |
|    gpu_util_pct_max       | 0           |
|    gpu_util_pct_mean      | 0           |
| profile/                  |             |
|    hard/damage_mean       | 0.235       |
|    hard/ep_len_mean       | 64.7        |
|    hard/ep_rew_mean       | 0.181       |
|    hard/episodes_window   | 200         |
|    hard/p_damage_ge_90    | 0           |
|    hard/p_stars_ge_2      | 0.005       |
|    hard/score_mean        | 0.245       |
|    hard/stars_mean        | 0.01        |
|    hard/ticks_mean        | 642         |
|    hard/truncated_rate    | 0.02        |
|    medium/damage_mean     | 0.728       |
|    medium/ep_len_mean     | 72.9        |
|    medium/ep_rew_mean     | 2.29        |
|    medium/episodes_window | 200         |
|    medium/p_damage_ge_90  | 0.24        |
|    medium/p_stars_ge_2    | 0.65        |
|    medium/score_mean      | 2.36        |
|    medium/stars_mean      | 1.64        |
|    medium/ticks_mean      | 725         |
|    medium/truncated_rate  | 0.165       |
| rollout/                  |             |
|    ep_len_mean            | 67          |
|    ep_rew_mean            | 1.2         |
| throughput/               |             |
|    env_steps_per_sec      | 282         |
|    episodes_per_sec       | 4.12        |
| time/                     |             |
|    fps                    | 259         |
|    iterations             | 86          |
|    time_elapsed           | 16303       |
|    total_timesteps        | 4227072     |
| train/                    |             |
|    approx_kl              | 0.024179881 |
|    clip_fraction          | 0.207       |
|    clip_range             | 0.2         |
|    entropy_loss           | -4.84       |
|    explained_variance     | 0.9         |
|    learning_rate          | 0.0003      |
|    loss                   | -0.0426     |
|    n_updates              | 850         |
|    policy_gradient_loss   | -0.0174     |
|    value_loss             | 0.0512      |
-------------------------------------------
timesteps=4227168 | env_steps/sec=120.5 | episodes/sec=2.18 | gpu_util_mean=15% gpu_util_max=29% | gpu_mem_mean=2.3/47.8GB
timesteps=4228608 | env_steps/sec=281.1 | episodes/sec=4.10 | gpu_util_mean=0% gpu_util_max=1% | gpu_mem_mean=2.3/47.8GB
timesteps=4230144 | env_steps/sec=294.4 | episodes/sec=2.49 | gpu_util_mean=1% gpu_util_max=1% | gpu_mem_mean=2.3/47.8GB
timesteps=4231680 | env_steps/sec=302.7 | episodes/sec=4.53 | gpu_util_mean=0% gpu_util_max=1% | gpu_mem_mean=2.3/47.8GB
timesteps=4233312 | env_steps/sec=323.0 | episodes/sec=6.93 | gpu_util_mean=17% gpu_util_max=34% | gpu_mem_mean=2.3/47.8GB
timesteps=4234848 | env_steps/sec=297.9 | episodes/sec=3.68 | gpu_util_mean=0% gpu_util_max=0% | gpu_mem_mean=2.3/47.8GB
timesteps=4236288 | env_steps/sec=274.8 | episodes/sec=2.29 | gpu_util_mean=0% gpu_util_max=1% | gpu_mem_mean=2.3/47.8GB
timesteps=4237824 | env_steps/sec=297.2 | episodes/sec=5.42 | gpu_util_mean=1% gpu_util_max=1% | gpu_mem_mean=2.3/47.8GB
timesteps=4239360 | env_steps/sec=293.6 | episodes/sec=5.16 | gpu_util_mean=0% gpu_util_max=0% | gpu_mem_mean=2.3/47.8GB
timesteps=4240896 | env_steps/sec=288.9 | episodes/sec=4.70 | gpu_util_mean=0% gpu_util_max=0% | gpu_mem_mean=2.3/47.8GB
timesteps=4242336 | env_steps/sec=282.0 | episodes/sec=2.35 | gpu_util_mean=0% gpu_util_max=0% | gpu_mem_mean=2.3/47.8GB
timesteps=4243968 | env_steps/sec=313.8 | episodes/sec=5.19 | gpu_util_mean=0% gpu_util_max=0% | gpu_mem_mean=2.3/47.8GB
timesteps=4245504 | env_steps/sec=300.3 | episodes/sec=5.08 | gpu_util_mean=0% gpu_util_max=1% | gpu_mem_mean=2.3/47.8GB
timesteps=4247040 | env_steps/sec=300.7 | episodes/sec=4.50 | gpu_util_mean=0% gpu_util_max=1% | gpu_mem_mean=2.3/47.8GB
timesteps=4248576 | env_steps/sec=288.9 | episodes/sec=3.57 | gpu_util_mean=0% gpu_util_max=1% | gpu_mem_mean=2.3/47.8GB
timesteps=4250208 | env_steps/sec=310.4 | episodes/sec=4.56 | gpu_util_mean=1% gpu_util_max=1% | gpu_mem_mean=2.3/47.8GB
timesteps=4251744 | env_steps/sec=301.3 | episodes/sec=5.30 | gpu_util_mean=0% gpu_util_max=0% | gpu_mem_mean=2.3/47.8GB
timesteps=4253184 | env_steps/sec=278.4 | episodes/sec=2.71 | gpu_util_mean=0% gpu_util_max=1% | gpu_mem_mean=2.3/47.8GB
timesteps=4254720 | env_steps/sec=287.2 | episodes/sec=4.49 | gpu_util_mean=0% gpu_util_max=0% | gpu_mem_mean=2.3/47.8GB
timesteps=4256160 | env_steps/sec=282.8 | episodes/sec=3.93 | gpu_util_mean=0% gpu_util_max=1% | gpu_mem_mean=2.3/47.8GB
timesteps=4257696 | env_steps/sec=295.4 | episodes/sec=5.19 | gpu_util_mean=0% gpu_util_max=1% | gpu_mem_mean=2.3/47.8GB
timesteps=4259136 | env_steps/sec=278.2 | episodes/sec=3.86 | gpu_util_mean=1% gpu_util_max=1% | gpu_mem_mean=2.3/47.8GB
timesteps=4260672 | env_steps/sec=298.0 | episodes/sec=3.49 | gpu_util_mean=1% gpu_util_max=1% | gpu_mem_mean=2.3/47.8GB
timesteps=4262208 | env_steps/sec=291.3 | episodes/sec=5.31 | gpu_util_mean=0% gpu_util_max=0% | gpu_mem_mean=2.3/47.8GB
timesteps=4263744 | env_steps/sec=293.5 | episodes/sec=4.20 | gpu_util_mean=0% gpu_util_max=1% | gpu_mem_mean=2.3/47.8GB
timesteps=4265184 | env_steps/sec=287.3 | episodes/sec=3.59 | gpu_util_mean=0% gpu_util_max=0% | gpu_mem_mean=2.3/47.8GB
timesteps=4266720 | env_steps/sec=301.1 | episodes/sec=4.71 | gpu_util_mean=0% gpu_util_max=1% | gpu_mem_mean=2.3/47.8GB
timesteps=4268160 | env_steps/sec=282.9 | episodes/sec=4.52 | gpu_util_mean=0% gpu_util_max=0% | gpu_mem_mean=2.3/47.8GB
timesteps=4269696 | env_steps/sec=293.5 | episodes/sec=4.20 | gpu_util_mean=0% gpu_util_max=1% | gpu_mem_mean=2.3/47.8GB
timesteps=4271040 | env_steps/sec=258.3 | episodes/sec=3.65 | gpu_util_mean=0% gpu_util_max=0% | gpu_mem_mean=2.3/47.8GB
timesteps=4272480 | env_steps/sec=286.0 | episodes/sec=4.37 | gpu_util_mean=0% gpu_util_max=0% | gpu_mem_mean=2.3/47.8GB
timesteps=4274016 | env_steps/sec=292.8 | episodes/sec=3.81 | gpu_util_mean=0% gpu_util_max=1% | gpu_mem_mean=2.3/47.8GB
timesteps=4275552 | env_steps/sec=301.3 | episodes/sec=5.30 | gpu_util_mean=1% gpu_util_max=1% | gpu_mem_mean=2.3/47.8GB
-------------------------------------------
| gpu/                      |             |
|    gpu_count              | 2           |
|    gpu_mem_total_gb_mean  | 47.8        |
|    gpu_mem_used_gb_mean   | 2.33        |
|    gpu_util_pct_max       | 1           |
|    gpu_util_pct_mean      | 1           |
| profile/                  |             |
|    hard/damage_mean       | 0.236       |
|    hard/ep_len_mean       | 63.8        |
|    hard/ep_rew_mean       | 0.182       |
|    hard/episodes_window   | 200         |
|    hard/p_damage_ge_90    | 0           |
|    hard/p_stars_ge_2      | 0.005       |
|    hard/score_mean        | 0.246       |
|    hard/stars_mean        | 0.01        |
|    hard/ticks_mean        | 634         |
|    hard/truncated_rate    | 0.025       |
|    medium/damage_mean     | 0.725       |
|    medium/ep_len_mean     | 72.8        |
|    medium/ep_rew_mean     | 2.34        |
|    medium/episodes_window | 200         |
|    medium/p_damage_ge_90  | 0.25        |
|    medium/p_stars_ge_2    | 0.705       |
|    medium/score_mean      | 2.41        |
|    medium/stars_mean      | 1.69        |
|    medium/ticks_mean      | 724         |
|    medium/truncated_rate  | 0.17        |
| rollout/                  |             |
|    ep_len_mean            | 67.6        |
|    ep_rew_mean            | 1.26        |
| throughput/               |             |
|    env_steps_per_sec      | 301         |
|    episodes_per_sec       | 5.3         |
| time/                     |             |
|    fps                    | 259         |
|    iterations             | 87          |
|    time_elapsed           | 16478       |
|    total_timesteps        | 4276224     |
| train/                    |             |
|    approx_kl              | 0.020157311 |
|    clip_fraction          | 0.166       |
|    clip_range             | 0.2         |
|    entropy_loss           | -4.81       |
|    explained_variance     | 0.9         |
|    learning_rate          | 0.0003      |
|    loss                   | -0.0378     |
|    n_updates              | 860         |
|    policy_gradient_loss   | -0.0157     |
|    value_loss             | 0.0573      |
-------------------------------------------
timesteps=4276320 | env_steps/sec=79.8 | episodes/sec=1.04 | gpu_util_mean=17% gpu_util_max=33% | gpu_mem_mean=2.3/47.8GB
timesteps=4277856 | env_steps/sec=291.1 | episodes/sec=4.36 | gpu_util_mean=0% gpu_util_max=1% | gpu_mem_mean=2.3/47.8GB
timesteps=4279392 | env_steps/sec=303.4 | episodes/sec=3.95 | gpu_util_mean=1% gpu_util_max=1% | gpu_mem_mean=2.3/47.8GB
timesteps=4281024 | env_steps/sec=307.2 | episodes/sec=5.65 | gpu_util_mean=16% gpu_util_max=33% | gpu_mem_mean=2.3/47.8GB
timesteps=4282560 | env_steps/sec=302.1 | episodes/sec=3.54 | gpu_util_mean=19% gpu_util_max=37% | gpu_mem_mean=2.3/47.8GB
timesteps=4284000 | env_steps/sec=269.9 | episodes/sec=3.75 | gpu_util_mean=0% gpu_util_max=1% | gpu_mem_mean=2.3/47.8GB
timesteps=4285536 | env_steps/sec=303.4 | episodes/sec=4.15 | gpu_util_mean=0% gpu_util_max=0% | gpu_mem_mean=2.3/47.8GB
timesteps=4287072 | env_steps/sec=300.5 | episodes/sec=5.28 | gpu_util_mean=0% gpu_util_max=0% | gpu_mem_mean=2.3/47.8GB
timesteps=4288512 | env_steps/sec=283.8 | episodes/sec=3.74 | gpu_util_mean=0% gpu_util_max=0% | gpu_mem_mean=2.3/47.8GB
timesteps=4289952 | env_steps/sec=278.3 | episodes/sec=4.45 | gpu_util_mean=0% gpu_util_max=1% | gpu_mem_mean=2.3/47.8GB
timesteps=4291392 | env_steps/sec=283.5 | episodes/sec=2.76 | gpu_util_mean=0% gpu_util_max=0% | gpu_mem_mean=2.3/47.8GB
timesteps=4292928 | env_steps/sec=302.1 | episodes/sec=4.52 | gpu_util_mean=0% gpu_util_max=1% | gpu_mem_mean=2.3/47.8GB
timesteps=4294368 | env_steps/sec=279.9 | episodes/sec=5.05 | gpu_util_mean=0% gpu_util_max=1% | gpu_mem_mean=2.3/47.8GB
timesteps=4295904 | env_steps/sec=300.1 | episodes/sec=4.69 | gpu_util_mean=0% gpu_util_max=1% | gpu_mem_mean=2.3/47.8GB
timesteps=4297344 | env_steps/sec=269.9 | episodes/sec=3.56 | gpu_util_mean=0% gpu_util_max=1% | gpu_mem_mean=2.3/47.8GB
timesteps=4298880 | env_steps/sec=292.5 | episodes/sec=3.62 | gpu_util_mean=0% gpu_util_max=0% | gpu_mem_mean=2.3/47.8GB
timesteps=4300416 | env_steps/sec=306.6 | episodes/sec=3.59 | gpu_util_mean=0% gpu_util_max=0% | gpu_mem_mean=2.3/47.8GB
timesteps=4301856 | env_steps/sec=286.5 | episodes/sec=5.97 | gpu_util_mean=0% gpu_util_max=1% | gpu_mem_mean=2.3/47.8GB
timesteps=4303296 | env_steps/sec=287.8 | episodes/sec=4.20 | gpu_util_mean=0% gpu_util_max=0% | gpu_mem_mean=2.3/47.8GB
timesteps=4304736 | env_steps/sec=269.5 | episodes/sec=3.74 | gpu_util_mean=0% gpu_util_max=1% | gpu_mem_mean=2.3/47.8GB
timesteps=4306272 | env_steps/sec=302.6 | episodes/sec=3.15 | gpu_util_mean=1% gpu_util_max=1% | gpu_mem_mean=2.3/47.8GB
timesteps=4307808 | env_steps/sec=293.4 | episodes/sec=4.58 | gpu_util_mean=0% gpu_util_max=1% | gpu_mem_mean=2.3/47.8GB
timesteps=4309344 | env_steps/sec=294.5 | episodes/sec=5.56 | gpu_util_mean=0% gpu_util_max=1% | gpu_mem_mean=2.3/47.8GB
timesteps=4310880 | env_steps/sec=289.9 | episodes/sec=4.15 | gpu_util_mean=0% gpu_util_max=0% | gpu_mem_mean=2.3/47.8GB
timesteps=4312224 | env_steps/sec=260.8 | episodes/sec=3.30 | gpu_util_mean=0% gpu_util_max=1% | gpu_mem_mean=2.3/47.8GB
timesteps=4313760 | env_steps/sec=292.2 | episodes/sec=4.37 | gpu_util_mean=0% gpu_util_max=0% | gpu_mem_mean=2.3/47.8GB
timesteps=4315392 | env_steps/sec=309.5 | episodes/sec=3.79 | gpu_util_mean=0% gpu_util_max=1% | gpu_mem_mean=2.3/47.8GB
timesteps=4316928 | env_steps/sec=305.4 | episodes/sec=5.77 | gpu_util_mean=0% gpu_util_max=1% | gpu_mem_mean=2.3/47.8GB
timesteps=4318368 | env_steps/sec=284.8 | episodes/sec=2.77 | gpu_util_mean=0% gpu_util_max=0% | gpu_mem_mean=2.3/47.8GB
timesteps=4319904 | env_steps/sec=298.0 | episodes/sec=5.04 | gpu_util_mean=0% gpu_util_max=0% | gpu_mem_mean=2.3/47.8GB
timesteps=4321440 | env_steps/sec=296.2 | episodes/sec=4.24 | gpu_util_mean=0% gpu_util_max=0% | gpu_mem_mean=2.3/47.8GB
timesteps=4323072 | env_steps/sec=322.2 | episodes/sec=4.54 | gpu_util_mean=0% gpu_util_max=1% | gpu_mem_mean=2.3/47.8GB
timesteps=4324608 | env_steps/sec=300.7 | episodes/sec=4.70 | gpu_util_mean=0% gpu_util_max=1% | gpu_mem_mean=2.3/47.8GB
-------------------------------------------
| gpu/                      |             |
|    gpu_count              | 2           |
|    gpu_mem_total_gb_mean  | 47.8        |
|    gpu_mem_used_gb_mean   | 2.33        |
|    gpu_util_pct_max       | 1           |
|    gpu_util_pct_mean      | 0.5         |
| profile/                  |             |
|    hard/damage_mean       | 0.23        |
|    hard/ep_len_mean       | 65.2        |
|    hard/ep_rew_mean       | 0.17        |
|    hard/episodes_window   | 200         |
|    hard/p_damage_ge_90    | 0           |
|    hard/p_stars_ge_2      | 0           |
|    hard/score_mean        | 0.235       |
|    hard/stars_mean        | 0.005       |
|    hard/ticks_mean        | 648         |
|    hard/truncated_rate    | 0.045       |
|    medium/damage_mean     | 0.745       |
|    medium/ep_len_mean     | 72.4        |
|    medium/ep_rew_mean     | 2.46        |
|    medium/episodes_window | 200         |
|    medium/p_damage_ge_90  | 0.285       |
|    medium/p_stars_ge_2    | 0.725       |
|    medium/score_mean      | 2.53        |
|    medium/stars_mean      | 1.78        |
|    medium/ticks_mean      | 720         |
|    medium/truncated_rate  | 0.105       |
| rollout/                  |             |
|    ep_len_mean            | 67.5        |
|    ep_rew_mean            | 1.19        |
| throughput/               |             |
|    env_steps_per_sec      | 301         |
|    episodes_per_sec       | 4.7         |
| time/                     |             |
|    fps                    | 259         |
|    iterations             | 88          |
|    time_elapsed           | 16653       |
|    total_timesteps        | 4325376     |
| train/                    |             |
|    approx_kl              | 0.014392029 |
|    clip_fraction          | 0.15        |
|    clip_range             | 0.2         |
|    entropy_loss           | -4.83       |
|    explained_variance     | 0.899       |
|    learning_rate          | 0.0003      |
|    loss                   | -0.0329     |
|    n_updates              | 870         |
|    policy_gradient_loss   | -0.0151     |
|    value_loss             | 0.0628      |
-------------------------------------------
timesteps=4325472 | env_steps/sec=88.0 | episodes/sec=0.71 | gpu_util_mean=0% gpu_util_max=0% | gpu_mem_mean=2.3/47.8GB
timesteps=4327008 | env_steps/sec=294.2 | episodes/sec=4.60 | gpu_util_mean=1% gpu_util_max=1% | gpu_mem_mean=2.3/47.8GB
timesteps=4328544 | env_steps/sec=305.2 | episodes/sec=4.97 | gpu_util_mean=1% gpu_util_max=1% | gpu_mem_mean=2.3/47.8GB
timesteps=4329984 | env_steps/sec=286.1 | episodes/sec=4.57 | gpu_util_mean=18% gpu_util_max=36% | gpu_mem_mean=2.3/47.8GB
timesteps=4331616 | env_steps/sec=309.1 | episodes/sec=3.03 | gpu_util_mean=1% gpu_util_max=1% | gpu_mem_mean=2.3/47.8GB
timesteps=4333056 | env_steps/sec=281.3 | episodes/sec=4.69 | gpu_util_mean=0% gpu_util_max=1% | gpu_mem_mean=2.3/47.8GB
timesteps=4334592 | env_steps/sec=301.3 | episodes/sec=4.71 | gpu_util_mean=0% gpu_util_max=1% | gpu_mem_mean=2.3/47.8GB
timesteps=4336128 | env_steps/sec=299.6 | episodes/sec=3.90 | gpu_util_mean=1% gpu_util_max=1% | gpu_mem_mean=2.3/47.8GB
timesteps=4337568 | env_steps/sec=276.8 | episodes/sec=4.04 | gpu_util_mean=0% gpu_util_max=0% | gpu_mem_mean=2.3/47.8GB
timesteps=4339104 | env_steps/sec=303.4 | episodes/sec=4.54 | gpu_util_mean=0% gpu_util_max=1% | gpu_mem_mean=2.3/47.8GB
timesteps=4340640 | env_steps/sec=294.2 | episodes/sec=4.60 | gpu_util_mean=0% gpu_util_max=0% | gpu_mem_mean=2.3/47.8GB
timesteps=4342176 | env_steps/sec=289.0 | episodes/sec=3.20 | gpu_util_mean=0% gpu_util_max=1% | gpu_mem_mean=2.3/47.8GB
timesteps=4343712 | env_steps/sec=291.6 | episodes/sec=3.80 | gpu_util_mean=0% gpu_util_max=1% | gpu_mem_mean=2.3/47.8GB
timesteps=4345152 | env_steps/sec=285.5 | episodes/sec=6.54 | gpu_util_mean=0% gpu_util_max=0% | gpu_mem_mean=2.3/47.8GB
timesteps=4346688 | env_steps/sec=301.5 | episodes/sec=3.14 | gpu_util_mean=0% gpu_util_max=0% | gpu_mem_mean=2.3/47.8GB
timesteps=4348224 | env_steps/sec=300.7 | episodes/sec=4.50 | gpu_util_mean=0% gpu_util_max=0% | gpu_mem_mean=2.3/47.8GB
timesteps=4349664 | env_steps/sec=286.7 | episodes/sec=2.99 | gpu_util_mean=1% gpu_util_max=1% | gpu_mem_mean=2.3/47.8GB
timesteps=4351200 | env_steps/sec=290.9 | episodes/sec=6.44 | gpu_util_mean=0% gpu_util_max=0% | gpu_mem_mean=2.3/47.8GB
timesteps=4352736 | env_steps/sec=294.4 | episodes/sec=4.22 | gpu_util_mean=0% gpu_util_max=1% | gpu_mem_mean=2.3/47.8GB
timesteps=4354272 | env_steps/sec=289.2 | episodes/sec=3.01 | gpu_util_mean=0% gpu_util_max=0% | gpu_mem_mean=2.3/47.8GB
timesteps=4355808 | env_steps/sec=293.0 | episodes/sec=4.39 | gpu_util_mean=0% gpu_util_max=0% | gpu_mem_mean=2.3/47.8GB
timesteps=4357344 | env_steps/sec=304.2 | episodes/sec=5.15 | gpu_util_mean=0% gpu_util_max=0% | gpu_mem_mean=2.3/47.8GB
timesteps=4358880 | env_steps/sec=287.4 | episodes/sec=4.86 | gpu_util_mean=0% gpu_util_max=1% | gpu_mem_mean=2.3/47.8GB
timesteps=4360416 | env_steps/sec=297.1 | episodes/sec=2.71 | gpu_util_mean=0% gpu_util_max=1% | gpu_mem_mean=2.3/47.8GB
timesteps=4361952 | env_steps/sec=304.6 | episodes/sec=4.96 | gpu_util_mean=1% gpu_util_max=1% | gpu_mem_mean=2.3/47.8GB
timesteps=4363488 | env_steps/sec=293.1 | episodes/sec=5.15 | gpu_util_mean=0% gpu_util_max=1% | gpu_mem_mean=2.3/47.8GB
timesteps=4364928 | env_steps/sec=279.9 | episodes/sec=5.05 | gpu_util_mean=0% gpu_util_max=1% | gpu_mem_mean=2.3/47.8GB
timesteps=4366272 | env_steps/sec=266.9 | episodes/sec=2.38 | gpu_util_mean=0% gpu_util_max=0% | gpu_mem_mean=2.3/47.8GB
timesteps=4367808 | env_steps/sec=295.1 | episodes/sec=3.27 | gpu_util_mean=0% gpu_util_max=0% | gpu_mem_mean=2.3/47.8GB
timesteps=4369344 | env_steps/sec=303.3 | episodes/sec=4.34 | gpu_util_mean=1% gpu_util_max=1% | gpu_mem_mean=2.3/47.8GB
timesteps=4370880 | env_steps/sec=291.2 | episodes/sec=5.88 | gpu_util_mean=1% gpu_util_max=1% | gpu_mem_mean=2.3/47.8GB
timesteps=4372416 | env_steps/sec=297.0 | episodes/sec=4.83 | gpu_util_mean=0% gpu_util_max=0% | gpu_mem_mean=2.3/47.8GB
timesteps=4373952 | env_steps/sec=293.7 | episodes/sec=2.49 | gpu_util_mean=0% gpu_util_max=1% | gpu_mem_mean=2.3/47.8GB
-------------------------------------------
| gpu/                      |             |
|    gpu_count              | 2           |
|    gpu_mem_total_gb_mean  | 47.8        |
|    gpu_mem_used_gb_mean   | 2.33        |
|    gpu_util_pct_max       | 1           |
|    gpu_util_pct_mean      | 0.5         |
| profile/                  |             |
|    hard/damage_mean       | 0.229       |
|    hard/ep_len_mean       | 64.4        |
|    hard/ep_rew_mean       | 0.165       |
|    hard/episodes_window   | 200         |
|    hard/p_damage_ge_90    | 0           |
|    hard/p_stars_ge_2      | 0           |
|    hard/score_mean        | 0.229       |
|    hard/stars_mean        | 0           |
|    hard/ticks_mean        | 640         |
|    hard/truncated_rate    | 0.025       |
|    medium/damage_mean     | 0.74        |
|    medium/ep_len_mean     | 72.5        |
|    medium/ep_rew_mean     | 2.44        |
|    medium/episodes_window | 200         |
|    medium/p_damage_ge_90  | 0.235       |
|    medium/p_stars_ge_2    | 0.735       |
|    medium/score_mean      | 2.51        |
|    medium/stars_mean      | 1.77        |
|    medium/ticks_mean      | 721         |
|    medium/truncated_rate  | 0.14        |
| rollout/                  |             |
|    ep_len_mean            | 69.6        |
|    ep_rew_mean            | 1.24        |
| throughput/               |             |
|    env_steps_per_sec      | 294         |
|    episodes_per_sec       | 2.49        |
| time/                     |             |
|    fps                    | 259         |
|    iterations             | 89          |
|    time_elapsed           | 16828       |
|    total_timesteps        | 4374528     |
| train/                    |             |
|    approx_kl              | 0.018602481 |
|    clip_fraction          | 0.175       |
|    clip_range             | 0.2         |
|    entropy_loss           | -4.76       |
|    explained_variance     | 0.916       |
|    learning_rate          | 0.0003      |
|    loss                   | -0.048      |
|    n_updates              | 880         |
|    policy_gradient_loss   | -0.016      |
|    value_loss             | 0.0613      |
-------------------------------------------
timesteps=4374624 | env_steps/sec=71.4 | episodes/sec=0.74 | gpu_util_mean=0% gpu_util_max=0% | gpu_mem_mean=2.3/47.8GB
timesteps=4376256 | env_steps/sec=309.4 | episodes/sec=5.31 | gpu_util_mean=0% gpu_util_max=1% | gpu_mem_mean=2.3/47.8GB
timesteps=4377888 | env_steps/sec=307.3 | episodes/sec=5.46 | gpu_util_mean=1% gpu_util_max=1% | gpu_mem_mean=2.3/47.8GB
timesteps=4379520 | env_steps/sec=311.2 | episodes/sec=4.58 | gpu_util_mean=19% gpu_util_max=37% | gpu_mem_mean=2.3/47.8GB
timesteps=4380960 | env_steps/sec=285.6 | episodes/sec=2.78 | gpu_util_mean=1% gpu_util_max=1% | gpu_mem_mean=2.3/47.8GB
timesteps=4382496 | env_steps/sec=292.8 | episodes/sec=5.15 | gpu_util_mean=0% gpu_util_max=0% | gpu_mem_mean=2.3/47.8GB
timesteps=4384032 | env_steps/sec=299.3 | episodes/sec=5.07 | gpu_util_mean=0% gpu_util_max=1% | gpu_mem_mean=2.3/47.8GB
timesteps=4385472 | env_steps/sec=281.3 | episodes/sec=3.91 | gpu_util_mean=0% gpu_util_max=0% | gpu_mem_mean=2.3/47.8GB
timesteps=4387008 | env_steps/sec=294.0 | episodes/sec=2.87 | gpu_util_mean=1% gpu_util_max=1% | gpu_mem_mean=2.3/47.8GB
timesteps=4388544 | env_steps/sec=295.5 | episodes/sec=5.96 | gpu_util_mean=0% gpu_util_max=1% | gpu_mem_mean=2.3/47.8GB
timesteps=4389984 | env_steps/sec=282.4 | episodes/sec=3.33 | gpu_util_mean=0% gpu_util_max=0% | gpu_mem_mean=2.3/47.8GB
timesteps=4391424 | env_steps/sec=287.9 | episodes/sec=4.20 | gpu_util_mean=0% gpu_util_max=0% | gpu_mem_mean=2.3/47.8GB
timesteps=4392960 | env_steps/sec=305.0 | episodes/sec=3.77 | gpu_util_mean=0% gpu_util_max=1% | gpu_mem_mean=2.3/47.8GB
timesteps=4394496 | env_steps/sec=301.6 | episodes/sec=6.28 | gpu_util_mean=0% gpu_util_max=0% | gpu_mem_mean=2.3/47.8GB
timesteps=4396128 | env_steps/sec=311.6 | episodes/sec=3.63 | gpu_util_mean=0% gpu_util_max=1% | gpu_mem_mean=2.3/47.8GB
timesteps=4397760 | env_steps/sec=315.1 | episodes/sec=3.67 | gpu_util_mean=0% gpu_util_max=0% | gpu_mem_mean=2.3/47.8GB
timesteps=4399296 | env_steps/sec=295.6 | episodes/sec=5.00 | gpu_util_mean=0% gpu_util_max=0% | gpu_mem_mean=2.3/47.8GB
timesteps=4400832 | env_steps/sec=297.5 | episodes/sec=5.04 | gpu_util_mean=1% gpu_util_max=1% | gpu_mem_mean=2.3/47.8GB
timesteps=4402368 | env_steps/sec=290.3 | episodes/sec=3.78 | gpu_util_mean=0% gpu_util_max=0% | gpu_mem_mean=2.3/47.8GB
timesteps=4403904 | env_steps/sec=287.5 | episodes/sec=3.93 | gpu_util_mean=0% gpu_util_max=0% | gpu_mem_mean=2.3/47.8GB
timesteps=4405440 | env_steps/sec=292.3 | episodes/sec=3.62 | gpu_util_mean=0% gpu_util_max=1% | gpu_mem_mean=2.3/47.8GB
timesteps=4406976 | env_steps/sec=305.0 | episodes/sec=5.16 | gpu_util_mean=0% gpu_util_max=1% | gpu_mem_mean=2.3/47.8GB
timesteps=4408512 | env_steps/sec=299.4 | episodes/sec=4.29 | gpu_util_mean=0% gpu_util_max=0% | gpu_mem_mean=2.3/47.8GB
timesteps=4410048 | env_steps/sec=292.9 | episodes/sec=3.62 | gpu_util_mean=0% gpu_util_max=0% | gpu_mem_mean=2.3/47.8GB
timesteps=4411488 | env_steps/sec=282.9 | episodes/sec=4.52 | gpu_util_mean=0% gpu_util_max=1% | gpu_mem_mean=2.3/47.8GB
timesteps=4412928 | env_steps/sec=287.3 | episodes/sec=3.79 | gpu_util_mean=0% gpu_util_max=0% | gpu_mem_mean=2.3/47.8GB
timesteps=4414464 | env_steps/sec=302.9 | episodes/sec=5.13 | gpu_util_mean=0% gpu_util_max=1% | gpu_mem_mean=2.3/47.8GB
timesteps=4415904 | env_steps/sec=280.6 | episodes/sec=2.92 | gpu_util_mean=0% gpu_util_max=0% | gpu_mem_mean=2.3/47.8GB
timesteps=4417440 | env_steps/sec=291.1 | episodes/sec=4.93 | gpu_util_mean=0% gpu_util_max=0% | gpu_mem_mean=2.3/47.8GB
timesteps=4419072 | env_steps/sec=314.3 | episodes/sec=4.62 | gpu_util_mean=0% gpu_util_max=0% | gpu_mem_mean=2.3/47.8GB
timesteps=4420512 | env_steps/sec=284.7 | episodes/sec=3.95 | gpu_util_mean=0% gpu_util_max=1% | gpu_mem_mean=2.3/47.8GB
timesteps=4422048 | env_steps/sec=302.7 | episodes/sec=3.74 | gpu_util_mean=0% gpu_util_max=0% | gpu_mem_mean=2.3/47.8GB
timesteps=4423584 | env_steps/sec=291.3 | episodes/sec=4.36 | gpu_util_mean=0% gpu_util_max=1% | gpu_mem_mean=2.3/47.8GB
-------------------------------------------
| gpu/                      |             |
|    gpu_count              | 2           |
|    gpu_mem_total_gb_mean  | 47.8        |
|    gpu_mem_used_gb_mean   | 2.33        |
|    gpu_util_pct_max       | 1           |
|    gpu_util_pct_mean      | 0.5         |
| profile/                  |             |
|    hard/damage_mean       | 0.234       |
|    hard/ep_len_mean       | 64.4        |
|    hard/ep_rew_mean       | 0.18        |
|    hard/episodes_window   | 200         |
|    hard/p_damage_ge_90    | 0           |
|    hard/p_stars_ge_2      | 0           |
|    hard/score_mean        | 0.244       |
|    hard/stars_mean        | 0.01        |
|    hard/ticks_mean        | 640         |
|    hard/truncated_rate    | 0.025       |
|    medium/damage_mean     | 0.752       |
|    medium/ep_len_mean     | 74.6        |
|    medium/ep_rew_mean     | 2.45        |
|    medium/episodes_window | 200         |
|    medium/p_damage_ge_90  | 0.28        |
|    medium/p_stars_ge_2    | 0.73        |
|    medium/score_mean      | 2.52        |
|    medium/stars_mean      | 1.77        |
|    medium/ticks_mean      | 742         |
|    medium/truncated_rate  | 0.155       |
| rollout/                  |             |
|    ep_len_mean            | 69.8        |
|    ep_rew_mean            | 1.24        |
| throughput/               |             |
|    env_steps_per_sec      | 291         |
|    episodes_per_sec       | 4.36        |
| time/                     |             |
|    fps                    | 260         |
|    iterations             | 90          |
|    time_elapsed           | 17001       |
|    total_timesteps        | 4423680     |
| train/                    |             |
|    approx_kl              | 0.015172955 |
|    clip_fraction          | 0.127       |
|    clip_range             | 0.2         |
|    entropy_loss           | -4.74       |
|    explained_variance     | 0.92        |
|    learning_rate          | 0.0003      |
|    loss                   | -0.0375     |
|    n_updates              | 890         |
|    policy_gradient_loss   | -0.0139     |
|    value_loss             | 0.0594      |
-------------------------------------------
timesteps=4423776 | env_steps/sec=25.2 | episodes/sec=0.52 | gpu_util_mean=19% gpu_util_max=37% | gpu_mem_mean=2.3/47.8GB
timesteps=4425312 | env_steps/sec=291.5 | episodes/sec=4.56 | gpu_util_mean=0% gpu_util_max=0% | gpu_mem_mean=2.3/47.8GB
timesteps=4426848 | env_steps/sec=305.6 | episodes/sec=4.18 | gpu_util_mean=0% gpu_util_max=0% | gpu_mem_mean=2.3/47.8GB
timesteps=4428384 | env_steps/sec=304.7 | episodes/sec=3.37 | gpu_util_mean=16% gpu_util_max=32% | gpu_mem_mean=2.3/47.8GB
timesteps=4429920 | env_steps/sec=287.5 | episodes/sec=5.05 | gpu_util_mean=0% gpu_util_max=1% | gpu_mem_mean=2.3/47.8GB
timesteps=4431360 | env_steps/sec=278.5 | episodes/sec=4.83 | gpu_util_mean=0% gpu_util_max=0% | gpu_mem_mean=2.3/47.8GB
timesteps=4432800 | env_steps/sec=274.7 | episodes/sec=3.43 | gpu_util_mean=0% gpu_util_max=1% | gpu_mem_mean=2.3/47.8GB
timesteps=4434240 | env_steps/sec=287.7 | episodes/sec=3.20 | gpu_util_mean=0% gpu_util_max=0% | gpu_mem_mean=2.3/47.8GB
timesteps=4435776 | env_steps/sec=291.1 | episodes/sec=4.36 | gpu_util_mean=0% gpu_util_max=1% | gpu_mem_mean=2.3/47.8GB
timesteps=4437312 | env_steps/sec=298.4 | episodes/sec=5.63 | gpu_util_mean=0% gpu_util_max=1% | gpu_mem_mean=2.3/47.8GB
timesteps=4438848 | env_steps/sec=293.5 | episodes/sec=3.06 | gpu_util_mean=0% gpu_util_max=0% | gpu_mem_mean=2.3/47.8GB
timesteps=4440288 | env_steps/sec=279.1 | episodes/sec=4.07 | gpu_util_mean=0% gpu_util_max=0% | gpu_mem_mean=2.3/47.8GB
timesteps=4441824 | env_steps/sec=297.0 | episodes/sec=3.29 | gpu_util_mean=0% gpu_util_max=1% | gpu_mem_mean=2.3/47.8GB
timesteps=4443456 | env_steps/sec=316.1 | episodes/sec=5.81 | gpu_util_mean=1% gpu_util_max=1% | gpu_mem_mean=2.3/47.8GB
timesteps=4444992 | env_steps/sec=299.1 | episodes/sec=4.48 | gpu_util_mean=0% gpu_util_max=1% | gpu_mem_mean=2.3/47.8GB
timesteps=4446528 | env_steps/sec=289.9 | episodes/sec=3.59 | gpu_util_mean=0% gpu_util_max=0% | gpu_mem_mean=2.3/47.8GB
timesteps=4448064 | env_steps/sec=306.6 | episodes/sec=3.39 | gpu_util_mean=0% gpu_util_max=0% | gpu_mem_mean=2.3/47.8GB
timesteps=4449696 | env_steps/sec=311.0 | episodes/sec=5.91 | gpu_util_mean=0% gpu_util_max=0% | gpu_mem_mean=2.3/47.8GB
timesteps=4451232 | env_steps/sec=286.5 | episodes/sec=3.92 | gpu_util_mean=0% gpu_util_max=0% | gpu_mem_mean=2.3/47.8GB
timesteps=4452768 | env_steps/sec=295.9 | episodes/sec=3.66 | gpu_util_mean=0% gpu_util_max=1% | gpu_mem_mean=2.3/47.8GB
timesteps=4454208 | env_steps/sec=277.9 | episodes/sec=4.05 | gpu_util_mean=0% gpu_util_max=1% | gpu_mem_mean=2.3/47.8GB
timesteps=4455648 | env_steps/sec=275.2 | episodes/sec=4.59 | gpu_util_mean=0% gpu_util_max=1% | gpu_mem_mean=2.3/47.8GB
timesteps=4457088 | env_steps/sec=278.2 | episodes/sec=3.67 | gpu_util_mean=0% gpu_util_max=1% | gpu_mem_mean=2.3/47.8GB
timesteps=4458624 | env_steps/sec=299.7 | episodes/sec=4.29 | gpu_util_mean=0% gpu_util_max=0% | gpu_mem_mean=2.3/47.8GB
timesteps=4460160 | env_steps/sec=292.7 | episodes/sec=4.38 | gpu_util_mean=0% gpu_util_max=0% | gpu_mem_mean=2.3/47.8GB
timesteps=4461696 | env_steps/sec=299.7 | episodes/sec=3.90 | gpu_util_mean=0% gpu_util_max=1% | gpu_mem_mean=2.3/47.8GB
timesteps=4463232 | env_steps/sec=298.0 | episodes/sec=4.85 | gpu_util_mean=0% gpu_util_max=0% | gpu_mem_mean=2.3/47.8GB
timesteps=4464864 | env_steps/sec=314.4 | episodes/sec=3.27 | gpu_util_mean=1% gpu_util_max=1% | gpu_mem_mean=2.3/47.8GB
timesteps=4466400 | env_steps/sec=300.8 | episodes/sec=6.07 | gpu_util_mean=0% gpu_util_max=1% | gpu_mem_mean=2.3/47.8GB
timesteps=4467936 | env_steps/sec=294.1 | episodes/sec=3.06 | gpu_util_mean=0% gpu_util_max=0% | gpu_mem_mean=2.3/47.8GB
timesteps=4469472 | env_steps/sec=292.3 | episodes/sec=4.00 | gpu_util_mean=0% gpu_util_max=0% | gpu_mem_mean=2.3/47.8GB
timesteps=4471008 | env_steps/sec=302.5 | episodes/sec=5.91 | gpu_util_mean=0% gpu_util_max=0% | gpu_mem_mean=2.3/47.8GB
timesteps=4472544 | env_steps/sec=302.7 | episodes/sec=4.73 | gpu_util_mean=0% gpu_util_max=1% | gpu_mem_mean=2.3/47.8GB
--------------------------------------------
| gpu/                      |              |
|    gpu_count              | 2            |
|    gpu_mem_total_gb_mean  | 47.8         |
|    gpu_mem_used_gb_mean   | 2.33         |
|    gpu_util_pct_max       | 1            |
|    gpu_util_pct_mean      | 0.5          |
| profile/                  |              |
|    hard/damage_mean       | 0.233        |
|    hard/ep_len_mean       | 65           |
|    hard/ep_rew_mean       | 0.169        |
|    hard/episodes_window   | 200          |
|    hard/p_damage_ge_90    | 0            |
|    hard/p_stars_ge_2      | 0            |
|    hard/score_mean        | 0.233        |
|    hard/stars_mean        | 0            |
|    hard/ticks_mean        | 645          |
|    hard/truncated_rate    | 0.03         |
|    medium/damage_mean     | 0.732        |
|    medium/ep_len_mean     | 74.2         |
|    medium/ep_rew_mean     | 2.3          |
|    medium/episodes_window | 200          |
|    medium/p_damage_ge_90  | 0.215        |
|    medium/p_stars_ge_2    | 0.695        |
|    medium/score_mean      | 2.37         |
|    medium/stars_mean      | 1.64         |
|    medium/ticks_mean      | 738          |
|    medium/truncated_rate  | 0.18         |
| rollout/                  |              |
|    ep_len_mean            | 68.6         |
|    ep_rew_mean            | 1.13         |
| throughput/               |              |
|    env_steps_per_sec      | 303          |
|    episodes_per_sec       | 4.73         |
| time/                     |              |
|    fps                    | 260          |
|    iterations             | 91           |
|    time_elapsed           | 17175        |
|    total_timesteps        | 4472832      |
| train/                    |              |
|    approx_kl              | 0.0134619875 |
|    clip_fraction          | 0.12         |
|    clip_range             | 0.2          |
|    entropy_loss           | -4.72        |
|    explained_variance     | 0.906        |
|    learning_rate          | 0.0003       |
|    loss                   | -0.0377      |
|    n_updates              | 900          |
|    policy_gradient_loss   | -0.0147      |
|    value_loss             | 0.0632       |
--------------------------------------------
timesteps=4472928 | env_steps/sec=22.8 | episodes/sec=0.12 | gpu_util_mean=0% gpu_util_max=0% | gpu_mem_mean=2.3/47.8GB
timesteps=4474464 | env_steps/sec=301.6 | episodes/sec=4.71 | gpu_util_mean=16% gpu_util_max=33% | gpu_mem_mean=2.3/47.8GB
timesteps=4476096 | env_steps/sec=323.0 | episodes/sec=3.96 | gpu_util_mean=18% gpu_util_max=36% | gpu_mem_mean=2.3/47.8GB
timesteps=4477632 | env_steps/sec=303.0 | episodes/sec=5.33 | gpu_util_mean=0% gpu_util_max=1% | gpu_mem_mean=2.3/47.8GB
timesteps=4479168 | env_steps/sec=292.7 | episodes/sec=3.43 | gpu_util_mean=0% gpu_util_max=0% | gpu_mem_mean=2.3/47.8GB
timesteps=4480704 | env_steps/sec=306.5 | episodes/sec=4.59 | gpu_util_mean=0% gpu_util_max=1% | gpu_mem_mean=2.3/47.8GB
timesteps=4482240 | env_steps/sec=294.7 | episodes/sec=4.60 | gpu_util_mean=0% gpu_util_max=1% | gpu_mem_mean=2.3/47.8GB
timesteps=4483872 | env_steps/sec=314.4 | episodes/sec=4.82 | gpu_util_mean=0% gpu_util_max=1% | gpu_mem_mean=2.3/47.8GB
timesteps=4485408 | env_steps/sec=294.3 | episodes/sec=4.02 | gpu_util_mean=0% gpu_util_max=0% | gpu_mem_mean=2.3/47.8GB
timesteps=4486944 | env_steps/sec=301.9 | episodes/sec=4.52 | gpu_util_mean=0% gpu_util_max=1% | gpu_mem_mean=2.3/47.8GB
timesteps=4488480 | env_steps/sec=301.0 | episodes/sec=3.72 | gpu_util_mean=0% gpu_util_max=0% | gpu_mem_mean=2.3/47.8GB
timesteps=4490016 | env_steps/sec=300.6 | episodes/sec=6.07 | gpu_util_mean=0% gpu_util_max=1% | gpu_mem_mean=2.3/47.8GB
timesteps=4491552 | env_steps/sec=296.4 | episodes/sec=4.05 | gpu_util_mean=0% gpu_util_max=1% | gpu_mem_mean=2.3/47.8GB
timesteps=4493184 | env_steps/sec=313.1 | episodes/sec=3.45 | gpu_util_mean=0% gpu_util_max=1% | gpu_mem_mean=2.3/47.8GB
timesteps=4494624 | env_steps/sec=287.7 | episodes/sec=3.60 | gpu_util_mean=0% gpu_util_max=0% | gpu_mem_mean=2.3/47.8GB
timesteps=4496256 | env_steps/sec=315.2 | episodes/sec=6.95 | gpu_util_mean=0% gpu_util_max=0% | gpu_mem_mean=2.3/47.8GB
timesteps=4497792 | env_steps/sec=293.3 | episodes/sec=3.25 | gpu_util_mean=0% gpu_util_max=1% | gpu_mem_mean=2.3/47.8GB
timesteps=4499424 | env_steps/sec=307.5 | episodes/sec=3.58 | gpu_util_mean=0% gpu_util_max=1% | gpu_mem_mean=2.3/47.8GB
timesteps=4500864 | env_steps/sec=284.4 | episodes/sec=3.95 | gpu_util_mean=0% gpu_util_max=1% | gpu_mem_mean=2.3/47.8GB
timesteps=4502400 | env_steps/sec=297.7 | episodes/sec=6.20 | gpu_util_mean=0% gpu_util_max=0% | gpu_mem_mean=2.3/47.8GB
timesteps=4503936 | env_steps/sec=306.0 | episodes/sec=3.19 | gpu_util_mean=0% gpu_util_max=0% | gpu_mem_mean=2.3/47.8GB
timesteps=4505472 | env_steps/sec=299.8 | episodes/sec=4.49 | gpu_util_mean=0% gpu_util_max=1% | gpu_mem_mean=2.3/47.8GB
timesteps=4507008 | env_steps/sec=292.8 | episodes/sec=4.00 | gpu_util_mean=0% gpu_util_max=1% | gpu_mem_mean=2.3/47.8GB
timesteps=4508448 | env_steps/sec=284.1 | episodes/sec=4.54 | gpu_util_mean=1% gpu_util_max=1% | gpu_mem_mean=2.3/47.8GB
timesteps=4509984 | env_steps/sec=300.4 | episodes/sec=4.50 | gpu_util_mean=0% gpu_util_max=1% | gpu_mem_mean=2.3/47.8GB
timesteps=4511520 | env_steps/sec=304.4 | episodes/sec=4.76 | gpu_util_mean=0% gpu_util_max=1% | gpu_mem_mean=2.3/47.8GB
timesteps=4513056 | env_steps/sec=294.0 | episodes/sec=2.87 | gpu_util_mean=0% gpu_util_max=1% | gpu_mem_mean=2.3/47.8GB
timesteps=4514592 | env_steps/sec=295.3 | episodes/sec=5.38 | gpu_util_mean=0% gpu_util_max=1% | gpu_mem_mean=2.3/47.8GB
timesteps=4516128 | env_steps/sec=299.2 | episodes/sec=4.48 | gpu_util_mean=0% gpu_util_max=1% | gpu_mem_mean=2.3/47.8GB
timesteps=4517664 | env_steps/sec=302.7 | episodes/sec=4.73 | gpu_util_mean=0% gpu_util_max=0% | gpu_mem_mean=2.3/47.8GB
timesteps=4519200 | env_steps/sec=296.4 | episodes/sec=2.70 | gpu_util_mean=0% gpu_util_max=1% | gpu_mem_mean=2.3/47.8GB
timesteps=4520736 | env_steps/sec=305.8 | episodes/sec=3.58 | gpu_util_mean=0% gpu_util_max=0% | gpu_mem_mean=2.3/47.8GB
-------------------------------------------
| gpu/                      |             |
|    gpu_count              | 2           |
|    gpu_mem_total_gb_mean  | 47.8        |
|    gpu_mem_used_gb_mean   | 2.33        |
|    gpu_util_pct_max       | 0           |
|    gpu_util_pct_mean      | 0           |
| profile/                  |             |
|    hard/damage_mean       | 0.231       |
|    hard/ep_len_mean       | 64.9        |
|    hard/ep_rew_mean       | 0.167       |
|    hard/episodes_window   | 200         |
|    hard/p_damage_ge_90    | 0           |
|    hard/p_stars_ge_2      | 0           |
|    hard/score_mean        | 0.231       |
|    hard/stars_mean        | 0           |
|    hard/ticks_mean        | 645         |
|    hard/truncated_rate    | 0.02        |
|    medium/damage_mean     | 0.721       |
|    medium/ep_len_mean     | 73.2        |
|    medium/ep_rew_mean     | 2.24        |
|    medium/episodes_window | 200         |
|    medium/p_damage_ge_90  | 0.23        |
|    medium/p_stars_ge_2    | 0.635       |
|    medium/score_mean      | 2.32        |
|    medium/stars_mean      | 1.59        |
|    medium/ticks_mean      | 728         |
|    medium/truncated_rate  | 0.165       |
| rollout/                  |             |
|    ep_len_mean            | 69.7        |
|    ep_rew_mean            | 1.1         |
| throughput/               |             |
|    env_steps_per_sec      | 306         |
|    episodes_per_sec       | 3.58        |
| time/                     |             |
|    fps                    | 260         |
|    iterations             | 92          |
|    time_elapsed           | 17354       |
|    total_timesteps        | 4521984     |
| train/                    |             |
|    approx_kl              | 0.014126341 |
|    clip_fraction          | 0.141       |
|    clip_range             | 0.2         |
|    entropy_loss           | -4.67       |
|    explained_variance     | 0.914       |
|    learning_rate          | 0.0003      |
|    loss                   | -0.0379     |
|    n_updates              | 910         |
|    policy_gradient_loss   | -0.0144     |
|    value_loss             | 0.0592      |
-------------------------------------------
timesteps=4522080 | env_steps/sec=93.6 | episodes/sec=2.02 | gpu_util_mean=0% gpu_util_max=1% | gpu_mem_mean=2.3/47.8GB
timesteps=4523712 | env_steps/sec=318.7 | episodes/sec=4.69 | gpu_util_mean=0% gpu_util_max=0% | gpu_mem_mean=2.3/47.8GB
timesteps=4525344 | env_steps/sec=310.3 | episodes/sec=3.04 | gpu_util_mean=16% gpu_util_max=32% | gpu_mem_mean=2.3/47.8GB
timesteps=4527072 | env_steps/sec=325.0 | episodes/sec=5.45 | gpu_util_mean=0% gpu_util_max=1% | gpu_mem_mean=2.3/47.8GB
timesteps=4528608 | env_steps/sec=297.4 | episodes/sec=4.84 | gpu_util_mean=0% gpu_util_max=0% | gpu_mem_mean=2.3/47.8GB
timesteps=4530144 | env_steps/sec=300.3 | episodes/sec=4.30 | gpu_util_mean=0% gpu_util_max=1% | gpu_mem_mean=2.3/47.8GB
timesteps=4531680 | env_steps/sec=292.3 | episodes/sec=4.57 | gpu_util_mean=0% gpu_util_max=0% | gpu_mem_mean=2.3/47.8GB
timesteps=4533216 | env_steps/sec=305.1 | episodes/sec=2.98 | gpu_util_mean=0% gpu_util_max=1% | gpu_mem_mean=2.3/47.8GB
timesteps=4534848 | env_steps/sec=308.5 | episodes/sec=5.29 | gpu_util_mean=0% gpu_util_max=0% | gpu_mem_mean=2.3/47.8GB
timesteps=4536288 | env_steps/sec=281.8 | episodes/sec=3.33 | gpu_util_mean=0% gpu_util_max=1% | gpu_mem_mean=2.3/47.8GB
timesteps=4537824 | env_steps/sec=305.7 | episodes/sec=4.38 | gpu_util_mean=0% gpu_util_max=0% | gpu_mem_mean=2.3/47.8GB
timesteps=4539456 | env_steps/sec=309.9 | episodes/sec=4.56 | gpu_util_mean=0% gpu_util_max=0% | gpu_mem_mean=2.3/47.8GB
timesteps=4541088 | env_steps/sec=309.8 | episodes/sec=5.51 | gpu_util_mean=0% gpu_util_max=0% | gpu_mem_mean=2.3/47.8GB
timesteps=4542720 | env_steps/sec=308.7 | episodes/sec=3.78 | gpu_util_mean=0% gpu_util_max=0% | gpu_mem_mean=2.3/47.8GB
timesteps=4544256 | env_steps/sec=306.1 | episodes/sec=3.99 | gpu_util_mean=0% gpu_util_max=0% | gpu_mem_mean=2.3/47.8GB
timesteps=4545792 | env_steps/sec=292.4 | episodes/sec=4.57 | gpu_util_mean=0% gpu_util_max=0% | gpu_mem_mean=2.3/47.8GB
timesteps=4547328 | env_steps/sec=302.8 | episodes/sec=4.53 | gpu_util_mean=0% gpu_util_max=0% | gpu_mem_mean=2.3/47.8GB
timesteps=4548864 | env_steps/sec=292.7 | episodes/sec=4.00 | gpu_util_mean=0% gpu_util_max=1% | gpu_mem_mean=2.3/47.8GB
timesteps=4550400 | env_steps/sec=296.2 | episodes/sec=4.05 | gpu_util_mean=0% gpu_util_max=1% | gpu_mem_mean=2.3/47.8GB
timesteps=4551936 | env_steps/sec=296.6 | episodes/sec=4.83 | gpu_util_mean=0% gpu_util_max=1% | gpu_mem_mean=2.3/47.8GB
timesteps=4553568 | env_steps/sec=312.9 | episodes/sec=3.83 | gpu_util_mean=0% gpu_util_max=0% | gpu_mem_mean=2.3/47.8GB
timesteps=4555104 | env_steps/sec=299.7 | episodes/sec=4.49 | gpu_util_mean=0% gpu_util_max=1% | gpu_mem_mean=2.3/47.8GB
timesteps=4556640 | env_steps/sec=298.3 | episodes/sec=4.08 | gpu_util_mean=0% gpu_util_max=1% | gpu_mem_mean=2.3/47.8GB
timesteps=4558176 | env_steps/sec=288.3 | episodes/sec=4.88 | gpu_util_mean=0% gpu_util_max=0% | gpu_mem_mean=2.3/47.8GB
timesteps=4559808 | env_steps/sec=310.0 | episodes/sec=4.75 | gpu_util_mean=0% gpu_util_max=0% | gpu_mem_mean=2.3/47.8GB
timesteps=4561344 | env_steps/sec=292.2 | episodes/sec=3.80 | gpu_util_mean=0% gpu_util_max=1% | gpu_mem_mean=2.3/47.8GB
timesteps=4562976 | env_steps/sec=312.9 | episodes/sec=4.79 | gpu_util_mean=0% gpu_util_max=0% | gpu_mem_mean=2.3/47.8GB
timesteps=4564512 | env_steps/sec=306.0 | episodes/sec=4.18 | gpu_util_mean=0% gpu_util_max=0% | gpu_mem_mean=2.3/47.8GB
timesteps=4566144 | env_steps/sec=306.5 | episodes/sec=5.07 | gpu_util_mean=0% gpu_util_max=0% | gpu_mem_mean=2.3/47.8GB
timesteps=4567680 | env_steps/sec=304.9 | episodes/sec=3.37 | gpu_util_mean=0% gpu_util_max=0% | gpu_mem_mean=2.3/47.8GB
timesteps=4569312 | env_steps/sec=305.8 | episodes/sec=5.25 | gpu_util_mean=0% gpu_util_max=0% | gpu_mem_mean=2.3/47.8GB
timesteps=4570848 | env_steps/sec=306.9 | episodes/sec=4.00 | gpu_util_mean=0% gpu_util_max=0% | gpu_mem_mean=2.3/47.8GB
-------------------------------------------
| gpu/                      |             |
|    gpu_count              | 2           |
|    gpu_mem_total_gb_mean  | 47.8        |
|    gpu_mem_used_gb_mean   | 2.33        |
|    gpu_util_pct_max       | 0           |
|    gpu_util_pct_mean      | 0           |
| profile/                  |             |
|    hard/damage_mean       | 0.228       |
|    hard/ep_len_mean       | 64.9        |
|    hard/ep_rew_mean       | 0.169       |
|    hard/episodes_window   | 200         |
|    hard/p_damage_ge_90    | 0           |
|    hard/p_stars_ge_2      | 0           |
|    hard/score_mean        | 0.233       |
|    hard/stars_mean        | 0.005       |
|    hard/ticks_mean        | 644         |
|    hard/truncated_rate    | 0.03        |
|    medium/damage_mean     | 0.738       |
|    medium/ep_len_mean     | 73.4        |
|    medium/ep_rew_mean     | 2.37        |
|    medium/episodes_window | 200         |
|    medium/p_damage_ge_90  | 0.28        |
|    medium/p_stars_ge_2    | 0.695       |
|    medium/score_mean      | 2.44        |
|    medium/stars_mean      | 1.71        |
|    medium/ticks_mean      | 730         |
|    medium/truncated_rate  | 0.165       |
| rollout/                  |             |
|    ep_len_mean            | 68.7        |
|    ep_rew_mean            | 1.09        |
| throughput/               |             |
|    env_steps_per_sec      | 307         |
|    episodes_per_sec       | 4           |
| time/                     |             |
|    fps                    | 260         |
|    iterations             | 93          |
|    time_elapsed           | 17526       |
|    total_timesteps        | 4571136     |
| train/                    |             |
|    approx_kl              | 0.014366105 |
|    clip_fraction          | 0.123       |
|    clip_range             | 0.2         |
|    entropy_loss           | -4.69       |
|    explained_variance     | 0.907       |
|    learning_rate          | 0.0003      |
|    loss                   | -0.0337     |
|    n_updates              | 920         |
|    policy_gradient_loss   | -0.0135     |
|    value_loss             | 0.0637      |
-------------------------------------------
timesteps=4571232 | env_steps/sec=35.7 | episodes/sec=0.74 | gpu_util_mean=8% gpu_util_max=17% | gpu_mem_mean=2.3/47.8GB
timesteps=4572768 | env_steps/sec=301.7 | episodes/sec=4.52 | gpu_util_mean=0% gpu_util_max=1% | gpu_mem_mean=2.3/47.8GB
timesteps=4574400 | env_steps/sec=316.6 | episodes/sec=4.66 | gpu_util_mean=0% gpu_util_max=0% | gpu_mem_mean=2.3/47.8GB
timesteps=4576128 | env_steps/sec=341.4 | episodes/sec=4.15 | gpu_util_mean=19% gpu_util_max=37% | gpu_mem_mean=2.3/47.8GB
timesteps=4577760 | env_steps/sec=319.5 | episodes/sec=4.70 | gpu_util_mean=0% gpu_util_max=1% | gpu_mem_mean=2.3/47.8GB
timesteps=4579296 | env_steps/sec=306.9 | episodes/sec=5.59 | gpu_util_mean=0% gpu_util_max=1% | gpu_mem_mean=2.3/47.8GB
timesteps=4580832 | env_steps/sec=299.5 | episodes/sec=4.68 | gpu_util_mean=0% gpu_util_max=0% | gpu_mem_mean=2.3/47.8GB
timesteps=4582464 | env_steps/sec=315.0 | episodes/sec=3.47 | gpu_util_mean=0% gpu_util_max=1% | gpu_mem_mean=2.3/47.8GB
timesteps=4584000 | env_steps/sec=289.6 | episodes/sec=3.77 | gpu_util_mean=0% gpu_util_max=1% | gpu_mem_mean=2.3/47.8GB
timesteps=4585536 | env_steps/sec=301.6 | episodes/sec=4.32 | gpu_util_mean=0% gpu_util_max=1% | gpu_mem_mean=2.3/47.8GB
timesteps=4587168 | env_steps/sec=321.7 | episodes/sec=6.70 | gpu_util_mean=0% gpu_util_max=0% | gpu_mem_mean=2.3/47.8GB
timesteps=4588800 | env_steps/sec=312.9 | episodes/sec=3.26 | gpu_util_mean=0% gpu_util_max=0% | gpu_mem_mean=2.3/47.8GB
timesteps=4590432 | env_steps/sec=315.4 | episodes/sec=3.86 | gpu_util_mean=0% gpu_util_max=0% | gpu_mem_mean=2.3/47.8GB
timesteps=4592064 | env_steps/sec=321.5 | episodes/sec=5.32 | gpu_util_mean=0% gpu_util_max=1% | gpu_mem_mean=2.3/47.8GB
timesteps=4593696 | env_steps/sec=316.4 | episodes/sec=5.62 | gpu_util_mean=0% gpu_util_max=0% | gpu_mem_mean=2.3/47.8GB
timesteps=4595232 | env_steps/sec=288.9 | episodes/sec=3.57 | gpu_util_mean=0% gpu_util_max=0% | gpu_mem_mean=2.3/47.8GB
timesteps=4596672 | env_steps/sec=278.8 | episodes/sec=3.87 | gpu_util_mean=1% gpu_util_max=1% | gpu_mem_mean=2.3/47.8GB
timesteps=4598208 | env_steps/sec=292.6 | episodes/sec=3.62 | gpu_util_mean=0% gpu_util_max=0% | gpu_mem_mean=2.3/47.8GB
timesteps=4599840 | env_steps/sec=314.8 | episodes/sec=5.02 | gpu_util_mean=0% gpu_util_max=1% | gpu_mem_mean=2.3/47.8GB
timesteps=4601376 | env_steps/sec=302.9 | episodes/sec=4.34 | gpu_util_mean=0% gpu_util_max=1% | gpu_mem_mean=2.3/47.8GB
timesteps=4602912 | env_steps/sec=305.8 | episodes/sec=3.58 | gpu_util_mean=0% gpu_util_max=1% | gpu_mem_mean=2.3/47.8GB
timesteps=4604448 | env_steps/sec=299.0 | episodes/sec=4.87 | gpu_util_mean=0% gpu_util_max=1% | gpu_mem_mean=2.3/47.8GB
timesteps=4606080 | env_steps/sec=316.3 | episodes/sec=5.04 | gpu_util_mean=0% gpu_util_max=0% | gpu_mem_mean=2.3/47.8GB
timesteps=4607712 | env_steps/sec=313.5 | episodes/sec=4.42 | gpu_util_mean=0% gpu_util_max=1% | gpu_mem_mean=2.3/47.8GB
timesteps=4609248 | env_steps/sec=299.1 | episodes/sec=4.28 | gpu_util_mean=0% gpu_util_max=1% | gpu_mem_mean=2.3/47.8GB
timesteps=4610880 | env_steps/sec=312.1 | episodes/sec=4.02 | gpu_util_mean=0% gpu_util_max=1% | gpu_mem_mean=2.3/47.8GB
timesteps=4612512 | env_steps/sec=307.9 | episodes/sec=5.09 | gpu_util_mean=0% gpu_util_max=1% | gpu_mem_mean=2.3/47.8GB
timesteps=4614144 | env_steps/sec=310.0 | episodes/sec=3.99 | gpu_util_mean=0% gpu_util_max=1% | gpu_mem_mean=2.3/47.8GB
timesteps=4615680 | env_steps/sec=305.5 | episodes/sec=3.58 | gpu_util_mean=0% gpu_util_max=1% | gpu_mem_mean=2.3/47.8GB
timesteps=4617312 | env_steps/sec=315.6 | episodes/sec=5.80 | gpu_util_mean=0% gpu_util_max=0% | gpu_mem_mean=2.3/47.8GB
timesteps=4618944 | env_steps/sec=306.4 | episodes/sec=4.88 | gpu_util_mean=1% gpu_util_max=1% | gpu_mem_mean=2.3/47.8GB
-------------------------------------------
| gpu/                      |             |
|    gpu_count              | 2           |
|    gpu_mem_total_gb_mean  | 47.8        |
|    gpu_mem_used_gb_mean   | 2.33        |
|    gpu_util_pct_max       | 1           |
|    gpu_util_pct_mean      | 1           |
| profile/                  |             |
|    hard/damage_mean       | 0.236       |
|    hard/ep_len_mean       | 65.1        |
|    hard/ep_rew_mean       | 0.171       |
|    hard/episodes_window   | 200         |
|    hard/p_damage_ge_90    | 0           |
|    hard/p_stars_ge_2      | 0           |
|    hard/score_mean        | 0.236       |
|    hard/stars_mean        | 0           |
|    hard/ticks_mean        | 647         |
|    hard/truncated_rate    | 0.04        |
|    medium/damage_mean     | 0.748       |
|    medium/ep_len_mean     | 74.3        |
|    medium/ep_rew_mean     | 2.44        |
|    medium/episodes_window | 200         |
|    medium/p_damage_ge_90  | 0.255       |
|    medium/p_stars_ge_2    | 0.695       |
|    medium/score_mean      | 2.52        |
|    medium/stars_mean      | 1.77        |
|    medium/ticks_mean      | 740         |
|    medium/truncated_rate  | 0.15        |
| rollout/                  |             |
|    ep_len_mean            | 69.7        |
|    ep_rew_mean            | 1.24        |
| throughput/               |             |
|    env_steps_per_sec      | 306         |
|    episodes_per_sec       | 4.88        |
| time/                     |             |
|    fps                    | 261         |
|    iterations             | 94          |
|    time_elapsed           | 17695       |
|    total_timesteps        | 4620288     |
| train/                    |             |
|    approx_kl              | 0.013233602 |
|    clip_fraction          | 0.153       |
|    clip_range             | 0.2         |
|    entropy_loss           | -4.68       |
|    explained_variance     | 0.927       |
|    learning_rate          | 0.0003      |
|    loss                   | -0.0418     |
|    n_updates              | 930         |
|    policy_gradient_loss   | -0.0139     |
|    value_loss             | 0.0546      |
-------------------------------------------
timesteps=4620384 | env_steps/sec=106.8 | episodes/sec=1.19 | gpu_util_mean=17% gpu_util_max=33% | gpu_mem_mean=2.3/47.8GB
timesteps=4621920 | env_steps/sec=305.0 | episodes/sec=3.97 | gpu_util_mean=0% gpu_util_max=0% | gpu_mem_mean=2.3/47.8GB
timesteps=4623456 | env_steps/sec=300.8 | episodes/sec=4.70 | gpu_util_mean=0% gpu_util_max=1% | gpu_mem_mean=2.3/47.8GB
timesteps=4624992 | env_steps/sec=297.1 | episodes/sec=5.80 | gpu_util_mean=0% gpu_util_max=0% | gpu_mem_mean=2.3/47.8GB
timesteps=4626624 | env_steps/sec=308.2 | episodes/sec=4.34 | gpu_util_mean=16% gpu_util_max=32% | gpu_mem_mean=2.3/47.8GB
timesteps=4628160 | env_steps/sec=297.2 | episodes/sec=2.52 | gpu_util_mean=1% gpu_util_max=1% | gpu_mem_mean=2.3/47.8GB
timesteps=4629696 | env_steps/sec=295.7 | episodes/sec=4.24 | gpu_util_mean=0% gpu_util_max=1% | gpu_mem_mean=2.3/47.8GB
timesteps=4631232 | env_steps/sec=303.5 | episodes/sec=6.72 | gpu_util_mean=0% gpu_util_max=1% | gpu_mem_mean=2.3/47.8GB
timesteps=4632864 | env_steps/sec=309.3 | episodes/sec=3.79 | gpu_util_mean=0% gpu_util_max=0% | gpu_mem_mean=2.3/47.8GB
timesteps=4634400 | env_steps/sec=297.9 | episodes/sec=2.91 | gpu_util_mean=0% gpu_util_max=1% | gpu_mem_mean=2.3/47.8GB
timesteps=4635936 | env_steps/sec=304.1 | episodes/sec=4.36 | gpu_util_mean=0% gpu_util_max=1% | gpu_mem_mean=2.3/47.8GB
timesteps=4637568 | env_steps/sec=317.0 | episodes/sec=5.63 | gpu_util_mean=0% gpu_util_max=0% | gpu_mem_mean=2.3/47.8GB
timesteps=4639104 | env_steps/sec=294.9 | episodes/sec=3.65 | gpu_util_mean=0% gpu_util_max=0% | gpu_mem_mean=2.3/47.8GB
timesteps=4640640 | env_steps/sec=298.1 | episodes/sec=4.46 | gpu_util_mean=0% gpu_util_max=0% | gpu_mem_mean=2.3/47.8GB
timesteps=4642272 | env_steps/sec=315.6 | episodes/sec=5.22 | gpu_util_mean=0% gpu_util_max=0% | gpu_mem_mean=2.3/47.8GB
timesteps=4643904 | env_steps/sec=316.7 | episodes/sec=4.46 | gpu_util_mean=0% gpu_util_max=0% | gpu_mem_mean=2.3/47.8GB
timesteps=4645440 | env_steps/sec=299.8 | episodes/sec=4.88 | gpu_util_mean=0% gpu_util_max=1% | gpu_mem_mean=2.3/47.8GB
timesteps=4646976 | env_steps/sec=300.5 | episodes/sec=4.50 | gpu_util_mean=0% gpu_util_max=1% | gpu_mem_mean=2.3/47.8GB
timesteps=4648512 | env_steps/sec=296.3 | episodes/sec=3.86 | gpu_util_mean=0% gpu_util_max=0% | gpu_mem_mean=2.3/47.8GB
timesteps=4650048 | env_steps/sec=296.2 | episodes/sec=3.86 | gpu_util_mean=0% gpu_util_max=0% | gpu_mem_mean=2.3/47.8GB
timesteps=4651680 | env_steps/sec=310.3 | episodes/sec=4.94 | gpu_util_mean=0% gpu_util_max=1% | gpu_mem_mean=2.3/47.8GB
timesteps=4653312 | env_steps/sec=312.8 | episodes/sec=4.22 | gpu_util_mean=0% gpu_util_max=1% | gpu_mem_mean=2.3/47.8GB
timesteps=4654848 | env_steps/sec=300.9 | episodes/sec=5.68 | gpu_util_mean=0% gpu_util_max=1% | gpu_mem_mean=2.3/47.8GB
timesteps=4656288 | env_steps/sec=285.7 | episodes/sec=3.37 | gpu_util_mean=0% gpu_util_max=1% | gpu_mem_mean=2.3/47.8GB
timesteps=4657824 | env_steps/sec=307.1 | episodes/sec=3.60 | gpu_util_mean=0% gpu_util_max=1% | gpu_mem_mean=2.3/47.8GB
timesteps=4659360 | env_steps/sec=305.5 | episodes/sec=4.57 | gpu_util_mean=0% gpu_util_max=0% | gpu_mem_mean=2.3/47.8GB
timesteps=4660992 | env_steps/sec=313.0 | episodes/sec=5.75 | gpu_util_mean=0% gpu_util_max=1% | gpu_mem_mean=2.3/47.8GB
timesteps=4662528 | env_steps/sec=297.3 | episodes/sec=3.87 | gpu_util_mean=0% gpu_util_max=0% | gpu_mem_mean=2.3/47.8GB
timesteps=4664064 | env_steps/sec=292.0 | episodes/sec=3.23 | gpu_util_mean=1% gpu_util_max=1% | gpu_mem_mean=2.3/47.8GB
timesteps=4665696 | env_steps/sec=312.9 | episodes/sec=5.94 | gpu_util_mean=1% gpu_util_max=1% | gpu_mem_mean=2.3/47.8GB
timesteps=4667232 | env_steps/sec=305.1 | episodes/sec=5.16 | gpu_util_mean=0% gpu_util_max=1% | gpu_mem_mean=2.3/47.8GB
timesteps=4668768 | env_steps/sec=304.8 | episodes/sec=3.57 | gpu_util_mean=0% gpu_util_max=1% | gpu_mem_mean=2.3/47.8GB
-------------------------------------------
| gpu/                      |             |
|    gpu_count              | 2           |
|    gpu_mem_total_gb_mean  | 47.8        |
|    gpu_mem_used_gb_mean   | 2.33        |
|    gpu_util_pct_max       | 1           |
|    gpu_util_pct_mean      | 0.5         |
| profile/                  |             |
|    hard/damage_mean       | 0.229       |
|    hard/ep_len_mean       | 63.9        |
|    hard/ep_rew_mean       | 0.165       |
|    hard/episodes_window   | 200         |
|    hard/p_damage_ge_90    | 0           |
|    hard/p_stars_ge_2      | 0           |
|    hard/score_mean        | 0.229       |
|    hard/stars_mean        | 0           |
|    hard/ticks_mean        | 635         |
|    hard/truncated_rate    | 0.005       |
|    medium/damage_mean     | 0.731       |
|    medium/ep_len_mean     | 72.7        |
|    medium/ep_rew_mean     | 2.32        |
|    medium/episodes_window | 200         |
|    medium/p_damage_ge_90  | 0.24        |
|    medium/p_stars_ge_2    | 0.645       |
|    medium/score_mean      | 2.39        |
|    medium/stars_mean      | 1.66        |
|    medium/ticks_mean      | 723         |
|    medium/truncated_rate  | 0.14        |
| rollout/                  |             |
|    ep_len_mean            | 67.8        |
|    ep_rew_mean            | 1.26        |
| throughput/               |             |
|    env_steps_per_sec      | 305         |
|    episodes_per_sec       | 3.57        |
| time/                     |             |
|    fps                    | 261         |
|    iterations             | 95          |
|    time_elapsed           | 17866       |
|    total_timesteps        | 4669440     |
| train/                    |             |
|    approx_kl              | 0.014161977 |
|    clip_fraction          | 0.161       |
|    clip_range             | 0.2         |
|    entropy_loss           | -4.66       |
|    explained_variance     | 0.911       |
|    learning_rate          | 0.0003      |
|    loss                   | -0.0299     |
|    n_updates              | 940         |
|    policy_gradient_loss   | -0.0137     |
|    value_loss             | 0.0588      |
-------------------------------------------
timesteps=4669536 | env_steps/sec=67.4 | episodes/sec=0.79 | gpu_util_mean=16% gpu_util_max=32% | gpu_mem_mean=2.3/47.8GB
timesteps=4671072 | env_steps/sec=302.8 | episodes/sec=5.32 | gpu_util_mean=0% gpu_util_max=1% | gpu_mem_mean=2.3/47.8GB
timesteps=4672608 | env_steps/sec=303.0 | episodes/sec=4.34 | gpu_util_mean=0% gpu_util_max=0% | gpu_mem_mean=2.3/47.8GB
timesteps=4674144 | env_steps/sec=293.6 | episodes/sec=3.25 | gpu_util_mean=0% gpu_util_max=0% | gpu_mem_mean=2.3/47.8GB
timesteps=4675776 | env_steps/sec=313.9 | episodes/sec=5.39 | gpu_util_mean=18% gpu_util_max=34% | gpu_mem_mean=2.3/47.8GB
timesteps=4677408 | env_steps/sec=310.9 | episodes/sec=4.57 | gpu_util_mean=0% gpu_util_max=0% | gpu_mem_mean=2.3/47.8GB
timesteps=4678944 | env_steps/sec=300.2 | episodes/sec=3.71 | gpu_util_mean=0% gpu_util_max=0% | gpu_mem_mean=2.3/47.8GB
timesteps=4680480 | env_steps/sec=304.6 | episodes/sec=3.17 | gpu_util_mean=0% gpu_util_max=0% | gpu_mem_mean=2.3/47.8GB
timesteps=4682112 | env_steps/sec=318.0 | episodes/sec=5.46 | gpu_util_mean=0% gpu_util_max=1% | gpu_mem_mean=2.3/47.8GB
timesteps=4683648 | env_steps/sec=293.5 | episodes/sec=5.54 | gpu_util_mean=0% gpu_util_max=1% | gpu_mem_mean=2.3/47.8GB
timesteps=4685184 | env_steps/sec=302.2 | episodes/sec=2.95 | gpu_util_mean=0% gpu_util_max=1% | gpu_mem_mean=2.3/47.8GB
timesteps=4686720 | env_steps/sec=300.0 | episodes/sec=4.69 | gpu_util_mean=0% gpu_util_max=1% | gpu_mem_mean=2.3/47.8GB
timesteps=4688352 | env_steps/sec=310.8 | episodes/sec=4.38 | gpu_util_mean=0% gpu_util_max=0% | gpu_mem_mean=2.3/47.8GB
timesteps=4689984 | env_steps/sec=311.4 | episodes/sec=4.77 | gpu_util_mean=0% gpu_util_max=0% | gpu_mem_mean=2.3/47.8GB
timesteps=4691520 | env_steps/sec=299.6 | episodes/sec=4.29 | gpu_util_mean=0% gpu_util_max=0% | gpu_mem_mean=2.3/47.8GB
timesteps=4693056 | env_steps/sec=305.6 | episodes/sec=4.38 | gpu_util_mean=0% gpu_util_max=1% | gpu_mem_mean=2.3/47.8GB
timesteps=4694592 | env_steps/sec=305.2 | episodes/sec=3.78 | gpu_util_mean=0% gpu_util_max=1% | gpu_mem_mean=2.3/47.8GB
timesteps=4696224 | env_steps/sec=313.3 | episodes/sec=4.61 | gpu_util_mean=0% gpu_util_max=1% | gpu_mem_mean=2.3/47.8GB
timesteps=4697760 | env_steps/sec=302.8 | episodes/sec=4.53 | gpu_util_mean=0% gpu_util_max=0% | gpu_mem_mean=2.3/47.8GB
timesteps=4699392 | env_steps/sec=311.3 | episodes/sec=4.58 | gpu_util_mean=0% gpu_util_max=1% | gpu_mem_mean=2.3/47.8GB
timesteps=4700928 | env_steps/sec=300.3 | episodes/sec=5.08 | gpu_util_mean=1% gpu_util_max=1% | gpu_mem_mean=2.3/47.8GB
timesteps=4702464 | env_steps/sec=301.9 | episodes/sec=3.93 | gpu_util_mean=0% gpu_util_max=0% | gpu_mem_mean=2.3/47.8GB
timesteps=4704000 | env_steps/sec=302.2 | episodes/sec=3.93 | gpu_util_mean=0% gpu_util_max=0% | gpu_mem_mean=2.3/47.8GB
timesteps=4705536 | env_steps/sec=300.5 | episodes/sec=4.89 | gpu_util_mean=0% gpu_util_max=0% | gpu_mem_mean=2.3/47.8GB
timesteps=4707168 | env_steps/sec=311.1 | episodes/sec=4.19 | gpu_util_mean=0% gpu_util_max=1% | gpu_mem_mean=2.3/47.8GB
timesteps=4708704 | env_steps/sec=293.0 | episodes/sec=4.01 | gpu_util_mean=0% gpu_util_max=1% | gpu_mem_mean=2.3/47.8GB
timesteps=4710240 | env_steps/sec=302.0 | episodes/sec=5.70 | gpu_util_mean=0% gpu_util_max=0% | gpu_mem_mean=2.3/47.8GB
timesteps=4711776 | env_steps/sec=304.5 | episodes/sec=3.77 | gpu_util_mean=0% gpu_util_max=0% | gpu_mem_mean=2.3/47.8GB
timesteps=4713312 | env_steps/sec=292.4 | episodes/sec=3.81 | gpu_util_mean=0% gpu_util_max=1% | gpu_mem_mean=2.3/47.8GB
timesteps=4714848 | env_steps/sec=298.5 | episodes/sec=3.89 | gpu_util_mean=0% gpu_util_max=1% | gpu_mem_mean=2.3/47.8GB
timesteps=4716384 | env_steps/sec=305.0 | episodes/sec=5.16 | gpu_util_mean=0% gpu_util_max=0% | gpu_mem_mean=2.3/47.8GB
timesteps=4717920 | env_steps/sec=295.9 | episodes/sec=3.47 | gpu_util_mean=0% gpu_util_max=0% | gpu_mem_mean=2.3/47.8GB
-------------------------------------------
| gpu/                      |             |
|    gpu_count              | 2           |
|    gpu_mem_total_gb_mean  | 47.8        |
|    gpu_mem_used_gb_mean   | 2.33        |
|    gpu_util_pct_max       | 0           |
|    gpu_util_pct_mean      | 0           |
| profile/                  |             |
|    hard/damage_mean       | 0.229       |
|    hard/ep_len_mean       | 64.9        |
|    hard/ep_rew_mean       | 0.169       |
|    hard/episodes_window   | 200         |
|    hard/p_damage_ge_90    | 0           |
|    hard/p_stars_ge_2      | 0           |
|    hard/score_mean        | 0.234       |
|    hard/stars_mean        | 0.005       |
|    hard/ticks_mean        | 644         |
|    hard/truncated_rate    | 0.035       |
|    medium/damage_mean     | 0.717       |
|    medium/ep_len_mean     | 73.9        |
|    medium/ep_rew_mean     | 2.21        |
|    medium/episodes_window | 200         |
|    medium/p_damage_ge_90  | 0.225       |
|    medium/p_stars_ge_2    | 0.585       |
|    medium/score_mean      | 2.29        |
|    medium/stars_mean      | 1.57        |
|    medium/ticks_mean      | 735         |
|    medium/truncated_rate  | 0.185       |
| rollout/                  |             |
|    ep_len_mean            | 69.3        |
|    ep_rew_mean            | 1.24        |
| throughput/               |             |
|    env_steps_per_sec      | 296         |
|    episodes_per_sec       | 3.47        |
| time/                     |             |
|    fps                    | 261         |
|    iterations             | 96          |
|    time_elapsed           | 18037       |
|    total_timesteps        | 4718592     |
| train/                    |             |
|    approx_kl              | 0.010270941 |
|    clip_fraction          | 0.093       |
|    clip_range             | 0.2         |
|    entropy_loss           | -4.74       |
|    explained_variance     | 0.914       |
|    learning_rate          | 0.0003      |
|    loss                   | -0.0248     |
|    n_updates              | 950         |
|    policy_gradient_loss   | -0.0117     |
|    value_loss             | 0.0614      |
-------------------------------------------
timesteps=4718688 | env_steps/sec=68.0 | episodes/sec=1.15 | gpu_util_mean=0% gpu_util_max=0% | gpu_mem_mean=2.3/47.8GB
timesteps=4720224 | env_steps/sec=303.6 | episodes/sec=4.94 | gpu_util_mean=0% gpu_util_max=1% | gpu_mem_mean=2.3/47.8GB
timesteps=4721760 | env_steps/sec=297.6 | episodes/sec=4.26 | gpu_util_mean=0% gpu_util_max=0% | gpu_mem_mean=2.3/47.8GB
timesteps=4723200 | env_steps/sec=273.7 | episodes/sec=3.42 | gpu_util_mean=0% gpu_util_max=0% | gpu_mem_mean=2.3/47.8GB
timesteps=4724640 | env_steps/sec=286.2 | episodes/sec=4.17 | gpu_util_mean=0% gpu_util_max=0% | gpu_mem_mean=2.3/47.8GB
timesteps=4726080 | env_steps/sec=278.6 | episodes/sec=4.64 | gpu_util_mean=0% gpu_util_max=0% | gpu_mem_mean=2.3/47.8GB
timesteps=4727616 | env_steps/sec=303.4 | episodes/sec=5.53 | gpu_util_mean=18% gpu_util_max=36% | gpu_mem_mean=2.3/47.8GB
timesteps=4729248 | env_steps/sec=313.5 | episodes/sec=3.07 | gpu_util_mean=0% gpu_util_max=0% | gpu_mem_mean=2.3/47.8GB
timesteps=4730688 | env_steps/sec=281.2 | episodes/sec=4.49 | gpu_util_mean=0% gpu_util_max=1% | gpu_mem_mean=2.3/47.8GB
timesteps=4732224 | env_steps/sec=298.8 | episodes/sec=4.28 | gpu_util_mean=1% gpu_util_max=1% | gpu_mem_mean=2.3/47.8GB
timesteps=4733856 | env_steps/sec=309.7 | episodes/sec=4.93 | gpu_util_mean=1% gpu_util_max=1% | gpu_mem_mean=2.3/47.8GB
timesteps=4735392 | env_steps/sec=290.0 | episodes/sec=4.34 | gpu_util_mean=0% gpu_util_max=0% | gpu_mem_mean=2.3/47.8GB
timesteps=4736832 | env_steps/sec=274.0 | episodes/sec=3.23 | gpu_util_mean=0% gpu_util_max=0% | gpu_mem_mean=2.3/47.8GB
timesteps=4738368 | env_steps/sec=297.7 | episodes/sec=5.23 | gpu_util_mean=1% gpu_util_max=1% | gpu_mem_mean=2.3/47.8GB
timesteps=4739904 | env_steps/sec=288.0 | episodes/sec=4.31 | gpu_util_mean=0% gpu_util_max=0% | gpu_mem_mean=2.3/47.8GB
timesteps=4741440 | env_steps/sec=291.9 | episodes/sec=3.04 | gpu_util_mean=0% gpu_util_max=0% | gpu_mem_mean=2.3/47.8GB
timesteps=4742976 | env_steps/sec=301.3 | episodes/sec=4.90 | gpu_util_mean=1% gpu_util_max=1% | gpu_mem_mean=2.3/47.8GB
timesteps=4744512 | env_steps/sec=306.6 | episodes/sec=4.79 | gpu_util_mean=0% gpu_util_max=1% | gpu_mem_mean=2.3/47.8GB
timesteps=4746048 | env_steps/sec=290.7 | episodes/sec=3.97 | gpu_util_mean=0% gpu_util_max=0% | gpu_mem_mean=2.3/47.8GB
timesteps=4747584 | env_steps/sec=304.3 | episodes/sec=4.36 | gpu_util_mean=0% gpu_util_max=1% | gpu_mem_mean=2.3/47.8GB
timesteps=4749120 | env_steps/sec=304.2 | episodes/sec=4.55 | gpu_util_mean=0% gpu_util_max=0% | gpu_mem_mean=2.3/47.8GB
timesteps=4750656 | env_steps/sec=300.1 | episodes/sec=4.88 | gpu_util_mean=0% gpu_util_max=0% | gpu_mem_mean=2.3/47.8GB
timesteps=4752192 | env_steps/sec=304.7 | episodes/sec=3.77 | gpu_util_mean=0% gpu_util_max=1% | gpu_mem_mean=2.3/47.8GB
timesteps=4753728 | env_steps/sec=295.1 | episodes/sec=4.61 | gpu_util_mean=0% gpu_util_max=1% | gpu_mem_mean=2.3/47.8GB
timesteps=4755264 | env_steps/sec=292.7 | episodes/sec=3.62 | gpu_util_mean=0% gpu_util_max=1% | gpu_mem_mean=2.3/47.8GB
timesteps=4756800 | env_steps/sec=291.1 | episodes/sec=4.93 | gpu_util_mean=0% gpu_util_max=0% | gpu_mem_mean=2.3/47.8GB
timesteps=4758240 | env_steps/sec=286.0 | episodes/sec=4.77 | gpu_util_mean=0% gpu_util_max=0% | gpu_mem_mean=2.3/47.8GB
timesteps=4759776 | env_steps/sec=296.6 | episodes/sec=2.70 | gpu_util_mean=0% gpu_util_max=1% | gpu_mem_mean=2.3/47.8GB
timesteps=4761312 | env_steps/sec=301.7 | episodes/sec=5.11 | gpu_util_mean=0% gpu_util_max=1% | gpu_mem_mean=2.3/47.8GB
timesteps=4762848 | env_steps/sec=303.1 | episodes/sec=4.74 | gpu_util_mean=0% gpu_util_max=1% | gpu_mem_mean=2.3/47.8GB
timesteps=4764480 | env_steps/sec=311.1 | episodes/sec=5.53 | gpu_util_mean=0% gpu_util_max=1% | gpu_mem_mean=2.3/47.8GB
timesteps=4766016 | env_steps/sec=297.9 | episodes/sec=2.33 | gpu_util_mean=0% gpu_util_max=1% | gpu_mem_mean=2.3/47.8GB
timesteps=4767552 | env_steps/sec=302.0 | episodes/sec=4.33 | gpu_util_mean=0% gpu_util_max=0% | gpu_mem_mean=2.3/47.8GB
-------------------------------------------
| gpu/                      |             |
|    gpu_count              | 2           |
|    gpu_mem_total_gb_mean  | 47.8        |
|    gpu_mem_used_gb_mean   | 2.33        |
|    gpu_util_pct_max       | 0           |
|    gpu_util_pct_mean      | 0           |
| profile/                  |             |
|    hard/damage_mean       | 0.233       |
|    hard/ep_len_mean       | 65.1        |
|    hard/ep_rew_mean       | 0.168       |
|    hard/episodes_window   | 200         |
|    hard/p_damage_ge_90    | 0           |
|    hard/p_stars_ge_2      | 0           |
|    hard/score_mean        | 0.233       |
|    hard/stars_mean        | 0           |
|    hard/ticks_mean        | 647         |
|    hard/truncated_rate    | 0.03        |
|    medium/damage_mean     | 0.739       |
|    medium/ep_len_mean     | 72.8        |
|    medium/ep_rew_mean     | 2.38        |
|    medium/episodes_window | 200         |
|    medium/p_damage_ge_90  | 0.27        |
|    medium/p_stars_ge_2    | 0.675       |
|    medium/score_mean      | 2.45        |
|    medium/stars_mean      | 1.72        |
|    medium/ticks_mean      | 725         |
|    medium/truncated_rate  | 0.135       |
| rollout/                  |             |
|    ep_len_mean            | 68.1        |
|    ep_rew_mean            | 1.23        |
| throughput/               |             |
|    env_steps_per_sec      | 302         |
|    episodes_per_sec       | 4.33        |
| time/                     |             |
|    fps                    | 261         |
|    iterations             | 97          |
|    time_elapsed           | 18211       |
|    total_timesteps        | 4767744     |
| train/                    |             |
|    approx_kl              | 0.014677829 |
|    clip_fraction          | 0.131       |
|    clip_range             | 0.2         |
|    entropy_loss           | -4.65       |
|    explained_variance     | 0.914       |
|    learning_rate          | 0.0003      |
|    loss                   | -0.0389     |
|    n_updates              | 960         |
|    policy_gradient_loss   | -0.0124     |
|    value_loss             | 0.0566      |
-------------------------------------------
timesteps=4767840 | env_steps/sec=28.4 | episodes/sec=0.59 | gpu_util_mean=6% gpu_util_max=13% | gpu_mem_mean=2.3/47.8GB
timesteps=4769376 | env_steps/sec=304.8 | episodes/sec=6.35 | gpu_util_mean=1% gpu_util_max=1% | gpu_mem_mean=2.3/47.8GB
timesteps=4770912 | env_steps/sec=293.2 | episodes/sec=4.58 | gpu_util_mean=0% gpu_util_max=0% | gpu_mem_mean=2.3/47.8GB
timesteps=4772448 | env_steps/sec=290.2 | episodes/sec=2.46 | gpu_util_mean=0% gpu_util_max=1% | gpu_mem_mean=2.3/47.8GB
timesteps=4773984 | env_steps/sec=306.7 | episodes/sec=4.19 | gpu_util_mean=0% gpu_util_max=0% | gpu_mem_mean=2.3/47.8GB
timesteps=4775520 | env_steps/sec=301.6 | episodes/sec=6.48 | gpu_util_mean=0% gpu_util_max=1% | gpu_mem_mean=2.3/47.8GB
timesteps=4777152 | env_steps/sec=318.9 | episodes/sec=3.91 | gpu_util_mean=16% gpu_util_max=33% | gpu_mem_mean=2.3/47.8GB
timesteps=4778784 | env_steps/sec=317.1 | episodes/sec=4.08 | gpu_util_mean=18% gpu_util_max=37% | gpu_mem_mean=2.3/47.8GB
timesteps=4780224 | env_steps/sec=286.0 | episodes/sec=3.77 | gpu_util_mean=0% gpu_util_max=0% | gpu_mem_mean=1.7/47.8GB
timesteps=4781856 | env_steps/sec=318.0 | episodes/sec=6.43 | gpu_util_mean=0% gpu_util_max=0% | gpu_mem_mean=1.7/47.8GB
timesteps=4783488 | env_steps/sec=316.1 | episodes/sec=3.29 | gpu_util_mean=0% gpu_util_max=0% | gpu_mem_mean=1.7/47.8GB
timesteps=4785120 | env_steps/sec=316.0 | episodes/sec=5.23 | gpu_util_mean=0% gpu_util_max=1% | gpu_mem_mean=1.7/47.8GB
timesteps=4786656 | env_steps/sec=292.7 | episodes/sec=4.19 | gpu_util_mean=0% gpu_util_max=0% | gpu_mem_mean=1.7/47.8GB
timesteps=4788384 | env_steps/sec=334.3 | episodes/sec=4.84 | gpu_util_mean=0% gpu_util_max=0% | gpu_mem_mean=1.7/47.8GB
timesteps=4790016 | env_steps/sec=325.2 | episodes/sec=3.79 | gpu_util_mean=0% gpu_util_max=0% | gpu_mem_mean=1.7/47.8GB
timesteps=4791744 | env_steps/sec=344.2 | episodes/sec=5.78 | gpu_util_mean=0% gpu_util_max=1% | gpu_mem_mean=1.7/47.8GB
timesteps=4793376 | env_steps/sec=315.2 | episodes/sec=5.60 | gpu_util_mean=0% gpu_util_max=0% | gpu_mem_mean=1.7/47.8GB
timesteps=4795104 | env_steps/sec=330.5 | episodes/sec=3.44 | gpu_util_mean=0% gpu_util_max=0% | gpu_mem_mean=1.7/47.8GB
timesteps=4796928 | env_steps/sec=348.2 | episodes/sec=4.58 | gpu_util_mean=0% gpu_util_max=0% | gpu_mem_mean=1.7/47.8GB
timesteps=4798656 | env_steps/sec=342.9 | episodes/sec=6.35 | gpu_util_mean=0% gpu_util_max=0% | gpu_mem_mean=1.7/47.8GB
timesteps=4800384 | env_steps/sec=335.9 | episodes/sec=5.25 | gpu_util_mean=0% gpu_util_max=1% | gpu_mem_mean=1.7/47.8GB
timesteps=4802112 | env_steps/sec=335.6 | episodes/sec=3.50 | gpu_util_mean=0% gpu_util_max=0% | gpu_mem_mean=1.7/47.8GB
timesteps=4803840 | env_steps/sec=339.5 | episodes/sec=5.11 | gpu_util_mean=0% gpu_util_max=1% | gpu_mem_mean=1.7/47.8GB
timesteps=4805568 | env_steps/sec=340.8 | episodes/sec=5.92 | gpu_util_mean=0% gpu_util_max=0% | gpu_mem_mean=1.7/47.8GB
timesteps=4807392 | env_steps/sec=353.9 | episodes/sec=4.66 | gpu_util_mean=0% gpu_util_max=1% | gpu_mem_mean=1.7/47.8GB
timesteps=4809120 | env_steps/sec=331.6 | episodes/sec=3.45 | gpu_util_mean=0% gpu_util_max=0% | gpu_mem_mean=1.7/47.8GB
timesteps=4810752 | env_steps/sec=320.4 | episodes/sec=6.48 | gpu_util_mean=0% gpu_util_max=0% | gpu_mem_mean=1.7/47.8GB
timesteps=4812480 | env_steps/sec=328.9 | episodes/sec=4.38 | gpu_util_mean=0% gpu_util_max=0% | gpu_mem_mean=1.7/47.8GB
timesteps=4814208 | env_steps/sec=337.3 | episodes/sec=4.10 | gpu_util_mean=0% gpu_util_max=0% | gpu_mem_mean=1.7/47.8GB
timesteps=4815840 | env_steps/sec=315.4 | episodes/sec=5.22 | gpu_util_mean=0% gpu_util_max=1% | gpu_mem_mean=1.7/47.8GB
-------------------------------------------
| gpu/                      |             |
|    gpu_count              | 2           |
|    gpu_mem_total_gb_mean  | 47.8        |
|    gpu_mem_used_gb_mean   | 1.73        |
|    gpu_util_pct_max       | 1           |
|    gpu_util_pct_mean      | 0.5         |
| profile/                  |             |
|    hard/damage_mean       | 0.228       |
|    hard/ep_len_mean       | 64.9        |
|    hard/ep_rew_mean       | 0.179       |
|    hard/episodes_window   | 200         |
|    hard/p_damage_ge_90    | 0           |
|    hard/p_stars_ge_2      | 0.005       |
|    hard/score_mean        | 0.243       |
|    hard/stars_mean        | 0.015       |
|    hard/ticks_mean        | 644         |
|    hard/truncated_rate    | 0.04        |
|    medium/damage_mean     | 0.741       |
|    medium/ep_len_mean     | 73.5        |
|    medium/ep_rew_mean     | 2.38        |
|    medium/episodes_window | 200         |
|    medium/p_damage_ge_90  | 0.265       |
|    medium/p_stars_ge_2    | 0.65        |
|    medium/score_mean      | 2.45        |
|    medium/stars_mean      | 1.71        |
|    medium/ticks_mean      | 732         |
|    medium/truncated_rate  | 0.165       |
| rollout/                  |             |
|    ep_len_mean            | 68.9        |
|    ep_rew_mean            | 1.16        |
| throughput/               |             |
|    env_steps_per_sec      | 315         |
|    episodes_per_sec       | 5.22        |
| time/                     |             |
|    fps                    | 262         |
|    iterations             | 98          |
|    time_elapsed           | 18373       |
|    total_timesteps        | 4816896     |
| train/                    |             |
|    approx_kl              | 0.013491232 |
|    clip_fraction          | 0.132       |
|    clip_range             | 0.2         |
|    entropy_loss           | -4.7        |
|    explained_variance     | 0.917       |
|    learning_rate          | 0.0003      |
|    loss                   | -0.0373     |
|    n_updates              | 970         |
|    policy_gradient_loss   | -0.0116     |
|    value_loss             | 0.0547      |
-------------------------------------------
timesteps=4816992 | env_steps/sec=110.1 | episodes/sec=1.43 | gpu_util_mean=0% gpu_util_max=0% | gpu_mem_mean=1.7/47.8GB
timesteps=4818624 | env_steps/sec=319.1 | episodes/sec=5.28 | gpu_util_mean=0% gpu_util_max=0% | gpu_mem_mean=1.7/47.8GB
timesteps=4820256 | env_steps/sec=311.9 | episodes/sec=4.59 | gpu_util_mean=0% gpu_util_max=0% | gpu_mem_mean=1.7/47.8GB
timesteps=4821984 | env_steps/sec=334.1 | episodes/sec=4.45 | gpu_util_mean=0% gpu_util_max=0% | gpu_mem_mean=1.7/47.8GB
timesteps=4823808 | env_steps/sec=346.4 | episodes/sec=5.13 | gpu_util_mean=0% gpu_util_max=1% | gpu_mem_mean=1.7/47.8GB
timesteps=4825440 | env_steps/sec=317.1 | episodes/sec=4.08 | gpu_util_mean=0% gpu_util_max=1% | gpu_mem_mean=1.7/47.8GB
timesteps=4827168 | env_steps/sec=333.3 | episodes/sec=5.79 | gpu_util_mean=0% gpu_util_max=0% | gpu_mem_mean=1.7/47.8GB
timesteps=4828896 | env_steps/sec=329.2 | episodes/sec=5.14 | gpu_util_mean=0% gpu_util_max=0% | gpu_mem_mean=1.7/47.8GB
timesteps=4830528 | env_steps/sec=315.0 | episodes/sec=4.25 | gpu_util_mean=0% gpu_util_max=1% | gpu_mem_mean=1.7/47.8GB
timesteps=4832256 | env_steps/sec=326.7 | episodes/sec=4.54 | gpu_util_mean=0% gpu_util_max=1% | gpu_mem_mean=1.7/47.8GB
timesteps=4833888 | env_steps/sec=316.8 | episodes/sec=5.05 | gpu_util_mean=0% gpu_util_max=0% | gpu_mem_mean=1.7/47.8GB
timesteps=4835520 | env_steps/sec=326.2 | episodes/sec=5.60 | gpu_util_mean=0% gpu_util_max=0% | gpu_mem_mean=1.7/47.8GB
timesteps=4837152 | env_steps/sec=316.0 | episodes/sec=2.71 | gpu_util_mean=0% gpu_util_max=0% | gpu_mem_mean=1.7/47.8GB
timesteps=4838784 | env_steps/sec=317.2 | episodes/sec=4.08 | gpu_util_mean=0% gpu_util_max=0% | gpu_mem_mean=1.7/47.8GB
timesteps=4840416 | env_steps/sec=317.6 | episodes/sec=4.86 | gpu_util_mean=0% gpu_util_max=0% | gpu_mem_mean=1.7/47.8GB
timesteps=4842144 | env_steps/sec=336.7 | episodes/sec=6.43 | gpu_util_mean=0% gpu_util_max=0% | gpu_mem_mean=1.7/47.8GB
timesteps=4843776 | env_steps/sec=323.7 | episodes/sec=3.97 | gpu_util_mean=0% gpu_util_max=0% | gpu_mem_mean=1.7/47.8GB
timesteps=4845504 | env_steps/sec=334.0 | episodes/sec=3.67 | gpu_util_mean=0% gpu_util_max=1% | gpu_mem_mean=1.7/47.8GB
timesteps=4847328 | env_steps/sec=348.5 | episodes/sec=5.92 | gpu_util_mean=0% gpu_util_max=0% | gpu_mem_mean=1.7/47.8GB
timesteps=4849056 | env_steps/sec=325.7 | episodes/sec=6.03 | gpu_util_mean=0% gpu_util_max=0% | gpu_mem_mean=1.7/47.8GB
timesteps=4850688 | env_steps/sec=317.9 | episodes/sec=3.70 | gpu_util_mean=0% gpu_util_max=0% | gpu_mem_mean=1.7/47.8GB
timesteps=4852320 | env_steps/sec=312.7 | episodes/sec=3.45 | gpu_util_mean=0% gpu_util_max=0% | gpu_mem_mean=1.7/47.8GB
timesteps=4854048 | env_steps/sec=329.6 | episodes/sec=5.72 | gpu_util_mean=0% gpu_util_max=1% | gpu_mem_mean=1.7/47.8GB
timesteps=4855776 | env_steps/sec=334.9 | episodes/sec=5.81 | gpu_util_mean=0% gpu_util_max=0% | gpu_mem_mean=1.7/47.8GB
timesteps=4857504 | env_steps/sec=330.6 | episodes/sec=4.40 | gpu_util_mean=0% gpu_util_max=0% | gpu_mem_mean=1.7/47.8GB
timesteps=4859136 | env_steps/sec=325.0 | episodes/sec=5.38 | gpu_util_mean=0% gpu_util_max=0% | gpu_mem_mean=1.7/47.8GB
timesteps=4860864 | env_steps/sec=335.5 | episodes/sec=4.66 | gpu_util_mean=0% gpu_util_max=0% | gpu_mem_mean=1.7/47.8GB
timesteps=4862592 | env_steps/sec=334.3 | episodes/sec=5.03 | gpu_util_mean=0% gpu_util_max=0% | gpu_mem_mean=1.7/47.8GB
timesteps=4864224 | env_steps/sec=322.5 | episodes/sec=4.15 | gpu_util_mean=0% gpu_util_max=0% | gpu_mem_mean=1.7/47.8GB
timesteps=4865952 | env_steps/sec=341.4 | episodes/sec=5.53 | gpu_util_mean=0% gpu_util_max=1% | gpu_mem_mean=1.7/47.8GB
-------------------------------------------
| gpu/                      |             |
|    gpu_count              | 2           |
|    gpu_mem_total_gb_mean  | 47.8        |
|    gpu_mem_used_gb_mean   | 1.73        |
|    gpu_util_pct_max       | 1           |
|    gpu_util_pct_mean      | 0.5         |
| profile/                  |             |
|    hard/damage_mean       | 0.224       |
|    hard/ep_len_mean       | 64.1        |
|    hard/ep_rew_mean       | 0.16        |
|    hard/episodes_window   | 200         |
|    hard/p_damage_ge_90    | 0           |
|    hard/p_stars_ge_2      | 0           |
|    hard/score_mean        | 0.224       |
|    hard/stars_mean        | 0           |
|    hard/ticks_mean        | 637         |
|    hard/truncated_rate    | 0.025       |
|    medium/damage_mean     | 0.754       |
|    medium/ep_len_mean     | 73.3        |
|    medium/ep_rew_mean     | 2.51        |
|    medium/episodes_window | 200         |
|    medium/p_damage_ge_90  | 0.265       |
|    medium/p_stars_ge_2    | 0.725       |
|    medium/score_mean      | 2.58        |
|    medium/stars_mean      | 1.82        |
|    medium/ticks_mean      | 729         |
|    medium/truncated_rate  | 0.15        |
| rollout/                  |             |
|    ep_len_mean            | 67.7        |
|    ep_rew_mean            | 1.29        |
| throughput/               |             |
|    env_steps_per_sec      | 341         |
|    episodes_per_sec       | 5.53        |
| time/                     |             |
|    fps                    | 262         |
|    iterations             | 99          |
|    time_elapsed           | 18530       |
|    total_timesteps        | 4866048     |
| train/                    |             |
|    approx_kl              | 0.010662048 |
|    clip_fraction          | 0.102       |
|    clip_range             | 0.2         |
|    entropy_loss           | -4.69       |
|    explained_variance     | 0.93        |
|    learning_rate          | 0.0003      |
|    loss                   | -0.0425     |
|    n_updates              | 980         |
|    policy_gradient_loss   | -0.0118     |
|    value_loss             | 0.0636      |
-------------------------------------------
timesteps=4866144 | env_steps/sec=22.3 | episodes/sec=0.23 | gpu_util_mean=14% gpu_util_max=28% | gpu_mem_mean=1.7/47.8GB
timesteps=4867872 | env_steps/sec=332.7 | episodes/sec=5.39 | gpu_util_mean=0% gpu_util_max=0% | gpu_mem_mean=1.7/47.8GB
timesteps=4869600 | env_steps/sec=339.8 | episodes/sec=4.52 | gpu_util_mean=0% gpu_util_max=0% | gpu_mem_mean=1.7/47.8GB
timesteps=4871328 | env_steps/sec=340.7 | episodes/sec=4.14 | gpu_util_mean=0% gpu_util_max=1% | gpu_mem_mean=1.7/47.8GB
timesteps=4873056 | env_steps/sec=340.0 | episodes/sec=6.89 | gpu_util_mean=0% gpu_util_max=1% | gpu_mem_mean=1.7/47.8GB
timesteps=4874784 | env_steps/sec=332.2 | episodes/sec=4.23 | gpu_util_mean=0% gpu_util_max=0% | gpu_mem_mean=1.7/47.8GB
timesteps=4876416 | env_steps/sec=324.5 | episodes/sec=3.58 | gpu_util_mean=0% gpu_util_max=0% | gpu_mem_mean=1.7/47.8GB
timesteps=4878048 | env_steps/sec=323.8 | episodes/sec=5.36 | gpu_util_mean=0% gpu_util_max=0% | gpu_mem_mean=1.7/47.8GB
timesteps=4879680 | env_steps/sec=325.7 | episodes/sec=4.79 | gpu_util_mean=0% gpu_util_max=0% | gpu_mem_mean=1.7/47.8GB
timesteps=4881312 | env_steps/sec=323.3 | episodes/sec=5.35 | gpu_util_mean=0% gpu_util_max=0% | gpu_mem_mean=1.7/47.8GB
timesteps=4882944 | env_steps/sec=324.9 | episodes/sec=4.58 | gpu_util_mean=0% gpu_util_max=1% | gpu_mem_mean=1.7/47.8GB
timesteps=4884576 | env_steps/sec=321.6 | episodes/sec=4.93 | gpu_util_mean=0% gpu_util_max=1% | gpu_mem_mean=1.7/47.8GB
timesteps=4886304 | env_steps/sec=338.6 | episodes/sec=5.49 | gpu_util_mean=0% gpu_util_max=0% | gpu_mem_mean=1.7/47.8GB
timesteps=4888032 | env_steps/sec=341.7 | episodes/sec=4.15 | gpu_util_mean=0% gpu_util_max=1% | gpu_mem_mean=1.7/47.8GB
timesteps=4889760 | env_steps/sec=344.6 | episodes/sec=4.39 | gpu_util_mean=0% gpu_util_max=1% | gpu_mem_mean=1.7/47.8GB
timesteps=4891488 | env_steps/sec=340.1 | episodes/sec=5.51 | gpu_util_mean=0% gpu_util_max=0% | gpu_mem_mean=1.7/47.8GB
timesteps=4893216 | env_steps/sec=343.1 | episodes/sec=5.36 | gpu_util_mean=0% gpu_util_max=0% | gpu_mem_mean=1.7/47.8GB
timesteps=4894944 | env_steps/sec=341.6 | episodes/sec=4.35 | gpu_util_mean=0% gpu_util_max=0% | gpu_mem_mean=1.7/47.8GB
timesteps=4896576 | env_steps/sec=325.8 | episodes/sec=4.99 | gpu_util_mean=0% gpu_util_max=0% | gpu_mem_mean=1.7/47.8GB
timesteps=4898304 | env_steps/sec=335.0 | episodes/sec=4.85 | gpu_util_mean=0% gpu_util_max=0% | gpu_mem_mean=1.7/47.8GB
timesteps=4900032 | env_steps/sec=341.4 | episodes/sec=5.33 | gpu_util_mean=0% gpu_util_max=0% | gpu_mem_mean=1.7/47.8GB
timesteps=4901760 | env_steps/sec=345.3 | episodes/sec=5.19 | gpu_util_mean=0% gpu_util_max=0% | gpu_mem_mean=1.7/47.8GB
timesteps=4903488 | env_steps/sec=333.8 | episodes/sec=4.44 | gpu_util_mean=0% gpu_util_max=0% | gpu_mem_mean=1.7/47.8GB
timesteps=4905216 | env_steps/sec=340.5 | episodes/sec=4.53 | gpu_util_mean=0% gpu_util_max=0% | gpu_mem_mean=1.7/47.8GB
timesteps=4907040 | env_steps/sec=350.5 | episodes/sec=5.38 | gpu_util_mean=0% gpu_util_max=0% | gpu_mem_mean=1.7/47.8GB
timesteps=4908768 | env_steps/sec=337.1 | episodes/sec=5.27 | gpu_util_mean=0% gpu_util_max=0% | gpu_mem_mean=1.7/47.8GB
timesteps=4910496 | env_steps/sec=332.7 | episodes/sec=3.85 | gpu_util_mean=0% gpu_util_max=0% | gpu_mem_mean=1.7/47.8GB
timesteps=4912224 | env_steps/sec=337.9 | episodes/sec=6.06 | gpu_util_mean=0% gpu_util_max=0% | gpu_mem_mean=1.7/47.8GB
timesteps=4914048 | env_steps/sec=357.1 | episodes/sec=5.68 | gpu_util_mean=0% gpu_util_max=0% | gpu_mem_mean=1.7/47.8GB
-------------------------------------------
| gpu/                      |             |
|    gpu_count              | 2           |
|    gpu_mem_total_gb_mean  | 47.8        |
|    gpu_mem_used_gb_mean   | 1.73        |
|    gpu_util_pct_max       | 0           |
|    gpu_util_pct_mean      | 0           |
| profile/                  |             |
|    hard/damage_mean       | 0.236       |
|    hard/ep_len_mean       | 65.1        |
|    hard/ep_rew_mean       | 0.187       |
|    hard/episodes_window   | 200         |
|    hard/p_damage_ge_90    | 0           |
|    hard/p_stars_ge_2      | 0.005       |
|    hard/score_mean        | 0.251       |
|    hard/stars_mean        | 0.015       |
|    hard/ticks_mean        | 646         |
|    hard/truncated_rate    | 0.035       |
|    medium/damage_mean     | 0.711       |
|    medium/ep_len_mean     | 72.4        |
|    medium/ep_rew_mean     | 2.26        |
|    medium/episodes_window | 200         |
|    medium/p_damage_ge_90  | 0.225       |
|    medium/p_stars_ge_2    | 0.65        |
|    medium/score_mean      | 2.33        |
|    medium/stars_mean      | 1.62        |
|    medium/ticks_mean      | 720         |
|    medium/truncated_rate  | 0.145       |
| rollout/                  |             |
|    ep_len_mean            | 68.6        |
|    ep_rew_mean            | 1.14        |
| throughput/               |             |
|    env_steps_per_sec      | 357         |
|    episodes_per_sec       | 5.68        |
| time/                     |             |
|    fps                    | 263         |
|    iterations             | 100         |
|    time_elapsed           | 18684       |
|    total_timesteps        | 4915200     |
| train/                    |             |
|    approx_kl              | 0.018701296 |
|    clip_fraction          | 0.183       |
|    clip_range             | 0.2         |
|    entropy_loss           | -4.72       |
|    explained_variance     | 0.923       |
|    learning_rate          | 0.0003      |
|    loss                   | -0.0358     |
|    n_updates              | 990         |
|    policy_gradient_loss   | -0.0143     |
|    value_loss             | 0.055       |
-------------------------------------------
timesteps=4915296 | env_steps/sec=116.4 | episodes/sec=1.49 | gpu_util_mean=18% gpu_util_max=36% | gpu_mem_mean=1.7/47.8GB
timesteps=4916928 | env_steps/sec=317.0 | episodes/sec=3.50 | gpu_util_mean=0% gpu_util_max=1% | gpu_mem_mean=1.7/47.8GB
timesteps=4918656 | env_steps/sec=326.7 | episodes/sec=4.54 | gpu_util_mean=0% gpu_util_max=0% | gpu_mem_mean=1.7/47.8GB
timesteps=4920384 | env_steps/sec=323.3 | episodes/sec=5.61 | gpu_util_mean=0% gpu_util_max=0% | gpu_mem_mean=1.7/47.8GB
timesteps=4922016 | env_steps/sec=308.7 | episodes/sec=4.92 | gpu_util_mean=0% gpu_util_max=0% | gpu_mem_mean=1.7/47.8GB
timesteps=4923744 | env_steps/sec=336.5 | episodes/sec=3.12 | gpu_util_mean=0% gpu_util_max=0% | gpu_mem_mean=1.7/47.8GB
timesteps=4925376 | env_steps/sec=323.9 | episodes/sec=5.95 | gpu_util_mean=0% gpu_util_max=1% | gpu_mem_mean=1.7/47.8GB
timesteps=4927104 | env_steps/sec=343.8 | episodes/sec=6.17 | gpu_util_mean=0% gpu_util_max=0% | gpu_mem_mean=1.7/47.8GB
timesteps=4928832 | env_steps/sec=330.8 | episodes/sec=3.06 | gpu_util_mean=0% gpu_util_max=0% | gpu_mem_mean=1.7/47.8GB
timesteps=4930656 | env_steps/sec=344.5 | episodes/sec=5.85 | gpu_util_mean=0% gpu_util_max=0% | gpu_mem_mean=1.7/47.8GB
timesteps=4932384 | env_steps/sec=335.1 | episodes/sec=2.91 | gpu_util_mean=0% gpu_util_max=1% | gpu_mem_mean=1.7/47.8GB
timesteps=4934112 | env_steps/sec=336.8 | episodes/sec=7.02 | gpu_util_mean=0% gpu_util_max=0% | gpu_mem_mean=1.7/47.8GB
timesteps=4935840 | env_steps/sec=341.0 | episodes/sec=4.93 | gpu_util_mean=0% gpu_util_max=1% | gpu_mem_mean=1.7/47.8GB
timesteps=4937568 | env_steps/sec=340.2 | episodes/sec=4.33 | gpu_util_mean=0% gpu_util_max=1% | gpu_mem_mean=1.7/47.8GB
timesteps=4939200 | env_steps/sec=317.6 | episodes/sec=4.48 | gpu_util_mean=0% gpu_util_max=0% | gpu_mem_mean=1.7/47.8GB
timesteps=4940832 | env_steps/sec=313.7 | episodes/sec=4.61 | gpu_util_mean=0% gpu_util_max=0% | gpu_mem_mean=1.7/47.8GB
timesteps=4942656 | env_steps/sec=347.0 | episodes/sec=5.90 | gpu_util_mean=0% gpu_util_max=0% | gpu_mem_mean=1.7/47.8GB
timesteps=4944384 | env_steps/sec=338.1 | episodes/sec=4.11 | gpu_util_mean=0% gpu_util_max=1% | gpu_mem_mean=1.7/47.8GB
timesteps=4946112 | env_steps/sec=337.1 | episodes/sec=5.27 | gpu_util_mean=0% gpu_util_max=0% | gpu_mem_mean=1.7/47.8GB
timesteps=4947840 | env_steps/sec=336.1 | episodes/sec=4.28 | gpu_util_mean=0% gpu_util_max=1% | gpu_mem_mean=1.7/47.8GB
timesteps=4949568 | env_steps/sec=335.3 | episodes/sec=5.24 | gpu_util_mean=0% gpu_util_max=0% | gpu_mem_mean=1.7/47.8GB
timesteps=4951296 | env_steps/sec=332.1 | episodes/sec=5.19 | gpu_util_mean=0% gpu_util_max=0% | gpu_mem_mean=1.7/47.8GB
timesteps=4953024 | env_steps/sec=333.8 | episodes/sec=4.64 | gpu_util_mean=0% gpu_util_max=0% | gpu_mem_mean=1.7/47.8GB
timesteps=4954752 | env_steps/sec=339.5 | episodes/sec=5.11 | gpu_util_mean=0% gpu_util_max=0% | gpu_mem_mean=1.7/47.8GB
timesteps=4956576 | env_steps/sec=347.4 | episodes/sec=3.05 | gpu_util_mean=0% gpu_util_max=0% | gpu_mem_mean=1.7/47.8GB
timesteps=4958304 | env_steps/sec=334.9 | episodes/sec=6.78 | gpu_util_mean=0% gpu_util_max=1% | gpu_mem_mean=1.7/47.8GB
timesteps=4960032 | env_steps/sec=330.5 | episodes/sec=4.97 | gpu_util_mean=0% gpu_util_max=0% | gpu_mem_mean=1.7/47.8GB
timesteps=4961760 | env_steps/sec=329.6 | episodes/sec=4.77 | gpu_util_mean=0% gpu_util_max=1% | gpu_mem_mean=1.7/47.8GB
timesteps=4963488 | env_steps/sec=331.4 | episodes/sec=4.03 | gpu_util_mean=0% gpu_util_max=1% | gpu_mem_mean=1.7/47.8GB
-------------------------------------------
| gpu/                      |             |
|    gpu_count              | 2           |
|    gpu_mem_total_gb_mean  | 47.8        |
|    gpu_mem_used_gb_mean   | 1.73        |
|    gpu_util_pct_max       | 1           |
|    gpu_util_pct_mean      | 0.5         |
| profile/                  |             |
|    hard/damage_mean       | 0.233       |
|    hard/ep_len_mean       | 65          |
|    hard/ep_rew_mean       | 0.189       |
|    hard/episodes_window   | 200         |
|    hard/p_damage_ge_90    | 0           |
|    hard/p_stars_ge_2      | 0.005       |
|    hard/score_mean        | 0.253       |
|    hard/stars_mean        | 0.02        |
|    hard/ticks_mean        | 646         |
|    hard/truncated_rate    | 0.01        |
|    medium/damage_mean     | 0.741       |
|    medium/ep_len_mean     | 73.5        |
|    medium/ep_rew_mean     | 2.4         |
|    medium/episodes_window | 200         |
|    medium/p_damage_ge_90  | 0.23        |
|    medium/p_stars_ge_2    | 0.705       |
|    medium/score_mean      | 2.47        |
|    medium/stars_mean      | 1.73        |
|    medium/ticks_mean      | 731         |
|    medium/truncated_rate  | 0.165       |
| rollout/                  |             |
|    ep_len_mean            | 68.7        |
|    ep_rew_mean            | 1.12        |
| throughput/               |             |
|    env_steps_per_sec      | 331         |
|    episodes_per_sec       | 4.03        |
| time/                     |             |
|    fps                    | 263         |
|    iterations             | 101         |
|    time_elapsed           | 18839       |
|    total_timesteps        | 4964352     |
| train/                    |             |
|    approx_kl              | 0.014100897 |
|    clip_fraction          | 0.181       |
|    clip_range             | 0.2         |
|    entropy_loss           | -4.72       |
|    explained_variance     | 0.931       |
|    learning_rate          | 0.0003      |
|    loss                   | -0.0423     |
|    n_updates              | 1000        |
|    policy_gradient_loss   | -0.0127     |
|    value_loss             | 0.0527      |
-------------------------------------------
timesteps=4964448 | env_steps/sec=94.9 | episodes/sec=0.99 | gpu_util_mean=18% gpu_util_max=37% | gpu_mem_mean=1.7/47.8GB
timesteps=4966080 | env_steps/sec=316.7 | episodes/sec=6.01 | gpu_util_mean=0% gpu_util_max=0% | gpu_mem_mean=1.7/47.8GB
timesteps=4967712 | env_steps/sec=320.8 | episodes/sec=3.73 | gpu_util_mean=0% gpu_util_max=0% | gpu_mem_mean=1.7/47.8GB
timesteps=4969440 | env_steps/sec=323.9 | episodes/sec=5.62 | gpu_util_mean=0% gpu_util_max=0% | gpu_mem_mean=1.7/47.8GB
timesteps=4971168 | env_steps/sec=331.8 | episodes/sec=4.61 | gpu_util_mean=0% gpu_util_max=0% | gpu_mem_mean=1.7/47.8GB
timesteps=4972896 | env_steps/sec=330.9 | episodes/sec=4.60 | gpu_util_mean=0% gpu_util_max=0% | gpu_mem_mean=1.7/47.8GB
timesteps=4974624 | env_steps/sec=330.2 | episodes/sec=4.97 | gpu_util_mean=0% gpu_util_max=1% | gpu_mem_mean=1.7/47.8GB
timesteps=4976256 | env_steps/sec=326.0 | episodes/sec=5.59 | gpu_util_mean=0% gpu_util_max=1% | gpu_mem_mean=1.7/47.8GB
timesteps=4977888 | env_steps/sec=317.1 | episodes/sec=3.89 | gpu_util_mean=0% gpu_util_max=0% | gpu_mem_mean=1.7/47.8GB
timesteps=4979424 | env_steps/sec=302.2 | episodes/sec=3.54 | gpu_util_mean=0% gpu_util_max=0% | gpu_mem_mean=1.7/47.8GB
timesteps=4981152 | env_steps/sec=334.5 | episodes/sec=6.00 | gpu_util_mean=0% gpu_util_max=1% | gpu_mem_mean=1.7/47.8GB
timesteps=4982880 | env_steps/sec=336.3 | episodes/sec=5.06 | gpu_util_mean=0% gpu_util_max=0% | gpu_mem_mean=1.7/47.8GB
timesteps=4984608 | env_steps/sec=329.6 | episodes/sec=3.81 | gpu_util_mean=0% gpu_util_max=0% | gpu_mem_mean=1.7/47.8GB
timesteps=4986240 | env_steps/sec=324.3 | episodes/sec=4.57 | gpu_util_mean=0% gpu_util_max=0% | gpu_mem_mean=1.7/47.8GB
timesteps=4987872 | env_steps/sec=326.0 | episodes/sec=5.59 | gpu_util_mean=0% gpu_util_max=0% | gpu_mem_mean=1.7/47.8GB
timesteps=4989504 | env_steps/sec=323.0 | episodes/sec=5.74 | gpu_util_mean=0% gpu_util_max=1% | gpu_mem_mean=1.7/47.8GB
timesteps=4991136 | env_steps/sec=320.5 | episodes/sec=3.14 | gpu_util_mean=0% gpu_util_max=1% | gpu_mem_mean=1.7/47.8GB
timesteps=4992768 | env_steps/sec=318.6 | episodes/sec=5.08 | gpu_util_mean=0% gpu_util_max=0% | gpu_mem_mean=1.7/47.8GB
timesteps=4994496 | env_steps/sec=328.5 | episodes/sec=4.94 | gpu_util_mean=0% gpu_util_max=1% | gpu_mem_mean=1.7/47.8GB
timesteps=4996128 | env_steps/sec=320.7 | episodes/sec=4.52 | gpu_util_mean=0% gpu_util_max=1% | gpu_mem_mean=1.7/47.8GB
timesteps=4997856 | env_steps/sec=336.7 | episodes/sec=4.87 | gpu_util_mean=0% gpu_util_max=0% | gpu_mem_mean=1.7/47.8GB
timesteps=4999584 | env_steps/sec=339.3 | episodes/sec=4.71 | gpu_util_mean=0% gpu_util_max=0% | gpu_mem_mean=1.7/47.8GB
timesteps=5001120 | env_steps/sec=296.7 | episodes/sec=4.83 | gpu_util_mean=0% gpu_util_max=0% | gpu_mem_mean=1.7/47.8GB
timesteps=5002752 | env_steps/sec=311.2 | episodes/sec=4.20 | gpu_util_mean=0% gpu_util_max=0% | gpu_mem_mean=1.7/47.8GB
timesteps=5004384 | env_steps/sec=320.8 | episodes/sec=5.31 | gpu_util_mean=0% gpu_util_max=0% | gpu_mem_mean=1.7/47.8GB
timesteps=5006016 | env_steps/sec=314.0 | episodes/sec=3.85 | gpu_util_mean=0% gpu_util_max=0% | gpu_mem_mean=1.7/47.8GB
timesteps=5007744 | env_steps/sec=326.5 | episodes/sec=4.91 | gpu_util_mean=0% gpu_util_max=1% | gpu_mem_mean=1.7/47.8GB
timesteps=5009472 | env_steps/sec=332.0 | episodes/sec=5.00 | gpu_util_mean=0% gpu_util_max=0% | gpu_mem_mean=1.7/47.8GB
timesteps=5011296 | env_steps/sec=348.1 | episodes/sec=4.96 | gpu_util_mean=0% gpu_util_max=0% | gpu_mem_mean=1.7/47.8GB
timesteps=5013024 | env_steps/sec=344.1 | episodes/sec=4.98 | gpu_util_mean=0% gpu_util_max=1% | gpu_mem_mean=1.7/47.8GB
-------------------------------------------
| gpu/                      |             |
|    gpu_count              | 2           |
|    gpu_mem_total_gb_mean  | 47.8        |
|    gpu_mem_used_gb_mean   | 1.73        |
|    gpu_util_pct_max       | 1           |
|    gpu_util_pct_mean      | 0.5         |
| profile/                  |             |
|    hard/damage_mean       | 0.24        |
|    hard/ep_len_mean       | 64.5        |
|    hard/ep_rew_mean       | 0.176       |
|    hard/episodes_window   | 200         |
|    hard/p_damage_ge_90    | 0           |
|    hard/p_stars_ge_2      | 0           |
|    hard/score_mean        | 0.24        |
|    hard/stars_mean        | 0           |
|    hard/ticks_mean        | 640         |
|    hard/truncated_rate    | 0.04        |
|    medium/damage_mean     | 0.735       |
|    medium/ep_len_mean     | 73          |
|    medium/ep_rew_mean     | 2.33        |
|    medium/episodes_window | 200         |
|    medium/p_damage_ge_90  | 0.28        |
|    medium/p_stars_ge_2    | 0.66        |
|    medium/score_mean      | 2.4         |
|    medium/stars_mean      | 1.67        |
|    medium/ticks_mean      | 726         |
|    medium/truncated_rate  | 0.16        |
| rollout/                  |             |
|    ep_len_mean            | 69.8        |
|    ep_rew_mean            | 1.25        |
| throughput/               |             |
|    env_steps_per_sec      | 344         |
|    episodes_per_sec       | 4.98        |
| time/                     |             |
|    fps                    | 263         |
|    iterations             | 102         |
|    time_elapsed           | 18998       |
|    total_timesteps        | 5013504     |
| train/                    |             |
|    approx_kl              | 0.012489497 |
|    clip_fraction          | 0.15        |
|    clip_range             | 0.2         |
|    entropy_loss           | -4.7        |
|    explained_variance     | 0.936       |
|    learning_rate          | 0.0003      |
|    loss                   | -0.0334     |
|    n_updates              | 1010        |
|    policy_gradient_loss   | -0.012      |
|    value_loss             | 0.0521      |
-------------------------------------------
saved final model: checkpoints/maskable_ppo/spell_medium_hard_thbuf_seed60_gpu0_20260517_202807/final_model
wandb: uploading artifact spell_medium_hard_thbuf_seed60_gpu0_20260517_202807-final-model; uploading artifact spell_medium_hard_thbuf_seed60_gpu0_20260517_202807-run-status; updating run metadata
wandb: uploading artifact spell_medium_hard_thbuf_seed60_gpu0_20260517_202807-final-model; uploading artifact spell_medium_hard_thbuf_seed60_gpu0_20260517_202807-run-status
wandb: uploading artifact spell_medium_hard_thbuf_seed60_gpu0_20260517_202807-final-model
wandb: uploading history steps 7352-7391, summary, console lines 8565-8617
wandb: 
wandb: Run history:
wandb:                  global_step ▁▁▁▁▂▂▃▃▃▃▃▃▃▃▃▄▄▄▄▄▄▄▄▅▅▅▆▆▆▆▆▆▇▇▇▇▇███
wandb:                gpu/gpu_count ▁▁▁▁▁▁▁▁▁▁▁▁▁▁▁▁▁▁▁▁▁▁▁▁▁▁▁▁▁▁▁▁▁▁▁▁▁▁▁▁
wandb:    gpu/gpu_mem_total_gb_mean ▁▁▁▁▁▁▁▁▁▁▁▁▁▁▁▁▁▁▁▁▁▁▁▁▁▁▁▁▁▁▁▁▁▁▁▁▁▁▁▁
wandb:     gpu/gpu_mem_used_gb_mean ▁████████████████████████████████████▂▂▂
wandb:         gpu/gpu_util_pct_max ▁▁▁▁▁▁▁▁▁▁▁▁▁▁▁▁▁█▁▁▁▁▁▁▁▁▁▁▁▁▁▁▇▁▁▁▁▁▁▁
wandb:        gpu/gpu_util_pct_mean ▁▁▁▁▁▁▁▁▁▁▁▁▁▁█▁▁▁▁▁▁▁▁▁▁▁▁▁▁▁▁▁▁▁▁▁▁▁▁▁
wandb:     profile/hard/damage_mean ▃▃▂▃▁▃▃▂▂▃▂▁▂▂▆▅▃▃▁▅▅▃▃▂▅▇█▅▅▆▆▄▇▆▅█▆▆▃▄
wandb:     profile/hard/ep_len_mean ▅█▆█▇▄▇▆▅▅▆▇▅▆▅▄█▄▄▁▄▃▆▄▅▃▃▆▃▂▄▃▅▅▄▂▄▆▅▅
wandb:     profile/hard/ep_rew_mean ▂▁▁▂▃▄▄▂▁▃▂▃▄▂▆▃▄▂▃▃▅▅▇▅▄▅▅▄█▆▄▆▃▂▂▃▃▂▃▃
wandb: profile/hard/episodes_window ▁▁▁▁▁▁▁▁▁▁▁▁▁▁▁▁▁▁▁▁▁▁▁▁▁▁▁▁▁▁▁▁▁▁▁▁▁▁▁▁
wandb:                          +31 ...
wandb: 
wandb: Run summary:
wandb:                  global_step 5013504
wandb:                gpu/gpu_count 2
wandb:    gpu/gpu_mem_total_gb_mean 47.78809
wandb:     gpu/gpu_mem_used_gb_mean 1.72852
wandb:         gpu/gpu_util_pct_max 1
wandb:        gpu/gpu_util_pct_mean 0.5
wandb:     profile/hard/damage_mean 0.24038
wandb:     profile/hard/ep_len_mean 64.465
wandb:     profile/hard/ep_rew_mean 0.17633
wandb: profile/hard/episodes_window 200
wandb:                          +32 ...
wandb: 
wandb: 🚀 View run spell_medium_hard_thbuf_seed60_gpu0_20260517_202807 at: https://wandb.ai/jmc314-lumenary-com/ClashAI/runs/spell_medium_hard_thbuf_seed60_gpu0_20260517_202807
wandb: ⭐️ View project at: https://wandb.ai/jmc314-lumenary-com/ClashAI
wandb: Synced 5 W&B file(s), 0 media file(s), 6 artifact file(s) and 1 other file(s)
wandb: Find logs at: ./wandb/run-20260517_202809-spell_medium_hard_thbuf_seed60_gpu0_20260517_202807/logs
