wandb: [wandb.login()] Loaded credentials for https://api.wandb.ai from WANDB_API_KEY.
wandb: Currently logged in as: jmc314 (jmc314-lumenary-com) to https://api.wandb.ai. Use `wandb login --relogin` to force relogin
wandb: Tracking run with wandb version 0.27.0
wandb: Run data is saved locally in /workspace/ClashAI/wandb/run-20260517_202810-spell_medium_hard_thbuf_seed61_gpu1_20260517_202807
wandb: Run `wandb offline` to turn off syncing.
wandb: Syncing run spell_medium_hard_thbuf_seed61_gpu1_20260517_202807
wandb: ⭐️ View project at https://wandb.ai/jmc314-lumenary-com/ClashAI
wandb: 🚀 View run at https://wandb.ai/jmc314-lumenary-com/ClashAI/runs/spell_medium_hard_thbuf_seed61_gpu1_20260517_202807
Using cuda device
training profiles=medium,hard eval_profiles=medium,hard workers=96 device=cuda timesteps=5000000 run=spell_medium_hard_thbuf_seed61_gpu1_20260517_202807
Logging to runs/maskable_ppo/spell_medium_hard_thbuf_seed61_gpu1_20260517_202807_1
timesteps=192 | env_steps/sec=38.3 | episodes/sec=0.00 | gpu_util_mean=0% gpu_util_max=0% | gpu_mem_mean=1.5/47.8GB
timesteps=1440 | env_steps/sec=244.3 | episodes/sec=0.00 | gpu_util_mean=0% gpu_util_max=0% | gpu_mem_mean=1.6/47.8GB
timesteps=2688 | env_steps/sec=242.9 | episodes/sec=0.00 | gpu_util_mean=0% gpu_util_max=1% | gpu_mem_mean=1.6/47.8GB
timesteps=3936 | env_steps/sec=241.5 | episodes/sec=0.00 | gpu_util_mean=0% gpu_util_max=1% | gpu_mem_mean=1.6/47.8GB
timesteps=5088 | env_steps/sec=226.2 | episodes/sec=0.00 | gpu_util_mean=0% gpu_util_max=1% | gpu_mem_mean=1.6/47.8GB
timesteps=7104 | env_steps/sec=393.0 | episodes/sec=13.25 | gpu_util_mean=0% gpu_util_max=0% | gpu_mem_mean=1.6/47.8GB
timesteps=8736 | env_steps/sec=305.3 | episodes/sec=5.24 | gpu_util_mean=0% gpu_util_max=1% | gpu_mem_mean=1.6/47.8GB
timesteps=9984 | env_steps/sec=237.4 | episodes/sec=0.00 | gpu_util_mean=0% gpu_util_max=1% | gpu_mem_mean=1.6/47.8GB
timesteps=11424 | env_steps/sec=279.1 | episodes/sec=0.39 | gpu_util_mean=0% gpu_util_max=0% | gpu_mem_mean=1.6/47.8GB
timesteps=13152 | env_steps/sec=337.7 | episodes/sec=8.79 | gpu_util_mean=0% gpu_util_max=1% | gpu_mem_mean=1.6/47.8GB
timesteps=14688 | env_steps/sec=301.5 | episodes/sec=6.28 | gpu_util_mean=0% gpu_util_max=1% | gpu_mem_mean=1.6/47.8GB
timesteps=16320 | env_steps/sec=304.5 | episodes/sec=2.24 | gpu_util_mean=0% gpu_util_max=1% | gpu_mem_mean=1.6/47.8GB
timesteps=17952 | env_steps/sec=308.2 | episodes/sec=3.78 | gpu_util_mean=0% gpu_util_max=1% | gpu_mem_mean=1.6/47.8GB
timesteps=19584 | env_steps/sec=310.6 | episodes/sec=4.76 | gpu_util_mean=1% gpu_util_max=1% | gpu_mem_mean=1.6/47.8GB
timesteps=21312 | env_steps/sec=327.4 | episodes/sec=5.68 | gpu_util_mean=0% gpu_util_max=1% | gpu_mem_mean=1.6/47.8GB
timesteps=22944 | env_steps/sec=315.1 | episodes/sec=3.28 | gpu_util_mean=0% gpu_util_max=1% | gpu_mem_mean=1.6/47.8GB
timesteps=24576 | env_steps/sec=310.2 | episodes/sec=5.89 | gpu_util_mean=0% gpu_util_max=1% | gpu_mem_mean=1.6/47.8GB
timesteps=26112 | env_steps/sec=296.7 | episodes/sec=4.06 | gpu_util_mean=0% gpu_util_max=0% | gpu_mem_mean=1.6/47.8GB
timesteps=27744 | env_steps/sec=308.6 | episodes/sec=3.40 | gpu_util_mean=0% gpu_util_max=0% | gpu_mem_mean=1.6/47.8GB
timesteps=29280 | env_steps/sec=286.9 | episodes/sec=4.48 | gpu_util_mean=0% gpu_util_max=0% | gpu_mem_mean=1.6/47.8GB
timesteps=30912 | env_steps/sec=318.9 | episodes/sec=5.08 | gpu_util_mean=0% gpu_util_max=0% | gpu_mem_mean=1.6/47.8GB
timesteps=32544 | env_steps/sec=326.3 | episodes/sec=4.60 | gpu_util_mean=0% gpu_util_max=0% | gpu_mem_mean=1.6/47.8GB
timesteps=33984 | env_steps/sec=276.4 | episodes/sec=3.65 | gpu_util_mean=0% gpu_util_max=0% | gpu_mem_mean=1.6/47.8GB
timesteps=35616 | env_steps/sec=319.1 | episodes/sec=4.11 | gpu_util_mean=0% gpu_util_max=1% | gpu_mem_mean=1.6/47.8GB
timesteps=37248 | env_steps/sec=322.6 | episodes/sec=4.94 | gpu_util_mean=1% gpu_util_max=1% | gpu_mem_mean=1.6/47.8GB
timesteps=38688 | env_steps/sec=287.5 | episodes/sec=4.99 | gpu_util_mean=1% gpu_util_max=1% | gpu_mem_mean=1.6/47.8GB
timesteps=40320 | env_steps/sec=320.5 | episodes/sec=3.93 | gpu_util_mean=0% gpu_util_max=0% | gpu_mem_mean=1.6/47.8GB
timesteps=41952 | env_steps/sec=326.3 | episodes/sec=4.00 | gpu_util_mean=0% gpu_util_max=0% | gpu_mem_mean=1.6/47.8GB
timesteps=43584 | env_steps/sec=311.1 | episodes/sec=5.53 | gpu_util_mean=0% gpu_util_max=1% | gpu_mem_mean=1.6/47.8GB
timesteps=45024 | env_steps/sec=287.8 | episodes/sec=3.60 | gpu_util_mean=0% gpu_util_max=1% | gpu_mem_mean=1.6/47.8GB
timesteps=46656 | env_steps/sec=318.3 | episodes/sec=4.29 | gpu_util_mean=0% gpu_util_max=0% | gpu_mem_mean=1.6/47.8GB
timesteps=48384 | env_steps/sec=332.4 | episodes/sec=5.19 | gpu_util_mean=0% gpu_util_max=1% | gpu_mem_mean=1.6/47.8GB
----------------------------------------
| gpu/                      |          |
|    gpu_count              | 2        |
|    gpu_mem_total_gb_mean  | 47.8     |
|    gpu_mem_used_gb_mean   | 1.59     |
|    gpu_util_pct_max       | 1        |
|    gpu_util_pct_mean      | 0.5      |
| profile/                  |          |
|    hard/damage_mean       | 0.219    |
|    hard/ep_len_mean       | 65.2     |
|    hard/ep_rew_mean       | 0.16     |
|    hard/episodes_window   | 200      |
|    hard/p_damage_ge_90    | 0        |
|    hard/p_stars_ge_2      | 0        |
|    hard/score_mean        | 0.224    |
|    hard/stars_mean        | 0.005    |
|    hard/ticks_mean        | 648      |
|    hard/truncated_rate    | 0.01     |
|    medium/damage_mean     | 0.525    |
|    medium/ep_len_mean     | 74.5     |
|    medium/ep_rew_mean     | 1.2      |
|    medium/episodes_window | 200      |
|    medium/p_damage_ge_90  | 0.04     |
|    medium/p_stars_ge_2    | 0.25     |
|    medium/score_mean      | 1.28     |
|    medium/stars_mean      | 0.75     |
|    medium/ticks_mean      | 741      |
|    medium/truncated_rate  | 0.18     |
| rollout/                  |          |
|    ep_len_mean            | 69.5     |
|    ep_rew_mean            | 0.639    |
| throughput/               |          |
|    env_steps_per_sec      | 332      |
|    episodes_per_sec       | 5.19     |
| time/                     |          |
|    fps                    | 293      |
|    iterations             | 1        |
|    time_elapsed           | 167      |
|    total_timesteps        | 49152    |
----------------------------------------
timesteps=49248 | env_steps/sec=84.6 | episodes/sec=1.47 | gpu_util_mean=33% gpu_util_max=33% | gpu_mem_mean=2.3/47.8GB
timesteps=50880 | env_steps/sec=317.2 | episodes/sec=4.66 | gpu_util_mean=0% gpu_util_max=1% | gpu_mem_mean=2.3/47.8GB
timesteps=52416 | env_steps/sec=304.5 | episodes/sec=4.16 | gpu_util_mean=0% gpu_util_max=1% | gpu_mem_mean=2.3/47.8GB
timesteps=53856 | env_steps/sec=286.1 | episodes/sec=2.98 | gpu_util_mean=0% gpu_util_max=0% | gpu_mem_mean=2.3/47.8GB
timesteps=55584 | env_steps/sec=335.1 | episodes/sec=4.85 | gpu_util_mean=0% gpu_util_max=0% | gpu_mem_mean=2.3/47.8GB
timesteps=57312 | env_steps/sec=336.8 | episodes/sec=5.85 | gpu_util_mean=0% gpu_util_max=0% | gpu_mem_mean=2.3/47.8GB
timesteps=58752 | env_steps/sec=282.8 | episodes/sec=2.95 | gpu_util_mean=0% gpu_util_max=0% | gpu_mem_mean=2.3/47.8GB
timesteps=60384 | env_steps/sec=321.4 | episodes/sec=5.32 | gpu_util_mean=0% gpu_util_max=0% | gpu_mem_mean=2.3/47.8GB
timesteps=61920 | env_steps/sec=298.9 | episodes/sec=3.89 | gpu_util_mean=0% gpu_util_max=1% | gpu_mem_mean=2.3/47.8GB
timesteps=63552 | env_steps/sec=322.2 | episodes/sec=5.53 | gpu_util_mean=0% gpu_util_max=0% | gpu_mem_mean=2.3/47.8GB
timesteps=65088 | env_steps/sec=305.5 | episodes/sec=3.78 | gpu_util_mean=0% gpu_util_max=1% | gpu_mem_mean=2.3/47.8GB
timesteps=66624 | env_steps/sec=294.7 | episodes/sec=3.07 | gpu_util_mean=0% gpu_util_max=1% | gpu_mem_mean=2.3/47.8GB
timesteps=68256 | env_steps/sec=308.7 | episodes/sec=4.73 | gpu_util_mean=0% gpu_util_max=0% | gpu_mem_mean=2.3/47.8GB
timesteps=69888 | env_steps/sec=322.1 | episodes/sec=6.51 | gpu_util_mean=0% gpu_util_max=1% | gpu_mem_mean=2.3/47.8GB
timesteps=71424 | env_steps/sec=304.6 | episodes/sec=3.77 | gpu_util_mean=0% gpu_util_max=1% | gpu_mem_mean=2.3/47.8GB
timesteps=72960 | env_steps/sec=293.5 | episodes/sec=2.68 | gpu_util_mean=0% gpu_util_max=1% | gpu_mem_mean=2.3/47.8GB
timesteps=74496 | env_steps/sec=298.1 | episodes/sec=5.24 | gpu_util_mean=0% gpu_util_max=0% | gpu_mem_mean=2.3/47.8GB
timesteps=76224 | env_steps/sec=331.0 | episodes/sec=5.75 | gpu_util_mean=0% gpu_util_max=0% | gpu_mem_mean=2.3/47.8GB
timesteps=77760 | env_steps/sec=304.7 | episodes/sec=4.56 | gpu_util_mean=0% gpu_util_max=1% | gpu_mem_mean=2.3/47.8GB
timesteps=79296 | env_steps/sec=293.4 | episodes/sec=2.48 | gpu_util_mean=0% gpu_util_max=1% | gpu_mem_mean=2.3/47.8GB
timesteps=80736 | env_steps/sec=276.3 | episodes/sec=4.22 | gpu_util_mean=0% gpu_util_max=0% | gpu_mem_mean=2.3/47.8GB
timesteps=82272 | env_steps/sec=302.9 | episodes/sec=5.92 | gpu_util_mean=0% gpu_util_max=1% | gpu_mem_mean=2.3/47.8GB
timesteps=83808 | env_steps/sec=296.6 | episodes/sec=3.67 | gpu_util_mean=0% gpu_util_max=1% | gpu_mem_mean=2.3/47.8GB
timesteps=85440 | env_steps/sec=320.3 | episodes/sec=3.14 | gpu_util_mean=0% gpu_util_max=0% | gpu_mem_mean=2.3/47.8GB
timesteps=86976 | env_steps/sec=303.0 | episodes/sec=5.52 | gpu_util_mean=0% gpu_util_max=0% | gpu_mem_mean=2.3/47.8GB
timesteps=88608 | env_steps/sec=306.5 | episodes/sec=4.70 | gpu_util_mean=0% gpu_util_max=0% | gpu_mem_mean=2.3/47.8GB
timesteps=90336 | env_steps/sec=331.5 | episodes/sec=4.80 | gpu_util_mean=0% gpu_util_max=1% | gpu_mem_mean=2.3/47.8GB
timesteps=91968 | env_steps/sec=322.8 | episodes/sec=3.36 | gpu_util_mean=0% gpu_util_max=1% | gpu_mem_mean=2.3/47.8GB
timesteps=93696 | env_steps/sec=330.9 | episodes/sec=5.94 | gpu_util_mean=0% gpu_util_max=0% | gpu_mem_mean=2.3/47.8GB
timesteps=95424 | env_steps/sec=329.9 | episodes/sec=5.73 | gpu_util_mean=1% gpu_util_max=1% | gpu_mem_mean=2.3/47.8GB
timesteps=96960 | env_steps/sec=304.9 | episodes/sec=3.37 | gpu_util_mean=1% gpu_util_max=1% | gpu_mem_mean=2.3/47.8GB
-------------------------------------------
| gpu/                      |             |
|    gpu_count              | 2           |
|    gpu_mem_total_gb_mean  | 47.8        |
|    gpu_mem_used_gb_mean   | 2.33        |
|    gpu_util_pct_max       | 1           |
|    gpu_util_pct_mean      | 1           |
| profile/                  |             |
|    hard/damage_mean       | 0.227       |
|    hard/ep_len_mean       | 65          |
|    hard/ep_rew_mean       | 0.172       |
|    hard/episodes_window   | 200         |
|    hard/p_damage_ge_90    | 0           |
|    hard/p_stars_ge_2      | 0.005       |
|    hard/score_mean        | 0.237       |
|    hard/stars_mean        | 0.01        |
|    hard/ticks_mean        | 645         |
|    hard/truncated_rate    | 0.025       |
|    medium/damage_mean     | 0.558       |
|    medium/ep_len_mean     | 73.8        |
|    medium/ep_rew_mean     | 1.4         |
|    medium/episodes_window | 200         |
|    medium/p_damage_ge_90  | 0.075       |
|    medium/p_stars_ge_2    | 0.33        |
|    medium/score_mean      | 1.48        |
|    medium/stars_mean      | 0.92        |
|    medium/ticks_mean      | 734         |
|    medium/truncated_rate  | 0.165       |
| rollout/                  |             |
|    ep_len_mean            | 69.4        |
|    ep_rew_mean            | 0.776       |
| throughput/               |             |
|    env_steps_per_sec      | 305         |
|    episodes_per_sec       | 3.37        |
| time/                     |             |
|    fps                    | 294         |
|    iterations             | 2           |
|    time_elapsed           | 333         |
|    total_timesteps        | 98304       |
| train/                    |             |
|    approx_kl              | 0.025149174 |
|    clip_fraction          | 0.246       |
|    clip_range             | 0.2         |
|    entropy_loss           | -5.71       |
|    explained_variance     | 0.5         |
|    learning_rate          | 0.0003      |
|    loss                   | -0.0851     |
|    n_updates              | 10          |
|    policy_gradient_loss   | -0.0374     |
|    value_loss             | 0.071       |
-------------------------------------------
timesteps=98400 | env_steps/sec=125.2 | episodes/sec=1.39 | gpu_util_mean=10% gpu_util_max=19% | gpu_mem_mean=2.3/47.8GB
timesteps=100128 | env_steps/sec=336.2 | episodes/sec=4.67 | gpu_util_mean=0% gpu_util_max=1% | gpu_mem_mean=2.3/47.8GB
timesteps=101664 | env_steps/sec=305.2 | episodes/sec=5.36 | gpu_util_mean=0% gpu_util_max=1% | gpu_mem_mean=2.3/47.8GB
timesteps=103200 | env_steps/sec=296.6 | episodes/sec=3.86 | gpu_util_mean=0% gpu_util_max=0% | gpu_mem_mean=2.3/47.8GB
timesteps=104736 | env_steps/sec=294.7 | episodes/sec=4.22 | gpu_util_mean=0% gpu_util_max=1% | gpu_mem_mean=2.3/47.8GB
timesteps=106464 | env_steps/sec=334.4 | episodes/sec=4.65 | gpu_util_mean=0% gpu_util_max=1% | gpu_mem_mean=2.3/47.8GB
timesteps=108192 | env_steps/sec=329.9 | episodes/sec=4.96 | gpu_util_mean=0% gpu_util_max=1% | gpu_mem_mean=2.3/47.8GB
timesteps=109824 | env_steps/sec=321.7 | episodes/sec=3.94 | gpu_util_mean=0% gpu_util_max=0% | gpu_mem_mean=2.3/47.8GB
timesteps=111456 | env_steps/sec=318.6 | episodes/sec=5.08 | gpu_util_mean=1% gpu_util_max=1% | gpu_mem_mean=2.3/47.8GB
timesteps=113088 | env_steps/sec=318.4 | episodes/sec=4.88 | gpu_util_mean=0% gpu_util_max=0% | gpu_mem_mean=2.3/47.8GB
timesteps=114720 | env_steps/sec=326.3 | episodes/sec=5.40 | gpu_util_mean=0% gpu_util_max=0% | gpu_mem_mean=2.3/47.8GB
timesteps=116256 | env_steps/sec=300.2 | episodes/sec=3.13 | gpu_util_mean=0% gpu_util_max=0% | gpu_mem_mean=2.3/47.8GB
timesteps=117792 | env_steps/sec=302.8 | episodes/sec=4.53 | gpu_util_mean=0% gpu_util_max=1% | gpu_mem_mean=2.3/47.8GB
timesteps=119328 | env_steps/sec=300.4 | episodes/sec=4.89 | gpu_util_mean=0% gpu_util_max=1% | gpu_mem_mean=2.3/47.8GB
timesteps=120960 | env_steps/sec=315.7 | episodes/sec=5.22 | gpu_util_mean=0% gpu_util_max=1% | gpu_mem_mean=2.3/47.8GB
timesteps=122496 | env_steps/sec=298.4 | episodes/sec=2.72 | gpu_util_mean=0% gpu_util_max=1% | gpu_mem_mean=2.3/47.8GB
timesteps=124032 | env_steps/sec=303.9 | episodes/sec=4.75 | gpu_util_mean=0% gpu_util_max=1% | gpu_mem_mean=2.3/47.8GB
timesteps=125472 | env_steps/sec=286.4 | episodes/sec=4.38 | gpu_util_mean=0% gpu_util_max=0% | gpu_mem_mean=2.3/47.8GB
timesteps=127008 | env_steps/sec=290.9 | episodes/sec=4.73 | gpu_util_mean=0% gpu_util_max=1% | gpu_mem_mean=2.3/47.8GB
timesteps=128640 | env_steps/sec=322.3 | episodes/sec=4.54 | gpu_util_mean=0% gpu_util_max=0% | gpu_mem_mean=2.3/47.8GB
timesteps=130272 | env_steps/sec=308.7 | episodes/sec=3.59 | gpu_util_mean=0% gpu_util_max=1% | gpu_mem_mean=2.3/47.8GB
timesteps=131808 | env_steps/sec=300.9 | episodes/sec=3.72 | gpu_util_mean=0% gpu_util_max=1% | gpu_mem_mean=2.3/47.8GB
timesteps=133344 | env_steps/sec=304.6 | episodes/sec=6.35 | gpu_util_mean=0% gpu_util_max=1% | gpu_mem_mean=2.3/47.8GB
timesteps=134784 | env_steps/sec=285.0 | episodes/sec=4.35 | gpu_util_mean=0% gpu_util_max=1% | gpu_mem_mean=2.3/47.8GB
timesteps=136320 | env_steps/sec=307.0 | episodes/sec=2.60 | gpu_util_mean=0% gpu_util_max=1% | gpu_mem_mean=2.3/47.8GB
timesteps=137760 | env_steps/sec=283.7 | episodes/sec=4.33 | gpu_util_mean=0% gpu_util_max=1% | gpu_mem_mean=2.3/47.8GB
timesteps=139296 | env_steps/sec=301.9 | episodes/sec=5.11 | gpu_util_mean=0% gpu_util_max=1% | gpu_mem_mean=2.3/47.8GB
timesteps=140928 | env_steps/sec=307.8 | episodes/sec=5.47 | gpu_util_mean=0% gpu_util_max=0% | gpu_mem_mean=2.3/47.8GB
timesteps=142368 | env_steps/sec=284.4 | episodes/sec=3.16 | gpu_util_mean=0% gpu_util_max=1% | gpu_mem_mean=2.3/47.8GB
timesteps=143904 | env_steps/sec=305.7 | episodes/sec=3.78 | gpu_util_mean=0% gpu_util_max=0% | gpu_mem_mean=2.3/47.8GB
timesteps=145536 | env_steps/sec=321.5 | episodes/sec=5.12 | gpu_util_mean=0% gpu_util_max=1% | gpu_mem_mean=2.3/47.8GB
timesteps=147072 | env_steps/sec=297.1 | episodes/sec=6.19 | gpu_util_mean=0% gpu_util_max=0% | gpu_mem_mean=2.3/47.8GB
--------------------------------------------
| gpu/                      |              |
|    gpu_count              | 2            |
|    gpu_mem_total_gb_mean  | 47.8         |
|    gpu_mem_used_gb_mean   | 2.33         |
|    gpu_util_pct_max       | 0            |
|    gpu_util_pct_mean      | 0            |
| profile/                  |              |
|    hard/damage_mean       | 0.225        |
|    hard/ep_len_mean       | 65           |
|    hard/ep_rew_mean       | 0.17         |
|    hard/episodes_window   | 200          |
|    hard/p_damage_ge_90    | 0            |
|    hard/p_stars_ge_2      | 0.005        |
|    hard/score_mean        | 0.235        |
|    hard/stars_mean        | 0.01         |
|    hard/ticks_mean        | 645          |
|    hard/truncated_rate    | 0.025        |
|    medium/damage_mean     | 0.535        |
|    medium/ep_len_mean     | 73.5         |
|    medium/ep_rew_mean     | 1.32         |
|    medium/episodes_window | 200          |
|    medium/p_damage_ge_90  | 0.045        |
|    medium/p_stars_ge_2    | 0.3          |
|    medium/score_mean      | 1.39         |
|    medium/stars_mean      | 0.855        |
|    medium/ticks_mean      | 732          |
|    medium/truncated_rate  | 0.16         |
| rollout/                  |              |
|    ep_len_mean            | 67.8         |
|    ep_rew_mean            | 0.552        |
| throughput/               |              |
|    env_steps_per_sec      | 297          |
|    episodes_per_sec       | 6.19         |
| time/                     |              |
|    fps                    | 294          |
|    iterations             | 3            |
|    time_elapsed           | 501          |
|    total_timesteps        | 147456       |
| train/                    |              |
|    approx_kl              | 0.0126840435 |
|    clip_fraction          | 0.145        |
|    clip_range             | 0.2          |
|    entropy_loss           | -5.53        |
|    explained_variance     | 0.607        |
|    learning_rate          | 0.0003       |
|    loss                   | -0.051       |
|    n_updates              | 20           |
|    policy_gradient_loss   | -0.0226      |
|    value_loss             | 0.0674       |
--------------------------------------------
timesteps=147552 | env_steps/sec=50.7 | episodes/sec=0.74 | gpu_util_mean=4% gpu_util_max=9% | gpu_mem_mean=2.3/47.8GB
timesteps=149280 | env_steps/sec=341.6 | episodes/sec=2.57 | gpu_util_mean=5% gpu_util_max=9% | gpu_mem_mean=2.3/47.8GB
timesteps=151008 | env_steps/sec=329.7 | episodes/sec=4.58 | gpu_util_mean=0% gpu_util_max=0% | gpu_mem_mean=2.3/47.8GB
timesteps=152832 | env_steps/sec=346.2 | episodes/sec=6.45 | gpu_util_mean=1% gpu_util_max=1% | gpu_mem_mean=2.3/47.8GB
timesteps=154656 | env_steps/sec=346.0 | episodes/sec=4.93 | gpu_util_mean=1% gpu_util_max=1% | gpu_mem_mean=2.3/47.8GB
timesteps=156384 | env_steps/sec=337.8 | episodes/sec=4.89 | gpu_util_mean=4% gpu_util_max=9% | gpu_mem_mean=2.3/47.8GB
timesteps=158016 | env_steps/sec=325.8 | episodes/sec=4.39 | gpu_util_mean=0% gpu_util_max=0% | gpu_mem_mean=2.3/47.8GB
timesteps=159744 | env_steps/sec=325.8 | episodes/sec=4.71 | gpu_util_mean=0% gpu_util_max=0% | gpu_mem_mean=2.3/47.8GB
timesteps=161376 | env_steps/sec=325.0 | episodes/sec=3.78 | gpu_util_mean=0% gpu_util_max=0% | gpu_mem_mean=2.3/47.8GB
timesteps=163008 | env_steps/sec=314.0 | episodes/sec=5.00 | gpu_util_mean=0% gpu_util_max=0% | gpu_mem_mean=2.3/47.8GB
timesteps=164544 | env_steps/sec=306.4 | episodes/sec=5.19 | gpu_util_mean=0% gpu_util_max=0% | gpu_mem_mean=2.3/47.8GB
timesteps=166080 | env_steps/sec=296.0 | episodes/sec=3.85 | gpu_util_mean=0% gpu_util_max=0% | gpu_mem_mean=2.3/47.8GB
timesteps=167712 | env_steps/sec=308.5 | episodes/sec=3.78 | gpu_util_mean=0% gpu_util_max=0% | gpu_mem_mean=2.3/47.8GB
timesteps=169248 | env_steps/sec=299.0 | episodes/sec=4.87 | gpu_util_mean=0% gpu_util_max=1% | gpu_mem_mean=2.3/47.8GB
timesteps=170784 | env_steps/sec=299.5 | episodes/sec=5.27 | gpu_util_mean=0% gpu_util_max=0% | gpu_mem_mean=2.3/47.8GB
timesteps=172416 | env_steps/sec=306.7 | episodes/sec=3.76 | gpu_util_mean=0% gpu_util_max=0% | gpu_mem_mean=2.3/47.8GB
timesteps=174048 | env_steps/sec=309.7 | episodes/sec=4.74 | gpu_util_mean=1% gpu_util_max=1% | gpu_mem_mean=2.3/47.8GB
timesteps=175584 | env_steps/sec=305.4 | episodes/sec=4.37 | gpu_util_mean=0% gpu_util_max=1% | gpu_mem_mean=2.3/47.8GB
timesteps=177216 | env_steps/sec=322.7 | episodes/sec=3.36 | gpu_util_mean=0% gpu_util_max=0% | gpu_mem_mean=2.3/47.8GB
timesteps=178848 | env_steps/sec=317.1 | episodes/sec=5.25 | gpu_util_mean=0% gpu_util_max=1% | gpu_mem_mean=2.3/47.8GB
timesteps=180480 | env_steps/sec=326.3 | episodes/sec=5.20 | gpu_util_mean=1% gpu_util_max=1% | gpu_mem_mean=2.3/47.8GB
timesteps=182112 | env_steps/sec=312.5 | episodes/sec=3.83 | gpu_util_mean=0% gpu_util_max=0% | gpu_mem_mean=2.3/47.8GB
timesteps=183648 | env_steps/sec=295.8 | episodes/sec=2.70 | gpu_util_mean=0% gpu_util_max=0% | gpu_mem_mean=2.3/47.8GB
timesteps=185280 | env_steps/sec=315.9 | episodes/sec=6.00 | gpu_util_mean=0% gpu_util_max=0% | gpu_mem_mean=2.3/47.8GB
timesteps=186912 | env_steps/sec=311.1 | episodes/sec=5.15 | gpu_util_mean=0% gpu_util_max=0% | gpu_mem_mean=2.3/47.8GB
timesteps=188448 | env_steps/sec=300.1 | episodes/sec=3.13 | gpu_util_mean=0% gpu_util_max=0% | gpu_mem_mean=2.3/47.8GB
timesteps=189984 | env_steps/sec=296.4 | episodes/sec=4.63 | gpu_util_mean=0% gpu_util_max=1% | gpu_mem_mean=2.3/47.8GB
timesteps=191520 | env_steps/sec=305.3 | episodes/sec=4.37 | gpu_util_mean=0% gpu_util_max=0% | gpu_mem_mean=2.3/47.8GB
timesteps=193152 | env_steps/sec=310.7 | episodes/sec=4.19 | gpu_util_mean=1% gpu_util_max=1% | gpu_mem_mean=2.3/47.8GB
timesteps=194688 | env_steps/sec=305.9 | episodes/sec=5.18 | gpu_util_mean=0% gpu_util_max=1% | gpu_mem_mean=2.3/47.8GB
timesteps=196224 | env_steps/sec=291.8 | episodes/sec=3.61 | gpu_util_mean=0% gpu_util_max=1% | gpu_mem_mean=2.3/47.8GB
------------------------------------------
| gpu/                      |            |
|    gpu_count              | 2          |
|    gpu_mem_total_gb_mean  | 47.8       |
|    gpu_mem_used_gb_mean   | 2.33       |
|    gpu_util_pct_max       | 1          |
|    gpu_util_pct_mean      | 0.5        |
| profile/                  |            |
|    hard/damage_mean       | 0.224      |
|    hard/ep_len_mean       | 65.6       |
|    hard/ep_rew_mean       | 0.173      |
|    hard/episodes_window   | 200        |
|    hard/p_damage_ge_90    | 0          |
|    hard/p_stars_ge_2      | 0.005      |
|    hard/score_mean        | 0.239      |
|    hard/stars_mean        | 0.015      |
|    hard/ticks_mean        | 652        |
|    hard/truncated_rate    | 0.015      |
|    medium/damage_mean     | 0.549      |
|    medium/ep_len_mean     | 74.7       |
|    medium/ep_rew_mean     | 1.33       |
|    medium/episodes_window | 200        |
|    medium/p_damage_ge_90  | 0.045      |
|    medium/p_stars_ge_2    | 0.285      |
|    medium/score_mean      | 1.4        |
|    medium/stars_mean      | 0.855      |
|    medium/ticks_mean      | 743        |
|    medium/truncated_rate  | 0.18       |
| rollout/                  |            |
|    ep_len_mean            | 69.5       |
|    ep_rew_mean            | 0.603      |
| throughput/               |            |
|    env_steps_per_sec      | 292        |
|    episodes_per_sec       | 3.61       |
| time/                     |            |
|    fps                    | 295        |
|    iterations             | 4          |
|    time_elapsed           | 665        |
|    total_timesteps        | 196608     |
| train/                    |            |
|    approx_kl              | 0.01266269 |
|    clip_fraction          | 0.179      |
|    clip_range             | 0.2        |
|    entropy_loss           | -5.54      |
|    explained_variance     | 0.662      |
|    learning_rate          | 0.0003     |
|    loss                   | -0.0616    |
|    n_updates              | 30         |
|    policy_gradient_loss   | -0.0231    |
|    value_loss             | 0.0639     |
------------------------------------------
timesteps=196704 | env_steps/sec=44.0 | episodes/sec=0.09 | gpu_util_mean=18% gpu_util_max=36% | gpu_mem_mean=2.3/47.8GB
timesteps=198336 | env_steps/sec=324.0 | episodes/sec=5.76 | gpu_util_mean=0% gpu_util_max=1% | gpu_mem_mean=2.3/47.8GB
timesteps=199968 | env_steps/sec=308.8 | episodes/sec=5.49 | gpu_util_mean=0% gpu_util_max=0% | gpu_mem_mean=2.3/47.8GB
timesteps=201504 | env_steps/sec=295.6 | episodes/sec=2.89 | gpu_util_mean=0% gpu_util_max=1% | gpu_mem_mean=2.3/47.8GB
timesteps=202944 | env_steps/sec=283.7 | episodes/sec=3.74 | gpu_util_mean=0% gpu_util_max=0% | gpu_mem_mean=2.3/47.8GB
timesteps=204576 | env_steps/sec=325.1 | episodes/sec=6.18 | gpu_util_mean=0% gpu_util_max=0% | gpu_mem_mean=2.3/47.8GB
timesteps=206304 | env_steps/sec=343.1 | episodes/sec=5.56 | gpu_util_mean=5% gpu_util_max=9% | gpu_mem_mean=2.3/47.8GB
timesteps=208032 | env_steps/sec=327.5 | episodes/sec=4.17 | gpu_util_mean=4% gpu_util_max=9% | gpu_mem_mean=2.3/47.8GB
timesteps=209760 | env_steps/sec=328.9 | episodes/sec=3.43 | gpu_util_mean=0% gpu_util_max=0% | gpu_mem_mean=2.3/47.8GB
timesteps=211488 | env_steps/sec=341.8 | episodes/sec=5.74 | gpu_util_mean=4% gpu_util_max=9% | gpu_mem_mean=2.3/47.8GB
timesteps=213216 | env_steps/sec=337.7 | episodes/sec=5.08 | gpu_util_mean=4% gpu_util_max=9% | gpu_mem_mean=2.3/47.8GB
timesteps=214848 | env_steps/sec=324.8 | episodes/sec=5.17 | gpu_util_mean=5% gpu_util_max=9% | gpu_mem_mean=2.3/47.8GB
timesteps=216480 | env_steps/sec=312.8 | episodes/sec=4.41 | gpu_util_mean=0% gpu_util_max=0% | gpu_mem_mean=2.3/47.8GB
timesteps=217920 | env_steps/sec=280.8 | episodes/sec=3.90 | gpu_util_mean=0% gpu_util_max=1% | gpu_mem_mean=2.3/47.8GB
timesteps=219456 | env_steps/sec=297.0 | episodes/sec=3.48 | gpu_util_mean=0% gpu_util_max=0% | gpu_mem_mean=2.3/47.8GB
timesteps=221088 | env_steps/sec=320.7 | episodes/sec=4.32 | gpu_util_mean=1% gpu_util_max=1% | gpu_mem_mean=2.3/47.8GB
timesteps=222720 | env_steps/sec=310.5 | episodes/sec=6.09 | gpu_util_mean=0% gpu_util_max=0% | gpu_mem_mean=2.3/47.8GB
timesteps=224256 | env_steps/sec=296.4 | episodes/sec=3.86 | gpu_util_mean=0% gpu_util_max=1% | gpu_mem_mean=2.3/47.8GB
timesteps=225792 | env_steps/sec=294.3 | episodes/sec=3.64 | gpu_util_mean=0% gpu_util_max=1% | gpu_mem_mean=2.3/47.8GB
timesteps=227328 | env_steps/sec=295.0 | episodes/sec=3.84 | gpu_util_mean=0% gpu_util_max=1% | gpu_mem_mean=2.3/47.8GB
timesteps=228864 | env_steps/sec=301.8 | episodes/sec=5.30 | gpu_util_mean=0% gpu_util_max=0% | gpu_mem_mean=2.3/47.8GB
timesteps=230496 | env_steps/sec=317.1 | episodes/sec=4.66 | gpu_util_mean=0% gpu_util_max=0% | gpu_mem_mean=2.3/47.8GB
timesteps=232128 | env_steps/sec=314.8 | episodes/sec=3.28 | gpu_util_mean=0% gpu_util_max=1% | gpu_mem_mean=2.3/47.8GB
timesteps=233760 | env_steps/sec=324.1 | episodes/sec=5.36 | gpu_util_mean=0% gpu_util_max=0% | gpu_mem_mean=2.3/47.8GB
timesteps=235392 | env_steps/sec=313.9 | episodes/sec=5.19 | gpu_util_mean=0% gpu_util_max=1% | gpu_mem_mean=2.3/47.8GB
timesteps=237024 | env_steps/sec=316.4 | episodes/sec=4.65 | gpu_util_mean=0% gpu_util_max=0% | gpu_mem_mean=2.3/47.8GB
timesteps=238656 | env_steps/sec=311.2 | episodes/sec=4.19 | gpu_util_mean=0% gpu_util_max=0% | gpu_mem_mean=2.3/47.8GB
timesteps=240288 | env_steps/sec=310.5 | episodes/sec=4.38 | gpu_util_mean=0% gpu_util_max=1% | gpu_mem_mean=2.3/47.8GB
timesteps=241920 | env_steps/sec=313.6 | episodes/sec=3.84 | gpu_util_mean=0% gpu_util_max=1% | gpu_mem_mean=2.3/47.8GB
timesteps=243456 | env_steps/sec=294.5 | episodes/sec=5.37 | gpu_util_mean=0% gpu_util_max=0% | gpu_mem_mean=2.3/47.8GB
timesteps=244992 | env_steps/sec=300.2 | episodes/sec=4.10 | gpu_util_mean=0% gpu_util_max=1% | gpu_mem_mean=2.3/47.8GB
-------------------------------------------
| gpu/                      |             |
|    gpu_count              | 2           |
|    gpu_mem_total_gb_mean  | 47.8        |
|    gpu_mem_used_gb_mean   | 2.33        |
|    gpu_util_pct_max       | 1           |
|    gpu_util_pct_mean      | 0.5         |
| profile/                  |             |
|    hard/damage_mean       | 0.232       |
|    hard/ep_len_mean       | 65          |
|    hard/ep_rew_mean       | 0.168       |
|    hard/episodes_window   | 200         |
|    hard/p_damage_ge_90    | 0           |
|    hard/p_stars_ge_2      | 0           |
|    hard/score_mean        | 0.232       |
|    hard/stars_mean        | 0           |
|    hard/ticks_mean        | 645         |
|    hard/truncated_rate    | 0.02        |
|    medium/damage_mean     | 0.544       |
|    medium/ep_len_mean     | 73.9        |
|    medium/ep_rew_mean     | 1.33        |
|    medium/episodes_window | 200         |
|    medium/p_damage_ge_90  | 0.03        |
|    medium/p_stars_ge_2    | 0.3         |
|    medium/score_mean      | 1.4         |
|    medium/stars_mean      | 0.86        |
|    medium/ticks_mean      | 734         |
|    medium/truncated_rate  | 0.155       |
| rollout/                  |             |
|    ep_len_mean            | 69.7        |
|    ep_rew_mean            | 0.774       |
| throughput/               |             |
|    env_steps_per_sec      | 300         |
|    episodes_per_sec       | 4.1         |
| time/                     |             |
|    fps                    | 295         |
|    iterations             | 5           |
|    time_elapsed           | 832         |
|    total_timesteps        | 245760      |
| train/                    |             |
|    approx_kl              | 0.011603589 |
|    clip_fraction          | 0.163       |
|    clip_range             | 0.2         |
|    entropy_loss           | -5.51       |
|    explained_variance     | 0.71        |
|    learning_rate          | 0.0003      |
|    loss                   | -0.0615     |
|    n_updates              | 40          |
|    policy_gradient_loss   | -0.0239     |
|    value_loss             | 0.0651      |
-------------------------------------------
timesteps=245856 | env_steps/sec=76.0 | episodes/sec=0.97 | gpu_util_mean=19% gpu_util_max=37% | gpu_mem_mean=2.3/47.8GB
timesteps=247488 | env_steps/sec=324.5 | episodes/sec=4.17 | gpu_util_mean=0% gpu_util_max=1% | gpu_mem_mean=2.3/47.8GB
timesteps=249216 | env_steps/sec=326.9 | episodes/sec=4.73 | gpu_util_mean=1% gpu_util_max=1% | gpu_mem_mean=2.3/47.8GB
timesteps=250752 | env_steps/sec=294.6 | episodes/sec=4.79 | gpu_util_mean=0% gpu_util_max=0% | gpu_mem_mean=2.3/47.8GB
timesteps=252288 | env_steps/sec=291.4 | episodes/sec=5.31 | gpu_util_mean=0% gpu_util_max=1% | gpu_mem_mean=2.3/47.8GB
timesteps=253824 | env_steps/sec=290.2 | episodes/sec=2.65 | gpu_util_mean=0% gpu_util_max=0% | gpu_mem_mean=2.3/47.8GB
timesteps=255360 | env_steps/sec=291.1 | episodes/sec=4.36 | gpu_util_mean=0% gpu_util_max=0% | gpu_mem_mean=2.3/47.8GB
timesteps=256896 | env_steps/sec=302.1 | episodes/sec=3.74 | gpu_util_mean=0% gpu_util_max=1% | gpu_mem_mean=2.3/47.8GB
timesteps=258432 | env_steps/sec=302.4 | episodes/sec=5.32 | gpu_util_mean=0% gpu_util_max=0% | gpu_mem_mean=2.3/47.8GB
timesteps=260064 | env_steps/sec=313.1 | episodes/sec=4.80 | gpu_util_mean=0% gpu_util_max=0% | gpu_mem_mean=2.3/47.8GB
timesteps=261504 | env_steps/sec=283.0 | episodes/sec=3.73 | gpu_util_mean=0% gpu_util_max=1% | gpu_mem_mean=2.3/47.8GB
timesteps=263040 | env_steps/sec=293.3 | episodes/sec=3.82 | gpu_util_mean=0% gpu_util_max=1% | gpu_mem_mean=2.3/47.8GB
timesteps=264768 | env_steps/sec=338.5 | episodes/sec=6.07 | gpu_util_mean=0% gpu_util_max=0% | gpu_mem_mean=2.3/47.8GB
timesteps=266496 | env_steps/sec=331.3 | episodes/sec=4.99 | gpu_util_mean=9% gpu_util_max=18% | gpu_mem_mean=2.3/47.8GB
timesteps=268224 | env_steps/sec=338.3 | episodes/sec=5.09 | gpu_util_mean=4% gpu_util_max=9% | gpu_mem_mean=2.3/47.8GB
timesteps=269856 | env_steps/sec=321.4 | episodes/sec=3.55 | gpu_util_mean=5% gpu_util_max=9% | gpu_mem_mean=2.3/47.8GB
timesteps=271584 | env_steps/sec=330.5 | episodes/sec=5.74 | gpu_util_mean=0% gpu_util_max=0% | gpu_mem_mean=2.3/47.8GB
timesteps=273216 | env_steps/sec=316.9 | episodes/sec=4.66 | gpu_util_mean=1% gpu_util_max=1% | gpu_mem_mean=2.3/47.8GB
timesteps=274848 | env_steps/sec=314.5 | episodes/sec=4.24 | gpu_util_mean=0% gpu_util_max=1% | gpu_mem_mean=2.3/47.8GB
timesteps=276384 | env_steps/sec=306.0 | episodes/sec=4.18 | gpu_util_mean=0% gpu_util_max=1% | gpu_mem_mean=2.3/47.8GB
timesteps=278016 | env_steps/sec=325.1 | episodes/sec=4.18 | gpu_util_mean=0% gpu_util_max=0% | gpu_mem_mean=2.3/47.8GB
timesteps=279648 | env_steps/sec=317.3 | episodes/sec=5.25 | gpu_util_mean=0% gpu_util_max=1% | gpu_mem_mean=2.3/47.8GB
timesteps=281184 | env_steps/sec=294.1 | episodes/sec=4.79 | gpu_util_mean=0% gpu_util_max=1% | gpu_mem_mean=2.3/47.8GB
timesteps=282720 | env_steps/sec=295.2 | episodes/sec=3.65 | gpu_util_mean=0% gpu_util_max=1% | gpu_mem_mean=2.3/47.8GB
timesteps=284256 | env_steps/sec=288.9 | episodes/sec=4.33 | gpu_util_mean=0% gpu_util_max=1% | gpu_mem_mean=2.3/47.8GB
timesteps=285888 | env_steps/sec=311.8 | episodes/sec=4.97 | gpu_util_mean=0% gpu_util_max=1% | gpu_mem_mean=2.3/47.8GB
timesteps=287424 | env_steps/sec=302.2 | episodes/sec=4.33 | gpu_util_mean=0% gpu_util_max=1% | gpu_mem_mean=2.3/47.8GB
timesteps=289056 | env_steps/sec=304.2 | episodes/sec=3.91 | gpu_util_mean=0% gpu_util_max=1% | gpu_mem_mean=2.3/47.8GB
timesteps=290688 | env_steps/sec=317.6 | episodes/sec=4.67 | gpu_util_mean=0% gpu_util_max=0% | gpu_mem_mean=2.3/47.8GB
timesteps=292320 | env_steps/sec=316.5 | episodes/sec=5.04 | gpu_util_mean=0% gpu_util_max=1% | gpu_mem_mean=2.3/47.8GB
timesteps=294048 | env_steps/sec=328.3 | episodes/sec=4.75 | gpu_util_mean=1% gpu_util_max=1% | gpu_mem_mean=2.3/47.8GB
--------------------------------------------
| gpu/                      |              |
|    gpu_count              | 2            |
|    gpu_mem_total_gb_mean  | 47.8         |
|    gpu_mem_used_gb_mean   | 2.33         |
|    gpu_util_pct_max       | 1            |
|    gpu_util_pct_mean      | 1            |
| profile/                  |              |
|    hard/damage_mean       | 0.226        |
|    hard/ep_len_mean       | 65           |
|    hard/ep_rew_mean       | 0.172        |
|    hard/episodes_window   | 200          |
|    hard/p_damage_ge_90    | 0            |
|    hard/p_stars_ge_2      | 0.005        |
|    hard/score_mean        | 0.236        |
|    hard/stars_mean        | 0.01         |
|    hard/ticks_mean        | 646          |
|    hard/truncated_rate    | 0.03         |
|    medium/damage_mean     | 0.552        |
|    medium/ep_len_mean     | 72.8         |
|    medium/ep_rew_mean     | 1.32         |
|    medium/episodes_window | 200          |
|    medium/p_damage_ge_90  | 0.05         |
|    medium/p_stars_ge_2    | 0.3          |
|    medium/score_mean      | 1.39         |
|    medium/stars_mean      | 0.84         |
|    medium/ticks_mean      | 724          |
|    medium/truncated_rate  | 0.17         |
| rollout/                  |              |
|    ep_len_mean            | 70.5         |
|    ep_rew_mean            | 0.754        |
| throughput/               |              |
|    env_steps_per_sec      | 328          |
|    episodes_per_sec       | 4.75         |
| time/                     |              |
|    fps                    | 295          |
|    iterations             | 6            |
|    time_elapsed           | 998          |
|    total_timesteps        | 294912       |
| train/                    |              |
|    approx_kl              | 0.0108003495 |
|    clip_fraction          | 0.146        |
|    clip_range             | 0.2          |
|    entropy_loss           | -5.54        |
|    explained_variance     | 0.737        |
|    learning_rate          | 0.0003       |
|    loss                   | -0.0623      |
|    n_updates              | 50           |
|    policy_gradient_loss   | -0.0249      |
|    value_loss             | 0.0626       |
--------------------------------------------
timesteps=295008 | env_steps/sec=94.2 | episodes/sec=1.18 | gpu_util_mean=17% gpu_util_max=34% | gpu_mem_mean=2.3/47.8GB
timesteps=296640 | env_steps/sec=311.7 | episodes/sec=3.63 | gpu_util_mean=1% gpu_util_max=1% | gpu_mem_mean=2.3/47.8GB
timesteps=298272 | env_steps/sec=312.5 | episodes/sec=4.98 | gpu_util_mean=0% gpu_util_max=1% | gpu_mem_mean=2.3/47.8GB
timesteps=299808 | env_steps/sec=303.8 | episodes/sec=5.34 | gpu_util_mean=0% gpu_util_max=0% | gpu_mem_mean=2.3/47.8GB
timesteps=301344 | env_steps/sec=291.2 | episodes/sec=3.98 | gpu_util_mean=0% gpu_util_max=1% | gpu_mem_mean=2.3/47.8GB
timesteps=302880 | env_steps/sec=293.6 | episodes/sec=3.44 | gpu_util_mean=0% gpu_util_max=1% | gpu_mem_mean=2.3/47.8GB
timesteps=304416 | env_steps/sec=303.9 | episodes/sec=4.75 | gpu_util_mean=0% gpu_util_max=0% | gpu_mem_mean=2.3/47.8GB
timesteps=305856 | env_steps/sec=283.0 | episodes/sec=5.50 | gpu_util_mean=1% gpu_util_max=1% | gpu_mem_mean=2.3/47.8GB
timesteps=307488 | env_steps/sec=317.8 | episodes/sec=3.12 | gpu_util_mean=0% gpu_util_max=0% | gpu_mem_mean=2.3/47.8GB
timesteps=309024 | env_steps/sec=297.8 | episodes/sec=3.68 | gpu_util_mean=0% gpu_util_max=1% | gpu_mem_mean=2.3/47.8GB
timesteps=310656 | env_steps/sec=310.2 | episodes/sec=5.13 | gpu_util_mean=0% gpu_util_max=0% | gpu_mem_mean=2.3/47.8GB
timesteps=312288 | env_steps/sec=310.7 | episodes/sec=5.71 | gpu_util_mean=1% gpu_util_max=1% | gpu_mem_mean=2.3/47.8GB
timesteps=313824 | env_steps/sec=288.4 | episodes/sec=3.00 | gpu_util_mean=1% gpu_util_max=1% | gpu_mem_mean=2.3/47.8GB
timesteps=315360 | env_steps/sec=299.4 | episodes/sec=4.48 | gpu_util_mean=0% gpu_util_max=1% | gpu_mem_mean=2.3/47.8GB
timesteps=316896 | env_steps/sec=301.8 | episodes/sec=4.91 | gpu_util_mean=0% gpu_util_max=1% | gpu_mem_mean=2.3/47.8GB
timesteps=318528 | env_steps/sec=307.4 | episodes/sec=4.33 | gpu_util_mean=1% gpu_util_max=1% | gpu_mem_mean=2.3/47.8GB
timesteps=320256 | env_steps/sec=331.4 | episodes/sec=4.03 | gpu_util_mean=0% gpu_util_max=0% | gpu_mem_mean=2.3/47.8GB
timesteps=321984 | env_steps/sec=328.8 | episodes/sec=4.95 | gpu_util_mean=4% gpu_util_max=9% | gpu_mem_mean=2.3/47.8GB
timesteps=323808 | env_steps/sec=344.3 | episodes/sec=6.23 | gpu_util_mean=5% gpu_util_max=9% | gpu_mem_mean=2.3/47.8GB
timesteps=325536 | env_steps/sec=333.8 | episodes/sec=4.64 | gpu_util_mean=5% gpu_util_max=9% | gpu_mem_mean=2.3/47.8GB
timesteps=327264 | env_steps/sec=337.7 | episodes/sec=4.10 | gpu_util_mean=4% gpu_util_max=9% | gpu_mem_mean=2.3/47.8GB
timesteps=328992 | env_steps/sec=332.3 | episodes/sec=5.38 | gpu_util_mean=5% gpu_util_max=9% | gpu_mem_mean=2.3/47.8GB
timesteps=330720 | env_steps/sec=340.5 | episodes/sec=4.93 | gpu_util_mean=4% gpu_util_max=8% | gpu_mem_mean=2.3/47.8GB
timesteps=332352 | env_steps/sec=324.3 | episodes/sec=5.96 | gpu_util_mean=0% gpu_util_max=1% | gpu_mem_mean=2.3/47.8GB
timesteps=333888 | env_steps/sec=302.6 | episodes/sec=2.17 | gpu_util_mean=1% gpu_util_max=1% | gpu_mem_mean=2.3/47.8GB
timesteps=335424 | env_steps/sec=303.6 | episodes/sec=5.73 | gpu_util_mean=0% gpu_util_max=0% | gpu_mem_mean=2.3/47.8GB
timesteps=336960 | env_steps/sec=301.2 | episodes/sec=4.71 | gpu_util_mean=0% gpu_util_max=1% | gpu_mem_mean=2.3/47.8GB
timesteps=338496 | env_steps/sec=300.1 | episodes/sec=4.30 | gpu_util_mean=0% gpu_util_max=1% | gpu_mem_mean=2.3/47.8GB
timesteps=340032 | env_steps/sec=296.0 | episodes/sec=4.24 | gpu_util_mean=0% gpu_util_max=0% | gpu_mem_mean=2.3/47.8GB
timesteps=341568 | env_steps/sec=289.6 | episodes/sec=3.96 | gpu_util_mean=0% gpu_util_max=1% | gpu_mem_mean=2.3/47.8GB
timesteps=343104 | env_steps/sec=294.8 | episodes/sec=4.22 | gpu_util_mean=0% gpu_util_max=0% | gpu_mem_mean=2.3/47.8GB
-------------------------------------------
| gpu/                      |             |
|    gpu_count              | 2           |
|    gpu_mem_total_gb_mean  | 47.8        |
|    gpu_mem_used_gb_mean   | 2.33        |
|    gpu_util_pct_max       | 0           |
|    gpu_util_pct_mean      | 0           |
| profile/                  |             |
|    hard/damage_mean       | 0.224       |
|    hard/ep_len_mean       | 64.8        |
|    hard/ep_rew_mean       | 0.165       |
|    hard/episodes_window   | 200         |
|    hard/p_damage_ge_90    | 0           |
|    hard/p_stars_ge_2      | 0           |
|    hard/score_mean        | 0.229       |
|    hard/stars_mean        | 0.005       |
|    hard/ticks_mean        | 644         |
|    hard/truncated_rate    | 0.025       |
|    medium/damage_mean     | 0.537       |
|    medium/ep_len_mean     | 71.5        |
|    medium/ep_rew_mean     | 1.31        |
|    medium/episodes_window | 200         |
|    medium/p_damage_ge_90  | 0.04        |
|    medium/p_stars_ge_2    | 0.26        |
|    medium/score_mean      | 1.38        |
|    medium/stars_mean      | 0.84        |
|    medium/ticks_mean      | 711         |
|    medium/truncated_rate  | 0.125       |
| rollout/                  |             |
|    ep_len_mean            | 67.3        |
|    ep_rew_mean            | 0.673       |
| throughput/               |             |
|    env_steps_per_sec      | 295         |
|    episodes_per_sec       | 4.22        |
| time/                     |             |
|    fps                    | 295         |
|    iterations             | 7           |
|    time_elapsed           | 1165        |
|    total_timesteps        | 344064      |
| train/                    |             |
|    approx_kl              | 0.010301864 |
|    clip_fraction          | 0.141       |
|    clip_range             | 0.2         |
|    entropy_loss           | -5.56       |
|    explained_variance     | 0.727       |
|    learning_rate          | 0.0003      |
|    loss                   | -0.0595     |
|    n_updates              | 60          |
|    policy_gradient_loss   | -0.0235     |
|    value_loss             | 0.0636      |
-------------------------------------------
timesteps=344160 | env_steps/sec=93.3 | episodes/sec=1.59 | gpu_util_mean=16% gpu_util_max=33% | gpu_mem_mean=2.3/47.8GB
timesteps=345696 | env_steps/sec=290.3 | episodes/sec=4.16 | gpu_util_mean=0% gpu_util_max=1% | gpu_mem_mean=2.3/47.8GB
timesteps=347136 | env_steps/sec=280.4 | episodes/sec=3.12 | gpu_util_mean=0% gpu_util_max=0% | gpu_mem_mean=2.3/47.8GB
timesteps=348768 | env_steps/sec=320.3 | episodes/sec=4.51 | gpu_util_mean=0% gpu_util_max=1% | gpu_mem_mean=2.3/47.8GB
timesteps=350304 | env_steps/sec=291.9 | episodes/sec=4.94 | gpu_util_mean=0% gpu_util_max=0% | gpu_mem_mean=2.3/47.8GB
timesteps=351744 | env_steps/sec=287.1 | episodes/sec=4.78 | gpu_util_mean=0% gpu_util_max=0% | gpu_mem_mean=2.3/47.8GB
timesteps=353184 | env_steps/sec=285.5 | episodes/sec=3.57 | gpu_util_mean=0% gpu_util_max=0% | gpu_mem_mean=2.3/47.8GB
timesteps=354624 | env_steps/sec=281.7 | episodes/sec=3.91 | gpu_util_mean=0% gpu_util_max=0% | gpu_mem_mean=2.3/47.8GB
timesteps=356160 | env_steps/sec=290.0 | episodes/sec=3.96 | gpu_util_mean=0% gpu_util_max=0% | gpu_mem_mean=2.3/47.8GB
timesteps=357696 | env_steps/sec=295.1 | episodes/sec=4.23 | gpu_util_mean=0% gpu_util_max=0% | gpu_mem_mean=2.3/47.8GB
timesteps=359232 | env_steps/sec=291.3 | episodes/sec=5.31 | gpu_util_mean=0% gpu_util_max=0% | gpu_mem_mean=2.3/47.8GB
timesteps=360864 | env_steps/sec=306.0 | episodes/sec=4.87 | gpu_util_mean=0% gpu_util_max=0% | gpu_mem_mean=2.3/47.8GB
timesteps=362400 | env_steps/sec=295.3 | episodes/sec=2.50 | gpu_util_mean=0% gpu_util_max=0% | gpu_mem_mean=2.3/47.8GB
timesteps=363936 | env_steps/sec=302.9 | episodes/sec=5.13 | gpu_util_mean=0% gpu_util_max=0% | gpu_mem_mean=2.3/47.8GB
timesteps=365376 | env_steps/sec=286.3 | episodes/sec=4.97 | gpu_util_mean=0% gpu_util_max=0% | gpu_mem_mean=2.3/47.8GB
timesteps=366912 | env_steps/sec=295.2 | episodes/sec=3.84 | gpu_util_mean=0% gpu_util_max=1% | gpu_mem_mean=2.3/47.8GB
timesteps=368448 | env_steps/sec=290.5 | episodes/sec=4.16 | gpu_util_mean=0% gpu_util_max=1% | gpu_mem_mean=2.3/47.8GB
timesteps=369984 | env_steps/sec=293.5 | episodes/sec=2.68 | gpu_util_mean=0% gpu_util_max=1% | gpu_mem_mean=2.3/47.8GB
timesteps=371616 | env_steps/sec=308.4 | episodes/sec=6.80 | gpu_util_mean=0% gpu_util_max=1% | gpu_mem_mean=2.3/47.8GB
timesteps=373056 | env_steps/sec=281.5 | episodes/sec=4.50 | gpu_util_mean=0% gpu_util_max=0% | gpu_mem_mean=2.3/47.8GB
timesteps=374688 | env_steps/sec=309.2 | episodes/sec=3.03 | gpu_util_mean=0% gpu_util_max=0% | gpu_mem_mean=2.3/47.8GB
timesteps=376224 | env_steps/sec=297.1 | episodes/sec=3.87 | gpu_util_mean=0% gpu_util_max=0% | gpu_mem_mean=2.3/47.8GB
timesteps=377856 | env_steps/sec=319.8 | episodes/sec=5.88 | gpu_util_mean=0% gpu_util_max=0% | gpu_mem_mean=2.3/47.8GB
timesteps=379584 | env_steps/sec=341.6 | episodes/sec=5.93 | gpu_util_mean=16% gpu_util_max=33% | gpu_mem_mean=2.3/47.8GB
timesteps=381216 | env_steps/sec=326.1 | episodes/sec=3.20 | gpu_util_mean=0% gpu_util_max=0% | gpu_mem_mean=2.3/47.8GB
timesteps=382848 | env_steps/sec=307.8 | episodes/sec=3.96 | gpu_util_mean=0% gpu_util_max=0% | gpu_mem_mean=2.3/47.8GB
timesteps=384384 | env_steps/sec=297.6 | episodes/sec=5.23 | gpu_util_mean=0% gpu_util_max=1% | gpu_mem_mean=2.3/47.8GB
timesteps=386016 | env_steps/sec=316.0 | episodes/sec=5.03 | gpu_util_mean=0% gpu_util_max=0% | gpu_mem_mean=2.3/47.8GB
timesteps=387648 | env_steps/sec=324.8 | episodes/sec=2.99 | gpu_util_mean=0% gpu_util_max=0% | gpu_mem_mean=2.3/47.8GB
timesteps=389280 | env_steps/sec=317.9 | episodes/sec=5.45 | gpu_util_mean=1% gpu_util_max=1% | gpu_mem_mean=2.3/47.8GB
timesteps=390816 | env_steps/sec=303.7 | episodes/sec=4.94 | gpu_util_mean=0% gpu_util_max=1% | gpu_mem_mean=2.3/47.8GB
timesteps=392352 | env_steps/sec=289.4 | episodes/sec=3.96 | gpu_util_mean=0% gpu_util_max=1% | gpu_mem_mean=2.3/47.8GB
-------------------------------------------
| gpu/                      |             |
|    gpu_count              | 2           |
|    gpu_mem_total_gb_mean  | 47.8        |
|    gpu_mem_used_gb_mean   | 2.33        |
|    gpu_util_pct_max       | 1           |
|    gpu_util_pct_mean      | 0.5         |
| profile/                  |             |
|    hard/damage_mean       | 0.225       |
|    hard/ep_len_mean       | 65.6        |
|    hard/ep_rew_mean       | 0.159       |
|    hard/episodes_window   | 200         |
|    hard/p_damage_ge_90    | 0           |
|    hard/p_stars_ge_2      | 0           |
|    hard/score_mean        | 0.225       |
|    hard/stars_mean        | 0           |
|    hard/ticks_mean        | 652         |
|    hard/truncated_rate    | 0.055       |
|    medium/damage_mean     | 0.551       |
|    medium/ep_len_mean     | 72.6        |
|    medium/ep_rew_mean     | 1.38        |
|    medium/episodes_window | 200         |
|    medium/p_damage_ge_90  | 0.045       |
|    medium/p_stars_ge_2    | 0.32        |
|    medium/score_mean      | 1.45        |
|    medium/stars_mean      | 0.9         |
|    medium/ticks_mean      | 722         |
|    medium/truncated_rate  | 0.145       |
| rollout/                  |             |
|    ep_len_mean            | 69.7        |
|    ep_rew_mean            | 0.726       |
| throughput/               |             |
|    env_steps_per_sec      | 289         |
|    episodes_per_sec       | 3.96        |
| time/                     |             |
|    fps                    | 294         |
|    iterations             | 8           |
|    time_elapsed           | 1336        |
|    total_timesteps        | 393216      |
| train/                    |             |
|    approx_kl              | 0.008416454 |
|    clip_fraction          | 0.107       |
|    clip_range             | 0.2         |
|    entropy_loss           | -5.59       |
|    explained_variance     | 0.764       |
|    learning_rate          | 0.0003      |
|    loss                   | -0.0426     |
|    n_updates              | 70          |
|    policy_gradient_loss   | -0.0218     |
|    value_loss             | 0.0749      |
-------------------------------------------
timesteps=393312 | env_steps/sec=87.0 | episodes/sec=0.82 | gpu_util_mean=0% gpu_util_max=1% | gpu_mem_mean=2.3/47.8GB
timesteps=394848 | env_steps/sec=293.4 | episodes/sec=4.20 | gpu_util_mean=0% gpu_util_max=1% | gpu_mem_mean=2.3/47.8GB
timesteps=396384 | env_steps/sec=292.1 | episodes/sec=5.71 | gpu_util_mean=0% gpu_util_max=0% | gpu_mem_mean=2.3/47.8GB
timesteps=397824 | env_steps/sec=284.3 | episodes/sec=4.15 | gpu_util_mean=1% gpu_util_max=1% | gpu_mem_mean=2.3/47.8GB
timesteps=399264 | env_steps/sec=287.3 | episodes/sec=3.19 | gpu_util_mean=0% gpu_util_max=1% | gpu_mem_mean=2.3/47.8GB
timesteps=400896 | env_steps/sec=307.6 | episodes/sec=4.71 | gpu_util_mean=0% gpu_util_max=0% | gpu_mem_mean=2.3/47.8GB
timesteps=402432 | env_steps/sec=291.2 | episodes/sec=4.93 | gpu_util_mean=0% gpu_util_max=0% | gpu_mem_mean=2.3/47.8GB
timesteps=404064 | env_steps/sec=315.4 | episodes/sec=4.06 | gpu_util_mean=0% gpu_util_max=1% | gpu_mem_mean=2.3/47.8GB
timesteps=405504 | env_steps/sec=287.5 | episodes/sec=4.39 | gpu_util_mean=1% gpu_util_max=1% | gpu_mem_mean=2.3/47.8GB
timesteps=407040 | env_steps/sec=295.0 | episodes/sec=4.23 | gpu_util_mean=0% gpu_util_max=0% | gpu_mem_mean=2.3/47.8GB
timesteps=408576 | env_steps/sec=294.3 | episodes/sec=4.79 | gpu_util_mean=0% gpu_util_max=0% | gpu_mem_mean=2.3/47.8GB
timesteps=410016 | env_steps/sec=278.1 | episodes/sec=3.67 | gpu_util_mean=0% gpu_util_max=0% | gpu_mem_mean=2.3/47.8GB
timesteps=411648 | env_steps/sec=321.9 | episodes/sec=4.34 | gpu_util_mean=1% gpu_util_max=1% | gpu_mem_mean=2.3/47.8GB
timesteps=413184 | env_steps/sec=299.8 | episodes/sec=3.51 | gpu_util_mean=0% gpu_util_max=1% | gpu_mem_mean=2.3/47.8GB
timesteps=414816 | env_steps/sec=314.0 | episodes/sec=5.00 | gpu_util_mean=0% gpu_util_max=0% | gpu_mem_mean=2.3/47.8GB
timesteps=416448 | env_steps/sec=310.9 | episodes/sec=5.14 | gpu_util_mean=0% gpu_util_max=1% | gpu_mem_mean=2.3/47.8GB
timesteps=417984 | env_steps/sec=290.1 | episodes/sec=4.15 | gpu_util_mean=0% gpu_util_max=0% | gpu_mem_mean=2.3/47.8GB
timesteps=419520 | env_steps/sec=307.0 | episodes/sec=3.40 | gpu_util_mean=0% gpu_util_max=0% | gpu_mem_mean=2.3/47.8GB
timesteps=420960 | env_steps/sec=283.9 | episodes/sec=5.52 | gpu_util_mean=0% gpu_util_max=0% | gpu_mem_mean=2.3/47.8GB
timesteps=422592 | env_steps/sec=308.8 | episodes/sec=4.54 | gpu_util_mean=0% gpu_util_max=0% | gpu_mem_mean=2.3/47.8GB
timesteps=424128 | env_steps/sec=290.3 | episodes/sec=3.78 | gpu_util_mean=1% gpu_util_max=1% | gpu_mem_mean=2.3/47.8GB
timesteps=425664 | env_steps/sec=294.5 | episodes/sec=3.45 | gpu_util_mean=1% gpu_util_max=1% | gpu_mem_mean=2.3/47.8GB
timesteps=427200 | env_steps/sec=296.2 | episodes/sec=5.40 | gpu_util_mean=0% gpu_util_max=0% | gpu_mem_mean=2.3/47.8GB
timesteps=428928 | env_steps/sec=334.4 | episodes/sec=5.42 | gpu_util_mean=0% gpu_util_max=0% | gpu_mem_mean=2.3/47.8GB
timesteps=430656 | env_steps/sec=329.7 | episodes/sec=3.43 | gpu_util_mean=14% gpu_util_max=28% | gpu_mem_mean=2.3/47.8GB
timesteps=432384 | env_steps/sec=341.8 | episodes/sec=5.54 | gpu_util_mean=10% gpu_util_max=19% | gpu_mem_mean=2.3/47.8GB
timesteps=434112 | env_steps/sec=328.9 | episodes/sec=5.71 | gpu_util_mean=0% gpu_util_max=1% | gpu_mem_mean=2.3/47.8GB
timesteps=435648 | env_steps/sec=304.4 | episodes/sec=2.97 | gpu_util_mean=0% gpu_util_max=1% | gpu_mem_mean=2.3/47.8GB
timesteps=437280 | env_steps/sec=309.8 | episodes/sec=3.80 | gpu_util_mean=0% gpu_util_max=0% | gpu_mem_mean=2.3/47.8GB
timesteps=438912 | env_steps/sec=319.2 | episodes/sec=5.87 | gpu_util_mean=0% gpu_util_max=1% | gpu_mem_mean=2.3/47.8GB
timesteps=440544 | env_steps/sec=309.0 | episodes/sec=4.17 | gpu_util_mean=0% gpu_util_max=0% | gpu_mem_mean=2.3/47.8GB
timesteps=442176 | env_steps/sec=318.0 | episodes/sec=4.29 | gpu_util_mean=0% gpu_util_max=0% | gpu_mem_mean=2.3/47.8GB
-------------------------------------------
| gpu/                      |             |
|    gpu_count              | 2           |
|    gpu_mem_total_gb_mean  | 47.8        |
|    gpu_mem_used_gb_mean   | 2.33        |
|    gpu_util_pct_max       | 0           |
|    gpu_util_pct_mean      | 0           |
| profile/                  |             |
|    hard/damage_mean       | 0.234       |
|    hard/ep_len_mean       | 65.3        |
|    hard/ep_rew_mean       | 0.174       |
|    hard/episodes_window   | 200         |
|    hard/p_damage_ge_90    | 0           |
|    hard/p_stars_ge_2      | 0           |
|    hard/score_mean        | 0.239       |
|    hard/stars_mean        | 0.005       |
|    hard/ticks_mean        | 648         |
|    hard/truncated_rate    | 0.03        |
|    medium/damage_mean     | 0.554       |
|    medium/ep_len_mean     | 73.3        |
|    medium/ep_rew_mean     | 1.32        |
|    medium/episodes_window | 200         |
|    medium/p_damage_ge_90  | 0.055       |
|    medium/p_stars_ge_2    | 0.305       |
|    medium/score_mean      | 1.39        |
|    medium/stars_mean      | 0.84        |
|    medium/ticks_mean      | 729         |
|    medium/truncated_rate  | 0.13        |
| rollout/                  |             |
|    ep_len_mean            | 69.9        |
|    ep_rew_mean            | 0.654       |
| throughput/               |             |
|    env_steps_per_sec      | 318         |
|    episodes_per_sec       | 4.29        |
| time/                     |             |
|    fps                    | 293         |
|    iterations             | 9           |
|    time_elapsed           | 1505        |
|    total_timesteps        | 442368      |
| train/                    |             |
|    approx_kl              | 0.008086969 |
|    clip_fraction          | 0.102       |
|    clip_range             | 0.2         |
|    entropy_loss           | -5.57       |
|    explained_variance     | 0.785       |
|    learning_rate          | 0.0003      |
|    loss                   | -0.0527     |
|    n_updates              | 80          |
|    policy_gradient_loss   | -0.0208     |
|    value_loss             | 0.0755      |
-------------------------------------------
timesteps=442464 | env_steps/sec=33.3 | episodes/sec=0.46 | gpu_util_mean=0% gpu_util_max=0% | gpu_mem_mean=2.3/47.8GB
timesteps=444000 | env_steps/sec=287.9 | episodes/sec=4.87 | gpu_util_mean=0% gpu_util_max=1% | gpu_mem_mean=2.3/47.8GB
timesteps=445536 | env_steps/sec=301.1 | episodes/sec=3.53 | gpu_util_mean=0% gpu_util_max=1% | gpu_mem_mean=2.3/47.8GB
timesteps=447072 | env_steps/sec=304.5 | episodes/sec=4.56 | gpu_util_mean=0% gpu_util_max=0% | gpu_mem_mean=2.3/47.8GB
timesteps=448608 | env_steps/sec=289.6 | episodes/sec=4.71 | gpu_util_mean=0% gpu_util_max=0% | gpu_mem_mean=2.3/47.8GB
timesteps=450048 | env_steps/sec=287.0 | episodes/sec=4.58 | gpu_util_mean=0% gpu_util_max=1% | gpu_mem_mean=2.3/47.8GB
timesteps=451680 | env_steps/sec=317.1 | episodes/sec=4.47 | gpu_util_mean=0% gpu_util_max=1% | gpu_mem_mean=2.3/47.8GB
timesteps=453216 | env_steps/sec=297.9 | episodes/sec=4.46 | gpu_util_mean=0% gpu_util_max=0% | gpu_mem_mean=2.3/47.8GB
timesteps=454752 | env_steps/sec=303.2 | episodes/sec=4.54 | gpu_util_mean=0% gpu_util_max=0% | gpu_mem_mean=2.3/47.8GB
timesteps=456288 | env_steps/sec=292.9 | episodes/sec=3.43 | gpu_util_mean=0% gpu_util_max=1% | gpu_mem_mean=2.3/47.8GB
timesteps=457824 | env_steps/sec=306.7 | episodes/sec=4.19 | gpu_util_mean=0% gpu_util_max=0% | gpu_mem_mean=2.3/47.8GB
timesteps=459360 | env_steps/sec=301.5 | episodes/sec=4.91 | gpu_util_mean=0% gpu_util_max=1% | gpu_mem_mean=2.3/47.8GB
timesteps=460896 | env_steps/sec=302.9 | episodes/sec=4.93 | gpu_util_mean=0% gpu_util_max=0% | gpu_mem_mean=2.3/47.8GB
timesteps=462432 | env_steps/sec=300.7 | episodes/sec=3.52 | gpu_util_mean=0% gpu_util_max=0% | gpu_mem_mean=2.3/47.8GB
timesteps=464064 | env_steps/sec=315.0 | episodes/sec=4.44 | gpu_util_mean=0% gpu_util_max=1% | gpu_mem_mean=2.3/47.8GB
timesteps=465696 | env_steps/sec=324.3 | episodes/sec=3.18 | gpu_util_mean=0% gpu_util_max=1% | gpu_mem_mean=2.3/47.8GB
timesteps=467232 | env_steps/sec=291.4 | episodes/sec=5.88 | gpu_util_mean=0% gpu_util_max=0% | gpu_mem_mean=2.3/47.8GB
timesteps=468864 | env_steps/sec=316.6 | episodes/sec=4.07 | gpu_util_mean=0% gpu_util_max=0% | gpu_mem_mean=2.3/47.8GB
timesteps=470400 | env_steps/sec=306.8 | episodes/sec=4.39 | gpu_util_mean=0% gpu_util_max=0% | gpu_mem_mean=2.3/47.8GB
timesteps=472032 | env_steps/sec=314.0 | episodes/sec=4.43 | gpu_util_mean=0% gpu_util_max=1% | gpu_mem_mean=2.3/47.8GB
timesteps=473664 | env_steps/sec=317.9 | episodes/sec=4.67 | gpu_util_mean=0% gpu_util_max=0% | gpu_mem_mean=2.3/47.8GB
timesteps=475200 | env_steps/sec=293.1 | episodes/sec=5.34 | gpu_util_mean=0% gpu_util_max=0% | gpu_mem_mean=2.3/47.8GB
timesteps=476832 | env_steps/sec=321.6 | episodes/sec=4.33 | gpu_util_mean=0% gpu_util_max=0% | gpu_mem_mean=2.3/47.8GB
timesteps=478368 | env_steps/sec=293.5 | episodes/sec=4.20 | gpu_util_mean=0% gpu_util_max=0% | gpu_mem_mean=2.3/47.8GB
timesteps=479808 | env_steps/sec=280.3 | episodes/sec=4.48 | gpu_util_mean=0% gpu_util_max=0% | gpu_mem_mean=2.3/47.8GB
timesteps=481536 | env_steps/sec=335.7 | episodes/sec=4.66 | gpu_util_mean=5% gpu_util_max=9% | gpu_mem_mean=2.3/47.8GB
timesteps=483264 | env_steps/sec=334.5 | episodes/sec=5.42 | gpu_util_mean=4% gpu_util_max=8% | gpu_mem_mean=2.3/47.8GB
timesteps=484992 | env_steps/sec=340.3 | episodes/sec=4.92 | gpu_util_mean=4% gpu_util_max=9% | gpu_mem_mean=2.3/47.8GB
timesteps=486720 | env_steps/sec=335.6 | episodes/sec=3.50 | gpu_util_mean=2% gpu_util_max=2% | gpu_mem_mean=2.3/47.8GB
timesteps=488448 | env_steps/sec=344.0 | episodes/sec=5.38 | gpu_util_mean=4% gpu_util_max=9% | gpu_mem_mean=2.3/47.8GB
timesteps=490272 | env_steps/sec=349.5 | episodes/sec=5.17 | gpu_util_mean=5% gpu_util_max=9% | gpu_mem_mean=2.3/47.8GB
-------------------------------------------
| gpu/                      |             |
|    gpu_count              | 2           |
|    gpu_mem_total_gb_mean  | 47.8        |
|    gpu_mem_used_gb_mean   | 2.33        |
|    gpu_util_pct_max       | 9           |
|    gpu_util_pct_mean      | 5           |
| profile/                  |             |
|    hard/damage_mean       | 0.213       |
|    hard/ep_len_mean       | 64.8        |
|    hard/ep_rew_mean       | 0.159       |
|    hard/episodes_window   | 200         |
|    hard/p_damage_ge_90    | 0           |
|    hard/p_stars_ge_2      | 0.005       |
|    hard/score_mean        | 0.223       |
|    hard/stars_mean        | 0.01        |
|    hard/ticks_mean        | 643         |
|    hard/truncated_rate    | 0.015       |
|    medium/damage_mean     | 0.538       |
|    medium/ep_len_mean     | 73.4        |
|    medium/ep_rew_mean     | 1.25        |
|    medium/episodes_window | 200         |
|    medium/p_damage_ge_90  | 0.045       |
|    medium/p_stars_ge_2    | 0.245       |
|    medium/score_mean      | 1.32        |
|    medium/stars_mean      | 0.78        |
|    medium/ticks_mean      | 730         |
|    medium/truncated_rate  | 0.135       |
| rollout/                  |             |
|    ep_len_mean            | 69.5        |
|    ep_rew_mean            | 0.774       |
| throughput/               |             |
|    env_steps_per_sec      | 350         |
|    episodes_per_sec       | 5.17        |
| time/                     |             |
|    fps                    | 294         |
|    iterations             | 10          |
|    time_elapsed           | 1671        |
|    total_timesteps        | 491520      |
| train/                    |             |
|    approx_kl              | 0.009126722 |
|    clip_fraction          | 0.129       |
|    clip_range             | 0.2         |
|    entropy_loss           | -5.55       |
|    explained_variance     | 0.759       |
|    learning_rate          | 0.0003      |
|    loss                   | -0.0558     |
|    n_updates              | 90          |
|    policy_gradient_loss   | -0.0223     |
|    value_loss             | 0.0721      |
-------------------------------------------
timesteps=491616 | env_steps/sec=110.3 | episodes/sec=1.97 | gpu_util_mean=16% gpu_util_max=30% | gpu_mem_mean=2.3/47.8GB
timesteps=493152 | env_steps/sec=301.9 | episodes/sec=3.73 | gpu_util_mean=0% gpu_util_max=0% | gpu_mem_mean=2.3/47.8GB
timesteps=494784 | env_steps/sec=308.6 | episodes/sec=4.92 | gpu_util_mean=0% gpu_util_max=0% | gpu_mem_mean=2.3/47.8GB
timesteps=496320 | env_steps/sec=305.1 | episodes/sec=3.18 | gpu_util_mean=0% gpu_util_max=0% | gpu_mem_mean=2.3/47.8GB
timesteps=497952 | env_steps/sec=326.1 | episodes/sec=6.19 | gpu_util_mean=0% gpu_util_max=0% | gpu_mem_mean=2.3/47.8GB
timesteps=499584 | env_steps/sec=306.5 | episodes/sec=3.57 | gpu_util_mean=0% gpu_util_max=1% | gpu_mem_mean=2.3/47.8GB
timesteps=501024 | env_steps/sec=283.4 | episodes/sec=4.33 | gpu_util_mean=0% gpu_util_max=1% | gpu_mem_mean=2.3/47.8GB
timesteps=502560 | env_steps/sec=305.8 | episodes/sec=4.38 | gpu_util_mean=0% gpu_util_max=1% | gpu_mem_mean=2.3/47.8GB
timesteps=504192 | env_steps/sec=310.6 | episodes/sec=4.76 | gpu_util_mean=0% gpu_util_max=0% | gpu_mem_mean=2.3/47.8GB
timesteps=505632 | env_steps/sec=286.9 | episodes/sec=4.78 | gpu_util_mean=0% gpu_util_max=0% | gpu_mem_mean=2.3/47.8GB
timesteps=507168 | env_steps/sec=298.7 | episodes/sec=3.11 | gpu_util_mean=0% gpu_util_max=0% | gpu_mem_mean=2.3/47.8GB
timesteps=508800 | env_steps/sec=321.9 | episodes/sec=4.93 | gpu_util_mean=0% gpu_util_max=1% | gpu_mem_mean=2.3/47.8GB
timesteps=510432 | env_steps/sec=322.7 | episodes/sec=4.75 | gpu_util_mean=0% gpu_util_max=0% | gpu_mem_mean=2.3/47.8GB
timesteps=512064 | env_steps/sec=323.3 | episodes/sec=4.75 | gpu_util_mean=0% gpu_util_max=0% | gpu_mem_mean=2.3/47.8GB
timesteps=513600 | env_steps/sec=302.4 | episodes/sec=3.74 | gpu_util_mean=0% gpu_util_max=1% | gpu_mem_mean=2.3/47.8GB
timesteps=515232 | env_steps/sec=313.1 | episodes/sec=4.22 | gpu_util_mean=0% gpu_util_max=0% | gpu_mem_mean=2.3/47.8GB
timesteps=516864 | env_steps/sec=306.1 | episodes/sec=5.06 | gpu_util_mean=0% gpu_util_max=1% | gpu_mem_mean=2.3/47.8GB
timesteps=518400 | env_steps/sec=293.9 | episodes/sec=4.40 | gpu_util_mean=0% gpu_util_max=1% | gpu_mem_mean=2.3/47.8GB
timesteps=520032 | env_steps/sec=310.1 | episodes/sec=4.18 | gpu_util_mean=0% gpu_util_max=1% | gpu_mem_mean=2.3/47.8GB
timesteps=521568 | env_steps/sec=302.6 | episodes/sec=3.94 | gpu_util_mean=0% gpu_util_max=1% | gpu_mem_mean=2.3/47.8GB
timesteps=523296 | env_steps/sec=329.5 | episodes/sec=5.15 | gpu_util_mean=1% gpu_util_max=1% | gpu_mem_mean=2.3/47.8GB
timesteps=524928 | env_steps/sec=310.8 | episodes/sec=5.52 | gpu_util_mean=0% gpu_util_max=0% | gpu_mem_mean=2.3/47.8GB
timesteps=526560 | env_steps/sec=310.6 | episodes/sec=4.19 | gpu_util_mean=0% gpu_util_max=0% | gpu_mem_mean=2.3/47.8GB
timesteps=528096 | env_steps/sec=293.1 | episodes/sec=2.86 | gpu_util_mean=0% gpu_util_max=1% | gpu_mem_mean=2.3/47.8GB
timesteps=529728 | env_steps/sec=312.8 | episodes/sec=5.56 | gpu_util_mean=0% gpu_util_max=0% | gpu_mem_mean=2.3/47.8GB
timesteps=531168 | env_steps/sec=273.3 | episodes/sec=4.18 | gpu_util_mean=0% gpu_util_max=1% | gpu_mem_mean=2.3/47.8GB
timesteps=532608 | env_steps/sec=279.6 | episodes/sec=2.91 | gpu_util_mean=0% gpu_util_max=1% | gpu_mem_mean=2.3/47.8GB
timesteps=534048 | env_steps/sec=285.2 | episodes/sec=4.56 | gpu_util_mean=0% gpu_util_max=1% | gpu_mem_mean=2.3/47.8GB
timesteps=535488 | env_steps/sec=282.7 | episodes/sec=4.32 | gpu_util_mean=0% gpu_util_max=0% | gpu_mem_mean=2.3/47.8GB
timesteps=537120 | env_steps/sec=311.7 | episodes/sec=4.58 | gpu_util_mean=0% gpu_util_max=1% | gpu_mem_mean=2.3/47.8GB
timesteps=538656 | env_steps/sec=291.5 | episodes/sec=4.17 | gpu_util_mean=0% gpu_util_max=1% | gpu_mem_mean=2.3/47.8GB
timesteps=540384 | env_steps/sec=329.9 | episodes/sec=5.15 | gpu_util_mean=0% gpu_util_max=1% | gpu_mem_mean=2.3/47.8GB
-------------------------------------------
| gpu/                      |             |
|    gpu_count              | 2           |
|    gpu_mem_total_gb_mean  | 47.8        |
|    gpu_mem_used_gb_mean   | 2.33        |
|    gpu_util_pct_max       | 1           |
|    gpu_util_pct_mean      | 0.5         |
| profile/                  |             |
|    hard/damage_mean       | 0.23        |
|    hard/ep_len_mean       | 64.9        |
|    hard/ep_rew_mean       | 0.166       |
|    hard/episodes_window   | 200         |
|    hard/p_damage_ge_90    | 0           |
|    hard/p_stars_ge_2      | 0           |
|    hard/score_mean        | 0.23        |
|    hard/stars_mean        | 0           |
|    hard/ticks_mean        | 645         |
|    hard/truncated_rate    | 0.035       |
|    medium/damage_mean     | 0.56        |
|    medium/ep_len_mean     | 74.5        |
|    medium/ep_rew_mean     | 1.4         |
|    medium/episodes_window | 200         |
|    medium/p_damage_ge_90  | 0.06        |
|    medium/p_stars_ge_2    | 0.32        |
|    medium/score_mean      | 1.47        |
|    medium/stars_mean      | 0.91        |
|    medium/ticks_mean      | 741         |
|    medium/truncated_rate  | 0.19        |
| rollout/                  |             |
|    ep_len_mean            | 68.8        |
|    ep_rew_mean            | 0.895       |
| throughput/               |             |
|    env_steps_per_sec      | 330         |
|    episodes_per_sec       | 5.15        |
| time/                     |             |
|    fps                    | 293         |
|    iterations             | 11          |
|    time_elapsed           | 1840        |
|    total_timesteps        | 540672      |
| train/                    |             |
|    approx_kl              | 0.009828421 |
|    clip_fraction          | 0.126       |
|    clip_range             | 0.2         |
|    entropy_loss           | -5.56       |
|    explained_variance     | 0.69        |
|    learning_rate          | 0.0003      |
|    loss                   | -0.052      |
|    n_updates              | 100         |
|    policy_gradient_loss   | -0.0229     |
|    value_loss             | 0.0693      |
-------------------------------------------
timesteps=540768 | env_steps/sec=33.5 | episodes/sec=0.61 | gpu_util_mean=0% gpu_util_max=0% | gpu_mem_mean=2.3/47.8GB
timesteps=542496 | env_steps/sec=334.0 | episodes/sec=5.03 | gpu_util_mean=4% gpu_util_max=9% | gpu_mem_mean=2.3/47.8GB
timesteps=544128 | env_steps/sec=323.4 | episodes/sec=3.96 | gpu_util_mean=0% gpu_util_max=0% | gpu_mem_mean=2.3/47.8GB
timesteps=545856 | env_steps/sec=334.0 | episodes/sec=5.03 | gpu_util_mean=4% gpu_util_max=9% | gpu_mem_mean=2.3/47.8GB
timesteps=547584 | env_steps/sec=326.8 | episodes/sec=4.16 | gpu_util_mean=5% gpu_util_max=9% | gpu_mem_mean=2.3/47.8GB
timesteps=549312 | env_steps/sec=337.5 | episodes/sec=5.47 | gpu_util_mean=4% gpu_util_max=9% | gpu_mem_mean=2.3/47.8GB
timesteps=550944 | env_steps/sec=320.6 | episodes/sec=4.12 | gpu_util_mean=0% gpu_util_max=0% | gpu_mem_mean=2.3/47.8GB
timesteps=552576 | env_steps/sec=318.2 | episodes/sec=4.87 | gpu_util_mean=0% gpu_util_max=1% | gpu_mem_mean=2.3/47.8GB
timesteps=554208 | env_steps/sec=314.6 | episodes/sec=4.24 | gpu_util_mean=0% gpu_util_max=0% | gpu_mem_mean=2.3/47.8GB
timesteps=555840 | env_steps/sec=306.8 | episodes/sec=5.64 | gpu_util_mean=0% gpu_util_max=0% | gpu_mem_mean=2.3/47.8GB
timesteps=557472 | env_steps/sec=311.9 | episodes/sec=3.63 | gpu_util_mean=0% gpu_util_max=1% | gpu_mem_mean=2.3/47.8GB
timesteps=559008 | env_steps/sec=288.9 | episodes/sec=3.95 | gpu_util_mean=0% gpu_util_max=1% | gpu_mem_mean=2.3/47.8GB
timesteps=560640 | env_steps/sec=313.6 | episodes/sec=5.00 | gpu_util_mean=0% gpu_util_max=1% | gpu_mem_mean=2.3/47.8GB
timesteps=562272 | env_steps/sec=306.4 | episodes/sec=4.88 | gpu_util_mean=0% gpu_util_max=0% | gpu_mem_mean=2.3/47.8GB
timesteps=563808 | env_steps/sec=289.4 | episodes/sec=4.52 | gpu_util_mean=0% gpu_util_max=0% | gpu_mem_mean=2.3/47.8GB
timesteps=565248 | env_steps/sec=284.4 | episodes/sec=3.75 | gpu_util_mean=0% gpu_util_max=1% | gpu_mem_mean=2.3/47.8GB
timesteps=566784 | env_steps/sec=297.8 | episodes/sec=3.49 | gpu_util_mean=0% gpu_util_max=0% | gpu_mem_mean=2.3/47.8GB
timesteps=568320 | env_steps/sec=302.7 | episodes/sec=5.12 | gpu_util_mean=0% gpu_util_max=0% | gpu_mem_mean=2.3/47.8GB
timesteps=569856 | env_steps/sec=298.0 | episodes/sec=5.24 | gpu_util_mean=0% gpu_util_max=1% | gpu_mem_mean=2.3/47.8GB
timesteps=571392 | env_steps/sec=290.7 | episodes/sec=3.78 | gpu_util_mean=0% gpu_util_max=0% | gpu_mem_mean=2.3/47.8GB
timesteps=572928 | env_steps/sec=293.2 | episodes/sec=3.82 | gpu_util_mean=0% gpu_util_max=0% | gpu_mem_mean=2.3/47.8GB
timesteps=574560 | env_steps/sec=319.1 | episodes/sec=4.30 | gpu_util_mean=1% gpu_util_max=1% | gpu_mem_mean=2.3/47.8GB
timesteps=576192 | env_steps/sec=320.3 | episodes/sec=4.91 | gpu_util_mean=0% gpu_util_max=0% | gpu_mem_mean=2.3/47.8GB
timesteps=577824 | env_steps/sec=322.5 | episodes/sec=4.94 | gpu_util_mean=0% gpu_util_max=0% | gpu_mem_mean=2.3/47.8GB
timesteps=579360 | env_steps/sec=290.2 | episodes/sec=4.16 | gpu_util_mean=0% gpu_util_max=1% | gpu_mem_mean=2.3/47.8GB
timesteps=580992 | env_steps/sec=314.6 | episodes/sec=4.43 | gpu_util_mean=0% gpu_util_max=1% | gpu_mem_mean=2.3/47.8GB
timesteps=582528 | env_steps/sec=298.7 | episodes/sec=4.86 | gpu_util_mean=0% gpu_util_max=0% | gpu_mem_mean=2.3/47.8GB
timesteps=584064 | env_steps/sec=301.8 | episodes/sec=3.93 | gpu_util_mean=0% gpu_util_max=0% | gpu_mem_mean=2.3/47.8GB
timesteps=585600 | env_steps/sec=301.2 | episodes/sec=3.92 | gpu_util_mean=0% gpu_util_max=1% | gpu_mem_mean=2.3/47.8GB
timesteps=587232 | env_steps/sec=315.9 | episodes/sec=4.45 | gpu_util_mean=0% gpu_util_max=0% | gpu_mem_mean=2.3/47.8GB
timesteps=588864 | env_steps/sec=314.5 | episodes/sec=5.20 | gpu_util_mean=0% gpu_util_max=0% | gpu_mem_mean=2.3/47.8GB
-------------------------------------------
| gpu/                      |             |
|    gpu_count              | 2           |
|    gpu_mem_total_gb_mean  | 47.8        |
|    gpu_mem_used_gb_mean   | 2.33        |
|    gpu_util_pct_max       | 0           |
|    gpu_util_pct_mean      | 0           |
| profile/                  |             |
|    hard/damage_mean       | 0.233       |
|    hard/ep_len_mean       | 64.7        |
|    hard/ep_rew_mean       | 0.169       |
|    hard/episodes_window   | 200         |
|    hard/p_damage_ge_90    | 0           |
|    hard/p_stars_ge_2      | 0           |
|    hard/score_mean        | 0.233       |
|    hard/stars_mean        | 0           |
|    hard/ticks_mean        | 643         |
|    hard/truncated_rate    | 0.02        |
|    medium/damage_mean     | 0.55        |
|    medium/ep_len_mean     | 73.2        |
|    medium/ep_rew_mean     | 1.34        |
|    medium/episodes_window | 200         |
|    medium/p_damage_ge_90  | 0.06        |
|    medium/p_stars_ge_2    | 0.3         |
|    medium/score_mean      | 1.41        |
|    medium/stars_mean      | 0.86        |
|    medium/ticks_mean      | 728         |
|    medium/truncated_rate  | 0.15        |
| rollout/                  |             |
|    ep_len_mean            | 68.5        |
|    ep_rew_mean            | 0.678       |
| throughput/               |             |
|    env_steps_per_sec      | 314         |
|    episodes_per_sec       | 5.2         |
| time/                     |             |
|    fps                    | 293         |
|    iterations             | 12          |
|    time_elapsed           | 2009        |
|    total_timesteps        | 589824      |
| train/                    |             |
|    approx_kl              | 0.010384371 |
|    clip_fraction          | 0.121       |
|    clip_range             | 0.2         |
|    entropy_loss           | -5.51       |
|    explained_variance     | 0.697       |
|    learning_rate          | 0.0003      |
|    loss                   | -0.0514     |
|    n_updates              | 110         |
|    policy_gradient_loss   | -0.0226     |
|    value_loss             | 0.0708      |
-------------------------------------------
timesteps=589920 | env_steps/sec=95.7 | episodes/sec=1.27 | gpu_util_mean=16% gpu_util_max=32% | gpu_mem_mean=2.3/47.8GB
timesteps=591360 | env_steps/sec=278.2 | episodes/sec=4.64 | gpu_util_mean=0% gpu_util_max=0% | gpu_mem_mean=2.3/47.8GB
timesteps=592896 | env_steps/sec=298.1 | episodes/sec=3.88 | gpu_util_mean=0% gpu_util_max=1% | gpu_mem_mean=2.3/47.8GB
timesteps=594528 | env_steps/sec=308.3 | episodes/sec=4.16 | gpu_util_mean=0% gpu_util_max=1% | gpu_mem_mean=2.3/47.8GB
timesteps=596064 | env_steps/sec=293.8 | episodes/sec=3.25 | gpu_util_mean=0% gpu_util_max=0% | gpu_mem_mean=2.3/47.8GB
timesteps=597792 | env_steps/sec=334.9 | episodes/sec=6.59 | gpu_util_mean=2% gpu_util_max=5% | gpu_mem_mean=2.3/47.8GB
timesteps=599520 | env_steps/sec=334.0 | episodes/sec=4.25 | gpu_util_mean=0% gpu_util_max=1% | gpu_mem_mean=2.3/47.8GB
timesteps=601248 | env_steps/sec=335.6 | episodes/sec=4.66 | gpu_util_mean=5% gpu_util_max=9% | gpu_mem_mean=2.3/47.8GB
timesteps=602976 | env_steps/sec=339.2 | episodes/sec=3.93 | gpu_util_mean=2% gpu_util_max=4% | gpu_mem_mean=2.3/47.8GB
timesteps=604704 | env_steps/sec=332.1 | episodes/sec=6.92 | gpu_util_mean=5% gpu_util_max=9% | gpu_mem_mean=2.3/47.8GB
timesteps=606432 | env_steps/sec=327.9 | episodes/sec=5.12 | gpu_util_mean=5% gpu_util_max=9% | gpu_mem_mean=2.3/47.8GB
timesteps=608160 | env_steps/sec=337.3 | episodes/sec=2.54 | gpu_util_mean=4% gpu_util_max=9% | gpu_mem_mean=2.3/47.8GB
timesteps=609792 | env_steps/sec=326.0 | episodes/sec=6.19 | gpu_util_mean=0% gpu_util_max=1% | gpu_mem_mean=2.3/47.8GB
timesteps=611424 | env_steps/sec=322.2 | episodes/sec=5.13 | gpu_util_mean=0% gpu_util_max=0% | gpu_mem_mean=2.3/47.8GB
timesteps=613056 | env_steps/sec=319.4 | episodes/sec=5.09 | gpu_util_mean=0% gpu_util_max=1% | gpu_mem_mean=2.3/47.8GB
timesteps=614592 | env_steps/sec=300.7 | episodes/sec=2.55 | gpu_util_mean=1% gpu_util_max=1% | gpu_mem_mean=2.3/47.8GB
timesteps=616224 | env_steps/sec=313.0 | episodes/sec=6.14 | gpu_util_mean=0% gpu_util_max=0% | gpu_mem_mean=2.3/47.8GB
timesteps=617856 | env_steps/sec=312.6 | episodes/sec=4.02 | gpu_util_mean=0% gpu_util_max=0% | gpu_mem_mean=2.3/47.8GB
timesteps=619488 | env_steps/sec=299.1 | episodes/sec=4.40 | gpu_util_mean=0% gpu_util_max=0% | gpu_mem_mean=2.3/47.8GB
timesteps=621024 | env_steps/sec=300.9 | episodes/sec=2.74 | gpu_util_mean=0% gpu_util_max=1% | gpu_mem_mean=2.3/47.8GB
timesteps=622656 | env_steps/sec=324.0 | episodes/sec=5.96 | gpu_util_mean=1% gpu_util_max=1% | gpu_mem_mean=2.3/47.8GB
timesteps=624288 | env_steps/sec=318.5 | episodes/sec=5.07 | gpu_util_mean=0% gpu_util_max=0% | gpu_mem_mean=2.3/47.8GB
timesteps=625920 | env_steps/sec=309.2 | episodes/sec=4.36 | gpu_util_mean=0% gpu_util_max=0% | gpu_mem_mean=2.3/47.8GB
timesteps=627456 | env_steps/sec=303.7 | episodes/sec=4.35 | gpu_util_mean=0% gpu_util_max=0% | gpu_mem_mean=2.3/47.8GB
timesteps=628992 | env_steps/sec=306.7 | episodes/sec=4.59 | gpu_util_mean=0% gpu_util_max=0% | gpu_mem_mean=2.3/47.8GB
timesteps=630528 | env_steps/sec=293.5 | episodes/sec=4.20 | gpu_util_mean=0% gpu_util_max=1% | gpu_mem_mean=2.3/47.8GB
timesteps=631968 | env_steps/sec=283.3 | episodes/sec=5.31 | gpu_util_mean=0% gpu_util_max=0% | gpu_mem_mean=2.3/47.8GB
timesteps=633408 | env_steps/sec=274.2 | episodes/sec=3.24 | gpu_util_mean=1% gpu_util_max=1% | gpu_mem_mean=2.3/47.8GB
timesteps=634848 | env_steps/sec=278.7 | episodes/sec=3.87 | gpu_util_mean=0% gpu_util_max=0% | gpu_mem_mean=2.3/47.8GB
timesteps=636384 | env_steps/sec=299.7 | episodes/sec=3.51 | gpu_util_mean=0% gpu_util_max=1% | gpu_mem_mean=2.3/47.8GB
timesteps=638016 | env_steps/sec=320.4 | episodes/sec=5.11 | gpu_util_mean=0% gpu_util_max=0% | gpu_mem_mean=2.3/47.8GB
-------------------------------------------
| gpu/                      |             |
|    gpu_count              | 2           |
|    gpu_mem_total_gb_mean  | 47.8        |
|    gpu_mem_used_gb_mean   | 2.33        |
|    gpu_util_pct_max       | 0           |
|    gpu_util_pct_mean      | 0           |
| profile/                  |             |
|    hard/damage_mean       | 0.225       |
|    hard/ep_len_mean       | 65.4        |
|    hard/ep_rew_mean       | 0.16        |
|    hard/episodes_window   | 200         |
|    hard/p_damage_ge_90    | 0           |
|    hard/p_stars_ge_2      | 0           |
|    hard/score_mean        | 0.225       |
|    hard/stars_mean        | 0           |
|    hard/ticks_mean        | 649         |
|    hard/truncated_rate    | 0.05        |
|    medium/damage_mean     | 0.57        |
|    medium/ep_len_mean     | 72.1        |
|    medium/ep_rew_mean     | 1.47        |
|    medium/episodes_window | 200         |
|    medium/p_damage_ge_90  | 0.07        |
|    medium/p_stars_ge_2    | 0.35        |
|    medium/score_mean      | 1.54        |
|    medium/stars_mean      | 0.97        |
|    medium/ticks_mean      | 717         |
|    medium/truncated_rate  | 0.125       |
| rollout/                  |             |
|    ep_len_mean            | 68.9        |
|    ep_rew_mean            | 0.762       |
| throughput/               |             |
|    env_steps_per_sec      | 320         |
|    episodes_per_sec       | 5.11        |
| time/                     |             |
|    fps                    | 293         |
|    iterations             | 13          |
|    time_elapsed           | 2175        |
|    total_timesteps        | 638976      |
| train/                    |             |
|    approx_kl              | 0.010014639 |
|    clip_fraction          | 0.126       |
|    clip_range             | 0.2         |
|    entropy_loss           | -5.54       |
|    explained_variance     | 0.717       |
|    learning_rate          | 0.0003      |
|    loss                   | -0.0583     |
|    n_updates              | 120         |
|    policy_gradient_loss   | -0.0238     |
|    value_loss             | 0.0655      |
-------------------------------------------
timesteps=639072 | env_steps/sec=88.5 | episodes/sec=1.17 | gpu_util_mean=0% gpu_util_max=0% | gpu_mem_mean=2.3/47.8GB
timesteps=640512 | env_steps/sec=281.7 | episodes/sec=3.91 | gpu_util_mean=0% gpu_util_max=1% | gpu_mem_mean=2.3/47.8GB
timesteps=642048 | env_steps/sec=301.4 | episodes/sec=4.91 | gpu_util_mean=0% gpu_util_max=0% | gpu_mem_mean=2.3/47.8GB
timesteps=643488 | env_steps/sec=281.9 | episodes/sec=3.91 | gpu_util_mean=0% gpu_util_max=1% | gpu_mem_mean=2.3/47.8GB
timesteps=645024 | env_steps/sec=306.9 | episodes/sec=4.20 | gpu_util_mean=0% gpu_util_max=1% | gpu_mem_mean=2.3/47.8GB
timesteps=646656 | env_steps/sec=311.3 | episodes/sec=4.77 | gpu_util_mean=1% gpu_util_max=1% | gpu_mem_mean=2.3/47.8GB
timesteps=648192 | env_steps/sec=290.7 | episodes/sec=4.16 | gpu_util_mean=0% gpu_util_max=0% | gpu_mem_mean=2.3/47.8GB
timesteps=649728 | env_steps/sec=300.3 | episodes/sec=4.69 | gpu_util_mean=1% gpu_util_max=1% | gpu_mem_mean=2.3/47.8GB
timesteps=651168 | env_steps/sec=278.6 | episodes/sec=4.45 | gpu_util_mean=0% gpu_util_max=0% | gpu_mem_mean=2.3/47.8GB
timesteps=652704 | env_steps/sec=303.8 | episodes/sec=3.76 | gpu_util_mean=0% gpu_util_max=1% | gpu_mem_mean=2.3/47.8GB
timesteps=654336 | env_steps/sec=307.8 | episodes/sec=4.71 | gpu_util_mean=0% gpu_util_max=0% | gpu_mem_mean=2.3/47.8GB
timesteps=655968 | env_steps/sec=326.0 | episodes/sec=4.59 | gpu_util_mean=0% gpu_util_max=1% | gpu_mem_mean=2.3/47.8GB
timesteps=657696 | env_steps/sec=335.0 | episodes/sec=4.27 | gpu_util_mean=5% gpu_util_max=9% | gpu_mem_mean=2.3/47.8GB
timesteps=659328 | env_steps/sec=317.9 | episodes/sec=5.45 | gpu_util_mean=4% gpu_util_max=9% | gpu_mem_mean=2.3/47.8GB
timesteps=661056 | env_steps/sec=327.2 | episodes/sec=4.36 | gpu_util_mean=4% gpu_util_max=9% | gpu_mem_mean=2.3/47.8GB
timesteps=662784 | env_steps/sec=332.4 | episodes/sec=4.81 | gpu_util_mean=4% gpu_util_max=9% | gpu_mem_mean=2.3/47.8GB
timesteps=664512 | env_steps/sec=333.4 | episodes/sec=5.40 | gpu_util_mean=4% gpu_util_max=9% | gpu_mem_mean=2.3/47.8GB
timesteps=666240 | env_steps/sec=330.7 | episodes/sec=4.78 | gpu_util_mean=0% gpu_util_max=1% | gpu_mem_mean=2.3/47.8GB
timesteps=667872 | env_steps/sec=324.1 | episodes/sec=4.17 | gpu_util_mean=0% gpu_util_max=1% | gpu_mem_mean=2.3/47.8GB
timesteps=669600 | env_steps/sec=336.1 | episodes/sec=3.89 | gpu_util_mean=0% gpu_util_max=1% | gpu_mem_mean=2.3/47.8GB
timesteps=671232 | env_steps/sec=314.6 | episodes/sec=4.82 | gpu_util_mean=0% gpu_util_max=0% | gpu_mem_mean=2.3/47.8GB
timesteps=672864 | env_steps/sec=306.2 | episodes/sec=4.88 | gpu_util_mean=0% gpu_util_max=0% | gpu_mem_mean=2.3/47.8GB
timesteps=674400 | env_steps/sec=291.5 | episodes/sec=4.74 | gpu_util_mean=1% gpu_util_max=1% | gpu_mem_mean=2.3/47.8GB
timesteps=676032 | env_steps/sec=319.2 | episodes/sec=4.50 | gpu_util_mean=0% gpu_util_max=1% | gpu_mem_mean=2.3/47.8GB
timesteps=677664 | env_steps/sec=319.5 | episodes/sec=5.29 | gpu_util_mean=0% gpu_util_max=0% | gpu_mem_mean=2.3/47.8GB
timesteps=679200 | env_steps/sec=304.9 | episodes/sec=3.18 | gpu_util_mean=0% gpu_util_max=0% | gpu_mem_mean=2.3/47.8GB
timesteps=680736 | env_steps/sec=298.5 | episodes/sec=4.08 | gpu_util_mean=0% gpu_util_max=0% | gpu_mem_mean=2.3/47.8GB
timesteps=682272 | env_steps/sec=301.5 | episodes/sec=5.50 | gpu_util_mean=0% gpu_util_max=1% | gpu_mem_mean=2.3/47.8GB
timesteps=683808 | env_steps/sec=296.2 | episodes/sec=4.44 | gpu_util_mean=0% gpu_util_max=1% | gpu_mem_mean=2.3/47.8GB
timesteps=685248 | env_steps/sec=286.0 | episodes/sec=3.97 | gpu_util_mean=0% gpu_util_max=0% | gpu_mem_mean=2.3/47.8GB
timesteps=686784 | env_steps/sec=300.2 | episodes/sec=4.10 | gpu_util_mean=0% gpu_util_max=0% | gpu_mem_mean=2.3/47.8GB
-------------------------------------------
| gpu/                      |             |
|    gpu_count              | 2           |
|    gpu_mem_total_gb_mean  | 47.8        |
|    gpu_mem_used_gb_mean   | 2.33        |
|    gpu_util_pct_max       | 0           |
|    gpu_util_pct_mean      | 0           |
| profile/                  |             |
|    hard/damage_mean       | 0.22        |
|    hard/ep_len_mean       | 65.4        |
|    hard/ep_rew_mean       | 0.155       |
|    hard/episodes_window   | 200         |
|    hard/p_damage_ge_90    | 0           |
|    hard/p_stars_ge_2      | 0           |
|    hard/score_mean        | 0.22        |
|    hard/stars_mean        | 0           |
|    hard/ticks_mean        | 650         |
|    hard/truncated_rate    | 0.025       |
|    medium/damage_mean     | 0.551       |
|    medium/ep_len_mean     | 72.7        |
|    medium/ep_rew_mean     | 1.34        |
|    medium/episodes_window | 200         |
|    medium/p_damage_ge_90  | 0.055       |
|    medium/p_stars_ge_2    | 0.285       |
|    medium/score_mean      | 1.41        |
|    medium/stars_mean      | 0.86        |
|    medium/ticks_mean      | 723         |
|    medium/truncated_rate  | 0.145       |
| rollout/                  |             |
|    ep_len_mean            | 68.8        |
|    ep_rew_mean            | 0.707       |
| throughput/               |             |
|    env_steps_per_sec      | 300         |
|    episodes_per_sec       | 4.1         |
| time/                     |             |
|    fps                    | 293         |
|    iterations             | 14          |
|    time_elapsed           | 2343        |
|    total_timesteps        | 688128      |
| train/                    |             |
|    approx_kl              | 0.011383162 |
|    clip_fraction          | 0.13        |
|    clip_range             | 0.2         |
|    entropy_loss           | -5.54       |
|    explained_variance     | 0.717       |
|    learning_rate          | 0.0003      |
|    loss                   | -0.06       |
|    n_updates              | 130         |
|    policy_gradient_loss   | -0.0231     |
|    value_loss             | 0.0697      |
-------------------------------------------
timesteps=688224 | env_steps/sec=100.1 | episodes/sec=1.53 | gpu_util_mean=0% gpu_util_max=0% | gpu_mem_mean=2.3/47.8GB
timesteps=689856 | env_steps/sec=307.0 | episodes/sec=5.08 | gpu_util_mean=0% gpu_util_max=0% | gpu_mem_mean=2.3/47.8GB
timesteps=691392 | env_steps/sec=294.4 | episodes/sec=2.88 | gpu_util_mean=0% gpu_util_max=0% | gpu_mem_mean=2.3/47.8GB
timesteps=693024 | env_steps/sec=312.6 | episodes/sec=4.79 | gpu_util_mean=0% gpu_util_max=0% | gpu_mem_mean=2.3/47.8GB
timesteps=694560 | env_steps/sec=301.1 | episodes/sec=5.49 | gpu_util_mean=0% gpu_util_max=0% | gpu_mem_mean=2.3/47.8GB
timesteps=696096 | env_steps/sec=293.7 | episodes/sec=5.16 | gpu_util_mean=1% gpu_util_max=1% | gpu_mem_mean=2.3/47.8GB
timesteps=697536 | env_steps/sec=277.6 | episodes/sec=2.70 | gpu_util_mean=0% gpu_util_max=1% | gpu_mem_mean=2.3/47.8GB
timesteps=698976 | env_steps/sec=284.4 | episodes/sec=3.55 | gpu_util_mean=0% gpu_util_max=1% | gpu_mem_mean=2.3/47.8GB
timesteps=700608 | env_steps/sec=307.4 | episodes/sec=4.90 | gpu_util_mean=0% gpu_util_max=0% | gpu_mem_mean=2.3/47.8GB
timesteps=702144 | env_steps/sec=296.6 | episodes/sec=4.83 | gpu_util_mean=0% gpu_util_max=1% | gpu_mem_mean=2.3/47.8GB
timesteps=703680 | env_steps/sec=297.2 | episodes/sec=3.48 | gpu_util_mean=0% gpu_util_max=0% | gpu_mem_mean=2.3/47.8GB
timesteps=705216 | env_steps/sec=298.8 | episodes/sec=4.28 | gpu_util_mean=0% gpu_util_max=1% | gpu_mem_mean=2.3/47.8GB
timesteps=706752 | env_steps/sec=301.5 | episodes/sec=4.71 | gpu_util_mean=0% gpu_util_max=0% | gpu_mem_mean=2.3/47.8GB
timesteps=708192 | env_steps/sec=276.5 | episodes/sec=5.38 | gpu_util_mean=0% gpu_util_max=0% | gpu_mem_mean=2.3/47.8GB
timesteps=709632 | env_steps/sec=282.4 | episodes/sec=2.75 | gpu_util_mean=0% gpu_util_max=0% | gpu_mem_mean=2.3/47.8GB
timesteps=711168 | env_steps/sec=305.2 | episodes/sec=3.97 | gpu_util_mean=0% gpu_util_max=0% | gpu_mem_mean=2.3/47.8GB
timesteps=712704 | env_steps/sec=300.4 | episodes/sec=5.67 | gpu_util_mean=0% gpu_util_max=1% | gpu_mem_mean=2.3/47.8GB
timesteps=714432 | env_steps/sec=330.3 | episodes/sec=4.78 | gpu_util_mean=0% gpu_util_max=0% | gpu_mem_mean=2.3/47.8GB
timesteps=716160 | env_steps/sec=338.2 | episodes/sec=4.50 | gpu_util_mean=0% gpu_util_max=1% | gpu_mem_mean=2.3/47.8GB
timesteps=717792 | env_steps/sec=308.8 | episodes/sec=3.97 | gpu_util_mean=10% gpu_util_max=19% | gpu_mem_mean=2.3/47.8GB
timesteps=719520 | env_steps/sec=328.8 | episodes/sec=4.76 | gpu_util_mean=4% gpu_util_max=7% | gpu_mem_mean=2.3/47.8GB
timesteps=721248 | env_steps/sec=343.1 | episodes/sec=6.35 | gpu_util_mean=5% gpu_util_max=9% | gpu_mem_mean=2.3/47.8GB
timesteps=722976 | env_steps/sec=340.0 | episodes/sec=3.15 | gpu_util_mean=4% gpu_util_max=9% | gpu_mem_mean=2.3/47.8GB
timesteps=724704 | env_steps/sec=337.0 | episodes/sec=5.27 | gpu_util_mean=0% gpu_util_max=1% | gpu_mem_mean=2.3/47.8GB
timesteps=726432 | env_steps/sec=331.0 | episodes/sec=5.36 | gpu_util_mean=0% gpu_util_max=0% | gpu_mem_mean=2.3/47.8GB
timesteps=728064 | env_steps/sec=309.4 | episodes/sec=3.98 | gpu_util_mean=0% gpu_util_max=0% | gpu_mem_mean=2.3/47.8GB
timesteps=729696 | env_steps/sec=308.8 | episodes/sec=5.11 | gpu_util_mean=0% gpu_util_max=0% | gpu_mem_mean=2.3/47.8GB
timesteps=731232 | env_steps/sec=300.8 | episodes/sec=4.90 | gpu_util_mean=0% gpu_util_max=0% | gpu_mem_mean=2.3/47.8GB
timesteps=732864 | env_steps/sec=318.2 | episodes/sec=3.31 | gpu_util_mean=0% gpu_util_max=1% | gpu_mem_mean=2.3/47.8GB
timesteps=734496 | env_steps/sec=319.5 | episodes/sec=4.70 | gpu_util_mean=0% gpu_util_max=1% | gpu_mem_mean=2.3/47.8GB
timesteps=736128 | env_steps/sec=316.2 | episodes/sec=4.65 | gpu_util_mean=0% gpu_util_max=1% | gpu_mem_mean=2.3/47.8GB
-------------------------------------------
| gpu/                      |             |
|    gpu_count              | 2           |
|    gpu_mem_total_gb_mean  | 47.8        |
|    gpu_mem_used_gb_mean   | 2.33        |
|    gpu_util_pct_max       | 1           |
|    gpu_util_pct_mean      | 0.5         |
| profile/                  |             |
|    hard/damage_mean       | 0.223       |
|    hard/ep_len_mean       | 64.7        |
|    hard/ep_rew_mean       | 0.163       |
|    hard/episodes_window   | 200         |
|    hard/p_damage_ge_90    | 0           |
|    hard/p_stars_ge_2      | 0           |
|    hard/score_mean        | 0.228       |
|    hard/stars_mean        | 0.005       |
|    hard/ticks_mean        | 642         |
|    hard/truncated_rate    | 0.015       |
|    medium/damage_mean     | 0.581       |
|    medium/ep_len_mean     | 73          |
|    medium/ep_rew_mean     | 1.49        |
|    medium/episodes_window | 200         |
|    medium/p_damage_ge_90  | 0.06        |
|    medium/p_stars_ge_2    | 0.38        |
|    medium/score_mean      | 1.56        |
|    medium/stars_mean      | 0.98        |
|    medium/ticks_mean      | 726         |
|    medium/truncated_rate  | 0.13        |
| rollout/                  |             |
|    ep_len_mean            | 67.8        |
|    ep_rew_mean            | 0.711       |
| throughput/               |             |
|    env_steps_per_sec      | 316         |
|    episodes_per_sec       | 4.65        |
| time/                     |             |
|    fps                    | 293         |
|    iterations             | 15          |
|    time_elapsed           | 2512        |
|    total_timesteps        | 737280      |
| train/                    |             |
|    approx_kl              | 0.010682025 |
|    clip_fraction          | 0.128       |
|    clip_range             | 0.2         |
|    entropy_loss           | -5.53       |
|    explained_variance     | 0.738       |
|    learning_rate          | 0.0003      |
|    loss                   | -0.0496     |
|    n_updates              | 140         |
|    policy_gradient_loss   | -0.0227     |
|    value_loss             | 0.0676      |
-------------------------------------------
timesteps=737376 | env_steps/sec=70.6 | episodes/sec=1.36 | gpu_util_mean=1% gpu_util_max=1% | gpu_mem_mean=2.3/47.8GB
timesteps=738912 | env_steps/sec=295.2 | episodes/sec=3.46 | gpu_util_mean=0% gpu_util_max=0% | gpu_mem_mean=2.3/47.8GB
timesteps=740352 | env_steps/sec=276.1 | episodes/sec=2.68 | gpu_util_mean=0% gpu_util_max=0% | gpu_mem_mean=2.3/47.8GB
timesteps=741984 | env_steps/sec=311.9 | episodes/sec=5.73 | gpu_util_mean=0% gpu_util_max=1% | gpu_mem_mean=2.3/47.8GB
timesteps=743616 | env_steps/sec=319.8 | episodes/sec=5.88 | gpu_util_mean=0% gpu_util_max=0% | gpu_mem_mean=2.3/47.8GB
timesteps=745152 | env_steps/sec=297.5 | episodes/sec=3.87 | gpu_util_mean=0% gpu_util_max=1% | gpu_mem_mean=2.3/47.8GB
timesteps=746592 | env_steps/sec=287.0 | episodes/sec=2.99 | gpu_util_mean=0% gpu_util_max=1% | gpu_mem_mean=2.3/47.8GB
timesteps=748032 | env_steps/sec=282.7 | episodes/sec=4.12 | gpu_util_mean=0% gpu_util_max=1% | gpu_mem_mean=2.3/47.8GB
timesteps=749664 | env_steps/sec=319.1 | episodes/sec=5.67 | gpu_util_mean=0% gpu_util_max=0% | gpu_mem_mean=2.3/47.8GB
timesteps=751200 | env_steps/sec=300.9 | episodes/sec=4.31 | gpu_util_mean=0% gpu_util_max=0% | gpu_mem_mean=2.3/47.8GB
timesteps=752736 | env_steps/sec=299.8 | episodes/sec=4.29 | gpu_util_mean=0% gpu_util_max=1% | gpu_mem_mean=2.3/47.8GB
timesteps=754272 | env_steps/sec=300.5 | episodes/sec=4.30 | gpu_util_mean=0% gpu_util_max=1% | gpu_mem_mean=2.3/47.8GB
timesteps=755808 | env_steps/sec=292.9 | episodes/sec=3.81 | gpu_util_mean=0% gpu_util_max=0% | gpu_mem_mean=2.3/47.8GB
timesteps=757344 | env_steps/sec=295.7 | episodes/sec=5.20 | gpu_util_mean=0% gpu_util_max=1% | gpu_mem_mean=2.3/47.8GB
timesteps=758784 | env_steps/sec=279.8 | episodes/sec=3.11 | gpu_util_mean=0% gpu_util_max=1% | gpu_mem_mean=2.3/47.8GB
timesteps=760320 | env_steps/sec=299.6 | episodes/sec=4.88 | gpu_util_mean=0% gpu_util_max=1% | gpu_mem_mean=2.3/47.8GB
timesteps=761760 | env_steps/sec=286.0 | episodes/sec=3.18 | gpu_util_mean=0% gpu_util_max=0% | gpu_mem_mean=2.3/47.8GB
timesteps=763488 | env_steps/sec=331.6 | episodes/sec=5.57 | gpu_util_mean=0% gpu_util_max=0% | gpu_mem_mean=2.3/47.8GB
timesteps=765024 | env_steps/sec=302.1 | episodes/sec=3.93 | gpu_util_mean=0% gpu_util_max=0% | gpu_mem_mean=2.3/47.8GB
timesteps=766560 | env_steps/sec=289.1 | episodes/sec=5.27 | gpu_util_mean=0% gpu_util_max=0% | gpu_mem_mean=2.3/47.8GB
timesteps=768096 | env_steps/sec=293.7 | episodes/sec=2.49 | gpu_util_mean=0% gpu_util_max=1% | gpu_mem_mean=2.3/47.8GB
timesteps=769536 | env_steps/sec=281.9 | episodes/sec=4.31 | gpu_util_mean=0% gpu_util_max=0% | gpu_mem_mean=2.3/47.8GB
timesteps=771072 | env_steps/sec=304.0 | episodes/sec=5.15 | gpu_util_mean=0% gpu_util_max=0% | gpu_mem_mean=2.3/47.8GB
timesteps=772800 | env_steps/sec=342.0 | episodes/sec=5.15 | gpu_util_mean=0% gpu_util_max=1% | gpu_mem_mean=2.3/47.8GB
timesteps=774336 | env_steps/sec=301.0 | episodes/sec=3.92 | gpu_util_mean=0% gpu_util_max=1% | gpu_mem_mean=2.3/47.8GB
timesteps=776064 | env_steps/sec=344.4 | episodes/sec=4.58 | gpu_util_mean=4% gpu_util_max=9% | gpu_mem_mean=2.3/47.8GB
timesteps=777792 | env_steps/sec=335.0 | episodes/sec=5.43 | gpu_util_mean=5% gpu_util_max=9% | gpu_mem_mean=2.3/47.8GB
timesteps=779520 | env_steps/sec=341.2 | episodes/sec=4.94 | gpu_util_mean=4% gpu_util_max=9% | gpu_mem_mean=2.3/47.8GB
timesteps=781248 | env_steps/sec=339.0 | episodes/sec=4.71 | gpu_util_mean=4% gpu_util_max=9% | gpu_mem_mean=2.3/47.8GB
timesteps=782976 | env_steps/sec=344.0 | episodes/sec=5.57 | gpu_util_mean=4% gpu_util_max=9% | gpu_mem_mean=2.3/47.8GB
timesteps=784704 | env_steps/sec=334.0 | episodes/sec=5.03 | gpu_util_mean=5% gpu_util_max=9% | gpu_mem_mean=2.3/47.8GB
timesteps=786432 | env_steps/sec=336.2 | episodes/sec=4.28 | gpu_util_mean=0% gpu_util_max=1% | gpu_mem_mean=2.3/47.8GB
------------------------------------------
| gpu/                      |            |
|    gpu_count              | 2          |
|    gpu_mem_total_gb_mean  | 47.8       |
|    gpu_mem_used_gb_mean   | 2.33       |
|    gpu_util_pct_max       | 1          |
|    gpu_util_pct_mean      | 0.5        |
| profile/                  |            |
|    hard/damage_mean       | 0.234      |
|    hard/ep_len_mean       | 65.4       |
|    hard/ep_rew_mean       | 0.184      |
|    hard/episodes_window   | 200        |
|    hard/p_damage_ge_90    | 0          |
|    hard/p_stars_ge_2      | 0.005      |
|    hard/score_mean        | 0.249      |
|    hard/stars_mean        | 0.015      |
|    hard/ticks_mean        | 650        |
|    hard/truncated_rate    | 0.05       |
|    medium/damage_mean     | 0.554      |
|    medium/ep_len_mean     | 73.3       |
|    medium/ep_rew_mean     | 1.39       |
|    medium/episodes_window | 200        |
|    medium/p_damage_ge_90  | 0.035      |
|    medium/p_stars_ge_2    | 0.305      |
|    medium/score_mean      | 1.46       |
|    medium/stars_mean      | 0.91       |
|    medium/ticks_mean      | 729        |
|    medium/truncated_rate  | 0.16       |
| rollout/                  |            |
|    ep_len_mean            | 67         |
|    ep_rew_mean            | 0.731      |
| throughput/               |            |
|    env_steps_per_sec      | 336        |
|    episodes_per_sec       | 4.28       |
| time/                     |            |
|    fps                    | 292        |
|    iterations             | 16         |
|    time_elapsed           | 2685       |
|    total_timesteps        | 786432     |
| train/                    |            |
|    approx_kl              | 0.01066988 |
|    clip_fraction          | 0.126      |
|    clip_range             | 0.2        |
|    entropy_loss           | -5.51      |
|    explained_variance     | 0.748      |
|    learning_rate          | 0.0003     |
|    loss                   | -0.0592    |
|    n_updates              | 150        |
|    policy_gradient_loss   | -0.023     |
|    value_loss             | 0.0677     |
------------------------------------------
timesteps=786528 | env_steps/sec=11.0 | episodes/sec=0.23 | gpu_util_mean=18% gpu_util_max=36% | gpu_mem_mean=2.3/47.8GB
timesteps=788064 | env_steps/sec=299.8 | episodes/sec=4.68 | gpu_util_mean=1% gpu_util_max=1% | gpu_mem_mean=2.3/47.8GB
timesteps=789696 | env_steps/sec=313.2 | episodes/sec=4.41 | gpu_util_mean=0% gpu_util_max=0% | gpu_mem_mean=2.3/47.8GB
timesteps=791328 | env_steps/sec=321.6 | episodes/sec=4.34 | gpu_util_mean=0% gpu_util_max=0% | gpu_mem_mean=2.3/47.8GB
timesteps=792960 | env_steps/sec=303.7 | episodes/sec=5.21 | gpu_util_mean=0% gpu_util_max=0% | gpu_mem_mean=2.3/47.8GB
timesteps=794496 | env_steps/sec=288.1 | episodes/sec=4.13 | gpu_util_mean=0% gpu_util_max=1% | gpu_mem_mean=2.3/47.8GB
timesteps=796032 | env_steps/sec=288.4 | episodes/sec=4.69 | gpu_util_mean=0% gpu_util_max=0% | gpu_mem_mean=2.3/47.8GB
timesteps=797568 | env_steps/sec=296.2 | episodes/sec=3.28 | gpu_util_mean=0% gpu_util_max=1% | gpu_mem_mean=2.3/47.8GB
timesteps=799200 | env_steps/sec=309.2 | episodes/sec=4.74 | gpu_util_mean=0% gpu_util_max=0% | gpu_mem_mean=2.3/47.8GB
timesteps=800736 | env_steps/sec=292.8 | episodes/sec=5.72 | gpu_util_mean=0% gpu_util_max=0% | gpu_mem_mean=2.3/47.8GB
timesteps=802368 | env_steps/sec=314.2 | episodes/sec=4.24 | gpu_util_mean=0% gpu_util_max=0% | gpu_mem_mean=2.3/47.8GB
timesteps=804000 | env_steps/sec=310.4 | episodes/sec=3.42 | gpu_util_mean=0% gpu_util_max=0% | gpu_mem_mean=2.3/47.8GB
timesteps=805536 | env_steps/sec=297.6 | episodes/sec=3.88 | gpu_util_mean=0% gpu_util_max=0% | gpu_mem_mean=2.3/47.8GB
timesteps=807072 | env_steps/sec=300.5 | episodes/sec=5.48 | gpu_util_mean=0% gpu_util_max=0% | gpu_mem_mean=2.3/47.8GB
timesteps=808512 | env_steps/sec=282.2 | episodes/sec=4.51 | gpu_util_mean=0% gpu_util_max=1% | gpu_mem_mean=2.3/47.8GB
timesteps=810048 | env_steps/sec=290.7 | episodes/sec=3.97 | gpu_util_mean=0% gpu_util_max=1% | gpu_mem_mean=2.3/47.8GB
timesteps=811680 | env_steps/sec=318.4 | episodes/sec=4.68 | gpu_util_mean=0% gpu_util_max=0% | gpu_mem_mean=2.3/47.8GB
timesteps=813312 | env_steps/sec=321.0 | episodes/sec=4.72 | gpu_util_mean=0% gpu_util_max=0% | gpu_mem_mean=2.3/47.8GB
timesteps=814752 | env_steps/sec=286.6 | episodes/sec=3.78 | gpu_util_mean=0% gpu_util_max=1% | gpu_mem_mean=2.3/47.8GB
timesteps=816288 | env_steps/sec=296.3 | episodes/sec=4.63 | gpu_util_mean=0% gpu_util_max=0% | gpu_mem_mean=2.3/47.8GB
timesteps=817728 | env_steps/sec=282.9 | episodes/sec=3.93 | gpu_util_mean=0% gpu_util_max=1% | gpu_mem_mean=2.3/47.8GB
timesteps=819264 | env_steps/sec=301.0 | episodes/sec=4.70 | gpu_util_mean=0% gpu_util_max=1% | gpu_mem_mean=2.3/47.8GB
timesteps=820800 | env_steps/sec=299.1 | episodes/sec=3.89 | gpu_util_mean=0% gpu_util_max=0% | gpu_mem_mean=2.3/47.8GB
timesteps=822432 | env_steps/sec=313.1 | episodes/sec=4.41 | gpu_util_mean=0% gpu_util_max=1% | gpu_mem_mean=2.3/47.8GB
timesteps=824064 | env_steps/sec=323.6 | episodes/sec=5.35 | gpu_util_mean=0% gpu_util_max=1% | gpu_mem_mean=2.3/47.8GB
timesteps=825600 | env_steps/sec=294.7 | episodes/sec=5.18 | gpu_util_mean=0% gpu_util_max=1% | gpu_mem_mean=2.3/47.8GB
timesteps=827136 | env_steps/sec=305.0 | episodes/sec=3.18 | gpu_util_mean=1% gpu_util_max=1% | gpu_mem_mean=2.3/47.8GB
timesteps=828672 | env_steps/sec=303.9 | episodes/sec=5.14 | gpu_util_mean=0% gpu_util_max=1% | gpu_mem_mean=2.3/47.8GB
timesteps=830208 | env_steps/sec=303.6 | episodes/sec=3.76 | gpu_util_mean=0% gpu_util_max=1% | gpu_mem_mean=2.3/47.8GB
timesteps=831840 | env_steps/sec=325.1 | episodes/sec=4.98 | gpu_util_mean=0% gpu_util_max=1% | gpu_mem_mean=2.3/47.8GB
timesteps=833568 | env_steps/sec=338.9 | episodes/sec=4.71 | gpu_util_mean=0% gpu_util_max=1% | gpu_mem_mean=2.3/47.8GB
timesteps=835296 | env_steps/sec=326.8 | episodes/sec=5.11 | gpu_util_mean=0% gpu_util_max=1% | gpu_mem_mean=2.3/47.8GB
------------------------------------------
| gpu/                      |            |
|    gpu_count              | 2          |
|    gpu_mem_total_gb_mean  | 47.8       |
|    gpu_mem_used_gb_mean   | 2.33       |
|    gpu_util_pct_max       | 1          |
|    gpu_util_pct_mean      | 0.5        |
| profile/                  |            |
|    hard/damage_mean       | 0.216      |
|    hard/ep_len_mean       | 64.1       |
|    hard/ep_rew_mean       | 0.158      |
|    hard/episodes_window   | 200        |
|    hard/p_damage_ge_90    | 0          |
|    hard/p_stars_ge_2      | 0          |
|    hard/score_mean        | 0.221      |
|    hard/stars_mean        | 0.005      |
|    hard/ticks_mean        | 637        |
|    hard/truncated_rate    | 0.02       |
|    medium/damage_mean     | 0.598      |
|    medium/ep_len_mean     | 72.7       |
|    medium/ep_rew_mean     | 1.61       |
|    medium/episodes_window | 200        |
|    medium/p_damage_ge_90  | 0.08       |
|    medium/p_stars_ge_2    | 0.405      |
|    medium/score_mean      | 1.68       |
|    medium/stars_mean      | 1.08       |
|    medium/ticks_mean      | 723        |
|    medium/truncated_rate  | 0.12       |
| rollout/                  |            |
|    ep_len_mean            | 68.7       |
|    ep_rew_mean            | 0.837      |
| throughput/               |            |
|    env_steps_per_sec      | 327        |
|    episodes_per_sec       | 5.11       |
| time/                     |            |
|    fps                    | 292        |
|    iterations             | 17         |
|    time_elapsed           | 2854       |
|    total_timesteps        | 835584     |
| train/                    |            |
|    approx_kl              | 0.01100228 |
|    clip_fraction          | 0.139      |
|    clip_range             | 0.2        |
|    entropy_loss           | -5.48      |
|    explained_variance     | 0.751      |
|    learning_rate          | 0.0003     |
|    loss                   | -0.0555    |
|    n_updates              | 160        |
|    policy_gradient_loss   | -0.0232    |
|    value_loss             | 0.0614     |
------------------------------------------
timesteps=835680 | env_steps/sec=33.1 | episodes/sec=0.26 | gpu_util_mean=9% gpu_util_max=9% | gpu_mem_mean=2.3/47.8GB
timesteps=837408 | env_steps/sec=333.0 | episodes/sec=5.01 | gpu_util_mean=1% gpu_util_max=2% | gpu_mem_mean=2.3/47.8GB
timesteps=839040 | env_steps/sec=325.9 | episodes/sec=4.79 | gpu_util_mean=2% gpu_util_max=4% | gpu_mem_mean=2.3/47.8GB
timesteps=840768 | env_steps/sec=327.8 | episodes/sec=4.36 | gpu_util_mean=0% gpu_util_max=1% | gpu_mem_mean=2.3/47.8GB
timesteps=842496 | env_steps/sec=335.3 | episodes/sec=4.46 | gpu_util_mean=1% gpu_util_max=1% | gpu_mem_mean=2.3/47.8GB
timesteps=844128 | env_steps/sec=324.7 | episodes/sec=5.17 | gpu_util_mean=4% gpu_util_max=9% | gpu_mem_mean=2.3/47.8GB
timesteps=845760 | env_steps/sec=317.9 | episodes/sec=5.84 | gpu_util_mean=0% gpu_util_max=0% | gpu_mem_mean=2.3/47.8GB
timesteps=847296 | env_steps/sec=305.2 | episodes/sec=3.97 | gpu_util_mean=0% gpu_util_max=0% | gpu_mem_mean=2.3/47.8GB
timesteps=848928 | env_steps/sec=308.8 | episodes/sec=4.16 | gpu_util_mean=0% gpu_util_max=1% | gpu_mem_mean=2.3/47.8GB
timesteps=850560 | env_steps/sec=316.2 | episodes/sec=3.87 | gpu_util_mean=0% gpu_util_max=0% | gpu_mem_mean=2.3/47.8GB
timesteps=852192 | env_steps/sec=319.1 | episodes/sec=5.67 | gpu_util_mean=0% gpu_util_max=0% | gpu_mem_mean=2.3/47.8GB
timesteps=853824 | env_steps/sec=307.7 | episodes/sec=4.71 | gpu_util_mean=0% gpu_util_max=1% | gpu_mem_mean=2.3/47.8GB
timesteps=855264 | env_steps/sec=285.7 | episodes/sec=4.56 | gpu_util_mean=0% gpu_util_max=0% | gpu_mem_mean=2.3/47.8GB
timesteps=856896 | env_steps/sec=318.1 | episodes/sec=3.31 | gpu_util_mean=0% gpu_util_max=1% | gpu_mem_mean=2.3/47.8GB
timesteps=858528 | env_steps/sec=318.6 | episodes/sec=4.49 | gpu_util_mean=0% gpu_util_max=1% | gpu_mem_mean=2.3/47.8GB
timesteps=860160 | env_steps/sec=324.7 | episodes/sec=6.17 | gpu_util_mean=0% gpu_util_max=0% | gpu_mem_mean=2.3/47.8GB
timesteps=861888 | env_steps/sec=327.1 | episodes/sec=3.79 | gpu_util_mean=0% gpu_util_max=0% | gpu_mem_mean=2.3/47.8GB
timesteps=863424 | env_steps/sec=298.9 | episodes/sec=3.70 | gpu_util_mean=0% gpu_util_max=1% | gpu_mem_mean=2.3/47.8GB
timesteps=864960 | env_steps/sec=293.1 | episodes/sec=4.20 | gpu_util_mean=0% gpu_util_max=0% | gpu_mem_mean=2.3/47.8GB
timesteps=866496 | env_steps/sec=306.5 | episodes/sec=6.19 | gpu_util_mean=0% gpu_util_max=1% | gpu_mem_mean=2.3/47.8GB
timesteps=868032 | env_steps/sec=297.9 | episodes/sec=3.69 | gpu_util_mean=0% gpu_util_max=0% | gpu_mem_mean=2.3/47.8GB
timesteps=869760 | env_steps/sec=328.5 | episodes/sec=4.56 | gpu_util_mean=0% gpu_util_max=0% | gpu_mem_mean=2.3/47.8GB
timesteps=871296 | env_steps/sec=304.4 | episodes/sec=4.56 | gpu_util_mean=1% gpu_util_max=1% | gpu_mem_mean=2.3/47.8GB
timesteps=872928 | env_steps/sec=324.7 | episodes/sec=5.37 | gpu_util_mean=1% gpu_util_max=1% | gpu_mem_mean=2.3/47.8GB
timesteps=874560 | env_steps/sec=326.1 | episodes/sec=3.20 | gpu_util_mean=0% gpu_util_max=1% | gpu_mem_mean=2.3/47.8GB
timesteps=876096 | env_steps/sec=305.2 | episodes/sec=4.97 | gpu_util_mean=0% gpu_util_max=1% | gpu_mem_mean=2.3/47.8GB
timesteps=877536 | env_steps/sec=286.9 | episodes/sec=4.78 | gpu_util_mean=0% gpu_util_max=1% | gpu_mem_mean=2.3/47.8GB
timesteps=879072 | env_steps/sec=306.1 | episodes/sec=4.78 | gpu_util_mean=1% gpu_util_max=1% | gpu_mem_mean=2.3/47.8GB
timesteps=880608 | env_steps/sec=302.5 | episodes/sec=3.35 | gpu_util_mean=0% gpu_util_max=0% | gpu_mem_mean=2.3/47.8GB
timesteps=882240 | env_steps/sec=322.0 | episodes/sec=5.13 | gpu_util_mean=0% gpu_util_max=0% | gpu_mem_mean=2.3/47.8GB
timesteps=883776 | env_steps/sec=306.8 | episodes/sec=5.19 | gpu_util_mean=0% gpu_util_max=0% | gpu_mem_mean=2.3/47.8GB
------------------------------------------
| gpu/                      |            |
|    gpu_count              | 2          |
|    gpu_mem_total_gb_mean  | 47.8       |
|    gpu_mem_used_gb_mean   | 2.33       |
|    gpu_util_pct_max       | 0          |
|    gpu_util_pct_mean      | 0          |
| profile/                  |            |
|    hard/damage_mean       | 0.224      |
|    hard/ep_len_mean       | 64.9       |
|    hard/ep_rew_mean       | 0.159      |
|    hard/episodes_window   | 200        |
|    hard/p_damage_ge_90    | 0          |
|    hard/p_stars_ge_2      | 0          |
|    hard/score_mean        | 0.224      |
|    hard/stars_mean        | 0          |
|    hard/ticks_mean        | 645        |
|    hard/truncated_rate    | 0.035      |
|    medium/damage_mean     | 0.588      |
|    medium/ep_len_mean     | 72.7       |
|    medium/ep_rew_mean     | 1.56       |
|    medium/episodes_window | 200        |
|    medium/p_damage_ge_90  | 0.08       |
|    medium/p_stars_ge_2    | 0.38       |
|    medium/score_mean      | 1.63       |
|    medium/stars_mean      | 1.04       |
|    medium/ticks_mean      | 724        |
|    medium/truncated_rate  | 0.105      |
| rollout/                  |            |
|    ep_len_mean            | 67.9       |
|    ep_rew_mean            | 0.866      |
| throughput/               |            |
|    env_steps_per_sec      | 307        |
|    episodes_per_sec       | 5.19       |
| time/                     |            |
|    fps                    | 292        |
|    iterations             | 18         |
|    time_elapsed           | 3022       |
|    total_timesteps        | 884736     |
| train/                    |            |
|    approx_kl              | 0.01303798 |
|    clip_fraction          | 0.155      |
|    clip_range             | 0.2        |
|    entropy_loss           | -5.53      |
|    explained_variance     | 0.737      |
|    learning_rate          | 0.0003     |
|    loss                   | -0.0578    |
|    n_updates              | 170        |
|    policy_gradient_loss   | -0.0242    |
|    value_loss             | 0.0654     |
------------------------------------------
timesteps=884832 | env_steps/sec=88.9 | episodes/sec=1.35 | gpu_util_mean=18% gpu_util_max=35% | gpu_mem_mean=2.3/47.8GB
timesteps=886368 | env_steps/sec=299.8 | episodes/sec=3.32 | gpu_util_mean=0% gpu_util_max=0% | gpu_mem_mean=2.3/47.8GB
timesteps=888000 | env_steps/sec=313.3 | episodes/sec=4.80 | gpu_util_mean=0% gpu_util_max=1% | gpu_mem_mean=2.3/47.8GB
timesteps=889632 | env_steps/sec=320.3 | episodes/sec=5.10 | gpu_util_mean=0% gpu_util_max=0% | gpu_mem_mean=2.3/47.8GB
timesteps=891264 | env_steps/sec=319.0 | episodes/sec=5.08 | gpu_util_mean=0% gpu_util_max=0% | gpu_mem_mean=2.3/47.8GB
timesteps=892992 | env_steps/sec=343.4 | episodes/sec=4.57 | gpu_util_mean=4% gpu_util_max=6% | gpu_mem_mean=2.3/47.8GB
timesteps=894720 | env_steps/sec=330.8 | episodes/sec=4.40 | gpu_util_mean=4% gpu_util_max=9% | gpu_mem_mean=2.3/47.8GB
timesteps=896448 | env_steps/sec=331.7 | episodes/sec=4.80 | gpu_util_mean=4% gpu_util_max=9% | gpu_mem_mean=2.3/47.8GB
timesteps=898176 | env_steps/sec=340.5 | episodes/sec=4.53 | gpu_util_mean=5% gpu_util_max=9% | gpu_mem_mean=2.3/47.8GB
timesteps=899904 | env_steps/sec=335.6 | episodes/sec=5.44 | gpu_util_mean=0% gpu_util_max=0% | gpu_mem_mean=2.3/47.8GB
timesteps=901632 | env_steps/sec=331.6 | episodes/sec=4.99 | gpu_util_mean=4% gpu_util_max=9% | gpu_mem_mean=2.3/47.8GB
timesteps=903360 | env_steps/sec=341.4 | episodes/sec=4.74 | gpu_util_mean=4% gpu_util_max=9% | gpu_mem_mean=2.3/47.8GB
timesteps=904992 | env_steps/sec=310.0 | episodes/sec=3.80 | gpu_util_mean=0% gpu_util_max=0% | gpu_mem_mean=2.3/47.8GB
timesteps=906624 | env_steps/sec=319.9 | episodes/sec=5.10 | gpu_util_mean=1% gpu_util_max=1% | gpu_mem_mean=2.3/47.8GB
timesteps=908256 | env_steps/sec=317.1 | episodes/sec=6.02 | gpu_util_mean=0% gpu_util_max=0% | gpu_mem_mean=2.3/47.8GB
timesteps=909888 | env_steps/sec=315.7 | episodes/sec=4.06 | gpu_util_mean=1% gpu_util_max=1% | gpu_mem_mean=2.3/47.8GB
timesteps=911424 | env_steps/sec=292.7 | episodes/sec=3.24 | gpu_util_mean=0% gpu_util_max=0% | gpu_mem_mean=2.3/47.8GB
timesteps=913056 | env_steps/sec=323.8 | episodes/sec=5.56 | gpu_util_mean=0% gpu_util_max=0% | gpu_mem_mean=2.3/47.8GB
timesteps=914688 | env_steps/sec=319.9 | episodes/sec=4.31 | gpu_util_mean=1% gpu_util_max=1% | gpu_mem_mean=2.3/47.8GB
timesteps=916320 | env_steps/sec=315.0 | episodes/sec=5.02 | gpu_util_mean=0% gpu_util_max=1% | gpu_mem_mean=2.3/47.8GB
timesteps=917952 | env_steps/sec=308.7 | episodes/sec=3.40 | gpu_util_mean=0% gpu_util_max=0% | gpu_mem_mean=2.3/47.8GB
timesteps=919584 | env_steps/sec=318.7 | episodes/sec=6.44 | gpu_util_mean=0% gpu_util_max=0% | gpu_mem_mean=2.3/47.8GB
timesteps=921024 | env_steps/sec=285.2 | episodes/sec=3.37 | gpu_util_mean=0% gpu_util_max=1% | gpu_mem_mean=2.3/47.8GB
timesteps=922656 | env_steps/sec=309.6 | episodes/sec=3.41 | gpu_util_mean=0% gpu_util_max=0% | gpu_mem_mean=2.3/47.8GB
timesteps=924192 | env_steps/sec=298.2 | episodes/sec=4.85 | gpu_util_mean=0% gpu_util_max=1% | gpu_mem_mean=2.3/47.8GB
timesteps=925824 | env_steps/sec=314.3 | episodes/sec=5.78 | gpu_util_mean=0% gpu_util_max=1% | gpu_mem_mean=2.3/47.8GB
timesteps=927360 | env_steps/sec=292.0 | episodes/sec=3.80 | gpu_util_mean=0% gpu_util_max=0% | gpu_mem_mean=2.3/47.8GB
timesteps=928896 | env_steps/sec=298.1 | episodes/sec=2.52 | gpu_util_mean=0% gpu_util_max=1% | gpu_mem_mean=2.3/47.8GB
timesteps=930624 | env_steps/sec=333.4 | episodes/sec=5.60 | gpu_util_mean=0% gpu_util_max=1% | gpu_mem_mean=2.3/47.8GB
timesteps=932256 | env_steps/sec=311.5 | episodes/sec=5.92 | gpu_util_mean=0% gpu_util_max=1% | gpu_mem_mean=2.3/47.8GB
timesteps=933792 | env_steps/sec=302.3 | episodes/sec=3.15 | gpu_util_mean=0% gpu_util_max=0% | gpu_mem_mean=2.3/47.8GB
------------------------------------------
| gpu/                      |            |
|    gpu_count              | 2          |
|    gpu_mem_total_gb_mean  | 47.8       |
|    gpu_mem_used_gb_mean   | 2.33       |
|    gpu_util_pct_max       | 0          |
|    gpu_util_pct_mean      | 0          |
| profile/                  |            |
|    hard/damage_mean       | 0.231      |
|    hard/ep_len_mean       | 64.7       |
|    hard/ep_rew_mean       | 0.167      |
|    hard/episodes_window   | 200        |
|    hard/p_damage_ge_90    | 0          |
|    hard/p_stars_ge_2      | 0          |
|    hard/score_mean        | 0.231      |
|    hard/stars_mean        | 0          |
|    hard/ticks_mean        | 643        |
|    hard/truncated_rate    | 0.025      |
|    medium/damage_mean     | 0.586      |
|    medium/ep_len_mean     | 72.8       |
|    medium/ep_rew_mean     | 1.49       |
|    medium/episodes_window | 200        |
|    medium/p_damage_ge_90  | 0.075      |
|    medium/p_stars_ge_2    | 0.345      |
|    medium/score_mean      | 1.56       |
|    medium/stars_mean      | 0.975      |
|    medium/ticks_mean      | 724        |
|    medium/truncated_rate  | 0.14       |
| rollout/                  |            |
|    ep_len_mean            | 68.5       |
|    ep_rew_mean            | 0.849      |
| throughput/               |            |
|    env_steps_per_sec      | 302        |
|    episodes_per_sec       | 3.15       |
| time/                     |            |
|    fps                    | 293        |
|    iterations             | 19         |
|    time_elapsed           | 3185       |
|    total_timesteps        | 933888     |
| train/                    |            |
|    approx_kl              | 0.01791071 |
|    clip_fraction          | 0.198      |
|    clip_range             | 0.2        |
|    entropy_loss           | -5.44      |
|    explained_variance     | 0.744      |
|    learning_rate          | 0.0003     |
|    loss                   | -0.0552    |
|    n_updates              | 180        |
|    policy_gradient_loss   | -0.0261    |
|    value_loss             | 0.0638     |
------------------------------------------
timesteps=933984 | env_steps/sec=21.8 | episodes/sec=0.23 | gpu_util_mean=0% gpu_util_max=0% | gpu_mem_mean=2.3/47.8GB
timesteps=935616 | env_steps/sec=313.9 | episodes/sec=4.23 | gpu_util_mean=0% gpu_util_max=0% | gpu_mem_mean=2.3/47.8GB
timesteps=937344 | env_steps/sec=323.4 | episodes/sec=6.55 | gpu_util_mean=0% gpu_util_max=0% | gpu_mem_mean=2.3/47.8GB
timesteps=938976 | env_steps/sec=314.3 | episodes/sec=3.66 | gpu_util_mean=0% gpu_util_max=1% | gpu_mem_mean=2.3/47.8GB
timesteps=940512 | env_steps/sec=302.1 | episodes/sec=3.93 | gpu_util_mean=0% gpu_util_max=0% | gpu_mem_mean=2.3/47.8GB
timesteps=942240 | env_steps/sec=326.6 | episodes/sec=4.91 | gpu_util_mean=0% gpu_util_max=0% | gpu_mem_mean=2.3/47.8GB
timesteps=943968 | env_steps/sec=332.2 | episodes/sec=4.81 | gpu_util_mean=0% gpu_util_max=1% | gpu_mem_mean=2.3/47.8GB
timesteps=945600 | env_steps/sec=313.9 | episodes/sec=4.62 | gpu_util_mean=0% gpu_util_max=0% | gpu_mem_mean=2.3/47.8GB
timesteps=947232 | env_steps/sec=326.0 | episodes/sec=4.20 | gpu_util_mean=0% gpu_util_max=0% | gpu_mem_mean=2.3/47.8GB
timesteps=948864 | env_steps/sec=312.2 | episodes/sec=4.97 | gpu_util_mean=0% gpu_util_max=1% | gpu_mem_mean=2.3/47.8GB
timesteps=950400 | env_steps/sec=301.3 | episodes/sec=4.12 | gpu_util_mean=0% gpu_util_max=1% | gpu_mem_mean=2.3/47.8GB
timesteps=952032 | env_steps/sec=317.0 | episodes/sec=4.47 | gpu_util_mean=1% gpu_util_max=1% | gpu_mem_mean=2.3/47.8GB
timesteps=953760 | env_steps/sec=332.5 | episodes/sec=5.97 | gpu_util_mean=0% gpu_util_max=0% | gpu_mem_mean=2.3/47.8GB
timesteps=955488 | env_steps/sec=336.3 | episodes/sec=3.50 | gpu_util_mean=5% gpu_util_max=9% | gpu_mem_mean=2.3/47.8GB
timesteps=957216 | env_steps/sec=343.5 | episodes/sec=5.37 | gpu_util_mean=4% gpu_util_max=9% | gpu_mem_mean=2.3/47.8GB
timesteps=958944 | env_steps/sec=344.5 | episodes/sec=4.78 | gpu_util_mean=4% gpu_util_max=9% | gpu_mem_mean=2.3/47.8GB
timesteps=960768 | env_steps/sec=348.3 | episodes/sec=4.96 | gpu_util_mean=4% gpu_util_max=8% | gpu_mem_mean=2.3/47.8GB
timesteps=962496 | env_steps/sec=343.2 | episodes/sec=5.56 | gpu_util_mean=4% gpu_util_max=9% | gpu_mem_mean=2.3/47.8GB
timesteps=964224 | env_steps/sec=338.5 | episodes/sec=4.70 | gpu_util_mean=5% gpu_util_max=9% | gpu_mem_mean=2.3/47.8GB
timesteps=965856 | env_steps/sec=318.2 | episodes/sec=5.07 | gpu_util_mean=0% gpu_util_max=0% | gpu_mem_mean=2.3/47.8GB
timesteps=967392 | env_steps/sec=293.3 | episodes/sec=4.20 | gpu_util_mean=0% gpu_util_max=0% | gpu_mem_mean=2.3/47.8GB
timesteps=969024 | env_steps/sec=316.4 | episodes/sec=4.27 | gpu_util_mean=0% gpu_util_max=1% | gpu_mem_mean=2.3/47.8GB
timesteps=970656 | env_steps/sec=322.0 | episodes/sec=4.34 | gpu_util_mean=0% gpu_util_max=1% | gpu_mem_mean=2.3/47.8GB
timesteps=972288 | env_steps/sec=309.8 | episodes/sec=4.56 | gpu_util_mean=0% gpu_util_max=0% | gpu_mem_mean=2.3/47.8GB
timesteps=973920 | env_steps/sec=323.3 | episodes/sec=5.94 | gpu_util_mean=0% gpu_util_max=1% | gpu_mem_mean=2.3/47.8GB
timesteps=975456 | env_steps/sec=307.0 | episodes/sec=3.00 | gpu_util_mean=0% gpu_util_max=1% | gpu_mem_mean=2.3/47.8GB
timesteps=977088 | env_steps/sec=308.7 | episodes/sec=4.54 | gpu_util_mean=0% gpu_util_max=1% | gpu_mem_mean=2.3/47.8GB
timesteps=978624 | env_steps/sec=295.0 | episodes/sec=4.99 | gpu_util_mean=0% gpu_util_max=1% | gpu_mem_mean=2.3/47.8GB
timesteps=980160 | env_steps/sec=303.5 | episodes/sec=3.95 | gpu_util_mean=0% gpu_util_max=1% | gpu_mem_mean=2.3/47.8GB
timesteps=981600 | env_steps/sec=277.6 | episodes/sec=3.86 | gpu_util_mean=0% gpu_util_max=0% | gpu_mem_mean=2.3/47.8GB
-------------------------------------------
| gpu/                      |             |
|    gpu_count              | 2           |
|    gpu_mem_total_gb_mean  | 47.8        |
|    gpu_mem_used_gb_mean   | 2.33        |
|    gpu_util_pct_max       | 0           |
|    gpu_util_pct_mean      | 0           |
| profile/                  |             |
|    hard/damage_mean       | 0.239       |
|    hard/ep_len_mean       | 65.4        |
|    hard/ep_rew_mean       | 0.174       |
|    hard/episodes_window   | 200         |
|    hard/p_damage_ge_90    | 0           |
|    hard/p_stars_ge_2      | 0           |
|    hard/score_mean        | 0.239       |
|    hard/stars_mean        | 0           |
|    hard/ticks_mean        | 649         |
|    hard/truncated_rate    | 0.025       |
|    medium/damage_mean     | 0.579       |
|    medium/ep_len_mean     | 72.7        |
|    medium/ep_rew_mean     | 1.41        |
|    medium/episodes_window | 200         |
|    medium/p_damage_ge_90  | 0.065       |
|    medium/p_stars_ge_2    | 0.295       |
|    medium/score_mean      | 1.48        |
|    medium/stars_mean      | 0.9         |
|    medium/ticks_mean      | 723         |
|    medium/truncated_rate  | 0.17        |
| rollout/                  |             |
|    ep_len_mean            | 69.7        |
|    ep_rew_mean            | 0.894       |
| throughput/               |             |
|    env_steps_per_sec      | 278         |
|    episodes_per_sec       | 3.86        |
| time/                     |             |
|    fps                    | 293         |
|    iterations             | 20          |
|    time_elapsed           | 3348        |
|    total_timesteps        | 983040      |
| train/                    |             |
|    approx_kl              | 0.009876147 |
|    clip_fraction          | 0.123       |
|    clip_range             | 0.2         |
|    entropy_loss           | -5.41       |
|    explained_variance     | 0.809       |
|    learning_rate          | 0.0003      |
|    loss                   | -0.054      |
|    n_updates              | 190         |
|    policy_gradient_loss   | -0.0227     |
|    value_loss             | 0.0644      |
-------------------------------------------
timesteps=983136 | env_steps/sec=95.8 | episodes/sec=1.43 | gpu_util_mean=17% gpu_util_max=34% | gpu_mem_mean=2.3/47.8GB
timesteps=984672 | env_steps/sec=304.2 | episodes/sec=5.74 | gpu_util_mean=0% gpu_util_max=1% | gpu_mem_mean=2.3/47.8GB
timesteps=986304 | env_steps/sec=313.7 | episodes/sec=3.65 | gpu_util_mean=0% gpu_util_max=1% | gpu_mem_mean=2.3/47.8GB
timesteps=987936 | env_steps/sec=311.4 | episodes/sec=4.58 | gpu_util_mean=0% gpu_util_max=0% | gpu_mem_mean=2.3/47.8GB
timesteps=989376 | env_steps/sec=277.8 | episodes/sec=4.05 | gpu_util_mean=0% gpu_util_max=1% | gpu_mem_mean=2.3/47.8GB
timesteps=991008 | env_steps/sec=307.5 | episodes/sec=5.09 | gpu_util_mean=0% gpu_util_max=1% | gpu_mem_mean=2.3/47.8GB
timesteps=992448 | env_steps/sec=278.5 | episodes/sec=3.29 | gpu_util_mean=0% gpu_util_max=0% | gpu_mem_mean=2.3/47.8GB
timesteps=993888 | env_steps/sec=285.9 | episodes/sec=4.37 | gpu_util_mean=0% gpu_util_max=0% | gpu_mem_mean=2.3/47.8GB
timesteps=995424 | env_steps/sec=290.3 | episodes/sec=5.29 | gpu_util_mean=0% gpu_util_max=1% | gpu_mem_mean=2.3/47.8GB
timesteps=996960 | env_steps/sec=299.9 | episodes/sec=3.32 | gpu_util_mean=1% gpu_util_max=1% | gpu_mem_mean=2.3/47.8GB
timesteps=998496 | env_steps/sec=298.7 | episodes/sec=5.06 | gpu_util_mean=0% gpu_util_max=1% | gpu_mem_mean=2.3/47.8GB
timesteps=999936 | env_steps/sec=275.4 | episodes/sec=4.59 | gpu_util_mean=0% gpu_util_max=0% | gpu_mem_mean=2.3/47.8GB
timesteps=1001376 | env_steps/sec=274.2 | episodes/sec=3.43 | gpu_util_mean=0% gpu_util_max=1% | gpu_mem_mean=2.3/47.8GB
timesteps=1002912 | env_steps/sec=305.5 | episodes/sec=4.97 | gpu_util_mean=0% gpu_util_max=1% | gpu_mem_mean=2.3/47.8GB
timesteps=1004448 | env_steps/sec=299.3 | episodes/sec=4.09 | gpu_util_mean=0% gpu_util_max=0% | gpu_mem_mean=2.3/47.8GB
timesteps=1006080 | env_steps/sec=313.1 | episodes/sec=3.45 | gpu_util_mean=0% gpu_util_max=0% | gpu_mem_mean=2.3/47.8GB
timesteps=1007712 | env_steps/sec=309.1 | episodes/sec=5.87 | gpu_util_mean=0% gpu_util_max=1% | gpu_mem_mean=2.3/47.8GB
timesteps=1009248 | env_steps/sec=297.3 | episodes/sec=5.23 | gpu_util_mean=0% gpu_util_max=0% | gpu_mem_mean=2.3/47.8GB
timesteps=1010880 | env_steps/sec=322.1 | episodes/sec=4.34 | gpu_util_mean=0% gpu_util_max=0% | gpu_mem_mean=2.3/47.8GB
timesteps=1012320 | env_steps/sec=279.0 | episodes/sec=3.10 | gpu_util_mean=0% gpu_util_max=1% | gpu_mem_mean=2.3/47.8GB
timesteps=1013856 | env_steps/sec=303.9 | episodes/sec=3.76 | gpu_util_mean=0% gpu_util_max=0% | gpu_mem_mean=2.3/47.8GB
timesteps=1015392 | env_steps/sec=300.7 | episodes/sec=6.26 | gpu_util_mean=0% gpu_util_max=0% | gpu_mem_mean=2.3/47.8GB
timesteps=1017024 | env_steps/sec=318.8 | episodes/sec=4.30 | gpu_util_mean=0% gpu_util_max=0% | gpu_mem_mean=2.3/47.8GB
timesteps=1018752 | env_steps/sec=328.4 | episodes/sec=3.80 | gpu_util_mean=5% gpu_util_max=9% | gpu_mem_mean=2.3/47.8GB
timesteps=1020480 | env_steps/sec=335.5 | episodes/sec=5.24 | gpu_util_mean=4% gpu_util_max=9% | gpu_mem_mean=2.3/47.8GB
timesteps=1022208 | env_steps/sec=344.0 | episodes/sec=6.17 | gpu_util_mean=4% gpu_util_max=9% | gpu_mem_mean=2.3/47.8GB
timesteps=1023840 | env_steps/sec=324.9 | episodes/sec=5.38 | gpu_util_mean=4% gpu_util_max=9% | gpu_mem_mean=2.3/47.8GB
timesteps=1025568 | env_steps/sec=340.2 | episodes/sec=3.35 | gpu_util_mean=2% gpu_util_max=4% | gpu_mem_mean=2.3/47.8GB
timesteps=1027296 | env_steps/sec=336.3 | episodes/sec=5.26 | gpu_util_mean=0% gpu_util_max=0% | gpu_mem_mean=2.3/47.8GB
timesteps=1029024 | env_steps/sec=342.0 | episodes/sec=3.96 | gpu_util_mean=0% gpu_util_max=0% | gpu_mem_mean=2.3/47.8GB
timesteps=1030752 | env_steps/sec=338.9 | episodes/sec=6.86 | gpu_util_mean=0% gpu_util_max=0% | gpu_mem_mean=2.3/47.8GB
-------------------------------------------
| gpu/                      |             |
|    gpu_count              | 2           |
|    gpu_mem_total_gb_mean  | 47.8        |
|    gpu_mem_used_gb_mean   | 2.33        |
|    gpu_util_pct_max       | 0           |
|    gpu_util_pct_mean      | 0           |
| profile/                  |             |
|    hard/damage_mean       | 0.24        |
|    hard/ep_len_mean       | 63.5        |
|    hard/ep_rew_mean       | 0.187       |
|    hard/episodes_window   | 200         |
|    hard/p_damage_ge_90    | 0           |
|    hard/p_stars_ge_2      | 0.005       |
|    hard/score_mean        | 0.25        |
|    hard/stars_mean        | 0.01        |
|    hard/ticks_mean        | 630         |
|    hard/truncated_rate    | 0.01        |
|    medium/damage_mean     | 0.626       |
|    medium/ep_len_mean     | 72.9        |
|    medium/ep_rew_mean     | 1.75        |
|    medium/episodes_window | 200         |
|    medium/p_damage_ge_90  | 0.125       |
|    medium/p_stars_ge_2    | 0.43        |
|    medium/score_mean      | 1.83        |
|    medium/stars_mean      | 1.2         |
|    medium/ticks_mean      | 725         |
|    medium/truncated_rate  | 0.13        |
| rollout/                  |             |
|    ep_len_mean            | 68.4        |
|    ep_rew_mean            | 1.02        |
| throughput/               |             |
|    env_steps_per_sec      | 339         |
|    episodes_per_sec       | 6.86        |
| time/                     |             |
|    fps                    | 293         |
|    iterations             | 21          |
|    time_elapsed           | 3518        |
|    total_timesteps        | 1032192     |
| train/                    |             |
|    approx_kl              | 0.009064253 |
|    clip_fraction          | 0.124       |
|    clip_range             | 0.2         |
|    entropy_loss           | -5.36       |
|    explained_variance     | 0.819       |
|    learning_rate          | 0.0003      |
|    loss                   | -0.0396     |
|    n_updates              | 200         |
|    policy_gradient_loss   | -0.021      |
|    value_loss             | 0.0707      |
-------------------------------------------
timesteps=1032288 | env_steps/sec=132.0 | episodes/sec=1.89 | gpu_util_mean=18% gpu_util_max=34% | gpu_mem_mean=2.3/47.8GB
timesteps=1033728 | env_steps/sec=274.8 | episodes/sec=3.44 | gpu_util_mean=0% gpu_util_max=1% | gpu_mem_mean=2.3/47.8GB
timesteps=1035264 | env_steps/sec=302.6 | episodes/sec=3.74 | gpu_util_mean=1% gpu_util_max=1% | gpu_mem_mean=2.3/47.8GB
timesteps=1036992 | env_steps/sec=336.1 | episodes/sec=5.64 | gpu_util_mean=0% gpu_util_max=0% | gpu_mem_mean=2.3/47.8GB
timesteps=1038720 | env_steps/sec=332.3 | episodes/sec=4.42 | gpu_util_mean=0% gpu_util_max=0% | gpu_mem_mean=2.3/47.8GB
timesteps=1040256 | env_steps/sec=301.8 | episodes/sec=4.91 | gpu_util_mean=0% gpu_util_max=0% | gpu_mem_mean=2.3/47.8GB
timesteps=1041792 | env_steps/sec=305.5 | episodes/sec=3.58 | gpu_util_mean=0% gpu_util_max=1% | gpu_mem_mean=2.3/47.8GB
timesteps=1043328 | env_steps/sec=298.4 | episodes/sec=5.63 | gpu_util_mean=0% gpu_util_max=1% | gpu_mem_mean=2.3/47.8GB
timesteps=1044960 | env_steps/sec=319.6 | episodes/sec=3.33 | gpu_util_mean=0% gpu_util_max=0% | gpu_mem_mean=2.3/47.8GB
timesteps=1046496 | env_steps/sec=304.4 | episodes/sec=5.95 | gpu_util_mean=0% gpu_util_max=0% | gpu_mem_mean=2.3/47.8GB
timesteps=1048128 | env_steps/sec=308.3 | episodes/sec=3.78 | gpu_util_mean=0% gpu_util_max=1% | gpu_mem_mean=2.3/47.8GB
timesteps=1049760 | env_steps/sec=316.9 | episodes/sec=4.66 | gpu_util_mean=0% gpu_util_max=0% | gpu_mem_mean=2.3/47.8GB
timesteps=1051200 | env_steps/sec=284.8 | episodes/sec=3.36 | gpu_util_mean=0% gpu_util_max=1% | gpu_mem_mean=2.3/47.8GB
timesteps=1052832 | env_steps/sec=315.6 | episodes/sec=5.03 | gpu_util_mean=0% gpu_util_max=0% | gpu_mem_mean=2.3/47.8GB
timesteps=1054464 | env_steps/sec=322.5 | episodes/sec=5.73 | gpu_util_mean=0% gpu_util_max=0% | gpu_mem_mean=2.3/47.8GB
timesteps=1055904 | env_steps/sec=280.4 | episodes/sec=4.09 | gpu_util_mean=0% gpu_util_max=1% | gpu_mem_mean=2.3/47.8GB
timesteps=1057440 | env_steps/sec=290.7 | episodes/sec=2.84 | gpu_util_mean=0% gpu_util_max=0% | gpu_mem_mean=2.3/47.8GB
timesteps=1059072 | env_steps/sec=313.5 | episodes/sec=6.34 | gpu_util_mean=0% gpu_util_max=0% | gpu_mem_mean=2.3/47.8GB
timesteps=1060608 | env_steps/sec=292.4 | episodes/sec=4.19 | gpu_util_mean=0% gpu_util_max=0% | gpu_mem_mean=2.3/47.8GB
timesteps=1062144 | env_steps/sec=292.0 | episodes/sec=3.61 | gpu_util_mean=0% gpu_util_max=1% | gpu_mem_mean=2.3/47.8GB
timesteps=1063680 | env_steps/sec=296.9 | episodes/sec=4.06 | gpu_util_mean=0% gpu_util_max=0% | gpu_mem_mean=2.3/47.8GB
timesteps=1065312 | env_steps/sec=315.1 | episodes/sec=5.60 | gpu_util_mean=0% gpu_util_max=0% | gpu_mem_mean=2.3/47.8GB
timesteps=1066944 | env_steps/sec=312.9 | episodes/sec=4.41 | gpu_util_mean=0% gpu_util_max=1% | gpu_mem_mean=2.3/47.8GB
timesteps=1068480 | env_steps/sec=299.2 | episodes/sec=3.51 | gpu_util_mean=0% gpu_util_max=1% | gpu_mem_mean=2.3/47.8GB
timesteps=1070016 | env_steps/sec=288.3 | episodes/sec=4.69 | gpu_util_mean=0% gpu_util_max=1% | gpu_mem_mean=2.3/47.8GB
timesteps=1071552 | env_steps/sec=297.9 | episodes/sec=4.46 | gpu_util_mean=0% gpu_util_max=1% | gpu_mem_mean=2.3/47.8GB
timesteps=1073088 | env_steps/sec=296.6 | episodes/sec=4.25 | gpu_util_mean=0% gpu_util_max=0% | gpu_mem_mean=2.3/47.8GB
timesteps=1074624 | env_steps/sec=305.3 | episodes/sec=3.78 | gpu_util_mean=0% gpu_util_max=1% | gpu_mem_mean=2.3/47.8GB
timesteps=1076064 | env_steps/sec=284.8 | episodes/sec=5.54 | gpu_util_mean=0% gpu_util_max=0% | gpu_mem_mean=2.3/47.8GB
timesteps=1077504 | env_steps/sec=278.4 | episodes/sec=4.06 | gpu_util_mean=1% gpu_util_max=1% | gpu_mem_mean=2.3/47.8GB
timesteps=1079136 | env_steps/sec=323.6 | episodes/sec=4.56 | gpu_util_mean=0% gpu_util_max=0% | gpu_mem_mean=2.3/47.8GB
timesteps=1080864 | env_steps/sec=329.0 | episodes/sec=4.00 | gpu_util_mean=0% gpu_util_max=0% | gpu_mem_mean=2.3/47.8GB
-------------------------------------------
| gpu/                      |             |
|    gpu_count              | 2           |
|    gpu_mem_total_gb_mean  | 47.8        |
|    gpu_mem_used_gb_mean   | 2.33        |
|    gpu_util_pct_max       | 0           |
|    gpu_util_pct_mean      | 0           |
| profile/                  |             |
|    hard/damage_mean       | 0.237       |
|    hard/ep_len_mean       | 64.2        |
|    hard/ep_rew_mean       | 0.178       |
|    hard/episodes_window   | 200         |
|    hard/p_damage_ge_90    | 0           |
|    hard/p_stars_ge_2      | 0           |
|    hard/score_mean        | 0.242       |
|    hard/stars_mean        | 0.005       |
|    hard/ticks_mean        | 638         |
|    hard/truncated_rate    | 0.01        |
|    medium/damage_mean     | 0.621       |
|    medium/ep_len_mean     | 72.1        |
|    medium/ep_rew_mean     | 1.68        |
|    medium/episodes_window | 200         |
|    medium/p_damage_ge_90  | 0.12        |
|    medium/p_stars_ge_2    | 0.385       |
|    medium/score_mean      | 1.75        |
|    medium/stars_mean      | 1.13        |
|    medium/ticks_mean      | 717         |
|    medium/truncated_rate  | 0.1         |
| rollout/                  |             |
|    ep_len_mean            | 67.5        |
|    ep_rew_mean            | 0.952       |
| throughput/               |             |
|    env_steps_per_sec      | 329         |
|    episodes_per_sec       | 4           |
| time/                     |             |
|    fps                    | 293         |
|    iterations             | 22          |
|    time_elapsed           | 3687        |
|    total_timesteps        | 1081344     |
| train/                    |             |
|    approx_kl              | 0.009772426 |
|    clip_fraction          | 0.112       |
|    clip_range             | 0.2         |
|    entropy_loss           | -5.49       |
|    explained_variance     | 0.81        |
|    learning_rate          | 0.0003      |
|    loss                   | -0.0417     |
|    n_updates              | 210         |
|    policy_gradient_loss   | -0.0212     |
|    value_loss             | 0.0728      |
-------------------------------------------
timesteps=1081440 | env_steps/sec=53.6 | episodes/sec=0.74 | gpu_util_mean=0% gpu_util_max=0% | gpu_mem_mean=2.3/47.8GB
timesteps=1083168 | env_steps/sec=339.0 | episodes/sec=6.28 | gpu_util_mean=4% gpu_util_max=9% | gpu_mem_mean=2.3/47.8GB
timesteps=1084896 | env_steps/sec=341.7 | episodes/sec=5.14 | gpu_util_mean=4% gpu_util_max=9% | gpu_mem_mean=2.3/47.8GB
timesteps=1086528 | env_steps/sec=325.5 | episodes/sec=3.59 | gpu_util_mean=4% gpu_util_max=9% | gpu_mem_mean=2.3/47.8GB
timesteps=1088256 | env_steps/sec=341.0 | episodes/sec=5.53 | gpu_util_mean=0% gpu_util_max=0% | gpu_mem_mean=2.3/47.8GB
timesteps=1090080 | env_steps/sec=347.0 | episodes/sec=4.95 | gpu_util_mean=5% gpu_util_max=9% | gpu_mem_mean=2.3/47.8GB
timesteps=1091712 | env_steps/sec=314.7 | episodes/sec=5.21 | gpu_util_mean=0% gpu_util_max=1% | gpu_mem_mean=2.3/47.8GB
timesteps=1093248 | env_steps/sec=303.1 | episodes/sec=4.14 | gpu_util_mean=0% gpu_util_max=0% | gpu_mem_mean=2.3/47.8GB
timesteps=1094880 | env_steps/sec=315.3 | episodes/sec=4.25 | gpu_util_mean=0% gpu_util_max=1% | gpu_mem_mean=2.3/47.8GB
timesteps=1096512 | env_steps/sec=325.3 | episodes/sec=4.78 | gpu_util_mean=0% gpu_util_max=0% | gpu_mem_mean=2.3/47.8GB
timesteps=1098144 | env_steps/sec=305.4 | episodes/sec=4.30 | gpu_util_mean=1% gpu_util_max=1% | gpu_mem_mean=2.3/47.8GB
timesteps=1099680 | env_steps/sec=281.8 | episodes/sec=3.85 | gpu_util_mean=1% gpu_util_max=1% | gpu_mem_mean=2.3/47.8GB
timesteps=1100544 | env_steps/sec=167.7 | episodes/sec=3.11 | gpu_util_mean=0% gpu_util_max=0% | gpu_mem_mean=2.3/47.8GB
timesteps=1101408 | env_steps/sec=166.5 | episodes/sec=2.51 | gpu_util_mean=0% gpu_util_max=0% | gpu_mem_mean=2.3/47.8GB
timesteps=1102272 | env_steps/sec=155.2 | episodes/sec=2.52 | gpu_util_mean=0% gpu_util_max=0% | gpu_mem_mean=2.3/47.8GB
timesteps=1103136 | env_steps/sec=154.8 | episodes/sec=2.51 | gpu_util_mean=0% gpu_util_max=0% | gpu_mem_mean=2.3/47.8GB
timesteps=1103904 | env_steps/sec=149.0 | episodes/sec=1.75 | gpu_util_mean=1% gpu_util_max=1% | gpu_mem_mean=2.3/47.8GB
timesteps=1104768 | env_steps/sec=156.9 | episodes/sec=1.63 | gpu_util_mean=0% gpu_util_max=0% | gpu_mem_mean=2.3/47.8GB
timesteps=1105632 | env_steps/sec=158.8 | episodes/sec=2.76 | gpu_util_mean=0% gpu_util_max=1% | gpu_mem_mean=2.3/47.8GB
timesteps=1106400 | env_steps/sec=151.9 | episodes/sec=1.98 | gpu_util_mean=0% gpu_util_max=1% | gpu_mem_mean=2.3/47.8GB
timesteps=1107264 | env_steps/sec=155.2 | episodes/sec=2.33 | gpu_util_mean=0% gpu_util_max=0% | gpu_mem_mean=2.3/47.8GB
timesteps=1108128 | env_steps/sec=158.9 | episodes/sec=2.94 | gpu_util_mean=0% gpu_util_max=0% | gpu_mem_mean=2.3/47.8GB
timesteps=1108896 | env_steps/sec=152.2 | episodes/sec=2.77 | gpu_util_mean=0% gpu_util_max=1% | gpu_mem_mean=2.3/47.8GB
timesteps=1109760 | env_steps/sec=161.2 | episodes/sec=1.68 | gpu_util_mean=0% gpu_util_max=0% | gpu_mem_mean=2.3/47.8GB
timesteps=1110624 | env_steps/sec=158.3 | episodes/sec=1.47 | gpu_util_mean=0% gpu_util_max=1% | gpu_mem_mean=2.3/47.8GB
timesteps=1111488 | env_steps/sec=159.9 | episodes/sec=3.15 | gpu_util_mean=0% gpu_util_max=1% | gpu_mem_mean=2.3/47.8GB
timesteps=1112256 | env_steps/sec=149.6 | episodes/sec=2.53 | gpu_util_mean=0% gpu_util_max=0% | gpu_mem_mean=2.3/47.8GB
timesteps=1113024 | env_steps/sec=153.6 | episodes/sec=1.20 | gpu_util_mean=0% gpu_util_max=0% | gpu_mem_mean=2.3/47.8GB
timesteps=1113888 | env_steps/sec=163.0 | episodes/sec=3.21 | gpu_util_mean=0% gpu_util_max=0% | gpu_mem_mean=2.3/47.8GB
timesteps=1114752 | env_steps/sec=160.0 | episodes/sec=2.22 | gpu_util_mean=0% gpu_util_max=0% | gpu_mem_mean=2.3/47.8GB
timesteps=1115616 | env_steps/sec=162.2 | episodes/sec=2.25 | gpu_util_mean=0% gpu_util_max=0% | gpu_mem_mean=2.3/47.8GB
timesteps=1116384 | env_steps/sec=145.1 | episodes/sec=2.83 | gpu_util_mean=0% gpu_util_max=0% | gpu_mem_mean=2.3/47.8GB
timesteps=1117248 | env_steps/sec=161.0 | episodes/sec=1.68 | gpu_util_mean=0% gpu_util_max=0% | gpu_mem_mean=2.3/47.8GB
timesteps=1118112 | env_steps/sec=159.8 | episodes/sec=1.85 | gpu_util_mean=0% gpu_util_max=1% | gpu_mem_mean=2.3/47.8GB
timesteps=1118976 | env_steps/sec=158.2 | episodes/sec=2.01 | gpu_util_mean=1% gpu_util_max=1% | gpu_mem_mean=2.3/47.8GB
timesteps=1119840 | env_steps/sec=164.0 | episodes/sec=2.28 | gpu_util_mean=0% gpu_util_max=0% | gpu_mem_mean=2.3/47.8GB
timesteps=1120704 | env_steps/sec=163.6 | episodes/sec=2.84 | gpu_util_mean=0% gpu_util_max=0% | gpu_mem_mean=2.3/47.8GB
timesteps=1121568 | env_steps/sec=158.1 | episodes/sec=3.11 | gpu_util_mean=0% gpu_util_max=0% | gpu_mem_mean=2.3/47.8GB
timesteps=1122432 | env_steps/sec=163.3 | episodes/sec=1.70 | gpu_util_mean=0% gpu_util_max=1% | gpu_mem_mean=2.3/47.8GB
timesteps=1123296 | env_steps/sec=159.5 | episodes/sec=2.03 | gpu_util_mean=0% gpu_util_max=0% | gpu_mem_mean=2.3/47.8GB
timesteps=1124160 | env_steps/sec=163.1 | episodes/sec=2.27 | gpu_util_mean=0% gpu_util_max=0% | gpu_mem_mean=2.3/47.8GB
timesteps=1124928 | env_steps/sec=153.0 | episodes/sec=2.19 | gpu_util_mean=0% gpu_util_max=1% | gpu_mem_mean=2.3/47.8GB
timesteps=1125792 | env_steps/sec=161.4 | episodes/sec=2.05 | gpu_util_mean=0% gpu_util_max=1% | gpu_mem_mean=2.3/47.8GB
timesteps=1126752 | env_steps/sec=173.5 | episodes/sec=2.89 | gpu_util_mean=0% gpu_util_max=1% | gpu_mem_mean=2.3/47.8GB
timesteps=1127712 | env_steps/sec=180.1 | episodes/sec=2.81 | gpu_util_mean=0% gpu_util_max=1% | gpu_mem_mean=2.3/47.8GB
timesteps=1128864 | env_steps/sec=220.6 | episodes/sec=2.49 | gpu_util_mean=0% gpu_util_max=0% | gpu_mem_mean=2.3/47.8GB
timesteps=1130208 | env_steps/sec=254.6 | episodes/sec=4.55 | gpu_util_mean=1% gpu_util_max=1% | gpu_mem_mean=2.3/47.8GB
-------------------------------------------
| gpu/                      |             |
|    gpu_count              | 2           |
|    gpu_mem_total_gb_mean  | 47.8        |
|    gpu_mem_used_gb_mean   | 2.33        |
|    gpu_util_pct_max       | 1           |
|    gpu_util_pct_mean      | 1           |
| profile/                  |             |
|    hard/damage_mean       | 0.24        |
|    hard/ep_len_mean       | 64.9        |
|    hard/ep_rew_mean       | 0.191       |
|    hard/episodes_window   | 200         |
|    hard/p_damage_ge_90    | 0           |
|    hard/p_stars_ge_2      | 0.005       |
|    hard/score_mean        | 0.255       |
|    hard/stars_mean        | 0.015       |
|    hard/ticks_mean        | 644         |
|    hard/truncated_rate    | 0.035       |
|    medium/damage_mean     | 0.644       |
|    medium/ep_len_mean     | 73.6        |
|    medium/ep_rew_mean     | 1.86        |
|    medium/episodes_window | 200         |
|    medium/p_damage_ge_90  | 0.135       |
|    medium/p_stars_ge_2    | 0.51        |
|    medium/score_mean      | 1.93        |
|    medium/stars_mean      | 1.28        |
|    medium/ticks_mean      | 733         |
|    medium/truncated_rate  | 0.175       |
| rollout/                  |             |
|    ep_len_mean            | 69.9        |
|    ep_rew_mean            | 0.964       |
| throughput/               |             |
|    env_steps_per_sec      | 255         |
|    episodes_per_sec       | 4.55        |
| time/                     |             |
|    fps                    | 286         |
|    iterations             | 23          |
|    time_elapsed           | 3940        |
|    total_timesteps        | 1130496     |
| train/                    |             |
|    approx_kl              | 0.010817147 |
|    clip_fraction          | 0.127       |
|    clip_range             | 0.2         |
|    entropy_loss           | -5.42       |
|    explained_variance     | 0.812       |
|    learning_rate          | 0.0003      |
|    loss                   | -0.0477     |
|    n_updates              | 220         |
|    policy_gradient_loss   | -0.0216     |
|    value_loss             | 0.0666      |
-------------------------------------------
timesteps=1130592 | env_steps/sec=30.4 | episodes/sec=0.08 | gpu_util_mean=0% gpu_util_max=1% | gpu_mem_mean=2.3/47.8GB
timesteps=1132128 | env_steps/sec=303.8 | episodes/sec=3.96 | gpu_util_mean=0% gpu_util_max=0% | gpu_mem_mean=2.3/47.8GB
timesteps=1133856 | env_steps/sec=326.7 | episodes/sec=5.29 | gpu_util_mean=0% gpu_util_max=0% | gpu_mem_mean=2.3/47.8GB
timesteps=1135584 | env_steps/sec=335.2 | episodes/sec=6.01 | gpu_util_mean=5% gpu_util_max=9% | gpu_mem_mean=2.3/47.8GB
timesteps=1137312 | env_steps/sec=328.5 | episodes/sec=3.42 | gpu_util_mean=4% gpu_util_max=9% | gpu_mem_mean=2.3/47.8GB
timesteps=1139040 | env_steps/sec=329.6 | episodes/sec=5.15 | gpu_util_mean=0% gpu_util_max=0% | gpu_mem_mean=2.3/47.8GB
timesteps=1140672 | env_steps/sec=320.8 | episodes/sec=5.50 | gpu_util_mean=2% gpu_util_max=4% | gpu_mem_mean=2.3/47.8GB
timesteps=1142304 | env_steps/sec=322.7 | episodes/sec=4.55 | gpu_util_mean=4% gpu_util_max=9% | gpu_mem_mean=2.3/47.8GB
timesteps=1143936 | env_steps/sec=322.7 | episodes/sec=3.36 | gpu_util_mean=5% gpu_util_max=9% | gpu_mem_mean=2.3/47.8GB
timesteps=1145664 | env_steps/sec=330.0 | episodes/sec=6.11 | gpu_util_mean=0% gpu_util_max=0% | gpu_mem_mean=2.3/47.8GB
timesteps=1147200 | env_steps/sec=300.6 | episodes/sec=4.11 | gpu_util_mean=0% gpu_util_max=0% | gpu_mem_mean=2.3/47.8GB
timesteps=1148736 | env_steps/sec=301.6 | episodes/sec=4.52 | gpu_util_mean=0% gpu_util_max=0% | gpu_mem_mean=2.3/47.8GB
timesteps=1150272 | env_steps/sec=306.6 | episodes/sec=4.59 | gpu_util_mean=0% gpu_util_max=1% | gpu_mem_mean=2.3/47.8GB
timesteps=1151904 | env_steps/sec=316.8 | episodes/sec=3.88 | gpu_util_mean=0% gpu_util_max=0% | gpu_mem_mean=2.3/47.8GB
timesteps=1153536 | env_steps/sec=318.0 | episodes/sec=4.87 | gpu_util_mean=0% gpu_util_max=0% | gpu_mem_mean=2.3/47.8GB
timesteps=1155168 | env_steps/sec=315.4 | episodes/sec=5.02 | gpu_util_mean=0% gpu_util_max=0% | gpu_mem_mean=2.3/47.8GB
timesteps=1156704 | env_steps/sec=306.1 | episodes/sec=4.58 | gpu_util_mean=0% gpu_util_max=0% | gpu_mem_mean=2.3/47.8GB
timesteps=1158336 | env_steps/sec=311.7 | episodes/sec=4.01 | gpu_util_mean=0% gpu_util_max=1% | gpu_mem_mean=2.3/47.8GB
timesteps=1159872 | env_steps/sec=288.4 | episodes/sec=3.94 | gpu_util_mean=0% gpu_util_max=1% | gpu_mem_mean=2.3/47.8GB
timesteps=1161312 | env_steps/sec=287.8 | episodes/sec=4.80 | gpu_util_mean=0% gpu_util_max=0% | gpu_mem_mean=2.3/47.8GB
timesteps=1162944 | env_steps/sec=319.6 | episodes/sec=3.53 | gpu_util_mean=1% gpu_util_max=1% | gpu_mem_mean=2.3/47.8GB
timesteps=1164480 | env_steps/sec=300.1 | episodes/sec=5.28 | gpu_util_mean=1% gpu_util_max=1% | gpu_mem_mean=2.3/47.8GB
timesteps=1166112 | env_steps/sec=310.3 | episodes/sec=4.75 | gpu_util_mean=0% gpu_util_max=1% | gpu_mem_mean=2.3/47.8GB
timesteps=1167744 | env_steps/sec=311.0 | episodes/sec=4.57 | gpu_util_mean=0% gpu_util_max=0% | gpu_mem_mean=2.3/47.8GB
timesteps=1169280 | env_steps/sec=304.8 | episodes/sec=3.77 | gpu_util_mean=0% gpu_util_max=0% | gpu_mem_mean=2.3/47.8GB
timesteps=1170816 | env_steps/sec=292.0 | episodes/sec=5.13 | gpu_util_mean=0% gpu_util_max=0% | gpu_mem_mean=2.3/47.8GB
timesteps=1172448 | env_steps/sec=323.7 | episodes/sec=4.16 | gpu_util_mean=0% gpu_util_max=1% | gpu_mem_mean=2.3/47.8GB
timesteps=1174080 | env_steps/sec=311.6 | episodes/sec=6.11 | gpu_util_mean=0% gpu_util_max=0% | gpu_mem_mean=2.3/47.8GB
timesteps=1175616 | env_steps/sec=294.9 | episodes/sec=2.50 | gpu_util_mean=0% gpu_util_max=1% | gpu_mem_mean=2.3/47.8GB
timesteps=1177344 | env_steps/sec=327.1 | episodes/sec=5.49 | gpu_util_mean=0% gpu_util_max=1% | gpu_mem_mean=2.3/47.8GB
timesteps=1178880 | env_steps/sec=293.4 | episodes/sec=4.78 | gpu_util_mean=0% gpu_util_max=0% | gpu_mem_mean=2.3/47.8GB
-------------------------------------------
| gpu/                      |             |
|    gpu_count              | 2           |
|    gpu_mem_total_gb_mean  | 47.8        |
|    gpu_mem_used_gb_mean   | 2.33        |
|    gpu_util_pct_max       | 0           |
|    gpu_util_pct_mean      | 0           |
| profile/                  |             |
|    hard/damage_mean       | 0.235       |
|    hard/ep_len_mean       | 64.8        |
|    hard/ep_rew_mean       | 0.171       |
|    hard/episodes_window   | 200         |
|    hard/p_damage_ge_90    | 0           |
|    hard/p_stars_ge_2      | 0           |
|    hard/score_mean        | 0.235       |
|    hard/stars_mean        | 0           |
|    hard/ticks_mean        | 644         |
|    hard/truncated_rate    | 0.015       |
|    medium/damage_mean     | 0.606       |
|    medium/ep_len_mean     | 72.9        |
|    medium/ep_rew_mean     | 1.62        |
|    medium/episodes_window | 200         |
|    medium/p_damage_ge_90  | 0.105       |
|    medium/p_stars_ge_2    | 0.37        |
|    medium/score_mean      | 1.69        |
|    medium/stars_mean      | 1.08        |
|    medium/ticks_mean      | 725         |
|    medium/truncated_rate  | 0.18        |
| rollout/                  |             |
|    ep_len_mean            | 68          |
|    ep_rew_mean            | 0.848       |
| throughput/               |             |
|    env_steps_per_sec      | 293         |
|    episodes_per_sec       | 4.78        |
| time/                     |             |
|    fps                    | 287         |
|    iterations             | 24          |
|    time_elapsed           | 4109        |
|    total_timesteps        | 1179648     |
| train/                    |             |
|    approx_kl              | 0.012425738 |
|    clip_fraction          | 0.138       |
|    clip_range             | 0.2         |
|    entropy_loss           | -5.37       |
|    explained_variance     | 0.807       |
|    learning_rate          | 0.0003      |
|    loss                   | -0.0467     |
|    n_updates              | 230         |
|    policy_gradient_loss   | -0.0223     |
|    value_loss             | 0.0708      |
-------------------------------------------
timesteps=1179744 | env_steps/sec=56.8 | episodes/sec=0.53 | gpu_util_mean=18% gpu_util_max=35% | gpu_mem_mean=2.3/47.8GB
timesteps=1181376 | env_steps/sec=315.8 | episodes/sec=5.22 | gpu_util_mean=0% gpu_util_max=0% | gpu_mem_mean=2.3/47.8GB
timesteps=1182912 | env_steps/sec=291.3 | episodes/sec=2.47 | gpu_util_mean=0% gpu_util_max=1% | gpu_mem_mean=2.3/47.8GB
timesteps=1184448 | env_steps/sec=306.4 | episodes/sec=5.39 | gpu_util_mean=0% gpu_util_max=0% | gpu_mem_mean=2.3/47.8GB
timesteps=1186080 | env_steps/sec=308.3 | episodes/sec=5.10 | gpu_util_mean=0% gpu_util_max=0% | gpu_mem_mean=2.3/47.8GB
timesteps=1187616 | env_steps/sec=301.6 | episodes/sec=3.93 | gpu_util_mean=0% gpu_util_max=1% | gpu_mem_mean=2.3/47.8GB
timesteps=1189152 | env_steps/sec=295.0 | episodes/sec=3.84 | gpu_util_mean=0% gpu_util_max=0% | gpu_mem_mean=2.3/47.8GB
timesteps=1190784 | env_steps/sec=310.5 | episodes/sec=5.71 | gpu_util_mean=1% gpu_util_max=1% | gpu_mem_mean=2.3/47.8GB
timesteps=1192416 | env_steps/sec=315.4 | episodes/sec=4.06 | gpu_util_mean=0% gpu_util_max=0% | gpu_mem_mean=2.3/47.8GB
timesteps=1194048 | env_steps/sec=315.9 | episodes/sec=4.65 | gpu_util_mean=0% gpu_util_max=0% | gpu_mem_mean=2.3/47.8GB
timesteps=1195776 | env_steps/sec=327.9 | episodes/sec=4.55 | gpu_util_mean=0% gpu_util_max=0% | gpu_mem_mean=2.3/47.8GB
timesteps=1197216 | env_steps/sec=277.7 | episodes/sec=4.82 | gpu_util_mean=0% gpu_util_max=0% | gpu_mem_mean=2.3/47.8GB
timesteps=1198944 | env_steps/sec=333.6 | episodes/sec=4.63 | gpu_util_mean=5% gpu_util_max=9% | gpu_mem_mean=2.3/47.8GB
timesteps=1200672 | env_steps/sec=334.7 | episodes/sec=4.07 | gpu_util_mean=4% gpu_util_max=9% | gpu_mem_mean=2.3/47.8GB
timesteps=1202400 | env_steps/sec=325.9 | episodes/sec=5.85 | gpu_util_mean=0% gpu_util_max=0% | gpu_mem_mean=2.3/47.8GB
timesteps=1204128 | env_steps/sec=344.0 | episodes/sec=5.18 | gpu_util_mean=5% gpu_util_max=9% | gpu_mem_mean=2.3/47.8GB
timesteps=1205856 | env_steps/sec=338.4 | episodes/sec=3.13 | gpu_util_mean=2% gpu_util_max=3% | gpu_mem_mean=2.3/47.8GB
timesteps=1207584 | env_steps/sec=333.6 | episodes/sec=4.63 | gpu_util_mean=4% gpu_util_max=9% | gpu_mem_mean=2.3/47.8GB
timesteps=1209408 | env_steps/sec=344.6 | episodes/sec=7.37 | gpu_util_mean=5% gpu_util_max=9% | gpu_mem_mean=2.3/47.8GB
timesteps=1210944 | env_steps/sec=301.6 | episodes/sec=3.14 | gpu_util_mean=0% gpu_util_max=0% | gpu_mem_mean=2.3/47.8GB
timesteps=1212288 | env_steps/sec=256.6 | episodes/sec=3.25 | gpu_util_mean=0% gpu_util_max=1% | gpu_mem_mean=2.3/47.8GB
timesteps=1213920 | env_steps/sec=320.7 | episodes/sec=3.93 | gpu_util_mean=0% gpu_util_max=1% | gpu_mem_mean=2.3/47.8GB
timesteps=1215552 | env_steps/sec=315.6 | episodes/sec=6.38 | gpu_util_mean=0% gpu_util_max=1% | gpu_mem_mean=2.3/47.8GB
timesteps=1217088 | env_steps/sec=292.3 | episodes/sec=4.38 | gpu_util_mean=0% gpu_util_max=0% | gpu_mem_mean=2.3/47.8GB
timesteps=1218720 | env_steps/sec=317.0 | episodes/sec=3.88 | gpu_util_mean=1% gpu_util_max=1% | gpu_mem_mean=2.3/47.8GB
timesteps=1220448 | env_steps/sec=332.0 | episodes/sec=3.84 | gpu_util_mean=0% gpu_util_max=0% | gpu_mem_mean=2.3/47.8GB
timesteps=1222176 | env_steps/sec=330.2 | episodes/sec=5.73 | gpu_util_mean=0% gpu_util_max=0% | gpu_mem_mean=2.3/47.8GB
timesteps=1223712 | env_steps/sec=302.3 | episodes/sec=4.53 | gpu_util_mean=0% gpu_util_max=1% | gpu_mem_mean=2.3/47.8GB
timesteps=1225344 | env_steps/sec=311.0 | episodes/sec=3.81 | gpu_util_mean=0% gpu_util_max=0% | gpu_mem_mean=2.3/47.8GB
timesteps=1226976 | env_steps/sec=310.6 | episodes/sec=4.76 | gpu_util_mean=1% gpu_util_max=1% | gpu_mem_mean=2.3/47.8GB
timesteps=1228608 | env_steps/sec=325.2 | episodes/sec=5.58 | gpu_util_mean=0% gpu_util_max=1% | gpu_mem_mean=2.3/47.8GB
-------------------------------------------
| gpu/                      |             |
|    gpu_count              | 2           |
|    gpu_mem_total_gb_mean  | 47.8        |
|    gpu_mem_used_gb_mean   | 2.33        |
|    gpu_util_pct_max       | 1           |
|    gpu_util_pct_mean      | 0.5         |
| profile/                  |             |
|    hard/damage_mean       | 0.236       |
|    hard/ep_len_mean       | 64.7        |
|    hard/ep_rew_mean       | 0.177       |
|    hard/episodes_window   | 200         |
|    hard/p_damage_ge_90    | 0           |
|    hard/p_stars_ge_2      | 0           |
|    hard/score_mean        | 0.241       |
|    hard/stars_mean        | 0.005       |
|    hard/ticks_mean        | 643         |
|    hard/truncated_rate    | 0.035       |
|    medium/damage_mean     | 0.605       |
|    medium/ep_len_mean     | 73.1        |
|    medium/ep_rew_mean     | 1.67        |
|    medium/episodes_window | 200         |
|    medium/p_damage_ge_90  | 0.05        |
|    medium/p_stars_ge_2    | 0.445       |
|    medium/score_mean      | 1.74        |
|    medium/stars_mean      | 1.14        |
|    medium/ticks_mean      | 728         |
|    medium/truncated_rate  | 0.13        |
| rollout/                  |             |
|    ep_len_mean            | 69.3        |
|    ep_rew_mean            | 0.92        |
| throughput/               |             |
|    env_steps_per_sec      | 325         |
|    episodes_per_sec       | 5.58        |
| time/                     |             |
|    fps                    | 287         |
|    iterations             | 25          |
|    time_elapsed           | 4278        |
|    total_timesteps        | 1228800     |
| train/                    |             |
|    approx_kl              | 0.009975401 |
|    clip_fraction          | 0.118       |
|    clip_range             | 0.2         |
|    entropy_loss           | -5.36       |
|    explained_variance     | 0.819       |
|    learning_rate          | 0.0003      |
|    loss                   | -0.0503     |
|    n_updates              | 240         |
|    policy_gradient_loss   | -0.0205     |
|    value_loss             | 0.0685      |
-------------------------------------------
timesteps=1228896 | env_steps/sec=26.4 | episodes/sec=0.37 | gpu_util_mean=0% gpu_util_max=1% | gpu_mem_mean=2.3/47.8GB
timesteps=1230528 | env_steps/sec=313.7 | episodes/sec=4.42 | gpu_util_mean=0% gpu_util_max=0% | gpu_mem_mean=2.3/47.8GB
timesteps=1231968 | env_steps/sec=287.5 | episodes/sec=3.59 | gpu_util_mean=0% gpu_util_max=0% | gpu_mem_mean=2.3/47.8GB
timesteps=1233504 | env_steps/sec=306.7 | episodes/sec=5.59 | gpu_util_mean=0% gpu_util_max=0% | gpu_mem_mean=2.3/47.8GB
timesteps=1235040 | env_steps/sec=292.9 | episodes/sec=3.43 | gpu_util_mean=0% gpu_util_max=0% | gpu_mem_mean=2.3/47.8GB
timesteps=1236576 | env_steps/sec=300.9 | episodes/sec=5.29 | gpu_util_mean=0% gpu_util_max=1% | gpu_mem_mean=2.3/47.8GB
timesteps=1238208 | env_steps/sec=321.1 | episodes/sec=3.54 | gpu_util_mean=0% gpu_util_max=1% | gpu_mem_mean=2.3/47.8GB
timesteps=1239744 | env_steps/sec=299.6 | episodes/sec=5.27 | gpu_util_mean=0% gpu_util_max=1% | gpu_mem_mean=2.3/47.8GB
timesteps=1241376 | env_steps/sec=310.8 | episodes/sec=3.81 | gpu_util_mean=1% gpu_util_max=1% | gpu_mem_mean=2.3/47.8GB
timesteps=1242912 | env_steps/sec=300.9 | episodes/sec=4.90 | gpu_util_mean=0% gpu_util_max=0% | gpu_mem_mean=2.3/47.8GB
timesteps=1244448 | env_steps/sec=306.4 | episodes/sec=3.99 | gpu_util_mean=0% gpu_util_max=0% | gpu_mem_mean=2.3/47.8GB
timesteps=1245888 | env_steps/sec=287.6 | episodes/sec=3.99 | gpu_util_mean=0% gpu_util_max=0% | gpu_mem_mean=2.3/47.8GB
timesteps=1247520 | env_steps/sec=316.4 | episodes/sec=5.43 | gpu_util_mean=0% gpu_util_max=1% | gpu_mem_mean=2.3/47.8GB
timesteps=1249152 | env_steps/sec=311.8 | episodes/sec=4.78 | gpu_util_mean=0% gpu_util_max=0% | gpu_mem_mean=2.3/47.8GB
timesteps=1250688 | env_steps/sec=307.1 | episodes/sec=4.00 | gpu_util_mean=0% gpu_util_max=1% | gpu_mem_mean=2.3/47.8GB
timesteps=1252320 | env_steps/sec=309.8 | episodes/sec=3.80 | gpu_util_mean=0% gpu_util_max=0% | gpu_mem_mean=2.3/47.8GB
timesteps=1253952 | env_steps/sec=316.2 | episodes/sec=4.65 | gpu_util_mean=0% gpu_util_max=1% | gpu_mem_mean=2.3/47.8GB
timesteps=1255584 | env_steps/sec=323.3 | episodes/sec=6.14 | gpu_util_mean=1% gpu_util_max=1% | gpu_mem_mean=2.3/47.8GB
timesteps=1256928 | env_steps/sec=259.5 | episodes/sec=3.28 | gpu_util_mean=0% gpu_util_max=0% | gpu_mem_mean=2.3/47.8GB
timesteps=1258560 | env_steps/sec=314.8 | episodes/sec=3.47 | gpu_util_mean=0% gpu_util_max=0% | gpu_mem_mean=2.3/47.8GB
timesteps=1259904 | env_steps/sec=262.9 | episodes/sec=3.72 | gpu_util_mean=0% gpu_util_max=1% | gpu_mem_mean=2.3/47.8GB
timesteps=1261344 | env_steps/sec=285.2 | episodes/sec=4.36 | gpu_util_mean=0% gpu_util_max=0% | gpu_mem_mean=2.3/47.8GB
timesteps=1263072 | env_steps/sec=329.4 | episodes/sec=5.91 | gpu_util_mean=4% gpu_util_max=9% | gpu_mem_mean=2.3/47.8GB
timesteps=1264800 | env_steps/sec=339.4 | episodes/sec=4.12 | gpu_util_mean=2% gpu_util_max=5% | gpu_mem_mean=2.3/47.8GB
timesteps=1266528 | env_steps/sec=334.8 | episodes/sec=4.84 | gpu_util_mean=15% gpu_util_max=29% | gpu_mem_mean=2.3/47.8GB
timesteps=1268256 | env_steps/sec=331.1 | episodes/sec=4.98 | gpu_util_mean=0% gpu_util_max=0% | gpu_mem_mean=2.3/47.8GB
timesteps=1269792 | env_steps/sec=297.9 | episodes/sec=4.85 | gpu_util_mean=0% gpu_util_max=1% | gpu_mem_mean=2.3/47.8GB
timesteps=1271424 | env_steps/sec=309.1 | episodes/sec=4.55 | gpu_util_mean=0% gpu_util_max=1% | gpu_mem_mean=2.3/47.8GB
timesteps=1272960 | env_steps/sec=292.9 | episodes/sec=4.20 | gpu_util_mean=0% gpu_util_max=1% | gpu_mem_mean=2.3/47.8GB
timesteps=1274592 | env_steps/sec=312.9 | episodes/sec=4.03 | gpu_util_mean=0% gpu_util_max=1% | gpu_mem_mean=2.3/47.8GB
timesteps=1276128 | env_steps/sec=293.8 | episodes/sec=4.40 | gpu_util_mean=0% gpu_util_max=0% | gpu_mem_mean=2.3/47.8GB
timesteps=1277760 | env_steps/sec=313.6 | episodes/sec=5.19 | gpu_util_mean=0% gpu_util_max=1% | gpu_mem_mean=2.3/47.8GB
-------------------------------------------
| gpu/                      |             |
|    gpu_count              | 2           |
|    gpu_mem_total_gb_mean  | 47.8        |
|    gpu_mem_used_gb_mean   | 2.33        |
|    gpu_util_pct_max       | 1           |
|    gpu_util_pct_mean      | 0.5         |
| profile/                  |             |
|    hard/damage_mean       | 0.231       |
|    hard/ep_len_mean       | 64.9        |
|    hard/ep_rew_mean       | 0.182       |
|    hard/episodes_window   | 200         |
|    hard/p_damage_ge_90    | 0           |
|    hard/p_stars_ge_2      | 0.005       |
|    hard/score_mean        | 0.246       |
|    hard/stars_mean        | 0.015       |
|    hard/ticks_mean        | 644         |
|    hard/truncated_rate    | 0.06        |
|    medium/damage_mean     | 0.641       |
|    medium/ep_len_mean     | 72.7        |
|    medium/ep_rew_mean     | 1.83        |
|    medium/episodes_window | 200         |
|    medium/p_damage_ge_90  | 0.135       |
|    medium/p_stars_ge_2    | 0.475       |
|    medium/score_mean      | 1.91        |
|    medium/stars_mean      | 1.26        |
|    medium/ticks_mean      | 723         |
|    medium/truncated_rate  | 0.12        |
| rollout/                  |             |
|    ep_len_mean            | 67.5        |
|    ep_rew_mean            | 0.944       |
| throughput/               |             |
|    env_steps_per_sec      | 314         |
|    episodes_per_sec       | 5.19        |
| time/                     |             |
|    fps                    | 287         |
|    iterations             | 26          |
|    time_elapsed           | 4448        |
|    total_timesteps        | 1277952     |
| train/                    |             |
|    approx_kl              | 0.010892886 |
|    clip_fraction          | 0.126       |
|    clip_range             | 0.2         |
|    entropy_loss           | -5.35       |
|    explained_variance     | 0.821       |
|    learning_rate          | 0.0003      |
|    loss                   | -0.0476     |
|    n_updates              | 250         |
|    policy_gradient_loss   | -0.0207     |
|    value_loss             | 0.0677      |
-------------------------------------------
timesteps=1278048 | env_steps/sec=30.0 | episodes/sec=0.52 | gpu_util_mean=15% gpu_util_max=29% | gpu_mem_mean=2.3/47.8GB
timesteps=1279680 | env_steps/sec=324.2 | episodes/sec=3.97 | gpu_util_mean=0% gpu_util_max=0% | gpu_mem_mean=2.3/47.8GB
timesteps=1281120 | env_steps/sec=286.3 | episodes/sec=3.98 | gpu_util_mean=0% gpu_util_max=0% | gpu_mem_mean=2.3/47.8GB
timesteps=1282656 | env_steps/sec=303.2 | episodes/sec=4.34 | gpu_util_mean=1% gpu_util_max=1% | gpu_mem_mean=2.3/47.8GB
timesteps=1284288 | env_steps/sec=309.7 | episodes/sec=5.12 | gpu_util_mean=0% gpu_util_max=1% | gpu_mem_mean=2.3/47.8GB
timesteps=1285728 | env_steps/sec=286.0 | episodes/sec=3.97 | gpu_util_mean=0% gpu_util_max=1% | gpu_mem_mean=2.3/47.8GB
timesteps=1287360 | env_steps/sec=310.2 | episodes/sec=3.42 | gpu_util_mean=0% gpu_util_max=1% | gpu_mem_mean=2.3/47.8GB
timesteps=1288800 | env_steps/sec=274.4 | episodes/sec=4.38 | gpu_util_mean=0% gpu_util_max=0% | gpu_mem_mean=2.3/47.8GB
timesteps=1290432 | env_steps/sec=314.9 | episodes/sec=5.60 | gpu_util_mean=0% gpu_util_max=1% | gpu_mem_mean=2.3/47.8GB
timesteps=1291968 | env_steps/sec=291.9 | episodes/sec=4.37 | gpu_util_mean=0% gpu_util_max=0% | gpu_mem_mean=2.3/47.8GB
timesteps=1293408 | env_steps/sec=281.3 | episodes/sec=3.13 | gpu_util_mean=0% gpu_util_max=0% | gpu_mem_mean=2.3/47.8GB
timesteps=1295040 | env_steps/sec=313.6 | episodes/sec=4.42 | gpu_util_mean=0% gpu_util_max=0% | gpu_mem_mean=2.3/47.8GB
timesteps=1296768 | env_steps/sec=329.5 | episodes/sec=6.67 | gpu_util_mean=0% gpu_util_max=0% | gpu_mem_mean=2.3/47.8GB
timesteps=1298400 | env_steps/sec=316.1 | episodes/sec=4.26 | gpu_util_mean=0% gpu_util_max=0% | gpu_mem_mean=2.3/47.8GB
timesteps=1299936 | env_steps/sec=298.5 | episodes/sec=3.11 | gpu_util_mean=0% gpu_util_max=0% | gpu_mem_mean=2.3/47.8GB
timesteps=1301568 | env_steps/sec=316.5 | episodes/sec=5.62 | gpu_util_mean=0% gpu_util_max=1% | gpu_mem_mean=2.3/47.8GB
timesteps=1303200 | env_steps/sec=308.6 | episodes/sec=3.97 | gpu_util_mean=0% gpu_util_max=0% | gpu_mem_mean=2.3/47.8GB
timesteps=1304832 | env_steps/sec=314.2 | episodes/sec=4.43 | gpu_util_mean=1% gpu_util_max=1% | gpu_mem_mean=2.3/47.8GB
timesteps=1306464 | env_steps/sec=316.9 | episodes/sec=4.66 | gpu_util_mean=0% gpu_util_max=0% | gpu_mem_mean=2.3/47.8GB
timesteps=1308096 | env_steps/sec=323.8 | episodes/sec=5.16 | gpu_util_mean=0% gpu_util_max=0% | gpu_mem_mean=2.3/47.8GB
timesteps=1309728 | env_steps/sec=320.7 | episodes/sec=3.34 | gpu_util_mean=0% gpu_util_max=1% | gpu_mem_mean=2.3/47.8GB
timesteps=1311360 | env_steps/sec=320.5 | episodes/sec=4.91 | gpu_util_mean=0% gpu_util_max=0% | gpu_mem_mean=2.3/47.8GB
timesteps=1312992 | env_steps/sec=319.1 | episodes/sec=5.67 | gpu_util_mean=0% gpu_util_max=0% | gpu_mem_mean=2.3/47.8GB
timesteps=1314624 | env_steps/sec=317.1 | episodes/sec=4.66 | gpu_util_mean=0% gpu_util_max=1% | gpu_mem_mean=2.3/47.8GB
timesteps=1316256 | env_steps/sec=321.5 | episodes/sec=4.33 | gpu_util_mean=0% gpu_util_max=1% | gpu_mem_mean=2.3/47.8GB
timesteps=1317888 | env_steps/sec=321.3 | episodes/sec=4.33 | gpu_util_mean=0% gpu_util_max=0% | gpu_mem_mean=2.3/47.8GB
timesteps=1319424 | env_steps/sec=297.4 | episodes/sec=5.61 | gpu_util_mean=5% gpu_util_max=9% | gpu_mem_mean=2.3/47.8GB
timesteps=1321152 | env_steps/sec=341.9 | episodes/sec=4.55 | gpu_util_mean=0% gpu_util_max=1% | gpu_mem_mean=2.3/47.8GB
timesteps=1322880 | env_steps/sec=342.4 | episodes/sec=3.96 | gpu_util_mean=16% gpu_util_max=30% | gpu_mem_mean=2.3/47.8GB
timesteps=1324608 | env_steps/sec=336.9 | episodes/sec=6.04 | gpu_util_mean=4% gpu_util_max=9% | gpu_mem_mean=2.3/47.8GB
timesteps=1326336 | env_steps/sec=337.6 | episodes/sec=3.71 | gpu_util_mean=5% gpu_util_max=9% | gpu_mem_mean=2.3/47.8GB
-------------------------------------------
| gpu/                      |             |
|    gpu_count              | 2           |
|    gpu_mem_total_gb_mean  | 47.8        |
|    gpu_mem_used_gb_mean   | 2.33        |
|    gpu_util_pct_max       | 9           |
|    gpu_util_pct_mean      | 5           |
| profile/                  |             |
|    hard/damage_mean       | 0.234       |
|    hard/ep_len_mean       | 64.7        |
|    hard/ep_rew_mean       | 0.17        |
|    hard/episodes_window   | 200         |
|    hard/p_damage_ge_90    | 0           |
|    hard/p_stars_ge_2      | 0           |
|    hard/score_mean        | 0.234       |
|    hard/stars_mean        | 0           |
|    hard/ticks_mean        | 642         |
|    hard/truncated_rate    | 0.035       |
|    medium/damage_mean     | 0.618       |
|    medium/ep_len_mean     | 72.9        |
|    medium/ep_rew_mean     | 1.71        |
|    medium/episodes_window | 200         |
|    medium/p_damage_ge_90  | 0.13        |
|    medium/p_stars_ge_2    | 0.445       |
|    medium/score_mean      | 1.78        |
|    medium/stars_mean      | 1.17        |
|    medium/ticks_mean      | 725         |
|    medium/truncated_rate  | 0.125       |
| rollout/                  |             |
|    ep_len_mean            | 68          |
|    ep_rew_mean            | 0.927       |
| throughput/               |             |
|    env_steps_per_sec      | 338         |
|    episodes_per_sec       | 3.71        |
| time/                     |             |
|    fps                    | 287         |
|    iterations             | 27          |
|    time_elapsed           | 4614        |
|    total_timesteps        | 1327104     |
| train/                    |             |
|    approx_kl              | 0.010971867 |
|    clip_fraction          | 0.13        |
|    clip_range             | 0.2         |
|    entropy_loss           | -5.34       |
|    explained_variance     | 0.839       |
|    learning_rate          | 0.0003      |
|    loss                   | -0.0515     |
|    n_updates              | 260         |
|    policy_gradient_loss   | -0.0217     |
|    value_loss             | 0.0696      |
-------------------------------------------
timesteps=1327200 | env_steps/sec=66.8 | episodes/sec=1.16 | gpu_util_mean=17% gpu_util_max=33% | gpu_mem_mean=2.3/47.8GB
timesteps=1328928 | env_steps/sec=330.6 | episodes/sec=4.21 | gpu_util_mean=0% gpu_util_max=0% | gpu_mem_mean=2.3/47.8GB
timesteps=1330656 | env_steps/sec=326.2 | episodes/sec=5.85 | gpu_util_mean=1% gpu_util_max=1% | gpu_mem_mean=2.3/47.8GB
timesteps=1332288 | env_steps/sec=312.9 | episodes/sec=4.03 | gpu_util_mean=0% gpu_util_max=0% | gpu_mem_mean=2.3/47.8GB
timesteps=1333920 | env_steps/sec=313.6 | episodes/sec=4.42 | gpu_util_mean=0% gpu_util_max=0% | gpu_mem_mean=2.3/47.8GB
timesteps=1335456 | env_steps/sec=300.0 | episodes/sec=3.52 | gpu_util_mean=0% gpu_util_max=0% | gpu_mem_mean=2.3/47.8GB
timesteps=1337088 | env_steps/sec=310.0 | episodes/sec=5.89 | gpu_util_mean=0% gpu_util_max=1% | gpu_mem_mean=2.3/47.8GB
timesteps=1338720 | env_steps/sec=322.1 | episodes/sec=5.13 | gpu_util_mean=0% gpu_util_max=1% | gpu_mem_mean=2.3/47.8GB
timesteps=1340256 | env_steps/sec=297.4 | episodes/sec=2.90 | gpu_util_mean=0% gpu_util_max=0% | gpu_mem_mean=2.3/47.8GB
timesteps=1341600 | env_steps/sec=267.7 | episodes/sec=4.18 | gpu_util_mean=0% gpu_util_max=1% | gpu_mem_mean=2.3/47.8GB
timesteps=1343136 | env_steps/sec=292.4 | episodes/sec=4.19 | gpu_util_mean=0% gpu_util_max=0% | gpu_mem_mean=2.3/47.8GB
timesteps=1344768 | env_steps/sec=318.2 | episodes/sec=4.87 | gpu_util_mean=0% gpu_util_max=1% | gpu_mem_mean=2.3/47.8GB
timesteps=1346400 | env_steps/sec=309.6 | episodes/sec=3.98 | gpu_util_mean=1% gpu_util_max=1% | gpu_mem_mean=2.3/47.8GB
timesteps=1348032 | env_steps/sec=305.6 | episodes/sec=4.68 | gpu_util_mean=0% gpu_util_max=1% | gpu_mem_mean=2.3/47.8GB
timesteps=1349664 | env_steps/sec=311.2 | episodes/sec=5.72 | gpu_util_mean=0% gpu_util_max=1% | gpu_mem_mean=2.3/47.8GB
timesteps=1351296 | env_steps/sec=318.4 | episodes/sec=3.90 | gpu_util_mean=0% gpu_util_max=0% | gpu_mem_mean=2.3/47.8GB
timesteps=1352832 | env_steps/sec=303.4 | episodes/sec=4.15 | gpu_util_mean=0% gpu_util_max=1% | gpu_mem_mean=2.3/47.8GB
timesteps=1354368 | env_steps/sec=294.9 | episodes/sec=4.22 | gpu_util_mean=0% gpu_util_max=1% | gpu_mem_mean=2.3/47.8GB
timesteps=1356000 | env_steps/sec=313.2 | episodes/sec=4.99 | gpu_util_mean=1% gpu_util_max=1% | gpu_mem_mean=2.3/47.8GB
timesteps=1357632 | env_steps/sec=324.1 | episodes/sec=4.57 | gpu_util_mean=0% gpu_util_max=1% | gpu_mem_mean=2.3/47.8GB
timesteps=1359264 | env_steps/sec=308.8 | episodes/sec=3.78 | gpu_util_mean=0% gpu_util_max=0% | gpu_mem_mean=2.3/47.8GB
timesteps=1360800 | env_steps/sec=300.7 | episodes/sec=4.70 | gpu_util_mean=0% gpu_util_max=1% | gpu_mem_mean=2.3/47.8GB
timesteps=1362336 | env_steps/sec=306.7 | episodes/sec=4.79 | gpu_util_mean=0% gpu_util_max=0% | gpu_mem_mean=2.3/47.8GB
timesteps=1363968 | env_steps/sec=320.5 | episodes/sec=4.52 | gpu_util_mean=0% gpu_util_max=0% | gpu_mem_mean=2.3/47.8GB
timesteps=1365600 | env_steps/sec=316.3 | episodes/sec=4.85 | gpu_util_mean=0% gpu_util_max=1% | gpu_mem_mean=2.3/47.8GB
timesteps=1367136 | env_steps/sec=296.2 | episodes/sec=3.66 | gpu_util_mean=0% gpu_util_max=0% | gpu_mem_mean=2.3/47.8GB
timesteps=1368672 | env_steps/sec=291.4 | episodes/sec=4.17 | gpu_util_mean=0% gpu_util_max=0% | gpu_mem_mean=2.3/47.8GB
timesteps=1370304 | env_steps/sec=314.8 | episodes/sec=4.24 | gpu_util_mean=0% gpu_util_max=1% | gpu_mem_mean=2.3/47.8GB
timesteps=1371936 | env_steps/sec=314.0 | episodes/sec=5.77 | gpu_util_mean=0% gpu_util_max=0% | gpu_mem_mean=2.3/47.8GB
timesteps=1373568 | env_steps/sec=314.3 | episodes/sec=3.85 | gpu_util_mean=0% gpu_util_max=0% | gpu_mem_mean=2.3/47.8GB
timesteps=1375296 | env_steps/sec=339.1 | episodes/sec=3.73 | gpu_util_mean=0% gpu_util_max=0% | gpu_mem_mean=2.3/47.8GB
------------------------------------------
| gpu/                      |            |
|    gpu_count              | 2          |
|    gpu_mem_total_gb_mean  | 47.8       |
|    gpu_mem_used_gb_mean   | 2.33       |
|    gpu_util_pct_max       | 0          |
|    gpu_util_pct_mean      | 0          |
| profile/                  |            |
|    hard/damage_mean       | 0.235      |
|    hard/ep_len_mean       | 65.5       |
|    hard/ep_rew_mean       | 0.18       |
|    hard/episodes_window   | 200        |
|    hard/p_damage_ge_90    | 0          |
|    hard/p_stars_ge_2      | 0.005      |
|    hard/score_mean        | 0.245      |
|    hard/stars_mean        | 0.01       |
|    hard/ticks_mean        | 651        |
|    hard/truncated_rate    | 0.03       |
|    medium/damage_mean     | 0.647      |
|    medium/ep_len_mean     | 73.5       |
|    medium/ep_rew_mean     | 1.85       |
|    medium/episodes_window | 200        |
|    medium/p_damage_ge_90  | 0.14       |
|    medium/p_stars_ge_2    | 0.47       |
|    medium/score_mean      | 1.92       |
|    medium/stars_mean      | 1.27       |
|    medium/ticks_mean      | 731        |
|    medium/truncated_rate  | 0.135      |
| rollout/                  |            |
|    ep_len_mean            | 69.5       |
|    ep_rew_mean            | 0.917      |
| throughput/               |            |
|    env_steps_per_sec      | 339        |
|    episodes_per_sec       | 3.73       |
| time/                     |            |
|    fps                    | 287        |
|    iterations             | 28         |
|    time_elapsed           | 4783       |
|    total_timesteps        | 1376256    |
| train/                    |            |
|    approx_kl              | 0.01129206 |
|    clip_fraction          | 0.131      |
|    clip_range             | 0.2        |
|    entropy_loss           | -5.33      |
|    explained_variance     | 0.829      |
|    learning_rate          | 0.0003     |
|    loss                   | -0.0445    |
|    n_updates              | 270        |
|    policy_gradient_loss   | -0.0206    |
|    value_loss             | 0.0677     |
------------------------------------------
timesteps=1376352 | env_steps/sec=85.4 | episodes/sec=1.54 | gpu_util_mean=4% gpu_util_max=9% | gpu_mem_mean=2.3/47.8GB
timesteps=1378080 | env_steps/sec=343.7 | episodes/sec=6.36 | gpu_util_mean=4% gpu_util_max=9% | gpu_mem_mean=2.3/47.8GB
timesteps=1379808 | env_steps/sec=329.9 | episodes/sec=4.20 | gpu_util_mean=3% gpu_util_max=5% | gpu_mem_mean=2.3/47.8GB
timesteps=1381536 | env_steps/sec=334.4 | episodes/sec=4.06 | gpu_util_mean=4% gpu_util_max=9% | gpu_mem_mean=2.3/47.8GB
timesteps=1383264 | env_steps/sec=337.2 | episodes/sec=5.46 | gpu_util_mean=5% gpu_util_max=9% | gpu_mem_mean=2.3/47.8GB
timesteps=1384992 | env_steps/sec=328.9 | episodes/sec=5.52 | gpu_util_mean=0% gpu_util_max=1% | gpu_mem_mean=2.3/47.8GB
timesteps=1386432 | env_steps/sec=284.5 | episodes/sec=3.75 | gpu_util_mean=0% gpu_util_max=1% | gpu_mem_mean=2.3/47.8GB
timesteps=1388064 | env_steps/sec=323.1 | episodes/sec=4.55 | gpu_util_mean=0% gpu_util_max=1% | gpu_mem_mean=2.3/47.8GB
timesteps=1389600 | env_steps/sec=291.6 | episodes/sec=3.99 | gpu_util_mean=0% gpu_util_max=1% | gpu_mem_mean=2.3/47.8GB
timesteps=1391232 | env_steps/sec=320.9 | episodes/sec=4.92 | gpu_util_mean=0% gpu_util_max=1% | gpu_mem_mean=2.3/47.8GB
timesteps=1392768 | env_steps/sec=291.8 | episodes/sec=3.42 | gpu_util_mean=0% gpu_util_max=1% | gpu_mem_mean=2.3/47.8GB
timesteps=1394400 | env_steps/sec=313.8 | episodes/sec=4.81 | gpu_util_mean=0% gpu_util_max=0% | gpu_mem_mean=2.3/47.8GB
timesteps=1395936 | env_steps/sec=302.7 | episodes/sec=4.14 | gpu_util_mean=0% gpu_util_max=1% | gpu_mem_mean=2.3/47.8GB
timesteps=1397664 | env_steps/sec=332.6 | episodes/sec=4.81 | gpu_util_mean=0% gpu_util_max=0% | gpu_mem_mean=2.3/47.8GB
timesteps=1399296 | env_steps/sec=306.7 | episodes/sec=4.13 | gpu_util_mean=0% gpu_util_max=0% | gpu_mem_mean=2.3/47.8GB
timesteps=1400832 | env_steps/sec=288.6 | episodes/sec=5.45 | gpu_util_mean=0% gpu_util_max=0% | gpu_mem_mean=2.3/47.8GB
timesteps=1402272 | env_steps/sec=279.2 | episodes/sec=3.88 | gpu_util_mean=0% gpu_util_max=1% | gpu_mem_mean=2.3/47.8GB
timesteps=1403904 | env_steps/sec=306.1 | episodes/sec=4.13 | gpu_util_mean=0% gpu_util_max=1% | gpu_mem_mean=2.3/47.8GB
timesteps=1405536 | env_steps/sec=315.4 | episodes/sec=4.45 | gpu_util_mean=0% gpu_util_max=0% | gpu_mem_mean=2.3/47.8GB
timesteps=1407072 | env_steps/sec=300.8 | episodes/sec=3.92 | gpu_util_mean=0% gpu_util_max=0% | gpu_mem_mean=2.3/47.8GB
timesteps=1408608 | env_steps/sec=303.9 | episodes/sec=4.75 | gpu_util_mean=0% gpu_util_max=1% | gpu_mem_mean=2.3/47.8GB
timesteps=1410240 | env_steps/sec=325.4 | episodes/sec=4.19 | gpu_util_mean=0% gpu_util_max=1% | gpu_mem_mean=2.3/47.8GB
timesteps=1411872 | env_steps/sec=313.1 | episodes/sec=3.84 | gpu_util_mean=0% gpu_util_max=0% | gpu_mem_mean=2.3/47.8GB
timesteps=1413408 | env_steps/sec=305.2 | episodes/sec=5.56 | gpu_util_mean=0% gpu_util_max=0% | gpu_mem_mean=2.3/47.8GB
timesteps=1415040 | env_steps/sec=325.7 | episodes/sec=4.79 | gpu_util_mean=0% gpu_util_max=1% | gpu_mem_mean=2.3/47.8GB
timesteps=1416672 | env_steps/sec=322.3 | episodes/sec=4.15 | gpu_util_mean=1% gpu_util_max=1% | gpu_mem_mean=2.3/47.8GB
timesteps=1418208 | env_steps/sec=298.1 | episodes/sec=3.88 | gpu_util_mean=0% gpu_util_max=0% | gpu_mem_mean=2.3/47.8GB
timesteps=1419840 | env_steps/sec=313.1 | episodes/sec=4.99 | gpu_util_mean=1% gpu_util_max=1% | gpu_mem_mean=2.3/47.8GB
timesteps=1421472 | env_steps/sec=311.6 | episodes/sec=4.20 | gpu_util_mean=0% gpu_util_max=1% | gpu_mem_mean=2.3/47.8GB
timesteps=1423104 | env_steps/sec=314.7 | episodes/sec=4.63 | gpu_util_mean=0% gpu_util_max=0% | gpu_mem_mean=2.3/47.8GB
timesteps=1424736 | env_steps/sec=324.2 | episodes/sec=4.77 | gpu_util_mean=0% gpu_util_max=1% | gpu_mem_mean=2.3/47.8GB
-------------------------------------------
| gpu/                      |             |
|    gpu_count              | 2           |
|    gpu_mem_total_gb_mean  | 47.8        |
|    gpu_mem_used_gb_mean   | 2.33        |
|    gpu_util_pct_max       | 1           |
|    gpu_util_pct_mean      | 0.5         |
| profile/                  |             |
|    hard/damage_mean       | 0.219       |
|    hard/ep_len_mean       | 64.9        |
|    hard/ep_rew_mean       | 0.155       |
|    hard/episodes_window   | 200         |
|    hard/p_damage_ge_90    | 0           |
|    hard/p_stars_ge_2      | 0           |
|    hard/score_mean        | 0.219       |
|    hard/stars_mean        | 0           |
|    hard/ticks_mean        | 645         |
|    hard/truncated_rate    | 0.04        |
|    medium/damage_mean     | 0.683       |
|    medium/ep_len_mean     | 74.8        |
|    medium/ep_rew_mean     | 2.02        |
|    medium/episodes_window | 200         |
|    medium/p_damage_ge_90  | 0.175       |
|    medium/p_stars_ge_2    | 0.525       |
|    medium/score_mean      | 2.1         |
|    medium/stars_mean      | 1.42        |
|    medium/ticks_mean      | 744         |
|    medium/truncated_rate  | 0.195       |
| rollout/                  |             |
|    ep_len_mean            | 69.6        |
|    ep_rew_mean            | 0.963       |
| throughput/               |             |
|    env_steps_per_sec      | 324         |
|    episodes_per_sec       | 4.77        |
| time/                     |             |
|    fps                    | 288         |
|    iterations             | 29          |
|    time_elapsed           | 4949        |
|    total_timesteps        | 1425408     |
| train/                    |             |
|    approx_kl              | 0.015797528 |
|    clip_fraction          | 0.161       |
|    clip_range             | 0.2         |
|    entropy_loss           | -5.26       |
|    explained_variance     | 0.838       |
|    learning_rate          | 0.0003      |
|    loss                   | -0.0525     |
|    n_updates              | 280         |
|    policy_gradient_loss   | -0.0213     |
|    value_loss             | 0.0701      |
-------------------------------------------
timesteps=1425504 | env_steps/sec=45.1 | episodes/sec=0.59 | gpu_util_mean=17% gpu_util_max=33% | gpu_mem_mean=2.3/47.8GB
timesteps=1427136 | env_steps/sec=315.7 | episodes/sec=4.84 | gpu_util_mean=1% gpu_util_max=1% | gpu_mem_mean=2.3/47.8GB
timesteps=1428768 | env_steps/sec=319.4 | episodes/sec=5.48 | gpu_util_mean=0% gpu_util_max=1% | gpu_mem_mean=2.3/47.8GB
timesteps=1430304 | env_steps/sec=300.9 | episodes/sec=3.92 | gpu_util_mean=0% gpu_util_max=0% | gpu_mem_mean=2.3/47.8GB
timesteps=1431840 | env_steps/sec=296.4 | episodes/sec=3.28 | gpu_util_mean=0% gpu_util_max=1% | gpu_mem_mean=2.3/47.8GB
timesteps=1432416 | env_steps/sec=113.2 | episodes/sec=2.16 | gpu_util_mean=0% gpu_util_max=0% | gpu_mem_mean=2.3/47.8GB
timesteps=1434144 | env_steps/sec=335.3 | episodes/sec=4.66 | gpu_util_mean=0% gpu_util_max=1% | gpu_mem_mean=2.3/47.8GB
timesteps=1435872 | env_steps/sec=335.5 | episodes/sec=5.63 | gpu_util_mean=4% gpu_util_max=9% | gpu_mem_mean=2.3/47.8GB
timesteps=1437600 | env_steps/sec=331.7 | episodes/sec=3.45 | gpu_util_mean=14% gpu_util_max=29% | gpu_mem_mean=2.3/47.8GB
timesteps=1439232 | env_steps/sec=321.9 | episodes/sec=4.93 | gpu_util_mean=5% gpu_util_max=9% | gpu_mem_mean=2.3/47.8GB
timesteps=1440960 | env_steps/sec=334.1 | episodes/sec=4.45 | gpu_util_mean=0% gpu_util_max=0% | gpu_mem_mean=2.3/47.8GB
timesteps=1442112 | env_steps/sec=163.0 | episodes/sec=3.40 | gpu_util_mean=0% gpu_util_max=0% | gpu_mem_mean=2.3/47.8GB
timesteps=1443648 | env_steps/sec=291.3 | episodes/sec=3.98 | gpu_util_mean=0% gpu_util_max=1% | gpu_mem_mean=2.3/47.8GB
timesteps=1445280 | env_steps/sec=325.2 | episodes/sec=4.78 | gpu_util_mean=1% gpu_util_max=1% | gpu_mem_mean=2.3/47.8GB
timesteps=1446912 | env_steps/sec=312.7 | episodes/sec=3.26 | gpu_util_mean=0% gpu_util_max=1% | gpu_mem_mean=2.3/47.8GB
timesteps=1448448 | env_steps/sec=304.6 | episodes/sec=5.55 | gpu_util_mean=0% gpu_util_max=1% | gpu_mem_mean=2.3/47.8GB
timesteps=1450080 | env_steps/sec=313.9 | episodes/sec=5.00 | gpu_util_mean=0% gpu_util_max=1% | gpu_mem_mean=2.3/47.8GB
timesteps=1451520 | env_steps/sec=280.3 | episodes/sec=3.89 | gpu_util_mean=0% gpu_util_max=0% | gpu_mem_mean=2.3/47.8GB
timesteps=1453152 | env_steps/sec=309.4 | episodes/sec=3.41 | gpu_util_mean=0% gpu_util_max=0% | gpu_mem_mean=2.3/47.8GB
timesteps=1454784 | env_steps/sec=320.9 | episodes/sec=4.72 | gpu_util_mean=0% gpu_util_max=1% | gpu_mem_mean=2.3/47.8GB
timesteps=1456416 | env_steps/sec=315.5 | episodes/sec=6.19 | gpu_util_mean=1% gpu_util_max=1% | gpu_mem_mean=2.3/47.8GB
timesteps=1457952 | env_steps/sec=300.9 | episodes/sec=3.92 | gpu_util_mean=0% gpu_util_max=0% | gpu_mem_mean=2.3/47.8GB
timesteps=1459392 | env_steps/sec=281.0 | episodes/sec=3.51 | gpu_util_mean=0% gpu_util_max=0% | gpu_mem_mean=2.3/47.8GB
timesteps=1460832 | env_steps/sec=286.3 | episodes/sec=4.97 | gpu_util_mean=0% gpu_util_max=1% | gpu_mem_mean=2.3/47.8GB
timesteps=1462464 | env_steps/sec=311.1 | episodes/sec=4.38 | gpu_util_mean=0% gpu_util_max=0% | gpu_mem_mean=2.3/47.8GB
timesteps=1464000 | env_steps/sec=293.5 | episodes/sec=4.39 | gpu_util_mean=0% gpu_util_max=0% | gpu_mem_mean=2.3/47.8GB
timesteps=1465536 | env_steps/sec=301.4 | episodes/sec=3.14 | gpu_util_mean=0% gpu_util_max=1% | gpu_mem_mean=2.3/47.8GB
timesteps=1467072 | env_steps/sec=293.2 | episodes/sec=4.77 | gpu_util_mean=0% gpu_util_max=0% | gpu_mem_mean=2.3/47.8GB
timesteps=1468704 | env_steps/sec=317.0 | episodes/sec=5.24 | gpu_util_mean=0% gpu_util_max=1% | gpu_mem_mean=2.3/47.8GB
timesteps=1470336 | env_steps/sec=323.2 | episodes/sec=5.35 | gpu_util_mean=0% gpu_util_max=1% | gpu_mem_mean=2.3/47.8GB
timesteps=1471968 | env_steps/sec=318.5 | episodes/sec=3.12 | gpu_util_mean=0% gpu_util_max=0% | gpu_mem_mean=2.3/47.8GB
timesteps=1473504 | env_steps/sec=293.7 | episodes/sec=3.63 | gpu_util_mean=0% gpu_util_max=1% | gpu_mem_mean=2.3/47.8GB
-------------------------------------------
| gpu/                      |             |
|    gpu_count              | 2           |
|    gpu_mem_total_gb_mean  | 47.8        |
|    gpu_mem_used_gb_mean   | 2.33        |
|    gpu_util_pct_max       | 1           |
|    gpu_util_pct_mean      | 0.5         |
| profile/                  |             |
|    hard/damage_mean       | 0.238       |
|    hard/ep_len_mean       | 64.3        |
|    hard/ep_rew_mean       | 0.179       |
|    hard/episodes_window   | 200         |
|    hard/p_damage_ge_90    | 0           |
|    hard/p_stars_ge_2      | 0           |
|    hard/score_mean        | 0.243       |
|    hard/stars_mean        | 0.005       |
|    hard/ticks_mean        | 639         |
|    hard/truncated_rate    | 0.035       |
|    medium/damage_mean     | 0.645       |
|    medium/ep_len_mean     | 73          |
|    medium/ep_rew_mean     | 1.82        |
|    medium/episodes_window | 200         |
|    medium/p_damage_ge_90  | 0.15        |
|    medium/p_stars_ge_2    | 0.455       |
|    medium/score_mean      | 1.89        |
|    medium/stars_mean      | 1.25        |
|    medium/ticks_mean      | 726         |
|    medium/truncated_rate  | 0.135       |
| rollout/                  |             |
|    ep_len_mean            | 69          |
|    ep_rew_mean            | 1.05        |
| throughput/               |             |
|    env_steps_per_sec      | 294         |
|    episodes_per_sec       | 3.63        |
| time/                     |             |
|    fps                    | 287         |
|    iterations             | 30          |
|    time_elapsed           | 5129        |
|    total_timesteps        | 1474560     |
| train/                    |             |
|    approx_kl              | 0.011490595 |
|    clip_fraction          | 0.129       |
|    clip_range             | 0.2         |
|    entropy_loss           | -5.22       |
|    explained_variance     | 0.874       |
|    learning_rate          | 0.0003      |
|    loss                   | -0.0405     |
|    n_updates              | 290         |
|    policy_gradient_loss   | -0.021      |
|    value_loss             | 0.0703      |
-------------------------------------------
timesteps=1474656 | env_steps/sec=50.9 | episodes/sec=0.97 | gpu_util_mean=0% gpu_util_max=0% | gpu_mem_mean=2.3/47.8GB
timesteps=1476192 | env_steps/sec=289.1 | episodes/sec=4.89 | gpu_util_mean=0% gpu_util_max=1% | gpu_mem_mean=2.3/47.8GB
timesteps=1477632 | env_steps/sec=276.4 | episodes/sec=3.07 | gpu_util_mean=0% gpu_util_max=1% | gpu_mem_mean=2.3/47.8GB
timesteps=1479072 | env_steps/sec=286.7 | episodes/sec=4.58 | gpu_util_mean=0% gpu_util_max=0% | gpu_mem_mean=2.3/47.8GB
timesteps=1480608 | env_steps/sec=296.1 | episodes/sec=4.05 | gpu_util_mean=0% gpu_util_max=1% | gpu_mem_mean=2.3/47.8GB
timesteps=1482144 | env_steps/sec=303.4 | episodes/sec=4.54 | gpu_util_mean=0% gpu_util_max=0% | gpu_mem_mean=2.3/47.8GB
timesteps=1483584 | env_steps/sec=287.3 | episodes/sec=3.79 | gpu_util_mean=0% gpu_util_max=1% | gpu_mem_mean=2.3/47.8GB
timesteps=1485024 | env_steps/sec=280.7 | episodes/sec=4.68 | gpu_util_mean=0% gpu_util_max=0% | gpu_mem_mean=2.3/47.8GB
timesteps=1486656 | env_steps/sec=314.3 | episodes/sec=3.85 | gpu_util_mean=18% gpu_util_max=37% | gpu_mem_mean=2.3/47.8GB
timesteps=1488288 | env_steps/sec=316.0 | episodes/sec=4.65 | gpu_util_mean=0% gpu_util_max=0% | gpu_mem_mean=2.3/47.8GB
timesteps=1489728 | env_steps/sec=287.4 | episodes/sec=4.19 | gpu_util_mean=0% gpu_util_max=0% | gpu_mem_mean=2.3/47.8GB
timesteps=1491264 | env_steps/sec=289.7 | episodes/sec=4.34 | gpu_util_mean=0% gpu_util_max=0% | gpu_mem_mean=2.3/47.8GB
timesteps=1492800 | env_steps/sec=306.8 | episodes/sec=4.19 | gpu_util_mean=1% gpu_util_max=1% | gpu_mem_mean=2.3/47.8GB
timesteps=1494240 | env_steps/sec=284.7 | episodes/sec=5.14 | gpu_util_mean=0% gpu_util_max=0% | gpu_mem_mean=2.3/47.8GB
timesteps=1495776 | env_steps/sec=302.7 | episodes/sec=2.76 | gpu_util_mean=0% gpu_util_max=1% | gpu_mem_mean=2.3/47.8GB
timesteps=1497216 | env_steps/sec=282.7 | episodes/sec=5.30 | gpu_util_mean=0% gpu_util_max=1% | gpu_mem_mean=2.3/47.8GB
timesteps=1498752 | env_steps/sec=289.3 | episodes/sec=4.33 | gpu_util_mean=0% gpu_util_max=0% | gpu_mem_mean=2.3/47.8GB
timesteps=1500288 | env_steps/sec=288.1 | episodes/sec=4.13 | gpu_util_mean=0% gpu_util_max=0% | gpu_mem_mean=2.3/47.8GB
timesteps=1501824 | env_steps/sec=292.0 | episodes/sec=3.80 | gpu_util_mean=0% gpu_util_max=1% | gpu_mem_mean=2.3/47.8GB
timesteps=1503360 | env_steps/sec=291.8 | episodes/sec=5.32 | gpu_util_mean=1% gpu_util_max=1% | gpu_mem_mean=2.3/47.8GB
timesteps=1504896 | env_steps/sec=299.6 | episodes/sec=3.12 | gpu_util_mean=0% gpu_util_max=0% | gpu_mem_mean=2.3/47.8GB
timesteps=1506432 | env_steps/sec=303.4 | episodes/sec=5.33 | gpu_util_mean=0% gpu_util_max=0% | gpu_mem_mean=2.3/47.8GB
timesteps=1507968 | env_steps/sec=294.0 | episodes/sec=4.21 | gpu_util_mean=0% gpu_util_max=0% | gpu_mem_mean=2.3/47.8GB
timesteps=1509504 | env_steps/sec=299.7 | episodes/sec=4.49 | gpu_util_mean=0% gpu_util_max=1% | gpu_mem_mean=2.3/47.8GB
timesteps=1511136 | env_steps/sec=322.4 | episodes/sec=4.35 | gpu_util_mean=0% gpu_util_max=1% | gpu_mem_mean=2.3/47.8GB
timesteps=1512768 | env_steps/sec=324.0 | episodes/sec=4.37 | gpu_util_mean=0% gpu_util_max=0% | gpu_mem_mean=2.3/47.8GB
timesteps=1514400 | env_steps/sec=321.3 | episodes/sec=5.31 | gpu_util_mean=0% gpu_util_max=0% | gpu_mem_mean=2.3/47.8GB
timesteps=1516032 | env_steps/sec=314.6 | episodes/sec=4.82 | gpu_util_mean=1% gpu_util_max=1% | gpu_mem_mean=2.3/47.8GB
timesteps=1517568 | env_steps/sec=299.4 | episodes/sec=3.70 | gpu_util_mean=0% gpu_util_max=1% | gpu_mem_mean=2.3/47.8GB
timesteps=1519104 | env_steps/sec=295.2 | episodes/sec=4.61 | gpu_util_mean=0% gpu_util_max=0% | gpu_mem_mean=2.3/47.8GB
timesteps=1520544 | env_steps/sec=273.8 | episodes/sec=3.42 | gpu_util_mean=1% gpu_util_max=1% | gpu_mem_mean=2.3/47.8GB
timesteps=1522080 | env_steps/sec=295.8 | episodes/sec=4.43 | gpu_util_mean=0% gpu_util_max=0% | gpu_mem_mean=2.3/47.8GB
timesteps=1523520 | env_steps/sec=282.5 | episodes/sec=4.12 | gpu_util_mean=0% gpu_util_max=0% | gpu_mem_mean=2.3/47.8GB
-------------------------------------------
| gpu/                      |             |
|    gpu_count              | 2           |
|    gpu_mem_total_gb_mean  | 47.8        |
|    gpu_mem_used_gb_mean   | 2.33        |
|    gpu_util_pct_max       | 0           |
|    gpu_util_pct_mean      | 0           |
| profile/                  |             |
|    hard/damage_mean       | 0.227       |
|    hard/ep_len_mean       | 63.1        |
|    hard/ep_rew_mean       | 0.165       |
|    hard/episodes_window   | 200         |
|    hard/p_damage_ge_90    | 0           |
|    hard/p_stars_ge_2      | 0           |
|    hard/score_mean        | 0.227       |
|    hard/stars_mean        | 0           |
|    hard/ticks_mean        | 627         |
|    hard/truncated_rate    | 0.005       |
|    medium/damage_mean     | 0.671       |
|    medium/ep_len_mean     | 74.1        |
|    medium/ep_rew_mean     | 1.95        |
|    medium/episodes_window | 200         |
|    medium/p_damage_ge_90  | 0.145       |
|    medium/p_stars_ge_2    | 0.49        |
|    medium/score_mean      | 2.03        |
|    medium/stars_mean      | 1.35        |
|    medium/ticks_mean      | 738         |
|    medium/truncated_rate  | 0.145       |
| rollout/                  |             |
|    ep_len_mean            | 68.6        |
|    ep_rew_mean            | 0.993       |
| throughput/               |             |
|    env_steps_per_sec      | 282         |
|    episodes_per_sec       | 4.12        |
| time/                     |             |
|    fps                    | 286         |
|    iterations             | 31          |
|    time_elapsed           | 5313        |
|    total_timesteps        | 1523712     |
| train/                    |             |
|    approx_kl              | 0.011494371 |
|    clip_fraction          | 0.16        |
|    clip_range             | 0.2         |
|    entropy_loss           | -5.24       |
|    explained_variance     | 0.882       |
|    learning_rate          | 0.0003      |
|    loss                   | -0.0497     |
|    n_updates              | 300         |
|    policy_gradient_loss   | -0.0222     |
|    value_loss             | 0.0851      |
-------------------------------------------
timesteps=1523808 | env_steps/sec=30.2 | episodes/sec=0.42 | gpu_util_mean=0% gpu_util_max=0% | gpu_mem_mean=2.3/47.8GB
timesteps=1525344 | env_steps/sec=292.9 | episodes/sec=4.39 | gpu_util_mean=0% gpu_util_max=1% | gpu_mem_mean=2.3/47.8GB
timesteps=1526784 | env_steps/sec=284.5 | episodes/sec=4.54 | gpu_util_mean=0% gpu_util_max=1% | gpu_mem_mean=2.3/47.8GB
timesteps=1528224 | env_steps/sec=286.3 | episodes/sec=3.58 | gpu_util_mean=0% gpu_util_max=1% | gpu_mem_mean=2.3/47.8GB
timesteps=1529664 | env_steps/sec=274.7 | episodes/sec=4.01 | gpu_util_mean=0% gpu_util_max=0% | gpu_mem_mean=2.3/47.8GB
timesteps=1531200 | env_steps/sec=291.9 | episodes/sec=5.32 | gpu_util_mean=0% gpu_util_max=0% | gpu_mem_mean=2.3/47.8GB
timesteps=1532640 | env_steps/sec=281.4 | episodes/sec=3.13 | gpu_util_mean=0% gpu_util_max=0% | gpu_mem_mean=2.3/47.8GB
timesteps=1534176 | env_steps/sec=294.1 | episodes/sec=4.40 | gpu_util_mean=0% gpu_util_max=0% | gpu_mem_mean=2.3/47.8GB
timesteps=1535712 | env_steps/sec=289.6 | episodes/sec=4.53 | gpu_util_mean=0% gpu_util_max=0% | gpu_mem_mean=2.3/47.8GB
timesteps=1537344 | env_steps/sec=308.3 | episodes/sec=4.16 | gpu_util_mean=16% gpu_util_max=30% | gpu_mem_mean=2.3/47.8GB
timesteps=1538880 | env_steps/sec=301.6 | episodes/sec=3.93 | gpu_util_mean=0% gpu_util_max=0% | gpu_mem_mean=2.3/47.8GB
timesteps=1540320 | env_steps/sec=282.3 | episodes/sec=4.70 | gpu_util_mean=0% gpu_util_max=0% | gpu_mem_mean=2.3/47.8GB
timesteps=1541760 | env_steps/sec=282.5 | episodes/sec=4.51 | gpu_util_mean=1% gpu_util_max=1% | gpu_mem_mean=2.3/47.8GB
timesteps=1543200 | env_steps/sec=282.1 | episodes/sec=4.11 | gpu_util_mean=0% gpu_util_max=1% | gpu_mem_mean=2.3/47.8GB
timesteps=1544640 | env_steps/sec=285.1 | episodes/sec=2.57 | gpu_util_mean=0% gpu_util_max=0% | gpu_mem_mean=2.3/47.8GB
timesteps=1546176 | env_steps/sec=292.0 | episodes/sec=5.13 | gpu_util_mean=0% gpu_util_max=0% | gpu_mem_mean=2.3/47.8GB
timesteps=1547616 | env_steps/sec=287.0 | episodes/sec=4.39 | gpu_util_mean=0% gpu_util_max=0% | gpu_mem_mean=2.3/47.8GB
timesteps=1549152 | env_steps/sec=294.7 | episodes/sec=5.76 | gpu_util_mean=0% gpu_util_max=1% | gpu_mem_mean=2.3/47.8GB
timesteps=1550496 | env_steps/sec=266.1 | episodes/sec=2.18 | gpu_util_mean=1% gpu_util_max=1% | gpu_mem_mean=2.3/47.8GB
timesteps=1552032 | env_steps/sec=294.6 | episodes/sec=3.84 | gpu_util_mean=0% gpu_util_max=0% | gpu_mem_mean=2.3/47.8GB
timesteps=1553472 | env_steps/sec=287.9 | episodes/sec=4.80 | gpu_util_mean=0% gpu_util_max=0% | gpu_mem_mean=2.3/47.8GB
timesteps=1555008 | env_steps/sec=301.7 | episodes/sec=5.89 | gpu_util_mean=0% gpu_util_max=1% | gpu_mem_mean=2.3/47.8GB
timesteps=1556448 | env_steps/sec=269.9 | episodes/sec=3.00 | gpu_util_mean=0% gpu_util_max=0% | gpu_mem_mean=2.3/47.8GB
timesteps=1557888 | env_steps/sec=278.5 | episodes/sec=3.09 | gpu_util_mean=0% gpu_util_max=0% | gpu_mem_mean=2.3/47.8GB
timesteps=1559328 | env_steps/sec=273.3 | episodes/sec=3.99 | gpu_util_mean=0% gpu_util_max=0% | gpu_mem_mean=2.3/47.8GB
timesteps=1560864 | env_steps/sec=294.4 | episodes/sec=6.33 | gpu_util_mean=0% gpu_util_max=1% | gpu_mem_mean=2.3/47.8GB
timesteps=1562400 | env_steps/sec=299.7 | episodes/sec=3.12 | gpu_util_mean=0% gpu_util_max=0% | gpu_mem_mean=2.3/47.8GB
timesteps=1563840 | env_steps/sec=285.6 | episodes/sec=3.57 | gpu_util_mean=0% gpu_util_max=0% | gpu_mem_mean=2.3/47.8GB
timesteps=1565376 | env_steps/sec=300.1 | episodes/sec=5.27 | gpu_util_mean=0% gpu_util_max=1% | gpu_mem_mean=2.3/47.8GB
timesteps=1566912 | env_steps/sec=295.5 | episodes/sec=5.58 | gpu_util_mean=0% gpu_util_max=0% | gpu_mem_mean=2.3/47.8GB
timesteps=1568544 | env_steps/sec=307.9 | episodes/sec=3.02 | gpu_util_mean=0% gpu_util_max=0% | gpu_mem_mean=2.3/47.8GB
timesteps=1569984 | env_steps/sec=282.0 | episodes/sec=4.11 | gpu_util_mean=0% gpu_util_max=1% | gpu_mem_mean=2.3/47.8GB
timesteps=1571328 | env_steps/sec=268.5 | episodes/sec=4.00 | gpu_util_mean=0% gpu_util_max=0% | gpu_mem_mean=2.3/47.8GB
timesteps=1572864 | env_steps/sec=305.3 | episodes/sec=5.56 | gpu_util_mean=0% gpu_util_max=1% | gpu_mem_mean=2.3/47.8GB
-------------------------------------------
| gpu/                      |             |
|    gpu_count              | 2           |
|    gpu_mem_total_gb_mean  | 47.8        |
|    gpu_mem_used_gb_mean   | 2.33        |
|    gpu_util_pct_max       | 1           |
|    gpu_util_pct_mean      | 0.5         |
| profile/                  |             |
|    hard/damage_mean       | 0.229       |
|    hard/ep_len_mean       | 64.3        |
|    hard/ep_rew_mean       | 0.175       |
|    hard/episodes_window   | 200         |
|    hard/p_damage_ge_90    | 0           |
|    hard/p_stars_ge_2      | 0.005       |
|    hard/score_mean        | 0.239       |
|    hard/stars_mean        | 0.01        |
|    hard/ticks_mean        | 639         |
|    hard/truncated_rate    | 0.02        |
|    medium/damage_mean     | 0.662       |
|    medium/ep_len_mean     | 72.5        |
|    medium/ep_rew_mean     | 1.93        |
|    medium/episodes_window | 200         |
|    medium/p_damage_ge_90  | 0.14        |
|    medium/p_stars_ge_2    | 0.515       |
|    medium/score_mean      | 2           |
|    medium/stars_mean      | 1.33        |
|    medium/ticks_mean      | 721         |
|    medium/truncated_rate  | 0.15        |
| rollout/                  |             |
|    ep_len_mean            | 68          |
|    ep_rew_mean            | 1.06        |
| throughput/               |             |
|    env_steps_per_sec      | 305         |
|    episodes_per_sec       | 5.56        |
| time/                     |             |
|    fps                    | 286         |
|    iterations             | 32          |
|    time_elapsed           | 5492        |
|    total_timesteps        | 1572864     |
| train/                    |             |
|    approx_kl              | 0.010458984 |
|    clip_fraction          | 0.143       |
|    clip_range             | 0.2         |
|    entropy_loss           | -5.23       |
|    explained_variance     | 0.89        |
|    learning_rate          | 0.0003      |
|    loss                   | -0.0516     |
|    n_updates              | 310         |
|    policy_gradient_loss   | -0.0196     |
|    value_loss             | 0.0636      |
-------------------------------------------
timesteps=1572960 | env_steps/sec=11.7 | episodes/sec=0.12 | gpu_util_mean=9% gpu_util_max=17% | gpu_mem_mean=2.3/47.8GB
timesteps=1574496 | env_steps/sec=297.7 | episodes/sec=3.29 | gpu_util_mean=0% gpu_util_max=0% | gpu_mem_mean=2.3/47.8GB
timesteps=1576128 | env_steps/sec=313.0 | episodes/sec=5.18 | gpu_util_mean=0% gpu_util_max=0% | gpu_mem_mean=2.3/47.8GB
timesteps=1577664 | env_steps/sec=302.9 | episodes/sec=4.93 | gpu_util_mean=0% gpu_util_max=0% | gpu_mem_mean=2.3/47.8GB
timesteps=1579296 | env_steps/sec=319.4 | episodes/sec=4.70 | gpu_util_mean=0% gpu_util_max=1% | gpu_mem_mean=2.3/47.8GB
timesteps=1580832 | env_steps/sec=302.2 | episodes/sec=4.13 | gpu_util_mean=0% gpu_util_max=0% | gpu_mem_mean=2.3/47.8GB
timesteps=1582464 | env_steps/sec=306.0 | episodes/sec=3.75 | gpu_util_mean=0% gpu_util_max=1% | gpu_mem_mean=2.3/47.8GB
timesteps=1584096 | env_steps/sec=312.3 | episodes/sec=5.74 | gpu_util_mean=1% gpu_util_max=1% | gpu_mem_mean=2.3/47.8GB
timesteps=1585728 | env_steps/sec=312.2 | episodes/sec=4.78 | gpu_util_mean=0% gpu_util_max=1% | gpu_mem_mean=2.3/47.8GB
timesteps=1587360 | env_steps/sec=309.2 | episodes/sec=3.22 | gpu_util_mean=18% gpu_util_max=37% | gpu_mem_mean=2.3/47.8GB
timesteps=1588896 | env_steps/sec=300.4 | episodes/sec=5.28 | gpu_util_mean=0% gpu_util_max=0% | gpu_mem_mean=2.3/47.8GB
timesteps=1590432 | env_steps/sec=304.9 | episodes/sec=4.96 | gpu_util_mean=0% gpu_util_max=1% | gpu_mem_mean=2.3/47.8GB
timesteps=1591968 | env_steps/sec=306.5 | episodes/sec=3.79 | gpu_util_mean=1% gpu_util_max=1% | gpu_mem_mean=2.3/47.8GB
timesteps=1593504 | env_steps/sec=299.6 | episodes/sec=4.10 | gpu_util_mean=0% gpu_util_max=0% | gpu_mem_mean=2.3/47.8GB
timesteps=1595040 | env_steps/sec=304.2 | episodes/sec=4.36 | gpu_util_mean=0% gpu_util_max=0% | gpu_mem_mean=2.3/47.8GB
timesteps=1596576 | env_steps/sec=301.5 | episodes/sec=6.67 | gpu_util_mean=0% gpu_util_max=1% | gpu_mem_mean=2.3/47.8GB
timesteps=1598016 | env_steps/sec=285.9 | episodes/sec=2.18 | gpu_util_mean=0% gpu_util_max=1% | gpu_mem_mean=2.3/47.8GB
timesteps=1599648 | env_steps/sec=317.7 | episodes/sec=4.48 | gpu_util_mean=0% gpu_util_max=0% | gpu_mem_mean=2.3/47.8GB
timesteps=1601280 | env_steps/sec=305.4 | episodes/sec=5.43 | gpu_util_mean=0% gpu_util_max=0% | gpu_mem_mean=2.3/47.8GB
timesteps=1602816 | env_steps/sec=302.5 | episodes/sec=5.51 | gpu_util_mean=0% gpu_util_max=0% | gpu_mem_mean=2.3/47.8GB
timesteps=1604352 | env_steps/sec=297.2 | episodes/sec=3.48 | gpu_util_mean=1% gpu_util_max=1% | gpu_mem_mean=2.3/47.8GB
timesteps=1605888 | env_steps/sec=287.5 | episodes/sec=4.12 | gpu_util_mean=1% gpu_util_max=1% | gpu_mem_mean=2.3/47.8GB
timesteps=1607616 | env_steps/sec=326.9 | episodes/sec=4.16 | gpu_util_mean=0% gpu_util_max=0% | gpu_mem_mean=2.3/47.8GB
timesteps=1609248 | env_steps/sec=320.1 | episodes/sec=5.49 | gpu_util_mean=1% gpu_util_max=1% | gpu_mem_mean=2.3/47.8GB
timesteps=1610880 | env_steps/sec=311.0 | episodes/sec=4.76 | gpu_util_mean=1% gpu_util_max=1% | gpu_mem_mean=2.3/47.8GB
timesteps=1612416 | env_steps/sec=295.4 | episodes/sec=3.65 | gpu_util_mean=0% gpu_util_max=0% | gpu_mem_mean=2.3/47.8GB
timesteps=1613856 | env_steps/sec=282.0 | episodes/sec=3.72 | gpu_util_mean=0% gpu_util_max=1% | gpu_mem_mean=2.3/47.8GB
timesteps=1615488 | env_steps/sec=312.6 | episodes/sec=4.60 | gpu_util_mean=0% gpu_util_max=0% | gpu_mem_mean=2.3/47.8GB
timesteps=1617120 | env_steps/sec=308.6 | episodes/sec=4.73 | gpu_util_mean=0% gpu_util_max=1% | gpu_mem_mean=2.3/47.8GB
timesteps=1618656 | env_steps/sec=303.3 | episodes/sec=4.54 | gpu_util_mean=0% gpu_util_max=0% | gpu_mem_mean=2.3/47.8GB
timesteps=1620192 | env_steps/sec=292.0 | episodes/sec=3.99 | gpu_util_mean=0% gpu_util_max=0% | gpu_mem_mean=2.3/47.8GB
timesteps=1621824 | env_steps/sec=313.0 | episodes/sec=4.03 | gpu_util_mean=0% gpu_util_max=1% | gpu_mem_mean=2.3/47.8GB
-------------------------------------------
| gpu/                      |             |
|    gpu_count              | 2           |
|    gpu_mem_total_gb_mean  | 47.8        |
|    gpu_mem_used_gb_mean   | 2.33        |
|    gpu_util_pct_max       | 1           |
|    gpu_util_pct_mean      | 0.5         |
| profile/                  |             |
|    hard/damage_mean       | 0.235       |
|    hard/ep_len_mean       | 64.1        |
|    hard/ep_rew_mean       | 0.176       |
|    hard/episodes_window   | 200         |
|    hard/p_damage_ge_90    | 0           |
|    hard/p_stars_ge_2      | 0           |
|    hard/score_mean        | 0.24        |
|    hard/stars_mean        | 0.005       |
|    hard/ticks_mean        | 637         |
|    hard/truncated_rate    | 0.01        |
|    medium/damage_mean     | 0.642       |
|    medium/ep_len_mean     | 72.5        |
|    medium/ep_rew_mean     | 1.83        |
|    medium/episodes_window | 200         |
|    medium/p_damage_ge_90  | 0.13        |
|    medium/p_stars_ge_2    | 0.44        |
|    medium/score_mean      | 1.91        |
|    medium/stars_mean      | 1.26        |
|    medium/ticks_mean      | 721         |
|    medium/truncated_rate  | 0.155       |
| rollout/                  |             |
|    ep_len_mean            | 68.6        |
|    ep_rew_mean            | 1.03        |
| throughput/               |             |
|    env_steps_per_sec      | 313         |
|    episodes_per_sec       | 4.03        |
| time/                     |             |
|    fps                    | 286         |
|    iterations             | 33          |
|    time_elapsed           | 5661        |
|    total_timesteps        | 1622016     |
| train/                    |             |
|    approx_kl              | 0.010420929 |
|    clip_fraction          | 0.136       |
|    clip_range             | 0.2         |
|    entropy_loss           | -5.27       |
|    explained_variance     | 0.878       |
|    learning_rate          | 0.0003      |
|    loss                   | -0.052      |
|    n_updates              | 320         |
|    policy_gradient_loss   | -0.0197     |
|    value_loss             | 0.0633      |
-------------------------------------------
timesteps=1622112 | env_steps/sec=32.4 | episodes/sec=1.24 | gpu_util_mean=16% gpu_util_max=30% | gpu_mem_mean=2.3/47.8GB
timesteps=1623648 | env_steps/sec=290.9 | episodes/sec=4.73 | gpu_util_mean=0% gpu_util_max=0% | gpu_mem_mean=2.3/47.8GB
timesteps=1625280 | env_steps/sec=318.4 | episodes/sec=2.73 | gpu_util_mean=0% gpu_util_max=0% | gpu_mem_mean=2.3/47.8GB
timesteps=1626816 | env_steps/sec=297.2 | episodes/sec=4.64 | gpu_util_mean=0% gpu_util_max=0% | gpu_mem_mean=2.3/47.8GB
timesteps=1628448 | env_steps/sec=321.1 | episodes/sec=5.11 | gpu_util_mean=0% gpu_util_max=0% | gpu_mem_mean=2.3/47.8GB
timesteps=1629984 | env_steps/sec=296.4 | episodes/sec=4.82 | gpu_util_mean=0% gpu_util_max=0% | gpu_mem_mean=2.3/47.8GB
timesteps=1631424 | env_steps/sec=272.8 | episodes/sec=2.46 | gpu_util_mean=0% gpu_util_max=1% | gpu_mem_mean=2.3/47.8GB
timesteps=1632960 | env_steps/sec=298.3 | episodes/sec=4.08 | gpu_util_mean=0% gpu_util_max=1% | gpu_mem_mean=2.3/47.8GB
timesteps=1634688 | env_steps/sec=332.1 | episodes/sec=5.96 | gpu_util_mean=1% gpu_util_max=1% | gpu_mem_mean=2.3/47.8GB
timesteps=1636320 | env_steps/sec=316.0 | episodes/sec=4.26 | gpu_util_mean=0% gpu_util_max=0% | gpu_mem_mean=2.3/47.8GB
timesteps=1637952 | env_steps/sec=323.3 | episodes/sec=4.36 | gpu_util_mean=16% gpu_util_max=32% | gpu_mem_mean=2.3/47.8GB
timesteps=1639488 | env_steps/sec=299.7 | episodes/sec=3.51 | gpu_util_mean=16% gpu_util_max=33% | gpu_mem_mean=2.3/47.8GB
timesteps=1641216 | env_steps/sec=330.7 | episodes/sec=5.55 | gpu_util_mean=1% gpu_util_max=1% | gpu_mem_mean=2.3/47.8GB
timesteps=1642848 | env_steps/sec=314.3 | episodes/sec=4.62 | gpu_util_mean=0% gpu_util_max=0% | gpu_mem_mean=2.3/47.8GB
timesteps=1644480 | env_steps/sec=310.7 | episodes/sec=4.76 | gpu_util_mean=0% gpu_util_max=1% | gpu_mem_mean=2.3/47.8GB
timesteps=1645920 | env_steps/sec=278.9 | episodes/sec=4.07 | gpu_util_mean=0% gpu_util_max=0% | gpu_mem_mean=2.3/47.8GB
timesteps=1647360 | env_steps/sec=283.8 | episodes/sec=3.35 | gpu_util_mean=0% gpu_util_max=1% | gpu_mem_mean=2.3/47.8GB
timesteps=1648992 | env_steps/sec=322.8 | episodes/sec=4.95 | gpu_util_mean=0% gpu_util_max=1% | gpu_mem_mean=2.3/47.8GB
timesteps=1650624 | env_steps/sec=309.7 | episodes/sec=5.12 | gpu_util_mean=0% gpu_util_max=0% | gpu_mem_mean=2.3/47.8GB
timesteps=1652160 | env_steps/sec=294.1 | episodes/sec=4.40 | gpu_util_mean=0% gpu_util_max=1% | gpu_mem_mean=2.3/47.8GB
timesteps=1653792 | env_steps/sec=307.4 | episodes/sec=4.33 | gpu_util_mean=0% gpu_util_max=0% | gpu_mem_mean=2.3/47.8GB
timesteps=1655424 | env_steps/sec=312.8 | episodes/sec=4.02 | gpu_util_mean=0% gpu_util_max=1% | gpu_mem_mean=2.3/47.8GB
timesteps=1657056 | env_steps/sec=322.7 | episodes/sec=5.14 | gpu_util_mean=0% gpu_util_max=1% | gpu_mem_mean=2.3/47.8GB
timesteps=1658688 | env_steps/sec=323.8 | episodes/sec=4.56 | gpu_util_mean=0% gpu_util_max=0% | gpu_mem_mean=2.3/47.8GB
timesteps=1660320 | env_steps/sec=323.8 | episodes/sec=5.36 | gpu_util_mean=0% gpu_util_max=0% | gpu_mem_mean=2.3/47.8GB
timesteps=1661952 | env_steps/sec=313.5 | episodes/sec=3.46 | gpu_util_mean=0% gpu_util_max=1% | gpu_mem_mean=2.3/47.8GB
timesteps=1663488 | env_steps/sec=295.8 | episodes/sec=4.82 | gpu_util_mean=0% gpu_util_max=0% | gpu_mem_mean=2.3/47.8GB
timesteps=1665024 | env_steps/sec=298.3 | episodes/sec=4.66 | gpu_util_mean=0% gpu_util_max=1% | gpu_mem_mean=2.3/47.8GB
timesteps=1666752 | env_steps/sec=331.0 | episodes/sec=4.21 | gpu_util_mean=0% gpu_util_max=1% | gpu_mem_mean=2.3/47.8GB
timesteps=1668480 | env_steps/sec=329.5 | episodes/sec=3.81 | gpu_util_mean=0% gpu_util_max=1% | gpu_mem_mean=2.3/47.8GB
timesteps=1670016 | env_steps/sec=302.7 | episodes/sec=6.11 | gpu_util_mean=0% gpu_util_max=1% | gpu_mem_mean=2.3/47.8GB
--------------------------------------------
| gpu/                      |              |
|    gpu_count              | 2            |
|    gpu_mem_total_gb_mean  | 47.8         |
|    gpu_mem_used_gb_mean   | 2.33         |
|    gpu_util_pct_max       | 1            |
|    gpu_util_pct_mean      | 0.5          |
| profile/                  |              |
|    hard/damage_mean       | 0.232        |
|    hard/ep_len_mean       | 65           |
|    hard/ep_rew_mean       | 0.167        |
|    hard/episodes_window   | 200          |
|    hard/p_damage_ge_90    | 0            |
|    hard/p_stars_ge_2      | 0            |
|    hard/score_mean        | 0.232        |
|    hard/stars_mean        | 0            |
|    hard/ticks_mean        | 646          |
|    hard/truncated_rate    | 0.03         |
|    medium/damage_mean     | 0.679        |
|    medium/ep_len_mean     | 74.1         |
|    medium/ep_rew_mean     | 1.98         |
|    medium/episodes_window | 200          |
|    medium/p_damage_ge_90  | 0.21         |
|    medium/p_stars_ge_2    | 0.535        |
|    medium/score_mean      | 2.05         |
|    medium/stars_mean      | 1.38         |
|    medium/ticks_mean      | 737          |
|    medium/truncated_rate  | 0.175        |
| rollout/                  |              |
|    ep_len_mean            | 70.9         |
|    ep_rew_mean            | 1            |
| throughput/               |              |
|    env_steps_per_sec      | 303          |
|    episodes_per_sec       | 6.11         |
| time/                     |              |
|    fps                    | 286          |
|    iterations             | 34           |
|    time_elapsed           | 5828         |
|    total_timesteps        | 1671168      |
| train/                    |              |
|    approx_kl              | 0.0100351805 |
|    clip_fraction          | 0.121        |
|    clip_range             | 0.2          |
|    entropy_loss           | -5.29        |
|    explained_variance     | 0.883        |
|    learning_rate          | 0.0003       |
|    loss                   | -0.0488      |
|    n_updates              | 330          |
|    policy_gradient_loss   | -0.0187      |
|    value_loss             | 0.0656       |
--------------------------------------------
timesteps=1671264 | env_steps/sec=89.1 | episodes/sec=1.28 | gpu_util_mean=0% gpu_util_max=0% | gpu_mem_mean=2.3/47.8GB
timesteps=1672800 | env_steps/sec=293.4 | episodes/sec=3.82 | gpu_util_mean=0% gpu_util_max=0% | gpu_mem_mean=2.3/47.8GB
timesteps=1674240 | env_steps/sec=287.9 | episodes/sec=2.80 | gpu_util_mean=0% gpu_util_max=0% | gpu_mem_mean=2.3/47.8GB
timesteps=1675872 | env_steps/sec=310.5 | episodes/sec=5.90 | gpu_util_mean=1% gpu_util_max=1% | gpu_mem_mean=2.3/47.8GB
timesteps=1677600 | env_steps/sec=326.6 | episodes/sec=5.10 | gpu_util_mean=0% gpu_util_max=0% | gpu_mem_mean=2.3/47.8GB
timesteps=1679136 | env_steps/sec=288.7 | episodes/sec=3.76 | gpu_util_mean=0% gpu_util_max=0% | gpu_mem_mean=2.3/47.8GB
timesteps=1680672 | env_steps/sec=293.6 | episodes/sec=4.40 | gpu_util_mean=0% gpu_util_max=0% | gpu_mem_mean=2.3/47.8GB
timesteps=1682112 | env_steps/sec=286.9 | episodes/sec=4.18 | gpu_util_mean=0% gpu_util_max=0% | gpu_mem_mean=2.3/47.8GB
timesteps=1683744 | env_steps/sec=310.4 | episodes/sec=4.57 | gpu_util_mean=0% gpu_util_max=0% | gpu_mem_mean=2.3/47.8GB
timesteps=1685280 | env_steps/sec=294.5 | episodes/sec=3.45 | gpu_util_mean=1% gpu_util_max=1% | gpu_mem_mean=2.3/47.8GB
timesteps=1686816 | env_steps/sec=305.2 | episodes/sec=5.37 | gpu_util_mean=0% gpu_util_max=0% | gpu_mem_mean=2.3/47.8GB
timesteps=1688352 | env_steps/sec=305.8 | episodes/sec=3.19 | gpu_util_mean=0% gpu_util_max=0% | gpu_mem_mean=2.3/47.8GB
timesteps=1689984 | env_steps/sec=325.2 | episodes/sec=5.38 | gpu_util_mean=18% gpu_util_max=37% | gpu_mem_mean=2.3/47.8GB
timesteps=1691616 | env_steps/sec=313.1 | episodes/sec=4.41 | gpu_util_mean=0% gpu_util_max=1% | gpu_mem_mean=2.3/47.8GB
timesteps=1693056 | env_steps/sec=283.3 | episodes/sec=3.94 | gpu_util_mean=0% gpu_util_max=1% | gpu_mem_mean=2.3/47.8GB
timesteps=1694496 | env_steps/sec=286.4 | episodes/sec=4.37 | gpu_util_mean=0% gpu_util_max=0% | gpu_mem_mean=2.3/47.8GB
timesteps=1696128 | env_steps/sec=313.8 | episodes/sec=5.00 | gpu_util_mean=1% gpu_util_max=1% | gpu_mem_mean=2.3/47.8GB
timesteps=1697664 | env_steps/sec=289.0 | episodes/sec=4.14 | gpu_util_mean=0% gpu_util_max=1% | gpu_mem_mean=2.3/47.8GB
timesteps=1699104 | env_steps/sec=274.5 | episodes/sec=3.24 | gpu_util_mean=0% gpu_util_max=0% | gpu_mem_mean=2.3/47.8GB
timesteps=1700544 | env_steps/sec=278.5 | episodes/sec=4.45 | gpu_util_mean=0% gpu_util_max=0% | gpu_mem_mean=2.3/47.8GB
timesteps=1702080 | env_steps/sec=298.4 | episodes/sec=5.05 | gpu_util_mean=0% gpu_util_max=0% | gpu_mem_mean=2.3/47.8GB
timesteps=1703616 | env_steps/sec=302.4 | episodes/sec=3.74 | gpu_util_mean=1% gpu_util_max=1% | gpu_mem_mean=2.3/47.8GB
timesteps=1705056 | env_steps/sec=286.0 | episodes/sec=4.77 | gpu_util_mean=0% gpu_util_max=1% | gpu_mem_mean=2.3/47.8GB
timesteps=1706592 | env_steps/sec=291.4 | episodes/sec=3.41 | gpu_util_mean=0% gpu_util_max=1% | gpu_mem_mean=2.3/47.8GB
timesteps=1708032 | env_steps/sec=282.9 | episodes/sec=4.32 | gpu_util_mean=0% gpu_util_max=1% | gpu_mem_mean=2.3/47.8GB
timesteps=1709568 | env_steps/sec=292.4 | episodes/sec=4.76 | gpu_util_mean=1% gpu_util_max=1% | gpu_mem_mean=2.3/47.8GB
timesteps=1711104 | env_steps/sec=296.8 | episodes/sec=4.06 | gpu_util_mean=0% gpu_util_max=0% | gpu_mem_mean=2.3/47.8GB
timesteps=1712640 | env_steps/sec=298.3 | episodes/sec=3.88 | gpu_util_mean=0% gpu_util_max=1% | gpu_mem_mean=2.3/47.8GB
timesteps=1714080 | env_steps/sec=285.9 | episodes/sec=4.76 | gpu_util_mean=0% gpu_util_max=1% | gpu_mem_mean=2.3/47.8GB
timesteps=1715712 | env_steps/sec=310.8 | episodes/sec=4.38 | gpu_util_mean=0% gpu_util_max=0% | gpu_mem_mean=2.3/47.8GB
timesteps=1717152 | env_steps/sec=277.1 | episodes/sec=4.23 | gpu_util_mean=0% gpu_util_max=1% | gpu_mem_mean=2.3/47.8GB
timesteps=1718592 | env_steps/sec=271.4 | episodes/sec=3.39 | gpu_util_mean=1% gpu_util_max=1% | gpu_mem_mean=2.3/47.8GB
timesteps=1720128 | env_steps/sec=292.4 | episodes/sec=4.19 | gpu_util_mean=1% gpu_util_max=1% | gpu_mem_mean=2.3/47.8GB
-------------------------------------------
| gpu/                      |             |
|    gpu_count              | 2           |
|    gpu_mem_total_gb_mean  | 47.8        |
|    gpu_mem_used_gb_mean   | 2.33        |
|    gpu_util_pct_max       | 1           |
|    gpu_util_pct_mean      | 1           |
| profile/                  |             |
|    hard/damage_mean       | 0.237       |
|    hard/ep_len_mean       | 63.4        |
|    hard/ep_rew_mean       | 0.174       |
|    hard/episodes_window   | 200         |
|    hard/p_damage_ge_90    | 0           |
|    hard/p_stars_ge_2      | 0           |
|    hard/score_mean        | 0.237       |
|    hard/stars_mean        | 0           |
|    hard/ticks_mean        | 630         |
|    hard/truncated_rate    | 0.02        |
|    medium/damage_mean     | 0.666       |
|    medium/ep_len_mean     | 74.6        |
|    medium/ep_rew_mean     | 1.96        |
|    medium/episodes_window | 200         |
|    medium/p_damage_ge_90  | 0.125       |
|    medium/p_stars_ge_2    | 0.505       |
|    medium/score_mean      | 2.04        |
|    medium/stars_mean      | 1.37        |
|    medium/ticks_mean      | 742         |
|    medium/truncated_rate  | 0.18        |
| rollout/                  |             |
|    ep_len_mean            | 68.2        |
|    ep_rew_mean            | 1.12        |
| throughput/               |             |
|    env_steps_per_sec      | 292         |
|    episodes_per_sec       | 4.19        |
| time/                     |             |
|    fps                    | 286         |
|    iterations             | 35          |
|    time_elapsed           | 6004        |
|    total_timesteps        | 1720320     |
| train/                    |             |
|    approx_kl              | 0.011425591 |
|    clip_fraction          | 0.156       |
|    clip_range             | 0.2         |
|    entropy_loss           | -5.2        |
|    explained_variance     | 0.888       |
|    learning_rate          | 0.0003      |
|    loss                   | -0.0468     |
|    n_updates              | 340         |
|    policy_gradient_loss   | -0.0196     |
|    value_loss             | 0.0619      |
-------------------------------------------
timesteps=1720416 | env_steps/sec=25.9 | episodes/sec=0.45 | gpu_util_mean=0% gpu_util_max=0% | gpu_mem_mean=2.3/47.8GB
timesteps=1721856 | env_steps/sec=282.9 | episodes/sec=5.50 | gpu_util_mean=0% gpu_util_max=0% | gpu_mem_mean=2.3/47.8GB
timesteps=1723296 | env_steps/sec=279.6 | episodes/sec=4.08 | gpu_util_mean=0% gpu_util_max=0% | gpu_mem_mean=2.3/47.8GB
timesteps=1724736 | env_steps/sec=287.5 | episodes/sec=2.40 | gpu_util_mean=1% gpu_util_max=1% | gpu_mem_mean=2.3/47.8GB
timesteps=1726176 | env_steps/sec=281.4 | episodes/sec=3.52 | gpu_util_mean=0% gpu_util_max=0% | gpu_mem_mean=2.3/47.8GB
timesteps=1727808 | env_steps/sec=309.8 | episodes/sec=6.26 | gpu_util_mean=0% gpu_util_max=1% | gpu_mem_mean=2.3/47.8GB
timesteps=1729344 | env_steps/sec=294.4 | episodes/sec=4.03 | gpu_util_mean=0% gpu_util_max=0% | gpu_mem_mean=2.3/47.8GB
timesteps=1730880 | env_steps/sec=291.2 | episodes/sec=2.84 | gpu_util_mean=0% gpu_util_max=0% | gpu_mem_mean=2.3/47.8GB
timesteps=1732320 | env_steps/sec=284.6 | episodes/sec=5.14 | gpu_util_mean=0% gpu_util_max=0% | gpu_mem_mean=2.3/47.8GB
timesteps=1733856 | env_steps/sec=300.1 | episodes/sec=5.67 | gpu_util_mean=1% gpu_util_max=1% | gpu_mem_mean=2.3/47.8GB
timesteps=1735392 | env_steps/sec=291.2 | episodes/sec=3.41 | gpu_util_mean=0% gpu_util_max=1% | gpu_mem_mean=2.3/47.8GB
timesteps=1736832 | env_steps/sec=276.1 | episodes/sec=3.45 | gpu_util_mean=0% gpu_util_max=0% | gpu_mem_mean=2.3/47.8GB
timesteps=1738368 | env_steps/sec=297.8 | episodes/sec=4.65 | gpu_util_mean=0% gpu_util_max=1% | gpu_mem_mean=2.3/47.8GB
timesteps=1739904 | env_steps/sec=301.0 | episodes/sec=5.68 | gpu_util_mean=0% gpu_util_max=0% | gpu_mem_mean=2.3/47.8GB
timesteps=1741440 | env_steps/sec=299.5 | episodes/sec=3.12 | gpu_util_mean=18% gpu_util_max=36% | gpu_mem_mean=2.3/47.8GB
timesteps=1742880 | env_steps/sec=280.9 | episodes/sec=3.71 | gpu_util_mean=1% gpu_util_max=1% | gpu_mem_mean=2.3/47.8GB
timesteps=1744512 | env_steps/sec=316.2 | episodes/sec=4.65 | gpu_util_mean=1% gpu_util_max=1% | gpu_mem_mean=2.3/47.8GB
timesteps=1746048 | env_steps/sec=298.4 | episodes/sec=6.22 | gpu_util_mean=0% gpu_util_max=1% | gpu_mem_mean=2.3/47.8GB
timesteps=1747584 | env_steps/sec=299.7 | episodes/sec=3.12 | gpu_util_mean=0% gpu_util_max=0% | gpu_mem_mean=2.3/47.8GB
timesteps=1749120 | env_steps/sec=290.0 | episodes/sec=3.21 | gpu_util_mean=0% gpu_util_max=1% | gpu_mem_mean=2.3/47.8GB
timesteps=1750752 | env_steps/sec=315.2 | episodes/sec=4.44 | gpu_util_mean=1% gpu_util_max=1% | gpu_mem_mean=2.3/47.8GB
timesteps=1752384 | env_steps/sec=313.5 | episodes/sec=6.34 | gpu_util_mean=0% gpu_util_max=0% | gpu_mem_mean=2.3/47.8GB
timesteps=1753920 | env_steps/sec=299.5 | episodes/sec=4.10 | gpu_util_mean=0% gpu_util_max=1% | gpu_mem_mean=2.3/47.8GB
timesteps=1755360 | env_steps/sec=283.9 | episodes/sec=1.77 | gpu_util_mean=1% gpu_util_max=1% | gpu_mem_mean=2.3/47.8GB
timesteps=1756896 | env_steps/sec=302.2 | episodes/sec=5.31 | gpu_util_mean=0% gpu_util_max=0% | gpu_mem_mean=2.3/47.8GB
timesteps=1758528 | env_steps/sec=317.5 | episodes/sec=5.64 | gpu_util_mean=0% gpu_util_max=1% | gpu_mem_mean=2.3/47.8GB
timesteps=1760160 | env_steps/sec=312.1 | episodes/sec=4.78 | gpu_util_mean=0% gpu_util_max=0% | gpu_mem_mean=2.3/47.8GB
timesteps=1761600 | env_steps/sec=284.6 | episodes/sec=3.56 | gpu_util_mean=0% gpu_util_max=0% | gpu_mem_mean=2.3/47.8GB
timesteps=1763232 | env_steps/sec=311.0 | episodes/sec=4.00 | gpu_util_mean=0% gpu_util_max=0% | gpu_mem_mean=2.3/47.8GB
timesteps=1764768 | env_steps/sec=300.6 | episodes/sec=5.48 | gpu_util_mean=0% gpu_util_max=1% | gpu_mem_mean=2.3/47.8GB
timesteps=1766304 | env_steps/sec=297.4 | episodes/sec=5.23 | gpu_util_mean=0% gpu_util_max=1% | gpu_mem_mean=2.3/47.8GB
timesteps=1767840 | env_steps/sec=288.5 | episodes/sec=2.44 | gpu_util_mean=1% gpu_util_max=1% | gpu_mem_mean=2.3/47.8GB
timesteps=1769280 | env_steps/sec=278.3 | episodes/sec=4.06 | gpu_util_mean=0% gpu_util_max=0% | gpu_mem_mean=2.3/47.8GB
-------------------------------------------
| gpu/                      |             |
|    gpu_count              | 2           |
|    gpu_mem_total_gb_mean  | 47.8        |
|    gpu_mem_used_gb_mean   | 2.33        |
|    gpu_util_pct_max       | 0           |
|    gpu_util_pct_mean      | 0           |
| profile/                  |             |
|    hard/damage_mean       | 0.235       |
|    hard/ep_len_mean       | 63.9        |
|    hard/ep_rew_mean       | 0.172       |
|    hard/episodes_window   | 200         |
|    hard/p_damage_ge_90    | 0           |
|    hard/p_stars_ge_2      | 0           |
|    hard/score_mean        | 0.235       |
|    hard/stars_mean        | 0           |
|    hard/ticks_mean        | 634         |
|    hard/truncated_rate    | 0.02        |
|    medium/damage_mean     | 0.703       |
|    medium/ep_len_mean     | 73.9        |
|    medium/ep_rew_mean     | 2.22        |
|    medium/episodes_window | 200         |
|    medium/p_damage_ge_90  | 0.17        |
|    medium/p_stars_ge_2    | 0.645       |
|    medium/score_mean      | 2.29        |
|    medium/stars_mean      | 1.59        |
|    medium/ticks_mean      | 735         |
|    medium/truncated_rate  | 0.12        |
| rollout/                  |             |
|    ep_len_mean            | 67.2        |
|    ep_rew_mean            | 1.1         |
| throughput/               |             |
|    env_steps_per_sec      | 278         |
|    episodes_per_sec       | 4.06        |
| time/                     |             |
|    fps                    | 286         |
|    iterations             | 36          |
|    time_elapsed           | 6181        |
|    total_timesteps        | 1769472     |
| train/                    |             |
|    approx_kl              | 0.011526535 |
|    clip_fraction          | 0.137       |
|    clip_range             | 0.2         |
|    entropy_loss           | -5.22       |
|    explained_variance     | 0.882       |
|    learning_rate          | 0.0003      |
|    loss                   | -0.0442     |
|    n_updates              | 350         |
|    policy_gradient_loss   | -0.0198     |
|    value_loss             | 0.0629      |
-------------------------------------------
timesteps=1769568 | env_steps/sec=33.8 | episodes/sec=0.23 | gpu_util_mean=14% gpu_util_max=28% | gpu_mem_mean=2.3/47.8GB
timesteps=1771104 | env_steps/sec=305.3 | episodes/sec=5.57 | gpu_util_mean=0% gpu_util_max=0% | gpu_mem_mean=2.3/47.8GB
timesteps=1772544 | env_steps/sec=272.5 | episodes/sec=4.54 | gpu_util_mean=0% gpu_util_max=0% | gpu_mem_mean=2.3/47.8GB
timesteps=1773984 | env_steps/sec=274.7 | episodes/sec=3.05 | gpu_util_mean=0% gpu_util_max=1% | gpu_mem_mean=2.3/47.8GB
timesteps=1775520 | env_steps/sec=288.4 | episodes/sec=4.32 | gpu_util_mean=0% gpu_util_max=0% | gpu_mem_mean=2.3/47.8GB
timesteps=1777056 | env_steps/sec=297.8 | episodes/sec=5.04 | gpu_util_mean=0% gpu_util_max=0% | gpu_mem_mean=2.3/47.8GB
timesteps=1778592 | env_steps/sec=304.3 | episodes/sec=4.75 | gpu_util_mean=0% gpu_util_max=0% | gpu_mem_mean=2.3/47.8GB
timesteps=1780128 | env_steps/sec=295.7 | episodes/sec=3.27 | gpu_util_mean=0% gpu_util_max=1% | gpu_mem_mean=2.3/47.8GB
timesteps=1781664 | env_steps/sec=301.9 | episodes/sec=3.54 | gpu_util_mean=0% gpu_util_max=0% | gpu_mem_mean=2.3/47.8GB
timesteps=1783200 | env_steps/sec=295.1 | episodes/sec=5.76 | gpu_util_mean=1% gpu_util_max=1% | gpu_mem_mean=2.3/47.8GB
timesteps=1784736 | env_steps/sec=289.3 | episodes/sec=3.58 | gpu_util_mean=0% gpu_util_max=0% | gpu_mem_mean=2.3/47.8GB
timesteps=1786272 | env_steps/sec=290.9 | episodes/sec=3.79 | gpu_util_mean=0% gpu_util_max=0% | gpu_mem_mean=2.3/47.8GB
timesteps=1787808 | env_steps/sec=298.1 | episodes/sec=4.85 | gpu_util_mean=0% gpu_util_max=0% | gpu_mem_mean=2.3/47.8GB
timesteps=1789440 | env_steps/sec=308.4 | episodes/sec=4.72 | gpu_util_mean=1% gpu_util_max=1% | gpu_mem_mean=2.3/47.8GB
timesteps=1790976 | env_steps/sec=300.2 | episodes/sec=4.30 | gpu_util_mean=0% gpu_util_max=0% | gpu_mem_mean=2.3/47.8GB
timesteps=1792416 | env_steps/sec=271.7 | episodes/sec=3.40 | gpu_util_mean=0% gpu_util_max=1% | gpu_mem_mean=2.3/47.8GB
timesteps=1794048 | env_steps/sec=319.3 | episodes/sec=6.07 | gpu_util_mean=18% gpu_util_max=37% | gpu_mem_mean=2.3/47.8GB
timesteps=1795680 | env_steps/sec=320.7 | episodes/sec=4.52 | gpu_util_mean=0% gpu_util_max=1% | gpu_mem_mean=2.3/47.8GB
timesteps=1797120 | env_steps/sec=286.8 | episodes/sec=3.39 | gpu_util_mean=0% gpu_util_max=1% | gpu_mem_mean=2.3/47.8GB
timesteps=1798560 | env_steps/sec=288.0 | episodes/sec=4.40 | gpu_util_mean=0% gpu_util_max=1% | gpu_mem_mean=2.3/47.8GB
timesteps=1800000 | env_steps/sec=277.5 | episodes/sec=5.20 | gpu_util_mean=0% gpu_util_max=0% | gpu_mem_mean=2.3/47.8GB
timesteps=1801440 | env_steps/sec=283.3 | episodes/sec=3.94 | gpu_util_mean=0% gpu_util_max=0% | gpu_mem_mean=2.3/47.8GB
timesteps=1802976 | env_steps/sec=289.5 | episodes/sec=3.58 | gpu_util_mean=0% gpu_util_max=0% | gpu_mem_mean=2.3/47.8GB
timesteps=1804512 | env_steps/sec=296.9 | episodes/sec=3.48 | gpu_util_mean=0% gpu_util_max=1% | gpu_mem_mean=2.3/47.8GB
timesteps=1806048 | env_steps/sec=297.2 | episodes/sec=5.22 | gpu_util_mean=0% gpu_util_max=0% | gpu_mem_mean=2.3/47.8GB
timesteps=1807488 | env_steps/sec=285.5 | episodes/sec=4.96 | gpu_util_mean=0% gpu_util_max=0% | gpu_mem_mean=2.3/47.8GB
timesteps=1809024 | env_steps/sec=290.6 | episodes/sec=3.97 | gpu_util_mean=0% gpu_util_max=0% | gpu_mem_mean=2.3/47.8GB
timesteps=1810560 | env_steps/sec=291.8 | episodes/sec=2.85 | gpu_util_mean=0% gpu_util_max=0% | gpu_mem_mean=2.3/47.8GB
timesteps=1812096 | env_steps/sec=296.1 | episodes/sec=5.59 | gpu_util_mean=0% gpu_util_max=0% | gpu_mem_mean=2.3/47.8GB
timesteps=1813632 | env_steps/sec=304.9 | episodes/sec=4.57 | gpu_util_mean=1% gpu_util_max=1% | gpu_mem_mean=2.3/47.8GB
timesteps=1815072 | env_steps/sec=272.3 | episodes/sec=4.54 | gpu_util_mean=0% gpu_util_max=1% | gpu_mem_mean=2.3/47.8GB
timesteps=1816512 | env_steps/sec=283.1 | episodes/sec=2.36 | gpu_util_mean=0% gpu_util_max=0% | gpu_mem_mean=2.3/47.8GB
timesteps=1817952 | env_steps/sec=279.3 | episodes/sec=4.85 | gpu_util_mean=0% gpu_util_max=0% | gpu_mem_mean=2.3/47.8GB
-------------------------------------------
| gpu/                      |             |
|    gpu_count              | 2           |
|    gpu_mem_total_gb_mean  | 47.8        |
|    gpu_mem_used_gb_mean   | 2.33        |
|    gpu_util_pct_max       | 0           |
|    gpu_util_pct_mean      | 0           |
| profile/                  |             |
|    hard/damage_mean       | 0.229       |
|    hard/ep_len_mean       | 63.7        |
|    hard/ep_rew_mean       | 0.166       |
|    hard/episodes_window   | 200         |
|    hard/p_damage_ge_90    | 0           |
|    hard/p_stars_ge_2      | 0           |
|    hard/score_mean        | 0.229       |
|    hard/stars_mean        | 0           |
|    hard/ticks_mean        | 632         |
|    hard/truncated_rate    | 0.015       |
|    medium/damage_mean     | 0.685       |
|    medium/ep_len_mean     | 72.4        |
|    medium/ep_rew_mean     | 2.04        |
|    medium/episodes_window | 200         |
|    medium/p_damage_ge_90  | 0.24        |
|    medium/p_stars_ge_2    | 0.545       |
|    medium/score_mean      | 2.11        |
|    medium/stars_mean      | 1.43        |
|    medium/ticks_mean      | 720         |
|    medium/truncated_rate  | 0.13        |
| rollout/                  |             |
|    ep_len_mean            | 68.8        |
|    ep_rew_mean            | 1.02        |
| throughput/               |             |
|    env_steps_per_sec      | 279         |
|    episodes_per_sec       | 4.85        |
| time/                     |             |
|    fps                    | 286         |
|    iterations             | 37          |
|    time_elapsed           | 6356        |
|    total_timesteps        | 1818624     |
| train/                    |             |
|    approx_kl              | 0.008714317 |
|    clip_fraction          | 0.084       |
|    clip_range             | 0.2         |
|    entropy_loss           | -5.24       |
|    explained_variance     | 0.893       |
|    learning_rate          | 0.0003      |
|    loss                   | -0.0349     |
|    n_updates              | 360         |
|    policy_gradient_loss   | -0.0179     |
|    value_loss             | 0.0834      |
-------------------------------------------
timesteps=1818720 | env_steps/sec=72.6 | episodes/sec=1.23 | gpu_util_mean=19% gpu_util_max=37% | gpu_mem_mean=2.3/47.8GB
timesteps=1820256 | env_steps/sec=304.2 | episodes/sec=4.95 | gpu_util_mean=0% gpu_util_max=0% | gpu_mem_mean=2.3/47.8GB
timesteps=1821696 | env_steps/sec=282.1 | episodes/sec=4.31 | gpu_util_mean=0% gpu_util_max=1% | gpu_mem_mean=2.3/47.8GB
timesteps=1823136 | env_steps/sec=277.2 | episodes/sec=3.08 | gpu_util_mean=0% gpu_util_max=1% | gpu_mem_mean=2.3/47.8GB
timesteps=1824576 | env_steps/sec=287.0 | episodes/sec=4.19 | gpu_util_mean=0% gpu_util_max=0% | gpu_mem_mean=2.3/47.8GB
timesteps=1826112 | env_steps/sec=302.7 | episodes/sec=5.12 | gpu_util_mean=0% gpu_util_max=1% | gpu_mem_mean=2.3/47.8GB
timesteps=1827648 | env_steps/sec=295.8 | episodes/sec=4.04 | gpu_util_mean=0% gpu_util_max=0% | gpu_mem_mean=2.3/47.8GB
timesteps=1829184 | env_steps/sec=305.8 | episodes/sec=4.38 | gpu_util_mean=0% gpu_util_max=0% | gpu_mem_mean=2.3/47.8GB
timesteps=1830720 | env_steps/sec=301.0 | episodes/sec=3.14 | gpu_util_mean=0% gpu_util_max=1% | gpu_mem_mean=2.3/47.8GB
timesteps=1832256 | env_steps/sec=297.0 | episodes/sec=5.03 | gpu_util_mean=0% gpu_util_max=0% | gpu_mem_mean=2.3/47.8GB
timesteps=1833696 | env_steps/sec=286.2 | episodes/sec=4.97 | gpu_util_mean=0% gpu_util_max=1% | gpu_mem_mean=2.3/47.8GB
timesteps=1835040 | env_steps/sec=267.6 | episodes/sec=2.59 | gpu_util_mean=0% gpu_util_max=0% | gpu_mem_mean=2.3/47.8GB
timesteps=1836480 | env_steps/sec=284.4 | episodes/sec=4.74 | gpu_util_mean=0% gpu_util_max=0% | gpu_mem_mean=2.3/47.8GB
timesteps=1837920 | env_steps/sec=280.7 | episodes/sec=4.29 | gpu_util_mean=0% gpu_util_max=1% | gpu_mem_mean=2.3/47.8GB
timesteps=1839360 | env_steps/sec=284.5 | episodes/sec=3.95 | gpu_util_mean=0% gpu_util_max=0% | gpu_mem_mean=2.3/47.8GB
timesteps=1840800 | env_steps/sec=281.4 | episodes/sec=4.10 | gpu_util_mean=0% gpu_util_max=0% | gpu_mem_mean=2.3/47.8GB
timesteps=1842240 | env_steps/sec=279.4 | episodes/sec=4.46 | gpu_util_mean=1% gpu_util_max=1% | gpu_mem_mean=2.3/47.8GB
timesteps=1843776 | env_steps/sec=305.4 | episodes/sec=3.58 | gpu_util_mean=16% gpu_util_max=33% | gpu_mem_mean=2.3/47.8GB
timesteps=1845408 | env_steps/sec=309.0 | episodes/sec=5.49 | gpu_util_mean=18% gpu_util_max=37% | gpu_mem_mean=2.3/47.8GB
timesteps=1846944 | env_steps/sec=294.3 | episodes/sec=4.22 | gpu_util_mean=0% gpu_util_max=0% | gpu_mem_mean=2.3/47.8GB
timesteps=1848480 | env_steps/sec=298.0 | episodes/sec=4.07 | gpu_util_mean=0% gpu_util_max=1% | gpu_mem_mean=2.3/47.8GB
timesteps=1849920 | env_steps/sec=282.8 | episodes/sec=3.34 | gpu_util_mean=0% gpu_util_max=1% | gpu_mem_mean=2.3/47.8GB
timesteps=1851456 | env_steps/sec=306.0 | episodes/sec=5.58 | gpu_util_mean=0% gpu_util_max=0% | gpu_mem_mean=2.3/47.8GB
timesteps=1852896 | env_steps/sec=285.5 | episodes/sec=4.76 | gpu_util_mean=0% gpu_util_max=0% | gpu_mem_mean=2.3/47.8GB
timesteps=1854432 | env_steps/sec=300.5 | episodes/sec=3.72 | gpu_util_mean=1% gpu_util_max=1% | gpu_mem_mean=2.3/47.8GB
timesteps=1855872 | env_steps/sec=285.7 | episodes/sec=3.37 | gpu_util_mean=0% gpu_util_max=1% | gpu_mem_mean=2.3/47.8GB
timesteps=1857408 | env_steps/sec=299.8 | episodes/sec=5.27 | gpu_util_mean=0% gpu_util_max=0% | gpu_mem_mean=2.3/47.8GB
timesteps=1858848 | env_steps/sec=279.1 | episodes/sec=4.26 | gpu_util_mean=0% gpu_util_max=0% | gpu_mem_mean=2.3/47.8GB
timesteps=1860576 | env_steps/sec=329.8 | episodes/sec=4.20 | gpu_util_mean=0% gpu_util_max=1% | gpu_mem_mean=2.3/47.8GB
timesteps=1862112 | env_steps/sec=299.2 | episodes/sec=3.90 | gpu_util_mean=0% gpu_util_max=1% | gpu_mem_mean=2.3/47.8GB
timesteps=1863648 | env_steps/sec=296.5 | episodes/sec=5.40 | gpu_util_mean=0% gpu_util_max=1% | gpu_mem_mean=2.3/47.8GB
timesteps=1865184 | env_steps/sec=295.7 | episodes/sec=4.62 | gpu_util_mean=0% gpu_util_max=1% | gpu_mem_mean=2.3/47.8GB
timesteps=1866624 | env_steps/sec=279.4 | episodes/sec=2.91 | gpu_util_mean=0% gpu_util_max=0% | gpu_mem_mean=2.3/47.8GB
-------------------------------------------
| gpu/                      |             |
|    gpu_count              | 2           |
|    gpu_mem_total_gb_mean  | 47.8        |
|    gpu_mem_used_gb_mean   | 2.33        |
|    gpu_util_pct_max       | 0           |
|    gpu_util_pct_mean      | 0           |
| profile/                  |             |
|    hard/damage_mean       | 0.233       |
|    hard/ep_len_mean       | 63.9        |
|    hard/ep_rew_mean       | 0.175       |
|    hard/episodes_window   | 200         |
|    hard/p_damage_ge_90    | 0           |
|    hard/p_stars_ge_2      | 0           |
|    hard/score_mean        | 0.238       |
|    hard/stars_mean        | 0.005       |
|    hard/ticks_mean        | 634         |
|    hard/truncated_rate    | 0.015       |
|    medium/damage_mean     | 0.689       |
|    medium/ep_len_mean     | 73.5        |
|    medium/ep_rew_mean     | 2.06        |
|    medium/episodes_window | 200         |
|    medium/p_damage_ge_90  | 0.19        |
|    medium/p_stars_ge_2    | 0.525       |
|    medium/score_mean      | 2.13        |
|    medium/stars_mean      | 1.45        |
|    medium/ticks_mean      | 732         |
|    medium/truncated_rate  | 0.185       |
| rollout/                  |             |
|    ep_len_mean            | 69.7        |
|    ep_rew_mean            | 1.08        |
| throughput/               |             |
|    env_steps_per_sec      | 279         |
|    episodes_per_sec       | 2.91        |
| time/                     |             |
|    fps                    | 285         |
|    iterations             | 38          |
|    time_elapsed           | 6532        |
|    total_timesteps        | 1867776     |
| train/                    |             |
|    approx_kl              | 0.009300698 |
|    clip_fraction          | 0.104       |
|    clip_range             | 0.2         |
|    entropy_loss           | -5.23       |
|    explained_variance     | 0.892       |
|    learning_rate          | 0.0003      |
|    loss                   | -0.0354     |
|    n_updates              | 370         |
|    policy_gradient_loss   | -0.0186     |
|    value_loss             | 0.0777      |
-------------------------------------------
timesteps=1867872 | env_steps/sec=100.0 | episodes/sec=1.28 | gpu_util_mean=19% gpu_util_max=37% | gpu_mem_mean=2.3/47.8GB
timesteps=1869408 | env_steps/sec=296.6 | episodes/sec=4.63 | gpu_util_mean=0% gpu_util_max=0% | gpu_mem_mean=2.3/47.8GB
timesteps=1870944 | env_steps/sec=295.2 | episodes/sec=4.80 | gpu_util_mean=0% gpu_util_max=0% | gpu_mem_mean=2.3/47.8GB
timesteps=1872384 | env_steps/sec=286.4 | episodes/sec=3.18 | gpu_util_mean=0% gpu_util_max=0% | gpu_mem_mean=2.3/47.8GB
timesteps=1873920 | env_steps/sec=292.4 | episodes/sec=4.57 | gpu_util_mean=0% gpu_util_max=1% | gpu_mem_mean=2.3/47.8GB
timesteps=1875360 | env_steps/sec=276.0 | episodes/sec=4.60 | gpu_util_mean=0% gpu_util_max=0% | gpu_mem_mean=2.3/47.8GB
timesteps=1876896 | env_steps/sec=307.2 | episodes/sec=4.20 | gpu_util_mean=0% gpu_util_max=0% | gpu_mem_mean=2.3/47.8GB
timesteps=1878432 | env_steps/sec=301.4 | episodes/sec=4.32 | gpu_util_mean=0% gpu_util_max=0% | gpu_mem_mean=2.3/47.8GB
timesteps=1879872 | env_steps/sec=278.5 | episodes/sec=4.64 | gpu_util_mean=0% gpu_util_max=0% | gpu_mem_mean=2.3/47.8GB
timesteps=1881408 | env_steps/sec=291.9 | episodes/sec=3.61 | gpu_util_mean=0% gpu_util_max=0% | gpu_mem_mean=2.3/47.8GB
timesteps=1882944 | env_steps/sec=290.8 | episodes/sec=3.60 | gpu_util_mean=1% gpu_util_max=1% | gpu_mem_mean=2.3/47.8GB
timesteps=1884480 | env_steps/sec=299.9 | episodes/sec=5.08 | gpu_util_mean=0% gpu_util_max=0% | gpu_mem_mean=2.3/47.8GB
timesteps=1886016 | env_steps/sec=291.6 | episodes/sec=5.32 | gpu_util_mean=0% gpu_util_max=0% | gpu_mem_mean=2.3/47.8GB
timesteps=1887552 | env_steps/sec=292.2 | episodes/sec=3.42 | gpu_util_mean=1% gpu_util_max=1% | gpu_mem_mean=2.3/47.8GB
timesteps=1888896 | env_steps/sec=265.7 | episodes/sec=3.95 | gpu_util_mean=0% gpu_util_max=1% | gpu_mem_mean=2.3/47.8GB
timesteps=1890336 | env_steps/sec=279.0 | episodes/sec=3.10 | gpu_util_mean=0% gpu_util_max=0% | gpu_mem_mean=2.3/47.8GB
timesteps=1891776 | env_steps/sec=273.2 | episodes/sec=5.12 | gpu_util_mean=1% gpu_util_max=1% | gpu_mem_mean=2.3/47.8GB
timesteps=1893216 | env_steps/sec=280.3 | episodes/sec=3.89 | gpu_util_mean=0% gpu_util_max=0% | gpu_mem_mean=2.3/47.8GB
timesteps=1894656 | env_steps/sec=284.2 | episodes/sec=4.54 | gpu_util_mean=18% gpu_util_max=34% | gpu_mem_mean=2.3/47.8GB
timesteps=1896192 | env_steps/sec=297.7 | episodes/sec=3.88 | gpu_util_mean=18% gpu_util_max=37% | gpu_mem_mean=2.3/47.8GB
timesteps=1897632 | env_steps/sec=267.1 | episodes/sec=3.71 | gpu_util_mean=0% gpu_util_max=0% | gpu_mem_mean=2.3/47.8GB
timesteps=1899072 | env_steps/sec=272.9 | episodes/sec=3.60 | gpu_util_mean=0% gpu_util_max=1% | gpu_mem_mean=2.3/47.8GB
timesteps=1900512 | env_steps/sec=284.9 | episodes/sec=5.74 | gpu_util_mean=0% gpu_util_max=0% | gpu_mem_mean=2.3/47.8GB
timesteps=1901952 | env_steps/sec=279.9 | episodes/sec=2.92 | gpu_util_mean=0% gpu_util_max=1% | gpu_mem_mean=2.3/47.8GB
timesteps=1903296 | env_steps/sec=259.9 | episodes/sec=4.25 | gpu_util_mean=0% gpu_util_max=0% | gpu_mem_mean=2.3/47.8GB
timesteps=1904640 | env_steps/sec=258.1 | episodes/sec=2.88 | gpu_util_mean=0% gpu_util_max=1% | gpu_mem_mean=2.3/47.8GB
timesteps=1905984 | env_steps/sec=266.6 | episodes/sec=3.77 | gpu_util_mean=0% gpu_util_max=0% | gpu_mem_mean=2.3/47.8GB
timesteps=1907520 | env_steps/sec=297.0 | episodes/sec=4.64 | gpu_util_mean=1% gpu_util_max=1% | gpu_mem_mean=2.3/47.8GB
timesteps=1908960 | env_steps/sec=274.8 | episodes/sec=5.53 | gpu_util_mean=0% gpu_util_max=0% | gpu_mem_mean=2.3/47.8GB
timesteps=1910400 | env_steps/sec=275.9 | episodes/sec=2.87 | gpu_util_mean=0% gpu_util_max=0% | gpu_mem_mean=2.3/47.8GB
timesteps=1911840 | env_steps/sec=276.5 | episodes/sec=2.30 | gpu_util_mean=0% gpu_util_max=1% | gpu_mem_mean=2.3/47.8GB
timesteps=1913280 | env_steps/sec=279.4 | episodes/sec=4.27 | gpu_util_mean=0% gpu_util_max=0% | gpu_mem_mean=2.3/47.8GB
timesteps=1914720 | env_steps/sec=278.0 | episodes/sec=5.99 | gpu_util_mean=0% gpu_util_max=1% | gpu_mem_mean=2.3/47.8GB
timesteps=1916160 | env_steps/sec=277.7 | episodes/sec=4.44 | gpu_util_mean=0% gpu_util_max=0% | gpu_mem_mean=2.3/47.8GB
-------------------------------------------
| gpu/                      |             |
|    gpu_count              | 2           |
|    gpu_mem_total_gb_mean  | 47.8        |
|    gpu_mem_used_gb_mean   | 2.33        |
|    gpu_util_pct_max       | 0           |
|    gpu_util_pct_mean      | 0           |
| profile/                  |             |
|    hard/damage_mean       | 0.241       |
|    hard/ep_len_mean       | 64.2        |
|    hard/ep_rew_mean       | 0.197       |
|    hard/episodes_window   | 200         |
|    hard/p_damage_ge_90    | 0           |
|    hard/p_stars_ge_2      | 0.005       |
|    hard/score_mean        | 0.261       |
|    hard/stars_mean        | 0.02        |
|    hard/ticks_mean        | 637         |
|    hard/truncated_rate    | 0.025       |
|    medium/damage_mean     | 0.699       |
|    medium/ep_len_mean     | 73.9        |
|    medium/ep_rew_mean     | 2.09        |
|    medium/episodes_window | 200         |
|    medium/p_damage_ge_90  | 0.185       |
|    medium/p_stars_ge_2    | 0.6         |
|    medium/score_mean      | 2.16        |
|    medium/stars_mean      | 1.47        |
|    medium/ticks_mean      | 735         |
|    medium/truncated_rate  | 0.16        |
| rollout/                  |             |
|    ep_len_mean            | 69.7        |
|    ep_rew_mean            | 1.13        |
| throughput/               |             |
|    env_steps_per_sec      | 278         |
|    episodes_per_sec       | 4.44        |
| time/                     |             |
|    fps                    | 285         |
|    iterations             | 39          |
|    time_elapsed           | 6715        |
|    total_timesteps        | 1916928     |
| train/                    |             |
|    approx_kl              | 0.011488687 |
|    clip_fraction          | 0.132       |
|    clip_range             | 0.2         |
|    entropy_loss           | -5.21       |
|    explained_variance     | 0.879       |
|    learning_rate          | 0.0003      |
|    loss                   | -0.0436     |
|    n_updates              | 380         |
|    policy_gradient_loss   | -0.0191     |
|    value_loss             | 0.0683      |
-------------------------------------------
timesteps=1917024 | env_steps/sec=76.3 | episodes/sec=1.06 | gpu_util_mean=0% gpu_util_max=1% | gpu_mem_mean=2.3/47.8GB
timesteps=1918368 | env_steps/sec=261.8 | episodes/sec=0.78 | gpu_util_mean=0% gpu_util_max=1% | gpu_mem_mean=2.3/47.8GB
timesteps=1919712 | env_steps/sec=260.7 | episodes/sec=4.85 | gpu_util_mean=0% gpu_util_max=0% | gpu_mem_mean=2.3/47.8GB
timesteps=1921248 | env_steps/sec=288.4 | episodes/sec=5.82 | gpu_util_mean=0% gpu_util_max=0% | gpu_mem_mean=2.3/47.8GB
timesteps=1922688 | env_steps/sec=284.3 | episodes/sec=4.15 | gpu_util_mean=0% gpu_util_max=0% | gpu_mem_mean=2.3/47.8GB
timesteps=1924032 | env_steps/sec=249.1 | episodes/sec=2.59 | gpu_util_mean=0% gpu_util_max=0% | gpu_mem_mean=2.3/47.8GB
timesteps=1925376 | env_steps/sec=255.2 | episodes/sec=4.18 | gpu_util_mean=0% gpu_util_max=1% | gpu_mem_mean=2.3/47.8GB
timesteps=1926912 | env_steps/sec=291.1 | episodes/sec=4.93 | gpu_util_mean=1% gpu_util_max=1% | gpu_mem_mean=2.3/47.8GB
timesteps=1928352 | env_steps/sec=278.2 | episodes/sec=3.86 | gpu_util_mean=0% gpu_util_max=0% | gpu_mem_mean=2.3/47.8GB
timesteps=1929792 | env_steps/sec=278.8 | episodes/sec=4.07 | gpu_util_mean=0% gpu_util_max=0% | gpu_mem_mean=2.3/47.8GB
timesteps=1931232 | env_steps/sec=280.9 | episodes/sec=3.32 | gpu_util_mean=0% gpu_util_max=0% | gpu_mem_mean=2.3/47.8GB
timesteps=1932768 | env_steps/sec=289.3 | episodes/sec=3.96 | gpu_util_mean=0% gpu_util_max=0% | gpu_mem_mean=2.3/47.8GB
timesteps=1934208 | env_steps/sec=281.7 | episodes/sec=4.30 | gpu_util_mean=1% gpu_util_max=1% | gpu_mem_mean=2.3/47.8GB
timesteps=1935648 | env_steps/sec=281.3 | episodes/sec=4.10 | gpu_util_mean=0% gpu_util_max=1% | gpu_mem_mean=2.3/47.8GB
timesteps=1937088 | env_steps/sec=278.9 | episodes/sec=5.04 | gpu_util_mean=1% gpu_util_max=1% | gpu_mem_mean=2.3/47.8GB
timesteps=1938432 | env_steps/sec=261.9 | episodes/sec=4.29 | gpu_util_mean=0% gpu_util_max=0% | gpu_mem_mean=2.3/47.8GB
timesteps=1939776 | env_steps/sec=261.2 | episodes/sec=2.53 | gpu_util_mean=0% gpu_util_max=0% | gpu_mem_mean=2.3/47.8GB
timesteps=1941120 | env_steps/sec=265.6 | episodes/sec=3.95 | gpu_util_mean=0% gpu_util_max=0% | gpu_mem_mean=2.3/47.8GB
timesteps=1942560 | env_steps/sec=277.6 | episodes/sec=2.89 | gpu_util_mean=0% gpu_util_max=0% | gpu_mem_mean=2.3/47.8GB
timesteps=1944000 | env_steps/sec=277.6 | episodes/sec=6.36 | gpu_util_mean=16% gpu_util_max=33% | gpu_mem_mean=2.3/47.8GB
timesteps=1945440 | env_steps/sec=279.0 | episodes/sec=2.71 | gpu_util_mean=16% gpu_util_max=32% | gpu_mem_mean=2.3/47.8GB
timesteps=1946880 | env_steps/sec=272.2 | episodes/sec=3.40 | gpu_util_mean=0% gpu_util_max=0% | gpu_mem_mean=2.3/47.8GB
timesteps=1948224 | env_steps/sec=268.4 | episodes/sec=3.20 | gpu_util_mean=0% gpu_util_max=0% | gpu_mem_mean=2.3/47.8GB
timesteps=1949664 | env_steps/sec=286.3 | episodes/sec=5.17 | gpu_util_mean=0% gpu_util_max=0% | gpu_mem_mean=2.3/47.8GB
timesteps=1951104 | env_steps/sec=281.8 | episodes/sec=3.72 | gpu_util_mean=0% gpu_util_max=1% | gpu_mem_mean=2.3/47.8GB
timesteps=1952640 | env_steps/sec=295.2 | episodes/sec=5.19 | gpu_util_mean=0% gpu_util_max=0% | gpu_mem_mean=2.3/47.8GB
timesteps=1954176 | env_steps/sec=300.0 | episodes/sec=4.10 | gpu_util_mean=0% gpu_util_max=1% | gpu_mem_mean=2.3/47.8GB
timesteps=1955712 | env_steps/sec=293.2 | episodes/sec=3.82 | gpu_util_mean=0% gpu_util_max=0% | gpu_mem_mean=2.3/47.8GB
timesteps=1957248 | env_steps/sec=294.4 | episodes/sec=4.41 | gpu_util_mean=1% gpu_util_max=1% | gpu_mem_mean=2.3/47.8GB
timesteps=1958688 | env_steps/sec=280.1 | episodes/sec=4.47 | gpu_util_mean=0% gpu_util_max=1% | gpu_mem_mean=2.3/47.8GB
timesteps=1960224 | env_steps/sec=293.7 | episodes/sec=4.59 | gpu_util_mean=1% gpu_util_max=1% | gpu_mem_mean=2.3/47.8GB
timesteps=1961568 | env_steps/sec=255.1 | episodes/sec=3.61 | gpu_util_mean=0% gpu_util_max=0% | gpu_mem_mean=2.3/47.8GB
timesteps=1963008 | env_steps/sec=280.2 | episodes/sec=3.89 | gpu_util_mean=0% gpu_util_max=0% | gpu_mem_mean=2.3/47.8GB
timesteps=1964448 | env_steps/sec=282.2 | episodes/sec=3.92 | gpu_util_mean=0% gpu_util_max=0% | gpu_mem_mean=2.3/47.8GB
timesteps=1965888 | env_steps/sec=282.7 | episodes/sec=3.34 | gpu_util_mean=0% gpu_util_max=1% | gpu_mem_mean=2.3/47.8GB
-------------------------------------------
| gpu/                      |             |
|    gpu_count              | 2           |
|    gpu_mem_total_gb_mean  | 47.8        |
|    gpu_mem_used_gb_mean   | 2.33        |
|    gpu_util_pct_max       | 1           |
|    gpu_util_pct_mean      | 0.5         |
| profile/                  |             |
|    hard/damage_mean       | 0.25        |
|    hard/ep_len_mean       | 64.7        |
|    hard/ep_rew_mean       | 0.191       |
|    hard/episodes_window   | 200         |
|    hard/p_damage_ge_90    | 0           |
|    hard/p_stars_ge_2      | 0           |
|    hard/score_mean        | 0.255       |
|    hard/stars_mean        | 0.005       |
|    hard/ticks_mean        | 643         |
|    hard/truncated_rate    | 0.025       |
|    medium/damage_mean     | 0.674       |
|    medium/ep_len_mean     | 73.8        |
|    medium/ep_rew_mean     | 1.94        |
|    medium/episodes_window | 200         |
|    medium/p_damage_ge_90  | 0.145       |
|    medium/p_stars_ge_2    | 0.49        |
|    medium/score_mean      | 2.01        |
|    medium/stars_mean      | 1.33        |
|    medium/ticks_mean      | 734         |
|    medium/truncated_rate  | 0.135       |
| rollout/                  |             |
|    ep_len_mean            | 68.6        |
|    ep_rew_mean            | 1.12        |
| throughput/               |             |
|    env_steps_per_sec      | 283         |
|    episodes_per_sec       | 3.34        |
| time/                     |             |
|    fps                    | 284         |
|    iterations             | 40          |
|    time_elapsed           | 6899        |
|    total_timesteps        | 1966080     |
| train/                    |             |
|    approx_kl              | 0.013331036 |
|    clip_fraction          | 0.141       |
|    clip_range             | 0.2         |
|    entropy_loss           | -5.18       |
|    explained_variance     | 0.875       |
|    learning_rate          | 0.0003      |
|    loss                   | -0.0573     |
|    n_updates              | 390         |
|    policy_gradient_loss   | -0.0194     |
|    value_loss             | 0.0645      |
-------------------------------------------
timesteps=1966176 | env_steps/sec=34.7 | episodes/sec=0.72 | gpu_util_mean=0% gpu_util_max=0% | gpu_mem_mean=2.3/47.8GB
timesteps=1967616 | env_steps/sec=269.9 | episodes/sec=4.12 | gpu_util_mean=1% gpu_util_max=1% | gpu_mem_mean=2.3/47.8GB
timesteps=1969152 | env_steps/sec=288.9 | episodes/sec=4.33 | gpu_util_mean=1% gpu_util_max=1% | gpu_mem_mean=2.3/47.8GB
timesteps=1970496 | env_steps/sec=268.7 | episodes/sec=3.20 | gpu_util_mean=0% gpu_util_max=1% | gpu_mem_mean=2.3/47.8GB
timesteps=1971840 | env_steps/sec=265.0 | episodes/sec=3.75 | gpu_util_mean=0% gpu_util_max=1% | gpu_mem_mean=2.3/47.8GB
timesteps=1973280 | env_steps/sec=276.7 | episodes/sec=4.04 | gpu_util_mean=0% gpu_util_max=0% | gpu_mem_mean=2.3/47.8GB
timesteps=1974816 | env_steps/sec=288.6 | episodes/sec=4.13 | gpu_util_mean=0% gpu_util_max=0% | gpu_mem_mean=2.3/47.8GB
timesteps=1976256 | env_steps/sec=275.5 | episodes/sec=4.97 | gpu_util_mean=0% gpu_util_max=0% | gpu_mem_mean=2.3/47.8GB
timesteps=1977696 | env_steps/sec=278.5 | episodes/sec=3.09 | gpu_util_mean=0% gpu_util_max=1% | gpu_mem_mean=2.3/47.8GB
timesteps=1979040 | env_steps/sec=262.1 | episodes/sec=4.29 | gpu_util_mean=0% gpu_util_max=1% | gpu_mem_mean=2.3/47.8GB
timesteps=1980480 | env_steps/sec=271.6 | episodes/sec=3.58 | gpu_util_mean=0% gpu_util_max=0% | gpu_mem_mean=2.3/47.8GB
timesteps=1981920 | env_steps/sec=274.9 | episodes/sec=4.77 | gpu_util_mean=0% gpu_util_max=1% | gpu_mem_mean=2.3/47.8GB
timesteps=1983360 | env_steps/sec=280.3 | episodes/sec=3.31 | gpu_util_mean=0% gpu_util_max=1% | gpu_mem_mean=2.3/47.8GB
timesteps=1984800 | env_steps/sec=280.9 | episodes/sec=4.49 | gpu_util_mean=0% gpu_util_max=0% | gpu_mem_mean=2.3/47.8GB
timesteps=1986144 | env_steps/sec=262.8 | episodes/sec=3.52 | gpu_util_mean=0% gpu_util_max=0% | gpu_mem_mean=2.3/47.8GB
timesteps=1987488 | env_steps/sec=267.2 | episodes/sec=3.58 | gpu_util_mean=0% gpu_util_max=1% | gpu_mem_mean=2.3/47.8GB
timesteps=1989024 | env_steps/sec=291.1 | episodes/sec=3.98 | gpu_util_mean=0% gpu_util_max=1% | gpu_mem_mean=2.3/47.8GB
timesteps=1990464 | env_steps/sec=287.2 | episodes/sec=3.79 | gpu_util_mean=0% gpu_util_max=1% | gpu_mem_mean=2.3/47.8GB
timesteps=1992000 | env_steps/sec=300.2 | episodes/sec=5.08 | gpu_util_mean=0% gpu_util_max=0% | gpu_mem_mean=2.3/47.8GB
timesteps=1993440 | env_steps/sec=287.9 | episodes/sec=3.60 | gpu_util_mean=0% gpu_util_max=0% | gpu_mem_mean=2.3/47.8GB
timesteps=1995072 | env_steps/sec=312.4 | episodes/sec=3.83 | gpu_util_mean=15% gpu_util_max=30% | gpu_mem_mean=2.3/47.8GB
timesteps=1996512 | env_steps/sec=288.0 | episodes/sec=4.80 | gpu_util_mean=0% gpu_util_max=1% | gpu_mem_mean=2.3/47.8GB
timesteps=1998048 | env_steps/sec=290.1 | episodes/sec=5.48 | gpu_util_mean=0% gpu_util_max=0% | gpu_mem_mean=2.3/47.8GB
timesteps=1999584 | env_steps/sec=293.1 | episodes/sec=3.63 | gpu_util_mean=0% gpu_util_max=0% | gpu_mem_mean=2.3/47.8GB
timesteps=2001024 | env_steps/sec=280.0 | episodes/sec=2.92 | gpu_util_mean=0% gpu_util_max=1% | gpu_mem_mean=2.3/47.8GB
timesteps=2002368 | env_steps/sec=265.8 | episodes/sec=5.34 | gpu_util_mean=0% gpu_util_max=0% | gpu_mem_mean=2.3/47.8GB
timesteps=2003808 | env_steps/sec=269.6 | episodes/sec=4.87 | gpu_util_mean=0% gpu_util_max=1% | gpu_mem_mean=2.3/47.8GB
timesteps=2005248 | env_steps/sec=270.2 | episodes/sec=3.38 | gpu_util_mean=0% gpu_util_max=0% | gpu_mem_mean=2.3/47.8GB
timesteps=2006688 | env_steps/sec=269.9 | episodes/sec=3.75 | gpu_util_mean=0% gpu_util_max=1% | gpu_mem_mean=2.3/47.8GB
timesteps=2008224 | env_steps/sec=289.0 | episodes/sec=3.20 | gpu_util_mean=0% gpu_util_max=1% | gpu_mem_mean=2.3/47.8GB
timesteps=2009664 | env_steps/sec=271.6 | episodes/sec=4.90 | gpu_util_mean=0% gpu_util_max=1% | gpu_mem_mean=2.3/47.8GB
timesteps=2011008 | env_steps/sec=268.0 | episodes/sec=5.78 | gpu_util_mean=1% gpu_util_max=1% | gpu_mem_mean=2.3/47.8GB
timesteps=2012352 | env_steps/sec=263.3 | episodes/sec=3.33 | gpu_util_mean=0% gpu_util_max=0% | gpu_mem_mean=2.3/47.8GB
timesteps=2013792 | env_steps/sec=270.9 | episodes/sec=2.82 | gpu_util_mean=0% gpu_util_max=1% | gpu_mem_mean=2.3/47.8GB
timesteps=2015136 | env_steps/sec=265.5 | episodes/sec=2.77 | gpu_util_mean=0% gpu_util_max=0% | gpu_mem_mean=2.3/47.8GB
-------------------------------------------
| gpu/                      |             |
|    gpu_count              | 2           |
|    gpu_mem_total_gb_mean  | 47.8        |
|    gpu_mem_used_gb_mean   | 2.33        |
|    gpu_util_pct_max       | 0           |
|    gpu_util_pct_mean      | 0           |
| profile/                  |             |
|    hard/damage_mean       | 0.249       |
|    hard/ep_len_mean       | 64.6        |
|    hard/ep_rew_mean       | 0.19        |
|    hard/episodes_window   | 200         |
|    hard/p_damage_ge_90    | 0           |
|    hard/p_stars_ge_2      | 0           |
|    hard/score_mean        | 0.254       |
|    hard/stars_mean        | 0.005       |
|    hard/ticks_mean        | 641         |
|    hard/truncated_rate    | 0.01        |
|    medium/damage_mean     | 0.678       |
|    medium/ep_len_mean     | 72.5        |
|    medium/ep_rew_mean     | 2.03        |
|    medium/episodes_window | 200         |
|    medium/p_damage_ge_90  | 0.175       |
|    medium/p_stars_ge_2    | 0.525       |
|    medium/score_mean      | 2.1         |
|    medium/stars_mean      | 1.42        |
|    medium/ticks_mean      | 721         |
|    medium/truncated_rate  | 0.125       |
| rollout/                  |             |
|    ep_len_mean            | 66.8        |
|    ep_rew_mean            | 1.15        |
| throughput/               |             |
|    env_steps_per_sec      | 266         |
|    episodes_per_sec       | 2.77        |
| time/                     |             |
|    fps                    | 284         |
|    iterations             | 41          |
|    time_elapsed           | 7084        |
|    total_timesteps        | 2015232     |
| train/                    |             |
|    approx_kl              | 0.009865418 |
|    clip_fraction          | 0.124       |
|    clip_range             | 0.2         |
|    entropy_loss           | -5.15       |
|    explained_variance     | 0.888       |
|    learning_rate          | 0.0003      |
|    loss                   | -0.0493     |
|    n_updates              | 400         |
|    policy_gradient_loss   | -0.0183     |
|    value_loss             | 0.0664      |
-------------------------------------------
timesteps=2015328 | env_steps/sec=25.4 | episodes/sec=0.13 | gpu_util_mean=0% gpu_util_max=1% | gpu_mem_mean=2.3/47.8GB
timesteps=2016864 | env_steps/sec=290.4 | episodes/sec=5.48 | gpu_util_mean=0% gpu_util_max=0% | gpu_mem_mean=2.3/47.8GB
timesteps=2018400 | env_steps/sec=294.4 | episodes/sec=5.94 | gpu_util_mean=0% gpu_util_max=0% | gpu_mem_mean=2.3/47.8GB
timesteps=2019744 | env_steps/sec=253.7 | episodes/sec=3.59 | gpu_util_mean=0% gpu_util_max=0% | gpu_mem_mean=2.3/47.8GB
timesteps=2021088 | env_steps/sec=263.2 | episodes/sec=0.98 | gpu_util_mean=0% gpu_util_max=0% | gpu_mem_mean=2.3/47.8GB
timesteps=2022528 | env_steps/sec=286.1 | episodes/sec=5.17 | gpu_util_mean=0% gpu_util_max=1% | gpu_mem_mean=2.3/47.8GB
timesteps=2023968 | env_steps/sec=284.2 | episodes/sec=5.33 | gpu_util_mean=0% gpu_util_max=1% | gpu_mem_mean=2.3/47.8GB
timesteps=2025504 | env_steps/sec=300.9 | episodes/sec=4.11 | gpu_util_mean=0% gpu_util_max=0% | gpu_mem_mean=2.3/47.8GB
timesteps=2026848 | env_steps/sec=262.5 | episodes/sec=2.73 | gpu_util_mean=0% gpu_util_max=1% | gpu_mem_mean=2.3/47.8GB
timesteps=2028192 | env_steps/sec=266.6 | episodes/sec=4.76 | gpu_util_mean=0% gpu_util_max=1% | gpu_mem_mean=2.3/47.8GB
timesteps=2029728 | env_steps/sec=290.9 | episodes/sec=3.79 | gpu_util_mean=0% gpu_util_max=1% | gpu_mem_mean=2.3/47.8GB
timesteps=2031168 | env_steps/sec=283.1 | episodes/sec=3.74 | gpu_util_mean=0% gpu_util_max=1% | gpu_mem_mean=2.3/47.8GB
timesteps=2032416 | env_steps/sec=249.4 | episodes/sec=4.60 | gpu_util_mean=0% gpu_util_max=1% | gpu_mem_mean=2.3/47.8GB
timesteps=2033856 | env_steps/sec=277.2 | episodes/sec=4.24 | gpu_util_mean=0% gpu_util_max=0% | gpu_mem_mean=2.3/47.8GB
timesteps=2035296 | env_steps/sec=279.6 | episodes/sec=4.47 | gpu_util_mean=0% gpu_util_max=1% | gpu_mem_mean=2.3/47.8GB
timesteps=2036736 | env_steps/sec=282.4 | episodes/sec=4.12 | gpu_util_mean=0% gpu_util_max=0% | gpu_mem_mean=2.3/47.8GB
timesteps=2038080 | env_steps/sec=268.8 | episodes/sec=2.80 | gpu_util_mean=0% gpu_util_max=1% | gpu_mem_mean=2.3/47.8GB
timesteps=2039520 | env_steps/sec=268.2 | episodes/sec=4.66 | gpu_util_mean=0% gpu_util_max=1% | gpu_mem_mean=2.3/47.8GB
timesteps=2040960 | env_steps/sec=275.6 | episodes/sec=4.98 | gpu_util_mean=0% gpu_util_max=1% | gpu_mem_mean=2.3/47.8GB
timesteps=2042400 | env_steps/sec=283.6 | episodes/sec=2.76 | gpu_util_mean=0% gpu_util_max=1% | gpu_mem_mean=2.3/47.8GB
timesteps=2043840 | env_steps/sec=281.8 | episodes/sec=4.70 | gpu_util_mean=19% gpu_util_max=37% | gpu_mem_mean=2.3/47.8GB
timesteps=2045376 | env_steps/sec=300.1 | episodes/sec=2.73 | gpu_util_mean=0% gpu_util_max=0% | gpu_mem_mean=2.3/47.8GB
timesteps=2046816 | env_steps/sec=276.5 | episodes/sec=5.76 | gpu_util_mean=0% gpu_util_max=1% | gpu_mem_mean=2.3/47.8GB
timesteps=2048256 | env_steps/sec=277.3 | episodes/sec=4.04 | gpu_util_mean=0% gpu_util_max=1% | gpu_mem_mean=2.3/47.8GB
timesteps=2049600 | env_steps/sec=268.4 | episodes/sec=4.19 | gpu_util_mean=0% gpu_util_max=0% | gpu_mem_mean=2.3/47.8GB
timesteps=2051040 | env_steps/sec=274.1 | episodes/sec=2.47 | gpu_util_mean=1% gpu_util_max=1% | gpu_mem_mean=2.3/47.8GB
timesteps=2052384 | env_steps/sec=264.3 | episodes/sec=4.92 | gpu_util_mean=0% gpu_util_max=0% | gpu_mem_mean=2.3/47.8GB
timesteps=2053824 | env_steps/sec=269.4 | episodes/sec=5.05 | gpu_util_mean=0% gpu_util_max=0% | gpu_mem_mean=2.3/47.8GB
timesteps=2055264 | env_steps/sec=271.4 | episodes/sec=2.45 | gpu_util_mean=0% gpu_util_max=1% | gpu_mem_mean=2.3/47.8GB
timesteps=2056704 | env_steps/sec=274.2 | episodes/sec=3.05 | gpu_util_mean=0% gpu_util_max=1% | gpu_mem_mean=2.3/47.8GB
timesteps=2058240 | env_steps/sec=289.2 | episodes/sec=4.89 | gpu_util_mean=0% gpu_util_max=1% | gpu_mem_mean=2.3/47.8GB
timesteps=2059680 | env_steps/sec=270.0 | episodes/sec=5.25 | gpu_util_mean=0% gpu_util_max=1% | gpu_mem_mean=2.3/47.8GB
timesteps=2061120 | env_steps/sec=277.6 | episodes/sec=3.28 | gpu_util_mean=0% gpu_util_max=0% | gpu_mem_mean=2.3/47.8GB
timesteps=2062464 | env_steps/sec=267.2 | episodes/sec=2.78 | gpu_util_mean=0% gpu_util_max=0% | gpu_mem_mean=2.3/47.8GB
timesteps=2063808 | env_steps/sec=260.2 | episodes/sec=4.07 | gpu_util_mean=0% gpu_util_max=1% | gpu_mem_mean=2.3/47.8GB
-------------------------------------------
| gpu/                      |             |
|    gpu_count              | 2           |
|    gpu_mem_total_gb_mean  | 47.8        |
|    gpu_mem_used_gb_mean   | 2.33        |
|    gpu_util_pct_max       | 1           |
|    gpu_util_pct_mean      | 0.5         |
| profile/                  |             |
|    hard/damage_mean       | 0.243       |
|    hard/ep_len_mean       | 64.2        |
|    hard/ep_rew_mean       | 0.184       |
|    hard/episodes_window   | 200         |
|    hard/p_damage_ge_90    | 0           |
|    hard/p_stars_ge_2      | 0           |
|    hard/score_mean        | 0.248       |
|    hard/stars_mean        | 0.005       |
|    hard/ticks_mean        | 637         |
|    hard/truncated_rate    | 0.025       |
|    medium/damage_mean     | 0.7         |
|    medium/ep_len_mean     | 73.8        |
|    medium/ep_rew_mean     | 2.1         |
|    medium/episodes_window | 200         |
|    medium/p_damage_ge_90  | 0.225       |
|    medium/p_stars_ge_2    | 0.545       |
|    medium/score_mean      | 2.17        |
|    medium/stars_mean      | 1.48        |
|    medium/ticks_mean      | 734         |
|    medium/truncated_rate  | 0.145       |
| rollout/                  |             |
|    ep_len_mean            | 68.5        |
|    ep_rew_mean            | 1.14        |
| throughput/               |             |
|    env_steps_per_sec      | 260         |
|    episodes_per_sec       | 4.07        |
| time/                     |             |
|    fps                    | 284         |
|    iterations             | 42          |
|    time_elapsed           | 7268        |
|    total_timesteps        | 2064384     |
| train/                    |             |
|    approx_kl              | 0.011271591 |
|    clip_fraction          | 0.147       |
|    clip_range             | 0.2         |
|    entropy_loss           | -5.18       |
|    explained_variance     | 0.903       |
|    learning_rate          | 0.0003      |
|    loss                   | -0.0458     |
|    n_updates              | 410         |
|    policy_gradient_loss   | -0.018      |
|    value_loss             | 0.066       |
-------------------------------------------
timesteps=2064480 | env_steps/sec=72.7 | episodes/sec=1.51 | gpu_util_mean=17% gpu_util_max=34% | gpu_mem_mean=2.3/47.8GB
timesteps=2065920 | env_steps/sec=277.8 | episodes/sec=4.24 | gpu_util_mean=0% gpu_util_max=1% | gpu_mem_mean=2.3/47.8GB
timesteps=2067360 | env_steps/sec=272.4 | episodes/sec=3.41 | gpu_util_mean=0% gpu_util_max=0% | gpu_mem_mean=2.3/47.8GB
timesteps=2068704 | env_steps/sec=268.7 | episodes/sec=3.60 | gpu_util_mean=0% gpu_util_max=1% | gpu_mem_mean=2.3/47.8GB
timesteps=2070144 | env_steps/sec=283.5 | episodes/sec=4.72 | gpu_util_mean=0% gpu_util_max=0% | gpu_mem_mean=2.3/47.8GB
timesteps=2071680 | env_steps/sec=297.1 | episodes/sec=4.45 | gpu_util_mean=1% gpu_util_max=1% | gpu_mem_mean=2.3/47.8GB
timesteps=2073024 | env_steps/sec=261.6 | episodes/sec=3.11 | gpu_util_mean=0% gpu_util_max=1% | gpu_mem_mean=2.3/47.8GB
timesteps=2074464 | env_steps/sec=279.2 | episodes/sec=3.88 | gpu_util_mean=0% gpu_util_max=1% | gpu_mem_mean=2.3/47.8GB
timesteps=2075904 | env_steps/sec=281.7 | episodes/sec=4.70 | gpu_util_mean=0% gpu_util_max=0% | gpu_mem_mean=2.3/47.8GB
timesteps=2077248 | env_steps/sec=264.1 | episodes/sec=4.32 | gpu_util_mean=0% gpu_util_max=0% | gpu_mem_mean=2.3/47.8GB
timesteps=2078688 | env_steps/sec=279.9 | episodes/sec=3.50 | gpu_util_mean=1% gpu_util_max=1% | gpu_mem_mean=2.3/47.8GB
timesteps=2080128 | env_steps/sec=280.5 | episodes/sec=3.70 | gpu_util_mean=0% gpu_util_max=0% | gpu_mem_mean=2.3/47.8GB
timesteps=2081472 | env_steps/sec=267.9 | episodes/sec=3.79 | gpu_util_mean=0% gpu_util_max=0% | gpu_mem_mean=2.3/47.8GB
timesteps=2082912 | env_steps/sec=287.1 | episodes/sec=4.59 | gpu_util_mean=0% gpu_util_max=1% | gpu_mem_mean=2.3/47.8GB
timesteps=2084256 | env_steps/sec=263.7 | episodes/sec=4.91 | gpu_util_mean=0% gpu_util_max=0% | gpu_mem_mean=2.3/47.8GB
timesteps=2085600 | env_steps/sec=262.9 | episodes/sec=3.32 | gpu_util_mean=1% gpu_util_max=1% | gpu_mem_mean=2.3/47.8GB
timesteps=2087040 | env_steps/sec=282.0 | episodes/sec=3.92 | gpu_util_mean=0% gpu_util_max=0% | gpu_mem_mean=2.3/47.8GB
timesteps=2088480 | env_steps/sec=282.0 | episodes/sec=3.92 | gpu_util_mean=0% gpu_util_max=1% | gpu_mem_mean=2.3/47.8GB
timesteps=2090016 | env_steps/sec=291.7 | episodes/sec=4.94 | gpu_util_mean=0% gpu_util_max=0% | gpu_mem_mean=2.3/47.8GB
timesteps=2091648 | env_steps/sec=310.6 | episodes/sec=4.95 | gpu_util_mean=0% gpu_util_max=0% | gpu_mem_mean=2.3/47.8GB
timesteps=2093184 | env_steps/sec=289.4 | episodes/sec=3.20 | gpu_util_mean=18% gpu_util_max=36% | gpu_mem_mean=2.3/47.8GB
timesteps=2094624 | env_steps/sec=277.8 | episodes/sec=3.86 | gpu_util_mean=7% gpu_util_max=14% | gpu_mem_mean=2.3/47.8GB
timesteps=2096064 | env_steps/sec=274.5 | episodes/sec=4.00 | gpu_util_mean=0% gpu_util_max=0% | gpu_mem_mean=2.3/47.8GB
timesteps=2097504 | env_steps/sec=266.2 | episodes/sec=4.99 | gpu_util_mean=0% gpu_util_max=0% | gpu_mem_mean=2.3/47.8GB
timesteps=2098944 | env_steps/sec=270.1 | episodes/sec=3.38 | gpu_util_mean=0% gpu_util_max=1% | gpu_mem_mean=2.3/47.8GB
timesteps=2100288 | env_steps/sec=261.3 | episodes/sec=2.53 | gpu_util_mean=0% gpu_util_max=0% | gpu_mem_mean=2.3/47.8GB
timesteps=2101728 | env_steps/sec=282.8 | episodes/sec=5.11 | gpu_util_mean=0% gpu_util_max=0% | gpu_mem_mean=2.3/47.8GB
timesteps=2103072 | env_steps/sec=263.7 | episodes/sec=3.73 | gpu_util_mean=0% gpu_util_max=0% | gpu_mem_mean=2.3/47.8GB
timesteps=2104512 | env_steps/sec=278.7 | episodes/sec=4.45 | gpu_util_mean=0% gpu_util_max=1% | gpu_mem_mean=2.3/47.8GB
timesteps=2105856 | env_steps/sec=262.2 | episodes/sec=3.32 | gpu_util_mean=0% gpu_util_max=1% | gpu_mem_mean=2.3/47.8GB
timesteps=2107296 | env_steps/sec=277.2 | episodes/sec=4.04 | gpu_util_mean=0% gpu_util_max=0% | gpu_mem_mean=2.3/47.8GB
timesteps=2108640 | env_steps/sec=262.6 | episodes/sec=3.52 | gpu_util_mean=0% gpu_util_max=0% | gpu_mem_mean=2.3/47.8GB
timesteps=2109984 | env_steps/sec=263.5 | episodes/sec=4.51 | gpu_util_mean=0% gpu_util_max=0% | gpu_mem_mean=2.3/47.8GB
timesteps=2111424 | env_steps/sec=276.5 | episodes/sec=3.46 | gpu_util_mean=0% gpu_util_max=0% | gpu_mem_mean=2.3/47.8GB
timesteps=2112864 | env_steps/sec=275.8 | episodes/sec=4.79 | gpu_util_mean=0% gpu_util_max=1% | gpu_mem_mean=2.3/47.8GB
-------------------------------------------
| gpu/                      |             |
|    gpu_count              | 2           |
|    gpu_mem_total_gb_mean  | 47.8        |
|    gpu_mem_used_gb_mean   | 2.33        |
|    gpu_util_pct_max       | 1           |
|    gpu_util_pct_mean      | 0.5         |
| profile/                  |             |
|    hard/damage_mean       | 0.236       |
|    hard/ep_len_mean       | 64.9        |
|    hard/ep_rew_mean       | 0.177       |
|    hard/episodes_window   | 200         |
|    hard/p_damage_ge_90    | 0           |
|    hard/p_stars_ge_2      | 0           |
|    hard/score_mean        | 0.241       |
|    hard/stars_mean        | 0.005       |
|    hard/ticks_mean        | 645         |
|    hard/truncated_rate    | 0.045       |
|    medium/damage_mean     | 0.702       |
|    medium/ep_len_mean     | 72.6        |
|    medium/ep_rew_mean     | 2.16        |
|    medium/episodes_window | 200         |
|    medium/p_damage_ge_90  | 0.175       |
|    medium/p_stars_ge_2    | 0.61        |
|    medium/score_mean      | 2.23        |
|    medium/stars_mean      | 1.53        |
|    medium/ticks_mean      | 722         |
|    medium/truncated_rate  | 0.105       |
| rollout/                  |             |
|    ep_len_mean            | 69.5        |
|    ep_rew_mean            | 1.14        |
| throughput/               |             |
|    env_steps_per_sec      | 276         |
|    episodes_per_sec       | 4.79        |
| time/                     |             |
|    fps                    | 283         |
|    iterations             | 43          |
|    time_elapsed           | 7454        |
|    total_timesteps        | 2113536     |
| train/                    |             |
|    approx_kl              | 0.011509431 |
|    clip_fraction          | 0.143       |
|    clip_range             | 0.2         |
|    entropy_loss           | -5.17       |
|    explained_variance     | 0.884       |
|    learning_rate          | 0.0003      |
|    loss                   | -0.0464     |
|    n_updates              | 420         |
|    policy_gradient_loss   | -0.0195     |
|    value_loss             | 0.0667      |
-------------------------------------------
timesteps=2113632 | env_steps/sec=79.2 | episodes/sec=1.13 | gpu_util_mean=0% gpu_util_max=0% | gpu_mem_mean=2.3/47.8GB
timesteps=2115072 | env_steps/sec=273.5 | episodes/sec=3.42 | gpu_util_mean=0% gpu_util_max=1% | gpu_mem_mean=2.3/47.8GB
timesteps=2116512 | env_steps/sec=275.4 | episodes/sec=3.82 | gpu_util_mean=0% gpu_util_max=0% | gpu_mem_mean=2.3/47.8GB
timesteps=2117856 | env_steps/sec=265.6 | episodes/sec=3.36 | gpu_util_mean=0% gpu_util_max=1% | gpu_mem_mean=2.3/47.8GB
timesteps=2119392 | env_steps/sec=294.2 | episodes/sec=4.79 | gpu_util_mean=0% gpu_util_max=0% | gpu_mem_mean=2.3/47.8GB
timesteps=2120832 | env_steps/sec=277.2 | episodes/sec=5.01 | gpu_util_mean=0% gpu_util_max=0% | gpu_mem_mean=2.3/47.8GB
timesteps=2122176 | env_steps/sec=261.2 | episodes/sec=4.08 | gpu_util_mean=0% gpu_util_max=1% | gpu_mem_mean=2.3/47.8GB
timesteps=2123616 | env_steps/sec=283.4 | episodes/sec=1.77 | gpu_util_mean=0% gpu_util_max=1% | gpu_mem_mean=2.3/47.8GB
timesteps=2125056 | env_steps/sec=274.8 | episodes/sec=4.39 | gpu_util_mean=0% gpu_util_max=0% | gpu_mem_mean=2.3/47.8GB
timesteps=2126496 | env_steps/sec=270.1 | episodes/sec=5.06 | gpu_util_mean=0% gpu_util_max=0% | gpu_mem_mean=2.3/47.8GB
timesteps=2127840 | env_steps/sec=267.3 | episodes/sec=4.18 | gpu_util_mean=0% gpu_util_max=1% | gpu_mem_mean=2.3/47.8GB
timesteps=2129184 | env_steps/sec=267.8 | episodes/sec=3.98 | gpu_util_mean=0% gpu_util_max=0% | gpu_mem_mean=2.3/47.8GB
timesteps=2130528 | env_steps/sec=265.6 | episodes/sec=2.77 | gpu_util_mean=0% gpu_util_max=0% | gpu_mem_mean=2.3/47.8GB
timesteps=2131968 | env_steps/sec=278.1 | episodes/sec=3.09 | gpu_util_mean=0% gpu_util_max=1% | gpu_mem_mean=2.3/47.8GB
timesteps=2133408 | env_steps/sec=281.9 | episodes/sec=5.09 | gpu_util_mean=0% gpu_util_max=0% | gpu_mem_mean=2.3/47.8GB
timesteps=2134848 | env_steps/sec=282.9 | episodes/sec=5.11 | gpu_util_mean=0% gpu_util_max=0% | gpu_mem_mean=2.3/47.8GB
timesteps=2136192 | env_steps/sec=264.0 | episodes/sec=3.93 | gpu_util_mean=0% gpu_util_max=0% | gpu_mem_mean=2.3/47.8GB
timesteps=2137632 | env_steps/sec=279.5 | episodes/sec=3.11 | gpu_util_mean=0% gpu_util_max=1% | gpu_mem_mean=2.3/47.8GB
timesteps=2138976 | env_steps/sec=255.2 | episodes/sec=2.66 | gpu_util_mean=0% gpu_util_max=0% | gpu_mem_mean=2.3/47.8GB
timesteps=2140416 | env_steps/sec=279.3 | episodes/sec=5.43 | gpu_util_mean=0% gpu_util_max=1% | gpu_mem_mean=2.3/47.8GB
timesteps=2141856 | env_steps/sec=268.9 | episodes/sec=4.48 | gpu_util_mean=0% gpu_util_max=1% | gpu_mem_mean=2.3/47.8GB
timesteps=2143296 | env_steps/sec=283.0 | episodes/sec=3.73 | gpu_util_mean=16% gpu_util_max=33% | gpu_mem_mean=2.3/47.8GB
timesteps=2144736 | env_steps/sec=277.9 | episodes/sec=2.70 | gpu_util_mean=16% gpu_util_max=33% | gpu_mem_mean=2.3/47.8GB
timesteps=2146176 | env_steps/sec=274.2 | episodes/sec=3.24 | gpu_util_mean=0% gpu_util_max=0% | gpu_mem_mean=2.3/47.8GB
timesteps=2147520 | env_steps/sec=258.2 | episodes/sec=5.38 | gpu_util_mean=0% gpu_util_max=0% | gpu_mem_mean=2.3/47.8GB
timesteps=2148960 | env_steps/sec=274.0 | episodes/sec=5.14 | gpu_util_mean=1% gpu_util_max=1% | gpu_mem_mean=2.3/47.8GB
timesteps=2150304 | env_steps/sec=265.3 | episodes/sec=2.96 | gpu_util_mean=0% gpu_util_max=0% | gpu_mem_mean=2.3/47.8GB
timesteps=2151840 | env_steps/sec=305.6 | episodes/sec=3.38 | gpu_util_mean=0% gpu_util_max=0% | gpu_mem_mean=2.3/47.8GB
timesteps=2153472 | env_steps/sec=311.8 | episodes/sec=4.58 | gpu_util_mean=0% gpu_util_max=0% | gpu_mem_mean=2.3/47.8GB
timesteps=2155104 | env_steps/sec=306.7 | episodes/sec=5.64 | gpu_util_mean=0% gpu_util_max=1% | gpu_mem_mean=2.3/47.8GB
timesteps=2156544 | env_steps/sec=275.9 | episodes/sec=2.87 | gpu_util_mean=0% gpu_util_max=0% | gpu_mem_mean=2.3/47.8GB
timesteps=2157984 | env_steps/sec=285.1 | episodes/sec=4.36 | gpu_util_mean=0% gpu_util_max=0% | gpu_mem_mean=2.3/47.8GB
timesteps=2159424 | env_steps/sec=280.2 | episodes/sec=4.48 | gpu_util_mean=0% gpu_util_max=0% | gpu_mem_mean=2.3/47.8GB
timesteps=2160960 | env_steps/sec=293.6 | episodes/sec=4.59 | gpu_util_mean=0% gpu_util_max=0% | gpu_mem_mean=2.3/47.8GB
timesteps=2162400 | env_steps/sec=280.0 | episodes/sec=2.72 | gpu_util_mean=0% gpu_util_max=0% | gpu_mem_mean=2.3/47.8GB
--------------------------------------------
| gpu/                      |              |
|    gpu_count              | 2            |
|    gpu_mem_total_gb_mean  | 47.8         |
|    gpu_mem_used_gb_mean   | 2.33         |
|    gpu_util_pct_max       | 0            |
|    gpu_util_pct_mean      | 0            |
| profile/                  |              |
|    hard/damage_mean       | 0.241        |
|    hard/ep_len_mean       | 64.3         |
|    hard/ep_rew_mean       | 0.187        |
|    hard/episodes_window   | 200          |
|    hard/p_damage_ge_90    | 0            |
|    hard/p_stars_ge_2      | 0            |
|    hard/score_mean        | 0.251        |
|    hard/stars_mean        | 0.01         |
|    hard/ticks_mean        | 639          |
|    hard/truncated_rate    | 0.02         |
|    medium/damage_mean     | 0.694        |
|    medium/ep_len_mean     | 74.5         |
|    medium/ep_rew_mean     | 2.06         |
|    medium/episodes_window | 200          |
|    medium/p_damage_ge_90  | 0.225        |
|    medium/p_stars_ge_2    | 0.565        |
|    medium/score_mean      | 2.13         |
|    medium/stars_mean      | 1.44         |
|    medium/ticks_mean      | 741          |
|    medium/truncated_rate  | 0.19         |
| rollout/                  |              |
|    ep_len_mean            | 70.5         |
|    ep_rew_mean            | 1.03         |
| throughput/               |              |
|    env_steps_per_sec      | 280          |
|    episodes_per_sec       | 2.72         |
| time/                     |              |
|    fps                    | 283          |
|    iterations             | 44           |
|    time_elapsed           | 7638         |
|    total_timesteps        | 2162688      |
| train/                    |              |
|    approx_kl              | 0.0106561445 |
|    clip_fraction          | 0.135        |
|    clip_range             | 0.2          |
|    entropy_loss           | -5.17        |
|    explained_variance     | 0.9          |
|    learning_rate          | 0.0003       |
|    loss                   | -0.0506      |
|    n_updates              | 430          |
|    policy_gradient_loss   | -0.0179      |
|    value_loss             | 0.0692       |
--------------------------------------------
timesteps=2162784 | env_steps/sec=46.5 | episodes/sec=1.09 | gpu_util_mean=18% gpu_util_max=36% | gpu_mem_mean=2.3/47.8GB
timesteps=2164224 | env_steps/sec=272.8 | episodes/sec=4.55 | gpu_util_mean=1% gpu_util_max=1% | gpu_mem_mean=2.3/47.8GB
timesteps=2165664 | env_steps/sec=279.0 | episodes/sec=3.68 | gpu_util_mean=0% gpu_util_max=0% | gpu_mem_mean=2.3/47.8GB
timesteps=2167200 | env_steps/sec=290.8 | episodes/sec=5.11 | gpu_util_mean=0% gpu_util_max=1% | gpu_mem_mean=2.3/47.8GB
timesteps=2168544 | env_steps/sec=262.9 | episodes/sec=2.35 | gpu_util_mean=0% gpu_util_max=1% | gpu_mem_mean=2.3/47.8GB
timesteps=2169984 | env_steps/sec=285.3 | episodes/sec=4.36 | gpu_util_mean=0% gpu_util_max=0% | gpu_mem_mean=2.3/47.8GB
timesteps=2171328 | env_steps/sec=258.7 | episodes/sec=3.85 | gpu_util_mean=0% gpu_util_max=0% | gpu_mem_mean=2.3/47.8GB
timesteps=2172768 | env_steps/sec=278.2 | episodes/sec=5.22 | gpu_util_mean=0% gpu_util_max=1% | gpu_mem_mean=2.3/47.8GB
timesteps=2174208 | env_steps/sec=283.4 | episodes/sec=3.74 | gpu_util_mean=0% gpu_util_max=0% | gpu_mem_mean=2.3/47.8GB
timesteps=2175552 | env_steps/sec=265.5 | episodes/sec=3.36 | gpu_util_mean=0% gpu_util_max=1% | gpu_mem_mean=2.3/47.8GB
timesteps=2176992 | env_steps/sec=282.1 | episodes/sec=4.31 | gpu_util_mean=0% gpu_util_max=0% | gpu_mem_mean=2.3/47.8GB
timesteps=2178336 | env_steps/sec=258.4 | episodes/sec=4.42 | gpu_util_mean=1% gpu_util_max=1% | gpu_mem_mean=2.3/47.8GB
timesteps=2179776 | env_steps/sec=277.3 | episodes/sec=3.85 | gpu_util_mean=0% gpu_util_max=0% | gpu_mem_mean=2.3/47.8GB
timesteps=2181024 | env_steps/sec=247.8 | episodes/sec=3.37 | gpu_util_mean=0% gpu_util_max=1% | gpu_mem_mean=2.3/47.8GB
timesteps=2182464 | env_steps/sec=273.2 | episodes/sec=3.79 | gpu_util_mean=0% gpu_util_max=0% | gpu_mem_mean=2.3/47.8GB
timesteps=2183904 | env_steps/sec=284.3 | episodes/sec=3.75 | gpu_util_mean=1% gpu_util_max=1% | gpu_mem_mean=2.3/47.8GB
timesteps=2185344 | env_steps/sec=283.5 | episodes/sec=3.74 | gpu_util_mean=0% gpu_util_max=0% | gpu_mem_mean=2.3/47.8GB
timesteps=2186784 | env_steps/sec=285.0 | episodes/sec=4.16 | gpu_util_mean=0% gpu_util_max=1% | gpu_mem_mean=2.3/47.8GB
timesteps=2188128 | env_steps/sec=264.4 | episodes/sec=4.92 | gpu_util_mean=0% gpu_util_max=1% | gpu_mem_mean=2.3/47.8GB
timesteps=2189568 | env_steps/sec=278.5 | episodes/sec=3.29 | gpu_util_mean=1% gpu_util_max=1% | gpu_mem_mean=2.3/47.8GB
timesteps=2191008 | env_steps/sec=273.2 | episodes/sec=3.79 | gpu_util_mean=0% gpu_util_max=0% | gpu_mem_mean=2.3/47.8GB
timesteps=2192352 | env_steps/sec=257.2 | episodes/sec=2.87 | gpu_util_mean=0% gpu_util_max=0% | gpu_mem_mean=2.3/47.8GB
timesteps=2193792 | env_steps/sec=280.7 | episodes/sec=4.48 | gpu_util_mean=19% gpu_util_max=37% | gpu_mem_mean=2.3/47.8GB
timesteps=2195232 | env_steps/sec=269.7 | episodes/sec=4.31 | gpu_util_mean=0% gpu_util_max=1% | gpu_mem_mean=2.3/47.8GB
timesteps=2196672 | env_steps/sec=270.4 | episodes/sec=4.51 | gpu_util_mean=0% gpu_util_max=0% | gpu_mem_mean=2.3/47.8GB
timesteps=2198016 | env_steps/sec=257.6 | episodes/sec=2.49 | gpu_util_mean=0% gpu_util_max=0% | gpu_mem_mean=2.3/47.8GB
timesteps=2199456 | env_steps/sec=278.6 | episodes/sec=4.45 | gpu_util_mean=0% gpu_util_max=1% | gpu_mem_mean=2.3/47.8GB
timesteps=2200800 | env_steps/sec=250.8 | episodes/sec=4.85 | gpu_util_mean=1% gpu_util_max=1% | gpu_mem_mean=2.3/47.8GB
timesteps=2202240 | env_steps/sec=274.9 | episodes/sec=2.48 | gpu_util_mean=0% gpu_util_max=1% | gpu_mem_mean=2.3/47.8GB
timesteps=2203680 | env_steps/sec=272.3 | episodes/sec=4.35 | gpu_util_mean=0% gpu_util_max=0% | gpu_mem_mean=2.3/47.8GB
timesteps=2205120 | env_steps/sec=283.1 | episodes/sec=4.72 | gpu_util_mean=1% gpu_util_max=1% | gpu_mem_mean=2.3/47.8GB
timesteps=2206560 | env_steps/sec=275.1 | episodes/sec=4.20 | gpu_util_mean=0% gpu_util_max=0% | gpu_mem_mean=2.3/47.8GB
timesteps=2208096 | env_steps/sec=285.6 | episodes/sec=3.72 | gpu_util_mean=0% gpu_util_max=0% | gpu_mem_mean=2.3/47.8GB
timesteps=2209440 | env_steps/sec=264.6 | episodes/sec=3.54 | gpu_util_mean=0% gpu_util_max=1% | gpu_mem_mean=2.3/47.8GB
timesteps=2210880 | env_steps/sec=282.4 | episodes/sec=4.12 | gpu_util_mean=0% gpu_util_max=0% | gpu_mem_mean=2.3/47.8GB
-------------------------------------------
| gpu/                      |             |
|    gpu_count              | 2           |
|    gpu_mem_total_gb_mean  | 47.8        |
|    gpu_mem_used_gb_mean   | 2.33        |
|    gpu_util_pct_max       | 0           |
|    gpu_util_pct_mean      | 0           |
| profile/                  |             |
|    hard/damage_mean       | 0.231       |
|    hard/ep_len_mean       | 64.4        |
|    hard/ep_rew_mean       | 0.172       |
|    hard/episodes_window   | 200         |
|    hard/p_damage_ge_90    | 0           |
|    hard/p_stars_ge_2      | 0           |
|    hard/score_mean        | 0.236       |
|    hard/stars_mean        | 0.005       |
|    hard/ticks_mean        | 640         |
|    hard/truncated_rate    | 0.01        |
|    medium/damage_mean     | 0.723       |
|    medium/ep_len_mean     | 74.7        |
|    medium/ep_rew_mean     | 2.19        |
|    medium/episodes_window | 200         |
|    medium/p_damage_ge_90  | 0.235       |
|    medium/p_stars_ge_2    | 0.615       |
|    medium/score_mean      | 2.27        |
|    medium/stars_mean      | 1.54        |
|    medium/ticks_mean      | 743         |
|    medium/truncated_rate  | 0.15        |
| rollout/                  |             |
|    ep_len_mean            | 67.5        |
|    ep_rew_mean            | 1.04        |
| throughput/               |             |
|    env_steps_per_sec      | 282         |
|    episodes_per_sec       | 4.12        |
| time/                     |             |
|    fps                    | 282         |
|    iterations             | 45          |
|    time_elapsed           | 7824        |
|    total_timesteps        | 2211840     |
| train/                    |             |
|    approx_kl              | 0.011543081 |
|    clip_fraction          | 0.159       |
|    clip_range             | 0.2         |
|    entropy_loss           | -5.16       |
|    explained_variance     | 0.905       |
|    learning_rate          | 0.0003      |
|    loss                   | -0.0434     |
|    n_updates              | 440         |
|    policy_gradient_loss   | -0.0196     |
|    value_loss             | 0.0632      |
-------------------------------------------
timesteps=2211936 | env_steps/sec=95.2 | episodes/sec=1.62 | gpu_util_mean=0% gpu_util_max=0% | gpu_mem_mean=2.3/47.8GB
timesteps=2213376 | env_steps/sec=272.2 | episodes/sec=4.16 | gpu_util_mean=0% gpu_util_max=0% | gpu_mem_mean=2.3/47.8GB
timesteps=2214816 | env_steps/sec=274.3 | episodes/sec=4.00 | gpu_util_mean=0% gpu_util_max=1% | gpu_mem_mean=2.3/47.8GB
timesteps=2216352 | env_steps/sec=289.1 | episodes/sec=2.82 | gpu_util_mean=0% gpu_util_max=1% | gpu_mem_mean=2.3/47.8GB
timesteps=2217888 | env_steps/sec=289.5 | episodes/sec=5.28 | gpu_util_mean=1% gpu_util_max=1% | gpu_mem_mean=2.3/47.8GB
timesteps=2219328 | env_steps/sec=282.2 | episodes/sec=4.51 | gpu_util_mean=0% gpu_util_max=0% | gpu_mem_mean=2.3/47.8GB
timesteps=2220672 | env_steps/sec=267.9 | episodes/sec=3.19 | gpu_util_mean=0% gpu_util_max=1% | gpu_mem_mean=2.3/47.8GB
timesteps=2222016 | env_steps/sec=267.0 | episodes/sec=3.78 | gpu_util_mean=0% gpu_util_max=0% | gpu_mem_mean=2.3/47.8GB
timesteps=2223360 | env_steps/sec=262.6 | episodes/sec=3.71 | gpu_util_mean=0% gpu_util_max=0% | gpu_mem_mean=2.3/47.8GB
timesteps=2224800 | env_steps/sec=275.0 | episodes/sec=4.78 | gpu_util_mean=0% gpu_util_max=1% | gpu_mem_mean=2.3/47.8GB
timesteps=2226144 | env_steps/sec=261.4 | episodes/sec=3.89 | gpu_util_mean=0% gpu_util_max=0% | gpu_mem_mean=2.3/47.8GB
timesteps=2227488 | env_steps/sec=262.9 | episodes/sec=2.74 | gpu_util_mean=0% gpu_util_max=1% | gpu_mem_mean=2.3/47.8GB
timesteps=2229024 | env_steps/sec=301.6 | episodes/sec=5.30 | gpu_util_mean=0% gpu_util_max=1% | gpu_mem_mean=2.3/47.8GB
timesteps=2230464 | env_steps/sec=287.5 | episodes/sec=4.59 | gpu_util_mean=0% gpu_util_max=0% | gpu_mem_mean=2.3/47.8GB
timesteps=2231904 | env_steps/sec=274.8 | episodes/sec=4.39 | gpu_util_mean=0% gpu_util_max=0% | gpu_mem_mean=2.3/47.8GB
timesteps=2233344 | env_steps/sec=272.1 | episodes/sec=2.83 | gpu_util_mean=0% gpu_util_max=1% | gpu_mem_mean=2.3/47.8GB
timesteps=2234784 | env_steps/sec=265.2 | episodes/sec=2.95 | gpu_util_mean=0% gpu_util_max=0% | gpu_mem_mean=2.3/47.8GB
timesteps=2236320 | env_steps/sec=299.6 | episodes/sec=7.02 | gpu_util_mean=1% gpu_util_max=1% | gpu_mem_mean=2.3/47.8GB
timesteps=2237760 | env_steps/sec=272.6 | episodes/sec=2.46 | gpu_util_mean=1% gpu_util_max=1% | gpu_mem_mean=2.3/47.8GB
timesteps=2239200 | env_steps/sec=267.8 | episodes/sec=4.09 | gpu_util_mean=0% gpu_util_max=1% | gpu_mem_mean=2.3/47.8GB
timesteps=2240544 | env_steps/sec=258.0 | episodes/sec=3.07 | gpu_util_mean=0% gpu_util_max=0% | gpu_mem_mean=2.3/47.8GB
timesteps=2242080 | env_steps/sec=295.6 | episodes/sec=5.20 | gpu_util_mean=0% gpu_util_max=0% | gpu_mem_mean=2.3/47.8GB
timesteps=2243520 | env_steps/sec=284.6 | episodes/sec=3.95 | gpu_util_mean=18% gpu_util_max=37% | gpu_mem_mean=2.3/47.8GB
timesteps=2245056 | env_steps/sec=285.9 | episodes/sec=3.72 | gpu_util_mean=0% gpu_util_max=1% | gpu_mem_mean=2.3/47.8GB
timesteps=2246496 | env_steps/sec=277.4 | episodes/sec=3.28 | gpu_util_mean=0% gpu_util_max=0% | gpu_mem_mean=2.3/47.8GB
timesteps=2247936 | env_steps/sec=278.3 | episodes/sec=4.83 | gpu_util_mean=0% gpu_util_max=0% | gpu_mem_mean=2.3/47.8GB
timesteps=2249376 | env_steps/sec=273.7 | episodes/sec=3.61 | gpu_util_mean=0% gpu_util_max=0% | gpu_mem_mean=2.3/47.8GB
timesteps=2250816 | env_steps/sec=285.7 | episodes/sec=4.56 | gpu_util_mean=0% gpu_util_max=0% | gpu_mem_mean=2.3/47.8GB
timesteps=2252160 | env_steps/sec=268.2 | episodes/sec=4.19 | gpu_util_mean=0% gpu_util_max=0% | gpu_mem_mean=2.3/47.8GB
timesteps=2253504 | env_steps/sec=249.9 | episodes/sec=3.16 | gpu_util_mean=0% gpu_util_max=0% | gpu_mem_mean=2.3/47.8GB
timesteps=2254944 | env_steps/sec=274.3 | episodes/sec=2.86 | gpu_util_mean=0% gpu_util_max=0% | gpu_mem_mean=2.3/47.8GB
timesteps=2256384 | env_steps/sec=282.8 | episodes/sec=4.91 | gpu_util_mean=0% gpu_util_max=0% | gpu_mem_mean=2.3/47.8GB
timesteps=2257824 | env_steps/sec=280.1 | episodes/sec=4.67 | gpu_util_mean=0% gpu_util_max=1% | gpu_mem_mean=2.3/47.8GB
timesteps=2259264 | env_steps/sec=268.8 | episodes/sec=5.04 | gpu_util_mean=0% gpu_util_max=1% | gpu_mem_mean=2.3/47.8GB
timesteps=2260608 | env_steps/sec=267.2 | episodes/sec=2.58 | gpu_util_mean=0% gpu_util_max=1% | gpu_mem_mean=2.3/47.8GB
-------------------------------------------
| gpu/                      |             |
|    gpu_count              | 2           |
|    gpu_mem_total_gb_mean  | 47.8        |
|    gpu_mem_used_gb_mean   | 2.33        |
|    gpu_util_pct_max       | 1           |
|    gpu_util_pct_mean      | 0.5         |
| profile/                  |             |
|    hard/damage_mean       | 0.235       |
|    hard/ep_len_mean       | 64.7        |
|    hard/ep_rew_mean       | 0.171       |
|    hard/episodes_window   | 200         |
|    hard/p_damage_ge_90    | 0           |
|    hard/p_stars_ge_2      | 0           |
|    hard/score_mean        | 0.235       |
|    hard/stars_mean        | 0           |
|    hard/ticks_mean        | 643         |
|    hard/truncated_rate    | 0.015       |
|    medium/damage_mean     | 0.712       |
|    medium/ep_len_mean     | 75.2        |
|    medium/ep_rew_mean     | 2.21        |
|    medium/episodes_window | 200         |
|    medium/p_damage_ge_90  | 0.215       |
|    medium/p_stars_ge_2    | 0.615       |
|    medium/score_mean      | 2.29        |
|    medium/stars_mean      | 1.57        |
|    medium/ticks_mean      | 748         |
|    medium/truncated_rate  | 0.205       |
| rollout/                  |             |
|    ep_len_mean            | 69.9        |
|    ep_rew_mean            | 1.07        |
| throughput/               |             |
|    env_steps_per_sec      | 267         |
|    episodes_per_sec       | 2.58        |
| time/                     |             |
|    fps                    | 282         |
|    iterations             | 46          |
|    time_elapsed           | 8010        |
|    total_timesteps        | 2260992     |
| train/                    |             |
|    approx_kl              | 0.008269372 |
|    clip_fraction          | 0.0952      |
|    clip_range             | 0.2         |
|    entropy_loss           | -5.14       |
|    explained_variance     | 0.9         |
|    learning_rate          | 0.0003      |
|    loss                   | -0.0356     |
|    n_updates              | 450         |
|    policy_gradient_loss   | -0.0176     |
|    value_loss             | 0.0742      |
-------------------------------------------
timesteps=2261088 | env_steps/sec=52.4 | episodes/sec=0.22 | gpu_util_mean=16% gpu_util_max=32% | gpu_mem_mean=2.3/47.8GB
timesteps=2262528 | env_steps/sec=283.3 | episodes/sec=3.93 | gpu_util_mean=0% gpu_util_max=0% | gpu_mem_mean=2.3/47.8GB
timesteps=2263872 | env_steps/sec=259.6 | episodes/sec=4.44 | gpu_util_mean=0% gpu_util_max=1% | gpu_mem_mean=2.3/47.8GB
timesteps=2265312 | env_steps/sec=273.7 | episodes/sec=4.18 | gpu_util_mean=0% gpu_util_max=1% | gpu_mem_mean=2.3/47.8GB
timesteps=2266752 | env_steps/sec=272.8 | episodes/sec=4.55 | gpu_util_mean=1% gpu_util_max=1% | gpu_mem_mean=2.3/47.8GB
timesteps=2268192 | env_steps/sec=271.5 | episodes/sec=3.39 | gpu_util_mean=0% gpu_util_max=1% | gpu_mem_mean=2.3/47.8GB
timesteps=2269728 | env_steps/sec=287.6 | episodes/sec=4.87 | gpu_util_mean=0% gpu_util_max=1% | gpu_mem_mean=2.3/47.8GB
timesteps=2271168 | env_steps/sec=268.7 | episodes/sec=3.73 | gpu_util_mean=0% gpu_util_max=0% | gpu_mem_mean=2.3/47.8GB
timesteps=2272608 | env_steps/sec=272.6 | episodes/sec=3.97 | gpu_util_mean=0% gpu_util_max=0% | gpu_mem_mean=2.3/47.8GB
timesteps=2274048 | env_steps/sec=276.2 | episodes/sec=3.45 | gpu_util_mean=0% gpu_util_max=1% | gpu_mem_mean=2.3/47.8GB
timesteps=2275488 | env_steps/sec=275.7 | episodes/sec=4.79 | gpu_util_mean=0% gpu_util_max=1% | gpu_mem_mean=2.3/47.8GB
timesteps=2276928 | env_steps/sec=273.0 | episodes/sec=3.98 | gpu_util_mean=0% gpu_util_max=1% | gpu_mem_mean=2.3/47.8GB
timesteps=2278368 | env_steps/sec=276.8 | episodes/sec=3.65 | gpu_util_mean=0% gpu_util_max=1% | gpu_mem_mean=2.3/47.8GB
timesteps=2279808 | env_steps/sec=284.9 | episodes/sec=4.95 | gpu_util_mean=0% gpu_util_max=1% | gpu_mem_mean=2.3/47.8GB
timesteps=2281248 | env_steps/sec=275.5 | episodes/sec=3.44 | gpu_util_mean=0% gpu_util_max=0% | gpu_mem_mean=2.3/47.8GB
timesteps=2282688 | env_steps/sec=272.1 | episodes/sec=3.59 | gpu_util_mean=0% gpu_util_max=1% | gpu_mem_mean=2.3/47.8GB
timesteps=2284032 | env_steps/sec=263.2 | episodes/sec=3.92 | gpu_util_mean=0% gpu_util_max=1% | gpu_mem_mean=2.3/47.8GB
timesteps=2285472 | env_steps/sec=283.1 | episodes/sec=4.33 | gpu_util_mean=0% gpu_util_max=0% | gpu_mem_mean=2.3/47.8GB
timesteps=2286816 | env_steps/sec=267.9 | episodes/sec=5.38 | gpu_util_mean=0% gpu_util_max=0% | gpu_mem_mean=2.3/47.8GB
timesteps=2288160 | env_steps/sec=266.6 | episodes/sec=1.79 | gpu_util_mean=0% gpu_util_max=0% | gpu_mem_mean=2.3/47.8GB
timesteps=2289600 | env_steps/sec=276.8 | episodes/sec=4.61 | gpu_util_mean=0% gpu_util_max=0% | gpu_mem_mean=2.3/47.8GB
timesteps=2291040 | env_steps/sec=275.5 | episodes/sec=3.44 | gpu_util_mean=0% gpu_util_max=0% | gpu_mem_mean=2.3/47.8GB
timesteps=2292576 | env_steps/sec=292.2 | episodes/sec=4.95 | gpu_util_mean=18% gpu_util_max=35% | gpu_mem_mean=2.3/47.8GB
timesteps=2293920 | env_steps/sec=268.2 | episodes/sec=3.59 | gpu_util_mean=0% gpu_util_max=0% | gpu_mem_mean=2.3/47.8GB
timesteps=2295360 | env_steps/sec=279.6 | episodes/sec=4.47 | gpu_util_mean=0% gpu_util_max=0% | gpu_mem_mean=2.3/47.8GB
timesteps=2296800 | env_steps/sec=279.4 | episodes/sec=3.49 | gpu_util_mean=0% gpu_util_max=1% | gpu_mem_mean=2.3/47.8GB
timesteps=2298240 | env_steps/sec=269.4 | episodes/sec=3.37 | gpu_util_mean=0% gpu_util_max=0% | gpu_mem_mean=2.3/47.8GB
timesteps=2299680 | env_steps/sec=270.9 | episodes/sec=3.95 | gpu_util_mean=0% gpu_util_max=0% | gpu_mem_mean=2.3/47.8GB
timesteps=2301024 | env_steps/sec=260.2 | episodes/sec=5.03 | gpu_util_mean=0% gpu_util_max=0% | gpu_mem_mean=2.3/47.8GB
timesteps=2302464 | env_steps/sec=283.3 | episodes/sec=3.93 | gpu_util_mean=0% gpu_util_max=0% | gpu_mem_mean=2.3/47.8GB
timesteps=2303904 | env_steps/sec=278.6 | episodes/sec=4.06 | gpu_util_mean=0% gpu_util_max=0% | gpu_mem_mean=2.3/47.8GB
timesteps=2305440 | env_steps/sec=290.9 | episodes/sec=3.03 | gpu_util_mean=1% gpu_util_max=1% | gpu_mem_mean=2.3/47.8GB
timesteps=2306880 | env_steps/sec=284.4 | episodes/sec=5.14 | gpu_util_mean=0% gpu_util_max=0% | gpu_mem_mean=2.3/47.8GB
timesteps=2308416 | env_steps/sec=292.1 | episodes/sec=3.61 | gpu_util_mean=0% gpu_util_max=1% | gpu_mem_mean=2.3/47.8GB
timesteps=2309856 | env_steps/sec=273.4 | episodes/sec=3.99 | gpu_util_mean=0% gpu_util_max=0% | gpu_mem_mean=2.3/47.8GB
-------------------------------------------
| gpu/                      |             |
|    gpu_count              | 2           |
|    gpu_mem_total_gb_mean  | 47.8        |
|    gpu_mem_used_gb_mean   | 2.33        |
|    gpu_util_pct_max       | 0           |
|    gpu_util_pct_mean      | 0           |
| profile/                  |             |
|    hard/damage_mean       | 0.233       |
|    hard/ep_len_mean       | 65.1        |
|    hard/ep_rew_mean       | 0.168       |
|    hard/episodes_window   | 200         |
|    hard/p_damage_ge_90    | 0           |
|    hard/p_stars_ge_2      | 0           |
|    hard/score_mean        | 0.233       |
|    hard/stars_mean        | 0           |
|    hard/ticks_mean        | 647         |
|    hard/truncated_rate    | 0.035       |
|    medium/damage_mean     | 0.688       |
|    medium/ep_len_mean     | 74.4        |
|    medium/ep_rew_mean     | 2.09        |
|    medium/episodes_window | 200         |
|    medium/p_damage_ge_90  | 0.235       |
|    medium/p_stars_ge_2    | 0.57        |
|    medium/score_mean      | 2.16        |
|    medium/stars_mean      | 1.48        |
|    medium/ticks_mean      | 740         |
|    medium/truncated_rate  | 0.13        |
| rollout/                  |             |
|    ep_len_mean            | 69.2        |
|    ep_rew_mean            | 1.06        |
| throughput/               |             |
|    env_steps_per_sec      | 273         |
|    episodes_per_sec       | 3.99        |
| time/                     |             |
|    fps                    | 281         |
|    iterations             | 47          |
|    time_elapsed           | 8195        |
|    total_timesteps        | 2310144     |
| train/                    |             |
|    approx_kl              | 0.014197272 |
|    clip_fraction          | 0.144       |
|    clip_range             | 0.2         |
|    entropy_loss           | -5.15       |
|    explained_variance     | 0.89        |
|    learning_rate          | 0.0003      |
|    loss                   | -0.0474     |
|    n_updates              | 460         |
|    policy_gradient_loss   | -0.0185     |
|    value_loss             | 0.062       |
-------------------------------------------
timesteps=2310240 | env_steps/sec=45.4 | episodes/sec=0.59 | gpu_util_mean=1% gpu_util_max=1% | gpu_mem_mean=2.3/47.8GB
timesteps=2311680 | env_steps/sec=272.1 | episodes/sec=3.78 | gpu_util_mean=0% gpu_util_max=1% | gpu_mem_mean=2.3/47.8GB
timesteps=2313024 | env_steps/sec=259.0 | episodes/sec=4.82 | gpu_util_mean=0% gpu_util_max=1% | gpu_mem_mean=2.3/47.8GB
timesteps=2314464 | env_steps/sec=276.3 | episodes/sec=3.65 | gpu_util_mean=0% gpu_util_max=1% | gpu_mem_mean=2.3/47.8GB
timesteps=2315808 | env_steps/sec=260.5 | episodes/sec=3.68 | gpu_util_mean=0% gpu_util_max=0% | gpu_mem_mean=2.3/47.8GB
timesteps=2317248 | env_steps/sec=278.9 | episodes/sec=3.87 | gpu_util_mean=0% gpu_util_max=0% | gpu_mem_mean=2.3/47.8GB
timesteps=2318688 | env_steps/sec=271.8 | episodes/sec=4.34 | gpu_util_mean=0% gpu_util_max=1% | gpu_mem_mean=2.3/47.8GB
timesteps=2320224 | env_steps/sec=295.7 | episodes/sec=4.04 | gpu_util_mean=0% gpu_util_max=0% | gpu_mem_mean=2.3/47.8GB
timesteps=2321760 | env_steps/sec=289.0 | episodes/sec=4.70 | gpu_util_mean=0% gpu_util_max=1% | gpu_mem_mean=2.3/47.8GB
timesteps=2323104 | env_steps/sec=251.9 | episodes/sec=2.25 | gpu_util_mean=0% gpu_util_max=0% | gpu_mem_mean=2.3/47.8GB
timesteps=2324448 | env_steps/sec=260.3 | episodes/sec=4.65 | gpu_util_mean=0% gpu_util_max=1% | gpu_mem_mean=2.3/47.8GB
timesteps=2325888 | env_steps/sec=285.2 | episodes/sec=4.75 | gpu_util_mean=0% gpu_util_max=0% | gpu_mem_mean=2.3/47.8GB
timesteps=2327328 | env_steps/sec=271.4 | episodes/sec=3.58 | gpu_util_mean=0% gpu_util_max=0% | gpu_mem_mean=2.3/47.8GB
timesteps=2328672 | env_steps/sec=264.8 | episodes/sec=3.35 | gpu_util_mean=0% gpu_util_max=1% | gpu_mem_mean=2.3/47.8GB
timesteps=2329920 | env_steps/sec=248.5 | episodes/sec=3.98 | gpu_util_mean=0% gpu_util_max=1% | gpu_mem_mean=2.3/47.8GB
timesteps=2331264 | env_steps/sec=268.4 | episodes/sec=3.99 | gpu_util_mean=0% gpu_util_max=1% | gpu_mem_mean=2.3/47.8GB
timesteps=2332704 | env_steps/sec=271.2 | episodes/sec=3.96 | gpu_util_mean=0% gpu_util_max=0% | gpu_mem_mean=2.3/47.8GB
timesteps=2334144 | env_steps/sec=271.8 | episodes/sec=3.77 | gpu_util_mean=1% gpu_util_max=1% | gpu_mem_mean=2.3/47.8GB
timesteps=2335584 | env_steps/sec=277.3 | episodes/sec=3.27 | gpu_util_mean=0% gpu_util_max=1% | gpu_mem_mean=2.3/47.8GB
timesteps=2337024 | env_steps/sec=273.1 | episodes/sec=4.55 | gpu_util_mean=0% gpu_util_max=1% | gpu_mem_mean=2.3/47.8GB
timesteps=2338464 | env_steps/sec=278.4 | episodes/sec=4.06 | gpu_util_mean=0% gpu_util_max=0% | gpu_mem_mean=2.3/47.8GB
timesteps=2339808 | env_steps/sec=254.5 | episodes/sec=4.55 | gpu_util_mean=0% gpu_util_max=1% | gpu_mem_mean=2.3/47.8GB
timesteps=2341248 | env_steps/sec=273.6 | episodes/sec=2.47 | gpu_util_mean=18% gpu_util_max=35% | gpu_mem_mean=2.3/47.8GB
timesteps=2342688 | env_steps/sec=276.0 | episodes/sec=4.22 | gpu_util_mean=0% gpu_util_max=0% | gpu_mem_mean=2.3/47.8GB
timesteps=2344128 | env_steps/sec=274.2 | episodes/sec=4.76 | gpu_util_mean=0% gpu_util_max=1% | gpu_mem_mean=2.3/47.8GB
timesteps=2345568 | env_steps/sec=271.2 | episodes/sec=4.90 | gpu_util_mean=1% gpu_util_max=1% | gpu_mem_mean=2.3/47.8GB
timesteps=2346912 | env_steps/sec=267.3 | episodes/sec=2.78 | gpu_util_mean=0% gpu_util_max=1% | gpu_mem_mean=2.3/47.8GB
timesteps=2348352 | env_steps/sec=270.0 | episodes/sec=3.75 | gpu_util_mean=0% gpu_util_max=1% | gpu_mem_mean=2.3/47.8GB
timesteps=2349888 | env_steps/sec=291.5 | episodes/sec=4.36 | gpu_util_mean=0% gpu_util_max=1% | gpu_mem_mean=2.3/47.8GB
timesteps=2351328 | env_steps/sec=276.2 | episodes/sec=4.03 | gpu_util_mean=0% gpu_util_max=0% | gpu_mem_mean=2.3/47.8GB
timesteps=2352768 | env_steps/sec=272.6 | episodes/sec=3.41 | gpu_util_mean=0% gpu_util_max=0% | gpu_mem_mean=2.3/47.8GB
timesteps=2354208 | env_steps/sec=282.8 | episodes/sec=4.91 | gpu_util_mean=0% gpu_util_max=1% | gpu_mem_mean=2.3/47.8GB
timesteps=2355648 | env_steps/sec=283.8 | episodes/sec=3.55 | gpu_util_mean=1% gpu_util_max=1% | gpu_mem_mean=2.3/47.8GB
timesteps=2356992 | env_steps/sec=262.5 | episodes/sec=3.32 | gpu_util_mean=0% gpu_util_max=0% | gpu_mem_mean=2.3/47.8GB
timesteps=2358528 | env_steps/sec=287.9 | episodes/sec=5.25 | gpu_util_mean=0% gpu_util_max=1% | gpu_mem_mean=2.3/47.8GB
-------------------------------------------
| gpu/                      |             |
|    gpu_count              | 2           |
|    gpu_mem_total_gb_mean  | 47.8        |
|    gpu_mem_used_gb_mean   | 2.33        |
|    gpu_util_pct_max       | 1           |
|    gpu_util_pct_mean      | 0.5         |
| profile/                  |             |
|    hard/damage_mean       | 0.237       |
|    hard/ep_len_mean       | 64.6        |
|    hard/ep_rew_mean       | 0.177       |
|    hard/episodes_window   | 200         |
|    hard/p_damage_ge_90    | 0           |
|    hard/p_stars_ge_2      | 0           |
|    hard/score_mean        | 0.242       |
|    hard/stars_mean        | 0.005       |
|    hard/ticks_mean        | 642         |
|    hard/truncated_rate    | 0.03        |
|    medium/damage_mean     | 0.707       |
|    medium/ep_len_mean     | 73.6        |
|    medium/ep_rew_mean     | 2.21        |
|    medium/episodes_window | 200         |
|    medium/p_damage_ge_90  | 0.245       |
|    medium/p_stars_ge_2    | 0.64        |
|    medium/score_mean      | 2.28        |
|    medium/stars_mean      | 1.57        |
|    medium/ticks_mean      | 732         |
|    medium/truncated_rate  | 0.15        |
| rollout/                  |             |
|    ep_len_mean            | 69.7        |
|    ep_rew_mean            | 1.11        |
| throughput/               |             |
|    env_steps_per_sec      | 288         |
|    episodes_per_sec       | 5.25        |
| time/                     |             |
|    fps                    | 281         |
|    iterations             | 48          |
|    time_elapsed           | 8383        |
|    total_timesteps        | 2359296     |
| train/                    |             |
|    approx_kl              | 0.011081982 |
|    clip_fraction          | 0.138       |
|    clip_range             | 0.2         |
|    entropy_loss           | -5.15       |
|    explained_variance     | 0.869       |
|    learning_rate          | 0.0003      |
|    loss                   | -0.0472     |
|    n_updates              | 470         |
|    policy_gradient_loss   | -0.0191     |
|    value_loss             | 0.0649      |
-------------------------------------------
timesteps=2359392 | env_steps/sec=79.6 | episodes/sec=1.10 | gpu_util_mean=0% gpu_util_max=1% | gpu_mem_mean=2.3/47.8GB
timesteps=2360832 | env_steps/sec=279.4 | episodes/sec=4.07 | gpu_util_mean=0% gpu_util_max=0% | gpu_mem_mean=2.3/47.8GB
timesteps=2362368 | env_steps/sec=291.8 | episodes/sec=3.99 | gpu_util_mean=0% gpu_util_max=0% | gpu_mem_mean=2.3/47.8GB
timesteps=2363808 | env_steps/sec=274.8 | episodes/sec=4.96 | gpu_util_mean=0% gpu_util_max=1% | gpu_mem_mean=2.3/47.8GB
timesteps=2365248 | env_steps/sec=280.5 | episodes/sec=3.70 | gpu_util_mean=0% gpu_util_max=1% | gpu_mem_mean=2.3/47.8GB
timesteps=2366784 | env_steps/sec=287.1 | episodes/sec=3.55 | gpu_util_mean=0% gpu_util_max=1% | gpu_mem_mean=2.3/47.8GB
timesteps=2368224 | env_steps/sec=277.2 | episodes/sec=4.24 | gpu_util_mean=0% gpu_util_max=1% | gpu_mem_mean=2.3/47.8GB
timesteps=2369568 | env_steps/sec=257.0 | episodes/sec=4.40 | gpu_util_mean=0% gpu_util_max=0% | gpu_mem_mean=2.3/47.8GB
timesteps=2371008 | env_steps/sec=277.4 | episodes/sec=3.66 | gpu_util_mean=0% gpu_util_max=0% | gpu_mem_mean=2.3/47.8GB
timesteps=2372448 | env_steps/sec=278.1 | episodes/sec=4.44 | gpu_util_mean=0% gpu_util_max=1% | gpu_mem_mean=2.3/47.8GB
timesteps=2373696 | env_steps/sec=247.2 | episodes/sec=3.17 | gpu_util_mean=0% gpu_util_max=1% | gpu_mem_mean=2.3/47.8GB
timesteps=2375136 | env_steps/sec=282.5 | episodes/sec=3.92 | gpu_util_mean=0% gpu_util_max=0% | gpu_mem_mean=2.3/47.8GB
timesteps=2376480 | env_steps/sec=257.6 | episodes/sec=4.60 | gpu_util_mean=0% gpu_util_max=1% | gpu_mem_mean=2.3/47.8GB
timesteps=2377824 | env_steps/sec=268.4 | episodes/sec=4.59 | gpu_util_mean=1% gpu_util_max=1% | gpu_mem_mean=2.3/47.8GB
timesteps=2379264 | env_steps/sec=270.1 | episodes/sec=3.38 | gpu_util_mean=0% gpu_util_max=1% | gpu_mem_mean=2.3/47.8GB
timesteps=2380704 | env_steps/sec=282.4 | episodes/sec=4.32 | gpu_util_mean=0% gpu_util_max=0% | gpu_mem_mean=2.3/47.8GB
timesteps=2382144 | env_steps/sec=266.5 | episodes/sec=2.22 | gpu_util_mean=0% gpu_util_max=0% | gpu_mem_mean=2.3/47.8GB
timesteps=2383584 | env_steps/sec=279.0 | episodes/sec=5.62 | gpu_util_mean=0% gpu_util_max=0% | gpu_mem_mean=2.3/47.8GB
timesteps=2385024 | env_steps/sec=275.9 | episodes/sec=4.22 | gpu_util_mean=0% gpu_util_max=0% | gpu_mem_mean=2.3/47.8GB
timesteps=2386464 | env_steps/sec=276.7 | episodes/sec=3.84 | gpu_util_mean=1% gpu_util_max=1% | gpu_mem_mean=2.3/47.8GB
timesteps=2387808 | env_steps/sec=261.4 | episodes/sec=3.31 | gpu_util_mean=1% gpu_util_max=1% | gpu_mem_mean=2.3/47.8GB
timesteps=2389440 | env_steps/sec=308.0 | episodes/sec=4.53 | gpu_util_mean=0% gpu_util_max=1% | gpu_mem_mean=2.3/47.8GB
timesteps=2390880 | env_steps/sec=279.6 | episodes/sec=3.88 | gpu_util_mean=18% gpu_util_max=35% | gpu_mem_mean=2.3/47.8GB
timesteps=2392416 | env_steps/sec=290.5 | episodes/sec=5.67 | gpu_util_mean=0% gpu_util_max=0% | gpu_mem_mean=2.3/47.8GB
timesteps=2393760 | env_steps/sec=257.3 | episodes/sec=3.06 | gpu_util_mean=0% gpu_util_max=0% | gpu_mem_mean=2.3/47.8GB
timesteps=2395104 | env_steps/sec=267.9 | episodes/sec=2.99 | gpu_util_mean=0% gpu_util_max=0% | gpu_mem_mean=2.3/47.8GB
timesteps=2396448 | env_steps/sec=267.9 | episodes/sec=4.38 | gpu_util_mean=0% gpu_util_max=1% | gpu_mem_mean=2.3/47.8GB
timesteps=2397984 | env_steps/sec=286.3 | episodes/sec=4.29 | gpu_util_mean=0% gpu_util_max=0% | gpu_mem_mean=2.3/47.8GB
timesteps=2399424 | env_steps/sec=273.4 | episodes/sec=4.18 | gpu_util_mean=0% gpu_util_max=0% | gpu_mem_mean=2.3/47.8GB
timesteps=2400768 | env_steps/sec=265.3 | episodes/sec=4.34 | gpu_util_mean=0% gpu_util_max=0% | gpu_mem_mean=2.3/47.8GB
timesteps=2402208 | env_steps/sec=274.4 | episodes/sec=3.62 | gpu_util_mean=0% gpu_util_max=0% | gpu_mem_mean=2.3/47.8GB
timesteps=2403648 | env_steps/sec=280.8 | episodes/sec=2.93 | gpu_util_mean=0% gpu_util_max=0% | gpu_mem_mean=2.3/47.8GB
timesteps=2405088 | env_steps/sec=280.1 | episodes/sec=5.64 | gpu_util_mean=0% gpu_util_max=0% | gpu_mem_mean=2.3/47.8GB
timesteps=2406528 | env_steps/sec=283.4 | episodes/sec=3.74 | gpu_util_mean=0% gpu_util_max=0% | gpu_mem_mean=2.3/47.8GB
timesteps=2407968 | env_steps/sec=274.0 | episodes/sec=4.38 | gpu_util_mean=1% gpu_util_max=1% | gpu_mem_mean=2.3/47.8GB
------------------------------------------
| gpu/                      |            |
|    gpu_count              | 2          |
|    gpu_mem_total_gb_mean  | 47.8       |
|    gpu_mem_used_gb_mean   | 2.33       |
|    gpu_util_pct_max       | 1          |
|    gpu_util_pct_mean      | 1          |
| profile/                  |            |
|    hard/damage_mean       | 0.228      |
|    hard/ep_len_mean       | 63.8       |
|    hard/ep_rew_mean       | 0.169      |
|    hard/episodes_window   | 200        |
|    hard/p_damage_ge_90    | 0          |
|    hard/p_stars_ge_2      | 0          |
|    hard/score_mean        | 0.233      |
|    hard/stars_mean        | 0.005      |
|    hard/ticks_mean        | 634        |
|    hard/truncated_rate    | 0.015      |
|    medium/damage_mean     | 0.71       |
|    medium/ep_len_mean     | 72.9       |
|    medium/ep_rew_mean     | 2.21       |
|    medium/episodes_window | 200        |
|    medium/p_damage_ge_90  | 0.24       |
|    medium/p_stars_ge_2    | 0.58       |
|    medium/score_mean      | 2.28       |
|    medium/stars_mean      | 1.57       |
|    medium/ticks_mean      | 725        |
|    medium/truncated_rate  | 0.15       |
| rollout/                  |            |
|    ep_len_mean            | 67         |
|    ep_rew_mean            | 1.08       |
| throughput/               |            |
|    env_steps_per_sec      | 274        |
|    episodes_per_sec       | 4.38       |
| time/                     |            |
|    fps                    | 281        |
|    iterations             | 49         |
|    time_elapsed           | 8569       |
|    total_timesteps        | 2408448    |
| train/                    |            |
|    approx_kl              | 0.01027859 |
|    clip_fraction          | 0.119      |
|    clip_range             | 0.2        |
|    entropy_loss           | -5.15      |
|    explained_variance     | 0.907      |
|    learning_rate          | 0.0003     |
|    loss                   | -0.0503    |
|    n_updates              | 480        |
|    policy_gradient_loss   | -0.0181    |
|    value_loss             | 0.0652     |
------------------------------------------
timesteps=2408544 | env_steps/sec=63.0 | episodes/sec=0.77 | gpu_util_mean=18% gpu_util_max=34% | gpu_mem_mean=2.3/47.8GB
timesteps=2409984 | env_steps/sec=275.5 | episodes/sec=4.02 | gpu_util_mean=0% gpu_util_max=0% | gpu_mem_mean=2.3/47.8GB
timesteps=2411424 | env_steps/sec=282.6 | episodes/sec=4.51 | gpu_util_mean=0% gpu_util_max=1% | gpu_mem_mean=2.3/47.8GB
timesteps=2412960 | env_steps/sec=297.3 | episodes/sec=5.03 | gpu_util_mean=0% gpu_util_max=0% | gpu_mem_mean=2.3/47.8GB
timesteps=2414400 | env_steps/sec=270.1 | episodes/sec=2.44 | gpu_util_mean=0% gpu_util_max=1% | gpu_mem_mean=2.3/47.8GB
timesteps=2415840 | env_steps/sec=275.6 | episodes/sec=4.59 | gpu_util_mean=0% gpu_util_max=1% | gpu_mem_mean=2.3/47.8GB
timesteps=2417184 | env_steps/sec=263.6 | episodes/sec=3.53 | gpu_util_mean=0% gpu_util_max=1% | gpu_mem_mean=2.3/47.8GB
timesteps=2418528 | env_steps/sec=261.8 | episodes/sec=4.28 | gpu_util_mean=0% gpu_util_max=0% | gpu_mem_mean=2.3/47.8GB
timesteps=2419872 | env_steps/sec=263.8 | episodes/sec=3.34 | gpu_util_mean=1% gpu_util_max=1% | gpu_mem_mean=2.3/47.8GB
timesteps=2421216 | env_steps/sec=259.7 | episodes/sec=3.67 | gpu_util_mean=0% gpu_util_max=1% | gpu_mem_mean=2.3/47.8GB
timesteps=2422560 | env_steps/sec=265.5 | episodes/sec=4.15 | gpu_util_mean=0% gpu_util_max=0% | gpu_mem_mean=2.3/47.8GB
timesteps=2424000 | env_steps/sec=272.8 | episodes/sec=3.79 | gpu_util_mean=0% gpu_util_max=0% | gpu_mem_mean=2.3/47.8GB
timesteps=2425440 | env_steps/sec=267.9 | episodes/sec=4.65 | gpu_util_mean=0% gpu_util_max=0% | gpu_mem_mean=2.3/47.8GB
timesteps=2426880 | env_steps/sec=274.5 | episodes/sec=3.05 | gpu_util_mean=0% gpu_util_max=0% | gpu_mem_mean=2.3/47.8GB
timesteps=2428416 | env_steps/sec=297.6 | episodes/sec=4.65 | gpu_util_mean=0% gpu_util_max=0% | gpu_mem_mean=2.3/47.8GB
timesteps=2429856 | env_steps/sec=274.6 | episodes/sec=4.77 | gpu_util_mean=0% gpu_util_max=0% | gpu_mem_mean=2.3/47.8GB
timesteps=2431296 | env_steps/sec=286.2 | episodes/sec=2.98 | gpu_util_mean=0% gpu_util_max=1% | gpu_mem_mean=2.3/47.8GB
timesteps=2432736 | env_steps/sec=273.1 | episodes/sec=3.41 | gpu_util_mean=0% gpu_util_max=1% | gpu_mem_mean=2.3/47.8GB
timesteps=2434272 | env_steps/sec=291.3 | episodes/sec=4.55 | gpu_util_mean=0% gpu_util_max=0% | gpu_mem_mean=2.3/47.8GB
timesteps=2435712 | env_steps/sec=275.3 | episodes/sec=4.78 | gpu_util_mean=0% gpu_util_max=0% | gpu_mem_mean=2.3/47.8GB
timesteps=2437152 | env_steps/sec=281.0 | episodes/sec=3.32 | gpu_util_mean=0% gpu_util_max=0% | gpu_mem_mean=2.3/47.8GB
timesteps=2438592 | env_steps/sec=277.0 | episodes/sec=4.04 | gpu_util_mean=0% gpu_util_max=0% | gpu_mem_mean=2.3/47.8GB
timesteps=2440128 | env_steps/sec=296.2 | episodes/sec=4.82 | gpu_util_mean=16% gpu_util_max=33% | gpu_mem_mean=2.3/47.8GB
timesteps=2441568 | env_steps/sec=272.3 | episodes/sec=3.40 | gpu_util_mean=0% gpu_util_max=0% | gpu_mem_mean=2.3/47.8GB
timesteps=2443008 | env_steps/sec=276.1 | episodes/sec=4.99 | gpu_util_mean=0% gpu_util_max=1% | gpu_mem_mean=2.3/47.8GB
timesteps=2444352 | env_steps/sec=266.8 | episodes/sec=3.77 | gpu_util_mean=0% gpu_util_max=1% | gpu_mem_mean=2.3/47.8GB
timesteps=2445792 | env_steps/sec=280.7 | episodes/sec=3.31 | gpu_util_mean=0% gpu_util_max=0% | gpu_mem_mean=2.3/47.8GB
timesteps=2447232 | env_steps/sec=275.7 | episodes/sec=3.83 | gpu_util_mean=0% gpu_util_max=1% | gpu_mem_mean=2.3/47.8GB
timesteps=2448672 | env_steps/sec=277.3 | episodes/sec=3.85 | gpu_util_mean=1% gpu_util_max=1% | gpu_mem_mean=2.3/47.8GB
timesteps=2450112 | env_steps/sec=279.8 | episodes/sec=5.05 | gpu_util_mean=0% gpu_util_max=1% | gpu_mem_mean=2.3/47.8GB
timesteps=2451552 | env_steps/sec=275.1 | episodes/sec=3.06 | gpu_util_mean=0% gpu_util_max=1% | gpu_mem_mean=2.3/47.8GB
timesteps=2452896 | env_steps/sec=265.7 | episodes/sec=3.95 | gpu_util_mean=1% gpu_util_max=1% | gpu_mem_mean=2.3/47.8GB
timesteps=2454432 | env_steps/sec=298.9 | episodes/sec=5.06 | gpu_util_mean=0% gpu_util_max=0% | gpu_mem_mean=2.3/47.8GB
timesteps=2455968 | env_steps/sec=300.8 | episodes/sec=4.70 | gpu_util_mean=1% gpu_util_max=1% | gpu_mem_mean=2.3/47.8GB
timesteps=2457408 | env_steps/sec=285.8 | episodes/sec=3.37 | gpu_util_mean=0% gpu_util_max=1% | gpu_mem_mean=2.3/47.8GB
-------------------------------------------
| gpu/                      |             |
|    gpu_count              | 2           |
|    gpu_mem_total_gb_mean  | 47.8        |
|    gpu_mem_used_gb_mean   | 2.33        |
|    gpu_util_pct_max       | 1           |
|    gpu_util_pct_mean      | 0.5         |
| profile/                  |             |
|    hard/damage_mean       | 0.234       |
|    hard/ep_len_mean       | 65.3        |
|    hard/ep_rew_mean       | 0.174       |
|    hard/episodes_window   | 200         |
|    hard/p_damage_ge_90    | 0           |
|    hard/p_stars_ge_2      | 0           |
|    hard/score_mean        | 0.239       |
|    hard/stars_mean        | 0.005       |
|    hard/ticks_mean        | 648         |
|    hard/truncated_rate    | 0.065       |
|    medium/damage_mean     | 0.698       |
|    medium/ep_len_mean     | 74.1        |
|    medium/ep_rew_mean     | 2.12        |
|    medium/episodes_window | 200         |
|    medium/p_damage_ge_90  | 0.205       |
|    medium/p_stars_ge_2    | 0.585       |
|    medium/score_mean      | 2.2         |
|    medium/stars_mean      | 1.5         |
|    medium/ticks_mean      | 737         |
|    medium/truncated_rate  | 0.2         |
| rollout/                  |             |
|    ep_len_mean            | 69.1        |
|    ep_rew_mean            | 1.04        |
| throughput/               |             |
|    env_steps_per_sec      | 286         |
|    episodes_per_sec       | 3.37        |
| time/                     |             |
|    fps                    | 280         |
|    iterations             | 50          |
|    time_elapsed           | 8753        |
|    total_timesteps        | 2457600     |
| train/                    |             |
|    approx_kl              | 0.010840825 |
|    clip_fraction          | 0.109       |
|    clip_range             | 0.2         |
|    entropy_loss           | -5.2        |
|    explained_variance     | 0.891       |
|    learning_rate          | 0.0003      |
|    loss                   | -0.0395     |
|    n_updates              | 490         |
|    policy_gradient_loss   | -0.0174     |
|    value_loss             | 0.074       |
-------------------------------------------
timesteps=2457696 | env_steps/sec=36.9 | episodes/sec=0.38 | gpu_util_mean=14% gpu_util_max=27% | gpu_mem_mean=2.3/47.8GB
timesteps=2459232 | env_steps/sec=304.0 | episodes/sec=4.55 | gpu_util_mean=0% gpu_util_max=0% | gpu_mem_mean=2.3/47.8GB
timesteps=2460672 | env_steps/sec=281.9 | episodes/sec=4.31 | gpu_util_mean=0% gpu_util_max=1% | gpu_mem_mean=2.3/47.8GB
timesteps=2462208 | env_steps/sec=290.5 | episodes/sec=4.54 | gpu_util_mean=0% gpu_util_max=1% | gpu_mem_mean=2.3/47.8GB
timesteps=2463648 | env_steps/sec=271.6 | episodes/sec=3.96 | gpu_util_mean=0% gpu_util_max=0% | gpu_mem_mean=2.3/47.8GB
timesteps=2464992 | env_steps/sec=260.7 | episodes/sec=3.30 | gpu_util_mean=0% gpu_util_max=1% | gpu_mem_mean=2.3/47.8GB
timesteps=2466336 | env_steps/sec=260.9 | episodes/sec=3.88 | gpu_util_mean=1% gpu_util_max=1% | gpu_mem_mean=2.3/47.8GB
timesteps=2467776 | env_steps/sec=276.9 | episodes/sec=4.04 | gpu_util_mean=0% gpu_util_max=0% | gpu_mem_mean=2.3/47.8GB
timesteps=2469216 | env_steps/sec=286.3 | episodes/sec=4.57 | gpu_util_mean=0% gpu_util_max=0% | gpu_mem_mean=2.3/47.8GB
timesteps=2470560 | env_steps/sec=262.5 | episodes/sec=3.71 | gpu_util_mean=0% gpu_util_max=1% | gpu_mem_mean=2.3/47.8GB
timesteps=2472000 | env_steps/sec=266.8 | episodes/sec=3.15 | gpu_util_mean=0% gpu_util_max=0% | gpu_mem_mean=2.3/47.8GB
timesteps=2473440 | env_steps/sec=275.0 | episodes/sec=5.35 | gpu_util_mean=0% gpu_util_max=0% | gpu_mem_mean=2.3/47.8GB
timesteps=2474784 | env_steps/sec=263.0 | episodes/sec=2.94 | gpu_util_mean=0% gpu_util_max=0% | gpu_mem_mean=2.3/47.8GB
timesteps=2476224 | env_steps/sec=272.0 | episodes/sec=3.40 | gpu_util_mean=0% gpu_util_max=0% | gpu_mem_mean=2.3/47.8GB
timesteps=2477664 | env_steps/sec=272.9 | episodes/sec=3.98 | gpu_util_mean=0% gpu_util_max=0% | gpu_mem_mean=2.3/47.8GB
timesteps=2479104 | env_steps/sec=285.0 | episodes/sec=5.94 | gpu_util_mean=0% gpu_util_max=1% | gpu_mem_mean=2.3/47.8GB
timesteps=2480544 | env_steps/sec=273.0 | episodes/sec=3.60 | gpu_util_mean=1% gpu_util_max=1% | gpu_mem_mean=2.3/47.8GB
timesteps=2481984 | env_steps/sec=273.8 | episodes/sec=2.66 | gpu_util_mean=1% gpu_util_max=1% | gpu_mem_mean=2.3/47.8GB
timesteps=2483424 | env_steps/sec=275.3 | episodes/sec=3.63 | gpu_util_mean=0% gpu_util_max=1% | gpu_mem_mean=2.3/47.8GB
timesteps=2484960 | env_steps/sec=291.4 | episodes/sec=5.69 | gpu_util_mean=0% gpu_util_max=0% | gpu_mem_mean=2.3/47.8GB
timesteps=2486400 | env_steps/sec=280.3 | episodes/sec=4.09 | gpu_util_mean=1% gpu_util_max=1% | gpu_mem_mean=2.3/47.8GB
timesteps=2487840 | env_steps/sec=273.9 | episodes/sec=3.61 | gpu_util_mean=0% gpu_util_max=0% | gpu_mem_mean=2.3/47.8GB
timesteps=2489280 | env_steps/sec=272.9 | episodes/sec=2.84 | gpu_util_mean=0% gpu_util_max=0% | gpu_mem_mean=2.3/47.8GB
timesteps=2490912 | env_steps/sec=312.5 | episodes/sec=6.89 | gpu_util_mean=16% gpu_util_max=33% | gpu_mem_mean=2.3/47.8GB
timesteps=2492352 | env_steps/sec=286.9 | episodes/sec=3.79 | gpu_util_mean=0% gpu_util_max=0% | gpu_mem_mean=2.3/47.8GB
timesteps=2493792 | env_steps/sec=274.5 | episodes/sec=3.81 | gpu_util_mean=0% gpu_util_max=1% | gpu_mem_mean=2.3/47.8GB
timesteps=2495136 | env_steps/sec=268.5 | episodes/sec=2.40 | gpu_util_mean=0% gpu_util_max=1% | gpu_mem_mean=2.3/47.8GB
timesteps=2496576 | env_steps/sec=279.7 | episodes/sec=4.08 | gpu_util_mean=0% gpu_util_max=0% | gpu_mem_mean=2.3/47.8GB
timesteps=2498016 | env_steps/sec=281.1 | episodes/sec=4.49 | gpu_util_mean=0% gpu_util_max=1% | gpu_mem_mean=2.3/47.8GB
timesteps=2499456 | env_steps/sec=271.1 | episodes/sec=5.08 | gpu_util_mean=0% gpu_util_max=0% | gpu_mem_mean=2.3/47.8GB
timesteps=2500800 | env_steps/sec=258.0 | episodes/sec=3.26 | gpu_util_mean=0% gpu_util_max=1% | gpu_mem_mean=2.3/47.8GB
timesteps=2502240 | env_steps/sec=273.2 | episodes/sec=3.04 | gpu_util_mean=0% gpu_util_max=0% | gpu_mem_mean=2.3/47.8GB
timesteps=2503680 | env_steps/sec=282.8 | episodes/sec=4.52 | gpu_util_mean=0% gpu_util_max=1% | gpu_mem_mean=2.3/47.8GB
timesteps=2505216 | env_steps/sec=298.5 | episodes/sec=5.44 | gpu_util_mean=0% gpu_util_max=0% | gpu_mem_mean=2.3/47.8GB
-------------------------------------------
| gpu/                      |             |
|    gpu_count              | 2           |
|    gpu_mem_total_gb_mean  | 47.8        |
|    gpu_mem_used_gb_mean   | 2.33        |
|    gpu_util_pct_max       | 0           |
|    gpu_util_pct_mean      | 0           |
| profile/                  |             |
|    hard/damage_mean       | 0.232       |
|    hard/ep_len_mean       | 64.8        |
|    hard/ep_rew_mean       | 0.168       |
|    hard/episodes_window   | 200         |
|    hard/p_damage_ge_90    | 0           |
|    hard/p_stars_ge_2      | 0           |
|    hard/score_mean        | 0.232       |
|    hard/stars_mean        | 0           |
|    hard/ticks_mean        | 643         |
|    hard/truncated_rate    | 0.02        |
|    medium/damage_mean     | 0.701       |
|    medium/ep_len_mean     | 73.2        |
|    medium/ep_rew_mean     | 2.09        |
|    medium/episodes_window | 200         |
|    medium/p_damage_ge_90  | 0.19        |
|    medium/p_stars_ge_2    | 0.58        |
|    medium/score_mean      | 2.17        |
|    medium/stars_mean      | 1.47        |
|    medium/ticks_mean      | 728         |
|    medium/truncated_rate  | 0.135       |
| rollout/                  |             |
|    ep_len_mean            | 68.5        |
|    ep_rew_mean            | 1.1         |
| throughput/               |             |
|    env_steps_per_sec      | 299         |
|    episodes_per_sec       | 5.44        |
| time/                     |             |
|    fps                    | 280         |
|    iterations             | 51          |
|    time_elapsed           | 8936        |
|    total_timesteps        | 2506752     |
| train/                    |             |
|    approx_kl              | 0.010709952 |
|    clip_fraction          | 0.148       |
|    clip_range             | 0.2         |
|    entropy_loss           | -5.12       |
|    explained_variance     | 0.898       |
|    learning_rate          | 0.0003      |
|    loss                   | -0.0422     |
|    n_updates              | 500         |
|    policy_gradient_loss   | -0.0194     |
|    value_loss             | 0.0685      |
-------------------------------------------
timesteps=2506848 | env_steps/sec=131.2 | episodes/sec=1.53 | gpu_util_mean=0% gpu_util_max=0% | gpu_mem_mean=2.3/47.8GB
timesteps=2508288 | env_steps/sec=277.8 | episodes/sec=4.05 | gpu_util_mean=0% gpu_util_max=1% | gpu_mem_mean=2.3/47.8GB
timesteps=2509728 | env_steps/sec=273.8 | episodes/sec=4.18 | gpu_util_mean=0% gpu_util_max=0% | gpu_mem_mean=2.3/47.8GB
timesteps=2511168 | env_steps/sec=274.0 | episodes/sec=3.43 | gpu_util_mean=0% gpu_util_max=1% | gpu_mem_mean=2.3/47.8GB
timesteps=2512512 | env_steps/sec=253.2 | episodes/sec=3.77 | gpu_util_mean=0% gpu_util_max=0% | gpu_mem_mean=2.3/47.8GB
timesteps=2513952 | env_steps/sec=278.1 | episodes/sec=4.06 | gpu_util_mean=1% gpu_util_max=1% | gpu_mem_mean=2.3/47.8GB
timesteps=2515296 | env_steps/sec=249.2 | episodes/sec=3.89 | gpu_util_mean=0% gpu_util_max=0% | gpu_mem_mean=2.3/47.8GB
timesteps=2516736 | env_steps/sec=271.4 | episodes/sec=4.52 | gpu_util_mean=1% gpu_util_max=1% | gpu_mem_mean=2.3/47.8GB
timesteps=2518176 | env_steps/sec=281.6 | episodes/sec=2.93 | gpu_util_mean=0% gpu_util_max=0% | gpu_mem_mean=2.3/47.8GB
timesteps=2519616 | env_steps/sec=274.2 | episodes/sec=4.76 | gpu_util_mean=1% gpu_util_max=1% | gpu_mem_mean=2.3/47.8GB
timesteps=2520960 | env_steps/sec=261.8 | episodes/sec=3.51 | gpu_util_mean=0% gpu_util_max=0% | gpu_mem_mean=2.3/47.8GB
timesteps=2522400 | env_steps/sec=276.5 | episodes/sec=5.38 | gpu_util_mean=0% gpu_util_max=1% | gpu_mem_mean=2.3/47.8GB
timesteps=2523840 | env_steps/sec=278.8 | episodes/sec=3.68 | gpu_util_mean=0% gpu_util_max=0% | gpu_mem_mean=2.3/47.8GB
timesteps=2525184 | env_steps/sec=263.6 | episodes/sec=2.94 | gpu_util_mean=0% gpu_util_max=1% | gpu_mem_mean=2.3/47.8GB
timesteps=2526624 | env_steps/sec=271.9 | episodes/sec=2.83 | gpu_util_mean=0% gpu_util_max=0% | gpu_mem_mean=2.3/47.8GB
timesteps=2528064 | env_steps/sec=279.2 | episodes/sec=6.21 | gpu_util_mean=0% gpu_util_max=0% | gpu_mem_mean=2.3/47.8GB
timesteps=2529504 | env_steps/sec=283.1 | episodes/sec=3.74 | gpu_util_mean=0% gpu_util_max=0% | gpu_mem_mean=2.3/47.8GB
timesteps=2530848 | env_steps/sec=265.8 | episodes/sec=3.76 | gpu_util_mean=0% gpu_util_max=0% | gpu_mem_mean=2.3/47.8GB
timesteps=2532192 | env_steps/sec=258.1 | episodes/sec=2.69 | gpu_util_mean=0% gpu_util_max=0% | gpu_mem_mean=2.3/47.8GB
timesteps=2533632 | env_steps/sec=282.0 | episodes/sec=4.50 | gpu_util_mean=0% gpu_util_max=0% | gpu_mem_mean=2.3/47.8GB
timesteps=2535072 | env_steps/sec=279.2 | episodes/sec=4.07 | gpu_util_mean=1% gpu_util_max=1% | gpu_mem_mean=2.3/47.8GB
timesteps=2536512 | env_steps/sec=277.5 | episodes/sec=3.47 | gpu_util_mean=0% gpu_util_max=0% | gpu_mem_mean=2.3/47.8GB
timesteps=2537952 | env_steps/sec=287.2 | episodes/sec=3.99 | gpu_util_mean=0% gpu_util_max=1% | gpu_mem_mean=2.3/47.8GB
timesteps=2539488 | env_steps/sec=290.0 | episodes/sec=5.10 | gpu_util_mean=18% gpu_util_max=37% | gpu_mem_mean=2.3/47.8GB
timesteps=2541120 | env_steps/sec=312.1 | episodes/sec=4.78 | gpu_util_mean=16% gpu_util_max=33% | gpu_mem_mean=2.3/47.8GB
timesteps=2542464 | env_steps/sec=261.8 | episodes/sec=3.51 | gpu_util_mean=0% gpu_util_max=0% | gpu_mem_mean=2.3/47.8GB
timesteps=2543904 | env_steps/sec=284.1 | episodes/sec=3.55 | gpu_util_mean=1% gpu_util_max=1% | gpu_mem_mean=2.3/47.8GB
timesteps=2545248 | env_steps/sec=254.5 | episodes/sec=3.98 | gpu_util_mean=0% gpu_util_max=0% | gpu_mem_mean=2.3/47.8GB
timesteps=2546592 | env_steps/sec=265.4 | episodes/sec=4.34 | gpu_util_mean=0% gpu_util_max=1% | gpu_mem_mean=2.3/47.8GB
timesteps=2548032 | env_steps/sec=283.7 | episodes/sec=4.14 | gpu_util_mean=0% gpu_util_max=1% | gpu_mem_mean=2.3/47.8GB
timesteps=2549472 | env_steps/sec=278.3 | episodes/sec=3.67 | gpu_util_mean=0% gpu_util_max=1% | gpu_mem_mean=2.3/47.8GB
timesteps=2550912 | env_steps/sec=278.1 | episodes/sec=4.25 | gpu_util_mean=0% gpu_util_max=1% | gpu_mem_mean=2.3/47.8GB
timesteps=2552448 | env_steps/sec=302.4 | episodes/sec=4.72 | gpu_util_mean=0% gpu_util_max=1% | gpu_mem_mean=2.3/47.8GB
timesteps=2553888 | env_steps/sec=280.0 | episodes/sec=3.31 | gpu_util_mean=0% gpu_util_max=0% | gpu_mem_mean=2.3/47.8GB
timesteps=2555328 | env_steps/sec=286.0 | episodes/sec=3.18 | gpu_util_mean=0% gpu_util_max=1% | gpu_mem_mean=2.3/47.8GB
-------------------------------------------
| gpu/                      |             |
|    gpu_count              | 2           |
|    gpu_mem_total_gb_mean  | 47.8        |
|    gpu_mem_used_gb_mean   | 2.33        |
|    gpu_util_pct_max       | 1           |
|    gpu_util_pct_mean      | 0.5         |
| profile/                  |             |
|    hard/damage_mean       | 0.237       |
|    hard/ep_len_mean       | 64.1        |
|    hard/ep_rew_mean       | 0.173       |
|    hard/episodes_window   | 200         |
|    hard/p_damage_ge_90    | 0           |
|    hard/p_stars_ge_2      | 0           |
|    hard/score_mean        | 0.237       |
|    hard/stars_mean        | 0           |
|    hard/ticks_mean        | 637         |
|    hard/truncated_rate    | 0.015       |
|    medium/damage_mean     | 0.705       |
|    medium/ep_len_mean     | 74.9        |
|    medium/ep_rew_mean     | 2.2         |
|    medium/episodes_window | 200         |
|    medium/p_damage_ge_90  | 0.22        |
|    medium/p_stars_ge_2    | 0.595       |
|    medium/score_mean      | 2.27        |
|    medium/stars_mean      | 1.56        |
|    medium/ticks_mean      | 746         |
|    medium/truncated_rate  | 0.205       |
| rollout/                  |             |
|    ep_len_mean            | 68.2        |
|    ep_rew_mean            | 1.05        |
| throughput/               |             |
|    env_steps_per_sec      | 286         |
|    episodes_per_sec       | 3.18        |
| time/                     |             |
|    fps                    | 280         |
|    iterations             | 52          |
|    time_elapsed           | 9122        |
|    total_timesteps        | 2555904     |
| train/                    |             |
|    approx_kl              | 0.012606584 |
|    clip_fraction          | 0.155       |
|    clip_range             | 0.2         |
|    entropy_loss           | -5.1        |
|    explained_variance     | 0.909       |
|    learning_rate          | 0.0003      |
|    loss                   | -0.0471     |
|    n_updates              | 510         |
|    policy_gradient_loss   | -0.019      |
|    value_loss             | 0.0627      |
-------------------------------------------
timesteps=2556000 | env_steps/sec=72.3 | episodes/sec=1.83 | gpu_util_mean=0% gpu_util_max=0% | gpu_mem_mean=2.3/47.8GB
timesteps=2557440 | env_steps/sec=281.1 | episodes/sec=3.71 | gpu_util_mean=0% gpu_util_max=0% | gpu_mem_mean=2.3/47.8GB
timesteps=2558880 | env_steps/sec=285.0 | episodes/sec=4.35 | gpu_util_mean=0% gpu_util_max=0% | gpu_mem_mean=2.3/47.8GB
timesteps=2560128 | env_steps/sec=246.6 | episodes/sec=4.15 | gpu_util_mean=0% gpu_util_max=0% | gpu_mem_mean=2.3/47.8GB
timesteps=2561472 | env_steps/sec=267.4 | episodes/sec=3.18 | gpu_util_mean=0% gpu_util_max=0% | gpu_mem_mean=2.3/47.8GB
timesteps=2562912 | env_steps/sec=277.1 | episodes/sec=2.69 | gpu_util_mean=1% gpu_util_max=1% | gpu_mem_mean=2.3/47.8GB
timesteps=2564352 | env_steps/sec=283.6 | episodes/sec=5.71 | gpu_util_mean=0% gpu_util_max=1% | gpu_mem_mean=2.3/47.8GB
timesteps=2565792 | env_steps/sec=274.3 | episodes/sec=5.33 | gpu_util_mean=0% gpu_util_max=1% | gpu_mem_mean=2.3/47.8GB
timesteps=2567232 | env_steps/sec=271.4 | episodes/sec=3.58 | gpu_util_mean=0% gpu_util_max=0% | gpu_mem_mean=2.3/47.8GB
timesteps=2568576 | env_steps/sec=253.5 | episodes/sec=2.26 | gpu_util_mean=0% gpu_util_max=1% | gpu_mem_mean=2.3/47.8GB
timesteps=2570112 | env_steps/sec=296.8 | episodes/sec=3.86 | gpu_util_mean=0% gpu_util_max=0% | gpu_mem_mean=2.3/47.8GB
timesteps=2571552 | env_steps/sec=282.4 | episodes/sec=4.71 | gpu_util_mean=0% gpu_util_max=1% | gpu_mem_mean=2.3/47.8GB
timesteps=2572992 | env_steps/sec=286.5 | episodes/sec=5.97 | gpu_util_mean=0% gpu_util_max=1% | gpu_mem_mean=2.3/47.8GB
timesteps=2574336 | env_steps/sec=259.1 | episodes/sec=3.08 | gpu_util_mean=0% gpu_util_max=1% | gpu_mem_mean=2.3/47.8GB
timesteps=2575680 | env_steps/sec=255.1 | episodes/sec=2.47 | gpu_util_mean=0% gpu_util_max=0% | gpu_mem_mean=2.3/47.8GB
timesteps=2577024 | env_steps/sec=261.2 | episodes/sec=3.30 | gpu_util_mean=0% gpu_util_max=0% | gpu_mem_mean=2.3/47.8GB
timesteps=2578464 | env_steps/sec=280.1 | episodes/sec=3.89 | gpu_util_mean=0% gpu_util_max=1% | gpu_mem_mean=2.3/47.8GB
timesteps=2580000 | env_steps/sec=299.5 | episodes/sec=5.27 | gpu_util_mean=0% gpu_util_max=0% | gpu_mem_mean=2.3/47.8GB
timesteps=2581344 | env_steps/sec=265.5 | episodes/sec=4.35 | gpu_util_mean=0% gpu_util_max=0% | gpu_mem_mean=2.3/47.8GB
timesteps=2582688 | env_steps/sec=260.1 | episodes/sec=2.90 | gpu_util_mean=0% gpu_util_max=1% | gpu_mem_mean=2.3/47.8GB
timesteps=2584128 | env_steps/sec=280.8 | episodes/sec=4.10 | gpu_util_mean=0% gpu_util_max=0% | gpu_mem_mean=2.3/47.8GB
timesteps=2585568 | env_steps/sec=279.7 | episodes/sec=3.88 | gpu_util_mean=0% gpu_util_max=1% | gpu_mem_mean=2.3/47.8GB
timesteps=2587008 | env_steps/sec=283.8 | episodes/sec=4.14 | gpu_util_mean=0% gpu_util_max=1% | gpu_mem_mean=2.3/47.8GB
timesteps=2588544 | env_steps/sec=291.5 | episodes/sec=5.50 | gpu_util_mean=0% gpu_util_max=0% | gpu_mem_mean=2.3/47.8GB
timesteps=2589984 | env_steps/sec=286.9 | episodes/sec=3.39 | gpu_util_mean=17% gpu_util_max=34% | gpu_mem_mean=2.3/47.8GB
timesteps=2591424 | env_steps/sec=273.2 | episodes/sec=2.85 | gpu_util_mean=0% gpu_util_max=1% | gpu_mem_mean=2.3/47.8GB
timesteps=2592768 | env_steps/sec=262.6 | episodes/sec=3.91 | gpu_util_mean=0% gpu_util_max=0% | gpu_mem_mean=2.3/47.8GB
timesteps=2594304 | env_steps/sec=284.8 | episodes/sec=4.82 | gpu_util_mean=0% gpu_util_max=0% | gpu_mem_mean=2.3/47.8GB
timesteps=2595744 | env_steps/sec=286.7 | episodes/sec=4.18 | gpu_util_mean=0% gpu_util_max=0% | gpu_mem_mean=2.3/47.8GB
timesteps=2597184 | env_steps/sec=273.3 | episodes/sec=4.56 | gpu_util_mean=0% gpu_util_max=1% | gpu_mem_mean=2.3/47.8GB
timesteps=2598720 | env_steps/sec=306.2 | episodes/sec=2.99 | gpu_util_mean=0% gpu_util_max=1% | gpu_mem_mean=2.3/47.8GB
timesteps=2600160 | env_steps/sec=279.8 | episodes/sec=4.27 | gpu_util_mean=1% gpu_util_max=1% | gpu_mem_mean=2.3/47.8GB
timesteps=2601504 | env_steps/sec=263.7 | episodes/sec=4.51 | gpu_util_mean=0% gpu_util_max=1% | gpu_mem_mean=2.3/47.8GB
timesteps=2603040 | env_steps/sec=287.5 | episodes/sec=4.87 | gpu_util_mean=1% gpu_util_max=1% | gpu_mem_mean=2.3/47.8GB
timesteps=2604384 | env_steps/sec=262.6 | episodes/sec=2.93 | gpu_util_mean=0% gpu_util_max=0% | gpu_mem_mean=2.3/47.8GB
-------------------------------------------
| gpu/                      |             |
|    gpu_count              | 2           |
|    gpu_mem_total_gb_mean  | 47.8        |
|    gpu_mem_used_gb_mean   | 2.33        |
|    gpu_util_pct_max       | 0           |
|    gpu_util_pct_mean      | 0           |
| profile/                  |             |
|    hard/damage_mean       | 0.249       |
|    hard/ep_len_mean       | 65.5        |
|    hard/ep_rew_mean       | 0.189       |
|    hard/episodes_window   | 200         |
|    hard/p_damage_ge_90    | 0           |
|    hard/p_stars_ge_2      | 0           |
|    hard/score_mean        | 0.254       |
|    hard/stars_mean        | 0.005       |
|    hard/ticks_mean        | 651         |
|    hard/truncated_rate    | 0.03        |
|    medium/damage_mean     | 0.706       |
|    medium/ep_len_mean     | 73.9        |
|    medium/ep_rew_mean     | 2.16        |
|    medium/episodes_window | 200         |
|    medium/p_damage_ge_90  | 0.22        |
|    medium/p_stars_ge_2    | 0.57        |
|    medium/score_mean      | 2.23        |
|    medium/stars_mean      | 1.52        |
|    medium/ticks_mean      | 735         |
|    medium/truncated_rate  | 0.155       |
| rollout/                  |             |
|    ep_len_mean            | 68.2        |
|    ep_rew_mean            | 1.02        |
| throughput/               |             |
|    env_steps_per_sec      | 263         |
|    episodes_per_sec       | 2.93        |
| time/                     |             |
|    fps                    | 279         |
|    iterations             | 53          |
|    time_elapsed           | 9307        |
|    total_timesteps        | 2605056     |
| train/                    |             |
|    approx_kl              | 0.011607371 |
|    clip_fraction          | 0.123       |
|    clip_range             | 0.2         |
|    entropy_loss           | -5.09       |
|    explained_variance     | 0.918       |
|    learning_rate          | 0.0003      |
|    loss                   | -0.044      |
|    n_updates              | 520         |
|    policy_gradient_loss   | -0.0193     |
|    value_loss             | 0.0707      |
-------------------------------------------
timesteps=2605152 | env_steps/sec=79.5 | episodes/sec=0.62 | gpu_util_mean=0% gpu_util_max=0% | gpu_mem_mean=2.3/47.8GB
timesteps=2606592 | env_steps/sec=278.3 | episodes/sec=4.06 | gpu_util_mean=0% gpu_util_max=1% | gpu_mem_mean=2.3/47.8GB
timesteps=2607936 | env_steps/sec=251.1 | episodes/sec=5.05 | gpu_util_mean=0% gpu_util_max=1% | gpu_mem_mean=2.3/47.8GB
timesteps=2609376 | env_steps/sec=273.0 | episodes/sec=4.55 | gpu_util_mean=0% gpu_util_max=0% | gpu_mem_mean=2.3/47.8GB
timesteps=2610624 | env_steps/sec=246.7 | episodes/sec=2.37 | gpu_util_mean=0% gpu_util_max=1% | gpu_mem_mean=2.3/47.8GB
timesteps=2612064 | env_steps/sec=282.6 | episodes/sec=3.92 | gpu_util_mean=0% gpu_util_max=1% | gpu_mem_mean=2.3/47.8GB
timesteps=2613408 | env_steps/sec=258.8 | episodes/sec=3.85 | gpu_util_mean=0% gpu_util_max=1% | gpu_mem_mean=2.3/47.8GB
timesteps=2614944 | env_steps/sec=294.2 | episodes/sec=5.36 | gpu_util_mean=0% gpu_util_max=0% | gpu_mem_mean=2.3/47.8GB
timesteps=2616288 | env_steps/sec=267.3 | episodes/sec=3.38 | gpu_util_mean=0% gpu_util_max=0% | gpu_mem_mean=2.3/47.8GB
timesteps=2617728 | env_steps/sec=274.6 | episodes/sec=4.58 | gpu_util_mean=0% gpu_util_max=1% | gpu_mem_mean=2.3/47.8GB
timesteps=2619168 | env_steps/sec=275.5 | episodes/sec=2.87 | gpu_util_mean=0% gpu_util_max=1% | gpu_mem_mean=2.3/47.8GB
timesteps=2620704 | env_steps/sec=294.6 | episodes/sec=5.56 | gpu_util_mean=0% gpu_util_max=0% | gpu_mem_mean=2.3/47.8GB
timesteps=2622048 | env_steps/sec=266.7 | episodes/sec=2.98 | gpu_util_mean=0% gpu_util_max=1% | gpu_mem_mean=2.3/47.8GB
timesteps=2623488 | env_steps/sec=279.2 | episodes/sec=3.49 | gpu_util_mean=0% gpu_util_max=0% | gpu_mem_mean=2.3/47.8GB
timesteps=2624832 | env_steps/sec=263.9 | episodes/sec=4.52 | gpu_util_mean=0% gpu_util_max=0% | gpu_mem_mean=2.3/47.8GB
timesteps=2626176 | env_steps/sec=263.6 | episodes/sec=4.51 | gpu_util_mean=0% gpu_util_max=1% | gpu_mem_mean=2.3/47.8GB
timesteps=2627616 | env_steps/sec=278.9 | episodes/sec=2.71 | gpu_util_mean=0% gpu_util_max=1% | gpu_mem_mean=2.3/47.8GB
timesteps=2628960 | env_steps/sec=267.3 | episodes/sec=3.78 | gpu_util_mean=1% gpu_util_max=1% | gpu_mem_mean=2.3/47.8GB
timesteps=2630400 | env_steps/sec=278.6 | episodes/sec=5.61 | gpu_util_mean=0% gpu_util_max=1% | gpu_mem_mean=2.3/47.8GB
timesteps=2631744 | env_steps/sec=264.0 | episodes/sec=4.32 | gpu_util_mean=0% gpu_util_max=0% | gpu_mem_mean=2.3/47.8GB
timesteps=2633088 | env_steps/sec=268.0 | episodes/sec=2.79 | gpu_util_mean=0% gpu_util_max=0% | gpu_mem_mean=2.3/47.8GB
timesteps=2634432 | env_steps/sec=260.3 | episodes/sec=3.49 | gpu_util_mean=0% gpu_util_max=1% | gpu_mem_mean=2.3/47.8GB
timesteps=2635872 | env_steps/sec=278.1 | episodes/sec=4.83 | gpu_util_mean=0% gpu_util_max=0% | gpu_mem_mean=2.3/47.8GB
timesteps=2637312 | env_steps/sec=274.9 | episodes/sec=4.39 | gpu_util_mean=0% gpu_util_max=0% | gpu_mem_mean=2.3/47.8GB
timesteps=2638752 | env_steps/sec=287.7 | episodes/sec=4.79 | gpu_util_mean=0% gpu_util_max=0% | gpu_mem_mean=2.3/47.8GB
timesteps=2640192 | env_steps/sec=284.5 | episodes/sec=3.36 | gpu_util_mean=17% gpu_util_max=34% | gpu_mem_mean=2.3/47.8GB
timesteps=2641440 | env_steps/sec=241.4 | episodes/sec=3.09 | gpu_util_mean=0% gpu_util_max=1% | gpu_mem_mean=2.3/47.8GB
timesteps=2642880 | env_steps/sec=273.7 | episodes/sec=4.75 | gpu_util_mean=0% gpu_util_max=0% | gpu_mem_mean=2.3/47.8GB
timesteps=2644416 | env_steps/sec=299.8 | episodes/sec=4.10 | gpu_util_mean=1% gpu_util_max=1% | gpu_mem_mean=2.3/47.8GB
timesteps=2645856 | env_steps/sec=281.1 | episodes/sec=3.32 | gpu_util_mean=0% gpu_util_max=0% | gpu_mem_mean=2.3/47.8GB
timesteps=2647296 | env_steps/sec=286.1 | episodes/sec=4.37 | gpu_util_mean=0% gpu_util_max=0% | gpu_mem_mean=2.3/47.8GB
timesteps=2648736 | env_steps/sec=284.9 | episodes/sec=4.55 | gpu_util_mean=0% gpu_util_max=0% | gpu_mem_mean=2.3/47.8GB
timesteps=2650176 | env_steps/sec=282.4 | episodes/sec=3.53 | gpu_util_mean=0% gpu_util_max=0% | gpu_mem_mean=2.3/47.8GB
timesteps=2651520 | env_steps/sec=266.4 | episodes/sec=3.96 | gpu_util_mean=0% gpu_util_max=0% | gpu_mem_mean=2.3/47.8GB
timesteps=2653056 | env_steps/sec=294.6 | episodes/sec=2.69 | gpu_util_mean=0% gpu_util_max=0% | gpu_mem_mean=2.3/47.8GB
-------------------------------------------
| gpu/                      |             |
|    gpu_count              | 2           |
|    gpu_mem_total_gb_mean  | 47.8        |
|    gpu_mem_used_gb_mean   | 2.33        |
|    gpu_util_pct_max       | 0           |
|    gpu_util_pct_mean      | 0           |
| profile/                  |             |
|    hard/damage_mean       | 0.242       |
|    hard/ep_len_mean       | 63.2        |
|    hard/ep_rew_mean       | 0.185       |
|    hard/episodes_window   | 200         |
|    hard/p_damage_ge_90    | 0           |
|    hard/p_stars_ge_2      | 0           |
|    hard/score_mean        | 0.247       |
|    hard/stars_mean        | 0.005       |
|    hard/ticks_mean        | 628         |
|    hard/truncated_rate    | 0.03        |
|    medium/damage_mean     | 0.708       |
|    medium/ep_len_mean     | 74.3        |
|    medium/ep_rew_mean     | 2.19        |
|    medium/episodes_window | 200         |
|    medium/p_damage_ge_90  | 0.19        |
|    medium/p_stars_ge_2    | 0.615       |
|    medium/score_mean      | 2.26        |
|    medium/stars_mean      | 1.55        |
|    medium/ticks_mean      | 739         |
|    medium/truncated_rate  | 0.18        |
| rollout/                  |             |
|    ep_len_mean            | 69.9        |
|    ep_rew_mean            | 1.15        |
| throughput/               |             |
|    env_steps_per_sec      | 295         |
|    episodes_per_sec       | 2.69        |
| time/                     |             |
|    fps                    | 279         |
|    iterations             | 54          |
|    time_elapsed           | 9493        |
|    total_timesteps        | 2654208     |
| train/                    |             |
|    approx_kl              | 0.011047579 |
|    clip_fraction          | 0.116       |
|    clip_range             | 0.2         |
|    entropy_loss           | -5.07       |
|    explained_variance     | 0.923       |
|    learning_rate          | 0.0003      |
|    loss                   | -0.0491     |
|    n_updates              | 530         |
|    policy_gradient_loss   | -0.0191     |
|    value_loss             | 0.0656      |
-------------------------------------------
timesteps=2654304 | env_steps/sec=110.5 | episodes/sec=2.74 | gpu_util_mean=0% gpu_util_max=0% | gpu_mem_mean=2.3/47.8GB
timesteps=2655648 | env_steps/sec=258.5 | episodes/sec=3.27 | gpu_util_mean=0% gpu_util_max=1% | gpu_mem_mean=2.3/47.8GB
timesteps=2657088 | env_steps/sec=275.4 | episodes/sec=3.25 | gpu_util_mean=0% gpu_util_max=0% | gpu_mem_mean=2.3/47.8GB
timesteps=2658528 | env_steps/sec=270.4 | episodes/sec=3.19 | gpu_util_mean=0% gpu_util_max=1% | gpu_mem_mean=2.3/47.8GB
timesteps=2659968 | env_steps/sec=276.5 | episodes/sec=5.57 | gpu_util_mean=0% gpu_util_max=0% | gpu_mem_mean=2.3/47.8GB
timesteps=2661408 | env_steps/sec=270.9 | episodes/sec=4.14 | gpu_util_mean=0% gpu_util_max=0% | gpu_mem_mean=2.3/47.8GB
timesteps=2662848 | env_steps/sec=274.0 | episodes/sec=4.00 | gpu_util_mean=0% gpu_util_max=0% | gpu_mem_mean=2.3/47.8GB
timesteps=2664288 | env_steps/sec=269.9 | episodes/sec=2.81 | gpu_util_mean=0% gpu_util_max=1% | gpu_mem_mean=2.3/47.8GB
timesteps=2665632 | env_steps/sec=267.2 | episodes/sec=3.98 | gpu_util_mean=0% gpu_util_max=1% | gpu_mem_mean=2.3/47.8GB
timesteps=2667072 | env_steps/sec=281.3 | episodes/sec=4.88 | gpu_util_mean=0% gpu_util_max=0% | gpu_mem_mean=2.3/47.8GB
timesteps=2668416 | env_steps/sec=264.5 | episodes/sec=3.35 | gpu_util_mean=0% gpu_util_max=0% | gpu_mem_mean=2.3/47.8GB
timesteps=2669760 | env_steps/sec=262.0 | episodes/sec=3.51 | gpu_util_mean=0% gpu_util_max=1% | gpu_mem_mean=2.3/47.8GB
timesteps=2671200 | env_steps/sec=284.2 | episodes/sec=4.34 | gpu_util_mean=0% gpu_util_max=0% | gpu_mem_mean=2.3/47.8GB
timesteps=2672544 | env_steps/sec=264.6 | episodes/sec=3.94 | gpu_util_mean=0% gpu_util_max=0% | gpu_mem_mean=2.3/47.8GB
timesteps=2674080 | env_steps/sec=293.8 | episodes/sec=4.21 | gpu_util_mean=0% gpu_util_max=1% | gpu_mem_mean=2.3/47.8GB
timesteps=2675520 | env_steps/sec=274.2 | episodes/sec=4.38 | gpu_util_mean=1% gpu_util_max=1% | gpu_mem_mean=2.3/47.8GB
timesteps=2676960 | env_steps/sec=276.5 | episodes/sec=4.03 | gpu_util_mean=0% gpu_util_max=0% | gpu_mem_mean=2.3/47.8GB
timesteps=2678400 | env_steps/sec=279.3 | episodes/sec=3.30 | gpu_util_mean=0% gpu_util_max=1% | gpu_mem_mean=2.3/47.8GB
timesteps=2679744 | env_steps/sec=267.8 | episodes/sec=4.18 | gpu_util_mean=0% gpu_util_max=1% | gpu_mem_mean=2.3/47.8GB
timesteps=2681184 | env_steps/sec=283.4 | episodes/sec=4.72 | gpu_util_mean=0% gpu_util_max=0% | gpu_mem_mean=2.3/47.8GB
timesteps=2682720 | env_steps/sec=287.4 | episodes/sec=3.37 | gpu_util_mean=0% gpu_util_max=0% | gpu_mem_mean=2.3/47.8GB
timesteps=2684256 | env_steps/sec=288.9 | episodes/sec=4.89 | gpu_util_mean=0% gpu_util_max=0% | gpu_mem_mean=2.3/47.8GB
timesteps=2685696 | env_steps/sec=270.3 | episodes/sec=3.00 | gpu_util_mean=0% gpu_util_max=0% | gpu_mem_mean=2.3/47.8GB
timesteps=2687136 | env_steps/sec=276.2 | episodes/sec=3.64 | gpu_util_mean=0% gpu_util_max=1% | gpu_mem_mean=2.3/47.8GB
timesteps=2688576 | env_steps/sec=276.3 | episodes/sec=5.18 | gpu_util_mean=16% gpu_util_max=31% | gpu_mem_mean=2.3/47.8GB
timesteps=2690400 | env_steps/sec=348.0 | episodes/sec=4.58 | gpu_util_mean=0% gpu_util_max=0% | gpu_mem_mean=2.3/47.8GB
timesteps=2691744 | env_steps/sec=262.6 | episodes/sec=4.69 | gpu_util_mean=0% gpu_util_max=0% | gpu_mem_mean=2.3/47.8GB
timesteps=2693088 | env_steps/sec=262.7 | episodes/sec=2.54 | gpu_util_mean=0% gpu_util_max=0% | gpu_mem_mean=2.3/47.8GB
timesteps=2694528 | env_steps/sec=281.8 | episodes/sec=4.50 | gpu_util_mean=0% gpu_util_max=1% | gpu_mem_mean=2.3/47.8GB
timesteps=2695968 | env_steps/sec=277.3 | episodes/sec=3.08 | gpu_util_mean=0% gpu_util_max=0% | gpu_mem_mean=2.3/47.8GB
timesteps=2697408 | env_steps/sec=282.4 | episodes/sec=5.69 | gpu_util_mean=0% gpu_util_max=0% | gpu_mem_mean=2.3/47.8GB
timesteps=2698848 | env_steps/sec=269.8 | episodes/sec=4.31 | gpu_util_mean=0% gpu_util_max=0% | gpu_mem_mean=2.3/47.8GB
timesteps=2700192 | env_steps/sec=255.9 | episodes/sec=2.67 | gpu_util_mean=0% gpu_util_max=1% | gpu_mem_mean=2.3/47.8GB
timesteps=2701632 | env_steps/sec=281.8 | episodes/sec=3.72 | gpu_util_mean=0% gpu_util_max=0% | gpu_mem_mean=2.3/47.8GB
timesteps=2703072 | env_steps/sec=273.9 | episodes/sec=5.14 | gpu_util_mean=0% gpu_util_max=1% | gpu_mem_mean=2.3/47.8GB
-------------------------------------------
| gpu/                      |             |
|    gpu_count              | 2           |
|    gpu_mem_total_gb_mean  | 47.8        |
|    gpu_mem_used_gb_mean   | 2.33        |
|    gpu_util_pct_max       | 1           |
|    gpu_util_pct_mean      | 0.5         |
| profile/                  |             |
|    hard/damage_mean       | 0.244       |
|    hard/ep_len_mean       | 64.5        |
|    hard/ep_rew_mean       | 0.189       |
|    hard/episodes_window   | 200         |
|    hard/p_damage_ge_90    | 0           |
|    hard/p_stars_ge_2      | 0.005       |
|    hard/score_mean        | 0.254       |
|    hard/stars_mean        | 0.01        |
|    hard/ticks_mean        | 641         |
|    hard/truncated_rate    | 0.045       |
|    medium/damage_mean     | 0.697       |
|    medium/ep_len_mean     | 73.5        |
|    medium/ep_rew_mean     | 2.13        |
|    medium/episodes_window | 200         |
|    medium/p_damage_ge_90  | 0.21        |
|    medium/p_stars_ge_2    | 0.575       |
|    medium/score_mean      | 2.2         |
|    medium/stars_mean      | 1.5         |
|    medium/ticks_mean      | 731         |
|    medium/truncated_rate  | 0.145       |
| rollout/                  |             |
|    ep_len_mean            | 68.1        |
|    ep_rew_mean            | 0.96        |
| throughput/               |             |
|    env_steps_per_sec      | 274         |
|    episodes_per_sec       | 5.14        |
| time/                     |             |
|    fps                    | 279         |
|    iterations             | 55          |
|    time_elapsed           | 9677        |
|    total_timesteps        | 2703360     |
| train/                    |             |
|    approx_kl              | 0.011569572 |
|    clip_fraction          | 0.124       |
|    clip_range             | 0.2         |
|    entropy_loss           | -5.11       |
|    explained_variance     | 0.924       |
|    learning_rate          | 0.0003      |
|    loss                   | -0.045      |
|    n_updates              | 540         |
|    policy_gradient_loss   | -0.0185     |
|    value_loss             | 0.0749      |
-------------------------------------------
timesteps=2703456 | env_steps/sec=47.6 | episodes/sec=0.99 | gpu_util_mean=19% gpu_util_max=37% | gpu_mem_mean=2.3/47.8GB
timesteps=2704896 | env_steps/sec=284.1 | episodes/sec=3.95 | gpu_util_mean=0% gpu_util_max=0% | gpu_mem_mean=2.3/47.8GB
timesteps=2706240 | env_steps/sec=267.9 | episodes/sec=2.59 | gpu_util_mean=0% gpu_util_max=0% | gpu_mem_mean=2.3/47.8GB
timesteps=2707680 | env_steps/sec=275.2 | episodes/sec=4.01 | gpu_util_mean=0% gpu_util_max=0% | gpu_mem_mean=2.3/47.8GB
timesteps=2709120 | env_steps/sec=280.3 | episodes/sec=4.67 | gpu_util_mean=0% gpu_util_max=1% | gpu_mem_mean=2.3/47.8GB
timesteps=2710656 | env_steps/sec=297.1 | episodes/sec=5.03 | gpu_util_mean=0% gpu_util_max=1% | gpu_mem_mean=2.3/47.8GB
timesteps=2712000 | env_steps/sec=254.3 | episodes/sec=2.65 | gpu_util_mean=0% gpu_util_max=1% | gpu_mem_mean=2.3/47.8GB
timesteps=2713440 | env_steps/sec=276.0 | episodes/sec=3.64 | gpu_util_mean=0% gpu_util_max=1% | gpu_mem_mean=2.3/47.8GB
timesteps=2714880 | env_steps/sec=275.4 | episodes/sec=4.21 | gpu_util_mean=0% gpu_util_max=0% | gpu_mem_mean=2.3/47.8GB
timesteps=2716416 | env_steps/sec=292.1 | episodes/sec=5.33 | gpu_util_mean=0% gpu_util_max=1% | gpu_mem_mean=2.3/47.8GB
timesteps=2717856 | env_steps/sec=271.4 | episodes/sec=4.15 | gpu_util_mean=0% gpu_util_max=1% | gpu_mem_mean=2.3/47.8GB
timesteps=2719296 | env_steps/sec=278.4 | episodes/sec=2.32 | gpu_util_mean=0% gpu_util_max=0% | gpu_mem_mean=2.3/47.8GB
timesteps=2720736 | env_steps/sec=285.7 | episodes/sec=4.76 | gpu_util_mean=0% gpu_util_max=1% | gpu_mem_mean=2.3/47.8GB
timesteps=2722080 | env_steps/sec=262.6 | episodes/sec=4.69 | gpu_util_mean=0% gpu_util_max=0% | gpu_mem_mean=2.3/47.8GB
timesteps=2723616 | env_steps/sec=294.4 | episodes/sec=4.98 | gpu_util_mean=1% gpu_util_max=1% | gpu_mem_mean=2.3/47.8GB
timesteps=2724960 | env_steps/sec=263.2 | episodes/sec=2.94 | gpu_util_mean=0% gpu_util_max=1% | gpu_mem_mean=2.3/47.8GB
timesteps=2726304 | env_steps/sec=266.1 | episodes/sec=3.76 | gpu_util_mean=0% gpu_util_max=1% | gpu_mem_mean=2.3/47.8GB
timesteps=2727744 | env_steps/sec=280.5 | episodes/sec=3.70 | gpu_util_mean=0% gpu_util_max=0% | gpu_mem_mean=2.3/47.8GB
timesteps=2729184 | env_steps/sec=272.0 | episodes/sec=4.16 | gpu_util_mean=0% gpu_util_max=0% | gpu_mem_mean=2.3/47.8GB
timesteps=2730624 | env_steps/sec=270.9 | episodes/sec=4.33 | gpu_util_mean=0% gpu_util_max=1% | gpu_mem_mean=2.3/47.8GB
timesteps=2732064 | env_steps/sec=286.6 | episodes/sec=3.98 | gpu_util_mean=0% gpu_util_max=0% | gpu_mem_mean=2.3/47.8GB
timesteps=2733408 | env_steps/sec=267.6 | episodes/sec=3.78 | gpu_util_mean=0% gpu_util_max=0% | gpu_mem_mean=2.3/47.8GB
timesteps=2734944 | env_steps/sec=298.7 | episodes/sec=4.86 | gpu_util_mean=1% gpu_util_max=1% | gpu_mem_mean=2.3/47.8GB
timesteps=2736480 | env_steps/sec=306.4 | episodes/sec=3.39 | gpu_util_mean=0% gpu_util_max=1% | gpu_mem_mean=2.3/47.8GB
timesteps=2737920 | env_steps/sec=279.5 | episodes/sec=4.85 | gpu_util_mean=16% gpu_util_max=33% | gpu_mem_mean=2.3/47.8GB
timesteps=2739360 | env_steps/sec=271.0 | episodes/sec=3.20 | gpu_util_mean=17% gpu_util_max=34% | gpu_mem_mean=2.3/47.8GB
timesteps=2740896 | env_steps/sec=287.0 | episodes/sec=4.30 | gpu_util_mean=0% gpu_util_max=0% | gpu_mem_mean=2.3/47.8GB
timesteps=2742336 | env_steps/sec=272.5 | episodes/sec=3.60 | gpu_util_mean=0% gpu_util_max=0% | gpu_mem_mean=2.3/47.8GB
timesteps=2743776 | env_steps/sec=281.6 | episodes/sec=4.30 | gpu_util_mean=0% gpu_util_max=0% | gpu_mem_mean=2.3/47.8GB
timesteps=2745216 | env_steps/sec=268.3 | episodes/sec=4.47 | gpu_util_mean=0% gpu_util_max=1% | gpu_mem_mean=2.3/47.8GB
timesteps=2746560 | env_steps/sec=266.5 | episodes/sec=3.57 | gpu_util_mean=1% gpu_util_max=1% | gpu_mem_mean=2.3/47.8GB
timesteps=2747904 | env_steps/sec=266.0 | episodes/sec=2.38 | gpu_util_mean=0% gpu_util_max=0% | gpu_mem_mean=2.3/47.8GB
timesteps=2749344 | env_steps/sec=281.5 | episodes/sec=4.89 | gpu_util_mean=0% gpu_util_max=0% | gpu_mem_mean=2.3/47.8GB
timesteps=2750784 | env_steps/sec=269.8 | episodes/sec=4.87 | gpu_util_mean=0% gpu_util_max=0% | gpu_mem_mean=2.3/47.8GB
timesteps=2752224 | env_steps/sec=279.6 | episodes/sec=3.30 | gpu_util_mean=0% gpu_util_max=1% | gpu_mem_mean=2.3/47.8GB
-------------------------------------------
| gpu/                      |             |
|    gpu_count              | 2           |
|    gpu_mem_total_gb_mean  | 47.8        |
|    gpu_mem_used_gb_mean   | 2.33        |
|    gpu_util_pct_max       | 1           |
|    gpu_util_pct_mean      | 0.5         |
| profile/                  |             |
|    hard/damage_mean       | 0.252       |
|    hard/ep_len_mean       | 65.3        |
|    hard/ep_rew_mean       | 0.208       |
|    hard/episodes_window   | 200         |
|    hard/p_damage_ge_90    | 0           |
|    hard/p_stars_ge_2      | 0           |
|    hard/score_mean        | 0.272       |
|    hard/stars_mean        | 0.02        |
|    hard/ticks_mean        | 648         |
|    hard/truncated_rate    | 0.05        |
|    medium/damage_mean     | 0.709       |
|    medium/ep_len_mean     | 73.2        |
|    medium/ep_rew_mean     | 2.14        |
|    medium/episodes_window | 200         |
|    medium/p_damage_ge_90  | 0.225       |
|    medium/p_stars_ge_2    | 0.55        |
|    medium/score_mean      | 2.21        |
|    medium/stars_mean      | 1.5         |
|    medium/ticks_mean      | 729         |
|    medium/truncated_rate  | 0.14        |
| rollout/                  |             |
|    ep_len_mean            | 68.2        |
|    ep_rew_mean            | 1.05        |
| throughput/               |             |
|    env_steps_per_sec      | 280         |
|    episodes_per_sec       | 3.3         |
| time/                     |             |
|    fps                    | 279         |
|    iterations             | 56          |
|    time_elapsed           | 9862        |
|    total_timesteps        | 2752512     |
| train/                    |             |
|    approx_kl              | 0.013315911 |
|    clip_fraction          | 0.157       |
|    clip_range             | 0.2         |
|    entropy_loss           | -5.12       |
|    explained_variance     | 0.913       |
|    learning_rate          | 0.0003      |
|    loss                   | -0.0492     |
|    n_updates              | 550         |
|    policy_gradient_loss   | -0.0216     |
|    value_loss             | 0.0637      |
-------------------------------------------
timesteps=2752608 | env_steps/sec=45.7 | episodes/sec=0.95 | gpu_util_mean=0% gpu_util_max=0% | gpu_mem_mean=2.3/47.8GB
timesteps=2754048 | env_steps/sec=282.5 | episodes/sec=3.73 | gpu_util_mean=0% gpu_util_max=0% | gpu_mem_mean=2.3/47.8GB
timesteps=2755488 | env_steps/sec=280.5 | episodes/sec=3.51 | gpu_util_mean=0% gpu_util_max=1% | gpu_mem_mean=2.3/47.8GB
timesteps=2756832 | env_steps/sec=264.3 | episodes/sec=4.92 | gpu_util_mean=0% gpu_util_max=1% | gpu_mem_mean=2.3/47.8GB
timesteps=2758272 | env_steps/sec=279.2 | episodes/sec=3.49 | gpu_util_mean=0% gpu_util_max=0% | gpu_mem_mean=2.3/47.8GB
timesteps=2759616 | env_steps/sec=267.4 | episodes/sec=3.98 | gpu_util_mean=0% gpu_util_max=0% | gpu_mem_mean=2.3/47.8GB
timesteps=2761056 | env_steps/sec=273.8 | episodes/sec=3.61 | gpu_util_mean=0% gpu_util_max=0% | gpu_mem_mean=2.3/47.8GB
timesteps=2762496 | env_steps/sec=272.2 | episodes/sec=4.35 | gpu_util_mean=0% gpu_util_max=0% | gpu_mem_mean=2.3/47.8GB
timesteps=2763936 | env_steps/sec=282.8 | episodes/sec=3.93 | gpu_util_mean=0% gpu_util_max=0% | gpu_mem_mean=2.3/47.8GB
timesteps=2765280 | env_steps/sec=264.8 | episodes/sec=4.33 | gpu_util_mean=0% gpu_util_max=1% | gpu_mem_mean=2.3/47.8GB
timesteps=2766720 | env_steps/sec=273.7 | episodes/sec=3.80 | gpu_util_mean=0% gpu_util_max=0% | gpu_mem_mean=2.3/47.8GB
timesteps=2768160 | env_steps/sec=279.3 | episodes/sec=3.30 | gpu_util_mean=0% gpu_util_max=1% | gpu_mem_mean=2.3/47.8GB
timesteps=2769600 | env_steps/sec=284.0 | episodes/sec=4.14 | gpu_util_mean=0% gpu_util_max=0% | gpu_mem_mean=2.3/47.8GB
timesteps=2770944 | env_steps/sec=267.8 | episodes/sec=4.58 | gpu_util_mean=0% gpu_util_max=1% | gpu_mem_mean=2.3/47.8GB
timesteps=2772480 | env_steps/sec=290.7 | episodes/sec=3.79 | gpu_util_mean=0% gpu_util_max=0% | gpu_mem_mean=2.3/47.8GB
timesteps=2773728 | env_steps/sec=249.5 | episodes/sec=5.00 | gpu_util_mean=0% gpu_util_max=1% | gpu_mem_mean=2.3/47.8GB
timesteps=2774976 | env_steps/sec=246.8 | episodes/sec=2.97 | gpu_util_mean=0% gpu_util_max=0% | gpu_mem_mean=2.3/47.8GB
timesteps=2776224 | env_steps/sec=247.1 | episodes/sec=2.97 | gpu_util_mean=0% gpu_util_max=0% | gpu_mem_mean=2.3/47.8GB
timesteps=2777664 | env_steps/sec=281.6 | episodes/sec=4.11 | gpu_util_mean=0% gpu_util_max=1% | gpu_mem_mean=2.3/47.8GB
timesteps=2779104 | env_steps/sec=285.1 | episodes/sec=4.95 | gpu_util_mean=0% gpu_util_max=1% | gpu_mem_mean=2.3/47.8GB
timesteps=2780544 | env_steps/sec=286.3 | episodes/sec=4.37 | gpu_util_mean=0% gpu_util_max=1% | gpu_mem_mean=2.3/47.8GB
timesteps=2782176 | env_steps/sec=312.1 | episodes/sec=4.21 | gpu_util_mean=0% gpu_util_max=1% | gpu_mem_mean=2.3/47.8GB
timesteps=2783616 | env_steps/sec=278.6 | episodes/sec=4.06 | gpu_util_mean=0% gpu_util_max=0% | gpu_mem_mean=2.3/47.8GB
timesteps=2785056 | env_steps/sec=275.2 | episodes/sec=4.40 | gpu_util_mean=1% gpu_util_max=1% | gpu_mem_mean=2.3/47.8GB
timesteps=2786400 | env_steps/sec=262.9 | episodes/sec=3.33 | gpu_util_mean=0% gpu_util_max=1% | gpu_mem_mean=2.3/47.8GB
timesteps=2787936 | env_steps/sec=292.9 | episodes/sec=4.58 | gpu_util_mean=18% gpu_util_max=37% | gpu_mem_mean=2.3/47.8GB
timesteps=2789376 | env_steps/sec=275.6 | episodes/sec=4.59 | gpu_util_mean=0% gpu_util_max=0% | gpu_mem_mean=2.3/47.8GB
timesteps=2790720 | env_steps/sec=263.3 | episodes/sec=3.72 | gpu_util_mean=0% gpu_util_max=1% | gpu_mem_mean=2.3/47.8GB
timesteps=2792160 | env_steps/sec=274.9 | episodes/sec=3.44 | gpu_util_mean=0% gpu_util_max=0% | gpu_mem_mean=2.3/47.8GB
timesteps=2793600 | env_steps/sec=283.0 | episodes/sec=3.14 | gpu_util_mean=1% gpu_util_max=1% | gpu_mem_mean=2.3/47.8GB
timesteps=2795040 | env_steps/sec=287.3 | episodes/sec=5.39 | gpu_util_mean=0% gpu_util_max=1% | gpu_mem_mean=2.3/47.8GB
timesteps=2796576 | env_steps/sec=294.1 | episodes/sec=4.60 | gpu_util_mean=0% gpu_util_max=0% | gpu_mem_mean=2.3/47.8GB
timesteps=2797920 | env_steps/sec=266.0 | episodes/sec=3.76 | gpu_util_mean=0% gpu_util_max=1% | gpu_mem_mean=2.3/47.8GB
timesteps=2799360 | env_steps/sec=271.4 | episodes/sec=3.20 | gpu_util_mean=0% gpu_util_max=0% | gpu_mem_mean=2.3/47.8GB
timesteps=2800704 | env_steps/sec=267.8 | episodes/sec=2.99 | gpu_util_mean=0% gpu_util_max=1% | gpu_mem_mean=2.3/47.8GB
-------------------------------------------
| gpu/                      |             |
|    gpu_count              | 2           |
|    gpu_mem_total_gb_mean  | 47.8        |
|    gpu_mem_used_gb_mean   | 2.33        |
|    gpu_util_pct_max       | 1           |
|    gpu_util_pct_mean      | 0.5         |
| profile/                  |             |
|    hard/damage_mean       | 0.233       |
|    hard/ep_len_mean       | 63.1        |
|    hard/ep_rew_mean       | 0.186       |
|    hard/episodes_window   | 200         |
|    hard/p_damage_ge_90    | 0           |
|    hard/p_stars_ge_2      | 0.005       |
|    hard/score_mean        | 0.248       |
|    hard/stars_mean        | 0.015       |
|    hard/ticks_mean        | 627         |
|    hard/truncated_rate    | 0.01        |
|    medium/damage_mean     | 0.703       |
|    medium/ep_len_mean     | 73.5        |
|    medium/ep_rew_mean     | 2.14        |
|    medium/episodes_window | 200         |
|    medium/p_damage_ge_90  | 0.235       |
|    medium/p_stars_ge_2    | 0.59        |
|    medium/score_mean      | 2.22        |
|    medium/stars_mean      | 1.51        |
|    medium/ticks_mean      | 731         |
|    medium/truncated_rate  | 0.165       |
| rollout/                  |             |
|    ep_len_mean            | 68.3        |
|    ep_rew_mean            | 1.03        |
| throughput/               |             |
|    env_steps_per_sec      | 268         |
|    episodes_per_sec       | 2.99        |
| time/                     |             |
|    fps                    | 278         |
|    iterations             | 57          |
|    time_elapsed           | 10047       |
|    total_timesteps        | 2801664     |
| train/                    |             |
|    approx_kl              | 0.012012954 |
|    clip_fraction          | 0.143       |
|    clip_range             | 0.2         |
|    entropy_loss           | -5.13       |
|    explained_variance     | 0.893       |
|    learning_rate          | 0.0003      |
|    loss                   | -0.048      |
|    n_updates              | 560         |
|    policy_gradient_loss   | -0.0206     |
|    value_loss             | 0.068       |
-------------------------------------------
timesteps=2801760 | env_steps/sec=96.9 | episodes/sec=2.02 | gpu_util_mean=18% gpu_util_max=36% | gpu_mem_mean=2.3/47.8GB
timesteps=2803200 | env_steps/sec=282.6 | episodes/sec=4.71 | gpu_util_mean=0% gpu_util_max=0% | gpu_mem_mean=2.3/47.8GB
timesteps=2804544 | env_steps/sec=264.5 | episodes/sec=3.94 | gpu_util_mean=0% gpu_util_max=1% | gpu_mem_mean=2.3/47.8GB
timesteps=2805984 | env_steps/sec=275.3 | episodes/sec=2.68 | gpu_util_mean=0% gpu_util_max=0% | gpu_mem_mean=2.3/47.8GB
timesteps=2807328 | env_steps/sec=261.9 | episodes/sec=3.70 | gpu_util_mean=0% gpu_util_max=1% | gpu_mem_mean=2.3/47.8GB
timesteps=2808768 | env_steps/sec=277.2 | episodes/sec=5.39 | gpu_util_mean=0% gpu_util_max=0% | gpu_mem_mean=2.3/47.8GB
timesteps=2810208 | env_steps/sec=272.9 | episodes/sec=4.55 | gpu_util_mean=0% gpu_util_max=0% | gpu_mem_mean=2.3/47.8GB
timesteps=2811648 | env_steps/sec=286.8 | episodes/sec=3.58 | gpu_util_mean=0% gpu_util_max=0% | gpu_mem_mean=2.3/47.8GB
timesteps=2812992 | env_steps/sec=268.2 | episodes/sec=2.79 | gpu_util_mean=0% gpu_util_max=0% | gpu_mem_mean=2.3/47.8GB
timesteps=2814432 | env_steps/sec=286.6 | episodes/sec=3.78 | gpu_util_mean=0% gpu_util_max=0% | gpu_mem_mean=2.3/47.8GB
timesteps=2815776 | env_steps/sec=262.1 | episodes/sec=5.46 | gpu_util_mean=0% gpu_util_max=1% | gpu_mem_mean=2.3/47.8GB
timesteps=2817216 | env_steps/sec=270.7 | episodes/sec=2.44 | gpu_util_mean=0% gpu_util_max=1% | gpu_mem_mean=2.3/47.8GB
timesteps=2818656 | env_steps/sec=280.0 | episodes/sec=4.47 | gpu_util_mean=0% gpu_util_max=0% | gpu_mem_mean=2.3/47.8GB
timesteps=2820096 | env_steps/sec=274.0 | episodes/sec=4.76 | gpu_util_mean=0% gpu_util_max=0% | gpu_mem_mean=2.3/47.8GB
timesteps=2821536 | env_steps/sec=279.3 | episodes/sec=4.65 | gpu_util_mean=0% gpu_util_max=1% | gpu_mem_mean=2.3/47.8GB
timesteps=2822976 | env_steps/sec=277.8 | episodes/sec=3.28 | gpu_util_mean=0% gpu_util_max=1% | gpu_mem_mean=2.3/47.8GB
timesteps=2824320 | env_steps/sec=259.7 | episodes/sec=3.67 | gpu_util_mean=0% gpu_util_max=0% | gpu_mem_mean=2.3/47.8GB
timesteps=2825664 | env_steps/sec=265.4 | episodes/sec=3.55 | gpu_util_mean=1% gpu_util_max=1% | gpu_mem_mean=2.3/47.8GB
timesteps=2827200 | env_steps/sec=297.5 | episodes/sec=5.42 | gpu_util_mean=0% gpu_util_max=0% | gpu_mem_mean=2.3/47.8GB
timesteps=2828736 | env_steps/sec=288.6 | episodes/sec=3.76 | gpu_util_mean=0% gpu_util_max=0% | gpu_mem_mean=2.3/47.8GB
timesteps=2830176 | env_steps/sec=275.5 | episodes/sec=3.06 | gpu_util_mean=0% gpu_util_max=1% | gpu_mem_mean=2.3/47.8GB
timesteps=2831520 | env_steps/sec=268.5 | episodes/sec=4.20 | gpu_util_mean=1% gpu_util_max=1% | gpu_mem_mean=2.3/47.8GB
timesteps=2832960 | env_steps/sec=273.7 | episodes/sec=4.56 | gpu_util_mean=0% gpu_util_max=1% | gpu_mem_mean=2.3/47.8GB
timesteps=2834400 | env_steps/sec=268.9 | episodes/sec=4.48 | gpu_util_mean=0% gpu_util_max=1% | gpu_mem_mean=2.3/47.8GB
timesteps=2835744 | env_steps/sec=265.3 | episodes/sec=2.57 | gpu_util_mean=1% gpu_util_max=1% | gpu_mem_mean=2.3/47.8GB
timesteps=2837184 | env_steps/sec=278.2 | episodes/sec=4.25 | gpu_util_mean=18% gpu_util_max=35% | gpu_mem_mean=2.3/47.8GB
timesteps=2838720 | env_steps/sec=288.9 | episodes/sec=4.51 | gpu_util_mean=0% gpu_util_max=1% | gpu_mem_mean=2.3/47.8GB
timesteps=2840064 | env_steps/sec=253.4 | episodes/sec=3.77 | gpu_util_mean=0% gpu_util_max=0% | gpu_mem_mean=2.3/47.8GB
timesteps=2841408 | env_steps/sec=260.6 | episodes/sec=3.88 | gpu_util_mean=1% gpu_util_max=1% | gpu_mem_mean=2.3/47.8GB
timesteps=2842752 | env_steps/sec=263.8 | episodes/sec=3.14 | gpu_util_mean=0% gpu_util_max=1% | gpu_mem_mean=2.3/47.8GB
timesteps=2844192 | env_steps/sec=280.6 | episodes/sec=4.68 | gpu_util_mean=0% gpu_util_max=0% | gpu_mem_mean=2.3/47.8GB
timesteps=2845536 | env_steps/sec=267.4 | episodes/sec=3.98 | gpu_util_mean=0% gpu_util_max=0% | gpu_mem_mean=2.3/47.8GB
timesteps=2846976 | env_steps/sec=274.6 | episodes/sec=4.19 | gpu_util_mean=0% gpu_util_max=1% | gpu_mem_mean=2.3/47.8GB
timesteps=2848320 | env_steps/sec=264.1 | episodes/sec=3.73 | gpu_util_mean=0% gpu_util_max=0% | gpu_mem_mean=2.3/47.8GB
timesteps=2849760 | env_steps/sec=279.5 | episodes/sec=4.27 | gpu_util_mean=0% gpu_util_max=0% | gpu_mem_mean=2.3/47.8GB
------------------------------------------
| gpu/                      |            |
|    gpu_count              | 2          |
|    gpu_mem_total_gb_mean  | 47.8       |
|    gpu_mem_used_gb_mean   | 2.33       |
|    gpu_util_pct_max       | 0          |
|    gpu_util_pct_mean      | 0          |
| profile/                  |            |
|    hard/damage_mean       | 0.235      |
|    hard/ep_len_mean       | 63.8       |
|    hard/ep_rew_mean       | 0.177      |
|    hard/episodes_window   | 200        |
|    hard/p_damage_ge_90    | 0          |
|    hard/p_stars_ge_2      | 0          |
|    hard/score_mean        | 0.24       |
|    hard/stars_mean        | 0.005      |
|    hard/ticks_mean        | 634        |
|    hard/truncated_rate    | 0.03       |
|    medium/damage_mean     | 0.711      |
|    medium/ep_len_mean     | 73.1       |
|    medium/ep_rew_mean     | 2.16       |
|    medium/episodes_window | 200        |
|    medium/p_damage_ge_90  | 0.23       |
|    medium/p_stars_ge_2    | 0.595      |
|    medium/score_mean      | 2.24       |
|    medium/stars_mean      | 1.52       |
|    medium/ticks_mean      | 727        |
|    medium/truncated_rate  | 0.17       |
| rollout/                  |            |
|    ep_len_mean            | 67.4       |
|    ep_rew_mean            | 0.984      |
| throughput/               |            |
|    env_steps_per_sec      | 280        |
|    episodes_per_sec       | 4.27       |
| time/                     |            |
|    fps                    | 278        |
|    iterations             | 58         |
|    time_elapsed           | 10234      |
|    total_timesteps        | 2850816    |
| train/                    |            |
|    approx_kl              | 0.01196365 |
|    clip_fraction          | 0.142      |
|    clip_range             | 0.2        |
|    entropy_loss           | -5.15      |
|    explained_variance     | 0.887      |
|    learning_rate          | 0.0003     |
|    loss                   | -0.049     |
|    n_updates              | 570        |
|    policy_gradient_loss   | -0.0214    |
|    value_loss             | 0.0677     |
------------------------------------------
timesteps=2850912 | env_steps/sec=99.2 | episodes/sec=1.64 | gpu_util_mean=16% gpu_util_max=32% | gpu_mem_mean=2.3/47.8GB
timesteps=2852352 | env_steps/sec=277.1 | episodes/sec=3.66 | gpu_util_mean=0% gpu_util_max=0% | gpu_mem_mean=2.3/47.8GB
timesteps=2853792 | env_steps/sec=282.9 | episodes/sec=3.14 | gpu_util_mean=1% gpu_util_max=1% | gpu_mem_mean=2.3/47.8GB
timesteps=2855136 | env_steps/sec=264.5 | episodes/sec=4.53 | gpu_util_mean=0% gpu_util_max=0% | gpu_mem_mean=2.3/47.8GB
timesteps=2856576 | env_steps/sec=272.8 | episodes/sec=3.41 | gpu_util_mean=1% gpu_util_max=1% | gpu_mem_mean=2.3/47.8GB
timesteps=2858112 | env_steps/sec=290.2 | episodes/sec=4.91 | gpu_util_mean=0% gpu_util_max=1% | gpu_mem_mean=2.3/47.8GB
timesteps=2859552 | env_steps/sec=278.0 | episodes/sec=2.90 | gpu_util_mean=0% gpu_util_max=0% | gpu_mem_mean=2.3/47.8GB
timesteps=2860992 | env_steps/sec=280.2 | episodes/sec=4.47 | gpu_util_mean=1% gpu_util_max=1% | gpu_mem_mean=2.3/47.8GB
timesteps=2862336 | env_steps/sec=265.6 | episodes/sec=2.96 | gpu_util_mean=1% gpu_util_max=1% | gpu_mem_mean=2.3/47.8GB
timesteps=2863776 | env_steps/sec=286.0 | episodes/sec=4.96 | gpu_util_mean=0% gpu_util_max=1% | gpu_mem_mean=2.3/47.8GB
timesteps=2865120 | env_steps/sec=268.4 | episodes/sec=4.79 | gpu_util_mean=0% gpu_util_max=0% | gpu_mem_mean=2.3/47.8GB
timesteps=2866560 | env_steps/sec=272.9 | episodes/sec=3.98 | gpu_util_mean=0% gpu_util_max=0% | gpu_mem_mean=2.3/47.8GB
timesteps=2867808 | env_steps/sec=243.5 | episodes/sec=2.34 | gpu_util_mean=0% gpu_util_max=0% | gpu_mem_mean=2.3/47.8GB
timesteps=2869248 | env_steps/sec=276.5 | episodes/sec=4.99 | gpu_util_mean=1% gpu_util_max=1% | gpu_mem_mean=2.3/47.8GB
timesteps=2870688 | env_steps/sec=277.5 | episodes/sec=4.05 | gpu_util_mean=0% gpu_util_max=0% | gpu_mem_mean=2.3/47.8GB
timesteps=2872128 | env_steps/sec=283.1 | episodes/sec=3.93 | gpu_util_mean=1% gpu_util_max=1% | gpu_mem_mean=2.3/47.8GB
timesteps=2873664 | env_steps/sec=296.2 | episodes/sec=5.01 | gpu_util_mean=0% gpu_util_max=0% | gpu_mem_mean=2.3/47.8GB
timesteps=2875104 | env_steps/sec=287.3 | episodes/sec=3.19 | gpu_util_mean=0% gpu_util_max=0% | gpu_mem_mean=2.3/47.8GB
timesteps=2876544 | env_steps/sec=271.0 | episodes/sec=4.14 | gpu_util_mean=0% gpu_util_max=0% | gpu_mem_mean=2.3/47.8GB
timesteps=2877984 | env_steps/sec=276.2 | episodes/sec=4.03 | gpu_util_mean=0% gpu_util_max=0% | gpu_mem_mean=2.3/47.8GB
timesteps=2879424 | env_steps/sec=281.6 | episodes/sec=4.50 | gpu_util_mean=0% gpu_util_max=1% | gpu_mem_mean=2.3/47.8GB
timesteps=2880960 | env_steps/sec=292.5 | episodes/sec=3.43 | gpu_util_mean=0% gpu_util_max=1% | gpu_mem_mean=2.3/47.8GB
timesteps=2882400 | env_steps/sec=281.5 | episodes/sec=4.30 | gpu_util_mean=0% gpu_util_max=0% | gpu_mem_mean=2.3/47.8GB
timesteps=2883744 | env_steps/sec=261.9 | episodes/sec=3.70 | gpu_util_mean=0% gpu_util_max=0% | gpu_mem_mean=2.3/47.8GB
timesteps=2885088 | env_steps/sec=261.4 | episodes/sec=4.67 | gpu_util_mean=0% gpu_util_max=1% | gpu_mem_mean=2.3/47.8GB
timesteps=2886528 | env_steps/sec=275.8 | episodes/sec=3.83 | gpu_util_mean=16% gpu_util_max=32% | gpu_mem_mean=2.3/47.8GB
timesteps=2887968 | env_steps/sec=273.0 | episodes/sec=3.41 | gpu_util_mean=0% gpu_util_max=0% | gpu_mem_mean=2.3/47.8GB
timesteps=2889408 | env_steps/sec=282.6 | episodes/sec=4.12 | gpu_util_mean=0% gpu_util_max=1% | gpu_mem_mean=2.3/47.8GB
timesteps=2890752 | env_steps/sec=256.7 | episodes/sec=3.63 | gpu_util_mean=1% gpu_util_max=1% | gpu_mem_mean=2.3/47.8GB
timesteps=2892192 | env_steps/sec=275.2 | episodes/sec=4.59 | gpu_util_mean=0% gpu_util_max=0% | gpu_mem_mean=2.3/47.8GB
timesteps=2893632 | env_steps/sec=278.2 | episodes/sec=3.67 | gpu_util_mean=0% gpu_util_max=1% | gpu_mem_mean=2.3/47.8GB
timesteps=2895072 | env_steps/sec=284.1 | episodes/sec=4.14 | gpu_util_mean=0% gpu_util_max=1% | gpu_mem_mean=2.3/47.8GB
timesteps=2896416 | env_steps/sec=258.7 | episodes/sec=4.81 | gpu_util_mean=0% gpu_util_max=0% | gpu_mem_mean=2.3/47.8GB
timesteps=2897856 | env_steps/sec=282.7 | episodes/sec=4.71 | gpu_util_mean=0% gpu_util_max=0% | gpu_mem_mean=2.3/47.8GB
timesteps=2899200 | env_steps/sec=260.0 | episodes/sec=2.90 | gpu_util_mean=0% gpu_util_max=1% | gpu_mem_mean=2.3/47.8GB
-------------------------------------------
| gpu/                      |             |
|    gpu_count              | 2           |
|    gpu_mem_total_gb_mean  | 47.8        |
|    gpu_mem_used_gb_mean   | 2.33        |
|    gpu_util_pct_max       | 1           |
|    gpu_util_pct_mean      | 0.5         |
| profile/                  |             |
|    hard/damage_mean       | 0.244       |
|    hard/ep_len_mean       | 64.5        |
|    hard/ep_rew_mean       | 0.205       |
|    hard/episodes_window   | 200         |
|    hard/p_damage_ge_90    | 0           |
|    hard/p_stars_ge_2      | 0.005       |
|    hard/score_mean        | 0.269       |
|    hard/stars_mean        | 0.025       |
|    hard/ticks_mean        | 641         |
|    hard/truncated_rate    | 0.025       |
|    medium/damage_mean     | 0.727       |
|    medium/ep_len_mean     | 73.1        |
|    medium/ep_rew_mean     | 2.28        |
|    medium/episodes_window | 200         |
|    medium/p_damage_ge_90  | 0.28        |
|    medium/p_stars_ge_2    | 0.615       |
|    medium/score_mean      | 2.35        |
|    medium/stars_mean      | 1.62        |
|    medium/ticks_mean      | 727         |
|    medium/truncated_rate  | 0.175       |
| rollout/                  |             |
|    ep_len_mean            | 67.1        |
|    ep_rew_mean            | 1.07        |
| throughput/               |             |
|    env_steps_per_sec      | 260         |
|    episodes_per_sec       | 2.9         |
| time/                     |             |
|    fps                    | 278         |
|    iterations             | 59          |
|    time_elapsed           | 10420       |
|    total_timesteps        | 2899968     |
| train/                    |             |
|    approx_kl              | 0.012158076 |
|    clip_fraction          | 0.119       |
|    clip_range             | 0.2         |
|    entropy_loss           | -5.14       |
|    explained_variance     | 0.869       |
|    learning_rate          | 0.0003      |
|    loss                   | -0.0482     |
|    n_updates              | 580         |
|    policy_gradient_loss   | -0.0214     |
|    value_loss             | 0.0685      |
-------------------------------------------
timesteps=2900064 | env_steps/sec=85.1 | episodes/sec=1.18 | gpu_util_mean=0% gpu_util_max=1% | gpu_mem_mean=2.3/47.8GB
timesteps=2901504 | env_steps/sec=279.7 | episodes/sec=4.66 | gpu_util_mean=0% gpu_util_max=1% | gpu_mem_mean=2.3/47.8GB
timesteps=2903040 | env_steps/sec=294.4 | episodes/sec=3.64 | gpu_util_mean=0% gpu_util_max=1% | gpu_mem_mean=2.3/47.8GB
timesteps=2904576 | env_steps/sec=286.7 | episodes/sec=4.85 | gpu_util_mean=0% gpu_util_max=0% | gpu_mem_mean=2.3/47.8GB
timesteps=2906112 | env_steps/sec=291.4 | episodes/sec=3.61 | gpu_util_mean=1% gpu_util_max=1% | gpu_mem_mean=2.3/47.8GB
timesteps=2907552 | env_steps/sec=272.9 | episodes/sec=4.17 | gpu_util_mean=0% gpu_util_max=1% | gpu_mem_mean=2.3/47.8GB
timesteps=2908896 | env_steps/sec=263.3 | episodes/sec=4.11 | gpu_util_mean=0% gpu_util_max=1% | gpu_mem_mean=2.3/47.8GB
timesteps=2910240 | env_steps/sec=265.8 | episodes/sec=4.55 | gpu_util_mean=1% gpu_util_max=1% | gpu_mem_mean=2.3/47.8GB
timesteps=2911584 | env_steps/sec=263.4 | episodes/sec=1.96 | gpu_util_mean=0% gpu_util_max=0% | gpu_mem_mean=2.3/47.8GB
timesteps=2912928 | env_steps/sec=268.0 | episodes/sec=4.39 | gpu_util_mean=0% gpu_util_max=0% | gpu_mem_mean=2.3/47.8GB
timesteps=2914464 | env_steps/sec=292.3 | episodes/sec=5.14 | gpu_util_mean=0% gpu_util_max=0% | gpu_mem_mean=2.3/47.8GB
timesteps=2915808 | env_steps/sec=265.0 | episodes/sec=4.34 | gpu_util_mean=0% gpu_util_max=1% | gpu_mem_mean=2.3/47.8GB
timesteps=2917248 | env_steps/sec=268.8 | episodes/sec=2.80 | gpu_util_mean=0% gpu_util_max=0% | gpu_mem_mean=2.3/47.8GB
timesteps=2918592 | env_steps/sec=264.1 | episodes/sec=3.93 | gpu_util_mean=0% gpu_util_max=1% | gpu_mem_mean=2.3/47.8GB
timesteps=2920128 | env_steps/sec=293.1 | episodes/sec=3.24 | gpu_util_mean=0% gpu_util_max=0% | gpu_mem_mean=2.3/47.8GB
timesteps=2921568 | env_steps/sec=279.5 | episodes/sec=5.44 | gpu_util_mean=0% gpu_util_max=1% | gpu_mem_mean=2.3/47.8GB
timesteps=2922912 | env_steps/sec=266.8 | episodes/sec=3.97 | gpu_util_mean=0% gpu_util_max=1% | gpu_mem_mean=2.3/47.8GB
timesteps=2924256 | env_steps/sec=266.7 | episodes/sec=3.17 | gpu_util_mean=0% gpu_util_max=0% | gpu_mem_mean=2.3/47.8GB
timesteps=2925600 | env_steps/sec=253.9 | episodes/sec=3.40 | gpu_util_mean=0% gpu_util_max=1% | gpu_mem_mean=2.3/47.8GB
timesteps=2926944 | env_steps/sec=253.6 | episodes/sec=4.34 | gpu_util_mean=0% gpu_util_max=1% | gpu_mem_mean=2.3/47.8GB
timesteps=2928480 | env_steps/sec=290.7 | episodes/sec=3.97 | gpu_util_mean=1% gpu_util_max=1% | gpu_mem_mean=2.3/47.8GB
timesteps=2929824 | env_steps/sec=266.9 | episodes/sec=4.57 | gpu_util_mean=0% gpu_util_max=0% | gpu_mem_mean=2.3/47.8GB
timesteps=2931168 | env_steps/sec=256.0 | episodes/sec=1.71 | gpu_util_mean=1% gpu_util_max=1% | gpu_mem_mean=2.3/47.8GB
timesteps=2932608 | env_steps/sec=279.0 | episodes/sec=5.43 | gpu_util_mean=0% gpu_util_max=1% | gpu_mem_mean=2.3/47.8GB
timesteps=2934048 | env_steps/sec=274.6 | episodes/sec=3.62 | gpu_util_mean=1% gpu_util_max=1% | gpu_mem_mean=2.3/47.8GB
timesteps=2935488 | env_steps/sec=282.1 | episodes/sec=5.29 | gpu_util_mean=18% gpu_util_max=36% | gpu_mem_mean=2.3/47.8GB
timesteps=2936928 | env_steps/sec=273.8 | episodes/sec=2.47 | gpu_util_mean=18% gpu_util_max=35% | gpu_mem_mean=2.3/47.8GB
timesteps=2938464 | env_steps/sec=291.1 | episodes/sec=3.98 | gpu_util_mean=0% gpu_util_max=0% | gpu_mem_mean=2.3/47.8GB
timesteps=2939904 | env_steps/sec=268.9 | episodes/sec=4.67 | gpu_util_mean=0% gpu_util_max=1% | gpu_mem_mean=2.3/47.8GB
timesteps=2941248 | env_steps/sec=259.9 | episodes/sec=3.48 | gpu_util_mean=0% gpu_util_max=0% | gpu_mem_mean=2.3/47.8GB
timesteps=2942592 | env_steps/sec=257.6 | episodes/sec=3.83 | gpu_util_mean=0% gpu_util_max=1% | gpu_mem_mean=2.3/47.8GB
timesteps=2943936 | env_steps/sec=260.6 | episodes/sec=4.27 | gpu_util_mean=0% gpu_util_max=1% | gpu_mem_mean=2.3/47.8GB
timesteps=2945280 | env_steps/sec=262.8 | episodes/sec=3.32 | gpu_util_mean=0% gpu_util_max=0% | gpu_mem_mean=2.3/47.8GB
timesteps=2946720 | env_steps/sec=270.8 | episodes/sec=3.20 | gpu_util_mean=0% gpu_util_max=1% | gpu_mem_mean=2.3/47.8GB
timesteps=2948160 | env_steps/sec=285.0 | episodes/sec=4.75 | gpu_util_mean=0% gpu_util_max=1% | gpu_mem_mean=2.3/47.8GB
-------------------------------------------
| gpu/                      |             |
|    gpu_count              | 2           |
|    gpu_mem_total_gb_mean  | 47.8        |
|    gpu_mem_used_gb_mean   | 2.33        |
|    gpu_util_pct_max       | 1           |
|    gpu_util_pct_mean      | 0.5         |
| profile/                  |             |
|    hard/damage_mean       | 0.241       |
|    hard/ep_len_mean       | 64.3        |
|    hard/ep_rew_mean       | 0.182       |
|    hard/episodes_window   | 200         |
|    hard/p_damage_ge_90    | 0           |
|    hard/p_stars_ge_2      | 0           |
|    hard/score_mean        | 0.246       |
|    hard/stars_mean        | 0.005       |
|    hard/ticks_mean        | 638         |
|    hard/truncated_rate    | 0.015       |
|    medium/damage_mean     | 0.733       |
|    medium/ep_len_mean     | 75.9        |
|    medium/ep_rew_mean     | 2.3         |
|    medium/episodes_window | 200         |
|    medium/p_damage_ge_90  | 0.26        |
|    medium/p_stars_ge_2    | 0.655       |
|    medium/score_mean      | 2.38        |
|    medium/stars_mean      | 1.65        |
|    medium/ticks_mean      | 756         |
|    medium/truncated_rate  | 0.215       |
| rollout/                  |             |
|    ep_len_mean            | 69.2        |
|    ep_rew_mean            | 1.26        |
| throughput/               |             |
|    env_steps_per_sec      | 285         |
|    episodes_per_sec       | 4.75        |
| time/                     |             |
|    fps                    | 278         |
|    iterations             | 60          |
|    time_elapsed           | 10607       |
|    total_timesteps        | 2949120     |
| train/                    |             |
|    approx_kl              | 0.013024283 |
|    clip_fraction          | 0.148       |
|    clip_range             | 0.2         |
|    entropy_loss           | -5.12       |
|    explained_variance     | 0.87        |
|    learning_rate          | 0.0003      |
|    loss                   | -0.0463     |
|    n_updates              | 590         |
|    policy_gradient_loss   | -0.0215     |
|    value_loss             | 0.0731      |
-------------------------------------------
timesteps=2949216 | env_steps/sec=98.6 | episodes/sec=1.59 | gpu_util_mean=16% gpu_util_max=31% | gpu_mem_mean=2.3/47.8GB
timesteps=2950656 | env_steps/sec=277.3 | episodes/sec=4.04 | gpu_util_mean=0% gpu_util_max=0% | gpu_mem_mean=2.3/47.8GB
timesteps=2952000 | env_steps/sec=262.2 | episodes/sec=3.51 | gpu_util_mean=0% gpu_util_max=0% | gpu_mem_mean=2.3/47.8GB
timesteps=2953536 | env_steps/sec=287.4 | episodes/sec=3.74 | gpu_util_mean=0% gpu_util_max=0% | gpu_mem_mean=2.3/47.8GB
timesteps=2954880 | env_steps/sec=261.5 | episodes/sec=3.50 | gpu_util_mean=0% gpu_util_max=0% | gpu_mem_mean=2.3/47.8GB
timesteps=2956224 | env_steps/sec=256.9 | episodes/sec=5.54 | gpu_util_mean=0% gpu_util_max=0% | gpu_mem_mean=2.3/47.8GB
timesteps=2957664 | env_steps/sec=275.3 | episodes/sec=2.87 | gpu_util_mean=1% gpu_util_max=1% | gpu_mem_mean=2.3/47.8GB
timesteps=2959008 | env_steps/sec=266.2 | episodes/sec=3.76 | gpu_util_mean=0% gpu_util_max=1% | gpu_mem_mean=2.3/47.8GB
timesteps=2960352 | env_steps/sec=260.2 | episodes/sec=4.84 | gpu_util_mean=0% gpu_util_max=1% | gpu_mem_mean=2.3/47.8GB
timesteps=2961792 | env_steps/sec=280.9 | episodes/sec=4.29 | gpu_util_mean=0% gpu_util_max=1% | gpu_mem_mean=2.3/47.8GB
timesteps=2963232 | env_steps/sec=272.8 | episodes/sec=3.03 | gpu_util_mean=0% gpu_util_max=1% | gpu_mem_mean=2.3/47.8GB
timesteps=2964768 | env_steps/sec=299.2 | episodes/sec=3.12 | gpu_util_mean=0% gpu_util_max=0% | gpu_mem_mean=2.3/47.8GB
timesteps=2966208 | env_steps/sec=272.1 | episodes/sec=5.10 | gpu_util_mean=1% gpu_util_max=1% | gpu_mem_mean=2.3/47.8GB
timesteps=2967744 | env_steps/sec=285.4 | episodes/sec=4.65 | gpu_util_mean=0% gpu_util_max=0% | gpu_mem_mean=2.3/47.8GB
timesteps=2969280 | env_steps/sec=285.7 | episodes/sec=3.91 | gpu_util_mean=0% gpu_util_max=0% | gpu_mem_mean=2.3/47.8GB
timesteps=2970528 | env_steps/sec=244.8 | episodes/sec=2.35 | gpu_util_mean=0% gpu_util_max=0% | gpu_mem_mean=2.3/47.8GB
timesteps=2971968 | env_steps/sec=282.1 | episodes/sec=5.29 | gpu_util_mean=1% gpu_util_max=1% | gpu_mem_mean=2.3/47.8GB
timesteps=2973312 | env_steps/sec=260.9 | episodes/sec=4.08 | gpu_util_mean=1% gpu_util_max=1% | gpu_mem_mean=2.3/47.8GB
timesteps=2974656 | env_steps/sec=258.8 | episodes/sec=4.62 | gpu_util_mean=0% gpu_util_max=1% | gpu_mem_mean=2.3/47.8GB
timesteps=2975904 | env_steps/sec=246.9 | episodes/sec=2.37 | gpu_util_mean=0% gpu_util_max=0% | gpu_mem_mean=2.3/47.8GB
timesteps=2977344 | env_steps/sec=277.8 | episodes/sec=3.47 | gpu_util_mean=0% gpu_util_max=0% | gpu_mem_mean=2.3/47.8GB
timesteps=2978784 | env_steps/sec=265.0 | episodes/sec=4.60 | gpu_util_mean=0% gpu_util_max=0% | gpu_mem_mean=2.3/47.8GB
timesteps=2980224 | env_steps/sec=287.8 | episodes/sec=4.60 | gpu_util_mean=0% gpu_util_max=0% | gpu_mem_mean=2.3/47.8GB
timesteps=2981664 | env_steps/sec=269.6 | episodes/sec=3.18 | gpu_util_mean=0% gpu_util_max=0% | gpu_mem_mean=2.3/47.8GB
timesteps=2983008 | env_steps/sec=258.4 | episodes/sec=3.08 | gpu_util_mean=0% gpu_util_max=1% | gpu_mem_mean=2.3/47.8GB
timesteps=2984448 | env_steps/sec=286.3 | episodes/sec=4.77 | gpu_util_mean=18% gpu_util_max=36% | gpu_mem_mean=2.3/47.8GB
timesteps=2986080 | env_steps/sec=317.0 | episodes/sec=4.66 | gpu_util_mean=18% gpu_util_max=35% | gpu_mem_mean=2.3/47.8GB
timesteps=2987424 | env_steps/sec=267.8 | episodes/sec=3.98 | gpu_util_mean=0% gpu_util_max=1% | gpu_mem_mean=2.3/47.8GB
timesteps=2988864 | env_steps/sec=274.4 | episodes/sec=3.81 | gpu_util_mean=0% gpu_util_max=1% | gpu_mem_mean=2.3/47.8GB
timesteps=2990208 | env_steps/sec=263.2 | episodes/sec=4.11 | gpu_util_mean=1% gpu_util_max=1% | gpu_mem_mean=2.3/47.8GB
timesteps=2991648 | env_steps/sec=287.3 | episodes/sec=4.19 | gpu_util_mean=0% gpu_util_max=0% | gpu_mem_mean=2.3/47.8GB
timesteps=2993088 | env_steps/sec=276.5 | episodes/sec=3.07 | gpu_util_mean=0% gpu_util_max=1% | gpu_mem_mean=2.3/47.8GB
timesteps=2994528 | env_steps/sec=276.0 | episodes/sec=4.79 | gpu_util_mean=0% gpu_util_max=0% | gpu_mem_mean=2.3/47.8GB
timesteps=2995872 | env_steps/sec=260.6 | episodes/sec=4.85 | gpu_util_mean=0% gpu_util_max=0% | gpu_mem_mean=2.3/47.8GB
timesteps=2997312 | env_steps/sec=270.4 | episodes/sec=3.76 | gpu_util_mean=0% gpu_util_max=0% | gpu_mem_mean=2.3/47.8GB
-------------------------------------------
| gpu/                      |             |
|    gpu_count              | 2           |
|    gpu_mem_total_gb_mean  | 47.8        |
|    gpu_mem_used_gb_mean   | 2.33        |
|    gpu_util_pct_max       | 0           |
|    gpu_util_pct_mean      | 0           |
| profile/                  |             |
|    hard/damage_mean       | 0.237       |
|    hard/ep_len_mean       | 63.9        |
|    hard/ep_rew_mean       | 0.179       |
|    hard/episodes_window   | 200         |
|    hard/p_damage_ge_90    | 0           |
|    hard/p_stars_ge_2      | 0           |
|    hard/score_mean        | 0.242       |
|    hard/stars_mean        | 0.005       |
|    hard/ticks_mean        | 634         |
|    hard/truncated_rate    | 0.03        |
|    medium/damage_mean     | 0.722       |
|    medium/ep_len_mean     | 74          |
|    medium/ep_rew_mean     | 2.27        |
|    medium/episodes_window | 200         |
|    medium/p_damage_ge_90  | 0.24        |
|    medium/p_stars_ge_2    | 0.63        |
|    medium/score_mean      | 2.35        |
|    medium/stars_mean      | 1.62        |
|    medium/ticks_mean      | 736         |
|    medium/truncated_rate  | 0.14        |
| rollout/                  |             |
|    ep_len_mean            | 68.5        |
|    ep_rew_mean            | 1.26        |
| throughput/               |             |
|    env_steps_per_sec      | 270         |
|    episodes_per_sec       | 3.76        |
| time/                     |             |
|    fps                    | 277         |
|    iterations             | 61          |
|    time_elapsed           | 10794       |
|    total_timesteps        | 2998272     |
| train/                    |             |
|    approx_kl              | 0.018505195 |
|    clip_fraction          | 0.167       |
|    clip_range             | 0.2         |
|    entropy_loss           | -5.05       |
|    explained_variance     | 0.889       |
|    learning_rate          | 0.0003      |
|    loss                   | -0.0537     |
|    n_updates              | 600         |
|    policy_gradient_loss   | -0.0219     |
|    value_loss             | 0.0648      |
-------------------------------------------
timesteps=2998368 | env_steps/sec=96.5 | episodes/sec=1.01 | gpu_util_mean=19% gpu_util_max=37% | gpu_mem_mean=2.3/47.8GB
timesteps=2999808 | env_steps/sec=273.0 | episodes/sec=3.60 | gpu_util_mean=0% gpu_util_max=1% | gpu_mem_mean=2.3/47.8GB
timesteps=3001152 | env_steps/sec=266.6 | episodes/sec=4.76 | gpu_util_mean=0% gpu_util_max=0% | gpu_mem_mean=2.3/47.8GB
timesteps=3002496 | env_steps/sec=268.2 | episodes/sec=3.79 | gpu_util_mean=1% gpu_util_max=1% | gpu_mem_mean=2.3/47.8GB
timesteps=3003936 | env_steps/sec=287.8 | episodes/sec=4.20 | gpu_util_mean=1% gpu_util_max=1% | gpu_mem_mean=2.3/47.8GB
timesteps=3005376 | env_steps/sec=270.6 | episodes/sec=3.19 | gpu_util_mean=0% gpu_util_max=1% | gpu_mem_mean=2.3/47.8GB
timesteps=3006720 | env_steps/sec=259.9 | episodes/sec=3.67 | gpu_util_mean=0% gpu_util_max=0% | gpu_mem_mean=2.3/47.8GB
timesteps=3008256 | env_steps/sec=296.2 | episodes/sec=4.82 | gpu_util_mean=0% gpu_util_max=0% | gpu_mem_mean=2.3/47.8GB
timesteps=3009792 | env_steps/sec=303.2 | episodes/sec=5.13 | gpu_util_mean=0% gpu_util_max=0% | gpu_mem_mean=2.3/47.8GB
timesteps=3011328 | env_steps/sec=291.4 | episodes/sec=3.04 | gpu_util_mean=0% gpu_util_max=0% | gpu_mem_mean=2.3/47.8GB
timesteps=3012768 | env_steps/sec=272.9 | episodes/sec=3.79 | gpu_util_mean=0% gpu_util_max=0% | gpu_mem_mean=2.3/47.8GB
timesteps=3014208 | env_steps/sec=274.8 | episodes/sec=4.58 | gpu_util_mean=0% gpu_util_max=0% | gpu_mem_mean=2.3/47.8GB
timesteps=3015648 | env_steps/sec=273.1 | episodes/sec=4.74 | gpu_util_mean=0% gpu_util_max=1% | gpu_mem_mean=2.3/47.8GB
timesteps=3017088 | env_steps/sec=283.4 | episodes/sec=3.74 | gpu_util_mean=0% gpu_util_max=1% | gpu_mem_mean=2.3/47.8GB
timesteps=3018528 | env_steps/sec=270.0 | episodes/sec=2.81 | gpu_util_mean=0% gpu_util_max=1% | gpu_mem_mean=2.3/47.8GB
timesteps=3019968 | env_steps/sec=285.5 | episodes/sec=5.16 | gpu_util_mean=0% gpu_util_max=1% | gpu_mem_mean=2.3/47.8GB
timesteps=3021312 | env_steps/sec=264.1 | episodes/sec=4.13 | gpu_util_mean=0% gpu_util_max=1% | gpu_mem_mean=2.3/47.8GB
timesteps=3022848 | env_steps/sec=291.4 | episodes/sec=3.98 | gpu_util_mean=0% gpu_util_max=0% | gpu_mem_mean=2.3/47.8GB
timesteps=3024192 | env_steps/sec=260.8 | episodes/sec=3.10 | gpu_util_mean=1% gpu_util_max=1% | gpu_mem_mean=2.3/47.8GB
timesteps=3025824 | env_steps/sec=307.7 | episodes/sec=4.53 | gpu_util_mean=0% gpu_util_max=0% | gpu_mem_mean=2.3/47.8GB
timesteps=3027168 | env_steps/sec=262.6 | episodes/sec=5.28 | gpu_util_mean=0% gpu_util_max=1% | gpu_mem_mean=2.3/47.8GB
timesteps=3028608 | env_steps/sec=272.7 | episodes/sec=4.36 | gpu_util_mean=0% gpu_util_max=0% | gpu_mem_mean=2.3/47.8GB
timesteps=3029952 | env_steps/sec=256.7 | episodes/sec=2.48 | gpu_util_mean=1% gpu_util_max=1% | gpu_mem_mean=2.3/47.8GB
timesteps=3031392 | env_steps/sec=280.3 | episodes/sec=2.92 | gpu_util_mean=0% gpu_util_max=0% | gpu_mem_mean=2.3/47.8GB
timesteps=3032832 | env_steps/sec=276.2 | episodes/sec=4.22 | gpu_util_mean=0% gpu_util_max=1% | gpu_mem_mean=2.3/47.8GB
timesteps=3034368 | env_steps/sec=304.5 | episodes/sec=4.56 | gpu_util_mean=16% gpu_util_max=32% | gpu_mem_mean=2.3/47.8GB
timesteps=3035808 | env_steps/sec=285.0 | episodes/sec=4.95 | gpu_util_mean=0% gpu_util_max=0% | gpu_mem_mean=2.3/47.8GB
timesteps=3037152 | env_steps/sec=257.4 | episodes/sec=2.87 | gpu_util_mean=0% gpu_util_max=0% | gpu_mem_mean=2.3/47.8GB
timesteps=3038496 | env_steps/sec=259.8 | episodes/sec=3.67 | gpu_util_mean=0% gpu_util_max=1% | gpu_mem_mean=2.3/47.8GB
timesteps=3039840 | env_steps/sec=266.6 | episodes/sec=4.36 | gpu_util_mean=0% gpu_util_max=0% | gpu_mem_mean=2.3/47.8GB
timesteps=3041280 | env_steps/sec=279.9 | episodes/sec=4.47 | gpu_util_mean=0% gpu_util_max=0% | gpu_mem_mean=2.3/47.8GB
timesteps=3042816 | env_steps/sec=286.9 | episodes/sec=3.55 | gpu_util_mean=0% gpu_util_max=0% | gpu_mem_mean=2.3/47.8GB
timesteps=3044160 | env_steps/sec=266.8 | episodes/sec=3.57 | gpu_util_mean=0% gpu_util_max=0% | gpu_mem_mean=2.3/47.8GB
timesteps=3045504 | env_steps/sec=268.8 | episodes/sec=3.80 | gpu_util_mean=0% gpu_util_max=1% | gpu_mem_mean=2.3/47.8GB
timesteps=3046944 | env_steps/sec=287.7 | episodes/sec=4.59 | gpu_util_mean=0% gpu_util_max=0% | gpu_mem_mean=2.3/47.8GB
-------------------------------------------
| gpu/                      |             |
|    gpu_count              | 2           |
|    gpu_mem_total_gb_mean  | 47.8        |
|    gpu_mem_used_gb_mean   | 2.33        |
|    gpu_util_pct_max       | 0           |
|    gpu_util_pct_mean      | 0           |
| profile/                  |             |
|    hard/damage_mean       | 0.246       |
|    hard/ep_len_mean       | 64.9        |
|    hard/ep_rew_mean       | 0.186       |
|    hard/episodes_window   | 200         |
|    hard/p_damage_ge_90    | 0           |
|    hard/p_stars_ge_2      | 0           |
|    hard/score_mean        | 0.251       |
|    hard/stars_mean        | 0.005       |
|    hard/ticks_mean        | 644         |
|    hard/truncated_rate    | 0.025       |
|    medium/damage_mean     | 0.709       |
|    medium/ep_len_mean     | 74.3        |
|    medium/ep_rew_mean     | 2.19        |
|    medium/episodes_window | 200         |
|    medium/p_damage_ge_90  | 0.215       |
|    medium/p_stars_ge_2    | 0.625       |
|    medium/score_mean      | 2.26        |
|    medium/stars_mean      | 1.55        |
|    medium/ticks_mean      | 739         |
|    medium/truncated_rate  | 0.15        |
| rollout/                  |             |
|    ep_len_mean            | 69.2        |
|    ep_rew_mean            | 0.993       |
| throughput/               |             |
|    env_steps_per_sec      | 288         |
|    episodes_per_sec       | 4.59        |
| time/                     |             |
|    fps                    | 277         |
|    iterations             | 62          |
|    time_elapsed           | 10979       |
|    total_timesteps        | 3047424     |
| train/                    |             |
|    approx_kl              | 0.012036578 |
|    clip_fraction          | 0.108       |
|    clip_range             | 0.2         |
|    entropy_loss           | -5.06       |
|    explained_variance     | 0.888       |
|    learning_rate          | 0.0003      |
|    loss                   | -0.0444     |
|    n_updates              | 610         |
|    policy_gradient_loss   | -0.0194     |
|    value_loss             | 0.0656      |
-------------------------------------------
timesteps=3047520 | env_steps/sec=65.4 | episodes/sec=1.36 | gpu_util_mean=18% gpu_util_max=35% | gpu_mem_mean=2.3/47.8GB
timesteps=3048960 | env_steps/sec=270.1 | episodes/sec=4.13 | gpu_util_mean=0% gpu_util_max=0% | gpu_mem_mean=2.3/47.8GB
timesteps=3050304 | env_steps/sec=267.0 | episodes/sec=3.97 | gpu_util_mean=1% gpu_util_max=1% | gpu_mem_mean=2.3/47.8GB
timesteps=3051744 | env_steps/sec=277.5 | episodes/sec=3.08 | gpu_util_mean=0% gpu_util_max=0% | gpu_mem_mean=2.3/47.8GB
timesteps=3053184 | env_steps/sec=270.9 | episodes/sec=4.33 | gpu_util_mean=0% gpu_util_max=1% | gpu_mem_mean=2.3/47.8GB
timesteps=3054624 | env_steps/sec=283.9 | episodes/sec=4.34 | gpu_util_mean=1% gpu_util_max=1% | gpu_mem_mean=2.3/47.8GB
timesteps=3056256 | env_steps/sec=310.9 | episodes/sec=4.76 | gpu_util_mean=0% gpu_util_max=0% | gpu_mem_mean=2.3/47.8GB
timesteps=3057696 | env_steps/sec=267.7 | episodes/sec=4.28 | gpu_util_mean=0% gpu_util_max=0% | gpu_mem_mean=2.3/47.8GB
timesteps=3059136 | env_steps/sec=281.7 | episodes/sec=3.72 | gpu_util_mean=0% gpu_util_max=1% | gpu_mem_mean=2.3/47.8GB
timesteps=3060576 | env_steps/sec=272.0 | episodes/sec=4.16 | gpu_util_mean=0% gpu_util_max=0% | gpu_mem_mean=2.3/47.8GB
timesteps=3061920 | env_steps/sec=266.6 | episodes/sec=2.78 | gpu_util_mean=1% gpu_util_max=1% | gpu_mem_mean=2.3/47.8GB
timesteps=3063264 | env_steps/sec=266.7 | episodes/sec=3.37 | gpu_util_mean=0% gpu_util_max=1% | gpu_mem_mean=2.3/47.8GB
timesteps=3064704 | env_steps/sec=275.2 | episodes/sec=6.12 | gpu_util_mean=0% gpu_util_max=0% | gpu_mem_mean=2.3/47.8GB
timesteps=3066144 | env_steps/sec=282.2 | episodes/sec=3.33 | gpu_util_mean=0% gpu_util_max=1% | gpu_mem_mean=2.3/47.8GB
timesteps=3067584 | env_steps/sec=281.5 | episodes/sec=4.10 | gpu_util_mean=0% gpu_util_max=1% | gpu_mem_mean=2.3/47.8GB
timesteps=3068928 | env_steps/sec=256.1 | episodes/sec=2.86 | gpu_util_mean=0% gpu_util_max=0% | gpu_mem_mean=2.3/47.8GB
timesteps=3070272 | env_steps/sec=266.8 | episodes/sec=5.36 | gpu_util_mean=0% gpu_util_max=0% | gpu_mem_mean=2.3/47.8GB
timesteps=3071712 | env_steps/sec=270.9 | episodes/sec=3.39 | gpu_util_mean=0% gpu_util_max=1% | gpu_mem_mean=2.3/47.8GB
timesteps=3073248 | env_steps/sec=293.0 | episodes/sec=4.58 | gpu_util_mean=0% gpu_util_max=1% | gpu_mem_mean=2.3/47.8GB
timesteps=3074592 | env_steps/sec=267.9 | episodes/sec=2.99 | gpu_util_mean=0% gpu_util_max=1% | gpu_mem_mean=2.3/47.8GB
timesteps=3076032 | env_steps/sec=279.3 | episodes/sec=4.27 | gpu_util_mean=0% gpu_util_max=1% | gpu_mem_mean=2.3/47.8GB
timesteps=3077376 | env_steps/sec=267.1 | episodes/sec=3.98 | gpu_util_mean=0% gpu_util_max=1% | gpu_mem_mean=2.3/47.8GB
timesteps=3078720 | env_steps/sec=268.7 | episodes/sec=4.60 | gpu_util_mean=0% gpu_util_max=0% | gpu_mem_mean=2.3/47.8GB
timesteps=3079968 | env_steps/sec=242.7 | episodes/sec=3.31 | gpu_util_mean=0% gpu_util_max=0% | gpu_mem_mean=2.3/47.8GB
timesteps=3081504 | env_steps/sec=292.7 | episodes/sec=4.95 | gpu_util_mean=0% gpu_util_max=1% | gpu_mem_mean=2.3/47.8GB
timesteps=3082848 | env_steps/sec=263.3 | episodes/sec=2.94 | gpu_util_mean=1% gpu_util_max=1% | gpu_mem_mean=2.3/47.8GB
timesteps=3084384 | env_steps/sec=294.8 | episodes/sec=3.45 | gpu_util_mean=18% gpu_util_max=35% | gpu_mem_mean=2.3/47.8GB
timesteps=3085824 | env_steps/sec=282.2 | episodes/sec=4.31 | gpu_util_mean=1% gpu_util_max=1% | gpu_mem_mean=2.3/47.8GB
timesteps=3087264 | env_steps/sec=285.6 | episodes/sec=6.55 | gpu_util_mean=0% gpu_util_max=1% | gpu_mem_mean=2.3/47.8GB
timesteps=3088608 | env_steps/sec=259.7 | episodes/sec=1.93 | gpu_util_mean=0% gpu_util_max=0% | gpu_mem_mean=2.3/47.8GB
timesteps=3090048 | env_steps/sec=271.3 | episodes/sec=3.96 | gpu_util_mean=0% gpu_util_max=0% | gpu_mem_mean=2.3/47.8GB
timesteps=3091488 | env_steps/sec=271.9 | episodes/sec=3.02 | gpu_util_mean=0% gpu_util_max=0% | gpu_mem_mean=2.3/47.8GB
timesteps=3093024 | env_steps/sec=298.2 | episodes/sec=6.80 | gpu_util_mean=0% gpu_util_max=1% | gpu_mem_mean=2.3/47.8GB
timesteps=3094464 | env_steps/sec=278.1 | episodes/sec=2.51 | gpu_util_mean=0% gpu_util_max=1% | gpu_mem_mean=2.3/47.8GB
timesteps=3095904 | env_steps/sec=284.2 | episodes/sec=4.34 | gpu_util_mean=0% gpu_util_max=1% | gpu_mem_mean=2.3/47.8GB
-------------------------------------------
| gpu/                      |             |
|    gpu_count              | 2           |
|    gpu_mem_total_gb_mean  | 47.8        |
|    gpu_mem_used_gb_mean   | 2.33        |
|    gpu_util_pct_max       | 1           |
|    gpu_util_pct_mean      | 0.5         |
| profile/                  |             |
|    hard/damage_mean       | 0.233       |
|    hard/ep_len_mean       | 64.6        |
|    hard/ep_rew_mean       | 0.174       |
|    hard/episodes_window   | 200         |
|    hard/p_damage_ge_90    | 0           |
|    hard/p_stars_ge_2      | 0           |
|    hard/score_mean        | 0.238       |
|    hard/stars_mean        | 0.005       |
|    hard/ticks_mean        | 641         |
|    hard/truncated_rate    | 0.025       |
|    medium/damage_mean     | 0.708       |
|    medium/ep_len_mean     | 73.8        |
|    medium/ep_rew_mean     | 2.19        |
|    medium/episodes_window | 200         |
|    medium/p_damage_ge_90  | 0.255       |
|    medium/p_stars_ge_2    | 0.59        |
|    medium/score_mean      | 2.26        |
|    medium/stars_mean      | 1.55        |
|    medium/ticks_mean      | 734         |
|    medium/truncated_rate  | 0.16        |
| rollout/                  |             |
|    ep_len_mean            | 69.9        |
|    ep_rew_mean            | 1.2         |
| throughput/               |             |
|    env_steps_per_sec      | 284         |
|    episodes_per_sec       | 4.34        |
| time/                     |             |
|    fps                    | 277         |
|    iterations             | 63          |
|    time_elapsed           | 11164       |
|    total_timesteps        | 3096576     |
| train/                    |             |
|    approx_kl              | 0.011953772 |
|    clip_fraction          | 0.129       |
|    clip_range             | 0.2         |
|    entropy_loss           | -5.01       |
|    explained_variance     | 0.909       |
|    learning_rate          | 0.0003      |
|    loss                   | -0.0485     |
|    n_updates              | 620         |
|    policy_gradient_loss   | -0.018      |
|    value_loss             | 0.0622      |
-------------------------------------------
timesteps=3096672 | env_steps/sec=81.5 | episodes/sec=0.74 | gpu_util_mean=17% gpu_util_max=34% | gpu_mem_mean=2.3/47.8GB
timesteps=3097920 | env_steps/sec=248.7 | episodes/sec=3.39 | gpu_util_mean=1% gpu_util_max=1% | gpu_mem_mean=2.3/47.8GB
timesteps=3099360 | env_steps/sec=275.8 | episodes/sec=5.36 | gpu_util_mean=0% gpu_util_max=0% | gpu_mem_mean=2.3/47.8GB
timesteps=3100704 | env_steps/sec=268.0 | episodes/sec=3.19 | gpu_util_mean=0% gpu_util_max=1% | gpu_mem_mean=2.3/47.8GB
timesteps=3102144 | env_steps/sec=268.9 | episodes/sec=4.29 | gpu_util_mean=0% gpu_util_max=0% | gpu_mem_mean=2.3/47.8GB
timesteps=3103488 | env_steps/sec=266.1 | episodes/sec=3.17 | gpu_util_mean=0% gpu_util_max=1% | gpu_mem_mean=2.3/47.8GB
timesteps=3104928 | env_steps/sec=275.0 | episodes/sec=4.77 | gpu_util_mean=0% gpu_util_max=0% | gpu_mem_mean=2.3/47.8GB
timesteps=3106272 | env_steps/sec=259.3 | episodes/sec=3.28 | gpu_util_mean=0% gpu_util_max=0% | gpu_mem_mean=2.3/47.8GB
timesteps=3107712 | env_steps/sec=271.3 | episodes/sec=4.15 | gpu_util_mean=1% gpu_util_max=1% | gpu_mem_mean=2.3/47.8GB
timesteps=3109152 | env_steps/sec=276.5 | episodes/sec=3.84 | gpu_util_mean=0% gpu_util_max=0% | gpu_mem_mean=2.3/47.8GB
timesteps=3110400 | env_steps/sec=246.1 | episodes/sec=3.55 | gpu_util_mean=0% gpu_util_max=0% | gpu_mem_mean=2.3/47.8GB
timesteps=3111840 | env_steps/sec=285.3 | episodes/sec=4.16 | gpu_util_mean=1% gpu_util_max=1% | gpu_mem_mean=2.3/47.8GB
timesteps=3113280 | env_steps/sec=281.2 | episodes/sec=3.91 | gpu_util_mean=0% gpu_util_max=0% | gpu_mem_mean=2.3/47.8GB
timesteps=3114624 | env_steps/sec=268.3 | episodes/sec=4.19 | gpu_util_mean=0% gpu_util_max=0% | gpu_mem_mean=2.3/47.8GB
timesteps=3115968 | env_steps/sec=265.5 | episodes/sec=4.15 | gpu_util_mean=0% gpu_util_max=0% | gpu_mem_mean=2.3/47.8GB
timesteps=3117408 | env_steps/sec=274.9 | episodes/sec=3.63 | gpu_util_mean=0% gpu_util_max=0% | gpu_mem_mean=2.3/47.8GB
timesteps=3118848 | env_steps/sec=282.2 | episodes/sec=4.11 | gpu_util_mean=0% gpu_util_max=0% | gpu_mem_mean=2.3/47.8GB
timesteps=3120384 | env_steps/sec=302.5 | episodes/sec=4.14 | gpu_util_mean=0% gpu_util_max=1% | gpu_mem_mean=2.3/47.8GB
timesteps=3121728 | env_steps/sec=261.2 | episodes/sec=4.08 | gpu_util_mean=0% gpu_util_max=0% | gpu_mem_mean=2.3/47.8GB
timesteps=3123168 | env_steps/sec=277.5 | episodes/sec=4.24 | gpu_util_mean=1% gpu_util_max=1% | gpu_mem_mean=2.3/47.8GB
timesteps=3124608 | env_steps/sec=282.7 | episodes/sec=4.32 | gpu_util_mean=0% gpu_util_max=1% | gpu_mem_mean=2.3/47.8GB
timesteps=3126048 | env_steps/sec=287.9 | episodes/sec=4.00 | gpu_util_mean=0% gpu_util_max=0% | gpu_mem_mean=2.3/47.8GB
timesteps=3127488 | env_steps/sec=275.5 | episodes/sec=4.78 | gpu_util_mean=0% gpu_util_max=0% | gpu_mem_mean=2.3/47.8GB
timesteps=3128928 | env_steps/sec=273.7 | episodes/sec=3.80 | gpu_util_mean=0% gpu_util_max=0% | gpu_mem_mean=2.3/47.8GB
timesteps=3130368 | env_steps/sec=283.0 | episodes/sec=3.54 | gpu_util_mean=1% gpu_util_max=1% | gpu_mem_mean=2.3/47.8GB
timesteps=3131712 | env_steps/sec=267.3 | episodes/sec=3.18 | gpu_util_mean=1% gpu_util_max=1% | gpu_mem_mean=2.3/47.8GB
timesteps=3133056 | env_steps/sec=259.7 | episodes/sec=4.64 | gpu_util_mean=0% gpu_util_max=1% | gpu_mem_mean=2.3/47.8GB
timesteps=3134592 | env_steps/sec=294.2 | episodes/sec=5.17 | gpu_util_mean=18% gpu_util_max=34% | gpu_mem_mean=2.3/47.8GB
timesteps=3136032 | env_steps/sec=272.2 | episodes/sec=3.59 | gpu_util_mean=0% gpu_util_max=0% | gpu_mem_mean=2.3/47.8GB
timesteps=3137568 | env_steps/sec=291.3 | episodes/sec=3.60 | gpu_util_mean=0% gpu_util_max=0% | gpu_mem_mean=2.3/47.8GB
timesteps=3139008 | env_steps/sec=270.2 | episodes/sec=3.75 | gpu_util_mean=0% gpu_util_max=0% | gpu_mem_mean=2.3/47.8GB
timesteps=3140448 | env_steps/sec=273.6 | episodes/sec=5.51 | gpu_util_mean=0% gpu_util_max=0% | gpu_mem_mean=2.3/47.8GB
timesteps=3141792 | env_steps/sec=266.9 | episodes/sec=3.58 | gpu_util_mean=0% gpu_util_max=0% | gpu_mem_mean=2.3/47.8GB
timesteps=3143232 | env_steps/sec=285.0 | episodes/sec=3.96 | gpu_util_mean=0% gpu_util_max=1% | gpu_mem_mean=2.3/47.8GB
timesteps=3144672 | env_steps/sec=274.0 | episodes/sec=3.23 | gpu_util_mean=1% gpu_util_max=1% | gpu_mem_mean=2.3/47.8GB
-------------------------------------------
| gpu/                      |             |
|    gpu_count              | 2           |
|    gpu_mem_total_gb_mean  | 47.8        |
|    gpu_mem_used_gb_mean   | 2.33        |
|    gpu_util_pct_max       | 1           |
|    gpu_util_pct_mean      | 1           |
| profile/                  |             |
|    hard/damage_mean       | 0.24        |
|    hard/ep_len_mean       | 63.2        |
|    hard/ep_rew_mean       | 0.182       |
|    hard/episodes_window   | 200         |
|    hard/p_damage_ge_90    | 0           |
|    hard/p_stars_ge_2      | 0           |
|    hard/score_mean        | 0.245       |
|    hard/stars_mean        | 0.005       |
|    hard/ticks_mean        | 628         |
|    hard/truncated_rate    | 0.02        |
|    medium/damage_mean     | 0.733       |
|    medium/ep_len_mean     | 73.1        |
|    medium/ep_rew_mean     | 2.33        |
|    medium/episodes_window | 200         |
|    medium/p_damage_ge_90  | 0.275       |
|    medium/p_stars_ge_2    | 0.63        |
|    medium/score_mean      | 2.4         |
|    medium/stars_mean      | 1.67        |
|    medium/ticks_mean      | 727         |
|    medium/truncated_rate  | 0.135       |
| rollout/                  |             |
|    ep_len_mean            | 67.4        |
|    ep_rew_mean            | 1.15        |
| throughput/               |             |
|    env_steps_per_sec      | 274         |
|    episodes_per_sec       | 3.23        |
| time/                     |             |
|    fps                    | 277         |
|    iterations             | 64          |
|    time_elapsed           | 11350       |
|    total_timesteps        | 3145728     |
| train/                    |             |
|    approx_kl              | 0.008301015 |
|    clip_fraction          | 0.0819      |
|    clip_range             | 0.2         |
|    entropy_loss           | -5.08       |
|    explained_variance     | 0.912       |
|    learning_rate          | 0.0003      |
|    loss                   | -0.0391     |
|    n_updates              | 630         |
|    policy_gradient_loss   | -0.0174     |
|    value_loss             | 0.0815      |
-------------------------------------------
timesteps=3145824 | env_steps/sec=107.8 | episodes/sec=1.87 | gpu_util_mean=19% gpu_util_max=37% | gpu_mem_mean=2.3/47.8GB
timesteps=3147360 | env_steps/sec=300.1 | episodes/sec=4.49 | gpu_util_mean=0% gpu_util_max=1% | gpu_mem_mean=2.3/47.8GB
timesteps=3148896 | env_steps/sec=292.6 | episodes/sec=4.57 | gpu_util_mean=0% gpu_util_max=1% | gpu_mem_mean=2.3/47.8GB
timesteps=3150336 | env_steps/sec=271.0 | episodes/sec=3.20 | gpu_util_mean=0% gpu_util_max=0% | gpu_mem_mean=2.3/47.8GB
timesteps=3151776 | env_steps/sec=265.3 | episodes/sec=4.05 | gpu_util_mean=1% gpu_util_max=1% | gpu_mem_mean=2.3/47.8GB
timesteps=3153120 | env_steps/sec=268.2 | episodes/sec=4.39 | gpu_util_mean=0% gpu_util_max=1% | gpu_mem_mean=2.3/47.8GB
timesteps=3154464 | env_steps/sec=268.7 | episodes/sec=3.20 | gpu_util_mean=0% gpu_util_max=0% | gpu_mem_mean=2.3/47.8GB
timesteps=3155808 | env_steps/sec=262.9 | episodes/sec=4.50 | gpu_util_mean=0% gpu_util_max=0% | gpu_mem_mean=2.3/47.8GB
timesteps=3157152 | env_steps/sec=263.1 | episodes/sec=3.33 | gpu_util_mean=0% gpu_util_max=1% | gpu_mem_mean=2.3/47.8GB
timesteps=3158592 | env_steps/sec=279.9 | episodes/sec=3.89 | gpu_util_mean=0% gpu_util_max=0% | gpu_mem_mean=2.3/47.8GB
timesteps=3160032 | env_steps/sec=287.1 | episodes/sec=5.38 | gpu_util_mean=0% gpu_util_max=0% | gpu_mem_mean=2.3/47.8GB
timesteps=3161472 | env_steps/sec=270.5 | episodes/sec=2.82 | gpu_util_mean=1% gpu_util_max=1% | gpu_mem_mean=2.3/47.8GB
timesteps=3162816 | env_steps/sec=265.6 | episodes/sec=4.15 | gpu_util_mean=0% gpu_util_max=1% | gpu_mem_mean=2.3/47.8GB
timesteps=3164160 | env_steps/sec=256.5 | episodes/sec=4.01 | gpu_util_mean=0% gpu_util_max=1% | gpu_mem_mean=2.3/47.8GB
timesteps=3165600 | env_steps/sec=273.6 | episodes/sec=4.18 | gpu_util_mean=0% gpu_util_max=1% | gpu_mem_mean=2.3/47.8GB
timesteps=3166944 | env_steps/sec=255.7 | episodes/sec=3.04 | gpu_util_mean=0% gpu_util_max=0% | gpu_mem_mean=2.3/47.8GB
timesteps=3168384 | env_steps/sec=273.2 | episodes/sec=4.55 | gpu_util_mean=0% gpu_util_max=0% | gpu_mem_mean=2.3/47.8GB
timesteps=3169824 | env_steps/sec=271.6 | episodes/sec=4.34 | gpu_util_mean=0% gpu_util_max=1% | gpu_mem_mean=2.3/47.8GB
timesteps=3171264 | env_steps/sec=285.0 | episodes/sec=4.55 | gpu_util_mean=0% gpu_util_max=0% | gpu_mem_mean=2.3/47.8GB
timesteps=3172608 | env_steps/sec=258.9 | episodes/sec=3.47 | gpu_util_mean=0% gpu_util_max=1% | gpu_mem_mean=2.3/47.8GB
timesteps=3174048 | env_steps/sec=278.0 | episodes/sec=3.86 | gpu_util_mean=0% gpu_util_max=0% | gpu_mem_mean=2.3/47.8GB
timesteps=3175392 | env_steps/sec=263.8 | episodes/sec=4.71 | gpu_util_mean=0% gpu_util_max=0% | gpu_mem_mean=2.3/47.8GB
timesteps=3176832 | env_steps/sec=286.6 | episodes/sec=4.58 | gpu_util_mean=1% gpu_util_max=1% | gpu_mem_mean=2.3/47.8GB
timesteps=3178272 | env_steps/sec=275.2 | episodes/sec=2.68 | gpu_util_mean=0% gpu_util_max=0% | gpu_mem_mean=2.3/47.8GB
timesteps=3179616 | env_steps/sec=268.1 | episodes/sec=3.99 | gpu_util_mean=0% gpu_util_max=0% | gpu_mem_mean=2.3/47.8GB
timesteps=3180960 | env_steps/sec=266.2 | episodes/sec=3.56 | gpu_util_mean=0% gpu_util_max=0% | gpu_mem_mean=2.3/47.8GB
timesteps=3182400 | env_steps/sec=281.8 | episodes/sec=4.31 | gpu_util_mean=18% gpu_util_max=37% | gpu_mem_mean=2.3/47.8GB
timesteps=3183936 | env_steps/sec=297.8 | episodes/sec=5.04 | gpu_util_mean=0% gpu_util_max=1% | gpu_mem_mean=2.3/47.8GB
timesteps=3185376 | env_steps/sec=275.8 | episodes/sec=3.06 | gpu_util_mean=0% gpu_util_max=0% | gpu_mem_mean=2.3/47.8GB
timesteps=3186720 | env_steps/sec=256.0 | episodes/sec=4.38 | gpu_util_mean=0% gpu_util_max=1% | gpu_mem_mean=2.3/47.8GB
timesteps=3188064 | env_steps/sec=268.5 | episodes/sec=3.40 | gpu_util_mean=0% gpu_util_max=1% | gpu_mem_mean=2.3/47.8GB
timesteps=3189504 | env_steps/sec=283.6 | episodes/sec=4.53 | gpu_util_mean=0% gpu_util_max=0% | gpu_mem_mean=2.3/47.8GB
timesteps=3190944 | env_steps/sec=276.1 | episodes/sec=3.84 | gpu_util_mean=1% gpu_util_max=1% | gpu_mem_mean=2.3/47.8GB
timesteps=3192384 | env_steps/sec=285.9 | episodes/sec=3.77 | gpu_util_mean=0% gpu_util_max=1% | gpu_mem_mean=2.3/47.8GB
timesteps=3193824 | env_steps/sec=270.7 | episodes/sec=4.14 | gpu_util_mean=0% gpu_util_max=1% | gpu_mem_mean=2.3/47.8GB
-------------------------------------------
| gpu/                      |             |
|    gpu_count              | 2           |
|    gpu_mem_total_gb_mean  | 47.8        |
|    gpu_mem_used_gb_mean   | 2.33        |
|    gpu_util_pct_max       | 1           |
|    gpu_util_pct_mean      | 0.5         |
| profile/                  |             |
|    hard/damage_mean       | 0.239       |
|    hard/ep_len_mean       | 64.1        |
|    hard/ep_rew_mean       | 0.19        |
|    hard/episodes_window   | 200         |
|    hard/p_damage_ge_90    | 0           |
|    hard/p_stars_ge_2      | 0.005       |
|    hard/score_mean        | 0.254       |
|    hard/stars_mean        | 0.015       |
|    hard/ticks_mean        | 637         |
|    hard/truncated_rate    | 0.015       |
|    medium/damage_mean     | 0.709       |
|    medium/ep_len_mean     | 73.5        |
|    medium/ep_rew_mean     | 2.18        |
|    medium/episodes_window | 200         |
|    medium/p_damage_ge_90  | 0.205       |
|    medium/p_stars_ge_2    | 0.615       |
|    medium/score_mean      | 2.25        |
|    medium/stars_mean      | 1.54        |
|    medium/ticks_mean      | 731         |
|    medium/truncated_rate  | 0.15        |
| rollout/                  |             |
|    ep_len_mean            | 68.7        |
|    ep_rew_mean            | 1.12        |
| throughput/               |             |
|    env_steps_per_sec      | 271         |
|    episodes_per_sec       | 4.14        |
| time/                     |             |
|    fps                    | 276         |
|    iterations             | 65          |
|    time_elapsed           | 11536       |
|    total_timesteps        | 3194880     |
| train/                    |             |
|    approx_kl              | 0.011863732 |
|    clip_fraction          | 0.124       |
|    clip_range             | 0.2         |
|    entropy_loss           | -5.06       |
|    explained_variance     | 0.923       |
|    learning_rate          | 0.0003      |
|    loss                   | -0.0512     |
|    n_updates              | 640         |
|    policy_gradient_loss   | -0.0198     |
|    value_loss             | 0.0626      |
-------------------------------------------
timesteps=3194976 | env_steps/sec=108.6 | episodes/sec=1.04 | gpu_util_mean=16% gpu_util_max=33% | gpu_mem_mean=2.3/47.8GB
timesteps=3196416 | env_steps/sec=276.2 | episodes/sec=4.41 | gpu_util_mean=0% gpu_util_max=0% | gpu_mem_mean=2.3/47.8GB
timesteps=3197856 | env_steps/sec=267.4 | episodes/sec=5.01 | gpu_util_mean=0% gpu_util_max=0% | gpu_mem_mean=2.3/47.8GB
timesteps=3199296 | env_steps/sec=282.9 | episodes/sec=2.75 | gpu_util_mean=0% gpu_util_max=0% | gpu_mem_mean=2.3/47.8GB
timesteps=3200640 | env_steps/sec=253.0 | episodes/sec=4.52 | gpu_util_mean=0% gpu_util_max=1% | gpu_mem_mean=2.3/47.8GB
timesteps=3202080 | env_steps/sec=275.3 | episodes/sec=3.44 | gpu_util_mean=0% gpu_util_max=0% | gpu_mem_mean=2.3/47.8GB
timesteps=3203424 | env_steps/sec=267.8 | episodes/sec=3.79 | gpu_util_mean=0% gpu_util_max=0% | gpu_mem_mean=2.3/47.8GB
timesteps=3204768 | env_steps/sec=262.6 | episodes/sec=4.89 | gpu_util_mean=0% gpu_util_max=0% | gpu_mem_mean=2.3/47.8GB
timesteps=3206112 | env_steps/sec=267.4 | episodes/sec=3.78 | gpu_util_mean=0% gpu_util_max=1% | gpu_mem_mean=2.3/47.8GB
timesteps=3207648 | env_steps/sec=290.8 | episodes/sec=3.22 | gpu_util_mean=0% gpu_util_max=1% | gpu_mem_mean=2.3/47.8GB
timesteps=3209088 | env_steps/sec=274.4 | episodes/sec=4.76 | gpu_util_mean=0% gpu_util_max=0% | gpu_mem_mean=2.3/47.8GB
timesteps=3210528 | env_steps/sec=283.3 | episodes/sec=3.34 | gpu_util_mean=0% gpu_util_max=0% | gpu_mem_mean=2.3/47.8GB
timesteps=3211872 | env_steps/sec=267.4 | episodes/sec=4.38 | gpu_util_mean=0% gpu_util_max=1% | gpu_mem_mean=2.3/47.8GB
timesteps=3213312 | env_steps/sec=280.3 | episodes/sec=4.28 | gpu_util_mean=0% gpu_util_max=0% | gpu_mem_mean=2.3/47.8GB
timesteps=3214752 | env_steps/sec=275.4 | episodes/sec=4.40 | gpu_util_mean=0% gpu_util_max=0% | gpu_mem_mean=2.3/47.8GB
timesteps=3216096 | env_steps/sec=262.6 | episodes/sec=3.32 | gpu_util_mean=0% gpu_util_max=0% | gpu_mem_mean=2.3/47.8GB
timesteps=3217440 | env_steps/sec=261.6 | episodes/sec=3.70 | gpu_util_mean=0% gpu_util_max=1% | gpu_mem_mean=2.3/47.8GB
timesteps=3218880 | env_steps/sec=282.2 | episodes/sec=4.11 | gpu_util_mean=0% gpu_util_max=1% | gpu_mem_mean=2.3/47.8GB
timesteps=3220224 | env_steps/sec=257.6 | episodes/sec=4.98 | gpu_util_mean=0% gpu_util_max=0% | gpu_mem_mean=2.3/47.8GB
timesteps=3221664 | env_steps/sec=287.2 | episodes/sec=3.39 | gpu_util_mean=0% gpu_util_max=1% | gpu_mem_mean=2.3/47.8GB
timesteps=3223104 | env_steps/sec=286.7 | episodes/sec=2.79 | gpu_util_mean=1% gpu_util_max=1% | gpu_mem_mean=2.3/47.8GB
timesteps=3224544 | env_steps/sec=279.8 | episodes/sec=4.66 | gpu_util_mean=0% gpu_util_max=0% | gpu_mem_mean=2.3/47.8GB
timesteps=3225888 | env_steps/sec=266.3 | episodes/sec=4.75 | gpu_util_mean=0% gpu_util_max=0% | gpu_mem_mean=2.3/47.8GB
timesteps=3227328 | env_steps/sec=275.8 | episodes/sec=4.40 | gpu_util_mean=0% gpu_util_max=1% | gpu_mem_mean=2.3/47.8GB
timesteps=3228672 | env_steps/sec=255.2 | episodes/sec=3.42 | gpu_util_mean=0% gpu_util_max=0% | gpu_mem_mean=2.3/47.8GB
timesteps=3230016 | env_steps/sec=267.5 | episodes/sec=2.39 | gpu_util_mean=0% gpu_util_max=1% | gpu_mem_mean=2.3/47.8GB
timesteps=3231456 | env_steps/sec=282.9 | episodes/sec=5.30 | gpu_util_mean=16% gpu_util_max=33% | gpu_mem_mean=2.3/47.8GB
timesteps=3232800 | env_steps/sec=267.3 | episodes/sec=5.17 | gpu_util_mean=0% gpu_util_max=0% | gpu_mem_mean=2.3/47.8GB
timesteps=3234048 | env_steps/sec=241.8 | episodes/sec=2.71 | gpu_util_mean=0% gpu_util_max=0% | gpu_mem_mean=2.3/47.8GB
timesteps=3235392 | env_steps/sec=251.6 | episodes/sec=3.74 | gpu_util_mean=0% gpu_util_max=0% | gpu_mem_mean=2.3/47.8GB
timesteps=3236832 | env_steps/sec=271.9 | episodes/sec=3.78 | gpu_util_mean=0% gpu_util_max=0% | gpu_mem_mean=2.3/47.8GB
timesteps=3238272 | env_steps/sec=284.0 | episodes/sec=4.54 | gpu_util_mean=0% gpu_util_max=0% | gpu_mem_mean=2.3/47.8GB
timesteps=3239712 | env_steps/sec=275.6 | episodes/sec=3.83 | gpu_util_mean=1% gpu_util_max=1% | gpu_mem_mean=2.3/47.8GB
timesteps=3241248 | env_steps/sec=290.0 | episodes/sec=4.53 | gpu_util_mean=0% gpu_util_max=0% | gpu_mem_mean=2.3/47.8GB
timesteps=3242688 | env_steps/sec=277.0 | episodes/sec=3.65 | gpu_util_mean=0% gpu_util_max=1% | gpu_mem_mean=2.3/47.8GB
timesteps=3244032 | env_steps/sec=268.2 | episodes/sec=4.19 | gpu_util_mean=0% gpu_util_max=0% | gpu_mem_mean=2.3/47.8GB
--------------------------------------------
| gpu/                      |              |
|    gpu_count              | 2            |
|    gpu_mem_total_gb_mean  | 47.8         |
|    gpu_mem_used_gb_mean   | 2.33         |
|    gpu_util_pct_max       | 0            |
|    gpu_util_pct_mean      | 0            |
| profile/                  |              |
|    hard/damage_mean       | 0.236        |
|    hard/ep_len_mean       | 63.2         |
|    hard/ep_rew_mean       | 0.183        |
|    hard/episodes_window   | 200          |
|    hard/p_damage_ge_90    | 0            |
|    hard/p_stars_ge_2      | 0.005        |
|    hard/score_mean        | 0.246        |
|    hard/stars_mean        | 0.01         |
|    hard/ticks_mean        | 628          |
|    hard/truncated_rate    | 0.005        |
|    medium/damage_mean     | 0.725        |
|    medium/ep_len_mean     | 73.6         |
|    medium/ep_rew_mean     | 2.25         |
|    medium/episodes_window | 200          |
|    medium/p_damage_ge_90  | 0.24         |
|    medium/p_stars_ge_2    | 0.645        |
|    medium/score_mean      | 2.32         |
|    medium/stars_mean      | 1.59         |
|    medium/ticks_mean      | 732          |
|    medium/truncated_rate  | 0.14         |
| rollout/                  |              |
|    ep_len_mean            | 68.3         |
|    ep_rew_mean            | 1.25         |
| throughput/               |              |
|    env_steps_per_sec      | 268          |
|    episodes_per_sec       | 4.19         |
| time/                     |              |
|    fps                    | 276          |
|    iterations             | 66           |
|    time_elapsed           | 11723        |
|    total_timesteps        | 3244032      |
| train/                    |              |
|    approx_kl              | 0.0137733305 |
|    clip_fraction          | 0.168        |
|    clip_range             | 0.2          |
|    entropy_loss           | -5.07        |
|    explained_variance     | 0.915        |
|    learning_rate          | 0.0003       |
|    loss                   | -0.0466      |
|    n_updates              | 650          |
|    policy_gradient_loss   | -0.0194      |
|    value_loss             | 0.0596       |
--------------------------------------------
timesteps=3244128 | env_steps/sec=13.0 | episodes/sec=0.00 | gpu_util_mean=16% gpu_util_max=33% | gpu_mem_mean=2.3/47.8GB
timesteps=3245472 | env_steps/sec=263.0 | episodes/sec=4.50 | gpu_util_mean=0% gpu_util_max=0% | gpu_mem_mean=2.3/47.8GB
timesteps=3246816 | env_steps/sec=266.2 | episodes/sec=4.16 | gpu_util_mean=0% gpu_util_max=0% | gpu_mem_mean=2.3/47.8GB
timesteps=3248160 | env_steps/sec=260.2 | episodes/sec=3.49 | gpu_util_mean=0% gpu_util_max=1% | gpu_mem_mean=2.3/47.8GB
timesteps=3249504 | env_steps/sec=266.0 | episodes/sec=3.56 | gpu_util_mean=0% gpu_util_max=1% | gpu_mem_mean=2.3/47.8GB
timesteps=3250848 | env_steps/sec=259.8 | episodes/sec=3.87 | gpu_util_mean=1% gpu_util_max=1% | gpu_mem_mean=2.3/47.8GB
timesteps=3252192 | env_steps/sec=264.8 | episodes/sec=3.55 | gpu_util_mean=0% gpu_util_max=1% | gpu_mem_mean=2.3/47.8GB
timesteps=3253632 | env_steps/sec=277.2 | episodes/sec=4.43 | gpu_util_mean=1% gpu_util_max=1% | gpu_mem_mean=2.3/47.8GB
timesteps=3255072 | env_steps/sec=277.3 | episodes/sec=4.04 | gpu_util_mean=1% gpu_util_max=1% | gpu_mem_mean=2.3/47.8GB
timesteps=3256512 | env_steps/sec=280.1 | episodes/sec=3.89 | gpu_util_mean=0% gpu_util_max=0% | gpu_mem_mean=2.3/47.8GB
timesteps=3257856 | env_steps/sec=260.6 | episodes/sec=3.49 | gpu_util_mean=0% gpu_util_max=1% | gpu_mem_mean=2.3/47.8GB
timesteps=3259296 | env_steps/sec=274.7 | episodes/sec=3.24 | gpu_util_mean=0% gpu_util_max=1% | gpu_mem_mean=2.3/47.8GB
timesteps=3260736 | env_steps/sec=280.4 | episodes/sec=4.28 | gpu_util_mean=0% gpu_util_max=0% | gpu_mem_mean=2.3/47.8GB
timesteps=3262272 | env_steps/sec=287.5 | episodes/sec=6.74 | gpu_util_mean=0% gpu_util_max=0% | gpu_mem_mean=2.3/47.8GB
timesteps=3263712 | env_steps/sec=270.6 | episodes/sec=2.63 | gpu_util_mean=0% gpu_util_max=1% | gpu_mem_mean=2.3/47.8GB
timesteps=3265152 | env_steps/sec=277.0 | episodes/sec=3.46 | gpu_util_mean=1% gpu_util_max=1% | gpu_mem_mean=2.3/47.8GB
timesteps=3266496 | env_steps/sec=263.6 | episodes/sec=3.33 | gpu_util_mean=0% gpu_util_max=1% | gpu_mem_mean=2.3/47.8GB
timesteps=3267936 | env_steps/sec=281.6 | episodes/sec=5.08 | gpu_util_mean=0% gpu_util_max=0% | gpu_mem_mean=2.3/47.8GB
timesteps=3269376 | env_steps/sec=279.8 | episodes/sec=4.28 | gpu_util_mean=1% gpu_util_max=1% | gpu_mem_mean=2.3/47.8GB
timesteps=3270912 | env_steps/sec=290.6 | episodes/sec=3.78 | gpu_util_mean=1% gpu_util_max=1% | gpu_mem_mean=2.3/47.8GB
timesteps=3272256 | env_steps/sec=257.0 | episodes/sec=3.82 | gpu_util_mean=0% gpu_util_max=0% | gpu_mem_mean=2.3/47.8GB
timesteps=3273696 | env_steps/sec=287.3 | episodes/sec=4.39 | gpu_util_mean=0% gpu_util_max=0% | gpu_mem_mean=2.3/47.8GB
timesteps=3275136 | env_steps/sec=270.5 | episodes/sec=3.01 | gpu_util_mean=0% gpu_util_max=1% | gpu_mem_mean=2.3/47.8GB
timesteps=3276672 | env_steps/sec=288.3 | episodes/sec=5.07 | gpu_util_mean=0% gpu_util_max=0% | gpu_mem_mean=2.3/47.8GB
timesteps=3278016 | env_steps/sec=261.9 | episodes/sec=3.70 | gpu_util_mean=0% gpu_util_max=1% | gpu_mem_mean=2.3/47.8GB
timesteps=3279552 | env_steps/sec=291.9 | episodes/sec=4.75 | gpu_util_mean=0% gpu_util_max=1% | gpu_mem_mean=2.3/47.8GB
timesteps=3280896 | env_steps/sec=268.2 | episodes/sec=2.59 | gpu_util_mean=18% gpu_util_max=35% | gpu_mem_mean=2.3/47.8GB
timesteps=3282432 | env_steps/sec=301.9 | episodes/sec=4.52 | gpu_util_mean=0% gpu_util_max=1% | gpu_mem_mean=2.3/47.8GB
timesteps=3283872 | env_steps/sec=272.2 | episodes/sec=3.59 | gpu_util_mean=0% gpu_util_max=1% | gpu_mem_mean=2.3/47.8GB
timesteps=3285408 | env_steps/sec=296.4 | episodes/sec=4.63 | gpu_util_mean=1% gpu_util_max=1% | gpu_mem_mean=2.3/47.8GB
timesteps=3286944 | env_steps/sec=303.3 | episodes/sec=3.75 | gpu_util_mean=0% gpu_util_max=1% | gpu_mem_mean=2.3/47.8GB
timesteps=3288480 | env_steps/sec=284.6 | episodes/sec=5.37 | gpu_util_mean=0% gpu_util_max=1% | gpu_mem_mean=2.3/47.8GB
timesteps=3289824 | env_steps/sec=258.3 | episodes/sec=3.07 | gpu_util_mean=0% gpu_util_max=0% | gpu_mem_mean=2.3/47.8GB
timesteps=3291264 | env_steps/sec=272.8 | episodes/sec=4.36 | gpu_util_mean=0% gpu_util_max=0% | gpu_mem_mean=2.3/47.8GB
timesteps=3292608 | env_steps/sec=263.5 | episodes/sec=3.33 | gpu_util_mean=0% gpu_util_max=0% | gpu_mem_mean=2.3/47.8GB
-------------------------------------------
| gpu/                      |             |
|    gpu_count              | 2           |
|    gpu_mem_total_gb_mean  | 47.8        |
|    gpu_mem_used_gb_mean   | 2.33        |
|    gpu_util_pct_max       | 0           |
|    gpu_util_pct_mean      | 0           |
| profile/                  |             |
|    hard/damage_mean       | 0.236       |
|    hard/ep_len_mean       | 64.3        |
|    hard/ep_rew_mean       | 0.182       |
|    hard/episodes_window   | 200         |
|    hard/p_damage_ge_90    | 0           |
|    hard/p_stars_ge_2      | 0           |
|    hard/score_mean        | 0.246       |
|    hard/stars_mean        | 0.01        |
|    hard/ticks_mean        | 639         |
|    hard/truncated_rate    | 0.02        |
|    medium/damage_mean     | 0.733       |
|    medium/ep_len_mean     | 74.3        |
|    medium/ep_rew_mean     | 2.31        |
|    medium/episodes_window | 200         |
|    medium/p_damage_ge_90  | 0.25        |
|    medium/p_stars_ge_2    | 0.665       |
|    medium/score_mean      | 2.38        |
|    medium/stars_mean      | 1.65        |
|    medium/ticks_mean      | 739         |
|    medium/truncated_rate  | 0.15        |
| rollout/                  |             |
|    ep_len_mean            | 68.9        |
|    ep_rew_mean            | 1.26        |
| throughput/               |             |
|    env_steps_per_sec      | 264         |
|    episodes_per_sec       | 3.33        |
| time/                     |             |
|    fps                    | 276         |
|    iterations             | 67          |
|    time_elapsed           | 11909       |
|    total_timesteps        | 3293184     |
| train/                    |             |
|    approx_kl              | 0.012610129 |
|    clip_fraction          | 0.142       |
|    clip_range             | 0.2         |
|    entropy_loss           | -5.11       |
|    explained_variance     | 0.912       |
|    learning_rate          | 0.0003      |
|    loss                   | -0.0514     |
|    n_updates              | 660         |
|    policy_gradient_loss   | -0.0207     |
|    value_loss             | 0.0569      |
-------------------------------------------
timesteps=3293280 | env_steps/sec=74.0 | episodes/sec=0.88 | gpu_util_mean=19% gpu_util_max=37% | gpu_mem_mean=2.3/47.8GB
timesteps=3294816 | env_steps/sec=293.1 | episodes/sec=4.96 | gpu_util_mean=0% gpu_util_max=0% | gpu_mem_mean=2.3/47.8GB
timesteps=3296160 | env_steps/sec=260.1 | episodes/sec=4.26 | gpu_util_mean=0% gpu_util_max=1% | gpu_mem_mean=2.3/47.8GB
timesteps=3297504 | env_steps/sec=265.5 | episodes/sec=3.36 | gpu_util_mean=0% gpu_util_max=1% | gpu_mem_mean=2.3/47.8GB
timesteps=3298848 | env_steps/sec=258.5 | episodes/sec=3.27 | gpu_util_mean=0% gpu_util_max=1% | gpu_mem_mean=2.3/47.8GB
timesteps=3300192 | env_steps/sec=264.1 | episodes/sec=3.73 | gpu_util_mean=0% gpu_util_max=0% | gpu_mem_mean=2.3/47.8GB
timesteps=3301728 | env_steps/sec=292.2 | episodes/sec=4.38 | gpu_util_mean=0% gpu_util_max=1% | gpu_mem_mean=2.3/47.8GB
timesteps=3303072 | env_steps/sec=257.6 | episodes/sec=4.22 | gpu_util_mean=0% gpu_util_max=0% | gpu_mem_mean=2.3/47.8GB
timesteps=3304512 | env_steps/sec=272.2 | episodes/sec=4.16 | gpu_util_mean=0% gpu_util_max=0% | gpu_mem_mean=2.3/47.8GB
timesteps=3305856 | env_steps/sec=263.8 | episodes/sec=3.34 | gpu_util_mean=0% gpu_util_max=1% | gpu_mem_mean=2.3/47.8GB
timesteps=3307200 | env_steps/sec=259.2 | episodes/sec=2.89 | gpu_util_mean=0% gpu_util_max=0% | gpu_mem_mean=2.3/47.8GB
timesteps=3308640 | env_steps/sec=286.5 | episodes/sec=5.77 | gpu_util_mean=0% gpu_util_max=0% | gpu_mem_mean=2.3/47.8GB
timesteps=3310176 | env_steps/sec=292.7 | episodes/sec=2.48 | gpu_util_mean=0% gpu_util_max=0% | gpu_mem_mean=2.3/47.8GB
timesteps=3311616 | env_steps/sec=270.4 | episodes/sec=4.70 | gpu_util_mean=0% gpu_util_max=1% | gpu_mem_mean=2.3/47.8GB
timesteps=3313056 | env_steps/sec=278.0 | episodes/sec=3.86 | gpu_util_mean=0% gpu_util_max=0% | gpu_mem_mean=2.3/47.8GB
timesteps=3314400 | env_steps/sec=266.5 | episodes/sec=3.37 | gpu_util_mean=1% gpu_util_max=1% | gpu_mem_mean=2.3/47.8GB
timesteps=3315840 | env_steps/sec=285.0 | episodes/sec=4.75 | gpu_util_mean=0% gpu_util_max=0% | gpu_mem_mean=2.3/47.8GB
timesteps=3317184 | env_steps/sec=259.9 | episodes/sec=4.06 | gpu_util_mean=0% gpu_util_max=1% | gpu_mem_mean=2.3/47.8GB
timesteps=3318720 | env_steps/sec=286.2 | episodes/sec=3.54 | gpu_util_mean=0% gpu_util_max=0% | gpu_mem_mean=2.3/47.8GB
timesteps=3320064 | env_steps/sec=261.5 | episodes/sec=3.70 | gpu_util_mean=1% gpu_util_max=1% | gpu_mem_mean=2.3/47.8GB
timesteps=3321504 | env_steps/sec=276.3 | episodes/sec=4.22 | gpu_util_mean=0% gpu_util_max=0% | gpu_mem_mean=2.3/47.8GB
timesteps=3322848 | env_steps/sec=262.6 | episodes/sec=4.69 | gpu_util_mean=0% gpu_util_max=0% | gpu_mem_mean=2.3/47.8GB
timesteps=3324288 | env_steps/sec=282.1 | episodes/sec=3.13 | gpu_util_mean=0% gpu_util_max=1% | gpu_mem_mean=2.3/47.8GB
timesteps=3325728 | env_steps/sec=275.8 | episodes/sec=3.64 | gpu_util_mean=0% gpu_util_max=0% | gpu_mem_mean=2.3/47.8GB
timesteps=3327168 | env_steps/sec=279.7 | episodes/sec=3.50 | gpu_util_mean=0% gpu_util_max=0% | gpu_mem_mean=2.3/47.8GB
timesteps=3328608 | env_steps/sec=281.8 | episodes/sec=6.26 | gpu_util_mean=0% gpu_util_max=0% | gpu_mem_mean=2.3/47.8GB
timesteps=3330240 | env_steps/sec=310.9 | episodes/sec=3.81 | gpu_util_mean=18% gpu_util_max=35% | gpu_mem_mean=2.3/47.8GB
timesteps=3331776 | env_steps/sec=295.7 | episodes/sec=4.04 | gpu_util_mean=0% gpu_util_max=0% | gpu_mem_mean=2.3/47.8GB
timesteps=3333216 | env_steps/sec=286.4 | episodes/sec=2.78 | gpu_util_mean=1% gpu_util_max=1% | gpu_mem_mean=2.3/47.8GB
timesteps=3334752 | env_steps/sec=297.1 | episodes/sec=6.38 | gpu_util_mean=0% gpu_util_max=1% | gpu_mem_mean=2.3/47.8GB
timesteps=3336192 | env_steps/sec=273.0 | episodes/sec=3.41 | gpu_util_mean=0% gpu_util_max=0% | gpu_mem_mean=2.3/47.8GB
timesteps=3337632 | env_steps/sec=268.1 | episodes/sec=4.47 | gpu_util_mean=0% gpu_util_max=0% | gpu_mem_mean=2.3/47.8GB
timesteps=3338976 | env_steps/sec=258.5 | episodes/sec=2.31 | gpu_util_mean=0% gpu_util_max=1% | gpu_mem_mean=2.3/47.8GB
timesteps=3340416 | env_steps/sec=285.6 | episodes/sec=4.76 | gpu_util_mean=0% gpu_util_max=0% | gpu_mem_mean=2.3/47.8GB
timesteps=3341856 | env_steps/sec=276.6 | episodes/sec=5.38 | gpu_util_mean=0% gpu_util_max=0% | gpu_mem_mean=2.3/47.8GB
------------------------------------------
| gpu/                      |            |
|    gpu_count              | 2          |
|    gpu_mem_total_gb_mean  | 47.8       |
|    gpu_mem_used_gb_mean   | 2.33       |
|    gpu_util_pct_max       | 0          |
|    gpu_util_pct_mean      | 0          |
| profile/                  |            |
|    hard/damage_mean       | 0.246      |
|    hard/ep_len_mean       | 64.7       |
|    hard/ep_rew_mean       | 0.216      |
|    hard/episodes_window   | 200        |
|    hard/p_damage_ge_90    | 0          |
|    hard/p_stars_ge_2      | 0.01       |
|    hard/score_mean        | 0.281      |
|    hard/stars_mean        | 0.035      |
|    hard/ticks_mean        | 643        |
|    hard/truncated_rate    | 0.03       |
|    medium/damage_mean     | 0.719      |
|    medium/ep_len_mean     | 73.6       |
|    medium/ep_rew_mean     | 2.21       |
|    medium/episodes_window | 200        |
|    medium/p_damage_ge_90  | 0.255      |
|    medium/p_stars_ge_2    | 0.585      |
|    medium/score_mean      | 2.28       |
|    medium/stars_mean      | 1.56       |
|    medium/ticks_mean      | 732        |
|    medium/truncated_rate  | 0.14       |
| rollout/                  |            |
|    ep_len_mean            | 68.7       |
|    ep_rew_mean            | 1.19       |
| throughput/               |            |
|    env_steps_per_sec      | 277        |
|    episodes_per_sec       | 5.38       |
| time/                     |            |
|    fps                    | 276        |
|    iterations             | 68         |
|    time_elapsed           | 12094      |
|    total_timesteps        | 3342336    |
| train/                    |            |
|    approx_kl              | 0.00924766 |
|    clip_fraction          | 0.107      |
|    clip_range             | 0.2        |
|    entropy_loss           | -5.07      |
|    explained_variance     | 0.916      |
|    learning_rate          | 0.0003     |
|    loss                   | -0.0501    |
|    n_updates              | 670        |
|    policy_gradient_loss   | -0.0186    |
|    value_loss             | 0.0618     |
------------------------------------------
timesteps=3342432 | env_steps/sec=64.1 | episodes/sec=1.00 | gpu_util_mean=18% gpu_util_max=34% | gpu_mem_mean=2.3/47.8GB
timesteps=3343872 | env_steps/sec=276.2 | episodes/sec=2.69 | gpu_util_mean=0% gpu_util_max=0% | gpu_mem_mean=2.3/47.8GB
timesteps=3345216 | env_steps/sec=260.4 | episodes/sec=3.88 | gpu_util_mean=0% gpu_util_max=1% | gpu_mem_mean=2.3/47.8GB
timesteps=3346656 | env_steps/sec=281.1 | episodes/sec=4.49 | gpu_util_mean=0% gpu_util_max=0% | gpu_mem_mean=2.3/47.8GB
timesteps=3348000 | env_steps/sec=268.5 | episodes/sec=4.00 | gpu_util_mean=0% gpu_util_max=1% | gpu_mem_mean=2.3/47.8GB
timesteps=3349440 | env_steps/sec=280.5 | episodes/sec=4.09 | gpu_util_mean=1% gpu_util_max=1% | gpu_mem_mean=2.3/47.8GB
timesteps=3350880 | env_steps/sec=272.8 | episodes/sec=3.79 | gpu_util_mean=0% gpu_util_max=0% | gpu_mem_mean=2.3/47.8GB
timesteps=3352320 | env_steps/sec=272.6 | episodes/sec=3.79 | gpu_util_mean=0% gpu_util_max=0% | gpu_mem_mean=2.3/47.8GB
timesteps=3353760 | env_steps/sec=274.3 | episodes/sec=5.14 | gpu_util_mean=0% gpu_util_max=1% | gpu_mem_mean=2.3/47.8GB
timesteps=3355104 | env_steps/sec=266.5 | episodes/sec=2.58 | gpu_util_mean=0% gpu_util_max=1% | gpu_mem_mean=2.3/47.8GB
timesteps=3356544 | env_steps/sec=273.6 | episodes/sec=2.85 | gpu_util_mean=1% gpu_util_max=1% | gpu_mem_mean=2.3/47.8GB
timesteps=3357984 | env_steps/sec=287.7 | episodes/sec=5.20 | gpu_util_mean=0% gpu_util_max=0% | gpu_mem_mean=2.3/47.8GB
timesteps=3359616 | env_steps/sec=317.5 | episodes/sec=6.23 | gpu_util_mean=0% gpu_util_max=0% | gpu_mem_mean=2.3/47.8GB
timesteps=3361152 | env_steps/sec=301.3 | episodes/sec=3.53 | gpu_util_mean=0% gpu_util_max=1% | gpu_mem_mean=2.3/47.8GB
timesteps=3362592 | env_steps/sec=286.7 | episodes/sec=2.39 | gpu_util_mean=0% gpu_util_max=1% | gpu_mem_mean=2.3/47.8GB
timesteps=3364128 | env_steps/sec=287.1 | episodes/sec=5.05 | gpu_util_mean=1% gpu_util_max=1% | gpu_mem_mean=2.3/47.8GB
timesteps=3365568 | env_steps/sec=282.6 | episodes/sec=4.71 | gpu_util_mean=0% gpu_util_max=1% | gpu_mem_mean=2.3/47.8GB
timesteps=3367104 | env_steps/sec=290.4 | episodes/sec=4.91 | gpu_util_mean=0% gpu_util_max=1% | gpu_mem_mean=2.3/47.8GB
timesteps=3368544 | env_steps/sec=273.4 | episodes/sec=2.28 | gpu_util_mean=0% gpu_util_max=1% | gpu_mem_mean=2.3/47.8GB
timesteps=3369984 | env_steps/sec=269.1 | episodes/sec=4.11 | gpu_util_mean=0% gpu_util_max=0% | gpu_mem_mean=2.3/47.8GB
timesteps=3371424 | env_steps/sec=279.2 | episodes/sec=4.85 | gpu_util_mean=0% gpu_util_max=0% | gpu_mem_mean=2.3/47.8GB
timesteps=3372864 | env_steps/sec=271.4 | episodes/sec=3.39 | gpu_util_mean=1% gpu_util_max=1% | gpu_mem_mean=2.3/47.8GB
timesteps=3374112 | env_steps/sec=242.6 | episodes/sec=3.11 | gpu_util_mean=0% gpu_util_max=1% | gpu_mem_mean=2.3/47.8GB
timesteps=3375456 | env_steps/sec=258.8 | episodes/sec=3.85 | gpu_util_mean=0% gpu_util_max=1% | gpu_mem_mean=2.3/47.8GB
timesteps=3376800 | env_steps/sec=259.1 | episodes/sec=5.20 | gpu_util_mean=0% gpu_util_max=0% | gpu_mem_mean=2.3/47.8GB
timesteps=3378336 | env_steps/sec=300.5 | episodes/sec=4.30 | gpu_util_mean=0% gpu_util_max=0% | gpu_mem_mean=2.3/47.8GB
timesteps=3379776 | env_steps/sec=277.2 | episodes/sec=2.89 | gpu_util_mean=17% gpu_util_max=34% | gpu_mem_mean=2.3/47.8GB
timesteps=3381216 | env_steps/sec=271.4 | episodes/sec=3.96 | gpu_util_mean=0% gpu_util_max=1% | gpu_mem_mean=2.3/47.8GB
timesteps=3382560 | env_steps/sec=268.4 | episodes/sec=3.79 | gpu_util_mean=0% gpu_util_max=1% | gpu_mem_mean=2.3/47.8GB
timesteps=3384000 | env_steps/sec=277.9 | episodes/sec=4.44 | gpu_util_mean=0% gpu_util_max=0% | gpu_mem_mean=2.3/47.8GB
timesteps=3385344 | env_steps/sec=259.5 | episodes/sec=3.67 | gpu_util_mean=0% gpu_util_max=0% | gpu_mem_mean=2.3/47.8GB
timesteps=3386688 | env_steps/sec=267.5 | episodes/sec=3.58 | gpu_util_mean=0% gpu_util_max=0% | gpu_mem_mean=2.3/47.8GB
timesteps=3388032 | env_steps/sec=255.3 | episodes/sec=3.61 | gpu_util_mean=0% gpu_util_max=0% | gpu_mem_mean=2.3/47.8GB
timesteps=3389472 | env_steps/sec=287.9 | episodes/sec=5.00 | gpu_util_mean=0% gpu_util_max=1% | gpu_mem_mean=2.3/47.8GB
timesteps=3390912 | env_steps/sec=276.9 | episodes/sec=3.27 | gpu_util_mean=0% gpu_util_max=0% | gpu_mem_mean=2.3/47.8GB
------------------------------------------
| gpu/                      |            |
|    gpu_count              | 2          |
|    gpu_mem_total_gb_mean  | 47.8       |
|    gpu_mem_used_gb_mean   | 2.33       |
|    gpu_util_pct_max       | 0          |
|    gpu_util_pct_mean      | 0          |
| profile/                  |            |
|    hard/damage_mean       | 0.235      |
|    hard/ep_len_mean       | 64.5       |
|    hard/ep_rew_mean       | 0.176      |
|    hard/episodes_window   | 200        |
|    hard/p_damage_ge_90    | 0          |
|    hard/p_stars_ge_2      | 0          |
|    hard/score_mean        | 0.24       |
|    hard/stars_mean        | 0.005      |
|    hard/ticks_mean        | 641        |
|    hard/truncated_rate    | 0.035      |
|    medium/damage_mean     | 0.727      |
|    medium/ep_len_mean     | 73.7       |
|    medium/ep_rew_mean     | 2.25       |
|    medium/episodes_window | 200        |
|    medium/p_damage_ge_90  | 0.24       |
|    medium/p_stars_ge_2    | 0.625      |
|    medium/score_mean      | 2.33       |
|    medium/stars_mean      | 1.6        |
|    medium/ticks_mean      | 733        |
|    medium/truncated_rate  | 0.14       |
| rollout/                  |            |
|    ep_len_mean            | 69.1       |
|    ep_rew_mean            | 1.1        |
| throughput/               |            |
|    env_steps_per_sec      | 277        |
|    episodes_per_sec       | 3.27       |
| time/                     |            |
|    fps                    | 276        |
|    iterations             | 69         |
|    time_elapsed           | 12279      |
|    total_timesteps        | 3391488    |
| train/                    |            |
|    approx_kl              | 0.01177111 |
|    clip_fraction          | 0.148      |
|    clip_range             | 0.2        |
|    entropy_loss           | -5.06      |
|    explained_variance     | 0.922      |
|    learning_rate          | 0.0003     |
|    loss                   | -0.0527    |
|    n_updates              | 680        |
|    policy_gradient_loss   | -0.0203    |
|    value_loss             | 0.0612     |
------------------------------------------
timesteps=3391584 | env_steps/sec=73.2 | episodes/sec=1.09 | gpu_util_mean=6% gpu_util_max=12% | gpu_mem_mean=2.3/47.8GB
timesteps=3392928 | env_steps/sec=258.1 | episodes/sec=4.23 | gpu_util_mean=0% gpu_util_max=0% | gpu_mem_mean=2.3/47.8GB
timesteps=3394272 | env_steps/sec=255.0 | episodes/sec=4.17 | gpu_util_mean=0% gpu_util_max=0% | gpu_mem_mean=2.3/47.8GB
timesteps=3395712 | env_steps/sec=276.4 | episodes/sec=3.84 | gpu_util_mean=0% gpu_util_max=0% | gpu_mem_mean=2.3/47.8GB
timesteps=3397152 | env_steps/sec=273.0 | episodes/sec=3.22 | gpu_util_mean=1% gpu_util_max=1% | gpu_mem_mean=2.3/47.8GB
timesteps=3398496 | env_steps/sec=262.3 | episodes/sec=3.51 | gpu_util_mean=0% gpu_util_max=0% | gpu_mem_mean=2.3/47.8GB
timesteps=3399936 | env_steps/sec=273.5 | episodes/sec=4.75 | gpu_util_mean=0% gpu_util_max=1% | gpu_mem_mean=2.3/47.8GB
timesteps=3401280 | env_steps/sec=258.9 | episodes/sec=3.47 | gpu_util_mean=0% gpu_util_max=0% | gpu_mem_mean=2.3/47.8GB
timesteps=3402720 | env_steps/sec=278.4 | episodes/sec=4.45 | gpu_util_mean=0% gpu_util_max=1% | gpu_mem_mean=2.3/47.8GB
timesteps=3404064 | env_steps/sec=251.5 | episodes/sec=3.56 | gpu_util_mean=0% gpu_util_max=0% | gpu_mem_mean=2.3/47.8GB
timesteps=3405408 | env_steps/sec=261.1 | episodes/sec=3.11 | gpu_util_mean=0% gpu_util_max=1% | gpu_mem_mean=2.3/47.8GB
timesteps=3406752 | env_steps/sec=261.3 | episodes/sec=4.47 | gpu_util_mean=0% gpu_util_max=0% | gpu_mem_mean=2.3/47.8GB
timesteps=3408192 | env_steps/sec=274.1 | episodes/sec=4.19 | gpu_util_mean=0% gpu_util_max=1% | gpu_mem_mean=2.3/47.8GB
timesteps=3409632 | env_steps/sec=270.4 | episodes/sec=3.94 | gpu_util_mean=1% gpu_util_max=1% | gpu_mem_mean=2.3/47.8GB
timesteps=3411072 | env_steps/sec=277.1 | episodes/sec=3.85 | gpu_util_mean=0% gpu_util_max=1% | gpu_mem_mean=2.3/47.8GB
timesteps=3412512 | env_steps/sec=279.7 | episodes/sec=3.50 | gpu_util_mean=0% gpu_util_max=1% | gpu_mem_mean=2.3/47.8GB
timesteps=3413952 | env_steps/sec=273.7 | episodes/sec=4.94 | gpu_util_mean=0% gpu_util_max=0% | gpu_mem_mean=2.3/47.8GB
timesteps=3415296 | env_steps/sec=259.8 | episodes/sec=4.06 | gpu_util_mean=0% gpu_util_max=0% | gpu_mem_mean=2.3/47.8GB
timesteps=3416640 | env_steps/sec=268.4 | episodes/sec=2.20 | gpu_util_mean=0% gpu_util_max=0% | gpu_mem_mean=2.3/47.8GB
timesteps=3418080 | env_steps/sec=276.2 | episodes/sec=5.18 | gpu_util_mean=0% gpu_util_max=1% | gpu_mem_mean=2.3/47.8GB
timesteps=3419424 | env_steps/sec=260.8 | episodes/sec=4.66 | gpu_util_mean=0% gpu_util_max=1% | gpu_mem_mean=2.3/47.8GB
timesteps=3420864 | env_steps/sec=284.5 | episodes/sec=3.95 | gpu_util_mean=0% gpu_util_max=1% | gpu_mem_mean=2.3/47.8GB
timesteps=3422304 | env_steps/sec=281.5 | episodes/sec=3.71 | gpu_util_mean=0% gpu_util_max=1% | gpu_mem_mean=2.3/47.8GB
timesteps=3423744 | env_steps/sec=284.7 | episodes/sec=3.36 | gpu_util_mean=0% gpu_util_max=0% | gpu_mem_mean=2.3/47.8GB
timesteps=3425184 | env_steps/sec=283.3 | episodes/sec=5.11 | gpu_util_mean=0% gpu_util_max=0% | gpu_mem_mean=2.3/47.8GB
timesteps=3426432 | env_steps/sec=248.9 | episodes/sec=3.59 | gpu_util_mean=0% gpu_util_max=0% | gpu_mem_mean=2.3/47.8GB
timesteps=3427968 | env_steps/sec=291.0 | episodes/sec=4.36 | gpu_util_mean=0% gpu_util_max=0% | gpu_mem_mean=2.3/47.8GB
timesteps=3429312 | env_steps/sec=265.9 | episodes/sec=3.56 | gpu_util_mean=17% gpu_util_max=34% | gpu_mem_mean=2.3/47.8GB
timesteps=3430752 | env_steps/sec=287.7 | episodes/sec=4.20 | gpu_util_mean=0% gpu_util_max=0% | gpu_mem_mean=2.3/47.8GB
timesteps=3432192 | env_steps/sec=270.7 | episodes/sec=3.76 | gpu_util_mean=0% gpu_util_max=0% | gpu_mem_mean=2.3/47.8GB
timesteps=3433632 | env_steps/sec=282.4 | episodes/sec=4.12 | gpu_util_mean=0% gpu_util_max=1% | gpu_mem_mean=2.3/47.8GB
timesteps=3434976 | env_steps/sec=267.7 | episodes/sec=5.18 | gpu_util_mean=0% gpu_util_max=0% | gpu_mem_mean=2.3/47.8GB
timesteps=3436416 | env_steps/sec=274.8 | episodes/sec=2.48 | gpu_util_mean=0% gpu_util_max=0% | gpu_mem_mean=2.3/47.8GB
timesteps=3437856 | env_steps/sec=282.0 | episodes/sec=4.50 | gpu_util_mean=0% gpu_util_max=0% | gpu_mem_mean=2.3/47.8GB
timesteps=3439296 | env_steps/sec=273.9 | episodes/sec=3.42 | gpu_util_mean=0% gpu_util_max=0% | gpu_mem_mean=2.3/47.8GB
------------------------------------------
| gpu/                      |            |
|    gpu_count              | 2          |
|    gpu_mem_total_gb_mean  | 47.8       |
|    gpu_mem_used_gb_mean   | 2.33       |
|    gpu_util_pct_max       | 0          |
|    gpu_util_pct_mean      | 0          |
| profile/                  |            |
|    hard/damage_mean       | 0.245      |
|    hard/ep_len_mean       | 64.2       |
|    hard/ep_rew_mean       | 0.196      |
|    hard/episodes_window   | 200        |
|    hard/p_damage_ge_90    | 0          |
|    hard/p_stars_ge_2      | 0.005      |
|    hard/score_mean        | 0.26       |
|    hard/stars_mean        | 0.015      |
|    hard/ticks_mean        | 638        |
|    hard/truncated_rate    | 0.025      |
|    medium/damage_mean     | 0.713      |
|    medium/ep_len_mean     | 73.1       |
|    medium/ep_rew_mean     | 2.2        |
|    medium/episodes_window | 200        |
|    medium/p_damage_ge_90  | 0.235      |
|    medium/p_stars_ge_2    | 0.62       |
|    medium/score_mean      | 2.27       |
|    medium/stars_mean      | 1.55       |
|    medium/ticks_mean      | 727        |
|    medium/truncated_rate  | 0.165      |
| rollout/                  |            |
|    ep_len_mean            | 69         |
|    ep_rew_mean            | 1.23       |
| throughput/               |            |
|    env_steps_per_sec      | 274        |
|    episodes_per_sec       | 3.42       |
| time/                     |            |
|    fps                    | 275        |
|    iterations             | 70         |
|    time_elapsed           | 12467      |
|    total_timesteps        | 3440640    |
| train/                    |            |
|    approx_kl              | 0.01216388 |
|    clip_fraction          | 0.123      |
|    clip_range             | 0.2        |
|    entropy_loss           | -5.09      |
|    explained_variance     | 0.924      |
|    learning_rate          | 0.0003     |
|    loss                   | -0.0451    |
|    n_updates              | 690        |
|    policy_gradient_loss   | -0.0174    |
|    value_loss             | 0.0633     |
------------------------------------------
timesteps=3440736 | env_steps/sec=117.7 | episodes/sec=2.21 | gpu_util_mean=16% gpu_util_max=33% | gpu_mem_mean=2.3/47.8GB
timesteps=3442176 | env_steps/sec=277.4 | episodes/sec=4.24 | gpu_util_mean=0% gpu_util_max=1% | gpu_mem_mean=2.3/47.8GB
timesteps=3443520 | env_steps/sec=260.3 | episodes/sec=2.71 | gpu_util_mean=0% gpu_util_max=1% | gpu_mem_mean=2.3/47.8GB
timesteps=3445056 | env_steps/sec=284.0 | episodes/sec=3.51 | gpu_util_mean=0% gpu_util_max=1% | gpu_mem_mean=2.3/47.8GB
timesteps=3446496 | env_steps/sec=273.4 | episodes/sec=4.75 | gpu_util_mean=0% gpu_util_max=0% | gpu_mem_mean=2.3/47.8GB
timesteps=3447936 | env_steps/sec=283.0 | episodes/sec=4.91 | gpu_util_mean=0% gpu_util_max=1% | gpu_mem_mean=2.3/47.8GB
timesteps=3449280 | env_steps/sec=264.9 | episodes/sec=2.96 | gpu_util_mean=0% gpu_util_max=1% | gpu_mem_mean=2.3/47.8GB
timesteps=3450720 | env_steps/sec=279.0 | episodes/sec=4.46 | gpu_util_mean=0% gpu_util_max=1% | gpu_mem_mean=2.3/47.8GB
timesteps=3452160 | env_steps/sec=272.1 | episodes/sec=3.97 | gpu_util_mean=0% gpu_util_max=0% | gpu_mem_mean=2.3/47.8GB
timesteps=3453600 | env_steps/sec=275.8 | episodes/sec=3.64 | gpu_util_mean=0% gpu_util_max=1% | gpu_mem_mean=2.3/47.8GB
timesteps=3454944 | env_steps/sec=264.3 | episodes/sec=4.52 | gpu_util_mean=0% gpu_util_max=0% | gpu_mem_mean=2.3/47.8GB
timesteps=3456288 | env_steps/sec=268.3 | episodes/sec=2.79 | gpu_util_mean=0% gpu_util_max=1% | gpu_mem_mean=2.3/47.8GB
timesteps=3457728 | env_steps/sec=273.2 | episodes/sec=4.17 | gpu_util_mean=0% gpu_util_max=1% | gpu_mem_mean=2.3/47.8GB
timesteps=3459168 | env_steps/sec=270.4 | episodes/sec=4.51 | gpu_util_mean=1% gpu_util_max=1% | gpu_mem_mean=2.3/47.8GB
timesteps=3460608 | env_steps/sec=281.7 | episodes/sec=3.52 | gpu_util_mean=0% gpu_util_max=0% | gpu_mem_mean=2.3/47.8GB
timesteps=3462048 | env_steps/sec=274.8 | episodes/sec=2.86 | gpu_util_mean=0% gpu_util_max=1% | gpu_mem_mean=2.3/47.8GB
timesteps=3463488 | env_steps/sec=269.8 | episodes/sec=4.68 | gpu_util_mean=0% gpu_util_max=1% | gpu_mem_mean=2.3/47.8GB
timesteps=3464832 | env_steps/sec=263.0 | episodes/sec=4.89 | gpu_util_mean=0% gpu_util_max=1% | gpu_mem_mean=2.3/47.8GB
timesteps=3466368 | env_steps/sec=291.0 | episodes/sec=3.79 | gpu_util_mean=0% gpu_util_max=0% | gpu_mem_mean=2.3/47.8GB
timesteps=3467712 | env_steps/sec=263.2 | episodes/sec=3.52 | gpu_util_mean=0% gpu_util_max=1% | gpu_mem_mean=2.3/47.8GB
timesteps=3469344 | env_steps/sec=312.4 | episodes/sec=5.36 | gpu_util_mean=0% gpu_util_max=0% | gpu_mem_mean=2.3/47.8GB
timesteps=3470688 | env_steps/sec=260.8 | episodes/sec=3.30 | gpu_util_mean=0% gpu_util_max=0% | gpu_mem_mean=2.3/47.8GB
timesteps=3472224 | env_steps/sec=298.4 | episodes/sec=4.27 | gpu_util_mean=0% gpu_util_max=0% | gpu_mem_mean=2.3/47.8GB
timesteps=3473568 | env_steps/sec=267.6 | episodes/sec=3.78 | gpu_util_mean=0% gpu_util_max=0% | gpu_mem_mean=2.3/47.8GB
timesteps=3475008 | env_steps/sec=287.4 | episodes/sec=4.39 | gpu_util_mean=0% gpu_util_max=0% | gpu_mem_mean=2.3/47.8GB
timesteps=3476352 | env_steps/sec=261.9 | episodes/sec=3.31 | gpu_util_mean=1% gpu_util_max=1% | gpu_mem_mean=2.3/47.8GB
timesteps=3477792 | env_steps/sec=278.1 | episodes/sec=3.67 | gpu_util_mean=0% gpu_util_max=1% | gpu_mem_mean=2.3/47.8GB
timesteps=3479232 | env_steps/sec=276.5 | episodes/sec=4.22 | gpu_util_mean=18% gpu_util_max=37% | gpu_mem_mean=2.3/47.8GB
timesteps=3480672 | env_steps/sec=279.2 | episodes/sec=4.85 | gpu_util_mean=0% gpu_util_max=0% | gpu_mem_mean=2.3/47.8GB
timesteps=3482016 | env_steps/sec=262.3 | episodes/sec=3.71 | gpu_util_mean=0% gpu_util_max=1% | gpu_mem_mean=2.3/47.8GB
timesteps=3483456 | env_steps/sec=278.6 | episodes/sec=3.87 | gpu_util_mean=0% gpu_util_max=1% | gpu_mem_mean=2.3/47.8GB
timesteps=3484800 | env_steps/sec=252.1 | episodes/sec=3.00 | gpu_util_mean=1% gpu_util_max=1% | gpu_mem_mean=2.3/47.8GB
timesteps=3486240 | env_steps/sec=281.4 | episodes/sec=4.49 | gpu_util_mean=0% gpu_util_max=0% | gpu_mem_mean=2.3/47.8GB
timesteps=3487872 | env_steps/sec=308.4 | episodes/sec=5.48 | gpu_util_mean=0% gpu_util_max=0% | gpu_mem_mean=2.3/47.8GB
timesteps=3489408 | env_steps/sec=298.1 | episodes/sec=3.69 | gpu_util_mean=0% gpu_util_max=0% | gpu_mem_mean=2.3/47.8GB
-------------------------------------------
| gpu/                      |             |
|    gpu_count              | 2           |
|    gpu_mem_total_gb_mean  | 47.8        |
|    gpu_mem_used_gb_mean   | 2.33        |
|    gpu_util_pct_max       | 0           |
|    gpu_util_pct_mean      | 0           |
| profile/                  |             |
|    hard/damage_mean       | 0.237       |
|    hard/ep_len_mean       | 63.7        |
|    hard/ep_rew_mean       | 0.178       |
|    hard/episodes_window   | 200         |
|    hard/p_damage_ge_90    | 0           |
|    hard/p_stars_ge_2      | 0           |
|    hard/score_mean        | 0.242       |
|    hard/stars_mean        | 0.005       |
|    hard/ticks_mean        | 633         |
|    hard/truncated_rate    | 0.02        |
|    medium/damage_mean     | 0.73        |
|    medium/ep_len_mean     | 75.1        |
|    medium/ep_rew_mean     | 2.28        |
|    medium/episodes_window | 200         |
|    medium/p_damage_ge_90  | 0.23        |
|    medium/p_stars_ge_2    | 0.645       |
|    medium/score_mean      | 2.36        |
|    medium/stars_mean      | 1.63        |
|    medium/ticks_mean      | 748         |
|    medium/truncated_rate  | 0.18        |
| rollout/                  |             |
|    ep_len_mean            | 69.6        |
|    ep_rew_mean            | 1.35        |
| throughput/               |             |
|    env_steps_per_sec      | 298         |
|    episodes_per_sec       | 3.69        |
| time/                     |             |
|    fps                    | 275         |
|    iterations             | 71          |
|    time_elapsed           | 12651       |
|    total_timesteps        | 3489792     |
| train/                    |             |
|    approx_kl              | 0.011872023 |
|    clip_fraction          | 0.15        |
|    clip_range             | 0.2         |
|    entropy_loss           | -5.09       |
|    explained_variance     | 0.908       |
|    learning_rate          | 0.0003      |
|    loss                   | -0.0495     |
|    n_updates              | 700         |
|    policy_gradient_loss   | -0.02       |
|    value_loss             | 0.0653      |
-------------------------------------------
timesteps=3489888 | env_steps/sec=54.8 | episodes/sec=1.03 | gpu_util_mean=0% gpu_util_max=0% | gpu_mem_mean=2.3/47.8GB
timesteps=3491328 | env_steps/sec=271.6 | episodes/sec=3.02 | gpu_util_mean=0% gpu_util_max=1% | gpu_mem_mean=2.3/47.8GB
timesteps=3492768 | env_steps/sec=285.2 | episodes/sec=4.36 | gpu_util_mean=1% gpu_util_max=1% | gpu_mem_mean=2.3/47.8GB
timesteps=3494208 | env_steps/sec=276.5 | episodes/sec=4.03 | gpu_util_mean=0% gpu_util_max=0% | gpu_mem_mean=2.3/47.8GB
timesteps=3495648 | env_steps/sec=284.1 | episodes/sec=4.14 | gpu_util_mean=0% gpu_util_max=0% | gpu_mem_mean=2.3/47.8GB
timesteps=3497088 | env_steps/sec=273.2 | episodes/sec=4.17 | gpu_util_mean=0% gpu_util_max=0% | gpu_mem_mean=2.3/47.8GB
timesteps=3498432 | env_steps/sec=250.4 | episodes/sec=3.73 | gpu_util_mean=0% gpu_util_max=1% | gpu_mem_mean=2.3/47.8GB
timesteps=3499776 | env_steps/sec=258.1 | episodes/sec=2.88 | gpu_util_mean=0% gpu_util_max=0% | gpu_mem_mean=2.3/47.8GB
timesteps=3501216 | env_steps/sec=282.5 | episodes/sec=4.71 | gpu_util_mean=0% gpu_util_max=0% | gpu_mem_mean=2.3/47.8GB
timesteps=3502560 | env_steps/sec=266.2 | episodes/sec=4.75 | gpu_util_mean=0% gpu_util_max=1% | gpu_mem_mean=2.3/47.8GB
timesteps=3504000 | env_steps/sec=277.2 | episodes/sec=3.08 | gpu_util_mean=0% gpu_util_max=0% | gpu_mem_mean=2.3/47.8GB
timesteps=3505344 | env_steps/sec=263.8 | episodes/sec=4.32 | gpu_util_mean=0% gpu_util_max=1% | gpu_mem_mean=2.3/47.8GB
timesteps=3506784 | env_steps/sec=278.6 | episodes/sec=3.48 | gpu_util_mean=0% gpu_util_max=0% | gpu_mem_mean=2.3/47.8GB
timesteps=3508224 | env_steps/sec=284.8 | episodes/sec=4.35 | gpu_util_mean=0% gpu_util_max=1% | gpu_mem_mean=2.3/47.8GB
timesteps=3509664 | env_steps/sec=271.7 | episodes/sec=4.34 | gpu_util_mean=0% gpu_util_max=1% | gpu_mem_mean=2.3/47.8GB
timesteps=3511008 | env_steps/sec=254.3 | episodes/sec=3.97 | gpu_util_mean=0% gpu_util_max=0% | gpu_mem_mean=2.3/47.8GB
timesteps=3512448 | env_steps/sec=271.8 | episodes/sec=3.59 | gpu_util_mean=0% gpu_util_max=1% | gpu_mem_mean=2.3/47.8GB
timesteps=3513888 | env_steps/sec=285.6 | episodes/sec=3.57 | gpu_util_mean=0% gpu_util_max=0% | gpu_mem_mean=2.3/47.8GB
timesteps=3515520 | env_steps/sec=309.2 | episodes/sec=4.93 | gpu_util_mean=0% gpu_util_max=1% | gpu_mem_mean=2.3/47.8GB
timesteps=3517056 | env_steps/sec=290.4 | episodes/sec=4.35 | gpu_util_mean=0% gpu_util_max=1% | gpu_mem_mean=2.3/47.8GB
timesteps=3518496 | env_steps/sec=274.1 | episodes/sec=4.38 | gpu_util_mean=0% gpu_util_max=0% | gpu_mem_mean=2.3/47.8GB
timesteps=3519840 | env_steps/sec=262.6 | episodes/sec=3.52 | gpu_util_mean=0% gpu_util_max=1% | gpu_mem_mean=2.3/47.8GB
timesteps=3521184 | env_steps/sec=250.2 | episodes/sec=2.98 | gpu_util_mean=1% gpu_util_max=1% | gpu_mem_mean=2.3/47.8GB
timesteps=3522624 | env_steps/sec=285.0 | episodes/sec=4.95 | gpu_util_mean=0% gpu_util_max=0% | gpu_mem_mean=2.3/47.8GB
timesteps=3524064 | env_steps/sec=283.7 | episodes/sec=4.33 | gpu_util_mean=0% gpu_util_max=0% | gpu_mem_mean=2.3/47.8GB
timesteps=3525408 | env_steps/sec=264.9 | episodes/sec=3.15 | gpu_util_mean=0% gpu_util_max=0% | gpu_mem_mean=2.3/47.8GB
timesteps=3526848 | env_steps/sec=270.2 | episodes/sec=3.00 | gpu_util_mean=0% gpu_util_max=1% | gpu_mem_mean=2.3/47.8GB
timesteps=3528288 | env_steps/sec=279.4 | episodes/sec=4.85 | gpu_util_mean=18% gpu_util_max=37% | gpu_mem_mean=2.3/47.8GB
timesteps=3529824 | env_steps/sec=298.8 | episodes/sec=5.45 | gpu_util_mean=0% gpu_util_max=0% | gpu_mem_mean=2.3/47.8GB
timesteps=3531168 | env_steps/sec=257.1 | episodes/sec=3.44 | gpu_util_mean=0% gpu_util_max=1% | gpu_mem_mean=2.3/47.8GB
timesteps=3532608 | env_steps/sec=271.1 | episodes/sec=2.45 | gpu_util_mean=0% gpu_util_max=0% | gpu_mem_mean=2.3/47.8GB
timesteps=3534144 | env_steps/sec=297.7 | episodes/sec=5.23 | gpu_util_mean=0% gpu_util_max=0% | gpu_mem_mean=2.3/47.8GB
timesteps=3535584 | env_steps/sec=272.7 | episodes/sec=4.55 | gpu_util_mean=0% gpu_util_max=0% | gpu_mem_mean=2.3/47.8GB
timesteps=3537024 | env_steps/sec=287.9 | episodes/sec=4.60 | gpu_util_mean=0% gpu_util_max=0% | gpu_mem_mean=2.3/47.8GB
timesteps=3538368 | env_steps/sec=266.6 | episodes/sec=2.78 | gpu_util_mean=0% gpu_util_max=1% | gpu_mem_mean=2.3/47.8GB
-------------------------------------------
| gpu/                      |             |
|    gpu_count              | 2           |
|    gpu_mem_total_gb_mean  | 47.8        |
|    gpu_mem_used_gb_mean   | 2.33        |
|    gpu_util_pct_max       | 1           |
|    gpu_util_pct_mean      | 0.5         |
| profile/                  |             |
|    hard/damage_mean       | 0.228       |
|    hard/ep_len_mean       | 63.7        |
|    hard/ep_rew_mean       | 0.164       |
|    hard/episodes_window   | 200         |
|    hard/p_damage_ge_90    | 0           |
|    hard/p_stars_ge_2      | 0           |
|    hard/score_mean        | 0.228       |
|    hard/stars_mean        | 0           |
|    hard/ticks_mean        | 632         |
|    hard/truncated_rate    | 0.025       |
|    medium/damage_mean     | 0.74        |
|    medium/ep_len_mean     | 74.2        |
|    medium/ep_rew_mean     | 2.36        |
|    medium/episodes_window | 200         |
|    medium/p_damage_ge_90  | 0.255       |
|    medium/p_stars_ge_2    | 0.695       |
|    medium/score_mean      | 2.43        |
|    medium/stars_mean      | 1.69        |
|    medium/ticks_mean      | 738         |
|    medium/truncated_rate  | 0.17        |
| rollout/                  |             |
|    ep_len_mean            | 68.7        |
|    ep_rew_mean            | 1.31        |
| throughput/               |             |
|    env_steps_per_sec      | 267         |
|    episodes_per_sec       | 2.78        |
| time/                     |             |
|    fps                    | 275         |
|    iterations             | 72          |
|    time_elapsed           | 12837       |
|    total_timesteps        | 3538944     |
| train/                    |             |
|    approx_kl              | 0.012862034 |
|    clip_fraction          | 0.15        |
|    clip_range             | 0.2         |
|    entropy_loss           | -5.06       |
|    explained_variance     | 0.907       |
|    learning_rate          | 0.0003      |
|    loss                   | -0.0514     |
|    n_updates              | 710         |
|    policy_gradient_loss   | -0.0208     |
|    value_loss             | 0.0614      |
-------------------------------------------
timesteps=3539040 | env_steps/sec=70.7 | episodes/sec=0.63 | gpu_util_mean=0% gpu_util_max=0% | gpu_mem_mean=2.3/47.8GB
timesteps=3540576 | env_steps/sec=291.2 | episodes/sec=4.55 | gpu_util_mean=0% gpu_util_max=1% | gpu_mem_mean=2.3/47.8GB
timesteps=3542016 | env_steps/sec=277.5 | episodes/sec=5.20 | gpu_util_mean=0% gpu_util_max=0% | gpu_mem_mean=2.3/47.8GB
timesteps=3543360 | env_steps/sec=264.3 | episodes/sec=3.74 | gpu_util_mean=0% gpu_util_max=1% | gpu_mem_mean=2.3/47.8GB
timesteps=3544704 | env_steps/sec=267.2 | episodes/sec=2.39 | gpu_util_mean=0% gpu_util_max=1% | gpu_mem_mean=2.3/47.8GB
timesteps=3546240 | env_steps/sec=287.6 | episodes/sec=4.12 | gpu_util_mean=0% gpu_util_max=1% | gpu_mem_mean=2.3/47.8GB
timesteps=3547776 | env_steps/sec=290.2 | episodes/sec=4.72 | gpu_util_mean=0% gpu_util_max=1% | gpu_mem_mean=2.3/47.8GB
timesteps=3549312 | env_steps/sec=296.0 | episodes/sec=5.78 | gpu_util_mean=0% gpu_util_max=0% | gpu_mem_mean=2.3/47.8GB
timesteps=3550656 | env_steps/sec=263.7 | episodes/sec=3.14 | gpu_util_mean=0% gpu_util_max=1% | gpu_mem_mean=2.3/47.8GB
timesteps=3552096 | env_steps/sec=270.5 | episodes/sec=2.63 | gpu_util_mean=0% gpu_util_max=0% | gpu_mem_mean=2.3/47.8GB
timesteps=3553536 | env_steps/sec=286.8 | episodes/sec=4.18 | gpu_util_mean=0% gpu_util_max=1% | gpu_mem_mean=2.3/47.8GB
timesteps=3554976 | env_steps/sec=271.6 | episodes/sec=4.90 | gpu_util_mean=0% gpu_util_max=0% | gpu_mem_mean=2.3/47.8GB
timesteps=3556416 | env_steps/sec=284.5 | episodes/sec=3.16 | gpu_util_mean=0% gpu_util_max=1% | gpu_mem_mean=2.3/47.8GB
timesteps=3557760 | env_steps/sec=253.4 | episodes/sec=3.96 | gpu_util_mean=0% gpu_util_max=0% | gpu_mem_mean=2.3/47.8GB
timesteps=3559200 | env_steps/sec=274.9 | episodes/sec=4.20 | gpu_util_mean=0% gpu_util_max=0% | gpu_mem_mean=2.3/47.8GB
timesteps=3560736 | env_steps/sec=302.2 | episodes/sec=4.33 | gpu_util_mean=1% gpu_util_max=1% | gpu_mem_mean=2.3/47.8GB
timesteps=3562272 | env_steps/sec=289.1 | episodes/sec=3.76 | gpu_util_mean=0% gpu_util_max=0% | gpu_mem_mean=2.3/47.8GB
timesteps=3563616 | env_steps/sec=268.8 | episodes/sec=3.40 | gpu_util_mean=0% gpu_util_max=0% | gpu_mem_mean=2.3/47.8GB
timesteps=3565056 | env_steps/sec=278.7 | episodes/sec=6.00 | gpu_util_mean=0% gpu_util_max=0% | gpu_mem_mean=2.3/47.8GB
timesteps=3566400 | env_steps/sec=268.6 | episodes/sec=3.40 | gpu_util_mean=0% gpu_util_max=1% | gpu_mem_mean=2.3/47.8GB
timesteps=3567744 | env_steps/sec=260.2 | episodes/sec=3.48 | gpu_util_mean=0% gpu_util_max=0% | gpu_mem_mean=2.3/47.8GB
timesteps=3569088 | env_steps/sec=246.3 | episodes/sec=2.57 | gpu_util_mean=0% gpu_util_max=1% | gpu_mem_mean=2.3/47.8GB
timesteps=3570528 | env_steps/sec=278.8 | episodes/sec=5.03 | gpu_util_mean=0% gpu_util_max=0% | gpu_mem_mean=2.3/47.8GB
timesteps=3571968 | env_steps/sec=273.8 | episodes/sec=4.75 | gpu_util_mean=0% gpu_util_max=0% | gpu_mem_mean=2.3/47.8GB
timesteps=3573408 | env_steps/sec=287.4 | episodes/sec=3.79 | gpu_util_mean=0% gpu_util_max=1% | gpu_mem_mean=2.3/47.8GB
timesteps=3574752 | env_steps/sec=260.1 | episodes/sec=3.10 | gpu_util_mean=0% gpu_util_max=1% | gpu_mem_mean=2.3/47.8GB
timesteps=3576096 | env_steps/sec=266.1 | episodes/sec=2.97 | gpu_util_mean=0% gpu_util_max=1% | gpu_mem_mean=2.3/47.8GB
timesteps=3577536 | env_steps/sec=284.7 | episodes/sec=5.73 | gpu_util_mean=19% gpu_util_max=37% | gpu_mem_mean=2.3/47.8GB
timesteps=3579072 | env_steps/sec=289.4 | episodes/sec=4.71 | gpu_util_mean=1% gpu_util_max=1% | gpu_mem_mean=2.3/47.8GB
timesteps=3580512 | env_steps/sec=272.7 | episodes/sec=3.22 | gpu_util_mean=0% gpu_util_max=1% | gpu_mem_mean=2.3/47.8GB
timesteps=3581952 | env_steps/sec=282.6 | episodes/sec=3.92 | gpu_util_mean=0% gpu_util_max=1% | gpu_mem_mean=2.3/47.8GB
timesteps=3583296 | env_steps/sec=266.3 | episodes/sec=3.37 | gpu_util_mean=0% gpu_util_max=1% | gpu_mem_mean=2.3/47.8GB
timesteps=3584736 | env_steps/sec=280.0 | episodes/sec=5.44 | gpu_util_mean=0% gpu_util_max=0% | gpu_mem_mean=2.3/47.8GB
timesteps=3586080 | env_steps/sec=260.3 | episodes/sec=3.87 | gpu_util_mean=0% gpu_util_max=1% | gpu_mem_mean=2.3/47.8GB
timesteps=3587520 | env_steps/sec=277.2 | episodes/sec=3.08 | gpu_util_mean=0% gpu_util_max=1% | gpu_mem_mean=2.3/47.8GB
-------------------------------------------
| gpu/                      |             |
|    gpu_count              | 2           |
|    gpu_mem_total_gb_mean  | 47.8        |
|    gpu_mem_used_gb_mean   | 2.33        |
|    gpu_util_pct_max       | 1           |
|    gpu_util_pct_mean      | 0.5         |
| profile/                  |             |
|    hard/damage_mean       | 0.259       |
|    hard/ep_len_mean       | 64.6        |
|    hard/ep_rew_mean       | 0.229       |
|    hard/episodes_window   | 200         |
|    hard/p_damage_ge_90    | 0           |
|    hard/p_stars_ge_2      | 0.015       |
|    hard/score_mean        | 0.294       |
|    hard/stars_mean        | 0.035       |
|    hard/ticks_mean        | 642         |
|    hard/truncated_rate    | 0.025       |
|    medium/damage_mean     | 0.709       |
|    medium/ep_len_mean     | 72.7        |
|    medium/ep_rew_mean     | 2.19        |
|    medium/episodes_window | 200         |
|    medium/p_damage_ge_90  | 0.235       |
|    medium/p_stars_ge_2    | 0.6         |
|    medium/score_mean      | 2.26        |
|    medium/stars_mean      | 1.55        |
|    medium/ticks_mean      | 723         |
|    medium/truncated_rate  | 0.125       |
| rollout/                  |             |
|    ep_len_mean            | 68.3        |
|    ep_rew_mean            | 1.11        |
| throughput/               |             |
|    env_steps_per_sec      | 277         |
|    episodes_per_sec       | 3.08        |
| time/                     |             |
|    fps                    | 275         |
|    iterations             | 73          |
|    time_elapsed           | 13023       |
|    total_timesteps        | 3588096     |
| train/                    |             |
|    approx_kl              | 0.010469511 |
|    clip_fraction          | 0.0987      |
|    clip_range             | 0.2         |
|    entropy_loss           | -5.05       |
|    explained_variance     | 0.903       |
|    learning_rate          | 0.0003      |
|    loss                   | -0.0526     |
|    n_updates              | 720         |
|    policy_gradient_loss   | -0.0186     |
|    value_loss             | 0.0645      |
-------------------------------------------
timesteps=3588192 | env_steps/sec=71.9 | episodes/sec=1.50 | gpu_util_mean=18% gpu_util_max=37% | gpu_mem_mean=2.3/47.8GB
timesteps=3589440 | env_steps/sec=247.7 | episodes/sec=3.18 | gpu_util_mean=0% gpu_util_max=1% | gpu_mem_mean=2.3/47.8GB
timesteps=3590880 | env_steps/sec=278.6 | episodes/sec=4.45 | gpu_util_mean=1% gpu_util_max=1% | gpu_mem_mean=2.3/47.8GB
timesteps=3592320 | env_steps/sec=270.0 | episodes/sec=3.56 | gpu_util_mean=0% gpu_util_max=1% | gpu_mem_mean=2.3/47.8GB
timesteps=3593664 | env_steps/sec=268.4 | episodes/sec=4.39 | gpu_util_mean=0% gpu_util_max=1% | gpu_mem_mean=2.3/47.8GB
timesteps=3595008 | env_steps/sec=265.9 | episodes/sec=3.56 | gpu_util_mean=0% gpu_util_max=1% | gpu_mem_mean=2.3/47.8GB
timesteps=3596448 | env_steps/sec=280.9 | episodes/sec=3.51 | gpu_util_mean=0% gpu_util_max=0% | gpu_mem_mean=2.3/47.8GB
timesteps=3597792 | env_steps/sec=259.7 | episodes/sec=2.51 | gpu_util_mean=1% gpu_util_max=1% | gpu_mem_mean=2.3/47.8GB
timesteps=3599232 | env_steps/sec=286.3 | episodes/sec=5.96 | gpu_util_mean=0% gpu_util_max=1% | gpu_mem_mean=2.3/47.8GB
timesteps=3600672 | env_steps/sec=272.5 | episodes/sec=5.30 | gpu_util_mean=0% gpu_util_max=1% | gpu_mem_mean=2.3/47.8GB
timesteps=3602016 | env_steps/sec=264.2 | episodes/sec=2.95 | gpu_util_mean=0% gpu_util_max=0% | gpu_mem_mean=2.3/47.8GB
timesteps=3603456 | env_steps/sec=273.6 | episodes/sec=2.85 | gpu_util_mean=0% gpu_util_max=0% | gpu_mem_mean=2.3/47.8GB
timesteps=3604800 | env_steps/sec=264.1 | episodes/sec=3.73 | gpu_util_mean=0% gpu_util_max=0% | gpu_mem_mean=2.3/47.8GB
timesteps=3606528 | env_steps/sec=325.9 | episodes/sec=6.60 | gpu_util_mean=0% gpu_util_max=0% | gpu_mem_mean=2.3/47.8GB
timesteps=3607968 | env_steps/sec=271.2 | episodes/sec=3.58 | gpu_util_mean=0% gpu_util_max=0% | gpu_mem_mean=2.3/47.8GB
timesteps=3609312 | env_steps/sec=255.2 | episodes/sec=2.66 | gpu_util_mean=0% gpu_util_max=1% | gpu_mem_mean=2.3/47.8GB
timesteps=3610752 | env_steps/sec=269.6 | episodes/sec=3.93 | gpu_util_mean=0% gpu_util_max=0% | gpu_mem_mean=2.3/47.8GB
timesteps=3612288 | env_steps/sec=291.3 | episodes/sec=5.31 | gpu_util_mean=0% gpu_util_max=0% | gpu_mem_mean=2.3/47.8GB
timesteps=3613728 | env_steps/sec=274.4 | episodes/sec=4.57 | gpu_util_mean=0% gpu_util_max=1% | gpu_mem_mean=2.3/47.8GB
timesteps=3615168 | env_steps/sec=275.3 | episodes/sec=2.68 | gpu_util_mean=0% gpu_util_max=1% | gpu_mem_mean=2.3/47.8GB
timesteps=3616512 | env_steps/sec=254.7 | episodes/sec=3.60 | gpu_util_mean=0% gpu_util_max=0% | gpu_mem_mean=2.3/47.8GB
timesteps=3617952 | env_steps/sec=274.8 | episodes/sec=4.96 | gpu_util_mean=0% gpu_util_max=0% | gpu_mem_mean=2.3/47.8GB
timesteps=3619392 | env_steps/sec=274.5 | episodes/sec=3.24 | gpu_util_mean=0% gpu_util_max=1% | gpu_mem_mean=2.3/47.8GB
timesteps=3620928 | env_steps/sec=294.5 | episodes/sec=4.41 | gpu_util_mean=0% gpu_util_max=0% | gpu_mem_mean=2.3/47.8GB
timesteps=3622272 | env_steps/sec=267.4 | episodes/sec=3.38 | gpu_util_mean=0% gpu_util_max=0% | gpu_mem_mean=2.3/47.8GB
timesteps=3623712 | env_steps/sec=277.5 | episodes/sec=4.82 | gpu_util_mean=0% gpu_util_max=0% | gpu_mem_mean=2.3/47.8GB
timesteps=3625152 | env_steps/sec=274.8 | episodes/sec=4.01 | gpu_util_mean=0% gpu_util_max=1% | gpu_mem_mean=2.3/47.8GB
timesteps=3626592 | env_steps/sec=285.8 | episodes/sec=4.17 | gpu_util_mean=18% gpu_util_max=37% | gpu_mem_mean=2.3/47.8GB
timesteps=3627936 | env_steps/sec=263.5 | episodes/sec=3.92 | gpu_util_mean=0% gpu_util_max=1% | gpu_mem_mean=2.3/47.8GB
timesteps=3629376 | env_steps/sec=282.1 | episodes/sec=3.72 | gpu_util_mean=0% gpu_util_max=0% | gpu_mem_mean=2.3/47.8GB
timesteps=3630720 | env_steps/sec=262.8 | episodes/sec=3.91 | gpu_util_mean=0% gpu_util_max=1% | gpu_mem_mean=2.3/47.8GB
timesteps=3632160 | env_steps/sec=287.3 | episodes/sec=3.99 | gpu_util_mean=0% gpu_util_max=1% | gpu_mem_mean=2.3/47.8GB
timesteps=3633600 | env_steps/sec=278.0 | episodes/sec=4.05 | gpu_util_mean=1% gpu_util_max=1% | gpu_mem_mean=2.3/47.8GB
timesteps=3635136 | env_steps/sec=284.4 | episodes/sec=4.81 | gpu_util_mean=0% gpu_util_max=1% | gpu_mem_mean=2.3/47.8GB
timesteps=3636480 | env_steps/sec=261.1 | episodes/sec=4.66 | gpu_util_mean=0% gpu_util_max=0% | gpu_mem_mean=2.3/47.8GB
-------------------------------------------
| gpu/                      |             |
|    gpu_count              | 2           |
|    gpu_mem_total_gb_mean  | 47.8        |
|    gpu_mem_used_gb_mean   | 2.33        |
|    gpu_util_pct_max       | 0           |
|    gpu_util_pct_mean      | 0           |
| profile/                  |             |
|    hard/damage_mean       | 0.242       |
|    hard/ep_len_mean       | 63.3        |
|    hard/ep_rew_mean       | 0.179       |
|    hard/episodes_window   | 200         |
|    hard/p_damage_ge_90    | 0           |
|    hard/p_stars_ge_2      | 0           |
|    hard/score_mean        | 0.242       |
|    hard/stars_mean        | 0           |
|    hard/ticks_mean        | 628         |
|    hard/truncated_rate    | 0.01        |
|    medium/damage_mean     | 0.71        |
|    medium/ep_len_mean     | 74.5        |
|    medium/ep_rew_mean     | 2.17        |
|    medium/episodes_window | 200         |
|    medium/p_damage_ge_90  | 0.225       |
|    medium/p_stars_ge_2    | 0.61        |
|    medium/score_mean      | 2.24        |
|    medium/stars_mean      | 1.53        |
|    medium/ticks_mean      | 741         |
|    medium/truncated_rate  | 0.145       |
| rollout/                  |             |
|    ep_len_mean            | 69          |
|    ep_rew_mean            | 1.17        |
| throughput/               |             |
|    env_steps_per_sec      | 261         |
|    episodes_per_sec       | 4.66        |
| time/                     |             |
|    fps                    | 275         |
|    iterations             | 74          |
|    time_elapsed           | 13209       |
|    total_timesteps        | 3637248     |
| train/                    |             |
|    approx_kl              | 0.010439401 |
|    clip_fraction          | 0.106       |
|    clip_range             | 0.2         |
|    entropy_loss           | -5.02       |
|    explained_variance     | 0.892       |
|    learning_rate          | 0.0003      |
|    loss                   | -0.05       |
|    n_updates              | 730         |
|    policy_gradient_loss   | -0.0201     |
|    value_loss             | 0.0675      |
-------------------------------------------
timesteps=3637344 | env_steps/sec=87.3 | episodes/sec=0.91 | gpu_util_mean=0% gpu_util_max=0% | gpu_mem_mean=2.3/47.8GB
timesteps=3638784 | env_steps/sec=277.8 | episodes/sec=2.51 | gpu_util_mean=0% gpu_util_max=1% | gpu_mem_mean=2.3/47.8GB
timesteps=3640224 | env_steps/sec=281.9 | episodes/sec=3.72 | gpu_util_mean=0% gpu_util_max=1% | gpu_mem_mean=2.3/47.8GB
timesteps=3641760 | env_steps/sec=285.6 | episodes/sec=5.21 | gpu_util_mean=0% gpu_util_max=1% | gpu_mem_mean=2.3/47.8GB
timesteps=3643200 | env_steps/sec=285.9 | episodes/sec=4.37 | gpu_util_mean=1% gpu_util_max=1% | gpu_mem_mean=2.3/47.8GB
timesteps=3644640 | env_steps/sec=273.1 | episodes/sec=4.17 | gpu_util_mean=0% gpu_util_max=0% | gpu_mem_mean=2.3/47.8GB
timesteps=3646080 | env_steps/sec=280.0 | episodes/sec=3.50 | gpu_util_mean=0% gpu_util_max=0% | gpu_mem_mean=2.3/47.8GB
timesteps=3647520 | env_steps/sec=269.6 | episodes/sec=4.49 | gpu_util_mean=0% gpu_util_max=1% | gpu_mem_mean=2.3/47.8GB
timesteps=3648960 | env_steps/sec=275.8 | episodes/sec=4.41 | gpu_util_mean=0% gpu_util_max=1% | gpu_mem_mean=2.3/47.8GB
timesteps=3650304 | env_steps/sec=256.1 | episodes/sec=3.05 | gpu_util_mean=0% gpu_util_max=1% | gpu_mem_mean=2.3/47.8GB
timesteps=3651840 | env_steps/sec=297.4 | episodes/sec=4.26 | gpu_util_mean=0% gpu_util_max=0% | gpu_mem_mean=2.3/47.8GB
timesteps=3653472 | env_steps/sec=308.2 | episodes/sec=4.34 | gpu_util_mean=0% gpu_util_max=0% | gpu_mem_mean=2.3/47.8GB
timesteps=3654912 | env_steps/sec=281.4 | episodes/sec=4.49 | gpu_util_mean=0% gpu_util_max=1% | gpu_mem_mean=2.3/47.8GB
timesteps=3656352 | env_steps/sec=280.3 | episodes/sec=3.50 | gpu_util_mean=1% gpu_util_max=1% | gpu_mem_mean=2.3/47.8GB
timesteps=3657792 | env_steps/sec=275.4 | episodes/sec=4.78 | gpu_util_mean=0% gpu_util_max=1% | gpu_mem_mean=2.3/47.8GB
timesteps=3659232 | env_steps/sec=285.5 | episodes/sec=3.57 | gpu_util_mean=0% gpu_util_max=1% | gpu_mem_mean=2.3/47.8GB
timesteps=3660672 | env_steps/sec=278.8 | episodes/sec=4.84 | gpu_util_mean=0% gpu_util_max=0% | gpu_mem_mean=2.3/47.8GB
timesteps=3662112 | env_steps/sec=274.8 | episodes/sec=2.67 | gpu_util_mean=0% gpu_util_max=1% | gpu_mem_mean=2.3/47.8GB
timesteps=3663552 | env_steps/sec=278.6 | episodes/sec=4.26 | gpu_util_mean=0% gpu_util_max=1% | gpu_mem_mean=2.3/47.8GB
timesteps=3664992 | env_steps/sec=282.9 | episodes/sec=3.54 | gpu_util_mean=0% gpu_util_max=0% | gpu_mem_mean=2.3/47.8GB
timesteps=3666528 | env_steps/sec=294.0 | episodes/sec=5.74 | gpu_util_mean=0% gpu_util_max=0% | gpu_mem_mean=2.3/47.8GB
timesteps=3667968 | env_steps/sec=274.8 | episodes/sec=3.05 | gpu_util_mean=0% gpu_util_max=0% | gpu_mem_mean=2.3/47.8GB
timesteps=3669408 | env_steps/sec=279.0 | episodes/sec=4.84 | gpu_util_mean=0% gpu_util_max=1% | gpu_mem_mean=2.3/47.8GB
timesteps=3670752 | env_steps/sec=251.9 | episodes/sec=2.44 | gpu_util_mean=0% gpu_util_max=0% | gpu_mem_mean=2.3/47.8GB
timesteps=3672192 | env_steps/sec=285.9 | episodes/sec=4.37 | gpu_util_mean=0% gpu_util_max=1% | gpu_mem_mean=2.3/47.8GB
timesteps=3673536 | env_steps/sec=259.3 | episodes/sec=3.86 | gpu_util_mean=0% gpu_util_max=0% | gpu_mem_mean=2.3/47.8GB
timesteps=3675072 | env_steps/sec=293.2 | episodes/sec=4.01 | gpu_util_mean=19% gpu_util_max=37% | gpu_mem_mean=2.3/47.8GB
timesteps=3676512 | env_steps/sec=284.1 | episodes/sec=4.74 | gpu_util_mean=0% gpu_util_max=0% | gpu_mem_mean=2.3/47.8GB
timesteps=3677952 | env_steps/sec=273.2 | episodes/sec=4.17 | gpu_util_mean=0% gpu_util_max=1% | gpu_mem_mean=2.3/47.8GB
timesteps=3679392 | env_steps/sec=267.9 | episodes/sec=3.91 | gpu_util_mean=0% gpu_util_max=0% | gpu_mem_mean=2.3/47.8GB
timesteps=3680832 | env_steps/sec=278.0 | episodes/sec=2.70 | gpu_util_mean=0% gpu_util_max=0% | gpu_mem_mean=2.3/47.8GB
timesteps=3682176 | env_steps/sec=266.9 | episodes/sec=5.56 | gpu_util_mean=0% gpu_util_max=0% | gpu_mem_mean=2.3/47.8GB
timesteps=3683616 | env_steps/sec=272.9 | episodes/sec=3.79 | gpu_util_mean=0% gpu_util_max=0% | gpu_mem_mean=2.3/47.8GB
timesteps=3685152 | env_steps/sec=291.8 | episodes/sec=4.37 | gpu_util_mean=0% gpu_util_max=1% | gpu_mem_mean=2.3/47.8GB
------------------------------------------
| gpu/                      |            |
|    gpu_count              | 2          |
|    gpu_mem_total_gb_mean  | 47.8       |
|    gpu_mem_used_gb_mean   | 2.33       |
|    gpu_util_pct_max       | 1          |
|    gpu_util_pct_mean      | 0.5        |
| profile/                  |            |
|    hard/damage_mean       | 0.242      |
|    hard/ep_len_mean       | 64.8       |
|    hard/ep_rew_mean       | 0.188      |
|    hard/episodes_window   | 200        |
|    hard/p_damage_ge_90    | 0          |
|    hard/p_stars_ge_2      | 0.005      |
|    hard/score_mean        | 0.252      |
|    hard/stars_mean        | 0.01       |
|    hard/ticks_mean        | 643        |
|    hard/truncated_rate    | 0.035      |
|    medium/damage_mean     | 0.741      |
|    medium/ep_len_mean     | 74.3       |
|    medium/ep_rew_mean     | 2.37       |
|    medium/episodes_window | 200        |
|    medium/p_damage_ge_90  | 0.28       |
|    medium/p_stars_ge_2    | 0.67       |
|    medium/score_mean      | 2.44       |
|    medium/stars_mean      | 1.7        |
|    medium/ticks_mean      | 739        |
|    medium/truncated_rate  | 0.17       |
| rollout/                  |            |
|    ep_len_mean            | 68.4       |
|    ep_rew_mean            | 1.25       |
| throughput/               |            |
|    env_steps_per_sec      | 292        |
|    episodes_per_sec       | 4.37       |
| time/                     |            |
|    fps                    | 275        |
|    iterations             | 75         |
|    time_elapsed           | 13392      |
|    total_timesteps        | 3686400    |
| train/                    |            |
|    approx_kl              | 0.01318265 |
|    clip_fraction          | 0.114      |
|    clip_range             | 0.2        |
|    entropy_loss           | -5.05      |
|    explained_variance     | 0.898      |
|    learning_rate          | 0.0003     |
|    loss                   | -0.0394    |
|    n_updates              | 740        |
|    policy_gradient_loss   | -0.0197    |
|    value_loss             | 0.0673     |
------------------------------------------
timesteps=3686496 | env_steps/sec=111.4 | episodes/sec=1.41 | gpu_util_mean=18% gpu_util_max=37% | gpu_mem_mean=2.3/47.8GB
timesteps=3687840 | env_steps/sec=265.4 | episodes/sec=3.95 | gpu_util_mean=0% gpu_util_max=1% | gpu_mem_mean=2.3/47.8GB
timesteps=3689184 | env_steps/sec=268.7 | episodes/sec=3.20 | gpu_util_mean=0% gpu_util_max=0% | gpu_mem_mean=2.3/47.8GB
timesteps=3690624 | env_steps/sec=283.4 | episodes/sec=5.12 | gpu_util_mean=0% gpu_util_max=1% | gpu_mem_mean=2.3/47.8GB
timesteps=3692064 | env_steps/sec=283.2 | episodes/sec=3.54 | gpu_util_mean=0% gpu_util_max=1% | gpu_mem_mean=2.3/47.8GB
timesteps=3693408 | env_steps/sec=262.2 | episodes/sec=4.68 | gpu_util_mean=0% gpu_util_max=0% | gpu_mem_mean=2.3/47.8GB
timesteps=3694848 | env_steps/sec=267.2 | episodes/sec=2.78 | gpu_util_mean=0% gpu_util_max=0% | gpu_mem_mean=2.3/47.8GB
timesteps=3696288 | env_steps/sec=280.1 | episodes/sec=4.47 | gpu_util_mean=0% gpu_util_max=1% | gpu_mem_mean=2.3/47.8GB
timesteps=3697824 | env_steps/sec=293.6 | episodes/sec=3.63 | gpu_util_mean=0% gpu_util_max=1% | gpu_mem_mean=2.3/47.8GB
timesteps=3699456 | env_steps/sec=312.8 | episodes/sec=4.98 | gpu_util_mean=0% gpu_util_max=1% | gpu_mem_mean=2.3/47.8GB
timesteps=3700992 | env_steps/sec=295.0 | episodes/sec=3.84 | gpu_util_mean=0% gpu_util_max=0% | gpu_mem_mean=2.3/47.8GB
timesteps=3702432 | env_steps/sec=276.8 | episodes/sec=4.23 | gpu_util_mean=0% gpu_util_max=0% | gpu_mem_mean=2.3/47.8GB
timesteps=3703776 | env_steps/sec=263.7 | episodes/sec=4.32 | gpu_util_mean=0% gpu_util_max=0% | gpu_mem_mean=2.3/47.8GB
timesteps=3705216 | env_steps/sec=278.5 | episodes/sec=2.90 | gpu_util_mean=0% gpu_util_max=0% | gpu_mem_mean=2.3/47.8GB
timesteps=3706656 | env_steps/sec=275.8 | episodes/sec=3.64 | gpu_util_mean=0% gpu_util_max=0% | gpu_mem_mean=2.3/47.8GB
timesteps=3708192 | env_steps/sec=291.5 | episodes/sec=4.75 | gpu_util_mean=0% gpu_util_max=1% | gpu_mem_mean=2.3/47.8GB
timesteps=3709632 | env_steps/sec=275.0 | episodes/sec=4.77 | gpu_util_mean=0% gpu_util_max=0% | gpu_mem_mean=2.3/47.8GB
timesteps=3710976 | env_steps/sec=260.2 | episodes/sec=3.68 | gpu_util_mean=0% gpu_util_max=0% | gpu_mem_mean=2.3/47.8GB
timesteps=3712320 | env_steps/sec=260.4 | episodes/sec=2.91 | gpu_util_mean=0% gpu_util_max=1% | gpu_mem_mean=2.3/47.8GB
timesteps=3713760 | env_steps/sec=274.0 | episodes/sec=3.23 | gpu_util_mean=0% gpu_util_max=1% | gpu_mem_mean=2.3/47.8GB
timesteps=3715200 | env_steps/sec=279.3 | episodes/sec=5.24 | gpu_util_mean=0% gpu_util_max=1% | gpu_mem_mean=2.3/47.8GB
timesteps=3716736 | env_steps/sec=301.2 | episodes/sec=4.71 | gpu_util_mean=0% gpu_util_max=0% | gpu_mem_mean=2.3/47.8GB
timesteps=3718176 | env_steps/sec=281.7 | episodes/sec=3.52 | gpu_util_mean=0% gpu_util_max=0% | gpu_mem_mean=2.3/47.8GB
timesteps=3719520 | env_steps/sec=265.3 | episodes/sec=3.75 | gpu_util_mean=0% gpu_util_max=0% | gpu_mem_mean=2.3/47.8GB
timesteps=3720960 | env_steps/sec=269.7 | episodes/sec=3.56 | gpu_util_mean=0% gpu_util_max=0% | gpu_mem_mean=2.3/47.8GB
timesteps=3722400 | env_steps/sec=286.4 | episodes/sec=4.18 | gpu_util_mean=0% gpu_util_max=1% | gpu_mem_mean=2.3/47.8GB
timesteps=3723840 | env_steps/sec=281.4 | episodes/sec=5.28 | gpu_util_mean=0% gpu_util_max=0% | gpu_mem_mean=2.3/47.8GB
timesteps=3725280 | env_steps/sec=282.9 | episodes/sec=3.14 | gpu_util_mean=17% gpu_util_max=34% | gpu_mem_mean=2.3/47.8GB
timesteps=3726720 | env_steps/sec=270.6 | episodes/sec=4.89 | gpu_util_mean=0% gpu_util_max=0% | gpu_mem_mean=2.3/47.8GB
timesteps=3728160 | env_steps/sec=272.7 | episodes/sec=3.03 | gpu_util_mean=0% gpu_util_max=0% | gpu_mem_mean=2.3/47.8GB
timesteps=3729504 | env_steps/sec=263.3 | episodes/sec=4.51 | gpu_util_mean=0% gpu_util_max=0% | gpu_mem_mean=2.3/47.8GB
timesteps=3730848 | env_steps/sec=268.1 | episodes/sec=2.79 | gpu_util_mean=0% gpu_util_max=1% | gpu_mem_mean=2.3/47.8GB
timesteps=3732288 | env_steps/sec=279.5 | episodes/sec=4.27 | gpu_util_mean=0% gpu_util_max=0% | gpu_mem_mean=2.3/47.8GB
timesteps=3733728 | env_steps/sec=283.3 | episodes/sec=5.11 | gpu_util_mean=0% gpu_util_max=1% | gpu_mem_mean=2.3/47.8GB
timesteps=3735072 | env_steps/sec=267.8 | episodes/sec=3.59 | gpu_util_mean=0% gpu_util_max=1% | gpu_mem_mean=2.3/47.8GB
-------------------------------------------
| gpu/                      |             |
|    gpu_count              | 2           |
|    gpu_mem_total_gb_mean  | 47.8        |
|    gpu_mem_used_gb_mean   | 2.33        |
|    gpu_util_pct_max       | 1           |
|    gpu_util_pct_mean      | 0.5         |
| profile/                  |             |
|    hard/damage_mean       | 0.235       |
|    hard/ep_len_mean       | 64.3        |
|    hard/ep_rew_mean       | 0.176       |
|    hard/episodes_window   | 200         |
|    hard/p_damage_ge_90    | 0           |
|    hard/p_stars_ge_2      | 0           |
|    hard/score_mean        | 0.24        |
|    hard/stars_mean        | 0.005       |
|    hard/ticks_mean        | 639         |
|    hard/truncated_rate    | 0.03        |
|    medium/damage_mean     | 0.735       |
|    medium/ep_len_mean     | 75.1        |
|    medium/ep_rew_mean     | 2.3         |
|    medium/episodes_window | 200         |
|    medium/p_damage_ge_90  | 0.24        |
|    medium/p_stars_ge_2    | 0.625       |
|    medium/score_mean      | 2.38        |
|    medium/stars_mean      | 1.64        |
|    medium/ticks_mean      | 748         |
|    medium/truncated_rate  | 0.215       |
| rollout/                  |             |
|    ep_len_mean            | 69.4        |
|    ep_rew_mean            | 1.07        |
| throughput/               |             |
|    env_steps_per_sec      | 268         |
|    episodes_per_sec       | 3.59        |
| time/                     |             |
|    fps                    | 275         |
|    iterations             | 76          |
|    time_elapsed           | 13576       |
|    total_timesteps        | 3735552     |
| train/                    |             |
|    approx_kl              | 0.018800734 |
|    clip_fraction          | 0.176       |
|    clip_range             | 0.2         |
|    entropy_loss           | -4.97       |
|    explained_variance     | 0.888       |
|    learning_rate          | 0.0003      |
|    loss                   | -0.0473     |
|    n_updates              | 750         |
|    policy_gradient_loss   | -0.0229     |
|    value_loss             | 0.0667      |
-------------------------------------------
timesteps=3735648 | env_steps/sec=64.5 | episodes/sec=0.67 | gpu_util_mean=16% gpu_util_max=33% | gpu_mem_mean=2.3/47.8GB
timesteps=3737088 | env_steps/sec=280.0 | episodes/sec=3.11 | gpu_util_mean=0% gpu_util_max=1% | gpu_mem_mean=2.3/47.8GB
timesteps=3738624 | env_steps/sec=296.6 | episodes/sec=3.67 | gpu_util_mean=0% gpu_util_max=1% | gpu_mem_mean=2.3/47.8GB
timesteps=3740256 | env_steps/sec=303.9 | episodes/sec=6.33 | gpu_util_mean=0% gpu_util_max=0% | gpu_mem_mean=2.3/47.8GB
timesteps=3741600 | env_steps/sec=264.4 | episodes/sec=4.72 | gpu_util_mean=1% gpu_util_max=1% | gpu_mem_mean=2.3/47.8GB
timesteps=3743040 | env_steps/sec=276.3 | episodes/sec=2.49 | gpu_util_mean=0% gpu_util_max=0% | gpu_mem_mean=2.3/47.8GB
timesteps=3744480 | env_steps/sec=282.1 | episodes/sec=3.13 | gpu_util_mean=0% gpu_util_max=0% | gpu_mem_mean=2.3/47.8GB
timesteps=3746016 | env_steps/sec=303.1 | episodes/sec=4.34 | gpu_util_mean=0% gpu_util_max=1% | gpu_mem_mean=2.3/47.8GB
timesteps=3747456 | env_steps/sec=270.4 | episodes/sec=4.88 | gpu_util_mean=0% gpu_util_max=0% | gpu_mem_mean=2.3/47.8GB
timesteps=3748992 | env_steps/sec=282.3 | episodes/sec=3.86 | gpu_util_mean=0% gpu_util_max=1% | gpu_mem_mean=2.3/47.8GB
timesteps=3750336 | env_steps/sec=251.8 | episodes/sec=3.19 | gpu_util_mean=0% gpu_util_max=0% | gpu_mem_mean=2.3/47.8GB
timesteps=3751776 | env_steps/sec=279.0 | episodes/sec=3.87 | gpu_util_mean=1% gpu_util_max=1% | gpu_mem_mean=2.3/47.8GB
timesteps=3753120 | env_steps/sec=261.9 | episodes/sec=3.70 | gpu_util_mean=0% gpu_util_max=1% | gpu_mem_mean=2.3/47.8GB
timesteps=3754560 | env_steps/sec=266.7 | episodes/sec=4.45 | gpu_util_mean=0% gpu_util_max=0% | gpu_mem_mean=2.3/47.8GB
timesteps=3756000 | env_steps/sec=272.6 | episodes/sec=3.98 | gpu_util_mean=0% gpu_util_max=0% | gpu_mem_mean=2.3/47.8GB
timesteps=3757440 | env_steps/sec=275.2 | episodes/sec=3.44 | gpu_util_mean=0% gpu_util_max=0% | gpu_mem_mean=2.3/47.8GB
timesteps=3758784 | env_steps/sec=258.1 | episodes/sec=4.03 | gpu_util_mean=0% gpu_util_max=0% | gpu_mem_mean=2.3/47.8GB
timesteps=3760128 | env_steps/sec=267.8 | episodes/sec=3.79 | gpu_util_mean=0% gpu_util_max=0% | gpu_mem_mean=2.3/47.8GB
timesteps=3761568 | env_steps/sec=273.1 | episodes/sec=3.79 | gpu_util_mean=0% gpu_util_max=0% | gpu_mem_mean=2.3/47.8GB
timesteps=3763008 | env_steps/sec=270.8 | episodes/sec=4.14 | gpu_util_mean=0% gpu_util_max=0% | gpu_mem_mean=2.3/47.8GB
timesteps=3764448 | env_steps/sec=284.9 | episodes/sec=3.76 | gpu_util_mean=0% gpu_util_max=1% | gpu_mem_mean=2.3/47.8GB
timesteps=3765888 | env_steps/sec=273.1 | episodes/sec=5.31 | gpu_util_mean=0% gpu_util_max=0% | gpu_mem_mean=2.3/47.8GB
timesteps=3767232 | env_steps/sec=265.9 | episodes/sec=2.18 | gpu_util_mean=0% gpu_util_max=1% | gpu_mem_mean=2.3/47.8GB
timesteps=3768576 | env_steps/sec=261.7 | episodes/sec=3.31 | gpu_util_mean=0% gpu_util_max=0% | gpu_mem_mean=2.3/47.8GB
timesteps=3770016 | env_steps/sec=283.5 | episodes/sec=4.13 | gpu_util_mean=0% gpu_util_max=0% | gpu_mem_mean=2.3/47.8GB
timesteps=3771360 | env_steps/sec=268.4 | episodes/sec=5.99 | gpu_util_mean=0% gpu_util_max=1% | gpu_mem_mean=2.3/47.8GB
timesteps=3772800 | env_steps/sec=285.7 | episodes/sec=2.78 | gpu_util_mean=0% gpu_util_max=0% | gpu_mem_mean=2.3/47.8GB
timesteps=3774336 | env_steps/sec=288.1 | episodes/sec=3.56 | gpu_util_mean=16% gpu_util_max=33% | gpu_mem_mean=2.3/47.8GB
timesteps=3775776 | env_steps/sec=272.0 | episodes/sec=4.15 | gpu_util_mean=0% gpu_util_max=0% | gpu_mem_mean=2.3/47.8GB
timesteps=3777216 | env_steps/sec=268.6 | episodes/sec=5.22 | gpu_util_mean=0% gpu_util_max=0% | gpu_mem_mean=2.3/47.8GB
timesteps=3778560 | env_steps/sec=267.5 | episodes/sec=2.98 | gpu_util_mean=0% gpu_util_max=1% | gpu_mem_mean=2.3/47.8GB
timesteps=3780000 | env_steps/sec=279.7 | episodes/sec=2.72 | gpu_util_mean=0% gpu_util_max=1% | gpu_mem_mean=2.3/47.8GB
timesteps=3781440 | env_steps/sec=287.8 | episodes/sec=4.40 | gpu_util_mean=0% gpu_util_max=1% | gpu_mem_mean=2.3/47.8GB
timesteps=3782880 | env_steps/sec=273.7 | episodes/sec=5.13 | gpu_util_mean=1% gpu_util_max=1% | gpu_mem_mean=2.3/47.8GB
timesteps=3784224 | env_steps/sec=265.6 | episodes/sec=4.55 | gpu_util_mean=0% gpu_util_max=1% | gpu_mem_mean=2.3/47.8GB
-------------------------------------------
| gpu/                      |             |
|    gpu_count              | 2           |
|    gpu_mem_total_gb_mean  | 47.8        |
|    gpu_mem_used_gb_mean   | 2.33        |
|    gpu_util_pct_max       | 1           |
|    gpu_util_pct_mean      | 0.5         |
| profile/                  |             |
|    hard/damage_mean       | 0.249       |
|    hard/ep_len_mean       | 64.7        |
|    hard/ep_rew_mean       | 0.185       |
|    hard/episodes_window   | 200         |
|    hard/p_damage_ge_90    | 0           |
|    hard/p_stars_ge_2      | 0           |
|    hard/score_mean        | 0.249       |
|    hard/stars_mean        | 0           |
|    hard/ticks_mean        | 642         |
|    hard/truncated_rate    | 0.03        |
|    medium/damage_mean     | 0.759       |
|    medium/ep_len_mean     | 75.6        |
|    medium/ep_rew_mean     | 2.44        |
|    medium/episodes_window | 200         |
|    medium/p_damage_ge_90  | 0.295       |
|    medium/p_stars_ge_2    | 0.715       |
|    medium/score_mean      | 2.51        |
|    medium/stars_mean      | 1.75        |
|    medium/ticks_mean      | 753         |
|    medium/truncated_rate  | 0.18        |
| rollout/                  |             |
|    ep_len_mean            | 71.2        |
|    ep_rew_mean            | 1.32        |
| throughput/               |             |
|    env_steps_per_sec      | 266         |
|    episodes_per_sec       | 4.55        |
| time/                     |             |
|    fps                    | 275         |
|    iterations             | 77          |
|    time_elapsed           | 13762       |
|    total_timesteps        | 3784704     |
| train/                    |             |
|    approx_kl              | 0.014957711 |
|    clip_fraction          | 0.16        |
|    clip_range             | 0.2         |
|    entropy_loss           | -4.9        |
|    explained_variance     | 0.915       |
|    learning_rate          | 0.0003      |
|    loss                   | -0.0456     |
|    n_updates              | 760         |
|    policy_gradient_loss   | -0.0204     |
|    value_loss             | 0.0578      |
-------------------------------------------
timesteps=3784800 | env_steps/sec=64.4 | episodes/sec=0.56 | gpu_util_mean=18% gpu_util_max=37% | gpu_mem_mean=2.3/47.8GB
timesteps=3786048 | env_steps/sec=242.0 | episodes/sec=2.71 | gpu_util_mean=0% gpu_util_max=1% | gpu_mem_mean=2.3/47.8GB
timesteps=3787488 | env_steps/sec=272.6 | episodes/sec=4.35 | gpu_util_mean=0% gpu_util_max=1% | gpu_mem_mean=2.3/47.8GB
timesteps=3788928 | env_steps/sec=280.0 | episodes/sec=3.31 | gpu_util_mean=0% gpu_util_max=0% | gpu_mem_mean=2.3/47.8GB
timesteps=3790464 | env_steps/sec=300.1 | episodes/sec=4.69 | gpu_util_mean=0% gpu_util_max=0% | gpu_mem_mean=2.3/47.8GB
timesteps=3791904 | env_steps/sec=283.2 | episodes/sec=3.74 | gpu_util_mean=0% gpu_util_max=1% | gpu_mem_mean=2.3/47.8GB
timesteps=3793248 | env_steps/sec=264.5 | episodes/sec=4.13 | gpu_util_mean=0% gpu_util_max=1% | gpu_mem_mean=2.3/47.8GB
timesteps=3794592 | env_steps/sec=265.5 | episodes/sec=4.35 | gpu_util_mean=0% gpu_util_max=0% | gpu_mem_mean=2.3/47.8GB
timesteps=3796032 | env_steps/sec=278.5 | episodes/sec=3.68 | gpu_util_mean=0% gpu_util_max=0% | gpu_mem_mean=2.3/47.8GB
timesteps=3797472 | env_steps/sec=272.1 | episodes/sec=2.83 | gpu_util_mean=0% gpu_util_max=1% | gpu_mem_mean=2.3/47.8GB
timesteps=3798816 | env_steps/sec=266.7 | episodes/sec=2.98 | gpu_util_mean=0% gpu_util_max=1% | gpu_mem_mean=2.3/47.8GB
timesteps=3800256 | env_steps/sec=279.0 | episodes/sec=5.43 | gpu_util_mean=0% gpu_util_max=1% | gpu_mem_mean=2.3/47.8GB
timesteps=3801600 | env_steps/sec=262.6 | episodes/sec=5.47 | gpu_util_mean=0% gpu_util_max=0% | gpu_mem_mean=2.3/47.8GB
timesteps=3802944 | env_steps/sec=266.3 | episodes/sec=2.58 | gpu_util_mean=1% gpu_util_max=1% | gpu_mem_mean=2.3/47.8GB
timesteps=3804384 | env_steps/sec=271.4 | episodes/sec=2.83 | gpu_util_mean=0% gpu_util_max=1% | gpu_mem_mean=2.3/47.8GB
timesteps=3805728 | env_steps/sec=260.4 | episodes/sec=4.46 | gpu_util_mean=0% gpu_util_max=1% | gpu_mem_mean=2.3/47.8GB
timesteps=3807168 | env_steps/sec=283.7 | episodes/sec=4.93 | gpu_util_mean=0% gpu_util_max=0% | gpu_mem_mean=2.3/47.8GB
timesteps=3808512 | env_steps/sec=265.8 | episodes/sec=4.94 | gpu_util_mean=1% gpu_util_max=1% | gpu_mem_mean=2.3/47.8GB
timesteps=3809856 | env_steps/sec=267.0 | episodes/sec=2.58 | gpu_util_mean=1% gpu_util_max=1% | gpu_mem_mean=2.3/47.8GB
timesteps=3811200 | env_steps/sec=265.2 | episodes/sec=3.35 | gpu_util_mean=0% gpu_util_max=0% | gpu_mem_mean=2.3/47.8GB
timesteps=3812544 | env_steps/sec=266.8 | episodes/sec=3.57 | gpu_util_mean=0% gpu_util_max=0% | gpu_mem_mean=2.3/47.8GB
timesteps=3813984 | env_steps/sec=287.4 | episodes/sec=5.39 | gpu_util_mean=0% gpu_util_max=0% | gpu_mem_mean=2.3/47.8GB
timesteps=3815424 | env_steps/sec=276.6 | episodes/sec=3.65 | gpu_util_mean=0% gpu_util_max=1% | gpu_mem_mean=2.3/47.8GB
timesteps=3816864 | env_steps/sec=275.4 | episodes/sec=4.21 | gpu_util_mean=0% gpu_util_max=0% | gpu_mem_mean=2.3/47.8GB
timesteps=3818304 | env_steps/sec=273.5 | episodes/sec=2.47 | gpu_util_mean=0% gpu_util_max=0% | gpu_mem_mean=2.3/47.8GB
timesteps=3819840 | env_steps/sec=294.6 | episodes/sec=5.56 | gpu_util_mean=0% gpu_util_max=1% | gpu_mem_mean=2.3/47.8GB
timesteps=3821184 | env_steps/sec=264.0 | episodes/sec=4.13 | gpu_util_mean=0% gpu_util_max=0% | gpu_mem_mean=2.3/47.8GB
timesteps=3822720 | env_steps/sec=289.7 | episodes/sec=4.34 | gpu_util_mean=18% gpu_util_max=37% | gpu_mem_mean=2.3/47.8GB
timesteps=3824256 | env_steps/sec=306.5 | episodes/sec=3.79 | gpu_util_mean=18% gpu_util_max=35% | gpu_mem_mean=2.3/47.8GB
timesteps=3825696 | env_steps/sec=274.6 | episodes/sec=4.00 | gpu_util_mean=0% gpu_util_max=1% | gpu_mem_mean=2.3/47.8GB
timesteps=3827136 | env_steps/sec=281.0 | episodes/sec=4.29 | gpu_util_mean=0% gpu_util_max=0% | gpu_mem_mean=2.3/47.8GB
timesteps=3828576 | env_steps/sec=276.7 | episodes/sec=4.42 | gpu_util_mean=0% gpu_util_max=1% | gpu_mem_mean=2.3/47.8GB
timesteps=3830016 | env_steps/sec=272.1 | episodes/sec=3.78 | gpu_util_mean=1% gpu_util_max=1% | gpu_mem_mean=2.3/47.8GB
timesteps=3831456 | env_steps/sec=269.0 | episodes/sec=2.99 | gpu_util_mean=1% gpu_util_max=1% | gpu_mem_mean=2.3/47.8GB
timesteps=3832896 | env_steps/sec=276.4 | episodes/sec=4.61 | gpu_util_mean=0% gpu_util_max=0% | gpu_mem_mean=2.3/47.8GB
-------------------------------------------
| gpu/                      |             |
|    gpu_count              | 2           |
|    gpu_mem_total_gb_mean  | 47.8        |
|    gpu_mem_used_gb_mean   | 2.33        |
|    gpu_util_pct_max       | 0           |
|    gpu_util_pct_mean      | 0           |
| profile/                  |             |
|    hard/damage_mean       | 0.241       |
|    hard/ep_len_mean       | 64.2        |
|    hard/ep_rew_mean       | 0.177       |
|    hard/episodes_window   | 200         |
|    hard/p_damage_ge_90    | 0           |
|    hard/p_stars_ge_2      | 0           |
|    hard/score_mean        | 0.241       |
|    hard/stars_mean        | 0           |
|    hard/ticks_mean        | 637         |
|    hard/truncated_rate    | 0.015       |
|    medium/damage_mean     | 0.73        |
|    medium/ep_len_mean     | 73.8        |
|    medium/ep_rew_mean     | 2.31        |
|    medium/episodes_window | 200         |
|    medium/p_damage_ge_90  | 0.31        |
|    medium/p_stars_ge_2    | 0.63        |
|    medium/score_mean      | 2.38        |
|    medium/stars_mean      | 1.66        |
|    medium/ticks_mean      | 734         |
|    medium/truncated_rate  | 0.195       |
| rollout/                  |             |
|    ep_len_mean            | 68.7        |
|    ep_rew_mean            | 1.19        |
| throughput/               |             |
|    env_steps_per_sec      | 276         |
|    episodes_per_sec       | 4.61        |
| time/                     |             |
|    fps                    | 274         |
|    iterations             | 78          |
|    time_elapsed           | 13948       |
|    total_timesteps        | 3833856     |
| train/                    |             |
|    approx_kl              | 0.014116563 |
|    clip_fraction          | 0.145       |
|    clip_range             | 0.2         |
|    entropy_loss           | -4.87       |
|    explained_variance     | 0.935       |
|    learning_rate          | 0.0003      |
|    loss                   | -0.0478     |
|    n_updates              | 770         |
|    policy_gradient_loss   | -0.019      |
|    value_loss             | 0.0557      |
-------------------------------------------
timesteps=3833952 | env_steps/sec=97.6 | episodes/sec=1.85 | gpu_util_mean=0% gpu_util_max=0% | gpu_mem_mean=2.3/47.8GB
timesteps=3835392 | env_steps/sec=287.0 | episodes/sec=2.79 | gpu_util_mean=0% gpu_util_max=0% | gpu_mem_mean=2.3/47.8GB
timesteps=3837024 | env_steps/sec=309.9 | episodes/sec=4.56 | gpu_util_mean=0% gpu_util_max=1% | gpu_mem_mean=2.3/47.8GB
timesteps=3838464 | env_steps/sec=277.5 | episodes/sec=4.43 | gpu_util_mean=0% gpu_util_max=0% | gpu_mem_mean=2.3/47.8GB
timesteps=3839904 | env_steps/sec=281.5 | episodes/sec=4.69 | gpu_util_mean=0% gpu_util_max=1% | gpu_mem_mean=2.3/47.8GB
timesteps=3841344 | env_steps/sec=277.1 | episodes/sec=2.89 | gpu_util_mean=0% gpu_util_max=0% | gpu_mem_mean=2.3/47.8GB
timesteps=3842784 | env_steps/sec=286.4 | episodes/sec=4.18 | gpu_util_mean=0% gpu_util_max=0% | gpu_mem_mean=2.3/47.8GB
timesteps=3844224 | env_steps/sec=282.3 | episodes/sec=4.51 | gpu_util_mean=0% gpu_util_max=0% | gpu_mem_mean=2.3/47.8GB
timesteps=3845760 | env_steps/sec=289.1 | episodes/sec=5.08 | gpu_util_mean=0% gpu_util_max=1% | gpu_mem_mean=2.3/47.8GB
timesteps=3847104 | env_steps/sec=262.4 | episodes/sec=3.32 | gpu_util_mean=0% gpu_util_max=0% | gpu_mem_mean=2.3/47.8GB
timesteps=3848544 | env_steps/sec=282.1 | episodes/sec=3.33 | gpu_util_mean=0% gpu_util_max=1% | gpu_mem_mean=2.3/47.8GB
timesteps=3849984 | env_steps/sec=275.2 | episodes/sec=4.20 | gpu_util_mean=0% gpu_util_max=0% | gpu_mem_mean=2.3/47.8GB
timesteps=3851424 | env_steps/sec=274.1 | episodes/sec=4.19 | gpu_util_mean=1% gpu_util_max=1% | gpu_mem_mean=2.3/47.8GB
timesteps=3852864 | env_steps/sec=274.4 | episodes/sec=4.19 | gpu_util_mean=0% gpu_util_max=1% | gpu_mem_mean=2.3/47.8GB
timesteps=3854304 | env_steps/sec=278.3 | episodes/sec=3.48 | gpu_util_mean=0% gpu_util_max=0% | gpu_mem_mean=2.3/47.8GB
timesteps=3855744 | env_steps/sec=278.0 | episodes/sec=4.83 | gpu_util_mean=0% gpu_util_max=0% | gpu_mem_mean=2.3/47.8GB
timesteps=3857088 | env_steps/sec=263.5 | episodes/sec=4.12 | gpu_util_mean=0% gpu_util_max=1% | gpu_mem_mean=2.3/47.8GB
timesteps=3858432 | env_steps/sec=260.4 | episodes/sec=3.68 | gpu_util_mean=0% gpu_util_max=1% | gpu_mem_mean=2.3/47.8GB
timesteps=3859968 | env_steps/sec=290.5 | episodes/sec=3.03 | gpu_util_mean=0% gpu_util_max=1% | gpu_mem_mean=2.3/47.8GB
timesteps=3861312 | env_steps/sec=263.0 | episodes/sec=4.11 | gpu_util_mean=0% gpu_util_max=1% | gpu_mem_mean=2.3/47.8GB
timesteps=3862752 | env_steps/sec=282.6 | episodes/sec=5.30 | gpu_util_mean=0% gpu_util_max=0% | gpu_mem_mean=2.3/47.8GB
timesteps=3864192 | env_steps/sec=276.2 | episodes/sec=3.26 | gpu_util_mean=0% gpu_util_max=0% | gpu_mem_mean=2.3/47.8GB
timesteps=3865632 | env_steps/sec=281.7 | episodes/sec=4.11 | gpu_util_mean=0% gpu_util_max=0% | gpu_mem_mean=2.3/47.8GB
timesteps=3866976 | env_steps/sec=257.0 | episodes/sec=3.82 | gpu_util_mean=0% gpu_util_max=0% | gpu_mem_mean=2.3/47.8GB
timesteps=3868416 | env_steps/sec=272.0 | episodes/sec=5.67 | gpu_util_mean=0% gpu_util_max=0% | gpu_mem_mean=2.3/47.8GB
timesteps=3869664 | env_steps/sec=246.2 | episodes/sec=2.56 | gpu_util_mean=0% gpu_util_max=0% | gpu_mem_mean=2.3/47.8GB
timesteps=3871104 | env_steps/sec=284.1 | episodes/sec=3.35 | gpu_util_mean=0% gpu_util_max=1% | gpu_mem_mean=2.3/47.8GB
timesteps=3872544 | env_steps/sec=274.4 | episodes/sec=4.00 | gpu_util_mean=17% gpu_util_max=34% | gpu_mem_mean=2.3/47.8GB
timesteps=3874080 | env_steps/sec=301.3 | episodes/sec=4.90 | gpu_util_mean=0% gpu_util_max=0% | gpu_mem_mean=2.3/47.8GB
timesteps=3875520 | env_steps/sec=282.0 | episodes/sec=5.29 | gpu_util_mean=0% gpu_util_max=0% | gpu_mem_mean=2.3/47.8GB
timesteps=3877056 | env_steps/sec=288.5 | episodes/sec=3.19 | gpu_util_mean=0% gpu_util_max=0% | gpu_mem_mean=2.3/47.8GB
timesteps=3878304 | env_steps/sec=245.5 | episodes/sec=3.15 | gpu_util_mean=0% gpu_util_max=0% | gpu_mem_mean=2.3/47.8GB
timesteps=3879744 | env_steps/sec=285.6 | episodes/sec=4.36 | gpu_util_mean=0% gpu_util_max=0% | gpu_mem_mean=2.3/47.8GB
timesteps=3881184 | env_steps/sec=284.1 | episodes/sec=5.13 | gpu_util_mean=0% gpu_util_max=1% | gpu_mem_mean=2.3/47.8GB
timesteps=3882624 | env_steps/sec=274.6 | episodes/sec=4.58 | gpu_util_mean=0% gpu_util_max=0% | gpu_mem_mean=2.3/47.8GB
-------------------------------------------
| gpu/                      |             |
|    gpu_count              | 2           |
|    gpu_mem_total_gb_mean  | 47.8        |
|    gpu_mem_used_gb_mean   | 2.33        |
|    gpu_util_pct_max       | 0           |
|    gpu_util_pct_mean      | 0           |
| profile/                  |             |
|    hard/damage_mean       | 0.238       |
|    hard/ep_len_mean       | 63.3        |
|    hard/ep_rew_mean       | 0.18        |
|    hard/episodes_window   | 200         |
|    hard/p_damage_ge_90    | 0           |
|    hard/p_stars_ge_2      | 0           |
|    hard/score_mean        | 0.243       |
|    hard/stars_mean        | 0.005       |
|    hard/ticks_mean        | 628         |
|    hard/truncated_rate    | 0.025       |
|    medium/damage_mean     | 0.709       |
|    medium/ep_len_mean     | 73.2        |
|    medium/ep_rew_mean     | 2.25        |
|    medium/episodes_window | 200         |
|    medium/p_damage_ge_90  | 0.215       |
|    medium/p_stars_ge_2    | 0.645       |
|    medium/score_mean      | 2.32        |
|    medium/stars_mean      | 1.61        |
|    medium/ticks_mean      | 727         |
|    medium/truncated_rate  | 0.14        |
| rollout/                  |             |
|    ep_len_mean            | 67.4        |
|    ep_rew_mean            | 1.26        |
| throughput/               |             |
|    env_steps_per_sec      | 275         |
|    episodes_per_sec       | 4.58        |
| time/                     |             |
|    fps                    | 274         |
|    iterations             | 79          |
|    time_elapsed           | 14132       |
|    total_timesteps        | 3883008     |
| train/                    |             |
|    approx_kl              | 0.010041679 |
|    clip_fraction          | 0.109       |
|    clip_range             | 0.2         |
|    entropy_loss           | -4.94       |
|    explained_variance     | 0.924       |
|    learning_rate          | 0.0003      |
|    loss                   | -0.0427     |
|    n_updates              | 780         |
|    policy_gradient_loss   | -0.018      |
|    value_loss             | 0.0614      |
-------------------------------------------
timesteps=3883104 | env_steps/sec=55.4 | episodes/sec=0.46 | gpu_util_mean=15% gpu_util_max=29% | gpu_mem_mean=2.3/47.8GB
timesteps=3884448 | env_steps/sec=261.9 | episodes/sec=1.95 | gpu_util_mean=1% gpu_util_max=1% | gpu_mem_mean=2.3/47.8GB
timesteps=3885984 | env_steps/sec=289.0 | episodes/sec=5.46 | gpu_util_mean=0% gpu_util_max=0% | gpu_mem_mean=2.3/47.8GB
timesteps=3887328 | env_steps/sec=264.7 | episodes/sec=4.53 | gpu_util_mean=0% gpu_util_max=1% | gpu_mem_mean=2.3/47.8GB
timesteps=3888768 | env_steps/sec=270.9 | episodes/sec=4.14 | gpu_util_mean=0% gpu_util_max=0% | gpu_mem_mean=2.3/47.8GB
timesteps=3890208 | env_steps/sec=268.5 | episodes/sec=3.36 | gpu_util_mean=0% gpu_util_max=0% | gpu_mem_mean=2.3/47.8GB
timesteps=3891648 | env_steps/sec=269.7 | episodes/sec=3.75 | gpu_util_mean=0% gpu_util_max=0% | gpu_mem_mean=2.3/47.8GB
timesteps=3892992 | env_steps/sec=267.3 | episodes/sec=3.18 | gpu_util_mean=1% gpu_util_max=1% | gpu_mem_mean=2.3/47.8GB
timesteps=3894432 | env_steps/sec=283.6 | episodes/sec=5.12 | gpu_util_mean=0% gpu_util_max=1% | gpu_mem_mean=2.3/47.8GB
timesteps=3895968 | env_steps/sec=289.0 | episodes/sec=4.14 | gpu_util_mean=0% gpu_util_max=1% | gpu_mem_mean=2.3/47.8GB
timesteps=3897312 | env_steps/sec=258.7 | episodes/sec=3.27 | gpu_util_mean=0% gpu_util_max=1% | gpu_mem_mean=2.3/47.8GB
timesteps=3898752 | env_steps/sec=274.3 | episodes/sec=4.38 | gpu_util_mean=0% gpu_util_max=0% | gpu_mem_mean=2.3/47.8GB
timesteps=3900096 | env_steps/sec=268.6 | episodes/sec=3.80 | gpu_util_mean=0% gpu_util_max=0% | gpu_mem_mean=2.3/47.8GB
timesteps=3901440 | env_steps/sec=255.7 | episodes/sec=3.04 | gpu_util_mean=0% gpu_util_max=1% | gpu_mem_mean=2.3/47.8GB
timesteps=3902880 | env_steps/sec=272.0 | episodes/sec=3.97 | gpu_util_mean=0% gpu_util_max=1% | gpu_mem_mean=2.3/47.8GB
timesteps=3904224 | env_steps/sec=261.6 | episodes/sec=4.67 | gpu_util_mean=0% gpu_util_max=0% | gpu_mem_mean=2.3/47.8GB
timesteps=3905568 | env_steps/sec=262.7 | episodes/sec=3.71 | gpu_util_mean=0% gpu_util_max=0% | gpu_mem_mean=2.3/47.8GB
timesteps=3907008 | env_steps/sec=282.0 | episodes/sec=3.72 | gpu_util_mean=0% gpu_util_max=1% | gpu_mem_mean=2.3/47.8GB
timesteps=3908352 | env_steps/sec=257.3 | episodes/sec=2.49 | gpu_util_mean=0% gpu_util_max=0% | gpu_mem_mean=2.3/47.8GB
timesteps=3909888 | env_steps/sec=291.5 | episodes/sec=6.07 | gpu_util_mean=0% gpu_util_max=0% | gpu_mem_mean=2.3/47.8GB
timesteps=3911328 | env_steps/sec=282.6 | episodes/sec=4.32 | gpu_util_mean=0% gpu_util_max=0% | gpu_mem_mean=2.3/47.8GB
timesteps=3912672 | env_steps/sec=268.2 | episodes/sec=3.19 | gpu_util_mean=0% gpu_util_max=0% | gpu_mem_mean=2.3/47.8GB
timesteps=3914112 | env_steps/sec=281.7 | episodes/sec=2.93 | gpu_util_mean=0% gpu_util_max=0% | gpu_mem_mean=2.3/47.8GB
timesteps=3915648 | env_steps/sec=296.5 | episodes/sec=5.40 | gpu_util_mean=0% gpu_util_max=1% | gpu_mem_mean=2.3/47.8GB
timesteps=3917088 | env_steps/sec=286.3 | episodes/sec=3.58 | gpu_util_mean=0% gpu_util_max=1% | gpu_mem_mean=2.3/47.8GB
timesteps=3918528 | env_steps/sec=287.7 | episodes/sec=5.19 | gpu_util_mean=0% gpu_util_max=1% | gpu_mem_mean=2.3/47.8GB
timesteps=3919968 | env_steps/sec=272.5 | episodes/sec=2.46 | gpu_util_mean=0% gpu_util_max=0% | gpu_mem_mean=2.3/47.8GB
timesteps=3921504 | env_steps/sec=289.8 | episodes/sec=5.09 | gpu_util_mean=16% gpu_util_max=32% | gpu_mem_mean=2.3/47.8GB
timesteps=3922944 | env_steps/sec=280.0 | episodes/sec=3.89 | gpu_util_mean=1% gpu_util_max=1% | gpu_mem_mean=2.3/47.8GB
timesteps=3924480 | env_steps/sec=301.2 | episodes/sec=4.51 | gpu_util_mean=0% gpu_util_max=0% | gpu_mem_mean=2.3/47.8GB
timesteps=3925920 | env_steps/sec=280.4 | episodes/sec=3.51 | gpu_util_mean=0% gpu_util_max=0% | gpu_mem_mean=2.3/47.8GB
timesteps=3927360 | env_steps/sec=267.2 | episodes/sec=4.64 | gpu_util_mean=0% gpu_util_max=0% | gpu_mem_mean=2.3/47.8GB
timesteps=3928704 | env_steps/sec=265.6 | episodes/sec=3.95 | gpu_util_mean=0% gpu_util_max=0% | gpu_mem_mean=2.3/47.8GB
timesteps=3930336 | env_steps/sec=311.5 | episodes/sec=3.44 | gpu_util_mean=0% gpu_util_max=0% | gpu_mem_mean=2.3/47.8GB
timesteps=3931776 | env_steps/sec=278.9 | episodes/sec=4.26 | gpu_util_mean=0% gpu_util_max=1% | gpu_mem_mean=2.3/47.8GB
-------------------------------------------
| gpu/                      |             |
|    gpu_count              | 2           |
|    gpu_mem_total_gb_mean  | 47.8        |
|    gpu_mem_used_gb_mean   | 2.33        |
|    gpu_util_pct_max       | 1           |
|    gpu_util_pct_mean      | 0.5         |
| profile/                  |             |
|    hard/damage_mean       | 0.238       |
|    hard/ep_len_mean       | 64.6        |
|    hard/ep_rew_mean       | 0.174       |
|    hard/episodes_window   | 200         |
|    hard/p_damage_ge_90    | 0           |
|    hard/p_stars_ge_2      | 0           |
|    hard/score_mean        | 0.238       |
|    hard/stars_mean        | 0           |
|    hard/ticks_mean        | 641         |
|    hard/truncated_rate    | 0.035       |
|    medium/damage_mean     | 0.733       |
|    medium/ep_len_mean     | 75          |
|    medium/ep_rew_mean     | 2.28        |
|    medium/episodes_window | 200         |
|    medium/p_damage_ge_90  | 0.275       |
|    medium/p_stars_ge_2    | 0.62        |
|    medium/score_mean      | 2.36        |
|    medium/stars_mean      | 1.62        |
|    medium/ticks_mean      | 746         |
|    medium/truncated_rate  | 0.19        |
| rollout/                  |             |
|    ep_len_mean            | 69.1        |
|    ep_rew_mean            | 1.26        |
| throughput/               |             |
|    env_steps_per_sec      | 279         |
|    episodes_per_sec       | 4.26        |
| time/                     |             |
|    fps                    | 274         |
|    iterations             | 80          |
|    time_elapsed           | 14316       |
|    total_timesteps        | 3932160     |
| train/                    |             |
|    approx_kl              | 0.011572483 |
|    clip_fraction          | 0.118       |
|    clip_range             | 0.2         |
|    entropy_loss           | -5          |
|    explained_variance     | 0.926       |
|    learning_rate          | 0.0003      |
|    loss                   | -0.0446     |
|    n_updates              | 790         |
|    policy_gradient_loss   | -0.0178     |
|    value_loss             | 0.0649      |
-------------------------------------------
timesteps=3932256 | env_steps/sec=56.7 | episodes/sec=1.06 | gpu_util_mean=0% gpu_util_max=0% | gpu_mem_mean=2.3/47.8GB
timesteps=3933696 | env_steps/sec=277.3 | episodes/sec=4.43 | gpu_util_mean=1% gpu_util_max=1% | gpu_mem_mean=2.3/47.8GB
timesteps=3935040 | env_steps/sec=261.6 | episodes/sec=2.92 | gpu_util_mean=0% gpu_util_max=0% | gpu_mem_mean=2.3/47.8GB
timesteps=3936384 | env_steps/sec=265.6 | episodes/sec=4.54 | gpu_util_mean=0% gpu_util_max=1% | gpu_mem_mean=2.3/47.8GB
timesteps=3937824 | env_steps/sec=271.0 | episodes/sec=3.58 | gpu_util_mean=0% gpu_util_max=0% | gpu_mem_mean=2.3/47.8GB
timesteps=3939360 | env_steps/sec=288.9 | episodes/sec=4.51 | gpu_util_mean=0% gpu_util_max=0% | gpu_mem_mean=2.3/47.8GB
timesteps=3940704 | env_steps/sec=265.2 | episodes/sec=2.96 | gpu_util_mean=1% gpu_util_max=1% | gpu_mem_mean=2.3/47.8GB
timesteps=3942048 | env_steps/sec=268.5 | episodes/sec=4.19 | gpu_util_mean=1% gpu_util_max=1% | gpu_mem_mean=2.3/47.8GB
timesteps=3943392 | env_steps/sec=263.7 | episodes/sec=4.91 | gpu_util_mean=0% gpu_util_max=0% | gpu_mem_mean=2.3/47.8GB
timesteps=3944832 | env_steps/sec=280.9 | episodes/sec=3.51 | gpu_util_mean=0% gpu_util_max=0% | gpu_mem_mean=2.3/47.8GB
timesteps=3946272 | env_steps/sec=265.5 | episodes/sec=3.69 | gpu_util_mean=0% gpu_util_max=1% | gpu_mem_mean=2.3/47.8GB
timesteps=3947712 | env_steps/sec=286.7 | episodes/sec=2.99 | gpu_util_mean=0% gpu_util_max=1% | gpu_mem_mean=2.3/47.8GB
timesteps=3949056 | env_steps/sec=263.3 | episodes/sec=4.51 | gpu_util_mean=0% gpu_util_max=0% | gpu_mem_mean=2.3/47.8GB
timesteps=3950592 | env_steps/sec=290.3 | episodes/sec=4.35 | gpu_util_mean=0% gpu_util_max=1% | gpu_mem_mean=2.3/47.8GB
timesteps=3952032 | env_steps/sec=277.7 | episodes/sec=4.82 | gpu_util_mean=0% gpu_util_max=1% | gpu_mem_mean=2.3/47.8GB
timesteps=3953472 | env_steps/sec=276.4 | episodes/sec=3.46 | gpu_util_mean=0% gpu_util_max=0% | gpu_mem_mean=2.3/47.8GB
timesteps=3955008 | env_steps/sec=290.8 | episodes/sec=3.79 | gpu_util_mean=0% gpu_util_max=1% | gpu_mem_mean=2.3/47.8GB
timesteps=3956448 | env_steps/sec=276.1 | episodes/sec=3.83 | gpu_util_mean=0% gpu_util_max=0% | gpu_mem_mean=2.3/47.8GB
timesteps=3957888 | env_steps/sec=284.6 | episodes/sec=5.14 | gpu_util_mean=0% gpu_util_max=0% | gpu_mem_mean=2.3/47.8GB
timesteps=3959328 | env_steps/sec=274.0 | episodes/sec=3.81 | gpu_util_mean=0% gpu_util_max=1% | gpu_mem_mean=2.3/47.8GB
timesteps=3960768 | env_steps/sec=270.7 | episodes/sec=3.57 | gpu_util_mean=1% gpu_util_max=1% | gpu_mem_mean=2.3/47.8GB
timesteps=3962112 | env_steps/sec=253.8 | episodes/sec=3.40 | gpu_util_mean=0% gpu_util_max=1% | gpu_mem_mean=2.3/47.8GB
timesteps=3963648 | env_steps/sec=292.9 | episodes/sec=4.39 | gpu_util_mean=0% gpu_util_max=1% | gpu_mem_mean=2.3/47.8GB
timesteps=3964992 | env_steps/sec=253.6 | episodes/sec=4.53 | gpu_util_mean=0% gpu_util_max=1% | gpu_mem_mean=2.3/47.8GB
timesteps=3966432 | env_steps/sec=273.6 | episodes/sec=3.04 | gpu_util_mean=0% gpu_util_max=0% | gpu_mem_mean=2.3/47.8GB
timesteps=3967776 | env_steps/sec=266.1 | episodes/sec=3.96 | gpu_util_mean=0% gpu_util_max=0% | gpu_mem_mean=2.3/47.8GB
timesteps=3969216 | env_steps/sec=269.4 | episodes/sec=3.74 | gpu_util_mean=0% gpu_util_max=0% | gpu_mem_mean=2.3/47.8GB
timesteps=3970752 | env_steps/sec=289.9 | episodes/sec=4.72 | gpu_util_mean=16% gpu_util_max=32% | gpu_mem_mean=2.3/47.8GB
timesteps=3972288 | env_steps/sec=306.4 | episodes/sec=5.19 | gpu_util_mean=18% gpu_util_max=36% | gpu_mem_mean=2.3/47.8GB
timesteps=3973632 | env_steps/sec=261.0 | episodes/sec=3.30 | gpu_util_mean=0% gpu_util_max=1% | gpu_mem_mean=2.3/47.8GB
timesteps=3975072 | env_steps/sec=271.9 | episodes/sec=2.83 | gpu_util_mean=0% gpu_util_max=1% | gpu_mem_mean=2.3/47.8GB
timesteps=3976704 | env_steps/sec=315.7 | episodes/sec=4.64 | gpu_util_mean=0% gpu_util_max=1% | gpu_mem_mean=2.3/47.8GB
timesteps=3978144 | env_steps/sec=283.4 | episodes/sec=5.31 | gpu_util_mean=0% gpu_util_max=1% | gpu_mem_mean=2.3/47.8GB
timesteps=3979584 | env_steps/sec=278.3 | episodes/sec=4.25 | gpu_util_mean=0% gpu_util_max=0% | gpu_mem_mean=2.3/47.8GB
timesteps=3981024 | env_steps/sec=283.0 | episodes/sec=3.54 | gpu_util_mean=0% gpu_util_max=0% | gpu_mem_mean=2.3/47.8GB
-------------------------------------------
| gpu/                      |             |
|    gpu_count              | 2           |
|    gpu_mem_total_gb_mean  | 47.8        |
|    gpu_mem_used_gb_mean   | 2.33        |
|    gpu_util_pct_max       | 0           |
|    gpu_util_pct_mean      | 0           |
| profile/                  |             |
|    hard/damage_mean       | 0.244       |
|    hard/ep_len_mean       | 64.6        |
|    hard/ep_rew_mean       | 0.185       |
|    hard/episodes_window   | 200         |
|    hard/p_damage_ge_90    | 0           |
|    hard/p_stars_ge_2      | 0           |
|    hard/score_mean        | 0.249       |
|    hard/stars_mean        | 0.005       |
|    hard/ticks_mean        | 642         |
|    hard/truncated_rate    | 0.03        |
|    medium/damage_mean     | 0.726       |
|    medium/ep_len_mean     | 73.7        |
|    medium/ep_rew_mean     | 2.25        |
|    medium/episodes_window | 200         |
|    medium/p_damage_ge_90  | 0.26        |
|    medium/p_stars_ge_2    | 0.615       |
|    medium/score_mean      | 2.32        |
|    medium/stars_mean      | 1.59        |
|    medium/ticks_mean      | 734         |
|    medium/truncated_rate  | 0.135       |
| rollout/                  |             |
|    ep_len_mean            | 69.3        |
|    ep_rew_mean            | 1.11        |
| throughput/               |             |
|    env_steps_per_sec      | 283         |
|    episodes_per_sec       | 3.54        |
| time/                     |             |
|    fps                    | 274         |
|    iterations             | 81          |
|    time_elapsed           | 14501       |
|    total_timesteps        | 3981312     |
| train/                    |             |
|    approx_kl              | 0.011570754 |
|    clip_fraction          | 0.135       |
|    clip_range             | 0.2         |
|    entropy_loss           | -4.97       |
|    explained_variance     | 0.908       |
|    learning_rate          | 0.0003      |
|    loss                   | -0.047      |
|    n_updates              | 800         |
|    policy_gradient_loss   | -0.0193     |
|    value_loss             | 0.0606      |
-------------------------------------------
timesteps=3981408 | env_steps/sec=46.3 | episodes/sec=0.60 | gpu_util_mean=18% gpu_util_max=35% | gpu_mem_mean=2.3/47.8GB
timesteps=3982848 | env_steps/sec=271.4 | episodes/sec=5.09 | gpu_util_mean=0% gpu_util_max=0% | gpu_mem_mean=2.3/47.8GB
timesteps=3984288 | env_steps/sec=274.5 | episodes/sec=3.62 | gpu_util_mean=1% gpu_util_max=1% | gpu_mem_mean=2.3/47.8GB
timesteps=3985728 | env_steps/sec=271.7 | episodes/sec=3.77 | gpu_util_mean=0% gpu_util_max=1% | gpu_mem_mean=2.3/47.8GB
timesteps=3987264 | env_steps/sec=295.4 | episodes/sec=4.04 | gpu_util_mean=0% gpu_util_max=0% | gpu_mem_mean=2.3/47.8GB
timesteps=3988608 | env_steps/sec=264.3 | episodes/sec=4.52 | gpu_util_mean=0% gpu_util_max=0% | gpu_mem_mean=2.3/47.8GB
timesteps=3990048 | env_steps/sec=278.5 | episodes/sec=3.87 | gpu_util_mean=0% gpu_util_max=0% | gpu_mem_mean=2.3/47.8GB
timesteps=3991392 | env_steps/sec=255.1 | episodes/sec=3.80 | gpu_util_mean=0% gpu_util_max=0% | gpu_mem_mean=2.3/47.8GB
timesteps=3992736 | env_steps/sec=266.3 | episodes/sec=2.97 | gpu_util_mean=0% gpu_util_max=1% | gpu_mem_mean=2.3/47.8GB
timesteps=3994272 | env_steps/sec=286.4 | episodes/sec=4.10 | gpu_util_mean=0% gpu_util_max=0% | gpu_mem_mean=2.3/47.8GB
timesteps=3995712 | env_steps/sec=279.9 | episodes/sec=4.47 | gpu_util_mean=0% gpu_util_max=1% | gpu_mem_mean=2.3/47.8GB
timesteps=3997152 | env_steps/sec=282.4 | episodes/sec=4.31 | gpu_util_mean=1% gpu_util_max=1% | gpu_mem_mean=2.3/47.8GB
timesteps=3998592 | env_steps/sec=275.3 | episodes/sec=4.59 | gpu_util_mean=0% gpu_util_max=0% | gpu_mem_mean=2.3/47.8GB
timesteps=3999936 | env_steps/sec=257.8 | episodes/sec=2.11 | gpu_util_mean=0% gpu_util_max=0% | gpu_mem_mean=2.3/47.8GB
timesteps=4001376 | env_steps/sec=281.9 | episodes/sec=5.09 | gpu_util_mean=0% gpu_util_max=0% | gpu_mem_mean=2.3/47.8GB
timesteps=4002720 | env_steps/sec=261.0 | episodes/sec=3.69 | gpu_util_mean=0% gpu_util_max=0% | gpu_mem_mean=2.3/47.8GB
timesteps=4004064 | env_steps/sec=266.5 | episodes/sec=4.16 | gpu_util_mean=0% gpu_util_max=0% | gpu_mem_mean=2.3/47.8GB
timesteps=4005312 | env_steps/sec=245.1 | episodes/sec=3.93 | gpu_util_mean=0% gpu_util_max=0% | gpu_mem_mean=2.3/47.8GB
timesteps=4006560 | env_steps/sec=247.8 | episodes/sec=3.18 | gpu_util_mean=0% gpu_util_max=0% | gpu_mem_mean=2.3/47.8GB
timesteps=4008000 | env_steps/sec=276.0 | episodes/sec=4.60 | gpu_util_mean=0% gpu_util_max=1% | gpu_mem_mean=2.3/47.8GB
timesteps=4009440 | env_steps/sec=282.9 | episodes/sec=3.73 | gpu_util_mean=0% gpu_util_max=0% | gpu_mem_mean=2.3/47.8GB
timesteps=4010880 | env_steps/sec=278.2 | episodes/sec=3.09 | gpu_util_mean=0% gpu_util_max=0% | gpu_mem_mean=2.3/47.8GB
timesteps=4012320 | env_steps/sec=270.4 | episodes/sec=4.88 | gpu_util_mean=0% gpu_util_max=0% | gpu_mem_mean=2.3/47.8GB
timesteps=4013664 | env_steps/sec=265.6 | episodes/sec=3.56 | gpu_util_mean=0% gpu_util_max=1% | gpu_mem_mean=2.3/47.8GB
timesteps=4015104 | env_steps/sec=276.6 | episodes/sec=4.42 | gpu_util_mean=0% gpu_util_max=1% | gpu_mem_mean=2.3/47.8GB
timesteps=4016448 | env_steps/sec=267.2 | episodes/sec=3.18 | gpu_util_mean=0% gpu_util_max=1% | gpu_mem_mean=2.3/47.8GB
timesteps=4017888 | env_steps/sec=282.4 | episodes/sec=3.92 | gpu_util_mean=0% gpu_util_max=1% | gpu_mem_mean=2.3/47.8GB
timesteps=4019424 | env_steps/sec=297.6 | episodes/sec=5.62 | gpu_util_mean=0% gpu_util_max=1% | gpu_mem_mean=2.3/47.8GB
timesteps=4020864 | env_steps/sec=280.2 | episodes/sec=4.09 | gpu_util_mean=18% gpu_util_max=37% | gpu_mem_mean=2.3/47.8GB
timesteps=4022400 | env_steps/sec=293.2 | episodes/sec=4.01 | gpu_util_mean=1% gpu_util_max=1% | gpu_mem_mean=2.3/47.8GB
timesteps=4023840 | env_steps/sec=279.8 | episodes/sec=2.91 | gpu_util_mean=0% gpu_util_max=0% | gpu_mem_mean=2.3/47.8GB
timesteps=4025280 | env_steps/sec=279.0 | episodes/sec=4.65 | gpu_util_mean=0% gpu_util_max=0% | gpu_mem_mean=2.3/47.8GB
timesteps=4026720 | env_steps/sec=279.4 | episodes/sec=4.46 | gpu_util_mean=0% gpu_util_max=0% | gpu_mem_mean=2.3/47.8GB
timesteps=4028160 | env_steps/sec=268.3 | episodes/sec=4.47 | gpu_util_mean=0% gpu_util_max=0% | gpu_mem_mean=2.3/47.8GB
timesteps=4029504 | env_steps/sec=250.9 | episodes/sec=2.43 | gpu_util_mean=0% gpu_util_max=0% | gpu_mem_mean=2.3/47.8GB
-------------------------------------------
| gpu/                      |             |
|    gpu_count              | 2           |
|    gpu_mem_total_gb_mean  | 47.8        |
|    gpu_mem_used_gb_mean   | 2.33        |
|    gpu_util_pct_max       | 0           |
|    gpu_util_pct_mean      | 0           |
| profile/                  |             |
|    hard/damage_mean       | 0.245       |
|    hard/ep_len_mean       | 64.6        |
|    hard/ep_rew_mean       | 0.216       |
|    hard/episodes_window   | 200         |
|    hard/p_damage_ge_90    | 0           |
|    hard/p_stars_ge_2      | 0.015       |
|    hard/score_mean        | 0.28        |
|    hard/stars_mean        | 0.035       |
|    hard/ticks_mean        | 642         |
|    hard/truncated_rate    | 0.04        |
|    medium/damage_mean     | 0.706       |
|    medium/ep_len_mean     | 73          |
|    medium/ep_rew_mean     | 2.2         |
|    medium/episodes_window | 200         |
|    medium/p_damage_ge_90  | 0.205       |
|    medium/p_stars_ge_2    | 0.62        |
|    medium/score_mean      | 2.28        |
|    medium/stars_mean      | 1.57        |
|    medium/ticks_mean      | 726         |
|    medium/truncated_rate  | 0.15        |
| rollout/                  |             |
|    ep_len_mean            | 68.7        |
|    ep_rew_mean            | 1.17        |
| throughput/               |             |
|    env_steps_per_sec      | 251         |
|    episodes_per_sec       | 2.43        |
| time/                     |             |
|    fps                    | 274         |
|    iterations             | 82          |
|    time_elapsed           | 14688       |
|    total_timesteps        | 4030464     |
| train/                    |             |
|    approx_kl              | 0.010445769 |
|    clip_fraction          | 0.129       |
|    clip_range             | 0.2         |
|    entropy_loss           | -4.99       |
|    explained_variance     | 0.924       |
|    learning_rate          | 0.0003      |
|    loss                   | -0.0542     |
|    n_updates              | 810         |
|    policy_gradient_loss   | -0.0192     |
|    value_loss             | 0.0556      |
-------------------------------------------
timesteps=4030560 | env_steps/sec=97.0 | episodes/sec=1.19 | gpu_util_mean=2% gpu_util_max=4% | gpu_mem_mean=2.3/47.8GB
timesteps=4032000 | env_steps/sec=284.3 | episodes/sec=4.94 | gpu_util_mean=0% gpu_util_max=0% | gpu_mem_mean=2.3/47.8GB
timesteps=4033440 | env_steps/sec=277.2 | episodes/sec=5.39 | gpu_util_mean=0% gpu_util_max=1% | gpu_mem_mean=2.3/47.8GB
timesteps=4034784 | env_steps/sec=268.4 | episodes/sec=3.39 | gpu_util_mean=1% gpu_util_max=1% | gpu_mem_mean=2.3/47.8GB
timesteps=4036128 | env_steps/sec=264.4 | episodes/sec=2.56 | gpu_util_mean=0% gpu_util_max=0% | gpu_mem_mean=2.3/47.8GB
timesteps=4037568 | env_steps/sec=280.3 | episodes/sec=4.09 | gpu_util_mean=0% gpu_util_max=0% | gpu_mem_mean=2.3/47.8GB
timesteps=4039008 | env_steps/sec=277.6 | episodes/sec=5.21 | gpu_util_mean=0% gpu_util_max=0% | gpu_mem_mean=2.3/47.8GB
timesteps=4040448 | env_steps/sec=268.3 | episodes/sec=4.47 | gpu_util_mean=0% gpu_util_max=0% | gpu_mem_mean=2.3/47.8GB
timesteps=4041792 | env_steps/sec=265.5 | episodes/sec=3.36 | gpu_util_mean=0% gpu_util_max=1% | gpu_mem_mean=2.3/47.8GB
timesteps=4043136 | env_steps/sec=255.9 | episodes/sec=2.28 | gpu_util_mean=0% gpu_util_max=1% | gpu_mem_mean=2.3/47.8GB
timesteps=4044576 | env_steps/sec=279.8 | episodes/sec=4.66 | gpu_util_mean=0% gpu_util_max=0% | gpu_mem_mean=2.3/47.8GB
timesteps=4046016 | env_steps/sec=266.7 | episodes/sec=5.00 | gpu_util_mean=0% gpu_util_max=1% | gpu_mem_mean=2.3/47.8GB
timesteps=4047456 | env_steps/sec=283.4 | episodes/sec=4.72 | gpu_util_mean=0% gpu_util_max=1% | gpu_mem_mean=2.3/47.8GB
timesteps=4048800 | env_steps/sec=267.1 | episodes/sec=2.78 | gpu_util_mean=0% gpu_util_max=1% | gpu_mem_mean=2.3/47.8GB
timesteps=4050240 | env_steps/sec=280.2 | episodes/sec=3.11 | gpu_util_mean=0% gpu_util_max=0% | gpu_mem_mean=2.3/47.8GB
timesteps=4051584 | env_steps/sec=256.6 | episodes/sec=5.16 | gpu_util_mean=0% gpu_util_max=0% | gpu_mem_mean=2.3/47.8GB
timesteps=4053024 | env_steps/sec=284.1 | episodes/sec=3.75 | gpu_util_mean=0% gpu_util_max=0% | gpu_mem_mean=2.3/47.8GB
timesteps=4054464 | env_steps/sec=275.1 | episodes/sec=3.82 | gpu_util_mean=0% gpu_util_max=0% | gpu_mem_mean=2.3/47.8GB
timesteps=4056000 | env_steps/sec=292.1 | episodes/sec=4.56 | gpu_util_mean=1% gpu_util_max=1% | gpu_mem_mean=2.3/47.8GB
timesteps=4057440 | env_steps/sec=276.6 | episodes/sec=3.46 | gpu_util_mean=0% gpu_util_max=1% | gpu_mem_mean=2.3/47.8GB
timesteps=4058976 | env_steps/sec=295.1 | episodes/sec=4.80 | gpu_util_mean=0% gpu_util_max=0% | gpu_mem_mean=2.3/47.8GB
timesteps=4060320 | env_steps/sec=267.2 | episodes/sec=3.98 | gpu_util_mean=0% gpu_util_max=1% | gpu_mem_mean=2.3/47.8GB
timesteps=4061664 | env_steps/sec=263.6 | episodes/sec=3.33 | gpu_util_mean=1% gpu_util_max=1% | gpu_mem_mean=2.3/47.8GB
timesteps=4063104 | env_steps/sec=275.1 | episodes/sec=4.20 | gpu_util_mean=0% gpu_util_max=1% | gpu_mem_mean=2.3/47.8GB
timesteps=4064544 | env_steps/sec=279.8 | episodes/sec=4.66 | gpu_util_mean=0% gpu_util_max=1% | gpu_mem_mean=2.3/47.8GB
timesteps=4065984 | env_steps/sec=274.2 | episodes/sec=3.81 | gpu_util_mean=0% gpu_util_max=0% | gpu_mem_mean=2.3/47.8GB
timesteps=4067520 | env_steps/sec=300.7 | episodes/sec=4.31 | gpu_util_mean=0% gpu_util_max=0% | gpu_mem_mean=2.3/47.8GB
timesteps=4068960 | env_steps/sec=287.7 | episodes/sec=4.00 | gpu_util_mean=0% gpu_util_max=1% | gpu_mem_mean=2.3/47.8GB
timesteps=4070496 | env_steps/sec=296.2 | episodes/sec=4.63 | gpu_util_mean=18% gpu_util_max=37% | gpu_mem_mean=2.3/47.8GB
timesteps=4071840 | env_steps/sec=266.9 | episodes/sec=3.57 | gpu_util_mean=0% gpu_util_max=1% | gpu_mem_mean=2.3/47.8GB
timesteps=4073184 | env_steps/sec=256.7 | episodes/sec=4.58 | gpu_util_mean=0% gpu_util_max=0% | gpu_mem_mean=2.3/47.8GB
timesteps=4074624 | env_steps/sec=271.5 | episodes/sec=2.45 | gpu_util_mean=0% gpu_util_max=0% | gpu_mem_mean=2.3/47.8GB
timesteps=4076064 | env_steps/sec=274.2 | episodes/sec=4.95 | gpu_util_mean=0% gpu_util_max=0% | gpu_mem_mean=2.3/47.8GB
timesteps=4077408 | env_steps/sec=267.1 | episodes/sec=3.38 | gpu_util_mean=0% gpu_util_max=0% | gpu_mem_mean=2.3/47.8GB
timesteps=4078848 | env_steps/sec=287.9 | episodes/sec=5.20 | gpu_util_mean=0% gpu_util_max=1% | gpu_mem_mean=2.3/47.8GB
-------------------------------------------
| gpu/                      |             |
|    gpu_count              | 2           |
|    gpu_mem_total_gb_mean  | 47.8        |
|    gpu_mem_used_gb_mean   | 2.33        |
|    gpu_util_pct_max       | 1           |
|    gpu_util_pct_mean      | 0.5         |
| profile/                  |             |
|    hard/damage_mean       | 0.25        |
|    hard/ep_len_mean       | 64.2        |
|    hard/ep_rew_mean       | 0.216       |
|    hard/episodes_window   | 200         |
|    hard/p_damage_ge_90    | 0           |
|    hard/p_stars_ge_2      | 0.01        |
|    hard/score_mean        | 0.28        |
|    hard/stars_mean        | 0.03        |
|    hard/ticks_mean        | 637         |
|    hard/truncated_rate    | 0.03        |
|    medium/damage_mean     | 0.731       |
|    medium/ep_len_mean     | 73.5        |
|    medium/ep_rew_mean     | 2.3         |
|    medium/episodes_window | 200         |
|    medium/p_damage_ge_90  | 0.255       |
|    medium/p_stars_ge_2    | 0.645       |
|    medium/score_mean      | 2.38        |
|    medium/stars_mean      | 1.65        |
|    medium/ticks_mean      | 731         |
|    medium/truncated_rate  | 0.14        |
| rollout/                  |             |
|    ep_len_mean            | 69          |
|    ep_rew_mean            | 1.22        |
| throughput/               |             |
|    env_steps_per_sec      | 288         |
|    episodes_per_sec       | 5.2         |
| time/                     |             |
|    fps                    | 274         |
|    iterations             | 83          |
|    time_elapsed           | 14874       |
|    total_timesteps        | 4079616     |
| train/                    |             |
|    approx_kl              | 0.013322149 |
|    clip_fraction          | 0.161       |
|    clip_range             | 0.2         |
|    entropy_loss           | -5.02       |
|    explained_variance     | 0.926       |
|    learning_rate          | 0.0003      |
|    loss                   | -0.0408     |
|    n_updates              | 820         |
|    policy_gradient_loss   | -0.0198     |
|    value_loss             | 0.0564      |
-------------------------------------------
timesteps=4079712 | env_steps/sec=84.5 | episodes/sec=0.88 | gpu_util_mean=18% gpu_util_max=37% | gpu_mem_mean=2.3/47.8GB
timesteps=4081152 | env_steps/sec=275.4 | episodes/sec=3.63 | gpu_util_mean=0% gpu_util_max=1% | gpu_mem_mean=2.3/47.8GB
timesteps=4082592 | env_steps/sec=271.6 | episodes/sec=3.58 | gpu_util_mean=0% gpu_util_max=0% | gpu_mem_mean=2.3/47.8GB
timesteps=4084032 | env_steps/sec=283.0 | episodes/sec=4.72 | gpu_util_mean=0% gpu_util_max=0% | gpu_mem_mean=2.3/47.8GB
timesteps=4085472 | env_steps/sec=280.1 | episodes/sec=4.09 | gpu_util_mean=0% gpu_util_max=1% | gpu_mem_mean=2.3/47.8GB
timesteps=4086720 | env_steps/sec=245.7 | episodes/sec=4.53 | gpu_util_mean=0% gpu_util_max=1% | gpu_mem_mean=2.3/47.8GB
timesteps=4088064 | env_steps/sec=252.5 | episodes/sec=2.82 | gpu_util_mean=0% gpu_util_max=0% | gpu_mem_mean=2.3/47.8GB
timesteps=4089600 | env_steps/sec=286.2 | episodes/sec=4.29 | gpu_util_mean=0% gpu_util_max=0% | gpu_mem_mean=2.3/47.8GB
timesteps=4091040 | env_steps/sec=277.8 | episodes/sec=3.67 | gpu_util_mean=0% gpu_util_max=0% | gpu_mem_mean=2.3/47.8GB
timesteps=4092480 | env_steps/sec=285.1 | episodes/sec=4.95 | gpu_util_mean=1% gpu_util_max=1% | gpu_mem_mean=2.3/47.8GB
timesteps=4093824 | env_steps/sec=254.9 | episodes/sec=3.79 | gpu_util_mean=0% gpu_util_max=0% | gpu_mem_mean=2.3/47.8GB
timesteps=4095168 | env_steps/sec=264.9 | episodes/sec=2.56 | gpu_util_mean=0% gpu_util_max=1% | gpu_mem_mean=2.3/47.8GB
timesteps=4096512 | env_steps/sec=267.5 | episodes/sec=3.58 | gpu_util_mean=0% gpu_util_max=0% | gpu_mem_mean=2.3/47.8GB
timesteps=4097952 | env_steps/sec=282.0 | episodes/sec=5.29 | gpu_util_mean=0% gpu_util_max=0% | gpu_mem_mean=2.3/47.8GB
timesteps=4099200 | env_steps/sec=248.0 | episodes/sec=3.58 | gpu_util_mean=0% gpu_util_max=0% | gpu_mem_mean=2.3/47.8GB
timesteps=4100640 | env_steps/sec=287.4 | episodes/sec=3.59 | gpu_util_mean=0% gpu_util_max=1% | gpu_mem_mean=2.3/47.8GB
timesteps=4102080 | env_steps/sec=274.6 | episodes/sec=3.81 | gpu_util_mean=0% gpu_util_max=1% | gpu_mem_mean=2.3/47.8GB
timesteps=4103520 | env_steps/sec=273.8 | episodes/sec=4.75 | gpu_util_mean=1% gpu_util_max=1% | gpu_mem_mean=2.3/47.8GB
timesteps=4104864 | env_steps/sec=253.6 | episodes/sec=4.34 | gpu_util_mean=0% gpu_util_max=1% | gpu_mem_mean=2.3/47.8GB
timesteps=4106208 | env_steps/sec=261.3 | episodes/sec=2.92 | gpu_util_mean=0% gpu_util_max=1% | gpu_mem_mean=2.3/47.8GB
timesteps=4107552 | env_steps/sec=268.5 | episodes/sec=3.20 | gpu_util_mean=0% gpu_util_max=1% | gpu_mem_mean=2.3/47.8GB
timesteps=4108992 | env_steps/sec=277.9 | episodes/sec=5.21 | gpu_util_mean=1% gpu_util_max=1% | gpu_mem_mean=2.3/47.8GB
timesteps=4110336 | env_steps/sec=264.1 | episodes/sec=3.73 | gpu_util_mean=0% gpu_util_max=1% | gpu_mem_mean=2.3/47.8GB
timesteps=4111776 | env_steps/sec=281.2 | episodes/sec=3.51 | gpu_util_mean=0% gpu_util_max=0% | gpu_mem_mean=2.3/47.8GB
timesteps=4113408 | env_steps/sec=306.6 | episodes/sec=4.70 | gpu_util_mean=0% gpu_util_max=1% | gpu_mem_mean=2.3/47.8GB
timesteps=4114848 | env_steps/sec=287.4 | episodes/sec=4.19 | gpu_util_mean=0% gpu_util_max=0% | gpu_mem_mean=2.3/47.8GB
timesteps=4116288 | env_steps/sec=278.7 | episodes/sec=4.26 | gpu_util_mean=0% gpu_util_max=0% | gpu_mem_mean=2.3/47.8GB
timesteps=4117728 | env_steps/sec=269.8 | episodes/sec=3.75 | gpu_util_mean=0% gpu_util_max=0% | gpu_mem_mean=2.3/47.8GB
timesteps=4119168 | env_steps/sec=284.4 | episodes/sec=4.34 | gpu_util_mean=18% gpu_util_max=37% | gpu_mem_mean=2.3/47.8GB
timesteps=4120608 | env_steps/sec=284.3 | episodes/sec=4.74 | gpu_util_mean=0% gpu_util_max=0% | gpu_mem_mean=2.3/47.8GB
timesteps=4121952 | env_steps/sec=268.5 | episodes/sec=4.00 | gpu_util_mean=0% gpu_util_max=0% | gpu_mem_mean=2.3/47.8GB
timesteps=4123296 | env_steps/sec=265.8 | episodes/sec=3.56 | gpu_util_mean=0% gpu_util_max=0% | gpu_mem_mean=2.3/47.8GB
timesteps=4124736 | env_steps/sec=275.8 | episodes/sec=3.64 | gpu_util_mean=0% gpu_util_max=1% | gpu_mem_mean=2.3/47.8GB
timesteps=4126080 | env_steps/sec=262.2 | episodes/sec=3.32 | gpu_util_mean=0% gpu_util_max=1% | gpu_mem_mean=2.3/47.8GB
timesteps=4127520 | env_steps/sec=284.2 | episodes/sec=5.53 | gpu_util_mean=0% gpu_util_max=1% | gpu_mem_mean=2.3/47.8GB
-------------------------------------------
| gpu/                      |             |
|    gpu_count              | 2           |
|    gpu_mem_total_gb_mean  | 47.8        |
|    gpu_mem_used_gb_mean   | 2.33        |
|    gpu_util_pct_max       | 1           |
|    gpu_util_pct_mean      | 0.5         |
| profile/                  |             |
|    hard/damage_mean       | 0.241       |
|    hard/ep_len_mean       | 63.8        |
|    hard/ep_rew_mean       | 0.178       |
|    hard/episodes_window   | 200         |
|    hard/p_damage_ge_90    | 0           |
|    hard/p_stars_ge_2      | 0           |
|    hard/score_mean        | 0.241       |
|    hard/stars_mean        | 0           |
|    hard/ticks_mean        | 634         |
|    hard/truncated_rate    | 0.03        |
|    medium/damage_mean     | 0.716       |
|    medium/ep_len_mean     | 73.2        |
|    medium/ep_rew_mean     | 2.23        |
|    medium/episodes_window | 200         |
|    medium/p_damage_ge_90  | 0.24        |
|    medium/p_stars_ge_2    | 0.615       |
|    medium/score_mean      | 2.31        |
|    medium/stars_mean      | 1.59        |
|    medium/ticks_mean      | 729         |
|    medium/truncated_rate  | 0.17        |
| rollout/                  |             |
|    ep_len_mean            | 68.4        |
|    ep_rew_mean            | 1.16        |
| throughput/               |             |
|    env_steps_per_sec      | 284         |
|    episodes_per_sec       | 5.53        |
| time/                     |             |
|    fps                    | 274         |
|    iterations             | 84          |
|    time_elapsed           | 15061       |
|    total_timesteps        | 4128768     |
| train/                    |             |
|    approx_kl              | 0.010796714 |
|    clip_fraction          | 0.12        |
|    clip_range             | 0.2         |
|    entropy_loss           | -5.03       |
|    explained_variance     | 0.927       |
|    learning_rate          | 0.0003      |
|    loss                   | -0.0452     |
|    n_updates              | 830         |
|    policy_gradient_loss   | -0.0193     |
|    value_loss             | 0.0613      |
-------------------------------------------
timesteps=4128864 | env_steps/sec=113.4 | episodes/sec=1.60 | gpu_util_mean=18% gpu_util_max=37% | gpu_mem_mean=2.3/47.8GB
timesteps=4130304 | env_steps/sec=281.5 | episodes/sec=3.52 | gpu_util_mean=0% gpu_util_max=0% | gpu_mem_mean=2.3/47.8GB
timesteps=4131744 | env_steps/sec=269.6 | episodes/sec=3.93 | gpu_util_mean=0% gpu_util_max=0% | gpu_mem_mean=2.3/47.8GB
timesteps=4133184 | env_steps/sec=271.1 | episodes/sec=3.58 | gpu_util_mean=0% gpu_util_max=1% | gpu_mem_mean=2.3/47.8GB
timesteps=4134624 | env_steps/sec=285.0 | episodes/sec=5.74 | gpu_util_mean=1% gpu_util_max=1% | gpu_mem_mean=2.3/47.8GB
timesteps=4136064 | env_steps/sec=268.4 | episodes/sec=3.91 | gpu_util_mean=0% gpu_util_max=0% | gpu_mem_mean=2.3/47.8GB
timesteps=4137600 | env_steps/sec=293.2 | episodes/sec=3.63 | gpu_util_mean=0% gpu_util_max=0% | gpu_mem_mean=2.3/47.8GB
timesteps=4139040 | env_steps/sec=268.0 | episodes/sec=2.61 | gpu_util_mean=0% gpu_util_max=0% | gpu_mem_mean=2.3/47.8GB
timesteps=4140480 | env_steps/sec=286.6 | episodes/sec=5.17 | gpu_util_mean=0% gpu_util_max=1% | gpu_mem_mean=2.3/47.8GB
timesteps=4141920 | env_steps/sec=274.0 | episodes/sec=4.00 | gpu_util_mean=0% gpu_util_max=0% | gpu_mem_mean=2.3/47.8GB
timesteps=4143360 | env_steps/sec=282.5 | episodes/sec=4.12 | gpu_util_mean=0% gpu_util_max=1% | gpu_mem_mean=2.3/47.8GB
timesteps=4144704 | env_steps/sec=266.4 | episodes/sec=3.57 | gpu_util_mean=0% gpu_util_max=1% | gpu_mem_mean=2.3/47.8GB
timesteps=4146240 | env_steps/sec=292.4 | episodes/sec=5.14 | gpu_util_mean=0% gpu_util_max=1% | gpu_mem_mean=2.3/47.8GB
timesteps=4147680 | env_steps/sec=268.6 | episodes/sec=3.17 | gpu_util_mean=0% gpu_util_max=0% | gpu_mem_mean=2.3/47.8GB
timesteps=4149216 | env_steps/sec=291.1 | episodes/sec=4.36 | gpu_util_mean=0% gpu_util_max=1% | gpu_mem_mean=2.3/47.8GB
timesteps=4150656 | env_steps/sec=278.3 | episodes/sec=4.06 | gpu_util_mean=0% gpu_util_max=0% | gpu_mem_mean=2.3/47.8GB
timesteps=4152096 | env_steps/sec=271.1 | episodes/sec=5.08 | gpu_util_mean=0% gpu_util_max=0% | gpu_mem_mean=2.3/47.8GB
timesteps=4153536 | env_steps/sec=269.6 | episodes/sec=2.62 | gpu_util_mean=0% gpu_util_max=0% | gpu_mem_mean=2.3/47.8GB
timesteps=4154976 | env_steps/sec=273.1 | episodes/sec=4.55 | gpu_util_mean=0% gpu_util_max=1% | gpu_mem_mean=2.3/47.8GB
timesteps=4156320 | env_steps/sec=264.9 | episodes/sec=3.55 | gpu_util_mean=0% gpu_util_max=0% | gpu_mem_mean=2.3/47.8GB
timesteps=4157760 | env_steps/sec=269.6 | episodes/sec=5.06 | gpu_util_mean=1% gpu_util_max=1% | gpu_mem_mean=2.3/47.8GB
timesteps=4159200 | env_steps/sec=284.7 | episodes/sec=3.95 | gpu_util_mean=0% gpu_util_max=0% | gpu_mem_mean=2.3/47.8GB
timesteps=4160640 | env_steps/sec=272.1 | episodes/sec=3.40 | gpu_util_mean=0% gpu_util_max=1% | gpu_mem_mean=2.3/47.8GB
timesteps=4162080 | env_steps/sec=280.2 | episodes/sec=3.70 | gpu_util_mean=0% gpu_util_max=1% | gpu_mem_mean=2.3/47.8GB
timesteps=4163424 | env_steps/sec=266.0 | episodes/sec=5.15 | gpu_util_mean=0% gpu_util_max=1% | gpu_mem_mean=2.3/47.8GB
timesteps=4164864 | env_steps/sec=283.0 | episodes/sec=4.13 | gpu_util_mean=0% gpu_util_max=1% | gpu_mem_mean=2.3/47.8GB
timesteps=4166208 | env_steps/sec=263.5 | episodes/sec=2.74 | gpu_util_mean=0% gpu_util_max=0% | gpu_mem_mean=2.3/47.8GB
timesteps=4167648 | env_steps/sec=281.0 | episodes/sec=3.90 | gpu_util_mean=18% gpu_util_max=36% | gpu_mem_mean=2.3/47.8GB
timesteps=4169184 | env_steps/sec=277.2 | episodes/sec=5.05 | gpu_util_mean=0% gpu_util_max=1% | gpu_mem_mean=2.3/47.8GB
timesteps=4170528 | env_steps/sec=264.3 | episodes/sec=4.13 | gpu_util_mean=0% gpu_util_max=1% | gpu_mem_mean=2.3/47.8GB
timesteps=4171968 | env_steps/sec=279.4 | episodes/sec=2.91 | gpu_util_mean=0% gpu_util_max=0% | gpu_mem_mean=2.3/47.8GB
timesteps=4173312 | env_steps/sec=262.2 | episodes/sec=5.07 | gpu_util_mean=0% gpu_util_max=1% | gpu_mem_mean=2.3/47.8GB
timesteps=4174656 | env_steps/sec=265.0 | episodes/sec=1.77 | gpu_util_mean=0% gpu_util_max=1% | gpu_mem_mean=2.3/47.8GB
timesteps=4176096 | env_steps/sec=270.8 | episodes/sec=4.89 | gpu_util_mean=0% gpu_util_max=0% | gpu_mem_mean=2.3/47.8GB
timesteps=4177440 | env_steps/sec=264.7 | episodes/sec=4.33 | gpu_util_mean=0% gpu_util_max=0% | gpu_mem_mean=2.3/47.8GB
-------------------------------------------
| gpu/                      |             |
|    gpu_count              | 2           |
|    gpu_mem_total_gb_mean  | 47.8        |
|    gpu_mem_used_gb_mean   | 2.33        |
|    gpu_util_pct_max       | 0           |
|    gpu_util_pct_mean      | 0           |
| profile/                  |             |
|    hard/damage_mean       | 0.255       |
|    hard/ep_len_mean       | 63.2        |
|    hard/ep_rew_mean       | 0.212       |
|    hard/episodes_window   | 200         |
|    hard/p_damage_ge_90    | 0           |
|    hard/p_stars_ge_2      | 0.01        |
|    hard/score_mean        | 0.275       |
|    hard/stars_mean        | 0.02        |
|    hard/ticks_mean        | 628         |
|    hard/truncated_rate    | 0.025       |
|    medium/damage_mean     | 0.725       |
|    medium/ep_len_mean     | 74.2        |
|    medium/ep_rew_mean     | 2.24        |
|    medium/episodes_window | 200         |
|    medium/p_damage_ge_90  | 0.2         |
|    medium/p_stars_ge_2    | 0.645       |
|    medium/score_mean      | 2.32        |
|    medium/stars_mean      | 1.59        |
|    medium/ticks_mean      | 738         |
|    medium/truncated_rate  | 0.17        |
| rollout/                  |             |
|    ep_len_mean            | 70.2        |
|    ep_rew_mean            | 1.21        |
| throughput/               |             |
|    env_steps_per_sec      | 265         |
|    episodes_per_sec       | 4.33        |
| time/                     |             |
|    fps                    | 274         |
|    iterations             | 85          |
|    time_elapsed           | 15246       |
|    total_timesteps        | 4177920     |
| train/                    |             |
|    approx_kl              | 0.010903048 |
|    clip_fraction          | 0.128       |
|    clip_range             | 0.2         |
|    entropy_loss           | -5.04       |
|    explained_variance     | 0.916       |
|    learning_rate          | 0.0003      |
|    loss                   | -0.0422     |
|    n_updates              | 840         |
|    policy_gradient_loss   | -0.0198     |
|    value_loss             | 0.0663      |
-------------------------------------------
timesteps=4178016 | env_steps/sec=65.6 | episodes/sec=0.68 | gpu_util_mean=18% gpu_util_max=36% | gpu_mem_mean=2.3/47.8GB
timesteps=4179456 | env_steps/sec=275.7 | episodes/sec=4.02 | gpu_util_mean=0% gpu_util_max=1% | gpu_mem_mean=2.3/47.8GB
timesteps=4180896 | env_steps/sec=275.7 | episodes/sec=2.87 | gpu_util_mean=0% gpu_util_max=0% | gpu_mem_mean=2.3/47.8GB
timesteps=4182336 | env_steps/sec=268.6 | episodes/sec=5.04 | gpu_util_mean=0% gpu_util_max=0% | gpu_mem_mean=2.3/47.8GB
timesteps=4183776 | env_steps/sec=285.6 | episodes/sec=2.98 | gpu_util_mean=0% gpu_util_max=1% | gpu_mem_mean=2.3/47.8GB
timesteps=4185312 | env_steps/sec=290.1 | episodes/sec=4.53 | gpu_util_mean=1% gpu_util_max=1% | gpu_mem_mean=2.3/47.8GB
timesteps=4186848 | env_steps/sec=307.2 | episodes/sec=4.40 | gpu_util_mean=1% gpu_util_max=1% | gpu_mem_mean=2.3/47.8GB
timesteps=4188480 | env_steps/sec=312.9 | episodes/sec=5.56 | gpu_util_mean=0% gpu_util_max=0% | gpu_mem_mean=2.3/47.8GB
timesteps=4190016 | env_steps/sec=295.9 | episodes/sec=3.08 | gpu_util_mean=0% gpu_util_max=1% | gpu_mem_mean=2.3/47.8GB
timesteps=4191552 | env_steps/sec=289.4 | episodes/sec=4.71 | gpu_util_mean=1% gpu_util_max=1% | gpu_mem_mean=2.3/47.8GB
timesteps=4192992 | env_steps/sec=275.1 | episodes/sec=3.25 | gpu_util_mean=0% gpu_util_max=0% | gpu_mem_mean=2.3/47.8GB
timesteps=4194432 | env_steps/sec=271.1 | episodes/sec=5.27 | gpu_util_mean=1% gpu_util_max=1% | gpu_mem_mean=2.3/47.8GB
timesteps=4195872 | env_steps/sec=273.0 | episodes/sec=2.65 | gpu_util_mean=0% gpu_util_max=0% | gpu_mem_mean=2.3/47.8GB
timesteps=4197312 | env_steps/sec=275.9 | episodes/sec=4.02 | gpu_util_mean=1% gpu_util_max=1% | gpu_mem_mean=2.3/47.8GB
timesteps=4198752 | env_steps/sec=285.1 | episodes/sec=4.16 | gpu_util_mean=0% gpu_util_max=1% | gpu_mem_mean=2.3/47.8GB
timesteps=4200096 | env_steps/sec=263.3 | episodes/sec=4.51 | gpu_util_mean=0% gpu_util_max=0% | gpu_mem_mean=2.3/47.8GB
timesteps=4201632 | env_steps/sec=290.5 | episodes/sec=3.22 | gpu_util_mean=0% gpu_util_max=1% | gpu_mem_mean=2.3/47.8GB
timesteps=4203072 | env_steps/sec=278.6 | episodes/sec=4.84 | gpu_util_mean=0% gpu_util_max=0% | gpu_mem_mean=2.3/47.8GB
timesteps=4204416 | env_steps/sec=259.2 | episodes/sec=3.66 | gpu_util_mean=0% gpu_util_max=0% | gpu_mem_mean=2.3/47.8GB
timesteps=4205952 | env_steps/sec=300.8 | episodes/sec=5.29 | gpu_util_mean=0% gpu_util_max=1% | gpu_mem_mean=2.3/47.8GB
timesteps=4207392 | env_steps/sec=270.0 | episodes/sec=2.44 | gpu_util_mean=0% gpu_util_max=0% | gpu_mem_mean=2.3/47.8GB
timesteps=4208736 | env_steps/sec=262.1 | episodes/sec=4.87 | gpu_util_mean=0% gpu_util_max=1% | gpu_mem_mean=2.3/47.8GB
timesteps=4210080 | env_steps/sec=260.5 | episodes/sec=3.10 | gpu_util_mean=0% gpu_util_max=0% | gpu_mem_mean=2.3/47.8GB
timesteps=4211424 | env_steps/sec=264.6 | episodes/sec=3.74 | gpu_util_mean=1% gpu_util_max=1% | gpu_mem_mean=2.3/47.8GB
timesteps=4212864 | env_steps/sec=275.0 | episodes/sec=4.97 | gpu_util_mean=0% gpu_util_max=0% | gpu_mem_mean=2.3/47.8GB
timesteps=4214208 | env_steps/sec=263.7 | episodes/sec=4.32 | gpu_util_mean=1% gpu_util_max=1% | gpu_mem_mean=2.3/47.8GB
timesteps=4215744 | env_steps/sec=290.7 | episodes/sec=4.35 | gpu_util_mean=0% gpu_util_max=1% | gpu_mem_mean=2.3/47.8GB
timesteps=4217184 | env_steps/sec=273.4 | episodes/sec=2.28 | gpu_util_mean=18% gpu_util_max=37% | gpu_mem_mean=2.3/47.8GB
timesteps=4218720 | env_steps/sec=302.4 | episodes/sec=4.53 | gpu_util_mean=0% gpu_util_max=0% | gpu_mem_mean=2.3/47.8GB
timesteps=4220064 | env_steps/sec=256.2 | episodes/sec=4.77 | gpu_util_mean=0% gpu_util_max=0% | gpu_mem_mean=2.3/47.8GB
timesteps=4221504 | env_steps/sec=279.4 | episodes/sec=4.27 | gpu_util_mean=1% gpu_util_max=1% | gpu_mem_mean=2.3/47.8GB
timesteps=4222848 | env_steps/sec=264.2 | episodes/sec=4.13 | gpu_util_mean=0% gpu_util_max=1% | gpu_mem_mean=2.3/47.8GB
timesteps=4224288 | env_steps/sec=268.7 | episodes/sec=3.17 | gpu_util_mean=0% gpu_util_max=0% | gpu_mem_mean=2.3/47.8GB
timesteps=4225632 | env_steps/sec=264.6 | episodes/sec=3.35 | gpu_util_mean=0% gpu_util_max=1% | gpu_mem_mean=2.3/47.8GB
timesteps=4227072 | env_steps/sec=277.7 | episodes/sec=4.82 | gpu_util_mean=0% gpu_util_max=0% | gpu_mem_mean=2.3/47.8GB
--------------------------------------------
| gpu/                      |              |
|    gpu_count              | 2            |
|    gpu_mem_total_gb_mean  | 47.8         |
|    gpu_mem_used_gb_mean   | 2.33         |
|    gpu_util_pct_max       | 0            |
|    gpu_util_pct_mean      | 0            |
| profile/                  |              |
|    hard/damage_mean       | 0.243        |
|    hard/ep_len_mean       | 63.6         |
|    hard/ep_rew_mean       | 0.21         |
|    hard/episodes_window   | 200          |
|    hard/p_damage_ge_90    | 0            |
|    hard/p_stars_ge_2      | 0.01         |
|    hard/score_mean        | 0.273        |
|    hard/stars_mean        | 0.03         |
|    hard/ticks_mean        | 631          |
|    hard/truncated_rate    | 0.03         |
|    medium/damage_mean     | 0.733        |
|    medium/ep_len_mean     | 73.1         |
|    medium/ep_rew_mean     | 2.33         |
|    medium/episodes_window | 200          |
|    medium/p_damage_ge_90  | 0.23         |
|    medium/p_stars_ge_2    | 0.68         |
|    medium/score_mean      | 2.41         |
|    medium/stars_mean      | 1.68         |
|    medium/ticks_mean      | 727          |
|    medium/truncated_rate  | 0.14         |
| rollout/                  |              |
|    ep_len_mean            | 67.2         |
|    ep_rew_mean            | 1.24         |
| throughput/               |              |
|    env_steps_per_sec      | 278          |
|    episodes_per_sec       | 4.82         |
| time/                     |              |
|    fps                    | 273          |
|    iterations             | 86           |
|    time_elapsed           | 15430        |
|    total_timesteps        | 4227072      |
| train/                    |              |
|    approx_kl              | 0.0106360465 |
|    clip_fraction          | 0.125        |
|    clip_range             | 0.2          |
|    entropy_loss           | -5.06        |
|    explained_variance     | 0.922        |
|    learning_rate          | 0.0003       |
|    loss                   | -0.0443      |
|    n_updates              | 850          |
|    policy_gradient_loss   | -0.0194      |
|    value_loss             | 0.0596       |
--------------------------------------------
timesteps=4227168 | env_steps/sec=13.2 | episodes/sec=0.27 | gpu_util_mean=0% gpu_util_max=1% | gpu_mem_mean=2.3/47.8GB
timesteps=4228512 | env_steps/sec=261.7 | episodes/sec=4.09 | gpu_util_mean=0% gpu_util_max=0% | gpu_mem_mean=2.3/47.8GB
timesteps=4230048 | env_steps/sec=293.3 | episodes/sec=4.39 | gpu_util_mean=0% gpu_util_max=0% | gpu_mem_mean=2.3/47.8GB
timesteps=4231392 | env_steps/sec=262.1 | episodes/sec=3.90 | gpu_util_mean=0% gpu_util_max=1% | gpu_mem_mean=2.3/47.8GB
timesteps=4232832 | env_steps/sec=281.3 | episodes/sec=2.54 | gpu_util_mean=0% gpu_util_max=1% | gpu_mem_mean=2.3/47.8GB
timesteps=4234272 | env_steps/sec=275.0 | episodes/sec=4.58 | gpu_util_mean=0% gpu_util_max=0% | gpu_mem_mean=2.3/47.8GB
timesteps=4235712 | env_steps/sec=271.0 | episodes/sec=5.65 | gpu_util_mean=0% gpu_util_max=0% | gpu_mem_mean=2.3/47.8GB
timesteps=4237152 | env_steps/sec=272.7 | episodes/sec=3.60 | gpu_util_mean=0% gpu_util_max=0% | gpu_mem_mean=2.3/47.8GB
timesteps=4238592 | env_steps/sec=273.1 | episodes/sec=2.85 | gpu_util_mean=0% gpu_util_max=1% | gpu_mem_mean=2.3/47.8GB
timesteps=4239936 | env_steps/sec=268.7 | episodes/sec=4.40 | gpu_util_mean=0% gpu_util_max=1% | gpu_mem_mean=2.3/47.8GB
timesteps=4241472 | env_steps/sec=291.0 | episodes/sec=5.49 | gpu_util_mean=1% gpu_util_max=1% | gpu_mem_mean=2.3/47.8GB
timesteps=4242912 | env_steps/sec=283.8 | episodes/sec=2.76 | gpu_util_mean=0% gpu_util_max=0% | gpu_mem_mean=2.3/47.8GB
timesteps=4244352 | env_steps/sec=286.0 | episodes/sec=3.38 | gpu_util_mean=0% gpu_util_max=0% | gpu_mem_mean=2.3/47.8GB
timesteps=4245696 | env_steps/sec=266.4 | episodes/sec=4.16 | gpu_util_mean=0% gpu_util_max=0% | gpu_mem_mean=2.3/47.8GB
timesteps=4247136 | env_steps/sec=280.4 | episodes/sec=5.26 | gpu_util_mean=0% gpu_util_max=1% | gpu_mem_mean=2.3/47.8GB
timesteps=4248576 | env_steps/sec=285.7 | episodes/sec=2.98 | gpu_util_mean=0% gpu_util_max=0% | gpu_mem_mean=2.3/47.8GB
timesteps=4250016 | env_steps/sec=287.7 | episodes/sec=3.80 | gpu_util_mean=0% gpu_util_max=1% | gpu_mem_mean=2.3/47.8GB
timesteps=4251456 | env_steps/sec=285.2 | episodes/sec=4.75 | gpu_util_mean=0% gpu_util_max=0% | gpu_mem_mean=2.3/47.8GB
timesteps=4252992 | env_steps/sec=289.7 | episodes/sec=4.90 | gpu_util_mean=0% gpu_util_max=1% | gpu_mem_mean=2.3/47.8GB
timesteps=4254432 | env_steps/sec=273.9 | episodes/sec=3.23 | gpu_util_mean=0% gpu_util_max=1% | gpu_mem_mean=2.3/47.8GB
timesteps=4255872 | env_steps/sec=276.1 | episodes/sec=3.64 | gpu_util_mean=0% gpu_util_max=0% | gpu_mem_mean=2.3/47.8GB
timesteps=4257312 | env_steps/sec=274.8 | episodes/sec=4.20 | gpu_util_mean=0% gpu_util_max=0% | gpu_mem_mean=2.3/47.8GB
timesteps=4258848 | env_steps/sec=286.6 | episodes/sec=5.41 | gpu_util_mean=0% gpu_util_max=0% | gpu_mem_mean=2.3/47.8GB
timesteps=4260288 | env_steps/sec=283.2 | episodes/sec=3.34 | gpu_util_mean=0% gpu_util_max=0% | gpu_mem_mean=2.3/47.8GB
timesteps=4261728 | env_steps/sec=275.0 | episodes/sec=2.48 | gpu_util_mean=0% gpu_util_max=1% | gpu_mem_mean=2.3/47.8GB
timesteps=4263264 | env_steps/sec=290.6 | episodes/sec=4.73 | gpu_util_mean=0% gpu_util_max=0% | gpu_mem_mean=2.3/47.8GB
timesteps=4264800 | env_steps/sec=304.1 | episodes/sec=5.54 | gpu_util_mean=0% gpu_util_max=1% | gpu_mem_mean=2.3/47.8GB
timesteps=4266336 | env_steps/sec=304.0 | episodes/sec=4.35 | gpu_util_mean=18% gpu_util_max=35% | gpu_mem_mean=2.3/47.8GB
timesteps=4267968 | env_steps/sec=303.8 | episodes/sec=3.72 | gpu_util_mean=0% gpu_util_max=0% | gpu_mem_mean=2.3/47.8GB
timesteps=4269600 | env_steps/sec=317.0 | episodes/sec=5.24 | gpu_util_mean=0% gpu_util_max=1% | gpu_mem_mean=2.3/47.8GB
timesteps=4271136 | env_steps/sec=299.1 | episodes/sec=5.06 | gpu_util_mean=0% gpu_util_max=0% | gpu_mem_mean=2.3/47.8GB
timesteps=4272672 | env_steps/sec=297.3 | episodes/sec=3.68 | gpu_util_mean=0% gpu_util_max=1% | gpu_mem_mean=2.3/47.8GB
timesteps=4274112 | env_steps/sec=280.5 | episodes/sec=3.31 | gpu_util_mean=0% gpu_util_max=0% | gpu_mem_mean=2.3/47.8GB
timesteps=4275552 | env_steps/sec=286.9 | episodes/sec=4.98 | gpu_util_mean=0% gpu_util_max=0% | gpu_mem_mean=2.3/47.8GB
-------------------------------------------
| gpu/                      |             |
|    gpu_count              | 2           |
|    gpu_mem_total_gb_mean  | 47.8        |
|    gpu_mem_used_gb_mean   | 2.33        |
|    gpu_util_pct_max       | 0           |
|    gpu_util_pct_mean      | 0           |
| profile/                  |             |
|    hard/damage_mean       | 0.241       |
|    hard/ep_len_mean       | 63.6        |
|    hard/ep_rew_mean       | 0.203       |
|    hard/episodes_window   | 200         |
|    hard/p_damage_ge_90    | 0           |
|    hard/p_stars_ge_2      | 0.01        |
|    hard/score_mean        | 0.266       |
|    hard/stars_mean        | 0.025       |
|    hard/ticks_mean        | 631         |
|    hard/truncated_rate    | 0.01        |
|    medium/damage_mean     | 0.724       |
|    medium/ep_len_mean     | 74.3        |
|    medium/ep_rew_mean     | 2.23        |
|    medium/episodes_window | 200         |
|    medium/p_damage_ge_90  | 0.245       |
|    medium/p_stars_ge_2    | 0.62        |
|    medium/score_mean      | 2.3         |
|    medium/stars_mean      | 1.57        |
|    medium/ticks_mean      | 740         |
|    medium/truncated_rate  | 0.17        |
| rollout/                  |             |
|    ep_len_mean            | 68.1        |
|    ep_rew_mean            | 1.16        |
| throughput/               |             |
|    env_steps_per_sec      | 287         |
|    episodes_per_sec       | 4.98        |
| time/                     |             |
|    fps                    | 273         |
|    iterations             | 87          |
|    time_elapsed           | 15610       |
|    total_timesteps        | 4276224     |
| train/                    |             |
|    approx_kl              | 0.011934318 |
|    clip_fraction          | 0.129       |
|    clip_range             | 0.2         |
|    entropy_loss           | -5.01       |
|    explained_variance     | 0.925       |
|    learning_rate          | 0.0003      |
|    loss                   | -0.0508     |
|    n_updates              | 860         |
|    policy_gradient_loss   | -0.0184     |
|    value_loss             | 0.0579      |
-------------------------------------------
timesteps=4276320 | env_steps/sec=80.3 | episodes/sec=1.15 | gpu_util_mean=2% gpu_util_max=4% | gpu_mem_mean=2.3/47.8GB
timesteps=4277856 | env_steps/sec=289.6 | episodes/sec=4.52 | gpu_util_mean=0% gpu_util_max=1% | gpu_mem_mean=2.3/47.8GB
timesteps=4279392 | env_steps/sec=293.1 | episodes/sec=3.44 | gpu_util_mean=0% gpu_util_max=0% | gpu_mem_mean=2.3/47.8GB
timesteps=4280832 | env_steps/sec=287.3 | episodes/sec=5.19 | gpu_util_mean=0% gpu_util_max=0% | gpu_mem_mean=2.3/47.8GB
timesteps=4282368 | env_steps/sec=302.5 | episodes/sec=4.14 | gpu_util_mean=0% gpu_util_max=0% | gpu_mem_mean=2.3/47.8GB
timesteps=4283808 | env_steps/sec=277.0 | episodes/sec=3.85 | gpu_util_mean=0% gpu_util_max=0% | gpu_mem_mean=2.3/47.8GB
timesteps=4285344 | env_steps/sec=291.6 | episodes/sec=3.61 | gpu_util_mean=0% gpu_util_max=0% | gpu_mem_mean=2.3/47.8GB
timesteps=4286880 | env_steps/sec=291.0 | episodes/sec=3.98 | gpu_util_mean=0% gpu_util_max=1% | gpu_mem_mean=2.3/47.8GB
timesteps=4288416 | env_steps/sec=291.9 | episodes/sec=5.89 | gpu_util_mean=0% gpu_util_max=1% | gpu_mem_mean=2.3/47.8GB
timesteps=4289760 | env_steps/sec=266.2 | episodes/sec=4.16 | gpu_util_mean=0% gpu_util_max=0% | gpu_mem_mean=2.3/47.8GB
timesteps=4291200 | env_steps/sec=284.2 | episodes/sec=2.76 | gpu_util_mean=0% gpu_util_max=0% | gpu_mem_mean=2.3/47.8GB
timesteps=4292640 | env_steps/sec=277.3 | episodes/sec=3.47 | gpu_util_mean=0% gpu_util_max=1% | gpu_mem_mean=2.3/47.8GB
timesteps=4294176 | env_steps/sec=296.7 | episodes/sec=5.02 | gpu_util_mean=0% gpu_util_max=0% | gpu_mem_mean=2.3/47.8GB
timesteps=4295616 | env_steps/sec=287.0 | episodes/sec=5.58 | gpu_util_mean=0% gpu_util_max=0% | gpu_mem_mean=2.3/47.8GB
timesteps=4297056 | env_steps/sec=285.0 | episodes/sec=2.77 | gpu_util_mean=0% gpu_util_max=0% | gpu_mem_mean=2.3/47.8GB
timesteps=4298592 | env_steps/sec=292.5 | episodes/sec=4.19 | gpu_util_mean=0% gpu_util_max=1% | gpu_mem_mean=2.3/47.8GB
timesteps=4300128 | env_steps/sec=294.2 | episodes/sec=5.36 | gpu_util_mean=1% gpu_util_max=1% | gpu_mem_mean=2.3/47.8GB
timesteps=4301568 | env_steps/sec=279.3 | episodes/sec=3.69 | gpu_util_mean=0% gpu_util_max=0% | gpu_mem_mean=2.3/47.8GB
timesteps=4303104 | env_steps/sec=290.8 | episodes/sec=4.35 | gpu_util_mean=0% gpu_util_max=0% | gpu_mem_mean=2.3/47.8GB
timesteps=4304544 | env_steps/sec=285.5 | episodes/sec=3.17 | gpu_util_mean=0% gpu_util_max=0% | gpu_mem_mean=2.3/47.8GB
timesteps=4305984 | env_steps/sec=275.4 | episodes/sec=5.16 | gpu_util_mean=0% gpu_util_max=1% | gpu_mem_mean=2.3/47.8GB
timesteps=4307328 | env_steps/sec=263.4 | episodes/sec=3.92 | gpu_util_mean=0% gpu_util_max=0% | gpu_mem_mean=2.3/47.8GB
timesteps=4308864 | env_steps/sec=289.2 | episodes/sec=3.20 | gpu_util_mean=0% gpu_util_max=0% | gpu_mem_mean=2.3/47.8GB
timesteps=4310304 | env_steps/sec=281.7 | episodes/sec=3.52 | gpu_util_mean=0% gpu_util_max=1% | gpu_mem_mean=2.3/47.8GB
timesteps=4311840 | env_steps/sec=290.2 | episodes/sec=5.10 | gpu_util_mean=0% gpu_util_max=0% | gpu_mem_mean=2.3/47.8GB
timesteps=4313280 | env_steps/sec=279.7 | episodes/sec=5.05 | gpu_util_mean=0% gpu_util_max=0% | gpu_mem_mean=2.3/47.8GB
timesteps=4314816 | env_steps/sec=293.3 | episodes/sec=2.86 | gpu_util_mean=0% gpu_util_max=1% | gpu_mem_mean=2.3/47.8GB
timesteps=4316352 | env_steps/sec=303.0 | episodes/sec=4.93 | gpu_util_mean=0% gpu_util_max=1% | gpu_mem_mean=2.3/47.8GB
timesteps=4317888 | env_steps/sec=305.5 | episodes/sec=5.57 | gpu_util_mean=14% gpu_util_max=29% | gpu_mem_mean=2.3/47.8GB
timesteps=4319328 | env_steps/sec=274.4 | episodes/sec=4.19 | gpu_util_mean=0% gpu_util_max=1% | gpu_mem_mean=2.3/47.8GB
timesteps=4320672 | env_steps/sec=268.2 | episodes/sec=2.00 | gpu_util_mean=0% gpu_util_max=0% | gpu_mem_mean=2.3/47.8GB
timesteps=4322208 | env_steps/sec=291.7 | episodes/sec=4.75 | gpu_util_mean=0% gpu_util_max=0% | gpu_mem_mean=2.3/47.8GB
timesteps=4323648 | env_steps/sec=280.6 | episodes/sec=5.07 | gpu_util_mean=0% gpu_util_max=1% | gpu_mem_mean=2.3/47.8GB
timesteps=4325088 | env_steps/sec=272.0 | episodes/sec=4.72 | gpu_util_mean=0% gpu_util_max=0% | gpu_mem_mean=2.3/47.8GB
-------------------------------------------
| gpu/                      |             |
|    gpu_count              | 2           |
|    gpu_mem_total_gb_mean  | 47.8        |
|    gpu_mem_used_gb_mean   | 2.33        |
|    gpu_util_pct_max       | 0           |
|    gpu_util_pct_mean      | 0           |
| profile/                  |             |
|    hard/damage_mean       | 0.252       |
|    hard/ep_len_mean       | 64.6        |
|    hard/ep_rew_mean       | 0.198       |
|    hard/episodes_window   | 200         |
|    hard/p_damage_ge_90    | 0           |
|    hard/p_stars_ge_2      | 0           |
|    hard/score_mean        | 0.262       |
|    hard/stars_mean        | 0.01        |
|    hard/ticks_mean        | 641         |
|    hard/truncated_rate    | 0.02        |
|    medium/damage_mean     | 0.728       |
|    medium/ep_len_mean     | 72.7        |
|    medium/ep_rew_mean     | 2.29        |
|    medium/episodes_window | 200         |
|    medium/p_damage_ge_90  | 0.245       |
|    medium/p_stars_ge_2    | 0.63        |
|    medium/score_mean      | 2.36        |
|    medium/stars_mean      | 1.63        |
|    medium/ticks_mean      | 724         |
|    medium/truncated_rate  | 0.13        |
| rollout/                  |             |
|    ep_len_mean            | 68.4        |
|    ep_rew_mean            | 1.31        |
| throughput/               |             |
|    env_steps_per_sec      | 272         |
|    episodes_per_sec       | 4.72        |
| time/                     |             |
|    fps                    | 273         |
|    iterations             | 88          |
|    time_elapsed           | 15789       |
|    total_timesteps        | 4325376     |
| train/                    |             |
|    approx_kl              | 0.009319226 |
|    clip_fraction          | 0.105       |
|    clip_range             | 0.2         |
|    entropy_loss           | -5.05       |
|    explained_variance     | 0.918       |
|    learning_rate          | 0.0003      |
|    loss                   | -0.0532     |
|    n_updates              | 870         |
|    policy_gradient_loss   | -0.0186     |
|    value_loss             | 0.0745      |
-------------------------------------------
timesteps=4325472 | env_steps/sec=46.6 | episodes/sec=0.61 | gpu_util_mean=0% gpu_util_max=0% | gpu_mem_mean=2.3/47.8GB
timesteps=4326720 | env_steps/sec=247.6 | episodes/sec=2.18 | gpu_util_mean=0% gpu_util_max=1% | gpu_mem_mean=2.3/47.8GB
timesteps=4328160 | env_steps/sec=277.1 | episodes/sec=2.89 | gpu_util_mean=0% gpu_util_max=1% | gpu_mem_mean=2.3/47.8GB
timesteps=4329696 | env_steps/sec=293.2 | episodes/sec=5.73 | gpu_util_mean=0% gpu_util_max=1% | gpu_mem_mean=2.3/47.8GB
timesteps=4331136 | env_steps/sec=270.4 | episodes/sec=4.88 | gpu_util_mean=0% gpu_util_max=1% | gpu_mem_mean=2.3/47.8GB
timesteps=4332576 | env_steps/sec=275.8 | episodes/sec=3.26 | gpu_util_mean=0% gpu_util_max=0% | gpu_mem_mean=2.3/47.8GB
timesteps=4333920 | env_steps/sec=266.7 | episodes/sec=2.98 | gpu_util_mean=0% gpu_util_max=0% | gpu_mem_mean=2.3/47.8GB
timesteps=4335360 | env_steps/sec=283.3 | episodes/sec=4.92 | gpu_util_mean=1% gpu_util_max=1% | gpu_mem_mean=2.3/47.8GB
timesteps=4336896 | env_steps/sec=287.9 | episodes/sec=5.25 | gpu_util_mean=0% gpu_util_max=1% | gpu_mem_mean=2.3/47.8GB
timesteps=4338336 | env_steps/sec=278.3 | episodes/sec=3.67 | gpu_util_mean=0% gpu_util_max=0% | gpu_mem_mean=2.3/47.8GB
timesteps=4339776 | env_steps/sec=279.4 | episodes/sec=3.30 | gpu_util_mean=0% gpu_util_max=1% | gpu_mem_mean=2.3/47.8GB
timesteps=4341216 | env_steps/sec=277.5 | episodes/sec=3.85 | gpu_util_mean=0% gpu_util_max=0% | gpu_mem_mean=2.3/47.8GB
timesteps=4342656 | env_steps/sec=282.1 | episodes/sec=4.70 | gpu_util_mean=0% gpu_util_max=1% | gpu_mem_mean=2.3/47.8GB
timesteps=4344096 | env_steps/sec=276.0 | episodes/sec=4.02 | gpu_util_mean=0% gpu_util_max=0% | gpu_mem_mean=2.3/47.8GB
timesteps=4345536 | env_steps/sec=282.7 | episodes/sec=4.52 | gpu_util_mean=0% gpu_util_max=1% | gpu_mem_mean=2.3/47.8GB
timesteps=4346976 | env_steps/sec=272.2 | episodes/sec=3.59 | gpu_util_mean=0% gpu_util_max=1% | gpu_mem_mean=2.3/47.8GB
timesteps=4348416 | env_steps/sec=279.9 | episodes/sec=3.50 | gpu_util_mean=0% gpu_util_max=0% | gpu_mem_mean=2.3/47.8GB
timesteps=4349856 | env_steps/sec=278.8 | episodes/sec=3.68 | gpu_util_mean=0% gpu_util_max=0% | gpu_mem_mean=2.3/47.8GB
timesteps=4351392 | env_steps/sec=291.4 | episodes/sec=5.69 | gpu_util_mean=0% gpu_util_max=1% | gpu_mem_mean=2.3/47.8GB
timesteps=4352832 | env_steps/sec=270.0 | episodes/sec=3.56 | gpu_util_mean=0% gpu_util_max=0% | gpu_mem_mean=2.3/47.8GB
timesteps=4354272 | env_steps/sec=281.1 | episodes/sec=2.73 | gpu_util_mean=0% gpu_util_max=1% | gpu_mem_mean=2.3/47.8GB
timesteps=4355808 | env_steps/sec=289.8 | episodes/sec=5.09 | gpu_util_mean=0% gpu_util_max=0% | gpu_mem_mean=2.3/47.8GB
timesteps=4357344 | env_steps/sec=297.1 | episodes/sec=5.42 | gpu_util_mean=0% gpu_util_max=0% | gpu_mem_mean=2.3/47.8GB
timesteps=4358784 | env_steps/sec=282.4 | episodes/sec=2.55 | gpu_util_mean=0% gpu_util_max=0% | gpu_mem_mean=2.3/47.8GB
timesteps=4360224 | env_steps/sec=280.0 | episodes/sec=4.28 | gpu_util_mean=0% gpu_util_max=1% | gpu_mem_mean=2.3/47.8GB
timesteps=4361664 | env_steps/sec=281.0 | episodes/sec=4.29 | gpu_util_mean=0% gpu_util_max=0% | gpu_mem_mean=2.3/47.8GB
timesteps=4363200 | env_steps/sec=295.9 | episodes/sec=5.20 | gpu_util_mean=0% gpu_util_max=1% | gpu_mem_mean=2.3/47.8GB
timesteps=4364640 | env_steps/sec=285.1 | episodes/sec=3.17 | gpu_util_mean=0% gpu_util_max=0% | gpu_mem_mean=2.3/47.8GB
timesteps=4366080 | env_steps/sec=284.9 | episodes/sec=3.17 | gpu_util_mean=0% gpu_util_max=1% | gpu_mem_mean=2.3/47.8GB
timesteps=4367616 | env_steps/sec=299.6 | episodes/sec=4.88 | gpu_util_mean=18% gpu_util_max=37% | gpu_mem_mean=2.3/47.8GB
timesteps=4369152 | env_steps/sec=292.1 | episodes/sec=5.70 | gpu_util_mean=1% gpu_util_max=1% | gpu_mem_mean=2.3/47.8GB
timesteps=4370592 | env_steps/sec=282.9 | episodes/sec=2.55 | gpu_util_mean=0% gpu_util_max=0% | gpu_mem_mean=2.3/47.8GB
timesteps=4372032 | env_steps/sec=279.6 | episodes/sec=4.66 | gpu_util_mean=0% gpu_util_max=0% | gpu_mem_mean=2.3/47.8GB
timesteps=4373472 | env_steps/sec=277.2 | episodes/sec=2.89 | gpu_util_mean=0% gpu_util_max=1% | gpu_mem_mean=2.3/47.8GB
-------------------------------------------
| gpu/                      |             |
|    gpu_count              | 2           |
|    gpu_mem_total_gb_mean  | 47.8        |
|    gpu_mem_used_gb_mean   | 2.33        |
|    gpu_util_pct_max       | 1           |
|    gpu_util_pct_mean      | 0.5         |
| profile/                  |             |
|    hard/damage_mean       | 0.254       |
|    hard/ep_len_mean       | 64.7        |
|    hard/ep_rew_mean       | 0.22        |
|    hard/episodes_window   | 200         |
|    hard/p_damage_ge_90    | 0           |
|    hard/p_stars_ge_2      | 0.01        |
|    hard/score_mean        | 0.284       |
|    hard/stars_mean        | 0.03        |
|    hard/ticks_mean        | 643         |
|    hard/truncated_rate    | 0.02        |
|    medium/damage_mean     | 0.695       |
|    medium/ep_len_mean     | 74.6        |
|    medium/ep_rew_mean     | 2.1         |
|    medium/episodes_window | 200         |
|    medium/p_damage_ge_90  | 0.21        |
|    medium/p_stars_ge_2    | 0.585       |
|    medium/score_mean      | 2.17        |
|    medium/stars_mean      | 1.48        |
|    medium/ticks_mean      | 742         |
|    medium/truncated_rate  | 0.135       |
| rollout/                  |             |
|    ep_len_mean            | 69.7        |
|    ep_rew_mean            | 1.21        |
| throughput/               |             |
|    env_steps_per_sec      | 277         |
|    episodes_per_sec       | 2.89        |
| time/                     |             |
|    fps                    | 273         |
|    iterations             | 89          |
|    time_elapsed           | 15971       |
|    total_timesteps        | 4374528     |
| train/                    |             |
|    approx_kl              | 0.011906547 |
|    clip_fraction          | 0.136       |
|    clip_range             | 0.2         |
|    entropy_loss           | -5.07       |
|    explained_variance     | 0.921       |
|    learning_rate          | 0.0003      |
|    loss                   | -0.0426     |
|    n_updates              | 880         |
|    policy_gradient_loss   | -0.0203     |
|    value_loss             | 0.0633      |
-------------------------------------------
timesteps=4374624 | env_steps/sec=95.7 | episodes/sec=1.74 | gpu_util_mean=0% gpu_util_max=0% | gpu_mem_mean=2.3/47.8GB
timesteps=4376064 | env_steps/sec=271.8 | episodes/sec=3.96 | gpu_util_mean=0% gpu_util_max=1% | gpu_mem_mean=2.3/47.8GB
timesteps=4377504 | env_steps/sec=285.4 | episodes/sec=4.36 | gpu_util_mean=0% gpu_util_max=0% | gpu_mem_mean=2.3/47.8GB
timesteps=4378944 | env_steps/sec=284.2 | episodes/sec=4.54 | gpu_util_mean=1% gpu_util_max=1% | gpu_mem_mean=2.3/47.8GB
timesteps=4380384 | env_steps/sec=286.6 | episodes/sec=3.98 | gpu_util_mean=0% gpu_util_max=1% | gpu_mem_mean=2.3/47.8GB
timesteps=4381824 | env_steps/sec=276.9 | episodes/sec=3.85 | gpu_util_mean=0% gpu_util_max=0% | gpu_mem_mean=2.3/47.8GB
timesteps=4383168 | env_steps/sec=264.3 | episodes/sec=3.74 | gpu_util_mean=0% gpu_util_max=0% | gpu_mem_mean=2.3/47.8GB
timesteps=4384608 | env_steps/sec=270.7 | episodes/sec=3.57 | gpu_util_mean=0% gpu_util_max=1% | gpu_mem_mean=2.3/47.8GB
timesteps=4386048 | env_steps/sec=271.8 | episodes/sec=5.29 | gpu_util_mean=0% gpu_util_max=0% | gpu_mem_mean=2.3/47.8GB
timesteps=4387488 | env_steps/sec=268.9 | episodes/sec=3.17 | gpu_util_mean=0% gpu_util_max=0% | gpu_mem_mean=2.3/47.8GB
timesteps=4388832 | env_steps/sec=262.6 | episodes/sec=3.52 | gpu_util_mean=0% gpu_util_max=1% | gpu_mem_mean=2.3/47.8GB
timesteps=4390272 | env_steps/sec=273.2 | episodes/sec=3.79 | gpu_util_mean=0% gpu_util_max=0% | gpu_mem_mean=2.3/47.8GB
timesteps=4391808 | env_steps/sec=290.2 | episodes/sec=5.29 | gpu_util_mean=0% gpu_util_max=0% | gpu_mem_mean=2.3/47.8GB
timesteps=4393344 | env_steps/sec=300.2 | episodes/sec=4.10 | gpu_util_mean=0% gpu_util_max=0% | gpu_mem_mean=2.3/47.8GB
timesteps=4394688 | env_steps/sec=267.6 | episodes/sec=2.79 | gpu_util_mean=1% gpu_util_max=1% | gpu_mem_mean=2.3/47.8GB
timesteps=4396128 | env_steps/sec=275.8 | episodes/sec=4.79 | gpu_util_mean=0% gpu_util_max=0% | gpu_mem_mean=2.3/47.8GB
timesteps=4397568 | env_steps/sec=273.6 | episodes/sec=3.80 | gpu_util_mean=0% gpu_util_max=1% | gpu_mem_mean=2.3/47.8GB
timesteps=4399008 | env_steps/sec=282.0 | episodes/sec=5.09 | gpu_util_mean=1% gpu_util_max=1% | gpu_mem_mean=2.3/47.8GB
timesteps=4400448 | env_steps/sec=264.7 | episodes/sec=2.39 | gpu_util_mean=0% gpu_util_max=1% | gpu_mem_mean=2.3/47.8GB
timesteps=4401792 | env_steps/sec=259.4 | episodes/sec=4.63 | gpu_util_mean=0% gpu_util_max=0% | gpu_mem_mean=2.3/47.8GB
timesteps=4403328 | env_steps/sec=289.8 | episodes/sec=4.34 | gpu_util_mean=0% gpu_util_max=0% | gpu_mem_mean=2.3/47.8GB
timesteps=4404960 | env_steps/sec=309.0 | episodes/sec=4.54 | gpu_util_mean=0% gpu_util_max=0% | gpu_mem_mean=2.3/47.8GB
timesteps=4406496 | env_steps/sec=300.6 | episodes/sec=3.52 | gpu_util_mean=0% gpu_util_max=1% | gpu_mem_mean=2.3/47.8GB
timesteps=4408224 | env_steps/sec=332.2 | episodes/sec=5.38 | gpu_util_mean=1% gpu_util_max=1% | gpu_mem_mean=2.3/47.8GB
timesteps=4409760 | env_steps/sec=289.7 | episodes/sec=5.47 | gpu_util_mean=0% gpu_util_max=1% | gpu_mem_mean=2.3/47.8GB
timesteps=4411200 | env_steps/sec=279.4 | episodes/sec=3.69 | gpu_util_mean=0% gpu_util_max=0% | gpu_mem_mean=2.3/47.8GB
timesteps=4412736 | env_steps/sec=301.7 | episodes/sec=2.36 | gpu_util_mean=0% gpu_util_max=1% | gpu_mem_mean=2.3/47.8GB
timesteps=4414272 | env_steps/sec=298.7 | episodes/sec=5.64 | gpu_util_mean=0% gpu_util_max=1% | gpu_mem_mean=2.3/47.8GB
timesteps=4415808 | env_steps/sec=302.4 | episodes/sec=4.92 | gpu_util_mean=0% gpu_util_max=1% | gpu_mem_mean=2.3/47.8GB
timesteps=4417344 | env_steps/sec=300.3 | episodes/sec=5.08 | gpu_util_mean=18% gpu_util_max=37% | gpu_mem_mean=2.3/47.8GB
timesteps=4418880 | env_steps/sec=286.6 | episodes/sec=2.99 | gpu_util_mean=14% gpu_util_max=29% | gpu_mem_mean=2.3/47.8GB
timesteps=4420320 | env_steps/sec=282.7 | episodes/sec=3.53 | gpu_util_mean=0% gpu_util_max=0% | gpu_mem_mean=2.3/47.8GB
timesteps=4421856 | env_steps/sec=292.7 | episodes/sec=4.38 | gpu_util_mean=0% gpu_util_max=0% | gpu_mem_mean=2.3/47.8GB
timesteps=4423296 | env_steps/sec=282.0 | episodes/sec=6.46 | gpu_util_mean=0% gpu_util_max=0% | gpu_mem_mean=2.3/47.8GB
-------------------------------------------
| gpu/                      |             |
|    gpu_count              | 2           |
|    gpu_mem_total_gb_mean  | 47.8        |
|    gpu_mem_used_gb_mean   | 2.33        |
|    gpu_util_pct_max       | 0           |
|    gpu_util_pct_mean      | 0           |
| profile/                  |             |
|    hard/damage_mean       | 0.247       |
|    hard/ep_len_mean       | 63.6        |
|    hard/ep_rew_mean       | 0.199       |
|    hard/episodes_window   | 200         |
|    hard/p_damage_ge_90    | 0           |
|    hard/p_stars_ge_2      | 0.005       |
|    hard/score_mean        | 0.262       |
|    hard/stars_mean        | 0.015       |
|    hard/ticks_mean        | 631         |
|    hard/truncated_rate    | 0.025       |
|    medium/damage_mean     | 0.697       |
|    medium/ep_len_mean     | 74          |
|    medium/ep_rew_mean     | 2.17        |
|    medium/episodes_window | 200         |
|    medium/p_damage_ge_90  | 0.21        |
|    medium/p_stars_ge_2    | 0.595       |
|    medium/score_mean      | 2.24        |
|    medium/stars_mean      | 1.54        |
|    medium/ticks_mean      | 737         |
|    medium/truncated_rate  | 0.165       |
| rollout/                  |             |
|    ep_len_mean            | 68.1        |
|    ep_rew_mean            | 1.22        |
| throughput/               |             |
|    env_steps_per_sec      | 282         |
|    episodes_per_sec       | 6.46        |
| time/                     |             |
|    fps                    | 273         |
|    iterations             | 90          |
|    time_elapsed           | 16152       |
|    total_timesteps        | 4423680     |
| train/                    |             |
|    approx_kl              | 0.012513054 |
|    clip_fraction          | 0.136       |
|    clip_range             | 0.2         |
|    entropy_loss           | -5.03       |
|    explained_variance     | 0.912       |
|    learning_rate          | 0.0003      |
|    loss                   | -0.0346     |
|    n_updates              | 890         |
|    policy_gradient_loss   | -0.0213     |
|    value_loss             | 0.0665      |
-------------------------------------------
timesteps=4423776 | env_steps/sec=48.7 | episodes/sec=0.10 | gpu_util_mean=1% gpu_util_max=1% | gpu_mem_mean=2.3/47.8GB
timesteps=4425312 | env_steps/sec=289.0 | episodes/sec=3.58 | gpu_util_mean=0% gpu_util_max=1% | gpu_mem_mean=2.3/47.8GB
timesteps=4426848 | env_steps/sec=289.8 | episodes/sec=3.77 | gpu_util_mean=0% gpu_util_max=0% | gpu_mem_mean=2.3/47.8GB
timesteps=4428384 | env_steps/sec=301.5 | episodes/sec=4.52 | gpu_util_mean=0% gpu_util_max=0% | gpu_mem_mean=2.3/47.8GB
timesteps=4429920 | env_steps/sec=300.8 | episodes/sec=4.90 | gpu_util_mean=0% gpu_util_max=0% | gpu_mem_mean=2.3/47.8GB
timesteps=4431456 | env_steps/sec=290.5 | episodes/sec=4.92 | gpu_util_mean=0% gpu_util_max=0% | gpu_mem_mean=2.3/47.8GB
timesteps=4432992 | env_steps/sec=287.6 | episodes/sec=3.74 | gpu_util_mean=0% gpu_util_max=0% | gpu_mem_mean=2.3/47.8GB
timesteps=4434528 | env_steps/sec=296.1 | episodes/sec=4.43 | gpu_util_mean=0% gpu_util_max=1% | gpu_mem_mean=2.3/47.8GB
timesteps=4436064 | env_steps/sec=299.1 | episodes/sec=3.70 | gpu_util_mean=0% gpu_util_max=0% | gpu_mem_mean=2.3/47.8GB
timesteps=4437600 | env_steps/sec=304.2 | episodes/sec=4.95 | gpu_util_mean=0% gpu_util_max=1% | gpu_mem_mean=2.3/47.8GB
timesteps=4439136 | env_steps/sec=295.9 | episodes/sec=4.05 | gpu_util_mean=0% gpu_util_max=1% | gpu_mem_mean=2.3/47.8GB
timesteps=4440672 | env_steps/sec=300.4 | episodes/sec=4.69 | gpu_util_mean=0% gpu_util_max=0% | gpu_mem_mean=2.3/47.8GB
timesteps=4442208 | env_steps/sec=291.5 | episodes/sec=4.74 | gpu_util_mean=0% gpu_util_max=0% | gpu_mem_mean=2.3/47.8GB
timesteps=4443744 | env_steps/sec=292.2 | episodes/sec=3.61 | gpu_util_mean=1% gpu_util_max=1% | gpu_mem_mean=2.3/47.8GB
timesteps=4445280 | env_steps/sec=298.2 | episodes/sec=3.49 | gpu_util_mean=0% gpu_util_max=0% | gpu_mem_mean=2.3/47.8GB
timesteps=4446816 | env_steps/sec=299.6 | episodes/sec=5.85 | gpu_util_mean=1% gpu_util_max=1% | gpu_mem_mean=2.3/47.8GB
timesteps=4448352 | env_steps/sec=294.2 | episodes/sec=4.21 | gpu_util_mean=0% gpu_util_max=0% | gpu_mem_mean=2.3/47.8GB
timesteps=4449888 | env_steps/sec=292.9 | episodes/sec=3.81 | gpu_util_mean=0% gpu_util_max=0% | gpu_mem_mean=2.3/47.8GB
timesteps=4451424 | env_steps/sec=294.3 | episodes/sec=4.22 | gpu_util_mean=0% gpu_util_max=1% | gpu_mem_mean=2.3/47.8GB
timesteps=4452960 | env_steps/sec=293.4 | episodes/sec=4.97 | gpu_util_mean=1% gpu_util_max=1% | gpu_mem_mean=2.3/47.8GB
timesteps=4454496 | env_steps/sec=291.8 | episodes/sec=4.37 | gpu_util_mean=0% gpu_util_max=0% | gpu_mem_mean=2.3/47.8GB
timesteps=4456032 | env_steps/sec=291.8 | episodes/sec=3.61 | gpu_util_mean=0% gpu_util_max=0% | gpu_mem_mean=2.3/47.8GB
timesteps=4457472 | env_steps/sec=287.5 | episodes/sec=4.19 | gpu_util_mean=0% gpu_util_max=0% | gpu_mem_mean=2.3/47.8GB
timesteps=4459008 | env_steps/sec=291.8 | episodes/sec=3.23 | gpu_util_mean=0% gpu_util_max=1% | gpu_mem_mean=2.3/47.8GB
timesteps=4460448 | env_steps/sec=279.4 | episodes/sec=5.43 | gpu_util_mean=0% gpu_util_max=1% | gpu_mem_mean=2.3/47.8GB
timesteps=4461984 | env_steps/sec=290.4 | episodes/sec=4.35 | gpu_util_mean=0% gpu_util_max=0% | gpu_mem_mean=2.3/47.8GB
timesteps=4463520 | env_steps/sec=286.6 | episodes/sec=4.29 | gpu_util_mean=0% gpu_util_max=0% | gpu_mem_mean=2.3/47.8GB
timesteps=4465056 | env_steps/sec=287.8 | episodes/sec=2.81 | gpu_util_mean=0% gpu_util_max=0% | gpu_mem_mean=2.3/47.8GB
timesteps=4466592 | env_steps/sec=296.1 | episodes/sec=5.01 | gpu_util_mean=19% gpu_util_max=37% | gpu_mem_mean=2.3/47.8GB
timesteps=4468224 | env_steps/sec=320.3 | episodes/sec=4.32 | gpu_util_mean=18% gpu_util_max=36% | gpu_mem_mean=2.3/47.8GB
timesteps=4469760 | env_steps/sec=297.8 | episodes/sec=5.23 | gpu_util_mean=0% gpu_util_max=1% | gpu_mem_mean=2.3/47.8GB
timesteps=4471200 | env_steps/sec=282.0 | episodes/sec=2.74 | gpu_util_mean=0% gpu_util_max=0% | gpu_mem_mean=2.3/47.8GB
timesteps=4472736 | env_steps/sec=294.0 | episodes/sec=5.17 | gpu_util_mean=0% gpu_util_max=0% | gpu_mem_mean=2.3/47.8GB
------------------------------------------
| gpu/                      |            |
|    gpu_count              | 2          |
|    gpu_mem_total_gb_mean  | 47.8       |
|    gpu_mem_used_gb_mean   | 2.33       |
|    gpu_util_pct_max       | 0          |
|    gpu_util_pct_mean      | 0          |
| profile/                  |            |
|    hard/damage_mean       | 0.255      |
|    hard/ep_len_mean       | 63.7       |
|    hard/ep_rew_mean       | 0.212      |
|    hard/episodes_window   | 200        |
|    hard/p_damage_ge_90    | 0          |
|    hard/p_stars_ge_2      | 0.01       |
|    hard/score_mean        | 0.275      |
|    hard/stars_mean        | 0.02       |
|    hard/ticks_mean        | 632        |
|    hard/truncated_rate    | 0.005      |
|    medium/damage_mean     | 0.72       |
|    medium/ep_len_mean     | 75.2       |
|    medium/ep_rew_mean     | 2.26       |
|    medium/episodes_window | 200        |
|    medium/p_damage_ge_90  | 0.235      |
|    medium/p_stars_ge_2    | 0.685      |
|    medium/score_mean      | 2.34       |
|    medium/stars_mean      | 1.61       |
|    medium/ticks_mean      | 748        |
|    medium/truncated_rate  | 0.215      |
| rollout/                  |            |
|    ep_len_mean            | 69.7       |
|    ep_rew_mean            | 1.2        |
| throughput/               |            |
|    env_steps_per_sec      | 294        |
|    episodes_per_sec       | 5.17       |
| time/                     |            |
|    fps                    | 273        |
|    iterations             | 91         |
|    time_elapsed           | 16327      |
|    total_timesteps        | 4472832    |
| train/                    |            |
|    approx_kl              | 0.01332165 |
|    clip_fraction          | 0.172      |
|    clip_range             | 0.2        |
|    entropy_loss           | -5.07      |
|    explained_variance     | 0.902      |
|    learning_rate          | 0.0003     |
|    loss                   | -0.0559    |
|    n_updates              | 900        |
|    policy_gradient_loss   | -0.0227    |
|    value_loss             | 0.0611     |
------------------------------------------
timesteps=4472928 | env_steps/sec=24.5 | episodes/sec=0.26 | gpu_util_mean=0% gpu_util_max=1% | gpu_mem_mean=2.3/47.8GB
timesteps=4474368 | env_steps/sec=286.6 | episodes/sec=3.78 | gpu_util_mean=0% gpu_util_max=0% | gpu_mem_mean=2.3/47.8GB
timesteps=4475904 | env_steps/sec=292.0 | episodes/sec=3.99 | gpu_util_mean=0% gpu_util_max=0% | gpu_mem_mean=2.3/47.8GB
timesteps=4477440 | env_steps/sec=298.2 | episodes/sec=5.05 | gpu_util_mean=0% gpu_util_max=1% | gpu_mem_mean=2.3/47.8GB
timesteps=4478976 | env_steps/sec=290.9 | episodes/sec=3.22 | gpu_util_mean=0% gpu_util_max=1% | gpu_mem_mean=2.3/47.8GB
timesteps=4480512 | env_steps/sec=285.5 | episodes/sec=4.65 | gpu_util_mean=0% gpu_util_max=0% | gpu_mem_mean=2.3/47.8GB
timesteps=4482048 | env_steps/sec=305.5 | episodes/sec=4.77 | gpu_util_mean=0% gpu_util_max=1% | gpu_mem_mean=2.3/47.8GB
timesteps=4483680 | env_steps/sec=306.3 | episodes/sec=3.19 | gpu_util_mean=0% gpu_util_max=0% | gpu_mem_mean=2.3/47.8GB
timesteps=4485120 | env_steps/sec=286.0 | episodes/sec=4.57 | gpu_util_mean=0% gpu_util_max=0% | gpu_mem_mean=2.3/47.8GB
timesteps=4486656 | env_steps/sec=296.6 | episodes/sec=4.63 | gpu_util_mean=0% gpu_util_max=0% | gpu_mem_mean=2.3/47.8GB
timesteps=4488192 | env_steps/sec=292.8 | episodes/sec=4.19 | gpu_util_mean=1% gpu_util_max=1% | gpu_mem_mean=2.3/47.8GB
timesteps=4489728 | env_steps/sec=298.9 | episodes/sec=4.48 | gpu_util_mean=0% gpu_util_max=0% | gpu_mem_mean=2.3/47.8GB
timesteps=4491168 | env_steps/sec=283.3 | episodes/sec=4.33 | gpu_util_mean=0% gpu_util_max=0% | gpu_mem_mean=2.3/47.8GB
timesteps=4492608 | env_steps/sec=280.8 | episodes/sec=3.71 | gpu_util_mean=1% gpu_util_max=1% | gpu_mem_mean=2.3/47.8GB
timesteps=4494144 | env_steps/sec=296.3 | episodes/sec=5.40 | gpu_util_mean=0% gpu_util_max=0% | gpu_mem_mean=2.3/47.8GB
timesteps=4495584 | env_steps/sec=280.4 | episodes/sec=2.34 | gpu_util_mean=1% gpu_util_max=1% | gpu_mem_mean=2.3/47.8GB
timesteps=4497120 | env_steps/sec=289.2 | episodes/sec=4.71 | gpu_util_mean=0% gpu_util_max=1% | gpu_mem_mean=2.3/47.8GB
timesteps=4498560 | env_steps/sec=287.4 | episodes/sec=3.99 | gpu_util_mean=0% gpu_util_max=1% | gpu_mem_mean=2.3/47.8GB
timesteps=4500096 | env_steps/sec=291.2 | episodes/sec=4.55 | gpu_util_mean=0% gpu_util_max=1% | gpu_mem_mean=2.3/47.8GB
timesteps=4501632 | env_steps/sec=295.9 | episodes/sec=4.05 | gpu_util_mean=0% gpu_util_max=0% | gpu_mem_mean=2.3/47.8GB
timesteps=4503168 | env_steps/sec=292.9 | episodes/sec=4.20 | gpu_util_mean=1% gpu_util_max=1% | gpu_mem_mean=2.3/47.8GB
timesteps=4504704 | env_steps/sec=293.2 | episodes/sec=4.01 | gpu_util_mean=0% gpu_util_max=0% | gpu_mem_mean=2.3/47.8GB
timesteps=4506240 | env_steps/sec=296.9 | episodes/sec=5.41 | gpu_util_mean=0% gpu_util_max=0% | gpu_mem_mean=2.3/47.8GB
timesteps=4507680 | env_steps/sec=280.9 | episodes/sec=3.71 | gpu_util_mean=0% gpu_util_max=0% | gpu_mem_mean=2.3/47.8GB
timesteps=4509216 | env_steps/sec=294.7 | episodes/sec=4.99 | gpu_util_mean=0% gpu_util_max=0% | gpu_mem_mean=2.3/47.8GB
timesteps=4510656 | env_steps/sec=274.1 | episodes/sec=2.47 | gpu_util_mean=0% gpu_util_max=1% | gpu_mem_mean=2.3/47.8GB
timesteps=4512192 | env_steps/sec=287.7 | episodes/sec=4.12 | gpu_util_mean=0% gpu_util_max=1% | gpu_mem_mean=2.3/47.8GB
timesteps=4513728 | env_steps/sec=297.5 | episodes/sec=4.45 | gpu_util_mean=0% gpu_util_max=0% | gpu_mem_mean=2.3/47.8GB
timesteps=4515264 | env_steps/sec=300.6 | episodes/sec=5.09 | gpu_util_mean=0% gpu_util_max=1% | gpu_mem_mean=2.3/47.8GB
timesteps=4516896 | env_steps/sec=314.2 | episodes/sec=4.04 | gpu_util_mean=18% gpu_util_max=37% | gpu_mem_mean=2.3/47.8GB
timesteps=4518432 | env_steps/sec=306.7 | episodes/sec=4.59 | gpu_util_mean=0% gpu_util_max=0% | gpu_mem_mean=2.3/47.8GB
timesteps=4520064 | env_steps/sec=307.9 | episodes/sec=5.09 | gpu_util_mean=0% gpu_util_max=0% | gpu_mem_mean=2.3/47.8GB
timesteps=4521600 | env_steps/sec=304.7 | episodes/sec=4.76 | gpu_util_mean=0% gpu_util_max=0% | gpu_mem_mean=2.3/47.8GB
-------------------------------------------
| gpu/                      |             |
|    gpu_count              | 2           |
|    gpu_mem_total_gb_mean  | 47.8        |
|    gpu_mem_used_gb_mean   | 2.33        |
|    gpu_util_pct_max       | 0           |
|    gpu_util_pct_mean      | 0           |
| profile/                  |             |
|    hard/damage_mean       | 0.246       |
|    hard/ep_len_mean       | 63.9        |
|    hard/ep_rew_mean       | 0.207       |
|    hard/episodes_window   | 200         |
|    hard/p_damage_ge_90    | 0           |
|    hard/p_stars_ge_2      | 0.005       |
|    hard/score_mean        | 0.271       |
|    hard/stars_mean        | 0.025       |
|    hard/ticks_mean        | 635         |
|    hard/truncated_rate    | 0.035       |
|    medium/damage_mean     | 0.73        |
|    medium/ep_len_mean     | 75          |
|    medium/ep_rew_mean     | 2.31        |
|    medium/episodes_window | 200         |
|    medium/p_damage_ge_90  | 0.25        |
|    medium/p_stars_ge_2    | 0.635       |
|    medium/score_mean      | 2.38        |
|    medium/stars_mean      | 1.66        |
|    medium/ticks_mean      | 746         |
|    medium/truncated_rate  | 0.17        |
| rollout/                  |             |
|    ep_len_mean            | 68.9        |
|    ep_rew_mean            | 1.19        |
| throughput/               |             |
|    env_steps_per_sec      | 305         |
|    episodes_per_sec       | 4.76        |
| time/                     |             |
|    fps                    | 274         |
|    iterations             | 92          |
|    time_elapsed           | 16502       |
|    total_timesteps        | 4521984     |
| train/                    |             |
|    approx_kl              | 0.015147367 |
|    clip_fraction          | 0.147       |
|    clip_range             | 0.2         |
|    entropy_loss           | -5.05       |
|    explained_variance     | 0.906       |
|    learning_rate          | 0.0003      |
|    loss                   | -0.0479     |
|    n_updates              | 910         |
|    policy_gradient_loss   | -0.0208     |
|    value_loss             | 0.0631      |
-------------------------------------------
timesteps=4522080 | env_steps/sec=56.1 | episodes/sec=0.58 | gpu_util_mean=19% gpu_util_max=37% | gpu_mem_mean=2.3/47.8GB
timesteps=4523520 | env_steps/sec=287.6 | episodes/sec=2.80 | gpu_util_mean=0% gpu_util_max=1% | gpu_mem_mean=2.3/47.8GB
timesteps=4525056 | env_steps/sec=306.0 | episodes/sec=5.38 | gpu_util_mean=0% gpu_util_max=0% | gpu_mem_mean=2.3/47.8GB
timesteps=4526592 | env_steps/sec=294.4 | episodes/sec=4.60 | gpu_util_mean=0% gpu_util_max=0% | gpu_mem_mean=2.3/47.8GB
timesteps=4528032 | env_steps/sec=281.6 | episodes/sec=3.91 | gpu_util_mean=0% gpu_util_max=0% | gpu_mem_mean=2.3/47.8GB
timesteps=4529472 | env_steps/sec=279.4 | episodes/sec=4.46 | gpu_util_mean=0% gpu_util_max=1% | gpu_mem_mean=2.3/47.8GB
timesteps=4530912 | env_steps/sec=286.8 | episodes/sec=3.98 | gpu_util_mean=0% gpu_util_max=0% | gpu_mem_mean=2.3/47.8GB
timesteps=4532448 | env_steps/sec=302.3 | episodes/sec=4.13 | gpu_util_mean=0% gpu_util_max=1% | gpu_mem_mean=2.3/47.8GB
timesteps=4533888 | env_steps/sec=287.4 | episodes/sec=4.79 | gpu_util_mean=0% gpu_util_max=1% | gpu_mem_mean=2.3/47.8GB
timesteps=4535424 | env_steps/sec=290.6 | episodes/sec=3.41 | gpu_util_mean=0% gpu_util_max=1% | gpu_mem_mean=2.3/47.8GB
timesteps=4536864 | env_steps/sec=284.1 | episodes/sec=4.93 | gpu_util_mean=0% gpu_util_max=1% | gpu_mem_mean=2.3/47.8GB
timesteps=4538304 | env_steps/sec=281.5 | episodes/sec=4.11 | gpu_util_mean=0% gpu_util_max=0% | gpu_mem_mean=2.3/47.8GB
timesteps=4539840 | env_steps/sec=307.0 | episodes/sec=4.20 | gpu_util_mean=0% gpu_util_max=0% | gpu_mem_mean=2.3/47.8GB
timesteps=4541376 | env_steps/sec=296.7 | episodes/sec=4.06 | gpu_util_mean=0% gpu_util_max=1% | gpu_mem_mean=2.3/47.8GB
timesteps=4542912 | env_steps/sec=301.3 | episodes/sec=5.49 | gpu_util_mean=0% gpu_util_max=0% | gpu_mem_mean=2.3/47.8GB
timesteps=4544352 | env_steps/sec=276.0 | episodes/sec=3.45 | gpu_util_mean=0% gpu_util_max=1% | gpu_mem_mean=2.3/47.8GB
timesteps=4545888 | env_steps/sec=305.9 | episodes/sec=3.78 | gpu_util_mean=1% gpu_util_max=1% | gpu_mem_mean=2.3/47.8GB
timesteps=4547424 | env_steps/sec=303.9 | episodes/sec=3.17 | gpu_util_mean=0% gpu_util_max=1% | gpu_mem_mean=2.3/47.8GB
timesteps=4549056 | env_steps/sec=309.1 | episodes/sec=7.39 | gpu_util_mean=0% gpu_util_max=1% | gpu_mem_mean=2.3/47.8GB
timesteps=4550496 | env_steps/sec=284.3 | episodes/sec=3.36 | gpu_util_mean=1% gpu_util_max=1% | gpu_mem_mean=2.3/47.8GB
timesteps=4551936 | env_steps/sec=280.3 | episodes/sec=4.48 | gpu_util_mean=0% gpu_util_max=1% | gpu_mem_mean=2.3/47.8GB
timesteps=4553472 | env_steps/sec=293.5 | episodes/sec=2.29 | gpu_util_mean=0% gpu_util_max=0% | gpu_mem_mean=2.3/47.8GB
timesteps=4555008 | env_steps/sec=306.5 | episodes/sec=5.99 | gpu_util_mean=0% gpu_util_max=1% | gpu_mem_mean=2.3/47.8GB
timesteps=4556544 | env_steps/sec=303.0 | episodes/sec=5.13 | gpu_util_mean=0% gpu_util_max=1% | gpu_mem_mean=2.3/47.8GB
timesteps=4558080 | env_steps/sec=288.6 | episodes/sec=3.76 | gpu_util_mean=0% gpu_util_max=0% | gpu_mem_mean=2.3/47.8GB
timesteps=4559616 | env_steps/sec=300.6 | episodes/sec=3.33 | gpu_util_mean=0% gpu_util_max=1% | gpu_mem_mean=2.3/47.8GB
timesteps=4561152 | env_steps/sec=292.2 | episodes/sec=4.76 | gpu_util_mean=0% gpu_util_max=0% | gpu_mem_mean=2.3/47.8GB
timesteps=4562784 | env_steps/sec=320.8 | episodes/sec=4.52 | gpu_util_mean=0% gpu_util_max=1% | gpu_mem_mean=2.3/47.8GB
timesteps=4564320 | env_steps/sec=303.7 | episodes/sec=4.55 | gpu_util_mean=0% gpu_util_max=1% | gpu_mem_mean=2.3/47.8GB
timesteps=4565856 | env_steps/sec=306.6 | episodes/sec=4.99 | gpu_util_mean=16% gpu_util_max=31% | gpu_mem_mean=2.3/47.8GB
timesteps=4567488 | env_steps/sec=314.0 | episodes/sec=4.23 | gpu_util_mean=0% gpu_util_max=0% | gpu_mem_mean=2.3/47.8GB
timesteps=4569024 | env_steps/sec=299.7 | episodes/sec=3.90 | gpu_util_mean=1% gpu_util_max=1% | gpu_mem_mean=2.3/47.8GB
timesteps=4570656 | env_steps/sec=307.6 | episodes/sec=4.52 | gpu_util_mean=1% gpu_util_max=1% | gpu_mem_mean=2.3/47.8GB
-------------------------------------------
| gpu/                      |             |
|    gpu_count              | 2           |
|    gpu_mem_total_gb_mean  | 47.8        |
|    gpu_mem_used_gb_mean   | 2.33        |
|    gpu_util_pct_max       | 1           |
|    gpu_util_pct_mean      | 1           |
| profile/                  |             |
|    hard/damage_mean       | 0.248       |
|    hard/ep_len_mean       | 64.1        |
|    hard/ep_rew_mean       | 0.189       |
|    hard/episodes_window   | 200         |
|    hard/p_damage_ge_90    | 0           |
|    hard/p_stars_ge_2      | 0           |
|    hard/score_mean        | 0.253       |
|    hard/stars_mean        | 0.005       |
|    hard/ticks_mean        | 636         |
|    hard/truncated_rate    | 0.03        |
|    medium/damage_mean     | 0.729       |
|    medium/ep_len_mean     | 74.6        |
|    medium/ep_rew_mean     | 2.25        |
|    medium/episodes_window | 200         |
|    medium/p_damage_ge_90  | 0.285       |
|    medium/p_stars_ge_2    | 0.635       |
|    medium/score_mean      | 2.33        |
|    medium/stars_mean      | 1.6         |
|    medium/ticks_mean      | 743         |
|    medium/truncated_rate  | 0.175       |
| rollout/                  |             |
|    ep_len_mean            | 68.9        |
|    ep_rew_mean            | 1.2         |
| throughput/               |             |
|    env_steps_per_sec      | 308         |
|    episodes_per_sec       | 4.52        |
| time/                     |             |
|    fps                    | 274         |
|    iterations             | 93          |
|    time_elapsed           | 16674       |
|    total_timesteps        | 4571136     |
| train/                    |             |
|    approx_kl              | 0.014294273 |
|    clip_fraction          | 0.141       |
|    clip_range             | 0.2         |
|    entropy_loss           | -4.96       |
|    explained_variance     | 0.897       |
|    learning_rate          | 0.0003      |
|    loss                   | -0.0486     |
|    n_updates              | 920         |
|    policy_gradient_loss   | -0.0212     |
|    value_loss             | 0.0623      |
-------------------------------------------
timesteps=4571232 | env_steps/sec=66.1 | episodes/sec=0.92 | gpu_util_mean=4% gpu_util_max=9% | gpu_mem_mean=2.3/47.8GB
timesteps=4572768 | env_steps/sec=294.3 | episodes/sec=4.79 | gpu_util_mean=0% gpu_util_max=1% | gpu_mem_mean=2.3/47.8GB
timesteps=4574304 | env_steps/sec=300.8 | episodes/sec=3.92 | gpu_util_mean=0% gpu_util_max=1% | gpu_mem_mean=2.3/47.8GB
timesteps=4575840 | env_steps/sec=305.2 | episodes/sec=3.97 | gpu_util_mean=0% gpu_util_max=0% | gpu_mem_mean=2.3/47.8GB
timesteps=4577376 | env_steps/sec=301.9 | episodes/sec=5.90 | gpu_util_mean=0% gpu_util_max=0% | gpu_mem_mean=2.3/47.8GB
timesteps=4578912 | env_steps/sec=292.3 | episodes/sec=3.81 | gpu_util_mean=1% gpu_util_max=1% | gpu_mem_mean=2.3/47.8GB
timesteps=4580448 | env_steps/sec=296.6 | episodes/sec=3.28 | gpu_util_mean=0% gpu_util_max=0% | gpu_mem_mean=2.3/47.8GB
timesteps=4581984 | env_steps/sec=287.4 | episodes/sec=4.49 | gpu_util_mean=0% gpu_util_max=1% | gpu_mem_mean=2.3/47.8GB
timesteps=4583424 | env_steps/sec=287.1 | episodes/sec=5.18 | gpu_util_mean=0% gpu_util_max=0% | gpu_mem_mean=2.3/47.8GB
timesteps=4584960 | env_steps/sec=290.3 | episodes/sec=3.02 | gpu_util_mean=0% gpu_util_max=0% | gpu_mem_mean=2.3/47.8GB
timesteps=4586496 | env_steps/sec=306.2 | episodes/sec=4.39 | gpu_util_mean=0% gpu_util_max=1% | gpu_mem_mean=2.3/47.8GB
timesteps=4588032 | env_steps/sec=299.2 | episodes/sec=4.48 | gpu_util_mean=0% gpu_util_max=1% | gpu_mem_mean=2.3/47.8GB
timesteps=4589664 | env_steps/sec=308.4 | episodes/sec=5.48 | gpu_util_mean=1% gpu_util_max=1% | gpu_mem_mean=2.3/47.8GB
timesteps=4591200 | env_steps/sec=299.6 | episodes/sec=4.49 | gpu_util_mean=0% gpu_util_max=0% | gpu_mem_mean=2.3/47.8GB
timesteps=4592640 | env_steps/sec=276.6 | episodes/sec=3.27 | gpu_util_mean=1% gpu_util_max=1% | gpu_mem_mean=2.3/47.8GB
timesteps=4594080 | env_steps/sec=278.6 | episodes/sec=3.68 | gpu_util_mean=0% gpu_util_max=0% | gpu_mem_mean=2.3/47.8GB
timesteps=4595616 | env_steps/sec=293.3 | episodes/sec=5.54 | gpu_util_mean=0% gpu_util_max=0% | gpu_mem_mean=2.3/47.8GB
timesteps=4597056 | env_steps/sec=281.6 | episodes/sec=4.30 | gpu_util_mean=0% gpu_util_max=0% | gpu_mem_mean=2.3/47.8GB
timesteps=4598592 | env_steps/sec=291.3 | episodes/sec=3.60 | gpu_util_mean=0% gpu_util_max=0% | gpu_mem_mean=2.3/47.8GB
timesteps=4600128 | env_steps/sec=293.1 | episodes/sec=3.63 | gpu_util_mean=0% gpu_util_max=1% | gpu_mem_mean=2.3/47.8GB
timesteps=4601664 | env_steps/sec=301.5 | episodes/sec=4.91 | gpu_util_mean=0% gpu_util_max=0% | gpu_mem_mean=2.3/47.8GB
timesteps=4603200 | env_steps/sec=297.8 | episodes/sec=5.04 | gpu_util_mean=0% gpu_util_max=1% | gpu_mem_mean=2.3/47.8GB
timesteps=4604736 | env_steps/sec=298.8 | episodes/sec=3.70 | gpu_util_mean=0% gpu_util_max=1% | gpu_mem_mean=2.3/47.8GB
timesteps=4606272 | env_steps/sec=286.9 | episodes/sec=4.11 | gpu_util_mean=0% gpu_util_max=0% | gpu_mem_mean=2.3/47.8GB
timesteps=4607712 | env_steps/sec=283.5 | episodes/sec=4.53 | gpu_util_mean=0% gpu_util_max=0% | gpu_mem_mean=2.3/47.8GB
timesteps=4609248 | env_steps/sec=302.4 | episodes/sec=4.72 | gpu_util_mean=0% gpu_util_max=0% | gpu_mem_mean=2.3/47.8GB
timesteps=4610784 | env_steps/sec=297.4 | episodes/sec=3.29 | gpu_util_mean=0% gpu_util_max=0% | gpu_mem_mean=2.3/47.8GB
timesteps=4612320 | env_steps/sec=300.1 | episodes/sec=4.69 | gpu_util_mean=0% gpu_util_max=0% | gpu_mem_mean=2.3/47.8GB
timesteps=4613856 | env_steps/sec=299.2 | episodes/sec=3.70 | gpu_util_mean=1% gpu_util_max=1% | gpu_mem_mean=2.3/47.8GB
timesteps=4615392 | env_steps/sec=305.5 | episodes/sec=4.97 | gpu_util_mean=14% gpu_util_max=29% | gpu_mem_mean=2.3/47.8GB
timesteps=4617024 | env_steps/sec=316.9 | episodes/sec=4.85 | gpu_util_mean=16% gpu_util_max=33% | gpu_mem_mean=2.3/47.8GB
timesteps=4618560 | env_steps/sec=292.5 | episodes/sec=4.00 | gpu_util_mean=0% gpu_util_max=0% | gpu_mem_mean=2.3/47.8GB
timesteps=4620000 | env_steps/sec=275.6 | episodes/sec=3.25 | gpu_util_mean=0% gpu_util_max=1% | gpu_mem_mean=2.3/47.8GB
-------------------------------------------
| gpu/                      |             |
|    gpu_count              | 2           |
|    gpu_mem_total_gb_mean  | 47.8        |
|    gpu_mem_used_gb_mean   | 2.33        |
|    gpu_util_pct_max       | 1           |
|    gpu_util_pct_mean      | 0.5         |
| profile/                  |             |
|    hard/damage_mean       | 0.255       |
|    hard/ep_len_mean       | 64.3        |
|    hard/ep_rew_mean       | 0.201       |
|    hard/episodes_window   | 200         |
|    hard/p_damage_ge_90    | 0           |
|    hard/p_stars_ge_2      | 0.005       |
|    hard/score_mean        | 0.265       |
|    hard/stars_mean        | 0.01        |
|    hard/ticks_mean        | 639         |
|    hard/truncated_rate    | 0.025       |
|    medium/damage_mean     | 0.728       |
|    medium/ep_len_mean     | 74.1        |
|    medium/ep_rew_mean     | 2.26        |
|    medium/episodes_window | 200         |
|    medium/p_damage_ge_90  | 0.24        |
|    medium/p_stars_ge_2    | 0.635       |
|    medium/score_mean      | 2.34        |
|    medium/stars_mean      | 1.61        |
|    medium/ticks_mean      | 737         |
|    medium/truncated_rate  | 0.165       |
| rollout/                  |             |
|    ep_len_mean            | 71          |
|    ep_rew_mean            | 1.23        |
| throughput/               |             |
|    env_steps_per_sec      | 276         |
|    episodes_per_sec       | 3.25        |
| time/                     |             |
|    fps                    | 274         |
|    iterations             | 94          |
|    time_elapsed           | 16848       |
|    total_timesteps        | 4620288     |
| train/                    |             |
|    approx_kl              | 0.015165609 |
|    clip_fraction          | 0.164       |
|    clip_range             | 0.2         |
|    entropy_loss           | -4.98       |
|    explained_variance     | 0.896       |
|    learning_rate          | 0.0003      |
|    loss                   | -0.0466     |
|    n_updates              | 930         |
|    policy_gradient_loss   | -0.0231     |
|    value_loss             | 0.0586      |
-------------------------------------------
timesteps=4620384 | env_steps/sec=46.9 | episodes/sec=0.73 | gpu_util_mean=18% gpu_util_max=37% | gpu_mem_mean=2.3/47.8GB
timesteps=4621920 | env_steps/sec=302.9 | episodes/sec=4.73 | gpu_util_mean=0% gpu_util_max=1% | gpu_mem_mean=2.3/47.8GB
timesteps=4623456 | env_steps/sec=291.7 | episodes/sec=4.75 | gpu_util_mean=0% gpu_util_max=0% | gpu_mem_mean=2.3/47.8GB
timesteps=4624992 | env_steps/sec=296.0 | episodes/sec=4.05 | gpu_util_mean=0% gpu_util_max=1% | gpu_mem_mean=2.3/47.8GB
timesteps=4626528 | env_steps/sec=305.9 | episodes/sec=3.98 | gpu_util_mean=0% gpu_util_max=0% | gpu_mem_mean=2.3/47.8GB
timesteps=4628064 | env_steps/sec=291.0 | episodes/sec=3.79 | gpu_util_mean=1% gpu_util_max=1% | gpu_mem_mean=2.3/47.8GB
timesteps=4629600 | env_steps/sec=303.7 | episodes/sec=5.34 | gpu_util_mean=0% gpu_util_max=1% | gpu_mem_mean=2.3/47.8GB
timesteps=4631136 | env_steps/sec=293.9 | episodes/sec=4.59 | gpu_util_mean=0% gpu_util_max=1% | gpu_mem_mean=2.3/47.8GB
timesteps=4632672 | env_steps/sec=306.6 | episodes/sec=3.59 | gpu_util_mean=1% gpu_util_max=1% | gpu_mem_mean=2.3/47.8GB
timesteps=4634208 | env_steps/sec=290.7 | episodes/sec=3.97 | gpu_util_mean=0% gpu_util_max=1% | gpu_mem_mean=2.3/47.8GB
timesteps=4635744 | env_steps/sec=302.9 | episodes/sec=4.73 | gpu_util_mean=1% gpu_util_max=1% | gpu_mem_mean=2.3/47.8GB
timesteps=4637376 | env_steps/sec=322.5 | episodes/sec=4.94 | gpu_util_mean=0% gpu_util_max=0% | gpu_mem_mean=2.3/47.8GB
timesteps=4638912 | env_steps/sec=304.5 | episodes/sec=5.35 | gpu_util_mean=0% gpu_util_max=0% | gpu_mem_mean=2.3/47.8GB
timesteps=4640352 | env_steps/sec=283.5 | episodes/sec=1.77 | gpu_util_mean=0% gpu_util_max=0% | gpu_mem_mean=2.3/47.8GB
timesteps=4641888 | env_steps/sec=299.7 | episodes/sec=5.85 | gpu_util_mean=0% gpu_util_max=0% | gpu_mem_mean=2.3/47.8GB
timesteps=4643424 | env_steps/sec=296.3 | episodes/sec=4.63 | gpu_util_mean=0% gpu_util_max=0% | gpu_mem_mean=2.3/47.8GB
timesteps=4644864 | env_steps/sec=284.4 | episodes/sec=3.95 | gpu_util_mean=0% gpu_util_max=0% | gpu_mem_mean=2.3/47.8GB
timesteps=4646304 | env_steps/sec=277.2 | episodes/sec=3.66 | gpu_util_mean=0% gpu_util_max=1% | gpu_mem_mean=2.3/47.8GB
timesteps=4647840 | env_steps/sec=304.6 | episodes/sec=3.77 | gpu_util_mean=0% gpu_util_max=0% | gpu_mem_mean=2.3/47.8GB
timesteps=4649376 | env_steps/sec=303.9 | episodes/sec=5.54 | gpu_util_mean=0% gpu_util_max=0% | gpu_mem_mean=2.3/47.8GB
timesteps=4650912 | env_steps/sec=293.8 | episodes/sec=3.06 | gpu_util_mean=0% gpu_util_max=0% | gpu_mem_mean=2.3/47.8GB
timesteps=4652448 | env_steps/sec=295.9 | episodes/sec=5.39 | gpu_util_mean=1% gpu_util_max=1% | gpu_mem_mean=2.3/47.8GB
timesteps=4653888 | env_steps/sec=283.5 | episodes/sec=3.54 | gpu_util_mean=1% gpu_util_max=1% | gpu_mem_mean=2.3/47.8GB
timesteps=4655328 | env_steps/sec=284.4 | episodes/sec=4.54 | gpu_util_mean=0% gpu_util_max=1% | gpu_mem_mean=2.3/47.8GB
timesteps=4656864 | env_steps/sec=292.3 | episodes/sec=3.62 | gpu_util_mean=0% gpu_util_max=1% | gpu_mem_mean=2.3/47.8GB
timesteps=4658400 | env_steps/sec=304.7 | episodes/sec=5.16 | gpu_util_mean=1% gpu_util_max=1% | gpu_mem_mean=2.3/47.8GB
timesteps=4659936 | env_steps/sec=306.5 | episodes/sec=4.59 | gpu_util_mean=0% gpu_util_max=0% | gpu_mem_mean=2.3/47.8GB
timesteps=4661376 | env_steps/sec=287.4 | episodes/sec=3.99 | gpu_util_mean=0% gpu_util_max=0% | gpu_mem_mean=2.3/47.8GB
timesteps=4662912 | env_steps/sec=300.6 | episodes/sec=3.91 | gpu_util_mean=0% gpu_util_max=0% | gpu_mem_mean=2.3/47.8GB
timesteps=4664448 | env_steps/sec=295.1 | episodes/sec=5.19 | gpu_util_mean=0% gpu_util_max=0% | gpu_mem_mean=2.3/47.8GB
timesteps=4665984 | env_steps/sec=307.0 | episodes/sec=4.00 | gpu_util_mean=18% gpu_util_max=37% | gpu_mem_mean=2.3/47.8GB
timesteps=4667520 | env_steps/sec=302.7 | episodes/sec=4.14 | gpu_util_mean=0% gpu_util_max=1% | gpu_mem_mean=2.3/47.8GB
timesteps=4669056 | env_steps/sec=291.5 | episodes/sec=3.80 | gpu_util_mean=0% gpu_util_max=0% | gpu_mem_mean=2.3/47.8GB
-------------------------------------------
| gpu/                      |             |
|    gpu_count              | 2           |
|    gpu_mem_total_gb_mean  | 47.8        |
|    gpu_mem_used_gb_mean   | 2.33        |
|    gpu_util_pct_max       | 0           |
|    gpu_util_pct_mean      | 0           |
| profile/                  |             |
|    hard/damage_mean       | 0.246       |
|    hard/ep_len_mean       | 63.8        |
|    hard/ep_rew_mean       | 0.188       |
|    hard/episodes_window   | 200         |
|    hard/p_damage_ge_90    | 0           |
|    hard/p_stars_ge_2      | 0           |
|    hard/score_mean        | 0.251       |
|    hard/stars_mean        | 0.005       |
|    hard/ticks_mean        | 634         |
|    hard/truncated_rate    | 0.02        |
|    medium/damage_mean     | 0.751       |
|    medium/ep_len_mean     | 74.9        |
|    medium/ep_rew_mean     | 2.42        |
|    medium/episodes_window | 200         |
|    medium/p_damage_ge_90  | 0.275       |
|    medium/p_stars_ge_2    | 0.685       |
|    medium/score_mean      | 2.49        |
|    medium/stars_mean      | 1.74        |
|    medium/ticks_mean      | 745         |
|    medium/truncated_rate  | 0.205       |
| rollout/                  |             |
|    ep_len_mean            | 69.2        |
|    ep_rew_mean            | 1.18        |
| throughput/               |             |
|    env_steps_per_sec      | 292         |
|    episodes_per_sec       | 3.8         |
| time/                     |             |
|    fps                    | 274         |
|    iterations             | 95          |
|    time_elapsed           | 17020       |
|    total_timesteps        | 4669440     |
| train/                    |             |
|    approx_kl              | 0.008840185 |
|    clip_fraction          | 0.0723      |
|    clip_range             | 0.2         |
|    entropy_loss           | -4.95       |
|    explained_variance     | 0.898       |
|    learning_rate          | 0.0003      |
|    loss                   | -0.0432     |
|    n_updates              | 940         |
|    policy_gradient_loss   | -0.017      |
|    value_loss             | 0.0788      |
-------------------------------------------
timesteps=4669536 | env_steps/sec=55.2 | episodes/sec=0.92 | gpu_util_mean=0% gpu_util_max=0% | gpu_mem_mean=2.3/47.8GB
timesteps=4670976 | env_steps/sec=270.9 | episodes/sec=4.89 | gpu_util_mean=1% gpu_util_max=1% | gpu_mem_mean=2.3/47.8GB
timesteps=4672416 | env_steps/sec=280.1 | episodes/sec=3.31 | gpu_util_mean=0% gpu_util_max=1% | gpu_mem_mean=2.3/47.8GB
timesteps=4673856 | env_steps/sec=271.8 | episodes/sec=4.72 | gpu_util_mean=0% gpu_util_max=1% | gpu_mem_mean=2.3/47.8GB
timesteps=4675392 | env_steps/sec=290.5 | episodes/sec=3.40 | gpu_util_mean=0% gpu_util_max=0% | gpu_mem_mean=2.3/47.8GB
timesteps=4676832 | env_steps/sec=280.5 | episodes/sec=4.48 | gpu_util_mean=0% gpu_util_max=1% | gpu_mem_mean=2.3/47.8GB
timesteps=4678272 | env_steps/sec=274.3 | episodes/sec=4.00 | gpu_util_mean=0% gpu_util_max=0% | gpu_mem_mean=2.3/47.8GB
timesteps=4679808 | env_steps/sec=288.9 | episodes/sec=4.70 | gpu_util_mean=0% gpu_util_max=0% | gpu_mem_mean=2.3/47.8GB
timesteps=4681248 | env_steps/sec=285.0 | episodes/sec=3.17 | gpu_util_mean=0% gpu_util_max=0% | gpu_mem_mean=2.3/47.8GB
timesteps=4682688 | env_steps/sec=272.7 | episodes/sec=5.11 | gpu_util_mean=0% gpu_util_max=1% | gpu_mem_mean=2.3/47.8GB
timesteps=4684224 | env_steps/sec=298.3 | episodes/sec=3.50 | gpu_util_mean=0% gpu_util_max=0% | gpu_mem_mean=2.3/47.8GB
timesteps=4685760 | env_steps/sec=306.2 | episodes/sec=5.98 | gpu_util_mean=0% gpu_util_max=1% | gpu_mem_mean=2.3/47.8GB
timesteps=4687296 | env_steps/sec=292.9 | episodes/sec=3.24 | gpu_util_mean=0% gpu_util_max=0% | gpu_mem_mean=2.3/47.8GB
timesteps=4688832 | env_steps/sec=298.5 | episodes/sec=3.89 | gpu_util_mean=0% gpu_util_max=0% | gpu_mem_mean=2.3/47.8GB
timesteps=4690368 | env_steps/sec=307.1 | episodes/sec=4.40 | gpu_util_mean=0% gpu_util_max=0% | gpu_mem_mean=2.3/47.8GB
timesteps=4692000 | env_steps/sec=315.0 | episodes/sec=5.60 | gpu_util_mean=0% gpu_util_max=1% | gpu_mem_mean=2.3/47.8GB
timesteps=4693536 | env_steps/sec=300.2 | episodes/sec=4.30 | gpu_util_mean=0% gpu_util_max=1% | gpu_mem_mean=2.3/47.8GB
timesteps=4695072 | env_steps/sec=295.8 | episodes/sec=4.43 | gpu_util_mean=0% gpu_util_max=0% | gpu_mem_mean=2.3/47.8GB
timesteps=4696608 | env_steps/sec=289.5 | episodes/sec=4.15 | gpu_util_mean=0% gpu_util_max=1% | gpu_mem_mean=2.3/47.8GB
timesteps=4698144 | env_steps/sec=306.4 | episodes/sec=3.59 | gpu_util_mean=1% gpu_util_max=1% | gpu_mem_mean=2.3/47.8GB
timesteps=4699776 | env_steps/sec=324.1 | episodes/sec=5.16 | gpu_util_mean=0% gpu_util_max=1% | gpu_mem_mean=2.3/47.8GB
timesteps=4701312 | env_steps/sec=299.3 | episodes/sec=4.48 | gpu_util_mean=0% gpu_util_max=1% | gpu_mem_mean=2.3/47.8GB
timesteps=4702848 | env_steps/sec=294.9 | episodes/sec=4.61 | gpu_util_mean=0% gpu_util_max=1% | gpu_mem_mean=2.3/47.8GB
timesteps=4704384 | env_steps/sec=293.9 | episodes/sec=3.64 | gpu_util_mean=0% gpu_util_max=0% | gpu_mem_mean=2.3/47.8GB
timesteps=4705920 | env_steps/sec=288.4 | episodes/sec=4.51 | gpu_util_mean=0% gpu_util_max=0% | gpu_mem_mean=2.3/47.8GB
timesteps=4707456 | env_steps/sec=292.2 | episodes/sec=3.61 | gpu_util_mean=0% gpu_util_max=1% | gpu_mem_mean=2.3/47.8GB
timesteps=4708896 | env_steps/sec=274.6 | episodes/sec=4.96 | gpu_util_mean=0% gpu_util_max=0% | gpu_mem_mean=2.3/47.8GB
timesteps=4710336 | env_steps/sec=282.9 | episodes/sec=3.54 | gpu_util_mean=0% gpu_util_max=1% | gpu_mem_mean=2.3/47.8GB
timesteps=4711776 | env_steps/sec=279.5 | episodes/sec=4.66 | gpu_util_mean=0% gpu_util_max=0% | gpu_mem_mean=2.3/47.8GB
timesteps=4713216 | env_steps/sec=279.6 | episodes/sec=3.88 | gpu_util_mean=0% gpu_util_max=0% | gpu_mem_mean=2.3/47.8GB
timesteps=4714752 | env_steps/sec=295.6 | episodes/sec=4.43 | gpu_util_mean=0% gpu_util_max=1% | gpu_mem_mean=2.3/47.8GB
timesteps=4716288 | env_steps/sec=299.1 | episodes/sec=4.28 | gpu_util_mean=14% gpu_util_max=28% | gpu_mem_mean=2.3/47.8GB
timesteps=4717824 | env_steps/sec=297.8 | episodes/sec=4.85 | gpu_util_mean=0% gpu_util_max=0% | gpu_mem_mean=2.3/47.8GB
-------------------------------------------
| gpu/                      |             |
|    gpu_count              | 2           |
|    gpu_mem_total_gb_mean  | 47.8        |
|    gpu_mem_used_gb_mean   | 2.33        |
|    gpu_util_pct_max       | 0           |
|    gpu_util_pct_mean      | 0           |
| profile/                  |             |
|    hard/damage_mean       | 0.247       |
|    hard/ep_len_mean       | 64.2        |
|    hard/ep_rew_mean       | 0.203       |
|    hard/episodes_window   | 200         |
|    hard/p_damage_ge_90    | 0           |
|    hard/p_stars_ge_2      | 0.005       |
|    hard/score_mean        | 0.267       |
|    hard/stars_mean        | 0.02        |
|    hard/ticks_mean        | 638         |
|    hard/truncated_rate    | 0.04        |
|    medium/damage_mean     | 0.744       |
|    medium/ep_len_mean     | 73.5        |
|    medium/ep_rew_mean     | 2.41        |
|    medium/episodes_window | 200         |
|    medium/p_damage_ge_90  | 0.27        |
|    medium/p_stars_ge_2    | 0.665       |
|    medium/score_mean      | 2.48        |
|    medium/stars_mean      | 1.74        |
|    medium/ticks_mean      | 731         |
|    medium/truncated_rate  | 0.13        |
| rollout/                  |             |
|    ep_len_mean            | 67.6        |
|    ep_rew_mean            | 1.25        |
| throughput/               |             |
|    env_steps_per_sec      | 298         |
|    episodes_per_sec       | 4.85        |
| time/                     |             |
|    fps                    | 274         |
|    iterations             | 96          |
|    time_elapsed           | 17196       |
|    total_timesteps        | 4718592     |
| train/                    |             |
|    approx_kl              | 0.022870252 |
|    clip_fraction          | 0.142       |
|    clip_range             | 0.2         |
|    entropy_loss           | -4.94       |
|    explained_variance     | 0.892       |
|    learning_rate          | 0.0003      |
|    loss                   | -0.0536     |
|    n_updates              | 950         |
|    policy_gradient_loss   | -0.0194     |
|    value_loss             | 0.0635      |
-------------------------------------------
timesteps=4718688 | env_steps/sec=87.3 | episodes/sec=1.31 | gpu_util_mean=0% gpu_util_max=0% | gpu_mem_mean=2.3/47.8GB
timesteps=4720128 | env_steps/sec=284.2 | episodes/sec=4.93 | gpu_util_mean=0% gpu_util_max=1% | gpu_mem_mean=2.3/47.8GB
timesteps=4721472 | env_steps/sec=268.0 | episodes/sec=2.99 | gpu_util_mean=0% gpu_util_max=0% | gpu_mem_mean=2.3/47.8GB
timesteps=4723008 | env_steps/sec=294.1 | episodes/sec=3.45 | gpu_util_mean=0% gpu_util_max=0% | gpu_mem_mean=2.3/47.8GB
timesteps=4724448 | env_steps/sec=271.4 | episodes/sec=3.77 | gpu_util_mean=0% gpu_util_max=1% | gpu_mem_mean=2.3/47.8GB
timesteps=4725984 | env_steps/sec=302.3 | episodes/sec=5.31 | gpu_util_mean=0% gpu_util_max=1% | gpu_mem_mean=2.3/47.8GB
timesteps=4727328 | env_steps/sec=262.2 | episodes/sec=4.88 | gpu_util_mean=0% gpu_util_max=0% | gpu_mem_mean=2.3/47.8GB
timesteps=4728768 | env_steps/sec=279.1 | episodes/sec=2.33 | gpu_util_mean=1% gpu_util_max=1% | gpu_mem_mean=2.3/47.8GB
timesteps=4730208 | env_steps/sec=282.9 | episodes/sec=4.52 | gpu_util_mean=0% gpu_util_max=0% | gpu_mem_mean=2.3/47.8GB
timesteps=4731648 | env_steps/sec=282.3 | episodes/sec=3.73 | gpu_util_mean=0% gpu_util_max=0% | gpu_mem_mean=2.3/47.8GB
timesteps=4733088 | env_steps/sec=284.9 | episodes/sec=5.14 | gpu_util_mean=1% gpu_util_max=1% | gpu_mem_mean=2.3/47.8GB
timesteps=4734624 | env_steps/sec=305.3 | episodes/sec=3.98 | gpu_util_mean=0% gpu_util_max=1% | gpu_mem_mean=2.3/47.8GB
timesteps=4736064 | env_steps/sec=272.8 | episodes/sec=3.60 | gpu_util_mean=0% gpu_util_max=0% | gpu_mem_mean=2.3/47.8GB
timesteps=4737504 | env_steps/sec=276.4 | episodes/sec=4.22 | gpu_util_mean=0% gpu_util_max=0% | gpu_mem_mean=2.3/47.8GB
timesteps=4738944 | env_steps/sec=272.0 | episodes/sec=4.35 | gpu_util_mean=0% gpu_util_max=1% | gpu_mem_mean=2.3/47.8GB
timesteps=4740384 | env_steps/sec=283.4 | episodes/sec=3.74 | gpu_util_mean=0% gpu_util_max=1% | gpu_mem_mean=2.3/47.8GB
timesteps=4741824 | env_steps/sec=274.0 | episodes/sec=4.95 | gpu_util_mean=0% gpu_util_max=1% | gpu_mem_mean=2.3/47.8GB
timesteps=4743264 | env_steps/sec=279.9 | episodes/sec=2.14 | gpu_util_mean=0% gpu_util_max=0% | gpu_mem_mean=2.3/47.8GB
timesteps=4744800 | env_steps/sec=299.2 | episodes/sec=4.67 | gpu_util_mean=0% gpu_util_max=0% | gpu_mem_mean=2.3/47.8GB
timesteps=4746144 | env_steps/sec=266.4 | episodes/sec=3.96 | gpu_util_mean=0% gpu_util_max=1% | gpu_mem_mean=2.3/47.8GB
timesteps=4747680 | env_steps/sec=293.0 | episodes/sec=5.15 | gpu_util_mean=0% gpu_util_max=1% | gpu_mem_mean=2.3/47.8GB
timesteps=4749120 | env_steps/sec=282.4 | episodes/sec=3.53 | gpu_util_mean=0% gpu_util_max=1% | gpu_mem_mean=2.3/47.8GB
timesteps=4750560 | env_steps/sec=283.3 | episodes/sec=2.95 | gpu_util_mean=0% gpu_util_max=0% | gpu_mem_mean=2.3/47.8GB
timesteps=4752192 | env_steps/sec=306.6 | episodes/sec=5.26 | gpu_util_mean=0% gpu_util_max=0% | gpu_mem_mean=2.3/47.8GB
timesteps=4753728 | env_steps/sec=290.0 | episodes/sec=4.53 | gpu_util_mean=0% gpu_util_max=1% | gpu_mem_mean=2.3/47.8GB
timesteps=4755264 | env_steps/sec=298.8 | episodes/sec=3.70 | gpu_util_mean=0% gpu_util_max=1% | gpu_mem_mean=2.3/47.8GB
timesteps=4756800 | env_steps/sec=297.0 | episodes/sec=4.45 | gpu_util_mean=0% gpu_util_max=0% | gpu_mem_mean=2.3/47.8GB
timesteps=4758240 | env_steps/sec=286.8 | episodes/sec=3.58 | gpu_util_mean=0% gpu_util_max=0% | gpu_mem_mean=2.3/47.8GB
timesteps=4759776 | env_steps/sec=295.1 | episodes/sec=5.57 | gpu_util_mean=0% gpu_util_max=1% | gpu_mem_mean=2.3/47.8GB
timesteps=4761312 | env_steps/sec=304.7 | episodes/sec=5.16 | gpu_util_mean=0% gpu_util_max=1% | gpu_mem_mean=2.3/47.8GB
timesteps=4762848 | env_steps/sec=293.2 | episodes/sec=2.86 | gpu_util_mean=0% gpu_util_max=1% | gpu_mem_mean=2.3/47.8GB
timesteps=4764384 | env_steps/sec=306.5 | episodes/sec=4.19 | gpu_util_mean=16% gpu_util_max=31% | gpu_mem_mean=2.3/47.8GB
timesteps=4765920 | env_steps/sec=302.3 | episodes/sec=3.94 | gpu_util_mean=0% gpu_util_max=1% | gpu_mem_mean=2.3/47.8GB
timesteps=4767456 | env_steps/sec=296.4 | episodes/sec=6.56 | gpu_util_mean=0% gpu_util_max=0% | gpu_mem_mean=2.3/47.8GB
-------------------------------------------
| gpu/                      |             |
|    gpu_count              | 2           |
|    gpu_mem_total_gb_mean  | 47.8        |
|    gpu_mem_used_gb_mean   | 2.33        |
|    gpu_util_pct_max       | 0           |
|    gpu_util_pct_mean      | 0           |
| profile/                  |             |
|    hard/damage_mean       | 0.235       |
|    hard/ep_len_mean       | 64.4        |
|    hard/ep_rew_mean       | 0.176       |
|    hard/episodes_window   | 200         |
|    hard/p_damage_ge_90    | 0           |
|    hard/p_stars_ge_2      | 0           |
|    hard/score_mean        | 0.24        |
|    hard/stars_mean        | 0.005       |
|    hard/ticks_mean        | 640         |
|    hard/truncated_rate    | 0.04        |
|    medium/damage_mean     | 0.739       |
|    medium/ep_len_mean     | 74.3        |
|    medium/ep_rew_mean     | 2.38        |
|    medium/episodes_window | 200         |
|    medium/p_damage_ge_90  | 0.305       |
|    medium/p_stars_ge_2    | 0.7         |
|    medium/score_mean      | 2.45        |
|    medium/stars_mean      | 1.71        |
|    medium/ticks_mean      | 739         |
|    medium/truncated_rate  | 0.19        |
| rollout/                  |             |
|    ep_len_mean            | 68          |
|    ep_rew_mean            | 1.24        |
| throughput/               |             |
|    env_steps_per_sec      | 296         |
|    episodes_per_sec       | 6.56        |
| time/                     |             |
|    fps                    | 274         |
|    iterations             | 97          |
|    time_elapsed           | 17374       |
|    total_timesteps        | 4767744     |
| train/                    |             |
|    approx_kl              | 0.014353387 |
|    clip_fraction          | 0.152       |
|    clip_range             | 0.2         |
|    entropy_loss           | -4.91       |
|    explained_variance     | 0.912       |
|    learning_rate          | 0.0003      |
|    loss                   | -0.0581     |
|    n_updates              | 960         |
|    policy_gradient_loss   | -0.02       |
|    value_loss             | 0.0611      |
-------------------------------------------
timesteps=4767840 | env_steps/sec=45.6 | episodes/sec=0.59 | gpu_util_mean=0% gpu_util_max=1% | gpu_mem_mean=2.3/47.8GB
timesteps=4769280 | env_steps/sec=282.9 | episodes/sec=3.14 | gpu_util_mean=0% gpu_util_max=0% | gpu_mem_mean=2.3/47.8GB
timesteps=4770720 | env_steps/sec=275.3 | episodes/sec=3.06 | gpu_util_mean=0% gpu_util_max=0% | gpu_mem_mean=2.3/47.8GB
timesteps=4772160 | env_steps/sec=283.0 | episodes/sec=4.52 | gpu_util_mean=0% gpu_util_max=0% | gpu_mem_mean=2.3/47.8GB
timesteps=4773696 | env_steps/sec=305.0 | episodes/sec=6.16 | gpu_util_mean=0% gpu_util_max=0% | gpu_mem_mean=2.3/47.8GB
timesteps=4775328 | env_steps/sec=309.0 | episodes/sec=4.73 | gpu_util_mean=0% gpu_util_max=0% | gpu_mem_mean=2.3/47.8GB
timesteps=4776768 | env_steps/sec=283.9 | episodes/sec=3.15 | gpu_util_mean=0% gpu_util_max=1% | gpu_mem_mean=2.3/47.8GB
timesteps=4778400 | env_steps/sec=309.3 | episodes/sec=3.22 | gpu_util_mean=0% gpu_util_max=0% | gpu_mem_mean=2.3/47.8GB
timesteps=4779936 | env_steps/sec=304.6 | episodes/sec=5.95 | gpu_util_mean=0% gpu_util_max=0% | gpu_mem_mean=2.3/47.8GB
timesteps=4781376 | env_steps/sec=285.5 | episodes/sec=4.76 | gpu_util_mean=0% gpu_util_max=1% | gpu_mem_mean=2.3/47.8GB
timesteps=4782912 | env_steps/sec=301.6 | episodes/sec=2.95 | gpu_util_mean=1% gpu_util_max=1% | gpu_mem_mean=2.3/47.8GB
timesteps=4784448 | env_steps/sec=291.0 | episodes/sec=5.12 | gpu_util_mean=0% gpu_util_max=1% | gpu_mem_mean=2.3/47.8GB
timesteps=4785888 | env_steps/sec=284.6 | episodes/sec=3.75 | gpu_util_mean=0% gpu_util_max=1% | gpu_mem_mean=2.3/47.8GB
timesteps=4787424 | env_steps/sec=291.5 | episodes/sec=4.74 | gpu_util_mean=0% gpu_util_max=0% | gpu_mem_mean=2.3/47.8GB
timesteps=4788864 | env_steps/sec=286.3 | episodes/sec=3.18 | gpu_util_mean=0% gpu_util_max=0% | gpu_mem_mean=2.3/47.8GB
timesteps=4790304 | env_steps/sec=275.4 | episodes/sec=4.21 | gpu_util_mean=0% gpu_util_max=0% | gpu_mem_mean=2.3/47.8GB
timesteps=4791744 | env_steps/sec=278.6 | episodes/sec=5.03 | gpu_util_mean=0% gpu_util_max=1% | gpu_mem_mean=2.3/47.8GB
timesteps=4793280 | env_steps/sec=295.3 | episodes/sec=4.04 | gpu_util_mean=0% gpu_util_max=0% | gpu_mem_mean=2.3/47.8GB
timesteps=4794816 | env_steps/sec=294.6 | episodes/sec=3.07 | gpu_util_mean=0% gpu_util_max=1% | gpu_mem_mean=2.3/47.8GB
timesteps=4796256 | env_steps/sec=278.3 | episodes/sec=4.64 | gpu_util_mean=0% gpu_util_max=1% | gpu_mem_mean=2.3/47.8GB
timesteps=4797696 | env_steps/sec=278.9 | episodes/sec=4.65 | gpu_util_mean=0% gpu_util_max=1% | gpu_mem_mean=2.3/47.8GB
timesteps=4799328 | env_steps/sec=309.6 | episodes/sec=4.17 | gpu_util_mean=1% gpu_util_max=1% | gpu_mem_mean=2.3/47.8GB
timesteps=4800864 | env_steps/sec=289.4 | episodes/sec=3.77 | gpu_util_mean=0% gpu_util_max=1% | gpu_mem_mean=2.3/47.8GB
timesteps=4802400 | env_steps/sec=290.0 | episodes/sec=3.02 | gpu_util_mean=0% gpu_util_max=0% | gpu_mem_mean=2.3/47.8GB
timesteps=4803936 | env_steps/sec=293.3 | episodes/sec=4.58 | gpu_util_mean=0% gpu_util_max=0% | gpu_mem_mean=2.3/47.8GB
timesteps=4805472 | env_steps/sec=306.5 | episodes/sec=4.99 | gpu_util_mean=0% gpu_util_max=0% | gpu_mem_mean=2.3/47.8GB
timesteps=4807008 | env_steps/sec=305.4 | episodes/sec=4.77 | gpu_util_mean=0% gpu_util_max=0% | gpu_mem_mean=2.3/47.8GB
timesteps=4808640 | env_steps/sec=307.0 | episodes/sec=3.39 | gpu_util_mean=0% gpu_util_max=0% | gpu_mem_mean=2.3/47.8GB
timesteps=4810176 | env_steps/sec=305.0 | episodes/sec=6.55 | gpu_util_mean=1% gpu_util_max=1% | gpu_mem_mean=2.3/47.8GB
timesteps=4811808 | env_steps/sec=313.7 | episodes/sec=4.23 | gpu_util_mean=18% gpu_util_max=37% | gpu_mem_mean=2.3/47.8GB
timesteps=4813440 | env_steps/sec=323.2 | episodes/sec=4.36 | gpu_util_mean=17% gpu_util_max=34% | gpu_mem_mean=2.3/47.8GB
timesteps=4814976 | env_steps/sec=293.1 | episodes/sec=3.82 | gpu_util_mean=0% gpu_util_max=0% | gpu_mem_mean=2.3/47.8GB
timesteps=4816512 | env_steps/sec=306.7 | episodes/sec=5.39 | gpu_util_mean=0% gpu_util_max=1% | gpu_mem_mean=2.3/47.8GB
-------------------------------------------
| gpu/                      |             |
|    gpu_count              | 2           |
|    gpu_mem_total_gb_mean  | 47.8        |
|    gpu_mem_used_gb_mean   | 2.33        |
|    gpu_util_pct_max       | 1           |
|    gpu_util_pct_mean      | 0.5         |
| profile/                  |             |
|    hard/damage_mean       | 0.252       |
|    hard/ep_len_mean       | 63.7        |
|    hard/ep_rew_mean       | 0.194       |
|    hard/episodes_window   | 200         |
|    hard/p_damage_ge_90    | 0           |
|    hard/p_stars_ge_2      | 0           |
|    hard/score_mean        | 0.257       |
|    hard/stars_mean        | 0.005       |
|    hard/ticks_mean        | 633         |
|    hard/truncated_rate    | 0.02        |
|    medium/damage_mean     | 0.738       |
|    medium/ep_len_mean     | 75          |
|    medium/ep_rew_mean     | 2.37        |
|    medium/episodes_window | 200         |
|    medium/p_damage_ge_90  | 0.245       |
|    medium/p_stars_ge_2    | 0.685       |
|    medium/score_mean      | 2.44        |
|    medium/stars_mean      | 1.71        |
|    medium/ticks_mean      | 746         |
|    medium/truncated_rate  | 0.175       |
| rollout/                  |             |
|    ep_len_mean            | 67          |
|    ep_rew_mean            | 1.13        |
| throughput/               |             |
|    env_steps_per_sec      | 307         |
|    episodes_per_sec       | 5.39        |
| time/                     |             |
|    fps                    | 274         |
|    iterations             | 98          |
|    time_elapsed           | 17548       |
|    total_timesteps        | 4816896     |
| train/                    |             |
|    approx_kl              | 0.012488477 |
|    clip_fraction          | 0.137       |
|    clip_range             | 0.2         |
|    entropy_loss           | -4.83       |
|    explained_variance     | 0.919       |
|    learning_rate          | 0.0003      |
|    loss                   | -0.0454     |
|    n_updates              | 970         |
|    policy_gradient_loss   | -0.0203     |
|    value_loss             | 0.0664      |
-------------------------------------------
timesteps=4816992 | env_steps/sec=53.2 | episodes/sec=0.33 | gpu_util_mean=0% gpu_util_max=0% | gpu_mem_mean=2.3/47.8GB
timesteps=4818528 | env_steps/sec=300.8 | episodes/sec=5.29 | gpu_util_mean=0% gpu_util_max=0% | gpu_mem_mean=2.3/47.8GB
timesteps=4819968 | env_steps/sec=286.7 | episodes/sec=3.38 | gpu_util_mean=0% gpu_util_max=0% | gpu_mem_mean=2.3/47.8GB
timesteps=4821408 | env_steps/sec=280.7 | episodes/sec=4.09 | gpu_util_mean=0% gpu_util_max=1% | gpu_mem_mean=2.3/47.8GB
timesteps=4823040 | env_steps/sec=311.3 | episodes/sec=4.58 | gpu_util_mean=0% gpu_util_max=1% | gpu_mem_mean=2.3/47.8GB
timesteps=4824576 | env_steps/sec=293.5 | episodes/sec=4.40 | gpu_util_mean=0% gpu_util_max=1% | gpu_mem_mean=2.3/47.8GB
timesteps=4826112 | env_steps/sec=298.1 | episodes/sec=4.08 | gpu_util_mean=1% gpu_util_max=1% | gpu_mem_mean=2.3/47.8GB
timesteps=4827744 | env_steps/sec=308.2 | episodes/sec=3.59 | gpu_util_mean=0% gpu_util_max=1% | gpu_mem_mean=2.3/47.8GB
timesteps=4829376 | env_steps/sec=316.3 | episodes/sec=4.84 | gpu_util_mean=0% gpu_util_max=0% | gpu_mem_mean=2.3/47.8GB
timesteps=4830912 | env_steps/sec=297.3 | episodes/sec=5.03 | gpu_util_mean=0% gpu_util_max=0% | gpu_mem_mean=2.3/47.8GB
timesteps=4832544 | env_steps/sec=326.0 | episodes/sec=4.00 | gpu_util_mean=0% gpu_util_max=1% | gpu_mem_mean=2.3/47.8GB
timesteps=4834080 | env_steps/sec=306.9 | episodes/sec=4.40 | gpu_util_mean=0% gpu_util_max=1% | gpu_mem_mean=2.3/47.8GB
timesteps=4835616 | env_steps/sec=292.8 | episodes/sec=4.19 | gpu_util_mean=0% gpu_util_max=0% | gpu_mem_mean=2.3/47.8GB
timesteps=4836960 | env_steps/sec=263.2 | episodes/sec=5.29 | gpu_util_mean=0% gpu_util_max=0% | gpu_mem_mean=2.3/47.8GB
timesteps=4838400 | env_steps/sec=287.0 | episodes/sec=2.99 | gpu_util_mean=0% gpu_util_max=1% | gpu_mem_mean=2.3/47.8GB
timesteps=4839936 | env_steps/sec=290.8 | episodes/sec=3.79 | gpu_util_mean=0% gpu_util_max=0% | gpu_mem_mean=2.3/47.8GB
timesteps=4841472 | env_steps/sec=305.6 | episodes/sec=4.77 | gpu_util_mean=0% gpu_util_max=1% | gpu_mem_mean=2.3/47.8GB
timesteps=4842912 | env_steps/sec=285.9 | episodes/sec=4.37 | gpu_util_mean=0% gpu_util_max=1% | gpu_mem_mean=2.3/47.8GB
timesteps=4844448 | env_steps/sec=291.7 | episodes/sec=4.56 | gpu_util_mean=0% gpu_util_max=1% | gpu_mem_mean=2.3/47.8GB
timesteps=4845984 | env_steps/sec=291.6 | episodes/sec=3.42 | gpu_util_mean=0% gpu_util_max=0% | gpu_mem_mean=2.3/47.8GB
timesteps=4847424 | env_steps/sec=285.9 | episodes/sec=3.57 | gpu_util_mean=0% gpu_util_max=0% | gpu_mem_mean=2.3/47.8GB
timesteps=4849056 | env_steps/sec=310.4 | episodes/sec=4.94 | gpu_util_mean=0% gpu_util_max=0% | gpu_mem_mean=2.3/47.8GB
timesteps=4850592 | env_steps/sec=306.3 | episodes/sec=4.79 | gpu_util_mean=0% gpu_util_max=0% | gpu_mem_mean=2.3/47.8GB
timesteps=4852128 | env_steps/sec=287.8 | episodes/sec=3.94 | gpu_util_mean=0% gpu_util_max=1% | gpu_mem_mean=2.3/47.8GB
timesteps=4853760 | env_steps/sec=314.0 | episodes/sec=5.39 | gpu_util_mean=1% gpu_util_max=1% | gpu_mem_mean=2.3/47.8GB
timesteps=4855296 | env_steps/sec=303.0 | episodes/sec=3.95 | gpu_util_mean=0% gpu_util_max=1% | gpu_mem_mean=2.3/47.8GB
timesteps=4856832 | env_steps/sec=299.9 | episodes/sec=4.88 | gpu_util_mean=0% gpu_util_max=0% | gpu_mem_mean=2.3/47.8GB
timesteps=4858272 | env_steps/sec=282.3 | episodes/sec=2.94 | gpu_util_mean=0% gpu_util_max=1% | gpu_mem_mean=2.3/47.8GB
timesteps=4859808 | env_steps/sec=296.3 | episodes/sec=4.82 | gpu_util_mean=16% gpu_util_max=31% | gpu_mem_mean=2.3/47.8GB
timesteps=4861344 | env_steps/sec=302.0 | episodes/sec=4.91 | gpu_util_mean=16% gpu_util_max=31% | gpu_mem_mean=2.3/47.8GB
timesteps=4862880 | env_steps/sec=302.8 | episodes/sec=3.94 | gpu_util_mean=0% gpu_util_max=0% | gpu_mem_mean=2.3/47.8GB
timesteps=4864320 | env_steps/sec=282.3 | episodes/sec=4.12 | gpu_util_mean=0% gpu_util_max=1% | gpu_mem_mean=2.3/47.8GB
timesteps=4865760 | env_steps/sec=282.1 | episodes/sec=3.92 | gpu_util_mean=0% gpu_util_max=0% | gpu_mem_mean=2.3/47.8GB
--------------------------------------------
| gpu/                      |              |
|    gpu_count              | 2            |
|    gpu_mem_total_gb_mean  | 47.8         |
|    gpu_mem_used_gb_mean   | 2.33         |
|    gpu_util_pct_max       | 0            |
|    gpu_util_pct_mean      | 0            |
| profile/                  |              |
|    hard/damage_mean       | 0.243        |
|    hard/ep_len_mean       | 64.5         |
|    hard/ep_rew_mean       | 0.194        |
|    hard/episodes_window   | 200          |
|    hard/p_damage_ge_90    | 0            |
|    hard/p_stars_ge_2      | 0.005        |
|    hard/score_mean        | 0.258        |
|    hard/stars_mean        | 0.015        |
|    hard/ticks_mean        | 640          |
|    hard/truncated_rate    | 0.02         |
|    medium/damage_mean     | 0.756        |
|    medium/ep_len_mean     | 74.7         |
|    medium/ep_rew_mean     | 2.45         |
|    medium/episodes_window | 200          |
|    medium/p_damage_ge_90  | 0.22         |
|    medium/p_stars_ge_2    | 0.705        |
|    medium/score_mean      | 2.52         |
|    medium/stars_mean      | 1.76         |
|    medium/ticks_mean      | 743          |
|    medium/truncated_rate  | 0.185        |
| rollout/                  |              |
|    ep_len_mean            | 68.5         |
|    ep_rew_mean            | 1.18         |
| throughput/               |              |
|    env_steps_per_sec      | 282          |
|    episodes_per_sec       | 3.92         |
| time/                     |              |
|    fps                    | 274          |
|    iterations             | 99           |
|    time_elapsed           | 17721        |
|    total_timesteps        | 4866048      |
| train/                    |              |
|    approx_kl              | 0.0138586685 |
|    clip_fraction          | 0.153        |
|    clip_range             | 0.2          |
|    entropy_loss           | -4.9         |
|    explained_variance     | 0.931        |
|    learning_rate          | 0.0003       |
|    loss                   | -0.0478      |
|    n_updates              | 980          |
|    policy_gradient_loss   | -0.0184      |
|    value_loss             | 0.0614       |
--------------------------------------------
timesteps=4866144 | env_steps/sec=47.3 | episodes/sec=0.62 | gpu_util_mean=18% gpu_util_max=37% | gpu_mem_mean=2.3/47.8GB
timesteps=4867680 | env_steps/sec=288.0 | episodes/sec=5.62 | gpu_util_mean=0% gpu_util_max=0% | gpu_mem_mean=2.3/47.8GB
timesteps=4869216 | env_steps/sec=291.9 | episodes/sec=2.47 | gpu_util_mean=0% gpu_util_max=0% | gpu_mem_mean=2.3/47.8GB
timesteps=4870752 | env_steps/sec=296.3 | episodes/sec=5.40 | gpu_util_mean=0% gpu_util_max=0% | gpu_mem_mean=2.3/47.8GB
timesteps=4872288 | env_steps/sec=306.5 | episodes/sec=3.59 | gpu_util_mean=0% gpu_util_max=0% | gpu_mem_mean=2.3/47.8GB
timesteps=4873824 | env_steps/sec=299.1 | episodes/sec=4.87 | gpu_util_mean=0% gpu_util_max=0% | gpu_mem_mean=2.3/47.8GB
timesteps=4875360 | env_steps/sec=294.1 | episodes/sec=4.02 | gpu_util_mean=0% gpu_util_max=0% | gpu_mem_mean=2.3/47.8GB
timesteps=4876896 | env_steps/sec=296.4 | episodes/sec=5.40 | gpu_util_mean=0% gpu_util_max=1% | gpu_mem_mean=2.3/47.8GB
timesteps=4878336 | env_steps/sec=284.9 | episodes/sec=3.56 | gpu_util_mean=0% gpu_util_max=1% | gpu_mem_mean=2.3/47.8GB
timesteps=4879872 | env_steps/sec=302.4 | episodes/sec=3.94 | gpu_util_mean=0% gpu_util_max=0% | gpu_mem_mean=2.3/47.8GB
timesteps=4881504 | env_steps/sec=321.0 | episodes/sec=4.33 | gpu_util_mean=0% gpu_util_max=1% | gpu_mem_mean=2.3/47.8GB
timesteps=4883136 | env_steps/sec=309.5 | episodes/sec=5.50 | gpu_util_mean=0% gpu_util_max=0% | gpu_mem_mean=2.3/47.8GB
timesteps=4884672 | env_steps/sec=298.4 | episodes/sec=3.69 | gpu_util_mean=0% gpu_util_max=0% | gpu_mem_mean=2.3/47.8GB
timesteps=4886208 | env_steps/sec=304.2 | episodes/sec=4.36 | gpu_util_mean=1% gpu_util_max=1% | gpu_mem_mean=2.3/47.8GB
timesteps=4887648 | env_steps/sec=274.4 | episodes/sec=2.86 | gpu_util_mean=0% gpu_util_max=0% | gpu_mem_mean=2.3/47.8GB
timesteps=4889184 | env_steps/sec=300.6 | episodes/sec=5.28 | gpu_util_mean=1% gpu_util_max=1% | gpu_mem_mean=2.3/47.8GB
timesteps=4890816 | env_steps/sec=309.4 | episodes/sec=5.50 | gpu_util_mean=1% gpu_util_max=1% | gpu_mem_mean=2.3/47.8GB
timesteps=4892352 | env_steps/sec=293.5 | episodes/sec=3.63 | gpu_util_mean=0% gpu_util_max=0% | gpu_mem_mean=2.3/47.8GB
timesteps=4893888 | env_steps/sec=295.9 | episodes/sec=3.85 | gpu_util_mean=0% gpu_util_max=0% | gpu_mem_mean=2.3/47.8GB
timesteps=4895424 | env_steps/sec=291.5 | episodes/sec=4.74 | gpu_util_mean=1% gpu_util_max=1% | gpu_mem_mean=2.3/47.8GB
timesteps=4896960 | env_steps/sec=304.9 | episodes/sec=3.97 | gpu_util_mean=1% gpu_util_max=1% | gpu_mem_mean=2.3/47.8GB
timesteps=4898496 | env_steps/sec=302.6 | episodes/sec=3.94 | gpu_util_mean=0% gpu_util_max=0% | gpu_mem_mean=2.3/47.8GB
timesteps=4900032 | env_steps/sec=291.1 | episodes/sec=5.31 | gpu_util_mean=0% gpu_util_max=0% | gpu_mem_mean=2.3/47.8GB
timesteps=4901472 | env_steps/sec=282.8 | episodes/sec=4.12 | gpu_util_mean=0% gpu_util_max=0% | gpu_mem_mean=2.3/47.8GB
timesteps=4902912 | env_steps/sec=279.8 | episodes/sec=3.30 | gpu_util_mean=0% gpu_util_max=1% | gpu_mem_mean=2.3/47.8GB
timesteps=4904448 | env_steps/sec=296.1 | episodes/sec=4.24 | gpu_util_mean=0% gpu_util_max=0% | gpu_mem_mean=2.3/47.8GB
timesteps=4905888 | env_steps/sec=282.2 | episodes/sec=4.90 | gpu_util_mean=0% gpu_util_max=0% | gpu_mem_mean=2.3/47.8GB
timesteps=4907424 | env_steps/sec=303.1 | episodes/sec=4.74 | gpu_util_mean=1% gpu_util_max=1% | gpu_mem_mean=2.3/47.8GB
timesteps=4909056 | env_steps/sec=308.8 | episodes/sec=3.78 | gpu_util_mean=18% gpu_util_max=36% | gpu_mem_mean=2.3/47.8GB
timesteps=4910592 | env_steps/sec=289.7 | episodes/sec=4.15 | gpu_util_mean=0% gpu_util_max=0% | gpu_mem_mean=2.3/47.8GB
timesteps=4912128 | env_steps/sec=292.7 | episodes/sec=4.76 | gpu_util_mean=0% gpu_util_max=0% | gpu_mem_mean=2.3/47.8GB
timesteps=4913664 | env_steps/sec=289.8 | episodes/sec=4.34 | gpu_util_mean=0% gpu_util_max=0% | gpu_mem_mean=2.3/47.8GB
timesteps=4915104 | env_steps/sec=285.8 | episodes/sec=4.37 | gpu_util_mean=0% gpu_util_max=0% | gpu_mem_mean=2.3/47.8GB
-------------------------------------------
| gpu/                      |             |
|    gpu_count              | 2           |
|    gpu_mem_total_gb_mean  | 47.8        |
|    gpu_mem_used_gb_mean   | 2.33        |
|    gpu_util_pct_max       | 0           |
|    gpu_util_pct_mean      | 0           |
| profile/                  |             |
|    hard/damage_mean       | 0.254       |
|    hard/ep_len_mean       | 63.9        |
|    hard/ep_rew_mean       | 0.22        |
|    hard/episodes_window   | 200         |
|    hard/p_damage_ge_90    | 0           |
|    hard/p_stars_ge_2      | 0.005       |
|    hard/score_mean        | 0.284       |
|    hard/stars_mean        | 0.03        |
|    hard/ticks_mean        | 634         |
|    hard/truncated_rate    | 0.02        |
|    medium/damage_mean     | 0.758       |
|    medium/ep_len_mean     | 74.1        |
|    medium/ep_rew_mean     | 2.45        |
|    medium/episodes_window | 200         |
|    medium/p_damage_ge_90  | 0.335       |
|    medium/p_stars_ge_2    | 0.695       |
|    medium/score_mean      | 2.53        |
|    medium/stars_mean      | 1.77        |
|    medium/ticks_mean      | 737         |
|    medium/truncated_rate  | 0.17        |
| rollout/                  |             |
|    ep_len_mean            | 68.2        |
|    ep_rew_mean            | 1.42        |
| throughput/               |             |
|    env_steps_per_sec      | 286         |
|    episodes_per_sec       | 4.37        |
| time/                     |             |
|    fps                    | 274         |
|    iterations             | 100         |
|    time_elapsed           | 17894       |
|    total_timesteps        | 4915200     |
| train/                    |             |
|    approx_kl              | 0.010943085 |
|    clip_fraction          | 0.141       |
|    clip_range             | 0.2         |
|    entropy_loss           | -4.88       |
|    explained_variance     | 0.931       |
|    learning_rate          | 0.0003      |
|    loss                   | -0.046      |
|    n_updates              | 990         |
|    policy_gradient_loss   | -0.0209     |
|    value_loss             | 0.0559      |
-------------------------------------------
timesteps=4915296 | env_steps/sec=25.4 | episodes/sec=0.00 | gpu_util_mean=0% gpu_util_max=1% | gpu_mem_mean=2.3/47.8GB
timesteps=4916832 | env_steps/sec=298.1 | episodes/sec=4.08 | gpu_util_mean=0% gpu_util_max=0% | gpu_mem_mean=2.3/47.8GB
timesteps=4918368 | env_steps/sec=300.5 | episodes/sec=4.89 | gpu_util_mean=0% gpu_util_max=0% | gpu_mem_mean=2.3/47.8GB
timesteps=4919808 | env_steps/sec=284.3 | episodes/sec=4.34 | gpu_util_mean=0% gpu_util_max=1% | gpu_mem_mean=2.3/47.8GB
timesteps=4921248 | env_steps/sec=275.6 | episodes/sec=4.40 | gpu_util_mean=0% gpu_util_max=0% | gpu_mem_mean=2.3/47.8GB
timesteps=4922688 | env_steps/sec=269.2 | episodes/sec=3.37 | gpu_util_mean=0% gpu_util_max=1% | gpu_mem_mean=2.3/47.8GB
timesteps=4924224 | env_steps/sec=294.3 | episodes/sec=3.83 | gpu_util_mean=0% gpu_util_max=1% | gpu_mem_mean=2.3/47.8GB
timesteps=4925664 | env_steps/sec=276.5 | episodes/sec=5.38 | gpu_util_mean=0% gpu_util_max=1% | gpu_mem_mean=2.3/47.8GB
timesteps=4927200 | env_steps/sec=292.8 | episodes/sec=3.43 | gpu_util_mean=1% gpu_util_max=1% | gpu_mem_mean=2.3/47.8GB
timesteps=4928736 | env_steps/sec=299.5 | episodes/sec=4.68 | gpu_util_mean=0% gpu_util_max=1% | gpu_mem_mean=2.3/47.8GB
timesteps=4930176 | env_steps/sec=286.5 | episodes/sec=2.98 | gpu_util_mean=0% gpu_util_max=0% | gpu_mem_mean=2.3/47.8GB
timesteps=4931712 | env_steps/sec=305.6 | episodes/sec=4.97 | gpu_util_mean=0% gpu_util_max=0% | gpu_mem_mean=2.3/47.8GB
timesteps=4933248 | env_steps/sec=297.0 | episodes/sec=4.45 | gpu_util_mean=0% gpu_util_max=1% | gpu_mem_mean=2.3/47.8GB
timesteps=4934688 | env_steps/sec=282.2 | episodes/sec=4.70 | gpu_util_mean=0% gpu_util_max=0% | gpu_mem_mean=2.3/47.8GB
timesteps=4936128 | env_steps/sec=278.4 | episodes/sec=3.48 | gpu_util_mean=0% gpu_util_max=1% | gpu_mem_mean=2.3/47.8GB
timesteps=4937664 | env_steps/sec=288.4 | episodes/sec=3.94 | gpu_util_mean=0% gpu_util_max=1% | gpu_mem_mean=2.3/47.8GB
timesteps=4939104 | env_steps/sec=268.7 | episodes/sec=4.85 | gpu_util_mean=0% gpu_util_max=0% | gpu_mem_mean=2.3/47.8GB
timesteps=4940544 | env_steps/sec=276.0 | episodes/sec=3.83 | gpu_util_mean=0% gpu_util_max=0% | gpu_mem_mean=2.3/47.8GB
timesteps=4941888 | env_steps/sec=268.2 | episodes/sec=3.39 | gpu_util_mean=0% gpu_util_max=0% | gpu_mem_mean=2.3/47.8GB
timesteps=4943328 | env_steps/sec=280.7 | episodes/sec=4.48 | gpu_util_mean=0% gpu_util_max=1% | gpu_mem_mean=2.3/47.8GB
timesteps=4944768 | env_steps/sec=278.1 | episodes/sec=4.64 | gpu_util_mean=0% gpu_util_max=1% | gpu_mem_mean=2.3/47.8GB
timesteps=4946304 | env_steps/sec=290.0 | episodes/sec=3.96 | gpu_util_mean=0% gpu_util_max=0% | gpu_mem_mean=2.3/47.8GB
timesteps=4947744 | env_steps/sec=286.8 | episodes/sec=4.98 | gpu_util_mean=0% gpu_util_max=1% | gpu_mem_mean=2.3/47.8GB
timesteps=4949280 | env_steps/sec=288.8 | episodes/sec=3.95 | gpu_util_mean=0% gpu_util_max=1% | gpu_mem_mean=2.3/47.8GB
timesteps=4950720 | env_steps/sec=286.5 | episodes/sec=3.38 | gpu_util_mean=0% gpu_util_max=1% | gpu_mem_mean=2.3/47.8GB
timesteps=4952256 | env_steps/sec=288.7 | episodes/sec=3.38 | gpu_util_mean=0% gpu_util_max=0% | gpu_mem_mean=2.3/47.8GB
timesteps=4953696 | env_steps/sec=276.6 | episodes/sec=6.53 | gpu_util_mean=0% gpu_util_max=1% | gpu_mem_mean=2.3/47.8GB
timesteps=4955136 | env_steps/sec=282.1 | episodes/sec=2.16 | gpu_util_mean=0% gpu_util_max=0% | gpu_mem_mean=2.3/47.8GB
timesteps=4956672 | env_steps/sec=302.2 | episodes/sec=4.13 | gpu_util_mean=16% gpu_util_max=32% | gpu_mem_mean=2.3/47.8GB
timesteps=4958112 | env_steps/sec=265.4 | episodes/sec=4.24 | gpu_util_mean=0% gpu_util_max=0% | gpu_mem_mean=2.3/47.8GB
timesteps=4959648 | env_steps/sec=295.3 | episodes/sec=5.38 | gpu_util_mean=0% gpu_util_max=1% | gpu_mem_mean=2.3/47.8GB
timesteps=4961088 | env_steps/sec=275.3 | episodes/sec=3.44 | gpu_util_mean=0% gpu_util_max=1% | gpu_mem_mean=2.3/47.8GB
timesteps=4962432 | env_steps/sec=261.6 | episodes/sec=3.50 | gpu_util_mean=0% gpu_util_max=0% | gpu_mem_mean=2.3/47.8GB
timesteps=4963872 | env_steps/sec=272.6 | episodes/sec=3.41 | gpu_util_mean=0% gpu_util_max=0% | gpu_mem_mean=2.3/47.8GB
-------------------------------------------
| gpu/                      |             |
|    gpu_count              | 2           |
|    gpu_mem_total_gb_mean  | 47.8        |
|    gpu_mem_used_gb_mean   | 2.33        |
|    gpu_util_pct_max       | 0           |
|    gpu_util_pct_mean      | 0           |
| profile/                  |             |
|    hard/damage_mean       | 0.24        |
|    hard/ep_len_mean       | 63.7        |
|    hard/ep_rew_mean       | 0.177       |
|    hard/episodes_window   | 200         |
|    hard/p_damage_ge_90    | 0           |
|    hard/p_stars_ge_2      | 0           |
|    hard/score_mean        | 0.24        |
|    hard/stars_mean        | 0           |
|    hard/ticks_mean        | 632         |
|    hard/truncated_rate    | 0           |
|    medium/damage_mean     | 0.742       |
|    medium/ep_len_mean     | 72.9        |
|    medium/ep_rew_mean     | 2.36        |
|    medium/episodes_window | 200         |
|    medium/p_damage_ge_90  | 0.27        |
|    medium/p_stars_ge_2    | 0.665       |
|    medium/score_mean      | 2.44        |
|    medium/stars_mean      | 1.7         |
|    medium/ticks_mean      | 726         |
|    medium/truncated_rate  | 0.13        |
| rollout/                  |             |
|    ep_len_mean            | 68          |
|    ep_rew_mean            | 1.31        |
| throughput/               |             |
|    env_steps_per_sec      | 273         |
|    episodes_per_sec       | 3.41        |
| time/                     |             |
|    fps                    | 274         |
|    iterations             | 101         |
|    time_elapsed           | 18074       |
|    total_timesteps        | 4964352     |
| train/                    |             |
|    approx_kl              | 0.010921282 |
|    clip_fraction          | 0.125       |
|    clip_range             | 0.2         |
|    entropy_loss           | -4.93       |
|    explained_variance     | 0.933       |
|    learning_rate          | 0.0003      |
|    loss                   | -0.0407     |
|    n_updates              | 1000        |
|    policy_gradient_loss   | -0.0186     |
|    value_loss             | 0.0621      |
-------------------------------------------
timesteps=4964448 | env_steps/sec=66.0 | episodes/sec=1.49 | gpu_util_mean=18% gpu_util_max=36% | gpu_mem_mean=2.3/47.8GB
timesteps=4965888 | env_steps/sec=287.7 | episodes/sec=5.79 | gpu_util_mean=0% gpu_util_max=1% | gpu_mem_mean=2.3/47.8GB
timesteps=4967328 | env_steps/sec=280.7 | episodes/sec=3.31 | gpu_util_mean=0% gpu_util_max=0% | gpu_mem_mean=2.3/47.8GB
timesteps=4968768 | env_steps/sec=283.5 | episodes/sec=2.95 | gpu_util_mean=0% gpu_util_max=0% | gpu_mem_mean=2.3/47.8GB
timesteps=4970304 | env_steps/sec=292.2 | episodes/sec=5.52 | gpu_util_mean=0% gpu_util_max=0% | gpu_mem_mean=2.3/47.8GB
timesteps=4971744 | env_steps/sec=285.1 | episodes/sec=4.16 | gpu_util_mean=0% gpu_util_max=1% | gpu_mem_mean=2.3/47.8GB
timesteps=4973184 | env_steps/sec=277.5 | episodes/sec=4.43 | gpu_util_mean=0% gpu_util_max=0% | gpu_mem_mean=2.3/47.8GB
timesteps=4974624 | env_steps/sec=280.9 | episodes/sec=2.54 | gpu_util_mean=0% gpu_util_max=0% | gpu_mem_mean=2.3/47.8GB
timesteps=4976064 | env_steps/sec=277.3 | episodes/sec=3.85 | gpu_util_mean=1% gpu_util_max=1% | gpu_mem_mean=2.3/47.8GB
timesteps=4977696 | env_steps/sec=312.5 | episodes/sec=5.55 | gpu_util_mean=0% gpu_util_max=0% | gpu_mem_mean=2.3/47.8GB
timesteps=4979232 | env_steps/sec=300.2 | episodes/sec=5.08 | gpu_util_mean=0% gpu_util_max=0% | gpu_mem_mean=2.3/47.8GB
timesteps=4980768 | env_steps/sec=303.6 | episodes/sec=3.76 | gpu_util_mean=0% gpu_util_max=1% | gpu_mem_mean=2.3/47.8GB
timesteps=4982208 | env_steps/sec=284.7 | episodes/sec=3.95 | gpu_util_mean=0% gpu_util_max=1% | gpu_mem_mean=2.3/47.8GB
timesteps=4983744 | env_steps/sec=291.9 | episodes/sec=4.56 | gpu_util_mean=0% gpu_util_max=1% | gpu_mem_mean=2.3/47.8GB
timesteps=4985280 | env_steps/sec=294.9 | episodes/sec=4.22 | gpu_util_mean=0% gpu_util_max=1% | gpu_mem_mean=2.3/47.8GB
timesteps=4986816 | env_steps/sec=290.3 | episodes/sec=4.73 | gpu_util_mean=0% gpu_util_max=1% | gpu_mem_mean=2.3/47.8GB
timesteps=4988256 | env_steps/sec=279.0 | episodes/sec=3.49 | gpu_util_mean=0% gpu_util_max=0% | gpu_mem_mean=2.3/47.8GB
timesteps=4989792 | env_steps/sec=287.9 | episodes/sec=4.31 | gpu_util_mean=0% gpu_util_max=1% | gpu_mem_mean=2.3/47.8GB
timesteps=4991232 | env_steps/sec=284.8 | episodes/sec=4.75 | gpu_util_mean=0% gpu_util_max=1% | gpu_mem_mean=2.3/47.8GB
timesteps=4992576 | env_steps/sec=264.1 | episodes/sec=3.73 | gpu_util_mean=1% gpu_util_max=1% | gpu_mem_mean=2.3/47.8GB
timesteps=4994016 | env_steps/sec=272.0 | episodes/sec=4.34 | gpu_util_mean=0% gpu_util_max=1% | gpu_mem_mean=2.3/47.8GB
timesteps=4995456 | env_steps/sec=286.2 | episodes/sec=3.58 | gpu_util_mean=1% gpu_util_max=1% | gpu_mem_mean=2.3/47.8GB
timesteps=4996992 | env_steps/sec=293.9 | episodes/sec=4.21 | gpu_util_mean=0% gpu_util_max=0% | gpu_mem_mean=2.3/47.8GB
timesteps=4998528 | env_steps/sec=288.2 | episodes/sec=4.88 | gpu_util_mean=0% gpu_util_max=0% | gpu_mem_mean=2.3/47.8GB
timesteps=5000064 | env_steps/sec=289.9 | episodes/sec=3.78 | gpu_util_mean=0% gpu_util_max=0% | gpu_mem_mean=2.3/47.8GB
timesteps=5001600 | env_steps/sec=304.9 | episodes/sec=4.37 | gpu_util_mean=0% gpu_util_max=1% | gpu_mem_mean=2.3/47.8GB
timesteps=5003136 | env_steps/sec=291.6 | episodes/sec=4.37 | gpu_util_mean=0% gpu_util_max=0% | gpu_mem_mean=2.3/47.8GB
timesteps=5004864 | env_steps/sec=327.1 | episodes/sec=5.30 | gpu_util_mean=18% gpu_util_max=37% | gpu_mem_mean=2.3/47.8GB
timesteps=5006400 | env_steps/sec=289.6 | episodes/sec=3.58 | gpu_util_mean=0% gpu_util_max=0% | gpu_mem_mean=2.3/47.8GB
timesteps=5007840 | env_steps/sec=272.5 | episodes/sec=4.35 | gpu_util_mean=0% gpu_util_max=0% | gpu_mem_mean=2.3/47.8GB
timesteps=5009280 | env_steps/sec=276.6 | episodes/sec=3.84 | gpu_util_mean=0% gpu_util_max=0% | gpu_mem_mean=2.3/47.8GB
timesteps=5010720 | env_steps/sec=278.5 | episodes/sec=4.25 | gpu_util_mean=0% gpu_util_max=0% | gpu_mem_mean=2.3/47.8GB
timesteps=5012160 | env_steps/sec=274.2 | episodes/sec=3.62 | gpu_util_mean=0% gpu_util_max=1% | gpu_mem_mean=2.3/47.8GB
-------------------------------------------
| gpu/                      |             |
|    gpu_count              | 2           |
|    gpu_mem_total_gb_mean  | 47.8        |
|    gpu_mem_used_gb_mean   | 2.33        |
|    gpu_util_pct_max       | 1           |
|    gpu_util_pct_mean      | 0.5         |
| profile/                  |             |
|    hard/damage_mean       | 0.265       |
|    hard/ep_len_mean       | 64.2        |
|    hard/ep_rew_mean       | 0.251       |
|    hard/episodes_window   | 200         |
|    hard/p_damage_ge_90    | 0           |
|    hard/p_stars_ge_2      | 0.015       |
|    hard/score_mean        | 0.315       |
|    hard/stars_mean        | 0.05        |
|    hard/ticks_mean        | 638         |
|    hard/truncated_rate    | 0.035       |
|    medium/damage_mean     | 0.712       |
|    medium/ep_len_mean     | 72.5        |
|    medium/ep_rew_mean     | 2.26        |
|    medium/episodes_window | 200         |
|    medium/p_damage_ge_90  | 0.225       |
|    medium/p_stars_ge_2    | 0.635       |
|    medium/score_mean      | 2.34        |
|    medium/stars_mean      | 1.62        |
|    medium/ticks_mean      | 721         |
|    medium/truncated_rate  | 0.12        |
| rollout/                  |             |
|    ep_len_mean            | 68.7        |
|    ep_rew_mean            | 1.11        |
| throughput/               |             |
|    env_steps_per_sec      | 274         |
|    episodes_per_sec       | 3.62        |
| time/                     |             |
|    fps                    | 274         |
|    iterations             | 102         |
|    time_elapsed           | 18251       |
|    total_timesteps        | 5013504     |
| train/                    |             |
|    approx_kl              | 0.011329378 |
|    clip_fraction          | 0.132       |
|    clip_range             | 0.2         |
|    entropy_loss           | -4.97       |
|    explained_variance     | 0.926       |
|    learning_rate          | 0.0003      |
|    loss                   | -0.05       |
|    n_updates              | 1010        |
|    policy_gradient_loss   | -0.0191     |
|    value_loss             | 0.0611      |
-------------------------------------------
saved final model: checkpoints/maskable_ppo/spell_medium_hard_thbuf_seed61_gpu1_20260517_202807/final_model
wandb: uploading artifact spell_medium_hard_thbuf_seed61_gpu1_20260517_202807-final-model; uploading artifact spell_medium_hard_thbuf_seed61_gpu1_20260517_202807-run-status; updating run metadata
wandb: uploading artifact spell_medium_hard_thbuf_seed61_gpu1_20260517_202807-final-model; uploading artifact spell_medium_hard_thbuf_seed61_gpu1_20260517_202807-run-status
wandb: uploading artifact spell_medium_hard_thbuf_seed61_gpu1_20260517_202807-final-model
wandb: uploading history steps 7358-7397, summary, console lines 8571-8623
wandb: 
wandb: Run history:
wandb:                  global_step ▁▁▁▁▂▂▂▂▂▂▃▃▃▃▄▄▄▄▄▄▅▅▅▅▅▅▅▅▅▅▅▅▆▇▇▇████
wandb:                gpu/gpu_count ▁▁▁▁▁▁▁▁▁▁▁▁▁▁▁▁▁▁▁▁▁▁▁▁▁▁▁▁▁▁▁▁▁▁▁▁▁▁▁▁
wandb:    gpu/gpu_mem_total_gb_mean ▁▁▁▁▁▁▁▁▁▁▁▁▁▁▁▁▁▁▁▁▁▁▁▁▁▁▁▁▁▁▁▁▁▁▁▁▁▁▁▁
wandb:     gpu/gpu_mem_used_gb_mean ▁███████████████████████████████████████
wandb:         gpu/gpu_util_pct_max ▁▅▁▁▁▁▁▁▃▁▁▁▁▁▁▁▁▁█▁▁▁▁▁▁▁▁▁▁▁▁▂▁▁▁▁▁▁▁▁
wandb:        gpu/gpu_util_pct_mean ▁▁▃▁▁▁▁▁▁▁▁▁▁▁▁▁▁▁▁▁▁▁▁▁▁▁▁▁▁▁▁▁▁▁▁█▁▁▁▁
wandb:     profile/hard/damage_mean ▁▂▂▃▂▃▄▅▅▄▄▅▃▄▅▄▅▅▅▇▃▄▆▇▅▄▅▅█▇▆▆█▇▇▇▅▇█▆
wandb:     profile/hard/ep_len_mean ▆▆█▆▅▆▇▅▅▃▄▁▁▅▄▅▆▅▃▄▂▆▃▅▃▅█▇▄▆▄▅▂▃▃▂▃▃▂▃
wandb:     profile/hard/ep_rew_mean ▁▁▂▁▄▂▂▃▂▃▃▃▂▃▄▃▃▃▄▃▃▃▂▅▆▁▇▄▃▄▄▇█▅▆▅▅▇▅▄
wandb: profile/hard/episodes_window ▁▁▁▁▁▁▁▁▁▁▁▁▁▁▁▁▁▁▁▁▁▁▁▁▁▁▁▁▁▁▁▁▁▁▁▁▁▁▁▁
wandb:                          +31 ...
wandb: 
wandb: Run summary:
wandb:                  global_step 5013504
wandb:                gpu/gpu_count 2
wandb:    gpu/gpu_mem_total_gb_mean 47.78809
wandb:     gpu/gpu_mem_used_gb_mean 2.33301
wandb:         gpu/gpu_util_pct_max 1
wandb:        gpu/gpu_util_pct_mean 0.5
wandb:     profile/hard/damage_mean 0.26453
wandb:     profile/hard/ep_len_mean 64.205
wandb:     profile/hard/ep_rew_mean 0.25075
wandb: profile/hard/episodes_window 200
wandb:                          +32 ...
wandb: 
wandb: 🚀 View run spell_medium_hard_thbuf_seed61_gpu1_20260517_202807 at: https://wandb.ai/jmc314-lumenary-com/ClashAI/runs/spell_medium_hard_thbuf_seed61_gpu1_20260517_202807
wandb: ⭐️ View project at: https://wandb.ai/jmc314-lumenary-com/ClashAI
wandb: Synced 5 W&B file(s), 0 media file(s), 6 artifact file(s) and 1 other file(s)
wandb: Find logs at: ./wandb/run-20260517_202810-spell_medium_hard_thbuf_seed61_gpu1_20260517_202807/logs
