#{"t_start": 1779124162.462566, "env_id": "None"}
r,l,t,profile,damage_pct,score,stars,ticks_elapsed,spell_casts,rage_casts,freeze_casts,useful_rage_casts,useful_freeze_casts,wasted_spell_casts,wasted_rage_casts,wasted_freeze_casts,spells_remaining,rage_bonus_damage_pct,rage_bonus_defense_damage_pct,rage_bonus_townhall_damage_pct,defense_damage_pct,townhall_damage_pct,defenses_destroyed,townhall_destroyed,frozen_threat_ticks,frozen_threat_damage_pct,spell_shaping_reward_total,objective_shaping_reward_total,rage_effect_reward_total,freeze_effect_reward_total,defense_damage_reward_total,townhall_damage_reward_total,defense_destroy_reward_total,townhall_destroy_reward_total,wasted_spell_penalty_total,unused_spell_penalty_total
0.441334,60,21.559857,hard,0.37808924485125855,0.37808924485125855,0,595,4,2,2,2,2,0,0,0,0,0.003604118993135008,0.008653846153846146,0.0,0.41332417582417547,0.0,3,False,46,0.04517857142857143,0.05814537021902583,0.06459890109890105,0.0012614416475972528,0.05688392857142857,0.049598901098901055,0.0,0.015,0.0,0.0,0.0
1.705886,59,38.584279,hard,0.47911899313501144,1.4791189931350115,1,586,4,2,2,2,2,0,0,0,0,0.015617848970251745,0.0,0.09100000000000016,0.2438186813186813,0.9999999999999959,2,True,72,0.07285714285714286,0.09610910428244525,0.1892582417582414,0.005466247139588111,0.09064285714285714,0.02925824175824177,0.0999999999999996,0.01,0.05,0.0,0.0
0.511334,60,56.086816,hard,0.3729176201372994,0.3729176201372994,0,593,4,2,2,2,2,0,0,0,0,0.016338672768878317,0.0,0.07559999999999757,0.12142857142857143,0.7242666666666634,1,False,84,0.09053571428571429,0.10571853546910742,0.09199809523809492,0.0057185354691074095,0.1,0.014571428571428574,0.07242666666666635,0.005,0.0,0.0,0.0
0.384706,63,74.338727,hard,0.31024027459954234,0.31024027459954234,0,626,4,2,2,2,2,0,0,0,0,0.0,0.0,0.0,0.22554945054945055,0.0,2,False,78,0.08169642857142857,0.1,0.03706593406593407,0.0,0.1,0.02706593406593407,0.0,0.01,0.0,0.0,0.0
0.343641,60,91.891816,hard,0.30509153318077803,0.30509153318077803,0,595,4,2,2,2,2,0,0,0,0,0.0003604118993135013,0.0008653846153846158,0.0,0.2380494505494505,0.0,2,False,48,0.047142857142857146,0.05948328702190259,0.03856593406593407,0.00012614416475972547,0.05935714285714286,0.028565934065934065,0.0,0.01,0.0,0.0,0.0
0.37449,59,109.378663,hard,0.2825686498855836,0.2825686498855836,0,589,4,2,2,2,2,0,0,0,0,0.006367276887871894,0.015288461538461636,0.0,0.3216071428571422,0.0,2,False,89,0.09790178571428572,0.10222854691075517,0.04859285714285706,0.0022285469107551628,0.1,0.03859285714285706,0.0,0.01,0.0,0.0,0.0
0.435883,61,128.039142,hard,0.30635011441647597,0.30635011441647597,0,602,4,2,2,2,2,0,0,0,0,0.0,0.0,0.0,0.33832417582417584,0.364,3,False,90,0.0703125,0.097734375,0.09199890109890109,0.0,0.097734375,0.040598901098901095,0.0364,0.015,0.0,0.0,0.0
0.425799,64,147.112806,hard,0.3712242562929062,0.3712242562929062,0,638,4,2,2,2,2,0,0,0,0,0.0020423340961098625,0.004903846153846208,0.0,0.3306318681318681,0.0,3,False,58,0.0453125,0.06369919193363846,0.05467582417582416,0.0007148169336384518,0.06298437500000001,0.03967582417582416,0.0,0.015,0.0,0.0,0.0
0.162161,55,168.292702,hard,0.1822425629290619,0.1822425629290619,0,547,4,2,2,2,2,0,0,0,0,0.006727688787185429,0.0,0.0,0.2271978021978022,0.0,1,False,0,0.0,0.0023546910755149,0.03226373626373626,0.0023546910755149,0.0,0.027263736263736266,0.0,0.005,0.0,0.0,0.0
0.498595,57,185.216467,hard,0.3919908466819222,0.3919908466819222,0,570,4,2,2,2,2,0,0,0,0,0.0,0.0,0.0,0.4467032967032967,0.0,2,False,115,0.10645089285714286,0.1,0.06360439560439561,0.0,0.1,0.053604395604395616,0.0,0.01,0.0,0.0,0.0
0.252618,58,202.057055,hard,0.21175057208237974,0.21175057208237974,0,578,4,2,2,2,2,0,0,0,0,0.010091533180777934,0.0,0.0,0.26304945054945056,0.0,2,False,46,0.04075892857142857,0.05710123304184371,0.04156593406593407,0.0035320366132722773,0.053569196428571435,0.03156593406593407,0.0,0.01,0.0,0.0,0.0
0.341682,62,220.884875,hard,0.3227116704805492,0.3227116704805492,0,617,4,2,2,2,2,0,0,0,0,0.009610983981693424,0.02307692307692322,0.0,0.2803571428571417,0.0,2,False,31,0.02421875,0.037027906893592706,0.043642857142857004,0.003363844393592698,0.03366406250000001,0.033642857142857,0.0,0.01,0.0,0.0,0.0
0.481171,62,239.482202,hard,0.42165903890160183,0.42165903890160183,0,618,4,2,2,2,2,0,0,0,0,0.006041189931350175,0.01450549450549465,0.0,0.5179395604395598,0.0,3,False,34,0.03339285714285714,0.04415905933311542,0.07715274725274718,0.0021144164759725613,0.04204464285714286,0.06215274725274718,0.0,0.015,0.0,0.0,0.0
1.612636,64,258.650813,hard,0.4290045766590389,1.429004576659039,1,634,4,2,2,2,2,0,0,0,0,0.01784897025171629,0.0,0.10400000000000025,0.21978021978021978,0.9999999999999961,2,True,44,0.04321428571428571,0.06065785387381498,0.18637362637362598,0.006247139588100701,0.054410714285714284,0.026373626373626374,0.0999999999999996,0.01,0.05,0.0,0.0
0.155598,52,274.628064,hard,0.22655034324942794,0.22655034324942794,0,516,2,2,0,2,0,0,0,0,2,0.0001201372997711684,0.0002884615384615417,0.0,0.29671703296703295,0.0,1,False,0,0.0,-0.059957951945080086,0.04060604395604395,4.2048054919908934e-05,0.0,0.03560604395604395,0.0,0.005,0.0,0.0,0.06
2.86815,62,294.150194,hard,0.5969679633867276,2.5969679633867275,2,617,4,2,2,2,2,0,0,0,0,0.013335240274599643,0.0,0.0,0.5267857142857143,1.0,3,True,88,0.10125,0.10466733409610988,0.2282142857142857,0.004667334096109874,0.1,0.06321428571428572,0.1,0.015,0.05,0.0,0.0
0.323674,59,311.859915,hard,0.2653890160183066,0.2653890160183066,0,585,4,2,2,2,2,0,0,0,0,0.0018020594965675039,0.004326923076923073,0.0,0.3899725274725273,0.0,2,False,48,0.047142857142857146,0.059987863680941486,0.05679670329670327,0.0006307208237986263,0.05935714285714286,0.04679670329670327,0.0,0.01,0.0,0.0,0.0
0.410506,59,334.612306,hard,0.3499427917620137,0.3499427917620137,0,584,4,2,2,2,2,0,0,0,0,0.0012013729977116703,0.0028846153846153843,0.0,0.3457417582417581,0.0,2,False,50,0.05607142857142857,0.06747405197777051,0.05148901098901098,0.0004204805491990846,0.06705357142857142,0.04148901098901098,0.0,0.01,0.0,0.0,0.0
0.26728,62,353.014698,hard,0.17997711670480548,0.17997711670480548,0,614,4,2,2,2,2,0,0,0,0,0.0,0.0,0.0,0.32252747252747255,0.0,2,False,94,0.09446428571428571,0.1,0.048703296703296706,0.0,0.1,0.038703296703296704,0.0,0.01,0.0,0.0,0.0
0.41223,56,369.897491,hard,0.32604118993135006,0.32604118993135006,0,556,4,2,2,2,2,0,0,0,0,0.006247139588100631,0.014999999999999868,0.0,0.2883516483516477,0.0,1,False,92,0.09540178571428572,0.10218649885583522,0.039602197802197724,0.002186498855835221,0.1,0.034602197802197726,0.0,0.005,0.0,0.0,0.0
0.585649,62,389.163317,hard,0.43483981693363843,0.43483981693363843,0,612,4,2,2,2,2,0,0,0,0,0.00024027459954233416,0.0,0.0,0.2563186813186813,0.7116666666666667,2,False,96,0.075,0.10008409610983983,0.11192490842490843,8.409610983981696e-05,0.1,0.030758241758241756,0.07116666666666668,0.01,0.0,0.0,0.0
0.356273,75,412.677766,hard,0.34324942791762014,0.34324942791762014,0,749,4,2,2,2,2,0,0,0,0,0.010526315789473682,0.02527472527472527,0.0,0.32967032967032844,0.0,3,False,24,0.023571428571428573,0.03336278195488722,0.05456043956043941,0.0036842105263157885,0.02967857142857143,0.03956043956043941,0.0,0.015,0.0,0.0,0.0
0.556474,57,430.390499,hard,0.45268878718535477,0.45268878718535477,0,564,4,2,2,2,2,0,0,0,0,0.009610983981693456,0.0230769230769233,0.0,0.5924450549450554,0.0,4,False,59,0.04830357142857143,0.06909152296502129,0.09109340659340666,0.0033638443935927096,0.06572767857142858,0.07109340659340666,0.0,0.02,0.0,0.0,0.0
0.255654,86,457.220996,hard,0.22971395881006854,0.22971395881006854,0,857,4,2,2,2,2,0,0,0,0,0.001681922196796266,0.0,0.0,0.26854395604395603,0.0,1,False,46,0.06776785714285714,0.07441456562602156,0.03722527472527471,0.0005886727688786931,0.07382589285714286,0.032225274725274713,0.0,0.005,0.0,0.0,0.0
0.399193,59,475.011952,hard,0.35726544622425627,0.35726544622425627,0,588,4,2,2,2,2,0,0,0,0,0.00024027459954233416,0.0005769230769230771,0.0,0.3633241758241758,0.0,3,False,34,0.03339285714285714,0.04212873896698267,0.0585989010989011,8.409610983981696e-05,0.04204464285714286,0.0435989010989011,0.0,0.015,0.0,0.0,0.0
0.292742,90,507.177183,hard,0.28060640732265446,0.28060640732265446,0,900,4,2,2,2,2,0,0,0,0,0.0008409610983981787,0.0020192307692307914,0.0,0.4149725274725275,0.0,2,False,34,0.03339285714285714,0.04233897924158222,0.0597967032967033,0.0002943363844393625,0.04204464285714286,0.0497967032967033,0.0,0.01,0.0,0.0,0.0
0.502313,63,526.80473,hard,0.4344965675057208,0.4344965675057208,0,625,4,2,2,2,2,0,0,0,0,0.0,0.0,0.0,0.5487637362637363,0.0,3,False,40,0.039285714285714285,0.04946428571428571,0.08085164835164833,0.0,0.04946428571428571,0.06585164835164833,0.0,0.015,0.0,0.0,0.0
0.382595,59,544.281383,hard,0.3219107551487414,0.3219107551487414,0,587,4,2,2,2,2,0,0,0,0,0.021985125858123355,0.0,0.0,0.39107142857142857,0.0,3,False,42,0.038348214285714284,0.05745595476462889,0.06192857142857143,0.0076947940503431745,0.04976116071428572,0.04692857142857143,0.0,0.015,0.0,0.0,0.0
0.49349,59,562.693803,hard,0.4136727688787185,0.4136727688787185,0,588,4,2,2,2,2,0,0,0,0,0.0,0.0,0.0,0.49876373626373627,0.0,3,False,53,0.0496875,0.063765625,0.07485164835164834,0.0,0.063765625,0.05985164835164835,0.0,0.015,0.0,0.0,0.0
0.439089,57,580.2112,hard,0.37803203661327234,0.37803203661327234,0,567,4,2,2,2,2,0,0,0,0,0.0,0.0,0.0,0.41318681318681316,0.0,3,False,43,0.04223214285714286,0.05317410714285714,0.06458241758241759,0.0,0.05317410714285714,0.04958241758241758,0.0,0.015,0.0,0.0,0.0
0.58218,62,599.315139,hard,0.44702517162471395,0.44702517162471395,0,614,4,2,2,2,2,0,0,0,0,0.024221967963386864,0.05815934065934098,0.0,0.5673076923076898,0.0,4,False,82,0.08758928571428572,0.1084776887871854,0.08807692307692278,0.008477688787185403,0.1,0.06807692307692277,0.0,0.02,0.0,0.0,0.0
0.457731,66,619.846254,hard,0.36270022883295194,0.36270022883295194,0,656,4,2,2,2,2,0,0,0,0,0.015617848970251742,0.0,0.0,0.37637362637362637,0.0,2,False,92,0.10232142857142858,0.10546624713958812,0.055164835164835176,0.005466247139588109,0.1,0.045164835164835174,0.0,0.01,0.0,0.0,0.0
0.603746,59,638.251876,hard,0.4423855835240271,0.4423855835240271,0,584,4,2,2,2,2,0,0,0,0,0.020303203661326895,0.0,0.11829999999999805,0.42486263736263735,0.9092999999999949,3,False,48,0.04232142857142857,0.06284719271003585,0.15691351648351598,0.0071061212814644125,0.05574107142857143,0.050983516483516476,0.09092999999999951,0.015,0.0,0.0,0.0
0.340653,58,660.835382,hard,0.24450800915331808,0.24450800915331808,0,572,4,2,2,2,2,0,0,0,0,0.007328375286041229,0.01759615384615394,0.0,0.33983516483516396,0.0,2,False,78,0.08238839285714286,0.10256493135011444,0.050780219780219675,0.0025649313501144295,0.1,0.04078021978021967,0.0,0.01,0.0,0.0,0.0
0.369889,59,679.326144,hard,0.32151029748283755,0.32151029748283755,0,587,4,2,2,2,2,0,0,0,0,0.0,0.0,0.0,0.23131868131868133,0.112,2,False,47,0.046160714285714284,0.058120535714285715,0.04895824175824177,0.0,0.058120535714285715,0.027758241758241767,0.0112,0.01,0.0,0.0,0.0
0.568441,62,698.586846,hard,0.421824942791762,0.421824942791762,0,615,4,2,2,2,2,0,0,0,0,0.011413043478260838,0.0,0.06649999999999982,0.3901098901098901,0.9018333333333305,3,False,48,0.0375,0.0561195652173913,0.15199652014651988,0.003994565217391292,0.05212500000000001,0.0468131868131868,0.09018333333333306,0.015,0.0,0.0,0.0
0.492331,64,718.384789,hard,0.41418764302059496,0.41418764302059496,0,639,4,2,2,2,2,0,0,0,0,0.0019221967963386705,0.0,0.0,0.5,0.0,4,False,46,0.05116071428571429,0.06204330459300426,0.08,0.0006727688787185346,0.061370535714285725,0.06,0.0,0.02,0.0,0.0,0.0
1.620684,59,736.537013,hard,0.4259153318077803,1.4259153318077802,1,583,4,2,2,2,2,0,0,0,0,0.02222540045766568,0.0,0.1294999999999987,0.3614010989010989,0.9999999999999959,3,True,34,0.0265625,0.04470076516018299,0.20836813186813147,0.007778890160182987,0.036921875,0.04336813186813187,0.09999999999999959,0.015,0.05,0.0,0.0
0.45183,61,755.550388,hard,0.33200800915331746,0.33200800915331746,0,606,4,2,2,2,2,0,0,0,0,0.01621853546910693,0.0,0.05039999999999783,0.32060439560439563,0.26273333333333115,2,False,106,0.10633928571428572,0.10567648741418743,0.07474586080586058,0.005676487414187425,0.1,0.038472527472527475,0.02627333333333312,0.01,0.0,0.0,0.0
0.381804,56,772.852891,hard,0.29730549199084677,0.29730549199084677,0,557,4,2,2,2,2,0,0,0,0,0.008289473684210588,0.0,0.0,0.22747252747252747,0.0,2,False,87,0.09495535714285715,0.10290131578947372,0.037296703296703294,0.002901315789473706,0.1,0.027296703296703292,0.0,0.01,0.0,0.0,0.0
0.311638,59,790.884794,hard,0.26877574370709384,0.26877574370709384,0,583,4,2,2,2,2,0,0,0,0,0.0002402745995423368,0.0005769230769230834,0.0,0.12873626373626373,0.0,1,False,58,0.06883928571428571,0.08071356039555411,0.020448351648351647,8.409610983981787e-05,0.08062946428571428,0.015448351648351647,0.0,0.005,0.0,0.0,0.0
0.507931,59,813.519781,hard,0.425858123569794,0.425858123569794,0,587,4,2,2,2,2,0,0,0,0,0.008123569794050342,0.019505494505494502,0.0,0.528021978021977,0.0,4,False,34,0.05008928571428571,0.057410213713631905,0.08336263736263724,0.0028432494279176193,0.05456696428571429,0.06336263736263724,0.0,0.02,0.0,0.0,0.0
0.454281,59,831.881976,hard,0.35354691075514877,0.35354691075514877,0,589,4,2,2,2,2,0,0,0,0,0.02030320366132709,0.0,0.0,0.3543956043956044,0.0,2,False,113,0.11872767857142857,0.10710612128146449,0.05252747252747253,0.007106121281464481,0.1,0.04252747252747253,0.0,0.01,0.0,0.0,0.0
0.326586,58,849.709417,hard,0.23427345537757438,0.23427345537757438,0,580,4,2,2,2,2,0,0,0,0,0.0070881006864988915,0.008942307692307791,0.0,0.31526098901098865,0.0,2,False,90,0.09174107142857142,0.10248083524027461,0.04783131868131863,0.0024808352402746116,0.1,0.03783131868131863,0.0,0.01,0.0,0.0,0.0
1.66116,61,868.304571,hard,0.4895308924485126,1.4895308924485127,1,602,4,2,2,2,2,0,0,0,0,0.007568649885583591,0.018173076923077083,0.0,0.26881868131868136,1.0,2,True,34,0.0265625,0.03957090245995426,0.1922582417582418,0.002649027459954257,0.036921875,0.03225824175824176,0.1,0.01,0.05,0.0,0.0
0.326417,64,887.815191,hard,0.3033752860411899,0.3033752860411899,0,635,4,2,2,2,2,0,0,0,0,0.0038443935926772313,0.0028846153846153843,0.0,0.23392857142857146,0.0,1,False,48,0.0375,0.05347053775743704,0.03307142857142858,0.0013455377574370308,0.05212500000000001,0.028071428571428577,0.0,0.005,0.0,0.0,0.0
0.447877,59,905.732185,hard,0.34364988558352405,0.34364988558352405,0,589,4,2,2,2,2,0,0,0,0,0.024147597254004588,0.014134615384615449,0.0,0.33063186813186746,0.0,3,False,86,0.09071428571428572,0.10845165903890161,0.05467582417582409,0.008451659038901604,0.1,0.03967582417582409,0.0,0.015,0.0,0.0,0.0
0.338874,59,924.242542,hard,0.3191075514874142,0.3191075514874142,0,587,4,2,2,2,2,0,0,0,0,0.0,0.0,0.0,0.2717032967032967,0.0,2,False,29,0.02848214285714286,0.035861607142857146,0.04260439560439561,0.0,0.035861607142857146,0.03260439560439561,0.0,0.01,0.0,0.0,0.0
0.396387,56,941.288889,hard,0.3037757437070938,0.3037757437070938,0,554,4,2,2,2,2,0,0,0,0,0.0,0.0,0.0,0.31675824175824174,0.0,2,False,91,0.10084821428571429,0.1,0.04801098901098902,0.0,0.1,0.03801098901098902,0.0,0.01,0.0,0.0,0.0
0.457978,62,960.469577,hard,0.3801144164759725,0.3801144164759725,0,615,4,2,2,2,2,0,0,0,0,0.024164759725400484,0.0011538461538461043,0.0,0.4181868131868131,0.0,3,False,46,0.05696428571428572,0.07418088018960446,0.06518241758241758,0.008457665903890169,0.06572321428571429,0.05018241758241758,0.0,0.015,0.0,0.0,0.0
0.503227,64,984.473202,hard,0.41779176201373,0.41779176201373,0,638,4,2,2,2,2,0,0,0,0,0.0,0.0,0.0,0.5086538461538461,0.0,4,False,48,0.05892857142857143,0.06819642857142857,0.08103846153846153,0.0,0.06819642857142857,0.06103846153846153,0.0,0.02,0.0,0.0,0.0
0.42095,57,1001.834264,hard,0.32939931350114415,0.32939931350114415,0,565,4,2,2,2,2,0,0,0,0,0.007088100686498797,0.017019230769230627,0.0,0.2964148351648344,0.0,2,False,72,0.09428571428571429,0.10248083524027458,0.045569780219780136,0.0024808352402745787,0.1,0.035569780219780134,0.0,0.01,0.0,0.0,0.0
0.344227,60,1019.456023,hard,0.30243135011441624,0.30243135011441624,0,591,4,2,2,2,2,0,0,0,0,0.006607551487414006,0.0,0.0,0.2668956043956044,0.0,2,False,43,0.04674107142857143,0.058868446592023484,0.042027472527472534,0.002312643020594902,0.05655580357142858,0.03202747252747253,0.0,0.01,0.0,0.0,0.0
0.475301,63,1038.201091,hard,0.3988558352402746,0.3988558352402746,0,622,4,2,2,2,2,0,0,0,0,0.00420480549199085,0.010096153846153854,0.0,0.46318681318681276,0.0,3,False,47,0.05745535714285714,0.06806319977933965,0.07058241758241751,0.0014716819221967973,0.06659151785714286,0.05558241758241752,0.0,0.015,0.0,0.0,0.0
0.551689,66,1058.060738,hard,0.4710526315789474,0.4710526315789474,0,656,4,2,2,2,2,0,0,0,0,0.0,0.0,0.0,0.35755494505494506,0.077,3,False,58,0.06883928571428571,0.08062946428571428,0.0656065934065934,0.0,0.08062946428571428,0.042906593406593405,0.0077,0.015,0.0,0.0,0.0
0.359406,60,1075.507961,hard,0.32700228832951944,0.32700228832951944,0,596,4,2,2,2,2,0,0,0,0,0.0,0.0,0.0,0.2906593406593407,0.0,1,False,48,0.0375,0.05212500000000001,0.039879120879120884,0.0,0.05212500000000001,0.03487912087912089,0.0,0.005,0.0,0.0,0.0
0.384479,57,1092.232466,hard,0.30978260869565216,0.30978260869565216,0,569,4,2,2,2,2,0,0,0,0,0.0,0.0,0.0,0.24931318681318682,0.0,1,False,68,0.08357142857142857,0.09667857142857142,0.03491758241758242,0.0,0.09667857142857142,0.02991758241758242,0.0,0.005,0.0,0.0,0.0
0.329429,63,1110.830676,hard,0.23569794050343248,0.23569794050343248,0,628,4,2,2,2,2,0,0,0,0,0.023684210526315835,0.0,0.0,0.31868131868131866,0.0,2,False,96,0.10821428571428572,0.10828947368421055,0.04824175824175825,0.008289473684210541,0.1,0.038241758241758246,0.0,0.01,0.0,0.0,0.0
0.342288,59,1133.563408,hard,0.23383295194507986,0.23383295194507986,0,590,4,2,2,2,2,0,0,0,0,0.01249427917620112,0.0,0.0,0.4006868131868132,0.0,3,False,91,0.09392857142857143,0.1043729977116704,0.06308241758241759,0.004372997711670391,0.1,0.04808241758241758,0.0,0.015,0.0,0.0,0.0
0.490291,58,1151.394245,hard,0.3744279176201373,0.3744279176201373,0,574,4,2,2,2,2,0,0,0,0,0.027768878718535617,0.024230769230769385,0.0,0.4045329670329659,0.0,3,False,72,0.08946428571428572,0.10971910755148748,0.0635439560439559,0.009719107551487464,0.1,0.048543956043955894,0.0,0.015,0.0,0.0,0.0
0.305645,60,1169.784059,hard,0.2256464530892448,0.2256464530892448,0,599,4,2,2,2,2,0,0,0,0,0.0008409610983981736,0.0020192307692307792,0.0,0.2945467032967032,0.0,2,False,72,0.07767857142857143,0.09455326495586792,0.04534560439560439,0.00029433638443936074,0.09425892857142856,0.035345604395604385,0.0,0.01,0.0,0.0,0.0
0.412417,68,1190.634479,hard,0.3318649885583524,0.3318649885583524,0,672,4,2,2,2,2,0,0,0,0,0.004204805491990875,0.0,0.0,0.3023351648351648,0.0,2,False,96,0.10821428571428572,0.10147168192219681,0.04628021978021979,0.0014716819221968062,0.1,0.03628021978021979,0.0,0.01,0.0,0.0,0.0
0.391235,58,1208.657858,hard,0.3434553775743707,0.3434553775743707,0,575,4,2,2,2,2,0,0,0,0,0.0031235697940503776,0.007500000000000082,0.0,0.33016483516483486,0.0,2,False,34,0.05008928571428571,0.05566021371363192,0.049619780219780175,0.001093249427917632,0.05456696428571429,0.039619780219780174,0.0,0.01,0.0,0.0,0.0
0.252573,58,1226.457484,hard,0.20966819221967964,0.20966819221967964,0,580,4,2,2,2,2,0,0,0,0,0.001716247139588101,0.004120879120879122,0.0,0.26593406593406577,0.0,2,False,38,0.052522321428571425,0.0589924275702844,0.0419120879120879,0.0006006864988558353,0.05839174107142857,0.0319120879120879,0.0,0.01,0.0,0.0,0.0
1.665318,60,1245.047544,hard,0.4621853546910755,1.4621853546910755,1,599,4,2,2,2,2,0,0,0,0,0.015617848970251745,0.0,0.09100000000000016,0.20315934065934066,0.9999999999999959,1,True,72,0.05625,0.08365374713958813,0.1793791208791205,0.005466247139588111,0.07818750000000002,0.02437912087912088,0.09999999999999962,0.005,0.05,0.0,0.0
0.485762,66,1265.555367,hard,0.4308466819221967,0.4308466819221967,0,660,4,2,2,2,2,0,0,0,0,0.011533180778032039,0.024230769230769385,0.0,0.5038461538461526,0.051333333333333335,4,False,25,0.025044642857142856,0.035320095415168354,0.08559487179487166,0.004036613272311213,0.031283482142857144,0.060461538461538324,0.005133333333333334,0.02,0.0,0.0,0.0
0.302764,60,1288.45354,hard,0.2110526315789474,0.2110526315789474,0,592,4,2,2,2,2,0,0,0,0,0.0069679633867277425,0.00461538461538461,0.0,0.3206043956043954,0.0,2,False,144,0.1457142857142857,0.10243878718535472,0.04847252747252744,0.0024387871853547094,0.1,0.03847252747252744,0.0,0.01,0.0,0.0,0.0
0.525081,70,1310.063135,hard,0.428604118993135,0.428604118993135,0,697,4,2,2,2,2,0,0,0,0,0.0021167048054919913,0.0050824175824175834,0.0,0.49999999999999983,0.084,4,False,48,0.07071428571428572,0.0777765609676365,0.0884,0.000740846681922197,0.07703571428571429,0.06,0.008400000000000001,0.02,0.0,0.0,0.0
0.40667,61,1328.789168,hard,0.3160183066361556,0.3160183066361556,0,606,4,2,2,2,2,0,0,0,0,0.007665903890160185,0.01840659340659341,0.0,0.5115384615384607,0.0,4,False,59,0.050245535714285715,0.06986721814727034,0.08138461538461528,0.0026830663615560646,0.06718415178571428,0.06138461538461528,0.0,0.02,0.0,0.0,0.0
2.700362,61,1347.766746,hard,0.5039473684210527,2.503947368421053,2,605,4,2,2,2,2,0,0,0,0,0.013604118993135107,0.017307692307692493,0.003666666666666669,0.3034340659340652,0.9999999999999999,2,True,48,0.04232142857142857,0.060502513076168725,0.1964120879120878,0.0047614416475972865,0.05574107142857144,0.03641208791208782,0.09999999999999999,0.01,0.05,0.0,0.0
0.321779,58,1365.994545,hard,0.27566361556064073,0.27566361556064073,0,572,4,2,2,2,2,0,0,0,0,0.004324942791762061,0.010384615384615499,0.0,0.4146428571428567,0.0,2,False,34,0.03339285714285714,0.043558372834259576,0.059757142857142787,0.0015137299771167214,0.04204464285714286,0.049757142857142785,0.0,0.01,0.0,0.0,0.0
0.334453,57,1383.282027,hard,0.2681350114416476,0.2681350114416476,0,566,4,2,2,2,2,0,0,0,0,0.0,0.0,0.0,0.1493131868131868,0.0,1,False,88,0.09919642857142857,0.1,0.022917582417582422,0.0,0.1,0.01791758241758242,0.0,0.005,0.0,0.0,0.0
0.531524,64,1402.846552,hard,0.39364988558352404,0.39364988558352404,0,636,4,2,2,2,2,0,0,0,0,0.010091533180778095,0.024230769230769385,0.0,0.34313186813186725,0.4176666666666667,3,False,96,0.09160714285714286,0.10353203661327234,0.09794249084249074,0.0035320366132723336,0.1,0.04117582417582407,0.04176666666666667,0.015,0.0,0.0,0.0
0.451772,57,1420.055944,hard,0.38134439359267724,0.38134439359267724,0,565,4,2,2,2,2,0,0,0,0,0.01790045766590379,0.0,0.0,0.2802197802197802,0.0,2,False,48,0.07071428571428572,0.08330087446878062,0.04362637362637362,0.006265160183066325,0.07703571428571429,0.03362637362637362,0.0,0.01,0.0,0.0,0.0
0.370239,62,1439.709169,hard,0.32219679633867276,0.32219679633867276,0,615,4,2,2,2,2,0,0,0,0,0.018478260869565263,0.0,0.0,0.27912087912087913,0.0,1,False,48,0.05410714285714286,0.07104774844720499,0.0384945054945055,0.006467391304347842,0.06458035714285715,0.0334945054945055,0.0,0.005,0.0,0.0,0.0
0.53476,58,1462.264849,hard,0.4348970251716247,0.4348970251716247,0,573,4,2,2,2,2,0,0,0,0,0.031046910755148593,0.02431318681318681,0.0,0.3024725274725266,0.0,2,False,72,0.08946428571428572,0.110866418764302,0.04629670329670318,0.010866418764302006,0.1,0.036296703296703176,0.0,0.01,0.0,0.0,0.0
0.416159,59,1480.142076,hard,0.3311212814645309,0.3311212814645309,0,587,4,2,2,2,2,0,0,0,0,0.01237414187643023,0.0,0.006999999999999698,0.21978021978021978,0.030333333333333032,2,False,96,0.10821428571428572,0.10433094965675059,0.03940695970695968,0.00433094965675058,0.1,0.026373626373626374,0.003033333333333303,0.01,0.0,0.0,0.0
0.383883,65,1500.113351,hard,0.2787814645308925,0.2787814645308925,0,644,4,2,2,2,2,0,0,0,0,0.010989702517162497,0.006057692307692374,0.0,0.42212912087912063,0.0,3,False,96,0.10821428571428572,0.10384639588100687,0.06565549450549446,0.0038463958810068736,0.1,0.05065549450549447,0.0,0.015,0.0,0.0,0.0
0.380898,58,1518.088284,hard,0.31230549199084673,0.31230549199084673,0,578,4,2,2,2,2,0,0,0,0,0.0037242562929062197,0.008942307692307791,0.0,0.25537087912087875,0.0,1,False,69,0.07325892857142857,0.09074768613108859,0.03564450549450545,0.0013034897025171767,0.08944419642857142,0.030644505494505453,0.0,0.005,0.0,0.0,0.0
0.436502,62,1536.946673,hard,0.34553775743707094,0.34553775743707094,0,614,4,2,2,2,2,0,0,0,0,0.006127002288329563,0.014711538461538566,0.0,0.33516483516483525,0.0,2,False,75,0.08417410714285714,0.10214445080091536,0.050219780219780234,0.002144450800915347,0.1,0.04021978021978023,0.0,0.01,0.0,0.0,0.0
0.225338,57,1554.542255,hard,0.1768878718535469,0.1768878718535469,0,561,4,2,2,2,2,0,0,0,0,0.0,0.0,0.0,0.39587912087912086,0.0,3,False,34,0.03339285714285714,0.04204464285714286,0.0625054945054945,0.0,0.04204464285714286,0.0475054945054945,0.0,0.015,0.0,0.0,0.0
0.280149,58,1572.032413,hard,0.19931350114416477,0.19931350114416477,0,571,4,2,2,2,2,0,0,0,0,0.004462242562929064,0.0,0.0,0.21978021978021978,0.0,2,False,143,0.14424107142857143,0.10156178489702518,0.03637362637362637,0.0015617848970251725,0.1,0.026373626373626374,0.0,0.01,0.0,0.0,0.0
0.373765,57,1589.338566,hard,0.3003318077803203,0.3003318077803203,0,563,4,2,2,2,2,0,0,0,0,0.009370709382151074,0.00519230769230764,0.0,0.2266208791208789,0.0,1,False,72,0.07767857142857143,0.09753867685518144,0.03219450549450546,0.0032797482837528757,0.09425892857142856,0.02719450549450546,0.0,0.005,0.0,0.0,0.0
1.595367,61,1613.158738,hard,0.5224256292906179,1.522425629290618,1,607,4,2,2,2,2,0,0,0,0,0.0,0.0,0.0,0.5126373626373626,0.0,4,False,48,0.0375,0.05212500000000001,0.08151648351648351,0.0,0.05212500000000001,0.06151648351648351,0.0,0.02,0.0,0.0,0.0
0.494553,81,1638.432702,hard,0.4020594965675057,0.4020594965675057,0,804,4,2,2,2,2,0,0,0,0,0.0039645308924485525,0.009519230769230865,0.0,0.4708791208791204,0.0,3,False,96,0.10821428571428572,0.101387585812357,0.07150549450549445,0.0013875858123569933,0.1,0.056505494505494455,0.0,0.015,0.0,0.0,0.0
0.493052,56,1656.065083,hard,0.3713729977116703,0.3713729977116703,0,556,4,2,2,2,2,0,0,0,0,0.009130434782608549,0.012692307692307739,0.022399999999999035,0.22258241758241704,0.42373333333333235,1,False,82,0.09241071428571429,0.103195652173913,0.0740832234432233,0.0031956521739129923,0.1,0.02670989010989004,0.04237333333333324,0.005,0.0,0.0,0.0
0.429818,57,1674.275536,hard,0.3471395881006865,0.3471395881006865,0,568,4,2,2,2,2,0,0,0,0,0.0,0.0,0.0,0.32362637362637364,0.0,2,False,72,0.07285714285714286,0.09064285714285714,0.04883516483516484,0.0,0.09064285714285714,0.03883516483516484,0.0,0.01,0.0,0.0,0.0
0.398881,60,1692.794816,hard,0.37128146453089245,0.37128146453089245,0,599,4,2,2,2,2,0,0,0,0,0.00504576659038903,0.01211538461538465,0.0,0.3296703296703291,0.16333333333333333,3,False,12,0.011785714285714287,0.016605304020921877,0.07089377289377284,0.0017660183066361603,0.014839285714285715,0.0395604395604395,0.016333333333333335,0.015,0.0,0.0,0.0
0.479498,57,1710.458106,hard,0.424170480549199,0.424170480549199,0,562,4,2,2,2,2,0,0,0,0,0.01741990846681911,0.0,0.0,0.2956043956043956,0.0,2,False,49,0.047276785714285716,0.06605455724910099,0.04547252747252748,0.006096967963386687,0.0599575892857143,0.03547252747252748,0.0,0.01,0.0,0.0,0.0
0.37193,62,1729.537254,hard,0.2678489702517162,0.2678489702517162,0,612,4,2,2,2,2,0,0,0,0,0.007929061784897067,0.01903846153846164,0.0,0.3958791208791199,0.0,3,False,95,0.10674107142857144,0.10277517162471397,0.06250549450549439,0.002775171624713973,0.1,0.0475054945054944,0.0,0.015,0.0,0.0,0.0
1.669029,58,1747.280437,hard,0.4533466819221968,1.4533466819221967,1,573,4,2,2,2,2,0,0,0,0,0.012442791762013773,0.010096153846153958,0.04799999999999999,0.42918956043956,0.9999999999999978,3,True,48,0.0375,0.056479977116704834,0.21650274725274699,0.004354977116704821,0.05212500000000001,0.051502747252747186,0.09999999999999978,0.015,0.05,0.0,0.0
0.327054,64,1766.764579,hard,0.26850114416475973,0.26850114416475973,0,636,4,2,2,2,2,0,0,0,0,0.004084668192219707,0.009807692307692373,0.0,0.3974450549450545,0.0,1,False,55,0.05404017857142857,0.06945976779584834,0.05269340659340655,0.0014296338672768975,0.06803013392857143,0.047693406593406554,0.0,0.005,0.0,0.0,0.0
0.533228,59,1789.376961,hard,0.4069851258581233,0.4069851258581233,0,586,4,2,2,2,2,0,0,0,0,0.007328375286040874,0.0,0.04269999999999816,0.40645604395604396,0.1850333333333315,3,False,96,0.10821428571428572,0.10256493135011431,0.08227805860805841,0.002564931350114306,0.1,0.04877472527472526,0.018503333333333153,0.015,0.0,0.0,0.0
0.312192,59,1807.89029,hard,0.2597254004576659,0.2597254004576659,0,587,4,2,2,2,2,0,0,0,0,0.012494279176201464,0.0,0.0,0.12912087912087913,0.0,1,False,68,0.06973214285714285,0.09067210485452767,0.020494505494505495,0.0043729977116705124,0.08629910714285716,0.015494505494505496,0.0,0.005,0.0,0.0,0.0
0.376804,63,1827.681418,hard,0.29187643020594967,0.29187643020594967,0,625,4,2,2,2,2,0,0,0,0,0.015274599542334103,0.0,0.0,0.45357142857142857,0.0,3,False,54,0.06087053571428572,0.07799901162553122,0.06942857142857142,0.005346109839816936,0.07265290178571428,0.05442857142857143,0.0,0.015,0.0,0.0,0.0
0.306267,57,1844.764498,hard,0.2597025171624714,0.2597025171624714,0,564,4,2,2,2,2,0,0,0,0,0.0031235697940503776,0.007500000000000082,0.0,0.32247252747252714,0.0,2,False,43,0.04223214285714286,0.05426735657077477,0.04869670329670325,0.0010932494279176322,0.05317410714285714,0.03869670329670325,0.0,0.01,0.0,0.0,0.0
0.337051,62,1863.919945,hard,0.3046910755148741,0.3046910755148741,0,619,4,2,2,2,2,0,0,0,0,0.010526315789473682,0.02527472527472527,0.0,0.23708791208791102,0.0,2,False,48,0.0375,0.05580921052631579,0.03845054945054933,0.0036842105263157885,0.052125,0.028450549450549326,0.0,0.01,0.0,0.0,0.0
0.357612,58,1881.740566,hard,0.29776887871853547,0.29776887871853547,0,575,4,2,2,2,2,0,0,0,0,0.01141304347826096,0.0,0.0,0.22046703296703296,0.0,1,False,62,0.06785714285714285,0.08588742236024847,0.031456043956043955,0.003994565217391336,0.08189285714285714,0.026456043956043954,0.0,0.005,0.0,0.0,0.0
0.279827,71,1904.299377,hard,0.2933638443935927,0.2933638443935927,0,706,4,2,2,2,2,0,0,0,0,0.006127002288329346,0.0,0.0,0.2098901098901099,0.0,1,False,20,0.019642857142857142,0.026876593658058126,0.03018681318681319,0.0021444508009152707,0.024732142857142855,0.02518681318681319,0.0,0.005,0.0,0.0,0.0
0.467587,63,1923.582523,hard,0.3684210526315789,0.3684210526315789,0,629,4,2,2,2,2,0,0,0,0,0.000720823798627003,0.0,0.0,0.3901098901098901,0.0,3,False,72,0.08946428571428572,0.10025228832951946,0.06181318681318683,0.00025228832951945104,0.1,0.04681318681318683,0.0,0.015,0.0,0.0,0.0
1.671511,63,1947.217919,hard,0.5103947368421049,1.510394736842105,1,626,4,2,2,2,2,0,0,0,0,0.017660183066361204,0.0,0.10289999999999795,0.6098901098901099,0.8472333333333288,5,False,28,0.0275,0.04080606407322642,0.18291014652014612,0.006181064073226421,0.034625,0.07318681318681321,0.0847233333333329,0.025,0.0,0.0,0.0
0.398473,62,1966.871841,hard,0.29664759725400464,0.29664759725400464,0,612,4,2,2,2,2,0,0,0,0,0.01645881006865,0.03951923076923104,0.0,0.3938736263736247,0.0,2,False,92,0.10232142857142858,0.10576058352402751,0.057264835164834965,0.005760583524027499,0.1,0.04726483516483496,0.0,0.01,0.0,0.0,0.0
0.538969,60,1985.33628,hard,0.4474713958810062,0.4474713958810062,0,591,4,2,2,2,2,0,0,0,0,0.01657894736842034,0.0,0.09659999999999584,0.3901098901098901,0.4605999999999958,3,False,34,0.0265625,0.042724506578947115,0.1078731868131864,0.005802631578947118,0.036921875,0.04681318681318681,0.04605999999999959,0.015,0.0,0.0,0.0
0.430486,63,2004.478355,hard,0.37082379862700227,0.37082379862700227,0,622,4,2,2,2,2,0,0,0,0,0.0,0.0,0.0,0.39587912087912086,0.0,3,False,48,0.047142857142857146,0.05935714285714286,0.06250549450549452,0.0,0.05935714285714286,0.04750549450549452,0.0,0.015,0.0,0.0,0.0
0.524511,64,2024.305301,hard,0.3989187643020589,0.3989187643020589,0,631,4,2,2,2,2,0,0,0,0,0.014651029748283178,0.0031593406593406603,0.07769999999999665,0.31689560439560427,0.3553666666666633,2,False,94,0.10526785714285715,0.10512786041189912,0.08356413919413884,0.005127860411899113,0.1,0.03802747252747251,0.035536666666666335,0.01,0.0,0.0,0.0
0.26019,55,2041.820965,hard,0.22390160183066357,0.22390160183066357,0,550,4,2,2,2,2,0,0,0,0,0.005766590389015978,0.013846153846153748,0.0,0.29035714285714226,0.0,2,False,39,0.033236607142857144,0.046445761993298446,0.04484285714285707,0.002018306636155592,0.044427455357142855,0.03484285714285707,0.0,0.01,0.0,0.0,0.0
0.397496,61,2060.573491,hard,0.29147597254004576,0.29147597254004576,0,610,4,2,2,2,2,0,0,0,0,0.00985125858123576,0.023653846153846303,0.0,0.45260989010988895,0.0,3,False,72,0.07767857142857143,0.09770686907486108,0.06931318681318667,0.003447940503432516,0.09425892857142856,0.05431318681318667,0.0,0.015,0.0,0.0,0.0
0.183038,56,2077.804334,hard,0.11653318077803183,0.11653318077803183,0,559,4,2,2,2,2,0,0,0,0,0.003604118993134856,0.0,0.0,0.22403846153846155,0.0,0,False,72,0.07767857142857143,0.09552037021902578,0.026884615384615382,0.0012614416475971993,0.09425892857142858,0.026884615384615382,0.0,0.0,0.0,0.0,0.0
0.42707,62,2101.614808,hard,0.3901029748283753,0.3901029748283753,0,615,4,2,2,2,2,0,0,0,0,0.0,0.0,0.0,0.44217032967032965,0.0,3,False,28,0.021875,0.030406250000000003,0.06806043956043956,0.0,0.030406250000000003,0.05306043956043956,0.0,0.015,0.0,0.0,0.0
0.399562,58,2119.388064,hard,0.32110983981693364,0.32110983981693364,0,573,4,2,2,2,2,0,0,0,0,0.009971395881006831,0.023942307692307613,0.0,0.5237637362637353,0.0,3,False,44,0.04321428571428571,0.057900702844066676,0.07785164835164823,0.0034899885583523907,0.054410714285714284,0.06285164835164823,0.0,0.015,0.0,0.0,0.0
0.332714,62,2138.976862,hard,0.24170480549199086,0.24170480549199086,0,613,4,2,2,2,2,0,0,0,0,0.01129290617848978,0.0,0.0,0.3196428571428571,0.0,2,False,77,0.08783482142857142,0.10395251716247143,0.048357142857142855,0.0039525171624714235,0.1,0.038357142857142854,0.0,0.01,0.0,0.0,0.0
0.381934,64,2159.181646,hard,0.323512585812357,0.323512585812357,0,637,4,2,2,2,2,0,0,0,0,0.0,0.0,0.0,0.4179945054945055,0.0,3,False,41,0.048616071428571425,0.05696205357142857,0.06515934065934065,0.0,0.05696205357142857,0.05015934065934065,0.0,0.015,0.0,0.0,0.0
0.258876,57,2176.798369,hard,0.1913501144164758,0.1913501144164758,0,562,4,2,2,2,2,0,0,0,0,0.0033638443935925647,0.008076923076922806,0.0,0.2112362637362634,0.0,1,False,72,0.07493303571428571,0.09337712232347167,0.030348351648351604,0.0011773455377573974,0.09219977678571428,0.025348351648351603,0.0,0.005,0.0,0.0,0.0
0.362761,58,2194.947346,hard,0.31983409610983987,0.31983409610983987,0,571,4,2,2,2,2,0,0,0,0,0.005646453089244878,0.013557692307692373,0.0,0.2734478021978016,0.0,1,False,44,0.05098214285714286,0.06221286572409285,0.03781373626373619,0.0019762585812357074,0.06023660714285714,0.032813736263736196,0.0,0.005,0.0,0.0,0.0
0.476514,59,2213.362082,hard,0.369279176201373,0.369279176201373,0,584,4,2,2,2,2,0,0,0,0,0.010211670480549117,0.0034615384615384616,0.0,0.39217032967032966,0.0,3,False,88,0.08950892857142857,0.10357408466819219,0.062060439560439565,0.0035740846681921908,0.1,0.047060439560439565,0.0,0.015,0.0,0.0,0.0
0.451306,57,2231.566823,hard,0.3890160183066362,0.3890160183066362,0,570,4,2,2,2,2,0,0,0,0,0.0,0.0,0.0,0.43956043956043955,0.0,4,False,29,0.04272321428571429,0.04654241071428571,0.07274725274725274,0.0,0.04654241071428571,0.05274725274725275,0.0,0.02,0.0,0.0,0.0
0.277083,57,2249.360069,hard,0.20502860411899312,0.20502860411899312,0,562,4,2,2,2,2,0,0,0,0,0.006744851258581251,0.016195054945054983,0.0,0.2450412087912082,0.0,1,False,68,0.07665178571428571,0.09384953722621771,0.03440494505494498,0.0023606979405034374,0.09148883928571427,0.029404945054944977,0.0,0.005,0.0,0.0,0.0
0.385356,58,2272.090014,hard,0.30348970251716245,0.30348970251716245,0,575,4,2,2,2,2,0,0,0,0,0.003604118993135008,0.008653846153846146,0.0,0.23420329670329681,0.0,2,False,87,0.07834821428571428,0.10126144164759726,0.03810439560439562,0.0012614416475972528,0.1,0.02810439560439562,0.0,0.01,0.0,0.0,0.0
0.471933,60,2290.327715,hard,0.3684210526315789,0.3684210526315789,0,591,4,2,2,2,2,0,0,0,0,0.002282608695652171,0.0,0.0,0.3901098901098901,0.0,3,False,91,0.08770089285714286,0.10079891304347827,0.061813186813186816,0.0007989130434782598,0.1,0.046813186813186816,0.0,0.015,0.0,0.0,0.0
0.442812,57,2307.842081,hard,0.3559496567505721,0.3559496567505721,0,570,4,2,2,2,2,0,0,0,0,0.0,0.0,0.0,0.36016483516483516,0.0,2,False,72,0.07285714285714286,0.09064285714285714,0.05321978021978022,0.0,0.09064285714285714,0.04321978021978022,0.0,0.01,0.0,0.0,0.0
0.565227,60,2326.266378,hard,0.45692219679633866,0.45692219679633866,0,596,4,2,2,2,2,0,0,0,0,0.010812356979405023,0.0,0.0,0.40934065934065933,0.0,3,False,92,0.09540178571428572,0.10378432494279176,0.06412087912087913,0.003784324942791758,0.1,0.049120879120879125,0.0,0.015,0.0,0.0,0.0
0.269821,58,2344.058486,hard,0.27294050343249426,0.27294050343249426,0,571,4,2,2,2,2,0,0,0,0,0.0,0.0,0.0,0.16085164835164836,0.0,1,False,24,0.023571428571428573,0.02967857142857143,0.0243021978021978,0.0,0.02967857142857143,0.019302197802197798,0.0,0.005,0.0,0.0,0.0
0.633446,61,2363.189495,hard,0.4989530892448505,0.4989530892448505,0,610,4,2,2,2,2,0,0,0,0,0.027271167048054087,0.0,0.15889999999999516,0.21978021978021978,0.8658999999999931,2,False,58,0.0453125,0.07252928346681894,0.12296362637362568,0.00954490846681893,0.06298437500000001,0.026373626373626377,0.0865899999999993,0.01,0.0,0.0,0.0
2.96866,65,2383.607938,hard,0.6887871853546911,2.688787185354691,2,647,4,2,2,2,2,0,0,0,0,0.04163615560640751,0.03940934065934081,0.020299999999999974,0.499999999999998,0.9999999999999991,4,True,96,0.10821428571428572,0.11457265446224263,0.22999999999999965,0.014572654462242627,0.1,0.05999999999999976,0.09999999999999991,0.02,0.05,0.0,0.0
1.624269,61,2402.931373,hard,0.4835240274599542,1.4835240274599542,1,609,4,2,2,2,2,0,0,0,0,0.028661327231121327,0.0,0.16700000000000026,0.2543956043956044,0.9999999999999961,2,True,1,0.00078125,0.011117402030892464,0.19052747252747215,0.010031464530892464,0.0010859375,0.030527472527472524,0.09999999999999962,0.01,0.05,0.0,0.0
0.449937,66,2423.589038,hard,0.3684210526315789,0.3684210526315789,0,659,4,2,2,2,2,0,0,0,0,0.0,0.0,0.0,0.3901098901098901,0.0,3,False,65,0.07080357142857142,0.08560267857142856,0.061813186813186816,0.0,0.08560267857142856,0.046813186813186816,0.0,0.015,0.0,0.0,0.0
0.424831,80,2452.500402,hard,0.3650800915331808,0.3650800915331808,0,799,4,2,2,2,2,0,0,0,0,0.005526315789473745,0.013269230769230915,0.0,0.38208791208791154,0.0,2,False,59,0.06982142857142858,0.08380028195488724,0.05585054945054939,0.0019342105263158106,0.08186607142857143,0.04585054945054939,0.0,0.01,0.0,0.0,0.0
1.631291,58,2470.704833,hard,0.4211098398169336,1.4211098398169337,1,580,4,2,2,2,2,0,0,0,0,0.00024027459954233416,0.0005769230769230771,0.0,0.3517857142857143,1.0,3,True,47,0.04984375,0.06096690860983981,0.20721428571428568,8.409610983981696e-05,0.060882812499999994,0.042214285714285704,0.09999999999999999,0.015,0.05,0.0,0.0
0.334171,59,2489.040397,hard,0.2681350114416476,0.2681350114416476,0,582,4,2,2,2,2,0,0,0,0,0.004084668192219504,0.0,0.0,0.1493131868131868,0.0,1,False,70,0.08651785714285715,0.10131802672441967,0.02291758241758242,0.0014296338672768263,0.09988839285714285,0.017917582417582418,0.0,0.005,0.0,0.0,0.0
0.395857,61,2507.816322,hard,0.35755148741418763,0.35755148741418763,0,607,4,2,2,2,2,0,0,0,0,0.0,0.0,0.0,0.3901098901098901,0.0,3,False,33,0.027589285714285715,0.03719196428571429,0.061813186813186816,0.0,0.03719196428571429,0.046813186813186816,0.0,0.015,0.0,0.0,0.0
0.439371,59,2526.235041,hard,0.35068649885583525,0.35068649885583525,0,589,4,2,2,2,2,0,0,0,0,0.008169336384439358,0.010673076923076938,0.0,0.347527472527472,0.0,2,False,71,0.07669642857142857,0.0958815891631252,0.05170329670329665,0.002859267734553775,0.09302232142857142,0.04170329670329665,0.0,0.01,0.0,0.0,0.0
0.294493,57,2543.730044,hard,0.2337013729977115,0.2337013729977115,0,567,4,2,2,2,2,0,0,0,0,0.00864988558352383,0.0,0.0,0.26263736263736265,0.0,1,False,67,0.059263392857142855,0.08097500459709049,0.03651648351648352,0.00302745995423334,0.07794754464285715,0.03151648351648352,0.0,0.005,0.0,0.0,0.0
0.472518,86,2570.159481,hard,0.4462242562929062,0.4462242562929062,0,859,4,2,2,2,2,0,0,0,0,0.005406178489702336,0.0,0.0,0.32967032967032966,0.0,3,False,48,0.04232142857142857,0.05763323389996726,0.05456043956043956,0.0018921624713958177,0.05574107142857144,0.03956043956043956,0.0,0.015,0.0,0.0,0.0
0.467201,59,2592.701351,hard,0.39021739130434785,0.39021739130434785,0,581,4,2,2,2,2,0,0,0,0,0.017854691075514954,0.02527472527472527,0.0,0.4424450549450537,0.0,4,False,48,0.04232142857142857,0.06199021330500167,0.07309340659340645,0.006249141876430234,0.05574107142857144,0.053093406593406445,0.0,0.02,0.0,0.0,0.0
0.360889,77,2615.988729,hard,0.31950800915331806,0.31950800915331806,0,762,4,2,2,2,2,0,0,0,0,0.001321510297482837,0.0031730769230769217,0.0,0.22074175824175812,0.0,2,False,58,0.06883928571428571,0.08109199288983328,0.03648901098901098,0.000462528604118993,0.08062946428571428,0.026489010989010978,0.0,0.01,0.0,0.0,0.0
0.54098,58,2633.361956,hard,0.4237814645308925,0.4237814645308925,0,580,4,2,2,2,2,0,0,0,0,0.005646453089244894,0.01355769230769241,0.0,0.5230357142857137,0.0,3,False,75,0.07727678571428571,0.09743384786694999,0.07776428571428565,0.0019762585812357126,0.09545758928571428,0.06276428571428565,0.0,0.015,0.0,0.0,0.0
0.605515,70,2655.13998,hard,0.4602402745995423,0.4602402745995423,0,698,4,2,2,2,2,0,0,0,0,0.02354691075514846,0.0,0.0,0.5,0.2683333333333333,4,False,89,0.09790178571428572,0.10824141876430196,0.10683333333333334,0.008241418764301959,0.1,0.06,0.026833333333333334,0.02,0.0,0.0,0.0
0.601637,59,2673.308868,hard,0.46931922196796283,0.46931922196796283,0,581,4,2,2,2,2,0,0,0,0,0.02366704805491935,0.0,0.13789999999999675,0.27266483516483514,0.872899999999994,2,False,48,0.0375,0.06040846681922178,0.13000978021977963,0.008283466819221772,0.05212500000000001,0.03271978021978022,0.08728999999999941,0.01,0.0,0.0,0.0
1.553966,58,2691.388487,hard,0.3383867276887872,1.3383867276887873,1,578,4,2,2,2,2,0,0,0,0,0.0,0.0,0.0,0.15315934065934067,1.0,1,True,95,0.07421875,0.1,0.17337912087912088,0.0,0.1,0.01837912087912088,0.1,0.005,0.05,0.0,0.0
0.468955,56,2708.639466,hard,0.37828947368421034,0.37828947368421034,0,555,4,2,2,2,2,0,0,0,0,0.009010297482837357,0.011538461538461565,0.024499999999998943,0.3700549450549446,0.1061666666666656,3,False,61,0.05665178571428572,0.07614244340470736,0.07002326007325989,0.0031536041189930753,0.07298883928571429,0.04440659340659332,0.010616666666666563,0.015,0.0,0.0,0.0
0.462681,66,2729.217762,hard,0.3736270022883295,0.3736270022883295,0,654,4,2,2,2,2,0,0,0,0,0.0060068649885583756,0.014423076923076978,0.0,0.4026098901098894,0.0,3,False,71,0.07138392857142857,0.09114034917456686,0.06331318681318675,0.0021024027459954314,0.08903794642857142,0.04831318681318675,0.0,0.015,0.0,0.0,0.0
0.256177,57,2747.197299,hard,0.22282608695652165,0.22282608695652165,0,561,4,2,2,2,2,0,0,0,0,0.0024027459954232373,0.0,0.0,0.2627747252747253,0.0,1,False,47,0.03810267857142857,0.05291797002696956,0.03653296703296703,0.000840961098398133,0.05207700892857143,0.031532967032967034,0.0,0.005,0.0,0.0,0.0
1.656813,68,2772.29362,hard,0.5104977116704797,1.5104977116704799,1,676,4,2,2,2,2,0,0,0,0,0.02318649885583444,0.010961538461538483,0.10849999999999532,0.500961538461538,0.5588333333333286,4,False,49,0.06040178571428571,0.07791661388525634,0.1359987179487174,0.008115274599542054,0.06980133928571429,0.06011538461538454,0.055883333333332876,0.02,0.0,0.0,0.0
0.543195,90,2799.545514,hard,0.3945938215102975,0.3945938215102975,0,900,4,2,2,2,2,0,0,0,0,0.01196796338672766,0.027293956043956038,0.0034999999999998496,0.3978021978021965,0.7338333333333332,3,False,80,0.07772321428571428,0.10248119789964039,0.13611959706959692,0.004188787185354681,0.09829241071428571,0.047736263736263586,0.07338333333333334,0.015,0.0,0.0,0.0
0.447678,58,2817.770787,hard,0.3639016018306635,0.3639016018306635,0,574,4,2,2,2,2,0,0,0,0,0.0024027459954232373,0.0,0.013999999999999397,0.2802197802197802,0.060666666666666064,2,False,72,0.07285714285714286,0.09148381824125529,0.049693040293040246,0.000840961098398133,0.09064285714285715,0.033626373626373635,0.006066666666666606,0.01,0.0,0.0,0.0
0.438114,58,2835.547688,hard,0.37683066361556067,0.37683066361556067,0,580,4,2,2,2,2,0,0,0,0,0.011893592677345622,0.028557692307692513,0.0,0.41030219780219634,0.0,3,False,34,0.04517857142857143,0.05504668600849954,0.06423626373626357,0.0041627574370709675,0.05088392857142857,0.04923626373626356,0.0,0.015,0.0,0.0,0.0
0.377468,54,2851.960162,hard,0.34513729977116714,0.34513729977116714,0,540,4,2,2,2,2,0,0,0,0,0.007208237986270095,0.017307692307692482,0.0,0.33420329670329596,0.0,2,False,21,0.0309375,0.03622600829519453,0.05010439560439551,0.002522883295194533,0.033703125,0.04010439560439551,0.0,0.01,0.0,0.0,0.0
0.409463,66,2872.71049,hard,0.3098970251716247,0.3098970251716247,0,653,4,2,2,2,2,0,0,0,0,0.009731121281464592,0.023365384615384763,0.0,0.49684065934065813,0.0,3,False,66,0.07178571428571429,0.09024517816279831,0.07462087912087896,0.003405892448512607,0.0868392857142857,0.05962087912087896,0.0,0.015,0.0,0.0,0.0
0.409286,60,2890.832359,hard,0.3478032036613273,0.3478032036613273,0,591,4,2,2,2,2,0,0,0,0,0.004324942791762061,0.010384615384615499,0.0,0.34060439560439515,0.0,2,False,48,0.05892857142857143,0.0697101585485453,0.050872527472527414,0.0015137299771167214,0.06819642857142857,0.04087252747252741,0.0,0.01,0.0,0.0,0.0
0.415832,58,2909.249105,hard,0.3474828375286041,0.3474828375286041,0,574,4,2,2,2,2,0,0,0,0,0.0,0.0,0.0,0.33983516483516485,0.0,2,False,59,0.060625,0.07496875,0.050780219780219786,0.0,0.07496875,0.040780219780219784,0.0,0.01,0.0,0.0,0.0
0.413782,60,2932.077934,hard,0.37562929061784894,0.37562929061784894,0,591,4,2,2,2,2,0,0,0,0,0.010526315789473682,0.02527472527472527,0.0,0.4074175824175812,0.0,3,False,24,0.023571428571428573,0.03336278195488722,0.06389010989010975,0.003684210526315789,0.02967857142857143,0.04889010989010975,0.0,0.015,0.0,0.0,0.0
0.47811,62,2951.116937,hard,0.37202517162471394,0.37202517162471394,0,614,4,2,2,2,2,0,0,0,0,0.018140732265445995,0.0,0.0,0.3987637362637363,0.0,3,False,69,0.08504464285714286,0.10463273843576323,0.06285164835164835,0.006349256292906098,0.09828348214285713,0.047851648351648346,0.0,0.015,0.0,0.0,0.0
0.310046,57,2968.849667,hard,0.22168192219679633,0.22168192219679633,0,567,4,2,2,2,2,0,0,0,0,0.0024599542334096114,0.005906593406593407,0.0,0.2850274725274723,0.0,2,False,96,0.10821428571428572,0.10086098398169337,0.044203296703296674,0.0008609839816933639,0.1,0.03420329670329667,0.0,0.01,0.0,0.0,0.0
2.789173,87,2994.889102,hard,0.6034897025171625,2.6034897025171624,2,865,4,2,2,2,2,0,0,0,0,0.005,0.012005494505494506,0.0,0.45686813186813136,1.0,4,True,42,0.0328125,0.047359375,0.22482417582417574,0.0017499999999999998,0.045609375,0.05482417582417577,0.09999999999999999,0.02,0.05,0.0,0.0
0.43624,63,3014.135527,hard,0.3860983981693364,0.3860983981693364,0,623,4,2,2,2,2,0,0,0,0,0.00997139588100693,0.023942307692307846,0.0,0.43255494505494385,0.0,3,False,34,0.03339285714285714,0.04553463141549528,0.06690659340659325,0.003489988558352425,0.04204464285714286,0.05190659340659325,0.0,0.015,0.0,0.0,0.0
0.322941,58,3032.13913,hard,0.30749427917620137,0.30749427917620137,0,572,4,2,2,2,2,0,0,0,0,0.0,0.0,0.0,0.2438186813186813,0.0,2,False,27,0.02651785714285714,0.03338839285714286,0.039258241758241746,0.0,0.03338839285714286,0.029258241758241748,0.0,0.01,0.0,0.0,0.0
0.418145,60,3050.682683,hard,0.3318649885583524,0.3318649885583524,0,600,4,2,2,2,2,0,0,0,0,0.0,0.0,0.0,0.3023351648351648,0.0,2,False,84,0.09053571428571429,0.1,0.04628021978021979,0.0,0.1,0.03628021978021979,0.0,0.01,0.0,0.0,0.0
0.520053,62,3069.829594,hard,0.41418764302059496,0.41418764302059496,0,611,4,2,2,2,2,0,0,0,0,0.02836956521739137,0.01413461538461544,0.0,0.49999999999999933,0.0,4,False,48,0.07071428571428572,0.08696506211180127,0.07999999999999992,0.009929347826086978,0.07703571428571429,0.05999999999999992,0.0,0.02,0.0,0.0,0.0
0.38873,59,3092.6171,hard,0.29496567505720783,0.29496567505720783,0,586,4,2,2,2,2,0,0,0,0,0.014416475972539651,0.0,0.0,0.310989010989011,0.0,2,False,94,0.10665178571428571,0.10504576659038889,0.04731868131868133,0.005045766590388878,0.1,0.03731868131868133,0.0,0.01,0.0,0.0,0.0
0.356212,61,3111.476916,hard,0.2599427917620138,0.2599427917620138,0,604,4,2,2,2,2,0,0,0,0,0.005766590389016069,0.013846153846153966,0.0,0.3720879120879115,0.0,2,False,96,0.10821428571428572,0.10201830663615563,0.05465054945054938,0.002018306636155624,0.1,0.04465054945054938,0.0,0.01,0.0,0.0,0.0
1.700029,62,3130.419305,hard,0.4652745995423341,1.465274599542334,1,613,4,2,2,2,2,0,0,0,0,0.04392448512585722,0.049217032967033225,0.1364999999999941,0.4578296703296682,1.0,4,True,48,0.04232142857142857,0.07111464122262146,0.2249395604395602,0.015373569794050024,0.05574107142857144,0.054939560439560185,0.1,0.02,0.05,0.0,0.0
0.258159,63,3148.728835,hard,0.2649313501144165,0.2649313501144165,0,622,4,2,2,2,2,0,0,0,0,0.003661327231121282,0.0,0.0,0.14162087912087912,0.0,1,False,26,0.025535714285714287,0.03343325024517817,0.021994505494505493,0.0012814645308924487,0.032151785714285716,0.016994505494505492,0.0,0.005,0.0,0.0,0.0
0.231859,57,3166.260569,hard,0.17155034324942797,0.17155034324942797,0,564,4,2,2,2,2,0,0,0,0,0.0008409610983981787,0.0020192307692307914,0.0,0.26479395604395595,0.0,1,False,59,0.06685267857142857,0.07993384531301079,0.03677527472527471,0.00029433638443936253,0.07963950892857143,0.031775274725274714,0.0,0.005,0.0,0.0,0.0
0.322231,59,3184.538547,hard,0.28779748283752854,0.28779748283752854,0,583,4,2,2,2,2,0,0,0,0,0.0136956521739131,0.002019230769230682,0.0,0.1965247252747252,0.0,1,False,48,0.047142857142857146,0.06415062111801244,0.02858296703296702,0.004793478260869584,0.05935714285714286,0.023582967032967018,0.0,0.005,0.0,0.0,0.0
0.352225,56,3201.584793,hard,0.3022883295194508,0.3022883295194508,0,559,4,2,2,2,2,0,0,0,0,0.0,0.0,0.0,0.23131868131868133,0.0,2,False,56,0.0534375,0.068078125,0.03775824175824176,0.0,0.068078125,0.027758241758241757,0.0,0.01,0.0,0.0,0.0
0.564954,61,3219.822851,hard,0.436418764302059,0.436418764302059,0,610,4,2,2,2,2,0,0,0,0,0.012734553775743156,0.0,0.0741999999999968,0.3949175824175824,0.3845333333333301,3,False,63,0.0703125,0.0886914688215101,0.10084344322344292,0.004457093821510104,0.084234375,0.0473901098901099,0.03845333333333302,0.015,0.0,0.0,0.0
0.442062,63,3243.600493,hard,0.381516018306636,0.381516018306636,0,630,4,2,2,2,2,0,0,0,0,0.008346681922196696,0.014560439560439568,0.013299999999999427,0.3978021978021971,0.05763333333333276,3,False,48,0.0375,0.055046338672768855,0.06849959706959692,0.002921338672768843,0.05212500000000001,0.04773626373626365,0.005763333333333277,0.015,0.0,0.0,0.0
0.291872,56,3260.611791,hard,0.2215675057208238,0.2215675057208238,0,551,4,2,2,2,2,0,0,0,0,0.0,0.0,0.0,0.28475274725274724,0.0,1,False,67,0.0703125,0.086234375,0.039170329670329664,0.0,0.086234375,0.034170329670329666,0.0,0.005,0.0,0.0,0.0
0.557974,62,3279.963372,hard,0.4385011441647597,0.4385011441647597,0,619,4,2,2,2,2,0,0,0,0,0.011413043478260908,0.00721153846153845,0.0,0.43818681318681285,0.2916666666666667,3,False,58,0.06883928571428571,0.0846240295031056,0.0967490842490842,0.003994565217391317,0.08062946428571428,0.05258241758241754,0.029166666666666667,0.015,0.0,0.0,0.0
0.265054,59,3298.000957,hard,0.20371853546910756,0.20371853546910756,0,582,4,2,2,2,2,0,0,0,0,0.0033638443935927144,0.008076923076923165,0.0,0.2418956043956041,0.0,2,False,70,0.05910714285714286,0.08050770268061459,0.03902747252747248,0.0011773455377574501,0.07933035714285715,0.029027472527472484,0.0,0.01,0.0,0.0,0.0
0.487548,82,3322.95044,hard,0.4225400457665904,0.4225400457665904,0,813,4,2,2,2,2,0,0,0,0,0.016939359267734252,0.0,0.0,0.3873626373626374,0.322,3,False,43,0.03359375,0.052624088243707,0.09368351648351649,0.005928775743706987,0.04669531250000001,0.04648351648351648,0.0322,0.015,0.0,0.0,0.0
0.474082,62,3342.284137,hard,0.3700228832951945,0.3700228832951945,0,619,4,2,2,2,2,0,0,0,0,0.010526315789473682,0.02527472527472527,0.0,0.3939560439560427,0.0,3,False,85,0.09962053571428571,0.1036842105263158,0.06227472527472513,0.0036842105263157885,0.1,0.04727472527472513,0.0,0.015,0.0,0.0,0.0
0.499909,60,3360.552286,hard,0.41418764302059496,0.41418764302059496,0,593,4,2,2,2,2,0,0,0,0,0.015017162471395926,0.0,0.0,0.5,0.0,4,False,45,0.0496875,0.06502163186498858,0.07999999999999997,0.005256006864988574,0.05976562500000001,0.05999999999999998,0.0,0.02,0.0,0.0,0.0
0.436987,62,3379.500403,hard,0.4058409610983982,0.4058409610983982,0,612,4,2,2,2,2,0,0,0,0,0.012133867276887856,0.029134615384615346,0.0,0.4799587912087899,0.0,3,False,14,0.011339285714285715,0.019751317832625036,0.0725950549450548,0.0042468535469107485,0.015504464285714288,0.0575950549450548,0.0,0.015,0.0,0.0,0.0
1.703434,59,3402.46896,hard,0.4432951945080092,1.4432951945080092,1,585,4,2,2,2,2,0,0,0,0,0.02426773455377519,0.0051923076923077495,0.12879999999999664,0.37620879120879097,0.9999999999999979,3,True,89,0.09098214285714286,0.10849370709382132,0.2101450549450547,0.008493707093821317,0.1,0.04514505494505492,0.0999999999999998,0.015,0.05,0.0,0.0
0.477439,58,3420.457976,hard,0.4010297482837529,0.4010297482837529,0,579,4,2,2,2,2,0,0,0,0,0.0,0.0,0.0,0.4491758241758242,0.04666666666666667,4,False,48,0.04232142857142857,0.05574107142857144,0.07856776556776557,0.0,0.05574107142857144,0.0539010989010989,0.004666666666666668,0.02,0.0,0.0,0.0
0.278404,62,3439.02889,hard,0.26467391304347826,0.26467391304347826,0,613,4,2,2,2,2,0,0,0,0,0.02102402745995427,0.010096153846153933,0.0,0.2440247252747254,0.0,1,False,27,0.02651785714285714,0.040746802468126855,0.03428296703296705,0.007358409610983994,0.03338839285714286,0.02928296703296705,0.0,0.005,0.0,0.0,0.0
1.669094,58,3457.462245,hard,0.43660755148741415,1.4366075514874141,1,577,4,2,2,2,2,0,0,0,0,0.0022826086956521992,0.005480769230769291,0.0,0.3889972527472525,1.0,3,True,62,0.062276785714285715,0.07850650232919255,0.21167967032967028,0.0007989130434782696,0.07770758928571428,0.0466796703296703,0.1,0.015,0.05,0.0,0.0
0.362366,62,3476.441039,hard,0.32265446224256294,0.32265446224256294,0,618,4,2,2,2,2,0,0,0,0,0.01645881006864989,0.0,0.0,0.2802197802197802,0.0,2,False,48,0.0375,0.05788558352402747,0.04362637362637362,0.005760583524027461,0.05212500000000001,0.03362637362637362,0.0,0.01,0.0,0.0,0.0
0.311006,57,3493.506139,hard,0.22294050343249427,0.22294050343249427,0,565,4,2,2,2,2,0,0,0,0,0.0,0.0,0.0,0.2880494505494505,0.0,2,False,80,0.08946428571428572,0.1,0.04456593406593407,0.0,0.1,0.03456593406593407,0.0,0.01,0.0,0.0,0.0
0.321964,58,3511.780759,hard,0.26367276887871854,0.26367276887871854,0,571,4,2,2,2,2,0,0,0,0,0.00720823798627003,0.0,0.0,0.14354395604395603,0.0,1,False,72,0.07285714285714286,0.09316574043805165,0.022225274725274722,0.0025228832951945104,0.09064285714285714,0.01722527472527472,0.0,0.005,0.0,0.0,0.0
0.436641,60,3530.566634,hard,0.3456521739130435,0.3456521739130435,0,597,4,2,2,2,2,0,0,0,0,0.013695652173913123,0.015288461538461641,0.0,0.3354395604395597,0.0,3,False,72,0.07285714285714286,0.09543633540372673,0.05525274725274716,0.004793478260869592,0.09064285714285714,0.04025274725274716,0.0,0.015,0.0,0.0,0.0
0.272841,57,3548.552734,hard,0.23331807780320374,0.23331807780320374,0,564,4,2,2,2,2,0,0,0,0,0.004084668192219725,0.009807692307692416,0.0,0.31296703296703254,0.0,1,False,42,0.04125,0.0533671338672769,0.042556043956043905,0.0014296338672769035,0.0519375,0.03755604395604391,0.0,0.005,0.0,0.0,0.0
0.417095,62,3572.374239,hard,0.3223112128146453,0.3223112128146453,0,619,4,2,2,2,2,0,0,0,0,0.005280320366132726,0.012678571428571437,0.0,0.39010989010988956,0.0,3,False,71,0.07669642857142857,0.09487043355671787,0.061813186813186746,0.0018481121281464542,0.09302232142857142,0.04681318681318675,0.0,0.015,0.0,0.0,0.0
0.291105,54,3589.132912,hard,0.20881006864988558,0.20881006864988558,0,532,4,2,2,2,2,0,0,0,0,0.0,0.0,0.0,0.2541208791208791,0.0,1,False,96,0.10821428571428572,0.1,0.03549450549450549,0.0,0.1,0.03049450549450549,0.0,0.005,0.0,0.0,0.0
0.530586,68,3610.304236,hard,0.41859267734553773,0.41859267734553773,0,679,4,2,2,2,2,0,0,0,0,0.012471395881006863,0.029945054945054943,0.0,0.5105769230769216,0.0,4,False,72,0.07767857142857143,0.09862391712978097,0.08126923076923058,0.004364988558352402,0.09425892857142856,0.061269230769230576,0.0,0.02,0.0,0.0,0.0
0.493095,62,3629.779805,hard,0.38884439359267736,0.38884439359267736,0,615,4,2,2,2,2,0,0,0,0,0.0,0.0,0.0,0.43914835164835164,0.0,3,False,75,0.08073660714285714,0.09805245535714284,0.06769780219780222,0.0,0.09805245535714284,0.052697802197802214,0.0,0.015,0.0,0.0,0.0
0.407162,58,3647.896049,hard,0.3173455377574369,0.3173455377574369,0,579,4,2,2,2,2,0,0,0,0,0.002643020594965561,0.0,0.015399999999999336,0.4006868131868132,0.06673333333333267,3,False,48,0.07071428571428572,0.07796077149395224,0.06975575091575084,0.0009250572082379463,0.07703571428571429,0.048082417582417575,0.006673333333333267,0.015,0.0,0.0,0.0
0.334713,57,3665.305448,hard,0.31798627002288316,0.31798627002288316,0,566,4,2,2,2,2,0,0,0,0,0.008649885583523859,0.010961538461538483,0.023799999999998975,0.2265109890109885,0.1031333333333323,2,False,21,0.01640625,0.025832147454233356,0.047494652014651854,0.0030274599542333505,0.022804687500000004,0.027181318681318622,0.01031333333333323,0.01,0.0,0.0,0.0
0.289372,58,3682.991519,hard,0.2595423340961099,0.2595423340961099,0,574,4,2,2,2,2,0,0,0,0,0.006967963386727737,0.016730769230769348,0.0,0.3759340659340652,0.0,2,False,24,0.023571428571428573,0.03211735861392614,0.05511208791208783,0.0024387871853547077,0.02967857142857143,0.04511208791208783,0.0,0.01,0.0,0.0,0.0
0.404479,57,3700.788998,hard,0.33672768878718534,0.33672768878718534,0,566,4,2,2,2,2,0,0,0,0,0.0,0.0,0.0,0.314010989010989,0.0,2,False,62,0.060892857142857144,0.07666964285714284,0.04768131868131869,0.0,0.07666964285714284,0.03768131868131869,0.0,0.01,0.0,0.0,0.0
0.444774,61,3719.545941,hard,0.3684210526315789,0.3684210526315789,0,603,4,2,2,2,2,0,0,0,0,0.018981693363844303,0.0,0.0,0.3901098901098901,0.0,3,False,48,0.05892857142857143,0.07484002124877408,0.06181318681318681,0.0066435926773455055,0.06819642857142857,0.04681318681318681,0.0,0.015,0.0,0.0,0.0
2.92419,74,3747.289728,hard,0.6956521739130435,2.6956521739130435,2,733,4,2,2,2,2,0,0,0,0,0.02895308924485074,0.0,0.168699999999997,0.5164835164835165,0.9999999999999959,4,True,55,0.04296875,0.06986014373569777,0.2319780219780216,0.010133581235697757,0.059726562500000004,0.061978021978021984,0.09999999999999959,0.02,0.05,0.0,0.0
0.316245,60,3765.928952,hard,0.2597254004576659,0.2597254004576659,0,596,4,2,2,2,2,0,0,0,0,0.004565217391304357,0.010961538461538483,0.0,0.37637362637362587,0.0,2,False,48,0.047142857142857146,0.06095496894409938,0.0551648351648351,0.0015978260869565246,0.05935714285714286,0.0451648351648351,0.0,0.01,0.0,0.0,0.0
0.412376,59,3784.276367,hard,0.32585812356979404,0.32585812356979404,0,582,4,2,2,2,2,0,0,0,0,0.00997139588100693,0.0,0.0,0.2879120879120879,0.0,2,False,68,0.08357142857142857,0.10016855998692384,0.04454945054945055,0.0034899885583524254,0.09667857142857142,0.03454945054945055,0.0,0.01,0.0,0.0,0.0
0.206947,56,3801.930586,hard,0.19399313501144164,0.19399313501144164,0,556,4,2,2,2,2,0,0,0,0,0.0,0.0,0.0,0.12239010989010989,0.0,1,False,45,0.03515625,0.0488671875,0.019686813186813187,0.0,0.0488671875,0.014686813186813188,0.0,0.005,0.0,0.0,0.0
0.289061,57,3819.604834,hard,0.26653318077803206,0.26653318077803206,0,563,4,2,2,2,2,0,0,0,0,0.0018020594965675039,0.0,0.0,0.14546703296703298,0.0,1,False,48,0.04232142857142857,0.05637179225237006,0.022456043956043958,0.0006307208237986263,0.05574107142857143,0.017456043956043957,0.0,0.005,0.0,0.0,0.0
0.32681,59,3837.959336,hard,0.2541990846681921,0.2541990846681921,0,590,4,2,2,2,2,0,0,0,0,0.0028832951945078848,0.0,0.0,0.3331043956043956,0.0,2,False,58,0.06883928571428571,0.08163861760379204,0.04997252747252747,0.0010091533180777595,0.08062946428571428,0.03997252747252747,0.0,0.01,0.0,0.0,0.0
1.691128,64,3858.044727,hard,0.5359267734553775,1.5359267734553774,1,636,4,2,2,2,2,0,0,0,0,0.0061270022883295455,0.0,0.0,0.5,0.7093333333333334,4,False,46,0.05696428571428572,0.06786766508662963,0.1509333333333333,0.0021444508009153406,0.06572321428571429,0.05999999999999999,0.07093333333333333,0.02,0.0,0.0,0.0
0.475806,66,3879.217675,hard,0.3860411899313501,0.3860411899313501,0,657,4,2,2,2,2,0,0,0,0,0.015858123569794137,0.0037499999999999973,0.0,0.4324175824175822,0.0,3,False,65,0.06736607142857143,0.08857489682085652,0.06689010989010988,0.005550343249427948,0.08302455357142857,0.05189010989010988,0.0,0.015,0.0,0.0,0.0
0.383094,61,3903.385362,hard,0.31254576659038835,0.31254576659038835,0,609,4,2,2,2,2,0,0,0,0,0.01597826086956453,0.0,0.09309999999999599,0.29656593406593407,0.5014333333333293,2,False,19,0.0275,0.03571739130434758,0.09573124542124502,0.005592391304347584,0.030125,0.03558791208791209,0.05014333333333294,0.01,0.0,0.0,0.0
0.35321,63,3922.871096,hard,0.31189931350114414,0.31189931350114414,0,627,4,2,2,2,2,0,0,0,0,0.0070881006864988915,0.017019230769230856,0.0,0.21978021978021897,0.0,2,False,60,0.046875,0.06763708524027462,0.03637362637362628,0.002480835240274612,0.06515625000000001,0.02637362637362628,0.0,0.01,0.0,0.0,0.0
0.315056,61,3941.30205,hard,0.22848970251716247,0.22848970251716247,0,606,4,2,2,2,2,0,0,0,0,0.0028604118993135015,0.006868131868131869,0.0,0.30137362637362614,0.0,2,False,96,0.10821428571428572,0.10100114416475973,0.046164835164835126,0.0010011441647597256,0.1,0.036164835164835124,0.0,0.01,0.0,0.0,0.0
0.566486,67,3961.519412,hard,0.47938787185354687,0.47938787185354687,0,662,4,2,2,2,2,0,0,0,0,0.0008409610983981332,0.002019230769230682,0.0,0.2381456043956043,0.41533333333333333,2,False,59,0.05785714285714286,0.0731871935272965,0.08011080586080585,0.0002943363844393466,0.07289285714285715,0.028577472527472517,0.04153333333333334,0.01,0.0,0.0,0.0
0.153401,59,3979.891478,hard,0.12998283752860415,0.12998283752860415,0,588,4,2,2,2,2,0,0,0,0,0.0025228832951945356,0.006057692307692374,0.0,0.1746016483516484,0.0,1,False,51,0.03984375,0.056265821653318095,0.025952197802197815,0.0008830091533180875,0.05538281250000001,0.020952197802197814,0.0,0.005,0.0,0.0,0.0
0.508075,64,3999.374777,hard,0.41859267734553773,0.41859267734553773,0,637,4,2,2,2,2,0,0,0,0,0.0,0.0,0.0,0.5,0.025666666666666667,4,False,44,0.06482142857142857,0.07061607142857143,0.08256666666666668,0.0,0.07061607142857143,0.06000000000000001,0.0025666666666666667,0.02,0.0,0.0,0.0
1.702255,58,4017.152684,hard,0.5324999999999991,1.532499999999999,1,580,4,2,2,2,2,0,0,0,0,0.02294622425629202,0.0,0.13369999999999482,0.49340659340659343,0.7053666666666609,4,False,52,0.058638392857142854,0.07800997313255935,0.14974545787545732,0.008031178489702208,0.06997879464285714,0.05920879120879122,0.07053666666666611,0.02,0.0,0.0,0.0
0.483848,61,4035.938658,hard,0.4142906178489703,0.4142906178489703,0,604,4,2,2,2,2,0,0,0,0,0.014296338672768999,0.034326923076923366,0.0,0.46082417582417445,0.0,3,False,47,0.04154017857142857,0.05965885246404058,0.07029890109890094,0.00500371853546915,0.05465513392857143,0.055298901098900934,0.0,0.015,0.0,0.0,0.0
0.423114,63,4060.352082,hard,0.3318649885583524,0.3318649885583524,0,626,4,2,2,2,2,0,0,0,0,0.021624713958809754,0.0,0.0,0.3023351648351648,0.0,2,False,94,0.10595982142857142,0.10756864988558341,0.04628021978021977,0.007568649885583414,0.1,0.036280219780219766,0.0,0.01,0.0,0.0,0.0
0.401126,90,4087.642108,hard,0.40240274599542336,0.40240274599542336,0,900,4,2,2,2,2,0,0,0,0,0.007929061784896684,0.0,0.0,0.314010989010989,0.38266666666666665,2,False,0,0.0,0.002775171624713839,0.08594798534798533,0.002775171624713839,0.0,0.037681318681318667,0.03826666666666667,0.01,0.0,0.0,0.0
-0.067347,50,4103.414035,hard,0.07969107551487414,0.07969107551487414,0,500,0,0,0,0,0,0,0,0,4,0.0,0.0,0.0,0.19134615384615383,0.0,0,False,0,0.0,-0.12,0.022961538461538467,0.0,0.0,0.022961538461538467,0.0,0.0,0.0,0.0,0.12
0.410594,65,4123.667453,hard,0.337070938215103,0.337070938215103,0,649,4,2,2,2,2,0,0,0,0,0.0,0.0,0.0,0.3148351648351648,0.0,2,False,72,0.07285714285714286,0.09064285714285714,0.04778021978021979,0.0,0.09064285714285714,0.03778021978021979,0.0,0.01,0.0,0.0,0.0
0.567955,70,4145.663259,hard,0.43177345537757394,0.43177345537757394,0,695,4,2,2,2,2,0,0,0,0,0.025263157894736498,0.015659340659340666,0.058799999999997465,0.4054945054945047,0.33179999999999743,3,False,96,0.10821428571428572,0.10884210526315778,0.09683934065934031,0.008842105263157776,0.1,0.04865934065934057,0.03317999999999975,0.015,0.0,0.0,0.0
0.350539,57,4163.06525,hard,0.31270022883295195,0.31270022883295195,0,566,4,2,2,2,2,0,0,0,0,0.004445080091533195,0.010673076923076957,0.0,0.2563186813186808,0.0,2,False,48,0.0375,0.05368077803203663,0.04075824175824169,0.0015557780320366182,0.05212500000000001,0.03075824175824169,0.0,0.01,0.0,0.0,0.0
0.314307,59,4180.547461,hard,0.23209382151029748,0.23209382151029748,0,588,4,2,2,2,2,0,0,0,0,0.0030034324942791713,0.00721153846153845,0.0,0.2975274725274722,0.0,2,False,72,0.07767857142857143,0.09531012994442627,0.04570329670329666,0.0010512013729977098,0.09425892857142856,0.03570329670329666,0.0,0.01,0.0,0.0,0.0
0.375794,66,4200.41759,hard,0.27065217391304347,0.27065217391304347,0,659,4,2,2,2,2,0,0,0,0,0.022082379862700275,0.0,0.0,0.4026098901098901,0.0,3,False,88,0.09919642857142857,0.1077288329519451,0.06331318681318682,0.007728832951945095,0.1,0.04831318681318681,0.0,0.015,0.0,0.0,0.0
0.322493,61,4224.098477,hard,0.27301487414187636,0.27301487414187636,0,601,4,2,2,2,2,0,0,0,0,0.020737986270022973,0.02527472527472527,0.00209999999999991,0.3968406593406581,0.027766666666666575,3,False,34,0.0265625,0.04418017019450804,0.06539754578754564,0.0072582951945080396,0.036921875,0.04762087912087898,0.0027766666666666578,0.015,0.0,0.0,0.0
0.539948,78,4247.697453,hard,0.44302059496567503,0.44302059496567503,0,778,4,2,2,2,2,0,0,0,0,0.019822654462242444,0.0,0.0,0.5326923076923077,0.08866666666666667,4,False,60,0.06,0.08193792906178485,0.09278974358974361,0.006937929061784856,0.075,0.06392307692307693,0.008866666666666669,0.02,0.0,0.0,0.0
0.419787,59,4266.351595,hard,0.3756864988558352,0.3756864988558352,0,589,4,2,2,2,2,0,0,0,0,0.0,0.0,0.0,0.40755494505494505,0.0,3,False,36,0.028125,0.039093750000000003,0.06390659340659341,0.0,0.039093750000000003,0.04890659340659342,0.0,0.015,0.0,0.0,0.0
0.51428,65,4287.022475,hard,0.42298627002288275,0.42298627002288275,0,646,4,2,2,2,2,0,0,0,0,0.01297482837528548,0.0,0.07559999999999674,0.3987637362637363,0.3275999999999967,3,False,48,0.04232142857142857,0.06028226135992136,0.09561164835164802,0.004541189931349918,0.05574107142857144,0.047851648351648346,0.03275999999999967,0.015,0.0,0.0,0.0
0.37648,60,4305.777115,hard,0.32683638443935886,0.32683638443935886,0,593,4,2,2,2,2,0,0,0,0,0.013335240274599156,0.0,0.0,0.3949175824175824,0.0,3,False,30,0.03584821428571429,0.04655349481039542,0.0623901098901099,0.004667334096109705,0.04188616071428571,0.0473901098901099,0.0,0.015,0.0,0.0,0.0
0.438274,59,4324.116508,hard,0.39879862700228835,0.39879862700228835,0,589,4,2,2,2,2,0,0,0,0,0.02162471395880987,0.0,0.0,0.25728021978021975,0.49933333333333335,2,False,0,0.0,0.007568649885583454,0.0908069597069597,0.007568649885583454,0.0,0.030873626373626378,0.049933333333333337,0.01,0.0,0.0,0.0
0.452765,60,4342.407357,hard,0.3684210526315789,0.3684210526315789,0,598,4,2,2,2,2,0,0,0,0,0.0,0.0,0.0,0.3901098901098901,0.0,3,False,61,0.06910714285714285,0.08233035714285714,0.061813186813186816,0.0,0.08233035714285714,0.046813186813186816,0.0,0.015,0.0,0.0,0.0
0.468641,80,4366.937979,hard,0.37803203661327234,0.37803203661327234,0,796,4,2,2,2,2,0,0,0,0,0.016075514874141893,0.0,0.0,0.41318681318681316,0.0,3,False,84,0.09053571428571429,0.10562643020594967,0.06458241758241756,0.005626430205949662,0.1,0.04958241758241756,0.0,0.015,0.0,0.0,0.0
0.39593,60,4389.906172,hard,0.29056064073226545,0.29056064073226545,0,592,4,2,2,2,2,0,0,0,0,0.007448512585812397,0.01788461538461548,0.0,0.38983516483516395,0.147,2,False,69,0.07464285714285715,0.0930891222621772,0.07148021978021968,0.002606979405034339,0.09048214285714287,0.04678021978021968,0.014700000000000001,0.01,0.0,0.0,0.0
0.404596,59,4407.981294,hard,0.3181464530892445,0.3181464530892445,0,581,4,2,2,2,2,0,0,0,0,0.008409610983981372,0.0023076923076923088,0.04339999999999813,0.39010989010989,0.1880666666666648,3,False,38,0.055982142857142855,0.06392997098725063,0.08061985347985329,0.0029433638443934797,0.06098660714285715,0.04681318681318681,0.01880666666666648,0.015,0.0,0.0,0.0
0.354578,55,4424.68025,hard,0.2636670480549198,0.2636670480549198,0,548,4,2,2,2,2,0,0,0,0,0.0022826086956520756,0.0,0.0,0.29093406593406596,0.0,2,False,72,0.09428571428571429,0.10079891304347824,0.044912087912087915,0.0007989130434782264,0.1,0.034912087912087914,0.0,0.01,0.0,0.0,0.0
2.79694,64,4444.411038,hard,0.5389016018306636,2.5389016018306636,2,639,4,2,2,2,2,0,0,0,0,0.0456521739130426,0.015865384615384788,0.18969999999999607,0.3873626373626365,0.9999999999999959,3,True,87,0.06796875,0.11045482336956494,0.211483516483516,0.015978260869564907,0.09447656250000003,0.04648351648351638,0.09999999999999959,0.015,0.05,0.0,0.0
2.673947,80,4469.591479,hard,0.519279176201373,2.519279176201373,2,800,4,2,2,2,2,0,0,0,0,0.007929061784896793,0.0063461538461538364,0.030799999999998672,0.3402472527472525,1.0,3,True,24,0.01875,0.02883767162471388,0.2058296703296703,0.002775171624713877,0.026062500000000002,0.04082967032967029,0.1,0.015,0.05,0.0,0.0
1.644735,70,4490.978015,hard,0.44954233409610983,1.4495423340961098,1,693,4,2,2,2,2,0,0,0,0,0.02419908466819226,0.02527472527472527,0.0,0.3296703296703288,1.0,3,True,45,0.03861607142857143,0.059931733205295865,0.20456043956043946,0.008469679633867291,0.05146205357142857,0.03956043956043947,0.1,0.015,0.05,0.0,0.0
0.273948,56,4508.198492,hard,0.2136556064073227,0.2136556064073227,0,551,4,2,2,2,2,0,0,0,0,0.002042334096109859,0.0049038461538462004,0.0,0.2657554945054943,0.0,1,False,64,0.06104910714285714,0.0785016472907813,0.036890659340659306,0.0007148169336384506,0.07778683035714284,0.03189065934065931,0.0,0.005,0.0,0.0,0.0
2.795428,74,4530.738018,hard,0.5885011441647597,2.5885011441647596,2,738,4,2,2,2,2,0,0,0,0,0.021264302059495695,0.0,0.12389999999999492,0.4679945054945055,0.9999999999999997,3,True,48,0.0375,0.059567505720823505,0.22115934065934062,0.007442505720823494,0.05212500000000001,0.05615934065934066,0.09999999999999998,0.015,0.05,0.0,0.0
0.451464,60,4553.829854,hard,0.3684210526315789,0.3684210526315789,0,594,4,2,2,2,2,0,0,0,0,0.0,0.0,0.0,0.3901098901098901,0.0,3,False,58,0.06883928571428571,0.08062946428571428,0.06181318681318682,0.0,0.08062946428571428,0.04681318681318682,0.0,0.015,0.0,0.0,0.0
0.420604,64,4573.539572,hard,0.37202517162471394,0.37202517162471394,0,634,4,2,2,2,2,0,0,0,0,0.003844393592677344,0.0,0.0,0.3987637362637363,0.0,3,False,44,0.034375,0.049126787757437076,0.06285164835164836,0.0013455377574370703,0.047781250000000004,0.04785164835164835,0.0,0.015,0.0,0.0,0.0
0.28154,59,4591.357346,hard,0.2285068649885584,0.2285068649885584,0,587,4,2,2,2,2,0,0,0,0,0.021264302059496615,0.01875000000000003,0.0,0.30141483516483436,0.0,2,False,47,0.046160714285714284,0.06556304143510953,0.046169780219780125,0.007442505720823814,0.058120535714285715,0.03616978021978012,0.0,0.01,0.0,0.0,0.0
0.373842,56,4608.202473,hard,0.32411899313501147,0.32411899313501147,0,560,4,2,2,2,2,0,0,0,0,0.013935926773455436,0.0,0.0,0.2917582417582418,0.0,2,False,51,0.04044642857142857,0.06071239579928084,0.045010989010989017,0.0048775743707094015,0.055834821428571435,0.035010989010989015,0.0,0.01,0.0,0.0,0.0
0.449902,66,4628.372288,hard,0.36310068649885585,0.36310068649885585,0,653,4,2,2,2,2,0,0,0,0,0.0,0.0,0.0,0.3773351648351648,0.0,2,False,64,0.08642857142857142,0.09682142857142859,0.055280219780219776,0.0,0.09682142857142859,0.045280219780219774,0.0,0.01,0.0,0.0,0.0
0.388843,59,4646.543032,hard,0.32585812356979404,0.32585812356979404,0,586,4,2,2,2,2,0,0,0,0,0.0,0.0,0.0,0.2879120879120879,0.0,2,False,48,0.07071428571428572,0.07703571428571429,0.044549450549450545,0.0,0.07703571428571429,0.03454945054945054,0.0,0.01,0.0,0.0,0.0
0.313422,61,4665.556201,hard,0.2272883295194508,0.2272883295194508,0,604,4,2,2,2,2,0,0,0,0,0.002042334096109837,0.0049038461538461475,0.0,0.2984890109890108,0.0,2,False,96,0.10821428571428572,0.10071481693363844,0.04581868131868128,0.000714816933638443,0.1,0.03581868131868128,0.0,0.01,0.0,0.0,0.0
0.397525,56,4682.275136,hard,0.3117391304347825,0.3117391304347825,0,552,4,2,2,2,2,0,0,0,0,0.0014416475972539684,0.0034615384615383745,0.0,0.25401098901098884,0.0,2,False,84,0.09053571428571429,0.10050457665903889,0.04048131868131866,0.000504576659038889,0.1,0.030481318681318665,0.0,0.01,0.0,0.0,0.0
0.421086,64,4706.276918,hard,0.3112128146453089,0.3112128146453089,0,633,4,2,2,2,2,0,0,0,0,0.0,0.0,0.0,0.5,0.0,4,False,71,0.07689732142857143,0.09317299107142857,0.08,0.0,0.09317299107142857,0.060000000000000005,0.0,0.02,0.0,0.0,0.0
0.37009,61,4725.408459,hard,0.27745995423340963,0.27745995423340963,0,606,4,2,2,2,2,0,0,0,0,0.012969107551487452,0.011813186813186822,0.0,0.41895604395604347,0.0,3,False,62,0.06988839285714285,0.08795548228587774,0.06527472527472519,0.004539187643020608,0.08341629464285713,0.0502747252747252,0.0,0.015,0.0,0.0,0.0
0.369784,59,4743.599812,hard,0.29180205949656735,0.29180205949656735,0,587,4,2,2,2,2,0,0,0,0,0.00324370709382137,0.0,0.0,0.40425824175824177,0.0,2,False,48,0.07071428571428572,0.07817101176855178,0.058510989010989,0.0011352974828374796,0.07703571428571429,0.048510989010989,0.0,0.01,0.0,0.0,0.0
0.336013,56,4760.781783,hard,0.23179633867276883,0.23179633867276883,0,551,4,2,2,2,2,0,0,0,0,0.0021624713958809136,0.0,0.012599999999999457,0.17527472527472526,0.3252666666666661,1,False,102,0.11564732142857143,0.10075686498855832,0.058559633699633636,0.0007568649885583197,0.1,0.021032967032967035,0.03252666666666661,0.005,0.0,0.0,0.0
0.529629,79,4785.145127,hard,0.4117105263157891,0.4117105263157891,0,782,4,2,2,2,2,0,0,0,0,0.025949656750571322,0.01990384615384616,0.05389999999999767,0.3901098901098892,0.252233333333331,3,False,78,0.09290178571428571,0.10908237986269997,0.0870365201465198,0.009082379862699963,0.1,0.046813186813186705,0.0252233333333331,0.015,0.0,0.0,0.0
0.433104,59,4803.417449,hard,0.30609267734553763,0.30609267734553763,0,589,4,2,2,2,2,0,0,0,0,0.0138157894736841,0.0046153846153846045,0.0,0.5506318681318679,0.0,3,False,95,0.10674107142857144,0.10483552631578943,0.08107582417582417,0.004835526315789435,0.1,0.06607582417582417,0.0,0.015,0.0,0.0,0.0
0.165661,57,4820.308191,hard,0.13671052631578942,0.13671052631578942,0,568,4,2,2,2,2,0,0,0,0,0.0056464530892448095,0.008942307692307791,0.0,0.2486401098901095,0.0,1,False,36,0.04125,0.050913758581235695,0.034836813186813136,0.0019762585812356835,0.04893750000000001,0.029836813186813135,0.0,0.005,0.0,0.0,0.0
0.352049,59,4838.320453,hard,0.327837528604119,0.327837528604119,0,582,4,2,2,2,2,0,0,0,0,0.004084668192219701,0.00980769230769236,0.0,0.29266483516483477,0.0,2,False,29,0.02848214285714286,0.037291241010134035,0.04511978021978018,0.0014296338672768953,0.03586160714285714,0.035119780219780176,0.0,0.01,0.0,0.0,0.0
0.461751,60,4856.456006,hard,0.36998283752860406,0.36998283752860406,0,594,4,2,2,2,2,0,0,0,0,0.004204805491990849,0.010096153846153852,0.0,0.3938598901098897,0.0,3,False,70,0.06991071428571428,0.0889047176364825,0.062263186813186766,0.0014716819221967973,0.0874330357142857,0.04726318681318677,0.0,0.015,0.0,0.0,0.0
0.53198,63,4880.001624,hard,0.4674485125858124,0.4674485125858124,0,627,4,2,2,2,2,0,0,0,0,0.023684210526315835,0.0,0.0,0.5,0.07933333333333334,4,False,28,0.02267857142857143,0.03929840225563912,0.08793333333333332,0.008289473684210543,0.031008928571428573,0.059999999999999984,0.007933333333333334,0.02,0.0,0.0,0.0
0.525328,75,4903.418217,hard,0.41538901601830663,0.41538901601830663,0,744,4,2,2,2,2,0,0,0,0,0.011407322654461911,0.00892857142857143,0.0,0.502884615384615,0.0,4,False,96,0.10821428571428572,0.10399256292906167,0.0803461538461538,0.003992562929061669,0.1,0.0603461538461538,0.0,0.02,0.0,0.0,0.0
0.448546,63,4922.733435,hard,0.4104691075514874,0.4104691075514874,0,630,4,2,2,2,2,0,0,0,0,0.0,0.0,0.0,0.49107142857142855,0.0,3,False,25,0.01953125,0.027148437500000004,0.07392857142857143,0.0,0.027148437500000004,0.05892857142857143,0.0,0.015,0.0,0.0,0.0
0.514069,64,4942.506396,hard,0.3588787185354683,0.3588787185354683,0,639,4,2,2,2,2,0,0,0,0,0.03279748283752777,0.0,0.09939999999999571,0.3927197802197802,0.5380666666666624,2,False,68,0.08357142857142857,0.10815769042170614,0.11093304029303987,0.011479118993134719,0.09667857142857142,0.047126373626373626,0.05380666666666624,0.01,0.0,0.0,0.0
0.405326,59,4960.517775,hard,0.3155034324942792,0.3155034324942792,0,590,4,2,2,2,2,0,0,0,0,0.024868421052631467,0.012115384615384748,0.0,0.4006868131868132,0.0,3,False,48,0.07071428571428572,0.0857396616541353,0.06308241758241757,0.008703947368421013,0.07703571428571429,0.048082417582417575,0.0,0.015,0.0,0.0,0.0
1.731191,59,4978.459265,hard,0.5277631578947364,1.5277631578947364,1,584,4,2,2,2,2,0,0,0,0,0.023186498855834778,0.0,0.1350999999999973,0.3978021978021978,0.9097666666666608,3,False,72,0.08946428571428572,0.10811527459954218,0.15371293040292983,0.008115274599542173,0.1,0.04773626373626374,0.09097666666666608,0.015,0.0,0.0,0.0
0.451918,57,4995.896457,hard,0.35635011441647596,0.35635011441647596,0,567,4,2,2,2,2,0,0,0,0,0.023684210526315835,0.0,0.0,0.3611263736263736,0.0,2,False,72,0.07285714285714286,0.09893233082706768,0.05333516483516483,0.008289473684210541,0.09064285714285714,0.04333516483516483,0.0,0.01,0.0,0.0,0.0
0.282919,57,5013.042258,hard,0.2753432494279176,0.2753432494279176,0,566,4,2,2,2,2,0,0,0,0,0.0,0.0,0.0,0.1666208791208791,0.0,1,False,27,0.034241071428571426,0.03918080357142857,0.024994505494505496,0.0,0.03918080357142857,0.019994505494505495,0.0,0.005,0.0,0.0,0.0
0.187122,60,5036.100793,hard,0.19668192219679634,0.19668192219679634,0,592,4,2,2,2,2,0,0,0,0,0.0,0.0,0.0,0.16634615384615384,0.0,0,False,24,0.023571428571428573,0.02967857142857143,0.019961538461538465,0.0,0.02967857142857143,0.019961538461538465,0.0,0.0,0.0,0.0,0.0
0.257917,58,5053.59795,hard,0.26613272311212816,0.26613272311212816,0,575,4,2,2,2,2,0,0,0,0,0.0025171624713958814,0.006043956043956045,0.0,0.14450549450549457,0.0,1,False,24,0.01875,0.026943506864988562,0.022340659340659347,0.0008810068649885585,0.026062500000000002,0.017340659340659346,0.0,0.005,0.0,0.0,0.0
0.339539,59,5072.248134,hard,0.2608695652173913,0.2608695652173913,0,589,4,2,2,2,2,0,0,0,0,0.011533180778032118,0.0,0.0,0.23777472527472526,0.0,1,False,96,0.11303571428571428,0.10403661327231124,0.033532967032967036,0.004036613272311241,0.1,0.028532967032967038,0.0,0.005,0.0,0.0,0.0
0.357977,59,5090.469948,hard,0.27179633867276887,0.27179633867276887,0,585,4,2,2,2,2,0,0,0,0,0.0003604118993135013,0.0008653846153846158,0.0,0.3659340659340659,0.0,2,False,72,0.07285714285714286,0.09076900130761686,0.05391208791208791,0.00012614416475972547,0.09064285714285714,0.04391208791208791,0.0,0.01,0.0,0.0,0.0
0.355759,60,5108.981083,hard,0.2575228832951946,0.2575228832951946,0,597,4,2,2,2,2,0,0,0,0,0.009731121281464604,0.02336538461538479,0.0,0.37108516483516385,0.0,2,False,92,0.09540178571428572,0.10340589244851262,0.054530219780219664,0.0034058924485126114,0.1,0.04453021978021966,0.0,0.01,0.0,0.0,0.0
0.406308,59,5127.025221,hard,0.356149885583524,0.356149885583524,0,588,4,2,2,2,2,0,0,0,0,0.003003432494279157,0.007211538461538416,0.0,0.31929945054945025,0.10033333333333333,2,False,43,0.03741071428571428,0.050609237087283425,0.05834926739926736,0.0010512013729977049,0.04955803571428572,0.03831593406593402,0.010033333333333335,0.01,0.0,0.0,0.0
0.312452,63,5146.91659,hard,0.30028604118993135,0.30028604118993135,0,624,4,2,2,2,2,0,0,0,0,0.001321510297482837,0.0031730769230769217,0.0,0.22651098901098887,0.0,2,False,34,0.0265625,0.037384403604118994,0.037181318681318666,0.000462528604118993,0.036921875,0.027181318681318668,0.0,0.01,0.0,0.0,0.0
0.367905,57,5164.577982,hard,0.29721967963386736,0.29721967963386736,0,567,4,2,2,2,2,0,0,0,0,0.005286041189931408,0.012692307692307832,0.0,0.4664010989010984,0.0,3,False,34,0.05008928571428571,0.05641707870219028,0.0709681318681318,0.0018501144164759927,0.05456696428571429,0.05596813186813181,0.0,0.015,0.0,0.0,0.0
0.369586,68,5190.306766,hard,0.27602402745995414,0.27602402745995414,0,675,4,2,2,2,2,0,0,0,0,0.01105263157894726,0.018173076923077028,0.020299999999999124,0.33310439560439475,0.1999666666666658,2,False,66,0.07229910714285714,0.09109275140977438,0.06996919413919395,0.003868421052631541,0.08722433035714285,0.039972527472527365,0.01999666666666658,0.01,0.0,0.0,0.0
2.871222,61,5209.178407,hard,0.5882151029748284,2.5882151029748286,2,601,4,2,2,2,2,0,0,0,0,0.035469107551487467,0.0,0.20666666666666697,0.5057692307692307,0.9999999999999961,4,True,96,0.10821428571428572,0.11241418764302062,0.2306923076923073,0.012414187643020614,0.1,0.06069230769230769,0.09999999999999962,0.02,0.05,0.0,0.0
0.488962,59,5226.920491,hard,0.3788329519450801,0.3788329519450801,0,583,4,2,2,2,2,0,0,0,0,0.010331807780320433,0.02480769230769247,0.0,0.41510989010988886,0.0,3,False,88,0.10058035714285714,0.10361613272311215,0.06481318681318665,0.003616132723112152,0.1,0.04981318681318665,0.0,0.015,0.0,0.0,0.0
0.314068,61,5245.775137,hard,0.24937070938215103,0.24937070938215103,0,601,4,2,2,2,2,0,0,0,0,0.01129290617848978,0.027115384615384805,0.0,0.24285714285714285,0.26366666666666666,2,False,50,0.04044642857142857,0.05928733859104286,0.06550952380952381,0.0039525171624714235,0.05533482142857144,0.029142857142857147,0.026366666666666667,0.01,0.0,0.0,0.0
1.707574,60,5264.518656,hard,0.49513729977116705,1.4951372997711672,1,595,4,2,2,2,2,0,0,0,0,0.007929061784897067,0.0,0.04620000000000025,0.2822802197802198,0.9999999999999978,2,True,66,0.05638392857142857,0.07806311805328539,0.19387362637362615,0.002775171624713973,0.07528794642857142,0.03387362637362638,0.09999999999999978,0.01,0.05,0.0,0.0
0.460716,57,5282.228507,hard,0.38284324942791775,0.38284324942791775,0,568,4,2,2,2,2,0,0,0,0,0.007328375286041271,0.0,0.0,0.4793956043956044,0.0,2,False,48,0.05410714285714286,0.06714528849297158,0.06752747252747254,0.0025649313501144447,0.06458035714285713,0.05752747252747254,0.0,0.01,0.0,0.0,0.0
0.447302,57,5300.254663,hard,0.3607151029748281,0.3607151029748281,0,564,4,2,2,2,2,0,0,0,0,0.006367276887871624,0.0,0.0,0.2563186813186813,0.0,2,False,80,0.09044642857142857,0.10222854691075507,0.04075824175824176,0.0022285469107550682,0.1,0.030758241758241763,0.0,0.01,0.0,0.0,0.0
2.735088,59,5318.434075,hard,0.5148798627002289,2.514879862700229,2,583,4,2,2,2,2,0,0,0,0,0.02078375286041197,0.011826923076923207,0.0924000000000001,0.3296840659340654,0.9999999999999961,2,True,66,0.0515625,0.07894618850114418,0.19956208791208746,0.007274313501144188,0.071671875,0.039562087912087845,0.09999999999999962,0.01,0.05,0.0,0.0
0.284563,59,5336.672206,hard,0.2509153318077803,0.2509153318077803,0,588,4,2,2,2,2,0,0,0,0,0.0037242562929061768,0.008942307692307687,0.0,0.35521978021977985,0.0,2,False,24,0.03535714285714286,0.039821346845374306,0.052626373626373596,0.0013034897025171618,0.038517857142857145,0.042626373626373594,0.0,0.01,0.0,0.0,0.0
0.36337,58,5359.442209,hard,0.31590389016018305,0.31590389016018305,0,572,4,2,2,2,2,0,0,0,0,0.0,0.0,0.0,0.264010989010989,0.0,2,False,58,0.0453125,0.06298437500000001,0.041681318681318684,0.0,0.06298437500000001,0.03168131868131868,0.0,0.01,0.0,0.0,0.0
0.301404,69,5380.646432,hard,0.24400457665903874,0.24400457665903874,0,682,4,2,2,2,2,0,0,0,0,0.0038443935926771797,0.0,0.022399999999999035,0.22843406593406593,0.267399999999999,2,False,52,0.04546875,0.06144710025743701,0.0641520879120878,0.0013455377574370128,0.0601015625,0.02741208791208791,0.026739999999999903,0.01,0.0,0.0,0.0
0.383195,61,5399.175655,hard,0.2789473684210526,0.2789473684210526,0,603,4,2,2,2,2,0,0,0,0,0.010983981693363842,0.02637362637362637,0.0,0.4225274725274712,0.0,2,False,94,0.10526785714285715,0.10384439359267734,0.06070329670329655,0.003844393592677345,0.1,0.05070329670329655,0.0,0.01,0.0,0.0,0.0
1.654395,72,5421.638395,hard,0.5383867276887871,1.538386727688787,1,712,4,2,2,2,2,0,0,0,0,0.003123569794050338,0.007499999999999988,0.0,0.5509615384615382,0.0,4,False,83,0.0890625,0.10109324942791763,0.08611538461538457,0.0010932494279176184,0.1,0.06611538461538456,0.0,0.02,0.0,0.0,0.0
1.623441,58,5439.452071,hard,0.41270022883295193,1.412700228832952,1,573,4,2,2,2,2,0,0,0,0,0.021453089244851304,0.0,0.12500000000000028,0.3315934065934066,0.9999999999999961,3,True,48,0.04232142857142857,0.06324965266426939,0.20479120879120838,0.007508581235697957,0.05574107142857144,0.039791208791208794,0.09999999999999962,0.015,0.05,0.0,0.0
0.318415,83,5465.325105,hard,0.2685354691075515,0.2685354691075515,0,827,4,2,2,2,2,0,0,0,0,0.0,0.0,0.0,0.3023351648351648,0.0,2,False,68,0.06973214285714285,0.08629910714285713,0.04628021978021978,0.0,0.08629910714285713,0.03628021978021978,0.0,0.01,0.0,0.0,0.0
0.542513,59,5483.350228,hard,0.42276887871853547,0.42276887871853547,0,586,4,2,2,2,2,0,0,0,0,0.010469107551487413,0.0,0.0,0.3331043956043956,0.455,2,False,50,0.07227678571428571,0.08287177692873487,0.09547252747252745,0.003664187643020594,0.07920758928571428,0.03997252747252746,0.0455,0.01,0.0,0.0,0.0
0.396365,59,5501.203574,hard,0.33881006864988567,0.33881006864988567,0,583,4,2,2,2,2,0,0,0,0,0.005286041189931408,0.012692307692307832,0.0,0.31901098901098845,0.0,2,False,46,0.05696428571428572,0.06757332870219028,0.0482813186813186,0.001850114416475993,0.06572321428571429,0.0382813186813186,0.0,0.01,0.0,0.0,0.0
0.264732,74,5528.542665,hard,0.23483981693363845,0.23483981693363845,0,733,4,2,2,2,2,0,0,0,0,0.0024027459954233626,0.005769230769230821,0.0,0.3166208791208789,0.0,1,False,48,0.047142857142857146,0.06019810395554104,0.04299450549450547,0.0008409610983981769,0.05935714285714286,0.03799450549450547,0.0,0.005,0.0,0.0,0.0
0.436695,56,5546.166923,hard,0.34239702517162474,0.34239702517162474,0,559,4,2,2,2,2,0,0,0,0,0.0025228832951945356,0.006057692307692374,0.0,0.32762362637362613,0.0,2,False,88,0.09919642857142857,0.10088300915331809,0.04931483516483514,0.0008830091533180875,0.1,0.03931483516483514,0.0,0.01,0.0,0.0,0.0
0.463499,74,5568.403461,hard,0.38003432494279177,0.38003432494279177,0,734,4,2,2,2,2,0,0,0,0,0.020217391304347476,0.004120879120879122,0.0,0.4179945054945053,0.0,3,False,66,0.06883928571428571,0.09170555124223591,0.06515934065934065,0.007076086956521616,0.08462946428571429,0.050159340659340655,0.0,0.015,0.0,0.0,0.0
0.27919,58,5586.382703,hard,0.20489130434782618,0.20489130434782618,0,578,4,2,2,2,2,0,0,0,0,0.00780892448512593,0.018750000000000173,0.0,0.24471153846153845,0.0,0,False,86,0.09348214285714286,0.10273312356979408,0.02936538461538462,0.0027331235697940753,0.1,0.02936538461538462,0.0,0.0,0.0,0.0,0.0
0.44099,62,5605.735073,hard,0.35068649885583525,0.35068649885583525,0,614,4,2,2,2,2,0,0,0,0,0.0,0.0,0.0,0.3475274725274725,0.0,2,False,109,0.11352678571428572,0.1,0.051703296703296694,0.0,0.1,0.04170329670329669,0.0,0.01,0.0,0.0,0.0
1.726651,60,5624.250113,hard,0.4827803203661327,1.4827803203661327,1,593,4,2,2,2,2,0,0,0,0,0.0,0.0,0.0,0.49986263736263736,1.0,3,True,72,0.05625,0.07818750000000001,0.22498351648351644,0.0,0.07818750000000001,0.05998351648351647,0.1,0.015,0.05,0.0,0.0
2.871551,84,5650.193583,hard,0.6636155606407322,2.663615560640732,2,831,4,2,2,2,2,0,0,0,0,0.04264874141876334,0.0,0.19809999999999575,0.43956043956043955,0.9999999999999959,4,True,49,0.03848214285714286,0.06828866663942432,0.22274725274725238,0.01492705949656717,0.05336160714285715,0.052747252747252754,0.0999999999999996,0.02,0.05,0.0,0.0
1.668828,58,5668.428667,hard,0.49834096109839815,1.4983409610983982,1,571,4,2,2,2,2,0,0,0,0,0.019221967963386634,0.0,0.0,0.2899725274725275,1.0,2,True,24,0.01875,0.03279018878718532,0.1947967032967033,0.006727688787185321,0.026062500000000002,0.0347967032967033,0.1,0.01,0.05,0.0,0.0
0.263215,57,5690.381527,hard,0.19839816933638443,0.19839816933638443,0,565,4,2,2,2,2,0,0,0,0,0.007208237986270056,0.01730769230769239,0.0,0.22912087912087836,0.0,1,False,68,0.06973214285714285,0.08882199043805167,0.0324945054945054,0.00252288329519452,0.08629910714285714,0.027494505494505404,0.0,0.005,0.0,0.0,0.0
0.406262,73,5712.942928,hard,0.3684210526315789,0.3684210526315789,0,722,4,2,2,2,2,0,0,0,0,0.0,0.0,0.0,0.3901098901098901,0.0,3,False,39,0.03830357142857143,0.04822767857142857,0.06181318681318682,0.0,0.04822767857142857,0.04681318681318682,0.0,0.015,0.0,0.0,0.0
0.504435,65,5732.843748,hard,0.39753432494279173,0.39753432494279173,0,641,4,2,2,2,2,0,0,0,0,0.0022826086956521992,0.005480769230769291,0.0,0.46001373626373604,0.0,3,False,96,0.10821428571428572,0.10079891304347828,0.07020164835164831,0.0007989130434782696,0.1,0.055201648351648314,0.0,0.015,0.0,0.0,0.0
0.546319,60,5751.032855,hard,0.41782608695652146,0.41782608695652146,0,595,4,2,2,2,2,0,0,0,0,0.00792906178489669,0.0,0.03639999999999843,0.31002747252747254,0.8227333333333318,2,False,48,0.04232142857142857,0.058516243053285275,0.1294766300366299,0.0027751716247138413,0.05574107142857143,0.0372032967032967,0.08227333333333318,0.01,0.0,0.0,0.0
0.295396,56,5768.414664,hard,0.22294050343249427,0.22294050343249427,0,552,4,2,2,2,2,0,0,0,0,0.0,0.0,0.0,0.2880494505494505,0.0,2,False,66,0.06678571428571428,0.08308928571428573,0.04456593406593405,0.0,0.08308928571428573,0.03456593406593405,0.0,0.01,0.0,0.0,0.0
0.41745,58,5786.570439,hard,0.32946224256292905,0.32946224256292905,0,576,4,2,2,2,2,0,0,0,0,0.0,0.0,0.0,0.29656593406593407,0.0,2,False,87,0.09772321428571429,0.1,0.04558791208791209,0.0,0.1,0.03558791208791209,0.0,0.01,0.0,0.0,0.0
0.362291,60,5804.956486,hard,0.2854462242562929,0.2854462242562929,0,592,4,2,2,2,2,0,0,0,0,0.0007208237986270103,0.00173076923076925,0.0,0.3448626373626373,0.0,3,False,65,0.06254464285714285,0.0796607704723766,0.05638351648351646,0.0002522883295194536,0.07940848214285715,0.04138351648351646,0.0,0.015,0.0,0.0,0.0
0.379775,56,5821.828106,hard,0.30257437070938215,0.30257437070938215,0,558,4,2,2,2,2,0,0,0,0,0.00045766590389016037,0.0,0.0,0.23200549450549451,0.0,1,False,120,0.12696428571428572,0.10016018306636155,0.03284065934065934,0.0001601830663615561,0.1,0.02784065934065934,0.0,0.005,0.0,0.0,0.0
0.416483,65,5846.517311,hard,0.3712242562929062,0.3712242562929062,0,648,4,2,2,2,2,0,0,0,0,0.0,0.0,0.0,0.3968406593406593,0.0,3,False,33,0.04125,0.047437499999999994,0.06262087912087913,0.0,0.047437499999999994,0.04762087912087913,0.0,0.015,0.0,0.0,0.0
0.303916,58,5864.311694,hard,0.3013729977116705,0.3013729977116705,0,571,4,2,2,2,2,0,0,0,0,0.0,0.0,0.0,0.2291208791208791,0.0,1,False,25,0.01953125,0.027148437500000004,0.0324945054945055,0.0,0.027148437500000004,0.0274945054945055,0.0,0.005,0.0,0.0,0.0
0.216442,66,5884.024487,hard,0.13558352402745996,0.13558352402745996,0,659,4,2,2,2,2,0,0,0,0,0.0,0.0,0.0,0.30631868131868134,0.0,2,False,96,0.10821428571428572,0.1,0.04675824175824176,0.0,0.1,0.03675824175824176,0.0,0.01,0.0,0.0,0.0
0.313701,57,5901.182493,hard,0.2253432494279176,0.2253432494279176,0,569,4,2,2,2,2,0,0,0,0,0.0,0.0,0.0,0.29381868131868133,0.0,2,False,70,0.09133928571428572,0.1,0.045258241758241766,0.0,0.1,0.035258241758241764,0.0,0.01,0.0,0.0,0.0
1.691897,60,5919.238298,hard,0.4791590389016018,1.4791590389016018,1,595,4,2,2,2,2,0,0,0,0,0.02606979405034286,0.002019230769230682,0.14699999999999794,0.2439148351648351,0.9999999999999959,2,True,68,0.053125,0.08296817791762,0.1892697802197798,0.00912442791762,0.07384375,0.029269780219780207,0.0999999999999996,0.01,0.05,0.0,0.0
0.297407,56,5936.403578,hard,0.24208810068649889,0.24208810068649889,0,558,4,2,2,2,2,0,0,0,0,0.0032437070938215427,0.0,0.0,0.11950549450549451,0.0,1,False,72,0.07285714285714286,0.09177815462569468,0.01934065934065934,0.0011352974828375399,0.09064285714285714,0.014340659340659341,0.0,0.005,0.0,0.0,0.0
0.469966,65,5956.004956,hard,0.42219679633867274,0.42219679633867274,0,650,4,2,2,2,2,0,0,0,0,0.00913043478260875,0.021923076923077055,0.0,0.5086538461538451,0.025666666666666667,4,False,21,0.020625,0.02916440217391306,0.08360512820512807,0.0031956521739130626,0.02596875,0.0610384615384614,0.0025666666666666667,0.02,0.0,0.0,0.0
1.597642,62,5975.097932,hard,0.5088443935926764,1.5088443935926765,1,616,4,2,2,2,2,0,0,0,0,0.027151029748282835,0.0,0.15819999999999465,0.22843406593406593,0.7741999999999931,2,False,24,0.01875,0.03556536041189899,0.11483208791208722,0.009502860411898992,0.026062500000000002,0.027412087912087914,0.07741999999999932,0.01,0.0,0.0,0.0
0.414671,58,5992.939221,hard,0.34622425629290615,0.34622425629290615,0,576,4,2,2,2,2,0,0,0,0,0.0,0.0,0.0,0.33681318681318684,0.0,1,False,58,0.06883928571428571,0.08062946428571428,0.0454175824175824,0.0,0.08062946428571428,0.0404175824175824,0.0,0.005,0.0,0.0,0.0
0.503427,62,6016.835363,hard,0.4019622425629291,0.4019622425629291,0,619,4,2,2,2,2,0,0,0,0,0.003964530892448556,0.009519230769230873,0.0,0.43314560439560396,0.0,2,False,96,0.09160714285714286,0.101387585812357,0.06197747252747248,0.0013875858123569946,0.1,0.05197747252747248,0.0,0.01,0.0,0.0,0.0
0.253268,57,6034.339395,hard,0.20052631578947372,0.20052631578947372,0,565,4,2,2,2,2,0,0,0,0,0.0014416475972540155,0.0034615384615384877,0.0,0.23423076923076908,0.0,0,False,58,0.06883928571428571,0.08113404094475318,0.02810769230769228,0.0005045766590389054,0.08062946428571428,0.02810769230769228,0.0,0.0,0.0,0.0,0.0
0.37908,57,6051.671359,hard,0.3483409610983982,0.3483409610983982,0,569,4,2,2,2,2,0,0,0,0,0.0037242562929062197,0.008942307692307791,0.0,0.3418956043956039,0.0,2,False,22,0.032410714285714286,0.03661152541680289,0.05102747252747247,0.001303489702517177,0.035308035714285715,0.04102747252747247,0.0,0.01,0.0,0.0,0.0
0.433367,62,6070.888392,hard,0.33867276887871856,0.33867276887871856,0,612,4,2,2,2,2,0,0,0,0,0.021864988558352193,0.0,0.0,0.31868131868131866,0.0,2,False,96,0.10821428571428572,0.10765274599542327,0.04824175824175825,0.007652745995423267,0.1,0.038241758241758246,0.0,0.01,0.0,0.0,0.0
0.416778,73,6092.922548,hard,0.3402745995423341,0.3402745995423341,0,722,4,2,2,2,2,0,0,0,0,0.0,0.0,0.0,0.32252747252747255,0.0,2,False,96,0.10821428571428572,0.1,0.04870329670329671,0.0,0.1,0.03870329670329671,0.0,0.01,0.0,0.0,0.0
0.523778,62,6111.88472,hard,0.3542734553775734,0.3542734553775734,0,615,4,2,2,2,2,0,0,0,0,0.02727116704805393,0.0,0.15889999999999424,0.2850274725274725,0.7725666666666597,2,False,88,0.09919642857142857,0.10954490846681889,0.12145996336996268,0.009544908466818876,0.1,0.03420329670329669,0.07725666666666599,0.01,0.0,0.0,0.0
2.709743,59,6129.820003,hard,0.5107151029748285,2.5107151029748285,2,583,4,2,2,2,2,0,0,0,0,0.0319565217391302,0.018173076923077108,0.14209999999999814,0.3196840659340651,0.9999999999999959,2,True,44,0.034375,0.058966032608695575,0.19836208791208743,0.01118478260869557,0.047781250000000004,0.03836208791208782,0.0999999999999996,0.01,0.05,0.0,0.0
0.374684,59,6148.387981,hard,0.34193363844393593,0.34193363844393593,0,590,4,2,2,2,2,0,0,0,0,0.002402745995423338,0.005769230769230762,0.0,0.32651098901098874,0.0,2,False,26,0.03830357142857143,0.04256863966982674,0.04918131868131865,0.0008409610983981682,0.041727678571428575,0.03918131868131865,0.0,0.01,0.0,0.0,0.0
0.406066,69,6174.159582,hard,0.3147025171624714,0.3147025171624714,0,688,4,2,2,2,2,0,0,0,0,0.01802059496567469,0.0025961538461538466,0.0,0.45357142857142846,0.133,3,False,55,0.05816964285714286,0.07743444038084328,0.08272857142857142,0.006307208237986141,0.07112723214285714,0.05442857142857141,0.013300000000000003,0.015,0.0,0.0,0.0
1.594042,55,6190.917881,hard,0.3668192219679634,1.3668192219679633,1,549,4,2,2,2,2,0,0,0,0,0.008049199084668236,0.0,0.046900000000000254,0.22142857142857142,0.9999999999999978,1,True,90,0.0703125,0.10055159467963388,0.18157142857142838,0.0028172196796338823,0.097734375,0.026571428571428572,0.09999999999999978,0.005,0.05,0.0,0.0
0.377465,62,6209.834887,hard,0.3272997711670481,0.3272997711670481,0,617,4,2,2,2,2,0,0,0,0,0.009965675057208275,0.023928571428571518,0.0,0.32516483516483413,0.0,2,False,48,0.047142857142857146,0.06284512912716575,0.04901978021978011,0.003487986270022896,0.05935714285714286,0.03901978021978011,0.0,0.01,0.0,0.0,0.0
2.823177,60,6228.062578,hard,0.5546224256292905,2.5546224256292906,2,594,4,2,2,2,2,0,0,0,0,0.03411899313501075,0.002307692307692333,0.1931999999999959,0.42510989010989003,0.9999999999999961,3,True,96,0.075,0.11194164759725377,0.21601318681318643,0.011941647597253762,0.1,0.05101318681318681,0.09999999999999962,0.015,0.05,0.0,0.0
1.678375,61,6246.69768,hard,0.4767162471395881,1.476716247139588,1,607,4,2,2,2,2,0,0,0,0,0.016699084668191706,0.0,0.09729999999999701,0.3901098901098901,0.9999999999999989,3,True,29,0.04026785714285714,0.05054557249100996,0.21181318681318667,0.005844679633867098,0.04470089285714286,0.04681318681318681,0.09999999999999988,0.015,0.05,0.0,0.0
0.44905,62,6265.505962,hard,0.3388901601830661,0.3388901601830661,0,613,4,2,2,2,2,0,0,0,0,0.008770022883294891,0.004326923076923073,0.0,0.4449175824175822,0.0,3,False,93,0.10379464285714286,0.10306950800915321,0.06839010989010985,0.0030695080091532115,0.1,0.053390109890109845,0.0,0.015,0.0,0.0,0.0
0.296137,58,6283.378013,hard,0.2753432494279176,0.2753432494279176,0,574,4,2,2,2,2,0,0,0,0,0.0,0.0,0.0,0.12527472527472527,0.0,1,False,44,0.048214285714285716,0.058160714285714274,0.02003296703296703,0.0,0.058160714285714274,0.015032967032967031,0.0,0.005,0.0,0.0,0.0
0.452888,64,6303.119244,hard,0.3978260869565217,0.3978260869565217,0,631,4,2,2,2,2,0,0,0,0,0.01701372997711655,0.032774725274725254,0.0,0.46071428571428463,0.0,4,False,34,0.0265625,0.04287668049199079,0.07528571428571416,0.0059548054919907915,0.036921875,0.05528571428571416,0.0,0.02,0.0,0.0,0.0
0.278306,61,6326.653739,hard,0.23975972540045767,0.23975972540045767,0,603,4,2,2,2,2,0,0,0,0,0.0,0.0,0.0,0.24574175824175823,0.0,2,False,48,0.047142857142857146,0.05935714285714286,0.03948901098901098,0.0,0.05935714285714286,0.029489010989010984,0.0,0.01,0.0,0.0,0.0
0.529521,59,6344.994187,hard,0.42053775743707095,0.42053775743707095,0,582,4,2,2,2,2,0,0,0,0,0.00576659038901604,0.013846153846153899,0.0,0.49601648351648286,0.0,3,False,72,0.07285714285714286,0.09266116377901275,0.07452197802197794,0.002018306636155614,0.09064285714285714,0.05952197802197793,0.0,0.015,0.0,0.0,0.0
0.359148,83,6370.487384,hard,0.2782608695652174,0.2782608695652174,0,827,4,2,2,2,2,0,0,0,0,0.0014416475972540037,0.0034615384615384595,0.0,0.40068681318681304,0.0,3,False,93,0.10587053571428572,0.1005045766590389,0.06308241758241756,0.0005045766590389013,0.1,0.04808241758241756,0.0,0.015,0.0,0.0,0.0
0.394906,60,6389.093581,hard,0.29688787185354654,0.29688787185354654,0,596,4,2,2,2,2,0,0,0,0,0.01525171624713915,0.011813186813186822,0.0,0.35233516483516436,0.0,2,False,96,0.10821428571428572,0.10533810068649871,0.05228021978021973,0.005338100686498703,0.1,0.04228021978021973,0.0,0.01,0.0,0.0,0.0
0.37031,57,6407.044682,hard,0.3180892448512586,0.3180892448512586,0,570,4,2,2,2,2,0,0,0,0,0.011893592677345594,0.019326923076923182,0.0,0.21978021978021892,0.0,2,False,47,0.06024553571428572,0.07284690922278524,0.03637362637362627,0.004162757437070958,0.06868415178571428,0.026373626373626266,0.0,0.01,0.0,0.0,0.0
0.31955,58,6425.305923,hard,0.24068649885583496,0.24068649885583496,0,578,4,2,2,2,2,0,0,0,0,0.020663615560640457,0.0,0.0,0.3532967032967033,0.0,2,False,48,0.07071428571428572,0.08426797973193845,0.0523956043956044,0.007232265446224161,0.07703571428571429,0.0423956043956044,0.0,0.01,0.0,0.0,0.0
0.261205,58,6442.710949,hard,0.1879862700228833,0.1879862700228833,0,580,4,2,2,2,2,0,0,0,0,0.004925629290617874,0.01182692307692314,0.0,0.20412087912087892,0.0,1,False,96,0.10821428571428572,0.10172397025171626,0.029494505494505472,0.001723970251716256,0.1,0.02449450549450547,0.0,0.005,0.0,0.0,0.0
1.638858,58,6461.195549,hard,0.42678489702517164,1.4267848970251715,1,579,4,2,2,2,2,0,0,0,0,0.012482837528604199,0.01788461538461557,0.029333333333333354,0.3654120879120871,0.9999999999999987,2,True,54,0.046339285714285715,0.06612345742072576,0.2038494505494503,0.004368993135011469,0.06175446428571428,0.043849450549450456,0.09999999999999987,0.01,0.05,0.0,0.0
1.767433,63,6485.850606,hard,0.611350114416476,1.6113501144164761,1,621,4,2,2,2,2,0,0,0,0,0.014656750572082477,0.035192307692307925,0.0,0.5945604395604395,0.9193333333333333,4,False,27,0.02169642857142857,0.0349021841288003,0.1832805860805861,0.005129862700228867,0.029772321428571433,0.07134725274725275,0.09193333333333335,0.02,0.0,0.0,0.0
0.597208,62,6505.036664,hard,0.4814645308924486,0.4814645308924486,0,615,4,2,2,2,2,0,0,0,0,0.015137299771167173,0.020192307692307915,0.0,0.6259615384615405,0.08633333333333333,4,False,48,0.05892857142857143,0.07349448349133708,0.10374871794871819,0.0052980549199085104,0.06819642857142857,0.07511538461538486,0.008633333333333333,0.02,0.0,0.0,0.0
0.446085,78,6528.651635,hard,0.3872425629290618,0.3872425629290618,0,780,4,2,2,2,2,0,0,0,0,0.000720823798627003,0.0017307692307692323,0.0,0.3987637362637362,0.0,3,False,55,0.061651785714285715,0.07399112761523373,0.06285164835164833,0.00025228832951945104,0.07373883928571427,0.04785164835164834,0.0,0.015,0.0,0.0,0.0
0.393577,63,6547.973522,hard,0.31382151029748245,0.31382151029748245,0,629,4,2,2,2,2,0,0,0,0,0.009130434782608303,0.0,0.05319999999999771,0.3901098901098901,0.23053333333333104,3,False,37,0.048125,0.05778940217391291,0.08486652014651992,0.003195652173912906,0.05459375,0.04681318681318681,0.023053333333333106,0.015,0.0,0.0,0.0
0.186679,64,6567.696977,hard,0.1515446224256293,0.1515446224256293,0,637,4,2,2,2,2,0,0,0,0,0.0012013729977116703,0.0,0.0,0.11662087912087912,0.0,1,False,60,0.06589285714285714,0.07984012340634195,0.018994505494505494,0.0004204805491990846,0.07941964285714286,0.013994505494505495,0.0,0.005,0.0,0.0,0.0
0.537904,60,6585.920151,hard,0.4039473684210526,0.4039473684210526,0,596,4,2,2,2,2,0,0,0,0,0.009010297482837583,0.0,0.0,0.2850274725274725,0.462,2,False,96,0.09160714285714286,0.10315360411899316,0.0904032967032967,0.003153604118993154,0.1,0.03420329670329671,0.046200000000000005,0.01,0.0,0.0,0.0
0.306583,58,6603.780457,hard,0.23030892448512583,0.23030892448512583,0,571,4,2,2,2,2,0,0,0,0,0.0009610983981692949,0.0,0.0,0.2707417582417582,0.0,2,False,69,0.07473214285714286,0.09088549158221639,0.04248901098901099,0.00033638443935925325,0.09054910714285713,0.03248901098901099,0.0,0.01,0.0,0.0,0.0
0.275879,75,6626.528832,hard,0.30509153318077803,0.30509153318077803,0,748,4,2,2,2,2,0,0,0,0,0.020062929061784765,0.0,0.0,0.23804945054945054,0.0,2,False,0,0.0,0.007022025171624669,0.038565934065934074,0.007022025171624669,0.0,0.028565934065934072,0.0,0.01,0.0,0.0,0.0
0.258584,59,6649.465141,hard,0.25532036613272313,0.25532036613272313,0,581,4,2,2,2,2,0,0,0,0,0.0,0.0,0.0,0.11854395604395604,0.0,1,False,37,0.031517857142857146,0.04213839285714286,0.019225274725274726,0.0,0.04213839285714286,0.014225274725274725,0.0,0.005,0.0,0.0,0.0
0.475115,62,6668.497281,hard,0.3712242562929062,0.3712242562929062,0,618,4,2,2,2,2,0,0,0,0,0.008770022883295245,0.0,0.0,0.3968406593406593,0.0,3,False,72,0.08946428571428572,0.10306950800915333,0.06262087912087913,0.003069508009153336,0.1,0.04762087912087914,0.0,0.015,0.0,0.0,0.0
0.352843,55,6686.35334,hard,0.2874141876430207,0.2874141876430207,0,546,4,2,2,2,2,0,0,0,0,0.006006864988558414,0.0,0.0,0.22747252747252747,0.0,2,False,58,0.06883928571428571,0.08273186703170973,0.0372967032967033,0.002102402745995445,0.08062946428571428,0.0272967032967033,0.0,0.01,0.0,0.0,0.0
0.250333,56,6703.790072,hard,0.21967963386727687,0.21967963386727687,0,558,4,2,2,2,2,0,0,0,0,0.0030034324942791713,0.00721153846153845,0.0,0.2802197802197799,0.0,2,False,27,0.037700892857142856,0.042826871015854855,0.043626373626373595,0.00105120137299771,0.041775669642857144,0.03362637362637359,0.0,0.01,0.0,0.0,0.0
0.237014,64,6723.415367,hard,0.19891304347826086,0.19891304347826086,0,638,4,2,2,2,2,0,0,0,0,0.004324942791762026,0.010384615384615412,0.0,0.23035714285714295,0.0,2,False,53,0.04832589285714286,0.06425814961997386,0.03764285714285716,0.0015137299771167088,0.06274441964285715,0.027642857142857157,0.0,0.01,0.0,0.0,0.0
0.434405,90,6751.271438,hard,0.34284897025171623,0.34284897025171623,0,900,4,2,2,2,2,0,0,0,0,0.004445080091533187,0.010673076923076938,0.0,0.4999999999999995,0.0,4,False,96,0.10821428571428572,0.10155577803203662,0.07999999999999993,0.0015557780320366154,0.1,0.059999999999999935,0.0,0.02,0.0,0.0,0.0
0.336139,59,6769.544513,hard,0.2785068649885581,0.2785068649885581,0,590,4,2,2,2,2,0,0,0,0,0.009250572082379655,0.011249999999999977,0.026599999999998854,0.3739697802197797,0.11526666666666552,2,False,38,0.037321428571428575,0.0502287716574043,0.06640304029304012,0.0032377002288328793,0.046991071428571424,0.04487637362637356,0.011526666666666553,0.01,0.0,0.0,0.0
0.309688,60,6787.61364,hard,0.2061212814645309,0.2061212814645309,0,598,4,2,2,2,2,0,0,0,0,0.0018020594965675039,0.004326923076923073,0.0,0.3978021978021976,0.0,3,False,96,0.10821428571428572,0.10063072082379863,0.06273626373626372,0.0006307208237986263,0.1,0.04773626373626372,0.0,0.015,0.0,0.0,0.0
2.871727,65,6812.348546,hard,0.664816933638444,2.664816933638444,2,645,4,2,2,2,2,0,0,0,0,0.032557208237985594,0.0,0.18969999999999607,0.4424450549450549,0.9999999999999959,4,True,34,0.0265625,0.048316897883294956,0.22309340659340615,0.011395022883294957,0.036921875,0.05309340659340657,0.09999999999999959,0.02,0.05,0.0,0.0
0.607208,62,6831.863841,hard,0.41974256292906065,0.41974256292906065,0,618,4,2,2,2,2,0,0,0,0,0.025348970251715154,0.0,0.14769999999999361,0.4824175824175824,0.6750333333333269,3,False,96,0.10821428571428572,0.10887213958810031,0.1403934432234426,0.008872139588100304,0.1,0.057890109890109905,0.06750333333333271,0.015,0.0,0.0,0.0
0.504715,62,6850.958674,hard,0.3764016018306635,0.3764016018306635,0,613,4,2,2,2,2,0,0,0,0,0.0114130434782608,0.0,0.06649999999999959,0.1945054945054945,0.8994999999999971,1,False,62,0.0484375,0.0713226902173913,0.11829065934065908,0.003994565217391279,0.06732812500000002,0.023340659340659344,0.08994999999999972,0.005,0.0,0.0,0.0
0.390947,59,6869.63572,hard,0.33363844393592657,0.33363844393592657,0,587,4,2,2,2,2,0,0,0,0,0.011172768878718356,0.015288461538461607,0.0,0.4999999999999992,0.0,4,False,20,0.029464285714285714,0.03600868339326571,0.07999999999999992,0.003910469107551424,0.032098214285714285,0.059999999999999915,0.0,0.02,0.0,0.0,0.0
1.648731,56,6886.741124,hard,0.4036155606407323,1.4036155606407323,1,558,4,2,2,2,2,0,0,0,0,0.010692219679633937,0.020769230769230946,0.011899999999999984,0.30978021978021886,0.9999999999999996,2,True,96,0.075,0.10374227688787188,0.19717362637362623,0.003742276887871878,0.1,0.03717362637362626,0.09999999999999995,0.01,0.05,0.0,0.0
0.541951,62,6905.773081,hard,0.4209954233409611,0.4209954233409611,0,613,4,2,2,2,2,0,0,0,0,0.0008409610983981701,0.0,0.0,0.5163461538461539,0.0,4,False,95,0.10674107142857144,0.10029433638443937,0.08196153846153847,0.00029433638443935955,0.1,0.06196153846153847,0.0,0.02,0.0,0.0,0.0
0.469659,60,6924.32384,hard,0.40451945080091534,0.40451945080091534,0,592,4,2,2,2,2,0,0,0,0,0.0,0.0,0.0,0.4767857142857143,0.0,3,False,48,0.0375,0.05212500000000001,0.0722142857142857,0.0,0.05212500000000001,0.05721428571428571,0.0,0.015,0.0,0.0,0.0
0.379867,58,6942.321139,hard,0.3171052631578947,0.3171052631578947,0,573,4,2,2,2,2,0,0,0,0,0.0,0.0,0.0,0.2668956043956044,0.0,2,False,58,0.06537946428571428,0.07803459821428571,0.04202747252747252,0.0,0.07803459821428571,0.03202747252747252,0.0,0.01,0.0,0.0,0.0
0.420049,75,6965.193586,hard,0.37202517162471394,0.37202517162471394,0,749,4,2,2,2,2,0,0,0,0,0.01237414187642983,0.0,0.0,0.3987637362637363,0.0,3,False,48,0.04232142857142857,0.06007202108532188,0.06285164835164835,0.004330949656750439,0.05574107142857144,0.047851648351648346,0.0,0.015,0.0,0.0,0.0
2.879002,67,6990.811001,hard,0.619908466819222,2.619908466819222,2,667,4,2,2,2,2,0,0,0,0,0.004925629290617847,0.008653846153846146,0.0,0.581868131868132,1.0,4,True,58,0.07366071428571429,0.08596950596600197,0.23982417582417587,0.0017239702517162464,0.08424553571428572,0.06982417582417584,0.1,0.02,0.05,0.0,0.0
0.340317,64,7010.401476,hard,0.28541189931350114,0.28541189931350114,0,634,4,2,2,2,2,0,0,0,0,0.0,0.0,0.0,0.22843406593406593,0.0,2,False,60,0.06785714285714285,0.08089285714285714,0.037412087912087916,0.0,0.08089285714285714,0.027412087912087917,0.0,0.01,0.0,0.0,0.0
0.442765,64,7029.745682,hard,0.36407322654462243,0.36407322654462243,0,638,4,2,2,2,2,0,0,0,0,0.006922196796338676,0.016620879120879128,0.0,0.32967032967032883,0.0,3,False,62,0.07267857142857143,0.08793169745014712,0.05456043956043947,0.002422768878718537,0.08550892857142858,0.03956043956043947,0.0,0.015,0.0,0.0,0.0
2.753043,90,7058.00572,hard,0.5055491990846682,2.505549199084668,2,900,4,2,2,2,2,0,0,0,0,0.030514874141876265,0.01903846153846167,0.0,0.5151098901098892,1.0,3,True,78,0.08515625,0.11068020594965669,0.22681318681318668,0.010680205949656692,0.1,0.061813186813186705,0.09999999999999999,0.015,0.05,0.0,0.0
2.750081,58,7076.082546,hard,0.5095537757437071,2.509553775743707,2,575,4,2,2,2,2,0,0,0,0,0.0,0.0,0.0,0.3168956043956044,1.0,2,True,91,0.08770089285714286,0.1,0.19802747252747255,0.0,0.1,0.038027472527472524,0.1,0.01,0.05,0.0,0.0
0.371117,61,7094.661186,hard,0.2877574370709382,0.2877574370709382,0,608,4,2,2,2,2,0,0,0,0,0.0,0.0,0.0,0.29656593406593407,0.0,2,False,75,0.08142857142857143,0.09857142857142856,0.04558791208791208,0.0,0.09857142857142856,0.03558791208791208,0.0,0.01,0.0,0.0,0.0
0.333355,58,7112.474409,hard,0.2990846681922197,0.2990846681922197,0,579,4,2,2,2,2,0,0,0,0,0.0,0.0,0.0,0.22362637362637364,0.0,2,False,50,0.04044642857142857,0.05533482142857144,0.03683516483516484,0.0,0.05533482142857144,0.026835164835164835,0.0,0.01,0.0,0.0,0.0
0.51947,71,7138.574552,hard,0.459954233409611,0.459954233409611,0,702,4,2,2,2,2,0,0,0,0,0.01561784897025183,0.037500000000000276,0.0,0.6098901098901097,0.0,5,False,24,0.01875,0.03152874713958814,0.09818681318681316,0.00546624713958814,0.026062500000000002,0.07318681318681315,0.0,0.025,0.0,0.0,0.0
2.754212,68,7159.340481,hard,0.515921052631579,2.5159210526315787,2,674,4,2,2,2,2,0,0,0,0,0.023907322654461393,0.009807692307692326,0.11549999999999502,0.3110302197802194,1.0,2,True,96,0.075,0.1083675629290615,0.19732362637362633,0.008367562929061486,0.1,0.03732362637362632,0.1,0.01,0.05,0.0,0.0
0.497526,59,7177.696837,hard,0.38844393592677345,0.38844393592677345,0,585,4,2,2,2,2,0,0,0,0,0.0,0.0,0.0,0.4381868131868132,0.0,3,False,83,0.09459821428571429,0.1,0.06758241758241756,0.0,0.1,0.05258241758241757,0.0,0.015,0.0,0.0,0.0
1.675808,69,7198.236089,hard,0.5555491990846682,1.5555491990846682,1,690,4,2,2,2,2,0,0,0,0,0.0,0.0,0.0,0.5375,0.7326666666666667,4,False,29,0.02265625,0.031492187500000005,0.15776666666666667,0.0,0.031492187500000005,0.06450000000000002,0.07326666666666666,0.02,0.0,0.0,0.0
0.316856,59,7216.324421,hard,0.2352974828375286,0.2352974828375286,0,589,4,2,2,2,2,0,0,0,0,0.0015617848970251704,0.0037499999999999973,0.0,0.31771978021978003,0.0,2,False,70,0.07571428571428572,0.09233233899967308,0.04812637362637361,0.0005466247139588096,0.09178571428571428,0.03812637362637361,0.0,0.01,0.0,0.0,0.0
0.476224,63,7236.053531,hard,0.3684210526315789,0.3684210526315789,0,623,4,2,2,2,2,0,0,0,0,0.023684210526315835,0.0,0.0,0.3901098901098901,0.0,3,False,96,0.10821428571428572,0.10828947368421055,0.0618131868131868,0.008289473684210541,0.1,0.0468131868131868,0.0,0.015,0.0,0.0,0.0
0.42639,62,7255.119232,hard,0.3479405034324943,0.3479405034324943,0,613,4,2,2,2,2,0,0,0,0,0.007665903890160185,0.0,0.0,0.22554945054945055,0.0,2,False,112,0.10410714285714286,0.10268306636155607,0.037065934065934066,0.0026830663615560646,0.1,0.027065934065934067,0.0,0.01,0.0,0.0,0.0
0.416748,64,7274.571564,hard,0.32791762013729975,0.32791762013729975,0,632,4,2,2,2,2,0,0,0,0,0.019679633867276933,0.0,0.0,0.29285714285714287,0.0,2,False,81,0.09649553571428572,0.10688787185354694,0.045142857142857144,0.006887871853546927,0.1,0.03514285714285714,0.0,0.01,0.0,0.0,0.0
0.428087,59,7297.624722,hard,0.369279176201373,0.369279176201373,0,589,4,2,2,2,2,0,0,0,0,0.0,0.0,0.0,0.39217032967032966,0.0,3,False,45,0.044196428571428574,0.05564732142857143,0.06206043956043955,0.0,0.05564732142857143,0.04706043956043955,0.0,0.015,0.0,0.0,0.0
1.739943,62,7316.535306,hard,0.4905892448512586,1.4905892448512585,1,617,4,2,2,2,2,0,0,0,0,0.02782608695652174,0.05556318681318678,0.02730000000000006,0.4609203296703271,0.9999999999999988,3,True,55,0.07133928571428572,0.0907435947204969,0.22031043956043916,0.00973913043478261,0.08100446428571428,0.055310439560439253,0.0999999999999999,0.015,0.05,0.0,0.0
0.431576,60,7335.033202,hard,0.3684210526315789,0.3684210526315789,0,592,4,2,2,2,2,0,0,0,0,0.020783752860411737,0.0,0.0,0.3901098901098901,0.0,3,False,46,0.040357142857142855,0.060542170644001254,0.061813186813186816,0.007274313501144108,0.053267857142857145,0.046813186813186816,0.0,0.015,0.0,0.0,0.0
0.331566,64,7354.908271,hard,0.2654462242562929,0.2654462242562929,0,635,4,2,2,2,2,0,0,0,0,0.024141876430205583,0.01758241758241759,0.0,0.3901098901098893,0.0,3,False,48,0.047142857142857146,0.06780679960771481,0.061813186813186705,0.008449656750571953,0.05935714285714286,0.046813186813186705,0.0,0.015,0.0,0.0,0.0
0.535326,82,7380.325134,hard,0.4302059496567506,0.4302059496567506,0,815,4,2,2,2,2,0,0,0,0,0.0,0.0,0.0,0.5221153846153846,0.03966666666666667,4,False,92,0.09540178571428572,0.1,0.08662051282051282,0.0,0.1,0.06265384615384614,0.003966666666666667,0.02,0.0,0.0,0.0
2.835113,60,7398.487479,hard,0.577345537757437,2.577345537757437,2,598,4,2,2,2,2,0,0,0,0,0.019822654462242736,0.04759615384615426,0.0,0.4999999999999985,1.0,4,True,58,0.06883928571428571,0.08756739334749924,0.22999999999999982,0.006937929061784958,0.08062946428571428,0.05999999999999982,0.1,0.02,0.05,0.0,0.0
0.386169,60,7417.158889,hard,0.2927860411899308,0.2927860411899308,0,595,4,2,2,2,2,0,0,0,0,0.013094965675056643,0.0,0.0762999999999967,0.1848901098901099,0.6572999999999967,1,False,51,0.03984375,0.05996605048626983,0.09291681318681286,0.004583237986269825,0.0553828125,0.022186813186813186,0.06572999999999966,0.005,0.0,0.0,0.0
0.424244,59,7435.166631,hard,0.3652402745995424,0.3652402745995424,0,581,4,2,2,2,2,0,0,0,0,0.005286041189931408,0.012692307692307832,0.0,0.3824725274725269,0.0,2,False,48,0.047142857142857146,0.06120725727361885,0.05589670329670325,0.001850114416475993,0.05935714285714286,0.04589670329670325,0.0,0.01,0.0,0.0,0.0
0.395385,60,7453.769754,hard,0.35222540045766587,0.35222540045766587,0,597,4,2,2,2,2,0,0,0,0,0.02476544622425635,0.0025961538461538747,0.0,0.35122252747252736,0.0,2,False,34,0.03339285714285714,0.05071254903563258,0.052146703296703276,0.008667906178489724,0.04204464285714286,0.042146703296703274,0.0,0.01,0.0,0.0,0.0
0.408177,56,7475.534526,hard,0.33216247139588106,0.33216247139588106,0,555,4,2,2,2,2,0,0,0,0,0.002643020594965704,0.006346153846153916,0.0,0.30304945054945026,0.0,2,False,68,0.06696428571428571,0.08514827149395228,0.04636593406593403,0.0009250572082379964,0.08422321428571428,0.036365934065934025,0.0,0.01,0.0,0.0,0.0
0.398012,60,7494.050369,hard,0.351487414187643,0.351487414187643,0,597,4,2,2,2,2,0,0,0,0,0.0020594965675057213,0.0,0.0,0.34945054945054943,0.0,2,False,46,0.04075892857142857,0.054290020227198435,0.05193406593406593,0.0007208237986270024,0.053569196428571435,0.04193406593406593,0.0,0.01,0.0,0.0,0.0
0.555919,62,7513.490555,hard,0.44490846681922197,0.44490846681922197,0,620,4,2,2,2,2,0,0,0,0,0.0,0.0,0.0,0.4487637362637363,0.30333333333333334,3,False,46,0.06776785714285714,0.07382589285714286,0.09918498168498169,0.0,0.07382589285714286,0.05385164835164835,0.030333333333333337,0.015,0.0,0.0,0.0
0.316617,57,7531.022943,hard,0.2581235697940503,0.2581235697940503,0,568,4,2,2,2,2,0,0,0,0,0.0028604118993135015,0.0,0.0,0.12527472527472527,0.0,1,False,72,0.07767857142857143,0.09526007273618829,0.020032967032967034,0.0010011441647597254,0.09425892857142856,0.015032967032967035,0.0,0.005,0.0,0.0,0.0
0.27959,59,7549.527432,hard,0.25772311212814647,0.25772311212814647,0,582,4,2,2,2,2,0,0,0,0,0.0,0.0,0.0,0.12431318681318682,0.0,1,False,53,0.04486607142857143,0.06014955357142858,0.019917582417582416,0.0,0.06014955357142858,0.014917582417582417,0.0,0.005,0.0,0.0,0.0
0.495535,64,7569.504692,hard,0.41807780320366134,0.41807780320366134,0,633,4,2,2,2,2,0,0,0,0,0.017059496567505706,0.0,0.0,0.3901098901098901,0.28933333333333333,3,False,40,0.03205357142857143,0.05001100237005557,0.09074652014652014,0.005970823798626997,0.04404017857142857,0.04681318681318681,0.02893333333333334,0.015,0.0,0.0,0.0
0.413977,59,7587.401325,hard,0.32059496567505713,0.32059496567505713,0,589,4,2,2,2,2,0,0,0,0,0.016819221967963253,0.0,0.0,0.3032967032967033,0.0,2,False,96,0.10821428571428572,0.10588672768878714,0.0463956043956044,0.005886727688787138,0.1,0.0363956043956044,0.0,0.01,0.0,0.0,0.0
0.342848,57,7605.056822,hard,0.3062929061784897,0.3062929061784897,0,565,4,2,2,2,2,0,0,0,0,0.00576659038901604,0.0,0.0,0.24093406593406594,0.0,2,False,48,0.0375,0.054143306636155616,0.03891208791208791,0.002018306636155614,0.052125000000000005,0.02891208791208791,0.0,0.01,0.0,0.0,0.0
0.41557,61,7628.693275,hard,0.2959610983981692,0.2959610983981692,0,606,4,2,2,2,2,0,0,0,0,0.0115331807780319,0.01788461538461548,0.023799999999998975,0.4179945054945046,0.1101333333333323,3,False,96,0.10821428571428572,0.10403661327231117,0.07617267399267379,0.004036613272311165,0.1,0.05015934065934056,0.011013333333333231,0.015,0.0,0.0,0.0
2.75542,56,7645.469168,hard,0.5623340961098398,2.56233409610984,2,551,4,2,2,2,2,0,0,0,0,0.012734553775743698,0.030576923076923054,0.0,0.4436263736263723,1.0,2,True,19,0.027991071428571428,0.03495039739293886,0.2132351648351647,0.0044570938215102935,0.03049330357142857,0.053235164835164675,0.1,0.01,0.05,0.0,0.0
1.654356,59,7663.185687,hard,0.40812356979405034,1.4081235697940504,1,582,4,2,2,2,2,0,0,0,0,0.030875286041189328,0.0,0.17989999999999648,0.2802197802197802,0.9999999999999959,2,True,96,0.09160714285714286,0.11080635011441627,0.19362637362637325,0.010806350114416266,0.1,0.03362637362637363,0.09999999999999959,0.01,0.05,0.0,0.0
0.323331,58,7681.512856,hard,0.23465675057208235,0.23465675057208235,0,580,4,2,2,2,2,0,0,0,0,0.002643020594965684,0.006346153846153868,0.0,0.2979120879120876,0.0,2,False,96,0.10821428571428572,0.100925057208238,0.045749450549450524,0.0009250572082379894,0.1,0.03574945054945052,0.0,0.01,0.0,0.0,0.0
0.568989,62,7700.37624,hard,0.4152345537757428,0.4152345537757428,0,614,4,2,2,2,2,0,0,0,0,0.03399885583523936,0.0,0.19809999999999464,0.3354395604395604,0.9587666666666581,3,False,48,0.0375,0.06402459954233379,0.1511294139194131,0.011899599542333775,0.05212500000000001,0.040252747252747245,0.09587666666666582,0.015,0.0,0.0,0.0
0.303458,63,7720.342495,hard,0.2397025171624714,0.2397025171624714,0,624,4,2,2,2,2,0,0,0,0,0.02104118993135016,0.0023076923076923088,0.0,0.3282967032967032,0.0,2,False,51,0.05852678571428571,0.07675950576168683,0.04939560439560438,0.007364416475972554,0.06939508928571428,0.039395604395604376,0.0,0.01,0.0,0.0,0.0
0.406951,55,7737.454435,hard,0.2919164759725401,0.2919164759725401,0,547,4,2,2,2,2,0,0,0,0,0.0008409610983981657,0.00201923076923076,0.0,0.4536675824175823,0.0,3,False,71,0.08799107142857143,0.10029433638443937,0.06944010989010987,0.0002943363844393579,0.1,0.054440109890109875,0.0,0.015,0.0,0.0,0.0
0.392625,57,7754.588546,hard,0.28667048054919897,0.28667048054919897,0,567,4,2,2,2,2,0,0,0,0,0.0024027459954232373,0.0,0.0,0.3901098901098901,0.0,3,False,96,0.11785714285714285,0.10084096109839814,0.061813186813186816,0.000840961098398133,0.1,0.046813186813186816,0.0,0.015,0.0,0.0,0.0
0.472988,67,7775.157572,hard,0.402116704805492,0.402116704805492,0,669,4,2,2,2,2,0,0,0,0,0.0012013729977116837,0.0028846153846154164,0.0,0.45467032967032955,0.0,3,False,50,0.057053571428571426,0.06821065912062765,0.06956043956043954,0.0004204805491990893,0.06779017857142856,0.054560439560439544,0.0,0.015,0.0,0.0,0.0
0.325056,59,7798.130793,hard,0.32991990846681923,0.32991990846681923,0,589,4,2,2,2,2,0,0,0,0,0.002042334096109837,0.0049038461538461475,0.0,0.297664835164835,0.0,2,False,7,0.00546875,0.008316379433638443,0.0457197802197802,0.000714816933638443,0.007601562500000001,0.0357197802197802,0.0,0.01,0.0,0.0,0.0
1.652068,58,7815.41512,hard,0.4160297482837529,1.416029748283753,1,575,4,2,2,2,2,0,0,0,0,0.0061270022883295455,0.0034615384615384994,0.02730000000000006,0.33958791208791195,0.9999999999999988,2,True,72,0.07285714285714286,0.09278730794377248,0.20075054945054932,0.0021444508009153406,0.09064285714285714,0.04075054945054942,0.09999999999999991,0.01,0.05,0.0,0.0
0.393498,59,7833.618536,hard,0.3410755148741419,0.3410755148741419,0,590,4,2,2,2,2,0,0,0,0,0.019279176201373042,0.0,0.0,0.32445054945054946,0.0,2,False,48,0.04232142857142857,0.062488783099051995,0.048934065934065935,0.006747711670480565,0.05574107142857143,0.03893406593406593,0.0,0.01,0.0,0.0,0.0
0.539384,65,7853.743561,hard,0.42528604118993135,0.42528604118993135,0,641,4,2,2,2,2,0,0,0,0,0.0,0.0,0.0,0.5266483516483517,0.0,3,False,72,0.08946428571428572,0.1,0.07819780219780219,0.0,0.1,0.06319780219780219,0.0,0.015,0.0,0.0,0.0
0.376427,58,7871.773105,hard,0.30922196796338675,0.30922196796338675,0,577,4,2,2,2,2,0,0,0,0,0.02739130434782589,0.020769230769230946,0.0,0.24796703296703237,0.0,1,False,58,0.06875,0.09014945652173907,0.03475604395604389,0.009586956521739062,0.08056250000000001,0.02975604395604389,0.0,0.005,0.0,0.0,0.0
0.345371,57,7889.597746,hard,0.26533180778032034,0.26533180778032034,0,563,4,2,2,2,2,0,0,0,0,0.007208237986270062,0.017307692307692402,0.0,0.38983516483516406,0.0,2,False,48,0.07071428571428572,0.07955859758090882,0.0567802197802197,0.0025228832951945217,0.07703571428571429,0.0467802197802197,0.0,0.01,0.0,0.0,0.0
0.285802,58,7907.264355,hard,0.20560640732265445,0.20560640732265445,0,579,4,2,2,2,2,0,0,0,0,0.010068649885583522,0.0,0.0,0.24642857142857144,0.0,1,False,96,0.09642857142857143,0.10352402745995423,0.03457142857142858,0.003524027459954232,0.1,0.029571428571428582,0.0,0.005,0.0,0.0,0.0
0.229325,56,7924.296218,hard,0.16141876430205943,0.16141876430205943,0,552,4,2,2,2,2,0,0,0,0,0.0043249427917619624,0.0069230769230769484,0.0,0.3206593406593404,0.0,1,False,60,0.06415178571428572,0.07962756926283096,0.043479120879120835,0.0015137299771166865,0.07811383928571428,0.03847912087912084,0.0,0.005,0.0,0.0,0.0
0.45557,56,7941.338151,hard,0.3800572082379862,0.3800572082379862,0,560,4,2,2,2,2,0,0,0,0,0.01461098398169338,0.035082417582417626,0.0,0.41804945054944886,0.0,2,False,50,0.05497767857142857,0.0713471033221641,0.06016593406593386,0.005113844393592682,0.06623325892857142,0.05016593406593386,0.0,0.01,0.0,0.0,0.0
0.375311,59,7963.559667,hard,0.32508009153318085,0.32508009153318085,0,583,4,2,2,2,2,0,0,0,0,0.002883295194508041,0.006923076923076999,0.0,0.28604395604395577,0.0,1,False,48,0.05892857142857143,0.06920558188950639,0.039325274725274674,0.0010091533180778141,0.06819642857142857,0.034325274725274676,0.0,0.005,0.0,0.0,0.0
0.373546,68,7984.296764,hard,0.28943935926773423,0.28943935926773423,0,677,4,2,2,2,2,0,0,0,0,0.01249427917620099,0.0,0.0,0.31195054945054945,0.0,2,False,120,0.11035714285714286,0.10437299771167036,0.04743406593406594,0.004372997711670346,0.1,0.03743406593406594,0.0,0.01,0.0,0.0,0.0
0.388389,58,8001.915972,hard,0.34423913043478255,0.34423913043478255,0,576,4,2,2,2,2,0,0,0,0,0.0015617848970251042,0.003749999999999838,0.0,0.33204670329670316,0.0,2,False,32,0.047142857142857146,0.05190376757110164,0.04984560439560438,0.0005466247139587865,0.05135714285714286,0.039845604395604375,0.0,0.01,0.0,0.0,0.0
0.271282,53,8018.231192,hard,0.24868421052631579,0.24868421052631579,0,529,3,1,2,1,2,0,0,0,1,0.0,0.0,0.0,0.34986263736263734,0.0,3,False,38,0.03935267857142857,0.018514508928571427,0.05698351648351648,0.0,0.048514508928571426,0.04198351648351648,0.0,0.015,0.0,0.0,0.03
0.408661,56,8035.579047,hard,0.32275171624713955,0.32275171624713955,0,557,4,2,2,2,2,0,0,0,0,0.004445080091533106,0.010673076923076744,0.0,0.2804532967032962,0.0,2,False,73,0.07986607142857143,0.09795533160346517,0.043654395604395546,0.001555778032036587,0.09639955357142858,0.033654395604395544,0.0,0.01,0.0,0.0,0.0
0.434724,64,8055.432732,hard,0.34324942791762014,0.34324942791762014,0,634,4,2,2,2,2,0,0,0,0,0.006967963386727723,0.016730769230769313,0.0,0.32967032967032883,0.0,3,False,72,0.0825,0.1003137871853547,0.05456043956043947,0.002438787185354703,0.097875,0.03956043956043947,0.0,0.015,0.0,0.0,0.0
0.358081,58,8072.902961,hard,0.3114988558352403,0.3114988558352403,0,579,4,2,2,2,2,0,0,0,0,0.0,0.0,0.0,0.2534340659340659,0.0,2,False,59,0.04609375,0.0640703125,0.04041208791208791,0.0,0.0640703125,0.03041208791208791,0.0,0.01,0.0,0.0,0.0
0.481131,60,8091.03965,hard,0.3740274599542334,0.3740274599542334,0,591,4,2,2,2,2,0,0,0,0,0.007929061784897067,0.0,0.0,0.4035714285714286,0.0,3,False,96,0.10821428571428572,0.10277517162471397,0.06342857142857142,0.0027751716247139736,0.1,0.048428571428571425,0.0,0.015,0.0,0.0,0.0
0.360061,56,8112.429853,hard,0.2940217391304348,0.2940217391304348,0,558,4,2,2,2,2,0,0,0,0,0.00300343249427917,0.007211538461538447,0.0,0.4587225274725272,0.0,2,False,48,0.04232142857142857,0.05679227280156914,0.06504670329670324,0.0010512013729977096,0.05574107142857143,0.05504670329670325,0.0,0.01,0.0,0.0,0.0
0.447429,59,8130.417955,hard,0.3946681922196797,0.3946681922196797,0,586,4,2,2,2,2,0,0,0,0,0.0033638443935927144,0.008076923076923165,0.0,0.4531318681318678,0.0,3,False,33,0.032410714285714286,0.04198538125204317,0.06937582417582414,0.0011773455377574501,0.04080803571428572,0.05437582417582413,0.0,0.015,0.0,0.0,0.0
0.478872,73,8153.006198,hard,0.38272311212814647,0.38272311212814647,0,729,4,2,2,2,2,0,0,0,0,0.023186498855834976,0.0,0.0,0.42445054945054944,0.0,2,False,72,0.08946428571428572,0.10811527459954225,0.06093406593406593,0.008115274599542241,0.1,0.05093406593406593,0.0,0.01,0.0,0.0,0.0
0.40531,65,8172.442338,hard,0.32425629290617847,0.32425629290617847,0,648,4,2,2,2,2,0,0,0,0,0.0050457665903890225,0.010384615384615397,0.0,0.28406593406593356,0.0,2,False,96,0.10821428571428572,0.10176601830663616,0.044087912087912025,0.001766018306636158,0.1,0.03408791208791202,0.0,0.01,0.0,0.0,0.0
0.373381,61,8190.685931,hard,0.3460526315789474,0.3460526315789474,0,608,4,2,2,2,2,0,0,0,0,0.00985125858123576,0.023653846153846303,0.0,0.3364010989010977,0.0,3,False,23,0.02375,0.03276044050343251,0.05536813186813172,0.003447940503432516,0.0293125,0.04036813186813172,0.0,0.015,0.0,0.0,0.0
0.319125,59,8208.353154,hard,0.23375858123569795,0.23375858123569795,0,582,4,2,2,2,2,0,0,0,0,0.0025228832951945356,0.006057692307692374,0.0,0.314024725274725,0.0,1,False,94,0.10526785714285715,0.10088300915331809,0.042682967032967006,0.0008830091533180875,0.1,0.03768296703296701,0.0,0.005,0.0,0.0,0.0
0.186998,58,8226.796611,hard,0.17417620137299772,0.17417620137299772,0,572,4,2,2,2,2,0,0,0,0,0.0066075514874142476,0.0025961538461538466,0.0,0.23379120879120865,0.0,1,False,30,0.02620535714285714,0.036966660877737846,0.03305494505494504,0.0023126430205949863,0.03465401785714286,0.02805494505494504,0.0,0.005,0.0,0.0,0.0
0.477159,60,8245.559163,hard,0.36670480549199097,0.36670480549199097,0,591,4,2,2,2,2,0,0,0,0,0.03781464530892461,0.03392857142857163,0.0,0.3859890109890095,0.0,2,False,90,0.10774553571428572,0.11323512585812362,0.056318681318681146,0.01323512585812361,0.1,0.046318681318681144,0.0,0.01,0.0,0.0,0.0
0.297903,58,8263.415162,hard,0.2737414187643021,0.2737414187643021,0,575,4,2,2,2,2,0,0,0,0,0.01429633867276895,0.0,0.0,0.16277472527472528,0.0,1,False,48,0.0375,0.05712871853546914,0.024532967032967038,0.0050037185354691325,0.05212500000000001,0.019532967032967037,0.0,0.005,0.0,0.0,0.0
0.411117,61,8286.78108,hard,0.3394736842105263,0.3394736842105263,0,610,4,2,2,2,2,0,0,0,0,0.004324942791762019,0.010384615384615397,0.0,0.2907967032967029,0.0,2,False,67,0.0703125,0.08774810497711671,0.04489560439560434,0.0015137299771167065,0.086234375,0.03489560439560434,0.0,0.01,0.0,0.0,0.0
0.446687,72,8308.607563,hard,0.37562929061784894,0.37562929061784894,0,720,4,2,2,2,2,0,0,0,0,0.014187643020594965,0.004120879120879122,0.0,0.40741758241758225,0.0,3,False,65,0.055602678571428574,0.07916768398577968,0.06389010989010985,0.004965675057208237,0.07420200892857144,0.048890109890109855,0.0,0.015,0.0,0.0,0.0
0.179697,62,8327.744846,hard,0.16879290617848972,0.16879290617848972,0,613,4,2,2,2,2,0,0,0,0,0.000600686498855842,0.0014423076923077084,0.0,0.17163461538461539,0.0,0,False,44,0.03919642857142857,0.051607561703170976,0.020596153846153844,0.00021024027459954467,0.05139732142857143,0.020596153846153844,0.0,0.0,0.0,0.0,0.0
1.570929,58,8345.162282,hard,0.3855549199084668,1.3855549199084667,1,576,4,2,2,2,2,0,0,0,0,0.003003432494279209,0.007211538461538541,0.0,0.26641483516483483,1.0,2,True,46,0.0359375,0.05100432637299773,0.19196978021978023,0.0010512013729977233,0.04995312500000001,0.03196978021978019,0.1,0.01,0.05,0.0,0.0
0.495813,64,8364.793655,hard,0.4048798627002288,0.4048798627002288,0,636,4,2,2,2,2,0,0,0,0,0.005165903890160168,0.012403846153846118,0.0,0.46899725274725224,0.0,3,False,75,0.05859375,0.08325337886155607,0.07127967032967025,0.001808066361556059,0.0814453125,0.05627967032967026,0.0,0.015,0.0,0.0,0.0
0.364719,74,8387.569806,hard,0.33981693363844395,0.33981693363844395,0,731,4,2,2,2,2,0,0,0,0,0.01899885583524036,0.008942307692307791,0.0,0.32142857142857145,0.0,1,False,44,0.034375,0.05443084954233413,0.043571428571428567,0.0066495995423341255,0.047781250000000004,0.03857142857142857,0.0,0.005,0.0,0.0,0.0
0.303847,58,8405.34148,hard,0.25331807780320365,0.25331807780320365,0,572,4,2,2,2,2,0,0,0,0,0.0,0.0,0.0,0.360989010989011,0.0,2,False,44,0.04321428571428571,0.054410714285714284,0.053318681318681296,0.0,0.054410714285714284,0.043318681318681294,0.0,0.01,0.0,0.0,0.0
0.464991,63,8424.550158,hard,0.40245995423340963,0.40245995423340963,0,628,4,2,2,2,2,0,0,0,0,0.01693935926773468,0.019615384615384722,0.0,0.47184065934065944,0.0,3,False,44,0.034375,0.05371002574370714,0.07162087912087914,0.0059287757437071365,0.047781250000000004,0.05662087912087914,0.0,0.015,0.0,0.0,0.0
0.614247,63,8448.392437,hard,0.4959954233409611,0.4959954233409611,0,622,4,2,2,2,2,0,0,0,0,0.010526315789473682,0.02527472527472527,0.0,0.6964285714285705,0.0,5,False,48,0.05892857142857143,0.07188063909774436,0.10857142857142849,0.0036842105263157885,0.06819642857142857,0.08357142857142848,0.0,0.025,0.0,0.0,0.0
0.226169,57,8465.805082,hard,0.18986842105263155,0.18986842105263155,0,570,4,2,2,2,2,0,0,0,0,0.0010812356979405153,0.0025961538461538747,0.0,0.14421703296703298,0.0,1,False,44,0.06482142857142857,0.07099450392285062,0.02230604395604396,0.00037843249427918035,0.07061607142857143,0.01730604395604396,0.0,0.005,0.0,0.0,0.0
0.398274,58,8483.229523,hard,0.3203089244851259,0.3203089244851259,0,578,4,2,2,2,2,0,0,0,0,0.0,0.0,0.0,0.2745879120879121,0.0,2,False,74,0.07441964285714285,0.09281473214285713,0.04295054945054945,0.0,0.09281473214285713,0.03295054945054945,0.0,0.01,0.0,0.0,0.0
0.489966,60,8501.969136,hard,0.39074370709382134,0.39074370709382134,0,599,4,2,2,2,2,0,0,0,0,0.0036041189931348976,0.006346153846153572,0.0,0.3571703296703294,0.0,3,False,106,0.10841517857142857,0.10126144164759722,0.05786043956043952,0.001261441647597214,0.1,0.04286043956043952,0.0,0.015,0.0,0.0,0.0
0.421906,57,8519.301147,hard,0.3355263157894737,0.3355263157894737,0,563,4,2,2,2,2,0,0,0,0,0.0,0.0,0.0,0.31112637362637363,0.0,2,False,73,0.07845982142857143,0.09534486607142859,0.047335164835164846,0.0,0.09534486607142859,0.037335164835164844,0.0,0.01,0.0,0.0,0.0
1.686261,58,8537.289839,hard,0.5112070938215099,1.5112070938215099,1,577,4,2,2,2,2,0,0,0,0,0.03508009153318042,0.023942307692307846,0.14629999999999752,0.33612637362637243,0.9629666666666603,2,False,68,0.053125,0.08612178203661316,0.14663183150183076,0.012278032036613144,0.07384375000000001,0.0403351648351647,0.09629666666666604,0.01,0.0,0.0,0.0
0.393464,56,8555.183266,hard,0.3228489702517163,0.3228489702517163,0,560,4,2,2,2,2,0,0,0,0,0.004084668192219725,0.0,0.0,0.32967032967032966,0.0,3,False,55,0.0575,0.0720546338672769,0.054560439560439565,0.0014296338672769038,0.070625,0.039560439560439566,0.0,0.015,0.0,0.0,0.0
1.642863,61,8573.371564,hard,0.44153318077803205,1.441533180778032,1,606,4,2,2,2,2,0,0,0,0,0.029988558352402554,0.01662087912087922,0.13439999999999844,0.4008241758241751,0.9999999999999961,3,True,31,0.030446428571428572,0.04883081685191232,0.21309890109890062,0.010495995423340893,0.038334821428571426,0.04809890109890102,0.09999999999999963,0.015,0.05,0.0,0.0
0.361153,59,8596.13309,hard,0.29422196796338673,0.29422196796338673,0,586,4,2,2,2,2,0,0,0,0,0.0,0.0,0.0,0.4245879120879121,0.0,2,False,48,0.05410714285714286,0.06458035714285713,0.06095054945054944,0.0,0.06458035714285713,0.050950549450549436,0.0,0.01,0.0,0.0,0.0
0.415996,58,8614.245177,hard,0.3429748283752861,0.3429748283752861,0,572,4,2,2,2,2,0,0,0,0,0.00024027459954232378,0.0005769230769230521,0.0,0.32901098901098896,0.0,2,False,61,0.066875,0.08074034610983981,0.04948131868131868,8.409610983981331e-05,0.08065625,0.039481318681318676,0.0,0.01,0.0,0.0,0.0
0.381644,56,8631.414201,hard,0.29600686498855827,0.29600686498855827,0,560,4,2,2,2,2,0,0,0,0,0.006247139588100664,0.0,0.0,0.31002747252747254,0.0,2,False,73,0.07433035714285714,0.0944342667129781,0.04720329670329671,0.002186498855835232,0.09224776785714286,0.03720329670329671,0.0,0.01,0.0,0.0,0.0
0.274192,57,8648.800941,hard,0.2,0.2,0,563,4,2,2,2,2,0,0,0,0,0.0012013729977116837,0.0028846153846154164,0.0,0.2089285714285713,0.0,1,False,69,0.09133928571428572,0.1004204805491991,0.030071428571428558,0.0004204805491990893,0.1,0.025071428571428557,0.0,0.005,0.0,0.0,0.0
0.354685,60,8667.031478,hard,0.26058352402745993,0.26058352402745993,0,591,4,2,2,2,2,0,0,0,0,0.016475972540045788,0.0,0.0,0.3784340659340659,0.0,2,False,69,0.07669642857142857,0.09778891181758745,0.05541208791208792,0.005766590389016026,0.09202232142857142,0.045412087912087916,0.0,0.01,0.0,0.0,0.0
0.28054,54,8683.23884,hard,0.23760297482837525,0.23760297482837525,0,539,4,2,2,2,2,0,0,0,0,0.0003604118993134857,0.0008653846153845782,0.0,0.122293956043956,0.0,1,False,48,0.07071428571428572,0.077161858450474,0.019675274725274722,0.00012614416475972,0.07703571428571429,0.014675274725274723,0.0,0.005,0.0,0.0,0.0
0.402746,60,8700.969581,hard,0.32431350114416474,0.32431350114416474,0,593,4,2,2,2,2,0,0,0,0,0.008529748283752615,0.0,0.0,0.2842032967032967,0.0,2,False,72,0.07285714285714286,0.09362826904217054,0.04410439560439561,0.002985411899313415,0.09064285714285714,0.034104395604395606,0.0,0.01,0.0,0.0,0.0
0.315582,57,8718.643492,hard,0.25371853546910755,0.25371853546910755,0,569,4,2,2,2,2,0,0,0,0,0.0,0.0,0.0,0.11469780219780219,0.0,1,False,96,0.09160714285714286,0.1,0.018763736263736265,0.0,0.1,0.013763736263736264,0.0,0.005,0.0,0.0,0.0
0.460493,64,8738.272581,hard,0.3684210526315789,0.3684210526315789,0,640,4,2,2,2,2,0,0,0,0,0.0,0.0,0.0,0.3901098901098901,0.0,3,False,72,0.07767857142857143,0.09425892857142856,0.06181318681318682,0.0,0.09425892857142856,0.04681318681318682,0.0,0.015,0.0,0.0,0.0
0.507997,70,8764.492604,hard,0.44067505720823796,0.44067505720823796,0,695,4,2,2,2,2,0,0,0,0,0.0015617848970251704,0.0037499999999999973,0.0,0.4414835164835163,0.29633333333333334,4,False,31,0.02421875,0.03421068721395881,0.10261135531135529,0.0005466247139588096,0.0336640625,0.052978021978021955,0.02963333333333333,0.02,0.0,0.0,0.0
2.771219,65,8784.392284,hard,0.5626430205949656,2.5626430205949657,2,644,4,2,2,2,2,0,0,0,0,0.020858123569794117,0.02527472527472527,0.024500000000000008,0.4443681318681306,0.9999999999999989,4,True,39,0.03046875,0.049651905749427946,0.22332417582417557,0.00730034324942794,0.04235156250000001,0.053324175824175674,0.09999999999999991,0.02,0.05,0.0,0.0
0.244319,58,8802.321507,hard,0.20100114416475962,0.20100114416475962,0,577,4,2,2,2,2,0,0,0,0,0.007808924485125802,0.017884615384615287,0.00209999999999991,0.23162087912087834,0.009099999999999909,1,False,48,0.05410714285714286,0.06731348071265118,0.0337045054945054,0.0027331235697940306,0.06458035714285715,0.027794505494505406,0.0009099999999999909,0.005,0.0,0.0,0.0
1.707421,60,8820.726915,hard,0.5196338672768874,1.5196338672768874,1,593,4,2,2,2,2,0,0,0,0,0.02066361556064029,0.0,0.12039999999999743,0.39587912087912086,0.8670666666666614,3,False,72,0.07285714285714286,0.09787512258908125,0.14921216117216068,0.007232265446224101,0.09064285714285715,0.0475054945054945,0.08670666666666617,0.015,0.0,0.0,0.0
0.313343,65,8840.663561,hard,0.23729977116704806,0.23729977116704806,0,642,4,2,2,2,2,0,0,0,0,0.0015389016018306756,0.0025961538461538747,0.0,0.32252747252747255,0.0,2,False,69,0.07533482142857142,0.0915397316320693,0.0487032967032967,0.0005386155606407364,0.09100111607142856,0.0387032967032967,0.0,0.01,0.0,0.0,0.0
0.456429,59,8858.833978,hard,0.36019450800915337,0.36019450800915337,0,581,4,2,2,2,2,0,0,0,0,0.002643020594965704,0.006346153846153916,0.0,0.3703571428571426,0.0,2,False,78,0.07995535714285715,0.09989157506538088,0.054442857142857105,0.0009250572082379965,0.09896651785714287,0.0444428571428571,0.0,0.01,0.0,0.0,0.0
0.429921,60,8877.21223,hard,0.2996510297482832,0.2996510297482832,0,596,4,2,2,2,2,0,0,0,0,0.011893592677345024,0.0,0.06649999999999713,0.30714285714285716,0.3884999999999971,2,False,75,0.09111607142857144,0.10416275743707076,0.08570714285714255,0.004162757437070758,0.1,0.036857142857142845,0.03884999999999971,0.01,0.0,0.0,0.0
0.50886,58,8894.811501,hard,0.42008009153318077,0.42008009153318077,0,577,4,2,2,2,2,0,0,0,0,0.0,0.0,0.0,0.3901098901098901,0.301,3,False,34,0.05008928571428571,0.05456696428571429,0.09191318681318682,0.0,0.05456696428571429,0.04681318681318681,0.030100000000000002,0.015,0.0,0.0,0.0
0.345957,60,8918.019296,hard,0.30503432494279176,0.30503432494279176,0,600,4,2,2,2,2,0,0,0,0,0.0,0.0,0.0,0.26304945054945056,0.0,2,False,48,0.047142857142857146,0.05935714285714286,0.04156593406593407,0.0,0.05935714285714286,0.03156593406593407,0.0,0.01,0.0,0.0,0.0
0.378728,59,8936.044737,hard,0.30257437070938215,0.30257437070938215,0,590,4,2,2,2,2,0,0,0,0,0.0066075514874142215,0.008653846153846248,0.0,0.23200549450549413,0.0,1,False,112,0.11794642857142858,0.10231264302059498,0.0328406593406593,0.0023126430205949776,0.1,0.0278406593406593,0.0,0.005,0.0,0.0,0.0
0.39273,60,8954.149541,hard,0.33827231121281465,0.33827231121281465,0,593,4,2,2,2,2,0,0,0,0,0.0030034324942791713,0.00721153846153845,0.0,0.3177197802197799,0.0,2,False,48,0.05410714285714286,0.06563155851585485,0.04812637362637359,0.0010512013729977098,0.06458035714285715,0.03812637362637359,0.0,0.01,0.0,0.0,0.0
0.47307,68,8975.200161,hard,0.46356407322654464,0.46356407322654464,0,678,4,2,2,2,2,0,0,0,0,0.011847826086956535,0.028447802197802227,0.0,0.3713049450549439,0.0,3,False,11,0.010803571428571428,0.01774941770186336,0.05955659340659326,0.004146739130434787,0.013602678571428571,0.04455659340659326,0.0,0.015,0.0,0.0,0.0
0.466041,60,8993.816715,hard,0.39901601830663624,0.39901601830663624,0,599,4,2,2,2,2,0,0,0,0,0.006967963386727765,0.016730769230769413,0.0,0.46357142857142786,0.0,3,False,37,0.047142857142857146,0.056295930042497576,0.07062857142857135,0.0024387871853547177,0.05385714285714286,0.05562857142857135,0.0,0.015,0.0,0.0,0.0
0.5449,72,9015.670961,hard,0.48140732265446223,0.48140732265446223,0,714,4,2,2,2,2,0,0,0,0,0.008289473684210572,0.019903846153846265,0.0,0.39203296703296603,0.05366666666666667,3,False,48,0.05410714285714286,0.06748167293233083,0.06741062271062259,0.0029013157894736998,0.06458035714285713,0.04704395604395592,0.005366666666666667,0.015,0.0,0.0,0.0
0.281756,60,9034.19866,hard,0.255720823798627,0.255720823798627,0,594,4,2,2,2,2,0,0,0,0,0.004324942791762019,0.0,0.0,0.11950549450549451,0.0,1,False,48,0.05410714285714286,0.06609408711997385,0.01934065934065934,0.0015137299771167067,0.06458035714285713,0.01434065934065934,0.0,0.005,0.0,0.0,0.0
0.418254,67,9054.38108,hard,0.36922196796338674,0.36922196796338674,0,666,4,2,2,2,2,0,0,0,0,0.019101830663615472,0.0,0.0,0.39203296703296703,0.0,3,False,40,0.035870535714285716,0.053588542517979704,0.062043956043956044,0.006685640732265415,0.04690290178571429,0.047043956043956045,0.0,0.015,0.0,0.0,0.0
0.259684,57,9076.279215,hard,0.21542334096109841,0.21542334096109841,0,564,4,2,2,2,2,0,0,0,0,0.006727688787185399,0.01615384615384626,0.0,0.2699999999999993,0.0,0,False,54,0.051875,0.0682609410755149,0.032399999999999915,0.00235469107551489,0.06590625000000001,0.032399999999999915,0.0,0.0,0.0,0.0,0.0
0.501698,64,9096.444412,hard,0.4123512585812358,0.4123512585812358,0,638,4,2,2,2,2,0,0,0,0,0.004685354691075567,0.011250000000000124,0.0,0.4955906593406589,0.0,3,False,48,0.07071428571428572,0.07867558842759075,0.07447087912087907,0.0016398741418764482,0.07703571428571429,0.05947087912087907,0.0,0.015,0.0,0.0,0.0
0.451175,59,9114.541113,hard,0.3555491990846682,0.3555491990846682,0,589,4,2,2,2,2,0,0,0,0,0.004061784897025173,0.0,0.0,0.3592032967032967,0.0,2,False,93,0.10587053571428572,0.10142162471395881,0.053104395604395616,0.0014216247139588103,0.1,0.043104395604395614,0.0,0.01,0.0,0.0,0.0
0.48662,59,9132.495264,hard,0.40728260869565214,0.40728260869565214,0,588,4,2,2,2,2,0,0,0,0,0.001561784897025174,0.003750000000000006,0.0,0.4834203296703295,0.0,3,False,48,0.05410714285714286,0.06512698185681595,0.07301043956043954,0.0005466247139588109,0.06458035714285715,0.05801043956043954,0.0,0.015,0.0,0.0,0.0
0.420058,58,9150.88269,hard,0.3026659038901601,0.3026659038901601,0,575,4,2,2,2,2,0,0,0,0,0.006727688787185249,0.0161538461538459,0.0,0.47947802197802125,0.0,3,False,120,0.13178571428571428,0.10235469107551484,0.07253736263736257,0.0023546910755148373,0.1,0.05753736263736257,0.0,0.015,0.0,0.0,0.0
0.294344,56,9168.379027,hard,0.2095938215102975,0.2095938215102975,0,559,4,2,2,2,2,0,0,0,0,0.015257437070938257,0.0051923076923077495,0.0,0.25258241758241734,0.0,1,False,88,0.09919642857142857,0.10534010297482839,0.03530989010989008,0.00534010297482839,0.1,0.030309890109890082,0.0,0.005,0.0,0.0,0.0
0.30521,61,9186.755322,hard,0.24158466819221966,0.24158466819221966,0,602,4,2,2,2,2,0,0,0,0,0.0010812356979404568,0.0025961538461537342,0.0,0.30973901098901085,0.0,2,False,65,0.058370535714285715,0.07665633427999344,0.04716868131868131,0.00037843249427915986,0.07627790178571428,0.037168681318681306,0.0,0.01,0.0,0.0,0.0
0.399003,57,9203.87065,hard,0.33160183066361565,0.33160183066361565,0,570,4,2,2,2,2,0,0,0,0,0.007088100686498933,0.009807692307692416,0.0,0.2709340659340655,0.0,2,False,65,0.06254464285714285,0.08188931738313177,0.04251208791208786,0.0024808352402746264,0.07940848214285715,0.03251208791208786,0.0,0.01,0.0,0.0,0.0
0.360619,57,9220.926598,hard,0.32759725400457673,0.32759725400457673,0,568,4,2,2,2,2,0,0,0,0,0.004084668192219712,0.009807692307692385,0.0,0.2920879120879117,0.0,2,False,38,0.03245535714285714,0.04477115172441975,0.045050549450549406,0.001429633867276899,0.04334151785714285,0.035050549450549404,0.0,0.01,0.0,0.0,0.0
0.386483,60,9244.225983,hard,0.3124141876430206,0.3124141876430206,0,597,4,2,2,2,2,0,0,0,0,0.008890160183066412,0.02134615384615397,0.0,0.5028846153846144,0.0,4,False,43,0.03841517857142857,0.05342293999264468,0.08034615384615372,0.0031115560640732442,0.050311383928571436,0.060346153846153716,0.0,0.02,0.0,0.0,0.0
0.329765,56,9261.609623,hard,0.2532608695652174,0.2532608695652174,0,559,4,2,2,2,2,0,0,0,0,0.006006864988558321,0.0,0.0,0.21085164835164835,0.0,1,False,90,0.08484375,0.10210240274599541,0.0303021978021978,0.0021024027459954123,0.1,0.0253021978021978,0.0,0.005,0.0,0.0,0.0
0.294708,61,9280.530979,hard,0.26704805491990846,0.26704805491990846,0,605,4,2,2,2,2,0,0,0,0,0.0010812356979405036,0.0025961538461538466,0.0,0.39010989010989,0.0,3,False,21,0.020625,0.026347182494279173,0.06181318681318679,0.00037843249427917623,0.02596875,0.04681318681318679,0.0,0.015,0.0,0.0,0.0
0.467073,64,9300.531478,hard,0.3684210526315789,0.3684210526315789,0,640,4,2,2,2,2,0,0,0,0,0.019822654462242444,0.0,0.0,0.3901098901098901,0.0,3,False,75,0.07520089285714286,0.100838598704642,0.06181318681318682,0.006937929061784855,0.09390066964285715,0.04681318681318682,0.0,0.015,0.0,0.0,0.0
0.390554,60,9318.879759,hard,0.29913043478260826,0.29913043478260826,0,596,4,2,2,2,2,0,0,0,0,0.017179633867276483,0.01586538461538469,0.0,0.291758241758241,0.0,2,False,96,0.10821428571428572,0.10601287185354677,0.04501098901098891,0.006012871853546769,0.1,0.03501098901098891,0.0,0.01,0.0,0.0,0.0
0.338521,61,9337.69971,hard,0.30028604118993135,0.30028604118993135,0,605,4,2,2,2,2,0,0,0,0,0.0,0.0,0.0,0.3901098901098901,0.0,3,False,34,0.0265625,0.036921875,0.0618131868131868,0.0,0.036921875,0.0468131868131868,0.0,0.015,0.0,0.0,0.0
0.470308,67,9358.344752,hard,0.41418764302059496,0.41418764302059496,0,661,4,2,2,2,2,0,0,0,0,0.015137299771167092,0.0,0.0,0.5,0.0,4,False,34,0.0265625,0.04221992991990848,0.08,0.005298054919908482,0.036921875,0.06,0.0,0.02,0.0,0.0,0.0
0.476478,59,9376.200705,hard,0.37643020594965676,0.37643020594965676,0,584,4,2,2,2,2,0,0,0,0,0.010526315789473682,0.02527472527472527,0.0,0.4093406593406581,0.0,3,False,72,0.07285714285714286,0.09432706766917293,0.06412087912087898,0.003684210526315789,0.09064285714285714,0.04912087912087898,0.0,0.015,0.0,0.0,0.0
0.529224,63,9400.282898,hard,0.4270022883295195,0.4270022883295195,0,621,4,2,2,2,2,0,0,0,0,0.0,0.0,0.0,0.5307692307692308,0.0,4,False,58,0.06883928571428571,0.08062946428571428,0.08369230769230769,0.0,0.08062946428571428,0.06369230769230769,0.0,0.02,0.0,0.0,0.0
0.556103,60,9418.894661,hard,0.3792162471395871,0.3792162471395871,0,595,4,2,2,2,2,0,0,0,0,0.0236670480549189,0.0,0.1378999999999941,0.3901098901098901,0.662899999999994,3,False,96,0.09642857142857143,0.10828346681922162,0.12810318681318622,0.008283466819221614,0.1,0.04681318681318681,0.0662899999999994,0.015,0.0,0.0,0.0
0.548473,61,9437.883393,hard,0.4769450800915332,0.4769450800915332,0,608,4,2,2,2,2,0,0,0,0,0.00913043478260875,0.021923076923077055,0.0,0.4564560439560429,0.0,3,False,48,0.047142857142857146,0.06255279503105592,0.06977472527472514,0.003195652173913062,0.05935714285714286,0.054774725274725135,0.0,0.015,0.0,0.0,0.0
0.397758,58,9455.684821,hard,0.3321052631578947,0.3321052631578947,0,574,4,2,2,2,2,0,0,0,0,0.0014416475972539424,0.003461538461538312,0.0,0.30291208791208774,0.0,2,False,63,0.05959821428571429,0.07670323737332459,0.04634945054945053,0.0005045766590388797,0.0761986607142857,0.036349450549450525,0.0,0.01,0.0,0.0,0.0
0.315234,61,9474.452582,hard,0.22905034324942788,0.22905034324942788,0,609,4,2,2,2,2,0,0,0,0,0.0021624713958809136,0.0051923076923074685,0.0,0.30271978021978,0.0,2,False,72,0.08946428571428572,0.10075686498855832,0.04632637362637361,0.0007568649885583197,0.1,0.03632637362637361,0.0,0.01,0.0,0.0,0.0
0.448193,59,9492.455943,hard,0.3499427917620137,0.3499427917620137,0,582,4,2,2,2,2,0,0,0,0,0.014176201372997783,0.0,0.0,0.34574175824175823,0.0,2,False,87,0.09495535714285715,0.10496167048054923,0.051489010989010986,0.004961670480549224,0.1,0.041489010989010984,0.0,0.01,0.0,0.0,0.0
0.610236,60,9510.761116,hard,0.4553203661327231,0.4553203661327231,0,598,4,2,2,2,2,0,0,0,0,0.010526315789473682,0.02527472527472527,0.0,0.4016483516483504,0.47833333333333333,3,False,87,0.09495535714285715,0.1036842105263158,0.11103113553113539,0.0036842105263157885,0.1,0.04819780219780205,0.04783333333333334,0.015,0.0,0.0,0.0
0.34789,60,9528.969797,hard,0.3323226544622426,0.3323226544622426,0,599,4,2,2,2,2,0,0,0,0,0.0,0.0,0.0,0.21978021978021978,0.0,2,False,36,0.028125,0.039093750000000003,0.03637362637362637,0.0,0.039093750000000003,0.026373626373626374,0.0,0.01,0.0,0.0,0.0
0.661257,63,9548.447272,hard,0.48786613272311213,0.48786613272311213,0,621,4,2,2,2,2,0,0,0,0,0.01669908466819217,0.0178846153846154,0.053899999999999684,0.3229670329670322,0.8588999999999977,1,False,83,0.07866071428571429,0.10584467963386726,0.12964604395604362,0.005844679633867259,0.1,0.03875604395604385,0.08588999999999977,0.005,0.0,0.0,0.0
0.479387,62,9572.245731,hard,0.37168192219679635,0.37168192219679635,0,613,4,2,2,2,2,0,0,0,0,0.007808924485125882,0.0037499999999999973,0.0,0.49999999999999983,0.35233333333333333,4,False,47,0.03671875,0.05377218606979406,0.11523333333333331,0.002733123569794059,0.0510390625,0.05999999999999997,0.03523333333333334,0.02,0.0,0.0,0.0
0.463143,59,9590.457565,hard,0.38322082379862704,0.38322082379862704,0,583,4,2,2,2,2,0,0,0,0,0.00444508009153321,0.010673076923076993,0.0,0.42564560439560395,0.0,2,False,51,0.06678571428571428,0.07714506374632234,0.06107747252747246,0.0015557780320366239,0.07558928571428572,0.05107747252747246,0.0,0.01,0.0,0.0,0.0
1.668675,70,9612.118507,hard,0.47568649885583525,1.4756864988558354,1,700,4,2,2,2,2,0,0,0,0,0.006847826086956555,0.0,0.03990000000000019,0.4472527472527473,0.999999999999998,4,True,34,0.0265625,0.0393186141304348,0.22367032967032952,0.002396739130434794,0.036921875,0.05367032967032968,0.09999999999999981,0.02,0.05,0.0,0.0
1.650423,59,9630.09921,hard,0.4045766590389016,1.4045766590389017,1,589,4,2,2,2,2,0,0,0,0,0.031355835240274396,0.020480769230769347,0.0,0.3120879120879112,1.0,2,True,78,0.07642857142857143,0.10729597090552462,0.19745054945054935,0.010974542334096034,0.09632142857142859,0.03745054945054934,0.1,0.01,0.05,0.0,0.0
0.491652,61,9648.862906,hard,0.4127631578947369,0.4127631578947369,0,601,4,2,2,2,2,0,0,0,0,0.0001201372997711684,0.0002884615384615417,0.0,0.4965796703296703,0.0,4,False,48,0.047142857142857146,0.05939919091206277,0.07958956043956045,4.2048054919908934e-05,0.05935714285714286,0.05958956043956045,0.0,0.02,0.0,0.0,0.0
0.522064,58,9666.852944,hard,0.43083524027459924,0.43083524027459924,0,571,4,2,2,2,2,0,0,0,0,0.007208237986269751,0.0,0.041999999999998414,0.2620879120879121,0.6743333333333316,2,False,34,0.0265625,0.039444758295194414,0.10888388278388261,0.0025228832951944124,0.036921875,0.03145054945054945,0.06743333333333316,0.01,0.0,0.0,0.0
0.368662,56,9684.119252,hard,0.26573226544622425,0.26573226544622425,0,559,4,2,2,2,2,0,0,0,0,0.005526315789473704,0.0,0.0,0.3907967032967033,0.0,2,False,96,0.09642857142857143,0.10193421052631581,0.056895604395604385,0.0019342105263157959,0.1,0.04689560439560438,0.0,0.01,0.0,0.0,0.0
0.370619,60,9702.346509,hard,0.32471395881006865,0.32471395881006865,0,599,4,2,2,2,2,0,0,0,0,0.016699084668191876,0.017019230769230884,0.0,0.2851648351648344,0.0,2,False,48,0.04232142857142857,0.06158575106243859,0.04421978021978013,0.005844679633867156,0.05574107142857143,0.03421978021978013,0.0,0.01,0.0,0.0,0.0
1.614821,68,9728.121505,hard,0.504130434782608,1.504130434782608,1,673,4,2,2,2,2,0,0,0,0,0.024748283752859826,0.02134615384615402,0.09239999999999601,0.4999999999999989,0.5240666666666627,4,False,34,0.0265625,0.04558377431350094,0.13240666666666612,0.00866189931350094,0.036921875,0.05999999999999986,0.052406666666666275,0.02,0.0,0.0,0.0
0.430495,61,9746.607217,hard,0.3398741418764302,0.3398741418764302,0,607,4,2,2,2,2,0,0,0,0,0.0078089244851259005,0.0,0.0,0.3215659340659341,0.0,2,False,80,0.08464285714285714,0.10273312356979407,0.048587912087912084,0.002733123569794065,0.1,0.03858791208791208,0.0,0.01,0.0,0.0,0.0
0.584994,59,9764.885334,hard,0.4372254004576648,0.4372254004576648,0,587,4,2,2,2,2,0,0,0,0,0.026069794050342123,0.0,0.15189999999999343,0.28406593406593406,0.6582333333333268,2,False,70,0.06991071428571428,0.09655746363190547,0.10991124542124478,0.009124427917619743,0.08743303571428572,0.03408791208791209,0.06582333333333269,0.01,0.0,0.0,0.0
0.485184,57,9782.382204,hard,0.37732837528604124,0.37732837528604124,0,569,4,2,2,2,2,0,0,0,0,0.0044450800915332295,0.01067307692307704,0.0,0.4114972527472523,0.0,3,False,91,0.07109375,0.10037609053203665,0.06437967032967026,0.0015557780320366304,0.09882031250000002,0.04937967032967027,0.0,0.015,0.0,0.0,0.0
0.534672,64,9801.936764,hard,0.4582379862700229,0.4582379862700229,0,635,4,2,2,2,2,0,0,0,0,0.009731121281464604,0.019615384615384795,0.0,0.516346153846153,0.0,4,False,34,0.05008928571428571,0.0579728567342269,0.08196153846153838,0.0034058924485126114,0.05456696428571429,0.061961538461538374,0.0,0.02,0.0,0.0,0.0
0.227326,60,9819.95014,hard,0.21001144164759725,0.21001144164759725,0,595,4,2,2,2,2,0,0,0,0,0.0,0.0,0.0,0.23777472527472526,0.0,1,False,35,0.034375,0.04328125000000001,0.03353296703296703,0.0,0.04328125000000001,0.028532967032967028,0.0,0.005,0.0,0.0,0.0
2.755538,60,9838.297102,hard,0.5312929061784897,2.5312929061784897,2,600,4,2,2,2,2,0,0,0,0,0.014124713958810086,0.01413461538461544,0.04799999999999999,0.3690934065934059,0.9999999999999978,3,True,53,0.05801339285714286,0.07495369452844067,0.2092912087912085,0.00494364988558353,0.07001004464285714,0.044291208791208715,0.09999999999999978,0.015,0.05,0.0,0.0
0.447945,59,9856.180491,hard,0.3706064073226545,0.3706064073226545,0,590,4,2,2,2,2,0,0,0,0,0.014656750572082405,0.0,0.0,0.3901098901098901,0.0,3,False,51,0.05852678571428571,0.07452495198594314,0.0618131868131868,0.005129862700228842,0.06939508928571429,0.0468131868131868,0.0,0.015,0.0,0.0,0.0
2.827077,64,9876.141785,hard,0.566733409610984,2.566733409610984,2,637,4,2,2,2,2,0,0,0,0,0.01297482837528611,0.010096153846153892,0.0,0.45418956043956,1.0,3,True,96,0.075,0.10454118993135014,0.2195027472527472,0.004541189931350139,0.1,0.05450274725274721,0.1,0.015,0.05,0.0,0.0
0.377555,57,9898.144602,hard,0.30749427917620137,0.30749427917620137,0,570,4,2,2,2,2,0,0,0,0,0.0078089244851259005,0.0,0.0,0.2438186813186813,0.0,2,False,64,0.07075892857142857,0.08780231999836548,0.03925824175824176,0.002733123569794065,0.08506919642857141,0.029258241758241762,0.0,0.01,0.0,0.0,0.0
0.247685,57,9915.072817,hard,0.21429633867276865,0.21429633867276865,0,564,4,2,2,2,2,0,0,0,0,0.005886727688786984,0.0,0.0,0.15123626373626373,0.0,1,False,48,0.05410714285714286,0.06664071183393258,0.02314835164835165,0.0020603546910754438,0.06458035714285713,0.01814835164835165,0.0,0.005,0.0,0.0,0.0
0.085758,57,9932.475489,hard,0.08100686498855836,0.08100686498855836,0,564,4,2,2,2,2,0,0,0,0,0.0007208237986270103,0.00173076923076925,0.0,0.1743131868131868,0.0,1,False,26,0.029308035714285714,0.03523331511523374,0.02591758241758243,0.00025228832951945364,0.034981026785714284,0.020917582417582428,0.0,0.005,0.0,0.0,0.0
0.30784,58,9949.847957,hard,0.21967963386727687,0.21967963386727687,0,574,4,2,2,2,2,0,0,0,0,0.005526315789473704,0.0,0.0,0.2802197802197802,0.0,2,False,96,0.075,0.10193421052631581,0.04362637362637363,0.0019342105263157963,0.1,0.03362637362637363,0.0,0.01,0.0,0.0,0.0
0.357052,63,9969.127734,hard,0.3052345537757436,0.3052345537757436,0,625,4,2,2,2,2,0,0,0,0,0.0030034324942790594,0.007211538461538182,0.0,0.25103021978021944,0.0,2,False,52,0.06285714285714286,0.07419405851585482,0.040123626373626334,0.0010512013729976708,0.07314285714285715,0.030123626373626335,0.0,0.01,0.0,0.0,0.0
1.695616,60,9987.296197,hard,0.45581235697940503,1.455812356979405,1,596,4,2,2,2,2,0,0,0,0,0.03219679633867235,0.010384615384615499,0.16239999999999724,0.43510989010988965,0.9999999999999961,3,True,57,0.0565625,0.08219075371853532,0.21721318681318635,0.01126887871853532,0.070921875,0.05221318681318675,0.09999999999999962,0.015,0.05,0.0,0.0
0.519094,58,10005.058934,hard,0.4042448512585807,0.4042448512585807,0,579,4,2,2,2,2,0,0,0,0,0.013455377574370129,0.0,0.07839999999999661,0.29093406593406596,0.4493999999999966,2,False,72,0.05625,0.08289688215102956,0.08985208791208758,0.004709382151029545,0.07818750000000001,0.034912087912087914,0.04493999999999967,0.01,0.0,0.0,0.0
1.659253,66,10025.283528,hard,0.5287242562929053,1.5287242562929053,1,656,4,2,2,2,2,0,0,0,0,0.018140732265445443,0.0,0.10569999999999544,0.3901098901098901,0.6376999999999954,3,False,40,0.05892857142857143,0.07054568486433448,0.12558318681318636,0.0063492562929059046,0.06419642857142857,0.046813186813186816,0.06376999999999955,0.015,0.0,0.0,0.0
0.286411,54,10046.13624,hard,0.2635697940503433,0.2635697940503433,0,532,4,2,2,2,2,0,0,0,0,0.0074485125858124,0.01788461538461549,0.0,0.38560439560439486,0.0,2,False,14,0.013549107142857142,0.0197688097621772,0.056272527472527395,0.00260697940503434,0.01716183035714286,0.04627252747252739,0.0,0.01,0.0,0.0,0.0
