#{"t_start": 1779077250.7928648, "env_id": "None"}
r,l,t,profile,damage_pct,score,stars,ticks_elapsed,spell_casts,rage_casts,freeze_casts,useful_rage_casts,useful_freeze_casts,wasted_spell_casts,wasted_rage_casts,wasted_freeze_casts,spells_remaining,rage_bonus_damage_pct,frozen_threat_ticks,spell_shaping_reward_total,rage_effect_reward_total,freeze_effect_reward_total,wasted_spell_penalty_total,unused_spell_penalty_total
1.519146,79,24.004806,medium,0.5300233644859813,1.5300233644859813,1,790,4,2,2,2,2,0,0,0,0,0.0008177570093458035,34,0.06812266355140187,0.00012266355140187052,0.068,0.0,0.0
2.818635,90,50.512373,medium,0.8017133956386293,2.8017133956386293,2,900,4,2,2,2,2,0,0,0,0,0.04614485981308427,60,0.10692172897196264,0.006921728971962639,0.1,0.0,0.0
1.646884,87,76.033802,medium,0.6288940809968847,1.6288940809968846,1,865,4,2,2,2,2,0,0,0,0,0.02992990654205595,72,0.1044894859813084,0.004489485981308393,0.1,0.0,0.0
0.34581,58,92.557329,medium,0.37305295950155765,0.37305295950155765,0,575,4,2,2,2,2,0,0,0,0,0.015046728971962587,14,0.030257009345794388,0.0022570093457943883,0.028,0.0,0.0
0.374986,58,109.339562,medium,0.33126168224299074,0.33126168224299074,0,576,4,2,2,2,2,0,0,0,0,0.008831775700934677,72,0.1013247663551402,0.0013247663551402013,0.1,0.0,0.0
4.043659,60,125.793931,medium,1.0,4.0,3,598,4,2,2,2,2,0,0,0,0,0.02306074766355143,68,0.10345911214953273,0.0034591121495327146,0.1,0.0,0.0
2.824852,78,148.494135,medium,0.8011682242990654,2.801168224299065,2,771,4,2,2,2,2,0,0,0,0,0.03189252336448488,48,0.10078387850467274,0.0047838785046727325,0.096,0.0,0.0
3.010139,83,176.568208,medium,0.9960280373831776,2.9960280373831774,2,826,4,2,2,2,2,0,0,0,0,0.004742990654205601,48,0.09671144859813084,0.0007114485981308402,0.096,0.0,0.0
0.488573,65,194.889021,medium,0.4513239875389408,0.4513239875389408,0,641,4,2,2,2,2,0,0,0,0,0.00899532710280378,55,0.10134929906542058,0.001349299065420567,0.1,0.0,0.0
0.448403,59,211.656986,medium,0.40417445482866055,0.40417445482866055,0,582,4,2,2,2,2,0,0,0,0,0.01619158878504685,72,0.10242873831775703,0.0024287383177570275,0.1,0.0,0.0
2.739246,60,228.68392,medium,0.6936915887850468,2.6936915887850468,2,592,4,2,2,2,2,0,0,0,0,0.03169781931464181,68,0.10475467289719628,0.004754672897196271,0.1,0.0,0.0
0.215098,65,247.177938,medium,0.18273364485981303,0.18273364485981303,0,642,4,2,2,2,2,0,0,0,0,0.0037616822429906425,48,0.0965642523364486,0.0005642523364485963,0.096,0.0,0.0
2.782374,90,272.803091,medium,0.77398753894081,2.77398753894081,2,900,4,2,2,2,2,0,0,0,0,0.015911214953270796,48,0.09838668224299062,0.002386682242990619,0.096,0.0,0.0
2.842126,90,298.466378,medium,0.8317757009345794,2.831775700934579,2,900,4,2,2,2,2,0,0,0,0,0.002336448598130842,51,0.10035046728971964,0.00035046728971962625,0.1,0.0,0.0
1.597677,90,329.297266,medium,0.5909657320872275,1.5909657320872275,1,900,4,2,2,2,2,0,0,0,0,0.004742990654205601,48,0.09671144859813084,0.0007114485981308402,0.096,0.0,0.0
2.622263,84,353.431313,medium,0.6598909657320873,2.659890965732087,2,837,4,2,2,2,2,0,0,0,0,0.027149532710280474,21,0.046072429906542076,0.00407242990654207,0.042,0.0,0.0
0.305521,56,369.6745,medium,0.26364485981308416,0.26364485981308416,0,554,4,2,2,2,2,0,0,0,0,0.008504672897196308,48,0.09727570093457945,0.0012757009345794462,0.096,0.0,0.0
1.624615,68,389.517641,medium,0.598208722741433,1.598208722741433,1,673,4,2,2,2,2,0,0,0,0,0.03804517133956356,44,0.09370677570093452,0.005706775700934533,0.088,0.0,0.0
0.434153,67,409.618738,medium,0.4031152647975078,0.4031152647975078,0,669,4,2,2,2,2,0,0,0,0,0.012920560747662993,48,0.09793808411214945,0.001938084112149449,0.096,0.0,0.0
0.250777,59,426.822278,medium,0.24127725856697818,0.24127725856697818,0,585,4,2,2,2,2,0,0,0,0,0.0,34,0.068,0.0,0.068,0.0,0.0
2.942195,67,446.373248,medium,0.9076869158878503,2.9076869158878504,2,664,4,2,2,2,2,0,0,0,0,0.006051401869158795,58,0.10090771028037382,0.0009077102803738192,0.1,0.0,0.0
0.472895,61,468.562156,medium,0.43769470404984423,0.43769470404984423,0,608,4,2,2,2,2,0,0,0,0,0.0,48,0.096,0.0,0.096,0.0,0.0
4.040374,59,485.667228,medium,1.0,4.0,3,583,4,2,2,2,2,0,0,0,0,0.01782710280373838,48,0.09867406542056076,0.0026740654205607566,0.096,0.0,0.0
0.307275,62,504.331369,medium,0.3225856697819315,0.3225856697819315,0,612,4,2,2,2,2,0,0,0,0,0.01259345794392531,22,0.0458890186915888,0.0018890186915887963,0.044,0.0,0.0
1.561391,67,524.63636,medium,0.5598909657320872,1.5598909657320872,1,665,4,2,2,2,2,0,0,0,0,0.0,34,0.068,0.0,0.068,0.0,0.0
1.638467,90,551.125928,medium,0.6504672897196262,1.6504672897196262,1,900,4,2,2,2,2,0,0,0,0,0.0,39,0.078,0.0,0.078,0.0,0.0
2.961767,84,576.141883,medium,0.9693146417445483,2.9693146417445484,2,833,4,2,2,2,2,0,0,0,0,0.05168224299065423,34,0.07575233644859813,0.007752336448598133,0.068,0.0,0.0
0.508877,74,598.449473,medium,0.4790498442367601,0.4790498442367601,0,740,4,2,2,2,2,0,0,0,0,0.025514018691588623,61,0.1038271028037383,0.0038271028037382936,0.1,0.0,0.0
0.388576,63,620.902318,medium,0.3540498442367601,0.3540498442367601,0,627,4,2,2,2,2,0,0,0,0,0.008177570093458016,48,0.09722663551401871,0.0012266355140187024,0.096,0.0,0.0
1.849338,90,647.378714,medium,0.8349688473520249,1.834968847352025,1,900,4,2,2,2,2,0,0,0,0,0.029127725856697876,72,0.10436915887850469,0.004369158878504682,0.1,0.0,0.0
0.477678,70,668.126839,medium,0.4873831775700935,0.4873831775700935,0,700,4,2,2,2,2,0,0,0,0,0.0019626168224299054,30,0.06029439252336449,0.0002943925233644858,0.060000000000000005,0.0,0.0
0.456835,63,687.126773,medium,0.4174454828660436,0.4174454828660436,0,624,4,2,2,2,2,0,0,0,0,0.038598130841121146,48,0.10178971962616817,0.00578971962616817,0.096,0.0,0.0
4.008,76,709.658305,medium,1.0,4.0,3,760,4,2,2,2,2,0,0,0,0,0.0,42,0.08400000000000002,0.0,0.08400000000000002,0.0,0.0
1.590742,70,730.436425,medium,0.5646417445482866,1.5646417445482865,1,699,4,2,2,2,2,0,0,0,0,0.0,48,0.096,0.0,0.096,0.0,0.0
0.325025,60,748.208758,medium,0.2889018691588785,0.2889018691588785,0,600,4,2,2,2,2,0,0,0,0,0.0008177570093457592,48,0.09612266355140187,0.00012266355140186388,0.096,0.0,0.0
1.54439,64,771.942632,medium,0.5638239875389408,1.5638239875389408,1,639,4,2,2,2,2,0,0,0,0,0.0031074766355140256,22,0.0444661214953271,0.00046612149532710383,0.044,0.0,0.0
0.313432,88,798.239813,medium,0.3302180685358255,0.3302180685358255,0,880,4,2,2,2,2,0,0,0,0,0.021425233644859838,34,0.07121378504672898,0.003213785046728975,0.068,0.0,0.0
0.4309,89,823.8379,medium,0.4190264797507788,0.4190264797507788,0,882,4,2,2,2,2,0,0,0,0,0.0004906542056074556,72,0.10007359813084113,7.359813084111834e-05,0.1,0.0,0.0
1.559107,73,845.553487,medium,0.5637071651090343,1.5637071651090344,1,726,4,2,2,2,2,0,0,0,0,0.0,34,0.068,0.0,0.068,0.0,0.0
4.016448,59,863.030172,medium,1.0,4.0,3,582,4,2,2,2,2,0,0,0,0,0.04432242990654114,34,0.07464836448598118,0.006648364485981171,0.068,0.0,0.0
1.621896,68,883.732475,medium,0.590911214953271,1.590911214953271,1,671,4,2,2,2,2,0,0,0,0,0.013901869158878258,48,0.09808528037383174,0.0020852803738317383,0.096,0.0,0.0
1.721828,90,910.851093,medium,0.70876168224299,1.70876168224299,1,900,4,2,2,2,2,0,0,0,0,0.020443925233644182,68,0.10306658878504663,0.003066588785046627,0.1,0.0,0.0
0.534185,61,933.072833,medium,0.49384735202492214,0.49384735202492214,0,603,4,2,2,2,2,0,0,0,0,0.004252336448598124,68,0.10063785046728972,0.0006378504672897186,0.1,0.0,0.0
1.629421,67,952.518296,medium,0.5958722741433021,1.5958722741433022,1,665,4,2,2,2,2,0,0,0,0,0.00032710280373832146,96,0.10004906542056076,4.906542056074822e-05,0.1,0.0,0.0
1.51195,74,973.72336,medium,0.5128816199376948,1.5128816199376947,1,732,4,2,2,2,2,0,0,0,0,0.028457943925233757,34,0.07226869158878507,0.004268691588785064,0.068,0.0,0.0
2.55834,90,999.956189,medium,0.5955919003115264,2.5955919003115264,2,900,4,2,2,2,2,0,0,0,0,0.018317757009345695,25,0.052747663551401855,0.002747663551401854,0.05,0.0,0.0
0.515063,66,1019.084171,medium,0.4807632398753894,0.4807632398753894,0,657,4,2,2,2,2,0,0,0,0,0.0,88,0.1,0.0,0.1,0.0,0.0
2.775004,85,1044.336555,medium,0.7632398753894081,2.763239875389408,2,848,4,2,2,2,2,0,0,0,0,0.0037616822429906486,48,0.0965642523364486,0.0005642523364485973,0.096,0.0,0.0
0.282225,60,1061.760241,medium,0.2728193146417445,0.2728193146417445,0,596,4,2,2,2,2,0,0,0,0,0.006705607476635531,34,0.06900584112149534,0.0010058411214953296,0.068,0.0,0.0
2.78606,70,1086.520808,medium,0.7554517133956387,2.7554517133956384,2,697,4,2,2,2,2,0,0,0,0,0.0287227414330219,48,0.10030841121495329,0.004308411214953285,0.096,0.0,0.0
0.457552,75,1107.999266,medium,0.4278115264797503,0.4278115264797503,0,747,4,2,2,2,2,0,0,0,0,0.029602803738317328,88,0.10444042056074761,0.004440420560747599,0.1,0.0,0.0
0.289361,69,1127.614605,medium,0.3232476635514017,0.3232476635514017,0,685,4,2,2,2,2,0,0,0,0,0.004088785046728813,17,0.03461331775700932,0.0006133177570093219,0.034,0.0,0.0
1.581533,67,1146.988977,medium,0.55101246105919,1.55101246105919,1,670,4,2,2,2,2,0,0,0,0,0.010140186915887904,48,0.09752102803738319,0.0015210280373831857,0.096,0.0,0.0
1.550006,90,1172.652544,medium,0.5484735202492201,1.5484735202492201,1,900,4,2,2,2,2,0,0,0,0,0.023551401869157863,44,0.09153271028037367,0.0035327102803736797,0.088,0.0,0.0
0.449483,80,1195.786186,medium,0.47858255451713394,0.47858255451713394,0,791,4,2,2,2,2,0,0,0,0,0.0,25,0.05,0.0,0.05,0.0,0.0
1.663207,83,1219.92902,medium,0.6410436137071651,1.6410436137071651,1,824,4,2,2,2,2,0,0,0,0,0.03042056074766326,68,0.1045630841121495,0.00456308411214949,0.1,0.0,0.0
0.280198,62,1243.06387,medium,0.26954828660436136,0.26954828660436136,0,613,4,2,2,2,2,0,0,0,0,0.026331775700934118,34,0.07194976635514012,0.003949766355140117,0.068,0.0,0.0
4.011979,59,1260.157649,medium,1.0,4.0,3,590,4,2,2,2,2,0,0,0,0,0.05985981308411082,31,0.07097897196261663,0.008978971962616622,0.062,0.0,0.0
4.046655,65,1279.812174,medium,1.0,4.0,3,644,4,2,2,2,2,0,0,0,0,0.07369937694703915,59,0.11105490654205588,0.011054906542055872,0.1,0.0,0.0
2.665122,71,1300.56051,medium,0.6616433021806853,2.6616433021806856,2,709,4,2,2,2,2,0,0,0,0,0.042523364485980965,34,0.07437850467289715,0.006378504672897145,0.068,0.0,0.0
2.596484,63,1319.460529,medium,0.6111370716510903,2.61113707165109,2,628,4,2,2,2,2,0,0,0,0,0.0009813084112149642,24,0.04814719626168225,0.00014719626168224463,0.048,0.0,0.0
1.507833,65,1338.486713,medium,0.5032710280373832,1.5032710280373833,1,641,4,2,2,2,2,0,0,0,0,0.004415887850467282,34,0.06866238317757009,0.0006623831775700923,0.068,0.0,0.0
2.7306,79,1362.154856,medium,0.7098909657320872,2.7098909657320873,2,782,4,2,2,2,2,0,0,0,0,0.019392523364485978,48,0.09890887850467289,0.0029088785046728965,0.096,0.0,0.0
1.832313,66,1381.284656,medium,0.8004672897196262,1.8004672897196263,1,657,4,2,2,2,2,0,0,0,0,0.01030373831775705,48,0.09754556074766356,0.0015455607476635574,0.096,0.0,0.0
1.58356,80,1409.262511,medium,0.5916666666666667,1.5916666666666668,1,791,4,2,2,2,2,0,0,0,0,0.019953271028037164,34,0.07099299065420558,0.0029929906542055743,0.068,0.0,0.0
0.369456,74,1431.063746,medium,0.3459501557632399,0.3459501557632399,0,735,4,2,2,2,2,0,0,0,0,0.006705607476635242,48,0.0970058411214953,0.0010058411214952864,0.096,0.0,0.0
0.445203,90,1458.114186,medium,0.46673676012461063,0.46673676012461063,0,900,4,2,2,2,2,0,0,0,0,0.003107476635514053,34,0.06846612149532712,0.0004661214953271079,0.068,0.0,0.0
1.642079,61,1476.367612,medium,0.6074766355140186,1.6074766355140186,1,608,4,2,2,2,2,0,0,0,0,0.009345794392523369,47,0.09540186915887851,0.0014018691588785052,0.094,0.0,0.0
0.425063,72,1497.443821,medium,0.4395872274143302,0.4395872274143302,0,715,4,2,2,2,2,0,0,0,0,0.01983644859813025,27,0.056975467289719535,0.0029754672897195373,0.054,0.0,0.0
2.968426,89,1523.518313,medium,0.9524922118380063,2.952492211838006,2,888,4,2,2,2,2,0,0,0,0,0.058224299065419746,48,0.10473364485981296,0.008733644859812961,0.096,0.0,0.0
0.460543,72,1549.317482,medium,0.43091121495327106,0.43091121495327106,0,715,4,2,2,2,2,0,0,0,0,0.0075467289719626535,96,0.1011320093457944,0.001132009345794398,0.1,0.0,0.0
0.38732,66,1568.65449,medium,0.42982866043613704,0.42982866043613704,0,656,4,2,2,2,2,0,0,0,0,0.020607476635514047,10,0.02309112149532711,0.003091121495327107,0.02,0.0,0.0
4.002755,67,1587.994989,medium,1.0,4.0,3,669,4,2,2,2,2,0,0,0,0,0.024369158878504903,33,0.06965537383177574,0.003655373831775735,0.066,0.0,0.0
1.773991,90,1614.58752,medium,0.765685358255451,1.765685358255451,1,900,4,2,2,2,2,0,0,0,0,0.01537383177570027,48,0.09830607476635504,0.002306074766355041,0.096,0.0,0.0
2.622799,61,1632.103488,medium,0.580607476635514,2.580607476635514,2,609,4,2,2,2,2,0,0,0,0,0.02060747663551408,72,0.10309112149532712,0.0030911214953271114,0.1,0.0,0.0
1.552765,81,1655.56232,medium,0.5638629283489096,1.5638629283489096,1,803,4,2,2,2,2,0,0,0,0,0.008014018691588817,34,0.06920210280373833,0.0012021028037383225,0.068,0.0,0.0
1.603657,90,1681.238414,medium,0.6096573208722741,1.609657320872274,1,900,4,2,2,2,2,0,0,0,0,0.0,42,0.084,0.0,0.084,0.0,0.0
0.311194,65,1704.788493,medium,0.278816199376947,0.278816199376947,0,648,4,2,2,2,2,0,0,0,0,0.007850467289719656,48,0.09717757009345795,0.0011775700934579484,0.096,0.0,0.0
2.924299,74,1726.890381,medium,0.969392523364486,2.969392523364486,2,734,4,2,2,2,2,0,0,0,0,0.01537383177570104,13,0.028306074766355157,0.002306074766355156,0.026000000000000002,0.0,0.0
0.393197,61,1744.883117,medium,0.3556853582554517,0.3556853582554517,0,605,4,2,2,2,2,0,0,0,0,0.01341121495327045,48,0.09801168224299057,0.0020116822429905672,0.096,0.0,0.0
1.64762,72,1765.902695,medium,0.6235202492211838,1.6235202492211838,1,719,4,2,2,2,2,0,0,0,0,0.0,48,0.096,0.0,0.096,0.0,0.0
2.650284,69,1786.265604,medium,0.6189252336448599,2.61892523364486,2,681,4,2,2,2,2,0,0,0,0,0.023060747663551387,48,0.09945911214953271,0.003459112149532708,0.096,0.0,0.0
1.548125,63,1804.748337,medium,0.5377959501557623,1.5377959501557623,1,627,4,2,2,2,2,0,0,0,0,0.03352803738317612,34,0.07302920560747642,0.005029205607476418,0.068,0.0,0.0
2.704041,84,1829.114086,medium,0.7123831775700935,2.7123831775700937,2,838,4,2,2,2,2,0,0,0,0,0.049719626168223154,34,0.07545794392523347,0.007457943925233473,0.068,0.0,0.0
1.623169,58,1845.623388,medium,0.5849688473520249,1.584968847352025,1,578,4,2,2,2,2,0,0,0,0,0.0,48,0.096,0.0,0.096,0.0,0.0
4.027944,72,1870.926327,medium,1.0,4.0,3,718,4,2,2,2,2,0,0,0,0,0.02496105919003127,48,0.09974415887850469,0.00374415887850469,0.096,0.0,0.0
2.79886,84,1896.006447,medium,0.7929906542056074,2.7929906542056075,2,837,4,2,2,2,2,0,0,0,0,0.010459501557632454,44,0.08956892523364487,0.0015689252336448677,0.08800000000000001,0.0,0.0
0.491074,72,1917.266234,medium,0.4764018691588785,0.4764018691588785,0,714,4,2,2,2,2,0,0,0,0,0.02714953271028048,41,0.08607242990654207,0.004072429906542072,0.082,0.0,0.0
0.340979,61,1935.370893,medium,0.3338785046728972,0.3338785046728972,0,609,4,2,2,2,2,0,0,0,0,0.0,34,0.068,0.0,0.068,0.0,0.0
4.029702,73,1956.990745,medium,1.0,4.0,3,729,4,2,2,2,2,0,0,0,0,0.05734423676012315,47,0.10260163551401849,0.008601635514018473,0.09400000000000001,0.0,0.0
1.482166,73,1979.053128,medium,0.5359813084112149,1.5359813084112148,1,726,4,2,2,2,2,0,0,0,0,0.005233644859813082,9,0.018785046728971966,0.0007850467289719623,0.018000000000000002,0.0,0.0
1.589033,61,1996.906508,medium,0.5598130841121496,1.5598130841121496,1,601,4,2,2,2,2,0,0,0,0,0.008800623052959505,44,0.08932009345794392,0.0013200934579439259,0.088,0.0,0.0
2.870078,76,2022.84947,medium,0.8716510903426792,2.871651090342679,2,758,4,2,2,2,2,0,0,0,0,0.041510903426791444,34,0.07422663551401872,0.006226635514018717,0.068,0.0,0.0
0.495646,74,2044.287809,medium,0.472196261682243,0.472196261682243,0,739,4,2,2,2,2,0,0,0,0,0.00899532710280378,48,0.09734929906542057,0.0013492990654205672,0.096,0.0,0.0
0.487116,80,2067.986833,medium,0.46996105919003117,0.46996105919003117,0,799,4,2,2,2,2,0,0,0,0,0.007032710280373661,48,0.09705490654205605,0.0010549065420560491,0.096,0.0,0.0
1.552368,69,2087.504443,medium,0.5199376947040498,1.51993769470405,1,686,4,2,2,2,2,0,0,0,0,0.006869158878504692,72,0.10103037383177571,0.0010303738317757039,0.1,0.0,0.0
0.337827,65,2106.019284,medium,0.32176791277258565,0.32176791277258565,0,641,4,2,2,2,2,0,0,0,0,0.014392523364486053,39,0.08015887850467292,0.0021588785046729076,0.07800000000000001,0.0,0.0
0.424598,57,2122.538386,medium,0.3843925233644859,0.3843925233644859,0,568,4,2,2,2,2,0,0,0,0,0.006705607476635476,48,0.09700584112149532,0.0010058411214953213,0.096,0.0,0.0
1.580059,67,2141.224325,medium,0.5522585669781932,1.5522585669781932,1,661,4,2,2,2,2,0,0,0,0,0.026004672897195963,45,0.09390070093457939,0.003900700934579394,0.09,0.0,0.0
2.651609,84,2169.74279,medium,0.7151090342679127,2.715109034267913,2,835,4,2,2,2,2,0,0,0,0,0.0,10,0.02,0.0,0.02,0.0,0.0
1.593885,69,2189.691635,medium,0.5600389408099676,1.5600389408099677,1,683,4,2,2,2,2,0,0,0,0,0.02764018691588666,49,0.102146028037383,0.004146028037382999,0.098,0.0,0.0
1.629158,66,2208.657135,medium,0.5967289719626169,1.5967289719626168,1,653,4,2,2,2,2,0,0,0,0,0.011526479750778813,48,0.09772897196261682,0.0017289719626168221,0.096,0.0,0.0
2.636264,62,2226.97629,medium,0.5976635514018691,2.597663551401869,2,614,4,2,2,2,2,0,0,0,0,0.0,58,0.1,0.0,0.1,0.0,0.0
0.462937,64,2245.840698,medium,0.4780373831775701,0.4780373831775701,0,631,4,2,2,2,2,0,0,0,0,0.0,24,0.048,0.0,0.048,0.0,0.0
1.702503,76,2268.04114,medium,0.7136292834890966,1.7136292834890967,1,752,4,2,2,2,2,0,0,0,0,0.0004906542056074822,32,0.06407359813084113,7.359813084112233e-05,0.064,0.0,0.0
0.498565,65,2286.889184,medium,0.4649532710280374,0.4649532710280374,0,644,4,2,2,2,2,0,0,0,0,0.013411214953271104,48,0.09801168224299067,0.0020116822429906657,0.096,0.0,0.0
0.478794,59,2304.697534,medium,0.47267133956386276,0.47267133956386276,0,586,4,2,2,2,2,0,0,0,0,0.018154205607476426,31,0.06472313084112147,0.002723130841121464,0.062,0.0,0.0
2.811292,90,2335.368943,medium,0.8442367601246106,2.844236760124611,2,900,4,2,2,2,2,0,0,0,0,0.007032710280373853,28,0.057054906542056076,0.0010549065420560777,0.056,0.0,0.0
2.776471,60,2352.803768,medium,0.7363707165109035,2.7363707165109035,2,599,4,2,2,2,2,0,0,0,0,0.0,53,0.1,0.0,0.1,0.0,0.0
0.33304,57,2369.139242,medium,0.3346417445482861,0.3346417445482861,0,563,4,2,2,2,2,0,0,0,0,0.017990654205607012,26,0.05469859813084105,0.0026985981308410524,0.052,0.0,0.0
2.795116,86,2394.195599,medium,0.8290498442367601,2.82904984423676,2,857,4,2,2,2,2,0,0,0,0,0.011775700934578932,25,0.05176635514018684,0.0017663551401868398,0.05,0.0,0.0
0.237597,57,2410.705074,medium,0.19789719626168226,0.19789719626168226,0,563,4,2,2,2,2,0,0,0,0,0.0,48,0.096,0.0,0.096,0.0,0.0
1.646088,82,2434.884317,medium,0.6237538940809959,1.623753894080996,1,811,4,2,2,2,2,0,0,0,0,0.022897196261681255,72,0.10343457943925219,0.003434579439252189,0.1,0.0,0.0
2.762654,61,2452.674248,medium,0.8088785046728972,2.8088785046728972,2,601,4,2,2,2,2,0,0,0,0,0.05249999999999873,3,0.01387499999999981,0.00787499999999981,0.006,0.0,0.0
1.747021,69,2477.153405,medium,0.7154205607476636,1.7154205607476636,1,684,4,2,2,2,2,0,0,0,0,0.0,68,0.1,0.0,0.1,0.0,0.0
2.838136,81,2500.896613,medium,0.8493847352024924,2.8493847352024924,2,805,4,2,2,2,2,0,0,0,0,0.008341121495327194,34,0.06925116822429908,0.001251168224299079,0.068,0.0,0.0
4.029225,74,2522.153091,medium,1.0,4.0,3,734,4,2,2,2,2,0,0,0,0,0.01750000000000009,58,0.10262500000000002,0.002625000000000013,0.1,0.0,0.0
1.648791,68,2542.00897,medium,0.6156542056074766,1.6156542056074765,1,677,4,2,2,2,2,0,0,0,0,0.03224299065420567,48,0.10083644859813085,0.00483644859813085,0.096,0.0,0.0
1.733187,70,2561.802971,medium,0.7693146417445483,1.7693146417445482,1,696,4,2,2,2,2,0,0,0,0,0.009813084112149607,16,0.03347196261682244,0.0014719626168224408,0.032,0.0,0.0
2.964091,90,2588.500601,medium,0.9579439252336449,2.957943925233645,2,900,4,2,2,2,2,0,0,0,0,0.0009813084112149542,48,0.09614719626168225,0.0001471962616822431,0.096,0.0,0.0
2.759072,67,2607.938811,medium,0.7975077881619937,2.797507788161994,2,667,4,2,2,2,2,0,0,0,0,0.02842679127725863,12,0.028264018691588795,0.0042640186915887945,0.024,0.0,0.0
2.829505,72,2633.432488,medium,0.8225856697819315,2.8225856697819314,2,719,4,2,2,2,2,0,0,0,0,0.07212616822429781,34,0.07881892523364467,0.01081892523364467,0.068,0.0,0.0
0.437475,65,2652.286947,medium,0.40607476635514017,0.40607476635514017,0,646,4,2,2,2,2,0,0,0,0,0.0,48,0.096,0.0,0.096,0.0,0.0
2.796551,90,2678.549366,medium,0.8040498442367601,2.80404984423676,2,900,4,2,2,2,2,0,0,0,0,0.04334112149532623,38,0.08250116822429893,0.006501168224298932,0.076,0.0,0.0
1.477959,90,2704.365191,medium,0.5185358255451713,1.5185358255451713,1,900,4,2,2,2,2,0,0,0,0,0.009485981308411263,24,0.04942289719626169,0.0014228971962616894,0.048,0.0,0.0
1.731694,90,2730.000447,medium,0.8206386292834891,1.820638629283489,1,900,4,2,2,2,2,0,0,0,0,0.007032710280373853,0,0.001054906542056078,0.001054906542056078,0.0,0.0,0.0
2.970609,70,2750.693881,medium,0.9660436137071651,2.966043613707165,2,692,4,2,2,2,2,0,0,0,0,0.038434579439252325,34,0.07376518691588785,0.005765186915887847,0.068,0.0,0.0
0.464583,72,2776.106709,medium,0.43442367601246107,0.43442367601246107,0,720,4,2,2,2,2,0,0,0,0,0.014392523364485387,50,0.10215887850467281,0.002158878504672808,0.1,0.0,0.0
0.323293,57,2792.773798,medium,0.28220404984423675,0.28220404984423675,0,568,4,2,2,2,2,0,0,0,0,0.012593457943924734,48,0.09788901869158871,0.0018890186915887102,0.096,0.0,0.0
0.366359,59,2810.273713,medium,0.3191355140186901,0.3191355140186901,0,581,4,2,2,2,2,0,0,0,0,0.03549065420560596,72,0.1053235981308409,0.005323598130840894,0.1,0.0,0.0
1.66329,90,2836.078958,medium,0.6509345794392524,1.6509345794392525,1,900,4,2,2,2,2,0,0,0,0,0.015700934579439316,60,0.1023551401869159,0.0023551401869158976,0.1,0.0,0.0
1.599257,73,2856.896425,medium,0.5744470404984422,1.574447040498442,1,726,4,2,2,2,2,0,0,0,0,0.02273364485981305,47,0.09741004672897197,0.0034100467289719574,0.09400000000000001,0.0,0.0
2.879413,69,2876.497974,medium,0.8450934579439252,2.8450934579439253,2,686,4,2,2,2,2,0,0,0,0,0.01946261682243,72,0.1029193925233645,0.0029193925233645,0.1,0.0,0.0
0.447395,87,2901.533789,medium,0.43769470404984423,0.43769470404984423,0,863,4,2,2,2,2,0,0,0,0,0.0,48,0.096,0.0,0.096,0.0,0.0
2.857167,90,2931.751057,medium,0.9034267912772586,2.9034267912772584,2,900,4,2,2,2,2,0,0,0,0,0.011604361370716508,21,0.04374065420560748,0.0017406542056074763,0.042,0.0,0.0
2.945458,88,2957.240259,medium,0.9431464174454829,2.943146417445483,2,877,4,2,2,2,2,0,0,0,0,0.013411214953271114,44,0.09001168224299066,0.002011682242990667,0.088,0.0,0.0
1.629037,62,2975.073561,medium,0.5942367601246106,1.5942367601246106,1,612,4,2,2,2,2,0,0,0,0,0.0,48,0.096,0.0,0.096,0.0,0.0
2.885869,75,2997.17673,medium,0.8667445482866044,2.8667445482866043,2,743,4,2,2,2,2,0,0,0,0,0.036160436137071726,44,0.09342406542056077,0.0054240654205607594,0.08800000000000001,0.0,0.0
1.735618,65,3015.74575,medium,0.7304984423676009,1.7304984423676009,1,645,4,2,2,2,2,0,0,0,0,0.01079439252336402,34,0.0696191588785046,0.0016191588785046031,0.068,0.0,0.0
0.449867,59,3032.942448,medium,0.4085669781931464,0.4085669781931464,0,587,4,2,2,2,2,0,0,0,0,0.0,72,0.1,0.0,0.1,0.0,0.0
2.788196,65,3051.842639,medium,0.7472741433021807,2.747274143302181,2,645,4,2,2,2,2,0,0,0,0,0.036144859813084115,51,0.10542172897196263,0.005421728971962617,0.1,0.0,0.0
2.859447,71,3072.443946,medium,0.8433021806853582,2.8433021806853582,2,709,4,2,2,2,2,0,0,0,0,0.04696261682242934,40,0.08704439252336442,0.0070443925233644004,0.08000000000000002,0.0,0.0
1.602029,65,3096.15062,medium,0.5661682242990655,1.5661682242990655,1,648,4,2,2,2,2,0,0,0,0,0.031074766355140067,48,0.10066121495327102,0.004661214953271009,0.096,0.0,0.0
2.791712,64,3115.003452,medium,0.7597429906542055,2.7597429906542055,2,636,4,2,2,2,2,0,0,0,0,0.037126168224297845,45,0.09556892523364467,0.005568925233644677,0.09,0.0,0.0
2.971292,85,3139.743633,medium,0.9595015576323987,2.959501557632399,2,847,4,2,2,2,2,0,0,0,0,0.003271028037383173,48,0.09649065420560748,0.0004906542056074759,0.096,0.0,0.0
2.791801,63,3158.021959,medium,0.7630841121495328,2.763084112149533,2,624,4,2,2,2,2,0,0,0,0,0.03411214953271033,43,0.09111682242990655,0.00511682242990655,0.08600000000000001,0.0,0.0
0.437219,60,3175.201385,medium,0.42601246105919005,0.42601246105919005,0,591,4,2,2,2,2,0,0,0,0,0.01537383177570104,34,0.07030607476635516,0.002306074766355156,0.068,0.0,0.0
2.896653,80,3197.970759,medium,0.8716510903426792,2.871651090342679,2,799,4,2,2,2,2,0,0,0,0,0.05934579439252346,48,0.10490186915887852,0.008901869158878518,0.096,0.0,0.0
2.85047,83,3221.956109,medium,0.8552959501557632,2.8552959501557633,2,828,4,2,2,2,2,0,0,0,0,0.013161993769470403,38,0.07797429906542057,0.0019742990654205606,0.07600000000000001,0.0,0.0
0.332405,56,3242.201589,medium,0.29087227414330225,0.29087227414330225,0,554,4,2,2,2,2,0,0,0,0,0.006214953271028106,48,0.09693224299065421,0.0009322429906542158,0.096,0.0,0.0
1.566883,73,3263.408735,medium,0.5435358255451713,1.5435358255451712,1,728,4,2,2,2,2,0,0,0,0,0.0009813084112149542,48,0.09614719626168225,0.0001471962616822431,0.096,0.0,0.0
2.728502,63,3282.017999,medium,0.6820872274143303,2.68208722741433,2,622,4,2,2,2,2,0,0,0,0,0.05742990654205504,68,0.10861448598130827,0.008614485981308258,0.1,0.0,0.0
2.79491,90,3308.638256,medium,0.7848130841121496,2.7848130841121495,2,900,4,2,2,2,2,0,0,0,0,0.027313084112149576,48,0.10009696261682244,0.004096962616822436,0.096,0.0,0.0
0.406839,63,3327.331727,medium,0.37285046728971966,0.37285046728971966,0,626,4,2,2,2,2,0,0,0,0,0.003925233644859856,48,0.09658878504672898,0.0005887850467289784,0.096,0.0,0.0
4.010343,87,3352.567944,medium,1.0,4.0,3,867,4,2,2,2,2,0,0,0,0,0.06028816199376805,44,0.0970432242990652,0.009043224299065207,0.088,0.0,0.0
1.631621,62,3370.447748,medium,0.5909657320872275,1.5909657320872275,1,617,4,2,2,2,2,0,0,0,0,0.015700934579439364,68,0.10235514018691591,0.002355140186915904,0.1,0.0,0.0
1.527797,63,3393.285377,medium,0.5517133956386293,1.5517133956386293,1,628,4,2,2,2,2,0,0,0,0,0.005887850467289727,19,0.03888317757009346,0.000883177570093459,0.038000000000000006,0.0,0.0
0.501411,57,3410.005393,medium,0.45841121495327103,0.45841121495327103,0,570,4,2,2,2,2,0,0,0,0,0.0,61,0.1,0.0,0.1,0.0,0.0
2.593025,65,3429.114482,medium,0.5510903426791277,2.5510903426791276,2,641,4,2,2,2,2,0,0,0,0,0.04023364485981225,52,0.10603504672897185,0.0060350467289718365,0.1,0.0,0.0
1.598835,69,3449.114181,medium,0.5678348909657321,1.5678348909657323,1,690,4,2,2,2,2,0,0,0,0,0.0,72,0.1,0.0,0.1,0.0,0.0
2.990138,86,3473.760199,medium,0.97803738317757,2.97803738317757,2,852,4,2,2,2,2,0,0,0,0,0.008668224299065483,48,0.09730023364485982,0.0013002336448598225,0.096,0.0,0.0
2.949279,72,3494.998328,medium,0.9484423676012461,2.9484423676012463,2,720,4,2,2,2,2,0,0,0,0,0.03224299065420567,34,0.07283644859813085,0.00483644859813085,0.068,0.0,0.0
0.297431,65,3513.764548,medium,0.29314641744548287,0.29314641744548287,0,645,4,2,2,2,2,0,0,0,0,0.005233644859813126,34,0.06878504672897197,0.0007850467289719689,0.068,0.0,0.0
1.620287,65,3532.407148,medium,0.6051401869158879,1.605140186915888,1,650,4,2,2,2,2,0,0,0,0,0.0009813084112149542,40,0.08014719626168225,0.0001471962616822431,0.08,0.0,0.0
4.040469,67,3556.243486,medium,1.0,4.0,3,664,4,2,2,2,2,0,0,0,0,0.045794392523363515,50,0.10686915887850452,0.006869158878504525,0.1,0.0,0.0
2.785866,71,3576.755768,medium,0.7659657320872274,2.7659657320872273,2,707,4,2,2,2,2,0,0,0,0,0.01733644859813097,44,0.09060046728971964,0.0026004672897196454,0.088,0.0,0.0
1.558056,72,3597.878531,medium,0.5425233644859813,1.5425233644859813,1,714,4,2,2,2,2,0,0,0,0,0.0062149532710280495,43,0.0869322429906542,0.0009322429906542073,0.086,0.0,0.0
0.455905,57,3613.822845,medium,0.41320093457943935,0.41320093457943935,0,564,4,2,2,2,2,0,0,0,0,0.00735981308411223,49,0.09910397196261683,0.0011039719626168344,0.098,0.0,0.0
2.885176,77,3635.929419,medium,0.9103582554517132,2.910358255451713,2,765,4,2,2,2,2,0,0,0,0,0.022118380062305164,24,0.05131775700934577,0.0033177570093457743,0.048,0.0,0.0
2.763242,80,3659.585842,medium,0.7401869158878505,2.7401869158878505,2,793,4,2,2,2,2,0,0,0,0,0.015700934579439156,53,0.10235514018691588,0.0023551401869158733,0.1,0.0,0.0
2.772722,64,3677.774079,medium,0.734968847352025,2.734968847352025,2,632,4,2,2,2,2,0,0,0,0,0.033021806853582615,48,0.10095327102803739,0.004953271028037392,0.096,0.0,0.0
1.547897,69,3701.753857,medium,0.5638629283489096,1.5638629283489096,1,688,4,2,2,2,2,0,0,0,0,0.005560747663551403,26,0.052834112149532715,0.0008341121495327102,0.052000000000000005,0.0,0.0
2.745819,80,3724.593361,medium,0.7514797507788162,2.7514797507788162,2,800,4,2,2,2,2,0,0,0,0,0.0022585669781931468,37,0.07433878504672897,0.000338785046728972,0.074,0.0,0.0
2.947063,68,3744.058456,medium,0.9132398753894081,2.913239875389408,2,676,4,2,2,2,2,0,0,0,0,0.009485981308410805,72,0.10142289719626163,0.001422897196261621,0.1,0.0,0.0
1.568238,62,3761.474453,medium,0.5280373831775701,1.52803738317757,1,611,4,2,2,2,2,0,0,0,0,0.008668224299065459,88,0.10130023364485982,0.0013002336448598188,0.1,0.0,0.0
2.62202,73,3782.476528,medium,0.6049065420560747,2.604906542056075,2,728,4,2,2,2,2,0,0,0,0,0.01275700934579402,44,0.08991355140186912,0.001913551401869103,0.08800000000000001,0.0,0.0
0.261346,57,3799.333282,medium,0.2163707165109032,0.2163707165109032,0,563,4,2,2,2,2,0,0,0,0,0.008504672897196036,96,0.10127570093457941,0.0012757009345794055,0.1,0.0,0.0
1.791824,63,3817.837155,medium,0.7539408099688473,1.7539408099688472,1,630,4,2,2,2,2,0,0,0,0,0.005887850467289634,72,0.10088317757009345,0.000883177570093445,0.1,0.0,0.0
2.808713,90,3848.13814,medium,0.8504672897196262,2.850467289719626,2,900,4,2,2,2,2,0,0,0,0,0.0016355140186915182,24,0.04824532710280373,0.0002453271028037277,0.048,0.0,0.0
2.706451,90,3874.240598,medium,0.6938473520249221,2.693847352024922,2,900,4,2,2,2,2,0,0,0,0,0.017359813084112198,72,0.10260397196261684,0.0026039719626168296,0.1,0.0,0.0
2.840299,90,3900.142188,medium,0.8218847352024922,2.821884735202492,2,900,4,2,2,2,2,0,0,0,0,0.056098130841120135,68,0.10841471962616803,0.008414719626168021,0.1,0.0,0.0
2.719441,86,3925.439234,medium,0.7085669781931464,2.7085669781931463,2,852,4,2,2,2,2,0,0,0,0,0.0004906542056074822,48,0.09607359813084113,7.359813084112233e-05,0.096,0.0,0.0
0.334556,59,3942.290493,medium,0.3251557632398754,0.3251557632398754,0,586,4,2,2,2,2,0,0,0,0,0.0,34,0.068,0.0,0.068,0.0,0.0
0.497704,61,3959.887985,medium,0.4878504672897189,0.4878504672897189,0,606,4,2,2,2,2,0,0,0,0,0.016355140186915182,34,0.07045327102803728,0.0024532710280372773,0.068,0.0,0.0
0.486138,62,3978.236924,medium,0.4434034267912759,0.4434034267912759,0,620,4,2,2,2,2,0,0,0,0,0.0315654205607463,58,0.10473481308411195,0.004734813084111943,0.1,0.0,0.0
2.728385,78,4005.204405,medium,0.7389408099688474,2.7389408099688475,2,774,4,2,2,2,2,0,0,0,0,0.018964174454828567,32,0.06684462616822429,0.002844626168224285,0.064,0.0,0.0
0.482339,66,4024.103779,medium,0.4956386292834891,0.4956386292834891,0,653,4,2,2,2,2,0,0,0,0,0.0,26,0.052000000000000005,0.0,0.052000000000000005,0.0,0.0
1.690758,74,4045.628317,medium,0.6679127725856698,1.66791277258567,1,734,4,2,2,2,2,0,0,0,0,0.0016355140186915884,48,0.09624532710280374,0.0002453271028037383,0.096,0.0,0.0
0.501737,56,4061.104308,medium,0.45667445482866037,0.45667445482866037,0,556,4,2,2,2,2,0,0,0,0,0.004415887850467232,72,0.10066238317757009,0.0006623831775700848,0.1,0.0,0.0
2.698172,83,4084.641914,medium,0.6757009345794392,2.675700934579439,2,830,4,2,2,2,2,0,0,0,0,0.03647196261682205,72,0.10547079439252331,0.0054707943925233074,0.1,0.0,0.0
0.429545,59,4101.537699,medium,0.39090342679127726,0.39090342679127726,0,584,4,2,2,2,2,0,0,0,0,0.0069470404984423575,48,0.09704205607476636,0.0010420560747663535,0.096,0.0,0.0
1.659587,61,4118.966798,medium,0.6362461059190022,1.6362461059190023,1,604,4,2,2,2,2,0,0,0,0,0.03827102803738225,39,0.08374065420560735,0.005740654205607337,0.07800000000000001,0.0,0.0
2.777913,61,4136.47394,medium,0.7296728971962617,2.7296728971962616,2,601,4,2,2,2,2,0,0,0,0,0.05559968847351892,71,0.10833995327102784,0.008339953271027836,0.1,0.0,0.0
0.276355,71,4161.593204,medium,0.29750778816199375,0.29750778816199375,0,706,4,2,2,2,2,0,0,0,0,0.00964953271028012,24,0.049447429906542016,0.0014474299065420182,0.048,0.0,0.0
2.830106,83,4185.15564,medium,0.8542056074766355,2.8542056074766355,2,821,4,2,2,2,2,0,0,0,0,0.0,29,0.058,0.0,0.058,0.0,0.0
1.534571,73,4206.148727,medium,0.5261682242990654,1.5261682242990653,1,721,4,2,2,2,2,0,0,0,0,0.01668224299065429,39,0.08050233644859814,0.002502336448598144,0.078,0.0,0.0
2.947648,72,4226.743777,medium,0.9312305295950156,2.9312305295950156,2,719,4,2,2,2,2,0,0,0,0,0.02878504672897172,42,0.08831775700934577,0.004317757009345759,0.08400000000000002,0.0,0.0
2.823747,59,4243.441615,medium,0.7805295950155763,2.7805295950155764,2,585,4,2,2,2,2,0,0,0,0,0.011448598130841208,55,0.10171728971962618,0.001717289719626181,0.1,0.0,0.0
2.924436,72,4264.193788,medium,0.891822429906542,2.891822429906542,2,719,4,2,2,2,2,0,0,0,0,0.030093457943924925,92,0.10451401869158874,0.004514018691588739,0.1,0.0,0.0
2.98122,64,4282.548055,medium,0.9364485981308411,2.9364485981308412,2,633,4,2,2,2,2,0,0,0,0,0.05380841121495194,96,0.10807126168224279,0.00807126168224279,0.1,0.0,0.0
1.542655,63,4305.641985,medium,0.5036682242990655,1.5036682242990655,1,630,4,2,2,2,2,0,0,0,0,0.013247663551401966,58,0.1019871495327103,0.001987149532710295,0.1,0.0,0.0
1.5371,71,4326.385805,medium,0.5025700934579439,1.502570093457944,1,704,4,2,2,2,2,0,0,0,0,0.03286604361370723,68,0.10492990654205608,0.004929906542056084,0.1,0.0,0.0
0.338346,60,4343.121611,medium,0.3251557632398753,0.3251557632398753,0,593,4,2,2,2,2,0,0,0,0,0.0032710280373830364,36,0.07249065420560746,0.0004906542056074555,0.07200000000000001,0.0,0.0
4.0238,65,4361.795731,medium,1.0,4.0,3,642,4,2,2,2,2,0,0,0,0,0.0,44,0.088,0.0,0.088,0.0,0.0
0.470246,66,4380.318331,medium,0.43878504672897195,0.43878504672897195,0,653,4,2,2,2,2,0,0,0,0,0.005070093457943923,48,0.0967605140186916,0.0007605140186915884,0.096,0.0,0.0
2.831657,60,4397.595559,medium,0.785436137071651,2.785436137071651,2,592,4,2,2,2,2,0,0,0,0,0.06280373831775571,48,0.10542056074766336,0.009420560747663356,0.096,0.0,0.0
0.462584,65,4416.168481,medium,0.4338785046728972,0.4338785046728972,0,643,4,2,2,2,2,0,0,0,0,0.006705607476635549,46,0.09300584112149533,0.0010058411214953324,0.092,0.0,0.0
2.805443,73,4437.159293,medium,0.7768691588785047,2.7768691588785046,2,728,4,2,2,2,2,0,0,0,0,0.009158878504672941,72,0.10137383177570095,0.001373831775700941,0.1,0.0,0.0
0.421312,59,4458.460124,medium,0.3841121495327103,0.3841121495327103,0,588,4,2,2,2,2,0,0,0,0,0.0,48,0.096,0.0,0.096,0.0,0.0
2.677167,90,4484.535248,medium,0.6697819314641744,2.6697819314641746,2,900,4,2,2,2,2,0,0,0,0,0.022570093457943925,47,0.09738551401869158,0.003385514018691589,0.094,0.0,0.0
2.646405,90,4510.77932,medium,0.6392523364485981,2.6392523364485982,2,900,4,2,2,2,2,0,0,0,0,0.007686915887850495,48,0.09715303738317757,0.0011530373831775743,0.096,0.0,0.0
0.455678,65,4529.687744,medium,0.42024922118380065,0.42024922118380065,0,650,4,2,2,2,2,0,0,0,0,0.01619158878504678,49,0.10042873831775702,0.0024287383177570175,0.098,0.0,0.0
3.946975,69,4549.255037,medium,1.0,4.0,3,683,4,2,2,2,2,0,0,0,0,0.035163551401867776,5,0.015274532710280167,0.0052745327102801665,0.01,0.0,0.0
1.611644,90,4575.563436,medium,0.6094236760124611,1.6094236760124612,1,900,4,2,2,2,2,0,0,0,0,0.001471962616822446,46,0.09222079439252337,0.0002207943925233669,0.092,0.0,0.0
1.561846,68,4595.246114,medium,0.5608255451713395,1.5608255451713395,1,672,4,2,2,2,2,0,0,0,0,0.00147196261682243,34,0.06822079439252338,0.0002207943925233645,0.068,0.0,0.0
1.798897,70,4619.63552,medium,0.7660747663551389,1.766074766355139,1,699,4,2,2,2,2,0,0,0,0,0.04481308411214818,48,0.10272196261682223,0.0067219626168222284,0.096,0.0,0.0
1.628828,69,4639.742192,medium,0.6106230529595001,1.6106230529595003,1,688,4,2,2,2,2,0,0,0,0,0.03336448598130697,41,0.08700467289719604,0.005004672897196046,0.082,0.0,0.0
0.490036,65,4658.5679,medium,0.4604361370716511,0.4604361370716511,0,644,4,2,2,2,2,0,0,0,0,0.0,47,0.09400000000000001,0.0,0.09400000000000001,0.0,0.0
4.030045,74,4679.512845,medium,1.0,4.0,3,736,4,2,2,2,2,0,0,0,0,0.05096573208722622,48,0.10364485981308394,0.007644859813083932,0.096,0.0,0.0
1.609324,76,4701.298224,medium,0.6127725856697819,1.6127725856697819,1,753,4,2,2,2,2,0,0,0,0,0.025677570093457835,34,0.07185163551401869,0.0038516355140186757,0.068,0.0,0.0
1.74478,66,4720.043602,medium,0.7102803738317757,1.7102803738317758,1,655,4,2,2,2,2,0,0,0,0,0.0,58,0.1,0.0,0.1,0.0,0.0
0.322159,60,4738.040434,medium,0.27866043613707164,0.27866043613707164,0,592,4,2,2,2,2,0,0,0,0,0.017990654205607418,72,0.10269859813084112,0.0026985981308411122,0.1,0.0,0.0
1.731727,90,4768.768726,medium,0.7508566978193146,1.7508566978193145,1,900,4,2,2,2,2,0,0,0,0,0.01913551401869163,34,0.07087032710280375,0.002870327102803745,0.068,0.0,0.0
2.865391,75,4790.522322,medium,0.891277258566978,2.891277258566978,2,745,4,2,2,2,2,0,0,0,0,0.004088785046728831,24,0.048613317757009326,0.0006133177570093246,0.048,0.0,0.0
3.99839,61,4807.648601,medium,1.0,4.0,3,603,4,2,2,2,2,0,0,0,0,0.004602803738317752,29,0.05869042056074767,0.0006904205607476628,0.05800000000000001,0.0,0.0
0.4343,58,4824.294951,medium,0.3965732087227415,0.3965732087227415,0,575,4,2,2,2,2,0,0,0,0,0.008177570093458033,47,0.0952266355140187,0.001226635514018705,0.094,0.0,0.0
2.835232,84,4849.395746,medium,0.8171339563862928,2.817133956386293,2,833,4,2,2,2,2,0,0,0,0,0.009322429906542029,72,0.10139836448598132,0.0013983644859813043,0.1,0.0,0.0
2.707279,76,4871.57173,medium,0.6735202492211838,2.673520249221184,2,757,4,2,2,2,2,0,0,0,0,0.06306074766355156,90,0.10945911214953274,0.009459112149532734,0.1,0.0,0.0
2.865675,80,4894.476716,medium,0.841176012461059,2.8411760124610588,2,795,4,2,2,2,2,0,0,0,0,0.02665887850467274,51,0.10399883177570092,0.003998831775700911,0.1,0.0,0.0
0.377308,59,4915.963947,medium,0.3358333333333334,0.3358333333333334,0,589,4,2,2,2,2,0,0,0,0,0.0024999999999999935,72,0.100375,0.00037499999999999903,0.1,0.0,0.0
0.454776,72,4936.637879,medium,0.4998442367601246,0.4998442367601246,0,715,4,2,2,2,2,0,0,0,0,0.0028816199376947046,13,0.02643224299065421,0.0004322429906542057,0.026000000000000002,0.0,0.0
2.796307,81,4959.491071,medium,0.7887071651090343,2.7887071651090345,2,804,4,2,2,2,2,0,0,0,0,0.0,44,0.088,0.0,0.088,0.0,0.0
2.881244,87,4983.767519,medium,0.942601246105919,2.942601246105919,2,870,4,2,2,2,2,0,0,0,0,0.037616822429905605,10,0.02564252336448584,0.005642523364485841,0.02,0.0,0.0
1.506634,64,5002.160643,medium,0.508411214953271,1.508411214953271,1,639,4,2,2,2,2,0,0,0,0,0.000817757009345795,31,0.06212266355140188,0.00012266355140186925,0.062000000000000006,0.0,0.0
3.996,72,5022.099121,medium,1.0,4.0,3,720,4,2,2,2,2,0,0,0,0,0.0,34,0.068,0.0,0.068,0.0,0.0
2.972311,90,5048.012702,medium,0.9911214953271028,2.9911214953271026,2,900,4,2,2,2,2,0,0,0,0,0.02126168224299009,34,0.07118925233644852,0.0031892523364485136,0.068,0.0,0.0
3.996938,73,5073.796287,medium,1.0,4.0,3,723,4,2,2,2,2,0,0,0,0,0.00825545171339567,34,0.06923831775700935,0.0012383177570093502,0.068,0.0,0.0
0.526662,60,5091.269159,medium,0.4898130841121495,0.4898130841121495,0,592,4,2,2,2,2,0,0,0,0,0.00032710280373830374,48,0.09604906542056074,4.9065420560745556e-05,0.096,0.0,0.0
2.626249,72,5112.206668,medium,0.5960747663551401,2.59607476635514,2,712,4,2,2,2,2,0,0,0,0,0.009158878504672771,59,0.10137383177570092,0.0013738317757009154,0.1,0.0,0.0
2.963768,90,5138.502028,medium,0.946417445482866,2.946417445482866,2,900,4,2,2,2,2,0,0,0,0,0.049003115264796074,84,0.10735046728971942,0.007350467289719411,0.1,0.0,0.0
1.525344,87,5162.792175,medium,0.5107476635514019,1.5107476635514019,1,869,4,2,2,2,2,0,0,0,0,0.009976635514018744,72,0.10149649532710282,0.0014964953271028117,0.1,0.0,0.0
1.656263,58,5179.756112,medium,0.6128582554517131,1.6128582554517132,1,576,4,2,2,2,2,0,0,0,0,0.03336448598130766,48,0.10100467289719615,0.005004672897196149,0.096,0.0,0.0
2.992037,87,5209.341287,medium,0.9742211838006231,2.974221183800623,2,861,4,2,2,2,2,0,0,0,0,0.026105919003114767,69,0.10391588785046722,0.003915887850467215,0.1,0.0,0.0
0.432193,63,5227.746696,medium,0.394392523364486,0.394392523364486,0,622,4,2,2,2,2,0,0,0,0,0.0,72,0.1,0.0,0.1,0.0,0.0
0.461715,90,5253.629226,medium,0.49018691588785046,0.49018691588785046,0,900,4,2,2,2,2,0,0,0,0,0.023520249221183846,29,0.06152803738317758,0.003528037383177577,0.058,0.0,0.0
0.484379,61,5271.428861,medium,0.444190031152648,0.444190031152648,0,604,4,2,2,2,2,0,0,0,0,0.00392523364485983,64,0.10058878504672898,0.0005887850467289745,0.1,0.0,0.0
2.722042,71,5291.754431,medium,0.6921339563862928,2.692133956386293,2,709,4,2,2,2,2,0,0,0,0,0.03205607476635426,48,0.10080841121495314,0.004808411214953139,0.096,0.0,0.0
2.895821,66,5310.864538,medium,0.8533644859813084,2.8533644859813085,2,651,4,2,2,2,2,0,0,0,0,0.050373831775700886,67,0.10755607476635513,0.0075560747663551316,0.1,0.0,0.0
2.721609,63,5328.625649,medium,0.6784267912772586,2.678426791277259,2,630,4,2,2,2,2,0,0,0,0,0.04121495327102657,62,0.10618224299065399,0.006182242990653985,0.1,0.0,0.0
1.574558,75,5350.490743,medium,0.580607476635514,1.580607476635514,1,744,4,2,2,2,2,0,0,0,0,0.002336448598130842,34,0.06835046728971964,0.00035046728971962625,0.068,0.0,0.0
4.035773,61,5372.557978,medium,1.0,4.0,3,604,4,2,2,2,2,0,0,0,0,0.05448598130840989,44,0.09617289719626147,0.008172897196261481,0.088,0.0,0.0
2.907128,90,5398.965634,medium,0.9010903426791277,2.9010903426791277,2,900,4,2,2,2,2,0,0,0,0,0.05358255451713354,44,0.09603738317757003,0.008037383177570032,0.088,0.0,0.0
0.205298,56,5415.042632,medium,0.164797507788162,0.164797507788162,0,555,4,2,2,2,2,0,0,0,0,0.0,48,0.096,0.0,0.096,0.0,0.0
0.332739,59,5432.511075,medium,0.3078660436137072,0.3078660436137072,0,589,4,2,2,2,2,0,0,0,0,0.02515576323987545,40,0.08377336448598133,0.0037733644859813172,0.08000000000000002,0.0,0.0
0.440275,57,5449.267414,medium,0.4473520249221184,0.4473520249221184,0,565,4,2,2,2,2,0,0,0,0,0.009485981308411263,24,0.04942289719626169,0.0014228971962616892,0.048,0.0,0.0
2.758919,79,5471.699967,medium,0.7750233644859814,2.7750233644859814,2,785,4,2,2,2,2,0,0,0,0,0.02930685358255463,29,0.0623960280373832,0.004396028037383194,0.058,0.0,0.0
3.954535,77,5493.288347,medium,1.0,4.0,3,762,4,2,2,2,2,0,0,0,0,0.03156542056074774,13,0.03073481308411216,0.004734813084112161,0.026000000000000002,0.0,0.0
0.509168,59,5515.181781,medium,0.48702492211837994,0.48702492211837994,0,582,4,2,2,2,2,0,0,0,0,0.0022897196261681256,40,0.08034345794392522,0.00034345794392521883,0.08,0.0,0.0
4.007768,60,5532.786891,medium,1.0,4.0,3,599,4,2,2,2,2,0,0,0,0,0.02445482866043619,32,0.06766822429906542,0.003668224299065428,0.064,0.0,0.0
2.742594,74,5554.285444,medium,0.7429127725856698,2.7429127725856697,2,733,4,2,2,2,2,0,0,0,0,0.00654205607476637,36,0.07298130841121496,0.0009813084112149555,0.07200000000000001,0.0,0.0
0.451498,62,5572.655089,medium,0.46549844236760124,0.46549844236760124,0,620,4,2,2,2,2,0,0,0,0,0.0,24,0.048,0.0,0.048,0.0,0.0
3.9896,59,5589.830795,medium,1.0,4.0,3,584,4,2,2,2,2,0,0,0,0,0.0,24,0.048,0.0,0.048,0.0,0.0
1.671045,65,5608.353789,medium,0.6674454828660437,1.6674454828660437,1,644,4,2,2,2,2,0,0,0,0,0.0,34,0.068,0.0,0.068,0.0,0.0
2.802992,83,5631.640937,medium,0.7842679127725857,2.784267912772586,2,821,4,2,2,2,2,0,0,0,0,0.032157320872274124,48,0.10082359813084112,0.004823598130841119,0.096,0.0,0.0
2.792601,71,5652.342728,medium,0.763006230529595,2.7630062305295953,2,707,4,2,2,2,2,0,0,0,0,0.0019626168224299054,96,0.10029439252336449,0.0002943925233644858,0.1,0.0,0.0
2.948427,90,5682.777964,medium,0.942601246105919,2.942601246105919,2,900,4,2,2,2,2,0,0,0,0,0.05217289719626042,44,0.09582593457943905,0.007825934579439062,0.088,0.0,0.0
1.814636,84,5707.454626,medium,0.8004672897196262,1.8004672897196263,1,835,4,2,2,2,2,0,0,0,0,0.011121495327102873,48,0.09766822429906544,0.0016682242990654311,0.096,0.0,0.0
1.540029,67,5726.398599,medium,0.54898753894081,1.54898753894081,1,667,4,2,2,2,2,0,0,0,0,0.011612149532710286,28,0.057741822429906546,0.0017418224299065427,0.056,0.0,0.0
1.624832,62,5743.378489,medium,0.587126168224298,1.587126168224298,1,619,4,2,2,2,2,0,0,0,0,0.024042056074765318,48,0.0996063084112148,0.003606308411214798,0.096,0.0,0.0
4.0357,62,5761.155982,medium,1.0,4.0,3,619,4,2,2,2,2,0,0,0,0,0.010669781931464175,48,0.09760046728971963,0.001600467289719626,0.096,0.0,0.0
4.019078,82,5784.819077,medium,1.0,4.0,3,820,4,2,2,2,2,0,0,0,0,0.033855140186915426,48,0.10107827102803732,0.0050782710280373134,0.096,0.0,0.0
2.856728,76,5806.940481,medium,0.8333333333333334,2.8333333333333335,2,755,4,2,2,2,2,0,0,0,0,0.019299065420560892,48,0.09889485981308413,0.0028948598130841335,0.096,0.0,0.0
1.576372,90,5837.666675,medium,0.5968847352024922,1.5968847352024922,1,900,4,2,2,2,2,0,0,0,0,0.009914330218068595,34,0.06948714953271029,0.0014871495327102892,0.068,0.0,0.0
1.516646,62,5855.420934,medium,0.4766666666666668,1.4766666666666668,1,611,4,2,2,2,2,0,0,0,0,0.00719626168224307,70,0.10107943925233646,0.0010794392523364605,0.1,0.0,0.0
4.050573,58,5872.424481,medium,1.0,4.0,3,576,4,2,2,2,2,0,0,0,0,0.054485981308411285,61,0.10817289719626169,0.008172897196261693,0.1,0.0,0.0
4.029637,62,5890.383983,medium,1.0,4.0,3,614,4,2,2,2,2,0,0,0,0,0.020249221183800622,44,0.09103738317757008,0.003037383177570093,0.088,0.0,0.0
2.555702,61,5907.697508,medium,0.5142523364485981,2.5142523364485982,2,607,4,2,2,2,2,0,0,0,0,0.014330218068535823,72,0.10214953271028038,0.0021495327102803736,0.1,0.0,0.0
4.027725,69,5927.494918,medium,1.0,4.0,3,683,4,2,2,2,2,0,0,0,0,0.00016355140186915892,48,0.09602453271028037,2.4532710280373835e-05,0.096,0.0,0.0
3.011562,85,5952.232733,medium,0.9927570093457944,2.9927570093457945,2,850,4,2,2,2,2,0,0,0,0,0.052032710280373984,48,0.1038049065420561,0.0078049065420560965,0.096,0.0,0.0
1.857577,73,5977.858445,medium,0.8305295950155763,1.8305295950155762,1,730,4,2,2,2,2,0,0,0,0,0.026985981308411466,48,0.10004789719626173,0.0040478971962617195,0.096,0.0,0.0
1.632631,68,5997.514387,medium,0.6022741433021808,1.6022741433021808,1,679,4,2,2,2,2,0,0,0,0,0.015046728971962735,48,0.09825700934579441,0.0022570093457944104,0.096,0.0,0.0
2.90605,69,6017.041812,medium,0.8716510903426792,2.871651090342679,2,684,4,2,2,2,2,0,0,0,0,0.045327102803738466,48,0.10279906542056078,0.00679906542056077,0.096,0.0,0.0
0.305003,60,6034.906636,medium,0.26900311526479753,0.26900311526479753,0,600,4,2,2,2,2,0,0,0,0,0.0,48,0.096,0.0,0.096,0.0,0.0
2.837269,61,6053.005263,medium,0.8001557632398754,2.8001557632398755,2,603,4,2,2,2,2,0,0,0,0,0.009423676012461064,48,0.09741355140186916,0.0014135514018691596,0.096,0.0,0.0
1.543771,88,6078.942391,medium,0.5276479750778816,1.5276479750778815,1,879,4,2,2,2,2,0,0,0,0,0.026822429906541597,68,0.10402336448598125,0.004023364485981239,0.1,0.0,0.0
4.024261,73,6100.22172,medium,1.0,4.0,3,725,4,2,2,2,2,0,0,0,0,0.005070093457943919,48,0.0967605140186916,0.0007605140186915878,0.096,0.0,0.0
2.80868,74,6126.246992,medium,0.7778660436137071,2.7778660436137073,2,737,4,2,2,2,2,0,0,0,0,0.030093457943924855,64,0.10451401869158873,0.004514018691588729,0.1,0.0,0.0
1.762433,72,6148.051432,medium,0.7807632398753894,1.7807632398753894,1,719,4,2,2,2,2,0,0,0,0,0.010467289719626231,26,0.05357009345794393,0.0015700934579439346,0.052,0.0,0.0
2.87944,72,6169.076589,medium,0.849766355140187,2.849766355140187,2,717,4,2,2,2,2,0,0,0,0,0.009158878504672941,53,0.10137383177570095,0.0013738317757009413,0.1,0.0,0.0
2.719977,88,6194.335835,medium,0.7009345794392523,2.7009345794392523,2,879,4,2,2,2,2,0,0,0,0,0.04628504672897097,72,0.10694275700934565,0.006942757009345645,0.1,0.0,0.0
0.400024,69,6214.496043,medium,0.3689252336448599,0.3689252336448599,0,689,4,2,2,2,2,0,0,0,0,0.026658878504672436,48,0.09999883177570086,0.003998831775700865,0.096,0.0,0.0
2.753326,70,6234.853529,medium,0.7247196261682237,2.724719626168224,2,697,4,2,2,2,2,0,0,0,0,0.01537383177570035,48,0.09830607476635506,0.002306074766355053,0.096,0.0,0.0
1.565302,68,6254.127007,medium,0.5702492211838006,1.5702492211838006,1,674,4,2,2,2,2,0,0,0,0,0.016355140186915872,30,0.06245327102803738,0.0024532710280373805,0.060000000000000005,0.0,0.0
2.734771,73,6279.42935,medium,0.7052959501557632,2.7052959501557634,2,724,4,2,2,2,2,0,0,0,0,0.05249999999999867,47,0.10187499999999981,0.007874999999999802,0.09400000000000001,0.0,0.0
0.394804,76,6300.882794,medium,0.4165031152647971,0.4165031152647971,0,756,4,2,2,2,2,0,0,0,0,0.02600467289719591,25,0.05390070093457939,0.0039007009345793865,0.05,0.0,0.0
2.831274,64,6320.252963,medium,0.7975077881619937,2.797507788161994,2,640,4,2,2,2,2,0,0,0,0,0.011775700934579428,48,0.09776635514018692,0.0017663551401869138,0.096,0.0,0.0
2.60057,85,6344.644498,medium,0.5873052959501558,2.5873052959501557,2,846,4,2,2,2,2,0,0,0,0,0.012429906542056173,48,0.09786448598130842,0.001864485981308426,0.096,0.0,0.0
0.474004,63,6362.460383,medium,0.4392523364485981,0.4392523364485981,0,625,4,2,2,2,2,0,0,0,0,0.008341121495327139,48,0.09725116822429908,0.0012511682242990706,0.096,0.0,0.0
3.98358,67,6382.315048,medium,1.0,4.0,3,661,4,2,2,2,2,0,0,0,0,0.024532710280374036,23,0.049679906542056104,0.003679906542056105,0.046,0.0,0.0
4.032484,61,6400.598704,medium,1.0,4.0,3,610,4,2,2,2,2,0,0,0,0,0.02322429906542054,45,0.09348364485981307,0.003483644859813081,0.09,0.0,0.0
4.014705,80,6423.494228,medium,1.0,4.0,3,796,4,2,2,2,2,0,0,0,0,0.042032710280373274,44,0.09430490654205599,0.006304906542055991,0.088,0.0,0.0
2.752847,73,6449.052549,medium,0.7189252336448598,2.71892523364486,2,728,4,2,2,2,2,0,0,0,0,0.04481308411214893,59,0.10672196261682235,0.006721962616822339,0.1,0.0,0.0
0.491328,62,6467.418687,medium,0.48130841121495327,0.48130841121495327,0,611,4,2,2,2,2,0,0,0,0,0.020794392523364496,34,0.07111915887850467,0.0031191588785046747,0.068,0.0,0.0
2.78406,87,6492.595937,medium,0.7698753894080997,2.7698753894081,2,866,4,2,2,2,2,0,0,0,0,0.0052336448598131,69,0.10078504672897197,0.000785046728971965,0.1,0.0,0.0
1.667399,90,6519.244511,medium,0.657398753894081,1.657398753894081,1,900,4,2,2,2,2,0,0,0,0,0.0,88,0.1,0.0,0.1,0.0,0.0
3.922474,85,6543.113872,medium,1.0,4.0,3,842,4,2,2,2,2,0,0,0,0,0.017827102803737924,2,0.0066740654205606886,0.0026740654205606885,0.004,0.0,0.0
2.733833,60,6560.878523,medium,0.7221495327102802,2.7221495327102803,2,593,4,2,2,2,2,0,0,0,0,0.019890965732087082,34,0.07098364485981307,0.002983644859813062,0.068,0.0,0.0
1.647371,75,6587.13364,medium,0.6257788161993769,1.625778816199377,1,748,4,2,2,2,2,0,0,0,0,0.002616822429906571,48,0.09639252336448599,0.0003925233644859856,0.096,0.0,0.0
4.025532,63,6605.336119,medium,1.0,4.0,3,627,4,2,2,2,2,0,0,0,0,0.014883177570092939,43,0.08823247663551395,0.0022324766355139407,0.08600000000000001,0.0,0.0
4.005878,69,6625.040988,medium,1.0,4.0,3,683,4,2,2,2,2,0,0,0,0,0.04118380062305315,34,0.07417757009345798,0.006177570093457972,0.068,0.0,0.0
2.778926,62,6643.259803,medium,0.7672897196261682,2.7672897196261683,2,612,4,2,2,2,2,0,0,0,0,0.03224299065420567,34,0.07283644859813085,0.0048364485981308505,0.068,0.0,0.0
3.964439,63,6661.722607,medium,1.0,4.0,3,629,4,2,2,2,2,0,0,0,0,0.048925233644860004,10,0.027338785046729,0.0073387850467290005,0.02,0.0,0.0
0.488107,59,6678.839346,medium,0.4468068535825545,0.4468068535825545,0,587,4,2,2,2,2,0,0,0,0,0.0,60,0.1,0.0,0.1,0.0,0.0
2.818485,88,6703.941727,medium,0.8433021806853582,2.8433021806853582,2,872,4,2,2,2,2,0,0,0,0,0.015887850467289716,30,0.062383177570093463,0.0023831775700934575,0.060000000000000005,0.0,0.0
2.832338,63,6722.095295,medium,0.785436137071651,2.785436137071651,2,622,4,2,2,2,2,0,0,0,0,0.06067757009345709,57,0.10910163551401857,0.009101635514018562,0.1,0.0,0.0
1.778891,67,6745.950137,medium,0.7474299065420561,1.747429906542056,1,666,4,2,2,2,2,0,0,0,0,0.013738317757009432,48,0.09806074766355141,0.002060747663551415,0.096,0.0,0.0
2.902873,90,6771.903331,medium,0.9218068535825545,2.9218068535825545,2,900,4,2,2,2,2,0,0,0,0,0.020443925233645,34,0.07106658878504675,0.0030665887850467506,0.068,0.0,0.0
2.894438,63,6789.370568,medium,0.8661993769470405,2.8661993769470406,2,623,4,2,2,2,2,0,0,0,0,0.030257009345794086,43,0.0905385514018691,0.004538551401869113,0.086,0.0,0.0
2.79815,74,6810.490514,medium,0.7706386292834891,2.7706386292834893,2,732,4,2,2,2,2,0,0,0,0,0.004742990654205601,95,0.10071144859813085,0.0007114485981308402,0.1,0.0,0.0
1.736114,73,6831.461315,medium,0.7453271028037384,1.7453271028037385,1,723,4,2,2,2,2,0,0,0,0,0.007242990654205612,31,0.06308644859813084,0.0010864485981308416,0.062,0.0,0.0
2.649823,90,6857.856759,medium,0.6573208722741433,2.657320872274143,2,900,4,2,2,2,2,0,0,0,0,0.016682242990654326,40,0.08250233644859817,0.002502336448598149,0.08000000000000002,0.0,0.0
1.577043,70,6877.518599,medium,0.5499221183800623,1.5499221183800622,1,691,4,2,2,2,2,0,0,0,0,0.001471962616822446,48,0.09622079439252337,0.0002207943925233669,0.096,0.0,0.0
2.738507,62,6899.386259,medium,0.7018691588785047,2.7018691588785044,2,613,4,2,2,2,2,0,0,0,0,0.01292056074766345,48,0.09793808411214952,0.0019380841121495176,0.096,0.0,0.0
3.016407,73,6920.19571,medium,0.9911993769470405,2.9911993769470406,2,730,4,2,2,2,2,0,0,0,0,0.0147196261682244,48,0.09820794392523366,0.0022079439252336596,0.096,0.0,0.0
1.663433,71,6940.801284,medium,0.6345794392523364,1.6345794392523363,1,709,4,2,2,2,2,0,0,0,0,0.02502336448598123,48,0.09975350467289719,0.0037535046728971845,0.096,0.0,0.0
2.917527,70,6961.568131,medium,0.8858255451713396,2.8858255451713397,2,697,4,2,2,2,2,0,0,0,0,0.009345794392523369,87,0.10140186915887851,0.0014018691588785052,0.1,0.0,0.0
2.972167,89,6987.118882,medium,0.9562305295950155,2.9562305295950155,2,889,4,2,2,2,2,0,0,0,0,0.03224299065420567,72,0.10483644859813085,0.00483644859813085,0.1,0.0,0.0
1.555814,60,7004.088995,medium,0.5184890965732087,1.5184890965732087,1,600,4,2,2,2,2,0,0,0,0,0.008831775700934645,48,0.0973247663551402,0.0013247663551401968,0.096,0.0,0.0
2.678378,66,7022.931895,medium,0.6369158878504673,2.636915887850467,2,658,4,2,2,2,2,0,0,0,0,0.04841121495327079,58,0.10726168224299062,0.0072616822429906165,0.1,0.0,0.0
1.556625,63,7045.530293,medium,0.5189252336448598,1.5189252336448598,1,623,4,2,2,2,2,0,0,0,0,0.0,72,0.1,0.0,0.1,0.0,0.0
2.893031,61,7062.781201,medium,0.8509345794392523,2.850934579439252,2,609,4,2,2,2,2,0,0,0,0,0.01997663551401882,51,0.10299649532710282,0.0029964953271028228,0.1,0.0,0.0
2.918849,90,7089.424317,medium,0.9034267912772586,2.9034267912772584,2,900,4,2,2,2,2,0,0,0,0,0.03614485981308355,72,0.10542172897196254,0.005421728971962533,0.1,0.0,0.0
4.0417,59,7106.736917,medium,1.0,4.0,3,584,4,2,2,2,2,0,0,0,0,0.027336448598130902,48,0.10010046728971964,0.0041004672897196354,0.096,0.0,0.0
4.027416,80,7130.423238,medium,1.0,4.0,3,796,4,2,2,2,2,0,0,0,0,0.04677570093457845,69,0.10701635514018677,0.007016355140186766,0.1,0.0,0.0
2.706335,77,7152.74107,medium,0.7009345794392523,2.7009345794392523,2,766,4,2,2,2,2,0,0,0,0,0.0,41,0.08200000000000002,0.0,0.08200000000000002,0.0,0.0
2.796239,69,7172.92731,medium,0.8607476635514019,2.8607476635514018,2,689,4,2,2,2,2,0,0,0,0,0.029275700934579044,0,0.0043913551401868565,0.0043913551401868565,0.0,0.0,0.0
4.022031,68,7197.290982,medium,1.0,4.0,3,671,4,2,2,2,2,0,0,0,0,0.03420560747663557,42,0.08913084112149536,0.005130841121495335,0.08400000000000002,0.0,0.0
2.64814,79,7220.139597,medium,0.6292834890965732,2.629283489096573,2,781,4,2,2,2,2,0,0,0,0,0.006378504672897267,48,0.0969567757009346,0.0009567757009345899,0.096,0.0,0.0
2.731671,70,7240.16644,medium,0.7040498442367601,2.70404984423676,2,692,4,2,2,2,2,0,0,0,0,0.018808411214953396,47,0.096821261682243,0.002821261682243009,0.094,0.0,0.0
2.898244,61,7257.713773,medium,0.8804517133956387,2.8804517133956384,2,610,4,2,2,2,2,0,0,0,0,0.07194704049844217,34,0.07879205607476633,0.010792056074766325,0.068,0.0,0.0
2.516055,79,7280.017243,medium,0.5485981308411215,2.5485981308411216,2,788,4,2,2,2,2,0,0,0,0,0.015046728971962322,22,0.046257009345794346,0.002257009345794348,0.044,0.0,0.0
2.770351,68,7299.660745,medium,0.735202492211838,2.735202492211838,2,675,4,2,2,2,2,0,0,0,0,0.04432242990654211,48,0.10264836448598132,0.006648364485981317,0.096,0.0,0.0
1.599296,70,7320.278253,medium,0.5987538940809969,1.5987538940809969,1,692,4,2,2,2,2,0,0,0,0,0.011612149532710347,34,0.06974182242990656,0.001741822429906552,0.068,0.0,0.0
0.327687,55,7336.415904,medium,0.28256230529595017,0.28256230529595017,0,549,4,2,2,2,2,0,0,0,0,0.00016355140186916073,72,0.10002453271028038,2.453271028037411e-05,0.1,0.0,0.0
4.04142,64,7359.3645,medium,1.0,4.0,3,636,4,2,2,2,2,0,0,0,0,0.033465732087227584,68,0.10501985981308415,0.005019859813084138,0.1,0.0,0.0
2.838505,71,7379.823889,medium,0.8017133956386293,2.8017133956386293,2,702,4,2,2,2,2,0,0,0,0,0.04661214953270881,72,0.10699182242990632,0.006991822429906321,0.1,0.0,0.0
2.823054,70,7399.765152,medium,0.8207943925233645,2.8207943925233643,2,692,4,2,2,2,2,0,0,0,0,0.023060747663551092,34,0.07145911214953267,0.0034591121495326635,0.068,0.0,0.0
2.979848,63,7418.374381,medium,0.9376168224299065,2.9376168224299066,2,630,4,2,2,2,2,0,0,0,0,0.03487538940809985,55,0.10523130841121499,0.005231308411214978,0.1,0.0,0.0
4.000522,66,7437.631207,medium,1.0,4.0,3,655,4,2,2,2,2,0,0,0,0,0.05348130841121459,29,0.0660221962616822,0.008022196261682189,0.05800000000000001,0.0,0.0
3.975635,75,7459.077464,medium,1.0,4.0,3,742,4,2,2,2,2,0,0,0,0,0.01223520249221189,24,0.04983528037383179,0.0018352803738317836,0.048,0.0,0.0
2.946381,63,7477.360825,medium,0.9228971962616822,2.9228971962616823,2,627,4,2,2,2,2,0,0,0,0,0.014556074766355226,42,0.0861834112149533,0.002183411214953284,0.08400000000000002,0.0,0.0
0.474559,80,7505.14215,medium,0.4517133956386293,0.4517133956386293,0,800,4,2,2,2,2,0,0,0,0,0.018971962616822564,69,0.10284579439252339,0.0028457943925233845,0.1,0.0,0.0
2.934594,87,7530.070428,medium,0.9714953271028037,2.9714953271028035,2,863,4,2,2,2,2,0,0,0,0,0.009322429906542102,24,0.04939836448598132,0.0013983644859813153,0.048,0.0,0.0
2.947754,74,7551.790723,medium,0.9179906542056074,2.9179906542056075,2,735,4,2,2,2,2,0,0,0,0,0.021752336448598152,56,0.10326285046728972,0.003262850467289723,0.1,0.0,0.0
1.541325,90,7577.676283,medium,0.5298286604361371,1.529828660436137,1,900,4,2,2,2,2,0,0,0,0,0.009976635514018766,67,0.10149649532710282,0.0014964953271028147,0.1,0.0,0.0
4.03584,64,7596.292665,medium,1.0,4.0,3,633,4,2,2,2,2,0,0,0,0,0.020934579439252456,48,0.09914018691588787,0.0031401869158878683,0.096,0.0,0.0
1.61198,82,7619.76616,medium,0.6067757009345794,1.6067757009345796,1,819,4,2,2,2,2,0,0,0,0,0.007359813084112148,43,0.08710397196261685,0.001103971962616822,0.08600000000000002,0.0,0.0
2.955494,90,7650.043993,medium,0.9458722741433022,2.9458722741433023,2,891,4,2,2,2,2,0,0,0,0,0.03147975077881632,47,0.09872196261682245,0.004721962616822448,0.094,0.0,0.0
2.807893,63,7668.489467,medium,0.766822429906542,2.766822429906542,2,625,4,2,2,2,2,0,0,0,0,0.05046728971962624,48,0.10357009345794393,0.007570093457943937,0.096,0.0,0.0
0.408321,73,7689.726222,medium,0.44042056074766356,0.44042056074766356,0,721,4,2,2,2,2,0,0,0,0,0.0,20,0.04,0.0,0.04,0.0,0.0
0.359834,63,7707.806312,medium,0.3618380062305296,0.3618380062305296,0,622,4,2,2,2,2,0,0,0,0,0.0013084112149532854,30,0.060196261682243,0.0001962616822429928,0.060000000000000005,0.0,0.0
2.788775,64,7726.21681,medium,0.7778582554517135,2.7778582554517133,2,635,4,2,2,2,2,0,0,0,0,0.0027803738317757317,37,0.07441705607476636,0.0004170560747663598,0.074,0.0,0.0
2.689244,70,7746.540756,medium,0.670404984423676,2.670404984423676,2,695,4,2,2,2,2,0,0,0,0,0.0022585669781931468,44,0.08833878504672897,0.000338785046728972,0.088,0.0,0.0
2.947614,70,7767.069721,medium,0.9152647975077881,2.9152647975077883,2,698,4,2,2,2,2,0,0,0,0,0.014330218068535823,57,0.10214953271028038,0.0021495327102803736,0.1,0.0,0.0
0.476042,65,7785.761345,medium,0.43904205607476643,0.43904205607476643,0,643,4,2,2,2,2,0,0,0,0,0.008668224299065492,72,0.10130023364485984,0.0013002336448598238,0.1,0.0,0.0
4.02898,77,7813.080853,medium,1.0,4.0,3,763,4,2,2,2,2,0,0,0,0,0.03520249221183807,96,0.10528037383177571,0.0052803738317757105,0.1,0.0,0.0
4.04186,65,7832.213658,medium,1.0,4.0,3,642,4,2,2,2,2,0,0,0,0,0.04039719626168236,53,0.10605957943925236,0.006059579439252354,0.1,0.0,0.0
1.70106,64,7850.830236,medium,0.7040498442367601,1.70404984423676,1,637,4,2,2,2,2,0,0,0,0,0.03140186915887815,28,0.06071028037383172,0.004710280373831722,0.056,0.0,0.0
2.632131,60,7868.116769,medium,0.6222741433021807,2.622274143302181,2,591,4,2,2,2,2,0,0,0,0,0.006378504672897267,34,0.0689567757009346,0.00095677570093459,0.068,0.0,0.0
2.929143,75,7890.199601,medium,0.9072429906542057,2.907242990654206,2,741,4,2,2,2,2,0,0,0,0,0.0,48,0.096,0.0,0.096,0.0,0.0
3.991617,79,7912.859695,medium,1.0,4.0,3,782,4,2,2,2,2,0,0,0,0,0.05211059190031089,31,0.06981658878504664,0.007816588785046633,0.062,0.0,0.0
4.029163,65,7931.541148,medium,1.0,4.0,3,647,4,2,2,2,2,0,0,0,0,0.039088785046727595,44,0.09386331775700914,0.005863317757009139,0.088,0.0,0.0
1.549571,63,7950.073828,medium,0.5425233644859813,1.5425233644859813,1,624,4,2,2,2,2,0,0,0,0,0.009649532710280465,34,0.06944742990654207,0.0014474299065420698,0.068,0.0,0.0
2.808267,90,7980.635985,medium,0.7975077881619937,2.797507788161994,2,900,4,2,2,2,2,0,0,0,0,0.031728971962616453,48,0.10075934579439247,0.0047593457943924675,0.096,0.0,0.0
1.68695,80,8004.132419,medium,0.7040498442367601,1.70404984423676,1,791,4,2,2,2,2,0,0,0,0,0.0,31,0.062000000000000006,0.0,0.062000000000000006,0.0,0.0
2.656341,87,8029.403284,medium,0.6936915887850468,2.6936915887850468,2,867,4,2,2,2,2,0,0,0,0,0.00899532710280378,24,0.04934929906542057,0.0013492990654205672,0.048,0.0,0.0
2.938094,79,8051.990452,medium,0.9563084112149532,2.956308411214953,2,782,4,2,2,2,2,0,0,0,0,0.013239875389408098,29,0.05998598130841122,0.0019859813084112145,0.058,0.0,0.0
2.979084,68,8072.104416,medium,0.9975233644859813,2.997523364485981,2,672,4,2,2,2,2,0,0,0,0,0.005070093457943943,24,0.048760514018691595,0.0007605140186915914,0.048,0.0,0.0
4.005379,68,8091.931528,medium,1.0,4.0,3,671,4,2,2,2,2,0,0,0,0,0.06985981308411171,31,0.07247897196261675,0.010478971962616756,0.062,0.0,0.0
0.387575,60,8113.857329,medium,0.3788785046728972,0.3788785046728972,0,595,4,2,2,2,2,0,0,0,0,0.0013084112149532854,34,0.06819626168224299,0.0001962616822429928,0.068,0.0,0.0
1.656385,64,8132.323616,medium,0.6167445482866044,1.6167445482866043,1,635,4,2,2,2,2,0,0,0,0,0.020934579439252376,82,0.10314018691588786,0.003140186915887856,0.1,0.0,0.0
2.715107,69,8152.898624,medium,0.7207943925233645,2.7207943925233646,2,689,4,2,2,2,2,0,0,0,0,0.048084112149531406,28,0.0632126168224297,0.007212616822429711,0.056,0.0,0.0
0.2522,62,8171.372879,medium,0.26298286604361376,0.26298286604361376,0,612,4,2,2,2,2,0,0,0,0,0.0027803738317757317,25,0.050417056074766355,0.00041705607476635973,0.049999999999999996,0.0,0.0
3.015698,73,8193.023531,medium,0.990708722741433,2.990708722741433,2,729,4,2,2,2,2,0,0,0,0,0.012593457943925168,48,0.09788901869158878,0.001889018691588775,0.096,0.0,0.0
1.662264,90,8219.121367,medium,0.647803738317757,1.6478037383177568,1,900,4,2,2,2,2,0,0,0,0,0.029735202492211916,95,0.10446028037383179,0.004460280373831787,0.1,0.0,0.0
2.939517,74,8240.701806,medium,0.9469626168224299,2.9469626168224297,2,738,4,2,2,2,2,0,0,0,0,0.04235981308411132,30,0.06635397196261669,0.006353971962616698,0.06,0.0,0.0
2.892527,79,8267.935543,medium,0.9034267912772586,2.9034267912772584,2,789,4,2,2,2,2,0,0,0,0,0.0,34,0.068,0.0,0.068,0.0,0.0
2.907074,74,8289.956625,medium,0.8803738317757009,2.880373831775701,2,733,4,2,2,2,2,0,0,0,0,0.0,82,0.1,0.0,0.1,0.0,0.0
2.892251,90,8316.669816,medium,0.8809190031152648,2.880919003115265,2,900,4,2,2,2,2,0,0,0,0,0.0088785046728972,72,0.10133177570093459,0.00133177570093458,0.1,0.0,0.0
2.929811,74,8338.604293,medium,0.9147196261682243,2.914719626168224,2,733,4,2,2,2,2,0,0,0,0,0.02927570093457901,42,0.08839135514018684,0.004391355140186851,0.08399999999999999,0.0,0.0
0.466846,65,8357.474689,medium,0.48103582554517105,0.48103582554517105,0,643,4,2,2,2,2,0,0,0,0,0.01406542056074742,24,0.050109813084112116,0.0021098130841121126,0.048,0.0,0.0
2.753961,90,8382.950043,medium,0.7975077881619937,2.797507788161994,2,900,4,2,2,2,2,0,0,0,0,0.016355140186915987,22,0.0464532710280374,0.002453271028037398,0.044000000000000004,0.0,0.0
3.9827,66,8401.596236,medium,1.0,4.0,3,653,4,2,2,2,2,0,0,0,0,0.0,24,0.048,0.0,0.048,0.0,0.0
2.910647,73,8427.430103,medium,0.9143302180685359,2.9143302180685358,2,721,4,2,2,2,2,0,0,0,0,0.0027803738317757317,34,0.06841705607476636,0.0004170560747663597,0.068,0.0,0.0
2.732876,90,8453.234419,medium,0.7290498442367601,2.7290498442367603,2,900,4,2,2,2,2,0,0,0,0,0.052172897196260885,43,0.09382593457943912,0.007825934579439132,0.086,0.0,0.0
4.027445,76,8475.961837,medium,1.0,4.0,3,754,4,2,2,2,2,0,0,0,0,0.045630841121494355,48,0.10284462616822415,0.006844626168224153,0.096,0.0,0.0
2.677967,63,8494.704176,medium,0.6439252336448598,2.6439252336448598,2,624,4,2,2,2,2,0,0,0,0,0.002943925233644856,48,0.09644158878504673,0.0004415887850467284,0.096,0.0,0.0
0.459596,59,8512.350317,medium,0.4491433021806854,0.4491433021806854,0,587,4,2,2,2,2,0,0,0,0,0.007686915887850514,34,0.06915303738317759,0.0011530373831775771,0.068,0.0,0.0
2.777187,59,8529.942907,medium,0.7329439252336448,2.732943925233645,2,582,4,2,2,2,2,0,0,0,0,0.04295171339563778,48,0.10244275700934567,0.006442757009345666,0.096,0.0,0.0
2.905872,90,8556.180949,medium,0.9052959501557633,2.905295950155763,2,900,4,2,2,2,2,0,0,0,0,0.017172897196261798,44,0.09057593457943927,0.0025759345794392693,0.088,0.0,0.0
4.033362,64,8579.536094,medium,1.0,4.0,3,633,4,2,2,2,2,0,0,0,0,0.004415887850467311,48,0.0966623831775701,0.0006623831775700965,0.096,0.0,0.0
2.639858,90,8606.101862,medium,0.6282710280373832,2.6282710280373833,2,891,4,2,2,2,2,0,0,0,0,0.004579439252336498,93,0.10068691588785048,0.0006869158878504747,0.1,0.0,0.0
2.954169,90,8631.980457,medium,0.9710280373831776,2.9710280373831774,2,900,4,2,2,2,2,0,0,0,0,0.03427570093457956,34,0.07314135514018694,0.005141355140186934,0.068,0.0,0.0
3.008303,70,8652.858996,medium,0.974766355140187,2.974766355140187,2,698,4,2,2,2,2,0,0,0,0,0.022242990654205617,68,0.10333644859813085,0.0033364485981308427,0.1,0.0,0.0
1.676476,68,8673.485089,medium,0.6439096573208714,1.6439096573208714,1,678,4,2,2,2,2,0,0,0,0,0.029112149532709377,48,0.10036682242990641,0.004366822429906407,0.096,0.0,0.0
2.976662,71,8694.124964,medium,0.9376947040498442,2.9376947040498442,2,706,4,2,2,2,2,0,0,0,0,0.06378504672897069,70,0.10956775700934561,0.009567757009345604,0.1,0.0,0.0
0.341308,63,8712.558921,medium,0.35630841121495327,0.35630841121495327,0,630,4,2,2,2,2,0,0,0,0,0.0,24,0.048,0.0,0.048,0.0,0.0
1.553137,76,8739.362485,medium,0.52702492211838,1.52702492211838,1,759,4,2,2,2,2,0,0,0,0,0.013411214953270847,54,0.10201168224299063,0.002011682242990627,0.1,0.0,0.0
1.734866,90,8765.448786,medium,0.7328660436137072,1.7328660436137073,1,900,4,2,2,2,2,0,0,0,0,0.0,46,0.09200000000000001,0.0,0.09200000000000001,0.0,0.0
4.025446,60,8782.670615,medium,1.0,4.0,3,594,4,2,2,2,2,0,0,0,0,0.01897196261682254,41,0.08484579439252338,0.0028457943925233806,0.082,0.0,0.0
1.698991,90,8808.860011,medium,0.6929906542056075,1.6929906542056075,1,900,4,2,2,2,2,0,0,0,0,0.0,48,0.096,0.0,0.096,0.0,0.0
2.963479,87,8834.534418,medium,0.9475077881619938,2.9475077881619938,2,870,4,2,2,2,2,0,0,0,0,0.04647196261682259,48,0.1029707943925234,0.006970794392523389,0.096,0.0,0.0
0.530916,67,8854.08694,medium,0.4972274143302181,0.4972274143302181,0,669,4,2,2,2,2,0,0,0,0,0.003925233644859856,91,0.10058878504672898,0.0005887850467289783,0.1,0.0,0.0
2.776872,58,8871.032102,medium,0.7285825545171339,2.728582554517134,2,574,4,2,2,2,2,0,0,0,0,0.037928348909657385,68,0.10568925233644862,0.005689252336448607,0.1,0.0,0.0
4.024523,75,8897.718478,medium,1.0,4.0,3,742,4,2,2,2,2,0,0,0,0,0.01815420560747585,48,0.09872313084112137,0.0027231308411213777,0.096,0.0,0.0
1.78473,64,8916.280904,medium,0.7460747663551395,1.7460747663551395,1,637,4,2,2,2,2,0,0,0,0,0.015700934579438573,71,0.10235514018691579,0.0023551401869157866,0.1,0.0,0.0
2.874254,90,8942.779229,medium,0.8792834890965732,2.879283489096573,2,900,4,2,2,2,2,0,0,0,0,0.046471962616822585,39,0.0849707943925234,0.006970794392523388,0.07800000000000001,0.0,0.0
4.015969,61,8960.604724,medium,1.0,4.0,3,602,4,2,2,2,2,0,0,0,0,0.054462616822429546,34,0.07616939252336444,0.008169392523364431,0.068,0.0,0.0
2.822747,90,8986.922652,medium,0.8401090342679127,2.840109034267913,2,900,4,2,2,2,2,0,0,0,0,0.004252336448597948,36,0.0726378504672897,0.000637850467289692,0.07200000000000001,0.0,0.0
3.986707,71,9007.737406,medium,1.0,4.0,3,708,4,2,2,2,2,0,0,0,0,0.0500467289719617,25,0.05750700934579426,0.007507009345794255,0.05,0.0,0.0
2.975441,79,9030.678817,medium,0.9774922118380063,2.9774922118380065,2,788,4,2,2,2,2,0,0,0,0,0.05832554517133862,34,0.0767488317757008,0.008748831775700792,0.068,0.0,0.0
2.739289,67,9054.613667,medium,0.7497352024922117,2.7497352024922117,2,661,4,2,2,2,2,0,0,0,0,0.051028037383176066,24,0.05565420560747641,0.007654205607476411,0.047999999999999994,0.0,0.0
2.994641,82,9078.249591,medium,0.9731308411214953,2.9731308411214954,2,820,4,2,2,2,2,0,0,0,0,0.05007009345794418,48,0.10351051401869163,0.007510514018691627,0.096,0.0,0.0
0.536253,62,9095.975253,medium,0.49805295950155765,0.49805295950155765,0,618,4,2,2,2,2,0,0,0,0,0.0,68,0.1,0.0,0.1,0.0,0.0
1.709314,67,9115.022973,medium,0.6752492211837993,1.6752492211837993,1,664,4,2,2,2,2,0,0,0,0,0.029766355140185632,48,0.10046495327102785,0.004464953271027845,0.096,0.0,0.0
2.79398,68,9134.440559,medium,0.7629283489096573,2.762928348909657,2,675,4,2,2,2,2,0,0,0,0,0.017009345794391985,48,0.0985514018691588,0.002551401869158798,0.096,0.0,0.0
0.403286,90,9161.333587,medium,0.40264797507788164,0.40264797507788164,0,900,4,2,2,2,2,0,0,0,0,0.0042523364485981775,45,0.09063785046728974,0.0006378504672897266,0.09000000000000001,0.0,0.0
1.692412,61,9179.1414,medium,0.6840342679127726,1.6840342679127724,1,608,4,2,2,2,2,0,0,0,0,0.00785046728971964,34,0.06917757009345796,0.001177570093457946,0.068,0.0,0.0
2.850128,78,9206.266949,medium,0.8852803738317757,2.8852803738317756,2,779,4,2,2,2,2,0,0,0,0,0.018317757009345934,20,0.042747663551401895,0.00274766355140189,0.04000000000000001,0.0,0.0
0.422005,67,9226.204785,medium,0.4442367601246106,0.4442367601246106,0,665,4,2,2,2,2,0,0,0,0,0.02845794392523341,20,0.04426869158878501,0.004268691588785011,0.04,0.0,0.0
2.96683,74,9247.697834,medium,0.9409657320872274,2.9409657320872276,2,733,4,2,2,2,2,0,0,0,0,0.02109813084112153,48,0.09916471962616823,0.0031647196261682295,0.096,0.0,0.0
4.026769,61,9265.772075,medium,1.0,4.0,3,601,4,2,2,2,2,0,0,0,0,0.04579439252336307,40,0.08686915887850448,0.0068691588785044595,0.08000000000000002,0.0,0.0
2.875171,73,9286.660099,medium,0.8454828660436137,2.845482866043614,2,728,4,2,2,2,2,0,0,0,0,0.056588785046728166,47,0.10248831775700923,0.008488317757009225,0.094,0.0,0.0
2.976993,90,9313.050181,medium,0.9644859813084112,2.9644859813084112,2,900,4,2,2,2,2,0,0,0,0,0.043380062305296015,48,0.1025070093457944,0.006507009345794401,0.096,0.0,0.0
4.018235,86,9342.725918,medium,1.0,4.0,3,852,4,2,2,2,2,0,0,0,0,0.02289719626168223,50,0.10343457943925234,0.0034345794392523347,0.1,0.0,0.0
2.789055,58,9359.704268,medium,0.7734423676012461,2.773442367601246,2,577,4,2,2,2,2,0,0,0,0,0.03542056074766364,34,0.07331308411214955,0.005313084112149547,0.068,0.0,0.0
1.622511,63,9378.57364,medium,0.5881619937694704,1.5881619937694704,1,630,4,2,2,2,2,0,0,0,0,0.008995327102803704,48,0.09734929906542056,0.0013492990654205555,0.096,0.0,0.0
2.967324,81,9402.40349,medium,0.9420560747663551,2.942056074766355,2,803,4,2,2,2,2,0,0,0,0,0.06378504672897073,48,0.1055677570093456,0.009567757009345609,0.096,0.0,0.0
0.484125,70,9422.89068,medium,0.47024922118380064,0.47024922118380064,0,700,4,2,2,2,2,0,0,0,0,0.0258411214953269,40,0.08387616822429905,0.0038761682242990344,0.08000000000000002,0.0,0.0
1.605036,58,9440.060716,medium,0.5626168224299065,1.5626168224299066,1,579,4,2,2,2,2,0,0,0,0,0.002126168224299064,58,0.10031892523364487,0.0003189252336448596,0.1,0.0,0.0
2.780005,90,9466.590046,medium,0.767601246105919,2.7676012461059187,2,900,4,2,2,2,2,0,0,0,0,0.016028037383177682,72,0.10240420560747666,0.0024042056074766523,0.1,0.0,0.0
2.932499,90,9492.679703,medium,0.9759345794392523,2.975934579439252,2,900,4,2,2,2,2,0,0,0,0,0.003761682242990671,23,0.0465642523364486,0.0005642523364486006,0.046,0.0,0.0
3.993659,58,9514.038525,medium,1.0,4.0,3,580,4,2,2,2,2,0,0,0,0,0.011059190031152646,25,0.0516588785046729,0.0016588785046728967,0.05,0.0,0.0
2.873529,80,9537.45714,medium,0.8481308411214952,2.8481308411214954,2,799,4,2,2,2,2,0,0,0,0,0.06198598130840977,48,0.10529789719626147,0.009297897196261467,0.096,0.0,0.0
2.747778,90,9563.939183,medium,0.7368380062305296,2.7368380062305295,2,895,4,2,2,2,2,0,0,0,0,0.029602803738317356,48,0.1004404205607476,0.0044404205607476025,0.096,0.0,0.0
2.853562,77,9586.280171,medium,0.8300623052959502,2.83006230529595,2,765,4,2,2,2,2,0,0,0,0,0.0,72,0.1,0.0,0.1,0.0,0.0
2.871142,67,9605.78624,medium,0.8411214953271028,2.8411214953271027,2,662,4,2,2,2,2,0,0,0,0,0.001471962616822446,48,0.09622079439252337,0.0002207943925233669,0.096,0.0,0.0
4.027771,77,9628.245456,medium,1.0,4.0,3,763,4,2,2,2,2,0,0,0,0,0.05380841121495194,48,0.10407126168224279,0.00807126168224279,0.096,0.0,0.0
2.826753,75,9654.24436,medium,0.8131619937694704,2.8131619937694703,2,749,4,2,2,2,2,0,0,0,0,0.003271028037383173,44,0.08849065420560749,0.0004906542056074759,0.08800000000000001,0.0,0.0
1.6745,68,9674.292679,medium,0.6450155763239875,1.6450155763239875,1,671,4,2,2,2,2,0,0,0,0,0.0038940809968847356,48,0.09658411214953272,0.0005841121495327103,0.096,0.0,0.0
2.90263,72,9695.654192,medium,0.8689252336448599,2.86892523364486,2,713,4,2,2,2,2,0,0,0,0,0.03336448598130714,96,0.10500467289719607,0.005004672897196071,0.1,0.0,0.0
2.839415,66,9715.290025,medium,0.8475934579439242,2.8475934579439244,2,656,4,2,2,2,2,0,0,0,0,0.03614485981308304,26,0.05742172897196246,0.005421728971962456,0.052000000000000005,0.0,0.0
1.569954,71,9736.397946,medium,0.5451713395638629,1.5451713395638629,1,707,4,2,2,2,2,0,0,0,0,0.049883177570093244,44,0.09548247663551399,0.007482476635513987,0.088,0.0,0.0
2.889351,90,9762.048158,medium,0.9034267912772586,2.9034267912772584,2,900,4,2,2,2,2,0,0,0,0,0.052827102803737196,34,0.07592406542056059,0.007924065420560579,0.068,0.0,0.0
1.655741,64,9780.632727,medium,0.6383177570093458,1.6383177570093457,1,640,4,2,2,2,2,0,0,0,0,0.009485981308411263,40,0.08142289719626171,0.0014228971962616894,0.08000000000000002,0.0,0.0
2.835023,71,9805.900489,medium,0.8024143302180685,2.8024143302180686,2,709,4,2,2,2,2,0,0,0,0,0.02338785046728871,58,0.10350817757009331,0.0035081775700933067,0.1,0.0,0.0
2.597691,58,9822.743426,medium,0.554595015576324,2.554595015576324,2,575,4,2,2,2,2,0,0,0,0,0.003971962616822431,61,0.10059579439252336,0.0005957943925233646,0.1,0.0,0.0
2.909876,73,9843.513186,medium,0.8749221183800623,2.8749221183800624,2,727,4,2,2,2,2,0,0,0,0,0.051028037383176364,61,0.10765420560747646,0.0076542056074764536,0.1,0.0,0.0
4.031591,72,9865.232054,medium,1.0,4.0,3,715,4,2,2,2,2,0,0,0,0,0.020607476635514068,77,0.10309112149532712,0.0030911214953271106,0.1,0.0,0.0
1.799687,80,9888.816367,medium,0.7763239875389408,1.776323987538941,1,799,4,2,2,2,2,0,0,0,0,0.021752336448598242,74,0.10326285046728974,0.0032628504672897363,0.1,0.0,0.0
2.739167,66,9907.818123,medium,0.7085669781931464,2.7085669781931463,2,654,4,2,2,2,2,0,0,0,0,0.0,48,0.096,0.0,0.096,0.0,0.0
2.886117,61,9926.017248,medium,0.8471183800623053,2.847118380062305,2,610,4,2,2,2,2,0,0,0,0,0.02665887850467275,48,0.09999883177570093,0.003998831775700912,0.09600000000000002,0.0,0.0
0.350128,59,9943.24926,medium,0.3105919003115265,0.3105919003115265,0,585,4,2,2,2,2,0,0,0,0,0.013574766355140273,48,0.09803621495327104,0.002036214953271041,0.096,0.0,0.0
2.82945,90,9973.427167,medium,0.8345794392523365,2.8345794392523365,2,900,4,2,2,2,2,0,0,0,0,0.019135514018690764,41,0.08487032710280361,0.0028703271028036144,0.08199999999999999,0.0,0.0
1.765785,69,9993.315791,medium,0.7387850467289719,1.7387850467289718,1,690,4,2,2,2,2,0,0,0,0,0.0,48,0.096,0.0,0.096,0.0,0.0
0.451855,64,10011.978995,medium,0.41207165109034266,0.41207165109034266,0,637,4,2,2,2,2,0,0,0,0,0.023224299065420603,54,0.1034836448598131,0.0034836448598130907,0.1,0.0,0.0
2.871423,74,10033.667869,medium,0.8442289719626168,2.844228971962617,2,731,4,2,2,2,2,0,0,0,0,0.001962616822429928,72,0.1002943925233645,0.0002943925233644892,0.1,0.0,0.0
2.700007,82,10058.33948,medium,0.7042056074766355,2.7042056074766356,2,813,4,2,2,2,2,0,0,0,0,0.060677570093457,34,0.07710163551401855,0.009101635514018548,0.068,0.0,0.0
4.026954,75,10079.975657,medium,1.0,4.0,3,743,4,2,2,2,2,0,0,0,0,0.03502336448598144,48,0.10125350467289722,0.005253504672897215,0.096,0.0,0.0
2.955841,80,10103.479899,medium,0.9638629283489096,2.9638629283489095,2,798,4,2,2,2,2,0,0,0,0,0.025186915887850672,34,0.0717780373831776,0.0037780373831776018,0.068,0.0,0.0
2.942845,90,10134.720216,medium,0.9540498442367601,2.95404984423676,2,900,4,2,2,2,2,0,0,0,0,0.045303738317756054,36,0.0787955607476634,0.006795560747663408,0.072,0.0,0.0
3.988614,66,10154.409049,medium,1.0,4.0,3,654,4,2,2,2,2,0,0,0,0,0.026760124610592035,25,0.054014018691588804,0.004014018691588806,0.049999999999999996,0.0,0.0
2.809965,66,10173.402866,medium,0.8071651090342679,2.8071651090342677,2,652,4,2,2,2,2,0,0,0,0,0.0,34,0.068,0.0,0.068,0.0,0.0
2.88809,90,10199.685505,medium,0.8908878504672897,2.8908878504672897,2,900,4,2,2,2,2,0,0,0,0,0.008014018691588872,43,0.08720210280373834,0.0012021028037383307,0.08600000000000001,0.0,0.0
2.922307,85,10224.162874,medium,0.930607476635514,2.930607476635514,2,842,4,2,2,2,2,0,0,0,0,0.052663551401867445,34,0.07589953271028012,0.007899532710280117,0.068,0.0,0.0
1.616624,64,10243.031107,medium,0.5933800623052959,1.5933800623052958,1,637,4,2,2,2,2,0,0,0,0,0.019626168224299155,42,0.08694392523364486,0.002943925233644873,0.08399999999999999,0.0,0.0
1.559792,74,10269.416898,medium,0.5336448598130841,1.533644859813084,1,740,4,2,2,2,2,0,0,0,0,0.0009813084112149642,91,0.10014719626168225,0.0001471962616822446,0.1,0.0,0.0
2.943023,90,10295.452688,medium,0.9415887850467289,2.941588785046729,2,900,4,2,2,2,2,0,0,0,0,0.022897196261681255,44,0.09143457943925218,0.0034345794392521885,0.088,0.0,0.0
2.727976,63,10313.923952,medium,0.6866043613707166,2.6866043613707165,2,627,4,2,2,2,2,0,0,0,0,0.05380841121495194,48,0.10407126168224279,0.008071261682242791,0.096,0.0,0.0
4.006217,63,10332.253771,medium,1.0,4.0,3,622,4,2,2,2,2,0,0,0,0,0.0027803738317756974,34,0.06841705607476636,0.0004170560747663546,0.068,0.0,0.0
2.680224,65,10350.428348,medium,0.6365264797507788,2.6365264797507786,2,643,4,2,2,2,2,0,0,0,0,0.0533177570093446,58,0.1079976635514017,0.00799766355140169,0.1,0.0,0.0
4.02619,79,10373.826285,medium,1.0,4.0,3,786,4,2,2,2,2,0,0,0,0,0.03193146417445489,64,0.10478971962616825,0.004789719626168234,0.1,0.0,0.0
0.491435,61,10391.294551,medium,0.45397196261682243,0.45397196261682243,0,605,4,2,2,2,2,0,0,0,0,0.013084112149532713,48,0.0979626168224299,0.001962616822429907,0.096,0.0,0.0
3.987403,67,10411.126956,medium,1.0,4.0,3,663,4,2,2,2,2,0,0,0,0,0.0513551401869146,23,0.053703271028037194,0.00770327102803719,0.046000000000000006,0.0,0.0
1.603655,70,10435.761399,medium,0.5713395638629284,1.5713395638629284,1,695,4,2,2,2,2,0,0,0,0,0.012102803738317826,72,0.10181542056074767,0.0018154205607476739,0.1,0.0,0.0
1.617036,69,10455.581762,medium,0.5854361370716511,1.585436137071651,1,684,4,2,2,2,2,0,0,0,0,0.0,82,0.1,0.0,0.1,0.0,0.0
2.628435,66,10474.9044,medium,0.5959501557632398,2.59595015576324,2,656,4,2,2,2,2,0,0,0,0,0.01390186915887795,48,0.0980852803738317,0.0020852803738316923,0.096,0.0,0.0
1.505237,76,10497.02441,medium,0.5015576323987538,1.5015576323987538,1,754,4,2,2,2,2,0,0,0,0,0.007196261682243014,39,0.07907943925233647,0.001079439252336452,0.07800000000000001,0.0,0.0
2.962999,70,10517.874364,medium,0.9595015576323987,2.959501557632399,2,699,4,2,2,2,2,0,0,0,0,0.03598130841121343,34,0.07339719626168202,0.0053971962616820145,0.068,0.0,0.0
2.708434,61,10535.335243,medium,0.6691588785046729,2.669158878504673,2,609,4,2,2,2,2,0,0,0,0,0.0011682242990654211,64,0.10017523364485982,0.00017523364485981315,0.1,0.0,0.0
4.047263,62,10553.803178,medium,1.0,4.0,3,611,4,2,2,2,2,0,0,0,0,0.0557554517133957,92,0.10836331775700936,0.008363317757009355,0.1,0.0,0.0
4.032031,61,10576.219905,medium,1.0,4.0,3,609,4,2,2,2,2,0,0,0,0,0.03287383177570052,44,0.09293107476635507,0.004931074766355077,0.088,0.0,0.0
2.924031,77,10599.224514,medium,0.9087227414330218,2.9087227414330217,2,765,4,2,2,2,2,0,0,0,0,0.02538940809968811,44,0.09180841121495321,0.003808411214953217,0.088,0.0,0.0
1.652605,59,10616.541551,medium,0.6373052959501557,1.6373052959501557,1,587,4,2,2,2,2,0,0,0,0,0.0,37,0.07400000000000001,0.0,0.07400000000000001,0.0,0.0
2.93052,69,10637.272911,medium,0.9431464174454829,2.943146417445483,2,686,4,2,2,2,2,0,0,0,0,0.05315420560747534,24,0.0559731308411213,0.0079731308411213,0.048,0.0,0.0
1.546059,74,10659.475495,medium,0.5183021806853583,1.5183021806853583,1,732,4,2,2,2,2,0,0,0,0,0.00637850467289721,66,0.10095677570093459,0.0009567757009345815,0.1,0.0,0.0
4.039111,67,10679.001149,medium,1.0,4.0,3,668,4,2,2,2,2,0,0,0,0,0.06607476635513893,48,0.10591121495327084,0.009911214953270839,0.096,0.0,0.0
2.958071,90,10705.184514,medium,0.9475077881619938,2.9475077881619938,2,900,4,2,2,2,2,0,0,0,0,0.03042056074766283,48,0.10056308411214943,0.004563084112149424,0.096,0.0,0.0
3.99851,76,10731.541398,medium,1.0,4.0,3,756,4,2,2,2,2,0,0,0,0,0.01406542056074742,36,0.07410981308411212,0.002109813084112113,0.07200000000000001,0.0,0.0
2.581164,59,10749.351175,medium,0.5644080996884735,2.5644080996884737,2,581,4,2,2,2,2,0,0,0,0,0.005708722741433024,37,0.07485630841121496,0.0008563084112149535,0.07400000000000001,0.0,0.0
2.661661,81,10773.337844,medium,0.6386292834890965,2.6386292834890965,2,805,4,2,2,2,2,0,0,0,0,0.05021028037383046,48,0.10353154205607457,0.007531542056074569,0.096,0.0,0.0
1.663588,75,10795.311344,medium,0.6450155763239875,1.6450155763239875,1,741,4,2,2,2,2,0,0,0,0,0.031152647975077944,44,0.09267289719626169,0.0046728971962616914,0.088,0.0,0.0
2.603121,63,10813.455026,medium,0.5683800623052959,2.568380062305296,2,625,4,2,2,2,2,0,0,0,0,0.008271028037383218,48,0.09724065420560749,0.0012406542056074825,0.096,0.0,0.0
2.584654,68,10833.42044,medium,0.5480529595015576,2.5480529595015575,2,672,4,2,2,2,2,0,0,0,0,0.05200934579439144,48,0.10380140186915872,0.007801401869158715,0.096,0.0,0.0
2.796218,63,10852.414099,medium,0.8052180685358256,2.8052180685358254,2,630,4,2,2,2,2,0,0,0,0,0.0,27,0.054,0.0,0.054,0.0,0.0
2.788495,72,10873.080867,medium,0.8334034267912771,2.833403426791277,2,714,4,2,2,2,2,0,0,0,0,0.043278816199375285,10,0.026491822429906293,0.006491822429906293,0.02,0.0,0.0
2.760754,66,10897.286041,medium,0.7238317757009346,2.7238317757009347,2,658,4,2,2,2,2,0,0,0,0,0.044813084112148474,48,0.10272196261682227,0.006721962616822272,0.096,0.0,0.0
2.796176,60,10914.7476,medium,0.7532710280373832,2.7532710280373833,2,594,4,2,2,2,2,0,0,0,0,0.04203271028037301,48,0.10230490654205596,0.006304906542055951,0.096,0.0,0.0
4.0011,67,10934.288457,medium,1.0,4.0,3,669,4,2,2,2,2,0,0,0,0,0.0,34,0.068,0.0,0.068,0.0,0.0
4.04257,54,10950.051678,medium,1.0,4.0,3,540,4,2,2,2,2,0,0,0,0,0.0304672897196264,46,0.09657009345794397,0.00457009345794396,0.09200000000000001,0.0,0.0
0.499767,65,10969.344803,medium,0.45950155763239875,0.45950155763239875,0,642,4,2,2,2,2,0,0,0,0,0.02976635514018649,82,0.10446495327102798,0.004464953271027973,0.1,0.0,0.0
2.850337,80,10992.861939,medium,0.8416666666666667,2.841666666666667,2,797,4,2,2,2,2,0,0,0,0,0.01580218068535827,43,0.08837032710280375,0.0023703271028037405,0.08600000000000001,0.0,0.0
2.980499,90,11018.558722,medium,0.9976635514018691,2.9976635514018692,2,900,4,2,2,2,2,0,0,0,0,0.04556853582554382,33,0.07283528037383158,0.006835280373831574,0.066,0.0,0.0
2.888379,72,11043.764986,medium,0.860202492211838,2.860202492211838,2,717,4,2,2,2,2,0,0,0,0,0.02584112149532698,48,0.09987616822429905,0.003876168224299047,0.096,0.0,0.0
0.473233,61,11061.76205,medium,0.43333333333333335,0.43333333333333335,0,601,4,2,2,2,2,0,0,0,0,0.0,68,0.1,0.0,0.1,0.0,0.0
2.943397,89,11087.645385,medium,0.942601246105919,2.942601246105919,2,887,4,2,2,2,2,0,0,0,0,0.03663551401869007,42,0.08949532710280353,0.00549532710280351,0.08400000000000002,0.0,0.0
2.968826,86,11112.768105,medium,0.9524143302180685,2.9524143302180685,2,856,4,2,2,2,2,0,0,0,0,0.013411214953271139,72,0.10201168224299068,0.002011682242990671,0.1,0.0,0.0
0.384829,64,11131.508437,medium,0.34813084112149534,0.34813084112149534,0,634,4,2,2,2,2,0,0,0,0,0.0006542056074766429,70,0.1000981308411215,9.813084112149644e-05,0.1,0.0,0.0
2.750068,65,11150.837452,medium,0.7423676012461059,2.742367601246106,2,644,4,2,2,2,2,0,0,0,0,0.027336448598130902,34,0.07210046728971964,0.0041004672897196354,0.068,0.0,0.0
2.909018,90,11177.040174,medium,0.8993769470404984,2.8993769470404986,2,900,4,2,2,2,2,0,0,0,0,0.06427570093457816,45,0.09964135514018672,0.009641355140186724,0.09,0.0,0.0
2.904379,87,11206.828334,medium,0.9426791277258567,2.9426791277258566,2,863,4,2,2,2,2,0,0,0,0,0.0,24,0.048,0.0,0.048,0.0,0.0
4.041435,61,11224.054793,medium,1.0,4.0,3,606,4,2,2,2,2,0,0,0,0,0.040233644859812345,48,0.10203504672897185,0.00603504672897185,0.096,0.0,0.0
2.858483,76,11246.730078,medium,0.8302180685358256,2.8302180685358254,2,751,4,2,2,2,2,0,0,0,0,0.022429906542056104,93,0.10336448598130842,0.003364485981308416,0.1,0.0,0.0
1.675681,90,11273.456048,medium,0.6688473520249221,1.668847352024922,1,900,4,2,2,2,2,0,0,0,0,0.005560747663551404,48,0.09683411214953272,0.0008341121495327107,0.096,0.0,0.0
1.728487,90,11299.868896,medium,0.7381619937694704,1.7381619937694706,1,900,4,2,2,2,2,0,0,0,0,0.015498442367601244,39,0.08032476635514019,0.0023247663551401866,0.078,0.0,0.0
2.685789,60,11317.978187,medium,0.6451168224299065,2.6451168224299066,2,595,4,2,2,2,2,0,0,0,0,0.041144859813084154,47,0.10017172897196262,0.006171728971962624,0.094,0.0,0.0
3.999682,72,11339.600043,medium,1.0,4.0,3,719,4,2,2,2,2,0,0,0,0,0.023878504672896955,34,0.07158177570093455,0.0035817757009345428,0.068,0.0,0.0
2.560904,66,11363.520345,medium,0.530607476635514,2.530607476635514,2,659,4,2,2,2,2,0,0,0,0,0.0013084112149532715,48,0.09619626168224299,0.00019626168224299074,0.096,0.0,0.0
4.012233,78,11385.757273,medium,1.0,4.0,3,774,4,2,2,2,2,0,0,0,0,0.050887850467289907,41,0.08963317757009351,0.007633177570093486,0.08200000000000002,0.0,0.0
2.823118,81,11409.734484,medium,0.8079439252336449,2.807943925233645,2,809,4,2,2,2,2,0,0,0,0,0.0004906542056074769,48,0.09607359813084113,7.359813084112153e-05,0.096,0.0,0.0
2.96174,68,11429.953471,medium,0.9306853582554517,2.9306853582554515,2,673,4,2,2,2,2,0,0,0,0,0.015700934579439364,48,0.09835514018691591,0.0023551401869159046,0.096,0.0,0.0
1.571977,61,11447.501115,medium,0.5951090342679128,1.5951090342679128,1,603,4,2,2,2,2,0,0,0,0,0.021121495327102835,17,0.037168224299065425,0.0031682242990654255,0.034,0.0,0.0
2.962232,78,11469.926906,medium,0.9376947040498442,2.9376947040498442,2,779,4,2,2,2,2,0,0,0,0,0.04291277258566988,48,0.10243691588785049,0.006436915887850483,0.096,0.0,0.0
2.77606,90,11496.604109,medium,0.7632398753894081,2.763239875389408,2,900,4,2,2,2,2,0,0,0,0,0.04546728971962485,48,0.10282009345794373,0.0068200934579437265,0.096,0.0,0.0
1.571698,67,11520.942107,medium,0.5383878504672887,1.5383878504672888,1,661,4,2,2,2,2,0,0,0,0,0.022733644859812104,48,0.09941004672897182,0.0034100467289718155,0.096,0.0,0.0
2.644375,78,11543.366688,medium,0.6626168224299065,2.6626168224299063,2,777,4,2,2,2,2,0,0,0,0,0.049719626168222925,26,0.05945794392523344,0.007457943925233438,0.052,0.0,0.0
0.51507,67,11562.736374,medium,0.48566978193146415,0.48566978193146415,0,666,4,2,2,2,2,0,0,0,0,0.0,48,0.096,0.0,0.096,0.0,0.0
3.969563,62,11580.938145,medium,1.0,4.0,3,617,4,2,2,2,2,0,0,0,0,0.021752336448598152,14,0.03126285046728972,0.003262850467289723,0.028,0.0,0.0
1.914763,72,11601.857548,medium,0.8817757009345795,1.8817757009345795,1,716,4,2,2,2,2,0,0,0,0,0.03058411214953242,72,0.10458761682242987,0.004587616822429863,0.1,0.0,0.0
2.97203,90,11627.888904,medium,0.958411214953271,2.958411214953271,2,900,4,2,2,2,2,0,0,0,0,0.03746105919003122,49,0.10361915887850469,0.005619158878504682,0.098,0.0,0.0
0.513435,60,11645.908131,medium,0.47149532710280373,0.47149532710280373,0,599,4,2,2,2,2,0,0,0,0,0.012266355140186994,72,0.10183995327102806,0.0018399532710280488,0.1,0.0,0.0
2.739714,70,11670.244437,medium,0.7395638629283489,2.7395638629283487,2,691,4,2,2,2,2,0,0,0,0,0.008333333333333338,34,0.06925,0.0012500000000000007,0.068,0.0,0.0
4.044651,60,11687.97479,medium,1.0,4.0,3,599,4,2,2,2,2,0,0,0,0,0.030342679127726008,59,0.1045514018691589,0.004551401869158901,0.1,0.0,0.0
0.513149,66,11707.368842,medium,0.48223520249221186,0.48223520249221186,0,657,4,2,2,2,2,0,0,0,0,0.004088785046729017,48,0.09661331775700935,0.0006133177570093525,0.096,0.0,0.0
4.028913,79,11731.121708,medium,1.0,4.0,3,782,4,2,2,2,2,0,0,0,0,0.07408878504672743,48,0.10711331775700912,0.011113317757009114,0.096,0.0,0.0
2.741748,62,11749.078498,medium,0.704595015576324,2.704595015576324,2,613,4,2,2,2,2,0,0,0,0,0.0163551401869155,48,0.09845327102803733,0.002453271028037325,0.096,0.0,0.0
2.6527,62,11767.602854,medium,0.6429906542056075,2.6429906542056076,2,611,4,2,2,2,2,0,0,0,0,0.005397196261682093,35,0.07080957943925233,0.0008095794392523137,0.07,0.0,0.0
4.011416,79,11790.93242,medium,1.0,4.0,3,786,4,2,2,2,2,0,0,0,0,0.04010903426791283,42,0.09001635514018691,0.006016355140186925,0.08399999999999999,0.0,0.0
4.040474,60,11808.83014,medium,1.0,4.0,3,599,4,2,2,2,2,0,0,0,0,0.04249221183800647,47,0.10037383177570097,0.00637383177570097,0.094,0.0,0.0
2.819468,63,11831.572747,medium,0.8449376947040499,2.8449376947040497,2,625,4,2,2,2,2,0,0,0,0,0.006869158878504692,18,0.03703037383177571,0.0010303738317757037,0.036000000000000004,0.0,0.0
2.769097,66,11850.87189,medium,0.7570872274143302,2.7570872274143303,2,660,4,2,2,2,2,0,0,0,0,0.06672897196261521,34,0.07800934579439228,0.01000934579439228,0.068,0.0,0.0
2.6693,66,11870.375633,medium,0.6354361370716511,2.6354361370716513,2,656,4,2,2,2,2,0,0,0,0,0.023091900311526557,48,0.09946378504672898,0.003463785046728983,0.096,0.0,0.0
2.92713,86,11895.346316,medium,0.9061526479750779,2.9061526479750777,2,854,4,2,2,2,2,0,0,0,0,0.06918224299065323,48,0.10637733644859798,0.010377336448597983,0.096,0.0,0.0
1.594403,63,11913.032036,medium,0.5544704049844235,1.5544704049844236,1,623,4,2,2,2,2,0,0,0,0,0.014883177570093345,68,0.102232476635514,0.002232476635514002,0.1,0.0,0.0
1.854355,79,11936.507753,medium,0.8299844236760124,1.8299844236760126,1,785,4,2,2,2,2,0,0,0,0,0.0191355140186917,72,0.10287032710280376,0.002870327102803755,0.1,0.0,0.0
2.952328,89,11962.2035,medium,0.942601246105919,2.942601246105919,2,881,4,2,2,2,2,0,0,0,0,0.012180685358255488,48,0.09782710280373833,0.0018271028037383234,0.096,0.0,0.0
1.856963,90,11992.800697,medium,0.8469626168224299,1.84696261682243,1,900,4,2,2,2,2,0,0,0,0,0.0,68,0.1,0.0,0.1,0.0,0.0
2.960362,72,12014.583943,medium,0.9306853582554517,2.9306853582554515,2,718,4,2,2,2,2,0,0,0,0,0.03651090342679121,48,0.10147663551401868,0.0054766355140186814,0.096,0.0,0.0
2.669226,65,12033.942727,medium,0.6468847352024922,2.6468847352024922,2,641,4,2,2,2,2,0,0,0,0,0.002943925233644892,43,0.08644158878504674,0.0004415887850467338,0.08600000000000001,0.0,0.0
1.589561,65,12052.583729,medium,0.5543613707165109,1.554361370716511,1,648,4,2,2,2,2,0,0,0,0,0.0,58,0.1,0.0,0.1,0.0,0.0
2.771843,80,12076.10188,medium,0.7543613707165109,2.754361370716511,2,795,4,2,2,2,2,0,0,0,0,0.00654205607476637,48,0.09698130841121495,0.0009813084112149555,0.096,0.0,0.0
1.593875,70,12096.421998,medium,0.6007009345794393,1.6007009345794394,1,695,4,2,2,2,2,0,0,0,0,0.017827102803738105,30,0.06267406542056071,0.0026740654205607154,0.06,0.0,0.0
1.546407,61,12114.792907,medium,0.5067601246105917,1.5067601246105917,1,609,4,2,2,2,2,0,0,0,0,0.0036448598130839854,58,0.10054672897196261,0.0005467289719625978,0.1,0.0,0.0
2.847488,61,12137.275918,medium,0.8158878504672897,2.8158878504672895,2,604,4,2,2,2,2,0,0,0,0,0.0,46,0.092,0.0,0.092,0.0,0.0
2.810856,90,12163.57419,medium,0.8531152647975078,2.8531152647975078,2,900,4,2,2,2,2,0,0,0,0,0.038271028037382526,21,0.047740654205607386,0.005740654205607379,0.04200000000000001,0.0,0.0
2.724402,68,12183.39971,medium,0.7227414330218068,2.722741433021807,2,678,4,2,2,2,2,0,0,0,0,0.07640186915887766,29,0.06946028037383165,0.011460280373831644,0.058,0.0,0.0
2.82165,90,12209.630319,medium,0.8084112149532711,2.808411214953271,2,900,4,2,2,2,2,0,0,0,0,0.021588785046728454,72,0.10323831775700927,0.003238317757009268,0.1,0.0,0.0
2.81368,90,12236.338113,medium,0.8165887850467289,2.816588785046729,2,900,4,2,2,2,2,0,0,0,0,0.020607476635513183,42,0.087091121495327,0.003091121495326978,0.08400000000000002,0.0,0.0
2.853924,78,12259.066668,medium,0.860202492211838,2.860202492211838,2,779,4,2,2,2,2,0,0,0,0,0.037476635514017476,33,0.07162149532710263,0.005621495327102622,0.066,0.0,0.0
2.693279,68,12283.844497,medium,0.6537383177570093,2.6537383177570093,2,675,4,2,2,2,2,0,0,0,0,0.04693925233644757,53,0.10704088785046714,0.007040887850467136,0.1,0.0,0.0
2.66404,90,12309.954506,medium,0.7516355140186916,2.7516355140186914,2,900,4,2,2,2,2,0,0,0,0,0.01602803738317764,0,0.0024042056074766458,0.0024042056074766458,0.0,0.0,0.0
2.651438,78,12332.896827,medium,0.6287383177570094,2.6287383177570094,2,773,4,2,2,2,2,0,0,0,0,0.0,96,0.1,0.0,0.1,0.0,0.0
4.029842,60,12350.394651,medium,1.0,4.0,3,599,4,2,2,2,2,0,0,0,0,0.011612149532710227,44,0.08974182242990653,0.001741822429906534,0.088,0.0,0.0
2.93337,71,12371.323914,medium,0.9017133956386293,2.9017133956386294,2,706,4,2,2,2,2,0,0,0,0,0.01504672897196272,72,0.10225700934579442,0.002257009345794408,0.1,0.0,0.0
2.89722,65,12389.998292,medium,0.8651090342679127,2.865109034267913,2,643,4,2,2,2,2,0,0,0,0,0.05607476635514031,44,0.09641121495327105,0.008411214953271046,0.08800000000000001,0.0,0.0
4.026238,80,12413.537251,medium,1.0,4.0,3,796,4,2,2,2,2,0,0,0,0,0.06558411214953151,48,0.10583761682242973,0.009837616822429725,0.096,0.0,0.0
2.956036,90,12444.456101,medium,0.9409657320872274,2.9409657320872276,2,900,4,2,2,2,2,0,0,0,0,0.033800623052959555,52,0.10507009345794394,0.005070093457943933,0.1,0.0,0.0
2.787866,67,12464.194095,medium,0.7975077881619937,2.797507788161994,2,664,4,2,2,2,2,0,0,0,0,0.05838785046728819,24,0.05675817757009323,0.008758177570093229,0.048,0.0,0.0
1.665215,90,12490.964606,medium,0.686993769470405,1.686993769470405,1,900,4,2,2,2,2,0,0,0,0,0.001471962616822446,34,0.06822079439252338,0.0002207943925233669,0.068,0.0,0.0
2.743071,75,12513.426974,medium,0.7428348909657321,2.742834890965732,2,745,4,2,2,2,2,0,0,0,0,0.00490654205607482,37,0.07473598130841122,0.0007359813084112229,0.074,0.0,0.0
2.756417,61,12531.507021,medium,0.7521806853582554,2.7521806853582556,2,606,4,2,2,2,2,0,0,0,0,0.03224299065420567,30,0.06483644859813084,0.0048364485981308505,0.06,0.0,0.0
3.9884,60,12549.03085,medium,1.0,4.0,3,596,4,2,2,2,2,0,0,0,0,0.0,24,0.048,0.0,0.048,0.0,0.0
2.776907,61,12567.247226,medium,0.7975077881619937,2.797507788161994,2,606,4,2,2,2,2,0,0,0,0,0.02665887850467275,18,0.03999883177570092,0.003998831775700912,0.036000000000000004,0.0,0.0
4.013644,58,12588.76588,medium,1.0,4.0,3,574,4,2,2,2,2,0,0,0,0,0.03362928348909673,33,0.07104439252336452,0.005044392523364509,0.066,0.0,0.0
2.766294,85,12613.300788,medium,0.7455607476635514,2.7455607476635513,2,841,4,2,2,2,2,0,0,0,0,0.032219626168223145,58,0.10483294392523347,0.004832943925233472,0.1,0.0,0.0
2.743075,78,12636.694258,medium,0.7632398753894081,2.763239875389408,2,775,4,2,2,2,2,0,0,0,0,0.04890186915887798,25,0.05733528037383169,0.007335280373831696,0.049999999999999996,0.0,0.0
3.968966,71,12657.47035,medium,1.0,4.0,3,708,4,2,2,2,2,0,0,0,0,0.011775700934579397,19,0.039766355140186914,0.0017663551401869088,0.038000000000000006,0.0,0.0
1.75811,84,12682.441928,medium,0.7503894080996885,1.7503894080996885,1,838,4,2,2,2,2,0,0,0,0,0.010140186915887953,45,0.09152102803738318,0.001521028037383193,0.09,0.0,0.0
2.931002,90,12708.88075,medium,0.9223520249221184,2.9223520249221187,2,900,4,2,2,2,2,0,0,0,0,0.017663551401868725,48,0.0986495327102803,0.002649532710280308,0.096,0.0,0.0
4.0168,54,12724.43701,medium,1.0,4.0,3,532,4,2,2,2,2,0,0,0,0,0.0,35,0.07,0.0,0.07,0.0,0.0
1.766854,90,12755.031136,medium,0.7568535825545172,1.756853582554517,1,900,4,2,2,2,2,0,0,0,0,0.0,72,0.1,0.0,0.1,0.0,0.0
2.908181,90,12781.048188,medium,0.9021806853582555,2.9021806853582555,2,900,4,2,2,2,2,0,0,0,0,0.0,48,0.096,0.0,0.096,0.0,0.0
2.914817,90,12807.925077,medium,0.9049065420560748,2.9049065420560747,2,895,4,2,2,2,2,0,0,0,0,0.022733644859813103,48,0.09941004672897197,0.003410046728971965,0.096,0.0,0.0
1.788633,90,12834.18941,medium,0.7741433021806854,1.7741433021806854,1,900,4,2,2,2,2,0,0,0,0,0.02992990654205634,92,0.10448948598130846,0.004489485981308452,0.1,0.0,0.0
2.729449,73,12855.66373,medium,0.6980529595015577,2.698052959501558,2,722,4,2,2,2,2,0,0,0,0,0.050638629283488584,48,0.10359579439252328,0.007595794392523288,0.096,0.0,0.0
4.003634,71,12876.399217,medium,1.0,4.0,3,709,4,2,2,2,2,0,0,0,0,0.030225856697819176,35,0.07453387850467288,0.004533878504672875,0.07,0.0,0.0
3.951622,81,12905.068326,medium,1.0,4.0,3,804,4,2,2,2,2,0,0,0,0,0.053481308411213645,12,0.03202219626168205,0.008022196261682048,0.024,0.0,0.0
3.990213,87,12930.395421,medium,1.0,4.0,3,863,4,2,2,2,2,0,0,0,0,0.056752336448596674,34,0.0765128504672895,0.008512850467289501,0.068,0.0,0.0
2.697386,60,12947.538298,medium,0.6816978193146418,2.6816978193146417,2,595,4,2,2,2,2,0,0,0,0,0.04792056074766286,34,0.07518808411214943,0.0071880841121494295,0.068,0.0,0.0
3.940072,61,12965.725466,medium,1.0,4.0,3,601,4,2,2,2,2,0,0,0,0,0.0011448598130841133,0,0.00017172897196261698,0.00017172897196261698,0.0,0.0,0.0
2.890699,90,12992.010599,medium,0.9376947040498442,2.9376947040498442,2,900,4,2,2,2,2,0,0,0,0,0.03336448598130697,19,0.04300467289719605,0.005004672897196045,0.038000000000000006,0.0,0.0
0.462218,67,13011.828144,medium,0.43540498442367553,0.43540498442367553,0,664,4,2,2,2,2,0,0,0,0,0.02141744548286559,45,0.09321261682242983,0.0032126168224298384,0.09,0.0,0.0
2.881643,61,13030.016517,medium,0.8411214953271028,2.8411214953271027,2,607,4,2,2,2,2,0,0,0,0,0.034813084112149596,48,0.10122196261682244,0.005221962616822439,0.096,0.0,0.0
2.656813,69,13054.975778,medium,0.6174454828660436,2.6174454828660436,2,689,4,2,2,2,2,0,0,0,0,0.05511682242990516,72,0.10826752336448578,0.008267523364485775,0.1,0.0,0.0
2.956674,90,13081.115862,medium,0.9376947040498442,2.9376947040498442,2,900,4,2,2,2,2,0,0,0,0,0.05985981308411126,68,0.10897897196261669,0.008978971962616688,0.1,0.0,0.0
2.887155,90,13107.556482,medium,0.8771806853582554,2.8771806853582556,2,900,4,2,2,2,2,0,0,0,0,0.02649532710280296,48,0.09997429906542045,0.003974299065420444,0.096,0.0,0.0
2.84723,66,13126.477252,medium,0.8404205607476636,2.8404205607476634,2,659,4,2,2,2,2,0,0,0,0,0.058060747663550204,32,0.07270911214953253,0.00870911214953253,0.064,0.0,0.0
2.778643,90,13153.020159,medium,0.7655763239875389,2.765576323987539,2,900,4,2,2,2,2,0,0,0,0,0.02044392523364492,72,0.10306658878504674,0.003066588785046738,0.1,0.0,0.0
2.829812,80,13176.442625,medium,0.8142523364485982,2.814252336448598,2,792,4,2,2,2,2,0,0,0,0,0.031728971962616453,45,0.09475934579439246,0.004759345794392468,0.09,0.0,0.0
2.712961,77,13199.017137,medium,0.6816199376947041,2.681619937694704,2,770,4,2,2,2,2,0,0,0,0,0.05560747663551268,60,0.1083411214953269,0.008341121495326901,0.1,0.0,0.0
4.044608,54,13219.190698,medium,1.0,4.0,3,536,4,2,2,2,2,0,0,0,0,0.014719626168224396,48,0.09820794392523366,0.0022079439252336596,0.096,0.0,0.0
1.685142,66,13238.432393,medium,0.6466510903426791,1.646651090342679,1,659,4,2,2,2,2,0,0,0,0,0.0292757009345795,88,0.10439135514018694,0.004391355140186925,0.1,0.0,0.0
1.785178,76,13259.04911,medium,0.7584890965732087,1.7584890965732087,1,752,4,2,2,2,2,0,0,0,0,0.012593457943925308,86,0.1018890186915888,0.0018890186915887961,0.1,0.0,0.0
4.010245,65,13277.499192,medium,1.0,4.0,3,646,4,2,2,2,2,0,0,0,0,0.045630841121494355,34,0.07484462616822415,0.006844626168224153,0.068,0.0,0.0
3.987189,82,13301.240974,medium,1.0,4.0,3,813,4,2,2,2,2,0,0,0,0,0.029929906542054976,32,0.06848948598130825,0.004489485981308246,0.064,0.0,0.0
2.972172,65,13320.774002,medium,0.9370716510903426,2.9370716510903425,2,649,4,2,2,2,2,0,0,0,0,0.0,52,0.1,0.0,0.1,0.0,0.0
4.02854,64,13339.333236,medium,1.0,4.0,3,640,4,2,2,2,2,0,0,0,0,0.003598130841121535,46,0.09253971962616823,0.0005397196261682301,0.092,0.0,0.0
4.023634,84,13368.502569,medium,1.0,4.0,3,832,4,2,2,2,2,0,0,0,0,0.04556074766355147,88,0.10683411214953273,0.006834112149532721,0.1,0.0,0.0
2.94784,65,13387.957064,medium,0.9436137071651091,2.943613707165109,2,650,4,2,2,2,2,0,0,0,0,0.008177570093457886,34,0.06922663551401868,0.0012266355140186829,0.068,0.0,0.0
2.834808,63,13406.686111,medium,0.7975077881619937,2.797507788161994,2,627,4,2,2,2,2,0,0,0,0,0.0,72,0.1,0.0,0.1,0.0,0.0
2.63113,58,13423.816768,medium,0.5919470404984424,2.591947040498442,2,577,4,2,2,2,2,0,0,0,0,0.005887850467289678,48,0.09688317757009346,0.0008831775700934517,0.096,0.0,0.0
2.857055,75,13445.706392,medium,0.8393302180685358,2.839330218068536,2,743,4,2,2,2,2,0,0,0,0,0.00016355140186915892,46,0.09202453271028037,2.4532710280373835e-05,0.092,0.0,0.0
2.822691,90,13472.051542,medium,0.8148753894080997,2.8148753894081,2,900,4,2,2,2,2,0,0,0,0,0.012102803738317826,48,0.09781542056074767,0.001815420560747674,0.096,0.0,0.0
2.609056,69,13492.4317,medium,0.5769470404984424,2.5769470404984425,2,684,4,2,2,2,2,0,0,0,0,0.030062305295950217,48,0.10050934579439254,0.004509345794392532,0.096,0.0,0.0
4.001236,60,13514.676407,medium,1.0,4.0,3,596,4,2,2,2,2,0,0,0,0,0.03224299065420567,28,0.06083644859813085,0.0048364485981308505,0.056,0.0,0.0
2.901994,69,13535.20298,medium,0.8707943925233644,2.8707943925233645,2,688,4,2,2,2,2,0,0,0,0,0.0,56,0.1,0.0,0.1,0.0,0.0
2.867069,67,13555.24286,medium,0.825,2.825,2,661,4,2,2,2,2,0,0,0,0,0.05446261682242858,62,0.1081693925233643,0.008169392523364287,0.1,0.0,0.0
4.001225,81,13578.44788,medium,1.0,4.0,3,801,4,2,2,2,2,0,0,0,0,0.008831775700934628,40,0.08132476635514022,0.0013247663551401942,0.08000000000000002,0.0,0.0
2.615857,62,13596.344121,medium,0.580809968847352,2.580809968847352,2,611,4,2,2,2,2,0,0,0,0,0.0009813084112149642,48,0.09614719626168225,0.00014719626168224463,0.096,0.0,0.0
1.868773,90,13622.71069,medium,0.8627725856697819,1.8627725856697819,1,900,4,2,2,2,2,0,0,0,0,0.0,48,0.096,0.0,0.096,0.0,0.0
0.477682,68,13642.143834,medium,0.44478193146417444,0.44478193146417444,0,671,4,2,2,2,2,0,0,0,0,0.0,72,0.1,0.0,0.1,0.0,0.0
1.46759,79,13669.316931,medium,0.5141744548286604,1.5141744548286604,1,784,4,2,2,2,2,0,0,0,0,0.012102803738317826,15,0.031815420560747674,0.0018154205607476739,0.03,0.0,0.0
3.949023,63,13687.286904,medium,1.0,4.0,3,624,4,2,2,2,2,0,0,0,0,0.009485981308411318,5,0.011422897196261697,0.0014228971962616977,0.01,0.0,0.0
1.61935,68,13707.299272,medium,0.6200155763239875,1.6200155763239876,1,675,4,2,2,2,2,0,0,0,0,0.005560747663551404,33,0.06683411214953272,0.0008341121495327107,0.066,0.0,0.0
4.030263,62,13725.537359,medium,1.0,4.0,3,613,4,2,2,2,2,0,0,0,0,0.023753894080996932,44,0.09156308411214953,0.00356308411214954,0.088,0.0,0.0
4.031847,70,13745.876785,medium,1.0,4.0,3,696,4,2,2,2,2,0,0,0,0,0.009649532710280424,58,0.10144742990654207,0.0014474299065420635,0.1,0.0,0.0
2.769756,86,13771.860786,medium,0.7527258566978193,2.752725856697819,2,853,4,2,2,2,2,0,0,0,0,0.015537383177570143,60,0.10233060747663553,0.0023306074766355216,0.1,0.0,0.0
2.89042,90,13798.342308,medium,0.8727414330218068,2.872741433021807,2,900,4,2,2,2,2,0,0,0,0,0.05119158878504537,51,0.10767873831775682,0.007678738317756806,0.1,0.0,0.0
0.437885,69,13822.554582,medium,0.4322429906542056,0.4322429906542056,0,688,4,2,2,2,2,0,0,0,0,0.002943925233644855,37,0.07444158878504674,0.0004415887850467283,0.07400000000000001,0.0,0.0
1.893069,73,13844.511005,medium,0.8636292834890966,1.8636292834890966,1,724,4,2,2,2,2,0,0,0,0,0.012266355140186386,72,0.10183995327102796,0.001839953271027958,0.1,0.0,0.0
1.632249,72,13865.747289,medium,0.6002336448598131,1.6002336448598131,1,711,4,2,2,2,2,0,0,0,0,0.020771028037383142,57,0.10311565420560748,0.0031156542056074714,0.1,0.0,0.0
2.8372,74,13887.250363,medium,0.8787383177570094,2.8787383177570094,2,731,4,2,2,2,2,0,0,0,0,0.0637461059190018,11,0.03156191588785027,0.009561915887850268,0.022,0.0,0.0
1.646892,74,13908.77815,medium,0.6193146417445483,1.6193146417445483,1,736,4,2,2,2,2,0,0,0,0,0.007850467289719656,58,0.10117757009345796,0.0011775700934579484,0.1,0.0,0.0
2.788844,63,13927.423134,medium,0.7549065420560748,2.7549065420560748,2,627,4,2,2,2,2,0,0,0,0,0.004252336448598104,48,0.09663785046728972,0.0006378504672897156,0.096,0.0,0.0
2.776301,90,13953.724448,medium,0.7662772585669781,2.766277258566978,2,900,4,2,2,2,2,0,0,0,0,0.026822429906541802,48,0.10002336448598127,0.00402336448598127,0.096,0.0,0.0
2.821082,90,13984.288532,medium,0.8574766355140186,2.8574766355140184,2,900,4,2,2,2,2,0,0,0,0,0.03736760124610472,24,0.05360514018691571,0.005605140186915708,0.048,0.0,0.0
2.759968,64,14002.997959,medium,0.7209501557632398,2.72095015576324,2,640,4,2,2,2,2,0,0,0,0,0.020116822429906613,68,0.103017523364486,0.003017523364485992,0.1,0.0,0.0
2.841923,83,14027.390919,medium,0.8329439252336449,2.832943925233645,2,825,4,2,2,2,2,0,0,0,0,0.07652647975077859,40,0.09147897196261678,0.011478971962616788,0.08,0.0,0.0
2.625686,81,14051.299312,medium,0.6757009345794392,2.675700934579439,2,801,4,2,2,2,2,0,0,0,0,0.013901869158878082,14,0.030085280373831715,0.0020852803738317127,0.028,0.0,0.0
0.492939,63,14070.068618,medium,0.45404984423676015,0.45404984423676015,0,630,4,2,2,2,2,0,0,0,0,0.01259345794392485,66,0.10188901869158873,0.0018890186915887274,0.1,0.0,0.0
1.698591,76,14092.122909,medium,0.6767133956386293,1.6767133956386293,1,753,4,2,2,2,2,0,0,0,0,0.007850467289719656,48,0.09717757009345795,0.0011775700934579484,0.096,0.0,0.0
1.590972,60,14109.5681,medium,0.5473520249221184,1.5473520249221184,1,599,4,2,2,2,2,0,0,0,0,0.023465732087227454,59,0.10351985981308412,0.003519859813084118,0.1,0.0,0.0
0.297822,61,14131.323924,medium,0.25802180685358256,0.25802180685358256,0,602,4,2,2,2,2,0,0,0,0,0.0,72,0.1,0.0,0.1,0.0,0.0
2.963956,79,14154.222564,medium,0.9398753894080997,2.9398753894081,2,790,4,2,2,2,2,0,0,0,0,0.047204049844235964,48,0.1030806074766354,0.007080607476635394,0.096,0.0,0.0
2.721601,67,14173.550504,medium,0.7140186915887851,2.714018691588785,2,666,4,2,2,2,2,0,0,0,0,0.04121495327102626,34,0.07418224299065394,0.006182242990653938,0.068,0.0,0.0
4.030989,59,14190.929217,medium,1.0,4.0,3,590,4,2,2,2,2,0,0,0,0,0.039929906542056165,42,0.08998948598130843,0.005989485981308425,0.084,0.0,0.0
2.924297,68,14211.153342,medium,0.882398753894081,2.8823987538940807,2,674,4,2,2,2,2,0,0,0,0,0.061985981308409974,58,0.1092978971962615,0.009297897196261496,0.1,0.0,0.0
4.002905,69,14231.314779,medium,1.0,4.0,3,681,4,2,2,2,2,0,0,0,0,0.03336448598130713,33,0.07100467289719607,0.00500467289719607,0.066,0.0,0.0
2.876628,69,14251.824401,medium,0.8928348909657321,2.892834890965732,2,685,4,2,2,2,2,0,0,0,0,0.028621495327102307,24,0.05229322429906535,0.004293224299065346,0.048,0.0,0.0
3.9812,67,14271.693882,medium,1.0,4.0,3,668,4,2,2,2,2,0,0,0,0,0.0,24,0.048,0.0,0.048,0.0,0.0
4.013546,72,14297.767179,medium,1.0,4.0,3,712,4,2,2,2,2,0,0,0,0,0.044976635514018724,39,0.08474649532710282,0.006746495327102808,0.07800000000000001,0.0,0.0
2.971088,85,14322.458032,medium,0.9905763239875389,2.990576323987539,2,842,4,2,2,2,2,0,0,0,0,0.004742990654205601,32,0.06471144859813084,0.0007114485981308402,0.064,0.0,0.0
3.975043,82,14346.207087,medium,1.0,4.0,3,813,4,2,2,2,2,0,0,0,0,0.04228971962616829,25,0.056343457943925236,0.006343457943925243,0.049999999999999996,0.0,0.0
2.923995,90,14373.336439,medium,0.9162772585669782,2.916277258566978,2,900,4,2,2,2,2,0,0,0,0,0.011448598130840627,48,0.0977172897196261,0.001717289719626094,0.096,0.0,0.0
2.735951,77,14396.555294,medium,0.7358255451713396,2.7358255451713394,2,764,4,2,2,2,2,0,0,0,0,0.04350467289719476,35,0.07652570093457922,0.006525700934579213,0.07,0.0,0.0
2.696913,60,14414.802565,medium,0.6598909657320873,2.659890965732087,2,597,4,2,2,2,2,0,0,0,0,0.044813084112148474,45,0.09672196261682228,0.006721962616822272,0.09000000000000001,0.0,0.0
3.008487,75,14437.056443,medium,0.9769470404984424,2.9769470404984424,2,742,4,2,2,2,2,0,0,0,0,0.06492990654205484,48,0.10573948598130822,0.009739485981308225,0.096,0.0,0.0
4.019926,84,14466.974266,medium,1.0,4.0,3,832,4,2,2,2,2,0,0,0,0,0.047507788161992776,48,0.10312616822429892,0.007126168224298916,0.096,0.0,0.0
0.405675,72,14488.527168,medium,0.37593457943925235,0.37593457943925235,0,720,4,2,2,2,2,0,0,0,0,0.011604361370716507,72,0.10174065420560748,0.0017406542056074758,0.1,0.0,0.0
2.806647,74,14509.682307,medium,0.7739096573208722,2.773909657320872,2,731,4,2,2,2,2,0,0,0,0,0.03891744548286565,72,0.10583761682242986,0.005837616822429848,0.1,0.0,0.0
2.828711,75,14532.548231,medium,0.7929906542056074,2.7929906542056075,2,745,4,2,2,2,2,0,0,0,0,0.06813862928348782,76,0.11022079439252318,0.010220794392523174,0.1,0.0,0.0
2.775009,85,14558.104001,medium,0.7630841121495328,2.763084112149533,2,841,4,2,2,2,2,0,0,0,0,0.00016355140186915892,48,0.09602453271028037,2.4532710280373835e-05,0.096,0.0,0.0
2.966983,90,14584.123633,medium,0.9491433021806853,2.949143302180685,2,900,4,2,2,2,2,0,0,0,0,0.052266355140186994,95,0.10783995327102805,0.00783995327102805,0.1,0.0,0.0
1.72035,73,14610.14131,medium,0.6859112149532697,1.6859112149532698,1,727,4,2,2,2,2,0,0,0,0,0.047593457943923834,93,0.10713901869158858,0.007139018691588575,0.1,0.0,0.0
4.0253,71,14631.152348,medium,1.0,4.0,3,707,4,2,2,2,2,0,0,0,0,0.0,48,0.096,0.0,0.096,0.0,0.0
4.02982,68,14651.395064,medium,1.0,4.0,3,675,4,2,2,2,2,0,0,0,0,0.06213395638629304,44,0.09732009345794396,0.009320093457943955,0.08800000000000001,0.0,0.0
2.810681,70,14671.92547,medium,0.7859813084112149,2.785981308411215,2,693,4,2,2,2,2,0,0,0,0,0.0,47,0.094,0.0,0.094,0.0,0.0
0.416306,59,14688.932235,medium,0.3792056074766355,0.3792056074766355,0,589,4,2,2,2,2,0,0,0,0,0.0,48,0.096,0.0,0.096,0.0,0.0
1.865085,71,14710.128893,medium,0.8336526479750778,1.8336526479750779,1,708,4,2,2,2,2,0,0,0,0,0.01488317757009333,64,0.102232476635514,0.0022324766355139992,0.1,0.0,0.0
2.730889,63,14728.220588,medium,0.7067757009345794,2.706775700934579,2,625,4,2,2,2,2,0,0,0,0,0.004088785046729017,43,0.08661331775700935,0.0006133177570093525,0.08600000000000001,0.0,0.0
0.379908,64,14747.189442,medium,0.3475077881619938,0.3475077881619938,0,636,4,2,2,2,2,0,0,0,0,0.0,48,0.096,0.0,0.096,0.0,0.0
2.688496,64,14770.248003,medium,0.6501557632398753,2.6501557632398756,2,635,4,2,2,2,2,0,0,0,0,0.012266355140186414,72,0.10183995327102796,0.0018399532710279623,0.1,0.0,0.0
2.874033,88,14796.421623,medium,0.872196261682243,2.8721962616822427,2,875,4,2,2,2,2,0,0,0,0,0.022242990654205617,43,0.08933644859813084,0.0033364485981308427,0.086,0.0,0.0
2.733456,64,14815.830994,medium,0.6898753894080997,2.6898753894081,2,640,4,2,2,2,2,0,0,0,0,0.05053738317756867,96,0.10758060747663531,0.0075806074766353,0.1,0.0,0.0
2.920099,90,14842.774851,medium,0.9376947040498442,2.9376947040498442,2,900,4,2,2,2,2,0,0,0,0,0.016028037383177682,35,0.07240420560747667,0.0024042056074766527,0.07,0.0,0.0
2.872953,64,14861.234719,medium,0.8580218068535825,2.8580218068535825,2,640,4,2,2,2,2,0,0,0,0,0.03287383177570058,37,0.0789310747663551,0.004931074766355086,0.07400000000000001,0.0,0.0
2.816636,62,14879.907849,medium,0.775,2.775,2,617,4,2,2,2,2,0,0,0,0,0.022242990654205617,68,0.10333644859813085,0.0033364485981308423,0.1,0.0,0.0
2.696955,61,14897.871785,medium,0.6564797507788159,2.656479750778816,2,608,4,2,2,2,2,0,0,0,0,0.008504672897196133,94,0.10127570093457942,0.00127570093457942,0.1,0.0,0.0
2.971866,62,14920.483867,medium,0.9365264797507789,2.936526479750779,2,611,4,2,2,2,2,0,0,0,0,0.05626168224298987,44,0.09643925233644848,0.008439252336448481,0.088,0.0,0.0
1.653258,63,14938.867709,medium,0.661300623052958,1.661300623052958,1,622,4,2,2,2,2,0,0,0,0,0.041051401869157414,24,0.05415771028037361,0.006157710280373611,0.048,0.0,0.0
2.683321,59,14956.323427,medium,0.6424454828660436,2.6424454828660435,2,583,4,2,2,2,2,0,0,0,0,0.061168224299064766,45,0.09917523364485972,0.009175233644859714,0.09000000000000001,0.0,0.0
3.978494,68,14976.160953,medium,1.0,4.0,3,673,4,2,2,2,2,0,0,0,0,0.06529595015576321,18,0.04579439252336449,0.009794392523364481,0.036000000000000004,0.0,0.0
2.890491,90,15003.166428,medium,0.9116043613707165,2.9116043613707165,2,900,4,2,2,2,2,0,0,0,0,0.005911214953271047,34,0.06888668224299066,0.0008866822429906571,0.068,0.0,0.0
3.935288,70,15024.445716,medium,1.0,4.0,3,699,4,2,2,2,2,0,0,0,0,0.03458722741433029,0,0.005188084112149543,0.005188084112149543,0.0,0.0,0.0
2.961345,73,15045.261619,medium,0.9813084112149533,2.981308411214953,2,728,4,2,2,2,2,0,0,0,0,0.03224299065420567,24,0.05283644859813085,0.0048364485981308505,0.048,0.0,0.0
4.029897,73,15072.812862,medium,1.0,4.0,3,728,4,2,2,2,2,0,0,0,0,0.04464953271027901,48,0.10269742990654185,0.00669742990654185,0.096,0.0,0.0
2.636789,90,15099.53177,medium,0.6904205607476636,2.6904205607476634,2,900,4,2,2,2,2,0,0,0,0,0.0024532710280373805,18,0.03636799065420561,0.00036799065420560706,0.036000000000000004,0.0,0.0
3.959847,78,15122.371091,medium,1.0,4.0,3,776,4,2,2,2,2,0,0,0,0,0.009649532710280424,18,0.03744742990654207,0.0014474299065420635,0.036000000000000004,0.0,0.0
2.759177,66,15141.999143,medium,0.735202492211838,2.735202492211838,2,653,4,2,2,2,2,0,0,0,0,0.03516355140186779,42,0.08927453271028019,0.005274532710280169,0.08400000000000002,0.0,0.0
3.981711,73,15163.688046,medium,1.0,4.0,3,723,4,2,2,2,2,0,0,0,0,0.04007009345794319,24,0.05401051401869148,0.006010514018691479,0.048,0.0,0.0
2.967162,87,15189.620495,medium,0.9491433021806853,2.949143302180685,2,862,4,2,2,2,2,0,0,0,0,0.05478971962616684,48,0.10421845794392502,0.008218457943925025,0.096,0.0,0.0
2.812675,62,15207.459989,medium,0.7652647975077882,2.765264797507788,2,612,4,2,2,2,2,0,0,0,0,0.08406542056074587,48,0.10860981308411188,0.012609813084111882,0.096,0.0,0.0
2.599912,83,15236.126333,medium,0.5801401869158879,2.5801401869158878,2,830,4,2,2,2,2,0,0,0,0,0.018481308411215026,57,0.10277219626168226,0.002772196261682254,0.1,0.0,0.0
2.817181,81,15260.047426,medium,0.7983333333333332,2.7983333333333333,2,805,4,2,2,2,2,0,0,0,0,0.02232087227414319,48,0.09934813084112148,0.003348130841121478,0.096,0.0,0.0
3.968689,69,15280.325029,medium,1.0,4.0,3,685,4,2,2,2,2,0,0,0,0,0.021261682242990694,17,0.037189252336448604,0.0031892523364486043,0.034,0.0,0.0
4.013338,84,15305.188928,medium,1.0,4.0,3,833,4,2,2,2,2,0,0,0,0,0.004252336448598124,48,0.09663785046728972,0.0006378504672897186,0.096,0.0,0.0
3.970799,65,15324.363035,medium,1.0,4.0,3,645,4,2,2,2,2,0,0,0,0,0.03532710280373843,15,0.035299065420560764,0.0052990654205607645,0.030000000000000002,0.0,0.0
2.81266,70,15344.694224,medium,0.8381619937694704,2.8381619937694706,2,695,4,2,2,2,2,0,0,0,0,0.0533177570093445,18,0.04399766355140168,0.007997663551401675,0.036000000000000004,0.0,0.0
1.641847,88,15370.722142,medium,0.628582554517134,1.628582554517134,1,873,4,2,2,2,2,0,0,0,0,0.003761682242990492,58,0.10056425233644858,0.0005642523364485738,0.1,0.0,0.0
1.539302,64,15394.266617,medium,0.5024376947040499,1.5024376947040499,1,637,4,2,2,2,2,0,0,0,0,0.0037616822429906954,96,0.10056425233644861,0.0005642523364486043,0.1,0.0,0.0
2.814067,83,15419.41129,medium,0.7975077881619937,2.797507788161994,2,829,4,2,2,2,2,0,0,0,0,0.023060747663551054,48,0.09945911214953267,0.003459112149532658,0.096,0.0,0.0
1.548469,63,15438.065982,medium,0.5142367601246107,1.5142367601246107,1,627,4,2,2,2,2,0,0,0,0,0.006214953271028093,48,0.09693224299065421,0.0009322429906542138,0.096,0.0,0.0
3.971276,68,15458.178611,medium,1.0,4.0,3,675,4,2,2,2,2,0,0,0,0,0.018504672897195953,18,0.038775700934579396,0.0027757009345793925,0.036000000000000004,0.0,0.0
0.50944,63,15477.219536,medium,0.4720404984423676,0.4720404984423676,0,626,4,2,2,2,2,0,0,0,0,0.0,72,0.1,0.0,0.1,0.0,0.0
0.467081,58,15493.815348,medium,0.4748598130841123,0.4748598130841123,0,573,4,2,2,2,2,0,0,0,0,0.010140186915887962,24,0.049521028037383195,0.0015210280373831944,0.048,0.0,0.0
0.436077,81,15517.566405,medium,0.41627725856697817,0.41627725856697817,0,802,4,2,2,2,2,0,0,0,0,0.0,67,0.1,0.0,0.1,0.0,0.0
4.004015,72,15543.561705,medium,1.0,4.0,3,718,4,2,2,2,2,0,0,0,0,0.05210280373831783,34,0.07581542056074768,0.007815420560747674,0.068,0.0,0.0
2.588056,71,15564.455127,medium,0.5562305295950156,2.5562305295950156,2,707,4,2,2,2,2,0,0,0,0,0.04350467289719537,48,0.1025257009345793,0.006525700934579305,0.096,0.0,0.0
1.798719,72,15586.17287,medium,0.771464174454828,1.7714641744548278,1,711,4,2,2,2,2,0,0,0,0,0.015700934579438573,48,0.09835514018691578,0.002355140186915786,0.096,0.0,0.0
3.996752,70,15607.199307,medium,1.0,4.0,3,699,4,2,2,2,2,0,0,0,0,0.044345794392523494,30,0.06665186915887852,0.0066518691588785235,0.06,0.0,0.0
3.948325,56,15624.008448,medium,1.0,4.0,3,556,4,2,2,2,2,0,0,0,0,0.026168224299065294,0,0.003925233644859793,0.003925233644859793,0.0,0.0,0.0
4.018771,66,15643.567749,medium,1.0,4.0,3,654,4,2,2,2,2,0,0,0,0,0.027803738317757273,40,0.0841705607476636,0.004170560747663592,0.08000000000000002,0.0,0.0
2.545766,63,15662.019566,medium,0.5124610591900312,2.512461059190031,2,628,4,2,2,2,2,0,0,0,0,0.0007009345794392526,48,0.09610514018691589,0.00010514018691588789,0.096,0.0,0.0
4.0411,55,15678.725597,medium,1.0,4.0,3,549,4,2,2,2,2,0,0,0,0,0.0,48,0.096,0.0,0.096,0.0,0.0
2.725506,64,15702.200708,medium,0.684423676012461,2.684423676012461,2,638,4,2,2,2,2,0,0,0,0,0.03254672897196205,60,0.10488200934579431,0.004882009345794307,0.1,0.0,0.0
1.74713,70,15722.476004,medium,0.7119937694704049,1.7119937694704048,1,697,4,2,2,2,2,0,0,0,0,0.03224299065420567,69,0.10483644859813086,0.004836448598130851,0.1,0.0,0.0
4.004887,86,15747.837221,medium,1.0,4.0,3,851,4,2,2,2,2,0,0,0,0,0.013247663551401953,44,0.08998714953271031,0.0019871495327102927,0.08800000000000002,0.0,0.0
2.690145,69,15767.586238,medium,0.7586448598130842,2.758644859813084,2,685,4,2,2,2,2,0,0,0,0,0.0,0,0.0,0.0,0.0,0.0,0.0
2.893847,77,15790.843229,medium,0.868380062305296,2.868380062305296,2,762,4,2,2,2,2,0,0,0,0,0.03778037383177473,48,0.10166705607476621,0.00566705607476621,0.096,0.0,0.0
0.417202,68,15810.808237,medium,0.385202492211838,0.385202492211838,0,680,4,2,2,2,2,0,0,0,0,0.0,66,0.1,0.0,0.1,0.0,0.0
4.005037,71,15831.890452,medium,1.0,4.0,3,702,4,2,2,2,2,0,0,0,0,0.04824766355140079,34,0.07523714953271013,0.007237149532710118,0.068,0.0,0.0
4.043342,63,15855.118326,medium,1.0,4.0,3,624,4,2,2,2,2,0,0,0,0,0.07827881619937571,47,0.10574182242990636,0.011741822429906356,0.094,0.0,0.0
2.848991,71,15875.964748,medium,0.9034267912772586,2.9034267912772584,2,710,4,2,2,2,2,0,0,0,0,0.0037616822429906486,8,0.016564252336448596,0.0005642523364485972,0.016,0.0,0.0
2.778736,67,15895.52576,medium,0.7374610591900311,2.7374610591900312,2,661,4,2,2,2,2,0,0,0,0,0.049166666666666255,72,0.10737499999999994,0.007374999999999939,0.1,0.0,0.0
2.875974,90,15922.208791,medium,0.8699376947040498,2.86993769470405,2,900,4,2,2,2,2,0,0,0,0,0.01357476635514004,47,0.09603621495327101,0.0020362149532710057,0.094,0.0,0.0
0.208753,59,15939.727007,medium,0.16577881619937698,0.16577881619937698,0,584,4,2,2,2,2,0,0,0,0,0.009158878504672882,64,0.10137383177570093,0.001373831775700932,0.1,0.0,0.0
2.989073,78,15962.955297,medium,0.9922118380062306,2.992211838006231,2,771,4,2,2,2,2,0,0,0,0,0.03974299065420432,34,0.07396144859813066,0.005961448598130649,0.068,0.0,0.0
0.242968,63,15982.462224,medium,0.25926791277258565,0.25926791277258565,0,623,4,2,2,2,2,0,0,0,0,0.0,23,0.046,0.0,0.046,0.0,0.0
2.815206,90,16013.773002,medium,0.8024143302180685,2.8024143302180686,2,900,4,2,2,2,2,0,0,0,0,0.01861370716510903,57,0.10279205607476637,0.002792056074766355,0.1,0.0,0.0
2.942366,84,16038.520846,medium,0.9376947040498442,2.9376947040498442,2,834,4,2,2,2,2,0,0,0,0,0.05380841121495194,40,0.08807126168224279,0.00807126168224279,0.08,0.0,0.0
4.030521,59,16055.977345,medium,1.0,4.0,3,583,4,2,2,2,2,0,0,0,0,0.018808411214953396,43,0.088821261682243,0.0028212616822430093,0.086,0.0,0.0
2.994474,90,16082.442452,medium,0.9884735202492212,2.9884735202492214,2,900,4,2,2,2,2,0,0,0,0,0.0,48,0.096,0.0,0.096,0.0,0.0
2.943407,90,16109.210081,medium,0.9714953271028037,2.9714953271028035,2,900,4,2,2,2,2,0,0,0,0,0.06607476635513893,26,0.061911214953270836,0.009911214953270837,0.052,0.0,0.0
1.627382,70,16130.10467,medium,0.5995249221183797,1.5995249221183796,1,691,4,2,2,2,2,0,0,0,0,0.0063785046728969215,48,0.09695677570093454,0.000956775700934538,0.096,0.0,0.0
2.95002,85,16159.682292,medium,0.9320872274143303,2.93208722741433,2,842,4,2,2,2,2,0,0,0,0,0.04088785046728842,48,0.10213317757009327,0.006133177570093261,0.096,0.0,0.0
2.824737,90,16185.922023,medium,0.809423676012461,2.809423676012461,2,900,4,2,2,2,2,0,0,0,0,0.06208722741432921,48,0.10531308411214939,0.009313084112149381,0.096,0.0,0.0
2.935226,84,16210.979985,medium,0.9151869158878505,2.9151869158878503,2,831,4,2,2,2,2,0,0,0,0,0.04759345794392424,48,0.10313901869158863,0.007139018691588636,0.096,0.0,0.0
4.037813,66,16230.652749,medium,1.0,4.0,3,654,4,2,2,2,2,0,0,0,0,0.048084112149532204,48,0.10321261682242983,0.007212616822429831,0.096,0.0,0.0
2.873964,73,16252.395932,medium,0.8711059190031153,2.8711059190031154,2,726,4,2,2,2,2,0,0,0,0,0.049719626168223154,34,0.07545794392523347,0.007457943925233472,0.068,0.0,0.0
3.892036,53,16268.590897,medium,1.0,4.0,3,528,2,2,0,2,0,0,0,0,2,0.03224299065420567,0,-0.05516355140186915,0.0048364485981308505,0.0,0.0,0.06
2.817663,90,16296.1074,medium,0.8351246105919004,2.8351246105919,2,900,4,2,2,2,2,0,0,0,0,0.03025700934579443,34,0.07253855140186917,0.004538551401869165,0.068,0.0,0.0
2.723529,58,16317.898265,medium,0.6908878504672897,2.6908878504672895,2,577,4,2,2,2,2,0,0,0,0,0.05560747663551271,41,0.09034112149532691,0.008341121495326904,0.082,0.0,0.0
2.867066,89,16344.386764,medium,0.8552959501557632,2.8552959501557633,2,885,4,2,2,2,2,0,0,0,0,0.001799065420560747,72,0.10026985981308412,0.00026985981308411204,0.1,0.0,0.0
4.024618,74,16366.246501,medium,1.0,4.0,3,731,4,2,2,2,2,0,0,0,0,0.05145638629283357,45,0.09771845794392503,0.007718457943925035,0.09,0.0,0.0
0.45067,75,16388.799387,medium,0.4676791277258567,0.4676791277258567,0,748,4,2,2,2,2,0,0,0,0,0.011939252336448665,28,0.0577908878504673,0.0017908878504672996,0.056,0.0,0.0
1.552204,72,16410.400954,medium,0.5718613707165097,1.5718613707165097,1,720,4,2,2,2,2,0,0,0,0,0.028948598130839873,24,0.052342289719625984,0.00434228971962598,0.048,0.0,0.0
3.965436,57,16426.79596,medium,1.0,4.0,3,566,4,2,2,2,2,0,0,0,0,0.013574766355140284,10,0.022036214953271044,0.0020362149532710426,0.02,0.0,0.0
2.897113,70,16447.791714,medium,0.8634735202492212,2.8634735202492214,2,695,4,2,2,2,2,0,0,0,0,0.047593457943924625,48,0.1031390186915887,0.007139018691588693,0.096,0.0,0.0
4.016518,66,16467.393878,medium,1.0,4.0,3,658,4,2,2,2,2,0,0,0,0,0.02878504672897171,39,0.08231775700934577,0.004317757009345757,0.07800000000000001,0.0,0.0
4.032061,55,16488.233138,medium,1.0,4.0,3,545,4,2,2,2,2,0,0,0,0,0.08373831775700794,37,0.08656074766355121,0.01256074766355119,0.07400000000000001,0.0,0.0
2.8176,69,16508.457867,medium,0.8089563862928348,2.808956386292835,2,690,4,2,2,2,2,0,0,0,0,0.010957943925233702,38,0.07764369158878506,0.0016436915887850553,0.07600000000000001,0.0,0.0
1.545355,63,16527.080033,medium,0.5570872274143303,1.5570872274143301,1,625,4,2,2,2,2,0,0,0,0,0.018450155763239863,24,0.05076752336448598,0.002767523364485979,0.048,0.0,0.0
2.550992,64,16546.314659,medium,0.5398753894080996,2.5398753894081,2,633,4,2,2,2,2,0,0,0,0,0.0027803738317756974,37,0.07441705607476636,0.0004170560747663546,0.074,0.0,0.0
2.92661,62,16564.714379,medium,0.8890965732087227,2.8890965732087226,2,619,4,2,2,2,2,0,0,0,0,0.022757009345794475,48,0.09941355140186918,0.003413551401869171,0.096,0.0,0.0
2.801059,69,16584.917338,medium,0.7690031152647975,2.7690031152647974,2,689,4,2,2,2,2,0,0,0,0,0.03303738317756967,48,0.10095560747663546,0.004955607476635451,0.096,0.0,0.0
2.899089,77,16607.433607,medium,0.8753894080996885,2.8753894080996885,2,763,4,2,2,2,2,0,0,0,0,0.0,72,0.1,0.0,0.1,0.0,0.0
2.936957,78,16635.08406,medium,0.9420560747663551,2.942056074766355,2,778,4,2,2,2,2,0,0,0,0,0.031339563862928535,34,0.07270093457943928,0.00470093457943928,0.068,0.0,0.0
2.901921,90,16661.859248,medium,0.942601246105919,2.942601246105919,2,900,4,2,2,2,2,0,0,0,0,0.008800623052959505,24,0.04932009345794393,0.0013200934579439259,0.048,0.0,0.0
3.983638,70,16682.952938,medium,1.0,4.0,3,693,4,2,2,2,2,0,0,0,0,0.03292056074766252,24,0.052938084112149376,0.004938084112149378,0.048,0.0,0.0
1.644474,66,16702.14293,medium,0.6126947040498443,1.6126947040498443,1,653,4,2,2,2,2,0,0,0,0,0.007196261682243014,48,0.09707943925233646,0.001079439252336452,0.096,0.0,0.0
2.889846,72,16723.775145,medium,0.889018691588785,2.889018691588785,2,716,4,2,2,2,2,0,0,0,0,0.029517133956386356,34,0.07242757009345796,0.004427570093457954,0.068,0.0,0.0
3.010284,83,16748.615011,medium,0.9938473520249221,2.9938473520249222,2,824,4,2,2,2,2,0,0,0,0,0.03224299065420567,47,0.09883644859813084,0.0048364485981308505,0.094,0.0,0.0
1.647824,66,16768.351288,medium,0.6123052959501558,1.6123052959501558,1,660,4,2,2,2,2,0,0,0,0,0.010124610591900316,55,0.10151869158878506,0.0015186915887850472,0.1,0.0,0.0
1.792422,79,16796.403977,medium,0.7749221183800623,1.7749221183800623,1,785,4,2,2,2,2,0,0,0,0,0.0,48,0.096,0.0,0.096,0.0,0.0
4.001221,55,16812.934914,medium,1.0,4.0,3,549,4,2,2,2,2,0,0,0,0,0.027476635514018497,26,0.05612149532710277,0.004121495327102775,0.052,0.0,0.0
2.748354,68,16833.626702,medium,0.7156542056074766,2.7156542056074766,2,673,4,2,2,2,2,0,0,0,0,0.0,58,0.1,0.0,0.1,0.0,0.0
0.470486,69,16854.100185,medium,0.4415109034267913,0.4415109034267913,0,681,4,2,2,2,2,0,0,0,0,0.007165109034267917,48,0.09707476635514019,0.0010747663551401877,0.096,0.0,0.0
1.656393,90,16880.829155,medium,0.6948598130841122,1.6948598130841122,1,900,4,2,2,2,2,0,0,0,0,0.023551401869158457,24,0.05153271028037377,0.0035327102803737677,0.048,0.0,0.0
4.010553,70,16901.566016,medium,1.0,4.0,3,699,4,2,2,2,2,0,0,0,0,0.016355140186915966,39,0.08045327102803741,0.002453271028037395,0.07800000000000001,0.0,0.0
4.044549,65,16921.27255,medium,1.0,4.0,3,642,4,2,2,2,2,0,0,0,0,0.058325545171338714,68,0.10874883177570081,0.008748831775700808,0.1,0.0,0.0
1.730641,76,16947.877493,medium,0.7040498442367601,1.70404984423676,1,752,4,2,2,2,2,0,0,0,0,0.011939252336448668,72,0.1017908878504673,0.0017908878504673,0.1,0.0,0.0
4.013687,57,16964.711118,medium,1.0,4.0,3,570,4,2,2,2,2,0,0,0,0,0.017912772585669777,34,0.07068691588785048,0.0026869158878504665,0.068,0.0,0.0
1.658465,76,16987.950814,medium,0.6636292834890966,1.6636292834890964,1,752,4,2,2,2,2,0,0,0,0,0.013574766355140273,34,0.07003621495327104,0.0020362149532710413,0.068,0.0,0.0
2.770036,64,17006.728784,medium,0.7356697819314642,2.735669781931464,2,634,4,2,2,2,2,0,0,0,0,0.011775700934579011,48,0.09776635514018685,0.0017663551401868518,0.096,0.0,0.0
2.958533,69,17027.10762,medium,0.9219626168224299,2.9219626168224297,2,689,4,2,2,2,2,0,0,0,0,0.03647196261682258,65,0.1054707943925234,0.005470794392523387,0.1,0.0,0.0
2.867575,90,17053.845906,medium,0.8574766355140186,2.8574766355140184,2,900,4,2,2,2,2,0,0,0,0,0.0006542056074766429,62,0.1000981308411215,9.813084112149644e-05,0.1,0.0,0.0
4.000686,55,17069.986218,medium,1.0,4.0,3,546,4,2,2,2,2,0,0,0,0,0.03524143302180701,25,0.05528621495327105,0.0052862149532710515,0.05,0.0,0.0
2.81806,65,17089.410227,medium,0.7799065420560748,2.7799065420560747,2,643,4,2,2,2,2,0,0,0,0,0.01635514018691538,61,0.10245327102803731,0.002453271028037307,0.1,0.0,0.0
1.647317,90,17120.320325,medium,0.6406542056074767,1.6406542056074767,1,900,4,2,2,2,2,0,0,0,0,0.004415887850467302,48,0.0966623831775701,0.0006623831775700952,0.096,0.0,0.0
2.875917,63,17138.876335,medium,0.8371495327102804,2.8371495327102805,2,629,4,2,2,2,2,0,0,0,0,0.03778037383177507,48,0.10166705607476627,0.00566705607476626,0.096,0.0,0.0
2.85405,84,17163.473689,medium,0.8351246105919004,2.8351246105919,2,837,4,2,2,2,2,0,0,0,0,0.01750000000000009,96,0.10262500000000002,0.002625000000000013,0.1,0.0,0.0
2.922443,70,17184.607006,medium,0.9432242990654206,2.9432242990654207,2,691,4,2,2,2,2,0,0,0,0,0.0021261682242990887,24,0.048318925233644866,0.00031892523364486334,0.048,0.0,0.0
1.972309,90,17211.476058,medium,0.963683800623053,1.963683800623053,1,900,4,2,2,2,2,0,0,0,0,0.017499999999999988,48,0.098625,0.002624999999999998,0.096,0.0,0.0
1.473688,87,17237.169124,medium,0.5113239875389408,1.5113239875389408,1,862,4,2,2,2,2,0,0,0,0,0.0037616822429906794,24,0.0485642523364486,0.0005642523364486018,0.048,0.0,0.0
2.953116,90,17268.357707,medium,0.9376947040498442,2.9376947040498442,2,900,4,2,2,2,2,0,0,0,0,0.036144859813084115,76,0.10542172897196263,0.005421728971962619,0.1,0.0,0.0
1.648422,71,17288.976221,medium,0.6160436137071651,1.616043613707165,1,707,4,2,2,2,2,0,0,0,0,0.020521806853582656,72,0.1030782710280374,0.0030782710280373984,0.1,0.0,0.0
3.958081,77,17312.539767,medium,1.0,4.0,3,761,4,2,2,2,2,0,0,0,0,0.0678738317756997,12,0.03418107476635496,0.010181074766354953,0.024,0.0,0.0
4.018343,68,17333.476522,medium,1.0,4.0,3,680,4,2,2,2,2,0,0,0,0,0.002289719626168249,43,0.08634345794392526,0.00034345794392523737,0.08600000000000002,0.0,0.0
1.674751,62,17351.637266,medium,0.6732866043613707,1.6732866043613708,1,617,4,2,2,2,2,0,0,0,0,0.021098130841121537,30,0.06316471962616822,0.0031647196261682313,0.06,0.0,0.0
2.958692,90,17378.311518,medium,0.9469626168224299,2.9469626168224297,2,900,4,2,2,2,2,0,0,0,0,0.011526479750778813,56,0.10172897196261682,0.001728971962616822,0.1,0.0,0.0
1.462885,57,17395.555075,medium,0.4153426791277259,1.415342679127726,1,568,4,2,2,2,2,0,0,0,0,0.028948598130840802,71,0.10434228971962613,0.00434228971962612,0.1,0.0,0.0
2.64828,81,17424.189225,medium,0.6275700934579439,2.627570093457944,2,801,4,2,2,2,2,0,0,0,0,0.00539719626168201,68,0.10080957943925231,0.0008095794392523016,0.1,0.0,0.0
0.346149,59,17441.942292,medium,0.3413473520249222,0.3413473520249222,0,584,4,2,2,2,2,0,0,0,0,0.008014018691588841,31,0.06320210280373834,0.0012021028037383261,0.062000000000000006,0.0,0.0
2.816906,84,17466.573778,medium,0.8847352024922118,2.884735202492212,2,840,4,2,2,2,2,0,0,0,0,0.02780373831775681,6,0.016170560747663522,0.004170560747663522,0.012,0.0,0.0
2.73588,62,17485.286585,medium,0.696417445482866,2.696417445482866,2,612,4,2,2,2,2,0,0,0,0,0.004415887850467282,68,0.10066238317757009,0.0006623831775700923,0.1,0.0,0.0
2.868871,90,17512.656147,medium,0.8596573208722741,2.859657320872274,2,900,4,2,2,2,2,0,0,0,0,0.021425233644858908,48,0.09921378504672884,0.0032137850467288363,0.096,0.0,0.0
2.784521,71,17533.977541,medium,0.7504672897196262,2.750467289719626,2,710,4,2,2,2,2,0,0,0,0,0.03369158878504532,67,0.1050537383177568,0.005053738317756798,0.1,0.0,0.0
2.913268,69,17554.4863,medium,0.9098130841121496,2.9098130841121495,2,684,4,2,2,2,2,0,0,0,0,0.025700934579439314,34,0.0718551401869159,0.0038551401869158968,0.068,0.0,0.0
2.655281,68,17579.392468,medium,0.7078660436137072,2.7078660436137074,2,676,4,2,2,2,2,0,0,0,0,0.07343457943925069,2,0.015015186915887603,0.011015186915887603,0.004,0.0,0.0
2.719763,73,17601.148588,medium,0.6898753894080997,2.6898753894081,2,721,4,2,2,2,2,0,0,0,0,0.013247663551401995,72,0.1019871495327103,0.0019871495327102996,0.1,0.0,0.0
2.82611,78,17624.745819,medium,0.8138629283489096,2.8138629283489096,2,774,4,2,2,2,2,0,0,0,0,0.010981308411214951,44,0.08964719626168224,0.0016471962616822428,0.088,0.0,0.0
2.860244,90,17651.108671,medium,0.848208722741433,2.848208722741433,2,900,4,2,2,2,2,0,0,0,0,0.040233644859811964,48,0.10203504672897179,0.006035046728971794,0.096,0.0,0.0
2.785135,82,17675.163401,medium,0.7880841121495327,2.788084112149533,2,814,4,2,2,2,2,0,0,0,0,0.06967289719626006,34,0.07845093457943901,0.010450934579439006,0.068,0.0,0.0
4.02001,77,17698.019477,medium,1.0,4.0,3,768,4,2,2,2,2,0,0,0,0,0.005397196261682243,48,0.09680957943925234,0.0008095794392523363,0.096,0.0,0.0
2.829468,78,17720.797647,medium,0.8598130841121495,2.8598130841121496,2,780,4,2,2,2,2,0,0,0,0,0.024369158878504618,22,0.04765537383177569,0.0036553738317756917,0.044,0.0,0.0
3.9126,46,17738.846359,medium,1.0,4.0,3,454,1,0,1,0,1,0,0,0,3,0.0,24,-0.041999999999999996,0.0,0.048,0.0,0.09
2.894446,62,17757.153406,medium,0.8989096573208722,2.898909657320872,2,612,4,2,2,2,2,0,0,0,0,0.00490654205607476,28,0.05673598130841122,0.000735981308411214,0.056,0.0,0.0
2.946102,64,17775.921494,medium,0.9034267912772586,2.9034267912772584,2,639,4,2,2,2,2,0,0,0,0,0.04383177570093338,58,0.10657476635514002,0.006574766355140007,0.1,0.0,0.0
4.034305,67,17795.686434,medium,1.0,4.0,3,667,4,2,2,2,2,0,0,0,0,0.03336448598130791,48,0.10100467289719618,0.005004672897196185,0.096,0.0,0.0
2.990679,62,17814.011735,medium,0.9457943925233645,2.9457943925233643,2,611,4,2,2,2,2,0,0,0,0,0.06656542056074571,48,0.10598481308411185,0.009984813084111857,0.096,0.0,0.0
0.509213,61,17832.128661,medium,0.4672897196261682,0.4672897196261682,0,608,4,2,2,2,2,0,0,0,0,0.018154205607476083,72,0.10272313084112142,0.0027231308411214124,0.1,0.0,0.0
4.031763,69,17852.840195,medium,1.0,4.0,3,688,4,2,2,2,2,0,0,0,0,0.03042056074766252,48,0.10056308411214938,0.004563084112149378,0.096,0.0,0.0
2.851757,58,17870.137286,medium,0.8060747663551402,2.80607476635514,2,578,4,2,2,2,2,0,0,0,0,0.04988317757009231,48,0.10348247663551385,0.0074824766355138465,0.096,0.0,0.0
0.233479,57,17891.536371,medium,0.21869158878504674,0.21869158878504674,0,565,4,2,2,2,2,0,0,0,0,0.02191588785046692,34,0.07128738317757004,0.0032873831775700377,0.068,0.0,0.0
2.916346,61,17909.60721,medium,0.9032710280373831,2.9032710280373832,2,602,4,2,2,2,2,0,0,0,0,0.03516355140186815,34,0.07327453271028023,0.005274532710280223,0.068,0.0,0.0
2.885078,90,17935.944918,medium,0.9376947040498442,2.9376947040498442,2,900,4,2,2,2,2,0,0,0,0,0.049221183800621585,15,0.03738317757009324,0.0073831775700932386,0.03,0.0,0.0
2.718815,65,17954.989064,medium,0.729828660436137,2.7298286604361373,2,645,4,2,2,2,2,0,0,0,0,0.036573208722739975,24,0.053485981308411,0.005485981308410996,0.048,0.0,0.0
3.983071,72,17975.7808,medium,1.0,4.0,3,717,4,2,2,2,2,0,0,0,0,0.045140186915887094,24,0.05477102803738307,0.006771028037383064,0.048,0.0,0.0
2.90936,90,18002.262024,medium,0.9154205607476635,2.9154205607476635,2,900,4,2,2,2,2,0,0,0,0,0.052928348909656774,38,0.08393925233644853,0.007939252336448516,0.07600000000000001,0.0,0.0
2.783378,69,18022.236719,medium,0.7521806853582554,2.7521806853582556,2,689,4,2,2,2,2,0,0,0,0,0.02731308411214972,48,0.10009696261682247,0.0040969626168224586,0.096,0.0,0.0
2.900943,90,18053.231438,medium,0.8901090342679128,2.8901090342679128,2,900,4,2,2,2,2,0,0,0,0,0.005560747663551463,88,0.10083411214953272,0.0008341121495327195,0.1,0.0,0.0
2.748111,60,18070.770938,medium,0.7265576323987539,2.726557632398754,2,594,4,2,2,2,2,0,0,0,0,0.08635514018691433,34,0.08095327102803715,0.012953271028037148,0.068,0.0,0.0
2.970499,72,18092.261934,medium,0.9410436137071652,2.941043613707165,2,716,4,2,2,2,2,0,0,0,0,0.007032710280373822,64,0.10105490654205608,0.0010549065420560734,0.1,0.0,0.0
2.797149,65,18111.367441,medium,0.7537383177570094,2.7537383177570094,2,647,4,2,2,2,2,0,0,0,0,0.05407320872274038,90,0.10811098130841106,0.008110981308411055,0.1,0.0,0.0
2.715772,77,18133.357822,medium,0.7427570093457944,2.7427570093457945,2,768,4,2,2,2,2,0,0,0,0,0.012102803738317828,24,0.04981542056074768,0.0018154205607476743,0.048,0.0,0.0
1.795014,76,18155.591347,medium,0.790576323987539,1.790576323987539,1,757,4,2,2,2,2,0,0,0,0,0.014252336448598128,39,0.08013785046728973,0.0021378504672897192,0.07800000000000001,0.0,0.0
3.888478,54,18171.817377,medium,1.0,4.0,3,540,2,2,0,2,0,0,0,0,2,0.01651869158878517,0,-0.05752219626168222,0.002477803738317775,0.0,0.0,0.06
2.71579,87,18201.986038,medium,0.734190031152648,2.734190031152648,2,864,4,2,2,2,2,0,0,0,0,0.0,34,0.068,0.0,0.068,0.0,0.0
2.685498,66,18221.54703,medium,0.7066978193146417,2.7066978193146416,2,652,4,2,2,2,2,0,0,0,0,0.0,22,0.044,0.0,0.044,0.0,0.0
2.897662,77,18244.235792,medium,0.8689252336448599,2.86892523364486,2,761,4,2,2,2,2,0,0,0,0,0.03224299065420567,64,0.10483644859813085,0.00483644859813085,0.1,0.0,0.0
2.864608,73,18266.399911,medium,0.8262461059190032,2.826246105919003,2,723,4,2,2,2,2,0,0,0,0,0.07108255451713257,66,0.11066238317756989,0.010662383177569885,0.1,0.0,0.0
2.89375,75,18288.717506,medium,0.8700155763239875,2.8700155763239876,2,744,4,2,2,2,2,0,0,0,0,0.014228971962616447,48,0.09813434579439247,0.002134345794392467,0.096,0.0,0.0
4.022222,58,18306.160355,medium,1.0,4.0,3,576,4,2,2,2,2,0,0,0,0,0.07881619937694723,34,0.07982242990654209,0.011822429906542083,0.068,0.0,0.0
2.759091,90,18332.405982,medium,0.7433021806853582,2.743302180685358,2,900,4,2,2,2,2,0,0,0,0,0.06525700934579273,48,0.10578855140186891,0.00978855140186891,0.096,0.0,0.0
3.994321,64,18355.601649,medium,1.0,4.0,3,639,4,2,2,2,2,0,0,0,0,0.0014719626168224274,29,0.05822079439252337,0.00022079439252336411,0.058,0.0,0.0
2.745071,65,18375.207386,medium,0.706386292834891,2.7063862928348907,2,647,4,2,2,2,2,0,0,0,0,0.04922897196261577,48,0.10338434579439237,0.007384345794392366,0.096,0.0,0.0
4.034188,75,18398.101756,medium,1.0,4.0,3,743,4,2,2,2,2,0,0,0,0,0.05658878504672764,72,0.10848831775700915,0.008488317757009145,0.1,0.0,0.0
2.83936,65,18417.196281,medium,0.8536604361370717,2.853660436137072,2,643,4,2,2,2,2,0,0,0,0,0.0,25,0.05,0.0,0.05,0.0,0.0
3.996859,72,18438.386347,medium,1.0,4.0,3,713,4,2,2,2,2,0,0,0,0,0.01439252336448567,33,0.06815887850467285,0.0021588785046728503,0.066,0.0,0.0
3.958186,55,18455.068224,medium,1.0,4.0,3,548,4,2,2,2,2,0,0,0,0,0.08657320872274117,0,0.012985981308411176,0.012985981308411176,0.0,0.0,0.0
3.981083,57,18472.242388,medium,1.0,4.0,3,563,4,2,2,2,2,0,0,0,0,0.0758878504672882,13,0.03738317757009323,0.01138317757009323,0.026000000000000002,0.0,0.0
0.458408,65,18491.411806,medium,0.4708722741433022,0.4708722741433022,0,645,4,2,2,2,2,0,0,0,0,0.013574766355139743,25,0.052036214953270966,0.0020362149532709615,0.05,0.0,0.0
2.761174,61,18513.729387,medium,0.7830996884735203,2.7830996884735204,2,607,4,2,2,2,2,0,0,0,0,0.03183021806853557,17,0.038774532710280335,0.004774532710280336,0.034,0.0,0.0
1.664711,77,18536.795179,medium,0.6417445482866043,1.6417445482866042,1,761,4,2,2,2,2,0,0,0,0,0.020443925233645004,48,0.09906658878504675,0.0030665887850467506,0.096,0.0,0.0
2.929332,90,18563.150074,medium,0.9235981308411215,2.9235981308411216,2,900,4,2,2,2,2,0,0,0,0,0.051557632398753966,44,0.09573364485981309,0.0077336448598130944,0.088,0.0,0.0
4.036031,71,18584.316104,medium,1.0,4.0,3,702,4,2,2,2,2,0,0,0,0,0.04154205607476606,72,0.10623130841121492,0.006231308411214908,0.1,0.0,0.0
2.87465,90,18610.227644,medium,0.8598130841121495,2.8598130841121496,2,900,4,2,2,2,2,0,0,0,0,0.03224299065420567,72,0.10483644859813085,0.00483644859813085,0.1,0.0,0.0
3.988312,70,18630.829021,medium,1.0,4.0,3,693,4,2,2,2,2,0,0,0,0,0.024080996884735337,27,0.0576121495327103,0.003612149532710301,0.054,0.0,0.0
0.462162,62,18649.36491,medium,0.42096573208722704,0.42096573208722704,0,614,4,2,2,2,2,0,0,0,0,0.017305295950155425,72,0.10259579439252332,0.0025957943925233136,0.1,0.0,0.0
4.040536,65,18673.438299,medium,1.0,4.0,3,643,4,2,2,2,2,0,0,0,0,0.03224299065420567,79,0.10483644859813085,0.00483644859813085,0.1,0.0,0.0
0.373184,60,18691.744743,medium,0.40498442367601245,0.40498442367601245,0,598,4,2,2,2,2,0,0,0,0,0.0,14,0.028000000000000004,0.0,0.028000000000000004,0.0,0.0
2.953598,64,18710.736316,medium,0.9479127725856697,2.9479127725856697,2,631,4,2,2,2,2,0,0,0,0,0.005233644859812938,34,0.06878504672897194,0.0007850467289719407,0.068,0.0,0.0
4.037059,64,18730.380355,medium,1.0,4.0,3,637,4,2,2,2,2,0,0,0,0,0.03172897196261601,48,0.1007593457943924,0.004759345794392402,0.096,0.0,0.0
2.959276,62,18748.667334,medium,0.9304205607476635,2.9304205607476637,2,615,4,2,2,2,2,0,0,0,0,0.015700934579439326,44,0.0903551401869159,0.002355140186915899,0.088,0.0,0.0
3.984031,80,18771.788823,medium,1.0,4.0,3,796,4,2,2,2,2,0,0,0,0,0.02420560747663571,30,0.06363084112149536,0.0036308411214953564,0.060000000000000005,0.0,0.0
0.501143,80,18795.176076,medium,0.4768457943925228,0.4768457943925228,0,798,4,2,2,2,2,0,0,0,0,0.027313084112148982,64,0.10409696261682236,0.0040969626168223475,0.1,0.0,0.0
1.66482,69,18819.564457,medium,0.7302102803738307,1.7302102803738308,1,688,4,2,2,2,2,0,0,0,0,0.022733644859812104,0,0.0034100467289718155,0.0034100467289718155,0.0,0.0,0.0
0.487748,61,18837.302108,medium,0.44971962616822375,0.44971962616822375,0,604,4,2,2,2,2,0,0,0,0,0.01619158878504625,48,0.09842873831775693,0.0024287383177569377,0.096,0.0,0.0
4.025794,78,18860.07874,medium,1.0,4.0,3,777,4,2,2,2,2,0,0,0,0,0.06329439252336366,47,0.10349415887850455,0.00949415887850455,0.094,0.0,0.0
0.455474,60,18877.646304,medium,0.46468847352024817,0.46468847352024817,0,599,4,2,2,2,2,0,0,0,0,0.03123831775700834,23,0.05068574766355125,0.00468574766355125,0.046,0.0,0.0
2.902199,73,18899.062499,medium,0.8732866043613707,2.873286604361371,2,730,4,2,2,2,2,0,0,0,0,0.03941588785046726,48,0.10191238317757009,0.005912383177570089,0.096,0.0,0.0
4.032908,72,18920.537713,medium,1.0,4.0,3,719,4,2,2,2,2,0,0,0,0,0.032056074766354734,69,0.10480841121495321,0.00480841121495321,0.1,0.0,0.0
2.807476,83,18944.689346,medium,0.7979750778816199,2.79797507788162,2,830,4,2,2,2,2,0,0,0,0,0.04334112149532623,43,0.09250116822429895,0.0065011682242989335,0.08600000000000002,0.0,0.0
2.822141,90,18975.831598,medium,0.8149532710280374,2.8149532710280374,2,900,4,2,2,2,2,0,0,0,0,0.047920560747662246,45,0.09718808411214935,0.007188084112149337,0.09000000000000001,0.0,0.0
1.871158,90,19001.686337,medium,0.8697819314641745,1.8697819314641744,1,900,4,2,2,2,2,0,0,0,0,0.03584112149532723,43,0.09137616822429907,0.005376168224299085,0.086,0.0,0.0
1.668387,61,19019.582865,medium,0.6266510903426791,1.626651090342679,1,603,4,2,2,2,2,0,0,0,0,0.013574766355140088,58,0.10203621495327102,0.002036214953271013,0.1,0.0,0.0
2.757137,90,19046.575076,medium,0.7531152647975078,2.7531152647975077,2,900,4,2,2,2,2,0,0,0,0,0.05348130841121362,43,0.09402219626168207,0.008022196261682045,0.08600000000000002,0.0,0.0
2.899858,65,19065.953316,medium,0.9108255451713395,2.9108255451713396,2,645,4,2,2,2,2,0,0,0,0,0.02355140186915844,25,0.05353271028037376,0.003532710280373767,0.049999999999999996,0.0,0.0
1.602704,61,19084.339727,medium,0.6156542056074766,1.6156542056074765,1,602,4,2,2,2,2,0,0,0,0,0.008333333333333338,23,0.04725,0.0012500000000000007,0.046,0.0,0.0
0.4719,63,19103.557099,medium,0.48278816199376945,0.48278816199376945,0,622,4,2,2,2,2,0,0,0,0,0.022079439252336224,24,0.05131191588785043,0.0033119158878504333,0.048,0.0,0.0
1.755402,68,19124.043463,medium,0.72297507788162,1.72297507788162,1,674,4,2,2,2,2,0,0,0,0,0.025514018691588685,48,0.0998271028037383,0.0038271028037383027,0.096,0.0,0.0
2.757139,90,19154.344367,medium,0.7510903426791278,2.7510903426791278,2,900,4,2,2,2,2,0,0,0,0,0.00032710280373832146,48,0.09604906542056076,4.906542056074822e-05,0.096,0.0,0.0
3.979654,77,19177.843359,medium,1.0,4.0,3,761,4,2,2,2,2,0,0,0,0,0.025023364485981383,26,0.055753504672897206,0.0037535046728972075,0.052,0.0,0.0
4.010389,61,19195.896515,medium,1.0,4.0,3,608,4,2,2,2,2,0,0,0,0,0.021261682242990406,34,0.07118925233644857,0.003189252336448561,0.068,0.0,0.0
0.350508,58,19213.327198,medium,0.3027258566978193,0.3027258566978193,0,571,4,2,2,2,2,0,0,0,0,0.032546728971962334,72,0.10488200934579435,0.00488200934579435,0.1,0.0,0.0
2.964845,70,19234.501055,medium,0.9343457943925234,2.9343457943925233,2,695,4,2,2,2,2,0,0,0,0,0.026658878504671864,48,0.09999883177570078,0.003998831775700779,0.096,0.0,0.0
2.703801,68,19255.120611,medium,0.6748442367601246,2.6748442367601246,2,673,4,2,2,2,2,0,0,0,0,0.001713395638629284,48,0.0962570093457944,0.00025700934579439257,0.096,0.0,0.0
1.578313,66,19274.818626,medium,0.5517133956386293,1.5517133956386293,1,654,4,2,2,2,2,0,0,0,0,0.0,46,0.092,0.0,0.092,0.0,0.0
2.711603,61,19297.02753,medium,0.7112928348909657,2.7112928348909655,2,604,4,2,2,2,2,0,0,0,0,0.03140186915887815,28,0.06071028037383172,0.004710280373831722,0.056,0.0,0.0
1.850274,79,19320.369624,medium,0.8254672897196261,1.8254672897196262,1,788,4,2,2,2,2,0,0,0,0,0.024042056074766036,72,0.1036063084112149,0.003606308411214905,0.1,0.0,0.0
0.351951,70,19341.207524,medium,0.32531152647975076,0.32531152647975076,0,699,4,2,2,2,2,0,0,0,0,0.003598130841121535,48,0.09653971962616824,0.0005397196261682303,0.096,0.0,0.0
3.990018,62,19359.593065,medium,1.0,4.0,3,618,4,2,2,2,2,0,0,0,0,0.02545171339563876,24,0.051817757009345815,0.003817757009345814,0.048,0.0,0.0
3.003689,78,19382.053193,medium,0.9807632398753894,2.9807632398753894,2,778,4,2,2,2,2,0,0,0,0,0.03150311526479769,48,0.10072546728971965,0.004725467289719653,0.096,0.0,0.0
4.021897,67,19401.568787,medium,1.0,4.0,3,668,4,2,2,2,2,0,0,0,0,0.04464953271027921,41,0.08869742990654189,0.006697429906541882,0.082,0.0,0.0
3.977311,72,19423.267722,medium,1.0,4.0,3,716,4,2,2,2,2,0,0,0,0,0.00607476635514019,24,0.048911214953271026,0.0009112149532710284,0.048,0.0,0.0
2.749136,61,19445.737,medium,0.7035046728971963,2.7035046728971963,2,606,4,2,2,2,2,0,0,0,0,0.04154205607476538,68,0.10623130841121481,0.006231308411214806,0.1,0.0,0.0
4.009232,69,19465.985991,medium,1.0,4.0,3,681,4,2,2,2,2,0,0,0,0,0.0088785046728972,38,0.0773317757009346,0.00133177570093458,0.07600000000000001,0.0,0.0
2.841017,80,19489.198915,medium,0.8416666666666667,2.841666666666667,2,799,4,2,2,2,2,0,0,0,0,0.035000000000000066,37,0.07925000000000001,0.005250000000000011,0.07400000000000001,0.0,0.0
1.561119,66,19508.586234,medium,0.5237538940809969,1.523753894080997,1,658,4,2,2,2,2,0,0,0,0,0.02109813084112123,96,0.10316471962616819,0.003164719626168184,0.1,0.0,0.0
0.441319,75,19530.798914,medium,0.41518691588785045,0.41518691588785045,0,748,4,2,2,2,2,0,0,0,0,0.006214953271027769,67,0.10093224299065418,0.0009322429906541653,0.1,0.0,0.0
2.935842,72,19551.17537,medium,0.9034267912772586,2.9034267912772584,2,720,4,2,2,2,2,0,0,0,0,0.05609813084112042,48,0.10441471962616806,0.008414719626168063,0.096,0.0,0.0
2.940082,79,19574.086839,medium,0.9692367601246106,2.969236760124611,2,787,4,2,2,2,2,0,0,0,0,0.01030373831775674,24,0.04954556074766351,0.0015455607476635115,0.048,0.0,0.0
2.812857,85,19603.120177,medium,0.8024143302180685,2.8024143302180686,2,845,4,2,2,2,2,0,0,0,0,0.0462850467289707,44,0.0949427570093456,0.006942757009345605,0.088,0.0,0.0
4.001538,69,19623.797362,medium,1.0,4.0,3,684,4,2,2,2,2,0,0,0,0,0.012920560747663614,34,0.06993808411214955,0.001938084112149542,0.068,0.0,0.0
1.522886,86,19649.395016,medium,0.5066043613707164,1.5066043613707163,1,853,4,2,2,2,2,0,0,0,0,0.023878504672896973,49,0.10158177570093455,0.003581775700934546,0.098,0.0,0.0
2.86432,64,19668.276658,medium,0.8164330218068536,2.8164330218068536,2,633,4,2,2,2,2,0,0,0,0,0.07457943925233475,96,0.11118691588785022,0.01118691588785021,0.1,0.0,0.0
2.738759,90,19694.228837,medium,0.7423676012461059,2.742367601246106,2,900,4,2,2,2,2,0,0,0,0,0.029275700934578177,41,0.08639135514018673,0.004391355140186727,0.082,0.0,0.0
1.494052,62,19712.359954,medium,0.48520249221183803,1.485202492211838,1,618,4,2,2,2,2,0,0,0,0,0.017663551401868954,34,0.07064953271028035,0.002649532710280343,0.068,0.0,0.0
2.919034,90,19739.040262,medium,0.9043613707165109,2.904361370716511,2,900,4,2,2,2,2,0,0,0,0,0.031152647975077944,61,0.1046728971962617,0.0046728971962616914,0.1,0.0,0.0
2.822243,69,19767.61707,medium,0.7891744548286604,2.7891744548286606,2,685,4,2,2,2,2,0,0,0,0,0.037126168224298976,48,0.10156892523364484,0.005568925233644845,0.096,0.0,0.0
0.478906,61,19785.746655,medium,0.4753115264797508,0.4753115264797508,0,607,4,2,2,2,2,0,0,0,0,0.0019626168224299015,32,0.06429439252336448,0.0002943925233644852,0.064,0.0,0.0
4.044964,65,19804.851162,medium,1.0,4.0,3,648,4,2,2,2,2,0,0,0,0,0.06509345794392349,53,0.10976401869158853,0.009764018691588524,0.1,0.0,0.0
0.441034,66,19824.411629,medium,0.46113707165109036,0.46113707165109036,0,656,4,2,2,2,2,0,0,0,0,0.009976635514018397,22,0.045496495327102766,0.0014964953271027594,0.044000000000000004,0.0,0.0
2.847094,90,19851.070795,medium,0.886993769470405,2.886993769470405,2,899,4,2,2,2,2,0,0,0,0,0.0,25,0.049999999999999996,0.0,0.049999999999999996,0.0,0.0
3.959396,60,19869.337393,medium,1.0,4.0,3,593,4,2,2,2,2,0,0,0,0,0.03130841121495333,7,0.018696261682242997,0.004696261682242998,0.014,0.0,0.0
4.018365,83,19893.438701,medium,1.0,4.0,3,821,4,2,2,2,2,0,0,0,0,0.02976635514018663,48,0.100464953271028,0.004464953271027994,0.096,0.0,0.0
2.945912,90,19925.801201,medium,0.9436915887850468,2.9436915887850468,2,900,4,2,2,2,2,0,0,0,0,0.06813862928348775,41,0.09222079439252316,0.010220794392523163,0.082,0.0,0.0
0.474532,85,19951.208254,medium,0.46236760124610576,0.46236760124610576,0,844,4,2,2,2,2,0,0,0,0,0.003761682242990528,48,0.09656425233644858,0.0005642523364485792,0.096,0.0,0.0
3.890186,54,19967.568727,medium,1.0,4.0,3,532,2,2,0,2,0,0,0,0,2,0.02257009345794392,0,-0.05661448598130841,0.0033855140186915874,0.0,0.0,0.06
2.881427,90,19994.265342,medium,0.9034267912772586,2.9034267912772584,2,900,4,2,2,2,2,0,0,0,0,0.0,34,0.068,0.0,0.068,0.0,0.0
3.980454,76,20017.240739,medium,1.0,4.0,3,752,4,2,2,2,2,0,0,0,0,0.051028037383176725,24,0.05565420560747651,0.007654205607476509,0.048,0.0,0.0
2.973064,70,20038.013334,medium,0.9748442367601247,2.9748442367601244,2,693,4,2,2,2,2,0,0,0,0,0.036799065420559655,31,0.06751985981308395,0.0055198598130839485,0.062000000000000006,0.0,0.0
2.564539,59,20055.197703,medium,0.5146417445482866,2.5146417445482867,2,581,4,2,2,2,2,0,0,0,0,0.053317757009344484,92,0.10799766355140168,0.007997663551401671,0.1,0.0,0.0
0.478149,68,20079.334334,medium,0.4452492211838006,0.4452492211838006,0,671,4,2,2,2,2,0,0,0,0,0.0,64,0.1,0.0,0.1,0.0,0.0
3.974556,65,20098.284287,medium,1.0,4.0,3,644,4,2,2,2,2,0,0,0,0,0.03303738317757035,17,0.038955607476635554,0.004955607476635554,0.034,0.0,0.0
2.756078,87,20123.920268,medium,0.8258566978193146,2.8258566978193147,2,866,4,2,2,2,2,0,0,0,0,0.018808411214953396,7,0.01682126168224301,0.0028212616822430097,0.014,0.0,0.0
2.816918,86,20149.005983,medium,0.7975077881619937,2.797507788161994,2,853,4,2,2,2,2,0,0,0,0,0.03140186915887839,88,0.10471028037383176,0.004710280373831759,0.1,0.0,0.0
1.706146,66,20168.409313,medium,0.6790654205607471,1.6790654205607471,1,659,4,2,2,2,2,0,0,0,0,0.03320093457943881,44,0.09298014018691582,0.00498014018691582,0.088,0.0,0.0
1.655787,78,20191.230498,medium,0.6651869158878505,1.6651869158878505,1,774,4,2,2,2,2,0,0,0,0,0.0,34,0.068,0.0,0.068,0.0,0.0
3.959443,61,20209.439723,medium,1.0,4.0,3,610,3,2,1,2,1,0,0,0,1,0.042951713395637386,22,0.020442757009345613,0.006442757009345609,0.044000000000000004,0.0,0.03
2.907542,78,20237.654401,medium,0.8956386292834891,2.8956386292834893,2,778,4,2,2,2,2,0,0,0,0,0.05135514018691467,41,0.0897032710280372,0.0077032710280372,0.082,0.0,0.0
1.609697,83,20262.480245,medium,0.5898753894080997,1.5898753894080997,1,830,4,2,2,2,2,0,0,0,0,0.0188084112149529,72,0.10282126168224294,0.002821261682242935,0.1,0.0,0.0
0.372023,60,20279.96549,medium,0.3624454828660433,0.3624454828660433,0,596,4,2,2,2,2,0,0,0,0,0.007850467289719287,34,0.0691775700934579,0.001177570093457893,0.068,0.0,0.0
2.737286,66,20299.487138,medium,0.7009345794392523,2.7009345794392523,2,653,4,2,2,2,2,0,0,0,0,0.0510124610591901,47,0.10165186915887851,0.007651869158878516,0.094,0.0,0.0
2.718567,83,20323.13831,medium,0.7035046728971963,2.7035046728971963,2,829,4,2,2,2,2,0,0,0,0,0.013084112149532789,48,0.09796261682242992,0.0019626168224299184,0.096,0.0,0.0
2.829289,62,20340.785661,medium,0.7876168224299065,2.7876168224299063,2,611,4,2,2,2,2,0,0,0,0,0.01848130841121467,58,0.1027721962616822,0.0027721962616822,0.1,0.0,0.0
0.329845,58,20358.219081,medium,0.38694704049844236,0.38694704049844236,0,572,4,2,2,2,2,0,0,0,0,0.0006542056074766429,0,9.813084112149644e-05,9.813084112149644e-05,0.0,0.0,0.0
3.894521,56,20379.529135,medium,1.0,4.0,3,557,2,2,0,2,0,0,0,0,2,0.06813862928348775,0,-0.04977920560747683,0.010220794392523163,0.0,0.0,0.06
2.938514,90,20406.121142,medium,0.942601246105919,2.942601246105919,2,900,4,2,2,2,2,0,0,0,0,0.0394158878504658,40,0.08591238317756988,0.0059123831775698705,0.08000000000000002,0.0,0.0
1.504224,68,20426.640752,medium,0.5015576323987538,1.5015576323987538,1,671,4,2,2,2,2,0,0,0,0,0.011775700934578932,34,0.06976635514018685,0.0017663551401868398,0.068,0.0,0.0
3.980472,64,20445.614902,medium,1.0,4.0,3,637,4,2,2,2,2,0,0,0,0,0.06781152647975028,17,0.044171728971962546,0.010171728971962541,0.034,0.0,0.0
3.000331,80,20469.548994,medium,0.9693146417445483,2.9693146417445484,2,796,4,2,2,2,2,0,0,0,0,0.07077881619937602,72,0.1106168224299064,0.010616822429906405,0.1,0.0,0.0
2.928529,85,20494.06941,medium,0.9458722741433022,2.9458722741433023,2,845,4,2,2,2,2,0,0,0,0,0.0077102803738317805,33,0.06715654205607477,0.001156542056074767,0.066,0.0,0.0
2.907373,76,20516.220195,medium,0.8858255451713396,2.8858255451713397,2,759,4,2,2,2,2,0,0,0,0,0.009649532710280424,48,0.09744742990654207,0.0014474299065420635,0.096,0.0,0.0
4.034743,69,20540.822926,medium,1.0,4.0,3,685,4,2,2,2,2,0,0,0,0,0.048286604361370784,48,0.10324299065420561,0.007242990654205618,0.096,0.0,0.0
2.853427,90,20567.430134,medium,0.9034267912772586,2.9034267912772584,2,900,4,2,2,2,2,0,0,0,0,0.0,20,0.04,0.0,0.04,0.0,0.0
2.801163,72,20588.564435,medium,0.8202492211838006,2.8202492211838006,2,716,4,2,2,2,2,0,0,0,0,0.030093457943924925,24,0.05251401869158874,0.004514018691588739,0.048,0.0,0.0
2.867896,76,20610.743526,medium,0.8400311526479751,2.840031152647975,2,751,4,2,2,2,2,0,0,0,0,0.04643302180685371,48,0.10296495327102806,0.006964953271028055,0.096,0.0,0.0
1.512054,71,20631.395929,medium,0.5184579439252337,1.5184579439252337,1,706,4,2,2,2,2,0,0,0,0,0.0013084112149532854,32,0.06419626168224299,0.0001962616822429928,0.064,0.0,0.0
2.856878,79,20655.103204,medium,0.8977414330218069,2.8977414330218068,2,789,4,2,2,2,2,0,0,0,0,0.013574766355140273,18,0.038036214953271044,0.002036214953271041,0.036000000000000004,0.0,0.0
2.861478,90,20680.708554,medium,0.8830996884735203,2.8830996884735205,2,900,4,2,2,2,2,0,0,0,0,0.04252336448598016,31,0.06837850467289704,0.006378504672897024,0.062000000000000006,0.0,0.0
4.042912,63,20703.69216,medium,1.0,4.0,3,630,4,2,2,2,2,0,0,0,0,0.03941588785046625,96,0.10591238317756994,0.005912383177569937,0.1,0.0,0.0
1.729972,83,20728.073702,medium,0.7120716510903426,1.7120716510903426,1,821,4,2,2,2,2,0,0,0,0,0.0,96,0.1,0.0,0.1,0.0,0.0
4.027997,65,20746.993688,medium,1.0,4.0,3,647,4,2,2,2,2,0,0,0,0,0.031316199376947164,44,0.09269742990654208,0.004697429906542075,0.088,0.0,0.0
2.729804,72,20768.027411,medium,0.7439252336448599,2.74392523364486,2,711,4,2,2,2,2,0,0,0,0,0.05985981308411068,24,0.0569789719626166,0.008978971962616602,0.048,0.0,0.0
4.046274,58,20785.419456,medium,1.0,4.0,3,577,4,2,2,2,2,0,0,0,0,0.02649532710280397,71,0.1039742990654206,0.003974299065420595,0.1,0.0,0.0
4.024208,74,20807.979765,medium,1.0,4.0,3,732,4,2,2,2,2,0,0,0,0,0.07605140186915758,43,0.09740771028037366,0.011407710280373637,0.08600000000000002,0.0,0.0
0.389215,64,20826.837281,medium,0.35311526479750777,0.35311526479750777,0,639,4,2,2,2,2,0,0,0,0,0.0,72,0.1,0.0,0.1,0.0,0.0
2.909342,62,20849.758325,medium,0.9021028037383177,2.902102803738318,2,612,4,2,2,2,2,0,0,0,0,0.05626168224298922,30,0.06843925233644839,0.008439252336448383,0.060000000000000005,0.0,0.0
2.824934,65,20869.079507,medium,0.8164330218068536,2.8164330218068536,2,649,4,2,2,2,2,0,0,0,0,0.036004672897195174,34,0.07340070093457929,0.005400700934579276,0.068,0.0,0.0
2.908014,90,20895.307699,medium,0.9376947040498442,2.9376947040498442,2,900,4,2,2,2,2,0,0,0,0,0.002126168224299064,30,0.06031892523364486,0.0003189252336448596,0.060000000000000005,0.0,0.0
1.71789,67,20914.733099,medium,0.684190031152648,1.684190031152648,1,663,4,2,2,2,2,0,0,0,0,0.0,69,0.1,0.0,0.1,0.0,0.0
3.978098,76,20936.632075,medium,1.0,4.0,3,753,4,2,2,2,2,0,0,0,0,0.009322429906542149,26,0.05339836448598133,0.0013983644859813225,0.052000000000000005,0.0,0.0
2.826018,74,20958.861118,medium,0.7962616822429907,2.7962616822429904,2,738,4,2,2,2,2,0,0,0,0,0.05037383177569976,48,0.10355607476635496,0.007556074766354964,0.096,0.0,0.0
3.971884,54,20975.035158,medium,1.0,4.0,3,535,3,2,1,2,1,0,0,0,1,0.04922897196261544,24,0.02538434579439232,0.007384345794392316,0.048,0.0,0.03
1.506169,90,21006.422429,medium,0.5936915887850467,1.5936915887850467,1,900,4,2,2,2,2,0,0,0,0,0.016518691588785165,0,0.0024778037383177747,0.0024778037383177747,0.0,0.0,0.0
0.462115,63,21025.722885,medium,0.48621495327102804,0.48621495327102804,0,621,4,2,2,2,2,0,0,0,0,0.0,19,0.038000000000000006,0.0,0.038000000000000006,0.0,0.0
2.893094,64,21044.706318,medium,0.8852803738317757,2.8852803738317756,2,634,4,2,2,2,2,0,0,0,0,0.02142523364485995,34,0.071213785046729,0.003213785046728992,0.068,0.0,0.0
4.023621,75,21066.767344,medium,1.0,4.0,3,746,4,2,2,2,2,0,0,0,0,0.06813862928348782,44,0.09822079439252317,0.010220794392523172,0.088,0.0,0.0
2.553681,84,21091.502028,medium,0.5469626168224299,2.5469626168224297,2,835,4,2,2,2,2,0,0,0,0,0.054789719626166855,41,0.09021845794392505,0.008218457943925027,0.08200000000000002,0.0,0.0
2.763216,61,21109.471908,medium,0.7156542056074766,2.7156542056074766,2,605,4,2,2,2,2,0,0,0,0,0.05374610591900248,96,0.10806191588785038,0.008061915887850372,0.1,0.0,0.0
4.03055,74,21132.053809,medium,1.0,4.0,3,734,4,2,2,2,2,0,0,0,0,0.026331775700934434,67,0.10394976635514017,0.003949766355140165,0.1,0.0,0.0
2.894649,90,21163.168743,medium,0.9034267912772586,2.9034267912772584,2,893,4,2,2,2,2,0,0,0,0,0.0034813084112149837,40,0.08052219626168224,0.0005221962616822476,0.07999999999999999,0.0,0.0
2.730487,78,21186.405522,medium,0.706386292834891,2.7063862928348907,2,772,4,2,2,2,2,0,0,0,0,0.008668224299065459,96,0.10130023364485982,0.0013002336448598188,0.1,0.0,0.0
2.61301,65,21205.368838,medium,0.6194704049844236,2.6194704049844235,2,643,4,2,2,2,2,0,0,0,0,0.012266355140186386,28,0.057839953271027957,0.0018399532710279582,0.056,0.0,0.0
1.519132,68,21225.290315,medium,0.478816199376947,1.478816199376947,1,675,4,2,2,2,2,0,0,0,0,0.05210280373831783,70,0.10781542056074768,0.007815420560747676,0.1,0.0,0.0
2.595212,69,21244.025187,medium,0.60303738317757,2.60303738317757,2,684,4,2,2,2,2,0,0,0,0,0.04383177570093368,27,0.06057476635514005,0.006574766355140052,0.054,0.0,0.0
4.030938,71,21263.662731,medium,1.0,4.0,3,710,4,2,2,2,2,0,0,0,0,0.012920560747663632,82,0.10193808411214955,0.0019380841121495447,0.1,0.0,0.0
1.645647,73,21283.898511,medium,0.6667445482866043,1.6667445482866043,1,729,4,2,2,2,2,0,0,0,0,0.025350467289719535,24,0.05180257009345793,0.0038025700934579297,0.048,0.0,0.0
4.01345,77,21310.421516,medium,1.0,4.0,3,763,4,2,2,2,2,0,0,0,0,0.0516666666666668,41,0.08975000000000001,0.007750000000000018,0.08199999999999999,0.0,0.0
2.799379,70,21330.075915,medium,0.7946261682242991,2.794626168224299,2,700,4,2,2,2,2,0,0,0,0,0.04501557632398761,34,0.07475233644859815,0.006752336448598141,0.068,0.0,0.0
2.641861,64,21348.573041,medium,0.6374610591900312,2.637461059190031,2,636,4,2,2,2,2,0,0,0,0,0.0,34,0.068,0.0,0.068,0.0,0.0
2.904278,88,21374.485844,medium,0.9398753894080997,2.9398753894081,2,880,4,2,2,2,2,0,0,0,0,0.04268691588784934,23,0.0524030373831774,0.006403037383177402,0.046,0.0,0.0
2.91512,67,21394.062071,medium,0.8781152647975078,2.8781152647975077,2,667,4,2,2,2,2,0,0,0,0,0.024696261682242916,63,0.10370443925233644,0.003704439252336437,0.1,0.0,0.0
4.018374,85,21419.006894,medium,1.0,4.0,3,843,4,2,2,2,2,0,0,0,0,0.01782710280373845,75,0.10267406542056078,0.002674065420560768,0.1,0.0,0.0
2.784009,60,21436.919363,medium,0.7876168224299065,2.7876168224299063,2,599,4,2,2,2,2,0,0,0,0,0.05528037383177493,24,0.05629205607476624,0.008292056074766237,0.048,0.0,0.0
3.963438,63,21455.132049,medium,1.0,4.0,3,625,4,2,2,2,2,0,0,0,0,0.012920560747663632,12,0.025938084112149547,0.0019380841121495445,0.024,0.0,0.0
2.956839,82,21484.54409,medium,0.9376947040498442,2.9376947040498442,2,811,4,2,2,2,2,0,0,0,0,0.028294392523364156,48,0.10024415887850463,0.004244158878504623,0.096,0.0,0.0
2.918774,90,21511.126261,medium,0.9376947040498442,2.9376947040498442,2,900,4,2,2,2,2,0,0,0,0,0.007196261682243015,35,0.07107943925233647,0.0010794392523364523,0.07,0.0,0.0
2.912004,90,21537.185756,medium,0.89898753894081,2.89898753894081,2,900,4,2,2,2,2,0,0,0,0,0.0467757009345782,48,0.10301635514018673,0.007016355140186729,0.096,0.0,0.0
1.770267,59,21554.001798,medium,0.7509735202492205,1.7509735202492205,1,590,4,2,2,2,2,0,0,0,0,0.028621495327102082,37,0.07829322429906532,0.0042932242990653124,0.07400000000000001,0.0,0.0
2.961164,68,21574.088486,medium,0.9726635514018691,2.972663551401869,2,675,4,2,2,2,2,0,0,0,0,0.0,28,0.056,0.0,0.056,0.0,0.0
4.0101,54,21590.086175,medium,1.0,4.0,3,539,4,2,2,2,2,0,0,0,0,0.0,32,0.064,0.0,0.064,0.0,0.0
2.885206,78,21617.509749,medium,0.8569314641744549,2.8569314641744548,2,772,4,2,2,2,2,0,0,0,0,0.06316199376947047,48,0.10547429906542058,0.00947429906542057,0.096,0.0,0.0
1.600807,65,21636.448528,medium,0.5651090342679128,1.5651090342679128,1,644,4,2,2,2,2,0,0,0,0,0.0006542056074766429,72,0.1000981308411215,9.813084112149644e-05,0.1,0.0,0.0
2.8263,60,21654.428473,medium,0.7842679127725857,2.784267912772586,2,596,4,2,2,2,2,0,0,0,0,0.0642133956386282,46,0.10163200934579422,0.009632009345794229,0.092,0.0,0.0
2.927892,84,21679.275785,medium,0.942601246105919,2.942601246105919,2,832,4,2,2,2,2,0,0,0,0,0.0032710280373832138,34,0.06849065420560749,0.0004906542056074821,0.068,0.0,0.0
2.71909,67,21698.882926,medium,0.7232866043613707,2.7232866043613706,2,667,4,2,2,2,2,0,0,0,0,0.05669003115264665,27,0.062503504672897,0.008503504672896997,0.054000000000000006,0.0,0.0
4.044185,56,21715.518647,medium,1.0,4.0,3,558,4,2,2,2,2,0,0,0,0,0.06656542056074653,45,0.09998481308411197,0.00998481308411198,0.09,0.0,0.0
3.005504,73,21737.231259,medium,0.9736760124610592,2.973676012461059,2,727,4,2,2,2,2,0,0,0,0,0.05685358255451593,48,0.1045280373831774,0.00852803738317739,0.096,0.0,0.0
2.802988,77,21759.681744,medium,0.7801479750778817,2.780147975077882,2,770,4,2,2,2,2,0,0,0,0,0.012266355140186987,49,0.09983995327102806,0.001839953271028048,0.098,0.0,0.0
3.949141,57,21780.631548,medium,1.0,4.0,3,566,4,2,2,2,2,0,0,0,0,0.0382710280373819,0,0.005740654205607285,0.005740654205607285,0.0,0.0,0.0
1.630617,63,21799.088836,medium,0.6448052959501556,1.6448052959501556,1,629,4,2,2,2,2,0,0,0,0,0.004742990654205455,24,0.04871144859813082,0.0007114485981308184,0.048,0.0,0.0
4.039443,72,21820.343925,medium,1.0,4.0,3,714,4,2,2,2,2,0,0,0,0,0.07228971962616679,70,0.11084345794392503,0.01084345794392502,0.1,0.0,0.0
2.813441,67,21840.033926,medium,0.8039719626168225,2.8039719626168225,2,667,4,2,2,2,2,0,0,0,0,0.05446261682242908,34,0.07616939252336437,0.008169392523364363,0.068,0.0,0.0
2.813704,83,21864.312908,medium,0.8492990654205608,2.8492990654205608,2,821,4,2,2,2,2,0,0,0,0,0.04336448598130857,20,0.046504672897196286,0.006504672897196285,0.04,0.0,0.0
2.855444,84,21888.803941,medium,0.8411214953271028,2.8411214953271027,2,831,4,2,2,2,2,0,0,0,0,0.009485981308411263,48,0.0974228971962617,0.0014228971962616892,0.096,0.0,0.0
1.584673,65,21907.684792,medium,0.5468691588785042,1.5468691588785042,1,646,4,2,2,2,2,0,0,0,0,0.01602803738317711,96,0.10240420560747657,0.0024042056074765664,0.1,0.0,0.0
3.934057,55,21928.311401,medium,1.0,4.0,3,548,3,2,1,2,1,0,0,0,1,0.03238317757009306,7,-0.01114252336448604,0.0048574766355139595,0.014,0.0,0.03
4.010445,67,21947.905556,medium,1.0,4.0,3,670,4,2,2,2,2,0,0,0,0,0.06296728971962487,34,0.07744509345794373,0.009445093457943731,0.068,0.0,0.0
4.052971,56,21964.101398,medium,1.0,4.0,3,551,4,2,2,2,2,0,0,0,0,0.05380841121495194,50,0.10807126168224279,0.00807126168224279,0.1,0.0,0.0
2.716469,61,21981.902831,medium,0.6745327102803739,2.6745327102803738,2,601,4,2,2,2,2,0,0,0,0,0.01357476635514023,68,0.10203621495327105,0.0020362149532710343,0.1,0.0,0.0
2.851065,90,22008.575485,medium,0.8990654205607477,2.899065420560748,2,900,4,2,2,2,2,0,0,0,0,0.0,21,0.042,0.0,0.042,0.0,0.0
4.043087,61,22026.507512,medium,1.0,4.0,3,602,4,2,2,2,2,0,0,0,0,0.021915887850467455,54,0.10328738317757012,0.003287383177570118,0.1,0.0,0.0
2.925291,60,22043.992861,medium,0.8825545171339564,2.8825545171339564,2,596,4,2,2,2,2,0,0,0,0,0.015576323987538939,89,0.10233644859813085,0.0023364485981308405,0.1,0.0,0.0
1.721696,69,22064.401559,medium,0.6902647975077881,1.6902647975077882,1,682,4,2,2,2,2,0,0,0,0,0.02420560747663551,48,0.09963084112149533,0.003630841121495326,0.096,0.0,0.0
2.798173,61,22086.944843,medium,0.7489096573208722,2.7489096573208722,2,604,4,2,2,2,2,0,0,0,0,0.06442367601246118,54,0.10966355140186919,0.00966355140186918,0.1,0.0,0.0
0.251093,62,22105.32092,medium,0.23629283489096573,0.23629283489096573,0,612,4,2,2,2,2,0,0,0,0,0.0,38,0.07600000000000001,0.0,0.07600000000000001,0.0,0.0
1.657517,80,22128.401936,medium,0.6356697819314642,1.635669781931464,1,796,4,2,2,2,2,0,0,0,0,0.009649532710280424,72,0.10144742990654207,0.0014474299065420633,0.1,0.0,0.0
4.00053,74,22149.874886,medium,1.0,4.0,3,740,4,2,2,2,2,0,0,0,0,0.0435358255451714,34,0.07453037383177571,0.006530373831775711,0.068,0.0,0.0
4.002028,62,22168.219233,medium,1.0,4.0,3,617,4,2,2,2,2,0,0,0,0,0.051518691588783826,28,0.06372780373831757,0.007727803738317573,0.056,0.0,0.0
2.585296,60,22186.012064,medium,0.5366043613707165,2.5366043613707165,2,596,4,2,2,2,2,0,0,0,0,0.05528037383177496,58,0.10829205607476625,0.008292056074766244,0.1,0.0,0.0
2.912817,86,22211.168226,medium,0.9513239875389408,2.9513239875389408,2,855,4,2,2,2,2,0,0,0,0,0.019953271028036852,22,0.04699299065420552,0.002992990654205527,0.044,0.0,0.0
1.498455,75,22238.290019,medium,0.5025700934579439,1.502570093457944,1,742,4,2,2,2,2,0,0,0,0,0.013901869158878548,34,0.07008528037383178,0.002085280373831782,0.068,0.0,0.0
4.013433,68,22258.349896,medium,1.0,4.0,3,680,4,2,2,2,2,0,0,0,0,0.049556074766353854,37,0.0814334112149531,0.007433411214953078,0.07400000000000001,0.0,0.0
2.785883,89,22284.838928,medium,0.872196261682243,2.8721962616822427,2,883,4,2,2,2,2,0,0,0,0,0.0132476635514016,0,0.0019871495327102398,0.0019871495327102398,0.0,0.0,0.0
2.985053,90,22310.990478,medium,0.966588785046729,2.9665887850467287,2,900,4,2,2,2,2,0,0,0,0,0.056425233644858734,54,0.10846378504672882,0.008463785046728813,0.1,0.0,0.0
2.736699,62,22329.184487,medium,0.6931464174454829,2.693146417445483,2,615,4,2,2,2,2,0,0,0,0,0.06035046728971801,48,0.1050525700934577,0.009052570093457703,0.096,0.0,0.0
2.956622,90,22356.172401,medium,0.9901090342679127,2.990109034267913,2,900,4,2,2,2,2,0,0,0,0,0.056752336448596785,24,0.056512850467289516,0.008512850467289518,0.048,0.0,0.0
1.624444,90,22382.602203,medium,0.6406542056074767,1.6406542056074767,1,900,4,2,2,2,2,0,0,0,0,0.03859813084112083,34,0.07378971962616813,0.005789719626168125,0.068,0.0,0.0
3.976274,75,22409.386273,medium,1.0,4.0,3,744,4,2,2,2,2,0,0,0,0,0.017827102803738164,24,0.05067406542056072,0.002674065420560724,0.048,0.0,0.0
1.574224,72,22430.994274,medium,0.5451713395638629,1.5451713395638629,1,718,4,2,2,2,2,0,0,0,0,0.03235202492211844,48,0.10085280373831777,0.004852803738317766,0.096,0.0,0.0
2.90501,81,22455.119505,medium,0.8847352024922118,2.884735202492212,2,810,4,2,2,2,2,0,0,0,0,0.035163551401868644,48,0.1012745327102803,0.0052745327102802966,0.096,0.0,0.0
2.804103,90,22481.692254,medium,0.797429906542056,2.797429906542056,2,900,4,2,2,2,2,0,0,0,0,0.04448598130841029,45,0.09667289719626154,0.006672897196261544,0.09,0.0,0.0
1.475538,73,22502.851348,medium,0.5037383177570094,1.5037383177570094,1,722,4,2,2,2,2,0,0,0,0,0.0,22,0.044,0.0,0.044,0.0,0.0
2.956188,90,22529.50362,medium,0.9415109034267912,2.9415109034267912,2,891,4,2,2,2,2,0,0,0,0,0.051845794392522127,48,0.10377686915887832,0.007776869158878319,0.096,0.0,0.0
2.920439,86,22558.749302,medium,0.9375389408099688,2.9375389408099686,2,851,4,2,2,2,2,0,0,0,0,0.0,34,0.068,0.0,0.068,0.0,0.0
2.909427,90,22585.348164,medium,0.9034267912772586,2.9034267912772584,2,900,4,2,2,2,2,0,0,0,0,0.0,48,0.096,0.0,0.096,0.0,0.0
2.685385,90,22612.197347,medium,0.6713395638629284,2.6713395638629285,2,900,4,2,2,2,2,0,0,0,0,0.05363707165108944,48,0.10404556074766341,0.008045560747663418,0.096,0.0,0.0
2.692857,86,22637.516977,medium,0.7176791277258567,2.717679127725857,2,860,4,2,2,2,2,0,0,0,0,0.007850467289719588,30,0.06117757009345794,0.0011775700934579382,0.060000000000000005,0.0,0.0
1.617045,65,22656.459906,medium,0.5816978193146417,1.5816978193146416,1,648,4,2,2,2,2,0,0,0,0,0.0009813084112149642,68,0.10014719626168225,0.00014719626168224463,0.1,0.0,0.0
3.975196,78,22679.096785,medium,1.0,4.0,3,774,4,2,2,2,2,0,0,0,0,0.003971962616822431,26,0.05259579439252337,0.0005957943925233646,0.052000000000000005,0.0,0.0
2.648976,90,22709.89169,medium,0.640809968847352,2.640809968847352,2,900,4,2,2,2,2,0,0,0,0,0.014439252336448076,48,0.09816588785046722,0.0021658878504672114,0.096,0.0,0.0
2.932599,75,22731.866039,medium,0.9058411214953271,2.9058411214953273,2,741,4,2,2,2,2,0,0,0,0,0.032383177570093624,48,0.10085747663551405,0.0048574766355140445,0.096,0.0,0.0
2.818201,88,22758.48702,medium,0.8612928348909658,2.861292834890966,2,873,4,2,2,2,2,0,0,0,0,0.014719626168224434,21,0.04420794392523367,0.002207943925233665,0.042,0.0,0.0
2.875402,85,22783.930209,medium,0.8967289719626168,2.8967289719626166,2,848,4,2,2,2,2,0,0,0,0,0.06315420560747537,27,0.0634731308411213,0.009473130841121304,0.054,0.0,0.0
2.950858,90,22810.684539,medium,0.9704049844236761,2.970404984423676,2,900,4,2,2,2,2,0,0,0,0,0.016355140186916004,34,0.0704532710280374,0.0024532710280374005,0.068,0.0,0.0
2.913492,90,22836.435302,medium,0.9154205607476635,2.9154205607476635,2,900,4,2,2,2,2,0,0,0,0,0.05380841121495194,40,0.0880712616822428,0.008071261682242791,0.08000000000000002,0.0,0.0
2.733243,78,22864.048204,medium,0.710202492211838,2.710202492211838,2,774,4,2,2,2,2,0,0,0,0,0.029602803738317942,48,0.10044042056074769,0.00444042056074769,0.096,0.0,0.0
1.688632,90,22890.784164,medium,0.6887071651090343,1.6887071651090344,1,900,4,2,2,2,2,0,0,0,0,0.02616822429906543,43,0.08992523364485983,0.003925233644859814,0.08600000000000001,0.0,0.0
2.826999,68,22911.561757,medium,0.8296728971962617,2.8296728971962617,2,672,4,2,2,2,2,0,0,0,0,0.04350467289719505,29,0.06452570093457927,0.006525700934579258,0.058,0.0,0.0
4.044628,61,22929.74135,medium,1.0,4.0,3,604,4,2,2,2,2,0,0,0,0,0.060186915887849315,48,0.1050280373831774,0.009028037383177395,0.096,0.0,0.0
1.545432,66,22949.574835,medium,0.5162772585669781,1.5162772585669781,1,652,4,2,2,2,2,0,0,0,0,0.015700934579439024,46,0.09435514018691585,0.002355140186915854,0.092,0.0,0.0
2.691687,80,22973.58844,medium,0.7047507788161994,2.7047507788161993,2,798,4,2,2,2,2,0,0,0,0,0.004906542056074803,33,0.06673598130841123,0.0007359813084112202,0.066,0.0,0.0
0.482874,61,22991.727724,medium,0.44135514018691574,0.44135514018691574,0,601,4,2,2,2,2,0,0,0,0,0.010794392523364366,60,0.10161915887850466,0.0016191588785046545,0.1,0.0,0.0
0.477334,71,23016.371211,medium,0.4462616822429907,0.4462616822429907,0,704,4,2,2,2,2,0,0,0,0,0.009813084112149581,69,0.10147196261682244,0.0014719626168224371,0.1,0.0,0.0
2.950144,64,23035.598246,medium,0.9034267912772586,2.9034267912772584,2,637,4,2,2,2,2,0,0,0,0,0.06944704049844089,50,0.11041705607476614,0.010417056074766133,0.1,0.0,0.0
2.944356,71,23056.678505,medium,0.9595015576323987,2.959501557632399,2,708,4,2,2,2,2,0,0,0,0,0.051028037383176364,24,0.055654205607476456,0.007654205607476454,0.048,0.0,0.0
2.709961,62,23075.202726,medium,0.6634345794392523,2.663434579439252,2,613,4,2,2,2,2,0,0,0,0,0.05217289719626074,57,0.10782593457943912,0.007825934579439111,0.1,0.0,0.0
1.814389,74,23097.04337,medium,0.8168224299065421,1.816822429906542,1,735,4,2,2,2,2,0,0,0,0,0.020443925233644966,34,0.07106658878504675,0.003066588785046745,0.068,0.0,0.0
2.898065,76,23119.707895,medium,0.9034267912772586,2.9034267912772584,2,755,4,2,2,2,2,0,0,0,0,0.014252336448598128,34,0.07013785046728972,0.0021378504672897192,0.068,0.0,0.0
1.617834,78,23142.398604,medium,0.625233644859813,1.625233644859813,1,774,4,2,2,2,2,0,0,0,0,0.0,35,0.07,0.0,0.07,0.0,0.0
2.973116,83,23171.479976,medium,0.9578660436137072,2.9578660436137074,2,829,4,2,2,2,2,0,0,0,0,0.014330218068535823,48,0.09814953271028037,0.0021495327102803736,0.096,0.0,0.0
2.764189,61,23189.736778,medium,0.7189252336448598,2.71892523364486,2,601,4,2,2,2,2,0,0,0,0,0.03575545171339573,50,0.10536331775700937,0.00536331775700936,0.1,0.0,0.0
3.986139,73,23211.691326,medium,1.0,4.0,3,724,4,2,2,2,2,0,0,0,0,0.030257009345794124,27,0.058538551401869116,0.004538551401869119,0.054,0.0,0.0
2.886433,90,23238.457863,medium,0.9034267912772586,2.9034267912772584,2,900,4,2,2,2,2,0,0,0,0,0.006705607476635531,36,0.07300584112149534,0.0010058411214953296,0.07200000000000001,0.0,0.0
2.723271,80,23262.289111,medium,0.7363707165109035,2.7363707165109035,2,791,4,2,2,2,2,0,0,0,0,0.0,33,0.066,0.0,0.066,0.0,0.0
1.605296,90,23289.548263,medium,0.6052959501557632,1.6052959501557633,1,900,4,2,2,2,2,0,0,0,0,0.0,45,0.09000000000000001,0.0,0.09000000000000001,0.0,0.0
4.006805,62,23307.567789,medium,1.0,4.0,3,613,4,2,2,2,2,0,0,0,0,0.0007009345794392526,34,0.0681051401869159,0.00010514018691588789,0.068,0.0,0.0
2.76276,75,23334.401905,medium,0.7334890965732087,2.7334890965732086,2,748,4,2,2,2,2,0,0,0,0,0.05380841121495194,48,0.10407126168224279,0.008071261682242788,0.096,0.0,0.0
1.661598,90,23361.372137,medium,0.6815420560747664,1.6815420560747665,1,900,4,2,2,2,2,0,0,0,0,0.013707165109034266,34,0.07005607476635514,0.0020560747663551397,0.068,0.0,0.0
2.668467,83,23386.208555,medium,0.6501557632398753,2.6501557632398756,2,824,4,2,2,2,2,0,0,0,0,0.004742990654205622,58,0.10071144859813085,0.0007114485981308432,0.1,0.0,0.0
3.941093,53,23401.541182,medium,1.0,4.0,3,525,3,2,1,2,1,0,0,0,1,0.03728971962616818,9,-0.006406542056074771,0.0055934579439252275,0.018000000000000002,0.0,0.03
4.037457,65,23421.114241,medium,1.0,4.0,3,648,4,2,2,2,2,0,0,0,0,0.01504672897196272,58,0.10225700934579442,0.002257009345794408,0.1,0.0,0.0
1.666113,63,23440.119957,medium,0.6269470404984424,1.6269470404984423,1,626,4,2,2,2,2,0,0,0,0,0.011775700934578958,58,0.10176635514018685,0.0017663551401868437,0.1,0.0,0.0
3.953545,75,23462.621324,medium,1.0,4.0,3,746,4,2,2,2,2,0,0,0,0,0.05429906542055939,10,0.028144859813083907,0.008144859813083908,0.02,0.0,0.0
2.983246,84,23491.963005,medium,0.9691588785046729,2.9691588785046727,2,839,4,2,2,2,2,0,0,0,0,0.013247663551401981,48,0.0979871495327103,0.001987149532710297,0.096,0.0,0.0
1.614654,65,23511.960287,medium,0.5816978193146417,1.5816978193146416,1,642,4,2,2,2,2,0,0,0,0,0.007710280373831779,48,0.09715654205607477,0.0011565420560747668,0.096,0.0,0.0
4.036283,61,23529.445023,medium,1.0,4.0,3,606,4,2,2,2,2,0,0,0,0,0.005887850467289727,48,0.09688317757009346,0.0008831775700934592,0.096,0.0,0.0
2.884831,73,23551.521297,medium,0.8825545171339564,2.8825545171339564,2,724,4,2,2,2,2,0,0,0,0,0.04450934579439269,34,0.07467640186915891,0.006676401869158903,0.068,0.0,0.0
2.834465,90,23578.395725,medium,0.824221183800623,2.8242211838006233,2,900,4,2,2,2,2,0,0,0,0,0.028294392523363448,48,0.10024415887850452,0.004244158878504516,0.096,0.0,0.0
2.694172,72,23599.751896,medium,0.7412772585669782,2.7412772585669782,2,715,4,2,2,2,2,0,0,0,0,0.015965732087227378,11,0.024394859813084105,0.002394859813084106,0.022,0.0,0.0
2.724146,90,23627.099519,medium,0.7181464174454829,2.718146417445483,2,900,4,2,2,2,2,0,0,0,0,0.0,48,0.096,0.0,0.096,0.0,0.0
2.888167,66,23650.623723,medium,0.9034267912772586,2.9034267912772584,2,651,4,2,2,2,2,0,0,0,0,0.012266355140186723,24,0.04983995327102801,0.0018399532710280085,0.048,0.0,0.0
2.861854,79,23673.89627,medium,0.8411214953271028,2.8411214953271027,2,788,4,2,2,2,2,0,0,0,0,0.023551401869158526,48,0.09953271028037378,0.003532710280373778,0.096,0.0,0.0
1.524653,65,23693.149976,medium,0.5292834890965732,1.5292834890965732,1,649,4,2,2,2,2,0,0,0,0,0.0017990654205607675,30,0.06026985981308412,0.0002698598130841151,0.060000000000000005,0.0,0.0
1.869251,71,23714.291851,medium,0.8628660436137069,1.8628660436137068,1,704,4,2,2,2,2,0,0,0,0,0.005233644859812859,38,0.07678504672897192,0.0007850467289719287,0.076,0.0,0.0
2.754702,62,23732.859405,medium,0.7172897196261683,2.7172897196261685,2,613,4,2,2,2,2,0,0,0,0,0.018084112149532695,48,0.0987126168224299,0.0027126168224299043,0.096,0.0,0.0
3.99025,76,23755.148435,medium,1.0,4.0,3,756,4,2,2,2,2,0,0,0,0,0.05233644859812958,29,0.06585046728971944,0.00785046728971944,0.058,0.0,0.0
0.314036,62,23773.602734,medium,0.2748676012461059,0.2748676012461059,0,612,4,2,2,2,2,0,0,0,0,0.00245327102803741,54,0.10036799065420561,0.0003679906542056115,0.1,0.0,0.0
4.028924,76,23800.572637,medium,1.0,4.0,3,759,4,2,2,2,2,0,0,0,0,0.03215732087227369,68,0.10482359813084106,0.004823598130841053,0.1,0.0,0.0
2.779821,72,23821.711762,medium,0.8198598130841122,2.819859813084112,2,720,4,2,2,2,2,0,0,0,0,0.03974299065420454,13,0.03196144859813068,0.005961448598130681,0.026000000000000002,0.0,0.0
2.766084,59,23839.018235,medium,0.7231853582554517,2.723185358255452,2,585,4,2,2,2,2,0,0,0,0,0.009322429906542157,58,0.10139836448598133,0.0013983644859813238,0.1,0.0,0.0
3.957984,86,23863.966201,medium,1.0,4.0,3,855,4,2,2,2,2,0,0,0,0,0.023224299065420534,20,0.043483644859813084,0.0034836448598130794,0.04,0.0,0.0
2.865613,78,23886.337674,medium,0.8422118380062306,2.8422118380062305,2,773,4,2,2,2,2,0,0,0,0,0.004672897196261683,58,0.10070093457943925,0.0007009345794392524,0.1,0.0,0.0
4.018755,58,23903.634518,medium,1.0,4.0,3,580,4,2,2,2,2,0,0,0,0,0.03169781931464181,36,0.07675467289719629,0.00475467289719627,0.07200000000000001,0.0,0.0
2.755697,65,23922.5096,medium,0.7494548286604361,2.7494548286604363,2,648,4,2,2,2,2,0,0,0,0,0.020280373831774987,34,0.07104205607476625,0.003042056074766248,0.068,0.0,0.0
2.768386,90,23953.567817,medium,0.7499221183800623,2.7499221183800624,2,900,4,2,2,2,2,0,0,0,0,0.05642523364485859,56,0.1084637850467288,0.008463785046728787,0.1,0.0,0.0
1.547516,65,23973.063679,medium,0.5096573208722741,1.5096573208722741,1,643,4,2,2,2,2,0,0,0,0,0.014392523364486078,81,0.10215887850467292,0.0021588785046729115,0.1,0.0,0.0
0.445179,61,23991.484157,medium,0.43333333333333335,0.43333333333333335,0,603,4,2,2,2,2,0,0,0,0,0.027640186915888078,34,0.07214602803738322,0.0041460280373832115,0.068,0.0,0.0
2.919732,89,24017.992795,medium,0.9447819314641744,2.9447819314641746,2,883,4,2,2,2,2,0,0,0,0,0.034999999999999455,29,0.06324999999999992,0.005249999999999918,0.058,0.0,0.0
1.666241,65,24036.836117,medium,0.6301557632398754,1.6301557632398755,1,647,4,2,2,2,2,0,0,0,0,0.005233644859813142,68,0.10078504672897198,0.0007850467289719713,0.1,0.0,0.0
3.968782,66,24056.297534,medium,1.0,4.0,3,655,4,2,2,2,2,0,0,0,0,0.01521028037383148,16,0.03428154205607472,0.002281542056074722,0.032,0.0,0.0
2.831287,90,24083.466614,medium,0.8637850467289719,2.863785046728972,2,900,4,2,2,2,2,0,0,0,0,0.05001557632398604,25,0.0575023364485979,0.007502336448597906,0.049999999999999996,0.0,0.0
2.863325,60,24100.961935,medium,0.85303738317757,2.85303738317757,2,597,4,2,2,2,2,0,0,0,0,0.013247663551401377,34,0.06998714953271021,0.001987149532710207,0.068,0.0,0.0
0.361779,61,24123.31839,medium,0.3426791277258567,0.3426791277258567,0,609,4,2,2,2,2,0,0,0,0,0.0,40,0.08000000000000002,0.0,0.08000000000000002,0.0,0.0
2.95175,84,24148.51404,medium,0.9376947040498442,2.9376947040498442,2,836,4,2,2,2,2,0,0,0,0,0.024369158878504608,47,0.0976553738317757,0.0036553738317756912,0.094,0.0,0.0
2.911065,77,24171.255966,medium,0.9305295950155763,2.9305295950155763,2,761,4,2,2,2,2,0,0,0,0,0.0575700934579429,24,0.056635514018691435,0.008635514018691436,0.048,0.0,0.0
2.793916,90,24198.311895,medium,0.8585669781931464,2.8585669781931466,2,900,4,2,2,2,2,0,0,0,0,0.00899532710280335,12,0.0253492990654205,0.0013492990654205023,0.024,0.0,0.0
2.709913,69,24218.165903,medium,0.6771806853582555,2.6771806853582554,2,682,4,2,2,2,2,0,0,0,0,0.0062149532710280495,59,0.10093224299065422,0.0009322429906542073,0.1,0.0,0.0
1.706134,82,24242.270497,medium,0.7165109034267912,1.7165109034267911,1,811,4,2,2,2,2,0,0,0,0,0.018154205607476773,34,0.07072313084112151,0.002723130841121516,0.068,0.0,0.0
4.004483,53,24257.963539,medium,1.0,4.0,3,524,3,1,2,1,2,0,0,0,1,0.005887850467289727,43,0.056883177570093466,0.000883177570093459,0.08600000000000001,0.0,0.03
2.896183,80,24286.098416,medium,0.8792834890965732,2.879283489096573,2,791,4,2,2,2,2,0,0,0,0,0.0,48,0.096,0.0,0.096,0.0,0.0
0.47488,72,24307.105372,medium,0.4753115264797508,0.4753115264797508,0,714,4,2,2,2,2,0,0,0,0,0.0197897196261683,34,0.07096845794392526,0.002968457943925245,0.068,0.0,0.0
1.587921,57,24323.918403,medium,0.5423676012461058,1.5423676012461058,1,569,4,2,2,2,2,0,0,0,0,0.01635514018691581,58,0.10245327102803738,0.0024532710280373714,0.1,0.0,0.0
1.695925,67,24343.451227,medium,0.6955373831775687,1.6955373831775686,1,662,4,2,2,2,2,0,0,0,0,0.03058411214953139,31,0.06658761682242971,0.004587616822429708,0.062000000000000006,0.0,0.0
1.558505,76,24366.138057,medium,0.5827881619937695,1.5827881619937694,1,760,4,2,2,2,2,0,0,0,0,0.011448598130841186,25,0.05171728971962617,0.001717289719626178,0.049999999999999996,0.0,0.0
1.650994,70,24387.39995,medium,0.6172819314641739,1.617281931464174,1,696,4,2,2,2,2,0,0,0,0,0.022079439252335846,80,0.10331191588785038,0.003311915887850377,0.1,0.0,0.0
1.527183,77,24410.242587,medium,0.5457165109034268,1.5457165109034268,1,769,4,2,2,2,2,0,0,0,0,0.029112149532710015,27,0.0583668224299065,0.004366822429906502,0.054,0.0,0.0
2.812187,88,24441.782304,medium,0.7975077881619937,2.797507788161994,2,877,4,2,2,2,2,0,0,0,0,0.015864485981308466,58,0.10237967289719628,0.0023796728971962697,0.1,0.0,0.0
2.941512,72,24463.156857,medium,0.9102803738317757,2.9102803738317755,2,716,4,2,2,2,2,0,0,0,0,0.04554517133956408,48,0.10283177570093462,0.0068317757009346124,0.096,0.0,0.0
2.93631,67,24483.788375,medium,0.9034267912772586,2.9034267912772584,2,666,4,2,2,2,2,0,0,0,0,0.023224299065420104,48,0.09948364485981302,0.003483644859813015,0.096,0.0,0.0
2.763757,89,24510.124682,medium,0.7553738317757009,2.755373831775701,2,885,4,2,2,2,2,0,0,0,0,0.005887850467289784,48,0.09688317757009347,0.0008831775700934677,0.096,0.0,0.0
3.980536,77,24532.432832,medium,1.0,4.0,3,763,4,2,2,2,2,0,0,0,0,0.03224299065420567,26,0.05683644859813085,0.0048364485981308505,0.052,0.0,0.0
4.026435,73,24553.938836,medium,1.0,4.0,3,730,4,2,2,2,2,0,0,0,0,0.02289719626168184,48,0.09943457943925228,0.003434579439252276,0.096,0.0,0.0
2.853008,90,24585.135139,medium,0.8935358255451713,2.8935358255451713,2,900,4,2,2,2,2,0,0,0,0,0.0098130841121496,24,0.04947196261682244,0.0014719626168224402,0.048,0.0,0.0
1.652626,61,24603.368237,medium,0.6156542056074766,1.6156542056074765,1,605,4,2,2,2,2,0,0,0,0,0.009813084112149581,48,0.09747196261682244,0.0014719626168224371,0.096,0.0,0.0
0.487331,77,24626.370758,medium,0.463785046728972,0.463785046728972,0,766,4,2,2,2,2,0,0,0,0,0.027640186915887658,48,0.10014602803738315,0.004146028037383149,0.096,0.0,0.0
2.710234,90,24653.157229,medium,0.7504672897196262,2.750467289719626,2,900,4,2,2,2,2,0,0,0,0,0.011775700934579435,24,0.049766355140186916,0.0017663551401869149,0.048,0.0,0.0
1.596983,71,24674.140394,medium,0.5690809968847352,1.5690809968847352,1,706,4,2,2,2,2,0,0,0,0,0.003348909657320873,49,0.09850233644859814,0.0005023364485981309,0.098,0.0,0.0
3.995083,72,24695.903689,medium,1.0,4.0,3,711,4,2,2,2,2,0,0,0,0,0.014556074766355238,32,0.06618341121495329,0.0021834112149532853,0.064,0.0,0.0
4.031985,69,24716.201351,medium,1.0,4.0,3,687,4,2,2,2,2,0,0,0,0,0.057897196261680973,46,0.10068457943925214,0.008684579439252146,0.092,0.0,0.0
3.974244,69,24740.475336,medium,1.0,4.0,3,689,4,2,2,2,2,0,0,0,0,0.04762461059190035,18,0.04314369158878506,0.007143691588785054,0.036000000000000004,0.0,0.0
0.450189,71,24761.58558,medium,0.42024922118380065,0.42024922118380065,0,706,4,2,2,2,2,0,0,0,0,0.00359813084112149,95,0.10053971962616823,0.0005397196261682234,0.1,0.0,0.0
1.57121,60,24779.400843,medium,0.5560747663551402,1.5560747663551402,1,591,4,2,2,2,2,0,0,0,0,0.04156542056074783,34,0.07423481308411217,0.006234813084112174,0.068,0.0,0.0
1.693627,90,24806.226813,medium,0.6783489096573209,1.6783489096573208,1,900,4,2,2,2,2,0,0,0,0,0.03518691588785056,79,0.10527803738317759,0.005278037383177584,0.1,0.0,0.0
2.932562,89,24833.343615,medium,0.9212616822429907,2.9212616822429904,2,887,4,2,2,2,2,0,0,0,0,0.0,63,0.1,0.0,0.1,0.0,0.0
2.849546,90,24860.05396,medium,0.8356697819314641,2.8356697819314642,2,900,4,2,2,2,2,0,0,0,0,0.02584112149532698,65,0.10387616822429906,0.003876168224299047,0.1,0.0,0.0
4.020569,73,24881.610463,medium,1.0,4.0,3,730,4,2,2,2,2,0,0,0,0,0.0371261682242987,44,0.0935689252336448,0.005568925233644805,0.088,0.0,0.0
4.022291,77,24909.022922,medium,1.0,4.0,3,768,4,2,2,2,2,0,0,0,0,0.02060747663551408,48,0.09909112149532712,0.0030911214953271114,0.096,0.0,0.0
0.476298,61,24927.039265,medium,0.48730529595015576,0.48730529595015576,0,607,4,2,2,2,2,0,0,0,0,0.011285046728972088,24,0.04969275700934581,0.001692757009345813,0.048,0.0,0.0
3.9675,81,24951.246338,medium,1.0,4.0,3,805,4,2,2,2,2,0,0,0,0,0.0,24,0.048,0.0,0.048,0.0,0.0
2.876563,84,24976.044063,medium,0.868380062305296,2.868380062305296,2,833,4,2,2,2,2,0,0,0,0,0.04988317757009231,42,0.09148247663551386,0.007482476635513846,0.084,0.0,0.0
2.860297,81,24999.909314,medium,0.8678348909657321,2.867834890965732,2,801,4,2,2,2,2,0,0,0,0,0.05707943925233558,32,0.07256191588785034,0.008561915887850336,0.064,0.0,0.0
2.877125,90,25026.662092,medium,0.8634735202492212,2.8634735202492214,2,900,4,2,2,2,2,0,0,0,0,0.0510124610591901,48,0.10365186915887852,0.007651869158878515,0.096,0.0,0.0
2.80329,68,25051.142279,medium,0.7968847352024923,2.796884735202492,2,679,4,2,2,2,2,0,0,0,0,0.04203271028037252,34,0.07430490654205588,0.006304906542055876,0.068,0.0,0.0
2.685282,66,25070.368103,medium,0.6522585669781932,2.652258566978193,2,657,4,2,2,2,2,0,0,0,0,0.01815420560747674,48,0.09872313084112151,0.002723130841121511,0.096,0.0,0.0
2.925561,89,25096.576698,medium,0.9420560747663551,2.942056074766355,2,882,4,2,2,2,2,0,0,0,0,0.02469626168224291,34,0.07170443925233644,0.003704439252336436,0.068,0.0,0.0
4.031689,72,25117.864504,medium,1.0,4.0,3,717,4,2,2,2,2,0,0,0,0,0.04926012461059208,48,0.10338901869158881,0.007389018691588811,0.096,0.0,0.0
2.793126,60,25135.956782,medium,0.7527258566978193,2.752725856697819,2,596,4,2,2,2,2,0,0,0,0,0.0,51,0.1,0.0,0.1,0.0,0.0
4.041043,62,25154.120239,medium,1.0,4.0,3,619,4,2,2,2,2,0,0,0,0,0.046285046728970616,48,0.10294275700934559,0.006942757009345592,0.096,0.0,0.0
4.039025,63,25172.687521,medium,1.0,4.0,3,622,4,2,2,2,2,0,0,0,0,0.034836448598130336,48,0.10122546728971955,0.0052254672897195506,0.096,0.0,0.0
4.038315,71,25194.121665,medium,1.0,4.0,3,701,4,2,2,2,2,0,0,0,0,0.05609813084112021,96,0.10841471962616804,0.00841471962616803,0.1,0.0,0.0
2.925171,63,25217.440543,medium,0.9174454828660437,2.917445482866044,2,628,4,2,2,2,2,0,0,0,0,0.043504672897195035,32,0.07052570093457926,0.006525700934579256,0.064,0.0,0.0
2.901049,81,25242.093154,medium,0.8764018691588785,2.8764018691588786,2,802,4,2,2,2,2,0,0,0,0,0.058979750778814795,48,0.10484696261682222,0.008846962616822218,0.096,0.0,0.0
2.969196,76,25264.382438,medium,0.9819314641744549,2.9819314641744548,2,757,4,2,2,2,2,0,0,0,0,0.04643302180685357,28,0.06296495327102804,0.0069649532710280345,0.056,0.0,0.0
2.794704,60,25282.108208,medium,0.7880062305295951,2.788006230529595,2,593,4,2,2,2,2,0,0,0,0,0.05331775700934452,29,0.06599766355140169,0.007997663551401678,0.058,0.0,0.0
2.751375,62,25300.531269,medium,0.7614485981308411,2.761448598130841,2,619,4,2,2,2,2,0,0,0,0,0.02550623052959513,24,0.05182593457943927,0.0038259345794392696,0.048,0.0,0.0
4.027217,76,25323.169432,medium,1.0,4.0,3,751,4,2,2,2,2,0,0,0,0,0.08211059190031152,45,0.10231658878504672,0.012316588785046727,0.09,0.0,0.0
1.701521,67,25343.590235,medium,0.719626168224299,1.719626168224299,1,670,4,2,2,2,2,0,0,0,0,0.019299065420560882,23,0.04889485981308414,0.0028948598130841326,0.046000000000000006,0.0,0.0
2.915673,90,25375.203836,medium,0.966588785046729,2.9665887850467287,2,900,4,2,2,2,2,0,0,0,0,0.03389408099688444,17,0.03908411214953267,0.005084112149532667,0.034,0.0,0.0
1.604593,75,25397.581598,medium,0.6112928348909658,1.6112928348909659,1,747,4,2,2,2,2,0,0,0,0,0.0,34,0.068,0.0,0.068,0.0,0.0
3.897511,52,25412.87298,medium,1.0,4.0,3,518,2,2,0,2,0,0,0,0,2,0.06207165109034274,0,-0.05068925233644859,0.009310747663551411,0.0,0.0,0.06
4.005922,90,25438.90343,medium,0.9999221183800623,3.9999221183800624,3,900,4,2,2,2,2,0,0,0,0,0.0,48,0.096,0.0,0.096,0.0,0.0
2.948637,69,25459.44951,medium,0.9409657320872274,2.9409657320872276,2,684,4,2,2,2,2,0,0,0,0,0.05380841121495194,34,0.07607126168224279,0.00807126168224279,0.068,0.0,0.0
1.740204,68,25479.718328,medium,0.7109034267912773,1.7109034267912773,1,680,4,2,2,2,2,0,0,0,0,0.008668224299065504,48,0.09730023364485983,0.0013002336448598257,0.096,0.0,0.0
3.9766,72,25501.119899,medium,1.0,4.0,3,714,4,2,2,2,2,0,0,0,0,0.0,24,0.048,0.0,0.048,0.0,0.0
2.55686,57,25522.739774,medium,0.582398753894081,2.582398753894081,2,568,4,2,2,2,2,0,0,0,0,0.04841121495327014,12,0.03126168224299052,0.00726168224299052,0.024,0.0,0.0
2.945504,79,25546.60778,medium,0.9698598130841122,2.969859813084112,2,786,4,2,2,2,2,0,0,0,0,0.02829439252336473,25,0.054244158878504714,0.004244158878504709,0.05,0.0,0.0
0.337235,65,25565.823589,medium,0.3530062305295946,0.3530062305295946,0,649,4,2,2,2,2,0,0,0,0,0.007523364485980984,24,0.04912850467289715,0.0011285046728971475,0.048,0.0,0.0
3.994017,65,25585.113899,medium,1.0,4.0,3,644,4,2,2,2,2,0,0,0,0,0.0027803738317757317,29,0.05841705607476637,0.00041705607476635973,0.05800000000000001,0.0,0.0
2.931003,90,25610.908839,medium,0.9174454828660437,2.917445482866044,2,900,4,2,2,2,2,0,0,0,0,0.023714953271027607,69,0.10355724299065415,0.003557242990654141,0.1,0.0,0.0
2.784081,87,25636.760326,medium,0.817601246105919,2.817601246105919,2,866,4,2,2,2,2,0,0,0,0,0.00719626168224305,26,0.053079439252336456,0.0010794392523364575,0.052,0.0,0.0
4.045299,62,25654.938464,medium,1.0,4.0,3,613,4,2,2,2,2,0,0,0,0,0.04399532710280282,79,0.10659929906542043,0.006599299065420425,0.1,0.0,0.0
0.276092,56,25676.311877,medium,0.23490654205607484,0.23490654205607484,0,556,4,2,2,2,2,0,0,0,0,0.005233644859813142,48,0.09678504672897198,0.0007850467289719713,0.096,0.0,0.0
2.820965,58,25693.937888,medium,0.782165109034268,2.782165109034268,2,572,4,2,2,2,2,0,0,0,0,0.0,48,0.096,0.0,0.096,0.0,0.0
2.774775,72,25715.667562,medium,0.7439252336448599,2.74392523364486,2,718,4,2,2,2,2,0,0,0,0,0.01766355140186876,69,0.10264953271028032,0.002649532710280314,0.1,0.0,0.0
2.597006,86,25740.787301,medium,0.5825545171339563,2.582554517133956,2,854,4,2,2,2,2,0,0,0,0,0.025677570093456916,48,0.09985163551401854,0.0038516355140185373,0.096,0.0,0.0
1.479509,90,25767.535679,medium,0.500233644859813,1.500233644859813,1,900,4,2,2,2,2,0,0,0,0,0.008504672897196355,34,0.06927570093457946,0.0012757009345794532,0.068,0.0,0.0
2.928531,77,25789.987992,medium,0.9359034267912772,2.935903426791277,2,765,4,2,2,2,2,0,0,0,0,0.034182242990652846,32,0.06912733644859792,0.005127336448597926,0.064,0.0,0.0
2.8899,66,25810.310194,medium,0.9034267912772586,2.9034267912772584,2,655,4,2,2,2,2,0,0,0,0,0.05315420560747651,22,0.051973130841121484,0.007973130841121476,0.044000000000000004,0.0,0.0
1.809841,90,25841.762409,medium,0.8060747663551402,1.8060747663551402,1,900,4,2,2,2,2,0,0,0,0,0.011775700934579525,46,0.09376635514018693,0.0017663551401869285,0.092,0.0,0.0
2.973412,81,25866.694827,medium,0.9802180685358255,2.9802180685358257,2,804,4,2,2,2,2,0,0,0,0,0.01062305295950153,36,0.07359345794392524,0.0015934579439252292,0.07200000000000001,0.0,0.0
1.590272,69,25887.419148,medium,0.5882398753894081,1.5882398753894083,1,682,4,2,2,2,2,0,0,0,0,0.01488317757009356,34,0.07023247663551403,0.002232476635514034,0.068,0.0,0.0
2.725133,58,25904.76204,medium,0.6784267912772586,2.678426791277259,2,577,4,2,2,2,2,0,0,0,0,0.029376947040498605,67,0.1044065420560748,0.004406542056074791,0.1,0.0,0.0
2.89609,90,25931.512369,medium,0.8814641744548286,2.8814641744548286,2,900,4,2,2,2,2,0,0,0,0,0.0575077881619929,48,0.10462616822429893,0.008626168224298935,0.096,0.0,0.0
2.910302,59,25949.070797,medium,0.8926401869158879,2.8926401869158878,2,589,4,2,2,2,2,0,0,0,0,0.057079439252335384,34,0.07656191588785032,0.008561915887850307,0.068,0.0,0.0
1.647804,64,25968.098656,medium,0.6116043613707165,1.6116043613707165,1,638,4,2,2,2,2,0,0,0,0,0.0,64,0.1,0.0,0.1,0.0,0.0
2.950295,90,25999.713081,medium,0.9376947040498442,2.9376947040498442,2,900,4,2,2,2,2,0,0,0,0,0.01733644859813097,58,0.10260046728971965,0.0026004672897196454,0.1,0.0,0.0
2.794014,67,26019.788466,medium,0.7596573208722741,2.7596573208722743,2,666,4,2,2,2,2,0,0,0,0,0.0063785046728969215,52,0.10095677570093455,0.000956775700934538,0.1,0.0,0.0
2.705932,79,26043.372948,medium,0.7405763239875389,2.740576323987539,2,783,4,2,2,2,2,0,0,0,0,0.024369158878504618,20,0.043655373831775694,0.003655373831775693,0.04,0.0,0.0
2.929601,71,26064.714523,medium,0.9376947040498442,2.9376947040498442,2,704,4,2,2,2,2,0,0,0,0,0.015373831775700992,30,0.06230607476635515,0.002306074766355149,0.06,0.0,0.0
3.980436,65,26083.230743,medium,1.0,4.0,3,644,4,2,2,2,2,0,0,0,0,0.03224299065420567,20,0.04483644859813085,0.0048364485981308505,0.04,0.0,0.0
2.723093,90,26110.056814,medium,0.7450934579439252,2.7450934579439252,2,900,4,2,2,2,2,0,0,0,0,0.0,34,0.068,0.0,0.068,0.0,0.0
2.807508,90,26137.551852,medium,0.7975077881619937,2.797507788161994,2,900,4,2,2,2,2,0,0,0,0,0.0,88,0.1,0.0,0.1,0.0,0.0
2.950096,90,26169.757815,medium,0.9409657320872274,2.9409657320872276,2,892,4,2,2,2,2,0,0,0,0,0.015537383177569813,48,0.09833060747663547,0.0023306074766354717,0.096,0.0,0.0
2.690644,65,26189.138644,medium,0.6533489096573208,2.653348909657321,2,643,4,2,2,2,2,0,0,0,0,0.010630841121494868,60,0.10159462616822423,0.0015946261682242301,0.1,0.0,0.0
2.976197,87,26215.602552,medium,0.9529595015576324,2.9529595015576326,2,866,4,2,2,2,2,0,0,0,0,0.06558411214953178,52,0.10983761682242978,0.009837616822429767,0.1,0.0,0.0
2.61822,66,26235.04257,medium,0.62702492211838,2.62702492211838,2,656,4,2,2,2,2,0,0,0,0,0.03197040498442374,26,0.056795560747663565,0.00479556074766356,0.052000000000000005,0.0,0.0
2.773714,60,26252.584606,medium,0.7314641744548287,2.7314641744548287,2,599,4,2,2,2,2,0,0,0,0,0.014330218068535823,57,0.10214953271028038,0.0021495327102803736,0.1,0.0,0.0
2.625579,59,26270.273677,medium,0.5821651090342679,2.5821651090342677,2,584,4,2,2,2,2,0,0,0,0,0.03876168224298968,48,0.10181425233644845,0.005814252336448451,0.096,0.0,0.0
2.776734,90,26297.301891,medium,0.7957165109034268,2.7957165109034268,2,900,4,2,2,2,2,0,0,0,0,0.020116822429905677,34,0.07101752336448586,0.003017523364485852,0.068,0.0,0.0
4.035121,66,26321.071791,medium,1.0,4.0,3,651,4,2,2,2,2,0,0,0,0,0.001471962616822446,69,0.10022079439252338,0.0002207943925233669,0.1,0.0,0.0
4.031425,64,26339.573229,medium,1.0,4.0,3,638,4,2,2,2,2,0,0,0,0,0.034836448598130336,45,0.09522546728971956,0.00522546728971955,0.09000000000000001,0.0,0.0
0.517902,59,26356.690232,medium,0.4795171339563863,0.4795171339563863,0,584,4,2,2,2,2,0,0,0,0,0.005233644859813082,48,0.09678504672897197,0.0007850467289719622,0.096,0.0,0.0
3.984704,59,26374.099624,medium,1.0,4.0,3,584,4,2,2,2,2,0,0,0,0,0.007359813084112196,21,0.04310397196261684,0.0011039719626168294,0.04200000000000001,0.0,0.0
2.804923,90,26400.726289,medium,0.8067757009345794,2.8067757009345793,2,900,4,2,2,2,2,0,0,0,0,0.0009813084112149542,44,0.08814719626168224,0.0001471962616822431,0.088,0.0,0.0
1.610552,79,26424.109884,medium,0.5892523364485981,1.589252336448598,1,787,4,2,2,2,2,0,0,0,0,0.0,68,0.1,0.0,0.1,0.0,0.0
4.020647,81,26448.815174,medium,1.0,4.0,3,808,4,2,2,2,2,0,0,0,0,0.009649532710279957,52,0.101447429906542,0.001447429906541994,0.1,0.0,0.0
3.987116,62,26471.179351,medium,1.0,4.0,3,613,4,2,2,2,2,0,0,0,0,0.029439252336448115,22,0.048415887850467215,0.004415887850467218,0.044,0.0,0.0
3.996836,76,26493.886985,medium,1.0,4.0,3,760,4,2,2,2,2,0,0,0,0,0.03224299065420567,34,0.07283644859813085,0.0048364485981308505,0.068,0.0,0.0
2.727001,79,26517.027727,medium,0.7040498442367601,2.70404984423676,2,783,4,2,2,2,2,0,0,0,0,0.008341121495327139,57,0.10125116822429908,0.0012511682242990708,0.1,0.0,0.0
4.020588,62,26535.525156,medium,1.0,4.0,3,614,4,2,2,2,2,0,0,0,0,0.053255451713395026,37,0.08198831775700925,0.007988317757009252,0.074,0.0,0.0
0.418848,58,26552.418999,medium,0.37910436137071624,0.37910436137071624,0,579,4,2,2,2,2,0,0,0,0,0.010957943925233323,48,0.097643691588785,0.0016436915887849983,0.096,0.0,0.0
2.881435,88,26578.49731,medium,0.9034267912772586,2.9034267912772584,2,875,4,2,2,2,2,0,0,0,0,0.023387850467289906,31,0.06550817757009349,0.0035081775700934853,0.062,0.0,0.0
3.981826,72,26599.948848,medium,1.0,4.0,3,720,4,2,2,2,2,0,0,0,0,0.052172897196260316,23,0.053825934579439044,0.007825934579439047,0.046,0.0,0.0
1.702489,68,26624.310416,medium,0.680373831775701,1.680373831775701,1,677,4,2,2,2,2,0,0,0,0,0.012102803738317403,44,0.08981542056074761,0.0018154205607476103,0.088,0.0,0.0
2.927692,90,26650.369152,medium,0.9551401869158879,2.9551401869158878,2,900,4,2,2,2,2,0,0,0,0,0.017009345794391974,30,0.06255140186915881,0.002551401869158796,0.060000000000000005,0.0,0.0
0.384249,59,26667.914026,medium,0.3426791277258567,0.3426791277258567,0,587,4,2,2,2,2,0,0,0,0,0.00179906542056067,58,0.1002698598130841,0.0002698598130841005,0.1,0.0,0.0
2.627485,61,26685.920902,medium,0.5894859813084112,2.5894859813084112,2,607,4,2,2,2,2,0,0,0,0,0.0179906542056067,48,0.098698598130841,0.0026985981308410047,0.096,0.0,0.0
0.498682,69,26706.050244,medium,0.46892523364485983,0.46892523364485983,0,685,4,2,2,2,2,0,0,0,0,0.015046728971962773,48,0.09825700934579441,0.0022570093457944156,0.096,0.0,0.0
2.82166,90,26731.977566,medium,0.8536604361370717,2.853660436137072,2,900,4,2,2,2,2,0,0,0,0,0.0,29,0.058,0.0,0.058,0.0,0.0
1.684035,74,26753.189544,medium,0.6981308411214954,1.6981308411214955,1,740,4,2,2,2,2,0,0,0,0,0.012694704049844234,29,0.059904205607476634,0.0019042056074766351,0.057999999999999996,0.0,0.0
1.896351,90,26783.036603,medium,0.934190031152648,1.934190031152648,1,900,4,2,2,2,2,0,0,0,0,0.027741433021807,24,0.05216121495327105,0.00416121495327105,0.048,0.0,0.0
1.708674,68,26802.761917,medium,0.6760903426791277,1.6760903426791276,1,680,4,2,2,2,2,0,0,0,0,0.0038940809968847356,69,0.10058411214953272,0.0005841121495327103,0.1,0.0,0.0
4.014646,69,26822.518889,medium,1.0,4.0,3,681,4,2,2,2,2,0,0,0,0,0.0449766355140174,38,0.08274649532710261,0.006746495327102609,0.076,0.0,0.0
2.878124,62,26841.433192,medium,0.8591121495327103,2.8591121495327103,2,617,4,2,2,2,2,0,0,0,0,0.004742990654205601,40,0.08071144859813086,0.0007114485981308402,0.08000000000000002,0.0,0.0
4.036392,71,26862.58303,medium,1.0,4.0,3,706,4,2,2,2,2,0,0,0,0,0.04661214953270941,86,0.10699182242990642,0.0069918224299064125,0.1,0.0,0.0
4.015313,86,26888.637281,medium,1.0,4.0,3,853,4,2,2,2,2,0,0,0,0,0.0040887850467289655,96,0.10061331775700935,0.0006133177570093448,0.1,0.0,0.0
4.026764,73,26910.006528,medium,1.0,4.0,3,726,4,2,2,2,2,0,0,0,0,0.0224299065420561,48,0.09936448598130841,0.0033644859813084143,0.096,0.0,0.0
0.427843,86,26939.524024,medium,0.4134735202492212,0.4134735202492212,0,859,4,2,2,2,2,0,0,0,0,0.001799065420560747,58,0.10026985981308412,0.00026985981308411204,0.1,0.0,0.0
4.01026,66,26958.582691,medium,1.0,4.0,3,651,4,2,2,2,2,0,0,0,0,0.049065420560746545,34,0.07535981308411199,0.007359813084111981,0.068,0.0,0.0
2.718837,88,26984.210862,medium,0.72601246105919,2.72601246105919,2,878,4,2,2,2,2,0,0,0,0,0.017500000000000033,39,0.08062500000000002,0.002625000000000005,0.07800000000000001,0.0,0.0
4.020695,72,27005.393824,medium,1.0,4.0,3,715,4,2,2,2,2,0,0,0,0,0.08130062305295821,40,0.09219509345794374,0.012195093457943732,0.08000000000000002,0.0,0.0
2.843161,73,27027.1978,medium,0.8121495327102803,2.81214953271028,2,723,4,2,2,2,2,0,0,0,0,0.022079439252336464,71,0.10331191588785048,0.0033119158878504693,0.1,0.0,0.0
3.9783,54,27042.971285,medium,1.0,4.0,3,537,4,2,2,2,2,0,0,0,0,0.0,16,0.032,0.0,0.032,0.0,0.0
1.624333,64,27062.37899,medium,0.5876168224299053,1.5876168224299052,1,637,4,2,2,2,2,0,0,0,0,0.029439252336447327,48,0.1004158878504671,0.004415887850467099,0.096,0.0,0.0
2.814774,85,27092.263397,medium,0.7975077881619937,2.797507788161994,2,845,4,2,2,2,2,0,0,0,0,0.011775700934579475,69,0.10176635514018692,0.0017663551401869212,0.1,0.0,0.0
3.951716,48,27106.308318,medium,1.0,4.0,3,480,3,2,1,2,1,0,0,0,1,0.03810747663551388,12,-0.00028387850467291587,0.0057161214953270825,0.024,0.0,0.03
2.81415,63,27124.947042,medium,0.8262461059190032,2.826246105919003,2,629,4,2,2,2,2,0,0,0,0,0.018691588785046776,24,0.050803738317757016,0.002803738317757017,0.048,0.0,0.0
2.84164,90,27152.165334,medium,0.8907320872274144,2.8907320872274145,2,900,4,2,2,2,2,0,0,0,0,0.006051401869158945,20,0.04090771028037384,0.0009077102803738417,0.04,0.0,0.0
3.987039,73,27173.664196,medium,1.0,4.0,3,729,4,2,2,2,2,0,0,0,0,0.06626168224298953,25,0.05993925233644842,0.009939252336448429,0.049999999999999996,0.0,0.0
3.986275,70,27194.768144,medium,1.0,4.0,3,700,4,2,2,2,2,0,0,0,0,0.055163551401867905,24,0.056274532710280184,0.008274532710280186,0.048,0.0,0.0
3.995734,55,27210.859185,medium,1.0,4.0,3,550,4,2,2,2,2,0,0,0,0,0.058224299065419684,21,0.05073364485981296,0.008733644859812954,0.042,0.0,0.0
1.596688,67,27230.882197,medium,0.5936137071651091,1.593613707165109,1,663,4,2,2,2,2,0,0,0,0,0.00915887850467296,34,0.06937383177570094,0.0013738317757009439,0.068,0.0,0.0
3.990975,59,27252.736449,medium,1.0,4.0,3,583,4,2,2,2,2,0,0,0,0,0.03516355140186825,22,0.04927453271028023,0.005274532710280237,0.044,0.0,0.0
2.894075,81,27276.480257,medium,0.9088785046728972,2.9088785046728973,2,809,4,2,2,2,2,0,0,0,0,0.027313084112148354,31,0.06609696261682226,0.004096962616822252,0.062,0.0,0.0
2.768682,82,27300.569382,medium,0.7543613707165109,2.754361370716511,2,819,4,2,2,2,2,0,0,0,0,0.001471962616822446,48,0.09622079439252337,0.00022079439252336693,0.096,0.0,0.0
2.891079,82,27324.568905,medium,0.8720404984423676,2.8720404984423675,2,813,4,2,2,2,2,0,0,0,0,0.0022585669781931468,91,0.10033878504672898,0.000338785046728972,0.1,0.0,0.0
3.946824,63,27342.965345,medium,1.0,4.0,3,624,4,2,2,2,2,0,0,0,0,0.061495327102802595,0,0.009224299065420388,0.009224299065420388,0.0,0.0,0.0
3.954112,76,27365.664034,medium,1.0,4.0,3,752,4,2,2,2,2,0,0,0,0,0.02207943925233615,13,0.029311915887850426,0.003311915887850423,0.026000000000000002,0.0,0.0
2.981447,80,27393.70862,medium,0.9567757009345794,2.956775700934579,2,794,4,2,2,2,2,0,0,0,0,0.05380841121495194,48,0.10407126168224279,0.00807126168224279,0.096,0.0,0.0
3.994223,76,27416.315195,medium,1.0,4.0,3,752,4,2,2,2,2,0,0,0,0,0.009485981308411263,34,0.0694228971962617,0.0014228971962616894,0.068,0.0,0.0
2.710831,77,27439.412991,medium,0.6882398753894081,2.6882398753894083,2,765,4,2,2,2,2,0,0,0,0,0.020607476635513492,48,0.09909112149532702,0.003091121495327024,0.096,0.0,0.0
4.035747,75,27461.769775,medium,1.0,4.0,3,749,4,2,2,2,2,0,0,0,0,0.0709813084112135,95,0.11064719626168203,0.010647196261682024,0.1,0.0,0.0
2.788918,90,27488.383964,medium,0.772196261682243,2.772196261682243,2,900,4,2,2,2,2,0,0,0,0,0.044813084112148134,56,0.10672196261682222,0.006721962616822219,0.1,0.0,0.0
4.0028,66,27507.700604,medium,1.0,4.0,3,652,4,2,2,2,2,0,0,0,0,0.0,34,0.068,0.0,0.068,0.0,0.0
4.048677,57,27524.034964,medium,1.0,4.0,3,564,4,2,2,2,2,0,0,0,0,0.06051401869158782,48,0.10507710280373818,0.009077102803738173,0.096,0.0,0.0
4.0279,69,27549.013624,medium,1.0,4.0,3,681,4,2,2,2,2,0,0,0,0,0.0,48,0.096,0.0,0.096,0.0,0.0
2.790535,74,27570.232515,medium,0.7602803738317757,2.7602803738317756,2,734,4,2,2,2,2,0,0,0,0,0.051028037383176364,48,0.10365420560747646,0.0076542056074764536,0.096,0.0,0.0
1.668178,77,27592.751782,medium,0.639867601246106,1.639867601246106,1,764,4,2,2,2,2,0,0,0,0,0.03140186915887858,67,0.10471028037383179,0.004710280373831788,0.1,0.0,0.0
3.978541,70,27613.697648,medium,1.0,4.0,3,692,4,2,2,2,2,0,0,0,0,0.011604361370716508,23,0.047740654205607476,0.0017406542056074763,0.046,0.0,0.0
2.824603,90,27640.780962,medium,0.8127725856697819,2.812772585669782,2,892,4,2,2,2,2,0,0,0,0,0.00686915887850472,80,0.10103037383177571,0.001030373831775708,0.1,0.0,0.0
2.81614,73,27662.451167,medium,0.786993769470405,2.786993769470405,2,723,4,2,2,2,2,0,0,0,0,0.036308411214952596,48,0.1014462616822429,0.005446261682242889,0.096,0.0,0.0
2.798235,60,27680.335585,medium,0.7679906542056075,2.7679906542056076,2,593,4,2,2,2,2,0,0,0,0,0.03696261682242931,42,0.08954439252336438,0.005544392523364396,0.08399999999999999,0.0,0.0
2.690158,65,27699.342101,medium,0.700778816199377,2.700778816199377,2,650,4,2,2,2,2,0,0,0,0,0.015864485981307727,26,0.05437967289719616,0.002379672897196159,0.052000000000000005,0.0,0.0
4.007594,70,27724.667409,medium,1.0,4.0,3,694,4,2,2,2,2,0,0,0,0,0.059961059190029885,34,0.07699415887850448,0.008994158878504481,0.068,0.0,0.0
1.556289,64,27743.554109,medium,0.5715420560747664,1.5715420560747664,1,634,4,2,2,2,2,0,0,0,0,0.0009813084112149642,24,0.04814719626168225,0.00014719626168224463,0.048,0.0,0.0
2.565248,81,27767.534118,medium,0.5776479750778816,2.5776479750778813,2,804,4,2,2,2,2,0,0,0,0,0.0,34,0.068,0.0,0.068,0.0,0.0
4.00785,63,27786.155134,medium,1.0,4.0,3,621,4,2,2,2,2,0,0,0,0,0.012998442367601256,34,0.06994976635514019,0.0019497663551401882,0.068,0.0,0.0
2.909711,66,27805.844396,medium,0.9034267912772586,2.9034267912772584,2,653,4,2,2,2,2,0,0,0,0,0.05056074766355124,32,0.07158411214953268,0.007584112149532685,0.064,0.0,0.0
2.815139,90,27831.610157,medium,0.844392523364486,2.844392523364486,2,900,4,2,2,2,2,0,0,0,0,0.04497663551401775,27,0.06074649532710267,0.006746495327102663,0.054000000000000006,0.0,0.0
0.463644,68,27852.009777,medium,0.4867601246105919,0.4867601246105919,0,673,4,2,2,2,2,0,0,0,0,0.014556074766355025,21,0.04418341121495325,0.0021834112149532537,0.041999999999999996,0.0,0.0
3.938219,71,27877.200216,medium,1.0,4.0,3,709,4,2,2,2,2,0,0,0,0,0.020794392523364496,3,0.009119158878504674,0.003119158878504674,0.006,0.0,0.0
2.895816,83,27901.594879,medium,0.9034267912772586,2.9034267912772584,2,822,4,2,2,2,2,0,0,0,0,0.043925233644859875,34,0.07458878504672899,0.006588785046728981,0.068,0.0,0.0
2.729134,68,27921.388403,medium,0.7002336448598131,2.700233644859813,2,671,4,2,2,2,2,0,0,0,0,0.0,48,0.096,0.0,0.096,0.0,0.0
4.037374,62,27939.576186,medium,1.0,4.0,3,613,4,2,2,2,2,0,0,0,0,0.017827102803737727,48,0.09867406542056066,0.002674065420560659,0.096,0.0,0.0
2.97185,62,27958.488305,medium,0.9343457943925234,2.9343457943925233,2,611,4,2,2,2,2,0,0,0,0,0.017359813084112136,48,0.09860397196261682,0.0026039719626168205,0.096,0.0,0.0
2.933857,90,27985.367368,medium,0.9758566978193146,2.9758566978193146,2,900,4,2,2,2,2,0,0,0,0,0.0,24,0.048,0.0,0.048,0.0,0.0
4.047284,58,28002.590823,medium,1.0,4.0,3,573,4,2,2,2,2,0,0,0,0,0.05722741433021819,48,0.10458411214953273,0.00858411214953273,0.096,0.0,0.0
2.756469,71,28028.381416,medium,0.7552959501557632,2.7552959501557632,2,702,4,2,2,2,2,0,0,0,0,0.03581775700934524,33,0.07137266355140179,0.005372663551401785,0.066,0.0,0.0
2.696841,61,28045.882887,medium,0.6897196261682244,2.689719626168224,2,605,4,2,2,2,2,0,0,0,0,0.03747663551401883,31,0.06762149532710282,0.005621495327102824,0.062,0.0,0.0
0.454276,70,28066.515405,medium,0.42017133956386293,0.42017133956386293,0,696,4,2,2,2,2,0,0,0,0,0.024696261682242916,54,0.10370443925233644,0.0037044392523364377,0.1,0.0,0.0
4.008035,75,28089.08597,medium,1.0,4.0,3,747,4,2,2,2,2,0,0,0,0,0.0315654205607473,39,0.08273481308411211,0.004734813084112096,0.07800000000000001,0.0,0.0
0.401929,62,28107.432178,medium,0.3847118380062305,0.3847118380062305,0,612,4,2,2,2,2,0,0,0,0,0.0027803738317756783,39,0.07841705607476637,0.0004170560747663518,0.07800000000000001,0.0,0.0
2.870334,79,28130.813015,medium,0.8802959501557632,2.8802959501557632,2,786,4,2,2,2,2,0,0,0,0,0.004252336448598071,34,0.06863785046728972,0.0006378504672897106,0.068,0.0,0.0
2.915178,90,28157.055269,medium,0.8961838006230529,2.896183800623053,2,900,4,2,2,2,2,0,0,0,0,0.05996105919002969,96,0.10899415887850446,0.008994158878504454,0.1,0.0,0.0
0.471074,65,28180.592309,medium,0.4672897196261682,0.4672897196261682,0,648,4,2,2,2,2,0,0,0,0,0.0038940809968847356,34,0.06858411214953272,0.0005841121495327103,0.068,0.0,0.0
2.758626,81,28204.32516,medium,0.734190031152648,2.734190031152648,2,804,4,2,2,2,2,0,0,0,0,0.03224299065420567,58,0.10483644859813085,0.0048364485981308505,0.1,0.0,0.0
2.921446,86,28230.095037,medium,0.9070093457943925,2.9070093457943926,2,857,4,2,2,2,2,0,0,0,0,0.02757788161993784,48,0.10013668224299067,0.004136682242990675,0.096,0.0,0.0
3.899529,53,28246.304681,medium,1.0,4.0,3,521,2,2,0,2,0,0,0,0,2,0.07752336448597995,0,-0.048371495327103005,0.011628504672896991,0.0,0.0,0.06
0.353736,60,28264.034493,medium,0.32141744548286605,0.32141744548286605,0,600,4,2,2,2,2,0,0,0,0,0.0021261682242990887,46,0.09231892523364486,0.00031892523364486334,0.092,0.0,0.0
2.85074,90,28290.909643,medium,0.832398753894081,2.832398753894081,2,900,4,2,2,2,2,0,0,0,0,0.055607476635513096,96,0.10834112149532697,0.008341121495326963,0.1,0.0,0.0
1.518342,90,28317.829344,medium,0.5439252336448598,1.5439252336448597,1,900,4,2,2,2,2,0,0,0,0,0.002780373831775581,32,0.06441705607476633,0.0004170560747663371,0.064,0.0,0.0
1.66858,71,28343.997231,medium,0.638006230529595,1.638006230529595,1,708,4,2,2,2,2,0,0,0,0,0.00915887850467294,68,0.10137383177570095,0.0013738317757009408,0.1,0.0,0.0
1.595363,90,28370.431165,medium,0.6323208722741434,1.6323208722741434,1,900,4,2,2,2,2,0,0,0,0,0.02028037383177523,25,0.05304205607476629,0.0030420560747662848,0.05,0.0,0.0
3.931121,70,28391.249579,medium,1.0,4.0,3,691,4,2,2,2,2,0,0,0,0,0.00147196261682243,0,0.0002207943925233645,0.0002207943925233645,0.0,0.0,0.0
0.371042,60,28409.235721,medium,0.41627725856697817,0.41627725856697817,0,598,4,2,2,2,2,0,0,0,0,0.0037616822429906525,7,0.014564252336448598,0.0005642523364485978,0.014,0.0,0.0
0.168673,59,28426.941015,medium,0.14485202492211835,0.14485202492211835,0,584,4,2,2,2,2,0,0,0,0,0.001471962616822446,41,0.08222079439252336,0.0002207943925233669,0.08199999999999999,0.0,0.0
1.92814,64,28446.408002,medium,0.8928738317757001,1.8928738317757001,1,638,4,2,2,2,2,0,0,0,0,0.020443925233643977,48,0.09906658878504661,0.003066588785046596,0.09600000000000002,0.0,0.0
2.924362,70,28467.900213,medium,0.9157866043613708,2.915786604361371,2,699,4,2,2,2,2,0,0,0,0,0.06983644859812983,34,0.07847546728971948,0.010475467289719473,0.068,0.0,0.0
2.672204,70,28493.584318,medium,0.6446261682242991,2.644626168224299,2,696,4,2,2,2,2,0,0,0,0,0.007850467289719656,48,0.09717757009345795,0.0011775700934579484,0.096,0.0,0.0
1.541571,60,28511.812488,medium,0.5451713395638629,1.5451713395638629,1,596,4,2,2,2,2,0,0,0,0,0.0,28,0.056,0.0,0.056,0.0,0.0
2.8035,90,28538.645164,medium,0.7973286604361371,2.797328660436137,2,900,4,2,2,2,2,0,0,0,0,0.0011448598130841248,48,0.09617172897196262,0.0001717289719626187,0.096,0.0,0.0
2.902474,62,28556.606173,medium,0.8585669781931464,2.8585669781931466,2,613,4,2,2,2,2,0,0,0,0,0.061378504672895996,48,0.1052067757009344,0.0092067757009344,0.096,0.0,0.0
2.916991,89,28582.8739,medium,0.9518691588785047,2.9518691588785044,2,883,4,2,2,2,2,0,0,0,0,0.03614485981308372,24,0.05342172897196256,0.005421728971962558,0.048,0.0,0.0
2.736,72,28604.558936,medium,0.705607476635514,2.705607476635514,2,715,4,2,2,2,2,0,0,0,0,0.01261682242990654,88,0.10189252336448598,0.001892523364485981,0.1,0.0,0.0
2.788121,81,28628.868998,medium,0.7726246105919004,2.7726246105919,2,807,4,2,2,2,2,0,0,0,0,0.0013084112149532854,48,0.09619626168224299,0.0001962616822429928,0.096,0.0,0.0
3.994883,66,28652.727174,medium,1.0,4.0,3,655,4,2,2,2,2,0,0,0,0,0.015887850467289716,29,0.06038317757009346,0.002383177570093458,0.058,0.0,0.0
2.820422,64,28671.783044,medium,0.7761682242990654,2.7761682242990653,2,634,4,2,2,2,2,0,0,0,0,0.0510280373831765,55,0.10765420560747647,0.007654205607476475,0.1,0.0,0.0
2.612985,59,28688.912088,medium,0.6021806853582554,2.602180685358255,2,583,4,2,2,2,2,0,0,0,0,0.007359813084111832,34,0.06910397196261678,0.0011039719626167747,0.068,0.0,0.0
2.972266,80,28712.877239,medium,0.9764797507788162,2.9764797507788163,2,795,4,2,2,2,2,0,0,0,0,0.04857476635513973,34,0.07528621495327097,0.00728621495327096,0.068,0.0,0.0
4.037978,55,28728.9778,medium,1.0,4.0,3,548,4,2,2,2,2,0,0,0,0,0.031853582554517194,44,0.09277803738317758,0.004778037383177579,0.08800000000000001,0.0,0.0
2.754929,89,28754.969433,medium,0.7549065420560748,2.7549065420560748,2,881,4,2,2,2,2,0,0,0,0,0.0008177570093458035,44,0.08812266355140186,0.00012266355140187052,0.088,0.0,0.0
2.948336,90,28781.264256,medium,0.9376947040498442,2.9376947040498442,2,898,4,2,2,2,2,0,0,0,0,0.002943925233644892,96,0.10044158878504673,0.00044158878504673387,0.1,0.0,0.0
2.885305,78,28808.724464,medium,0.9121495327102803,2.91214953271028,2,771,4,2,2,2,2,0,0,0,0,0.041705607476634265,22,0.050255841121495136,0.006255841121495139,0.044,0.0,0.0
0.353303,66,28828.524771,medium,0.3190031152647975,0.3190031152647975,0,657,4,2,2,2,2,0,0,0,0,0.0,68,0.1,0.0,0.1,0.0,0.0
4.0217,69,28849.14489,medium,1.0,4.0,3,683,4,2,2,2,2,0,0,0,0,0.0,45,0.09,0.0,0.09,0.0,0.0
2.888575,61,28867.192946,medium,0.8480529595015577,2.848052959501558,2,609,4,2,2,2,2,0,0,0,0,0.03614485981308259,48,0.10142172897196239,0.005421728971962388,0.096,0.0,0.0
0.395589,57,28884.450966,medium,0.3525155763239875,0.3525155763239875,0,570,4,2,2,2,2,0,0,0,0,0.0004906542056074556,82,0.10007359813084113,7.359813084111834e-05,0.1,0.0,0.0
2.948031,62,28903.018723,medium,0.9541277258566978,2.954127725856698,2,611,4,2,2,2,2,0,0,0,0,0.046690031152647894,24,0.055003504672897184,0.007003504672897185,0.048,0.0,0.0
1.564429,72,28924.540186,medium,0.5329906542056071,1.532990654205607,1,718,4,2,2,2,2,0,0,0,0,0.02158878504672854,66,0.10323831775700928,0.0032383177570092818,0.1,0.0,0.0
3.982062,72,28945.772441,medium,1.0,4.0,3,713,4,2,2,2,2,0,0,0,0,0.035747663551401916,24,0.05336214953271029,0.005362149532710287,0.048,0.0,0.0
2.889347,70,28971.15176,medium,0.8569314641744549,2.8569314641744548,2,694,4,2,2,2,2,0,0,0,0,0.01210280373831743,68,0.10181542056074762,0.0018154205607476142,0.1,0.0,0.0
1.539572,90,28997.63746,medium,0.6251557632398754,1.6251557632398754,1,900,4,2,2,2,2,0,0,0,0,0.02943925233644831,0,0.004415887850467246,0.004415887850467246,0.0,0.0,0.0
2.777864,90,29023.868181,medium,0.7690809968847352,2.7690809968847354,2,900,4,2,2,2,2,0,0,0,0,0.058551401869157645,45,0.09878271028037364,0.008782710280373647,0.09,0.0,0.0
4.035674,71,29044.936047,medium,1.0,4.0,3,703,4,2,2,2,2,0,0,0,0,0.06649532710280329,48,0.1059742990654205,0.009974299065420491,0.096,0.0,0.0
2.84359,69,29065.407214,medium,0.8405763239875389,2.840576323987539,2,682,4,2,2,2,2,0,0,0,0,0.021425233644859893,34,0.07121378504672898,0.0032137850467289838,0.068,0.0,0.0
1.626589,90,29092.101274,medium,0.616588785046729,1.616588785046729,1,900,4,2,2,2,2,0,0,0,0,0.0,71,0.1,0.0,0.1,0.0,0.0
2.927731,90,29123.664382,medium,0.9376947040498442,2.9376947040498442,2,900,4,2,2,2,2,0,0,0,0,0.013574766355140273,39,0.08003621495327105,0.002036214953271041,0.07800000000000001,0.0,0.0
4.032525,71,29145.839617,medium,1.0,4.0,3,701,4,2,2,2,2,0,0,0,0,0.017500000000000078,96,0.10262500000000002,0.002625000000000011,0.1,0.0,0.0
0.48311,68,29166.180781,medium,0.44898753894080995,0.44898753894080995,0,673,4,2,2,2,2,0,0,0,0,0.00948598130841129,58,0.1014228971962617,0.0014228971962616935,0.1,0.0,0.0
2.753769,69,29187.168952,medium,0.7407320872274143,2.740732087227414,2,683,4,2,2,2,2,0,0,0,0,0.022242990654205146,39,0.08133644859813077,0.0033364485981307716,0.078,0.0,0.0
0.486681,90,29214.063993,medium,0.480607476635514,0.480607476635514,0,900,4,2,2,2,2,0,0,0,0,0.0004906542056074822,48,0.09607359813084113,7.359813084112233e-05,0.096,0.0,0.0
0.435567,62,29232.419398,medium,0.39447040498442365,0.39447040498442365,0,617,4,2,2,2,2,0,0,0,0,0.018644859813084023,52,0.10279672897196261,0.0027967289719626033,0.1,0.0,0.0
3.026315,78,29255.235274,medium,0.9992990654205608,2.9992990654205607,2,774,4,2,2,2,2,0,0,0,0,0.029439252336447327,70,0.1044158878504671,0.004415887850467099,0.1,0.0,0.0
3.985107,65,29279.500149,medium,1.0,4.0,3,650,4,2,2,2,2,0,0,0,0,0.06738317757009228,20,0.05010747663551384,0.010107476635513842,0.04,0.0,0.0
2.858557,59,29297.05191,medium,0.860202492211838,2.860202492211838,2,589,4,2,2,2,2,0,0,0,0,0.0616978193146419,24,0.05725467289719628,0.009254672897196283,0.048,0.0,0.0
0.402581,60,29314.766527,medium,0.3623831775700935,0.3623831775700935,0,599,4,2,2,2,2,0,0,0,0,0.000654205607476636,65,0.1000981308411215,9.81308411214954e-05,0.1,0.0,0.0
0.455504,63,29333.566724,medium,0.41736760124610595,0.41736760124610595,0,626,4,2,2,2,2,0,0,0,0,0.004906542056074762,72,0.10073598130841122,0.0007359813084112142,0.1,0.0,0.0
2.958831,79,29357.055689,medium,0.9382398753894081,2.9382398753894083,2,785,4,2,2,2,2,0,0,0,0,0.020607476635514127,48,0.09909112149532712,0.003091121495327119,0.096,0.0,0.0
2.920219,86,29382.056599,medium,0.9376947040498442,2.9376947040498442,2,855,4,2,2,2,2,0,0,0,0,0.00016355140186915892,34,0.06802453271028037,2.4532710280373835e-05,0.068,0.0,0.0
0.532251,65,29401.337823,medium,0.498208722741433,0.498208722741433,0,650,4,2,2,2,2,0,0,0,0,0.020280373831775174,48,0.09904205607476628,0.0030420560747662756,0.096,0.0,0.0
2.737324,81,29430.071836,medium,0.7182242990654205,2.7182242990654206,2,809,4,2,2,2,2,0,0,0,0,0.0,96,0.1,0.0,0.1,0.0,0.0
3.011703,90,29457.173924,medium,0.9992990654205608,2.9992990654205607,2,900,4,2,2,2,2,0,0,0,0,0.016028037383177682,70,0.10240420560747666,0.0024042056074766523,0.1,0.0,0.0
2.974268,72,29479.059862,medium,0.9808411214953271,2.980841121495327,2,717,4,2,2,2,2,0,0,0,0,0.020848909657320978,31,0.06512733644859815,0.0031273364485981466,0.062,0.0,0.0
0.419677,63,29497.74399,medium,0.38247663551401867,0.38247663551401867,0,628,4,2,2,2,2,0,0,0,0,0.0,63,0.1,0.0,0.1,0.0,0.0
2.951411,63,29516.907236,medium,0.9059190031152647,2.905919003115265,2,622,4,2,2,2,2,0,0,0,0,0.05127725856697832,72,0.10769158878504675,0.0076915887850467456,0.1,0.0,0.0
1.534989,77,29540.264134,medium,0.5177570093457943,1.5177570093457944,1,770,4,2,2,2,2,0,0,0,0,0.014883177570093392,46,0.09423247663551401,0.0022324766355140083,0.092,0.0,0.0
1.720912,90,29568.028709,medium,0.7092679127725857,1.7092679127725856,1,900,4,2,2,2,2,0,0,0,0,0.010957943925233702,72,0.10164369158878506,0.0016436915887850553,0.1,0.0,0.0
4.033579,58,29589.889295,medium,1.0,4.0,3,575,4,2,2,2,2,0,0,0,0,0.04719626168224304,42,0.09107943925233646,0.007079439252336456,0.084,0.0,0.0
2.968427,69,29609.903717,medium,0.9590342679127726,2.959034267912773,2,682,4,2,2,2,2,0,0,0,0,0.0639485981308399,34,0.07759228971962599,0.009592289719625988,0.068,0.0,0.0
4.03925,59,29627.940519,medium,1.0,4.0,3,589,4,2,2,2,2,0,0,0,0,0.014330218068535823,48,0.09814953271028037,0.0021495327102803736,0.096,0.0,0.0
2.652797,62,29646.894965,medium,0.6117601246105919,2.611760124610592,2,618,4,2,2,2,2,0,0,0,0,0.03224299065420567,49,0.10283644859813085,0.0048364485981308505,0.098,0.0,0.0
2.760189,82,29671.273245,medium,0.7358255451713396,2.7358255451713394,2,815,4,2,2,2,2,0,0,0,0,0.039088785046727983,96,0.1058633177570092,0.0058633177570091965,0.1,0.0,0.0
2.731963,75,29693.660946,medium,0.7042056074766355,2.7042056074766356,2,745,4,2,2,2,2,0,0,0,0,0.015046728971962029,68,0.1022570093457943,0.0022570093457943046,0.1,0.0,0.0
2.755643,62,29712.190623,medium,0.7195482866043613,2.719548286604361,2,615,4,2,2,2,2,0,0,0,0,0.010630841121494908,48,0.09759462616822424,0.0015946261682242364,0.096,0.0,0.0
3.97844,42,29724.342715,medium,1.0,4.0,3,420,3,2,1,2,1,0,0,0,1,0.016269470404984485,24,0.02044042056074768,0.002440420560747673,0.048,0.0,0.03
2.80297,61,29746.783238,medium,0.7609034267912772,2.7609034267912773,2,610,4,2,2,2,2,0,0,0,0,0.020443925233644727,72,0.10306658878504671,0.0030665887850467094,0.1,0.0,0.0
2.954922,90,29773.276458,medium,0.9922118380062306,2.992211838006231,2,900,4,2,2,2,2,0,0,0,0,0.031401869158878444,24,0.05271028037383177,0.004710280373831766,0.048,0.0,0.0
3.97085,56,29790.363588,medium,1.0,4.0,3,553,4,2,2,2,2,0,0,0,0,0.014330218068535823,12,0.026149532710280372,0.0021495327102803736,0.024,0.0,0.0
2.902311,90,29817.292706,medium,0.9263239875389409,2.926323987538941,2,900,4,2,2,2,2,0,0,0,0,0.013247663551401955,32,0.0659871495327103,0.0019871495327102935,0.064,0.0,0.0
2.699377,63,29836.020151,medium,0.660436137071651,2.660436137071651,2,628,4,2,2,2,2,0,0,0,0,0.011604361370716508,58,0.10174065420560748,0.0017406542056074763,0.1,0.0,0.0
1.587194,63,29855.256137,medium,0.5538940809968848,1.5538940809968849,1,627,4,2,2,2,2,0,0,0,0,0.0,48,0.096,0.0,0.096,0.0,0.0
0.53768,61,29873.326914,medium,0.49384735202492214,0.49384735202492214,0,610,4,2,2,2,2,0,0,0,0,0.03221962616822391,94,0.1048329439252336,0.004832943925233586,0.1,0.0,0.0
2.840221,61,29891.155603,medium,0.8411214953271028,2.8411214953271027,2,609,4,2,2,2,2,0,0,0,0,0.0,30,0.06,0.0,0.06,0.0,0.0
2.799857,65,29915.114777,medium,0.7679906542056075,2.7679906542056076,2,646,4,2,2,2,2,0,0,0,0,0.0031074766355140148,48,0.0964661214953271,0.0004661214953271022,0.096,0.0,0.0
3.984661,89,29941.782952,medium,1.0,4.0,3,887,4,2,2,2,2,0,0,0,0,0.02240654205607477,35,0.07336098130841122,0.0033609813084112157,0.07,0.0,0.0
2.720973,79,29965.416666,medium,0.7296728971962617,2.7296728971962616,2,787,4,2,2,2,2,0,0,0,0,0.0,35,0.07,0.0,0.07,0.0,0.0
2.899546,90,29992.721365,medium,0.9376947040498442,2.9376947040498442,2,900,4,2,2,2,2,0,0,0,0,0.025677570093456836,24,0.05185163551401853,0.003851635514018525,0.048,0.0,0.0
3.995938,64,30012.110698,medium,1.0,4.0,3,633,4,2,2,2,2,0,0,0,0,0.06158878504672912,25,0.05923831775700937,0.009238317757009368,0.05,0.0,0.0
2.813724,80,30036.249762,medium,0.8394859813084112,2.8394859813084112,2,799,4,2,2,2,2,0,0,0,0,0.014252336448598128,26,0.054137850467289715,0.002137850467289719,0.052,0.0,0.0
2.868469,66,30060.384161,medium,0.8324766355140187,2.832476635514019,2,657,4,2,2,2,2,0,0,0,0,0.011285046728972025,61,0.10169275700934581,0.0016927570093458037,0.1,0.0,0.0
3.868043,50,30075.430768,medium,1.0,4.0,3,492,1,1,0,1,0,0,0,0,3,0.048286604361370784,0,-0.08275700934579439,0.007242990654205618,0.0,0.0,0.09
1.594908,71,30096.571836,medium,0.5975077881619938,1.5975077881619937,1,706,4,2,2,2,2,0,0,0,0,0.0,34,0.068,0.0,0.068,0.0,0.0
4.047126,61,30113.974006,medium,1.0,4.0,3,610,4,2,2,2,2,0,0,0,0,0.054174454828660595,81,0.1081261682242991,0.00812616822429909,0.1,0.0,0.0
4.020826,64,30133.027867,medium,1.0,4.0,3,637,4,2,2,2,2,0,0,0,0,0.04350467289719482,39,0.08452570093457923,0.006525700934579223,0.078,0.0,0.0
2.873634,60,30150.657722,medium,0.8333333333333334,2.8333333333333335,2,596,4,2,2,2,2,0,0,0,0,0.026004672897195165,48,0.09990070093457928,0.0039007009345792755,0.096,0.0,0.0
0.482912,89,30177.750262,medium,0.4790498442367601,0.4790498442367601,0,888,4,2,2,2,2,0,0,0,0,0.004415887850467338,46,0.0926623831775701,0.0006623831775701007,0.092,0.0,0.0
3.927063,47,30191.890466,medium,1.0,4.0,3,462,2,1,1,1,1,0,0,0,2,0.021752336448598152,15,-0.026737149532710273,0.003262850467289723,0.03,0.0,0.06
2.902887,80,30220.235886,medium,0.8753894080996885,2.8753894080996885,2,794,4,2,2,2,2,0,0,0,0,0.04598130841121443,72,0.10689719626168218,0.006897196261682164,0.1,0.0,0.0
2.671002,70,30241.081485,medium,0.6447040498442368,2.6447040498442367,2,691,4,2,2,2,2,0,0,0,0,0.009322429906542114,47,0.09539836448598132,0.001398364485981317,0.094,0.0,0.0
2.850557,90,30267.713037,medium,0.8367601246105919,2.836760124610592,2,900,4,2,2,2,2,0,0,0,0,0.025311526479750837,72,0.10379672897196263,0.003796728971962625,0.1,0.0,0.0
2.86507,90,30294.619616,medium,0.8547507788161994,2.854750778816199,2,900,4,2,2,2,2,0,0,0,0,0.0021261682242990887,70,0.10031892523364487,0.00031892523364486334,0.1,0.0,0.0
4.040972,72,30315.864602,medium,1.0,4.0,3,712,4,2,2,2,2,0,0,0,0,0.08114485981308275,96,0.11217172897196243,0.012171728971962415,0.1,0.0,0.0
3.967236,56,30332.490503,medium,1.0,4.0,3,556,3,2,1,2,1,0,0,0,1,0.03224299065420567,24,0.022836448598130853,0.0048364485981308505,0.048,0.0,0.03
2.918604,80,30356.420875,medium,0.9121495327102803,2.91214953271028,2,793,4,2,2,2,2,0,0,0,0,0.06503115264797395,38,0.08575467289719609,0.009754672897196092,0.076,0.0,0.0
2.915103,62,30379.083027,medium,0.8716510903426792,2.871651090342679,2,617,4,2,2,2,2,0,0,0,0,0.03434579439252239,66,0.10515186915887836,0.005151869158878358,0.1,0.0,0.0
4.035599,71,30399.895497,medium,1.0,4.0,3,710,4,2,2,2,2,0,0,0,0,0.04399532710280294,58,0.10659929906542044,0.006599299065420442,0.1,0.0,0.0
2.74709,69,30420.66602,medium,0.7401090342679127,2.740109034267913,2,686,4,2,2,2,2,0,0,0,0,0.05053738317756876,34,0.07558060747663532,0.0075806074766353124,0.068,0.0,0.0
0.491723,59,30438.470545,medium,0.47024922118380064,0.47024922118380064,0,586,4,2,2,2,2,0,0,0,0,0.0004906542056074769,40,0.08007359813084114,7.359813084112153e-05,0.08000000000000002,0.0,0.0
4.014152,61,30456.760308,medium,1.0,4.0,3,603,4,2,2,2,2,0,0,0,0,0.04301401869158792,34,0.0744521028037382,0.006452102803738188,0.068,0.0,0.0
3.981858,68,30477.072678,medium,1.0,4.0,3,672,4,2,2,2,2,0,0,0,0,0.0603894080996886,20,0.04905841121495329,0.00905841121495329,0.04,0.0,0.0
2.761887,67,30496.963814,medium,0.7373831775700934,2.737383177570093,2,670,4,2,2,2,2,0,0,0,0,0.023356697819314765,44,0.09150350467289721,0.0035035046728972142,0.088,0.0,0.0
1.539145,57,30514.085413,medium,0.49228971962616824,1.4922897196261682,1,568,4,2,2,2,2,0,0,0,0,0.024369158878504608,57,0.1036553738317757,0.0036553738317756917,0.1,0.0,0.0
4.05168,55,30534.882548,medium,1.0,4.0,3,546,4,2,2,2,2,0,0,0,0,0.041869158878504606,58,0.1062803738317757,0.0062803738317756905,0.1,0.0,0.0
1.786876,70,30555.667065,medium,0.7538551401869159,1.753855140186916,1,698,4,2,2,2,2,0,0,0,0,0.018808411214953257,68,0.102821261682243,0.002821261682242989,0.1,0.0,0.0
2.888813,79,30579.081705,medium,0.9045171339563863,2.904517133956386,2,785,4,2,2,2,2,0,0,0,0,0.045303738317756054,28,0.0627955607476634,0.006795560747663409,0.056,0.0,0.0
2.638518,59,30597.351873,medium,0.6052180685358255,2.6052180685358257,2,587,4,2,2,2,2,0,0,0,0,0.0,46,0.092,0.0,0.092,0.0,0.0
2.71518,62,30615.36188,medium,0.7194704049844237,2.7194704049844236,2,613,4,2,2,2,2,0,0,0,0,0.06006230529594992,24,0.057009345794392485,0.009009345794392488,0.048,0.0,0.0
4.0421,58,30632.567315,medium,1.0,4.0,3,579,4,2,2,2,2,0,0,0,0,0.0,58,0.1,0.0,0.1,0.0,0.0
0.26687,60,30650.15204,medium,0.22896417445482864,0.22896417445482864,0,591,4,2,2,2,2,0,0,0,0,0.006705607476635548,48,0.09700584112149534,0.001005841121495332,0.096,0.0,0.0
2.72148,76,30673.094631,medium,0.7014797507788162,2.701479750778816,2,760,4,2,2,2,2,0,0,0,0,0.0,48,0.096,0.0,0.096,0.0,0.0
2.89355,73,30699.714654,medium,0.8923676012461059,2.892367601246106,2,730,4,2,2,2,2,0,0,0,0,0.04121495327102724,34,0.0741822429906541,0.006182242990654086,0.068,0.0,0.0
1.647545,58,30717.113987,medium,0.6055295950155763,1.6055295950155763,1,571,4,2,2,2,2,0,0,0,0,0.02077102803738323,48,0.09911565420560749,0.0031156542056074844,0.096,0.0,0.0
1.620973,90,30743.887613,medium,0.6133956386292835,1.6133956386292834,1,900,4,2,2,2,2,0,0,0,0,0.010514018691588784,48,0.09757710280373832,0.0015771028037383178,0.096,0.0,0.0
2.866916,79,30767.946664,medium,0.8450155763239875,2.8450155763239877,2,781,4,2,2,2,2,0,0,0,0,0.0,96,0.1,0.0,0.1,0.0,0.0
0.482104,62,30786.204987,medium,0.4893302180685358,0.4893302180685358,0,613,4,2,2,2,2,0,0,0,0,0.0004906542056074769,27,0.05407359813084112,7.359813084112153e-05,0.054,0.0,0.0
4.010919,70,30806.893922,medium,1.0,4.0,3,694,4,2,2,2,2,0,0,0,0,0.002126168224299064,40,0.08031892523364487,0.0003189252336448596,0.08,0.0,0.0
1.657731,90,30834.409307,medium,0.6466510903426791,1.646651090342679,1,900,4,2,2,2,2,0,0,0,0,0.00719626168224291,58,0.10107943925233644,0.0010794392523364364,0.1,0.0,0.0
2.657674,62,30857.528604,medium,0.6780373831775701,2.6780373831775703,2,612,4,2,2,2,2,0,0,0,0,0.03224299065420567,18,0.040836448598130855,0.0048364485981308505,0.036000000000000004,0.0,0.0
1.662687,65,30877.016804,medium,0.6570872274143302,1.6570872274143302,1,644,4,2,2,2,2,0,0,0,0,0.0,35,0.07,0.0,0.07,0.0,0.0
1.567872,75,30899.726968,medium,0.5429906542056074,1.5429906542056075,1,747,4,2,2,2,2,0,0,0,0,0.023878504672896785,48,0.09958177570093452,0.003581775700934518,0.096,0.0,0.0
2.557257,66,30919.551361,medium,0.5726401869158878,2.572640186915888,2,657,4,2,2,2,2,0,0,0,0,0.055443925233643554,21,0.05031658878504654,0.008316588785046533,0.042,0.0,0.0
2.827267,62,30938.17547,medium,0.8062305295950156,2.8062305295950156,2,618,4,2,2,2,2,0,0,0,0,0.03224299065420567,39,0.08283644859813086,0.00483644859813085,0.07800000000000001,0.0,0.0
3.981186,72,30960.031417,medium,1.0,4.0,3,714,4,2,2,2,2,0,0,0,0,0.057242990654204316,22,0.05258644859813065,0.008586448598130646,0.044000000000000004,0.0,0.0
3.881394,59,30977.372391,medium,1.0,4.0,3,589,2,2,0,2,0,0,0,0,2,0.0019626168224299054,0,-0.05970560747663551,0.0002943925233644858,0.0,0.0,0.06
2.719766,65,30996.456127,medium,0.7254672897196262,2.725467289719626,2,650,4,2,2,2,2,0,0,0,0,0.07532710280373839,24,0.05929906542056076,0.011299065420560759,0.048,0.0,0.0
3.013485,90,31027.514834,medium,0.9955607476635514,2.9955607476635513,2,900,4,2,2,2,2,0,0,0,0,0.05282710280373698,65,0.10792406542056054,0.007924065420560546,0.1,0.0,0.0
2.575059,66,31047.019113,medium,0.5441588785046729,2.544158878504673,2,651,4,2,2,2,2,0,0,0,0,0.0,48,0.096,0.0,0.096,0.0,0.0
2.599461,61,31065.15912,medium,0.5911682242990653,2.5911682242990652,2,601,4,2,2,2,2,0,0,0,0,0.0026168224299064295,34,0.06839252336448597,0.0003925233644859644,0.068,0.0,0.0
2.729896,59,31082.81285,medium,0.6838785046728972,2.6838785046728972,2,583,4,2,2,2,2,0,0,0,0,0.02878504672897172,58,0.10431775700934576,0.004317757009345758,0.1,0.0,0.0
3.992968,77,31105.670892,medium,1.0,4.0,3,767,4,2,2,2,2,0,0,0,0,0.011121495327102784,34,0.06966822429906543,0.0016682242990654177,0.068,0.0,0.0
4.041107,60,31123.566812,medium,1.0,4.0,3,591,4,2,2,2,2,0,0,0,0,0.04137850467289683,47,0.10020677570093453,0.006206775700934523,0.094,0.0,0.0
3.9929,56,31140.147248,medium,1.0,4.0,3,551,4,2,2,2,2,0,0,0,0,0.0,24,0.048,0.0,0.048,0.0,0.0
4.008884,70,31164.860232,medium,1.0,4.0,3,694,4,2,2,2,2,0,0,0,0,0.015225856697819208,38,0.07828387850467289,0.002283878504672881,0.07600000000000001,0.0,0.0
2.797279,85,31190.06109,medium,0.7809968847352025,2.7809968847352025,2,841,4,2,2,2,2,0,0,0,0,0.02921339563862924,48,0.10038200934579439,0.004382009345794386,0.096,0.0,0.0
2.823379,71,31211.822793,medium,0.8513239875389408,2.8513239875389407,2,707,4,2,2,2,2,0,0,0,0,0.03169781931464181,19,0.042754672897196276,0.004754672897196271,0.038000000000000006,0.0,0.0
2.799852,75,31234.247415,medium,0.8247663551401869,2.824766355140187,2,750,4,2,2,2,2,0,0,0,0,0.013901869158878238,24,0.05008528037383174,0.002085280373831736,0.048,0.0,0.0
2.813905,60,31251.936001,medium,0.7939252336448598,2.7939252336448597,2,591,4,2,2,2,2,0,0,0,0,0.007196261682242865,39,0.07907943925233643,0.0010794392523364297,0.078,0.0,0.0
2.701153,63,31270.340132,medium,0.6980529595015577,2.698052959501558,2,629,4,2,2,2,2,0,0,0,0,0.0,33,0.066,0.0,0.066,0.0,0.0
3.88305,58,31287.917579,medium,1.0,4.0,3,573,2,2,0,2,0,0,0,0,2,0.002336448598130842,0,-0.059649532710280374,0.00035046728971962625,0.0,0.0,0.06
2.955373,90,31319.142261,medium,0.9376947040498442,2.9376947040498442,2,900,4,2,2,2,2,0,0,0,0,0.05119158878504561,57,0.10767873831775684,0.007678738317756842,0.1,0.0,0.0
2.764775,68,31338.896323,medium,0.758177570093458,2.758177570093458,2,676,4,2,2,2,2,0,0,0,0,0.04131619937694673,34,0.07419742990654202,0.006197429906542009,0.068,0.0,0.0
2.809896,68,31359.277343,medium,0.8100467289719626,2.8100467289719626,2,675,4,2,2,2,2,0,0,0,0,0.008995327102803798,33,0.06734929906542057,0.0013492990654205696,0.066,0.0,0.0
3.9124,46,31372.952065,medium,1.0,4.0,3,456,1,0,1,0,1,0,0,0,3,0.0,24,-0.041999999999999996,0.0,0.048,0.0,0.09
2.774312,90,31400.034843,medium,0.7561915887850468,2.7561915887850468,2,900,4,2,2,2,2,0,0,0,0,0.05413551401869029,54,0.10812032710280355,0.008120327102803544,0.1,0.0,0.0
4.040725,62,31418.69784,medium,1.0,4.0,3,619,4,2,2,2,2,0,0,0,0,0.01749999999999967,55,0.10262499999999995,0.0026249999999999503,0.1,0.0,0.0
2.844057,84,31444.368429,medium,0.9246884735202492,2.9246884735202494,2,836,4,2,2,2,2,0,0,0,0,0.0197897196261683,0,0.002968457943925245,0.002968457943925245,0.0,0.0,0.0
2.766597,77,31467.590589,medium,0.7873831775700935,2.7873831775700935,2,767,4,2,2,2,2,0,0,0,0,0.012757009345793931,27,0.0559135514018691,0.0019135514018690895,0.054000000000000006,0.0,0.0
2.893127,90,31498.427035,medium,0.8845015576323988,2.8845015576323987,2,900,4,2,2,2,2,0,0,0,0,0.017500000000000127,48,0.09862500000000002,0.002625000000000019,0.096,0.0,0.0
0.409011,59,31515.807306,medium,0.37097352024922114,0.37097352024922114,0,586,4,2,2,2,2,0,0,0,0,0.004252336448598038,48,0.0966378504672897,0.0006378504672897058,0.096,0.0,0.0
2.89091,90,31543.35251,medium,0.9034267912772586,2.9034267912772584,2,900,4,2,2,2,2,0,0,0,0,0.023224299065420444,37,0.07748364485981307,0.003483644859813067,0.07400000000000001,0.0,0.0
2.777349,78,31566.956604,medium,0.7625389408099689,2.7625389408099688,2,779,4,2,2,2,2,0,0,0,0,0.03140186915887815,44,0.09271028037383172,0.0047102803738317215,0.088,0.0,0.0
2.903495,90,31593.866935,medium,0.8972741433021807,2.8972741433021807,2,900,4,2,2,2,2,0,0,0,0,0.001471962616822446,48,0.09622079439252337,0.0002207943925233669,0.096,0.0,0.0
2.878094,70,31614.422519,medium,0.8411214953271028,2.8411214953271027,2,697,4,2,2,2,2,0,0,0,0,0.04448598130840996,57,0.1066728971962615,0.006672897196261495,0.1,0.0,0.0
2.579127,61,31636.933304,medium,0.5743769470404985,2.5743769470404985,2,605,4,2,2,2,2,0,0,0,0,0.034999999999998505,30,0.06524999999999978,0.005249999999999776,0.06,0.0,0.0
2.770778,77,31659.188646,medium,0.7706386292834891,2.7706386292834893,2,763,4,2,2,2,2,0,0,0,0,0.05626168224298981,34,0.07643925233644848,0.008439252336448471,0.068,0.0,0.0
3.9745,54,31674.933159,medium,1.0,4.0,3,535,4,2,2,2,2,0,0,0,0,0.0,14,0.028,0.0,0.028,0.0,0.0
0.402446,72,31696.163207,medium,0.3733644859813084,0.3733644859813084,0,719,4,2,2,2,2,0,0,0,0,0.0065420560747663685,70,0.10098130841121496,0.0009813084112149553,0.1,0.0,0.0
2.861725,71,31717.25595,medium,0.9263239875389409,2.926323987538941,2,709,4,2,2,2,2,0,0,0,0,0.042009345794392645,0,0.006301401869158896,0.006301401869158896,0.0,0.0,0.0
3.980107,60,31735.340034,medium,1.0,4.0,3,597,4,2,2,2,2,0,0,0,0,0.0787149532710263,14,0.03980724299065395,0.011807242990653947,0.028,0.0,0.0
2.789132,73,31757.946838,medium,0.7531931464174455,2.7531931464174457,2,725,4,2,2,2,2,0,0,0,0,0.05626168224298929,72,0.1084392523364484,0.008439252336448393,0.1,0.0,0.0
2.836606,77,31780.687124,medium,0.8830996884735203,2.8830996884735205,2,767,4,2,2,2,2,0,0,0,0,0.04137850467289571,12,0.030206775700934357,0.006206775700934356,0.024,0.0,0.0
4.024239,78,31808.052562,medium,1.0,4.0,3,775,4,2,2,2,2,0,0,0,0,0.038263239875389383,48,0.10173948598130841,0.0057394859813084086,0.096,0.0,0.0
2.749637,65,31827.3383,medium,0.7423676012461059,2.742367601246106,2,642,4,2,2,2,2,0,0,0,0,0.0631308411214936,31,0.07146962616822405,0.00946962616822404,0.062000000000000006,0.0,0.0
2.830049,79,31850.694794,medium,0.897196261682243,2.897196261682243,2,789,4,2,2,2,2,0,0,0,0,0.051682242990652966,2,0.011752336448597946,0.007752336448597945,0.004,0.0,0.0
3.863312,49,31865.247864,medium,1.0,4.0,3,487,1,1,0,1,0,0,0,0,3,0.013411214953271114,0,-0.08798831775700933,0.002011682242990667,0.0,0.0,0.09
2.774647,65,31884.584331,medium,0.8067757009345794,2.8067757009345793,2,642,4,2,2,2,2,0,0,0,0,0.05380841121495194,12,0.032071261682242794,0.00807126168224279,0.024,0.0,0.0
4.032525,69,31905.255766,medium,1.0,4.0,3,689,4,2,2,2,2,0,0,0,0,0.03616822429906548,48,0.10142523364485982,0.005425233644859821,0.096,0.0,0.0
2.73448,86,31931.403994,medium,0.7859034267912772,2.7859034267912772,2,853,4,2,2,2,2,0,0,0,0,0.025841121495326146,15,0.03387616822429892,0.003876168224298922,0.03,0.0,0.0
3.996258,48,31950.316443,medium,1.0,4.0,3,472,2,1,1,1,1,0,0,0,2,0.049719626168223084,48,0.04345794392523347,0.007457943925233463,0.096,0.0,0.06
2.870968,75,31972.783551,medium,0.9147196261682243,2.914719626168224,2,744,4,2,2,2,2,0,0,0,0,0.04432242990654097,12,0.030648364485981145,0.006648364485981145,0.024,0.0,0.0
3.998803,63,31991.839788,medium,1.0,4.0,3,629,4,2,2,2,2,0,0,0,0,0.05135514018691474,27,0.061703271028037215,0.0077032710280372126,0.054,0.0,0.0
4.02598,63,32010.704478,medium,1.0,4.0,3,624,4,2,2,2,2,0,0,0,0,0.01586448598130852,43,0.08837967289719627,0.002379672897196278,0.086,0.0,0.0
2.792802,60,32028.169962,medium,0.7488317757009346,2.7488317757009346,2,596,4,2,2,2,2,0,0,0,0,0.0504672897196262,48,0.10357009345794393,0.007570093457943929,0.096,0.0,0.0
1.681467,65,32047.81734,medium,0.7406619937694697,1.7406619937694696,1,642,4,2,2,2,2,0,0,0,0,0.03336448598130791,0,0.005004672897196186,0.005004672897196186,0.0,0.0,0.0
2.953482,90,32074.557933,medium,0.9398753894080997,2.9398753894081,2,900,4,2,2,2,2,0,0,0,0,0.02404205607476631,66,0.10360630841121496,0.0036063084112149466,0.1,0.0,0.0
2.966506,61,32092.830936,medium,0.9252336448598131,2.925233644859813,2,602,4,2,2,2,2,0,0,0,0,0.009813084112149584,68,0.10147196261682244,0.0014719626168224376,0.1,0.0,0.0
4.014871,62,32116.196544,medium,1.0,4.0,3,612,4,2,2,2,2,0,0,0,0,0.05380841121495194,34,0.07607126168224279,0.008071261682242791,0.068,0.0,0.0
2.791523,72,32138.173985,medium,0.7975077881619937,2.797507788161994,2,718,4,2,2,2,2,0,0,0,0,0.05210280373831783,29,0.06581542056074768,0.007815420560747674,0.058,0.0,0.0
2.609456,58,32155.827569,medium,0.5927570093457943,2.592757009345794,2,579,4,2,2,2,2,0,0,0,0,0.04399532710280243,34,0.07459929906542037,0.006599299065420365,0.068,0.0,0.0
0.52207,60,32174.428728,medium,0.4760046728971955,0.4760046728971955,0,597,4,2,2,2,2,0,0,0,0,0.03843457943925149,96,0.10576518691588772,0.005765186915887723,0.1,0.0,0.0
2.720118,67,32194.412868,medium,0.7447819314641745,2.7447819314641744,2,666,4,2,2,2,2,0,0,0,0,0.06623831775700767,16,0.041935747663551154,0.00993574766355115,0.032,0.0,0.0
4.028999,56,32210.924407,medium,1.0,4.0,3,556,4,2,2,2,2,0,0,0,0,0.04399532710280282,39,0.08459929906542044,0.006599299065420425,0.07800000000000001,0.0,0.0
4.039014,63,32230.260232,medium,1.0,4.0,3,629,4,2,2,2,2,0,0,0,0,0.012757009345794471,69,0.10191355140186918,0.0019135514018691706,0.1,0.0,0.0
2.585016,62,32248.920198,medium,0.5732866043613707,2.5732866043613707,2,613,4,2,2,2,2,0,0,0,0,0.03352803738317662,34,0.0730292056074765,0.005029205607476494,0.068,0.0,0.0
2.915305,82,32277.599741,medium,0.9781152647975078,2.9781152647975078,2,812,4,2,2,2,2,0,0,0,0,0.055934579439251,5,0.018390186915887646,0.008390186915887648,0.01,0.0,0.0
4.002514,73,32299.019964,medium,1.0,4.0,3,728,4,2,2,2,2,0,0,0,0,0.04876168224299042,34,0.07531425233644856,0.007314252336448562,0.068,0.0,0.0
4.030965,69,32319.366705,medium,1.0,4.0,3,682,4,2,2,2,2,0,0,0,0,0.021098130841121537,48,0.09916471962616823,0.003164719626168231,0.096,0.0,0.0
2.721146,77,32341.814453,medium,0.7073208722741433,2.7073208722741433,2,768,4,2,2,2,2,0,0,0,0,0.01749999999999944,44,0.09062499999999991,0.0026249999999999156,0.088,0.0,0.0
2.866104,90,32369.08985,medium,0.9147196261682243,2.914719626168224,2,900,4,2,2,2,2,0,0,0,0,0.0492289719626157,17,0.04138434579439235,0.007384345794392354,0.034,0.0,0.0
1.446717,90,32395.936484,medium,0.5359813084112149,1.5359813084112148,1,900,4,2,2,2,2,0,0,0,0,0.004906542056074762,0,0.0007359813084112142,0.0007359813084112142,0.0,0.0,0.0
0.428274,80,32423.934263,medium,0.40919003115264796,0.40919003115264796,0,799,4,2,2,2,2,0,0,0,0,0.01989096573208668,48,0.09898364485981301,0.0029836448598130018,0.096,0.0,0.0
1.669076,65,32443.447919,medium,0.6363707165109034,1.6363707165109034,1,649,4,2,2,2,2,0,0,0,0,0.037367601246106046,46,0.09760514018691592,0.005605140186915907,0.09200000000000001,0.0,0.0
3.89015,52,32459.156416,medium,1.0,4.0,3,520,2,2,0,2,0,0,0,0,2,0.014330218068535823,0,-0.057850467289719626,0.0021495327102803736,0.0,0.0,0.06
2.937191,79,32482.555358,medium,0.9916666666666667,2.9916666666666667,2,784,4,2,2,2,2,0,0,0,0,0.05282710280373703,8,0.023924065420560553,0.007924065420560554,0.016,0.0,0.0
3.997232,55,32499.362892,medium,1.0,4.0,3,543,4,2,2,2,2,0,0,0,0,0.05021028037383047,22,0.05153154205607457,0.007531542056074571,0.044,0.0,0.0
2.593238,61,32517.708193,medium,0.6118380062305296,2.6118380062305295,2,606,4,2,2,2,2,0,0,0,0,0.0,21,0.042,0.0,0.042,0.0,0.0
4.003752,70,32538.549611,medium,1.0,4.0,3,694,4,2,2,2,2,0,0,0,0,0.03434579439252339,34,0.07315186915887852,0.005151869158878508,0.068,0.0,0.0
2.896453,64,32557.655927,medium,0.8584890965732087,2.8584890965732086,2,632,4,2,2,2,2,0,0,0,0,0.047757009345792995,47,0.10116355140186895,0.007163551401868949,0.094,0.0,0.0
4.000391,84,32587.735349,medium,1.0,4.0,3,834,4,2,2,2,2,0,0,0,0,0.011939252336448656,41,0.08379088785046732,0.001790887850467298,0.08200000000000002,0.0,0.0
3.927088,79,32611.422349,medium,1.0,4.0,3,788,4,2,2,2,2,0,0,0,0,0.0392523364485975,0,0.005887850467289625,0.005887850467289625,0.0,0.0,0.0
1.558917,87,32637.398977,medium,0.5457165109034268,1.5457165109034268,1,868,4,2,2,2,2,0,0,0,0,0.0,96,0.1,0.0,0.1,0.0,0.0
1.705832,75,32660.053093,medium,0.6777258566978193,1.6777258566978193,1,742,4,2,2,2,2,0,0,0,0,0.01537383177570104,58,0.10230607476635516,0.002306074766355156,0.1,0.0,0.0
0.466552,65,32679.29829,medium,0.4573208722741433,0.4573208722741433,0,650,4,2,2,2,2,0,0,0,0,0.04154205607476609,34,0.07423130841121492,0.006231308411214913,0.068,0.0,0.0
2.716825,61,32697.438025,medium,0.6757009345794392,2.675700934579439,2,606,4,2,2,2,2,0,0,0,0,0.011495327102803736,71,0.10172429906542056,0.0017242990654205603,0.1,0.0,0.0
2.949478,68,32717.312011,medium,0.9143302180685359,2.9143302180685358,2,677,4,2,2,2,2,0,0,0,0,0.04565420560747684,48,0.10284813084112153,0.006848130841121526,0.096,0.0,0.0
4.037292,72,32743.298861,medium,1.0,4.0,3,718,4,2,2,2,2,0,0,0,0,0.060615264797506854,96,0.10909228971962603,0.009092289719626029,0.1,0.0,0.0
1.700931,60,32761.347141,medium,0.6581775700934579,1.658177570093458,1,597,4,2,2,2,2,0,0,0,0,0.016355140186915973,58,0.1024532710280374,0.002453271028037396,0.1,0.0,0.0
2.824833,84,32786.791014,medium,0.9083333333333333,2.908333333333333,2,835,4,2,2,2,2,0,0,0,0,0.0,0,0.0,0.0,0.0,0.0,0.0
2.514856,87,32812.921825,medium,0.5333411214953271,2.533341121495327,2,870,4,2,2,2,2,0,0,0,0,0.003434579439252374,34,0.06851518691588786,0.0005151869158878562,0.068,0.0,0.0
4.03011,63,32831.611837,medium,1.0,4.0,3,627,4,2,2,2,2,0,0,0,0,0.005397196261682243,46,0.09280957943925235,0.0008095794392523363,0.09200000000000001,0.0,0.0
2.785574,67,32851.712428,medium,0.7826323987538941,2.7826323987538943,2,667,4,2,2,2,2,0,0,0,0,0.06427570093457832,30,0.06964135514018675,0.009641355140186748,0.060000000000000005,0.0,0.0
1.542665,69,32872.183953,medium,0.5152647975077882,1.5152647975077882,1,686,4,2,2,2,2,0,0,0,0,0.0,48,0.096,0.0,0.096,0.0,0.0
3.92814,54,32892.663491,medium,1.0,4.0,3,537,3,2,1,2,1,0,0,0,1,0.012266355140186987,5,-0.01816004672897195,0.0018399532710280482,0.01,0.0,0.03
4.018309,56,32909.504648,medium,1.0,4.0,3,558,4,2,2,2,2,0,0,0,0,0.040724299065419786,34,0.07410864485981297,0.006108644859812968,0.068,0.0,0.0
3.930771,42,32922.503996,medium,1.0,4.0,3,413,2,1,1,1,1,0,0,0,2,0.05380841121495194,12,-0.027928738317757204,0.008071261682242791,0.024,0.0,0.06
2.846818,79,32946.325516,medium,0.8203816199376948,2.8203816199376948,2,782,4,2,2,2,2,0,0,0,0,0.030911214953271305,65,0.1046366822429907,0.004636682242990696,0.1,0.0,0.0
3.89941,51,32961.459976,medium,1.0,4.0,3,509,2,2,0,2,0,0,0,0,2,0.06873052959501533,0,-0.0496904205607477,0.0103095794392523,0.0,0.0,0.06
2.808072,90,32988.749802,medium,0.7975077881619937,2.797507788161994,2,900,4,2,2,2,2,0,0,0,0,0.003761682242990554,58,0.10056425233644858,0.0005642523364485831,0.1,0.0,0.0
3.995407,60,33006.568255,medium,1.0,4.0,3,600,4,2,2,2,2,0,0,0,0,0.04937694704049851,24,0.05540654205607478,0.007406542056074776,0.048,0.0,0.0
2.916431,90,33033.435296,medium,0.9235981308411215,2.9235981308411216,2,900,4,2,2,2,2,0,0,0,0,0.09888629283488996,34,0.0828329439252335,0.014832943925233493,0.068,0.0,0.0
2.86337,81,33061.547235,medium,0.9114485981308411,2.911448598130841,2,802,4,2,2,2,2,0,0,0,0,0.02747663551401772,14,0.03212149532710266,0.0041214953271026585,0.028,0.0,0.0
1.646426,87,33087.413723,medium,0.6527258566978194,1.6527258566978194,1,869,4,2,2,2,2,0,0,0,0,0.017336448598130806,39,0.08060046728971963,0.0026004672897196207,0.07800000000000001,0.0,0.0
2.841391,68,33107.637669,medium,0.8411214953271028,2.8411214953271027,2,680,4,2,2,2,2,0,0,0,0,0.0017990654205607675,34,0.06826985981308412,0.0002698598130841151,0.068,0.0,0.0
2.632752,57,33124.719081,medium,0.5892523364485981,2.589252336448598,2,565,4,2,2,2,2,0,0,0,0,0.0,86,0.1,0.0,0.1,0.0,0.0
1.653329,77,33147.465125,medium,0.6440031152647975,1.6440031152647974,1,765,4,2,2,2,2,0,0,0,0,0.02550623052959492,41,0.08582593457943925,0.003825934579439238,0.08200000000000002,0.0,0.0
2.832414,81,33171.013196,medium,0.8116822429906542,2.811682242990654,2,808,4,2,2,2,2,0,0,0,0,0.05021028037383083,47,0.10153154205607463,0.007531542056074625,0.09400000000000001,0.0,0.0
3.982453,75,33194.236715,medium,1.0,4.0,3,746,4,2,2,2,2,0,0,0,0,0.060350467289718636,24,0.057052570093457794,0.009052570093457793,0.048,0.0,0.0
2.891165,73,33220.597881,medium,0.9152647975077881,2.9152647975077883,2,721,4,2,2,2,2,0,0,0,0,0.0,24,0.048,0.0,0.048,0.0,0.0
2.896953,79,33244.511033,medium,0.8956386292834891,2.8956386292834893,2,788,4,2,2,2,2,0,0,0,0,0.08076323987538846,34,0.08011448598130827,0.012114485981308265,0.068,0.0,0.0
2.751338,62,33263.254205,medium,0.7449376947040498,2.74493769470405,2,616,4,2,2,2,2,0,0,0,0,0.0,34,0.068,0.0,0.068,0.0,0.0
2.963392,85,33288.862868,medium,0.9529595015576324,2.9529595015576326,2,845,4,2,2,2,2,0,0,0,0,0.0062149532710280495,47,0.09493224299065421,0.0009322429906542074,0.094,0.0,0.0
3.992985,67,33308.527321,medium,1.0,4.0,3,663,4,2,2,2,2,0,0,0,0,0.07523364485981272,24,0.059285046728971905,0.011285046728971907,0.048,0.0,0.0
2.817178,65,33328.019944,medium,0.7810747663551402,2.78107476635514,2,650,4,2,2,2,2,0,0,0,0,0.03401869158878413,48,0.10110280373831762,0.005102803738317618,0.096,0.0,0.0
1.535271,62,33346.848563,medium,0.552803738317757,1.552803738317757,1,619,4,2,2,2,2,0,0,0,0,0.02911214953271054,20,0.04436682242990658,0.004366822429906581,0.04,0.0,0.0
2.70042,78,33375.016526,medium,0.6767445482866044,2.6767445482866044,2,776,4,2,2,2,2,0,0,0,0,0.008504672897196043,58,0.10127570093457941,0.0012757009345794063,0.1,0.0,0.0
2.705649,58,33392.319762,medium,0.667601246105919,2.667601246105919,2,580,4,2,2,2,2,0,0,0,0,0.026985981308410487,46,0.09604789719626157,0.004047897196261573,0.092,0.0,0.0
4.012686,65,33411.497914,medium,1.0,4.0,3,641,4,2,2,2,2,0,0,0,0,0.045241433021806506,35,0.07678621495327098,0.006786214953270976,0.07,0.0,0.0
2.650701,73,33433.16774,medium,0.6239875389408099,2.62398753894081,2,725,4,2,2,2,2,0,0,0,0,0.02142523364485953,48,0.09921378504672893,0.003213785046728929,0.096,0.0,0.0
2.865314,90,33460.305559,medium,0.8547507788161994,2.854750778816199,2,900,4,2,2,2,2,0,0,0,0,0.03042056074766324,48,0.10056308411214948,0.004563084112149486,0.096,0.0,0.0
1.674052,88,33486.595198,medium,0.6641744548286604,1.6641744548286606,1,873,4,2,2,2,2,0,0,0,0,0.00785046728971958,48,0.09717757009345794,0.0011775700934579369,0.096,0.0,0.0
4.010172,61,33504.807679,medium,1.0,4.0,3,601,4,2,2,2,2,0,0,0,0,0.015147975077881617,34,0.07027219626168224,0.0022721962616822425,0.068,0.0,0.0
4.019357,83,33533.421596,medium,1.0,4.0,3,829,4,2,2,2,2,0,0,0,0,0.015046728971962102,96,0.10225700934579432,0.002257009345794316,0.1,0.0,0.0
2.906538,90,33558.966972,medium,0.8977414330218069,2.8977414330218068,2,900,4,2,2,2,2,0,0,0,0,0.018644859813084256,48,0.09879672897196264,0.0027967289719626376,0.096,0.0,0.0
2.578783,73,33580.484183,medium,0.615708722741433,2.615708722741433,2,729,4,2,2,2,2,0,0,0,0,0.026495327102802595,16,0.03597429906542039,0.0039742990654203884,0.032,0.0,0.0
2.87054,90,33607.68343,medium,0.8596573208722741,2.859657320872274,2,900,4,2,2,2,2,0,0,0,0,0.005887850467289784,68,0.10088317757009348,0.0008831775700934676,0.1,0.0,0.0
0.437226,66,33627.489614,medium,0.4027258566978193,0.4027258566978193,0,655,4,2,2,2,2,0,0,0,0,0.0,65,0.1,0.0,0.1,0.0,0.0
0.474056,60,33645.647947,medium,0.45981308411214805,0.45981308411214805,0,594,4,2,2,2,2,0,0,0,0,0.037616822429905085,34,0.07364252336448576,0.005642523364485763,0.068,0.0,0.0
2.885569,90,33672.125138,medium,0.90595015576324,2.90595015576324,2,900,4,2,2,2,2,0,0,0,0,0.010794392523364543,34,0.06961915887850469,0.0016191588785046814,0.068,0.0,0.0
4.010408,89,33702.596072,medium,1.0,4.0,3,884,4,2,2,2,2,0,0,0,0,0.018722741433021817,48,0.09880841121495328,0.0028084112149532724,0.096,0.0,0.0
3.9334,58,33719.271611,medium,1.0,4.0,3,572,3,2,1,2,1,0,0,0,1,0.017336448598130758,9,-0.009399532710280382,0.0026004672897196137,0.018000000000000002,0.0,0.03
2.893021,68,33739.021265,medium,0.8579439252336448,2.857943925233645,2,674,4,2,2,2,2,0,0,0,0,0.043177570093456664,48,0.1024766355140185,0.006476635514018499,0.096,0.0,0.0
2.931684,68,33758.927424,medium,0.8912772585669781,2.891277258566978,2,671,4,2,2,2,2,0,0,0,0,0.05004672897196145,71,0.10750700934579423,0.007507009345794217,0.1,0.0,0.0
4.0207,62,33777.703441,medium,1.0,4.0,3,613,4,2,2,2,2,0,0,0,0,0.0,41,0.082,0.0,0.082,0.0,0.0
2.747482,89,33803.68894,medium,0.7657320872274144,2.7657320872274145,2,884,4,2,2,2,2,0,0,0,0,0.014330218068535823,34,0.07014953271028038,0.0021495327102803736,0.068,0.0,0.0
1.786225,61,33821.711604,medium,0.7457943925233644,1.7457943925233645,1,606,4,2,2,2,2,0,0,0,0,0.006869158878504376,72,0.10103037383177566,0.0010303738317756564,0.1,0.0,0.0
4.035708,66,33845.631638,medium,1.0,4.0,3,652,4,2,2,2,2,0,0,0,0,0.006051401869158892,96,0.10090771028037383,0.0009077102803738338,0.1,0.0,0.0
0.338628,56,33861.782715,medium,0.29626168224299065,0.29626168224299065,0,554,4,2,2,2,2,0,0,0,0,0.011775700934578958,48,0.09776635514018685,0.0017663551401868437,0.096,0.0,0.0
4.0011,55,33877.890455,medium,1.0,4.0,3,549,4,2,2,2,2,0,0,0,0,0.0,28,0.056,0.0,0.056,0.0,0.0
4.044348,59,33895.16621,medium,1.0,4.0,3,583,4,2,2,2,2,0,0,0,0,0.04432242990654184,48,0.10264836448598127,0.006648364485981275,0.096,0.0,0.0
3.996739,68,33914.945609,medium,1.0,4.0,3,676,4,2,2,2,2,0,0,0,0,0.0022585669781931468,32,0.06433878504672898,0.00033878504672897207,0.064,0.0,0.0
2.743847,58,33931.974449,medium,0.7254672897196262,2.725467289719626,2,572,4,2,2,2,2,0,0,0,0,0.05052959501557515,34,0.07557943925233628,0.007579439252336272,0.068,0.0,0.0
2.505157,63,33950.20117,medium,0.5142523364485981,2.5142523364485982,2,621,4,2,2,2,2,0,0,0,0,0.033364485981308416,24,0.053004672897196264,0.005004672897196262,0.048,0.0,0.0
3.969405,76,33972.814258,medium,1.0,4.0,3,756,4,2,2,2,2,0,0,0,0,0.033364485981308166,20,0.04500467289719623,0.005004672897196225,0.04,0.0,0.0
0.436018,70,33997.952149,medium,0.40521806853582554,0.40521806853582554,0,692,4,2,2,2,2,0,0,0,0,0.0,96,0.1,0.0,0.1,0.0,0.0
2.685681,66,34018.015322,medium,0.6820560747663552,2.682056074766355,2,657,4,2,2,2,2,0,0,0,0,0.008831775700934252,34,0.06932476635514015,0.001324766355140138,0.068,0.0,0.0
2.879469,71,34038.865141,medium,0.8503894080996884,2.8503894080996885,2,706,4,2,2,2,2,0,0,0,0,0.02453271028037377,48,0.09967990654205607,0.0036799065420560655,0.096,0.0,0.0
1.633638,70,34059.136857,medium,0.6123831775700934,1.6123831775700934,1,698,4,2,2,2,2,0,0,0,0,0.007032710280373853,45,0.09105490654205609,0.001054906542056078,0.09000000000000001,0.0,0.0
2.947574,66,34078.384812,medium,0.9432242990654206,2.9432242990654207,2,658,4,2,2,2,2,0,0,0,0,0.014330218068535823,34,0.07014953271028038,0.0021495327102803736,0.068,0.0,0.0
2.745872,69,34098.787673,medium,0.7401090342679127,2.740109034267913,2,681,4,2,2,2,2,0,0,0,0,0.03908878504672772,34,0.07386331775700916,0.005863317757009158,0.068,0.0,0.0
1.564812,64,34117.137069,medium,0.5238317757009346,1.5238317757009345,1,640,4,2,2,2,2,0,0,0,0,0.033200934579439546,58,0.10498014018691594,0.004980140186915931,0.1,0.0,0.0
2.932636,82,34145.804929,medium,0.9154205607476635,2.9154205607476635,2,819,4,2,2,2,2,0,0,0,0,0.020771028037382875,48,0.09911565420560743,0.003115654205607431,0.096,0.0,0.0
2.882185,64,34165.045295,medium,0.8411214953271028,2.8411214953271027,2,634,4,2,2,2,2,0,0,0,0,0.05642523364485838,48,0.10446378504672876,0.008463785046728758,0.096,0.0,0.0
3.985392,69,34185.493256,medium,1.0,4.0,3,681,4,2,2,2,2,0,0,0,0,0.06327881619937713,22,0.05349182242990658,0.009491822429906569,0.044000000000000004,0.0,0.0
3.894171,54,34201.315413,medium,1.0,4.0,3,539,2,2,0,2,0,0,0,0,2,0.05380841121495194,0,-0.05192873831775721,0.00807126168224279,0.0,0.0,0.06
2.760074,77,34223.714104,medium,0.735202492211838,2.735202492211838,2,761,4,2,2,2,2,0,0,0,0,0.006479750778816201,96,0.10097196261682244,0.0009719626168224301,0.1,0.0,0.0
2.779759,65,34242.637542,medium,0.7756230529595015,2.7756230529595016,2,644,4,2,2,2,2,0,0,0,0,0.07024143302180559,29,0.06853621495327084,0.010536214953270838,0.058,0.0,0.0
2.714698,71,34263.304491,medium,0.7510124610591901,2.75101246105919,2,710,4,2,2,2,2,0,0,0,0,0.031238317757009,15,0.03468574766355135,0.00468574766355135,0.03,0.0,0.0
2.925759,90,34289.437039,medium,0.9570716510903428,2.9570716510903425,2,900,4,2,2,2,2,0,0,0,0,0.004579439252336498,29,0.05868691588785048,0.0006869158878504749,0.058,0.0,0.0
2.647925,60,34311.406698,medium,0.609190031152648,2.609190031152648,2,598,4,2,2,2,2,0,0,0,0,0.056900311526479,45,0.09853504672897184,0.00853504672897185,0.09,0.0,0.0
2.497444,76,34333.324826,medium,0.5244548286604361,2.5244548286604362,2,756,4,2,2,2,2,0,0,0,0,0.003925233644859643,24,0.04858878504672895,0.0005887850467289464,0.048,0.0,0.0
4.008236,62,34351.735446,medium,1.0,4.0,3,618,4,2,2,2,2,0,0,0,0,0.013574766355140273,34,0.07003621495327104,0.002036214953271041,0.068,0.0,0.0
3.9938,73,34372.842937,medium,1.0,4.0,3,722,4,2,2,2,2,0,0,0,0,0.0,33,0.066,0.0,0.066,0.0,0.0
2.712804,67,34392.163236,medium,0.7246884735202492,2.7246884735202492,2,668,4,2,2,2,2,0,0,0,0,0.046105919003115337,24,0.054915887850467304,0.0069158878504673,0.048,0.0,0.0
4.035439,67,34411.331809,medium,1.0,4.0,3,670,4,2,2,2,2,0,0,0,0,0.05626168224298941,47,0.1024392523364484,0.00843925233644841,0.094,0.0,0.0
3.981464,75,34433.419609,medium,1.0,4.0,3,750,4,2,2,2,2,0,0,0,0,0.056425233644858616,24,0.0564637850467288,0.008463785046728794,0.048,0.0,0.0
2.630389,78,34460.445518,medium,0.6341900311526479,2.634190031152648,2,771,4,2,2,2,2,0,0,0,0,0.03532710280373736,34,0.07329906542056061,0.005299065420560604,0.068,0.0,0.0
1.660377,67,34480.475717,medium,0.6697819314641744,1.6697819314641744,1,663,4,2,2,2,2,0,0,0,0,0.019299065420560257,27,0.05689485981308404,0.0028948598130840385,0.054,0.0,0.0
4.0215,56,34497.354281,medium,1.0,4.0,3,553,4,2,2,2,2,0,0,0,0,0.07200155763239886,33,0.07680023364485983,0.01080023364485983,0.066,0.0,0.0
2.631621,65,34516.681743,medium,0.6549844236760125,2.6549844236760123,2,642,4,2,2,2,2,0,0,0,0,0.03224299065420567,18,0.040836448598130855,0.00483644859813085,0.036000000000000004,0.0,0.0
0.423544,58,34533.914798,medium,0.37608255451713324,0.37608255451713324,0,572,4,2,2,2,2,0,0,0,0,0.031074766355139633,58,0.10466121495327095,0.004661214953270945,0.1,0.0,0.0
3.892845,57,34550.488833,medium,1.0,4.0,3,566,2,2,0,2,0,0,0,0,2,0.06296728971962509,0,-0.05055490654205623,0.009445093457943764,0.0,0.0,0.06
2.96266,83,34574.652187,medium,0.9769470404984424,2.9769470404984424,2,829,4,2,2,2,2,0,0,0,0,0.0040887850467289655,34,0.06861331775700935,0.0006133177570093448,0.068,0.0,0.0
2.726364,90,34605.423604,medium,0.7483644859813084,2.7483644859813086,2,900,4,2,2,2,2,0,0,0,0,0.0,34,0.068,0.0,0.068,0.0,0.0
2.814527,60,34622.892535,medium,0.7756230529595015,2.7756230529595016,2,595,4,2,2,2,2,0,0,0,0,0.01602803738317712,48,0.09840420560747656,0.0024042056074765677,0.096,0.0,0.0
2.664202,62,34641.079413,medium,0.6218068535825545,2.6218068535825543,2,618,4,2,2,2,2,0,0,0,0,0.027967289719625962,67,0.1041950934579439,0.004195093457943893,0.1,0.0,0.0
1.555772,76,34663.275968,medium,0.5266355140186916,1.5266355140186916,1,757,4,2,2,2,2,0,0,0,0,0.03224299065420567,77,0.10483644859813085,0.0048364485981308505,0.1,0.0,0.0
2.68476,88,34688.714666,medium,0.6675233644859813,2.667523364485981,2,878,4,2,2,2,2,0,0,0,0,0.03357476635513919,55,0.10503621495327088,0.005036214953270878,0.1,0.0,0.0
3.015032,88,34713.877567,medium,0.9971183800623052,2.997118380062305,2,876,4,2,2,2,2,0,0,0,0,0.03676012461059196,53,0.1055140186915888,0.005514018691588793,0.1,0.0,0.0
3.898615,50,34728.303984,medium,1.0,4.0,3,498,2,2,0,2,0,0,0,0,2,0.05609813084112031,0,-0.05158528037383195,0.008414719626168046,0.0,0.0,0.06
2.928501,73,34749.177766,medium,0.8977414330218069,2.8977414330218068,2,722,4,2,2,2,2,0,0,0,0,0.01972741433021783,96,0.10295911214953268,0.0029591121495326747,0.1,0.0,0.0
0.530177,62,34771.710777,medium,0.4912772585669782,0.4912772585669782,0,611,4,2,2,2,2,0,0,0,0,0.0,95,0.1,0.0,0.1,0.0,0.0
2.711491,59,34788.80899,medium,0.7201323987538941,2.7201323987538943,2,587,4,2,2,2,2,0,0,0,0,0.06705607476635378,20,0.050058411214953066,0.010058411214953067,0.04,0.0,0.0
2.915761,90,34815.210151,medium,0.9672118380062306,2.9672118380062305,2,896,4,2,2,2,2,0,0,0,0,0.014330218068535823,18,0.038149532710280376,0.0021495327102803736,0.036000000000000004,0.0,0.0
2.777598,81,34838.922616,medium,0.7575545171339564,2.7575545171339564,2,803,4,2,2,2,2,0,0,0,0,0.0022897196261681433,72,0.10034345794392523,0.00034345794392522143,0.1,0.0,0.0
2.794605,80,34862.502651,medium,0.7975077881619937,2.797507788161994,2,797,4,2,2,2,2,0,0,0,0,0.018644859813084076,37,0.07679672897196262,0.0027967289719626116,0.07400000000000001,0.0,0.0
3.998277,61,34880.475724,medium,1.0,4.0,3,601,4,2,2,2,2,0,0,0,0,0.06918224299065304,24,0.05837733644859795,0.010377336448597955,0.048,0.0,0.0
4.035536,66,34899.69765,medium,1.0,4.0,3,653,4,2,2,2,2,0,0,0,0,0.03224299065420567,48,0.10083644859813085,0.00483644859813085,0.096,0.0,0.0
2.767045,65,34923.376924,medium,0.7307632398753894,2.7307632398753894,2,647,4,2,2,2,2,0,0,0,0,0.0065420560747664275,62,0.10098130841121497,0.000981308411214964,0.1,0.0,0.0
3.987272,72,34944.747256,medium,1.0,4.0,3,718,4,2,2,2,2,0,0,0,0,0.020482866043613712,28,0.059072429906542066,0.0030724299065420565,0.05600000000000001,0.0,0.0
2.658608,82,34968.343089,medium,0.6330218068535826,2.6330218068535824,2,817,4,2,2,2,2,0,0,0,0,0.04857476635513909,72,0.10728621495327087,0.007286214953270863,0.1,0.0,0.0
0.353937,58,34985.289258,medium,0.326791277258567,0.326791277258567,0,571,4,2,2,2,2,0,0,0,0,0.0016355140186916069,42,0.08424532710280373,0.00024532710280374104,0.08399999999999999,0.0,0.0
1.793923,90,35012.086177,medium,0.7820093457943925,1.7820093457943926,1,900,4,2,2,2,2,0,0,0,0,0.012757009345794277,50,0.10191355140186913,0.0019135514018691407,0.09999999999999999,0.0,0.0
4.007466,71,35033.602164,medium,1.0,4.0,3,702,4,2,2,2,2,0,0,0,0,0.0644392523364478,34,0.07766588785046717,0.009665887850467169,0.068,0.0,0.0
2.901011,78,35057.336503,medium,0.9031931464174455,2.9031931464174456,2,771,4,2,2,2,2,0,0,0,0,0.046121495327101726,34,0.07491822429906526,0.006918224299065258,0.068,0.0,0.0
1.605456,70,35082.308506,medium,0.5751557632398754,1.5751557632398754,1,697,4,2,2,2,2,0,0,0,0,0.0,66,0.1,0.0,0.1,0.0,0.0
4.023331,69,35102.864908,medium,1.0,4.0,3,683,4,2,2,2,2,0,0,0,0,0.024205607476635457,44,0.09163084112149532,0.0036308411214953182,0.088,0.0,0.0
2.902103,67,35123.184568,medium,0.8689252336448599,2.86892523364486,2,666,4,2,2,2,2,0,0,0,0,0.025186915887850374,48,0.09977803738317756,0.003778037383177556,0.096,0.0,0.0
3.886392,57,35140.559679,medium,1.0,4.0,3,564,2,2,0,2,0,0,0,0,2,0.01861370716510903,0,-0.057207943925233644,0.0027920560747663544,0.0,0.0,0.06
2.768935,90,35166.523535,medium,0.8018691588785046,2.8018691588785045,2,900,4,2,2,2,2,0,0,0,0,0.047102803738316046,25,0.05706542056074741,0.007065420560747408,0.05,0.0,0.0
2.930327,90,35193.331008,medium,0.9203271028037383,2.9203271028037383,2,900,4,2,2,2,2,0,0,0,0,0.0,96,0.1,0.0,0.1,0.0,0.0
1.754676,90,35220.312899,medium,0.7486760124610592,1.7486760124610592,1,900,4,2,2,2,2,0,0,0,0,0.0,48,0.096,0.0,0.096,0.0,0.0
2.563961,75,35247.100928,medium,0.5374065420560747,2.5374065420560745,2,745,4,2,2,2,2,0,0,0,0,0.007032710280373555,96,0.10105490654205604,0.0010549065420560333,0.1,0.0,0.0
3.987864,69,35268.05534,medium,1.0,4.0,3,681,4,2,2,2,2,0,0,0,0,0.06642523364485847,23,0.05596378504672877,0.00996378504672877,0.046,0.0,0.0
2.792086,90,35295.025755,medium,0.7735981308411215,2.7735981308411217,2,900,4,2,2,2,2,0,0,0,0,0.05658878504672761,86,0.10848831775700915,0.00848831775700914,0.1,0.0,0.0
2.520857,87,35320.542374,medium,0.5672897196261683,2.567289719626168,2,867,4,2,2,2,2,0,0,0,0,0.05511682242990548,16,0.04026752336448582,0.008267523364485822,0.032,0.0,0.0
2.640152,64,35339.71532,medium,0.5981308411214953,2.5981308411214954,2,636,4,2,2,2,2,0,0,0,0,0.03747663551401853,96,0.10562149532710279,0.005621495327102778,0.1,0.0,0.0
2.956734,90,35365.967849,medium,0.9436915887850468,2.9436915887850468,2,900,4,2,2,2,2,0,0,0,0,0.020280373831775344,54,0.10304205607476631,0.003042056074766302,0.1,0.0,0.0
2.63974,66,35389.752396,medium,0.6299844236760125,2.6299844236760124,2,658,4,2,2,2,2,0,0,0,0,0.05037383177570037,34,0.07555607476635506,0.007556074766355056,0.068,0.0,0.0
1.549883,61,35407.520441,medium,0.511760124610592,1.5117601246105918,1,606,4,2,2,2,2,0,0,0,0,0.018154205607476773,48,0.09872313084112151,0.0027231308411215156,0.096,0.0,0.0
0.350459,65,35426.96587,medium,0.3500077881619937,0.3500077881619937,0,648,4,2,2,2,2,0,0,0,0,0.008341121495327,32,0.06525116822429905,0.00125116822429905,0.064,0.0,0.0
0.478002,59,35444.541833,medium,0.43077881619937586,0.43077881619937586,0,581,4,2,2,2,2,0,0,0,0,0.03549065420560646,68,0.10532359813084097,0.005323598130840969,0.1,0.0,0.0
3.9968,70,35465.096223,medium,1.0,4.0,3,692,4,2,2,2,2,0,0,0,0,0.0,33,0.066,0.0,0.066,0.0,0.0
0.502068,55,35481.112569,medium,0.460303738317757,0.460303738317757,0,548,4,2,2,2,2,0,0,0,0,0.0037616822429906954,48,0.09656425233644861,0.0005642523364486042,0.096,0.0,0.0
2.74234,67,35500.849892,medium,0.8018691588785046,2.8018691588785045,2,662,4,2,2,2,2,0,0,0,0,0.044470404984423735,0,0.006670560747663561,0.006670560747663561,0.0,0.0,0.0
2.80135,88,35526.876817,medium,0.8209501557632399,2.82095015576324,2,876,4,2,2,2,2,0,0,0,0,0.0,34,0.068,0.0,0.068,0.0,0.0
0.52453,59,35548.576614,medium,0.4807632398753894,0.4807632398753894,0,586,4,2,2,2,2,0,0,0,0,0.015778816199376967,78,0.10236682242990655,0.0023668224299065455,0.1,0.0,0.0
4.02127,66,35568.1175,medium,1.0,4.0,3,656,4,2,2,2,2,0,0,0,0,0.019135514018691045,42,0.08687032710280367,0.002870327102803657,0.084,0.0,0.0
2.954583,67,35588.026334,medium,0.9600467289719626,2.9600467289719625,2,668,4,2,2,2,2,0,0,0,0,0.022242990654205617,29,0.061336448598130845,0.0033364485981308427,0.058,0.0,0.0
0.458442,57,35604.878451,medium,0.4146417445482866,0.4146417445482866,0,562,4,2,2,2,2,0,0,0,0,0.0,58,0.1,0.0,0.1,0.0,0.0
2.881363,70,35625.330407,medium,0.8492211838006231,2.849221183800623,2,696,4,2,2,2,2,0,0,0,0,0.01161214953270978,60,0.10174182242990647,0.001741822429906467,0.1,0.0,0.0
2.897965,90,35652.035065,medium,0.8863707165109034,2.8863707165109034,2,900,4,2,2,2,2,0,0,0,0,0.010630841121495429,68,0.10159462616822432,0.001594626168224314,0.1,0.0,0.0
1.672162,90,35678.471096,medium,0.6881619937694704,1.6881619937694703,1,900,4,2,2,2,2,0,0,0,0,0.0,37,0.07400000000000001,0.0,0.07400000000000001,0.0,0.0
4.028436,81,35706.884109,medium,1.0,4.0,3,802,4,2,2,2,2,0,0,0,0,0.05757009345794264,69,0.1086355140186914,0.008635514018691396,0.1,0.0,0.0
2.73544,73,35729.136158,medium,0.7107476635514018,2.710747663551402,2,730,4,2,2,2,2,0,0,0,0,0.011285046728971477,48,0.09769275700934572,0.0016927570093457215,0.096,0.0,0.0
2.751969,72,35750.20787,medium,0.7267289719626165,2.7267289719626167,2,713,4,2,2,2,2,0,0,0,0,0.00359813084112134,48,0.0965397196261682,0.000539719626168201,0.096,0.0,0.0
3.989004,66,35769.480489,medium,1.0,4.0,3,655,4,2,2,2,2,0,0,0,0,0.05669003115264665,23,0.054503504672897,0.008503504672896997,0.046000000000000006,0.0,0.0
0.44143,70,35789.812972,medium,0.414797507788162,0.414797507788162,0,698,4,2,2,2,2,0,0,0,0,0.0028816199376947046,48,0.09643224299065421,0.0004322429906542057,0.096,0.0,0.0
2.764414,65,35809.475445,medium,0.7575545171339564,2.7575545171339564,2,646,4,2,2,2,2,0,0,0,0,0.023060747663551293,34,0.0714591121495327,0.0034591121495326934,0.068,0.0,0.0
2.931568,73,35830.829637,medium,0.9342679127725857,2.9342679127725857,2,727,4,2,2,2,2,0,0,0,0,0.0,35,0.06999999999999999,0.0,0.06999999999999999,0.0,0.0
2.751667,90,35861.44962,medium,0.7416666666666667,2.7416666666666667,2,900,4,2,2,2,2,0,0,0,0,0.0,72,0.1,0.0,0.1,0.0,0.0
4.019131,68,35881.86907,medium,1.0,4.0,3,671,4,2,2,2,2,0,0,0,0,0.014875389408099593,42,0.08623130841121493,0.002231308411214939,0.08399999999999999,0.0,0.0
3.936907,72,35903.398357,medium,1.0,4.0,3,719,4,2,2,2,2,0,0,0,0,0.058714953271027055,0,0.008807242990654059,0.008807242990654059,0.0,0.0,0.0
4.025995,79,35927.062669,medium,1.0,4.0,3,782,4,2,2,2,2,0,0,0,0,0.027967289719625928,61,0.1041950934579439,0.004195093457943889,0.1,0.0,0.0
2.836059,74,35949.313389,medium,0.8405763239875389,2.840576323987539,2,733,4,2,2,2,2,0,0,0,0,0.07188473520249247,29,0.06878271028037387,0.010782710280373873,0.058,0.0,0.0
3.935718,55,35965.72131,medium,1.0,4.0,3,546,3,2,1,2,1,0,0,0,1,0.02878504672897157,8,-0.009682242990654264,0.004317757009345735,0.016,0.0,0.03
1.649931,58,35982.678444,medium,0.6049610591900304,1.6049610591900305,1,579,4,2,2,2,2,0,0,0,0,0.019135514018690764,52,0.10287032710280362,0.0028703271028036144,0.1,0.0,0.0
3.977883,80,36010.14296,medium,1.0,4.0,3,797,4,2,2,2,2,0,0,0,0,0.06388629283488924,24,0.05758294392523339,0.009582943925233385,0.048,0.0,0.0
2.52973,67,36030.08286,medium,0.5588785046728972,2.5588785046728972,2,664,4,2,2,2,2,0,0,0,0,0.008341121495326991,18,0.03725116822429905,0.0012511682242990485,0.036000000000000004,0.0,0.0
0.26146,61,36048.345773,medium,0.2935358255451713,0.2935358255451713,0,601,4,2,2,2,2,0,0,0,0,0.00016355140186915892,14,0.028024532710280374,2.4532710280373835e-05,0.028,0.0,0.0
1.711017,90,36074.897112,medium,0.7033489096573209,1.7033489096573209,1,900,4,2,2,2,2,0,0,0,0,0.01112149532710289,48,0.09766822429906544,0.0016682242990654335,0.096,0.0,0.0
2.730429,65,36094.154908,medium,0.6901012461059189,2.690101246105919,2,648,4,2,2,2,2,0,0,0,0,0.03418224299065342,58,0.10512733644859802,0.005127336448598013,0.1,0.0,0.0
2.673436,71,36115.593097,medium,0.6435358255451713,2.6435358255451713,2,701,4,2,2,2,2,0,0,0,0,0.0,58,0.1,0.0,0.1,0.0,0.0
2.530194,61,36133.437427,medium,0.5060747663551401,2.50607476635514,2,608,4,2,2,2,2,0,0,0,0,0.019462616822429064,41,0.08491939252336436,0.0029193925233643604,0.082,0.0,0.0
1.534643,69,36154.157656,medium,0.5015576323987538,1.5015576323987538,1,690,4,2,2,2,2,0,0,0,0,0.013901869158878586,94,0.1020852803738318,0.002085280373831788,0.1,0.0,0.0
2.87825,73,36179.773455,medium,0.8489875389408099,2.84898753894081,2,727,4,2,2,2,2,0,0,0,0,0.013084112149532146,96,0.10196261682242982,0.0019626168224298217,0.1,0.0,0.0
2.942344,60,36197.517124,medium,0.9306853582554517,2.9306853582554515,2,598,4,2,2,2,2,0,0,0,0,0.023060747663551387,34,0.07145911214953271,0.0034591121495327077,0.068,0.0,0.0
2.884266,81,36221.844481,medium,0.9409657320872274,2.9409657320872276,2,807,4,2,2,2,2,0,0,0,0,0.0,12,0.024,0.0,0.024,0.0,0.0
2.866445,64,36240.861028,medium,0.8438473520249221,2.8438473520249223,2,635,4,2,2,2,2,0,0,0,0,0.0006542056074766429,43,0.08609813084112149,9.813084112149644e-05,0.086,0.0,0.0
2.9896,90,36267.145304,medium,0.9703271028037384,2.970327102803738,2,900,4,2,2,2,2,0,0,0,0,0.06182242990654098,68,0.10927336448598116,0.009273364485981147,0.1,0.0,0.0
2.615481,81,36290.890765,medium,0.6294392523364486,2.6294392523364487,2,810,4,2,2,2,2,0,0,0,0,0.02028037383177577,32,0.06704205607476636,0.003042056074766366,0.064,0.0,0.0
2.89862,79,36318.923029,medium,0.8760124610591901,2.87601246105919,2,790,4,2,2,2,2,0,0,0,0,0.03738317757009352,48,0.10160747663551403,0.005607476635514028,0.096,0.0,0.0
3.992136,63,36337.115631,medium,1.0,4.0,3,627,4,2,2,2,2,0,0,0,0,0.03224299065420567,25,0.05483644859813085,0.00483644859813085,0.05,0.0,0.0
2.843646,60,36354.471661,medium,0.7968847352024923,2.796884735202492,2,595,4,2,2,2,2,0,0,0,0,0.04174454828660442,72,0.10626168224299067,0.006261682242990664,0.1,0.0,0.0
1.555749,61,36372.297751,medium,0.5154205607476635,1.5154205607476636,1,608,4,2,2,2,2,0,0,0,0,0.007523364485980984,80,0.10112850467289715,0.0011285046728971475,0.1,0.0,0.0
2.812718,90,36399.266196,medium,0.8000778816199376,2.800077881619938,2,900,4,2,2,2,2,0,0,0,0,0.017601246105918993,70,0.10264018691588786,0.002640186915887849,0.1,0.0,0.0
2.542007,65,36418.722358,medium,0.5311526479750779,2.5311526479750777,2,648,4,2,2,2,2,0,0,0,0,0.051028037383176364,34,0.07565420560747646,0.007654205607476454,0.068,0.0,0.0
1.620906,62,36437.238185,medium,0.5816978193146417,1.5816978193146416,1,616,4,2,2,2,2,0,0,0,0,0.03205607476635491,48,0.10080841121495324,0.004808411214953236,0.096,0.0,0.0
4.050976,59,36454.73482,medium,1.0,4.0,3,589,4,2,2,2,2,0,0,0,0,0.09250778816199264,48,0.1098761682242989,0.013876168224298893,0.096,0.0,0.0
4.039871,65,36478.212092,medium,1.0,4.0,3,643,4,2,2,2,2,0,0,0,0,0.02780373831775681,72,0.10417056074766352,0.004170560747663522,0.1,0.0,0.0
1.473125,56,36495.122397,medium,0.4295171339563863,1.4295171339563864,1,559,4,2,2,2,2,0,0,0,0,0.02338785046728871,48,0.09950817757009331,0.0035081775700933067,0.096,0.0,0.0
1.734214,71,36516.062362,medium,0.7008722741433007,1.7008722741433007,1,703,4,2,2,2,2,0,0,0,0,0.050942367601244626,48,0.1036413551401867,0.007641355140186695,0.096,0.0,0.0
2.729728,60,36533.172218,medium,0.6843457943925234,2.6843457943925233,2,595,4,2,2,2,2,0,0,0,0,0.0325467289719622,58,0.10488200934579434,0.00488200934579433,0.1,0.0,0.0
1.53704,84,36557.799565,medium,0.5166433021806849,1.5166433021806849,1,837,4,2,2,2,2,0,0,0,0,0.02731308411214908,96,0.10409696261682237,0.004096962616822362,0.1,0.0,0.0
4.018986,56,36574.749179,medium,1.0,4.0,3,560,4,2,2,2,2,0,0,0,0,0.04657320872274156,34,0.07498598130841123,0.006985981308411234,0.068,0.0,0.0
2.915722,88,36600.515568,medium,0.9042834890965732,2.9042834890965734,2,878,4,2,2,2,2,0,0,0,0,0.02158878504672894,48,0.09923831775700934,0.00323831775700934,0.096,0.0,0.0
2.786274,70,36621.761902,medium,0.7553738317757009,2.755373831775701,2,691,4,2,2,2,2,0,0,0,0,0.0,96,0.1,0.0,0.1,0.0,0.0
2.895488,68,36645.666747,medium,0.8749221183800623,2.8749221183800624,2,672,4,2,2,2,2,0,0,0,0,0.011775700934578958,43,0.08776635514018687,0.0017663551401868437,0.08600000000000002,0.0,0.0
4.024513,83,36670.523564,medium,1.0,4.0,3,827,4,2,2,2,2,0,0,0,0,0.04808411214953129,72,0.1072126168224297,0.007212616822429694,0.1,0.0,0.0
4.028369,80,36694.24212,medium,1.0,4.0,3,798,4,2,2,2,2,0,0,0,0,0.054462616822428506,81,0.10816939252336429,0.008169392523364275,0.1,0.0,0.0
2.83346,61,36712.1813,medium,0.8357476635514018,2.835747663551402,2,602,4,2,2,2,2,0,0,0,0,0.03941588785046659,26,0.057912383177569984,0.005912383177569988,0.052,0.0,0.0
4.030752,74,36733.963767,medium,1.0,4.0,3,731,4,2,2,2,2,0,0,0,0,0.025677570093457676,88,0.10385163551401866,0.003851635514018651,0.1,0.0,0.0
2.977415,80,36757.750568,medium,0.9491433021806853,2.949143302180685,2,798,4,2,2,2,2,0,0,0,0,0.05380841121495194,72,0.10807126168224279,0.00807126168224279,0.1,0.0,0.0
2.72579,90,36789.095259,medium,0.777803738317757,2.7778037383177567,2,900,4,2,2,2,2,0,0,0,0,0.013239875389408098,18,0.03798598130841122,0.001985981308411215,0.036000000000000004,0.0,0.0
2.619263,79,36812.526974,medium,0.6491744548286603,2.6491744548286604,2,785,4,2,2,2,2,0,0,0,0,0.003925233644859643,24,0.04858878504672895,0.0005887850467289465,0.048,0.0,0.0
2.740516,63,36831.486317,medium,0.700778816199377,2.700778816199377,2,622,4,2,2,2,2,0,0,0,0,0.03957943925233496,48,0.10193691588785024,0.005936915887850244,0.096,0.0,0.0
2.913409,78,36854.671663,medium,0.9223520249221184,2.9223520249221187,2,779,4,2,2,2,2,0,0,0,0,0.00637850467289721,34,0.06895677570093459,0.0009567757009345815,0.068,0.0,0.0
2.816647,64,36872.962724,medium,0.8125389408099688,2.8125389408099686,2,634,4,2,2,2,2,0,0,0,0,0.02338785046728957,32,0.06750817757009343,0.003508177570093435,0.064,0.0,0.0
2.568732,61,36890.994702,medium,0.5281697819314642,2.528169781931464,2,601,4,2,2,2,2,0,0,0,0,0.004415887850467338,60,0.1006623831775701,0.0006623831775701007,0.1,0.0,0.0
2.853438,90,36917.704182,medium,0.837772585669782,2.837772585669782,2,900,4,2,2,2,2,0,0,0,0,0.06443925233644739,48,0.10566588785046711,0.009665887850467108,0.096,0.0,0.0
3.962978,88,36947.419268,medium,1.0,4.0,3,875,4,2,2,2,2,0,0,0,0,0.01651869158878518,24,0.05047780373831778,0.0024778037383177765,0.048,0.0,0.0
0.528001,61,36965.36523,medium,0.48777258566978193,0.48777258566978193,0,609,4,2,2,2,2,0,0,0,0,0.007523364485981028,96,0.10112850467289716,0.001128504672897154,0.1,0.0,0.0
2.747142,77,36988.324243,medium,0.7396417445482866,2.739641744548287,2,765,4,2,2,2,2,0,0,0,0,0.0,42,0.08400000000000002,0.0,0.08400000000000002,0.0,0.0
2.856645,90,37014.907194,medium,0.8586448598130841,2.8586448598130842,2,900,4,2,2,2,2,0,0,0,0,0.0,44,0.088,0.0,0.088,0.0,0.0
2.956198,90,37041.362617,medium,0.9376947040498442,2.9376947040498442,2,900,4,2,2,2,2,0,0,0,0,0.05669003115264685,96,0.10850350467289703,0.008503504672897028,0.1,0.0,0.0
0.482338,59,37058.420194,medium,0.49493769470404986,0.49493769470404986,0,586,4,2,2,2,2,0,0,0,0,0.0,23,0.046000000000000006,0.0,0.046000000000000006,0.0,0.0
1.629997,74,37080.869759,medium,0.6062305295950156,1.6062305295950154,1,740,4,2,2,2,2,0,0,0,0,0.01177570093457902,48,0.09776635514018686,0.001766355140186853,0.096,0.0,0.0
2.90983,87,37110.649036,medium,0.9076323987538941,2.9076323987538943,2,868,4,2,2,2,2,0,0,0,0,0.0466510903426792,41,0.08899766355140187,0.006997663551401879,0.08199999999999999,0.0,0.0
2.804643,90,37137.165864,medium,0.8066199376947041,2.806619937694704,2,900,4,2,2,2,2,0,0,0,0,0.00015576323987538947,44,0.08802336448598132,2.336448598130842e-05,0.08800000000000001,0.0,0.0
1.581494,90,37162.92255,medium,0.6629283489096574,1.6629283489096574,1,900,4,2,2,2,2,0,0,0,0,0.04376947040498421,1,0.008565420560747631,0.006565420560747631,0.002,0.0,0.0
4.0021,56,37179.13711,medium,1.0,4.0,3,559,4,2,2,2,2,0,0,0,0,0.0,29,0.058,0.0,0.058,0.0,0.0
2.843839,85,37204.516028,medium,0.8568535825545172,2.856853582554517,2,844,4,2,2,2,2,0,0,0,0,0.022570093457943925,34,0.07138551401869159,0.0033855140186915887,0.068,0.0,0.0
4.020146,65,37223.733075,medium,1.0,4.0,3,642,4,2,2,2,2,0,0,0,0,0.01563862928348904,41,0.08434579439252335,0.0023457943925233554,0.08199999999999999,0.0,0.0
1.635312,60,37241.49374,medium,0.6091121495327103,1.6091121495327103,1,598,4,2,2,2,2,0,0,0,0,0.0,43,0.086,0.0,0.086,0.0,0.0
2.732412,66,37265.244551,medium,0.7009345794392523,2.7009345794392523,2,657,4,2,2,2,2,0,0,0,0,0.007850467289719287,48,0.0971775700934579,0.0011775700934578933,0.096,0.0,0.0
2.8429,63,37283.884432,medium,0.8055295950155763,2.8055295950155763,2,628,4,2,2,2,2,0,0,0,0,0.02780373831775681,48,0.10017056074766352,0.004170560747663521,0.096,0.0,0.0
2.78433,66,37303.098176,medium,0.7663551401869159,2.7663551401869158,2,657,4,2,2,2,2,0,0,0,0,0.051168224299065465,38,0.08367523364485983,0.00767523364485982,0.07600000000000001,0.0,0.0
0.484843,61,37320.584008,medium,0.44203271028037344,0.44203271028037344,0,606,4,2,2,2,2,0,0,0,0,0.022733644859812857,68,0.10341004672897193,0.0034100467289719287,0.1,0.0,0.0
3.987742,81,37344.342198,medium,1.0,4.0,3,807,4,2,2,2,2,0,0,0,0,0.002943925233644786,34,0.06844158878504672,0.0004415887850467179,0.068,0.0,0.0
3.950729,66,37363.423364,medium,1.0,4.0,3,656,4,2,2,2,2,0,0,0,0,0.042196261682242685,5,0.016329439252336403,0.006329439252336402,0.01,0.0,0.0
2.860605,69,37383.436656,medium,0.8596573208722741,2.859657320872274,2,685,4,2,2,2,2,0,0,0,0,0.009649532710280424,34,0.06944742990654207,0.0014474299065420635,0.068,0.0,0.0
2.853198,81,37411.225855,medium,0.8797507788161993,2.8797507788161996,2,807,4,2,2,2,2,0,0,0,0,0.0009813084112149642,27,0.05414719626168224,0.00014719626168224463,0.05399999999999999,0.0,0.0
2.968627,89,37437.066163,medium,0.9606697819314641,2.9606697819314642,2,890,4,2,2,2,2,0,0,0,0,0.00637850467289721,48,0.09695677570093458,0.0009567757009345815,0.096,0.0,0.0
2.917517,90,37463.902621,medium,0.9519470404984424,2.9519470404984425,2,900,4,2,2,2,2,0,0,0,0,0.0504672897196263,24,0.05557009345794395,0.007570093457943946,0.048,0.0,0.0
2.956576,90,37489.95017,medium,0.9376947040498442,2.9376947040498442,2,900,4,2,2,2,2,0,0,0,0,0.05920560747663423,55,0.10888084112149514,0.008880841121495136,0.1,0.0,0.0
