#{"t_start": 1779208300.2564452, "env_id": "None"}
r,l,t,profile,damage_pct,score,stars,ticks_elapsed,spell_casts,rage_casts,freeze_casts,useful_rage_casts,useful_freeze_casts,wasted_spell_casts,wasted_rage_casts,wasted_freeze_casts,spells_remaining,rage_bonus_damage_pct,rage_bonus_defense_damage_pct,rage_bonus_townhall_damage_pct,defense_damage_pct,townhall_damage_pct,defenses_destroyed,townhall_destroyed,frozen_threat_ticks,frozen_threat_damage_pct,troop_damage_taken_pct,splash_damage_taken_pct,splash_cluster_risk_pct,multi_hit_splash_events,deployments,deployment_unique_cells,deployment_top_cell_fraction,deployment_top3_cell_fraction,deployment_quadrant_entropy,spell_shaping_reward_total,objective_shaping_reward_total,rage_effect_reward_total,freeze_effect_reward_total,defense_damage_reward_total,townhall_damage_reward_total,defense_destroy_reward_total,townhall_destroy_reward_total,wasted_spell_penalty_total,unused_spell_penalty_total,splash_risk_penalty_total
1.560049,76,50.070835,hard,0.4195938215102975,1.4195938215102974,1,752,8,4,4,4,4,0,0,0,0,0.004319221967963394,0.010370879120879138,0.0,0.34814560439560394,1.0,2,True,96,0.059154929577464786,0.9260845070422569,0.5982816901408449,1.141056338028169,24,65.0,39.0,0.15384615384615385,0.24615384615384617,0.09911748204888313,0.09387792487188579,0.20177747252747247,0.001511727688787188,0.0923661971830986,0.04177747252747247,0.1,0.01,0.05,0.0,0.0,0.08
0.57718,82,93.696155,hard,0.4959267734553767,0.4959267734553767,0,815,8,4,4,4,4,0,0,0,0,0.039885583524026415,0.0014423076923076304,0.11059999999999523,0.44972527472527474,0.5982666666666618,3,False,163,0.14080985915492958,0.9380281690140865,0.6205070422535209,2.421443661971831,31,65.0,44.0,0.06153846153846154,0.16923076923076924,0.16676100196548832,0.11395995423340924,0.12879369963369916,0.01395995423340924,0.1,0.053967032967032966,0.059826666666666195,0.015,0.0,0.0,0.0,0.08
0.440484,81,136.742494,hard,0.4136727688787185,0.4136727688787185,0,806,8,4,4,4,4,0,0,0,0,0.0025228832951945043,0.0060576923076922995,0.0,0.4035714285714283,0.231,3,False,113,0.09713028169014085,0.9413239436619735,0.7243661971830984,1.7663028169014086,27,65.0,45.0,0.09230769230769231,0.2,0.16676100196548832,0.10088300915331808,0.08652857142857139,0.0008830091533180766,0.1,0.04842857142857139,0.0231,0.015,0.0,0.0,0.0,0.08
1.790384,90,181.871456,hard,0.7085755148741414,1.7085755148741413,1,898,8,4,4,4,4,0,0,0,0,0.009731121281464122,0.0005769230769230771,0.055299999999997615,0.60989010989011,0.547633333333331,5,False,99,0.061003521126760565,0.9310422535211279,0.6516056338028169,2.7249471830985916,34,65.0,50.0,0.06153846153846154,0.15384615384615385,0.3025207121927388,0.09865853329358286,0.1529501465201463,0.003405892448512442,0.09525264084507042,0.0731868131868132,0.0547633333333331,0.025,0.0,0.0,0.0,0.08
0.298043,75,219.695317,hard,0.33820938215102975,0.33820938215102975,0,745,8,4,4,4,4,0,0,0,0,0.0022826086956521927,0.005480769230769275,0.0,0.3175686813186811,0.0,2,False,68,0.041901408450704225,0.9267605633802849,0.5197464788732391,0.8895070422535212,26,65.0,40.0,0.2,0.3230769230769231,0.09911748204888313,0.06622496938150643,0.04810824175824173,0.0007989130434782675,0.06542605633802817,0.03810824175824173,0.0,0.01,0.0,0.0,0.0,0.08
0.107499,74,255.468822,hard,0.1961556064073226,0.1961556064073226,0,736,6,2,4,2,4,0,0,0,2,0.0021624713958809136,0.0,0.0,0.15989010989010988,0.0,1,False,148,0.12830985915492957,0.9422535211267626,0.6854084507042257,0.7245950704225352,33,65.0,44.0,0.06153846153846154,0.16923076923076924,0.13491422385153698,0.04075686498855832,0.024186813186813188,0.0007568649885583197,0.1,0.019186813186813187,0.0,0.005,0.0,0.0,0.06,0.08
1.614031,84,304.306266,hard,0.529233409610984,1.5292334096109839,1,837,8,4,4,4,4,0,0,0,0,0.030411899313501186,0.016153846153846144,0.0,0.6098901098901092,0.39666666666666667,5,False,89,0.075,0.9839718309859153,0.7592676056338027,1.9269894366197182,36,65.0,47.0,0.06153846153846154,0.15384615384615385,0.24645788980805483,0.11064416475972541,0.13785347985347976,0.010644164759725412,0.1,0.07318681318681311,0.03966666666666666,0.025,0.0,0.0,0.0,0.08
0.422887,84,344.355623,hard,0.4064645308924485,0.4064645308924485,0,831,8,4,4,4,4,0,0,0,0,0.019279176201373042,0.0,0.0,0.48145604395604397,0.0,3,False,87,0.08799295774647888,0.9566760563380295,0.718901408450704,1.3654753521126761,37,65.0,45.0,0.07692307692307693,0.2,-0.0,0.10674771167048057,0.07277472527472528,0.006747711670480565,0.1,0.057774725274725276,0.0,0.015,0.0,0.0,0.0,0.08
0.195453,74,379.382609,hard,0.23069221967963388,0.23069221967963388,0,733,7,3,4,3,4,0,0,0,1,0.0036041189931350294,0.008653846153846196,0.0,0.30666208791208754,0.0,2,False,157,0.1245774647887324,0.9521126760563393,0.8494084507042257,0.7560739436619718,33,65.0,42.0,0.1076923076923077,0.2,0.19172340579500008,0.07126144164759726,0.046799450549450505,0.0012614416475972602,0.1,0.0367994505494505,0.0,0.01,0.0,0.0,0.03,0.08
0.3144,76,415.461744,hard,0.3292848970251716,0.3292848970251716,0,758,8,4,4,4,4,0,0,0,0,0.0010812356979405153,0.0025961538461538747,0.0,0.2961401098901098,0.0,1,False,110,0.0754225352112676,0.9267605633802843,0.6551267605633805,1.120862676056338,27,65.0,41.0,0.07692307692307693,0.18461538461538463,0.05733775266807337,0.10037843249427919,0.04053681318681316,0.00037843249427918035,0.1,0.03553681318681316,0.0,0.005,0.0,0.0,0.0,0.08
0.292961,77,451.820529,hard,0.3316418764302059,0.3316418764302059,0,762,7,3,4,3,4,0,0,0,1,0.003724256292906096,0.008942307692307494,0.0,0.3017994505494502,0.0,2,False,121,0.08109154929577465,0.9211267605633824,0.6812112676056342,0.7349295774647887,28,65.0,43.0,0.06153846153846154,0.15384615384615385,0.15610566617587138,0.07130348970251714,0.046215934065934,0.0013034897025171333,0.1,0.036215934065934,0.0,0.01,0.0,0.0,0.03,0.08
2.690118,84,490.91898,hard,0.5296910755148742,2.529691075514874,2,833,8,4,4,4,4,0,0,0,0,0.05612700228832971,0.02527472527472527,0.2090000000000003,0.3652472527472529,0.9999999999999961,3,True,99,0.061003521126760565,0.9366760563380299,0.6567887323943662,1.4327464788732394,26,65.0,43.0,0.046153846153846156,0.13846153846153847,0.1956217818146278,0.11489709164598583,0.20882967032966998,0.019644450800915394,0.09525264084507043,0.04382967032967034,0.09999999999999963,0.015,0.05,0.0,0.0,0.08
2.766239,78,537.285682,hard,0.585812356979405,2.585812356979405,2,771,8,4,4,4,4,0,0,0,0,0.02150457665903909,0.0049038461538461475,0.06860000000000048,0.49999999999999983,0.9999999999999966,4,True,203,0.16110915492957747,0.9343943661971846,0.6832112676056337,2.2589260563380282,31,65.0,42.0,0.09230769230769231,0.2153846153846154,0.13491422385153698,0.10752660183066369,0.2299999999999996,0.007526601830663682,0.1,0.05999999999999998,0.09999999999999964,0.02,0.05,0.0,0.0,0.08
0.409293,79,575.053147,hard,0.39359267734553777,0.39359267734553777,0,790,8,4,4,4,4,0,0,0,0,0.016098398169335892,0.016153846153845904,0.0,0.4505494505494501,0.0,3,False,82,0.09528169014084507,0.95011267605634,0.7732112676056337,1.129225352112676,37,65.0,48.0,0.09230769230769231,0.18461538461538463,0.19172340579500008,0.10563443935926757,0.069065934065934,0.00563443935926756,0.1,0.054065934065934004,0.0,0.015,0.0,0.0,0.0,0.08
0.06584,76,611.472076,hard,0.18310068649885586,0.18310068649885586,0,756,5,1,4,1,4,0,0,0,3,0.0007208237986270103,0.00173076923076925,0.0,0.19239010989010988,0.0,1,False,180,0.1616725352112676,0.9420563380281703,0.8323661971830996,1.046426056338028,43,65.0,44.0,0.07692307692307693,0.2,0.23296603544749966,0.010252288329519466,0.028086813186813192,0.0002522883295194536,0.1,0.02308681318681319,0.0,0.005,0.0,0.0,0.09,0.08
1.562353,73,647.264328,hard,0.4383295194508009,1.438329519450801,1,722,7,3,4,3,4,0,0,0,1,0.004805491990846735,0.011538461538461666,0.0,0.3931318681318676,1.0,3,True,96,0.059154929577464786,0.9179718309859158,0.7598309859154934,1.7712147887323944,40,65.0,37.0,0.12307692307692308,0.24615384615384617,0.1145020974334985,0.06404811937989496,0.2121758241758241,0.0016819221967963572,0.0923661971830986,0.04717582417582412,0.09999999999999999,0.015,0.05,0.0,0.03,0.08
1.688974,90,690.487739,hard,0.5695251716247137,1.5695251716247136,1,891,8,4,4,4,4,0,0,0,0,0.051538901601830125,0.01817307692307697,0.10709999999999849,0.4999999999999992,0.9050999999999954,4,False,154,0.13637323943661972,0.9382253521126765,0.714788732394366,1.2450528169014083,37,65.0,44.0,0.09230769230769231,0.18461538461538463,0.09911748204888313,0.11803861556064055,0.17050999999999947,0.018038615560640535,0.1,0.059999999999999915,0.09050999999999955,0.02,0.0,0.0,0.0,0.08
1.611668,85,731.891947,hard,0.5578260869565212,1.5578260869565212,1,847,8,4,4,4,4,0,0,0,0,0.038157894736841794,0.02527472527472527,0.0,0.6098901098901109,0.07,5,False,122,0.07517605633802817,0.9332112676056342,0.7545070422535207,3.3220774647887326,24,65.0,43.0,0.06153846153846154,0.16923076923076924,0.17149028156048673,0.11335526315789463,0.10518681318681333,0.013355263157894627,0.1,0.07318681318681332,0.007000000000000001,0.025,0.0,0.0,0.0,0.08
0.485166,77,769.059935,hard,0.4272540045766585,0.4272540045766585,0,761,8,4,4,4,4,0,0,0,0,0.026967963386727148,0.0,0.07279999999999685,0.2802197802197802,0.6094666666666635,2,False,150,0.10727112676056338,0.9461408450704242,0.6277464788732391,2.031742957746479,31,65.0,42.0,0.07692307692307693,0.2153846153846154,0.15610566617587138,0.1094387871853545,0.10457304029303997,0.009438787185354501,0.1,0.03362637362637362,0.06094666666666636,0.01,0.0,0.0,0.0,0.08
0.342707,80,814.923032,hard,0.3292391304347823,0.3292391304347823,0,792,8,4,4,4,4,0,0,0,0,0.03101258581235671,0.0,0.0,0.3901098901098901,0.0,3,False,132,0.10697183098591549,0.9510422535211261,0.819605633802817,1.667781690140845,44,65.0,51.0,0.06153846153846154,0.15384615384615385,0.15610566617587138,0.11085440503432485,0.06181318681318681,0.010854405034324844,0.1,0.04681318681318681,0.0,0.015,0.0,0.0,0.0,0.08
0.316999,74,849.950804,hard,0.3916876430205949,0.3916876430205949,0,735,5,1,4,1,4,0,0,0,3,0.0008409610983981332,0.002019230769230682,0.0,0.44597527472527465,0.0,3,False,168,0.1428169014084507,0.9470140845070439,0.7531830985915496,1.3314788732394367,38,65.0,47.0,0.046153846153846156,0.13846153846153847,0.09911748204888313,0.010294336384439357,0.06851703296703296,0.00029433638443934654,0.1,0.05351703296703297,0.0,0.015,0.0,0.0,0.09,0.08
2.734619,74,884.368185,hard,0.5904805491990847,2.5904805491990848,2,733,7,3,4,3,4,0,0,0,1,0.0031235697940503464,0.007500000000000008,0.0,0.5112087912087909,1.0,3,True,109,0.06716549295774647,0.9211267605633837,0.6606478873239439,1.9454225352112675,34,65.0,41.0,0.09230769230769231,0.2153846153846154,-0.0,0.07109324942791763,0.22634505494505486,0.0010932494279176212,0.1,0.06134505494505489,0.09999999999999999,0.015,0.05,0.0,0.03,0.08
2.649213,81,922.529406,hard,0.5079519450800916,2.507951945080092,2,806,8,4,4,4,4,0,0,0,0,0.012271167048054685,0.0,0.03149999999999864,0.31304945054945055,1.0,2,True,188,0.14204225352112676,0.9211267605633805,0.8219718309859155,2.2156338028169014,46,65.0,42.0,0.07692307692307693,0.2153846153846154,0.09911748204888313,0.10429490846681914,0.1975659340659341,0.004294908466819139,0.1,0.03756593406593406,0.1,0.01,0.05,0.0,0.0,0.08
0.273364,77,958.644975,hard,0.3209954233409611,0.3209954233409611,0,762,7,3,4,3,4,0,0,0,1,0.0012013729977116317,0.0028846153846152915,0.0,0.2762362637362636,0.0,1,False,132,0.11080985915492958,0.9195211267605651,0.7423098591549303,1.2150352112676057,27,65.0,50.0,0.09230769230769231,0.18461538461538463,0.19172340579500008,0.07042048054919908,0.03814835164835162,0.0004204805491990711,0.1,0.03314835164835162,0.0,0.005,0.0,0.0,0.03,0.08
2.794731,86,998.946251,hard,0.6087585812356979,2.6087585812356977,2,858,8,4,4,4,4,0,0,0,0,0.04331807780320359,0.008942307692307791,0.2090000000000003,0.5550961538461534,0.9999999999999963,4,True,168,0.14661971830985915,0.9195211267605651,0.7200281690140845,1.930880281690141,31,65.0,48.0,0.09230769230769231,0.2,0.374863516979206,0.11516132723112127,0.2366115384615381,0.015161327231121258,0.1,0.06661153846153843,0.09999999999999966,0.02,0.05,0.0,0.0,0.08
2.85562,100,1053.373774,hard,0.672883295194508,2.672883295194508,2,1000,8,4,4,4,4,0,0,0,0,0.0075686498855835884,0.018173076923077076,0.0,0.7090659340659341,1.0,5,True,96,0.07225352112676056,0.9084507042253533,0.7150422535211272,2.8280281690140847,27,65.0,45.0,0.09230769230769231,0.23076923076923078,0.05733775266807337,0.10264902745995426,0.2600879120879121,0.0026490274599542552,0.1,0.08508791208791207,0.1,0.025,0.05,0.0,0.0,0.08
0.375953,81,1091.042694,hard,0.3654004576659035,0.3654004576659035,0,806,8,4,4,4,4,0,0,0,0,0.03219679633867249,0.027692307692307818,0.0,0.39010989010988967,0.0,3,False,96,0.06676056338028169,0.9726478873239456,0.8051830985915489,1.1515669014084506,31,65.0,45.0,0.18461538461538463,0.26153846153846155,-0.0,0.10933930125374663,0.061813186813186746,0.011268878718535371,0.09807042253521127,0.04681318681318675,0.0,0.015,0.0,0.0,0.0,0.08
2.790665,92,1135.053947,hard,0.617008009153318,2.617008009153318,2,913,8,4,4,4,4,0,0,0,0,0.0170537757437072,0.04094780219780245,0.0,0.574903846153844,1.0,4,True,95,0.0972887323943662,0.9476901408450717,0.8141690140845074,1.6200704225352112,37,65.0,45.0,0.09230769230769231,0.2153846153846154,0.16676100196548832,0.10596882151029752,0.23898846153846132,0.005968821510297519,0.1,0.06898846153846129,0.1,0.02,0.05,0.0,0.0,0.08
0.487798,75,1169.877733,hard,0.43227688787185337,0.43227688787185337,0,742,8,4,4,4,4,0,0,0,0,0.005045766590388798,0.0,0.029399999999998733,0.27651098901098903,0.647733333333332,2,False,125,0.10322183098591549,0.9236056338028182,0.7834084507042258,1.7740669014084507,25,65.0,39.0,0.1076923076923077,0.26153846153846155,0.05733775266807337,0.10176601830663609,0.10795465201465189,0.0017660183066360792,0.1,0.033181318681318676,0.06477333333333321,0.01,0.0,0.0,0.0,0.08
0.500406,80,1208.114816,hard,0.4553203661327231,0.4553203661327231,0,793,8,4,4,4,4,0,0,0,0,0.050097254004576805,0.04413461538461563,0.0,0.5987637362637359,0.0,3,False,96,0.09295774647887324,0.9510985915492974,0.5899718309859151,1.0647183098591548,32,65.0,42.0,0.07692307692307693,0.2,0.19172340579500008,0.11753403890160188,0.08685164835164828,0.01753403890160188,0.1,0.07185164835164828,0.0,0.015,0.0,0.0,0.0,0.08
1.672507,82,1246.16943,hard,0.5603146453089239,1.560314645308924,1,811,8,4,4,4,4,0,0,0,0,0.025949656750571527,0.00951923076923077,0.12809999999999677,0.49999999999999956,0.8420999999999944,4,False,117,0.08519366197183098,0.9211267605633805,0.7469295774647886,1.9101408450704225,34,65.0,47.0,0.07692307692307693,0.13846153846153847,0.13491422385153698,0.10908237986270004,0.16420999999999938,0.009082379862700034,0.1,0.059999999999999956,0.08420999999999945,0.02,0.0,0.0,0.0,0.08
0.076438,72,1287.13595,hard,0.10623569794050343,0.10623569794050343,0,711,7,3,4,3,4,0,0,0,1,0.002763157894736838,0.006634615384615374,0.0,0.2550824175824173,0.0,1,False,44,0.03408450704225352,0.9839154929577504,0.6165352112676054,0.06419014084507042,5,65.0,29.0,0.12307692307692308,0.3076923076923077,0.1145020974334985,0.018530485544848034,0.03560989010989007,0.0009671052631578933,0.04756338028169014,0.03060989010989007,0.0,0.005,0.0,0.0,0.03,0.012838028169014085
2.903576,98,1333.261271,hard,0.7037185354691076,2.7037185354691076,2,971,8,4,4,4,4,0,0,0,0,0.008529748283752529,0.002019230769230771,0.04479999999999807,0.7831043956043959,1.0,6,True,132,0.11190140845070423,0.9267605633802839,0.811295774647888,3.0011971830985917,31,65.0,37.0,0.12307692307692308,0.24615384615384617,0.17149028156048673,0.10298541189931339,0.27397252747252754,0.002985411899313385,0.1,0.09397252747252752,0.1,0.030000000000000002,0.05,0.0,0.0,0.08
2.802259,81,1369.793368,hard,0.6168478260869564,2.6168478260869565,2,806,8,4,4,4,4,0,0,0,0,0.026624713958809613,0.02527472527472527,0.08329999999999754,0.5557692307692296,0.9999999999999988,4,True,160,0.13734154929577463,0.9323943661971866,0.4500563380281689,0.944419014084507,20,65.0,40.0,0.1076923076923077,0.24615384615384617,0.16676100196548832,0.10931864988558337,0.23669230769230742,0.009318649885583364,0.1,0.06669230769230754,0.09999999999999988,0.02,0.05,0.0,0.0,0.08
0.432361,92,1411.908414,hard,0.41847826086956524,0.41847826086956524,0,911,8,4,4,4,4,0,0,0,0,0.024988558352402563,0.014134615384615539,0.0,0.5103021978021971,0.0,3,False,140,0.12172535211267606,0.9276338028169037,0.6852676056338026,0.8830633802816902,33,65.0,44.0,0.06153846153846154,0.18461538461538463,0.13491422385153698,0.1087459954233409,0.07623626373626363,0.008745995423340895,0.1,0.06123626373626363,0.0,0.015,0.0,0.0,0.0,0.08
2.937448,100,1457.425789,hard,0.7441647597254004,2.7441647597254004,2,1000,8,4,4,4,4,0,0,0,0,0.06379290617848879,0.05826923076923112,0.23029999999999431,0.6329670329670337,0.9999999999999961,5,True,134,0.11246478873239436,0.8325070422535235,0.5955492957746479,1.5447711267605633,21,65.0,42.0,0.07692307692307693,0.18461538461538463,0.05733775266807337,0.12232751716247109,0.25095604395604365,0.022327517162471076,0.1,0.07595604395604404,0.09999999999999962,0.025,0.05,0.0,0.0,0.08
0.419226,77,1493.447499,hard,0.39641304347826095,0.39641304347826095,0,764,8,4,4,4,4,0,0,0,0,0.02667048054919923,0.02653846153846173,0.0,0.4573214285714273,0.0,3,False,116,0.10309859154929578,0.9236056338028188,0.6046478873239431,1.6668485915492959,26,65.0,46.0,0.06153846153846154,0.16923076923076924,0.1956217818146278,0.10933466819221974,0.06987857142857129,0.009334668192219729,0.1,0.05487857142857129,0.0,0.015,0.0,0.0,0.0,0.08
2.700372,84,1539.895734,hard,0.5423340961098398,2.54233409610984,2,831,8,4,4,4,4,0,0,0,0,0.03904462242562831,0.0,0.2274999999999943,0.3956043956043956,0.9999999999999961,2,True,179,0.15559859154929578,0.9645915492957753,0.7517464788732394,2.1510387323943663,31,65.0,50.0,0.06153846153846154,0.15384615384615385,0.05733775266807337,0.11366561784896992,0.2074725274725271,0.013665617848969908,0.1,0.04747252747252747,0.09999999999999962,0.01,0.05,0.0,0.0,0.08
0.368172,86,1579.931842,hard,0.3684210526315789,0.3684210526315789,0,853,8,4,4,4,4,0,0,0,0,0.009250572082379945,0.022211538461538657,0.0,0.390109890109889,0.0,3,False,120,0.09464788732394366,0.9310422535211281,0.7189295774647889,0.8980457746478874,27,65.0,46.0,0.06153846153846154,0.18461538461538463,0.16676100196548832,0.10323770022883298,0.06181318681318666,0.0032377002288329804,0.1,0.046813186813186664,0.0,0.015,0.0,0.0,0.0,0.08
2.693953,79,1616.000835,hard,0.5052631578947369,2.5052631578947366,2,782,8,4,4,4,4,0,0,0,0,0.029794050343249043,0.011538461538461666,0.14559999999999743,0.5538461538461533,0.9999999999999966,4,True,92,0.08056338028169015,0.9348169014084503,0.8022535211267607,2.4776408450704226,35,65.0,47.0,0.09230769230769231,0.2153846153846154,0.19753023273471912,0.11042791762013716,0.23646153846153806,0.010427917620137164,0.1,0.06646153846153839,0.09999999999999967,0.02,0.05,0.0,0.0,0.08
0.385891,80,1652.307245,hard,0.3820366132723112,0.3820366132723112,0,797,8,4,4,4,4,0,0,0,0,0.026670480549198947,0.012692307692307728,0.0,0.42280219780219724,0.0,3,False,89,0.0586443661971831,0.9348169014084512,0.8088450704225346,1.9242429577464788,41,65.0,47.0,0.07692307692307693,0.18461538461538463,0.05733775266807337,0.09781794284010696,0.06573626373626368,0.009334668192219632,0.08848327464788733,0.05073626373626367,0.0,0.015,0.0,0.0,0.0,0.08
0.195678,73,1685.151822,hard,0.2416475972540046,0.2416475972540046,0,726,8,4,4,4,4,0,0,0,0,0.006006864988558399,0.0,0.0,0.16854395604395606,0.0,1,False,76,0.055070422535211265,0.9360000000000008,0.659239436619718,1.4596478873239436,30,65.0,52.0,0.07692307692307693,0.13846153846153847,0.19172340579500008,0.08140521964740388,0.025225274725274728,0.0021024027459954396,0.07930281690140845,0.020225274725274727,0.0,0.005,0.0,0.0,0.0,0.08
2.836111,79,1721.228708,hard,0.6586556064073225,2.6586556064073226,2,786,8,4,4,4,4,0,0,0,0,0.01729977116704776,0.0,0.035699999999999656,0.5,0.9999999999999988,4,True,108,0.08945422535211267,0.9267605633802817,0.7449014084507043,3.1213732394366196,38,65.0,44.0,0.06153846153846154,0.18461538461538463,0.13491422385153698,0.10605491990846672,0.22999999999999993,0.006054919908466716,0.1,0.06000000000000002,0.0999999999999999,0.02,0.05,0.0,0.0,0.08
3.042547,100,1776.029219,hard,0.8260869565217391,2.8260869565217392,2,1000,8,4,4,4,4,0,0,0,0,0.03399885583524007,0.025673076923077104,0.0,0.8296703296703284,1.0,7,True,117,0.09225352112676057,0.9061690140845077,0.6823380281690141,2.513080985915493,28,65.0,44.0,0.07692307692307693,0.18461538461538463,0.09911748204888313,0.11189959954233403,0.2845604395604394,0.011899599542334023,0.1,0.0995604395604394,0.1,0.035,0.05,0.0,0.0,0.08
2.914247,80,1813.763765,hard,0.6933695652173913,2.6933695652173912,2,797,8,4,4,4,4,0,0,0,0,0.04167620137299789,0.038942307692308,0.1483333333333336,0.7582554945055012,0.9999999999999972,5,True,150,0.09242957746478873,0.917971830985915,0.6145915492957748,2.6077288732394366,35,65.0,43.0,0.09230769230769231,0.18461538461538463,0.13491422385153698,0.11458667048054927,0.2659906593406599,0.014586670480549258,0.1,0.09099065934066013,0.09999999999999976,0.025,0.05,0.0,0.0,0.08
1.71213,92,1855.802086,hard,0.5924656750572076,1.5924656750572077,1,914,8,4,4,4,4,0,0,0,0,0.044765446224255497,0.02527472527472527,0.09309999999999599,0.6098901098901093,0.772099999999996,5,False,138,0.11123239436619718,0.960760563380283,0.6827323943661971,2.136654929577465,36,65.0,45.0,0.07692307692307693,0.2,0.09911748204888313,0.11566790617848943,0.17539681318681274,0.015667906178489423,0.1,0.07318681318681311,0.07720999999999963,0.025,0.0,0.0,0.0,0.08
0.201566,74,1889.180924,hard,0.32986270022883296,0.32986270022883296,0,740,4,0,4,0,4,0,0,0,4,0.0,0.0,0.0,0.2975274725274725,0.0,2,False,168,0.11661971830985915,0.9235492957746494,0.8200281690140852,1.8188380281690142,36,65.0,45.0,0.06153846153846154,0.15384615384615385,0.05733775266807337,-0.01999999999999999,0.0457032967032967,0.0,0.1,0.0357032967032967,0.0,0.01,0.0,0.0,0.12,0.08
2.666578,73,1924.749318,hard,0.5403489702517164,2.540348970251716,2,729,7,3,4,3,4,0,0,0,1,0.006367276887871923,0.015288461538461705,0.0,0.3908379120879114,1.0,2,True,140,0.11246478873239436,0.9211267605633826,0.7414929577464794,2.6675704225352113,34,65.0,48.0,0.06153846153846154,0.16923076923076924,-0.0,0.07222854691075518,0.20690054945054936,0.002228546910755173,0.1,0.04690054945054936,0.1,0.01,0.05,0.0,0.03,0.08
0.560021,77,1960.436115,hard,0.4949828375286032,0.4949828375286032,0,769,8,4,4,4,4,0,0,0,0,0.04240846681922119,0.05192307692307722,0.12109999999999477,0.47774725274725033,0.5247666666666614,3,False,60,0.06971830985915493,0.9630422535211275,0.6725070422535212,2.0824295774647887,29,65.0,41.0,0.07692307692307693,0.2,0.05733775266807337,0.09713169578109361,0.1248063369963362,0.014842963386727416,0.0822887323943662,0.05732967032967005,0.05247666666666615,0.015,0.0,0.0,0.0,0.08
2.841887,77,1995.717147,hard,0.631578947368421,2.6315789473684212,2,765,8,4,4,4,4,0,0,0,0,0.0532036613272312,0.057005494505494574,0.17166666666666694,0.6098901098901096,0.9999999999999961,5,True,104,0.06897887323943662,0.9380281690140841,0.7617746478873241,4.932834507042253,32,65.0,43.0,0.09230769230769231,0.23076923076923078,0.22338824700260326,0.11862128146453092,0.24818681318681274,0.018621281464530917,0.1,0.07318681318681314,0.09999999999999962,0.025,0.05,0.0,0.0,0.08
0.382744,77,2038.909082,hard,0.3761556064073227,0.3761556064073227,0,767,8,4,4,4,4,0,0,0,0,0.012133867276887908,0.012115384615384623,0.0,0.4086813186813182,0.0,2,False,114,0.08007042253521127,0.9584788732394391,0.7472112676056342,1.4267077464788733,32,65.0,44.0,0.06153846153846154,0.16923076923076924,0.22338824700260326,0.10424685354691077,0.05904175824175816,0.004246853546910768,0.1,0.04904175824175816,0.0,0.01,0.0,0.0,0.0,0.08
2.862586,81,2074.967558,hard,0.6567505720823799,2.65675057208238,2,802,8,4,4,4,4,0,0,0,0,0.03027459954233419,0.07269230769230792,0.0,0.6703296703296725,1.0,5,True,145,0.10954225352112676,0.9211267605633804,0.861887323943662,3.5658274647887325,43,65.0,43.0,0.06153846153846154,0.18461538461538463,-0.0,0.11059610983981698,0.2554395604395607,0.010596109839816967,0.1,0.08043956043956067,0.1,0.025,0.05,0.0,0.0,0.08
0.387817,83,2112.205778,hard,0.37757437070938216,0.37757437070938216,0,821,8,4,4,4,4,0,0,0,0,0.011292906178489251,0.004903846153846031,0.0,0.4449175824175824,0.0,3,False,152,0.1323943661971831,0.9478309859154953,0.7145352112676052,0.934806338028169,25,65.0,42.0,0.07692307692307693,0.2,0.09911748204888313,0.10395251716247124,0.06839010989010988,0.003952517162471237,0.1,0.05339010989010989,0.0,0.015,0.0,0.0,0.0,0.08
0.334453,76,2146.626772,hard,0.3809725400457666,0.3809725400457666,0,752,7,3,4,3,4,0,0,0,1,0.004084668192219647,0.00980769230769223,0.0,0.3856318681318677,0.0,3,False,76,0.050633802816901406,0.9154929577464802,0.7953802816901414,2.394507042253521,30,65.0,44.0,0.16923076923076924,0.24615384615384617,0.16676100196548832,0.047404985979952935,0.06127582417582412,0.0014296338672768762,0.07597535211267606,0.04627582417582412,0.0,0.015,0.0,0.0,0.03,0.08
0.281002,80,2183.184913,hard,0.3045537757437071,0.3045537757437071,0,794,8,4,4,4,4,0,0,0,0,0.005045766590389071,0.012115384615384748,0.0,0.3532417582417577,0.0,2,False,68,0.06359154929577465,0.9285633802816932,0.461352112676056,0.7631338028169015,16,65.0,41.0,0.07692307692307693,0.18461538461538463,0.25206405738510845,0.08345968027846716,0.05238901098901092,0.001766018306636175,0.08169366197183099,0.04238901098901092,0.0,0.01,0.0,0.0,0.0,0.08
0.28523,75,2218.010882,hard,0.3192276887871854,0.3192276887871854,0,745,7,3,4,3,4,0,0,0,1,0.02246567505720793,0.011250000000000024,0.0,0.27199175824175836,0.0,2,False,199,0.16028169014084506,0.928563380281692,0.6851267605633806,0.7692253521126761,37,65.0,44.0,0.07692307692307693,0.18461538461538463,0.2220630225397998,0.07786298627002278,0.042639010989010996,0.007862986270022776,0.1,0.032639010989010994,0.0,0.01,0.0,0.0,0.03,0.08
0.268841,74,2261.958097,hard,0.29084096109839813,0.29084096109839813,0,731,8,4,4,4,4,0,0,0,0,0.004685354691075528,0.01125000000000003,0.0,0.2038324175824172,0.0,1,False,144,0.12690140845070422,0.9154929577464803,0.6983661971830984,1.7048767605633803,32,65.0,46.0,0.06153846153846154,0.18461538461538463,0.05733775266807337,0.10163987414187645,0.029459890109890068,0.0016398741418764346,0.1,0.024459890109890067,0.0,0.005,0.0,0.0,0.0,0.08
1.608685,80,2301.079829,hard,0.5114302059496559,1.5114302059496558,1,794,8,4,4,4,4,0,0,0,0,0.035800915331807,0.010096153846153958,0.1840999999999952,0.35762362637362594,0.912099999999992,2,False,144,0.12253521126760564,0.9301126760563387,0.7408169014084506,1.8933802816901408,25,65.0,46.0,0.06153846153846154,0.16923076923076924,0.09911748204888313,0.11253032036613246,0.14412483516483432,0.012530320366132454,0.1,0.0429148351648351,0.09120999999999922,0.01,0.0,0.0,0.0,0.08
0.361463,79,2338.536819,hard,0.3736270022883295,0.3736270022883295,0,789,8,4,4,4,4,0,0,0,0,0.004685354691075525,0.0,0.0,0.4026098901098901,0.0,3,False,85,0.05237676056338028,0.950169014084508,0.718225352112676,1.3958450704225351,27,65.0,44.0,0.07692307692307693,0.16923076923076924,0.13491422385153698,0.08342244456441164,0.06331318681318682,0.0016398741418764337,0.08178257042253521,0.04831318681318682,0.0,0.015,0.0,0.0,0.0,0.08
2.713428,76,2373.142159,hard,0.5512013729977115,2.5512013729977117,2,760,8,4,4,4,4,0,0,0,0,0.023426773455377463,0.014423076923076723,0.0,0.41689560439560375,1.0,2,True,122,0.10084507042253521,0.9154929577464812,0.7198591549295781,2.174066901408451,34,65.0,48.0,0.07692307692307693,0.18461538461538463,0.09911748204888313,0.10819937070938211,0.21002747252747245,0.008199370709382111,0.1,0.05002747252747245,0.1,0.01,0.05,0.0,0.0,0.08
2.704169,78,2408.589586,hard,0.5356979405034324,2.5356979405034323,2,778,8,4,4,4,4,0,0,0,0,0.04620709382150954,0.02527472527472527,0.2078999999999953,0.3758241758241746,0.9999999999999959,3,True,122,0.08936619718309859,0.9154929577464805,0.7033239436619719,2.1006338028169016,40,65.0,46.0,0.07692307692307693,0.2153846153846154,0.19172340579500008,0.11617248283752835,0.21009890109890056,0.016172482837528337,0.1,0.045098901098900954,0.09999999999999962,0.015,0.05,0.0,0.0,0.08
0.16002,76,2443.149765,hard,0.2147768878718535,0.2147768878718535,0,753,7,3,4,3,4,0,0,0,1,0.007282608695652109,0.013736263736263745,0.0,0.19162087912087925,0.0,1,False,173,0.15299295774647886,0.9429295774647904,0.7466760563380288,0.663468309859155,38,65.0,45.0,0.09230769230769231,0.2153846153846154,0.09911748204888313,0.07254891304347824,0.02799450549450551,0.002548913043478238,0.1,0.022994505494505508,0.0,0.005,0.0,0.0,0.03,0.08
0.361065,74,2477.034115,hard,0.337929061784897,0.337929061784897,0,734,8,4,4,4,4,0,0,0,0,0.004805491990846699,0.011538461538461579,0.0,0.553571428571428,0.0,3,False,72,0.07656690140845071,0.9695492957746479,0.7724788732394364,0.7617781690140845,39,65.0,41.0,0.07692307692307693,0.18461538461538463,0.13491422385153698,0.09510709825313438,0.08142857142857139,0.0016819221967963446,0.09342517605633803,0.06642857142857139,0.0,0.015,0.0,0.0,0.0,0.08
2.901653,83,2523.212506,hard,0.7270022883295194,2.7270022883295195,2,826,8,4,4,4,4,0,0,0,0,0.010526315789473682,0.02527472527472527,0.0,0.5917582417582405,1.0,5,True,91,0.05607394366197183,0.91549295774648,0.7065352112676059,2.617411971830986,35,65.0,40.0,0.13846153846153847,0.26153846153846155,0.05733775266807337,0.09123966827279467,0.24601098901098883,0.003684210526315789,0.08755545774647888,0.07101098901098883,0.1,0.025,0.05,0.0,0.0,0.08
0.469543,75,2557.202035,hard,0.43830091533180776,0.43830091533180776,0,747,8,4,4,4,4,0,0,0,0,0.01141304347826088,0.027403846153846178,0.0,0.5578983516483504,0.0,3,False,136,0.12253521126760564,0.9880563380281702,0.6381408450704223,0.9630105633802817,38,65.0,47.0,0.09230769230769231,0.2,0.1145020974334985,0.10399456521739131,0.08194780219780207,0.0039945652173913075,0.1,0.06694780219780207,0.0,0.015,0.0,0.0,0.0,0.08
0.469439,78,2592.199528,hard,0.48995423340961053,0.48995423340961053,0,780,8,4,4,4,4,0,0,0,0,0.013575514874141407,0.0025961538461538466,0.005599999999999759,0.4999999999999999,0.024266666666666423,4,False,46,0.036408450704225354,0.9380281690140868,0.5449295774647887,3.635739436619718,25,65.0,39.0,0.07692307692307693,0.2153846153846154,0.3302778663637453,0.0550577682341185,0.08242666666666663,0.004751430205949492,0.05030633802816901,0.05999999999999999,0.0024266666666666425,0.02,0.0,0.0,0.0,0.08
0.33977,79,2627.556603,hard,0.34401601830663614,0.34401601830663614,0,783,8,4,4,4,4,0,0,0,0,0.012208237986270045,0.029313186813186863,0.0,0.3315109890109878,0.0,2,False,98,0.07676056338028169,0.9260845070422571,0.6142816901408449,1.3640669014084508,33,65.0,49.0,0.09230769230769231,0.2,0.05733775266807337,0.10427288329519452,0.04978131868131853,0.004272883295194514,0.1,0.039781318681318525,0.0,0.01,0.0,0.0,0.0,0.08
0.432935,86,2666.043057,hard,0.41418764302059496,0.41418764302059496,0,852,8,4,4,4,4,0,0,0,0,0.012871853546910754,0.0,0.0,0.5,0.0,4,False,97,0.0679225352112676,0.9343943661971845,0.6705070422535212,1.5350528169014084,30,65.0,43.0,0.09230769230769231,0.18461538461538463,0.1145020974334985,0.10394705014986946,0.08,0.004505148741418764,0.0994419014084507,0.060000000000000005,0.0,0.02,0.0,0.0,0.0,0.08
0.150731,68,2697.502553,hard,0.3239130434782609,0.3239130434782609,0,680,3,0,3,0,3,0,0,0,5,0.0,0.0,0.0,0.28324175824175823,0.0,2,False,49,0.0351056338028169,0.926760563380284,0.6549859154929578,1.1568661971830987,17,65.0,34.0,0.09230769230769231,0.23076923076923078,0.1145020974334985,-0.06917077464788732,0.04398901098901098,0.0,0.05082922535211268,0.03398901098901098,0.0,0.01,0.0,0.0,0.12,0.08
0.506276,86,2745.230961,hard,0.45583524027459954,0.45583524027459954,0,859,8,4,4,4,4,0,0,0,0,0.034496567505720936,0.02596153846153861,0.0,0.49999999999999906,0.24266666666666667,4,False,130,0.13246478873239437,0.92923943661972,0.470169014084507,0.8987323943661972,18,65.0,50.0,0.09230769230769231,0.15384615384615385,0.09911748204888313,0.11207379862700233,0.10426666666666659,0.012073798627002325,0.1,0.059999999999999915,0.02426666666666667,0.02,0.0,0.0,0.0,0.08
0.234679,81,2781.946833,hard,0.3102974828375286,0.3102974828375286,0,801,8,4,4,4,4,0,0,0,0,0.0,0.0,0.0,0.21978021978021978,0.0,2,False,50,0.030809859154929578,0.9461408450704237,0.7907605633802824,4.1287147887323945,31,65.0,36.0,0.1076923076923077,0.24615384615384617,0.05733775266807337,0.04810739436619719,0.03637362637362637,0.0,0.04810739436619719,0.026373626373626374,0.0,0.01,0.0,0.0,0.0,0.08
0.320163,78,2817.180369,hard,0.30481121281464524,0.30481121281464524,0,772,8,4,4,4,4,0,0,0,0,0.00984553775743694,0.015851648351648373,0.0,0.45087912087912013,0.0,3,False,116,0.08457746478873239,0.9625633802816931,0.5853239436619713,0.42690140845070423,17,65.0,49.0,0.046153846153846156,0.13846153846153847,0.09911748204888313,0.10344593821510294,0.06910549450549441,0.0034459382151029285,0.1,0.054105494505494414,0.0,0.015,0.0,0.0,0.0,0.08
0.262902,74,2853.744467,hard,0.2562013729977117,0.2562013729977117,0,734,8,4,4,4,4,0,0,0,0,0.026790617848970095,0.018461538461538307,0.0,0.3679120879120871,0.0,2,False,83,0.0734330985915493,0.9573521126760571,0.662929577464788,0.5957218309859155,25,65.0,35.0,0.1076923076923077,0.26153846153846155,0.1145020974334985,0.10595154019080151,0.05414945054945044,0.009376716247139535,0.09657482394366197,0.044149450549450436,0.0,0.01,0.0,0.0,0.0,0.08
0.257793,77,2889.16942,hard,0.30118993135011435,0.30118993135011435,0,765,8,4,4,4,4,0,0,0,0,0.005766590389015968,0.005480769230769025,0.0,0.2617994505494503,0.0,2,False,58,0.054225352112676053,0.932394366197184,0.759098591549296,1.2919542253521126,50,65.0,44.0,0.046153846153846156,0.13846153846153847,0.09911748204888313,0.07168732072066264,0.041415934065934044,0.002018306636155589,0.06966901408450706,0.03141593406593404,0.0,0.01,0.0,0.0,0.0,0.08
0.323577,78,2923.436438,hard,0.3336670480549199,0.3336670480549199,0,771,8,4,4,4,4,0,0,0,0,0.000600686498855842,0.0014423076923077084,0.0,0.30666208791208793,0.0,2,False,192,0.14450704225352112,0.9479436619718309,0.7467042253521122,1.725475352112676,37,65.0,42.0,0.07692307692307693,0.18461538461538463,0.2220630225397998,0.10021024027459954,0.046799450549450554,0.00021024027459954467,0.1,0.03679945054945055,0.0,0.01,0.0,0.0,0.0,0.08
1.640219,79,2958.604419,hard,0.47231121281464533,1.4723112128146454,1,786,8,4,4,4,4,0,0,0,0,0.012974828375285758,0.014134615384615449,0.04129999999999821,0.47472527472527404,1.0,3,True,95,0.10419014084507042,0.92112676056338,0.84169014084507,2.3785387323943663,34,65.0,41.0,0.07692307692307693,0.2153846153846154,0.09911748204888313,0.10454118993135002,0.22196703296703285,0.004541189931350015,0.1,0.05696703296703289,0.09999999999999999,0.015,0.05,0.0,0.0,0.08
0.464139,75,3000.484759,hard,0.43425629290617856,0.43425629290617856,0,746,8,4,4,4,4,0,0,0,0,0.010572082379862766,0.025384615384615544,0.0,0.5481868131868121,0.0,3,False,96,0.1115492957746479,0.9501690140845083,0.7159436619718312,1.5236619718309858,35,65.0,53.0,0.06153846153846154,0.15384615384615385,0.15610566617587138,0.10370022883295198,0.08078241758241743,0.0037002288329519677,0.1,0.06578241758241743,0.0,0.015,0.0,0.0,0.0,0.08
0.480833,80,3036.821089,hard,0.4465675057208238,0.4465675057208238,0,799,8,4,4,4,4,0,0,0,0,0.01381578947368427,0.03317307692307707,0.0,0.5777472527472517,0.0,4,False,93,0.09496478873239436,0.9873802816901415,0.6689295774647886,1.8237323943661972,20,65.0,44.0,0.06153846153846154,0.15384615384615385,0.09911748204888313,0.1048355263157895,0.08932967032967022,0.004835526315789493,0.1,0.06932967032967022,0.0,0.02,0.0,0.0,0.0,0.08
1.590564,84,3076.197467,hard,0.5403661327231117,1.5403661327231117,1,833,8,4,4,4,4,0,0,0,0,0.02330663615560608,0.0340384615384617,0.0,0.6695054945054952,0.0,5,False,192,0.1707042253521127,0.9501126760563389,0.7784788732394369,1.9040845070422536,36,65.0,40.0,0.06153846153846154,0.18461538461538463,-0.0,0.10815732265446214,0.10534065934065945,0.008157322654462127,0.1,0.08034065934065944,0.0,0.025,0.0,0.0,0.0,0.08
0.237582,73,3110.897087,hard,0.33352402745995424,0.33352402745995424,0,727,5,1,4,1,4,0,0,0,3,0.0,0.0,0.0,0.30631868131868134,0.0,2,False,181,0.15792253521126762,0.9260845070422544,0.7041690140845074,1.6428169014084506,29,65.0,47.0,0.09230769230769231,0.2,0.05733775266807337,0.010000000000000009,0.04675824175824175,0.0,0.1,0.03675824175824175,0.0,0.01,0.0,0.0,0.09,0.08
2.77561,77,3146.014843,hard,0.5942677345537758,2.594267734553776,2,769,8,4,4,4,4,0,0,0,0,0.030875286041189477,0.013846153846153997,0.146299999999997,0.5203021978021972,0.999999999999997,3,True,158,0.13338028169014085,0.9360000000000027,0.704169014084507,1.7341197183098591,30,65.0,43.0,0.09230769230769231,0.2153846153846154,0.05733775266807337,0.11080635011441632,0.22743626373626336,0.010806350114416316,0.1,0.062436263736263646,0.09999999999999973,0.015,0.05,0.0,0.0,0.08
0.434169,77,3180.361685,hard,0.409445080091533,0.409445080091533,0,767,8,4,4,4,4,0,0,0,0,0.003724256292906018,0.003173076923076786,0.013999999999999397,0.43572802197802185,0.12833333333333272,3,False,158,0.1298943661971831,0.9211267605633817,0.8500845070422545,1.3495598591549296,52,65.0,40.0,0.1076923076923077,0.26153846153846155,-0.0,0.10130348970251711,0.08012069597069588,0.0013034897025171062,0.1,0.052287362637362604,0.012833333333333273,0.015,0.0,0.0,0.0,0.08
0.383075,81,3216.763911,hard,0.37551487414187645,0.37551487414187645,0,808,8,4,4,4,4,0,0,0,0,0.027151029748283515,0.01067307692307694,0.0,0.40714285714285664,0.0,2,False,238,0.1990492957746479,0.9460845070422542,0.7568732394366197,1.296073943661972,26,65.0,51.0,0.046153846153846156,0.12307692307692308,0.16676100196548832,0.10950286041189923,0.0588571428571428,0.00950286041189923,0.1,0.0488571428571428,0.0,0.01,0.0,0.0,0.0,0.08
0.528538,79,3262.116308,hard,0.4722997711670477,0.4722997711670477,0,788,8,4,4,4,4,0,0,0,0,0.031069794050342932,0.03594780219780226,0.05669999999999755,0.5382829670329653,0.24569999999999753,3,False,187,0.15179577464788732,0.9332676056338047,0.7395774647887325,1.4156514084507041,33,65.0,47.0,0.046153846153846156,0.13846153846153847,0.15610566617587138,0.11087442791762003,0.10416395604395562,0.010874427917620026,0.1,0.06459395604395586,0.024569999999999755,0.015,0.0,0.0,0.0,0.08
2.765415,84,3301.4066,hard,0.585812356979405,2.585812356979405,2,836,8,4,4,4,4,0,0,0,0,0.037723112128146274,0.0,0.14209999999999814,0.5,0.9999999999999959,4,True,135,0.09628521126760563,0.9340845070422537,0.8019154929577462,1.4932570422535212,35,65.0,40.0,0.16923076923076924,0.3230769230769231,0.23296603544749966,0.1132030892448512,0.2299999999999996,0.013203089244851196,0.1,0.06,0.09999999999999959,0.02,0.05,0.0,0.0,0.08
2.777364,81,3339.428619,hard,0.5962242562929062,2.5962242562929063,2,805,8,4,4,4,4,0,0,0,0,0.02468535469107548,0.0,0.0,0.525,1.0,4,True,106,0.0653169014084507,0.9470140845070419,0.830732394366197,4.118978873239437,38,65.0,47.0,0.07692307692307693,0.16923076923076924,0.1956217818146278,0.10863987414187642,0.23299999999999998,0.008639874141876417,0.1,0.063,0.1,0.02,0.05,0.0,0.0,0.08
0.529077,84,3380.957098,hard,0.46360983981693277,0.46360983981693277,0,831,8,4,4,4,4,0,0,0,0,0.038323798627001124,0.0034615384615384595,0.1182999999999949,0.4074175824175823,0.5126333333333282,3,False,160,0.10623239436619718,0.944478873239437,0.8271830985915488,1.4959507042253521,40,65.0,46.0,0.07692307692307693,0.16923076923076924,0.13491422385153698,0.11341332951945039,0.1151534432234427,0.013413329519450392,0.1,0.048890109890109876,0.05126333333333283,0.015,0.0,0.0,0.0,0.08
0.444094,82,3422.487752,hard,0.4212814645308922,0.4212814645308922,0,819,8,4,4,4,4,0,0,0,0,0.009130434782608563,0.013269230769230827,0.020999999999999092,0.4795329670329667,0.0909999999999991,3,False,77,0.08183098591549295,0.9501126760563389,0.7873802816901405,2.0516021126760564,29,65.0,49.0,0.06153846153846154,0.15384615384615385,0.05733775266807337,0.10306889161053273,0.08164395604395591,0.003195652173912997,0.09987323943661973,0.057543956043956006,0.00909999999999991,0.015,0.0,0.0,0.0,0.08
2.747986,81,3463.478823,hard,0.5583638443935928,2.5583638443935928,2,802,8,4,4,4,4,0,0,0,0,0.05149313501144068,0.02873626373626377,0.23029999999999431,0.5149999999999986,0.9999999999999961,4,True,96,0.10225352112676056,0.9366760563380282,0.7805633802816901,2.902799295774648,45,65.0,41.0,0.09230769230769231,0.23076923076923078,0.16676100196548832,0.11802259725400424,0.2317999999999994,0.018022597254004236,0.1,0.061799999999999834,0.09999999999999959,0.02,0.05,0.0,0.0,0.08
0.287569,76,3509.863744,hard,0.3282608695652174,0.3282608695652174,0,759,8,4,4,4,4,0,0,0,0,0.03221395881006874,0.020480769230769347,0.0,0.2936813186813177,0.0,2,False,61,0.03758802816901408,0.9694366197183125,0.7020281690140837,0.8769542253521126,33,65.0,45.0,0.06153846153846154,0.16923076923076924,-0.0,0.06996590671028463,0.045241758241758134,0.01127488558352406,0.05869102112676056,0.03524175824175813,0.0,0.01,0.0,0.0,0.0,0.08
0.478671,78,3549.965712,hard,0.4027917620137295,0.4027917620137295,0,771,8,4,4,4,4,0,0,0,0,0.023140732265445763,0.030178571428571416,0.061599999999997344,0.6098901098901106,0.2669333333333307,5,False,100,0.07799295774647887,0.9553802816901421,0.7225915492957743,0.7419894366197183,39,65.0,46.0,0.09230769230769231,0.2153846153846154,0.15610566617587138,0.10809925629290602,0.12488014652014637,0.008099256292906018,0.1,0.07318681318681329,0.026693333333333073,0.025,0.0,0.0,0.0,0.08
2.746723,83,3593.350083,hard,0.5738844393592677,2.5738844393592677,2,826,8,4,4,4,4,0,0,0,0,0.03964530892448523,0.0510576923076927,0.10709999999999967,0.47135989010988844,0.9999999999999959,3,True,136,0.09690140845070423,0.9428732394366203,0.7848732394366197,1.493468309859155,36,65.0,47.0,0.046153846153846156,0.13846153846153847,0.15610566617587138,0.11387585812356983,0.2215631868131862,0.013875858123569828,0.1,0.056563186813186624,0.09999999999999958,0.015,0.05,0.0,0.0,0.08
0.362108,78,3635.162285,hard,0.33776315789473654,0.33776315789473654,0,778,8,4,4,4,4,0,0,0,0,0.006127002288329255,0.0,0.0,0.5,0.0,4,False,146,0.1276232394366197,0.9364225352112676,0.7486478873239436,1.2922535211267605,30,65.0,46.0,0.07692307692307693,0.2,0.15610566617587138,0.10214445080091525,0.08,0.002144450800915239,0.1,0.06,0.0,0.02,0.0,0.0,0.0,0.08
0.105042,73,3673.47458,hard,0.21137299771167045,0.21137299771167045,0,729,5,1,4,1,4,0,0,0,3,0.000961098398169334,0.002307692307692302,0.0,0.26027472527472517,0.0,1,False,108,0.07605633802816901,0.9421971830985921,0.8083943661971836,0.7945422535211267,35,65.0,47.0,0.06153846153846154,0.16923076923076924,0.05733775266807337,0.010336384439359275,0.03623296703296703,0.00033638443935926686,0.1,0.031232967032967032,0.0,0.005,0.0,0.0,0.09,0.08
0.259314,75,3713.498486,hard,0.30902173913043485,0.30902173913043485,0,747,7,3,4,3,4,0,0,0,1,0.0008409610983981592,0.0020192307692307445,0.0,0.24748626373626365,0.0,1,False,135,0.12084507042253521,0.9211267605633828,0.6216619718309853,0.7782394366197183,18,65.0,45.0,0.07692307692307693,0.16923076923076924,0.15610566617587138,0.07029433638443937,0.034698351648351625,0.00029433638443935564,0.1,0.029698351648351624,0.0,0.005,0.0,0.0,0.03,0.08
2.758723,78,3763.496075,hard,0.5777402745995422,2.577740274599542,2,777,8,4,4,4,4,0,0,0,0,0.03145308924485127,0.025384615384615204,0.0,0.4806181318681307,1.0,4,True,128,0.10940140845070423,0.9292394366197193,0.8162535211267615,3.1053345070422536,34,65.0,51.0,0.046153846153846156,0.13846153846153847,0.1956217818146278,0.11100858123569796,0.2276741758241757,0.011008581235697944,0.1,0.05767417582417569,0.1,0.02,0.05,0.0,0.0,0.08
2.841363,78,3804.183958,hard,0.6425114416475972,2.6425114416475974,2,775,8,4,4,4,4,0,0,0,0,0.020755148741418747,0.03767857142857147,0.0,0.6173901098901107,1.0,5,True,151,0.1290669014084507,0.9436619718309853,0.8044507042253521,4.091654929577465,35,65.0,49.0,0.06153846153846154,0.16923076923076924,0.05733775266807337,0.10726430205949657,0.2490868131868133,0.007264302059496561,0.1,0.0740868131868133,0.09999999999999999,0.025,0.05,0.0,0.0,0.08
1.584059,78,3844.978192,hard,0.5041762013729977,1.5041762013729976,1,774,8,4,4,4,4,0,0,0,0,0.02198512585812328,0.027692307692307936,0.0,0.43145604395604387,0.6906666666666667,3,False,92,0.06366197183098592,0.9388450704225357,0.7383098591549294,2.3842781690140846,40,65.0,44.0,0.07692307692307693,0.2,0.09911748204888313,0.1014412729235826,0.13584139194139194,0.007694794050343147,0.09374647887323945,0.05177472527472525,0.06906666666666668,0.015,0.0,0.0,0.0,0.08
0.450431,81,3885.95517,hard,0.4003203661327229,0.4003203661327229,0,801,8,4,4,4,4,0,0,0,0,0.014176201372997561,0.02365384615384624,0.0,0.4506868131868121,0.3616666666666667,3,False,163,0.13700704225352112,0.9260845070422544,0.6619154929577461,1.0931338028169013,32,65.0,42.0,0.06153846153846154,0.16923076923076924,0.16676100196548832,0.10496167048054915,0.1052490842490841,0.004961670480549146,0.1,0.05408241758241743,0.036166666666666666,0.015,0.0,0.0,0.0,0.08
0.420827,78,3926.022135,hard,0.3930663615560637,0.3930663615560637,0,780,8,4,4,4,4,0,0,0,0,0.016458810068649507,0.011250000000000024,0.0,0.4999999999999995,0.0,4,False,168,0.12971830985915492,0.9512957746478887,0.6694929577464785,0.8206866197183098,37,65.0,43.0,0.09230769230769231,0.2,0.24835065083211508,0.10576058352402733,0.07999999999999993,0.005760583524027327,0.1,0.059999999999999935,0.0,0.02,0.0,0.0,0.0,0.08
2.987094,100,3976.870652,hard,0.7845251716247139,2.784525171624714,2,991,8,4,4,4,4,0,0,0,0,0.04024027459954209,0.04152472527472532,0.0,0.7298763736263726,1.0,6,True,144,0.10183098591549296,0.9154929577464821,0.6442535211267609,2.8616021126760565,26,65.0,49.0,0.07692307692307693,0.18461538461538463,0.09911748204888313,0.11408409610983973,0.2675851648351648,0.014084096109839728,0.1,0.08758516483516478,0.1,0.030000000000000002,0.05,0.0,0.0,0.08
0.389581,78,4011.166895,hard,0.35442791762013676,0.35442791762013676,0,775,8,4,4,4,4,0,0,0,0,0.01717963386727629,0.008365384615384604,0.052499999999997736,0.407417582417582,0.22749999999999773,3,False,132,0.11461267605633803,0.949295774647887,0.8375774647887325,1.4429929577464788,39,65.0,41.0,0.07692307692307693,0.2,0.21291484811933445,0.10601287185354671,0.08664010989010962,0.0060128718535467016,0.1,0.04889010989010985,0.022749999999999774,0.015,0.0,0.0,0.0,0.08
2.825147,89,4064.294068,hard,0.631578947368421,2.6315789473684212,2,882,8,4,4,4,4,0,0,0,0,0.03880434782608668,0.06086538461538482,0.0,0.6098901098901072,1.0,5,True,157,0.13713028169014085,0.9154929577464792,0.8233802816901412,2.5950528169014087,42,65.0,44.0,0.09230769230769231,0.2153846153846154,0.09911748204888313,0.11358152173913034,0.2481868131868129,0.01358152173913034,0.1,0.0731868131868129,0.1,0.025,0.05,0.0,0.0,0.08
2.673388,77,4102.263325,hard,0.539691075514874,2.539691075514874,2,761,8,4,4,4,4,0,0,0,0,0.010692219679633899,0.010961538461538486,0.03570000000000015,0.3892582417582413,0.9999999999999983,2,True,68,0.06045774647887324,0.9154929577464794,0.784056338028169,3.195669014084507,41,65.0,51.0,0.06153846153846154,0.15384615384615385,0.13491422385153698,0.08308558674702679,0.20671098901098878,0.003742276887871864,0.07934330985915493,0.04671098901098895,0.09999999999999983,0.01,0.05,0.0,0.0,0.08
0.220444,72,4137.776091,hard,0.27239702517162473,0.27239702517162473,0,714,6,2,4,2,4,0,0,0,2,0.001802059496567502,0.004326923076923068,0.0,0.4067994505494504,0.0,2,False,126,0.1043838028169014,0.9348732394366228,0.607464788732394,0.9252992957746479,17,65.0,42.0,0.15384615384615385,0.27692307692307694,0.25206405738510845,0.040630720823798636,0.058815934065934064,0.0006307208237986255,0.1,0.04881593406593406,0.0,0.01,0.0,0.0,0.06,0.08
1.66132,79,4177.381476,hard,0.4943363844393593,1.4943363844393593,1,790,8,4,4,4,4,0,0,0,0,0.040486270022882416,0.009230769230769332,0.2134999999999946,0.3901098901098896,0.9999999999999963,3,True,144,0.10183098591549296,0.9154929577464795,0.8432112676056344,2.2590845070422536,43,65.0,41.0,0.09230769230769231,0.24615384615384617,0.09911748204888313,0.11417019450800885,0.2118131868131864,0.014170194508008842,0.1,0.046813186813186754,0.09999999999999963,0.015,0.05,0.0,0.0,0.08
0.526449,81,4217.055794,hard,0.46372997711670483,0.46372997711670483,0,809,8,4,4,4,4,0,0,0,0,0.03207665903890156,0.03144230769230782,0.0,0.430494505494504,0.4573333333333333,3,False,116,0.07528169014084507,0.9526478873239465,0.6335211267605632,1.8860915492957746,32,65.0,51.0,0.07692307692307693,0.18461538461538463,0.16676100196548832,0.11122683066361555,0.11239267399267379,0.011226830663615546,0.1,0.051659340659340455,0.04573333333333334,0.015,0.0,0.0,0.0,0.08
0.532593,80,4255.155679,hard,0.47276887871853546,0.47276887871853546,0,800,8,4,4,4,4,0,0,0,0,0.040486270022882784,0.025096153846153588,0.0,0.6098901098901092,0.07466666666666667,5,False,110,0.08845070422535212,0.9461408450704251,0.6055492957746474,0.9020774647887324,33,65.0,46.0,0.06153846153846154,0.15384615384615385,0.16676100196548832,0.11417019450800897,0.10565347985347973,0.014170194508008972,0.1,0.07318681318681307,0.007466666666666667,0.025,0.0,0.0,0.0,0.08
0.367259,80,4301.661394,hard,0.36310068649885585,0.36310068649885585,0,797,8,4,4,4,4,0,0,0,0,0.02450800915331815,0.02105769230769243,0.0,0.37733516483516377,0.0,2,False,167,0.14165492957746478,0.9501126760563384,0.8065633802816906,1.1401056338028168,40,65.0,51.0,0.06153846153846154,0.13846153846153847,0.05733775266807337,0.10857780320366135,0.05528021978021966,0.008577803203661352,0.1,0.045280219780219656,0.0,0.01,0.0,0.0,0.0,0.08
2.714678,77,4340.159511,hard,0.5533180778032036,2.553318077803204,2,768,8,4,4,4,4,0,0,0,0,0.007208237986269952,0.01730769230769214,0.0,0.42197802197802126,1.0,3,True,147,0.09058098591549296,0.9319154929577483,0.6935774647887328,2.068080985915493,36,65.0,42.0,0.07692307692307693,0.2153846153846154,0.15610566617587138,0.10252288329519449,0.21563736263736255,0.0025228832951944826,0.1,0.05063736263736254,0.1,0.015,0.05,0.0,0.0,0.08
1.612272,79,4378.134792,hard,0.5155091533180773,1.5155091533180773,1,781,8,4,4,4,4,0,0,0,0,0.03581807780320318,0.0,0.07069999999999695,0.43241758241758244,0.7543666666666636,3,False,140,0.12338028169014084,0.9557464788732405,0.7756901408450702,2.2980281690140845,32,65.0,45.0,0.06153846153846154,0.15384615384615385,0.24835065083211508,0.11253632723112111,0.14232677655677622,0.012536327231121113,0.1,0.051890109890109885,0.07543666666666636,0.015,0.0,0.0,0.0,0.08
2.724626,75,4413.22931,hard,0.557282608695652,2.557282608695652,2,748,8,4,4,4,4,0,0,0,0,0.020062929061784474,0.021057692307691948,0.0,0.4314972527472518,1.0,3,True,92,0.0697887323943662,0.9267605633802836,0.818732394366198,2.0718133802816903,38,65.0,43.0,0.07692307692307693,0.2,0.16676100196548832,0.10536357446739923,0.21677967032967022,0.0070220251716245664,0.09834154929577467,0.051779670329670215,0.1,0.015,0.05,0.0,0.0,0.08
1.589165,79,4451.455432,hard,0.549919908466819,1.5499199084668192,1,781,8,4,4,4,4,0,0,0,0,0.04445080091533133,0.0,0.025199999999998914,0.5317307692307692,0.11386666666666558,4,False,90,0.05545774647887324,0.9429859154929581,0.6132676056338027,2.092676056338028,27,65.0,47.0,0.046153846153846156,0.13846153846153847,0.2220630225397998,0.10215109017952091,0.09519435897435885,0.015557780320365967,0.08659330985915495,0.06380769230769229,0.011386666666666559,0.02,0.0,0.0,0.0,0.08
0.223405,76,4489.234081,hard,0.30493707093821515,0.30493707093821515,0,756,6,2,4,2,4,0,0,0,2,0.0015617848970251888,0.003750000000000041,0.0,0.23767857142857138,0.0,1,False,142,0.127306338028169,0.9154929577464813,0.592845070422535,0.8203521126760563,21,65.0,44.0,0.09230769230769231,0.2,0.13491422385153698,0.040546624713958826,0.03352142857142857,0.000546624713958816,0.1,0.028521428571428573,0.0,0.005,0.0,0.0,0.06,0.08
0.217286,72,4523.580086,hard,0.291578947368421,0.291578947368421,0,720,6,2,4,2,4,0,0,0,2,0.0021624713958810094,0.0,0.0,0.2245879120879121,0.0,2,False,101,0.08625,0.933267605633804,0.7932676056338033,1.0671478873239437,38,65.0,50.0,0.07692307692307693,0.16923076923076924,0.13491422385153698,0.040756864988558364,0.03695054945054945,0.0007568649885583533,0.1,0.026950549450549453,0.0,0.01,0.0,0.0,0.06,0.08
0.345884,76,4567.849582,hard,0.31481693363844393,0.31481693363844393,0,758,8,4,4,4,4,0,0,0,0,0.016653318077803254,0.039986263736263856,0.0,0.5086538461538442,0.0,4,False,190,0.1421830985915493,0.9727887323943664,0.7802253521126759,1.5270774647887324,39,65.0,41.0,0.09230769230769231,0.18461538461538463,0.1145020974334985,0.10582866132723115,0.08103846153846131,0.005828661327231139,0.1,0.061038461538461306,0.0,0.02,0.0,0.0,0.0,0.08
2.793319,82,4606.3669,hard,0.6300457665903888,2.630045766590389,2,816,8,4,4,4,4,0,0,0,0,0.02078375286041173,0.023365384615384763,0.0,0.43832417582417466,1.0,3,True,120,0.08704225352112677,0.938028169014084,0.7323943661971831,4.976338028169014,35,65.0,49.0,0.07692307692307693,0.16923076923076924,0.21291484811933445,0.10727431350114411,0.21759890109890095,0.0072743135011441055,0.1,0.05259890109890095,0.1,0.015,0.05,0.0,0.0,0.08
0.371589,79,4644.552582,hard,0.3336441647597251,0.3336441647597251,0,787,8,4,4,4,4,0,0,0,0,0.016653318077802886,0.022390109890109887,0.04269999999999816,0.47760989010988897,0.1850333333333315,3,False,94,0.08605633802816902,0.931718309859157,0.6685070422535209,1.158450704225352,36,65.0,47.0,0.046153846153846156,0.12307692307692308,0.09911748204888313,0.10582866132723101,0.09081652014651982,0.00582866132723101,0.1,0.05731318681318668,0.01850333333333315,0.015,0.0,0.0,0.0,0.08
0.39545,73,4681.941686,hard,0.4043821510297483,0.4043821510297483,0,722,7,3,4,3,4,0,0,0,1,0.0031235697940503776,0.007500000000000082,0.0,0.47645604395604363,0.0,3,False,138,0.11068661971830986,0.9220000000000005,0.7338309859154928,1.199524647887324,39,65.0,39.0,0.07692307692307693,0.2153846153846154,0.1145020974334985,0.07109324942791764,0.07217472527472524,0.001093249427917632,0.1,0.05717472527472523,0.0,0.015,0.0,0.0,0.03,0.08
0.28344,76,4719.905518,hard,0.3010869565217391,0.3010869565217391,0,759,8,4,4,4,4,0,0,0,0,0.002402745995423338,0.0,0.0,0.22843406593406593,0.0,2,False,129,0.10514084507042254,0.9341971830985915,0.6863943661971826,1.5483098591549296,39,65.0,48.0,0.046153846153846156,0.13846153846153847,0.05733775266807337,0.10084096109839817,0.037412087912087916,0.0008409610983981682,0.1,0.027412087912087914,0.0,0.01,0.0,0.0,0.0,0.08
0.4052,80,4758.958046,hard,0.38592677345537757,0.38592677345537757,0,800,8,4,4,4,4,0,0,0,0,0.024147597254004387,0.0051923076923077495,0.0,0.35906593406593407,0.17733333333333334,2,False,125,0.11140845070422535,0.9774647887323953,0.6550422535211267,1.9241021126760562,26,65.0,51.0,0.046153846153846156,0.13846153846153847,0.05733775266807337,0.10845165903890154,0.0708212454212454,0.008451659038901533,0.1,0.04308791208791208,0.017733333333333334,0.01,0.0,0.0,0.0,0.08
2.696705,82,4807.333092,hard,0.5224885583524024,2.5224885583524026,2,820,8,4,4,4,4,0,0,0,0,0.06415331807780225,0.02451923076923093,0.21769999999999418,0.40635989010988893,0.9999999999999966,3,True,140,0.0993661971830986,0.9582253521126759,0.7806760563380283,1.8079401408450704,25,65.0,48.0,0.046153846153846156,0.13846153846153847,0.09911748204888313,0.12245366132723079,0.21376318681318635,0.02245366132723079,0.1,0.04876318681318667,0.09999999999999966,0.015,0.05,0.0,0.0,0.08
0.423774,78,4845.087317,hard,0.4266075514874142,0.4266075514874142,0,774,8,4,4,4,4,0,0,0,0,0.03045194508009133,0.0002884615384615261,0.0,0.2825686813186813,0.0,2,False,163,0.14191901408450705,0.9691267605633822,0.6665633802816905,1.5790845070422534,28,65.0,44.0,0.06153846153846154,0.13846153846153847,0.05733775266807337,0.11065818077803197,0.043908241758241755,0.010658180778031967,0.1,0.03390824175824175,0.0,0.01,0.0,0.0,0.0,0.08
1.496995,82,4884.95931,hard,0.5120137299771167,1.5120137299771166,1,814,8,4,4,4,4,0,0,0,0,0.006967963386727486,0.004326923076923124,0.0,0.4876373626373626,0.0,4,False,68,0.041901408450704225,0.9236056338028172,0.6228169014084506,1.1017957746478872,39,65.0,52.0,0.06153846153846154,0.12307692307692308,0.13491422385153698,0.06786484352338279,0.07851648351648352,0.0024387871853546197,0.06542605633802817,0.058516483516483524,0.0,0.02,0.0,0.0,0.0,0.08
0.460607,75,4923.571523,hard,0.44655034324942794,0.44655034324942794,0,744,8,4,4,4,4,0,0,0,0,0.018981693363844497,0.0,0.0,0.3901098901098901,0.0,3,False,110,0.10161971830985915,0.9267605633802823,0.7532112676056341,2.0817781690140844,38,65.0,43.0,0.09230769230769231,0.2,0.05733775266807337,0.10664359267734558,0.0618131868131868,0.006643592677345574,0.1,0.0468131868131868,0.0,0.015,0.0,0.0,0.0,0.08
0.341157,76,5065.629853,hard,0.3160240274599542,0.3160240274599542,0,755,8,4,4,4,4,0,0,0,0,0.014176201372997795,0.03288461538461564,0.0,0.505590659340658,0.0,3,False,138,0.11832746478873239,0.946901408450706,0.8484225352112688,1.2380281690140844,33,65.0,42.0,0.1076923076923077,0.23076923076923078,0.16676100196548832,0.10496167048054923,0.07567087912087897,0.004961670480549228,0.1,0.06067087912087897,0.0,0.015,0.0,0.0,0.0,0.08
0.492206,81,5251.619284,hard,0.47980549199084666,0.47980549199084666,0,805,8,4,4,4,4,0,0,0,0,0.02025743707093832,0.02527472527472527,0.0,0.49505494505494413,0.0,3,False,95,0.058538732394366196,0.9335211267605652,0.5549577464788731,2.2735211267605635,28,65.0,49.0,0.046153846153846156,0.13846153846153847,0.1956217818146278,0.09849415227060307,0.07440659340659327,0.007090102974828412,0.09140404929577466,0.05940659340659327,0.0,0.015,0.0,0.0,0.0,0.08
2.676839,77,5418.738416,hard,0.5387414187643021,2.5387414187643023,2,762,8,4,4,4,4,0,0,0,0,0.022322654462242634,0.012115384615384748,0.0,0.38697802197802145,1.0,3,True,78,0.04806338028169014,0.9574084507042263,0.6465070422535215,2.3341901408450703,30,65.0,43.0,0.07692307692307693,0.18461538461538463,0.15610566617587138,0.08286046427305252,0.21143736263736257,0.00781292906178492,0.0750475352112676,0.046437362637362575,0.1,0.015,0.05,0.0,0.0,0.08
0.442094,80,6027.800911,hard,0.41418764302059496,0.41418764302059496,0,792,8,4,4,4,4,0,0,0,0,0.02030320366132709,0.0,0.0,0.5,0.0,4,False,116,0.09383802816901408,0.9478873239436624,0.7489577464788728,2.0148591549295776,33,65.0,45.0,0.06153846153846154,0.16923076923076924,0.16676100196548832,0.10710612128146449,0.08,0.007106121281464481,0.1,0.06,0.0,0.02,0.0,0.0,0.0,0.08
0.449273,82,6070.44319,hard,0.44181922196796336,0.44181922196796336,0,818,8,4,4,4,4,0,0,0,0,0.0070881006864988915,0.017019230769230856,0.0,0.5317307692307685,0.0,4,False,66,0.06661971830985916,0.9526478873239453,0.6482535211267604,2.6311971830985916,29,65.0,41.0,0.13846153846153847,0.3076923076923077,0.09911748204888313,0.08544562397266897,0.08380769230769221,0.0024808352402746125,0.08296478873239437,0.0638076923076922,0.0,0.02,0.0,0.0,0.0,0.08
0.301901,75,6109.881005,hard,0.34393592677345536,0.34393592677345536,0,750,7,3,4,3,4,0,0,0,1,0.0024027459954233154,0.005769230769230708,0.0,0.3313186813186811,0.0,2,False,96,0.059154929577464786,0.9154929577464804,0.7418591549295775,1.606830985915493,28,65.0,48.0,0.06153846153846154,0.16923076923076924,0.1145020974334985,0.06320715828149677,0.049758241758241735,0.0008409610983981603,0.0923661971830986,0.03975824175824173,0.0,0.01,0.0,0.0,0.03,0.08
0.381233,74,6147.074645,hard,0.3712242562929062,0.3712242562929062,0,740,8,4,4,4,4,0,0,0,0,0.003964530892448513,0.00951923076923077,0.0,0.39684065934065893,0.0,3,False,141,0.1168838028169014,0.9204507042253549,0.6665915492957748,1.0005633802816902,34,65.0,42.0,0.06153846153846154,0.16923076923076924,0.15610566617587138,0.10138758581235699,0.06262087912087907,0.0013875858123569792,0.1,0.04762087912087908,0.0,0.015,0.0,0.0,0.0,0.08
0.379984,77,6185.752545,hard,0.3716247139588101,0.3716247139588101,0,769,8,4,4,4,4,0,0,0,0,0.007208237986270063,0.0,0.0,0.3978021978021978,0.0,3,False,120,0.08704225352112677,0.9602816901408465,0.6628450704225347,1.5963028169014084,32,65.0,46.0,0.07692307692307693,0.16923076923076924,0.05733775266807337,0.10252288329519453,0.06273626373626373,0.002522883295194522,0.1,0.04773626373626374,0.0,0.015,0.0,0.0,0.0,0.08
2.731755,79,6224.891176,hard,0.5638100686498856,2.5638100686498855,2,782,8,4,4,4,4,0,0,0,0,0.02138443935926777,0.05134615384615393,0.0,0.4471703296703273,1.0,3,True,164,0.10105633802816902,0.9154929577464795,0.8398309859154933,3.8691549295774648,41,65.0,44.0,0.07692307692307693,0.2,-0.0,0.10748455377574373,0.21866043956043923,0.007484553775743719,0.1,0.05366043956043927,0.09999999999999999,0.015,0.05,0.0,0.0,0.08
0.387589,79,6282.378025,hard,0.37242562929061784,0.37242562929061784,0,787,8,4,4,4,4,0,0,0,0,0.031132723112128235,0.01788461538461548,0.0,0.39972527472527386,0.0,3,False,102,0.09232394366197183,0.9461408450704222,0.7116056338028166,2.7520774647887323,35,65.0,46.0,0.06153846153846154,0.15384615384615385,0.1145020974334985,0.1108964530892449,0.06296703296703288,0.010896453089244883,0.1,0.04796703296703287,0.0,0.015,0.0,0.0,0.0,0.08
0.361967,79,6322.621568,hard,0.35675057208237987,0.35675057208237987,0,785,8,4,4,4,4,0,0,0,0,0.029330663615560727,0.013557692307692411,0.0,0.3620879120879114,0.0,2,False,144,0.12633802816901407,0.9373521126760583,0.541183098591549,0.954718309859155,24,65.0,41.0,0.07692307692307693,0.18461538461538463,-0.0,0.11026573226544625,0.053450549450549376,0.010265732265446253,0.1,0.043450549450549374,0.0,0.01,0.0,0.0,0.0,0.08
2.822099,76,6361.522149,hard,0.6230549199084668,2.623054919908467,2,751,8,4,4,4,4,0,0,0,0,0.038323798627001596,0.01730769230769214,0.18129999999999638,0.5894230769230775,0.9999999999999961,4,True,140,0.0993661971830986,0.9211267605633805,0.8255774647887323,2.2504577464788733,39,65.0,42.0,0.06153846153846154,0.16923076923076924,0.05733775266807337,0.11341332951945056,0.24073076923076892,0.013413329519450557,0.1,0.0707307692307693,0.0999999999999996,0.02,0.05,0.0,0.0,0.08
0.445549,73,6397.81984,hard,0.41539473684210526,0.41539473684210526,0,723,8,4,4,4,4,0,0,0,0,0.020303203661326867,0.024519230769230935,0.0,0.5028983516483505,0.0,3,False,106,0.10077464788732395,0.9429859154929597,0.6540563380281686,1.3777288732394366,46,65.0,44.0,0.06153846153846154,0.16923076923076924,0.15610566617587138,0.1071061212814644,0.07534780219780207,0.007106121281464403,0.1,0.060347802197802065,0.0,0.015,0.0,0.0,0.0,0.08
1.623411,78,6437.643511,hard,0.4783180778032037,1.4783180778032037,1,776,8,4,4,4,4,0,0,0,0,0.03904462242562842,0.02278846153846168,0.17219999999999458,0.2418956043956034,0.9999999999999982,2,True,117,0.0857394366197183,0.9486197183098599,0.80343661971831,3.7214084507042253,45,65.0,38.0,0.09230769230769231,0.24615384615384617,0.05733775266807337,0.11366561784896995,0.18902747252747226,0.013665617848969946,0.1,0.029027472527472408,0.09999999999999984,0.01,0.05,0.0,0.0,0.08
0.176441,74,6474.796523,hard,0.29028032036613277,0.29028032036613277,0,736,5,1,4,1,4,0,0,0,3,0.001321510297482852,0.003173076923076958,0.0,0.2024862637362636,0.0,1,False,122,0.1120774647887324,0.921126760563382,0.7586197183098601,1.1941021126760563,37,65.0,47.0,0.06153846153846154,0.15384615384615385,0.05733775266807337,0.010462528604119004,0.029298351648351637,0.0004625286041189982,0.1,0.024298351648351636,0.0,0.005,0.0,0.0,0.09,0.08
2.662373,81,6514.650755,hard,0.5159610983981693,2.5159610983981695,2,804,8,4,4,4,4,0,0,0,0,0.019822654462242555,0.0,0.0,0.33228021978021977,1.0,2,True,171,0.1381338028169014,0.9380281690140851,0.7907605633802818,1.4937147887323943,35,65.0,47.0,0.06153846153846154,0.15384615384615385,0.13491422385153698,0.1069379290617849,0.19987362637362638,0.006937929061784894,0.1,0.03987362637362636,0.09999999999999999,0.01,0.05,0.0,0.0,0.08
3.084402,96,6576.078583,hard,0.8832951945080092,2.883295194508009,2,954,8,4,4,4,4,0,0,0,0,0.02895308924485153,0.06951923076923142,0.0,0.7197802197802241,1.0,6,True,192,0.1576056338028169,0.9384225352112697,0.7265352112676057,2.4279401408450703,30,65.0,40.0,0.07692307692307693,0.2,-0.0,0.11013358123569804,0.26637362637362694,0.010133581235698035,0.1,0.08637362637362692,0.1,0.030000000000000002,0.05,0.0,0.0,0.08
0.371685,75,6613.528661,hard,0.36127574370709387,0.36127574370709387,0,746,8,4,4,4,4,0,0,0,0,0.009130434782608728,0.010096153846153854,0.0,0.3901098901098902,0.0,3,False,262,0.2007394366197183,0.9492957746478867,0.7139154929577466,2.8170422535211266,27,65.0,42.0,0.06153846153846154,0.15384615384615385,0.09911748204888313,0.10319565217391306,0.06181318681318682,0.0031956521739130547,0.1,0.04681318681318682,0.0,0.015,0.0,0.0,0.0,0.08
0.379064,75,6650.938258,hard,0.39709954233409617,0.39709954233409617,0,745,7,3,4,3,4,0,0,0,1,0.003964530892448556,0.009519230769230873,0.0,0.4589697802197798,0.0,2,False,142,0.11315140845070422,0.9632394366197191,0.7584507042253521,1.2399823943661972,38,65.0,45.0,0.046153846153846156,0.13846153846153847,-0.0,0.071387585812357,0.06507637362637357,0.0013875858123569946,0.1,0.055076373626373576,0.0,0.01,0.0,0.0,0.03,0.08
0.200884,76,6688.401924,hard,0.2470881006864989,0.2470881006864989,0,759,7,3,4,3,4,0,0,0,1,0.00949084668192208,0.0,0.0,0.21978021978021978,0.0,2,False,191,0.16954225352112676,0.959830985915496,0.6673239436619722,0.5590140845070423,38,65.0,52.0,0.046153846153846156,0.12307692307692308,0.13491422385153698,0.07332179633867274,0.03637362637362638,0.0033217963386727276,0.1,0.02637362637362638,0.0,0.01,0.0,0.0,0.03,0.08
2.859097,87,6731.338362,hard,0.6600114416475973,2.6600114416475975,2,866,8,4,4,4,4,0,0,0,0,0.030875286041189335,0.0008653846153845782,0.06649999999999713,0.6656593406593406,1.0,5,True,252,0.18911971830985916,0.9380281690140851,0.7847605633802819,2.198239436619718,48,65.0,47.0,0.07692307692307693,0.2,0.1956217818146278,0.11080635011441627,0.2548791208791209,0.010806350114416264,0.1,0.07987912087912091,0.09999999999999999,0.025,0.05,0.0,0.0,0.08
0.45757,78,6771.209588,hard,0.42459954233409614,0.42459954233409614,0,771,8,4,4,4,4,0,0,0,0,0.025486270022883412,0.01586538461538469,0.0,0.5153846153846147,0.0,4,False,93,0.07040492957746479,0.934197183098592,0.6282253521126757,1.8507042253521127,34,65.0,45.0,0.07692307692307693,0.18461538461538463,0.1956217818146278,0.10822389169110777,0.08184615384615374,0.008920194508009193,0.09930369718309857,0.06184615384615374,0.0,0.02,0.0,0.0,0.0,0.08
0.437418,76,6825.476728,hard,0.41013157894736835,0.41013157894736835,0,758,8,4,4,4,4,0,0,0,0,0.02162471395880987,0.00721153846153845,0.007699999999999668,0.4765109890109887,0.033366666666666336,3,False,152,0.13677816901408452,0.9328450704225376,0.6385352112676052,0.9932042253521127,41,65.0,44.0,0.07692307692307693,0.18461538461538463,0.05733775266807337,0.10756864988558346,0.07551798534798529,0.007568649885583453,0.1,0.05718131868131866,0.0033366666666666336,0.015,0.0,0.0,0.0,0.08
0.351617,77,6863.497158,hard,0.3547082379862701,0.3547082379862701,0,765,8,4,4,4,4,0,0,0,0,0.0015617848970251888,0.003750000000000041,0.0,0.35718406593406576,0.0,2,False,158,0.1301056338028169,0.932394366197185,0.7190140845070423,1.528943661971831,27,65.0,43.0,0.1076923076923077,0.2,0.05733775266807337,0.10054662471395882,0.052862087912087886,0.000546624713958816,0.1,0.042862087912087884,0.0,0.01,0.0,0.0,0.0,0.08
0.344342,76,6901.673483,hard,0.34593821510297484,0.34593821510297484,0,758,8,4,4,4,4,0,0,0,0,0.011052631578947411,0.0060576923076922995,0.0,0.3361263736263734,0.0,2,False,168,0.1428169014084507,0.9291830985915496,0.6930704225352113,0.8651232394366197,40,65.0,47.0,0.06153846153846154,0.15384615384615385,0.2220630225397998,0.1038684210526316,0.050335164835164814,0.003868421052631594,0.1,0.04033516483516481,0.0,0.01,0.0,0.0,0.0,0.08
2.751089,80,6941.775725,hard,0.5490274599542334,2.5490274599542335,2,795,8,4,4,4,4,0,0,0,0,0.02140160183066363,0.04850274725274741,0.0,0.658928571428569,1.0,5,True,132,0.10859154929577465,0.9792676056338026,0.7432112676056338,2.563362676056338,37,65.0,46.0,0.06153846153846154,0.15384615384615385,0.15610566617587138,0.10749056064073227,0.2540714285714283,0.0074905606407322705,0.1,0.07907142857142825,0.1,0.025,0.05,0.0,0.0,0.08
0.461061,88,6984.879739,hard,0.4482265446224256,0.4482265446224256,0,879,8,4,4,4,4,0,0,0,0,0.03712242562929051,0.03605769230769249,0.0,0.5817307692307677,0.0,4,False,81,0.04991197183098592,0.971154929577466,0.6683098591549297,1.8128521126760564,48,65.0,46.0,0.06153846153846154,0.15384615384615385,0.09911748204888313,0.09092682784349111,0.08980769230769212,0.012992848970251675,0.07793397887323944,0.06980769230769211,0.0,0.02,0.0,0.0,0.0,0.08
0.419504,83,7024.801794,hard,0.3988558352402746,0.3988558352402746,0,825,8,4,4,4,4,0,0,0,0,0.022826086956521746,0.010096153846153833,0.0,0.39010989010988967,0.17733333333333334,3,False,82,0.07281690140845071,0.9285633802816907,0.5990422535211266,1.1127112676056339,24,65.0,47.0,0.046153846153846156,0.13846153846153847,0.1956217818146278,0.10360180649112065,0.0795465201465201,0.00798913043478261,0.09561267605633804,0.04681318681318676,0.017733333333333334,0.015,0.0,0.0,0.0,0.08
2.752757,78,7061.061681,hard,0.5782036613272311,2.578203661327231,2,779,8,4,4,4,4,0,0,0,0,0.045171624713958136,0.024230769230769385,0.20439999999999542,0.5645604395604383,0.9999999999999961,4,True,82,0.05052816901408451,0.9254084507042265,0.7650140845070427,2.6447359154929577,42,65.0,50.0,0.06153846153846154,0.13846153846153847,0.22338824700260326,0.09470619541044875,0.23774725274725222,0.015810068649885347,0.0788961267605634,0.06774725274725259,0.09999999999999963,0.02,0.05,0.0,0.0,0.08
0.383219,80,7106.003836,hard,0.3748283752860412,0.3748283752860412,0,796,8,4,4,4,4,0,0,0,0,0.012374141876430187,0.029711538461538418,0.0,0.4054945054945042,0.0,3,False,178,0.13588028169014085,0.9236056338028173,0.7258028169014081,1.6594542253521127,36,65.0,46.0,0.046153846153846156,0.13846153846153847,0.05733775266807337,0.10433094965675058,0.06365934065934051,0.004330949656750565,0.1,0.04865934065934051,0.0,0.015,0.0,0.0,0.0,0.08
0.462023,79,7146.651191,hard,0.4529118993135009,0.4529118993135009,0,786,8,4,4,4,4,0,0,0,0,0.03411899313501091,0.009230769230769268,0.0,0.5213461538461535,0.0,4,False,73,0.04894366197183098,0.9494929577464803,0.7652112676056334,1.863468309859155,34,65.0,48.0,0.046153846153846156,0.13846153846153847,0.05733775266807337,0.08514939407612705,0.08256153846153842,0.011941647597253816,0.07320774647887324,0.06256153846153842,0.0,0.02,0.0,0.0,0.0,0.08
0.306689,86,7188.955312,hard,0.31746567505720796,0.31746567505720796,0,858,8,4,4,4,4,0,0,0,0,0.015497711670480394,0.02480769230769247,0.0,0.4564560439560427,0.0,3,False,80,0.053098591549295776,0.930056338028171,0.7109014084507039,1.0588028169014085,32,65.0,46.0,0.06153846153846154,0.15384615384615385,0.1956217818146278,0.08524814274663998,0.06977472527472511,0.005424199084668138,0.07982394366197185,0.05477472527472512,0.0,0.015,0.0,0.0,0.0,0.08
0.339247,72,7225.780222,hard,0.3971967963386728,0.3971967963386728,0,718,6,2,4,2,4,0,0,0,2,0.009010297482837583,0.021634615384615512,0.0,0.4592032967032956,0.0,3,False,71,0.06012323943661972,0.9254084507042272,0.7669295774647887,1.5481161971830986,35,65.0,37.0,0.16923076923076924,0.2923076923076923,0.05733775266807337,0.023746033696457947,0.07010439560439546,0.0031536041189931534,0.08059242957746479,0.05510439560439547,0.0,0.015,0.0,0.0,0.06,0.08
2.774132,84,7268.08743,hard,0.5894164759725401,2.58941647597254,2,831,8,4,4,4,4,0,0,0,0,0.047934782608695686,0.06259615384615443,0.0,0.508653846153843,1.0,4,True,92,0.07580985915492958,0.9582253521126772,0.681380281690141,2.7391901408450705,33,65.0,49.0,0.046153846153846156,0.13846153846153847,0.1956217818146278,0.11677717391304349,0.2310384615384612,0.016777173913043487,0.1,0.061038461538461174,0.1,0.02,0.05,0.0,0.0,0.08
0.155503,74,7304.915843,hard,0.274662471395881,0.274662471395881,0,740,5,1,4,1,4,0,0,0,3,0.00012013729977116189,0.0002884615384615261,0.0,0.1649862637362637,0.0,1,False,152,0.13022887323943663,0.9292394366197211,0.6069295774647884,0.8012147887323944,23,65.0,43.0,0.09230769230769231,0.2,-0.0,0.010042048054919914,0.02479835164835165,4.204805491990666e-05,0.1,0.01979835164835165,0.0,0.005,0.0,0.0,0.09,0.08
0.2553,75,7351.060867,hard,0.30489702517162476,0.30489702517162476,0,742,7,3,4,3,4,0,0,0,1,0.0031235697940503377,0.007499999999999987,0.0,0.23758241758241727,0.0,1,False,169,0.12542253521126762,0.9291830985915505,0.8622816901408455,1.4810739436619718,38,65.0,46.0,0.06153846153846154,0.15384615384615385,0.09911748204888313,0.07109324942791763,0.03350989010989007,0.0010932494279176181,0.1,0.02850989010989007,0.0,0.005,0.0,0.0,0.03,0.08
0.413718,83,7393.513135,hard,0.39625286041189933,0.39625286041189933,0,825,8,4,4,4,4,0,0,0,0,0.026086956521739146,0.004326923076923073,0.0034999999999998496,0.44876373626373606,0.019833333333333182,3,False,117,0.0944718309859155,0.9444788732394385,0.698845070422535,1.5517077464788733,28,65.0,44.0,0.07692307692307693,0.18461538461538463,0.13491422385153698,0.1091304347826087,0.07083498168498165,0.0091304347826087,0.1,0.05385164835164833,0.001983333333333318,0.015,0.0,0.0,0.0,0.08
0.297171,73,7430.101127,hard,0.3124256292906179,0.3124256292906179,0,727,8,4,4,4,4,0,0,0,0,0.005045766590389035,0.012115384615384662,0.0,0.25565934065934015,0.0,1,False,168,0.1580281690140845,0.926760563380283,0.7096056338028168,1.2387676056338028,31,65.0,46.0,0.046153846153846156,0.13846153846153847,0.25206405738510845,0.10176601830663617,0.03567912087912082,0.0017660183066361623,0.1,0.030679120879120822,0.0,0.005,0.0,0.0,0.0,0.08
0.297893,79,7469.643047,hard,0.3181864988558351,0.3181864988558351,0,781,8,4,4,4,4,0,0,0,0,0.003483981693363772,0.008365384615384441,0.0,0.26949175824175786,0.0,2,False,92,0.06433098591549295,0.9317183098591566,0.7776901408450708,0.9590845070422536,21,65.0,41.0,0.07692307692307693,0.2,0.09911748204888313,0.09546763302929705,0.042339010989010946,0.0012193935926773202,0.09424823943661972,0.032339010989010944,0.0,0.01,0.0,0.0,0.0,0.08000000000000002
1.644059,83,7510.609314,hard,0.5308867276887864,1.5308867276887863,1,823,8,4,4,4,4,0,0,0,0,0.0573054919908455,0.0227884615384614,0.1252999999999956,0.39876373626373546,0.9256333333333279,3,False,130,0.11169014084507042,0.9582816901408469,0.6847605633802817,2.546461267605634,32,65.0,41.0,0.06153846153846154,0.16923076923076924,0.1956217818146278,0.12005692219679594,0.15541498168498108,0.020056922196795928,0.1,0.04785164835164825,0.0925633333333328,0.015,0.0,0.0,0.0,0.08
2.878703,82,7551.003115,hard,0.6760068649885582,2.676006864988558,2,814,8,4,4,4,4,0,0,0,0,0.06102974828375199,0.05336538461538473,0.08959999999999614,0.7165659340659382,1.0,5,True,82,0.05433098591549296,0.9211267605633814,0.8228169014084513,4.7198767605633805,46,65.0,43.0,0.07692307692307693,0.16923076923076924,0.13491422385153698,0.10310865133593292,0.2609879120879126,0.021360411899313196,0.08174823943661973,0.08598791208791258,0.1,0.025,0.05,0.0,0.0,0.08
0.328693,78,7588.656293,hard,0.3311212814645309,0.3311212814645309,0,776,8,4,4,4,4,0,0,0,0,0.0027631578947368723,0.0066346153846154575,0.0,0.23420329670329657,0.161,2,False,105,0.07723591549295775,0.9260845070422539,0.797774647887324,1.1872183098591549,37,65.0,42.0,0.07692307692307693,0.2,0.1145020974334985,0.10096710526315791,0.05420439560439559,0.0009671052631579053,0.1,0.02810439560439559,0.0161,0.01,0.0,0.0,0.0,0.08
0.458342,76,7651.822623,hard,0.42475972540045764,0.42475972540045764,0,759,8,4,4,4,4,0,0,0,0,0.009490846681922203,0.020480769230769347,0.005599999999999759,0.499999999999999,0.06159999999999976,4,False,99,0.07410211267605633,0.96867605633803,0.6217746478873236,2.0667781690140843,20,65.0,41.0,0.06153846153846154,0.15384615384615385,0.23296603544749966,0.10332179633867278,0.08615999999999986,0.003321796338672771,0.1,0.05999999999999989,0.006159999999999975,0.02,0.0,0.0,0.0,0.08
2.963625,80,7692.365852,hard,0.7633867276887872,2.763386727688787,2,792,8,4,4,4,4,0,0,0,0,0.008409610983981767,0.020192307692307867,0.0,0.6791208791208782,1.0,5,True,176,0.13464788732394367,0.9236056338028168,0.7731267605633801,5.34593309859155,33,65.0,50.0,0.046153846153846156,0.13846153846153847,0.09911748204888313,0.10294336384439362,0.2564945054945054,0.002943363844393618,0.1,0.08149450549450539,0.1,0.025,0.05,0.0,0.0,0.08
2.696647,89,7735.241092,hard,0.5445881006864988,2.5445881006864988,2,888,8,4,4,4,4,0,0,0,0,0.02210526315789438,0.0103846153846152,0.0,0.4010164835164831,1.0,3,True,123,0.1178169014084507,0.9673239436619735,0.7169295774647895,2.933926056338028,27,65.0,44.0,0.06153846153846154,0.15384615384615385,0.15610566617587138,0.10773684210526303,0.21312197802197796,0.007736842105263032,0.1,0.04812197802197796,0.09999999999999999,0.015,0.05,0.0,0.0,0.08
0.377213,74,7773.784388,hard,0.3633009153318076,0.3633009153318076,0,740,8,4,4,4,4,0,0,0,0,0.005406178489702284,0.0,0.03149999999999864,0.2850274725274725,0.21816666666666532,2,False,168,0.10732394366197183,0.9291830985915501,0.7728450704225351,2.2918485915492957,44,65.0,45.0,0.06153846153846154,0.16923076923076924,0.25206405738510845,0.1018921624713958,0.06601996336996323,0.0018921624713957989,0.1,0.0342032967032967,0.021816666666666533,0.01,0.0,0.0,0.0,0.08
2.792426,79,7813.388555,hard,0.5974256292906178,2.5974256292906177,2,784,8,4,4,4,4,0,0,0,0,0.062242562929061045,0.04344780219780239,0.2008999999999956,0.5134615384615363,0.9999999999999959,4,True,105,0.06850352112676056,0.9310422535211281,0.8449014084507055,4.4544190140845075,38,65.0,47.0,0.07692307692307693,0.18461538461538463,0.05733775266807337,0.12178489702517137,0.23161538461538395,0.021784897025171366,0.1,0.06161538461538436,0.0999999999999996,0.02,0.05,0.0,0.0,0.08
2.683933,85,7854.34152,hard,0.5239702517162471,2.5239702517162472,2,844,8,4,4,4,4,0,0,0,0,0.019702517162471525,0.01932692307692319,0.0,0.4372252747252738,1.0,3,True,120,0.1132394366197183,0.9179718309859154,0.864,2.697975352112676,43,65.0,47.0,0.06153846153846154,0.16923076923076924,0.13491422385153698,0.10689588100686503,0.21746703296703285,0.0068958810068650315,0.1,0.05246703296703286,0.1,0.015,0.05,0.0,0.0,0.08
0.363526,78,7912.536016,hard,0.3590560640732266,0.3590560640732266,0,775,8,4,4,4,4,0,0,0,0,0.02244279176201377,0.0066346153846154575,0.0,0.3676236263736261,0.0,2,False,107,0.07193661971830986,0.9373521126760582,0.6920563380281688,2.0092957746478874,38,65.0,43.0,0.06153846153846154,0.15384615384615385,0.13491422385153698,0.10785497711670483,0.05411483516483513,0.00785497711670482,0.1,0.04411483516483513,0.0,0.01,0.0,0.0,0.0,0.08
2.729949,77,7951.548823,hard,0.5622883295194508,2.562288329519451,2,767,8,4,4,4,4,0,0,0,0,0.017540045766590538,0.04211538461538497,0.0,0.44351648351648154,1.0,3,True,117,0.09718309859154929,0.9211267605633808,0.7892394366197186,2.4342605633802816,49,65.0,41.0,0.06153846153846154,0.18461538461538463,0.05733775266807337,0.10613901601830669,0.2182219780219778,0.0061390160183066875,0.1,0.05322197802197779,0.1,0.015,0.05,0.0,0.0,0.08
0.416039,73,7989.377038,hard,0.3993421052631579,0.3993421052631579,0,726,8,4,4,4,4,0,0,0,0,0.010211670480549207,0.02451923076923079,0.0,0.46435439560439457,0.0,2,False,136,0.13017605633802817,0.9904788732394402,0.5653802816901403,1.2970950704225352,17,65.0,42.0,0.06153846153846154,0.18461538461538463,0.05733775266807337,0.10357408466819223,0.06572252747252733,0.003574084668192222,0.1,0.055722527472527324,0.0,0.01,0.0,0.0,0.0,0.08
0.227868,77,8028.38867,hard,0.1989016018306637,0.1989016018306637,0,763,8,4,4,4,4,0,0,0,0,0.007328375286041271,0.01759615384615404,0.0,0.32662087912087895,0.0,1,False,64,0.049577464788732394,0.9211267605633836,0.31681690140845054,0.05338028169014084,5,65.0,47.0,0.09230769230769231,0.23076923076923078,0.8818027902423905,0.07174802994166374,0.04419450549450546,0.0025649313501144447,0.0691830985915493,0.03919450549450546,0.0,0.005,0.0,0.0,0.0,0.010676056338028171
1.609916,77,8066.130784,hard,0.4454004576659038,1.4454004576659039,1,767,8,4,4,4,4,0,0,0,0,0.02686498855835243,0.02527472527472527,0.0840000000000004,0.39010989010988883,0.9999999999999959,3,True,120,0.10014084507042254,0.9397746478873237,0.8596619718309857,2.2831161971830984,37,65.0,51.0,0.06153846153846154,0.15384615384615385,0.2783171932701801,0.10940274599542335,0.21181318681318628,0.00940274599542335,0.1,0.04681318681318668,0.09999999999999959,0.015,0.05,0.0,0.0,0.08
0.402757,82,8108.390862,hard,0.4128546910755149,0.4128546910755149,0,815,8,4,4,4,4,0,0,0,0,0.002643020594965698,0.0063461538461539015,0.0,0.34872252747252747,0.35933333333333334,2,False,58,0.044929577464788734,0.9454647887323936,0.5226197183098591,3.145,21,65.0,48.0,0.07692307692307693,0.2,0.8175696644164527,0.06362224030682954,0.08778003663003663,0.0009250572082379943,0.06269718309859156,0.04184670329670329,0.03593333333333334,0.01,0.0,0.0,0.0,0.08
1.660632,84,8150.573427,hard,0.4896453089244851,1.489645308924485,1,835,8,4,4,4,4,0,0,0,0,0.00985125858123577,0.023653846153846324,0.0,0.508653846153845,1.0,4,True,161,0.11230633802816901,0.9485633802816906,0.7805633802816904,1.7348415492957747,35,65.0,48.0,0.046153846153846156,0.13846153846153847,0.1145020974334985,0.10344794050343252,0.23103846153846141,0.0034479405034325192,0.1,0.06103846153846139,0.1,0.02,0.05,0.0,0.0,0.08
1.670995,78,8209.937716,hard,0.48564073226544624,1.4856407322654461,1,778,8,4,4,4,4,0,0,0,0,0.035274599542333925,0.055563186813186984,0.07069999999999828,0.5067307692307667,0.9999999999999987,4,True,140,0.08626760563380281,0.9195211267605641,0.6851549295774647,2.0646478873239436,34,65.0,44.0,0.06153846153846154,0.15384615384615385,0.09911748204888313,0.11234610983981688,0.23080769230769188,0.01234610983981687,0.1,0.06080769230769199,0.09999999999999987,0.02,0.05,0.0,0.0,0.08
0.454015,78,8249.09901,hard,0.43100686498855834,0.43100686498855834,0,773,8,4,4,4,4,0,0,0,0,0.007688787185354731,0.018461538461538557,0.0,0.5403846153846145,0.0,4,False,76,0.0730281690140845,0.9332112676056358,0.6640845070422533,1.5080105633802816,28,65.0,40.0,0.07692307692307693,0.2,0.05733775266807337,0.09546220227543754,0.08484615384615374,0.0026910755148741553,0.09277112676056339,0.06484615384615373,0.0,0.02,0.0,0.0,0.0,0.08
0.521427,78,8286.567096,hard,0.478421052631579,0.478421052631579,0,771,8,4,4,4,4,0,0,0,0,0.0045652173913043985,0.010961538461538581,0.0,0.6542307692307712,0.0,4,False,154,0.13964788732394368,0.9388450704225375,0.752816901408451,1.642411971830986,37,65.0,42.0,0.07692307692307693,0.2,0.15610566617587138,0.10159782608695654,0.09850769230769253,0.0015978260869565395,0.1,0.07850769230769253,0.0,0.02,0.0,0.0,0.0,0.08
0.425063,84,8323.595563,hard,0.4063443935926773,0.4063443935926773,0,832,8,4,4,4,4,0,0,0,0,0.027871853546910724,0.021923076923077052,0.0,0.47635989010988905,0.0,3,False,116,0.07528169014084507,0.9388450704225378,0.6311830985915492,1.0810915492957747,35,65.0,50.0,0.06153846153846154,0.15384615384615385,0.25206405738510845,0.10975514874141876,0.07216318681318667,0.009755148741418753,0.1,0.057163186813186675,0.0,0.015,0.0,0.0,0.0,0.08
1.762466,76,8357.75764,hard,0.6401887871853541,1.640188787185354,1,756,8,4,4,4,4,0,0,0,0,0.031956521739129815,0.023365384615384763,0.129499999999996,0.5681318681318672,0.785166666666661,4,False,158,0.13119718309859155,0.9597746478873239,0.8167323943661968,3.1607042253521125,39,65.0,42.0,0.07692307692307693,0.2,-0.0,0.11118478260869544,0.1666924908424902,0.011184782608695433,0.1,0.06817582417582407,0.07851666666666612,0.02,0.0,0.0,0.0,0.08
0.528532,78,8394.677023,hard,0.4745995423340961,0.4745995423340961,0,773,8,4,4,4,4,0,0,0,0,0.039502288329519526,0.038942307692307714,0.0,0.6450549450549433,0.0,4,False,101,0.09169014084507042,0.9533239436619731,0.7965633802816902,2.3333098591549297,45,65.0,45.0,0.06153846153846154,0.18461538461538463,0.05733775266807337,0.11382580091533184,0.09740659340659319,0.013825800915331832,0.1,0.07740659340659319,0.0,0.02,0.0,0.0,0.0,0.08
2.800574,84,8442.694303,hard,0.6101372997711667,2.610137299771167,2,833,8,4,4,4,4,0,0,0,0,0.015858123569793672,0.0,0.0,0.6098901098901099,1.0,5,True,150,0.13008802816901407,0.9291830985915506,0.7420281690140849,2.65375,34,65.0,48.0,0.046153846153846156,0.13846153846153847,0.05733775266807337,0.10555034324942779,0.24818681318681318,0.005550343249427785,0.1,0.0731868131868132,0.1,0.025,0.05,0.0,0.0,0.08
2.768426,85,8485.732692,hard,0.585812356979405,2.585812356979405,2,845,8,4,4,4,4,0,0,0,0,0.04889588100686449,0.02509615384615401,0.18549999999999625,0.4999999999999987,0.9999999999999959,4,True,209,0.1533450704225352,0.9291830985915496,0.8428450704225352,2.1832218309859157,39,65.0,44.0,0.1076923076923077,0.2,0.16676100196548832,0.11711355835240259,0.22999999999999943,0.017113558352402573,0.1,0.05999999999999983,0.0999999999999996,0.02,0.05,0.0,0.0,0.08
0.376515,78,8526.396711,hard,0.36590389016018277,0.36590389016018277,0,772,8,4,4,4,4,0,0,0,0,0.007208237986269712,0.0,0.041999999999998185,0.3090659340659341,0.1819999999999982,2,False,127,0.10554577464788732,0.9647887323943665,0.7671549295774648,2.3390845070422537,36,65.0,48.0,0.046153846153846156,0.13846153846153847,-0.0,0.1025228832951944,0.0652879120879119,0.002522883295194399,0.1,0.03708791208791209,0.01819999999999982,0.01,0.0,0.0,0.0,0.08
0.526481,81,8568.106719,hard,0.4625686498855826,0.4625686498855826,0,802,8,4,4,4,4,0,0,0,0,0.02126430205949565,0.0,0.12389999999999465,0.3901098901098901,0.5485666666666613,3,False,100,0.09380281690140845,0.959774647887324,0.7750422535211265,2.602799295774648,32,65.0,46.0,0.046153846153846156,0.12307692307692308,0.15610566617587138,0.10744250572082348,0.11666985347985294,0.007442505720823477,0.1,0.046813186813186816,0.05485666666666613,0.015,0.0,0.0,0.0,0.08
1.598419,81,8608.253796,hard,0.5139816933638437,1.5139816933638437,1,809,8,4,4,4,4,0,0,0,0,0.020543478260868813,0.007788461538461525,0.10079999999999566,0.49999999999999967,0.5814666666666622,4,False,103,0.09348591549295775,0.9373521126760562,0.6858591549295774,1.5384154929577465,21,65.0,42.0,0.07692307692307693,0.2,-0.0,0.10719021739130409,0.1381466666666662,0.007190217391304083,0.1,0.05999999999999997,0.058146666666666236,0.02,0.0,0.0,0.0,0.08
0.405525,79,8648.179565,hard,0.3988558352402746,0.3988558352402746,0,790,8,4,4,4,4,0,0,0,0,0.030772311212814728,0.017019230769230856,0.0,0.4631868131868124,0.0,3,False,78,0.06042253521126761,0.94628169014085,0.6415492957746478,0.7877112676056338,36,65.0,47.0,0.07692307692307693,0.15384615384615385,0.13491422385153698,0.09508721033293588,0.07058241758241748,0.010770308924485154,0.08431690140845072,0.05558241758241749,0.0,0.015,0.0,0.0,0.0,0.08
0.237731,82,8689.372869,hard,0.2423569794050343,0.2423569794050343,0,813,8,4,4,4,4,0,0,0,0,0.004324942791762017,0.010384615384615393,0.0,0.3346703296703295,0.0,3,False,137,0.09751760563380282,0.9623661971830978,0.5853521126760564,1.432588028169014,29,65.0,41.0,0.12307692307692308,0.24615384615384617,0.15610566617587138,0.10151372997711672,0.055160439560439534,0.0015137299771167065,0.1,0.040160439560439534,0.0,0.015,0.0,0.0,0.0,0.08
1.575357,77,8741.804953,hard,0.5135354691075515,1.5135354691075515,1,768,8,4,4,4,4,0,0,0,0,0.010331807780320381,0.022211538461538612,0.0062999999999997286,0.7272939560439599,0.027299999999999727,5,False,136,0.11285211267605634,0.9518591549295777,0.8280845070422534,2.0442605633802815,38,65.0,45.0,0.06153846153846154,0.15384615384615385,0.09911748204888313,0.10361613272311214,0.11500527472527514,0.0036161327231121337,0.1,0.08727527472527517,0.002729999999999973,0.025,0.0,0.0,0.0,0.08
2.952805,81,8782.457127,hard,0.7374141876430206,2.7374141876430205,2,801,8,4,4,4,4,0,0,0,0,0.07565789473684159,0.031043956043956104,0.22749999999999446,0.6167582417582402,0.9999999999999959,5,True,78,0.09063380281690141,0.9211267605633818,0.7650422535211276,7.315193661971831,27,65.0,49.0,0.06153846153846154,0.15384615384615385,0.1956217818146278,0.12648026315789457,0.2490109890109884,0.026480263157894552,0.1,0.07401098901098882,0.09999999999999959,0.025,0.05,0.0,0.0,0.08
0.333388,78,8821.992971,hard,0.3399942791762013,0.3399942791762013,0,772,8,4,4,4,4,0,0,0,0,0.003003432494279087,0.005480769230769092,0.004199999999999819,0.3143543956043954,0.018199999999999817,2,False,115,0.0839612676056338,0.9154929577464809,0.7463380281690147,1.0212852112676056,27,65.0,47.0,0.06153846153846154,0.13846153846153847,0.16676100196548832,0.10105120137299768,0.04954252747252743,0.0010512013729976804,0.1,0.037722527472527446,0.0018199999999999818,0.01,0.0,0.0,0.0,0.08
0.348375,81,8863.270085,hard,0.3288787185354692,0.3288787185354692,0,805,8,4,4,4,4,0,0,0,0,0.014897025171624808,0.03576923076923099,0.0,0.49818681318681207,0.0,3,False,140,0.12334507042253522,0.9517746478873247,0.6696056338028169,0.656725352112676,25,65.0,43.0,0.07692307692307693,0.16923076923076924,0.13491422385153698,0.10521395881006869,0.07478241758241745,0.005213958810068682,0.1,0.05978241758241745,0.0,0.015,0.0,0.0,0.0,0.08
0.421544,85,8905.991753,hard,0.41847826086956524,0.41847826086956524,0,845,8,4,4,4,4,0,0,0,0,0.008524027459954231,0.020467032967032964,0.0,0.41318681318681216,0.0,3,False,164,0.14580985915492958,0.9407042253521155,0.6491549295774647,1.8258098591549297,36,65.0,42.0,0.06153846153846154,0.15384615384615385,0.29009774768186847,0.10298340961098398,0.06458241758241746,0.002983409610983981,0.1,0.049582417582417465,0.0,0.015,0.0,0.0,0.0,0.08
1.5826,100,8956.156838,hard,0.5617734553775743,1.5617734553775744,1,1000,8,4,4,4,4,0,0,0,0,0.022780320366132714,0.03623626373626363,0.0,0.6071153846153831,0.0,4,False,164,0.13651408450704225,0.9677183098591575,0.5853802816901406,1.666056338028169,16,65.0,41.0,0.06153846153846154,0.18461538461538463,-0.0,0.10797311212814645,0.09285384615384597,0.00797311212814645,0.1,0.07285384615384596,0.0,0.02,0.0,0.0,0.0,0.08
0.415228,79,9012.683796,hard,0.38997139588100627,0.38997139588100627,0,790,8,4,4,4,4,0,0,0,0,0.013455377574370155,0.0014423076923076933,0.07489999999999676,0.3071428571428571,0.32689999999999675,2,False,99,0.08338028169014085,0.9154929577464791,0.7824788732394368,0.8214612676056338,40,65.0,46.0,0.06153846153846154,0.16923076923076924,0.09911748204888313,0.10470938215102955,0.07954714285714252,0.004709382151029554,0.1,0.036857142857142845,0.032689999999999685,0.01,0.0,0.0,0.0,0.08
0.508361,74,9050.837086,hard,0.4128146453089242,0.4128146453089242,0,739,8,4,4,4,4,0,0,0,0,0.019942791762013468,0.025961538461538286,0.053199999999998915,0.43260989010988893,0.7555333333333311,3,False,142,0.1317605633802817,0.9469014084507056,0.7806197183098592,0.8405633802816901,39,65.0,48.0,0.046153846153846156,0.13846153846153847,-0.0,0.10697997711670472,0.14246652014651978,0.006979977116704712,0.1,0.05191318681318665,0.07555333333333311,0.015,0.0,0.0,0.0,0.08
0.563627,77,9089.981651,hard,0.4931578947368418,0.4931578947368418,0,769,8,4,4,4,4,0,0,0,0,0.029485125858123244,0.04656593406593433,0.058799999999997465,0.5730769230769214,0.28279999999999744,4,False,95,0.07623239436619718,0.9267605633802832,0.6537183098591542,1.2634507042253522,27,65.0,44.0,0.046153846153846156,0.13846153846153847,0.22338824700260326,0.11031979405034315,0.1170492307692303,0.010319794050343134,0.1,0.06876923076923054,0.02827999999999975,0.02,0.0,0.0,0.0,0.08
2.794239,78,9129.335524,hard,0.6045766590389016,2.6045766590389015,2,779,8,4,4,4,4,0,0,0,0,0.04901601830663523,0.02278846153846168,0.23029999999999431,0.5450549450549439,0.9999999999999961,3,True,120,0.09084507042253522,0.9380281690140863,0.8314929577464804,2.550264084507042,28,65.0,45.0,0.07692307692307693,0.16923076923076924,0.2220630225397998,0.11715560640732234,0.23040659340659286,0.017155606407322332,0.1,0.06540659340659324,0.09999999999999962,0.015,0.05,0.0,0.0,0.08
0.547692,83,9172.479913,hard,0.4841876430205947,0.4841876430205947,0,821,8,4,4,4,4,0,0,0,0,0.013764302059496228,0.014010989010989018,0.04619999999999801,0.49999999999999967,0.40786666666666466,4,False,148,0.11246478873239436,0.9742535211267603,0.8052394366197182,1.9155105633802816,32,65.0,45.0,0.06153846153846154,0.15384615384615385,0.15610566617587138,0.10481750572082368,0.12078666666666645,0.00481750572082368,0.1,0.05999999999999997,0.04078666666666647,0.02,0.0,0.0,0.0,0.08
2.753597,75,9210.020813,hard,0.5782494279176201,2.57824942791762,2,750,8,4,4,4,4,0,0,0,0,0.021504576659038762,0.002307692307692333,0.11969999999999911,0.4818406593406592,0.9999999999999959,3,True,144,0.10183098591549296,0.9429295774647889,0.7877183098591548,2.7137147887323945,28,65.0,46.0,0.1076923076923077,0.18461538461538463,0.24835065083211508,0.10752660183066357,0.22282087912087872,0.0075266018306635665,0.1,0.05782087912087912,0.09999999999999962,0.015,0.05,0.0,0.0,0.08
2.827724,90,9267.677925,hard,0.6652173913043479,2.6652173913043478,2,894,8,4,4,4,4,0,0,0,0,0.038512585812357086,0.012115384615384748,0.1950000000000003,0.4434065934065928,0.9999999999999961,4,True,96,0.06295774647887324,0.9317183098591567,0.750676056338028,5.32362676056338,24,65.0,49.0,0.06153846153846154,0.13846153846153847,0.05733775266807337,0.10869771489347992,0.22320879120879072,0.013479405034324978,0.09521830985915494,0.05320879120879113,0.09999999999999962,0.02,0.05,0.0,0.0,0.08
1.736698,83,9308.646751,hard,0.6086270022883284,1.6086270022883284,1,826,8,4,4,4,4,0,0,0,0,0.03791762013729866,0.02527472527472527,0.15959999999999352,0.6703296703296743,0.7195999999999931,5,False,168,0.14661971830985915,0.9251549295774649,0.7816056338028166,3.202887323943662,33,65.0,44.0,0.07692307692307693,0.16923076923076924,0.1145020974334985,0.11327116704805454,0.17739956043956023,0.01327116704805453,0.1,0.08043956043956092,0.07195999999999932,0.025,0.0,0.0,0.0,0.08
2.699639,83,9350.371121,hard,0.540045766590389,2.540045766590389,2,829,8,4,4,4,4,0,0,0,0,0.03051487414187609,0.020769230769230956,0.05949999999999743,0.390109890109889,1.0,3,True,127,0.10897887323943661,0.93574647887324,0.7966197183098591,2.7116725352112674,28,65.0,46.0,0.07692307692307693,0.16923076923076924,0.13491422385153698,0.11068020594965663,0.21181318681318667,0.01068020594965663,0.1,0.04681318681318668,0.1,0.015,0.05,0.0,0.0,0.08
2.812094,79,9390.293257,hard,0.6247482837528603,2.62474828375286,2,784,8,4,4,4,4,0,0,0,0,0.02991418764301961,0.008653846153845877,0.15329999999999488,0.58195054945055,0.9999999999999984,5,True,94,0.057922535211267605,0.9405070422535239,0.6503661971830987,1.6564788732394367,33,65.0,42.0,0.07692307692307693,0.18461538461538463,0.19172340579500008,0.10091186708350756,0.24483406593406587,0.01046996567505686,0.09044190140845071,0.06983406593406599,0.09999999999999987,0.025,0.05,0.0,0.0,0.08
0.465443,84,9431.945545,hard,0.441258581235698,0.441258581235698,0,837,8,4,4,4,4,0,0,0,0,0.0002402745995423368,0.0005769230769230834,0.0,0.5650000000000001,0.0,4,False,116,0.09383802816901408,0.9390985915492964,0.7082253521126759,2.262429577464789,25,65.0,48.0,0.046153846153846156,0.13846153846153847,0.2220630225397998,0.10008409610983983,0.08780000000000003,8.409610983981787e-05,0.1,0.06780000000000003,0.0,0.02,0.0,0.0,0.0,0.08
2.753123,78,9470.089892,hard,0.5756235697940504,2.5756235697940504,2,776,8,4,4,4,4,0,0,0,0,0.03724256292906172,0.040673076923077124,0.11829999999999914,0.47553571428571245,0.9999999999999961,3,True,116,0.0960387323943662,0.9598873239436619,0.7489014084507042,2.6163028169014084,39,65.0,36.0,0.07692307692307693,0.2,0.05733775266807337,0.11303489702517161,0.2220642857142851,0.013034897025171603,0.1,0.05706428571428548,0.09999999999999963,0.015,0.05,0.0,0.0,0.08
2.875568,100,9541.450739,hard,0.7056064073226544,2.7056064073226542,2,1000,8,4,4,4,4,0,0,0,0,0.04318649885583412,0.02321428571428571,0.10079999999999566,0.5403846153846142,1.0,4,True,120,0.09084507042253522,0.9348169014084518,0.7864788732394364,2.064031690140845,35,65.0,48.0,0.046153846153846156,0.13846153846153847,0.22338824700260326,0.11511527459954195,0.23484615384615376,0.015115274599541937,0.1,0.06484615384615373,0.1,0.02,0.05,0.0,0.0,0.08
1.61867,78,9578.830418,hard,0.519633867276887,1.519633867276887,1,771,8,4,4,4,4,0,0,0,0,0.027871853546909884,0.0,0.1623999999999949,0.41895604395604397,0.8110666666666596,3,False,129,0.10568661971830987,0.9517746478873247,0.7490140845070422,2.2185035211267605,33,65.0,44.0,0.046153846153846156,0.13846153846153847,0.05733775266807337,0.10975514874141847,0.14638139194139127,0.00975514874141846,0.1,0.05027472527472527,0.08110666666666598,0.015,0.0,0.0,0.0,0.08
2.95177,100,9625.397585,hard,0.7406178489702517,2.7406178489702517,2,1000,8,4,4,4,4,0,0,0,0,0.059588100686497995,0.048173076923077346,0.23029999999999431,0.752472527472525,0.9999999999999961,6,True,189,0.15575704225352113,0.9156338028169041,0.6476619718309865,2.667605633802817,23,65.0,45.0,0.09230769230769231,0.18461538461538463,0.22338824700260326,0.1208558352402743,0.27029670329670263,0.02085583524027429,0.1,0.090296703296703,0.09999999999999962,0.030000000000000002,0.05,0.0,0.0,0.08
2.742755,77,9661.249005,hard,0.5752860411899313,2.575286041189931,2,766,8,4,4,4,4,0,0,0,0,0.006006864988558405,0.01442307692307705,0.0,0.4747252747252741,1.0,3,True,150,0.09242957746478873,0.9323943661971832,0.6817464788732397,4.778045774647888,28,65.0,46.0,0.06153846153846154,0.16923076923076924,0.09911748204888313,0.10210240274599544,0.2219670329670329,0.0021024027459954414,0.1,0.05696703296703289,0.1,0.015,0.05,0.0,0.0,0.08
1.635105,73,9696.648836,hard,0.4656006864988559,1.4656006864988558,1,728,8,4,4,4,4,0,0,0,0,0.006487414187643034,0.01557692307692311,0.0,0.45861263736263663,1.0,3,True,129,0.11112676056338028,0.9267605633802846,0.6265352112676057,2.0282218309859155,21,65.0,35.0,0.09230769230769231,0.24615384615384617,0.19172340579500008,0.10227059496567506,0.22003351648351638,0.0022705949656750615,0.1,0.05503351648351639,0.1,0.015,0.05,0.0,0.0,0.08
0.456864,100,9748.523368,hard,0.44342105263157894,0.44342105263157894,0,995,8,4,4,4,4,0,0,0,0,0.026430205949656928,0.027980769230769427,0.0,0.5307692307692294,0.0,4,False,130,0.10630281690140846,0.9509859154929587,0.8239999999999998,1.7168838028169013,36,65.0,42.0,0.09230769230769231,0.2153846153846154,0.09911748204888313,0.10925057208237993,0.08369230769230754,0.009250572082379924,0.1,0.06369230769230753,0.0,0.02,0.0,0.0,0.0,0.08
0.42863,81,9817.166182,hard,0.41327231121281466,0.41327231121281466,0,810,8,4,4,4,4,0,0,0,0,0.028712814645308855,0.030865384615384718,0.0,0.49780219780219637,0.0,3,False,82,0.06742957746478873,0.9388450704225357,0.6885070422535208,1.6746478873239437,28,65.0,53.0,0.06153846153846154,0.15384615384615385,0.15610566617587138,0.10162166822444967,0.07473626373626356,0.010049485125858097,0.09157218309859157,0.05973626373626356,0.0,0.015,0.0,0.0,0.0,0.08
0.342076,79,9857.43864,hard,0.3481235697940504,0.3481235697940504,0,784,8,4,4,4,4,0,0,0,0,0.003964530892448525,0.0034615384615384994,0.0,0.3413736263736262,0.0,2,False,192,0.1707042253521127,0.9486197183098618,0.5884225352112671,1.5034330985915494,27,65.0,47.0,0.06153846153846154,0.15384615384615385,0.13491422385153698,0.10138758581235699,0.05096483516483515,0.0013875858123569835,0.1,0.04096483516483515,0.0,0.01,0.0,0.0,0.0,0.08
2.851744,85,9900.778716,hard,0.6636155606407322,2.663615560640732,2,846,8,4,4,4,4,0,0,0,0,0.012974828375286093,0.031153846153846275,0.0,0.6098901098901085,1.0,5,True,121,0.09255281690140844,0.9389014084507046,0.6816056338028167,3.7960387323943663,28,65.0,48.0,0.06153846153846154,0.15384615384615385,0.1956217818146278,0.10454118993135014,0.24818681318681302,0.004541189931350132,0.1,0.073186813186813,0.1,0.025,0.05,0.0,0.0,0.08
2.746158,82,9941.247757,hard,0.5390160183066361,2.5390160183066364,2,811,8,4,4,4,4,0,0,0,0,0.04872997711670379,0.027870879120879113,0.21629999999999416,0.6348901098901085,0.9999999999999967,5,True,157,0.13549295774647888,0.9292394366197188,0.7504788732394372,2.9603521126760564,35,65.0,46.0,0.07692307692307693,0.2153846153846154,0.1145020974334985,0.11705549199084633,0.2511868131868127,0.017055491990846328,0.1,0.07618681318681303,0.09999999999999966,0.025,0.05,0.0,0.0,0.08
2.901264,100,9991.187522,hard,0.6941647597254005,2.6941647597254006,2,1000,8,4,4,4,4,0,0,0,0,0.04668764302059514,0.061964285714286006,0.0,0.7563186813186809,1.0,6,True,102,0.0852112676056338,0.8971830985915489,0.7337464788732395,5.325950704225352,36,65.0,50.0,0.06153846153846154,0.15384615384615385,0.16676100196548832,0.1163406750572083,0.2707582417582417,0.016340675057208296,0.1,0.09075824175824168,0.1,0.030000000000000002,0.05,0.0,0.0,0.08
0.417844,73,10028.176223,hard,0.4018249427917621,0.4018249427917621,0,729,8,4,4,4,4,0,0,0,0,0.0070881006864988915,0.017019230769230856,0.0,0.4703159340659333,0.0,2,False,123,0.10799295774647888,0.9236056338028206,0.6297183098591547,1.0279225352112675,34,65.0,45.0,0.06153846153846154,0.18461538461538463,0.15610566617587138,0.10248083524027461,0.06643791208791201,0.0024808352402746116,0.1,0.05643791208791202,0.0,0.01,0.0,0.0,0.0,0.08
1.621023,81,10091.303594,hard,0.526075514874141,1.526075514874141,1,808,8,4,4,4,4,0,0,0,0,0.030154462242561995,0.01817307692307702,0.13159999999999433,0.4999999999999991,0.6519333333333276,4,False,181,0.12735915492957747,0.9229295774647898,0.7873239436619722,1.318080985915493,42,65.0,46.0,0.046153846153846156,0.13846153846153847,0.16676100196548832,0.1105540617848967,0.14519333333333267,0.010554061784896696,0.1,0.0599999999999999,0.06519333333333278,0.02,0.0,0.0,0.0,0.08
0.41285,76,10128.565801,hard,0.3928546910755149,0.3928546910755149,0,758,8,4,4,4,4,0,0,0,0,0.03411899313501112,0.032019230769230723,0.0,0.44877747252747113,0.0,2,False,232,0.18007042253521127,0.9487605633802834,0.7418309859154928,1.7069542253521126,33,65.0,49.0,0.06153846153846154,0.16923076923076924,0.09911748204888313,0.1119416475972539,0.06385329670329652,0.011941647597253894,0.1,0.05385329670329653,0.0,0.01,0.0,0.0,0.0,0.08
0.444325,81,10169.792578,hard,0.412070938215103,0.412070938215103,0,801,8,4,4,4,4,0,0,0,0,0.024702517162471044,0.021813186813186888,0.0,0.4189560439560429,0.18433333333333332,3,False,106,0.07838028169014084,0.9670704225352116,0.7332676056338027,2.3718661971830985,34,65.0,49.0,0.06153846153846154,0.16923076923076924,0.19172340579500008,0.10864588100686487,0.0837080586080585,0.008645881006864864,0.1,0.050274725274725166,0.018433333333333333,0.015,0.0,0.0,0.0,0.08
0.41646,76,10207.935951,hard,0.41418764302059496,0.41418764302059496,0,760,8,4,4,4,4,0,0,0,0,0.014776887871853548,0.03548076923076923,0.0,0.49999999999999845,0.0,4,False,74,0.04813380281690141,0.9492957746478886,0.7967887323943664,1.8213732394366198,44,65.0,48.0,0.06153846153846154,0.13846153846153847,-0.0,0.0782722628678248,0.07999999999999981,0.005171910755148741,0.07310035211267606,0.059999999999999803,0.0,0.02,0.0,0.0,0.0,0.08
2.794702,83,10248.415895,hard,0.6637013729977117,2.6637013729977115,2,822,8,4,4,4,4,0,0,0,0,0.025829519450800854,0.015288461538461645,0.0,0.43976648351648295,1.0,3,True,69,0.042517605633802816,0.9598873239436636,0.6575211267605636,2.173644366197183,29,65.0,41.0,0.06153846153846154,0.16923076923076924,0.09911748204888313,0.07542853603313242,0.21777197802197795,0.009040331807780296,0.06638820422535212,0.052771978021977944,0.1,0.015,0.05,0.0,0.0,0.08
0.358406,74,10284.177043,hard,0.3797597254004577,0.3797597254004577,0,732,7,3,4,3,4,0,0,0,1,0.005045766590389071,0.012115384615384748,0.0,0.4173351648351643,0.0,2,False,118,0.10491197183098591,0.9267605633802846,0.6766197183098591,0.9990492957746478,30,65.0,47.0,0.06153846153846154,0.13846153846153847,0.15610566617587138,0.07176601830663618,0.06008021978021972,0.001766018306636175,0.1,0.05008021978021972,0.0,0.01,0.0,0.0,0.03,0.08
2.822608,89,10328.244176,hard,0.6407894736842106,2.640789473684211,2,886,8,4,4,4,4,0,0,0,0,0.04897025171624621,0.02527472527472527,0.22399999999999462,0.6320054945054933,0.9999999999999959,5,True,80,0.05658450704225352,0.9267605633802827,0.7747042253521126,1.9505105633802817,34,65.0,48.0,0.06153846153846154,0.15384615384615385,0.1956217818146278,0.09957796838237631,0.2508406593406588,0.017139588100686172,0.08243838028169014,0.07584065934065919,0.0999999999999996,0.025,0.05,0.0,0.0,0.08
0.251315,81,10398.129037,hard,0.24945080091533178,0.24945080091533178,0,803,8,4,4,4,4,0,0,0,0,0.010932494279176237,0.026250000000000086,0.0,0.30170329670329543,0.12133333333333333,2,False,145,0.11117957746478874,0.9267605633802832,0.7246478873239436,0.9567605633802817,33,65.0,38.0,0.1076923076923077,0.24615384615384617,0.15610566617587138,0.10382637299771169,0.05833772893772878,0.003826372997711683,0.1,0.03620439560439545,0.012133333333333333,0.01,0.0,0.0,0.0,0.08
2.862698,85,10441.069133,hard,0.6547254004576658,2.6547254004576657,2,845,8,4,4,4,4,0,0,0,0,0.05033180778031996,0.03085164835164807,0.0,0.6654670329670352,1.0,5,True,160,0.12514084507042253,0.9429859154929588,0.8252957746478884,5.820281690140845,37,65.0,47.0,0.06153846153846154,0.15384615384615385,0.15610566617587138,0.11761613272311199,0.2548560439560442,0.017616132723111983,0.1,0.07985604395604422,0.09999999999999999,0.025,0.05,0.0,0.0,0.08
0.352365,89,10484.926986,hard,0.37242562929061784,0.37242562929061784,0,888,8,4,4,4,4,0,0,0,0,0.010211670480549304,0.01528846153846169,0.0,0.39684065934065854,0.0,3,False,72,0.06205985915492958,0.9510422535211273,0.7509014084507043,1.4556338028169014,38,65.0,50.0,0.06153846153846154,0.16923076923076924,0.21291484811933445,0.08611897903438945,0.06262087912087902,0.0035740846681922567,0.08254489436619719,0.04762087912087901,0.0,0.015,0.0,0.0,0.0,0.08
0.109183,74,10521.710704,hard,0.2613272311212815,0.2613272311212815,0,731,4,0,4,0,4,0,0,0,4,0.0,0.0,0.0,0.13296703296703297,0.0,1,False,154,0.13415492957746478,0.940450704225355,0.6341408450704223,2.011619718309859,25,65.0,43.0,0.07692307692307693,0.2,0.25415747777183406,-0.01999999999999999,0.020956043956043956,0.0,0.1,0.015956043956043955,0.0,0.005,0.0,0.0,0.12,0.08
1.624569,81,10563.159028,hard,0.4731121281464531,1.473112128146453,1,801,8,4,4,4,4,0,0,0,0,0.02174485125858108,0.009230769230769051,0.0,0.4766483516483517,1.0,3,True,82,0.05433098591549296,0.9478309859154943,0.8696338028169013,1.6754929577464788,47,65.0,48.0,0.07692307692307693,0.18461538461538463,0.09911748204888313,0.08935893737712311,0.22219780219780222,0.007610697940503376,0.08174823943661973,0.0571978021978022,0.1,0.015,0.05,0.0,0.0,0.08
0.388848,86,10605.411971,hard,0.3799771167048055,0.3799771167048055,0,854,8,4,4,4,4,0,0,0,0,0.015154462242562948,0.03638736263736268,0.0,0.44972527472527296,0.0,3,False,132,0.10588028169014084,0.9504225352112684,0.6379718309859153,0.5640669014084507,26,65.0,52.0,0.06153846153846154,0.12307692307692308,0.13491422385153698,0.10530406178489704,0.06896703296703273,0.005304061784897031,0.1,0.05396703296703273,0.0,0.015,0.0,0.0,0.0,0.08
0.139402,73,10675.798527,hard,0.2845537757437071,0.2845537757437071,0,728,4,0,4,0,4,0,0,0,4,0.0,0.0,0.0,0.18873626373626373,0.0,1,False,136,0.1056338028169014,0.9211267605633816,0.638591549295774,1.81443661971831,30,65.0,51.0,0.06153846153846154,0.15384615384615385,0.05733775266807337,-0.01999999999999999,0.02764835164835165,0.0,0.1,0.02264835164835165,0.0,0.005,0.0,0.0,0.12,0.08
1.647337,89,10720.525145,hard,0.48272311212814645,1.4827231121281463,1,882,8,4,4,4,4,0,0,0,0,0.022419908466818707,0.02527472527472527,0.069299999999997,0.49972527472527345,1.0,3,True,130,0.10630281690140846,0.9686197183098612,0.7263661971830986,1.8402464788732393,35,65.0,45.0,0.07692307692307693,0.2,-0.0,0.10784696796338655,0.2249670329670328,0.007846967963386547,0.1,0.059967032967032825,0.1,0.015,0.05,0.0,0.0,0.08
0.32861,79,10759.996933,hard,0.3344050343249429,0.3344050343249429,0,784,8,4,4,4,4,0,0,0,0,0.015978260869565327,0.03144230769230797,0.0,0.3084340659340646,0.0,2,False,285,0.22691901408450704,0.9366197183098606,0.8037746478873239,1.1333978873239436,46,65.0,50.0,0.06153846153846154,0.15384615384615385,0.19172340579500008,0.10559239130434787,0.04701208791208776,0.005592391304347864,0.1,0.03701208791208776,0.0,0.01,0.0,0.0,0.0,0.08
0.393751,80,10800.365429,hard,0.3802345537757437,0.3802345537757437,0,799,8,4,4,4,4,0,0,0,0,0.023426773455377452,0.008365384615384542,0.0,0.41847527472527435,0.0,3,False,168,0.14661971830985915,0.9364225352112707,0.6879436619718312,0.7507394366197183,34,65.0,52.0,0.046153846153846156,0.1076923076923077,0.05733775266807337,0.10819937070938211,0.06521703296703293,0.008199370709382108,0.1,0.050217032967032935,0.0,0.015,0.0,0.0,0.0,0.08
0.386206,78,10838.173936,hard,0.3796967963386728,0.3796967963386728,0,778,8,4,4,4,4,0,0,0,0,0.012133867276887925,0.029134615384615512,0.0,0.41718406593406465,0.0,2,False,153,0.13357394366197184,0.9373521126760579,0.5694366197183097,0.900580985915493,25,65.0,42.0,0.06153846153846154,0.15384615384615385,0.22338824700260326,0.10424685354691078,0.06006208791208774,0.004246853546910774,0.1,0.05006208791208774,0.0,0.01,0.0,0.0,0.0,0.08
1.723192,83,10876.309412,hard,0.6357551487414188,1.6357551487414188,1,825,8,4,4,4,4,0,0,0,0,0.03209382151029725,0.008653846153845983,0.0,0.5847527472527468,0.48533333333333334,4,False,126,0.09984154929577464,0.9416338028169016,0.691887323943662,4.272306338028169,28,65.0,55.0,0.046153846153846156,0.12307692307692308,0.16676100196548832,0.11123283752860404,0.13870366300366294,0.011232837528604036,0.1,0.07017032967032961,0.04853333333333333,0.02,0.0,0.0,0.0,0.08
1.643552,81,10922.642599,hard,0.4975400457665904,1.4975400457665904,1,810,8,4,4,4,4,0,0,0,0,0.0355606407322648,0.019326923076923182,0.0,0.28804945054944986,1.0,2,True,110,0.0868838028169014,0.9229295774647899,0.6759718309859163,1.4707922535211269,28,65.0,53.0,0.046153846153846156,0.12307692307692308,0.16676100196548832,0.11244622425629269,0.19456593406593398,0.012446224256292682,0.1,0.03456593406593398,0.1,0.01,0.05,0.0,0.0,0.08
0.567643,79,10959.021206,hard,0.4827688787185353,0.4827688787185353,0,784,8,4,4,4,4,0,0,0,0,0.02895308924485124,0.02105769230769243,0.054599999999998934,0.3517857142857132,0.7592666666666643,3,False,129,0.07948943661971831,0.9454647887323958,0.735830985915493,1.8477288732394366,41,65.0,42.0,0.09230769230769231,0.2153846153846154,0.16676100196548832,0.11013358123569794,0.13314095238095203,0.010133581235697933,0.1,0.042214285714285586,0.07592666666666643,0.015,0.0,0.0,0.0,0.08
2.664551,81,10997.775622,hard,0.5175629290617849,2.5175629290617847,2,805,8,4,4,4,4,0,0,0,0,0.030154462242562567,0.010961538461538483,0.14909999999999785,0.33612637362637315,0.9999999999999959,2,True,92,0.06746478873239437,0.9517746478873241,0.8004225352112676,2.0068838028169016,43,65.0,50.0,0.046153846153846156,0.13846153846153847,0.13491422385153698,0.10715265333419269,0.2003351648351644,0.010554061784896897,0.09659859154929579,0.040335164835164784,0.09999999999999959,0.01,0.05,0.0,0.0,0.08
0.418396,77,11038.006131,hard,0.4063215102974828,0.4063215102974828,0,763,8,4,4,4,4,0,0,0,0,0.006607551487414181,0.0158653846153846,0.0,0.48111263736263665,0.0,3,False,97,0.05977112676056338,0.9204507042253569,0.5574084507042251,1.2600352112676056,29,65.0,49.0,0.046153846153846156,0.13846153846153847,0.05733775266807337,0.09564098809101748,0.07273351648351642,0.0023126430205949633,0.09332834507042252,0.05773351648351641,0.0,0.015,0.0,0.0,0.0,0.08
0.240273,82,11079.96778,hard,0.2982837528604119,0.2982837528604119,0,818,8,4,4,4,4,0,0,0,0,0.02426773455377541,0.0,0.0,0.2217032967032967,0.0,2,False,61,0.03758802816901408,0.9229295774647899,0.7109859154929583,2.514348591549296,38,65.0,50.0,0.07692307692307693,0.16923076923076924,0.1956217818146278,0.06718472822058195,0.03660439560439561,0.008493707093821393,0.05869102112676056,0.02660439560439561,0.0,0.01,0.0,0.0,0.0,0.08
2.628042,74,11116.960302,hard,0.5824542334096109,2.582454233409611,2,739,5,1,4,1,4,0,0,0,3,0.0003604118993135052,0.0008653846153846252,0.0,0.2446840659340659,1.0,2,True,144,0.08873239436619719,0.9179718309859157,0.7395492957746483,3.9146478873239436,31,65.0,35.0,0.07692307692307693,0.23076923076923078,0.19753023273471912,0.010126144164759737,0.18936208791208792,0.00012614416475972682,0.1,0.029362087912087914,0.1,0.01,0.05,0.0,0.09,0.08
0.296105,75,11154.507056,hard,0.3085812356979405,0.3085812356979405,0,747,8,4,4,4,4,0,0,0,0,0.021864988558352342,0.011538461538461432,0.0,0.24642857142857094,0.0,1,False,90,0.09147887323943663,0.9420563380281721,0.5613802816901403,1.9699647887323943,25,65.0,47.0,0.07692307692307693,0.16923076923076924,0.26444590718846855,0.10765274599542332,0.03457142857142852,0.007652745995423318,0.1,0.02957142857142852,0.0,0.005,0.0,0.0,0.0,0.08
0.39061,81,11208.994304,hard,0.37643020594965676,0.37643020594965676,0,810,8,4,4,4,4,0,0,0,0,0.03159610983981682,0.023076923076923217,0.0,0.4093406593406587,0.0,3,False,109,0.08735915492957746,0.9582253521126793,0.6200281690140842,1.6054577464788733,16,65.0,54.0,0.06153846153846154,0.13846153846153847,0.1956217818146278,0.11105863844393589,0.06412087912087905,0.011058638443935885,0.1,0.04912087912087905,0.0,0.015,0.0,0.0,0.0,0.08
0.550575,80,11249.747859,hard,0.486155606407322,0.486155606407322,0,800,8,4,4,4,4,0,0,0,0,0.040423340961097634,0.0,0.09099999999999608,0.3901098901098901,0.6859999999999961,3,False,83,0.0511443661971831,0.9503661971831003,0.6807323943661969,1.5370598591549296,24,65.0,51.0,0.06153846153846154,0.15384615384615385,0.3343800156548641,0.09400644398427149,0.13041318681318642,0.014148169336384167,0.07985827464788732,0.046813186813186816,0.0685999999999996,0.015,0.0,0.0,0.0,0.08
2.687206,80,11290.098984,hard,0.5042219679633867,2.5042219679633866,2,792,8,4,4,4,4,0,0,0,0,0.017208237986270004,0.03403846153846149,0.017666666666666667,0.5513461538461523,0.9999999999999992,4,True,155,0.15725352112676055,0.9317183098591549,0.790591549295775,1.5814260563380282,37,65.0,47.0,0.06153846153846154,0.13846153846153847,0.13491422385153698,0.1060228832951945,0.2361615384615382,0.0060228832951945,0.1,0.06616153846153827,0.09999999999999995,0.02,0.05,0.0,0.0,0.08
0.455752,79,11329.957527,hard,0.425320366132723,0.425320366132723,0,785,8,4,4,4,4,0,0,0,0,0.022946224256292808,0.04125000000000031,0.0,0.507499999999998,0.0,4,False,91,0.09644366197183099,0.956056338028169,0.6313239436619721,0.7177992957746478,37,65.0,50.0,0.06153846153846154,0.15384615384615385,0.19172340579500008,0.10803117848970249,0.08089999999999974,0.008031178489702482,0.1,0.06089999999999973,0.0,0.02,0.0,0.0,0.0,0.08
0.301102,75,11367.40385,hard,0.32580091533180777,0.32580091533180777,0,746,8,4,4,4,4,0,0,0,0,0.005286041189931365,0.012692307692307728,0.0,0.2877747252747254,0.0,1,False,92,0.05669014084507042,0.9341971830985939,0.5281126760563377,0.9232746478873239,20,65.0,47.0,0.06153846153846154,0.15384615384615385,0.5272129541080562,0.09036772005027881,0.03953296703296705,0.0018501144164759775,0.08851760563380283,0.03453296703296705,0.0,0.005,0.0,0.0,0.0,0.08
2.97021,79,11407.864509,hard,0.7618821510297482,2.761882151029748,2,787,8,4,4,4,4,0,0,0,0,0.03133295194508013,0.036634615384615384,0.0,0.6755082417582429,1.0,5,True,124,0.08950704225352113,0.9267605633802827,0.7478873239436626,3.6889788732394364,33,65.0,50.0,0.046153846153846156,0.13846153846153847,0.3025207121927388,0.11096653318077805,0.2560609890109891,0.010966533180778048,0.1,0.08106098901098911,0.09999999999999999,0.025,0.05,0.0,0.0,0.08
2.842236,82,11475.67235,hard,0.6518592677345534,2.6518592677345536,2,814,8,4,4,4,4,0,0,0,0,0.03097826086956484,0.02527472527472527,0.05966666666666666,0.5494505494505482,0.999999999999997,5,True,146,0.08996478873239437,0.9718309859154932,0.6041690140845071,3.552588028169014,27,65.0,51.0,0.07692307692307693,0.16923076923076924,0.19172340579500008,0.1108423913043477,0.24093406593406552,0.010842391304347694,0.1,0.06593406593406578,0.09999999999999971,0.025,0.05,0.0,0.0,0.08
2.852478,95,11524.331112,hard,0.660812356979405,2.660812356979405,2,950,8,4,4,4,4,0,0,0,0,0.02906178489702505,0.05651098901098924,0.013999999999999397,0.6791208791208786,1.0,5,True,139,0.10966549295774648,0.9444788732394368,0.7158309859154929,4.874771126760564,29,65.0,45.0,0.06153846153846154,0.16923076923076924,0.19172340579500008,0.11017162471395878,0.2564945054945054,0.010171624713958766,0.1,0.08149450549450542,0.09999999999999999,0.025,0.05,0.0,0.0,0.08
0.269647,77,11564.386128,hard,0.29360411899313493,0.29360411899313493,0,764,8,4,4,4,4,0,0,0,0,0.006247139588100631,0.014999999999999868,0.0,0.2104670329670323,0.0,1,False,166,0.12848591549295774,0.9154929577464821,0.6707042253521125,0.7470422535211267,30,65.0,49.0,0.06153846153846154,0.13846153846153847,0.16676100196548832,0.10218649885583522,0.030256043956043876,0.002186498855835221,0.1,0.025256043956043875,0.0,0.005,0.0,0.0,0.0,0.08
1.673404,79,11604.510599,hard,0.5647940503432487,1.5647940503432487,1,789,8,4,4,4,4,0,0,0,0,0.026864988558351694,0.02527472527472527,0.0951999999999959,0.6098901098901109,0.5991999999999958,5,False,120,0.08704225352112677,0.9776619718309847,0.6477464788732394,2.7889788732394365,34,65.0,48.0,0.06153846153846154,0.16923076923076924,0.3806086430999482,0.1094027459954231,0.15810681318681288,0.009402745995423092,0.1,0.0731868131868133,0.059919999999999585,0.025,0.0,0.0,0.0,0.08
2.794491,82,11645.495877,hard,0.6170480549199084,2.617048054919908,2,815,8,4,4,4,4,0,0,0,0,0.021264302059496365,0.008653846153846217,0.0,0.5124999999999997,1.0,4,True,170,0.13126760563380283,0.9585352112676058,0.6530422535211268,2.262535211267606,25,65.0,51.0,0.046153846153846156,0.12307692307692308,0.09911748204888313,0.10744250572082373,0.23149999999999998,0.007442505720823727,0.1,0.06149999999999998,0.09999999999999999,0.02,0.05,0.0,0.0,0.08
0.433098,88,11690.787286,hard,0.41899313501144164,0.41899313501144164,0,873,8,4,4,4,4,0,0,0,0,5.720823798627007e-05,0.0001373626373626375,0.0,0.5115384615384615,0.0,4,False,163,0.1135387323943662,0.9211267605633816,0.618732394366197,1.6385035211267605,29,65.0,46.0,0.07692307692307693,0.18461538461538463,0.1145020974334985,0.1000200228832952,0.0813846153846154,2.0022883295194524e-05,0.1,0.0613846153846154,0.0,0.02,0.0,0.0,0.0,0.08
2.841391,79,11747.506683,hard,0.6415160183066362,2.6415160183066364,2,790,8,4,4,4,4,0,0,0,0,0.03664187643020575,0.036923076923077135,0.0,0.6337499999999999,1.0,4,True,111,0.09132042253521126,0.9444788732394384,0.6439718309859157,3.084137323943662,33,65.0,43.0,0.09230769230769231,0.2,0.13491422385153698,0.11282465675057202,0.24605000000000005,0.012824656750572011,0.1,0.07605000000000002,0.1,0.02,0.05,0.0,0.0,0.08
0.4017,75,11786.299521,hard,0.38431922196796336,0.38431922196796336,0,741,8,4,4,4,4,0,0,0,0,0.011029748283752843,0.005769230769230833,0.005599999999999759,0.4182829670329667,0.024266666666666423,3,False,136,0.1223943661971831,0.953521126760564,0.7508732394366198,1.1999119718309859,40,65.0,51.0,0.06153846153846154,0.15384615384615385,0.1145020974334985,0.1038604118993135,0.06762062271062265,0.0038604118993134946,0.1,0.05019395604395601,0.0024266666666666425,0.015,0.0,0.0,0.0,0.08
2.746587,75,11824.400485,hard,0.5520308924485124,2.5520308924485127,2,748,8,4,4,4,4,0,0,0,0,0.00952517162471387,0.022870879120878908,0.0,0.6661401098901139,1.0,5,True,81,0.06744718309859155,0.9503098591549297,0.7585352112676051,1.9778697183098592,36,65.0,44.0,0.06153846153846154,0.15384615384615385,0.16676100196548832,0.09441919739259351,0.25493681318681366,0.003333810068649854,0.09108538732394365,0.07993681318681367,0.1,0.025,0.05,0.0,0.0,0.08
2.799654,79,11864.137665,hard,0.6075972540045768,2.6075972540045766,2,785,8,4,4,4,4,0,0,0,0,0.04080091533180767,0.045755494505494654,0.1266999999999988,0.5523076923076902,0.9999999999999959,4,True,160,0.10022887323943662,0.9251549295774656,0.7681971830985914,4.275598591549295,40,65.0,54.0,0.06153846153846154,0.15384615384615385,0.1956217818146278,0.1142803203661327,0.23627692307692238,0.014280320366132686,0.1,0.0662769230769228,0.0999999999999996,0.02,0.05,0.0,0.0,0.08
0.203212,74,11901.484793,hard,0.2589473684210527,0.2589473684210527,0,738,7,3,4,3,4,0,0,0,1,0.010091533180778064,0.0,0.0,0.16277472527472528,0.0,1,False,94,0.08443661971830986,0.9267605633802831,0.7855774647887331,1.0888028169014083,33,65.0,42.0,0.07692307692307693,0.18461538461538463,0.05733775266807337,0.07353203661327233,0.02453296703296703,0.0035320366132723224,0.1,0.01953296703296703,0.0,0.005,0.0,0.0,0.03,0.08
0.382081,76,11940.089479,hard,0.3704233409610984,0.3704233409610984,0,754,8,4,4,4,4,0,0,0,0,0.013335240274599643,0.03201923076923101,0.0,0.3949175824175808,0.0,3,False,146,0.12485915492957747,0.9849014084507056,0.5660563380281691,3.552517605633803,21,65.0,41.0,0.09230769230769231,0.2,0.19172340579500008,0.10466733409610988,0.062390109890109686,0.004667334096109874,0.1,0.04739010989010969,0.0,0.015,0.0,0.0,0.0,0.08
0.44204,77,11978.472376,hard,0.41945652173913045,0.41945652173913045,0,765,8,4,4,4,4,0,0,0,0,0.007328375286041261,0.017596153846154018,0.0,0.5126510989010982,0.0,3,False,137,0.12371478873239436,0.946591549295778,0.6123380281690136,0.9175528169014084,32,65.0,48.0,0.06153846153846154,0.16923076923076924,0.19172340579500008,0.10256493135011445,0.07651813186813175,0.0025649313501144412,0.1,0.06151813186813175,0.0,0.015,0.0,0.0,0.0,0.08
0.460417,81,12040.910457,hard,0.4307551487414188,0.4307551487414188,0,805,8,4,4,4,4,0,0,0,0,0.022602974828375373,0.008942307692307791,0.0,0.5195879120879118,0.049,3,False,140,0.11563380281690142,0.9713521126760563,0.7785070422535214,1.619806338028169,27,65.0,49.0,0.1076923076923077,0.2,0.09911748204888313,0.10791104118993139,0.08225054945054941,0.00791104118993138,0.1,0.062350549450549415,0.004900000000000001,0.015,0.0,0.0,0.0,0.08
0.441927,86,12084.726351,hard,0.4205949656750572,0.4205949656750572,0,855,8,4,4,4,4,0,0,0,0,0.014244851258581248,0.03420329670329673,0.0,0.5153846153846138,0.0,4,False,110,0.08575704225352113,0.9541971830985936,0.7167323943661967,1.0478345070422534,26,65.0,44.0,0.06153846153846154,0.16923076923076924,-0.0,0.10498569794050344,0.08184615384615364,0.004985697940503436,0.1,0.061846153846153634,0.0,0.02,0.0,0.0,0.0,0.08
0.470911,85,12126.796817,hard,0.43821510297482835,0.43821510297482835,0,841,8,4,4,4,4,0,0,0,0,0.028209382151029805,0.04465659340659364,0.0,0.5576923076923067,0.0,4,False,165,0.14315140845070423,0.9537183098591568,0.7252112676056345,1.4891901408450705,24,65.0,48.0,0.046153846153846156,0.13846153846153847,0.15610566617587138,0.10987328375286043,0.08692307692307681,0.009873283752860429,0.1,0.06692307692307681,0.0,0.02,0.0,0.0,0.0,0.08
0.472955,81,12165.254626,hard,0.4362128146453089,0.4362128146453089,0,802,8,4,4,4,4,0,0,0,0,0.030274599542334087,0.025384615384615554,0.0,0.5528846153846141,0.0,4,False,96,0.08535211267605634,0.964591549295777,0.7625633802816913,1.3358978873239438,43,65.0,46.0,0.06153846153846154,0.18461538461538463,0.09911748204888313,0.11059610983981694,0.08634615384615368,0.010596109839816929,0.1,0.06634615384615368,0.0,0.02,0.0,0.0,0.0,0.08
0.483761,77,12201.009009,hard,0.47914187643020595,0.47914187643020595,0,769,8,4,4,4,4,0,0,0,0,0.02558924485125842,0.012692307692307645,0.0,0.40870879120879067,0.0,3,False,92,0.05669014084507042,0.9373521126760592,0.5002253521126758,1.44943661971831,18,65.0,43.0,0.07692307692307693,0.16923076923076924,0.16676100196548832,0.09747384133174328,0.06404505494505487,0.008956235697940445,0.08851760563380283,0.04904505494505487,0.0,0.015,0.0,0.0,0.0,0.08
2.807393,83,12239.179543,hard,0.6430205949656751,2.643020594965675,2,822,8,4,4,4,4,0,0,0,0,0.04216819221967889,0.0,0.2036999999999955,0.3901098901098901,0.9999999999999959,3,True,183,0.13786971830985917,0.9244788732394367,0.8329577464788731,2.5296830985915495,42,65.0,47.0,0.046153846153846156,0.13846153846153847,0.16676100196548832,0.11475886727688761,0.2118131868131864,0.014758867276887612,0.1,0.0468131868131868,0.09999999999999958,0.015,0.05,0.0,0.0,0.08
1.63139,78,12283.960595,hard,0.562517162471395,1.5625171624713952,1,778,8,4,4,4,4,0,0,0,0,0.032316933638442624,0.0,0.12459999999999462,0.3864010989010989,0.5399333333333279,3,False,96,0.07225352112676056,0.9460845070422542,0.7376619718309863,1.5844894366197184,34,65.0,44.0,0.07692307692307693,0.16923076923076924,0.37748270497251213,0.11131092677345492,0.11536146520146469,0.011310926773454917,0.1,0.04636813186813188,0.05399333333333281,0.015,0.0,0.0,0.0,0.08
2.894969,100,12332.222929,hard,0.69220823798627,2.6922082379862697,2,1000,8,4,4,4,4,0,0,0,0,0.037002288329519316,0.03923076923076925,0.0,0.7802197802197871,1.0,6,True,95,0.06491197183098592,0.9154929577464807,0.692873239436619,2.0958978873239436,37,65.0,51.0,0.07692307692307693,0.16923076923076924,0.2220630225397998,0.1091347797885712,0.2736263736263745,0.01295080091533176,0.09618397887323944,0.09362637362637447,0.1,0.030000000000000002,0.05,0.0,0.0,0.08
0.375553,78,12371.164941,hard,0.37143020594965676,0.37143020594965676,0,773,8,4,4,4,4,0,0,0,0,0.010692219679633939,0.025673076923077097,0.0,0.39733516483516357,0.0,2,False,120,0.11485915492957746,0.9267605633802841,0.5145915492957741,0.41,24,65.0,43.0,0.06153846153846154,0.15384615384615385,0.1956217818146278,0.10374227688787188,0.05768021978021963,0.003742276887871879,0.1,0.04768021978021963,0.0,0.01,0.0,0.0,0.0,0.08
0.322462,83,12409.774869,hard,0.3467620137299772,0.3467620137299772,0,825,8,4,4,4,4,0,0,0,0,0.002883295194508041,0.006923076923076999,0.0,0.3381043956043953,0.0,2,False,76,0.06482394366197183,0.9726478873239444,0.7673802816901408,1.8490140845070422,36,65.0,45.0,0.09230769230769231,0.2,0.22338824700260326,0.08762711106455669,0.05057252747252744,0.0010091533180778141,0.08661795774647887,0.04057252747252744,0.0,0.01,0.0,0.0,0.0,0.08
0.292651,75,12444.582195,hard,0.30733409610983975,0.30733409610983975,0,744,8,4,4,4,4,0,0,0,0,0.0014416475972539424,0.003461538461538312,0.0,0.24343406593406577,0.0,2,False,128,0.09359154929577465,0.928563380281692,0.7581690140845075,1.4624119718309858,30,65.0,50.0,0.06153846153846154,0.15384615384615385,0.3430042135170806,0.10050457665903889,0.0392120879120879,0.0005045766590388799,0.1,0.0292120879120879,0.0,0.01,0.0,0.0,0.0,0.08
0.303379,74,12479.467124,hard,0.31362128146453083,0.31362128146453083,0,732,8,4,4,4,4,0,0,0,0,0.005526315789473654,0.013269230769230698,0.0,0.2585302197802191,0.0,2,False,82,0.08327464788732394,0.9211267605633812,0.8166760563380281,2.3654225352112674,47,65.0,40.0,0.09230769230769231,0.2,0.24835065083211508,0.10193421052631578,0.0410236263736263,0.001934210526315779,0.1,0.031023626373626295,0.0,0.01,0.0,0.0,0.0,0.08
2.868264,100,12535.002767,hard,0.702116704805492,2.702116704805492,2,1000,8,4,4,4,4,0,0,0,0,0.029782608695652343,0.04381868131868142,0.0,0.569642857142855,1.0,5,True,96,0.059154929577464786,0.9366197183098606,0.6003380281690143,1.8293661971830986,26,65.0,43.0,0.06153846153846154,0.18461538461538463,0.19172340579500008,0.10279011022657691,0.2433571428571426,0.010423913043478318,0.0923661971830986,0.06835714285714262,0.09999999999999999,0.025,0.05,0.0,0.0,0.08
0.457872,81,12573.423087,hard,0.39215675057208216,0.39215675057208216,0,803,8,4,4,4,4,0,0,0,0,0.030085812356979196,0.0581043956043957,0.0,0.37348901098900944,0.6066666666666667,2,False,127,0.10827464788732394,0.9372394366197198,0.7234366197183099,1.2299823943661972,46,65.0,45.0,0.07692307692307693,0.18461538461538463,-0.0,0.11053003432494272,0.11548534798534779,0.010530034324942717,0.1,0.04481868131868113,0.06066666666666667,0.01,0.0,0.0,0.0,0.08
2.711603,83,12613.58282,hard,0.5145137299771168,2.514513729977117,2,830,8,4,4,4,4,0,0,0,0,0.05989130434782613,0.06537087912087929,0.1903333333333336,0.5760576923076899,0.9999999999999961,4,True,189,0.15908450704225352,0.9447887323943653,0.5851830985915492,1.4568485915492957,27,65.0,44.0,0.07692307692307693,0.2,0.16676100196548832,0.12096195652173915,0.2391269230769224,0.020961956521739145,0.1,0.0691269230769228,0.09999999999999962,0.02,0.05,0.0,0.0,0.08
2.734912,80,12652.11873,hard,0.5617906178489703,2.5617906178489704,2,798,8,4,4,4,4,0,0,0,0,0.04240846681922109,0.011826923076923207,0.2183999999999946,0.44232142857142803,0.9999999999999962,3,True,144,0.10183098591549296,0.9211267605633809,0.7482535211267606,2.1285387323943663,37,65.0,47.0,0.07692307692307693,0.16923076923076924,-0.0,0.11484296338672739,0.218078571428571,0.014842963386727382,0.1,0.05307857142857137,0.09999999999999964,0.015,0.05,0.0,0.0,0.08
0.489242,79,12691.065513,hard,0.4098512585812348,0.4098512585812348,0,785,8,4,4,4,4,0,0,0,0,0.020663615560639885,0.0,0.09939999999999598,0.3987637362637363,0.6780666666666624,3,False,120,0.08704225352112677,0.9823661971830998,0.6699436619718305,1.8366197183098592,27,65.0,42.0,0.09230769230769231,0.2153846153846154,0.05733775266807337,0.10723226544622397,0.13065831501831457,0.00723226544622396,0.1,0.04785164835164833,0.06780666666666624,0.015,0.0,0.0,0.0,0.08
0.350942,79,12729.820663,hard,0.35005720823798625,0.35005720823798625,0,782,8,4,4,4,4,0,0,0,0,0.007322654462242568,0.017582417582417593,0.0,0.34601648351648273,0.0,3,False,144,0.11492957746478873,0.9211267605633809,0.6381971830985914,1.1933274647887324,39,65.0,52.0,0.046153846153846156,0.13846153846153847,0.1145020974334985,0.10256292906178491,0.05652197802197793,0.002562929061784898,0.1,0.04152197802197793,0.0,0.015,0.0,0.0,0.0,0.08
2.744597,76,12764.541635,hard,0.5802574370709384,2.580257437070938,2,757,8,4,4,4,4,0,0,0,0,0.004685354691075531,0.01125000000000004,0.0,0.4866620879120874,1.0,2,True,219,0.1496830985915493,0.9211267605633813,0.6952394366197185,2.1417957746478873,37,65.0,48.0,0.046153846153846156,0.12307692307692308,0.19172340579500008,0.10163987414187645,0.21839945054945048,0.0016398741418764359,0.1,0.058399450549450484,0.1,0.01,0.05,0.0,0.0,0.08
0.281835,75,12808.479377,hard,0.3119050343249428,0.3119050343249428,0,750,8,4,4,4,4,0,0,0,0,0.0025228832951945356,0.006057692307692374,0.0,0.2544093406593404,0.0,1,False,92,0.05669014084507042,0.9154929577464814,0.6447887323943658,1.5360915492957747,27,65.0,45.0,0.06153846153846154,0.16923076923076924,0.2220630225397998,0.08940061478712091,0.035529120879120836,0.0008830091533180875,0.08851760563380283,0.03052912087912084,0.0,0.005,0.0,0.0,0.0,0.08
0.290187,76,12844.155936,hard,0.3033752860411899,0.3033752860411899,0,753,8,4,4,4,4,0,0,0,0,0.02582951945080097,0.021057692307692447,0.0,0.2339285714285715,0.0,1,False,138,0.12711267605633803,0.921126760563382,0.5229295774647884,0.658556338028169,13,65.0,37.0,0.26153846153846155,0.35384615384615387,0.6666700335123144,0.10904033180778035,0.03307142857142858,0.00904033180778034,0.1,0.02807142857142858,0.0,0.005,0.0,0.0,0.0,0.08
0.413579,77,12882.913547,hard,0.39679061784897035,0.39679061784897035,0,761,8,4,4,4,4,0,0,0,0,0.008289473684210617,0.019903846153846372,0.0,0.4582280219780211,0.0,3,False,196,0.13933098591549295,0.9341971830985931,0.5859154929577463,0.4685387323943662,21,65.0,46.0,0.07692307692307693,0.16923076923076924,0.13491422385153698,0.10290131578947372,0.06998736263736252,0.002901315789473716,0.1,0.05498736263736253,0.0,0.015,0.0,0.0,0.0,0.08
0.225968,75,12919.164566,hard,0.2200572082379863,0.2200572082379863,0,744,8,4,4,4,4,0,0,0,0,0.008169336384439431,0.019615384615384788,0.0,0.5283791208791201,0.0,3,False,72,0.0573943661971831,0.9686760563380283,0.5284507042253517,0.584718309859155,20,65.0,39.0,0.12307692307692308,0.23076923076923078,0.4728288599879484,0.08190504238244113,0.0784054945054944,0.002859267734553801,0.07904577464788733,0.0634054945054944,0.0,0.015,0.0,0.0,0.0,0.08
0.364889,74,12956.618656,hard,0.3986784897025171,0.3986784897025171,0,739,6,2,4,2,4,0,0,0,2,0.0010812356979404633,0.0002884615384615417,0.005599999999999759,0.3469917582417582,0.2809333333333331,2,False,166,0.1322887323943662,0.9154929577464811,0.6863098591549298,1.4235915492957747,32,65.0,49.0,0.07692307692307693,0.2,0.16676100196548832,0.040378432494279165,0.07973234432234429,0.00037843249427916214,0.1,0.04163901098901099,0.02809333333333331,0.01,0.0,0.0,0.06,0.08
2.752718,77,12995.415415,hard,0.5894221967963388,2.5894221967963387,2,770,8,4,4,4,4,0,0,0,0,0.019342105263158108,0.017019230769230956,0.0,0.4043818681318674,1.0,3,True,139,0.08945422535211267,0.9592112676056336,0.6895774647887325,3.8333450704225354,28,65.0,38.0,0.09230769230769231,0.23076923076923078,0.24645788980805483,0.10676973684210535,0.2135258241758241,0.006769736842105337,0.1,0.04852582417582409,0.1,0.015,0.05,0.0,0.0,0.08
0.407535,96,13050.634504,hard,0.4363386727688788,0.4363386727688788,0,956,8,4,4,4,4,0,0,0,0,0.0002402745995423368,0.0005769230769230834,0.0,0.3059340659340659,0.0,2,False,112,0.09137323943661972,0.9154929577464824,0.5434929577464785,1.7605105633802818,21,65.0,52.0,0.07692307692307693,0.16923076923076924,0.23296603544749966,0.10008409610983983,0.04671208791208792,8.409610983981787e-05,0.1,0.036712087912087916,0.0,0.01,0.0,0.0,0.0,0.08
0.247613,73,13086.529806,hard,0.2654462242562929,0.2654462242562929,0,724,7,3,4,3,4,0,0,0,1,0.007866132723112122,0.018887362637362622,0.0,0.3901098901098893,0.0,3,False,101,0.09607394366197183,0.9292394366197203,0.49746478873239375,0.9828697183098591,21,65.0,39.0,0.07692307692307693,0.18461538461538463,0.05733775266807337,0.07275314645308925,0.061813186813186705,0.0027531464530892425,0.1,0.046813186813186705,0.0,0.015,0.0,0.0,0.03,0.08
0.508803,77,13123.136423,hard,0.45584096109839817,0.45584096109839817,0,768,8,4,4,4,4,0,0,0,0,0.018861556064072887,0.024519230769230852,0.0,0.4682829670329659,0.31966666666666665,3,False,143,0.10121478873239437,0.9767887323943667,0.7228450704225348,2.3669542253521128,28,65.0,43.0,0.13846153846153847,0.24615384615384617,0.1145020974334985,0.10660154462242552,0.10316062271062255,0.006601544622425511,0.1,0.05619395604395589,0.03196666666666667,0.015,0.0,0.0,0.0,0.08
0.225383,75,13160.631039,hard,0.2353203661327232,0.2353203661327232,0,745,8,4,4,4,4,0,0,0,0,0.004084668192219725,0.009807692307692416,0.0,0.31777472527472483,0.0,1,False,122,0.11003521126760564,0.9154929577464811,0.5852394366197179,0.5047183098591549,18,65.0,47.0,0.07692307692307693,0.2,0.13491422385153698,0.10142963386727691,0.04313296703296699,0.0014296338672769035,0.1,0.038132967032966994,0.0,0.005,0.0,0.0,0.0,0.08
1.55529,81,13200.037695,hard,0.4077803203661327,1.4077803203661328,1,810,8,4,4,4,4,0,0,0,0,0.0398398169336375,0.02527472527472527,0.17079999999999454,0.2880494505494497,0.9999999999999982,2,True,107,0.09704225352112676,0.9285633802816918,0.8372957746478888,1.5511795774647887,45,65.0,46.0,0.046153846153846156,0.13846153846153847,0.2220630225397998,0.11394393592677313,0.19456593406593375,0.013943935926773123,0.1,0.03456593406593396,0.09999999999999981,0.01,0.05,0.0,0.0,0.08
2.671701,81,13239.788412,hard,0.5148741418764302,2.5148741418764304,2,806,8,4,4,4,4,0,0,0,0,0.03676201372997606,0.0,0.1840999999999938,0.32967032967032966,0.9999999999999982,3,True,160,0.09859154929577464,0.9492957746478877,0.7516619718309858,1.9487852112676056,43,65.0,49.0,0.06153846153846154,0.16923076923076924,0.2220630225397998,0.11286670480549163,0.2045604395604394,0.012866704805491623,0.1,0.03956043956043956,0.09999999999999983,0.015,0.05,0.0,0.0,0.08
0.393202,79,13276.654673,hard,0.37128146453089245,0.37128146453089245,0,788,8,4,4,4,4,0,0,0,0,0.03447940503432498,0.017019230769230873,0.0,0.34793956043955965,0.119,3,False,99,0.07019366197183098,0.9332676056338038,0.6871267605633803,1.1081338028169014,36,65.0,50.0,0.06153846153846154,0.13846153846153847,0.05733775266807337,0.11206779176201374,0.06865274725274714,0.01206779176201374,0.1,0.04175274725274714,0.0119,0.015,0.0,0.0,0.0,0.08
2.818596,75,13320.522409,hard,0.6229748283752862,2.6229748283752863,2,748,8,4,4,4,4,0,0,0,0,0.027751716247139555,0.019038461538461723,0.1154999999999993,0.5892307692307698,0.9999999999999959,4,True,144,0.11492957746478873,0.9323943661971824,0.7945915492957745,4.125492957746479,34,65.0,43.0,0.07692307692307693,0.18461538461538463,0.16676100196548832,0.10971310068649885,0.240707692307692,0.009713100686498843,0.1,0.07070769230769239,0.09999999999999962,0.02,0.05,0.0,0.0,0.08
0.305372,75,13355.238532,hard,0.3183123569794051,0.3183123569794051,0,741,8,4,4,4,4,0,0,0,0,0.010812356979405108,0.003173076923076958,0.0,0.2697939560439559,0.0,1,False,175,0.13184859154929576,0.944788732394369,0.5059154929577461,0.6922887323943662,17,65.0,47.0,0.046153846153846156,0.13846153846153847,0.16676100196548832,0.10378432494279179,0.03737527472527471,0.0037843249427917873,0.1,0.03237527472527471,0.0,0.005,0.0,0.0,0.0,0.08
0.48481,97,13402.222777,hard,0.47665903890160183,0.47665903890160183,0,966,8,4,4,4,4,0,0,0,0,0.01357551487414198,0.016730769230769313,0.0,0.4999999999999995,0.0,4,False,116,0.08457746478873239,0.9332112676056337,0.7365352112676052,3.619630281690141,22,65.0,52.0,0.06153846153846154,0.15384615384615385,0.1956217818146278,0.1047514302059497,0.07999999999999993,0.004751430205949692,0.1,0.059999999999999935,0.0,0.02,0.0,0.0,0.0,0.08
0.513028,78,13442.633493,hard,0.46756864988558355,0.46756864988558355,0,777,8,4,4,4,4,0,0,0,0,0.022225400457665957,0.05336538461538474,0.0,0.6281730769230778,0.0,4,False,164,0.15126760563380282,0.9605633802816905,0.621014084507042,3.6879577464788733,27,65.0,47.0,0.07692307692307693,0.16923076923076924,0.1145020974334985,0.10777889016018309,0.09538076923076931,0.007778890160183085,0.1,0.0753807692307693,0.0,0.02,0.0,0.0,0.0,0.08
1.712676,79,13481.03684,hard,0.6079519450800909,1.607951945080091,1,781,8,4,4,4,4,0,0,0,0,0.06127002288329451,0.0023076923076923088,0.11899999999999661,0.39010989010989,0.7956666666666615,3,False,137,0.1198943661971831,0.9887323943661965,0.7309014084507042,3.230281690140845,35,65.0,48.0,0.06153846153846154,0.16923076923076924,0.2783171932701801,0.12144450800915307,0.141379853479853,0.021444508009153075,0.1,0.0468131868131868,0.07956666666666616,0.015,0.0,0.0,0.0,0.08
0.449143,76,13520.341872,hard,0.4234210526315789,0.4234210526315789,0,752,8,4,4,4,4,0,0,0,0,0.014056064073226182,0.013269230769230788,0.0,0.5221703296703292,0.0,3,False,92,0.0697887323943662,0.9398309859154964,0.47614084507042254,1.1381514084507043,26,65.0,40.0,0.06153846153846154,0.15384615384615385,-0.0,0.10326117172140384,0.07766043956043951,0.004919622425629163,0.09834154929577467,0.06266043956043951,0.0,0.015,0.0,0.0,0.0,0.08
1.633053,76,13568.133206,hard,0.4674427917620135,1.4674427917620134,1,759,8,4,4,4,4,0,0,0,0,0.03787757437070851,0.007005494505494507,0.16939999999999616,0.3604395604395601,0.9999999999999967,3,True,138,0.11232394366197183,0.9267605633802817,0.8152112676056338,1.797781690140845,44,65.0,45.0,0.07692307692307693,0.18461538461538463,0.19172340579500008,0.11325715102974798,0.20825274725274684,0.013257151029747975,0.1,0.043252747252747206,0.09999999999999966,0.015,0.05,0.0,0.0,0.08
0.375779,80,13606.245006,hard,0.3792906178489702,0.3792906178489702,0,799,8,4,4,4,4,0,0,0,0,0.0032437070938215046,0.007788461538461525,0.0,0.33543956043956014,0.0,3,False,106,0.0653169014084507,0.9360000000000008,0.6637464788732393,1.4829929577464789,35,65.0,49.0,0.06153846153846154,0.16923076923076924,0.16676100196548832,0.10113529748283753,0.05525274725274721,0.0011352974828375266,0.1,0.04025274725274721,0.0,0.015,0.0,0.0,0.0,0.08
0.327421,77,13643.269042,hard,0.29932494279176175,0.29932494279176175,0,766,8,4,4,4,4,0,0,0,0,0.02510869565217339,0.0,0.027999999999998793,0.40645604395604396,0.12133333333333213,3,False,93,0.07859154929577465,0.992338028169014,0.6694647887323943,1.7535739436619717,35,65.0,48.0,0.07692307692307693,0.16923076923076924,0.13491422385153698,0.1087880434782607,0.07590805860805848,0.008788043478260687,0.1,0.04877472527472527,0.012133333333333211,0.015,0.0,0.0,0.0,0.08
2.782843,79,13683.004668,hard,0.5990274599542335,2.5990274599542333,2,789,8,4,4,4,4,0,0,0,0,0.03039473684210438,0.019326923076923182,0.13019999999999438,0.5173076923076914,1.0,4,True,129,0.11987676056338029,0.9436619718309865,0.7389859154929577,2.9566901408450703,27,65.0,43.0,0.07692307692307693,0.2,0.05733775266807337,0.11063815789473654,0.23207692307692296,0.010638157894736534,0.1,0.06207692307692296,0.09999999999999998,0.02,0.05,0.0,0.0,0.08
0.359811,77,13721.399305,hard,0.33516018306636125,0.33516018306636125,0,766,8,4,4,4,4,0,0,0,0,0.01357551487414168,0.019326923076923182,0.03219999999999861,0.49999999999999906,0.13953333333333193,4,False,79,0.0573943661971831,0.9560563380281689,0.6078591549295771,0.6351760563380282,34,65.0,42.0,0.06153846153846154,0.16923076923076924,0.27983052257308394,0.08729720485383692,0.09395333333333308,0.004751430205949588,0.08254577464788733,0.05999999999999989,0.013953333333333194,0.02,0.0,0.0,0.0,0.08
1.576799,80,13759.871207,hard,0.513129290617849,1.513129290617849,1,795,8,4,4,4,4,0,0,0,0,0.011127002288329493,0.02527472527472527,0.0034999999999998496,0.7313186813186832,0.015166666666666516,6,False,149,0.13110915492957748,0.9462816901408472,0.6078309859154928,1.4399823943661971,32,65.0,49.0,0.06153846153846154,0.16923076923076924,0.21291484811933445,0.10389445080091533,0.11927490842490863,0.0038944508009153217,0.1,0.08775824175824198,0.0015166666666666516,0.030000000000000002,0.0,0.0,0.0,0.08
0.489483,85,13801.507448,hard,0.45463386727688787,0.45463386727688787,0,848,8,4,4,4,4,0,0,0,0,0.02284324942791768,0.004903846153846208,0.0,0.5971153846153846,0.0,4,False,157,0.14913732394366197,0.9348732394366231,0.6661408450704221,0.6222183098591549,21,65.0,47.0,0.09230769230769231,0.2,0.22338824700260326,0.1079951372997712,0.09165384615384616,0.007995137299771186,0.1,0.07165384615384615,0.0,0.02,0.0,0.0,0.0,0.08
0.515801,82,13851.938078,hard,0.46779176201372996,0.46779176201372996,0,815,8,4,4,4,4,0,0,0,0,0.040183066361556344,0.03259615384615399,0.0,0.6287087912087918,0.0,4,False,140,0.1364788732394366,0.9623098591549298,0.7436056338028165,1.3180281690140845,38,65.0,48.0,0.07692307692307693,0.16923076923076924,0.1956217818146278,0.11406407322654473,0.09544505494505501,0.01406407322654472,0.1,0.075445054945055,0.0,0.02,0.0,0.0,0.0,0.08
0.459184,78,13891.522444,hard,0.43033180778032,0.43033180778032,0,772,8,4,4,4,4,0,0,0,0,0.021384439359267506,0.0,0.04339999999999813,0.3901098901098901,0.36073333333333146,3,False,73,0.05890845070422535,0.9573521126760565,0.7921971830985911,2.361161971830986,37,65.0,44.0,0.06153846153846154,0.18461538461538463,0.09911748204888313,0.08816589180391265,0.09788652014651995,0.007484553775743628,0.08068133802816903,0.046813186813186816,0.036073333333333145,0.015,0.0,0.0,0.0,0.08
0.300611,89,13936.412442,hard,0.29814645308924487,0.29814645308924487,0,887,8,4,4,4,4,0,0,0,0,0.004925629290617882,0.011826923076923157,0.0,0.33978021978021933,0.18666666666666668,2,False,111,0.1045774647887324,0.9560563380281677,0.5152394366197184,1.5996478873239437,18,65.0,45.0,0.16923076923076924,0.26153846153846155,0.47972575962056196,0.10172397025171627,0.06944029304029299,0.0017239702517162587,0.1,0.040773626373626325,0.01866666666666667,0.01,0.0,0.0,0.0,0.08
2.83392,81,13975.872723,hard,0.631578947368421,2.6315789473684212,2,801,8,4,4,4,4,0,0,0,0,0.040726544622424705,0.02769230769230783,0.170099999999994,0.6098901098901109,0.9999999999999987,5,True,114,0.10954225352112676,0.9211267605633807,0.8140281690140846,2.5974823943661973,42,65.0,47.0,0.046153846153846156,0.13846153846153847,0.25206405738510845,0.11425429061784866,0.24818681318681313,0.014254290617848647,0.1,0.07318681318681329,0.09999999999999985,0.025,0.05,0.0,0.0,0.08
1.596622,86,14016.676408,hard,0.555766590389016,1.555766590389016,1,860,8,4,4,4,4,0,0,0,0,0.0449485125858124,0.008076923076923107,0.0,0.5926923076923073,0.0,4,False,106,0.0876056338028169,0.9629859154929593,0.7464225352112671,4.020809859154929,31,65.0,44.0,0.046153846153846156,0.13846153846153847,-0.0,0.11573197940503434,0.0911230769230769,0.015731979405034336,0.1,0.0711230769230769,0.0,0.02,0.0,0.0,0.0,0.08
0.353953,83,14058.439004,hard,0.3355263157894737,0.3355263157894737,0,826,8,4,4,4,4,0,0,0,0,0.01057208237986268,0.025384615384615335,0.0,0.4574175824175814,0.245,3,False,82,0.05591549295774648,0.9285633802816917,0.6291549295774643,0.6920070422535212,21,65.0,49.0,0.046153846153846156,0.13846153846153847,0.22338824700260326,0.0866368485512618,0.09439010989010976,0.0037002288329519377,0.08293661971830986,0.05489010989010976,0.0245,0.015,0.0,0.0,0.0,0.08
1.686374,80,14104.736035,hard,0.5710526315789474,1.5710526315789473,1,793,8,4,4,4,4,0,0,0,0,0.028112128146452753,0.0,0.05599999999999982,0.5131868131868131,0.8819999999999976,3,False,176,0.15211267605633802,0.9533239436619715,0.7852676056338027,1.8965845070422536,43,65.0,41.0,0.12307692307692308,0.26153846153846155,0.1145020974334985,0.10983924485125847,0.16478241758241735,0.00983924485125846,0.1,0.06158241758241757,0.08819999999999979,0.015,0.0,0.0,0.0,0.08
0.57119,79,14143.788171,hard,0.4995194508009149,0.4995194508009149,0,784,8,4,4,4,4,0,0,0,0,0.025228832951944682,0.03865384615384615,0.05319999999999771,0.6098901098901105,0.23053333333333104,5,False,135,0.10992957746478874,0.9211267605633816,0.6330422535211265,2.120757042253521,22,65.0,44.0,0.06153846153846154,0.16923076923076924,0.25415747777183406,0.10883009153318064,0.12124014652014636,0.008830091533180639,0.1,0.07318681318681326,0.023053333333333106,0.025,0.0,0.0,0.0,0.08
0.339926,79,14182.938749,hard,0.337070938215103,0.337070938215103,0,788,8,4,4,4,4,0,0,0,0,0.027511441647597112,0.021634615384615512,0.0,0.28021978021977917,0.084,2,False,112,0.09757042253521127,0.9454647887323973,0.6004507042253516,1.3084859154929578,25,65.0,46.0,0.06153846153846154,0.15384615384615385,0.19172340579500008,0.109629004576659,0.0520263736263735,0.009629004576658988,0.1,0.0336263736263735,0.0084,0.01,0.0,0.0,0.0,0.08
1.663897,83,14223.474889,hard,0.4848398169336384,1.4848398169336385,1,827,8,4,4,4,4,0,0,0,0,0.03359267734553772,0.03335164835164844,0.11479999999999933,0.49999999999999833,0.9999999999999959,4,True,100,0.07471830985915492,0.9613802816901413,0.9041408450704229,1.6701056338028168,47,65.0,42.0,0.07692307692307693,0.2,-0.0,0.1117574370709382,0.22999999999999943,0.0117574370709382,0.1,0.05999999999999981,0.0999999999999996,0.02,0.05,0.0,0.0,0.08
0.337442,73,14259.2877,hard,0.3363272311212815,0.3363272311212815,0,727,8,4,4,4,4,0,0,0,0,0.020783752860411737,0.0,0.0,0.31304945054945055,0.0,2,False,85,0.07529929577464789,0.9623661971830999,0.3615774647887323,0.6277112676056338,22,65.0,39.0,0.06153846153846154,0.18461538461538463,0.43548460635507646,0.10624878533213,0.04756593406593407,0.007274313501144108,0.0989744718309859,0.037565934065934066,0.0,0.01,0.0,0.0,0.0,0.08
1.645202,77,14296.600532,hard,0.5760926773455374,1.5760926773455375,1,767,8,4,4,4,4,0,0,0,0,0.02438787185354648,0.02625000000000015,0.05039999999999783,0.41207417582417455,0.5567333333333312,3,False,78,0.07753521126760564,0.9292394366197193,0.6475774647887326,2.837605633802817,32,65.0,45.0,0.09230769230769231,0.2153846153846154,0.13491422385153698,0.1056871635994455,0.12012223443223406,0.008535755148741265,0.09715140845070423,0.049448901098900946,0.055673333333333117,0.015,0.0,0.0,0.0,0.08
1.723718,84,14349.854065,hard,0.6331292906178484,1.6331292906178483,1,833,8,4,4,4,4,0,0,0,0,0.04228260869565132,0.027390109890110075,0.07769999999999665,0.6098901098901094,0.40903333333333,5,False,206,0.14767605633802816,0.9285633802816896,0.660619718309859,2.4538732394366196,32,65.0,49.0,0.046153846153846156,0.13846153846153847,-0.0,0.11479891304347797,0.13909014652014615,0.014798913043477963,0.1,0.07318681318681315,0.040903333333333,0.025,0.0,0.0,0.0,0.08
0.309076,81,14390.765494,hard,0.3250572082379863,0.3250572082379863,0,803,8,4,4,4,4,0,0,0,0,0.0,0.0,0.0,0.28598901098901097,0.0,2,False,166,0.14538732394366197,0.9613802816901413,0.8043098591549294,2.087095070422535,36,65.0,48.0,0.1076923076923077,0.2,0.09911748204888313,0.1,0.04431868131868133,0.0,0.1,0.03431868131868133,0.0,0.01,0.0,0.0,0.0,0.08
2.878639,84,14433.033692,hard,0.6724256292906179,2.672425629290618,2,837,8,4,4,4,4,0,0,0,0,0.028449656750572105,0.025618131868131912,0.0,0.7079670329670317,1.0,5,True,192,0.1707042253521127,0.934197183098595,0.6397183098591549,2.1025352112676057,25,65.0,50.0,0.06153846153846154,0.15384615384615385,0.1956217818146278,0.10995737986270024,0.25995604395604377,0.009957379862700238,0.1,0.08495604395604378,0.09999999999999999,0.025,0.05,0.0,0.0,0.08
2.822735,78,14470.399224,hard,0.6287986270022883,2.628798627002288,2,776,8,4,4,4,4,0,0,0,0,0.02614416475972533,0.05815934065934069,0.011199999999999518,0.6032142857142853,1.0,4,True,105,0.10399647887323944,0.9510985915492969,0.6892957746478876,3.485,34,65.0,48.0,0.06153846153846154,0.15384615384615385,0.09911748204888313,0.10915045766590387,0.2423857142857142,0.009150457665903864,0.1,0.0723857142857142,0.1,0.02,0.05,0.0,0.0,0.08
2.745142,76,14506.021848,hard,0.5980263157894736,2.5980263157894736,2,760,7,3,4,3,4,0,0,0,1,0.006264302059496492,0.01071428571428572,0.0,0.5076923076923072,1.0,4,True,124,0.08950704225352113,0.9211267605633814,0.7999718309859157,3.1855633802816903,44,65.0,39.0,0.07692307692307693,0.2153846153846154,0.1145020974334985,0.07219250572082378,0.23092307692307684,0.002192505720823772,0.1,0.06092307692307687,0.09999999999999999,0.02,0.05,0.0,0.03,0.08
0.199645,73,14539.138422,hard,0.3275171624713959,0.3275171624713959,0,729,4,0,4,0,4,0,0,0,4,0.0,0.0,0.0,0.2918956043956044,0.0,2,False,103,0.10651408450704225,0.9267605633802839,0.6532957746478872,1.0627288732394367,23,65.0,40.0,0.07692307692307693,0.16923076923076924,0.09911748204888313,-0.01999999999999999,0.04502747252747252,0.0,0.1,0.03502747252747252,0.0,0.01,0.0,0.0,0.12,0.08
0.462379,84,14579.675186,hard,0.43289473684210505,0.43289473684210505,0,840,8,4,4,4,4,0,0,0,0,0.01045194508009128,0.01067307692307694,0.03499999999999849,0.467994505494505,0.18666666666666515,3,False,144,0.14112676056338028,0.9711549295774644,0.7916056338028166,1.909242957746479,29,65.0,48.0,0.06153846153846154,0.15384615384615385,0.1956217818146278,0.10365818077803195,0.08982600732600711,0.0036581807780319475,0.1,0.05615934065934059,0.018666666666666516,0.015,0.0,0.0,0.0,0.08
0.295547,74,14630.362226,hard,0.3065331807780321,0.3065331807780321,0,735,8,4,4,4,4,0,0,0,0,0.010091533180778081,0.006346153846153877,0.0,0.24151098901098908,0.0,2,False,102,0.08413732394366197,0.9630422535211268,0.6521126760563378,2.0529049295774646,35,65.0,41.0,0.12307692307692308,0.23076923076923078,0.5070125155749924,0.10353203661327233,0.03898131868131868,0.0035320366132723284,0.1,0.02898131868131868,0.0,0.01,0.0,0.0,0.0,0.08
2.678149,92,14675.144536,hard,0.5135240274599542,2.513524027459954,2,917,8,4,4,4,4,0,0,0,0,0.004084668192219656,0.008653846153846146,0.0,0.549450549450549,1.0,5,True,90,0.06528169014084508,0.939154929577465,0.6454084507042258,2.348732394366197,23,65.0,49.0,0.06153846153846154,0.16923076923076924,0.19172340579500008,0.09539090147291068,0.24093406593406586,0.0014296338672768795,0.09396126760563381,0.06593406593406587,0.1,0.025,0.05,0.0,0.0,0.08
1.600444,100,14724.004951,hard,0.5775057208237985,1.5775057208237984,1,1000,8,4,4,4,4,0,0,0,0,0.013575514874141785,0.0245192307692309,0.0,0.609890109890111,0.0,5,False,136,0.11401408450704226,0.9247323943661983,0.5733521126760562,2.561901408450704,27,65.0,46.0,0.09230769230769231,0.2,0.09911748204888313,0.10475143020594962,0.0981868131868133,0.0047514302059496255,0.1,0.0731868131868133,0.0,0.025,0.0,0.0,0.0,0.08
2.76219,79,14762.954333,hard,0.5518306636155607,2.5518306636155605,2,786,8,4,4,4,4,0,0,0,0,0.04022883295194514,0.01623626373626377,0.1950000000000003,0.66565934065934,0.9999999999999961,5,True,149,0.12454225352112676,0.934816901408451,0.7653521126760562,1.8820598591549296,41,65.0,43.0,0.06153846153846154,0.18461538461538463,0.13491422385153698,0.1140800915331808,0.25487912087912035,0.014080091533180798,0.1,0.07987912087912076,0.0999999999999996,0.025,0.05,0.0,0.0,0.08
0.209055,74,14799.359759,hard,0.2226258581235698,0.2226258581235698,0,732,8,4,4,4,4,0,0,0,0,0.007328375286040952,0.0034615384615384994,0.0,0.26719780219780204,0.0,1,False,130,0.10630281690140846,0.9454084507042275,0.7276056338028172,0.4697711267605634,32,65.0,44.0,0.06153846153846154,0.18461538461538463,0.2220630225397998,0.10256493135011434,0.03706373626373625,0.0025649313501143333,0.1,0.03206373626373625,0.0,0.005,0.0,0.0,0.0,0.08
0.432755,78,14838.528732,hard,0.36487986270022854,0.36487986270022854,0,779,8,4,4,4,4,0,0,0,0,0.03399885583523998,0.027692307692307638,0.038499999999998334,0.4379945054945044,0.463166666666665,3,False,154,0.13415492957746478,0.9310422535211281,0.541408450704225,0.800580985915493,26,65.0,50.0,0.06153846153846154,0.13846153846153847,0.1956217818146278,0.111899599542334,0.11387600732600703,0.011899599542333994,0.1,0.05255934065934052,0.046316666666666506,0.015,0.0,0.0,0.0,0.08
0.356033,87,14890.657233,hard,0.37082379862700227,0.37082379862700227,0,866,8,4,4,4,4,0,0,0,0,0.0060068649885583756,0.0,0.0,0.39587912087912086,0.0,3,False,82,0.061602112676056336,0.9364225352112687,0.6423380281690138,0.7688732394366197,33,65.0,48.0,0.06153846153846154,0.16923076923076924,0.2690705926112252,0.08930398725303769,0.0625054945054945,0.0021024027459954314,0.08720158450704225,0.04750549450549451,0.0,0.015,0.0,0.0,0.0,0.08
1.611988,78,14929.687462,hard,0.48233981693363853,1.4823398169336386,1,773,7,3,4,3,4,0,0,0,1,0.010211670480549266,0.02451923076923093,0.0,0.4988049450549439,1.0,3,True,92,0.05669014084507042,0.9267605633802847,0.7449014084507053,1.4090669014084507,32,65.0,45.0,0.06153846153846154,0.18461538461538463,0.16676100196548832,0.06209169030199507,0.22485659340659325,0.003574084668192243,0.08851760563380283,0.05985659340659327,0.1,0.015,0.05,0.0,0.03,0.08
0.493177,84,14971.892269,hard,0.4636842105263154,0.4636842105263154,0,835,8,4,4,4,4,0,0,0,0,0.021521739130434408,0.0,0.012599999999999457,0.5,0.054599999999999455,4,False,107,0.10697183098591549,0.9855211267605652,0.7252957746478869,1.2408802816901408,24,65.0,45.0,0.09230769230769231,0.2,0.05733775266807337,0.10753260869565205,0.08545999999999994,0.007532608695652043,0.1,0.059999999999999984,0.005459999999999946,0.02,0.0,0.0,0.0,0.08
0.111662,74,15005.963173,hard,0.2633295194508009,0.2633295194508009,0,732,4,0,4,0,4,0,0,0,4,0.0,0.0,0.0,0.13777472527472528,0.0,1,False,120,0.08704225352112677,0.9211267605633824,0.571859154929577,0.7967605633802817,18,65.0,46.0,0.09230769230769231,0.18461538461538463,0.1145020974334985,-0.01999999999999999,0.021532967032967032,0.0,0.1,0.01653296703296703,0.0,0.005,0.0,0.0,0.12,0.08
0.266389,79,15044.501877,hard,0.2672711670480549,0.2672711670480549,0,786,8,4,4,4,4,0,0,0,0,0.0010812356979404568,0.0025961538461537342,0.0,0.39449175824175814,0.0,2,False,130,0.11063380281690141,0.9423098591549314,0.5729859154929574,0.7784154929577465,20,65.0,47.0,0.07692307692307693,0.2,0.09911748204888313,0.10037843249427916,0.05733901098901097,0.00037843249427915986,0.1,0.04733901098901097,0.0,0.01,0.0,0.0,0.0,0.08
0.347544,78,15081.734025,hard,0.3366475972540039,0.3366475972540039,0,773,8,4,4,4,4,0,0,0,0,0.018237986270022235,0.007445054945054952,0.0,0.3901098901098901,0.0,3,False,131,0.08672535211267605,0.9405070422535208,0.5903661971830981,0.47066901408450706,26,65.0,50.0,0.06153846153846154,0.16923076923076924,0.5589154856697518,0.10638329519450779,0.061813186813186816,0.006383295194507781,0.1,0.046813186813186816,0.0,0.015,0.0,0.0,0.0,0.08
1.649472,75,15118.611192,hard,0.4984553775743706,1.4984553775743705,1,743,7,3,4,3,4,0,0,0,1,0.03239130434782596,0.03392857142857116,0.10639999999999966,0.5374999999999984,0.9999999999999961,4,True,93,0.057306338028169014,0.9373521126760574,0.7859154929577461,1.5945774647887323,31,65.0,39.0,0.09230769230769231,0.2153846153846154,0.05733775266807337,0.07081671004286587,0.23449999999999943,0.011336956521739086,0.08947975352112678,0.06449999999999981,0.09999999999999962,0.02,0.05,0.0,0.03,0.08
2.678853,76,15164.792011,hard,0.5336212814645309,2.533621281464531,2,753,8,4,4,4,4,0,0,0,0,0.00925057208237992,0.022211538461538595,0.0,0.37468406593406495,1.0,2,True,93,0.06110915492957746,0.9323943661971829,0.7420563380281691,3.196830985915493,36,65.0,49.0,0.07692307692307693,0.18461538461538463,0.22338824700260326,0.09556956642601608,0.2049620879120878,0.0032377002288329713,0.0923318661971831,0.04496208791208779,0.1,0.01,0.05,0.0,0.0,0.08
0.294685,76,15202.911514,hard,0.29194508009153325,0.29194508009153325,0,757,8,4,4,4,4,0,0,0,0,0.007328375286041271,0.011250000000000124,0.0,0.27912087912087913,0.0,1,False,118,0.11929577464788732,0.9211267605633829,0.45707042253521096,0.31309859154929576,15,65.0,43.0,0.07692307692307693,0.2,0.16676100196548832,0.10256493135011445,0.03849450549450549,0.0025649313501144447,0.1,0.03349450549450549,0.0,0.005,0.0,0.0,0.0,0.06261971830985916
0.166102,75,15240.065118,hard,0.3080606407322654,0.3080606407322654,0,743,5,1,4,1,4,0,0,0,3,0.0010812356979405153,0.0025961538461538747,0.0,0.24517857142857133,0.0,1,False,59,0.05072183098591549,0.919521126760566,0.6881690140845076,1.1818133802816901,27,65.0,42.0,0.07692307692307693,0.18461538461538463,0.23296603544749966,-0.022080194266284187,0.03442142857142856,0.00037843249427918035,0.06754137323943663,0.029421428571428564,0.0,0.005,0.0,0.0,0.09,0.08
0.508304,100,15289.490443,hard,0.46969107551487366,0.46969107551487366,0,1000,8,4,4,4,4,0,0,0,0,0.024324942791761534,0.031868131868131866,0.06439999999999722,0.5182692307692292,0.27906666666666385,4,False,113,0.08545774647887323,0.8971830985915517,0.5438591549295774,1.8198239436619719,27,65.0,42.0,0.12307692307692308,0.24615384615384617,0.17149028156048673,0.10851372997711654,0.11009897435897388,0.008513729977116536,0.1,0.06219230769230749,0.027906666666666392,0.02,0.0,0.0,0.0,0.08
1.586155,87,15331.981982,hard,0.5151029748283753,1.5151029748283753,1,864,8,4,4,4,4,0,0,0,0,0.027826086956521633,0.02527472527472527,0.0,0.5903846153846142,0.36866666666666664,4,False,144,0.11873239436619719,0.9323943661971849,0.5729014084507041,1.2103697183098592,24,65.0,46.0,0.06153846153846154,0.16923076923076924,0.1956217818146278,0.10973913043478258,0.12771282051282037,0.009739130434782571,0.1,0.07084615384615373,0.036866666666666666,0.02,0.0,0.0,0.0,0.08
2.835439,85,15372.756202,hard,0.6965961098398168,2.696596109839817,2,843,8,4,4,4,4,0,0,0,0,0.001802059496567428,0.0,0.0,0.5,1.0,4,True,63,0.054683098591549295,0.9179718309859177,0.7238873239436622,3.6148767605633805,37,65.0,42.0,0.13846153846153847,0.24615384615384617,0.19172340579500008,0.07314304476746057,0.22999999999999998,0.0006307208237985997,0.07251232394366197,0.06,0.1,0.02,0.05,0.0,0.0,0.08
2.718069,77,15426.958013,hard,0.5245766590389015,2.5245766590389014,2,763,8,4,4,4,4,0,0,0,0,0.010045766590388904,0.02267857142857122,0.0,0.5939697802197808,1.0,5,True,120,0.08154929577464788,0.9767887323943659,0.6106478873239438,3.6525352112676055,25,65.0,42.0,0.07692307692307693,0.16923076923076924,0.13491422385153698,0.10351601830663612,0.24627637362637372,0.003516018306636116,0.1,0.07127637362637369,0.1,0.025,0.05,0.0,0.0,0.08
2.773736,83,15468.746717,hard,0.6078947368421053,2.6078947368421055,2,827,8,4,4,4,4,0,0,0,0,0.0352002288329509,0.015000000000000065,0.12249999999999471,0.5530219780219773,1.0,4,True,83,0.0511443661971831,0.9887323943661974,0.7560563380281693,3.4588028169014087,35,65.0,49.0,0.06153846153846154,0.15384615384615385,0.22338824700260326,0.09217835473942014,0.2363626373626373,0.012320080091532817,0.07985827464788732,0.06636263736263727,0.1,0.02,0.05,0.0,0.0,0.08
1.669301,79,15506.712075,hard,0.5745308924485123,1.5745308924485122,1,788,8,4,4,4,4,0,0,0,0,0.018981693363844088,0.0,0.11059999999999823,0.5,0.8969333333333286,4,False,59,0.0636443661971831,0.9341971830985913,0.6934084507042253,1.869612676056338,38,65.0,48.0,0.06153846153846154,0.13846153846153847,0.13491422385153698,0.08387686732523275,0.16969333333333284,0.006643592677345431,0.07723327464788732,0.059999999999999984,0.08969333333333286,0.02,0.0,0.0,0.0,0.08
2.721634,81,15545.627586,hard,0.5525400457665904,2.5525400457665905,2,807,8,4,4,4,4,0,0,0,0,0.04108695652173825,0.006923076923076999,0.2225999999999947,0.4201098901098898,0.9999999999999959,3,True,128,0.10179577464788732,0.9661971830985913,0.8241408450704227,3.933556338028169,29,65.0,48.0,0.06153846153846154,0.16923076923076924,0.15610566617587138,0.1143804347826084,0.21541318681318633,0.014380434782608385,0.1,0.050413186813186774,0.09999999999999959,0.015,0.05,0.0,0.0,0.08
1.617735,80,15585.415806,hard,0.5179118993135003,1.5179118993135003,1,793,8,4,4,4,4,0,0,0,0,0.03387871853546838,0.015288461538461607,0.13369999999999532,0.4035714285714278,0.8383666666666609,3,False,92,0.09760563380281691,0.9384225352112678,0.7440563380281691,2.1548415492957744,38,65.0,49.0,0.046153846153846156,0.13846153846153847,0.24645788980805483,0.11185755148741394,0.14726523809523745,0.011857551487413931,0.1,0.04842857142857135,0.0838366666666661,0.015,0.0,0.0,0.0,0.08
0.382562,78,15623.842819,hard,0.3684210526315789,0.3684210526315789,0,780,8,4,4,4,4,0,0,0,0,0.029508009153318204,0.01879120879120888,0.0,0.39010989010988933,0.0,3,False,114,0.10160211267605634,0.9267605633802819,0.660281690140845,0.8992605633802817,20,65.0,50.0,0.07692307692307693,0.16923076923076924,0.13491422385153698,0.11032780320366138,0.061813186813186725,0.010327803203661372,0.1,0.046813186813186726,0.0,0.015,0.0,0.0,0.0,0.08
2.714279,78,15679.06168,hard,0.5338958810068648,2.533895881006865,2,771,8,4,4,4,4,0,0,0,0,0.016699084668192005,0.02538461538461545,0.0,0.513653846153845,1.0,4,True,161,0.10683098591549296,0.9307887323943661,0.6830140845070424,1.5807218309859155,33,65.0,47.0,0.07692307692307693,0.2,0.1956217818146278,0.1058446796338672,0.2316384615384614,0.0058446796338672,0.1,0.06163846153846141,0.09999999999999999,0.02,0.05,0.0,0.0,0.08
0.472819,83,15720.414171,hard,0.4385011441647597,0.4385011441647597,0,823,8,4,4,4,4,0,0,0,0,0.023724256292906275,0.030865384615384742,0.0,0.4006868131868117,0.38266666666666665,3,False,74,0.06661971830985916,0.9721690140845065,0.6812394366197182,1.8408802816901408,37,65.0,47.0,0.06153846153846154,0.15384615384615385,0.15610566617587138,0.09526827843491155,0.10134908424908408,0.008303489702517196,0.08696478873239435,0.048082417582417415,0.03826666666666667,0.015,0.0,0.0,0.0,0.08
0.406201,75,15757.732269,hard,0.38952517162471384,0.38952517162471384,0,750,8,4,4,4,4,0,0,0,0,0.0034839816933637004,0.0002884615384615417,0.019599999999999153,0.3913598901098901,0.08493333333333249,3,False,148,0.13158450704225352,0.96230985915493,0.7455211267605633,3.677042253521127,31,65.0,46.0,0.07692307692307693,0.16923076923076924,0.19172340579500008,0.1012193935926773,0.07045652014652007,0.001219393592677295,0.1,0.046963186813186814,0.008493333333333249,0.015,0.0,0.0,0.0,0.08
1.695889,79,15796.581582,hard,0.5674885583524018,1.5674885583524016,1,783,8,4,4,4,4,0,0,0,0,0.04901029748283656,0.02335164835164835,0.22889999999999436,0.4574175824175813,0.9965666666666567,3,False,144,0.1280281690140845,0.9519154929577486,0.7068450704225353,3.1040845070422534,26,65.0,48.0,0.046153846153846156,0.13846153846153847,0.19172340579500008,0.1171536041189928,0.1695467765567754,0.01715360411899279,0.1,0.05489010989010974,0.09965666666666569,0.015,0.0,0.0,0.0,0.08
2.894368,78,15833.856923,hard,0.7142963386727688,2.714296338672769,2,771,8,4,4,4,4,0,0,0,0,0.008918764302059418,0.007788461538461623,0.017666666666666667,0.5337499999999996,0.9999999999999992,4,True,154,0.0948943661971831,0.9429859154929564,0.6204788732394366,3.6220422535211267,21,65.0,45.0,0.07692307692307693,0.18461538461538463,0.24645788980805483,0.1031215675057208,0.23404999999999992,0.0031215675057207964,0.1,0.06404999999999997,0.09999999999999994,0.02,0.05,0.0,0.0,0.08
2.720028,77,15871.45928,hard,0.5502974828375287,2.5502974828375287,2,766,8,4,4,4,4,0,0,0,0,0.03303775743707032,0.0034615384615384994,0.18409999999999632,0.4147252747252746,0.9999999999999959,3,True,112,0.0804225352112676,0.9718309859154927,0.713239436619718,2.530950704225352,23,65.0,41.0,0.07692307692307693,0.2153846153846154,0.05733775266807337,0.11156321510297462,0.21476703296703253,0.011563215102974611,0.1,0.04976703296703294,0.0999999999999996,0.015,0.05,0.0,0.0,0.08
1.791751,78,15911.505071,hard,0.6434439359267724,1.6434439359267725,1,774,8,4,4,4,4,0,0,0,0,0.03700228832951841,0.006923076923076912,0.19879999999999395,0.6800824175824188,0.861466666666658,5,False,120,0.1132394366197183,0.9381690140845073,0.7230704225352115,2.100580985915493,27,65.0,51.0,0.06153846153846154,0.13846153846153847,0.13491422385153698,0.11295080091533144,0.1927565567765561,0.012950800915331441,0.1,0.08160989010989027,0.08614666666666582,0.025,0.0,0.0,0.0,0.08
0.292384,77,15960.08219,hard,0.3334267734553775,0.3334267734553775,0,764,7,3,4,3,4,0,0,0,1,0.0020194508009152646,0.0010989010989010993,0.009099999999999607,0.28598901098901097,0.04876666666666627,2,False,89,0.06794014084507043,0.9267605633802831,0.7946478873239443,1.0696302816901408,27,65.0,47.0,0.06153846153846154,0.15384615384615385,0.1956217818146278,0.06616191341412316,0.04919534798534794,0.0007068077803203426,0.09545510563380281,0.034318681318681314,0.004876666666666627,0.01,0.0,0.0,0.03,0.08
2.675268,78,16000.094252,hard,0.5115160183066361,2.511516018306636,2,780,8,4,4,4,4,0,0,0,0,0.014319221967963383,0.012486263736263768,0.029333333333333354,0.43116758241758185,0.9999999999999987,3,True,157,0.13003521126760564,0.9551267605633811,0.7087042253521129,1.0092429577464788,28,65.0,51.0,0.1076923076923077,0.2,0.16676100196548832,0.1050117276887872,0.21674010989010967,0.005011727688787185,0.1,0.05174010989010982,0.09999999999999988,0.015,0.05,0.0,0.0,0.08
0.286406,78,16039.138408,hard,0.30188787185354693,0.30188787185354693,0,775,8,4,4,4,4,0,0,0,0,0.015137299771166809,0.0,0.0,0.22266483516483518,0.0,2,False,119,0.07987676056338028,0.9767887323943659,0.6439718309859155,1.179242957746479,39,65.0,50.0,0.06153846153846154,0.15384615384615385,0.2690705926112252,0.10529805491990839,0.03671978021978022,0.005298054919908383,0.1,0.02671978021978022,0.0,0.01,0.0,0.0,0.0,0.08
2.82913,96,16088.196792,hard,0.6443935926773455,2.6443935926773454,2,953,8,4,4,4,4,0,0,0,0,0.02330663615560635,0.025096153846154035,0.0,0.6406593406593394,1.0,5,True,168,0.14661971830985915,0.9631830985915486,0.7496619718309858,2.9019190140845073,29,65.0,48.0,0.046153846153846156,0.13846153846153847,0.1956217818146278,0.10815732265446223,0.25187912087912073,0.008157322654462222,0.1,0.07687912087912073,0.1,0.025,0.05,0.0,0.0,0.08
0.365109,75,16125.636554,hard,0.3622768878718536,0.3622768878718536,0,749,8,4,4,4,4,0,0,0,0,0.0076830663615560955,0.0020054945054945013,0.0,0.3753571428571428,0.0,2,False,116,0.09383802816901408,0.933267605633805,0.6035492957746474,0.5217077464788732,20,65.0,50.0,0.046153846153846156,0.13846153846153847,0.16676100196548832,0.10268907322654464,0.05504285714285712,0.002689073226544633,0.1,0.04504285714285712,0.0,0.01,0.0,0.0,0.0,0.08
1.754948,97,16173.946576,hard,0.7116704805491991,1.7116704805491991,1,965,8,4,4,4,4,0,0,0,0,0.009725400457665902,0.02335164835164835,0.0,0.7197802197802209,0.0,6,False,192,0.14450704225352112,0.9654647887323958,0.8033239436619716,1.7822887323943661,39,65.0,48.0,0.06153846153846154,0.15384615384615385,0.19172340579500008,0.10340389016018307,0.1163736263736265,0.0034038901601830653,0.1,0.0863736263736265,0.0,0.030000000000000002,0.0,0.0,0.0,0.08
2.771371,80,16222.900912,hard,0.6022311212814644,2.6022311212814646,2,794,8,4,4,4,4,0,0,0,0,0.03688215102974762,0.034326923076923234,0.0951999999999959,0.49999999999999833,1.0,4,True,89,0.05484154929577465,0.923549295774648,0.8320281690140845,2.959718309859155,37,65.0,48.0,0.046153846153846156,0.13846153846153847,0.2690705926112252,0.09853991483224266,0.22999999999999982,0.012908752860411668,0.08563116197183099,0.0599999999999998,0.1,0.02,0.05,0.0,0.0,0.08
0.399024,74,16260.480704,hard,0.402219679633867,0.402219679633867,0,733,8,4,4,4,4,0,0,0,0,0.01303203661327206,0.0,0.0,0.4054945054945055,0.0,3,False,80,0.05584507042253521,0.9436619718309864,0.6505915492957743,2.1598415492957748,26,65.0,44.0,0.1076923076923077,0.24615384615384617,0.4550414001713778,0.08644501563154663,0.06365934065934066,0.004561212814645221,0.08188380281690141,0.04865934065934066,0.0,0.015,0.0,0.0,0.0,0.08
0.547924,77,16298.597448,hard,0.48663043478260853,0.48663043478260853,0,770,8,4,4,4,4,0,0,0,0,0.01657894736842096,0.0051923076923077495,0.024499999999998943,0.5792307692307699,0.22983333333333228,4,False,153,0.15570422535211267,0.9695492957746488,0.5781690140845068,1.2584154929577465,34,65.0,46.0,0.06153846153846154,0.16923076923076924,0.09911748204888313,0.10580263157894734,0.1124910256410256,0.005802631578947337,0.1,0.06950769230769237,0.02298333333333323,0.02,0.0,0.0,0.0,0.08
2.797556,78,16338.065568,hard,0.6038329519450801,2.6038329519450802,2,776,8,4,4,4,4,0,0,0,0,0.04608695652173837,0.02527472527472527,0.2071999999999953,0.5432692307692295,0.9999999999999961,4,True,159,0.1241725352112676,0.9444788732394364,0.8574366197183095,2.1295598591549294,30,65.0,48.0,0.06153846153846154,0.15384615384615385,0.27983052257308394,0.11613043478260843,0.23519230769230715,0.01613043478260843,0.1,0.06519230769230754,0.09999999999999962,0.02,0.05,0.0,0.0,0.08
0.253993,74,16375.22516,hard,0.2800286041189931,0.2800286041189931,0,736,8,4,4,4,4,0,0,0,0,0.003483981693363811,0.008365384615384535,0.0,0.17787087912087876,0.0,1,False,168,0.1428169014084507,0.9251549295774658,0.8058309859154932,1.241637323943662,49,65.0,53.0,0.046153846153846156,0.13846153846153847,0.19172340579500008,0.10121939359267734,0.026344505494505458,0.001219393592677334,0.1,0.021344505494505457,0.0,0.005,0.0,0.0,0.0,0.08
1.587834,86,16417.128056,hard,0.5495766590389015,1.5495766590389015,1,859,8,4,4,4,4,0,0,0,0,0.0170594965675058,0.03923076923076949,0.0,0.6098901098901104,0.0,5,False,110,0.08183098591549295,0.9445352112676066,0.7434084507042249,2.389242957746479,28,65.0,46.0,0.046153846153846156,0.13846153846153847,0.1145020974334985,0.10597082379862703,0.09818681318681324,0.005970823798627028,0.1,0.07318681318681325,0.0,0.025,0.0,0.0,0.0,0.08
0.266515,73,16461.691825,hard,0.33613272311212816,0.33613272311212816,0,728,6,2,4,2,4,0,0,0,2,0.0019221967963386729,0.004615384615384616,0.0,0.3125824175824174,0.0,1,False,134,0.11313380281690141,0.9260845070422546,0.6950985915492958,0.8054929577464789,29,65.0,49.0,0.07692307692307693,0.16923076923076924,0.22338824700260326,0.04067276887871854,0.04250989010989009,0.0006727688787185355,0.1,0.037509890109890094,0.0,0.005,0.0,0.0,0.06,0.08
0.382544,79,16501.975017,hard,0.3736727688787186,0.3736727688787186,0,790,8,4,4,4,4,0,0,0,0,0.027271167048054788,0.013846153846153997,0.0,0.4027197802197796,0.0,2,False,144,0.13183098591549297,0.9830985915492975,0.7670140845070426,1.473362676056338,35,65.0,44.0,0.07692307692307693,0.15384615384615385,-0.0,0.10954490846681918,0.05832637362637356,0.009544908466819177,0.1,0.048326373626373556,0.0,0.01,0.0,0.0,0.0,0.08
0.387021,74,16539.329146,hard,0.37382723112128147,0.37382723112128147,0,736,8,4,4,4,4,0,0,0,0,0.009370709382151055,0.02105769230769243,0.0034999999999998496,0.39010989010988906,0.03149999999999985,3,False,78,0.07940140845070423,0.9405070422535247,0.5626478873239432,1.6623943661971832,23,65.0,42.0,0.06153846153846154,0.15384615384615385,0.23296603544749966,0.10183080462178103,0.06496318681318665,0.003279748283752869,0.09855105633802816,0.046813186813186664,0.003149999999999985,0.015,0.0,0.0,0.0,0.08
0.418191,79,16578.209368,hard,0.39773455377574346,0.39773455377574346,0,784,8,4,4,4,4,0,0,0,0,0.005286041189931122,0.0,0.030799999999998672,0.4054945054945055,0.13346666666666535,3,False,192,0.1576056338028169,0.9154929577464808,0.6354929577464785,0.6633098591549296,27,65.0,44.0,0.07692307692307693,0.18461538461538463,0.374863516979206,0.1018501144164759,0.07700600732600721,0.0018501144164758925,0.1,0.04865934065934067,0.013346666666666533,0.015,0.0,0.0,0.0,0.08
2.903507,74,16615.211355,hard,0.7155778032036614,2.7155778032036615,2,733,8,4,4,4,4,0,0,0,0,0.010028604118993182,0.009519230769230873,0.0,0.5643269230769228,1.0,4,True,171,0.1091725352112676,0.9722816901408446,0.6549014084507045,2.685211267605634,27,65.0,47.0,0.07692307692307693,0.16923076923076924,0.2894083110179803,0.10351001144164762,0.23771923076923074,0.003510011441647613,0.1,0.06771923076923074,0.1,0.02,0.05,0.0,0.0,0.08
0.375624,80,16655.166247,hard,0.3712242562929062,0.3712242562929062,0,795,8,4,4,4,4,0,0,0,0,0.002643020594965671,0.0063461538461538364,0.0,0.3939560439560437,0.007,3,False,131,0.11674295774647887,0.9551267605633827,0.69456338028169,1.7208978873239436,37,65.0,48.0,0.06153846153846154,0.15384615384615385,0.19753023273471912,0.100925057208238,0.06297472527472522,0.0009250572082379849,0.1,0.04727472527472523,0.0007000000000000001,0.015,0.0,0.0,0.0,0.08
1.600731,79,16693.947253,hard,0.5398512585812347,1.5398512585812347,1,782,8,4,4,4,4,0,0,0,0,0.03832379862700147,0.0,0.1441999999999946,0.5038461538461538,0.7228666666666604,4,False,55,0.03389084507042254,0.9504225352112695,0.6359436619718306,1.5750352112676056,21,65.0,49.0,0.06153846153846154,0.15384615384615385,0.19753023273471912,0.0663314633222674,0.1527482051282045,0.01341332951945051,0.052918133802816895,0.06046153846153844,0.07228666666666606,0.02,0.0,0.0,0.0,0.08
0.361887,79,16742.290119,hard,0.3597368421052632,0.3597368421052632,0,783,8,4,4,4,4,0,0,0,0,0.017540045766590306,0.012403846153846283,0.0,0.3692582417582411,0.0,2,False,120,0.09464788732394366,0.9323943661971853,0.6287887323943656,1.328080985915493,28,65.0,47.0,0.06153846153846154,0.16923076923076924,0.05733775266807337,0.10613901601830661,0.05431098901098892,0.006139016018306607,0.1,0.04431098901098892,0.0,0.01,0.0,0.0,0.0,0.08
0.566048,76,16780.612091,hard,0.4977631578947362,0.4977631578947362,0,755,8,4,4,4,4,0,0,0,0,0.026910755148740893,0.0,0.0832999999999964,0.5,0.48696666666666305,4,False,75,0.06422535211267606,0.9629859154929572,0.7194929577464787,1.8454577464788733,37,65.0,44.0,0.09230769230769231,0.18461538461538463,0.3244710394240263,0.09508777838656636,0.1286966666666663,0.009418764302059313,0.08566901408450704,0.05999999999999999,0.048696666666666305,0.02,0.0,0.0,0.0,0.08
0.515056,82,16822.0365,hard,0.46949656750572066,0.46949656750572066,0,811,8,4,4,4,4,0,0,0,0,0.03505720823798613,0.016730769230769413,0.03499999999999849,0.5424175824175816,0.21933333333333183,3,False,96,0.059154929577464786,0.9492957746478886,0.672676056338028,1.0911971830985916,20,65.0,47.0,0.06153846153846154,0.15384615384615385,0.13491422385153698,0.10463622006639374,0.10202344322344302,0.012270022883295146,0.09236619718309859,0.06509010989010983,0.021933333333333187,0.015,0.0,0.0,0.0,0.08
0.289819,75,16859.059539,hard,0.3232093821510298,0.3232093821510298,0,744,8,4,4,4,4,0,0,0,0,0.0044450800915332295,0.0,0.0,0.32967032967032966,0.0,3,False,63,0.044524647887323944,0.9849014084507043,0.696169014084507,2.809049295774648,33,65.0,45.0,0.06153846153846154,0.16923076923076924,0.13491422385153698,0.06644926394752959,0.05456043956043956,0.0015557780320366304,0.06489348591549296,0.03956043956043956,0.0,0.015,0.0,0.0,0.0,0.08
1.532677,74,16895.658653,hard,0.41332951945080093,1.4133295194508009,1,734,7,3,4,3,4,0,0,0,1,0.00792906178489707,0.008653846153846248,0.02520000000000003,0.33310439560439525,0.9999999999999989,2,True,150,0.135,0.9372957746478874,0.8178028169014083,2.0267077464788734,37,65.0,44.0,0.06153846153846154,0.15384615384615385,0.13491422385153698,0.07277517162471397,0.1999725274725273,0.0027751716247139744,0.1,0.03997252747252743,0.0999999999999999,0.01,0.05,0.0,0.03,0.08
1.601154,87,16938.150155,hard,0.4398741418764302,1.4398741418764303,1,861,8,4,4,4,4,0,0,0,0,0.04216819221967881,0.013557692307692357,0.2127999999999951,0.3968406593406587,0.9999999999999959,3,True,131,0.1172887323943662,0.9494366197183125,0.7682535211267604,1.486355633802817,43,65.0,51.0,0.06153846153846154,0.13846153846153847,0.16676100196548832,0.11475886727688758,0.21262087912087863,0.014758867276887584,0.1,0.047620879120879055,0.0999999999999996,0.015,0.05,0.0,0.0,0.08
0.285915,75,16975.864196,hard,0.30217391304347824,0.30217391304347824,0,749,8,4,4,4,4,0,0,0,0,0.022219679633866892,0.020467032967032964,0.0,0.23104395604395617,0.0,1,False,102,0.06285211267605634,0.9211267605633817,0.7730704225352114,1.4994366197183098,43,65.0,43.0,0.06153846153846154,0.15384615384615385,0.09911748204888313,0.10591597237889566,0.03272527472527475,0.007776887871853411,0.09813908450704226,0.027725274725274748,0.0,0.005,0.0,0.0,0.0,0.08
2.660005,78,17023.11675,hard,0.5395881006864989,2.539588100686499,2,771,8,4,4,4,4,0,0,0,0,0.007208237986270095,0.017307692307692482,0.0,0.38901098901098824,1.0,2,True,71,0.04375,0.9360000000000024,0.7117746478873246,4.317042253521127,28,65.0,49.0,0.06153846153846154,0.15384615384615385,0.09911748204888313,0.07083538329519454,0.20668131868131862,0.0025228832951945334,0.0683125,0.04668131868131859,0.1,0.01,0.05,0.0,0.0,0.08
0.321534,73,17058.555282,hard,0.3745137299771166,0.3745137299771166,0,726,6,2,4,2,4,0,0,0,2,0.003003432494279066,0.007211538461538197,0.0,0.40473901098901066,0.0,2,False,168,0.1428169014084507,0.9613802816901422,0.7974929577464791,1.6784859154929577,34,65.0,49.0,0.06153846153846154,0.15384615384615385,0.09911748204888313,0.041051201372997684,0.05856868131868129,0.001051201372997673,0.1,0.048568681318681285,0.0,0.01,0.0,0.0,0.06,0.08
2.688051,79,17096.664968,hard,0.5337643020594967,2.5337643020594967,2,790,8,4,4,4,4,0,0,0,0,0.023667048054919836,0.0034615384615384994,0.11339999999999935,0.37502747252747237,0.9999999999999961,2,True,106,0.07450704225352113,0.9492957746478876,0.7823661971830986,1.4582218309859154,39,65.0,39.0,0.09230769230769231,0.26153846153846155,0.21291484811933445,0.10828346681922195,0.2050032967032963,0.008283466819221944,0.1,0.04500329670329668,0.0999999999999996,0.01,0.05,0.0,0.0,0.08
0.279025,73,17133.307391,hard,0.3654233409610984,0.3654233409610984,0,726,5,1,4,1,4,0,0,0,3,0.0007208237986270103,0.00173076923076925,0.0,0.38291208791208786,0.0,2,False,134,0.09785211267605634,0.9445352112676081,0.7654366197183106,1.892411971830986,33,65.0,48.0,0.06153846153846154,0.15384615384615385,0.22338824700260326,0.010252288329519466,0.05594945054945055,0.0002522883295194536,0.1,0.04594945054945055,0.0,0.01,0.0,0.0,0.09,0.08
2.83324,79,17173.184382,hard,0.629462242562929,2.629462242562929,2,784,8,4,4,4,4,0,0,0,0,0.056001144164758945,0.0,0.2092999999999952,0.6048076923076923,0.9999999999999961,4,True,128,0.10834507042253522,0.9373521126760567,0.5878028169014085,1.7313028169014084,31,65.0,50.0,0.06153846153846154,0.15384615384615385,0.09911748204888313,0.11960040045766562,0.2425769230769227,0.019600400457665625,0.1,0.07257692307692307,0.09999999999999962,0.02,0.05,0.0,0.0,0.08
0.317448,78,17212.618542,hard,0.32625858123569795,0.32625858123569795,0,777,8,4,4,4,4,0,0,0,0,0.012070938215102973,0.02898351648351648,0.0,0.28887362637362596,0.0,2,False,146,0.13943661971830987,0.9429859154929596,0.5542535211267605,1.8363732394366197,26,65.0,46.0,0.06153846153846154,0.16923076923076924,0.1145020974334985,0.10422482837528604,0.04466483516483511,0.00422482837528604,0.1,0.03466483516483511,0.0,0.01,0.0,0.0,0.0,0.08
1.604862,77,17259.183337,hard,0.4433180778032037,1.4433180778032038,1,764,8,4,4,4,4,0,0,0,0,0.012374141876430296,0.0034615384615384994,0.06370000000000044,0.40510989010988996,0.9999999999999968,3,True,152,0.1403169014084507,0.9211267605633797,0.7371830985915493,2.7549647887323943,34,65.0,47.0,0.1076923076923077,0.2,0.15610566617587138,0.1043309496567506,0.21361318681318647,0.004330949656750602,0.1,0.048613186813186784,0.0999999999999997,0.015,0.05,0.0,0.0,0.08
0.451873,99,17308.657353,hard,0.44438215102974804,0.44438215102974804,0,989,8,4,4,4,4,0,0,0,0,0.018260869565216862,0.0005769230769230771,0.0,0.5,0.0,4,False,192,0.1707042253521127,0.9809577464788752,0.7592112676056336,1.002588028169014,36,65.0,44.0,0.06153846153846154,0.16923076923076924,0.1956217818146278,0.1063913043478259,0.08,0.0063913043478259005,0.1,0.060000000000000005,0.0,0.02,0.0,0.0,0.0,0.08
2.800449,82,17350.132513,hard,0.6206521739130435,2.6206521739130437,2,816,8,4,4,4,4,0,0,0,0,0.06185926773455401,0.03490384615384643,0.1763333333333336,0.49999999999999817,0.9999999999999961,4,True,92,0.058327464788732394,0.9204507042253575,0.5616901408450701,2.383538732394366,31,65.0,50.0,0.046153846153846156,0.13846153846153847,0.2220630225397998,0.1113963422986432,0.22999999999999943,0.021650743707093894,0.0897455985915493,0.059999999999999776,0.09999999999999963,0.02,0.05,0.0,0.0,0.08
2.784192,77,17388.603508,hard,0.5874141876430206,2.5874141876430206,2,769,8,4,4,4,4,0,0,0,0,0.06633295194507921,0.007499999999999988,0.23029999999999431,0.5038461538461535,0.9999999999999961,4,True,120,0.08154929577464788,0.9471549295774649,0.7241690140845068,5.042693661971831,36,65.0,41.0,0.09230769230769231,0.2,0.09911748204888313,0.12321653318077773,0.23046153846153805,0.02321653318077772,0.1,0.06046153846153842,0.09999999999999962,0.02,0.05,0.0,0.0,0.08
0.385256,78,17426.516855,hard,0.37633295194508004,0.37633295194508004,0,780,8,4,4,4,4,0,0,0,0,0.01303203661327235,0.021634615384615512,0.00209999999999991,0.2640109890109881,0.3520999999999999,2,False,83,0.05862676056338028,0.9211267605633817,0.7337464788732391,1.193855633802817,27,65.0,53.0,0.046153846153846156,0.1076923076923077,0.13491422385153698,0.09003128323718053,0.07689131868131856,0.004561212814645321,0.08547007042253521,0.03168131868131857,0.03521,0.01,0.0,0.0,0.0,0.08
1.626149,83,17466.680781,hard,0.5340446224256288,1.5340446224256288,1,824,8,4,4,4,4,0,0,0,0,0.013335240274599057,0.0,0.07769999999999717,0.5,0.6983666666666632,4,False,147,0.12686619718309858,0.9211267605633795,0.6210140845070422,3.995492957746479,25,65.0,48.0,0.06153846153846154,0.13846153846153847,0.16676100196548832,0.10466733409610968,0.14983666666666634,0.004667334096109669,0.1,0.060000000000000005,0.06983666666666634,0.02,0.0,0.0,0.0,0.08
0.391484,79,17520.763108,hard,0.3784324942791762,0.3784324942791762,0,785,8,4,4,4,4,0,0,0,0,0.01958237986270011,0.03432692307692334,0.0,0.41414835164834995,0.0,3,False,140,0.11846830985915494,0.9472676056338051,0.5565915492957741,0.4932218309859155,20,65.0,49.0,0.046153846153846156,0.13846153846153847,0.13491422385153698,0.10685383295194505,0.06469780219780198,0.006853832951945038,0.1,0.04969780219780198,0.0,0.015,0.0,0.0,0.0,0.08
1.67194,80,17560.409493,hard,0.4912471395881007,1.4912471395881006,1,793,8,4,4,4,4,0,0,0,0,0.04628718535469046,0.03585164835164847,0.18269999999999612,0.520192307692306,0.9999999999999962,4,True,92,0.06049295774647887,0.9323943661971843,0.8085070422535211,2.1876584507042254,40,65.0,50.0,0.046153846153846156,0.13846153846153847,0.13491422385153698,0.10757023318400083,0.23242307692307634,0.01620051487414166,0.09136971830985917,0.06242307692307671,0.09999999999999962,0.02,0.05,0.0,0.0,0.08
2.685208,74,17596.171208,hard,0.5507951945080091,2.550795194508009,2,739,7,3,4,3,4,0,0,0,1,0.009719679633867181,0.005480769230768994,0.043333333333333356,0.41592032967032944,0.9999999999999979,3,True,177,0.1090669014084507,0.9229295774647895,0.6764507042253521,3.2036795774647886,24,65.0,47.0,0.06153846153846154,0.16923076923076924,0.1145020974334985,0.07340188787185352,0.21491043956043931,0.003401887871853513,0.1,0.04991043956043952,0.09999999999999978,0.015,0.05,0.0,0.03,0.08
0.30377,73,17633.099948,hard,0.31229977116704805,0.31229977116704805,0,722,8,4,4,4,4,0,0,0,0,0.008649885583524078,0.0,0.0,0.25535714285714284,0.0,2,False,93,0.08079225352112676,0.9236056338028179,0.6629577464788728,0.6300352112676056,25,65.0,46.0,0.046153846153846156,0.13846153846153847,0.05733775266807337,0.10302745995423343,0.04064285714285715,0.003027459954233427,0.1,0.03064285714285715,0.0,0.01,0.0,0.0,0.0,0.08
0.504964,74,17666.203691,hard,0.4453375286041188,0.4453375286041188,0,735,8,4,4,4,4,0,0,0,0,0.009010297482837321,0.0031730769230769386,0.04479999999999875,0.28133241758241745,0.7121333333333314,1,False,186,0.1642781690140845,0.9211267605633803,0.5759718309859152,2.2271830985915493,21,65.0,50.0,0.046153846153846156,0.13846153846153847,0.05733775266807337,0.10315360411899306,0.10997322344322324,0.003153604118993062,0.1,0.03375989010989009,0.07121333333333314,0.005,0.0,0.0,0.0,0.08
0.194619,76,17702.385934,hard,0.2083638443935927,0.2083638443935927,0,753,8,4,4,4,4,0,0,0,0,0.0025228832951945026,0.005480769230769243,0.00139999999999994,0.2505494505494504,0.006066666666666606,2,False,136,0.09253521126760564,0.921126760563381,0.7457464788732394,0.5020422535211267,32,65.0,48.0,0.07692307692307693,0.18461538461538463,0.22338824700260326,0.10088300915331808,0.040672600732600706,0.000883009153318076,0.1,0.030065934065934042,0.0006066666666666606,0.01,0.0,0.0,0.0,0.08
1.651609,76,17737.615592,hard,0.5698855835240263,1.5698855835240262,1,760,8,4,4,4,4,0,0,0,0,0.0367963386727678,0.023159340659340735,0.1581999999999935,0.34409340659340587,0.6855333333333264,3,False,144,0.11873239436619719,0.9510985915492969,0.6336056338028166,4.130880281690141,23,65.0,43.0,0.06153846153846154,0.16923076923076924,0.29009774768186847,0.11287871853546874,0.12484454212454137,0.01287871853546873,0.1,0.041291208791208706,0.06855333333333266,0.015,0.0,0.0,0.0,0.08
0.204171,76,17783.332375,hard,0.24172196796338657,0.24172196796338657,0,760,7,3,4,3,4,0,0,0,1,0.0027631578947367227,0.006634615384615098,0.0,0.2552609890109887,0.189,2,False,84,0.06126760563380282,0.9323943661971852,0.7685633802816908,0.8038732394366197,26,65.0,47.0,0.09230769230769231,0.18461538461538463,0.1145020974334985,0.058917809488509984,0.05953131868131866,0.0009671052631578529,0.08795070422535213,0.03063131868131865,0.018900000000000007,0.01,0.0,0.0,0.03,0.08
0.440159,76,17822.223274,hard,0.41418764302059496,0.41418764302059496,0,755,8,4,4,4,4,0,0,0,0,0.00420480549199085,0.010096153846153854,0.0,0.49999999999999956,0.0,4,False,109,0.09554577464788733,0.9204507042253507,0.5254647887323944,1.6482218309859156,26,65.0,47.0,0.06153846153846154,0.16923076923076924,0.05733775266807337,0.1014716819221968,0.07999999999999993,0.0014716819221967975,0.1,0.059999999999999935,0.0,0.02,0.0,0.0,0.0,0.08
2.663172,81,17861.58483,hard,0.5127574370709382,2.5127574370709382,2,806,8,4,4,4,4,0,0,0,0,0.03446796338672783,0.007211538461538541,0.1273333333333336,0.3245879120879121,0.9999999999999961,2,True,82,0.08218309859154929,0.9179718309859167,0.812112676056339,2.6409859154929576,44,65.0,53.0,0.06153846153846154,0.13846153846153847,0.05733775266807337,0.11206378718535474,0.19895054945054907,0.012063787185354738,0.1,0.03895054945054944,0.09999999999999962,0.01,0.05,0.0,0.0,0.08
0.571085,76,17894.476128,hard,0.48727688787185264,0.48727688787185264,0,755,8,4,4,4,4,0,0,0,0,0.023546910755147803,0.0,0.13719999999999452,0.3901098901098901,0.6925333333333273,3,False,130,0.11556338028169014,0.9936901408450699,0.7523380281690142,4.44843309859155,28,65.0,41.0,0.07692307692307693,0.18461538461538463,0.13491422385153698,0.10824141876430174,0.13106652014651954,0.00824141876430173,0.1,0.046813186813186816,0.06925333333333274,0.015,0.0,0.0,0.0,0.08
0.474297,77,17931.570983,hard,0.452116704805492,0.452116704805492,0,770,8,4,4,4,4,0,0,0,0,0.009731121281464595,0.02336538461538477,0.0,0.5064560439560429,0.0,3,False,146,0.12980633802816902,0.9381690140845104,0.6754084507042253,2.0421302816901408,29,65.0,47.0,0.06153846153846154,0.15384615384615385,0.09911748204888313,0.10340589244851262,0.07577472527472515,0.003405892448512608,0.1,0.06077472527472515,0.0,0.015,0.0,0.0,0.0,0.08
0.362878,82,17972.638072,hard,0.3598970251716247,0.3598970251716247,0,813,8,4,4,4,4,0,0,0,0,0.028352402745995223,0.023653846153846313,0.0,0.3696428571428561,0.0,2,False,118,0.07926056338028169,0.9301126760563384,0.8090985915492961,0.7135915492957746,30,65.0,48.0,0.06153846153846154,0.15384615384615385,0.2682168686936459,0.10992334096109833,0.054357142857142715,0.009923340961098327,0.1,0.04435714285714271,0.0,0.01,0.0,0.0,0.0,0.08
0.300822,75,18010.192847,hard,0.36063501144164756,0.36063501144164756,0,743,6,2,4,2,4,0,0,0,2,0.0010812356979405008,0.0025961538461538396,0.0,0.3675686813186812,0.0,2,False,95,0.08419014084507043,0.9236056338028171,0.751098591549296,1.5937852112676056,40,65.0,50.0,0.046153846153846156,0.13846153846153847,0.19172340579500008,0.04037843249427918,0.05410824175824173,0.00037843249427917526,0.1,0.044108241758241726,0.0,0.01,0.0,0.0,0.06,0.08
0.565376,75,18060.855889,hard,0.4879233409610981,0.4879233409610981,0,743,8,4,4,4,4,0,0,0,0,0.010692219679633555,0.0,0.06229999999999818,0.3773351648351648,0.7272999999999973,2,False,144,0.11492957746478873,0.9267605633802839,0.7171267605633801,2.2103521126760564,32,65.0,45.0,0.07692307692307693,0.16923076923076924,0.2220630225397998,0.10374227688787176,0.12801021978021954,0.0037422768878717446,0.1,0.04528021978021978,0.07272999999999974,0.01,0.0,0.0,0.0,0.08
0.478513,82,18101.054822,hard,0.4372940503432492,0.4372940503432492,0,820,8,4,4,4,4,0,0,0,0,0.027871853546910703,0.025961538461538636,0.027299999999998822,0.49999999999999917,0.13463333333333216,4,False,141,0.12672535211267605,0.9429859154929605,0.6682816901408453,1.753080985915493,25,65.0,54.0,0.046153846153846156,0.12307692307692308,0.16676100196548832,0.10975514874141876,0.09346333333333313,0.009755148741418744,0.1,0.05999999999999992,0.013463333333333214,0.02,0.0,0.0,0.0,0.08
0.281479,74,18137.076083,hard,0.297883295194508,0.297883295194508,0,739,8,4,4,4,4,0,0,0,0,0.004445080091533187,0.0,0.0,0.22074175824175823,0.0,2,False,92,0.07126760563380281,0.9236056338028179,0.8131830985915496,1.132218309859155,49,65.0,46.0,0.06153846153846154,0.16923076923076924,0.15610566617587138,0.10100648225738873,0.03648901098901099,0.0015557780320366154,0.09945070422535211,0.026489010989010995,0.0,0.01,0.0,0.0,0.0,0.08
0.295385,77,18174.783979,hard,0.2835469107551487,0.2835469107551487,0,762,8,4,4,4,4,0,0,0,0,0.0028832951945079563,0.006923076923076796,0.0,0.4335714285714283,0.0,3,False,186,0.14952464788732395,0.955802816901408,0.6919436619718305,1.4848591549295775,28,65.0,53.0,0.046153846153846156,0.13846153846153847,0.13491422385153698,0.10100915331807779,0.0670285714285714,0.0010091533180777849,0.1,0.052028571428571396,0.0,0.015,0.0,0.0,0.0,0.08
0.474933,90,18220.064744,hard,0.45623569794050345,0.45623569794050345,0,897,8,4,4,4,4,0,0,0,0,0.02102402745995387,0.021923076923077055,0.0,0.508653846153845,0.0,4,False,107,0.0844894366197183,0.9582253521126763,0.8333802816901403,2.189119718309859,34,65.0,48.0,0.06153846153846154,0.15384615384615385,0.13491422385153698,0.10735840961098386,0.0810384615384614,0.007358409610983856,0.1,0.0610384615384614,0.0,0.02,0.0,0.0,0.0,0.08
0.451409,78,18258.591629,hard,0.4244050343249427,0.4244050343249427,0,778,8,4,4,4,4,0,0,0,0,0.019599542334096026,0.04706043956043936,0.0,0.5245329670329649,0.0,3,False,185,0.16257042253521126,0.9267605633802848,0.5589014084507038,0.44359154929577466,22,65.0,49.0,0.06153846153846154,0.16923076923076924,0.1145020974334985,0.10685983981693362,0.07794395604395579,0.006859839816933609,0.1,0.06294395604395579,0.0,0.015,0.0,0.0,0.0,0.08
1.691312,89,18311.438666,hard,0.6181922196796339,1.618192219679634,1,882,8,4,4,4,4,0,0,0,0,0.031235697940503244,0.019038461538461723,0.0,0.6098901098901099,0.322,5,False,190,0.16838028169014085,0.9397746478873256,0.7092394366197183,3.4597535211267605,30,65.0,44.0,0.06153846153846154,0.15384615384615385,0.15610566617587138,0.11093249427917613,0.1303868131868132,0.010932494279176133,0.1,0.0731868131868132,0.0322,0.025,0.0,0.0,0.0,0.08
0.175638,75,18346.811907,hard,0.2965675057208238,0.2965675057208238,0,748,5,1,4,1,4,0,0,0,3,0.0,0.0,0.0,0.2175824175824176,0.0,1,False,82,0.06901408450704226,0.9285633802816907,0.769774647887324,2.104524647887324,37,65.0,45.0,0.06153846153846154,0.15384615384615385,0.13491422385153698,0.0027605633802817164,0.031109890109890112,0.0,0.09276056338028171,0.02610989010989011,0.0,0.005,0.0,0.0,0.09,0.08
0.34513,81,18383.229773,hard,0.34469679633867284,0.34469679633867284,0,803,8,4,4,4,4,0,0,0,0,0.01814073226544594,0.023942307692307853,0.0,0.3331456043956033,0.0,2,False,78,0.04806338028169014,0.9398309859154934,0.6044225352112672,0.2532042253521127,19,65.0,54.0,0.046153846153846156,0.13846153846153847,0.1956217818146278,0.08139679150417367,0.04997747252747241,0.006349256292906079,0.0750475352112676,0.039977472527472406,0.0,0.01,0.0,0.0,0.0,0.050640845070422526
1.641258,75,18415.709193,hard,0.5660011441647589,1.5660011441647588,1,747,8,4,4,4,4,0,0,0,0,0.020062929061784057,0.0,0.1168999999999951,0.3412087912087912,0.6698999999999949,3,False,190,0.1636619718309859,0.9317183098591545,0.6081126760563378,4.052007042253521,29,65.0,46.0,0.09230769230769231,0.18461538461538463,0.05733775266807337,0.10702202517162443,0.12293505494505444,0.007022025171624421,0.1,0.040945054945054946,0.0669899999999995,0.015,0.0,0.0,0.0,0.08
0.444284,76,18448.408443,hard,0.41418764302059496,0.41418764302059496,0,759,8,4,4,4,4,0,0,0,0,0.017133867276887933,0.02527472527472527,0.0,0.4999999999999987,0.0,4,False,137,0.11441901408450704,0.934140845070422,0.7656338028169012,1.606443661971831,38,65.0,52.0,0.046153846153846156,0.13846153846153847,0.13491422385153698,0.10599685354691078,0.07999999999999988,0.005996853546910776,0.1,0.05999999999999987,0.0,0.02,0.0,0.0,0.0,0.08
1.62054,74,18480.085852,hard,0.5173112128146448,1.5173112128146449,1,740,8,4,4,4,4,0,0,0,0,0.02474828375285979,0.0,0.1441999999999964,0.3901098901098901,0.867533333333327,3,False,189,0.15575704225352113,0.9211267605633805,0.7556619718309857,3.42318661971831,25,65.0,46.0,0.046153846153846156,0.13846153846153847,0.2783171932701801,0.10866189931350093,0.14856652014651955,0.008661899313500926,0.1,0.046813186813186816,0.08675333333333271,0.015,0.0,0.0,0.0,0.08
0.528839,82,18516.243047,hard,0.4774027459954233,0.4774027459954233,0,814,8,4,4,4,4,0,0,0,0,0.03705949656750578,0.04571428571428596,0.0,0.6383241758241773,0.03266666666666666,4,False,121,0.10075704225352113,0.9398309859154946,0.6795774647887325,2.111760563380282,27,65.0,55.0,0.046153846153846156,0.1076923076923077,0.23296603544749966,0.11297082379862702,0.09986556776556796,0.012970823798627023,0.1,0.07659890109890129,0.003266666666666667,0.02,0.0,0.0,0.0,0.08
0.201312,77,18558.900964,hard,0.221178489702517,0.221178489702517,0,763,8,4,4,4,4,0,0,0,0,0.005045766590388798,0.0,0.0,0.21978021978021978,0.0,2,False,89,0.07172535211267606,0.9654647887323946,0.6611267605633803,0.5996830985915493,34,65.0,45.0,0.06153846153846154,0.18461538461538463,0.2783171932701801,0.10006003239114314,0.03637362637362638,0.0017660183066360794,0.09829401408450705,0.026373626373626377,0.0,0.01,0.0,0.0,0.0,0.08
1.640754,75,18592.072386,hard,0.5347654462242555,1.5347654462242555,1,749,8,4,4,4,4,0,0,0,0,0.040486270022882284,0.0,0.10289999999999556,0.5288461538461539,0.6325666666666622,4,False,120,0.11704225352112677,0.9745070422535209,0.7052676056338028,2.2646478873239437,41,65.0,48.0,0.06153846153846154,0.15384615384615385,0.25206405738510845,0.1141701945080088,0.1467182051282047,0.0141701945080088,0.1,0.06346153846153846,0.06325666666666624,0.02,0.0,0.0,0.0,0.08
0.324273,94,18632.849512,hard,0.3471395881006865,0.3471395881006865,0,938,8,4,4,4,4,0,0,0,0,0.000720823798627003,0.0,0.0,0.33901098901098903,0.0,2,False,140,0.11788732394366197,0.9501690140845074,0.7324225352112683,1.065669014084507,40,65.0,48.0,0.06153846153846154,0.15384615384615385,0.4411138364770706,0.10025228832951946,0.050681318681318685,0.00025228832951945104,0.1,0.04068131868131868,0.0,0.01,0.0,0.0,0.0,0.08
1.663927,83,18668.840806,hard,0.4879862700228833,1.4879862700228834,1,823,8,4,4,4,4,0,0,0,0,0.03359267734553743,0.02527472527472527,0.014699999999999366,0.5123626373626361,1.0,3,True,111,0.07600352112676056,0.9436619718309868,0.7774084507042258,2.0669366197183097,39,65.0,47.0,0.046153846153846156,0.13846153846153847,0.1956217818146278,0.1117574370709381,0.22648351648351633,0.011757437070938102,0.1,0.06148351648351632,0.1,0.015,0.05,0.0,0.0,0.08
1.633495,82,18703.485271,hard,0.5370137299771167,1.5370137299771167,1,816,8,4,4,4,4,0,0,0,0,0.017299771167047836,0.01211538461538465,0.0,0.45549450549450493,0.8236666666666667,3,False,96,0.08535211267605634,0.9436619718309872,0.7125915492957746,1.6550176056338028,33,65.0,47.0,0.06153846153846154,0.15384615384615385,0.13491422385153698,0.10605491990846674,0.1520260073260073,0.006054919908466742,0.1,0.05465934065934058,0.08236666666666669,0.015,0.0,0.0,0.0,0.08
0.612533,75,18735.372423,hard,0.4854462242562925,0.4854462242562925,0,744,8,4,4,4,4,0,0,0,0,0.028953089244851037,0.04211538461538496,0.06649999999999785,0.6236401098901108,0.7151666666666638,5,False,218,0.17580985915492958,0.946281690140845,0.7235211267605635,1.61568661971831,40,65.0,47.0,0.06153846153846154,0.16923076923076924,0.15610566617587138,0.11013358123569787,0.17135347985347968,0.010133581235697861,0.1,0.0748368131868133,0.07151666666666638,0.025,0.0,0.0,0.0,0.08
0.440565,77,18777.219751,hard,0.41578947368421054,0.41578947368421054,0,763,8,4,4,4,4,0,0,0,0,0.012614416475972612,0.010673076923076995,0.0,0.5038461538461536,0.0,4,False,79,0.07559859154929577,0.9472676056338029,0.4877183098591547,1.4820070422535212,16,65.0,50.0,0.09230769230769231,0.16923076923076924,0.4398477517361177,0.10061398942856223,0.08046153846153843,0.004415045766590414,0.09619894366197182,0.060461538461538435,0.0,0.02,0.0,0.0,0.0,0.08
0.287221,74,18809.855096,hard,0.34914187643020594,0.34914187643020594,0,736,6,2,4,2,4,0,0,0,2,0.0012013729977116317,0.0028846153846152915,0.0,0.3438186813186812,0.0,2,False,120,0.10394366197183098,0.9323943661971861,0.686647887323944,1.3035211267605633,35,65.0,47.0,0.046153846153846156,0.13846153846153847,0.1145020974334985,0.040420480549199084,0.05125824175824174,0.0004204805491990711,0.1,0.04125824175824174,0.0,0.01,0.0,0.0,0.06,0.08
2.742078,83,18844.778234,hard,0.5633295194508009,2.563329519450801,2,821,8,4,4,4,4,0,0,0,0,0.030995423340960934,0.019615384615384722,0.13299999999999854,0.49999999999999906,0.9999999999999959,4,True,111,0.0969718309859155,0.9549295774647891,0.8149859154929581,2.534911971830986,44,65.0,47.0,0.046153846153846156,0.13846153846153847,0.05733775266807337,0.11084839816933634,0.22999999999999948,0.010848398169336325,0.1,0.059999999999999894,0.09999999999999959,0.02,0.05,0.0,0.0,0.08
0.511179,79,18878.470814,hard,0.4919908466819222,0.4919908466819222,0,781,8,4,4,4,4,0,0,0,0,0.012974828375286095,0.010096153846153854,0.0,0.4395604395604391,0.0,4,False,120,0.09084507042253522,0.9373521126760562,0.7162816901408451,2.277570422535211,41,65.0,54.0,0.06153846153846154,0.12307692307692308,0.15610566617587138,0.10454118993135014,0.0727472527472527,0.004541189931350133,0.1,0.0527472527472527,0.0,0.02,0.0,0.0,0.0,0.08
0.30017,74,18910.138288,hard,0.29027459954233387,0.29027459954233387,0,736,8,4,4,4,4,0,0,0,0,0.004805491990846475,0.0,0.0,0.3901098901098901,0.0,3,False,156,0.12559859154929578,0.9179718309859151,0.6282253521126756,1.110774647887324,24,65.0,50.0,0.046153846153846156,0.13846153846153847,0.16676100196548832,0.10168192219679627,0.06181318681318681,0.001681922196796266,0.1,0.04681318681318681,0.0,0.015,0.0,0.0,0.0,0.08
2.787613,84,18946.158154,hard,0.5858695652173913,2.5858695652173913,2,836,8,4,4,4,4,0,0,0,0,0.043083524027459325,0.02527472527472527,0.18969999999999607,0.6271978021978041,0.9999999999999959,5,True,93,0.07420774647887324,0.9476901408450706,0.7402535211267605,2.064401408450704,33,65.0,52.0,0.06153846153846154,0.15384615384615385,0.16676100196548832,0.11507923340961076,0.25026373626373605,0.015079233409610765,0.1,0.07526373626373646,0.09999999999999959,0.025,0.05,0.0,0.0,0.08
0.439154,81,18980.139699,hard,0.41418764302059496,0.41418764302059496,0,805,8,4,4,4,4,0,0,0,0,0.015617848970251811,0.01240384615384619,0.0,0.49999999999999944,0.0,4,False,144,0.11492957746478873,0.9307887323943675,0.7230704225352111,1.94681338028169,30,65.0,45.0,0.06153846153846154,0.15384615384615385,0.16676100196548832,0.10546624713958813,0.07999999999999993,0.005466247139588133,0.1,0.05999999999999993,0.0,0.02,0.0,0.0,0.0,0.08
1.610249,87,19025.462029,hard,0.45509153318077805,1.455091533180778,1,863,8,4,4,4,4,0,0,0,0,0.027225400457665364,0.03335164835164844,0.07769999999999665,0.3910714285714271,1.0,3,True,144,0.1280281690140845,0.925154929577466,0.8581126760563387,1.9969718309859155,41,65.0,47.0,0.046153846153846156,0.13846153846153847,0.09911748204888313,0.10952889016018288,0.21192857142857124,0.009528890160182877,0.1,0.04692857142857126,0.1,0.015,0.05,0.0,0.0,0.08
0.212815,75,19058.600527,hard,0.2718993135011441,0.2718993135011441,0,746,7,3,4,3,4,0,0,0,1,0.004324942791761963,0.005192307692307578,0.0,0.15835164835164814,0.0,1,False,117,0.10209507042253521,0.9292394366197206,0.6178028169014079,1.0401408450704226,24,65.0,50.0,0.1076923076923077,0.2,0.16676100196548832,0.07151372997711669,0.02400219780219778,0.001513729977116687,0.1,0.01900219780219778,0.0,0.005,0.0,0.0,0.03,0.08
2.738077,80,19097.231374,hard,0.5655835240274599,2.56558352402746,2,798,8,4,4,4,4,0,0,0,0,0.03303775743707081,0.06634615384615396,0.03149999999999864,0.6986813186813221,1.0,5,True,60,0.042517605633802816,0.9341971830985933,0.8042253521126764,2.4539084507042253,49,65.0,51.0,0.06153846153846154,0.15384615384615385,0.13491422385153698,0.0734514193283269,0.25884175824175865,0.011563215102974781,0.061888204225352114,0.08384175824175867,0.09999999999999999,0.025,0.05,0.0,0.0,0.08
2.848561,80,19138.864841,hard,0.6391876430205949,2.6391876430205947,2,791,8,4,4,4,4,0,0,0,0,0.05235697940503375,0.04326923076923113,0.15539999999999562,0.6262362637362616,0.9999999999999976,5,True,174,0.1317781690140845,0.9251549295774653,0.6400281690140843,2.3204225352112675,33,65.0,53.0,0.06153846153846154,0.15384615384615385,0.13491422385153698,0.11832494279176181,0.25014835164835114,0.018324942791761813,0.1,0.07514835164835139,0.09999999999999977,0.025,0.05,0.0,0.0,0.08
0.409222,77,19177.031525,hard,0.3882036613272309,0.3882036613272309,0,764,8,4,4,4,4,0,0,0,0,0.01165331807780304,0.017019230769230856,0.026599999999998854,0.3901098901098893,0.11526666666666552,3,False,110,0.08088028169014085,0.9880563380281714,0.654732394366197,1.8541197183098592,22,65.0,43.0,0.06153846153846154,0.15384615384615385,0.1145020974334985,0.10407866132723106,0.07333985347985326,0.004078661327231063,0.1,0.04681318681318671,0.011526666666666553,0.015,0.0,0.0,0.0,0.08
0.472262,87,19217.757626,hard,0.4486270022883295,0.4486270022883295,0,863,8,4,4,4,4,0,0,0,0,0.036882151029748164,0.03548076923076948,0.0,0.5249999999999982,0.14,4,False,70,0.06003521126760564,0.9607605633802844,0.5324788732394364,2.0498239436619716,22,65.0,50.0,0.046153846153846156,0.13846153846153847,0.2690705926112252,0.0929351613111161,0.0969999999999998,0.012908752860411857,0.08002640845070423,0.06299999999999979,0.014000000000000002,0.02,0.0,0.0,0.0,0.08
0.307524,74,19260.945135,hard,0.2751601830663613,0.2751601830663613,0,735,8,4,4,4,4,0,0,0,0,0.007808924485125655,0.007788461538461525,0.026599999999998854,0.2217032967032968,0.4652666666666655,2,False,108,0.10257042253521127,0.9211267605633807,0.7861690140845072,0.9619718309859155,46,65.0,45.0,0.046153846153846156,0.13846153846153847,-0.0,0.10273312356979399,0.08313106227106218,0.002733123569793979,0.1,0.026604395604395623,0.04652666666666656,0.01,0.0,0.0,0.0,0.08
2.960733,86,19302.046742,hard,0.7463672768878716,2.7463672768878715,2,854,8,4,4,4,4,0,0,0,0,0.01754004576659031,0.03201923076923101,0.0,0.7802197802197854,1.0,6,True,98,0.08767605633802816,0.9501126760563391,0.7645070422535212,6.185915492957746,27,65.0,47.0,0.07692307692307693,0.16923076923076924,0.09911748204888313,0.10613901601830661,0.2736263736263743,0.006139016018306608,0.1,0.09362637362637428,0.1,0.030000000000000002,0.05,0.0,0.0,0.08
2.689359,81,19340.873806,hard,0.5036613272311213,2.5036613272311214,2,801,8,4,4,4,4,0,0,0,0,0.02799199084668171,0.011538461538461666,0.13509999999999844,0.5499999999999995,0.9999999999999959,4,True,139,0.11184859154929577,0.9517183098591551,0.6532957746478871,1.2635739436619717,28,65.0,48.0,0.06153846153846154,0.15384615384615385,0.05733775266807337,0.1097971967963386,0.23599999999999954,0.009797196796338597,0.1,0.06599999999999992,0.0999999999999996,0.02,0.05,0.0,0.0,0.08
0.451983,75,19373.74711,hard,0.4462242562929062,0.4462242562929062,0,741,8,4,4,4,4,0,0,0,0,0.015137299771167092,0.0,0.0,0.32967032967032966,0.0,3,False,106,0.10077464788732395,0.9405070422535217,0.7637183098591549,2.650492957746479,33,65.0,52.0,0.046153846153846156,0.12307692307692308,0.3096910973393819,0.10529805491990848,0.05456043956043956,0.005298054919908482,0.1,0.03956043956043956,0.0,0.015,0.0,0.0,0.0,0.08
0.243462,74,19405.530362,hard,0.2675171624713959,0.2675171624713959,0,734,8,4,4,4,4,0,0,0,0,0.005045766590389071,0.0051923076923077495,0.0,0.18815934065934042,0.0,1,False,136,0.12471830985915493,0.931042253521128,0.6742253521126761,0.7490140845070422,34,65.0,41.0,0.06153846153846154,0.16923076923076924,0.09911748204888313,0.10176601830663617,0.027579120879120855,0.001766018306636175,0.1,0.022579120879120854,0.0,0.005,0.0,0.0,0.0,0.08
2.771722,79,19438.368607,hard,0.5831922196796339,2.583192219679634,2,787,8,4,4,4,4,0,0,0,0,0.06566933638443893,0.06969780219780268,0.21349999999999508,0.49370879120878786,0.9999999999999959,3,True,129,0.08091549295774648,0.9154929577464809,0.7603380281690149,2.717042253521127,30,65.0,52.0,0.046153846153846156,0.13846153846153847,0.15610566617587138,0.12298426773455363,0.22424505494505415,0.02298426773455363,0.1,0.059245054945054554,0.09999999999999959,0.015,0.05,0.0,0.0,0.08
0.308038,78,19479.039479,hard,0.2943993135011442,0.2943993135011442,0,774,8,4,4,4,4,0,0,0,0,0.002522883295194516,0.006057692307692327,0.0,0.4596291208791206,0.0,3,False,92,0.08450704225352113,0.9519154929577475,0.8349014084507045,1.1911091549295774,41,65.0,51.0,0.06153846153846154,0.15384615384615385,0.1956217818146278,0.10088300915331809,0.07015549450549446,0.0008830091533180808,0.1,0.05515549450549447,0.0,0.015,0.0,0.0,0.0,0.08
0.398893,80,19513.157796,hard,0.38323798627002287,0.38323798627002287,0,793,8,4,4,4,4,0,0,0,0,0.025348970251715758,0.012115384615384748,0.0,0.42568681318681256,0.0,3,False,153,0.1364788732394366,0.9389014084507062,0.6802535211267604,1.0058098591549296,29,65.0,51.0,0.09230769230769231,0.15384615384615385,-0.0,0.10887213958810052,0.0660824175824175,0.008872139588100514,0.1,0.051082417582417494,0.0,0.015,0.0,0.0,0.0,0.08
2.786428,78,19545.941779,hard,0.6147025171624709,2.614702517162471,2,776,8,4,4,4,4,0,0,0,0,0.015497711670480148,0.0060576923076922995,0.0,0.4491758241758239,1.0,4,True,98,0.0730281690140845,0.9373521126760574,0.835464788732395,2.076637323943662,45,65.0,52.0,0.06153846153846154,0.13846153846153847,0.2690705926112252,0.10542419908466806,0.22390109890109888,0.005424199084668051,0.1,0.05390109890109888,0.1,0.02,0.05,0.0,0.0,0.08
2.693181,77,19583.135509,hard,0.5339416475972539,2.533941647597254,2,770,8,4,4,4,4,0,0,0,0,0.03195652173912981,0.0008653846153846252,0.1567999999999975,0.3754532967032967,0.9999999999999959,2,True,130,0.11936619718309859,0.9605633802816922,0.6508450704225356,2.155369718309859,31,65.0,49.0,0.06153846153846154,0.15384615384615385,0.19172340579500008,0.11118478260869544,0.2050543956043952,0.011184782608695432,0.1,0.04505439560439561,0.0999999999999996,0.01,0.05,0.0,0.0,0.08
2.711978,76,19619.687021,hard,0.5519393592677346,2.5519393592677346,2,760,8,4,4,4,4,0,0,0,0,0.0022826086956521992,0.005480769230769291,0.0,0.4186675824175822,1.0,3,True,120,0.09084507042253522,0.9211267605633807,0.8090704225352112,3.5173591549295775,41,65.0,43.0,0.07692307692307693,0.16923076923076924,0.13491422385153698,0.10079891304347828,0.21524010989010983,0.0007989130434782696,0.1,0.05024010989010986,0.1,0.015,0.05,0.0,0.0,0.08
0.222414,76,19653.533484,hard,0.20648169336384425,0.20648169336384425,0,760,8,4,4,4,4,0,0,0,0,0.006824942791761843,0.006868131868131869,0.0,0.4545329670329668,0.0,3,False,117,0.08519366197183098,0.9807042253521135,0.6718873239436615,0.529330985915493,21,65.0,39.0,0.2,0.3076923076923077,0.46847202705188323,0.10238872997711665,0.06954395604395602,0.002388729977116645,0.1,0.054543956043956024,0.0,0.015,0.0,0.0,0.0,0.08
0.408118,77,19686.722083,hard,0.3928489702517162,0.3928489702517162,0,764,8,4,4,4,4,0,0,0,0,0.008049199084668234,0.0,0.0,0.4487637362637363,0.0,3,False,144,0.12253521126760564,0.9645915492957751,0.7715492957746475,1.2520598591549297,32,65.0,44.0,0.06153846153846154,0.15384615384615385,0.05733775266807337,0.10281721967963389,0.06885164835164836,0.002817219679633882,0.1,0.053851648351648365,0.0,0.015,0.0,0.0,0.0,0.08
0.471056,85,19731.829664,hard,0.4362128146453089,0.4362128146453089,0,842,8,4,4,4,4,0,0,0,0,0.032511441647597054,0.02527472527472527,0.0,0.5288461538461526,0.058333333333333334,4,False,91,0.07049295774647887,0.9496901408450716,0.7565915492957743,2.460985915492958,30,65.0,52.0,0.03076923076923077,0.09230769230769231,0.1956217818146278,0.10974872288651813,0.08929487179487165,0.011379004576658969,0.09836971830985916,0.06346153846153832,0.0058333333333333345,0.02,0.0,0.0,0.0,0.08
0.323027,77,19763.858484,hard,0.3074542334096109,0.3074542334096109,0,768,8,4,4,4,4,0,0,0,0,0.009731121281464505,0.019615384615384715,0.0,0.4497252747252738,0.0,3,False,89,0.08095070422535211,0.9405070422535222,0.5796619718309853,0.5569718309859155,25,65.0,49.0,0.046153846153846156,0.13846153846153847,0.05733775266807337,0.10340589244851259,0.06896703296703285,0.0034058924485125762,0.1,0.05396703296703285,0.0,0.015,0.0,0.0,0.0,0.08
1.636526,94,19802.879508,hard,0.5771338672768873,1.5771338672768873,1,931,8,4,4,4,4,0,0,0,0,0.019822654462242004,0.015000000000000065,0.07909999999999659,0.49999999999999933,0.8397666666666632,4,False,64,0.03943661971830986,0.9211267605633825,0.6932676056338027,1.881531690140845,38,65.0,47.0,0.07692307692307693,0.18461538461538463,0.16676100196548832,0.0685153938505171,0.1639766666666663,0.006937929061784701,0.06157746478873239,0.05999999999999993,0.08397666666666638,0.02,0.0,0.0,0.0,0.08
0.111995,85,19838.147496,hard,0.1673684210526316,0.1673684210526316,0,843,8,4,4,4,4,0,0,0,0,0.02138443935926752,0.007500000000000082,0.0,0.1546153846153847,0.0,0,False,72,0.06251760563380282,0.9487605633802846,0.47940845070422505,0.4201760563380282,15,65.0,56.0,0.06153846153846154,0.13846153846153847,0.737513940847771,0.09037275800109576,0.018553846153846164,0.00748455377574363,0.08288820422535213,0.018553846153846164,0.0,0.0,0.0,0.0,0.0,0.08
1.618032,77,19870.906794,hard,0.4777631578947369,1.4777631578947368,1,767,8,4,4,4,4,0,0,0,0,0.03743135011441657,0.009519230769230873,0.1950000000000003,0.2405631868131864,0.9999999999999961,1,True,192,0.11830985915492957,0.943661971830987,0.7299436619718316,2.8139436619718308,30,65.0,43.0,0.06153846153846154,0.18461538461538463,0.05733775266807337,0.11310097254004581,0.183867582417582,0.013100972540045799,0.1,0.028867582417582374,0.0999999999999996,0.005,0.05,0.0,0.0,0.08
2.767517,82,19906.051061,hard,0.584754004576659,2.5847540045766593,2,813,8,4,4,4,4,0,0,0,0,0.05533752860411785,0.012293956043956068,0.16589999999999502,0.4974587912087906,0.999999999999998,3,True,84,0.08123239436619718,0.9260845070422546,0.7734084507042259,3.151161971830986,31,65.0,44.0,0.07692307692307693,0.16923076923076924,0.09911748204888313,0.11936813501144125,0.2246950549450547,0.019368135011441245,0.1,0.05969505494505488,0.09999999999999981,0.015,0.05,0.0,0.0,0.08
0.328489,78,19947.976749,hard,0.3066933638443936,0.3066933638443936,0,772,8,4,4,4,4,0,0,0,0,0.015137299771167107,0.03634615384615399,0.0,0.48914835164835,0.0,3,False,141,0.1269718309859155,0.960760563380282,0.7118591549295777,0.7613908450704225,37,65.0,52.0,0.06153846153846154,0.13846153846153847,-0.0,0.1052980549199085,0.073697802197802,0.005298054919908488,0.1,0.05869780219780201,0.0,0.015,0.0,0.0,0.0,0.08
0.24393,85,19983.665728,hard,0.29988558352402744,0.29988558352402744,0,842,8,4,4,4,4,0,0,0,0,0.02114416475972508,0.0,0.0,0.22554945054945055,0.0,2,False,59,0.04570422535211267,0.9211267605633813,0.6542535211267604,3.3744542253521126,24,65.0,48.0,0.06153846153846154,0.15384615384615385,0.8138315774123,0.07117862667998828,0.03706593406593407,0.007400457665903777,0.06377816901408451,0.027065934065934074,0.0,0.01,0.0,0.0,0.0,0.08
0.134238,74,20014.86759,hard,0.22242562929061785,0.22242562929061785,0,731,6,2,4,2,4,0,0,0,2,0.0024027459954233544,0.0,0.0,0.15892857142857142,0.0,1,False,79,0.08195422535211268,0.9211267605633822,0.7418873239436622,0.6557042253521127,33,65.0,46.0,0.07692307692307693,0.18461538461538463,0.15610566617587138,0.04084096109839819,0.024071428571428567,0.000840961098398174,0.1,0.019071428571428566,0.0,0.005,0.0,0.0,0.06,0.08
2.705786,78,20047.579947,hard,0.5238043478260865,2.5238043478260863,2,778,8,4,4,4,4,0,0,0,0,0.02794622425629263,0.02527472527472527,0.051800000000000304,0.4999999999999987,0.9999999999999974,4,True,172,0.1234507042253521,0.9807605633802806,0.6936056338028165,1.333080985915493,30,65.0,39.0,0.07692307692307693,0.2,0.1145020974334985,0.10978117848970242,0.2299999999999996,0.009781178489702422,0.1,0.059999999999999845,0.09999999999999974,0.02,0.05,0.0,0.0,0.08
0.460103,82,20082.488153,hard,0.42505148741418775,0.42505148741418775,0,818,8,4,4,4,4,0,0,0,0,0.005766590389016043,0.013846153846153904,0.0,0.34916208791208736,0.42933333333333334,2,False,151,0.13396126760563382,0.9323943661971837,0.7820845070422532,1.762975352112676,47,65.0,48.0,0.046153846153846156,0.13846153846153847,0.16676100196548832,0.10201830663615562,0.09483278388278381,0.002018306636155615,0.1,0.041899450549450476,0.04293333333333334,0.01,0.0,0.0,0.0,0.08
0.181422,73,20113.158594,hard,0.2934439359267734,0.2934439359267734,0,724,5,1,4,1,4,0,0,0,3,0.0004805491990846736,0.0011538461538461667,0.0,0.21008241758241752,0.0,1,False,133,0.12125,0.9211267605633825,0.5716619718309857,1.4387147887323943,19,65.0,54.0,0.03076923076923077,0.09230769230769231,0.05733775266807337,0.010168192219679642,0.030209890109890107,0.00016819221967963573,0.1,0.025209890109890106,0.0,0.005,0.0,0.0,0.09,0.08
0.475503,79,20146.467169,hard,0.4325400457665897,0.4325400457665897,0,790,8,4,4,4,4,0,0,0,0,0.017780320366132047,0.005769230769230739,0.08259999999999643,0.3773351648351647,0.4045999999999964,2,False,123,0.09980633802816902,0.9291830985915508,0.7638028169014082,2.009154929577465,40,65.0,46.0,0.06153846153846154,0.18461538461538463,-0.0,0.10622311212814622,0.09574021978021939,0.006223112128146217,0.1,0.04528021978021975,0.04045999999999965,0.01,0.0,0.0,0.0,0.08
2.848231,100,20197.574252,hard,0.6616132723112126,2.6616132723112127,2,1000,8,4,4,4,4,0,0,0,0,0.046395881006864814,0.02527472527472527,0.1810000000000002,0.6281593406593394,0.999999999999997,5,True,166,0.13230633802816902,0.9152112676056352,0.6346478873239435,1.611355633802817,29,65.0,52.0,0.046153846153846156,0.12307692307692308,0.2783171932701801,0.1162385583524027,0.25037912087912045,0.016238558352402687,0.1,0.07537912087912076,0.09999999999999971,0.025,0.05,0.0,0.0,0.08
0.344812,78,20231.282063,hard,0.32427917620137225,0.32427917620137225,0,775,8,4,4,4,4,0,0,0,0,0.022105263157893965,0.0,0.04969999999999786,0.2802197802197802,0.2666999999999978,2,False,165,0.13387323943661972,0.9711549295774645,0.8461126760563382,2.5152464788732396,34,65.0,40.0,0.15384615384615385,0.3384615384615385,0.15610566617587138,0.1077368421052629,0.07029637362637342,0.007736842105262888,0.1,0.033626373626373635,0.026669999999999784,0.01,0.0,0.0,0.0,0.08
1.584923,74,20262.962818,hard,0.44878718535469114,1.4487871853546912,1,736,8,4,4,4,4,0,0,0,0,0.006967963386727765,0.0,0.0,0.22747252747252747,1.0,2,True,144,0.08873239436619719,0.9479436619718308,0.6477183098591548,2.452887323943662,31,65.0,41.0,0.09230769230769231,0.2153846153846154,0.45673621394026187,0.10243878718535472,0.18729670329670328,0.0024387871853547177,0.1,0.027296703296703303,0.09999999999999999,0.01,0.05,0.0,0.0,0.08
1.606788,78,20296.256045,hard,0.44886155606407335,1.4488615560640734,1,778,8,4,4,4,4,0,0,0,0,0.015137299771167182,0.03634615384615417,0.0,0.4184203296703288,1.0,3,True,96,0.06295774647887324,0.9542535211267603,0.6976901408450706,3.1029225352112677,32,65.0,50.0,0.06153846153846154,0.15384615384615385,0.24645788980805483,0.10051636477906345,0.21521043956043945,0.005298054919908514,0.09521830985915494,0.05021043956043946,0.1,0.015,0.05,0.0,0.0,0.08
2.73041,80,20329.964947,hard,0.5826601830663612,2.5826601830663614,2,799,8,4,4,4,4,0,0,0,0,0.026550343249427188,0.0,0.0,0.3196428571428571,1.0,2,True,158,0.13829225352112676,0.9543380281690145,0.8643098591549299,2.5311091549295774,36,65.0,50.0,0.07692307692307693,0.2,0.1956217818146278,0.10929262013729953,0.1983571428571429,0.009292620137299515,0.1,0.03835714285714286,0.1,0.01,0.05,0.0,0.0,0.08
2.926908,95,20369.910646,hard,0.7417620137299771,2.741762013729977,2,942,8,4,4,4,4,0,0,0,0,0.02594965675057184,0.011538461538461544,0.0,0.6271978021978042,1.0,5,True,90,0.07401408450704225,0.9504225352112683,0.6631267605633805,3.6307042253521127,36,65.0,54.0,0.046153846153846156,0.1076923076923077,0.1956217818146278,0.10908237986270014,0.2502637362637365,0.009082379862700142,0.1,0.0752637362637365,0.1,0.025,0.05,0.0,0.0,0.08
0.317479,77,20411.421665,hard,0.3335697940503432,0.3335697940503432,0,770,8,4,4,4,4,0,0,0,0,0.011052631578947354,0.002307692307692333,0.0,0.2670054945054944,0.0,1,False,100,0.0876056338028169,0.9267605633802839,0.7122535211267607,0.441443661971831,26,65.0,58.0,0.046153846153846156,0.12307692307692308,0.22338824700260326,0.10386842105263158,0.03704065934065932,0.003868421052631573,0.1,0.03204065934065932,0.0,0.005,0.0,0.0,0.0,0.08
1.653751,80,20445.621539,hard,0.5434553775743698,1.5434553775743698,1,798,8,4,4,4,4,0,0,0,0,0.051779176201371915,0.02798076923076945,0.1301999999999946,0.5230769230769217,0.6971999999999944,4,False,88,0.07397887323943662,0.9422535211267604,0.7383661971830984,2.107799295774648,34,65.0,54.0,0.046153846153846156,0.12307692307692308,0.2690705926112252,0.11760686660005763,0.15248923076923002,0.018122711670480168,0.09948415492957746,0.06276923076923059,0.06971999999999945,0.02,0.0,0.0,0.0,0.08
2.775699,79,20479.933148,hard,0.587191075514874,2.587191075514874,2,783,8,4,4,4,4,0,0,0,0,0.06054919908466731,0.014711538461538264,0.2197999999999948,0.503310439560439,0.9999999999999959,4,True,96,0.06295774647887324,0.9348732394366195,0.7724507042253519,2.110880281690141,51,65.0,49.0,0.046153846153846156,0.13846153846153847,0.2220630225397998,0.1164105295387885,0.23039725274725226,0.021192219679633563,0.09521830985915494,0.06039725274725267,0.0999999999999996,0.02,0.05,0.0,0.0,0.08
2.649855,75,20512.513678,hard,0.548712814645309,2.548712814645309,2,750,6,2,4,2,4,0,0,0,2,0.005234553775743717,0.0014423076923077084,0.02700000000000002,0.4109203296703296,0.9999999999999988,3,True,144,0.08873239436619719,0.9436619718309872,0.6544225352112677,1.8788204225352112,28,65.0,49.0,0.046153846153846156,0.13846153846153847,0.05733775266807337,0.041832093821510305,0.21431043956043944,0.0018320938215103007,0.1,0.04931043956043957,0.09999999999999988,0.015,0.05,0.0,0.06,0.08
0.413201,81,20548.030715,hard,0.39517162471395884,0.39517162471395884,0,805,8,4,4,4,4,0,0,0,0,0.011247139588100693,0.02700549450549452,0.0,0.41299450549450417,0.10033333333333333,3,False,154,0.10799295774647888,0.9398309859154932,0.7516619718309859,2.1603697183098594,33,65.0,48.0,0.07692307692307693,0.2,0.16676100196548832,0.10393649885583525,0.07459267399267383,0.003936498855835242,0.1,0.04955934065934049,0.010033333333333335,0.015,0.0,0.0,0.0,0.08
0.286352,75,20580.763961,hard,0.3245137299771167,0.3245137299771167,0,743,8,4,4,4,4,0,0,0,0,0.0018020594965674865,0.00432692307692303,0.0,0.2846840659340658,0.0,2,False,66,0.05112676056338028,0.9598873239436619,0.6896338028169013,1.126725352112676,38,65.0,47.0,0.046153846153846156,0.13846153846153847,0.540660864810585,0.07197579124633383,0.044162087912087894,0.0006307208237986202,0.07134507042253521,0.03416208791208789,0.0,0.01,0.0,0.0,0.0,0.08
0.217832,76,20621.965093,hard,0.2460926773455378,0.2460926773455378,0,755,8,4,4,4,4,0,0,0,0,0.0044450800915332295,0.01067307692307704,0.0,0.2359478021978023,0.0,1,False,79,0.07049295774647887,0.9398309859154932,0.4603380281690139,0.4921830985915493,23,65.0,46.0,0.07692307692307693,0.2,0.7861566801092772,0.09392549634189577,0.03331373626373628,0.0015557780320366304,0.09236971830985914,0.028313736263736282,0.0,0.005,0.0,0.0,0.0,0.08
0.253038,78,20655.773691,hard,0.2805892448512585,0.2805892448512585,0,778,8,4,4,4,4,0,0,0,0,0.010692219679633816,0.010673076923076744,0.0,0.17921703296703262,0.0,1,False,120,0.09464788732394366,0.939830985915494,0.7236619718309861,1.0361267605633804,36,65.0,52.0,0.06153846153846154,0.15384615384615385,0.2220630225397998,0.10374227688787184,0.026506043956043918,0.003742276887871835,0.1,0.021506043956043917,0.0,0.005,0.0,0.0,0.0,0.08
1.648255,78,20687.736787,hard,0.49153318077803204,1.491533180778032,1,776,8,4,4,4,4,0,0,0,0,0.06139016018306503,0.0,0.2197999999999948,0.27362637362637365,0.9999999999999959,2,True,159,0.11107394366197183,0.9486197183098595,0.5416901408450703,1.2617253521126761,24,65.0,45.0,0.07692307692307693,0.2,0.24645788980805483,0.12148655606407277,0.19283516483516444,0.021486556064072765,0.1,0.03283516483516483,0.09999999999999959,0.01,0.05,0.0,0.0,0.08
1.593268,83,20722.347642,hard,0.43907322654462244,1.4390732265446224,1,824,8,4,4,4,4,0,0,0,0,0.012013729977116807,0.02884615384615409,0.0,0.3949175824175809,1.0,3,True,93,0.08677816901408451,0.9195211267605634,0.8359718309859157,1.837693661971831,40,65.0,52.0,0.046153846153846156,0.1076923076923077,0.3189954002702487,0.10420480549199089,0.2123901098901097,0.004204805491990883,0.1,0.047390109890109715,0.09999999999999999,0.015,0.05,0.0,0.0,0.08
0.397532,80,20755.059111,hard,0.4000572082379863,0.4000572082379863,0,791,8,4,4,4,4,0,0,0,0,0.008289473684210572,0.019903846153846265,0.0,0.4660714285714276,0.0,3,False,86,0.05299295774647887,0.931605633802817,0.8082816901408446,1.4338204225352114,34,65.0,50.0,0.07692307692307693,0.18461538461538463,-0.0,0.08564603409933286,0.0709285714285713,0.0029013157894737,0.08274471830985916,0.0559285714285713,0.0,0.015,0.0,0.0,0.0,0.08
0.399671,78,20788.322377,hard,0.38592105263157894,0.38592105263157894,0,771,8,4,4,4,4,0,0,0,0,0.01141304347826095,0.027403846153846344,0.0,0.43212912087911953,0.0,3,False,106,0.08767605633802816,0.9494366197183122,0.7238028169014086,1.465193661971831,38,65.0,46.0,0.07692307692307693,0.18461538461538463,-0.0,0.10399456521739134,0.06685549450549433,0.003994565217391333,0.1,0.051855494505494336,0.0,0.015,0.0,0.0,0.0,0.08
0.481362,77,20819.738817,hard,0.4405606407322655,0.4405606407322655,0,763,8,4,4,4,4,0,0,0,0,0.02715102974828367,0.03432692307692306,0.0,0.5633241758241745,0.0,4,False,179,0.15940140845070422,0.9397746478873256,0.6636338028169009,1.0653169014084507,33,65.0,40.0,0.12307692307692308,0.23076923076923078,0.13491422385153698,0.10950286041189929,0.08759890109890092,0.009502860411899284,0.1,0.06759890109890092,0.0,0.02,0.0,0.0,0.0,0.08
3.089171,85,20863.425152,hard,0.8455949656750572,2.8455949656750574,2,848,8,4,4,4,4,0,0,0,0,0.06627002288329399,0.05037087912087942,0.21349999999999508,0.8765109890109893,0.9999999999999959,6,True,125,0.10975352112676057,0.9291830985915531,0.6283380281690141,3.3282746478873237,19,65.0,50.0,0.06153846153846154,0.15384615384615385,0.09911748204888313,0.12319450800915291,0.2851813186813183,0.023194508009152896,0.1,0.10518131868131872,0.09999999999999959,0.030000000000000002,0.05,0.0,0.0,0.08
0.16058,73,20893.931889,hard,0.21057208237986266,0.21057208237986266,0,727,8,4,4,4,4,0,0,0,0,0.0066075514874141495,0.004903846153846208,0.0,0.12623626373626373,0.0,1,False,80,0.053661971830985915,0.9211267605633814,0.6558873239436616,0.7770070422535211,31,65.0,47.0,0.06153846153846154,0.16923076923076924,0.15610566617587138,0.08255912189383438,0.020148351648351652,0.002312643020594952,0.08024647887323944,0.015148351648351651,0.0,0.005,0.0,0.0,0.0,0.08
0.358676,79,20926.43815,hard,0.3564645308924485,0.3564645308924485,0,790,8,4,4,4,4,0,0,0,0,0.008123569794050354,0.019505494505494533,0.0,0.3614010989010985,0.0,3,False,101,0.08559859154929578,0.9398309859154954,0.4264788732394366,0.9920950704225352,17,65.0,46.0,0.16923076923076924,0.2923076923076923,0.6397156812462809,0.10284324942791763,0.058368131868131834,0.002843249427917624,0.1,0.043368131868131835,0.0,0.015,0.0,0.0,0.0,0.08
2.642409,76,20957.591691,hard,0.5513157894736842,2.5513157894736844,2,755,7,3,4,3,4,0,0,0,1,0.01086956521739131,0.002884615384615401,0.0,0.4171703296703295,1.0,3,True,60,0.03697183098591549,0.9310422535211273,0.6798591549295783,1.3318309859154929,33,65.0,48.0,0.046153846153846156,0.13846153846153847,0.25206405738510845,0.03153322106552357,0.21506043956043958,0.0038043478260869584,0.057728873239436616,0.05006043956043956,0.1,0.015,0.05,0.0,0.03,0.08
2.82143,80,20991.024682,hard,0.6266590389016018,2.626659038901602,2,799,8,4,4,4,4,0,0,0,0,0.03845537757437041,0.049354395604395744,0.0,0.5980769230769211,1.0,4,True,97,0.0679225352112676,0.9381690140845068,0.7619436619718308,4.459894366197183,32,65.0,52.0,0.046153846153846156,0.13846153846153847,0.2220630225397998,0.11290128355948036,0.24176923076923051,0.013459382151029643,0.09944190140845072,0.07176923076923053,0.1,0.02,0.05,0.0,0.0,0.08
0.422765,75,21022.129253,hard,0.40262013729977114,0.40262013729977114,0,750,8,4,4,4,4,0,0,0,0,0.0033638443935926168,0.003750000000000041,0.010499999999999546,0.45347527472527455,0.04549999999999955,3,False,116,0.0938556338028169,0.932394366197186,0.5865915492957743,0.5273415492957747,27,65.0,52.0,0.06153846153846154,0.13846153846153847,0.2690705926112252,0.10117734553775742,0.07396703296703291,0.0011773455377574156,0.1,0.05441703296703296,0.004549999999999954,0.015,0.0,0.0,0.0,0.08
2.783576,80,21064.595694,hard,0.593020594965675,2.593020594965675,2,796,8,4,4,4,4,0,0,0,0,0.051653318077802456,0.034890109890110065,0.21629999999999477,0.5173076923076906,0.9999999999999961,4,True,161,0.14723591549295775,0.9235492957746491,0.7656338028169016,2.3348591549295774,40,65.0,50.0,0.06153846153846154,0.15384615384615385,0.13491422385153698,0.11807866132723085,0.23207692307692246,0.018078661327230856,0.1,0.062076923076922884,0.0999999999999996,0.02,0.05,0.0,0.0,0.08
1.887226,84,21100.537977,hard,0.7329233409610975,1.7329233409610976,1,840,8,4,4,4,4,0,0,0,0,0.060188787185353775,0.015000000000000065,0.21349999999999497,0.6098901098901115,0.9904999999999907,5,False,105,0.08871478873239437,0.9236056338028168,0.7268732394366194,3.5233274647887325,36,65.0,44.0,0.06153846153846154,0.15384615384615385,0.16676100196548832,0.12106607551487383,0.19723681318681244,0.02106607551487382,0.1,0.07318681318681337,0.09904999999999908,0.025,0.0,0.0,0.0,0.08
1.591106,100,21142.566915,hard,0.5352402745995424,1.5352402745995424,1,1000,8,4,4,4,4,0,0,0,0,0.006247139588100714,0.015000000000000065,0.0,0.6781593406593409,0.273,5,False,168,0.1428169014084507,0.9291830985915516,0.7649295774647896,1.0411795774647887,34,65.0,41.0,0.07692307692307693,0.2153846153846154,0.25206405738510845,0.10218649885583525,0.13367912087912093,0.0021864988558352497,0.1,0.08137912087912093,0.027299999999999998,0.025,0.0,0.0,0.0,0.08
1.613027,78,21175.266742,hard,0.4667105263157892,1.4667105263157891,1,776,8,4,4,4,4,0,0,0,0,0.025543478260869303,0.010563186813186843,0.037800000000000174,0.2914697802197798,0.9999999999999982,2,True,192,0.13140845070422535,0.9364225352112676,0.796338028169014,3.182781690140845,37,65.0,42.0,0.07692307692307693,0.2,-0.0,0.10894021739130426,0.19497637362637343,0.008940217391304255,0.1,0.034976373626373576,0.09999999999999983,0.01,0.05,0.0,0.0,0.08
0.437146,83,21211.141594,hard,0.40806636155606407,0.40806636155606407,0,827,8,4,4,4,4,0,0,0,0,0.027705949656750568,0.02960164835164816,0.0,0.4131868131868121,0.175,3,False,106,0.07841549295774648,0.9364225352112692,0.6660563380281688,1.9018485915492958,29,65.0,49.0,0.046153846153846156,0.13846153846153847,0.32797103788470744,0.1096970823798627,0.08208241758241745,0.009697082379862696,0.1,0.04958241758241746,0.0175,0.015,0.0,0.0,0.0,0.08
2.710321,81,21246.391191,hard,0.5512757437070938,2.5512757437070936,2,805,8,4,4,4,4,0,0,0,0,0.04565217391304269,0.010096153846153675,0.1826999999999952,0.4170741758241754,0.999999999999997,3,True,92,0.05669014084507042,0.9292394366197193,0.7385915492957745,1.2513908450704225,43,65.0,49.0,0.06153846153846154,0.15384615384615385,0.1956217818146278,0.10449586650336776,0.2150489010989008,0.01597826086956494,0.08851760563380281,0.05004890109890106,0.09999999999999973,0.015,0.05,0.0,0.0,0.08
0.530819,79,21280.865696,hard,0.49032036613272245,0.49032036613272245,0,781,8,4,4,4,4,0,0,0,0,0.02818649885583452,0.02527472527472527,0.09659999999999584,0.21978021978021892,0.5235999999999958,2,False,112,0.07447183098591549,0.9154929577464787,0.787661971830986,2.971654929577465,39,65.0,57.0,0.046153846153846156,0.12307692307692308,0.2220630225397998,0.10986527459954208,0.08873362637362585,0.00986527459954208,0.1,0.026373626373626273,0.05235999999999959,0.01,0.0,0.0,0.0,0.08
2.907459,76,21320.939167,hard,0.6773455377574371,2.677345537757437,2,755,8,4,4,4,4,0,0,0,0,0.05497139588100702,0.045865384615384766,0.2090000000000003,0.7197802197802254,0.9999999999999961,6,True,105,0.08871478873239437,0.9154929577464798,0.7802816901408449,4.063855633802817,37,65.0,46.0,0.07692307692307693,0.2,0.16676100196548832,0.11923998855835245,0.26637362637362666,0.01923998855835245,0.1,0.08637362637362704,0.09999999999999962,0.030000000000000002,0.05,0.0,0.0,0.08
0.439029,80,21354.516552,hard,0.41418764302059496,0.41418764302059496,0,797,8,4,4,4,4,0,0,0,0,0.012974828375286095,0.015576923076923144,0.0,0.4999999999999992,0.0,4,False,130,0.11788732394366197,0.9366197183098595,0.6769577464788732,1.949330985915493,33,65.0,54.0,0.06153846153846154,0.13846153846153847,0.13491422385153698,0.10454118993135014,0.07999999999999992,0.004541189931350133,0.1,0.05999999999999992,0.0,0.02,0.0,0.0,0.0,0.08
0.354174,79,21387.240721,hard,0.3651029748283753,0.3651029748283753,0,785,8,4,4,4,4,0,0,0,0,0.02847254004576609,0.0,0.0,0.3821428571428571,0.0,2,False,82,0.05433098591549296,0.9616338028169018,0.8304788732394368,1.385669014084507,45,65.0,51.0,0.06153846153846154,0.13846153846153847,0.2220630225397998,0.09171362845263786,0.055857142857142855,0.009965389016018131,0.08174823943661973,0.04585714285714285,0.0,0.01,0.0,0.0,0.0,0.08
2.661097,80,21420.619056,hard,0.5423913043478261,2.5423913043478263,2,798,8,4,4,4,4,0,0,0,0,0.045966819221967214,0.02527472527472527,0.20649999999999538,0.28420329670329547,0.9999999999999959,2,True,71,0.04375,0.9373521126760573,0.688901408450704,2.57681338028169,34,65.0,49.0,0.06153846153846154,0.15384615384615385,0.19172340579500008,0.08440088672768853,0.19410439560439507,0.016088386727688524,0.0683125,0.03410439560439546,0.09999999999999959,0.01,0.05,0.0,0.0,0.08
0.443392,82,21455.561327,hard,0.43617848970251716,0.43617848970251716,0,816,8,4,4,4,4,0,0,0,0,0.0012013729977116503,0.0,0.00279999999999988,0.3901098901098901,0.06579999999999987,3,False,129,0.09258802816901408,0.9589577464788739,0.8134929577464787,3.4282042253521126,31,65.0,47.0,0.046153846153846156,0.12307692307692308,0.09911748204888313,0.10042048054919908,0.0683931868131868,0.0004204805491990776,0.1,0.046813186813186816,0.006579999999999989,0.015,0.0,0.0,0.0,0.08
0.25614,73,21486.557832,hard,0.32403318077803206,0.32403318077803206,0,728,6,2,4,2,4,0,0,0,2,0.0025228832951945356,0.006057692307692374,0.0,0.28353021978021953,0.0,2,False,96,0.07225352112676056,0.9292394366197189,0.8134647887323947,2.05862676056338,50,65.0,53.0,0.046153846153846156,0.12307692307692308,0.19172340579500008,0.04088300915331809,0.044023626373626334,0.0008830091533180875,0.1,0.03402362637362633,0.0,0.01,0.0,0.0,0.06,0.08
0.376204,86,21531.545823,hard,0.3732265446224256,0.3732265446224256,0,852,8,4,4,4,4,0,0,0,0,0.014227688787185343,0.014793956043956034,0.0,0.401648351648351,0.0,3,False,192,0.1707042253521127,0.9350704225352137,0.7490985915492957,1.4872711267605634,32,65.0,42.0,0.06153846153846154,0.16923076923076924,0.13491422385153698,0.10497969107551487,0.06319780219780212,0.004979691075514871,0.1,0.04819780219780212,0.0,0.015,0.0,0.0,0.0,0.08
0.340554,73,21562.457949,hard,0.3359267734553776,0.3359267734553776,0,722,8,4,4,4,4,0,0,0,0,0.02679061784896999,0.00865384615384617,0.0,0.3120879120879117,0.0,2,False,156,0.14848591549295775,0.921126760563383,0.673492957746479,1.8772359154929577,29,65.0,52.0,0.046153846153846156,0.13846153846153847,0.09911748204888313,0.1093767162471395,0.04745054945054941,0.009376716247139498,0.1,0.03745054945054941,0.0,0.01,0.0,0.0,0.0,0.08
2.918913,100,21605.23866,hard,0.7345537757437071,2.734553775743707,2,1000,8,4,4,4,4,0,0,0,0,0.04620709382150983,0.03854395604395615,0.17569999999999666,0.6098901098901097,0.9999999999999959,5,True,143,0.12904929577464788,0.9138873239436618,0.7486760563380283,6.8907042253521125,23,65.0,50.0,0.046153846153846156,0.13846153846153847,0.09911748204888313,0.11617248283752844,0.2481868131868128,0.01617248283752844,0.1,0.07318681318681318,0.09999999999999959,0.025,0.05,0.0,0.0,0.08
2.712029,75,21637.486838,hard,0.5499942791762015,2.5499942791762016,2,750,8,4,4,4,4,0,0,0,0,0.006727688787185387,0.008365384615384707,0.01889999999999997,0.4139972527472524,0.9999999999999992,3,True,132,0.08133802816901409,0.9154929577464789,0.7833239436619719,3.1915845070422537,29,65.0,50.0,0.06153846153846154,0.15384615384615385,0.27983052257308394,0.1023546910755149,0.21467967032967017,0.002354691075514885,0.1,0.049679670329670265,0.09999999999999992,0.015,0.05,0.0,0.0,0.08
0.251117,75,21669.068627,hard,0.2789473684210526,0.2789473684210526,0,746,8,4,4,4,4,0,0,0,0,0.00540045766590382,0.00892857142857143,0.0,0.1656593406593408,0.0,1,False,102,0.07690140845070423,0.9470140845070442,0.5441408450704222,0.6692605633802817,21,65.0,45.0,0.06153846153846154,0.15384615384615385,0.16676100196548832,0.10189016018306635,0.0248791208791209,0.001890160183066337,0.1,0.019879120879120898,0.0,0.005,0.0,0.0,0.0,0.08
1.757407,100,21712.233149,hard,0.6234610983981687,1.6234610983981685,1,1000,8,4,4,4,4,0,0,0,0,0.05854118993134953,0.028351648351648346,0.16869999999999638,0.6098901098901107,0.9526999999999927,5,False,126,0.10711267605633802,0.9307887323943674,0.674619718309859,2.332007042253521,26,65.0,44.0,0.06153846153846154,0.15384615384615385,0.05733775266807337,0.12048941647597235,0.19345681318681257,0.020489416475972338,0.1,0.0731868131868133,0.09526999999999927,0.025,0.0,0.0,0.0,0.08
0.225714,73,21752.089446,hard,0.2378032036613273,0.2378032036613273,0,725,8,4,4,4,4,0,0,0,0,0.0033638443935927144,0.008076923076923165,0.0,0.2852747252747249,0.0,1,False,165,0.13933098591549295,0.9497464788732412,0.6947887323943663,0.8430985915492958,23,65.0,46.0,0.07692307692307693,0.2153846153846154,-0.0,0.10117734553775745,0.03923296703296699,0.00117734553775745,0.1,0.03423296703296699,0.0,0.005,0.0,0.0,0.0,0.08
2.799631,83,21786.149926,hard,0.6054347826086957,2.605434782608696,2,826,8,4,4,4,4,0,0,0,0,0.06040617848970174,0.03715659340659348,0.23029999999999431,0.547115384615384,0.9999999999999961,4,True,241,0.19980633802816902,0.9830985915492958,0.7254647887323945,2.680968309859155,31,65.0,48.0,0.06153846153846154,0.13846153846153847,0.16676100196548832,0.12114216247139561,0.23565384615384566,0.021142162471395606,0.1,0.06565384615384606,0.0999999999999996,0.02,0.05,0.0,0.0,0.08
2.76966,74,21817.256555,hard,0.6194508009153318,2.619450800915332,2,732,8,4,4,4,4,0,0,0,0,0.020543478260869406,0.0,0.0,0.3335164835164835,1.0,3,True,85,0.06492957746478874,0.9211267605633827,0.7068169014084509,2.079119718309859,31,65.0,42.0,0.06153846153846154,0.18461538461538463,0.09911748204888313,0.09838740048989585,0.20502197802197802,0.007190217391304292,0.09119718309859155,0.04002197802197803,0.09999999999999999,0.015,0.05,0.0,0.0,0.08
0.298534,75,21848.722798,hard,0.3170308924485126,0.3170308924485126,0,748,8,4,4,4,4,0,0,0,0,0.011653318077803199,0.02798076923076922,0.0,0.26671703296703175,0.0,1,False,96,0.06295774647887324,0.937352112676057,0.7265070422535209,2.402007042253521,37,65.0,52.0,0.046153846153846156,0.1076923076923077,0.1956217818146278,0.09929697118638606,0.03700604395604381,0.004078661327231119,0.09521830985915494,0.03200604395604381,0.0,0.005,0.0,0.0,0.0,0.08
1.661114,81,21882.867646,hard,0.4874027459954233,1.4874027459954233,1,808,8,4,4,4,4,0,0,0,0,0.009130434782608698,0.02192307692307693,0.0,0.5109615384615375,1.0,4,True,242,0.17859154929577464,0.9325915492957755,0.7951830985915492,1.9846302816901409,35,65.0,47.0,0.046153846153846156,0.13846153846153847,0.13491422385153698,0.10319565217391305,0.23131538461538448,0.0031956521739130443,0.1,0.06131538461538449,0.1,0.02,0.05,0.0,0.0,0.08
0.419864,78,21915.661105,hard,0.37838100686498777,0.37838100686498777,0,780,8,4,4,4,4,0,0,0,0,0.021744851258580465,0.0,0.1266999999999955,0.11085164835164835,0.7356999999999945,1,False,134,0.09852112676056338,0.9317183098591554,0.8248450704225355,1.5202816901408451,47,65.0,44.0,0.09230769230769231,0.18461538461538463,0.05733775266807337,0.10761069794050317,0.09187219780219727,0.007610697940503162,0.1,0.013302197802197803,0.07356999999999946,0.005,0.0,0.0,0.0,0.08
1.621582,88,21952.58472,hard,0.5667620137299771,1.5667620137299771,1,871,8,4,4,4,4,0,0,0,0,0.03243707093821492,0.034903846153846174,0.0,0.4999999999999985,0.30566666666666664,4,False,92,0.07676056338028169,0.9341971830985918,0.7816901408450706,4.031742957746479,34,65.0,56.0,0.046153846153846156,0.1076923076923077,0.3430042135170806,0.11135297482837522,0.11056666666666648,0.011352974828375221,0.1,0.05999999999999981,0.03056666666666667,0.02,0.0,0.0,0.0,0.08
0.406392,79,21993.741269,hard,0.38540045766590375,0.38540045766590375,0,782,8,4,4,4,4,0,0,0,0,0.021384439359267742,0.04326923076923113,0.019599999999999153,0.39010989010988933,0.09893333333333248,3,False,152,0.14059859154929577,0.9446760563380298,0.776450704225352,2.118468309859155,38,65.0,47.0,0.06153846153846154,0.15384615384615385,-0.0,0.10748455377574372,0.07170652014651996,0.007484553775743709,0.1,0.04681318681318672,0.009893333333333249,0.015,0.0,0.0,0.0,0.08
1.674067,85,22028.625947,hard,0.4948512585812357,1.4948512585812357,1,848,8,4,4,4,4,0,0,0,0,0.03015446224256282,0.050480769230769405,0.025199999999998914,0.5288461538461525,1.0,4,True,141,0.12299295774647888,0.9479436619718307,0.7103380281690141,1.9752640845070422,35,65.0,51.0,0.06153846153846154,0.15384615384615385,0.2690705926112252,0.11055406178489699,0.23346153846153833,0.010554061784896984,0.1,0.06346153846153832,0.1,0.02,0.05,0.0,0.0,0.08
0.379876,80,22061.796362,hard,0.38136155606407274,0.38136155606407274,0,799,8,4,4,4,4,0,0,0,0,0.01105263157894689,0.0,0.025199999999998914,0.2802197802197802,0.10919999999999891,2,False,87,0.09836267605633803,0.9332112676056338,0.8369859154929575,2.32375,41,65.0,47.0,0.07692307692307693,0.18461538461538463,0.15610566617587138,0.10386842105263142,0.054546373626373525,0.0038684210526314117,0.1,0.03362637362637363,0.010919999999999892,0.01,0.0,0.0,0.0,0.08
0.48096,90,22099.095444,hard,0.44879862700228834,0.44879862700228834,0,892,8,4,4,4,4,0,0,0,0,0.018255148741418932,0.028255494505494673,0.0,0.5831043956043943,0.0,5,False,168,0.10352112676056338,0.9465915492957772,0.5960845070422534,1.160193661971831,32,65.0,50.0,0.07692307692307693,0.16923076923076924,0.13491422385153698,0.10638930205949663,0.0949725274725273,0.006389302059496626,0.1,0.06997252747252729,0.0,0.025,0.0,0.0,0.0,0.08
0.483483,75,22130.340427,hard,0.4431464530892449,0.4431464530892449,0,741,8,4,4,4,4,0,0,0,0,0.031693363844393745,0.04494505494505505,0.0,0.5695329670329655,0.0,3,False,127,0.11797535211267605,0.9357464788732401,0.8313521126760562,2.437323943661972,39,65.0,48.0,0.07692307692307693,0.18461538461538463,0.2220630225397998,0.11109267734553782,0.08334395604395586,0.011092677345537809,0.1,0.06834395604395586,0.0,0.015,0.0,0.0,0.0,0.08
0.362258,90,22167.753717,hard,0.3684210526315789,0.3684210526315789,0,897,8,4,4,4,4,0,0,0,0,0.004925629290617863,0.011826923076923112,0.0,0.3901098901098897,0.0,3,False,97,0.07286971830985915,0.9589577464788743,0.6755211267605631,1.4715845070422535,31,65.0,47.0,0.06153846153846154,0.15384615384615385,-0.0,0.10172397025171626,0.06181318681318677,0.0017239702517162518,0.1,0.04681318681318677,0.0,0.015,0.0,0.0,0.0,0.08
1.638849,74,22207.434344,hard,0.5313272311212809,1.5313272311212809,1,740,8,4,4,4,4,0,0,0,0,0.025949656750571457,0.002307692307692333,0.1455999999999963,0.42510989010989014,0.8642666666666604,3,False,116,0.08045774647887324,0.963239436619718,0.6350704225352113,2.6390845070422535,23,65.0,44.0,0.06153846153846154,0.15384615384615385,0.16676100196548832,0.10908237986270002,0.15243985347985284,0.009082379862700008,0.1,0.051013186813186805,0.08642666666666604,0.015,0.0,0.0,0.0,0.08
0.370081,75,22238.139504,hard,0.36407894736842117,0.36407894736842117,0,749,8,4,4,4,4,0,0,0,0,0.015257437070938318,0.029134615384615627,0.0,0.3796840659340647,0.0,2,False,183,0.14276408450704225,0.9267605633802816,0.7442253521126757,1.3396830985915493,40,65.0,47.0,0.046153846153846156,0.13846153846153847,0.1145020974334985,0.10534010297482842,0.05556208791208777,0.005340102974828411,0.1,0.04556208791208777,0.0,0.01,0.0,0.0,0.0,0.08
2.773293,79,22270.642716,hard,0.591578947368421,2.591578947368421,2,784,8,4,4,4,4,0,0,0,0,0.0254691075514871,0.002307692307692333,0.14279999999999812,0.5099999999999999,0.9999999999999959,4,True,167,0.10454225352112675,0.9679436619718303,0.7238028169014084,4.10568661971831,22,65.0,50.0,0.07692307692307693,0.16923076923076924,0.16676100196548832,0.1089141876430205,0.23119999999999963,0.008914187643020483,0.1,0.061200000000000004,0.09999999999999962,0.02,0.05,0.0,0.0,0.08
0.241496,77,22302.333414,hard,0.24384439359267732,0.24384439359267732,0,765,8,4,4,4,4,0,0,0,0,0.01189359267734509,0.0,0.0,0.3332417582417582,0.0,2,False,141,0.11139084507042253,0.9605633802816922,0.4008732394366195,0.4132394366197183,20,65.0,43.0,0.1076923076923077,0.26153846153846155,0.6659067858750105,0.10416275743707079,0.04998901098901099,0.00416275743707078,0.1,0.03998901098901099,0.0,0.01,0.0,0.0,0.0,0.08
0.326831,78,22335.162601,hard,0.3282608695652174,0.3282608695652174,0,774,8,4,4,4,4,0,0,0,0,0.030652173913043288,0.016442307692307874,0.0,0.2936813186813178,0.0,2,False,150,0.09242957746478873,0.9550704225352116,0.7826478873239433,1.9540669014084506,37,65.0,46.0,0.06153846153846154,0.16923076923076924,0.36515924447037396,0.11072826086956515,0.04524175824175815,0.010728260869565149,0.1,0.035241758241758146,0.0,0.01,0.0,0.0,0.0,0.08
2.747867,77,22367.627543,hard,0.5408180778032037,2.5408180778032037,2,763,8,4,4,4,4,0,0,0,0,0.033266590389016075,0.004326923076923124,0.18333333333333357,0.6392170329670337,0.9999999999999968,5,True,154,0.13419014084507042,0.9585352112676052,0.7655211267605633,1.7178521126760564,41,65.0,49.0,0.06153846153846154,0.12307692307692308,0.13491422385153698,0.11164330663615563,0.25170604395604373,0.011643306636155626,0.1,0.07670604395604406,0.09999999999999969,0.025,0.05,0.0,0.0,0.08
0.26301,73,22398.060786,hard,0.2874771167048055,0.2874771167048055,0,730,8,4,4,4,4,0,0,0,0,0.0001201372997711684,0.0002884615384615417,0.0,0.19575549450549448,0.0,1,False,160,0.14223591549295775,0.9154929577464812,0.7665633802816907,1.2578521126760562,28,65.0,42.0,0.12307692307692308,0.24615384615384617,0.1145020974334985,0.10004204805491991,0.028490659340659336,4.2048054919908934e-05,0.1,0.023490659340659335,0.0,0.005,0.0,0.0,0.0,0.08
0.459,76,22438.904961,hard,0.436378718535469,0.436378718535469,0,759,8,4,4,4,4,0,0,0,0,0.007088100686498751,0.008942307692307791,0.0,0.508667582417582,0.0,3,False,140,0.1364788732394366,0.9301126760563398,0.591464788732394,1.3489788732394365,38,65.0,50.0,0.046153846153846156,0.12307692307692308,0.13491422385153698,0.10248083524027457,0.07604010989010984,0.002480835240274563,0.1,0.06104010989010984,0.0,0.015,0.0,0.0,0.0,0.08
0.254164,74,22470.052478,hard,0.27209382151029754,0.27209382151029754,0,737,7,3,4,3,4,0,0,0,1,0.00024027459954232378,0.0,0.00139999999999994,0.3901098901098901,0.03873333333333327,3,False,190,0.13017605633802817,0.9589577464788726,0.6944507042253522,2.7974471830985914,29,65.0,48.0,0.07692307692307693,0.18461538461538463,0.15610566617587138,0.07008409610983982,0.06568652014652013,8.409610983981331e-05,0.1,0.04681318681318681,0.003873333333333327,0.015,0.0,0.0,0.03,0.08
1.68424,82,22503.455039,hard,0.5760755148741412,1.5760755148741412,1,812,8,4,4,4,4,0,0,0,0,0.043466819221967275,0.015576923076923247,0.10779999999999534,0.6644780219780245,0.5441333333333287,4,False,128,0.11401408450704226,0.9375492957746483,0.7482535211267604,2.183204225352113,32,65.0,48.0,0.06153846153846154,0.15384615384615385,0.1956217818146278,0.11521338672768855,0.1541506959706958,0.015213386727688545,0.1,0.07973736263736295,0.054413333333332876,0.02,0.0,0.0,0.0,0.08
0.266641,79,22536.220757,hard,0.2871796338672767,0.2871796338672767,0,782,8,4,4,4,4,0,0,0,0,0.024027459954233294,0.015288461538461652,0.0,0.20210164835164776,0.0,1,False,160,0.13950704225352112,0.9462816901408467,0.7634929577464789,0.9690140845070423,32,65.0,50.0,0.06153846153846154,0.15384615384615385,0.16676100196548832,0.10840961098398166,0.029252197802197736,0.008409610983981653,0.1,0.024252197802197735,0.0,0.005,0.0,0.0,0.0,0.08
0.521362,78,22568.793417,hard,0.4769393592677346,0.4769393592677346,0,774,8,4,4,4,4,0,0,0,0,0.010692219679633958,0.02567307692307714,0.0,0.6506730769230799,0.0,4,False,122,0.10683098591549296,0.951718309859155,0.7134084507042254,2.3422007042253523,43,65.0,45.0,0.07692307692307693,0.18461538461538463,0.13491422385153698,0.1037422768878719,0.09808076923076957,0.003742276887871885,0.1,0.07808076923076956,0.0,0.02,0.0,0.0,0.0,0.08
2.882967,100,22610.541238,hard,0.715675057208238,2.715675057208238,2,1000,8,4,4,4,4,0,0,0,0,0.027271167048054608,0.005769230769230833,0.14489999999999803,0.5645604395604396,0.9999999999999959,4,True,102,0.06665492957746479,0.9084507042253521,0.6244225352112673,4.187658450704225,29,65.0,49.0,0.06153846153846154,0.16923076923076924,0.16676100196548832,0.10954490846681912,0.23774725274725234,0.009544908466819112,0.1,0.06774725274725273,0.0999999999999996,0.02,0.05,0.0,0.0,0.08
0.452585,79,22652.059918,hard,0.45351258581235665,0.45351258581235665,0,781,8,4,4,4,4,0,0,0,0,0.014416475972539745,0.01615384615384623,0.0,0.4999999999999992,0.0,4,False,72,0.04816901408450704,0.9623098591549307,0.5853802816901407,1.6621830985915493,21,65.0,47.0,0.07692307692307693,0.16923076923076924,0.05733775266807337,0.0771725271537692,0.07999999999999992,0.00504576659038891,0.07212676056338028,0.059999999999999915,0.0,0.02,0.0,0.0,0.0,0.08
0.354805,87,22688.060825,hard,0.3359267734553776,0.3359267734553776,0,862,8,4,4,4,4,0,0,0,0,0.019822654462242302,0.0002884615384615417,0.0,0.3120879120879121,0.0,2,False,126,0.11475352112676056,0.9512957746478887,0.5811267605633798,0.24654929577464788,21,65.0,43.0,0.09230769230769231,0.24615384615384617,0.43954357998191845,0.10693792906178481,0.04745054945054945,0.006937929061784805,0.1,0.037450549450549445,0.0,0.01,0.0,0.0,0.0,0.04930985915492958
0.326455,72,22718.156698,hard,0.3562700228832951,0.3562700228832951,0,716,7,3,4,3,4,0,0,0,1,0.0055263157894736015,0.013269230769230572,0.0,0.3320879120879115,0.0,2,False,150,0.12463028169014084,0.9292394366197188,0.6546197183098592,0.9545070422535211,37,65.0,42.0,0.12307692307692308,0.24615384615384617,0.3960549593035403,0.07193421052631577,0.04985054945054937,0.0019342105263157605,0.1,0.03985054945054937,0.0,0.01,0.0,0.0,0.03,0.08
0.196365,75,22749.759567,hard,0.2830091533180776,0.2830091533180776,0,742,5,1,4,1,4,0,0,0,3,0.004805491990846475,0.0,0.0,0.38228021978021975,0.0,2,False,240,0.19098591549295774,0.9629859154929596,0.6821408450704226,1.1165845070422535,31,65.0,46.0,0.06153846153846154,0.16923076923076924,0.15610566617587138,0.011681922196796271,0.05587362637362638,0.001681922196796266,0.1,0.04587362637362638,0.0,0.01,0.0,0.0,0.09,0.08
0.180955,76,22782.473835,hard,0.2949656750572082,0.2949656750572082,0,755,5,1,4,1,4,0,0,0,3,0.0024027459954233674,0.005769230769230833,0.0,0.21373626373626348,0.0,1,False,104,0.07225352112676056,0.9211267605633827,0.539633802816901,0.533169014084507,20,65.0,47.0,0.06153846153846154,0.16923076923076924,0.05733775266807337,0.010840961098398189,0.030648351648351623,0.0008409610983981786,0.1,0.025648351648351622,0.0,0.005,0.0,0.0,0.09,0.08
0.391441,82,22817.422023,hard,0.38692219679633866,0.38692219679633866,0,814,8,4,4,4,4,0,0,0,0,0.011006864988558357,0.026428571428571437,0.0,0.43453296703296573,0.0,3,False,84,0.07056338028169014,0.9629859154929585,0.6669859154929575,2.6105105633802816,19,65.0,54.0,0.06153846153846154,0.16923076923076924,0.16676100196548832,0.09877493795726303,0.0671439560439559,0.0038524027459954247,0.0949225352112676,0.05214395604395589,0.0,0.015,0.0,0.0,0.0,0.08
1.813275,88,22863.051321,hard,0.7056922196796336,1.7056922196796336,1,871,8,4,4,4,4,0,0,0,0,0.026864988558352104,0.02527472527472527,0.0734999999999983,0.6098901098901086,0.8318333333333302,5,False,84,0.055880281690140844,0.9573521126760565,0.6250704225352112,3.3696654929577465,21,65.0,43.0,0.09230769230769231,0.2,0.1145020974334985,0.09331295726302886,0.18137014652014607,0.009402745995423237,0.08391021126760563,0.07318681318681304,0.08318333333333303,0.025,0.0,0.0,0.0,0.08
0.364568,77,22895.894963,hard,0.36351830663615564,0.36351830663615564,0,770,8,4,4,4,4,0,0,0,0,0.007568649885583604,0.018173076923077115,0.0,0.3783379120879113,0.0,2,False,116,0.07528169014084507,0.930788732394369,0.7718309859154936,1.234524647887324,41,65.0,49.0,0.06153846153846154,0.15384615384615385,0.09911748204888313,0.10264902745995427,0.055400549450549355,0.0026490274599542613,0.1,0.04540054945054935,0.0,0.01,0.0,0.0,0.0,0.08
0.439937,100,22938.953025,hard,0.4324485125858124,0.4324485125858124,0,1000,8,4,4,4,4,0,0,0,0,0.006361556064073233,0.015274725274725289,0.0,0.5438461538461531,0.0,4,False,183,0.1531514084507042,0.9409014084507074,0.5197183098591549,1.0614612676056339,22,65.0,45.0,0.06153846153846154,0.16923076923076924,0.27983052257308394,0.10222654462242564,0.08526153846153839,0.002226544622425631,0.1,0.06526153846153838,0.0,0.02,0.0,0.0,0.0,0.08
0.441157,81,22973.679379,hard,0.41603546910755146,0.41603546910755146,0,803,8,4,4,4,4,0,0,0,0,0.024965675057208314,0.006923076923076924,0.0,0.4284752747252744,0.10266666666666667,3,False,136,0.11871478873239437,0.9397746478873265,0.6754929577464788,1.116144366197183,31,65.0,50.0,0.046153846153846156,0.13846153846153847,0.16676100196548832,0.10873798627002292,0.0766836996336996,0.00873798627002291,0.1,0.051417032967032934,0.010266666666666667,0.015,0.0,0.0,0.0,0.08
0.492306,84,23008.854516,hard,0.4874141876430206,0.4874141876430206,0,838,8,4,4,4,4,0,0,0,0,0.042288329519450434,0.00951923076923077,0.0,0.3901098901098902,0.09333333333333334,3,False,86,0.05299295774647887,0.9348169014084511,0.879887323943662,1.5594718309859155,41,65.0,40.0,0.06153846153846154,0.16923076923076924,0.16676100196548832,0.09754563364166681,0.07114652014652015,0.014800915331807652,0.08274471830985916,0.04681318681318681,0.009333333333333334,0.015,0.0,0.0,0.0,0.08
0.37135,80,23042.217052,hard,0.36882151029748284,0.36882151029748284,0,794,8,4,4,4,4,0,0,0,0,0.0,0.0,0.0,0.39107142857142857,0.0,3,False,144,0.1280281690140845,0.9323943661971846,0.8404507042253526,2.466830985915493,34,65.0,46.0,0.07692307692307693,0.18461538461538463,0.05733775266807337,0.1,0.06192857142857143,0.0,0.1,0.04692857142857143,0.0,0.015,0.0,0.0,0.0,0.08
2.930651,87,23087.350657,hard,0.7377574370709382,2.7377574370709383,2,870,8,4,4,4,4,0,0,0,0,0.052620137299770386,0.05884615384615437,0.16379999999999387,0.617582417582417,0.9999999999999991,5,True,96,0.059154929577464786,0.9405070422535246,0.6297183098591549,1.9903697183098592,28,65.0,48.0,0.06153846153846154,0.15384615384615385,0.05733775266807337,0.11078324523801825,0.24910989010989,0.018417048054919637,0.0923661971830986,0.07410989010989005,0.09999999999999991,0.025,0.05,0.0,0.0,0.08
1.56251,78,23120.358482,hard,0.43707093821510296,1.437070938215103,1,776,8,4,4,4,4,0,0,0,0,0.03856407322654369,0.0,0.2246999999999946,0.3901098901098901,0.9999999999999959,3,True,60,0.03697183098591549,0.9454084507042263,0.7858591549295767,1.1862676056338028,28,65.0,42.0,0.06153846153846154,0.16923076923076924,-0.0,0.07122629886872692,0.2118131868131864,0.013497425629290294,0.057728873239436616,0.04681318681318682,0.0999999999999996,0.015,0.05,0.0,0.0,0.08
0.48764,84,23155.607375,hard,0.459954233409611,0.459954233409611,0,835,8,4,4,4,4,0,0,0,0,0.03689931350114432,0.03173076923076947,0.0,0.6098901098901083,0.0,5,False,82,0.05211267605633803,0.9366760563380299,0.6033521126760559,0.7346654929577465,25,65.0,51.0,0.07692307692307693,0.13846153846153847,0.16676100196548832,0.09299926676765402,0.098186813186813,0.012914759725400508,0.08008450704225352,0.07318681318681299,0.0,0.025,0.0,0.0,0.0,0.08
0.382337,81,23190.537388,hard,0.3736270022883295,0.3736270022883295,0,807,8,4,4,4,4,0,0,0,0,0.01741990846681892,0.021923076923077062,0.0,0.40260989010988907,0.0,3,False,166,0.14158450704225353,0.9348732394366205,0.7468450704225352,2.070880281690141,27,65.0,45.0,0.06153846153846154,0.15384615384615385,0.05733775266807337,0.10609696796338663,0.06331318681318668,0.006096967963386623,0.1,0.048313186813186686,0.0,0.015,0.0,0.0,0.0,0.08
0.31154,76,23222.576136,hard,0.2985411899313501,0.2985411899313501,0,755,8,4,4,4,4,0,0,0,0,0.005406178489702531,0.010961538461538581,0.0,0.43005494505494457,0.0,3,False,96,0.07056338028169014,0.9598873239436635,0.6041971830985912,0.988080985915493,22,65.0,55.0,0.046153846153846156,0.1076923076923077,0.2220630225397998,0.10189216247139589,0.06660659340659333,0.001892162471395886,0.1,0.051606593406593335,0.0,0.015,0.0,0.0,0.0,0.08
0.226259,79,23255.831266,hard,0.26172768878718533,0.26172768878718533,0,786,8,4,4,4,4,0,0,0,0,0.0058867276887872464,0.0,0.0,0.13392857142857142,0.0,1,False,184,0.12211267605633803,0.9179718309859161,0.8332957746478875,1.0833802816901408,43,65.0,45.0,0.07692307692307693,0.2,0.1145020974334985,0.10206035469107554,0.021071428571428574,0.002060354691075536,0.1,0.016071428571428573,0.0,0.005,0.0,0.0,0.0,0.08
0.381265,78,23288.217986,hard,0.36544050343249396,0.36544050343249396,0,773,8,4,4,4,4,0,0,0,0,0.032316933638443346,0.0,0.0,0.3901098901098901,0.0,3,False,150,0.12570422535211268,0.9943661971830984,0.749183098591549,1.4621654929577466,46,65.0,45.0,0.07692307692307693,0.2,0.09911748204888313,0.11131092677345518,0.061813186813186816,0.01131092677345517,0.1,0.046813186813186816,0.0,0.015,0.0,0.0,0.0,0.08
0.145997,100,23338.558629,hard,0.2200228832951945,0.2200228832951945,0,1000,8,4,4,4,4,0,0,0,0,0.01669908466819183,0.015865384615384726,0.0,0.15315934065934073,0.0,1,False,71,0.055,0.9380281690140857,0.7452957746478877,0.6844718309859155,35,65.0,50.0,0.07692307692307693,0.16923076923076924,0.7082896705236792,0.08259467963386714,0.023379120879120883,0.005844679633867141,0.07675,0.018379120879120883,0.0,0.005,0.0,0.0,0.0,0.08
2.849071,79,23372.747145,hard,0.6427917620137299,2.64279176201373,2,790,8,4,4,4,4,0,0,0,0,0.048175057208237095,0.02076923076923089,0.2162999999999949,0.6118131868131882,0.9999999999999961,5,True,166,0.15359154929577465,0.9607605633802835,0.6912112676056339,3.951161971830986,25,65.0,50.0,0.046153846153846156,0.1076923076923077,0.2783171932701801,0.11686127002288299,0.24841758241758222,0.01686127002288298,0.1,0.07341758241758259,0.0999999999999996,0.025,0.05,0.0,0.0,0.08
0.383345,75,23404.006238,hard,0.3302803203661327,0.3302803203661327,0,748,8,4,4,4,4,0,0,0,0,0.033878718535469005,0.0008653846153846252,0.0,0.2985302197802198,0.0,2,False,96,0.07436619718309859,0.9654084507042291,0.4168450704225348,0.1490845070422535,8,65.0,44.0,0.15384615384615385,0.26153846153846155,0.9137404084629949,0.11185755148741416,0.04582362637362638,0.011857551487414152,0.1,0.03582362637362638,0.0,0.01,0.0,0.0,0.0,0.029816901408450704
1.591429,80,23436.685062,hard,0.5530434782608696,1.5530434782608697,1,799,8,4,4,4,4,0,0,0,0,0.02270594965675025,0.01211538461538471,0.0,0.5861538461538468,0.0,4,False,151,0.13234154929577466,0.9422535211267606,0.7983661971830984,5.313785211267605,31,65.0,44.0,0.046153846153846156,0.13846153846153847,-0.0,0.10794708237986259,0.0903384615384616,0.007947082379862587,0.1,0.0703384615384616,0.0,0.02,0.0,0.0,0.0,0.08
2.783245,78,23469.434669,hard,0.601395881006865,2.601395881006865,2,777,8,4,4,4,4,0,0,0,0,0.02874141876430216,0.012692307692307774,0.13666666666666694,0.5374175824175819,0.9999999999999961,3,True,112,0.09464788732394366,0.9503661971831006,0.7585915492957752,2.571954225352113,40,65.0,50.0,0.06153846153846154,0.15384615384615385,0.05733775266807337,0.11005949656750576,0.22949010989010943,0.010059496567505755,0.1,0.06449010989010981,0.09999999999999962,0.015,0.05,0.0,0.0,0.08
2.727297,76,23500.867201,hard,0.569279176201373,2.569279176201373,2,754,8,4,4,4,4,0,0,0,0,0.02606979405034286,0.0,0.15189999999999773,0.41510989010989013,0.9999999999999959,3,True,93,0.057306338028169014,0.9307887323943662,0.7638028169014082,2.259419014084507,30,65.0,47.0,0.06153846153846154,0.16923076923076924,0.15610566617587138,0.09860418143874677,0.2148131868131864,0.00912442791762,0.08947975352112678,0.049813186813186805,0.09999999999999959,0.015,0.05,0.0,0.0,0.08
1.580928,75,23540.509503,hard,0.4568993135011442,1.456899313501144,1,745,8,4,4,4,4,0,0,0,0,0.001922196796338694,0.004615384615384666,0.0,0.19046703296703277,1.0,1,True,168,0.10352112676056338,0.9211267605633802,0.7027605633802821,2.174806338028169,29,65.0,44.0,0.07692307692307693,0.2153846153846154,0.09911748204888313,0.10067276887871855,0.17785604395604393,0.0006727688787185428,0.1,0.022856043956043934,0.1,0.005,0.05,0.0,0.0,0.08
0.482211,78,23573.239434,hard,0.4275743707093813,0.4275743707093813,0,775,8,4,4,4,4,0,0,0,0,0.03219679633867206,0.0,0.10499999999999547,0.31195054945054945,0.5343333333333288,2,False,106,0.08602112676056338,0.9582816901408455,0.7434084507042253,1.3328521126760564,30,65.0,32.0,0.09230769230769231,0.24615384615384617,0.15610566617587138,0.11126887871853523,0.10086739926739882,0.011268878718535222,0.1,0.03743406593406594,0.05343333333333289,0.01,0.0,0.0,0.0,0.08
0.368958,81,23607.034935,hard,0.3711670480549199,0.3711670480549199,0,806,8,4,4,4,4,0,0,0,0,0.00024027459954233416,0.0005769230769230771,0.0,0.21978021978021975,0.21933333333333332,2,False,116,0.07908450704225352,0.9317183098591567,0.6678873239436618,0.8272359154929577,32,65.0,50.0,0.046153846153846156,0.13846153846153847,0.16676100196548832,0.10008409610983983,0.0583069597069597,8.409610983981696e-05,0.1,0.026373626373626367,0.021933333333333332,0.01,0.0,0.0,0.0,0.08
0.318238,75,23637.872653,hard,0.32243707093821516,0.32243707093821516,0,742,8,4,4,4,4,0,0,0,0,0.03267734553775721,0.02192307692307699,0.0,0.27969780219780177,0.0,1,False,163,0.13480633802816902,0.9341971830985926,0.6895211267605631,1.3634154929577464,27,65.0,48.0,0.046153846153846156,0.13846153846153847,0.09911748204888313,0.11143707093821503,0.03856373626373621,0.011437070938215025,0.1,0.03356373626373621,0.0,0.005,0.0,0.0,0.0,0.08
2.83862,79,23670.182582,hard,0.6335812356979404,2.6335812356979407,2,789,8,4,4,4,4,0,0,0,0,0.045005720823797966,0.02844780219780219,0.1931999999999959,0.6098901098901107,0.9999999999999961,5,True,148,0.12176056338028168,0.9325915492957754,0.805661971830986,3.633961267605634,36,65.0,53.0,0.046153846153846156,0.12307692307692308,0.22338824700260326,0.1157520022883293,0.2481868131868129,0.01575200228832929,0.1,0.0731868131868133,0.09999999999999962,0.025,0.05,0.0,0.0,0.08
0.392869,75,23701.985768,hard,0.38425629290617846,0.38425629290617846,0,750,8,4,4,4,4,0,0,0,0,0.00576659038901598,0.013846153846153755,0.0,0.42813186813186754,0.0,3,False,96,0.06295774647887324,0.9154929577464819,0.6621126760563382,1.2827640845070423,28,65.0,51.0,0.046153846153846156,0.12307692307692308,0.25206405738510845,0.09723661649531053,0.0663758241758241,0.0020183066361555927,0.09521830985915493,0.0513758241758241,0.0,0.015,0.0,0.0,0.0,0.08
0.346924,78,23735.144144,hard,0.34986270022883287,0.34986270022883287,0,776,8,4,4,4,4,0,0,0,0,0.009130434782608646,0.021923076923076806,0.0,0.3455494505494496,0.0,2,False,95,0.09179577464788732,0.9373521126760584,0.6675492957746479,1.9341725352112675,23,65.0,44.0,0.09230769230769231,0.2153846153846154,0.22338824700260326,0.10319565217391304,0.051465934065933944,0.003195652173913026,0.1,0.04146593406593394,0.0,0.01,0.0,0.0,0.0,0.08
1.607215,76,23774.788198,hard,0.44225400457665903,1.442254004576659,1,755,8,4,4,4,4,0,0,0,0,0.020440503432494345,0.009519230769230853,0.0,0.40255494505494466,1.0,3,True,140,0.1030105633802817,0.9211267605633822,0.6921971830985916,2.6224295774647888,32,65.0,43.0,0.07692307692307693,0.2,0.16676100196548832,0.10715417620137302,0.21330659340659336,0.00715417620137302,0.1,0.04830659340659336,0.1,0.015,0.05,0.0,0.0,0.08
2.700789,77,23805.941809,hard,0.540045766590389,2.540045766590389,2,762,8,4,4,4,4,0,0,0,0,0.014656750572082431,0.0,0.0854000000000003,0.3901098901098901,0.9999999999999961,3,True,108,0.06654929577464788,0.9616901408450705,0.6685352112676057,3.590387323943662,40,65.0,46.0,0.06153846153846154,0.15384615384615385,0.22338824700260326,0.10512986270022885,0.2118131868131864,0.00512986270022885,0.1,0.04681318681318681,0.09999999999999962,0.015,0.05,0.0,0.0,0.08
0.286786,76,23837.131145,hard,0.31899313501144166,0.31899313501144166,0,760,8,4,4,4,4,0,0,0,0,0.0,0.0,0.0,0.2714285714285714,0.0,1,False,76,0.06429577464788733,0.9204507042253536,0.790760563380282,1.2713028169014085,39,65.0,41.0,0.06153846153846154,0.18461538461538463,0.05733775266807337,0.0862218309859155,0.03757142857142856,0.0,0.0862218309859155,0.032571428571428564,0.0,0.005,0.0,0.0,0.0,0.08
2.762115,87,23873.225268,hard,0.585812356979405,2.585812356979405,2,869,8,4,4,4,4,0,0,0,0,0.037723112128145914,0.017019230769230884,0.17849999999999655,0.49999999999999917,0.9999999999999959,4,True,156,0.13869718309859155,0.9736338028169012,0.7147605633802817,2.9021478873239435,34,65.0,53.0,0.06153846153846154,0.13846153846153847,0.16676100196548832,0.11320308924485108,0.22999999999999948,0.01320308924485107,0.1,0.059999999999999894,0.0999999999999996,0.02,0.05,0.0,0.0,0.08
3.085561,100,23914.945657,hard,0.8704233409610984,2.870423340961098,2,1000,8,4,4,4,4,0,0,0,0,0.056138443935925895,0.043351648351648425,0.2218999999999947,0.7957417582417589,0.9999999999999959,6,True,125,0.10588028169014084,0.8966197183098625,0.6222816901408452,2.6172711267605635,29,65.0,44.0,0.06153846153846154,0.16923076923076924,0.13491422385153698,0.11964845537757407,0.2754890109890107,0.019648455377574058,0.1,0.09548901098901107,0.0999999999999996,0.030000000000000002,0.05,0.0,0.0,0.08
2.89697,80,23949.003531,hard,0.6773455377574371,2.677345537757437,2,800,8,4,4,4,4,0,0,0,0,0.05692219679633877,0.04381868131868142,0.22533333333333364,0.7197802197802177,0.9999999999999961,6,True,97,0.05977112676056338,0.931042253521127,0.6043943661971829,3.4256161971830985,31,65.0,55.0,0.06153846153846154,0.15384615384615385,0.1956217818146278,0.11325111394914111,0.26637362637362577,0.019922768878718567,0.09332834507042255,0.08637362637362614,0.09999999999999962,0.030000000000000002,0.05,0.0,0.0,0.08
0.119008,72,23987.932944,hard,0.22174485125858126,0.22174485125858126,0,720,5,1,4,1,4,0,0,0,3,0.0001201372997711684,0.0002884615384615417,0.0,0.2851785714285714,0.0,1,False,131,0.11475352112676056,0.9623098591549327,0.6526478873239439,0.6782042253521127,29,65.0,51.0,0.046153846153846156,0.13846153846153847,0.13491422385153698,0.010042048054919914,0.039221428571428574,4.2048054919908934e-05,0.1,0.034221428571428576,0.0,0.005,0.0,0.0,0.09,0.08
1.578187,75,24019.05983,hard,0.5129290617848971,1.512929061784897,1,748,8,4,4,4,4,0,0,0,0,0.010526315789473682,0.02527472527472527,0.0,0.7197802197802239,0.0,6,False,105,0.08160211267605634,0.9659154929577473,0.6785915492957748,2.2202288732394364,20,65.0,42.0,0.06153846153846154,0.16923076923076924,0.15610566617587138,0.1036842105263158,0.11637362637362685,0.0036842105263157885,0.1,0.08637362637362685,0.0,0.030000000000000002,0.0,0.0,0.0,0.08
3.089331,89,24055.942192,hard,0.8832951945080092,2.883295194508009,2,890,8,4,4,4,4,0,0,0,0,0.024748283752860572,0.0,0.0,0.7197802197802198,1.0,6,True,167,0.14600352112676057,0.9404507042253535,0.7579154929577464,5.76093309859155,35,65.0,48.0,0.06153846153846154,0.15384615384615385,0.2690705926112252,0.1086618993135012,0.2663736263736264,0.0086618993135012,0.1,0.08637362637362636,0.09999999999999999,0.030000000000000002,0.05,0.0,0.0,0.08
3.152339,96,24095.328524,hard,0.9290617848970252,2.929061784897025,2,958,8,4,4,4,4,0,0,0,0,0.04147597254004586,0.042719780219780325,0.0,0.8296703296703298,1.0,7,True,96,0.08535211267605634,0.9179718309859193,0.6116338028169015,3.9133978873239434,29,65.0,46.0,0.06153846153846154,0.16923076923076924,0.13491422385153698,0.11451659038901606,0.2845604395604396,0.014516590389016051,0.1,0.09956043956043957,0.1,0.035,0.05,0.0,0.0,0.08
2.764309,81,24129.084925,hard,0.5994851258581235,2.5994851258581235,2,802,8,4,4,4,4,0,0,0,0,0.08155606407322716,0.048351648351648624,0.18566666666666692,0.5328296703296679,0.9999999999999972,4,True,65,0.04005281690140845,0.92856338028169,0.6851549295774647,1.8911091549295775,36,65.0,46.0,0.06153846153846154,0.16923076923076924,0.13491422385153698,0.09108423510168584,0.23393956043955988,0.028544622425629506,0.06253961267605633,0.06393956043956014,0.09999999999999976,0.02,0.05,0.0,0.0,0.08
1.638915,77,24161.372563,hard,0.4939359267734554,1.4939359267734553,1,770,8,4,4,4,4,0,0,0,0,0.024147597254003866,0.008653846153846248,0.11969999999999563,0.279395604395604,0.9999999999999994,2,True,144,0.09253521126760564,0.9373521126760567,0.6505915492957747,1.9529929577464789,31,65.0,48.0,0.046153846153846156,0.13846153846153847,0.09911748204888313,0.10845165903890136,0.19352747252747243,0.008451659038901353,0.1,0.033527472527472485,0.09999999999999996,0.01,0.05,0.0,0.0,0.08
1.60882,73,24200.189752,hard,0.46495423340961095,1.4649542334096108,1,730,7,3,4,3,4,0,0,0,1,0.005766590389016037,0.01384615384615389,0.0,0.45706043956043896,1.0,4,True,164,0.11961267605633803,0.9236056338028167,0.7724507042253522,2.8628345070422534,43,65.0,45.0,0.06153846153846154,0.16923076923076924,0.15610566617587138,0.07201830663615562,0.22484725274725265,0.0020183066361556127,0.1,0.054847252747252655,0.1,0.02,0.05,0.0,0.03,0.08
0.449322,79,24233.475914,hard,0.41418764302059496,0.41418764302059496,0,789,8,4,4,4,4,0,0,0,0,0.04009725400457685,0.043255494505494756,0.0,0.49999999999999795,0.0,4,False,141,0.12068661971830986,0.932394366197185,0.6116056338028166,1.0765140845070422,25,65.0,46.0,0.046153846153846156,0.13846153846153847,0.15610566617587138,0.11403403890160191,0.07999999999999977,0.0140340389016019,0.1,0.05999999999999976,0.0,0.02,0.0,0.0,0.0,0.08
1.713007,81,24266.701507,hard,0.5907837528604107,1.5907837528604107,1,809,8,4,4,4,4,0,0,0,0,0.046687643020594,0.043159340659340954,0.16729999999999362,0.60989010989011,0.7622999999999928,5,False,96,0.059154929577464786,0.9476901408450707,0.7660563380281686,2.121232394366197,30,65.0,42.0,0.07692307692307693,0.2,0.05733775266807337,0.1087068722403065,0.17441681318681249,0.016340675057207897,0.0923661971830986,0.0731868131868132,0.07622999999999928,0.025,0.0,0.0,0.0,0.08
2.870571,85,24302.245149,hard,0.6617391304347826,2.661739130434783,2,847,8,4,4,4,4,0,0,0,0,0.06187070938215064,0.08019230769230834,0.10569999999999544,0.6823076923076885,1.0,4,True,160,0.13024647887323942,0.9413802816901405,0.76256338028169,2.4828345070422535,35,65.0,46.0,0.046153846153846156,0.13846153846153847,0.13491422385153698,0.12165474828375272,0.2518769230769226,0.021654748283752717,0.1,0.08187692307692261,0.1,0.02,0.05,0.0,0.0,0.08
2.647293,76,24334.077382,hard,0.5053718535469107,2.5053718535469107,2,757,8,4,4,4,4,0,0,0,0,0.0022826086956521992,0.005480769230769291,0.0,0.30685439560439537,1.0,2,True,168,0.10732394366197183,0.9814929577464789,0.7733802816901408,1.5257394366197183,32,65.0,48.0,0.06153846153846154,0.15384615384615385,0.05733775266807337,0.10079891304347828,0.19682252747252743,0.0007989130434782696,0.1,0.036822527472527435,0.1,0.01,0.05,0.0,0.0,0.08
1.596474,76,24366.116638,hard,0.43707093821510296,1.437070938215103,1,759,8,4,4,4,4,0,0,0,0,0.00997139588100693,0.023942307692307846,0.0,0.39010989010988895,1.0,3,True,119,0.08588028169014085,0.951718309859155,0.6626478873239436,1.7200528169014084,30,65.0,48.0,0.046153846153846156,0.13846153846153847,0.2220630225397998,0.10348998855835242,0.21181318681318667,0.003489988558352425,0.1,0.04681318681318667,0.1,0.015,0.05,0.0,0.0,0.08
0.433089,82,24400.68292,hard,0.4141533180778033,0.4141533180778033,0,811,8,4,4,4,4,0,0,0,0,0.014416475972540158,0.006923076923076999,0.0,0.4999175824175821,0.0,3,False,97,0.08063380281690141,0.9670704225352128,0.6968169014084504,1.2109330985915494,34,65.0,45.0,0.07692307692307693,0.16923076923076924,0.2220630225397998,0.10504576659038906,0.07499010989010986,0.005045766590389055,0.1,0.05999010989010986,0.0,0.015,0.0,0.0,0.0,0.08
0.20253,76,24441.055625,hard,0.2873169336384439,0.2873169336384439,0,752,6,2,4,2,4,0,0,0,2,0.005623569794050351,0.0008653846153846252,0.0,0.19537087912087908,0.0,1,False,94,0.08411971830985915,0.9154929577464794,0.7777746478873242,1.2790140845070423,52,65.0,50.0,0.07692307692307693,0.16923076923076924,0.22338824700260326,0.04196824942791763,0.02844450549450549,0.0019682494279176224,0.1,0.02344450549450549,0.0,0.005,0.0,0.0,0.06,0.08
2.894664,82,24474.961313,hard,0.7112128146453089,2.711212814645309,2,813,8,4,4,4,4,0,0,0,0,0.023684210526315835,0.0,0.0,0.5538461538461539,1.0,4,True,133,0.10596830985915492,0.9589577464788743,0.8272394366197185,3.247024647887324,34,65.0,47.0,0.07692307692307693,0.18461538461538463,0.1956217818146278,0.10828947368421055,0.23646153846153845,0.008289473684210543,0.1,0.06646153846153846,0.1,0.02,0.05,0.0,0.0,0.08
0.370405,73,24505.264597,hard,0.3658009153318078,0.3658009153318078,0,728,8,4,4,4,4,0,0,0,0,0.0038443935926773505,0.009230769230769242,0.0,0.3838186813186809,0.0,2,False,215,0.15867957746478872,0.921126760563382,0.7925352112676066,2.402095070422535,34,65.0,42.0,0.06153846153846154,0.16923076923076924,0.05733775266807337,0.10134553775743708,0.05605824175824169,0.0013455377574370726,0.1,0.04605824175824169,0.0,0.01,0.0,0.0,0.0,0.08
0.410367,77,24537.021203,hard,0.3998169336384439,0.3998169336384439,0,762,8,4,4,4,4,0,0,0,0,0.010331807780320433,0.02480769230769247,0.0,0.4654945054945043,0.0,3,False,88,0.06436619718309859,0.9454647887323951,0.6849577464788729,2.555035211267606,25,65.0,36.0,0.07692307692307693,0.2,0.15610566617587138,0.0958907806104361,0.0708593406593405,0.0036161327231121515,0.09227464788732395,0.055859340659340506,0.0,0.015,0.0,0.0,0.0,0.08
0.404894,77,24568.959302,hard,0.347339816933638,0.347339816933638,0,767,8,4,4,4,4,0,0,0,0,0.015858123569793735,0.016442307692307864,0.052499999999997736,0.3968406593406585,0.46083333333333104,3,False,82,0.08211267605633803,0.9251549295774664,0.5192112676056335,0.5897887323943662,22,65.0,40.0,0.07692307692307693,0.23076923076923078,0.5465196415005855,0.10555034324942782,0.10870421245421212,0.005550343249427807,0.1,0.04762087912087902,0.04608333333333311,0.015,0.0,0.0,0.0,0.08
2.923469,83,24603.149648,hard,0.7262013729977117,2.7262013729977115,2,824,8,4,4,4,4,0,0,0,0,0.04125858123569811,0.03364010989010987,0.0,0.5898351648351632,1.0,5,True,94,0.06992957746478873,0.9267605633802833,0.6951549295774648,3.4530457746478875,25,65.0,53.0,0.046153846153846156,0.13846153846153847,0.13491422385153698,0.11388768653108589,0.24578021978021958,0.014440503432494338,0.09944718309859155,0.07078021978021957,0.1,0.025,0.05,0.0,0.0,0.08
0.195079,74,24642.6671,hard,0.2789073226544622,0.2789073226544622,0,735,6,2,4,2,4,0,0,0,2,0.010429061784897008,0.0008653846153845782,0.0,0.17517857142857138,0.0,1,False,89,0.08753521126760563,0.9179718309859177,0.6538873239436621,1.278556338028169,25,65.0,43.0,0.06153846153846154,0.16923076923076924,0.09911748204888313,0.04365017162471396,0.02602142857142857,0.003650171624713953,0.1,0.02102142857142857,0.0,0.005,0.0,0.0,0.06,0.08
0.220175,73,24672.842406,hard,0.2930549199084668,0.2930549199084668,0,729,5,1,4,1,4,0,0,0,3,0.0007208237986270103,0.00173076923076925,0.0,0.4564010989010988,0.0,3,False,137,0.1160387323943662,0.9607605633802825,0.7493239436619723,0.988362676056338,44,65.0,49.0,0.06153846153846154,0.12307692307692308,0.2220630225397998,0.010252288329519466,0.06976813186813186,0.0002522883295194536,0.1,0.054768131868131856,0.0,0.015,0.0,0.0,0.09,0.08
2.756617,80,24705.721407,hard,0.584096109839817,2.584096109839817,2,800,8,4,4,4,4,0,0,0,0,0.022900457665903456,0.0020604395604395614,0.058099999999997494,0.4958791208791207,1.0,3,True,168,0.14661971830985915,0.9348169014084523,0.7358873239436623,2.4380105633802818,34,65.0,50.0,0.046153846153846156,0.13846153846153847,0.2783171932701801,0.10801516018306621,0.2245054945054945,0.008015160183066208,0.1,0.0595054945054945,0.1,0.015,0.05,0.0,0.0,0.08
2.694999,77,24737.961704,hard,0.5455892448512587,2.545589244851259,2,761,8,4,4,4,4,0,0,0,0,0.03772311212814591,0.016730769230769403,0.17919999999999636,0.4034203296703288,0.9999999999999961,3,True,82,0.05052816901408451,0.9373521126760589,0.6871549295774652,1.5913028169014085,33,65.0,51.0,0.07692307692307693,0.18461538461538463,0.09911748204888313,0.09209921600541446,0.2134104395604391,0.013203089244851066,0.07889612676056339,0.04841043956043947,0.0999999999999996,0.015,0.05,0.0,0.0,0.08
2.721926,78,24770.030923,hard,0.5543592677345538,2.554359267734554,2,780,8,4,4,4,4,0,0,0,0,0.027511441647597203,0.01817307692307711,0.11619999999999923,0.42447802197802104,0.9999999999999961,3,True,107,0.08503521126760563,0.930112676056341,0.7297464788732402,2.4952464788732396,33,65.0,50.0,0.06153846153846154,0.15384615384615385,0.27983052257308394,0.10962900457665903,0.21593736263736213,0.009629004576659021,0.1,0.05093736263736251,0.0999999999999996,0.015,0.05,0.0,0.0,0.08
1.596975,91,24807.479103,hard,0.562929061784897,1.562929061784897,1,907,8,4,4,4,4,0,0,0,0,0.01874141876430226,0.02105769230769243,0.0,0.609890109890109,0.0,5,False,110,0.08306338028169014,0.9702253521126782,0.6730422535211267,1.9203345070422535,26,65.0,54.0,0.046153846153846156,0.12307692307692308,0.15610566617587138,0.1065594965675058,0.09818681318681308,0.00655949656750579,0.1,0.07318681318681307,0.0,0.025,0.0,0.0,0.0,0.08
2.922227,100,24858.353004,hard,0.7377574370709382,2.7377574370709383,2,1000,8,4,4,4,4,0,0,0,0,0.046521739130433906,0.050549450549450654,0.14839999999999434,0.6098901098901096,0.9999999999999994,5,True,136,0.1056338028169014,0.9785352112676051,0.7020845070422538,5.652235915492958,21,65.0,48.0,0.046153846153846156,0.12307692307692308,0.1956217818146278,0.11628260869565188,0.24818681318681307,0.016282608695651866,0.1,0.07318681318681315,0.09999999999999994,0.025,0.05,0.0,0.0,0.08
0.28109,78,24890.348038,hard,0.30909610983981695,0.30909610983981695,0,774,8,4,4,4,4,0,0,0,0,0.00913043478260875,0.0,0.0,0.24766483516483517,0.0,2,False,80,0.061971830985915494,0.9855774647887339,0.8198309859154939,1.264718309859155,47,65.0,49.0,0.06153846153846154,0.15384615384615385,0.1956217818146278,0.08967452541334968,0.03971978021978022,0.0031956521739130626,0.08647887323943662,0.02971978021978022,0.0,0.01,0.0,0.0,0.0,0.08
1.660194,97,24930.313346,hard,0.6183123569794049,1.618312356979405,1,969,8,4,4,4,4,0,0,0,0,0.005045766590388957,0.008942307692307687,0.007699999999999668,0.6098901098901114,0.32269999999999965,5,False,87,0.05741197183098592,0.9310422535211288,0.6844225352112677,3.356707746478873,30,65.0,52.0,0.03076923076923077,0.09230769230769231,0.05733775266807337,0.08832499717987558,0.13045681318681335,0.001766018306636135,0.08655897887323943,0.07318681318681337,0.03226999999999997,0.025,0.0,0.0,0.0,0.08
0.369518,75,24960.992731,hard,0.365783752860412,0.365783752860412,0,748,8,4,4,4,4,0,0,0,0,0.007088100686498894,0.017019230769230863,0.0,0.3837774725274718,0.0,2,False,152,0.12695422535211268,0.9236056338028197,0.6735211267605635,1.2798591549295775,28,65.0,47.0,0.046153846153846156,0.13846153846153847,-0.0,0.10248083524027461,0.05605329670329661,0.0024808352402746125,0.1,0.04605329670329661,0.0,0.01,0.0,0.0,0.0,0.08
2.705254,80,24994.246235,hard,0.521641876430206,2.521641876430206,2,793,8,4,4,4,4,0,0,0,0,0.018609839816933732,0.021057692307692485,0.057333333333333326,0.5931730769230774,0.9999999999999971,4,True,96,0.06295774647887324,0.9629859154929579,0.8531267605633805,2.747799295774648,40,65.0,46.0,0.06153846153846154,0.15384615384615385,0.09911748204888313,0.10173175379508174,0.24118076923076898,0.0065134439359268055,0.09521830985915494,0.0711807692307693,0.0999999999999997,0.02,0.05,0.0,0.0,0.08
0.166358,71,25023.571167,hard,0.232837528604119,0.232837528604119,0,710,6,2,4,2,4,0,0,0,2,0.006006864988558384,0.014423076923076998,0.0,0.3118131868131862,0.0,1,False,128,0.1105281690140845,0.9694929577464799,0.8739436619718317,0.9108978873239436,39,65.0,44.0,0.06153846153846154,0.18461538461538463,0.15610566617587138,0.04210240274599544,0.04241758241758234,0.0021024027459954344,0.1,0.03741758241758234,0.0,0.005,0.0,0.0,0.06,0.08
0.340711,78,25055.748782,hard,0.34395881006864987,0.34395881006864987,0,772,8,4,4,4,4,0,0,0,0,0.010211670480549134,0.02336538461538451,0.00279999999999988,0.3263736263736255,0.012133333333333211,2,False,150,0.12408450704225352,0.9154929577464812,0.7749295774647891,1.0044894366197183,35,65.0,51.0,0.046153846153846156,0.12307692307692308,0.16676100196548832,0.1035740846681922,0.05037816849816839,0.0035740846681921964,0.1,0.039164835164835064,0.0012133333333333213,0.01,0.0,0.0,0.0,0.08
0.254506,74,25094.65714,hard,0.25217391304347836,0.25217391304347836,0,736,8,4,4,4,4,0,0,0,0,0.008409610983981786,0.020192307692307915,0.0,0.35824175824175736,0.0,2,False,129,0.10390845070422536,0.9674647887323968,0.7520281690140849,0.9212147887323944,25,65.0,53.0,0.046153846153846156,0.13846153846153847,0.13491422385153698,0.10294336384439363,0.05298901098901089,0.002943363844393625,0.1,0.04298901098901089,0.0,0.01,0.0,0.0,0.0,0.08
2.690251,88,25131.309827,hard,0.5340961098398169,2.534096109839817,2,878,8,4,4,4,4,0,0,0,0,0.04156750572082287,0.023365384615384788,0.18549999999999417,0.37005494505494385,0.999999999999998,3,True,104,0.07683098591549296,0.9686760563380292,0.8050704225352117,2.2263028169014083,42,65.0,50.0,0.06153846153846154,0.16923076923076924,0.3189954002702487,0.11454862700228802,0.20940659340659307,0.014548627002288006,0.1,0.04440659340659325,0.09999999999999981,0.015,0.05,0.0,0.0,0.08
1.568566,83,25165.876548,hard,0.5018878718535469,1.5018878718535469,1,822,8,4,4,4,4,0,0,0,0,0.008323798627001952,0.0012362637362637369,0.0,0.5028846153846154,0.504,4,False,96,0.06295774647887324,0.9494929577464786,0.724619718309859,2.6933978873239437,33,65.0,47.0,0.06153846153846154,0.15384615384615385,0.16676100196548832,0.09813163937860561,0.13074615384615382,0.002913329519450683,0.09521830985915493,0.06034615384615383,0.05040000000000001,0.02,0.0,0.0,0.0,0.08
2.716031,76,25198.14341,hard,0.5532608695652174,2.5532608695652175,2,755,8,4,4,4,4,0,0,0,0,0.007568649885583565,0.005769230769230833,0.03010000000000009,0.42184065934065906,0.9999999999999987,3,True,108,0.07225352112676056,0.9276338028169012,0.7657746478873241,3.6044542253521126,35,65.0,47.0,0.046153846153846156,0.13846153846153847,-0.0,0.10264902745995426,0.21562087912087896,0.002649027459954248,0.1,0.0506208791208791,0.09999999999999987,0.015,0.05,0.0,0.0,0.08
0.326591,78,25230.751672,hard,0.33635011441647594,0.33635011441647594,0,775,8,4,4,4,4,0,0,0,0,0.0004805491990846736,0.0011538461538461667,0.0,0.31310439560439557,0.0,2,False,106,0.07841549295774648,0.9341408450704227,0.7653521126760561,1.5201760563380282,41,65.0,45.0,0.06153846153846154,0.15384615384615385,0.25206405738510845,0.10016819221967964,0.04757252747252747,0.00016819221967963573,0.1,0.03757252747252747,0.0,0.01,0.0,0.0,0.0,0.08
2.942181,93,25269.9539,hard,0.7513729977116704,2.7513729977116705,2,921,8,4,4,4,4,0,0,0,0,0.02821510297482846,0.025851648351648354,0.10166666666666688,0.6502747252747264,0.9999999999999961,5,True,103,0.09003521126760564,0.959887323943662,0.6734929577464788,2.755950704225352,32,65.0,48.0,0.09230769230769231,0.16923076923076924,0.36515924447037396,0.10987528604118997,0.2530329670329668,0.009875286041189962,0.1,0.07803296703296717,0.09999999999999962,0.025,0.05,0.0,0.0,0.08
0.431901,78,25311.055699,hard,0.3773283752860409,0.3773283752860409,0,772,8,4,4,4,4,0,0,0,0,0.01009153318077779,0.010673076923076938,0.02869999999999876,0.4999999999999995,0.30169999999999875,4,False,96,0.06676056338028169,0.9154929577464805,0.7575774647887328,1.1672183098591549,31,65.0,58.0,0.046153846153846156,0.1076923076923077,0.24645788980805483,0.10160245914848351,0.11016999999999981,0.0035320366132722265,0.09807042253521128,0.059999999999999935,0.030169999999999877,0.02,0.0,0.0,0.0,0.08
1.605001,93,25349.652573,hard,0.46149885583524025,1.4614988558352402,1,926,8,4,4,4,4,0,0,0,0,0.012254004576658737,0.010096153846153958,0.04689999999999798,0.39010989010988956,1.0,3,True,140,0.11246478873239436,0.923549295774648,0.8621408450704227,1.7329577464788732,40,65.0,54.0,0.046153846153846156,0.12307692307692308,0.16676100196548832,0.10428890160183056,0.21181318681318673,0.004288901601830558,0.1,0.046813186813186754,0.1,0.015,0.05,0.0,0.0,0.08
0.350182,77,25381.359878,hard,0.34874713958810083,0.34874713958810083,0,770,8,4,4,4,4,0,0,0,0,0.03511441647597252,0.03614010989011015,0.0,0.34287087912087855,0.0,1,False,115,0.09869718309859155,0.921126760563383,0.5947323943661968,0.9305633802816902,24,65.0,47.0,0.07692307692307693,0.16923076923076924,0.05733775266807337,0.11229004576659038,0.04614450549450541,0.01229004576659038,0.1,0.041144505494505414,0.0,0.005,0.0,0.0,0.0,0.08
0.444532,78,25413.536639,hard,0.4178546910755149,0.4178546910755149,0,772,8,4,4,4,4,0,0,0,0,0.02234553775743723,0.031442307692307894,0.0,0.5088049450549437,0.0,3,False,134,0.08637323943661972,0.9380281690140851,0.743943661971831,0.9359859154929577,50,65.0,51.0,0.06153846153846154,0.15384615384615385,0.25206405738510845,0.10782093821510304,0.07605659340659324,0.007820938215103029,0.1,0.06105659340659323,0.0,0.015,0.0,0.0,0.0,0.08
0.467029,79,25446.179131,hard,0.43346681922196795,0.43346681922196795,0,782,8,4,4,4,4,0,0,0,0,0.017734553775743782,0.02527472527472527,0.0,0.5462912087912078,0.0,4,False,130,0.0801056338028169,0.9254084507042265,0.6396619718309857,1.5208098591549295,40,65.0,54.0,0.046153846153846156,0.1076923076923077,0.22338824700260326,0.10620709382151033,0.08555494505494492,0.006207093821510324,0.1,0.06555494505494491,0.0,0.02,0.0,0.0,0.0,0.08
0.300276,78,25479.430849,hard,0.31458810068649884,0.31458810068649884,0,773,8,4,4,4,4,0,0,0,0,0.019101830663615427,0.0,0.0,0.26085164835164837,0.0,1,False,94,0.07799295774647887,0.9397746478873255,0.6072676056338024,1.268943661971831,19,65.0,49.0,0.06153846153846154,0.16923076923076924,0.05733775266807337,0.1066856407322654,0.036302197802197796,0.006685640732265398,0.1,0.0313021978021978,0.0,0.005,0.0,0.0,0.0,0.08
2.654084,80,25521.032553,hard,0.5026258581235697,2.5026258581235696,2,796,8,4,4,4,4,0,0,0,0,0.04293478260869581,0.005480769230769291,0.05966666666666666,0.3002609890109888,0.999999999999997,2,True,118,0.11,0.926084507042254,0.6969295774647888,1.6073767605633802,34,65.0,50.0,0.07692307692307693,0.16923076923076924,0.24645788980805483,0.11502717391304354,0.19603131868131835,0.015027173913043534,0.1,0.036031318681318654,0.0999999999999997,0.01,0.05,0.0,0.0,0.08
0.332167,87,25556.742563,hard,0.34324942791762014,0.34324942791762014,0,864,8,4,4,4,4,0,0,0,0,0.002162471395881004,0.005192307692307686,0.0,0.3296703296703295,0.0,3,False,117,0.12285211267605634,0.9332112676056358,0.6582816901408446,0.8522535211267606,34,65.0,52.0,0.06153846153846154,0.16923076923076924,0.05733775266807337,0.10075686498855836,0.05456043956043953,0.0007568649885583514,0.1,0.03956043956043953,0.0,0.015,0.0,0.0,0.0,0.08
0.403242,77,25589.024494,hard,0.3884897025171624,0.3884897025171624,0,768,8,4,4,4,4,0,0,0,0,0.025589244851258353,0.008076923076923072,0.0,0.43829670329670295,0.0,2,False,118,0.12401408450704225,0.9655211267605641,0.6433521126760561,1.1102640845070422,26,65.0,46.0,0.046153846153846156,0.13846153846153847,0.1145020974334985,0.10895623569794043,0.06259560439560437,0.008956235697940424,0.1,0.052595604395604366,0.0,0.01,0.0,0.0,0.0,0.08
0.329865,75,25620.633672,hard,0.3219565217391303,0.3219565217391303,0,742,8,4,4,4,4,0,0,0,0,0.01703661327231109,0.004326923076923124,0.0,0.3845467032967032,0.0,2,False,120,0.09464788732394366,0.9584788732394366,0.5757183098591547,0.9203521126760563,34,65.0,43.0,0.06153846153846154,0.15384615384615385,0.23296603544749966,0.10596281464530889,0.05614560439560438,0.00596281464530888,0.1,0.046145604395604375,0.0,0.01,0.0,0.0,0.0,0.08
1.620542,98,25663.239099,hard,0.5893592677345538,1.5893592677345538,1,971,8,4,4,4,4,0,0,0,0,0.0070881006864988915,0.0,0.0,0.6733516483516484,0.0,5,False,105,0.1030281690140845,0.926760563380283,0.6940845070422534,1.8940669014084508,24,65.0,51.0,0.06153846153846154,0.15384615384615385,0.25206405738510845,0.10248083524027461,0.1058021978021978,0.002480835240274612,0.1,0.08080219780219779,0.0,0.025,0.0,0.0,0.0,0.08
2.808672,77,25696.575102,hard,0.6430205949656751,2.643020594965675,2,768,8,4,4,4,4,0,0,0,0,0.03039473684210556,0.044134615384615786,0.0,0.39010989010988906,1.0,3,True,184,0.12429577464788732,0.9412676056338027,0.8481971830985914,3.581619718309859,36,65.0,50.0,0.046153846153846156,0.13846153846153847,0.24645788980805483,0.11063815789473695,0.21181318681318667,0.010638157894736943,0.1,0.046813186813186684,0.09999999999999999,0.015,0.05,0.0,0.0,0.08
2.709571,81,25730.93018,hard,0.5276887871853547,2.5276887871853546,2,809,8,4,4,4,4,0,0,0,0,0.03652173913043501,0.057403846153846784,0.0,0.49999999999999706,1.0,4,True,126,0.1131161971830986,0.9444788732394364,0.8207042253521125,3.3229049295774646,36,65.0,55.0,0.046153846153846156,0.12307692307692308,0.05733775266807337,0.11278260869565226,0.22999999999999965,0.012782608695652252,0.1,0.05999999999999965,0.09999999999999999,0.02,0.05,0.0,0.0,0.08
1.714065,81,25772.787557,hard,0.5986956521739123,1.5986956521739124,1,801,8,4,4,4,4,0,0,0,0,0.028352402745994633,0.02134615384615397,0.09939999999999571,0.6703296703296693,0.6010666666666623,5,False,160,0.1018661971830986,0.92112676056338,0.7623098591549295,1.7792429577464788,49,65.0,52.0,0.046153846153846156,0.13846153846153847,0.16676100196548832,0.10992334096109813,0.16554622710622655,0.00992334096109812,0.1,0.08043956043956033,0.06010666666666624,0.025,0.0,0.0,0.0,0.08
0.268256,75,25803.366268,hard,0.2637299771167048,0.2637299771167048,0,744,8,4,4,4,4,0,0,0,0,0.007448512585812397,0.01788461538461548,0.0,0.38598901098901023,0.0,2,False,119,0.10545774647887324,0.9269577464788752,0.7438591549295782,0.9051760563380282,37,65.0,48.0,0.046153846153846156,0.13846153846153847,0.13491422385153698,0.10260697940503434,0.05631868131868122,0.002606979405034339,0.1,0.04631868131868122,0.0,0.01,0.0,0.0,0.0,0.08
0.46189,74,25833.75075,hard,0.43233409610983986,0.43233409610983986,0,737,8,4,4,4,4,0,0,0,0,0.008649885583524098,0.02076923076923094,0.0,0.5435714285714277,0.0,3,False,96,0.08535211267605634,0.954647887323946,0.6672394366197183,1.5558450704225353,36,65.0,53.0,0.06153846153846154,0.15384615384615385,0.16676100196548832,0.10302745995423344,0.08022857142857132,0.0030274599542334346,0.1,0.06522857142857132,0.0,0.015,0.0,0.0,0.0,0.08
1.538255,82,25869.259198,hard,0.5141418764302056,1.5141418764302057,1,819,8,4,4,4,4,0,0,0,0,0.01717963386727651,0.011826923076923176,0.0,0.4999999999999994,0.0,4,False,139,0.12056338028169014,0.9211267605633834,0.5994929577464786,2.1115140845070424,30,65.0,51.0,0.06153846153846154,0.15384615384615385,0.15610566617587138,0.10601287185354678,0.07999999999999992,0.006012871853546779,0.1,0.059999999999999915,0.0,0.02,0.0,0.0,0.0,0.08
0.409046,79,25903.991477,hard,0.39061212814645285,0.39061212814645285,0,784,8,4,4,4,4,0,0,0,0,0.010692219679633666,0.018173076923076764,0.018199999999999213,0.36281593406593327,0.19553333333333253,2,False,130,0.10788732394366198,0.9493239436619729,0.8503380281690144,2.1382922535211266,30,65.0,48.0,0.06153846153846154,0.15384615384615385,0.05733775266807337,0.10374227688787178,0.07309124542124525,0.0037422768878717827,0.1,0.043537912087912,0.019553333333333252,0.01,0.0,0.0,0.0,0.08
1.648804,77,25937.249151,hard,0.5397368421052633,1.5397368421052633,1,765,8,4,4,4,4,0,0,0,0,0.01393592677345543,0.0,0.0812000000000003,0.3978021978021978,0.9795333333333298,3,False,106,0.07070422535211268,0.9429859154929578,0.6896338028169015,4.142781690140845,31,65.0,47.0,0.046153846153846156,0.12307692307692308,0.3836731095001802,0.10487757437070941,0.16068959706959673,0.0048775743707094,0.1,0.047736263736263725,0.097953333333333,0.015,0.0,0.0,0.0,0.08
0.26154,79,25979.36944,hard,0.2917620137299771,0.2917620137299771,0,782,8,4,4,4,4,0,0,0,0,0.01681922196796338,0.0,0.0,0.20604395604395603,0.0,1,False,96,0.059154929577464786,0.926760563380283,0.7117746478873239,1.0305457746478872,51,65.0,49.0,0.046153846153846156,0.13846153846153847,0.19753023273471912,0.09825292487188578,0.02972527472527473,0.005886727688787181,0.0923661971830986,0.024725274725274728,0.0,0.005,0.0,0.0,0.0,0.08
0.476874,74,26010.739771,hard,0.38981693363844405,0.38981693363844405,0,733,8,4,4,4,4,0,0,0,0,0.012013729977116793,0.0020192307692307914,0.06510000000000046,0.26479395604395595,0.9937666666666638,1,False,146,0.1417605633802817,0.9154929577464797,0.6500845070422534,1.408380281690141,25,65.0,48.0,0.06153846153846154,0.15384615384615385,-0.0,0.10420480549199088,0.1361519413919411,0.0042048054919908776,0.1,0.03177527472527472,0.09937666666666638,0.005,0.0,0.0,0.0,0.08
2.799995,92,26049.492335,hard,0.6142448512585812,2.614244851258581,2,917,8,4,4,4,4,0,0,0,0,0.055022883295193746,0.01932692307692326,0.1966999999999958,0.5682692307692297,0.9999999999999959,4,True,101,0.0660387323943662,0.9211267605633828,0.7426197183098588,1.8002288732394367,49,65.0,51.0,0.046153846153846156,0.13846153846153847,0.1956217818146278,0.11925800915331781,0.23819230769230715,0.019258009153317806,0.1,0.06819230769230757,0.0999999999999996,0.02,0.05,0.0,0.0,0.08
0.441922,78,26083.28494,hard,0.41418764302059496,0.41418764302059496,0,779,8,4,4,4,4,0,0,0,0,0.01609839816933649,0.038653846153846406,0.0,0.4999999999999981,0.0,4,False,119,0.11580985915492958,0.9267605633802838,0.6452676056338025,1.9747007042253522,30,65.0,52.0,0.03076923076923077,0.09230769230769231,0.16676100196548832,0.10563443935926778,0.07999999999999978,0.0056344393592677715,0.1,0.059999999999999776,0.0,0.02,0.0,0.0,0.0,0.08
0.512364,80,26117.843227,hard,0.4606407322654462,0.4606407322654462,0,798,8,4,4,4,4,0,0,0,0,0.012734553775743765,0.030576923076923217,0.0,0.49999999999999856,0.27066666666666667,4,False,154,0.10799295774647888,0.9605633802816902,0.7256338028169015,2.8023591549295777,35,65.0,47.0,0.06153846153846154,0.15384615384615385,-0.0,0.10445709382151032,0.1070666666666665,0.004457093821510318,0.1,0.05999999999999983,0.027066666666666666,0.02,0.0,0.0,0.0,0.08
2.781682,77,26150.905449,hard,0.593020594965675,2.593020594965675,2,764,8,4,4,4,4,0,0,0,0,0.037099542334096146,0.01240384615384619,0.10639999999999966,0.5173076923076917,0.9999999999999961,4,True,96,0.08535211267605634,0.9332676056338038,0.8305633802816907,2.194348591549296,45,65.0,56.0,0.046153846153846156,0.12307692307692308,0.2783171932701801,0.11298483981693366,0.23207692307692263,0.01298483981693365,0.1,0.062076923076923,0.0999999999999996,0.02,0.05,0.0,0.0,0.08
1.649741,85,26187.436556,hard,0.5561270022883295,1.5561270022883296,1,849,8,4,4,4,4,0,0,0,0,0.05425629290617838,0.03940934065934081,0.022399999999999035,0.5363873626373608,0.7387333333333324,4,False,83,0.053045774647887324,0.9323943661971837,0.6747323943661971,2.229507042253521,32,65.0,52.0,0.046153846153846156,0.13846153846153847,0.1956217818146278,0.10027403350307793,0.1582398168498165,0.01898970251716243,0.08128433098591549,0.06436648351648327,0.07387333333333325,0.02,0.0,0.0,0.0,0.08
2.778292,84,26231.746982,hard,0.5966247139588101,2.59662471395881,2,836,8,4,4,4,4,0,0,0,0,0.034719679633867045,0.01817307692307702,0.0231,0.5259615384615376,0.9999999999999989,4,True,103,0.1043838028169014,0.9429859154929576,0.728788732394366,2.647781690140845,36,65.0,48.0,0.06153846153846154,0.13846153846153847,0.3249387093201824,0.11215188787185347,0.2331153846153844,0.012151887871853465,0.1,0.0631153846153845,0.09999999999999991,0.02,0.05,0.0,0.0,0.08
0.239485,83,26267.166527,hard,0.24844965675057207,0.24844965675057207,0,821,8,4,4,4,4,0,0,0,0,0.0034839816933638695,0.008365384615384676,0.0,0.34929945054945016,0.0,2,False,118,0.08852112676056338,0.9301126760563393,0.5481126760563374,0.4047887323943662,17,65.0,48.0,0.06153846153846154,0.15384615384615385,0.16676100196548832,0.10121939359267736,0.05191593406593403,0.0012193935926773543,0.1,0.04191593406593403,0.0,0.01,0.0,0.0,0.0,0.08
2.823111,92,26306.962551,hard,0.6351830663615561,2.635183066361556,2,918,8,4,4,4,4,0,0,0,0,0.03099542334096046,0.0,0.18059999999999626,0.6156593406593407,0.9999999999999961,5,True,137,0.09369718309859155,0.9597746478873233,0.8394366197183093,3.3910035211267604,29,65.0,44.0,0.06153846153846154,0.15384615384615385,0.09911748204888313,0.11084839816933617,0.24887912087912056,0.010848398169336162,0.1,0.07387912087912092,0.09999999999999963,0.025,0.05,0.0,0.0,0.08
0.342003,100,26350.952571,hard,0.3684210526315789,0.3684210526315789,0,1000,8,4,4,4,4,0,0,0,0,0.027030892448512246,0.032019230769230904,0.0,0.39010989010988983,0.0,3,False,79,0.05707746478873239,0.9740281690140875,0.6190140845070417,0.6427112676056338,24,65.0,45.0,0.09230769230769231,0.2,-0.0,0.09176891094852858,0.061813186813186795,0.009460812356979289,0.08230809859154929,0.046813186813186795,0.0,0.015,0.0,0.0,0.0,0.08
1.607518,79,26384.745057,hard,0.5174656750572074,1.5174656750572075,1,787,8,4,4,4,4,0,0,0,0,0.024502288329518607,0.011813186813186822,0.11409999999999508,0.4999999999999995,0.6017666666666617,4,False,133,0.12288732394366197,0.9275774647887346,0.7122535211267605,3.0665316901408453,27,65.0,45.0,0.046153846153846156,0.13846153846153847,0.22338824700260326,0.10857580091533152,0.14017666666666612,0.008575800915331512,0.1,0.059999999999999935,0.06017666666666618,0.02,0.0,0.0,0.0,0.08
0.158037,74,26416.338972,hard,0.2757437070938215,0.2757437070938215,0,737,5,1,4,1,4,0,0,0,3,0.002522883295194399,0.0,0.0,0.16758241758241757,0.0,1,False,96,0.09845070422535211,0.9154929577464812,0.7341971830985918,0.5771830985915493,35,65.0,49.0,0.046153846153846156,0.13846153846153847,-0.0,0.010883009153318052,0.025109890109890117,0.0008830091533180396,0.1,0.020109890109890116,0.0,0.005,0.0,0.0,0.09,0.08
0.391001,77,26457.866074,hard,0.39762013729977086,0.39762013729977086,0,763,8,4,4,4,4,0,0,0,0,0.017299771167047694,0.0,0.0,0.2802197802197802,0.0,2,False,192,0.1576056338028169,0.9476901408450701,0.8488732394366193,1.441637323943662,45,65.0,51.0,0.06153846153846154,0.13846153846153847,0.2929336127308734,0.1060549199084667,0.043626373626373637,0.006054919908466691,0.1,0.033626373626373635,0.0,0.01,0.0,0.0,0.0,0.08
0.38992,78,26490.510507,hard,0.3981350114416475,0.3981350114416475,0,778,8,4,4,4,4,0,0,0,0,0.022225400457665672,0.0,0.0,0.3901098901098901,0.0,3,False,74,0.057323943661971834,0.9623661971830992,0.6727887323943659,1.6762323943661972,31,65.0,48.0,0.09230769230769231,0.18461538461538463,0.1956217818146278,0.08777184790666187,0.06181318681318681,0.007778890160182985,0.07999295774647888,0.04681318681318681,0.0,0.015,0.0,0.0,0.0,0.08
0.328051,78,26522.980263,hard,0.33284324942791754,0.33284324942791754,0,772,8,4,4,4,4,0,0,0,0,0.015017162471395862,0.03605769230769226,0.0,0.2998763736263731,0.011666666666666667,2,False,157,0.10765845070422535,0.9574084507042258,0.8079436619718311,1.7675528169014085,44,65.0,46.0,0.07692307692307693,0.16923076923076924,0.15610566617587138,0.10525600686498855,0.04715183150183144,0.005256006864988552,0.1,0.03598516483516477,0.0011666666666666668,0.01,0.0,0.0,0.0,0.08
2.814205,90,26560.349546,hard,0.6506864988558353,2.650686498855835,2,899,8,4,4,4,4,0,0,0,0,0.05541762013729995,0.019326923076923182,0.0,0.40851648351648256,1.0,3,True,161,0.1030105633802817,0.9479436619718328,0.6572676056338028,2.4617429577464787,30,65.0,44.0,0.07692307692307693,0.18461538461538463,0.22338824700260326,0.11939616704805499,0.21402197802197792,0.019396167048054982,0.1,0.0490219780219779,0.1,0.015,0.05,0.0,0.0,0.08
2.708614,78,26593.535081,hard,0.5546395881006865,2.5546395881006863,2,773,8,4,4,4,4,0,0,0,0,0.013815789473684316,0.003173076923076958,0.0,0.42515109890109876,1.0,3,True,91,0.0598943661971831,0.9267605633802842,0.7480000000000009,1.8358626760563381,34,65.0,49.0,0.046153846153846156,0.13846153846153847,0.1956217818146278,0.09525630096367685,0.21601813186813185,0.004835526315789511,0.09042077464788734,0.05101813186813183,0.1,0.015,0.05,0.0,0.0,0.08
0.37069,74,26624.451383,hard,0.3560297482837526,0.3560297482837526,0,739,8,4,4,4,4,0,0,0,0,0.01729977116704786,0.0,0.0,0.39587912087912086,0.0,3,False,174,0.14160211267605632,0.940704225352113,0.7291549295774644,1.8374119718309858,44,65.0,40.0,0.12307692307692308,0.23076923076923078,0.25415747777183406,0.10605491990846676,0.0625054945054945,0.006054919908466751,0.1,0.04750549450549451,0.0,0.015,0.0,0.0,0.0,0.08
0.346958,89,26669.940576,hard,0.3684210526315789,0.3684210526315789,0,881,8,4,4,4,4,0,0,0,0,0.0307551487414187,0.028269230769230734,0.0,0.3901098901098897,0.0,3,False,54,0.06274647887323943,0.9503098591549314,0.7633802816901407,1.0939612676056338,37,65.0,50.0,0.06153846153846154,0.15384615384615385,0.22338824700260326,0.08482416121442611,0.06181318681318676,0.010764302059496546,0.07405985915492956,0.04681318681318676,0.0,0.015,0.0,0.0,0.0,0.08
2.783743,77,26701.350445,hard,0.5918192219679634,2.591819221967963,2,764,8,4,4,4,4,0,0,0,0,0.04740846681922187,0.02527472527472527,0.11969999999999911,0.5144230769230757,0.9999999999999959,4,True,191,0.11769366197183098,0.930788732394366,0.8342816901408447,2.8512852112676055,35,65.0,46.0,0.07692307692307693,0.16923076923076924,0.2783171932701801,0.11659296338672766,0.23173076923076869,0.016592963386727652,0.1,0.06173076923076909,0.09999999999999959,0.02,0.05,0.0,0.0,0.08
2.671149,79,26734.14617,hard,0.5216304347826087,2.5216304347826086,2,788,8,4,4,4,4,0,0,0,0,0.019462242562929225,0.01096153846153856,0.0231,0.34589285714285667,0.9999999999999989,2,True,143,0.10830985915492958,0.950366197183099,0.8304788732394369,3.4210387323943663,40,65.0,48.0,0.046153846153846156,0.12307692307692308,0.24645788980805483,0.10681178489702522,0.20150714285714272,0.006811784897025226,0.1,0.0415071428571428,0.09999999999999991,0.01,0.05,0.0,0.0,0.08
0.298422,79,26766.640752,hard,0.3410755148741419,0.3410755148741419,0,790,8,4,4,4,4,0,0,0,0,0.011270022883295193,0.0,0.0,0.32445054945054946,0.0,2,False,63,0.04262323943661972,0.9235492957746498,0.6971267605633804,0.9416021126760563,25,65.0,45.0,0.09230769230769231,0.2,0.17149028156048673,0.0674119375866181,0.04893406593406594,0.003944508009153317,0.06346742957746479,0.03893406593406594,0.0,0.01,0.0,0.0,0.0,0.08
0.313319,77,26799.071691,hard,0.32265446224256294,0.32265446224256294,0,762,8,4,4,4,4,0,0,0,0,0.009250572082379917,0.0,0.0,0.2802197802197802,0.0,2,False,185,0.16257042253521126,0.9267605633802825,0.8302535211267603,2.2146302816901406,26,65.0,41.0,0.09230769230769231,0.2153846153846154,0.05733775266807337,0.10323770022883298,0.04362637362637362,0.0032377002288329704,0.1,0.03362637362637362,0.0,0.01,0.0,0.0,0.0,0.08
0.523211,75,26830.730302,hard,0.46110983981693315,0.46110983981693315,0,744,8,4,4,4,4,0,0,0,0,0.01705949656750526,0.012115384615384736,0.06999999999999698,0.3924725274725269,0.5343333333333303,2,False,208,0.1778345070422535,0.9154929577464812,0.6676901408450704,2.19455985915493,22,65.0,38.0,0.06153846153846154,0.18461538461538463,0.05733775266807337,0.10597082379862685,0.11053003663003626,0.005970823798626839,0.1,0.047096703296703235,0.053433333333333034,0.01,0.0,0.0,0.0,0.08
2.969013,100,26881.948591,hard,0.7697940503432494,2.7697940503432497,2,1000,8,4,4,4,4,0,0,0,0,0.015978260869565233,0.0,0.0,0.7802197802197802,1.0,6,True,96,0.07605633802816901,0.9052957746478886,0.7156056338028168,3.620510563380282,32,65.0,44.0,0.09230769230769231,0.2,-0.0,0.10559239130434783,0.27362637362637365,0.005592391304347831,0.1,0.09362637362637363,0.1,0.030000000000000002,0.05,0.0,0.0,0.08
0.327298,80,26915.191314,hard,0.3543077803203657,0.3543077803203657,0,798,8,4,4,4,4,0,0,0,0,0.01754004576659,0.003173076923076786,0.05039999999999783,0.2566071428571427,0.24173333333333116,2,False,63,0.040246478873239434,0.9154929577464804,0.6494366197183097,0.9859330985915493,24,65.0,53.0,0.046153846153846156,0.12307692307692308,0.26444590718846855,0.06782387517323607,0.06496619047619023,0.006139016018306499,0.06168485915492957,0.030792857142857125,0.024173333333333116,0.01,0.0,0.0,0.0,0.08
0.420969,80,26948.349528,hard,0.40406178489702516,0.40406178489702516,0,794,8,4,4,4,4,0,0,0,0,0.012070938215102973,0.0,0.0,0.47568681318681316,0.0,3,False,105,0.08683098591549296,0.9711549295774657,0.6777464788732396,1.462975352112676,28,65.0,47.0,0.07692307692307693,0.18461538461538463,0.17149028156048673,0.10422482837528604,0.07208241758241757,0.00422482837528604,0.1,0.05708241758241756,0.0,0.015,0.0,0.0,0.0,0.08
2.800734,81,26981.498786,hard,0.5775572082379862,2.577557208237986,2,806,8,4,4,4,4,0,0,0,0,0.061384439359266886,0.08046703296703313,0.16239999999999527,0.727431318681323,0.9999999999999978,5,True,144,0.11492957746478873,0.9673239436619724,0.6682253521126759,2.60737676056338,39,65.0,46.0,0.06153846153846154,0.16923076923076924,0.1145020974334985,0.12148455377574341,0.26229175824175854,0.021484553775743407,0.1,0.08729175824175875,0.0999999999999998,0.025,0.05,0.0,0.0,0.08
0.241637,76,27013.460889,hard,0.3187929061784897,0.3187929061784897,0,753,6,2,4,2,4,0,0,0,2,0.0018020594965675253,0.004326923076923124,0.0,0.270947802197802,0.0,1,False,112,0.08538732394366197,0.9236056338028197,0.6018309859154926,0.5187852112676057,19,65.0,49.0,0.07692307692307693,0.16923076923076924,0.22338824700260326,0.040630720823798636,0.03751373626373624,0.0006307208237986339,0.1,0.03251373626373624,0.0,0.005,0.0,0.0,0.06,0.08
2.675104,86,27049.950584,hard,0.5540045766590389,2.5540045766590387,2,856,8,4,4,4,4,0,0,0,0,0.035320366132722374,0.022500000000000138,0.11619999999999499,0.42362637362637373,1.0,2,True,66,0.040669014084507044,0.947943661971834,0.57281690140845,1.1654753521126762,21,65.0,52.0,0.06153846153846154,0.13846153846153847,0.16676100196548832,0.0758638887098331,0.21083516483516485,0.012362128146452829,0.06350176056338028,0.050835164835164856,0.1,0.01,0.05,0.0,0.0,0.08
0.282945,74,27081.150871,hard,0.32983981693363823,0.32983981693363823,0,733,8,4,4,4,4,0,0,0,0,0.016218535469107464,0.017019230769230856,0.0,0.3901098901098893,0.0,3,False,36,0.027887323943661974,0.9573521126760582,0.7519436619718309,1.1703697183098591,30,65.0,37.0,0.09230769230769231,0.23076923076923078,0.23296603544749966,0.0445919803719341,0.061813186813186725,0.005676487414187612,0.03891549295774648,0.046813186813186726,0.0,0.015,0.0,0.0,0.0,0.08
2.678624,78,27121.529571,hard,0.5432494279176201,2.54324942791762,2,772,8,4,4,4,4,0,0,0,0,0.03568077803203622,0.02480769230769247,0.1476999999999973,0.39780219780219656,0.9999999999999966,3,True,70,0.043133802816901406,0.9211267605633804,0.8100281690140841,2.9379401408450705,36,65.0,44.0,0.07692307692307693,0.16923076923076924,0.16676100196548832,0.07983862442388874,0.21273626373626325,0.012488272311212674,0.06735035211267607,0.0477362637362636,0.09999999999999967,0.015,0.05,0.0,0.0,0.08
0.39506,78,27153.94741,hard,0.3468993135011437,0.3468993135011437,0,780,8,4,4,4,4,0,0,0,0,0.021098398169335928,0.02527472527472527,0.061599999999997344,0.47568681318681194,0.2669333333333307,3,False,154,0.13964788732394368,0.9348732394366215,0.712957746478873,1.0025176056338028,35,65.0,49.0,0.046153846153846156,0.13846153846153847,0.19172340579500008,0.10738443935926759,0.0987757509157505,0.007384439359267574,0.1,0.05708241758241743,0.02669333333333307,0.015,0.0,0.0,0.0,0.08
0.206214,79,27186.860921,hard,0.2120137299771167,0.2120137299771167,0,783,8,4,4,4,4,0,0,0,0,0.0,0.0,0.0,0.2618131868131868,0.0,1,False,97,0.06468309859154929,0.9373521126760593,0.4804788732394364,0.30464788732394366,10,65.0,55.0,0.046153846153846156,0.12307692307692308,0.5965816136858012,0.097012323943662,0.03641758241758241,0.0,0.097012323943662,0.03141758241758241,0.0,0.005,0.0,0.0,0.0,0.060929577464788734
1.438109,73,27218.029139,hard,0.3648169336384439,1.364816933638444,1,730,6,2,4,2,4,0,0,0,2,0.01513729977116646,0.0028846153846154164,0.0811999999999965,0.216620879120879,1.0,1,True,164,0.14197183098591548,0.921126760563382,0.6267605633802814,0.4977288732394366,17,65.0,49.0,0.046153846153846156,0.13846153846153847,0.09911748204888313,0.045298054919908265,0.18099450549450552,0.005298054919908261,0.1,0.025994505494505483,0.1,0.005,0.05,0.0,0.06,0.08
0.422242,78,27250.904175,hard,0.39465102974828353,0.39465102974828353,0,772,8,4,4,4,4,0,0,0,0,0.021985125858123438,0.0060576923076922995,0.03149999999999864,0.39010989010988983,0.15283333333333196,3,False,94,0.07799295774647887,0.9154929577464792,0.7718873239436622,1.5661091549295774,39,65.0,43.0,0.1076923076923077,0.2153846153846154,0.09911748204888313,0.10769479405034321,0.07709652014651996,0.007694794050343202,0.1,0.046813186813186775,0.015283333333333197,0.015,0.0,0.0,0.0,0.08
2.752496,78,27283.073928,hard,0.5963329519450801,2.59633295194508,2,780,8,4,4,4,4,0,0,0,0,0.03159610983981655,0.0,0.1427999999999977,0.3592032967032967,0.9999999999999963,2,True,130,0.09866197183098592,0.9179718309859155,0.8189859154929576,2.58125,43,65.0,42.0,0.07692307692307693,0.2,0.15610566617587138,0.11105863844393579,0.20310439560439525,0.011058638443935792,0.1,0.04310439560439561,0.09999999999999963,0.01,0.05,0.0,0.0,0.08
0.14854,72,27321.35978,hard,0.29056064073226545,0.29056064073226545,0,714,4,0,4,0,4,0,0,0,4,0.0,0.0,0.0,0.20315934065934066,0.0,1,False,86,0.08683098591549296,0.9154929577464812,0.6952112676056342,1.1949471830985916,19,65.0,42.0,0.06153846153846154,0.18461538461538463,0.05733775266807337,-0.01999999999999999,0.029379120879120882,0.0,0.1,0.02437912087912088,0.0,0.005,0.0,0.0,0.12,0.08
1.631239,83,27355.766197,hard,0.4881693363844394,1.4881693363844395,1,825,8,4,4,4,4,0,0,0,0,0.039153318077802264,0.001126373626373633,0.22539999999999452,0.26554945054945056,0.9999999999999961,2,True,116,0.07528169014084507,0.9154929577464799,0.5386197183098591,1.5544014084507043,24,65.0,48.0,0.07692307692307693,0.16923076923076924,0.09911748204888313,0.1137036613272308,0.19186593406593366,0.01370366132723079,0.1,0.03186593406593406,0.09999999999999962,0.01,0.05,0.0,0.0,0.08
0.264094,80,27389.386883,hard,0.3022883295194508,0.3022883295194508,0,798,8,4,4,4,4,0,0,0,0,0.003718535469107552,0.00892857142857143,0.0,0.23131868131868094,0.0,2,False,79,0.0573943661971831,0.9154929577464809,0.7161126760563383,1.1292429577464789,43,65.0,51.0,0.06153846153846154,0.15384615384615385,0.22338824700260326,0.08384726206207496,0.037758241758241703,0.0013014874141876434,0.08254577464788732,0.027758241758241705,0.0,0.01,0.0,0.0,0.0,0.08
0.349332,82,27423.129942,hard,0.35366132723112126,0.35366132723112126,0,814,8,4,4,4,4,0,0,0,0,0.0,0.0,0.0,0.3546703296703297,0.0,3,False,103,0.06401408450704225,0.9398309859154937,0.6926760563380282,2.1104049295774647,35,65.0,42.0,0.06153846153846154,0.18461538461538463,0.16676100196548832,0.09951056338028168,0.05756043956043957,0.0,0.09951056338028168,0.04256043956043957,0.0,0.015,0.0,0.0,0.0,0.08
2.993536,100,27464.848368,hard,0.7911327231121281,2.791132723112128,2,1000,8,4,4,4,4,0,0,0,0,0.03689931350114388,0.0,0.0,0.7457417582417583,1.0,6,True,106,0.07841549295774648,0.9072112676056378,0.6646197183098592,4.127922535211267,23,65.0,56.0,0.046153846153846156,0.13846153846153847,0.24835065083211508,0.11291475972540035,0.26948901098901096,0.012914759725400356,0.1,0.08948901098901096,0.1,0.030000000000000002,0.05,0.0,0.0,0.08
0.236732,75,27496.415921,hard,0.25738558352402746,0.25738558352402746,0,743,8,4,4,4,4,0,0,0,0,0.006127002288329515,0.008076923076923165,0.0,0.220851648351648,0.0,1,False,103,0.0748943661971831,0.945464788732397,0.7336901408450713,1.1344718309859154,26,65.0,52.0,0.046153846153846156,0.12307692307692308,0.24645788980805483,0.10214445080091533,0.031502197802197755,0.00214445080091533,0.1,0.026502197802197758,0.0,0.005,0.0,0.0,0.0,0.08
2.930031,80,27529.878296,hard,0.7345537757437071,2.734553775743707,2,799,8,4,4,4,4,0,0,0,0,0.02054347826086929,0.0,0.0,0.6098901098901099,1.0,5,True,144,0.11492957746478873,0.9236056338028185,0.6599999999999997,3.1060035211267607,29,65.0,45.0,0.046153846153846156,0.13846153846153847,0.15610566617587138,0.10719021739130426,0.24818681318681318,0.007190217391304252,0.1,0.0731868131868132,0.1,0.025,0.05,0.0,0.0,0.08
0.366538,75,27568.930689,hard,0.38766590389016015,0.38766590389016015,0,750,7,3,4,3,4,0,0,0,1,0.004324942791762061,0.010384615384615499,0.0,0.4363186813186808,0.0,2,False,140,0.14408450704225353,0.9454647887323961,0.5336901408450702,0.8626056338028169,19,65.0,55.0,0.046153846153846156,0.12307692307692308,0.15610566617587138,0.07151372997711673,0.06235824175824171,0.0015137299771167214,0.1,0.052358241758241705,0.0,0.01,0.0,0.0,0.03,0.08
0.570754,76,27605.987931,hard,0.48451372997711584,0.48451372997711584,0,753,8,4,4,4,4,0,0,0,0,0.035200228832951146,0.0,0.12109999999999496,0.39203296703296703,0.6717666666666614,3,False,116,0.09767605633802817,0.9607042253521132,0.785070422535211,2.0705105633802816,35,65.0,51.0,0.06153846153846154,0.13846153846153847,0.1145020974334985,0.11232008009153291,0.12922062271062218,0.012320080091532898,0.1,0.04704395604395605,0.06717666666666615,0.015,0.0,0.0,0.0,0.08
1.597465,80,27646.889917,hard,0.5033752860411888,1.5033752860411886,1,797,8,4,4,4,4,0,0,0,0,0.04250572082379752,0.038598901098901135,0.15399999999999348,0.4026098901098885,0.7559999999999933,3,False,168,0.11661971830985915,0.92112676056338,0.8149859154929577,3.228926056338028,33,65.0,45.0,0.06153846153846154,0.15384615384615385,0.15610566617587138,0.11487700228832914,0.13891318681318593,0.014877002288329132,0.1,0.04831318681318661,0.07559999999999933,0.015,0.0,0.0,0.0,0.08
1.610199,78,27686.337628,hard,0.44758009153318074,1.4475800915331807,1,776,8,4,4,4,4,0,0,0,0,0.02298054919908472,0.025467032967033093,0.0602000000000004,0.3931318681318674,0.999999999999997,3,True,112,0.08373239436619719,0.9211267605633819,0.593352112676056,0.5828345070422535,25,65.0,49.0,0.07692307692307693,0.2,0.25206405738510845,0.10804319221967966,0.21217582417582376,0.008043192219679649,0.1,0.04717582417582408,0.0999999999999997,0.015,0.05,0.0,0.0,0.08
0.451473,86,27729.67966,hard,0.4561212814645309,0.4561212814645309,0,852,8,4,4,4,4,0,0,0,0,0.00648741418764305,0.015576923076923148,0.0,0.6006868131868124,0.0,3,False,74,0.045598591549295776,0.9348732394366209,0.556140845070422,1.3112323943661972,38,65.0,47.0,0.046153846153846156,0.13846153846153847,0.23296603544749966,0.0734695386276469,0.0870824175824175,0.0022705949656750676,0.07119894366197183,0.0720824175824175,0.0,0.015,0.0,0.0,0.0,0.08
0.324717,75,27767.4969,hard,0.3318649885583524,0.3318649885583524,0,749,8,4,4,4,4,0,0,0,0,0.00420480549199085,0.0,0.0,0.3023351648351648,0.0,2,False,101,0.07691901408450705,0.9688732394366225,0.6156619718309853,0.4817957746478873,28,65.0,46.0,0.06153846153846154,0.16923076923076924,0.09911748204888313,0.1014716819221968,0.046280219780219775,0.0014716819221967973,0.1,0.03628021978021977,0.0,0.01,0.0,0.0,0.0,0.08
0.442346,99,27823.760947,hard,0.43787185354691077,0.43787185354691077,0,984,8,4,4,4,4,0,0,0,0,0.010526315789473682,0.02527472527472527,0.0,0.5568681318681307,0.0,4,False,96,0.059154929577464786,0.9154929577464824,0.5812394366197177,1.7951760563380281,22,65.0,50.0,0.06153846153846154,0.13846153846153847,0.16676100196548832,0.09605040770941439,0.08682417582417568,0.003684210526315789,0.0923661971830986,0.06682417582417567,0.0,0.02,0.0,0.0,0.0,0.08
0.516676,78,27861.089609,hard,0.49392448512585785,0.49392448512585785,0,778,8,4,4,4,4,0,0,0,0,0.019582379862699884,0.0,0.0,0.48914835164835163,0.0,3,False,109,0.09589788732394366,0.9535774647887358,0.5936619718309856,1.0877288732394366,24,65.0,51.0,0.046153846153846156,0.13846153846153847,-0.0,0.10685383295194496,0.0736978021978022,0.006853832951944958,0.1,0.05869780219780219,0.0,0.015,0.0,0.0,0.0,0.08
0.402069,78,27900.032307,hard,0.3925343249427919,0.3925343249427919,0,778,8,4,4,4,4,0,0,0,0,0.010211670480549273,0.02451923076923095,0.0,0.4480082417582407,0.0,2,False,177,0.1412676056338028,0.951718309859156,0.7718873239436619,1.8587147887323943,32,65.0,45.0,0.06153846153846154,0.15384615384615385,0.16676100196548832,0.10357408466819225,0.06376098901098891,0.003574084668192246,0.1,0.05376098901098891,0.0,0.01,0.0,0.0,0.0,0.08
0.505543,76,27937.665282,hard,0.46182494279176206,0.46182494279176206,0,756,8,4,4,4,4,0,0,0,0,0.01597826086956532,0.03836538461538486,0.0,0.6143818681318689,0.0,4,False,177,0.16308098591549297,0.9598309859154964,0.6024507042253515,1.1570246478873238,36,65.0,49.0,0.06153846153846154,0.15384615384615385,0.16676100196548832,0.10559239130434786,0.09372582417582427,0.005592391304347861,0.1,0.07372582417582427,0.0,0.02,0.0,0.0,0.0,0.08
1.647491,82,27979.365966,hard,0.5533237986270018,1.5533237986270017,1,813,8,4,4,4,4,0,0,0,0,0.03243707093821476,0.024230769230769385,0.07069999999999695,0.6789835164835205,0.37636666666666363,5,False,136,0.12091549295774648,0.942985915492958,0.7239718309859153,1.7792605633802816,41,65.0,52.0,0.046153846153846156,0.1076923076923077,-0.0,0.11135297482837517,0.1441146886446888,0.011352974828375164,0.1,0.08147802197802244,0.03763666666666636,0.025,0.0,0.0,0.0,0.08
2.878718,89,28023.441989,hard,0.672025171624714,2.672025171624714,2,890,8,4,4,4,4,0,0,0,0,0.04529176201373,0.0305769230769232,0.025899999999998882,0.7070054945054954,1.0,5,True,85,0.07857394366197183,0.9179718309859155,0.680338028169014,2.6809859154929576,34,65.0,55.0,0.06153846153846154,0.12307692307692308,0.29009774768186847,0.1158521167048055,0.2598406593406595,0.015852116704805498,0.1,0.08484065934065944,0.1,0.025,0.05,0.0,0.0,0.08
0.179313,77,28070.857164,hard,0.2179405034324943,0.2179405034324943,0,765,8,4,4,4,4,0,0,0,0,0.007929061784897072,0.01903846153846165,0.0,0.27604395604395543,0.0,1,False,80,0.04929577464788732,0.9323943661971839,0.6798028169014085,0.9480985915492958,40,65.0,50.0,0.06153846153846154,0.15384615384615385,0.1145020974334985,0.07974700261062947,0.03812527472527465,0.002775171624713975,0.0769718309859155,0.03312527472527465,0.0,0.005,0.0,0.0,0.0,0.08
0.302334,78,28107.768673,hard,0.352311212814645,0.352311212814645,0,778,8,4,4,4,4,0,0,0,0,0.02318649885583499,0.0,0.0,0.41387362637362635,0.0,2,False,41,0.026056338028169014,0.959211267605636,0.703323943661972,0.8633450704225352,21,65.0,45.0,0.1076923076923077,0.2,0.09911748204888313,0.04815752812066901,0.05966483516483517,0.008115274599542246,0.04004225352112676,0.04966483516483517,0.0,0.01,0.0,0.0,0.0,0.08
2.90684,100,28157.555405,hard,0.7072425629290617,2.7072425629290615,2,1000,8,4,4,4,4,0,0,0,0,0.017059496567505487,0.01846153846153856,0.0,0.7802197802197833,1.0,6,True,88,0.08751760563380281,0.9133521126760568,0.8000563380281684,1.8537676056338028,47,65.0,48.0,0.046153846153846156,0.13846153846153847,0.16676100196548832,0.10597082379862692,0.273626373626374,0.00597082379862692,0.1,0.093626373626374,0.1,0.030000000000000002,0.05,0.0,0.0,0.08
0.189046,75,28194.415727,hard,0.2154576659038902,0.2154576659038902,0,742,8,4,4,4,4,0,0,0,0,0.019519450800915394,0.0,0.0,0.13296703296703297,0.0,1,False,115,0.09269366197183099,0.9267605633802831,0.6563943661971833,0.5795070422535211,21,65.0,57.0,0.046153846153846156,0.1076923076923077,0.16676100196548832,0.10683180778032039,0.020956043956043956,0.006831807780320386,0.1,0.015956043956043955,0.0,0.005,0.0,0.0,0.0,0.08
0.360813,76,28230.652872,hard,0.35933638443935934,0.35933638443935934,0,752,8,4,4,4,4,0,0,0,0,0.007088100686498598,0.0005769230769230756,0.0,0.3682967032967033,0.0,2,False,117,0.09827464788732394,0.9565633802816929,0.7685633802816907,0.6565316901408451,36,65.0,45.0,0.07692307692307693,0.18461538461538463,0.13491422385153698,0.10248083524027451,0.0541956043956044,0.0024808352402745093,0.1,0.044195604395604396,0.0,0.01,0.0,0.0,0.0,0.08
2.87035,77,28269.513841,hard,0.6836842105263156,2.6836842105263155,2,767,8,4,4,4,4,0,0,0,0,0.024508009153317797,0.020480769230769105,0.0,0.5399038461538452,1.0,4,True,131,0.08672535211267605,0.9476901408450705,0.8070140845070429,4.906285211267606,38,65.0,48.0,0.06153846153846154,0.15384615384615385,0.32797103788470744,0.10857780320366123,0.23478846153846145,0.008577803203661229,0.1,0.06478846153846143,0.09999999999999999,0.02,0.05,0.0,0.0,0.08
0.298006,75,28309.040456,hard,0.30909610983981695,0.30909610983981695,0,743,8,4,4,4,4,0,0,0,0,0.00997139588100693,0.0,0.0,0.24766483516483517,0.0,2,False,120,0.10309859154929578,0.979267605633803,0.5370704225352112,1.3704401408450704,23,65.0,48.0,0.046153846153846156,0.13846153846153847,0.13491422385153698,0.10348998855835242,0.03971978021978023,0.003489988558352425,0.1,0.029719780219780233,0.0,0.01,0.0,0.0,0.0,0.08
0.409921,79,28355.077146,hard,0.39937643020594965,0.39937643020594965,0,783,8,4,4,4,4,0,0,0,0,0.0001201372997711684,0.0002884615384615417,0.0,0.4644368131868132,0.0,3,False,96,0.06676056338028169,0.9276338028169019,0.6069014084507041,1.546919014084507,30,65.0,44.0,0.06153846153846154,0.15384615384615385,0.3651492464240949,0.09811247059013119,0.07073241758241758,4.2048054919908934e-05,0.09807042253521128,0.055732417582417586,0.0,0.015,0.0,0.0,0.0,0.08
2.765207,99,28403.736843,hard,0.600629290617849,2.600629290617849,2,989,8,4,4,4,4,0,0,0,0,0.026310068649885616,0.021634615384615412,0.0,0.5355769230769221,1.0,4,True,213,0.17434859154929577,0.9267605633802819,0.6561126760563378,0.633362676056338,29,65.0,50.0,0.046153846153846156,0.13846153846153847,0.25206405738510845,0.10920852402745997,0.23426923076923062,0.009208524027459962,0.1,0.06426923076923063,0.1,0.02,0.05,0.0,0.0,0.08
2.744593,75,28440.096351,hard,0.5818707093821509,2.5818707093821507,2,747,8,4,4,4,4,0,0,0,0,0.008529748283752771,0.015000000000000024,0.0,0.4119780219780213,1.0,3,True,82,0.09528169014084507,0.9154929577464809,0.799126760563381,2.342975352112676,34,65.0,49.0,0.07692307692307693,0.15384615384615385,0.3430042135170806,0.10298541189931347,0.21443736263736257,0.0029854118993134704,0.1,0.04943736263736255,0.1,0.015,0.05,0.0,0.0,0.08
2.777079,80,28477.321973,hard,0.5914187643020595,2.5914187643020594,2,791,8,4,4,4,4,0,0,0,0,0.03755720823798589,0.02527472527472527,0.15749999999999748,0.5134615384615372,0.9999999999999959,4,True,192,0.1707042253521127,0.9397746478873257,0.6911549295774647,1.8211971830985916,31,65.0,48.0,0.046153846153846156,0.13846153846153847,0.25206405738510845,0.11314502288329506,0.23161538461538406,0.013145022883295058,0.1,0.06161538461538447,0.09999999999999959,0.02,0.05,0.0,0.0,0.08
2.642021,78,28515.642692,hard,0.5012643020594966,2.5012643020594965,2,777,8,4,4,4,4,0,0,0,0,0.008049199084668243,0.019326923076923196,0.0,0.29699175824175766,1.0,2,True,156,0.09612676056338028,0.936676056338029,0.6313802816901412,1.8408274647887324,33,65.0,51.0,0.07692307692307693,0.16923076923076924,0.19172340579500008,0.10281721967963389,0.19563901098901093,0.002817219679633885,0.1,0.03563901098901092,0.1,0.01,0.05,0.0,0.0,0.08
0.310706,76,28554.18141,hard,0.3215160183066362,0.3215160183066362,0,755,8,4,4,4,4,0,0,0,0,0.018260869565217386,0.003173076923076958,0.0,0.2774862637362636,0.0,1,False,115,0.08883802816901408,0.9154929577464805,0.5839718309859151,0.5559154929577464,15,65.0,44.0,0.06153846153846154,0.15384615384615385,-0.0,0.1063913043478261,0.038298351648351624,0.006391304347826085,0.1,0.033298351648351626,0.0,0.005,0.0,0.0,0.0,0.08
2.789178,86,28606.803964,hard,0.6043135011441647,2.6043135011441647,2,860,8,4,4,4,4,0,0,0,0,0.04438215102974794,0.026428571428571437,0.058799999999997465,0.5444230769230757,1.0,4,True,170,0.1418661971830986,0.9566197183098588,0.776901408450704,1.6747887323943662,36,65.0,54.0,0.046153846153846156,0.1076923076923077,0.1956217818146278,0.11553375286041179,0.23533076923076912,0.01553375286041178,0.1,0.0653307692307691,0.1,0.02,0.05,0.0,0.0,0.08
0.315112,77,28644.596443,hard,0.3475000000000001,0.3475000000000001,0,770,7,3,4,3,4,0,0,0,1,0.010932494279176242,0.01961538461538473,0.0,0.33987637362637274,0.0,2,False,115,0.10251760563380281,0.9267605633802835,0.6679718309859155,0.8935211267605634,24,65.0,47.0,0.06153846153846154,0.15384615384615385,0.15610566617587138,0.07382637299771169,0.050785164835164716,0.0038263729977116843,0.1,0.040785164835164714,0.0,0.01,0.0,0.0,0.03,0.08
2.721365,76,28681.692159,hard,0.5266876430205949,2.526687643020595,2,754,8,4,4,4,4,0,0,0,0,0.02126430205949604,0.02596153846153817,0.06089999999999737,0.605288461538462,1.0,4,True,190,0.16892605633802818,0.9494366197183121,0.6887042253521128,1.7430105633802817,34,65.0,50.0,0.06153846153846154,0.15384615384615385,0.05733775266807337,0.10744250572082362,0.24263461538461545,0.007442505720823614,0.1,0.07263461538461545,0.1,0.02,0.05,0.0,0.0,0.08
2.866601,89,28725.855635,hard,0.6624141876430206,2.6624141876430207,2,883,8,4,4,4,4,0,0,0,0,0.04404462242562833,0.046909340659340895,0.14279999999999382,0.6839285714285747,1.0,5,True,123,0.10198943661971831,0.9397183098591558,0.8221408450704228,1.8863732394366197,32,65.0,45.0,0.06153846153846154,0.16923076923076924,0.16676100196548832,0.11541561784896992,0.25707142857142895,0.015415617848969913,0.1,0.08207142857142896,0.1,0.025,0.05,0.0,0.0,0.08
2.941484,95,28773.606355,hard,0.7385011441647598,2.7385011441647595,2,941,8,4,4,4,4,0,0,0,0,0.038054919908466774,0.03537087912087912,0.011899999999999487,0.7396978021978005,1.0,5,True,169,0.13390845070422536,0.9485633802816931,0.6438309859154929,2.3943661971830985,30,65.0,51.0,0.046153846153846156,0.13846153846153847,0.2783171932701801,0.11331922196796337,0.26376373626373606,0.013319221967963372,0.1,0.08876373626373604,0.1,0.025,0.05,0.0,0.0,0.08
0.167736,77,28812.200068,hard,0.28215102974828377,0.28215102974828377,0,766,5,1,4,1,4,0,0,0,3,0.0,0.0,0.0,0.18296703296703296,0.0,1,False,152,0.1432394366197183,0.9179718309859184,0.5114084507042249,0.3738556338028169,11,65.0,45.0,0.046153846153846156,0.13846153846153847,0.05733775266807337,0.010000000000000009,0.02695604395604396,0.0,0.1,0.02195604395604396,0.0,0.005,0.0,0.0,0.09,0.07477112676056338
0.424205,77,28857.698733,hard,0.40628718535469055,0.40628718535469055,0,763,8,4,4,4,4,0,0,0,0,0.03557780320366086,0.0,0.069299999999997,0.3572802197802198,0.300299999999997,2,False,79,0.052482394366197185,0.926084507042255,0.6534929577464785,1.3005105633802816,29,65.0,44.0,0.046153846153846156,0.13846153846153847,0.09911748204888313,0.0913140268959292,0.08290362637362608,0.012452231121281299,0.0788617957746479,0.042873626373626385,0.030029999999999703,0.01,0.0,0.0,0.0,0.08
0.366192,76,28895.490676,hard,0.38443935926773454,0.38443935926773454,0,751,8,4,4,4,4,0,0,0,0,0.021864988558352193,0.0,0.0,0.42857142857142855,0.0,3,False,61,0.04302816901408451,0.9607605633802833,0.6241126760563375,0.9578345070422535,25,65.0,48.0,0.046153846153846156,0.13846153846153847,0.13491422385153698,0.07042387275598666,0.06642857142857142,0.007652745995423268,0.06277112676056339,0.05142857142857142,0.0,0.015,0.0,0.0,0.0,0.08
2.737953,76,28933.072623,hard,0.5734267734553776,2.5734267734553775,2,759,8,4,4,4,4,0,0,0,0,0.011413043478260977,0.02740384615384641,0.0,0.47026098901098784,1.0,2,True,206,0.14767605633802816,0.9260845070422558,0.6257464788732393,2.3203169014084506,28,65.0,54.0,0.06153846153846154,0.12307692307692308,0.1956217818146278,0.10399456521739135,0.21643131868131854,0.003994565217391341,0.1,0.05643131868131853,0.1,0.01,0.05,0.0,0.0,0.08
2.756523,77,28971.040734,hard,0.5835755148741418,2.5835755148741417,2,770,8,4,4,4,4,0,0,0,0,0.015978260869565275,0.0025961538461538427,0.0,0.49462912087912075,1.0,3,True,118,0.08580985915492957,0.9745070422535204,0.7989014084507039,4.026443661971831,37,65.0,48.0,0.06153846153846154,0.15384615384615385,0.1956217818146278,0.10559239130434785,0.22435549450549447,0.005592391304347846,0.1,0.05935549450549448,0.1,0.015,0.05,0.0,0.0,0.08
1.633942,84,29013.259451,hard,0.463558352402746,1.463558352402746,1,834,8,4,4,4,4,0,0,0,0,0.0409668192219672,0.02048076923076935,0.18899999999999503,0.4537087912087902,0.9999999999999968,3,True,115,0.08286971830985916,0.9211267605633812,0.7932394366197184,1.9046830985915493,48,65.0,51.0,0.09230769230769231,0.16923076923076924,0.3025207121927388,0.11433838672768852,0.2194450549450545,0.014338386727688517,0.1,0.05444505494505482,0.09999999999999969,0.015,0.05,0.0,0.0,0.08
0.437585,78,29051.939433,hard,0.4142734553775744,0.4142734553775744,0,776,8,4,4,4,4,0,0,0,0,0.01681922196796341,0.02019230769230764,0.0,0.5002060439560436,0.0,3,False,144,0.11873239436619719,0.9445352112676083,0.678281690140845,1.3279225352112676,26,65.0,48.0,0.046153846153846156,0.1076923076923077,0.13491422385153698,0.1058867276887872,0.07502472527472526,0.005886727688787192,0.1,0.06002472527472525,0.0,0.015,0.0,0.0,0.0,0.08
0.388325,77,29088.823615,hard,0.3769908466819222,0.3769908466819222,0,769,8,4,4,4,4,0,0,0,0,0.011413043478260864,0.01903846153846164,0.005599999999999759,0.39010989010988917,0.024266666666666423,3,False,115,0.10007042253521127,0.9382253521126765,0.7383380281690141,1.386637323943662,36,65.0,49.0,0.06153846153846154,0.15384615384615385,0.19172340579500008,0.10399456521739131,0.06423985347985335,0.003994565217391302,0.1,0.04681318681318671,0.0024266666666666425,0.015,0.0,0.0,0.0,0.08
2.791301,82,29136.254806,hard,0.6010297482837529,2.6010297482837528,2,818,8,4,4,4,4,0,0,0,0,0.05053203661327133,0.026428571428571423,0.23029999999999431,0.5365384615384602,0.9999999999999961,4,True,166,0.1372007042253521,0.9710985915492972,0.7068169014084508,1.958556338028169,24,65.0,51.0,0.046153846153846156,0.12307692307692308,0.19172340579500008,0.11768621281464497,0.23438461538461486,0.017686212814644966,0.1,0.06438461538461522,0.09999999999999963,0.02,0.05,0.0,0.0,0.08
2.799511,78,29175.873081,hard,0.6118421052631579,2.611842105263158,2,774,8,4,4,4,4,0,0,0,0,0.02162471395880977,0.0,0.0,0.5625,1.0,4,True,162,0.1434507042253521,0.9292394366197185,0.7695492957746477,2.8966725352112674,37,65.0,52.0,0.046153846153846156,0.12307692307692308,0.34503518266420086,0.10756864988558343,0.2375,0.00756864988558342,0.1,0.0675,0.09999999999999999,0.02,0.05,0.0,0.0,0.08
2.811888,79,29213.732955,hard,0.6091990846681923,2.6091990846681923,2,788,8,4,4,4,4,0,0,0,0,0.07071510297482846,0.03623626373626385,0.17009999999999695,0.5561538461538444,0.9999999999999959,4,True,163,0.1206338028169014,0.926760563380281,0.7239154929577462,3.0239084507042255,37,65.0,57.0,0.046153846153846156,0.1076923076923077,0.2690705926112252,0.12475028604118997,0.23673846153846095,0.02475028604118996,0.1,0.06673846153846133,0.0999999999999996,0.02,0.05,0.0,0.0,0.08
0.417232,83,29253.868155,hard,0.3974542334096108,0.3974542334096108,0,824,8,4,4,4,4,0,0,0,0,0.009851258581235537,0.013557692307692357,0.024499999999998943,0.3901098901098895,0.1691666666666656,3,False,164,0.12725352112676055,0.9504225352112683,0.7369014084507041,1.5829401408450705,31,65.0,51.0,0.046153846153846156,0.13846153846153847,0.16676100196548832,0.10344794050343244,0.0787298534798533,0.0034479405034324373,0.1,0.04681318681318673,0.016916666666666563,0.015,0.0,0.0,0.0,0.08
0.547847,84,29294.587686,hard,0.48970823798626983,0.48970823798626983,0,840,8,4,4,4,4,0,0,0,0,0.025978260869565055,0.050549450549450675,0.02869999999999876,0.6300824175824173,0.12436666666666542,5,False,144,0.10943661971830985,0.9429295774647924,0.5821971830985914,0.8236267605633802,21,65.0,47.0,0.06153846153846154,0.15384615384615385,0.05733775266807337,0.10909239130434778,0.11304655677655662,0.00909239130434777,0.1,0.07560989010989008,0.012436666666666544,0.025,0.0,0.0,0.0,0.08
0.295443,77,29333.069176,hard,0.31322654462242566,0.31322654462242566,0,763,8,4,4,4,4,0,0,0,0,0.007448512585812421,0.01788461538461554,0.0,0.2575824175824168,0.0,1,False,96,0.1115492957746479,0.9211267605633837,0.6923098591549299,0.9997535211267605,35,65.0,49.0,0.06153846153846154,0.16923076923076924,0.09911748204888313,0.10260697940503435,0.035909890109890014,0.002606979405034347,0.1,0.030909890109890016,0.0,0.005,0.0,0.0,0.0,0.08
1.705436,83,29383.986146,hard,0.5805377574370699,1.58053775743707,1,824,8,4,4,4,4,0,0,0,0,0.046327231121280524,0.02527472527472527,0.1735999999999943,0.5086538461538449,0.9482666666666592,4,False,96,0.06295774647887324,0.9389014084507034,0.6597183098591547,3.413521126760563,18,65.0,53.0,0.046153846153846156,0.1076923076923077,0.2690705926112252,0.11143284075160312,0.1758651282051273,0.016214530892448183,0.09521830985915493,0.06103846153846138,0.09482666666666593,0.02,0.0,0.0,0.0,0.08
0.441795,80,29422.422596,hard,0.36848398169336294,0.36848398169336294,0,796,8,4,4,4,4,0,0,0,0,0.032614416475971596,0.026098901098901096,0.12669999999999454,0.3929945054945044,0.5933666666666612,3,False,116,0.09654929577464788,0.9154929577464799,0.614084507042253,1.733468309859155,16,65.0,55.0,0.046153846153846156,0.1076923076923077,0.24645788980805483,0.11141504576659006,0.12149600732600664,0.011415045766590057,0.1,0.04715934065934052,0.05933666666666612,0.015,0.0,0.0,0.0,0.08
0.448443,80,29462.589413,hard,0.41763157894736846,0.41763157894736846,0,793,8,4,4,4,4,0,0,0,0,0.026910755148741427,0.023942307692307846,0.0,0.5057692307692295,0.0,4,False,144,0.11873239436619719,0.9220000000000018,0.7156338028169011,1.8439612676056338,31,65.0,50.0,0.046153846153846156,0.13846153846153847,0.1145020974334985,0.1094187643020595,0.08069230769230754,0.009418764302059499,0.1,0.06069230769230754,0.0,0.02,0.0,0.0,0.0,0.08
0.448769,78,29500.414094,hard,0.4069908466819214,0.4069908466819214,0,778,8,4,4,4,4,0,0,0,0,0.019462242562928223,0.0,0.1133999999999951,0.2802197802197802,0.49139999999999506,2,False,97,0.08160211267605634,0.9615211267605637,0.7952112676056334,2.6405281690140847,33,65.0,54.0,0.046153846153846156,0.12307692307692308,0.16676100196548832,0.10681178489702488,0.09276637362637313,0.006811784897024878,0.1,0.03362637362637362,0.04913999999999952,0.01,0.0,0.0,0.0,0.08
0.550647,82,29541.012558,hard,0.4930205949656751,0.4930205949656751,0,811,8,4,4,4,4,0,0,0,0,0.020137299771167093,0.03571428571428571,0.0,0.6162087912087896,0.17733333333333334,4,False,91,0.07408450704225353,0.9551267605633814,0.6630140845070418,2.589049295774648,23,65.0,44.0,0.06153846153846154,0.16923076923076924,0.16676100196548832,0.10704805491990849,0.11167838827838811,0.0070480549199084825,0.1,0.07394505494505477,0.017733333333333337,0.02,0.0,0.0,0.0,0.08
2.883987,81,29580.015813,hard,0.7294050343249427,2.7294050343249427,2,802,8,4,4,4,4,0,0,0,0,0.0309954233409609,0.01817307692307702,0.0,0.5975274725274716,1.0,5,True,43,0.04764084507042254,0.9211267605633829,0.6598028169014087,2.0548767605633804,31,65.0,48.0,0.06153846153846154,0.16923076923076924,0.2220630225397998,0.06807903197215322,0.2467032967032966,0.010848398169336316,0.0572306338028169,0.0717032967032966,0.1,0.025,0.05,0.0,0.0,0.08
0.432855,77,29629.673614,hard,0.4534324942791762,0.4534324942791762,0,770,8,4,4,4,4,0,0,0,0,0.00840961098398174,0.0,0.0,0.34697802197802197,0.0,3,False,79,0.049788732394366195,0.9254084507042274,0.5425915492957746,1.1960915492957747,23,65.0,54.0,0.06153846153846154,0.12307692307692308,0.22338824700260326,0.07978491314016826,0.056637362637362645,0.0029433638443936085,0.07684154929577465,0.041637362637362646,0.0,0.015,0.0,0.0,0.0,0.08
0.48202,77,29667.426151,hard,0.3930320366132713,0.3930320366132713,0,765,8,4,4,4,4,0,0,0,0,0.026670480549198114,0.0,0.15539999999999435,0.3901098901098901,0.7433999999999933,3,False,95,0.08799295774647888,0.9745070422535222,0.778225352112676,1.5745774647887323,45,65.0,47.0,0.06153846153846154,0.15384615384615385,-0.0,0.10933466819221935,0.13615318681318614,0.009334668192219338,0.1,0.0468131868131868,0.07433999999999934,0.015,0.0,0.0,0.0,0.08
2.753405,88,29710.570581,hard,0.5890160183066362,2.589016018306636,2,874,8,4,4,4,4,0,0,0,0,0.06002288329519368,0.03594780219780231,0.23029999999999431,0.5076923076923059,0.9999999999999961,4,True,83,0.0511443661971831,0.9557464788732402,0.7690704225352109,2.6437676056338026,27,65.0,35.0,0.1076923076923077,0.24615384615384617,0.05733775266807337,0.1008662838012051,0.23092307692307634,0.02100800915331779,0.07985827464788732,0.06092307692307669,0.09999999999999963,0.02,0.05,0.0,0.0,0.08
1.69549,83,29750.959562,hard,0.5837871853546907,1.5837871853546908,1,828,8,4,4,4,4,0,0,0,0,0.044570938215102454,0.0,0.09589999999999974,0.3901098901098901,0.9708999999999959,3,False,100,0.07471830985915492,0.9566760563380273,0.6750422535211267,4.157904929577465,22,65.0,44.0,0.06153846153846154,0.15384615384615385,0.13491422385153698,0.11559982837528586,0.15890318681318644,0.015599828375285858,0.1,0.04681318681318682,0.0970899999999996,0.015,0.0,0.0,0.0,0.08
0.367048,77,29788.013868,hard,0.3767505720823798,0.3767505720823798,0,762,8,4,4,4,4,0,0,0,0,0.0055835240274598715,0.008791208791208793,0.011199999999999518,0.3901098901098897,0.048533333333332845,3,False,76,0.05316901408450704,0.9335211267605638,0.7178591549295774,0.7969366197183099,35,65.0,51.0,0.046153846153846156,0.12307692307692308,0.1145020974334985,0.07983099397299123,0.06666652014652005,0.001954233409610955,0.07787676056338028,0.046813186813186775,0.004853333333333285,0.015,0.0,0.0,0.0,0.08
0.343759,74,29824.72628,hard,0.34572082379862706,0.34572082379862706,0,740,8,4,4,4,4,0,0,0,0,0.005045766590389045,0.012115384615384686,0.0,0.3356043956043951,0.0,2,False,160,0.11660211267605634,0.92918309859155,0.8266478873239435,1.7013204225352112,34,65.0,45.0,0.06153846153846154,0.15384615384615385,0.09911748204888313,0.10176601830663617,0.05027252747252741,0.0017660183066361657,0.1,0.04027252747252741,0.0,0.01,0.0,0.0,0.0,0.08
0.401975,75,29861.070605,hard,0.38836384439359267,0.38836384439359267,0,742,8,4,4,4,4,0,0,0,0,0.0007208237986270103,0.00173076923076925,0.0,0.4379945054945054,0.0,3,False,154,0.12109154929577465,0.9494366197183107,0.6685070422535209,1.6446830985915493,37,65.0,45.0,0.06153846153846154,0.15384615384615385,0.15610566617587138,0.10025228832951946,0.06755934065934066,0.0002522883295194536,0.1,0.05255934065934066,0.0,0.015,0.0,0.0,0.0,0.08
0.450295,77,29905.833313,hard,0.421395881006865,0.421395881006865,0,765,8,4,4,4,4,0,0,0,0,0.009490846681922255,0.02278846153846168,0.0,0.5173076923076911,0.0,4,False,170,0.1677112676056338,0.9154929577464791,0.7238028169014087,0.6680457746478873,33,65.0,53.0,0.046153846153846156,0.1076923076923077,0.05733775266807337,0.10332179633867279,0.08207692307692292,0.0033217963386727896,0.1,0.062076923076922925,0.0,0.02,0.0,0.0,0.0,0.08
2.700523,78,29943.979278,hard,0.5635697940503431,2.563569794050343,2,776,8,4,4,4,4,0,0,0,0,0.031704805491990735,0.0,0.1553333333333336,0.32967032967032966,0.9999999999999961,3,True,82,0.05052816901408451,0.9936901408450709,0.7001690140845072,4.684102112676056,26,65.0,49.0,0.07692307692307693,0.16923076923076924,0.3096910973393819,0.08999280868276015,0.20456043956043918,0.011096681922196755,0.07889612676056339,0.03956043956043956,0.0999999999999996,0.015,0.05,0.0,0.0,0.08
0.451656,77,29982.031744,hard,0.41995423340961097,0.41995423340961097,0,764,8,4,4,4,4,0,0,0,0,0.014897025171624436,0.008365384615384604,0.005599999999999759,0.5038461538461535,0.024266666666666423,4,False,139,0.13271126760563381,0.9341408450704246,0.7895492957746482,0.8666197183098592,35,65.0,50.0,0.046153846153846156,0.13846153846153847,0.05733775266807337,0.10521395881006856,0.08288820512820508,0.005213958810068552,0.1,0.06046153846153843,0.0024266666666666425,0.02,0.0,0.0,0.0,0.08
2.696718,77,30020.460271,hard,0.5059038901601831,2.505903890160183,2,763,8,4,4,4,4,0,0,0,0,0.029908466819221543,0.029697802197802294,0.10219999999999727,0.555384615384614,0.9999999999999984,4,True,155,0.1298943661971831,0.9404507042253524,0.7365633802816898,1.7960211267605635,37,65.0,54.0,0.046153846153846156,0.12307692307692308,0.16676100196548832,0.11046796338672754,0.23664615384615356,0.010467963386727537,0.1,0.06664615384615367,0.09999999999999987,0.02,0.05,0.0,0.0,0.08
0.589853,82,30060.593131,hard,0.4940617848970248,0.4940617848970248,0,811,8,4,4,4,4,0,0,0,0,0.045223112128146205,0.03575549450549454,0.04829999999999792,0.4999999999999986,0.6106333333333313,4,False,96,0.08535211267605634,0.9645915492957747,0.7716338028169017,1.2105281690140846,33,65.0,54.0,0.06153846153846154,0.13846153846153847,0.05733775266807337,0.11582808924485118,0.14106333333333299,0.01582808924485117,0.1,0.05999999999999984,0.06106333333333314,0.02,0.0,0.0,0.0,0.08
0.371797,77,30097.578843,hard,0.34733981693363813,0.34733981693363813,0,762,8,4,4,4,4,0,0,0,0,0.031596109839816616,0.012692307692307832,0.0,0.47107142857142803,0.0,3,False,96,0.06676056338028169,0.9616901408450714,0.7543661971830987,0.7951584507042253,34,65.0,51.0,0.06153846153846154,0.13846153846153847,0.2220630225397998,0.10912906097914708,0.07152857142857136,0.011058638443935818,0.09807042253521127,0.05652857142857136,0.0,0.015,0.0,0.0,0.0,0.08
1.677731,86,30151.748665,hard,0.4952517162471396,1.4952517162471395,1,853,8,4,4,4,4,0,0,0,0,0.041567505720822844,0.0060576923076922995,0.22749999999999446,0.5269230769230769,0.9999999999999959,4,True,226,0.17419014084507042,0.9485070422535221,0.7713239436619715,1.7305105633802818,27,65.0,49.0,0.046153846153846156,0.13846153846153847,0.16676100196548832,0.114548627002288,0.23323076923076885,0.014548627002287992,0.1,0.06323076923076924,0.0999999999999996,0.02,0.05,0.0,0.0,0.08
2.701302,74,30187.781963,hard,0.5318077803203661,2.5318077803203662,2,733,7,3,4,3,4,0,0,0,1,0.010526315789473682,0.02527472527472527,0.0,0.6175824175824189,1.0,5,True,106,0.07841549295774648,0.9323943661971839,0.6731830985915492,2.025299295774648,32,65.0,46.0,0.06153846153846154,0.15384615384615385,0.16676100196548832,0.0736842105263158,0.24910989010989026,0.0036842105263157885,0.1,0.07410989010989028,0.1,0.025,0.05,0.0,0.03,0.08
0.209482,73,30223.554278,hard,0.21637871853546917,0.21637871853546917,0,728,7,3,4,3,4,0,0,0,1,0.0039645308924485465,0.009519230769230851,0.0,0.24921703296703254,0.0,1,False,143,0.11538732394366197,0.9405070422535224,0.5638309859154926,0.2019542253521127,14,65.0,45.0,0.06153846153846154,0.15384615384615385,0.09911748204888313,0.071387585812357,0.03490604395604391,0.0013875858123569913,0.1,0.029906043956043907,0.0,0.005,0.0,0.0,0.03,0.04039084507042253
0.322402,78,30262.526871,hard,0.31807208237986234,0.31807208237986234,0,773,8,4,4,4,4,0,0,0,0,0.020417620137299468,0.019601648351648394,0.0,0.3707005494505486,0.0,2,False,214,0.16514084507042254,0.9463380281690169,0.7065633802816901,0.9646302816901409,34,65.0,51.0,0.06153846153846154,0.16923076923076924,0.09911748204888313,0.10714616704805482,0.05448406593406582,0.007146167048054814,0.1,0.04448406593406582,0.0,0.01,0.0,0.0,0.0,0.08
2.760493,77,30299.505071,hard,0.5868192219679635,2.5868192219679633,2,762,8,4,4,4,4,0,0,0,0,0.0130949656750573,0.031442307692307915,0.0,0.5024175824175809,1.0,3,True,110,0.08852112676056338,0.9310422535211283,0.715718309859155,3.8185915492957747,29,65.0,44.0,0.07692307692307693,0.16923076923076924,0.1956217818146278,0.10458323798627006,0.22529010989010972,0.004583237986270054,0.1,0.06029010989010972,0.1,0.015,0.05,0.0,0.0,0.08
2.716109,79,30337.770969,hard,0.5452517162471396,2.5452517162471398,2,783,8,4,4,4,4,0,0,0,0,0.04526887871853456,0.01552197802197803,0.2225999999999947,0.40260989010988935,0.9999999999999959,3,True,210,0.16924295774647888,0.9420563380281687,0.7206478873239437,1.9063908450704226,27,65.0,51.0,0.046153846153846156,0.12307692307692308,0.16676100196548832,0.1158441075514871,0.21331318681318628,0.015844107551487092,0.1,0.04831318681318671,0.09999999999999959,0.015,0.05,0.0,0.0,0.08
0.383702,80,30376.14701,hard,0.40045766590389015,0.40045766590389015,0,791,8,4,4,4,4,0,0,0,0,0.017059496567505394,0.0,0.0,0.21978021978021978,0.0,2,False,127,0.09549295774647887,0.940507042253521,0.7370704225352112,1.1134330985915493,50,65.0,54.0,0.06153846153846154,0.15384615384615385,0.29009774768186847,0.10597082379862689,0.03637362637362638,0.005970823798626887,0.1,0.026373626373626377,0.0,0.01,0.0,0.0,0.0,0.08
2.709963,87,30423.945086,hard,0.5613272311212815,2.5613272311212816,2,863,8,4,4,4,4,0,0,0,0,0.029313501144163673,0.0,0.17079999999999365,0.3306318681318681,0.9999999999999989,3,True,127,0.10991197183098592,0.9211267605633808,0.7897746478873243,2.5402640845070423,40,65.0,47.0,0.06153846153846154,0.16923076923076924,0.13491422385153698,0.1102597254004573,0.20467582417582408,0.010259725400457284,0.1,0.03967582417582417,0.09999999999999992,0.015,0.05,0.0,0.0,0.08
0.326076,81,30465.881134,hard,0.35502860411899323,0.35502860411899323,0,810,8,4,4,4,4,0,0,0,0,0.010451945080091604,0.017019230769230956,0.0,0.3291071428571421,0.0,2,False,82,0.05052816901408451,0.9267605633802843,0.4783098591549295,1.19375,24,65.0,49.0,0.07692307692307693,0.16923076923076924,0.3096910973393819,0.08255430753859545,0.04949285714285706,0.0036581807780320615,0.07889612676056339,0.03949285714285706,0.0,0.01,0.0,0.0,0.0,0.08
2.824773,86,30508.563384,hard,0.6419508009153317,2.641950800915332,2,859,8,4,4,4,4,0,0,0,0,0.02530320366132726,0.046909340659340895,0.024500000000000008,0.6098901098901099,0.9999999999999989,5,True,81,0.0682394366197183,0.9211267605633819,0.8187605633802829,2.466742957746479,37,65.0,53.0,0.06153846153846154,0.12307692307692308,0.36096404744368116,0.10053569874625327,0.24818681318681307,0.008856121281464539,0.09167957746478873,0.07318681318681318,0.0999999999999999,0.025,0.05,0.0,0.0,0.08
3.114005,94,30556.119157,hard,0.9045194508009153,2.9045194508009153,2,939,8,4,4,4,4,0,0,0,0,0.031132723112128235,0.01788461538461548,0.0,0.7707417582417613,1.0,6,True,96,0.09845070422535211,0.9317183098591563,0.7323943661971831,2.8242957746478874,31,65.0,47.0,0.06153846153846154,0.15384615384615385,0.358388828901696,0.11089645308924488,0.27248901098901135,0.010896453089244881,0.1,0.09248901098901136,0.1,0.030000000000000002,0.05,0.0,0.0,0.08
0.360248,73,30592.14009,hard,0.3495022883295195,0.3495022883295195,0,721,7,3,4,3,4,0,0,0,1,0.003964530892448527,0.009519230769230804,0.0,0.5477060439560435,0.10733333333333334,3,False,116,0.10464788732394366,0.9598309859154935,0.7146478873239432,0.6668661971830986,37,65.0,50.0,0.06153846153846154,0.15384615384615385,0.24645788980805483,0.07138758581235699,0.09145805860805856,0.0013875858123569844,0.1,0.06572472527472523,0.010733333333333334,0.015,0.0,0.0,0.03,0.08
0.179238,74,30628.375929,hard,0.3157894736842105,0.3157894736842105,0,732,4,0,4,0,4,0,0,0,4,0.0,0.0,0.0,0.26373626373626374,0.0,1,False,164,0.14580985915492958,0.9154929577464809,0.6610422535211269,0.9667957746478874,34,65.0,53.0,0.06153846153846154,0.15384615384615385,-0.0,-0.01999999999999999,0.03664835164835165,0.0,0.1,0.031648351648351655,0.0,0.005,0.0,0.0,0.12,0.08
0.570633,80,30674.685824,hard,0.498483981693363,0.498483981693363,0,792,8,4,4,4,4,0,0,0,0,0.030709382151028985,0.02902472527472531,0.10849999999999532,0.49999999999999856,0.491166666666662,4,False,87,0.06397887323943661,0.936676056338029,0.7819718309859158,1.3630809859154929,31,65.0,52.0,0.06153846153846154,0.12307692307692308,0.13491422385153698,0.10223243868243762,0.129116666666666,0.010748283752860143,0.09148415492957747,0.05999999999999981,0.0491166666666662,0.02,0.0,0.0,0.0,0.08
0.332981,80,30713.269188,hard,0.32347254004576625,0.32347254004576625,0,800,8,4,4,4,4,0,0,0,0,0.021985125858123223,0.02105769230769243,0.0,0.39010989010988906,0.0,3,False,116,0.07845070422535211,0.9267605633802842,0.6076056338028163,1.1973415492957746,26,65.0,53.0,0.046153846153846156,0.1076923076923077,0.1956217818146278,0.10769479405034313,0.061813186813186684,0.007694794050343128,0.1,0.046813186813186684,0.0,0.015,0.0,0.0,0.0,0.08
1.550843,100,30760.855954,hard,0.5032608695652174,1.5032608695652174,1,1000,8,4,4,4,4,0,0,0,0,0.03202517162471404,0.04429945054945073,0.0,0.7197802197802188,0.0,6,False,223,0.17998239436619717,0.9316619718309904,0.6505352112676056,1.026443661971831,23,65.0,49.0,0.06153846153846154,0.13846153846153847,0.05733775266807337,0.11120881006864992,0.1163736263736263,0.011208810068649915,0.1,0.0863736263736263,0.0,0.030000000000000002,0.0,0.0,0.0,0.08
1.620074,76,30798.353303,hard,0.4827631578947369,1.482763157894737,1,751,8,4,4,4,4,0,0,0,0,0.006006864988558367,0.0025961538461538526,0.028700000000000073,0.2525686813186812,0.9999999999999987,2,True,140,0.08626760563380281,0.9292394366197196,0.7369014084507042,2.423644366197183,31,65.0,53.0,0.046153846153846156,0.1076923076923077,0.22338824700260326,0.10210240274599543,0.19030824175824163,0.002102402745995428,0.1,0.030308241758241754,0.09999999999999987,0.01,0.05,0.0,0.0,0.08
0.415244,76,30835.143847,hard,0.39961670480549194,0.39961670480549194,0,753,8,4,4,4,4,0,0,0,0,0.0003604118993135052,0.0008653846153846252,0.0,0.4650137362637362,0.0,3,False,123,0.0948943661971831,0.9260845070422564,0.692816901408451,1.666742957746479,32,65.0,41.0,0.07692307692307693,0.18461538461538463,0.13491422385153698,0.10012614416475973,0.07080164835164833,0.00012614416475972682,0.1,0.05580164835164833,0.0,0.015,0.0,0.0,0.0,0.08
2.669742,81,30874.0109,hard,0.5003432494279176,2.5003432494279174,2,810,8,4,4,4,4,0,0,0,0,0.05310068649885481,0.0173076923076924,0.2127999999999945,0.3901098901098893,0.9999999999999963,3,True,144,0.11873239436619719,0.9486197183098587,0.7838591549295773,1.7941021126760563,48,65.0,50.0,0.06153846153846154,0.13846153846153847,0.13491422385153698,0.11858524027459919,0.2118131868131864,0.018585240274599183,0.1,0.046813186813186726,0.09999999999999966,0.015,0.05,0.0,0.0,0.08
0.424501,78,30919.29769,hard,0.40582379862700224,0.40582379862700224,0,772,8,4,4,4,4,0,0,0,0,0.005886727688787147,0.011826923076923084,0.005599999999999759,0.4699175824175819,0.024266666666666423,3,False,151,0.13267605633802818,0.9447887323943689,0.6005915492957745,2.497306338028169,25,65.0,55.0,0.046153846153846156,0.1076923076923077,0.2220630225397998,0.10206035469107551,0.07381677655677646,0.002060354691075501,0.1,0.05639010989010982,0.0024266666666666425,0.015,0.0,0.0,0.0,0.08
2.841202,82,30958.761645,hard,0.6920480549199085,2.6920480549199084,2,815,8,4,4,4,4,0,0,0,0,0.013335240274599099,0.007788461538461525,0.0,0.50782967032967,1.0,4,True,78,0.04806338028169014,0.9211267605633814,0.6585915492957747,3.890510563380282,35,65.0,54.0,0.046153846153846156,0.12307692307692308,0.24645788980805483,0.07971486930737728,0.23093956043956038,0.004667334096109684,0.0750475352112676,0.060939560439560406,0.09999999999999999,0.02,0.05,0.0,0.0,0.08
0.361739,76,30993.425389,hard,0.4326945080091532,0.4326945080091532,0,759,6,2,4,2,4,0,0,0,2,0.007122425629290543,0.012774725274725283,0.010499999999999546,0.26112637362637303,0.08749999999999955,2,False,96,0.059154929577464786,0.9154929577464813,0.5214647887323942,1.0435211267605633,24,65.0,50.0,0.07692307692307693,0.18461538461538463,0.29009774768186847,0.034859046153350295,0.050085164835164724,0.00249284897025169,0.0923661971830986,0.03133516483516476,0.008749999999999956,0.01,0.0,0.0,0.06,0.08
2.701056,78,31030.041335,hard,0.5426659038901601,2.54266590389016,2,775,8,4,4,4,4,0,0,0,0,0.009490846681922224,0.022788461538461605,0.0,0.39640109890109787,1.0,3,True,127,0.0913556338028169,0.9366760563380286,0.7366197183098591,2.3216901408450705,41,65.0,48.0,0.046153846153846156,0.13846153846153847,0.13491422385153698,0.10332179633867278,0.21256813186813173,0.003321796338672778,0.1,0.04756813186813174,0.1,0.015,0.05,0.0,0.0,0.08
0.45318,90,31071.467404,hard,0.42208237986270025,0.42208237986270025,0,892,8,4,4,4,4,0,0,0,0,0.03140732265446233,0.02527472527472527,0.0,0.4208791208791196,0.238,3,False,174,0.1497887323943662,0.9307887323943662,0.7715774647887322,2.052042253521127,30,65.0,50.0,0.046153846153846156,0.13846153846153847,0.1956217818146278,0.11099256292906182,0.08930549450549437,0.010992562929061816,0.1,0.05050549450549436,0.0238,0.015,0.0,0.0,0.0,0.08
2.785579,81,31110.407534,hard,0.5967105263157896,2.5967105263157895,2,808,8,4,4,4,4,0,0,0,0,0.06151029748283722,0.04932692307692336,0.12179999999999858,0.5261675824175803,0.9999999999999963,3,True,151,0.10559859154929578,0.9341971830985916,0.7529577464788731,1.5637852112676056,36,65.0,55.0,0.046153846153846156,0.1076923076923077,0.16676100196548832,0.12152860411899304,0.22814010989010924,0.021528604118993027,0.1,0.06314010989010962,0.09999999999999964,0.015,0.05,0.0,0.0,0.08
0.397229,75,31144.299692,hard,0.4098512585812357,0.4098512585812357,0,744,7,3,4,3,4,0,0,0,1,0.008649885583524048,0.020769230769230818,0.0,0.4895879120879112,0.0,2,False,90,0.07455985915492958,0.9154929577464805,0.6225352112676054,0.6734330985915493,25,65.0,47.0,0.046153846153846156,0.13846153846153847,0.13491422385153698,0.07302745995423342,0.06875054945054934,0.0030274599542334164,0.1,0.05875054945054935,0.0,0.01,0.0,0.0,0.03,0.08
2.798327,75,31187.779152,hard,0.6029919908466819,2.602991990846682,2,750,8,4,4,4,4,0,0,0,0,0.05298054919908403,0.010096153846153958,0.19389999999999588,0.5287499999999995,0.9999999999999961,4,True,92,0.0697887323943662,0.9663943661971821,0.7089859154929575,2.746426056338028,32,65.0,51.0,0.046153846153846156,0.13846153846153847,0.22338824700260326,0.11688474151545407,0.23344999999999955,0.01854319221967941,0.09834154929577466,0.06344999999999992,0.09999999999999962,0.02,0.05,0.0,0.0,0.08
0.44153,79,31224.509367,hard,0.4162356979405033,0.4162356979405033,0,785,8,4,4,4,4,0,0,0,0,0.011172768878718433,0.0,0.019599999999999153,0.4699175824175824,0.08493333333333249,3,False,170,0.1582218309859155,0.9801408450704238,0.6507323943661968,1.7518485915492958,20,65.0,45.0,0.06153846153846154,0.16923076923076924,0.16676100196548832,0.10391046910755146,0.07988344322344314,0.003910469107551451,0.1,0.05639010989010988,0.008493333333333249,0.015,0.0,0.0,0.0,0.08
2.65736,77,31260.149149,hard,0.5139588100686499,2.51395881006865,2,764,8,4,4,4,4,0,0,0,0,0.0014416475972540037,0.0,0.008399999999999994,0.3274725274725275,0.9999999999999997,2,True,169,0.15434859154929578,0.9423098591549299,0.771605633802817,2.219225352112676,44,65.0,51.0,0.03076923076923077,0.09230769230769231,0.13491422385153698,0.1005045766590389,0.1992967032967033,0.0005045766590389013,0.1,0.039296703296703296,0.09999999999999998,0.01,0.05,0.0,0.0,0.08
0.269459,78,31296.08864,hard,0.2654462242562929,0.2654462242562929,0,778,8,4,4,4,4,0,0,0,0,0.0,0.0,0.0,0.3901098901098901,0.0,3,False,144,0.1280281690140845,0.9598309859154929,0.7558028169014088,2.4997535211267605,37,65.0,45.0,0.06153846153846154,0.15384615384615385,0.19753023273471912,0.1,0.06181318681318681,0.0,0.1,0.04681318681318681,0.0,0.015,0.0,0.0,0.0,0.08
2.589259,75,31332.586302,hard,0.5035469107551488,2.5035469107551487,2,750,6,2,4,2,4,0,0,0,2,0.012614416475972102,0.0,0.07349999999999746,0.30247252747252745,0.9999999999999994,2,True,161,0.11066901408450704,0.9291830985915501,0.7387042253521128,1.589330985915493,40,65.0,49.0,0.07692307692307693,0.16923076923076924,0.13491422385153698,0.04441504576659025,0.1962967032967033,0.004415045766590235,0.1,0.036296703296703293,0.09999999999999998,0.01,0.05,0.0,0.06,0.08
2.868805,85,31371.911539,hard,0.6604118993135012,2.6604118993135013,2,844,8,4,4,4,4,0,0,0,0,0.046567505720823285,0.03565934065934074,0.0,0.6791208791208774,1.0,5,True,164,0.14035211267605635,0.9688169014084536,0.6532676056338024,1.5870774647887325,22,65.0,57.0,0.046153846153846156,0.13846153846153847,0.1956217818146278,0.11629862700228816,0.2564945054945053,0.01629862700228815,0.1,0.08149450549450528,0.1,0.025,0.05,0.0,0.0,0.08
0.504472,80,31419.857939,hard,0.49459382151029746,0.49459382151029746,0,793,8,4,4,4,4,0,0,0,0,0.0013215102974828195,0.0031730769230768796,0.0,0.4458104395604395,0.0,4,False,96,0.06295774647887324,0.9285633802816902,0.7569577464788733,2.964366197183099,33,65.0,52.0,0.06153846153846154,0.12307692307692308,0.22338824700260326,0.09568083846327392,0.07349725274725274,0.0004625286041189868,0.09521830985915494,0.05349725274725274,0.0,0.02,0.0,0.0,0.0,0.08
0.335111,80,31458.335612,hard,0.3399313501144165,0.3399313501144165,0,799,8,4,4,4,4,0,0,0,0,0.018501144164759783,0.011538461538461565,0.0,0.3217032967032962,0.0,2,False,126,0.11147887323943662,0.9360000000000026,0.6206478873239438,0.9445950704225352,24,65.0,50.0,0.07692307692307693,0.15384615384615385,0.16676100196548832,0.10647540045766593,0.048604395604395556,0.0064754004576659235,0.1,0.038604395604395554,0.0,0.01,0.0,0.0,0.0,0.08
0.516756,92,31504.386511,hard,0.47445080091533176,0.47445080091533176,0,920,8,4,4,4,4,0,0,0,0,0.03411899313501124,0.025673076923077097,0.0,0.6446978021978009,0.0,5,False,271,0.2101056338028169,0.9446760563380298,0.7278873239436617,1.0556161971830986,36,65.0,48.0,0.06153846153846154,0.15384615384615385,0.1145020974334985,0.11194164759725395,0.1023637362637361,0.011941647597253933,0.1,0.07736373626373609,0.0,0.025,0.0,0.0,0.0,0.08
2.697175,81,31545.665407,hard,0.5426487414187643,2.5426487414187644,2,802,8,4,4,4,4,0,0,0,0,0.02799199084668148,0.0014423076923077084,0.15959999999999738,0.39635989010989003,0.9999999999999959,3,True,96,0.059154929577464786,0.9275774647887322,0.8345070422535205,1.8739964788732395,30,65.0,55.0,0.06153846153846154,0.13846153846153847,0.05733775266807337,0.10216339397943712,0.21256318681318642,0.009797196796338517,0.0923661971830986,0.04756318681318681,0.09999999999999962,0.015,0.05,0.0,0.0,0.08
0.234208,73,31580.952277,hard,0.380720823798627,0.380720823798627,0,722,4,0,4,0,4,0,0,0,4,0.0,0.0,0.0,0.1723901098901099,0.0,1,False,107,0.06894366197183098,0.923605633802819,0.6602816901408448,1.942975352112676,21,65.0,49.0,0.046153846153846156,0.13846153846153847,0.15610566617587138,-0.01999999999999999,0.025686813186813186,0.0,0.1,0.020686813186813185,0.0,0.005,0.0,0.0,0.12,0.08
0.38962,81,31621.619634,hard,0.3788329519450801,0.3788329519450801,0,805,8,4,4,4,4,0,0,0,0,0.01849542334096122,0.044409340659340955,0.0,0.4151098901098892,0.0,3,False,142,0.12515845070422535,0.9436619718309882,0.5920281690140842,0.8355457746478874,29,65.0,51.0,0.06153846153846154,0.15384615384615385,0.19172340579500008,0.10647339816933643,0.0648131868131867,0.006473398169336428,0.1,0.049813186813186694,0.0,0.015,0.0,0.0,0.0,0.08
2.747338,81,31661.443482,hard,0.5790617848970252,2.579061784897025,2,807,8,4,4,4,4,0,0,0,0,0.015617848970251043,0.0,0.09099999999999608,0.4837912087912088,1.0,4,True,89,0.06794014084507043,0.9179718309859174,0.7411830985915503,4.030827464788732,29,65.0,54.0,0.06153846153846154,0.15384615384615385,0.2783171932701801,0.10092135277339068,0.22805494505494506,0.005466247139587864,0.09545510563380281,0.05805494505494506,0.09999999999999999,0.02,0.05,0.0,0.0,0.08
