#{"t_start": 1779208300.3078847, "env_id": "None"}
r,l,t,profile,damage_pct,score,stars,ticks_elapsed,spell_casts,rage_casts,freeze_casts,useful_rage_casts,useful_freeze_casts,wasted_spell_casts,wasted_rage_casts,wasted_freeze_casts,spells_remaining,rage_bonus_damage_pct,rage_bonus_defense_damage_pct,rage_bonus_townhall_damage_pct,defense_damage_pct,townhall_damage_pct,defenses_destroyed,townhall_destroyed,frozen_threat_ticks,frozen_threat_damage_pct,troop_damage_taken_pct,splash_damage_taken_pct,splash_cluster_risk_pct,multi_hit_splash_events,deployments,deployment_unique_cells,deployment_top_cell_fraction,deployment_top3_cell_fraction,deployment_quadrant_entropy,spell_shaping_reward_total,objective_shaping_reward_total,rage_effect_reward_total,freeze_effect_reward_total,defense_damage_reward_total,townhall_damage_reward_total,defense_destroy_reward_total,townhall_destroy_reward_total,wasted_spell_penalty_total,unused_spell_penalty_total,splash_risk_penalty_total
2.781279,78,50.680729,hard,0.5962242562929062,2.5962242562929063,2,776,8,4,4,4,4,0,0,0,0,0.02758581235697858,0.012870879120879138,0.1294999999999949,0.5249999999999995,0.9999999999999996,4,True,112,0.08845070422535212,0.9460845070422546,0.8638873239436619,2.952323943661972,43,65.0,45.0,0.07692307692307693,0.16923076923076924,0.09911748204888313,0.1096550343249425,0.23299999999999987,0.009655034324942502,0.1,0.06299999999999992,0.09999999999999996,0.02,0.05,0.0,0.0,0.08
2.718744,82,94.611218,hard,0.5600114416475973,2.5600114416475974,2,813,8,4,4,4,4,0,0,0,0,0.025949656750571867,0.010673076923076978,0.0,0.4245879120879116,1.0,2,True,114,0.07897887323943661,0.929239436619718,0.6880563380281689,3.724119718309859,26,65.0,44.0,0.06153846153846154,0.15384615384615385,0.3189954002702487,0.10908237986270015,0.21095054945054942,0.009082379862700152,0.1,0.05095054945054938,0.1,0.01,0.05,0.0,0.0,0.08
0.534279,82,138.002976,hard,0.4821453089244848,0.4821453089244848,0,816,8,4,4,4,4,0,0,0,0,0.0403203661327226,0.02527472527472527,0.04829999999999792,0.5653846153846142,0.2372999999999979,4,False,75,0.0673943661971831,0.96230985915493,0.6655774647887321,1.6211795774647888,35,65.0,55.0,0.06153846153846154,0.12307692307692308,0.1956217818146278,0.10215790279434023,0.11157615384615349,0.014112128146452909,0.08804577464788732,0.0678461538461537,0.023729999999999793,0.02,0.0,0.0,0.0,0.08
2.772388,84,180.434202,hard,0.5982265446224256,2.5982265446224257,2,831,8,4,4,4,4,0,0,0,0,0.010526315789473682,0.02527472527472527,0.0,0.5298076923076911,1.0,4,True,119,0.10316901408450704,0.9444788732394364,0.7743380281690138,4.6358098591549295,38,65.0,44.0,0.06153846153846154,0.16923076923076924,0.16676100196548832,0.1036842105263158,0.2335769230769229,0.003684210526315788,0.1,0.06357692307692292,0.09999999999999999,0.02,0.05,0.0,0.0,0.08
2.71895,79,220.060072,hard,0.5564645308924485,2.5564645308924483,2,786,8,4,4,4,4,0,0,0,0,0.012974828375286105,0.02509615384615401,0.014699999999999979,0.4295329670329658,0.9999999999999994,3,True,159,0.09797535211267605,0.9839718309859153,0.739014084507042,2.764031690140845,20,65.0,43.0,0.06153846153846154,0.15384615384615385,0.05733775266807337,0.10454118993135014,0.21654395604395582,0.004541189931350136,0.1,0.05154395604395589,0.09999999999999994,0.015,0.05,0.0,0.0,0.08
0.272268,79,258.143523,hard,0.2432437070938214,0.2432437070938214,0,787,8,4,4,4,4,0,0,0,0,0.0057665903890158215,0.005480769230769119,0.0,0.41318681318681316,0.0,3,False,84,0.05176056338028169,0.9605633802816931,0.5246197183098585,0.19848591549295774,11,65.0,54.0,0.13846153846153847,0.2,0.8203882997888672,0.08283872917136681,0.06458241758241759,0.002018306636155537,0.08082042253521127,0.04958241758241758,0.0,0.015,0.0,0.0,0.0,0.039697183098591556
2.766822,78,304.246095,hard,0.5882151029748284,2.5882151029748286,2,779,8,4,4,4,4,0,0,0,0,0.016613272311212894,0.03989010989011008,0.0,0.5057692307692288,1.0,4,True,154,0.09598591549295775,0.9549295774647892,0.8023943661971839,3.368151408450704,33,65.0,49.0,0.06153846153846154,0.13846153846153847,0.13491422385153698,0.10581464530892452,0.23069230769230742,0.005814645308924513,0.1,0.060692307692307434,0.1,0.02,0.05,0.0,0.0,0.08
0.170892,71,338.644801,hard,0.2986098398169337,0.2986098398169337,0,702,6,4,2,4,2,0,0,0,2,0.0020423340961098625,0.004903846153846208,0.0,0.2224862637362635,0.0,1,False,46,0.03609154929577465,0.944788732394367,0.7096338028169011,1.545880281690141,27,65.0,40.0,0.07692307692307693,0.18461538461538463,0.15610566617587138,-0.009216521094530562,0.03169835164835163,0.0007148169336384518,0.050068661971830984,0.02669835164835163,0.0,0.005,0.0,0.0,0.06,0.08
1.826599,80,376.300751,hard,0.6979633867276879,1.6979633867276878,1,795,8,4,4,4,4,0,0,0,0,0.03657894736842004,0.0028846153846152603,0.15679999999999442,0.6223901098901103,0.7564666666666598,5,False,107,0.09639084507042253,0.9533239436619734,0.7659999999999996,1.9614260563380281,27,65.0,44.0,0.09230769230769231,0.2153846153846154,0.09911748204888313,0.11280263157894702,0.17533347985347927,0.012802631578947015,0.1,0.07468681318681325,0.07564666666666602,0.025,0.0,0.0,0.0,0.08
0.559814,80,414.006075,hard,0.4777517162471386,0.4777517162471386,0,800,8,4,4,4,4,0,0,0,0,0.026550343249426907,0.002307692307692333,0.14909999999999404,0.2902197802197801,0.8794333333333268,2,False,96,0.1115492957746479,0.9332112676056338,0.8027887323943662,1.3889260563380281,40,65.0,45.0,0.07692307692307693,0.16923076923076924,0.15610566617587138,0.10929262013729941,0.1327697069597063,0.009292620137299415,0.1,0.034826373626373607,0.0879433333333327,0.01,0.0,0.0,0.0,0.08
1.654577,84,453.492357,hard,0.5664073226544609,1.5664073226544608,1,837,8,4,4,4,4,0,0,0,0,0.05225972540045626,0.0,0.1511999999999943,0.3901098901098901,0.7438666666666601,3,False,91,0.06917253521126761,0.9623098591549302,0.659971830985915,1.4641901408450704,11,65.0,34.0,0.07692307692307693,0.2153846153846154,0.15610566617587138,0.11567030529861039,0.13619985347985286,0.018290903890159686,0.09737940140845071,0.04681318681318682,0.07438666666666602,0.015,0.0,0.0,0.0,0.08
0.330482,83,492.385888,hard,0.32988558352402714,0.32988558352402714,0,826,8,4,4,4,4,0,0,0,0,0.020903890160182743,0.012692307692307832,0.0,0.3823351648351644,0.0,2,False,144,0.09908450704225352,0.9645915492957751,0.6089577464788731,1.1025704225352113,28,65.0,45.0,0.07692307692307693,0.2153846153846154,0.7181621903844653,0.10731636155606397,0.05588021978021973,0.007316361556063959,0.1,0.04588021978021973,0.0,0.01,0.0,0.0,0.0,0.08
2.686236,82,540.502919,hard,0.5049942791762013,2.504994279176201,2,814,8,4,4,4,4,0,0,0,0,0.00487986270022882,0.010851648351648358,0.0,0.5494505494505489,1.0,5,True,110,0.09077464788732395,0.9497464788732406,0.5931830985915489,0.9227992957746479,23,65.0,43.0,0.07692307692307693,0.18461538461538463,0.15610566617587138,0.10170795194508009,0.24093406593406586,0.0017079519450800868,0.1,0.06593406593406588,0.09999999999999999,0.025,0.05,0.0,0.0,0.08
0.497922,82,579.948056,hard,0.45223112128146453,0.45223112128146453,0,812,8,4,4,4,4,0,0,0,0,0.015858123569793797,0.020192307692307777,0.0,0.5067307692307682,0.20533333333333334,4,False,135,0.11975352112676056,0.934816901408451,0.774704225352113,1.9190140845070423,40,65.0,40.0,0.1076923076923077,0.24615384615384617,0.13491422385153698,0.10555034324942783,0.10134102564102551,0.005550343249427828,0.1,0.060807692307692174,0.020533333333333334,0.02,0.0,0.0,0.0,0.08
0.461071,78,617.219518,hard,0.4700572082379863,0.4700572082379863,0,779,7,3,4,3,4,0,0,0,1,0.006727688787185328,0.01615384615384609,0.0,0.5129945054945048,0.0,3,False,182,0.13834507042253522,0.9154929577464828,0.5908169014084506,1.1807218309859155,26,65.0,43.0,0.06153846153846154,0.15384615384615385,0.13491422385153698,0.07235469107551487,0.07655934065934056,0.002354691075514865,0.1,0.061559340659340565,0.0,0.015,0.0,0.0,0.03,0.08
0.325932,82,656.948519,hard,0.32871853546910756,0.32871853546910756,0,815,8,4,4,4,4,0,0,0,0,0.021264302059496216,0.025384615384615405,0.0,0.24670329670329577,0.11666666666666667,2,False,157,0.13003521126760564,0.9211267605633826,0.8026197183098601,1.1950704225352113,39,65.0,45.0,0.06153846153846154,0.16923076923076924,0.15610566617587138,0.10744250572082369,0.051271062271062165,0.007442505720823675,0.1,0.029604395604395494,0.011666666666666667,0.01,0.0,0.0,0.0,0.08
2.788403,96,703.437671,hard,0.6124027459954233,2.612402745995423,2,959,8,4,4,4,4,0,0,0,0,0.04068077803203614,0.027582417582417605,0.1658999999999971,0.5638461538461527,0.9999999999999959,4,True,103,0.0651056338028169,0.952225352112676,0.6966197183098589,1.9564260563380282,32,65.0,43.0,0.1076923076923077,0.2153846153846154,0.21291484811933445,0.11423827231121265,0.23766153846153792,0.014238272311212647,0.1,0.06766153846153831,0.0999999999999996,0.02,0.05,0.0,0.0,0.08
0.427614,79,741.827863,hard,0.4379004576659038,0.4379004576659038,0,785,8,4,4,4,4,0,0,0,0,0.0030034324942790854,0.007211538461538244,0.0,0.3096840659340656,0.0,2,False,168,0.13352112676056338,0.968676056338029,0.7434929577464794,1.5283450704225352,43,65.0,44.0,0.06153846153846154,0.18461538461538463,0.13491422385153698,0.10105120137299768,0.04716208791208788,0.00105120137299768,0.1,0.03716208791208788,0.0,0.01,0.0,0.0,0.0,0.08
0.332988,72,776.003967,hard,0.3582551487414187,0.3582551487414187,0,718,7,3,4,3,4,0,0,0,1,0.00756864988558349,0.018173076923076844,0.0,0.36570054945054864,0.0,2,False,117,0.1045774647887324,0.9195211267605636,0.7973521126760563,1.9434859154929578,43,65.0,41.0,0.1076923076923077,0.2153846153846154,0.13491422385153698,0.07264902745995423,0.05388406593406583,0.0026490274599542214,0.1,0.04388406593406583,0.0,0.01,0.0,0.0,0.03,0.08
0.441232,76,820.382613,hard,0.43935926773455375,0.43935926773455375,0,758,7,3,4,3,4,0,0,0,1,0.0012013729977116703,0.0028846153846153843,0.0,0.5604395604395603,0.0,4,False,101,0.10480633802816901,0.9550704225352111,0.7305633802816899,2.2141021126760565,34,65.0,43.0,0.09230769230769231,0.27692307692307694,0.05733775266807337,0.0704204805491991,0.08725274725274725,0.0004204805491990846,0.1,0.06725274725274724,0.0,0.02,0.0,0.0,0.03,0.08
1.567237,79,857.767229,hard,0.562929061784897,1.562929061784897,1,788,8,4,4,4,4,0,0,0,0,0.026046910755148683,0.0,0.0,0.6098901098901099,0.0,5,False,58,0.03573943661971831,0.9254084507042267,0.6375774647887323,1.7992957746478873,36,65.0,39.0,0.06153846153846154,0.16923076923076924,0.05733775266807337,0.06492099622909077,0.09818681318681316,0.009116418764302038,0.055804577464788736,0.07318681318681317,0.0,0.025,0.0,0.0,0.0,0.08
2.743434,80,894.917989,hard,0.5665160183066362,2.5665160183066362,2,798,8,4,4,4,4,0,0,0,0,0.04936498855835206,0.0020192307692307914,0.20433333333333364,0.4536675824175823,0.9999999999999961,3,True,144,0.11873239436619719,0.9460845070422532,0.8442253521126759,2.306830985915493,40,65.0,45.0,0.07692307692307693,0.16923076923076924,0.1145020974334985,0.11727774599542322,0.21944010989010948,0.017277745995423217,0.1,0.054440109890109875,0.09999999999999962,0.015,0.05,0.0,0.0,0.08
2.765259,77,931.298139,hard,0.5898627002288329,2.589862700228833,2,767,8,4,4,4,4,0,0,0,0,0.01693935926773463,0.0051923076923077495,0.0861000000000003,0.5097252747252745,0.9999999999999959,3,True,167,0.1192605633802817,0.9292394366197182,0.6957746478873241,2.2551232394366196,36,65.0,50.0,0.046153846153846156,0.13846153846153847,0.13491422385153698,0.10592877574370713,0.22616703296703256,0.005928775743707119,0.1,0.061167032967032936,0.09999999999999962,0.015,0.05,0.0,0.0,0.08
0.456757,75,966.550616,hard,0.41345537757437045,0.41345537757437045,0,750,8,4,4,4,4,0,0,0,0,0.009851258581235459,0.0,0.03639999999999843,0.3901098901098901,0.3303999999999984,3,False,129,0.10514084507042254,0.9767887323943651,0.7462535211267604,2.8407218309859155,30,65.0,37.0,0.12307692307692308,0.24615384615384617,0.15610566617587138,0.10344794050343241,0.09485318681318668,0.00344794050343241,0.1,0.04681318681318682,0.03303999999999985,0.015,0.0,0.0,0.0,0.08
0.36956,86,1006.504407,hard,0.3684210526315789,0.3684210526315789,0,853,8,4,4,4,4,0,0,0,0,0.013215102974828433,0.0,0.0,0.3901098901098901,0.0,3,False,96,0.10225352112676056,0.9648450704225345,0.7625352112676055,1.7495246478873239,44,65.0,49.0,0.046153846153846156,0.13846153846153847,0.09911748204888313,0.10462528604118995,0.061813186813186816,0.004625286041189951,0.1,0.046813186813186816,0.0,0.015,0.0,0.0,0.0,0.08
2.789248,79,1051.433041,hard,0.6004691075514874,2.600469107551487,2,789,8,4,4,4,4,0,0,0,0,0.03844393592677331,0.031153846153846323,0.0,0.5351923076923066,1.0,4,True,183,0.14276408450704225,0.9605633802816911,0.8338309859154927,2.4042957746478875,38,65.0,43.0,0.06153846153846154,0.18461538461538463,-0.0,0.11345537757437066,0.2342230769230768,0.01345537757437066,0.1,0.06422307692307679,0.1,0.02,0.05,0.0,0.0,0.08
2.803868,79,1088.366468,hard,0.6087185354691076,2.608718535469108,2,788,8,4,4,4,4,0,0,0,0,0.049570938215102306,0.037967032967033104,0.1966999999999958,0.5549999999999982,0.9999999999999959,4,True,169,0.14397887323943662,0.949295774647887,0.844056338028169,5.067288732394366,28,65.0,40.0,0.06153846153846154,0.16923076923076924,0.1145020974334985,0.11734982837528582,0.23659999999999937,0.017349828375285807,0.1,0.06659999999999978,0.09999999999999959,0.02,0.05,0.0,0.0,0.08
0.298788,79,1126.552119,hard,0.3123283752860413,0.3123283752860413,0,781,8,4,4,4,4,0,0,0,0,0.010572082379862801,0.025384615384615627,0.0,0.2988324175824169,0.0,1,False,128,0.09813380281690141,0.9341971830985923,0.5504507042253518,0.7041197183098592,22,65.0,45.0,0.13846153846153847,0.26153846153846155,0.13491422385153698,0.10370022883295199,0.04085989010989003,0.0037002288329519802,0.1,0.03585989010989003,0.0,0.005,0.0,0.0,0.0,0.08
0.460515,79,1162.503373,hard,0.41893592677345476,0.41893592677345476,0,783,8,4,4,4,4,0,0,0,0,0.03135583524027402,0.00951923076923077,0.09099999999999608,0.3315934065934062,0.4363333333333294,3,False,80,0.06730633802816902,0.9285633802816913,0.7758873239436627,1.288468309859155,36,65.0,44.0,0.1076923076923077,0.2153846153846154,0.05733775266807337,0.10145429585522267,0.09842454212454167,0.010974542334095906,0.09047975352112676,0.03979120879120874,0.04363333333333294,0.015,0.0,0.0,0.0,0.08
0.297684,75,1198.872318,hard,0.31129862700228833,0.31129862700228833,0,746,8,4,4,4,4,0,0,0,0,0.0018020594965675253,0.004326923076923124,0.0,0.2529532967032965,0.0,2,False,106,0.07292253521126761,0.956732394366198,0.6704225352112678,2.3847535211267608,27,65.0,42.0,0.1076923076923077,0.24615384615384617,0.43548460635507646,0.10063072082379863,0.04035439560439558,0.0006307208237986339,0.1,0.030354395604395585,0.0,0.01,0.0,0.0,0.0,0.08
2.832015,76,1234.006981,hard,0.6371510297482837,2.6371510297482836,2,751,8,4,4,4,4,0,0,0,0,0.014776887871853531,0.03548076923076919,0.0,0.6232692307692322,1.0,4,True,145,0.10244718309859155,0.9389014084507044,0.8492676056338028,4.064612676056338,41,65.0,40.0,0.1076923076923077,0.24615384615384617,0.05733775266807337,0.10517191075514874,0.24479230769230786,0.005171910755148736,0.1,0.07479230769230787,0.09999999999999999,0.02,0.05,0.0,0.0,0.08
2.837658,84,1272.477878,hard,0.6415903890160183,2.6415903890160184,2,839,8,4,4,4,4,0,0,0,0,0.030034324942791474,0.027403846153846206,0.0,0.6204670329670318,1.0,5,True,197,0.15413732394366197,0.9398309859154945,0.6098591549295774,2.8509683098591547,29,65.0,49.0,0.09230769230769231,0.16923076923076924,0.1956217818146278,0.11051201372997702,0.24945604395604382,0.010512013729977015,0.1,0.0744560439560438,0.1,0.025,0.05,0.0,0.0,0.08
0.383287,74,1315.292226,hard,0.419279176201373,0.419279176201373,0,733,6,2,4,2,4,0,0,0,2,0.0024027459954233674,0.005769230769230833,0.0,0.5122252747252745,0.0,3,False,144,0.12147887323943662,0.9267605633802823,0.7561126760563385,1.7616197183098592,40,65.0,42.0,0.09230769230769231,0.2,0.16676100196548832,0.04084096109839819,0.07646703296703294,0.0008409610983981786,0.1,0.06146703296703295,0.0,0.015,0.0,0.0,0.06,0.08
0.074517,73,1349.130329,hard,0.18738558352402745,0.18738558352402745,0,724,5,1,4,1,4,0,0,0,3,0.000600686498855842,0.0014423076923077084,0.0,0.20267857142857137,0.0,1,False,167,0.1236443661971831,0.9348169014084522,0.8811267605633815,0.5538908450704225,23,65.0,42.0,0.07692307692307693,0.18461538461538463,0.3249387093201824,0.010210240274599547,0.029321428571428564,0.00021024027459954467,0.1,0.024321428571428563,0.0,0.005,0.0,0.0,0.09,0.08
0.312198,80,1385.604215,hard,0.3010869565217391,0.3010869565217391,0,797,8,4,4,4,4,0,0,0,0,0.0257093821510296,0.016442307692307822,0.0,0.3901098901098893,0.0,3,False,168,0.14661971830985915,0.9629859154929579,0.749070422535211,1.2256161971830986,32,65.0,48.0,0.06153846153846154,0.16923076923076924,-0.0,0.10899828375286036,0.06181318681318672,0.00899828375286036,0.1,0.04681318681318672,0.0,0.015,0.0,0.0,0.0,0.08
2.90067,89,1426.378975,hard,0.6866361556064073,2.6866361556064073,2,884,8,4,4,4,4,0,0,0,0,0.03823798627002291,0.0011538461538461043,0.0,0.742087912087912,1.0,6,True,154,0.13253521126760565,0.9463380281690151,0.7021126760563383,2.345369718309859,29,65.0,46.0,0.09230769230769231,0.2,0.13491422385153698,0.11338329519450802,0.2690505494505494,0.013383295194508017,0.1,0.08905054945054941,0.1,0.030000000000000002,0.05,0.0,0.0,0.08
0.546406,77,1460.98501,hard,0.49259725400457677,0.49259725400457677,0,761,8,4,4,4,4,0,0,0,0,0.020903890160183212,0.05019230769230804,0.0,0.6882692307692324,0.0,4,False,120,0.08704225352112677,0.9179718309859183,0.5767323943661968,1.6630105633802816,30,65.0,46.0,0.07692307692307693,0.16923076923076924,0.21291484811933445,0.10731636155606412,0.1025923076923079,0.007316361556064125,0.1,0.0825923076923079,0.0,0.02,0.0,0.0,0.0,0.08
0.40814,77,1497.091362,hard,0.38592105263157894,0.38592105263157894,0,762,8,4,4,4,4,0,0,0,0,0.0330377574370707,0.029423076923077135,0.0,0.4321291208791195,0.0,3,False,116,0.09929577464788733,0.9420563380281695,0.7514647887323944,2.46137323943662,33,65.0,46.0,0.07692307692307693,0.18461538461538463,0.13491422385153698,0.11156321510297475,0.06685549450549434,0.011563215102974742,0.1,0.05185549450549434,0.0,0.015,0.0,0.0,0.0,0.08
0.393756,79,1541.172502,hard,0.379233409610984,0.379233409610984,0,789,8,4,4,4,4,0,0,0,0,0.02426773455377586,0.031153846153846323,0.0,0.4160714285714283,0.0,3,False,146,0.12487676056338028,0.9509295774647908,0.7429295774647894,1.4391725352112676,33,65.0,46.0,0.07692307692307693,0.16923076923076924,0.13491422385153698,0.10849370709382156,0.06492857142857139,0.00849370709382155,0.1,0.0499285714285714,0.0,0.015,0.0,0.0,0.0,0.08
0.271317,75,1576.171223,hard,0.359616704805492,0.359616704805492,0,743,5,1,4,1,4,0,0,0,3,0.004925629290617832,0.011826923076923035,0.0,0.3689697802197797,0.0,2,False,98,0.09204225352112676,0.9454647887323965,0.7347323943661974,1.4139788732394367,34,65.0,43.0,0.09230769230769231,0.2153846153846154,0.09911748204888313,0.011723970251716245,0.05427637362637358,0.0017239702517162407,0.1,0.04427637362637358,0.0,0.01,0.0,0.0,0.09,0.08
0.102044,71,1608.696222,hard,0.2232837528604119,0.2232837528604119,0,705,5,1,4,1,4,0,0,0,3,0.00420480549199085,0.010096153846153854,0.0,0.28887362637362596,0.0,2,False,76,0.04683098591549296,0.9864507042253532,0.8433239436619716,0.9870598591549296,34,65.0,33.0,0.07692307692307693,0.23076923076923078,0.15610566617587138,-0.015405078641183484,0.04466483516483512,0.0014716819221967975,0.07312323943661972,0.034664835164835116,0.0,0.01,0.0,0.0,0.09,0.08
1.636179,81,1645.623442,hard,0.5687070938215103,1.5687070938215104,1,802,8,4,4,4,4,0,0,0,0,0.03425629290617802,0.013598901098901106,0.0,0.41318681318681255,0.511,3,False,142,0.0875,0.9384788732394366,0.6936901408450703,1.7427992957746479,42,65.0,38.0,0.1076923076923077,0.23076923076923078,0.19172340579500008,0.11198970251716231,0.11568241758241753,0.01198970251716231,0.1,0.049582417582417514,0.051100000000000007,0.015,0.0,0.0,0.0,0.08
1.611993,83,1682.690732,hard,0.5263443935926767,1.5263443935926766,1,825,8,4,4,4,4,0,0,0,0,0.02582951945080028,0.0,0.1504999999999963,0.2563186813186813,0.9834999999999935,2,False,125,0.07702464788732394,0.9429859154929601,0.5592394366197182,1.5994366197183099,29,65.0,46.0,0.046153846153846156,0.13846153846153847,0.16676100196548832,0.10904033180778011,0.13910824175824113,0.009040331807780098,0.1,0.03075824175824176,0.09834999999999935,0.01,0.0,0.0,0.0,0.08
1.637956,83,1720.727706,hard,0.538072082379862,1.5380720823798621,1,821,8,4,4,4,4,0,0,0,0,0.02390732265446171,0.024230769230769385,0.08049999999999652,0.49999999999999883,0.7361666666666632,4,False,87,0.10109154929577464,0.9323943661971833,0.7812394366197187,2.0908274647887324,40,65.0,44.0,0.046153846153846156,0.13846153846153847,0.05733775266807337,0.1083675629290616,0.1536166666666662,0.008367562929061597,0.1,0.05999999999999987,0.07361666666666633,0.02,0.0,0.0,0.0,0.08
2.789061,80,1757.586369,hard,0.6074370709382151,2.6074370709382153,2,794,8,4,4,4,4,0,0,0,0,0.013695652173913046,0.01240384615384619,0.04340000000000023,0.5519230769230764,0.9999999999999979,4,True,106,0.08221830985915493,0.9582816901408451,0.7344507042253522,4.320387323943662,34,65.0,52.0,0.07692307692307693,0.15384615384615385,0.16676100196548832,0.10479347826086957,0.23623076923076897,0.004793478260869566,0.1,0.06623076923076915,0.0999999999999998,0.02,0.05,0.0,0.0,0.08
0.394181,81,1803.791518,hard,0.3821967963386728,0.3821967963386728,0,804,8,4,4,4,4,0,0,0,0,0.018861556064073245,0.0051923076923077495,0.0,0.42318681318681295,0.0,3,False,168,0.14661971830985915,0.93574647887324,0.5825352112676057,1.1630281690140845,26,65.0,40.0,0.07692307692307693,0.2,0.2783171932701801,0.10660154462242565,0.06578241758241755,0.006601544622425635,0.1,0.050782417582417555,0.0,0.015,0.0,0.0,0.0,0.08
0.46442,76,1839.264036,hard,0.42584668192219677,0.42584668192219677,0,758,8,4,4,4,4,0,0,0,0,0.010812356979405038,0.01211538461538465,0.007699999999999668,0.5604395604395599,0.033366666666666336,4,False,124,0.10285211267605633,0.932591549295775,0.7799154929577464,1.515968309859155,40,65.0,43.0,0.07692307692307693,0.16923076923076924,0.24835065083211508,0.10378432494279177,0.09058941391941382,0.0037843249427917634,0.1,0.06725274725274719,0.0033366666666666336,0.02,0.0,0.0,0.0,0.08
0.457613,81,1876.017376,hard,0.4306064073226545,0.4306064073226545,0,801,8,4,4,4,4,0,0,0,0,0.020303203661326864,0.022211538461538595,0.0,0.4999999999999989,0.0,4,False,154,0.13637323943661972,0.9704788732394385,0.6139718309859151,1.427693661971831,25,65.0,41.0,0.1076923076923077,0.24615384615384617,0.1956217818146278,0.1071061212814644,0.07999999999999986,0.0071061212814644,0.1,0.05999999999999986,0.0,0.02,0.0,0.0,0.0,0.08
0.248765,76,1911.108507,hard,0.2788672768878718,0.2788672768878718,0,756,8,4,4,4,4,0,0,0,0,0.017597254004576568,0.010384615384615171,0.0,0.17508241758241713,0.0,1,False,97,0.05977112676056338,0.9254084507042265,0.8149859154929574,1.7638556338028168,41,65.0,50.0,0.046153846153846156,0.13846153846153847,0.19172340579500008,0.09948738397202435,0.02600989010989006,0.006159038901601799,0.09332834507042255,0.02100989010989006,0.0,0.005,0.0,0.0,0.0,0.08
0.477092,77,1948.53202,hard,0.4329290617848968,0.4329290617848968,0,763,8,4,4,4,4,0,0,0,0,0.02726544622425574,0.02335164835164835,0.025199999999998914,0.4999999999999989,0.10919999999999891,4,False,148,0.12558098591549297,0.9423098591549298,0.6820281690140845,0.860669014084507,28,65.0,41.0,0.09230769230769231,0.23076923076923078,0.05733775266807337,0.10954290617848951,0.09091999999999974,0.009542906178489508,0.1,0.059999999999999845,0.010919999999999892,0.02,0.0,0.0,0.0,0.08
0.547243,75,1983.017734,hard,0.4689187643020593,0.4689187643020593,0,743,8,4,4,4,4,0,0,0,0,0.012854691075514709,0.0,0.07489999999999904,0.2861263736263736,0.8378999999999968,2,False,140,0.12169014084507042,0.932394366197183,0.7321408450704222,1.7131514084507042,37,65.0,48.0,0.07692307692307693,0.16923076923076924,0.16676100196548832,0.10449914187643015,0.12812516483516453,0.004499141876430148,0.1,0.03433516483516484,0.08378999999999968,0.01,0.0,0.0,0.0,0.08
1.707652,82,2028.273895,hard,0.5876430205949649,1.5876430205949648,1,818,8,4,4,4,4,0,0,0,0,0.049050343249426955,0.021428571428571425,0.11199999999999517,0.6703296703296693,0.5973333333333285,5,False,97,0.06795774647887325,0.9485070422535204,0.6619999999999996,1.49931338028169,35,65.0,41.0,0.07692307692307693,0.2153846153846154,0.13491422385153698,0.11663592999645436,0.16517289377289315,0.01716762013729943,0.09946830985915493,0.08043956043956031,0.059733333333332854,0.025,0.0,0.0,0.0,0.08
0.389712,77,2062.8914,hard,0.3576659038901602,0.3576659038901602,0,765,8,4,4,4,4,0,0,0,0,0.012013729977116725,0.028846153846153893,0.0,0.5461538461538449,0.15866666666666668,4,False,82,0.05591549295774648,0.9391549295774656,0.7055774647887326,0.9926232394366197,41,65.0,48.0,0.046153846153846156,0.13846153846153847,0.09911748204888313,0.08714142521030072,0.10140512820512805,0.004204805491990852,0.08293661971830986,0.06553846153846138,0.015866666666666668,0.02,0.0,0.0,0.0,0.08
0.496929,82,2099.546806,hard,0.4538329519450801,0.4538329519450801,0,812,8,4,4,4,4,0,0,0,0,0.036779176201373144,0.03432692307692325,0.0,0.5951923076923059,0.0,4,False,93,0.07753521126760564,0.9670140845070442,0.7620563380281694,1.6110915492957747,42,65.0,47.0,0.046153846153846156,0.13846153846153847,0.05733775266807337,0.1128727116704806,0.09142307692307672,0.0128727116704806,0.1,0.07142307692307671,0.0,0.02,0.0,0.0,0.0,0.08
0.568822,79,2135.269547,hard,0.46899313501144163,0.46899313501144163,0,789,8,4,4,4,4,0,0,0,0,0.01693935926773466,0.04067307692307717,0.0,0.49999999999999806,0.728,4,False,144,0.1280281690140845,0.9154929577464794,0.6784225352112675,0.9300704225352112,24,65.0,47.0,0.06153846153846154,0.15384615384615385,0.2783171932701801,0.10592877574370714,0.15279999999999977,0.005928775743707129,0.1,0.059999999999999776,0.0728,0.02,0.0,0.0,0.0,0.08
2.833202,80,2171.580061,hard,0.6323798627002288,2.632379862700229,2,799,8,4,4,4,4,0,0,0,0,0.03515446224256264,0.02527472527472527,0.14349999999999807,0.6118131868131879,0.9999999999999959,5,True,192,0.1707042253521127,0.9420563380281685,0.7722535211267606,5.648556338028169,24,65.0,49.0,0.07692307692307693,0.16923076923076924,0.13491422385153698,0.11230406178489694,0.24841758241758216,0.012304061784896925,0.1,0.07341758241758255,0.09999999999999959,0.025,0.05,0.0,0.0,0.08
3.112117,100,2217.965106,hard,0.872883295194508,2.872883295194508,2,1000,8,4,4,4,4,0,0,0,0,0.060543478260868616,0.050467032967033164,0.23029999999999431,0.9420329670329755,0.9999999999999961,7,True,108,0.08542253521126761,0.9442535211267641,0.6790422535211271,2.1241725352112675,31,65.0,43.0,0.07692307692307693,0.2153846153846154,0.15610566617587138,0.12119021739130402,0.29804395604395667,0.021190217391304014,0.1,0.11304395604395705,0.09999999999999962,0.035,0.05,0.0,0.0,0.08
0.418986,76,2262.7661,hard,0.4705720823798627,0.4705720823798627,0,753,5,1,4,1,4,0,0,0,3,0.007929061784897008,0.019038461538461497,0.0,0.5911538461538467,0.0,4,False,165,0.14429577464788731,0.952535211267608,0.687859154929578,1.0000176056338028,33,65.0,44.0,0.046153846153846156,0.13846153846153847,-0.0,0.012775171624713963,0.09093846153846159,0.002775171624713953,0.1,0.07093846153846159,0.0,0.02,0.0,0.0,0.09,0.08
0.398506,80,2301.903341,hard,0.37803203661327234,0.37803203661327234,0,792,8,4,4,4,4,0,0,0,0,0.03637871853546923,0.03432692307692316,0.0,0.3939560439560424,0.04666666666666667,3,False,144,0.08873239436619719,0.9179718309859167,0.8041126760563383,1.6005985915492957,38,65.0,46.0,0.06153846153846154,0.18461538461538463,0.2682168686936459,0.11273255148741423,0.06694139194139173,0.012732551487414229,0.1,0.04727472527472507,0.004666666666666668,0.015,0.0,0.0,0.0,0.08
0.253552,74,2337.057008,hard,0.2654462242562929,0.2654462242562929,0,737,8,4,4,4,4,0,0,0,0,0.0,0.0,0.0,0.3901098901098901,0.0,3,False,74,0.057323943661971834,0.9323943661971853,0.5794366197183095,0.8710035211267606,21,65.0,44.0,0.07692307692307693,0.2,0.15610566617587138,0.07999295774647887,0.0618131868131868,0.0,0.07999295774647887,0.0468131868131868,0.0,0.015,0.0,0.0,0.0,0.08
0.548655,83,2374.879423,hard,0.4758237986270014,0.4758237986270014,0,822,8,4,4,4,4,0,0,0,0,0.030394736842104485,0.0,0.11479999999999504,0.3901098901098901,0.625799999999995,3,False,140,0.0993661971830986,0.9244788732394367,0.745774647887324,1.932693661971831,42,65.0,47.0,0.09230769230769231,0.2153846153846154,0.35367207465487155,0.11063815789473658,0.12439318681318633,0.01063815789473657,0.1,0.046813186813186816,0.06257999999999951,0.015,0.0,0.0,0.0,0.08
0.22201,73,2408.086168,hard,0.34433638443935927,0.34433638443935927,0,722,4,0,4,0,4,0,0,0,4,0.0,0.0,0.0,0.33228021978021977,0.0,2,False,106,0.07841549295774648,0.9267605633802826,0.6899436619718309,1.32125,32,65.0,39.0,0.07692307692307693,0.18461538461538463,0.05733775266807337,-0.01999999999999999,0.04987362637362637,0.0,0.1,0.03987362637362637,0.0,0.01,0.0,0.0,0.12,0.08
1.634707,78,2443.504387,hard,0.5412128146453081,1.5412128146453081,1,778,8,4,4,4,4,0,0,0,0,0.028592677345537217,0.03086538461538475,0.09169999999999605,0.6037500000000006,0.4883666666666627,4,False,168,0.14880281690140845,0.9154929577464802,0.7342816901408453,1.7498415492957746,37,65.0,43.0,0.12307692307692308,0.24615384615384617,0.05733775266807337,0.11000743707093803,0.1412866666666663,0.010007437070938024,0.1,0.07245000000000004,0.048836666666666285,0.02,0.0,0.0,0.0,0.08
0.483212,80,2480.307464,hard,0.4529977116704799,0.4529977116704799,0,792,8,4,4,4,4,0,0,0,0,0.04072654462242477,0.0,0.030799999999998672,0.3901098901098901,0.13346666666666535,3,False,73,0.08482394366197184,0.9494366197183092,0.610169014084507,1.9398415492957746,31,65.0,41.0,0.07692307692307693,0.2,0.3430042135170806,0.11425429061784867,0.07515985347985335,0.014254290617848664,0.1,0.04681318681318681,0.013346666666666535,0.015,0.0,0.0,0.0,0.08
0.408162,80,2525.006382,hard,0.39359267734553777,0.39359267734553777,0,795,8,4,4,4,4,0,0,0,0,0.014296338672768891,0.03432692307692311,0.0,0.45054945054944906,0.0,3,False,144,0.13183098591549297,0.9557464788732423,0.7405352112676059,1.2492605633802818,38,65.0,47.0,0.06153846153846154,0.13846153846153847,0.16676100196548832,0.10500371853546912,0.06906593406593389,0.005003718535469112,0.1,0.054065934065933886,0.0,0.015,0.0,0.0,0.0,0.08
2.717535,78,2560.147207,hard,0.5244851258581237,2.524485125858124,2,772,8,4,4,4,4,0,0,0,0,0.02356979405034335,0.04450549450549476,0.029333333333333354,0.5999999999999998,0.9999999999999987,4,True,192,0.1707042253521127,0.9517746478873258,0.7642253521126763,2.1085915492957747,39,65.0,45.0,0.1076923076923077,0.23076923076923078,0.09911748204888313,0.10824942791762018,0.24199999999999983,0.008249427917620173,0.1,0.07199999999999997,0.09999999999999987,0.02,0.05,0.0,0.0,0.08
2.598247,75,2593.91362,hard,0.5121567505720824,2.5121567505720823,2,750,6,2,4,2,4,0,0,0,2,0.006607551487414229,0.015865384615384715,0.0,0.3231456043956037,1.0,2,True,125,0.09285211267605634,0.921126760563381,0.8022816901408452,1.7287147887323944,31,65.0,44.0,0.07692307692307693,0.2,0.16676100196548832,0.04231264302059498,0.19877747252747247,0.00231264302059498,0.1,0.03877747252747244,0.09999999999999999,0.01,0.05,0.0,0.06,0.08
0.408118,78,2628.84554,hard,0.4313157894736839,0.4313157894736839,0,772,8,4,4,4,4,0,0,0,0,0.022105263157894427,0.0,0.0,0.3901098901098901,0.0,3,False,66,0.04193661971830986,0.929239436619719,0.7193802816901403,1.4525528169014084,33,65.0,38.0,0.1076923076923077,0.26153846153846155,0.13491422385153698,0.07218930689399544,0.0618131868131868,0.007736842105263049,0.06445246478873239,0.0468131868131868,0.0,0.015,0.0,0.0,0.0,0.08
2.777903,82,2665.545737,hard,0.605720823798627,2.605720823798627,2,812,8,4,4,4,4,0,0,0,0,0.03195652173913029,0.011538461538461666,0.037800000000000174,0.4766483516483512,0.9999999999999982,3,True,96,0.08366197183098592,0.9390985915492954,0.7579154929577466,3.671144366197183,39,65.0,40.0,0.1076923076923077,0.24615384615384617,0.09911748204888313,0.1111847826086956,0.22219780219780194,0.0111847826086956,0.1,0.057197802197802135,0.09999999999999983,0.015,0.05,0.0,0.0,0.08
2.704621,83,2703.864697,hard,0.5452517162471396,2.5452517162471398,2,829,8,4,4,4,4,0,0,0,0,0.025589244851258283,0.014999999999999961,0.0,0.4026098901098895,1.0,3,True,146,0.13369718309859155,0.9557464788732398,0.9008450704225353,3.745845070422535,41,65.0,54.0,0.07692307692307693,0.15384615384615385,0.2220630225397998,0.1089562356979404,0.21331318681318673,0.008956235697940398,0.1,0.04831318681318672,0.09999999999999999,0.015,0.05,0.0,0.0,0.08
1.917851,100,2757.575144,hard,0.7846167048054922,1.7846167048054922,1,1000,8,4,4,4,4,0,0,0,0,0.02981121281464542,0.014711538461538623,0.0,0.8508379120879146,0.707,6,False,190,0.14327464788732394,0.8903661971831008,0.695098591549296,1.344049295774648,41,65.0,42.0,0.09230769230769231,0.23076923076923078,0.15610566617587138,0.1104339244851259,0.20280054945054973,0.010433924485125898,0.1,0.10210054945054972,0.07070000000000001,0.030000000000000002,0.0,0.0,0.0,0.08
2.903763,87,2797.197589,hard,0.7125514874141877,2.7125514874141876,2,866,8,4,4,4,4,0,0,0,0,0.027499999999999747,0.0,0.022333333333333337,0.6098901098901099,0.9999999999999991,5,True,164,0.14197183098591548,0.9323943661971832,0.7634929577464789,5.932552816901408,36,65.0,41.0,0.07692307692307693,0.2,0.1956217818146278,0.10962499999999992,0.24818681318681313,0.00962499999999991,0.1,0.07318681318681321,0.09999999999999992,0.025,0.05,0.0,0.0,0.08
1.646436,75,2834.52228,hard,0.48402173913043484,1.484021739130435,1,748,8,4,4,4,4,0,0,0,0,0.01766018306636116,0.012115384615384656,0.004200000000000004,0.38361263736263684,0.9999999999999999,3,True,166,0.11538732394366197,0.9211267605633818,0.5949014084507042,1.2790669014084508,28,65.0,38.0,0.07692307692307693,0.2153846153846154,0.19172340579500008,0.10618106407322642,0.21103351648351643,0.006181064073226404,0.1,0.04603351648351642,0.09999999999999999,0.015,0.05,0.0,0.0,0.08
0.444324,81,2871.137749,hard,0.4217963386727689,0.4217963386727689,0,805,8,4,4,4,4,0,0,0,0,0.008649885583524078,0.02076923076923089,0.0,0.499999999999999,0.0,4,False,155,0.1277112676056338,0.9235492957746493,0.7491830985915492,1.6065845070422535,31,65.0,41.0,0.12307692307692308,0.24615384615384617,0.1145020974334985,0.10302745995423343,0.07999999999999989,0.003027459954233427,0.1,0.059999999999999894,0.0,0.02,0.0,0.0,0.0,0.08
0.29133,76,2905.308345,hard,0.30477688787185353,0.30477688787185353,0,755,8,4,4,4,4,0,0,0,0,0.02450800915331798,0.010096153846153958,0.0,0.23729395604395562,0.0,1,False,118,0.09420774647887324,0.9154929577464809,0.598901408450704,0.9428521126760563,25,65.0,45.0,0.07692307692307693,0.18461538461538463,0.16676100196548832,0.1085778032036613,0.033475274725274666,0.008577803203661295,0.1,0.028475274725274665,0.0,0.005,0.0,0.0,0.0,0.08
2.751369,86,2943.306901,hard,0.6243363844393591,2.624336384439359,2,857,8,4,4,4,4,0,0,0,0,0.014296338672768787,0.018461538461538557,0.02169999999999999,0.4999999999999991,0.9999999999999991,4,True,60,0.03697183098591549,0.9535211267605636,0.7916619718309854,2.3929401408450706,29,65.0,48.0,0.06153846153846154,0.15384615384615385,0.09911748204888313,0.0627325917749057,0.22999999999999982,0.005003718535469076,0.057728873239436616,0.059999999999999894,0.09999999999999994,0.02,0.05,0.0,0.0,0.08
2.820982,79,2986.972856,hard,0.6232151029748284,2.6232151029748283,2,790,8,4,4,4,4,0,0,0,0,0.04568649885583473,0.035274725274725464,0.18059999999999646,0.589807692307692,0.9999999999999959,4,True,178,0.14515845070422534,0.9267605633802816,0.7345633802816903,2.9582570422535213,28,65.0,39.0,0.07692307692307693,0.2,0.15610566617587138,0.11599027459954216,0.24077692307692267,0.01599027459954215,0.1,0.07077692307692304,0.09999999999999962,0.02,0.05,0.0,0.0,0.08
0.380013,78,3021.936722,hard,0.38355835240274594,0.38355835240274594,0,779,8,4,4,4,4,0,0,0,0,0.03532036613272283,0.02278846153846168,0.018199999999999213,0.39395604395604283,0.07886666666666588,3,False,60,0.05577464788732395,0.9332112676056344,0.8450985915492955,1.3837852112676057,49,65.0,32.0,0.13846153846153847,0.3076923076923077,0.1145020974334985,0.08419311406194593,0.07016139194139173,0.012362128146452989,0.07183098591549295,0.04727472527472515,0.007886666666666589,0.015,0.0,0.0,0.0,0.08
2.79273,81,3059.881851,hard,0.607837528604119,2.607837528604119,2,805,8,4,4,4,4,0,0,0,0,0.03375858123569702,0.0,0.18969999999999493,0.5298076923076923,0.999999999999997,4,True,230,0.1679225352112676,0.921126760563382,0.7376056338028176,1.8004401408450703,34,65.0,44.0,0.06153846153846154,0.16923076923076924,0.1145020974334985,0.11181550343249397,0.23357692307692274,0.011815503432493955,0.1,0.06357692307692306,0.0999999999999997,0.02,0.05,0.0,0.0,0.08
1.656764,79,3097.309844,hard,0.4850800915331808,1.4850800915331808,1,784,8,4,4,4,4,0,0,0,0,0.00024027459954232378,0.0,0.0,0.5,1.0,4,True,168,0.11661971830985915,0.968619718309859,0.7136056338028168,2.0018485915492956,35,65.0,44.0,0.07692307692307693,0.16923076923076924,0.24835065083211508,0.10008409610983982,0.22999999999999998,8.409610983981331e-05,0.1,0.05999999999999999,0.1,0.02,0.05,0.0,0.0,0.08
2.823707,73,3130.927495,hard,0.6556121281464531,2.655612128146453,2,729,7,3,4,3,4,0,0,0,1,0.0025228832951945356,0.006057692307692374,0.0,0.6675961538461549,1.0,4,True,144,0.11492957746478873,0.9229295774647882,0.7223380281690139,2.808943661971831,34,65.0,40.0,0.09230769230769231,0.23076923076923078,0.13491422385153698,0.07088300915331809,0.25011153846153855,0.0008830091533180874,0.1,0.08011153846153857,0.1,0.02,0.05,0.0,0.03,0.08
0.299734,74,3164.168244,hard,0.2952860411899313,0.2952860411899313,0,737,8,4,4,4,4,0,0,0,0,0.007929061784896996,0.019038461538461466,0.0,0.3781043956043948,0.0,2,False,148,0.13158450704225352,0.940450704225352,0.8582535211267605,0.8778521126760563,43,65.0,39.0,0.07692307692307693,0.18461538461538463,0.19172340579500008,0.10277517162471396,0.05537252747252738,0.0027751716247139484,0.1,0.04537252747252738,0.0,0.01,0.0,0.0,0.0,0.08
2.854792,81,3200.567668,hard,0.6961098398169336,2.6961098398169336,2,809,8,4,4,4,4,0,0,0,0,0.010286041189931372,0.02469780219780225,0.0,0.5494505494505483,1.0,5,True,78,0.04806338028169014,0.9323943661971819,0.6813521126760559,5.680387323943662,31,65.0,38.0,0.07692307692307693,0.2,0.05733775266807337,0.07864764962774358,0.2409340659340658,0.00360011441647598,0.0750475352112676,0.0659340659340658,0.09999999999999999,0.025,0.05,0.0,0.0,0.08
0.34803,76,3243.991987,hard,0.34580091533180757,0.34580091533180757,0,751,8,4,4,4,4,0,0,0,0,0.004324942791761827,0.0,0.025199999999998914,0.2907967032967033,0.10919999999999891,2,False,116,0.09767605633802817,0.9774647887323943,0.7783661971830985,2.303644366197183,33,65.0,39.0,0.07692307692307693,0.2153846153846154,0.05733775266807337,0.10151372997711665,0.05581560439560428,0.0015137299771166392,0.1,0.03489560439560439,0.010919999999999892,0.01,0.0,0.0,0.0,0.08
0.400126,75,3279.041965,hard,0.38965102974828375,0.38965102974828375,0,746,8,4,4,4,4,0,0,0,0,0.006127002288329552,0.014711538461538541,0.0,0.4410851648351642,0.0,2,False,130,0.11556338028169014,0.9364225352112676,0.8911267605633802,1.5594542253521126,44,65.0,35.0,0.1076923076923077,0.23076923076923078,0.09911748204888313,0.10214445080091535,0.06293021978021968,0.002144450800915343,0.1,0.05293021978021968,0.0,0.01,0.0,0.0,0.0,0.08
0.345083,79,3315.426239,hard,0.3466018306636156,0.3466018306636156,0,781,8,4,4,4,4,0,0,0,0,0.01729977116704807,0.00173076923076925,0.0,0.33771978021978016,0.0,2,False,224,0.18005281690140845,0.9357464788732396,0.8088732394366199,1.149982394366197,22,65.0,40.0,0.12307692307692308,0.27692307692307694,0.05733775266807337,0.10605491990846683,0.05052637362637361,0.006054919908466823,0.1,0.04052637362637361,0.0,0.01,0.0,0.0,0.0,0.08
0.442378,78,3353.351916,hard,0.41899313501144164,0.41899313501144164,0,780,8,4,4,4,4,0,0,0,0,0.0,0.0,0.0,0.5115384615384615,0.0,4,False,118,0.0868661971830986,0.9267605633802819,0.7059154929577459,0.9895950704225353,33,65.0,43.0,0.07692307692307693,0.18461538461538463,0.21291484811933445,0.1,0.0813846153846154,0.0,0.1,0.0613846153846154,0.0,0.02,0.0,0.0,0.0,0.08
2.812863,100,3403.483221,hard,0.6343821510297483,2.6343821510297483,2,1000,8,4,4,4,4,0,0,0,0,0.027105263157894917,0.04575549450549473,0.046900000000000254,0.6166208791208792,0.9999999999999978,5,True,144,0.11492957746478873,0.9165070422535223,0.7770985915492957,3.0078169014084506,26,65.0,45.0,0.06153846153846154,0.16923076923076924,0.2220630225397998,0.10948684210526323,0.2489945054945053,0.009486842105263219,0.1,0.0739945054945055,0.09999999999999978,0.025,0.05,0.0,0.0,0.08
2.740803,79,3443.536463,hard,0.5668878718535468,2.566887871853547,2,784,8,4,4,4,4,0,0,0,0,0.04400457665903801,0.02777472527472512,0.1889999999999949,0.45456043956043823,0.9999999999999971,4,True,96,0.059154929577464786,0.936676056338029,0.784957746478874,2.735369718309859,34,65.0,40.0,0.13846153846153847,0.27692307692307694,0.05733775266807337,0.1077677990137619,0.2245472527472523,0.015401601830663303,0.0923661971830986,0.054547252747252584,0.09999999999999971,0.02,0.05,0.0,0.0,0.08
0.288014,77,3490.203,hard,0.2717562929061779,0.2717562929061779,0,765,8,4,4,4,4,0,0,0,0,0.021985125858122997,0.0,0.0,0.3901098901098901,0.0,3,False,188,0.14204225352112676,0.9767887323943687,0.6205633802816897,0.38375,26,65.0,41.0,0.06153846153846154,0.15384615384615385,-0.0,0.10769479405034306,0.061813186813186816,0.007694794050343049,0.1,0.046813186813186816,0.0,0.015,0.0,0.0,0.0,0.07675
2.72479,81,3531.806242,hard,0.554862700228833,2.554862700228833,2,805,8,4,4,4,4,0,0,0,0,0.04098398169336403,0.041538461538461864,0.0,0.4256868131868111,1.0,3,True,163,0.14080985915492958,0.9323943661971849,0.7734084507042249,1.9100176056338027,33,65.0,42.0,0.09230769230769231,0.23076923076923078,0.05733775266807337,0.11434439359267741,0.21608241758241736,0.014344393592677406,0.1,0.05108241758241734,0.1,0.015,0.05,0.0,0.0,0.08
0.377939,79,3572.178359,hard,0.3675629290617849,0.3675629290617849,0,789,8,4,4,4,4,0,0,0,0,0.02132151029748289,0.0020192307692307914,0.0,0.39010989010989,0.0,3,False,122,0.10626760563380282,0.9526478873239437,0.758676056338028,2.1897711267605633,44,65.0,45.0,0.07692307692307693,0.2,0.13491422385153698,0.10746252860411902,0.06181318681318679,0.007462528604119012,0.1,0.04681318681318679,0.0,0.015,0.0,0.0,0.0,0.08
0.450714,80,3615.161011,hard,0.4238100686498848,0.4238100686498848,0,800,8,4,4,4,4,0,0,0,0,0.019462242562928327,0.004615384615384666,0.10219999999999559,0.31464285714285695,0.5058666666666622,2,False,82,0.05433098591549296,0.9325352112676062,0.823070422535211,1.652306338028169,39,65.0,43.0,0.1076923076923077,0.2,0.1145020974334985,0.08856002433364464,0.09834380952380906,0.006811784897024914,0.08174823943661973,0.037757142857142836,0.050586666666666225,0.01,0.0,0.0,0.0,0.08
0.297702,75,3654.71471,hard,0.28070366132723107,0.28070366132723107,0,746,8,4,4,4,4,0,0,0,0,0.009971395881006883,0.021923076923077055,0.004899999999999789,0.4112637362637352,0.03756666666666646,3,False,174,0.12031690140845071,0.9220000000000008,0.7986197183098596,0.7518309859154929,38,65.0,38.0,0.12307692307692308,0.3230769230769231,0.09911748204888313,0.10348998855835241,0.06810831501831485,0.003489988558352409,0.1,0.0493516483516482,0.003756666666666646,0.015,0.0,0.0,0.0,0.08
0.328596,77,3695.478748,hard,0.3394508009153318,0.3394508009153318,0,761,8,4,4,4,4,0,0,0,0,0.009244851258581214,0.022197802197802145,0.0,0.32054945054944967,0.0,2,False,80,0.07139084507042254,0.9380281690140875,0.6494929577464789,0.6947359154929578,29,65.0,38.0,0.07692307692307693,0.18461538461538463,0.05733775266807337,0.09677883174332032,0.04846593406593395,0.0032356979405034248,0.0935431338028169,0.038465934065933946,0.0,0.01,0.0,0.0,0.0,0.08
2.779669,100,3748.685704,hard,0.5738558352402746,2.5738558352402747,2,1000,8,4,4,4,4,0,0,0,0,0.07025171624713888,0.02940934065934047,0.23029999999999431,0.7185439560439565,0.9999999999999961,5,True,186,0.14746478873239435,0.9524507042253547,0.657746478873239,1.2751232394366196,31,65.0,48.0,0.1076923076923077,0.18461538461538463,0.2220630225397998,0.12458810068649862,0.26122527472527446,0.02458810068649861,0.1,0.08622527472527482,0.09999999999999962,0.025,0.05,0.0,0.0,0.08
0.385752,98,3808.277071,hard,0.3981350114416476,0.3981350114416476,0,977,8,4,4,4,4,0,0,0,0,0.010205949656750576,0.024505494505494513,0.0,0.4614560439560428,0.0,3,False,92,0.06049295774647887,0.940450704225356,0.6856901408450706,1.5168661971830986,29,65.0,47.0,0.09230769230769231,0.18461538461538463,0.05733775266807337,0.09494180068972186,0.07037472527472513,0.0035720823798627015,0.09136971830985915,0.055374725274725124,0.0,0.015,0.0,0.0,0.0,0.08
1.867735,85,3852.572022,hard,0.729319221967963,1.729319221967963,1,844,8,4,4,4,4,0,0,0,0,0.021939359267734156,0.02527472527472527,0.0664999999999977,0.6098901098901109,0.9694999999999971,5,False,96,0.10225352112676056,0.9356901408450701,0.7785352112676056,5.332570422535211,42,65.0,44.0,0.06153846153846154,0.15384615384615385,0.09911748204888313,0.10767877574370696,0.19513681318681303,0.007678775743706954,0.1,0.0731868131868133,0.09694999999999973,0.025,0.0,0.0,0.0,0.08
1.572787,79,3892.339218,hard,0.5143764302059497,1.5143764302059497,1,784,8,4,4,4,4,0,0,0,0,0.008409610983981734,0.02019230769230779,0.0,0.7405631868131886,0.0,5,False,246,0.19633802816901408,0.9372394366197195,0.7758873239436618,3.4205281690140845,36,65.0,43.0,0.07692307692307693,0.16923076923076924,0.05733775266807337,0.1029433638443936,0.11386758241758263,0.0029433638443936063,0.1,0.08886758241758262,0.0,0.025,0.0,0.0,0.0,0.08
2.833793,86,3936.46913,hard,0.6884439359267734,2.6884439359267733,2,854,8,4,4,4,4,0,0,0,0,0.018741418764301986,0.0,0.0,0.4991758241758242,1.0,4,True,74,0.04971830985915493,0.9641690140845083,0.7696901408450713,3.8110035211267608,33,65.0,47.0,0.07692307692307693,0.18461538461538463,0.2220630225397998,0.0808482289618719,0.2299010989010989,0.006559496567505695,0.0742887323943662,0.05990109890109889,0.1,0.02,0.05,0.0,0.0,0.08
2.732033,90,3981.850663,hard,0.5778604118993135,2.5778604118993136,2,891,8,4,4,4,4,0,0,0,0,0.0391647597253991,0.0,0.13859999999999426,0.4809065934065934,0.9999999999999997,4,True,81,0.05514084507042254,0.9497464788732407,0.5928169014084507,1.9553521126760562,28,65.0,51.0,0.046153846153846156,0.13846153846153847,0.16676100196548832,0.09556329970670659,0.22770879120879123,0.013707665903889684,0.08185563380281691,0.057708791208791216,0.09999999999999999,0.02,0.05,0.0,0.0,0.08
0.451101,75,4014.491751,hard,0.459954233409611,0.459954233409611,0,749,7,3,4,3,4,0,0,0,1,0.024628146453089327,0.019326923076923182,0.0,0.6098901098901113,0.0,5,False,69,0.046320422535211264,0.9444788732394384,0.7945633802816898,1.5984507042253522,36,65.0,41.0,0.06153846153846154,0.16923076923076924,0.05733775266807337,0.047860168159989724,0.09818681318681335,0.008619851258581264,0.06924031690140846,0.07318681318681335,0.0,0.025,0.0,0.0,0.03,0.08
1.668146,77,4062.398462,hard,0.4946681922196795,1.4946681922196796,1,767,8,4,4,4,4,0,0,0,0,0.0070823798627000795,0.01700549450549415,0.0,0.5284065934065927,1.0,4,True,98,0.060387323943661975,0.920450704225354,0.5896056338028166,1.1602640845070422,23,65.0,45.0,0.06153846153846154,0.16923076923076924,0.1145020974334985,0.09676932590969149,0.23340879120879116,0.0024788329519450283,0.09429049295774647,0.06340879120879113,0.1,0.02,0.05,0.0,0.0,0.08
2.752985,79,4101.308863,hard,0.584816933638444,2.584816933638444,2,789,8,4,4,4,4,0,0,0,0,0.00672768878718539,0.016153846153846237,0.0,0.49760989010988943,1.0,3,True,95,0.07544014084507042,0.9364225352112676,0.8442816901408449,2.7953169014084507,41,65.0,43.0,0.07692307692307693,0.18461538461538463,0.13491422385153698,0.1023546910755149,0.22471318681318675,0.0023546910755148863,0.1,0.05971318681318673,0.1,0.015,0.05,0.0,0.0,0.08
1.678563,80,4140.495037,hard,0.49741418764302064,1.4974141876430207,1,793,8,4,4,4,4,0,0,0,0,0.01785469107551499,0.016043956043956132,0.06510000000000045,0.5349999999999994,0.9999999999999967,4,True,147,0.10367957746478873,0.9454084507042262,0.7549295774647885,2.1314788732394367,42,65.0,46.0,0.06153846153846154,0.15384615384615385,0.09911748204888313,0.10624914187643025,0.23419999999999958,0.006249141876430245,0.1,0.06419999999999991,0.09999999999999967,0.02,0.05,0.0,0.0,0.08
0.387125,85,4183.112878,hard,0.37562929061784894,0.37562929061784894,0,843,8,4,4,4,4,0,0,0,0,0.034016018306636274,0.02480769230769247,0.0,0.4074175824175812,0.0,3,False,156,0.13732394366197184,0.9267605633802836,0.7688450704225351,1.5982394366197183,41,65.0,49.0,0.09230769230769231,0.18461538461538463,0.2220630225397998,0.1119056064073227,0.06389010989010974,0.011905606407322696,0.1,0.04889010989010973,0.0,0.015,0.0,0.0,0.0,0.08
1.581515,77,4220.618984,hard,0.5058180778032029,1.5058180778032029,1,765,8,4,4,4,4,0,0,0,0,0.03664187643020521,0.0,0.11689999999999572,0.4247252747252747,0.7165666666666616,3,False,82,0.05433098591549296,0.9380281690140846,0.6998873239436619,2.2813732394366197,32,65.0,41.0,0.12307692307692308,0.23076923076923078,0.27983052257308394,0.09457289618719154,0.13762369963369914,0.012824656750571822,0.08174823943661973,0.05096703296703297,0.07165666666666616,0.015,0.0,0.0,0.0,0.08
0.215606,73,4255.518444,hard,0.31630434782608696,0.31630434782608696,0,730,5,1,4,1,4,0,0,0,3,0.0014416475972540037,0.0034615384615384595,0.0,0.2649725274725273,0.0,2,False,106,0.08221830985915493,0.9303661971831013,0.6039718309859151,0.9738380281690141,23,65.0,44.0,0.09230769230769231,0.23076923076923078,0.19172340579500008,0.010504576659038908,0.041796703296703284,0.0005045766590389013,0.1,0.03179670329670328,0.0,0.01,0.0,0.0,0.09,0.08
2.778107,81,4302.448956,hard,0.5906178489702517,2.590617848970252,2,804,8,4,4,4,4,0,0,0,0,0.04715675057208251,0.04633241758241781,0.1623333333333335,0.5115384615384593,0.9999999999999996,4,True,120,0.10014084507042254,0.9364225352112675,0.8048169014084505,2.0782042253521125,37,65.0,47.0,0.09230769230769231,0.16923076923076924,0.13491422385153698,0.11650486270022889,0.23138461538461508,0.016504862700228877,0.1,0.06138461538461512,0.09999999999999996,0.02,0.05,0.0,0.0,0.08
0.276317,77,4340.971606,hard,0.30029176201373,0.30029176201373,0,762,8,4,4,4,4,0,0,0,0,0.0001201372997711684,0.0002884615384615417,0.0,0.22652472527472525,0.0,1,False,83,0.08334507042253521,0.9260845070422573,0.6132394366197186,1.4571830985915493,25,65.0,47.0,0.06153846153846154,0.18461538461538463,0.15610566617587138,0.10004204805491991,0.032182967032967025,4.2048054919908934e-05,0.1,0.027182967032967024,0.0,0.005,0.0,0.0,0.0,0.08
0.317417,80,4379.474393,hard,0.3281979405034324,0.3281979405034324,0,792,8,4,4,4,4,0,0,0,0,0.009130434782608334,0.005480769230768994,0.0,0.29353021978021954,0.0,2,False,119,0.0733274647887324,0.9211267605633809,0.7526197183098594,1.0302464788732395,41,65.0,45.0,0.06153846153846154,0.16923076923076924,0.05733775266807337,0.10319565217391292,0.04522362637362635,0.003195652173912917,0.1,0.035223626373626346,0.0,0.01,0.0,0.0,0.0,0.08
2.871057,80,4416.737878,hard,0.6952517162471396,2.6952517162471397,2,796,8,4,4,4,4,0,0,0,0,0.04763729977116673,0.02527472527472527,0.1343333333333336,0.5155219780219767,0.9999999999999961,4,True,83,0.06049295774647887,0.9285633802816917,0.7417464788732396,3.353098591549296,31,65.0,42.0,0.06153846153846154,0.16923076923076924,0.2220630225397998,0.10354277322976752,0.23186263736263685,0.016673054919908357,0.08686971830985915,0.06186263736263722,0.09999999999999962,0.02,0.05,0.0,0.0,0.08
0.258717,78,4454.677072,hard,0.2801487414187643,0.2801487414187643,0,779,8,4,4,4,4,0,0,0,0,0.028827231121281313,0.01758241758241759,0.0,0.1781593406593407,0.0,1,False,134,0.12595070422535212,0.9236056338028197,0.5452112676056334,1.2363380281690142,15,65.0,44.0,0.06153846153846154,0.16923076923076924,0.15610566617587138,0.11008953089244847,0.026379120879120886,0.010089530892448458,0.1,0.021379120879120885,0.0,0.005,0.0,0.0,0.0,0.08
2.804822,80,4494.011443,hard,0.6160869565217392,2.6160869565217393,2,793,8,4,4,4,4,0,0,0,0,0.04841533180777949,0.03000000000000027,0.20929999999999443,0.5726923076923062,0.9999999999999968,4,True,96,0.059154929577464786,0.9254084507042277,0.8140281690140857,1.3366901408450704,30,65.0,50.0,0.06153846153846154,0.16923076923076924,0.09911748204888313,0.10931156331582143,0.23872307692307643,0.01694536613272282,0.0923661971830986,0.06872307692307673,0.0999999999999997,0.02,0.05,0.0,0.0,0.08
2.975455,100,4550.409451,hard,0.7811212814645309,2.781121281464531,2,1000,8,4,4,4,4,0,0,0,0,0.022082379862700275,0.0,0.0,0.7217032967032967,1.0,6,True,121,0.09588028169014085,0.924676056338029,0.7472957746478873,3.366267605633803,27,65.0,48.0,0.07692307692307693,0.16923076923076924,0.19172340579500008,0.1077288329519451,0.26660439560439564,0.007728832951945095,0.1,0.08660439560439562,0.1,0.030000000000000002,0.05,0.0,0.0,0.08
2.717312,76,4585.462655,hard,0.5505949656750573,2.5505949656750575,2,752,8,4,4,4,4,0,0,0,0,0.02018306636155602,0.015576923076923212,0.0,0.41543956043955976,1.0,3,True,109,0.1086443661971831,0.9154929577464795,0.7909295774647893,3.4072535211267607,38,65.0,47.0,0.09230769230769231,0.16923076923076924,0.1956217818146278,0.10706407322654461,0.21485274725274717,0.007064073226544605,0.1,0.049852747252747166,0.1,0.015,0.05,0.0,0.0,0.08
1.69613,90,4628.008393,hard,0.6258009153318078,1.6258009153318078,1,892,8,4,4,4,4,0,0,0,0,0.013455377574370765,0.03230769230769244,0.0,0.6098901098901106,0.36633333333333334,5,False,188,0.14204225352112676,0.926028169014087,0.6967887323943661,2.2662147887323942,28,65.0,47.0,0.06153846153846154,0.15384615384615385,0.13491422385153698,0.10470938215102978,0.13482014652014662,0.004709382151029767,0.1,0.07318681318681328,0.03663333333333334,0.025,0.0,0.0,0.0,0.08
2.821089,85,4670.916843,hard,0.6350686498855835,2.6350686498855835,2,848,8,4,4,4,4,0,0,0,0,0.018935926773455448,0.04546703296703314,0.0,0.6182692307692286,1.0,4,True,107,0.08610915492957746,0.9211267605633846,0.5808450704225349,3.2444014084507042,22,65.0,47.0,0.07692307692307693,0.18461538461538463,0.21291484811933445,0.10662757437070941,0.24419230769230743,0.006627574370709406,0.1,0.07419230769230742,0.1,0.02,0.05,0.0,0.0,0.08
0.467286,78,4710.62891,hard,0.4392562929061785,0.4392562929061785,0,776,8,4,4,4,4,0,0,0,0,0.016098398169336475,0.025961538461538643,0.0,0.5601923076923064,0.0,4,False,83,0.06836267605633803,0.9807042253521132,0.8601408450704224,1.7089964788732395,48,65.0,40.0,0.07692307692307693,0.18461538461538463,0.05733775266807337,0.09840644640152127,0.08722307692307678,0.005634439359267766,0.0927720070422535,0.06722307692307677,0.0,0.02,0.0,0.0,0.0,0.08
0.321119,81,4750.952394,hard,0.33152173913043476,0.33152173913043476,0,802,8,4,4,4,4,0,0,0,0,0.020881006864988682,0.01730769230769245,0.0,0.2707417582417581,0.0,2,False,136,0.12091549295774648,0.9332112676056344,0.8429014084507043,1.1352816901408451,44,65.0,43.0,0.06153846153846154,0.16923076923076924,0.13491422385153698,0.10730835240274604,0.04248901098901097,0.007308352402746038,0.1,0.03248901098901097,0.0,0.01,0.0,0.0,0.0,0.08
0.439926,80,4789.800945,hard,0.42678489702517114,0.42678489702517114,0,791,8,4,4,4,4,0,0,0,0,0.025589244851258165,0.0,0.019599999999999153,0.3315934065934066,0.08493333333333249,3,False,120,0.08704225352112677,0.9366760563380293,0.6803380281690141,2.0424647887323943,31,65.0,45.0,0.06153846153846154,0.15384615384615385,0.05733775266807337,0.10895623569794036,0.06328454212454204,0.008956235697940356,0.1,0.039791208791208794,0.008493333333333249,0.015,0.0,0.0,0.0,0.08
0.234799,73,4833.47263,hard,0.3505663615560641,0.3505663615560641,0,726,5,1,4,1,4,0,0,0,3,0.0010812356979405153,0.0025961538461538747,0.0,0.3280082417582418,0.04666666666666667,2,False,67,0.05190140845070423,0.9441126760563405,0.6292957746478869,1.5557394366197184,35,65.0,52.0,0.06153846153846154,0.15384615384615385,0.4305334507589718,-0.017195511167692648,0.05402765567765568,0.00037843249427918035,0.07242605633802816,0.039360989010989014,0.004666666666666667,0.01,0.0,0.0,0.09,0.08
0.289352,77,4870.538592,hard,0.30870137299771166,0.30870137299771166,0,761,8,4,4,4,4,0,0,0,0,0.006127002288329508,0.014711538461538436,0.0,0.24671703296703232,0.0,1,False,152,0.1280281690140845,0.9154929577464814,0.6526478873239435,0.8584154929577464,27,65.0,45.0,0.07692307692307693,0.18461538461538463,0.09911748204888313,0.10214445080091533,0.034606043956043886,0.002144450800915328,0.1,0.029606043956043885,0.0,0.005,0.0,0.0,0.0,0.08
0.266128,86,4913.688812,hard,0.33244279176201375,0.33244279176201375,0,857,8,4,4,4,4,0,0,0,0,0.0030034324942792043,0.007211538461538529,0.0,0.3037225274725275,0.0,2,False,48,0.03718309859154929,0.9598873239436629,0.7007605633802814,2.2510387323943664,35,65.0,53.0,0.046153846153846156,0.13846153846153847,0.7671528950947821,0.0529385253166597,0.04644670329670331,0.0010512013729977216,0.051887323943661974,0.036446703296703305,0.0,0.01,0.0,0.0,0.0,0.08
2.780271,82,5035.678678,hard,0.5674485125858123,2.567448512585812,2,814,8,4,4,4,4,0,0,0,0,0.042408466819221315,0.021634615384615512,0.1945999999999959,0.7031593406593396,0.9999999999999959,5,True,174,0.15742957746478872,0.9380281690140849,0.7590985915492965,2.2154225352112675,41,65.0,41.0,0.12307692307692308,0.24615384615384617,0.09911748204888313,0.11484296338672746,0.25937912087912035,0.014842963386727458,0.1,0.08437912087912075,0.09999999999999962,0.025,0.05,0.0,0.0,0.08
2.81422,78,5231.827749,hard,0.642637299771167,2.642637299771167,2,777,8,4,4,4,4,0,0,0,0,0.025949656750571846,0.0066346153846154575,0.0,0.5325961538461536,1.0,4,True,68,0.06971830985915493,0.9526478873239431,0.6865352112676059,5.773732394366197,26,65.0,49.0,0.06153846153846154,0.15384615384615385,0.2220630225397998,0.09537111225706636,0.23391153846153845,0.009082379862700147,0.08628873239436621,0.06391153846153842,0.1,0.02,0.05,0.0,0.0,0.08
0.34718,87,5403.11243,hard,0.3684210526315789,0.3684210526315789,0,863,8,4,4,4,4,0,0,0,0,0.019942791762013565,0.0,0.0,0.3901098901098901,0.0,3,False,58,0.050809859154929575,0.9680000000000024,0.51481690140845,0.35420774647887326,19,65.0,40.0,0.12307692307692308,0.23076923076923078,0.6101373184712625,0.07408737148290193,0.06181318681318682,0.0069799771167047475,0.06710739436619718,0.04681318681318682,0.0,0.015,0.0,0.0,0.0,0.07084154929577464
0.223948,71,6020.951214,hard,0.35260869565217395,0.35260869565217395,0,703,6,4,2,4,2,0,0,0,2,0.004324942791762061,0.010384615384615499,0.0,0.3521428571428567,0.0,2,False,26,0.01982394366197183,0.9323943661971853,0.6211267605633802,0.7340845070422535,24,65.0,35.0,0.1076923076923077,0.27692307692307694,0.2894083110179803,-0.0306183122764044,0.0522571428571428,0.0015137299771167214,0.027867957746478874,0.0422571428571428,0.0,0.01,0.0,0.0,0.06,0.08
2.920119,83,6064.13011,hard,0.7205949656750572,2.7205949656750574,2,829,8,4,4,4,4,0,0,0,0,0.05216819221967982,0.040096153846154156,0.20666666666666697,0.5763736263736243,0.9999999999999961,5,True,108,0.08922535211267606,0.9380281690140869,0.7178591549295771,3.3022711267605636,31,65.0,47.0,0.07692307692307693,0.16923076923076924,0.1956217818146278,0.11825886727688795,0.24416483516483456,0.018258867276887938,0.1,0.0691648351648349,0.09999999999999963,0.025,0.05,0.0,0.0,0.08
2.811159,77,6104.494396,hard,0.624216247139588,2.624216247139588,2,763,8,4,4,4,4,0,0,0,0,0.013935926773455374,0.028269230769230984,0.0,0.5697115384615372,1.0,4,True,136,0.10017605633802817,0.9236056338028173,0.7261408450704224,2.9101760563380283,24,65.0,44.0,0.07692307692307693,0.2,0.16676100196548832,0.10487757437070938,0.23836538461538448,0.00487757437070938,0.1,0.06836538461538447,0.1,0.02,0.05,0.0,0.0,0.08
0.384973,84,6146.530848,hard,0.3874828375286042,0.3874828375286042,0,835,8,4,4,4,4,0,0,0,0,0.03685354691075527,0.031620879120879186,0.0,0.43587912087911973,0.0,3,False,81,0.05371478873239437,0.9623661971831017,0.6371549295774642,0.7925704225352113,25,65.0,47.0,0.06153846153846154,0.16923076923076924,-0.0,0.09368483296806013,0.06730549450549438,0.012898741418764344,0.08078609154929578,0.052305494505494377,0.0,0.015,0.0,0.0,0.0,0.08
0.430537,78,6185.675604,hard,0.412929061784897,0.412929061784897,0,776,8,4,4,4,4,0,0,0,0,0.021504576659038755,0.008653846153846139,0.0,0.4969780219780216,0.0,3,False,86,0.06672535211267605,0.9686760563380292,0.6601126760563373,2.0544014084507043,21,65.0,38.0,0.07692307692307693,0.18461538461538463,0.05733775266807337,0.10057061591517061,0.0746373626373626,0.007526601830663564,0.09304401408450705,0.059637362637362606,0.0,0.015,0.0,0.0,0.0,0.08
0.457745,76,6223.417396,hard,0.42780320366132724,0.42780320366132724,0,760,8,4,4,4,4,0,0,0,0,0.005766590389016034,0.01240384615384619,0.0,0.5326923076923071,0.0,4,False,143,0.09630281690140845,0.9357464788732396,0.7790704225352111,2.4628521126760563,27,65.0,46.0,0.07692307692307693,0.16923076923076924,0.19172340579500008,0.10201830663615562,0.08392307692307685,0.0020183066361556122,0.1,0.06392307692307685,0.0,0.02,0.0,0.0,0.0,0.08
0.589106,79,6263.346486,hard,0.48830091533180703,0.48830091533180703,0,789,8,4,4,4,4,0,0,0,0,0.05358123569793951,0.0,0.17849999999999583,0.27362637362637365,0.981166666666659,2,False,120,0.07774647887323943,0.9436619718309864,0.8249014084507046,1.9602112676056338,39,65.0,45.0,0.06153846153846154,0.15384615384615385,0.19753023273471912,0.11875343249427883,0.14095183150183074,0.01875343249427883,0.1,0.03283516483516483,0.09811666666666591,0.01,0.0,0.0,0.0,0.08
0.323591,81,6322.153273,hard,0.349662471395881,0.349662471395881,0,806,8,4,4,4,4,0,0,0,0,0.02306636155606428,0.02653846153846173,0.0,0.34506868131868007,0.0,2,False,78,0.04806338028169014,0.941633802816904,0.6664225352112674,1.3449119718309859,27,65.0,47.0,0.07692307692307693,0.16923076923076924,0.2220630225397998,0.08312076175589009,0.05140824175824159,0.008073226544622496,0.0750475352112676,0.041408241758241586,0.0,0.01,0.0,0.0,0.0,0.08
0.463337,79,6362.519863,hard,0.42184210526315746,0.42184210526315746,0,786,8,4,4,4,4,0,0,0,0,0.022465675057207785,0.008076923076923126,0.06859999999999704,0.3958791208791205,0.2972666666666637,3,False,168,0.14661971830985915,0.9405070422535209,0.722901408450704,2.1434859154929575,27,65.0,38.0,0.07692307692307693,0.2,0.13491422385153698,0.10786298627002273,0.09223216117216082,0.007862986270022724,0.1,0.04750549450549445,0.029726666666666374,0.015,0.0,0.0,0.0,0.08
1.620234,75,6399.839768,hard,0.48272311212814645,1.4827231121281463,1,743,8,4,4,4,4,0,0,0,0,0.004324942791762019,0.0,0.0,0.25247252747252746,1.0,2,True,113,0.08653169014084507,0.9211267605633805,0.7883661971830986,2.0270422535211265,44,65.0,42.0,0.06153846153846154,0.15384615384615385,0.1145020974334985,0.10151372997711672,0.19029670329670334,0.0015137299771167067,0.1,0.0302967032967033,0.1,0.01,0.05,0.0,0.0,0.08
1.640642,77,6439.337695,hard,0.53754004576659,1.53754004576659,1,768,8,4,4,4,4,0,0,0,0,0.030274599542333806,0.02451923076923095,0.11689999999999769,0.4258928571428561,0.8985666666666616,2,False,92,0.0697887323943662,0.9251549295774654,0.8479154929577464,2.5999823943661973,32,65.0,40.0,0.07692307692307693,0.2,0.05733775266807337,0.10893765913559149,0.15096380952380892,0.01059610983981683,0.09834154929577466,0.051107142857142726,0.08985666666666618,0.01,0.0,0.0,0.0,0.08
0.337011,77,6477.673602,hard,0.3528489702517163,0.3528489702517163,0,765,8,4,4,4,4,0,0,0,0,0.006967963386727765,0.016730769230769413,0.0,0.3527197802197795,0.0,2,False,88,0.05586267605633803,0.9444788732394368,0.8964225352112676,0.9144542253521126,35,65.0,48.0,0.046153846153846156,0.13846153846153847,0.05733775266807337,0.08833579422760823,0.05232637362637353,0.002438787185354718,0.08589700704225352,0.04232637362637353,0.0,0.01,0.0,0.0,0.0,0.08
0.432708,78,6516.077815,hard,0.4058638443935927,0.4058638443935927,0,771,8,4,4,4,4,0,0,0,0,0.032408466819222076,0.029601648351648396,0.0,0.48001373626373484,0.0,3,False,130,0.11176056338028169,0.9307887323943668,0.872591549295775,1.3012323943661972,30,65.0,36.0,0.09230769230769231,0.18461538461538463,0.05733775266807337,0.11134296338672774,0.07260164835164817,0.011342963386727727,0.1,0.05760164835164818,0.0,0.015,0.0,0.0,0.0,0.08
1.718109,84,6571.569278,hard,0.5919908466819221,1.5919908466819221,1,834,8,4,4,4,4,0,0,0,0,0.030051487414187714,0.015288461538461603,0.0,0.5374999999999998,0.945,4,False,138,0.12897887323943663,0.9154929577464798,0.5694929577464787,1.426742957746479,21,65.0,46.0,0.07692307692307693,0.2,0.1145020974334985,0.11051802059496571,0.17900000000000002,0.0105180205949657,0.1,0.06449999999999999,0.09450000000000003,0.02,0.0,0.0,0.0,0.08
0.292316,74,6608.522583,hard,0.28717391304347833,0.28717391304347833,0,735,8,4,4,4,4,0,0,0,0,0.007448512585812386,0.017884615384615454,0.0,0.38362637362637286,0.0,2,False,126,0.11471830985915493,0.9154929577464809,0.684140845070422,1.5478345070422534,20,65.0,46.0,0.06153846153846154,0.18461538461538463,-0.0,0.10260697940503434,0.056035164835164755,0.002606979405034335,0.1,0.04603516483516475,0.0,0.01,0.0,0.0,0.0,0.08
0.541482,80,6648.345236,hard,0.4818649885583524,0.4818649885583524,0,799,8,4,4,4,4,0,0,0,0,0.00024027459954233547,0.0005769230769230802,0.0,0.5,0.3943333333333333,4,False,122,0.10549295774647888,0.9526478873239462,0.6369295774647886,1.6839788732394365,18,65.0,45.0,0.06153846153846154,0.16923076923076924,0.05733775266807337,0.10008409610983983,0.11943333333333332,8.409610983981742e-05,0.1,0.05999999999999999,0.039433333333333334,0.02,0.0,0.0,0.0,0.08
2.772468,83,6689.337777,hard,0.6080434782608694,2.6080434782608695,2,824,8,4,4,4,4,0,0,0,0,0.04288901601830592,0.013557692307692357,0.07139999999999691,0.3901098901098895,1.0,3,True,217,0.16045774647887323,0.9260281690140842,0.8722816901408448,3.9355457746478875,37,65.0,48.0,0.046153846153846156,0.13846153846153847,0.16676100196548832,0.11501115560640708,0.21181318681318673,0.01501115560640707,0.1,0.04681318681318674,0.09999999999999999,0.015,0.05,0.0,0.0,0.08
1.654077,76,6726.62994,hard,0.48273455377574376,1.4827345537757437,1,755,8,4,4,4,4,0,0,0,0,0.005286041189931405,0.012692307692307824,0.0,0.4949450549450544,1.0,4,True,90,0.06746478873239437,0.9616901408450707,0.6824507042253524,3.5962147887323943,34,65.0,40.0,0.07692307692307693,0.2,0.23296603544749966,0.09744870596577178,0.2293934065934065,0.0018501144164759916,0.09559859154929579,0.05939340659340653,0.1,0.02,0.05,0.0,0.0,0.08
0.30662,81,6768.198707,hard,0.3210297482837528,0.3210297482837528,0,804,8,4,4,4,4,0,0,0,0,0.011533180778032014,0.02596153846153848,0.0,0.39010989010988895,0.0,3,False,65,0.06352112676056337,0.9319154929577469,0.8050985915492958,2.171443661971831,41,65.0,49.0,0.07692307692307693,0.16923076923076924,0.13491422385153698,0.08417745834273374,0.06181318681318668,0.004036613272311204,0.08014084507042253,0.04681318681318668,0.0,0.015,0.0,0.0,0.0,0.08
0.380394,79,6807.299778,hard,0.3904462242562929,0.3904462242562929,0,783,8,4,4,4,4,0,0,0,0,0.02225972540045781,0.05344780219780255,0.0,0.442994505494503,0.0,3,False,65,0.053063380281690144,0.9229295774647889,0.6721408450704224,1.2716549295774648,34,65.0,48.0,0.06153846153846154,0.16923076923076924,0.2220630225397998,0.08008843910142784,0.06815934065934035,0.007790903890160233,0.0722975352112676,0.053159340659340346,0.0,0.015,0.0,0.0,0.0,0.08
2.75965,84,6865.623507,hard,0.585812356979405,2.585812356979405,2,831,8,4,4,4,4,0,0,0,0,0.019822654462242267,0.008653846153846146,0.0,0.4999999999999996,1.0,4,True,154,0.13255281690140844,0.9400281690140838,0.692450704225352,1.6228521126760564,36,65.0,50.0,0.07692307692307693,0.16923076923076924,0.16676100196548832,0.1069379290617848,0.22999999999999998,0.0069379290617847915,0.1,0.059999999999999956,0.1,0.02,0.05,0.0,0.0,0.08
0.47293,81,6906.112182,hard,0.4458237986270023,0.4458237986270023,0,805,8,4,4,4,4,0,0,0,0,0.009731121281464639,0.0,0.0,0.5,0.042,4,False,154,0.13964788732394368,0.9380281690140845,0.7970704225352109,2.999630281690141,43,65.0,52.0,0.046153846153846156,0.12307692307692308,0.19172340579500008,0.10340589244851263,0.08420000000000001,0.0034058924485126226,0.1,0.060000000000000005,0.004200000000000001,0.02,0.0,0.0,0.0,0.08
0.427294,77,6944.66978,hard,0.47960526315789476,0.47960526315789476,0,767,6,2,4,2,4,0,0,0,2,0.0006006864988558094,0.0014423076923076304,0.0,0.4098214285714285,0.0,3,False,129,0.10130281690140845,0.926760563380285,0.6197183098591551,2.0352464788732396,30,65.0,44.0,0.09230769230769231,0.2153846153846154,0.1956217818146278,0.040210240274599546,0.06417857142857142,0.00021024027459953326,0.1,0.04917857142857142,0.0,0.015,0.0,0.0,0.06,0.08
0.41137,78,6982.691913,hard,0.39036613272311194,0.39036613272311194,0,775,8,4,4,4,4,0,0,0,0,0.013850114416475785,0.012774725274725283,0.025199999999998914,0.3978021978021972,0.10919999999999891,3,False,128,0.10070422535211268,0.9718309859154939,0.6701690140845067,1.4852288732394365,28,65.0,41.0,0.06153846153846154,0.15384615384615385,0.05733775266807337,0.10484754004576653,0.07365626373626356,0.004847540045766525,0.1,0.04773626373626367,0.010919999999999892,0.015,0.0,0.0,0.0,0.08
0.33614,73,7017.977326,hard,0.30289473684210516,0.30289473684210516,0,724,8,4,4,4,4,0,0,0,0,0.006727688787185286,0.010384615384615468,0.013999999999999397,0.3521428571428567,0.31033333333333274,2,False,104,0.0857394366197183,0.9460845070422556,0.8007887323943667,1.2405633802816902,28,65.0,44.0,0.06153846153846154,0.16923076923076924,0.05733775266807337,0.10235469107551486,0.08329047619047607,0.0023546910755148495,0.1,0.04225714285714279,0.031033333333333274,0.01,0.0,0.0,0.0,0.08
0.25088,78,7054.311905,hard,0.27308352402745995,0.27308352402745995,0,774,8,4,4,4,4,0,0,0,0,0.01141304347826091,0.010384615384615296,0.0,0.21835164835164791,0.0,1,False,107,0.08174295774647887,0.9267605633802829,0.6914929577464787,0.4320246478873239,34,65.0,51.0,0.046153846153846156,0.13846153846153847,0.09911748204888313,0.10399456521739132,0.031202197802197754,0.003994565217391318,0.1,0.026202197802197753,0.0,0.005,0.0,0.0,0.0,0.08
0.398528,100,7108.616647,hard,0.3645022883295195,0.3645022883295195,0,1000,8,4,4,4,4,0,0,0,0,0.01201372997711672,0.028846153846153882,0.0,0.3904532967032953,0.5296666666666666,2,False,154,0.1090669014084507,0.9251549295774671,0.6810422535211268,1.1737852112676057,32,65.0,49.0,0.06153846153846154,0.15384615384615385,0.24645788980805483,0.10420480549199086,0.1098210622710621,0.0042048054919908515,0.1,0.04685439560439544,0.05296666666666666,0.01,0.0,0.0,0.0,0.08
0.407049,76,7148.038755,hard,0.39090389016018307,0.39090389016018307,0,757,8,4,4,4,4,0,0,0,0,0.010812356979405004,0.025961538461538387,0.0,0.44217032967032854,0.0,3,False,92,0.09380281690140845,0.9229295774647888,0.6609577464788726,1.4915140845070423,38,65.0,47.0,0.06153846153846154,0.15384615384615385,0.1145020974334985,0.10378432494279176,0.06806043956043942,0.003784324942791751,0.1,0.053060439560439425,0.0,0.015,0.0,0.0,0.0,0.08
0.365229,78,7186.550657,hard,0.35947368421052633,0.35947368421052633,0,771,8,4,4,4,4,0,0,0,0,0.024628146453089125,0.009230769230769315,0.0,0.36862637362637324,0.0,2,False,98,0.08529929577464788,0.945464788732397,0.599408450704225,0.9333802816901409,24,65.0,48.0,0.046153846153846156,0.13846153846153847,0.2690705926112252,0.1086198512585812,0.05423516483516477,0.008619851258581192,0.1,0.04423516483516477,0.0,0.01,0.0,0.0,0.0,0.08
2.839768,84,7229.384179,hard,0.682402745995423,2.682402745995423,2,834,8,4,4,4,4,0,0,0,0,0.06882723112128147,0.035480769230769385,0.22533333333333364,0.5094230769230752,0.9999999999999961,4,True,68,0.042059859154929574,0.9504225352112677,0.7187323943661971,1.928080985915493,43,65.0,47.0,0.06153846153846154,0.16923076923076924,0.13491422385153698,0.08963442525864568,0.23113076923076864,0.02408953089244851,0.06554489436619718,0.06113076923076904,0.09999999999999962,0.02,0.05,0.0,0.0,0.08
0.379647,73,7265.808847,hard,0.3684210526315789,0.3684210526315789,0,729,8,4,4,4,4,0,0,0,0,0.006607551487414219,0.0,0.0,0.3901098901098901,0.0,3,False,116,0.08348591549295775,0.9517746478873242,0.7471267605633798,1.3958978873239436,38,65.0,39.0,0.06153846153846154,0.18461538461538463,-0.0,0.10231264302059498,0.06181318681318681,0.0023126430205949768,0.1,0.04681318681318681,0.0,0.015,0.0,0.0,0.0,0.08
0.247328,80,7305.893787,hard,0.2797082379862701,0.2797082379862701,0,796,8,4,4,4,4,0,0,0,0,0.0027631578947368723,0.0066346153846154575,0.0,0.17710164835164807,0.0,1,False,120,0.08704225352112677,0.9154929577464799,0.8474366197183102,1.1897711267605633,40,65.0,42.0,0.07692307692307693,0.2,0.09911748204888313,0.10096710526315791,0.02625219780219777,0.0009671052631579052,0.1,0.02125219780219777,0.0,0.005,0.0,0.0,0.0,0.08
0.524614,85,7357.222685,hard,0.450554919908466,0.450554919908466,0,850,8,4,4,4,4,0,0,0,0,0.018861556064072412,0.0,0.0741999999999968,0.40947802197802197,0.6831999999999968,3,False,142,0.1127112676056338,0.926760563380283,0.7858028169014091,1.447693661971831,37,65.0,50.0,0.07692307692307693,0.18461538461538463,0.21291484811933445,0.10660154462242535,0.13245736263736232,0.006601544622425343,0.1,0.049137362637362625,0.0683199999999997,0.015,0.0,0.0,0.0,0.08
0.43963,82,7399.28883,hard,0.41418764302059496,0.41418764302059496,0,816,8,4,4,4,4,0,0,0,0,0.02012013729977129,0.020329670329670327,0.0,0.499999999999999,0.0,4,False,120,0.09464788732394366,0.9654647887323955,0.7434929577464787,2.3204049295774647,30,65.0,47.0,0.06153846153846154,0.15384615384615385,0.09911748204888313,0.10704204805491996,0.07999999999999988,0.00704204805491995,0.1,0.05999999999999987,0.0,0.02,0.0,0.0,0.0,0.08
0.333881,78,7437.791621,hard,0.34215675057208234,0.34215675057208234,0,779,8,4,4,4,4,0,0,0,0,0.0010812356979405153,0.0025961538461538747,0.0,0.3270467032967032,0.0,2,False,168,0.12971830985915492,0.9441126760563396,0.7446760563380282,1.4336091549295775,36,65.0,42.0,0.1076923076923077,0.2153846153846154,0.05733775266807337,0.10037843249427919,0.04924560439560438,0.00037843249427918035,0.1,0.03924560439560438,0.0,0.01,0.0,0.0,0.0,0.08
0.218645,75,7475.504654,hard,0.2517162471395881,0.2517162471395881,0,750,8,4,4,4,4,0,0,0,0,0.010692219679633902,0.01903846153846164,0.0,0.10989010989011,0.0,1,False,155,0.12170774647887324,0.9380281690140849,0.7221690140845074,1.0466549295774648,36,65.0,43.0,0.09230769230769231,0.2153846153846154,0.05733775266807337,0.10374227688787187,0.0181868131868132,0.003742276887871865,0.1,0.013186813186813199,0.0,0.005,0.0,0.0,0.0,0.08
0.51503,81,7515.50438,hard,0.44799771167047964,0.44799771167047964,0,805,8,4,4,4,4,0,0,0,0,0.034096109839815994,0.0,0.12599999999999456,0.28887362637362635,0.7093333333333279,2,False,132,0.11297535211267605,0.9663943661971841,0.7259436619718308,1.2136091549295775,33,65.0,44.0,0.046153846153846156,0.13846153846153847,0.1145020974334985,0.1119336384439356,0.11559816849816795,0.011933638443935598,0.1,0.034664835164835164,0.0709333333333328,0.01,0.0,0.0,0.0,0.08
0.260327,82,7555.630923,hard,0.2701773455377573,0.2701773455377573,0,814,8,4,4,4,4,0,0,0,0,0.006847826086956311,0.003750000000000041,0.0,0.32627747252747236,0.0,2,False,121,0.07455985915492958,0.9566760563380302,0.8811267605633808,0.836830985915493,43,65.0,42.0,0.06153846153846154,0.15384615384615385,0.05733775266807337,0.10239673913043472,0.04915329670329668,0.0023967391304347088,0.1,0.039153296703296675,0.0,0.01,0.0,0.0,0.0,0.08
0.38834,77,7592.519509,hard,0.37733409610983976,0.37733409610983976,0,763,8,4,4,4,4,0,0,0,0,0.022643020594965743,0.005192307692307714,0.0,0.41151098901098876,0.0,2,False,127,0.09352112676056339,0.9292394366197197,0.6543098591549295,1.3558274647887323,35,65.0,48.0,0.07692307692307693,0.16923076923076924,0.16676100196548832,0.10792505720823801,0.05938131868131866,0.00792505720823801,0.1,0.049381318681318655,0.0,0.01,0.0,0.0,0.0,0.08
2.65775,83,7659.670021,hard,0.5152745995423341,2.5152745995423342,2,822,8,4,4,4,4,0,0,0,0,0.0,0.0,0.0,0.3306318681318681,1.0,3,True,78,0.09063380281690141,0.9211267605633817,0.7929859154929582,2.999031690140845,45,65.0,48.0,0.046153846153846156,0.13846153846153847,0.1145020974334985,0.1,0.20467582417582414,0.0,0.1,0.03967582417582418,0.09999999999999999,0.015,0.05,0.0,0.0,0.08
0.16475,74,7697.205395,hard,0.23524027459954233,0.23524027459954233,0,736,6,2,4,2,4,0,0,0,2,0.0,0.0,0.0,0.31758241758241756,0.0,1,False,144,0.11873239436619719,0.9413802816901422,0.7284225352112675,1.2060915492957747,38,65.0,44.0,0.06153846153846154,0.18461538461538463,0.19172340579500008,0.04000000000000001,0.04310989010989011,0.0,0.1,0.03810989010989011,0.0,0.005,0.0,0.0,0.06,0.08
2.788671,98,7745.802972,hard,0.6128203661327233,2.6128203661327234,2,976,8,4,4,4,4,0,0,0,0,0.04608695652173864,0.03710164835164848,0.17849999999999655,0.5610027472527455,0.9999999999999959,4,True,153,0.13649647887323943,0.9179718309859185,0.6761126760563384,2.3438908450704226,23,65.0,45.0,0.07692307692307693,0.18461538461538463,0.05733775266807337,0.11613043478260852,0.237320329670329,0.016130434782608522,0.1,0.06732032967032944,0.09999999999999959,0.02,0.05,0.0,0.0,0.08
0.388764,77,7784.740838,hard,0.4035812356979404,0.4035812356979404,0,768,8,4,4,4,4,0,0,0,0,0.013455377574370238,0.0017307692307691562,0.0,0.2272802197802197,0.0,2,False,129,0.09639084507042253,0.9267605633802826,0.7601690140845069,1.9869014084507042,40,65.0,38.0,0.1076923076923077,0.27692307692307694,0.22338824700260326,0.1047093821510296,0.03727362637362636,0.004709382151029584,0.1,0.027273626373626365,0.0,0.01,0.0,0.0,0.0,0.08
0.432734,80,7824.071398,hard,0.40122425629290565,0.40122425629290565,0,800,8,4,4,4,4,0,0,0,0,0.02006292906178439,0.005480769230769291,0.07349999999999683,0.32031593406593384,0.3604999999999968,2,False,144,0.11492957746478873,0.9307887323943663,0.8609859154929579,2.0013380281690143,38,65.0,51.0,0.046153846153846156,0.13846153846153847,0.19172340579500008,0.10702202517162454,0.08448791208791172,0.007022025171624536,0.1,0.03843791208791204,0.036049999999999686,0.01,0.0,0.0,0.0,0.08
0.549716,85,7866.532779,hard,0.4930377574370707,0.4930377574370707,0,843,8,4,4,4,4,0,0,0,0,0.010886727688786938,0.010274725274725364,0.038499999999998334,0.5715384615384616,0.28583333333333166,4,False,128,0.11732394366197182,0.9613802816901417,0.727352112676056,1.7454401408450704,26,65.0,48.0,0.07692307692307693,0.16923076923076924,0.05733775266807337,0.10381035469107543,0.11716794871794856,0.0038103546910754275,0.1,0.06858461538461538,0.028583333333333173,0.02,0.0,0.0,0.0,0.08
0.238792,74,7922.563848,hard,0.33506864988558355,0.33506864988558355,0,739,5,1,4,1,4,0,0,0,3,0.0012013729977116252,0.002884615384615276,0.0,0.3100274725274724,0.0,2,False,116,0.08457746478873239,0.9154929577464814,0.7039154929577466,1.1779577464788733,34,65.0,42.0,0.13846153846153847,0.26153846153846155,0.05733775266807337,0.010420480549199071,0.04720329670329669,0.0004204805491990688,0.1,0.03720329670329669,0.0,0.01,0.0,0.0,0.09,0.08
0.417478,86,7966.470484,hard,0.41022883295194484,0.41022883295194484,0,856,8,4,4,4,4,0,0,0,0,0.008169336384439112,0.004615384615384666,0.011199999999999518,0.41780219780219763,0.048533333333332845,3,False,134,0.0994718309859155,0.9686197183098603,0.723718309859155,3.1875352112676056,24,65.0,39.0,0.07692307692307693,0.23076923076923078,0.05733775266807337,0.1028592677345537,0.06998959706959698,0.002859267734553689,0.1,0.0501362637362637,0.004853333333333285,0.015,0.0,0.0,0.0,0.08
2.760595,90,8012.442531,hard,0.578186498855835,2.578186498855835,2,895,8,4,4,4,4,0,0,0,0,0.05369565217391182,0.020467032967032964,0.23029999999999431,0.5259615384615375,0.9999999999999961,4,True,288,0.22985915492957745,0.930788732394367,0.8119718309859154,3.8186091549295775,32,65.0,44.0,0.07692307692307693,0.16923076923076924,0.05733775266807337,0.11879347826086914,0.2331153846153841,0.01879347826086913,0.1,0.0631153846153845,0.0999999999999996,0.02,0.05,0.0,0.0,0.08
0.448479,73,8048.103254,hard,0.459954233409611,0.459954233409611,0,729,6,2,4,2,4,0,0,0,2,0.009250572082379917,0.02221153846153859,0.0,0.6098901098901112,0.0,5,False,116,0.09549295774647887,0.923605633802818,0.5626760563380278,1.8585915492957747,30,65.0,38.0,0.07692307692307693,0.18461538461538463,0.1145020974334985,0.043237700228832984,0.09818681318681335,0.0032377002288329713,0.1,0.07318681318681335,0.0,0.025,0.0,0.0,0.06,0.08
0.417092,79,8088.68025,hard,0.39525171624713956,0.39525171624713956,0,783,8,4,4,4,4,0,0,0,0,0.030274599542333528,0.0025961538461538466,0.0,0.4545329670329669,0.0,3,False,127,0.09897887323943662,0.9569295774647905,0.678112676056338,1.6738204225352113,34,65.0,43.0,0.07692307692307693,0.2,0.05733775266807337,0.11059610983981674,0.06954395604395601,0.010596109839816735,0.1,0.05454395604395601,0.0,0.015,0.0,0.0,0.0,0.08
0.317624,80,8129.312134,hard,0.32265446224256294,0.32265446224256294,0,798,8,4,4,4,4,0,0,0,0,0.031836384439359,0.02134615384615383,0.0,0.28021978021977934,0.0,2,False,175,0.1531161971830986,0.950169014084509,0.7342816901408448,1.3336091549295774,19,65.0,50.0,0.07692307692307693,0.16923076923076924,0.05733775266807337,0.11114273455377566,0.043626373626373526,0.01114273455377565,0.1,0.033626373626373524,0.0,0.01,0.0,0.0,0.0,0.08
1.639996,75,8185.737604,hard,0.469307780320366,1.469307780320366,1,745,8,4,4,4,4,0,0,0,0,0.031355835240274084,0.004615384615384666,0.1581999999999974,0.4101098901098899,0.9999999999999961,3,True,130,0.08390845070422535,0.9830985915492954,0.6991830985915491,1.8151056338028169,34,65.0,42.0,0.07692307692307693,0.2153846153846154,0.05733775266807337,0.11097454233409593,0.2142131868131864,0.010974542334095927,0.1,0.049213186813186795,0.0999999999999996,0.015,0.05,0.0,0.0,0.08
2.731145,81,8227.632139,hard,0.5606407322654462,2.5606407322654463,2,804,8,4,4,4,4,0,0,0,0,0.02330663615560626,0.0,0.013999999999999981,0.43956043956043955,0.9999999999999994,4,True,122,0.09318661971830985,0.9154929577464791,0.7032957746478881,4.386478873239437,28,65.0,50.0,0.046153846153846156,0.13846153846153847,0.24645788980805483,0.10815732265446219,0.2227472527472527,0.008157322654462191,0.1,0.05274725274725275,0.09999999999999995,0.02,0.05,0.0,0.0,0.08
2.730265,82,8268.055024,hard,0.5302059496567506,2.5302059496567506,2,814,8,4,4,4,4,0,0,0,0,0.049977116704805286,0.06115384615384646,0.14279999999999793,0.6098901098901071,0.9999999999999961,5,True,77,0.07637323943661972,0.9492957746478882,0.7920000000000006,2.1939788732394367,36,65.0,45.0,0.09230769230769231,0.18461538461538463,-0.0,0.11327192042414665,0.24818681318681246,0.017491990846681852,0.0957799295774648,0.07318681318681283,0.0999999999999996,0.025,0.05,0.0,0.0,0.08
1.763238,80,8305.502035,hard,0.6862871853546907,1.6862871853546908,1,795,8,4,4,4,4,0,0,0,0,0.03664187643020582,0.03201923076923101,0.0,0.7802197802197831,0.0,6,False,168,0.14661971830985915,0.9436901408450706,0.7794647887323942,1.9286619718309859,35,65.0,47.0,0.06153846153846154,0.15384615384615385,0.15610566617587138,0.11282465675057204,0.12362637362637395,0.012824656750572035,0.1,0.09362637362637395,0.0,0.030000000000000002,0.0,0.0,0.0,0.08
0.340499,79,8339.597424,hard,0.34063501144164754,0.34063501144164754,0,782,8,4,4,4,4,0,0,0,0,0.02644736842105263,0.00663461538461527,0.0,0.32339285714285687,0.0,2,False,186,0.1637323943661972,0.9605915492957744,0.8960281690140843,1.3969014084507043,53,65.0,49.0,0.046153846153846156,0.12307692307692308,0.13491422385153698,0.10925657894736843,0.04880714285714283,0.009256578947368418,0.1,0.038807142857142825,0.0,0.01,0.0,0.0,0.0,0.08
0.323224,79,8376.570462,hard,0.3477059496567508,0.3477059496567508,0,790,8,4,4,4,4,0,0,0,0,0.014296338672769035,0.011826923076923207,0.0,0.3833928571428571,0.0,2,False,68,0.05267605633802817,0.96887323943662,0.5258873239436614,0.7144718309859155,27,65.0,35.0,0.13846153846153847,0.38461538461538464,0.3189954002702487,0.07851076078899029,0.056007142857142846,0.005003718535469161,0.07350704225352113,0.046007142857142844,0.0,0.01,0.0,0.0,0.0,0.08
0.40933,76,8411.613718,hard,0.38940503432494283,0.38940503432494283,0,760,8,4,4,4,4,0,0,0,0,0.023043478260869627,0.005192307692307734,0.0,0.44049450549450525,0.0,3,False,130,0.10630281690140846,0.941267605633803,0.8264507042253518,1.2103521126760564,41,65.0,42.0,0.06153846153846154,0.16923076923076924,0.15610566617587138,0.10806521739130437,0.06785934065934061,0.008065217391304369,0.1,0.052859340659340615,0.0,0.015,0.0,0.0,0.0,0.08
1.652771,77,8456.611834,hard,0.4802803203661328,1.4802803203661328,1,762,8,4,4,4,4,0,0,0,0,0.0647311212814638,0.023942307692307863,0.21839999999999482,0.49385989010988907,0.9999999999999961,3,True,84,0.053028169014084504,0.9880563380281684,0.7392676056338024,1.9875176056338029,44,65.0,45.0,0.06153846153846154,0.16923076923076924,0.2220630225397998,0.10442701920907572,0.22426318681318624,0.022655892448512332,0.08177112676056339,0.05926318681318667,0.0999999999999996,0.015,0.05,0.0,0.0,0.08
0.291111,74,8494.949263,hard,0.297740274599542,0.297740274599542,0,736,8,4,4,4,4,0,0,0,0,0.01189359267734522,0.0011538461538461667,0.0,0.32967032967032966,0.0,3,False,73,0.06899647887323944,0.9429859154929568,0.5495774647887322,1.356830985915493,29,65.0,39.0,0.09230769230769231,0.24615384615384617,0.5365680265364352,0.09241011659200041,0.054560439560439565,0.004162757437070827,0.08824735915492958,0.039560439560439566,0.0,0.015,0.0,0.0,0.0,0.08
2.793238,82,8538.312535,hard,0.5938215102974829,2.5938215102974826,2,814,8,4,4,4,4,0,0,0,0,0.08145308924485029,0.04701923076923121,0.1742999999999937,0.5192307692307668,0.9999999999999988,4,True,168,0.1428169014084507,0.9501690140845067,0.8416056338028168,3.0418838028169013,39,65.0,42.0,0.06153846153846154,0.16923076923076924,0.13491422385153698,0.1285085812356976,0.23230769230769188,0.0285085812356976,0.1,0.06230769230769201,0.0999999999999999,0.02,0.05,0.0,0.0,0.08
2.641997,72,8574.803741,hard,0.5811441647597255,2.5811441647597255,2,720,5,1,4,1,4,0,0,0,3,0.002883295194508041,0.006923076923076999,0.0,0.48879120879120846,1.0,4,True,69,0.05158450704225352,0.9317183098591553,0.7504788732394367,3.3247007042253522,29,65.0,44.0,0.046153846153846156,0.13846153846153847,0.05733775266807337,-0.015802466400232043,0.22865494505494505,0.0010091533180778144,0.07318838028169014,0.05865494505494502,0.1,0.02,0.05,0.0,0.09,0.08
2.829592,80,8614.604675,hard,0.6491304347826086,2.6491304347826086,2,795,8,4,4,4,4,0,0,0,0,0.05213958810068577,0.02480769230769248,0.17919999999999647,0.472609890109889,0.9999999999999961,3,True,102,0.0666725352112676,0.9469577464788734,0.7967605633802817,3.3347711267605633,37,65.0,46.0,0.07692307692307693,0.18461538461538463,0.13491422385153698,0.11824885583524003,0.2217131868131863,0.01824885583524002,0.1,0.056713186813186676,0.09999999999999962,0.015,0.05,0.0,0.0,0.08
2.74983,78,8654.130731,hard,0.5790903890160183,2.5790903890160184,2,780,8,4,4,4,4,0,0,0,0,0.01621853546910727,0.018750000000000145,0.0,0.4838598901098893,1.0,3,True,174,0.13669014084507042,0.9341408450704256,0.7291830985915497,3.757992957746479,26,65.0,43.0,0.06153846153846154,0.16923076923076924,0.1145020974334985,0.10567648741418754,0.2230631868131867,0.005676487414187543,0.1,0.058063186813186715,0.09999999999999999,0.015,0.05,0.0,0.0,0.08
2.937378,87,8710.486963,hard,0.7209954233409611,2.7209954233409612,2,869,8,4,4,4,4,0,0,0,0,0.048312356979404975,0.01067307692307704,0.0,0.7197802197802193,1.0,6,True,174,0.12848591549295774,0.9373521126760588,0.6881690140845069,3.028556338028169,30,65.0,47.0,0.07692307692307693,0.2,0.05733775266807337,0.11690932494279174,0.2663736263736263,0.01690932494279174,0.1,0.08637362637362629,0.1,0.030000000000000002,0.05,0.0,0.0,0.08
0.395313,79,8751.115088,hard,0.3867848970251716,0.3867848970251716,0,789,8,4,4,4,4,0,0,0,0,0.015211670480549253,0.03248626373626386,0.0,0.4342032967032963,0.0,2,False,183,0.1525880281690141,0.9260845070422556,0.606197183098591,0.8739260563380282,16,65.0,38.0,0.07692307692307693,0.2,0.13491422385153698,0.10532408466819225,0.06210439560439557,0.005324084668192239,0.1,0.052104395604395566,0.0,0.01,0.0,0.0,0.0,0.08
0.45707,75,8789.02915,hard,0.4167219679633863,0.4167219679633863,0,750,8,4,4,4,4,0,0,0,0,0.012374141876429757,0.003750000000000041,0.06299999999999728,0.3407005494505493,0.4013333333333306,2,False,144,0.11492957746478873,0.9389014084507059,0.7871830985915494,1.638080985915493,42,65.0,42.0,0.07692307692307693,0.18461538461538463,0.09911748204888313,0.10433094965675042,0.09101739926739898,0.004330949656750414,0.1,0.040884065934065905,0.04013333333333307,0.01,0.0,0.0,0.0,0.08
0.503969,80,8829.648142,hard,0.41288901601830563,0.41288901601830563,0,796,8,4,4,4,4,0,0,0,0,0.032677345537756496,0.02278846153846168,0.13509999999999417,0.4999999999999989,0.5924333333333275,4,False,120,0.08704225352112677,0.9560000000000013,0.7577464788732391,1.5326408450704225,31,65.0,41.0,0.07692307692307693,0.2,0.13491422385153698,0.11143707093821478,0.13924333333333264,0.011437070938214774,0.1,0.05999999999999987,0.05924333333333276,0.02,0.0,0.0,0.0,0.08
0.380625,78,8869.508159,hard,0.37202517162471394,0.37202517162471394,0,777,8,4,4,4,4,0,0,0,0,0.00985125858123576,0.023653846153846303,0.0,0.39876373626373507,0.0,3,False,136,0.11654929577464788,0.9582816901408451,0.862732394366197,3.440792253521127,38,65.0,48.0,0.046153846153846156,0.13846153846153847,0.15610566617587138,0.10344794050343252,0.06285164835164819,0.0034479405034325166,0.1,0.0478516483516482,0.0,0.015,0.0,0.0,0.0,0.08
2.768788,80,8909.4167,hard,0.585812356979405,2.585812356979405,2,792,8,4,4,4,4,0,0,0,0,0.0347883295194509,0.011826923076923207,0.17400000000000027,0.4999999999999994,0.9999999999999961,4,True,102,0.0868661971830986,0.9444788732394376,0.8231830985915491,2.649419014084507,35,65.0,47.0,0.06153846153846154,0.15384615384615385,-0.0,0.11217591533180782,0.22999999999999954,0.012175915331807815,0.1,0.059999999999999935,0.09999999999999962,0.02,0.05,0.0,0.0,0.08
0.296358,75,8946.93594,hard,0.31025743707093817,0.31025743707093817,0,745,8,4,4,4,4,0,0,0,0,0.0015617848970251042,0.003749999999999838,0.0,0.2504532967032965,0.0,2,False,118,0.08380281690140845,0.9488169014084515,0.7436338028169016,1.7160211267605634,29,65.0,51.0,0.06153846153846154,0.13846153846153847,0.23296603544749966,0.1005466247139588,0.04005439560439559,0.0005466247139587864,0.1,0.030054395604395587,0.0,0.01,0.0,0.0,0.0,0.08
2.78562,80,9004.029338,hard,0.6230549199084668,2.623054919908467,2,796,8,4,4,4,4,0,0,0,0,0.04601258581235661,0.023653846153846303,0.0,0.3421703296703285,1.0,3,True,116,0.08457746478873239,0.9761126760563384,0.8073802816901411,5.325158450704225,29,65.0,43.0,0.06153846153846154,0.16923076923076924,0.05733775266807337,0.11610440503432481,0.2060604395604394,0.016104405034324813,0.1,0.04106043956043942,0.1,0.015,0.05,0.0,0.0,0.08
0.221407,75,9042.729263,hard,0.32251144164759726,0.32251144164759726,0,749,5,1,4,1,4,0,0,0,3,0.0006006864988558094,0.0014423076923076304,0.0,0.2798763736263736,0.0,2,False,193,0.1582218309859155,0.951774647887325,0.6784507042253521,1.8290492957746478,36,65.0,47.0,0.06153846153846154,0.16923076923076924,-0.0,0.010210240274599547,0.04358516483516483,0.00021024027459953326,0.1,0.03358516483516483,0.0,0.01,0.0,0.0,0.09,0.08
2.832315,81,9083.867748,hard,0.637070938215103,2.637070938215103,2,809,8,4,4,4,4,0,0,0,0,0.032500000000000126,0.02527472527472527,0.08533333333333333,0.6230769230769247,0.9999999999999961,4,True,192,0.13359154929577466,0.9364225352112674,0.8407605633802813,2.828169014084507,30,65.0,48.0,0.06153846153846154,0.16923076923076924,0.19172340579500008,0.11137500000000004,0.24476923076923057,0.011375000000000043,0.1,0.07476923076923093,0.09999999999999962,0.02,0.05,0.0,0.0,0.08
0.427675,76,9122.024957,hard,0.39970251716247085,0.39970251716247085,0,755,8,4,4,4,4,0,0,0,0,0.04360983981693284,0.023942307692307846,0.07559999999999674,0.33021978021977905,0.3275999999999967,2,False,85,0.057764084507042256,0.9438591549295788,0.7424507042253516,2.161056338028169,30,65.0,38.0,0.06153846153846154,0.16923076923076924,-0.0,0.10108650731620818,0.08238637362637315,0.015263443935926496,0.08582306338028169,0.03962637362637347,0.03275999999999968,0.01,0.0,0.0,0.0,0.08
0.277383,100,9173.870331,hard,0.3147025171624714,0.3147025171624714,0,1000,8,4,4,4,4,0,0,0,0,0.003844393592677323,0.009230769230769176,0.0,0.2611263736263732,0.0,2,False,123,0.07579225352112676,0.9028169014084514,0.7256338028169017,2.733961267605634,29,65.0,50.0,0.046153846153846156,0.13846153846153847,0.16676100196548832,0.10134553775743707,0.041335164835164785,0.0013455377574370629,0.1,0.03133516483516478,0.0,0.01,0.0,0.0,0.0,0.08
1.60395,89,9218.536897,hard,0.5286727688787178,1.5286727688787178,1,885,8,4,4,4,4,0,0,0,0,0.015858123569793367,0.0,0.09239999999999601,0.6098901098901099,0.400399999999996,5,False,213,0.14434859154929577,0.9557464788732392,0.8390140845070422,2.109066901408451,34,65.0,43.0,0.07692307692307693,0.2,0.15610566617587138,0.10555034324942768,0.1382268131868128,0.005550343249427678,0.1,0.07318681318681318,0.04003999999999961,0.025,0.0,0.0,0.0,0.08
2.808981,81,9271.247662,hard,0.622254004576659,2.622254004576659,2,801,8,4,4,4,4,0,0,0,0,0.018077803203661365,0.005769230769230762,0.0,0.5874999999999998,1.0,4,True,166,0.14158450704225353,0.9742535211267603,0.8009577464788736,3.7099471830985915,36,65.0,47.0,0.07692307692307693,0.18461538461538463,0.1145020974334985,0.10632723112128148,0.2405,0.006327231121281478,0.1,0.07049999999999997,0.1,0.02,0.05,0.0,0.0,0.08
0.253494,74,9308.113974,hard,0.34702517162471397,0.34702517162471397,0,733,5,1,4,1,4,0,0,0,3,0.01177345537757446,0.0,0.0,0.33873626373626375,0.0,1,False,144,0.11492957746478873,0.9285633802816902,0.7451830985915493,1.1237147887323944,41,65.0,51.0,0.06153846153846154,0.12307692307692308,0.09911748204888313,0.01412070938215107,0.04564835164835165,0.00412070938215106,0.1,0.04064835164835165,0.0,0.005,0.0,0.0,0.09,0.08
1.618073,77,9346.778963,hard,0.4506064073226545,1.4506064073226546,1,765,8,4,4,4,4,0,0,0,0,0.037242562929061085,0.007500000000000082,0.1987999999999957,0.4226098901098898,0.9999999999999959,3,True,96,0.06295774647887324,0.962197183098591,0.780338028169014,1.6571478873239436,36,65.0,48.0,0.06153846153846154,0.15384615384615385,0.19172340579500008,0.10825320688432633,0.21571318681318635,0.013034897025171379,0.09521830985915494,0.05071318681318678,0.09999999999999959,0.015,0.05,0.0,0.0,0.08
0.389336,77,9385.769122,hard,0.3791762013729978,0.3791762013729978,0,769,8,4,4,4,4,0,0,0,0,0.020423340961098477,0.020192307692307836,0.0,0.41593406593406507,0.0,2,False,99,0.0745774647887324,0.9373521126760581,0.7484788732394366,0.8698415492957746,26,65.0,52.0,0.06153846153846154,0.15384615384615385,0.22338824700260326,0.10714816933638448,0.0599120879120878,0.0071481693363844665,0.1,0.049912087912087795,0.0,0.01,0.0,0.0,0.0,0.08
0.504861,87,9429.106365,hard,0.4851258581235698,0.4851258581235698,0,862,8,4,4,4,4,0,0,0,0,0.022946224256292645,0.0,0.0,0.6703296703296703,0.0,5,False,60,0.05661971830985915,0.9602816901408453,0.5949014084507038,3.3611091549295775,20,65.0,50.0,0.06153846153846154,0.15384615384615385,0.16676100196548832,0.0804959672220968,0.1054395604395604,0.008031178489702426,0.07246478873239437,0.08043956043956041,0.0,0.025,0.0,0.0,0.0,0.08
2.701417,84,9470.037592,hard,0.5413043478260869,2.541304347826087,2,835,8,4,4,4,4,0,0,0,0,0.03267734553775695,0.011826923076923004,0.1616999999999973,0.3931318681318676,0.9999999999999959,3,True,112,0.08535211267605634,0.9535774647887321,0.6699154929577463,1.9279577464788733,30,65.0,44.0,0.07692307692307693,0.18461538461538463,0.09911748204888313,0.11143707093821494,0.2121758241758237,0.01143707093821493,0.1,0.047175824175824124,0.09999999999999959,0.015,0.05,0.0,0.0,0.08
1.544276,79,9531.213549,hard,0.40011441647597257,1.4001144164759727,1,781,8,4,4,4,4,0,0,0,0,0.01741990846681847,0.0,0.10149999999999562,0.30137362637362636,1.0,2,True,120,0.11704225352112677,0.9478309859154943,0.7330704225352117,1.129225352112676,32,65.0,43.0,0.06153846153846154,0.16923076923076924,0.09911748204888313,0.10609696796338647,0.19616483516483518,0.006096967963386465,0.1,0.036164835164835166,0.1,0.01,0.05,0.0,0.0,0.08
2.817995,99,9578.810019,hard,0.631578947368421,2.6315789473684212,2,987,8,4,4,4,4,0,0,0,0,0.048369565217390456,0.025563186813186808,0.2197999999999948,0.6098901098901109,0.9999999999999959,5,True,129,0.10130281690140845,0.9623098591549293,0.7532394366197185,1.648943661971831,38,65.0,48.0,0.046153846153846156,0.13846153846153847,0.1956217818146278,0.11692934782608666,0.2481868131868129,0.016929347826086655,0.1,0.07318681318681329,0.09999999999999962,0.025,0.05,0.0,0.0,0.08
2.705308,80,9616.190758,hard,0.5385011441647597,2.53850114416476,2,799,8,4,4,4,4,0,0,0,0,0.02969107551487394,0.018173076923076764,0.11689999999999924,0.5144230769230765,0.9999999999999959,4,True,76,0.06211267605633803,0.9702253521126769,0.7265070422535214,1.7474471830985916,35,65.0,50.0,0.06153846153846154,0.15384615384615385,0.19172340579500008,0.0949763834724594,0.2317307692307688,0.01039187643020588,0.08458450704225352,0.06173076923076918,0.0999999999999996,0.02,0.05,0.0,0.0,0.08
0.342458,80,9653.441397,hard,0.3161784897025171,0.3161784897025171,0,797,8,4,4,4,4,0,0,0,0,0.00949084668192223,0.02048076923076941,0.005599999999999759,0.5019230769230758,0.024266666666666423,4,False,136,0.1356338028169014,0.9244788732394376,0.6063098591549295,0.9467605633802817,28,65.0,54.0,0.046153846153846156,0.13846153846153847,0.16676100196548832,0.10332179633867279,0.08265743589743575,0.00332179633867278,0.1,0.06023076923076911,0.0024266666666666425,0.02,0.0,0.0,0.0,0.08
1.550157,80,9691.029202,hard,0.4053203661327231,1.4053203661327232,1,793,8,4,4,4,4,0,0,0,0,0.027391304347825413,0.0,0.15959999999999605,0.2879120879120879,0.999999999999997,2,True,82,0.08690140845070422,0.9372394366197181,0.8783098591549294,1.800387323943662,38,65.0,47.0,0.06153846153846154,0.15384615384615385,0.05733775266807337,0.1095869565217389,0.19454945054945028,0.009586956521738894,0.1,0.03454945054945055,0.0999999999999997,0.01,0.05,0.0,0.0,0.08
2.905836,100,9743.090439,hard,0.7369565217391304,2.7369565217391303,2,1000,8,4,4,4,4,0,0,0,0,0.0,0.0,0.0,0.6156593406593407,1.0,5,True,130,0.11176056338028169,0.9347605633802825,0.6800281690140846,4.785739436619719,33,65.0,44.0,0.1076923076923077,0.23076923076923078,0.05733775266807337,0.1,0.2488791208791209,0.0,0.1,0.07387912087912087,0.1,0.025,0.05,0.0,0.0,0.08
0.401501,76,9809.031055,hard,0.3877803203661328,0.3877803203661328,0,751,8,4,4,4,4,0,0,0,0,0.004084668192219725,0.009807692307692416,0.0,0.4365934065934062,0.0,3,False,120,0.09464788732394366,0.9348732394366225,0.6993802816901411,1.542887323943662,24,65.0,45.0,0.046153846153846156,0.13846153846153847,0.2682168686936459,0.10142963386727691,0.06739120879120875,0.0014296338672769035,0.1,0.05239120879120874,0.0,0.015,0.0,0.0,0.0,0.08
0.227642,75,9847.489027,hard,0.266470251716247,0.266470251716247,0,747,8,4,4,4,4,0,0,0,0,0.005886727688787049,0.0051923076923077495,0.0,0.3105494505494503,0.0,2,False,62,0.047394366197183097,0.9485633802816925,0.5689577464788729,0.45036971830985917,14,65.0,47.0,0.12307692307692308,0.23076923076923078,0.6849267085410649,0.06860612933896279,0.04726593406593403,0.002060354691075467,0.06654577464788733,0.03726593406593403,0.0,0.01,0.0,0.0,0.0,0.08
0.249464,76,9885.975983,hard,0.2572196796338673,0.2572196796338673,0,755,8,4,4,4,4,0,0,0,0,0.006247139588100755,0.015000000000000164,0.0,0.2963186813186812,0.0,2,False,94,0.07450704225352113,0.946140845070422,0.5653802816901408,1.5225176056338028,28,65.0,43.0,0.1076923076923077,0.23076923076923078,0.6165444378411795,0.10218649885583526,0.045558241758241746,0.002186498855835264,0.1,0.035558241758241745,0.0,0.01,0.0,0.0,0.0,0.08
0.268401,74,9923.086899,hard,0.26390732265446226,0.26390732265446226,0,736,8,4,4,4,4,0,0,0,0,0.004925629290617865,0.011826923076923115,0.0,0.38641483516483466,0.0,2,False,168,0.15591549295774648,0.9551267605633827,0.6854366197183103,0.45566901408450705,35,65.0,48.0,0.06153846153846154,0.15384615384615385,0.15610566617587138,0.10172397025171626,0.05636978021978017,0.0017239702517162525,0.1,0.046369780219780166,0.0,0.01,0.0,0.0,0.0,0.08
1.53578,80,9962.432883,hard,0.3940846681922196,1.3940846681922197,1,798,8,4,4,4,4,0,0,0,0,0.03298627002288331,0.0,0.18800000000000028,0.2495879120879121,0.9999999999999961,2,True,112,0.08211267605633803,0.9292394366197199,0.8674366197183114,1.8595774647887324,41,65.0,45.0,0.07692307692307693,0.2,0.15610566617587138,0.11154519450800916,0.18995054945054907,0.011545194508009157,0.1,0.029950549450549452,0.09999999999999962,0.01,0.05,0.0,0.0,0.08
0.41778,77,10001.420821,hard,0.39359267734553777,0.39359267734553777,0,767,8,4,4,4,4,0,0,0,0,0.03377574370709393,0.024230769230769392,0.0,0.45054945054944934,0.0,3,False,123,0.11235915492957746,0.9211267605633833,0.640507042253521,1.7557394366197183,31,65.0,39.0,0.09230769230769231,0.23076923076923078,0.1145020974334985,0.11182151029748288,0.0690659340659339,0.011821510297482874,0.1,0.05406593406593391,0.0,0.015,0.0,0.0,0.0,0.08
0.478444,79,10041.449944,hard,0.44490846681922197,0.44490846681922197,0,789,8,4,4,4,4,0,0,0,0,0.024525171624714088,0.022211538461538595,0.0,0.5737637362637356,0.0,3,False,121,0.10859154929577465,0.9673239436619727,0.7052394366197184,2.474225352112676,30,65.0,48.0,0.06153846153846154,0.16923076923076924,0.05733775266807337,0.10858381006864994,0.08385164835164827,0.00858381006864993,0.1,0.06885164835164827,0.0,0.015,0.0,0.0,0.0,0.08
0.500826,78,10102.83866,hard,0.4848913043478262,0.4848913043478262,0,780,8,4,4,4,4,0,0,0,0,0.004685354691075548,0.011250000000000081,0.0,0.4774587912087907,0.0,3,False,112,0.10348591549295774,0.9211267605633802,0.6920563380281688,1.8539788732394367,34,65.0,45.0,0.06153846153846154,0.16923076923076924,0.25206405738510845,0.10163987414187645,0.07229505494505488,0.0016398741418764417,0.1,0.05729505494505488,0.0,0.015,0.0,0.0,0.0,0.08
1.63695,79,10141.815886,hard,0.4657265446224257,1.4657265446224257,1,789,8,4,4,4,4,0,0,0,0,0.043009153318077,0.014134615384615539,0.2162999999999949,0.45891483516483456,0.9999999999999961,2,True,167,0.12473591549295775,0.951971830985916,0.6970140845070426,1.3302640845070421,29,65.0,48.0,0.06153846153846154,0.15384615384615385,0.2783171932701801,0.11505320366132696,0.2150697802197798,0.015053203661326946,0.1,0.05506978021978014,0.09999999999999963,0.01,0.05,0.0,0.0,0.08
0.304359,78,10181.727665,hard,0.3419965675057207,0.3419965675057207,0,773,7,3,4,3,4,0,0,0,1,0.0013215102974827805,0.003173076923076786,0.0,0.3266620879120878,0.0,2,False,138,0.12485915492957747,0.9525915492957755,0.762788732394367,1.5910915492957747,32,65.0,53.0,0.046153846153846156,0.1076923076923077,0.25206405738510845,0.07046252860411897,0.04919945054945053,0.00046252860411897314,0.1,0.03919945054945053,0.0,0.01,0.0,0.0,0.03,0.08
0.373175,75,10219.033174,hard,0.388924485125858,0.388924485125858,0,749,7,3,4,3,4,0,0,0,1,0.004084668192219608,0.009807692307692135,0.0,0.4393406593406589,0.0,3,False,102,0.09232394366197183,0.9521126760563392,0.7761690140845076,1.5450704225352112,53,65.0,45.0,0.1076923076923077,0.2,0.05733775266807337,0.07142963386727687,0.06772087912087908,0.0014296338672768626,0.1,0.05272087912087908,0.0,0.015,0.0,0.0,0.03,0.08
0.241179,72,10253.85046,hard,0.29140160183066366,0.29140160183066366,0,713,7,3,4,3,4,0,0,0,1,0.00415903890160184,0.00998626373626376,0.0,0.20517857142857146,0.0,1,False,116,0.10586267605633803,0.9154929577464813,0.6652676056338027,0.6657042253521127,32,65.0,35.0,0.12307692307692308,0.26153846153846155,0.17149028156048673,0.07145566361556065,0.029621428571428573,0.0014556636155606442,0.1,0.024621428571428572,0.0,0.005,0.0,0.0,0.03,0.08
0.400765,77,10291.783376,hard,0.38431922196796325,0.38431922196796325,0,770,8,4,4,4,4,0,0,0,0,0.010812356979404985,0.020480769230769347,0.013299999999999427,0.40164835164835067,0.06463333333333275,3,False,138,0.11123239436619718,0.9782816901408441,0.7597464788732394,1.7745950704225353,29,65.0,46.0,0.046153846153846156,0.13846153846153847,0.09911748204888313,0.10378432494279174,0.06966113553113536,0.0037843249427917448,0.1,0.048197802197802085,0.006463333333333276,0.015,0.0,0.0,0.0,0.08
1.697161,89,10335.427383,hard,0.6181350114416476,1.6181350114416477,1,883,8,4,4,4,4,0,0,0,0,0.009731121281464552,0.023365384615384666,0.0,0.609890109890109,0.4573333333333333,5,False,140,0.11408450704225352,0.9154929577464788,0.7596619718309857,5.048045774647887,31,65.0,43.0,0.07692307692307693,0.2,0.1145020974334985,0.1034058924485126,0.1439201465201464,0.0034058924485125927,0.1,0.07318681318681305,0.045733333333333334,0.025,0.0,0.0,0.0,0.08
1.675284,100,10415.324689,hard,0.5811212814645309,1.5811212814645308,1,1000,8,4,4,4,4,0,0,0,0,0.01838100686498863,0.04413461538461556,0.0,0.5777472527472507,0.784,4,False,228,0.17869718309859156,0.920591549295775,0.81912676056338,2.5440492957746477,31,65.0,43.0,0.046153846153846156,0.13846153846153847,0.05733775266807337,0.10643335240274603,0.16772967032967007,0.0064333524027460195,0.1,0.06932967032967008,0.0784,0.02,0.0,0.0,0.0,0.08
2.77738,79,10454.841223,hard,0.5899771167048055,2.5899771167048056,2,789,8,4,4,4,4,0,0,0,0,0.04315217391304364,0.05210164835164864,0.12500000000000028,0.5099999999999975,0.9999999999999967,4,True,78,0.09063380281690141,0.9485633802816895,0.7691830985915494,4.829031690140845,41,65.0,49.0,0.1076923076923077,0.2153846153846154,0.1145020974334985,0.11510326086956528,0.23119999999999935,0.015103260869565276,0.1,0.061199999999999685,0.09999999999999969,0.02,0.05,0.0,0.0,0.08
0.543266,78,10493.31461,hard,0.4851258581235698,0.4851258581235698,0,780,8,4,4,4,4,0,0,0,0,0.030572082379862874,0.038653846153846434,0.0,0.6703296703296696,0.0,5,False,164,0.12670774647887323,0.9388450704225345,0.7849295774647883,1.583450704225352,31,65.0,49.0,0.06153846153846154,0.15384615384615385,0.13491422385153698,0.11070022883295201,0.10543956043956035,0.010700228832952005,0.1,0.08043956043956034,0.0,0.025,0.0,0.0,0.0,0.08
0.45201,76,10531.441865,hard,0.41863844393592653,0.41863844393592653,0,751,8,4,4,4,4,0,0,0,0,0.008169336384439086,0.006057692307692234,0.03289999999999858,0.4346291208791206,0.18456666666666524,3,False,145,0.1291901408450704,0.9204507042253522,0.6568450704225349,1.5714788732394367,27,65.0,42.0,0.07692307692307693,0.2,0.1956217818146278,0.10285926773455369,0.085612161172161,0.0028592677345536796,0.1,0.05215549450549447,0.018456666666666528,0.015,0.0,0.0,0.0,0.08
2.922051,87,10575.451963,hard,0.7621281464530892,2.7621281464530894,2,870,8,4,4,4,4,0,0,0,0,0.029073226544621626,0.0233653846153847,0.11269999999999514,0.6760989010989001,1.0,5,True,63,0.038820422535211264,0.9663380281690149,0.8084225352112674,4.4513908450704225,39,65.0,51.0,0.06153846153846154,0.13846153846153847,0.1956217818146278,0.07079094619202601,0.256131868131868,0.010175629290617568,0.06061531690140844,0.081131868131868,0.1,0.025,0.05,0.0,0.0,0.08
0.502032,77,10613.398756,hard,0.40564645308924435,0.40564645308924435,0,762,8,4,4,4,4,0,0,0,0,0.025949656750571648,0.017019230769230856,0.10989999999999726,0.3901098901098893,0.8168999999999952,3,False,129,0.08329225352112676,0.9485633802816897,0.803943661971831,2.2061971830985914,56,65.0,41.0,0.06153846153846154,0.15384615384615385,0.09911748204888313,0.10908237986270009,0.14350318681318625,0.009082379862700074,0.1,0.04681318681318671,0.08168999999999953,0.015,0.0,0.0,0.0,0.08
2.7811,96,10694.871003,hard,0.6116819221967962,2.611681922196796,2,951,8,4,4,4,4,0,0,0,0,0.020183066361555712,0.02769230769230753,0.0,0.5621153846153834,1.0,4,True,116,0.09003521126760564,0.9485633802816902,0.8395492957746477,2.5394894366197183,34,65.0,47.0,0.06153846153846154,0.15384615384615385,0.24645788980805483,0.1070640732265445,0.23745384615384602,0.007064073226544498,0.1,0.067453846153846,0.1,0.02,0.05,0.0,0.0,0.08
0.285417,79,10734.883876,hard,0.33392448512585815,0.33392448512585815,0,782,7,3,4,3,4,0,0,0,1,0.0033638443935926714,0.008076923076923063,0.0,0.27747252747252715,0.0,2,False,96,0.06295774647887324,0.926084507042256,0.5506197183098589,1.1766549295774649,26,65.0,48.0,0.06153846153846154,0.13846153846153847,0.19172340579500008,0.06639565539691238,0.043296703296703265,0.001177345537757435,0.09521830985915494,0.03329670329670326,0.0,0.01,0.0,0.0,0.03,0.08
0.469581,82,10776.186305,hard,0.44298054919908464,0.44298054919908464,0,817,8,4,4,4,4,0,0,0,0,0.038975972540045846,0.036717032967033054,0.0,0.5479807692307678,0.051333333333333335,4,False,75,0.06169014084507042,0.9528450704225355,0.823014084507042,1.5341901408450704,39,65.0,47.0,0.07692307692307693,0.16923076923076924,0.13491422385153698,0.09740919602281888,0.0908910256410255,0.013641590389016047,0.08376760563380282,0.06575769230769216,0.0051333333333333335,0.02,0.0,0.0,0.0,0.08
0.354318,74,10813.294977,hard,0.41723112128146456,0.41723112128146456,0,740,5,1,4,1,4,0,0,0,3,0.000600686498855825,0.0014423076923076679,0.0,0.5073076923076922,0.0,4,False,150,0.1055281690140845,0.9557464788732406,0.8140000000000003,0.6537676056338028,42,65.0,41.0,0.09230769230769231,0.24615384615384617,0.05733775266807337,0.010210240274599547,0.08087692307692307,0.00021024027459953877,0.1,0.060876923076923065,0.0,0.02,0.0,0.0,0.09,0.08
2.772628,76,10849.207817,hard,0.6046338672768878,2.604633867276888,2,753,8,4,4,4,4,0,0,0,0,0.031550343249427786,0.02527472527472527,0.122499999999999,0.5451923076923064,0.9999999999999959,4,True,79,0.04977112676056338,0.9276338028169013,0.8221690140845066,2.411320422535211,29,65.0,46.0,0.07692307692307693,0.16923076923076924,-0.0,0.08787096520772227,0.23542307692307635,0.011042620137299725,0.07682834507042254,0.06542307692307676,0.0999999999999996,0.02,0.05,0.0,0.0,0.08
1.622543,81,10886.2866,hard,0.5682551487414188,1.568255148741419,1,805,8,4,4,4,4,0,0,0,0,0.03856407322654448,0.010096153846153854,0.00069999999999997,0.6098901098901116,0.0310333333333333,5,False,96,0.08535211267605634,0.9517183098591571,0.6761690140845069,1.9542429577464788,33,65.0,47.0,0.06153846153846154,0.15384615384615385,0.13491422385153698,0.11349742562929058,0.1012901465201467,0.013497425629290566,0.1,0.07318681318681337,0.0031033333333333303,0.025,0.0,0.0,0.0,0.08
0.503508,82,10933.234243,hard,0.4612814645308923,0.4612814645308923,0,817,8,4,4,4,4,0,0,0,0,0.015572082379862531,0.028159340659340653,0.022399999999999035,0.5730769230769217,0.09706666666666569,4,False,142,0.09478873239436619,0.9670140845070454,0.7154929577464784,1.1398943661971832,27,65.0,31.0,0.1076923076923077,0.3230769230769231,0.05733775266807337,0.1054502288329519,0.09847589743589716,0.005450228832951885,0.1,0.06876923076923058,0.00970666666666657,0.02,0.0,0.0,0.0,0.08
0.331964,75,10967.767369,hard,0.3479405034324943,0.3479405034324943,0,742,8,4,4,4,4,0,0,0,0,0.005286041189931384,0.012692307692307774,0.0,0.21978021978021917,0.0,2,False,154,0.0948943661971831,0.917971830985916,0.7492957746478874,1.5267429577464788,40,65.0,43.0,0.07692307692307693,0.18461538461538463,0.13491422385153698,0.10185011441647598,0.0363736263736263,0.001850114416475984,0.1,0.0263736263736263,0.0,0.01,0.0,0.0,0.0,0.08
2.97232,100,11017.204473,hard,0.7803203661327232,2.780320366132723,2,1000,8,4,4,4,4,0,0,0,0,0.016075514874141893,0.0,0.0,0.7197802197802198,1.0,6,True,168,0.12971830985915492,0.9358309859154957,0.7021126760563386,4.473556338028169,28,65.0,45.0,0.07692307692307693,0.16923076923076924,0.15610566617587138,0.10562643020594967,0.2663736263736264,0.005626430205949662,0.1,0.08637362637362636,0.09999999999999999,0.030000000000000002,0.05,0.0,0.0,0.08
0.186249,74,11056.112768,hard,0.31750572082379863,0.31750572082379863,0,734,4,0,4,0,4,0,0,0,4,0.0,0.0,0.0,0.26785714285714285,0.0,2,False,182,0.16126760563380282,0.9204507042253536,0.6330422535211265,0.757588028169014,30,65.0,48.0,0.046153846153846156,0.13846153846153847,0.13491422385153698,-0.01999999999999999,0.04214285714285714,0.0,0.1,0.03214285714285714,0.0,0.01,0.0,0.0,0.12,0.08
0.253001,75,11094.070146,hard,0.3234553775743707,0.3234553775743707,0,749,6,2,4,2,4,0,0,0,2,0.0016819221967963372,0.004038461538461535,0.0,0.28214285714285703,0.0,2,False,158,0.13718309859154929,0.9204507042253548,0.6278309859154928,0.8213380281690141,21,65.0,41.0,0.06153846153846154,0.18461538461538463,0.05733775266807337,0.04058867276887873,0.04385714285714284,0.000588672768878718,0.1,0.033857142857142836,0.0,0.01,0.0,0.0,0.06,0.08
0.170647,72,11129.644848,hard,0.2513157894736842,0.2513157894736842,0,711,6,2,4,2,4,0,0,0,2,0.0028604118993135015,0.006868131868131869,0.0,0.3561813186813184,0.0,2,False,61,0.061584507042253524,0.9364225352112687,0.6690985915492954,1.1501232394366196,48,65.0,40.0,0.06153846153846154,0.18461538461538463,0.23296603544749966,0.017689524446449875,0.052741758241758224,0.0010011441647597254,0.07668838028169014,0.04274175824175822,0.0,0.01,0.0,0.0,0.06,0.08
0.396795,77,11169.229912,hard,0.3963100686498856,0.3963100686498856,0,769,8,4,4,4,4,0,0,0,0,0.003123569794050345,0.006057692307692374,0.0,0.34409340659340626,0.0,3,False,138,0.11669014084507043,0.9211267605633808,0.8224225352112676,2.2726232394366197,38,65.0,48.0,0.06153846153846154,0.15384615384615385,0.1956217818146278,0.10109324942791763,0.05629120879120874,0.0010932494279176207,0.1,0.04129120879120874,0.0,0.015,0.0,0.0,0.0,0.08
2.863968,76,11220.98076,hard,0.7111727688787185,2.7111727688787184,2,758,8,4,4,4,4,0,0,0,0,0.024147597254004352,0.003750000000000041,0.1315999999999986,0.5537499999999999,0.9999999999999959,4,True,62,0.04359154929577465,0.91549295774648,0.7083380281690139,4.030105633802817,34,65.0,43.0,0.046153846153846156,0.13846153846153847,0.15610566617587138,0.07214532101073251,0.2364499999999996,0.008451659038901523,0.06369366197183099,0.06644999999999997,0.09999999999999962,0.02,0.05,0.0,0.0,0.08
1.555062,74,11258.510358,hard,0.45537757437070936,1.4553775743707094,1,735,7,3,4,3,4,0,0,0,1,0.01647597254004579,0.005769230769230833,0.0,0.18681318681318657,1.0,1,True,105,0.06633802816901409,0.9285633802816899,0.662619718309859,1.9413204225352112,37,65.0,46.0,0.06153846153846154,0.18461538461538463,0.09911748204888313,0.07576659038901604,0.17741758241758238,0.005766590389016028,0.1,0.022417582417582384,0.09999999999999999,0.005,0.05,0.0,0.03,0.08
0.271567,100,11308.433848,hard,0.3110983981693364,0.3110983981693364,0,1000,8,4,4,4,4,0,0,0,0,0.005766590389016015,0.013846153846153838,0.0,0.23708791208791186,0.0,2,False,266,0.21630281690140846,0.9450140845070434,0.7398873239436621,1.328274647887324,32,65.0,47.0,0.06153846153846154,0.15384615384615385,0.1145020974334985,0.1020183066361556,0.03845054945054943,0.002018306636155605,0.1,0.02845054945054943,0.0,0.01,0.0,0.0,0.0,0.08
1.717917,90,11354.06547,hard,0.5989130434782609,1.598913043478261,1,900,8,4,4,4,4,0,0,0,0,0.037917620137299914,0.06046703296703304,0.0,0.6377747252747236,0.742,5,False,160,0.13732394366197184,0.9703098591549326,0.717408450704225,1.9855985915492957,38,65.0,44.0,0.09230769230769231,0.2,0.05733775266807337,0.11327116704805498,0.17573296703296684,0.01327116704805497,0.1,0.07653296703296682,0.07420000000000002,0.025,0.0,0.0,0.0,0.08
1.593371,79,11394.426288,hard,0.4425400457665904,1.4425400457665905,1,783,8,4,4,4,4,0,0,0,0,0.03871281464530902,0.01932692307692319,0.17866666666666695,0.2965109890109881,0.9999999999999961,2,True,236,0.18471830985915494,0.9373521126760587,0.7358309859154936,1.184119718309859,30,65.0,49.0,0.06153846153846154,0.15384615384615385,0.09911748204888313,0.11354948512585816,0.19558131868131817,0.013549485125858154,0.1,0.03558131868131857,0.09999999999999962,0.01,0.05,0.0,0.0,0.08
0.205759,73,11431.64824,hard,0.2851144164759725,0.2851144164759725,0,728,6,2,4,2,4,0,0,0,2,0.016098398169336416,0.002307692307692333,0.0,0.19008241758241748,0.0,1,False,169,0.12049295774647888,0.9211267605633817,0.7304507042253519,1.5080457746478872,36,65.0,49.0,0.07692307692307693,0.16923076923076924,0.09911748204888313,0.04563443935926775,0.027809890109890108,0.005634439359267744,0.1,0.022809890109890107,0.0,0.005,0.0,0.0,0.06,0.08
0.418679,80,11498.15271,hard,0.39833524027459954,0.39833524027459954,0,793,8,4,4,4,4,0,0,0,0,0.021264302059496757,0.0025961538461538747,0.0,0.44751373626373614,0.035,3,False,95,0.07544014084507042,0.9470140845070425,0.7207042253521122,1.4715845070422535,36,65.0,45.0,0.06153846153846154,0.15384615384615385,0.1145020974334985,0.10744250572082387,0.07220164835164833,0.007442505720823865,0.1,0.053701648351648326,0.0035,0.015,0.0,0.0,0.0,0.08
0.315124,76,11537.371421,hard,0.39172768878718534,0.39172768878718534,0,753,5,1,4,1,4,0,0,0,3,0.0004805491990846736,0.0011538461538461667,0.0,0.4460714285714285,0.0,3,False,128,0.09633802816901409,0.9632394366197197,0.7250140845070425,2.073151408450704,33,65.0,43.0,0.06153846153846154,0.15384615384615385,0.05733775266807337,0.010168192219679642,0.06852857142857142,0.00016819221967963573,0.1,0.053528571428571425,0.0,0.015,0.0,0.0,0.09,0.08
0.516562,75,11576.278416,hard,0.4720308924485126,0.4720308924485126,0,747,8,4,4,4,4,0,0,0,0,0.007328375286041234,0.017596153846153952,0.0,0.6388873626373655,0.0,4,False,167,0.11818661971830986,0.9211267605633818,0.778478873239437,1.6957394366197183,42,65.0,36.0,0.07692307692307693,0.2,-0.0,0.10256493135011444,0.09666648351648387,0.0025649313501144317,0.1,0.07666648351648386,0.0,0.02,0.0,0.0,0.0,0.08
0.31575,73,11612.552525,hard,0.3460812356979404,0.3460812356979404,0,726,7,3,4,3,4,0,0,0,1,0.005406178489702427,0.012980769230769015,0.0,0.33646978021977964,0.0,2,False,93,0.08350352112676056,0.963042253521126,0.734901408450704,1.1054401408450705,42,65.0,44.0,0.07692307692307693,0.2,0.1145020974334985,0.07189216247139586,0.05037637362637355,0.0018921624713958494,0.1,0.04037637362637355,0.0,0.01,0.0,0.0,0.03,0.08
0.492464,82,11653.990525,hard,0.45815789473684204,0.45815789473684204,0,815,8,4,4,4,4,0,0,0,0,0.02294050343249392,0.017005494505494594,0.0,0.5648076923076917,0.0,4,False,142,0.12132042253521126,0.9254084507042271,0.6004507042253521,1.4973239436619719,33,65.0,51.0,0.06153846153846154,0.13846153846153847,0.29009774768186847,0.10802917620137288,0.08777692307692303,0.008029176201372872,0.1,0.06777692307692303,0.0,0.02,0.0,0.0,0.0,0.08
2.775357,79,11694.792835,hard,0.585812356979405,2.585812356979405,2,782,8,4,4,4,4,0,0,0,0,0.05069794050343167,0.03375000000000026,0.2134999999999946,0.4999999999999982,0.9999999999999963,4,True,180,0.12401408450704225,0.9300563380281683,0.8289859154929574,2.6120598591549298,36,65.0,45.0,0.07692307692307693,0.18461538461538463,-0.0,0.11774427917620109,0.22999999999999943,0.017744279176201083,0.1,0.0599999999999998,0.09999999999999964,0.02,0.05,0.0,0.0,0.08
0.418833,78,11750.764945,hard,0.40600686498855837,0.40600686498855837,0,775,8,4,4,4,4,0,0,0,0,0.007665903890160185,0.0,0.0,0.48035714285714287,0.0,2,False,206,0.1602112676056338,0.9447887323943678,0.6603098591549291,1.1027288732394367,32,65.0,48.0,0.06153846153846154,0.15384615384615385,0.1956217818146278,0.10268306636155607,0.06764285714285716,0.0026830663615560646,0.1,0.057642857142857155,0.0,0.01,0.0,0.0,0.0,0.08
0.521865,81,11793.076951,hard,0.47877574370709364,0.47877574370709364,0,809,8,4,4,4,4,0,0,0,0,0.016578947368420558,0.0,0.0,0.6098901098901099,0.0,5,False,133,0.11359154929577465,0.9416338028169032,0.7127323943661973,1.2470598591549296,44,65.0,45.0,0.1076923076923077,0.2,0.1956217818146278,0.1058026315789472,0.09818681318681322,0.005802631578947195,0.1,0.07318681318681321,0.0,0.025,0.0,0.0,0.0,0.08
0.589923,77,11831.816316,hard,0.4996510297482833,0.4996510297482833,0,768,8,4,4,4,4,0,0,0,0,0.02715102974828343,0.03086538461538484,0.08329999999999757,0.3958791208791193,0.7506333333333297,3,False,119,0.09007042253521126,0.9260845070422538,0.8115492957746476,2.5397535211267606,28,65.0,48.0,0.07692307692307693,0.18461538461538463,0.16676100196548832,0.1095028604118992,0.1375688278388273,0.009502860411899199,0.1,0.047505494505494315,0.07506333333333297,0.015,0.0,0.0,0.0,0.08
2.684751,80,11871.664088,hard,0.5416475972540046,2.5416475972540047,2,798,8,4,4,4,4,0,0,0,0,0.0019221967963386315,0.0023076923076923088,0.005599999999999759,0.39395604395604383,1.0,3,True,85,0.06327464788732394,0.9372394366197186,0.7852394366197184,3.12737676056338,37,65.0,52.0,0.046153846153846156,0.1076923076923077,0.05733775266807337,0.09062875479421148,0.21227472527472524,0.0006727688787185209,0.08995598591549296,0.04727472527472526,0.1,0.015,0.05,0.0,0.0,0.08
0.249601,75,11910.049057,hard,0.2779462242562929,0.2779462242562929,0,743,8,4,4,4,4,0,0,0,0,0.000600686498855842,0.0014423076923077084,0.0,0.17287087912087906,0.0,1,False,105,0.07288732394366197,0.9260845070422556,0.6971549295774653,1.6781338028169015,32,65.0,46.0,0.046153846153846156,0.13846153846153847,0.1956217818146278,0.10021024027459954,0.025744505494505486,0.00021024027459954465,0.1,0.020744505494505485,0.0,0.005,0.0,0.0,0.0,0.08
0.311838,77,11949.166008,hard,0.32265446224256294,0.32265446224256294,0,770,8,4,4,4,4,0,0,0,0,0.007305491990846704,0.003983516483516484,0.0,0.28021978021978006,0.0,2,False,158,0.11919014084507042,0.9285633802816928,0.6287323943661967,0.6560035211267605,21,65.0,43.0,0.06153846153846154,0.18461538461538463,0.05733775266807337,0.10255692219679635,0.043626373626373616,0.0025569221967963462,0.1,0.033626373626373614,0.0,0.01,0.0,0.0,0.0,0.08
0.445578,73,11985.905839,hard,0.43935926773455375,0.43935926773455375,0,728,7,3,4,3,4,0,0,0,1,0.00504576659038903,0.01211538461538465,0.0,0.5604395604395599,0.0,4,False,137,0.11551056338028169,0.9398309859154951,0.5743943661971828,0.9962676056338028,38,65.0,49.0,0.06153846153846154,0.15384615384615385,0.2682168686936459,0.07176601830663616,0.08725274725274719,0.0017660183066361603,0.1,0.06725274725274719,0.0,0.02,0.0,0.0,0.03,0.08
0.310076,80,12047.267685,hard,0.3250572082379863,0.3250572082379863,0,793,8,4,4,4,4,0,0,0,0,0.0,0.0,0.0,0.28598901098901097,0.0,2,False,105,0.06470070422535211,0.9476901408450699,0.6850985915492956,1.5974295774647886,33,65.0,46.0,0.07692307692307693,0.2,0.38967491864604253,0.1,0.044318681318681316,0.0,0.1,0.034318681318681314,0.0,0.01,0.0,0.0,0.0,0.08
1.574831,100,12098.773069,hard,0.5176201372997712,1.517620137299771,1,1000,8,4,4,4,4,0,0,0,0,0.015497711670480632,0.02480769230769248,0.0,0.6098901098901087,0.336,5,False,197,0.15140845070422534,0.9376338028169033,0.5722816901408447,0.7342429577464789,28,65.0,48.0,0.046153846153846156,0.13846153846153847,0.2783171932701801,0.10542419908466823,0.13178681318681307,0.00542419908466822,0.1,0.07318681318681308,0.0336,0.025,0.0,0.0,0.0,0.08
0.331734,79,12136.86477,hard,0.34433638443935927,0.34433638443935927,0,785,8,4,4,4,4,0,0,0,0,0.010451945080091514,0.025096153846153803,0.0,0.3322802197802187,0.0,2,False,96,0.059154929577464786,0.9267605633802838,0.8016338028169024,1.173556338028169,40,65.0,49.0,0.07692307692307693,0.16923076923076924,0.09911748204888313,0.09602437796113063,0.04987362637362625,0.0036581807780320303,0.0923661971830986,0.03987362637362625,0.0,0.01,0.0,0.0,0.0,0.08
2.705353,83,12175.850323,hard,0.540045766590389,2.540045766590389,2,824,8,4,4,4,4,0,0,0,0,0.04541189931350018,0.022500000000000138,0.20999999999999408,0.390109890109889,0.9999999999999968,3,True,116,0.09767605633802817,0.9348169014084514,0.7694647887323944,1.6529401408450703,33,65.0,45.0,0.046153846153846156,0.13846153846153847,0.16676100196548832,0.11589416475972507,0.2118131868131864,0.015894164759725063,0.1,0.04681318681318668,0.0999999999999997,0.015,0.05,0.0,0.0,0.08
0.51179,77,12211.778949,hard,0.45171624713958725,0.45171624713958725,0,766,8,4,4,4,4,0,0,0,0,0.01807780320366055,0.0001373626373626375,0.10499999999999547,0.3901098901098901,0.4853333333333288,3,False,180,0.15183098591549296,0.9447887323943674,0.6396056338028167,0.913169014084507,35,65.0,43.0,0.06153846153846154,0.15384615384615385,0.1956217818146278,0.1063272311212812,0.1103465201465197,0.0063272311212811926,0.1,0.046813186813186816,0.04853333333333289,0.015,0.0,0.0,0.0,0.08
2.901744,96,12255.66155,hard,0.6933237986270021,2.693323798627002,2,960,8,4,4,4,4,0,0,0,0,0.05156178489702519,0.03440934065934081,0.19733333333333364,0.7197802197802193,0.9999999999999961,6,True,90,0.07362676056338029,0.9551267605633827,0.5947042253521123,0.8073415492957746,28,65.0,47.0,0.06153846153846154,0.15384615384615385,0.13491422385153698,0.11804662471395883,0.26637362637362594,0.018046624713958813,0.1,0.08637362637362632,0.09999999999999962,0.030000000000000002,0.05,0.0,0.0,0.08
3.115334,98,12312.341016,hard,0.8993135011441648,2.8993135011441646,2,977,8,4,4,4,4,0,0,0,0,0.06494851258581165,0.02527472527472527,0.20929999999999407,0.7582417582417623,0.999999999999997,6,True,133,0.08195422535211268,0.9366760563380297,0.6516056338028168,1.5313204225352113,47,65.0,42.0,0.1076923076923077,0.27692307692307694,0.1145020974334985,0.12273197940503408,0.2709890109890112,0.022731979405034075,0.1,0.09098901098901148,0.09999999999999971,0.030000000000000002,0.05,0.0,0.0,0.08
0.369103,85,12351.606246,hard,0.34689359267734515,0.34689359267734515,0,847,8,4,4,4,4,0,0,0,0,0.01922196796338646,0.02682692307692327,0.04689999999999798,0.4999999999999986,0.2032333333333313,4,False,83,0.0511443661971831,0.9541408450704226,0.8836619718309859,1.6483626760563381,44,65.0,45.0,0.06153846153846154,0.16923076923076924,0.05733775266807337,0.08658596343507259,0.10032333333333297,0.00672768878718526,0.07985827464788733,0.05999999999999984,0.02032333333333313,0.02,0.0,0.0,0.0,0.08
0.316871,76,12388.874909,hard,0.3274599542334096,0.3274599542334096,0,756,8,4,4,4,4,0,0,0,0,0.0,0.0,0.0,0.2917582417582418,0.0,2,False,229,0.19022887323943663,0.9211267605633812,0.8100563380281692,0.9924471830985916,34,65.0,48.0,0.09230769230769231,0.18461538461538463,-0.0,0.1,0.04501098901098901,0.0,0.1,0.03501098901098901,0.0,0.01,0.0,0.0,0.0,0.08
0.519147,82,12427.262336,hard,0.42814645308924487,0.42814645308924487,0,818,8,4,4,4,4,0,0,0,0,0.013335240274599687,0.03201923076923112,0.0,0.4999999999999982,0.6813333333333333,4,False,156,0.1288732394366197,0.9236056338028191,0.6118028169014081,1.0813732394366198,29,65.0,53.0,0.046153846153846156,0.1076923076923077,0.16676100196548832,0.1046673340961099,0.14813333333333314,0.0046673340961098896,0.1,0.0599999999999998,0.06813333333333335,0.02,0.0,0.0,0.0,0.08
0.426523,75,12462.554444,hard,0.40877002288329495,0.40877002288329495,0,743,8,4,4,4,4,0,0,0,0,0.006367276887871578,0.0,0.0370999999999984,0.25824175824175827,0.5550999999999984,2,False,66,0.05376760563380282,0.9254084507042268,0.7259436619718309,1.2800528169014085,43,65.0,52.0,0.06153846153846154,0.12307692307692308,0.09911748204888313,0.07555425113610717,0.09649901098901083,0.002228546910755052,0.07332570422535212,0.03098901098901098,0.05550999999999985,0.01,0.0,0.0,0.0,0.08
2.72939,80,12500.436768,hard,0.5636727688787185,2.5636727688787184,2,798,8,4,4,4,4,0,0,0,0,0.01970251716247113,0.029134615384615533,0.0,0.446840659340658,1.0,3,True,152,0.1253169014084507,0.9625633802816922,0.7579436619718313,2.492042253521127,37,65.0,48.0,0.07692307692307693,0.18461538461538463,0.09911748204888313,0.1068958810068649,0.21862087912087896,0.006895881006864895,0.1,0.05362087912087897,0.1,0.015,0.05,0.0,0.0,0.08
0.27658,79,12545.656775,hard,0.30145308924485115,0.30145308924485115,0,784,8,4,4,4,4,0,0,0,0,0.0028832951945079043,0.006923076923076671,0.0,0.22931318681318652,0.0,1,False,126,0.10859154929577465,0.9398309859154943,0.827211267605635,1.843169014084507,40,65.0,47.0,0.06153846153846154,0.15384615384615385,0.05733775266807337,0.10100915331807778,0.032517582417582375,0.0010091533180777664,0.1,0.027517582417582377,0.0,0.005,0.0,0.0,0.0,0.08
1.59863,79,12583.571288,hard,0.5136270022883285,1.5136270022883285,1,782,8,4,4,4,4,0,0,0,0,0.02450800915331703,0.0,0.1413999999999939,0.48626373626373626,0.6127333333333272,3,False,164,0.14035211267605635,0.9686197183098608,0.6775211267605631,1.7351408450704224,33,65.0,48.0,0.046153846153846156,0.13846153846153847,-0.0,0.10857780320366096,0.1346249816849811,0.00857780320366096,0.1,0.058351648351648355,0.06127333333333273,0.015,0.0,0.0,0.0,0.08
2.852414,79,12621.930637,hard,0.6780320366132723,2.6780320366132724,2,787,8,4,4,4,4,0,0,0,0,0.0176601830663617,0.015000000000000164,0.06650000000000046,0.47417582417582343,0.9999999999999967,4,True,126,0.07764084507042253,0.915492957746479,0.6464225352112674,2.771531690140845,30,65.0,44.0,0.07692307692307693,0.2,-0.0,0.1061810640732266,0.2269010989010985,0.006181064073226596,0.1,0.05690109890109881,0.09999999999999967,0.02,0.05,0.0,0.0,0.08
0.402288,79,12659.70771,hard,0.3906064073226545,0.3906064073226545,0,785,8,4,4,4,4,0,0,0,0,0.005646453089244901,0.013557692307692427,0.0,0.4433791208791203,0.0,3,False,104,0.09028169014084507,0.9323943661971846,0.6307887323943656,0.8648767605633803,37,65.0,45.0,0.06153846153846154,0.18461538461538463,0.09911748204888313,0.10197625858123573,0.06820549450549444,0.001976258581235715,0.1,0.053205494505494444,0.0,0.015,0.0,0.0,0.0,0.08
0.272619,90,12703.609234,hard,0.30112700228832956,0.30112700228832956,0,898,8,4,4,4,4,0,0,0,0,0.011052631578947404,0.018750000000000107,0.0,0.22853021978021887,0.0,2,False,132,0.11080985915492958,0.9476901408450712,0.80974647887324,1.502781690140845,35,65.0,41.0,0.09230769230769231,0.18461538461538463,0.15610566617587138,0.1038684210526316,0.03742362637362627,0.0038684210526315913,0.1,0.02742362637362627,0.0,0.01,0.0,0.0,0.0,0.08
0.443803,78,12741.439897,hard,0.3998798627002288,0.3998798627002288,0,780,8,4,4,4,4,0,0,0,0,0.02076086956521739,0.0025961538461537342,0.0,0.23103021978021968,0.5693333333333334,2,False,154,0.12654929577464788,0.9154929577464794,0.7002253521126761,1.0388732394366198,32,65.0,45.0,0.07692307692307693,0.18461538461538463,0.22338824700260326,0.1072663043478261,0.0946569597069597,0.007266304347826086,0.1,0.02772362637362636,0.05693333333333334,0.01,0.0,0.0,0.0,0.08
0.296011,78,12777.53368,hard,0.3125,0.3125,0,774,8,4,4,4,4,0,0,0,0,0.0006006864988558094,0.0014423076923076304,0.0,0.255837912087912,0.0,2,False,120,0.07503521126760564,0.9211267605633804,0.7790422535211267,2.1637852112676055,38,65.0,46.0,0.046153846153846156,0.13846153846153847,0.05733775266807337,0.10021024027459954,0.04070054945054945,0.0002102402745995333,0.1,0.03070054945054945,0.0,0.01,0.0,0.0,0.0,0.08
0.505645,82,12824.841667,hard,0.46035469107551485,0.46035469107551485,0,817,8,4,4,4,4,0,0,0,0,0.024822654462242678,0.02527472527472527,0.0,0.6108516483516494,0.0,5,False,192,0.1707042253521127,0.929183098591549,0.810647887323943,1.7,45,65.0,50.0,0.046153846153846156,0.13846153846153847,0.16676100196548832,0.10868792906178494,0.09830219780219793,0.008687929061784937,0.1,0.07330219780219792,0.0,0.025,0.0,0.0,0.0,0.08
0.369556,100,12874.006602,hard,0.3195652173913041,0.3195652173913041,0,1000,8,4,4,4,4,0,0,0,0,0.018140732265445974,0.03201923076923067,0.027999999999998793,0.5124999999999987,0.6066666666666655,4,False,80,0.055299295774647886,0.9700845070422529,0.528676056338028,0.58375,29,65.0,36.0,0.13846153846153847,0.2923076923076923,0.26444590718846855,0.08782372812389201,0.14216666666666639,0.006349256292906091,0.08147447183098593,0.06149999999999985,0.06066666666666654,0.02,0.0,0.0,0.0,0.08
0.488397,78,12911.673159,hard,0.4477688787185355,0.4477688787185355,0,778,8,4,4,4,4,0,0,0,0,0.025005720823798743,0.01759615384615393,0.0,0.5806318681318675,0.0,4,False,166,0.1273943661971831,0.9567323943662,0.6273802816901405,0.786443661971831,37,65.0,43.0,0.07692307692307693,0.18461538461538463,0.15610566617587138,0.10875200228832957,0.08967582417582409,0.00875200228832956,0.1,0.06967582417582409,0.0,0.02,0.0,0.0,0.0,0.08
0.314724,77,12950.604708,hard,0.3266590389016018,0.3266590389016018,0,770,8,4,4,4,4,0,0,0,0,0.0018020594965675039,0.0,0.0,0.28695054945054943,0.0,2,False,88,0.08915492957746479,0.9235492957746487,0.7691830985915493,1.6193661971830986,43,65.0,50.0,0.06153846153846154,0.16923076923076924,0.2220630225397998,0.10063072082379863,0.04443406593406593,0.0006307208237986263,0.1,0.03443406593406593,0.0,0.01,0.0,0.0,0.0,0.08
2.668905,80,12990.844687,hard,0.5241304347826087,2.5241304347826086,2,800,8,4,4,4,4,0,0,0,0,0.04433066361556025,0.002307692307692333,0.0,0.3518956043956043,1.0,2,True,81,0.06204225352112676,0.9623661971831007,0.7125633802816905,3.7182922535211267,27,65.0,49.0,0.06153846153846154,0.16923076923076924,0.2783171932701801,0.10254742240629115,0.20222747252747253,0.015515732265446086,0.08703169014084507,0.04222747252747252,0.1,0.01,0.05,0.0,0.0,0.08
2.666845,82,13031.25649,hard,0.5148741418764302,2.5148741418764304,2,819,8,4,4,4,4,0,0,0,0,0.02660183066361565,0.03969780219780231,0.0,0.3296703296703277,1.0,3,True,136,0.10945422535211267,0.9267605633802826,0.8624788732394373,3.053362676056338,45,65.0,47.0,0.06153846153846154,0.15384615384615385,0.16676100196548832,0.10931064073226548,0.20456043956043934,0.009310640732265474,0.1,0.03956043956043933,0.1,0.015,0.05,0.0,0.0,0.08
2.844,78,13078.117931,hard,0.6431922196796339,2.643192219679634,2,780,8,4,4,4,4,0,0,0,0,0.020783752860411932,0.023076923076922863,0.0,0.6377747252747262,1.0,5,True,207,0.1630281690140845,0.921126760563383,0.6669859154929578,2.5853169014084507,34,65.0,52.0,0.06153846153846154,0.13846153846153847,0.15610566617587138,0.10727431350114418,0.2515329670329672,0.007274313501144177,0.1,0.07653296703296716,0.1,0.025,0.05,0.0,0.0,0.08
0.435656,77,13114.076071,hard,0.42694508009153265,0.42694508009153265,0,769,8,4,4,4,4,0,0,0,0,0.014416475972539566,0.006346153846153916,0.06859999999999704,0.3792857142857143,0.3672666666666637,3,False,62,0.043098591549295774,0.9623098591549293,0.6432676056338029,3.3488908450704225,19,65.0,43.0,0.13846153846153847,0.27692307692307694,0.7264149147919106,0.06836971025236067,0.09724095238095208,0.005045766590388848,0.06332394366197183,0.04551428571428571,0.03672666666666637,0.015,0.0,0.0,0.0,0.08
2.655673,78,13152.0098,hard,0.5362185354691077,2.5362185354691076,2,778,8,4,4,4,4,0,0,0,0,0.016939359267734693,0.015288461538461705,0.061600000000000404,0.3809203296703292,0.999999999999997,3,True,63,0.038820422535211264,0.9292394366197191,0.6885070422535211,2.39181338028169,33,65.0,50.0,0.046153846153846156,0.13846153846153847,-0.0,0.06654409264511559,0.21071043956043922,0.005928775743707142,0.06061531690140844,0.045710439560439506,0.09999999999999971,0.015,0.05,0.0,0.0,0.08
1.628479,79,13191.022145,hard,0.48576659038901604,1.485766590389016,1,783,8,4,4,4,4,0,0,0,0,0.02811212814645299,0.009230769230769332,0.03290000000000012,0.25978021978021937,0.9999999999999984,2,True,91,0.0730281690140845,0.9423098591549287,0.7530140845070421,1.6807922535211268,44,65.0,44.0,0.06153846153846154,0.18461538461538463,0.13491422385153698,0.10983924485125855,0.19117362637362623,0.009839244851258543,0.1,0.03117362637362633,0.09999999999999987,0.01,0.05,0.0,0.0,0.08
0.473959,79,13230.93032,hard,0.42218535469107477,0.42218535469107477,0,788,8,4,4,4,4,0,0,0,0,0.018981693363843647,0.0,0.09449999999999592,0.3901098901098901,0.4211666666666626,3,False,94,0.10922535211267606,0.9285633802816905,0.7492112676056338,1.4297711267605633,44,65.0,49.0,0.06153846153846154,0.15384615384615385,0.09911748204888313,0.10664359267734529,0.10392985347985308,0.006643592677345276,0.1,0.04681318681318682,0.04211666666666626,0.015,0.0,0.0,0.0,0.08
0.341662,74,13265.994995,hard,0.3676430205949657,0.3676430205949657,0,740,7,3,4,3,4,0,0,0,1,0.00408466819221969,0.009807692307692333,0.0,0.38824175824175783,0.0,2,False,114,0.08225352112676056,0.9154929577464799,0.8075492957746487,1.201725352112676,34,65.0,44.0,0.06153846153846154,0.16923076923076924,-0.0,0.0714296338672769,0.056589010989010924,0.0014296338672768916,0.1,0.04658901098901092,0.0,0.01,0.0,0.0,0.03,0.08
1.562797,80,13311.46212,hard,0.5200286041189929,1.520028604118993,1,797,8,4,4,4,4,0,0,0,0,0.028472540045766367,0.04673076923076964,0.0,0.6440384615384633,0.0,4,False,96,0.06295774647887324,0.9204507042253557,0.5604507042253519,1.4770422535211267,34,65.0,48.0,0.06153846153846154,0.15384615384615385,0.13491422385153698,0.10518369887517318,0.0972846153846156,0.009965389016018228,0.09521830985915494,0.07728461538461559,0.0,0.02,0.0,0.0,0.0,0.08
2.935989,81,13349.401003,hard,0.7172768878718535,2.7172768878718534,2,806,8,4,4,4,4,0,0,0,0,0.01838100686498868,0.011538461538461565,0.0,0.8156593406593426,1.0,5,True,159,0.14,0.9211267605633796,0.7507042253521125,2.6725528169014083,46,65.0,51.0,0.06153846153846154,0.15384615384615385,0.09911748204888313,0.10643335240274604,0.27287912087912114,0.006433352402746037,0.1,0.09787912087912114,0.1,0.025,0.05,0.0,0.0,0.08
0.356449,76,13385.413029,hard,0.35490846681922195,0.35490846681922195,0,755,8,4,4,4,4,0,0,0,0,0.01177345537757431,0.008076923076922853,0.0,0.3576648351648348,0.0,2,False,180,0.14038732394366196,0.9317183098591582,0.5687887323943659,0.8319014084507043,26,65.0,48.0,0.07692307692307693,0.2,0.13491422385153698,0.10412070938215101,0.05291978021978018,0.004120709382151009,0.1,0.04291978021978018,0.0,0.01,0.0,0.0,0.0,0.08
0.370964,76,13424.367364,hard,0.3459382151029746,0.3459382151029746,0,752,8,4,4,4,4,0,0,0,0,0.004805491990846475,0.0,0.0,0.529532967032967,0.0,3,False,92,0.08830985915492957,0.9551267605633819,0.6530140845070418,1.0510915492957746,26,65.0,43.0,0.09230769230769231,0.18461538461538463,0.37748270497251213,0.10168192219679627,0.07854395604395605,0.0016819221967962659,0.1,0.06354395604395605,0.0,0.015,0.0,0.0,0.0,0.08
1.590628,73,13460.779917,hard,0.46235125858123566,1.4623512585812357,1,728,7,3,4,3,4,0,0,0,1,0.0010812356979404568,0.0,0.0,0.43956043956043955,1.0,4,True,84,0.06126760563380282,0.9317183098591546,0.7874366197183096,2.0940845070422536,42,65.0,46.0,0.046153846153846156,0.13846153846153847,-0.0,0.058329136719631275,0.22274725274725277,0.00037843249427915986,0.08795070422535212,0.05274725274725274,0.1,0.02,0.05,0.0,0.03,0.08
0.169078,72,13496.774328,hard,0.3030892448512586,0.3030892448512586,0,720,4,0,4,0,4,0,0,0,4,0.0,0.0,0.0,0.23324175824175825,0.0,2,False,89,0.09195422535211267,0.9267605633802827,0.682985915492958,0.856919014084507,34,65.0,49.0,0.06153846153846154,0.15384615384615385,0.16676100196548832,-0.01999999999999999,0.03798901098901099,0.0,0.1,0.02798901098901099,0.0,0.01,0.0,0.0,0.12,0.08
0.589143,79,13536.48163,hard,0.49438215102974764,0.49438215102974764,0,790,8,4,4,4,4,0,0,0,0,0.04157894736842044,0.039835164835164895,0.07069999999999695,0.5086538461538442,0.5816999999999969,4,False,111,0.08258802816901409,0.962985915492957,0.6256901408450706,2.1541021126760564,30,65.0,42.0,0.09230769230769231,0.23076923076923078,0.46847202705188323,0.11455263157894716,0.139208461538461,0.014552631578947156,0.1,0.06103846153846131,0.0581699999999997,0.02,0.0,0.0,0.0,0.08
0.435102,76,13583.585356,hard,0.41797482837528566,0.41797482837528566,0,754,8,4,4,4,4,0,0,0,0,0.01129290617848928,0.0028846153846154164,0.058799999999997465,0.39832417582417573,0.26879999999999743,3,False,82,0.05052816901408451,0.9323943661971843,0.7291830985915493,3.0463380281690142,32,65.0,45.0,0.06153846153846154,0.15384615384615385,0.13491422385153698,0.08284864392303463,0.08967890109890081,0.003952517162471248,0.07889612676056339,0.047798901098901066,0.026879999999999744,0.015,0.0,0.0,0.0,0.08
2.864133,90,13627.356528,hard,0.6668993135011443,2.666899313501144,2,894,8,4,4,4,4,0,0,0,0,0.027585812356979388,0.020659340659340737,0.0,0.6831593406593436,1.0,5,True,136,0.1056338028169014,0.94447887323944,0.7123661971830989,2.3612852112676057,38,65.0,49.0,0.06153846153846154,0.15384615384615385,0.09911748204888313,0.1096550343249428,0.2569791208791213,0.009655034324942786,0.1,0.08197912087912125,0.1,0.025,0.05,0.0,0.0,0.08
0.361222,77,13664.843698,hard,0.3612757437070934,0.3612757437070934,0,765,8,4,4,4,4,0,0,0,0,0.010932494279175788,0.0025961538461538747,0.05739999999999752,0.26468406593406585,0.2627333333333308,2,False,76,0.06211267605633803,0.9154929577464795,0.68912676056338,1.5553169014084507,24,65.0,41.0,0.09230769230769231,0.2,-0.0,0.08841088003996506,0.06803542124542099,0.003826372997711526,0.08458450704225352,0.0317620879120879,0.026273333333333086,0.01,0.0,0.0,0.0,0.08
2.978137,79,13704.501978,hard,0.7589187643020594,2.7589187643020594,2,785,8,4,4,4,4,0,0,0,0,0.011413043478260804,0.027403846153845994,0.0,0.7810302197802245,1.0,6,True,168,0.12971830985915492,0.9348732394366194,0.7735211267605636,8.329172535211267,32,65.0,44.0,0.06153846153846154,0.15384615384615385,0.09911748204888313,0.10399456521739128,0.27372362637362696,0.003994565217391281,0.1,0.09372362637362693,0.1,0.030000000000000002,0.05,0.0,0.0,0.08
1.654682,76,13741.27237,hard,0.4867677345537756,1.4867677345537755,1,759,8,4,4,4,4,0,0,0,0,0.010091533180777863,0.012115384615384734,0.00209999999999991,0.46068681318681265,1.0,3,True,157,0.13276408450704225,0.9364225352112678,0.6682535211267605,1.7521830985915492,30,65.0,47.0,0.07692307692307693,0.18461538461538463,0.16676100196548832,0.10353203661327226,0.2202824175824175,0.0035320366132722517,0.1,0.05528241758241752,0.09999999999999999,0.015,0.05,0.0,0.0,0.08
1.77175,100,13789.968524,hard,0.6633867276887871,1.663386727688787,1,1000,8,4,4,4,4,0,0,0,0,0.04831235697940525,0.023942307692307846,0.0,0.6098901098901086,0.7326666666666667,5,False,105,0.09612676056338028,0.9700281690140854,0.8274647887323943,4.459929577464789,36,65.0,44.0,0.06153846153846154,0.18461538461538463,0.13491422385153698,0.11690932494279184,0.1714534798534797,0.016909324942791838,0.1,0.07318681318681304,0.07326666666666666,0.025,0.0,0.0,0.0,0.08
0.464677,93,13845.661756,hard,0.4462242562929063,0.4462242562929063,0,930,8,4,4,4,4,0,0,0,0,0.00766590389016025,0.018406593406593567,0.0,0.5730769230769224,0.0,4,False,144,0.11492957746478873,0.9211267605633804,0.7607323943661974,1.773380281690141,42,65.0,50.0,0.06153846153846154,0.15384615384615385,0.05733775266807337,0.1026830663615561,0.08876923076923067,0.0026830663615560876,0.1,0.06876923076923067,0.0,0.02,0.0,0.0,0.0,0.08
0.486635,75,13884.185669,hard,0.4517791762013727,0.4517791762013727,0,744,8,4,4,4,4,0,0,0,0,0.006127002288329279,0.001442307692307689,0.03219999999999861,0.3356456043956043,0.6178666666666652,2,False,78,0.04806338028169014,0.9211267605633814,0.6715211267605632,1.7936091549295774,36,65.0,49.0,0.06153846153846154,0.15384615384615385,0.16676100196548832,0.07719198601218284,0.11206413919413906,0.0021444508009152478,0.0750475352112676,0.04027747252747252,0.06178666666666654,0.01,0.0,0.0,0.0,0.08
2.848331,100,13934.335141,hard,0.6652173913043479,2.6652173913043478,2,1000,8,4,4,4,4,0,0,0,0,0.042648741418763285,0.03894230769230795,0.15399999999999348,0.6098901098901084,0.9999999999999999,5,True,107,0.07903169014084507,0.9344788732394395,0.6006760563380278,1.9141901408450703,25,65.0,49.0,0.046153846153846156,0.13846153846153847,0.2220630225397998,0.11492705949656716,0.24818681318681302,0.01492705949656715,0.1,0.07318681318681301,0.1,0.025,0.05,0.0,0.0,0.08
0.410769,80,13973.533927,hard,0.393987414187643,0.393987414187643,0,795,8,4,4,4,4,0,0,0,0,0.030034324942791964,0.043269230769230935,0.0,0.4514972527472519,0.0,3,False,97,0.06411971830985916,0.9179718309859162,0.7594929577464788,1.5308450704225351,38,65.0,51.0,0.07692307692307693,0.18461538461538463,0.09911748204888313,0.10710180246237157,0.0691796703296702,0.010512013729977187,0.09658978873239438,0.054179670329670214,0.0,0.015,0.0,0.0,0.0,0.08
1.526428,77,14009.987605,hard,0.5066933638443936,1.5066933638443936,1,770,8,4,4,4,4,0,0,0,0,0.013575514874141931,0.032596153846153976,0.0,0.47486263736263584,0.0,3,False,192,0.18591549295774648,0.964845070422537,0.6590422535211269,3.6363732394366197,23,65.0,47.0,0.06153846153846154,0.15384615384615385,0.13491422385153698,0.10475143020594968,0.07198351648351631,0.004751430205949676,0.1,0.05698351648351631,0.0,0.015,0.0,0.0,0.0,0.08
1.622574,100,14059.717865,hard,0.4731121281464531,1.473112128146453,1,1000,8,4,4,4,4,0,0,0,0,0.02075514874141836,0.02733516483516483,0.054599999999997643,0.47664835164835034,1.0,3,True,116,0.07857394366197183,0.9459436619718314,0.805661971830986,0.8416901408450704,47,65.0,42.0,0.06153846153846154,0.16923076923076924,0.09911748204888313,0.10726430205949643,0.22219780219780205,0.0072643020594964245,0.1,0.05719780219780204,0.1,0.015,0.05,0.0,0.0,0.08
0.370451,73,14102.450279,hard,0.36106979405034323,0.36106979405034323,0,725,8,4,4,4,4,0,0,0,0,0.006247139588100714,0.015000000000000065,0.0,0.3724587912087905,0.0,3,False,154,0.10580985915492958,0.9236056338028188,0.7235492957746479,1.4115845070422535,31,65.0,40.0,0.09230769230769231,0.2153846153846154,0.05733775266807337,0.10218649885583525,0.059695054945054865,0.0021864988558352493,0.1,0.044695054945054866,0.0,0.015,0.0,0.0,0.0,0.08
0.301651,75,14139.92749,hard,0.31759153318077815,0.31759153318077815,0,750,8,4,4,4,4,0,0,0,0,0.005406178489702576,0.012980769230769374,0.0,0.2680631868131863,0.0,1,False,192,0.14450704225352112,0.9254084507042271,0.6003098591549292,0.6883098591549296,31,65.0,43.0,0.06153846153846154,0.16923076923076924,-0.0,0.1018921624713959,0.037167582417582355,0.0018921624713959019,0.1,0.03216758241758236,0.0,0.005,0.0,0.0,0.0,0.08
0.395433,75,14177.193128,hard,0.4244794050343249,0.4244794050343249,0,750,6,2,4,2,4,0,0,0,2,0.001561784897025125,0.0011538461538461546,0.0062999999999997286,0.5048076923076923,0.048299999999999725,4,False,130,0.11940140845070422,0.9236056338028186,0.6005352112676052,0.7695598591549295,25,65.0,50.0,0.046153846153846156,0.13846153846153847,0.19172340579500008,0.0405466247139588,0.08540692307692303,0.0005466247139587937,0.1,0.06057692307692306,0.004829999999999973,0.02,0.0,0.0,0.06,0.08
0.242638,74,14213.336557,hard,0.24833524027459963,0.24833524027459963,0,738,8,4,4,4,4,0,0,0,0,0.0034839816933638825,0.008365384615384707,0.0,0.3490247252747249,0.0,1,False,127,0.1104225352112676,0.9317183098591584,0.6723943661971835,0.7111091549295775,16,65.0,42.0,0.07692307692307693,0.2153846153846154,0.13491422385153698,0.10121939359267737,0.046882967032966974,0.0012193935926773588,0.1,0.041882967032966976,0.0,0.005,0.0,0.0,0.0,0.08
0.375846,83,14253.901102,hard,0.37448512585812355,0.37448512585812355,0,822,8,4,4,4,4,0,0,0,0,0.0,0.0,0.0,0.4046703296703297,0.0,3,False,99,0.08730633802816902,0.9179718309859185,0.74574647887324,2.2177992957746477,36,65.0,40.0,0.07692307692307693,0.18461538461538463,0.16676100196548832,0.1,0.06356043956043955,0.0,0.1,0.04856043956043955,0.0,0.015,0.0,0.0,0.0,0.08
2.917484,76,14291.199502,hard,0.6957494279176201,2.69574942791762,2,760,8,4,4,4,4,0,0,0,0,0.03159610983981701,0.07586538461538479,0.0,0.7639697802197873,1.0,5,True,141,0.11959507042253521,0.9323943661971826,0.595267605633803,2.5600528169014085,29,65.0,39.0,0.15384615384615385,0.3384615384615385,0.385851213208011,0.11105863844393596,0.2666763736263745,0.011058638443935953,0.1,0.09167637362637447,0.1,0.025,0.05,0.0,0.0,0.08
0.543083,78,14328.857662,hard,0.43205377574370635,0.43205377574370635,0,775,8,4,4,4,4,0,0,0,0,0.03183638443935854,0.03288461538461552,0.10569999999999544,0.4023626373626358,0.9410333333333287,3,False,124,0.10531690140845071,0.9292394366197183,0.749802816901408,1.7066021126760564,42,65.0,48.0,0.07692307692307693,0.2,0.09911748204888313,0.11114273455377549,0.1573868498168492,0.011142734553775489,0.1,0.04828351648351628,0.09410333333333289,0.015,0.0,0.0,0.0,0.08
2.873053,100,14391.140539,hard,0.6858638443935927,2.6858638443935927,2,1000,8,4,4,4,4,0,0,0,0,0.043009153318076886,0.01701923076923094,0.20929999999999419,0.684464285714287,0.9999999999999968,4,True,112,0.08591549295774648,0.9140845070422553,0.6905633802816904,2.5335035211267605,27,65.0,48.0,0.06153846153846154,0.15384615384615385,0.05733775266807337,0.11505320366132692,0.25213571428571413,0.015053203661326908,0.1,0.08213571428571442,0.0999999999999997,0.02,0.05,0.0,0.0,0.08
0.392265,79,14431.121719,hard,0.3809153318077802,0.3809153318077802,0,781,8,4,4,4,4,0,0,0,0,0.011533180778032014,0.00692307692307664,0.0,0.4201098901098898,0.0,3,False,96,0.07605633802816901,0.9494366197183097,0.7816056338028173,2.252992957746479,38,65.0,46.0,0.1076923076923077,0.2,0.16676100196548832,0.10403661327231122,0.06541318681318678,0.0040366132723112045,0.1,0.050413186813186774,0.0,0.015,0.0,0.0,0.0,0.08
0.438301,75,14467.30357,hard,0.41607551487414185,0.41607551487414185,0,750,8,4,4,4,4,0,0,0,0,0.004805491990846644,0.011538461538461447,0.0,0.5045329670329666,0.0,3,False,168,0.14661971830985915,0.9325915492957769,0.7700281690140849,0.8719718309859155,27,65.0,51.0,0.06153846153846154,0.15384615384615385,0.15610566617587138,0.10168192219679634,0.07554395604395597,0.0016819221967963253,0.1,0.06054395604395598,0.0,0.015,0.0,0.0,0.0,0.08
1.596461,82,14505.531167,hard,0.5453718535469108,1.5453718535469108,1,817,8,4,4,4,4,0,0,0,0,0.02546910755148765,0.03288461538461564,0.0,0.657293956043959,0.0,5,False,115,0.09813380281690141,0.9154929577464814,0.6624788732394361,1.1111091549295775,23,65.0,45.0,0.07692307692307693,0.2153846153846154,0.13491422385153698,0.10891418764302069,0.10387527472527508,0.008914187643020677,0.1,0.07887527472527507,0.0,0.025,0.0,0.0,0.0,0.08
0.209025,75,14539.476449,hard,0.2703775743707094,0.2703775743707094,0,750,7,3,4,3,4,0,0,0,1,0.00024027459954232378,0.0005769230769230521,0.0,0.1546978021978022,0.0,1,False,182,0.1634330985915493,0.9154929577464805,0.7085633802816903,1.9276408450704225,23,65.0,56.0,0.03076923076923077,0.09230769230769231,0.19753023273471912,0.07008409610983982,0.023563736263736264,8.409610983981331e-05,0.1,0.018563736263736263,0.0,0.005,0.0,0.0,0.03,0.08
1.628068,78,14577.135043,hard,0.5298798627002284,1.5298798627002284,1,771,8,4,4,4,4,0,0,0,0,0.024508009153317765,0.00721153846153845,0.058099999999997605,0.49999999999999967,0.6670999999999975,4,False,122,0.09919014084507043,0.9211267605633805,0.7216338028169011,1.4204929577464789,30,65.0,46.0,0.07692307692307693,0.16923076923076924,0.09911748204888313,0.10857780320366123,0.1467099999999997,0.008577803203661217,0.1,0.05999999999999997,0.06670999999999976,0.02,0.0,0.0,0.0,0.08
0.45145,79,14630.308463,hard,0.42352402745995404,0.42352402745995404,0,781,8,4,4,4,4,0,0,0,0,0.008787185354690995,0.006923076923076999,0.015399999999999336,0.4795329670329669,0.104066666666666,3,False,143,0.10066901408450704,0.9695492957746482,0.6822816901408449,2.1859507042253523,34,65.0,50.0,0.07692307692307693,0.2,0.1956217818146278,0.10307551487414185,0.08295062271062262,0.0030755148741418484,0.1,0.05754395604395602,0.0104066666666666,0.015,0.0,0.0,0.0,0.08
1.565486,80,14669.449445,hard,0.5299771167048055,1.5299771167048055,1,792,8,4,4,4,4,0,0,0,0,0.031475972540045485,0.022500000000000072,0.0,0.5307692307692298,0.0,4,False,96,0.0721830985915493,0.9461408450704237,0.7155774647887323,1.6389084507042253,24,65.0,42.0,0.09230769230769231,0.2153846153846154,-0.0,0.11101659038901593,0.0836923076923076,0.011016590389015918,0.1,0.06369230769230759,0.0,0.02,0.0,0.0,0.0,0.08
0.216661,75,14705.712538,hard,0.2991704805491991,0.2991704805491991,0,750,6,2,4,2,4,0,0,0,2,0.0018020594965675253,0.004326923076923124,0.0,0.2238324175824174,0.0,1,False,143,0.12140845070422535,0.9204507042253542,0.6338873239436618,1.0215669014084507,20,65.0,46.0,0.06153846153846154,0.18461538461538463,0.1145020974334985,0.040630720823798636,0.031859890109890085,0.0006307208237986339,0.1,0.026859890109890087,0.0,0.005,0.0,0.0,0.06,0.08
0.402633,74,14742.521007,hard,0.39013157894736855,0.39013157894736855,0,733,8,4,4,4,4,0,0,0,0,0.007808924485125945,0.018750000000000207,0.0,0.4422390109890102,0.0,2,False,133,0.11195422535211268,0.9366760563380305,0.6962253521126763,0.7302288732394366,37,65.0,49.0,0.06153846153846154,0.15384615384615385,0.05733775266807337,0.10273312356979408,0.06306868131868122,0.0027331235697940805,0.1,0.05306868131868122,0.0,0.01,0.0,0.0,0.0,0.08
0.284296,75,14778.856743,hard,0.298804347826087,0.298804347826087,0,745,8,4,4,4,4,0,0,0,0,0.009250572082379645,0.0002884615384615261,0.0,0.2229532967032967,0.0,2,False,160,0.12779929577464788,0.9154929577464791,0.8432394366197185,1.1472711267605633,54,65.0,45.0,0.1076923076923077,0.2,0.09911748204888313,0.10323770022883288,0.0367543956043956,0.0032377002288328754,0.1,0.026754395604395596,0.0,0.01,0.0,0.0,0.0,0.08
0.207594,72,14815.626856,hard,0.24256864988558355,0.24256864988558355,0,715,7,3,4,3,4,0,0,0,1,0.0037242562929062097,0.008942307692307768,0.0,0.33517857142857105,0.0,1,False,188,0.1605985915492958,0.9526478873239463,0.7224507042253523,0.491637323943662,36,65.0,41.0,0.07692307692307693,0.2,0.09911748204888313,0.07130348970251718,0.04522142857142852,0.0013034897025171735,0.1,0.04022142857142852,0.0,0.005,0.0,0.0,0.03,0.08
0.307255,77,14853.484389,hard,0.3700228832951945,0.3700228832951945,0,764,6,2,4,2,4,0,0,0,2,0.0,0.0,0.0,0.39395604395604394,0.0,3,False,69,0.07580985915492958,0.9267605633802832,0.7209014084507046,1.7648943661971832,29,65.0,51.0,0.06153846153846154,0.16923076923076924,0.23296603544749966,0.031357394366197194,0.06227472527472527,0.0,0.09135739436619719,0.047274725274725274,0.0,0.015,0.0,0.0,0.06,0.08
2.773765,81,14902.842105,hard,0.5882151029748284,2.5882151029748286,2,806,8,4,4,4,4,0,0,0,0,0.04416475972539979,0.02527472527472527,0.19599999999999584,0.5057692307692295,0.9999999999999959,4,True,168,0.1428169014084507,0.9382253521126765,0.8065352112676057,2.1673591549295774,36,65.0,49.0,0.06153846153846154,0.16923076923076924,0.3025207121927388,0.11545766590388994,0.23069230769230714,0.015457665903889925,0.1,0.060692307692307546,0.09999999999999962,0.02,0.05,0.0,0.0,0.08
0.435824,81,14943.535885,hard,0.4067048054919909,0.4067048054919909,0,802,8,4,4,4,4,0,0,0,0,0.047070938215102734,0.0005769230769230521,0.0,0.482032967032967,0.0,3,False,73,0.08482394366197184,0.9661971830985944,0.6576338028169015,1.4807394366197184,33,65.0,50.0,0.06153846153846154,0.13846153846153847,0.13491422385153698,0.11647482837528596,0.07284395604395605,0.016474828375285955,0.1,0.05784395604395604,0.0,0.015,0.0,0.0,0.0,0.08
0.321012,76,14980.909534,hard,0.3032494279176201,0.3032494279176201,0,757,8,4,4,4,4,0,0,0,0,0.0021624713958810094,0.005192307692307698,0.0,0.48087912087912066,0.0,3,False,146,0.11452464788732394,0.9600281690140872,0.6918591549295776,0.8653169014084507,33,65.0,43.0,0.09230769230769231,0.2,0.22338824700260326,0.10075686498855836,0.07270549450549448,0.0007568649885583533,0.1,0.057705494505494476,0.0,0.015,0.0,0.0,0.0,0.08
2.746921,81,15018.42793,hard,0.5667562929061786,2.5667562929061787,2,802,8,4,4,4,4,0,0,0,0,0.059588100686497864,0.0025961538461538747,0.2176999999999949,0.4542445054945054,0.9999999999999959,3,True,154,0.11399647887323944,0.9429295774647889,0.776957746478873,2.158556338028169,29,65.0,51.0,0.046153846153846156,0.13846153846153847,0.05733775266807337,0.12085583524027427,0.2195093406593402,0.020855835240274255,0.1,0.05450934065934063,0.09999999999999959,0.015,0.05,0.0,0.0,0.08
2.962038,95,15065.296125,hard,0.7291189931350115,2.7291189931350113,2,946,8,4,4,4,4,0,0,0,0,0.06559496567505668,0.0672115384615389,0.21909999999999483,0.8296703296703333,0.9999999999999959,7,True,121,0.09311619718309859,0.9855211267605632,0.7383380281690142,4.898468309859155,30,65.0,52.0,0.046153846153846156,0.13846153846153847,0.19753023273471912,0.12295823798626984,0.2845604395604396,0.02295823798626984,0.1,0.09956043956043997,0.09999999999999959,0.035,0.05,0.0,0.0,0.08
0.229706,74,15100.62953,hard,0.35543478260869565,0.35543478260869565,0,738,4,0,4,0,4,0,0,0,4,0.0,0.0,0.0,0.35892857142857143,0.0,1,False,191,0.16954225352112676,0.9366760563380315,0.5548732394366191,1.6034859154929577,20,65.0,49.0,0.046153846153846156,0.12307692307692308,0.1956217818146278,-0.01999999999999999,0.04807142857142857,0.0,0.1,0.04307142857142857,0.0,0.005,0.0,0.0,0.12,0.08
2.805722,75,15146.773889,hard,0.6108123569794051,2.6108123569794053,2,744,8,4,4,4,4,0,0,0,0,0.02030320366132741,0.022500000000000138,0.0,0.5600274725274714,1.0,5,True,120,0.11161971830985916,0.9179718309859166,0.6400845070422536,1.7952640845070422,29,65.0,44.0,0.07692307692307693,0.2,0.19753023273471912,0.1071061212814646,0.2422032967032966,0.007106121281464592,0.1,0.06720329670329657,0.1,0.025,0.05,0.0,0.0,0.08
0.427309,81,15186.463182,hard,0.40406178489702516,0.40406178489702516,0,808,8,4,4,4,4,0,0,0,0,0.02474828375286013,0.021346153846154004,0.0,0.4487637362637352,0.06533333333333333,3,False,126,0.10161971830985915,0.96304225352113,0.5645070422535204,0.6916725352112676,23,65.0,45.0,0.06153846153846154,0.15384615384615385,0.09911748204888313,0.10866189931350105,0.07538498168498156,0.008661899313501047,0.1,0.053851648351648226,0.006533333333333333,0.015,0.0,0.0,0.0,0.08
3.081328,82,15227.45235,hard,0.8581235697940504,2.85812356979405,2,815,8,4,4,4,4,0,0,0,0,0.07309496567505634,0.014697802197802206,0.13929999999999398,0.6593406593406586,1.0,6,True,158,0.10116197183098592,0.9373521126760584,0.6670704225352109,4.1507218309859155,28,65.0,51.0,0.06153846153846154,0.13846153846153847,0.16676100196548832,0.12558323798626972,0.259120879120879,0.025583237986269717,0.1,0.07912087912087902,0.09999999999999999,0.030000000000000002,0.05,0.0,0.0,0.08
2.760917,82,15268.004893,hard,0.5874141876430206,2.5874141876430206,2,815,8,4,4,4,4,0,0,0,0,0.01297482837528552,0.004903846153845943,0.0,0.5038461538461538,1.0,4,True,153,0.13848591549295775,0.9501126760563376,0.7106760563380282,8.276989436619719,22,65.0,43.0,0.06153846153846154,0.16923076923076924,0.13491422385153698,0.10454118993134993,0.23046153846153844,0.004541189931349932,0.1,0.06046153846153846,0.1,0.02,0.05,0.0,0.0,0.08
2.764779,81,15307.743655,hard,0.585812356979405,2.585812356979405,2,805,8,4,4,4,4,0,0,0,0,0.027048054919908606,0.048791208791208955,0.0,0.49999999999999767,1.0,4,True,106,0.08221830985915493,0.9463380281690136,0.8242535211267606,3.359788732394366,28,65.0,53.0,0.03076923076923077,0.09230769230769231,0.2220630225397998,0.10946681922196802,0.2299999999999997,0.009466819221968011,0.1,0.05999999999999972,0.09999999999999999,0.02,0.05,0.0,0.0,0.08
0.232494,86,15348.63976,hard,0.24593249427917607,0.24593249427917607,0,853,8,4,4,4,4,0,0,0,0,0.015617848970251641,0.029134615384615533,0.0,0.30329670329670255,0.0,2,False,153,0.1352112676056338,0.9485070422535228,0.6507042253521123,0.4332394366197183,28,65.0,51.0,0.06153846153846154,0.15384615384615385,0.1956217818146278,0.10546624713958808,0.04639560439560431,0.005466247139588073,0.1,0.03639560439560431,0.0,0.01,0.0,0.0,0.0,0.08
0.261398,78,15402.550952,hard,0.2738215102974827,0.2738215102974827,0,779,8,4,4,4,4,0,0,0,0,0.005286041189931245,0.0,0.0,0.2802197802197802,0.0,2,False,172,0.14591549295774647,0.9616901408450714,0.8171830985915496,1.2147711267605634,40,65.0,54.0,0.06153846153846154,0.13846153846153847,0.09911748204888313,0.10185011441647594,0.04362637362637362,0.001850114416475936,0.1,0.03362637362637362,0.0,0.01,0.0,0.0,0.0,0.08
0.326742,76,15440.848403,hard,0.33454805491990847,0.33454805491990847,0,757,8,4,4,4,4,0,0,0,0,0.0024027459954233674,0.005769230769230833,0.0,0.3087774725274724,0.0,2,False,192,0.1707042253521127,0.9429295774647894,0.7632676056338029,2.4254401408450703,28,65.0,52.0,0.046153846153846156,0.1076923076923077,0.05733775266807337,0.10084096109839819,0.04705329670329668,0.0008409610983981786,0.1,0.03705329670329668,0.0,0.01,0.0,0.0,0.0,0.08
0.388129,79,15480.345247,hard,0.39394736842105266,0.39394736842105266,0,783,8,4,4,4,4,0,0,0,0,0.007448512585812387,0.017884615384615457,0.0,0.4264010989010981,0.0,3,False,87,0.05360915492957746,0.9211267605633803,0.8249014084507045,2.9550704225352113,49,65.0,45.0,0.06153846153846154,0.16923076923076924,-0.0,0.08631384560221743,0.06616813186813177,0.002606979405034335,0.0837068661971831,0.051168131868131767,0.0,0.015,0.0,0.0,0.0,0.08
0.290588,77,15517.097024,hard,0.3046910755148741,0.3046910755148741,0,768,8,4,4,4,4,0,0,0,0,0.012133867276887944,0.0028846153846153843,0.0,0.2370879120879121,0.0,2,False,226,0.18183098591549296,0.9503661971830989,0.7336901408450704,1.2344366197183099,36,65.0,46.0,0.06153846153846154,0.15384615384615385,0.09911748204888313,0.10424685354691078,0.03845054945054946,0.004246853546910781,0.1,0.02845054945054946,0.0,0.01,0.0,0.0,0.0,0.08
0.405641,81,15556.160728,hard,0.3842391304347826,0.3842391304347826,0,807,8,4,4,4,4,0,0,0,0,0.03803775743707111,0.05239010989011019,0.0034999999999998496,0.40837912087911826,0.04783333333333318,3,False,168,0.14661971830985915,0.9154929577464803,0.7265352112676061,1.2328169014084507,39,65.0,51.0,0.046153846153846156,0.13846153846153847,0.1145020974334985,0.11331321510297489,0.0687888278388275,0.013313215102974885,0.1,0.04900549450549419,0.004783333333333318,0.015,0.0,0.0,0.0,0.08
0.226867,84,15597.917228,hard,0.2612700228832952,0.2612700228832952,0,832,8,4,4,4,4,0,0,0,0,0.02042334096109825,0.0,0.0,0.13873626373626374,0.0,1,False,122,0.10619718309859155,0.9323943661971847,0.6889295774647888,0.7738556338028169,22,65.0,43.0,0.09230769230769231,0.24615384615384617,0.7983690808672422,0.1071481693363844,0.02164835164835165,0.0071481693363843885,0.1,0.01664835164835165,0.0,0.005,0.0,0.0,0.0,0.08
0.2774,76,15635.55996,hard,0.2975286041189932,0.2975286041189932,0,753,8,4,4,4,4,0,0,0,0,0.010812356979405108,0.0051923076923077495,0.0,0.21989010989010965,0.0,1,False,95,0.08211267605633803,0.9236056338028181,0.7707605633802818,0.9275704225352113,37,65.0,45.0,0.07692307692307693,0.2153846153846154,0.09911748204888313,0.1037843249427918,0.03138681318681316,0.0037843249427917877,0.1,0.02638681318681316,0.0,0.005,0.0,0.0,0.0,0.08
0.283435,80,15691.681849,hard,0.3397711670480549,0.3397711670480549,0,797,8,4,4,4,4,0,0,0,0,0.002643020594965639,0.006346153846153759,0.0,0.32131868131868113,0.0,2,False,56,0.03450704225352113,0.9154929577464807,0.6917183098591552,4.244489436619718,32,65.0,41.0,0.07692307692307693,0.2,0.15610566617587138,0.05480533889837882,0.04855824175824173,0.0009250572082379736,0.05388028169014084,0.038558241758241726,0.0,0.01,0.0,0.0,0.0,0.08
2.825172,86,15735.051654,hard,0.6408352402745995,2.6408352402745994,2,851,8,4,4,4,4,0,0,0,0,0.06667620137299672,0.016730769230769056,0.22399999999999462,0.6321153846153839,0.9999999999999959,4,True,80,0.053661971830985915,0.9542535211267621,0.7050704225352116,2.04306338028169,33,65.0,48.0,0.06153846153846154,0.15384615384615385,0.16676100196548832,0.1035831493537883,0.2458538461538457,0.02333667048054885,0.08024647887323945,0.07585384615384608,0.0999999999999996,0.02,0.05,0.0,0.0,0.08
2.685453,74,15771.541109,hard,0.5350228832951945,2.5350228832951944,2,735,8,4,4,4,4,0,0,0,0,0.027751716247138663,0.012115384615384674,0.13229999999999428,0.37804945054945005,1.0,2,True,90,0.05846830985915493,0.9211267605633826,0.7649577464788736,2.3094718309859155,36,65.0,45.0,0.1076923076923077,0.18461538461538463,0.13491422385153698,0.09856433308086474,0.205365934065934,0.00971310068649853,0.08885123239436621,0.045365934065934005,0.1,0.01,0.05,0.0,0.0,0.08
0.359628,75,15808.029965,hard,0.3466647597254005,0.3466647597254005,0,750,8,4,4,4,4,0,0,0,0,0.008049199084668276,0.015865384615384778,0.0,0.4595467032967026,0.0,2,False,163,0.16151408450704224,0.9341971830985929,0.6354929577464786,0.5919190140845071,29,65.0,47.0,0.046153846153846156,0.13846153846153847,0.25206405738510845,0.1028172196796339,0.06514560439560432,0.0028172196796338966,0.1,0.05514560439560432,0.0,0.01,0.0,0.0,0.0,0.08
2.684021,82,15847.168756,hard,0.5473112128146453,2.5473112128146456,2,817,8,4,4,4,4,0,0,0,0,0.05725400457665899,0.02451923076923093,0.15300000000000005,0.40755494505494416,0.9999999999999999,3,True,67,0.041285211267605634,0.9479436619718328,0.698760563380282,2.5821654929577464,26,65.0,51.0,0.046153846153846156,0.1076923076923077,0.09911748204888313,0.08450281005253486,0.2139065934065933,0.020038901601830642,0.06446390845070422,0.04890659340659329,0.09999999999999999,0.015,0.05,0.0,0.0,0.08
0.462312,76,15885.602738,hard,0.4360983981693364,0.4360983981693364,0,751,8,4,4,4,4,0,0,0,0,0.0,0.0,0.0,0.5526098901098901,0.0,3,False,186,0.16536971830985916,0.9582816901408456,0.8260000000000004,1.72556338028169,42,65.0,48.0,0.07692307692307693,0.18461538461538463,0.1956217818146278,0.1,0.08131318681318682,0.0,0.1,0.06631318681318682,0.0,0.015,0.0,0.0,0.0,0.08
1.670134,79,15935.688996,hard,0.6317276887871853,1.6317276887871852,1,781,8,4,4,4,4,0,0,0,0,0.009130434782608594,0.012980769230769374,0.021699999999999064,0.7296016483516506,0.11036666666666572,5,False,58,0.054295774647887325,0.9436619718309882,0.6654084507042256,2.356795774647887,27,65.0,42.0,0.09230769230769231,0.2153846153846154,0.15610566617587138,0.0729174831598285,0.1235888644688646,0.003195652173913008,0.0697218309859155,0.08755219780219804,0.011036666666666573,0.025,0.0,0.0,0.0,0.08
0.528813,73,15972.918686,hard,0.4677974828375284,0.4677974828375284,0,723,8,4,4,4,4,0,0,0,0,0.006127002288329346,0.004038461538461583,0.025899999999998882,0.4190109890109888,0.5088999999999989,2,False,137,0.12795774647887323,0.9154929577464811,0.7307323943661973,2.3283978873239435,29,65.0,42.0,0.07692307692307693,0.18461538461538463,0.1145020974334985,0.10214445080091528,0.11117131868131853,0.002144450800915271,0.1,0.050281318681318646,0.050889999999999894,0.01,0.0,0.0,0.0,0.08
3.119129,100,16023.133534,hard,0.9084668192219679,2.908466819221968,2,1000,8,4,4,4,4,0,0,0,0,0.048672768878718665,0.0600000000000002,0.0,0.7802197802197776,1.0,6,True,195,0.15454225352112677,0.9279718309859156,0.695746478873239,2.356602112676056,30,65.0,48.0,0.046153846153846156,0.13846153846153847,0.22338824700260326,0.11703546910755154,0.2736263736263733,0.01703546910755153,0.1,0.09362637362637331,0.1,0.030000000000000002,0.05,0.0,0.0,0.08
0.316769,75,16060.906024,hard,0.33789473684210514,0.33789473684210514,0,747,8,4,4,4,4,0,0,0,0,0.012974828375286032,0.024230769230769385,0.0,0.2002747252747254,0.0,1,False,199,0.14554577464788732,0.9154929577464804,0.7260563380281695,0.9806514084507042,30,65.0,45.0,0.07692307692307693,0.2,0.2220630225397998,0.10454118993135011,0.029032967032967042,0.004541189931350111,0.1,0.02403296703296704,0.0,0.005,0.0,0.0,0.0,0.08
2.74419,76,16099.665321,hard,0.5694908466819223,2.5694908466819224,2,757,8,4,4,4,4,0,0,0,0,0.018861556064072763,0.006923076923076939,0.09309999999999713,0.4483104395604393,0.9999999999999988,4,True,119,0.08588028169014085,0.9436619718309864,0.8135774647887327,1.7570950704225352,42,65.0,45.0,0.06153846153846154,0.16923076923076924,0.1145020974334985,0.10660154462242546,0.2237972527472526,0.006601544622425466,0.1,0.05379725274725271,0.0999999999999999,0.02,0.05,0.0,0.0,0.08
0.295166,76,16137.476729,hard,0.3367734553775743,0.3367734553775743,0,759,7,3,4,3,4,0,0,0,1,0.004565217391304281,0.0109615384615383,0.0,0.31412087912087866,0.0,1,False,168,0.1428169014084507,0.9254084507042275,0.6629859154929579,0.8320422535211267,31,65.0,48.0,0.07692307692307693,0.2,0.09911748204888313,0.0715978260869565,0.04269450549450544,0.001597826086956498,0.1,0.03769450549450544,0.0,0.005,0.0,0.0,0.03,0.08
0.361431,75,16174.957664,hard,0.371807780320366,0.371807780320366,0,743,8,4,4,4,4,0,0,0,0,0.002643020594965561,0.004038461538461364,0.005599999999999759,0.23920329670329654,0.04293333333333309,2,False,132,0.11790492957746479,0.9154929577464799,0.8004225352112678,1.2372887323943662,41,65.0,46.0,0.07692307692307693,0.16923076923076924,0.2690705926112252,0.10092505720823795,0.0429977289377289,0.0009250572082379462,0.1,0.028704395604395586,0.00429333333333331,0.01,0.0,0.0,0.0,0.08
0.337822,77,16222.301582,hard,0.3436556064073227,0.3436556064073227,0,761,8,4,4,4,4,0,0,0,0,0.0016819221967963377,0.004038461538461536,0.0,0.33064560439560425,0.0,2,False,96,0.07225352112676056,0.9317183098591574,0.6242816901408449,0.7010915492957747,24,65.0,45.0,0.06153846153846154,0.15384615384615385,0.21291484811933445,0.10058867276887873,0.04967747252747252,0.0005886727688787181,0.1,0.039677472527472515,0.0,0.01,0.0,0.0,0.0,0.08
0.353909,77,16261.311344,hard,0.3649599542334096,0.3649599542334096,0,768,8,4,4,4,4,0,0,0,0,0.004204805491990893,0.010096153846153958,0.0,0.28564560439560394,0.0,2,False,154,0.11725352112676056,0.9267605633802832,0.5105915492957741,1.2076408450704226,25,65.0,46.0,0.06153846153846154,0.16923076923076924,0.09911748204888313,0.10147168192219681,0.044277472527472474,0.0014716819221968127,0.1,0.03427747252747247,0.0,0.01,0.0,0.0,0.0,0.08
0.541354,83,16302.480061,hard,0.4793821510297478,0.4793821510297478,0,827,8,4,4,4,4,0,0,0,0,0.019101830663615104,0.01817307692307702,0.0671999999999971,0.4999999999999991,0.37986666666666374,4,False,155,0.14080985915492958,0.9686197183098586,0.772225352112676,3.8922887323943662,23,65.0,49.0,0.06153846153846154,0.15384615384615385,0.15610566617587138,0.10668564073226529,0.11798666666666628,0.006685640732265286,0.1,0.05999999999999991,0.03798666666666638,0.02,0.0,0.0,0.0,0.08
0.148533,74,16340.011254,hard,0.2688558352402745,0.2688558352402745,0,737,5,1,4,1,4,0,0,0,3,0.0007208237986269713,0.0017307692307691562,0.0,0.15104395604395596,0.0,1,False,90,0.08165492957746479,0.9267605633802841,0.6454084507042256,1.3004401408450703,30,65.0,47.0,0.046153846153846156,0.13846153846153847,0.2220630225397998,0.010252288329519452,0.02312527472527472,0.0002522883295194399,0.1,0.01812527472527472,0.0,0.005,0.0,0.0,0.09,0.08
0.460117,78,16378.852977,hard,0.423558352402746,0.423558352402746,0,778,8,4,4,4,4,0,0,0,0,0.025423340961098422,0.031043956043956027,0.012599999999999457,0.4999999999999985,0.054599999999999455,4,False,124,0.10151408450704226,0.9628169014084503,0.6807605633802812,1.3659683098591549,37,65.0,49.0,0.07692307692307693,0.15384615384615385,0.09911748204888313,0.10889816933638445,0.08545999999999977,0.008898169336384447,0.1,0.059999999999999824,0.005459999999999946,0.02,0.0,0.0,0.0,0.08
2.787445,79,16417.542455,hard,0.5910183066361556,2.5910183066361556,2,782,8,4,4,4,4,0,0,0,0,0.06607551487414101,0.033461538461538674,0.20649999999999405,0.5124999999999983,0.999999999999997,4,True,96,0.08535211267605634,0.9236056338028183,0.756338028169014,3.1694542253521125,46,65.0,50.0,0.06153846153846154,0.16923076923076924,0.05733775266807337,0.12312643020594936,0.23149999999999948,0.023126430205949355,0.1,0.0614999999999998,0.09999999999999971,0.02,0.05,0.0,0.0,0.08
0.123295,70,16460.648972,hard,0.29872997711670485,0.29872997711670485,0,698,5,4,1,4,1,0,0,0,3,0.019101830663615652,0.023365384615384763,0.0,0.28021978021978033,0.0,2,False,13,0.010070422535211268,0.930788732394367,0.8485915492957746,2.105211267605634,37,65.0,48.0,0.06153846153846154,0.16923076923076924,-0.0,-0.06926154236632606,0.04362637362637364,0.006685640732265479,0.01405281690140845,0.03362637362637364,0.0,0.01,0.0,0.0,0.09,0.08
2.826955,80,16501.439089,hard,0.6752288329519451,2.6752288329519454,2,791,8,4,4,4,4,0,0,0,0,0.016098398169336302,0.020192307692307804,0.0,0.46744505494505395,1.0,4,True,72,0.05746478873239436,0.9492957746478912,0.6068732394366196,2.940774647887324,23,65.0,53.0,0.046153846153846156,0.12307692307692308,0.05733775266807337,0.08473303090856349,0.2260934065934065,0.005634439359267705,0.07909859154929579,0.05609340659340647,0.1,0.02,0.05,0.0,0.0,0.08
1.639155,79,16541.119567,hard,0.4684668192219679,1.4684668192219679,1,784,8,4,4,4,4,0,0,0,0,0.04404462242562857,0.02758241758241748,0.1896999999999958,0.46549450549450416,0.9999999999999962,3,True,82,0.06908450704225352,0.943661971830987,0.6943661971830987,1.6687147887323943,29,65.0,51.0,0.07692307692307693,0.16923076923076924,0.2783171932701801,0.10822899813066014,0.22085934065934015,0.01541561784897,0.09281338028169014,0.055859340659340506,0.09999999999999963,0.015,0.05,0.0,0.0,0.08
0.308562,77,16579.334276,hard,0.31819221967963396,0.31819221967963396,0,762,8,4,4,4,4,0,0,0,0,0.008409610983981753,0.0,0.0,0.2802197802197802,0.0,2,False,192,0.1707042253521127,0.9541408450704225,0.8219718309859158,0.9755809859154929,35,65.0,46.0,0.06153846153846154,0.16923076923076924,0.15610566617587138,0.10294336384439362,0.04362637362637364,0.0029433638443936132,0.1,0.03362637362637364,0.0,0.01,0.0,0.0,0.0,0.08
0.404312,78,16618.203604,hard,0.3836384439359268,0.3836384439359268,0,773,8,4,4,4,4,0,0,0,0,0.03628146453089235,0.0493269230769234,0.0,0.41895604395604163,0.0,3,False,203,0.17049295774647888,0.9267605633802831,0.7024507042253522,0.7462676056338028,29,65.0,53.0,0.046153846153846156,0.1076923076923077,0.05733775266807337,0.11269851258581233,0.065274725274725,0.012698512585812321,0.1,0.05027472527472499,0.0,0.015,0.0,0.0,0.0,0.08
1.617791,82,16659.072387,hard,0.5206407322654453,1.5206407322654454,1,819,8,4,4,4,4,0,0,0,0,0.04240846681922107,0.02769230769230789,0.17989999999999434,0.40070054945054806,0.8612333333333255,2,False,153,0.1308450704225352,0.9292394366197193,0.788225352112676,3.5536795774647887,33,65.0,44.0,0.06153846153846154,0.16923076923076924,0.19172340579500008,0.11484296338672738,0.14420739926739834,0.014842963386727375,0.1,0.048084065934065764,0.08612333333333257,0.01,0.0,0.0,0.0,0.08
0.394196,76,16696.704954,hard,0.40899885583524026,0.40899885583524026,0,758,7,3,4,3,4,0,0,0,1,0.0003604118993135052,0.0008653846153846252,0.0,0.48754120879120877,0.0,4,False,96,0.059154929577464786,0.9267605633802841,0.5330422535211262,0.6940845070422536,23,65.0,52.0,0.046153846153846156,0.13846153846153847,0.13491422385153698,0.06249234134785833,0.07850494505494504,0.0001261441647597268,0.0923661971830986,0.058504945054945044,0.0,0.02,0.0,0.0,0.03,0.08
0.461699,80,16745.129245,hard,0.45012585812356964,0.45012585812356964,0,798,8,4,4,4,4,0,0,0,0,0.017059496567505612,0.0409615384615382,0.0,0.5862912087912077,0.0,4,False,78,0.04806338028169014,0.9179718309859181,0.6781690140845075,1.307306338028169,24,65.0,51.0,0.06153846153846154,0.12307692307692308,0.25206405738510845,0.08101835900989458,0.09035494505494494,0.005970823798626964,0.07504753521126761,0.07035494505494494,0.0,0.02,0.0,0.0,0.0,0.08
2.682942,75,16783.041063,hard,0.5639931350114418,2.563993135011442,2,745,8,4,4,4,4,0,0,0,0,0.010692219679633942,0.025673076923077104,0.0,0.447609890109889,1.0,3,True,53,0.03265845070422535,0.9236056338028169,0.824507042253521,2.5299471830985913,32,65.0,47.0,0.07692307692307693,0.16923076923076924,0.2929336127308734,0.054736114916040884,0.21871318681318663,0.0037422768878718794,0.05099383802816901,0.05371318681318667,0.09999999999999999,0.015,0.05,0.0,0.0,0.08
2.727143,83,16824.884774,hard,0.5239645308924485,2.5239645308924485,2,822,8,4,4,4,4,0,0,0,0,0.06722540045766638,0.07528846153846207,0.2090000000000003,0.5987499999999986,0.9999999999999961,4,True,187,0.15670774647887323,0.9317183098591545,0.7804225352112673,2.010158450704225,36,65.0,41.0,0.07692307692307693,0.2,-0.0,0.12352889016018324,0.24184999999999945,0.023528890160183235,0.1,0.07184999999999983,0.09999999999999962,0.02,0.05,0.0,0.0,0.08
2.84302,80,16864.374368,hard,0.6636155606407322,2.663615560640732,2,797,8,4,4,4,4,0,0,0,0,0.04673340961098326,0.02480769230769247,0.21209999999999513,0.43956043956043833,0.9999999999999959,4,True,112,0.08971830985915492,0.9229295774647888,0.7445070422535214,3.8999647887323943,40,65.0,44.0,0.06153846153846154,0.15384615384615385,0.05733775266807337,0.11635669336384415,0.2227472527472522,0.016356693363844144,0.1,0.05274725274725259,0.09999999999999962,0.02,0.05,0.0,0.0,0.08
0.424424,75,16901.13928,hard,0.40470251716247146,0.40470251716247146,0,749,8,4,4,4,4,0,0,0,0,0.006727688787185384,0.01500000000000007,0.0,0.4772252747252741,0.0,3,False,110,0.09179577464788732,0.9366760563380294,0.7333802816901408,1.0848415492957746,26,65.0,47.0,0.06153846153846154,0.16923076923076924,-0.0,0.10235469107551488,0.07226703296703291,0.002354691075514884,0.1,0.05726703296703291,0.0,0.015,0.0,0.0,0.0,0.08
0.41638,76,16938.676146,hard,0.39655034324942773,0.39655034324942773,0,758,8,4,4,4,4,0,0,0,0,0.011653318077803006,0.0,0.0,0.5,0.0,4,False,79,0.06940140845070422,0.9463380281690152,0.6782816901408449,0.8030809859154929,37,65.0,54.0,0.06153846153846154,0.15384615384615385,0.15610566617587138,0.09562971766525921,0.07999999999999999,0.004078661327231052,0.09155105633802815,0.059999999999999984,0.0,0.02,0.0,0.0,0.0,0.08
0.155593,73,16975.281933,hard,0.2969679633867277,0.2969679633867277,0,726,4,0,4,0,4,0,0,0,4,0.0,0.0,0.0,0.21854395604395604,0.0,1,False,182,0.15908450704225352,0.9211267605633829,0.6678873239436621,1.7348591549295775,17,65.0,39.0,0.12307692307692308,0.26153846153846155,0.05733775266807337,-0.01999999999999999,0.03122527472527473,0.0,0.1,0.02622527472527473,0.0,0.005,0.0,0.0,0.12,0.08
1.580393,81,17024.225679,hard,0.4410183066361556,1.4410183066361557,1,802,8,4,4,4,4,0,0,0,0,0.03508009153318001,0.0002884615384615417,0.2036999999999955,0.22747252747252747,0.9999999999999959,2,True,131,0.0807218309859155,0.9267605633802841,0.8332957746478888,1.6849823943661972,39,65.0,48.0,0.1076923076923077,0.2,0.3025207121927388,0.112278032036613,0.1872967032967029,0.012278032036613,0.1,0.027296703296703303,0.09999999999999959,0.01,0.05,0.0,0.0,0.08
0.393027,76,17060.690026,hard,0.35094393592677336,0.35094393592677336,0,752,8,4,4,4,4,0,0,0,0,0.016939359267734513,0.03144230769230792,0.022399999999999035,0.5553983516483503,0.09706666666666569,3,False,130,0.12485915492957747,0.9590422535211268,0.7774647887323943,0.9073767605633802,46,65.0,50.0,0.06153846153846154,0.13846153846153847,0.2220630225397998,0.10592877574370708,0.0913544688644686,0.005928775743707079,0.1,0.06664780219780203,0.00970666666666657,0.015,0.0,0.0,0.0,0.08
1.605196,82,17100.705159,hard,0.44267734553775745,1.4426773455377575,1,818,8,4,4,4,4,0,0,0,0,0.031115560640731794,0.019903846153846202,0.13299999999999698,0.4035714285714277,0.9999999999999972,3,True,129,0.0975,0.9405070422535214,0.843211267605634,2.9300704225352114,43,65.0,49.0,0.046153846153846156,0.13846153846153847,0.13491422385153698,0.11089044622425613,0.21342857142857102,0.01089044622425613,0.1,0.04842857142857132,0.09999999999999973,0.015,0.05,0.0,0.0,0.08
0.415353,81,17142.1474,hard,0.40491990846681924,0.40491990846681924,0,801,8,4,4,4,4,0,0,0,0,0.00852974828375273,0.01240384615384619,0.0,0.47774725274725216,0.0,3,False,96,0.06295774647887324,0.9436619718309857,0.6174647887323939,0.9596654929577465,30,65.0,43.0,0.12307692307692308,0.2923076923076923,0.629801795590193,0.09820372175846838,0.07232967032967025,0.002985411899313455,0.09521830985915493,0.057329670329670256,0.0,0.015,0.0,0.0,0.0,0.08
2.73246,74,17178.986547,hard,0.5691361556064073,2.569136155606407,2,739,8,4,4,4,4,0,0,0,0,0.009971395881006732,0.00461538461538457,0.046899999999999345,0.4061126373626372,0.9999999999999987,3,True,153,0.10737676056338029,0.9267605633802823,0.821859154929578,2.417288732394366,39,65.0,48.0,0.046153846153846156,0.13846153846153847,0.05733775266807337,0.10348998855835236,0.21373351648351635,0.003489988558352356,0.1,0.048733516483516454,0.0999999999999999,0.015,0.05,0.0,0.0,0.08
1.609427,83,17220.838236,hard,0.5291189931350114,1.5291189931350115,1,830,8,4,4,4,4,0,0,0,0,0.018381006864988385,0.033461538461538445,0.0,0.49999999999999856,0.6696666666666666,4,False,82,0.0652112676056338,0.9943661971830992,0.6211830985915491,1.9851056338028168,23,65.0,51.0,0.046153846153846156,0.12307692307692308,0.19172340579500008,0.0963418031069713,0.1469666666666665,0.006433352402745934,0.08990845070422536,0.05999999999999984,0.06696666666666667,0.02,0.0,0.0,0.0,0.08
0.501536,80,17268.629335,hard,0.4203375286041185,0.4203375286041185,0,796,8,4,4,4,4,0,0,0,0,0.014176201372997164,0.0037499999999999973,0.07069999999999695,0.49999999999999983,0.5583666666666636,4,False,120,0.10774647887323943,0.9397746478873245,0.7212957746478872,2.2327288732394366,35,65.0,46.0,0.06153846153846154,0.16923076923076924,0.1956217818146278,0.10496167048054901,0.13583666666666633,0.0049616704805490065,0.1,0.05999999999999998,0.05583666666666637,0.02,0.0,0.0,0.0,0.08
0.28997,81,17309.067475,hard,0.30161327231121254,0.30161327231121254,0,804,8,4,4,4,4,0,0,0,0,0.014656750572082086,0.0,0.0,0.2802197802197802,0.0,2,False,127,0.10827464788732394,0.9276338028169012,0.8605915492957742,1.035880281690141,40,65.0,44.0,0.07692307692307693,0.16923076923076924,0.2220630225397998,0.10512986270022874,0.04362637362637363,0.00512986270022873,0.1,0.03362637362637363,0.0,0.01,0.0,0.0,0.0,0.08
2.921505,83,17351.071272,hard,0.6947940503432495,2.6947940503432495,2,821,8,4,4,4,4,0,0,0,0,0.06402745995423272,0.03835164835164863,0.2162999999999949,0.7616758241758236,0.9999999999999961,5,True,186,0.1277112676056338,0.9742535211267612,0.7771267605633804,3.457975352112676,38,65.0,53.0,0.03076923076923077,0.09230769230769231,0.13491422385153698,0.12240961098398145,0.2664010989010985,0.02240961098398145,0.1,0.09140109890109883,0.09999999999999962,0.025,0.05,0.0,0.0,0.08
0.426619,81,17391.497136,hard,0.4147940503432491,0.4147940503432491,0,804,8,4,4,4,4,0,0,0,0,0.029748283752859952,0.02527472527472527,0.0,0.39010989010988883,0.0,3,False,101,0.06873239436619719,0.9397746478873233,0.8727323943661969,1.8084154929577465,50,65.0,47.0,0.07692307692307693,0.18461538461538463,0.13491422385153698,0.11041189931350098,0.06181318681318668,0.010411899313500981,0.1,0.04681318681318668,0.0,0.015,0.0,0.0,0.0,0.08
0.409871,73,17426.934193,hard,0.38747139588100665,0.38747139588100665,0,727,8,4,4,4,4,0,0,0,0,0.00720823798626985,0.007211538461538482,0.024499999999998943,0.31133241758241725,0.3021666666666656,1,False,150,0.13059859154929576,0.920450704225353,0.5649014084507037,1.55568661971831,13,65.0,50.0,0.06153846153846154,0.13846153846153847,0.1145020974334985,0.10252288329519445,0.07257655677655664,0.0025228832951944475,0.1,0.037359890109890076,0.030216666666666565,0.005,0.0,0.0,0.0,0.08
0.483513,77,17464.226127,hard,0.4345366132723105,0.4345366132723105,0,767,8,4,4,4,4,0,0,0,0,0.015257437070937558,0.0,0.08889999999999616,0.3901098901098901,0.3852333333333295,3,False,183,0.16133802816901407,0.9404507042253519,0.8417464788732392,1.9996654929577464,38,65.0,46.0,0.046153846153846156,0.13846153846153847,0.13491422385153698,0.10534010297482815,0.10033652014651977,0.005340102974828145,0.1,0.04681318681318681,0.03852333333333296,0.015,0.0,0.0,0.0,0.08
0.227822,75,17501.346571,hard,0.2552974828375285,0.2552974828375285,0,746,6,2,4,2,4,0,0,0,2,0.006367276887871823,0.015288461538461464,0.0,0.3657417582417576,0.0,2,False,128,0.1088556338028169,0.9776619718309898,0.5788732394366186,0.24496478873239436,10,65.0,54.0,0.06153846153846154,0.12307692307692308,0.25206405738510845,0.042228546910755144,0.053889010989010916,0.0022285469107551376,0.1,0.043889010989010914,0.0,0.01,0.0,0.0,0.06,0.048992957746478875
0.314826,74,17552.739872,hard,0.31124141876430206,0.31124141876430206,0,738,8,4,4,4,4,0,0,0,0,0.005406178489702544,0.011250000000000046,0.0,0.37910714285714237,0.0,2,False,150,0.12353873239436619,0.9267605633802843,0.6256338028169015,0.540862676056338,18,65.0,43.0,0.07692307692307693,0.2153846153846154,0.15610566617587138,0.1018921624713959,0.055492857142857094,0.0018921624713958904,0.1,0.04549285714285709,0.0,0.01,0.0,0.0,0.0,0.08
0.40938,76,17589.94602,hard,0.39441075514874147,0.39441075514874147,0,753,8,4,4,4,4,0,0,0,0,0.0027631578947368723,0.0066346153846154575,0.0,0.452513736263736,0.0,3,False,156,0.12014084507042254,0.9460845070422551,0.7490140845070419,2.210985915492958,34,65.0,49.0,0.06153846153846154,0.15384615384615385,0.09911748204888313,0.10096710526315791,0.06930164835164832,0.0009671052631579054,0.1,0.054301648351648316,0.0,0.015,0.0,0.0,0.0,0.08
0.528629,81,17630.913875,hard,0.4454977116704797,0.4454977116704797,0,807,8,4,4,4,4,0,0,0,0,0.02799199084668101,0.0,0.1630999999999947,0.35714285714285715,0.8117666666666596,2,False,130,0.12485915492957747,0.9501126760563382,0.7725352112676056,2.2232218309859153,30,65.0,48.0,0.1076923076923077,0.2,0.1956217818146278,0.10979719679633836,0.13403380952380883,0.009797196796338356,0.1,0.04285714285714285,0.08117666666666598,0.01,0.0,0.0,0.0,0.08
0.481124,79,17666.142629,hard,0.39723684210526217,0.39723684210526217,0,783,8,4,4,4,4,0,0,0,0,0.03483981693363747,0.026826923076923186,0.13789999999999406,0.4603021978021972,0.5975666666666607,3,False,129,0.10350352112676056,0.9577464788732396,0.8090704225352111,1.45431338028169,52,65.0,43.0,0.06153846153846154,0.15384615384615385,0.1956217818146278,0.11219393592677313,0.12999293040292975,0.012193935926773113,0.1,0.05523626373626367,0.059756666666666076,0.015,0.0,0.0,0.0,0.08
1.605232,79,17703.722441,hard,0.4394736842105263,1.4394736842105262,1,781,8,4,4,4,4,0,0,0,0,0.032437070938214435,0.0,0.1889999999999961,0.39587912087912086,0.9999999999999959,3,True,113,0.11161971830985916,0.9195211267605642,0.7525352112676054,1.4989084507042254,37,65.0,52.0,0.046153846153846156,0.13846153846153847,0.3025207121927388,0.11135297482837506,0.2125054945054941,0.011352974828375053,0.1,0.04750549450549451,0.09999999999999959,0.015,0.05,0.0,0.0,0.08
0.315805,78,17739.794854,hard,0.3034096109839817,0.3034096109839817,0,772,8,4,4,4,4,0,0,0,0,0.015377574370709465,0.03692307692307712,0.0,0.41010989010988835,0.0,3,False,154,0.13415492957746478,0.9267605633802819,0.7280281690140846,0.9391549295774648,41,65.0,48.0,0.06153846153846154,0.16923076923076924,0.05733775266807337,0.10538215102974832,0.0642131868131866,0.005382151029748312,0.1,0.0492131868131866,0.0,0.015,0.0,0.0,0.0,0.08
2.687588,80,17787.79362,hard,0.5332951945080091,2.533295194508009,2,798,8,4,4,4,4,0,0,0,0,0.012070938215102973,0.0,0.0,0.3739010989010989,1.0,3,True,175,0.11383802816901409,0.9154929577464808,0.8140281690140856,3.296742957746479,24,65.0,45.0,0.13846153846153847,0.26153846153846155,0.16676100196548832,0.10422482837528604,0.20986813186813186,0.004224828375286041,0.1,0.04486813186813186,0.1,0.015,0.05,0.0,0.0,0.08
1.638699,100,17838.909544,hard,0.5508237986270016,1.5508237986270017,1,1000,8,4,4,4,4,0,0,0,0,0.023604118993134273,0.01513736263736266,0.10079999999999566,0.4999999999999994,0.7961333333333289,4,False,186,0.13480633802816902,0.9172394366197194,0.8356338028169024,1.337887323943662,35,65.0,48.0,0.06153846153846154,0.15384615384615385,0.05733775266807337,0.108261441647597,0.15961333333333283,0.008261441647596996,0.1,0.059999999999999894,0.07961333333333295,0.02,0.0,0.0,0.0,0.08
2.73762,100,17883.783369,hard,0.585812356979405,2.585812356979405,2,1000,8,4,4,4,4,0,0,0,0,0.005165903890160129,0.008076923076923134,0.0,0.5,1.0,4,True,205,0.15359154929577465,0.952112676056339,0.6456619718309855,0.6032394366197183,21,65.0,48.0,0.06153846153846154,0.16923076923076924,0.1145020974334985,0.10180806636155605,0.22999999999999998,0.0018080663615560454,0.1,0.06,0.1,0.02,0.05,0.0,0.0,0.08
0.437241,81,17921.872504,hard,0.41418764302059496,0.41418764302059496,0,801,8,4,4,4,4,0,0,0,0,0.00901029748283714,0.0,0.0,0.5,0.0,4,False,184,0.16359154929577466,0.9436619718309855,0.6734084507042253,2.385264084507042,26,65.0,52.0,0.06153846153846154,0.15384615384615385,0.15610566617587138,0.103153604118993,0.08,0.003153604118992999,0.1,0.06,0.0,0.02,0.0,0.0,0.0,0.08
2.86745,80,17961.522566,hard,0.6887871853546911,2.688787185354691,2,792,8,4,4,4,4,0,0,0,0,0.022465675057208003,0.0,0.0,0.5,1.0,4,True,119,0.09007042253521126,0.9485070422535207,0.7526197183098587,4.180404929577465,26,65.0,43.0,0.07692307692307693,0.18461538461538463,0.22338824700260326,0.1078629862700228,0.22999999999999998,0.007862986270022802,0.1,0.06,0.1,0.02,0.05,0.0,0.0,0.08
2.797803,83,18003.249617,hard,0.6082379862700229,2.608237986270023,2,825,8,4,4,4,4,0,0,0,0,0.0445823798626998,0.042719780219780325,0.061599999999997344,0.5538461538461518,1.0,4,True,173,0.14862676056338028,0.9412676056338041,0.7991830985915493,2.3898415492957747,35,65.0,46.0,0.06153846153846154,0.15384615384615385,0.05733775266807337,0.11560383295194493,0.23646153846153822,0.015603832951944927,0.1,0.0664615384615382,0.1,0.02,0.05,0.0,0.0,0.08
2.848216,100,18066.211728,hard,0.6624141876430206,2.6624141876430207,2,1000,8,4,4,4,4,0,0,0,0,0.02494279176201382,0.020329670329670327,0.0,0.6839285714285711,1.0,5,True,160,0.12422535211267606,0.9467605633802822,0.6860281690140844,2.37637323943662,30,65.0,56.0,0.03076923076923077,0.09230769230769231,0.1956217818146278,0.10872997711670485,0.25707142857142856,0.008729977116704835,0.1,0.08207142857142856,0.1,0.025,0.05,0.0,0.0,0.08
2.940747,88,18109.22996,hard,0.745766590389016,2.745766590389016,2,879,8,4,4,4,4,0,0,0,0,0.03275171624713941,0.02527472527472527,0.1294999999999987,0.6368131868131892,0.9999999999999959,5,True,173,0.14862676056338028,0.9407042253521131,0.652450704225352,4.738926056338028,22,65.0,48.0,0.06153846153846154,0.16923076923076924,0.09911748204888313,0.1114631006864988,0.2514175824175823,0.011463100686498796,0.1,0.07641758241758269,0.0999999999999996,0.025,0.05,0.0,0.0,0.08
0.445102,84,18149.936399,hard,0.42359839816933637,0.42359839816933637,0,831,8,4,4,4,4,0,0,0,0,0.0054061784897025044,0.0129807692307692,0.0,0.5225961538461533,0.0,4,False,186,0.1637323943661972,0.9154929577464798,0.7972957746478877,2.2043661971830986,38,65.0,51.0,0.06153846153846154,0.15384615384615385,0.1145020974334985,0.10189216247139588,0.0827115384615384,0.0018921624713958765,0.1,0.0627115384615384,0.0,0.02,0.0,0.0,0.0,0.08
2.705422,78,18188.40252,hard,0.5452517162471396,2.5452517162471398,2,776,8,4,4,4,4,0,0,0,0,0.012734553775743621,0.01298076923076927,0.014699999999999366,0.40260989010988957,1.0,3,True,110,0.10980633802816901,0.9325352112676056,0.8829577464788733,2.8438908450704226,40,65.0,47.0,0.09230769230769231,0.2,-0.0,0.10445709382151028,0.21331318681318673,0.0044570938215102674,0.1,0.04831318681318675,0.1,0.015,0.05,0.0,0.0,0.08
2.775643,95,18236.135612,hard,0.6059153318077803,2.6059153318077803,2,948,8,4,4,4,4,0,0,0,0,0.03880434782608634,0.00548076923076924,0.0832999999999978,0.5078846153846152,0.9999999999999987,4,True,111,0.08149647887323944,0.9476901408450723,0.693549295774648,1.983556338028169,22,65.0,53.0,0.046153846153846156,0.12307692307692308,-0.0,0.11358152173913022,0.2309461538461537,0.013581521739130216,0.1,0.0609461538461538,0.09999999999999987,0.02,0.05,0.0,0.0,0.08
0.277559,77,18274.009368,hard,0.297408466819222,0.297408466819222,0,761,8,4,4,4,4,0,0,0,0,0.0020423340961098625,0.004903846153846208,0.0,0.21960164835164814,0.0,1,False,82,0.05591549295774648,0.9275774647887355,0.41022535211267575,0.29376760563380283,12,65.0,52.0,0.046153846153846156,0.12307692307692308,0.25206405738510845,0.08365143665194831,0.03135219780219777,0.0007148169336384518,0.08293661971830986,0.026352197802197774,0.0,0.005,0.0,0.0,0.0,0.058753521126760556
0.498454,83,18324.141065,hard,0.459954233409611,0.459954233409611,0,826,8,4,4,4,4,0,0,0,0,0.008323798627002287,0.015659340659340666,0.0,0.6098901098901092,0.0,5,False,135,0.10882042253521126,0.9719718309859151,0.6931549295774646,1.7829401408450705,29,65.0,42.0,0.07692307692307693,0.18461538461538463,0.05733775266807337,0.1029133295194508,0.0981868131868131,0.0029133295194508,0.1,0.0731868131868131,0.0,0.025,0.0,0.0,0.0,0.08
2.666849,75,18359.070455,hard,0.518483981693364,2.5184839816933637,2,748,8,4,4,4,4,0,0,0,0,0.007328375286041271,0.01759615384615404,0.0,0.3383379120879113,1.0,2,True,184,0.12538732394366198,0.9323943661971836,0.8438873239436623,5.598820422535211,37,65.0,47.0,0.06153846153846154,0.15384615384615385,0.09911748204888313,0.10256493135011445,0.2006005494505494,0.0025649313501144447,0.1,0.040600549450549354,0.1,0.01,0.05,0.0,0.0,0.08
0.510115,80,18394.193424,hard,0.459954233409611,0.459954233409611,0,800,8,4,4,4,4,0,0,0,0,0.034210526315789566,0.02527472527472527,0.0,0.6098901098901109,0.0,5,False,168,0.14661971830985915,0.9573521126760571,0.6130704225352109,2.115862676056338,30,65.0,47.0,0.046153846153846156,0.13846153846153847,0.19172340579500008,0.11197368421052635,0.0981868131868133,0.011973684210526346,0.1,0.0731868131868133,0.0,0.025,0.0,0.0,0.0,0.08
2.955429,81,18429.275731,hard,0.7517734553775743,2.7517734553775743,2,806,8,4,4,4,4,0,0,0,0,0.031733409610984066,0.019326923076923182,0.0,0.6512362637362651,1.0,5,True,160,0.13570422535211268,0.9211267605633818,0.7366197183098593,2.717130281690141,31,65.0,50.0,0.046153846153846156,0.12307692307692308,0.05733775266807337,0.11110669336384443,0.2531483516483518,0.011106693363844424,0.1,0.0781483516483518,0.1,0.025,0.05,0.0,0.0,0.08
1.754203,100,18471.824536,hard,0.6238615560640723,1.6238615560640723,1,1000,8,4,4,4,4,0,0,0,0,0.04757437070938132,0.03317307692307707,0.19669999999999482,0.6098901098901083,0.9550333333333249,5,False,126,0.10165492957746479,0.9293802816901403,0.6413521126760565,5.518908450704226,26,65.0,51.0,0.07692307692307693,0.16923076923076924,0.2929336127308734,0.11665102974828347,0.19369014652014552,0.016651029748283464,0.1,0.07318681318681303,0.0955033333333325,0.025,0.0,0.0,0.0,0.08
0.286238,75,18504.889011,hard,0.34262013729977125,0.34262013729977125,0,746,8,4,4,4,4,0,0,0,0,0.007208237986270101,0.017307692307692496,0.0,0.3281593406593399,0.0,1,False,50,0.03508802816901409,0.9179718309859185,0.6512957746478876,0.5569366197183099,19,65.0,50.0,0.046153846153846156,0.13846153846153847,0.2220630225397998,0.05383890442195509,0.04437912087912079,0.0025228832951945356,0.05131602112676056,0.039379120879120794,0.0,0.005,0.0,0.0,0.0,0.08
0.167661,74,18546.245666,hard,0.21345537757437075,0.21345537757437075,0,733,7,3,4,3,4,0,0,0,1,0.0019221967963386907,0.004615384615384658,0.0,0.26527472527472523,0.0,1,False,150,0.09242957746478873,0.958225352112677,0.8542816901408454,1.8751232394366197,31,65.0,39.0,0.07692307692307693,0.18461538461538463,0.05733775266807337,0.07067276887871855,0.03683296703296702,0.0006727688787185417,0.1,0.03183296703296702,0.0,0.005,0.0,0.0,0.03,0.08
0.249493,75,18579.201611,hard,0.2685354691075515,0.2685354691075515,0,744,8,4,4,4,4,0,0,0,0,0.006847826086956552,0.01586538461538469,0.0,0.3975274725274718,0.0,2,False,71,0.05301056338028169,0.9348169014084529,0.7101126760563377,1.0737852112676056,32,65.0,50.0,0.046153846153846156,0.1076923076923077,0.05733775266807337,0.07765466166564608,0.05770329670329662,0.0023967391304347925,0.07525792253521128,0.047703296703296615,0.0,0.01,0.0,0.0,0.0,0.08
0.466969,83,18615.714461,hard,0.42894736842105263,0.42894736842105263,0,827,8,4,4,4,4,0,0,0,0,0.0028832951945080044,0.0,0.0,0.32967032967032966,0.49933333333333335,3,False,96,0.06295774647887324,0.9380281690140853,0.788450704225353,3.582200704225352,32,65.0,53.0,0.046153846153846156,0.12307692307692308,0.09911748204888313,0.09622746317723274,0.10449377289377289,0.0010091533180778016,0.09521830985915494,0.03956043956043956,0.049933333333333337,0.015,0.0,0.0,0.0,0.08
0.441475,84,18651.894076,hard,0.40731121281464466,0.40731121281464466,0,836,8,4,4,4,4,0,0,0,0,0.022946224256292225,0.015576923076923148,0.09589999999999586,0.30646978021977994,0.4295666666666625,2,False,144,0.11492957746478873,0.936676056338029,0.7485633802816899,1.620774647887324,46,65.0,43.0,0.06153846153846154,0.16923076923076924,0.09911748204888313,0.10803117848970228,0.08973304029303984,0.008031178489702279,0.1,0.03677637362637359,0.042956666666666254,0.01,0.0,0.0,0.0,0.08
0.431945,83,18687.416524,hard,0.40446224256292906,0.40446224256292906,0,821,8,4,4,4,4,0,0,0,0,0.019342105263158035,0.018750000000000173,0.0,0.3901098901098891,0.21,3,False,99,0.07410211267605633,0.9434366197183109,0.6936338028169011,1.4073239436619718,32,65.0,41.0,0.07692307692307693,0.2153846153846154,0.1145020974334985,0.10676973684210532,0.08281318681318668,0.006769736842105312,0.1,0.046813186813186684,0.021,0.015,0.0,0.0,0.0,0.08
2.722899,76,18719.663825,hard,0.5613157894736843,2.561315789473684,2,759,8,4,4,4,4,0,0,0,0,0.012974828375286148,0.031153846153846414,0.0,0.4411813186813173,1.0,2,True,132,0.08133802816901409,0.9211267605633802,0.8456901408450705,2.617957746478873,40,65.0,53.0,0.046153846153846156,0.1076923076923077,0.25206405738510845,0.10454118993135016,0.2129417582417581,0.004541189931350152,0.1,0.05294175824175808,0.1,0.01,0.05,0.0,0.0,0.08
0.358829,80,18753.555072,hard,0.35354691075514877,0.35354691075514877,0,791,8,4,4,4,4,0,0,0,0,0.011292906178489784,0.008942307692307791,0.0,0.28997252747252733,0.15633333333333332,2,False,96,0.07661971830985916,0.9380281690140871,0.7091830985915495,1.094700704225352,32,65.0,46.0,0.07692307692307693,0.18461538461538463,-0.0,0.10395251716247143,0.06043003663003661,0.003952517162471424,0.1,0.03479670329670328,0.015633333333333332,0.01,0.0,0.0,0.0,0.08
0.313193,75,18795.367531,hard,0.3239759725400458,0.3239759725400458,0,750,8,4,4,4,4,0,0,0,0,0.0006006864988558369,0.0014423076923076963,0.0,0.28339285714285706,0.0,2,False,127,0.10227112676056338,0.931718309859157,0.607464788732394,0.8855633802816901,28,65.0,47.0,0.07692307692307693,0.16923076923076924,0.05733775266807337,0.10021024027459954,0.04400714285714285,0.00021024027459954289,0.1,0.03400714285714285,0.0,0.01,0.0,0.0,0.0,0.08
0.395727,86,18832.059898,hard,0.39221395881006865,0.39221395881006865,0,856,8,4,4,4,4,0,0,0,0,0.015554919908466825,0.005480769230769221,0.0,0.44723901098901075,0.0,2,False,122,0.08936619718309859,0.9445352112676052,0.7994929577464787,1.053838028169014,32,65.0,43.0,0.09230769230769231,0.23076923076923078,-0.0,0.1054442219679634,0.0636686813186813,0.005444221967963388,0.1,0.05366868131868129,0.0,0.01,0.0,0.0,0.0,0.08
0.287508,77,18864.587788,hard,0.3116247139588101,0.3116247139588101,0,762,8,4,4,4,4,0,0,0,0,0.003844393592677388,0.009230769230769332,0.0,0.25373626373626335,0.0,1,False,93,0.06505281690140845,0.9229295774647903,0.6416619718309856,0.703169014084507,26,65.0,44.0,0.09230769230769231,0.18461538461538463,0.09911748204888313,0.09663515043349342,0.0354483516483516,0.0013455377574370857,0.09528961267605635,0.030448351648351597,0.0,0.005,0.0,0.0,0.0,0.08
0.366432,90,18903.086766,hard,0.3684210526315789,0.3684210526315789,0,891,8,4,4,4,4,0,0,0,0,0.015137299771166925,0.0,0.0,0.3901098901098901,0.0,3,False,104,0.10336267605633803,0.9291830985915507,0.6482535211267604,1.168556338028169,24,65.0,46.0,0.06153846153846154,0.15384615384615385,0.2220630225397998,0.10529805491990843,0.06181318681318681,0.005298054919908424,0.1,0.04681318681318681,0.0,0.015,0.0,0.0,0.0,0.08
0.403242,81,18937.823874,hard,0.38981693363844394,0.38981693363844394,0,805,8,4,4,4,4,0,0,0,0,0.0033638443935926714,0.008076923076923063,0.0,0.4395604395604393,0.0,4,False,128,0.10507042253521126,0.920450704225354,0.6896901408450706,3.116549295774648,39,65.0,48.0,0.06153846153846154,0.16923076923076924,0.05733775266807337,0.10117734553775744,0.0727472527472527,0.0011773455377574352,0.1,0.052747252747252706,0.0,0.02,0.0,0.0,0.0,0.08
2.67613,80,18971.665302,hard,0.5626716247139588,2.5626716247139587,2,792,8,4,4,4,4,0,0,0,0,0.002763157894736755,0.0014423076923077084,0.0,0.4444368131868131,1.0,3,True,52,0.03647887323943662,0.9702253521126756,0.847605633802817,5.624295774647887,36,65.0,48.0,0.06153846153846154,0.13846153846153847,-0.0,0.05432626019273533,0.21833241758241756,0.0009671052631578644,0.05335915492957746,0.05333241758241757,0.1,0.015,0.05,0.0,0.0,0.08
2.775726,85,19016.279473,hard,0.6086384439359268,2.6086384439359267,2,841,8,4,4,4,4,0,0,0,0,0.030514874141876376,0.030000000000000096,0.0,0.5548076923076918,1.0,4,True,80,0.05857394366197183,0.9599718309859164,0.780619718309859,4.929894366197183,32,65.0,51.0,0.046153846153846156,0.12307692307692308,0.16676100196548832,0.09461066369613559,0.23657692307692302,0.01068020594965673,0.08393045774647886,0.06657692307692302,0.1,0.02,0.05,0.0,0.0,0.08
1.700565,87,19053.750141,hard,0.5836956521739131,1.5836956521739132,1,862,8,4,4,4,4,0,0,0,0,0.03652173913043444,0.0017307692307692323,0.0,0.6098901098901099,0.721,5,False,110,0.10434859154929578,0.9366197183098589,0.6903380281690139,2.1401584507042255,27,65.0,48.0,0.07692307692307693,0.16923076923076924,0.19172340579500008,0.11278260869565206,0.17028681318681319,0.012782608695652052,0.1,0.07318681318681318,0.07210000000000001,0.025,0.0,0.0,0.0,0.08
2.785279,100,19101.986729,hard,0.615045766590389,2.615045766590389,2,1000,8,4,4,4,4,0,0,0,0,0.05418192219679535,0.035192307692307676,0.23029999999999431,0.5105769230769219,0.9999999999999961,4,True,105,0.07779929577464789,0.9124788732394382,0.7049577464788734,1.889982394366197,33,65.0,50.0,0.046153846153846156,0.12307692307692308,0.25206405738510845,0.11896367276887838,0.23126923076923023,0.018963672768878375,0.1,0.06126923076923061,0.09999999999999962,0.02,0.05,0.0,0.0,0.08
0.384847,76,19141.929397,hard,0.3684210526315789,0.3684210526315789,0,751,8,4,4,4,4,0,0,0,0,0.027751716247139315,0.0,0.0,0.3901098901098901,0.0,3,False,145,0.09808098591549295,0.9533239436619716,0.7617183098591548,1.4646302816901409,37,65.0,44.0,0.07692307692307693,0.18461538461538463,0.1145020974334985,0.10971310068649877,0.06181318681318683,0.00971310068649876,0.1,0.04681318681318683,0.0,0.015,0.0,0.0,0.0,0.08
0.394129,78,19180.110327,hard,0.386899313501144,0.386899313501144,0,773,8,4,4,4,4,0,0,0,0,0.01167048054919888,0.0,0.0,0.3787087912087912,0.0,3,False,140,0.1184330985915493,0.932394366197184,0.8095211267605635,2.7439612676056337,37,65.0,54.0,0.09230769230769231,0.15384615384615385,0.3189954002702487,0.10408466819221962,0.06044505494505494,0.004084668192219608,0.1,0.04544505494505494,0.0,0.015,0.0,0.0,0.0,0.08
0.295444,76,19215.864626,hard,0.33705377574370715,0.33705377574370715,0,751,7,3,4,3,4,0,0,0,1,0.0020423340961098625,0.004903846153846208,0.0,0.3147939560439558,0.0,1,False,96,0.08535211267605634,0.9154929577464797,0.8124507042253526,1.4858450704225352,44,65.0,42.0,0.07692307692307693,0.16923076923076924,0.05733775266807337,0.07071481693363846,0.04277527472527469,0.0007148169336384518,0.1,0.03777527472527469,0.0,0.005,0.0,0.0,0.03,0.08
0.444242,76,19260.01833,hard,0.4213272311212816,0.4213272311212816,0,754,8,4,4,4,4,0,0,0,0,0.017877574370709522,0.04090659340659374,0.0,0.5171428571428555,0.0,2,False,144,0.12253521126760564,0.9260281690140858,0.7815774647887326,1.4715140845070422,29,65.0,48.0,0.046153846153846156,0.13846153846153847,-0.0,0.10625715102974834,0.07205714285714265,0.006257151029748332,0.1,0.06205714285714265,0.0,0.01,0.0,0.0,0.0,0.08
0.242297,75,19296.018312,hard,0.24280320366132727,0.24280320366132727,0,750,8,4,4,4,4,0,0,0,0,0.012013729977116708,0.028846153846153855,0.0,0.33574175824175745,0.0,2,False,120,0.09084507042253522,0.9303661971830999,0.5501971830985911,0.8261971830985916,21,65.0,51.0,0.046153846153846156,0.12307692307692308,0.16676100196548832,0.10420480549199085,0.050289010989010896,0.004204805491990848,0.1,0.040289010989010894,0.0,0.01,0.0,0.0,0.0,0.08
0.375388,74,19331.605617,hard,0.3687070938215103,0.3687070938215103,0,732,8,4,4,4,4,0,0,0,0,0.008529748283752909,0.020480769230769347,0.0,0.3907967032967023,0.0,2,False,96,0.09845070422535211,0.9292394366197193,0.7167042253521128,1.4603345070422535,40,65.0,49.0,0.046153846153846156,0.13846153846153847,0.25206405738510845,0.10298541189931353,0.05689560439560427,0.0029854118993135176,0.1,0.046895604395604265,0.0,0.01,0.0,0.0,0.0,0.08
2.755651,81,19367.753893,hard,0.5790617848970252,2.579061784897025,2,808,8,4,4,4,4,0,0,0,0,0.026670480549198308,0.019903846153846192,0.10709999999999538,0.48379120879120785,1.0,4,True,120,0.09084507042253522,0.9592112676056344,0.7562253521126767,1.9540140845070422,44,65.0,52.0,0.046153846153846156,0.1076923076923077,0.2220630225397998,0.10933466819221942,0.22805494505494495,0.009334668192219406,0.1,0.058054945054944934,0.09999999999999999,0.02,0.05,0.0,0.0,0.08
2.802557,85,19404.169891,hard,0.6219965675057209,2.621996567505721,2,842,8,4,4,4,4,0,0,0,0,0.02667048054919852,0.013557692307692347,0.0,0.5868818681318679,1.0,3,True,166,0.133943661971831,0.9267605633802827,0.6223661971830992,3.599225352112676,26,65.0,56.0,0.046153846153846156,0.12307692307692308,0.24645788980805483,0.10933466819221949,0.23542582417582414,0.009334668192219482,0.1,0.07042582417582413,0.09999999999999999,0.015,0.05,0.0,0.0,0.08
2.851402,86,19440.069441,hard,0.6588100686498856,2.6588100686498857,2,852,8,4,4,4,4,0,0,0,0,0.04949656750572028,0.041538461538461795,0.18759999999999616,0.6098901098901103,0.9999999999999959,5,True,84,0.06704225352112676,0.9292394366197185,0.6657464788732393,3.6989084507042254,24,65.0,49.0,0.06153846153846154,0.15384615384615385,0.19172340579500008,0.10960548876784718,0.24818681318681285,0.017323798627002097,0.09228169014084507,0.07318681318681323,0.09999999999999959,0.025,0.05,0.0,0.0,0.08
0.448282,77,19480.191767,hard,0.4437242562929061,0.4437242562929061,0,765,7,3,4,3,4,0,0,0,1,0.003604118993135031,0.007788461538461623,0.00209999999999991,0.56043956043956,0.025433333333333242,4,False,83,0.08660211267605634,0.9260845070422546,0.6873802816901403,0.965862676056338,40,65.0,51.0,0.07692307692307693,0.18461538461538463,0.05733775266807337,0.07126144164759726,0.08979608058608052,0.0012614416475972608,0.1,0.06725274725274719,0.002543333333333324,0.02,0.0,0.0,0.03,0.08
0.155238,75,19512.221415,hard,0.22783180778032036,0.22783180778032036,0,742,6,2,4,2,4,0,0,0,2,0.0018020594965675253,0.004326923076923124,0.0,0.2997939560439559,0.0,1,False,188,0.17366197183098592,0.9236056338028197,0.4896056338028163,0.4918661971830986,19,65.0,49.0,0.07692307692307693,0.15384615384615385,0.16676100196548832,0.040630720823798636,0.0409752747252747,0.0006307208237986339,0.1,0.0359752747252747,0.0,0.005,0.0,0.0,0.06,0.08
1.655779,76,19544.174594,hard,0.5559096109839808,1.555909610983981,1,759,8,4,4,4,4,0,0,0,0,0.024387871853546007,0.0008653846153846252,0.1399999999999947,0.5441346153846154,0.7186666666666606,4,False,80,0.06676056338028169,0.9444788732394369,0.8128732394366197,2.4403521126760563,33,65.0,54.0,0.06153846153846154,0.12307692307692308,0.13491422385153698,0.09860617768395238,0.1571628205128199,0.008535755148741102,0.09007042253521128,0.06529615384615385,0.07186666666666607,0.02,0.0,0.0,0.0,0.08
1.603581,77,19581.037793,hard,0.48028032036613266,1.4802803203661328,1,761,8,4,4,4,4,0,0,0,0,0.012030892448512569,0.0008653846153845782,0.0,0.24660714285714283,1.0,2,True,86,0.05679577464788733,0.9323943661971835,0.8065915492957747,2.3148239436619718,41,65.0,49.0,0.06153846153846154,0.15384615384615385,0.09911748204888313,0.08980764334289491,0.18959285714285717,0.004210812356979399,0.08559683098591551,0.02959285714285714,0.1,0.01,0.05,0.0,0.0,0.08
0.37781,77,19618.145033,hard,0.366395881006865,0.366395881006865,0,763,8,4,4,4,4,0,0,0,0,0.022826086956521902,0.02596153846153854,0.0,0.3852472527472515,0.0,3,False,102,0.0633274647887324,0.9405070422535241,0.6299436619718309,1.9981161971830985,35,65.0,46.0,0.07692307692307693,0.18461538461538463,0.09911748204888313,0.10648472902633196,0.06122967032967019,0.007989130434782664,0.0984955985915493,0.04622967032967019,0.0,0.015,0.0,0.0,0.0,0.08
0.342517,75,19651.776464,hard,0.3110755148741419,0.3110755148741419,0,743,8,4,4,4,4,0,0,0,0,0.00552631578947374,0.0,0.0,0.5317307692307692,0.0,4,False,170,0.14459507042253522,0.9986478873239452,0.4548732394366196,0.7730105633802817,27,65.0,44.0,0.06153846153846154,0.15384615384615385,0.13491422385153698,0.10193421052631581,0.08380769230769229,0.0019342105263158089,0.1,0.06380769230769229,0.0,0.02,0.0,0.0,0.0,0.08
0.239799,75,19684.17336,hard,0.2928432494279176,0.2928432494279176,0,743,7,3,4,3,4,0,0,0,1,0.003483981693363811,0.008365384615384535,0.0,0.20864010989010953,0.0,1,False,150,0.12463028169014084,0.9154929577464805,0.7141408450704229,1.0737676056338028,33,65.0,50.0,0.06153846153846154,0.16923076923076924,0.09911748204888313,0.07121939359267734,0.03003681318681314,0.001219393592677334,0.1,0.02503681318681314,0.0,0.005,0.0,0.0,0.03,0.08
0.311618,76,19725.579327,hard,0.3266762013729977,0.3266762013729977,0,757,8,4,4,4,4,0,0,0,0,0.009971395881006815,0.023942307692307572,0.0,0.28987637362637253,0.0,2,False,96,0.059154929577464786,0.9267605633802841,0.5439999999999996,1.2343661971830986,22,65.0,52.0,0.046153846153846156,0.13846153846153847,0.22338824700260326,0.095856185741451,0.04478516483516471,0.0034899885583523855,0.0923661971830986,0.03478516483516471,0.0,0.01,0.0,0.0,0.0,0.08
0.429378,74,19756.395522,hard,0.4083066361556065,0.4083066361556065,0,740,8,4,4,4,4,0,0,0,0,0.005045766590389071,0.012115384615384748,0.0,0.48587912087912033,0.0,3,False,116,0.10859154929577465,0.9348732394366226,0.6545352112676056,1.3766901408450705,32,65.0,42.0,0.06153846153846154,0.16923076923076924,0.2220630225397998,0.10176601830663617,0.07330549450549445,0.001766018306636175,0.1,0.05830549450549446,0.0,0.015,0.0,0.0,0.0,0.08
2.963273,79,19788.80538,hard,0.7494679633867276,2.749467963386728,2,787,8,4,4,4,4,0,0,0,0,0.05720251716247111,0.03663461538461533,0.0,0.6457005494505518,1.0,5,True,109,0.08024647887323944,0.9405070422535218,0.5620845070422535,3.4489964788732395,25,65.0,44.0,0.06153846153846154,0.16923076923076924,0.05733775266807337,0.1200208810068649,0.2524840659340662,0.020020881006864884,0.1,0.0774840659340662,0.1,0.025,0.05,0.0,0.0,0.08
2.793168,100,19830.415542,hard,0.6580148741418764,2.6580148741418763,2,1000,8,4,4,4,4,0,0,0,0,0.011172768878718424,0.006057692307692374,0.0,0.4261126373626371,1.0,3,True,98,0.06147887323943662,0.9183661971830986,0.6415211267605636,3.6190669014084507,26,65.0,47.0,0.06153846153846154,0.15384615384615385,0.2894083110179803,0.09901962403712893,0.21613351648351642,0.0039104691075514475,0.09510915492957747,0.05113351648351643,0.1,0.015,0.05,0.0,0.0,0.08
2.739397,81,19864.879897,hard,0.562070938215103,2.5620709382151032,2,807,8,4,4,4,4,0,0,0,0,0.056762013729976565,0.026538461538461715,0.1889999999999961,0.4429945054945042,0.9999999999999959,3,True,165,0.11477112676056338,0.9373521126760579,0.7895774647887328,2.3786267605633804,29,65.0,52.0,0.06153846153846154,0.15384615384615385,0.09911748204888313,0.1198667048054918,0.21815934065934006,0.019866704805491797,0.1,0.0531593406593405,0.09999999999999959,0.015,0.05,0.0,0.0,0.08
0.302075,83,19900.604918,hard,0.30331807780320363,0.30331807780320363,0,825,8,4,4,4,4,0,0,0,0,0.01081235697940509,0.025961538461538595,0.0,0.39560439560439503,0.0,2,False,144,0.11492957746478873,0.9743098591549302,0.7281408450704224,1.6900704225352112,24,65.0,53.0,0.046153846153846156,0.13846153846153847,0.25206405738510845,0.10378432494279179,0.0574725274725274,0.003784324942791781,0.1,0.0474725274725274,0.0,0.01,0.0,0.0,0.0,0.08
2.803676,100,19951.713838,hard,0.631578947368421,2.6315789473684212,2,1000,8,4,4,4,4,0,0,0,0,0.011172768878718604,0.0014423076923076933,0.061600000000000404,0.6098901098901099,0.999999999999997,5,True,147,0.10542253521126761,0.905042253521128,0.7244225352112674,1.5397535211267606,31,65.0,43.0,0.07692307692307693,0.2,0.1145020974334985,0.10391046910755151,0.2481868131868129,0.003910469107551511,0.1,0.07318681318681318,0.0999999999999997,0.025,0.05,0.0,0.0,0.08
2.768152,84,19986.984089,hard,0.5886155606407323,2.5886155606407324,2,837,8,4,4,4,4,0,0,0,0,0.047814645308923286,0.02105769230769243,0.1518999999999944,0.5067307692307682,0.9999999999999991,4,True,96,0.06359154929577465,0.9912112676056337,0.7402253521126763,3.619700704225352,37,65.0,46.0,0.06153846153846154,0.18461538461538463,0.09911748204888313,0.11242878782995412,0.2308076923076921,0.01673512585812315,0.09569366197183098,0.060807692307692174,0.09999999999999991,0.02,0.05,0.0,0.0,0.08
0.308177,80,20020.5875,hard,0.35005720823798625,0.35005720823798625,0,796,8,4,4,4,4,0,0,0,0,0.00925057208237992,0.022211538461538595,0.0,0.3460164835164833,0.0,3,False,56,0.03994718309859155,0.962985915492959,0.4411549295774647,0.9920774647887324,8,65.0,53.0,0.06153846153846154,0.15384615384615385,0.944870110237757,0.06119808755277663,0.05652197802197798,0.0032377002288329713,0.05796038732394366,0.04152197802197798,0.0,0.015,0.0,0.0,0.0,0.08
0.360368,80,20054.002222,hard,0.34922768878718485,0.34922768878718485,0,794,8,4,4,4,4,0,0,0,0,0.01501716247139535,0.0051923076923077495,0.07489999999999676,0.1891208791208792,0.37589999999999674,1,False,119,0.08586267605633803,0.9380281690140875,0.5221408450704222,0.6104225352112677,16,65.0,46.0,0.09230769230769231,0.18461538461538463,0.15610566617587138,0.10525600686498837,0.0652845054945052,0.005256006864988372,0.1,0.02269450549450551,0.03758999999999968,0.005,0.0,0.0,0.0,0.08
0.563025,80,20088.346984,hard,0.4986842105263152,0.4986842105263152,0,794,8,4,4,4,4,0,0,0,0,0.018501144164759082,0.006923076923076999,0.09099999999999608,0.4999999999999996,0.46666666666666273,4,False,80,0.06746478873239437,0.9613802816901417,0.77856338028169,1.5352112676056338,34,65.0,41.0,0.1076923076923077,0.23076923076923078,0.09911748204888313,0.09707399200696144,0.1266666666666662,0.006475400457665679,0.09059859154929577,0.05999999999999994,0.04666666666666628,0.02,0.0,0.0,0.0,0.08
1.705128,98,20129.099536,hard,0.6326544622425625,1.6326544622425625,1,971,8,4,4,4,4,0,0,0,0,0.009885583524027056,0.0012362637362637369,0.054599999999997643,0.5096153846153846,0.6495999999999976,4,False,282,0.2261619718309859,0.9613802816901413,0.7952394366197184,3.130651408450704,41,65.0,50.0,0.06153846153846154,0.15384615384615385,0.1145020974334985,0.10345995423340948,0.1461138461538459,0.0034599542334094696,0.1,0.06115384615384615,0.06495999999999975,0.02,0.0,0.0,0.0,0.08
0.448608,74,20169.123036,hard,0.41659610983981693,0.41659610983981693,0,739,8,4,4,4,4,0,0,0,0,0.029193363844393364,0.026249999999999944,0.0,0.5057829670329659,0.0,3,False,110,0.11852112676056338,0.954140845070423,0.6649859154929577,1.3232218309859154,37,65.0,47.0,0.07692307692307693,0.16923076923076924,0.09911748204888313,0.11021767734553768,0.0756939560439559,0.010217677345537675,0.1,0.060693956043955895,0.0,0.015,0.0,0.0,0.0,0.08
1.608358,80,20203.605252,hard,0.4420366132723112,1.4420366132723113,1,800,8,4,4,4,4,0,0,0,0,0.03736270022883264,0.027115384615384805,0.15189999999999773,0.4020329670329657,0.9999999999999959,3,True,167,0.14112676056338028,0.9760563380281703,0.7507605633802816,2.5357746478873238,44,65.0,47.0,0.06153846153846154,0.16923076923076924,0.16676100196548832,0.11307694508009143,0.21324395604395546,0.013076945080091424,0.1,0.04824395604395588,0.0999999999999996,0.015,0.05,0.0,0.0,0.08
2.871653,90,20242.169444,hard,0.699141876430206,2.6991418764302058,2,891,8,4,4,4,4,0,0,0,0,0.01855263157894689,0.017719780219780226,0.06509999999999719,0.6028846153846147,1.0,4,True,76,0.0730281690140845,0.9348169014084541,0.7073521126760565,2.443169014084507,30,65.0,46.0,0.07692307692307693,0.16923076923076924,0.2220630225397998,0.0992645478131948,0.24234615384615377,0.0064934210526314115,0.09277112676056339,0.07234615384615375,0.1,0.02,0.05,0.0,0.0,0.08
0.279839,72,20272.953773,hard,0.322271167048055,0.322271167048055,0,720,7,3,4,3,4,0,0,0,1,0.002763157894736866,0.006634615384615442,0.0,0.27929945054945027,0.0,2,False,82,0.07211267605633803,0.9211267605633828,0.6269295774647885,1.3396654929577465,26,65.0,47.0,0.06153846153846154,0.16923076923076924,0.05733775266807337,0.06605161230541144,0.043515934065934035,0.000967105263157903,0.09508450704225353,0.03351593406593403,0.0,0.01,0.0,0.0,0.03,0.08
1.614808,75,20305.080429,hard,0.4661270022883296,1.4661270022883297,1,741,8,4,4,4,4,0,0,0,0,0.007088100686498933,0.017019230769230956,0.0,0.33583791208791136,1.0,2,True,106,0.07841549295774648,0.9285633802816899,0.6592676056338029,1.960387323943662,28,65.0,52.0,0.06153846153846154,0.16923076923076924,0.1956217818146278,0.10248083524027463,0.20030054945054937,0.002480835240274627,0.1,0.040300549450549374,0.09999999999999999,0.01,0.05,0.0,0.0,0.08
0.339543,77,20337.480501,hard,0.3432951945080092,0.3432951945080092,0,769,8,4,4,4,4,0,0,0,0,0.010211670480549167,0.016730769230769413,0.0,0.32978021978021904,0.0,2,False,150,0.13221830985915492,0.9391549295774654,0.739267605633803,1.9824471830985915,39,65.0,46.0,0.046153846153846156,0.13846153846153847,0.1145020974334985,0.1035740846681922,0.049573626373626285,0.003574084668192208,0.1,0.03957362637362628,0.0,0.01,0.0,0.0,0.0,0.08
1.65026,81,20371.471277,hard,0.5409725400457658,1.540972540045766,1,806,8,4,4,4,4,0,0,0,0,0.04663043478260791,0.008942307692307687,0.11199999999999517,0.5025000000000001,0.7326666666666618,4,False,126,0.09073943661971831,0.9364225352112683,0.7281408450704221,1.2612323943661972,34,65.0,46.0,0.06153846153846154,0.16923076923076924,0.05733775266807337,0.11632065217391277,0.15356666666666619,0.016320652173912764,0.1,0.0603,0.0732666666666662,0.02,0.0,0.0,0.0,0.08
0.450594,79,20413.857023,hard,0.42820938215102966,0.42820938215102966,0,788,8,4,4,4,4,0,0,0,0,0.006127002288329443,0.01471153846153828,0.0,0.5336675824175818,0.0,3,False,116,0.12169014084507042,0.9397746478873261,0.5970140845070421,1.2866021126760563,27,65.0,51.0,0.046153846153846156,0.12307692307692308,0.2220630225397998,0.1021444508009153,0.0790401098901098,0.002144450800915305,0.1,0.0640401098901098,0.0,0.015,0.0,0.0,0.0,0.08
0.313266,82,20449.063746,hard,0.3295194508009153,0.3295194508009153,0,819,8,4,4,4,4,0,0,0,0,0.00012013729977116708,0.00028846153846153854,0.0,0.2967032967032967,0.0,2,False,109,0.10373239436619719,0.9547042253521137,0.5913239436619719,2.4958098591549294,24,65.0,46.0,0.046153846153846156,0.13846153846153847,-0.0,0.10004204805491991,0.0456043956043956,4.204805491990848e-05,0.1,0.0356043956043956,0.0,0.01,0.0,0.0,0.0,0.08
0.389036,84,20485.487717,hard,0.379233409610984,0.379233409610984,0,835,8,4,4,4,4,0,0,0,0,0.02392448512585773,0.03119505494505504,0.0,0.4160714285714269,0.0,3,False,100,0.07994718309859154,0.9550704225352118,0.8560845070422534,1.5529753521126761,37,65.0,54.0,0.046153846153846156,0.13846153846153847,0.24645788980805483,0.1083735697940502,0.06492857142857122,0.008373569794050203,0.1,0.04992857142857122,0.0,0.015,0.0,0.0,0.0,0.08
2.841217,82,20521.098123,hard,0.6407894736842106,2.640789473684211,2,813,8,4,4,4,4,0,0,0,0,0.0640331807780318,0.05798076923076976,0.17149999999999654,0.632005494505494,0.9999999999999962,5,True,86,0.06063380281690141,0.9533239436619714,0.8036901408450704,3.711056338028169,29,65.0,45.0,0.09230769230769231,0.18461538461538463,0.09911748204888313,0.11088696538498719,0.2508406593406589,0.022411613272311122,0.08847535211267606,0.07584065934065926,0.09999999999999964,0.025,0.05,0.0,0.0,0.08
0.260853,74,20553.61209,hard,0.3522883295194508,0.3522883295194508,0,736,5,1,4,1,4,0,0,0,3,0.0,0.0,0.0,0.35137362637362635,0.0,2,False,136,0.10781690140845071,0.9871267605633823,0.6478309859154929,1.1860387323943662,24,65.0,43.0,0.1076923076923077,0.18461538461538463,-0.0,0.010000000000000009,0.052164835164835166,0.0,0.1,0.042164835164835164,0.0,0.01,0.0,0.0,0.09,0.08
2.840306,80,20588.386293,hard,0.6518421052631578,2.6518421052631576,2,792,8,4,4,4,4,0,0,0,0,0.01693935926773394,0.003461538461538312,0.09029999999999679,0.6518131868131875,0.9999999999999994,5,True,92,0.05669014084507042,0.9251549295774655,0.8250422535211273,3.2204225352112674,40,65.0,49.0,0.06153846153846154,0.15384615384615385,0.22338824700260326,0.09444638137750971,0.25321758241758247,0.00592877574370688,0.08851760563380283,0.07821758241758249,0.09999999999999995,0.025,0.05,0.0,0.0,0.08
0.220068,76,20629.700321,hard,0.2738558352402746,0.2738558352402746,0,760,6,2,4,2,4,0,0,0,2,0.0004805491990846685,0.0011538461538461546,0.0,0.392032967032967,0.0,3,False,184,0.16359154929577466,0.948140845070422,0.6886760563380278,0.8894366197183099,39,65.0,48.0,0.06153846153846154,0.15384615384615385,0.2783171932701801,0.04016819221967964,0.06204395604395603,0.00016819221967963397,0.1,0.04704395604395603,0.0,0.015,0.0,0.0,0.06,0.08
2.986686,97,20671.100737,hard,0.797025171624714,2.797025171624714,2,964,8,4,4,4,4,0,0,0,0,0.05106979405034338,0.0657554945054946,0.0,0.6098901098901094,1.0,5,True,153,0.0942781690140845,0.9154929577464809,0.6558591549295775,3.4605281690140846,26,65.0,48.0,0.07692307692307693,0.18461538461538463,0.09911748204888313,0.11787442791762018,0.24818681318681313,0.01787442791762018,0.1,0.07318681318681312,0.1,0.025,0.05,0.0,0.0,0.08
1.622838,80,20703.965487,hard,0.5209553775743697,1.5209553775743698,1,795,8,4,4,4,4,0,0,0,0,0.037963386727687856,0.015288461538461705,0.18409999999999418,0.41126373626373547,0.8374333333333254,3,False,128,0.11816901408450704,0.9260845070422556,0.6319154929577461,1.2839084507042253,35,65.0,50.0,0.06153846153846154,0.16923076923076924,0.16676100196548832,0.11328718535469075,0.1480949816849808,0.013287185354690747,0.1,0.04935164835164825,0.08374333333333255,0.015,0.0,0.0,0.0,0.08
2.887719,77,20735.615006,hard,0.7044622425629291,2.704462242562929,2,766,8,4,4,4,4,0,0,0,0,0.015257437070938077,0.0,0.0,0.5376373626373626,1.0,4,True,92,0.08070422535211268,0.9211267605633825,0.7393521126760569,2.616549295774648,41,65.0,48.0,0.06153846153846154,0.18461538461538463,0.22338824700260326,0.10534010297482833,0.23451648351648352,0.005340102974828327,0.1,0.06451648351648351,0.09999999999999999,0.02,0.05,0.0,0.0,0.08
0.394241,80,20769.220912,hard,0.3804347826086957,0.3804347826086957,0,795,8,4,4,4,4,0,0,0,0,0.022946224256292645,0.0,0.0,0.41895604395604397,0.0,3,False,140,0.11408450704225352,0.9413802816901435,0.5303380281690139,0.5450352112676057,24,65.0,49.0,0.09230769230769231,0.2,0.13491422385153698,0.10803117848970242,0.06527472527472528,0.008031178489702424,0.1,0.050274725274725277,0.0,0.015,0.0,0.0,0.0,0.08
1.672389,79,20802.114746,hard,0.5551086956521728,1.555108695652173,1,790,8,4,4,4,4,0,0,0,0,0.040486270022882326,0.02134615384615397,0.1840999999999941,0.5000000000000001,0.8210999999999921,4,False,164,0.14580985915492958,0.9251549295774645,0.7166760563380281,2.888661971830986,22,65.0,46.0,0.07692307692307693,0.18461538461538463,0.4012358285926264,0.11417019450800882,0.1621099999999992,0.014170194508008814,0.1,0.06000000000000001,0.0821099999999992,0.02,0.0,0.0,0.0,0.08
0.447408,80,20843.569291,hard,0.42338672768878705,0.42338672768878705,0,791,8,4,4,4,4,0,0,0,0,0.003363844393592532,0.0,0.019599999999999153,0.4870879120879121,0.08493333333333249,3,False,96,0.08915492957746479,0.9598309859154931,0.8276619718309858,1.726461267605634,38,65.0,45.0,0.046153846153846156,0.13846153846153847,0.15610566617587138,0.1011773455377574,0.08194388278388269,0.0011773455377573861,0.1,0.05845054945054945,0.008493333333333249,0.015,0.0,0.0,0.0,0.08
0.25734,76,20875.063461,hard,0.33268306636155615,0.33268306636155615,0,754,6,2,4,2,4,0,0,0,2,0.0027631578947368723,0.0066346153846154575,0.0,0.29660714285714257,0.0,2,False,84,0.06866197183098592,0.9204507042253544,0.5786197183098587,1.6636971830985916,17,65.0,47.0,0.06153846153846154,0.16923076923076924,0.13491422385153698,0.03446358413639733,0.045592857142857116,0.0009671052631579054,0.09349647887323942,0.035592857142857114,0.0,0.01,0.0,0.0,0.06,0.08
0.441287,80,20908.560965,hard,0.43821510297482835,0.43821510297482835,0,800,7,3,4,3,4,0,0,0,1,0.02186498855835245,0.052500000000000116,0.0,0.5509615384615362,0.0,4,False,93,0.07040492957746479,0.954253521126762,0.5588169014084503,1.005669014084507,28,65.0,53.0,0.06153846153846154,0.12307692307692308,0.09911748204888313,0.07695644317852196,0.08611538461538433,0.007652745995423357,0.0993036971830986,0.06611538461538433,0.0,0.02,0.0,0.0,0.03,0.08
3.016915,77,20939.801872,hard,0.789170480549199,2.789170480549199,2,763,8,4,4,4,4,0,0,0,0,0.04320366132723121,0.03017857142857121,0.09869999999999993,0.7410302197802247,0.9999999999999959,6,True,106,0.0969718309859155,0.9364225352112673,0.7719154929577466,7.33125,25,65.0,51.0,0.046153846153846156,0.13846153846153847,0.25206405738510845,0.11512128146453093,0.26892362637362655,0.015121281464530923,0.1,0.08892362637362695,0.09999999999999959,0.030000000000000002,0.05,0.0,0.0,0.08
0.275249,79,20972.404037,hard,0.26334668192219685,0.26334668192219685,0,785,8,4,4,4,4,0,0,0,0,0.008049199084668253,0.019326923076923224,0.0,0.3850686813186804,0.0,2,False,114,0.10612676056338029,0.925408450704227,0.6817464788732395,0.3431161971830986,17,65.0,51.0,0.06153846153846154,0.16923076923076924,0.22338824700260326,0.10281721967963389,0.056208241758241656,0.002817219679633889,0.1,0.046208241758241654,0.0,0.01,0.0,0.0,0.0,0.06862323943661972
2.93666,87,21008.676587,hard,0.7345537757437071,2.734553775743707,2,868,8,4,4,4,4,0,0,0,0,0.059199084668191945,0.03258241758241773,0.15119999999999773,0.6098901098901102,0.9999999999999961,5,True,130,0.10630281690140846,0.9488169014084513,0.7432957746478871,2.527482394366197,39,65.0,47.0,0.06153846153846154,0.15384615384615385,0.09911748204888313,0.12071967963386718,0.24818681318681285,0.02071967963386718,0.1,0.07318681318681325,0.0999999999999996,0.025,0.05,0.0,0.0,0.08
0.299563,76,21039.988443,hard,0.28428489702517146,0.28428489702517146,0,759,8,4,4,4,4,0,0,0,0,0.003363844393592589,0.002884615384615397,0.012599999999999457,0.4128434065934065,0.054599999999999455,3,False,153,0.1346654929577465,0.948563380281692,0.6731267605633804,0.752306338028169,43,65.0,48.0,0.046153846153846156,0.1076923076923077,0.19172340579500008,0.10117734553775741,0.07000120879120872,0.0011773455377574059,0.1,0.04954120879120878,0.005459999999999946,0.015,0.0,0.0,0.0,0.08
1.650537,78,21082.432292,hard,0.4950800915331808,1.4950800915331808,1,777,8,4,4,4,4,0,0,0,0,0.05514302059496473,0.0,0.22749999999999446,0.28214285714285714,0.9999999999999959,2,True,87,0.07816901408450705,0.9154929577464798,0.7023661971830985,2.4639260563380283,24,65.0,50.0,0.046153846153846156,0.12307692307692308,0.1145020974334985,0.11930005720823766,0.19385714285714245,0.019300057208237652,0.1,0.03385714285714285,0.09999999999999959,0.01,0.05,0.0,0.0,0.08
0.504906,79,21115.872072,hard,0.43991990846681833,0.43991990846681833,0,786,8,4,4,4,4,0,0,0,0,0.03628146453089151,0.0,0.11059999999999523,0.32967032967032966,0.5632666666666619,3,False,154,0.13035211267605634,0.9616901408450711,0.6424225352112676,1.5191197183098593,24,65.0,43.0,0.07692307692307693,0.2,0.25206405738510845,0.11269851258581204,0.11088710622710576,0.012698512585812028,0.1,0.03956043956043957,0.05632666666666619,0.015,0.0,0.0,0.0,0.08
2.844865,87,21152.282134,hard,0.646395881006865,2.646395881006865,2,870,8,4,4,4,4,0,0,0,0,0.04140160183066266,0.04258241758241776,0.13789999999999406,0.6454670329670331,1.0,5,True,79,0.07869718309859156,0.9348169014084518,0.6691267605633802,3.0444718309859153,25,65.0,50.0,0.046153846153846156,0.13846153846153847,0.2220630225397998,0.11301344796467558,0.252456043956044,0.014490560640731929,0.09852288732394365,0.07745604395604398,0.1,0.025,0.05,0.0,0.0,0.08
2.944218,94,21192.485303,hard,0.7473112128146453,2.7473112128146453,2,939,8,4,4,4,4,0,0,0,0,0.04188215102974718,0.025851648351648323,0.17989999999999376,0.6762362637362679,0.9999999999999984,5,True,120,0.09084507042253522,0.9469014084507041,0.7419718309859155,2.865,35,65.0,47.0,0.06153846153846154,0.15384615384615385,0.05733775266807337,0.11465875286041152,0.25614835164835204,0.014658752860411513,0.1,0.08114835164835214,0.09999999999999987,0.025,0.05,0.0,0.0,0.08
1.637479,76,21225.403431,hard,0.46248283752860414,1.462482837528604,1,760,8,4,4,4,4,0,0,0,0,0.048175057208236984,0.04153846153846171,0.17989999999999376,0.45112637362637187,0.9999999999999984,2,True,162,0.15260563380281691,0.9260845070422555,0.7052957746478874,1.3721478873239437,36,65.0,50.0,0.09230769230769231,0.16923076923076924,0.09911748204888313,0.11686127002288295,0.21413516483516448,0.016861270022882943,0.1,0.054135164835164624,0.09999999999999985,0.01,0.05,0.0,0.0,0.08
2.785045,78,21259.462816,hard,0.5987299771167047,2.5987299771167045,2,774,8,4,4,4,4,0,0,0,0,0.04283752860411911,0.013846153846153925,0.2160000000000003,0.5310164835164829,0.9999999999999961,3,True,144,0.11492957746478873,0.9211267605633828,0.6758873239436628,1.0739964788732395,27,65.0,44.0,0.07692307692307693,0.18461538461538463,0.15610566617587138,0.11499313501144169,0.22872197802197758,0.014993135011441686,0.1,0.06372197802197797,0.09999999999999959,0.015,0.05,0.0,0.0,0.08
0.289849,82,21303.309879,hard,0.28106407322654464,0.28106407322654464,0,811,8,4,4,4,4,0,0,0,0,0.010205949656750549,0.024505494505494448,0.0,0.42760989010988987,0.0,3,False,102,0.08838028169014084,0.9603380281690144,0.728901408450704,1.78875,36,65.0,46.0,0.06153846153846154,0.16923076923076924,0.16676100196548832,0.10357208237986269,0.06631318681318676,0.0035720823798626915,0.1,0.05131318681318677,0.0,0.015,0.0,0.0,0.0,0.08
0.342058,80,21336.248987,hard,0.34324942791762014,0.34324942791762014,0,792,8,4,4,4,4,0,0,0,0,0.009851258581235733,0.0,0.0,0.32967032967032966,0.0,3,False,156,0.1103169014084507,0.9526478873239437,0.7003098591549293,1.3495422535211268,43,65.0,51.0,0.046153846153846156,0.1076923076923077,0.3555714579791985,0.1034479405034325,0.054560439560439565,0.0034479405034325062,0.1,0.039560439560439566,0.0,0.015,0.0,0.0,0.0,0.08
0.373538,92,21374.674235,hard,0.4223226544622422,0.4223226544622422,0,912,8,4,4,4,4,0,0,0,0,0.008649885583523654,0.0,0.0,0.3968406593406593,0.0,3,False,59,0.0363556338028169,0.9211267605633822,0.6607323943661965,1.169894366197183,31,65.0,50.0,0.046153846153846156,0.12307692307692308,0.05733775266807337,0.059794185306345955,0.06262087912087913,0.003027459954233279,0.056766725352112676,0.04762087912087914,0.0,0.015,0.0,0.0,0.0,0.08
0.425327,74,21405.33638,hard,0.4302116704805492,0.4302116704805492,0,737,8,4,4,4,4,0,0,0,0,0.01105263157894749,0.008942307692307791,0.0,0.2912225274725271,0.0,2,False,165,0.1382218309859155,0.9154929577464802,0.7221408450704226,0.9300528169014084,36,65.0,40.0,0.06153846153846154,0.15384615384615385,0.13491422385153698,0.10386842105263162,0.044946703296703264,0.003868421052631621,0.1,0.03494670329670326,0.0,0.01,0.0,0.0,0.0,0.08
0.302261,75,21437.503379,hard,0.3141418764302059,0.3141418764302059,0,744,8,4,4,4,4,0,0,0,0,0.0038443935926772382,0.009230769230768973,0.0,0.25978021978021937,0.0,2,False,126,0.11202464788732394,0.9360000000000003,0.8100281690140845,1.3105457746478872,40,65.0,47.0,0.07692307692307693,0.18461538461538463,0.13491422385153698,0.10134553775743704,0.04117362637362633,0.0013455377574370334,0.1,0.031173626373626327,0.0,0.01,0.0,0.0,0.0,0.08
1.636872,77,21469.706969,hard,0.4939359267734554,1.4939359267734553,1,761,8,4,4,4,4,0,0,0,0,0.01573798627002264,0.011538461538461565,0.0,0.2793956043956045,1.0,2,True,105,0.08644366197183098,0.926760563380283,0.689661971830986,1.9022007042253521,36,65.0,44.0,0.06153846153846154,0.16923076923076924,0.1145020974334985,0.10550829519450793,0.19352747252747254,0.005508295194507922,0.1,0.03352747252747254,0.09999999999999999,0.01,0.05,0.0,0.0,0.08
1.587248,73,21500.562744,hard,0.5081807780320365,1.5081807780320364,1,730,8,4,4,4,4,0,0,0,0,0.00961098398169328,0.014711538461538623,0.020299999999999124,0.5086675824175818,0.5266333333333325,3,False,136,0.1192781690140845,0.9323943661971844,0.7079718309859153,1.307887323943662,39,65.0,49.0,0.07692307692307693,0.2,0.19172340579500008,0.10336384439359265,0.12870344322344307,0.0033638443935926484,0.1,0.061040109890109814,0.052663333333333257,0.015,0.0,0.0,0.0,0.08
0.27033,76,21541.63075,hard,0.29536613272311213,0.29536613272311213,0,758,8,4,4,4,4,0,0,0,0,0.0,0.0,0.0,0.21469780219780218,0.0,1,False,149,0.11637323943661972,0.9535774647887355,0.5961408450704224,1.0126232394366197,22,65.0,44.0,0.07692307692307693,0.16923076923076924,0.09911748204888313,0.1,0.030763736263736262,0.0,0.1,0.02576373626373626,0.0,0.005,0.0,0.0,0.0,0.08
2.683821,76,21574.017522,hard,0.5227116704805492,2.5227116704805495,2,754,8,4,4,4,4,0,0,0,0,0.041973684210526406,0.0049038461538461475,0.09466666666666677,0.34848901098901075,0.9999999999999961,2,True,108,0.06654929577464788,0.9517183098591553,0.7423943661971831,3.0566901408450704,39,65.0,47.0,0.046153846153846156,0.13846153846153847,0.09911748204888313,0.11469078947368425,0.20181868131868091,0.014690789473684239,0.1,0.041818681318681286,0.09999999999999962,0.01,0.05,0.0,0.0,0.08
1.572131,95,21614.533533,hard,0.5147025171624708,1.5147025171624708,1,944,8,4,4,4,4,0,0,0,0,0.01802059496567455,0.012115384615384748,0.07559999999999674,0.6063461538461554,0.3275999999999967,4,False,114,0.09862676056338028,0.9267605633802833,0.6316056338028164,3.514348591549296,31,65.0,46.0,0.09230769230769231,0.18461538461538463,0.23296603544749966,0.1063072082379861,0.12552153846153835,0.006307208237986093,0.1,0.07276153846153867,0.03275999999999968,0.02,0.0,0.0,0.0,0.08
0.427051,81,21649.11889,hard,0.42957093821510306,0.42957093821510306,0,805,8,4,4,4,4,0,0,0,0,0.015497711670480672,0.037211538461538754,0.0,0.5369368131868114,0.0,3,False,76,0.04683098591549296,0.9348732394366207,0.7048450704225349,0.85,37,65.0,44.0,0.09230769230769231,0.2,0.15610566617587138,0.07854743852128795,0.07943241758241736,0.0054241990846682344,0.07312323943661972,0.06443241758241736,0.0,0.015,0.0,0.0,0.0,0.08
2.669311,77,21682.06471,hard,0.5160640732265447,2.516064073226545,2,770,8,4,4,4,4,0,0,0,0,0.029553775743706674,0.0051923076923077495,0.15959999999999738,0.3325274725274723,0.9999999999999959,2,True,168,0.1428169014084507,0.9654084507042258,0.8086197183098592,1.9902288732394366,37,65.0,53.0,0.046153846153846156,0.13846153846153847,0.15610566617587138,0.11034382151029734,0.19990329670329626,0.010343821510297335,0.1,0.03990329670329666,0.09999999999999962,0.01,0.05,0.0,0.0,0.08
1.607845,78,21715.519912,hard,0.4732723112128146,1.4732723112128145,1,775,8,4,4,4,4,0,0,0,0,0.012854691075514969,0.002307692307692333,0.0693000000000005,0.22978021978021967,0.9999999999999966,2,True,119,0.08588028169014085,0.917971830985916,0.8249014084507046,2.212781690140845,39,65.0,50.0,0.06153846153846154,0.15384615384615385,0.22338824700260326,0.10449914187643024,0.187573626373626,0.004499141876430238,0.1,0.02757362637362636,0.09999999999999966,0.01,0.05,0.0,0.0,0.08
0.538085,81,21758.382942,hard,0.4868707093821504,0.4868707093821504,0,805,8,4,4,4,4,0,0,0,0,0.025829519450800368,0.028846153846153973,0.08049999999999652,0.5076923076923063,0.4048333333333298,4,False,70,0.06169014084507042,0.9275774647887324,0.6281408450704224,1.2375704225352113,27,65.0,44.0,0.07692307692307693,0.2,0.05733775266807337,0.09030793744158297,0.12140641025640976,0.009040331807780128,0.08126760563380284,0.060923076923076774,0.04048333333333299,0.02,0.0,0.0,0.0,0.08
2.69294,76,21789.685611,hard,0.5332951945080091,2.533295194508009,2,759,8,4,4,4,4,0,0,0,0,0.016218535469107648,0.03894230769230793,0.0,0.3739010989010971,1.0,3,True,199,0.13244718309859155,0.921126760563381,0.8022253521126763,3.1276408450704225,37,65.0,54.0,0.046153846153846156,0.12307692307692308,0.19172340579500008,0.10567648741418768,0.20986813186813164,0.005676487414187676,0.1,0.04486813186813165,0.1,0.015,0.05,0.0,0.0,0.08
0.312224,77,21822.189427,hard,0.29584096109839825,0.29584096109839825,0,765,8,4,4,4,4,0,0,0,0,0.006607551487414198,0.01153846153846157,0.0,0.46309065934065885,0.0,3,False,141,0.1250880281690141,0.9526478873239441,0.709830985915493,0.6900352112676056,37,65.0,50.0,0.09230769230769231,0.18461538461538463,0.2690705926112252,0.10231264302059498,0.07057087912087907,0.002312643020594969,0.1,0.055570879120879074,0.0,0.015,0.0,0.0,0.0,0.08
0.238285,75,21853.70732,hard,0.33558924485125863,0.33558924485125863,0,747,5,1,4,1,4,0,0,0,3,0.0001201372997711684,0.0002884615384615417,0.0,0.3112774725274725,0.0,2,False,192,0.1576056338028169,0.9472112676056367,0.608281690140845,1.8430281690140846,30,65.0,46.0,0.06153846153846154,0.15384615384615385,0.19172340579500008,0.010042048054919914,0.047353296703296716,4.2048054919908934e-05,0.1,0.037353296703296714,0.0,0.01,0.0,0.0,0.09,0.08
0.493276,79,21886.947752,hard,0.4474713958810066,0.4474713958810066,0,790,8,4,4,4,4,0,0,0,0,0.037602974828375206,0.049038461538461614,0.03219999999999861,0.5224175824175803,0.13953333333333193,3,False,126,0.10110915492957746,0.9229295774647897,0.7209577464788736,1.8728873239436619,27,65.0,49.0,0.06153846153846154,0.13846153846153847,0.1956217818146278,0.11316104118993132,0.09164344322344282,0.013161041189931317,0.1,0.06269010989010963,0.013953333333333196,0.015,0.0,0.0,0.0,0.08
0.229012,73,21917.678728,hard,0.25300915331807783,0.25300915331807783,0,729,7,3,4,3,4,0,0,0,1,0.001922196796338694,0.004615384615384666,0.0,0.36024725274725256,0.0,3,False,109,0.0840669014084507,0.9454647887323966,0.5118873239436617,0.5216021126760564,14,65.0,47.0,0.07692307692307693,0.18461538461538463,0.1145020974334985,0.07067276887871855,0.058229670329670295,0.0006727688787185428,0.1,0.043229670329670296,0.0,0.015,0.0,0.0,0.03,0.08
0.514389,77,21949.99537,hard,0.4271453089244846,0.4271453089244846,0,769,8,4,4,4,4,0,0,0,0,0.0204233409610979,0.01586538461538469,0.08049999999999675,0.4999999999999996,0.6754999999999965,4,False,90,0.05926056338028169,0.9625633802816902,0.6323098591549294,1.1334154929577465,29,65.0,45.0,0.1076923076923077,0.23076923076923078,0.22338824700260326,0.09659359187159552,0.1475499999999996,0.007148169336384265,0.08944542253521126,0.059999999999999956,0.06754999999999965,0.02,0.0,0.0,0.0,0.08
0.209701,75,21989.374142,hard,0.22125858123569786,0.22125858123569786,0,745,8,4,4,4,4,0,0,0,0,0.003604118993134926,0.004038461538461533,0.0,0.26401098901098885,0.0,2,False,156,0.1354225352112676,0.9722816901408469,0.7167887323943659,1.142693661971831,44,65.0,45.0,0.046153846153846156,0.13846153846153847,-0.0,0.10126144164759723,0.04168131868131866,0.001261441647597224,0.1,0.03168131868131866,0.0,0.01,0.0,0.0,0.0,0.08
0.437424,77,22021.145799,hard,0.41295194508009164,0.41295194508009164,0,769,8,4,4,4,4,0,0,0,0,0.019221967963386554,0.012692307692307832,0.0,0.4970329670329665,0.0,3,False,144,0.10943661971830985,0.969014084507044,0.7856338028169022,0.9514788732394366,36,65.0,50.0,0.046153846153846156,0.12307692307692308,0.16676100196548832,0.1067276887871853,0.07464395604395599,0.006727688787185295,0.1,0.05964395604395598,0.0,0.015,0.0,0.0,0.0,0.08
0.445879,76,22052.530355,hard,0.41887299771167047,0.41887299771167047,0,759,8,4,4,4,4,0,0,0,0,0.004445080091533187,0.010673076923076938,0.0,0.5112499999999995,0.0,4,False,151,0.1061443661971831,0.9356901408450704,0.8143943661971825,1.5341725352112676,33,65.0,43.0,0.07692307692307693,0.2,0.15610566617587138,0.10155577803203662,0.08134999999999996,0.0015557780320366152,0.1,0.06134999999999996,0.0,0.02,0.0,0.0,0.0,0.08
1.715134,78,22084.717648,hard,0.6124771167048051,1.612477116704805,1,773,8,4,4,4,4,0,0,0,0,0.04554347826086923,0.011813186813186822,0.09869999999999779,0.3901098901098896,0.8220333333333291,3,False,133,0.0917781690140845,0.9415211267605642,0.7879999999999999,3.1366021126760564,37,65.0,50.0,0.06153846153846154,0.13846153846153847,0.05733775266807337,0.11594021739130424,0.14401652014651967,0.015940217391304228,0.1,0.04681318681318674,0.08220333333333292,0.015,0.0,0.0,0.0,0.08
-0.004045,72,22114.868441,hard,0.1530320366132723,0.1530320366132723,0,715,4,0,4,0,4,0,0,0,4,0.0,0.0,0.0,0.1201923076923077,0.0,0,False,192,0.11830985915492957,0.9654647887323959,0.7669295774647887,1.1423591549295775,27,65.0,45.0,0.046153846153846156,0.13846153846153847,0.05733775266807337,-0.01999999999999999,0.014423076923076924,0.0,0.1,0.014423076923076924,0.0,0.0,0.0,0.0,0.12,0.08
0.365493,86,22150.925542,hard,0.3860411899313501,0.3860411899313501,0,858,8,4,4,4,4,0,0,0,0,0.034210526315789566,0.02527472527472527,0.0,0.43241758241758116,0.0,3,False,69,0.042517605633802816,0.9584225352112686,0.7994929577464785,1.5264964788732394,41,65.0,53.0,0.046153846153846156,0.13846153846153847,0.05733775266807337,0.07836188843587845,0.06689010989010974,0.011973684210526348,0.0663882042253521,0.05189010989010975,0.0,0.015,0.0,0.0,0.0,0.08
2.998014,100,22201.257588,hard,0.7998283752860412,2.799828375286041,2,1000,8,4,4,4,4,0,0,0,0,0.031973684210526356,0.01990384615384614,0.0,0.7666208791208783,1.0,5,True,116,0.09549295774647887,0.8637746478873262,0.6452676056338028,1.9464084507042254,31,65.0,54.0,0.046153846153846156,0.12307692307692308,0.1956217818146278,0.11119078947368423,0.2669945054945054,0.011190789473684223,0.1,0.09199450549450539,0.1,0.025,0.05,0.0,0.0,0.08
0.246281,75,22231.926532,hard,0.2975686498855835,0.2975686498855835,0,742,7,3,4,3,4,0,0,0,1,0.00432494279176203,0.004326923076923124,0.0,0.21998626373626354,0.0,1,False,98,0.0909330985915493,0.9154929577464798,0.7224507042253521,0.6357570422535211,42,65.0,52.0,0.06153846153846154,0.16923076923076924,0.22338824700260326,0.07151372997711672,0.03139835164835162,0.0015137299771167104,0.1,0.026398351648351623,0.0,0.005,0.0,0.0,0.03,0.08
2.855072,97,22271.790201,hard,0.672025171624714,2.672025171624714,2,966,8,4,4,4,4,0,0,0,0,0.028787185354691207,0.04575549450549457,0.0,0.6214285714285693,1.0,5,True,109,0.08845070422535212,0.9332112676056351,0.7174366197183102,1.6998415492957746,33,65.0,47.0,0.07692307692307693,0.15384615384615385,0.13491422385153698,0.11007551487414192,0.24957142857142833,0.010075514874141921,0.1,0.07457142857142832,0.1,0.025,0.05,0.0,0.0,0.08
2.880762,82,22305.661978,hard,0.6656178489702517,2.6656178489702516,2,816,8,4,4,4,4,0,0,0,0,0.053569794050342255,0.04670329670329681,0.19879999999999395,0.6916208791208769,0.9999999999999974,5,True,173,0.10660211267605633,0.9154929577464799,0.8233802816901419,2.057130281690141,46,65.0,48.0,0.046153846153846156,0.13846153846153847,0.13491422385153698,0.11874942791761979,0.25799450549450503,0.018749427917619788,0.1,0.08299450549450524,0.09999999999999977,0.025,0.05,0.0,0.0,0.08
0.501116,78,22338.538238,hard,0.45966247139588107,0.45966247139588107,0,772,8,4,4,4,4,0,0,0,0,0.01585812356979418,0.03807692307692339,0.0,0.6091895604395609,0.0,4,False,133,0.09669014084507042,0.9399718309859166,0.7414366197183095,1.7634507042253522,35,65.0,50.0,0.06153846153846154,0.15384615384615385,0.1956217818146278,0.10555034324942797,0.09310274725274728,0.005550343249427963,0.1,0.07310274725274728,0.0,0.02,0.0,0.0,0.0,0.08
1.612097,79,22371.677347,hard,0.4618421052631579,1.4618421052631578,1,790,8,4,4,4,4,0,0,0,0,0.04625286041189836,0.01615384615384623,0.23029999999999431,0.2755494505494498,0.9999999999999961,2,True,116,0.07147887323943662,0.9317183098591575,0.7438309859154936,2.011056338028169,32,65.0,50.0,0.06153846153846154,0.13846153846153847,0.15610566617587138,0.11618850114416443,0.1930659340659336,0.016188501144164424,0.1,0.03306593406593397,0.09999999999999962,0.01,0.05,0.0,0.0,0.08
0.217319,77,22412.695456,hard,0.25411899313501146,0.25411899313501146,0,764,8,4,4,4,4,0,0,0,0,0.0020594965675057213,0.0,0.0,0.11565934065934066,0.0,1,False,159,0.12035211267605633,0.9211267605633809,0.7560563380281692,1.0621654929577464,34,65.0,48.0,0.07692307692307693,0.18461538461538463,0.13491422385153698,0.10072082379862701,0.01887912087912088,0.0007208237986270024,0.1,0.01387912087912088,0.0,0.005,0.0,0.0,0.0,0.08
1.594759,81,22446.676681,hard,0.43867276887871853,1.4386727688787184,1,801,8,4,4,4,4,0,0,0,0,0.012494279176201419,0.03000000000000011,0.0,0.39010989010988867,1.0,3,True,168,0.11661971830985915,0.9476901408450703,0.7564788732394365,2.3042077464788733,42,65.0,58.0,0.046153846153846156,0.12307692307692308,0.2690705926112252,0.1043729977116705,0.21181318681318662,0.004372997711670497,0.1,0.04681318681318664,0.1,0.015,0.05,0.0,0.0,0.08
2.752515,78,22479.245392,hard,0.5813901601830664,2.5813901601830667,2,771,8,4,4,4,4,0,0,0,0,0.012854691075514972,0.030865384615384853,0.0,0.48938186813186674,1.0,3,True,99,0.0828169014084507,0.9366760563380295,0.6418591549295773,2.0441373239436618,25,65.0,54.0,0.03076923076923077,0.09230769230769231,0.1956217818146278,0.10449914187643025,0.22372582417582404,0.00449914187643024,0.1,0.05872582417582402,0.1,0.015,0.05,0.0,0.0,0.08
0.488768,80,22511.889158,hard,0.4246739130434772,0.4246739130434772,0,800,8,4,4,4,4,0,0,0,0,0.02679061784896918,0.0,0.15609999999999374,0.1445054945054945,0.9237666666666599,1,False,139,0.10200704225352113,0.9461408450704234,0.7455492957746478,1.3790845070422535,31,65.0,47.0,0.06153846153846154,0.15384615384615385,0.16676100196548832,0.10937671624713921,0.11471732600732536,0.00937671624713921,0.1,0.017340659340659342,0.09237666666666601,0.005,0.0,0.0,0.0,0.08
2.770478,100,22553.325091,hard,0.6023112128146453,2.6023112128146453,2,1000,8,4,4,4,4,0,0,0,0,0.03832379862700214,0.015865384615384788,0.1105999999999995,0.5396153846153837,0.9999999999999959,4,True,144,0.11492957746478873,0.9510985915492959,0.611070422535211,1.5751056338028169,28,65.0,42.0,0.06153846153846154,0.16923076923076924,0.05733775266807337,0.11341332951945075,0.23475384615384565,0.013413329519450746,0.1,0.06475384615384605,0.09999999999999962,0.02,0.05,0.0,0.0,0.08
0.319172,74,22584.712319,hard,0.32265446224256294,0.32265446224256294,0,735,8,4,4,4,4,0,0,0,0,0.018260869565217337,0.0,0.0,0.2802197802197802,0.0,2,False,132,0.11080985915492958,0.9742535211267609,0.7237183098591542,1.305475352112676,31,65.0,48.0,0.06153846153846154,0.15384615384615385,0.05733775266807337,0.10639130434782608,0.043626373626373637,0.006391304347826068,0.1,0.033626373626373635,0.0,0.01,0.0,0.0,0.0,0.08
2.750922,78,22617.397427,hard,0.5478318077803203,2.5478318077803204,2,772,8,4,4,4,4,0,0,0,0,0.03303775743707111,0.053653846153846274,0.06230000000000042,0.6560576923076936,0.9999999999999968,4,True,120,0.10014084507042254,0.930788732394367,0.7353239436619718,2.140017605633803,39,65.0,51.0,0.046153846153846156,0.12307692307692308,0.13491422385153698,0.1115632151029749,0.2487269230769229,0.011563215102974889,0.1,0.07872692307692322,0.09999999999999969,0.02,0.05,0.0,0.0,0.08
0.20647,73,22656.325621,hard,0.3131464530892448,0.3131464530892448,0,729,5,1,4,1,4,0,0,0,3,0.000961098398169347,0.002307692307692333,0.0,0.2573901098901098,0.0,1,False,97,0.07684859154929577,0.9211267605633827,0.674732394366197,1.4212852112676055,31,65.0,47.0,0.06153846153846154,0.15384615384615385,0.22338824700260326,0.010336384439359275,0.03588681318681318,0.0003363844393592714,0.1,0.03088681318681318,0.0,0.005,0.0,0.0,0.09,0.08
2.655153,83,22690.606,hard,0.5148741418764302,2.5148741418764304,2,830,8,4,4,4,4,0,0,0,0,0.042889016018305894,0.0187500000000001,0.20439999999999542,0.3296703296703288,0.9999999999999961,3,True,87,0.05360915492957746,0.9317183098591572,0.7216338028169021,3.596742957746479,29,65.0,51.0,0.06153846153846154,0.13846153846153847,0.25206405738510845,0.09871802180359017,0.20456043956043907,0.015011155606407062,0.08370686619718311,0.03956043956043946,0.09999999999999962,0.015,0.05,0.0,0.0,0.08
0.498103,79,22723.275099,hard,0.48294622425629297,0.48294622425629297,0,781,8,4,4,4,4,0,0,0,0,0.023186498855835243,0.014134615384615508,0.0,0.41784340659340596,0.0,3,False,99,0.07948943661971831,0.9285633802816929,0.468788732394366,1.393450704225352,19,65.0,46.0,0.06153846153846154,0.15384615384615385,0.24835065083211508,0.10811527459954234,0.06514120879120872,0.008115274599542333,0.1,0.05014120879120871,0.0,0.015,0.0,0.0,0.0,0.08
0.468894,80,22757.441458,hard,0.43057780320366124,0.43057780320366124,0,797,8,4,4,4,4,0,0,0,0,0.027631578947368195,0.00836538461538464,0.017499999999999245,0.42829670329670294,0.26949999999999924,2,False,120,0.08154929577464788,0.9566760563380297,0.7291267605633799,0.8764964788732394,29,65.0,53.0,0.06153846153846154,0.12307692307692308,0.13491422385153698,0.10967105263157888,0.08834560439560427,0.009671052631578867,0.1,0.051395604395604345,0.026949999999999925,0.01,0.0,0.0,0.0,0.08
0.449383,83,22792.945922,hard,0.42820366132723114,0.42820366132723114,0,821,8,4,4,4,4,0,0,0,0,0.009370709382151086,0.022500000000000138,0.0,0.4999999999999989,0.0,4,False,128,0.09197183098591549,0.9389014084507051,0.8029295774647885,2.191179577464789,28,65.0,47.0,0.06153846153846154,0.15384615384615385,0.13491422385153698,0.10327974828375289,0.07999999999999986,0.00327974828375288,0.1,0.05999999999999986,0.0,0.02,0.0,0.0,0.0,0.08
0.29934,78,22826.204889,hard,0.3163501144164759,0.3163501144164759,0,771,8,4,4,4,4,0,0,0,0,0.009370709382150995,0.022499999999999916,0.0,0.26508241758241663,0.0,1,False,149,0.10491197183098591,0.9211267605633812,0.8082816901408455,1.3535035211267605,30,65.0,47.0,0.12307692307692308,0.24615384615384617,0.09911748204888313,0.10327974828375286,0.03680989010988999,0.0032797482837528475,0.1,0.03180989010988999,0.0,0.005,0.0,0.0,0.0,0.08
0.160906,77,22867.413121,hard,0.17628146453089202,0.17628146453089202,0,770,8,4,4,4,4,0,0,0,0,0.01609839816933599,0.0,0.0,0.17692307692307693,0.0,0,False,87,0.060158450704225354,0.9615774647887345,0.7388450704225354,0.26929577464788734,18,65.0,44.0,0.06153846153846154,0.16923076923076924,0.21291484811933445,0.09425327738743662,0.021230769230769237,0.005634439359267596,0.08861883802816903,0.021230769230769237,0.0,0.0,0.0,0.0,0.0,0.05385915492957747
1.593815,79,22900.894399,hard,0.47898169336384433,1.4789816933638442,1,782,8,4,4,4,4,0,0,0,0,0.01513729977116697,0.0,0.0,0.24862637362637363,1.0,2,True,78,0.051866197183098595,0.9549295774647892,0.7932394366197187,1.8208802816901408,35,65.0,45.0,0.07692307692307693,0.18461538461538463,0.09911748204888313,0.08319770280723239,0.18983516483516483,0.005298054919908441,0.07789964788732395,0.029835164835164837,0.09999999999999999,0.01,0.05,0.0,0.0,0.08
1.802656,100,22944.124547,hard,0.70720823798627,1.7072082379862699,1,1000,8,4,4,4,4,0,0,0,0,0.01141304347826095,0.0,0.0,0.7197802197802198,0.574,6,False,93,0.0682394366197183,0.8950985915492965,0.6955492957746479,2.1836619718309858,44,65.0,49.0,0.09230769230769231,0.2,0.2220630225397998,0.10167414268218007,0.17377362637362637,0.003994565217391332,0.09767957746478874,0.08637362637362637,0.0574,0.030000000000000002,0.0,0.0,0.0,0.08
1.630127,78,22977.418237,hard,0.5707093821510297,1.5707093821510298,1,776,8,4,4,4,4,0,0,0,0,0.012614416475972166,0.00951923076923077,0.0,0.44780219780219765,0.43866666666666665,3,False,226,0.18401408450704226,0.9260845070422535,0.7308732394366196,1.949612676056338,35,65.0,37.0,0.06153846153846154,0.16923076923076924,0.24645788980805483,0.10441504576659026,0.11260293040293039,0.0044150457665902585,0.1,0.053736263736263716,0.04386666666666667,0.015,0.0,0.0,0.0,0.08
1.574765,82,23011.803645,hard,0.5284324942791759,1.5284324942791758,1,817,8,4,4,4,4,0,0,0,0,0.028129290617848766,0.013557692307692357,0.0,0.6098901098901115,0.0,5,False,114,0.08714788732394366,0.9404507042253543,0.7086478873239432,1.1903345070422535,27,65.0,41.0,0.06153846153846154,0.15384615384615385,0.1145020974334985,0.10984525171624707,0.09818681318681338,0.009845251716247068,0.1,0.07318681318681337,0.0,0.025,0.0,0.0,0.0,0.08
0.447044,77,23043.807732,hard,0.41418764302059496,0.41418764302059496,0,764,8,4,4,4,4,0,0,0,0,0.026447368421052733,0.01240384615384619,0.0,0.49999999999999944,0.0,4,False,162,0.14403169014084508,0.9229295774647899,0.49352112676056326,1.0041021126760563,27,65.0,49.0,0.07692307692307693,0.15384615384615385,0.16676100196548832,0.10925657894736845,0.07999999999999993,0.009256578947368456,0.1,0.05999999999999993,0.0,0.02,0.0,0.0,0.0,0.08
0.478733,82,23086.879175,hard,0.44902745995423343,0.44902745995423343,0,820,8,4,4,4,4,0,0,0,0,0.03810068649885592,0.0346153846153847,0.0,0.5067307692307677,0.18666666666666668,4,False,82,0.05052816901408451,0.9211267605633808,0.6759436619718305,2.019419014084507,28,65.0,46.0,0.06153846153846154,0.16923076923076924,0.1956217818146278,0.09223136703516296,0.0994743589743588,0.013335240274599572,0.07889612676056339,0.06080769230769213,0.018666666666666668,0.02,0.0,0.0,0.0,0.08
2.840926,77,23119.50164,hard,0.6689645308924485,2.6689645308924486,2,763,8,4,4,4,4,0,0,0,0,0.025829519450800847,0.006346153846153916,0.0,0.4737912087912085,1.0,4,True,96,0.059154929577464786,0.9335211267605651,0.699774647887324,3.344718309859155,27,65.0,54.0,0.06153846153846154,0.13846153846153847,0.15610566617587138,0.1014065289908789,0.22685494505494502,0.009040331807780296,0.0923661971830986,0.05685494505494503,0.1,0.02,0.05,0.0,0.0,0.08
0.395644,77,23151.69599,hard,0.37921624713958774,0.37921624713958774,0,769,8,4,4,4,4,0,0,0,0,0.023667048054919614,0.0,0.0,0.41703296703296705,0.0,3,False,168,0.1428169014084507,0.9372394366197193,0.8357746478873244,1.2731338028169015,40,65.0,49.0,0.06153846153846154,0.12307692307692308,0.19172340579500008,0.10828346681922187,0.06504395604395605,0.008283466819221865,0.1,0.05004395604395605,0.0,0.015,0.0,0.0,0.0,0.08
0.423555,78,23185.315274,hard,0.37503432494279126,0.37503432494279126,0,775,8,4,4,4,4,0,0,0,0,0.013935926773454834,0.0,0.07489999999999676,0.22266483516483518,0.6442333333333301,2,False,148,0.1425,0.9461408450704222,0.6010704225352115,2.2098767605633802,38,65.0,48.0,0.06153846153846154,0.15384615384615385,0.13491422385153698,0.1048775743707092,0.10114311355311324,0.0048775743707091925,0.1,0.026719780219780217,0.06442333333333303,0.01,0.0,0.0,0.0,0.08
0.38822,79,23218.725794,hard,0.4135125858123566,0.4135125858123566,0,786,8,4,4,4,4,0,0,0,0,0.02294622425629269,0.016442307692307773,0.0,0.397802197802197,0.0,3,False,65,0.04005281690140845,0.9444788732394371,0.8023943661971834,0.6111443661971832,38,65.0,48.0,0.046153846153846156,0.13846153846153847,0.3651492464240949,0.07057079116575879,0.06273626373626365,0.00803117848970244,0.06253961267605634,0.04773626373626364,0.0,0.015,0.0,0.0,0.0,0.08
0.405124,83,23253.627527,hard,0.40011441647597257,0.40011441647597257,0,830,8,4,4,4,4,0,0,0,0,0.027271167048054944,0.020769230769230946,0.0,0.4258241758241749,0.0,3,False,96,0.059154929577464786,0.9391549295774665,0.5127887323943661,2.094735915492958,31,65.0,50.0,0.046153846153846156,0.12307692307692308,0.3489964351155574,0.10191110564991783,0.06609890109890099,0.009544908466819229,0.0923661971830986,0.05109890109890098,0.0,0.015,0.0,0.0,0.0,0.08
2.726242,80,23286.883057,hard,0.5443478260869563,2.5443478260869563,2,793,8,4,4,4,4,0,0,0,0,0.023741418764301487,0.02527472527472527,0.054599999999997643,0.5240384615384603,1.0,4,True,269,0.21815140845070422,0.9533239436619725,0.805605633802817,1.925669014084507,38,65.0,48.0,0.06153846153846154,0.15384615384615385,0.05733775266807337,0.10830949656750552,0.23288461538461525,0.008309496567505518,0.1,0.06288461538461525,0.1,0.02,0.05,0.0,0.0,0.08
0.480349,76,23327.318853,hard,0.44404462242562925,0.44404462242562925,0,755,8,4,4,4,4,0,0,0,0,0.009147597254004587,0.021964285714285738,0.0,0.5716895604395599,0.0,4,False,140,0.12338028169014084,0.9533239436619723,0.8123661971830987,3.0981866197183097,35,65.0,46.0,0.046153846153846156,0.12307692307692308,0.1145020974334985,0.1032016590389016,0.08860274725274718,0.0032016590389016054,0.1,0.06860274725274718,0.0,0.02,0.0,0.0,0.0,0.08
2.843989,75,23359.773105,hard,0.6477231121281465,2.6477231121281464,2,746,8,4,4,4,4,0,0,0,0,0.0086498855835241,0.020769230769230942,0.0,0.6486538461538495,1.0,4,True,143,0.09848591549295775,0.9541971830985908,0.7827042253521127,5.208362676056338,34,65.0,49.0,0.046153846153846156,0.1076923076923077,0.09911748204888313,0.10302745995423344,0.24783846153846195,0.003027459954233435,0.1,0.07783846153846193,0.1,0.02,0.05,0.0,0.0,0.08
0.259025,74,23390.800044,hard,0.28367276887871856,0.28367276887871856,0,736,8,4,4,4,4,0,0,0,0,0.012614416475972626,0.011826923076923115,0.0,0.18662087912087905,0.0,1,False,98,0.06419014084507042,0.9341971830985922,0.613915492957746,1.035475352112676,25,65.0,51.0,0.046153846153846156,0.1076923076923077,0.19172340579500008,0.10155765140039323,0.02739450549450548,0.004415045766590419,0.09714260563380281,0.02239450549450548,0.0,0.005,0.0,0.0,0.0,0.08
0.438941,82,23424.398391,hard,0.4177574370709379,0.4177574370709379,0,817,8,4,4,4,4,0,0,0,0,0.024868421052630946,0.0,0.0,0.3901098901098901,0.12366666666666666,3,False,111,0.09961267605633803,0.9292394366197207,0.6967323943661969,1.2469542253521126,44,65.0,55.0,0.046153846153846156,0.13846153846153847,0.16676100196548832,0.10870394736842083,0.0741798534798535,0.00870394736842083,0.1,0.04681318681318682,0.012366666666666668,0.015,0.0,0.0,0.0,0.08
1.640187,87,23460.794713,hard,0.5532608695652174,1.5532608695652175,1,865,8,4,4,4,4,0,0,0,0,0.04354691075514865,0.0034615384615384994,0.0,0.6098901098901099,0.5436666666666666,5,False,89,0.05484154929577465,0.926084507042254,0.694394366197183,1.8744366197183098,41,65.0,48.0,0.09230769230769231,0.2,0.15610566617587138,0.100872580736133,0.15255347985347986,0.015241418764302024,0.08563116197183099,0.0731868131868132,0.054366666666666674,0.025,0.0,0.0,0.0,0.08
0.42767,77,23492.706495,hard,0.42651029748283753,0.42651029748283753,0,770,8,4,4,4,4,0,0,0,0,0.0028832951945080196,0.0069230769230769484,0.0,0.31708791208791176,0.091,2,False,168,0.10732394366197183,0.931042253521129,0.48374647887323935,0.8468485915492958,23,65.0,48.0,0.09230769230769231,0.18461538461538463,0.25206405738510845,0.10100915331807782,0.05715054945054942,0.0010091533180778068,0.1,0.03805054945054941,0.0091,0.01,0.0,0.0,0.0,0.08
0.491105,81,23534.724536,hard,0.4402631578947362,0.4402631578947362,0,804,8,4,4,4,4,0,0,0,0,0.021624713958809383,0.012115384615384686,0.09659999999999584,0.39010989010988956,0.4185999999999958,3,False,106,0.07841549295774648,0.9323943661971836,0.8268169014084507,1.3137676056338028,47,65.0,44.0,0.07692307692307693,0.18461538461538463,0.05733775266807337,0.10756864988558329,0.10367318681318634,0.007568649885583284,0.1,0.04681318681318674,0.04185999999999959,0.015,0.0,0.0,0.0,0.08
0.379169,78,23567.535954,hard,0.3684210526315789,0.3684210526315789,0,779,8,4,4,4,4,0,0,0,0,0.024267734553775462,0.0023076923076923088,0.0,0.39010989010989,0.0,3,False,92,0.0697887323943662,0.9671549295774652,0.810366197183098,1.7425528169014084,32,65.0,45.0,0.06153846153846154,0.16923076923076924,-0.0,0.10683525638959607,0.061813186813186816,0.008493707093821412,0.09834154929577466,0.046813186813186816,0.0,0.015,0.0,0.0,0.0,0.08
0.179127,76,23599.17726,hard,0.2212871853546911,0.2212871853546911,0,751,8,4,4,4,4,0,0,0,0,0.004925629290617903,0.011826923076923207,0.0,0.2840796703296698,0.0,1,False,72,0.04816901408450704,0.9558028169014106,0.6914366197183095,0.5253345070422535,34,65.0,48.0,0.06153846153846154,0.15384615384615385,0.1145020974334985,0.07385073081509655,0.039089560439560384,0.001723970251716266,0.07212676056338028,0.034089560439560386,0.0,0.005,0.0,0.0,0.0,0.08
0.191982,73,23629.08908,hard,0.3257780320366132,0.3257780320366132,0,730,6,4,2,4,2,0,0,0,2,0.024628146453088983,0.004903846153846115,0.0,0.2877197802197801,0.0,2,False,19,0.022077464788732393,0.9710985915492967,0.6838591549295769,1.306637323943662,25,65.0,49.0,0.07692307692307693,0.16923076923076924,-0.0,-0.02532205014986956,0.04452637362637362,0.008619851258581142,0.026058098591549297,0.03452637362637362,0.0,0.01,0.0,0.0,0.06,0.08
0.3118,76,23660.073728,hard,0.32265446224256294,0.32265446224256294,0,757,8,4,4,4,4,0,0,0,0,0.00348398169336384,0.008365384615384604,0.0,0.2802197802197799,0.0,2,False,140,0.11246478873239436,0.9444788732394372,0.8634929577464793,1.0703169014084506,34,65.0,49.0,0.06153846153846154,0.13846153846153847,0.2220630225397998,0.10121939359267734,0.04362637362637358,0.0012193935926773439,0.1,0.03362637362637358,0.0,0.01,0.0,0.0,0.0,0.08
0.429308,76,23691.930212,hard,0.4085068649885583,0.4085068649885583,0,758,8,4,4,4,4,0,0,0,0,0.009250572082379815,0.022211538461538345,0.0,0.48635989010988917,0.0,3,False,161,0.14014084507042254,0.9557464788732385,0.7981126760563373,1.487200704225352,55,65.0,49.0,0.06153846153846154,0.15384615384615385,0.09911748204888313,0.10323770022883294,0.07336318681318671,0.003237700228832935,0.1,0.0583631868131867,0.0,0.015,0.0,0.0,0.0,0.08
2.828257,77,23724.694503,hard,0.6578947368421053,2.6578947368421053,2,761,8,4,4,4,4,0,0,0,0,0.029610983981693463,0.021923076923077055,0.0,0.4258241758241747,1.0,3,True,119,0.08586267605633803,0.940507042253522,0.7031267605633803,1.7525176056338028,38,65.0,53.0,0.03076923076923077,0.09230769230769231,0.13491422385153698,0.11036384439359272,0.21609890109890095,0.010363844393592713,0.1,0.05109890109890098,0.1,0.015,0.05,0.0,0.0,0.08
0.565481,79,23766.162219,hard,0.4835526315789465,0.4835526315789465,0,786,8,4,4,4,4,0,0,0,0,0.05682494279176109,0.03721153846153869,0.11549999999999502,0.4574175824175807,0.507499999999995,3,False,106,0.0653169014084507,0.9542535211267623,0.7362535211267602,2.762323943661972,29,65.0,48.0,0.06153846153846154,0.13846153846153847,0.25206405738510845,0.11988872997711639,0.12064010989010919,0.019888729977116378,0.1,0.05489010989010969,0.050749999999999504,0.015,0.0,0.0,0.0,0.08
2.733046,79,23798.179731,hard,0.5560068649885583,2.556006864988558,2,787,8,4,4,4,4,0,0,0,0,0.041327231121280804,0.017307692307692493,0.1987999999999957,0.46895604395604323,0.9999999999999959,3,True,120,0.10503521126760564,0.9380281690140854,0.7123098591549295,2.6905281690140845,31,65.0,48.0,0.046153846153846156,0.13846153846153847,0.3096910973393819,0.11446453089244829,0.2212747252747248,0.014464530892448282,0.1,0.056274725274725185,0.0999999999999996,0.015,0.05,0.0,0.0,0.08
2.705684,75,23829.01679,hard,0.5424485125858124,2.5424485125858123,2,744,8,4,4,4,4,0,0,0,0,0.014656750572082431,0.0,0.0854000000000003,0.39587912087912086,0.9999999999999961,3,True,104,0.09301056338028169,0.938112676056338,0.8183380281690137,3.0381338028169016,42,65.0,49.0,0.046153846153846156,0.12307692307692308,0.09911748204888313,0.10512986270022885,0.2125054945054941,0.00512986270022885,0.1,0.04750549450549452,0.09999999999999959,0.015,0.05,0.0,0.0,0.08
0.400955,77,23860.544717,hard,0.35348970251716205,0.35348970251716205,0,763,8,4,4,4,4,0,0,0,0,0.00961098398169295,0.0,0.055999999999997586,0.23612637362637362,0.6206666666666643,2,False,96,0.07225352112676056,0.9356901408450709,0.6492112676056335,0.4241901408450704,25,65.0,52.0,0.046153846153846156,0.13846153846153847,0.358388828901696,0.10336384439359254,0.10040183150183125,0.0033638443935925318,0.1,0.02833516483516483,0.06206666666666644,0.01,0.0,0.0,0.0,0.08
1.555523,91,23898.700958,hard,0.5434496567505722,1.5434496567505722,1,906,8,4,4,4,4,0,0,0,0,0.007808924485125945,0.018750000000000207,0.0,0.5631181318681311,0.0,4,False,96,0.059154929577464786,0.9454647887323949,0.6310985915492957,2.059242957746479,34,65.0,46.0,0.06153846153846154,0.15384615384615385,0.21291484811933445,0.09509932075289268,0.08757417582417573,0.0027331235697940805,0.0923661971830986,0.06757417582417573,0.0,0.02,0.0,0.0,0.0,0.08
1.659347,79,23931.825237,hard,0.5490675057208234,1.5490675057208234,1,789,8,4,4,4,4,0,0,0,0,0.03934210526315759,0.008942307692307791,0.10779999999999827,0.42885989010988973,0.889466666666662,3,False,127,0.09735915492957746,0.9549295774647885,0.7666478873239437,5.155404929577465,38,65.0,45.0,0.06153846153846154,0.15384615384615385,0.09911748204888313,0.11376973684210516,0.15540985347985303,0.013769736842105154,0.1,0.051463186813186776,0.08894666666666623,0.015,0.0,0.0,0.0,0.08
1.653166,78,23973.432126,hard,0.48036041189931356,1.4803604118993134,1,772,8,4,4,4,4,0,0,0,0,0.017660183066361725,0.042403846153846556,0.0,0.49020604395604195,1.0,3,True,106,0.08221830985915493,0.9616338028169014,0.7011830985915495,2.6038908450704223,28,65.0,44.0,0.06153846153846154,0.15384615384615385,0.26444590718846855,0.10618106407322661,0.22382472527472502,0.006181064073226604,0.1,0.05882472527472503,0.1,0.015,0.05,0.0,0.0,0.08
2.915596,80,24007.029519,hard,0.7272540045766591,2.7272540045766593,2,800,8,4,4,4,4,0,0,0,0,0.01581235697940508,0.016620879120879128,0.0,0.6067307692307685,1.0,4,True,118,0.08580985915492957,0.9235492957746483,0.7427605633802815,2.9607394366197184,23,65.0,49.0,0.06153846153846154,0.15384615384615385,0.2220630225397998,0.10553432494279179,0.24280769230769222,0.005534324942791778,0.1,0.07280769230769224,0.1,0.02,0.05,0.0,0.0,0.08
0.533348,82,24041.355275,hard,0.46882151029748265,0.46882151029748265,0,813,8,4,4,4,4,0,0,0,0,0.011390160183066229,0.003983516483516484,0.016799999999999274,0.28021978021978006,0.7821333333333326,2,False,153,0.11609154929577464,0.947830985915493,0.8459718309859154,3.269788732394366,35,65.0,49.0,0.046153846153846156,0.12307692307692308,0.13491422385153698,0.10398655606407319,0.12183970695970688,0.00398655606407318,0.1,0.03362637362637361,0.07821333333333327,0.01,0.0,0.0,0.0,0.08
1.59336,77,24072.655663,hard,0.43931922196796347,1.4393192219679634,1,767,8,4,4,4,4,0,0,0,0,0.00937070938215084,0.009519230769230873,0.03149999999999864,0.39550824175824134,1.0,2,True,141,0.12068661971830986,0.9560563380281691,0.7081408450704225,2.855862676056338,25,65.0,52.0,0.03076923076923077,0.09230769230769231,0.16676100196548832,0.1032797482837528,0.20746098901098897,0.0032797482837527933,0.1,0.047460989010988955,0.1,0.01,0.05,0.0,0.0,0.08
2.808697,79,24105.133476,hard,0.6173684210526315,2.6173684210526313,2,786,8,4,4,4,4,0,0,0,0,0.04944508009153326,0.034903846153846084,0.11100000000000027,0.5757692307692298,0.9999999999999961,4,True,87,0.06670774647887324,0.9251549295774656,0.8173239436619719,2.1806161971830984,34,65.0,54.0,0.046153846153846156,0.1076923076923077,0.2929336127308734,0.11083658789119157,0.23909230769230722,0.01730577803203664,0.09353080985915492,0.06909230769230758,0.09999999999999962,0.02,0.05,0.0,0.0,0.08
0.386805,80,24138.522891,hard,0.3980549199084668,0.3980549199084668,0,795,8,4,4,4,4,0,0,0,0,0.013094965675056936,0.014711538461538404,0.0,0.46126373626373596,0.0,3,False,72,0.04975352112676056,0.9904788732394381,0.6486197183098589,1.4119014084507042,21,65.0,46.0,0.06153846153846154,0.18461538461538463,0.15610566617587138,0.07789837883134035,0.07035164835164832,0.004583237986269926,0.07331514084507042,0.055351648351648325,0.0,0.015,0.0,0.0,0.0,0.08
1.666017,82,24172.769331,hard,0.482837528604119,1.482837528604119,1,820,8,4,4,4,4,0,0,0,0,0.04336956521739038,0.009519230769230873,0.22959999999999436,0.4999999999999995,0.9999999999999959,4,True,105,0.09580985915492958,0.9267605633802817,0.8780281690140844,1.6562676056338028,50,65.0,56.0,0.03076923076923077,0.09230769230769231,0.2690705926112252,0.11517934782608663,0.22999999999999954,0.015179347826086632,0.1,0.05999999999999994,0.0999999999999996,0.02,0.05,0.0,0.0,0.08
0.368733,78,24214.012065,hard,0.3609897025171625,0.3609897025171625,0,779,8,4,4,4,4,0,0,0,0,0.017059496567505765,0.003173076923076958,0.0,0.3722664835164834,0.0,3,False,139,0.12112676056338029,0.9406478873239456,0.677830985915493,0.9654577464788733,34,65.0,52.0,0.07692307692307693,0.15384615384615385,0.09911748204888313,0.10597082379862702,0.05967197802197802,0.005970823798627018,0.1,0.04467197802197802,0.0,0.015,0.0,0.0,0.0,0.08
0.372868,76,24245.576432,hard,0.3694393592677343,0.3694393592677343,0,760,8,4,4,4,4,0,0,0,0,0.009490846681921945,0.011249999999999896,0.0,0.3425549450549446,0.0,3,False,105,0.07779929577464789,0.9317183098591565,0.7274929577464795,3.9281338028169013,33,65.0,49.0,0.06153846153846154,0.15384615384615385,0.17149028156048673,0.10332179633867268,0.05610659340659334,0.0033217963386726807,0.1,0.04110659340659334,0.0,0.015,0.0,0.0,0.0,0.08
2.814083,97,24285.731423,hard,0.6375858123569794,2.6375858123569795,2,967,8,4,4,4,4,0,0,0,0,0.009370709382151104,0.022500000000000176,0.0,0.624313186813187,1.0,5,True,140,0.11792253521126761,0.9267605633802838,0.7010985915492959,2.3674647887323945,26,65.0,40.0,0.046153846153846156,0.13846153846153847,-0.0,0.10327974828375289,0.24991758241758244,0.003279748283752886,0.1,0.07491758241758242,0.1,0.025,0.05,0.0,0.0,0.08
0.179004,85,24321.699646,hard,0.21117848970251715,0.21117848970251715,0,841,8,4,4,4,4,0,0,0,0,0.0021395881006864782,0.004038461538461489,0.0,0.2598076923076922,0.0,0,False,139,0.11672535211267605,0.9474647887323961,0.7420563380281695,0.46755281690140843,23,65.0,53.0,0.06153846153846154,0.13846153846153847,0.19172340579500008,0.10074885583524028,0.031176923076923064,0.0007488558352402675,0.1,0.031176923076923064,0.0,0.0,0.0,0.0,0.0,0.08
2.832073,100,24363.547017,hard,0.6647425629290618,2.664742562929062,2,1000,8,4,4,4,4,0,0,0,0,0.035800915331807404,0.009230769230769332,0.14069999999999822,0.5399999999999996,0.9999999999999959,4,True,111,0.08419014084507043,0.9250704225352118,0.753239436619718,2.315774647887324,38,65.0,50.0,0.09230769230769231,0.16923076923076924,0.15610566617587138,0.1125303203661326,0.23479999999999956,0.012530320366132592,0.1,0.06479999999999997,0.0999999999999996,0.02,0.05,0.0,0.0,0.08
0.384668,77,24396.093855,hard,0.3744279176201373,0.3744279176201373,0,765,8,4,4,4,4,0,0,0,0,0.00913043478260875,0.021923076923077055,0.0,0.404532967032966,0.0,3,False,118,0.08961267605633803,0.9574084507042263,0.7225915492957743,1.0836267605633803,25,65.0,46.0,0.06153846153846154,0.16923076923076924,0.16676100196548832,0.10319565217391306,0.06354395604395591,0.003195652173913062,0.1,0.04854395604395591,0.0,0.015,0.0,0.0,0.0,0.08
2.761413,79,24437.698946,hard,0.585812356979405,2.585812356979405,2,781,8,4,4,4,4,0,0,0,0,0.010572082379862723,0.02538461538461544,0.0,0.49999999999999883,1.0,4,True,256,0.19267605633802817,0.9357464788732409,0.7158591549295776,6.1591373239436615,26,65.0,49.0,0.06153846153846154,0.15384615384615385,0.16676100196548832,0.10370022883295196,0.22999999999999987,0.003700228832951953,0.1,0.05999999999999986,0.1,0.02,0.05,0.0,0.0,0.08
0.479132,78,24470.094155,hard,0.39803775743707026,0.39803775743707026,0,776,8,4,4,4,4,0,0,0,0,0.01886155606407251,0.0,0.09379999999999653,0.3901098901098901,0.702799999999996,3,False,152,0.13568661971830986,0.99369014084507,0.7138028169014082,1.5215845070422536,31,65.0,46.0,0.046153846153846156,0.13846153846153847,-0.0,0.10660154462242538,0.13209318681318644,0.006601544622425378,0.1,0.046813186813186816,0.0702799999999996,0.015,0.0,0.0,0.0,0.08
0.421473,75,24501.124396,hard,0.40137871853546914,0.40137871853546914,0,742,8,4,4,4,4,0,0,0,0,0.00852974828375291,0.008942307692307791,0.0,0.4692445054945051,0.0,3,False,189,0.16830985915492958,0.9364225352112681,0.8081408450704226,0.9827288732394366,43,65.0,47.0,0.06153846153846154,0.16923076923076924,0.15610566617587138,0.10298541189931353,0.07130934065934064,0.0029854118993135185,0.1,0.05630934065934064,0.0,0.015,0.0,0.0,0.0,0.08
0.287296,73,24531.205975,hard,0.30114988558352407,0.30114988558352407,0,728,8,4,4,4,4,0,0,0,0,0.003724256292906174,0.0028846153846153843,0.0,0.23035714285714273,0.0,2,False,109,0.09445422535211268,0.926084507042255,0.7630704225352118,1.2118485915492958,31,65.0,42.0,0.06153846153846154,0.16923076923076924,0.05733775266807337,0.10130348970251717,0.03764285714285714,0.0013034897025171609,0.1,0.027642857142857136,0.0,0.01,0.0,0.0,0.0,0.08
1.704818,85,24566.55669,hard,0.59453661327231,1.59453661327231,1,846,8,4,4,4,4,0,0,0,0,0.030635011441646334,0.0,0.14839999999999393,0.5604395604395604,0.7690666666666602,4,False,192,0.1707042253521127,0.9332112676056337,0.8441971830985916,1.7323767605633802,34,65.0,50.0,0.046153846153846156,0.13846153846153847,0.19172340579500008,0.11072225400457622,0.16415941391941327,0.010722254004576217,0.1,0.06725274725274723,0.07690666666666605,0.02,0.0,0.0,0.0,0.08
0.426877,78,24598.461722,hard,0.3949771167048048,0.3949771167048048,0,774,8,4,4,4,4,0,0,0,0,0.015858123569793412,0.0020192307692307914,0.08749999999999623,0.2966620879120878,0.38149999999999623,2,False,192,0.17450704225352112,0.9348169014084536,0.6743098591549294,1.637394366197183,23,65.0,49.0,0.06153846153846154,0.13846153846153847,0.22338824700260326,0.1055503432494277,0.08374945054945017,0.005550343249427695,0.1,0.035599450549450545,0.03814999999999963,0.01,0.0,0.0,0.0,0.08
2.727743,76,24638.912347,hard,0.5666189931350114,2.5666189931350116,2,757,8,4,4,4,4,0,0,0,0,0.00672768878718536,0.016153846153846168,0.0,0.4539148351648348,1.0,2,True,168,0.13352112676056338,0.9260845070422533,0.6956901408450707,2.1674295774647887,32,65.0,43.0,0.07692307692307693,0.18461538461538463,0.05733775266807337,0.10235469107551488,0.2144697802197802,0.002354691075514876,0.1,0.05446978021978018,0.1,0.01,0.05,0.0,0.0,0.08
0.49753,82,24672.786664,hard,0.4767734553775744,0.4767734553775744,0,816,8,4,4,4,4,0,0,0,0,0.024084668192219837,0.03461538461538487,0.0,0.6098901098901107,0.098,5,False,61,0.04725352112676056,0.9260845070422563,0.677295774647887,1.4577288732394367,39,65.0,48.0,0.06153846153846154,0.13846153846153847,0.3025207121927388,0.07436977471234736,0.1079868131868133,0.008429633867276942,0.06594014084507042,0.0731868131868133,0.009800000000000001,0.025,0.0,0.0,0.0,0.08
2.715945,77,24704.440315,hard,0.5167162471395881,2.516716247139588,2,770,8,4,4,4,4,0,0,0,0,0.04704805491990759,0.034505494505494255,0.19039999999999524,0.581346153846153,0.9999999999999967,4,True,94,0.07264084507042254,0.96380281690141,0.8058873239436624,1.5972711267605635,37,65.0,53.0,0.06153846153846154,0.13846153846153847,0.13491422385153698,0.11646681922196767,0.23976153846153803,0.016466819221967657,0.1,0.06976153846153836,0.09999999999999969,0.02,0.05,0.0,0.0,0.08
1.666632,78,24737.13045,hard,0.6105034324942793,1.6105034324942793,1,777,8,4,4,4,4,0,0,0,0,0.005526315789473745,0.013269230769230915,0.0,0.7241208791208814,0.0,5,False,120,0.10014084507042254,0.9310422535211283,0.6742816901408457,1.13818661971831,29,65.0,51.0,0.046153846153846156,0.12307692307692308,0.2690705926112252,0.10193421052631582,0.11189450549450577,0.0019342105263158106,0.1,0.08689450549450578,0.0,0.025,0.0,0.0,0.0,0.08
1.599483,87,24772.884704,hard,0.562929061784897,1.562929061784897,1,862,8,4,4,4,4,0,0,0,0,0.013049199084668266,0.0050824175824175834,0.0,0.6098901098901096,0.0,5,False,162,0.1423943661971831,0.940450704225354,0.6694084507042254,1.6011267605633803,28,65.0,46.0,0.06153846153846154,0.16923076923076924,0.16676100196548832,0.1045672196796339,0.09818681318681313,0.004567219679633893,0.1,0.07318681318681312,0.0,0.025,0.0,0.0,0.0,0.08
0.356245,100,24814.118381,hard,0.39181922196796337,0.39181922196796337,0,1000,8,4,4,4,4,0,0,0,0,0.004559496567505724,0.010947802197802206,0.0,0.44629120879120837,0.0,4,False,72,0.044366197183098595,0.9310422535211272,0.48940845070422523,2.2300528169014084,21,65.0,46.0,0.07692307692307693,0.16923076923076924,0.19172340579500008,0.07087047168595095,0.073554945054945,0.0015958237986270034,0.06927464788732395,0.053554945054945007,0.0,0.02,0.0,0.0,0.0,0.08
2.772385,96,24863.423246,hard,0.6354691075514874,2.6354691075514873,2,955,8,4,4,4,4,0,0,0,0,0.06008581235697889,0.008653846153846248,0.19109999999999605,0.3719780219780216,0.9999999999999959,3,True,82,0.05433098591549296,0.9292394366197203,0.6765070422535213,2.570757042253521,30,65.0,41.0,0.09230769230769231,0.2,0.05733775266807337,0.10277827376156234,0.20963736263736216,0.021030034324942614,0.08174823943661973,0.04463736263736259,0.09999999999999959,0.015,0.05,0.0,0.0,0.08
0.394555,74,24893.517003,hard,0.3861041189931351,0.3861041189931351,0,732,8,4,4,4,4,0,0,0,0,0.030274599542334073,0.024519230769230994,0.0,0.4325686813186803,0.0,2,False,65,0.0755281690140845,0.9592112676056367,0.630901408450704,0.7932042253521127,34,65.0,48.0,0.046153846153846156,0.13846153846153847,0.16676100196548832,0.09974223660038033,0.06190824175824163,0.010596109839816925,0.0891461267605634,0.05190824175824163,0.0,0.01,0.0,0.0,0.0,0.08
0.307387,75,24924.375253,hard,0.3171109839816934,0.3171109839816934,0,747,8,4,4,4,4,0,0,0,0,0.022705949656750633,0.014711538461538623,0.0,0.26690934065934,0.0,1,False,120,0.10728873239436619,0.9323943661971852,0.72087323943662,0.8920246478873239,29,65.0,45.0,0.06153846153846154,0.15384615384615385,0.16676100196548832,0.10794708237986272,0.0370291208791208,0.00794708237986272,0.1,0.032029120879120805,0.0,0.005,0.0,0.0,0.0,0.08
1.606354,76,24955.562804,hard,0.4430606407322655,1.4430606407322655,1,758,8,4,4,4,4,0,0,0,0,0.030154462242562307,0.010673076923077025,0.1497999999999961,0.40449175824175776,0.9999999999999974,2,True,119,0.08642605633802816,0.9267605633802839,0.731126760563381,1.42125,26,65.0,48.0,0.06153846153846154,0.16923076923076924,0.1956217818146278,0.11055406178489681,0.20853901098901068,0.010554061784896807,0.1,0.04853901098901092,0.09999999999999974,0.01,0.05,0.0,0.0,0.08
0.428401,88,24992.104438,hard,0.41418764302059496,0.41418764302059496,0,873,8,4,4,4,4,0,0,0,0,0.004324942791762019,0.010384615384615397,0.0,0.49999999999999956,0.0,4,False,108,0.08313380281690141,0.9415774647887338,0.6429859154929577,3.038362676056338,28,65.0,42.0,0.06153846153846154,0.15384615384615385,0.13491422385153698,0.10151372997711672,0.07999999999999996,0.0015137299771167067,0.1,0.059999999999999956,0.0,0.02,0.0,0.0,0.0,0.08
0.389329,78,25024.26774,hard,0.37518878718535464,0.37518878718535464,0,771,8,4,4,4,4,0,0,0,0,0.021361556064073018,0.011249999999999828,0.0,0.40635989010988965,0.0,3,False,104,0.10225352112676056,0.9357464788732405,0.7170985915492957,1.5261443661971832,27,65.0,47.0,0.06153846153846154,0.15384615384615385,0.1956217818146278,0.10747654462242556,0.06376318681318675,0.007476544622425555,0.1,0.048763186813186754,0.0,0.015,0.0,0.0,0.0,0.08
0.366843,76,25055.709325,hard,0.3177917620137298,0.3177917620137298,0,754,8,4,4,4,4,0,0,0,0,0.010451945080091346,0.013557692307692356,0.027999999999998793,0.2802197802197796,0.5716666666666654,2,False,92,0.0970774647887324,0.9244788732394369,0.853154929577465,1.0120070422535212,41,65.0,45.0,0.07692307692307693,0.16923076923076924,0.13491422385153698,0.10365818077803197,0.1007930402930401,0.0036581807780319705,0.1,0.03362637362637356,0.057166666666666546,0.01,0.0,0.0,0.0,0.08
1.875949,84,25098.780413,hard,0.7318421052631572,1.7318421052631572,1,838,8,4,4,4,4,0,0,0,0,0.037677345537756736,0.02527472527472527,0.15819999999999562,0.625274725274727,0.9468666666666599,5,False,192,0.1707042253521127,0.9648450704225346,0.787830985915493,5.791302816901409,33,65.0,49.0,0.046153846153846156,0.13846153846153847,0.23296603544749966,0.11318707093821487,0.19471963369963322,0.013187070938214857,0.1,0.07503296703296723,0.094686666666666,0.025,0.0,0.0,0.0,0.08
0.379948,81,25132.492863,hard,0.3716247139588101,0.3716247139588101,0,805,8,4,4,4,4,0,0,0,0,0.017391304347826122,0.012774725274725283,0.0,0.3978021978021972,0.0,3,False,168,0.11661971830985915,0.9830985915492976,0.6870985915492956,1.3222535211267605,25,65.0,45.0,0.1076923076923077,0.23076923076923078,0.09911748204888313,0.10608695652173915,0.06273626373626368,0.0060869565217391425,0.1,0.04773626373626367,0.0,0.015,0.0,0.0,0.0,0.08
2.820486,85,25167.914388,hard,0.6379118993135011,2.637911899313501,2,841,8,4,4,4,4,0,0,0,0,0.015497711670480516,0.018750000000000003,0.0,0.5937500000000008,1.0,4,True,175,0.11383802816901409,0.9517183098591554,0.8885633802816908,6.187147887323944,39,65.0,51.0,0.06153846153846154,0.15384615384615385,0.2220630225397998,0.10542419908466819,0.24125000000000008,0.005424199084668181,0.1,0.07125000000000008,0.1,0.02,0.05,0.0,0.0,0.08
0.161388,75,25199.709509,hard,0.2794279176201373,0.2794279176201373,0,748,5,1,4,1,4,0,0,0,3,0.0016819221967963442,0.0040384615384615515,0.0,0.17642857142857124,0.0,1,False,96,0.07605633802816901,0.926760563380284,0.6497746478873239,1.1423591549295775,14,65.0,45.0,0.06153846153846154,0.15384615384615385,0.16676100196548832,0.010588672768878732,0.026171428571428554,0.0005886727688787204,0.1,0.021171428571428553,0.0,0.005,0.0,0.0,0.09,0.08
2.833938,100,25241.550287,hard,0.6658752860411898,2.6658752860411896,2,1000,8,4,4,4,4,0,0,0,0,0.013609839816933558,0.03267857142857124,0.0,0.5691620879120867,1.0,5,True,144,0.09253521126760564,0.911802816901409,0.6958591549295776,3.4553697183098593,26,65.0,47.0,0.06153846153846154,0.16923076923076924,0.19753023273471912,0.10476344393592675,0.2432994505494504,0.004763443935926744,0.1,0.06829945054945041,0.1,0.025,0.05,0.0,0.0,0.08
0.529002,79,25274.904161,hard,0.48176201372997707,0.48176201372997707,0,790,8,4,4,4,4,0,0,0,0,0.019342105263157956,0.04644230769230784,0.0,0.6622527472527493,0.0,4,False,134,0.08542253521126761,0.9754366197183131,0.7701408450704242,2.9290845070422535,25,65.0,46.0,0.06153846153846154,0.15384615384615385,-0.0,0.10676973684210529,0.09947032967032993,0.006769736842105283,0.1,0.07947032967032992,0.0,0.02,0.0,0.0,0.0,0.08
0.281234,78,25316.122474,hard,0.2974828375286041,0.2974828375286041,0,775,8,4,4,4,4,0,0,0,0,0.013935926773455457,0.024230769230769385,0.0,0.21978021978021886,0.0,2,False,153,0.12373239436619718,0.9549295774647899,0.7162816901408448,1.332007042253521,49,65.0,49.0,0.046153846153846156,0.13846153846153847,0.2690705926112252,0.10487757437070941,0.03637362637362627,0.00487757437070941,0.1,0.026373626373626266,0.0,0.01,0.0,0.0,0.0,0.08
0.326848,78,25348.412212,hard,0.3304862700228833,0.3304862700228833,0,771,8,4,4,4,4,0,0,0,0,0.03593821510297487,0.04096153846153846,0.0,0.2990247252747247,0.0,1,False,191,0.16026408450704224,0.9154929577464807,0.6923380281690142,1.0323239436619718,38,65.0,50.0,0.06153846153846154,0.16923076923076924,0.1145020974334985,0.11257837528604121,0.040882967032966955,0.012578375286041204,0.1,0.03588296703296696,0.0,0.005,0.0,0.0,0.0,0.08
1.607511,78,25380.412354,hard,0.5085411899313493,1.5085411899313494,1,778,8,4,4,4,4,0,0,0,0,0.03803775743707012,0.027005494505494502,0.15609999999999527,0.3901098901098888,0.8164333333333266,3,False,140,0.08626760563380281,0.9251549295774648,0.8293802816901402,1.7905281690140844,41,65.0,46.0,0.07692307692307693,0.16923076923076924,0.16676100196548832,0.11331321510297455,0.14345652014651933,0.013313215102974544,0.1,0.04681318681318665,0.08164333333333265,0.015,0.0,0.0,0.0,0.08
1.618608,82,25414.263449,hard,0.5191533180778022,1.519153318077802,1,814,8,4,4,4,4,0,0,0,0,0.04036613272311087,0.009807692307692363,0.16729999999999406,0.41385989010988966,0.8206333333333261,3,False,168,0.1428169014084507,0.915492957746479,0.724169014084507,1.0475528169014086,32,65.0,46.0,0.1076923076923077,0.2,0.1956217818146278,0.1141281464530888,0.14672652014651938,0.014128146453088804,0.1,0.049663186813186766,0.08206333333333263,0.015,0.0,0.0,0.0,0.08
0.351253,76,25445.69278,hard,0.3526659038901602,0.3526659038901602,0,752,8,4,4,4,4,0,0,0,0,0.004324942791762061,0.010384615384615499,0.0,0.35228021978021934,0.0,2,False,120,0.08704225352112677,0.9229295774647899,0.8184225352112685,1.3616725352112675,37,65.0,51.0,0.046153846153846156,0.12307692307692308,-0.0,0.10151372997711673,0.052273626373626314,0.0015137299771167216,0.1,0.04227362637362631,0.0,0.01,0.0,0.0,0.0,0.08
1.612683,78,25478.983714,hard,0.4846052631578947,1.4846052631578948,1,772,8,4,4,4,4,0,0,0,0,0.007568649885583531,0.008653846153846165,0.0,0.25218406593406556,1.0,2,True,96,0.059154929577464786,0.9154929577464797,0.8320281690140849,1.4913028169014084,43,65.0,51.0,0.046153846153846156,0.13846153846153847,0.1956217818146278,0.09501522464305284,0.19026208791208787,0.0026490274599542353,0.0923661971830986,0.030262087912087874,0.1,0.01,0.05,0.0,0.0,0.08
2.740028,90,25524.599771,hard,0.5414187643020595,2.5414187643020596,2,895,8,4,4,4,4,0,0,0,0,0.046372997711669535,0.03173076923076947,0.1931999999999939,0.640659340659339,0.9999999999999978,5,True,144,0.11492957746478873,0.9323943661971847,0.7015211267605643,1.6899823943661971,32,65.0,46.0,0.07692307692307693,0.18461538461538463,-0.0,0.11623054919908435,0.25187912087912046,0.016230549199084336,0.1,0.07687912087912067,0.09999999999999978,0.025,0.05,0.0,0.0,0.08
1.602087,81,25557.878528,hard,0.5151830663615551,1.515183066361555,1,801,8,4,4,4,4,0,0,0,0,0.023306636155605402,0.0,0.13579999999999415,0.5,0.5884666666666608,4,False,137,0.11387323943661971,0.9679436619718316,0.7090140845070423,2.633943661971831,35,65.0,50.0,0.09230769230769231,0.2153846153846154,0.19172340579500008,0.1081573226544619,0.1388466666666661,0.008157322654461889,0.1,0.06000000000000001,0.05884666666666609,0.02,0.0,0.0,0.0,0.08
2.749644,77,25590.184103,hard,0.5804919908466819,2.580491990846682,2,769,8,4,4,4,4,0,0,0,0,0.007385583524027461,0.008791208791208793,0.02169999999999999,0.4872252747252743,0.9999999999999991,3,True,194,0.1593838028169014,0.9422535211267635,0.563295774647887,2.0524471830985918,25,65.0,47.0,0.06153846153846154,0.15384615384615385,0.05733775266807337,0.10258495423340962,0.22346703296703285,0.002584954233409611,0.1,0.05846703296703293,0.09999999999999992,0.015,0.05,0.0,0.0,0.08
0.32352,76,25622.1982,hard,0.32986270022883296,0.32986270022883296,0,752,8,4,4,4,4,0,0,0,0,0.009010297482837583,0.021634615384615512,0.0,0.29752747252747147,0.0,2,False,100,0.08672535211267605,0.9758591549295786,0.7538591549295776,1.778661971830986,41,65.0,48.0,0.046153846153846156,0.13846153846153847,0.1145020974334985,0.10315360411899316,0.04570329670329657,0.003153604118993154,0.1,0.03570329670329657,0.0,0.01,0.0,0.0,0.0,0.08
0.304565,74,25655.006292,hard,0.31518306636155596,0.31518306636155596,0,739,8,4,4,4,4,0,0,0,0,0.005165903890160078,0.009807692307692057,0.0,0.26228021978021937,0.0,2,False,106,0.08387323943661971,0.9292394366197179,0.6446197183098591,1.1004577464788732,34,65.0,48.0,0.046153846153846156,0.13846153846153847,-0.0,0.10180806636155604,0.041473626373626324,0.0018080663615560272,0.1,0.03147362637362632,0.0,0.01,0.0,0.0,0.0,0.08
0.477173,77,25687.971739,hard,0.4647482837528605,0.4647482837528605,0,765,8,4,4,4,4,0,0,0,0,0.005766590389016082,0.0,0.0,0.4325549450549451,0.0,3,False,98,0.08220070422535211,0.9341971830985946,0.557014084507042,1.2913908450704226,24,65.0,50.0,0.06153846153846154,0.15384615384615385,0.22338824700260326,0.10201830663615563,0.0669065934065934,0.0020183066361556283,0.1,0.0519065934065934,0.0,0.015,0.0,0.0,0.0,0.08
0.435688,79,25721.704431,hard,0.41418764302059496,0.41418764302059496,0,785,8,4,4,4,4,0,0,0,0,0.0,0.0,0.0,0.5,0.0,4,False,106,0.07841549295774648,0.9428732394366203,0.8543661971830993,2.0403345070422536,36,65.0,53.0,0.046153846153846156,0.1076923076923077,0.19172340579500008,0.1,0.08,0.0,0.1,0.06,0.0,0.02,0.0,0.0,0.0,0.08
0.568837,82,25764.072562,hard,0.4886384439359256,0.4886384439359256,0,817,8,4,4,4,4,0,0,0,0,0.03171624713958699,0.009807692307692309,0.1567999999999935,0.39876373626373585,0.6794666666666599,3,False,253,0.1891901408450704,0.940450704225352,0.7949295774647884,2.368450704225352,22,65.0,53.0,0.06153846153846154,0.13846153846153847,0.05733775266807337,0.11110068649885545,0.1307983150183143,0.011100686498855447,0.1,0.04785164835164829,0.06794666666666599,0.015,0.0,0.0,0.0,0.08
2.823614,80,25796.801909,hard,0.602745995423341,2.6027459954233407,2,794,8,4,4,4,4,0,0,0,0,0.016338672768878727,0.03923076923076925,0.0,0.7879120879120948,1.0,6,True,168,0.15591549295774648,0.9323943661971845,0.7662816901408455,2.3682922535211266,37,65.0,47.0,0.07692307692307693,0.16923076923076924,0.16676100196548832,0.10571853546910756,0.2745494505494514,0.0057185354691075534,0.1,0.09454945054945137,0.1,0.030000000000000002,0.05,0.0,0.0,0.08
1.64609,76,25828.06737,hard,0.5491876430205943,1.5491876430205944,1,760,8,4,4,4,4,0,0,0,0,0.02378718535469041,0.0,0.10429999999999763,0.3901098901098901,0.8276333333333288,3,False,144,0.10183098591549296,0.9567323943661983,0.6300845070422535,3.0178697183098593,26,65.0,42.0,0.07692307692307693,0.2,0.15610566617587138,0.10832551487414165,0.14457652014651973,0.008325514874141642,0.1,0.0468131868131868,0.0827633333333329,0.015,0.0,0.0,0.0,0.08
0.466148,82,25863.079172,hard,0.4205949656750572,0.4205949656750572,0,815,8,4,4,4,4,0,0,0,0,0.02150457665903884,0.006057692307692374,0.0,0.47994505494505496,0.21933333333333332,4,False,171,0.10536971830985915,0.9598873239436646,0.6341408450704222,1.3392957746478873,27,65.0,49.0,0.06153846153846154,0.16923076923076924,0.2220630225397998,0.10752660183066359,0.09952673992673992,0.0075266018306635925,0.1,0.057593406593406594,0.021933333333333332,0.02,0.0,0.0,0.0,0.08
0.541972,80,25898.319529,hard,0.4750572082379861,0.4750572082379861,0,793,8,4,4,4,4,0,0,0,0,0.0307093821510292,0.02527472527472527,0.027999999999998793,0.4999999999999987,0.35466666666666546,4,False,116,0.09154929577464789,0.9254084507042252,0.7669295774647887,2.4585035211267607,35,65.0,50.0,0.046153846153846156,0.12307692307692308,0.1956217818146278,0.11074828375286022,0.1154666666666664,0.01074828375286022,0.1,0.05999999999999984,0.03546666666666655,0.02,0.0,0.0,0.0,0.08
0.294613,82,25933.742009,hard,0.3066933638443936,0.3066933638443936,0,816,8,4,4,4,4,0,0,0,0,0.012013729977116498,0.016730769230769268,0.0,0.48914835164835163,0.0,3,False,69,0.04948943661971831,0.9632394366197211,0.6970704225352115,1.0144542253521127,24,65.0,51.0,0.06153846153846154,0.15384615384615385,0.16676100196548832,0.0758218829567795,0.0736978021978022,0.004204805491990774,0.07161707746478872,0.05869780219780219,0.0,0.015,0.0,0.0,0.0,0.08
0.494238,80,25976.43302,hard,0.44546910755148683,0.44546910755148683,0,796,8,4,4,4,4,0,0,0,0,0.016578947368420513,0.007788461538461623,0.07769999999999665,0.4238598901098898,0.36703333333333,3,False,83,0.08288732394366197,0.9871267605633807,0.6175492957746477,2.30875,26,65.0,49.0,0.06153846153846154,0.15384615384615385,0.22338824700260326,0.10580263157894719,0.10256652014651979,0.005802631578947179,0.1,0.05086318681318679,0.036703333333333,0.015,0.0,0.0,0.0,0.08
2.780853,83,26011.515912,hard,0.5919794050343244,2.5919794050343246,2,824,8,4,4,4,4,0,0,0,0,0.049691075514873825,0.050370879120878946,0.0,0.5323489010988988,1.0,4,True,196,0.1316901408450704,0.9391549295774652,0.7892394366197182,3.176531690140845,44,65.0,50.0,0.046153846153846156,0.13846153846153847,0.19172340579500008,0.11739187643020585,0.2338818681318679,0.017391876430205837,0.1,0.06388186813186787,0.1,0.02,0.05,0.0,0.0,0.08
2.73133,82,26046.039198,hard,0.5622425629290618,2.562242562929062,2,819,8,4,4,4,4,0,0,0,0,0.022225400457665998,0.029134615384615595,0.0,0.4434065934065919,1.0,4,True,138,0.08503521126760563,0.926084507042254,0.757577464788732,2.714242957746479,24,65.0,51.0,0.046153846153846156,0.13846153846153847,-0.0,0.1077788901601831,0.223208791208791,0.007778890160183098,0.1,0.05320879120879104,0.09999999999999999,0.02,0.05,0.0,0.0,0.08
2.76621,85,26082.773583,hard,0.5718535469107552,2.5718535469107553,2,842,8,4,4,4,4,0,0,0,0,0.008529748283752954,0.020480769230769455,0.0,0.6714285714285703,1.0,5,True,121,0.10075704225352113,0.9251549295774653,0.6863380281690138,1.0036971830985915,27,65.0,48.0,0.07692307692307693,0.16923076923076924,0.1956217818146278,0.10298541189931354,0.25557142857142845,0.0029854118993135345,0.1,0.08057142857142846,0.09999999999999999,0.025,0.05,0.0,0.0,0.08
0.392873,76,26115.595176,hard,0.3843363844393593,0.3843363844393593,0,756,8,4,4,4,4,0,0,0,0,0.004084668192219725,0.009807692307692416,0.0,0.39755494505494454,0.0,3,False,112,0.09232394366197183,0.9492957746478895,0.5607323943661969,1.7376232394366198,30,65.0,46.0,0.06153846153846154,0.15384615384615385,0.05733775266807337,0.10142963386727691,0.06270659340659333,0.0014296338672769038,0.1,0.047706593406593334,0.0,0.015,0.0,0.0,0.0,0.08
1.664852,87,26152.989152,hard,0.6013729977116705,1.6013729977116706,1,870,8,4,4,4,4,0,0,0,0,0.03377574370709393,0.024230769230769385,0.0,0.6098901098901086,0.224,5,False,96,0.06676056338028169,0.9416338028169013,0.7177464788732396,2.0889084507042255,44,65.0,44.0,0.07692307692307693,0.16923076923076924,0.1956217818146278,0.10989193283269415,0.12058681318681305,0.011821510297482874,0.09807042253521127,0.07318681318681305,0.0224,0.025,0.0,0.0,0.0,0.08
0.344707,85,26197.611904,hard,0.3225457665903889,0.3225457665903889,0,842,8,4,4,4,4,0,0,0,0,0.008649885583524022,0.01817307692307702,0.0,0.5024999999999991,0.030333333333333334,4,False,99,0.0752112676056338,0.9830985915492971,0.6768450704225354,1.2861443661971832,21,65.0,47.0,0.07692307692307693,0.16923076923076924,0.15610566617587138,0.10302745995423342,0.08333333333333322,0.0030274599542334073,0.1,0.06029999999999988,0.0030333333333333336,0.02,0.0,0.0,0.0,0.08
2.90999,100,26240.813307,hard,0.7310068649885584,2.7310068649885584,2,1000,8,4,4,4,4,0,0,0,0,0.05557780320366004,0.02527472527472527,0.14699999999999366,0.6013736263736251,1.0,5,True,96,0.059154929577464786,0.9704225352112693,0.6609295774647891,4.44,20,65.0,49.0,0.046153846153846156,0.13846153846153847,0.13491422385153698,0.11181842830437962,0.247164835164835,0.019452231121281017,0.0923661971830986,0.07216483516483502,0.1,0.025,0.05,0.0,0.0,0.08
0.379024,91,26279.660501,hard,0.3521395881006866,0.3521395881006866,0,904,8,4,4,4,4,0,0,0,0,0.015692219679633985,0.037678571428571714,0.0,0.598269230769229,0.0,4,False,153,0.1352112676056338,0.9463380281690156,0.7851549295774647,0.9204929577464789,44,65.0,55.0,0.046153846153846156,0.13846153846153847,0.2220630225397998,0.1054922768878719,0.09179230769230748,0.005492276887871894,0.1,0.07179230769230747,0.0,0.02,0.0,0.0,0.0,0.08
1.608812,76,26313.052743,hard,0.4506864988558352,1.4506864988558352,1,760,8,4,4,4,4,0,0,0,0,0.006607551487414219,0.01586538461538469,0.0,0.39010989010988933,1.0,3,True,150,0.11098591549295775,0.9267605633802819,0.7024225352112676,1.7601760563380282,36,65.0,48.0,0.07692307692307693,0.16923076923076924,0.3096910973393819,0.10231264302059498,0.21181318681318673,0.002312643020594976,0.1,0.04681318681318672,0.1,0.015,0.05,0.0,0.0,0.08
0.232556,74,26345.405778,hard,0.2339931350114416,0.2339931350114416,0,735,8,4,4,4,4,0,0,0,0,0.00792906178489699,0.015576923076923144,0.007699999999999668,0.29958791208791136,0.033366666666666336,2,False,141,0.12399647887323943,0.9211267605633826,0.625971830985915,0.7247711267605634,21,65.0,52.0,0.06153846153846154,0.12307692307692308,0.16676100196548832,0.10277517162471395,0.049287216117216,0.0027751716247139467,0.1,0.03595054945054937,0.0033366666666666336,0.01,0.0,0.0,0.0,0.08
0.376631,79,26379.313055,hard,0.36727688787185353,0.36727688787185353,0,781,8,4,4,4,4,0,0,0,0,0.01705949656750572,0.01240384615384619,0.0,0.3873626373626368,0.0,3,False,192,0.1707042253521127,0.9348732394366219,0.4993802816901408,1.325580985915493,30,65.0,47.0,0.046153846153846156,0.13846153846153847,0.13491422385153698,0.105970823798627,0.0614835164835164,0.0059708237986270014,0.1,0.0464835164835164,0.0,0.015,0.0,0.0,0.0,0.08
0.381696,77,26411.873005,hard,0.3704233409610984,0.3704233409610984,0,765,8,4,4,4,4,0,0,0,0,0.015377574370709513,0.03692307692307724,0.0,0.39491758241758057,0.0,3,False,106,0.09151408450704225,0.9195211267605653,0.7241690140845074,1.1868838028169013,31,65.0,50.0,0.06153846153846154,0.15384615384615385,0.2220630225397998,0.10538215102974834,0.06239010989010967,0.00538215102974833,0.1,0.04739010989010967,0.0,0.015,0.0,0.0,0.0,0.08
0.491794,89,26458.613773,hard,0.4679633867276888,0.4679633867276888,0,887,8,4,4,4,4,0,0,0,0,0.01057208237986281,0.025384615384615648,0.0,0.6098901098901094,0.04666666666666667,5,False,80,0.06130281690140845,0.9405070422535213,0.6957746478873238,2.572341549295775,20,65.0,45.0,0.06153846153846154,0.15384615384615385,0.16676100196548832,0.08967734150900833,0.10285347985347981,0.0037002288329519833,0.08597711267605634,0.07318681318681314,0.004666666666666667,0.025,0.0,0.0,0.0,0.08
1.639923,76,26490.473458,hard,0.4978832951945076,1.4978832951945076,1,758,8,4,4,4,4,0,0,0,0,0.015617848970251277,0.0,0.0,0.26978021978021977,1.0,2,True,131,0.10746478873239437,0.9211267605633814,0.8265352112676067,1.9566901408450703,31,65.0,51.0,0.06153846153846154,0.15384615384615385,0.13491422385153698,0.10546624713958795,0.19237362637362637,0.005466247139587947,0.1,0.032373626373626375,0.1,0.01,0.05,0.0,0.0,0.08
2.857953,78,26522.929067,hard,0.6482379862700227,2.648237986270023,2,773,8,4,4,4,4,0,0,0,0,0.040080091533180345,0.03450549450549424,0.14979999999999782,0.6498901098901125,0.9999999999999959,5,True,181,0.1508274647887324,0.932394366197183,0.7274366197183098,2.862306338028169,33,65.0,47.0,0.06153846153846154,0.15384615384615385,0.2220630225397998,0.11402803203661313,0.2529868131868131,0.014028032036613122,0.1,0.0779868131868135,0.0999999999999996,0.025,0.05,0.0,0.0,0.08
0.496896,80,26556.257394,hard,0.4582379862700229,0.4582379862700229,0,795,8,4,4,4,4,0,0,0,0,0.022540045766590477,0.0,0.0,0.5855769230769231,0.0,4,False,158,0.12137323943661972,0.9639154929577471,0.7010985915492957,2.2898591549295775,34,65.0,49.0,0.07692307692307693,0.16923076923076924,0.24645788980805483,0.10788901601830667,0.09026923076923078,0.007889016018306666,0.1,0.07026923076923078,0.0,0.02,0.0,0.0,0.0,0.08
1.666987,78,26589.409249,hard,0.48624713958810073,1.4862471395881007,1,771,8,4,4,4,4,0,0,0,0,0.0338787185354691,0.034038461538461746,0.1021999999999998,0.5081868131868121,0.9999999999999961,3,True,199,0.1750176056338028,0.9613802816901427,0.8008169014084505,2.4710035211267605,34,65.0,50.0,0.09230769230769231,0.18461538461538463,0.15610566617587138,0.11185755148741419,0.22598241758241705,0.011857551487414186,0.1,0.06098241758241744,0.09999999999999962,0.015,0.05,0.0,0.0,0.08
2.778414,78,26621.91193,hard,0.6018878718535469,2.6018878718535468,2,775,8,4,4,4,4,0,0,0,0,0.020080091533180824,0.0,0.0,0.5385989010989011,1.0,4,True,96,0.059154929577464786,0.9236056338028196,0.648732394366197,1.7474647887323944,37,65.0,49.0,0.06153846153846154,0.15384615384615385,0.24645788980805483,0.09939422921971189,0.23463186813186815,0.007028032036613288,0.0923661971830986,0.06463186813186814,0.1,0.02,0.05,0.0,0.0,0.08
0.275473,77,26662.614399,hard,0.32265446224256294,0.32265446224256294,0,763,8,4,4,4,4,0,0,0,0,0.00024027459954233416,0.0,0.0,0.2802197802197802,0.0,2,False,64,0.04323943661971831,0.9647887323943682,0.6943380281690135,0.3951056338028169,14,65.0,41.0,0.09230769230769231,0.23076923076923078,0.09911748204888313,0.06451367357462856,0.043626373626373637,8.409610983981696e-05,0.06442957746478874,0.033626373626373635,0.0,0.01,0.0,0.0,0.0,0.07902112676056339
1.53865,79,26694.884678,hard,0.5234324942791759,1.523432494279176,1,788,8,4,4,4,4,0,0,0,0,0.02114416475972512,0.0011538461538461667,0.0,0.5405769230769231,0.0,4,False,82,0.05433098591549296,0.9260845070422552,0.5495211267605628,0.7394718309859155,31,65.0,47.0,0.046153846153846156,0.12307692307692308,-0.0,0.08914869710252352,0.08486923076923077,0.007400457665903791,0.08174823943661973,0.06486923076923076,0.0,0.02,0.0,0.0,0.0,0.08
1.613656,76,26726.181624,hard,0.45245423340961094,1.4524542334096109,1,753,8,4,4,4,4,0,0,0,0,0.015017162471395394,0.00836538461538464,0.0671999999999971,0.4270467032967029,1.0,2,True,106,0.11007042253521127,0.925154929577466,0.7554084507042257,2.0212323943661974,37,65.0,46.0,0.06153846153846154,0.15384615384615385,0.25206405738510845,0.1052560068649884,0.21124560439560436,0.005256006864988388,0.1,0.05124560439560437,0.1,0.01,0.05,0.0,0.0,0.08
0.263033,79,26759.106923,hard,0.28689931350114395,0.28689931350114395,0,790,8,4,4,4,4,0,0,0,0,0.011893592677345346,0.018749999999999965,0.0,0.21642857142857136,0.0,1,False,144,0.11873239436619719,0.9204507042253545,0.6690704225352109,0.44767605633802815,23,65.0,50.0,0.06153846153846154,0.15384615384615385,0.16676100196548832,0.10416275743707087,0.030971428571428566,0.00416275743707087,0.1,0.025971428571428565,0.0,0.005,0.0,0.0,0.0,0.08
0.269911,76,26790.712469,hard,0.3032151029748283,0.3032151029748283,0,754,8,4,4,4,4,0,0,0,0,0.013935926773454925,0.0005769230769230834,0.0,0.21854395604395604,0.0,1,False,38,0.02943661971830986,0.9542535211267654,0.3016619718309858,0.1754225352112676,9,65.0,45.0,0.15384615384615385,0.27692307692307694,0.8249934342745994,0.045955039159441616,0.031225274725274726,0.004877574370709224,0.04107746478873239,0.026225274725274726,0.0,0.005,0.0,0.0,0.0,0.03508450704225353
0.359296,78,26823.628084,hard,0.35901601830663615,0.35901601830663615,0,776,8,4,4,4,4,0,0,0,0,0.010789473684210545,0.004615384615384666,0.0,0.3675274725274723,0.0,2,False,167,0.13235915492957748,0.9501126760563392,0.871802816901409,1.1943485915492957,40,65.0,46.0,0.07692307692307693,0.18461538461538463,0.1956217818146278,0.1037763157894737,0.054103296703296666,0.003776315789473691,0.1,0.044103296703296664,0.0,0.01,0.0,0.0,0.0,0.08
2.709817,80,26857.35075,hard,0.5148741418764302,2.5148741418764304,2,797,8,4,4,4,4,0,0,0,0,0.04403318077803214,0.018640109890109904,0.21133333333333362,0.5769230769230762,0.9999999999999961,4,True,172,0.1523767605633803,0.9444788732394386,0.7621126760563376,1.8315140845070423,37,65.0,51.0,0.06153846153846154,0.13846153846153847,0.22338824700260326,0.11541161327231125,0.2392307692307688,0.015411613272311246,0.1,0.06923076923076915,0.09999999999999963,0.02,0.05,0.0,0.0,0.08
2.760396,88,26903.101101,hard,0.6178489702517163,2.6178489702517163,2,879,8,4,4,4,4,0,0,0,0,0.016819221967963066,0.0,0.0,0.32967032967032966,1.0,3,True,107,0.06973591549295774,0.915492957746479,0.785154929577465,2.533345070422535,45,65.0,46.0,0.06153846153846154,0.12307692307692308,0.23296603544749966,0.10588672768878708,0.20456043956043957,0.005886727688787072,0.1,0.039560439560439566,0.1,0.015,0.05,0.0,0.0,0.08
0.419425,77,26935.296449,hard,0.39517162471395884,0.39517162471395884,0,762,8,4,4,4,4,0,0,0,0,0.031235697940503713,0.04355769230769276,0.0,0.4543406593406572,0.0,3,False,144,0.09633802816901409,0.9613802816901442,0.6764225352112676,2.142218309859155,33,65.0,49.0,0.06153846153846154,0.13846153846153847,0.09911748204888313,0.1109324942791763,0.06952087912087887,0.0109324942791763,0.1,0.05452087912087887,0.0,0.015,0.0,0.0,0.0,0.08
2.70879,75,26965.936604,hard,0.540045766590389,2.540045766590389,2,747,8,4,4,4,4,0,0,0,0,0.033232265446224055,0.02527472527472527,0.13229999999999853,0.39010989010988883,0.9999999999999961,3,True,288,0.22985915492957745,0.9582816901408455,0.7694366197183099,2.199542253521127,33,65.0,49.0,0.09230769230769231,0.18461538461538463,-0.0,0.11163129290617843,0.21181318681318628,0.011631292906178418,0.1,0.046813186813186664,0.0999999999999996,0.015,0.05,0.0,0.0,0.08
0.515016,82,27000.220291,hard,0.4724084668192219,0.4724084668192219,0,815,8,4,4,4,4,0,0,0,0,0.016916475972540083,0.03859890109890128,0.0,0.6098901098901104,0.0,5,False,115,0.08227112676056338,0.931042253521127,0.7525352112676056,1.775862676056338,36,65.0,50.0,0.06153846153846154,0.15384615384615385,0.05733775266807337,0.10592076659038903,0.09818681318681324,0.0059207665903890285,0.1,0.07318681318681325,0.0,0.025,0.0,0.0,0.0,0.08
2.878077,78,27033.196558,hard,0.6708066361556062,2.670806636155606,2,776,8,4,4,4,4,0,0,0,0,0.026945080091533083,0.056909340659340765,0.0,0.670329670329673,1.0,5,True,118,0.08580985915492957,0.9510422535211275,0.8245915492957747,3.404066901408451,40,65.0,52.0,0.046153846153846156,0.13846153846153847,0.29009774768186847,0.10943077803203659,0.2554395604395608,0.009430778032036579,0.1,0.08043956043956078,0.1,0.025,0.05,0.0,0.0,0.08
0.436054,84,27068.488957,hard,0.41418764302059496,0.41418764302059496,0,836,8,4,4,4,4,0,0,0,0,0.015617848970251388,0.015288461538461607,0.0,0.4999999999999992,0.0,4,False,147,0.12441901408450705,0.915492957746479,0.7251549295774643,2.1857570422535213,40,65.0,52.0,0.046153846153846156,0.13846153846153847,0.19172340579500008,0.10546624713958799,0.0799999999999999,0.005466247139587986,0.1,0.0599999999999999,0.0,0.02,0.0,0.0,0.0,0.08
0.346961,77,27108.990684,hard,0.35275171624713964,0.35275171624713964,0,770,8,4,4,4,4,0,0,0,0,0.011172768878718424,0.017596153846153977,0.0,0.35248626373626296,0.0,1,False,131,0.08890845070422536,0.9260845070422562,0.6445633802816899,0.41047535211267605,20,65.0,50.0,0.07692307692307693,0.16923076923076924,0.16676100196548832,0.10391046910755146,0.047298351648351555,0.003910469107551448,0.1,0.04229835164835156,0.0,0.005,0.0,0.0,0.0,0.08
2.88375,89,27145.582518,hard,0.7004004576659039,2.700400457665904,2,887,8,4,4,4,4,0,0,0,0,0.05343821510297371,0.013269230769230915,0.2225999999999947,0.5278846153846146,0.9999999999999959,4,True,164,0.13434859154929576,0.9413802816901417,0.8060563380281692,2.071338028169014,19,65.0,49.0,0.06153846153846154,0.13846153846153847,0.1145020974334985,0.1187033752860408,0.23334615384615337,0.018703375286040796,0.1,0.06334615384615375,0.0999999999999996,0.02,0.05,0.0,0.0,0.08
0.544305,94,27184.695845,hard,0.47048054919908466,0.47048054919908466,0,939,8,4,4,4,4,0,0,0,0,0.007688787185354729,0.0008653846153846158,0.0,0.4497252747252747,0.7606666666666667,3,False,140,0.09007042253521126,0.9485633802816912,0.6885915492957745,0.9186091549295775,32,65.0,45.0,0.06153846153846154,0.15384615384615385,0.09911748204888313,0.10269107551487416,0.1450336996336996,0.0026910755148741553,0.1,0.05396703296703294,0.07606666666666667,0.015,0.0,0.0,0.0,0.08
0.288005,75,27216.718123,hard,0.3684210526315789,0.3684210526315789,0,745,5,1,4,1,4,0,0,0,3,0.0064874141876430655,0.015576923076923184,0.0,0.39010989010988933,0.0,3,False,134,0.10549295774647888,0.9323943661971847,0.7444788732394367,1.76443661971831,29,65.0,49.0,0.046153846153846156,0.13846153846153847,0.13491422385153698,0.012270594965675077,0.061813186813186725,0.002270594965675073,0.1,0.046813186813186726,0.0,0.015,0.0,0.0,0.09,0.08
2.776378,80,27250.43884,hard,0.593020594965675,2.593020594965675,2,793,8,4,4,4,4,0,0,0,0,0.030228832951945214,0.03969780219780231,0.0,0.5173076923076907,1.0,4,True,108,0.08674295774647887,0.9880563380281684,0.7327605633802817,2.8116549295774647,30,65.0,49.0,0.046153846153846156,0.13846153846153847,0.05733775266807337,0.11058009153318082,0.23207692307692285,0.010580091533180826,0.1,0.06207692307692287,0.1,0.02,0.05,0.0,0.0,0.08
2.702366,77,27282.195197,hard,0.564771167048055,2.564771167048055,2,764,8,4,4,4,4,0,0,0,0,0.022019450800915087,0.013351648351648314,0.09589999999999856,0.4494780219780214,0.9999999999999972,3,True,70,0.043133802816901406,0.9373521126760573,0.6460281690140844,2.114049295774648,32,65.0,49.0,0.06153846153846154,0.13846153846153847,0.09911748204888313,0.07505715989299633,0.2189373626373623,0.007706807780320279,0.06735035211267605,0.05393736263736257,0.09999999999999974,0.015,0.05,0.0,0.0,0.08
0.249348,77,27322.598261,hard,0.24756864988558341,0.24756864988558341,0,768,8,4,4,4,4,0,0,0,0,0.009250572082379793,0.015288461538461669,0.016799999999999274,0.3171840659340653,0.07279999999999927,2,False,155,0.13205985915492957,0.9310422535211267,0.7389859154929573,0.8733450704225352,32,65.0,50.0,0.046153846153846156,0.12307692307692308,0.13491422385153698,0.10323770022883293,0.05534208791208778,0.0032377002288329275,0.1,0.03806208791208785,0.007279999999999928,0.01,0.0,0.0,0.0,0.08
0.38672,77,27354.503498,hard,0.3772139588100687,0.3772139588100687,0,764,8,4,4,4,4,0,0,0,0,0.018741418764301864,0.019326923076923182,0.0,0.41122252747252663,0.0,2,False,120,0.13014084507042253,0.9211267605633833,0.6921126760563385,1.1111267605633803,42,65.0,54.0,0.046153846153846156,0.12307692307692308,0.15610566617587138,0.10655949656750566,0.059346703296703184,0.006559496567505651,0.1,0.04934670329670318,0.0,0.01,0.0,0.0,0.0,0.08
0.247556,76,27386.421627,hard,0.34293478260869564,0.34293478260869564,0,759,5,1,4,1,4,0,0,0,3,0.003003432494279209,0.007211538461538541,0.0,0.32891483516483483,0.0,2,False,189,0.1508450704225352,0.9154929577464817,0.5680845070422529,1.0639260563380282,30,65.0,50.0,0.046153846153846156,0.1076923076923077,0.26444590718846855,0.011051201372997727,0.04946978021978018,0.001051201372997723,0.1,0.039469780219780176,0.0,0.01,0.0,0.0,0.09,0.08
2.688055,76,27417.682104,hard,0.5336613272311214,2.5336613272311213,2,755,8,4,4,4,4,0,0,0,0,0.014056064073226347,0.01846153846153865,0.0370999999999984,0.37478021978021897,1.0,2,True,145,0.08934859154929578,0.9154929577464804,0.6851267605633806,3.187288732394366,28,65.0,47.0,0.046153846153846156,0.13846153846153847,0.05733775266807337,0.10491962242562923,0.20497362637362632,0.004919622425629222,0.1,0.04497362637362628,0.1,0.01,0.05,0.0,0.0,0.08
0.232626,72,27447.390475,hard,0.2440846681922197,0.2440846681922197,0,716,7,3,4,3,4,0,0,0,1,0.001922196796338694,0.004615384615384666,0.0,0.3388186813186811,0.0,2,False,108,0.09602112676056337,0.9727042253521133,0.6376056338028162,0.3059507042253521,22,65.0,48.0,0.046153846153846156,0.13846153846153847,0.48485417310394424,0.07067276887871855,0.05065824175824171,0.0006727688787185428,0.1,0.04065824175824171,0.0,0.01,0.0,0.0,0.03,0.06119014084507043
0.566229,83,27482.239599,hard,0.494279176201373,0.494279176201373,0,821,8,4,4,4,4,0,0,0,0,0.022780320366132856,0.039986263736263856,0.0,0.5048076923076904,0.455,4,False,102,0.0759507042253521,0.926760563380283,0.7672112676056342,2.393169014084507,37,65.0,51.0,0.046153846153846156,0.12307692307692308,0.17149028156048673,0.1079731121281465,0.12607692307692284,0.007973112128146498,0.1,0.060576923076922834,0.0455,0.02,0.0,0.0,0.0,0.08
2.975476,83,27517.093671,hard,0.7597826086956522,2.759782608695652,2,826,8,4,4,4,4,0,0,0,0,0.013335240274599609,0.03201923076923093,0.0,0.7802197802197856,1.0,6,True,171,0.13855633802816902,0.9487605633802835,0.7018591549295774,3.3600352112676055,30,65.0,42.0,0.06153846153846154,0.15384615384615385,0.19753023273471912,0.10466733409610987,0.27362637362637426,0.004667334096109863,0.1,0.09362637362637427,0.09999999999999999,0.030000000000000002,0.05,0.0,0.0,0.08
0.45305,78,27557.880633,hard,0.4221739130434783,0.4221739130434783,0,779,8,4,4,4,4,0,0,0,0,0.018501144164759863,0.04442307692307725,0.0,0.5191758241758221,0.0,4,False,101,0.09389084507042253,0.9549295774647909,0.7227605633802816,1.9492605633802818,33,65.0,43.0,0.07692307692307693,0.18461538461538463,0.05733775266807337,0.10647540045766596,0.08230109890109863,0.006475400457665951,0.1,0.06230109890109863,0.0,0.02,0.0,0.0,0.0,0.08
2.71097,99,27603.903812,hard,0.5463501144164756,2.5463501144164757,2,986,8,4,4,4,4,0,0,0,0,0.03447368421052577,0.04469780219780246,0.041999999999998185,0.5096153846153825,1.0,4,True,115,0.10742957746478873,0.921126760563381,0.6812394366197184,1.389612676056338,33,65.0,50.0,0.09230769230769231,0.2,0.16676100196548832,0.11206578947368402,0.23115384615384588,0.012065789473684016,0.1,0.061153846153845885,0.09999999999999999,0.02,0.05,0.0,0.0,0.08
0.451492,74,27641.707067,hard,0.4493935926773453,0.4493935926773453,0,739,8,4,4,4,4,0,0,0,0,0.021018306636155365,0.017005494505494538,0.0,0.41164835164835084,0.0,3,False,82,0.05765845070422535,0.9527887323943686,0.7705352112676053,0.9992957746478873,36,65.0,48.0,0.06153846153846154,0.15384615384615385,0.17149028156048673,0.0916002453508234,0.06439780219780211,0.007356407322654378,0.08424383802816901,0.049397802197802106,0.0,0.015,0.0,0.0,0.0,0.08
2.791106,77,27680.899326,hard,0.5882494279176201,2.5882494279176202,2,762,8,4,4,4,4,0,0,0,0,0.009645308924485141,0.023159340659340697,0.0,0.6723351648351676,1.0,5,True,100,0.07089788732394366,0.9335211267605653,0.7713239436619725,2.2958450704225353,30,65.0,47.0,0.07692307692307693,0.15384615384615385,0.13491422385153698,0.10337585812356981,0.25568021978022015,0.003375858123569799,0.1,0.08068021978022012,0.1,0.025,0.05,0.0,0.0,0.08
0.316346,77,27719.716248,hard,0.3274199084668192,0.3274199084668192,0,762,8,4,4,4,4,0,0,0,0,0.0003604118993135052,0.0008653846153846252,0.0,0.29166208791208786,0.0,2,False,157,0.13054577464788733,0.9211267605633814,0.6415492957746479,2.8782394366197184,32,65.0,50.0,0.06153846153846154,0.15384615384615385,0.05733775266807337,0.10012614416475973,0.04499945054945055,0.00012614416475972682,0.1,0.03499945054945055,0.0,0.01,0.0,0.0,0.0,0.08
0.414119,74,27757.043695,hard,0.39525171624713956,0.39525171624713956,0,735,8,4,4,4,4,0,0,0,0,0.00806636155606407,0.0,0.0,0.45453296703296703,0.0,3,False,168,0.13352112676056338,0.9670704225352121,0.5573239436619716,1.059031690140845,37,65.0,40.0,0.07692307692307693,0.2,0.15610566617587138,0.10282322654462243,0.06954395604395605,0.002823226544622425,0.1,0.05454395604395605,0.0,0.015,0.0,0.0,0.0,0.08
0.513983,74,27800.943199,hard,0.4643878718535467,0.4643878718535467,0,732,8,4,4,4,4,0,0,0,0,0.005406178489702284,0.0,0.03149999999999864,0.5604395604395604,0.13649999999999862,4,False,123,0.09142605633802817,0.9211267605633803,0.648676056338028,1.6338908450704226,39,65.0,49.0,0.046153846153846156,0.12307692307692308,0.05733775266807337,0.1018921624713958,0.1009027472527471,0.0018921624713957995,0.1,0.06725274725274724,0.013649999999999864,0.02,0.0,0.0,0.0,0.08
0.423415,78,27838.429636,hard,0.38846681922196763,0.38846681922196763,0,777,8,4,4,4,4,0,0,0,0,0.023066361556063758,0.02019230769230772,0.04759999999999795,0.259010989010989,0.4349333333333313,2,False,209,0.15660211267605634,0.9211267605633819,0.7534084507042256,1.042306338028169,44,65.0,45.0,0.07692307692307693,0.18461538461538463,0.05733775266807337,0.10807322654462231,0.08457465201465181,0.008073226544622314,0.1,0.031081318681318682,0.043493333333333134,0.01,0.0,0.0,0.0,0.08
1.615318,79,27877.95659,hard,0.4673512585812358,1.4673512585812358,1,789,8,4,4,4,4,0,0,0,0,0.031235697940502724,0.0,0.15889999999999568,0.29945054945054944,0.9999999999999974,2,True,154,0.11345070422535211,0.915492957746479,0.8565633802816902,1.872411971830986,53,65.0,56.0,0.03076923076923077,0.09230769230769231,0.25206405738510845,0.11093249427917595,0.1959340659340657,0.01093249427917595,0.1,0.03593406593406594,0.09999999999999978,0.01,0.05,0.0,0.0,0.08
1.589631,82,27918.392066,hard,0.5435125858123567,1.5435125858123566,1,811,8,4,4,4,4,0,0,0,0,0.035921052631578465,0.016730769230769313,0.03219999999999861,0.50576923076923,0.13953333333333193,4,False,102,0.08140845070422535,0.950422535211268,0.6587887323943659,2.738151408450704,34,65.0,45.0,0.046153846153846156,0.13846153846153847,0.16676100196548832,0.11257236842105246,0.09464564102564078,0.01257236842105246,0.1,0.06069230769230759,0.013953333333333194,0.02,0.0,0.0,0.0,0.08
0.389697,74,27955.810592,hard,0.41939359267734555,0.41939359267734555,0,739,6,2,4,2,4,0,0,0,2,0.007723112128146453,0.018543956043956044,0.0,0.5124999999999992,0.0,4,False,94,0.08221830985915493,0.9381690140845087,0.7112394366197178,1.0743838028169015,38,65.0,44.0,0.06153846153846154,0.16923076923076924,0.1145020974334985,0.042703089244851264,0.0814999999999999,0.0027030892448512587,0.1,0.0614999999999999,0.0,0.02,0.0,0.0,0.06,0.08
2.787019,87,27998.377271,hard,0.6002288329519451,2.600228832951945,2,870,8,4,4,4,4,0,0,0,0,0.056104118993134215,0.04730769230769272,0.2120999999999941,0.5346153846153823,0.999999999999997,4,True,106,0.08767605633802816,0.9260845070422561,0.6057464788732391,1.49931338028169,33,65.0,46.0,0.07692307692307693,0.2,0.23296603544749966,0.11963644164759699,0.2341538461538456,0.019636441647596974,0.1,0.06415384615384588,0.09999999999999971,0.02,0.05,0.0,0.0,0.08
0.333192,78,28038.297587,hard,0.3404519450800916,0.3404519450800916,0,773,8,4,4,4,4,0,0,0,0,0.006241418764302126,0.014986263736263897,0.0,0.32295329670329626,0.0,2,False,103,0.06346830985915493,0.9542535211267654,0.4153521126760562,0.9278169014084507,17,65.0,46.0,0.06153846153846154,0.15384615384615385,0.1956217818146278,0.10128572896187196,0.048754395604395546,0.002184496567505744,0.09910123239436622,0.038754395604395545,0.0,0.01,0.0,0.0,0.0,0.08
2.846963,100,28095.26219,hard,0.659954233409611,2.659954233409611,2,1000,8,4,4,4,4,0,0,0,0,0.03041762013729986,0.03594780219780221,0.09000000000000005,0.678021978021982,0.9999999999999961,5,True,202,0.16922535211267606,0.9627887323943672,0.843154929577465,1.4402112676056338,45,65.0,49.0,0.046153846153846156,0.13846153846153847,0.36096404744368116,0.11064616704805495,0.2563626373626375,0.01064616704805495,0.1,0.08136263736263785,0.09999999999999962,0.025,0.05,0.0,0.0,0.08
2.702025,82,28135.228458,hard,0.5389016018306636,2.5389016018306636,2,819,8,4,4,4,4,0,0,0,0,0.03868421052631485,0.0,0.22539999999999452,0.3873626373626374,0.9999999999999961,3,True,138,0.08503521126760563,0.9211267605633816,0.6445352112676055,1.8970598591549295,26,65.0,48.0,0.07692307692307693,0.18461538461538463,0.16676100196548832,0.1135394736842102,0.2114835164835161,0.013539473684210197,0.1,0.04648351648351648,0.09999999999999962,0.015,0.05,0.0,0.0,0.08
0.271683,74,28172.088327,hard,0.3030892448512586,0.3030892448512586,0,739,8,4,4,4,4,0,0,0,0,0.0,0.0,0.0,0.23324175824175825,0.0,2,False,84,0.056672535211267604,0.9461408450704234,0.7446197183098594,1.102007042253521,37,65.0,46.0,0.07692307692307693,0.16923076923076924,0.3083182281154888,0.08450440140845071,0.03798901098901099,0.0,0.08450440140845071,0.02798901098901099,0.0,0.01,0.0,0.0,0.0,0.08
0.382544,77,28210.456497,hard,0.3814359267734553,0.3814359267734553,0,764,8,4,4,4,4,0,0,0,0,0.003003432494279105,0.0025961538461538747,0.0,0.40135989010989,0.0,3,False,94,0.06172535211267605,0.9566760563380279,0.7021408450704223,3.1332394366197183,25,65.0,42.0,0.07692307692307693,0.18461538461538463,0.1145020974334985,0.09434521545750474,0.06316318681318678,0.0010512013729976869,0.09329401408450705,0.04816318681318678,0.0,0.015,0.0,0.0,0.0,0.08
2.699864,79,28247.767433,hard,0.538941647597254,2.538941647597254,2,783,8,4,4,4,4,0,0,0,0,0.023066361556064074,0.02942307692307709,0.05809999999999928,0.38457417582417436,0.9999999999999982,3,True,141,0.11308098591549295,0.9323943661971845,0.7649014084507049,2.3943838028169013,33,65.0,50.0,0.046153846153846156,0.12307692307692308,0.24645788980805483,0.10807322654462242,0.21114890109890072,0.008073226544622425,0.1,0.04614890109890092,0.09999999999999983,0.015,0.05,0.0,0.0,0.08
1.651855,82,28290.501206,hard,0.480720823798627,1.480720823798627,1,817,8,4,4,4,4,0,0,0,0,0.024124713958810187,0.03663461538461559,0.0,0.49491758241758094,1.0,3,True,192,0.1707042253521127,0.9566197183098627,0.7561690140845073,1.9211795774647886,34,65.0,51.0,0.046153846153846156,0.12307692307692308,0.13491422385153698,0.10844364988558357,0.2243901098901097,0.008443649885583564,0.1,0.05939010989010971,0.1,0.015,0.05,0.0,0.0,0.08
0.444633,80,28339.215098,hard,0.41418764302059496,0.41418764302059496,0,791,8,4,4,4,4,0,0,0,0,0.027271167048054934,0.022211538461538595,0.0,0.4999999999999989,0.0,4,False,140,0.12556338028169015,0.9348169014084503,0.7954929577464784,1.847887323943662,28,65.0,48.0,0.07692307692307693,0.18461538461538463,0.16676100196548832,0.10954490846681923,0.07999999999999986,0.009544908466819225,0.1,0.05999999999999986,0.0,0.02,0.0,0.0,0.0,0.08
2.762161,82,28378.736856,hard,0.585812356979405,2.585812356979405,2,815,8,4,4,4,4,0,0,0,0,0.02242562929061789,0.02527472527472527,0.01066666666666667,0.4999999999999987,0.9999999999999996,4,True,182,0.14214788732394365,0.9154929577464791,0.8258309859154926,1.986267605633803,35,65.0,39.0,0.06153846153846154,0.18461538461538463,0.1145020974334985,0.10784897025171626,0.22999999999999982,0.007848970251716261,0.1,0.059999999999999845,0.09999999999999996,0.02,0.05,0.0,0.0,0.08
1.610415,79,28417.204888,hard,0.512951945080091,1.512951945080091,1,785,8,4,4,4,4,0,0,0,0,0.027751716247139093,0.0,0.14979999999999713,0.3475274725274725,0.9454666666666601,2,False,144,0.11492957746478873,0.9631267605633818,0.7645633802816898,1.603169014084507,37,65.0,45.0,0.07692307692307693,0.18461538461538463,-0.0,0.10971310068649869,0.14624996336996274,0.009713100686498681,0.1,0.041703296703296686,0.09454666666666604,0.01,0.0,0.0,0.0,0.08
2.73406,80,28455.519766,hard,0.532608695652174,2.532608695652174,2,791,8,4,4,4,4,0,0,0,0,0.032030892448512815,0.054697802197802514,0.05390000000000033,0.619505494505494,0.9999999999999972,5,True,144,0.11492957746478873,0.931718309859156,0.7783943661971833,2.361848591549296,27,65.0,50.0,0.06153846153846154,0.15384615384615385,0.13491422385153698,0.1112108123569795,0.24934065934065902,0.011210812356979485,0.1,0.07434065934065928,0.09999999999999973,0.025,0.05,0.0,0.0,0.08
0.237025,76,28491.375452,hard,0.2689359267734554,0.2689359267734554,0,759,8,4,4,4,4,0,0,0,0,0.002402745995423338,0.0,0.0,0.15123626373626373,0.0,1,False,137,0.12369718309859155,0.9267605633802813,0.6833239436619716,1.0667957746478873,39,65.0,48.0,0.06153846153846154,0.15384615384615385,0.1956217818146278,0.10084096109839817,0.023148351648351648,0.0008409610983981682,0.1,0.018148351648351647,0.0,0.005,0.0,0.0,0.0,0.08
1.659704,81,28531.96958,hard,0.4804004576659039,1.4804004576659038,1,807,8,4,4,4,4,0,0,0,0,0.04487414187643031,0.026428571428571437,0.19733333333333364,0.49414835164835036,0.9999999999999961,3,True,168,0.12971830985915492,0.9364225352112693,0.7187887323943661,1.7874295774647888,36,65.0,45.0,0.07692307692307693,0.2153846153846154,0.3083182281154888,0.11570594965675061,0.22429780219780165,0.01570594965675061,0.1,0.05929780219780205,0.09999999999999962,0.015,0.05,0.0,0.0,0.08
0.212253,73,28569.154504,hard,0.293804347826087,0.293804347826087,0,730,6,2,4,2,4,0,0,0,2,0.0032437070938215458,0.007788461538461623,0.0,0.21094780219780185,0.0,1,False,237,0.19734154929577466,0.9211267605633818,0.8696338028169027,1.3407394366197183,46,65.0,43.0,0.07692307692307693,0.18461538461538463,0.05733775266807337,0.04113529748283755,0.03031373626373622,0.0011352974828375412,0.1,0.02531373626373622,0.0,0.005,0.0,0.0,0.06,0.08
0.368282,78,28617.055754,hard,0.36522311212814645,0.36522311212814645,0,775,8,4,4,4,4,0,0,0,0,0.013335240274599642,0.003173076923076958,0.0,0.3824313186813185,0.0,2,False,156,0.12341549295774648,0.9541408450704235,0.8247323943661973,1.4748415492957747,31,65.0,51.0,0.06153846153846154,0.15384615384615385,0.3189954002702487,0.10466733409610988,0.05589175824175823,0.004667334096109874,0.1,0.04589175824175823,0.0,0.01,0.0,0.0,0.0,0.08
0.34841,77,28654.673418,hard,0.34324942791762014,0.34324942791762014,0,768,8,4,4,4,4,0,0,0,0,0.02114416475972515,0.003173076923076958,0.0,0.32967032967032966,0.0,3,False,118,0.10545774647887324,0.9526478873239443,0.6239436619718308,1.3723239436619719,32,65.0,57.0,0.046153846153846156,0.1076923076923077,0.7456036250053828,0.10740045766590381,0.05456043956043956,0.0074004576659038035,0.1,0.03956043956043956,0.0,0.015,0.0,0.0,0.0,0.08
2.778091,80,28693.181926,hard,0.6296281464530893,2.629628146453089,2,800,8,4,4,4,4,0,0,0,0,0.015737986270022982,0.017019230769230814,0.0,0.35795329670329595,1.0,2,True,164,0.1441725352112676,0.9267605633802826,0.8171549295774647,2.900369718309859,43,65.0,52.0,0.07692307692307693,0.16923076923076924,0.36515924447037396,0.10550829519450805,0.20295439560439554,0.005508295194508042,0.1,0.04295439560439552,0.1,0.01,0.05,0.0,0.0,0.08
0.509151,78,28732.899869,hard,0.4637871853546909,0.4637871853546909,0,775,8,4,4,4,4,0,0,0,0,0.006967963386727478,0.005192307692307686,0.027999999999998793,0.5690934065934066,0.12133333333333213,4,False,118,0.10626760563380282,0.9195211267605646,0.775915492957747,2.400193661971831,35,65.0,54.0,0.06153846153846154,0.15384615384615385,0.2220630225397998,0.10243878718535462,0.10042454212454202,0.0024387871853546175,0.1,0.0682912087912088,0.012133333333333213,0.02,0.0,0.0,0.0,0.08
0.446174,83,28774.783973,hard,0.41418764302059496,0.41418764302059496,0,821,8,4,4,4,4,0,0,0,0,0.040245995423340696,0.0,0.0,0.5,0.0,4,False,136,0.11,0.9454084507042272,0.55656338028169,1.9753169014084506,27,65.0,55.0,0.046153846153846156,0.1076923076923077,0.1956217818146278,0.11408609839816924,0.07999999999999999,0.014086098398169242,0.1,0.05999999999999999,0.0,0.02,0.0,0.0,0.0,0.08
0.487335,76,28812.61211,hard,0.44655034324942744,0.44655034324942744,0,753,8,4,4,4,4,0,0,0,0,0.011653318077802701,0.0,0.06789999999999707,0.3901098901098901,0.4552333333333304,3,False,88,0.054225352112676053,0.934197183098592,0.587718309859155,1.7687323943661972,36,65.0,44.0,0.07692307692307693,0.16923076923076924,0.3430042135170806,0.08874767541173799,0.10733652014651986,0.0040786613272309445,0.08466901408450704,0.046813186813186816,0.04552333333333304,0.015,0.0,0.0,0.0,0.08
0.379205,75,28857.175274,hard,0.36923913043478257,0.36923913043478257,0,749,8,4,4,4,4,0,0,0,0,0.008049199084668198,0.019326923076923092,0.0,0.392074175824175,0.0,3,False,181,0.16174295774647887,0.9740845070422559,0.6241690140845071,0.8037147887323943,21,65.0,51.0,0.07692307692307693,0.13846153846153847,0.3207000779188489,0.10281721967963388,0.062048901098900995,0.002817219679633869,0.1,0.047048901098900996,0.0,0.015,0.0,0.0,0.0,0.08
2.715434,82,28897.743724,hard,0.5240846681922197,2.5240846681922195,2,813,8,4,4,4,4,0,0,0,0,0.030755148741418478,0.04442307692307716,0.0,0.5990384615384595,1.0,4,True,173,0.14862676056338028,0.9366197183098591,0.7190985915492961,2.474823943661972,31,65.0,56.0,0.03076923076923077,0.09230769230769231,0.2690705926112252,0.11076430205949647,0.24188461538461514,0.010764302059496468,0.1,0.07188461538461513,0.1,0.02,0.05,0.0,0.0,0.08
0.377586,73,28934.051936,hard,0.37042906178489704,0.37042906178489704,0,728,8,4,4,4,4,0,0,0,0,0.007328375286041251,0.017596153846153994,0.0,0.3949313186813179,0.0,2,False,202,0.15992957746478872,0.9307887323943679,0.7165633802816902,1.652869718309859,27,65.0,52.0,0.06153846153846154,0.13846153846153847,0.05733775266807337,0.10256493135011445,0.05739175824175815,0.0025649313501144378,0.1,0.04739175824175815,0.0,0.01,0.0,0.0,0.0,0.08
0.268974,76,28971.496915,hard,0.264570938215103,0.264570938215103,0,759,8,4,4,4,4,0,0,0,0,0.010692219679633906,0.025673076923077014,0.0,0.3880082417582406,0.0,2,False,140,0.12338028169014084,0.9598309859154948,0.6656338028169009,0.4940492957746479,29,65.0,48.0,0.07692307692307693,0.16923076923076924,0.05733775266807337,0.10374227688787187,0.056560989010988875,0.003742276887871867,0.1,0.046560989010988874,0.0,0.01,0.0,0.0,0.0,0.08
0.331845,77,29010.48268,hard,0.3376086956521738,0.3376086956521738,0,767,8,4,4,4,4,0,0,0,0,0.015497711670480132,0.015576923076922888,0.0,0.29593406593406524,0.0,2,False,120,0.08704225352112677,0.9736338028169009,0.6135774647887322,1.023450704225352,34,65.0,44.0,0.046153846153846156,0.13846153846153847,0.2995086355945145,0.10542419908466805,0.045512087912087835,0.005424199084668045,0.1,0.035512087912087834,0.0,0.01,0.0,0.0,0.0,0.08
2.844609,77,29048.497664,hard,0.6393077803203662,2.639307780320366,2,765,8,4,4,4,4,0,0,0,0,0.03593249427917635,0.02527472527472527,0.03500000000000014,0.6185439560439574,0.9999999999999983,5,True,177,0.12338028169014084,0.9251549295774649,0.7041971830985915,2.8621830985915495,32,65.0,55.0,0.046153846153846156,0.12307692307692308,0.4550414001713778,0.11257637299771173,0.24922527472527473,0.012576372997711725,0.1,0.07422527472527489,0.09999999999999985,0.025,0.05,0.0,0.0,0.08
2.870008,79,29086.240279,hard,0.6556064073226545,2.6556064073226544,2,781,8,4,4,4,4,0,0,0,0,0.04969107551487423,0.04950549450549477,0.05390000000000033,0.6675824175824201,0.9999999999999972,5,True,111,0.1043838028169014,0.9357464788732406,0.6896056338028171,2.471443661971831,39,65.0,51.0,0.046153846153846156,0.13846153846153847,0.1956217818146278,0.11739187643020599,0.25510989010989016,0.01739187643020598,0.1,0.08010989010989039,0.09999999999999974,0.025,0.05,0.0,0.0,0.08
2.708844,76,29130.910384,hard,0.5433123569794052,2.5433123569794054,2,753,8,4,4,4,4,0,0,0,0,0.037362700228832764,0.03750000000000031,0.0,0.3979532967032958,1.0,2,True,163,0.13318661971830986,0.943661971830988,0.6178591549295773,5.602165492957747,23,65.0,52.0,0.046153846153846156,0.1076923076923077,0.19172340579500008,0.11307694508009147,0.20775439560439551,0.013076945080091466,0.1,0.047754395604395504,0.1,0.01,0.05,0.0,0.0,0.08
1.60486,88,29175.218031,hard,0.562929061784897,1.562929061784897,1,872,8,4,4,4,4,0,0,0,0,0.03127002288329495,0.02056318681318683,0.0,0.609890109890109,0.0,5,False,144,0.11492957746478873,0.9598309859154931,0.689464788732394,1.4124471830985916,29,65.0,46.0,0.06153846153846154,0.15384615384615385,0.1145020974334985,0.11094450800915323,0.09818681318681308,0.010944508009153232,0.1,0.07318681318681308,0.0,0.025,0.0,0.0,0.0,0.08
0.298486,80,29213.661738,hard,0.2943421052631576,0.2943421052631576,0,797,8,4,4,4,4,0,0,0,0,0.007328375286040874,0.0,0.04269999999999816,0.3438186813186813,0.2806999999999982,2,False,72,0.06126760563380282,0.9461408450704234,0.6730704225352115,1.8721478873239437,22,65.0,43.0,0.12307692307692308,0.2153846153846154,0.4411138364770706,0.08451563557546642,0.07932824175824157,0.002564931350114306,0.08195070422535211,0.04125824175824176,0.028069999999999814,0.01,0.0,0.0,0.0,0.08
2.662732,78,29251.329534,hard,0.5147025171624714,2.5147025171624713,2,772,8,4,4,4,4,0,0,0,0,0.01633867276887872,0.0,0.0952,0.32925824175824175,0.9999999999999961,2,True,110,0.08088028169014085,0.9517746478873241,0.7275211267605632,1.877130281690141,33,65.0,55.0,0.03076923076923077,0.09230769230769231,0.09911748204888313,0.10571853546910756,0.19951098901098863,0.005718535469107553,0.1,0.03951098901098902,0.09999999999999962,0.01,0.05,0.0,0.0,0.08
2.838533,83,29291.826761,hard,0.6748283752860412,2.674828375286041,2,824,8,4,4,4,4,0,0,0,0,0.0003604118993135013,0.0008653846153846158,0.0,0.4664835164835165,1.0,4,True,140,0.08626760563380281,0.9549295774647887,0.6618591549295771,2.600105633802817,36,65.0,54.0,0.046153846153846156,0.1076923076923077,0.13491422385153698,0.10012614416475973,0.22597802197802197,0.00012614416475972547,0.1,0.05597802197802198,0.1,0.02,0.05,0.0,0.0,0.08
0.304798,75,29328.694216,hard,0.34668192219679633,0.34668192219679633,0,748,7,3,4,3,4,0,0,0,1,0.0,0.0,0.0,0.33791208791208793,0.0,2,False,96,0.059154929577464786,0.9307887323943688,0.7021408450704227,1.5213204225352113,38,65.0,50.0,0.09230769230769231,0.2,0.19172340579500008,0.062366197183098604,0.05054945054945055,0.0,0.0923661971830986,0.04054945054945055,0.0,0.01,0.0,0.0,0.03,0.08
0.360384,76,29376.917914,hard,0.37917620137299773,0.37917620137299773,0,756,7,3,4,3,4,0,0,0,1,0.01970251716247106,0.0028846153846153774,0.0,0.4159340659340658,0.0,2,False,116,0.10859154929577465,0.9179718309859166,0.6248169014084505,0.7543661971830986,37,65.0,51.0,0.06153846153846154,0.15384615384615385,0.3249387093201824,0.07689588100686488,0.05991208791208788,0.00689588100686487,0.1,0.04991208791208788,0.0,0.01,0.0,0.0,0.03,0.08
2.8164,78,29413.414264,hard,0.6234610983981693,2.6234610983981694,2,777,8,4,4,4,4,0,0,0,0,0.0432494279176192,0.008942307692307694,0.23029999999999431,0.587513736263737,0.9999999999999961,3,True,125,0.09774647887323944,0.9267605633802819,0.682507042253521,2.683714788732394,31,65.0,54.0,0.046153846153846156,0.13846153846153847,0.16676100196548832,0.11513729977116673,0.23550164835164805,0.015137299771166719,0.1,0.07050164835164842,0.09999999999999962,0.015,0.05,0.0,0.0,0.08
0.322058,73,29450.849336,hard,0.33184782608695657,0.33184782608695657,0,722,8,4,4,4,4,0,0,0,0,0.0032437070938215458,0.007788461538461623,0.0,0.3022939560439557,0.0,1,False,129,0.10403169014084507,0.9497464788732414,0.6333239436619715,1.4439964788732393,25,65.0,44.0,0.07692307692307693,0.18461538461538463,0.09911748204888313,0.10113529748283755,0.04127527472527469,0.0011352974828375412,0.1,0.03627527472527469,0.0,0.005,0.0,0.0,0.0,0.08
2.744775,80,29490.320734,hard,0.5433066361556064,2.5433066361556063,2,792,8,4,4,4,4,0,0,0,0,0.03784324942791715,0.02625000000000018,0.15679999999999683,0.6451923076923064,0.9999999999999966,4,True,129,0.11059859154929577,0.9729014084507059,0.6990985915492963,2.2237676056338027,32,65.0,51.0,0.06153846153846154,0.15384615384615385,0.09911748204888313,0.11324513729977101,0.2474230769230764,0.013245137299771002,0.1,0.07742307692307678,0.09999999999999966,0.02,0.05,0.0,0.0,0.08
1.69767,78,29527.853065,hard,0.6126315789473676,1.6126315789473677,1,774,8,4,4,4,4,0,0,0,0,0.019462242562928295,0.0,0.10359999999999553,0.5,0.5562666666666621,4,False,240,0.20028169014084507,0.9211267605633799,0.7867605633802816,5.228908450704226,40,65.0,52.0,0.046153846153846156,0.13846153846153847,0.22338824700260326,0.1068117848970249,0.13562666666666623,0.0068117848970249036,0.1,0.06,0.05562666666666623,0.02,0.0,0.0,0.0,0.08
0.244766,72,29563.022282,hard,0.2943249427917621,0.2943249427917621,0,712,7,3,4,3,4,0,0,0,1,0.0033638443935927144,0.008076923076923165,0.0,0.21219780219780185,0.0,1,False,125,0.11394366197183099,0.9398309859154955,0.6129295774647884,1.432024647887324,19,65.0,53.0,0.07692307692307693,0.15384615384615385,0.19172340579500008,0.07117734553775745,0.030463736263736226,0.00117734553775745,0.1,0.025463736263736225,0.0,0.005,0.0,0.0,0.03,0.08
1.588123,84,29603.513273,hard,0.5171395881006865,1.5171395881006866,1,840,8,4,4,4,4,0,0,0,0,0.027946224256293117,0.04662087912087941,0.0,0.630851648351646,0.245,5,False,107,0.08299295774647887,0.9211267605633825,0.608901408450704,0.8631690140845071,28,65.0,51.0,0.06153846153846154,0.16923076923076924,0.24645788980805483,0.10978117848970259,0.1252021978021975,0.00978117848970259,0.1,0.0757021978021975,0.0245,0.025,0.0,0.0,0.0,0.08
1.644186,82,29655.643398,hard,0.47431350114416465,1.4743135011441646,1,813,8,4,4,4,4,0,0,0,0,0.03652173913043394,0.0,0.1987999999999957,0.4449175824175824,0.9999999999999959,3,True,144,0.11001760563380282,0.9350704225352121,0.7383380281690143,1.8169542253521127,38,65.0,48.0,0.06153846153846154,0.15384615384615385,-0.0,0.11278260869565189,0.21839010989010949,0.01278260869565188,0.1,0.05339010989010989,0.0999999999999996,0.015,0.05,0.0,0.0,0.08
0.315923,78,29693.7724,hard,0.32235125858123564,0.32235125858123564,0,772,8,4,4,4,4,0,0,0,0,0.008163615560640642,0.0,0.011899999999999487,0.2438186813186813,0.08656666666666615,2,False,144,0.11492957746478873,0.9364225352112693,0.6477464788732396,0.8142781690140845,26,65.0,52.0,0.046153846153846156,0.13846153846153847,0.385851213208011,0.10285726544622423,0.04791490842490837,0.002857265446224224,0.1,0.029258241758241755,0.008656666666666616,0.01,0.0,0.0,0.0,0.08
0.179291,73,29729.966394,hard,0.2610297482837529,0.2610297482837529,0,726,6,2,4,2,4,0,0,0,2,0.0045652173913043985,0.0,0.0,0.2021978021978022,0.0,1,False,120,0.09084507042253522,0.9254084507042257,0.6465915492957744,0.9428169014084508,30,65.0,46.0,0.06153846153846154,0.15384615384615385,0.09911748204888313,0.041597826086956544,0.029263736263736267,0.0015978260869565393,0.1,0.024263736263736266,0.0,0.005,0.0,0.0,0.06,0.08
2.943611,87,29772.036688,hard,0.7254004576659039,2.725400457665904,2,862,8,4,4,4,4,0,0,0,0,0.05153318077803191,0.041236263736263955,0.0,0.7197802197802178,1.0,6,True,162,0.11672535211267605,0.9948169014084499,0.6220281690140844,7.2088204225352115,22,65.0,49.0,0.06153846153846154,0.15384615384615385,0.1956217818146278,0.11803661327231117,0.26637362637362616,0.018036613272311163,0.1,0.08637362637362613,0.1,0.030000000000000002,0.05,0.0,0.0,0.08
0.45617,90,29816.658317,hard,0.428604118993135,0.428604118993135,0,896,8,4,4,4,4,0,0,0,0,0.025045766590389068,0.010961538461538483,0.0,0.4999999999999995,0.084,4,False,151,0.12360915492957747,0.9476901408450727,0.559859154929577,0.5090845070422535,26,65.0,47.0,0.046153846153846156,0.13846153846153847,0.2783171932701801,0.10876601830663618,0.08839999999999995,0.008766018306636173,0.1,0.05999999999999994,0.008400000000000001,0.02,0.0,0.0,0.0,0.08
0.320128,75,29852.570614,hard,0.32265446224256294,0.32265446224256294,0,741,8,4,4,4,4,0,0,0,0,0.022705949656750327,0.0,0.0,0.2802197802197802,0.0,2,False,173,0.13359154929577466,0.9573521126760585,0.7131267605633801,0.9980633802816902,25,65.0,43.0,0.09230769230769231,0.18461538461538463,0.05733775266807337,0.10794708237986261,0.043626373626373637,0.007947082379862613,0.1,0.033626373626373635,0.0,0.01,0.0,0.0,0.0,0.08
0.35276,77,29898.388158,hard,0.3694622425629291,0.3694622425629291,0,763,7,3,4,3,4,0,0,0,1,0.021384439359267527,0.003749999999999974,0.0,0.39260989010988995,0.0,3,False,144,0.11492957746478873,0.9211267605633814,0.8132676056338035,1.2813732394366197,44,65.0,52.0,0.06153846153846154,0.13846153846153847,0.05733775266807337,0.07748455377574365,0.062113186813186776,0.007484553775743634,0.1,0.047113186813186776,0.0,0.015,0.0,0.0,0.03,0.08
0.256257,76,29934.266134,hard,0.29346681922196804,0.29346681922196804,0,759,8,4,4,4,4,0,0,0,0,0.005766590389016082,0.0,0.0,0.2733516483516483,0.0,1,False,67,0.06049295774647887,0.9269577464788752,0.631577464788732,0.557975352112676,20,65.0,54.0,0.046153846153846156,0.13846153846153847,0.24645788980805483,0.08088802494601478,0.03780219780219779,0.0020183066361556287,0.07886971830985916,0.03280219780219779,0.0,0.005,0.0,0.0,0.0,0.08
2.653203,84,29975.817396,hard,0.5111556064073226,2.5111556064073226,2,838,8,4,4,4,4,0,0,0,0,0.02102402745995406,0.0,0.122499999999999,0.32074175824175827,0.9999999999999959,2,True,144,0.09253521126760564,0.9323943661971836,0.6367042253521122,1.2816901408450705,31,65.0,50.0,0.06153846153846154,0.15384615384615385,-0.0,0.10735840961098393,0.19848901098901062,0.00735840961098392,0.1,0.03848901098901098,0.0999999999999996,0.01,0.05,0.0,0.0,0.08
2.708315,78,30014.939913,hard,0.5421281464530893,2.542128146453089,2,780,8,4,4,4,4,0,0,0,0,0.03363844393592608,0.0011538461538461667,0.1931999999999959,0.39510989010989006,0.9999999999999961,3,True,152,0.12804577464788733,0.9454647887323937,0.693295774647887,1.3339788732394366,33,65.0,50.0,0.046153846153846156,0.13846153846153847,0.16676100196548832,0.11177345537757413,0.21241318681318644,0.011773455377574127,0.1,0.047413186813186806,0.09999999999999962,0.015,0.05,0.0,0.0,0.08
0.487798,83,30055.886494,hard,0.4122425629290618,0.4122425629290618,0,824,8,4,4,4,4,0,0,0,0,0.021624713958810247,0.04298076923076967,0.0,0.6098901098901076,0.322,5,False,154,0.1471830985915493,0.9359999999999999,0.6948732394366195,1.3755633802816902,34,65.0,49.0,0.06153846153846154,0.13846153846153847,0.09911748204888313,0.1075686498855836,0.13038681318681292,0.007568649885583587,0.1,0.07318681318681292,0.032200000000000006,0.025,0.0,0.0,0.0,0.08
0.378789,76,30092.166366,hard,0.37211098398169284,0.37211098398169284,0,758,8,4,4,4,4,0,0,0,0,0.011413043478260377,0.0,0.06649999999999713,0.2802197802197802,0.2881666666666638,2,False,89,0.05538732394366197,0.9154929577464795,0.8501408450704226,1.202323943661972,48,65.0,48.0,0.07692307692307693,0.18461538461538463,0.09911748204888313,0.09003505817513761,0.07244304029304001,0.003994565217391132,0.08604049295774648,0.033626373626373635,0.02881666666666638,0.01,0.0,0.0,0.0,0.08
1.578183,77,30132.128577,hard,0.5367734553775744,1.5367734553775745,1,764,8,4,4,4,4,0,0,0,0,0.010572082379862673,0.02105769230769243,0.010499999999999546,0.39660714285714194,0.3651666666666662,2,False,156,0.1288732394366197,0.9292394366197196,0.7521971830985921,1.1817077464788732,30,65.0,51.0,0.07692307692307693,0.16923076923076924,0.15610566617587138,0.10370022883295194,0.09410952380952366,0.003700228832951935,0.1,0.047592857142857034,0.03651666666666662,0.01,0.0,0.0,0.0,0.08
0.270904,74,30178.281341,hard,0.3104176201372997,0.3104176201372997,0,732,8,4,4,4,4,0,0,0,0,0.0013215102974827805,0.003173076923076786,0.0,0.25083791208791195,0.0,2,False,76,0.04683098591549296,0.9323943661971847,0.6663098591549292,0.6848591549295775,22,65.0,48.0,0.046153846153846156,0.13846153846153847,0.15610566617587138,0.07358576804073869,0.04010054945054944,0.00046252860411897314,0.07312323943661972,0.030100549450549435,0.0,0.01,0.0,0.0,0.0,0.08
0.247997,92,30223.002668,hard,0.2695137299771164,0.2695137299771164,0,911,8,4,4,4,4,0,0,0,0,0.018621281464530622,0.0,0.0,0.27554945054945057,0.0,2,False,179,0.14871478873239435,0.9542535211267625,0.6249295774647884,0.7957042253521127,26,65.0,48.0,0.06153846153846154,0.15384615384615385,0.15610566617587138,0.10651744851258572,0.043065934065934064,0.006517448512585718,0.1,0.03306593406593406,0.0,0.01,0.0,0.0,0.0,0.08
0.386258,82,30263.944083,hard,0.3767677345537757,0.3767677345537757,0,818,8,4,4,4,4,0,0,0,0,0.030755148741419058,0.020480769230769354,0.0,0.37938186813186714,0.0,3,False,187,0.11522887323943662,0.9486197183098627,0.558450704225352,1.5331338028169015,26,65.0,52.0,0.046153846153846156,0.12307692307692308,0.09911748204888313,0.11076430205949668,0.06052582417582404,0.010764302059496671,0.1,0.04552582417582404,0.0,0.015,0.0,0.0,0.0,0.08
0.38366,81,30302.605365,hard,0.3939931350114417,0.3939931350114417,0,803,8,4,4,4,4,0,0,0,0,0.022345537757437094,0.011538461538461565,0.0,0.3901098901098896,0.18433333333333332,3,False,61,0.04186619718309859,0.9341971830985926,0.723042253521126,1.0873591549295774,36,65.0,55.0,0.046153846153846156,0.13846153846153847,0.16676100196548832,0.06972058610242693,0.08024652014652009,0.007820938215102984,0.06189964788732394,0.046813186813186754,0.018433333333333336,0.015,0.0,0.0,0.0,0.08
2.76048,84,30343.397255,hard,0.585812356979405,2.585812356979405,2,837,8,4,4,4,4,0,0,0,0,0.023907322654462295,0.01586538461538469,0.0,0.4999999999999992,1.0,4,True,112,0.09774647887323944,0.9260281690140839,0.8190422535211263,4.249207746478874,39,65.0,54.0,0.07692307692307693,0.13846153846153847,0.29009774768186847,0.10836756292906181,0.22999999999999993,0.008367562929061803,0.1,0.05999999999999991,0.1,0.02,0.05,0.0,0.0,0.08
1.706104,77,30380.190411,hard,0.571453089244851,1.571453089244851,1,763,8,4,4,4,4,0,0,0,0,0.06439359267734521,0.01846153846153862,0.12319999999999835,0.4854945054945047,0.951533333333328,3,False,118,0.0929049295774648,0.9364225352112675,0.770732394366197,2.8966725352112674,25,65.0,53.0,0.046153846153846156,0.1076923076923077,0.2690705926112252,0.12253775743707082,0.16841267399267335,0.02253775743707082,0.1,0.058259340659340554,0.09515333333333281,0.015,0.0,0.0,0.0,0.08
2.839568,81,30425.339561,hard,0.6662471395881007,2.6662471395881004,2,807,8,4,4,4,4,0,0,0,0,0.0443306636155597,0.008653846153846248,0.23029999999999431,0.4458791208791205,0.9999999999999961,3,True,116,0.09929577464788733,0.938028169014086,0.8392112676056344,4.330968309859155,34,65.0,55.0,0.046153846153846156,0.12307692307692308,0.2783171932701801,0.1155157322654459,0.21850549450549406,0.015515732265445892,0.1,0.05350549450549446,0.09999999999999962,0.015,0.05,0.0,0.0,0.08
1.700531,87,30470.086451,hard,0.5847368421052631,1.5847368421052632,1,864,8,4,4,4,4,0,0,0,0,0.03228832951945086,0.04315934065934085,0.008399999999999637,0.60989010989011,0.7270666666666663,5,False,192,0.1707042253521127,0.9229295774647888,0.6824225352112677,1.6739964788732395,34,65.0,48.0,0.07692307692307693,0.18461538461538463,0.24645788980805483,0.1113009153318078,0.17089347985347988,0.011300915331807802,0.1,0.07318681318681323,0.07270666666666666,0.025,0.0,0.0,0.0,0.08
2.753639,94,30516.903412,hard,0.5915617848970253,2.591561784897025,2,938,8,4,4,4,4,0,0,0,0,0.026344393592677023,0.02864010989011011,0.03359999999999855,0.5138049450549438,1.0,3,True,96,0.07056338028169014,0.9423098591549314,0.6706478873239431,1.1465845070422536,29,65.0,49.0,0.06153846153846154,0.15384615384615385,-0.0,0.10922053775743697,0.22665659340659322,0.00922053775743696,0.1,0.061656593406593255,0.09999999999999999,0.015,0.05,0.0,0.0,0.08
0.238766,76,30555.479499,hard,0.24518878718535467,0.24518878718535467,0,758,8,4,4,4,4,0,0,0,0,0.0010812356979405153,0.0025961538461538747,0.0,0.3280082417582417,0.0,2,False,91,0.0721830985915493,0.9691267605633807,0.5666478873239432,0.5267077464788732,33,65.0,45.0,0.07692307692307693,0.2153846153846154,0.374863516979206,0.10001575643794117,0.04936098901098901,0.00037843249427918035,0.09963732394366198,0.03936098901098901,0.0,0.01,0.0,0.0,0.0,0.08
1.627499,100,30604.629055,hard,0.5929633867276888,1.5929633867276887,1,1000,8,4,4,4,4,0,0,0,0,0.021985125858123174,0.026250000000000086,0.0,0.6820054945054975,0.0,5,False,106,0.07841549295774648,0.9105915492957773,0.6227323943661969,0.9983978873239436,29,65.0,54.0,0.07692307692307693,0.16923076923076924,0.3189954002702487,0.10769479405034312,0.10684065934065967,0.00769479405034311,0.1,0.08184065934065968,0.0,0.025,0.0,0.0,0.0,0.08
2.837022,82,30644.555211,hard,0.6331807780320367,2.6331807780320364,2,815,8,4,4,4,4,0,0,0,0,0.047694508009152724,0.006057692307692374,0.13999999999999824,0.6137362637362634,0.9999999999999959,5,True,146,0.11616197183098592,0.9460845070422531,0.826197183098591,2.9597535211267605,38,65.0,52.0,0.03076923076923077,0.09230769230769231,0.24835065083211508,0.11669307780320345,0.2486483516483512,0.016693077803203452,0.1,0.07364835164835162,0.09999999999999959,0.025,0.05,0.0,0.0,0.08
2.819364,76,30688.782987,hard,0.6227345537757437,2.622734553775744,2,760,8,4,4,4,4,0,0,0,0,0.04348970251716164,0.013846153846153997,0.2197999999999948,0.5617307692307685,0.9999999999999959,4,True,150,0.135,0.9428732394366204,0.7352112676056338,5.969242957746479,29,65.0,54.0,0.046153846153846156,0.1076923076923077,0.25206405738510845,0.11522139588100658,0.23740769230769182,0.015221395881006572,0.1,0.06740769230769222,0.09999999999999959,0.02,0.05,0.0,0.0,0.08
0.447016,83,30728.887374,hard,0.4301487414187643,0.4301487414187643,0,829,8,4,4,4,4,0,0,0,0,0.014656750572082197,0.0,0.0,0.496978021978022,0.0,3,False,154,0.13036971830985916,0.9613802816901411,0.5731549295774643,1.1510211267605635,29,65.0,48.0,0.06153846153846154,0.18461538461538463,0.44942554018101405,0.10512986270022877,0.07463736263736265,0.005129862700228768,0.1,0.05963736263736265,0.0,0.015,0.0,0.0,0.0,0.08
2.705593,76,30765.582111,hard,0.5395881006864989,2.539588100686499,2,757,8,4,4,4,4,0,0,0,0,0.023186498855835257,0.02048076923076923,0.0,0.40491758241758147,1.0,3,True,177,0.1276232394366197,0.9307887323943671,0.8470704225352119,3.01443661971831,45,65.0,54.0,0.046153846153846156,0.1076923076923077,0.13491422385153698,0.10811527459954234,0.2135901098901098,0.008115274599542338,0.1,0.048590109890109784,0.1,0.015,0.05,0.0,0.0,0.08
2.760655,79,30803.823303,hard,0.5748855835240274,2.5748855835240274,2,788,8,4,4,4,4,0,0,0,0,0.06490846681922097,0.021428571428571425,0.1826999999999949,0.4737637362637352,0.9999999999999974,3,True,192,0.1707042253521127,0.9454084507042247,0.8491830985915491,2.8479753521126763,42,65.0,52.0,0.06153846153846154,0.15384615384615385,0.2783171932701801,0.12271796338672733,0.221851648351648,0.02271796338672733,0.1,0.05685164835164824,0.09999999999999974,0.015,0.05,0.0,0.0,0.08
0.383258,81,30843.424261,hard,0.35614416475972527,0.35614416475972527,0,802,8,4,4,4,4,0,0,0,0,0.016939359267734565,0.036634615384615585,0.0,0.5115384615384598,0.0,4,False,164,0.11741197183098591,0.9404507042253532,0.6713239436619713,1.1968661971830985,32,65.0,51.0,0.046153846153846156,0.13846153846153847,0.40008840380660676,0.1059287757437071,0.08138461538461518,0.0059287757437070975,0.1,0.061384615384615177,0.0,0.02,0.0,0.0,0.0,0.08
0.238254,80,30881.517727,hard,0.27814645308924485,0.27814645308924485,0,798,8,4,4,4,4,0,0,0,0,0.000961098398169347,0.002307692307692333,0.0,0.12142857142857143,0.0,1,False,106,0.06911971830985915,0.9366760563380293,0.5374366197183096,0.772112676056338,17,65.0,44.0,0.1076923076923077,0.24615384615384617,0.7456728928679528,0.10033638443935927,0.019571428571428573,0.0003363844393592714,0.1,0.014571428571428574,0.0,0.005,0.0,0.0,0.0,0.08
0.339717,77,30927.140629,hard,0.43409610983981695,0.43409610983981695,0,765,5,1,4,1,4,0,0,0,3,0.017299771167048027,0.0,0.0,0.30054945054945054,0.0,2,False,138,0.10357394366197183,0.9179718309859163,0.6727042253521125,1.080475352112676,33,65.0,49.0,0.06153846153846154,0.15384615384615385,0.2220630225397998,0.016054919908466816,0.04606593406593406,0.006054919908466809,0.1,0.03606593406593406,0.0,0.01,0.0,0.0,0.09,0.08
2.664334,80,30964.533391,hard,0.5161613272311213,2.516161327231121,2,800,8,4,4,4,4,0,0,0,0,0.023546910755148493,0.0014423076923077084,0.13369999999999851,0.33276098901098894,0.9999999999999959,2,True,119,0.0769718309859155,0.9373521126760564,0.6649577464788731,1.6268661971830987,34,65.0,54.0,0.046153846153846156,0.1076923076923077,0.19172340579500008,0.10824141876430197,0.1999313186813183,0.008241418764301973,0.1,0.03993131868131869,0.09999999999999959,0.01,0.05,0.0,0.0,0.08
0.481651,100,31010.848483,hard,0.45783752860411897,0.45783752860411897,0,1000,8,4,4,4,4,0,0,0,0,0.003123569794050338,0.007499999999999988,0.0,0.5221153846153843,0.20066666666666666,4,False,164,0.13816901408450705,0.914816901408453,0.5548169014084505,0.9404929577464789,27,65.0,49.0,0.07692307692307693,0.2,0.27983052257308394,0.10109324942791763,0.10272051282051275,0.0010932494279176181,0.1,0.06265384615384609,0.020066666666666667,0.02,0.0,0.0,0.0,0.08
2.925278,98,31056.18518,hard,0.7357551487414188,2.735755148741419,2,979,8,4,4,4,4,0,0,0,0,0.05397025171624625,0.03468406593406593,0.23029999999999431,0.6127747252747259,0.9999999999999961,5,True,160,0.14007042253521126,0.9269577464788752,0.6979154929577465,2.58669014084507,31,65.0,53.0,0.046153846153846156,0.12307692307692308,0.22338824700260326,0.11888958810068619,0.24853296703296673,0.01888958810068618,0.1,0.07353296703296712,0.09999999999999963,0.025,0.05,0.0,0.0,0.08
0.515705,79,31094.288166,hard,0.45947940503432444,0.45947940503432444,0,787,8,4,4,4,4,0,0,0,0,0.024387871853546208,0.0,0.06089999999999737,0.5,0.26389999999999736,4,False,103,0.08147887323943662,0.938028169014085,0.716394366197183,1.7818133802816902,35,65.0,56.0,0.03076923076923077,0.09230769230769231,0.1145020974334985,0.10853575514874118,0.10638999999999973,0.008535755148741173,0.1,0.05999999999999999,0.026389999999999737,0.02,0.0,0.0,0.0,0.08
2.77776,78,31129.612476,hard,0.599908466819222,2.599908466819222,2,778,8,4,4,4,4,0,0,0,0,0.004542334096109872,0.010906593406593484,0.0,0.5338461538461533,1.0,4,True,116,0.0823943661971831,0.9348732394366225,0.6532676056338029,2.457288732394366,35,65.0,42.0,0.07692307692307693,0.18461538461538463,0.13491422385153698,0.10158981693363846,0.23406153846153843,0.0015898169336384551,0.1,0.0640615384615384,0.1,0.02,0.05,0.0,0.0,0.08
0.394526,80,31175.408243,hard,0.38483981693363845,0.38483981693363845,0,798,8,4,4,4,4,0,0,0,0,0.02192219679633878,0.0,0.0,0.3901098901098901,0.0,3,False,127,0.09517605633802817,0.9632394366197182,0.7432957746478871,1.729894366197183,34,65.0,52.0,0.06153846153846154,0.15384615384615385,0.3025207121927388,0.10767276887871857,0.0618131868131868,0.007672768878718572,0.1,0.0468131868131868,0.0,0.015,0.0,0.0,0.0,0.08
1.630862,75,31209.860785,hard,0.5282837528604111,1.528283752860411,1,750,8,4,4,4,4,0,0,0,0,0.02871281464530808,0.00721153846153845,0.14979999999999513,0.45068681318681286,0.7844666666666602,3,False,120,0.08154929577464788,0.9792112676056343,0.6510985915492955,2.171742957746479,20,65.0,41.0,0.06153846153846154,0.18461538461538463,0.05733775266807337,0.11004948512585783,0.14752908424908356,0.010049485125857826,0.1,0.05408241758241754,0.07844666666666604,0.015,0.0,0.0,0.0,0.08
0.46558,77,31245.998896,hard,0.4325457665903891,0.4325457665903891,0,770,8,4,4,4,4,0,0,0,0,0.014010297482837565,0.03364010989010998,0.0,0.5440796703296688,0.0,4,False,95,0.0697887323943662,0.9391549295774667,0.6820281690140848,1.349119718309859,33,65.0,47.0,0.046153846153846156,0.13846153846153847,-0.0,0.1047451534147678,0.08528956043956024,0.0049036041189931484,0.09984154929577464,0.06528956043956023,0.0,0.02,0.0,0.0,0.0,0.08
2.892931,78,31281.64821,hard,0.7016018306636156,2.7016018306636154,2,776,8,4,4,4,4,0,0,0,0,0.04493135011441628,0.0,0.11269999999999814,0.5307692307692308,0.9999999999999972,4,True,103,0.06401408450704225,0.9830985915492952,0.7238591549295774,6.355721830985916,31,65.0,50.0,0.046153846153846156,0.12307692307692308,0.1145020974334985,0.11523653592032737,0.23369230769230742,0.015725972540045697,0.09951056338028168,0.06369230769230767,0.09999999999999974,0.02,0.05,0.0,0.0,0.08
0.540655,84,31321.387233,hard,0.4851258581235698,0.4851258581235698,0,834,8,4,4,4,4,0,0,0,0,0.03854118993135023,0.05394230769230782,0.0,0.6703296703296722,0.0,5,False,162,0.15602112676056337,0.9534647887323946,0.7903098591549298,2.0620422535211267,39,65.0,48.0,0.09230769230769231,0.16923076923076924,0.1145020974334985,0.11348941647597258,0.10543956043956068,0.013489416475972578,0.1,0.08043956043956067,0.0,0.025,0.0,0.0,0.0,0.08
1.601869,83,31360.996879,hard,0.5079405034324934,1.5079405034324935,1,827,8,4,4,4,4,0,0,0,0,0.039645308924484146,0.0,0.12459999999999462,0.3929945054945055,0.805933333333328,3,False,214,0.15806338028169015,0.9792676056338026,0.8096901408450703,2.5876584507042253,36,65.0,49.0,0.046153846153846156,0.1076923076923077,0.21291484811933445,0.11387585812356946,0.1427526739926735,0.013875858123569451,0.1,0.04715934065934067,0.08059333333333281,0.015,0.0,0.0,0.0,0.08
1.646907,81,31400.207676,hard,0.47673340961098404,1.476733409610984,1,803,8,4,4,4,4,0,0,0,0,0.020663615560640856,0.04961538461538491,0.0,0.4853434065934043,1.0,3,True,118,0.09454225352112676,0.9154929577464792,0.859042253521127,2.423362676056338,49,65.0,45.0,0.046153846153846156,0.13846153846153847,0.24645788980805483,0.1072322654462243,0.2232412087912085,0.007232265446224299,0.1,0.05824120879120852,0.09999999999999999,0.015,0.05,0.0,0.0,0.08
1.615375,80,31447.312601,hard,0.5201487414187633,1.5201487414187633,1,792,8,4,4,4,4,0,0,0,0,0.04264874141876347,0.04846153846153874,0.1273999999999945,0.5182692307692285,0.5730666666666612,4,False,118,0.11200704225352112,0.9292394366197188,0.6790422535211266,2.669225352112676,31,65.0,51.0,0.046153846153846156,0.13846153846153847,0.05733775266807337,0.11492705949656722,0.13949897435897352,0.014927059496567212,0.1,0.062192307692307415,0.05730666666666612,0.02,0.0,0.0,0.0,0.08
2.853977,82,31487.647968,hard,0.6582951945080091,2.658295194508009,2,813,8,4,4,4,4,0,0,0,0,0.017419908466819164,0.010673076923076744,0.033600000000000116,0.6740384615384613,0.9999999999999984,4,True,207,0.16684859154929577,0.9444788732394369,0.8475774647887324,2.1981338028169013,39,65.0,42.0,0.07692307692307693,0.2153846153846154,0.16676100196548832,0.10609696796338672,0.2508846153846152,0.006096967963386707,0.1,0.08088461538461536,0.09999999999999987,0.02,0.05,0.0,0.0,0.08
0.540646,76,31526.508748,hard,0.465389016018306,0.465389016018306,0,754,8,4,4,4,4,0,0,0,0,0.022105263157894184,0.023076923076923047,0.07279999999999685,0.35255494505494406,0.6561333333333301,3,False,118,0.0727112676056338,0.9479436619718326,0.7952112676056342,2.0793661971830986,46,65.0,45.0,0.06153846153846154,0.15384615384615385,0.09911748204888313,0.10773684210526296,0.12291992673992631,0.007736842105262962,0.1,0.04230659340659328,0.06561333333333302,0.015,0.0,0.0,0.0,0.08
0.294827,76,31564.534617,hard,0.2847082379862699,0.2847082379862699,0,751,8,4,4,4,4,0,0,0,0,0.009731121281464354,0.012692307692307728,0.0,0.39010989010988956,0.0,3,False,126,0.10329225352112677,0.9372394366197189,0.8202816901408453,1.345193661971831,52,65.0,46.0,0.07692307692307693,0.16923076923076924,0.13491422385153698,0.10340589244851253,0.06181318681318675,0.0034058924485125238,0.1,0.046813186813186754,0.0,0.015,0.0,0.0,0.0,0.08
2.860012,92,31609.641748,hard,0.6567505720823799,2.65675057208238,2,911,8,4,4,4,4,0,0,0,0,0.0540617848970244,0.022499999999999968,0.18199999999999472,0.6703296703296693,0.9999999999999974,5,True,139,0.11130281690140845,0.947830985915493,0.8226478873239437,2.192588028169014,37,65.0,53.0,0.046153846153846156,0.12307692307692308,0.24645788980805483,0.11892162471395855,0.25543956043956006,0.01892162471395854,0.1,0.0804395604395603,0.09999999999999974,0.025,0.05,0.0,0.0,0.08
1.659275,84,31651.311204,hard,0.48380434782608706,1.4838043478260872,1,835,8,4,4,4,4,0,0,0,0,0.03911899313501045,0.013447802197802321,0.19529999999999392,0.502321428571428,0.9999999999999976,3,True,160,0.12478873239436619,0.9404507042253534,0.827042253521127,0.777887323943662,35,65.0,47.0,0.06153846153846154,0.15384615384615385,0.05733775266807337,0.11369164759725367,0.22527857142857116,0.01369164759725366,0.1,0.060278571428571355,0.0999999999999998,0.015,0.05,0.0,0.0,0.08
