#{"t_start": 1779208300.5426843, "env_id": "None"}
r,l,t,profile,damage_pct,score,stars,ticks_elapsed,spell_casts,rage_casts,freeze_casts,useful_rage_casts,useful_freeze_casts,wasted_spell_casts,wasted_rage_casts,wasted_freeze_casts,spells_remaining,rage_bonus_damage_pct,rage_bonus_defense_damage_pct,rage_bonus_townhall_damage_pct,defense_damage_pct,townhall_damage_pct,defenses_destroyed,townhall_destroyed,frozen_threat_ticks,frozen_threat_damage_pct,troop_damage_taken_pct,splash_damage_taken_pct,splash_cluster_risk_pct,multi_hit_splash_events,deployments,deployment_unique_cells,deployment_top_cell_fraction,deployment_top3_cell_fraction,deployment_quadrant_entropy,spell_shaping_reward_total,objective_shaping_reward_total,rage_effect_reward_total,freeze_effect_reward_total,defense_damage_reward_total,townhall_damage_reward_total,defense_destroy_reward_total,townhall_destroy_reward_total,wasted_spell_penalty_total,unused_spell_penalty_total,splash_risk_penalty_total
3.078657,100,61.08,medium,0.9034267912772586,2.9034267912772584,2,1000,8,4,4,4,4,0,0,0,0,0.03133956386292837,0.041441441441441434,0.0,0.7207207207207192,1.0,4,True,64,0.07436619718309859,0.9084507042253532,0.7250140845070422,3.7319718309859153,31,65.0,53.0,0.046153846153846156,0.12307692307692308,0.515615272166995,0.09874349523934889,0.2564864864864863,0.010968847352024929,0.08777464788732396,0.08648648648648631,0.1,0.02,0.05,0.0,0.0,0.08
3.168837,98,114.378508,medium,0.9589563862928349,2.9589563862928348,2,976,8,4,4,4,4,0,0,0,0,0.03349688473520269,0.0,0.0,0.8813063063063064,1.0,4,True,96,0.10225352112676056,0.9544507042253524,0.6109859154929574,3.283732394366197,30,65.0,62.0,0.03076923076923077,0.09230769230769231,0.7550338435675757,0.11172390965732094,0.27575675675675676,0.01172390965732094,0.1,0.10575675675675676,0.1,0.02,0.05,0.0,0.0,0.08
3.087264,87,160.145319,medium,0.9048520249221185,2.9048520249221186,2,863,8,4,4,4,4,0,0,0,0,0.04235981308411169,0.02033783783783806,0.15119999999999773,0.7248423423423415,0.9999999999999961,3,True,83,0.053873239436619716,0.9486197183098589,0.6033802816901407,3.026742957746479,23,65.0,59.0,0.03076923076923077,0.09230769230769231,0.7198559711457195,0.09673086415690388,0.2519810810810806,0.014825934579439093,0.08190492957746479,0.08698108108108098,0.09999999999999962,0.015,0.05,0.0,0.0,0.08
4.252055,74,197.150784,medium,1.0,4.0,3,732,8,4,4,4,4,0,0,0,0,0.02929906542056085,0.01040540540540539,0.0,1.0000000000000018,1.0,5,True,83,0.0921830985915493,0.5468732394366185,0.14383098591549295,0.48698943661971833,8,65.0,62.0,0.03076923076923077,0.09230769230769231,0.6574369314293437,0.1102546728971963,0.2950000000000002,0.010254672897196298,0.1,0.1200000000000002,0.1,0.025,0.05,0.0,0.0,0.08
4.244507,79,235.656484,medium,1.0,4.0,3,790,8,4,4,4,4,0,0,0,0,0.024306853582554185,0.041441441441441434,0.0,0.999999999999998,1.0,5,True,97,0.08024647887323944,0.8133239436619728,0.5158591549295773,0.6136091549295775,18,65.0,55.0,0.046153846153846156,0.1076923076923077,0.799964219442332,0.10850739875389397,0.2949999999999997,0.008507398753893966,0.1,0.1199999999999997,0.1,0.025,0.05,0.0,0.0,0.08
3.031711,100,292.996197,medium,0.8176791277258567,2.8176791277258566,2,1000,8,4,4,4,4,0,0,0,0,0.05329439252336452,0.041441441441441434,0.15766666666666693,0.8781531531531511,0.9999999999999961,4,True,91,0.08366197183098592,0.9172957746478874,0.4617464788732394,3.579718309859155,21,65.0,62.0,0.03076923076923077,0.09230769230769231,0.8436473758864979,0.11865303738317759,0.2753783783783777,0.01865303738317758,0.1,0.1053783783783781,0.09999999999999962,0.02,0.05,0.0,0.0,0.08
4.186178,72,327.729143,medium,1.0,4.0,3,713,7,4,3,4,3,0,0,0,1,0.075973520249221,0.04490990990991006,0.2160000000000003,1.0000000000000016,0.9999999999999961,5,True,36,0.03718309859154929,0.7978309859154945,0.5635774647887322,3.2482218309859157,13,65.0,62.0,0.03076923076923077,0.09230769230769231,0.6920152441209296,0.04247805603088933,0.2949999999999998,0.02659073208722735,0.045887323943661976,0.12000000000000019,0.09999999999999962,0.025,0.05,0.0,0.03,0.08
4.232666,88,369.063986,medium,1.0,4.0,3,872,8,4,4,4,4,0,0,0,0,0.013901869158878572,0.0402027027027029,0.0,1.0000000000000013,1.0,5,True,78,0.08463028169014085,0.7688450704225369,0.47926760563380283,2.2861795774647886,17,65.0,62.0,0.03076923076923077,0.09230769230769231,0.5706174353911295,0.1048656542056075,0.2950000000000002,0.0048656542056075,0.1,0.12000000000000019,0.1,0.025,0.05,0.0,0.0,0.08
4.27735,99,415.589936,medium,1.0,4.0,3,985,8,4,4,4,4,0,0,0,0,0.041705607476635195,0.02648648648648671,0.04339999999999813,1.0,1.0,5,True,62,0.06042253521126761,0.9602816901408482,0.31526760563380274,0.0503169014084507,7,65.0,57.0,0.046153846153846156,0.12307692307692308,0.9242584760873607,0.09091386402527302,0.295,0.014596962616822322,0.0763169014084507,0.11999999999999997,0.09999999999999999,0.025,0.05,0.0,0.0,0.010063380281690144
3.13779,82,454.274623,medium,0.9453271028037383,2.945327102803738,2,818,8,4,4,4,4,0,0,0,0,0.0,0.0,0.0,0.8418918918918918,1.0,4,True,77,0.05964788732394366,0.9436619718309873,0.5948732394366195,0.6482394366197183,20,65.0,57.0,0.046153846153846156,0.12307692307692308,0.7801532369494932,0.08323591549295774,0.271027027027027,0.0,0.08323591549295774,0.10102702702702704,0.1,0.02,0.05,0.0,0.0,0.08
4.247973,73,488.450893,medium,1.0,4.0,3,722,8,4,4,4,4,0,0,0,0,0.07140965732087115,0.013063063063063065,0.2001999999999956,1.0000000000000022,0.9999999999999961,5,True,73,0.05823943661971831,0.6017746478873236,0.36583098591549273,1.0617077464788733,19,65.0,60.0,0.03076923076923077,0.09230769230769231,0.6758935484302071,0.10517295752709364,0.29499999999999993,0.024993380062304907,0.08017957746478874,0.12000000000000027,0.09999999999999963,0.025,0.05,0.0,0.0,0.08
1.659405,82,536.533531,medium,0.6526479750778816,1.6526479750778815,1,816,8,4,4,4,4,0,0,0,0,0.0,0.0,0.0,0.6711711711711712,0.0,3,False,70,0.050422535211267605,0.9476901408450735,0.50856338028169,0.8993661971830986,21,65.0,58.0,0.03076923076923077,0.09230769230769231,0.7970614542446798,0.07281690140845071,0.09554054054054054,0.0,0.07281690140845071,0.08054054054054054,0.0,0.015,0.0,0.0,0.0,0.08
1.777457,85,577.255663,medium,0.688006230529595,1.688006230529595,1,847,8,4,4,4,4,0,0,0,0,0.025677570093457953,0.007094594594594587,0.0,0.7452702702702699,0.5926666666666667,3,False,78,0.05661971830985915,0.9429859154929584,0.6010704225352114,3.7955281690140845,23,65.0,57.0,0.046153846153846156,0.12307692307692308,0.6095301278985267,0.09045193826510464,0.16369909909909902,0.00898714953271028,0.08146478873239436,0.08943243243243235,0.05926666666666666,0.015,0.0,0.0,0.0,0.08
4.22907,94,622.049666,medium,1.0,4.0,3,932,8,4,4,4,4,0,0,0,0,0.020771028037383257,0.0023648648648648915,0.0854000000000003,1.0,0.9999999999999961,5,True,92,0.09760563380281691,0.8280000000000015,0.5098309859154926,0.6226232394366197,18,65.0,55.0,0.046153846153846156,0.1076923076923077,0.7278057568487107,0.10726985981308415,0.29499999999999965,0.00726985981308414,0.1,0.12000000000000001,0.09999999999999962,0.025,0.05,0.0,0.0,0.08
3.155797,80,660.815759,medium,0.932328660436137,2.932328660436137,2,798,8,4,4,4,4,0,0,0,0,0.06214953271027924,0.02932432432432465,0.2225999999999947,0.8043018018018003,0.9999999999999959,3,True,126,0.11091549295774648,0.9229295774647891,0.6620281690140843,1.6080633802816902,37,65.0,62.0,0.03076923076923077,0.09230769230769231,0.7198559711457195,0.12175233644859774,0.2615162162162156,0.021752336448597736,0.1,0.09651621621621603,0.09999999999999959,0.015,0.05,0.0,0.0,0.08
3.209547,91,705.265976,medium,0.9796728971962617,2.9796728971962616,2,910,8,4,4,4,4,0,0,0,0,0.051222741433021544,0.008333333333333335,0.16700000000000026,0.9412162162162158,0.9999999999999961,4,True,111,0.11580985915492958,0.9211267605633828,0.46335211267605597,0.6282570422535211,15,65.0,56.0,0.03076923076923077,0.09230769230769231,0.6454626599931322,0.11792795950155754,0.2829459459459455,0.01792795950155754,0.1,0.11294594594594591,0.0999999999999996,0.02,0.05,0.0,0.0,0.08
3.183856,92,750.18926,medium,0.9813084112149533,2.981308411214953,2,911,8,4,4,4,4,0,0,0,0,0.05985981308411164,0.0,0.12109999999999857,0.9459459459459459,0.9999999999999966,4,True,64,0.049577464788732394,0.9291830985915501,0.6705915492957744,2.2944366197183097,29,65.0,61.0,0.046153846153846156,0.1076923076923077,0.7228725009017483,0.09013403317098836,0.2835135135135131,0.020950934579439074,0.0691830985915493,0.11351351351351346,0.09999999999999966,0.02,0.05,0.0,0.0,0.08
3.062149,100,805.534192,medium,0.9050623052959501,2.9050623052959503,2,1000,8,4,4,4,4,0,0,0,0,0.018644859813084256,0.042567567567567854,0.0,0.7254504504504484,1.0,4,True,68,0.05267605633802817,0.8919436619718323,0.4696901408450704,2.1299647887323943,16,65.0,58.0,0.03076923076923077,0.09230769230769231,0.659373641644798,0.08003274318810062,0.2570540540540538,0.006525700934579489,0.07350704225352113,0.0870540540540538,0.1,0.02,0.05,0.0,0.0,0.08
4.24914,97,851.554425,medium,1.0,4.0,3,970,8,4,4,4,4,0,0,0,0,0.0889719626168217,0.09317567567567621,0.14769999999999792,0.9999999999999959,0.9999999999999959,5,True,128,0.11216549295774648,0.8822253521126783,0.5529859154929574,1.865281690140845,20,65.0,55.0,0.046153846153846156,0.12307692307692308,0.5640737060926074,0.1311401869158876,0.29499999999999904,0.0311401869158876,0.1,0.11999999999999948,0.09999999999999958,0.025,0.05,0.0,0.0,0.08
4.24632,92,894.211105,medium,1.0,4.0,3,916,8,4,4,4,4,0,0,0,0,0.010778816199376949,0.01608108108108109,0.022333333333333337,0.9999999999999992,0.9999999999999991,5,True,68,0.07901408450704225,0.8208450704225384,0.3844507042253519,0.27056338028169014,12,65.0,60.0,0.046153846153846156,0.1076923076923077,0.7567990006824112,0.09703314905006363,0.2949999999999998,0.0037725856697819323,0.0932605633802817,0.11999999999999988,0.09999999999999992,0.025,0.05,0.0,0.0,0.054112676056338016
3.224817,80,931.944182,medium,0.9890186915887851,2.989018691588785,2,797,8,4,4,4,4,0,0,0,0,0.02659657320872287,0.041441441441441434,0.0525000000000003,0.9682432432432412,0.9999999999999974,4,True,102,0.09992957746478873,0.9267605633802841,0.6535492957746477,4.8153873239436615,33,65.0,56.0,0.03076923076923077,0.09230769230769231,0.6797486354186301,0.10930880062305301,0.2861891891891887,0.009308800623053004,0.1,0.11618918918918894,0.09999999999999974,0.02,0.05,0.0,0.0,0.08
1.598959,82,970.472097,medium,0.513746105919003,1.5137461059190032,1,818,8,4,4,4,4,0,0,0,0,0.015693146417445392,0.037342342342342426,0.0,0.5990540540540523,0.0,2,False,130,0.11556338028169014,0.9420563380281723,0.5109014084507039,0.10183098591549296,11,65.0,60.0,0.03076923076923077,0.09230769230769231,0.8430722129840573,0.10549260124610589,0.08188648648648628,0.005492601246105887,0.1,0.07188648648648628,0.0,0.01,0.0,0.0,0.0,0.020366197183098594
3.060008,100,1016.774269,medium,0.8896417445482866,2.8896417445482867,2,1000,8,4,4,4,4,0,0,0,0,0.010467289719626223,0.030270270270270426,0.0,0.6808558558558544,1.0,3,True,101,0.10806338028169014,0.8988450704225387,0.6030704225352111,1.0763732394366197,15,65.0,57.0,0.046153846153846156,0.12307692307692308,0.6097257040953289,0.10366355140186918,0.24670270270270256,0.0036635514018691774,0.1,0.08170270270270254,0.1,0.015,0.05,0.0,0.0,0.08
4.170994,67,1056.307587,medium,1.0,4.0,3,670,5,2,3,2,3,0,0,0,3,0.03712616822429874,0.07993243243243255,0.0,0.9999999999999963,1.0,5,True,96,0.08535211267605634,0.6407605633802825,0.4157464788732394,5.1788908450704225,19,62.0,57.0,0.03225806451612903,0.0967741935483871,0.6660316908983998,0.02299415887850456,0.29499999999999954,0.01299415887850456,0.1,0.11999999999999954,0.1,0.025,0.05,0.0,0.09,0.08
4.241629,82,1094.283944,medium,1.0,4.0,3,815,8,4,4,4,4,0,0,0,0,0.023224299065419753,0.0,0.07909999999999659,1.0,1.0,5,True,122,0.10191901408450704,0.731492957746479,0.5093521126760562,5.366971830985915,15,65.0,61.0,0.046153846153846156,0.1076923076923077,0.7362318724502536,0.10812850467289692,0.295,0.008128504672896913,0.1,0.12,0.09999999999999999,0.025,0.05,0.0,0.0,0.08
4.093961,78,1131.947858,medium,1.0,4.0,3,775,6,4,2,4,2,0,0,0,2,0.009968847352024926,0.028828828828828843,0.0,1.0000000000000022,1.0,5,True,12,0.009295774647887323,0.6543943661971838,0.338169014084507,2.516443661971831,15,65.0,61.0,0.03076923076923077,0.09230769230769231,0.8421809841442716,-0.04353907244087578,0.29500000000000026,0.0034890965732087237,0.012971830985915494,0.12000000000000025,0.1,0.025,0.05,0.0,0.06,0.08
1.758952,83,1170.943069,medium,0.7022585669781931,1.702258566978193,1,826,8,4,4,4,4,0,0,0,0,0.008333333333333338,0.01283783783783784,0.0,0.6853603603603599,0.19133333333333333,3,False,106,0.10077464788732395,0.91549295774648,0.6366478873239435,2.470264084507042,30,65.0,61.0,0.03076923076923077,0.09230769230769231,0.6907230496741487,0.10291666666666667,0.1163765765765765,0.002916666666666668,0.1,0.08224324324324317,0.019133333333333336,0.015,0.0,0.0,0.0,0.08
3.181802,100,1218.285192,medium,0.9672118380062306,2.9672118380062305,2,1000,8,4,4,4,4,0,0,0,0,0.05806074766355006,0.012297297297297278,0.23029999999999431,0.9999999999999996,0.9999999999999961,5,True,65,0.062359154929577464,0.9358591549295804,0.4836338028169013,0.5902112676056338,14,65.0,58.0,0.046153846153846156,0.1076923076923077,0.7587183337745282,0.09959062787942562,0.29499999999999954,0.02032126168224252,0.0792693661971831,0.11999999999999993,0.09999999999999962,0.025,0.05,0.0,0.0,0.08
3.130841,100,1263.831683,medium,0.9376947040498442,2.9376947040498442,2,1000,8,4,4,4,4,0,0,0,0,0.013621495327102797,0.03513513513513513,0.006300000000000001,0.8198198198198192,0.9999999999999997,4,True,174,0.17197183098591548,0.8612957746478881,0.5979718309859153,3.3655985915492956,24,65.0,62.0,0.03076923076923077,0.09230769230769231,0.6085465023518741,0.10476752336448598,0.26837837837837825,0.004767523364485979,0.1,0.09837837837837829,0.09999999999999996,0.02,0.05,0.0,0.0,0.08
3.188786,98,1317.759481,medium,0.9802180685358255,2.9802180685358257,2,972,8,4,4,4,4,0,0,0,0,0.0075233644859813344,0.0,0.0,0.9427927927927928,1.0,4,True,96,0.1115492957746479,0.9291830985915529,0.5959436619718309,3.4920598591549297,23,65.0,56.0,0.046153846153846156,0.1076923076923077,0.5831706538684372,0.10263317757009348,0.2831351351351351,0.002633177570093467,0.1,0.11313513513513511,0.1,0.02,0.05,0.0,0.0,0.08
0.589213,78,1353.981978,medium,0.4838940809968844,0.4838940809968844,0,771,8,4,4,4,4,0,0,0,0,0.022834890965731502,0.017792792792792802,0.029399999999998733,0.6761261261261253,0.4703999999999987,3,False,82,0.07517605633802817,0.9380281690140861,0.356169014084507,0.33065140845070423,16,65.0,61.0,0.03076923076923077,0.09230769230769231,0.8625126806685464,0.10537425409152716,0.1431751351351349,0.007992211838006025,0.09738204225352114,0.08113513513513504,0.047039999999999874,0.015,0.0,0.0,0.0,0.06613028169014085
2.958054,77,1389.179318,medium,0.7451791277258566,2.745179127725857,2,761,8,4,4,4,4,0,0,0,0,0.0207710280373831,0.06006756756756735,0.0,0.8058783783783756,1.0,3,True,99,0.0848943661971831,0.9267605633802831,0.6818591549295777,2.103397887323944,27,65.0,62.0,0.03076923076923077,0.09230769230769231,0.5621943300707241,0.1072698598130841,0.2617054054054051,0.007269859813084085,0.1,0.09670540540540508,0.1,0.015,0.05,0.0,0.0,0.08
4.033153,68,1419.839217,medium,1.0,4.0,3,678,3,3,0,3,0,0,0,0,5,0.017009345794392648,0.0,0.07280000000000053,1.0,0.9999999999999963,5,True,0,0.0,0.6657746478873238,0.23405633802816908,1.8533450704225352,8,65.0,60.0,0.03076923076923077,0.09230769230769231,0.8381741928117091,-0.11404672897196257,0.29499999999999965,0.005953271028037426,0.0,0.11999999999999998,0.09999999999999966,0.025,0.05,0.0,0.12,0.08
4.150602,77,1454.714442,medium,1.0,4.0,3,762,6,4,2,4,2,0,0,0,2,0.03273364485981315,0.0014189189189189348,0.0,1.0,1.0,5,True,44,0.05112676056338028,0.6436338028169021,0.3903943661971829,0.7011971830985916,12,65.0,55.0,0.046153846153846156,0.12307692307692308,0.7636751910294602,0.011801846123469809,0.295,0.011456775700934601,0.06034507042253521,0.11999999999999995,0.1,0.025,0.05,0.0,0.06,0.08
3.0881,85,1494.629916,medium,0.9016355140186916,2.9016355140186914,2,844,8,4,4,4,4,0,0,0,0,0.0,0.0,0.0,0.7155405405405405,1.0,3,True,100,0.10380281690140845,0.9404507042253528,0.595774647887324,5.4205281690140845,20,65.0,57.0,0.046153846153846156,0.1076923076923077,0.7141477918160198,0.1,0.25086486486486487,0.0,0.1,0.08586486486486485,0.1,0.015,0.05,0.0,0.0,0.08
4.088649,66,1532.887408,medium,1.0,4.0,3,658,4,3,1,3,1,0,0,0,4,0.08779595015576194,0.023648648648648907,0.23029999999999431,1.0,0.9999999999999961,5,True,22,0.02362676056338028,0.6992957746478875,0.4077183098591549,1.4731338028169014,16,62.0,61.0,0.03225806451612903,0.06451612903225806,0.5874150297428304,-0.06055134702294811,0.29499999999999954,0.03072858255451668,0.028720070422535212,0.11999999999999994,0.09999999999999962,0.025,0.05,0.0,0.12,0.08
4.238449,87,1573.185196,medium,1.0,4.0,3,865,8,4,4,4,4,0,0,0,0,0.02842679127725863,0.0,0.0,1.0,1.0,5,True,101,0.09876760563380281,0.838000000000002,0.6,2.6730985915492957,33,65.0,55.0,0.06153846153846154,0.13846153846153847,0.6486639018735785,0.10994937694704052,0.295,0.009949376947040518,0.1,0.12,0.1,0.025,0.05,0.0,0.0,0.08
1.867565,81,1610.188876,medium,0.7281308411214954,1.7281308411214953,1,809,8,4,4,4,4,0,0,0,0,0.03630841121495352,0.012770270270270249,0.050400000000000555,0.6790540540540535,0.9113999999999978,3,False,123,0.12045774647887324,0.9650422535211269,0.5632957746478868,1.2230457746478873,31,65.0,62.0,0.03076923076923077,0.09230769230769231,0.793527248386161,0.11270794392523373,0.18762648648648622,0.01270794392523373,0.1,0.08148648648648642,0.0911399999999998,0.015,0.0,0.0,0.0,0.08
1.602891,75,1644.513445,medium,0.5879127725856697,1.5879127725856697,1,747,8,4,4,4,4,0,0,0,0,0.004579439252336295,0.0132432432432428,0.0,0.4839639639639634,0.0,2,False,180,0.17197183098591548,0.9323943661971844,0.7349859154929577,5.387975352112676,37,65.0,64.0,0.03076923076923077,0.06153846153846154,0.6924778671302456,0.1016028037383177,0.06807567567567559,0.001602803738317703,0.1,0.05807567567567559,0.0,0.01,0.0,0.0,0.0,0.08
4.198532,67,1674.106688,medium,1.0,4.0,3,666,5,1,4,1,4,0,0,0,3,0.0022897196261682223,0.0,0.009799999999999991,1.0,0.9999999999999996,5,True,96,0.1115492957746479,0.45380281690140756,0.20264788732394368,0.20334507042253522,12,62.0,55.0,0.06451612903225806,0.12903225806451613,0.6502346103408716,0.010801401869158886,0.29499999999999993,0.0008014018691588778,0.1,0.11999999999999998,0.09999999999999996,0.025,0.05,0.0,0.09,0.04066901408450705
4.216404,81,1711.308516,medium,1.0,4.0,3,803,8,4,4,4,4,0,0,0,0,0.024065420560747716,0.0,0.0,1.0,1.0,5,True,69,0.05170774647887324,0.6942816901408448,0.39681690140845055,0.7754577464788732,18,65.0,61.0,0.03076923076923077,0.09230769230769231,0.796703456703614,0.08170370705541663,0.295,0.0084228971962617,0.07328080985915493,0.12000000000000001,0.09999999999999999,0.025,0.05,0.0,0.0,0.08
2.748987,80,1748.586381,medium,0.6035825545171339,2.603582554517134,2,800,8,4,4,4,4,0,0,0,0,0.05521028037383192,0.0,0.2090000000000003,0.25900900900900903,0.9999999999999967,1,True,121,0.09257042253521126,0.9478873239436625,0.6727323943661966,1.3010915492957746,35,65.0,60.0,0.03076923076923077,0.09230769230769231,0.7208506149081613,0.11932359813084117,0.1860810810810808,0.019323598130841172,0.1,0.03108108108108108,0.0999999999999997,0.005,0.05,0.0,0.0,0.08
3.155558,100,1803.082603,medium,0.942601246105919,2.942601246105919,2,1000,8,4,4,4,4,0,0,0,0,0.06535825545171198,0.041441441441441434,0.1931999999999939,0.834009009009007,0.9999999999999978,4,True,134,0.11475352112676056,0.9258028169014114,0.6418028169014081,0.8862676056338028,23,65.0,60.0,0.046153846153846156,0.1076923076923077,0.5299930036727941,0.1228753894080992,0.2700810810810806,0.02287538940809919,0.1,0.1000810810810808,0.09999999999999978,0.02,0.05,0.0,0.0,0.08
4.071112,63,1832.691006,medium,1.0,4.0,3,627,3,2,1,2,1,0,0,0,5,0.016845794392522852,0.014662162162162155,0.05039999999999783,0.9999999999999993,1.0,5,True,24,0.027887323943661974,0.564591549295774,0.38639436619718315,0.5635563380281691,9,60.0,52.0,0.05,0.13333333333333333,0.6651746260895468,-0.08118847900487053,0.2949999999999999,0.005896028037383,0.03291549295774648,0.11999999999999988,0.1,0.025,0.05,0.0,0.12,0.08
4.241277,81,1869.739032,medium,1.0,4.0,3,802,8,4,4,4,4,0,0,0,0,0.01850467289719627,0.0,0.0,1.0,1.0,5,True,168,0.1580281690140845,0.6312112676056338,0.3252676056338028,1.4213732394366196,13,65.0,59.0,0.03076923076923077,0.09230769230769231,0.7047771533126265,0.1064766355140187,0.295,0.006476635514018694,0.1,0.11999999999999998,0.1,0.025,0.05,0.0,0.0,0.08
4.246886,81,1906.761587,medium,1.0,4.0,3,802,8,4,4,4,4,0,0,0,0,0.03453271028037392,0.0066216216216216945,0.0,0.9999999999999996,1.0,5,True,168,0.14661971830985915,0.7910704225352121,0.6133239436619713,2.427218309859155,29,65.0,59.0,0.06153846153846154,0.12307692307692308,0.6976815494572213,0.11208644859813088,0.29499999999999993,0.01208644859813087,0.1,0.11999999999999993,0.09999999999999999,0.025,0.05,0.0,0.0,0.08
3.170038,100,1954.659559,medium,0.9622274143302181,2.962227414330218,2,1000,8,4,4,4,4,0,0,0,0,0.07179906542055912,0.01229729729729731,0.16099999999999468,0.8907657657657653,0.9999999999999983,4,True,82,0.05971830985915493,0.8461408450704245,0.5956056338028167,0.6951760563380281,8,65.0,58.0,0.046153846153846156,0.1076923076923077,0.5801069279940863,0.1109184052915619,0.2768918918918917,0.025129672897195695,0.0857887323943662,0.10689189189189183,0.09999999999999984,0.02,0.05,0.0,0.0,0.08
3.084605,81,1991.909238,medium,0.8024143302180685,2.8024143302180686,2,809,8,4,4,4,4,0,0,0,0,0.031074766355140095,0.013716216216216366,0.0,0.8340090090090083,1.0,4,True,135,0.11591549295774647,0.9645915492957758,0.6309014084507042,0.08933098591549296,12,65.0,57.0,0.03076923076923077,0.09230769230769231,0.5317087143899668,0.11087616822429903,0.270081081081081,0.010876168224299033,0.1,0.10008108108108099,0.1,0.02,0.05,0.0,0.0,0.017866197183098592
3.107184,100,2045.392296,medium,0.9148753894080996,2.9148753894081,2,1000,8,4,4,4,4,0,0,0,0,0.033855140186914504,0.0,0.1448999999999941,0.7538288288288288,0.9999999999999997,4,True,108,0.08154929577464788,0.9589295774647895,0.46369014084507026,2.845950704225352,21,65.0,56.0,0.046153846153846156,0.1076923076923077,0.6797486354186301,0.11184929906542009,0.2604594594594594,0.011849299065420076,0.1,0.09045945945945945,0.09999999999999998,0.02,0.05,0.0,0.0,0.08
4.242207,84,2082.896339,medium,1.0,4.0,3,832,8,4,4,4,4,0,0,0,0,0.02973520249221189,0.008513513513513503,0.0,0.9999999999999996,1.0,5,True,82,0.08218309859154929,0.7344788732394367,0.3602535211267605,1.4835915492957747,13,65.0,59.0,0.03076923076923077,0.09230769230769231,0.6713462995310601,0.11040732087227417,0.295,0.010407320872274162,0.1,0.11999999999999997,0.1,0.025,0.05,0.0,0.0,0.08
1.557375,79,2118.205127,medium,0.5522585669781932,1.5522585669781932,1,782,8,4,4,4,4,0,0,0,0,0.021752336448597854,0.037364864864865094,0.0,0.3808558558558544,0.0,2,False,141,0.12408450704225352,0.9429859154929587,0.6516338028169013,3.7855281690140843,30,65.0,58.0,0.046153846153846156,0.1076923076923077,0.2783171932701801,0.10761331775700925,0.055702702702702535,0.007613317757009248,0.1,0.04570270270270253,0.0,0.01,0.0,0.0,0.0,0.08
4.244309,79,2154.158623,medium,1.0,4.0,3,787,8,4,4,4,4,0,0,0,0,0.07163551401869075,0.028851351351351338,0.19739999999999575,0.9999999999999988,0.9999999999999961,5,True,82,0.05591549295774648,0.7395774647887332,0.4478591549295771,0.8282042253521127,23,65.0,58.0,0.06153846153846154,0.12307692307692308,0.5425253374721565,0.10800904962485162,0.29499999999999943,0.025072429906541762,0.08293661971830986,0.11999999999999983,0.09999999999999962,0.025,0.05,0.0,0.0,0.08
3.118399,100,2199.898682,medium,0.9432242990654206,2.9432242990654207,2,1000,8,4,4,4,4,0,0,0,0,0.02102024922118381,0.044279279279279264,0.022333333333333337,0.8358108108108087,0.9999999999999991,4,True,61,0.06269366197183099,0.9255211267605669,0.5279436619718306,2.4771478873239436,15,65.0,56.0,0.03076923076923077,0.09230769230769231,0.6968972131427528,0.08487733370628758,0.27029729729729696,0.007357087227414333,0.07752024647887325,0.10029729729729701,0.09999999999999992,0.02,0.05,0.0,0.0,0.08
1.753175,83,2239.345253,medium,0.6600700934579425,1.6600700934579424,1,827,8,4,4,4,4,0,0,0,0,0.0462850467289707,0.0,0.10149999999999562,0.48018018018018016,0.7198333333333289,2,False,97,0.08922535211267606,0.9472112676056341,0.45149295774647885,1.3627640845070423,21,65.0,54.0,0.06153846153846154,0.15384615384615385,0.845361364552067,0.11619976635513975,0.13960495495495456,0.016199766355139745,0.1,0.05762162162162162,0.07198333333333293,0.01,0.0,0.0,0.0,0.08
4.156574,70,2282.240999,medium,1.0,4.0,3,698,5,1,4,1,4,0,0,0,3,0.003925233644859807,0.011351351351351334,0.0,1.000000000000002,1.0,5,True,120,0.11704225352112677,0.7304788732394386,0.3994366197183096,1.903362676056338,20,65.0,58.0,0.046153846153846156,0.12307692307692308,0.5973438542919688,0.011373831775700935,0.29500000000000026,0.0013738317757009324,0.1,0.12000000000000025,0.1,0.025,0.05,0.0,0.09,0.08
4.24716,96,2328.140741,medium,1.0,4.0,3,956,8,4,4,4,4,0,0,0,0,0.07931464174454834,0.05108108108108136,0.025199999999998914,0.9999999999999976,1.0,5,True,87,0.07669014084507042,0.8457464788732405,0.4404225352112673,0.45179577464788734,20,65.0,61.0,0.03076923076923077,0.09230769230769231,0.695455127572218,0.12776012461059194,0.2949999999999997,0.027760124610591925,0.1,0.11999999999999969,0.1,0.025,0.05,0.0,0.0,0.08
4.249948,77,2363.274509,medium,1.0,4.0,3,761,8,4,4,4,4,0,0,0,0,0.031565420560747376,0.0,0.0,1.0,1.0,5,True,168,0.14661971830985915,0.7063943661971851,0.3597746478873239,1.010299295774648,15,65.0,52.0,0.07692307692307693,0.13846153846153847,0.7047771533126265,0.11104789719626158,0.295,0.01104789719626158,0.1,0.11999999999999997,0.1,0.025,0.05,0.0,0.0,0.08
4.253562,76,2397.737172,medium,1.0,4.0,3,756,8,4,4,4,4,0,0,0,0,0.03224299065420567,0.0,0.0,1.0,1.0,5,True,127,0.10991197183098592,0.5410704225352106,0.3027605633802816,0.3856161971830986,8,65.0,57.0,0.07692307692307693,0.13846153846153847,0.6388659065756176,0.11128504672897199,0.295,0.011285046728971983,0.1,0.12,0.1,0.025,0.05,0.0,0.0,0.07712323943661972
1.787981,84,2435.974216,medium,0.6838940809968836,1.6838940809968836,1,840,8,4,4,4,4,0,0,0,0,0.024859813084111077,0.0,0.10639999999999541,0.6662162162162162,0.6943999999999954,2,False,191,0.18475352112676055,0.9323943661971849,0.5470422535211263,1.6573239436619718,18,65.0,56.0,0.046153846153846156,0.1076923076923077,0.7081843592838335,0.10870093457943888,0.15938594594594552,0.008700934579438876,0.1,0.07994594594594594,0.06943999999999957,0.01,0.0,0.0,0.0,0.08
3.042942,100,2481.727845,medium,0.9376947040498442,2.9376947040498442,2,1000,5,1,4,1,4,0,0,0,3,0.019626168224299155,0.0,0.0840000000000004,0.8198198198198198,0.9999999999999959,4,True,183,0.16024647887323942,0.5287323943661968,0.24253521126760563,6.5732570422535215,7,65.0,61.0,0.03076923076923077,0.09230769230769231,0.7000227544719764,0.01686915887850471,0.26837837837837797,0.006869158878504703,0.1,0.09837837837837836,0.0999999999999996,0.02,0.05,0.0,0.09,0.08
4.060544,61,2517.865211,medium,1.0,4.0,3,604,1,0,1,0,1,0,0,0,7,0.0,0.0,0.0,1.0,1.0,5,True,24,0.018591549295774647,0.6387042253521128,0.42757746478873243,2.1707218309859155,17,60.0,52.0,0.06666666666666667,0.15,0.6461210216524672,-0.09405633802816901,0.295,0.0,0.025943661971830987,0.12,0.1,0.025,0.05,0.0,0.12,0.08
4.239771,92,2559.492636,medium,1.0,4.0,3,916,8,4,4,4,4,0,0,0,0,0.04677570093457922,0.05344594594594594,0.12109999999999906,0.9999999999999978,0.9999999999999959,5,True,88,0.10225352112676056,0.7674929577464786,0.46515492957746474,1.3777112676056338,25,65.0,60.0,0.046153846153846156,0.1076923076923077,0.7876029703654592,0.11637149532710273,0.29499999999999926,0.016371495327102723,0.1,0.11999999999999968,0.09999999999999959,0.025,0.05,0.0,0.0,0.08
3.126334,82,2596.395393,medium,0.9154750778816199,2.91547507788162,2,812,8,4,4,4,4,0,0,0,0,0.03254672897196221,0.008040540540540195,0.0,0.7555630630630628,1.0,4,True,130,0.12859154929577465,0.9492957746478896,0.5712676056338023,1.5535915492957746,22,65.0,57.0,0.06153846153846154,0.13846153846153847,0.857407181457362,0.11139135514018678,0.26066756756756754,0.011391355140186774,0.1,0.09066756756756753,0.09999999999999999,0.02,0.05,0.0,0.0,0.08
3.187164,79,2631.765224,medium,0.9594158878504673,2.9594158878504673,2,783,8,4,4,4,4,0,0,0,0,0.028948598130841077,0.0042567567567568035,0.013999999999999981,0.8826351351351349,0.9999999999999994,4,True,179,0.15559859154929578,0.9348732394366204,0.5931830985915494,3.4782218309859156,23,65.0,62.0,0.03076923076923077,0.09230769230769231,0.6888655373391452,0.11013200934579438,0.27591621621621615,0.010132009345794377,0.1,0.10591621621621618,0.09999999999999995,0.02,0.05,0.0,0.0,0.08
4.11168,53,2655.85429,medium,1.0,4.0,3,530,4,1,3,1,3,0,0,0,4,0.0,0.0,0.0,1.0,1.0,5,True,52,0.05823943661971831,0.3617746478873237,0.20571830985915493,2.4354577464788734,8,49.0,47.0,0.04081632653061224,0.10204081632653061,0.6774665960045372,-0.050320422535211254,0.295,0.0,0.06967957746478874,0.12,0.1,0.025,0.05,0.0,0.12,0.08
4.245185,82,2692.805202,medium,1.0,4.0,3,811,8,4,4,4,4,0,0,0,0,0.03224299065420567,0.0,0.0,1.0,1.0,5,True,80,0.09295774647887324,0.8114647887323948,0.6534366197183097,2.0174823943661973,22,65.0,56.0,0.03076923076923077,0.09230769230769231,0.6095301278985267,0.11128504672897199,0.295,0.011285046728971983,0.1,0.12,0.1,0.025,0.05,0.0,0.0,0.08
3.108114,81,2730.254867,medium,0.9034267912772586,2.9034267912772584,2,801,8,4,4,4,4,0,0,0,0,0.023714953271028207,0.014189189189189176,0.08050000000000053,0.7207207207207201,0.9999999999999959,4,True,99,0.07758802816901408,0.9211267605633803,0.6590704225352116,9.895140845070422,27,65.0,59.0,0.03076923076923077,0.09230769230769231,0.6462414573554202,0.10830023364485988,0.25648648648648603,0.008300233644859871,0.1,0.08648648648648641,0.0999999999999996,0.02,0.05,0.0,0.0,0.08
1.737657,79,2774.333379,medium,0.5938317757009339,1.593831775700934,1,784,8,4,4,4,4,0,0,0,0,0.034509345794391875,0.0014189189189189348,0.1455999999999972,0.679054054054054,0.9365999999999937,3,False,116,0.12169014084507042,0.9260845070422553,0.6072676056338027,1.1486795774647887,34,65.0,60.0,0.03076923076923077,0.09230769230769231,0.6397156812462809,0.11207827102803716,0.19014648648648586,0.012078271028037154,0.1,0.08148648648648647,0.0936599999999994,0.015,0.0,0.0,0.0,0.08
3.215421,93,2816.471087,medium,0.9987538940809969,2.998753894080997,2,929,8,4,4,4,4,0,0,0,0,0.0,0.0,0.0,0.9963963963963964,1.0,4,True,96,0.08915492957746479,0.9380281690140879,0.5231830985915493,2.5107042253521126,24,65.0,61.0,0.03076923076923077,0.09230769230769231,0.7047771533126265,0.1,0.2895675675675675,0.0,0.1,0.11956756756756753,0.1,0.02,0.05,0.0,0.0,0.08
3.142178,91,2861.072544,medium,0.948348909657321,2.948348909657321,2,909,8,4,4,4,4,0,0,0,0,0.05119158878504627,0.008513513513513607,0.15609999999999755,0.8506306306306303,0.9999999999999959,4,True,60,0.05964788732394366,0.9267605633802819,0.6024225352112672,2.367799295774648,22,65.0,58.0,0.046153846153846156,0.1076923076923077,0.6850722583321088,0.09265297156772395,0.2720756756756752,0.017917056074766197,0.07473591549295776,0.10207567567567562,0.09999999999999959,0.02,0.05,0.0,0.0,0.08
4.249396,80,2897.441242,medium,1.0,4.0,3,794,8,4,4,4,4,0,0,0,0,0.039415887850467464,0.021283783783783854,0.048300000000000266,0.999999999999999,0.9999999999999976,5,True,156,0.1288732394366197,0.6607323943661968,0.3873239436619716,0.9485211267605633,16,65.0,56.0,0.046153846153846156,0.12307692307692308,0.6471117184204564,0.11379556074766362,0.29499999999999965,0.01379556074766361,0.1,0.11999999999999986,0.09999999999999977,0.025,0.05,0.0,0.0,0.08
4.2324,83,2933.848811,medium,1.0,4.0,3,826,8,4,4,4,4,0,0,0,0,0.0,0.0,0.0,1.0,1.0,5,True,168,0.1428169014084507,0.7164788732394382,0.3120563380281688,0.43174295774647886,8,65.0,59.0,0.03076923076923077,0.09230769230769231,0.5888214337609509,0.1,0.29500000000000004,0.0,0.1,0.12000000000000001,0.1,0.025,0.05,0.0,0.0,0.08
4.194679,72,2966.10654,medium,1.0,4.0,3,714,7,3,4,3,4,0,0,0,1,0.0045171339563862935,0.013063063063063065,0.0,1.0000000000000022,1.0,5,True,70,0.059330985915492955,0.7136901408450704,0.46512676056338015,5.635140845070422,11,65.0,59.0,0.046153846153846156,0.1076923076923077,0.7112652907518516,0.051079236321354915,0.29500000000000026,0.0015809968847352027,0.07949823943661971,0.12000000000000026,0.1,0.025,0.05,0.0,0.03,0.08
4.223945,82,3011.069854,medium,1.0,4.0,3,813,8,4,4,4,4,0,0,0,0,0.0385981308411213,0.02790540540540557,0.12389999999999894,1.0,0.9999999999999959,5,True,64,0.05964788732394366,0.633464788732395,0.3393802816901408,2.454401408450704,15,65.0,55.0,0.03076923076923077,0.09230769230769231,0.7583020645674438,0.09024526128735019,0.2949999999999996,0.013509345794392454,0.07673591549295775,0.12,0.09999999999999959,0.025,0.05,0.0,0.0,0.08
3.119537,81,3048.787791,medium,0.915809968847352,2.915809968847352,2,807,8,4,4,4,4,0,0,0,0,0.024696261682242916,0.0,0.0,0.7565315315315315,1.0,3,True,96,0.07225352112676056,0.9211267605633825,0.5703943661971824,2.909612676056338,32,65.0,59.0,0.03076923076923077,0.09230769230769231,0.740205481042533,0.10864369158878502,0.2557837837837838,0.008643691588785021,0.1,0.0907837837837838,0.1,0.015,0.05,0.0,0.0,0.08
3.091531,91,3091.591798,medium,0.9034267912772586,2.9034267912772584,2,905,8,4,4,4,4,0,0,0,0,0.006051401869158888,0.017500000000000026,0.0,0.7207207207207199,1.0,4,True,156,0.1425,0.961436619718311,0.5516056338028167,2.6794014084507043,22,65.0,63.0,0.03076923076923077,0.07692307692307693,0.8415823498051193,0.10211799065420561,0.25648648648648636,0.0021179906542056104,0.1,0.08648648648648637,0.1,0.02,0.05,0.0,0.0,0.08
3.037242,100,3137.743421,medium,0.8504205607476635,2.8504205607476636,2,1000,8,4,4,4,4,0,0,0,0,0.04710280373831633,0.0018918918918919131,0.1917999999999939,0.711126126126126,0.9999999999999979,3,True,106,0.10464788732394366,0.9197183098591555,0.4841408450704224,2.0680985915492958,24,65.0,57.0,0.046153846153846156,0.12307692307692308,0.6121507423909758,0.11648598130841072,0.2503351351351349,0.016485981308410714,0.1,0.08533513513513512,0.09999999999999977,0.015,0.05,0.0,0.0,0.08
1.735258,100,3182.219937,medium,0.6574766355140187,1.6574766355140187,1,1000,8,4,4,4,4,0,0,0,0,0.011471962616822493,0.03317567567567586,0.0,0.8083333333333317,0.4176666666666667,3,False,96,0.08535211267605634,0.8996619718309877,0.47061971830985916,2.0223591549295774,23,65.0,57.0,0.046153846153846156,0.1076923076923077,0.5327836037388659,0.10401518691588788,0.1537666666666665,0.004015186915887871,0.1,0.09699999999999981,0.04176666666666667,0.015,0.0,0.0,0.0,0.08
3.025059,100,3236.306,medium,0.8187694704049844,2.8187694704049844,2,1000,8,4,4,4,4,0,0,0,0,0.030093457943925244,0.07520270270270277,0.01749999999999997,0.8813063063063037,0.9999999999999992,4,True,96,0.07605633802816901,0.9174366197183127,0.5383380281690139,1.6466021126760564,23,65.0,60.0,0.046153846153846156,0.1076923076923077,0.7332555485478606,0.11053271028037384,0.2757567567567563,0.010532710280373832,0.1,0.10575675675675639,0.09999999999999992,0.02,0.05,0.0,0.0,0.08
4.114859,91,3278.81599,medium,1.0,4.0,3,902,6,4,2,4,2,0,0,0,2,0.008831775700934606,0.025540540540540616,0.0,1.0000000000000027,1.0,5,True,37,0.03795774647887324,0.7779718309859183,0.46456338028169003,2.892218309859155,23,65.0,59.0,0.03076923076923077,0.09230769230769231,0.6097257040953289,-0.009940568645517955,0.2950000000000003,0.0030911214953271114,0.04696830985915493,0.12000000000000033,0.1,0.025,0.05,0.0,0.06,0.08
4.20863,75,3313.495651,medium,1.0,4.0,3,748,8,4,4,4,4,0,0,0,0,0.02960280373831785,0.08560810810810837,0.0,1.0000000000000002,1.0,5,True,47,0.04609154929577465,0.7206760563380299,0.3512676056338029,3.404647887323944,11,65.0,60.0,0.046153846153846156,0.1076923076923077,0.8104740605610476,0.06842964328024223,0.29500000000000004,0.010360981308411248,0.058068661971830984,0.12000000000000001,0.1,0.025,0.05,0.0,0.0,0.08
4.209073,64,3343.983127,medium,1.0,4.0,3,634,6,4,2,4,2,0,0,0,2,0.05331775700934471,0.008986486486486481,0.16449999999999718,1.0,0.9999999999999959,5,True,31,0.036021126760563384,0.33492957746478813,0.1031267605633803,0.11852112676056338,1,58.0,57.0,0.034482758620689655,0.06896551724137931,0.6309516911081869,0.00117706002369318,0.2949999999999996,0.01866121495327065,0.04251584507042253,0.12000000000000001,0.09999999999999959,0.025,0.05,0.0,0.06,0.023704225352112675
4.308462,74,3380.698581,medium,1.0,4.0,3,738,8,4,4,4,4,0,0,0,0,0.05984423676012474,0.016081081081081257,0.1343333333333336,0.9999999999999992,0.9999999999999961,5,True,73,0.08482394366197184,0.5458591549295763,0.18591549295774654,0.16841549295774647,10,65.0,55.0,0.06153846153846154,0.13846153846153847,0.6670902515508508,0.12094548286604366,0.2949999999999995,0.020945482866043655,0.1,0.11999999999999987,0.09999999999999963,0.025,0.05,0.0,0.0,0.033683098591549304
4.102631,59,3410.908991,medium,1.0,4.0,3,582,2,0,2,0,2,0,0,0,6,0.0,0.0,0.0,1.0,1.0,5,True,48,0.05577464788732395,0.535830985915492,0.24191549295774653,2.1279401408450704,9,57.0,52.0,0.05263157894736842,0.12280701754385964,0.4980810557397445,-0.05416901408450704,0.295,0.0,0.06583098591549295,0.11999999999999997,0.1,0.025,0.05,0.0,0.12,0.08
1.679338,94,3458.25087,medium,0.6142445482866044,1.6142445482866044,1,940,8,4,4,4,4,0,0,0,0,0.023714953271028,0.0,0.0,0.6538288288288289,0.37333333333333335,3,False,94,0.10922535211267606,0.9505633802816913,0.5586197183098589,1.662306338028169,22,65.0,59.0,0.046153846153846156,0.1076923076923077,0.5947092419789003,0.1083002336448598,0.13079279279279277,0.008300233644859798,0.1,0.07845945945945944,0.03733333333333333,0.015,0.0,0.0,0.0,0.08
2.792618,77,3504.923222,medium,0.6200700934579436,2.6200700934579437,2,767,8,4,4,4,4,0,0,0,0,0.015864485981308088,0.019391891891892107,0.0,0.5579054054054046,1.0,2,True,83,0.07366197183098591,0.9236056338028179,0.5927887323943658,0.8169014084507042,28,65.0,57.0,0.03076923076923077,0.09230769230769231,0.4206921748463249,0.10229904896669727,0.2269486486486485,0.005552570093457831,0.09674647887323944,0.06694864864864854,0.09999999999999998,0.01,0.05,0.0,0.0,0.08
4.221772,72,3542.450009,medium,1.0,4.0,3,717,7,3,4,3,4,0,0,0,1,0.024205607476635718,0.04682432432432466,0.034300000000000136,1.0000000000000016,0.9999999999999983,5,True,116,0.10147887323943662,0.6625915492957751,0.45521126760563374,3.0991021126760563,12,65.0,57.0,0.06153846153846154,0.12307692307692308,0.6804386654557892,0.07847196261682252,0.29500000000000004,0.008471962616822502,0.1,0.1200000000000002,0.09999999999999984,0.025,0.05,0.0,0.03,0.08
1.747114,78,3582.558781,medium,0.6845404984423676,1.6845404984423675,1,772,8,4,4,4,4,0,0,0,0,0.03761682242990631,0.02128378378378401,0.0,0.7634009009009,0.0,3,False,96,0.10225352112676056,0.9365633802816907,0.6277746478873238,1.308169014084507,32,65.0,60.0,0.046153846153846156,0.1076923076923077,0.595396456624592,0.11316588785046722,0.10660810810810797,0.013165887850467208,0.1,0.09160810810810797,0.0,0.015,0.0,0.0,0.0,0.08
1.801836,91,3631.015738,medium,0.7318535825545172,1.7318535825545172,1,910,8,4,4,4,4,0,0,0,0,0.030584112149532737,0.02554054054054065,0.0,0.8198198198198186,0.119,4,False,106,0.0876056338028169,0.9285633802816916,0.4844507042253518,0.8498943661971831,16,65.0,56.0,0.03076923076923077,0.09230769230769231,0.7994086991920324,0.11070443925233646,0.1302783783783782,0.010704439252336455,0.1,0.0983783783783782,0.0119,0.02,0.0,0.0,0.0,0.08
4.213513,72,3669.167995,medium,1.0,4.0,3,714,7,4,3,4,3,0,0,0,1,0.038598130841121854,0.07283783783783845,0.0,1.0000000000000016,1.0,5,True,63,0.07320422535211267,0.6576338028169019,0.17371830985915487,0.673943661971831,4,65.0,59.0,0.046153846153846156,0.1076923076923077,0.8814087880274823,0.06991251480847717,0.29500000000000015,0.013509345794392646,0.08640316901408453,0.12000000000000018,0.09999999999999999,0.025,0.05,0.0,0.03,0.08
4.093797,64,3703.309619,medium,1.0,4.0,3,639,3,0,3,0,3,0,0,0,5,0.0,0.0,0.0,1.0,1.0,5,True,58,0.044929577464788734,0.7310985915492959,0.40284507042253515,2.0127464788732397,21,61.0,54.0,0.08196721311475409,0.14754098360655737,0.690179259230149,-0.05730281690140844,0.295,0.0,0.06269718309859156,0.12,0.1,0.025,0.05,0.0,0.12,0.08
4.172602,69,3739.867064,medium,1.0,4.0,3,686,4,1,3,1,3,0,0,0,4,0.004984423676012462,0.0,0.0,1.0,1.0,5,True,144,0.1280281690140845,0.48473239436619636,0.09633802816901409,0.1777112676056338,6,65.0,56.0,0.046153846153846156,0.1076923076923077,0.7770250864770604,-0.018255451713395626,0.295,0.0017445482866043616,0.1,0.11999999999999995,0.1,0.025,0.05,0.0,0.12,0.03554225352112676
4.228435,78,3789.529253,medium,1.0,4.0,3,775,8,4,4,4,4,0,0,0,0,0.06198598130841109,0.033581081081081106,0.008399999999999994,1.0000000000000027,0.9999999999999997,5,True,69,0.046320422535211264,0.7792112676056353,0.4299718309859151,2.2896654929577465,18,65.0,56.0,0.06153846153846154,0.15384615384615385,0.5948969830378946,0.09093541035935232,0.29500000000000026,0.02169509345794388,0.06924031690140844,0.1200000000000003,0.09999999999999998,0.025,0.05,0.0,0.0,0.08
3.156999,92,3837.358349,medium,0.9399532710280374,2.9399532710280374,2,913,8,4,4,4,4,0,0,0,0,0.09545171339563754,0.05421171171171176,0.1987999999999957,0.8263513513513487,0.9999999999999959,4,True,67,0.06970070422535211,0.9479436619718337,0.5353802816901404,2.8602112676056337,17,65.0,59.0,0.03076923076923077,0.09230769230769231,0.6298674430095392,0.11918362785748722,0.26916216216216143,0.033408099688473136,0.08577552816901408,0.09916216216216185,0.0999999999999996,0.02,0.05,0.0,0.0,0.08
4.238856,70,3873.065964,medium,1.0,4.0,3,699,7,3,4,3,4,0,0,0,1,0.06787383177569987,0.026013513513513636,0.1630999999999949,1.0,0.999999999999998,5,True,110,0.09397887323943661,0.6210422535211275,0.4358028169014083,4.401549295774648,20,63.0,58.0,0.031746031746031744,0.09523809523809523,0.7072121124750694,0.09375584112149496,0.29499999999999976,0.023755841121494956,0.1,0.11999999999999997,0.09999999999999981,0.025,0.05,0.0,0.03,0.08
3.164463,85,3916.834027,medium,0.9328660436137072,2.932866043613707,2,847,8,4,4,4,4,0,0,0,0,0.08455607476635381,0.030743243243243543,0.0,0.8058558558558548,1.0,4,True,120,0.10394366197183098,0.9267605633802812,0.6408169014084506,8.374348591549296,32,65.0,56.0,0.03076923076923077,0.09230769230769231,0.7509410052934259,0.12959462616822384,0.2667027027027025,0.02959462616822383,0.1,0.09670270270270254,0.1,0.02,0.05,0.0,0.0,0.08
4.279423,75,3954.831103,medium,1.0,4.0,3,743,8,4,4,4,4,0,0,0,0,0.04330218068535834,0.041441441441441434,0.0,1.0000000000000016,1.0,5,True,76,0.07901408450704225,0.6836901408450713,0.3841408450704224,0.26846830985915493,7,65.0,60.0,0.046153846153846156,0.1076923076923077,0.6192687877612092,0.1124163266201571,0.2950000000000002,0.015155763239875419,0.09726056338028169,0.1200000000000002,0.1,0.025,0.05,0.0,0.0,0.05369366197183099
4.177443,75,3991.102575,medium,1.0,4.0,3,741,7,4,3,4,3,0,0,0,1,0.03457943925233651,0.006756756756756758,0.0,1.0000000000000013,1.0,5,True,53,0.037253521126760565,0.7813521126760576,0.5292394366197181,1.9482922535211267,39,65.0,63.0,0.03076923076923077,0.07692307692307693,0.6613840983427609,0.03654294458338819,0.2950000000000001,0.012102803738317777,0.05444014084507042,0.1200000000000001,0.1,0.025,0.05,0.0,0.03,0.08
3.0921,100,4046.595659,medium,0.8598130841121495,2.8598130841121496,2,1000,8,4,4,4,4,0,0,0,0,0.049392523364484846,0.0,0.21139999999999512,1.0,0.9999999999999961,5,True,97,0.0739612676056338,0.8485915492957773,0.46042253521126714,0.4465492957746479,14,65.0,51.0,0.046153846153846156,0.13846153846153847,0.327804992791223,0.1172873831775697,0.2949999999999996,0.01728738317756969,0.1,0.12000000000000001,0.0999999999999996,0.025,0.05,0.0,0.0,0.08
4.082834,57,4074.774732,medium,1.0,4.0,3,570,3,2,1,2,1,0,0,0,5,0.05397196261682109,0.0004729729729729731,0.23029999999999431,1.0,0.9999999999999961,5,True,24,0.018591549295774647,0.4360563380281687,0.23707042253521127,0.6994366197183098,21,54.0,53.0,0.037037037037037035,0.07407407407407407,0.8126790955525277,-0.07516615111228163,0.2949999999999996,0.018890186915887383,0.025943661971830987,0.12,0.09999999999999962,0.025,0.05,0.0,0.12,0.08
3.103555,100,4124.45558,medium,0.9034267912772586,2.9034267912772584,2,1000,8,4,4,4,4,0,0,0,0,0.06754672897196227,0.0,0.14769999999999792,0.7207207207207207,0.9999999999999959,4,True,165,0.14096830985915493,0.7963380281690173,0.5241690140845063,0.4383098591549296,22,65.0,56.0,0.06153846153846154,0.13846153846153847,0.6737804812216434,0.1236413551401868,0.2564864864864861,0.023641355140186796,0.1,0.08648648648648649,0.09999999999999962,0.02,0.05,0.0,0.0,0.08
4.254193,77,4162.229889,medium,1.0,4.0,3,769,8,4,4,4,4,0,0,0,0,0.045981308411215165,0.03972972972972998,0.0,1.0000000000000018,1.0,5,True,184,0.16359154929577466,0.7941690140845085,0.6101971830985914,4.090264084507043,22,65.0,58.0,0.03076923076923077,0.09230769230769231,0.515615272166995,0.11609345794392531,0.2950000000000002,0.016093457943925308,0.1,0.12000000000000022,0.1,0.025,0.05,0.0,0.0,0.08
4.25046,83,4204.044811,medium,1.0,4.0,3,824,8,4,4,4,4,0,0,0,0,0.05102803738317685,0.02932432432432447,0.1721999999999968,0.9999999999999986,0.9999999999999961,5,True,96,0.07436619718309859,0.8150704225352136,0.45095774647887277,0.7739612676056338,14,65.0,60.0,0.046153846153846156,0.1076923076923077,0.5456994958263819,0.1178598130841119,0.2949999999999995,0.017859813084111897,0.1,0.11999999999999984,0.09999999999999962,0.025,0.05,0.0,0.0,0.08
4.2347,81,4242.878737,medium,1.0,4.0,3,803,8,4,4,4,4,0,0,0,0,0.0,0.0,0.0,1.0,1.0,5,True,92,0.07676056338028169,0.6767042253521138,0.34932394366197167,0.5096478873239436,13,65.0,59.0,0.046153846153846156,0.1076923076923077,0.7957154491518336,0.1,0.295,0.0,0.1,0.11999999999999997,0.1,0.025,0.05,0.0,0.0,0.08
2.965781,81,4289.445667,medium,0.7745327102803738,2.774532710280374,2,806,8,4,4,4,4,0,0,0,0,0.03647196261682242,0.0018918918918919131,0.0,0.6572072072072072,1.0,3,True,96,0.06295774647887324,0.9461408450704232,0.659971830985915,3.295774647887324,23,65.0,59.0,0.03076923076923077,0.09230769230769231,0.4834967211257393,0.10798349677504279,0.24386486486486486,0.012765186915887846,0.09521830985915494,0.07886486486486487,0.1,0.015,0.05,0.0,0.0,0.08
4.147315,70,4324.190548,medium,1.0,4.0,3,697,6,4,2,4,2,0,0,0,2,0.020443925233644997,0.0,0.07630000000000058,1.0,0.9999999999999961,5,True,40,0.04647887323943662,0.6667042253521135,0.33397183098591554,5.519982394366197,8,64.0,57.0,0.046875,0.109375,0.6992326921019372,0.002014528761353211,0.2949999999999996,0.007155373831775748,0.054859154929577464,0.12,0.09999999999999962,0.025,0.05,0.0,0.06,0.08
3.119764,76,4360.890076,medium,0.9034267912772586,2.9034267912772584,2,757,8,4,4,4,4,0,0,0,0,0.07549844236760127,0.041441441441441434,0.13439999999999844,0.7207207207207192,0.9999999999999961,4,True,76,0.06816901408450704,0.932394366197185,0.6075492957746477,2.9407394366197184,29,65.0,56.0,0.03076923076923077,0.09230769230769231,0.7151847100771667,0.11555121539204073,0.2564864864864859,0.026424454828660442,0.08912676056338029,0.08648648648648632,0.09999999999999962,0.02,0.05,0.0,0.0,0.08
4.23959,78,4398.445804,medium,1.0,4.0,3,779,8,4,4,4,4,0,0,0,0,0.034532710280373885,0.006621621621621616,0.0,1.0000000000000013,1.0,5,True,71,0.07320422535211267,0.6877746478873255,0.3285915492957745,2.0687323943661973,8,65.0,63.0,0.03076923076923077,0.07692307692307693,0.6135851333676711,0.10248961761221538,0.29500000000000015,0.01208644859813086,0.09040316901408452,0.12000000000000013,0.1,0.025,0.05,0.0,0.0,0.08
4.236712,76,4433.485519,medium,1.0,4.0,3,758,8,4,4,4,4,0,0,0,0,0.04164330218068524,0.041441441441441434,0.0,1.0000000000000016,1.0,5,True,82,0.05591549295774648,0.7193521126760569,0.37019718309859156,2.376161971830986,17,65.0,56.0,0.046153846153846156,0.1076923076923077,0.7181621903844653,0.09751177548154968,0.2950000000000002,0.014575155763239832,0.08293661971830986,0.12000000000000019,0.1,0.025,0.05,0.0,0.0,0.08
4.255107,81,4474.32497,medium,1.0,4.0,3,805,8,4,4,4,4,0,0,0,0,0.05887850467289598,0.0,0.18689999999999618,1.0,0.9999999999999959,5,True,192,0.1707042253521127,0.6403380281690146,0.4312112676056335,0.7815492957746479,22,65.0,57.0,0.046153846153846156,0.1076923076923077,0.7082896705236792,0.1206074766355136,0.2949999999999996,0.020607476635513593,0.1,0.11999999999999998,0.0999999999999996,0.025,0.05,0.0,0.0,0.08
4.228858,99,4521.922919,medium,1.0,4.0,3,990,8,4,4,4,4,0,0,0,0,0.036736760124609885,0.056103603603603586,0.0741999999999968,0.9999999999999973,1.0,5,True,132,0.10633802816901408,0.8752957746478892,0.5243098591549293,1.5094542253521126,18,65.0,58.0,0.06153846153846154,0.12307692307692308,0.595396456624592,0.11285786604361346,0.29499999999999965,0.012857866043613457,0.1,0.11999999999999965,0.1,0.025,0.05,0.0,0.0,0.08
3.049094,78,4567.12434,medium,0.8672897196261682,2.867289719626168,2,780,8,4,4,4,4,0,0,0,0,0.0024532710280373805,0.007094594594594587,0.0,0.6162162162162159,1.0,3,True,107,0.09619718309859154,0.9461408450704238,0.7270985915492962,5.514260563380281,16,65.0,57.0,0.07692307692307693,0.15384615384615385,0.580829035376006,0.10085864485981309,0.23894594594594587,0.0008586448598130831,0.1,0.07394594594594589,0.1,0.015,0.05,0.0,0.0,0.08
4.154344,71,4599.810369,medium,1.0,4.0,3,708,6,4,2,4,2,0,0,0,2,0.03224299065420567,0.0,0.0,1.0,1.0,5,True,48,0.04647887323943662,0.6607887323943653,0.3406197183098591,0.7974647887323943,7,65.0,59.0,0.046153846153846156,0.1076923076923077,0.8045278043448499,0.010144201658549457,0.295,0.011285046728971983,0.05885915492957747,0.11999999999999998,0.1,0.025,0.05,0.0,0.06,0.08
4.105427,67,4632.020388,medium,1.0,4.0,3,665,4,1,3,1,3,0,0,0,4,0.000817757009345795,0.0,0.0035000000000000022,1.0,0.9999999999999999,5,True,58,0.06352112676056337,0.48321126760563304,0.22087323943661977,0.6872887323943662,14,63.0,52.0,0.06349206349206349,0.14285714285714285,0.763599038959592,-0.04307293997630644,0.295,0.0002862149532710282,0.07664084507042253,0.11999999999999997,0.09999999999999999,0.025,0.05,0.0,0.12,0.08
4.215096,79,4671.740621,medium,1.0,4.0,3,785,8,4,4,4,4,0,0,0,0,0.045327102803738466,0.037837837837838076,0.0,0.9999999999999981,1.0,5,True,61,0.04297535211267606,0.7901408450704218,0.5613802816901406,4.313890845070422,17,65.0,54.0,0.07692307692307693,0.15384615384615385,0.454464171196811,0.0785960000658155,0.2949999999999998,0.015864485981308463,0.06273151408450704,0.11999999999999979,0.1,0.025,0.05,0.0,0.0,0.08
4.160639,65,4704.777217,medium,1.0,4.0,3,650,5,2,3,2,3,0,0,0,3,0.05339563862928295,0.018918918918919128,0.07349999999999683,0.999999999999999,1.0,5,True,72,0.06126760563380282,0.5576338028169009,0.37104225352112663,1.8586971830985914,12,60.0,57.0,0.03333333333333333,0.1,0.6180801271869059,0.010639177745601164,0.2949999999999999,0.01868847352024903,0.08195070422535213,0.11999999999999987,0.1,0.025,0.05,0.0,0.09,0.08
4.238147,88,4748.770131,medium,1.0,4.0,3,875,8,4,4,4,4,0,0,0,0,0.030420560747663337,0.005675675675675672,0.0,0.9999999999999998,1.0,5,True,95,0.08295774647887325,0.8514366197183099,0.5446760563380281,2.8139612676056336,16,65.0,59.0,0.03076923076923077,0.09230769230769231,0.46009047349722404,0.11064719626168218,0.295,0.010647196261682168,0.1,0.11999999999999995,0.1,0.025,0.05,0.0,0.0,0.08
1.564786,78,4786.755509,medium,0.5393457943925231,1.539345794392523,1,772,8,4,4,4,4,0,0,0,0,0.009813084112149241,0.008513513513513503,0.02869999999999876,0.4594594594594591,0.14069999999999877,2,False,126,0.11091549295774648,0.9236056338028205,0.562225352112676,2.7189084507042254,15,65.0,60.0,0.03076923076923077,0.09230769230769231,0.5128441323519789,0.10343457943925224,0.07920513513513495,0.003434579439252234,0.1,0.05513513513513508,0.014069999999999876,0.01,0.0,0.0,0.0,0.08
0.388745,78,4832.764679,medium,0.4197429906542056,0.4197429906542056,0,775,7,3,4,3,4,0,0,0,1,0.008964174454828675,0.023085585585585624,0.0,0.4030405405405394,0.0,1,False,192,0.1707042253521127,0.9301126760563384,0.7348169014084502,1.1672711267605633,43,65.0,58.0,0.03076923076923077,0.09230769230769231,0.35367207465487155,0.07313746105919004,0.05336486486486473,0.0031374610591900355,0.1,0.048364864864864736,0.0,0.005,0.0,0.0,0.03,0.08
4.228081,73,4868.016405,medium,1.0,4.0,3,729,8,4,4,4,4,0,0,0,0,0.03123831775700899,0.0,0.0,1.0,1.0,5,True,78,0.04806338028169014,0.6170422535211266,0.38509859154929554,2.103169014084507,20,65.0,53.0,0.046153846153846156,0.13846153846153847,0.5831706538684372,0.08598094642622076,0.295,0.010933411214953146,0.07504753521126761,0.11999999999999998,0.1,0.025,0.05,0.0,0.0,0.08
3.053829,100,4918.080223,medium,0.8536604361370717,2.853660436137072,2,1000,8,4,4,4,4,0,0,0,0,0.0277414330218063,0.041441441441441434,0.05739999999999752,0.8371621621621601,1.0,4,True,108,0.11676056338028169,0.9112676056338034,0.5096338028169012,1.7898943661971831,22,65.0,56.0,0.046153846153846156,0.1076923076923077,0.7424532895414241,0.1097095015576322,0.2704594594594592,0.009709501557632207,0.1,0.1004594594594592,0.1,0.02,0.05,0.0,0.0,0.08
2.975005,77,5049.207698,medium,0.7976479750778815,2.7976479750778815,2,764,8,4,4,4,4,0,0,0,0,0.011121495327102784,0.0,0.0,0.5405405405405406,1.0,3,True,96,0.08915492957746479,0.9317183098591574,0.5172112676056334,3.7666725352112675,13,65.0,58.0,0.03076923076923077,0.09230769230769231,0.556585829258309,0.10389252336448598,0.22986486486486485,0.0038925233644859746,0.1,0.06486486486486485,0.1,0.015,0.05,0.0,0.0,0.08
4.2523,75,5232.177681,medium,1.0,4.0,3,741,8,4,4,4,4,0,0,0,0,0.03257009345794399,0.0009459459459459462,0.0,1.0000000000000002,1.0,5,True,78,0.08133802816901409,0.7139999999999995,0.4422253521126757,2.048556338028169,12,65.0,60.0,0.03076923076923077,0.09230769230769231,0.6829138220402423,0.1113995327102804,0.29500000000000004,0.011399532710280396,0.1,0.12000000000000002,0.1,0.025,0.05,0.0,0.0,0.08
4.169422,65,5375.938113,medium,1.0,4.0,3,646,5,3,2,3,2,0,0,0,3,0.0451401869158866,0.0,0.18479999999999466,1.0,0.9999999999999976,5,True,82,0.06963028169014085,0.5536338028169009,0.3469859154929578,1.370193661971831,13,60.0,54.0,0.06666666666666667,0.13333333333333333,0.6846019496313539,0.019021776688165945,0.29499999999999976,0.01579906542056031,0.09322271126760563,0.11999999999999998,0.09999999999999976,0.025,0.05,0.0,0.09,0.08
1.621513,79,6013.905624,medium,0.5990654205607476,1.5990654205607475,1,786,8,4,4,4,4,0,0,0,0,0.02600467289719614,0.0,0.0,0.5162162162162162,0.0,2,False,192,0.1707042253521127,0.9460845070422557,0.5707042253521123,0.8334154929577465,17,65.0,52.0,0.06153846153846154,0.13846153846153847,0.5490004451402073,0.10910163551401865,0.07194594594594594,0.009101635514018647,0.1,0.06194594594594595,0.0,0.01,0.0,0.0,0.0,0.08
3.053378,85,6058.486505,medium,0.8732866043613707,2.873286604361371,2,850,8,4,4,4,4,0,0,0,0,0.011612149532710347,0.0,0.0,0.6335585585585586,1.0,3,True,120,0.09464788732394366,0.9267605633802849,0.5932676056338025,4.164507042253521,22,65.0,54.0,0.046153846153846156,0.12307692307692308,0.6169801719278196,0.10406425233644863,0.24102702702702705,0.0040642523364486215,0.1,0.07602702702702704,0.09999999999999999,0.015,0.05,0.0,0.0,0.08
2.793656,76,6097.96569,medium,0.6489953271028039,2.6489953271028037,2,759,8,4,4,4,4,0,0,0,0,0.018154205607476742,0.02648648648648669,0.0,0.3903378378378371,1.0,1,True,96,0.059154929577464786,0.9267605633802843,0.6349577464788733,1.4390845070422535,22,65.0,56.0,0.046153846153846156,0.1076923076923077,0.36522402771533286,0.09872016914571546,0.20184054054054046,0.0063539719626168585,0.0923661971830986,0.04684054054054045,0.1,0.005,0.05,0.0,0.0,0.08
4.147768,71,6134.070646,medium,1.0,4.0,3,709,6,4,2,4,2,0,0,0,2,0.013738317757009377,0.039729729729729824,0.0,1.0000000000000013,1.0,5,True,48,0.04647887323943662,0.5872394366197179,0.34016901408450684,1.9749647887323944,12,65.0,62.0,0.03076923076923077,0.09230769230769231,0.5962882031901826,0.0036675661445307456,0.29500000000000015,0.004808411214953281,0.05885915492957746,0.12000000000000018,0.09999999999999999,0.025,0.05,0.0,0.06,0.08
3.022874,100,6184.069448,medium,0.8165887850467289,2.816588785046729,2,1000,8,4,4,4,4,0,0,0,0,0.03224299065420567,0.0,0.0,0.875,1.0,4,True,87,0.08799295774647888,0.9113239436619761,0.46985915492957747,1.968943661971831,20,65.0,60.0,0.03076923076923077,0.09230769230769231,0.5670178425598997,0.11128504672897199,0.27499999999999997,0.011285046728971983,0.1,0.10500000000000001,0.09999999999999998,0.02,0.05,0.0,0.0,0.08
3.063294,85,6226.065588,medium,0.8378504672897197,2.83785046728972,2,844,8,4,4,4,4,0,0,0,0,0.041869158878504585,0.03878378378378403,0.12179999999999902,0.8765765765765747,0.9999999999999959,4,True,80,0.08366197183098592,0.9372957746478877,0.6210140845070421,2.276144366197183,16,65.0,53.0,0.046153846153846156,0.12307692307692308,0.4862103888700234,0.1146542056074766,0.27518918918918855,0.014654205607476602,0.1,0.10518918918918896,0.09999999999999958,0.02,0.05,0.0,0.0,0.08
4.26299,79,6283.520065,medium,1.0,4.0,3,788,8,4,4,4,4,0,0,0,0,0.07654205607476504,0.0,0.2001999999999956,1.0,0.9999999999999961,5,True,91,0.08908450704225353,0.7066478873239449,0.4236056338028163,1.0854577464788733,13,65.0,59.0,0.03076923076923077,0.09230769230769231,0.4398477517361177,0.12678971962616778,0.29499999999999965,0.026789719626167764,0.1,0.12,0.09999999999999963,0.025,0.05,0.0,0.0,0.08
3.00686,79,6323.703245,medium,0.7824376947040499,2.7824376947040497,2,786,8,4,4,4,4,0,0,0,0,0.07106697819314636,0.06272522522522536,0.1063333333333336,0.7762387387387357,0.9999999999999961,3,True,96,0.07225352112676056,0.9332112676056351,0.6073521126760562,1.6333098591549295,19,65.0,57.0,0.046153846153846156,0.1076923076923077,0.6552389247372196,0.12487344236760123,0.2581486486486479,0.024873442367601223,0.1,0.09314864864864826,0.09999999999999963,0.015,0.05,0.0,0.0,0.08
3.045699,88,6368.838342,medium,0.8219859813084112,2.821985981308411,2,877,8,4,4,4,4,0,0,0,0,0.04154205607476558,0.0014189189189189348,0.17569999999999666,0.8906081081081081,0.9999999999999959,4,True,159,0.13235915492957748,0.9476901408450717,0.6154647887323943,1.3787147887323943,16,65.0,58.0,0.07692307692307693,0.15384615384615385,0.5887539553261105,0.11453971962616796,0.2768729729729726,0.014539719626167954,0.1,0.10687297297297299,0.09999999999999959,0.02,0.05,0.0,0.0,0.08
4.19686,72,6404.632009,medium,1.0,4.0,3,718,7,3,4,3,4,0,0,0,1,0.0,0.0,0.0,1.0,1.0,5,True,61,0.07088028169014085,0.7142816901408454,0.38014084507042234,2.296478873239437,14,65.0,57.0,0.03076923076923077,0.09230769230769231,0.7302590139962343,0.053660211267605645,0.295,0.0,0.08366021126760564,0.11999999999999998,0.1,0.025,0.05,0.0,0.03,0.08
3.042333,82,6446.618341,medium,0.856386292834891,2.856386292834891,2,817,8,4,4,4,4,0,0,0,0,0.03566978193146425,0.041441441441441434,0.0,0.5846846846846826,1.0,3,True,80,0.08056338028169015,0.9267605633802817,0.7464788732394368,5.569172535211267,33,65.0,59.0,0.046153846153846156,0.12307692307692308,0.595143706225744,0.1124844236760125,0.2351621621621619,0.012484423676012485,0.1,0.0701621621621619,0.1,0.015,0.05,0.0,0.0,0.08
4.234038,90,6491.164639,medium,1.0,4.0,3,892,8,4,4,4,4,0,0,0,0,0.055218068535825234,0.06603603603603624,0.0,0.9999999999999981,1.0,5,True,78,0.06654929577464788,0.7987042253521139,0.44261971830985897,2.1179049295774646,22,65.0,58.0,0.06153846153846154,0.12307692307692308,0.4885353521415362,0.10823829581852473,0.29499999999999976,0.019326323987538828,0.08891197183098591,0.11999999999999976,0.1,0.025,0.05,0.0,0.0,0.08
4.206592,71,6525.891079,medium,1.0,4.0,3,702,6,2,4,2,4,0,0,0,2,0.007850467289719656,0.02270270270270279,0.0,0.999999999999999,1.0,5,True,89,0.07390845070422535,0.5655492957746466,0.27825352112676044,0.3044366197183099,13,65.0,55.0,0.046153846153846156,0.1076923076923077,0.5318512722896107,0.0426790015795709,0.2949999999999998,0.0027476635514018795,0.09993133802816902,0.11999999999999983,0.1,0.025,0.05,0.0,0.06,0.06088732394366197
4.077632,68,6573.767264,medium,1.0,4.0,3,674,3,0,3,0,3,0,0,0,5,0.0,0.0,0.0,1.0,1.0,5,True,52,0.03204225352112676,0.5530422535211262,0.3439154929577465,4.670070422535211,9,65.0,59.0,0.03076923076923077,0.09230769230769231,0.5851314535340038,-0.06996830985915492,0.29500000000000004,0.0,0.05003169014084507,0.12000000000000001,0.1,0.025,0.05,0.0,0.12,0.08
3.026289,91,6618.876064,medium,0.8596573208722741,2.859657320872274,2,904,8,4,4,4,4,0,0,0,0,0.023909657320872326,0.041441441441441434,0.041000000000000016,0.5941441441441427,0.999999999999998,3,True,96,0.059154929577464786,0.9267605633802827,0.5538028169014081,4.4728521126760565,23,65.0,58.0,0.03076923076923077,0.09230769230769231,0.6347298686170963,0.10073457724540391,0.23629729729729693,0.008368380062305315,0.0923661971830986,0.07129729729729714,0.09999999999999981,0.015,0.05,0.0,0.0,0.08
4.254517,72,6655.279962,medium,1.0,4.0,3,719,7,3,4,3,4,0,0,0,1,0.05429906542056015,0.03972972972972998,0.167999999999997,0.999999999999998,0.9999999999999959,5,True,162,0.13911971830985914,0.4931267605633793,0.18938028169014084,0.2879401408450704,6,65.0,62.0,0.03076923076923077,0.09230769230769231,0.6676740950148109,0.08900467289719606,0.2949999999999994,0.01900467289719605,0.1,0.11999999999999975,0.09999999999999962,0.025,0.05,0.0,0.03,0.05758802816901409
4.107009,56,6682.586833,medium,1.0,4.0,3,556,4,2,2,2,2,0,0,0,4,0.025000000000000057,0.024099099099099113,0.07133333333333332,1.0000000000000027,0.9999999999999963,5,True,48,0.04647887323943662,0.5197183098591543,0.22028169014084506,0.4717605633802817,5,52.0,44.0,0.057692307692307696,0.15384615384615385,0.48399897223261584,-0.05239084507042252,0.295,0.00875000000000002,0.05885915492957746,0.12000000000000034,0.09999999999999964,0.025,0.05,0.0,0.12,0.08
4.246537,80,6721.799602,medium,1.0,4.0,3,795,8,4,4,4,4,0,0,0,0,0.03153426791277226,0.06565315315315323,0.0,1.0000000000000004,1.0,5,True,78,0.08133802816901409,0.7911267605633799,0.39566197183098584,5.006338028169014,11,65.0,60.0,0.046153846153846156,0.1076923076923077,0.5755642344682877,0.1110369937694703,0.29500000000000004,0.011036993769470288,0.1,0.12000000000000005,0.09999999999999999,0.025,0.05,0.0,0.0,0.08
4.243406,79,6762.160816,medium,1.0,4.0,3,790,8,4,4,4,4,0,0,0,0,0.034820872274142815,0.06664414414414417,0.05039999999999783,0.999999999999998,1.0,5,True,96,0.06295774647887324,0.6032676056338021,0.39774647887323905,1.0847887323943661,20,65.0,56.0,0.03076923076923077,0.09230769230769231,0.3457676814616343,0.10740561515510491,0.29499999999999976,0.012187305295949986,0.09521830985915493,0.11999999999999975,0.1,0.025,0.05,0.0,0.0,0.08
3.133343,100,6828.594799,medium,0.9376947040498442,2.9376947040498442,2,1000,8,4,4,4,4,0,0,0,0,0.020771028037383343,0.03168918918918936,0.0,0.8198198198198183,1.0,4,True,192,0.1707042253521127,0.9278309859154928,0.6387605633802816,16.403080985915494,14,65.0,57.0,0.046153846153846156,0.1076923076923077,0.4398477517361177,0.10726985981308418,0.2683783783783782,0.00726985981308417,0.1,0.09837837837837818,0.1,0.02,0.05,0.0,0.0,0.08
4.194393,74,6865.41227,medium,1.0,4.0,3,739,8,4,4,4,4,0,0,0,0,0.0,0.0,0.0,1.0,1.0,5,True,52,0.036390845070422534,0.5756338028169008,0.28307042253521125,1.8743838028169013,12,65.0,60.0,0.03076923076923077,0.09230769230769231,0.6471117184204564,0.053293133802816896,0.295,0.0,0.053293133802816896,0.12,0.1,0.025,0.05,0.0,0.0,0.08
4.149584,70,6900.434879,medium,1.0,4.0,3,691,5,2,3,2,3,0,0,0,3,0.014719626168224396,0.0,0.0,1.0,1.0,5,True,69,0.07204225352112677,0.44771830985915484,0.2669014084507042,2.259137323943662,12,65.0,58.0,0.06153846153846154,0.13846153846153847,0.6097257040953289,0.00368355929972361,0.295,0.005151869158878538,0.08853169014084507,0.12,0.1,0.025,0.05,0.0,0.09,0.08
4.273605,73,6936.820553,medium,1.0,4.0,3,728,8,4,4,4,4,0,0,0,0,0.08972741433021704,0.04853603603603611,0.18549999999999625,1.0000000000000013,0.9999999999999959,5,True,82,0.08598591549295774,0.6648169014084513,0.31225352112676064,1.4856338028169014,12,65.0,53.0,0.06153846153846154,0.13846153846153847,0.730442396953576,0.13140459501557597,0.29499999999999976,0.03140459501557596,0.1,0.12000000000000015,0.0999999999999996,0.025,0.05,0.0,0.0,0.08
4.260936,77,6974.571828,medium,1.0,4.0,3,762,8,4,4,4,4,0,0,0,0,0.06740654205607431,0.0,0.15049999999999777,1.0,0.9999999999999959,5,True,82,0.07672535211267606,0.6591549295774641,0.29991549295774655,2.1285211267605635,11,65.0,58.0,0.046153846153846156,0.1076923076923077,0.5144307914704538,0.12213630380413307,0.2949999999999996,0.023592289719626007,0.09854401408450705,0.11999999999999998,0.09999999999999959,0.025,0.05,0.0,0.0,0.08
4.180197,71,7009.528088,medium,1.0,4.0,3,707,6,2,4,2,4,0,0,0,2,0.029112149532710015,0.0,0.0,1.0,1.0,5,True,68,0.06894366197183098,0.6496338028169015,0.41112676056338016,5.073485915492958,17,65.0,55.0,0.046153846153846156,0.1076923076923077,0.5628380836086689,0.035896998815321726,0.295,0.010189252336448506,0.08570774647887322,0.11999999999999998,0.1,0.025,0.05,0.0,0.06,0.08
4.297634,88,7050.346921,medium,1.0,4.0,3,873,8,4,4,4,4,0,0,0,0,0.07899532710280231,0.0,0.23029999999999431,1.0,0.9999999999999961,5,True,187,0.1648943661971831,0.7450985915492976,0.38878873239436607,0.18857394366197183,13,65.0,57.0,0.03076923076923077,0.09230769230769231,0.7169395275332636,0.12764836448598083,0.2949999999999996,0.027648364485980806,0.1,0.11999999999999997,0.09999999999999962,0.025,0.05,0.0,0.0,0.037714788732394366
4.282701,79,7094.964163,medium,1.0,4.0,3,784,8,4,4,4,4,0,0,0,0,0.02270249221183804,0.007094594594594606,0.0,1.000000000000001,1.0,5,True,152,0.13186619718309858,0.6236056338028172,0.3938028169014083,0.20922535211267607,16,65.0,56.0,0.046153846153846156,0.12307692307692308,0.5546141453798703,0.10794587227414332,0.29500000000000015,0.007945872274143314,0.1,0.12000000000000013,0.09999999999999999,0.025,0.05,0.0,0.0,0.04184507042253522
4.0717,57,7122.754448,medium,1.0,4.0,3,561,2,1,1,1,1,0,0,0,6,0.015342679127725854,0.0,0.0,1.0,1.0,5,True,20,0.02323943661971831,0.5287605633802813,0.3096056338028169,2.9095774647887325,10,55.0,51.0,0.05454545454545454,0.12727272727272726,0.6527238889178465,-0.08720048484050721,0.29500000000000004,0.0053699376947040495,0.027429577464788732,0.12000000000000002,0.1,0.025,0.05,0.0,0.12,0.08
3.16807,100,7173.66226,medium,0.9551401869158879,2.9551401869158878,2,1000,8,4,4,4,4,0,0,0,0,0.05285046728971985,0.059594594594594985,0.0,0.8702702702702673,1.0,4,True,125,0.11140845070422535,0.8975774647887362,0.5769577464788731,3.5475352112676055,27,65.0,56.0,0.046153846153846156,0.1076923076923077,0.5024121190503882,0.11849766355140195,0.27443243243243204,0.018497663551401946,0.1,0.10443243243243204,0.1,0.02,0.05,0.0,0.0,0.08
4.21725,81,7214.065123,medium,1.0,4.0,3,810,8,4,4,4,4,0,0,0,0,0.019789719626167764,0.0,0.05039999999999783,1.0,1.0,5,True,54,0.04183098591549296,0.7563943661971855,0.2442535211267606,0.3102464788732394,14,65.0,54.0,0.06153846153846154,0.13846153846153847,0.8930553164079448,0.06529964130577844,0.29500000000000004,0.006926401869158718,0.05837323943661971,0.12000000000000002,0.1,0.025,0.05,0.0,0.0,0.06204929577464789
4.078654,68,7248.261616,medium,1.0,4.0,3,679,3,1,2,1,2,0,0,0,5,0.007196261682243011,0.02081081081081087,0.0,1.0000000000000029,1.0,5,True,48,0.033380281690140845,0.6680000000000003,0.2987323943661972,3.329137323943662,9,65.0,60.0,0.03076923076923077,0.09230769230769231,0.6576131368375835,-0.0684460971436093,0.2950000000000003,0.0025186915887850537,0.049035211267605634,0.12000000000000033,0.1,0.025,0.05,0.0,0.12,0.08
4.254581,76,7286.913101,medium,1.0,4.0,3,754,8,4,4,4,4,0,0,0,0,0.04280373831775716,0.026486486486486657,0.11800000000000024,0.9999999999999988,0.9999999999999967,5,True,82,0.09528169014084507,0.6476901408450711,0.24397183098591546,0.512112676056338,9,65.0,59.0,0.03076923076923077,0.09230769230769231,0.814549149272654,0.11498130841121501,0.2949999999999995,0.014981308411215007,0.1,0.1199999999999998,0.09999999999999966,0.025,0.05,0.0,0.0,0.08
3.194511,100,7336.694651,medium,0.9524922118380063,2.952492211838006,2,1000,8,4,4,4,4,0,0,0,0,0.07719626168224138,0.0,0.14279999999999382,1.0,1.0,5,True,155,0.13151408450704224,0.9176901408450717,0.47205633802816904,0.8916197183098592,16,65.0,60.0,0.03076923076923077,0.09230769230769231,0.40503725235481824,0.12701869158878448,0.295,0.027018691588784477,0.1,0.11999999999999995,0.1,0.025,0.05,0.0,0.0,0.08
4.083377,61,7376.476434,medium,1.0,4.0,3,606,3,1,2,1,2,0,0,0,5,0.006705607476635531,0.01939189189189194,0.0,1.0000000000000029,1.0,5,True,34,0.03950704225352113,0.4817464788732386,0.2370985915492958,0.45533450704225353,16,58.0,53.0,0.034482758620689655,0.10344827586206896,0.5109713429500853,-0.07102275569303672,0.2950000000000003,0.0023469626168224358,0.04663028169014084,0.12000000000000031,0.1,0.025,0.05,0.0,0.12,0.08
4.254223,82,7418.010056,medium,1.0,4.0,3,819,8,4,4,4,4,0,0,0,0,0.0603504672897183,0.018918918918918965,0.23029999999999431,1.000000000000003,0.9999999999999961,5,True,151,0.1344718309859155,0.776056338028168,0.4625915492957744,1.0579577464788732,13,65.0,58.0,0.046153846153846156,0.1076923076923077,0.5772993305389236,0.12112266355140142,0.29499999999999993,0.021122663551401404,0.1,0.12000000000000033,0.0999999999999996,0.025,0.05,0.0,0.0,0.08
4.260798,79,7457.449214,medium,1.0,4.0,3,788,8,4,4,4,4,0,0,0,0,0.07028037383177548,0.06554054054054065,0.0,1.0000000000000004,1.0,5,True,108,0.08348591549295775,0.6416619718309857,0.3899999999999997,0.8047887323943662,17,65.0,58.0,0.03076923076923077,0.09230769230769231,0.6232762862941836,0.12459813084112142,0.29500000000000004,0.02459813084112141,0.1,0.12000000000000005,0.1,0.025,0.05,0.0,0.0,0.08
4.064072,52,7482.945418,medium,1.0,4.0,3,515,1,0,1,0,1,0,0,0,7,0.0,0.0,0.0,1.0,1.0,5,True,15,0.017429577464788733,0.4171267605633797,0.14292957746478874,1.1722535211267606,5,51.0,42.0,0.058823529411764705,0.17647058823529413,0.6337947781925708,-0.09942781690140845,0.295,0.0,0.02057218309859155,0.11999999999999998,0.1,0.025,0.05,0.0,0.12,0.08
4.28246,73,7519.348158,medium,1.0,4.0,3,724,8,4,4,4,4,0,0,0,0,0.04334112149532738,0.06479729729729777,0.0,1.0000000000000027,1.0,5,True,153,0.14640845070422534,0.6116901408450703,0.31166197183098593,0.2765492957746479,10,65.0,57.0,0.06153846153846154,0.12307692307692308,0.6561612961796947,0.11516939252336458,0.2950000000000003,0.015169392523364583,0.1,0.12000000000000031,0.09999999999999999,0.025,0.05,0.0,0.0,0.055309859154929586
3.054134,80,7558.256906,medium,0.8493769470404985,2.8493769470404984,2,798,8,4,4,4,4,0,0,0,0,0.00359813084112149,0.0,0.015399999999999978,0.7774774774774775,0.9999999999999994,4,True,168,0.14661971830985915,0.9267605633802817,0.6912112676056337,5.560862676056338,28,65.0,58.0,0.03076923076923077,0.09230769230769231,0.39950073252199053,0.10125934579439252,0.26329729729729723,0.0012593457943925214,0.1,0.09329729729729729,0.09999999999999995,0.02,0.05,0.0,0.0,0.08
2.880229,85,7599.211304,medium,0.6654984423676013,2.665498442367601,2,845,8,4,4,4,4,0,0,0,0,0.02289719626168191,0.03831081081081105,0.04129999999999821,0.8434684684684666,1.0,4,True,144,0.11873239436619719,0.9307887323943677,0.5514366197183096,0.5394894366197183,7,65.0,53.0,0.046153846153846156,0.1076923076923077,0.38947993643989925,0.10801401869158868,0.271216216216216,0.008014018691588668,0.1,0.10121621621621597,0.1,0.02,0.05,0.0,0.0,0.08
4.201789,72,7661.024183,medium,1.0,4.0,3,715,7,4,3,4,3,0,0,0,1,0.024859813084112097,0.0009459459459459566,0.0,1.0,1.0,5,True,64,0.06345070422535211,0.6352112676056341,0.27307042253521113,1.7303345070422536,15,65.0,51.0,0.06153846153846154,0.15384615384615385,0.7387467297482362,0.05828896274845333,0.295,0.008700934579439233,0.0795880281690141,0.11999999999999998,0.1,0.025,0.05,0.0,0.03,0.08
4.26121,76,7699.309472,medium,1.0,4.0,3,756,8,4,4,4,4,0,0,0,0,0.062313084112148746,0.05722972972973001,0.06789999999999707,0.9999999999999971,1.0,5,True,82,0.08598591549295774,0.6799436619718315,0.4343661971830986,0.8953345070422535,16,65.0,61.0,0.03076923076923077,0.09230769230769231,0.527140722087541,0.12180957943925207,0.29499999999999965,0.02180957943925206,0.1,0.11999999999999963,0.1,0.025,0.05,0.0,0.0,0.08
4.067269,67,7731.560219,medium,1.0,4.0,3,666,2,1,1,1,1,0,0,0,6,0.017009345794392648,0.0,0.0,1.0,1.0,5,True,24,0.027887323943661974,0.37005633802816856,0.1211830985915493,0.7455105633802817,4,65.0,57.0,0.046153846153846156,0.1076923076923077,0.6898107216728558,-0.0811312360142161,0.295,0.005953271028037426,0.03291549295774648,0.11999999999999997,0.1,0.025,0.05,0.0,0.12,0.08
2.982073,97,7781.601697,medium,0.8133177570093458,2.813317757009346,2,965,8,4,4,4,4,0,0,0,0,0.01717289719626182,0.04966216216216256,0.0,0.865540540540538,1.0,4,True,64,0.044507042253521124,0.9542535211267592,0.5357464788732392,4.115985915492958,24,65.0,57.0,0.03076923076923077,0.09230769230769231,0.743046428327214,0.07139079570883249,0.27386486486486455,0.006010514018691637,0.06538028169014085,0.10386486486486454,0.09999999999999999,0.02,0.05,0.0,0.0,0.08
4.234675,83,7822.43716,medium,1.0,4.0,3,825,8,4,4,4,4,0,0,0,0,0.006214953271028106,0.01797297297297317,0.0,0.999999999999999,1.0,5,True,96,0.10225352112676056,0.7138028169014095,0.43878873239436617,1.9030985915492957,22,65.0,56.0,0.046153846153846156,0.13846153846153847,0.6276480330656106,0.10217523364485984,0.2949999999999999,0.002175233644859837,0.1,0.11999999999999987,0.1,0.025,0.05,0.0,0.0,0.08
4.263554,87,7865.612967,medium,1.0,4.0,3,869,8,4,4,4,4,0,0,0,0,0.026004672897196508,0.02081081081081104,0.0,1.0,1.0,5,True,192,0.1707042253521127,0.6445633802816906,0.2915492957746477,0.26823943661971833,11,65.0,59.0,0.046153846153846156,0.1076923076923077,0.5947092419789003,0.10910163551401879,0.295,0.009101635514018777,0.1,0.11999999999999998,0.1,0.025,0.05,0.0,0.0,0.05364788732394367
4.263416,77,7923.402469,medium,1.0,4.0,3,770,8,4,4,4,4,0,0,0,0,0.07261682242990544,0.013716216216216198,0.17569999999999603,0.9999999999999993,0.9999999999999966,5,True,106,0.10077464788732395,0.6858873239436621,0.44357746478873245,1.6113732394366198,20,65.0,58.0,0.046153846153846156,0.1076923076923077,0.42395842789533067,0.1254158878504669,0.2949999999999996,0.0254158878504669,0.1,0.11999999999999994,0.09999999999999966,0.025,0.05,0.0,0.0,0.08
4.229819,76,7961.715857,medium,1.0,4.0,3,753,8,4,4,4,4,0,0,0,0,0.006697819314641749,0.019369369369369383,0.0,1.0000000000000029,1.0,5,True,64,0.07436619718309859,0.5840845070422525,0.22053521126760553,0.6624647887323943,11,65.0,59.0,0.03076923076923077,0.09230769230769231,0.7455142258050398,0.09011888464744858,0.2950000000000003,0.002344236760124612,0.08777464788732396,0.12000000000000033,0.1,0.025,0.05,0.0,0.0,0.08
3.03762,100,8013.151915,medium,0.8269470404984424,2.8269470404984425,2,1000,8,4,4,4,4,0,0,0,0,0.03450934579439205,0.06385135135135155,0.0,0.9049549549549522,1.0,4,True,130,0.13246478873239437,0.9108732394366224,0.5141690140845068,1.855193661971831,26,65.0,57.0,0.03076923076923077,0.09230769230769231,0.43044714961005276,0.11207827102803722,0.27859459459459424,0.012078271028037216,0.1,0.10859459459459425,0.1,0.02,0.05,0.0,0.0,0.08
4.1319,64,8044.548846,medium,1.0,4.0,3,631,4,0,4,0,4,0,0,0,4,0.0,0.0,0.0,1.0,1.0,5,True,82,0.08598591549295774,0.589295774647887,0.332225352112676,1.3497887323943663,12,60.0,51.0,0.05,0.13333333333333333,0.5352362019074868,-0.01999999999999999,0.295,0.0,0.1,0.12,0.1,0.025,0.05,0.0,0.12,0.08
4.240471,79,8085.077572,medium,1.0,4.0,3,784,8,4,4,4,4,0,0,0,0,0.011059190031152646,0.031981981981981975,0.0,0.9999999999999986,1.0,5,True,82,0.08218309859154929,0.8291267605633797,0.6172957746478871,6.695017605633803,33,65.0,60.0,0.03076923076923077,0.09230769230769231,0.7181621903844653,0.10387071651090343,0.2949999999999998,0.003870716510903426,0.1,0.11999999999999983,0.1,0.025,0.05,0.0,0.0,0.08
4.226022,73,8121.616924,medium,1.0,4.0,3,723,8,4,4,4,4,0,0,0,0,0.012912772585669778,0.03734234234234233,0.0,0.9999999999999981,1.0,5,True,60,0.06507042253521127,0.6391549295774656,0.45599999999999996,2.9317781690140845,13,65.0,60.0,0.046153846153846156,0.1076923076923077,0.6874991108395976,0.08332228730639286,0.29499999999999976,0.004519470404984422,0.07880281690140845,0.11999999999999976,0.1,0.025,0.05,0.0,0.0,0.08
3.113767,99,8191.082543,medium,0.9260903426791277,2.9260903426791276,2,982,8,4,4,4,4,0,0,0,0,0.018644859813084256,0.0,0.0,0.7862612612612613,1.0,3,True,157,0.13003521126760564,0.9704225352112689,0.6134084507042252,5.620088028169014,17,65.0,56.0,0.046153846153846156,0.1076923076923077,0.4411138364770706,0.1065257009345795,0.25935135135135134,0.006525700934579488,0.1,0.09435135135135132,0.1,0.015,0.05,0.0,0.0,0.08
4.116326,53,8218.465511,medium,1.0,4.0,3,527,3,0,3,0,3,0,0,0,5,0.0,0.0,0.0,1.0,1.0,5,True,58,0.06003521126760564,0.3447323943661969,0.16160563380281692,1.1898591549295774,4,50.0,47.0,0.04,0.12,0.62075509436813,-0.04597359154929577,0.295,0.0,0.07402640845070423,0.12,0.1,0.025,0.05,0.0,0.12,0.08
4.227531,80,8258.243275,medium,1.0,4.0,3,796,8,4,4,4,4,0,0,0,0,0.038271028037382526,0.0,0.1637999999999972,1.0,0.9999999999999959,5,True,72,0.05528169014084507,0.6044225352112669,0.2630140845070422,0.3936267605633803,3,65.0,59.0,0.046153846153846156,0.12307692307692308,0.6354243207826399,0.09085612741871771,0.2949999999999996,0.013394859813083883,0.07746126760563382,0.12000000000000001,0.09999999999999959,0.025,0.05,0.0,0.0,0.07872535211267606
4.225644,76,8294.270482,medium,1.0,4.0,3,751,8,4,4,4,4,0,0,0,0,0.0782009345794392,0.04729729729729767,0.0,0.9999999999999978,1.0,5,True,54,0.04183098591549296,0.716957746478874,0.5552112676056337,3.618151408450704,32,65.0,57.0,0.046153846153846156,0.1076923076923077,0.524309349279256,0.08574356653942344,0.2949999999999997,0.027370327102803724,0.05837323943661972,0.11999999999999972,0.1,0.025,0.05,0.0,0.0,0.08
3.122698,100,8338.110548,medium,0.8947040498442368,2.8947040498442367,2,1000,8,4,4,4,4,0,0,0,0,0.03712616822429832,0.05060810810810832,0.08399999999999648,0.9999999999999976,0.9999999999999999,5,True,96,0.10225352112676056,0.8827605633802832,0.5386478873239436,1.2638732394366197,25,65.0,60.0,0.046153846153846156,0.1076923076923077,0.5273745228798999,0.11299415887850442,0.2949999999999997,0.01299415887850441,0.1,0.1199999999999997,0.09999999999999999,0.025,0.05,0.0,0.0,0.08
4.226408,75,8372.777395,medium,1.0,4.0,3,748,7,4,3,4,3,0,0,0,1,0.04630841121495343,0.04067567567567594,0.0,1.0000000000000018,1.0,5,True,96,0.07605633802816901,0.5603380281690133,0.3330422535211267,0.956531690140845,10,65.0,59.0,0.03076923076923077,0.09230769230769231,0.6298674430095392,0.0862079439252337,0.2950000000000002,0.0162079439252337,0.1,0.1200000000000002,0.1,0.025,0.05,0.0,0.03,0.08
4.240072,77,8408.421027,medium,1.0,4.0,3,767,8,4,4,4,4,0,0,0,0,0.005062305295950157,0.014639639639639643,0.0,1.0000000000000024,1.0,5,True,115,0.09487676056338028,0.7143661971831005,0.43808450704225316,2.543785211267606,21,65.0,61.0,0.03076923076923077,0.09230769230769231,0.7653110796617575,0.10177180685358256,0.29500000000000026,0.0017718068535825548,0.1,0.12000000000000025,0.1,0.025,0.05,0.0,0.0,0.08
3.224752,100,8465.113794,medium,0.988800623052959,2.988800623052959,2,1000,8,4,4,4,4,0,0,0,0,0.05985981308411129,0.039729729729729935,0.13999999999999824,1.0000000000000004,0.9999999999999959,5,True,96,0.07225352112676056,0.8975774647887349,0.5527323943661971,2.5457394366197184,25,65.0,56.0,0.03076923076923077,0.09230769230769231,0.6567948819341872,0.12095093457943895,0.29499999999999965,0.020950934579438953,0.1,0.12000000000000005,0.09999999999999959,0.025,0.05,0.0,0.0,0.08
4.142964,57,8494.753275,medium,1.0,4.0,3,561,4,1,3,1,3,0,0,0,4,0.011612149532710347,0.03358108108108127,0.0,1.000000000000002,1.0,5,True,116,0.10859154929577465,0.47211267605633767,0.284169014084507,1.1919014084507042,15,53.0,49.0,0.03773584905660377,0.11320754716981132,0.6248095906353609,-0.015935747663551367,0.2950000000000002,0.004064252336448621,0.1,0.12000000000000022,0.09999999999999999,0.025,0.05,0.0,0.12,0.08
4.256639,79,8536.526047,medium,1.0,4.0,3,785,8,4,4,4,4,0,0,0,0,0.057538940809969207,0.04020270270270279,0.0,1.000000000000002,1.0,5,True,122,0.11556338028169014,0.7485070422535214,0.5789014084507038,1.825088028169014,21,65.0,57.0,0.046153846153846156,0.12307692307692308,0.5947092419789003,0.12013862928348923,0.2950000000000002,0.020138629283489223,0.1,0.12000000000000022,0.1,0.025,0.05,0.0,0.0,0.08
4.198369,87,8580.404332,medium,1.0,4.0,3,867,8,4,4,4,4,0,0,0,0,0.04900311526479753,0.041441441441441434,0.10779999999999963,0.999999999999998,0.9999999999999959,5,True,55,0.03389084507042254,0.8468732394366204,0.47647887323943655,1.472693661971831,18,65.0,55.0,0.06153846153846154,0.15384615384615385,0.3986741472968464,0.07006922414549605,0.2949999999999993,0.017151090342679136,0.0529181338028169,0.11999999999999975,0.09999999999999959,0.025,0.05,0.0,0.0,0.08
2.903133,92,8626.6043,medium,0.7510124610591901,2.75101246105919,2,920,8,4,4,4,4,0,0,0,0,0.006697819314641749,0.00337837837837838,0.0,0.6853603603603603,1.0,3,True,63,0.05737676056338028,0.96478873239437,0.4491549295774644,1.127588028169014,17,65.0,58.0,0.03076923076923077,0.09230769230769231,0.650885925892796,0.07687680718265982,0.2472432432432432,0.002344236760124612,0.07453257042253521,0.08224324324324321,0.1,0.015,0.05,0.0,0.0,0.08
4.245868,82,8667.977139,medium,1.0,4.0,3,816,8,4,4,4,4,0,0,0,0,0.03562305295950183,0.0870270270270278,0.0,0.9999999999999954,1.0,5,True,94,0.09992957746478873,0.8602816901408462,0.6464225352112677,5.910757042253521,21,65.0,56.0,0.03076923076923077,0.09230769230769231,0.5443592225699937,0.11246806853582564,0.29499999999999943,0.01246806853582564,0.1,0.11999999999999944,0.1,0.025,0.05,0.0,0.0,0.08
4.230212,88,8725.017015,medium,1.0,4.0,3,880,8,4,4,4,4,0,0,0,0,0.06271806853582453,0.0,0.1182999999999949,1.0,1.0,5,True,74,0.05901408450704226,0.935464788732396,0.5339999999999999,4.034330985915493,20,65.0,63.0,0.03076923076923077,0.07692307692307693,0.678628373753678,0.10321188736782028,0.295,0.02195132398753858,0.08126056338028169,0.12,0.1,0.025,0.05,0.0,0.0,0.08
4.095231,66,8759.456287,medium,1.0,4.0,3,656,2,0,2,0,2,0,0,0,6,0.0,0.0,0.0,1.0,1.0,5,True,48,0.05577464788732395,0.6092957746478875,0.3920845070422535,2.6638028169014083,18,64.0,55.0,0.046875,0.109375,0.5613929188313085,-0.05416901408450704,0.295,0.0,0.06583098591549295,0.11999999999999998,0.09999999999999999,0.025,0.05,0.0,0.12,0.08
4.270533,73,8795.848685,medium,1.0,4.0,3,723,8,4,4,4,4,0,0,0,0,0.11232866043613696,0.04067567567567595,0.12039999999999905,0.999999999999998,0.9999999999999961,5,True,92,0.05669014084507042,0.707042253521127,0.4445352112676056,2.071338028169014,29,65.0,60.0,0.03076923076923077,0.09230769230769231,0.4941657565343034,0.12783263678645077,0.2949999999999994,0.03931503115264794,0.08851760563380283,0.11999999999999973,0.09999999999999962,0.025,0.05,0.0,0.0,0.08
2.939894,81,8837.139803,medium,0.751144859813084,2.751144859813084,2,801,8,4,4,4,4,0,0,0,0,0.009322429906542017,0.026959459459459344,0.0,0.6715540540540529,1.0,3,True,82,0.08598591549295774,0.9405070422535223,0.6527323943661976,2.2890845070422534,14,65.0,56.0,0.046153846153846156,0.12307692307692308,0.7251120868096943,0.10326285046728971,0.24558648648648634,0.0032628504672897055,0.1,0.08058648648648635,0.1,0.015,0.05,0.0,0.0,0.08
4.155659,71,8873.245442,medium,1.0,4.0,3,701,6,3,3,3,3,0,0,0,2,0.022242990654205617,0.0,0.0,1.0,1.0,5,True,51,0.04996478873239436,0.5297183098591542,0.291718309859155,2.1577112676056336,9,65.0,56.0,0.06153846153846154,0.13846153846153847,0.5440905641933269,0.010758638278267743,0.295,0.0077850467289719665,0.06297359154929577,0.12,0.1,0.025,0.05,0.0,0.06,0.08
4.235413,87,8916.899618,medium,1.0,4.0,3,868,8,4,4,4,4,0,0,0,0,0.020607476635513954,0.05959459459459441,0.0,0.9999999999999976,1.0,5,True,98,0.09086267605633803,0.765042253521128,0.5154647887323944,0.798943661971831,19,65.0,57.0,0.046153846153846156,0.1076923076923077,0.41452953469983295,0.10721261682242988,0.2949999999999997,0.0072126168224298836,0.1,0.11999999999999969,0.1,0.025,0.05,0.0,0.0,0.08
4.178192,68,8950.77923,medium,1.0,4.0,3,673,3,1,2,1,2,0,0,0,5,0.03169781931464181,0.0,0.0,1.0,1.0,5,True,95,0.08419014084507043,0.45098591549295675,0.20704225352112665,0.2030105633802817,6,65.0,59.0,0.046153846153846156,0.12307692307692308,0.6586265531259424,-0.008905763239875353,0.295,0.011094236760124632,0.1,0.12000000000000001,0.09999999999999999,0.025,0.05,0.0,0.12,0.040602112676056346
4.091355,71,9003.201111,medium,1.0,4.0,3,704,5,4,1,4,1,0,0,0,3,0.018808411214953396,0.0,0.0,1.0,1.0,5,True,22,0.02556338028169014,0.6380845070422545,0.3632112676056338,3.2169894366197185,12,65.0,52.0,0.046153846153846156,0.12307692307692308,0.6486828107685887,-0.05324452086349871,0.295,0.006582943925233689,0.030172535211267604,0.11999999999999998,0.1,0.025,0.05,0.0,0.09,0.08
3.172282,86,9047.572372,medium,0.9394080996884735,2.9394080996884737,2,855,8,4,4,4,4,0,0,0,0,0.0840031152647963,0.09677927927927973,0.2162999999999949,0.82477477477477,0.9999999999999961,4,True,107,0.09767605633802817,0.9605633802816904,0.6743661971830983,4.008503521126761,22,65.0,59.0,0.03076923076923077,0.09230769230769231,0.8062098675534268,0.12940109034267872,0.268972972972972,0.029401090342678703,0.1,0.0989729729729724,0.0999999999999996,0.02,0.05,0.0,0.0,0.08
4.23883,78,9087.325819,medium,1.0,4.0,3,772,8,4,4,4,4,0,0,0,0,0.002943925233644856,0.008513513513513503,0.0,0.9999999999999996,1.0,5,True,97,0.08218309859154929,0.6658591549295783,0.37188732394366164,1.9473415492957746,16,65.0,61.0,0.03076923076923077,0.09230769230769231,0.7444209665296481,0.10103037383177571,0.29499999999999993,0.0010303738317756995,0.1,0.11999999999999993,0.1,0.025,0.05,0.0,0.0,0.08
4.255707,80,9127.46498,medium,1.0,4.0,3,799,8,4,4,4,4,0,0,0,0,0.058878504672895925,0.039729729729730004,0.1931999999999939,1.0000000000000013,0.9999999999999978,5,True,96,0.10225352112676056,0.8336619718309863,0.6220563380281691,5.964823943661972,21,65.0,54.0,0.046153846153846156,0.12307692307692308,0.5329763839005862,0.12060747663551358,0.29499999999999993,0.020607476635513572,0.1,0.12000000000000016,0.09999999999999978,0.025,0.05,0.0,0.0,0.08
3.115491,96,9177.068248,medium,0.9494704049844237,2.9494704049844236,2,955,8,4,4,4,4,0,0,0,0,0.030521806853582033,0.0177927927927928,0.10429999999999748,0.8538738738738733,0.999999999999998,4,True,54,0.04183098591549296,0.9407042253521167,0.49332394366197174,1.506355633802817,25,65.0,55.0,0.046153846153846156,0.1076923076923077,0.5661851502461829,0.06905587183537343,0.2724648648648646,0.010682632398753712,0.05837323943661971,0.10246486486486477,0.09999999999999981,0.02,0.05,0.0,0.0,0.08
4.08461,59,9206.722592,medium,1.0,4.0,3,587,2,0,2,0,2,0,0,0,6,0.0,0.0,0.0,1.0,1.0,5,True,40,0.03774647887323944,0.4931267605633797,0.2730422535211267,2.939788732394366,11,57.0,54.0,0.05263157894736842,0.10526315789473684,0.5534954397247284,-0.07169014084507042,0.295,0.0,0.04830985915492957,0.11999999999999998,0.1,0.025,0.05,0.0,0.12,0.08
3.109933,100,9269.200838,medium,0.9376947040498442,2.9376947040498442,2,1000,8,4,4,4,4,0,0,0,0,0.04759345794392517,0.0,0.0,0.8198198198198198,1.0,4,True,49,0.05693661971830986,0.8808169014084541,0.5430704225352113,1.6537852112676057,16,65.0,57.0,0.046153846153846156,0.1076923076923077,0.22338824700260326,0.0838601750691062,0.26837837837837836,0.01665771028037381,0.06720246478873239,0.09837837837837833,0.1,0.02,0.05,0.0,0.0,0.08
4.275696,64,9301.233467,medium,1.0,4.0,3,640,8,4,4,4,4,0,0,0,0,0.04818535825545118,0.041441441441441434,0.07139999999999691,0.999999999999998,1.0,5,True,128,0.11598591549295775,0.480704225352112,0.1632112676056338,0.3608450704225352,8,56.0,47.0,0.05357142857142857,0.14285714285714285,0.6826071305045308,0.11686487538940792,0.29499999999999976,0.016864875389407914,0.1,0.11999999999999975,0.1,0.025,0.05,0.0,0.0,0.07216901408450704
3.096655,100,9351.231702,medium,0.9034267912772586,2.9034267912772584,2,1000,8,4,4,4,4,0,0,0,0,0.047834890965732,0.017500000000000026,0.0,0.7207207207207209,1.0,4,True,96,0.07985915492957746,0.9314366197183108,0.5596056338028165,2.071056338028169,25,65.0,62.0,0.03076923076923077,0.09230769230769231,0.7229658300557055,0.1167422118380062,0.2564864864864865,0.0167422118380062,0.1,0.08648648648648648,0.1,0.02,0.05,0.0,0.0,0.08
3.091461,100,9401.469939,medium,0.9034267912772586,2.9034267912772584,2,995,8,4,4,4,4,0,0,0,0,0.0315654205607473,0.0,0.0,0.7207207207207207,1.0,4,True,92,0.08985915492957747,0.9154929577464788,0.6921690140845067,7.556989436619718,25,65.0,59.0,0.03076923076923077,0.09230769230769231,0.4941657565343034,0.11104789719626156,0.2564864864864865,0.011047897196261555,0.1,0.08648648648648649,0.1,0.02,0.05,0.0,0.0,0.08
4.160802,77,9439.332297,medium,1.0,4.0,3,764,7,4,3,4,3,0,0,0,1,0.04105140186915852,0.029324324324324483,0.0,1.0000000000000024,1.0,5,True,35,0.027112676056338027,0.7847887323943661,0.43526760563380257,1.1992957746478874,27,65.0,56.0,0.03076923076923077,0.09230769230769231,0.7721851596840551,0.022202497696459003,0.29500000000000026,0.01436799065420548,0.03783450704225352,0.12000000000000027,0.09999999999999999,0.025,0.05,0.0,0.03,0.08
4.293505,86,9482.148931,medium,1.0,4.0,3,857,8,4,4,4,4,0,0,0,0,0.017990654205607554,0.01986486486486492,0.0,0.9999999999999993,1.0,5,True,85,0.07514084507042254,0.7986478873239459,0.3892957746478873,0.10473591549295774,7,65.0,56.0,0.046153846153846156,0.12307692307692308,0.6232119200246748,0.10515236277477955,0.29499999999999993,0.006296728971962644,0.0988556338028169,0.1199999999999999,0.1,0.025,0.05,0.0,0.0,0.020947183098591553
4.197675,84,9544.967364,medium,1.0,4.0,3,840,8,4,4,4,4,0,0,0,0,0.009976635514018744,0.0,0.042700000000000224,1.0,0.9999999999999979,5,True,52,0.049577464788732394,0.7898591549295803,0.48907042253521094,2.776531690140845,23,65.0,57.0,0.03076923076923077,0.09230769230769231,0.5368067144913293,0.06667492102145585,0.29499999999999976,0.00349182242990656,0.06318309859154929,0.11999999999999998,0.09999999999999978,0.025,0.05,0.0,0.0,0.08
4.253253,83,9584.819852,medium,1.0,4.0,3,829,8,4,4,4,4,0,0,0,0,0.06043613707165136,0.07927927927927973,0.1413333333333336,0.9999999999999996,0.9999999999999961,5,True,96,0.08366197183098592,0.7996619718309882,0.5188169014084507,1.6767781690140846,22,65.0,56.0,0.046153846153846156,0.12307692307692308,0.556387503131005,0.12115264797507798,0.2949999999999996,0.021152647975077973,0.1,0.11999999999999998,0.09999999999999962,0.025,0.05,0.0,0.0,0.08
3.141481,87,9625.111732,medium,0.9496105919003115,2.9496105919003117,2,866,8,4,4,4,4,0,0,0,0,0.01897196261682255,0.0,0.0,0.8542792792792793,1.0,3,True,78,0.06042253521126761,0.9323943661971843,0.6229295774647885,3.3358274647887325,31,65.0,54.0,0.06153846153846154,0.15384615384615385,0.6372364065788164,0.09095708832433859,0.2675135135135135,0.006640186915887892,0.0843169014084507,0.1025135135135135,0.1,0.015,0.05,0.0,0.0,0.08
1.567722,85,9664.698528,medium,0.5740654205607477,1.5740654205607476,1,841,8,4,4,4,4,0,0,0,0,0.02387850467289745,0.019864864864865082,0.0,0.44391891891891894,0.0,2,False,84,0.05883802816901408,0.9301126760563396,0.5113239436619716,3.158239436619718,17,65.0,59.0,0.046153846153846156,0.1076923076923077,0.5317087143899668,0.09448599776227468,0.06327027027027025,0.008357476635514107,0.08612852112676057,0.05327027027027026,0.0,0.01,0.0,0.0,0.0,0.08
4.119859,58,9692.473912,medium,1.0,4.0,3,575,3,0,3,0,3,0,0,0,5,0.0,0.0,0.0,1.0,1.0,5,True,34,0.03563380281690141,0.33797183098591504,0.06884507042253522,0.20683098591549295,6,55.0,47.0,0.07272727272727272,0.14545454545454545,0.7455574250275929,-0.07627464788732394,0.295,0.0,0.04372535211267606,0.11999999999999997,0.09999999999999999,0.025,0.05,0.0,0.12,0.04136619718309859
4.269846,80,9733.852228,medium,1.0,4.0,3,799,8,4,4,4,4,0,0,0,0,0.09927570093457862,0.01986486486486492,0.22749999999999446,1.000000000000003,0.9999999999999959,5,True,78,0.09063380281690141,0.7507605633802814,0.38492957746478873,1.3548591549295774,19,65.0,60.0,0.03076923076923077,0.09230769230769231,0.6576131368375835,0.13474649532710253,0.295,0.034746495327102514,0.1,0.12000000000000041,0.09999999999999959,0.025,0.05,0.0,0.0,0.08
4.161981,89,9806.740268,medium,1.0,4.0,3,886,7,4,3,4,3,0,0,0,1,0.0508644859813079,0.0274324324324326,0.0,1.0000000000000018,1.0,5,True,42,0.03570422535211268,0.8460563380281707,0.3958028169014082,1.2425,14,65.0,59.0,0.046153846153846156,0.1076923076923077,0.6486828107685887,0.03558073910754228,0.2950000000000002,0.017802570093457766,0.04777816901408451,0.12000000000000022,0.1,0.025,0.05,0.0,0.03,0.08
4.144406,71,9843.273505,medium,1.0,4.0,3,706,6,2,4,2,4,0,0,0,2,0.006869158878504692,0.01986486486486492,0.0,1.000000000000003,1.0,5,True,42,0.048802816901408454,0.6078028169014082,0.39445070422535194,1.3801056338028168,9,65.0,62.0,0.03076923076923077,0.09230769230769231,0.6215724837886668,6.318283532980029e-06,0.2950000000000004,0.002404205607476642,0.05760211267605633,0.12000000000000036,0.09999999999999999,0.025,0.05,0.0,0.06,0.08
4.266296,74,9880.833815,medium,1.0,4.0,3,740,8,4,4,4,4,0,0,0,0,0.07227414330218046,0.03216216216216234,0.21133333333333362,1.0000000000000009,0.9999999999999961,5,True,96,0.10225352112676056,0.8485915492957748,0.418338028169014,2.051760563380282,18,65.0,54.0,0.046153846153846156,0.12307692307692308,0.47297431420996894,0.12529595015576317,0.2949999999999997,0.025295950155763157,0.1,0.12000000000000006,0.09999999999999962,0.025,0.05,0.0,0.0,0.08
4.206062,76,9919.239299,medium,1.0,4.0,3,760,8,4,4,4,4,0,0,0,0,0.01841900311526479,0.04853603603603602,0.0,1.0000000000000013,1.0,5,True,63,0.038820422535211264,0.7982253521126774,0.5300845070422534,1.7219894366197184,32,65.0,60.0,0.03076923076923077,0.09230769230769231,0.4819603292778951,0.06706196799175113,0.29500000000000015,0.006446651090342677,0.06061531690140845,0.12000000000000013,0.1,0.025,0.05,0.0,0.0,0.08
4.260729,87,9961.784529,medium,1.0,4.0,3,869,8,4,4,4,4,0,0,0,0,0.09322429906542098,0.041441441441441434,0.19966666666666696,0.999999999999998,0.9999999999999971,5,True,82,0.09528169014084507,0.7146760563380294,0.4279154929577463,0.9480105633802817,13,65.0,60.0,0.03076923076923077,0.09230769230769231,0.6659067858750105,0.13262850467289736,0.2949999999999995,0.032628504672897345,0.1,0.11999999999999976,0.09999999999999974,0.025,0.05,0.0,0.0,0.08
4.241324,74,9999.147745,medium,1.0,4.0,3,739,7,4,3,4,3,0,0,0,1,0.08635514018691395,0.0,0.18129999999999477,1.0,0.9999999999999974,5,True,126,0.11852112676056338,0.6970140845070438,0.3203380281690141,0.5955105633802817,13,65.0,58.0,0.046153846153846156,0.1076923076923077,0.7075727689523788,0.10022429906541988,0.2949999999999997,0.030224299065419888,0.1,0.11999999999999997,0.09999999999999974,0.025,0.05,0.0,0.03,0.08
3.065009,86,10042.680114,medium,0.9039719626168224,2.9039719626168226,2,858,8,4,4,4,4,0,0,0,0,0.02452492211838001,0.0004504504504504507,0.0,0.7222972972972973,1.0,4,True,64,0.03943661971830986,0.931718309859155,0.6319999999999999,4.00137323943662,31,65.0,59.0,0.046153846153846156,0.12307692307692308,0.6665933094812855,0.0701611875301654,0.2566756756756757,0.008583722741433002,0.06157746478873239,0.08667567567567566,0.1,0.02,0.05,0.0,0.0,0.08
4.127661,70,10100.287038,medium,1.0,4.0,3,694,5,2,3,2,3,0,0,0,3,0.01895638629283492,0.039729729729729824,0.022333333333333337,0.9999999999999981,0.9999999999999991,5,True,68,0.041901408450704225,0.7164225352112692,0.43478873239436605,1.2211619718309858,23,65.0,55.0,0.046153846153846156,0.12307692307692308,0.6113385571357167,-0.017939208459479605,0.2949999999999997,0.006634735202492222,0.06542605633802817,0.11999999999999979,0.09999999999999992,0.025,0.05,0.0,0.09,0.08
2.923299,75,10136.949778,medium,0.738177570093458,2.738177570093458,2,745,8,4,4,4,4,0,0,0,0,0.005233644859813109,0.015135135135135206,0.0,0.6482432432432426,1.0,2,True,129,0.12258802816901408,0.9323943661971879,0.4464788732394366,1.151830985915493,17,65.0,60.0,0.03076923076923077,0.09230769230769231,0.4694627428953683,0.10183177570093459,0.23778918918918907,0.0018317757009345878,0.1,0.07778918918918909,0.09999999999999999,0.01,0.05,0.0,0.0,0.08
4.0355,60,10167.784598,medium,1.0,4.0,3,595,0,0,0,0,0,0,0,0,8,0.0,0.0,0.0,1.0,1.0,5,True,0,0.0,0.5649577464788725,0.31825352112676064,4.923714788732394,6,60.0,52.0,0.05,0.13333333333333333,0.6258145836939114,-0.12,0.29500000000000004,0.0,0.0,0.12000000000000002,0.1,0.025,0.05,0.0,0.12,0.08
4.251152,78,10207.158427,medium,1.0,4.0,3,773,8,4,4,4,4,0,0,0,0,0.03843457943925255,0.04871621621621657,0.0,0.9999999999999976,1.0,5,True,95,0.09295774647887324,0.8178309859154946,0.5202816901408449,1.706355633802817,22,65.0,60.0,0.03076923076923077,0.09230769230769231,0.6346099420380777,0.1134521028037384,0.2949999999999997,0.013452102803738392,0.1,0.11999999999999968,0.1,0.025,0.05,0.0,0.0,0.08
4.285973,78,10245.30062,medium,1.0,4.0,3,771,8,4,4,4,4,0,0,0,0,0.03745327102803711,0.018445945945945987,0.13299999999999854,1.0000000000000002,0.9999999999999959,5,True,144,0.12253521126760564,0.7589295774647908,0.4709295774647882,0.22517605633802817,14,65.0,59.0,0.046153846153846156,0.1076923076923077,0.5511650606436654,0.11310864485981299,0.29499999999999965,0.013108644859812989,0.1,0.12000000000000006,0.09999999999999959,0.025,0.05,0.0,0.0,0.04503521126760564
4.2561,76,10282.041717,medium,1.0,4.0,3,755,8,4,4,4,4,0,0,0,0,0.04742990654205584,0.04635135135135168,0.0,1.0000000000000016,1.0,5,True,168,0.14661971830985915,0.7461126760563385,0.4341690140845066,1.9868661971830985,22,65.0,57.0,0.046153846153846156,0.12307692307692308,0.595143706225744,0.11660046728971954,0.2950000000000002,0.01660046728971954,0.1,0.12000000000000019,0.1,0.025,0.05,0.0,0.0,0.08
4.234116,86,10324.646473,medium,1.0,4.0,3,853,8,4,4,4,4,0,0,0,0,0.01261682242990654,0.03648648648648648,0.0,0.9999999999999981,1.0,5,True,106,0.11007042253521127,0.7783661971831,0.5948732394366194,2.057588028169014,26,65.0,59.0,0.046153846153846156,0.1076923076923077,0.5947092419789003,0.10441588785046729,0.29499999999999976,0.004415887850467289,0.1,0.11999999999999975,0.1,0.025,0.05,0.0,0.0,0.08
4.297138,84,10395.988216,medium,1.0,4.0,3,840,8,4,4,4,4,0,0,0,0,0.025023364485981452,0.02554054054054067,0.0,1.0,1.0,5,True,168,0.1428169014084507,0.5596619718309849,0.2551549295774647,0.11309859154929577,4,65.0,61.0,0.03076923076923077,0.09230769230769231,0.6462414573554202,0.10875817757009351,0.295,0.008758177570093508,0.1,0.11999999999999998,0.1,0.025,0.05,0.0,0.0,0.022619718309859163
4.186719,71,10431.717153,medium,1.0,4.0,3,708,6,2,4,2,4,0,0,0,2,0.007196261682243014,0.0,0.030800000000000098,1.0,0.9999999999999987,5,True,175,0.1661619718309859,0.49160563380281674,0.33985915492957747,1.3407394366197183,15,65.0,58.0,0.03076923076923077,0.09230769230769231,0.5546141453798703,0.04251869158878506,0.2949999999999999,0.0025186915887850546,0.1,0.12000000000000002,0.09999999999999987,0.025,0.05,0.0,0.06,0.08
4.233442,94,10478.625528,medium,1.0,4.0,3,935,8,4,4,4,4,0,0,0,0,0.03411993769470367,0.008333333333333335,0.0,1.0,1.0,5,True,171,0.16809859154929577,0.8521690140845102,0.5029014084507041,1.6697007042253522,22,65.0,61.0,0.03076923076923077,0.09230769230769231,0.5827618564223839,0.11194197819314629,0.295,0.011941978193146284,0.1,0.12,0.1,0.025,0.05,0.0,0.0,0.08
4.124543,58,10507.204174,medium,1.0,4.0,3,577,4,0,4,0,4,0,0,0,4,0.0,0.0,0.0,1.0,1.0,5,True,66,0.07232394366197183,0.44281690140845,0.2057464788732395,0.7826056338028169,14,54.0,51.0,0.037037037037037035,0.1111111111111111,0.584538189596748,-0.03275704225352112,0.295,0.0,0.08724295774647887,0.12,0.1,0.025,0.05,0.0,0.12,0.08
4.226697,95,10555.394145,medium,1.0,4.0,3,946,8,4,4,4,4,0,0,0,0,0.01799065420560724,0.03216216216216234,0.029399999999998733,0.9999999999999983,1.0,5,True,96,0.07605633802816901,0.7979154929577486,0.5682253521126761,1.1835739436619719,25,65.0,56.0,0.06153846153846154,0.15384615384615385,0.47972575962056196,0.10629672897196255,0.2949999999999998,0.006296728971962534,0.1,0.1199999999999998,0.1,0.025,0.05,0.0,0.0,0.08
3.042564,98,10603.690991,medium,0.8503894080996884,2.8503894080996885,2,972,8,4,4,4,4,0,0,0,0,0.04651869158878505,0.05743243243243243,0.10709999999999967,0.8198198198198171,0.9999999999999959,4,True,77,0.061619718309859156,0.9445352112676055,0.6129859154929576,1.8797535211267606,17,65.0,55.0,0.06153846153846154,0.12307692307692308,0.5624141887410056,0.10099633078846913,0.26837837837837764,0.01628154205607477,0.08471478873239437,0.09837837837837803,0.09999999999999959,0.02,0.05,0.0,0.0,0.08
3.120613,95,10684.873787,medium,0.9309968847352025,2.9309968847352024,2,943,8,4,4,4,4,0,0,0,0,0.008177570093457978,0.023648648648648744,0.0,0.8004504504504493,1.0,3,True,120,0.08704225352112677,0.9454647887323959,0.5220281690140843,0.9378521126760564,30,65.0,59.0,0.03076923076923077,0.09230769230769231,0.8019938567330963,0.10286214953271029,0.2610540540540539,0.002862149532710292,0.1,0.0960540540540539,0.09999999999999999,0.015,0.05,0.0,0.0,0.08
4.155185,72,10721.334504,medium,1.0,4.0,3,712,6,4,2,4,2,0,0,0,2,0.044696261682243,0.002027027027027028,0.1175999999999992,1.0000000000000004,0.9999999999999959,5,True,49,0.04165492957746479,0.5899154929577461,0.2939154929577465,2.0351760563380283,5,65.0,57.0,0.046153846153846156,0.12307692307692308,0.5128441323519789,0.011384888771883636,0.29499999999999965,0.01564369158878505,0.055741197183098584,0.12000000000000004,0.09999999999999959,0.025,0.05,0.0,0.06,0.08
4.133073,70,10756.307375,medium,1.0,4.0,3,700,5,2,3,2,3,0,0,0,3,0.0,0.0,0.0,1.0,1.0,5,True,62,0.06276408450704225,0.6135211267605626,0.3196056338028169,1.2697535211267605,14,65.0,58.0,0.046153846153846156,0.1076923076923077,0.7264149147919106,-0.011926936619718304,0.295,0.0,0.0780730633802817,0.11999999999999998,0.1,0.025,0.05,0.0,0.09,0.08
2.982991,78,10795.363579,medium,0.8198598130841122,2.819859813084112,2,771,7,4,3,4,3,0,0,0,1,0.044485981308410694,0.03547297297297261,0.0,0.8844594594594584,1.0,4,True,57,0.04003521126760563,0.9211267605633803,0.6439999999999997,2.122904929577465,31,65.0,57.0,0.046153846153846156,0.1076923076923077,0.5424238767248952,0.04409650190864797,0.276135135135135,0.015570093457943742,0.058526408450704226,0.10613513513513498,0.1,0.02,0.05,0.0,0.03,0.08
4.281217,85,10836.971975,medium,1.0,4.0,3,841,8,4,4,4,4,0,0,0,0,0.03224299065420567,0.0,0.0,1.0,1.0,5,True,133,0.10595070422535212,0.6302816901408453,0.3697746478873236,0.20484154929577464,11,65.0,58.0,0.03076923076923077,0.09230769230769231,0.6097257040953289,0.11128504672897199,0.295,0.011285046728971983,0.1,0.11999999999999997,0.1,0.025,0.05,0.0,0.0,0.040968309859154936
4.096873,65,10866.481939,medium,1.0,4.0,3,650,3,1,2,1,2,0,0,0,5,0.022897196261682417,0.06621621621621672,0.0,1.0000000000000007,1.0,5,True,48,0.04647887323943662,0.5693239436619708,0.25819718309859135,0.44059859154929576,7,62.0,60.0,0.03225806451612903,0.08064516129032258,0.500317652276944,-0.053126826378833675,0.29500000000000004,0.008014018691588846,0.05885915492957747,0.12000000000000005,0.1,0.025,0.05,0.0,0.12,0.08
4.207869,71,10899.401313,medium,1.0,4.0,3,702,6,2,4,2,4,0,0,0,2,0.06591121495326976,0.0350000000000002,0.23029999999999431,0.9999999999999983,0.9999999999999961,5,True,150,0.12190140845070423,0.5951549295774643,0.3008450704225352,0.9306338028169014,9,65.0,56.0,0.046153846153846156,0.12307692307692308,0.7325228471406706,0.06306892523364442,0.29499999999999943,0.023068925233644413,0.1,0.11999999999999982,0.0999999999999996,0.025,0.05,0.0,0.06,0.08
4.248121,79,10944.8713,medium,1.0,4.0,3,789,8,4,4,4,4,0,0,0,0,0.03434579439252272,0.021283783783783965,0.07909999999999659,1.0,1.0,5,True,182,0.17584507042253522,0.7614366197183112,0.3199154929577466,0.7116725352112676,15,65.0,53.0,0.046153846153846156,0.12307692307692308,0.4229022669115576,0.11202102803738295,0.295,0.012021028037382954,0.1,0.12,0.1,0.025,0.05,0.0,0.0,0.08
1.668773,85,10984.640741,medium,0.6466510903426791,1.646651090342679,1,848,8,4,4,4,4,0,0,0,0,0.02466510903426803,0.07132882882882917,0.0,0.6538288288288253,0.0,3,False,72,0.0651056338028169,0.9195211267605669,0.5407042253521126,2.478573943661972,18,65.0,56.0,0.046153846153846156,0.12307692307692308,0.43828688229617296,0.09346201351410649,0.09345945945945903,0.008632788161993811,0.08482922535211268,0.07845945945945904,0.0,0.015,0.0,0.0,0.0,0.08
1.778291,100,11036.198322,medium,0.7235202492211839,1.7235202492211839,1,1000,8,4,4,4,4,0,0,0,0,0.02289719626168241,0.024121621621621722,0.0,0.6396396396396385,0.35,3,False,174,0.1497887323943662,0.9253521126760594,0.6307605633802814,1.3801584507042253,21,65.0,55.0,0.046153846153846156,0.13846153846153847,0.5048530030255574,0.10801401869158885,0.12675675675675663,0.008014018691588845,0.1,0.07675675675675661,0.035,0.015,0.0,0.0,0.0,0.08
4.232485,69,11071.256687,medium,1.0,4.0,3,682,7,3,4,3,4,0,0,0,1,0.0448130841121493,0.09364864864864932,0.05319999999999771,0.9999999999999954,1.0,5,True,120,0.09084507042253522,0.5025915492957741,0.256169014084507,2.08181338028169,11,62.0,55.0,0.04838709677419355,0.11290322580645161,0.455427115574483,0.08568457943925226,0.29499999999999943,0.015684579439252253,0.1,0.11999999999999943,0.1,0.025,0.05,0.0,0.03,0.08
4.092431,70,11106.914485,medium,1.0,4.0,3,699,4,2,2,2,2,0,0,0,4,0.024205607476635457,0.0,0.0,1.0,1.0,5,True,48,0.04647887323943662,0.6228732394366201,0.3853802816901406,2.475,15,65.0,56.0,0.046153846153846156,0.12307692307692308,0.6328213131307994,-0.05266888245360013,0.295,0.008471962616822409,0.05885915492957746,0.11999999999999995,0.1,0.025,0.05,0.0,0.12,0.08
4.058535,69,11141.112955,medium,1.0,4.0,3,682,4,3,1,3,1,0,0,0,4,0.0246962616822432,0.0,0.0315000000000001,1.0,0.9999999999999984,5,True,24,0.014788732394366197,0.6308450704225355,0.23642253521126763,0.8777112676056338,15,65.0,60.0,0.06153846153846154,0.12307692307692308,0.6356581360975437,-0.08826475911544023,0.2949999999999998,0.00864369158878512,0.023091549295774647,0.11999999999999997,0.09999999999999985,0.025,0.05,0.0,0.12,0.08
4.231985,95,11202.593148,medium,1.0,4.0,3,943,8,4,4,4,4,0,0,0,0,0.03224299065420567,0.0,0.0,1.0,1.0,5,True,96,0.07225352112676056,0.851605633802821,0.47414084507042237,2.6784859154929577,19,65.0,57.0,0.046153846153846156,0.12307692307692308,0.6452778031758687,0.11128504672897199,0.295,0.011285046728971983,0.1,0.11999999999999998,0.1,0.025,0.05,0.0,0.0,0.08
3.146865,85,11245.973049,medium,0.9436682242990655,2.9436682242990653,2,841,8,4,4,4,4,0,0,0,0,0.005272585669781926,0.008040540540540523,0.01066666666666667,0.8370945945945942,0.9999999999999996,3,True,144,0.1339788732394366,0.9348732394366217,0.5537464788732392,1.293644366197183,27,65.0,59.0,0.06153846153846154,0.12307692307692308,0.47972575962056196,0.10184540498442368,0.26545135135135123,0.001845404984423674,0.1,0.1004513513513513,0.09999999999999995,0.015,0.05,0.0,0.0,0.08
3.170673,100,11296.421451,medium,0.9426791277258567,2.9426791277258566,2,1000,8,4,4,4,4,0,0,0,0,0.0371261682242989,0.0,0.11969999999999911,1.0,0.9999999999999959,5,True,188,0.16440140845070422,0.8779154929577507,0.4785070422535208,0.46846830985915494,23,65.0,57.0,0.046153846153846156,0.1076923076923077,0.44407512731597354,0.11299415887850461,0.2949999999999996,0.012994158878504615,0.1,0.11999999999999997,0.0999999999999996,0.025,0.05,0.0,0.0,0.08
2.962246,100,11347.274159,medium,0.7859034267912772,2.7859034267912772,2,1000,8,4,4,4,4,0,0,0,0,0.026331775700934496,0.05959459459459494,0.024499999999998943,0.7862612612612584,1.0,3,True,64,0.07436619718309859,0.9098591549295808,0.4818028169014084,1.848080985915493,19,65.0,56.0,0.06153846153846154,0.13846153846153847,0.463251071543052,0.09699076938265104,0.259351351351351,0.009216121495327075,0.08777464788732396,0.094351351351351,0.1,0.015,0.05,0.0,0.0,0.08
4.269982,78,11386.557731,medium,1.0,4.0,3,771,8,4,4,4,4,0,0,0,0,0.05360591900311528,0.05515765765765763,0.0,1.0000000000000013,1.0,5,True,140,0.11408450704225352,0.6608169014084511,0.43707042253521095,0.33339788732394365,15,65.0,57.0,0.046153846153846156,0.1076923076923077,0.43044714961005276,0.11876207165109035,0.2950000000000002,0.018762071651090347,0.1,0.12000000000000018,0.1,0.025,0.05,0.0,0.0,0.06667957746478874
4.229141,93,11433.870015,medium,1.0,4.0,3,929,8,4,4,4,4,0,0,0,0,0.020116822429906613,0.030270270270270353,0.0,0.9999999999999996,1.0,5,True,106,0.11007042253521127,0.8605070422535231,0.49245070422535175,1.2345070422535211,18,65.0,56.0,0.03076923076923077,0.09230769230769231,0.4728288599879484,0.10704088785046732,0.29499999999999993,0.007040887850467314,0.1,0.11999999999999993,0.09999999999999999,0.025,0.05,0.0,0.0,0.08
3.173186,96,11508.845284,medium,0.957398753894081,2.957398753894081,2,958,8,4,4,4,4,0,0,0,0,0.046775700934578265,0.0,0.20019999999999497,0.8768018018018018,0.9999999999999966,4,True,110,0.10489436619718309,0.9236056338028176,0.6378591549295776,6.299964788732394,20,65.0,59.0,0.03076923076923077,0.09230769230769231,0.43954357998191845,0.11637149532710239,0.27521621621621584,0.01637149532710239,0.1,0.10521621621621619,0.09999999999999966,0.02,0.05,0.0,0.0,0.08
4.251563,80,11550.089695,medium,1.0,4.0,3,798,8,4,4,4,4,0,0,0,0,0.04675233644859818,0.04995495495495494,0.11566666666666693,0.9999999999999976,0.9999999999999961,5,True,130,0.11556338028169014,0.6712112676056342,0.4638873239436617,1.1336971830985916,23,65.0,58.0,0.046153846153846156,0.1076923076923077,0.6202896545646428,0.11636331775700937,0.2949999999999993,0.016363317757009364,0.1,0.1199999999999997,0.09999999999999962,0.025,0.05,0.0,0.0,0.08
4.249227,90,11596.321811,medium,1.0,4.0,3,893,8,4,4,4,4,0,0,0,0,0.06721962616822338,0.0,0.17009999999999695,1.0,0.9999999999999959,5,True,124,0.11464788732394367,0.8705915492957759,0.49915492957746466,0.6141373239436619,19,65.0,60.0,0.03076923076923077,0.09230769230769231,0.7044626211213257,0.1235268691588782,0.2949999999999996,0.023526869158878187,0.1,0.11999999999999998,0.09999999999999959,0.025,0.05,0.0,0.0,0.08
0.472479,80,11636.598307,medium,0.4720404984423676,0.4720404984423676,0,795,8,4,4,4,4,0,0,0,0,0.012102803738317234,0.0,0.0,0.38085585585585585,0.0,2,False,102,0.09612676056338028,0.9310422535211276,0.6091267605633802,2.023169014084507,35,65.0,55.0,0.046153846153846156,0.13846153846153847,0.6128063508370265,0.10423598130841104,0.05570270270270271,0.004235981308411032,0.1,0.045702702702702706,0.0,0.01,0.0,0.0,0.0,0.08
4.192525,67,11670.225377,medium,1.0,4.0,3,667,6,2,4,2,4,0,0,0,2,0.012071651090342677,0.0349099099099099,0.0,0.9999999999999983,1.0,5,True,109,0.0916725352112676,0.46557746478873174,0.17988732394366197,0.5550704225352112,8,61.0,56.0,0.04918032786885246,0.11475409836065574,0.5747159459179888,0.044225077881619945,0.2949999999999998,0.004225077881619937,0.1,0.1199999999999998,0.1,0.025,0.05,0.0,0.06,0.08
4.230467,94,11718.119927,medium,1.0,4.0,3,937,8,4,4,4,4,0,0,0,0,0.0261915887850468,0.0,0.016099999999999975,1.0,0.9999999999999994,5,True,97,0.10341549295774648,0.8366760563380307,0.5391549295774646,1.9504225352112676,21,65.0,53.0,0.046153846153846156,0.1076923076923077,0.4411138364770706,0.10916705607476639,0.29499999999999993,0.00916705607476638,0.1,0.11999999999999998,0.09999999999999994,0.025,0.05,0.0,0.0,0.08
4.175119,72,11772.267834,medium,1.0,4.0,3,720,7,3,4,3,4,0,0,0,1,0.024010903426791328,0.006148648648648644,0.0,1.000000000000001,1.0,5,True,45,0.04161971830985915,0.7436619718309868,0.48461971830985895,3.9517077464788732,18,65.0,56.0,0.046153846153846156,0.1076923076923077,0.6169801719278196,0.032118604931771336,0.2950000000000001,0.008403816199376964,0.05371478873239437,0.12000000000000008,0.1,0.025,0.05,0.0,0.03,0.08
4.229978,86,11815.819353,medium,1.0,4.0,3,860,8,4,4,4,4,0,0,0,0,0.03777258566978199,0.0,0.0,1.0,1.0,5,True,81,0.06301056338028169,0.7912112676056343,0.4547323943661972,1.6338380281690141,18,65.0,58.0,0.046153846153846156,0.1076923076923077,0.6272849207335545,0.10097832751963497,0.295,0.013220404984423695,0.08775792253521127,0.11999999999999998,0.1,0.025,0.05,0.0,0.0,0.08
4.163161,56,11844.480346,medium,1.0,4.0,3,552,4,1,3,1,3,0,0,0,4,0.06674454828660292,0.027252252252252265,0.16099999999999354,0.9999999999999988,0.9999999999999996,5,True,92,0.08830985915492957,0.4495211267605628,0.1959718309859155,1.4194542253521127,5,52.0,50.0,0.057692307692307696,0.09615384615384616,0.672115413399403,0.00336059190031103,0.2949999999999998,0.023360591900311017,0.1,0.11999999999999987,0.09999999999999996,0.025,0.05,0.0,0.12,0.08
3.177704,86,11887.380539,medium,0.9631074766355141,2.963107476635514,2,851,8,4,4,4,4,0,0,0,0,0.021425233644859962,0.010878378378378498,0.0,0.8933108108108103,1.0,3,True,92,0.09380281690140845,0.9236056338028193,0.45478873239436596,1.1665140845070423,19,65.0,51.0,0.06153846153846154,0.16923076923076924,0.6169801719278196,0.10749883177570099,0.27219729729729725,0.007498831775700985,0.1,0.10719729729729724,0.1,0.015,0.05,0.0,0.0,0.08
3.049439,82,11929.682605,medium,0.8700155763239875,2.8700155763239876,2,819,8,4,4,4,4,0,0,0,0,0.0040887850467289655,0.0,0.01749999999999997,0.6240990990990991,0.9999999999999992,3,True,96,0.10225352112676056,0.9154929577464797,0.7455211267605637,6.8796478873239435,40,65.0,61.0,0.03076923076923077,0.09230769230769231,0.5851314535340038,0.10143107476635514,0.2398918918918918,0.0014310747663551378,0.1,0.0748918918918919,0.09999999999999994,0.015,0.05,0.0,0.0,0.08
3.145871,100,11979.110104,medium,0.954595015576324,2.954595015576324,2,1000,8,4,4,4,4,0,0,0,0,0.036144859813084365,0.0402027027027029,0.01819999999999997,0.8686936936936923,0.9999999999999992,4,True,86,0.05517605633802817,0.8518873239436648,0.5378309859154929,2.0064084507042255,32,65.0,56.0,0.03076923076923077,0.09230769230769231,0.45673621394026187,0.09703274318810065,0.274243243243243,0.012650700934579527,0.08438204225352113,0.10424324324324305,0.09999999999999994,0.02,0.05,0.0,0.0,0.08
4.238258,79,12040.629855,medium,1.0,4.0,3,790,8,4,4,4,4,0,0,0,0,0.06222741433021826,0.026959459459459587,0.0931000000000001,0.9999999999999988,0.9999999999999959,5,True,68,0.061971830985915494,0.60456338028169,0.3405070422535212,0.8733802816901408,16,65.0,51.0,0.046153846153846156,0.13846153846153847,0.6976815494572213,0.102258468255013,0.2949999999999995,0.021779595015576383,0.08047887323943662,0.11999999999999986,0.0999999999999996,0.025,0.05,0.0,0.0,0.08
3.040244,75,12078.740305,medium,0.8569314641744549,2.8569314641744548,2,745,8,4,4,4,4,0,0,0,0,0.007032710280373853,0.020337837837837897,0.0,0.5862612612612603,1.0,3,True,94,0.08792253521126761,0.9454647887323943,0.5752112676056336,4.972042253521127,17,65.0,54.0,0.046153846153846156,0.13846153846153847,0.6760150508789765,0.10246144859813086,0.2353513513513512,0.0024614485981308484,0.1,0.07035135135135123,0.1,0.015,0.05,0.0,0.0,0.08
4.287822,82,12119.91356,medium,1.0,4.0,3,814,8,4,4,4,4,0,0,0,0,0.026168224299065294,0.0,0.11199999999999945,1.0,0.9999999999999959,5,True,92,0.07676056338028169,0.7822253521126776,0.4254647887323941,0.1746830985915493,12,65.0,59.0,0.046153846153846156,0.1076923076923077,0.5329763839005862,0.10915887850467286,0.29499999999999954,0.009158878504672851,0.1,0.11999999999999995,0.0999999999999996,0.025,0.05,0.0,0.0,0.03493661971830986
4.2525,80,12157.805458,medium,1.0,4.0,3,798,8,4,4,4,4,0,0,0,0,0.06593457943925138,0.0,0.2001999999999956,1.0,0.9999999999999961,5,True,69,0.07963028169014084,0.7434366197183114,0.4513802816901409,0.7682922535211267,26,65.0,55.0,0.046153846153846156,0.1076923076923077,0.7032900082192841,0.11729981407134361,0.2949999999999996,0.023077102803737978,0.09422271126760563,0.11999999999999998,0.09999999999999963,0.025,0.05,0.0,0.0,0.08
3.020721,90,12199.799492,medium,0.8105919003115265,2.8105919003115263,2,897,8,4,4,4,4,0,0,0,0,0.03055295950155776,0.05382882882882882,0.0,0.8261261261261235,1.0,4,True,120,0.09464788732394366,0.943661971830988,0.5091830985915493,3.0535739436619718,21,65.0,54.0,0.046153846153846156,0.12307692307692308,0.6292810389145366,0.11069353582554523,0.2691351351351348,0.010693535825545216,0.1,0.0991351351351348,0.1,0.02,0.05,0.0,0.0,0.08
4.1284,67,12230.653681,medium,1.0,4.0,3,666,4,0,4,0,4,0,0,0,4,0.0,0.0,0.0,1.0,1.0,5,True,106,0.09202464788732394,0.5566760563380276,0.36774647887323936,1.454419014084507,16,63.0,55.0,0.06349206349206349,0.14285714285714285,0.6537987848437052,-0.01999999999999999,0.29500000000000004,0.0,0.1,0.12000000000000001,0.1,0.025,0.05,0.0,0.12,0.08
4.273928,82,12268.923326,medium,1.0,4.0,3,811,8,4,4,4,4,0,0,0,0,0.0,0.0,0.0,1.0,1.0,5,True,180,0.157306338028169,0.4762816901408444,0.17064788732394365,0.19985915492957745,11,65.0,55.0,0.046153846153846156,0.13846153846153847,0.5969543810154138,0.1,0.295,0.0,0.1,0.12,0.1,0.025,0.05,0.0,0.0,0.039971830985915495
4.184416,71,12312.581617,medium,1.0,4.0,3,701,6,2,4,2,4,0,0,0,2,0.022429906542056104,0.0,0.0,1.0,1.0,5,True,74,0.07288732394366197,0.5679154929577459,0.4275211267605631,3.8038908450704225,14,65.0,57.0,0.046153846153846156,0.1076923076923077,0.6820906001559203,0.039515960247466134,0.295,0.007850467289719637,0.0916654929577465,0.11999999999999997,0.1,0.025,0.05,0.0,0.06,0.08
4.265282,83,12350.9175,medium,1.0,4.0,3,822,8,4,4,4,4,0,0,0,0,0.027414330218068456,0.0036036036036036054,0.015399999999999978,1.0000000000000007,0.9999999999999994,5,True,108,0.08612676056338028,0.6786760563380283,0.43845070422535165,0.28556338028169015,12,65.0,58.0,0.06153846153846154,0.12307692307692308,0.6822905144755042,0.10959501557632396,0.295,0.00959501557632396,0.1,0.12000000000000002,0.09999999999999995,0.025,0.05,0.0,0.0,0.05711267605633803
0.478712,77,12388.639896,medium,0.46160436137071653,0.46160436137071653,0,767,8,4,4,4,4,0,0,0,0,0.0026168224299065387,0.007567567567567558,0.0,0.5240990990990988,0.0,2,False,119,0.10232394366197183,0.949436619718313,0.5298028169014078,0.44014084507042256,19,65.0,56.0,0.03076923076923077,0.09230769230769231,0.5546141453798703,0.10091588785046729,0.07289189189189184,0.0009158878504672885,0.1,0.06289189189189184,0.0,0.01,0.0,0.0,0.0,0.08
2.938251,100,12435.351601,medium,0.7727725856697819,2.772772585669782,2,1000,8,4,4,4,4,0,0,0,0,0.03140186915887826,0.006621621621621643,0.1245999999999989,0.748288288288288,0.9999999999999959,2,True,74,0.06359154929577465,0.9230704225352159,0.4643380281690136,1.2996302816901408,22,65.0,57.0,0.046153846153846156,0.1076923076923077,0.358388828901696,0.09568431617743839,0.24979459459459413,0.01099065420560739,0.084693661971831,0.08979459459459456,0.09999999999999959,0.01,0.05,0.0,0.0,0.08
4.261593,66,12467.042957,medium,1.0,4.0,3,653,6,2,4,2,4,0,0,0,2,0.03467289719626126,0.0,0.09799999999999763,1.0,0.9999999999999982,5,True,78,0.09063380281690141,0.3912676056338022,0.10484507042253521,0.10121478873239437,8,60.0,52.0,0.06666666666666667,0.13333333333333333,0.709309835137827,0.052135514018691445,0.2949999999999998,0.012135514018691437,0.1,0.12000000000000001,0.09999999999999983,0.025,0.05,0.0,0.06,0.020242957746478878
4.181266,76,12502.429327,medium,1.0,4.0,3,760,7,4,3,4,3,0,0,0,1,0.05822429906541936,0.01986486486486492,0.2197999999999948,1.000000000000003,0.9999999999999959,5,True,48,0.03718309859154929,0.7516338028169017,0.4297746478873238,1.7803169014084508,14,65.0,59.0,0.03076923076923077,0.09230769230769231,0.6128063508370265,0.042265828616558754,0.295,0.02037850467289677,0.051887323943661974,0.12000000000000037,0.09999999999999959,0.025,0.05,0.0,0.03,0.08
4.163511,66,12541.665824,medium,1.0,4.0,3,657,2,0,2,0,2,0,0,0,6,0.0,0.0,0.0,1.0,1.0,5,True,48,0.05577464788732395,0.6418028169014093,0.30574647887323947,0.058098591549295774,7,64.0,56.0,0.046875,0.125,0.5555715988922716,-0.05416901408450704,0.295,0.0,0.06583098591549295,0.12000000000000001,0.09999999999999999,0.025,0.05,0.0,0.12,0.011619718309859157
4.245516,75,12577.499546,medium,1.0,4.0,3,745,8,4,4,4,4,0,0,0,0,0.014330218068535823,0.041441441441441434,0.0,1.0000000000000016,1.0,5,True,140,0.1364788732394366,0.6180281690140847,0.4268732394366195,0.4046830985915493,9,65.0,58.0,0.03076923076923077,0.09230769230769231,0.5174614728953835,0.10501557632398754,0.2950000000000002,0.005015576323987538,0.1,0.12000000000000019,0.1,0.025,0.05,0.0,0.0,0.08
4.0363,59,12605.516196,medium,1.0,4.0,3,587,0,0,0,0,0,0,0,0,8,0.0,0.0,0.0,1.0,1.0,5,True,0,0.0,0.40199999999999936,0.1755774647887324,5.099577464788732,4,59.0,51.0,0.05084745762711865,0.11864406779661017,0.47023699045259487,-0.12,0.295,0.0,0.0,0.11999999999999998,0.09999999999999999,0.025,0.05,0.0,0.12,0.08
3.011264,83,12646.467957,medium,0.805880062305296,2.805880062305296,2,823,8,4,4,4,4,0,0,0,0,0.010630841121495392,0.03074324324324343,0.0,0.8440315315315302,1.0,3,True,93,0.0682394366197183,0.9154929577464805,0.6892957746478869,2.8915669014084506,47,65.0,56.0,0.046153846153846156,0.1076923076923077,0.5801069279940863,0.10140037185731213,0.2662837837837836,0.0037207943925233865,0.09767957746478874,0.10128378378378358,0.09999999999999999,0.015,0.05,0.0,0.0,0.08
3.118506,94,12692.087027,medium,0.9376947040498442,2.9376947040498442,2,940,8,4,4,4,4,0,0,0,0,0.035677570093458,0.009932432432432418,0.0,0.8198198198198194,1.0,4,True,59,0.05926056338028169,0.9335211267605646,0.5856338028169011,1.5749295774647887,25,65.0,59.0,0.046153846153846156,0.1076923076923077,0.5024450107789548,0.08643257206792157,0.26837837837837836,0.012487149532710299,0.07394542253521127,0.09837837837837834,0.1,0.02,0.05,0.0,0.0,0.08
1.738489,77,12729.96804,medium,0.6833177570093452,1.6833177570093452,1,761,8,4,4,4,4,0,0,0,0,0.01439252336448536,0.0,0.061599999999997344,0.5795045045045045,0.2669333333333307,2,False,136,0.12253521126760564,0.9398309859154937,0.7330704225352116,1.8952464788732395,37,65.0,59.0,0.046153846153846156,0.1076923076923077,0.5809817536923302,0.10503738317756989,0.10623387387387359,0.005037383177569876,0.1,0.06954054054054053,0.02669333333333307,0.01,0.0,0.0,0.0,0.08
4.222104,74,12763.784631,medium,1.0,4.0,3,736,7,4,3,4,3,0,0,0,1,0.030584112149532928,0.012297297297297278,0.0,0.9999999999999996,1.0,5,True,85,0.08566901408450704,0.7238591549295775,0.46769014084507043,0.8807570422535211,8,65.0,61.0,0.03076923076923077,0.09230769230769231,0.653357234821231,0.08070443925233653,0.29499999999999993,0.010704439252336525,0.1,0.11999999999999994,0.1,0.025,0.05,0.0,0.03,0.08
4.259894,76,12808.202305,medium,1.0,4.0,3,760,8,4,4,4,4,0,0,0,0,0.05969626168224172,0.0,0.23029999999999431,1.0,0.9999999999999961,5,True,128,0.11544014084507043,0.743577464788734,0.444225352112676,3.2085211267605636,14,65.0,59.0,0.03076923076923077,0.09230769230769231,0.6452778031758687,0.1208936915887846,0.2949999999999996,0.020893691588784603,0.1,0.11999999999999997,0.0999999999999996,0.025,0.05,0.0,0.0,0.08
4.186751,71,12841.110132,medium,1.0,4.0,3,705,6,2,4,2,4,0,0,0,2,0.022406542056074362,0.03168918918918935,0.0,1.0000000000000022,1.0,5,True,76,0.0752112676056338,0.7661690140845072,0.6144507042253521,5.5780457746478875,26,65.0,56.0,0.07692307692307693,0.15384615384615385,0.5331813498196191,0.04225074042385141,0.29500000000000026,0.007842289719626026,0.09440845070422538,0.12000000000000025,0.1,0.025,0.05,0.0,0.06,0.08
4.221004,73,12878.472827,medium,1.0,4.0,3,730,8,4,4,4,4,0,0,0,0,0.0,0.0,0.0,1.0,1.0,5,True,81,0.05133802816901408,0.6856338028169014,0.4696901408450703,2.6983802816901408,21,65.0,55.0,0.046153846153846156,0.1076923076923077,0.41992239415273624,0.07900352112676057,0.295,0.0,0.07900352112676057,0.11999999999999997,0.1,0.025,0.05,0.0,0.0,0.08
4.249322,85,12919.452759,medium,1.0,4.0,3,845,8,4,4,4,4,0,0,0,0,0.05377725856697724,0.026013513513513636,0.10499999999999547,0.9999999999999988,1.0,5,True,125,0.10813380281690141,0.9258873239436612,0.6412112676056337,3.5200528169014085,33,65.0,58.0,0.03076923076923077,0.09230769230769231,0.6215724837886668,0.11882204049844204,0.2949999999999999,0.01882204049844204,0.1,0.11999999999999984,0.1,0.025,0.05,0.0,0.0,0.08
2.873995,100,12970.121147,medium,0.7102647975077881,2.7102647975077883,2,1000,8,4,4,4,4,0,0,0,0,0.044649532710279646,0.0733108108108111,0.08259999999999643,0.5675225225225199,1.0,2,True,124,0.10859154929577465,0.8971830985915503,0.6210140845070415,2.0328169014084505,39,65.0,51.0,0.046153846153846156,0.13846153846153847,0.48485417310394424,0.11562733644859788,0.22810270270270244,0.015627336448597873,0.1,0.06810270270270241,0.1,0.01,0.05,0.0,0.0,0.08
4.1365,59,12999.800499,medium,1.0,4.0,3,585,2,0,2,0,2,0,0,0,6,0.0,0.0,0.0,1.0,1.0,5,True,87,0.0770774647887324,0.46926760563380254,0.2750985915492957,6.250088028169014,7,57.0,51.0,0.05263157894736842,0.12280701754385964,0.5920341287373824,-0.01999999999999999,0.295,0.0,0.1,0.11999999999999998,0.1,0.025,0.05,0.0,0.12,0.08
4.219424,72,13034.826802,medium,1.0,4.0,3,713,7,3,4,3,4,0,0,0,1,0.016355140186915945,0.032635135135135315,0.0,1.0000000000000022,1.0,5,True,92,0.08070422535211268,0.5552957746478867,0.30599999999999994,9.29524647887324,15,65.0,55.0,0.046153846153846156,0.1076923076923077,0.4388990311728897,0.07572429906542058,0.29500000000000026,0.005724299065420581,0.1,0.12000000000000025,0.1,0.025,0.05,0.0,0.03,0.08
3.101534,100,13091.442707,medium,0.9568535825545171,2.9568535825545172,2,1000,8,4,4,4,4,0,0,0,0,0.04612149532710181,0.0,0.19739999999999575,0.8752252252252253,0.9999999999999961,4,True,31,0.024014084507042253,0.9109295774647891,0.5357183098591548,2.3652288732394364,26,65.0,57.0,0.046153846153846156,0.1076923076923077,0.6574369314293437,0.04965308674476733,0.2750270270270266,0.01614252336448563,0.033510563380281695,0.10502702702702699,0.0999999999999996,0.02,0.05,0.0,0.0,0.08
3.085712,100,13139.859975,medium,0.962772585669782,2.962772585669782,2,1000,7,4,3,4,3,0,0,0,1,0.056285046728971416,0.026013513513513636,0.06439999999999722,0.8923423423423411,1.0,4,True,27,0.030211267605633804,0.9496901408450722,0.6055211267605634,0.9345422535211267,22,65.0,58.0,0.046153846153846156,0.12307692307692308,0.742028077791541,0.02585821705936535,0.27708108108108087,0.019699766355139994,0.03615845070422535,0.10708108108108089,0.1,0.02,0.05,0.0,0.03,0.08
4.163551,70,13174.872249,medium,1.0,4.0,3,700,5,1,4,1,4,0,0,0,3,0.05129283489096519,0.041441441441441434,0.1581999999999974,1.0000000000000016,0.9999999999999961,5,True,80,0.06746478873239437,0.7279436619718306,0.4985352112676054,6.091830985915493,21,65.0,55.0,0.046153846153846156,0.13846153846153847,0.3189954002702487,0.018551083761133597,0.2949999999999998,0.017952492211837815,0.09059859154929578,0.1200000000000002,0.0999999999999996,0.025,0.05,0.0,0.09,0.08
3.035172,79,13214.419539,medium,0.8109190031152647,2.8109190031152647,2,784,8,4,4,4,4,0,0,0,0,0.035919003115264865,0.041441441441441434,0.0840000000000004,0.834009009009007,0.9999999999999959,4,True,120,0.09084507042253522,0.9332676056338028,0.738732394366197,2.8986971830985917,19,65.0,55.0,0.046153846153846156,0.12307692307692308,0.36522402771533286,0.1125716510903427,0.2700810810810804,0.012571651090342702,0.1,0.10008108108108082,0.09999999999999962,0.02,0.05,0.0,0.0,0.08
4.176347,68,13246.856734,medium,1.0,4.0,3,676,5,1,4,1,4,0,0,0,3,0.05413551401869025,0.0009459459459459462,0.23029999999999431,1.0,0.9999999999999961,5,True,152,0.14214788732394365,0.5376338028169008,0.2368732394366197,0.4774471830985916,12,63.0,56.0,0.06349206349206349,0.12698412698412698,0.6366346420379821,0.02894742990654159,0.2949999999999996,0.018947429906541587,0.1,0.12,0.0999999999999996,0.025,0.05,0.0,0.09,0.08
3.132577,100,13292.960066,medium,0.9376947040498442,2.9376947040498442,2,1000,8,4,4,4,4,0,0,0,0,0.018582554517134,0.05373873873873886,0.0,0.8198198198198178,1.0,4,True,144,0.11492957746478873,0.7901971830985934,0.5112112676056338,6.218873239436619,20,65.0,58.0,0.046153846153846156,0.1076923076923077,0.5329763839005862,0.1065038940809969,0.26837837837837814,0.0065038940809969,0.1,0.09837837837837814,0.1,0.02,0.05,0.0,0.0,0.08
4.238502,84,13340.723888,medium,1.0,4.0,3,835,8,4,4,4,4,0,0,0,0,0.028294392523364267,0.0,0.0,1.0,1.0,5,True,78,0.07746478873239436,0.7003661971831004,0.376,2.218450704225352,15,65.0,57.0,0.07692307692307693,0.13846153846153847,0.5693216263995053,0.10700162893247327,0.295,0.009903037383177493,0.09709859154929577,0.11999999999999997,0.1,0.025,0.05,0.0,0.0,0.08
2.901774,78,13378.080065,medium,0.7429127725856698,2.7429127725856697,2,776,8,4,4,4,4,0,0,0,0,0.05037383177570011,0.018918918918919128,0.18759999999999616,0.5531531531531522,0.9999999999999959,3,True,65,0.04660211267605634,0.9292394366197185,0.6941126760563381,5.1512147887323945,26,65.0,62.0,0.03076923076923077,0.09230769230769231,0.6200063558276724,0.0850824256285373,0.23137837837837782,0.017630841121495038,0.06745158450704225,0.06637837837837826,0.09999999999999959,0.015,0.05,0.0,0.0,0.08
4.098659,56,13405.737065,medium,1.0,4.0,3,552,3,0,3,0,3,0,0,0,5,0.0,0.0,0.0,1.0,1.0,5,True,48,0.04647887323943662,0.4432394366197179,0.20988732394366197,2.2716901408450703,6,53.0,52.0,0.03773584905660377,0.07547169811320754,0.5809740077131257,-0.06114084507042253,0.295,0.0,0.05885915492957747,0.11999999999999998,0.1,0.025,0.05,0.0,0.12,0.08
2.975973,81,13447.419313,medium,0.7996105919003115,2.7996105919003114,2,802,8,4,4,4,4,0,0,0,0,0.0191355140186917,0.0,0.0,0.5405405405405406,1.0,3,True,130,0.12267605633802817,0.9154929577464785,0.736788732394366,1.6505457746478873,42,65.0,55.0,0.06153846153846154,0.12307692307692308,0.5200313040923368,0.1066974299065421,0.22986486486486485,0.0066974299065420935,0.1,0.06486486486486485,0.1,0.015,0.05,0.0,0.0,0.08
4.242391,74,13483.270198,medium,1.0,4.0,3,736,8,4,4,4,4,0,0,0,0,0.04764018691588805,0.036418918918919144,0.0,1.000000000000002,1.0,5,True,78,0.06042253521126761,0.6854647887323952,0.46535211267605636,2.525492957746479,21,65.0,57.0,0.06153846153846154,0.12307692307692308,0.4411138364770706,0.10099096682901151,0.29500000000000026,0.016674065420560817,0.0843169014084507,0.12000000000000023,0.1,0.025,0.05,0.0,0.0,0.08
4.193287,71,13520.046256,medium,1.0,4.0,3,707,6,2,4,2,4,0,0,0,2,0.025677570093458165,0.02695945945945959,0.0700000000000005,1.0000000000000024,0.9999999999999966,5,True,180,0.1567605633802817,0.6609577464788723,0.3916056338028169,0.6990140845070423,18,65.0,57.0,0.06153846153846154,0.12307692307692308,0.5500323389376455,0.04898714953271037,0.295,0.008987149532710357,0.1,0.12000000000000031,0.09999999999999966,0.025,0.05,0.0,0.06,0.08
4.249097,81,13570.204798,medium,1.0,4.0,3,805,8,4,4,4,4,0,0,0,0,0.04170560747663533,0.0,0.0,1.0,1.0,5,True,79,0.08598591549295774,0.8292394366197183,0.7161126760563381,6.6717957746478875,26,65.0,56.0,0.046153846153846156,0.12307692307692308,0.4728288599879484,0.11459696261682237,0.295,0.014596962616822367,0.1,0.12000000000000001,0.09999999999999999,0.025,0.05,0.0,0.0,0.08
3.023423,100,13618.582053,medium,0.8078660436137072,2.807866043613707,2,1000,8,4,4,4,4,0,0,0,0,0.0673831775700925,0.0,0.2127999999999951,0.8497747747747748,0.9999999999999959,4,True,161,0.13848591549295775,0.9462816901408487,0.49470422535211245,0.7129401408450704,18,65.0,60.0,0.03076923076923077,0.09230769230769231,0.40008840380660676,0.12358411214953238,0.27197297297297257,0.023584112149532377,0.1,0.10197297297297298,0.09999999999999962,0.02,0.05,0.0,0.0,0.08
4.269427,73,13653.852302,medium,1.0,4.0,3,726,8,4,4,4,4,0,0,0,0,0.0772196261682233,0.0,0.19249999999999542,1.0,0.9999999999999963,5,True,96,0.1115492957746479,0.5345915492957741,0.2976338028169014,1.0300704225352113,13,65.0,62.0,0.03076923076923077,0.09230769230769231,0.7142755920445202,0.12702686915887815,0.29499999999999965,0.027026869158878152,0.1,0.12,0.09999999999999964,0.025,0.05,0.0,0.0,0.08
4.178215,65,13686.260978,medium,1.0,4.0,3,642,3,0,3,0,3,0,0,0,5,0.0,0.0,0.0,1.0,1.0,5,True,60,0.06971830985915493,0.4564507042253515,0.1772394366197184,0.07436619718309859,9,62.0,56.0,0.03225806451612903,0.0967741935483871,0.8349508536002188,-0.037711267605633814,0.295,0.0,0.08228873239436618,0.11999999999999995,0.1,0.025,0.05,0.0,0.12,0.01487323943661972
4.243151,80,13726.097651,medium,1.0,4.0,3,797,8,4,4,4,4,0,0,0,0,0.04759345794392496,0.055337837837837744,0.0,0.9999999999999976,1.0,5,True,72,0.07359154929577465,0.7615774647887316,0.4025352112676057,1.1632394366197183,17,65.0,58.0,0.03076923076923077,0.09230769230769231,0.5948969830378946,0.10785137225220472,0.2949999999999997,0.016657710280373734,0.09119366197183099,0.1199999999999997,0.1,0.025,0.05,0.0,0.0,0.08
3.190211,96,13773.012494,medium,0.9818535825545172,2.981853582554517,2,954,8,4,4,4,4,0,0,0,0,0.00015576323987538947,0.0004504504504504507,0.0,0.9475225225225226,1.0,4,True,83,0.08334507042253521,0.9436619718309877,0.5923098591549295,2.119119718309859,23,65.0,56.0,0.06153846153846154,0.13846153846153847,0.41992239415273624,0.1000545171339564,0.2837027027027027,5.451713395638631e-05,0.1,0.11370270270270269,0.09999999999999999,0.02,0.05,0.0,0.0,0.08
3.138791,89,13825.687102,medium,0.9376947040498442,2.9376947040498442,2,881,8,4,4,4,4,0,0,0,0,0.002336448598130842,0.006756756756756758,0.0,0.8198198198198199,1.0,4,True,117,0.09713028169014085,0.9943661971830989,0.6881408450704227,4.683978873239437,15,65.0,59.0,0.046153846153846156,0.1076923076923077,0.556387503131005,0.1008177570093458,0.26837837837837836,0.0008177570093457945,0.1,0.09837837837837836,0.1,0.02,0.05,0.0,0.0,0.08
4.210058,90,13871.613281,medium,1.0,4.0,3,893,8,4,4,4,4,0,0,0,0,0.03647196261682173,0.022229729729729784,0.07279999999999891,0.999999999999999,0.9999999999999979,5,True,60,0.05545774647887324,0.7723943661971843,0.4939154929577462,1.3749471830985915,23,65.0,53.0,0.046153846153846156,0.12307692307692308,0.3986741472968464,0.08435849677504252,0.29499999999999965,0.012765186915887601,0.07159330985915492,0.11999999999999987,0.0999999999999998,0.025,0.05,0.0,0.0,0.08
4.076585,70,13906.829773,medium,1.0,4.0,3,693,5,4,1,4,1,0,0,0,3,0.03224299065420567,0.0,0.0,1.0,1.0,5,True,7,0.008133802816901408,0.6345352112676049,0.4409295774647886,3.036830985915493,21,65.0,59.0,0.03076923076923077,0.09230769230769231,0.4388990311728897,-0.06911460115835195,0.295,0.011285046728971983,0.009600352112676055,0.12,0.1,0.025,0.05,0.0,0.09,0.08
3.169274,100,13956.423371,medium,0.966588785046729,2.9665887850467287,2,1000,8,4,4,4,4,0,0,0,0,0.012227414330218067,0.03536036036036035,0.0,0.9033783783783766,1.0,4,True,121,0.11232394366197183,0.9251267605633816,0.6144788732394364,2.191883802816901,37,65.0,60.0,0.03076923076923077,0.09230769230769231,0.5381394573023605,0.10427959501557633,0.2784054054054052,0.004279595015576323,0.1,0.1084054054054052,0.09999999999999999,0.02,0.05,0.0,0.0,0.08
4.185168,81,13994.819193,medium,1.0,4.0,3,802,7,4,3,4,3,0,0,0,1,0.013738317757009353,0.03972972972972975,0.0,1.0000000000000024,1.0,5,True,57,0.06274647887323943,0.8289014084507074,0.27028169014084513,2.0252288732394366,9,65.0,57.0,0.06153846153846154,0.12307692307692308,0.5327836037388659,0.05036827036988285,0.2950000000000003,0.004808411214953273,0.07555985915492958,0.12000000000000029,0.1,0.025,0.05,0.0,0.03,0.08
3.164833,85,14036.95197,medium,0.9502336448598131,2.950233644859813,2,850,8,4,4,4,4,0,0,0,0,0.01962616822429916,0.056756756756757024,0.0,0.8560810810810783,1.0,4,True,161,0.13468309859154928,0.9154929577464811,0.6751267605633804,4.445105633802817,38,65.0,54.0,0.06153846153846154,0.13846153846153847,0.5111727926995352,0.1068691588785047,0.27272972972972936,0.006869158878504704,0.1,0.10272972972972935,0.1,0.02,0.05,0.0,0.0,0.08
2.959623,100,14092.588903,medium,0.7975077881619937,2.797507788161994,2,1000,7,4,3,4,3,0,0,0,1,0.022733644859812604,0.028851351351351504,0.0,0.8198198198198191,1.0,4,True,77,0.07637323943661972,0.914084507042253,0.644281690140845,2.361760563380282,27,65.0,60.0,0.046153846153846156,0.1076923076923077,0.43548460635507646,0.07373670527839919,0.2683783783783783,0.007956775700934412,0.09577992957746478,0.09837837837837828,0.1,0.02,0.05,0.0,0.03,0.08
4.270802,76,14130.341447,medium,1.0,4.0,3,751,8,4,4,4,4,0,0,0,0,0.04268691588785029,0.036418918918919144,0.0,1.000000000000002,1.0,5,True,79,0.09179577464788732,0.7618591549295803,0.40988732394366195,0.32019366197183097,10,65.0,60.0,0.046153846153846156,0.1076923076923077,0.6668835815890297,0.1149404205607476,0.29500000000000026,0.014940420560747604,0.1,0.12000000000000025,0.1,0.025,0.05,0.0,0.0,0.0640387323943662
3.003971,98,14179.403638,medium,0.8177570093457944,2.8177570093457946,2,975,8,4,4,4,4,0,0,0,0,0.03960280373831784,0.021283783783783854,0.0,0.7837837837837828,1.0,4,True,76,0.06373239436619718,0.9677746478873248,0.666028169014084,4.1265140845070425,38,65.0,56.0,0.046153846153846156,0.1076923076923077,0.5661636177032054,0.09966027708305913,0.2640540540540539,0.013860981308411244,0.08579929577464789,0.09405405405405391,0.1,0.02,0.05,0.0,0.0,0.08
4.183278,66,14211.652995,medium,1.0,4.0,3,659,5,2,3,2,3,0,0,0,3,0.06908099688473536,0.009459459459459564,0.14366666666666694,0.9999999999999996,0.9999999999999961,5,True,93,0.09876760563380281,0.5859718309859152,0.35577464788732394,2.5991549295774647,14,61.0,57.0,0.03278688524590164,0.09836065573770492,0.6031556500094114,0.03417834890965739,0.2949999999999996,0.024178348909657376,0.1,0.11999999999999994,0.09999999999999963,0.025,0.05,0.0,0.09,0.08
4.13772,61,14241.636542,medium,1.0,4.0,3,606,4,1,3,1,3,0,0,0,4,0.009485981308411263,0.0,0.0,1.0,1.0,5,True,120,0.12084507042253521,0.38656338028168974,0.13090140845070422,0.7111267605633803,2,57.0,51.0,0.05263157894736842,0.12280701754385964,0.5348843289118828,-0.016679906542056047,0.29500000000000004,0.003320093457943942,0.1,0.12000000000000002,0.1,0.025,0.05,0.0,0.12,0.08
4.187579,72,14277.322631,medium,1.0,4.0,3,719,7,4,3,4,3,0,0,0,1,0.0,0.0,0.0,1.0,1.0,5,True,56,0.061971830985915494,0.6840281690140847,0.4654366197183099,3.578239436619718,25,65.0,59.0,0.03076923076923077,0.09230769230769231,0.5482307036646142,0.04447887323943661,0.295,0.0,0.07447887323943661,0.12,0.1,0.025,0.05,0.0,0.03,0.08
3.108638,100,14325.035662,medium,0.8805295950155764,2.8805295950155765,2,1000,8,4,4,4,4,0,0,0,0,0.03745327102803691,0.0,0.08259999999999712,1.0,0.9999999999999994,5,True,120,0.1030281690140845,0.8903098591549323,0.4579999999999999,1.3537323943661972,24,65.0,57.0,0.06153846153846154,0.12307692307692308,0.5365680265364352,0.11310864485981292,0.29499999999999993,0.013108644859812916,0.1,0.11999999999999997,0.09999999999999996,0.025,0.05,0.0,0.0,0.08
4.099462,51,14362.260147,medium,1.0,4.0,3,504,4,1,3,1,3,0,0,0,4,0.003925233644859807,0.011351351351351334,0.0,0.9999999999999996,1.0,5,True,39,0.045316901408450704,0.34109859154929534,0.12157746478873238,0.8761619718309859,4,47.0,46.0,0.0425531914893617,0.0851063829787234,0.49642996857632543,-0.06513849216796104,0.295,0.0013738317757009321,0.05348767605633802,0.11999999999999995,0.1,0.025,0.05,0.0,0.12,0.08
4.160961,67,14396.54925,medium,1.0,4.0,3,665,5,1,4,1,4,0,0,0,3,0.007032710280373853,0.020337837837837897,0.0,1.0000000000000002,1.0,5,True,110,0.10161971830985915,0.6085070422535217,0.4176901408450704,2.7734507042253522,15,62.0,54.0,0.04838709677419355,0.11290322580645161,0.5089338932123684,0.012461448598130864,0.29500000000000004,0.0024614485981308484,0.1,0.12000000000000001,0.1,0.025,0.05,0.0,0.09,0.08
4.27578,73,14433.168176,medium,1.0,4.0,3,728,8,4,4,4,4,0,0,0,0,0.042562305295950405,0.0,0.10866666666666693,1.0,0.9999999999999961,5,True,168,0.1428169014084507,0.6747605633802811,0.4410985915492958,0.30658450704225354,12,65.0,54.0,0.07692307692307693,0.13846153846153847,0.6391050223236923,0.11489680685358264,0.2949999999999996,0.01489680685358264,0.1,0.12000000000000001,0.0999999999999996,0.025,0.05,0.0,0.0,0.061316901408450704
4.252419,74,14468.821236,medium,1.0,4.0,3,732,8,4,4,4,4,0,0,0,0,0.043364485981308744,0.046824324324324484,0.0,1.0000000000000016,1.0,5,True,89,0.0679225352112676,0.5606760563380271,0.24560563380281686,1.0363028169014084,9,65.0,60.0,0.03076923076923077,0.09230769230769231,0.595143706225744,0.11061947150190876,0.2950000000000002,0.015177570093458059,0.0954419014084507,0.12000000000000019,0.1,0.025,0.05,0.0,0.0,0.08
4.19793,70,14501.714489,medium,1.0,4.0,3,694,5,1,4,1,4,0,0,0,3,0.003971962616822431,0.011486486486486489,0.0,1.000000000000002,1.0,5,True,109,0.08232394366197184,0.5610704225352103,0.322788732394366,0.19529929577464789,12,65.0,56.0,0.046153846153846156,0.12307692307692308,0.43548460635507646,0.011390186915887862,0.29500000000000026,0.0013901869158878507,0.1,0.12000000000000025,0.1,0.025,0.05,0.0,0.09,0.03905985915492957
3.14894,100,14546.78138,medium,0.9442367601246106,2.9442367601246104,2,1000,8,4,4,4,4,0,0,0,0,0.040155763239875505,0.04900900900900898,0.09933333333333351,0.8387387387387364,0.9999999999999961,4,True,96,0.08153169014084508,0.8810704225352136,0.5724788732394366,3.2820774647887325,28,65.0,56.0,0.046153846153846156,0.12307692307692308,0.4143806394504343,0.11405451713395642,0.2706486486486479,0.014054517133956425,0.1,0.10064864864864832,0.0999999999999996,0.02,0.05,0.0,0.0,0.08
4.226526,72,14582.174293,medium,1.0,4.0,3,711,7,3,4,3,4,0,0,0,1,0.040233644859812505,0.06243243243243285,0.07979999999999655,1.0000000000000009,1.0,5,True,82,0.07672535211267606,0.6617464788732409,0.3865352112676057,2.2229753521126763,17,65.0,58.0,0.03076923076923077,0.09230769230769231,0.6269828815298523,0.08262578978544144,0.2950000000000001,0.014081775700934376,0.09854401408450707,0.12000000000000009,0.09999999999999999,0.025,0.05,0.0,0.03,0.08
3.133057,100,14645.564018,medium,0.9376947040498442,2.9376947040498442,2,1000,8,4,4,4,4,0,0,0,0,0.019953271028037515,0.0037837837837837855,0.07980000000000056,0.8198198198198197,0.9999999999999959,4,True,106,0.0953169014084507,0.7929577464788727,0.6232112676056338,14.611883802816902,19,65.0,60.0,0.03076923076923077,0.09230769230769231,0.5273745228798999,0.10698364485981314,0.26837837837837797,0.006983644859813129,0.1,0.09837837837837834,0.0999999999999996,0.02,0.05,0.0,0.0,0.08
2.865548,76,14682.567039,medium,0.6944003115264796,2.6944003115264796,2,758,8,4,4,4,4,0,0,0,0,0.012429906542056043,0.024121621621621552,0.0,0.5216441441441431,1.0,2,True,93,0.07637323943661972,0.923605633802819,0.6715211267605635,2.162429577464789,27,65.0,57.0,0.046153846153846156,0.1076923076923077,0.6191079163434231,0.10435046728971963,0.22259729729729716,0.004350467289719615,0.1,0.06259729729729717,0.1,0.01,0.05,0.0,0.0,0.08
4.266154,74,14718.226329,medium,1.0,4.0,3,736,8,4,4,4,4,0,0,0,0,0.07072429906542058,0.08069819819819862,0.1245999999999989,0.9999999999999998,0.9999999999999959,5,True,166,0.14049295774647888,0.709098591549296,0.275774647887324,1.2309154929577464,11,65.0,51.0,0.06153846153846154,0.15384615384615385,0.5851314535340038,0.12475350467289721,0.29499999999999954,0.024753504672897202,0.1,0.11999999999999995,0.09999999999999959,0.025,0.05,0.0,0.0,0.08
4.124261,70,14753.182712,medium,1.0,4.0,3,691,5,3,2,3,2,0,0,0,3,0.027149532710280203,0.0,0.0,1.0,1.0,5,True,48,0.04647887323943662,0.6246197183098594,0.3766760563380282,1.381725352112676,17,65.0,56.0,0.03076923076923077,0.09230769230769231,0.5989146677309213,-0.021638508621824454,0.295,0.00950233644859807,0.05885915492957747,0.12,0.1,0.025,0.05,0.0,0.09,0.08
4.255684,80,14792.845146,medium,1.0,4.0,3,793,8,4,4,4,4,0,0,0,0,0.07778037383177537,0.0,0.1950000000000003,1.0,0.9999999999999961,5,True,82,0.06901408450704226,0.7082816901408456,0.41295774647887307,1.8339788732394366,19,65.0,56.0,0.07692307692307693,0.13846153846153847,0.4728288599879484,0.11998369422140306,0.2949999999999996,0.02722313084112138,0.09276056338028169,0.11999999999999998,0.09999999999999962,0.025,0.05,0.0,0.0,0.08
4.168005,66,14825.976694,medium,1.0,4.0,3,655,5,1,4,1,4,0,0,0,3,0.024299065420560807,0.0,0.10400000000000025,1.0,0.9999999999999961,5,True,96,0.10225352112676056,0.4452676056338027,0.26121126760563385,1.563257042253521,11,61.0,54.0,0.03278688524590164,0.09836065573770492,0.29099407762444124,0.01850467289719629,0.29499999999999954,0.008504672897196282,0.1,0.11999999999999995,0.0999999999999996,0.025,0.05,0.0,0.09,0.08
4.253497,77,14873.008119,medium,1.0,4.0,3,761,8,4,4,4,4,0,0,0,0,0.04170560747663565,0.05108108108108146,0.0,1.0000000000000013,1.0,5,True,94,0.08302816901408451,0.6445070422535196,0.37746478873239403,7.117746478873239,13,65.0,55.0,0.046153846153846156,0.1076923076923077,0.6354243207826399,0.11459696261682248,0.29500000000000015,0.01459696261682248,0.1,0.12000000000000015,0.1,0.025,0.05,0.0,0.0,0.08
4.086866,62,14904.135566,medium,1.0,4.0,3,616,3,2,1,2,1,0,0,0,5,0.05871495327102713,0.03358108108108127,0.1938999999999959,0.9999999999999983,0.9999999999999959,5,True,24,0.027887323943661974,0.5607323943661965,0.3199154929577464,1.3790845070422535,14,59.0,54.0,0.05084745762711865,0.11864406779661017,0.6067411625654776,-0.06653427339739403,0.29499999999999943,0.020550233644859497,0.03291549295774648,0.1199999999999998,0.0999999999999996,0.025,0.05,0.0,0.12,0.08
4.246366,68,14937.920452,medium,1.0,4.0,3,678,7,3,4,3,4,0,0,0,1,0.09631619937694609,0.08130630630630648,0.1903999999999952,0.9999999999999996,0.9999999999999968,5,True,89,0.06794014084507043,0.5545915492957746,0.41873239436619725,1.7689260563380282,20,61.0,55.0,0.04918032786885246,0.13114754098360656,0.5318237074224569,0.09916577541573393,0.29499999999999965,0.03371066978193112,0.09545510563380281,0.11999999999999994,0.09999999999999969,0.025,0.05,0.0,0.03,0.08
3.145386,100,14987.335334,medium,0.9791277258566978,2.979127725856698,2,1000,8,4,4,4,4,0,0,0,0,0.0,0.0,0.0,0.9396396396396396,1.0,4,True,66,0.040669014084507044,0.8813521126760598,0.5689295774647884,3.03362676056338,21,65.0,55.0,0.046153846153846156,0.12307692307692308,0.5652820065176613,0.06350176056338028,0.2827567567567567,0.0,0.06350176056338028,0.1127567567567567,0.1,0.02,0.05,0.0,0.0,0.08
4.24576,80,15024.482745,medium,1.0,4.0,3,792,8,4,4,4,4,0,0,0,0,0.028457943925233896,0.034054054054054345,0.0,1.0000000000000004,1.0,5,True,92,0.07801056338028169,0.7784507042253527,0.5381690140845069,2.986056338028169,27,65.0,55.0,0.046153846153846156,0.1076923076923077,0.468776418903305,0.10996028037383188,0.29500000000000004,0.009960280373831865,0.1,0.12000000000000002,0.1,0.025,0.05,0.0,0.0,0.08
4.213489,82,15065.083614,medium,1.0,4.0,3,813,8,4,4,4,4,0,0,0,0,0.0,0.0,0.0,1.0,1.0,5,True,70,0.05971830985915493,0.7222253521126764,0.43036619718309854,4.771056338028169,14,65.0,51.0,0.06153846153846154,0.15384615384615385,0.5314250993014934,0.0797887323943662,0.295,0.0,0.0797887323943662,0.12,0.1,0.025,0.05,0.0,0.0,0.08
4.238542,71,15098.999901,medium,1.0,4.0,3,705,7,3,4,3,4,0,0,0,1,0.06869158878504693,0.0700450450450452,0.1903333333333336,0.9999999999999971,0.9999999999999961,5,True,140,0.1364788732394366,0.4124507042253516,0.17414084507042252,1.249049295774648,8,64.0,55.0,0.046875,0.140625,0.701619620570477,0.09404205607476643,0.29499999999999926,0.02404205607476642,0.1,0.11999999999999962,0.09999999999999963,0.025,0.05,0.0,0.03,0.08
4.082805,53,15133.487379,medium,1.0,4.0,3,529,3,2,1,2,1,0,0,0,5,0.03009345794392477,0.009459459459459446,0.0,1.0,1.0,5,True,22,0.02556338028169014,0.309859154929577,0.11554929577464788,0.46452464788732395,4,50.0,47.0,0.04,0.12,0.6382449232878088,-0.07929475450835873,0.295,0.010532710280373668,0.030172535211267604,0.12,0.1,0.025,0.05,0.0,0.12,0.08
4.249164,80,15172.63115,medium,1.0,4.0,3,800,8,4,4,4,4,0,0,0,0,0.04046728971962635,0.0726576576576581,0.0,0.9999999999999963,1.0,5,True,144,0.13183098591549297,0.8245070422535251,0.5779436619718312,3.3512852112676055,25,65.0,54.0,0.07692307692307693,0.15384615384615385,0.5360458576685546,0.11416355140186923,0.2949999999999996,0.014163551401869222,0.1,0.11999999999999957,0.1,0.025,0.05,0.0,0.0,0.08
4.130337,71,15208.841864,medium,1.0,4.0,3,710,6,4,2,4,2,0,0,0,2,0.016355140186915938,0.04493243243243257,0.0,1.0000000000000007,1.0,5,True,32,0.032816901408450706,0.6947323943661994,0.4025352112676056,2.737147887323944,17,65.0,56.0,0.046153846153846156,0.1076923076923077,0.7081843592838335,-0.013663024878241392,0.2950000000000001,0.005724299065420577,0.040612676056338025,0.12000000000000006,0.1,0.025,0.05,0.0,0.06,0.08
4.241932,79,15247.591747,medium,1.0,4.0,3,783,8,4,4,4,4,0,0,0,0,0.033878504672897256,0.004729729729729729,0.0,0.9999999999999998,1.0,5,True,78,0.0725,0.643014084507043,0.31332394366197175,2.0662147887323945,18,65.0,61.0,0.03076923076923077,0.09230769230769231,0.5812740846911594,0.10523247663551404,0.295,0.011857476635514036,0.093375,0.11999999999999997,0.1,0.025,0.05,0.0,0.0,0.08
3.04912,91,15292.528268,medium,0.8820093457943925,2.8820093457943923,2,902,8,4,4,4,4,0,0,0,0,0.021884735202492234,0.0,0.0,0.6587837837837838,1.0,3,True,86,0.05679577464788733,0.9204507042253544,0.6658591549295775,4.309735915492958,29,65.0,58.0,0.046153846153846156,0.1076923076923077,0.4206921748463249,0.09325648830678779,0.24405405405405406,0.007659657320872281,0.0855968309859155,0.07905405405405407,0.1,0.015,0.05,0.0,0.0,0.08
4.209802,67,15325.493349,medium,1.0,4.0,3,667,6,2,4,2,4,0,0,0,2,0.061433021806853005,0.06319819819819843,0.16939999999999691,0.9999999999999967,0.9999999999999961,5,True,164,0.14580985915492958,0.5958309859154928,0.40163380281690114,0.7147711267605634,5,61.0,59.0,0.03278688524590164,0.08196721311475409,0.6448234045207987,0.06150155763239856,0.2949999999999992,0.02150155763239855,0.1,0.11999999999999961,0.09999999999999962,0.025,0.05,0.0,0.06,0.08
1.687053,79,15363.003119,medium,0.5958021806853567,1.5958021806853568,1,786,8,4,4,4,4,0,0,0,0,0.055771028037381674,0.0,0.17709999999999426,0.47995495495495494,0.8234333333333257,2,False,64,0.06452464788732394,0.9195211267605656,0.5126197183098591,1.9091197183098592,23,65.0,54.0,0.07692307692307693,0.16923076923076924,0.36522402771533286,0.09991334572857653,0.14993792792792718,0.019519859813083584,0.08039348591549295,0.05759459459459459,0.08234333333333257,0.01,0.0,0.0,0.0,0.08
4.092602,55,15405.776128,medium,1.0,4.0,3,544,3,1,2,1,2,0,0,0,5,0.0,0.0,0.0,1.0,1.0,5,True,43,0.040669014084507044,0.4554366197183095,0.2870422535211268,5.168943661971831,8,52.0,46.0,0.07692307692307693,0.15384615384615385,0.5830835995510181,-0.0679982394366197,0.295,0.0,0.05200176056338029,0.12,0.1,0.025,0.05,0.0,0.12,0.08
3.105271,84,15448.409639,medium,0.9034267912772586,2.9034267912772584,2,834,8,4,4,4,4,0,0,0,0,0.02502336448598123,0.0,0.0,0.7207207207207207,1.0,4,True,116,0.0921830985915493,0.9323943661971839,0.5813239436619718,7.458838028169014,24,65.0,61.0,0.03076923076923077,0.09230769230769231,0.5288193640703336,0.10875817757009343,0.2564864864864865,0.00875817757009343,0.1,0.08648648648648646,0.1,0.02,0.05,0.0,0.0,0.08
0.460372,75,15485.217296,medium,0.4722118380062305,0.4722118380062305,0,741,7,3,4,3,4,0,0,0,1,0.0019626168224299192,0.005675675675675712,0.0,0.5547747747747745,0.0,1,False,117,0.09336267605633802,0.9323943661971864,0.5443380281690134,1.4307922535211268,18,65.0,51.0,0.09230769230769231,0.16923076923076924,0.5317087143899668,0.07068691588785048,0.07157297297297296,0.0006869158878504717,0.1,0.06657297297297296,0.0,0.005,0.0,0.0,0.03,0.08
2.860856,76,15521.580691,medium,0.70345015576324,2.7034501557632398,2,755,8,4,4,4,4,0,0,0,0,0.01030373831775709,0.02979729729729753,0.0,0.5131306306306294,1.0,2,True,78,0.06496478873239436,0.9154929577464815,0.6212394366197183,3.68818661971831,37,65.0,57.0,0.046153846153846156,0.1076923076923077,0.6822905144755042,0.09132989996051075,0.22157567567567554,0.003606308411214981,0.08772359154929577,0.06157567567567551,0.1,0.01,0.05,0.0,0.0,0.08
4.206333,77,15558.735951,medium,1.0,4.0,3,761,7,4,3,4,3,0,0,0,1,0.08045171339563838,0.037364864864865094,0.1553333333333336,0.9999999999999981,0.9999999999999961,5,True,72,0.044366197183098595,0.620478873239437,0.4578873239436616,0.7153345070422535,22,65.0,59.0,0.046153846153846156,0.1076923076923077,0.544137770859905,0.06743274757579738,0.2949999999999994,0.028158099688473433,0.06927464788732395,0.11999999999999976,0.09999999999999962,0.025,0.05,0.0,0.03,0.08
2.800044,76,15596.711624,medium,0.6586993769470405,2.6586993769470406,2,757,8,4,4,4,4,0,0,0,0,0.008855140186915904,0.0033108108108108473,0.0,0.41840090090090076,1.0,1,True,65,0.07498239436619718,0.9470140845070442,0.6089859154929577,2.2990140845070424,17,65.0,54.0,0.09230769230769231,0.16923076923076924,0.41514883537435643,0.09183609484006847,0.20520810810810808,0.0030992990654205663,0.0887367957746479,0.0502081081081081,0.09999999999999999,0.005,0.05,0.0,0.0,0.08
4.184527,89,15640.500571,medium,1.0,4.0,3,889,8,4,4,4,4,0,0,0,0,0.04154205607476572,0.06574324324324371,0.04059999999999825,0.9999999999999967,1.0,5,True,32,0.03718309859154929,0.8829577464788746,0.4960845070422534,1.5269366197183099,18,65.0,56.0,0.046153846153846156,0.12307692307692308,0.55143047305317,0.05842704356982997,0.2949999999999996,0.014539719626168,0.043887323943661974,0.11999999999999958,0.1,0.025,0.05,0.0,0.0,0.08
4.154326,60,15686.8186,medium,1.0,4.0,3,593,5,1,4,1,4,0,0,0,3,0.0019626168224299054,0.005675675675675672,0.0,1.000000000000001,1.0,5,True,68,0.07191901408450704,0.5166760563380272,0.170112676056338,0.4564612676056338,6,55.0,48.0,0.03636363636363636,0.10909090909090909,0.6051666857761907,-0.0013738235487692346,0.29500000000000015,0.0006869158878504668,0.08793926056338029,0.12000000000000012,0.1,0.025,0.05,0.0,0.09,0.08
4.280985,74,15724.234839,medium,1.0,4.0,3,733,7,4,3,4,3,0,0,0,1,0.03224299065420567,0.0,0.0,1.0,1.0,5,True,144,0.1280281690140845,0.6278309859154917,0.28067605633802817,0.11,8,65.0,60.0,0.03076923076923077,0.09230769230769231,0.5501883859848509,0.081285046728972,0.295,0.011285046728971985,0.1,0.11999999999999998,0.09999999999999999,0.025,0.05,0.0,0.03,0.022000000000000006
4.20498,81,15764.416423,medium,1.0,4.0,3,807,7,4,3,4,3,0,0,0,1,0.003271028037383173,0.0,0.0,1.0,1.0,5,True,40,0.030985915492957747,0.7880000000000024,0.2855211267605634,0.11852112676056338,10,65.0,57.0,0.046153846153846156,0.1076923076923077,0.6452778031758687,0.014384296432802424,0.29499999999999993,0.0011448598130841105,0.04323943661971831,0.11999999999999994,0.1,0.025,0.05,0.0,0.03,0.023704225352112678
4.253536,83,15804.783054,medium,1.0,4.0,3,823,8,4,4,4,4,0,0,0,0,0.05953271028037306,0.03689189189189212,0.0,0.9999999999999983,1.0,5,True,192,0.1707042253521127,0.5843943661971819,0.1851267605633803,0.4001232394366197,6,65.0,57.0,0.046153846153846156,0.1076923076923077,0.6097257040953289,0.12083644859813059,0.29499999999999976,0.020836448598130573,0.1,0.11999999999999977,0.1,0.025,0.05,0.0,0.0,0.08
4.232005,73,15839.704565,medium,1.0,4.0,3,726,8,4,4,4,4,0,0,0,0,0.010630841121495385,0.0,0.0,1.0,1.0,5,True,73,0.0658450704225352,0.4860281690140837,0.2905352112676055,1.4223767605633804,10,65.0,58.0,0.03076923076923077,0.09230769230769231,0.5870809116308784,0.08960459720942479,0.295,0.0037207943925233844,0.0858838028169014,0.12,0.1,0.025,0.05,0.0,0.0,0.08
4.187332,74,15876.417084,medium,1.0,4.0,3,732,7,4,3,4,3,0,0,0,1,0.035186915887850403,0.0,0.012599999999999457,1.0,1.0,5,True,48,0.0522887323943662,0.7046197183098596,0.39735211267605625,1.2963204225352112,18,65.0,58.0,0.046153846153846156,0.1076923076923077,0.6613840983427609,0.04553196985652229,0.295,0.012315420560747638,0.06321654929577465,0.12,0.1,0.025,0.05,0.0,0.03,0.08
4.174585,84,15919.161833,medium,1.0,4.0,3,835,7,4,3,4,3,0,0,0,1,0.05552180685358146,0.016081081081081257,0.21349999999999508,0.9999999999999992,0.9999999999999959,5,True,43,0.04286971830985915,0.8669295774647887,0.5394366197183097,2.3531338028169015,19,65.0,52.0,0.07692307692307693,0.15384615384615385,0.5233985954556899,0.04308492113114788,0.2949999999999995,0.01943263239875351,0.05365228873239437,0.11999999999999991,0.09999999999999959,0.025,0.05,0.0,0.03,0.08
3.149652,100,15980.340285,medium,0.9420560747663551,2.942056074766355,2,1000,8,4,4,4,4,0,0,0,0,0.050584112149532116,0.03986486486486486,0.15749999999999748,0.832432432432431,0.9999999999999959,4,True,96,0.07225352112676056,0.898591549295775,0.7846197183098591,3.7232042253521125,28,65.0,55.0,0.06153846153846154,0.13846153846153847,0.3806086430999482,0.11770443925233626,0.26989189189189133,0.017704439252336245,0.1,0.09989189189189175,0.0999999999999996,0.02,0.05,0.0,0.0,0.08
1.723633,83,16021.914951,medium,0.6301168224299056,1.6301168224299056,1,828,8,4,4,4,4,0,0,0,0,0.029766355140186062,0.0,0.11689999999999635,0.4925675675675676,0.7678999999999949,2,False,192,0.1707042253521127,0.9235492957746477,0.7730704225352109,1.5779225352112676,47,65.0,54.0,0.06153846153846154,0.13846153846153847,0.5624141887410056,0.11041822429906513,0.1458981081081076,0.01041822429906512,0.1,0.059108108108108105,0.0767899999999995,0.01,0.0,0.0,0.0,0.08
4.255698,79,16061.637333,medium,1.0,4.0,3,788,8,4,4,4,4,0,0,0,0,0.05570872274143282,0.08259009009009054,0.0,1.0,1.0,5,True,91,0.07598591549295775,0.799154929577466,0.3867323943661972,1.4123591549295775,20,65.0,62.0,0.03076923076923077,0.09230769230769231,0.6486639018735785,0.1194980529595015,0.295,0.019498052959501487,0.1,0.11999999999999995,0.1,0.025,0.05,0.0,0.0,0.08
3.121518,91,16107.715225,medium,0.9268691588785046,2.9268691588785045,2,906,8,4,4,4,4,0,0,0,0,0.0017912772585669788,0.005180180180180182,0.0,0.7885135135135135,1.0,4,True,96,0.07985915492957746,0.9420563380281683,0.6576619718309854,2.188292253521127,29,65.0,58.0,0.046153846153846156,0.1076923076923077,0.7006681746479302,0.10062694704049845,0.2646216216216216,0.0006269470404984426,0.1,0.09462162162162162,0.1,0.02,0.05,0.0,0.0,0.08
3.069374,100,16157.868624,medium,0.8405763239875389,2.840576323987539,2,1000,8,4,4,4,4,0,0,0,0,0.07278037383177513,0.041621621621621314,0.1175999999999992,0.9443693693693679,0.9999999999999959,4,True,112,0.1076056338028169,0.8503098591549311,0.5638591549295771,1.4212147887323943,32,65.0,58.0,0.046153846153846156,0.1076923076923077,0.5111727926995352,0.1254731308411213,0.28332432432432375,0.025473130841121298,0.1,0.11332432432432414,0.0999999999999996,0.02,0.05,0.0,0.0,0.08
4.265025,73,16203.188669,medium,1.0,4.0,3,723,8,4,4,4,4,0,0,0,0,0.06378504672897159,0.035472972972973256,0.1637999999999972,0.9999999999999981,0.9999999999999959,5,True,116,0.09929577464788733,0.6103380281690137,0.3065070422535211,0.9137676056338028,15,65.0,59.0,0.03076923076923077,0.09230769230769231,0.6215724837886668,0.12232476635514006,0.2949999999999994,0.022324766355140056,0.1,0.11999999999999976,0.0999999999999996,0.025,0.05,0.0,0.0,0.08
4.157141,70,16238.723844,medium,1.0,4.0,3,697,5,2,3,2,3,0,0,0,3,0.028785046728972218,0.0,0.045500000000000235,1.0,0.9999999999999978,5,True,69,0.0763556338028169,0.6240563380281691,0.2785633802816901,0.5848591549295775,8,65.0,59.0,0.03076923076923077,0.09230769230769231,0.5546141453798703,0.01184149170725296,0.29499999999999976,0.010074766355140275,0.09176672535211268,0.12,0.09999999999999977,0.025,0.05,0.0,0.09,0.08
4.232198,76,16276.550936,medium,1.0,4.0,3,756,8,4,4,4,4,0,0,0,0,0.05511682242990571,0.030270270270270426,0.061599999999997344,1.0000000000000024,1.0,5,True,68,0.05267605633802817,0.7278873239436628,0.45222535211267567,0.4150352112676056,22,65.0,56.0,0.046153846153846156,0.13846153846153847,0.641999343646281,0.09279793010398812,0.2950000000000003,0.019290887850467,0.07350704225352113,0.12000000000000031,0.1,0.025,0.05,0.0,0.0,0.08
4.201467,72,16312.759223,medium,1.0,4.0,3,711,7,4,3,4,3,0,0,0,1,0.05145638629283509,0.102927927927928,0.06790000000000047,0.9999999999999976,0.9999999999999966,5,True,54,0.056742957746478875,0.6371267605633797,0.3489577464788733,0.9713556338028169,11,65.0,57.0,0.046153846153846156,0.12307692307692308,0.556387503131005,0.05756695351235144,0.2949999999999994,0.01800973520249228,0.06955721830985916,0.11999999999999972,0.09999999999999964,0.025,0.05,0.0,0.03,0.08
2.851418,79,16352.39964,medium,0.6427492211838004,2.6427492211838004,2,783,8,4,4,4,4,0,0,0,0,0.07303738317756994,0.036418918918918665,0.16700000000000026,0.6846621621621618,0.9999999999999961,2,True,88,0.07366197183098591,0.9317183098591582,0.529464788732394,2.0341901408450704,16,65.0,61.0,0.03076923076923077,0.09230769230769231,0.6347298686170963,0.12480956298538892,0.242159459459459,0.02556308411214948,0.09924647887323944,0.08215945945945939,0.0999999999999996,0.01,0.05,0.0,0.0,0.08
4.225953,82,16392.896364,medium,1.0,4.0,3,816,8,4,4,4,4,0,0,0,0,0.02747663551401863,0.009459459459459446,0.0,0.9999999999999996,1.0,5,True,82,0.05591549295774648,0.7219154929577454,0.5074366197183098,1.6604225352112676,20,65.0,59.0,0.03076923076923077,0.09230769230769231,0.4770865378375819,0.09255344214821638,0.29499999999999993,0.00961682242990652,0.08293661971830986,0.11999999999999994,0.1,0.025,0.05,0.0,0.0,0.08
4.249734,89,16437.20156,medium,1.0,4.0,3,884,8,4,4,4,4,0,0,0,0,0.06609813084112184,0.02979729729729748,0.05040000000000029,0.9999999999999996,0.9999999999999976,5,True,115,0.11123239436619718,0.7944507042253528,0.422338028169014,5.738221830985916,19,65.0,57.0,0.06153846153846154,0.12307692307692308,0.5494259930667952,0.12313434579439264,0.2949999999999997,0.023134345794392643,0.1,0.11999999999999993,0.09999999999999976,0.025,0.05,0.0,0.0,0.08
4.065815,63,16477.52682,medium,1.0,4.0,3,621,1,0,1,0,1,0,0,0,7,0.0,0.0,0.0,1.0,1.0,5,True,24,0.027887323943661974,0.60087323943662,0.37045070422535215,1.7338732394366196,8,62.0,58.0,0.04838709677419355,0.11290322580645161,0.6640874462615486,-0.08708450704225351,0.29500000000000004,0.0,0.03291549295774648,0.12000000000000002,0.1,0.025,0.05,0.0,0.12,0.08
3.096073,100,16527.537884,medium,0.9376947040498442,2.9376947040498442,2,1000,7,3,4,3,4,0,0,0,1,0.0,0.0,0.0,0.8198198198198198,1.0,4,True,165,0.14697183098591549,0.6663661971830991,0.37073239436619715,6.300968309859155,7,65.0,58.0,0.046153846153846156,0.1076923076923077,0.5365680265364352,0.07,0.26837837837837836,0.0,0.1,0.09837837837837837,0.1,0.02,0.05,0.0,0.03,0.08
4.249965,82,16567.03977,medium,1.0,4.0,3,813,8,4,4,4,4,0,0,0,0,0.04647196261682259,0.0037837837837838254,0.05530000000000034,1.0,0.9999999999999972,5,True,79,0.09179577464788732,0.7680563380281703,0.4316056338028169,2.580774647887324,11,65.0,55.0,0.06153846153846154,0.12307692307692308,0.46057018273076916,0.11626518691588791,0.2949999999999997,0.016265186915887908,0.1,0.11999999999999994,0.09999999999999976,0.025,0.05,0.0,0.0,0.08
4.265115,75,16605.535395,medium,1.0,4.0,3,746,8,4,4,4,4,0,0,0,0,0.07061526479750704,0.08265765765765783,0.07699999999999667,0.9999999999999996,1.0,5,True,83,0.08279929577464788,0.5859436619718303,0.33118309859154904,0.9675528169014085,15,65.0,58.0,0.03076923076923077,0.09230769230769231,0.6097257040953289,0.12471534267912747,0.295,0.02471534267912746,0.1,0.11999999999999995,0.1,0.025,0.05,0.0,0.0,0.08
4.244709,92,16651.550681,medium,1.0,4.0,3,917,8,4,4,4,4,0,0,0,0,0.06116822429906413,0.0,0.19039999999999604,1.0,0.9999999999999961,5,True,184,0.16359154929577466,0.8634929577464802,0.5494084507042248,1.1295070422535212,19,65.0,56.0,0.046153846153846156,0.1076923076923077,0.4819603292778951,0.12140887850467245,0.2949999999999996,0.02140887850467245,0.1,0.11999999999999998,0.09999999999999962,0.025,0.05,0.0,0.0,0.08
4.245926,76,16688.787863,medium,1.0,4.0,3,760,8,4,4,4,4,0,0,0,0,0.01978971962616831,0.0,0.08470000000000036,1.0,0.9999999999999959,5,True,93,0.08566901408450704,0.713408450704225,0.5119718309859155,2.1977992957746477,12,65.0,58.0,0.046153846153846156,0.1076923076923077,0.5370168077145911,0.10692640186915892,0.29499999999999965,0.006926401869158907,0.1,0.12000000000000002,0.0999999999999996,0.025,0.05,0.0,0.0,0.08
3.074841,97,16745.986807,medium,0.9099688473520249,2.909968847352025,2,968,8,4,4,4,4,0,0,0,0,0.016401869158878507,0.030405405405405407,0.0,0.7396396396396382,1.0,4,True,70,0.05623239436619718,0.9179718309859174,0.5975774647887321,3.7058098591549298,23,65.0,59.0,0.03076923076923077,0.09230769230769231,0.6205002561636205,0.08291494998025536,0.2587567567567566,0.005740654205607476,0.07717429577464789,0.08875675675675657,0.1,0.02,0.05,0.0,0.0,0.08
4.240068,90,16791.594467,medium,1.0,4.0,3,893,8,4,4,4,4,0,0,0,0,0.04105140186915855,0.02364864864864883,0.14069999999999822,0.9999999999999988,0.9999999999999959,5,True,140,0.12007042253521127,0.8162253521126797,0.4119436619718309,1.4501408450704225,14,65.0,58.0,0.046153846153846156,0.1076923076923077,0.5751284533392245,0.1143679906542055,0.29499999999999943,0.014367990654205492,0.1,0.11999999999999984,0.09999999999999959,0.025,0.05,0.0,0.0,0.08
4.210773,75,16829.226401,medium,1.0,4.0,3,747,8,4,4,4,4,0,0,0,0,0.03829439252336456,0.017500000000000026,0.0,0.9999999999999992,1.0,5,True,44,0.04676056338028169,0.5141971830985906,0.27977464788732376,0.5098415492957746,12,65.0,57.0,0.046153846153846156,0.1076923076923077,0.5624141887410056,0.07047345991838885,0.29499999999999993,0.013403037383177593,0.05707042253521127,0.11999999999999991,0.1,0.025,0.05,0.0,0.0,0.08
4.186274,57,16857.26676,medium,1.0,4.0,3,563,5,2,3,2,3,0,0,0,3,0.05021028037383069,0.061013513513513994,0.12459999999999462,0.9999999999999986,1.0,5,True,96,0.10225352112676056,0.4181408450704221,0.2720563380281691,0.6701408450704225,20,52.0,47.0,0.038461538461538464,0.11538461538461539,0.5523954686617814,0.02757359813084076,0.2949999999999998,0.017573598130840744,0.1,0.11999999999999982,0.09999999999999999,0.025,0.05,0.0,0.09,0.08
4.155411,71,16892.441426,medium,1.0,4.0,3,706,6,2,4,2,4,0,0,0,2,0.010459501557632454,0.0004504504504504507,0.0,1.0,1.0,5,True,70,0.043133802816901406,0.5794084507042246,0.39681690140845055,1.8447183098591549,18,65.0,58.0,0.03076923076923077,0.09230769230769231,0.7031457282680366,0.011011177657847412,0.295,0.0036608255451713585,0.06735035211267605,0.11999999999999998,0.1,0.025,0.05,0.0,0.06,0.08
4.067436,58,16920.076608,medium,1.0,4.0,3,574,2,1,1,1,1,0,0,0,6,0.011121495327102862,0.0,0.04760000000000025,1.0,0.9999999999999978,5,True,24,0.018591549295774647,0.5514929577464778,0.2709577464788732,1.856830985915493,11,56.0,49.0,0.07142857142857142,0.14285714285714285,0.7839539994934409,-0.090163814663683,0.2949999999999998,0.0038925233644860014,0.025943661971830987,0.12000000000000004,0.09999999999999978,0.025,0.05,0.0,0.12,0.08
3.188967,100,16970.367515,medium,0.9617601246105919,2.961760124610592,2,1000,8,4,4,4,4,0,0,0,0,0.03487538940809982,0.01797297297297317,0.12266666666666694,0.999999999999999,0.9999999999999961,5,True,82,0.09528169014084507,0.9410140845070433,0.5381408450704225,1.6383098591549297,15,65.0,52.0,0.06153846153846154,0.12307692307692308,0.4204218677394336,0.11220638629283494,0.2949999999999995,0.012206386292834935,0.1,0.11999999999999984,0.09999999999999963,0.025,0.05,0.0,0.0,0.08
1.611593,100,17028.889369,medium,0.5949376947040499,1.59493769470405,1,1000,8,4,4,4,4,0,0,0,0,0.03613707165109045,0.011261261261261262,0.0,0.8198198198198194,0.0,4,False,58,0.048838028169014086,0.9204507042253524,0.5130140845070421,0.5917957746478874,21,65.0,60.0,0.046153846153846156,0.1076923076923077,0.5661851502461829,0.07827649620464222,0.11837837837837831,0.012647975077881658,0.06562852112676056,0.0983783783783783,0.0,0.02,0.0,0.0,0.0,0.08
4.238654,73,17063.87852,medium,1.0,4.0,3,722,8,4,4,4,4,0,0,0,0,0.0334657320872276,0.041441441441441434,0.0,1.0000000000000016,1.0,5,True,73,0.06352112676056337,0.6536338028169015,0.40419718309859143,1.967112676056338,8,65.0,55.0,0.046153846153846156,0.1076923076923077,0.7306271672644209,0.09585385130095218,0.2950000000000002,0.011713006230529658,0.08414084507042252,0.12000000000000019,0.1,0.025,0.05,0.0,0.0,0.08
4.265861,80,17102.95991,medium,1.0,4.0,3,796,8,4,4,4,4,0,0,0,0,0.08703271028037268,0.01418918918918917,0.21349999999999508,1.0000000000000013,0.9999999999999959,5,True,181,0.16443661971830986,0.8813239436619746,0.5010985915492956,1.8464788732394366,28,65.0,57.0,0.046153846153846156,0.12307692307692308,0.6232119200246748,0.13046144859813044,0.2949999999999997,0.030461448598130436,0.1,0.12000000000000012,0.0999999999999996,0.025,0.05,0.0,0.0,0.08
4.220956,65,17136.011119,medium,1.0,4.0,3,650,5,1,4,1,4,0,0,0,3,0.05446261682242855,0.0,0.23029999999999431,1.0,0.9999999999999961,5,True,119,0.10704225352112676,0.46163380281690075,0.2896901408450704,0.1905281690140845,10,60.0,54.0,0.05,0.11666666666666667,0.672297567525158,0.02906191588785001,0.29499999999999954,0.019061915887849994,0.1,0.11999999999999995,0.0999999999999996,0.025,0.05,0.0,0.09,0.0381056338028169
4.252383,81,17176.725258,medium,1.0,4.0,3,810,8,4,4,4,4,0,0,0,0,0.05252336448598149,0.03594594594594616,0.0,0.9999999999999983,1.0,5,True,96,0.09295774647887324,0.7397464788732393,0.4980281690140846,3.181514084507042,27,65.0,60.0,0.046153846153846156,0.1076923076923077,0.38967491864604253,0.11838317757009352,0.29499999999999976,0.018383177570093518,0.1,0.11999999999999977,0.1,0.025,0.05,0.0,0.0,0.08
4.281796,84,17219.127425,medium,1.0,4.0,3,832,8,4,4,4,4,0,0,0,0,0.04483644859813098,0.036418918918919144,0.0,1.000000000000002,1.0,5,True,151,0.13452464788732393,0.6853802816901423,0.35980281690140836,0.22848591549295774,16,65.0,55.0,0.046153846153846156,0.1076923076923077,0.454464171196811,0.11569275700934585,0.29500000000000026,0.015692757009345845,0.1,0.12000000000000026,0.1,0.025,0.05,0.0,0.0,0.045697183098591554
1.616205,80,17266.842155,medium,0.5696495327102803,1.5696495327102804,1,800,8,4,4,4,4,0,0,0,0,0.007686915887850376,0.016081081081081083,0.0,0.7405405405405399,0.0,3,False,168,0.1428169014084507,0.9307887323943678,0.5977183098591549,1.458169014084507,28,65.0,58.0,0.03076923076923077,0.09230769230769231,0.5406105975399543,0.10269042056074763,0.10386486486486479,0.0026904205607476313,0.1,0.08886486486486479,0.0,0.015,0.0,0.0,0.0,0.08
3.14304,100,17316.93484,medium,0.958411214953271,2.958411214953271,2,1000,8,4,4,4,4,0,0,0,0,0.017499999999999436,0.0009459459459459462,0.0,0.8797297297297297,1.0,4,True,82,0.05591549295774648,0.9068450704225361,0.61169014084507,1.8571830985915494,28,65.0,55.0,0.06153846153846154,0.13846153846153847,0.5236364531032891,0.08906161971830966,0.27556756756756756,0.006124999999999802,0.08293661971830986,0.10556756756756756,0.09999999999999999,0.02,0.05,0.0,0.0,0.08
4.251727,79,17356.960735,medium,1.0,4.0,3,784,8,4,4,4,4,0,0,0,0,0.06503115264797488,0.10576576576576588,0.12179999999999902,0.9999999999999992,0.9999999999999959,5,True,96,0.059154929577464786,0.8693239436619716,0.6358591549295771,6.223961267605634,28,65.0,57.0,0.046153846153846156,0.12307692307692308,0.6885680851577396,0.11512710060988982,0.2949999999999995,0.02276090342679121,0.0923661971830986,0.1199999999999999,0.0999999999999996,0.025,0.05,0.0,0.0,0.08
4.232186,91,17402.013627,medium,1.0,4.0,3,910,8,4,4,4,4,0,0,0,0,0.023387850467289757,0.06763513513513524,0.0,1.0000000000000013,1.0,5,True,96,0.10225352112676056,0.8673239436619713,0.6150704225352109,3.448362676056338,33,65.0,62.0,0.03076923076923077,0.09230769230769231,0.4549281953665338,0.10818574766355142,0.29500000000000015,0.008185747663551414,0.1,0.12000000000000013,0.1,0.025,0.05,0.0,0.0,0.08
4.156809,70,17435.807606,medium,1.0,4.0,3,697,5,1,4,1,4,0,0,0,3,0.024844236760124674,0.0,0.1063333333333336,1.0,0.9999999999999961,5,True,82,0.06908450704225352,0.7694084507042259,0.5618591549295774,2.8925528169014085,23,65.0,53.0,0.046153846153846156,0.1076923076923077,0.6508826799256338,0.011508863147733778,0.2949999999999996,0.008695482866043635,0.09281338028169014,0.11999999999999997,0.0999999999999996,0.025,0.05,0.0,0.09,0.08
3.037117,79,17474.384248,medium,0.8608566978193146,2.8608566978193144,2,782,8,4,4,4,4,0,0,0,0,0.015373831775700961,0.006621621621621464,0.05600000000000035,0.5976126126126123,0.9999999999999972,3,True,96,0.059154929577464786,0.9204507042253524,0.6885915492957748,5.558855633802817,33,65.0,59.0,0.03076923076923077,0.09230769230769231,0.556585829258309,0.09774703830459394,0.23671351351351322,0.005380841121495336,0.0923661971830986,0.07171351351351349,0.09999999999999973,0.015,0.05,0.0,0.0,0.08
4.244848,85,17531.330341,medium,1.0,4.0,3,847,8,4,4,4,4,0,0,0,0,0.04156542056074768,0.02222972972972981,0.0,1.0000000000000027,1.0,5,True,192,0.1707042253521127,0.6451267605633805,0.4570704225352111,0.4548943661971831,20,65.0,55.0,0.046153846153846156,0.1076923076923077,0.49846426714662473,0.1145478971962617,0.2950000000000003,0.014547897196261692,0.1,0.12000000000000031,0.09999999999999999,0.025,0.05,0.0,0.0,0.08
4.1286,67,17564.640805,medium,1.0,4.0,3,664,4,0,4,0,4,0,0,0,4,0.0,0.0,0.0,1.0,1.0,5,True,118,0.08961267605633803,0.6225352112676061,0.33625352112676066,1.8207218309859154,19,63.0,58.0,0.031746031746031744,0.09523809523809523,0.5853629305450126,-0.01999999999999999,0.295,0.0,0.1,0.11999999999999995,0.1,0.025,0.05,0.0,0.12,0.08
3.057093,82,17604.841055,medium,0.8461448598130837,2.8461448598130836,2,819,8,4,4,4,4,0,0,0,0,0.07261682242990476,0.0,0.23029999999999431,0.6869369369369369,0.9999999999999961,3,True,114,0.10626760563380282,0.940450704225355,0.5654647887323944,6.2581161971830985,22,65.0,61.0,0.046153846153846156,0.1076923076923077,0.5772993305389236,0.12541588785046667,0.24743243243243201,0.025415887850466667,0.1,0.08243243243243244,0.0999999999999996,0.015,0.05,0.0,0.0,0.08
4.254562,74,17641.10383,medium,1.0,4.0,3,738,8,4,4,4,4,0,0,0,0,0.038177570093458006,0.017162162162162164,0.0,1.0000000000000027,1.0,5,True,82,0.09528169014084507,0.5902535211267604,0.372112676056338,3.6881514084507043,14,65.0,58.0,0.03076923076923077,0.09230769230769231,0.6561612961796947,0.1133621495327103,0.2950000000000003,0.013362149532710301,0.1,0.1200000000000003,0.1,0.025,0.05,0.0,0.0,0.08
4.189982,70,17672.646989,medium,1.0,4.0,3,699,6,2,4,2,4,0,0,0,2,0.018808411214953413,0.020337837837837897,0.0,1.0000000000000029,1.0,5,True,86,0.07373239436619718,0.4897746478873233,0.2848169014084506,4.106161971830986,8,64.0,58.0,0.0625,0.125,0.750807235905091,0.04488223969988159,0.2950000000000003,0.006582943925233694,0.0982992957746479,0.12000000000000033,0.1,0.025,0.05,0.0,0.06,0.08
4.1778,71,17706.474102,medium,1.0,4.0,3,705,6,2,4,2,4,0,0,0,2,0.03869937694704076,0.0669819819819822,0.06650000000000046,1.0000000000000007,0.9999999999999967,5,True,59,0.06700704225352112,0.7044507042253536,0.392225352112676,1.7925704225352113,17,65.0,53.0,0.06153846153846154,0.15384615384615385,0.527809002815873,0.033300063621605105,0.29499999999999976,0.013544781931464262,0.07975528169014084,0.12000000000000008,0.09999999999999969,0.025,0.05,0.0,0.06,0.08
1.742384,90,17748.622615,medium,0.6969470404984424,1.6969470404984424,1,900,8,4,4,4,4,0,0,0,0,0.002943925233644733,0.0,0.012599999999999457,0.49594594594594593,0.4489333333333328,2,False,168,0.15422535211267605,0.9179718309859153,0.6299718309859149,2.834806338028169,28,65.0,60.0,0.046153846153846156,0.1076923076923077,0.6391050223236923,0.10103037383177566,0.11440684684684678,0.0010303738317756564,0.1,0.059513513513513513,0.04489333333333327,0.01,0.0,0.0,0.0,0.08
4.116278,64,17788.624385,medium,1.0,4.0,3,631,3,0,3,0,3,0,0,0,5,0.0,0.0,0.0,1.0,1.0,5,True,66,0.06850352112676056,0.5625915492957742,0.32025352112676053,1.7214964788732394,14,61.0,54.0,0.03278688524590164,0.09836065573770492,0.7548451353152432,-0.03562235915492956,0.29500000000000004,0.0,0.08437764084507043,0.12000000000000001,0.1,0.025,0.05,0.0,0.12,0.08
4.232395,92,17835.560065,medium,1.0,4.0,3,916,8,4,4,4,4,0,0,0,0,0.025700934579439314,0.0,0.0,1.0,1.0,5,True,131,0.12001760563380282,0.8096901408450724,0.4393521126760563,0.4669718309859155,17,65.0,64.0,0.03076923076923077,0.06153846153846154,0.5106787062923123,0.10899532710280377,0.295,0.00899532710280376,0.1,0.11999999999999997,0.1,0.025,0.05,0.0,0.0,0.08
4.09302,61,17864.377913,medium,1.0,4.0,3,610,4,2,2,2,2,0,0,0,4,0.055319314641744693,0.07709459459459476,0.12266666666666694,0.9999999999999993,0.9999999999999961,5,True,34,0.030211267605633804,0.534028169014084,0.264225352112676,1.2468661971830985,12,57.0,53.0,0.03508771929824561,0.10526315789473684,0.7275991954677453,-0.060979789171164006,0.29499999999999954,0.019361760124610643,0.03965845070422535,0.11999999999999995,0.0999999999999996,0.025,0.05,0.0,0.12,0.08
3.007701,90,17904.225858,medium,0.804595015576324,2.804595015576324,2,900,8,4,4,4,4,0,0,0,0,0.006479750778816201,0.01873873873873874,0.0,0.8403153153153146,1.0,4,True,161,0.145,0.9179718309859172,0.528788732394366,2.6206338028169016,14,65.0,60.0,0.03076923076923077,0.09230769230769231,0.5661851502461829,0.10226791277258568,0.2708378378378377,0.0022679127725856703,0.1,0.1008378378378377,0.1,0.02,0.05,0.0,0.0,0.08
3.168454,100,17953.25508,medium,0.9469626168224299,2.9469626168224297,2,1000,8,4,4,4,4,0,0,0,0,0.0978037383177557,0.03783783783783812,0.23029999999999431,0.8466216216216197,0.9999999999999961,4,True,82,0.07288732394366197,0.9235492957746496,0.5140845070422534,2.9373591549295774,16,65.0,58.0,0.046153846153846156,0.1076923076923077,0.5490004451402073,0.12989680136896098,0.27159459459459395,0.03423130841121449,0.09566549295774648,0.10159459459459433,0.09999999999999962,0.02,0.05,0.0,0.0,0.08
4.212771,73,17990.040749,medium,1.0,4.0,3,730,8,4,4,4,4,0,0,0,0,0.05053738317757041,0.10358108108108154,0.0,0.9999999999999992,1.0,5,True,44,0.04144366197183098,0.718985915492958,0.4254084507042253,2.4814260563380284,16,65.0,56.0,0.06153846153846154,0.12307692307692308,0.5406105975399543,0.07077083059102289,0.29499999999999993,0.017688084112149643,0.05308274647887325,0.1199999999999999,0.1,0.025,0.05,0.0,0.0,0.08
4.239185,88,18046.805024,medium,1.0,4.0,3,871,8,4,4,4,4,0,0,0,0,0.03224299065420567,0.0,0.0,1.0,1.0,5,True,96,0.09295774647887324,0.780901408450705,0.5113802816901407,1.8329225352112677,22,65.0,57.0,0.046153846153846156,0.1076923076923077,0.5273745228798999,0.11128504672897199,0.29500000000000004,0.011285046728971985,0.1,0.12000000000000004,0.1,0.025,0.05,0.0,0.0,0.08
4.243277,84,18088.069591,medium,1.0,4.0,3,833,8,4,4,4,4,0,0,0,0,0.034018691588784566,0.0023648648648648663,0.0,1.0000000000000004,1.0,5,True,87,0.0748943661971831,0.8525070422535235,0.465408450704225,2.4081338028169013,12,65.0,50.0,0.06153846153846154,0.15384615384615385,0.454464171196811,0.11157731670396193,0.29500000000000004,0.011906542056074599,0.09967077464788733,0.12000000000000005,0.1,0.025,0.05,0.0,0.0,0.08
4.231756,79,18126.440312,medium,1.0,4.0,3,781,8,4,4,4,4,0,0,0,0,0.04285046728971952,0.0,0.11899999999999915,1.0,0.9999999999999959,5,True,83,0.0511443661971831,0.6886478873239434,0.39926760563380276,1.2545598591549296,19,65.0,56.0,0.046153846153846156,0.1076923076923077,0.385851213208011,0.09485593819928917,0.2949999999999996,0.014997663551401834,0.07985827464788733,0.12,0.09999999999999962,0.025,0.05,0.0,0.0,0.08
1.793942,87,18169.499482,medium,0.719626168224299,1.719626168224299,1,868,8,4,4,4,4,0,0,0,0,0.02902647975077862,0.027905405405405457,0.0,0.6396396396396384,0.392,3,False,114,0.10035211267605634,0.9470140845070443,0.6165352112676056,2.2091901408450703,22,65.0,56.0,0.046153846153846156,0.1076923076923077,0.4229022669115576,0.11015926791277253,0.1309567567567566,0.010159267912772517,0.1,0.0767567567567566,0.039200000000000006,0.015,0.0,0.0,0.0,0.08
3.206224,85,18212.216169,medium,0.981386292834891,2.981386292834891,2,850,8,4,4,4,4,0,0,0,0,0.017990654205607467,0.052027027027026995,0.0,0.9461711711711689,1.0,4,True,91,0.08227112676056338,0.940507042253524,0.6284507042253523,4.020334507042254,18,65.0,55.0,0.03076923076923077,0.09230769230769231,0.5111727926995352,0.10629672897196261,0.2835405405405403,0.0062967289719626125,0.1,0.11354054054054026,0.1,0.02,0.05,0.0,0.0,0.08
4.1344,61,18242.475579,medium,1.0,4.0,3,606,4,0,4,0,4,0,0,0,4,0.0,0.0,0.0,1.0,1.0,5,True,106,0.11387323943661971,0.4499436619718306,0.33236619718309834,1.2945950704225353,17,57.0,51.0,0.05263157894736842,0.12280701754385964,0.6161333549025291,-0.01999999999999999,0.295,0.0,0.1,0.12,0.1,0.025,0.05,0.0,0.12,0.08
3.070068,88,18285.614255,medium,0.8753894080996885,2.8753894080996885,2,878,8,4,4,4,4,0,0,0,0,0.05920560747663417,0.015608108108108087,0.23029999999999431,0.6396396396396389,0.9999999999999961,3,True,106,0.08221830985915493,0.9478873239436627,0.7440563380281686,4.707359154929578,18,65.0,58.0,0.03076923076923077,0.09230769230769231,0.46009047349722404,0.12072196261682197,0.24175675675675629,0.020721962616821958,0.1,0.07675675675675668,0.09999999999999962,0.015,0.05,0.0,0.0,0.08
3.006354,100,18342.921928,medium,0.9518691588785047,2.9518691588785044,2,1000,5,4,1,4,1,0,0,0,3,0.07212616822429756,0.03594594594594616,0.23029999999999431,0.8608108108108091,0.9999999999999961,4,True,24,0.018591549295774647,0.9149577464788736,0.6711830985915491,2.164225352112676,30,65.0,56.0,0.046153846153846156,0.1076923076923077,0.4834967211257393,-0.038812179149664866,0.2732972972972967,0.025244158878504144,0.025943661971830987,0.10329729729729706,0.09999999999999962,0.02,0.05,0.0,0.09,0.08
4.189918,76,18377.257072,medium,1.0,4.0,3,752,8,4,4,4,4,0,0,0,0,0.016565420560747657,0.04790540540540538,0.0,1.0000000000000013,1.0,5,True,41,0.03176056338028169,0.786957746478875,0.5626760563380282,3.475774647887324,20,65.0,54.0,0.046153846153846156,0.12307692307692308,0.5424238767248952,0.050118319731472946,0.2950000000000002,0.005797897196261679,0.04432042253521127,0.12000000000000019,0.09999999999999999,0.025,0.05,0.0,0.0,0.08
4.231028,71,18408.18608,medium,1.0,4.0,3,704,6,2,4,2,4,0,0,0,2,0.042359813084111304,0.0,0.18129999999999638,1.0,0.9999999999999961,5,True,150,0.1322887323943662,0.486478873239436,0.25149295774647884,0.2419894366197183,10,65.0,58.0,0.046153846153846156,0.12307692307692308,0.7844666565515503,0.05482593457943896,0.2949999999999996,0.014825934579438956,0.1,0.11999999999999998,0.0999999999999996,0.025,0.05,0.0,0.06,0.04839788732394367
4.139798,71,18439.104972,medium,1.0,4.0,3,705,6,2,4,2,4,0,0,0,2,0.021425233644859844,0.0,0.09170000000000014,1.0,0.9999999999999959,5,True,45,0.03373239436619718,0.7811267605633802,0.4680845070422535,2.34237676056338,9,65.0,60.0,0.03076923076923077,0.09230769230769231,0.47774205847148465,-0.004701872449651159,0.29499999999999954,0.007498831775700945,0.04779929577464789,0.11999999999999997,0.09999999999999959,0.025,0.05,0.0,0.06,0.08
3.134895,80,18472.94032,medium,0.927803738317757,2.927803738317757,2,798,8,4,4,4,4,0,0,0,0,0.028948598130841177,0.01939189189189194,0.0,0.7912162162162154,1.0,3,True,90,0.06908450704225352,0.9366760563380288,0.7046197183098596,2.282112676056338,40,65.0,59.0,0.046153846153846156,0.1076923076923077,0.5634237379008447,0.10694538962748457,0.25994594594594583,0.010132009345794411,0.09681338028169015,0.09494594594594585,0.09999999999999999,0.015,0.05,0.0,0.0,0.08
4.107654,66,18501.947583,medium,1.0,4.0,3,657,3,2,1,2,1,0,0,0,5,0.05570093457943931,0.01040540540540539,0.2230000000000003,1.0,0.9999999999999961,5,True,48,0.04647887323943662,0.7534929577464802,0.44785915492957734,1.5852640845070423,14,63.0,57.0,0.031746031746031744,0.09523809523809523,0.6337415628586149,-0.041645517967618784,0.29499999999999965,0.01949532710280376,0.058859154929577454,0.12000000000000001,0.09999999999999962,0.025,0.05,0.0,0.12,0.08
1.772294,100,18554.70998,medium,0.7272585669781931,1.7272585669781932,1,1000,8,4,4,4,4,0,0,0,0,0.021035825545171152,0.013063063063063065,0.0,0.6396396396396392,0.77,3,False,48,0.033221830985915496,0.9508450704225373,0.5783943661971829,1.6787676056338028,21,65.0,57.0,0.046153846153846156,0.1076923076923077,0.5827618564223839,0.05627891218024652,0.16875675675675672,0.007362538940809901,0.048916373239436615,0.07675675675675671,0.077,0.015,0.0,0.0,0.0,0.08
4.092051,40,18572.417009,medium,1.0,4.0,3,397,2,1,1,1,1,0,0,0,6,0.010957943925233703,0.0,0.046900000000000254,1.0,0.9999999999999978,5,True,24,0.027887323943661974,0.2529014084507043,0.10918309859154929,0.6019014084507043,4,38.0,37.0,0.05263157894736842,0.10526315789473684,0.5291385216131671,-0.08324922666842172,0.29499999999999976,0.0038352803738317958,0.03291549295774648,0.12,0.09999999999999978,0.025,0.05,0.0,0.12,0.08
3.126073,100,18616.341611,medium,0.9376947040498442,2.9376947040498442,2,1000,8,4,4,4,4,0,0,0,0,0.0,0.0,0.0,0.8198198198198198,1.0,4,True,139,0.10911971830985916,0.8018028169014096,0.3753802816901408,3.3936795774647885,16,65.0,58.0,0.046153846153846156,0.1076923076923077,0.5024450107789548,0.1,0.26837837837837836,0.0,0.1,0.09837837837837837,0.1,0.02,0.05,0.0,0.0,0.08
4.214279,77,18649.552939,medium,1.0,4.0,3,761,8,4,4,4,4,0,0,0,0,0.018317757009345934,0.0,0.0,1.0,1.0,5,True,59,0.05262323943661972,0.7901971830985918,0.4781408450704225,2.208785211267606,19,65.0,53.0,0.06153846153846154,0.13846153846153847,0.6576131368375835,0.07537864453073585,0.295,0.006411214953271076,0.06896742957746478,0.11999999999999997,0.09999999999999999,0.025,0.05,0.0,0.0,0.08
4.231145,77,18682.530226,medium,1.0,4.0,3,768,8,4,4,4,4,0,0,0,0,0.04612149532710175,0.05297297297297321,0.11899999999999486,1.0000000000000007,1.0,5,True,56,0.06507042253521127,0.8740281690140884,0.4692676056338026,1.6860739436619718,12,65.0,63.0,0.03076923076923077,0.07692307692307693,0.6567948819341872,0.09294534026589407,0.29500000000000004,0.016142523364485607,0.07680281690140846,0.12000000000000005,0.1,0.025,0.05,0.0,0.0,0.08
4.036678,63,18709.276242,medium,1.0,4.0,3,621,1,1,0,1,0,0,0,0,7,0.010794392523364414,0.024121621621621722,0.010499999999999546,0.9999999999999988,1.0,5,True,0,0.0,0.617859154929578,0.3969014084507042,2.695774647887324,16,62.0,55.0,0.04838709677419355,0.12903225806451613,0.4827636311330415,-0.11622196261682245,0.2949999999999999,0.003778037383177545,0.0,0.11999999999999984,0.1,0.025,0.05,0.0,0.12,0.08
4.107195,70,18738.77157,medium,1.0,4.0,3,695,5,3,2,3,2,0,0,0,3,0.014470404984423736,0.009684684684684686,0.0,0.9999999999999996,1.0,5,True,34,0.03950704225352113,0.5499718309859143,0.26845070422535205,0.8430633802816901,5,65.0,60.0,0.03076923076923077,0.09230769230769231,0.7223080254512304,-0.03830507656531085,0.29499999999999993,0.0050646417445483075,0.04663028169014084,0.11999999999999994,0.1,0.025,0.05,0.0,0.09,0.08
4.23992,79,18781.956653,medium,1.0,4.0,3,784,8,4,4,4,4,0,0,0,0,0.009485981308411263,0.02743243243243257,0.0,0.9999999999999988,1.0,5,True,168,0.14661971830985915,0.7652957746478897,0.44715492957746483,4.215475352112676,15,65.0,57.0,0.03076923076923077,0.09230769230769231,0.5707243076752825,0.10332009345794395,0.2949999999999999,0.003320093457943942,0.1,0.11999999999999986,0.1,0.025,0.05,0.0,0.0,0.08
2.990678,100,18825.169862,medium,0.8411214953271028,2.8411214953271027,2,1000,8,4,4,4,4,0,0,0,0,0.014852024922118455,0.0,0.0,0.5405405405405406,1.0,3,True,88,0.06732394366197184,0.9084507042253545,0.6228169014084506,1.8111267605633803,23,65.0,58.0,0.046153846153846156,0.1076923076923077,0.5851314535340038,0.09969116646922034,0.22986486486486485,0.005198208722741458,0.09449295774647888,0.06486486486486487,0.1,0.015,0.05,0.0,0.0,0.08
4.24188,87,18861.800112,medium,1.0,4.0,3,864,8,4,4,4,4,0,0,0,0,0.03794392523364478,0.024121621621621875,0.0,0.9999999999999998,1.0,5,True,107,0.09102112676056338,0.738422535211269,0.42123943661971835,1.0630457746478874,12,65.0,60.0,0.03076923076923077,0.09230769230769231,0.5673234486580977,0.11328037383177568,0.29499999999999993,0.013280373831775674,0.1,0.11999999999999994,0.1,0.025,0.05,0.0,0.0,0.08
4.156568,66,18890.175719,medium,1.0,4.0,3,660,4,2,2,2,2,0,0,0,4,0.06971183800623075,0.023175675675675928,0.21366666666666698,0.9999999999999988,0.9999999999999961,5,True,44,0.04183098591549296,0.42867605633802747,0.23284507042253522,0.15102112676056337,12,62.0,55.0,0.04838709677419355,0.11290322580645161,0.6110720192002107,-0.04222761726119953,0.2949999999999995,0.024399143302180758,0.05337323943661971,0.11999999999999984,0.09999999999999962,0.025,0.05,0.0,0.12,0.030204225352112677
4.21729,81,18924.847062,medium,1.0,4.0,3,804,8,4,4,4,4,0,0,0,0,0.06021028037383081,0.009459459459459538,0.10569999999999544,0.9999999999999996,1.0,5,True,57,0.04415492957746479,0.7193239436619738,0.32492957746478873,1.0248591549295774,8,65.0,53.0,0.07692307692307693,0.15384615384615385,0.6486639018735785,0.08268979531393937,0.29499999999999993,0.021073598130840785,0.06161619718309859,0.11999999999999991,0.1,0.025,0.05,0.0,0.0,0.08
4.200891,86,18961.666328,medium,1.0,4.0,3,860,8,4,4,4,4,0,0,0,0,0.038621495327102934,0.018445945945946104,0.0,1.0000000000000009,1.0,5,True,54,0.04183098591549296,0.8419718309859192,0.4391267605633801,3.876514084507042,16,65.0,54.0,0.03076923076923077,0.09230769230769231,0.5624141887410056,0.07189076280110573,0.2950000000000001,0.013517523364486028,0.05837323943661971,0.12000000000000008,0.1,0.025,0.05,0.0,0.0,0.08
3.140579,92,19009.154781,medium,0.9226246105919003,2.9226246105919005,2,919,8,4,4,4,4,0,0,0,0,0.0427102803738319,0.030270270270270436,0.0,0.8742117117117103,1.0,4,True,84,0.08830985915492957,0.9461408450704247,0.5541408450704226,2.316179577464789,18,65.0,62.0,0.03076923076923077,0.09230769230769231,0.6276586181339201,0.11494859813084117,0.27490540540540526,0.014948598130841165,0.1,0.10490540540540524,0.1,0.02,0.05,0.0,0.0,0.08
4.11424,68,19037.807433,medium,1.0,4.0,3,673,4,1,3,1,3,0,0,0,4,0.02126168224299069,0.0,0.0,1.0,1.0,5,True,72,0.05746478873239436,0.694873239436619,0.36853521126760563,4.594841549295775,10,64.0,57.0,0.046875,0.109375,0.5718183125951871,-0.033459819665657475,0.295,0.007441588785046742,0.07909859154929579,0.11999999999999998,0.1,0.025,0.05,0.0,0.12,0.08
4.226224,91,19079.602584,medium,1.0,4.0,3,908,8,4,4,4,4,0,0,0,0,0.018317757009345872,0.013716216216216198,0.0,0.9999999999999993,1.0,5,True,82,0.07281690140845071,0.910647887323946,0.5370704225352114,2.0244542253521125,20,65.0,55.0,0.046153846153846156,0.12307692307692308,0.6232119200246748,0.10202389100960908,0.29499999999999993,0.006411214953271055,0.09561267605633803,0.11999999999999993,0.1,0.025,0.05,0.0,0.0,0.08
3.144334,100,19130.868808,medium,0.9376947040498442,2.9376947040498442,2,1000,8,4,4,4,4,0,0,0,0,0.05217289719626042,0.0,0.22329999999999461,0.8198198198198198,0.9999999999999961,4,True,149,0.13190140845070422,0.7564507042253521,0.451549295774648,14.887887323943662,15,65.0,54.0,0.046153846153846156,0.13846153846153847,0.46734390981720186,0.11826051401869116,0.268378378378378,0.018260514018691148,0.1,0.09837837837837839,0.09999999999999962,0.02,0.05,0.0,0.0,0.08
4.246585,77,19169.690913,medium,1.0,4.0,3,762,8,4,4,4,4,0,0,0,0,0.022242990654205617,0.06432432432432436,0.0,0.9999999999999971,1.0,5,True,88,0.08830985915492957,0.6981971830985928,0.45926760563380276,2.156619718309859,17,65.0,60.0,0.03076923076923077,0.09230769230769231,0.3489964351155574,0.10778504672897198,0.29499999999999965,0.0077850467289719665,0.1,0.11999999999999963,0.1,0.025,0.05,0.0,0.0,0.08
4.160203,67,19200.896452,medium,1.0,4.0,3,664,5,1,4,1,4,0,0,0,3,0.004579439252336498,0.013243243243243389,0.0,0.9999999999999992,1.0,5,True,96,0.08535211267605634,0.6107042253521117,0.34439436619718305,4.510897887323944,8,62.0,57.0,0.03225806451612903,0.0967741935483871,0.4237089807088317,0.011602803738317777,0.29499999999999993,0.0016028037383177744,0.1,0.11999999999999994,0.1,0.025,0.05,0.0,0.09,0.08
4.229734,93,19253.074641,medium,1.0,4.0,3,928,8,4,4,4,4,0,0,0,0,0.021526479750778853,0.062252252252252366,0.0,0.9999999999999971,1.0,5,True,159,0.1394542253521127,0.8553239436619728,0.4267323943661971,1.2679577464788732,9,65.0,56.0,0.046153846153846156,0.12307692307692308,0.5094416088413088,0.10753426791277261,0.29499999999999965,0.007534267912772599,0.1,0.11999999999999963,0.1,0.025,0.05,0.0,0.0,0.08
4.269052,74,19288.411399,medium,1.0,4.0,3,736,8,4,4,4,4,0,0,0,0,0.03513239875389416,0.01939189189189194,0.0,1.0000000000000029,1.0,5,True,116,0.0938556338028169,0.5325633802816897,0.32571830985915484,0.3232218309859155,19,65.0,61.0,0.03076923076923077,0.09230769230769231,0.6709680817478427,0.11229633956386297,0.2950000000000003,0.012296339563862954,0.1,0.12000000000000031,0.1,0.025,0.05,0.0,0.0,0.0646443661971831
4.229346,96,19334.681015,medium,1.0,4.0,3,959,8,4,4,4,4,0,0,0,0,0.029275700934579502,0.018918918918919128,0.0,0.999999999999999,1.0,5,True,78,0.09063380281690141,0.8596056338028175,0.5590140845070418,1.4717077464788733,31,65.0,59.0,0.03076923076923077,0.09230769230769231,0.524309349279256,0.11024649532710283,0.29499999999999993,0.010246495327102824,0.1,0.11999999999999991,0.09999999999999999,0.025,0.05,0.0,0.0,0.08
4.287604,75,19368.010567,medium,1.0,4.0,3,747,8,4,4,4,4,0,0,0,0,0.03722741433021828,0.05042792792792802,0.0,1.0000000000000016,1.0,5,True,144,0.11873239436619719,0.7354366197183128,0.39346478873239443,0.22862676056338027,12,65.0,59.0,0.046153846153846156,0.1076923076923077,0.5368067144913293,0.1130295950155764,0.29500000000000015,0.013029595015576394,0.1,0.12000000000000015,0.09999999999999999,0.025,0.05,0.0,0.0,0.04572535211267606
4.251435,75,19400.140327,medium,1.0,4.0,3,744,8,4,4,4,4,0,0,0,0,0.03845794392523375,0.017972972972973112,0.0,1.0,1.0,5,True,71,0.0825,0.43667605633802775,0.1841126760563379,0.8865492957746479,7,65.0,57.0,0.06153846153846154,0.12307692307692308,0.5793996923632598,0.11083528037383182,0.295,0.013460280373831813,0.097375,0.11999999999999998,0.1,0.025,0.05,0.0,0.0,0.08
4.248686,74,19430.9644,medium,1.0,4.0,3,736,8,4,4,4,4,0,0,0,0,0.020817757009345822,0.03986486486486486,0.0,1.0000000000000016,1.0,5,True,78,0.09063380281690141,0.6711830985915492,0.34616901408450707,2.7251760563380283,8,65.0,60.0,0.03076923076923077,0.09230769230769231,0.6671971202426654,0.10728621495327104,0.2950000000000002,0.007286214953271037,0.1,0.1200000000000002,0.1,0.025,0.05,0.0,0.0,0.08
4.238697,79,19463.771128,medium,1.0,4.0,3,790,8,4,4,4,4,0,0,0,0,0.029517133956386356,0.0,0.0,1.0,1.0,5,True,96,0.059154929577464786,0.7567323943661988,0.48163380281690094,2.776954225352113,23,65.0,57.0,0.06153846153846154,0.12307692307692308,0.6121507423909758,0.10269719406783383,0.29500000000000004,0.010330996884735225,0.0923661971830986,0.12000000000000001,0.1,0.025,0.05,0.0,0.0,0.08
2.919648,100,19514.488714,medium,0.9034267912772586,2.9034267912772584,2,1000,2,1,1,1,1,0,0,0,6,0.03728971962616757,0.0,0.1595999999999972,0.7207207207207207,0.9999999999999961,4,True,24,0.027887323943661974,0.5133521126760556,0.23898591549295767,0.3311619718309859,11,65.0,58.0,0.046153846153846156,0.12307692307692308,0.776255745055612,-0.07403310517309487,0.2564864864864861,0.013051401869158648,0.03291549295774648,0.08648648648648649,0.09999999999999962,0.02,0.05,0.0,0.12,0.06623239436619718
4.215475,72,19544.808183,medium,1.0,4.0,3,713,7,3,4,3,4,0,0,0,1,0.005070093457943923,0.014662162162162155,0.0,1.0000000000000024,1.0,5,True,119,0.10316901408450704,0.6247323943661973,0.3213521126760564,0.8710915492957747,11,65.0,60.0,0.03076923076923077,0.09230769230769231,0.6116235833273078,0.07177453271028038,0.29500000000000026,0.0017745327102803728,0.1,0.12000000000000027,0.1,0.025,0.05,0.0,0.03,0.08
4.218769,90,19588.272418,medium,1.0,4.0,3,899,8,4,4,4,4,0,0,0,0,0.08737538940809943,0.06396396396396405,0.04200000000000022,0.9999999999999969,0.999999999999998,5,True,61,0.04345070422535211,0.776478873239438,0.4756901408450704,1.6736795774647888,21,65.0,58.0,0.03076923076923077,0.09230769230769231,0.4982488375238943,0.09366941446184888,0.29499999999999943,0.030581386292834804,0.06308802816901408,0.11999999999999961,0.09999999999999983,0.025,0.05,0.0,0.0,0.08
3.014767,94,19632.373808,medium,0.8302180685358256,2.8302180685358254,2,932,8,4,4,4,4,0,0,0,0,0.012102803738317828,0.035000000000000205,0.0,0.9144144144144126,1.0,4,True,61,0.057711267605633804,0.9307887323943674,0.6448732394366196,2.758732394366197,29,65.0,54.0,0.07692307692307693,0.13846153846153847,0.524309349279256,0.07801943201263659,0.27972972972972954,0.004235981308411241,0.07378345070422535,0.10972972972972952,0.1,0.02,0.05,0.0,0.0,0.08
4.247883,95,19674.116775,medium,1.0,4.0,3,944,8,4,4,4,4,0,0,0,0,0.0779517133956374,0.041441441441441434,0.23029999999999431,0.999999999999998,0.9999999999999961,5,True,140,0.11408450704225352,0.8624225352112677,0.5062535211267604,3.9556514084507044,15,65.0,56.0,0.07692307692307693,0.15384615384615385,0.6702553868536483,0.1272830996884731,0.2949999999999994,0.027283099688473093,0.1,0.11999999999999975,0.09999999999999962,0.025,0.05,0.0,0.0,0.08
4.232834,64,19701.357278,medium,1.0,4.0,3,635,7,3,4,3,4,0,0,0,1,0.03238317757009381,0.017027027027027214,0.034300000000000136,1.0,0.9999999999999983,5,True,96,0.08915492957746479,0.562028169014084,0.3452394366197184,2.1732394366197183,12,57.0,53.0,0.03508771929824561,0.10526315789473684,0.4566414820825494,0.08133411214953284,0.2949999999999999,0.011334112149532831,0.1,0.12000000000000001,0.09999999999999984,0.025,0.05,0.0,0.03,0.08
4.250132,77,19742.959767,medium,1.0,4.0,3,762,8,4,4,4,4,0,0,0,0,0.03663551401869118,0.009459459459459564,0.14279999999999812,1.0,0.9999999999999959,5,True,79,0.07867957746478874,0.6992676056338021,0.42709859154929575,1.8797535211267606,15,65.0,58.0,0.03076923076923077,0.09230769230769231,0.5772993305389236,0.11133211300513346,0.2949999999999996,0.012822429906541912,0.09850968309859155,0.11999999999999998,0.09999999999999963,0.025,0.05,0.0,0.0,0.08
4.221979,80,19775.841592,medium,1.0,4.0,3,794,8,4,4,4,4,0,0,0,0,0.04612149532710325,0.0633783783783788,0.0,1.0000000000000009,1.0,5,True,73,0.044982394366197186,0.8366197183098608,0.5205633802816896,1.1179225352112676,20,65.0,53.0,0.046153846153846156,0.1076923076923077,0.4819603292778951,0.08637931913913403,0.2950000000000001,0.016142523364486138,0.07023679577464789,0.12000000000000008,0.1,0.025,0.05,0.0,0.0,0.08
3.1417,100,19817.336501,medium,0.9376947040498442,2.9376947040498442,2,1000,8,4,4,4,4,0,0,0,0,0.044649532710279216,0.0,0.07699999999999667,0.8198198198198198,1.0,4,True,94,0.09992957746478873,0.9334647887323951,0.5599999999999999,3.5285211267605634,28,65.0,56.0,0.046153846153846156,0.1076923076923077,0.5887539553261105,0.11562733644859774,0.2683783783783784,0.015627336448597727,0.1,0.09837837837837839,0.1,0.02,0.05,0.0,0.0,0.08
4.246535,81,19851.278201,medium,1.0,4.0,3,803,8,4,4,4,4,0,0,0,0,0.00490654205607476,0.01418918918918917,0.0,0.9999999999999993,1.0,5,True,68,0.07088028169014085,0.7815492957746472,0.5088732394366198,0.2852112676056338,13,65.0,54.0,0.046153846153846156,0.1076923076923077,0.6452312870342234,0.08887750098723178,0.29499999999999993,0.0017172897196261658,0.08716021126760562,0.1199999999999999,0.1,0.025,0.05,0.0,0.0,0.057042253521126754
4.173534,71,19881.687719,medium,1.0,4.0,3,704,6,2,4,2,4,0,0,0,2,0.026495327102802595,0.0,0.1133999999999951,1.0,1.0,5,True,68,0.06088028169014084,0.5782816901408439,0.1979999999999999,1.5946302816901408,9,65.0,58.0,0.03076923076923077,0.09230769230769231,0.6081990259130593,0.028933575753586543,0.295,0.009273364485980908,0.07966021126760563,0.12,0.1,0.025,0.05,0.0,0.06,0.08
4.239383,83,19917.438947,medium,1.0,4.0,3,822,8,4,4,4,4,0,0,0,0,0.018808411214953077,0.020337837837837942,0.0,0.9999999999999993,1.0,5,True,96,0.10225352112676056,0.7043943661971835,0.3976056338028167,0.579225352112676,8,65.0,59.0,0.046153846153846156,0.1076923076923077,0.6503164341916655,0.10658294392523358,0.29499999999999993,0.006582943925233576,0.1,0.11999999999999991,0.1,0.025,0.05,0.0,0.0,0.08
3.140717,94,19965.377944,medium,0.9496884735202492,2.9496884735202493,2,937,8,4,4,4,4,0,0,0,0,0.013247663551401953,0.03831081081081105,0.0,0.8545045045045025,1.0,4,True,71,0.06940140845070422,0.9323943661971864,0.4790704225352111,1.8280457746478873,27,65.0,61.0,0.03076923076923077,0.09230769230769231,0.6116235833273078,0.09218773858101886,0.27254054054054033,0.004636682242990683,0.08755105633802818,0.1025405405405403,0.1,0.02,0.05,0.0,0.0,0.08
4.236775,81,19999.713106,medium,1.0,4.0,3,802,8,4,4,4,4,0,0,0,0,0.030420560747663822,0.03831081081081105,0.0,0.999999999999998,1.0,5,True,86,0.06443661971830986,0.8221971830985906,0.5553521126760561,3.1564964788732395,29,65.0,58.0,0.03076923076923077,0.09230769230769231,0.5331813498196191,0.10197466105041474,0.29499999999999976,0.010647196261682338,0.0913274647887324,0.11999999999999975,0.1,0.025,0.05,0.0,0.0,0.08
4.119992,60,20024.866811,medium,1.0,4.0,3,593,4,3,1,3,1,0,0,0,4,0.0632788161993763,0.03027027027027042,0.1413333333333336,1.0,0.9999999999999961,5,True,24,0.018591549295774647,0.43025352112676013,0.27261971830985915,0.21899647887323945,12,56.0,49.0,0.05357142857142857,0.14285714285714285,0.48595537362488606,-0.07190875235838731,0.2949999999999996,0.0221475856697817,0.025943661971830987,0.12,0.09999999999999962,0.025,0.05,0.0,0.12,0.043799295774647896
4.108734,66,20052.547266,medium,1.0,4.0,3,651,5,3,2,3,2,0,0,0,3,0.045482866043613825,0.024099099099099113,0.02099999999999998,0.9999999999999988,0.9999999999999991,5,True,24,0.027887323943661974,0.5498873239436616,0.3717183098591549,2.8199295774647886,10,61.0,58.0,0.03278688524590164,0.09836065573770492,0.5137014557709804,-0.041165503926988686,0.29499999999999976,0.015919003115264837,0.03291549295774648,0.11999999999999982,0.09999999999999992,0.025,0.05,0.0,0.09,0.08
4.245017,75,20084.677858,medium,1.0,4.0,3,750,8,4,4,4,4,0,0,0,0,0.05429906542055971,0.0,0.18899999999999534,1.0,0.9999999999999967,5,True,75,0.06468309859154929,0.6247323943661975,0.4689014084507042,2.5328345070422533,23,65.0,56.0,0.06153846153846154,0.13846153846153847,0.5563116808616476,0.10501699684085787,0.29499999999999965,0.019004672897195898,0.08601232394366197,0.12,0.09999999999999966,0.025,0.05,0.0,0.0,0.08
3.075985,80,20118.170106,medium,0.8892601246105919,2.889260124610592,2,799,8,4,4,4,4,0,0,0,0,0.003434579439252374,0.009932432432432541,0.0,0.6797522522522518,1.0,3,True,64,0.056338028169014086,0.9285633802816932,0.3803943661971827,0.27700704225352113,16,65.0,60.0,0.03076923076923077,0.09230769230769231,0.7060377523176005,0.07545562393049891,0.24657027027027023,0.001202102803738331,0.07425352112676058,0.08157027027027021,0.1,0.015,0.05,0.0,0.0,0.05540140845070424
4.245096,84,20153.791514,medium,1.0,4.0,3,837,8,4,4,4,4,0,0,0,0,0.03941588785046711,0.031216216216216383,0.122499999999999,0.9999999999999983,0.9999999999999959,5,True,155,0.1429225352112676,0.6579999999999998,0.42267605633802796,0.9269366197183099,17,65.0,60.0,0.03076923076923077,0.09230769230769231,0.6508826799256338,0.11379556074766349,0.29499999999999943,0.013795560747663485,0.1,0.1199999999999998,0.0999999999999996,0.025,0.05,0.0,0.0,0.08
4.139144,62,20188.698751,medium,1.0,4.0,3,620,5,2,3,2,3,0,0,0,3,0.07100467289719566,0.0,0.1658999999999971,1.0,0.9999999999999959,5,True,41,0.041056338028169014,0.5322253521126751,0.23490140845070423,0.6902112676056338,3,57.0,51.0,0.05263157894736842,0.12280701754385964,0.5682291061562168,-0.013856110964854756,0.2949999999999996,0.024851635514018474,0.05129225352112676,0.12,0.0999999999999996,0.025,0.05,0.0,0.09,0.08
4.167345,65,20216.695069,medium,1.0,4.0,3,644,6,2,4,2,4,0,0,0,2,0.034509345794392576,0.03216216216216234,0.0,0.9999999999999983,1.0,5,True,57,0.048221830985915495,0.5429859154929572,0.3169577464788732,2.9679929577464788,13,59.0,54.0,0.03389830508474576,0.1016949152542373,0.5896530351439563,0.016744644267474018,0.29499999999999976,0.0120782710280374,0.06466637323943662,0.11999999999999979,0.09999999999999999,0.025,0.05,0.0,0.06,0.08
3.166955,97,20258.471498,medium,0.9633956386292833,2.9633956386292835,2,966,8,4,4,4,4,0,0,0,0,0.00817757009345783,0.02364864864864832,0.0,0.8941441441441431,1.0,4,True,95,0.08774647887323944,0.9436619718309853,0.6298028169014083,3.8491901408450704,35,65.0,57.0,0.046153846153846156,0.1076923076923077,0.7506389660897237,0.10286214953271025,0.27729729729729713,0.00286214953271024,0.1,0.10729729729729716,0.09999999999999999,0.02,0.05,0.0,0.0,0.08
4.256043,79,20292.176217,medium,1.0,4.0,3,786,8,4,4,4,4,0,0,0,0,0.05612149532710283,0.0,0.0,1.0,1.0,5,True,118,0.09774647887323944,0.708647887323943,0.4873802816901406,1.118838028169014,14,65.0,55.0,0.06153846153846154,0.12307692307692308,0.4204218677394336,0.119642523364486,0.295,0.019642523364485992,0.1,0.12,0.1,0.025,0.05,0.0,0.0,0.08
4.251786,74,20323.457834,medium,1.0,4.0,3,731,8,4,4,4,4,0,0,0,0,0.03240654205607483,0.0004729729729729731,0.0,1.0,1.0,5,True,82,0.07672535211267606,0.6468169014084509,0.3100845070422533,0.5564084507042254,20,65.0,59.0,0.03076923076923077,0.09230769230769231,0.5029196773008425,0.10988630380413325,0.295,0.01134228971962619,0.09854401408450707,0.11999999999999997,0.1,0.025,0.05,0.0,0.0,0.08
4.163679,73,20353.868134,medium,1.0,4.0,3,728,6,4,2,4,2,0,0,0,2,0.05641744548286485,0.005180180180180182,0.13929999999999468,1.0,0.9999999999999994,5,True,24,0.027887323943661974,0.5078873239436609,0.15532394366197186,0.25591549295774646,13,65.0,59.0,0.03076923076923077,0.09230769230769231,0.6674513254951845,-0.007338401123250821,0.29500000000000004,0.0197461059190027,0.03291549295774648,0.12000000000000001,0.1,0.025,0.05,0.0,0.06,0.051183098591549306
4.234452,80,20395.953163,medium,1.0,4.0,3,792,8,4,4,4,4,0,0,0,0,0.020708722741433122,0.01684684684684683,0.0,1.000000000000002,1.0,5,True,95,0.058538732394366196,0.758760563380282,0.5830985915492956,2.3207394366197183,31,65.0,55.0,0.046153846153846156,0.1076923076923077,0.46057018273076916,0.09865210225527625,0.2950000000000002,0.0072480529595015915,0.09140404929577466,0.12000000000000022,0.1,0.025,0.05,0.0,0.0,0.08
4.157053,71,20426.698926,medium,1.0,4.0,3,709,6,4,2,4,2,0,0,0,2,0.05169781931464175,0.041441441441441434,0.1105999999999995,1.0000000000000016,0.9999999999999959,5,True,40,0.04647887323943662,0.6463943661971825,0.46011267605633804,9.485510563380283,21,65.0,60.0,0.03076923076923077,0.09230769230769231,0.5067937658997783,0.012953391689702082,0.29499999999999976,0.01809423676012461,0.054859154929577464,0.12000000000000019,0.09999999999999959,0.025,0.05,0.0,0.06,0.08
3.07707,100,20470.205076,medium,0.8595482866043614,2.8595482866043613,2,1000,8,4,4,4,4,0,0,0,0,0.02175233644859827,0.0629054054054058,0.0,0.9992342342342352,1.0,4,True,121,0.09255281690140844,0.9124788732394414,0.5644225352112675,0.7234859154929577,14,65.0,56.0,0.046153846153846156,0.1076923076923077,0.6202896545646428,0.1076133177570094,0.28990810810810813,0.007613317757009393,0.1,0.11990810810810815,0.1,0.02,0.05,0.0,0.0,0.08
3.131241,100,20513.520474,medium,0.9376947040498442,2.9376947040498442,2,1000,8,4,4,4,4,0,0,0,0,0.014766355140187006,0.04270270270270296,0.0,0.8198198198198177,1.0,4,True,107,0.08830985915492957,0.7393521126760569,0.4825352112676055,1.9084683098591548,21,65.0,59.0,0.046153846153846156,0.1076923076923077,0.3806086430999482,0.10516822429906546,0.26837837837837814,0.005168224299065452,0.1,0.09837837837837812,0.1,0.02,0.05,0.0,0.0,0.08
4.224985,72,20545.034837,medium,1.0,4.0,3,713,7,3,4,3,4,0,0,0,1,0.03224299065420567,0.0,0.0,1.0,1.0,5,True,120,0.10394366197183098,0.6893521126760573,0.3851267605633802,2.0061267605633804,17,65.0,62.0,0.03076923076923077,0.09230769230769231,0.6397156812462809,0.081285046728972,0.295,0.011285046728971985,0.1,0.11999999999999998,0.09999999999999999,0.025,0.05,0.0,0.03,0.08
4.24854,73,20577.064414,medium,1.0,4.0,3,721,8,4,4,4,4,0,0,0,0,0.03679906542056058,0.038310810810811044,0.0,0.999999999999999,1.0,5,True,82,0.06901408450704226,0.7981971830985949,0.38050704225352117,1.6617957746478873,7,65.0,55.0,0.09230769230769231,0.15384615384615385,0.655154384857305,0.10564023627747789,0.2949999999999999,0.0128796728971962,0.09276056338028169,0.11999999999999987,0.1,0.025,0.05,0.0,0.0,0.08
4.209908,88,20623.367309,medium,1.0,4.0,3,872,8,4,4,4,4,0,0,0,0,0.04088785046728948,0.03216216216216234,0.12739999999999874,1.0000000000000002,0.9999999999999961,5,True,56,0.053063380281690144,0.7578591549295796,0.4242253521126758,1.7389788732394367,19,65.0,53.0,0.046153846153846156,0.1076923076923077,0.5707243076752825,0.08210828287481892,0.29499999999999965,0.014310747663551317,0.0677975352112676,0.12000000000000002,0.0999999999999996,0.025,0.05,0.0,0.0,0.08
4.102165,66,20652.144107,medium,1.0,4.0,3,653,4,1,3,1,3,0,0,0,4,0.0,0.0,0.0,1.0,1.0,5,True,60,0.05661971830985915,0.6796619718309874,0.40402816901408445,6.27193661971831,8,62.0,57.0,0.04838709677419355,0.11290322580645161,0.7223980720521889,-0.047535211267605626,0.295,0.0,0.07246478873239437,0.12,0.1,0.025,0.05,0.0,0.12,0.08
3.136287,89,20688.786182,medium,0.9355919003115265,2.9355919003115263,2,889,8,4,4,4,4,0,0,0,0,0.005560747663551403,0.016081081081081083,0.0,0.813738738738738,1.0,4,True,96,0.09845070422535211,0.9179718309859147,0.6440563380281685,2.46806338028169,40,65.0,61.0,0.03076923076923077,0.09230769230769231,0.5947092419789003,0.101946261682243,0.26764864864864857,0.0019462616822429907,0.1,0.09764864864864856,0.09999999999999999,0.02,0.05,0.0,0.0,0.08
4.23925,78,20721.227941,medium,1.0,4.0,3,775,8,4,4,4,4,0,0,0,0,0.037227414330218284,0.0854279279279283,0.03290000000000012,0.9999999999999959,0.9999999999999984,5,True,82,0.06362676056338028,0.7367887323943678,0.41138028169014085,0.7676408450704225,13,65.0,56.0,0.046153846153846156,0.1076923076923077,0.5978786412140833,0.10174966543811162,0.2949999999999994,0.013029595015576396,0.08872007042253523,0.1199999999999995,0.09999999999999985,0.025,0.05,0.0,0.0,0.08
3.103924,83,20755.174448,medium,0.9034267912772586,2.9034267912772584,2,824,8,4,4,4,4,0,0,0,0,0.018317757009345934,0.0,0.0,0.7207207207207207,1.0,4,True,127,0.10278169014084507,0.915492957746479,0.5493521126760561,3.982306338028169,21,65.0,59.0,0.046153846153846156,0.1076923076923077,0.6486639018735785,0.10641121495327108,0.2564864864864865,0.006411214953271076,0.1,0.08648648648648648,0.1,0.02,0.05,0.0,0.0,0.08
2.984272,89,20792.866475,medium,0.8460280373831776,2.8460280373831774,2,889,8,4,4,4,4,0,0,0,0,0.01880841121495335,0.03972972972972998,0.0,0.5547297297297277,1.0,3,True,52,0.057323943661971834,0.9267605633802843,0.5746760563380281,3.0305281690140844,31,65.0,59.0,0.046153846153846156,0.12307692307692308,0.6292810389145366,0.07557590167171256,0.2315675675675673,0.006582943925233673,0.06899295774647889,0.0665675675675673,0.1,0.015,0.05,0.0,0.0,0.08
4.216932,87,20828.660966,medium,1.0,4.0,3,862,8,4,4,4,4,0,0,0,0,0.051051401869158096,0.02560810810810826,0.18059999999999646,0.9999999999999988,0.9999999999999959,5,True,65,0.05035211267605634,0.7593521126760573,0.5643661971830983,1.3306338028169014,19,65.0,62.0,0.03076923076923077,0.09230769230769231,0.5801069279940863,0.08813207516124758,0.29499999999999943,0.017867990654205333,0.07026408450704225,0.11999999999999983,0.09999999999999959,0.025,0.05,0.0,0.0,0.08
1.768865,81,20870.563005,medium,0.7079984423676013,1.7079984423676013,1,810,8,4,4,4,4,0,0,0,0,0.006051401869158892,0.01750000000000004,0.0,0.831238738738738,0.0,4,False,96,0.08915492957746479,0.92856338028169,0.564112676056338,2.1254401408450705,19,65.0,58.0,0.046153846153846156,0.1076923076923077,0.42395842789533067,0.10211799065420561,0.11974864864864858,0.002117990654205612,0.1,0.09974864864864857,0.0,0.02,0.0,0.0,0.0,0.08
4.174368,70,20899.755799,medium,1.0,4.0,3,691,5,1,4,1,4,0,0,0,3,0.05276479750778677,0.013063063063063065,0.20649999999999405,1.0000000000000002,0.999999999999997,5,True,103,0.09348591549295775,0.4645070422535206,0.30698591549295756,0.5335035211267606,11,65.0,55.0,0.046153846153846156,0.13846153846153847,0.5947092419789003,0.02846767912772538,0.2949999999999997,0.01846767912772537,0.1,0.12000000000000001,0.0999999999999997,0.025,0.05,0.0,0.09,0.08
4.237185,90,20936.687403,medium,1.0,4.0,3,891,8,4,4,4,4,0,0,0,0,0.03224299065420567,0.0,0.0,1.0,1.0,5,True,177,0.15764084507042253,0.6922816901408458,0.3926197183098591,0.5103521126760563,24,65.0,60.0,0.03076923076923077,0.09230769230769231,0.6408946927939745,0.11128504672897199,0.29500000000000004,0.011285046728971985,0.1,0.12000000000000001,0.1,0.025,0.05,0.0,0.0,0.08
3.159134,97,20976.783646,medium,0.9562305295950155,2.9562305295950155,2,964,8,4,4,4,4,0,0,0,0,0.012834890965731878,0.008513513513513503,0.0,0.8734234234234232,1.0,4,True,128,0.12253521126760564,0.9292394366197213,0.5291549295774647,1.6861091549295775,32,65.0,60.0,0.03076923076923077,0.09230769230769231,0.5288193640703336,0.10449221183800617,0.27481081081081077,0.004492211838006157,0.1,0.10481081081081078,0.1,0.02,0.05,0.0,0.0,0.08
1.663963,81,21010.500973,medium,0.6477414330218069,1.6477414330218068,1,809,8,4,4,4,4,0,0,0,0,0.031238317757009214,0.014662162162162155,0.0,0.6569819819819813,0.0,3,False,65,0.05313380281690141,0.9267605633802841,0.6228169014084507,1.5335035211267605,23,65.0,59.0,0.06153846153846154,0.13846153846153847,0.6036099110871885,0.08328376332762928,0.09383783783783775,0.010933411214953224,0.07235035211267606,0.07883783783783775,0.0,0.015,0.0,0.0,0.0,0.08
3.206986,100,21052.110282,medium,0.9802180685358255,2.9802180685358257,2,1000,8,4,4,4,4,0,0,0,0,0.06752336448598144,0.04617117117117116,0.22066666666666698,0.9427927927927914,0.9999999999999961,4,True,189,0.16721830985915492,0.9300563380281718,0.6252957746478871,1.8046478873239438,17,65.0,52.0,0.06153846153846154,0.12307692307692308,0.3986741472968464,0.12363317757009351,0.28313513513513455,0.0236331775700935,0.1,0.11313513513513496,0.09999999999999962,0.02,0.05,0.0,0.0,0.08
4.223346,79,21095.119094,medium,1.0,4.0,3,790,8,4,4,4,4,0,0,0,0,0.0827803738317744,0.0,0.2162999999999949,1.0,0.9999999999999961,5,True,54,0.04183098591549296,0.71405633802817,0.4250140845070422,1.0352464788732394,31,65.0,60.0,0.046153846153846156,0.1076923076923077,0.5590999966045161,0.08734637027774075,0.2949999999999996,0.02897313084112104,0.05837323943661971,0.11999999999999995,0.09999999999999962,0.025,0.05,0.0,0.0,0.08
4.242594,79,21128.505054,medium,1.0,4.0,3,787,8,4,4,4,4,0,0,0,0,0.017982866043613738,0.05200450450450459,0.0,1.0000000000000013,1.0,5,True,106,0.1045774647887324,0.7390140845070446,0.4554366197183094,1.2893309859154929,21,65.0,53.0,0.046153846153846156,0.12307692307692308,0.6097257040953289,0.10629400311526481,0.2950000000000002,0.006294003115264807,0.1,0.12000000000000018,0.1,0.025,0.05,0.0,0.0,0.08
3.018673,100,21170.473443,medium,0.8176012461059191,2.817601246105919,2,1000,8,4,4,4,4,0,0,0,0,0.030630841121495576,0.04459459459459489,0.0,0.8779279279279261,1.0,3,True,92,0.07961267605633802,0.9134084507042257,0.5309014084507042,2.8393838028169016,24,65.0,58.0,0.046153846153846156,0.12307692307692308,0.5368067144913293,0.11072079439252346,0.27035135135135113,0.010720794392523452,0.1,0.10535135135135111,0.1,0.015,0.05,0.0,0.0,0.08
4.1328,63,21197.537728,medium,1.0,4.0,3,622,3,0,3,0,3,0,0,0,5,0.0,0.0,0.0,1.0,1.0,5,True,98,0.08658450704225353,0.5815774647887318,0.3742535211267605,1.0733274647887323,6,60.0,58.0,0.03333333333333333,0.08333333333333333,0.5943609377704336,-0.01999999999999999,0.29500000000000004,0.0,0.1,0.12000000000000001,0.1,0.025,0.05,0.0,0.12,0.08
4.110617,69,21227.357855,medium,1.0,4.0,3,688,4,1,3,1,3,0,0,0,4,0.014556074766354548,0.0,0.0,1.0,1.0,5,True,65,0.062429577464788735,0.47019718309859104,0.21346478873239425,1.0303521126760564,12,65.0,57.0,0.046153846153846156,0.12307692307692308,0.7254778580374203,-0.03558319073318435,0.295,0.005094626168224091,0.07932218309859156,0.12,0.1,0.025,0.05,0.0,0.12,0.08
4.110455,70,21257.950798,medium,1.0,4.0,3,699,5,2,3,2,3,0,0,0,3,0.0011448598130841133,0.0,0.0,1.0,1.0,5,True,46,0.0426056338028169,0.6819718309859159,0.5663661971830986,2.064295774647887,17,65.0,59.0,0.046153846153846156,0.1076923076923077,0.7109176241172757,-0.03464507371330788,0.295,0.00040070093457943964,0.054954225352112675,0.12,0.1,0.025,0.05,0.0,0.09,0.08
4.207907,87,21303.943017,medium,1.0,4.0,3,862,8,4,4,4,4,0,0,0,0,0.0,0.0,0.0,1.0,1.0,5,True,67,0.06080985915492958,0.751295774647889,0.5201408450704224,0.9336795774647887,16,65.0,57.0,0.06153846153846154,0.13846153846153847,0.7082896705236792,0.07910739436619718,0.295,0.0,0.07910739436619718,0.12,0.1,0.025,0.05,0.0,0.0,0.08
4.120795,64,21330.202387,medium,1.0,4.0,3,637,4,1,3,1,3,0,0,0,4,0.029704049844236927,0.041441441441441434,0.06580000000000046,0.999999999999998,0.9999999999999967,5,True,72,0.05746478873239436,0.5741971830985912,0.38805633802816897,3.1792605633802817,16,60.0,51.0,0.05,0.13333333333333333,0.5899656741635638,-0.03050499100522129,0.29499999999999943,0.010396417445482923,0.07909859154929579,0.11999999999999975,0.09999999999999969,0.025,0.05,0.0,0.12,0.08
1.616008,100,21371.864189,medium,0.5294392523364486,1.5294392523364486,1,1000,8,4,4,4,4,0,0,0,0,0.0139018691588786,0.04020270270270298,0.0,0.8891891891891871,0.35,4,False,105,0.09251760563380282,0.9598309859154966,0.48552112676056297,0.6147535211267605,24,65.0,56.0,0.06153846153846154,0.13846153846153847,0.4885353521415362,0.10486565420560752,0.16170270270270246,0.004865654205607509,0.1,0.10670270270270245,0.035,0.02,0.0,0.0,0.0,0.08
1.538562,75,21403.060064,medium,0.5283644859813085,1.5283644859813084,1,741,8,4,4,4,4,0,0,0,0,0.0254828660436138,0.0,0.0,0.4198198198198198,0.0,1,False,192,0.1707042253521127,0.9494929577464819,0.6051549295774643,0.9421830985915493,19,65.0,58.0,0.03076923076923077,0.09230769230769231,0.41992239415273624,0.10891900311526484,0.055378378378378376,0.008919003115264829,0.1,0.05037837837837838,0.0,0.005,0.0,0.0,0.0,0.08
4.252776,77,21435.652148,medium,1.0,4.0,3,766,8,4,4,4,4,0,0,0,0,0.04107476635513982,0.03168918918918936,0.05389999999999767,1.0000000000000022,1.0,5,True,99,0.09264084507042253,0.8206760563380304,0.47515492957746447,1.118573943661972,17,65.0,59.0,0.06153846153846154,0.12307692307692308,0.6835649396283607,0.11437616822429894,0.29500000000000026,0.014376168224298937,0.1,0.12000000000000027,0.1,0.025,0.05,0.0,0.0,0.08
4.254936,73,21466.485033,medium,1.0,4.0,3,726,8,4,4,4,4,0,0,0,0,0.03581775700934507,0.026013513513513636,0.0832999999999964,0.9999999999999988,1.0,5,True,94,0.08411971830985915,0.6005070422535207,0.3290140845070422,1.8083274647887324,19,65.0,57.0,0.03076923076923077,0.09230769230769231,0.6232762862941836,0.11253621495327078,0.2949999999999999,0.012536214953270773,0.1,0.11999999999999984,0.1,0.025,0.05,0.0,0.0,0.08
3.153365,85,21502.377658,medium,0.9540498442367601,2.95404984423676,2,845,8,4,4,4,4,0,0,0,0,0.01806853582554517,0.052252252252252246,0.0,0.8671171171171145,1.0,4,True,68,0.06591549295774649,0.9267605633802825,0.6214084507042253,3.6746126760563382,28,65.0,57.0,0.046153846153846156,0.1076923076923077,0.6445476423002567,0.08976060725725069,0.2740540540540537,0.006323987538940808,0.08343661971830987,0.10405405405405373,0.09999999999999999,0.02,0.05,0.0,0.0,0.08
3.133043,100,21553.657169,medium,0.9234423676012461,2.923442367601246,2,1000,8,4,4,4,4,0,0,0,0,0.05577102803738199,0.017972972972972952,0.21209999999999493,0.8340090090090082,0.9999999999999961,4,True,137,0.11716549295774648,0.8232676056338043,0.5122816901408448,0.8112147887323944,31,65.0,58.0,0.046153846153846156,0.1076923076923077,0.6976815494572213,0.11951985981308369,0.2700810810810806,0.01951985981308369,0.1,0.10008108108108098,0.09999999999999963,0.02,0.05,0.0,0.0,0.08
4.228874,85,21589.79502,medium,1.0,4.0,3,845,8,4,4,4,4,0,0,0,0,0.05669003115264668,0.008333333333333335,0.23029999999999431,0.9999999999999996,0.9999999999999961,5,True,71,0.05737676056338028,0.7487323943661996,0.375718309859155,1.6422007042253521,15,65.0,60.0,0.046153846153846156,0.1076923076923077,0.47774205847148465,0.09837408132596155,0.29499999999999954,0.019841510903426337,0.07853257042253521,0.11999999999999994,0.09999999999999962,0.025,0.05,0.0,0.0,0.08
4.175712,72,21620.659051,medium,1.0,4.0,3,715,6,2,4,2,4,0,0,0,2,0.009976635514018686,0.01655405405405406,0.0,1.0000000000000027,1.0,5,True,82,0.06362676056338028,0.6677183098591558,0.4036619718309859,1.8739788732394367,16,65.0,58.0,0.06153846153846154,0.12307692307692308,0.4206921748463249,0.03221189285244176,0.2950000000000003,0.00349182242990654,0.08872007042253521,0.12000000000000029,0.1,0.025,0.05,0.0,0.06,0.08
4.240811,81,21654.989151,medium,1.0,4.0,3,806,8,4,4,4,4,0,0,0,0,0.018317757009345934,0.0,0.0,1.0,1.0,5,True,111,0.0945950704225352,0.7094084507042268,0.4745352112676056,0.9503169014084507,23,65.0,58.0,0.046153846153846156,0.1076923076923077,0.48485417310394424,0.10641121495327108,0.295,0.006411214953271077,0.1,0.12,0.1,0.025,0.05,0.0,0.0,0.08
4.21678,83,21690.65296,medium,1.0,4.0,3,826,8,4,4,4,4,0,0,0,0,0.036222741433021594,0.0,0.0,1.0,1.0,5,True,58,0.05693661971830986,0.7985070422535218,0.4848169014084507,1.5110211267605633,21,65.0,59.0,0.03076923076923077,0.09230769230769231,0.5812740846911594,0.08438042429028995,0.295,0.012677959501557557,0.07170246478873239,0.11999999999999997,0.1,0.025,0.05,0.0,0.0,0.08
3.038916,95,21731.532593,medium,0.8713239875389408,2.8713239875389407,2,947,8,4,4,4,4,0,0,0,0,0.005560747663551409,0.0037837837837838254,0.01819999999999997,0.6278828828828827,0.9999999999999992,3,True,120,0.12633802816901407,0.9229295774647904,0.5959436619718312,1.8359154929577466,23,65.0,59.0,0.046153846153846156,0.1076923076923077,0.4770865378375819,0.101946261682243,0.24034594594594583,0.001946261682242993,0.1,0.07534594594594593,0.09999999999999992,0.015,0.05,0.0,0.0,0.08
3.081123,96,21780.16331,medium,0.8983644859813084,2.8983644859813085,2,951,8,4,4,4,4,0,0,0,0,0.023224299065420066,0.0,0.0,0.706081081081081,1.0,3,True,192,0.18591549295774648,0.9416338028169049,0.5568169014084504,2.1126056338028167,19,65.0,53.0,0.046153846153846156,0.13846153846153847,0.4256121676310689,0.10812850467289703,0.24972972972972973,0.008128504672897021,0.1,0.08472972972972972,0.1,0.015,0.05,0.0,0.0,0.08
4.192379,68,21808.311644,medium,1.0,4.0,3,672,6,2,4,2,4,0,0,0,2,0.013084112149532746,0.03783783783783794,0.0,0.9999999999999983,1.0,5,True,157,0.14913732394366197,0.6781126760563374,0.4623943661971831,2.7068485915492957,21,62.0,54.0,0.04838709677419355,0.12903225806451613,0.530627086243762,0.04457943925233647,0.29499999999999976,0.004579439252336461,0.1,0.11999999999999977,0.1,0.025,0.05,0.0,0.06,0.08
2.942045,78,21841.22897,medium,0.7707165109034267,2.770716510903427,2,778,8,4,4,4,4,0,0,0,0,0.0,0.0,0.0,0.7423423423423423,1.0,3,True,78,0.04806338028169014,0.9285633802816917,0.541521126760563,2.7401232394366195,26,65.0,61.0,0.03076923076923077,0.09230769230769231,0.5233985954556899,0.0750475352112676,0.2540810810810811,0.0,0.0750475352112676,0.08908108108108106,0.1,0.015,0.05,0.0,0.0,0.08
4.160574,70,21870.523381,medium,1.0,4.0,3,699,5,1,4,1,4,0,0,0,3,0.015638629283489094,0.041441441441441434,0.0,0.9999999999999986,1.0,5,True,100,0.10309859154929578,0.4282816901408448,0.2425070422535211,1.3335035211267605,4,65.0,56.0,0.046153846153846156,0.1076923076923077,0.5793996923632598,0.01547352024922119,0.2949999999999999,0.005473520249221182,0.1,0.11999999999999984,0.1,0.025,0.05,0.0,0.09,0.08
4.248716,76,21902.647999,medium,1.0,4.0,3,757,8,4,4,4,4,0,0,0,0,0.0596028037383176,0.09054054054054071,0.0,0.9999999999999992,1.0,5,True,78,0.06607394366197183,0.821633802816903,0.4502816901408451,4.071267605633802,11,65.0,61.0,0.03076923076923077,0.09230769230769231,0.7880042467915473,0.10941643905489003,0.29499999999999993,0.02086098130841116,0.08855545774647887,0.11999999999999991,0.1,0.025,0.05,0.0,0.0,0.08
4.258726,80,21936.086137,medium,1.0,4.0,3,794,8,4,4,4,4,0,0,0,0,0.06607476635513931,0.0,0.1616999999999973,1.0,0.9999999999999959,5,True,110,0.0846830985915493,0.6811549295774655,0.38873239436619705,0.5559859154929577,18,65.0,56.0,0.06153846153846154,0.12307692307692308,0.7198559711457195,0.12312616822429875,0.2949999999999996,0.023126168224298756,0.1,0.12,0.09999999999999959,0.025,0.05,0.0,0.0,0.08
4.213152,92,21982.966026,medium,1.0,4.0,3,916,8,4,4,4,4,0,0,0,0,0.026495327102803595,0.0,0.0,1.0,1.0,5,True,68,0.061971830985915494,0.8969014084507066,0.5610704225352111,1.737605633802817,29,65.0,58.0,0.046153846153846156,0.12307692307692308,0.5436375000594583,0.08975223772541788,0.295,0.009273364485981258,0.08047887323943662,0.12,0.1,0.025,0.05,0.0,0.0,0.08
1.662722,99,22023.763397,medium,0.6450155763239875,1.6450155763239875,1,983,8,4,4,4,4,0,0,0,0,0.032710280373831384,0.0014189189189189157,0.0,0.649099099099099,0.0,3,False,74,0.07288732394366197,0.9211267605633833,0.6749577464788732,2.4622535211267604,25,65.0,57.0,0.046153846153846156,0.12307692307692308,0.4550414001713778,0.10311409108858748,0.09289189189189187,0.011448598130840983,0.0916654929577465,0.07789189189189187,0.0,0.015,0.0,0.0,0.0,0.08
4.246075,83,22058.197374,medium,1.0,4.0,3,830,8,4,4,4,4,0,0,0,0,0.05947040498442335,0.041441441441441434,0.11059999999999766,0.999999999999998,0.9999999999999976,5,True,68,0.07901408450704225,0.7768169014084542,0.31952112676056343,0.7513380281690141,13,65.0,62.0,0.03076923076923077,0.09230769230769231,0.6762101602084896,0.11407520512482987,0.29499999999999954,0.020814641744548168,0.0932605633802817,0.11999999999999973,0.09999999999999978,0.025,0.05,0.0,0.0,0.08
4.244167,77,22089.904493,medium,1.0,4.0,3,765,8,4,4,4,4,0,0,0,0,0.01619158878504636,0.0,0.0,1.0,1.0,5,True,96,0.08535211267605634,0.7107605633802814,0.45030985915492944,2.255651408450704,22,65.0,61.0,0.03076923076923077,0.09230769230769231,0.5621943300707241,0.10566705607476623,0.295,0.0056670560747662255,0.1,0.12,0.09999999999999999,0.025,0.05,0.0,0.0,0.08
4.228624,93,22128.882189,medium,1.0,4.0,3,921,8,4,4,4,4,0,0,0,0,0.016355140186915775,0.047297297297296974,0.0,0.9999999999999983,1.0,5,True,121,0.12278169014084507,0.8268169014084521,0.6045915492957745,2.0733098591549295,30,65.0,59.0,0.03076923076923077,0.09230769230769231,0.4229022669115576,0.10572429906542052,0.2949999999999998,0.005724299065420521,0.1,0.11999999999999979,0.1,0.025,0.05,0.0,0.0,0.08
3.145998,100,22170.37667,medium,0.9453271028037383,2.945327102803738,2,1000,8,4,4,4,4,0,0,0,0,0.0878504672897198,0.041441441441441434,0.041000000000000016,0.8418918918918898,0.999999999999998,4,True,82,0.05052816901408451,0.9258028169014111,0.46509859154929567,1.5589260563380283,20,65.0,59.0,0.046153846153846156,0.1076923076923077,0.47042601555599317,0.1096437903119653,0.2710270270270266,0.030747663551401926,0.07889612676056339,0.10102702702702678,0.09999999999999981,0.02,0.05,0.0,0.0,0.08
1.861017,81,22212.853562,medium,0.7608411214953263,1.7608411214953263,1,802,8,4,4,4,4,0,0,0,0,0.04235981308411146,0.02222972972972981,0.14839999999999692,0.36036036036035934,0.9230666666666603,2,False,181,0.16392605633802818,0.9211267605633809,0.717549295774648,4.651461267605634,28,65.0,58.0,0.03076923076923077,0.09230769230769231,0.47774205847148465,0.11482593457943902,0.14554990990990915,0.014825934579439006,0.1,0.04324324324324311,0.09230666666666604,0.01,0.0,0.0,0.0,0.08
3.147414,100,22253.855361,medium,0.9376947040498442,2.9376947040498442,2,1000,8,4,4,4,4,0,0,0,0,0.060973520249219856,0.020720720720720735,0.23029999999999431,0.8198198198198189,0.9999999999999961,4,True,96,0.08535211267605634,0.7752112676056344,0.5465915492957745,3.6155281690140844,29,65.0,56.0,0.046153846153846156,0.1076923076923077,0.41992239415273624,0.12134073208722695,0.2683783783783779,0.02134073208722695,0.1,0.09837837837837826,0.09999999999999963,0.02,0.05,0.0,0.0,0.08
4.242485,84,22288.379804,medium,1.0,4.0,3,838,8,4,4,4,4,0,0,0,0,0.03224299065420567,0.0,0.0,1.0,1.0,5,True,96,0.07605633802816901,0.8086197183098605,0.3232957746478874,1.848573943661972,15,65.0,58.0,0.03076923076923077,0.09230769230769231,0.5602588477750647,0.11128504672897199,0.295,0.011285046728971983,0.1,0.12,0.1,0.025,0.05,0.0,0.0,0.08
3.131282,100,22330.185982,medium,0.9376947040498442,2.9376947040498442,2,1000,8,4,4,4,4,0,0,0,0,0.014883177570093501,0.04304054054054067,0.0,0.8198198198198179,1.0,4,True,130,0.11176056338028169,0.7737746478873255,0.49416901408450703,3.0006514084507043,14,65.0,58.0,0.046153846153846156,0.1076923076923077,0.41580383900360823,0.10520911214953273,0.26837837837837814,0.005209112149532726,0.1,0.09837837837837815,0.1,0.02,0.05,0.0,0.0,0.08
1.914743,100,22372.27667,medium,0.7812227414330217,1.7812227414330217,1,1000,8,4,4,4,4,0,0,0,0,0.01242990654205615,0.03594594594594616,0.0,0.8997522522522505,0.812,4,False,106,0.08380281690140845,0.9510422535211288,0.6130422535211265,1.4459859154929577,23,65.0,57.0,0.046153846153846156,0.12307692307692308,0.492396096114299,0.10435046728971965,0.20917027027027005,0.004350467289719652,0.1,0.10797027027027008,0.0812,0.02,0.0,0.0,0.0,0.08
3.211728,90,22418.632483,medium,0.990031152647975,2.9900311526479753,2,897,8,4,4,4,4,0,0,0,0,0.02640965732087147,0.01772522522522532,0.05039999999999783,0.9711711711711722,1.0,4,True,82,0.07281690140845071,0.9429859154929602,0.5132676056338029,3.037394366197183,23,65.0,58.0,0.046153846153846156,0.1076923076923077,0.695139624796397,0.10485605611864306,0.2865405405405407,0.009243380062305014,0.09561267605633804,0.11654054054054068,0.1,0.02,0.05,0.0,0.0,0.08
4.187815,71,22448.544626,medium,1.0,4.0,3,704,6,2,4,2,4,0,0,0,2,0.016191588785046843,0.0,0.0693000000000005,1.0,0.9999999999999966,5,True,78,0.07806338028169015,0.5149295774647878,0.3230985915492956,0.7384859154929577,13,65.0,57.0,0.03076923076923077,0.09230769230769231,0.7550338435675757,0.04321459128603401,0.29499999999999965,0.0056670560747663955,0.09754753521126762,0.12,0.09999999999999967,0.025,0.05,0.0,0.06,0.08
4.242179,78,22480.958899,medium,1.0,4.0,3,780,8,4,4,4,4,0,0,0,0,0.014797507788161992,0.042792792792792786,0.0,0.999999999999998,1.0,5,True,82,0.08218309859154929,0.789521126760564,0.5546478873239437,3.751830985915493,19,65.0,58.0,0.046153846153846156,0.1076923076923077,0.45001321146563034,0.1051791277258567,0.29499999999999976,0.005179127725856696,0.1,0.11999999999999975,0.1,0.025,0.05,0.0,0.0,0.08
4.143218,60,22505.585563,medium,1.0,4.0,3,595,2,0,2,0,2,0,0,0,6,0.0,0.0,0.0,1.0,1.0,5,True,48,0.05577464788732395,0.3683098591549289,0.09856338028169014,0.19056338028169015,3,58.0,51.0,0.034482758620689655,0.10344827586206896,0.8419831887506997,-0.05416901408450704,0.295,0.0,0.06583098591549295,0.11999999999999997,0.1,0.025,0.05,0.0,0.12,0.03811267605633803
4.2303,85,22540.746586,medium,1.0,4.0,3,847,8,4,4,4,4,0,0,0,0,0.0,0.0,0.0,1.0,1.0,5,True,95,0.08931338028169014,0.7630985915492954,0.4814084507042252,1.701144366197183,14,65.0,56.0,0.03076923076923077,0.09230769230769231,0.6716290729348149,0.1,0.295,0.0,0.1,0.11999999999999997,0.1,0.025,0.05,0.0,0.0,0.08
4.073159,68,22569.358719,medium,1.0,4.0,3,671,3,0,3,0,3,0,0,0,5,0.0,0.0,0.0,1.0,1.0,5,True,33,0.03834507042253521,0.663549295774649,0.27149295774647886,1.4557218309859155,7,65.0,57.0,0.046153846153846156,0.1076923076923077,0.5661636177032054,-0.07474119718309859,0.295,0.0,0.04525880281690141,0.12,0.1,0.025,0.05,0.0,0.12,0.08
2.97368,77,22601.893724,medium,0.7677258566978193,2.7677258566978193,2,764,8,4,4,4,4,0,0,0,0,0.0408878504672898,0.05486486486486493,0.0,0.7336936936936913,1.0,2,True,172,0.14746478873239435,0.9542535211267615,0.6880281690140845,2.0265845070422537,43,65.0,57.0,0.03076923076923077,0.09230769230769231,0.3457676814616343,0.11431074766355143,0.24804324324324295,0.014310747663551426,0.1,0.08804324324324295,0.1,0.01,0.05,0.0,0.0,0.08
4.225533,81,22643.650535,medium,1.0,4.0,3,810,8,4,4,4,4,0,0,0,0,0.03482866043613669,0.019369369369369383,0.12039999999999837,0.9999999999999992,0.9999999999999967,5,True,68,0.06045774647887324,0.8394929577464801,0.5200845070422535,2.2848591549295776,16,65.0,55.0,0.046153846153846156,0.1076923076923077,0.4229022669115576,0.09153334101180277,0.2949999999999996,0.01219003115264784,0.07934330985915493,0.1199999999999999,0.09999999999999967,0.025,0.05,0.0,0.0,0.08
4.239287,77,22675.773473,medium,1.0,4.0,3,764,8,4,4,4,4,0,0,0,0,0.001962616822429928,0.005675675675675738,0.0,0.9999999999999996,1.0,5,True,96,0.08535211267605634,0.7428732394366228,0.39315492957746484,3.1514260563380283,17,65.0,57.0,0.046153846153846156,0.1076923076923077,0.5365486411829721,0.10068691588785048,0.2949999999999999,0.0006869158878504749,0.1,0.11999999999999988,0.1,0.025,0.05,0.0,0.0,0.08
3.204795,100,22717.484885,medium,0.9935436137071652,2.993543613707165,2,1000,8,4,4,4,4,0,0,0,0,0.009976635514018757,0.028851351351351542,0.0,0.9813288288288305,1.0,4,True,90,0.09639084507042253,0.91656338028169,0.5993802816901408,2.960880281690141,28,65.0,61.0,0.03076923076923077,0.09230769230769231,0.595143706225744,0.10349182242990657,0.2877594594594596,0.0034918224299065655,0.1,0.11775945945945959,0.09999999999999999,0.02,0.05,0.0,0.0,0.08
4.159362,69,22746.386531,medium,1.0,4.0,3,686,4,2,2,2,2,0,0,0,4,0.02679127725856704,0.0,0.0,1.0,1.0,5,True,70,0.055686619718309856,0.543774647887323,0.33397183098591543,0.16589788732394367,12,65.0,55.0,0.03076923076923077,0.09230769230769231,0.45476335579105015,-0.03385808817076914,0.295,0.009376947040498462,0.07676496478873239,0.11999999999999998,0.1,0.025,0.05,0.0,0.12,0.03317957746478874
4.2316,84,22782.588001,medium,1.0,4.0,3,834,8,4,4,4,4,0,0,0,0,0.0,0.0,0.0,1.0,1.0,5,True,96,0.10225352112676056,0.55938028169014,0.2924507042253521,0.6131866197183099,17,65.0,56.0,0.046153846153846156,0.1076923076923077,0.46847202705188323,0.1,0.295,0.0,0.1,0.11999999999999998,0.1,0.025,0.05,0.0,0.0,0.08
4.230866,75,22814.40725,medium,1.0,4.0,3,749,8,4,4,4,4,0,0,0,0,0.074018691588785,0.0340540540540543,0.16000000000000025,1.0,0.9999999999999961,5,True,60,0.04647887323943662,0.5617464788732386,0.23261971830985906,1.029507042253521,14,65.0,50.0,0.07692307692307693,0.2,0.7245592454512663,0.0907656969856522,0.2949999999999996,0.02590654205607475,0.06485915492957746,0.11999999999999997,0.09999999999999964,0.025,0.05,0.0,0.0,0.08
4.249748,75,22854.675234,medium,1.0,4.0,3,746,8,4,4,4,4,0,0,0,0,0.045000000000000144,0.0,0.0,1.0,1.0,5,True,79,0.07213028169014085,0.7148169014084499,0.3754929577464789,1.8623943661971831,20,65.0,63.0,0.03076923076923077,0.07692307692307693,0.5675625130017762,0.1093477112676057,0.295,0.01575000000000005,0.09359771126760565,0.11999999999999997,0.1,0.025,0.05,0.0,0.0,0.08
4.225233,72,22885.435185,medium,1.0,4.0,3,713,7,4,3,4,3,0,0,0,1,0.055607476635514255,0.10168918918918954,0.0,0.9999999999999967,1.0,5,True,84,0.06676056338028169,0.5376901408450699,0.26715492957746473,1.6342781690140844,7,65.0,62.0,0.03076923076923077,0.09230769230769231,0.7332555485478606,0.08153303935764125,0.2949999999999996,0.019462616822429987,0.09207042253521126,0.1199999999999996,0.1,0.025,0.05,0.0,0.03,0.08
4.091738,75,22917.5629,medium,1.0,4.0,3,749,5,4,1,4,1,0,0,0,3,0.052990654205606454,0.0,0.2008999999999956,1.0,0.9999999999999959,5,True,24,0.014788732394366197,0.6768732394366191,0.4628169014084508,2.4325352112676057,22,65.0,59.0,0.046153846153846156,0.12307692307692308,0.59782430444528,-0.048361721732263094,0.2949999999999996,0.01854672897196226,0.023091549295774647,0.12,0.09999999999999959,0.025,0.05,0.0,0.09,0.08
0.558822,77,22951.008738,medium,0.49061526479750756,0.49061526479750756,0,763,8,4,4,4,4,0,0,0,0,0.015537383177569883,0.010878378378378498,0.050399999999998925,0.477995495495495,0.7923999999999978,1,False,75,0.05329225352112676,0.9413802816901431,0.6299436619718312,0.8369542253521127,28,65.0,52.0,0.06153846153846154,0.15384615384615385,0.4143806394504343,0.08290727425299452,0.1415994594594592,0.005438084112149457,0.07746919014084507,0.057359459459459396,0.0792399999999998,0.005,0.0,0.0,0.0,0.08
4.1369,59,22975.853119,medium,1.0,4.0,3,581,3,0,3,0,3,0,0,0,5,0.0,0.0,0.0,1.0,1.0,5,True,101,0.09116197183098591,0.3931830985915489,0.25053521126760564,2.4617605633802815,11,56.0,52.0,0.05357142857142857,0.125,0.5696390815622058,-0.01999999999999999,0.295,0.0,0.1,0.11999999999999998,0.1,0.025,0.05,0.0,0.12,0.08
3.069391,77,23008.169477,medium,0.8942757009345794,2.894275700934579,2,768,8,4,4,4,4,0,0,0,0,0.03269470404984423,0.06527027027027023,0.043333333333333356,0.6942567567567538,0.9999999999999979,3,True,75,0.04621478873239437,0.9310422535211265,0.6556056338028168,5.350176056338028,26,65.0,57.0,0.046153846153846156,0.1076923076923077,0.5714039652474338,0.08360423796674125,0.24831081081081025,0.011443146417445477,0.07216109154929577,0.08331081081081046,0.0999999999999998,0.015,0.05,0.0,0.0,0.08
3.142052,89,23045.160213,medium,0.9376947040498442,2.9376947040498442,2,882,8,4,4,4,4,0,0,0,0,0.011939252336448084,0.0,0.0,0.8198198198198198,1.0,4,True,105,0.1127112676056338,0.9382253521126784,0.5624225352112673,2.2048415492957747,23,65.0,59.0,0.03076923076923077,0.09230769230769231,0.5144307914704538,0.10417873831775683,0.26837837837837836,0.004178738317756828,0.1,0.09837837837837834,0.1,0.02,0.05,0.0,0.0,0.08
4.042428,68,23082.473171,medium,1.0,4.0,3,675,3,2,1,2,1,0,0,0,5,0.0302959501557633,0.0,0.12966666666666693,1.0,0.9999999999999961,5,True,4,0.0030985915492957746,0.591549295774648,0.4049014084507042,2.475281690140845,18,65.0,57.0,0.046153846153846156,0.1076923076923077,0.6402757680347578,-0.105072473783511,0.29499999999999965,0.010603582554517155,0.004323943661971831,0.12,0.09999999999999963,0.025,0.05,0.0,0.12,0.08
4.260831,73,23113.410902,medium,1.0,4.0,3,728,8,4,4,4,4,0,0,0,0,0.05323208722741444,0.0,0.0,1.0,1.0,5,True,111,0.10278169014084507,0.5027323943661965,0.2007042253521127,0.4119014084507042,8,65.0,57.0,0.03076923076923077,0.09230769230769231,0.7336581199758097,0.11863123052959505,0.29500000000000004,0.01863123052959505,0.1,0.12000000000000002,0.1,0.025,0.05,0.0,0.0,0.08
4.259386,76,23145.262738,medium,1.0,4.0,3,756,8,4,4,4,4,0,0,0,0,0.05710280373831801,0.07189189189189243,0.0,0.9999999999999963,1.0,5,True,142,0.12570422535211268,0.6669859154929588,0.46304225352112666,2.5813028169014083,21,65.0,55.0,0.046153846153846156,0.12307692307692308,0.5634237379008447,0.11998598130841132,0.2949999999999996,0.019985981308411303,0.1,0.11999999999999957,0.1,0.025,0.05,0.0,0.0,0.08
2.9873,83,23180.765811,medium,0.7826323987538941,2.7826323987538943,2,828,8,4,4,4,4,0,0,0,0,0.026433021806853713,0.041441441441441434,0.051800000000000304,0.7768018018017998,0.9999999999999974,3,True,92,0.07676056338028169,0.9364225352112708,0.565549295774648,2.749401408450704,24,65.0,58.0,0.03076923076923077,0.09230769230769231,0.46847202705188323,0.1092515576323988,0.2582162162162157,0.009251557632398799,0.1,0.09321621621621598,0.09999999999999974,0.015,0.05,0.0,0.0,0.08
4.242843,81,23215.252505,medium,1.0,4.0,3,804,8,4,4,4,4,0,0,0,0,0.02355140186915884,0.0,0.0,1.0,1.0,5,True,100,0.09528169014084507,0.7539718309859162,0.5672676056338024,1.496725352112676,29,65.0,58.0,0.03076923076923077,0.09230769230769231,0.515615272166995,0.1082429906542056,0.295,0.008242990654205595,0.1,0.12,0.1,0.025,0.05,0.0,0.0,0.08
4.227017,83,23250.011885,medium,1.0,4.0,3,822,8,4,4,4,4,0,0,0,0,0.03925233644859717,0.017027027027027047,0.10989999999999527,0.9999999999999993,1.0,5,True,68,0.061971830985915494,0.7662535211267609,0.5034366197183094,0.750968309859155,9,65.0,58.0,0.06153846153846154,0.12307692307692308,0.5482307036646142,0.09421719099644563,0.29499999999999993,0.013738317757009007,0.08047887323943662,0.1199999999999999,0.1,0.025,0.05,0.0,0.0,0.08
4.228642,81,23283.853822,medium,1.0,4.0,3,810,8,4,4,4,4,0,0,0,0,0.008504672897196298,0.0245945945945947,0.0,1.0000000000000027,1.0,5,True,74,0.07288732394366197,0.8180281690140863,0.3874366197183094,0.4868661971830986,13,65.0,54.0,0.046153846153846156,0.1076923076923077,0.6375265908744127,0.09464212847176519,0.2950000000000003,0.0029766355140187044,0.09166549295774648,0.12000000000000031,0.1,0.025,0.05,0.0,0.0,0.08
4.182139,58,23316.485537,medium,1.0,4.0,3,573,5,1,4,1,4,0,0,0,3,0.06811526479750701,0.0,0.17919999999999647,1.0,0.9999999999999961,5,True,80,0.06746478873239437,0.4150985915492956,0.2558873239436619,1.74931338028169,8,53.0,47.0,0.05660377358490566,0.1320754716981132,0.6829385869747986,0.024438934228423248,0.2949999999999996,0.023840342679127456,0.0905985915492958,0.12,0.09999999999999962,0.025,0.05,0.0,0.09,0.08
4.253659,75,23348.339242,medium,1.0,4.0,3,746,8,4,4,4,4,0,0,0,0,0.03788161993769479,0.1095495495495498,0.0,0.999999999999999,1.0,5,True,144,0.1351056338028169,0.7844507042253527,0.5305915492957746,3.3570774647887323,17,65.0,61.0,0.03076923076923077,0.09230769230769231,0.385851213208011,0.11325856697819318,0.2949999999999999,0.013258566978193175,0.1,0.11999999999999987,0.1,0.025,0.05,0.0,0.0,0.08
4.114935,62,23374.978797,medium,1.0,4.0,3,618,4,1,3,1,3,0,0,0,4,0.02976635514018663,0.0,0.0,1.0,1.0,5,True,52,0.06042253521126761,0.6355492957746481,0.3065070422535211,1.444225352112676,7,58.0,54.0,0.034482758620689655,0.10344827586206896,0.7679294849096077,-0.03826487429248397,0.295,0.010418224299065321,0.0713169014084507,0.11999999999999998,0.1,0.025,0.05,0.0,0.12,0.08
1.661163,84,23409.807413,medium,0.6309190031152648,1.630919003115265,1,833,8,4,4,4,4,0,0,0,0,0.014579439252336441,0.005675675675675672,0.0,0.5925675675675673,0.023333333333333334,3,False,108,0.08672535211267605,0.9526478873239442,0.6473521126760561,2.825035211267606,31,65.0,61.0,0.03076923076923077,0.09230769230769231,0.482864222139279,0.10510280373831776,0.0884414414414414,0.0051028037383177545,0.1,0.07110810810810807,0.0023333333333333335,0.015,0.0,0.0,0.0,0.08
4.207918,61,23434.646122,medium,1.0,4.0,3,601,6,2,4,2,4,0,0,0,2,0.05644859813084092,0.0,0.10359999999999887,1.0,0.9999999999999968,5,True,68,0.07901408450704225,0.42467605633802796,0.1996056338028169,2.620739436619718,8,55.0,48.0,0.05454545454545454,0.14545454545454545,0.6531501792423152,0.05301757272607602,0.29499999999999965,0.01975700934579432,0.0932605633802817,0.11999999999999997,0.09999999999999969,0.025,0.05,0.0,0.06,0.08
3.222244,83,23469.549957,medium,0.9800778816199377,2.9800778816199376,2,821,8,4,4,4,4,0,0,0,0,0.060514018691588,0.05155405405405421,0.18269999999999637,0.9423873873873855,0.9999999999999959,4,True,95,0.0748943661971831,0.938901408450704,0.6511830985915489,2.1548591549295772,32,65.0,63.0,0.03076923076923077,0.07692307692307693,0.7455142258050398,0.12117990654205579,0.2830864864864859,0.02117990654205579,0.1,0.11308648648648627,0.09999999999999959,0.02,0.05,0.0,0.0,0.08
3.222111,83,23503.867828,medium,0.9895404984423677,2.9895404984423677,2,821,8,4,4,4,4,0,0,0,0,0.023714953271027534,0.026959459459459666,0.0,0.9697522522522535,1.0,4,True,102,0.09443661971830986,0.9195211267605647,0.6442535211267605,1.0168485915492957,20,65.0,54.0,0.046153846153846156,0.12307692307692308,0.3758249730576678,0.10830023364485965,0.28637027027027046,0.008300233644859637,0.1,0.11637027027027043,0.1,0.02,0.05,0.0,0.0,0.08
1.752431,90,23550.028911,medium,0.7040498442367601,1.70404984423676,1,898,8,4,4,4,4,0,0,0,0,0.01869158878504674,0.054054054054054085,0.0,0.8198198198198172,0.0,4,False,68,0.07901408450704225,0.9276338028169026,0.6756901408450704,6.195140845070423,18,65.0,58.0,0.046153846153846156,0.12307692307692308,0.41992239415273624,0.09980261945504806,0.11837837837837804,0.006542056074766358,0.0932605633802817,0.09837837837837804,0.0,0.02,0.0,0.0,0.0,0.08
3.088809,79,23582.860058,medium,0.9034267912772586,2.9034267912772584,2,785,8,4,4,4,4,0,0,0,0,0.01864485981308419,0.0014189189189189196,0.03990000000000019,0.7207207207207206,0.999999999999998,4,True,71,0.06049295774647887,0.9567323943661988,0.58656338028169,1.4253169014084508,28,65.0,60.0,0.046153846153846156,0.1076923076923077,0.6026009090230853,0.08739541924443862,0.25648648648648625,0.0065257009345794665,0.08086971830985916,0.08648648648648645,0.09999999999999981,0.02,0.05,0.0,0.0,0.08
4.059085,63,23609.120972,medium,1.0,4.0,3,625,2,1,1,1,1,0,0,0,6,0.02109813084112153,0.0,0.09030000000000014,1.0,0.9999999999999961,5,True,14,0.016267605633802817,0.4845070422535203,0.30236619718309843,0.8057746478873239,13,61.0,50.0,0.04918032786885246,0.13114754098360656,0.7702720628924264,-0.09341494998025535,0.29499999999999965,0.007384345794392535,0.01920070422535211,0.12000000000000002,0.09999999999999962,0.025,0.05,0.0,0.12,0.08
4.036346,69,23637.602582,medium,1.0,4.0,3,689,4,4,0,4,0,0,0,0,4,0.029275700934579704,0.04020270270270298,0.0,1.0000000000000016,1.0,5,True,0,0.0,0.5994647887323933,0.15957746478873241,0.8494014084507042,6,65.0,59.0,0.03076923076923077,0.09230769230769231,0.8603888396335507,-0.1097535046728971,0.2950000000000002,0.010246495327102895,0.0,0.12000000000000018,0.1,0.025,0.05,0.0,0.12,0.08
3.189709,99,23678.195675,medium,0.9750077881619938,2.975007788161994,2,981,8,4,4,4,4,0,0,0,0,0.05331775700934532,0.047770270270270206,0.0,0.9277252252252235,1.0,4,True,82,0.06908450704225352,0.9341971830985922,0.6523098591549301,10.404823943661972,27,65.0,59.0,0.03076923076923077,0.09230769230769231,0.5273745228798999,0.11147459523496102,0.2813270270270268,0.018661214953270864,0.09281338028169016,0.11132702702702679,0.1,0.02,0.05,0.0,0.0,0.08
4.141207,70,23708.08314,medium,1.0,4.0,3,693,5,3,2,3,2,0,0,0,3,0.014392523364486078,0.0,0.0,1.0,1.0,5,True,73,0.05862676056338028,0.557605633802816,0.22707042253521129,0.6679225352112677,15,65.0,57.0,0.03076923076923077,0.09230769230769231,0.595396456624592,-0.004492546399894659,0.295,0.0050373831775701264,0.0804700704225352,0.11999999999999995,0.1,0.025,0.05,0.0,0.09,0.08
4.189567,71,23738.308505,medium,1.0,4.0,3,710,6,2,4,2,4,0,0,0,2,0.016845794392523487,0.0,0.07210000000000052,1.0,0.9999999999999963,5,True,87,0.0748943661971831,0.5300281690140839,0.3224788732394366,4.248714788732395,11,65.0,59.0,0.07692307692307693,0.13846153846153847,0.4793185218635794,0.045566802685270566,0.29499999999999965,0.00589602803738322,0.09967077464788734,0.12000000000000001,0.09999999999999963,0.025,0.05,0.0,0.06,0.08
4.236337,83,23780.667306,medium,1.0,4.0,3,826,8,4,4,4,4,0,0,0,0,0.033060747663551465,0.0,0.0,1.0,1.0,5,True,96,0.059154929577464786,0.7113239436619732,0.5229859154929578,2.833767605633803,27,65.0,55.0,0.09230769230769231,0.15384615384615385,0.6609628209690211,0.10393745886534161,0.295,0.011571261682243011,0.0923661971830986,0.11999999999999998,0.1,0.025,0.05,0.0,0.0,0.08
3.016959,96,23819.588575,medium,0.8100467289719626,2.8100467289719626,2,955,8,4,4,4,4,0,0,0,0,0.027663551401869064,0.04121621621621621,0.0,0.856081081081079,1.0,4,True,120,0.09084507042253522,0.931718309859156,0.5101690140845067,0.7284859154929577,31,65.0,63.0,0.03076923076923077,0.07692307692307693,0.385851213208011,0.10968224299065418,0.2727297297297295,0.009682242990654174,0.1,0.10272972972972948,0.1,0.02,0.05,0.0,0.0,0.08
3.016673,89,23856.165347,medium,0.8062305295950156,2.8062305295950156,2,888,8,4,4,4,4,0,0,0,0,0.022390965732087254,0.0023648648648648915,0.0923333333333334,0.845045045045045,0.9999999999999961,4,True,96,0.09845070422535211,0.9372394366197188,0.6531267605633803,2.8785915492957748,29,65.0,56.0,0.03076923076923077,0.09230769230769231,0.5233985954556899,0.10783683800623055,0.2714054054054049,0.00783683800623054,0.1,0.10140540540540534,0.0999999999999996,0.02,0.05,0.0,0.0,0.08
4.250985,77,23888.291749,medium,1.0,4.0,3,763,8,4,4,4,4,0,0,0,0,0.03510124610591904,0.052319819819819396,0.07280000000000053,0.9999999999999986,0.9999999999999963,5,True,109,0.10045774647887323,0.6485352112676067,0.3714366197183099,2.0084154929577465,14,65.0,59.0,0.046153846153846156,0.1076923076923077,0.5621943300707241,0.11228543613707168,0.29499999999999943,0.012285436137071665,0.1,0.1199999999999998,0.09999999999999964,0.025,0.05,0.0,0.0,0.08
4.248317,77,23920.533492,medium,1.0,4.0,3,763,8,4,4,4,4,0,0,0,0,0.027476635514018508,0.0,0.1175999999999992,1.0,0.9999999999999959,5,True,182,0.15908450704225352,0.6817746478873249,0.4252676056338026,1.130193661971831,16,65.0,58.0,0.046153846153846156,0.1076923076923077,0.2690705926112252,0.10961682242990649,0.2949999999999996,0.009616822429906477,0.1,0.12,0.09999999999999959,0.025,0.05,0.0,0.0,0.08
3.213869,100,23971.485278,medium,0.9605919003115265,2.9605919003115266,2,1000,8,4,4,4,4,0,0,0,0,0.043014018691587726,0.01040540540540552,0.1112999999999952,0.8860360360360354,1.0,4,True,168,0.14661971830985915,0.7906760563380297,0.44695774647887276,0.1905105633802817,10,65.0,57.0,0.046153846153846156,0.1076923076923077,0.49954564967253573,0.1150549065420557,0.27632432432432424,0.015054906542055702,0.1,0.10632432432432423,0.1,0.02,0.05,0.0,0.0,0.038102112676056336
4.245243,86,24007.585072,medium,1.0,4.0,3,859,8,4,4,4,4,0,0,0,0,0.04612149532710163,0.016081081081081083,0.17359999999999498,0.9999999999999992,0.9999999999999976,5,True,112,0.10940140845070423,0.8169014084507054,0.6050704225352107,3.262711267605634,28,65.0,59.0,0.046153846153846156,0.1076923076923077,0.3960549593035403,0.11614252336448558,0.29499999999999965,0.01614252336448557,0.1,0.11999999999999987,0.09999999999999976,0.025,0.05,0.0,0.0,0.08
3.22568,100,24049.307202,medium,0.9976635514018691,2.9976635514018692,2,1000,8,4,4,4,4,0,0,0,0,0.058161993769469206,0.041441441441441434,0.1875999999999946,0.9932432432432414,0.9999999999999976,4,True,79,0.07862676056338028,0.899380281690142,0.6314647887323943,1.1009859154929578,19,65.0,57.0,0.03076923076923077,0.09230769230769231,0.4944319615488406,0.11882676824184944,0.28918918918918873,0.02035669781931422,0.09847007042253522,0.11918918918918896,0.09999999999999976,0.02,0.05,0.0,0.0,0.08
4.23239,74,24079.654147,medium,1.0,4.0,3,739,8,4,4,4,4,0,0,0,0,0.04239875389408121,0.105585585585586,0.02520000000000003,0.9999999999999947,0.9999999999999989,5,True,76,0.05126760563380282,0.6104507042253521,0.4723661971830984,1.2122711267605635,23,65.0,61.0,0.03076923076923077,0.09230769230769231,0.5602588477750647,0.09129026808828053,0.29499999999999926,0.014839563862928423,0.0764507042253521,0.11999999999999936,0.0999999999999999,0.025,0.05,0.0,0.0,0.08
4.162219,66,24106.610831,medium,1.0,4.0,3,657,5,1,4,1,4,0,0,0,3,0.008341121495327106,0.011824324324324306,0.0,1.000000000000002,1.0,5,True,90,0.1045774647887324,0.4114929577464782,0.12740845070422535,0.4830281690140845,6,61.0,58.0,0.03278688524590164,0.09836065573770492,0.6974528894190513,0.012919392523364492,0.2950000000000002,0.002919392523364487,0.1,0.12000000000000022,0.1,0.025,0.05,0.0,0.09,0.08
4.073354,67,24134.60492,medium,1.0,4.0,3,665,3,1,2,1,2,0,0,0,5,0.0,0.0,0.0,1.0,1.0,5,True,34,0.020950704225352113,0.5441126760563373,0.37580281690140843,0.33929577464788735,14,64.0,58.0,0.046875,0.109375,0.5715616129713571,-0.08728697183098591,0.29500000000000004,0.0,0.032713028169014086,0.12000000000000001,0.1,0.025,0.05,0.0,0.12,0.06785915492957748
3.044305,100,24176.581938,medium,0.9376947040498442,2.9376947040498442,2,1000,5,1,4,1,4,0,0,0,3,0.023520249221183846,0.0,0.0,0.8198198198198198,1.0,4,True,130,0.1101056338028169,0.8303098591549285,0.6110140845070422,5.928961267605634,17,65.0,56.0,0.046153846153846156,0.12307692307692308,0.41580383900360823,0.018232087227414345,0.26837837837837836,0.008232087227414343,0.1,0.09837837837837837,0.1,0.02,0.05,0.0,0.09,0.08
4.256461,78,24217.572735,medium,1.0,4.0,3,772,8,4,4,4,4,0,0,0,0,0.05331775700934546,0.02837837837837846,0.08050000000000053,0.9999999999999988,0.9999999999999959,5,True,107,0.11077464788732394,0.8090704225352116,0.40092957746478836,1.1898591549295774,16,65.0,59.0,0.046153846153846156,0.1076923076923077,0.5424238767248952,0.11866121495327091,0.29499999999999943,0.018661214953270906,0.1,0.1199999999999998,0.09999999999999962,0.025,0.05,0.0,0.0,0.08
4.232292,79,24250.427461,medium,1.0,4.0,3,781,8,4,4,4,4,0,0,0,0,0.011285046728972025,0.032635135135135315,0.0,0.9999999999999983,1.0,5,True,81,0.0679225352112676,0.6361971830985922,0.40304225352112666,2.395193661971831,12,65.0,53.0,0.046153846153846156,0.1076923076923077,0.6097257040953289,0.09539166776359091,0.2949999999999998,0.003949766355140208,0.09144190140845071,0.1199999999999998,0.09999999999999999,0.025,0.05,0.0,0.0,0.08
4.190826,71,24279.463376,medium,1.0,4.0,3,707,6,2,4,2,4,0,0,0,2,0.018644859813084197,0.021283783783783854,0.0,0.999999999999999,1.0,5,True,85,0.09112676056338029,0.6314366197183091,0.4040845070422536,5.600845070422535,17,65.0,55.0,0.06153846153846154,0.15384615384615385,0.6716290729348149,0.04652570093457947,0.2949999999999998,0.006525700934579468,0.1,0.11999999999999983,0.1,0.025,0.05,0.0,0.06,0.08
4.242909,82,24314.162259,medium,1.0,4.0,3,814,8,4,4,4,4,0,0,0,0,0.02659657320872221,0.041441441441441434,0.0,1.0000000000000016,1.0,5,True,96,0.07985915492957746,0.7900563380281705,0.504901408450704,1.8827816901408452,19,65.0,57.0,0.046153846153846156,0.1076923076923077,0.5144307914704538,0.10930880062305277,0.2950000000000002,0.009308800623052773,0.1,0.12000000000000019,0.1,0.025,0.05,0.0,0.0,0.08
4.249178,82,24348.71624,medium,1.0,4.0,3,814,8,4,4,4,4,0,0,0,0,0.04450934579439272,0.0042567567567567575,0.04620000000000025,0.9999999999999998,0.9999999999999978,5,True,122,0.08936619718309859,0.8641690140845082,0.6115211267605632,1.7994718309859155,37,65.0,55.0,0.06153846153846154,0.12307692307692308,0.47297431420996894,0.11557827102803746,0.29499999999999976,0.01557827102803745,0.1,0.11999999999999995,0.09999999999999978,0.025,0.05,0.0,0.0,0.08
4.244436,74,24379.921322,medium,1.0,4.0,3,735,8,4,4,4,4,0,0,0,0,0.013901869158878595,0.040202702702702965,0.0,1.0000000000000018,1.0,5,True,96,0.06676056338028169,0.7152676056338035,0.3643943661971828,1.3203873239436619,19,65.0,54.0,0.03076923076923077,0.09230769230769231,0.4956321302677144,0.10293607674081878,0.2950000000000002,0.004865654205607508,0.09807042253521127,0.12000000000000022,0.1,0.025,0.05,0.0,0.0,0.08
4.161006,67,24416.316212,medium,1.0,4.0,3,670,5,2,3,2,3,0,0,0,3,0.03614485981308429,0.0420945945945949,0.0924000000000001,1.0000000000000013,0.9999999999999961,5,True,68,0.07514084507042254,0.5659999999999987,0.2469577464788731,4.50419014084507,14,62.0,56.0,0.06451612903225806,0.14516129032258066,0.6301334251352536,0.013006334737396402,0.29499999999999976,0.012650700934579501,0.0903556338028169,0.12000000000000015,0.09999999999999962,0.025,0.05,0.0,0.09,0.08
4.151108,73,24446.988989,medium,1.0,4.0,3,726,6,4,2,4,2,0,0,0,2,0.019976635514018737,0.011824324324324453,0.0,1.0,1.0,5,True,45,0.0522887323943662,0.6402816901408461,0.4178028169014084,0.6105457746478873,16,65.0,60.0,0.046153846153846156,0.1076923076923077,0.6276586181339201,0.008708371725681202,0.295,0.0069918224299065565,0.06171654929577464,0.11999999999999998,0.1,0.025,0.05,0.0,0.06,0.08
4.211542,84,24481.631713,medium,1.0,4.0,3,834,8,4,4,4,4,0,0,0,0,0.05235981308411215,0.04966216216216235,0.0,0.9999999999999976,1.0,5,True,57,0.04415492957746479,0.7679154929577477,0.561239436619718,2.484489436619718,20,65.0,61.0,0.03076923076923077,0.09230769230769231,0.5299930036727941,0.07994213176253784,0.2949999999999997,0.018325934579439252,0.06161619718309858,0.11999999999999968,0.1,0.025,0.05,0.0,0.0,0.08
4.184439,64,24508.371277,medium,1.0,4.0,3,637,6,3,3,3,3,0,0,0,2,0.06705607476635397,0.013243243243243389,0.2176999999999949,1.0,0.9999999999999959,5,True,58,0.054225352112676053,0.4252112676056329,0.19681690140845062,1.044718309859155,7,58.0,51.0,0.034482758620689655,0.10344827586206896,0.5484903272244417,0.033138640252730944,0.2949999999999996,0.023469626168223887,0.06966901408450706,0.12000000000000001,0.0999999999999996,0.025,0.05,0.0,0.06,0.08
3.009819,83,24542.549545,medium,0.7975077881619937,2.797507788161994,2,822,8,4,4,4,4,0,0,0,0,0.017523364485981307,0.05067567567567567,0.0,0.8198198198198172,1.0,4,True,108,0.11044014084507042,0.921126760563382,0.615070422535211,2.3468838028169015,29,65.0,58.0,0.046153846153846156,0.1076923076923077,0.6401209669323179,0.10613317757009347,0.2683783783783781,0.006133177570093457,0.1,0.09837837837837807,0.1,0.02,0.05,0.0,0.0,0.08
3.054729,100,24583.948688,medium,0.8598130841121495,2.8598130841121496,2,1000,8,4,4,4,4,0,0,0,0,0.036962616822428566,0.0,0.15819999999999426,1.0,0.9999999999999989,5,True,56,0.05197183098591549,0.9185633802816929,0.5288169014084502,2.3152464788732394,23,65.0,55.0,0.07692307692307693,0.13846153846153847,0.3244710394240263,0.07991578912728661,0.2949999999999999,0.012936915887849999,0.06697887323943662,0.11999999999999998,0.09999999999999991,0.025,0.05,0.0,0.0,0.08
4.124771,71,24613.615812,medium,1.0,4.0,3,710,5,4,1,4,1,0,0,0,3,0.06151869158878404,0.0,0.12529999999999542,1.0,0.9999999999999991,5,True,24,0.027887323943661974,0.4993521126760553,0.2998309859154927,0.3183802816901408,13,65.0,59.0,0.046153846153846156,0.1076923076923077,0.584373826989262,-0.0355529649861791,0.29499999999999993,0.021531542056074413,0.03291549295774648,0.12,0.09999999999999995,0.025,0.05,0.0,0.09,0.06367605633802817
4.17392,70,24650.964455,medium,1.0,4.0,3,691,5,1,4,1,4,0,0,0,3,0.006214953271028043,0.014662162162162325,0.0,1.0,1.0,5,True,138,0.12471830985915493,0.494338028169013,0.17188732394366196,0.32077464788732396,5,65.0,57.0,0.046153846153846156,0.1076923076923077,0.6276586181339201,0.012175233644859826,0.295,0.0021752336448598152,0.1,0.11999999999999998,0.1,0.025,0.05,0.0,0.09,0.0641549295774648
4.189786,76,24682.270622,medium,1.0,4.0,3,758,8,4,4,4,4,0,0,0,0,0.030257009345794034,0.0,0.12949999999999848,1.0,0.9999999999999962,5,True,37,0.028661971830985917,0.665070422535211,0.4751549295774647,1.4420070422535212,22,65.0,56.0,0.03076923076923077,0.09230769230769231,0.45476335579105015,0.05058643214426735,0.29499999999999965,0.010589953271027911,0.03999647887323944,0.12000000000000001,0.09999999999999963,0.025,0.05,0.0,0.0,0.08
3.1218,100,24723.955135,medium,0.9376947040498442,2.9376947040498442,2,1000,8,4,4,4,4,0,0,0,0,0.04074766355140197,0.0,0.036400000000000154,0.8198198198198198,0.9999999999999983,4,True,78,0.05661971830985915,0.8176901408450706,0.5989295774647885,2.413204225352113,21,65.0,57.0,0.06153846153846154,0.13846153846153847,0.5233985954556899,0.09572647097538506,0.2683783783783782,0.014261682242990688,0.08146478873239436,0.09837837837837837,0.09999999999999984,0.02,0.05,0.0,0.0,0.08
4.1399,56,24747.037153,medium,1.0,4.0,3,551,4,0,4,0,4,0,0,0,4,0.0,0.0,0.0,1.0,1.0,5,True,134,0.1316901408450704,0.20754929577464779,0.06022535211267606,0.7459859154929578,1,52.0,45.0,0.057692307692307696,0.15384615384615385,0.46479416720176076,-0.01999999999999999,0.29500000000000004,0.0,0.1,0.12000000000000001,0.1,0.025,0.05,0.0,0.12,0.08
4.122487,63,24773.094001,medium,1.0,4.0,3,626,4,1,3,1,3,0,0,0,4,0.02297507788161998,0.0,0.0,1.0,1.0,5,True,63,0.0673943661971831,0.5643943661971826,0.314056338028169,1.5593661971830985,11,59.0,55.0,0.05084745762711865,0.11864406779661017,0.7205551179525569,-0.029912948093545694,0.295,0.008041277258566992,0.08204577464788732,0.11999999999999995,0.1,0.025,0.05,0.0,0.12,0.08
4.259632,74,24803.708019,medium,1.0,4.0,3,738,8,4,4,4,4,0,0,0,0,0.05266355140186825,0.04209459459459484,0.16309999999999542,1.0000000000000018,0.9999999999999976,5,True,90,0.1045774647887324,0.5522253521126758,0.36932394366197185,3.077323943661972,12,65.0,59.0,0.046153846153846156,0.1076923076923077,0.695455127572218,0.11843224299065389,0.295,0.018432242990653887,0.1,0.12000000000000023,0.09999999999999977,0.025,0.05,0.0,0.0,0.08
4.233187,84,24838.926688,medium,1.0,4.0,3,833,8,4,4,4,4,0,0,0,0,0.06002336448598089,0.009932432432432541,0.0,0.9999999999999998,1.0,5,True,68,0.061971830985915494,0.8103943661971845,0.3982253521126759,0.9543661971830986,23,65.0,56.0,0.046153846153846156,0.1076923076923077,0.4565506161471502,0.10148705080952992,0.29499999999999993,0.021008177570093312,0.08047887323943662,0.11999999999999993,0.1,0.025,0.05,0.0,0.0,0.08
4.062159,67,24875.446522,medium,1.0,4.0,3,661,2,1,1,1,1,0,0,0,6,0.0009813084112149542,0.0028378378378378405,0.0,1.0000000000000004,1.0,5,True,24,0.027887323943661974,0.5492112676056331,0.3078591549295774,1.3125352112676056,13,65.0,56.0,0.046153846153846156,0.12307692307692308,0.627563312852597,-0.08674104909832828,0.29500000000000004,0.00034345794392523396,0.03291549295774648,0.12000000000000002,0.1,0.025,0.05,0.0,0.12,0.08
3.025357,78,24907.473303,medium,0.8143302180685358,2.8143302180685357,2,775,8,4,4,4,4,0,0,0,0,0.009813084112149534,0.025540540540540668,0.0,0.834099099099098,1.0,3,True,120,0.10774647887323943,0.9236056338028202,0.463042253521126,1.2372535211267606,15,65.0,55.0,0.03076923076923077,0.09230769230769231,0.6306296912417991,0.10343457943925234,0.2650918918918917,0.0034345794392523364,0.1,0.10009189189189172,0.1,0.015,0.05,0.0,0.0,0.08
4.240689,77,24939.106351,medium,1.0,4.0,3,762,8,4,4,4,4,0,0,0,0,0.005397196261682243,0.015608108108108108,0.0,0.9999999999999992,1.0,5,True,102,0.10542253521126761,0.5486478873239428,0.31963380281690135,0.6975352112676056,11,65.0,60.0,0.046153846153846156,0.1076923076923077,0.6023921989733403,0.10188901869158878,0.29499999999999993,0.0018890186915887848,0.1,0.11999999999999994,0.1,0.025,0.05,0.0,0.0,0.08
1.852912,86,24974.363177,medium,0.7706230529595012,1.7706230529595013,1,853,8,4,4,4,4,0,0,0,0,0.009485981308410805,0.0,0.04059999999999825,0.6822072072072072,0.48859999999999826,3,False,82,0.07672535211267606,0.9440563380281689,0.6458591549295775,5.990792253521127,17,65.0,61.0,0.046153846153846156,0.1076923076923077,0.6097257040953289,0.10186410754245083,0.1457248648648647,0.0033200934579437815,0.09854401408450705,0.08186486486486487,0.04885999999999982,0.015,0.0,0.0,0.0,0.08
4.261819,73,25004.790607,medium,1.0,4.0,3,723,8,4,4,4,4,0,0,0,0,0.054626168224297764,0.058648648648649014,0.14699999999999366,1.000000000000001,1.0,5,True,100,0.10845070422535211,0.7356901408450702,0.5392394366197181,4.5552640845070425,21,65.0,59.0,0.03076923076923077,0.09230769230769231,0.4570877079159688,0.11911915887850422,0.29500000000000015,0.019119158878504214,0.1,0.12000000000000012,0.1,0.025,0.05,0.0,0.0,0.08
4.2333,82,25038.271515,medium,1.0,4.0,3,817,8,4,4,4,4,0,0,0,0,0.0,0.0,0.0,1.0,1.0,5,True,131,0.13130281690140846,0.7918873239436655,0.4214366197183098,2.791056338028169,19,65.0,58.0,0.03076923076923077,0.09230769230769231,0.627563312852597,0.1,0.295,0.0,0.1,0.11999999999999997,0.09999999999999999,0.025,0.05,0.0,0.0,0.08
3.207042,99,25087.655067,medium,0.986214953271028,2.986214953271028,2,990,8,4,4,4,4,0,0,0,0,0.04174454828660445,0.004729729729729782,0.14366666666666694,0.9601351351351349,0.9999999999999961,4,True,96,0.09845070422535211,0.9364225352112683,0.6273239436619718,1.2512147887323943,24,65.0,56.0,0.046153846153846156,0.1076923076923077,0.5851314535340038,0.11461059190031156,0.28521621621621573,0.014610591900311557,0.1,0.11521621621621611,0.09999999999999962,0.02,0.05,0.0,0.0,0.08
4.258232,73,25118.263151,medium,1.0,4.0,3,725,8,4,4,4,4,0,0,0,0,0.013901869158878595,0.040202702702702965,0.0,1.0000000000000018,1.0,5,True,123,0.10799295774647888,0.6669859154929589,0.34636619718309863,0.34566901408450706,10,65.0,54.0,0.046153846153846156,0.12307692307692308,0.7198559711457195,0.10486565420560752,0.2950000000000002,0.004865654205607508,0.1,0.12000000000000019,0.09999999999999999,0.025,0.05,0.0,0.0,0.06913380281690142
4.084587,59,25142.476603,medium,1.0,4.0,3,583,2,0,2,0,2,0,0,0,6,0.0,0.0,0.0,1.0,1.0,5,True,40,0.03718309859154929,0.47078873239436586,0.2733802816901409,2.3544366197183098,7,57.0,54.0,0.03508771929824561,0.10526315789473684,0.7544712707768537,-0.07211267605633803,0.295,0.0,0.04788732394366197,0.11999999999999997,0.1,0.025,0.05,0.0,0.12,0.08
4.234546,79,25175.699149,medium,1.0,4.0,3,783,8,4,4,4,4,0,0,0,0,0.033021806853582615,0.04481981981981981,0.0,1.0000000000000016,1.0,5,True,68,0.06971830985915493,0.8930140845070427,0.6000845070422535,4.201531690140845,28,65.0,61.0,0.03076923076923077,0.09230769230769231,0.38947993643989925,0.09784636479312013,0.2950000000000002,0.011557632398753917,0.08628873239436621,0.12000000000000019,0.1,0.025,0.05,0.0,0.0,0.08
4.210836,57,25199.887829,medium,1.0,4.0,3,563,6,2,4,2,4,0,0,0,2,0.03467289719626142,0.016081081081081083,0.0,0.9999999999999998,1.0,5,True,82,0.09528169014084507,0.4289014084507036,0.17002816901408452,0.4113380281690141,8,51.0,47.0,0.0392156862745098,0.11764705882352941,0.6005853470306948,0.0521355140186915,0.295,0.012135514018691495,0.1,0.11999999999999998,0.1,0.025,0.05,0.0,0.06,0.08
4.127172,67,25227.952644,medium,1.0,4.0,3,668,2,1,1,1,1,0,0,0,6,0.0,0.0,0.0,1.0,1.0,5,True,24,0.027887323943661974,0.4332394366197174,0.14991549295774653,0.06971830985915493,7,65.0,60.0,0.06153846153846154,0.12307692307692308,0.6596551972323106,-0.08708450704225351,0.295,0.0,0.03291549295774648,0.11999999999999998,0.1,0.025,0.05,0.0,0.12,0.013943661971830989
4.09524,63,25254.264171,medium,1.0,4.0,3,626,1,1,0,1,0,0,0,0,7,0.004088785046729015,0.011824324324324448,0.0,1.0,1.0,5,True,0,0.0,0.5843943661971822,0.26414084507042257,0.09295774647887324,11,62.0,54.0,0.06451612903225806,0.14516129032258066,0.7421740715141683,-0.11856892523364485,0.295,0.0014310747663551552,0.0,0.12,0.1,0.025,0.05,0.0,0.12,0.01859154929577465
4.269763,76,25286.334557,medium,1.0,4.0,3,755,8,4,4,4,4,0,0,0,0,0.10714953271028041,0.03831081081081104,0.145599999999998,1.0000000000000018,0.9999999999999959,5,True,82,0.06901408450704226,0.7069577464788749,0.31326760563380274,1.417112676056338,12,65.0,59.0,0.046153846153846156,0.12307692307692308,0.5774297951438286,0.13026289982887984,0.2949999999999998,0.03750233644859814,0.0927605633802817,0.12000000000000022,0.09999999999999959,0.025,0.05,0.0,0.0,0.08
4.238927,96,25334.999226,medium,1.0,4.0,3,952,8,4,4,4,4,0,0,0,0,0.05464953271028037,0.030743243243243408,0.0,0.9999999999999983,1.0,5,True,92,0.08056338028169015,0.9138028169014126,0.44938028169014077,1.4799295774647887,19,65.0,62.0,0.03076923076923077,0.09230769230769231,0.5490004451402073,0.11912733644859813,0.2949999999999998,0.019127336448598133,0.1,0.11999999999999979,0.1,0.025,0.05,0.0,0.0,0.08
4.244391,86,25370.268142,medium,1.0,4.0,3,851,8,4,4,4,4,0,0,0,0,0.04140186915887862,0.017027027027027047,0.013999999999999981,1.0000000000000029,0.9999999999999994,5,True,106,0.10077464788732395,0.8153521126760573,0.46278873239436596,1.1416549295774647,19,65.0,57.0,0.03076923076923077,0.09230769230769231,0.5784222949603847,0.11449065420560753,0.29500000000000026,0.014490654205607516,0.1,0.12000000000000033,0.09999999999999995,0.025,0.05,0.0,0.0,0.08
1.895896,87,25406.239518,medium,0.8003894080996885,1.8003894080996885,1,868,8,4,4,4,4,0,0,0,0,0.012616822429906534,0.014189189189189176,0.0,0.7027027027027021,0.5856666666666667,3,False,95,0.0972887323943662,0.9251549295774653,0.6384788732394362,4.176919014084507,21,65.0,59.0,0.03076923076923077,0.09230769230769231,0.4411138364770706,0.10441588785046729,0.1578909909909909,0.004415887850467286,0.1,0.08432432432432421,0.05856666666666667,0.015,0.0,0.0,0.0,0.08
4.256392,77,25437.924917,medium,1.0,4.0,3,766,8,4,4,4,4,0,0,0,0,0.07002336448598118,0.0771621621621625,0.0335999999999998,0.9999999999999961,0.9999999999999988,5,True,76,0.07397887323943662,0.8025633802816905,0.43797183098591547,1.7401408450704225,19,65.0,60.0,0.046153846153846156,0.1076923076923077,0.4387576790432232,0.11799233249967087,0.29499999999999943,0.024508177570093412,0.09348415492957746,0.11999999999999952,0.0999999999999999,0.025,0.05,0.0,0.0,0.08
2.988957,95,25478.336688,medium,0.8411214953271028,2.8411214953271027,2,946,8,4,4,4,4,0,0,0,0,0.014330218068535823,0.041441441441441434,0.0,0.5405405405405385,1.0,3,True,91,0.05607394366197183,0.9211267605633805,0.6929014084507042,2.467394366197183,28,65.0,59.0,0.046153846153846156,0.1076923076923077,0.48930689043527736,0.09257103407046642,0.22986486486486463,0.005015576323987538,0.08755545774647888,0.06486486486486462,0.1,0.015,0.05,0.0,0.0,0.08
4.251151,82,25520.758209,medium,1.0,4.0,3,813,8,4,4,4,4,0,0,0,0,0.049859813084112074,0.041441441441441434,0.09466666666666677,1.0000000000000016,0.9999999999999961,5,True,76,0.08830985915492957,0.8151549295774645,0.5165070422535211,4.487658450704226,18,65.0,56.0,0.046153846153846156,0.1076923076923077,0.6023921989733403,0.11745093457943923,0.2949999999999998,0.017450934579439227,0.1,0.12000000000000019,0.09999999999999962,0.025,0.05,0.0,0.0,0.08
4.283247,80,25553.578606,medium,1.0,4.0,3,797,8,4,4,4,4,0,0,0,0,0.04514018691588684,0.0,0.10079999999999566,1.0,1.0,5,True,62,0.057323943661971834,0.6723380281690147,0.300507042253521,0.10922535211267606,10,65.0,50.0,0.06153846153846154,0.15384615384615385,0.5561078882145892,0.08979202316703927,0.295,0.015799065420560393,0.07399295774647888,0.12,0.1,0.025,0.05,0.0,0.0,0.021845070422535213
4.24996,83,25588.366322,medium,1.0,4.0,3,829,8,4,4,4,4,0,0,0,0,0.051028037383177634,0.04238738738738738,0.017666666666666667,0.9999999999999981,0.9999999999999992,5,True,130,0.12485915492957747,0.7400563380281713,0.3527605633802815,1.1869894366197182,21,65.0,54.0,0.06153846153846154,0.13846153846153847,0.4012358285926264,0.11785981308411217,0.2949999999999997,0.01785981308411217,0.1,0.11999999999999976,0.09999999999999992,0.025,0.05,0.0,0.0,0.08
3.208554,79,25621.560397,medium,0.9731308411214953,2.9731308411214954,2,782,8,4,4,4,4,0,0,0,0,0.03699376947040508,0.041441441441441434,0.09700000000000016,0.9222972972972953,0.9999999999999961,4,True,92,0.09380281690140845,0.9278873239436618,0.651605633802817,2.743433098591549,21,65.0,57.0,0.03076923076923077,0.09230769230769231,0.40008840380660676,0.11294781931464178,0.28067567567567503,0.012947819314641775,0.1,0.1106756756756754,0.09999999999999962,0.02,0.05,0.0,0.0,0.08
3.022156,81,25657.270018,medium,0.7996884735202492,2.7996884735202494,2,806,8,4,4,4,4,0,0,0,0,0.04197040498442325,0.022522522522522535,0.14629999999999793,0.8198198198198188,0.9999999999999961,4,True,82,0.08218309859154929,0.9154929577464799,0.5465915492957744,1.8247711267605633,22,65.0,57.0,0.03076923076923077,0.09230769230769231,0.374863516979206,0.11468964174454814,0.26837837837837786,0.014689641744548136,0.1,0.09837837837837823,0.09999999999999962,0.02,0.05,0.0,0.0,0.08
4.2381,77,25690.363495,medium,1.0,4.0,3,769,8,4,4,4,4,0,0,0,0,0.0,0.0,0.0,1.0,1.0,5,True,91,0.07940140845070423,0.6548732394366209,0.3397464788732394,1.5660211267605635,13,65.0,56.0,0.06153846153846154,0.12307692307692308,0.5068142885869643,0.1,0.295,0.0,0.1,0.12,0.1,0.025,0.05,0.0,0.0,0.08
1.727953,100,25732.691251,medium,0.6473676012461054,1.6473676012461054,1,1000,8,4,4,4,4,0,0,0,0,0.019626168224298607,0.02270270270270285,0.05039999999999783,0.4770270270270266,0.8647333333333311,2,False,125,0.11632042253521127,0.9240000000000024,0.5350985915492954,1.1032746478873239,16,65.0,55.0,0.046153846153846156,0.1076923076923077,0.5365486411829721,0.10686915887850451,0.15371657657657636,0.006869158878504511,0.1,0.05724324324324317,0.0864733333333332,0.01,0.0,0.0,0.0,0.08
4.237945,74,25771.676181,medium,1.0,4.0,3,740,8,4,4,4,4,0,0,0,0,0.04579439252336414,0.06432432432432436,0.0,1.0000000000000013,1.0,5,True,59,0.06855633802816902,0.701408450704225,0.44633802816901413,1.7034507042253522,15,65.0,56.0,0.046153846153846156,0.1076923076923077,0.6608578768161134,0.09694529090430423,0.29500000000000015,0.01602803738317745,0.08091725352112678,0.12000000000000016,0.1,0.025,0.05,0.0,0.0,0.08
3.104707,86,25806.672884,medium,0.9034267912772586,2.9034267912772584,2,855,8,4,4,4,4,0,0,0,0,0.05429906542055992,0.029324324324324545,0.1889999999999961,0.7207207207207204,0.9999999999999959,4,True,78,0.06971830985915493,0.9673239436619728,0.5934084507042253,4.27443661971831,19,65.0,56.0,0.03076923076923077,0.09230769230769231,0.5111727926995352,0.11029340529156217,0.256486486486486,0.019004672897195974,0.0912887323943662,0.08648648648648641,0.09999999999999959,0.02,0.05,0.0,0.0,0.08
4.222271,71,25835.961663,medium,1.0,4.0,3,707,7,3,4,3,4,0,0,0,1,0.02371495327102812,0.0,0.08890000000000023,1.0,0.9999999999999959,5,True,87,0.0748943661971831,0.6312112676056341,0.3757746478873237,2.1316021126760565,11,64.0,56.0,0.046875,0.125,0.6698999623937569,0.07797100829274717,0.2949999999999996,0.008300233644859843,0.09967077464788733,0.12000000000000002,0.09999999999999959,0.025,0.05,0.0,0.03,0.08
4.111459,69,25865.877133,medium,1.0,4.0,3,684,5,1,4,1,4,0,0,0,3,0.0,0.0,0.0,1.0,1.0,5,True,40,0.04647887323943662,0.5130704225352107,0.3114366197183098,1.2353521126760563,7,64.0,55.0,0.0625,0.140625,0.5533484971509128,-0.03514084507042253,0.295,0.0,0.054859154929577464,0.12,0.1,0.025,0.05,0.0,0.09,0.08
3.133458,100,25909.612491,medium,0.9376947040498442,2.9376947040498442,2,1000,8,4,4,4,4,0,0,0,0,0.04205607476635531,0.028378378378378675,0.0,0.8198198198198184,1.0,4,True,91,0.06288732394366198,0.8770704225352126,0.6505352112676054,4.153485915492958,36,65.0,58.0,0.046153846153846156,0.12307692307692308,0.5368067144913293,0.10738511912597085,0.2683783783783782,0.014719626168224358,0.09266549295774648,0.0983783783783782,0.09999999999999999,0.02,0.05,0.0,0.0,0.08
2.981708,84,25945.739045,medium,0.7995327102803739,2.7995327102803738,2,840,8,4,4,4,4,0,0,0,0,0.02011682242990666,0.05817567567567601,0.0,0.686936936936934,1.0,3,True,83,0.06693661971830986,0.9405070422535231,0.4734647887323943,1.411919014084507,19,65.0,56.0,0.046153846153846156,0.12307692307692308,0.6375265908744127,0.09874335263919974,0.24743243243243207,0.00704088785046733,0.09170246478873241,0.08243243243243208,0.1,0.015,0.05,0.0,0.0,0.08
4.2223,93,25993.666021,medium,1.0,4.0,3,927,8,4,4,4,4,0,0,0,0,0.0,0.0,0.0,1.0,1.0,5,True,96,0.08535211267605634,0.879718309859156,0.6037464788732391,3.9747535211267606,24,65.0,55.0,0.046153846153846156,0.12307692307692308,0.4694627428953683,0.1,0.29500000000000004,0.0,0.1,0.12000000000000001,0.1,0.025,0.05,0.0,0.0,0.08
4.215741,81,26027.775466,medium,1.0,4.0,3,807,8,4,4,4,4,0,0,0,0,0.0,0.0,0.0,1.0,1.0,5,True,69,0.06258802816901408,0.7190422535211276,0.5130704225352112,3.4180105633802818,23,65.0,57.0,0.046153846153846156,0.1076923076923077,0.5443592225699937,0.08144102112676056,0.295,0.0,0.08144102112676056,0.11999999999999997,0.1,0.025,0.05,0.0,0.0,0.08
4.235592,78,26060.753499,medium,1.0,4.0,3,772,8,4,4,4,4,0,0,0,0,0.02028037383177581,0.058648648648648966,0.0,1.0000000000000009,1.0,5,True,71,0.07359154929577465,0.7358028169014105,0.34605633802816893,1.7218133802816902,14,65.0,58.0,0.03076923076923077,0.09230769230769231,0.5661851502461829,0.09779179281295251,0.2950000000000001,0.007098130841121532,0.09069366197183099,0.1200000000000001,0.1,0.025,0.05,0.0,0.0,0.08
2.970686,78,26094.766906,medium,0.7679984423676014,2.7679984423676016,2,773,8,4,4,4,4,0,0,0,0,0.0338551401869162,0.02885135135135167,0.05040000000000029,0.7344819819819808,0.9999999999999976,2,True,103,0.08690140845070422,0.9260845070422553,0.6631549295774647,1.7783978873239437,30,65.0,55.0,0.046153846153846156,0.1076923076923077,0.515615272166995,0.11184929906542067,0.2481378378378375,0.011849299065420668,0.1,0.08813783783783771,0.09999999999999976,0.01,0.05,0.0,0.0,0.08
4.211177,79,26128.954896,medium,1.0,4.0,3,781,8,4,4,4,4,0,0,0,0,0.0,0.0,0.0,1.0,1.0,5,True,73,0.05036971830985915,0.8057464788732406,0.5868732394366196,1.7951232394366197,21,65.0,62.0,0.03076923076923077,0.09230769230769231,0.742028077791541,0.07427728873239436,0.295,0.0,0.07427728873239436,0.11999999999999997,0.1,0.025,0.05,0.0,0.0,0.08
4.223885,73,26160.642359,medium,1.0,4.0,3,724,7,3,4,3,4,0,0,0,1,0.03224299065420567,0.0,0.0,1.0,1.0,5,True,110,0.09806338028169014,0.6543098591549297,0.3104507042253521,3.3203345070422534,12,65.0,53.0,0.06153846153846154,0.13846153846153847,0.5440905641933269,0.081285046728972,0.295,0.011285046728971983,0.1,0.12,0.09999999999999999,0.025,0.05,0.0,0.03,0.08
4.168542,70,26198.765571,medium,1.0,4.0,3,698,5,2,3,2,3,0,0,0,3,0.005062305295950157,0.014639639639639643,0.0,1.0000000000000024,1.0,5,True,72,0.05577464788732395,0.5594366197183086,0.24777464788732373,0.23130281690140844,7,65.0,49.0,0.046153846153846156,0.13846153846153847,0.7114715903746281,-0.01039720723092448,0.29500000000000026,0.0017718068535825548,0.07783098591549296,0.12000000000000026,0.1,0.025,0.05,0.0,0.09,0.04626056338028169
4.127736,71,26229.385587,medium,1.0,4.0,3,710,6,4,2,4,2,0,0,0,2,0.019158878504672894,0.0,0.0,1.0,1.0,5,True,27,0.03137323943661972,0.4299154929577458,0.16738028169014088,0.7985915492957747,12,65.0,56.0,0.046153846153846156,0.1076923076923077,0.5950439519981606,-0.0162644629458997,0.29500000000000004,0.006705607476635513,0.03702992957746479,0.12000000000000001,0.1,0.025,0.05,0.0,0.06,0.08
1.75398,92,26268.63771,medium,0.6595015576323974,1.6595015576323973,1,920,8,4,4,4,4,0,0,0,0,0.03434579439252195,0.0,0.14699999999999397,0.6360360360360361,0.681333333333327,2,False,189,0.18359154929577465,0.9341971830985921,0.5489295774647884,2.140580985915493,20,65.0,60.0,0.03076923076923077,0.09230769230769231,0.43295085210350415,0.11202102803738269,0.15445765765765704,0.012021028037382682,0.1,0.07632432432432432,0.06813333333333271,0.01,0.0,0.0,0.0,0.08
3.18255,98,26311.39633,medium,0.9769470404984424,2.9769470404984424,2,980,8,4,4,4,4,0,0,0,0,0.0045794392523364445,0.006148648648648644,0.0,0.9333333333333329,1.0,4,True,146,0.12707746478873239,0.9429859154929577,0.5541126760563382,3.9978521126760564,23,65.0,56.0,0.06153846153846154,0.12307692307692308,0.6608632065725953,0.10160280373831776,0.282,0.0016028037383177555,0.1,0.11199999999999996,0.09999999999999999,0.02,0.05,0.0,0.0,0.08
4.234333,84,26348.159882,medium,1.0,4.0,3,833,8,4,4,4,4,0,0,0,0,0.007523364485981294,0.021756756756756715,0.0,0.9999999999999992,1.0,5,True,127,0.10936619718309859,0.8637746478873247,0.49352112676056326,1.390281690140845,19,65.0,57.0,0.06153846153846154,0.12307692307692308,0.6822905144755042,0.10263317757009346,0.2949999999999999,0.0026331775700934525,0.1,0.11999999999999988,0.1,0.025,0.05,0.0,0.0,0.08
4.1338,62,26374.778207,medium,1.0,4.0,3,612,4,0,4,0,4,0,0,0,4,0.0,0.0,0.0,1.0,1.0,5,True,139,0.11672535211267605,0.6026478873239433,0.40098591549295776,4.748309859154929,10,58.0,51.0,0.034482758620689655,0.10344827586206896,0.5028329788662456,-0.01999999999999999,0.295,0.0,0.1,0.12,0.1,0.025,0.05,0.0,0.12,0.08
3.144505,100,26417.393521,medium,0.9376947040498442,2.9376947040498442,2,1000,8,4,4,4,4,0,0,0,0,0.05266355140186906,0.06621621621621672,0.0,0.8198198198198181,1.0,4,True,138,0.11230633802816901,0.8466760563380298,0.6090985915492958,2.551830985915493,23,65.0,56.0,0.06153846153846154,0.12307692307692308,0.5827618564223839,0.11843224299065418,0.2683783783783782,0.01843224299065417,0.1,0.09837837837837816,0.1,0.02,0.05,0.0,0.0,0.08
4.256582,85,26462.05078,medium,1.0,4.0,3,843,8,4,4,4,4,0,0,0,0,0.07394859813083991,0.060135135135135416,0.22749999999999446,0.9999999999999971,0.9999999999999959,5,True,93,0.07640845070422535,0.8477464788732402,0.4564788732394365,3.0591725352112675,20,65.0,54.0,0.06153846153846154,0.15384615384615385,0.42395842789533067,0.12588200934579397,0.2949999999999992,0.02588200934579397,0.1,0.11999999999999963,0.09999999999999959,0.025,0.05,0.0,0.0,0.08
3.135224,100,26503.956607,medium,0.901791277258567,2.901791277258567,2,1000,8,4,4,4,4,0,0,0,0,0.05266355140186835,0.035472972972973166,0.17289999999999597,1.000000000000002,0.9999999999999967,5,True,96,0.08535211267605634,0.9201690140845088,0.6299436619718309,1.8623591549295775,33,65.0,55.0,0.046153846153846156,0.1076923076923077,0.47042601555599317,0.11843224299065393,0.29499999999999993,0.018432242990653925,0.1,0.12000000000000023,0.09999999999999967,0.025,0.05,0.0,0.0,0.08
4.252657,83,26538.731776,medium,1.0,4.0,3,821,8,4,4,4,4,0,0,0,0,0.05644859813084138,0.02222972972972981,0.07070000000000051,0.999999999999999,0.9999999999999963,5,True,96,0.08915492957746479,0.7109295774647897,0.3628732394366194,0.8108450704225352,17,65.0,61.0,0.03076923076923077,0.09230769230769231,0.4937388227328167,0.11975700934579449,0.29499999999999954,0.019757009345794482,0.1,0.11999999999999986,0.09999999999999966,0.025,0.05,0.0,0.0,0.08
3.082497,100,26580.807262,medium,0.891822429906542,2.891822429906542,2,1000,8,4,4,4,4,0,0,0,0,0.017500000000000127,0.0,0.0,0.8592342342342343,1.0,4,True,81,0.0679225352112676,0.9113239436619728,0.5012394366197184,2.3812323943661973,11,65.0,59.0,0.046153846153846156,0.12307692307692308,0.6574369314293437,0.09756690140845076,0.2731081081081081,0.006125000000000044,0.09144190140845071,0.1031081081081081,0.1,0.02,0.05,0.0,0.0,0.08
2.999609,100,26622.515932,medium,0.7975077881619937,2.797507788161994,2,1000,8,4,4,4,4,0,0,0,0,0.05178348909657265,0.041441441441441434,0.16029999999999733,0.8198198198198178,0.9999999999999961,4,True,90,0.06746478873239437,0.9165070422535228,0.6039999999999996,2.8791021126760565,18,65.0,58.0,0.046153846153846156,0.1076923076923077,0.5527608215770752,0.11372281273309622,0.26837837837837775,0.018124221183800426,0.09559859154929579,0.09837837837837811,0.09999999999999962,0.02,0.05,0.0,0.0,0.08
4.251001,78,26663.590607,medium,1.0,4.0,3,772,8,4,4,4,4,0,0,0,0,0.03771806853582558,0.041441441441441434,0.0,1.0000000000000016,1.0,5,True,131,0.12007042253521127,0.8394929577464803,0.4762535211267606,2.514894366197183,21,65.0,55.0,0.06153846153846154,0.12307692307692308,0.4694627428953683,0.11320132398753896,0.2950000000000002,0.013201323987538949,0.1,0.1200000000000002,0.1,0.025,0.05,0.0,0.0,0.08
4.255535,75,26694.266074,medium,1.0,4.0,3,747,8,4,4,4,4,0,0,0,0,0.04352803738317769,0.0,0.048300000000000266,1.0,0.9999999999999976,5,True,104,0.08985915492957747,0.7783661971831,0.38788732394366193,1.7686091549295775,11,65.0,59.0,0.046153846153846156,0.12307692307692308,0.595143706225744,0.1152348130841122,0.2949999999999998,0.01523481308411219,0.1,0.12000000000000002,0.09999999999999977,0.025,0.05,0.0,0.0,0.08
4.24082,86,26729.705651,medium,1.0,4.0,3,858,8,4,4,4,4,0,0,0,0,0.0332009345794392,0.050608108108108354,0.0,0.9999999999999976,1.0,5,True,102,0.07690140845070423,0.7129859154929595,0.43659154929577465,0.6997007042253521,8,65.0,56.0,0.06153846153846154,0.12307692307692308,0.678628373753678,0.11162032710280373,0.2949999999999997,0.011620327102803718,0.1,0.11999999999999968,0.1,0.025,0.05,0.0,0.0,0.08
2.938665,84,26764.394383,medium,0.778816199376947,2.778816199376947,2,835,8,4,4,4,4,0,0,0,0,0.05744548286604374,0.0,0.15766666666666693,0.36036036036036034,0.9999999999999961,2,True,192,0.1707042253521127,0.9154929577464788,0.7549859154929576,4.320492957746479,36,65.0,57.0,0.046153846153846156,0.1076923076923077,0.46734390981720186,0.12010591900311532,0.2032432432432429,0.020105919003115306,0.1,0.04324324324324324,0.09999999999999962,0.01,0.05,0.0,0.0,0.08
4.163947,69,26793.564779,medium,1.0,4.0,3,685,5,2,3,2,3,0,0,0,3,0.024859813084112378,0.0340540540540543,0.0,0.9999999999999988,1.0,5,True,72,0.08366197183098592,0.4264788732394361,0.26540845070422525,0.4322535211267606,14,64.0,58.0,0.046875,0.109375,0.7286402697675354,0.01744741345267878,0.2949999999999999,0.008700934579439332,0.09874647887323944,0.11999999999999986,0.09999999999999999,0.025,0.05,0.0,0.09,0.08
3.014907,88,26830.47594,medium,0.8460280373831776,2.8460280373831774,2,871,8,4,4,4,4,0,0,0,0,0.07233644859812993,0.00520270270270276,0.18689999999999574,0.5547297297297298,0.9999999999999963,3,True,75,0.05545774647887324,0.9405070422535226,0.5699718309859153,3.4157394366197185,27,65.0,59.0,0.046153846153846156,0.1076923076923077,0.4937388227328167,0.10441106686850042,0.23156756756756725,0.025317757009345476,0.07909330985915494,0.06656756756756758,0.09999999999999964,0.015,0.05,0.0,0.0,0.08
4.231018,76,26862.249517,medium,1.0,4.0,3,756,8,4,4,4,4,0,0,0,0,0.032710280373831925,0.032635135135135315,0.0,1.0000000000000022,1.0,5,True,71,0.059559859154929576,0.7414929577464793,0.45354929577464786,1.4588732394366197,15,65.0,59.0,0.03076923076923077,0.09230769230769231,0.5751284533392245,0.09161849249703835,0.29500000000000026,0.011448598130841172,0.08016989436619718,0.12000000000000025,0.1,0.025,0.05,0.0,0.0,0.08
4.091029,68,26900.074842,medium,1.0,4.0,3,673,3,2,1,2,1,0,0,0,5,0.027640186915887106,0.02695945945945959,0.07839999999999661,0.9999999999999988,1.0,5,True,24,0.027887323943661974,0.44340845070422436,0.06385915492957747,0.2963028169014085,1,65.0,60.0,0.03076923076923077,0.09230769230769231,0.7254778580374203,-0.07741044162169303,0.2949999999999999,0.009674065420560487,0.03291549295774648,0.11999999999999984,0.1,0.025,0.05,0.0,0.12,0.05926056338028169
4.246634,77,26932.257735,medium,1.0,4.0,3,768,8,4,4,4,4,0,0,0,0,0.03009345794392438,0.02695945945945959,0.08889999999999616,0.9999999999999998,1.0,5,True,86,0.06661971830985916,0.7725352112676073,0.3380563380281688,0.3753169014084507,6,65.0,55.0,0.046153846153846156,0.12307692307692308,0.7044626211213257,0.10349749901276789,0.295,0.010532710280373536,0.09296478873239436,0.11999999999999995,0.1,0.025,0.05,0.0,0.0,0.07506338028169014
4.243215,73,26962.069013,medium,1.0,4.0,3,723,8,4,4,4,4,0,0,0,0,0.00147196261682243,0.0042567567567567575,0.0,0.9999999999999998,1.0,5,True,91,0.08637323943661972,0.8037746478873249,0.5230985915492955,4.039683098591549,25,65.0,57.0,0.06153846153846154,0.13846153846153847,0.43954357998191845,0.10051518691588786,0.295,0.0005151869158878504,0.1,0.11999999999999995,0.1,0.025,0.05,0.0,0.0,0.08
4.310025,82,26996.287559,medium,1.0,4.0,3,820,8,4,4,4,4,0,0,0,0,0.0770327102803722,0.07331081081081141,0.14769999999999361,0.9999999999999966,1.0,5,True,154,0.1372007042253521,0.6247605633802809,0.37380281690140843,0.1496830985915493,12,65.0,60.0,0.046153846153846156,0.1076923076923077,0.6561612961796947,0.12696144859813027,0.2949999999999996,0.026961448598130267,0.1,0.11999999999999958,0.1,0.025,0.05,0.0,0.0,0.02993661971830986
4.214524,81,27030.475489,medium,1.0,4.0,3,809,8,4,4,4,4,0,0,0,0,0.042850467289718974,0.010878378378378498,0.167299999999997,0.9999999999999993,0.9999999999999961,5,True,68,0.041901408450704225,0.8380845070422543,0.5472676056338028,2.0735915492957746,22,65.0,60.0,0.046153846153846156,0.1076923076923077,0.46847202705188323,0.08042371988942981,0.29499999999999954,0.01499766355140164,0.06542605633802817,0.11999999999999993,0.09999999999999962,0.025,0.05,0.0,0.0,0.08
4.237507,78,27063.296951,medium,1.0,4.0,3,778,8,4,4,4,4,0,0,0,0,0.02077102803738323,0.06006756756756772,0.0,1.000000000000001,1.0,5,True,75,0.07404929577464789,0.7964788732394379,0.5041971830985914,2.502024647887324,18,65.0,54.0,0.046153846153846156,0.12307692307692308,0.5753901713614668,0.10030683164407006,0.29500000000000015,0.0072698598130841304,0.09303697183098593,0.12000000000000012,0.1,0.025,0.05,0.0,0.0,0.08
4.129024,64,27098.479613,medium,1.0,4.0,3,640,4,1,3,1,3,0,0,0,4,0.057990654205607575,0.06432432432432436,0.15300000000000027,0.9999999999999971,0.9999999999999961,5,True,71,0.05630281690140845,0.451211267605633,0.12647887323943663,0.6411619718309859,5,60.0,57.0,0.03333333333333333,0.1,0.6224662261349979,-0.02197615835198101,0.29499999999999926,0.020296728971962653,0.07772711267605634,0.11999999999999966,0.0999999999999996,0.025,0.05,0.0,0.12,0.08
4.261947,74,27128.768376,medium,1.0,4.0,3,738,8,4,4,4,4,0,0,0,0,0.08226635514018579,0.04398648648648646,0.19949999999999568,0.9999999999999981,0.9999999999999959,5,True,75,0.0726056338028169,0.5117464788732389,0.3335774647887321,0.7850704225352113,13,65.0,55.0,0.046153846153846156,0.1076923076923077,0.7546456950949866,0.1207474496511777,0.2949999999999994,0.02879322429906503,0.09195422535211267,0.11999999999999977,0.09999999999999962,0.025,0.05,0.0,0.0,0.08
3.058733,100,27170.192313,medium,0.8465732087227414,2.8465732087227416,2,1000,8,4,4,4,4,0,0,0,0,0.01929906542056084,0.030743243243243408,0.03710000000000017,0.9617117117117121,0.9999999999999982,4,True,99,0.0942781690140845,0.9112676056338054,0.6291830985915492,4.7810035211267605,32,65.0,59.0,0.046153846153846156,0.1076923076923077,0.5706174353911295,0.1067546728971963,0.28540540540540527,0.006754672897196293,0.1,0.11540540540540543,0.09999999999999983,0.02,0.05,0.0,0.0,0.08
4.237816,80,27203.979651,medium,1.0,4.0,3,795,8,4,4,4,4,0,0,0,0,0.02028037383177576,0.0,0.0,1.0,1.0,5,True,96,0.06295774647887324,0.7140563380281705,0.38501408450704183,2.0167781690140845,16,65.0,60.0,0.03076923076923077,0.09230769230769231,0.43828688229617296,0.10231644070027644,0.295,0.0070981308411215156,0.09521830985915493,0.11999999999999997,0.1,0.025,0.05,0.0,0.0,0.08
4.241108,79,27237.609104,medium,1.0,4.0,3,787,8,4,4,4,4,0,0,0,0,0.013738317757009432,0.03972972972972998,0.0,1.0000000000000018,1.0,5,True,120,0.1132394366197183,0.8962253521126783,0.6141408450704224,4.1032394366197185,31,65.0,57.0,0.046153846153846156,0.12307692307692308,0.4819264646305872,0.10480841121495331,0.2950000000000002,0.0048084112149533,0.1,0.12000000000000022,0.1,0.025,0.05,0.0,0.0,0.08
4.210462,73,27268.122368,medium,1.0,4.0,3,728,8,4,4,4,4,0,0,0,0,0.05871495327102749,0.0,0.1315999999999986,1.0,0.9999999999999959,5,True,35,0.040281690140845074,0.6322816901408457,0.29487323943661975,0.4438732394366197,8,65.0,54.0,0.09230769230769231,0.15384615384615385,0.7572172788848208,0.06826150125049342,0.2949999999999996,0.020550233644859618,0.0477112676056338,0.12000000000000001,0.0999999999999996,0.025,0.05,0.0,0.0,0.08
4.239601,74,27298.742867,medium,1.0,4.0,3,733,8,4,4,4,4,0,0,0,0,0.044813084112149446,0.0,0.0,1.0,1.0,5,True,71,0.0622887323943662,0.6126197183098588,0.35966197183098586,1.0388028169014085,17,65.0,61.0,0.046153846153846156,0.1076923076923077,0.6816132780285983,0.09790112873502696,0.295,0.015684579439252305,0.08221654929577465,0.11999999999999998,0.1,0.025,0.05,0.0,0.0,0.08
3.052471,100,27348.461749,medium,0.8471183800623053,2.847118380062305,2,1000,8,4,4,4,4,0,0,0,0,0.046876947040498634,0.041441441441441434,0.045500000000000235,0.8245495495495475,0.9999999999999978,4,True,136,0.11707746478873239,0.9074929577464795,0.6780281690140842,2.1454225352112677,27,65.0,53.0,0.06153846153846154,0.15384615384615385,0.44407512731597354,0.11640693146417452,0.2689459459459455,0.01640693146417452,0.1,0.09894594594594572,0.09999999999999978,0.02,0.05,0.0,0.0,0.08
2.998571,81,27382.460598,medium,0.7957165109034268,2.7957165109034268,2,808,8,4,4,4,4,0,0,0,0,0.006347352024922127,0.016554054054054072,0.0,0.8036036036036028,1.0,3,True,89,0.07720070422535211,0.9267605633802846,0.5521690140845065,1.813257042253521,29,65.0,57.0,0.046153846153846156,0.1076923076923077,0.454464171196811,0.10222157320872274,0.26143243243243236,0.002221573208722744,0.1,0.09643243243243234,0.1,0.015,0.05,0.0,0.0,0.08
1.76109,79,27414.965562,medium,0.6653348909657312,1.665334890965731,1,783,8,4,4,4,4,0,0,0,0,0.030911214953270136,0.0042567567567568035,0.12599999999999612,0.5851126126126124,0.7816666666666612,2,False,72,0.06514084507042253,0.9267605633802842,0.5088169014084504,1.4485739436619718,29,65.0,56.0,0.03076923076923077,0.09230769230769231,0.463251071543052,0.09567455903646144,0.15838018018017963,0.010818925233644548,0.0848556338028169,0.07021351351351349,0.07816666666666613,0.01,0.0,0.0,0.0,0.08
3.184853,100,27456.46554,medium,0.9764018691588785,2.9764018691588783,2,1000,8,4,4,4,4,0,0,0,0,0.01897196261682186,0.013243243243243389,0.061599999999997344,0.931756756756756,1.0,4,True,116,0.10859154929577465,0.8718309859154959,0.6141971830985908,3.5074119718309857,26,65.0,58.0,0.046153846153846156,0.1076923076923077,0.5490004451402073,0.10664018691588766,0.2818108108108107,0.006640186915887651,0.1,0.1118108108108107,0.1,0.02,0.05,0.0,0.0,0.08
4.221627,94,27496.128568,medium,1.0,4.0,3,936,8,4,4,4,4,0,0,0,0,0.055545171339563555,0.041441441441441434,0.05880000000000038,1.0000000000000009,0.9999999999999971,5,True,81,0.05371478873239437,0.7926197183098603,0.48112676056338016,2.426919014084507,24,65.0,61.0,0.03076923076923077,0.09230769230769231,0.36096404744368116,0.10022690151814304,0.2949999999999998,0.01944080996884725,0.08078609154929578,0.12000000000000009,0.09999999999999971,0.025,0.05,0.0,0.0,0.08
4.10913,65,27523.14642,medium,1.0,4.0,3,644,4,1,3,1,3,0,0,0,4,0.013411214953271114,0.03878378378378403,0.0,0.9999999999999983,1.0,5,True,61,0.05778169014084507,0.508760563380281,0.295943661971831,1.2679577464788732,14,61.0,56.0,0.03278688524590164,0.09836065573770492,0.6088283629500034,-0.041469807160721295,0.2949999999999998,0.00469392523364489,0.0738362676056338,0.11999999999999979,0.1,0.025,0.05,0.0,0.12,0.08
4.253361,80,27564.575252,medium,1.0,4.0,3,797,8,4,4,4,4,0,0,0,0,0.057920560747663614,0.017027027027026805,0.0,0.9999999999999996,1.0,5,True,91,0.06971830985915493,0.8178591549295767,0.5880281690140842,6.811461267605634,38,65.0,58.0,0.03076923076923077,0.09230769230769231,0.5490004451402073,0.11806092865604847,0.295,0.020272196261682265,0.09778873239436621,0.11999999999999995,0.1,0.025,0.05,0.0,0.0,0.08
4.225718,85,27605.16281,medium,1.0,4.0,3,845,8,4,4,4,4,0,0,0,0,0.0,0.0,0.0,1.0,1.0,5,True,96,0.06295774647887324,0.8187042253521164,0.38535211267605624,4.149735915492958,15,65.0,59.0,0.03076923076923077,0.09230769230769231,0.515615272166995,0.09521830985915494,0.295,0.0,0.09521830985915494,0.12,0.1,0.025,0.05,0.0,0.0,0.08
4.245886,78,27645.206584,medium,1.0,4.0,3,773,8,4,4,4,4,0,0,0,0,0.023387850467289764,0.06290540540540547,0.0,0.9999999999999971,1.0,5,True,86,0.09063380281690141,0.8986478873239437,0.6011267605633803,4.992341549295775,15,65.0,61.0,0.03076923076923077,0.09230769230769231,0.5602588477750647,0.10818574766355142,0.29499999999999965,0.008185747663551417,0.1,0.11999999999999965,0.1,0.025,0.05,0.0,0.0,0.08
4.269909,82,27686.582118,medium,1.0,4.0,3,811,8,4,4,4,4,0,0,0,0,0.057570093457943956,0.05250000000000027,0.0,0.9999999999999976,1.0,5,True,56,0.04802816901408451,0.9292957746478887,0.47788732394366185,0.14080985915492958,12,65.0,61.0,0.046153846153846156,0.1076923076923077,0.6121507423909758,0.08417065947084376,0.29499999999999965,0.02014953271028038,0.06402112676056337,0.11999999999999965,0.1,0.025,0.05,0.0,0.0,0.02816197183098592
2.834186,80,27726.916019,medium,0.6714485981308412,2.671448598130841,2,792,8,4,4,4,4,0,0,0,0,0.020872274143302193,0.060360360360360396,0.0,0.4552702702702681,1.0,2,True,85,0.08566901408450704,0.9229295774647891,0.7154647887323943,3.097130281690141,30,65.0,57.0,0.046153846153846156,0.1076923076923077,0.43044714961005276,0.10730529595015577,0.21463243243243219,0.007305295950155767,0.1,0.054632432432432175,0.1,0.01,0.05,0.0,0.0,0.08
4.063515,65,27759.896947,medium,1.0,4.0,3,644,1,0,1,0,1,0,0,0,7,0.0,0.0,0.0,1.0,1.0,5,True,24,0.027887323943661974,0.6996056338028172,0.4994929577464789,5.49169014084507,13,64.0,57.0,0.046875,0.109375,0.5920703810934291,-0.08708450704225351,0.295,0.0,0.03291549295774648,0.12,0.09999999999999999,0.025,0.05,0.0,0.12,0.08
4.223728,84,27808.710464,medium,1.0,4.0,3,840,8,4,4,4,4,0,0,0,0,0.0026168224299065587,0.007567567567567616,0.0,1.0000000000000004,1.0,5,True,81,0.06841549295774647,0.7175211267605652,0.48070422535211244,3.046989436619718,24,65.0,60.0,0.046153846153846156,0.12307692307692308,0.556387503131005,0.09272750756877715,0.29500000000000004,0.0009158878504672955,0.09181161971830985,0.12000000000000002,0.1,0.025,0.05,0.0,0.0,0.08
4.126,69,27841.615339,medium,1.0,4.0,3,690,4,0,4,0,4,0,0,0,4,0.0,0.0,0.0,1.0,1.0,5,True,86,0.08683098591549296,0.6495774647887329,0.3538591549295775,1.5090140845070423,16,65.0,58.0,0.046153846153846156,0.1076923076923077,0.5288193640703336,-0.01999999999999999,0.295,0.0,0.1,0.12,0.1,0.025,0.05,0.0,0.12,0.08
4.250455,80,27881.4209,medium,1.0,4.0,3,796,8,4,4,4,4,0,0,0,0,0.04301401869158837,0.0,0.0854000000000003,1.0,0.9999999999999961,5,True,96,0.07605633802816901,0.7855774647887328,0.3398309859154929,1.5625,18,65.0,56.0,0.046153846153846156,0.12307692307692308,0.5094416088413088,0.11505490654205594,0.2949999999999996,0.015054906542055931,0.1,0.11999999999999998,0.0999999999999996,0.025,0.05,0.0,0.0,0.08
4.145595,75,27918.612661,medium,1.0,4.0,3,747,6,4,2,4,2,0,0,0,2,0.04549065420560763,0.0,0.05670000000000036,1.0,0.9999999999999971,5,True,36,0.04183098591549296,0.730225352112678,0.5214929577464787,1.2054401408450703,17,65.0,59.0,0.03076923076923077,0.09230769230769231,0.5621943300707241,0.005294968408582387,0.2949999999999997,0.01592172897196267,0.04937323943661972,0.11999999999999998,0.09999999999999971,0.025,0.05,0.0,0.06,0.08
4.120666,67,27952.279181,medium,1.0,4.0,3,667,4,0,4,0,4,0,0,0,4,0.0,0.0,0.0,1.0,1.0,5,True,96,0.059154929577464786,0.6739718309859166,0.3834929577464787,4.593098591549296,14,63.0,53.0,0.047619047619047616,0.1111111111111111,0.4403101276533194,-0.027633802816901393,0.295,0.0,0.0923661971830986,0.11999999999999998,0.1,0.025,0.05,0.0,0.12,0.08
4.205554,95,27999.14184,medium,1.0,4.0,3,942,8,4,4,4,4,0,0,0,0,0.021752336448598125,0.06290540540540539,0.0,1.0000000000000013,1.0,5,True,74,0.05352112676056338,0.8670422535211285,0.6429859154929576,5.813697183098592,27,65.0,57.0,0.046153846153846156,0.1076923076923077,0.556387503131005,0.08475416282743188,0.29500000000000015,0.007613317757009343,0.07714084507042254,0.12000000000000016,0.1,0.025,0.05,0.0,0.0,0.08
4.146837,60,28029.776822,medium,1.0,4.0,3,596,2,0,2,0,2,0,0,0,6,0.0,0.0,0.0,1.0,1.0,5,True,48,0.05577464788732395,0.3442535211267601,0.16270422535211265,0.17197183098591548,8,58.0,52.0,0.05172413793103448,0.1206896551724138,0.5993642662747609,-0.05416901408450704,0.295,0.0,0.06583098591549295,0.12,0.1,0.025,0.05,0.0,0.12,0.0343943661971831
3.082355,87,28081.624999,medium,0.8610202492211838,2.861020249221184,2,861,8,4,4,4,4,0,0,0,0,0.03009345794392517,0.01277027027027034,0.0,0.9634459459459452,1.0,4,True,78,0.06971830985915493,0.9211267605633826,0.6437183098591546,1.4142781690140844,25,65.0,61.0,0.046153846153846156,0.1076923076923077,0.5273745228798999,0.10182144267474,0.28561351351351344,0.010532710280373812,0.09128873239436619,0.11561351351351341,0.1,0.02,0.05,0.0,0.0,0.08
4.1367,59,28109.590806,medium,1.0,4.0,3,583,4,1,3,1,3,0,0,0,4,0.0,0.0,0.0,1.0,1.0,5,True,89,0.08482394366197184,0.44371830985915445,0.20735211267605635,3.888345070422535,4,55.0,52.0,0.03636363636363636,0.10909090909090909,0.536213580638463,-0.01999999999999999,0.295,0.0,0.1,0.11999999999999998,0.1,0.025,0.05,0.0,0.12,0.08
4.227289,86,28152.146496,medium,1.0,4.0,3,855,8,4,4,4,4,0,0,0,0,0.00637850467289721,0.018445945945945987,0.0,0.9999999999999992,1.0,5,True,84,0.07140845070422536,0.7360563380281712,0.5316619718309858,3.6213556338028168,17,65.0,60.0,0.046153846153846156,0.1076923076923077,0.5173989883542506,0.09778881466368305,0.29499999999999993,0.0022324766355140235,0.09555633802816903,0.11999999999999991,0.1,0.025,0.05,0.0,0.0,0.08
3.046084,82,28192.638587,medium,0.8376401869158878,2.8376401869158876,2,814,8,4,4,4,4,0,0,0,0,0.0004906542056074755,0.0014189189189189157,0.0,0.9358783783783782,1.0,3,True,96,0.059154929577464786,0.9404507042253563,0.5476901408450704,2.0822359154929577,24,65.0,63.0,0.03076923076923077,0.07692307692307693,0.6298674430095392,0.09253792615506122,0.2773054054054053,0.0001717289719626164,0.0923661971830986,0.11230540540540535,0.09999999999999999,0.015,0.05,0.0,0.0,0.08
4.241032,85,28233.422549,medium,1.0,4.0,3,848,8,4,4,4,4,0,0,0,0,0.04118380062305187,0.025450450450450465,0.0,1.0000000000000027,1.0,5,True,90,0.06855633802816902,0.8640563380281706,0.49126760563380245,1.8037323943661971,26,65.0,62.0,0.03076923076923077,0.09230769230769231,0.6081990259130593,0.11083158373919492,0.29500000000000026,0.014414330218068152,0.09641725352112678,0.12000000000000029,0.09999999999999998,0.025,0.05,0.0,0.0,0.08
3.007725,81,28274.377409,medium,0.8502881619937693,2.8502881619937694,2,801,8,4,4,4,4,0,0,0,0,0.0027803738317756605,0.008040540540540424,0.0,0.5670495495495492,1.0,2,True,92,0.05669014084507042,0.9292394366197197,0.6752112676056339,3.524595070422535,28,65.0,59.0,0.03076923076923077,0.09230769230769231,0.5500323389376455,0.08949073647492431,0.2280459459459459,0.0009731308411214812,0.08851760563380283,0.0680459459459459,0.1,0.01,0.05,0.0,0.0,0.08
4.263448,77,28322.857315,medium,1.0,4.0,3,763,8,4,4,4,4,0,0,0,0,0.028948598130841365,0.02979729729729746,0.0,0.9999999999999986,1.0,5,True,69,0.053450704225352114,0.8548169014084548,0.38433802816901375,0.19985915492957745,17,65.0,54.0,0.06153846153846154,0.13846153846153847,0.7721662646239852,0.08472003751480855,0.2949999999999998,0.010132009345794477,0.07458802816901408,0.11999999999999982,0.1,0.025,0.05,0.0,0.0,0.0399718309859155
3.144897,100,28371.047252,medium,0.9376947040498442,2.9376947040498442,2,1000,8,4,4,4,4,0,0,0,0,0.05495327102803603,0.0,0.18479999999999627,0.8198198198198198,0.9999999999999959,4,True,95,0.06945422535211268,0.79723943661972,0.3966478873239436,1.8259507042253522,16,65.0,57.0,0.046153846153846156,0.1076923076923077,0.5434649261690487,0.11882431387389711,0.26837837837837797,0.01923364485981261,0.0995906690140845,0.09837837837837837,0.0999999999999996,0.02,0.05,0.0,0.0,0.08
4.221267,78,28409.379915,medium,1.0,4.0,3,778,8,4,4,4,4,0,0,0,0,0.04876168224299076,0.047770270270270386,0.0,1.0000000000000016,1.0,5,True,59,0.05,0.7301408450704234,0.4771267605633799,1.5679225352112676,16,65.0,61.0,0.03076923076923077,0.09230769230769231,0.5024121190503882,0.08406658878504675,0.2950000000000002,0.017066588785046764,0.06699999999999999,0.1200000000000002,0.1,0.025,0.05,0.0,0.0,0.08
4.232318,87,28451.077233,medium,1.0,4.0,3,867,8,4,4,4,4,0,0,0,0,0.01563862928348911,0.04522522522522526,0.0,0.9999999999999978,1.0,5,True,82,0.07672535211267606,0.7702535211267633,0.5239154929577462,0.888169014084507,25,65.0,59.0,0.03076923076923077,0.09230769230769231,0.5824184687628542,0.10401753433372826,0.29499999999999976,0.005473520249221188,0.09854401408450707,0.11999999999999975,0.1,0.025,0.05,0.0,0.0,0.08
4.1287,67,28482.152333,medium,1.0,4.0,3,663,4,0,4,0,4,0,0,0,4,0.0,0.0,0.0,1.0,1.0,5,True,171,0.14630281690140845,0.47695774647887274,0.30377464788732395,1.4784154929577464,14,63.0,55.0,0.047619047619047616,0.12698412698412698,0.44700061814879555,-0.01999999999999999,0.295,0.0,0.1,0.12,0.1,0.025,0.05,0.0,0.12,0.08
4.225871,78,28520.584872,medium,1.0,4.0,3,780,8,4,4,4,4,0,0,0,0,0.011526479750778813,0.0,0.0,1.0,1.0,5,True,75,0.06311619718309859,0.7312957746478896,0.30571830985915477,1.1317605633802816,12,65.0,58.0,0.046153846153846156,0.1076923076923077,0.5066906388060198,0.08887141580009653,0.295,0.004034267912772584,0.08483714788732394,0.11999999999999997,0.1,0.025,0.05,0.0,0.0,0.08
3.024617,100,28580.117031,medium,0.8041277258566978,2.8041277258566977,2,1000,8,4,4,4,4,0,0,0,0,0.025919003115264905,0.07495495495495526,0.0,1.0,1.0,5,True,90,0.06855633802816902,0.9081690140845078,0.45526760563380264,1.4797887323943661,19,65.0,57.0,0.03076923076923077,0.09230769230769231,0.556387503131005,0.1054889046114695,0.29499999999999993,0.009071651090342714,0.09641725352112678,0.11999999999999995,0.09999999999999999,0.025,0.05,0.0,0.0,0.08
4.235578,95,28628.385024,medium,1.0,4.0,3,946,8,4,4,4,4,0,0,0,0,0.043364485981307994,0.0,0.04759999999999795,1.0,1.0,5,True,168,0.14661971830985915,0.8918028169014118,0.4825070422535209,0.5184859154929577,26,65.0,57.0,0.046153846153846156,0.1076923076923077,0.41992239415273624,0.1151775700934578,0.29500000000000004,0.015177570093457797,0.1,0.12000000000000002,0.09999999999999999,0.025,0.05,0.0,0.0,0.08
4.282857,74,28664.246241,medium,1.0,4.0,3,738,7,4,3,4,3,0,0,0,1,0.07032710280373748,0.036418918918919144,0.12669999999999776,1.000000000000002,0.9999999999999968,5,True,56,0.06507042253521127,0.6418028169014085,0.16205633802816904,0.048802816901408454,6,65.0,58.0,0.06153846153846154,0.12307692307692308,0.6822905144755042,0.07141730288271655,0.29499999999999993,0.024614485981308117,0.07680281690140844,0.1200000000000002,0.0999999999999997,0.025,0.05,0.0,0.03,0.009760563380281691
4.260502,76,28701.098,medium,1.0,4.0,3,754,8,4,4,4,4,0,0,0,0,0.059719626168223905,0.01939189189189194,0.15189999999999773,1.0000000000000029,0.9999999999999959,5,True,186,0.18126760563380281,0.7638028169014094,0.534732394366197,3.349419014084507,24,65.0,61.0,0.03076923076923077,0.09230769230769231,0.6232119200246748,0.12090186915887838,0.29499999999999993,0.02090186915887837,0.1,0.12000000000000036,0.09999999999999959,0.025,0.05,0.0,0.0,0.08
4.248554,81,28742.414047,medium,1.0,4.0,3,807,8,4,4,4,4,0,0,0,0,0.04072429906542061,0.057229729729729686,0.0,1.0,1.0,5,True,92,0.08070422535211268,0.8842535211267626,0.49411267605633763,2.6305281690140845,19,65.0,60.0,0.03076923076923077,0.09230769230769231,0.5424238767248952,0.11425350467289722,0.295,0.014253504672897212,0.1,0.12,0.1,0.025,0.05,0.0,0.0,0.08
2.882356,76,28780.743508,medium,0.6959813084112151,2.695981308411215,2,754,8,4,4,4,4,0,0,0,0,0.05322429906542076,0.0606756756756759,0.0,0.5262162162162138,1.0,2,True,140,0.13253521126760565,0.9429859154929601,0.6163661971830987,2.8237147887323943,33,65.0,59.0,0.03076923076923077,0.09230769230769231,0.5687404430125014,0.11862850467289728,0.22314594594594567,0.018628504672897266,0.1,0.06314594594594564,0.1,0.01,0.05,0.0,0.0,0.08
3.194998,96,28827.633014,medium,0.9835669781931464,2.9835669781931466,2,959,8,4,4,4,4,0,0,0,0,0.008668224299065459,0.02506756756756768,0.0,0.9524774774774762,1.0,4,True,154,0.13964788732394368,0.915492957746479,0.5903098591549294,2.6979225352112675,40,65.0,57.0,0.046153846153846156,0.1076923076923077,0.5673234486580977,0.10303387850467291,0.28429729729729714,0.0030338785046729105,0.1,0.11429729729729714,0.1,0.02,0.05,0.0,0.0,0.08
4.08204,65,28866.723616,medium,1.0,4.0,3,643,2,0,2,0,2,0,0,0,6,0.0,0.0,0.0,1.0,1.0,5,True,44,0.03911971830985916,0.5425633802816894,0.20047887323943664,0.9154929577464789,6,63.0,51.0,0.047619047619047616,0.14285714285714285,0.5671844062953831,-0.06866021126760563,0.295,0.0,0.051339788732394365,0.11999999999999998,0.09999999999999999,0.025,0.05,0.0,0.12,0.08
3.133173,100,28917.271701,medium,0.925778816199377,2.9257788161993767,2,1000,8,4,4,4,4,0,0,0,0,0.0716588785046728,0.03168918918918936,0.12179999999999902,0.7853603603603606,0.9999999999999959,4,True,96,0.06676056338028169,0.9398591549295777,0.7085070422535206,2.8069718309859155,40,65.0,58.0,0.03076923076923077,0.09230769230769231,0.6471117184204564,0.12315103001184675,0.2642432432432429,0.025080607476635475,0.09807042253521128,0.09424324324324326,0.09999999999999963,0.02,0.05,0.0,0.0,0.08
4.1314,64,28948.698697,medium,1.0,4.0,3,636,4,0,4,0,4,0,0,0,4,0.0,0.0,0.0,1.0,1.0,5,True,96,0.1115492957746479,0.4443661971830977,0.15019718309859154,0.6897887323943662,6,60.0,55.0,0.05,0.11666666666666667,0.7325018952124841,-0.01999999999999999,0.295,0.0,0.1,0.11999999999999998,0.09999999999999999,0.025,0.05,0.0,0.12,0.08
4.236462,81,28989.626427,medium,1.0,4.0,3,810,8,4,4,4,4,0,0,0,0,0.010303738317756888,0.020337837837837897,0.0,1.0000000000000016,1.0,5,True,85,0.07514084507042254,0.8174647887323954,0.4765633802816902,1.3955281690140846,17,65.0,57.0,0.046153846153846156,0.1076923076923077,0.4956321302677144,0.1024619422140318,0.2950000000000002,0.0036063084112149106,0.0988556338028169,0.12000000000000018,0.1,0.025,0.05,0.0,0.0,0.08
3.050328,81,29029.662878,medium,0.860202492211838,2.860202492211838,2,805,8,4,4,4,4,0,0,0,0,0.040397196261682394,0.0,0.09939999999999988,0.5957207207207207,0.9999999999999961,3,True,75,0.08714788732394366,0.9292394366197205,0.6092957746478871,3.6651584507042254,28,65.0,59.0,0.03076923076923077,0.09230769230769231,0.5067937658997783,0.11413901869158884,0.23648648648648607,0.014139018691588836,0.1,0.07148648648648645,0.0999999999999996,0.015,0.05,0.0,0.0,0.08
4.096311,56,29057.39338,medium,1.0,4.0,3,559,2,1,1,1,1,0,0,0,6,0.023551401869157863,0.0,0.10079999999999566,1.0,1.0,5,True,13,0.010070422535211268,0.4107605633802807,0.2279718309859153,0.2254225352112676,9,54.0,43.0,0.07407407407407407,0.18518518518518517,0.5168972239833359,-0.0977041924443863,0.29500000000000004,0.008242990654205251,0.01405281690140845,0.12000000000000002,0.1,0.025,0.05,0.0,0.12,0.04508450704225353
4.289503,92,29109.870522,medium,1.0,4.0,3,913,8,4,4,4,4,0,0,0,0,0.03175233644859826,0.0,0.0,1.0,1.0,5,True,94,0.08302816901408451,0.81205633802817,0.3414929577464788,0.12654929577464788,9,65.0,60.0,0.03076923076923077,0.09230769230769231,0.47774205847148465,0.11111331775700939,0.29500000000000004,0.01111331775700939,0.1,0.12000000000000002,0.1,0.025,0.05,0.0,0.0,0.025309859154929577
3.125545,82,29149.147729,medium,0.9151323987538942,2.915132398753894,2,816,8,4,4,4,4,0,0,0,0,0.04704049844236793,0.05704954954954971,0.011199999999999986,0.7545720720720693,0.9999999999999996,3,True,96,0.10225352112676056,0.9179718309859157,0.7565633802816899,2.5023591549295774,39,65.0,54.0,0.046153846153846156,0.12307692307692308,0.3096910973393819,0.11646417445482878,0.2555486486486483,0.016464174454828773,0.1,0.09054864864864834,0.09999999999999996,0.015,0.05,0.0,0.0,0.08
2.098116,100,29199.260262,medium,0.960981308411215,1.960981308411215,1,1000,8,4,4,4,4,0,0,0,0,0.00032710280373831783,0.0009459459459459462,0.0,1.0,0.833,5,False,82,0.06362676056338028,0.9054366197183091,0.572901408450704,2.2522535211267605,26,65.0,58.0,0.046153846153846156,0.1076923076923077,0.6671971202426654,0.08883455640384362,0.22830000000000003,0.00011448598130841124,0.08872007042253521,0.12000000000000001,0.08330000000000001,0.025,0.0,0.0,0.0,0.08
4.25565,81,29238.348287,medium,1.0,4.0,3,806,8,4,4,4,4,0,0,0,0,0.003348909657320873,0.0,0.0,1.0,1.0,5,True,78,0.09063380281690141,0.6308450704225357,0.4394647887323941,0.299612676056338,16,65.0,56.0,0.03076923076923077,0.09230769230769231,0.4229022669115576,0.1011721183800623,0.295,0.0011721183800623054,0.1,0.11999999999999998,0.1,0.025,0.05,0.0,0.0,0.0599225352112676
1.853081,78,29275.346485,medium,0.7631308411214943,1.7631308411214943,1,773,8,4,4,4,4,0,0,0,0,0.048247663551401004,0.06810810810810868,0.10569999999999544,0.6307432432432403,0.5326999999999954,2,False,95,0.058538732394366196,0.9292394366197194,0.6958873239436616,3.5631514084507043,25,65.0,59.0,0.046153846153846156,0.1076923076923077,0.4819264646305872,0.108290731538765,0.13895918918918843,0.016886682242990354,0.09140404929577466,0.07568918918918885,0.053269999999999554,0.01,0.0,0.0,0.0,0.08
4.162365,66,29307.273788,medium,1.0,4.0,3,657,2,0,2,0,2,0,0,0,6,0.0,0.0,0.0,1.0,1.0,5,True,71,0.06066901408450704,0.5119154929577461,0.2810422535211267,0.1396830985915493,13,64.0,55.0,0.0625,0.140625,0.6514270875765673,-0.03899823943661972,0.295,0.0,0.08100176056338028,0.12,0.1,0.025,0.05,0.0,0.12,0.027936619718309862
4.064177,67,29342.058617,medium,1.0,4.0,3,662,2,1,1,1,1,0,0,0,6,0.007032710280373853,0.020337837837837897,0.0,0.9999999999999992,1.0,5,True,24,0.027887323943661974,0.7612394366197176,0.4523943661971828,2.1522183098591547,19,65.0,59.0,0.03076923076923077,0.09230769230769231,0.47774205847148465,-0.08462305844412267,0.2949999999999999,0.002461448598130848,0.03291549295774648,0.11999999999999988,0.1,0.025,0.05,0.0,0.12,0.08
4.243213,75,29388.241173,medium,1.0,4.0,3,745,8,4,4,4,4,0,0,0,0,0.03156542056074793,0.037364864864865094,0.0,1.0000000000000018,1.0,5,True,74,0.07288732394366197,0.6463661971830996,0.376619718309859,1.867130281690141,17,65.0,58.0,0.046153846153846156,0.1076923076923077,0.6354243207826399,0.10271339015400827,0.2950000000000002,0.011047897196261775,0.0916654929577465,0.12000000000000022,0.1,0.025,0.05,0.0,0.0,0.08
4.212833,72,29423.191446,medium,1.0,4.0,3,712,7,3,4,3,4,0,0,0,1,0.0011448598130841133,0.003310810810810814,0.0,1.0000000000000007,1.0,5,True,77,0.08017605633802817,0.6212394366197189,0.367830985915493,2.258838028169014,16,65.0,57.0,0.046153846153846156,0.1076923076923077,0.5288193640703336,0.0690327431881006,0.2950000000000001,0.00040070093457943964,0.09863204225352115,0.12000000000000008,0.1,0.025,0.05,0.0,0.03,0.08
4.260393,76,29461.20275,medium,1.0,4.0,3,751,8,4,4,4,4,0,0,0,0,0.058551401869157145,0.03405405405405397,0.15049999999999414,0.9999999999999993,0.9999999999999994,5,True,96,0.1115492957746479,0.6142253521126756,0.34847887323943627,0.7422535211267606,15,65.0,59.0,0.03076923076923077,0.09230769230769231,0.6756353654569816,0.120492990654205,0.2949999999999999,0.020492990654205002,0.1,0.11999999999999993,0.09999999999999996,0.025,0.05,0.0,0.0,0.08
1.682771,79,29499.686705,medium,0.6466510903426791,1.646651090342679,1,790,8,4,4,4,4,0,0,0,0,0.004742990654205603,0.008986486486486474,0.0,0.6538288288288284,0.0,3,False,183,0.17165492957746478,0.9154929577464799,0.6939436619718305,2.000211267605634,38,65.0,58.0,0.06153846153846154,0.13846153846153847,0.41580383900360823,0.10166004672897197,0.09345945945945938,0.001660046728971961,0.1,0.07845945945945938,0.0,0.015,0.0,0.0,0.0,0.08
3.153877,100,29549.140915,medium,0.9566355140186915,2.9566355140186915,2,1000,8,4,4,4,4,0,0,0,0,0.006542056074766289,0.018918918918918726,0.0,0.874594594594594,1.0,4,True,90,0.07669014084507042,0.9165633802816897,0.6206197183098591,3.9563556338028167,27,65.0,57.0,0.046153846153846156,0.1076923076923077,0.6354243207826399,0.1022897196261682,0.2749513513513513,0.002289719626168201,0.1,0.10495135135135128,0.1,0.02,0.05,0.0,0.0,0.08
4.252903,80,29587.458649,medium,1.0,4.0,3,799,8,4,4,4,4,0,0,0,0,0.05086448598130722,0.0,0.2176999999999949,1.0,0.9999999999999959,5,True,140,0.11246478873239436,0.7315492957746478,0.33061971830985926,1.1987676056338028,16,65.0,59.0,0.03076923076923077,0.09230769230769231,0.6909346664904245,0.11780257009345753,0.2949999999999996,0.017802570093457527,0.1,0.12000000000000002,0.09999999999999959,0.025,0.05,0.0,0.0,0.08
2.981876,100,29647.674351,medium,0.7957165109034268,2.7957165109034268,2,1000,8,4,4,4,4,0,0,0,0,0.0346105919003116,0.041441441441441434,0.037099999999999786,0.8146396396396376,0.9999999999999987,3,True,78,0.06971830985915493,0.9154929577464805,0.6354929577464787,2.4870950704225354,31,65.0,59.0,0.03076923076923077,0.09230769230769231,0.40256250373234115,0.10340243955947524,0.26275675675675636,0.012113707165109058,0.09128873239436619,0.09775675675675649,0.09999999999999987,0.015,0.05,0.0,0.0,0.08
4.235426,80,29687.180618,medium,1.0,4.0,3,799,8,4,4,4,4,0,0,0,0,0.03335669781931462,0.024099099099099113,0.0,0.9999999999999988,1.0,5,True,76,0.06753521126760563,0.7696056338028185,0.562281690140845,2.732112676056338,20,65.0,55.0,0.046153846153846156,0.1076923076923077,0.5406105975399543,0.10032625268746434,0.2949999999999999,0.011674844236760117,0.08865140845070422,0.11999999999999986,0.1,0.025,0.05,0.0,0.0,0.08
3.116529,85,29729.263956,medium,0.9109034267912767,2.910903426791277,2,844,8,4,4,4,4,0,0,0,0,0.02273364485981259,0.032635135135135135,0.0,0.8308558558558544,1.0,4,True,96,0.059154929577464786,0.9179718309859178,0.6985915492957745,3.3301408450704226,40,65.0,61.0,0.03076923076923077,0.09230769230769231,0.5024450107789548,0.10032297288403301,0.2697027027027025,0.007956775700934407,0.0923661971830986,0.09970270270270253,0.09999999999999999,0.02,0.05,0.0,0.0,0.08
4.251161,75,29765.408676,medium,1.0,4.0,3,745,8,4,4,4,4,0,0,0,0,0.034042056074766416,0.005202702702702701,0.0,1.0000000000000009,1.0,5,True,72,0.08366197183098592,0.7177464788732411,0.37614084507042234,1.7638204225352112,22,65.0,61.0,0.03076923076923077,0.09230769230769231,0.7428395680223859,0.11066119849940768,0.29500000000000004,0.011914719626168243,0.09874647887323944,0.12000000000000006,0.09999999999999999,0.025,0.05,0.0,0.0,0.08
3.165612,100,29814.964162,medium,0.9513239875389408,2.9513239875389408,2,1000,8,4,4,4,4,0,0,0,0,0.060514018691588296,0.06290540540540555,0.0,0.8592342342342314,1.0,4,True,94,0.08683098591549296,0.8785915492957772,0.4934366197183096,2.370704225352113,23,65.0,57.0,0.046153846153846156,0.12307692307692308,0.595143706225744,0.12117990654205592,0.27310810810810776,0.02117990654205591,0.1,0.10310810810810778,0.1,0.02,0.05,0.0,0.0,0.08
4.127616,60,29843.414812,medium,1.0,4.0,3,600,4,1,3,1,3,0,0,0,4,0.03862149532710288,0.018445945945945987,0.0,1.0000000000000029,1.0,5,True,72,0.05746478873239436,0.5690985915492952,0.30532394366197185,2.154260563380282,12,56.0,47.0,0.05357142857142857,0.125,0.4245460829233005,-0.02738388508621821,0.2950000000000003,0.013517523364486006,0.07909859154929579,0.12000000000000033,0.1,0.025,0.05,0.0,0.12,0.08
4.230582,79,29890.108458,medium,1.0,4.0,3,783,8,4,4,4,4,0,0,0,0,0.0024532710280373805,0.007094594594594587,0.0,0.9999999999999996,1.0,5,True,75,0.07403169014084507,0.7306478873239454,0.23864788732394346,0.8505633802816901,7,65.0,56.0,0.046153846153846156,0.1076923076923077,0.7302590139962343,0.09388241246544689,0.29499999999999993,0.0008586448598130831,0.0930237676056338,0.11999999999999994,0.1,0.025,0.05,0.0,0.0,0.08
3.166562,89,29932.281916,medium,0.9475077881619938,2.9475077881619938,2,887,8,4,4,4,4,0,0,0,0,0.0456308411214944,0.0,0.14769999999999578,0.8481981981981982,0.9999999999999979,4,True,96,0.1115492957746479,0.9291830985915491,0.771577464788732,4.185475352112676,41,65.0,55.0,0.046153846153846156,0.1076923076923077,0.40008840380660676,0.11597079439252306,0.27178378378378354,0.015970794392523045,0.1,0.10178378378378376,0.0999999999999998,0.02,0.05,0.0,0.0,0.08
4.241734,80,29971.890558,medium,1.0,4.0,3,797,8,4,4,4,4,0,0,0,0,0.042196261682242164,0.0,0.18059999999999646,1.0,0.9999999999999959,5,True,74,0.07288732394366197,0.7618873239436627,0.5059999999999999,2.29875,18,65.0,54.0,0.046153846153846156,0.12307692307692308,0.5024450107789548,0.10643418454653124,0.2949999999999996,0.014768691588784754,0.09166549295774648,0.11999999999999998,0.09999999999999959,0.025,0.05,0.0,0.0,0.08
4.2389,77,30010.605908,medium,1.0,4.0,3,761,8,4,4,4,4,0,0,0,0,0.0,0.0,0.0,1.0,1.0,5,True,74,0.08598591549295774,0.6034084507042253,0.2961408450704226,3.9633450704225353,12,65.0,62.0,0.03076923076923077,0.09230769230769231,0.6298674430095392,0.1,0.295,0.0,0.1,0.12,0.1,0.025,0.05,0.0,0.0,0.08
4.253954,76,30048.761491,medium,1.0,4.0,3,757,8,4,4,4,4,0,0,0,0,0.04186915887850422,0.02128378378378347,0.08609999999999776,0.9999999999999993,0.9999999999999984,5,True,96,0.07985915492957746,0.6444507042253531,0.3307042253521125,0.9614084507042253,21,65.0,62.0,0.03076923076923077,0.09230769230769231,0.7203393655149667,0.11465420560747648,0.29499999999999976,0.014654205607476475,0.1,0.11999999999999993,0.09999999999999985,0.025,0.05,0.0,0.0,0.08
4.210701,83,30088.170097,medium,1.0,4.0,3,827,8,4,4,4,4,0,0,0,0,0.01782710280373845,0.051554054054054436,0.0,1.0000000000000013,1.0,5,True,75,0.04621478873239437,0.7823380281690149,0.5303943661971828,5.329154929577465,22,65.0,60.0,0.03076923076923077,0.09230769230769231,0.4398477517361177,0.07840057753060423,0.29500000000000015,0.006239485981308457,0.07216109154929577,0.12000000000000015,0.1,0.025,0.05,0.0,0.0,0.08
4.062509,66,30122.01039,medium,1.0,4.0,3,655,4,3,1,3,1,0,0,0,4,0.06764018691588712,0.0,0.11100000000000027,1.0,0.9999999999999961,5,True,8,0.007112676056338028,0.6412394366197179,0.4070985915492955,2.80931338028169,24,62.0,53.0,0.04838709677419355,0.12903225806451613,0.6640874462615486,-0.08699142753718597,0.2949999999999996,0.023674065420560494,0.00933450704225352,0.11999999999999998,0.09999999999999962,0.025,0.05,0.0,0.12,0.08
3.028977,79,30170.902495,medium,0.8536604361370717,2.853660436137072,2,789,8,4,4,4,4,0,0,0,0,0.0,0.0,0.0,0.5768018018018019,1.0,3,True,102,0.09605633802816901,0.9398309859154946,0.48154929577464767,1.0934154929577464,21,65.0,55.0,0.07692307692307693,0.16923076923076924,0.6680884203136572,0.1,0.23421621621621624,0.0,0.1,0.06921621621621622,0.1,0.015,0.05,0.0,0.0,0.08
4.151305,71,30205.735515,medium,1.0,4.0,3,702,6,2,4,2,4,0,0,0,2,0.004742990654205601,0.013716216216216198,0.0,1.0000000000000024,1.0,5,True,53,0.05112676056338028,0.5520845070422532,0.35997183098591545,1.6542605633802816,15,65.0,55.0,0.046153846153846156,0.13846153846153847,0.5573649883460283,0.006505117151507173,0.2950000000000003,0.0016600467289719604,0.0648450704225352,0.12000000000000029,0.1,0.025,0.05,0.0,0.06,0.08
3.150906,78,30245.466631,medium,0.9268769470404985,2.9268769470404985,2,778,8,4,4,4,4,0,0,0,0,0.06344236760124594,0.05770270270270266,0.06433333333333333,0.7885360360360335,0.9999999999999968,3,True,94,0.09612676056338028,0.9179718309859161,0.599887323943662,2.392323943661972,18,65.0,58.0,0.03076923076923077,0.09230769230769231,0.6023921989733403,0.12220482866043608,0.2596243243243237,0.02220482866043608,0.1,0.09462432432432402,0.09999999999999969,0.015,0.05,0.0,0.0,0.08
4.2341,81,30284.579353,medium,1.0,4.0,3,809,8,4,4,4,4,0,0,0,0,0.0,0.0,0.0,1.0,1.0,5,True,96,0.08535211267605634,0.647802816901409,0.32960563380281693,1.707007042253521,12,65.0,56.0,0.046153846153846156,0.12307692307692308,0.4944319615488406,0.1,0.295,0.0,0.1,0.12,0.1,0.025,0.05,0.0,0.0,0.08
4.250113,75,30319.811689,medium,1.0,4.0,3,749,7,4,3,4,3,0,0,0,1,0.02453271028037377,0.0,0.0,1.0,1.0,5,True,135,0.11757042253521127,0.6163380281690141,0.34033802816901404,0.24286971830985915,14,65.0,55.0,0.046153846153846156,0.13846153846153847,0.5501883859848509,0.07858644859813083,0.295,0.00858644859813082,0.1,0.11999999999999995,0.1,0.025,0.05,0.0,0.03,0.048573943661971826
3.110694,83,30360.332187,medium,0.9034267912772586,2.9034267912772584,2,829,8,4,4,4,4,0,0,0,0,0.03908878504672853,0.0,0.05039999999999889,0.7207207207207207,0.9999999999999989,4,True,87,0.08799295774647888,0.9366760563380273,0.7103661971830987,6.803239436619719,27,65.0,54.0,0.046153846153846156,0.1076923076923077,0.4937388227328167,0.11368107476635499,0.25648648648648636,0.013681074766354986,0.1,0.08648648648648646,0.09999999999999991,0.02,0.05,0.0,0.0,0.08
4.246755,76,30404.171789,medium,1.0,4.0,3,754,8,4,4,4,4,0,0,0,0,0.02044392523364497,0.029324324324324483,0.0,0.9999999999999986,1.0,5,True,111,0.10494718309859155,0.7015211267605644,0.5054366197183099,1.5955105633802817,19,65.0,59.0,0.046153846153846156,0.1076923076923077,0.5573649883460283,0.10715537383177574,0.2949999999999998,0.007155373831775739,0.1,0.11999999999999983,0.1,0.025,0.05,0.0,0.0,0.08
4.185929,70,30437.113974,medium,1.0,4.0,3,693,6,2,4,2,4,0,0,0,2,0.000654205607476636,0.0018918918918918932,0.0,1.0,1.0,5,True,92,0.08346830985915493,0.558929577464788,0.1823098591549296,1.1043838028169015,6,64.0,57.0,0.046875,0.109375,0.768888109105847,0.040228971962616836,0.295,0.00022897196261682258,0.1,0.12,0.1,0.025,0.05,0.0,0.06,0.08
4.048626,70,30472.791268,medium,1.0,4.0,3,695,4,4,0,4,0,0,0,0,4,0.06607476635513967,0.01844594594594615,0.0,0.9999999999999992,1.0,5,True,0,0.0,0.5747605633802813,0.3366197183098592,1.3548591549295774,14,65.0,60.0,0.03076923076923077,0.09230769230769231,0.6706551447830631,-0.09687383177570111,0.29499999999999993,0.023126168224298888,0.0,0.11999999999999991,0.1,0.025,0.05,0.0,0.12,0.08
4.240772,91,30518.230532,medium,1.0,4.0,3,910,8,4,4,4,4,0,0,0,0,0.047920560747663626,0.060540540540540796,0.022399999999999528,0.9999999999999971,0.9999999999999996,5,True,98,0.07785211267605634,0.776450704225353,0.574647887323943,1.9462147887323944,28,65.0,56.0,0.046153846153846156,0.1076923076923077,0.4079884482739924,0.11677219626168228,0.2949999999999996,0.016772196261682273,0.1,0.11999999999999963,0.09999999999999995,0.025,0.05,0.0,0.0,0.08
4.23077,88,30562.988325,medium,1.0,4.0,3,871,8,4,4,4,4,0,0,0,0,0.04123831775700945,0.026013513513513636,0.0,0.9999999999999988,1.0,5,True,78,0.06591549295774649,0.7208450704225352,0.5642253521126757,1.0049647887323945,24,65.0,56.0,0.046153846153846156,0.13846153846153847,0.3249387093201824,0.10287003093326316,0.2949999999999998,0.014433411214953307,0.08843661971830985,0.11999999999999984,0.09999999999999999,0.025,0.05,0.0,0.0,0.08
4.232822,73,30598.682492,medium,1.0,4.0,3,724,8,4,4,4,4,0,0,0,0,0.011549844236760141,0.03340090090090095,0.0,1.0000000000000024,1.0,5,True,85,0.05823943661971831,0.6718873239436616,0.38878873239436623,2.9288732394366197,10,65.0,58.0,0.03076923076923077,0.09230769230769231,0.556387503131005,0.09022202294765477,0.29500000000000026,0.004042445482866049,0.08617957746478873,0.12000000000000027,0.1,0.025,0.05,0.0,0.0,0.08
4.261959,71,30633.21867,medium,1.0,4.0,3,705,8,4,4,4,4,0,0,0,0,0.0498831775700929,0.027905405405405547,0.10919999999999874,0.9999999999999988,0.9999999999999967,5,True,95,0.0885387323943662,0.5184788732394361,0.3115492957746479,1.1572535211267605,15,63.0,58.0,0.031746031746031744,0.09523809523809523,0.5407323566416898,0.11745911214953252,0.29499999999999954,0.01745911214953251,0.1,0.11999999999999984,0.09999999999999967,0.025,0.05,0.0,0.0,0.08
3.111818,76,30677.741359,medium,0.9084501557632398,2.90845015576324,2,753,8,4,4,4,4,0,0,0,0,0.01553738317757006,0.044932432432432334,0.0,0.7352477477477458,1.0,3,True,131,0.13311619718309858,0.9154929577464803,0.6710140845070419,3.046830985915493,36,65.0,58.0,0.03076923076923077,0.09230769230769231,0.5370168077145911,0.10543808411214953,0.25322972972972946,0.005438084112149522,0.1,0.08822972972972948,0.1,0.015,0.05,0.0,0.0,0.08
3.058691,94,30722.780923,medium,0.8858255451713396,2.8858255451713397,2,932,8,4,4,4,4,0,0,0,0,0.001962616822429908,0.00567567567567568,0.0,0.6698198198198196,1.0,3,True,151,0.1317781690140845,0.915492957746479,0.7178591549295777,3.9705985915492956,33,65.0,60.0,0.03076923076923077,0.09230769230769231,0.4550414001713778,0.10068691588785048,0.24537837837837834,0.0006869158878504678,0.1,0.08037837837837834,0.09999999999999999,0.015,0.05,0.0,0.0,0.08
4.165181,65,30753.97833,medium,1.0,4.0,3,641,4,1,3,1,3,0,0,0,4,0.029766355140186537,0.05060810810810848,0.05249999999999785,0.9999999999999976,0.9999999999999999,5,True,50,0.058098591549295774,0.38104225352112586,0.12366197183098594,0.12355633802816901,8,61.0,54.0,0.06557377049180328,0.13114754098360656,0.6511828765486682,-0.04100783203896287,0.2949999999999997,0.010418224299065287,0.06857394366197184,0.11999999999999969,0.1,0.025,0.05,0.0,0.12,0.024711267605633802
4.205919,74,30790.25357,medium,1.0,4.0,3,739,7,4,3,4,3,0,0,0,1,0.07687694704049862,0.028851351351351504,0.1483333333333336,1.0000000000000024,0.9999999999999961,5,True,51,0.05654929577464789,0.5576338028169002,0.23726760563380275,0.5086619718309859,3,65.0,52.0,0.06153846153846154,0.15384615384615385,0.5368067144913293,0.06481890329516042,0.2949999999999999,0.026906931464174513,0.0679119718309859,0.12000000000000025,0.0999999999999996,0.025,0.05,0.0,0.03,0.08
4.166917,72,30825.330328,medium,1.0,4.0,3,712,7,4,3,4,3,0,0,0,1,0.027718068535824737,0.012297297297297278,0.07909999999999659,0.9999999999999996,1.0,5,True,45,0.027887323943661974,0.5514929577464784,0.37661971830985913,0.877693661971831,19,65.0,58.0,0.046153846153846156,0.1076923076923077,0.5494259930667952,0.02311681694528514,0.29499999999999993,0.009701323987538658,0.04341549295774648,0.11999999999999993,0.1,0.025,0.05,0.0,0.03,0.08
4.231557,92,30869.51439,medium,1.0,4.0,3,918,8,4,4,4,4,0,0,0,0,0.02387850467289716,0.0,0.0,1.0,1.0,5,True,120,0.09464788732394366,0.7310985915492981,0.42830985915492953,1.8950704225352113,15,65.0,61.0,0.046153846153846156,0.1076923076923077,0.6097257040953289,0.10835747663551401,0.29500000000000004,0.008357476635514003,0.1,0.12000000000000001,0.1,0.025,0.05,0.0,0.0,0.08
4.221383,99,30925.047126,medium,1.0,4.0,3,989,8,4,4,4,4,0,0,0,0,0.01509345794392461,0.002027027027027028,0.061599999999997344,1.0000000000000004,1.0,5,True,96,0.1115492957746479,0.8964788732394393,0.5182816901408448,2.4229049295774647,18,65.0,56.0,0.03076923076923077,0.09230769230769231,0.5456994958263819,0.10528271028037361,0.29500000000000004,0.005282710280373614,0.1,0.12000000000000002,0.1,0.025,0.05,0.0,0.0,0.08
3.152473,84,30964.7576,medium,0.9316199376947041,2.931619937694704,2,832,8,4,4,4,4,0,0,0,0,0.06509345794392397,0.0009459459459459462,0.1539999999999956,0.8022522522522523,0.9999999999999978,3,True,78,0.09063380281690141,0.9267605633802849,0.6089295774647887,2.284137323943662,30,65.0,58.0,0.06153846153846154,0.12307692307692308,0.5119274994758958,0.1227827102803734,0.26127027027027006,0.022782710280373385,0.1,0.09627027027027024,0.0999999999999998,0.015,0.05,0.0,0.0,0.08
4.169111,62,30993.162019,medium,1.0,4.0,3,619,5,1,4,1,4,0,0,0,3,0.01717289719626181,0.0,0.0,1.0,1.0,5,True,150,0.15144366197183098,0.5766760563380278,0.40278873239436624,8.882640845070423,6,57.0,53.0,0.05263157894736842,0.12280701754385964,0.6523395600248061,0.016010514018691635,0.295,0.006010514018691632,0.1,0.11999999999999998,0.1,0.025,0.05,0.0,0.09,0.08
1.610493,82,31031.595085,medium,0.5534112149532704,1.5534112149532704,1,812,8,4,4,4,4,0,0,0,0,0.01439252336448536,0.0,0.061599999999997344,0.48626126126126124,0.4489333333333307,2,False,120,0.10394366197183098,0.9260845070422558,0.49774647887323925,0.9628169014084507,27,65.0,59.0,0.03076923076923077,0.09230769230769231,0.4937388227328167,0.10503738317756989,0.1132446846846844,0.005037383177569876,0.1,0.05835135135135135,0.04489333333333306,0.01,0.0,0.0,0.0,0.08
4.156378,73,31065.412282,medium,1.0,4.0,3,728,6,4,2,4,2,0,0,0,2,0.023847352024922157,0.01986486486486484,0.0,0.9999999999999992,1.0,5,True,48,0.05577464788732395,0.7107323943661972,0.31174647887323953,1.6736091549295775,11,65.0,57.0,0.03076923076923077,0.09230769230769231,0.8393616899527868,0.014177559124215713,0.2949999999999999,0.008346573208722754,0.06583098591549295,0.11999999999999988,0.1,0.025,0.05,0.0,0.06,0.08
4.249576,74,31100.869243,medium,1.0,4.0,3,739,8,4,4,4,4,0,0,0,0,0.04602803738317763,0.03986486486486486,0.0,1.0000000000000016,1.0,5,True,96,0.059154929577464786,0.7166197183098593,0.25298591549295774,1.2706514084507041,13,65.0,55.0,0.06153846153846154,0.12307692307692308,0.5824184687628542,0.10847601026721077,0.2950000000000002,0.01610981308411217,0.0923661971830986,0.12000000000000022,0.1,0.025,0.05,0.0,0.0,0.08
4.101835,55,31125.91476,medium,1.0,4.0,3,546,3,1,2,1,2,0,0,0,5,0.007359813084112174,0.021283783783783854,0.0,0.999999999999999,1.0,5,True,48,0.04647887323943662,0.3932112676056334,0.17211267605633804,2.4866197183098593,5,52.0,47.0,0.038461538461538464,0.11538461538461539,0.6104985079630155,-0.05856491049098327,0.2949999999999999,0.0025759345794392607,0.05885915492957746,0.11999999999999984,0.1,0.025,0.05,0.0,0.12,0.08000000000000002
4.260848,82,31172.440615,medium,1.0,4.0,3,814,8,4,4,4,4,0,0,0,0,0.07785046728971866,0.023175675675675883,0.17709999999999662,0.9999999999999988,0.9999999999999959,5,True,96,0.10225352112676056,0.7529014084507045,0.5959718309859156,1.9342957746478873,23,65.0,56.0,0.046153846153846156,0.1076923076923077,0.2995086355945145,0.12724766355140155,0.29499999999999943,0.027247663551401534,0.1,0.11999999999999983,0.0999999999999996,0.025,0.05,0.0,0.0,0.08
4.0409,55,31197.461324,medium,1.0,4.0,3,541,0,0,0,0,0,0,0,0,8,0.0,0.0,0.0,1.0,1.0,5,True,0,0.0,0.3723661971830982,0.12543661971830986,3.175669014084507,6,55.0,50.0,0.03636363636363636,0.10909090909090909,0.6998792617150562,-0.12,0.295,0.0,0.0,0.11999999999999998,0.1,0.025,0.05,0.0,0.12,0.08
3.079565,100,31244.324045,medium,0.8667445482866044,2.8667445482866043,2,1000,8,4,4,4,4,0,0,0,0,0.013076323987538937,0.010855855855855858,0.0,0.9853603603603599,1.0,4,True,78,0.08133802816901409,0.8971830985915528,0.44346478873239403,1.6913556338028168,16,65.0,61.0,0.03076923076923077,0.09230769230769231,0.6837281493344202,0.10457671339563863,0.2882432432432432,0.004576713395638628,0.1,0.11824324324324316,0.1,0.02,0.05,0.0,0.0,0.08
4.241418,75,31278.803498,medium,1.0,4.0,3,744,8,4,4,4,4,0,0,0,0,0.002336448598130842,0.006756756756756758,0.0,0.9999999999999996,1.0,5,True,96,0.08535211267605634,0.5490704225352105,0.2885070422535212,1.0085035211267606,14,65.0,60.0,0.046153846153846156,0.1076923076923077,0.5700578392573046,0.1008177570093458,0.29499999999999993,0.0008177570093457945,0.1,0.11999999999999994,0.1,0.025,0.05,0.0,0.0,0.08
4.15981,94,31322.990733,medium,1.0,4.0,3,935,8,4,4,4,4,0,0,0,0,0.03224299065420567,0.0,0.0,1.0,1.0,5,True,25,0.01936619718309859,0.8600845070422547,0.4318028169014082,1.6244366197183098,23,65.0,56.0,0.07692307692307693,0.15384615384615385,0.8208133364116975,0.03830969461629593,0.295,0.011285046728971983,0.027024647887323946,0.12,0.1,0.025,0.05,0.0,0.0,0.08
3.116534,100,31370.369185,medium,0.9404205607476636,2.9404205607476634,2,1000,8,4,4,4,4,0,0,0,0,0.013239875389408098,0.03828828828828828,0.0,0.8277027027027009,1.0,4,True,76,0.05887323943661972,0.8509577464788748,0.6217183098591548,1.4206161971830986,23,65.0,56.0,0.046153846153846156,0.12307692307692308,0.3430042135170806,0.08678888596375763,0.2693243243243241,0.0046339563862928335,0.08215492957746479,0.09932432432432411,0.1,0.02,0.05,0.0,0.0,0.08
4.241852,77,31416.729798,medium,1.0,4.0,3,766,8,4,4,4,4,0,0,0,0,0.03502336448598137,0.00804054054054053,0.0,1.0000000000000013,1.0,5,True,72,0.07359154929577465,0.739549295774651,0.3736338028169014,1.8058098591549296,11,65.0,61.0,0.03076923076923077,0.09230769230769231,0.6200063558276724,0.10345183954192447,0.29500000000000015,0.012258177570093478,0.09119366197183099,0.12000000000000015,0.1,0.025,0.05,0.0,0.0,0.08
3.00425,79,31454.440518,medium,0.8536604361370717,2.853660436137072,2,782,8,4,4,4,4,0,0,0,0,0.04628504672897182,0.0,0.0,0.5768018018018019,1.0,3,True,54,0.04183098591549296,0.9179718309859192,0.6185070422535209,2.1146654929577466,21,65.0,60.0,0.046153846153846156,0.1076923076923077,0.4398477517361177,0.07457300579175985,0.2342162162162162,0.016199766355140133,0.05837323943661971,0.06921621621621621,0.1,0.015,0.05,0.0,0.0,0.08
4.079233,75,31491.823084,medium,1.0,4.0,3,746,5,4,1,4,1,0,0,0,3,0.03839563862928355,0.017792792792792802,0.0,1.000000000000003,1.0,5,True,16,0.009859154929577466,0.6882253521126778,0.4098591549295775,1.0793661971830986,25,65.0,58.0,0.046153846153846156,0.1076923076923077,0.43828688229617296,-0.061167160282567655,0.2950000000000004,0.013438473520249242,0.0153943661971831,0.12000000000000037,0.1,0.025,0.05,0.0,0.09,0.08
4.174883,71,31528.326662,medium,1.0,4.0,3,707,6,3,3,3,3,0,0,0,2,0.004742990654205601,0.013716216216216198,0.0,1.0000000000000024,1.0,5,True,72,0.07056338028169014,0.6241690140845074,0.3486760563380282,1.515088028169014,14,65.0,59.0,0.046153846153846156,0.12307692307692308,0.527809002815873,0.030582581940239578,0.2950000000000003,0.0016600467289719604,0.08892253521126761,0.12000000000000029,0.1,0.025,0.05,0.0,0.06,0.08
4.042935,66,31561.387038,medium,1.0,4.0,3,654,2,1,1,1,1,0,0,0,6,0.010303738317757065,0.0,0.04410000000000024,1.0,0.9999999999999979,5,True,9,0.006971830985915493,0.5195211267605627,0.29523943661971835,0.6076056338028168,16,64.0,56.0,0.03125,0.09375,0.47986011753366753,-0.1066648183493484,0.29499999999999976,0.0036063084112149726,0.00972887323943662,0.11999999999999998,0.0999999999999998,0.025,0.05,0.0,0.12,0.08
4.084687,63,31591.811634,medium,1.0,4.0,3,622,2,0,2,0,2,0,0,0,6,0.0,0.0,0.0,1.0,1.0,5,True,48,0.03718309859154929,0.5438309859154923,0.37160563380281697,0.9029577464788733,5,61.0,53.0,0.06557377049180328,0.13114754098360656,0.5135589772925481,-0.06811267605633803,0.295,0.0,0.051887323943661974,0.12,0.1,0.025,0.05,0.0,0.12,0.08
4.232435,95,31639.142153,medium,1.0,4.0,3,943,8,4,4,4,4,0,0,0,0,0.03352803738317782,0.04114864864864892,0.0,0.9999999999999983,1.0,5,True,158,0.1580281690140845,0.8609577464788738,0.5303943661971829,1.890669014084507,21,65.0,54.0,0.046153846153846156,0.13846153846153847,0.5406105975399543,0.11173481308411225,0.2949999999999998,0.011734813084112238,0.1,0.1199999999999998,0.1,0.025,0.05,0.0,0.0,0.08
