#{"t_start": 1779077250.4065266, "env_id": "None"}
r,l,t,profile,damage_pct,score,stars,ticks_elapsed,spell_casts,rage_casts,freeze_casts,useful_rage_casts,useful_freeze_casts,wasted_spell_casts,wasted_rage_casts,wasted_freeze_casts,spells_remaining,rage_bonus_damage_pct,frozen_threat_ticks,spell_shaping_reward_total,rage_effect_reward_total,freeze_effect_reward_total,wasted_spell_penalty_total,unused_spell_penalty_total
1.612055,76,23.224869,medium,0.5913551401869159,1.591355140186916,1,753,4,2,2,2,2,0,0,0,0,0.0,48,0.096,0.0,0.096,0.0,0.0
0.281615,84,47.398328,medium,0.2693146417445483,0.2693146417445483,0,837,4,2,2,2,2,0,0,0,0,0.0,48,0.096,0.0,0.096,0.0,0.0
4.043335,62,64.663597,medium,1.0,4.0,3,614,4,2,2,2,2,0,0,0,0,0.0315654205607473,72,0.1047348130841121,0.004734813084112095,0.1,0.0,0.0
1.599388,72,85.085474,medium,0.6104361370716511,1.6104361370716511,1,716,4,2,2,2,2,0,0,0,0,0.017009345794392648,29,0.0605514018691589,0.002551401869158897,0.058,0.0,0.0
2.895769,83,108.467747,medium,0.9080685358255446,2.9080685358255445,2,829,4,2,2,2,2,0,0,0,0,0.017336448598130296,34,0.07060046728971955,0.0026004672897195443,0.068,0.0,0.0
1.642098,78,129.820695,medium,0.6543613707165109,1.654361370716511,1,771,4,2,2,2,2,0,0,0,0,0.03224299065420567,30,0.06483644859813084,0.0048364485981308505,0.06,0.0,0.0
1.555322,77,156.368658,medium,0.5499221183800623,1.5499221183800622,1,766,4,2,2,2,2,0,0,0,0,0.0,41,0.08200000000000002,0.0,0.08200000000000002,0.0,0.0
0.343535,55,171.51339,medium,0.3014953271028038,0.3014953271028038,0,545,4,2,2,2,2,0,0,0,0,0.003598130841121535,48,0.09653971962616824,0.0005397196261682303,0.096,0.0,0.0
1.565143,90,196.635399,medium,0.5565420560747664,1.5565420560747665,1,900,4,2,2,2,2,0,0,0,0,0.01733644859813097,48,0.09860046728971965,0.0026004672897196454,0.096,0.0,0.0
0.341388,65,214.985648,medium,0.30942367601246107,0.30942367601246107,0,646,4,2,2,2,2,0,0,0,0,0.0037616822429906486,48,0.0965642523364486,0.0005642523364485973,0.096,0.0,0.0
0.460075,81,237.985637,medium,0.4436915887850467,0.4436915887850467,0,805,4,2,2,2,2,0,0,0,0,0.005887850467289784,48,0.09688317757009347,0.0008831775700934676,0.096,0.0,0.0
2.627932,85,261.998218,medium,0.6151090342679127,2.615109034267913,2,846,4,2,2,2,2,0,0,0,0,0.009485981308411235,48,0.09742289719626168,0.0014228971962616853,0.096,0.0,0.0
2.767521,64,279.663631,medium,0.7804672897196262,2.7804672897196263,2,634,4,2,2,2,2,0,0,0,0,0.016355140186915997,24,0.0504532710280374,0.0024532710280373996,0.048,0.0,0.0
2.948314,73,304.699549,medium,0.9317757009345794,2.9317757009345793,2,727,4,2,2,2,2,0,0,0,0,0.02158878504672911,43,0.08923831775700936,0.0032383177570093663,0.086,0.0,0.0
1.517545,62,322.799622,medium,0.5032710280373832,1.5032710280373833,1,618,4,2,2,2,2,0,0,0,0,0.0004906542056074769,38,0.07607359813084112,7.359813084112153e-05,0.076,0.0,0.0
1.541116,63,340.393718,medium,0.503816199376947,1.503816199376947,1,627,4,2,2,2,2,0,0,0,0,0.0,72,0.1,0.0,0.1,0.0,0.0
2.739227,69,359.829138,medium,0.7089563862928349,2.7089563862928348,2,686,4,2,2,2,2,0,0,0,0,0.019135514018691735,48,0.09887032710280376,0.0028703271028037596,0.096,0.0,0.0
1.673562,90,385.176848,medium,0.7137071651090343,1.7137071651090343,1,900,4,2,2,2,2,0,0,0,0,0.025700934579439314,23,0.049855140186915906,0.0038551401869158968,0.046000000000000006,0.0,0.0
2.555615,79,408.02104,medium,0.5338785046728972,2.5338785046728973,2,789,4,2,2,2,2,0,0,0,0,0.03091121495326997,48,0.1006366822429905,0.004636682242990495,0.096,0.0,0.0
0.493233,72,428.278934,medium,0.4687694704049844,0.4687694704049844,0,716,4,2,2,2,2,0,0,0,0,0.0404205607476637,45,0.09606308411214955,0.006063084112149554,0.09,0.0,0.0
0.506554,90,458.323722,medium,0.495327102803738,0.495327102803738,0,900,4,2,2,2,2,0,0,0,0,0.008177570093457591,72,0.10122663551401864,0.0012266355140186386,0.1,0.0,0.0
1.770155,78,480.769461,medium,0.745404984423676,1.745404984423676,1,779,4,2,2,2,2,0,0,0,0,0.017663551401869163,68,0.10264953271028038,0.0026495327102803745,0.1,0.0,0.0
1.637131,90,506.733938,medium,0.6626791277258552,1.6626791277258552,1,900,4,2,2,2,2,0,0,0,0,0.04301401869158744,29,0.06445210280373811,0.0064521028037381155,0.058,0.0,0.0
1.662446,65,525.402789,medium,0.6219626168224299,1.62196261682243,1,643,4,2,2,2,2,0,0,0,0,0.03189252336448558,52,0.10478387850467284,0.004783878504672836,0.1,0.0,0.0
0.357066,90,551.096888,medium,0.36993769470404986,0.36993769470404986,0,900,4,2,2,2,2,0,0,0,0,0.007523364485981337,38,0.07712850467289721,0.0011285046728972004,0.07600000000000001,0.0,0.0
0.455407,72,571.754901,medium,0.430607476635514,0.430607476635514,0,712,4,2,2,2,2,0,0,0,0,0.0,48,0.096,0.0,0.096,0.0,0.0
1.524922,67,591.054324,medium,0.5369158878504673,1.5369158878504674,1,670,4,2,2,2,2,0,0,0,0,0.006705607476635531,27,0.05500584112149533,0.0010058411214953298,0.054,0.0,0.0
0.496099,75,616.979059,medium,0.4807632398753894,0.4807632398753894,0,747,4,2,2,2,2,0,0,0,0,0.013574766355140273,44,0.09003621495327103,0.002036214953271041,0.088,0.0,0.0
1.555481,71,637.282765,medium,0.5566277258566973,1.5566277258566972,1,709,4,2,2,2,2,0,0,0,0,0.02502336448598084,33,0.06975350467289713,0.0037535046728971264,0.066,0.0,0.0
2.737078,86,662.206558,medium,0.758177570093458,2.758177570093458,2,857,4,2,2,2,2,0,0,0,0,0.01733644859813028,31,0.06460046728971955,0.002600467289719542,0.062,0.0,0.0
1.671726,90,688.006451,medium,0.7611370716510903,1.7611370716510903,1,900,4,2,2,2,2,0,0,0,0,0.003925233644859807,0,0.000588785046728971,0.000588785046728971,0.0,0.0,0.0
0.293703,63,705.853375,medium,0.285202492211838,0.285202492211838,0,621,4,2,2,2,2,0,0,0,0,0.01733644859813073,34,0.07060046728971961,0.002600467289719609,0.068,0.0,0.0
2.605422,66,724.804831,medium,0.6009345794392523,2.600934579439252,2,655,4,2,2,2,2,0,0,0,0,0.013247663551401953,34,0.06998714953271029,0.001987149532710293,0.068,0.0,0.0
0.458933,64,743.48106,medium,0.43045171339563865,0.43045171339563865,0,631,4,2,2,2,2,0,0,0,0,0.023878504672897132,44,0.09158177570093456,0.0035817757009345692,0.088,0.0,0.0
2.92537,80,771.422222,medium,0.9072429906542057,2.907242990654206,2,791,4,2,2,2,2,0,0,0,0,0.008177570093457974,48,0.0972266355140187,0.001226635514018696,0.096,0.0,0.0
2.814062,90,797.141348,medium,0.8300623052959502,2.83006230529595,2,900,4,2,2,2,2,0,0,0,0,0.0,37,0.07400000000000001,0.0,0.07400000000000001,0.0,0.0
0.338748,90,822.876892,medium,0.36074766355140186,0.36074766355140186,0,900,4,2,2,2,2,0,0,0,0,0.0,34,0.068,0.0,0.068,0.0,0.0
0.489534,84,847.025049,medium,0.4727414330218069,0.4727414330218069,0,836,4,2,2,2,2,0,0,0,0,0.0026168224299065387,72,0.10039252336448598,0.0003925233644859808,0.1,0.0,0.0
2.786922,90,873.24364,medium,0.7751557632398753,2.7751557632398756,2,900,4,2,2,2,2,0,0,0,0,0.01177570093457952,60,0.10176635514018693,0.0017663551401869279,0.1,0.0,0.0
1.641015,68,893.310745,medium,0.6419392523364479,1.641939252336448,1,675,4,2,2,2,2,0,0,0,0,0.01717289719626094,32,0.06657593457943914,0.002575934579439142,0.064,0.0,0.0
0.248428,59,915.209575,medium,0.20856697819314643,0.20856697819314643,0,582,4,2,2,2,2,0,0,0,0,0.013738317757009432,48,0.09806074766355141,0.0020607476635514147,0.096,0.0,0.0
0.38658,68,935.030311,medium,0.4502336448598131,0.4502336448598131,0,671,4,2,2,2,2,0,0,0,0,0.02297507788161998,0,0.0034462616822429964,0.0034462616822429964,0.0,0.0,0.0
0.403044,65,953.36001,medium,0.3998442367601246,0.3998442367601246,0,648,4,2,2,2,2,0,0,0,0,0.0,34,0.068,0.0,0.068,0.0,0.0
2.773248,79,975.407776,medium,0.7514797507788162,2.7514797507788162,2,785,4,2,2,2,2,0,0,0,0,0.028457943925233896,48,0.10026869158878508,0.004268691588785084,0.096,0.0,0.0
1.507873,62,992.755864,medium,0.5293613707165109,1.529361370716511,1,615,4,2,2,2,2,0,0,0,0,0.013411214953271114,19,0.040011682242990676,0.0020116822429906674,0.038000000000000006,0.0,0.0
0.437055,82,1016.459106,medium,0.4984345794392524,0.4984345794392524,0,816,4,2,2,2,2,0,0,0,0,0.001471962616822446,10,0.020220794392523368,0.0002207943925233669,0.02,0.0,0.0
2.719806,76,1038.237657,medium,0.6985981308411215,2.6985981308411215,2,757,4,2,2,2,2,0,0,0,0,0.006051401869158888,48,0.09690771028037383,0.000907710280373833,0.096,0.0,0.0
0.499631,70,1062.652437,medium,0.47313084112149534,0.47313084112149534,0,695,4,2,2,2,2,0,0,0,0,0.0,48,0.096,0.0,0.096,0.0,0.0
0.479337,60,1079.885656,medium,0.4369158878504673,0.4369158878504673,0,591,4,2,2,2,2,0,0,0,0,0.010140186915887904,72,0.10152102803738319,0.0015210280373831857,0.1,0.0,0.0
0.34423,58,1096.165468,medium,0.3055295950155763,0.3055295950155763,0,573,4,2,2,2,2,0,0,0,0,0.0,48,0.096,0.0,0.096,0.0,0.0
0.422375,81,1119.447813,medium,0.4071651090342679,0.4071651090342679,0,802,4,2,2,2,2,0,0,0,0,0.022733644859813024,46,0.09541004672897195,0.0034100467289719535,0.092,0.0,0.0
0.443913,62,1137.106423,medium,0.4092679127725857,0.4092679127725857,0,616,4,2,2,2,2,0,0,0,0,0.001635514018691547,48,0.09624532710280373,0.00024532710280373204,0.096,0.0,0.0
1.662222,78,1159.669185,medium,0.6777258566978193,1.6777258566978193,1,777,4,2,2,2,2,0,0,0,0,0.0013084112149532715,31,0.062196261682242994,0.00019626168224299074,0.062000000000000006,0.0,0.0
2.762342,90,1185.691821,medium,0.7845015576323987,2.7845015576323986,2,900,4,2,2,2,2,0,0,0,0,0.012266355140186988,33,0.06783995327102806,0.0018399532710280486,0.066,0.0,0.0
0.452123,68,1209.780534,medium,0.4156542056074766,0.4156542056074766,0,678,4,2,2,2,2,0,0,0,0,0.028457943925233205,63,0.10426869158878499,0.00426869158878498,0.1,0.0,0.0
0.3078,63,1227.872161,medium,0.29190031152647977,0.29190031152647977,0,621,4,2,2,2,2,0,0,0,0,0.0,39,0.07800000000000001,0.0,0.07800000000000001,0.0,0.0
2.76827,59,1245.048141,medium,0.72743769470405,2.72743769470405,2,587,4,2,2,2,2,0,0,0,0,0.023551401869159078,48,0.09953271028037386,0.003532710280373861,0.096,0.0,0.0
1.565473,81,1267.377735,medium,0.5478193146417444,1.5478193146417443,1,808,4,2,2,2,2,0,0,0,0,0.016355140186915695,48,0.09845327102803736,0.0024532710280373545,0.096,0.0,0.0
1.600957,81,1290.174631,medium,0.6298753894080986,1.6298753894080986,1,805,4,2,2,2,2,0,0,0,0,0.023878504672896168,24,0.051581775700934425,0.003581775700934425,0.048,0.0,0.0
2.739662,81,1313.679762,medium,0.751690031152648,2.751690031152648,2,802,4,2,2,2,2,0,0,0,0,0.0011448598130841248,34,0.06817172897196262,0.0001717289719626187,0.068,0.0,0.0
1.713787,62,1331.669488,medium,0.67619937694704,1.67619937694704,1,617,4,2,2,2,2,0,0,0,0,0.02191588785046691,48,0.09928738317757003,0.0032873831775700364,0.096,0.0,0.0
2.902042,89,1362.334416,medium,0.8895872274143302,2.88958722741433,2,886,4,2,2,2,2,0,0,0,0,0.007032710280373705,64,0.10105490654205607,0.0010549065420560556,0.1,0.0,0.0
2.976393,90,1388.123418,medium,0.9670560747663551,2.9670560747663552,2,900,4,2,2,2,2,0,0,0,0,0.022242990654205617,48,0.09933644859813084,0.0033364485981308427,0.096,0.0,0.0
1.706643,64,1407.17421,medium,0.672772585669782,1.6727725856697822,1,637,4,2,2,2,2,0,0,0,0,0.010467289719626259,48,0.09757009345794394,0.001570093457943939,0.096,0.0,0.0
0.518837,62,1425.020811,medium,0.4807632398753894,0.4807632398753894,0,620,4,2,2,2,2,0,0,0,0,0.0004906542056074769,61,0.10007359813084113,7.359813084112153e-05,0.1,0.0,0.0
0.460449,90,1450.461257,medium,0.44789719626168223,0.44789719626168223,0,900,4,2,2,2,2,0,0,0,0,0.017009345794392602,68,0.1025514018691589,0.0025514018691588903,0.1,0.0,0.0
0.33995,65,1469.071841,medium,0.33660436137071653,0.33660436137071653,0,649,4,2,2,2,2,0,0,0,0,0.0016355140186915182,34,0.06824532710280373,0.0002453271028037277,0.068,0.0,0.0
2.914984,66,1487.808768,medium,0.8809190031152648,2.880919003115265,2,659,4,2,2,2,2,0,0,0,0,0.026433021806853713,48,0.09996495327102806,0.003964953271028057,0.096,0.0,0.0
1.535953,75,1513.308262,medium,0.5113707165109034,1.5113707165109034,1,743,4,2,2,2,2,0,0,0,0,0.03254672897196242,47,0.09888200934579436,0.0048820093457943615,0.094,0.0,0.0
4.025695,72,1534.457268,medium,1.0,4.0,3,712,4,2,2,2,2,0,0,0,0,0.019299065420560844,47,0.09689485981308414,0.0028948598130841266,0.09400000000000001,0.0,0.0
1.544847,87,1559.429811,medium,0.5347352024922118,1.5347352024922118,1,866,4,2,2,2,2,0,0,0,0,0.004742990654205641,48,0.09671144859813084,0.0007114485981308461,0.096,0.0,0.0
2.524188,79,1582.283149,medium,0.5343691588785047,2.534369158878505,2,785,4,2,2,2,2,0,0,0,0,0.0021261682242990887,34,0.06831892523364487,0.0003189252336448633,0.068,0.0,0.0
0.456138,68,1601.935888,medium,0.46993769470404984,0.46993769470404984,0,678,4,2,2,2,2,0,0,0,0,0.0,27,0.054,0.0,0.054,0.0,0.0
0.429845,61,1619.279715,medium,0.4424454828660436,0.4424454828660436,0,606,4,2,2,2,2,0,0,0,0,0.0,24,0.048,0.0,0.048,0.0,0.0
1.772728,69,1638.739225,medium,0.739797507788162,1.739797507788162,1,681,4,2,2,2,2,0,0,0,0,0.006869158878504692,72,0.10103037383177571,0.0010303738317757039,0.1,0.0,0.0
0.529249,61,1655.751354,medium,0.4929828660436135,0.4929828660436135,0,602,4,2,2,2,2,0,0,0,0,0.0031074766355138846,48,0.09646612149532709,0.0004661214953270827,0.096,0.0,0.0
0.375632,81,1683.56464,medium,0.36573208722741435,0.36573208722741435,0,801,4,2,2,2,2,0,0,0,0,0.0,45,0.09000000000000001,0.0,0.09000000000000001,0.0,0.0
2.894797,90,1709.41656,medium,0.8885514018691589,2.888551401869159,2,900,4,2,2,2,2,0,0,0,0,0.0016355140186916069,48,0.09624532710280374,0.00024532710280374104,0.096,0.0,0.0
0.472426,65,1728.289174,medium,0.48445482866043527,0.48445482866043527,0,648,4,2,2,2,2,0,0,0,0,0.03180685358255367,24,0.05277102803738305,0.004771028037383049,0.048,0.0,0.0
2.636987,71,1748.354822,medium,0.6025700934579439,2.6025700934579437,2,708,4,2,2,2,2,0,0,0,0,0.061448598130841255,48,0.10521728971962618,0.009217289719626187,0.096,0.0,0.0
0.46919,74,1769.300948,medium,0.4945482866043614,0.4945482866043614,0,738,4,2,2,2,2,0,0,0,0,0.002943925233644856,24,0.04844158878504673,0.0004415887850467284,0.048,0.0,0.0
2.61297,66,1788.239152,medium,0.5771028037383178,2.5771028037383177,2,658,4,2,2,2,2,0,0,0,0,0.037780373831775016,48,0.10166705607476625,0.005667056074766252,0.096,0.0,0.0
1.642121,67,1811.756615,medium,0.6411214953271028,1.641121495327103,1,670,4,2,2,2,2,0,0,0,0,0.0,34,0.068,0.0,0.068,0.0,0.0
2.684996,59,1828.792397,medium,0.647196261682243,2.647196261682243,2,582,4,2,2,2,2,0,0,0,0,0.0,48,0.096,0.0,0.096,0.0,0.0
4.023468,71,1848.977268,medium,1.0,4.0,3,702,4,2,2,2,2,0,0,0,0,0.011121495327102862,46,0.09366822429906545,0.0016682242990654294,0.09200000000000001,0.0,0.0
2.804617,90,1874.580705,medium,0.8411214953271028,2.8411214953271027,2,900,4,2,2,2,2,0,0,0,0,0.023302180685358317,25,0.05349532710280375,0.0034953271028037476,0.05,0.0,0.0
0.32247,60,1891.842361,medium,0.30334890965732086,0.30334890965732086,0,591,4,2,2,2,2,0,0,0,0,0.00147196261682243,39,0.07822079439252337,0.0002207943925233645,0.078,0.0,0.0
2.594944,66,1910.916773,medium,0.6003894080996884,2.6003894080996885,2,651,4,2,2,2,2,0,0,0,0,0.05102803738317686,26,0.05965420560747653,0.007654205607476528,0.052000000000000005,0.0,0.0
0.501109,62,1928.720164,medium,0.4644080996884735,0.4644080996884735,0,612,4,2,2,2,2,0,0,0,0,0.02600467289719614,47,0.09790070093457942,0.003900700934579421,0.094,0.0,0.0
0.443533,60,1946.019315,medium,0.4349844236760124,0.4349844236760124,0,595,4,2,2,2,2,0,0,0,0,0.00032710280373830374,34,0.06804906542056074,4.9065420560745556e-05,0.068,0.0,0.0
0.444359,59,1967.434012,medium,0.45109034267912773,0.45109034267912773,0,590,4,2,2,2,2,0,0,0,0,0.028457943925233205,24,0.052268691588784985,0.004268691588784981,0.048,0.0,0.0
1.668693,69,1986.976548,medium,0.6356697819314642,1.635669781931464,1,683,4,2,2,2,2,0,0,0,0,0.03549065420560721,48,0.10132359813084109,0.005323598130841081,0.096,0.0,0.0
0.415007,68,2006.435454,medium,0.46004672897196264,0.46004672897196264,0,678,4,2,2,2,2,0,0,0,0,0.005070093457943981,11,0.022760514018691596,0.0007605140186915971,0.022,0.0,0.0
2.800135,73,2027.274944,medium,0.7679127725856698,2.76791277258567,2,725,4,2,2,2,2,0,0,0,0,0.04481308411214958,49,0.10472196261682244,0.006721962616822436,0.098,0.0,0.0
2.784109,64,2045.886171,medium,0.7401090342679127,2.740109034267913,2,632,4,2,2,2,2,0,0,0,0,0.07466510903426812,48,0.10719976635514022,0.011199766355140221,0.096,0.0,0.0
2.603957,90,2071.540433,medium,0.594392523364486,2.594392523364486,2,896,4,2,2,2,2,0,0,0,0,0.021098130841121537,48,0.09916471962616823,0.003164719626168231,0.096,0.0,0.0
0.435431,72,2092.0769,medium,0.4203271028037383,0.4203271028037383,0,720,4,2,2,2,2,0,0,0,0,0.007359813084112174,43,0.08710397196261684,0.0011039719626168261,0.08600000000000001,0.0,0.0
2.690283,90,2122.102764,medium,0.6800623052959501,2.6800623052959502,2,900,4,2,2,2,2,0,0,0,0,0.001471962616822446,60,0.10022079439252338,0.0002207943925233669,0.1,0.0,0.0
0.278876,58,2138.648097,medium,0.24057632398753895,0.24057632398753895,0,577,4,2,2,2,2,0,0,0,0,0.0,48,0.096,0.0,0.096,0.0,0.0
2.638555,90,2163.876908,medium,0.6325545171339564,2.6325545171339564,2,900,4,2,2,2,2,0,0,0,0,0.0,48,0.096,0.0,0.096,0.0,0.0
0.525046,57,2180.059111,medium,0.4790264797507789,0.4790264797507789,0,569,4,2,2,2,2,0,0,0,0,0.019462616822429748,72,0.10291939252336446,0.002919392523364462,0.1,0.0,0.0
1.659187,69,2200.365432,medium,0.6314641744548286,1.6314641744548286,1,684,4,2,2,2,2,0,0,0,0,0.000817757009345795,48,0.09612266355140187,0.00012266355140186925,0.096,0.0,0.0
2.508814,79,2223.439026,medium,0.5184579439252337,2.5184579439252337,2,788,4,2,2,2,2,0,0,0,0,0.0077102803738317805,34,0.06915654205607477,0.001156542056074767,0.068,0.0,0.0
0.472034,64,2241.799123,medium,0.46713395638629285,0.46713395638629285,0,631,4,2,2,2,2,0,0,0,0,0.0,34,0.068,0.0,0.068,0.0,0.0
0.344756,64,2260.049588,medium,0.35852024922118336,0.35852024922118336,0,638,4,2,2,2,2,0,0,0,0,0.01357476635513977,24,0.050036214953270965,0.002036214953270966,0.048,0.0,0.0
0.312105,82,2289.363396,medium,0.29205607476635514,0.29205607476635514,0,813,4,2,2,2,2,0,0,0,0,0.008995327102803815,55,0.10134929906542058,0.0013492990654205724,0.1,0.0,0.0
0.509917,63,2307.301885,medium,0.47602024922118386,0.47602024922118386,0,623,4,2,2,2,2,0,0,0,0,0.001308411214953274,48,0.09619626168224299,0.0001962616822429911,0.096,0.0,0.0
4.004857,65,2325.505327,medium,1.0,4.0,3,643,4,2,2,2,2,0,0,0,0,0.0077102803738317805,34,0.06915654205607477,0.001156542056074767,0.068,0.0,0.0
2.735433,74,2346.651134,medium,0.746183800623053,2.746183800623053,2,734,4,2,2,2,2,0,0,0,0,0.0176635514018688,30,0.06264953271028031,0.0026495327102803203,0.06,0.0,0.0
2.904548,90,2371.897526,medium,0.8945482866043614,2.8945482866043615,2,900,4,2,2,2,2,0,0,0,0,0.0,83,0.1,0.0,0.1,0.0,0.0
1.610686,69,2392.298604,medium,0.631386292834891,1.631386292834891,1,687,4,2,2,2,2,0,0,0,0,0.0,24,0.048,0.0,0.048,0.0,0.0
0.450188,62,2410.005637,medium,0.4496884735202492,0.4496884735202492,0,615,4,2,2,2,2,0,0,0,0,0.0,31,0.062000000000000006,0.0,0.062000000000000006,0.0,0.0
1.725391,63,2433.50844,medium,0.7343457943925233,1.7343457943925233,1,625,4,2,2,2,2,0,0,0,0,0.010303738317757065,26,0.053545560747663555,0.0015455607476635598,0.052,0.0,0.0
2.894219,82,2456.821069,medium,0.9066978193146418,2.9066978193146418,2,820,4,2,2,2,2,0,0,0,0,0.010140186915887904,34,0.06952102803738319,0.0015210280373831857,0.068,0.0,0.0
2.925514,90,2481.910782,medium,0.9420560747663551,2.942056074766355,2,900,4,2,2,2,2,0,0,0,0,0.04971962616822299,33,0.07345794392523346,0.007457943925233449,0.066,0.0,0.0
1.535502,69,2501.373292,medium,0.5183021806853583,1.5183021806853583,1,688,4,2,2,2,2,0,0,0,0,0.0,43,0.08600000000000001,0.0,0.08600000000000001,0.0,0.0
4.032975,65,2519.631559,medium,1.0,4.0,3,641,4,2,2,2,2,0,0,0,0,0.007165109034267917,48,0.09707476635514019,0.0010747663551401874,0.096,0.0,0.0
2.950289,90,2544.891513,medium,0.9420560747663551,2.942056074766355,2,900,4,2,2,2,2,0,0,0,0,0.014883177570093586,48,0.09823247663551404,0.002232476635514038,0.096,0.0,0.0
2.824551,84,2574.478817,medium,0.802803738317757,2.802803738317757,2,839,4,2,2,2,2,0,0,0,0,0.06431464174454807,48,0.10564719626168222,0.00964719626168221,0.096,0.0,0.0
2.914331,90,2599.85436,medium,0.8961838006230529,2.896183800623053,2,900,4,2,2,2,2,0,0,0,0,0.08098130841121383,48,0.10814719626168208,0.012147196261682074,0.096,0.0,0.0
0.476449,76,2621.637012,medium,0.48169781931464173,0.48169781931464173,0,758,4,2,2,2,2,0,0,0,0,0.017009345794391968,34,0.0705514018691588,0.002551401869158795,0.068,0.0,0.0
0.402343,59,2638.068384,medium,0.35949376947040496,0.35949376947040496,0,585,4,2,2,2,2,0,0,0,0,0.008995327102803805,96,0.10134929906542058,0.0013492990654205706,0.1,0.0,0.0
0.394633,59,2654.319155,medium,0.36105919003115267,0.36105919003115267,0,584,4,2,2,2,2,0,0,0,0,0.026495327102803595,44,0.09197429906542054,0.0039742990654205385,0.088,0.0,0.0
2.864347,72,2674.560878,medium,0.8536604361370717,2.853660436137072,2,719,4,2,2,2,2,0,0,0,0,0.0572429906542046,37,0.0825864485981307,0.008586448598130689,0.07400000000000001,0.0,0.0
1.573917,62,2692.314334,medium,0.5356697819314642,1.5356697819314642,1,619,4,2,2,2,2,0,0,0,0,0.0009813084112149642,72,0.10014719626168225,0.00014719626168224463,0.1,0.0,0.0
1.729689,67,2712.108132,medium,0.6985280373831771,1.698528037383177,1,669,4,2,2,2,2,0,0,0,0,0.013738317757008909,48,0.09806074766355134,0.002060747663551336,0.096,0.0,0.0
0.416879,67,2737.137816,medium,0.38465732087227417,0.38465732087227417,0,666,4,2,2,2,2,0,0,0,0,0.018808411214952723,48,0.09882126168224291,0.0028212616822429087,0.096,0.0,0.0
1.552587,58,2754.157074,medium,0.5401869158878505,1.5401869158878505,1,576,4,2,2,2,2,0,0,0,0,0.0,35,0.07,0.0,0.07,0.0,0.0
2.712095,73,2775.128556,medium,0.6816978193146418,2.6816978193146417,2,724,4,2,2,2,2,0,0,0,0,0.0186448598130838,72,0.10279672897196257,0.0027967289719625695,0.1,0.0,0.0
1.67587,60,2792.551504,medium,0.6352258566978185,1.6352258566978186,1,596,4,2,2,2,2,0,0,0,0,0.028294392523363736,48,0.10024415887850456,0.00424415887850456,0.096,0.0,0.0
4.0098,59,2809.542053,medium,1.0,4.0,3,582,4,2,2,2,2,0,0,0,0,0.0,34,0.068,0.0,0.068,0.0,0.0
1.882216,74,2830.445331,medium,0.8591043613707167,1.8591043613707168,1,736,4,2,2,2,2,0,0,0,0,0.004742990654205659,48,0.09671144859813086,0.0007114485981308489,0.096,0.0,0.0
2.959978,75,2851.847216,medium,0.9372352024922118,2.9372352024922117,2,749,4,2,2,2,2,0,0,0,0,0.03761682242990669,46,0.097642523364486,0.005642523364486003,0.092,0.0,0.0
0.450927,75,2879.492082,medium,0.43873831775700917,0.43873831775700917,0,744,4,2,2,2,2,0,0,0,0,0.003925233644859643,43,0.08658878504672894,0.0005887850467289464,0.086,0.0,0.0
1.624733,67,2898.690271,medium,0.5876947040498443,1.5876947040498441,1,662,4,2,2,2,2,0,0,0,0,0.021588785046728474,83,0.10323831775700927,0.0032383177570092713,0.1,0.0,0.0
4.039636,64,2916.985795,medium,1.0,4.0,3,637,4,2,2,2,2,0,0,0,0,0.022242990654205617,58,0.10333644859813085,0.003336448598130843,0.1,0.0,0.0
2.903822,90,2942.444054,medium,0.9034267912772586,2.9034267912772584,2,900,4,2,2,2,2,0,0,0,0,0.01596573208722741,44,0.09039485981308411,0.0023948598130841114,0.088,0.0,0.0
2.963087,84,2966.789612,medium,0.9797507788161994,2.979750778816199,2,835,4,2,2,2,2,0,0,0,0,0.018909657320872263,32,0.06683644859813084,0.0028364485981308397,0.064,0.0,0.0
0.398153,74,2988.382447,medium,0.37519470404984423,0.37519470404984423,0,739,4,2,2,2,2,0,0,0,0,0.0057242990654205765,48,0.09685864485981309,0.0008586448598130864,0.096,0.0,0.0
1.568966,58,3004.770484,medium,0.5238862928348909,1.5238862928348909,1,573,4,2,2,2,2,0,0,0,0,0.015864485981308265,68,0.10237967289719624,0.0023796728971962394,0.1,0.0,0.0
2.855354,90,3036.864452,medium,0.8431464174454829,2.843146417445483,2,900,4,2,2,2,2,0,0,0,0,0.014719626168224396,72,0.10220794392523366,0.0022079439252336596,0.1,0.0,0.0
0.400689,59,3053.724518,medium,0.3886292834890966,0.3886292834890966,0,587,4,2,2,2,2,0,0,0,0,0.01839563862928352,34,0.07075934579439254,0.0027593457943925277,0.068,0.0,0.0
2.770212,86,3077.824485,medium,0.8278816199376947,2.8278816199376946,2,853,4,2,2,2,2,0,0,0,0,0.024205607476634496,12,0.027630841121495175,0.003630841121495175,0.024,0.0,0.0
2.714189,90,3103.406136,medium,0.7449376947040498,2.74493769470405,2,900,4,2,2,2,2,0,0,0,0,0.008341121495326743,29,0.05925116822429902,0.0012511682242990114,0.058,0.0,0.0
3.011816,75,3124.895372,medium,0.990031152647975,2.9900311526479753,2,750,4,2,2,2,2,0,0,0,0,0.005233644859813082,48,0.09678504672897197,0.0007850467289719623,0.096,0.0,0.0
2.851831,62,3142.549048,medium,0.8137071651090343,2.8137071651090344,2,619,4,2,2,2,2,0,0,0,0,0.026822429906542287,48,0.10002336448598134,0.0040233644859813435,0.096,0.0,0.0
0.505574,73,3162.884064,medium,0.48185358255451716,0.48185358255451716,0,725,4,2,2,2,2,0,0,0,0,0.00147196261682243,48,0.09622079439252337,0.0002207943925233645,0.096,0.0,0.0
2.716641,90,3194.875725,medium,0.7429127725856698,2.7429127725856697,2,900,4,2,2,2,2,0,0,0,0,0.05151869158878492,28,0.06372780373831774,0.0077278037383177395,0.056,0.0,0.0
0.31073,70,3214.656984,medium,0.3321105919003116,0.3321105919003116,0,697,4,2,2,2,2,0,0,0,0,0.0021261682242990887,24,0.048318925233644866,0.0003189252336448633,0.048,0.0,0.0
1.590841,75,3235.553644,medium,0.5636292834890966,1.5636292834890966,1,748,4,2,2,2,2,0,0,0,0,0.013411214953271114,72,0.10201168224299068,0.002011682242990667,0.1,0.0,0.0
2.758669,73,3256.399188,medium,0.7292834890965733,2.729283489096573,2,727,4,2,2,2,2,0,0,0,0,0.0139018691588786,53,0.1020852803738318,0.00208528037383179,0.1,0.0,0.0
1.553134,64,3274.790003,medium,0.5154828660436137,1.5154828660436137,1,636,4,2,2,2,2,0,0,0,0,0.008341121495327128,72,0.10125116822429907,0.001251168224299069,0.1,0.0,0.0
1.567647,83,3298.48727,medium,0.5577102803738317,1.5577102803738319,1,829,4,2,2,2,2,0,0,0,0,0.03224299065420567,44,0.09283644859813084,0.00483644859813085,0.088,0.0,0.0
2.785287,82,3321.578901,medium,0.7685358255451713,2.7685358255451713,2,818,4,2,2,2,2,0,0,0,0,0.017009345794392356,48,0.09855140186915885,0.002551401869158853,0.096,0.0,0.0
2.956658,90,3352.425168,medium,0.97803738317757,2.97803738317757,2,900,4,2,2,2,2,0,0,0,0,0.00413551401869159,34,0.06862032710280375,0.0006203271028037383,0.068,0.0,0.0
2.701325,90,3377.77339,medium,0.688785046728972,2.688785046728972,2,900,4,2,2,2,2,0,0,0,0,0.04359813084112164,48,0.10253971962616824,0.006539719626168246,0.096,0.0,0.0
2.71107,90,3403.428702,medium,0.7619158878504673,2.761915887850467,2,900,4,2,2,2,2,0,0,0,0,0.04769470404984328,16,0.03915420560747649,0.007154205607476492,0.032,0.0,0.0
2.659867,75,3424.660643,medium,0.6376168224299066,2.637616822429907,2,750,4,2,2,2,2,0,0,0,0,0.008333333333333338,48,0.09725,0.0012500000000000007,0.096,0.0,0.0
1.589519,65,3443.419358,medium,0.5517133956386293,1.5517133956386293,1,645,4,2,2,2,2,0,0,0,0,0.01537383177570104,55,0.10230607476635516,0.0023060747663551564,0.1,0.0,0.0
0.34247,90,3469.402484,medium,0.3296728971962617,0.3296728971962617,0,900,4,2,2,2,2,0,0,0,0,0.01864485981308397,58,0.1027967289719626,0.0027967289719625955,0.1,0.0,0.0
0.426472,58,3493.199363,medium,0.38392523364485986,0.38392523364485986,0,576,4,2,2,2,2,0,0,0,0,0.0009813084112149642,68,0.10014719626168225,0.00014719626168224463,0.1,0.0,0.0
2.868466,61,3510.835309,medium,0.8328660436137072,2.8328660436137074,2,604,4,2,2,2,2,0,0,0,0,0.0,48,0.096,0.0,0.096,0.0,0.0
1.604478,70,3530.806584,medium,0.6129283489096573,1.6129283489096573,1,697,4,2,2,2,2,0,0,0,0,0.008333333333333338,30,0.06125,0.0012500000000000005,0.06,0.0,0.0
2.943009,73,3551.249115,medium,0.91101246105919,2.91101246105919,2,721,4,2,2,2,2,0,0,0,0,0.027313084112149392,67,0.10409696261682241,0.004096962616822408,0.1,0.0,0.0
1.560006,77,3573.227934,medium,0.5358255451713395,1.5358255451713396,1,768,4,2,2,2,2,0,0,0,0,0.033200934579438963,48,0.10098014018691584,0.004980140186915844,0.096,0.0,0.0
1.525816,90,3598.643124,medium,0.5112772585669783,1.5112772585669783,1,900,4,2,2,2,2,0,0,0,0,0.030257009345794547,52,0.10453855140186918,0.004538551401869182,0.1,0.0,0.0
1.711674,90,3625.016842,medium,0.702803738317757,1.702803738317757,1,900,4,2,2,2,2,0,0,0,0,0.01913551401869125,48,0.09887032710280369,0.002870327102803687,0.096,0.0,0.0
2.750007,59,3648.440023,medium,0.7792834890965732,2.7792834890965734,2,586,4,2,2,2,2,0,0,0,0,0.035490654205606945,12,0.029323598130841042,0.005323598130841042,0.024,0.0,0.0
2.829561,72,3668.863292,medium,0.7975077881619937,2.797507788161994,2,717,4,2,2,2,2,0,0,0,0,0.025023364485981123,58,0.10375350467289718,0.0037535046728971685,0.1,0.0,0.0
2.914467,72,3690.036179,medium,0.9404984423676013,2.940498442367601,2,717,4,2,2,2,2,0,0,0,0,0.011121495327102864,22,0.04566822429906543,0.0016682242990654296,0.044000000000000004,0.0,0.0
0.461568,84,3714.208834,medium,0.4491433021806854,0.4491433021806854,0,836,4,2,2,2,2,0,0,0,0,0.00016355140186916073,48,0.09602453271028037,2.453271028037411e-05,0.096,0.0,0.0
1.733254,79,3736.879506,medium,0.7084890965732087,1.7084890965732087,1,784,4,2,2,2,2,0,0,0,0,0.021098130841121537,85,0.10316471962616823,0.003164719626168231,0.1,0.0,0.0
1.606687,69,3756.375761,medium,0.6035046728971962,1.6035046728971962,1,690,4,2,2,2,2,0,0,0,0,0.027881619937694765,34,0.07218224299065422,0.004182242990654215,0.068,0.0,0.0
2.811154,63,3774.021,medium,0.7914330218068536,2.7914330218068537,2,625,4,2,2,2,2,0,0,0,0,0.06813862928348775,36,0.08222079439252317,0.010220794392523165,0.07200000000000001,0.0,0.0
1.811777,60,3796.970845,medium,0.7680140186915885,1.7680140186915885,1,595,4,2,2,2,2,0,0,0,0,0.021752336448597743,58,0.10326285046728967,0.003262850467289661,0.1,0.0,0.0
1.596329,71,3817.84905,medium,0.5648753894080997,1.5648753894080998,1,710,4,2,2,2,2,0,0,0,0,0.016355140186916004,72,0.1024532710280374,0.002453271028037401,0.1,0.0,0.0
2.79055,78,3839.586093,medium,0.797429906542056,2.797429906542056,2,777,4,2,2,2,2,0,0,0,0,0.018800623052958917,34,0.07082009345794384,0.0028200934579438374,0.068,0.0,0.0
1.529205,65,3858.166379,medium,0.5249221183800623,1.5249221183800623,1,646,4,2,2,2,2,0,0,0,0,0.005887850467289784,34,0.06888317757009348,0.0008831775700934676,0.068,0.0,0.0
1.490237,83,3882.104671,medium,0.5019470404984424,1.5019470404984423,1,822,4,2,2,2,2,0,0,0,0,0.016596573208722824,34,0.07048948598130843,0.0024894859813084235,0.068,0.0,0.0
1.557593,71,3902.489598,medium,0.5276479750778816,1.5276479750778815,1,703,4,2,2,2,2,0,0,0,0,0.0016355140186916069,71,0.10024532710280375,0.00024532710280374104,0.1,0.0,0.0
2.884046,90,3928.435093,medium,0.8858255451713396,2.8858255451713397,2,900,4,2,2,2,2,0,0,0,0,0.001471962616822446,44,0.08822079439252337,0.0002207943925233669,0.088,0.0,0.0
1.593954,68,3954.31321,medium,0.5588006230529595,1.5588006230529596,1,673,4,2,2,2,2,0,0,0,0,0.016355140186916004,81,0.1024532710280374,0.0024532710280374005,0.1,0.0,0.0
2.842185,63,3972.72238,medium,0.7972118380062304,2.7972118380062305,2,625,4,2,2,2,2,0,0,0,0,0.04982087227414309,56,0.10747313084112146,0.007473130841121463,0.1,0.0,0.0
2.911896,64,3991.347704,medium,0.8742211838006231,2.874221183800623,2,636,4,2,2,2,2,0,0,0,0,0.035163551401868214,48,0.10127453271028024,0.005274532710280232,0.096,0.0,0.0
2.908928,90,4018.560417,medium,0.8887071651090342,2.888707165109034,2,900,4,2,2,2,2,0,0,0,0,0.06813862928348782,54,0.11022079439252318,0.010220794392523174,0.1,0.0,0.0
2.89519,73,4039.810303,medium,0.8672897196261682,2.867289719626168,2,721,4,2,2,2,2,0,0,0,0,0.0,72,0.1,0.0,0.1,0.0,0.0
2.764875,87,4064.233488,medium,0.7504672897196262,2.750467289719626,2,865,4,2,2,2,2,0,0,0,0,0.006051401869158881,72,0.10090771028037383,0.0009077102803738322,0.1,0.0,0.0
2.888602,60,4081.2207,medium,0.8638629283489097,2.86386292834891,2,596,4,2,2,2,2,0,0,0,0,0.0022585669781931468,42,0.08433878504672897,0.000338785046728972,0.08399999999999999,0.0,0.0
2.916735,68,4106.575177,medium,0.8781931464174455,2.8781931464174457,2,679,4,2,2,2,2,0,0,0,0,0.06961059190031015,48,0.10644158878504652,0.01044158878504652,0.096,0.0,0.0
1.713782,90,4132.110997,medium,0.7197819314641745,1.7197819314641745,1,900,4,2,2,2,2,0,0,0,0,0.0,42,0.084,0.0,0.084,0.0,0.0
2.974553,90,4157.505137,medium,0.9693146417445483,2.9693146417445484,2,900,4,2,2,2,2,0,0,0,0,0.02158878504672911,46,0.09523831775700936,0.0032383177570093663,0.092,0.0,0.0
3.99541,72,4177.982904,medium,1.0,4.0,3,714,4,2,2,2,2,0,0,0,0,0.0053971962616821256,33,0.06680957943925232,0.0008095794392523187,0.066,0.0,0.0
0.412636,90,4203.07128,medium,0.39929906542056076,0.39929906542056076,0,900,4,2,2,2,2,0,0,0,0,0.022242990654205617,72,0.10333644859813085,0.0033364485981308423,0.1,0.0,0.0
1.648281,67,4221.924636,medium,0.6417445482866043,1.6417445482866042,1,663,4,2,2,2,2,0,0,0,0,0.03224299065420567,34,0.07283644859813085,0.0048364485981308505,0.068,0.0,0.0
1.578859,61,4245.267388,medium,0.538060747663551,1.538060747663551,1,606,4,2,2,2,2,0,0,0,0,0.009322429906541653,72,0.10139836448598126,0.0013983644859812483,0.1,0.0,0.0
1.576115,68,4264.199791,medium,0.5417056074766353,1.5417056074766353,1,677,4,2,2,2,2,0,0,0,0,0.014065420560747555,53,0.10210981308411214,0.002109813084112133,0.1,0.0,0.0
1.55986,90,4289.407993,medium,0.5961682242990649,1.596168224299065,1,900,4,2,2,2,2,0,0,0,0,0.03794392523364421,24,0.05369158878504663,0.005691588785046631,0.048,0.0,0.0
2.793446,90,4315.106187,medium,0.810981308411215,2.8109813084112147,2,900,4,2,2,2,2,0,0,0,0,0.02976635514018663,34,0.072464953271028,0.004464953271027994,0.068,0.0,0.0
0.463959,69,4334.377314,medium,0.4360591900311526,0.4360591900311526,0,681,4,2,2,2,2,0,0,0,0,0.0,48,0.096,0.0,0.096,0.0,0.0
2.741926,83,4357.3206,medium,0.7527258566978193,2.752725856697819,2,828,4,2,2,2,2,0,0,0,0,0.0,36,0.07200000000000001,0.0,0.07200000000000001,0.0,0.0
1.66887,74,4378.540029,medium,0.6944704049844237,1.6944704049844237,1,736,4,2,2,2,2,0,0,0,0,0.0,24,0.048,0.0,0.048,0.0,0.0
0.274584,59,4401.612255,medium,0.26409657320872276,0.26409657320872276,0,588,4,2,2,2,2,0,0,0,0,0.021915887850466945,33,0.06928738317757005,0.003287383177570042,0.066,0.0,0.0
2.850528,78,4423.48283,medium,0.821183800623053,2.8211838006230527,2,775,4,2,2,2,2,0,0,0,0,0.045630841121494924,58,0.10684462616822424,0.006844626168224238,0.1,0.0,0.0
1.74602,74,4444.240171,medium,0.7235202492211839,1.7235202492211839,1,735,4,2,2,2,2,0,0,0,0,0.0,48,0.096,0.0,0.096,0.0,0.0
2.989069,76,4465.930486,medium,0.9687694704049844,2.9687694704049843,2,757,4,2,2,2,2,0,0,0,0,0.0,48,0.096,0.0,0.096,0.0,0.0
1.707496,63,4483.629387,medium,0.6694158878504658,1.669415887850466,1,629,4,2,2,2,2,0,0,0,0,0.03320093457943782,48,0.10098014018691567,0.004980140186915672,0.096,0.0,0.0
2.89022,74,4504.736769,medium,0.8727102803738317,2.872710280373832,2,733,4,2,2,2,2,0,0,0,0,0.00539719626168225,45,0.09080957943925234,0.0008095794392523374,0.09000000000000001,0.0,0.0
2.882775,71,4524.92865,medium,0.8570093457943925,2.8570093457943924,2,707,4,2,2,2,2,0,0,0,0,0.0031074766355140148,48,0.0964661214953271,0.0004661214953271022,0.096,0.0,0.0
2.925779,90,4556.08389,medium,0.9136292834890966,2.9136292834890964,2,900,4,2,2,2,2,0,0,0,0,0.014330218068535823,63,0.10214953271028038,0.0021495327102803736,0.1,0.0,0.0
2.893096,86,4580.639576,medium,0.8929127725856698,2.89291277258567,2,853,4,2,2,2,2,0,0,0,0,0.009890965732087233,42,0.0854836448598131,0.0014836448598130848,0.084,0.0,0.0
3.989576,80,4603.530091,medium,1.0,4.0,3,797,4,2,2,2,2,0,0,0,0,0.008504672897196298,34,0.06927570093457945,0.001275700934579445,0.068,0.0,0.0
0.511381,68,4622.959098,medium,0.4776012461059189,0.4776012461059189,0,673,4,2,2,2,2,0,0,0,0,0.007196261682242866,72,0.10107943925233644,0.0010794392523364297,0.1,0.0,0.0
0.301837,57,4639.567378,medium,0.28977414330218076,0.28977414330218076,0,566,4,2,2,2,2,0,0,0,0,0.004415887850467338,34,0.0686623831775701,0.0006623831775701007,0.068,0.0,0.0
2.91101,79,4661.94309,medium,0.8858255451713396,2.8858255451713397,2,782,4,2,2,2,2,0,0,0,0,0.04922897196261609,48,0.10338434579439242,0.0073843457943924135,0.096,0.0,0.0
2.948812,90,4687.758928,medium,0.9671339563862928,2.967133956386293,2,900,4,2,2,2,2,0,0,0,0,0.02451713395638634,34,0.07167757009345796,0.0036775700934579512,0.068,0.0,0.0
0.419425,64,4712.48095,medium,0.4135514018691589,0.4135514018691589,0,635,4,2,2,2,2,0,0,0,0,0.00915887850467279,34,0.06937383177570092,0.0013738317757009185,0.068,0.0,0.0
0.3688,76,4734.141872,medium,0.39190031152647975,0.39190031152647975,0,751,4,2,2,2,2,0,0,0,0,0.0,26,0.052000000000000005,0.0,0.052000000000000005,0.0,0.0
0.436858,61,4751.614598,medium,0.41806853582554515,0.41806853582554515,0,604,4,2,2,2,2,0,0,0,0,0.02126168224299069,38,0.07918925233644862,0.0031892523364486034,0.07600000000000001,0.0,0.0
2.906566,71,4771.90484,medium,0.9066978193146418,2.9066978193146418,2,702,4,2,2,2,2,0,0,0,0,0.01378504672897196,34,0.0700677570093458,0.002067757009345794,0.068,0.0,0.0
0.45954,66,4791.134373,medium,0.4989096573208723,0.4989096573208723,0,657,4,2,2,2,2,0,0,0,0,0.015537383177570143,12,0.02633060747663552,0.0023306074766355216,0.024,0.0,0.0
0.461816,60,4808.258141,medium,0.4727414330218069,0.4727414330218069,0,600,4,2,2,2,2,0,0,0,0,0.007165109034267917,24,0.04907476635514019,0.0010747663551401874,0.048,0.0,0.0
2.840525,63,4826.060027,medium,0.836214953271028,2.836214953271028,2,625,4,2,2,2,2,0,0,0,0,0.00539719626168201,33,0.06680957943925231,0.0008095794392523016,0.066,0.0,0.0
1.611198,64,4850.619357,medium,0.5735202492211838,1.573520249221184,1,635,4,2,2,2,2,0,0,0,0,0.007850467289719656,58,0.10117757009345796,0.0011775700934579484,0.1,0.0,0.0
4.038711,65,4869.405429,medium,1.0,4.0,3,646,4,2,2,2,2,0,0,0,0,0.048738317757008244,48,0.10331074766355124,0.007310747663551236,0.096,0.0,0.0
1.517606,81,4892.73714,medium,0.5031931464174455,1.5031931464174455,1,802,4,2,2,2,2,0,0,0,0,0.0040887850467289655,47,0.09461331775700935,0.0006133177570093448,0.094,0.0,0.0
1.695973,82,4916.622859,medium,0.7040498442367601,1.70404984423676,1,814,4,2,2,2,2,0,0,0,0,0.03549065420560761,34,0.07332359813084115,0.005323598130841141,0.068,0.0,0.0
1.472814,71,4937.780287,medium,0.43834112149532706,1.438341121495327,1,709,4,2,2,2,2,0,0,0,0,0.035817757009344614,72,0.1053726635514017,0.005372663551401691,0.1,0.0,0.0
2.643979,68,4957.274083,medium,0.6397507788161995,2.6397507788161994,2,675,4,2,2,2,2,0,0,0,0,0.0515186915887843,32,0.07172780373831765,0.007727803738317644,0.064,0.0,0.0
2.944161,80,4979.934523,medium,0.9191900311526479,2.919190031152648,2,791,4,2,2,2,2,0,0,0,0,0.05380841121495205,48,0.10407126168224282,0.008071261682242807,0.096,0.0,0.0
2.951967,66,5005.345425,medium,0.9169003115264798,2.9169003115264798,2,653,4,2,2,2,2,0,0,0,0,0.02911214953270912,48,0.10036682242990637,0.0043668224299063686,0.096,0.0,0.0
2.814924,90,5031.243671,medium,0.8122274143302181,2.812227414330218,2,900,4,2,2,2,2,0,0,0,0,0.04464174454828526,43,0.09269626168224278,0.006696261682242789,0.086,0.0,0.0
0.475614,73,5052.599657,medium,0.45241433021806854,0.45241433021806854,0,728,4,2,2,2,2,0,0,0,0,0.0,48,0.096,0.0,0.096,0.0,0.0
0.500065,58,5069.232731,medium,0.45716510903426794,0.45716510903426794,0,571,4,2,2,2,2,0,0,0,0,0.0,61,0.1,0.0,0.1,0.0,0.0
1.75723,62,5086.894049,medium,0.7224299065420561,1.722429906542056,1,612,4,2,2,2,2,0,0,0,0,0.0,48,0.096,0.0,0.096,0.0,0.0
2.74526,70,5106.459535,medium,0.716588785046729,2.7165887850467287,2,694,4,2,2,2,2,0,0,0,0,0.05380841121495194,45,0.09807126168224278,0.008071261682242791,0.09,0.0,0.0
2.698838,66,5125.002297,medium,0.6893302180685358,2.6893302180685357,2,660,4,2,2,2,2,0,0,0,0,0.02338785046728871,36,0.0755081775700933,0.0035081775700933062,0.072,0.0,0.0
2.620294,73,5145.37133,medium,0.6337227414330218,2.6337227414330218,2,729,4,2,2,2,2,0,0,0,0,0.023138629283489236,28,0.05947079439252339,0.0034707943925233855,0.056,0.0,0.0
2.718669,76,5174.072252,medium,0.6942367601246106,2.6942367601246104,2,751,4,2,2,2,2,0,0,0,0,0.023551401869158446,48,0.09953271028037376,0.003532710280373766,0.096,0.0,0.0
0.324258,61,5191.302756,medium,0.2818691588785046,0.2818691588785046,0,608,4,2,2,2,2,0,0,0,0,0.021261682242990666,72,0.1031892523364486,0.0031892523364486,0.1,0.0,0.0
1.532185,64,5209.94056,medium,0.5162772585669781,1.5162772585669781,1,636,4,2,2,2,2,0,0,0,0,0.02338785046728975,38,0.07950817757009347,0.003508177570093463,0.07600000000000001,0.0,0.0
2.954854,90,5235.881059,medium,0.9676791277258567,2.967679127725857,2,900,4,2,2,2,2,0,0,0,0,0.061168224299064294,34,0.07717523364485965,0.009175233644859643,0.068,0.0,0.0
2.868482,74,5256.795408,medium,0.8433021806853582,2.8433021806853582,2,732,4,2,2,2,2,0,0,0,0,0.01586448598130852,48,0.09837967289719628,0.0023796728971962784,0.096,0.0,0.0
4.0111,57,5273.070496,medium,1.0,4.0,3,569,4,2,2,2,2,0,0,0,0,0.0,34,0.068,0.0,0.068,0.0,0.0
0.33736,78,5294.876125,medium,0.34478193146417446,0.34478193146417446,0,779,4,2,2,2,2,0,0,0,0,0.01651869158878473,34,0.07047780373831772,0.0024778037383177097,0.068,0.0,0.0
1.585641,85,5324.866361,medium,0.5893302180685358,1.5893302180685358,1,846,4,2,2,2,2,0,0,0,0,0.00607476635514019,40,0.08091121495327103,0.0009112149532710286,0.08,0.0,0.0
2.743163,65,5343.491954,medium,0.7300233644859815,2.7300233644859815,2,647,4,2,2,2,2,0,0,0,0,0.012266355140187016,38,0.07783995327102806,0.0018399532710280523,0.07600000000000001,0.0,0.0
1.583001,90,5369.365749,medium,0.5795171339563863,1.5795171339563863,1,900,4,2,2,2,2,0,0,0,0,0.02322429906542054,45,0.09348364485981307,0.0034836448598130807,0.09,0.0,0.0
4.039914,64,5387.421868,medium,1.0,4.0,3,633,4,2,2,2,2,0,0,0,0,0.021425233644859838,72,0.10321378504672898,0.0032137850467289755,0.1,0.0,0.0
2.740461,60,5404.653145,medium,0.7279595015576324,2.7279595015576326,2,599,4,2,2,2,2,0,0,0,0,0.04267912772585635,33,0.07240186915887846,0.006401869158878452,0.066,0.0,0.0
2.921876,83,5428.211293,medium,0.9567757009345794,2.956775700934579,2,829,4,2,2,2,2,0,0,0,0,0.0,24,0.048,0.0,0.048,0.0,0.0
2.728104,65,5446.444003,medium,0.7204049844236761,2.720404984423676,2,646,4,2,2,2,2,0,0,0,0,0.028660436137071713,34,0.07229906542056076,0.004299065420560757,0.068,0.0,0.0
0.208027,60,5469.046157,medium,0.18014797507788166,0.18014797507788166,0,592,4,2,2,2,2,0,0,0,0,0.007196261682243044,43,0.08707943925233648,0.0010794392523364566,0.08600000000000002,0.0,0.0
2.719722,62,5486.764171,medium,0.6808566978193141,2.6808566978193142,2,616,4,2,2,2,2,0,0,0,0,0.02976635514018643,48,0.10046495327102796,0.004464953271027964,0.096,0.0,0.0
1.677044,66,5505.438685,medium,0.6705373831775698,1.6705373831775698,1,651,4,2,2,2,2,0,0,0,0,0.024042056074766133,34,0.07160630841121493,0.0036063084112149197,0.068,0.0,0.0
2.819913,61,5522.563746,medium,0.7723520249221184,2.7723520249221183,2,610,4,2,2,2,2,0,0,0,0,0.05707165109034165,52,0.10856074766355125,0.00856074766355125,0.1,0.0,0.0
2.67611,68,5541.575068,medium,0.636760124610592,2.636760124610592,2,672,4,2,2,2,2,0,0,0,0,0.043668224299064085,72,0.10655023364485962,0.006550233644859613,0.1,0.0,0.0
1.727631,90,5567.337885,medium,0.7163551401869159,1.716355140186916,1,900,4,2,2,2,2,0,0,0,0,0.008504672897196355,94,0.10127570093457947,0.0012757009345794532,0.1,0.0,0.0
1.691881,68,5586.69859,medium,0.6627725856697819,1.662772585669782,1,677,4,2,2,2,2,0,0,0,0,0.032056074766354754,46,0.0968084112149532,0.0048084112149532135,0.092,0.0,0.0
3.9905,70,5612.343399,medium,1.0,4.0,3,695,4,2,2,2,2,0,0,0,0,0.0,30,0.06,0.0,0.06,0.0,0.0
2.666574,62,5630.474201,medium,0.6272585669781932,2.627258566978193,2,612,4,2,2,2,2,0,0,0,0,0.0034345794392523564,57,0.10051518691588786,0.0005151869158878535,0.1,0.0,0.0
2.771103,73,5651.768211,medium,0.7908878504672897,2.7908878504672896,2,723,4,2,2,2,2,0,0,0,0,0.0034345794392523317,26,0.05251518691588786,0.0005151869158878498,0.052000000000000005,0.0,0.0
4.025511,74,5672.686826,medium,1.0,4.0,3,738,4,2,2,2,2,0,0,0,0,0.02207165109034269,48,0.0993107476635514,0.0033107476635514037,0.096,0.0,0.0
4.022946,80,5696.499303,medium,1.0,4.0,3,793,4,2,2,2,2,0,0,0,0,0.04164330218068524,48,0.10224649532710278,0.006246495327102785,0.096,0.0,0.0
1.598803,63,5715.007716,medium,0.5609034267912772,1.5609034267912771,1,621,4,2,2,2,2,0,0,0,0,0.0,57,0.1,0.0,0.1,0.0,0.0
2.84038,90,5741.40524,medium,0.868380062305296,2.868380062305296,2,900,4,2,2,2,2,0,0,0,0,0.0,31,0.062,0.0,0.062,0.0,0.0
1.556764,59,5758.397089,medium,0.5151401869158876,1.5151401869158876,1,584,4,2,2,2,2,0,0,0,0,0.026822429906541812,48,0.10002336448598127,0.004023364485981271,0.096,0.0,0.0
1.551887,58,5780.253859,medium,0.5047507788161993,1.5047507788161993,1,577,4,2,2,2,2,0,0,0,0,0.03224299065420567,72,0.10483644859813085,0.0048364485981308505,0.1,0.0,0.0
1.510333,67,5799.200723,medium,0.5245327102803738,1.5245327102803738,1,662,4,2,2,2,2,0,0,0,0,0.0,26,0.052000000000000005,0.0,0.052000000000000005,0.0,0.0
4.023091,70,5819.035762,medium,1.0,4.0,3,700,4,2,2,2,2,0,0,0,0,0.02060747663551408,45,0.09309112149532713,0.003091121495327112,0.09000000000000001,0.0,0.0
2.679586,64,5837.211471,medium,0.6429906542056075,2.6429906542056076,2,634,4,2,2,2,2,0,0,0,0,0.02663551401869165,48,0.09999532710280375,0.003995327102803748,0.096,0.0,0.0
1.665898,63,5855.057022,medium,0.6482866043613708,1.6482866043613709,1,624,4,2,2,2,2,0,0,0,0,7.788161993769478e-05,40,0.08001168224299066,1.1682242990654215e-05,0.08,0.0,0.0
3.0076,70,5874.923306,medium,0.9785825545171339,2.978582554517134,2,700,4,2,2,2,2,0,0,0,0,0.02011682242990666,48,0.09901752336448601,0.003017523364485999,0.096,0.0,0.0
2.806573,90,5900.366873,medium,0.8345015576323987,2.834501557632399,2,900,4,2,2,2,2,0,0,0,0,0.05380841121495194,27,0.06207126168224279,0.008071261682242791,0.054,0.0,0.0
4.005601,65,5924.423672,medium,1.0,4.0,3,647,4,2,2,2,2,0,0,0,0,0.015342679127725854,34,0.07030140186915888,0.0023014018691588783,0.068,0.0,0.0
0.471796,66,5942.964037,medium,0.4392523364485981,0.4392523364485981,0,651,4,2,2,2,2,0,0,0,0,0.010957943925233717,48,0.09764369158878505,0.0016436915887850577,0.096,0.0,0.0
2.901028,90,5968.746066,medium,0.8862928348909658,2.8862928348909658,2,900,4,2,2,2,2,0,0,0,0,0.0315654205607473,69,0.1047348130841121,0.004734813084112095,0.1,0.0,0.0
4.032831,57,5985.092981,medium,1.0,4.0,3,561,4,2,2,2,2,0,0,0,0,0.032873831775701155,42,0.08893107476635519,0.004931074766355173,0.08400000000000002,0.0,0.0
3.993407,65,6003.488636,medium,1.0,4.0,3,650,4,2,2,2,2,0,0,0,0,0.029376947040498605,27,0.05840654205607479,0.004406542056074791,0.054,0.0,0.0
1.519183,82,6027.002294,medium,0.5036604361370717,1.5036604361370718,1,819,4,2,2,2,2,0,0,0,0,0.009485981308411263,48,0.0974228971962617,0.0014228971962616894,0.096,0.0,0.0
2.798616,78,6049.753683,medium,0.7753504672897197,2.77535046728972,2,780,4,2,2,2,2,0,0,0,0,0.03510124610591854,48,0.10126518691588778,0.0052651869158877795,0.096,0.0,0.0
0.455609,69,6075.391965,medium,0.48200934579439253,0.48200934579439253,0,684,4,2,2,2,2,0,0,0,0,0.0,21,0.042,0.0,0.042,0.0,0.0
1.599072,68,6094.848547,medium,0.5668224299065421,1.566822429906542,1,677,4,2,2,2,2,0,0,0,0,0.026331775700934434,48,0.09994976635514016,0.003949766355140165,0.096,0.0,0.0
4.035936,57,6111.528154,medium,1.0,4.0,3,569,4,2,2,2,2,0,0,0,0,0.03224299065420567,44,0.09283644859813084,0.0048364485981308505,0.088,0.0,0.0
2.851242,77,6133.708426,medium,0.8253894080996885,2.8253894080996886,2,766,4,2,2,2,2,0,0,0,0,0.01634735202492211,72,0.10245210280373832,0.0024521028037383166,0.1,0.0,0.0
2.955211,90,6159.026446,medium,0.9365264797507789,2.936526479750779,2,900,4,2,2,2,2,0,0,0,0,0.057897196261680904,70,0.10868457943925214,0.008684579439252136,0.1,0.0,0.0
2.900649,90,6184.733357,medium,0.8901090342679128,2.8901090342679128,2,900,4,2,2,2,2,0,0,0,0,0.00359813084112149,72,0.10053971962616823,0.0005397196261682235,0.1,0.0,0.0
2.815292,90,6210.221962,medium,0.8023364485981308,2.8023364485981306,2,900,4,2,2,2,2,0,0,0,0,0.019704049844236758,66,0.10295560747663551,0.002955607476635514,0.1,0.0,0.0
1.775144,90,6242.263053,medium,0.7735981308411215,1.7735981308411215,1,900,4,2,2,2,2,0,0,0,0,0.010303738317756734,45,0.09154556074766351,0.00154556074766351,0.09,0.0,0.0
2.966197,90,6268.01948,medium,0.9721183800623053,2.972118380062305,2,900,4,2,2,2,2,0,0,0,0,0.053855140186915146,38,0.08407827102803728,0.008078271028037272,0.07600000000000001,0.0,0.0
1.816016,73,6288.49865,medium,0.8288161993769471,1.8288161993769472,1,728,4,2,2,2,2,0,0,0,0,0.0,30,0.060000000000000005,0.0,0.060000000000000005,0.0,0.0
1.61706,68,6308.103797,medium,0.5871806853582555,1.5871806853582555,1,672,4,2,2,2,2,0,0,0,0,0.007196261682243063,48,0.09707943925233646,0.0010794392523364594,0.096,0.0,0.0
1.491796,70,6328.108535,medium,0.5133956386292835,1.5133956386292835,1,696,4,2,2,2,2,0,0,0,0,0.0,24,0.048,0.0,0.048,0.0,0.0
1.943263,80,6351.007307,medium,0.9286604361370716,1.9286604361370716,1,799,4,2,2,2,2,0,0,0,0,0.016682242990653892,46,0.09450233644859808,0.0025023364485980836,0.092,0.0,0.0
2.909695,85,6381.90468,medium,0.891822429906542,2.891822429906542,2,849,4,2,2,2,2,0,0,0,0,0.018481308411215095,58,0.10277219626168227,0.0027721962616822637,0.1,0.0,0.0
0.365264,59,6398.361971,medium,0.3733644859813084,0.3733644859813084,0,581,4,2,2,2,2,0,0,0,0,0.0,25,0.05,0.0,0.05,0.0,0.0
1.486323,63,6416.301481,medium,0.508411214953271,1.508411214953271,1,621,4,2,2,2,2,0,0,0,0,7.788161993769478e-05,20,0.040011682242990655,1.1682242990654215e-05,0.04,0.0,0.0
2.747892,64,6434.448177,medium,0.7422897196261682,2.742289719626168,2,636,4,2,2,2,2,0,0,0,0,0.008014018691588817,34,0.06920210280373833,0.0012021028037383225,0.068,0.0,0.0
1.699016,63,6452.225306,medium,0.6619158878504673,1.6619158878504674,1,629,4,2,2,2,2,0,0,0,0,0.0,96,0.1,0.0,0.1,0.0,0.0
1.54195,64,6470.386215,medium,0.5064641744548286,1.5064641744548286,1,639,4,2,2,2,2,0,0,0,0,0.02257009345794366,48,0.09938551401869156,0.003385514018691549,0.096,0.0,0.0
1.59336,61,6488.078399,medium,0.6161993769470405,1.6161993769470406,1,609,4,2,2,2,2,0,0,0,0,0.013738317757009432,18,0.03806074766355142,0.002060747663551415,0.036000000000000004,0.0,0.0
3.9655,75,6508.606135,medium,1.0,4.0,3,745,4,2,2,2,2,0,0,0,0,0.0,20,0.04,0.0,0.04,0.0,0.0
2.711327,78,6536.258887,medium,0.722196261682243,2.7221962616822433,2,779,4,2,2,2,2,0,0,0,0,0.006869158878504692,33,0.06703037383177571,0.0010303738317757037,0.066,0.0,0.0
3.985097,67,6555.775784,medium,1.0,4.0,3,670,4,2,2,2,2,0,0,0,0,0.02731308411214977,24,0.052096962616822465,0.0040969626168224655,0.048,0.0,0.0
1.596946,63,6574.183219,medium,0.5593457943925234,1.5593457943925233,1,624,4,2,2,2,2,0,0,0,0,0.0,72,0.1,0.0,0.1,0.0,0.0
3.9757,75,6596.214456,medium,1.0,4.0,3,743,4,2,2,2,2,0,0,0,0,0.0,25,0.049999999999999996,0.0,0.049999999999999996,0.0,0.0
2.728206,90,6622.163172,medium,0.7542056074766356,2.7542056074766355,2,900,4,2,2,2,2,0,0,0,0,0.0,32,0.064,0.0,0.064,0.0,0.0
2.768094,74,6643.531764,medium,0.741822429906542,2.741822429906542,2,738,4,2,2,2,2,0,0,0,0,0.05380841121495194,46,0.10007126168224278,0.00807126168224279,0.092,0.0,0.0
0.488851,62,6661.217631,medium,0.453644859813084,0.453644859813084,0,618,4,2,2,2,2,0,0,0,0,0.006705607476635393,48,0.09700584112149531,0.001005841121495309,0.096,0.0,0.0
0.454663,60,6685.167023,medium,0.4140498442367601,0.4140498442367601,0,600,4,2,2,2,2,0,0,0,0,0.004088785046728831,95,0.10061331775700932,0.0006133177570093246,0.1,0.0,0.0
4.032688,68,6704.278738,medium,1.0,4.0,3,679,4,2,2,2,2,0,0,0,0,0.030584112149532255,48,0.10058761682242984,0.004587616822429837,0.096,0.0,0.0
1.580858,67,6723.393354,medium,0.5504672897196262,1.5504672897196263,1,661,4,2,2,2,2,0,0,0,0,0.0032710280373832138,48,0.09649065420560748,0.000490654205607482,0.096,0.0,0.0
0.489748,83,6747.940695,medium,0.47160436137071643,0.47160436137071643,0,822,4,2,2,2,2,0,0,0,0,0.0022897196261681256,79,0.10034345794392523,0.0003434579439252188,0.1,0.0,0.0
0.344844,57,6763.884172,medium,0.33294392523364486,0.33294392523364486,0,561,4,2,2,2,2,0,0,0,0,0.0,34,0.068,0.0,0.068,0.0,0.0
0.532376,65,6782.940004,medium,0.4937694704049844,0.4937694704049844,0,650,4,2,2,2,2,0,0,0,0,0.0240420560747661,72,0.10360630841121492,0.003606308411214914,0.1,0.0,0.0
1.58005,58,6800.077424,medium,0.5390965732087227,1.5390965732087227,1,575,4,2,2,2,2,0,0,0,0,0.016355140186916004,48,0.0984532710280374,0.0024532710280374005,0.096,0.0,0.0
2.897203,81,6823.576338,medium,0.8738317757009346,2.8738317757009346,2,807,4,2,2,2,2,0,0,0,0,0.05380841121495192,48,0.10407126168224279,0.008071261682242788,0.096,0.0,0.0
1.592874,63,6847.41879,medium,0.5996884735202492,1.5996884735202492,1,628,4,2,2,2,2,0,0,0,0,0.013239875389408098,27,0.05598598130841122,0.001985981308411215,0.054,0.0,0.0
1.594387,63,6865.257907,medium,0.5570872274143303,1.5570872274143301,1,627,4,2,2,2,2,0,0,0,0,0.0,68,0.1,0.0,0.1,0.0,0.0
1.639681,74,6885.208623,medium,0.609968847352025,1.6099688473520248,1,736,4,2,2,2,2,0,0,0,0,0.02207943925233592,72,0.1033119158878504,0.0033119158878503877,0.1,0.0,0.0
1.539467,63,6903.221903,medium,0.5335669781931465,1.5335669781931465,1,621,4,2,2,2,2,0,0,0,0,0.0,34,0.068,0.0,0.068,0.0,0.0
2.857575,63,6921.20554,medium,0.8176791277258567,2.8176791277258566,2,629,4,2,2,2,2,0,0,0,0,0.04530373831775624,48,0.10279556074766344,0.006795560747663436,0.096,0.0,0.0
1.681862,66,6939.935725,medium,0.6466510903426791,1.646651090342679,1,657,4,2,2,2,2,0,0,0,0,0.00607476635514019,72,0.10091121495327103,0.0009112149532710286,0.1,0.0,0.0
4.02071,68,6959.454796,medium,1.0,4.0,3,676,4,2,2,2,2,0,0,0,0,0.015397196261682228,43,0.08830957943925233,0.002309579439252334,0.086,0.0,0.0
2.58003,63,6977.701564,medium,0.6346573208722741,2.6346573208722743,2,626,4,2,2,2,2,0,0,0,0,0.053154205607475344,0,0.007973130841121301,0.007973130841121301,0.0,0.0,0.0
2.832062,69,7002.828253,medium,0.8013239875389409,2.801323987538941,2,685,4,2,2,2,2,0,0,0,0,0.021588785046729002,48,0.09923831775700935,0.0032383177570093503,0.096,0.0,0.0
2.798774,90,7028.755117,medium,0.7859034267912772,2.7859034267912772,2,900,4,2,2,2,2,0,0,0,0,0.019135514018691437,58,0.10287032710280372,0.0028703271028037154,0.1,0.0,0.0
2.74833,68,7047.771812,medium,0.764127725856698,2.764127725856698,2,676,4,2,2,2,2,0,0,0,0,0.025350467289719843,24,0.05180257009345798,0.003802570093457976,0.048,0.0,0.0
2.804197,64,7066.132149,medium,0.7689797507788163,2.7689797507788163,2,638,4,2,2,2,2,0,0,0,0,0.020116822429906745,48,0.09901752336448601,0.0030175233644860115,0.096,0.0,0.0
0.487218,71,7086.186009,medium,0.463785046728972,0.463785046728972,0,701,4,2,2,2,2,0,0,0,0,0.023551401869158776,45,0.09353271028037381,0.0035327102803738154,0.09,0.0,0.0
3.999536,61,7103.976273,medium,1.0,4.0,3,605,4,2,2,2,2,0,0,0,0,0.013574766355140273,29,0.06003621495327104,0.0020362149532710413,0.058,0.0,0.0
4.005236,58,7120.504291,medium,1.0,4.0,3,576,4,2,2,2,2,0,0,0,0,0.03224299065420567,29,0.06283644859813085,0.0048364485981308505,0.058,0.0,0.0
2.831251,64,7144.120802,medium,0.7865264797507788,2.786526479750779,2,632,4,2,2,2,2,0,0,0,0,0.052827102803737154,59,0.10792406542056057,0.007924065420560573,0.1,0.0,0.0
3.969036,90,7169.252208,medium,1.0,4.0,3,898,4,2,2,2,2,0,0,0,0,0.03224299065420567,27,0.05883644859813085,0.0048364485981308505,0.054,0.0,0.0
0.474443,72,7189.083055,medium,0.44797507788161994,0.44797507788161994,0,719,4,2,2,2,2,0,0,0,0,0.0024532710280373805,49,0.09836799065420561,0.00036799065420560706,0.098,0.0,0.0
0.52181,61,7206.352534,medium,0.4828115264797508,0.4828115264797508,0,610,4,2,2,2,2,0,0,0,0,0.026658878504672863,48,0.09999883177570093,0.003998831775700929,0.096,0.0,0.0
4.024784,69,7225.791145,medium,1.0,4.0,3,687,4,2,2,2,2,0,0,0,0,0.02322429906542045,45,0.09348364485981306,0.0034836448598130672,0.09,0.0,0.0
2.815342,90,7251.146317,medium,0.8033489096573209,2.8033489096573208,2,900,4,2,2,2,2,0,0,0,0,0.03995327102803625,48,0.10199299065420545,0.005992990654205438,0.096,0.0,0.0
2.872762,90,7276.724934,medium,0.9034267912772586,2.9034267912772584,2,900,4,2,2,2,2,0,0,0,0,0.048901869158877384,26,0.05933528037383161,0.007335280373831608,0.052000000000000005,0.0,0.0
3.98266,86,7308.150479,medium,1.0,4.0,3,854,4,2,2,2,2,0,0,0,0,0.04039719626168149,31,0.06805957943925223,0.006059579439252224,0.062000000000000006,0.0,0.0
0.389534,58,7324.682425,medium,0.34633956386292836,0.34633956386292836,0,571,4,2,2,2,2,0,0,0,0,0.0019626168224299054,74,0.10029439252336449,0.0002943925233644858,0.1,0.0,0.0
4.031251,66,7343.162835,medium,1.0,4.0,3,652,4,2,2,2,2,0,0,0,0,0.06967289719625978,43,0.09645093457943897,0.010450934579438968,0.08600000000000001,0.0,0.0
4.017946,77,7365.007799,medium,1.0,4.0,3,768,4,2,2,2,2,0,0,0,0,0.044976635514018294,44,0.09474649532710273,0.006746495327102745,0.088,0.0,0.0
0.458225,62,7382.664571,medium,0.45514018691588787,0.45514018691588787,0,617,4,2,2,2,2,0,0,0,0,0.0052336448598131,32,0.06478504672897197,0.000785046728971965,0.064,0.0,0.0
4.049053,56,7398.731722,medium,1.0,4.0,3,555,4,2,2,2,2,0,0,0,0,0.0570171339563855,48,0.10455257009345782,0.008552570093457825,0.096,0.0,0.0
2.986828,82,7422.616389,medium,0.9758566978193146,2.9758566978193146,2,811,4,2,2,2,2,0,0,0,0,0.05380841121495194,42,0.0920712616822428,0.008071261682242791,0.08400000000000002,0.0,0.0
0.529853,66,7447.66162,medium,0.49540498442367603,0.49540498442367603,0,656,4,2,2,2,2,0,0,0,0,0.026985981308411053,48,0.10004789719626166,0.004047897196261657,0.096,0.0,0.0
2.807413,80,7471.116465,medium,0.8122274143302181,2.812227414330218,2,798,4,2,2,2,2,0,0,0,0,0.046573208722741496,34,0.07498598130841123,0.006985981308411224,0.068,0.0,0.0
4.029265,78,7493.495638,medium,1.0,4.0,3,778,4,2,2,2,2,0,0,0,0,0.047102803738316726,96,0.10706542056074751,0.007065420560747509,0.1,0.0,0.0
2.922441,90,7519.349328,medium,0.9376947040498442,2.9376947040498442,2,900,4,2,2,2,2,0,0,0,0,0.044976635514018745,34,0.07474649532710281,0.006746495327102811,0.068,0.0,0.0
2.877399,84,7542.837057,medium,0.9130062305295951,2.913006230529595,2,840,4,2,2,2,2,0,0,0,0,0.0026168224299065387,24,0.04839252336448598,0.0003925233644859808,0.048,0.0,0.0
2.605856,60,7559.89834,medium,0.5595015576323987,2.559501557632399,2,595,4,2,2,2,2,0,0,0,0,0.03902647975077826,69,0.10585397196261674,0.005853971962616739,0.1,0.0,0.0
1.702646,90,7590.713562,medium,0.6925233644859813,1.6925233644859814,1,900,4,2,2,2,2,0,0,0,0,0.000817757009345795,54,0.10012266355140187,0.00012266355140186925,0.1,0.0,0.0
4.050819,60,7608.282586,medium,1.0,4.0,3,595,4,2,2,2,2,0,0,0,0,0.0687928348909644,75,0.11031892523364467,0.010318925233644659,0.1,0.0,0.0
3.976605,73,7628.823814,medium,1.0,4.0,3,724,4,2,2,2,2,0,0,0,0,0.033364485981308034,22,0.049004672897196205,0.005004672897196206,0.044,0.0,0.0
4.041307,65,7647.271513,medium,1.0,4.0,3,648,4,2,2,2,2,0,0,0,0,0.06738317757009228,48,0.10610747663551384,0.01010747663551384,0.096,0.0,0.0
2.896948,69,7666.616695,medium,0.9376168224299065,2.9376168224299066,2,689,4,2,2,2,2,0,0,0,0,0.041542056074765556,11,0.02823130841121483,0.006231308411214833,0.022,0.0,0.0
4.018131,55,7682.424909,medium,1.0,4.0,3,541,4,2,2,2,2,0,0,0,0,0.04154205607476615,33,0.07223130841121493,0.006231308411214922,0.066,0.0,0.0
2.71149,64,7700.957278,medium,0.7745327102803738,2.774532710280374,2,633,4,2,2,2,2,0,0,0,0,0.001713395638629284,0,0.00025700934579439257,0.00025700934579439257,0.0,0.0,0.0
2.971237,68,7720.341404,medium,0.9359034267912772,2.935903426791277,2,674,4,2,2,2,2,0,0,0,0,0.01822429906542056,58,0.1027336448598131,0.002733644859813084,0.1,0.0,0.0
2.892057,90,7750.920614,medium,0.8771028037383177,2.8771028037383175,2,900,4,2,2,2,2,0,0,0,0,0.059696261682242194,48,0.10495443925233633,0.008954439252336329,0.096,0.0,0.0
0.347105,60,7768.460157,medium,0.30942367601246107,0.30942367601246107,0,593,4,2,2,2,2,0,0,0,0,0.0065420560747663685,48,0.09698130841121495,0.0009813084112149553,0.096,0.0,0.0
4.009828,70,7788.599192,medium,1.0,4.0,3,700,4,2,2,2,2,0,0,0,0,0.0655218068535814,35,0.07982827102803722,0.00982827102803721,0.07,0.0,0.0
2.954666,77,7810.76765,medium,0.9523831775700935,2.9523831775700935,2,766,4,2,2,2,2,0,0,0,0,0.005887850467289784,39,0.07888317757009349,0.0008831775700934676,0.07800000000000001,0.0,0.0
4.03817,70,7831.050849,medium,1.0,4.0,3,694,4,2,2,2,2,0,0,0,0,0.0771339563862927,48,0.10757009345794391,0.011570093457943903,0.096,0.0,0.0
2.838702,90,7857.06104,medium,0.8258566978193146,2.8258566978193147,2,900,4,2,2,2,2,0,0,0,0,0.018971962616822036,72,0.10284579439252331,0.0028457943925233055,0.1,0.0,0.0
4.008211,70,7877.480181,medium,1.0,4.0,3,691,4,2,2,2,2,0,0,0,0,0.048738317757008244,35,0.07731074766355124,0.007310747663551236,0.07,0.0,0.0
2.858552,80,7906.662952,medium,0.8645638629283489,2.8645638629283487,2,792,4,2,2,2,2,0,0,0,0,0.04792056074766345,33,0.07318808411214953,0.007188084112149518,0.066,0.0,0.0
1.624873,83,7930.884411,medium,0.6074766355140186,1.6074766355140186,1,828,4,2,2,2,2,0,0,0,0,0.0013084112149532854,72,0.10019626168224299,0.00019626168224299282,0.1,0.0,0.0
2.549687,58,7947.89954,medium,0.5151869158878505,2.5151869158878504,2,575,4,2,2,2,2,0,0,0,0,0.0,46,0.092,0.0,0.092,0.0,0.0
2.827768,82,7971.412539,medium,0.8154984423676013,2.815498442367601,2,820,4,2,2,2,2,0,0,0,0,0.0017990654205607675,47,0.09426985981308411,0.00026985981308411507,0.094,0.0,0.0
2.83356,66,7990.677136,medium,0.7975077881619937,2.797507788161994,2,651,4,2,2,2,2,0,0,0,0,0.034345794392522194,48,0.10115186915887833,0.005151869158878329,0.096,0.0,0.0
2.883284,74,8011.943221,medium,0.8594626168224301,2.85946261682243,2,737,4,2,2,2,2,0,0,0,0,0.01014018691588794,48,0.09752102803738319,0.001521028037383191,0.096,0.0,0.0
2.974236,81,8035.395766,medium,0.9502336448598131,2.950233644859813,2,801,4,2,2,2,2,0,0,0,0,0.05401869158878536,48,0.1041028037383178,0.008102803738317803,0.096,0.0,0.0
2.886846,60,8058.29764,medium,0.8923676012461059,2.892367601246106,2,599,4,2,2,2,2,0,0,0,0,0.04252336448598107,24,0.05437850467289716,0.00637850467289716,0.048,0.0,0.0
2.882163,90,8084.102282,medium,0.9034267912772586,2.9034267912772584,2,900,4,2,2,2,2,0,0,0,0,0.004906542056074555,34,0.06873598130841119,0.0007359813084111832,0.068,0.0,0.0
4.045036,59,8101.022707,medium,1.0,4.0,3,583,4,2,2,2,2,0,0,0,0,0.022242990654205617,70,0.10333644859813085,0.0033364485981308423,0.1,0.0,0.0
2.921622,79,8123.749631,medium,0.9475856697819315,2.9475856697819314,2,788,4,2,2,2,2,0,0,0,0,0.03224299065420567,24,0.05283644859813085,0.0048364485981308505,0.048,0.0,0.0
2.840867,71,8143.770109,medium,0.8084890965732088,2.8084890965732088,2,709,4,2,2,2,2,0,0,0,0,0.048520249221183955,48,0.10327803738317759,0.007278037383177593,0.096,0.0,0.0
2.895183,90,8169.727433,medium,0.9458722741433022,2.9458722741433023,2,900,4,2,2,2,2,0,0,0,0,0.062071651090342815,15,0.039310747663551415,0.00931074766355142,0.03,0.0,0.0
3.950204,77,8191.812573,medium,1.0,4.0,3,762,4,2,2,2,2,0,0,0,0,0.016028037383177658,12,0.02640420560747665,0.002404205607476649,0.024,0.0,0.0
2.880854,90,8222.792958,medium,0.8667445482866044,2.8667445482866043,2,900,4,2,2,2,2,0,0,0,0,0.05406542056074779,48,0.10410981308411217,0.008109813084112167,0.096,0.0,0.0
2.829852,63,8240.643455,medium,0.7940809968847352,2.7940809968847353,2,623,4,2,2,2,2,0,0,0,0,0.05380841121495194,45,0.0980712616822428,0.008071261682242791,0.09000000000000001,0.0,0.0
1.654453,90,8265.81831,medium,0.6423676012461059,1.642367601246106,1,900,4,2,2,2,2,0,0,0,0,0.013901869158878264,88,0.10208528037383174,0.0020852803738317396,0.1,0.0,0.0
2.827226,80,8288.331223,medium,0.7975077881619937,2.797507788161994,2,798,4,2,2,2,2,0,0,0,0,0.06345794392523288,71,0.10951869158878494,0.009518691588784932,0.1,0.0,0.0
1.604379,63,8306.449725,medium,0.5675233644859813,1.5675233644859814,1,628,4,2,2,2,2,0,0,0,0,0.024369158878504618,48,0.0996553738317757,0.0036553738317756925,0.096,0.0,0.0
3.983,77,8329.203065,medium,1.0,4.0,3,770,4,2,2,2,2,0,0,0,0,0.0,30,0.060000000000000005,0.0,0.060000000000000005,0.0,0.0
0.384181,63,8347.231778,medium,0.34499221183800616,0.34499221183800616,0,627,4,2,2,2,2,0,0,0,0,0.012593457943925168,68,0.10188901869158878,0.001889018691588775,0.1,0.0,0.0
0.536294,61,8370.142601,medium,0.4950545171339558,0.4950545171339558,0,606,4,2,2,2,2,0,0,0,0,0.012266355140186386,57,0.10183995327102796,0.0018399532710279582,0.1,0.0,0.0
1.58432,67,8388.727209,medium,0.5520482866043612,1.5520482866043612,1,665,4,2,2,2,2,0,0,0,0,0.01848130841121473,48,0.09877219626168221,0.002772196261682209,0.096,0.0,0.0
0.451208,76,8410.645711,medium,0.45786604361370714,0.45786604361370714,0,751,4,2,2,2,2,0,0,0,0,0.002943925233644733,34,0.06844158878504672,0.00044158878504670985,0.068,0.0,0.0
1.579745,74,8431.913224,medium,0.5496105919003115,1.5496105919003114,1,733,4,2,2,2,2,0,0,0,0,0.02289719626168223,58,0.10343457943925234,0.0034345794392523343,0.1,0.0,0.0
2.938343,70,8451.896932,medium,0.9403426791277258,2.940342679127726,2,700,4,2,2,2,2,0,0,0,0,0.0,34,0.068,0.0,0.068,0.0,0.0
2.969301,75,8473.401136,medium,0.9720404984423676,2.9720404984423676,2,748,4,2,2,2,2,0,0,0,0,0.013738317757009434,35,0.0720607476635514,0.002060747663551415,0.06999999999999999,0.0,0.0
2.858536,63,8491.080866,medium,0.8133177570093458,2.813317757009346,2,625,4,2,2,2,2,0,0,0,0,0.05145638629283486,67,0.10771845794392523,0.0077184579439252285,0.1,0.0,0.0
2.931836,66,8515.536856,medium,0.9016355140186916,2.9016355140186914,2,658,4,2,2,2,2,0,0,0,0,0.0,48,0.096,0.0,0.096,0.0,0.0
1.711116,69,8535.711233,medium,0.6814641744548287,1.6814641744548287,1,689,4,2,2,2,2,0,0,0,0,0.017009345794392648,48,0.0985514018691589,0.002551401869158897,0.096,0.0,0.0
4.0085,72,8556.138046,medium,1.0,4.0,3,715,4,2,2,2,2,0,0,0,0,0.0,40,0.08,0.0,0.08,0.0,0.0
1.529956,90,8581.709328,medium,0.5839563862928349,1.5839563862928348,1,900,4,2,2,2,2,0,0,0,0,0.0,18,0.036000000000000004,0.0,0.036000000000000004,0.0,0.0
2.831495,90,8607.774962,medium,0.8214953271028037,2.8214953271028036,2,900,4,2,2,2,2,0,0,0,0,0.0,53,0.1,0.0,0.1,0.0,0.0
2.827616,70,8627.97105,medium,0.7903426791277258,2.790342679127726,2,693,4,2,2,2,2,0,0,0,0,0.0704906542056057,48,0.10657359813084086,0.010573598130840856,0.096,0.0,0.0
2.702304,60,8645.093614,medium,0.664797507788162,2.664797507788162,2,594,4,2,2,2,2,0,0,0,0,0.032710280373830364,46,0.09690654205607455,0.004906542056074555,0.092,0.0,0.0
1.667325,68,8670.277641,medium,0.661993769470405,1.661993769470405,1,678,4,2,2,2,2,0,0,0,0,0.03420560747663557,34,0.07313084112149534,0.005130841121495335,0.068,0.0,0.0
2.650571,61,8688.089615,medium,0.645171339563863,2.6451713395638627,2,606,4,2,2,2,2,0,0,0,0,0.0,33,0.066,0.0,0.066,0.0,0.0
3.984577,68,8707.703409,medium,1.0,4.0,3,672,4,2,2,2,2,0,0,0,0,0.051845794392522127,22,0.051776869158878316,0.007776869158878321,0.044,0.0,0.0
2.866935,66,8726.816185,medium,0.8509345794392523,2.850934579439252,2,660,4,2,2,2,2,0,0,0,0,0.0,41,0.08199999999999999,0.0,0.08199999999999999,0.0,0.0
1.588353,66,8746.372689,medium,0.5855140186915888,1.5855140186915888,1,655,4,2,2,2,2,0,0,0,0,0.0022585669781931645,34,0.06833878504672898,0.00033878504672897467,0.068,0.0,0.0
4.006786,59,8763.033638,medium,1.0,4.0,3,582,4,2,2,2,2,0,0,0,0,0.04657320872274156,29,0.06498598130841124,0.006985981308411234,0.058,0.0,0.0
3.9908,70,8783.143552,medium,1.0,4.0,3,692,4,2,2,2,2,0,0,0,0,0.0,30,0.060000000000000005,0.0,0.060000000000000005,0.0,0.0
2.807864,65,8801.651717,medium,0.765809968847352,2.765809968847352,2,643,4,2,2,2,2,0,0,0,0,0.042359813084111304,61,0.1063539719626167,0.006353971962616696,0.1,0.0,0.0
2.79775,90,8833.662328,medium,0.8176791277258567,2.8176791277258566,2,900,4,2,2,2,2,0,0,0,0,0.05380841121495194,31,0.0700712616822428,0.008071261682242791,0.062000000000000006,0.0,0.0
1.853208,90,8859.583827,medium,0.8451713395638629,1.845171339563863,1,900,4,2,2,2,2,0,0,0,0,0.013574766355140273,48,0.09803621495327104,0.0020362149532710413,0.096,0.0,0.0
0.358415,60,8877.19582,medium,0.336214953271028,0.336214953271028,0,598,4,2,2,2,2,0,0,0,0,0.0,41,0.08200000000000002,0.0,0.08200000000000002,0.0,0.0
2.909944,68,8896.790822,medium,0.8771028037383177,2.8771028037383175,2,676,4,2,2,2,2,0,0,0,0,0.002943925233644733,64,0.10044158878504672,0.00044158878504670996,0.1,0.0,0.0
2.694752,60,8914.262451,medium,0.6573208722741433,2.657320872274143,2,595,4,2,2,2,2,0,0,0,0,0.03287383177570052,46,0.09693107476635507,0.004931074766355077,0.092,0.0,0.0
2.711413,90,8940.326749,medium,0.6931464174454829,2.693146417445483,2,900,4,2,2,2,2,0,0,0,0,0.05510903426791193,89,0.1082663551401868,0.00826635514018679,0.1,0.0,0.0
0.454862,59,8956.938404,medium,0.4131619937694704,0.4131619937694704,0,583,4,2,2,2,2,0,0,0,0,0.0,72,0.1,0.0,0.1,0.0,0.0
4.033162,77,8984.94747,medium,1.0,4.0,3,762,4,2,2,2,2,0,0,0,0,0.06241433021806721,57,0.10936214953271009,0.009362149532710081,0.1,0.0,0.0
4.03715,61,9002.327966,medium,1.0,4.0,3,610,4,2,2,2,2,0,0,0,0,0.014330218068535823,48,0.09814953271028037,0.0021495327102803736,0.096,0.0,0.0
2.749176,60,9019.831119,medium,0.7073208722741433,2.7073208722741433,2,592,4,2,2,2,2,0,0,0,0,0.007032710280373909,64,0.1010549065420561,0.0010549065420560864,0.1,0.0,0.0
1.611682,65,9038.608643,medium,0.575155763239875,1.575155763239875,1,647,4,2,2,2,2,0,0,0,0,0.008177570093457591,79,0.10122663551401864,0.0012266355140186386,0.1,0.0,0.0
2.750454,64,9057.513773,medium,0.704595015576324,2.704595015576324,2,639,4,2,2,2,2,0,0,0,0,0.065062305295949,66,0.10975934579439235,0.009759345794392351,0.1,0.0,0.0
1.670028,79,9079.89443,medium,0.6799688473520243,1.6799688473520242,1,781,4,2,2,2,2,0,0,0,0,0.01439252336448536,33,0.06815887850467281,0.002158878504672804,0.066,0.0,0.0
2.919875,90,9105.060338,medium,0.9034267912772586,2.9034267912772584,2,900,4,2,2,2,2,0,0,0,0,0.042990654205607604,52,0.10644859813084115,0.00644859813084114,0.1,0.0,0.0
1.648438,60,9128.424395,medium,0.6118380062305296,1.6118380062305295,1,594,4,2,2,2,2,0,0,0,0,0.0,48,0.096,0.0,0.096,0.0,0.0
0.311107,69,9148.074644,medium,0.31985981308411215,0.31985981308411215,0,689,4,2,2,2,2,0,0,0,0,0.0009813084112149542,30,0.060147196261682245,0.0001471962616822431,0.060000000000000005,0.0,0.0
4.003341,69,9168.255585,medium,1.0,4.0,3,690,4,2,2,2,2,0,0,0,0,0.05560747663551299,32,0.07234112149532695,0.008341121495326948,0.064,0.0,0.0
2.963777,90,9193.625384,medium,0.946417445482866,2.946417445482866,2,900,4,2,2,2,2,0,0,0,0,0.04906542056074628,53,0.10735981308411195,0.007359813084111943,0.1,0.0,0.0
1.695661,61,9210.994349,medium,0.6577336448598126,1.6577336448598126,1,606,4,2,2,2,2,0,0,0,0,0.01684579439252292,48,0.09852686915887844,0.0025268691588784383,0.096,0.0,0.0
1.638854,84,9235.184523,medium,0.643380062305296,1.643380062305296,1,839,4,2,2,2,2,0,0,0,0,0.009158878504672941,39,0.07937383177570094,0.001373831775700941,0.078,0.0,0.0
4.020476,86,9259.62446,medium,1.0,4.0,3,859,4,2,2,2,2,0,0,0,0,0.04250778816199378,72,0.10637616822429907,0.006376168224299066,0.1,0.0,0.0
0.531027,59,9280.806369,medium,0.4883177570093458,0.4883177570093458,0,581,4,2,2,2,2,0,0,0,0,0.005397196261682243,65,0.10080957943925234,0.0008095794392523364,0.1,0.0,0.0
2.938488,74,9301.603614,medium,0.92398753894081,2.92398753894081,2,735,4,2,2,2,2,0,0,0,0,0.0,44,0.088,0.0,0.088,0.0,0.0
1.672946,79,9324.154793,medium,0.6536604361370717,1.6536604361370717,1,787,4,2,2,2,2,0,0,0,0,0.013239875389408098,48,0.09798598130841121,0.0019859813084112145,0.096,0.0,0.0
4.030967,74,9345.781204,medium,1.0,4.0,3,734,4,2,2,2,2,0,0,0,0,0.029112149532710272,72,0.10436682242990655,0.00436682242990654,0.1,0.0,0.0
1.622544,72,9366.053828,medium,0.6242211838006231,1.624221183800623,1,718,4,2,2,2,2,0,0,0,0,0.000817757009345795,35,0.07012266355140187,0.00012266355140186925,0.07,0.0,0.0
0.480508,67,9385.00331,medium,0.48450155763239877,0.48450155763239877,0,663,4,2,2,2,2,0,0,0,0,0.01537383177570104,30,0.06230607476635516,0.002306074766355156,0.060000000000000005,0.0,0.0
2.544856,60,9402.112963,medium,0.5026479750778816,2.5026479750778816,2,600,4,2,2,2,2,0,0,0,0,0.014719626168223664,72,0.10220794392523355,0.0022079439252335495,0.1,0.0,0.0
1.640523,67,9425.894105,medium,0.6051401869158879,1.605140186915888,1,670,4,2,2,2,2,0,0,0,0,0.015887850467289716,65,0.10238317757009346,0.0023831775700934575,0.1,0.0,0.0
1.566326,71,9446.186416,medium,0.5388006230529591,1.5388006230529592,1,710,4,2,2,2,2,0,0,0,0,0.016838006230529157,48,0.09852570093457938,0.002525700934579373,0.096,0.0,0.0
2.84896,90,9472.182601,medium,0.8339563862928349,2.8339563862928348,2,900,4,2,2,2,2,0,0,0,0,0.060023364485980286,48,0.10500350467289704,0.009003504672897044,0.096,0.0,0.0
2.817766,90,9497.754291,medium,0.8060747663551402,2.80607476635514,2,900,4,2,2,2,2,0,0,0,0,0.03794392523364412,48,0.10169158878504662,0.005691588785046617,0.096,0.0,0.0
2.780759,67,9516.978409,medium,0.7550856697819314,2.7550856697819315,2,670,4,2,2,2,2,0,0,0,0,0.04448598130841029,43,0.09267289719626155,0.006672897196261543,0.08600000000000001,0.0,0.0
2.947717,90,9542.61797,medium,0.9354361370716511,2.935436137071651,2,900,4,2,2,2,2,0,0,0,0,0.04186915887850385,48,0.10228037383177557,0.006280373831775578,0.096,0.0,0.0
2.702381,76,9564.456054,medium,0.7728971962616823,2.7728971962616824,2,753,4,2,2,2,2,0,0,0,0,0.03189252336448561,0,0.00478387850467284,0.00478387850467284,0.0,0.0,0.0
0.373963,72,9589.631224,medium,0.3897196261682243,0.3897196261682243,0,714,4,2,2,2,2,0,0,0,0,0.010957943925233703,27,0.055643691588785064,0.0016436915887850555,0.054000000000000006,0.0,0.0
2.85156,90,9615.12067,medium,0.8334890965732087,2.8334890965732087,2,900,4,2,2,2,2,0,0,0,0,0.05380841121495194,69,0.10807126168224279,0.00807126168224279,0.1,0.0,0.0
2.88409,70,9635.506277,medium,0.8738317757009346,2.8738317757009346,2,700,4,2,2,2,2,0,0,0,0,0.055054517133955067,36,0.08025817757009326,0.00825817757009326,0.07200000000000001,0.0,0.0
2.786205,90,9661.166348,medium,0.7799844236760125,2.7799844236760123,2,900,4,2,2,2,2,0,0,0,0,0.001471962616822431,48,0.09622079439252337,0.00022079439252336466,0.096,0.0,0.0
4.026194,66,9680.908811,medium,1.0,4.0,3,656,4,2,2,2,2,0,0,0,0,0.06529595015576327,41,0.09179439252336451,0.00979439252336449,0.08200000000000002,0.0,0.0
4.016022,78,9703.255109,medium,1.0,4.0,3,780,4,2,2,2,2,0,0,0,0,0.053481308411213645,43,0.09402219626168205,0.008022196261682048,0.08600000000000001,0.0,0.0
4.033924,67,9726.858741,medium,1.0,4.0,3,668,4,2,2,2,2,0,0,0,0,0.0714953271028031,45,0.10072429906542046,0.010724299065420464,0.09,0.0,0.0
2.827036,90,9753.044194,medium,0.8601246105919003,2.8601246105919005,2,900,4,2,2,2,2,0,0,0,0,0.05940809968847375,24,0.05691121495327106,0.008911214953271062,0.048,0.0,0.0
1.594741,65,9771.394416,medium,0.620404984423676,1.620404984423676,1,645,4,2,2,2,2,0,0,0,0,0.03224299065420567,17,0.03883644859813085,0.00483644859813085,0.034,0.0,0.0
2.673066,63,9789.004084,medium,0.6584813084112151,2.658481308411215,2,621,4,2,2,2,2,0,0,0,0,0.057897196261681445,34,0.07668457943925222,0.008684579439252216,0.068,0.0,0.0
0.482217,66,9807.956695,medium,0.4940420560747651,0.4940420560747651,0,651,4,2,2,2,2,0,0,0,0,0.03516355140186789,24,0.05327453271028018,0.005274532710280184,0.048,0.0,0.0
4.026274,82,9831.312573,medium,1.0,4.0,3,811,4,2,2,2,2,0,0,0,0,0.04915887850467273,66,0.10737383177570091,0.007373831775700909,0.1,0.0,0.0
3.889068,52,9846.21593,medium,1.0,4.0,3,513,2,1,1,1,1,0,0,0,2,0.0024532710280373805,0,-0.05963200934579439,0.00036799065420560706,0.0,0.0,0.06
2.641381,71,9866.969624,medium,0.7069314641744548,2.706931464174455,2,702,4,2,2,2,2,0,0,0,0,0.03099688473520255,0,0.004649532710280382,0.004649532710280382,0.0,0.0,0.0
2.890595,72,9892.225975,medium,0.8542056074766355,2.8542056074766355,2,719,4,2,2,2,2,0,0,0,0,0.055264797507787976,72,0.10828971962616821,0.008289719626168196,0.1,0.0,0.0
1.804883,85,9917.097195,medium,0.8353271028037378,1.835327102803738,1,849,4,2,2,2,2,0,0,0,0,0.04303738317756962,24,0.05445560747663544,0.006455607476635443,0.048,0.0,0.0
2.736905,80,9940.633,medium,0.7472741433021807,2.747274143302181,2,794,4,2,2,2,2,0,0,0,0,0.006869158878504692,34,0.06903037383177571,0.0010303738317757037,0.068,0.0,0.0
2.63135,86,9965.326793,medium,0.6140965732087228,2.6140965732087227,2,852,4,2,2,2,2,0,0,0,0,0.016355140186916004,72,0.1024532710280374,0.0024532710280374005,0.1,0.0,0.0
1.548873,71,9985.696126,medium,0.5435358255451713,1.5435358255451712,1,706,4,2,2,2,2,0,0,0,0,0.039579439252336236,35,0.07593691588785044,0.005936915887850436,0.07,0.0,0.0
0.424338,61,10002.61922,medium,0.3836448598130841,0.3836448598130841,0,610,4,2,2,2,2,0,0,0,0,0.011285046728972025,72,0.10169275700934581,0.0016927570093458037,0.1,0.0,0.0
2.89274,87,10032.341786,medium,0.8760124610591901,2.87601246105919,2,866,4,2,2,2,2,0,0,0,0,0.02218068535825511,71,0.10332710280373827,0.0033271028037382662,0.1,0.0,0.0
2.837434,65,10051.015989,medium,0.7984112149532709,2.798411214953271,2,643,4,2,2,2,2,0,0,0,0,0.06214953271027887,47,0.10332242990654184,0.00932242990654183,0.094,0.0,0.0
4.004901,67,10070.142869,medium,1.0,4.0,3,670,4,2,2,2,2,0,0,0,0,0.02600467289719514,34,0.07190070093457927,0.0039007009345792707,0.068,0.0,0.0
1.559526,70,10090.228308,medium,0.5615264797507789,1.5615264797507789,1,700,4,2,2,2,2,0,0,0,0,0.0,34,0.068,0.0,0.068,0.0,0.0
4.029052,71,10110.987855,medium,1.0,4.0,3,702,4,2,2,2,2,0,0,0,0,0.061682242990653,45,0.09925233644859796,0.00925233644859795,0.09000000000000001,0.0,0.0
4.030356,78,10133.701321,medium,1.0,4.0,3,772,4,2,2,2,2,0,0,0,0,0.050373831775700095,96,0.10755607476635502,0.007556074766355015,0.1,0.0,0.0
1.588144,63,10151.669615,medium,0.5927959501557621,1.5927959501557623,1,627,4,2,2,2,2,0,0,0,0,0.026985981308410182,27,0.058047897196261536,0.004047897196261527,0.054000000000000006,0.0,0.0
2.883815,90,10181.774958,medium,0.9654984423676013,2.9654984423676014,2,900,4,2,2,2,2,0,0,0,0,0.05544392523364373,0,0.008316588785046557,0.008316588785046557,0.0,0.0,0.0
2.87119,72,10202.702464,medium,0.848208722741433,2.848208722741433,2,713,4,2,2,2,2,0,0,0,0,0.01521028037383188,46,0.09428154205607478,0.002281542056074782,0.092,0.0,0.0
2.961977,90,10228.50529,medium,0.9475077881619938,2.9475077881619938,2,900,4,2,2,2,2,0,0,0,0,0.056464174454828764,48,0.10446962616822432,0.008469626168224316,0.096,0.0,0.0
4.048071,60,10245.485024,medium,1.0,4.0,3,600,4,2,2,2,2,0,0,0,0,0.05380841121495194,64,0.10807126168224279,0.008071261682242791,0.1,0.0,0.0
1.514474,68,10265.006577,medium,0.5222741433021807,1.5222741433021807,1,678,4,2,2,2,2,0,0,0,0,0.0,30,0.06,0.0,0.06,0.0,0.0
2.933091,74,10286.688112,medium,0.8975467289719626,2.8975467289719625,2,739,4,2,2,2,2,0,0,0,0,0.08962616822429761,48,0.10944392523364464,0.01344392523364464,0.096,0.0,0.0
4.05042,60,10303.561207,medium,1.0,4.0,3,599,4,2,2,2,2,0,0,0,0,0.12213395638629222,46,0.11032009345794384,0.01832009345794383,0.09200000000000001,0.0,0.0
2.896103,65,10322.341312,medium,0.8607476635514019,2.8607476635514018,2,643,4,2,2,2,2,0,0,0,0,0.024369158878504188,48,0.09965537383177563,0.0036553738317756275,0.096,0.0,0.0
1.772617,70,10346.357247,medium,0.7545171339563863,1.7545171339563863,1,699,4,2,2,2,2,0,0,0,0,0.0,44,0.088,0.0,0.088,0.0,0.0
4.005299,65,10364.615057,medium,1.0,4.0,3,650,4,2,2,2,2,0,0,0,0,0.028660436137071667,33,0.07029906542056075,0.004299065420560751,0.066,0.0,0.0
0.370689,61,10382.172428,medium,0.3643224299065421,0.3643224299065421,0,601,4,2,2,2,2,0,0,0,0,0.003107476635514053,33,0.06646612149532712,0.0004661214953271079,0.066,0.0,0.0
1.682079,90,10408.292835,medium,0.6740186915887851,1.6740186915887851,1,900,4,2,2,2,2,0,0,0,0,0.013738317757009488,48,0.09806074766355143,0.0020607476635514234,0.096,0.0,0.0
2.893163,77,10430.094548,medium,0.893380062305296,2.893380062305296,2,764,4,2,2,2,2,0,0,0,0,0.054556074766355336,34,0.07618341121495331,0.0081834112149533,0.068,0.0,0.0
4.039264,63,10448.050383,medium,1.0,4.0,3,626,4,2,2,2,2,0,0,0,0,0.012429906542055988,60,0.1018644859813084,0.0018644859813083982,0.1,0.0,0.0
4.0056,61,10465.561687,medium,1.0,4.0,3,604,4,2,2,2,2,0,0,0,0,0.0,33,0.066,0.0,0.066,0.0,0.0
3.947525,83,10494.038142,medium,1.0,4.0,3,825,4,2,2,2,2,0,0,0,0,0.00016355140186915187,15,0.030024532710280372,2.4532710280372778e-05,0.03,0.0,0.0
2.812993,69,10514.222421,medium,0.8040498442367601,2.80404984423676,2,686,4,2,2,2,2,0,0,0,0,0.06362149532710179,34,0.07754322429906527,0.009543224299065267,0.068,0.0,0.0
3.986859,64,10532.324409,medium,1.0,4.0,3,633,4,2,2,2,2,0,0,0,0,0.014392523364486052,24,0.05015887850467291,0.0021588785046729076,0.048,0.0,0.0
2.950408,83,10556.321167,medium,0.9785825545171339,2.978582554517134,2,822,4,2,2,2,2,0,0,0,0,0.04017133956386287,24,0.05402570093457943,0.0060257009345794305,0.048,0.0,0.0
2.938813,68,10575.687153,medium,0.9034267912772586,2.9034267912772584,2,679,4,2,2,2,2,0,0,0,0,0.04857476635513949,48,0.10328621495327092,0.007286214953270923,0.096,0.0,0.0
4.023358,82,10599.219526,medium,1.0,4.0,3,814,4,2,2,2,2,0,0,0,0,0.058387850467288546,48,0.10475817757009329,0.00875817757009328,0.096,0.0,0.0
2.850143,73,10620.372156,medium,0.8214953271028037,2.8214953271028036,2,728,4,2,2,2,2,0,0,0,0,0.009649532710280424,72,0.10144742990654207,0.0014474299065420635,0.1,0.0,0.0
0.458914,61,10642.400277,medium,0.48163551401869054,0.48163551401869054,0,605,4,2,2,2,2,0,0,0,0,0.025186915887849395,17,0.037778037383177414,0.0037780373831774092,0.034,0.0,0.0
1.752962,62,10660.228378,medium,0.7121573208722739,1.712157320872274,1,615,4,2,2,2,2,0,0,0,0,0.04203271028037365,48,0.10230490654205605,0.0063049065420560475,0.096,0.0,0.0
1.662047,90,10686.129319,medium,0.6515576323987539,1.6515576323987537,1,900,4,2,2,2,2,0,0,0,0,0.029929906542055785,48,0.10048948598130837,0.0044894859813083676,0.096,0.0,0.0
2.87443,90,10711.754788,medium,0.9103582554517134,2.9103582554517136,2,900,4,2,2,2,2,0,0,0,0,0.05380841121495194,23,0.05407126168224279,0.008071261682242791,0.046,0.0,0.0
2.824918,90,10737.72986,medium,0.8131619937694704,2.8131619937694703,2,900,4,2,2,2,2,0,0,0,0,0.03837227414330167,48,0.10175584112149526,0.00575584112149525,0.096,0.0,0.0
2.747959,65,10756.426868,medium,0.7531931464174455,2.7531931464174457,2,644,4,2,2,2,2,0,0,0,0,0.07443925233644784,24,0.059165887850467176,0.011165887850467175,0.048,0.0,0.0
2.927067,86,10786.272037,medium,0.9409657320872274,2.9409657320872276,2,857,4,2,2,2,2,0,0,0,0,0.05200934579439128,32,0.07180140186915869,0.0078014018691586915,0.064,0.0,0.0
1.740331,68,10805.728762,medium,0.7132398753894081,1.7132398753894083,1,674,4,2,2,2,2,0,0,0,0,0.003271028037383173,47,0.09449065420560748,0.0004906542056074759,0.094,0.0,0.0
4.025455,62,10823.675206,medium,1.0,4.0,3,618,4,2,2,2,2,0,0,0,0,0.06169781931464186,39,0.0872546728971963,0.00925467289719628,0.07800000000000001,0.0,0.0
1.503834,73,10844.749564,medium,0.5075545171339564,1.5075545171339564,1,728,4,2,2,2,2,0,0,0,0,0.007196261682242963,34,0.06907943925233645,0.0010794392523364445,0.068,0.0,0.0
2.964484,79,10867.632744,medium,0.9393302180685358,2.9393302180685357,2,785,4,2,2,2,2,0,0,0,0,0.05102803738317723,48,0.10365420560747658,0.0076542056074765845,0.096,0.0,0.0
1.602874,61,10885.431201,medium,0.5904984423676013,1.5904984423676014,1,609,4,2,2,2,2,0,0,0,0,0.008504672897196298,36,0.07327570093457945,0.0012757009345794447,0.07200000000000001,0.0,0.0
2.75212,67,10904.773898,medium,0.7111370716510903,2.7111370716510903,2,665,4,2,2,2,2,0,0,0,0,0.04988317757009231,60,0.10748247663551386,0.007482476635513846,0.1,0.0,0.0
1.692952,90,10930.149291,medium,0.6848909657320872,1.6848909657320872,1,900,4,2,2,2,2,0,0,0,0,0.013738317757009432,48,0.09806074766355141,0.002060747663551415,0.096,0.0,0.0
2.838593,66,10953.684175,medium,0.8020404984423677,2.8020404984423677,2,659,4,2,2,2,2,0,0,0,0,0.043014018691588045,48,0.1024521028037382,0.006452102803738207,0.096,0.0,0.0
4.003585,74,10974.798013,medium,1.0,4.0,3,739,4,2,2,2,2,0,0,0,0,0.063232087227413,34,0.07748481308411195,0.009484813084111948,0.068,0.0,0.0
4.006625,63,10993.32344,medium,1.0,4.0,3,626,4,2,2,2,2,0,0,0,0,0.034836448598130995,32,0.06922546728971965,0.005225467289719648,0.064,0.0,0.0
4.049364,58,11009.924591,medium,1.0,4.0,3,578,4,2,2,2,2,0,0,0,0,0.04775700934579295,71,0.10716355140186895,0.007163551401868943,0.1,0.0,0.0
1.812215,77,11031.154892,medium,0.8092679127725857,1.8092679127725857,1,767,4,2,2,2,2,0,0,0,0,0.010981308411214951,39,0.07964719626168226,0.0016471962616822426,0.07800000000000001,0.0,0.0
3.89448,52,11046.171955,medium,1.0,4.0,3,518,2,2,0,2,0,0,0,0,2,0.04186915887850374,0,-0.05371962616822444,0.0062803738317755604,0.0,0.0,0.06
1.660493,66,11064.835775,medium,0.6676168224299057,1.6676168224299057,1,657,4,2,2,2,2,0,0,0,0,0.017172897196260962,28,0.058575934579439146,0.002575934579439144,0.056,0.0,0.0
1.701173,90,11094.671864,medium,0.7185358255451714,1.7185358255451715,1,900,4,2,2,2,2,0,0,0,0,0.030911214953270694,34,0.07263668224299061,0.004636682242990605,0.068,0.0,0.0
1.92128,90,11120.260596,medium,0.9424454828660436,1.9424454828660436,1,900,4,2,2,2,2,0,0,0,0,0.005560747663551404,34,0.06883411214953272,0.0008341121495327107,0.068,0.0,0.0
2.644268,90,11146.418249,medium,0.6342679127725857,2.634267912772586,2,900,4,2,2,2,2,0,0,0,0,0.0,94,0.1,0.0,0.1,0.0,0.0
4.032715,77,11168.393724,medium,1.0,4.0,3,765,4,2,2,2,2,0,0,0,0,0.061433021806852235,72,0.10921495327102784,0.009214953271027834,0.1,0.0,0.0
2.966828,89,11193.997582,medium,0.947429906542056,2.947429906542056,2,886,4,2,2,2,2,0,0,0,0,0.053317757009344484,72,0.10799766355140168,0.007997663551401673,0.1,0.0,0.0
2.760633,61,11211.14473,medium,0.75,2.75,2,604,4,2,2,2,2,0,0,0,0,0.020218068535825553,34,0.07103271028037383,0.0030327102803738323,0.068,0.0,0.0
1.632295,74,11236.509809,medium,0.6073208722741433,1.6073208722741432,1,737,4,2,2,2,2,0,0,0,0,0.01782710280373845,48,0.09867406542056077,0.002674065420560768,0.096,0.0,0.0
2.829807,84,11260.339347,medium,0.8099688473520249,2.809968847352025,2,834,4,2,2,2,2,0,0,0,0,0.021588785046728995,75,0.10323831775700935,0.0032383177570093494,0.1,0.0,0.0
0.4343,60,11277.624288,medium,0.3982866043613707,0.3982866043613707,0,599,4,2,2,2,2,0,0,0,0,0.01275700934579408,47,0.09591355140186911,0.001913551401869112,0.094,0.0,0.0
2.935894,71,11297.842982,medium,0.9034267912772586,2.9034267912772584,2,704,4,2,2,2,2,0,0,0,0,0.07244548286604244,46,0.10286682242990636,0.010866822429906366,0.092,0.0,0.0
4.035,61,11315.072292,medium,1.0,4.0,3,610,4,2,2,2,2,0,0,0,0,0.0,48,0.096,0.0,0.096,0.0,0.0
2.928551,70,11335.062924,medium,0.9032710280373831,2.9032710280373832,2,700,4,2,2,2,2,0,0,0,0,0.03520249221183807,45,0.0952803738317757,0.0052803738317757105,0.09,0.0,0.0
4.027042,74,11355.771455,medium,1.0,4.0,3,733,4,2,2,2,2,0,0,0,0,0.028948598130841236,48,0.1003422897196262,0.004342289719626185,0.096,0.0,0.0
1.751194,82,11379.703276,medium,0.7355919003115264,1.7355919003115265,1,816,4,2,2,2,2,0,0,0,0,0.008014018691588817,48,0.09720210280373832,0.0012021028037383225,0.096,0.0,0.0
1.593089,61,11401.489267,medium,0.5549844236760124,1.5549844236760124,1,603,4,2,2,2,2,0,0,0,0,0.016028037383177682,48,0.09840420560747666,0.002404205607476653,0.096,0.0,0.0
2.978557,90,11427.861574,medium,0.9622274143302181,2.962227414330218,2,900,4,2,2,2,2,0,0,0,0,0.042196261682242164,82,0.10632943925233633,0.006329439252336324,0.1,0.0,0.0
2.69274,77,11450.107224,medium,0.7472741433021807,2.747274143302181,2,763,4,2,2,2,2,0,0,0,0,0.011775700934579206,10,0.02176635514018688,0.0017663551401868804,0.02,0.0,0.0
3.9097,49,11463.812435,medium,1.0,4.0,3,483,1,0,1,0,1,0,0,0,3,0.0,24,-0.041999999999999996,0.0,0.048,0.0,0.09
2.934429,71,11484.534597,medium,0.9034267912772586,2.9034267912772584,2,702,4,2,2,2,2,0,0,0,0,0.008014018691588817,58,0.10120210280373833,0.0012021028037383225,0.1,0.0,0.0
4.025842,73,11505.851952,medium,1.0,4.0,3,727,4,2,2,2,2,0,0,0,0,0.01694704049844236,48,0.09854205607476636,0.002542056074766354,0.096,0.0,0.0
2.685678,69,11525.810898,medium,0.668613707165109,2.6686137071651093,2,688,4,2,2,2,2,0,0,0,0,0.07909657320872153,37,0.08586448598130825,0.01186448598130823,0.07400000000000001,0.0,0.0
2.940918,90,11556.165161,medium,0.9595015576323987,2.959501557632399,2,896,4,2,2,2,2,0,0,0,0,0.046775700934578036,32,0.0710163551401867,0.007016355140186704,0.064,0.0,0.0
2.748666,90,11582.118322,medium,0.7741510903426791,2.774151090342679,2,900,4,2,2,2,2,0,0,0,0,0.003434579439252374,32,0.06451518691588785,0.0005151869158878562,0.064,0.0,0.0
4.007728,82,11606.110864,medium,1.0,4.0,3,813,4,2,2,2,2,0,0,0,0,0.06018691588784914,40,0.08902803738317738,0.009028037383177373,0.08000000000000002,0.0,0.0
0.515679,59,11622.997687,medium,0.4735124610591901,0.4735124610591901,0,583,4,2,2,2,2,0,0,0,0,0.003107476635514053,69,0.10046612149532712,0.0004661214953271079,0.1,0.0,0.0
1.677384,88,11648.426498,medium,0.6799065420560748,1.6799065420560748,1,877,4,2,2,2,2,0,0,0,0,0.007850467289719656,42,0.08517757009345796,0.0011775700934579484,0.084,0.0,0.0
2.864693,64,11666.740484,medium,0.8376947040498443,2.837694704049844,2,631,4,2,2,2,2,0,0,0,0,0.000654205607476636,45,0.0900981308411215,9.81308411214954e-05,0.09000000000000001,0.0,0.0
1.74856,90,11697.493214,medium,0.7864875389408096,1.7864875389408095,1,900,4,2,2,2,2,0,0,0,0,0.027149532710280033,24,0.052072429906542005,0.0040724299065420045,0.048,0.0,0.0
3.989432,70,11718.138792,medium,1.0,4.0,3,694,4,2,2,2,2,0,0,0,0,0.05887850467289586,25,0.05883177570093438,0.00883177570093438,0.05,0.0,0.0
2.949526,90,11743.613455,medium,0.9376947040498442,2.9376947040498442,2,891,4,2,2,2,2,0,0,0,0,0.032873831775699684,48,0.10093107476635496,0.004931074766354952,0.096,0.0,0.0
0.491842,64,11762.234361,medium,0.48964174454828663,0.48964174454828663,0,638,4,2,2,2,2,0,0,0,0,0.0,33,0.066,0.0,0.066,0.0,0.0
2.944999,80,11785.095191,medium,0.9557632398753894,2.9557632398753895,2,795,4,2,2,2,2,0,0,0,0,0.00490654205607482,34,0.06873598130841123,0.000735981308411223,0.068,0.0,0.0
2.811364,61,11802.786864,medium,0.7859034267912772,2.7859034267912772,2,606,4,2,2,2,2,0,0,0,0,0.09373831775700842,36,0.08606074766355128,0.014060747663551264,0.07200000000000001,0.0,0.0
2.798198,67,11822.349077,medium,0.7632398753894081,2.763239875389408,2,665,4,2,2,2,2,0,0,0,0,0.049719626168223154,47,0.10145794392523348,0.007457943925233473,0.09400000000000001,0.0,0.0
4.046471,62,11844.913341,medium,1.0,4.0,3,616,4,2,2,2,2,0,0,0,0,0.05380841121495194,89,0.10807126168224279,0.008071261682242791,0.1,0.0,0.0
0.522632,62,11862.79374,medium,0.48226635514018673,0.48226635514018673,0,616,4,2,2,2,2,0,0,0,0,0.01310747663551386,95,0.10196612149532708,0.001966121495327079,0.1,0.0,0.0
2.819514,69,11882.900505,medium,0.7854906542056075,2.7854906542056073,2,687,4,2,2,2,2,0,0,0,0,0.01815420560747675,63,0.10272313084112152,0.0027231308411215125,0.1,0.0,0.0
2.846969,70,11902.919698,medium,0.8234423676012461,2.8234423676012463,2,696,4,2,2,2,2,0,0,0,0,0.060841121495325785,42,0.0931261682242989,0.009126168224298868,0.08400000000000002,0.0,0.0
1.808451,78,11925.745411,medium,0.7870560747663542,1.7870560747663542,1,775,4,2,2,2,2,0,0,0,0,0.019299065420559914,48,0.09889485981308399,0.002894859813083987,0.096,0.0,0.0
2.694109,90,11951.911124,medium,0.7357165109034268,2.7357165109034267,2,900,4,2,2,2,2,0,0,0,0,0.002616822429906571,24,0.04839252336448599,0.0003925233644859856,0.048,0.0,0.0
2.85166,75,11973.730908,medium,0.8961838006230529,2.896183800623053,2,750,4,2,2,2,2,0,0,0,0,0.01651090342679131,14,0.030476635514018698,0.0024766355140186966,0.028,0.0,0.0
2.893998,80,12001.469478,medium,0.9034267912772586,2.9034267912772584,2,795,4,2,2,2,2,0,0,0,0,0.05380841121495194,31,0.07007126168224279,0.00807126168224279,0.062,0.0,0.0
2.820671,78,12023.646815,medium,0.8427570093457943,2.842757009345794,2,773,4,2,2,2,2,0,0,0,0,0.021425233644859844,26,0.055213785046728976,0.003213785046728977,0.052,0.0,0.0
2.8229,86,12048.48963,medium,0.8558411214953271,2.855841121495327,2,858,4,2,2,2,2,0,0,0,0,0.005724299065420565,26,0.05285864485981309,0.0008586448598130848,0.052000000000000005,0.0,0.0
4.03959,61,12066.241878,medium,1.0,4.0,3,610,4,2,2,2,2,0,0,0,0,0.030599688473520324,48,0.10058995327102804,0.004589953271028048,0.096,0.0,0.0
1.584598,68,12085.521192,medium,0.5816978193146417,1.5816978193146416,1,671,4,2,2,2,2,0,0,0,0,0.0,35,0.06999999999999999,0.0,0.06999999999999999,0.0,0.0
4.0061,65,12104.694373,medium,1.0,4.0,3,650,4,2,2,2,2,0,0,0,0,0.06066978193146292,31,0.07110046728971944,0.009100467289719439,0.062000000000000006,0.0,0.0
2.642027,61,12122.691968,medium,0.5950934579439252,2.5950934579439253,2,605,4,2,2,2,2,0,0,0,0,0.04955607476635459,64,0.1074334112149532,0.007433411214953188,0.1,0.0,0.0
3.95225,76,12144.601516,medium,1.0,4.0,3,759,4,2,2,2,2,0,0,0,0,0.014330218068535823,13,0.028149532710280374,0.0021495327102803736,0.026000000000000002,0.0,0.0
1.504289,57,12166.022995,medium,0.5040965732087228,1.5040965732087228,1,562,4,2,2,2,2,0,0,0,0,0.0026168224299065357,28,0.05639252336448598,0.0003925233644859803,0.056,0.0,0.0
3.9807,68,12185.641805,medium,1.0,4.0,3,673,4,2,2,2,2,0,0,0,0,0.0,24,0.048,0.0,0.048,0.0,0.0
2.847868,71,12206.098736,medium,0.8929127725856698,2.89291277258567,2,707,4,2,2,2,2,0,0,0,0,0.024369158878503622,11,0.025655373831775543,0.0036553738317755434,0.022,0.0,0.0
4.008622,64,12224.640924,medium,1.0,4.0,3,634,4,2,2,2,2,0,0,0,0,0.053481308411213554,32,0.07202219626168203,0.008022196261682034,0.064,0.0,0.0
2.980949,90,12251.209085,medium,0.9611370716510903,2.9611370716510903,2,900,4,2,2,2,2,0,0,0,0,0.06541277258566844,85,0.10981191588785028,0.009811915887850266,0.1,0.0,0.0
2.993209,90,12277.5735,medium,0.9753115264797507,2.975311526479751,2,900,4,2,2,2,2,0,0,0,0,0.052647975077881694,52,0.10789719626168226,0.007897196261682254,0.1,0.0,0.0
4.043198,61,12294.870718,medium,1.0,4.0,3,608,4,2,2,2,2,0,0,0,0,0.053317757009344484,48,0.10399766355140168,0.007997663551401673,0.096,0.0,0.0
4.04332,59,12316.857845,medium,1.0,4.0,3,582,4,2,2,2,2,0,0,0,0,0.03679906542056069,48,0.1015198598130841,0.005519859813084104,0.096,0.0,0.0
4.023876,74,12338.583609,medium,1.0,4.0,3,734,4,2,2,2,2,0,0,0,0,0.008504672897196298,48,0.09727570093457945,0.001275700934579445,0.096,0.0,0.0
4.037478,64,12357.063593,medium,1.0,4.0,3,631,4,2,2,2,2,0,0,0,0,0.03052180685358273,48,0.10057827102803742,0.004578271028037409,0.096,0.0,0.0
2.973045,90,12383.095573,medium,0.9605919003115265,2.9605919003115266,2,900,4,2,2,2,2,0,0,0,0,0.016355140186915956,72,0.1024532710280374,0.002453271028037393,0.1,0.0,0.0
4.03197,74,12404.444082,medium,1.0,4.0,3,735,4,2,2,2,2,0,0,0,0,0.06313084112149409,48,0.10546962616822411,0.009469626168224114,0.096,0.0,0.0
2.865571,90,12430.053634,medium,0.8460280373831776,2.8460280373831774,2,900,4,2,2,2,2,0,0,0,0,0.06362149532710151,60,0.10954322429906524,0.009543224299065229,0.1,0.0,0.0
1.575093,64,12448.86941,medium,0.561183800623052,1.561183800623052,1,635,4,2,2,2,2,0,0,0,0,0.04939252336448501,35,0.07740887850467276,0.007408878504672751,0.07,0.0,0.0
2.904193,78,12475.64673,medium,0.9323208722741433,2.9323208722741434,2,776,4,2,2,2,2,0,0,0,0,0.00981308411214911,24,0.049471962616822365,0.0014719626168223665,0.048,0.0,0.0
2.73977,76,12497.395164,medium,0.7390965732087228,2.7390965732087227,2,753,4,2,2,2,2,0,0,0,0,0.053154205607475344,34,0.07597313084112131,0.007973130841121301,0.068,0.0,0.0
2.568757,59,12514.177803,medium,0.525,2.525,2,585,4,2,2,2,2,0,0,0,0,0.015046728971962365,90,0.10225700934579436,0.0022570093457943544,0.1,0.0,0.0
2.682134,67,12533.510763,medium,0.6806619937694705,2.6806619937694705,2,667,4,2,2,2,2,0,0,0,0,0.0011448598130841248,34,0.06817172897196262,0.0001717289719626187,0.068,0.0,0.0
2.887088,62,12551.420475,medium,0.8405295950155764,2.8405295950155764,2,616,4,2,2,2,2,0,0,0,0,0.05439252336448609,93,0.10815887850467291,0.008158878504672912,0.1,0.0,0.0
1.590062,62,12569.251356,medium,0.5853504672897195,1.5853504672897194,1,620,4,2,2,2,2,0,0,0,0,0.004742990654205455,33,0.06671144859813082,0.0007114485981308183,0.066,0.0,0.0
2.759131,63,12587.185589,medium,0.7107476635514018,2.710747663551402,2,625,4,2,2,2,2,0,0,0,0,0.07255451713395493,50,0.11088317757009324,0.010883177570093243,0.09999999999999999,0.0,0.0
0.469827,59,12608.37078,medium,0.4284267912772586,0.4284267912772586,0,586,4,2,2,2,2,0,0,0,0,0.0,93,0.1,0.0,0.1,0.0,0.0
0.52674,72,12629.372182,medium,0.49493769470404986,0.49493769470404986,0,720,4,2,2,2,2,0,0,0,0,0.025350467289719535,63,0.10380257009345793,0.0038025700934579297,0.1,0.0,0.0
2.819608,68,12649.262722,medium,0.8154984423676013,2.815498442367601,2,675,4,2,2,2,2,0,0,0,0,0.024065420560747716,34,0.07160981308411216,0.0036098130841121573,0.068,0.0,0.0
1.641128,71,12669.730227,medium,0.6532165109034265,1.6532165109034265,1,703,4,2,2,2,2,0,0,0,0,0.014742990654205236,28,0.05821144859813079,0.0022114485981307853,0.056,0.0,0.0
2.942517,72,12690.573587,medium,0.9223520249221184,2.9223520249221187,2,717,4,2,2,2,2,0,0,0,0,0.012429906542055539,45,0.09186448598130832,0.0018644859813083305,0.09,0.0,0.0
4.026268,82,12713.940569,medium,1.0,4.0,3,815,4,2,2,2,2,0,0,0,0,0.05178348909657223,96,0.10776752336448583,0.007767523364485834,0.1,0.0,0.0
2.904441,79,12736.545286,medium,0.9693146417445483,2.9693146417445484,2,787,4,2,2,2,2,0,0,0,0,0.05217289719626056,3,0.013825934579439083,0.007825934579439083,0.006,0.0,0.0
0.37421,58,12753.072891,medium,0.3288940809968847,0.3288940809968847,0,578,4,2,2,2,2,0,0,0,0,0.020771028037383187,72,0.10311565420560748,0.0031156542056074775,0.1,0.0,0.0
3.9651,53,12773.28115,medium,1.0,4.0,3,529,3,2,1,2,1,0,0,0,1,0.0,24,0.018000000000000002,0.0,0.048,0.0,0.03
1.54123,63,12791.364744,medium,0.504166666666666,1.504166666666666,1,622,4,2,2,2,2,0,0,0,0,0.021752336448597472,48,0.09926285046728962,0.003262850467289621,0.096,0.0,0.0
2.867497,63,12809.318212,medium,0.8743769470404984,2.8743769470404983,2,625,4,2,2,2,2,0,0,0,0,0.050802180685357745,24,0.055620327102803666,0.007620327102803661,0.048,0.0,0.0
1.50467,68,12828.981151,medium,0.5671339563862928,1.567133956386293,1,673,4,2,2,2,2,0,0,0,0,0.03224299065420567,0,0.0048364485981308505,0.0048364485981308505,0.0,0.0,0.0
2.753714,64,12847.027059,medium,0.7091121495327103,2.7091121495327104,2,640,4,2,2,2,2,0,0,0,0,0.05734423676012372,56,0.10860163551401857,0.008601635514018558,0.1,0.0,0.0
0.49505,61,12864.451681,medium,0.48785046728971965,0.48785046728971965,0,608,4,2,2,2,2,0,0,0,0,0.0,34,0.068,0.0,0.068,0.0,0.0
3.982093,49,12878.397235,medium,1.0,4.0,3,489,3,2,1,2,1,0,0,0,1,0.08661993769470284,24,0.030992990654205424,0.012992990654205425,0.048,0.0,0.03
4.001193,54,12893.877987,medium,1.0,4.0,3,538,4,2,2,2,2,0,0,0,0,0.006619937694704054,27,0.054992990654205605,0.000992990654205608,0.054,0.0,0.0
3.865916,51,12912.908733,medium,1.0,4.0,3,510,1,1,0,1,0,0,0,0,3,0.046105919003115337,0,-0.0830841121495327,0.006915887850467301,0.0,0.0,0.09
3.998078,59,12929.674182,medium,1.0,4.0,3,584,4,2,2,2,2,0,0,0,0,0.016518691588785158,27,0.056477803738317775,0.002477803738317774,0.054,0.0,0.0
2.972954,76,12951.785975,medium,0.9469626168224299,2.9469626168224297,2,752,4,2,2,2,2,0,0,0,0,0.034610591900311655,48,0.10119158878504675,0.0051915887850467485,0.096,0.0,0.0
3.979807,70,12972.114815,medium,1.0,4.0,3,696,4,2,2,2,2,0,0,0,0,0.04937694704049851,21,0.04940654205607478,0.007406542056074776,0.042,0.0,0.0
2.891212,68,12991.130686,medium,0.9470404984423676,2.9470404984423677,2,679,4,2,2,2,2,0,0,0,0,0.05380841121495194,2,0.012071261682242792,0.008071261682242791,0.004,0.0,0.0
2.937756,71,13012.018429,medium,0.9442367601246106,2.9442367601246104,2,706,4,2,2,2,2,0,0,0,0,0.08079439252336336,26,0.0641191588785045,0.012119158878504503,0.052000000000000005,0.0,0.0
2.73817,69,13031.912341,medium,0.750327102803738,2.750327102803738,2,684,4,2,2,2,2,0,0,0,0,0.054953271028036016,24,0.056242990654205405,0.008242990654205402,0.048,0.0,0.0
1.635479,63,13049.751277,medium,0.5975934579439239,1.597593457943924,1,628,4,2,2,2,2,0,0,0,0,0.031238317757008093,48,0.10068574766355122,0.0046857476635512145,0.096,0.0,0.0
1.598041,63,13072.318453,medium,0.5582554517133956,1.5582554517133955,1,623,4,2,2,2,2,0,0,0,0,0.013901869158878595,68,0.1020852803738318,0.002085280373831789,0.1,0.0,0.0
0.492246,65,13090.982123,medium,0.4566744548286604,0.4566744548286604,0,646,4,2,2,2,2,0,0,0,0,0.0011448598130841248,68,0.10017172897196262,0.00017172897196261874,0.1,0.0,0.0
1.602919,71,13111.314672,medium,0.5703271028037383,1.5703271028037382,1,702,4,2,2,2,2,0,0,0,0,0.01861370716510903,58,0.10279205607476637,0.002792056074766355,0.1,0.0,0.0
2.743061,64,13129.386936,medium,0.7035046728971963,2.7035046728971963,2,640,4,2,2,2,2,0,0,0,0,0.05037383177569971,48,0.10355607476635496,0.0075560747663549555,0.096,0.0,0.0
2.665314,60,13146.75266,medium,0.6185358255451714,2.6185358255451714,2,596,4,2,2,2,2,0,0,0,0,0.04252336448598069,52,0.10637850467289711,0.006378504672897104,0.1,0.0,0.0
2.761503,90,13172.461414,medium,0.8187694704049844,2.8187694704049844,2,900,4,2,2,2,2,0,0,0,0,0.0582242990654193,12,0.032733644859812894,0.008733644859812897,0.024,0.0,0.0
4.040767,63,13191.202294,medium,1.0,4.0,3,622,4,2,2,2,2,0,0,0,0,0.046448598130839895,48,0.10296728971962599,0.0069672897196259844,0.096,0.0,0.0
2.97757,90,13221.634082,medium,0.9654984423676013,2.9654984423676014,2,900,4,2,2,2,2,0,0,0,0,0.05380841121495194,47,0.10207126168224279,0.008071261682242791,0.094,0.0,0.0
2.897351,80,13244.238142,medium,0.868380062305296,2.868380062305296,2,791,4,2,2,2,2,0,0,0,0,0.05380841121495194,94,0.10807126168224279,0.00807126168224279,0.1,0.0,0.0
2.61187,59,13260.406581,medium,0.5863707165109034,2.5863707165109036,2,586,4,2,2,2,2,0,0,0,0,0.04066199376947033,39,0.08409929906542055,0.006099299065420548,0.078,0.0,0.0
1.562562,76,13282.367378,medium,0.5363707165109034,1.5363707165109033,1,757,4,2,2,2,2,0,0,0,0,0.03927570093457958,48,0.10189135514018693,0.005891355140186937,0.096,0.0,0.0
2.980992,61,13299.614192,medium,0.935981308411215,2.9359813084112147,2,603,4,2,2,2,2,0,0,0,0,0.062071651090342815,48,0.10531074766355142,0.009310747663551422,0.096,0.0,0.0
2.682978,61,13317.052518,medium,0.6361370716510903,2.63613707165109,2,602,4,2,2,2,2,0,0,0,0,0.04693925233644733,56,0.1070408878504671,0.007040887850467098,0.1,0.0,0.0
1.407979,63,13335.572928,medium,0.38317757009345793,1.3831775700934579,1,624,4,2,2,2,2,0,0,0,0,0.03467289719626026,41,0.08720093457943905,0.005200934579439038,0.082,0.0,0.0
2.776334,63,13353.319817,medium,0.7334890965732087,2.7334890965732086,2,630,4,2,2,2,2,0,0,0,0,0.038964174454828845,72,0.10584462616822433,0.005844626168224327,0.1,0.0,0.0
1.610718,83,13382.06772,medium,0.5887850467289719,1.588785046728972,1,829,4,2,2,2,2,0,0,0,0,0.03221962616822459,51,0.1048329439252337,0.004832943925233688,0.1,0.0,0.0
3.997862,58,13398.999565,medium,1.0,4.0,3,574,4,2,2,2,2,0,0,0,0,0.04841121495326965,24,0.05526168224299045,0.007261682242990447,0.048,0.0,0.0
2.873103,77,13421.188258,medium,0.8738317757009346,2.8738317757009346,2,768,4,2,2,2,2,0,0,0,0,0.05380841121495194,34,0.07607126168224279,0.008071261682242791,0.068,0.0,0.0
0.462664,64,13439.954745,medium,0.4224299065420561,0.4224299065420561,0,632,4,2,2,2,2,0,0,0,0,0.022897196261682337,58,0.10343457943925236,0.00343457943925235,0.1,0.0,0.0
4.017293,78,13462.157696,medium,1.0,4.0,3,772,4,2,2,2,2,0,0,0,0,0.0299532710280367,45,0.09449299065420552,0.004492990654205505,0.09000000000000001,0.0,0.0
1.558694,87,13487.66425,medium,0.5473520249221184,1.5473520249221184,1,864,4,2,2,2,2,0,0,0,0,0.011612149532710286,48,0.09774182242990655,0.0017418224299065432,0.096,0.0,0.0
2.756409,64,13506.46592,medium,0.7258566978193146,2.7258566978193146,2,631,4,2,2,2,2,0,0,0,0,0.0510124610591901,43,0.0936518691588785,0.007651869158878515,0.086,0.0,0.0
2.872774,76,13532.941894,medium,0.87702492211838,2.87702492211838,2,760,4,2,2,2,2,0,0,0,0,0.024992211838005953,34,0.07174883177570089,0.003748831775700892,0.068,0.0,0.0
3.998884,61,13550.101584,medium,1.0,4.0,3,601,4,2,2,2,2,0,0,0,0,0.019890965732086985,28,0.05898364485981305,0.002983644859813048,0.056,0.0,0.0
3.947703,64,13568.29162,medium,1.0,4.0,3,640,4,2,2,2,2,0,0,0,0,0.05135514018691467,2,0.0117032710280372,0.0077032710280372,0.004,0.0,0.0
2.756631,80,13591.050045,medium,0.7975077881619937,2.797507788161994,2,791,4,2,2,2,2,0,0,0,0,0.014820872274143299,18,0.0382231308411215,0.0022231308411214947,0.036000000000000004,0.0,0.0
2.749753,81,13614.823261,medium,0.7718068535825545,2.7718068535825546,2,802,4,2,2,2,2,0,0,0,0,0.02764018691588743,27,0.05814602803738311,0.004146028037383114,0.054,0.0,0.0
2.940153,65,13633.504773,medium,0.9419003115264798,2.9419003115264797,2,641,4,2,2,2,2,0,0,0,0,0.06901869158878406,26,0.06235280373831761,0.010352803738317607,0.052,0.0,0.0
4.040338,70,13652.963607,medium,1.0,4.0,3,695,4,2,2,2,2,0,0,0,0,0.06558411214953146,69,0.10983761682242972,0.009837616822429717,0.1,0.0,0.0
1.710178,81,13680.719044,medium,0.7220404984423676,1.7220404984423676,1,805,4,2,2,2,2,0,0,0,0,0.004252336448597982,34,0.06863785046728971,0.0006378504672896973,0.068,0.0,0.0
3.976936,68,13700.373241,medium,1.0,4.0,3,677,4,2,2,2,2,0,0,0,0,0.05757009345794288,18,0.04463551401869144,0.008635514018691432,0.036000000000000004,0.0,0.0
2.872633,90,13726.508821,medium,0.8598130841121495,2.8598130841121496,2,900,4,2,2,2,2,0,0,0,0,0.04546728971962486,48,0.10282009345794373,0.006820093457943729,0.096,0.0,0.0
2.630799,86,13750.512974,medium,0.6242990654205608,2.6242990654205607,2,855,4,2,2,2,2,0,0,0,0,0.0,46,0.092,0.0,0.092,0.0,0.0
2.739946,60,13767.78062,medium,0.7012461059190032,2.701246105919003,2,598,4,2,2,2,2,0,0,0,0,0.016666666666666663,48,0.0985,0.0024999999999999996,0.096,0.0,0.0
0.510422,67,13786.988373,medium,0.47141744548286607,0.47141744548286607,0,662,4,2,2,2,2,0,0,0,0,0.034696261682243046,55,0.10520443925233647,0.005204439252336456,0.1,0.0,0.0
2.642872,60,13804.619272,medium,0.6024922118380063,2.6024922118380065,2,593,4,2,2,2,2,0,0,0,0,0.024532710280372773,48,0.09967990654205591,0.0036799065420559164,0.096,0.0,0.0
2.889267,63,13827.172992,medium,0.8835669781931464,2.8835669781931466,2,623,4,2,2,2,2,0,0,0,0,0.0,34,0.068,0.0,0.068,0.0,0.0
2.86566,88,13853.306348,medium,0.8536604361370717,2.853660436137072,2,880,4,2,2,2,2,0,0,0,0,0.0,68,0.1,0.0,0.1,0.0,0.0
1.548255,78,13875.36061,medium,0.5582554517133956,1.5582554517133955,1,780,4,2,2,2,2,0,0,0,0,0.0,34,0.068,0.0,0.068,0.0,0.0
2.830083,76,13896.805592,medium,0.7975077881619937,2.797507788161994,2,751,4,2,2,2,2,0,0,0,0,0.051168224299065534,64,0.10767523364485984,0.0076752336448598305,0.1,0.0,0.0
1.623648,63,13914.768678,medium,0.5828660436137072,1.5828660436137072,1,628,4,2,2,2,2,0,0,0,0,0.02387850467289716,72,0.10358177570093458,0.003581775700934574,0.1,0.0,0.0
4.042311,67,13933.9654,medium,1.0,4.0,3,663,4,2,2,2,2,0,0,0,0,0.05740654205607348,89,0.10861098130841103,0.008610981308411021,0.1,0.0,0.0
4.040294,70,13953.643753,medium,1.0,4.0,3,692,4,2,2,2,2,0,0,0,0,0.06329439252336319,72,0.10949415887850449,0.00949415887850448,0.1,0.0,0.0
2.795223,90,13983.606498,medium,0.8264018691588785,2.8264018691588784,2,900,4,2,2,2,2,0,0,0,0,0.018808411214952865,28,0.058821261682242935,0.002821261682242929,0.05600000000000001,0.0,0.0
2.789117,59,14000.598686,medium,0.7400778816199377,2.740077881619938,2,581,4,2,2,2,2,0,0,0,0,0.047593457943924236,72,0.10713901869158864,0.007139018691588634,0.1,0.0,0.0
2.785839,59,14017.759284,medium,0.736214953271028,2.736214953271028,2,583,4,2,2,2,2,0,0,0,0,0.052827102803737036,71,0.10792406542056056,0.007924065420560554,0.1,0.0,0.0
2.996242,73,14039.166332,medium,0.9693380062305296,2.9693380062305295,2,723,4,2,2,2,2,0,0,0,0,0.021362928348909623,48,0.09920443925233645,0.0032044392523364433,0.096,0.0,0.0
2.778766,70,14059.278063,medium,0.7504672897196262,2.750467289719626,2,691,4,2,2,2,2,0,0,0,0,0.009322429906542102,48,0.09739836448598131,0.0013983644859813156,0.096,0.0,0.0
2.837407,65,14077.732927,medium,0.8002336448598131,2.800233644859813,2,650,4,2,2,2,2,0,0,0,0,0.05448598130841131,47,0.1021728971962617,0.008172897196261696,0.094,0.0,0.0
2.892926,60,14095.04342,medium,0.8477414330218068,2.847741433021807,2,595,4,2,2,2,2,0,0,0,0,0.05789719626168122,48,0.10468457943925219,0.008684579439252185,0.096,0.0,0.0
4.029366,75,14116.411865,medium,1.0,4.0,3,750,4,2,2,2,2,0,0,0,0,0.05577102803738184,48,0.10436565420560728,0.008365654205607276,0.096,0.0,0.0
4.029694,74,14141.607164,medium,1.0,4.0,3,732,4,2,2,2,2,0,0,0,0,0.045957943925233884,48,0.10289369158878509,0.006893691588785082,0.096,0.0,0.0
2.95139,72,14161.845047,medium,0.9409657320872274,2.9409657320872276,2,715,4,2,2,2,2,0,0,0,0,0.052827102803737036,37,0.08192406542056056,0.007924065420560554,0.07400000000000001,0.0,0.0
2.833281,76,14183.876678,medium,0.9034267912772586,2.9034267912772584,2,752,4,2,2,2,2,0,0,0,0,0.03369158878504546,0,0.005053738317756819,0.005053738317756819,0.0,0.0,0.0
1.833958,90,14209.8525,medium,0.8257009345794393,1.8257009345794393,1,900,4,2,2,2,2,0,0,0,0,0.015046728971962667,48,0.0982570093457944,0.0022570093457944,0.096,0.0,0.0
2.935767,85,14234.163487,medium,0.9491433021806853,2.949143302180685,2,847,4,2,2,2,2,0,0,0,0,0.035490654205606105,33,0.07132359813084092,0.005323598130840916,0.066,0.0,0.0
2.741936,64,14252.723335,medium,0.7276479750778816,2.7276479750778817,2,637,4,2,2,2,2,0,0,0,0,0.053255451713395026,35,0.07798831775700926,0.007988317757009252,0.07,0.0,0.0
2.746303,64,14275.698227,medium,0.7052959501557632,2.7052959501557634,2,638,4,2,2,2,2,0,0,0,0,0.05871495327102694,48,0.10480724299065404,0.00880724299065404,0.096,0.0,0.0
1.568739,68,14295.131218,medium,0.5638629283489096,1.5638629283489096,1,677,4,2,2,2,2,0,0,0,0,0.01717289719626175,35,0.07257593457943927,0.0025759345794392624,0.07,0.0,0.0
4.023856,79,14317.781953,medium,1.0,4.0,3,784,4,2,2,2,2,0,0,0,0,0.041705607476634085,48,0.10225584112149512,0.006255841121495112,0.096,0.0,0.0
1.602962,61,14335.285011,medium,0.5631619937694704,1.5631619937694703,1,602,4,2,2,2,2,0,0,0,0,0.0,66,0.1,0.0,0.1,0.0,0.0
0.314813,55,14350.81513,medium,0.3146962616822429,0.3146962616822429,0,543,4,2,2,2,2,0,0,0,0,0.0027803738317756497,27,0.054417056074766344,0.0004170560747663474,0.054,0.0,0.0
1.700713,88,14376.245618,medium,0.7841121495327102,1.7841121495327101,1,873,4,2,2,2,2,0,0,0,0,0.02600467289719614,0,0.003900700934579421,0.003900700934579421,0.0,0.0,0.0
4.045913,62,14394.060396,medium,1.0,4.0,3,612,4,2,2,2,2,0,0,0,0,0.04742211838006087,58,0.10711331775700914,0.007113317757009129,0.1,0.0,0.0
3.988389,76,14415.623949,medium,1.0,4.0,3,753,4,2,2,2,2,0,0,0,0,0.037928348909657385,29,0.0636892523364486,0.005689252336448607,0.058,0.0,0.0
2.756694,90,14445.554949,medium,0.7460280373831776,2.7460280373831774,2,900,4,2,2,2,2,0,0,0,0,0.0044392523364485985,53,0.10066588785046729,0.0006658878504672897,0.1,0.0,0.0
4.02229,88,14470.642167,medium,1.0,4.0,3,874,4,2,2,2,2,0,0,0,0,0.06460280373831635,96,0.10969042056074746,0.009690420560747454,0.1,0.0,0.0
4.038252,56,14486.750538,medium,1.0,4.0,3,555,4,2,2,2,2,0,0,0,0,0.051682242990653195,43,0.09375233644859798,0.0077523364485979785,0.08600000000000001,0.0,0.0
4.018325,85,14510.811225,medium,1.0,4.0,3,850,4,2,2,2,2,0,0,0,0,0.04883177570093465,48,0.10332476635514021,0.007324766355140198,0.096,0.0,0.0
2.861113,75,14532.195883,medium,0.8382398753894081,2.8382398753894083,2,744,4,2,2,2,2,0,0,0,0,0.008489096573208727,48,0.09727336448598131,0.001273364485981309,0.096,0.0,0.0
3.971789,81,14555.525486,medium,1.0,4.0,3,808,4,2,2,2,2,0,0,0,0,0.003925233644859806,26,0.052588785046728974,0.0005887850467289709,0.052000000000000005,0.0,0.0
4.014702,63,14577.738533,medium,1.0,4.0,3,622,4,2,2,2,2,0,0,0,0,0.0593457943925235,34,0.07690186915887853,0.008901869158878525,0.068,0.0,0.0
3.930785,76,14599.397943,medium,1.0,4.0,3,760,4,2,2,2,2,0,0,0,0,0.005233644859813082,3,0.006785046728971962,0.0007850467289719623,0.006,0.0,0.0
1.735581,60,14616.550292,medium,0.7335669781931464,1.7335669781931464,1,592,4,2,2,2,2,0,0,0,0,0.02142523364485973,29,0.06121378504672896,0.00321378504672896,0.058,0.0,0.0
2.788769,61,14634.125337,medium,0.7935358255451713,2.793535825545171,2,605,4,2,2,2,2,0,0,0,0,0.051557632398753966,24,0.055733644859813095,0.007733644859813095,0.048,0.0,0.0
4.050483,61,14651.539448,medium,1.0,4.0,3,609,4,2,2,2,2,0,0,0,0,0.07588785046728844,96,0.11138317757009326,0.011383177570093264,0.1,0.0,0.0
2.723203,90,14677.459951,medium,0.7535981308411213,2.7535981308411213,2,900,4,2,2,2,2,0,0,0,0,0.05070093457943806,26,0.059605140186915706,0.007605140186915709,0.052,0.0,0.0
0.479688,59,14693.556051,medium,0.4852647975077882,0.4852647975077882,0,590,4,2,2,2,2,0,0,0,0,0.009485981308411318,26,0.0534228971962617,0.0014228971962616974,0.052,0.0,0.0
2.777157,90,14719.106906,medium,0.7635514018691589,2.763551401869159,2,900,4,2,2,2,2,0,0,0,0,0.05070093457943809,48,0.10360514018691572,0.0076051401869157145,0.096,0.0,0.0
1.409604,64,14742.158026,medium,0.3690031152647975,1.3690031152647975,1,633,4,2,2,2,2,0,0,0,0,0.02600467289719514,62,0.10390070093457927,0.003900700934579271,0.1,0.0,0.0
1.53772,90,14767.697083,medium,0.5397196261682243,1.5397196261682242,1,900,4,2,2,2,2,0,0,0,0,0.0,44,0.088,0.0,0.088,0.0,0.0
2.903291,63,14786.303356,medium,0.8586448598130841,2.8586448598130842,2,621,4,2,2,2,2,0,0,0,0,0.04497663551401742,75,0.10674649532710262,0.006746495327102611,0.1,0.0,0.0
2.803751,76,14808.046928,medium,0.789797507788162,2.789797507788162,2,758,4,2,2,2,2,0,0,0,0,0.025023364485980228,43,0.08975350467289703,0.0037535046728970345,0.086,0.0,0.0
2.934089,77,14829.707524,medium,0.9376947040498442,2.9376947040498442,2,766,4,2,2,2,2,0,0,0,0,0.05996105919003024,32,0.07299415887850454,0.008994158878504535,0.064,0.0,0.0
2.962279,81,14852.992614,medium,0.942601246105919,2.942601246105919,2,801,4,2,2,2,2,0,0,0,0,0.02518691588785038,48,0.09977803738317756,0.003778037383177557,0.096,0.0,0.0
2.651802,59,14869.875443,medium,0.6401869158878505,2.6401869158878504,2,582,4,2,2,2,2,0,0,0,0,0.012102803738317828,34,0.06981542056074767,0.0018154205607476743,0.068,0.0,0.0
2.947199,82,14898.323754,medium,0.9496884735202492,2.9496884735202493,2,818,4,2,2,2,2,0,0,0,0,0.06207165109034274,35,0.07931074766355142,0.009310747663551411,0.07,0.0,0.0
2.790779,69,14918.055333,medium,0.7975077881619937,2.797507788161994,2,688,4,2,2,2,2,0,0,0,0,0.05380841121495194,27,0.06207126168224279,0.00807126168224279,0.054,0.0,0.0
1.701908,90,14943.757667,medium,0.6903426791277258,1.6903426791277258,1,900,4,2,2,2,2,0,0,0,0,0.010436137071651091,65,0.10156542056074767,0.0015654205607476635,0.1,0.0,0.0
2.946789,90,14969.997336,medium,0.9431464174454829,2.943146417445483,2,900,4,2,2,2,2,0,0,0,0,0.03761682242990602,44,0.09364252336448589,0.005642523364485903,0.088,0.0,0.0
2.70623,64,14988.35883,medium,0.6675233644859813,2.667523364485981,2,635,4,2,2,2,2,0,0,0,0,0.04137850467289574,48,0.10220677570093437,0.006206775700934361,0.096,0.0,0.0
3.989032,70,15008.721846,medium,1.0,4.0,3,691,4,2,2,2,2,0,0,0,0,0.06754672897196133,24,0.058132009345794204,0.010132009345794201,0.048,0.0,0.0
4.019193,77,15035.623524,medium,1.0,4.0,3,769,4,2,2,2,2,0,0,0,0,0.0006230529595015579,48,0.09609345794392524,9.345794392523368e-05,0.096,0.0,0.0
0.43357,90,15061.720936,medium,0.422196261682243,0.422196261682243,0,900,4,2,2,2,2,0,0,0,0,0.009158878504672941,77,0.10137383177570095,0.001373831775700941,0.1,0.0,0.0
1.52761,66,15080.488277,medium,0.5140965732087227,1.5140965732087226,1,652,4,2,2,2,2,0,0,0,0,0.03142523364485992,37,0.07871378504672899,0.004713785046728987,0.07400000000000001,0.0,0.0
2.834792,57,15097.051398,medium,0.7989330218068537,2.7989330218068535,2,563,4,2,2,2,2,0,0,0,0,0.014392523364486027,45,0.0921588785046729,0.002158878504672904,0.09,0.0,0.0
1.816869,76,15119.208609,medium,0.7916666666666666,1.7916666666666665,1,760,4,2,2,2,2,0,0,0,0,0.008014018691588817,72,0.10120210280373833,0.0012021028037383225,0.1,0.0,0.0
4.012066,66,15138.111882,medium,1.0,4.0,3,656,4,2,2,2,2,0,0,0,0,0.06443925233644732,34,0.0776658878504671,0.009665887850467096,0.068,0.0,0.0
2.750141,83,15162.28278,medium,0.7281230529595016,2.7281230529595017,2,823,4,2,2,2,2,0,0,0,0,0.02878504672897173,54,0.10431775700934576,0.004317757009345759,0.1,0.0,0.0
2.872319,76,15191.215357,medium,0.8400311526479751,2.840031152647975,2,752,4,2,2,2,2,0,0,0,0,0.04992211838006238,51,0.10748831775700936,0.007488317757009355,0.1,0.0,0.0
2.885351,90,15216.94365,medium,0.9034267912772586,2.9034267912772584,2,900,4,2,2,2,2,0,0,0,0,0.052827102803737036,32,0.07192406542056055,0.007924065420560556,0.064,0.0,0.0
2.781692,90,15243.357396,medium,0.770171339563863,2.7701713395638627,2,900,4,2,2,2,2,0,0,0,0,0.010140186915887904,65,0.10152102803738319,0.0015210280373831857,0.1,0.0,0.0
2.948605,90,15270.151905,medium,0.9376947040498442,2.9376947040498442,2,900,4,2,2,2,2,0,0,0,0,0.019400311526479603,49,0.10091004672897194,0.0029100467289719404,0.098,0.0,0.0
1.745972,62,15288.189623,medium,0.7001401869158864,1.7001401869158865,1,617,4,2,2,2,2,0,0,0,0,0.05021028037383041,72,0.10753154205607457,0.00753154205607456,0.1,0.0,0.0
4.01915,82,15311.795319,medium,1.0,4.0,3,812,4,2,2,2,2,0,0,0,0,0.002336448598130842,67,0.10035046728971964,0.00035046728971962625,0.1,0.0,0.0
2.94338,66,15330.966031,medium,0.9442367601246106,2.9442367601246104,2,653,4,2,2,2,2,0,0,0,0,0.042951713395638455,29,0.06444275700934576,0.0064427570093457676,0.058,0.0,0.0
4.028115,70,15359.646824,medium,1.0,4.0,3,697,4,2,2,2,2,0,0,0,0,0.012102803738317857,48,0.09781542056074768,0.0018154205607476784,0.096,0.0,0.0
2.953312,88,15384.807997,medium,0.9388629283489096,2.9388629283489096,2,877,4,2,2,2,2,0,0,0,0,0.014330218068535823,67,0.10214953271028038,0.0021495327102803736,0.1,0.0,0.0
4.036728,63,15402.625355,medium,1.0,4.0,3,627,4,2,2,2,2,0,0,0,0,0.07618380062305188,44,0.09942757009345778,0.011427570093457783,0.088,0.0,0.0
2.820388,73,15423.309843,medium,0.8220404984423676,2.8220404984423677,2,724,4,2,2,2,2,0,0,0,0,0.018317757009345865,34,0.07074766355140188,0.00274766355140188,0.068,0.0,0.0
4.005872,49,15437.612978,medium,1.0,4.0,3,489,4,2,2,2,2,0,0,0,0,0.01848130841121509,26,0.05477219626168226,0.0027721962616822637,0.052,0.0,0.0
2.822825,68,15456.881514,medium,0.7848130841121496,2.7848130841121495,2,673,4,2,2,2,2,0,0,0,0,0.062079439252336666,48,0.1053119158878505,0.009311915887850498,0.096,0.0,0.0
2.709277,61,15474.62482,medium,0.6957943925233645,2.6957943925233643,2,606,4,2,2,2,2,0,0,0,0,0.06721962616822305,32,0.07408294392523346,0.010082943925233456,0.064,0.0,0.0
2.95655,90,15507.210568,medium,0.942601246105919,2.942601246105919,2,900,4,2,2,2,2,0,0,0,0,0.05299065420560619,48,0.10394859813084092,0.007948598130840928,0.096,0.0,0.0
4.032391,67,15526.222467,medium,1.0,4.0,3,667,4,2,2,2,2,0,0,0,0,0.020607476635513697,48,0.09909112149532706,0.0030911214953270546,0.096,0.0,0.0
2.727564,73,15546.853818,medium,0.6985981308411215,2.6985981308411215,2,728,4,2,2,2,2,0,0,0,0,0.011775700934579508,58,0.10176635514018693,0.0017663551401869261,0.1,0.0,0.0
0.521967,58,15563.43163,medium,0.49166666666666664,0.49166666666666664,0,577,4,2,2,2,2,0,0,0,0,0.0,44,0.088,0.0,0.088,0.0,0.0
2.811266,83,15587.252295,medium,0.8024143302180685,2.8024143302180686,2,828,4,2,2,2,2,0,0,0,0,0.0510124610591901,42,0.09165186915887852,0.007651869158878515,0.084,0.0,0.0
0.505034,59,15604.037265,medium,0.4632398753894081,0.4632398753894081,0,585,4,2,2,2,2,0,0,0,0,0.0019626168224299054,64,0.10029439252336449,0.0002943925233644858,0.1,0.0,0.0
2.918179,90,15630.29623,medium,0.9097352024922118,2.909735202492212,2,900,4,2,2,2,2,0,0,0,0,0.016292834890965644,48,0.09844392523364486,0.002443925233644847,0.096,0.0,0.0
0.449801,59,15661.961957,medium,0.4088006230529595,0.4088006230529595,0,590,4,2,2,2,2,0,0,0,0,0.0,82,0.1,0.0,0.1,0.0,0.0
2.929575,77,15684.282275,medium,0.9059190031152647,2.905919003115265,2,768,4,2,2,2,2,0,0,0,0,0.029704049844236927,48,0.10045560747663554,0.004455607476635539,0.096,0.0,0.0
1.891959,78,15706.464391,medium,0.8691588785046729,1.8691588785046729,1,772,4,2,2,2,2,0,0,0,0,0.0,58,0.1,0.0,0.1,0.0,0.0
2.890635,90,15731.69484,medium,0.9143302180685359,2.9143302180685358,2,900,4,2,2,2,2,0,0,0,0,0.04203271028037359,30,0.06630490654205604,0.006304906542056039,0.06,0.0,0.0
1.511689,70,15751.284848,medium,0.5320872274143302,1.5320872274143302,1,698,4,2,2,2,2,0,0,0,0,0.009345794392523369,24,0.04940186915887851,0.0014018691588785052,0.048,0.0,0.0
2.677565,61,15768.640348,medium,0.6306853582554517,2.6306853582554517,2,602,4,2,2,2,2,0,0,0,0,0.047196261682243064,71,0.10707943925233647,0.007079439252336459,0.1,0.0,0.0
2.704905,77,15790.765773,medium,0.6920560747663551,2.692056074766355,2,764,4,2,2,2,2,0,0,0,0,0.06165887850467198,40,0.0892488317757008,0.009248831775700796,0.08,0.0,0.0
2.770279,90,15822.739599,medium,0.8531152647975078,2.8531152647975078,2,900,4,2,2,2,2,0,0,0,0,0.04775700934579318,0,0.007163551401868978,0.007163551401868978,0.0,0.0,0.0
1.631381,80,15845.307461,medium,0.6100467289719627,1.6100467289719627,1,796,4,2,2,2,2,0,0,0,0,0.03289719626168221,48,0.10093457943925233,0.00493457943925233,0.096,0.0,0.0
2.677556,60,15862.586718,medium,0.6306464174454828,2.6306464174454827,2,594,4,2,2,2,2,0,0,0,0,0.06873052959501559,48,0.10630957943925234,0.01030957943925234,0.096,0.0,0.0
3.888542,54,15878.148094,medium,1.0,4.0,3,538,2,2,0,2,0,0,0,0,2,0.015615264797507897,0,-0.057657710280373815,0.0023422897196261846,0.0,0.0,0.06
2.935504,90,15903.684588,medium,0.9485981308411215,2.9485981308411215,2,900,4,2,2,2,2,0,0,0,0,0.05936915887850372,34,0.07690537383177556,0.008905373831775556,0.068,0.0,0.0
4.004185,70,15923.854268,medium,1.0,4.0,3,693,4,2,2,2,2,0,0,0,0,0.063232087227413,32,0.07348481308411195,0.009484813084111948,0.064,0.0,0.0
2.660768,58,15940.436124,medium,0.6445482866043614,2.6445482866043615,2,573,4,2,2,2,2,0,0,0,0,0.03679906542055995,34,0.073519859813084,0.005519859813083992,0.068,0.0,0.0
1.790243,90,15973.043945,medium,0.8322429906542056,1.8322429906542057,1,900,4,2,2,2,2,0,0,0,0,0.0,24,0.048,0.0,0.048,0.0,0.0
2.931161,79,15996.079571,medium,0.9034267912772586,2.9034267912772584,2,784,4,2,2,2,2,0,0,0,0,0.06756230529594992,48,0.10613434579439249,0.010134345794392489,0.096,0.0,0.0
1.730431,69,16015.88638,medium,0.6993224299065418,1.699322429906542,1,684,4,2,2,2,2,0,0,0,0,0.023387850467289483,48,0.09950817757009342,0.003508177570093422,0.096,0.0,0.0
4.0378,63,16033.860597,medium,1.0,4.0,3,622,4,2,2,2,2,0,0,0,0,0.0,84,0.1,0.0,0.1,0.0,0.0
2.900235,64,16051.771316,medium,0.9541277258566978,2.954127725856698,2,635,4,2,2,2,2,0,0,0,0,0.06404984423675904,0,0.009607476635513857,0.009607476635513857,0.0,0.0,0.0
2.785457,66,16070.209627,medium,0.7505451713395639,2.7505451713395637,2,657,4,2,2,2,2,0,0,0,0,0.030747663551401534,48,0.10061214953271023,0.0046121495327102295,0.096,0.0,0.0
2.812496,61,16087.940113,medium,0.8214953271028037,2.8214953271028036,2,609,4,2,2,2,2,0,0,0,0,0.026004672897195814,24,0.05190070093457937,0.003900700934579372,0.048,0.0,0.0
2.79117,61,16105.783785,medium,0.7685358255451713,2.7685358255451713,2,608,4,2,2,2,2,0,0,0,0,0.022897196261682372,40,0.08343457943925237,0.003434579439252355,0.08000000000000002,0.0,0.0
2.818065,63,16132.672441,medium,0.783676012461059,2.783676012461059,2,622,4,2,2,2,2,0,0,0,0,0.003925233644859732,48,0.09658878504672896,0.0005887850467289598,0.096,0.0,0.0
4.045279,63,16150.66829,medium,1.0,4.0,3,627,4,2,2,2,2,0,0,0,0,0.05319314641744555,54,0.10797897196261684,0.007978971962616831,0.1,0.0,0.0
2.79138,90,16175.934889,medium,0.8105685358255448,2.810568535825545,2,900,4,2,2,2,2,0,0,0,0,0.01874610591900278,34,0.07081191588785042,0.0028119158878504172,0.068,0.0,0.0
1.720964,65,16194.733464,medium,0.6895638629283489,1.689563862928349,1,646,4,2,2,2,2,0,0,0,0,0.0,48,0.096,0.0,0.096,0.0,0.0
2.785729,68,16214.274742,medium,0.8046728971962617,2.804672897196262,2,676,4,2,2,2,2,0,0,0,0,0.0577102803738319,20,0.04865654205607478,0.008656542056074783,0.04,0.0,0.0
4.030274,70,16234.790267,medium,1.0,4.0,3,697,4,2,2,2,2,0,0,0,0,0.02649532710280397,48,0.0999742990654206,0.003974299065420595,0.096,0.0,0.0
2.575917,62,16252.311837,medium,0.5392523364485982,2.539252336448598,2,612,4,2,2,2,2,0,0,0,0,0.012429906542056009,48,0.09786448598130838,0.0018644859813084008,0.09599999999999999,0.0,0.0
2.9608,72,16280.4274,medium,0.9315654205607471,2.931565420560747,2,715,4,2,2,2,2,0,0,0,0,0.031565420560747195,48,0.10073481308411208,0.004734813084112079,0.096,0.0,0.0
2.823288,80,16303.185434,medium,0.8471183800623053,2.847118380062305,2,800,4,2,2,2,2,0,0,0,0,0.05446261682242876,24,0.056169392523364316,0.008169392523364313,0.048,0.0,0.0
2.797912,90,16328.734982,medium,0.822429906542056,2.822429906542056,2,900,4,2,2,2,2,0,0,0,0,0.04988317757009231,29,0.06548247663551385,0.007482476635513845,0.058,0.0,0.0
4.046146,56,16344.83658,medium,1.0,4.0,3,558,4,2,2,2,2,0,0,0,0,0.039641744548286714,48,0.10194626168224301,0.005946261682243007,0.096,0.0,0.0
1.616439,63,16362.786788,medium,0.5762461059190032,1.5762461059190032,1,628,4,2,2,2,2,0,0,0,0,0.01995327102803748,68,0.10299299065420563,0.002992990654205622,0.1,0.0,0.0
0.334409,59,16379.616854,medium,0.29425233644859816,0.29425233644859816,0,581,4,2,2,2,2,0,0,0,0,0.01504672897196261,48,0.0982570093457944,0.002257009345794391,0.096,0.0,0.0
2.908536,64,16397.836596,medium,0.9016355140186916,2.9016355140186914,2,631,4,2,2,2,2,0,0,0,0,0.0,35,0.07,0.0,0.07,0.0,0.0
0.435483,65,16416.084281,medium,0.44197819314641745,0.44197819314641745,0,648,4,2,2,2,2,0,0,0,0,0.042032710280373094,26,0.05830490654205596,0.006304906542055963,0.052,0.0,0.0
4.02894,68,16454.305043,medium,1.0,4.0,3,676,4,2,2,2,2,0,0,0,0,0.00359813084112149,48,0.09653971962616822,0.0005397196261682234,0.096,0.0,0.0
2.941028,90,16480.068732,medium,0.9415109034267912,2.9415109034267912,2,900,4,2,2,2,2,0,0,0,0,0.09011682242990529,38,0.0895175233644858,0.013517523364485796,0.07600000000000001,0.0,0.0
1.592751,67,16499.113369,medium,0.5635514018691589,1.5635514018691588,1,668,4,2,2,2,2,0,0,0,0,0.0,48,0.096,0.0,0.096,0.0,0.0
3.949879,74,16520.66871,medium,1.0,4.0,3,731,4,2,2,2,2,0,0,0,0,0.01985981308411215,10,0.02297897196261682,0.0029789719626168213,0.02,0.0,0.0
2.889,90,16546.203187,medium,0.869392523364486,2.869392523364486,2,900,4,2,2,2,2,0,0,0,0,0.06404984423675904,58,0.10960747663551386,0.009607476635513857,0.1,0.0,0.0
2.814313,69,16565.900345,medium,0.8067757009345794,2.8067757009345793,2,685,4,2,2,2,2,0,0,0,0,0.0535825545171333,34,0.07603738317757,0.008037383177569996,0.068,0.0,0.0
2.620973,71,16594.040922,medium,0.5869158878504673,2.586915887850467,2,708,4,2,2,2,2,0,0,0,0,0.03238317757009206,57,0.10485747663551381,0.004857476635513809,0.1,0.0,0.0
2.71835,59,16611.510145,medium,0.6707943925233645,2.6707943925233644,2,587,4,2,2,2,2,0,0,0,0,0.04170560747663514,70,0.10625584112149528,0.006255841121495271,0.1,0.0,0.0
2.952443,90,16637.609692,medium,0.9623052959501558,2.9623052959501557,2,900,4,2,2,2,2,0,0,0,0,0.014252336448598128,39,0.08013785046728973,0.0021378504672897192,0.07800000000000001,0.0,0.0
2.805359,90,16663.470617,medium,0.886993769470405,2.886993769470405,2,900,4,2,2,2,2,0,0,0,0,0.05577102803738184,0,0.008365654205607276,0.008365654205607276,0.0,0.0,0.0
2.909207,90,16689.045267,medium,0.9252336448598131,2.925233644859813,2,900,4,2,2,2,2,0,0,0,0,0.053154205607475344,33,0.07397313084112131,0.007973130841121301,0.066,0.0,0.0
2.938129,64,16707.202769,medium,0.9034267912772586,2.9034267912772584,2,638,4,2,2,2,2,0,0,0,0,0.016682242990654326,48,0.09850233644859815,0.002502336448598149,0.096,0.0,0.0
2.868741,77,16728.900355,medium,0.8656542056074766,2.8656542056074765,2,763,4,2,2,2,2,0,0,0,0,0.0759112149532705,34,0.07938668224299059,0.011386682242990574,0.068,0.0,0.0
2.923611,60,16751.991448,medium,0.9070872274143302,2.9070872274143302,2,594,4,2,2,2,2,0,0,0,0,0.052827102803737036,34,0.07592406542056056,0.007924065420560556,0.068,0.0,0.0
2.638339,64,16770.199792,medium,0.7009345794392523,2.7009345794392523,2,636,4,2,2,2,2,0,0,0,0,0.006697819314641749,0,0.0010046728971962622,0.0010046728971962622,0.0,0.0,0.0
1.662712,63,16788.312725,medium,0.619392523364486,1.619392523364486,1,622,4,2,2,2,2,0,0,0,0,0.036799065420560426,72,0.10551985981308407,0.005519859813084065,0.1,0.0,0.0
4.039204,72,16809.123496,medium,1.0,4.0,3,718,4,2,2,2,2,0,0,0,0,0.07335669781931482,72,0.11100350467289723,0.011003504672897225,0.1,0.0,0.0
2.779639,61,16826.418648,medium,0.7363707165109035,2.7363707165109035,2,610,4,2,2,2,2,0,0,0,0,0.02845794392523286,58,0.10426869158878493,0.004268691588784929,0.1,0.0,0.0
4.033712,57,16842.354579,medium,1.0,4.0,3,563,4,2,2,2,2,0,0,0,0,0.013411214953271125,44,0.09001168224299068,0.0020116822429906687,0.08800000000000001,0.0,0.0
2.748319,80,16865.204474,medium,0.7160436137071651,2.716043613707165,2,795,4,2,2,2,2,0,0,0,0,0.07850467289719487,88,0.11177570093457924,0.011775700934579232,0.1,0.0,0.0
2.81942,62,16882.778854,medium,0.8411214953271028,2.8411214953271027,2,618,4,2,2,2,2,0,0,0,0,0.000654205607476636,20,0.040098130841121495,9.81308411214954e-05,0.04,0.0,0.0
3.97406,56,16908.300466,medium,1.0,4.0,3,553,4,2,2,2,2,0,0,0,0,0.04906542056074628,11,0.02935981308411194,0.007359813084111942,0.022,0.0,0.0
3.012218,90,16934.039958,medium,0.993411214953271,2.9934112149532712,2,900,4,2,2,2,2,0,0,0,0,0.05871495327102667,72,0.108807242990654,0.008807242990653998,0.1,0.0,0.0
0.440955,61,16951.470508,medium,0.3971183800623053,0.3971183800623053,0,610,4,2,2,2,2,0,0,0,0,0.03224299065420567,59,0.10483644859813085,0.00483644859813085,0.1,0.0,0.0
2.62138,90,16977.329648,medium,0.710202492211838,2.710202492211838,2,900,4,2,2,2,2,0,0,0,0,0.007850467289719654,0,0.0011775700934579482,0.0011775700934579482,0.0,0.0,0.0
2.895709,67,16996.57931,medium,0.8896417445482866,2.8896417445482867,2,663,4,2,2,2,2,0,0,0,0,0.029112149532710064,34,0.07236682242990651,0.004366822429906509,0.068,0.0,0.0
2.884499,65,17015.278648,medium,0.8409657320872275,2.8409657320872275,2,642,4,2,2,2,2,0,0,0,0,0.051557632398753966,54,0.1077336448598131,0.007733644859813094,0.1,0.0,0.0
4.02733,69,17035.174603,medium,1.0,4.0,3,683,4,2,2,2,2,0,0,0,0,0.05086448598130722,44,0.0956296728971961,0.007629672897196082,0.08800000000000001,0.0,0.0
2.84741,68,17064.025192,medium,0.8503894080996884,2.8503894080996885,2,672,4,2,2,2,2,0,0,0,0,0.00147196261682243,32,0.06422079439252337,0.0002207943925233645,0.064,0.0,0.0
2.856952,71,17084.159067,medium,0.8536604361370717,2.853660436137072,2,701,4,2,2,2,2,0,0,0,0,0.06260903426791144,32,0.07339135514018671,0.009391355140186715,0.064,0.0,0.0
2.82424,60,17101.097713,medium,0.878582554517134,2.878582554517134,2,592,4,2,2,2,2,0,0,0,0,0.03238317757009306,0,0.0048574766355139595,0.0048574766355139595,0.0,0.0,0.0
4.028741,58,17117.608393,medium,1.0,4.0,3,578,4,2,2,2,2,0,0,0,0,0.0436059190031149,40,0.08654088785046724,0.006540887850467235,0.08,0.0,0.0
4.035468,63,17135.46431,medium,1.0,4.0,3,626,4,2,2,2,2,0,0,0,0,0.01378504672897196,48,0.0980677570093458,0.002067757009345794,0.096,0.0,0.0
2.92252,90,17161.346043,medium,0.9160046728971962,2.9160046728971962,2,900,4,2,2,2,2,0,0,0,0,0.0034345794392522323,48,0.09651518691588784,0.0005151869158878349,0.096,0.0,0.0
1.519728,69,17181.606702,medium,0.5637071651090343,1.5637071651090344,1,688,4,2,2,2,2,0,0,0,0,0.018808411214953396,11,0.02482126168224301,0.0028212616822430093,0.022,0.0,0.0
4.035846,71,17208.281989,medium,1.0,4.0,3,703,4,2,2,2,2,0,0,0,0,0.0676401869158869,48,0.10614602803738303,0.010146028037383034,0.096,0.0,0.0
2.888508,73,17229.598656,medium,0.8595794392523365,2.8595794392523364,2,728,4,2,2,2,2,0,0,0,0,0.011526479750778813,58,0.10172897196261682,0.0017289719626168221,0.1,0.0,0.0
0.520654,67,17248.641459,medium,0.48177570093457944,0.48177570093457944,0,662,4,2,2,2,2,0,0,0,0,0.03385514018691559,96,0.10507827102803735,0.005078271028037339,0.1,0.0,0.0
2.812199,88,17273.573694,medium,0.7975077881619937,2.797507788161994,2,871,4,2,2,2,2,0,0,0,0,0.011939252336448668,55,0.1017908878504673,0.0017908878504673002,0.1,0.0,0.0
4.044633,59,17290.131053,medium,1.0,4.0,3,588,4,2,2,2,2,0,0,0,0,0.0495560747663538,48,0.10343341121495307,0.00743341121495307,0.096,0.0,0.0
2.757124,58,17307.10376,medium,0.7080218068535825,2.7080218068535826,2,577,4,2,2,2,2,0,0,0,0,0.045350467289718185,61,0.10680257009345773,0.006802570093457728,0.1,0.0,0.0
2.721448,68,17326.805654,medium,0.6784267912772586,2.678426791277259,2,672,4,2,2,2,2,0,0,0,0,0.06813862928348775,69,0.11022079439252316,0.010220794392523165,0.1,0.0,0.0
2.726999,90,17352.739993,medium,0.8106697819314642,2.8106697819314643,2,900,4,2,2,2,2,0,0,0,0,0.042196261682242164,0,0.006329439252336324,0.006329439252336324,0.0,0.0,0.0
2.794681,90,17384.831415,medium,0.8225077881619938,2.8225077881619938,2,900,4,2,2,2,2,0,0,0,0,0.041152647975076506,28,0.06217289719626148,0.006172897196261477,0.056,0.0,0.0
4.047336,58,17401.664686,medium,1.0,4.0,3,575,4,2,2,2,2,0,0,0,0,0.03224299065420567,72,0.10483644859813085,0.0048364485981308505,0.1,0.0,0.0
2.774032,67,17420.772336,medium,0.7352803738317757,2.7352803738317757,2,664,4,2,2,2,2,0,0,0,0,0.03434579439252288,67,0.10515186915887843,0.005151869158878432,0.1,0.0,0.0
2.978657,84,17444.792433,medium,0.9622274143302181,2.962227414330218,2,832,4,2,2,2,2,0,0,0,0,0.05086448598130722,46,0.0996296728971961,0.007629672897196082,0.09200000000000001,0.0,0.0
1.572036,72,17464.988834,medium,0.5451713395638629,1.5451713395638629,1,716,4,2,2,2,2,0,0,0,0,0.01643302180685358,48,0.09846495327102804,0.0024649532710280366,0.096,0.0,0.0
1.558959,63,17483.716901,medium,0.5199376947040498,1.51993769470405,1,625,4,2,2,2,2,0,0,0,0,0.010140186915887537,56,0.10152102803738314,0.0015210280373831305,0.1,0.0,0.0
2.599389,64,17502.584308,medium,0.5654984423676013,2.565498442367601,2,639,4,2,2,2,2,0,0,0,0,0.011939252336448084,48,0.09779088785046722,0.0017908878504672126,0.096,0.0,0.0
2.922033,86,17533.8405,medium,0.9376947040498442,2.9376947040498442,2,858,4,2,2,2,2,0,0,0,0,0.014252336448598128,34,0.07013785046728972,0.0021378504672897192,0.068,0.0,0.0
4.0333,63,17551.656031,medium,1.0,4.0,3,627,4,2,2,2,2,0,0,0,0,0.0,48,0.096,0.0,0.096,0.0,0.0
0.487634,59,17568.532772,medium,0.4502336448598131,0.4502336448598131,0,586,4,2,2,2,2,0,0,0,0,0.0,48,0.096,0.0,0.096,0.0,0.0
1.671907,71,17588.639424,medium,0.6787383177570093,1.6787383177570092,1,704,4,2,2,2,2,0,0,0,0,0.023792834890965495,30,0.06356892523364482,0.0035689252336448237,0.060000000000000005,0.0,0.0
3.989417,74,17610.000856,medium,1.0,4.0,3,737,4,2,2,2,2,0,0,0,0,0.03411214953271034,29,0.06311682242990656,0.005116822429906551,0.058,0.0,0.0
4.031209,57,17626.358749,medium,1.0,4.0,3,569,4,2,2,2,2,0,0,0,0,0.040724299065419786,41,0.08810864485981298,0.006108644859812968,0.08200000000000002,0.0,0.0
3.968704,65,17645.463713,medium,1.0,4.0,3,643,4,2,2,2,2,0,0,0,0,0.06002336448598001,12,0.033003504672897005,0.009003504672897001,0.024,0.0,0.0
2.951232,71,17672.633785,medium,0.9197819314641744,2.9197819314641746,2,704,4,2,2,2,2,0,0,0,0,0.05233644859813024,47,0.10185046728971954,0.007850467289719535,0.094,0.0,0.0
4.002128,57,17689.358719,medium,1.0,4.0,3,561,4,2,2,2,2,0,0,0,0,0.06818535825545195,24,0.05822780373831779,0.010227803738317793,0.048,0.0,0.0
2.661165,76,17711.10008,medium,0.6402647975077882,2.640264797507788,2,751,4,2,2,2,2,0,0,0,0,0.0,48,0.096,0.0,0.096,0.0,0.0
0.484109,90,17736.388937,medium,0.47577881619937695,0.47577881619937695,0,900,4,2,2,2,2,0,0,0,0,0.015537383177569928,48,0.0983306074766355,0.0023306074766354886,0.096,0.0,0.0
2.759931,90,17761.992057,medium,0.8416666666666667,2.841666666666667,2,900,4,2,2,2,2,0,0,0,0,0.02842679127725863,2,0.008264018691588795,0.0042640186915887945,0.004,0.0,0.0
2.791278,77,17783.981905,medium,0.7647196261682243,2.7647196261682243,2,769,4,2,2,2,2,0,0,0,0,0.049719626168223105,48,0.10345794392523347,0.007457943925233465,0.096,0.0,0.0
2.729331,66,17803.247571,medium,0.7314641744548287,2.7314641744548287,2,659,4,2,2,2,2,0,0,0,0,0.011775700934579508,31,0.06376635514018693,0.0017663551401869261,0.062000000000000006,0.0,0.0
3.001433,90,17835.720304,medium,0.9922118380062306,2.992211838006231,2,896,4,2,2,2,2,0,0,0,0,0.018808411214953396,48,0.098821261682243,0.0028212616822430097,0.096,0.0,0.0
0.40359,66,17855.212034,medium,0.39774143302180687,0.39774143302180687,0,652,4,2,2,2,2,0,0,0,0,0.033660436137071495,33,0.07104906542056072,0.0050490654205607235,0.066,0.0,0.0
2.761929,80,17878.025527,medium,0.7421495327102804,2.7421495327102803,2,794,4,2,2,2,2,0,0,0,0,0.021199376947040494,48,0.09917990654205608,0.003179906542056074,0.096,0.0,0.0
4.041492,58,17894.801747,medium,1.0,4.0,3,573,4,2,2,2,2,0,0,0,0,0.01861370716510903,48,0.09879205607476636,0.002792056074766355,0.096,0.0,0.0
4.008171,69,17914.557713,medium,1.0,4.0,3,687,4,2,2,2,2,0,0,0,0,0.05914330218068449,34,0.07687149532710268,0.008871495327102675,0.068,0.0,0.0
2.923844,61,17932.363247,medium,0.9050623052959501,2.9050623052959503,2,607,4,2,2,2,2,0,0,0,0,0.07654205607476476,34,0.07948130841121473,0.011481308411214718,0.068,0.0,0.0
1.679297,63,17950.317661,medium,0.6405763239875389,1.6405763239875388,1,628,4,2,2,2,2,0,0,0,0,0.010140186915887904,88,0.10152102803738319,0.0015210280373831855,0.1,0.0,0.0
2.7869,68,17976.947395,medium,0.7580996884735203,2.7580996884735205,2,672,4,2,2,2,2,0,0,0,0,0.0,48,0.096,0.0,0.096,0.0,0.0
2.995557,66,17996.119814,medium,0.9516277258566976,2.9516277258566976,2,658,4,2,2,2,2,0,0,0,0,0.06485981308411219,91,0.10972897196261683,0.009728971962616828,0.1,0.0,0.0
1.779909,90,18022.347539,medium,0.7703271028037383,1.7703271028037384,1,900,4,2,2,2,2,0,0,0,0,0.02387850467289739,48,0.09958177570093461,0.003581775700934608,0.096,0.0,0.0
0.519972,59,18039.24818,medium,0.47897196261682246,0.47897196261682246,0,590,4,2,2,2,2,0,0,0,0,0.0,61,0.1,0.0,0.1,0.0,0.0
2.970024,88,18064.121067,medium,0.982398753894081,2.9823987538940813,2,877,4,2,2,2,2,0,0,0,0,0.04883177570093465,34,0.0753247663551402,0.007324766355140197,0.068,0.0,0.0
2.852718,90,18089.762984,medium,0.8716510903426792,2.871651090342679,2,900,4,2,2,2,2,0,0,0,0,0.02044392523364479,34,0.07106658878504672,0.0030665887850467176,0.068,0.0,0.0
3.986038,63,18108.019264,medium,1.0,4.0,3,628,4,2,2,2,2,0,0,0,0,0.0589174454828662,20,0.04883761682242993,0.00883761682242993,0.04,0.0,0.0
2.828204,90,18144.5163,medium,0.8137149532710275,2.8137149532710275,2,900,4,2,2,2,2,0,0,0,0,0.029929906542055674,95,0.10448948598130836,0.004489485981308351,0.1,0.0,0.0
2.930872,90,18170.099722,medium,0.9208722741433022,2.920872274143302,2,900,4,2,2,2,2,0,0,0,0,0.0,60,0.1,0.0,0.1,0.0,0.0
3.993564,55,18186.089481,medium,1.0,4.0,3,543,4,2,2,2,2,0,0,0,0,0.01242990654205615,23,0.04786448598130842,0.0018644859813084225,0.046,0.0,0.0
2.87103,73,18206.638822,medium,0.9083333333333333,2.908333333333333,2,728,4,2,2,2,2,0,0,0,0,0.009976635514018744,17,0.03549649532710281,0.0014964953271028114,0.034,0.0,0.0
1.573286,61,18223.451811,medium,0.5522585669781932,1.5522585669781932,1,608,4,2,2,2,2,0,0,0,0,0.012180685358255467,40,0.08182710280373832,0.00182710280373832,0.08,0.0,0.0
2.808037,74,18244.741213,medium,0.8028816199376947,2.8028816199376947,2,732,4,2,2,2,2,0,0,0,0,0.08236760124610484,33,0.07835514018691572,0.012355140186915727,0.066,0.0,0.0
1.670364,69,18265.077617,medium,0.6417445482866043,1.6417445482866042,1,685,4,2,2,2,2,0,0,0,0,0.020794392523364496,47,0.09711915887850468,0.003119158878504674,0.09400000000000001,0.0,0.0
1.637891,90,18297.215205,medium,0.6598909657320873,1.6598909657320873,1,900,4,2,2,2,2,0,0,0,0,0.0,34,0.068,0.0,0.068,0.0,0.0
4.039049,59,18314.074228,medium,1.0,4.0,3,583,4,2,2,2,2,0,0,0,0,0.008995327102803818,48,0.09734929906542057,0.0013492990654205728,0.096,0.0,0.0
2.566457,74,18335.485487,medium,0.5524143302180685,2.5524143302180686,2,732,4,2,2,2,2,0,0,0,0,0.048286604361370784,40,0.08724299065420563,0.007242990654205618,0.08000000000000002,0.0,0.0
2.746225,64,18354.276405,medium,0.7009345794392523,2.7009345794392523,2,633,4,2,2,2,2,0,0,0,0,0.057266355140185965,68,0.1085899532710279,0.008589953271027895,0.1,0.0,0.0
2.730213,69,18374.117182,medium,0.7417445482866044,2.7417445482866043,2,686,4,2,2,2,2,0,0,0,0,0.03379283489096589,26,0.05706892523364489,0.005068925233644883,0.052000000000000005,0.0,0.0
1.656571,64,18392.269235,medium,0.6598208722741422,1.659820872274142,1,632,4,2,2,2,2,0,0,0,0,0.026331775700933462,28,0.05994976635514002,0.003949766355140019,0.056,0.0,0.0
1.637662,72,18412.770121,medium,0.6131619937694704,1.6131619937694706,1,715,4,2,2,2,2,0,0,0,0,0.0,48,0.096,0.0,0.096,0.0,0.0
4.0408,60,18430.174389,medium,1.0,4.0,3,592,4,2,2,2,2,0,0,0,0,0.0,58,0.1,0.0,0.1,0.0,0.0
2.857056,90,18461.917063,medium,0.8950934579439253,2.895093457943925,2,900,4,2,2,2,2,0,0,0,0,0.013084112149532146,25,0.05196261682242982,0.001962616822429822,0.05,0.0,0.0
1.557314,74,18483.049736,medium,0.5281931464174455,1.5281931464174456,1,737,4,2,2,2,2,0,0,0,0,0.018808411214952872,58,0.10282126168224294,0.0028212616822429304,0.1,0.0,0.0
1.757041,70,18503.173612,medium,0.7403426791277259,1.7403426791277259,1,694,4,2,2,2,2,0,0,0,0,0.000654205607476636,43,0.08609813084112151,9.81308411214954e-05,0.08600000000000002,0.0,0.0
4.041459,60,18520.53674,medium,1.0,4.0,3,592,4,2,2,2,2,0,0,0,0,0.031059190031152758,48,0.10065887850467292,0.0046588785046729145,0.096,0.0,0.0
3.972482,77,18542.689188,medium,1.0,4.0,3,770,4,2,2,2,2,0,0,0,0,0.04988317757009231,21,0.04948247663551385,0.007482476635513846,0.042,0.0,0.0
2.734478,89,18568.849161,medium,0.8220404984423676,2.8220404984423677,2,882,4,2,2,2,2,0,0,0,0,0.004252336448598062,0,0.0006378504672897093,0.0006378504672897093,0.0,0.0,0.0
1.589055,66,18588.184588,medium,0.5582554517133956,1.5582554517133955,1,652,4,2,2,2,2,0,0,0,0,0.0,48,0.096,0.0,0.096,0.0,0.0
2.823593,65,18613.203578,medium,0.7826323987538941,2.7826323987538943,2,641,4,2,2,2,2,0,0,0,0,0.0337383177570092,89,0.10506074766355139,0.00506074766355138,0.1,0.0,0.0
2.76633,77,18635.528582,medium,0.7460280373831776,2.7460280373831774,2,769,4,2,2,2,2,0,0,0,0,0.008014018691588872,48,0.09720210280373834,0.001202102803738331,0.096,0.0,0.0
2.940711,62,18653.072623,medium,0.8972741433021807,2.8972741433021807,2,614,4,2,2,2,2,0,0,0,0,0.03224299065420567,96,0.10483644859813085,0.00483644859813085,0.1,0.0,0.0
2.828489,77,18674.376998,medium,0.9010903426791277,2.9010903426791277,2,766,4,2,2,2,2,0,0,0,0,0.02665887850467275,0,0.003998831775700912,0.003998831775700912,0.0,0.0,0.0
4.037537,70,18694.683179,medium,1.0,4.0,3,697,4,2,2,2,2,0,0,0,0,0.04824766355140063,72,0.1072371495327101,0.007237149532710095,0.1,0.0,0.0
0.462591,71,18715.623683,medium,0.4284267912772586,0.4284267912772586,0,701,4,2,2,2,2,0,0,0,0,0.02842679127725863,91,0.1042640186915888,0.0042640186915887945,0.1,0.0,0.0
4.039716,67,18735.137822,medium,1.0,4.0,3,668,4,2,2,2,2,0,0,0,0,0.04344236760124604,66,0.10651635514018691,0.006516355140186905,0.1,0.0,0.0
4.035999,64,18769.638643,medium,1.0,4.0,3,640,4,2,2,2,2,0,0,0,0,0.026658878504671888,48,0.09999883177570079,0.0039988317757007836,0.096,0.0,0.0
2.76944,61,18787.700209,medium,0.7301401869158879,2.7301401869158877,2,607,4,2,2,2,2,0,0,0,0,0.0,72,0.1,0.0,0.1,0.0,0.0
2.836402,63,18805.997089,medium,0.8079439252336449,2.807943925233645,2,627,4,2,2,2,2,0,0,0,0,0.06105140186915761,41,0.09115771028037366,0.00915771028037364,0.08200000000000002,0.0,0.0
3.991418,59,18822.820903,medium,1.0,4.0,3,589,4,2,2,2,2,0,0,0,0,0.02878504672897072,23,0.050317757009345605,0.004317757009345608,0.046,0.0,0.0
2.717521,69,18842.647115,medium,0.6904205607476636,2.6904205607476634,2,689,4,2,2,2,2,0,0,0,0,0.0,48,0.096,0.0,0.096,0.0,0.0
4.007766,54,18857.996867,medium,1.0,4.0,3,532,4,2,2,2,2,0,0,0,0,0.0731074766355128,25,0.06096612149532692,0.01096612149532692,0.05,0.0,0.0
1.621747,75,18879.286801,medium,0.6264018691588785,1.6264018691588786,1,742,4,2,2,2,2,0,0,0,0,0.010303738317757048,34,0.06954556074766356,0.001545560747663557,0.068,0.0,0.0
4.017495,83,18903.004683,medium,1.0,4.0,3,827,4,2,2,2,2,0,0,0,0,0.027967289719625837,48,0.10019509345794388,0.004195093457943876,0.096,0.0,0.0
2.803394,79,18932.671623,medium,0.7759267912772587,2.775926791277259,2,782,4,2,2,2,2,0,0,0,0,0.03778037383177542,96,0.10566705607476631,0.005667056074766311,0.1,0.0,0.0
2.702891,90,18958.428075,medium,0.7723520249221184,2.7723520249221183,2,900,4,2,2,2,2,0,0,0,0,0.030257009345794006,8,0.020538551401869103,0.0045385514018691005,0.016,0.0,0.0
3.964376,73,18979.187882,medium,1.0,4.0,3,728,4,2,2,2,2,0,0,0,0,0.034509345794391376,16,0.03717640186915871,0.005176401869158706,0.032,0.0,0.0
2.720762,73,19000.192585,medium,0.6860591900311527,2.686059190031153,2,730,4,2,2,2,2,0,0,0,0,0.05135514018691467,63,0.1077032710280372,0.0077032710280372,0.1,0.0,0.0
2.818021,74,19021.417103,medium,0.7880841121495327,2.788084112149533,2,740,4,2,2,2,2,0,0,0,0,0.026246105919003178,72,0.10393691588785048,0.003936915887850476,0.1,0.0,0.0
2.830119,86,19046.648393,medium,0.8454828660436137,2.845482866043614,2,854,4,2,2,2,2,0,0,0,0,0.013574766355139645,34,0.07003621495327095,0.0020362149532709467,0.068,0.0,0.0
0.426226,59,19070.346357,medium,0.38193146417445484,0.38193146417445484,0,586,4,2,2,2,2,0,0,0,0,0.019299065420560844,72,0.10289485981308413,0.002894859813084126,0.1,0.0,0.0
4.030232,76,19092.193673,medium,1.0,4.0,3,759,4,2,2,2,2,0,0,0,0,0.06754672897196144,48,0.10613200934579421,0.010132009345794215,0.096,0.0,0.0
1.684197,69,19111.528463,medium,0.6482866043613708,1.6482866043613709,1,688,4,2,2,2,2,0,0,0,0,0.03140186915887815,72,0.10471028037383173,0.004710280373831722,0.1,0.0,0.0
4.01965,71,19131.251555,medium,1.0,4.0,3,705,4,2,2,2,2,0,0,0,0,0.014330218068535823,44,0.09014953271028037,0.0021495327102803736,0.088,0.0,0.0
2.95052,73,19152.028342,medium,0.939797507788162,2.939797507788162,2,727,4,2,2,2,2,0,0,0,0,0.009485981308411235,41,0.08342289719626168,0.001422897196261685,0.082,0.0,0.0
2.833475,75,19173.648257,medium,0.8055295950155763,2.8055295950155763,2,749,4,2,2,2,2,0,0,0,0,0.018971962616822415,70,0.10284579439252337,0.002845794392523363,0.1,0.0,0.0
2.72801,60,19190.927783,medium,0.6799844236760124,2.6799844236760126,2,598,4,2,2,2,2,0,0,0,0,0.05217289719626041,71,0.10782593457943906,0.00782593457943906,0.1,0.0,0.0
2.972424,73,19212.655101,medium,0.9535825545171339,2.953582554517134,2,728,4,2,2,2,2,0,0,0,0,0.06427570093457821,41,0.09164135514018672,0.009641355140186731,0.08199999999999999,0.0,0.0
2.799615,90,19245.280989,medium,0.8138629283489096,2.8138629283489096,2,900,4,2,2,2,2,0,0,0,0,0.051682242990652855,34,0.07575233644859793,0.0077523364485979265,0.068,0.0,0.0
2.880941,90,19270.934415,medium,0.9475077881619938,2.9475077881619938,2,900,4,2,2,2,2,0,0,0,0,0.04955607476635364,8,0.023433411214953046,0.007433411214953045,0.016,0.0,0.0
1.683343,64,19289.634105,medium,0.6743769470404984,1.6743769470404986,1,638,4,2,2,2,2,0,0,0,0,0.03177570093457921,34,0.07276635514018688,0.004766355140186881,0.068,0.0,0.0
2.935981,76,19311.489192,medium,0.9034267912772586,2.9034267912772584,2,751,4,2,2,2,2,0,0,0,0,0.051028037383176315,89,0.10765420560747645,0.0076542056074764475,0.1,0.0,0.0
2.862075,90,19337.290016,medium,0.9034267912772586,2.9034267912772584,2,900,4,2,2,2,2,0,0,0,0,0.04432242990654098,21,0.04864836448598116,0.0066483644859811454,0.04200000000000001,0.0,0.0
3.951469,69,19357.391184,medium,1.0,4.0,3,683,4,2,2,2,2,0,0,0,0,0.02512461059190043,8,0.019768691588785064,0.0037686915887850643,0.016,0.0,0.0
1.6865,74,19386.906296,medium,0.6598520249221173,1.6598520249221171,1,734,4,2,2,2,2,0,0,0,0,0.02698598130841005,48,0.1000478971962615,0.004047897196261507,0.096,0.0,0.0
2.881537,70,19406.890102,medium,0.8471183800623053,2.847118380062305,2,698,4,2,2,2,2,0,0,0,0,0.05478971962616786,48,0.10421845794392517,0.00821845794392518,0.096,0.0,0.0
2.784509,61,19424.44545,medium,0.7434579439252337,2.743457943925234,2,602,4,2,2,2,2,0,0,0,0,0.008341121495327163,68,0.10125116822429908,0.001251168224299074,0.1,0.0,0.0
1.755013,75,19445.893107,medium,0.7333333333333333,1.7333333333333334,1,747,4,2,2,2,2,0,0,0,0,0.01586448598130852,47,0.09637967289719628,0.0023796728971962784,0.094,0.0,0.0
4.04442,59,19462.684397,medium,1.0,4.0,3,584,4,2,2,2,2,0,0,0,0,0.04546728971962521,48,0.10282009345794378,0.006820093457943781,0.096,0.0,0.0
2.841332,68,19482.040061,medium,0.8116822429906542,2.811682242990654,2,677,4,2,2,2,2,0,0,0,0,0.00899532710280378,48,0.09734929906542057,0.001349299065420567,0.096,0.0,0.0
2.658758,61,19499.731048,medium,0.6151869158878505,2.6151869158878505,2,605,4,2,2,2,2,0,0,0,0,0.05380841121495194,48,0.10407126168224279,0.008071261682242791,0.096,0.0,0.0
2.629954,66,19518.503579,medium,0.6320093457943925,2.6320093457943923,2,656,4,2,2,2,2,0,0,0,0,0.036962616822428684,29,0.0635443925233643,0.005544392523364303,0.058,0.0,0.0
2.719734,64,19543.506114,medium,0.7091744548286604,2.7091744548286605,2,635,4,2,2,2,2,0,0,0,0,0.040397196261682235,34,0.07405957943925234,0.006059579439252335,0.068,0.0,0.0
2.914649,78,19566.012949,medium,0.942601246105919,2.942601246105919,2,773,4,2,2,2,2,0,0,0,0,0.03565420560747509,22,0.04934813084112126,0.005348130841121264,0.044,0.0,0.0
4.0323,64,19584.169704,medium,1.0,4.0,3,637,4,2,2,2,2,0,0,0,0,0.0,48,0.096,0.0,0.096,0.0,0.0
1.55326,81,19607.286608,medium,0.604595015576324,1.604595015576324,1,807,4,2,2,2,2,0,0,0,0,0.022429906542056104,13,0.02936448598130842,0.003364485981308416,0.026000000000000002,0.0,0.0
4.026676,66,19626.285722,medium,1.0,4.0,3,655,4,2,2,2,2,0,0,0,0,0.05450934579439119,42,0.09217640186915867,0.008176401869158679,0.08399999999999999,0.0,0.0
4.014902,53,19641.493456,medium,1.0,4.0,3,525,3,1,2,1,2,0,0,0,1,0.009345794392523369,48,0.06740186915887851,0.0014018691588785052,0.096,0.0,0.03
2.930735,90,19667.593936,medium,0.9228971962616822,2.9228971962616823,2,900,4,2,2,2,2,0,0,0,0,0.06558411214953162,44,0.09783761682242975,0.009837616822429741,0.08800000000000001,0.0,0.0
0.465188,64,19692.679303,medium,0.4869158878504673,0.4869158878504673,0,639,4,2,2,2,2,0,0,0,0,0.0011448598130841133,21,0.04217172897196262,0.00017172897196261698,0.042,0.0,0.0
2.672464,75,19713.968765,medium,0.6713395638629284,2.6713395638629285,2,748,4,2,2,2,2,0,0,0,0,0.05282710280373726,34,0.0759240654205606,0.007924065420560589,0.068,0.0,0.0
2.855646,61,19731.961401,medium,0.8449376947040499,2.8449376947040497,2,608,4,2,2,2,2,0,0,0,0,0.023387850467289695,34,0.07150817757009346,0.003508177570093454,0.068,0.0,0.0
2.96845,69,19752.310612,medium,0.9746105919003115,2.9746105919003116,2,687,4,2,2,2,2,0,0,0,0,0.00359813084112134,31,0.06253971962616821,0.000539719626168201,0.062000000000000006,0.0,0.0
2.737193,90,19778.1563,medium,0.7218691588785044,2.7218691588785044,2,900,4,2,2,2,2,0,0,0,0,0.035490654205607416,80,0.10532359813084112,0.005323598130841112,0.1,0.0,0.0
4.016491,86,19802.849263,medium,1.0,4.0,3,853,4,2,2,2,2,0,0,0,0,0.011939252336448155,81,0.10179088785046723,0.0017908878504672232,0.1,0.0,0.0
2.938637,90,19829.153074,medium,0.9246884735202492,2.9246884735202494,2,900,4,2,2,2,2,0,0,0,0,0.05299065420560619,48,0.10394859813084092,0.00794859813084093,0.096,0.0,0.0
2.6943,90,19878.631261,medium,0.7603582554517134,2.760358255451713,2,893,4,2,2,2,2,0,0,0,0,0.02161214953271029,10,0.023241822429906543,0.0032418224299065436,0.02,0.0,0.0
0.504499,63,19896.945392,medium,0.4658878504672897,0.4658878504672897,0,621,4,2,2,2,2,0,0,0,0,0.004742990654205659,54,0.10071144859813086,0.0007114485981308488,0.1,0.0,0.0
2.87089,90,19922.745211,medium,0.9239096573208723,2.9239096573208725,2,900,4,2,2,2,2,0,0,0,0,0.033200934579439116,16,0.036980140186915866,0.004980140186915867,0.032,0.0,0.0
2.777361,64,19941.34297,medium,0.7443068535825539,2.744306853582554,2,633,4,2,2,2,2,0,0,0,0,0.04235981308411165,45,0.09635397196261675,0.006353971962616747,0.09,0.0,0.0
2.861499,83,19965.332558,medium,0.872196261682243,2.8721962616822427,2,825,4,2,2,2,2,0,0,0,0,0.025350467289719535,34,0.07180257009345793,0.00380257009345793,0.068,0.0,0.0
2.754165,60,19982.982692,medium,0.7121495327102804,2.7121495327102805,2,598,4,2,2,2,2,0,0,0,0,0.012102803738317687,72,0.10181542056074766,0.0018154205607476526,0.1,0.0,0.0
2.887264,71,20010.154752,medium,0.8863707165109034,2.8863707165109034,2,701,4,2,2,2,2,0,0,0,0,0.019953271028036665,34,0.0709929906542055,0.0029929906542055,0.068,0.0,0.0
2.814646,63,20028.120104,medium,0.7672274143302181,2.7672274143302182,2,621,4,2,2,2,2,0,0,0,0,0.06345794392523299,57,0.10951869158878495,0.009518691588784949,0.1,0.0,0.0
2.651444,62,20046.016137,medium,0.6140965732087228,2.6140965732087227,2,614,4,2,2,2,2,0,0,0,0,0.018317757009345934,48,0.0987476635514019,0.00274766355140189,0.096,0.0,0.0
4.0243,76,20067.378976,medium,1.0,4.0,3,757,4,2,2,2,2,0,0,0,0,0.0,81,0.1,0.0,0.1,0.0,0.0
1.604074,62,20085.343448,medium,0.6111370716510903,1.6111370716510902,1,619,4,2,2,2,2,0,0,0,0,0.03224299065420567,25,0.05483644859813085,0.0048364485981308505,0.05,0.0,0.0
2.79231,74,20106.667787,medium,0.787227414330218,2.787227414330218,2,731,4,2,2,2,2,0,0,0,0,0.04121495327102724,36,0.0781822429906541,0.006182242990654086,0.07200000000000001,0.0,0.0
2.585747,59,20123.879417,medium,0.5378115264797507,2.537811526479751,2,581,4,2,2,2,2,0,0,0,0,0.04023364485981161,72,0.10603504672897175,0.00603504672897174,0.1,0.0,0.0
1.654366,70,20143.728475,medium,0.6347352024922118,1.634735202492212,1,694,4,2,2,2,2,0,0,0,0,0.006869158878504664,44,0.08903037383177571,0.0010303738317756998,0.08800000000000001,0.0,0.0
2.679497,90,20181.998832,medium,0.7139408099688473,2.7139408099688476,2,900,4,2,2,2,2,0,0,0,0,0.05037383177569976,24,0.05555607476635496,0.007556074766354965,0.048,0.0,0.0
2.949608,90,20208.173602,medium,0.9376947040498442,2.9376947040498442,2,900,4,2,2,2,2,0,0,0,0,0.012757009345794454,96,0.10191355140186917,0.0019135514018691678,0.1,0.0,0.0
3.974835,69,20227.76801,medium,1.0,4.0,3,685,4,2,2,2,2,0,0,0,0,0.048901869158877384,18,0.04333528037383161,0.007335280373831608,0.036000000000000004,0.0,0.0
2.720092,60,20245.52119,medium,0.6773364485981308,2.6773364485981306,2,597,4,2,2,2,2,0,0,0,0,0.04303738317757021,48,0.10245560747663553,0.006455607476635531,0.096,0.0,0.0
4.038986,68,20265.045613,medium,1.0,4.0,3,678,4,2,2,2,2,0,0,0,0,0.045241433021805465,65,0.10678621495327083,0.006786214953270819,0.1,0.0,0.0
2.915169,90,20290.939642,medium,0.9034267912772586,2.9034267912772584,2,900,4,2,2,2,2,0,0,0,0,0.011612149532710347,72,0.10174182242990656,0.001741822429906552,0.1,0.0,0.0
2.809101,75,20312.601369,medium,0.7838006230529595,2.7838006230529597,2,747,4,2,2,2,2,0,0,0,0,0.0,72,0.1,0.0,0.1,0.0,0.0
2.569588,70,20340.69507,medium,0.5415109034267913,2.5415109034267913,2,691,4,2,2,2,2,0,0,0,0,0.007850467289719483,48,0.09717757009345793,0.0011775700934579221,0.096,0.0,0.0
2.951392,83,20364.353495,medium,0.942601246105919,2.942601246105919,2,830,4,2,2,2,2,0,0,0,0,0.05193925233644834,42,0.09179088785046727,0.007790887850467249,0.08400000000000002,0.0,0.0
2.777027,89,20390.144887,medium,0.8024143302180685,2.8024143302180686,2,887,4,2,2,2,2,0,0,0,0,0.06208722741432915,27,0.06331308411214936,0.009313084112149372,0.054,0.0,0.0
3.9677,71,20410.118815,medium,1.0,4.0,3,703,4,2,2,2,2,0,0,0,0,0.0,19,0.038,0.0,0.038,0.0,0.0
2.920851,74,20431.598481,medium,0.9192367601246106,2.9192367601246105,2,736,4,2,2,2,2,0,0,0,0,0.021425233644859532,36,0.07521378504672893,0.003213785046728929,0.07200000000000001,0.0,0.0
2.798985,79,20454.1728,medium,0.8017133956386293,2.8017133956386293,2,788,4,2,2,2,2,0,0,0,0,0.05380841121495194,34,0.07607126168224279,0.008071261682242791,0.068,0.0,0.0
2.804786,61,20479.125859,medium,0.7707165109034267,2.770716510903427,2,602,4,2,2,2,2,0,0,0,0,0.001799065420560747,47,0.09426985981308413,0.00026985981308411204,0.09400000000000001,0.0,0.0
2.740225,71,20499.809422,medium,0.7624610591900312,2.762461059190031,2,708,4,2,2,2,2,0,0,0,0,0.003761682242990492,24,0.04856425233644857,0.0005642523364485738,0.048,0.0,0.0
2.941246,76,20522.172316,medium,0.9376947040498442,2.9376947040498442,2,757,4,2,2,2,2,0,0,0,0,0.08834112149532583,33,0.07925116822429887,0.013251168224298872,0.066,0.0,0.0
2.694401,64,20541.071613,medium,0.7020327102803738,2.702032710280374,2,640,4,2,2,2,2,0,0,0,0,0.00245327102803741,28,0.05636799065420561,0.00036799065420561146,0.056,0.0,0.0
4.012137,75,20562.632281,medium,1.0,4.0,3,744,4,2,2,2,2,0,0,0,0,0.056915887850466355,39,0.08653738317756997,0.008537383177569954,0.07800000000000001,0.0,0.0
4.019542,60,20579.185513,medium,1.0,4.0,3,600,4,2,2,2,2,0,0,0,0,0.07694704049844138,34,0.07954205607476621,0.011542056074766206,0.068,0.0,0.0
2.822879,75,20601.424248,medium,0.849766355140187,2.849766355140187,2,748,4,2,2,2,2,0,0,0,0,0.03941588785046721,21,0.047912383177570086,0.00591238317757008,0.042,0.0,0.0
3.938843,53,20616.869794,medium,1.0,4.0,3,527,3,2,1,2,1,0,0,0,1,0.06362149532710147,6,-0.008456775700934779,0.00954322429906522,0.012,0.0,0.03
2.670567,59,20640.543966,medium,0.6254672897196262,2.625467289719626,2,588,4,2,2,2,2,0,0,0,0,0.052663551401867875,48,0.10389953271028018,0.007899532710280183,0.096,0.0,0.0
2.748637,63,20658.847446,medium,0.7330996884735203,2.73309968847352,2,623,4,2,2,2,2,0,0,0,0,0.06558411214953155,34,0.07783761682242973,0.009837616822429734,0.068,0.0,0.0
2.748313,85,20682.960574,medium,0.7848130841121496,2.7848130841121495,2,845,4,2,2,2,2,0,0,0,0,0.0,24,0.048,0.0,0.048,0.0,0.0
2.927867,78,20705.074307,medium,0.9376947040498442,2.9376947040498442,2,773,4,2,2,2,2,0,0,0,0,0.009813084112149581,33,0.06747196261682244,0.0014719626168224371,0.066,0.0,0.0
2.711378,66,20724.355653,medium,0.6729750778816199,2.67297507788162,2,654,4,2,2,2,2,0,0,0,0,0.025350467289719535,96,0.10380257009345793,0.0038025700934579305,0.1,0.0,0.0
0.50855,63,20742.722305,medium,0.4709501557632399,0.4709501557632399,0,624,4,2,2,2,2,0,0,0,0,0.0,72,0.1,0.0,0.1,0.0,0.0
4.008611,67,20762.16502,medium,1.0,4.0,3,667,4,2,2,2,2,0,0,0,0,0.04873831775700802,34,0.07531074766355121,0.007310747663551203,0.068,0.0,0.0
1.887842,65,20781.340323,medium,0.8565420560747663,1.8565420560747663,1,647,4,2,2,2,2,0,0,0,0,0.0,48,0.096,0.0,0.096,0.0,0.0
2.934506,88,20813.213664,medium,0.9475077881619938,2.9475077881619938,2,871,4,2,2,2,2,0,0,0,0,0.0406542056074767,34,0.0740981308411215,0.006098130841121504,0.068,0.0,0.0
2.976778,69,20832.794735,medium,0.966588785046729,2.9665887850467287,2,689,4,2,2,2,2,0,0,0,0,0.07392523364485858,34,0.07908878504672878,0.011088785046728784,0.068,0.0,0.0
1.477405,62,20850.525158,medium,0.5026479750778816,1.5026479750778816,1,615,4,2,2,2,2,0,0,0,0,0.015046728971962516,17,0.03625700934579438,0.0022570093457943774,0.034,0.0,0.0
2.920535,90,20876.252821,medium,0.9064641744548286,2.9064641744548285,2,900,4,2,2,2,2,0,0,0,0,0.05380841121495194,48,0.10407126168224279,0.00807126168224279,0.096,0.0,0.0
0.463021,61,20894.142384,medium,0.4206386292834891,0.4206386292834891,0,609,4,2,2,2,2,0,0,0,0,0.021884735202492234,72,0.10328271028037384,0.003282710280373835,0.1,0.0,0.0
2.774833,58,20911.233382,medium,0.7329439252336448,2.732943925233645,2,573,4,2,2,2,2,0,0,0,0,0.021261682242990826,48,0.09918925233644862,0.003189252336448624,0.096,0.0,0.0
3.935095,50,20925.582743,medium,1.0,4.0,3,493,2,1,1,1,1,0,0,0,2,0.029299065420560846,20,-0.015605140186915868,0.004394859813084126,0.04,0.0,0.06
2.949803,90,20959.620659,medium,0.9376947040498442,2.9376947040498442,2,900,4,2,2,2,2,0,0,0,0,0.040724299065419516,48,0.10210864485981293,0.0061086448598129265,0.096,0.0,0.0
3.97365,66,20978.78643,medium,1.0,4.0,3,652,4,2,2,2,2,0,0,0,0,0.08566978193146363,13,0.03885046728971955,0.012850467289719544,0.026000000000000002,0.0,0.0
2.847167,90,21004.861778,medium,0.9034267912772586,2.9034267912772584,2,900,4,2,2,2,2,0,0,0,0,0.011604361370716508,16,0.03374065420560748,0.0017406542056074763,0.032,0.0,0.0
1.914087,90,21030.841789,medium,0.9078660436137072,1.9078660436137072,1,900,4,2,2,2,2,0,0,0,0,0.00147196261682243,48,0.09622079439252337,0.0002207943925233645,0.096,0.0,0.0
2.531902,66,21049.911758,medium,0.5607476635514018,2.560747663551402,2,653,4,2,2,2,2,0,0,0,0,0.05636292834890873,14,0.03645443925233631,0.00845443925233631,0.028000000000000004,0.0,0.0
4.018961,65,21068.441307,medium,1.0,4.0,3,642,4,2,2,2,2,0,0,0,0,0.047741433021806924,38,0.08316121495327106,0.007161214953271039,0.07600000000000001,0.0,0.0
3.977836,54,21083.966119,medium,1.0,4.0,3,535,4,2,2,2,2,0,0,0,0,0.022242990654205617,14,0.031336448598130846,0.003336448598130843,0.028,0.0,0.0
2.968096,58,21104.849163,medium,0.9234423676012461,2.923442367601246,2,577,4,2,2,2,2,0,0,0,0,0.04235981308411185,48,0.10235397196261678,0.006353971962616777,0.096,0.0,0.0
1.609827,65,21123.358509,medium,0.5784267912772586,1.5784267912772587,1,646,4,2,2,2,2,0,0,0,0,0.0,48,0.096,0.0,0.096,0.0,0.0
2.952072,90,21149.276948,medium,0.9376947040498442,2.9376947040498442,2,894,4,2,2,2,2,0,0,0,0,0.051845794392522127,48,0.10377686915887832,0.007776869158878319,0.096,0.0,0.0
2.635409,61,21166.829591,medium,0.596183800623053,2.596183800623053,2,602,4,2,2,2,2,0,0,0,0,0.022834890965732157,48,0.09942523364485982,0.003425233644859823,0.096,0.0,0.0
2.843711,67,21185.638667,medium,0.9034267912772586,2.9034267912772584,2,665,4,2,2,2,2,0,0,0,0,0.03189252336448561,1,0.006783878504672841,0.004783878504672841,0.002,0.0,0.0
1.760543,90,21210.986843,medium,0.7608255451713396,1.7608255451713397,1,900,4,2,2,2,2,0,0,0,0,0.011448598130841148,44,0.08971728971962617,0.001717289719626172,0.088,0.0,0.0
2.679994,90,21236.683388,medium,0.7696261682242991,2.769626168224299,2,900,4,2,2,2,2,0,0,0,0,0.0024532710280373853,0,0.00036799065420560777,0.00036799065420560777,0.0,0.0,0.0
2.688784,74,21261.948329,medium,0.6646105919003117,2.6646105919003116,2,732,4,2,2,2,2,0,0,0,0,0.009158878504672997,48,0.09737383177570096,0.0013738317757009495,0.096,0.0,0.0
0.335817,61,21278.959757,medium,0.296417445482866,0.296417445482866,0,606,4,2,2,2,2,0,0,0,0,0.0,65,0.1,0.0,0.1,0.0,0.0
3.994036,58,21294.934012,medium,1.0,4.0,3,573,4,2,2,2,2,0,0,0,0,0.022242990654205617,24,0.051336448598130836,0.0033364485981308427,0.047999999999999994,0.0,0.0
1.683209,76,21315.885939,medium,0.7005451713395638,1.7005451713395638,1,759,4,2,2,2,2,0,0,0,0,0.0037616822429906486,29,0.0585642523364486,0.0005642523364485973,0.058,0.0,0.0
2.761919,85,21339.257513,medium,0.7428348909657321,2.742834890965732,2,844,4,2,2,2,2,0,0,0,0,0.023224299065420295,72,0.10348364485981305,0.0034836448598130434,0.1,0.0,0.0
3.9423,46,21352.60798,medium,1.0,4.0,3,457,2,1,1,1,1,0,0,0,2,0.0,24,-0.011999999999999997,0.0,0.048,0.0,0.06
2.650281,60,21369.710573,medium,0.6074766355140186,2.6074766355140184,2,596,4,2,2,2,2,0,0,0,0,0.016028037383176878,59,0.10240420560747654,0.0024042056074765317,0.1,0.0,0.0
2.790589,68,21389.355177,medium,0.7580996884735203,2.7580996884735205,2,680,4,2,2,2,2,0,0,0,0,0.02992990654205565,48,0.10048948598130834,0.004489485981308348,0.096,0.0,0.0
2.836161,69,21420.364663,medium,0.800778816199377,2.8007788161993767,2,681,4,2,2,2,2,0,0,0,0,0.049883177570092245,48,0.10348247663551384,0.007482476635513837,0.096,0.0,0.0
2.761114,71,21441.037814,medium,0.7307632398753894,2.7307632398753894,2,709,4,2,2,2,2,0,0,0,0,0.008341121495327139,72,0.10125116822429908,0.0012511682242990706,0.1,0.0,0.0
1.530243,73,21462.389374,medium,0.5003894080996885,1.5003894080996885,1,725,4,2,2,2,2,0,0,0,0,0.015693146417445476,72,0.10235397196261682,0.002353971962616821,0.1,0.0,0.0
2.764146,59,21479.887771,medium,0.719626168224299,2.7196261682242993,2,584,4,2,2,2,2,0,0,0,0,0.019462616822429987,72,0.1029193925233645,0.002919392523364498,0.1,0.0,0.0
1.593843,61,21497.496706,medium,0.5577102803738317,1.5577102803738319,1,608,4,2,2,2,2,0,0,0,0,0.0062149532710280495,48,0.09693224299065421,0.0009322429906542073,0.096,0.0,0.0
4.039233,69,21517.493298,medium,1.0,4.0,3,682,4,2,2,2,2,0,0,0,0,0.04955607476635401,80,0.1074334112149531,0.0074334112149531005,0.1,0.0,0.0
2.903049,68,21537.493298,medium,0.891822429906542,2.891822429906542,2,680,4,2,2,2,2,0,0,0,0,0.008177570093457974,39,0.0792266355140187,0.001226635514018696,0.07800000000000001,0.0,0.0
2.730892,72,21565.758672,medium,0.6980529595015577,2.698052959501558,2,717,4,2,2,2,2,0,0,0,0,0.030257009345794412,56,0.10453855140186917,0.004538551401869161,0.1,0.0,0.0
2.7459,62,21583.690392,medium,0.6985981308411215,2.6985981308411215,2,612,4,2,2,2,2,0,0,0,0,0.05668224299065432,72,0.10850233644859815,0.00850233644859815,0.1,0.0,0.0
1.575714,68,21603.641389,medium,0.5907788161993758,1.590778816199376,1,671,4,2,2,2,2,0,0,0,0,0.040233644859811964,23,0.052035046728971794,0.006035046728971795,0.046,0.0,0.0
2.776342,76,21624.942072,medium,0.8514797507788162,2.8514797507788163,2,758,4,2,2,2,2,0,0,0,0,0.004415887850467198,0,0.0006623831775700796,0.0006623831775700796,0.0,0.0,0.0
2.573028,90,21651.050284,medium,0.5589563862928348,2.558956386292835,2,900,4,2,2,2,2,0,0,0,0,0.05380841121495194,48,0.10407126168224279,0.008071261682242791,0.096,0.0,0.0
1.602173,65,21669.671111,medium,0.5975077881619938,1.5975077881619937,1,644,4,2,2,2,2,0,0,0,0,0.020436137071650668,33,0.0690654205607476,0.0030654205607476,0.066,0.0,0.0
2.878514,69,21689.819303,medium,0.8436137071651091,2.843613707165109,2,686,4,2,2,2,2,0,0,0,0,0.05000000000000008,48,0.10350000000000001,0.007500000000000012,0.096,0.0,0.0
4.039316,64,21714.296879,medium,1.0,4.0,3,636,4,2,2,2,2,0,0,0,0,0.046105919003115337,48,0.1029158878504673,0.0069158878504673,0.096,0.0,0.0
2.846744,66,21733.168373,medium,0.8160436137071652,2.816043613707165,2,653,4,2,2,2,2,0,0,0,0,0.0,48,0.096,0.0,0.096,0.0,0.0
2.701052,69,21752.935281,medium,0.6975077881619938,2.6975077881619938,2,690,4,2,2,2,2,0,0,0,0,0.0302959501557633,34,0.0725443925233645,0.004544392523364495,0.068,0.0,0.0
2.911567,72,21773.436565,medium,0.8792834890965732,2.879283489096573,2,714,4,2,2,2,2,0,0,0,0,0.024556074766355226,83,0.1036834112149533,0.003683411214953284,0.1,0.0,0.0
1.545892,63,21791.195828,medium,0.5116822429906542,1.5116822429906542,1,626,4,2,2,2,2,0,0,0,0,0.0053971962616823025,48,0.09680957943925235,0.0008095794392523454,0.096,0.0,0.0
3.989854,66,21810.316783,medium,1.0,4.0,3,658,4,2,2,2,2,0,0,0,0,0.051028037383176364,24,0.055654205607476456,0.007654205607476454,0.048,0.0,0.0
2.811845,60,21827.949521,medium,0.7697819314641745,2.7697819314641743,2,598,4,2,2,2,2,0,0,0,0,0.03908878504672787,48,0.10186331775700919,0.005863317757009182,0.096,0.0,0.0
2.853138,79,21851.533475,medium,0.8422118380062306,2.8422118380062305,2,783,4,2,2,2,2,0,0,0,0,0.008177570093457978,44,0.08922663551401869,0.0012266355140186965,0.088,0.0,0.0
2.963093,79,21891.274252,medium,0.9402647975077881,2.9402647975077882,2,783,4,2,2,2,2,0,0,0,0,0.007523364485980984,53,0.10112850467289715,0.0011285046728971475,0.1,0.0,0.0
1.712097,61,21908.861863,medium,0.6709968847352024,1.6709968847352024,1,602,4,2,2,2,2,0,0,0,0,0.008668224299065405,51,0.10130023364485982,0.0013002336448598108,0.1,0.0,0.0
3.944186,76,21931.213241,medium,1.0,4.0,3,758,4,2,2,2,2,0,0,0,0,0.03990654205607339,7,0.01998598130841101,0.005985981308411008,0.014,0.0,0.0
4.02235,62,21949.204762,medium,1.0,4.0,3,618,4,2,2,2,2,0,0,0,0,0.014330218068535823,41,0.08414953271028038,0.002149532710280373,0.082,0.0,0.0
3.998612,63,21966.864271,medium,1.0,4.0,3,627,4,2,2,2,2,0,0,0,0,0.022079439252336464,29,0.06131191588785048,0.0033119158878504693,0.05800000000000001,0.0,0.0
3.996157,87,21992.199766,medium,1.0,4.0,3,861,4,2,2,2,2,0,0,0,0,0.01504672897196265,40,0.0822570093457944,0.0022570093457943974,0.08,0.0,0.0
4.001297,71,22012.781524,medium,1.0,4.0,3,706,4,2,2,2,2,0,0,0,0,0.052647975077881694,32,0.07189719626168226,0.007897196261682254,0.064,0.0,0.0
1.786921,90,22053.148724,medium,0.8092523364485981,1.8092523364485982,1,900,4,2,2,2,2,0,0,0,0,0.011121495327102722,33,0.06766822429906541,0.0016682242990654083,0.066,0.0,0.0
2.902628,85,22078.036862,medium,0.9420560747663551,2.942056074766355,2,842,4,2,2,2,2,0,0,0,0,0.018481308411214245,21,0.04477219626168214,0.002772196261682137,0.042,0.0,0.0
1.593229,67,22097.498285,medium,0.5577102803738317,1.5577102803738319,1,661,4,2,2,2,2,0,0,0,0,0.010794392523364543,64,0.10161915887850469,0.0016191588785046816,0.1,0.0,0.0
1.655348,90,22123.447067,medium,0.6421339563862928,1.6421339563862927,1,900,4,2,2,2,2,0,0,0,0,0.021425233644859838,72,0.10321378504672898,0.003213785046728975,0.1,0.0,0.0
2.783485,74,22144.250638,medium,0.753816199376947,2.753816199376947,2,731,4,2,2,2,2,0,0,0,0,0.04512461059190038,48,0.10276869158878506,0.0067686915887850575,0.096,0.0,0.0
2.826315,80,22167.52438,medium,0.8281152647975077,2.828115264797508,2,798,4,2,2,2,2,0,0,0,0,0.0,39,0.07800000000000001,0.0,0.07800000000000001,0.0,0.0
2.864253,80,22197.216576,medium,0.8433021806853582,2.8433021806853582,2,795,4,2,2,2,2,0,0,0,0,0.02967289719626174,48,0.10045093457943927,0.004450934579439261,0.096,0.0,0.0
2.919351,83,22220.877815,medium,0.9699376947040499,2.9699376947040497,2,824,4,2,2,2,2,0,0,0,0,0.05208722741432932,12,0.0318130841121494,0.007813084112149399,0.024,0.0,0.0
2.755822,67,22239.904871,medium,0.7336448598130841,2.7336448598130842,2,670,4,2,2,2,2,0,0,0,0,0.007850467289719446,44,0.0891775700934579,0.001177570093457917,0.088,0.0,0.0
3.965548,66,22258.898195,medium,1.0,4.0,3,652,4,2,2,2,2,0,0,0,0,0.018317757009345934,14,0.03074766355140189,0.0027476635514018894,0.028,0.0,0.0
1.683475,90,22284.430109,medium,0.6718068535825545,1.6718068535825545,1,900,4,2,2,2,2,0,0,0,0,0.011121495327102864,72,0.10166822429906544,0.0016682242990654294,0.1,0.0,0.0
2.849246,90,22309.781393,medium,0.8404984423676013,2.8404984423676014,2,900,4,2,2,2,2,0,0,0,0,0.01831775700934581,48,0.09874766355140187,0.0027476635514018712,0.096,0.0,0.0
2.733325,65,22328.676321,medium,0.7009345794392523,2.7009345794392523,2,641,4,2,2,2,2,0,0,0,0,0.003271028037383173,48,0.09649065420560748,0.000490654205607476,0.096,0.0,0.0
2.837004,75,22357.54371,medium,0.8612928348909658,2.861292834890966,2,741,4,2,2,2,2,0,0,0,0,0.012071651090342741,24,0.04981074766355141,0.001810747663551411,0.048,0.0,0.0
2.970624,90,22383.950801,medium,0.9966510903426792,2.996651090342679,2,900,4,2,2,2,2,0,0,0,0,0.053154205607475344,28,0.0639731308411213,0.007973130841121303,0.056,0.0,0.0
2.63495,62,22401.449886,medium,0.5913551401869159,2.591355140186916,2,619,4,2,2,2,2,0,0,0,0,0.03663551401869028,96,0.10549532710280354,0.005495327102803542,0.1,0.0,0.0
0.304824,72,22421.978372,medium,0.33660436137071653,0.33660436137071653,0,714,4,2,2,2,2,0,0,0,0,0.010794392523364543,19,0.03961915887850468,0.0016191588785046812,0.038,0.0,0.0
4.0255,83,22446.060222,medium,1.0,4.0,3,824,4,2,2,2,2,0,0,0,0,0.05266355140186811,81,0.10789953271028022,0.007899532710280216,0.1,0.0,0.0
2.74068,90,22472.146784,medium,0.7783489096573208,2.778348909657321,2,900,4,2,2,2,2,0,0,0,0,0.01553738317756961,25,0.05233060747663544,0.002330607476635442,0.049999999999999996,0.0,0.0
4.035428,69,22492.239797,medium,1.0,4.0,3,683,4,2,2,2,2,0,0,0,0,0.051518691588783826,48,0.10372780373831758,0.007727803738317574,0.096,0.0,0.0
2.913941,90,22538.388271,medium,0.9034267912772586,2.9034267912772584,2,900,4,2,2,2,2,0,0,0,0,0.03009345794392428,48,0.10051401869158864,0.004514018691588643,0.096,0.0,0.0
2.840997,63,22556.999325,medium,0.8028816199376947,2.8028816199376947,2,624,4,2,2,2,2,0,0,0,0,0.003434579439252188,57,0.10051518691588783,0.0005151869158878282,0.1,0.0,0.0
4.0268,74,22578.319416,medium,1.0,4.0,3,732,4,2,2,2,2,0,0,0,0,0.0,72,0.1,0.0,0.1,0.0,0.0
3.923965,84,22602.665178,medium,1.0,4.0,3,831,4,2,2,2,2,0,0,0,0,0.0471028037383165,0,0.007065420560747474,0.007065420560747474,0.0,0.0,0.0
1.530597,77,22625.051339,medium,0.5026479750778816,1.5026479750778816,1,764,4,2,2,2,2,0,0,0,0,0.028995327102803243,94,0.1043492990654205,0.004349299065420487,0.1,0.0,0.0
4.026376,79,22647.778855,medium,1.0,4.0,3,788,4,2,2,2,2,0,0,0,0,0.034509345794392035,72,0.1051764018691588,0.005176401869158805,0.1,0.0,0.0
2.785921,77,22676.74323,medium,0.7619158878504673,2.761915887850467,2,770,4,2,2,2,2,0,0,0,0,0.03336448598130818,48,0.10100467289719622,0.005004672897196226,0.096,0.0,0.0
2.996801,67,22696.816853,medium,0.9637850467289719,2.963785046728972,2,661,4,2,2,2,2,0,0,0,0,0.02077102803738334,48,0.0991156542056075,0.0031156542056075013,0.096,0.0,0.0
0.432629,58,22713.344055,medium,0.3888629283489097,0.3888629283489097,0,580,4,2,2,2,2,0,0,0,0,0.011775700934579029,73,0.10176635514018686,0.0017663551401868544,0.1,0.0,0.0
1.624373,74,22734.611944,medium,0.6296728971962616,1.6296728971962615,1,733,4,2,2,2,2,0,0,0,0,0.0,34,0.068,0.0,0.068,0.0,0.0
4.030356,78,22756.919671,medium,1.0,4.0,3,772,4,2,2,2,2,0,0,0,0,0.05037383177569976,67,0.10755607476635497,0.007556074766354965,0.1,0.0,0.0
4.029077,67,22776.475082,medium,1.0,4.0,3,667,4,2,2,2,2,0,0,0,0,0.051845794392522127,44,0.09577686915887831,0.007776869158878319,0.088,0.0,0.0
2.885543,81,22799.369154,medium,0.8800467289719626,2.8800467289719625,2,807,4,2,2,2,2,0,0,0,0,0.0013084112149532854,43,0.086196261682243,0.0001962616822429928,0.08600000000000001,0.0,0.0
4.037699,75,22834.497981,medium,1.0,4.0,3,744,4,2,2,2,2,0,0,0,0,0.10732866043613627,48,0.11209929906542043,0.016099299065420437,0.096,0.0,0.0
2.75755,78,22857.013031,medium,0.735202492211838,2.735202492211838,2,777,4,2,2,2,2,0,0,0,0,0.026985981308410813,48,0.10004789719626163,0.004047897196261622,0.096,0.0,0.0
4.039137,68,22876.987731,medium,1.0,4.0,3,676,4,2,2,2,2,0,0,0,0,0.04491433021806888,55,0.10673714953271034,0.006737149532710331,0.1,0.0,0.0
4.048536,61,22894.44377,medium,1.0,4.0,3,601,4,2,2,2,2,0,0,0,0,0.057570093457942784,58,0.10863551401869143,0.008635514018691419,0.1,0.0,0.0
2.994866,72,22915.102412,medium,0.9659657320872275,2.9659657320872275,2,711,4,2,2,2,2,0,0,0,0,0.0,57,0.1,0.0,0.1,0.0,0.0
1.654762,90,22941.041428,medium,0.6439252336448598,1.6439252336448598,1,900,4,2,2,2,2,0,0,0,0,0.03224299065420567,48,0.10083644859813085,0.00483644859813085,0.096,0.0,0.0
1.718616,90,22966.828639,medium,0.7121495327102804,1.7121495327102805,1,900,4,2,2,2,2,0,0,0,0,0.0031074766355140148,48,0.0964661214953271,0.0004661214953271022,0.096,0.0,0.0
2.830501,73,22994.813002,medium,0.8485981308411215,2.8485981308411215,2,725,4,2,2,2,2,0,0,0,0,0.04268691588784962,24,0.05440303738317744,0.006403037383177443,0.048,0.0,0.0
2.887199,59,23011.653475,medium,0.8645638629283489,2.8645638629283487,2,582,4,2,2,2,2,0,0,0,0,0.05890186915887842,36,0.08083528037383177,0.008835280373831763,0.07200000000000001,0.0,0.0
2.763061,60,23029.189852,medium,0.7182242990654205,2.7182242990654206,2,600,4,2,2,2,2,0,0,0,0,0.03224299065420567,58,0.10483644859813085,0.00483644859813085,0.1,0.0,0.0
2.634788,87,23054.08858,medium,0.6242990654205608,2.6242990654205607,2,861,4,2,2,2,2,0,0,0,0,0.003925233644859807,48,0.09658878504672898,0.000588785046728971,0.096,0.0,0.0
1.584913,68,23074.478135,medium,0.6352803738317757,1.6352803738317756,1,673,4,2,2,2,2,0,0,0,0,0.0062149532710280495,8,0.016932242990654208,0.0009322429906542073,0.016,0.0,0.0
2.835099,84,23098.79408,medium,0.8120716510903426,2.8120716510903425,2,839,4,2,2,2,2,0,0,0,0,0.046183800623053065,63,0.10692757009345796,0.006927570093457959,0.1,0.0,0.0
2.694844,65,23117.62571,medium,0.6866043613707166,2.6866043613707165,2,643,4,2,2,2,2,0,0,0,0,0.00359813084112149,36,0.07253971962616823,0.0005397196261682235,0.07200000000000001,0.0,0.0
2.876521,76,23146.255862,medium,0.9005451713395639,2.900545171339564,2,759,4,2,2,2,2,0,0,0,0,0.025841121495327087,24,0.051876168224299066,0.003876168224299063,0.048,0.0,0.0
2.81579,90,23172.128881,medium,0.7975077881619937,2.797507788161994,2,900,4,2,2,2,2,0,0,0,0,0.05521806853582408,72,0.10828271028037362,0.008282710280373612,0.1,0.0,0.0
2.643953,90,23197.758304,medium,0.6348130841121495,2.6348130841121495,2,900,4,2,2,2,2,0,0,0,0,0.020934579439252515,48,0.09914018691588788,0.003140186915887877,0.096,0.0,0.0
3.983693,65,23216.314688,medium,1.0,4.0,3,647,4,2,2,2,2,0,0,0,0,0.002616822429906571,24,0.04839252336448599,0.00039252336448598565,0.048,0.0,0.0
3.943088,81,23239.387945,medium,1.0,4.0,3,801,4,2,2,2,2,0,0,0,0,0.04792056074766249,8,0.02318808411214937,0.007188084112149372,0.016,0.0,0.0
1.833146,69,23258.959754,medium,0.807632398753894,1.807632398753894,1,690,4,2,2,2,2,0,0,0,0,0.03009345794392497,45,0.09451401869158874,0.004514018691588745,0.09,0.0,0.0
0.496068,75,23281.200796,medium,0.4672897196261682,0.4672897196261682,0,750,4,2,2,2,2,0,0,0,0,0.025186915887849992,72,0.10377803738317751,0.003778037383177498,0.1,0.0,0.0
2.97599,90,23314.924208,medium,0.9720404984423676,2.9720404984423676,2,900,4,2,2,2,2,0,0,0,0,0.02633177570093398,45,0.09394976635514009,0.0039497663551400965,0.09,0.0,0.0
2.912959,72,23335.519602,medium,0.9094236760124611,2.909423676012461,2,718,4,2,2,2,2,0,0,0,0,0.048901869158878175,34,0.07533528037383173,0.0073352803738317264,0.068,0.0,0.0
0.484377,90,23361.383082,medium,0.47437694704049843,0.47437694704049843,0,900,4,2,2,2,2,0,0,0,0,0.0,88,0.1,0.0,0.1,0.0,0.0
2.903985,77,23383.426178,medium,0.9034267912772586,2.9034267912772584,2,770,4,2,2,2,2,0,0,0,0,0.0637227414330205,34,0.07755841121495308,0.009558411214953074,0.068,0.0,0.0
1.578371,67,23402.586001,medium,0.5746105919003115,1.5746105919003115,1,663,4,2,2,2,2,0,0,0,0,0.013738317757009432,34,0.07006074766355141,0.002060747663551415,0.068,0.0,0.0
2.805304,73,23423.436791,medium,0.7755451713395639,2.775545171339564,2,724,4,2,2,2,2,0,0,0,0,0.014392523364485784,52,0.10215887850467287,0.0021588785046728677,0.1,0.0,0.0
2.997977,88,23455.610215,medium,0.9889408099688474,2.9889408099688475,2,878,4,2,2,2,2,0,0,0,0,0.03224299065420567,46,0.09683644859813087,0.0048364485981308505,0.09200000000000001,0.0,0.0
3.992677,85,23479.829722,medium,1.0,4.0,3,846,4,2,2,2,2,0,0,0,0,0.06184579439252326,34,0.07727686915887849,0.009276869158878489,0.068,0.0,0.0
2.88378,80,23503.041615,medium,0.8640186915887851,2.864018691588785,2,795,4,2,2,2,2,0,0,0,0,0.0484112149532705,46,0.09926168224299059,0.007261682242990575,0.09200000000000001,0.0,0.0
2.975098,63,23520.91044,medium,0.9398753894080997,2.9398753894081,2,622,4,2,2,2,2,0,0,0,0,0.009485981308410805,48,0.09742289719626163,0.0014228971962616207,0.096,0.0,0.0
1.551239,65,23539.438079,medium,0.5343457943925234,1.5343457943925234,1,648,4,2,2,2,2,0,0,0,0,0.011285046728972025,40,0.08169275700934582,0.0016927570093458037,0.08000000000000002,0.0,0.0
3.965316,60,23557.327662,medium,1.0,4.0,3,591,4,2,2,2,2,0,0,0,0,0.029439252336447327,10,0.0244158878504671,0.004415887850467099,0.02,0.0,0.0
3.968511,76,23579.910629,medium,1.0,4.0,3,755,4,2,2,2,2,0,0,0,0,0.04007009345794394,19,0.04401051401869159,0.0060105140186915915,0.038,0.0,0.0
2.80409,87,23611.468302,medium,0.8514797507788162,2.8514797507788163,2,863,4,2,2,2,2,0,0,0,0,0.019400311526479745,18,0.03891004672897196,0.0029100467289719617,0.036000000000000004,0.0,0.0
2.763812,62,23629.536877,medium,0.735202492211838,2.735202492211838,2,619,4,2,2,2,2,0,0,0,0,0.030062305295950217,43,0.09050934579439254,0.0045093457943925315,0.08600000000000001,0.0,0.0
1.601121,62,23647.385148,medium,0.5626168224299065,1.5626168224299066,1,612,4,2,2,2,2,0,0,0,0,0.02469626168224258,48,0.0997044392523364,0.0037044392523363874,0.096,0.0,0.0
2.923885,79,23669.896242,medium,0.8978193146417446,2.897819314641745,2,783,4,2,2,2,2,0,0,0,0,0.05577102803738248,48,0.10436565420560737,0.008365654205607372,0.096,0.0,0.0
4.036932,75,23691.026568,medium,1.0,4.0,3,745,4,2,2,2,2,0,0,0,0,0.07621495327102686,72,0.11143224299065403,0.011432242990654028,0.1,0.0,0.0
3.972291,69,23710.85668,medium,1.0,4.0,3,688,4,2,2,2,2,0,0,0,0,0.020607476635514016,19,0.0410911214953271,0.0030911214953271027,0.038,0.0,0.0
3.998153,62,23728.835742,medium,1.0,4.0,3,615,4,2,2,2,2,0,0,0,0,0.0776869158878493,24,0.0596530373831774,0.011653037383177394,0.048,0.0,0.0
2.826295,74,23750.496576,medium,0.8390186915887851,2.839018691588785,2,732,4,2,2,2,2,0,0,0,0,0.01651090342679131,29,0.060476635514018696,0.0024766355140186966,0.058,0.0,0.0
2.775215,72,23783.329475,medium,0.7788940809968847,2.778894080996885,2,719,4,2,2,2,2,0,0,0,0,0.001471962616822446,34,0.06822079439252338,0.0002207943925233669,0.068,0.0,0.0
4.048771,58,23800.678105,medium,1.0,4.0,3,580,4,2,2,2,2,0,0,0,0,0.07180685358255465,48,0.1067710280373832,0.010771028037383196,0.096,0.0,0.0
2.885671,65,23819.941158,medium,0.8863707165109034,2.8863707165109034,2,647,4,2,2,2,2,0,0,0,0,0.0,32,0.064,0.0,0.064,0.0,0.0
2.86236,72,23840.901082,medium,0.8454828660436137,2.845482866043614,2,711,4,2,2,2,2,0,0,0,0,0.03984423676012456,41,0.08797663551401867,0.0059766355140186845,0.08199999999999999,0.0,0.0
2.831179,90,23866.689579,medium,0.8302180685358256,2.8302180685358254,2,898,4,2,2,2,2,0,0,0,0,0.005070093457943707,45,0.09076051401869156,0.000760514018691556,0.09000000000000001,0.0,0.0
4.0256,75,23888.413728,medium,1.0,4.0,3,744,4,2,2,2,2,0,0,0,0,0.0,95,0.1,0.0,0.1,0.0,0.0
2.887426,74,23910.569357,medium,0.936993769470405,2.936993769470405,2,731,4,2,2,2,2,0,0,0,0,0.023551401869157863,10,0.02353271028037368,0.0035327102803736797,0.02,0.0,0.0
2.642668,69,23950.818162,medium,0.7031152647975077,2.703115264797508,2,682,4,2,2,2,2,0,0,0,0,0.051682242990652966,0,0.007752336448597945,0.007752336448597945,0.0,0.0,0.0
3.895833,52,23966.33969,medium,1.0,4.0,3,516,2,1,1,1,1,0,0,0,2,0.04955607476635401,0,-0.0525665887850469,0.0074334112149531005,0.0,0.0,0.06
2.92649,81,23990.351067,medium,0.9034267912772586,2.9034267912772584,2,802,4,2,2,2,2,0,0,0,0,0.021752336448597195,56,0.10326285046728959,0.0032628504672895793,0.1,0.0,0.0
2.752114,57,24006.760677,medium,0.7291277258566978,2.729127725856698,2,570,4,2,2,2,2,0,0,0,0,0.013239875389408098,39,0.07998598130841121,0.0019859813084112145,0.078,0.0,0.0
2.777955,64,24025.358276,medium,0.7565420560747663,2.756542056074766,2,639,4,2,2,2,2,0,0,0,0,0.06208722741432905,38,0.08531308411214937,0.009313084112149357,0.07600000000000001,0.0,0.0
2.670405,90,24051.582753,medium,0.7211059190031153,2.721105919003115,2,900,4,2,2,2,2,0,0,0,0,0.0353271028037372,17,0.03929906542056058,0.00529906542056058,0.034,0.0,0.0
2.76818,90,24078.065691,medium,0.7613707165109034,2.7613707165109034,2,900,4,2,2,2,2,0,0,0,0,0.005397196261682214,48,0.09680957943925234,0.0008095794392523321,0.096,0.0,0.0
2.808969,90,24110.291452,medium,0.7975077881619937,2.797507788161994,2,900,4,2,2,2,2,0,0,0,0,0.03640965732087204,48,0.1014614485981308,0.005461448598130806,0.096,0.0,0.0
2.870441,83,24134.242978,medium,0.8498442367601247,2.8498442367601244,2,822,4,2,2,2,2,0,0,0,0,0.018644859813084235,72,0.10279672897196264,0.0027967289719626354,0.1,0.0,0.0
4.0349,62,24152.06434,medium,1.0,4.0,3,611,4,2,2,2,2,0,0,0,0,0.0,48,0.096,0.0,0.096,0.0,0.0
2.636914,71,24172.024503,medium,0.6496105919003116,2.6496105919003115,2,710,4,2,2,2,2,0,0,0,0,0.06869158878504492,24,0.05830373831775674,0.010303738317756737,0.048,0.0,0.0
3.951371,61,24189.72631,medium,1.0,4.0,3,607,4,2,2,2,2,0,0,0,0,0.05380841121495194,2,0.012071261682242792,0.008071261682242791,0.004,0.0,0.0
3.97118,54,24205.178868,medium,1.0,4.0,3,531,3,2,1,2,1,0,0,0,1,0.04186915887850385,24,0.02428037383177558,0.006280373831775578,0.048,0.0,0.03
0.435123,65,24224.0055,medium,0.4175233644859813,0.4175233644859813,0,644,4,2,2,2,2,0,0,0,0,0.0,41,0.08200000000000002,0.0,0.08200000000000002,0.0,0.0
2.775846,61,24249.252761,medium,0.7351246105919003,2.7351246105919005,2,608,4,2,2,2,2,0,0,0,0,0.010140186915887904,58,0.10152102803738319,0.0015210280373831857,0.1,0.0,0.0
2.929792,90,24275.563535,medium,0.9486760124610591,2.948676012461059,2,900,4,2,2,2,2,0,0,0,0,0.020771028037382653,34,0.0711156542056074,0.0031156542056073977,0.068,0.0,0.0
1.597801,64,24294.238352,medium,0.5626168224299065,1.5626168224299066,1,636,4,2,2,2,2,0,0,0,0,0.03189252336448558,47,0.09878387850467284,0.004783878504672837,0.094,0.0,0.0
2.744348,72,24315.017464,medium,0.7975077881619937,2.797507788161994,2,715,4,2,2,2,2,0,0,0,0,0.08226635514018521,3,0.018339953271027783,0.012339953271027784,0.006,0.0,0.0
2.872789,74,24336.63658,medium,0.8694704049844236,2.8694704049844235,2,736,4,2,2,2,2,0,0,0,0,0.04612149532710259,35,0.07691822429906539,0.006918224299065388,0.07,0.0,0.0
2.666739,58,24353.141007,medium,0.7227414330218068,2.722741433021807,2,580,4,2,2,2,2,0,0,0,0,0.013317757009345794,0,0.0019976635514018693,0.0019976635514018693,0.0,0.0,0.0
1.716773,90,24378.842943,medium,0.7040498442367601,1.70404984423676,1,900,4,2,2,2,2,0,0,0,0,0.018154205607476596,72,0.1027231308411215,0.002723130841121489,0.1,0.0,0.0
2.771564,76,24407.286045,medium,0.7422118380062306,2.742211838006231,2,758,4,2,2,2,2,0,0,0,0,0.034345794392522715,58,0.1051518691588784,0.005151869158878406,0.1,0.0,0.0
2.930931,81,24430.432079,medium,0.9099688473520249,2.909968847352025,2,803,4,2,2,2,2,0,0,0,0,0.04841121495327015,47,0.10126168224299052,0.007261682242990523,0.094,0.0,0.0
2.941639,73,24451.207704,medium,0.945404984423676,2.945404984423676,2,726,4,2,2,2,2,0,0,0,0,0.005560747663551463,34,0.06883411214953272,0.0008341121495327193,0.068,0.0,0.0
2.645382,59,24468.045435,medium,0.6070093457943925,2.6070093457943924,2,583,4,2,2,2,2,0,0,0,0,0.04448598130841029,45,0.09667289719626154,0.006672897196261544,0.09,0.0,0.0
2.799937,80,24490.766994,medium,0.7902647975077881,2.7902647975077883,2,798,4,2,2,2,2,0,0,0,0,0.009813084112149557,44,0.08947196261682243,0.0014719626168224335,0.088,0.0,0.0
3.995139,61,24508.053161,medium,1.0,4.0,3,602,4,2,2,2,2,0,0,0,0,0.048925233644859956,24,0.055338785046729,0.0073387850467289935,0.048,0.0,0.0
2.811471,75,24529.305797,medium,0.7831775700934579,2.783177570093458,2,747,4,2,2,2,2,0,0,0,0,0.019953271028037373,73,0.10299299065420561,0.0029929906542056064,0.1,0.0,0.0
2.856307,61,24554.655701,medium,0.8202492211838006,2.8202492211838006,2,601,4,2,2,2,2,0,0,0,0,0.04105140186915769,45,0.09615771028037365,0.006157710280373655,0.09,0.0,0.0
0.241573,71,24574.843047,medium,0.2657320872274143,0.2657320872274143,0,706,4,2,2,2,2,0,0,0,0,0.02960280373831727,21,0.04644042056074759,0.0044404205607475895,0.042,0.0,0.0
0.443652,64,24593.496505,medium,0.4392523364485981,0.4392523364485981,0,636,4,2,2,2,2,0,0,0,0,0.0,34,0.068,0.0,0.068,0.0,0.0
2.920754,71,24614.01181,medium,0.8869158878504673,2.886915887850467,2,707,4,2,2,2,2,0,0,0,0,0.030257009345794086,51,0.10453855140186911,0.004538551401869113,0.1,0.0,0.0
4.031457,66,24632.926893,medium,1.0,4.0,3,655,4,2,2,2,2,0,0,0,0,0.006378504672897219,48,0.09695677570093458,0.0009567757009345827,0.096,0.0,0.0
2.819208,84,24657.104609,medium,0.7975077881619937,2.797507788161994,2,837,4,2,2,2,2,0,0,0,0,0.03600467289719637,80,0.10540070093457946,0.005400700934579455,0.1,0.0,0.0
2.881184,71,24677.627609,medium,0.9034267912772586,2.9034267912772584,2,705,4,2,2,2,2,0,0,0,0,0.015046728971962691,23,0.04825700934579441,0.0022570093457944035,0.046000000000000006,0.0,0.0
2.826633,58,24694.126129,medium,0.8291277258566978,2.829127725856698,2,576,4,2,2,2,2,0,0,0,0,0.04736760124610555,24,0.055105140186915834,0.007105140186915833,0.048,0.0,0.0
4.001977,72,24721.431083,medium,1.0,4.0,3,711,4,2,2,2,2,0,0,0,0,0.03384735202492159,34,0.07307710280373825,0.005077102803738239,0.068,0.0,0.0
2.759368,75,24742.890513,medium,0.7843457943925234,2.7843457943925234,2,748,4,2,2,2,2,0,0,0,0,0.012149532710280372,24,0.04982242990654206,0.0018224299065420556,0.048,0.0,0.0
3.893441,54,24758.782209,medium,1.0,4.0,3,536,2,2,0,2,0,0,0,0,2,0.04693925233644843,0,-0.052959112149532736,0.007040887850467265,0.0,0.0,0.06
1.694608,71,24779.647856,medium,0.7398753894080997,1.7398753894080996,1,708,4,2,2,2,2,0,0,0,0,0.023551401869158405,11,0.02553271028037376,0.00353271028037376,0.022,0.0,0.0
2.854915,90,24805.832369,medium,0.9034267912772586,2.9034267912772584,2,900,4,2,2,2,2,0,0,0,0,0.04992211838006238,17,0.04148831775700936,0.007488317757009357,0.034,0.0,0.0
2.922378,90,24831.505582,medium,0.9365264797507789,2.936526479750779,2,900,4,2,2,2,2,0,0,0,0,0.02567757009345749,36,0.07585163551401863,0.0038516355140186223,0.07200000000000001,0.0,0.0
2.743434,61,24849.479766,medium,0.6996884735202492,2.6996884735202493,2,606,4,2,2,2,2,0,0,0,0,0.028971962616822493,69,0.10434579439252338,0.004345794392523373,0.1,0.0,0.0
1.642412,71,24876.784776,medium,0.6612149532710281,1.661214953271028,1,709,4,2,2,2,2,0,0,0,0,0.02731308411214946,24,0.05209696261682242,0.004096962616822419,0.048,0.0,0.0
2.958295,76,24898.931727,medium,0.9584890965732087,2.9584890965732087,2,758,4,2,2,2,2,0,0,0,0,0.02404205607476631,36,0.07560630841121496,0.0036063084112149466,0.07200000000000001,0.0,0.0
2.877658,80,24922.051928,medium,0.8460280373831776,2.8460280373831774,2,799,4,2,2,2,2,0,0,0,0,0.07686915887850336,72,0.11153037383177551,0.011530373831775504,0.1,0.0,0.0
2.574871,84,24946.214498,medium,0.588006230529595,2.588006230529595,2,836,4,2,2,2,2,0,0,0,0,0.01643302180685358,34,0.07046495327102804,0.002464953271028037,0.068,0.0,0.0
3.901901,45,24959.680722,medium,1.0,4.0,3,446,2,1,1,1,1,0,0,0,2,0.04334112149532623,0,-0.05349883177570106,0.0065011682242989335,0.0,0.0,0.06
4.014247,64,24978.533659,medium,1.0,4.0,3,638,4,2,2,2,2,0,0,0,0,0.0536448598130828,35,0.07804672897196242,0.00804672897196242,0.07,0.0,0.0
2.79977,78,25001.009297,medium,0.7924454828660437,2.792445482866044,2,773,4,2,2,2,2,0,0,0,0,0.017500000000000127,41,0.084625,0.002625000000000019,0.08199999999999999,0.0,0.0
4.019901,80,25031.350247,medium,1.0,4.0,3,800,4,2,2,2,2,0,0,0,0,0.026004672897196053,48,0.09990070093457941,0.003900700934579408,0.096,0.0,0.0
1.654033,76,25053.014225,medium,0.6333333333333333,1.6333333333333333,1,753,4,2,2,2,2,0,0,0,0,0.0,48,0.096,0.0,0.096,0.0,0.0
2.895326,89,25078.431076,medium,0.9281152647975078,2.928115264797508,2,881,4,2,2,2,2,0,0,0,0,0.048738317757008015,24,0.0553107476635512,0.007310747663551202,0.048,0.0,0.0
2.939809,64,25096.783559,medium,0.9321105919003116,2.9321105919003116,2,637,4,2,2,2,2,0,0,0,0,0.049322429906542266,32,0.07139836448598134,0.00739836448598134,0.064,0.0,0.0
0.398813,62,25114.781758,medium,0.43481308411214953,0.43481308411214953,0,620,4,2,2,2,2,0,0,0,0,0.0,13,0.026000000000000002,0.0,0.026000000000000002,0.0,0.0
4.0049,70,25135.500465,medium,1.0,4.0,3,691,4,2,2,2,2,0,0,0,0,0.0,37,0.07400000000000001,0.0,0.07400000000000001,0.0,0.0
2.929964,77,25157.326905,medium,0.9088785046728972,2.9088785046728973,2,769,4,2,2,2,2,0,0,0,0,0.013239875389408098,48,0.09798598130841121,0.001985981308411214,0.096,0.0,0.0
3.95792,83,25189.360371,medium,1.0,4.0,3,821,4,2,2,2,2,0,0,0,0,0.0534657320872276,16,0.04001985981308414,0.008019859813084139,0.032,0.0,0.0
2.930404,84,25213.684405,medium,0.9442367601246106,2.9442367601246104,2,835,4,2,2,2,2,0,0,0,0,0.03778037383177531,32,0.0696670560747663,0.005667056074766296,0.064,0.0,0.0
2.837376,90,25239.576936,medium,0.8240654205607477,2.8240654205607476,2,900,4,2,2,2,2,0,0,0,0,0.04873831775700907,48,0.10331074766355136,0.007310747663551359,0.096,0.0,0.0
2.819149,60,25256.71616,medium,0.7761682242990655,2.7761682242990657,2,593,4,2,2,2,2,0,0,0,0,0.04186915887850459,48,0.1022803738317757,0.00628037383177569,0.096,0.0,0.0
2.915393,88,25281.798335,medium,0.9034267912772586,2.9034267912772584,2,871,4,2,2,2,2,0,0,0,0,0.020443925233644675,48,0.0990665887850467,0.0030665887850467007,0.096,0.0,0.0
2.923962,90,25307.678246,medium,0.942601246105919,2.942601246105919,2,900,4,2,2,2,2,0,0,0,0,0.02240654205607492,34,0.07136098130841124,0.0033609813084112383,0.068,0.0,0.0
0.492387,80,25337.601346,medium,0.4697352024922115,0.4697352024922115,0,799,4,2,2,2,2,0,0,0,0,0.01700934579439224,96,0.10255140186915884,0.002551401869158836,0.1,0.0,0.0
4.00686,67,25356.685452,medium,1.0,4.0,3,662,4,2,2,2,2,0,0,0,0,0.06039719626168111,32,0.07305957943925216,0.009059579439252166,0.064,0.0,0.0
4.046876,60,25374.250001,medium,1.0,4.0,3,600,4,2,2,2,2,0,0,0,0,0.045841121495325744,96,0.10687616822429886,0.006876168224298861,0.1,0.0,0.0
2.699985,57,25390.771821,medium,0.6991433021806853,2.699143302180685,2,568,4,2,2,2,2,0,0,0,0,0.06427570093457868,24,0.057641355140186805,0.009641355140186802,0.048,0.0,0.0
3.887431,57,25407.051966,medium,1.0,4.0,3,562,2,2,0,2,0,0,0,0,2,0.024205607476635378,0,-0.05636915887850469,0.0036308411214953065,0.0,0.0,0.06
2.84746,90,25433.37122,medium,0.8411214953271028,2.8411214953271027,2,900,4,2,2,2,2,0,0,0,0,0.0022585669781931468,48,0.09633878504672898,0.000338785046728972,0.096,0.0,0.0
2.857331,65,25452.35874,medium,0.8749221183800623,2.8749221183800624,2,641,4,2,2,2,2,0,0,0,0,0.030062305295950217,21,0.04650934579439253,0.004509345794392532,0.042,0.0,0.0
2.816686,85,25483.561611,medium,0.7975077881619937,2.797507788161994,2,846,4,2,2,2,2,0,0,0,0,0.025186915887849926,53,0.1037780373831775,0.003778037383177489,0.1,0.0,0.0
2.814292,76,25506.00159,medium,0.7825545171339564,2.7825545171339563,2,755,4,2,2,2,2,0,0,0,0,0.04824766355140079,53,0.10723714953271013,0.007237149532710118,0.1,0.0,0.0
2.834518,62,25524.047789,medium,0.8071651090342679,2.8071651090342677,2,618,4,2,2,2,2,0,0,0,0,0.007686915887850552,44,0.08915303738317758,0.0011530373831775825,0.088,0.0,0.0
2.913496,61,25541.739375,medium,0.8983644859813084,2.8983644859813085,2,604,4,2,2,2,2,0,0,0,0,0.05021028037383061,34,0.0755315420560746,0.007531542056074592,0.068,0.0,0.0
1.879641,90,25567.846794,medium,0.9232087227414331,1.9232087227414332,1,900,4,2,2,2,2,0,0,0,0,0.0028816199376947046,23,0.04643224299065421,0.0004322429906542057,0.046000000000000006,0.0,0.0
1.626216,63,25585.880155,medium,0.584914330218068,1.584914330218068,1,623,4,2,2,2,2,0,0,0,0,0.02401090342679076,58,0.10360163551401862,0.003601635514018614,0.1,0.0,0.0
1.733436,90,25611.826496,medium,0.7356697819314642,1.7356697819314642,1,900,4,2,2,2,2,0,0,0,0,0.01177570093457934,43,0.08776635514018691,0.0017663551401869003,0.08600000000000001,0.0,0.0
4.032695,69,25638.537475,medium,1.0,4.0,3,689,4,2,2,2,2,0,0,0,0,0.010630841121495385,96,0.10159462616822432,0.0015946261682243076,0.1,0.0,0.0
2.93032,78,25661.750621,medium,0.946417445482866,2.946417445482866,2,779,4,2,2,2,2,0,0,0,0,0.025350467289719417,29,0.06180257009345791,0.003802570093457912,0.057999999999999996,0.0,0.0
2.566916,75,25683.068063,medium,0.5327102803738317,2.5327102803738315,2,747,4,2,2,2,2,0,0,0,0,0.059369158878503775,72,0.10890537383177556,0.008905373831775563,0.1,0.0,0.0
0.509496,68,25702.419261,medium,0.47437694704049843,0.47437694704049843,0,678,4,2,2,2,2,0,0,0,0,0.01946261682242935,72,0.1029193925233644,0.002919392523364402,0.1,0.0,0.0
0.467034,75,25724.725548,medium,0.4392523364485981,0.4392523364485981,0,745,4,2,2,2,2,0,0,0,0,0.01521028037383188,83,0.10228154205607479,0.002281542056074782,0.1,0.0,0.0
2.943743,65,25743.219425,medium,0.9339563862928348,2.933956386292835,2,650,4,2,2,2,2,0,0,0,0,0.045241433021806575,34,0.074786214953271,0.006786214953270985,0.068,0.0,0.0
2.755316,66,25762.480412,medium,0.716588785046729,2.7165887850467287,2,657,4,2,2,2,2,0,0,0,0,0.029517133956386356,65,0.10442757009345796,0.004427570093457954,0.1,0.0,0.0
1.565623,59,25779.654848,medium,0.5211059190031153,1.5211059190031153,1,585,4,2,2,2,2,0,0,0,0,0.020116822429906686,96,0.10301752336448601,0.0030175233644860024,0.1,0.0,0.0
4.011887,56,25802.697873,medium,1.0,4.0,3,554,4,2,2,2,2,0,0,0,0,0.021915887850467455,32,0.06728738317757013,0.0032873831775701184,0.06400000000000002,0.0,0.0
1.526088,80,25826.040753,medium,0.5015576323987538,1.5015576323987538,1,791,4,2,2,2,2,0,0,0,0,0.024205607476635443,72,0.10363084112149532,0.0036308411214953156,0.1,0.0,0.0
2.710342,65,25844.839264,medium,0.7325545171339564,2.7325545171339565,2,648,4,2,2,2,2,0,0,0,0,0.03058411214953139,19,0.042587616822429716,0.004587616822429709,0.038000000000000006,0.0,0.0
2.966004,69,25865.158543,medium,0.9327102803738317,2.932710280373832,2,690,4,2,2,2,2,0,0,0,0,0.028621495327102568,49,0.10229322429906539,0.004293224299065385,0.098,0.0,0.0
2.825137,75,25886.633945,medium,0.7929906542056074,2.7929906542056075,2,749,4,2,2,2,2,0,0,0,0,0.04697819314641736,63,0.10704672897196262,0.007046728971962604,0.1,0.0,0.0
2.814415,90,25913.032896,medium,0.9034267912772586,2.9034267912772584,2,900,4,2,2,2,2,0,0,0,0,0.006588785046728934,0,0.00098831775700934,0.00098831775700934,0.0,0.0,0.0
2.721749,68,25932.816719,medium,0.6920560747663551,2.692056074766355,2,680,4,2,2,2,2,0,0,0,0,0.011285046728971663,48,0.09769275700934575,0.0016927570093457492,0.096,0.0,0.0
4.031643,77,25961.322546,medium,1.0,4.0,3,766,4,2,2,2,2,0,0,0,0,0.08161993769470414,48,0.10824299065420562,0.012242990654205622,0.096,0.0,0.0
4.018039,61,25979.078751,medium,1.0,4.0,3,605,4,2,2,2,2,0,0,0,0,0.030257009345794086,37,0.07853855140186912,0.004538551401869113,0.07400000000000001,0.0,0.0
2.919446,81,26002.271545,medium,0.8940809968847352,2.8940809968847354,2,804,4,2,2,2,2,0,0,0,0,0.03843457943925118,60,0.10576518691588768,0.005765186915887677,0.1,0.0,0.0
3.020235,83,26025.961527,medium,0.9982866043613707,2.998286604361371,2,821,4,2,2,2,2,0,0,0,0,0.026985981308411053,72,0.10404789719626166,0.004047897196261658,0.1,0.0,0.0
2.639897,63,26044.363373,medium,0.6299844236760125,2.6299844236760124,2,626,4,2,2,2,2,0,0,0,0,0.05675233644859677,32,0.07251285046728952,0.008512850467289515,0.064,0.0,0.0
4.045503,63,26062.968626,medium,1.0,4.0,3,622,4,2,2,2,2,0,0,0,0,0.05135514018691467,96,0.1077032710280372,0.0077032710280372,0.1,0.0,0.0
3.994347,68,26082.615255,medium,1.0,4.0,3,671,4,2,2,2,2,0,0,0,0,0.009649532710280432,30,0.06144742990654207,0.001447429906542065,0.060000000000000005,0.0,0.0
1.668371,76,26111.079928,medium,0.6373052959501557,1.6373052959501557,1,760,4,2,2,2,2,0,0,0,0,0.047102803738317274,66,0.1070654205607476,0.007065420560747591,0.1,0.0,0.0
3.9962,72,26131.461707,medium,1.0,4.0,3,718,4,2,2,2,2,0,0,0,0,0.0,34,0.068,0.0,0.068,0.0,0.0
2.870496,72,26152.080386,medium,0.8460280373831776,2.8460280373831774,2,719,4,2,2,2,2,0,0,0,0,0.0024532710280372773,48,0.0963679906542056,0.00036799065420559156,0.096,0.0,0.0
1.548605,62,26169.978982,medium,0.506417445482866,1.506417445482866,1,611,4,2,2,2,2,0,0,0,0,0.021915887850467306,63,0.10328738317757011,0.0032873831775700954,0.1,0.0,0.0
4.032974,66,26188.707024,medium,1.0,4.0,3,657,4,2,2,2,2,0,0,0,0,0.01782710280373845,48,0.09867406542056077,0.002674065420560768,0.096,0.0,0.0
2.916113,90,26214.413648,medium,0.9036604361370717,2.9036604361370717,2,900,4,2,2,2,2,0,0,0,0,0.04301401869158736,48,0.10245210280373811,0.006452102803738103,0.096,0.0,0.0
2.879178,74,26236.259196,medium,0.8628504672897196,2.8628504672897197,2,736,4,2,2,2,2,0,0,0,0,0.012850467289719624,44,0.08992757009345793,0.0019275700934579436,0.088,0.0,0.0
3.992292,74,26264.83047,medium,1.0,4.0,3,740,4,2,2,2,2,0,0,0,0,0.055280373831774775,29,0.06629205607476622,0.008292056074766215,0.058,0.0,0.0
2.985039,75,26286.540175,medium,0.9905763239875389,2.990576323987539,2,742,4,2,2,2,2,0,0,0,0,0.004415887850467285,34,0.06866238317757009,0.0006623831775700929,0.068,0.0,0.0
2.922702,80,26309.099284,medium,0.897196261682243,2.897196261682243,2,794,4,2,2,2,2,0,0,0,0,0.059369158878503636,48,0.10490537383177555,0.008905373831775544,0.096,0.0,0.0
2.607189,62,26327.006937,medium,0.5621806853582556,2.5621806853582556,2,611,4,2,2,2,2,0,0,0,0,0.040724299065420196,96,0.10610864485981303,0.00610864485981303,0.1,0.0,0.0
3.990905,86,26352.560383,medium,1.0,4.0,3,860,4,2,2,2,2,0,0,0,0,0.0593691588785034,34,0.07690537383177551,0.00890537383177551,0.068,0.0,0.0
0.530554,69,26372.711473,medium,0.4987538940809969,0.4987538940809969,0,682,4,2,2,2,2,0,0,0,0,0.0,65,0.1,0.0,0.1,0.0,0.0
2.76371,87,26398.406353,medium,0.7975077881619937,2.797507788161994,2,870,4,2,2,2,2,0,0,0,0,0.008014018691588813,26,0.05320210280373833,0.0012021028037383222,0.052000000000000005,0.0,0.0
2.672037,60,26423.010166,medium,0.6816199376947041,2.681619937694704,2,600,4,2,2,2,2,0,0,0,0,0.0027803738317756974,25,0.05041705607476635,0.0004170560747663546,0.049999999999999996,0.0,0.0
2.84041,90,26449.662932,medium,0.8514797507788162,2.8514797507788163,2,900,4,2,2,2,2,0,0,0,0,0.05953271028037256,35,0.0789299065420559,0.008929906542055882,0.07,0.0,0.0
2.728556,69,26469.689421,medium,0.6985981308411215,2.6985981308411215,2,689,4,2,2,2,2,0,0,0,0,0.032383177570093,47,0.09885747663551396,0.00485747663551395,0.09400000000000001,0.0,0.0
2.826931,61,26487.367687,medium,0.8316978193146417,2.8316978193146416,2,602,4,2,2,2,2,0,0,0,0,0.04955607476635401,24,0.0554334112149531,0.0074334112149531,0.048,0.0,0.0
0.541658,59,26504.388203,medium,0.498208722741433,0.498208722741433,0,581,4,2,2,2,2,0,0,0,0,0.010327102803738315,75,0.10154906542056075,0.0015490654205607471,0.1,0.0,0.0
2.884822,90,26530.792535,medium,0.942601246105919,2.942601246105919,2,900,4,2,2,2,2,0,0,0,0,0.0014719626168223665,16,0.03222079439252336,0.00022079439252335495,0.032,0.0,0.0
2.610092,65,26549.819476,medium,0.6386292834890965,2.6386292834890965,2,645,4,2,2,2,2,0,0,0,0,0.013084112149532704,17,0.035962616822429905,0.0019626168224299054,0.034,0.0,0.0
1.66952,86,26580.7114,medium,0.7204828660436137,1.7204828660436138,1,860,4,2,2,2,2,0,0,0,0,0.020249221183800622,16,0.035037383177570096,0.0030373831775700934,0.032,0.0,0.0
3.943325,62,26598.843095,medium,1.0,4.0,3,619,4,2,2,2,2,0,0,0,0,0.034836448598130336,0,0.0052254672897195506,0.0052254672897195506,0.0,0.0,0.0
2.953951,90,26625.044322,medium,0.942601246105919,2.942601246105919,2,900,4,2,2,2,2,0,0,0,0,0.008995327102803832,57,0.10134929906542058,0.001349299065420575,0.1,0.0,0.0
2.95451,70,26645.801993,medium,0.9458722741433022,2.9458722741433023,2,692,4,2,2,2,2,0,0,0,0,0.06558411214953151,34,0.07783761682242973,0.009837616822429727,0.068,0.0,0.0
2.937116,65,26664.864145,medium,0.9034267912772586,2.9034267912772584,2,642,4,2,2,2,2,0,0,0,0,0.012593457943925308,48,0.0978890186915888,0.0018890186915887961,0.096,0.0,0.0
4.043916,59,26681.951642,medium,1.0,4.0,3,581,4,2,2,2,2,0,0,0,0,0.04010903426791283,48,0.10201635514018692,0.006016355140186926,0.096,0.0,0.0
2.925385,89,26707.718482,medium,0.913785046728972,2.913785046728972,2,884,4,2,2,2,2,0,0,0,0,0.0,69,0.1,0.0,0.1,0.0,0.0
2.709404,62,26731.954018,medium,0.6664330218068536,2.6664330218068537,2,611,4,2,2,2,2,0,0,0,0,0.05380841121495194,48,0.10407126168224279,0.008071261682242791,0.096,0.0,0.0
4.022425,75,26754.162297,medium,1.0,4.0,3,749,4,2,2,2,2,0,0,0,0,0.008831775700934618,48,0.09732476635514019,0.0013247663551401927,0.096,0.0,0.0
4.018817,90,26780.238894,medium,1.0,4.0,3,895,4,2,2,2,2,0,0,0,0,0.05544392523364355,94,0.10831658878504653,0.008316588785046533,0.1,0.0,0.0
2.948988,64,26798.917009,medium,0.9419781931464174,2.9419781931464173,2,631,4,2,2,2,2,0,0,0,0,0.014065420560747208,34,0.07010981308411209,0.0021098130841120813,0.068,0.0,0.0
2.966761,83,26822.729021,medium,0.9611370716510903,2.9611370716510903,2,830,4,2,2,2,2,0,0,0,0,0.04415887850467181,41,0.0886238317757008,0.006623831775700771,0.08200000000000002,0.0,0.0
3.988359,79,26846.139483,medium,1.0,4.0,3,788,4,2,2,2,2,0,0,0,0,0.03439252336448499,31,0.06715887850467275,0.005158878504672748,0.062000000000000006,0.0,0.0
4.049738,61,26864.034415,medium,1.0,4.0,3,601,4,2,2,2,2,0,0,0,0,0.06558411214953119,76,0.10983761682242968,0.00983761682242968,0.1,0.0,0.0
2.788366,90,26895.987839,medium,0.8051401869158878,2.805140186915888,2,900,4,2,2,2,2,0,0,0,0,0.03483644859813106,34,0.07322546728971967,0.005225467289719658,0.068,0.0,0.0
2.868893,77,26918.251257,medium,0.8411214953271028,2.8411214953271027,2,763,4,2,2,2,2,0,0,0,0,0.05380841121495194,48,0.10407126168224279,0.00807126168224279,0.096,0.0,0.0
4.022798,81,26941.444318,medium,1.0,4.0,3,802,4,2,2,2,2,0,0,0,0,0.0466510903426792,48,0.10299766355140189,0.00699766355140188,0.096,0.0,0.0
3.991923,57,26957.678357,medium,1.0,4.0,3,561,4,2,2,2,2,0,0,0,0,0.00015576323987538947,24,0.04802336448598131,2.336448598130842e-05,0.048,0.0,0.0
0.502236,69,26977.588238,medium,0.47024922118380064,0.47024922118380064,0,687,4,2,2,2,2,0,0,0,0,0.004579439252336441,72,0.10068691588785048,0.0006869158878504662,0.1,0.0,0.0
1.610369,63,26995.528168,medium,0.5707943925233645,1.5707943925233645,1,624,4,2,2,2,2,0,0,0,0,0.026495327102803595,49,0.10197429906542055,0.003974299065420539,0.098,0.0,0.0
2.80903,66,27015.004979,medium,0.77398753894081,2.77398753894081,2,659,4,2,2,2,2,0,0,0,0,0.04628504672897097,47,0.10094275700934564,0.006942757009345645,0.094,0.0,0.0
3.015034,70,27042.035214,medium,0.9873052959501558,2.987305295950156,2,700,4,2,2,2,2,0,0,0,0,0.011526479750778813,48,0.09772897196261682,0.0017289719626168223,0.096,0.0,0.0
1.578359,59,27059.729645,medium,0.569158878504673,1.5691588785046728,1,588,4,2,2,2,2,0,0,0,0,0.0,34,0.068,0.0,0.068,0.0,0.0
1.583641,71,27080.524626,medium,0.6074766355140186,1.6074766355140186,1,701,4,2,2,2,2,0,0,0,0,0.028426791277258615,21,0.0462640186915888,0.004264018691588793,0.042,0.0,0.0
1.471707,69,27100.483974,medium,0.4351869158878506,1.4351869158878505,1,690,4,2,2,2,2,0,0,0,0,0.036799065420560405,96,0.10551985981308407,0.005519859813084062,0.1,0.0,0.0
2.905231,79,27123.496393,medium,0.9327102803738317,2.932710280373832,2,787,4,2,2,2,2,0,0,0,0,0.02147196261682249,24,0.051220794392523375,0.003220794392523373,0.048,0.0,0.0
3.974825,71,27143.980131,medium,1.0,4.0,3,705,4,2,2,2,2,0,0,0,0,0.008831775700934618,22,0.0453247663551402,0.0013247663551401927,0.044000000000000004,0.0,0.0
2.833931,87,27169.612647,medium,0.8950934579439253,2.895093457943925,2,870,4,2,2,2,2,0,0,0,0,0.06558411214953144,8,0.025837616822429715,0.009837616822429717,0.016,0.0,0.0
0.359291,61,27192.916372,medium,0.33714953271028036,0.33714953271028036,0,603,4,2,2,2,2,0,0,0,0,0.002943925233644856,41,0.08244158878504675,0.0004415887850467284,0.08200000000000002,0.0,0.0
4.035825,72,27214.001321,medium,1.0,4.0,3,715,4,2,2,2,2,0,0,0,0,0.04883177570093462,88,0.1073247663551402,0.007324766355140192,0.1,0.0,0.0
2.988124,85,27238.643636,medium,0.9677570093457943,2.967757009345794,2,847,4,2,2,2,2,0,0,0,0,0.060443925233645016,48,0.10506658878504675,0.009066588785046752,0.096,0.0,0.0
1.574857,72,27259.592064,medium,0.5468068535825545,1.5468068535825545,1,719,4,2,2,2,2,0,0,0,0,0.02633177570093438,48,0.09994976635514016,0.003949766355140157,0.096,0.0,0.0
2.638742,66,27279.12152,medium,0.5993769470404985,2.5993769470404984,2,651,4,2,2,2,2,0,0,0,0,0.029766355140185632,68,0.10446495327102785,0.004464953271027844,0.1,0.0,0.0
0.528165,61,27297.027058,medium,0.4851246105919003,0.4851246105919003,0,601,4,2,2,2,2,0,0,0,0,0.020934579439252206,72,0.10314018691588783,0.0031401869158878305,0.1,0.0,0.0
2.750557,58,27313.563086,medium,0.7009345794392523,2.7009345794392523,2,571,4,2,2,2,2,0,0,0,0,0.044813084112148564,51,0.10672196261682229,0.006721962616822284,0.1,0.0,0.0
4.021039,81,27337.105675,medium,1.0,4.0,3,808,4,2,2,2,2,0,0,0,0,0.03892523364485906,48,0.10183878504672886,0.005838785046728859,0.096,0.0,0.0
2.967933,83,27367.005479,medium,0.942601246105919,2.942601246105919,2,821,4,2,2,2,2,0,0,0,0,0.0762149532710269,48,0.10743224299065404,0.011432242990654033,0.096,0.0,0.0
2.653208,76,27389.470806,medium,0.6234423676012462,2.623442367601246,2,760,4,2,2,2,2,0,0,0,0,0.03843457943925125,72,0.1057651869158877,0.005765186915887687,0.1,0.0,0.0
1.637399,63,27408.371196,medium,0.6011682242990655,1.6011682242990655,1,621,4,2,2,2,2,0,0,0,0,0.01553738317757021,48,0.09833060747663554,0.002330607476635531,0.096,0.0,0.0
4.037468,59,27426.041639,medium,1.0,4.0,3,589,4,2,2,2,2,0,0,0,0,0.0024532710280373805,48,0.09636799065420561,0.00036799065420560706,0.096,0.0,0.0
4.033893,67,27445.496811,medium,1.0,4.0,3,664,4,2,2,2,2,0,0,0,0,0.028621495327102973,48,0.10029322429906545,0.004293224299065445,0.096,0.0,0.0
2.795959,74,27467.364336,medium,0.7975077881619937,2.797507788161994,2,734,4,2,2,2,2,0,0,0,0,0.025677570093457835,34,0.07185163551401869,0.0038516355140186752,0.068,0.0,0.0
1.706357,68,27486.787445,medium,0.715809968847352,1.715809968847352,1,676,4,2,2,2,2,0,0,0,0,0.0009813084112149642,29,0.05814719626168225,0.00014719626168224463,0.058,0.0,0.0
2.977753,78,27514.70324,medium,0.942601246105919,2.942601246105919,2,775,4,2,2,2,2,0,0,0,0,0.08434579439252324,63,0.1126518691588785,0.012651869158878485,0.1,0.0,0.0
3.981637,74,27536.499704,medium,1.0,4.0,3,736,4,2,2,2,2,0,0,0,0,0.04824766355140048,24,0.05523714953271007,0.007237149532710071,0.048,0.0,0.0
1.763907,63,27555.174772,medium,0.7306074766355141,1.7306074766355142,1,627,4,2,2,2,2,0,0,0,0,0.0,48,0.096,0.0,0.096,0.0,0.0
2.859151,90,27581.356771,medium,0.942601246105919,2.942601246105919,2,900,4,2,2,2,2,0,0,0,0,0.043668224299064265,0,0.00655023364485964,0.00655023364485964,0.0,0.0,0.0
4.01016,66,27600.657485,medium,1.0,4.0,3,652,4,2,2,2,2,0,0,0,0,0.04906542056074633,34,0.07535981308411195,0.007359813084111948,0.068,0.0,0.0
2.940243,69,27620.931296,medium,0.9370716510903426,2.9370716510903425,2,689,4,2,2,2,2,0,0,0,0,0.05380841121495194,32,0.07207126168224279,0.008071261682242791,0.064,0.0,0.0
4.025229,68,27640.873997,medium,1.0,4.0,3,679,4,2,2,2,2,0,0,0,0,0.007523364485981343,46,0.0931285046728972,0.0011285046728972015,0.092,0.0,0.0
2.941633,86,27671.46184,medium,0.9376947040498442,2.9376947040498442,2,860,4,2,2,2,2,0,0,0,0,0.012920560747663632,44,0.08993808411214954,0.0019380841121495447,0.088,0.0,0.0
4.044798,64,27689.84841,medium,1.0,4.0,3,631,4,2,2,2,2,0,0,0,0,0.07932242990654005,48,0.107898364485981,0.011898364485981007,0.096,0.0,0.0
4.007396,61,27707.501671,medium,1.0,4.0,3,608,4,2,2,2,2,0,0,0,0,0.0013084112149532715,34,0.06819626168224299,0.00019626168224299074,0.068,0.0,0.0
2.948569,80,27731.224184,medium,0.9207165109034268,2.9207165109034268,2,794,4,2,2,2,2,0,0,0,0,0.04834890965731983,59,0.10725233644859798,0.007252336448597975,0.1,0.0,0.0
4.00716,69,27751.428149,medium,1.0,4.0,3,682,4,2,2,2,2,0,0,0,0,0.04906542056074654,34,0.07535981308411199,0.007359813084111981,0.068,0.0,0.0
2.758731,78,27774.377222,medium,0.740031152647975,2.7400311526479753,2,773,4,2,2,2,2,0,0,0,0,0.0,48,0.096,0.0,0.096,0.0,0.0
4.022665,74,27795.978973,medium,1.0,4.0,3,738,4,2,2,2,2,0,0,0,0,0.029766355140185632,46,0.09646495327102785,0.004464953271027845,0.092,0.0,0.0
4.024339,77,27823.707786,medium,1.0,4.0,3,762,4,2,2,2,2,0,0,0,0,0.030257009345794086,48,0.10053855140186911,0.004538551401869113,0.096,0.0,0.0
2.999227,74,27845.404861,medium,0.9710280373831776,2.9710280373831774,2,731,4,2,2,2,2,0,0,0,0,0.03532710280373841,48,0.10129906542056076,0.005299065420560762,0.096,0.0,0.0
2.875997,90,27871.760678,medium,0.885202492211838,2.885202492211838,2,900,4,2,2,2,2,0,0,0,0,0.07196261682242873,35,0.08079439252336432,0.010794392523364308,0.07,0.0,0.0
2.815644,90,27897.893884,medium,0.8498442367601247,2.8498442367601244,2,900,4,2,2,2,2,0,0,0,0,0.05200155763239759,24,0.05580023364485964,0.007800233644859639,0.048,0.0,0.0
0.485804,71,27918.417621,medium,0.4562305295950156,0.4562305295950156,0,705,4,2,2,2,2,0,0,0,0,0.0004906542056074769,56,0.10007359813084113,7.359813084112153e-05,0.1,0.0,0.0
2.931543,89,27944.037775,medium,0.9442367601246106,2.9442367601246104,2,890,4,2,2,2,2,0,0,0,0,0.015373831775700784,37,0.07630607476635513,0.0023060747663551174,0.07400000000000001,0.0,0.0
1.570093,81,27972.714377,medium,0.552803738317757,1.552803738317757,1,805,4,2,2,2,2,0,0,0,0,0.011931464174454813,48,0.09778971962616823,0.0017897196261682218,0.096,0.0,0.0
2.946133,90,27998.690029,medium,0.9365264797507789,2.936526479750779,2,900,4,2,2,2,2,0,0,0,0,0.024042056074765505,48,0.09960630841121483,0.0036063084112148256,0.096,0.0,0.0
2.697284,70,28018.840418,medium,0.6784267912772586,2.678426791277259,2,695,4,2,2,2,2,0,0,0,0,0.04238317757009294,41,0.08835747663551394,0.006357476635513941,0.08199999999999999,0.0,0.0
3.995293,55,28034.570307,medium,1.0,4.0,3,541,4,2,2,2,2,0,0,0,0,0.06261682242990667,20,0.049392523364486005,0.009392523364486,0.04,0.0,0.0
0.457431,61,28051.840365,medium,0.44750778816199377,0.44750778816199377,0,608,4,2,2,2,2,0,0,0,0,0.018154205607476753,34,0.07072313084112151,0.002723130841121513,0.068,0.0,0.0
2.634786,60,28069.347697,medium,0.586214953271028,2.586214953271028,2,595,4,2,2,2,2,0,0,0,0,0.05380841121495194,55,0.10807126168224279,0.008071261682242791,0.1,0.0,0.0
2.818838,69,28089.262789,medium,0.789797507788162,2.789797507788162,2,687,4,2,2,2,2,0,0,0,0,0.011604361370716508,48,0.09774065420560747,0.0017406542056074763,0.096,0.0,0.0
1.706419,63,28107.623738,medium,0.6672897196261682,1.6672897196261682,1,626,4,2,2,2,2,0,0,0,0,0.011526479750778813,58,0.10172897196261682,0.0017289719626168221,0.1,0.0,0.0
2.640266,61,28130.660206,medium,0.6174454828660436,2.6174454828660436,2,606,4,2,2,2,2,0,0,0,0,0.06280373831775678,37,0.08342056074766352,0.009420560747663516,0.07400000000000001,0.0,0.0
3.990161,67,28150.188714,medium,1.0,4.0,3,665,4,2,2,2,2,0,0,0,0,0.031074766355139845,26,0.05666121495327098,0.004661214953270976,0.052,0.0,0.0
3.889912,55,28166.370028,medium,1.0,4.0,3,547,2,2,0,2,0,0,0,0,2,0.03074766355140201,0,-0.055387850467289695,0.0046121495327103015,0.0,0.0,0.06
2.947123,90,28192.420688,medium,0.9524143302180685,2.9524143302180685,2,900,4,2,2,2,2,0,0,0,0,0.05806074766355,38,0.0847091121495325,0.0087091121495325,0.076,0.0,0.0
3.982725,67,28211.364929,medium,1.0,4.0,3,666,4,2,2,2,2,0,0,0,0,0.00883177570093462,24,0.049324766355140194,0.0013247663551401929,0.048,0.0,0.0
2.776667,77,28233.622405,medium,0.7559968847352025,2.7559968847352025,2,769,4,2,2,2,2,0,0,0,0,0.010467289719626223,48,0.09757009345794393,0.0015700934579439335,0.096,0.0,0.0
3.993085,72,28254.404111,medium,1.0,4.0,3,715,4,2,2,2,2,0,0,0,0,0.08390186915887667,26,0.06458528037383149,0.012585280373831498,0.052,0.0,0.0
0.340977,61,28276.870039,medium,0.32461059190031155,0.32461059190031155,0,601,4,2,2,2,2,0,0,0,0,0.0031074766355140148,38,0.0764661214953271,0.0004661214953271022,0.076,0.0,0.0
1.535771,70,28297.299983,medium,0.5030062305295945,1.5030062305295946,1,691,4,2,2,2,2,0,0,0,0,0.012429906542055539,63,0.10186448598130833,0.001864485981308331,0.1,0.0,0.0
2.775573,81,28320.193023,medium,0.8514797507788162,2.8514797507788163,2,802,4,2,2,2,2,0,0,0,0,0.028621495327102568,0,0.004293224299065385,0.004293224299065385,0.0,0.0,0.0
2.742402,67,28339.798314,medium,0.7914330218068536,2.7914330218068537,2,668,4,2,2,2,2,0,0,0,0,0.025124610591899844,7,0.017768691588784975,0.0037686915887849767,0.014,0.0,0.0
4.04485,58,28356.490627,medium,1.0,4.0,3,573,4,2,2,2,2,0,0,0,0,0.014330218068535823,96,0.10214953271028038,0.0021495327102803736,0.1,0.0,0.0
2.81364,67,28375.902194,medium,0.8706542056074766,2.870654205607477,2,664,4,2,2,2,2,0,0,0,0,0.022570093457943943,3,0.009385514018691591,0.0033855140186915917,0.006,0.0,0.0
4.022347,56,28391.920467,medium,1.0,4.0,3,558,4,2,2,2,2,0,0,0,0,0.06764797507788037,34,0.07814719626168207,0.010147196261682055,0.068,0.0,0.0
1.388009,59,28409.392397,medium,0.3453504672897196,1.3453504672897196,1,582,4,2,2,2,2,0,0,0,0,0.0057242990654203406,54,0.10085864485981305,0.0008586448598130511,0.1,0.0,0.0
0.468567,67,28435.045696,medium,0.4326323987538941,0.4326323987538941,0,662,4,2,2,2,2,0,0,0,0,0.014228971962616578,63,0.1021343457943925,0.002134345794392487,0.1,0.0,0.0
1.65906,63,28452.904641,medium,0.6715732087227414,1.6715732087227413,1,625,4,2,2,2,2,0,0,0,0,0.013247663551401298,24,0.0499871495327102,0.0019871495327101947,0.048,0.0,0.0
4.02155,83,28476.704169,medium,1.0,4.0,3,823,4,2,2,2,2,0,0,0,0,0.052336448598129914,48,0.10385046728971949,0.007850467289719486,0.096,0.0,0.0
2.99357,81,28499.916362,medium,0.9698598130841122,2.969859813084112,2,805,4,2,2,2,2,0,0,0,0,0.02806853582554532,89,0.1042102803738318,0.004210280373831798,0.1,0.0,0.0
4.026434,75,28521.626107,medium,1.0,4.0,3,744,4,2,2,2,2,0,0,0,0,0.005560747663551403,72,0.10083411214953271,0.0008341121495327104,0.1,0.0,0.0
2.641738,61,28539.328921,medium,0.6047507788161994,2.604750778816199,2,610,4,2,2,2,2,0,0,0,0,0.013247663551401953,48,0.09798714953271029,0.0019871495327102927,0.096,0.0,0.0
4.020147,58,28555.939763,medium,1.0,4.0,3,579,4,2,2,2,2,0,0,0,0,0.06697819314641751,34,0.07804672897196263,0.010046728971962625,0.068,0.0,0.0
0.523389,65,28580.145567,medium,0.491588785046729,0.491588785046729,0,642,4,2,2,2,2,0,0,0,0,0.0,48,0.096,0.0,0.096,0.0,0.0
2.652637,59,28597.232506,medium,0.6036604361370717,2.603660436137072,2,588,4,2,2,2,2,0,0,0,0,0.051845794392522127,72,0.10777686915887832,0.00777686915887832,0.1,0.0,0.0
3.967865,78,28619.833555,medium,1.0,4.0,3,772,4,2,2,2,2,0,0,0,0,0.047102803738317496,19,0.04506542056074763,0.007065420560747625,0.038000000000000006,0.0,0.0
1.512717,61,28637.660603,medium,0.4984423676012461,1.4984423676012462,1,603,4,2,2,2,2,0,0,0,0,0.04383177570093368,34,0.07457476635514006,0.006574766355140052,0.068,0.0,0.0
2.749297,62,28655.549335,medium,0.7390965732087228,2.7390965732087227,2,618,4,2,2,2,2,0,0,0,0,0.0,36,0.07200000000000001,0.0,0.07200000000000001,0.0,0.0
2.899687,70,28675.680946,medium,0.8732866043613707,2.873286604361371,2,696,4,2,2,2,2,0,0,0,0,0.0,48,0.096,0.0,0.096,0.0,0.0
3.950035,58,28692.354217,medium,1.0,4.0,3,573,4,2,2,2,2,0,0,0,0,0.048901869158877224,0,0.007335280373831585,0.007335280373831585,0.0,0.0,0.0
2.77214,71,28713.071798,medium,0.7438473520249221,2.7438473520249222,2,707,4,2,2,2,2,0,0,0,0,0.01995327102803725,48,0.0989929906542056,0.002992990654205587,0.096,0.0,0.0
1.714376,66,28737.568449,medium,0.712157320872274,1.712157320872274,1,654,4,2,2,2,2,0,0,0,0,0.010794392523364362,33,0.06761915887850466,0.0016191588785046543,0.066,0.0,0.0
2.766467,90,28763.804018,medium,0.8509345794392523,2.850934579439252,2,900,4,2,2,2,2,0,0,0,0,0.023551401869158887,1,0.005532710280373832,0.0035327102803738323,0.002,0.0,0.0
2.571496,62,28781.46078,medium,0.5415109034267913,2.5415109034267913,2,614,4,2,2,2,2,0,0,0,0,0.022570093457943644,44,0.09138551401869154,0.003385514018691546,0.088,0.0,0.0
2.972932,77,28803.395416,medium,0.9736760124610592,2.973676012461059,2,763,4,2,2,2,2,0,0,0,0,0.05037383177569976,34,0.07555607476635497,0.007556074766354963,0.068,0.0,0.0
2.755009,61,28820.911849,medium,0.7078660436137072,2.7078660436137074,2,601,4,2,2,2,2,0,0,0,0,0.048286604361370784,54,0.10724299065420562,0.007242990654205618,0.1,0.0,0.0
4.00365,67,28840.162795,medium,1.0,4.0,3,669,4,2,2,2,2,0,0,0,0,0.043668224299064036,32,0.0705502336448596,0.006550233644859605,0.064,0.0,0.0
3.973698,51,28854.917394,medium,1.0,4.0,3,504,3,2,1,2,1,0,0,0,1,0.0406542056074767,24,0.024098130841121508,0.006098130841121505,0.048,0.0,0.03
0.416975,59,28871.978811,medium,0.4064641744548287,0.4064641744548287,0,584,4,2,2,2,2,0,0,0,0,0.00607476635514019,34,0.06891121495327103,0.0009112149532710286,0.068,0.0,0.0
2.941506,75,28898.776035,medium,0.9140965732087227,2.914096573208723,2,747,4,2,2,2,2,0,0,0,0,0.014065420560747756,58,0.10210981308411217,0.0021098130841121633,0.1,0.0,0.0
2.90055,76,28920.647554,medium,0.9034267912772586,2.9034267912772584,2,756,4,2,2,2,2,0,0,0,0,0.08482087227414187,30,0.07272313084112128,0.012723130841121278,0.060000000000000005,0.0,0.0
2.730388,90,28946.697865,medium,0.7373831775700934,2.737383177570093,2,900,4,2,2,2,2,0,0,0,0,0.006697819314641749,41,0.08300467289719628,0.0010046728971962625,0.08200000000000002,0.0,0.0
4.012866,80,28969.920045,medium,1.0,4.0,3,796,4,2,2,2,2,0,0,0,0,0.0031074766355140148,46,0.0924661214953271,0.0004661214953271022,0.092,0.0,0.0
4.007726,56,28986.234408,medium,1.0,4.0,3,554,4,2,2,2,2,0,0,0,0,0.06084112149532595,27,0.0631261682242989,0.009126168224298892,0.054,0.0,0.0
2.759754,83,29010.833572,medium,0.8240654205607477,2.8240654205607476,2,828,4,2,2,2,2,0,0,0,0,0.056588785046727846,5,0.018488317757009175,0.008488317757009176,0.01,0.0,0.0
2.815588,90,29042.170096,medium,0.8029595015576324,2.8029595015576323,2,900,4,2,2,2,2,0,0,0,0,0.017523364485981307,96,0.1026285046728972,0.0026285046728971957,0.1,0.0,0.0
2.578394,60,29059.654003,medium,0.5338785046728972,2.5338785046728973,2,593,4,2,2,2,2,0,0,0,0,0.05210280373831783,48,0.10381542056074768,0.007815420560747674,0.096,0.0,0.0
1.760867,74,29081.147614,medium,0.7339563862928349,1.7339563862928349,1,737,4,2,2,2,2,0,0,0,0,0.03073987538940829,48,0.10061098130841124,0.004610981308411244,0.096,0.0,0.0
0.430451,64,29099.72968,medium,0.4216043613707161,0.4216043613707161,0,639,4,2,2,2,2,0,0,0,0,0.044976635514017795,33,0.07274649532710267,0.0067464953271026695,0.066,0.0,0.0
2.764721,78,29122.088088,medium,0.785436137071651,2.785436137071651,2,775,4,2,2,2,2,0,0,0,0,0.005233644859813142,28,0.05678504672897197,0.0007850467289719712,0.056,0.0,0.0
3.949678,56,29138.615503,medium,1.0,4.0,3,554,4,2,2,2,2,0,0,0,0,0.03385514018691599,0,0.005078271028037399,0.005078271028037399,0.0,0.0,0.0
2.952923,90,29164.782813,medium,0.9426791277258567,2.9426791277258566,2,900,4,2,2,2,2,0,0,0,0,0.028294392523364267,48,0.10024415887850464,0.004244158878504639,0.096,0.0,0.0
2.573163,65,29183.392108,medium,0.5338785046728972,2.5338785046728973,2,641,4,2,2,2,2,0,0,0,0,0.0492289719626157,48,0.10338434579439236,0.007384345794392355,0.096,0.0,0.0
1.754137,62,29206.621232,medium,0.7192367601246106,1.7192367601246106,1,611,4,2,2,2,2,0,0,0,0,0.0,48,0.096,0.0,0.096,0.0,0.0
2.977772,90,29232.914052,medium,0.9622274143302181,2.962227414330218,2,900,4,2,2,2,2,0,0,0,0,0.036962616822429656,88,0.10554439252336445,0.005544392523364448,0.1,0.0,0.0
2.92472,90,29258.237442,medium,0.9147196261682243,2.914719626168224,2,900,4,2,2,2,2,0,0,0,0,0.0,96,0.1,0.0,0.1,0.0,0.0
2.93381,79,29280.756416,medium,0.9146417445482866,2.9146417445482866,2,785,4,2,2,2,2,0,0,0,0,0.011121495327102325,48,0.09766822429906535,0.0016682242990653487,0.096,0.0,0.0
3.984739,80,29304.146196,medium,1.0,4.0,3,791,4,2,2,2,2,0,0,0,0,0.038925233644859135,29,0.06383878504672888,0.005838785046728871,0.058,0.0,0.0
1.590265,76,29326.477022,medium,0.569158878504673,1.5691588785046728,1,759,4,2,2,2,2,0,0,0,0,0.006705607476635543,48,0.09700584112149534,0.0010058411214953315,0.096,0.0,0.0
3.964814,56,29348.245028,medium,1.0,4.0,3,551,3,2,1,2,1,0,0,0,1,0.012757009345794488,24,0.01991355140186918,0.0019135514018691732,0.048,0.0,0.03
2.902414,81,29371.612789,medium,0.9072429906542057,2.907242990654206,2,809,4,2,2,2,2,0,0,0,0,0.05380841121495194,34,0.07607126168224279,0.008071261682242791,0.068,0.0,0.0
4.006232,69,29391.755357,medium,1.0,4.0,3,687,4,2,2,2,2,0,0,0,0,0.0062149532710280495,37,0.07493224299065422,0.0009322429906542073,0.07400000000000001,0.0,0.0
2.891561,90,29418.041121,medium,0.9034267912772586,2.9034267912772584,2,900,4,2,2,2,2,0,0,0,0,0.014228971962616209,38,0.07813434579439245,0.0021343457943924313,0.07600000000000001,0.0,0.0
2.605086,64,29436.570989,medium,0.564018691588785,2.5640186915887853,2,633,4,2,2,2,2,0,0,0,0,0.029112149532709502,68,0.10436682242990643,0.004366822429906426,0.1,0.0,0.0
2.767046,67,29456.095438,medium,0.778816199376947,2.778816199376947,2,661,4,2,2,2,2,0,0,0,0,0.042196261682242046,24,0.054329439252336305,0.0063294392523363064,0.048,0.0,0.0
2.693703,90,29482.298412,medium,0.6806853582554517,2.6806853582554515,2,900,4,2,2,2,2,0,0,0,0,0.020116822429906613,67,0.103017523364486,0.003017523364485992,0.1,0.0,0.0
4.022658,61,29505.063475,medium,1.0,4.0,3,605,4,2,2,2,2,0,0,0,0,0.06105140186915761,37,0.08315771028037365,0.009157710280373642,0.07400000000000001,0.0,0.0
2.836243,73,29526.52469,medium,0.8536604361370717,2.853660436137072,2,722,4,2,2,2,2,0,0,0,0,0.045218068535824225,24,0.05478271028037363,0.006782710280373634,0.048,0.0,0.0
2.775516,58,29543.004545,medium,0.8325233644859812,2.832523364485981,2,574,4,2,2,2,2,0,0,0,0,0.0026168224299065,0,0.000392523364485975,0.000392523364485975,0.0,0.0,0.0
4.008178,63,29561.208492,medium,1.0,4.0,3,623,4,2,2,2,2,0,0,0,0,0.016518691588785165,34,0.07047780373831777,0.0024778037383177747,0.068,0.0,0.0
4.035008,62,29579.044635,medium,1.0,4.0,3,619,4,2,2,2,2,0,0,0,0,0.006051401869158932,48,0.09690771028037384,0.0009077102803738398,0.096,0.0,0.0
2.635535,60,29596.037596,medium,0.5873052959501558,2.5873052959501557,2,594,4,2,2,2,2,0,0,0,0,0.05086448598130722,72,0.10762967289719609,0.007629672897196082,0.1,0.0,0.0
2.744703,57,29612.876801,medium,0.692601246105919,2.692601246105919,2,570,4,2,2,2,2,0,0,0,0,0.06067757009345669,68,0.10910163551401851,0.009101635514018503,0.1,0.0,0.0
3.968563,53,29628.330016,medium,1.0,4.0,3,527,3,2,1,2,1,0,0,0,1,0.021752336448598152,24,0.021262850467289728,0.003262850467289723,0.048,0.0,0.03
2.819582,73,29654.952783,medium,0.8411214953271028,2.8411214953271027,2,729,4,2,2,2,2,0,0,0,0,0.022406542056074837,24,0.05136098130841123,0.0033609813084112252,0.048,0.0,0.0
2.830535,68,29674.675464,medium,0.7968847352024923,2.796884735202492,2,676,4,2,2,2,2,0,0,0,0,0.008333333333333335,79,0.10125,0.0012500000000000002,0.1,0.0,0.0
4.02141,82,29698.265651,medium,1.0,4.0,3,820,4,2,2,2,2,0,0,0,0,0.02273364485981308,95,0.10341004672897197,0.0034100467289719617,0.1,0.0,0.0
4.017154,89,29723.887373,medium,1.0,4.0,3,882,4,2,2,2,2,0,0,0,0,0.03569314641744554,57,0.10535397196261684,0.005353971962616832,0.1,0.0,0.0
1.503452,63,29742.016798,medium,0.46906542056074746,1.4690654205607474,1,623,4,2,2,2,2,0,0,0,0,0.004579439252336251,48,0.09668691588785044,0.0006869158878504377,0.096,0.0,0.0
2.780527,66,29760.857888,medium,0.7456386292834891,2.745638629283489,2,657,4,2,2,2,2,0,0,0,0,0.003925233644859807,63,0.10058878504672898,0.000588785046728971,0.1,0.0,0.0
4.027622,78,29782.980543,medium,1.0,4.0,3,776,4,2,2,2,2,0,0,0,0,0.0614797507788163,48,0.10522196261682246,0.009221962616822448,0.096,0.0,0.0
2.644587,59,29805.487494,medium,0.6070872274143302,2.60708722741433,2,585,4,2,2,2,2,0,0,0,0,0.0,48,0.096,0.0,0.096,0.0,0.0
2.875081,68,29825.405724,medium,0.8498442367601247,2.8498442367601244,2,676,4,2,2,2,2,0,0,0,0,0.03224299065420567,44,0.09283644859813084,0.00483644859813085,0.088,0.0,0.0
4.023191,80,29849.110203,medium,1.0,4.0,3,799,4,2,2,2,2,0,0,0,0,0.020607476635513877,53,0.10309112149532709,0.0030911214953270815,0.1,0.0,0.0
3.976785,81,29872.491474,medium,1.0,4.0,3,804,4,2,2,2,2,0,0,0,0,0.00789719626168224,28,0.057184579439252335,0.0011845794392523362,0.056,0.0,0.0
0.501766,66,29891.460197,medium,0.49106697819314593,0.49106697819314593,0,653,4,2,2,2,2,0,0,0,0,0.026658878504672436,36,0.07599883177570085,0.003998831775700865,0.072,0.0,0.0
4.028405,74,29912.330382,medium,1.0,4.0,3,739,4,2,2,2,2,0,0,0,0,0.04203271028037301,48,0.10230490654205596,0.006304906542055952,0.096,0.0,0.0
2.789656,85,29936.823644,medium,0.7733644859813084,2.7733644859813085,2,841,4,2,2,2,2,0,0,0,0,0.02927570093457921,48,0.10039135514018688,0.004391355140186882,0.096,0.0,0.0
4.026143,71,29963.060269,medium,1.0,4.0,3,702,4,2,2,2,2,0,0,0,0,0.0022897196261681256,48,0.09634345794392522,0.00034345794392521883,0.096,0.0,0.0
2.586166,57,29979.472222,medium,0.5780373831775701,2.5780373831775703,2,570,4,2,2,2,2,0,0,0,0,0.0075233644859813344,32,0.0651285046728972,0.0011285046728972002,0.064,0.0,0.0
4.015086,73,30001.150769,medium,1.0,4.0,3,729,4,2,2,2,2,0,0,0,0,0.039906542056073684,41,0.08798598130841105,0.005985981308411053,0.082,0.0,0.0
4.033135,64,30019.285019,medium,1.0,4.0,3,636,4,2,2,2,2,0,0,0,0,0.031565420560746585,46,0.09673481308411198,0.004734813084111987,0.092,0.0,0.0
2.89221,70,30039.929275,medium,0.8598130841121495,2.8598130841121496,2,691,4,2,2,2,2,0,0,0,0,0.009976635514018744,71,0.10149649532710282,0.0014964953271028114,0.1,0.0,0.0
4.017074,79,30062.43416,medium,1.0,4.0,3,790,4,2,2,2,2,0,0,0,0,0.0004906542056074769,48,0.09607359813084113,7.359813084112153e-05,0.096,0.0,0.0
2.782839,85,30087.425795,medium,0.8536993769470405,2.8536993769470405,2,847,4,2,2,2,2,0,0,0,0,0.012266355140186971,6,0.013839953271028046,0.0018399532710280456,0.012,0.0,0.0
2.68666,75,30114.51877,medium,0.6538940809968847,2.653894080996885,2,743,4,2,2,2,2,0,0,0,0,0.04710280373831656,53,0.10706542056074748,0.007065420560747482,0.1,0.0,0.0
2.857924,67,30134.07957,medium,0.8411214953271028,2.8411214953271027,2,670,4,2,2,2,2,0,0,0,0,0.02535046728971924,40,0.0838025700934579,0.0038025700934578854,0.08000000000000002,0.0,0.0
2.938451,90,30160.404687,medium,0.9266355140186916,2.9266355140186917,2,900,4,2,2,2,2,0,0,0,0,0.012102803738317826,58,0.10181542056074767,0.0018154205607476739,0.1,0.0,0.0
2.605327,68,30180.400392,medium,0.6452492211838006,2.645249221183801,2,678,4,2,2,2,2,0,0,0,0,0.06584890965731964,9,0.027877336448597946,0.009877336448597946,0.018000000000000002,0.0,0.0
1.542919,67,30199.402399,medium,0.5500778816199376,1.5500778816199376,1,669,4,2,2,2,2,0,0,0,0,0.011604361370716508,29,0.05974065420560748,0.0017406542056074763,0.058,0.0,0.0
2.939622,68,30218.983021,medium,0.9065420560747663,2.906542056074766,2,679,4,2,2,2,2,0,0,0,0,0.03320093457943882,48,0.10098014018691583,0.004980140186915823,0.096,0.0,0.0
2.645868,62,30236.923723,medium,0.6381619937694704,2.6381619937694705,2,613,4,2,2,2,2,0,0,0,0,0.006705607476635531,34,0.06900584112149534,0.0010058411214953296,0.068,0.0,0.0
2.873918,90,30267.785764,medium,0.856386292834891,2.856386292834891,2,900,4,2,2,2,2,0,0,0,0,0.05021028037383061,58,0.1075315420560746,0.007531542056074592,0.1,0.0,0.0
0.428269,63,30285.794236,medium,0.39087227414330217,0.39087227414330217,0,628,4,2,2,2,2,0,0,0,0,0.0013084112149532854,65,0.10019626168224299,0.0001962616822429928,0.1,0.0,0.0
1.552575,90,30311.695512,medium,0.5424766355140187,1.5424766355140187,1,900,4,2,2,2,2,0,0,0,0,0.0006542056074766075,72,0.1000981308411215,9.813084112149111e-05,0.1,0.0,0.0
4.014172,71,30332.145713,medium,1.0,4.0,3,706,4,2,2,2,2,0,0,0,0,0.018481308411214984,41,0.08477219626168227,0.0027721962616822473,0.08200000000000002,0.0,0.0
3.939552,65,30350.634628,medium,1.0,4.0,3,643,4,2,2,2,2,0,0,0,0,0.025677570093457835,0,0.003851635514018676,0.003851635514018676,0.0,0.0,0.0
2.854498,90,30376.994249,medium,0.8476635514018691,2.847663551401869,2,900,4,2,2,2,2,0,0,0,0,0.005560747663551463,48,0.09683411214953272,0.0008341121495327193,0.096,0.0,0.0
1.530913,65,30395.729111,medium,0.49228971962616824,1.4922897196261682,1,641,4,2,2,2,2,0,0,0,0,0.01815420560747585,72,0.10272313084112138,0.0027231308411213777,0.1,0.0,0.0
2.664593,69,30422.138715,medium,0.6365264797507788,2.6365264797507786,2,684,4,2,2,2,2,0,0,0,0,0.0031074766355140148,48,0.0964661214953271,0.00046612149532710215,0.096,0.0,0.0
2.8916,87,30447.268072,medium,0.9376947040498442,2.9376947040498442,2,870,4,2,2,2,2,0,0,0,0,0.059369158878504115,16,0.040905373831775615,0.008905373831775615,0.032,0.0,0.0
2.838693,78,30469.46962,medium,0.8183021806853582,2.8183021806853583,2,774,4,2,2,2,2,0,0,0,0,0.011939252336448157,48,0.09779088785046723,0.0017908878504672235,0.096,0.0,0.0
2.83973,62,30487.46992,medium,0.814797507788162,2.814797507788162,2,620,4,2,2,2,2,0,0,0,0,0.0062149532710280495,43,0.08693224299065422,0.0009322429906542073,0.08600000000000001,0.0,0.0
4.015158,65,30506.685484,medium,1.0,4.0,3,650,4,2,2,2,2,0,0,0,0,0.0410514018691581,37,0.08015771028037373,0.006157710280373715,0.07400000000000001,0.0,0.0
2.914177,83,30530.642752,medium,0.9354361370716511,2.935436137071651,2,821,4,2,2,2,2,0,0,0,0,0.005607476635514021,30,0.06084112149532711,0.0008411214953271031,0.060000000000000005,0.0,0.0
4.038127,62,30548.296731,medium,1.0,4.0,3,617,4,2,2,2,2,0,0,0,0,0.025514018691588987,48,0.09982710280373835,0.003827102803738348,0.096,0.0,0.0
2.772402,68,30573.961189,medium,0.7306853582554517,2.7306853582554518,2,672,4,2,2,2,2,0,0,0,0,0.059447040498441274,68,0.10891705607476619,0.008917056074766191,0.1,0.0,0.0
4.012703,80,30597.171838,medium,1.0,4.0,3,797,4,2,2,2,2,0,0,0,0,0.04268691588784863,43,0.09240303738317729,0.006403037383177295,0.086,0.0,0.0
2.845344,78,30619.278434,medium,0.8247663551401869,2.824766355140187,2,772,4,2,2,2,2,0,0,0,0,0.02518691588784938,47,0.0977780373831774,0.003778037383177407,0.094,0.0,0.0
2.743826,61,30636.457848,medium,0.7009345794392523,2.7009345794392523,2,601,4,2,2,2,2,0,0,0,0,0.04661214953271026,48,0.10299182242990654,0.006991822429906538,0.096,0.0,0.0
2.915511,90,30662.925945,medium,0.9083333333333333,2.908333333333333,2,900,4,2,2,2,2,0,0,0,0,0.007850467289719656,48,0.09717757009345795,0.0011775700934579484,0.096,0.0,0.0
2.827469,90,30688.677967,medium,0.9097352024922118,2.909735202492212,2,900,4,2,2,2,2,0,0,0,0,0.051557632398753966,0,0.007733644859813095,0.007733644859813095,0.0,0.0,0.0
2.61543,60,30706.270769,medium,0.5714953271028037,2.5714953271028036,2,595,4,2,2,2,2,0,0,0,0,0.022897196261681255,68,0.10343457943925219,0.003434579439252188,0.1,0.0,0.0
0.497939,61,30729.639554,medium,0.4996028037383168,0.4996028037383168,0,603,4,2,2,2,2,0,0,0,0,0.03091121495327011,27,0.05863668224299051,0.004636682242990516,0.054,0.0,0.0
2.787676,90,30755.564394,medium,0.8024143302180685,2.8024143302180686,2,900,4,2,2,2,2,0,0,0,0,0.04841121495326993,34,0.0752616822429905,0.007261682242990489,0.068,0.0,0.0
2.975905,76,30777.644218,medium,0.9529595015576324,2.9529595015576326,2,759,4,2,2,2,2,0,0,0,0,0.018971962616821884,48,0.09884579439252328,0.0028457943925232826,0.096,0.0,0.0
2.892156,82,30801.221506,medium,0.9034267912772586,2.9034267912772584,2,817,4,2,2,2,2,0,0,0,0,0.016191588785046843,34,0.07042873831775703,0.0024287383177570266,0.068,0.0,0.0
4.035003,67,30820.316047,medium,1.0,4.0,3,661,4,2,2,2,2,0,0,0,0,0.03401869158878442,48,0.10110280373831766,0.0051028037383176635,0.096,0.0,0.0
2.759561,59,30837.566056,medium,0.7422897196261682,2.742289719626168,2,588,4,2,2,2,2,0,0,0,0,0.05380841121495215,34,0.07607126168224283,0.008071261682242823,0.068,0.0,0.0
2.979634,90,30863.431134,medium,0.9971183800623052,2.997118380062305,2,900,4,2,2,2,2,0,0,0,0,0.003434579439252188,36,0.07251518691588783,0.0005151869158878283,0.07200000000000001,0.0,0.0
4.010716,64,30887.53838,medium,1.0,4.0,3,632,4,2,2,2,2,0,0,0,0,0.03943925233644868,34,0.07391588785046731,0.005915887850467302,0.068,0.0,0.0
4.038668,59,30904.484425,medium,1.0,4.0,3,590,4,2,2,2,2,0,0,0,0,0.011121495327102864,48,0.09766822429906544,0.0016682242990654296,0.096,0.0,0.0
2.84221,67,30923.797174,medium,0.8551401869158879,2.8551401869158877,2,670,4,2,2,2,2,0,0,0,0,0.027133956386292894,25,0.05407009345794393,0.004070093457943934,0.049999999999999996,0.0,0.0
2.778583,77,30945.641094,medium,0.7706386292834891,2.7706386292834893,2,763,4,2,2,2,2,0,0,0,0,0.028294392523364267,40,0.08424415887850466,0.004244158878504639,0.08000000000000002,0.0,0.0
0.44213,66,30964.828214,medium,0.41736760124610595,0.41736760124610595,0,659,4,2,2,2,2,0,0,0,0,0.004415887850467282,45,0.09066238317757008,0.0006623831775700923,0.09,0.0,0.0
0.444825,66,30983.558202,medium,0.4101246105919003,0.4101246105919003,0,653,4,2,2,2,2,0,0,0,0,0.0,63,0.1,0.0,0.1,0.0,0.0
2.847158,64,31002.523594,medium,0.9052180685358255,2.9052180685358255,2,632,4,2,2,2,2,0,0,0,0,0.020934579439252376,1,0.005140186915887857,0.0031401869158878565,0.002,0.0,0.0
4.028886,80,31025.655849,medium,1.0,4.0,3,797,4,2,2,2,2,0,0,0,0,0.05724299065420427,64,0.10858644859813064,0.00858644859813064,0.1,0.0,0.0
2.894783,74,31053.047864,medium,0.8945482866043614,2.8945482866043615,2,733,4,2,2,2,2,0,0,0,0,0.03690031152647981,34,0.07353504672897197,0.005535046728971971,0.068,0.0,0.0
2.930619,85,31077.66,medium,0.9616822429906542,2.961682242990654,2,850,4,2,2,2,2,0,0,0,0,0.026246105919003178,25,0.053936915887850476,0.003936915887850476,0.049999999999999996,0.0,0.0
2.819937,76,31099.935306,medium,0.8411214953271028,2.8411214953271027,2,756,4,2,2,2,2,0,0,0,0,0.029439252336448417,25,0.05441588785046726,0.004415887850467262,0.05,0.0,0.0
4.014627,61,31118.049,medium,1.0,4.0,3,607,4,2,2,2,2,0,0,0,0,0.035514018691588836,35,0.07532710280373833,0.005327102803738325,0.07,0.0,0.0
2.943248,74,31139.660906,medium,0.9404205607476636,2.9404205607476634,2,736,4,2,2,2,2,0,0,0,0,0.04285046728971865,35,0.0764275700934578,0.0064275700934577976,0.07,0.0,0.0
2.782057,78,31161.911587,medium,0.8596573208722741,2.859657320872274,2,776,4,2,2,2,2,0,0,0,0,0.0,0,0.0,0.0,0.0,0.0,0.0
2.784051,70,31182.343236,medium,0.7461292834890965,2.7461292834890965,2,692,4,2,2,2,2,0,0,0,0,0.04747663551401744,55,0.10712149532710262,0.007121495327102617,0.1,0.0,0.0
2.937939,90,31213.677168,medium,0.9491433021806853,2.949143302180685,2,900,4,2,2,2,2,0,0,0,0,0.045303738317756054,36,0.07879556074766342,0.006795560747663408,0.07200000000000001,0.0,0.0
4.028051,71,31234.750723,medium,1.0,4.0,3,705,4,2,2,2,2,0,0,0,0,0.01700934579439255,48,0.09855140186915888,0.0025514018691588825,0.096,0.0,0.0
4.038668,65,31253.691082,medium,1.0,4.0,3,642,4,2,2,2,2,0,0,0,0,0.07245327102803611,46,0.10286799065420543,0.010867990654205415,0.09200000000000001,0.0,0.0
2.779105,74,31274.955775,medium,0.7417445482866044,2.7417445482866043,2,739,4,2,2,2,2,0,0,0,0,0.07507009345794266,83,0.1112605140186914,0.011260514018691398,0.1,0.0,0.0
2.911487,64,31293.061134,medium,0.8644080996884735,2.8644080996884735,2,632,4,2,2,2,2,0,0,0,0,0.06852803738317617,87,0.11027920560747644,0.010279205607476426,0.1,0.0,0.0
3.986672,86,31317.775985,medium,1.0,4.0,3,853,4,2,2,2,2,0,0,0,0,0.02647975077881626,34,0.07197196261682244,0.003971962616822439,0.068,0.0,0.0
2.842554,75,31344.447222,medium,0.8487538940809969,2.848753894080997,2,742,4,2,2,2,2,0,0,0,0,0.0,34,0.068,0.0,0.068,0.0,0.0
4.040672,57,31361.232996,medium,1.0,4.0,3,568,4,2,2,2,2,0,0,0,0,0.009813084112149584,48,0.09747196261682244,0.0014719626168224376,0.096,0.0,0.0
2.65863,83,31385.130581,medium,0.6640965732087227,2.664096573208723,2,829,4,2,2,2,2,0,0,0,0,0.049556074766353826,35,0.07743341121495308,0.007433411214953074,0.07,0.0,0.0
2.742174,64,31404.116907,medium,0.706386292834891,2.7063862928348907,2,631,4,2,2,2,2,0,0,0,0,0.03258566978193137,47,0.0988878504672897,0.004887850467289706,0.094,0.0,0.0
3.997415,77,31426.511488,medium,1.0,4.0,3,764,4,2,2,2,2,0,0,0,0,0.012102803738317828,36,0.07381542056074768,0.0018154205607476743,0.07200000000000001,0.0,0.0
1.600935,71,31446.731364,medium,0.5755451713395638,1.5755451713395638,1,704,4,2,2,2,2,0,0,0,0,0.03859813084112125,45,0.0957897196261682,0.005789719626168187,0.09000000000000001,0.0,0.0
2.673883,68,31466.597641,medium,0.6462616822429906,2.6462616822429905,2,678,4,2,2,2,2,0,0,0,0,0.03614485981308294,45,0.09542172897196245,0.005421728971962442,0.09000000000000001,0.0,0.0
1.73485,70,31486.898362,medium,0.7040498442367601,1.70404984423676,1,692,4,2,2,2,2,0,0,0,0,0.0,92,0.1,0.0,0.1,0.0,0.0
4.040304,65,31510.918401,medium,1.0,4.0,3,647,4,2,2,2,2,0,0,0,0,0.060023364485980286,48,0.10500350467289704,0.009003504672897044,0.096,0.0,0.0
2.894544,68,31530.813563,medium,0.8596573208722741,2.859657320872274,2,671,4,2,2,2,2,0,0,0,0,0.013247663551401608,96,0.10198714953271025,0.001987149532710241,0.1,0.0,0.0
4.030252,82,31554.731356,medium,1.0,4.0,3,814,4,2,2,2,2,0,0,0,0,0.07767912772585482,60,0.11165186915887823,0.011651869158878224,0.1,0.0,0.0
3.952762,53,31570.310828,medium,1.0,4.0,3,525,3,1,2,1,2,0,0,0,1,0.04841121495326993,14,0.0052616822429904925,0.00726168224299049,0.028,0.0,0.03
1.694007,90,31596.562167,medium,0.6791744548286603,1.6791744548286602,1,900,4,2,2,2,2,0,0,0,0,0.032219626168224366,88,0.10483294392523367,0.004832943925233655,0.1,0.0,0.0
4.004023,67,31616.179101,medium,1.0,4.0,3,666,4,2,2,2,2,0,0,0,0,0.07081775700934446,30,0.07062266355140168,0.01062266355140167,0.060000000000000005,0.0,0.0
2.921059,79,31638.50958,medium,0.8978193146417446,2.897819314641745,2,786,4,2,2,2,2,0,0,0,0,0.012266355140186466,72,0.10183995327102797,0.00183995327102797,0.1,0.0,0.0
2.806394,72,31664.87556,medium,0.7716510903426791,2.771651090342679,2,715,4,2,2,2,2,0,0,0,0,0.04161993769470424,77,0.10624299065420564,0.006242990654205637,0.1,0.0,0.0
4.047298,56,31681.055369,medium,1.0,4.0,3,553,4,2,2,2,2,0,0,0,0,0.01732087227414334,62,0.1025981308411215,0.002598130841121501,0.1,0.0,0.0
4.022421,74,31703.28792,medium,1.0,4.0,3,738,4,2,2,2,2,0,0,0,0,0.001471962616822446,48,0.09622079439252337,0.0002207943925233669,0.096,0.0,0.0
0.498586,90,31729.346875,medium,0.48785046728971965,0.48785046728971965,0,900,4,2,2,2,2,0,0,0,0,0.00490654205607482,72,0.10073598130841123,0.000735981308411223,0.1,0.0,0.0
3.948263,54,31744.840361,medium,1.0,4.0,3,537,4,2,2,2,2,0,0,0,0,0.013084112149532793,0,0.001962616822429919,0.001962616822429919,0.0,0.0,0.0
3.9293,47,31758.751836,medium,1.0,4.0,3,467,2,1,1,1,1,0,0,0,2,0.0,18,-0.023999999999999994,0.0,0.036000000000000004,0.0,0.06
2.874256,64,31777.312227,medium,0.868380062305296,2.868380062305296,2,633,4,2,2,2,2,0,0,0,0,0.034509345794392556,32,0.06917640186915888,0.0051764018691588835,0.064,0.0,0.0
1.516536,67,31796.472174,medium,0.5706386292834891,1.570638629283489,1,668,4,2,2,2,2,0,0,0,0,0.04464953271027942,3,0.012697429906541914,0.006697429906541913,0.006,0.0,0.0
3.972457,62,31820.087219,medium,1.0,4.0,3,611,4,2,2,2,2,0,0,0,0,0.023714953271027784,15,0.033557242990654164,0.0035572429906541676,0.03,0.0,0.0
4.0182,78,31842.831927,medium,1.0,4.0,3,778,4,2,2,2,2,0,0,0,0,0.0,48,0.096,0.0,0.096,0.0,0.0
2.799428,67,31862.495252,medium,0.7781074766355139,2.778107476635514,2,669,4,2,2,2,2,0,0,0,0,0.001471962616822446,44,0.08822079439252337,0.0002207943925233669,0.088,0.0,0.0
4.0375,59,31880.194895,medium,1.0,4.0,3,585,4,2,2,2,2,0,0,0,0,0.0,48,0.096,0.0,0.096,0.0,0.0
1.655961,62,31898.036308,medium,0.6181464174454816,1.6181464174454816,1,613,4,2,2,2,2,0,0,0,0,0.04742990654205477,46,0.09911448598130822,0.0071144859813082155,0.092,0.0,0.0
2.813827,65,31916.357528,medium,0.7771495327102803,2.7771495327102804,2,645,4,2,2,2,2,0,0,0,0,0.00785046728971951,72,0.10117757009345793,0.0011775700934579267,0.1,0.0,0.0
4.00314,58,31933.191153,medium,1.0,4.0,3,574,4,2,2,2,2,0,0,0,0,0.08359813084112012,24,0.06053971962616802,0.012539719626168018,0.048,0.0,0.0
1.743476,70,31957.957641,medium,0.7163551401869159,1.716355140186916,1,691,4,2,2,2,2,0,0,0,0,0.0014719626168223665,48,0.09622079439252336,0.00022079439252335495,0.096,0.0,0.0
2.617743,78,31980.194097,medium,0.6181931464174453,2.618193146417445,2,777,4,2,2,2,2,0,0,0,0,0.034999999999999455,36,0.07724999999999992,0.005249999999999919,0.072,0.0,0.0
2.847478,75,32001.675815,medium,0.8477414330218068,2.847741433021807,2,742,4,2,2,2,2,0,0,0,0,0.039579439252335154,34,0.07393691588785027,0.0059369158878502725,0.068,0.0,0.0
4.03337,77,32023.530241,medium,1.0,4.0,3,761,4,2,2,2,2,0,0,0,0,0.06313084112149403,60,0.10946962616822412,0.009469626168224105,0.1,0.0,0.0
2.75752,84,32047.95776,medium,0.7423676012461059,2.742367601246106,2,833,4,2,2,2,2,0,0,0,0,0.016347352024922164,48,0.09845210280373833,0.002452102803738325,0.096,0.0,0.0
3.926865,51,32062.917022,medium,1.0,4.0,3,502,3,1,2,1,2,0,0,0,1,0.047102803738316726,0,-0.02293457943925249,0.007065420560747509,0.0,0.0,0.03
3.9624,88,32088.534986,medium,1.0,4.0,3,876,4,2,2,2,2,0,0,0,0,0.0,25,0.049999999999999996,0.0,0.049999999999999996,0.0,0.0
4.033145,74,32114.2618,medium,1.0,4.0,3,737,4,2,2,2,2,0,0,0,0,0.045630841121494355,72,0.10684462616822415,0.006844626168224152,0.1,0.0,0.0
4.004367,61,32132.182761,medium,1.0,4.0,3,606,4,2,2,2,2,0,0,0,0,0.046448598130840485,29,0.06496728971962608,0.006967289719626072,0.058,0.0,0.0
4.029719,71,32152.615894,medium,1.0,4.0,3,706,4,2,2,2,2,0,0,0,0,0.0021261682242990887,55,0.10031892523364487,0.00031892523364486334,0.1,0.0,0.0
2.895362,88,32177.843885,medium,0.950778816199377,2.950778816199377,2,875,4,2,2,2,2,0,0,0,0,0.06721962616822331,11,0.0320829439252335,0.010082943925233496,0.022,0.0,0.0
2.850938,67,32196.871576,medium,0.8645638629283489,2.8645638629283487,2,670,4,2,2,2,2,0,0,0,0,0.009158878504672502,26,0.05337383177570088,0.0013738317757008753,0.052000000000000005,0.0,0.0
1.610857,64,32215.569082,medium,0.5743769470404985,1.5743769470404985,1,632,4,2,2,2,2,0,0,0,0,0.024532710280373748,48,0.09967990654205607,0.003679906542056062,0.096,0.0,0.0
2.907188,84,32240.075571,medium,0.9277258566978193,2.927725856697819,2,838,4,2,2,2,2,0,0,0,0,0.04841121495327091,28,0.06326168224299064,0.0072616822429906365,0.056,0.0,0.0
2.649892,60,32261.473218,medium,0.680607476635514,2.680607476635514,2,593,4,2,2,2,2,0,0,0,0,0.0038940809968847356,14,0.028584112149532714,0.0005841121495327103,0.028000000000000004,0.0,0.0
4.037825,66,32280.638485,medium,1.0,4.0,3,651,4,2,2,2,2,0,0,0,0,0.04616822429906455,48,0.10292523364485968,0.006925233644859682,0.096,0.0,0.0
3.98061,73,32302.123197,medium,1.0,4.0,3,721,4,2,2,2,2,0,0,0,0,0.01806853582554517,25,0.05271028037383177,0.002710280373831775,0.049999999999999996,0.0,0.0
4.0364,60,32319.540657,medium,1.0,4.0,3,596,4,2,2,2,2,0,0,0,0,0.0,48,0.096,0.0,0.096,0.0,0.0
2.858485,62,32337.260178,medium,0.832398753894081,2.832398753894081,2,612,4,2,2,2,2,0,0,0,0,0.04857476635513909,40,0.08728621495327088,0.007286214953270864,0.08000000000000002,0.0,0.0
2.613212,62,32355.19345,medium,0.6463395638629283,2.646339563862928,2,613,4,2,2,2,2,0,0,0,0,0.041152647975077505,11,0.028172897196261624,0.006172897196261626,0.022,0.0,0.0
4.017518,86,32380.029422,medium,1.0,4.0,3,855,4,2,2,2,2,0,0,0,0,0.020116822429906613,68,0.103017523364486,0.0030175233644859916,0.1,0.0,0.0
4.045739,58,32397.021507,medium,1.0,4.0,3,574,4,2,2,2,2,0,0,0,0,0.04759345794392418,48,0.10313901869158863,0.007139018691588627,0.096,0.0,0.0
2.86173,61,32418.996815,medium,0.822429906542056,2.822429906542056,2,607,4,2,2,2,2,0,0,0,0,0.0,58,0.1,0.0,0.1,0.0,0.0
2.624408,90,32445.408794,medium,0.7144080996884735,2.7144080996884736,2,900,4,2,2,2,2,0,0,0,0,0.0,0,0.0,0.0,0.0,0.0,0.0
2.68379,60,32462.791614,medium,0.740031152647975,2.7400311526479753,2,597,4,2,2,2,2,0,0,0,0,0.023060747663551377,0,0.003459112149532707,0.003459112149532707,0.0,0.0,0.0
1.510473,90,32488.855865,medium,0.5068535825545172,1.506853582554517,1,900,4,2,2,2,2,0,0,0,0,0.01079439252336402,46,0.0936191588785046,0.0016191588785046031,0.092,0.0,0.0
4.0261,66,32507.596413,medium,1.0,4.0,3,659,4,2,2,2,2,0,0,0,0,0.0,46,0.092,0.0,0.092,0.0,0.0
2.97248,73,32528.926798,medium,0.9556853582554518,2.955685358255452,2,728,4,2,2,2,2,0,0,0,0,0.010630841121495328,44,0.08959462616822429,0.0015946261682242987,0.088,0.0,0.0
3.994627,86,32553.107137,medium,1.0,4.0,3,851,4,2,2,2,2,0,0,0,0,0.07817757009345656,34,0.07972663551401848,0.011726635514018483,0.068,0.0,0.0
4.0315,70,32577.937576,medium,1.0,4.0,3,698,4,2,2,2,2,0,0,0,0,0.008668224299065459,79,0.10130023364485982,0.0013002336448598188,0.1,0.0,0.0
2.747936,58,32594.750712,medium,0.7035046728971963,2.7035046728971963,2,578,4,2,2,2,2,0,0,0,0,0.04154205607476649,48,0.10223130841121497,0.006231308411214975,0.096,0.0,0.0
2.671636,74,32616.297657,medium,0.6428348909657321,2.642834890965732,2,735,4,2,2,2,2,0,0,0,0,0.015342679127725854,72,0.10230140186915888,0.0023014018691588783,0.1,0.0,0.0
1.662893,63,32635.024906,medium,0.6355919003115265,1.6355919003115265,1,630,4,2,2,2,2,0,0,0,0,0.015342679127725854,44,0.09030140186915887,0.002301401869158878,0.088,0.0,0.0
2.804633,63,32653.626556,medium,0.7975077881619937,2.797507788161994,2,621,4,2,2,2,2,0,0,0,0,0.03483644859813116,32,0.06922546728971968,0.005225467289719674,0.064,0.0,0.0
2.59611,60,32671.093215,medium,0.6005451713395639,2.6005451713395638,2,599,4,2,2,2,2,0,0,0,0,0.049766355140186014,24,0.055464953271027906,0.007464953271027903,0.048,0.0,0.0
2.792443,84,32695.619294,medium,0.8509345794392523,2.850934579439252,2,839,4,2,2,2,2,0,0,0,0,0.04939252336448526,9,0.025408878504672792,0.007408878504672789,0.018000000000000002,0.0,0.0
1.649954,65,32714.561946,medium,0.6133177570093458,1.6133177570093458,1,641,4,2,2,2,2,0,0,0,0,0.004906542056074762,72,0.10073598130841122,0.0007359813084112142,0.1,0.0,0.0
3.996715,56,32735.554416,medium,1.0,4.0,3,552,3,2,1,2,1,0,0,0,1,0.0660981308411211,36,0.05191471962616817,0.009914719626168165,0.07200000000000001,0.0,0.03
4.03975,49,32749.870098,medium,1.0,4.0,3,484,4,2,2,2,2,0,0,0,0,0.014330218068535823,43,0.08814953271028036,0.0021495327102803736,0.086,0.0,0.0
2.825097,65,32768.908402,medium,0.8830996884735203,2.8830996884735205,2,647,4,2,2,2,2,0,0,0,0,0.04464953271027945,0,0.0066974299065419175,0.0066974299065419175,0.0,0.0,0.0
2.583796,67,32788.799819,medium,0.5485981308411215,2.5485981308411216,2,669,4,2,2,2,2,0,0,0,0,0.0406542056074767,48,0.1020981308411215,0.006098130841121503,0.096,0.0,0.0
2.973223,71,32810.094079,medium,0.9376947040498442,2.9376947040498442,2,703,4,2,2,2,2,0,0,0,0,0.06552180685358241,48,0.10582827102803737,0.00982827102803736,0.096,0.0,0.0
0.443318,60,32827.596237,medium,0.44750778816199377,0.44750778816199377,0,598,4,2,2,2,2,0,0,0,0,0.024065420560747716,26,0.05560981308411216,0.0036098130841121573,0.052000000000000005,0.0,0.0
2.85892,62,32845.928282,medium,0.8323208722741429,2.832320872274143,2,613,4,2,2,2,2,0,0,0,0,0.05266355140186864,40,0.0878995327102803,0.007899532710280295,0.08,0.0,0.0
2.968546,90,32876.372861,medium,0.9622274143302181,2.962227414330218,2,900,4,2,2,2,2,0,0,0,0,0.0021261682242990887,48,0.09631892523364487,0.0003189252336448633,0.096,0.0,0.0
4.00465,66,32895.249764,medium,1.0,4.0,3,660,4,2,2,2,2,0,0,0,0,0.017663551401868573,34,0.0706495327102803,0.002649532710280286,0.068,0.0,0.0
2.960962,84,32919.726455,medium,0.9399532710280374,2.9399532710280374,2,837,4,2,2,2,2,0,0,0,0,0.05806074766355067,48,0.1047091121495326,0.0087091121495326,0.096,0.0,0.0
4.005776,56,32936.198757,medium,1.0,4.0,3,554,4,2,2,2,2,0,0,0,0,0.03450934579439117,28,0.061176401869158674,0.005176401869158674,0.056,0.0,0.0
2.787953,71,32957.214553,medium,0.7641744548286604,2.7641744548286606,2,706,4,2,2,2,2,0,0,0,0,0.04252336448597997,44,0.09437850467289699,0.006378504672896995,0.088,0.0,0.0
4.030164,74,32978.916947,medium,1.0,4.0,3,736,4,2,2,2,2,0,0,0,0,0.06509345794392361,47,0.10376401869158855,0.009764018691588543,0.094,0.0,0.0
2.906162,71,32999.484699,medium,0.9245327102803739,2.9245327102803738,2,701,4,2,2,2,2,0,0,0,0,0.024859813084111813,24,0.05172897196261677,0.0037289719626167716,0.048,0.0,0.0
4.032012,72,33019.961977,medium,1.0,4.0,3,713,4,2,2,2,2,0,0,0,0,0.022079439252336464,96,0.10331191588785048,0.0033119158878504693,0.1,0.0,0.0
1.537614,82,33048.5371,medium,0.5186292834890963,1.5186292834890964,1,818,4,2,2,2,2,0,0,0,0,0.005233644859812859,65,0.10078504672897193,0.0007850467289719288,0.1,0.0,0.0
2.952295,82,33072.446387,medium,0.9376947040498442,2.9376947040498442,2,814,4,2,2,2,2,0,0,0,0,0.0,48,0.096,0.0,0.096,0.0,0.0
2.955294,90,33098.645866,medium,0.9496884735202492,2.9496884735202493,2,900,4,2,2,2,2,0,0,0,0,0.050700934579439055,44,0.09560514018691585,0.007605140186915858,0.088,0.0,0.0
2.834321,90,33124.654076,medium,0.9200934579439253,2.920093457943925,2,896,4,2,2,2,2,0,0,0,0,0.025514018691588314,0,0.0038271028037382467,0.0038271028037382467,0.0,0.0,0.0
4.042508,62,33142.868481,medium,1.0,4.0,3,617,4,2,2,2,2,0,0,0,0,0.0547196261682244,48,0.10420794392523366,0.00820794392523366,0.096,0.0,0.0
3.865236,49,33156.821667,medium,1.0,4.0,3,481,1,1,0,1,0,0,0,0,3,0.022242990654205617,0,-0.08666355140186915,0.0033364485981308423,0.0,0.0,0.09
2.752169,69,33177.015776,medium,0.7991433021806854,2.7991433021806853,2,687,4,2,2,2,2,0,0,0,0,0.051503115264797575,7,0.021725467289719635,0.007725467289719635,0.014,0.0,0.0
0.394993,61,33199.120093,medium,0.35342679127725857,0.35342679127725857,0,602,4,2,2,2,2,0,0,0,0,0.011775700934579312,73,0.1017663551401869,0.0017663551401868966,0.1,0.0,0.0
2.956722,88,33224.010048,medium,0.9420560747663551,2.942056074766355,2,871,4,2,2,2,2,0,0,0,0,0.011775700934579508,94,0.10176635514018693,0.0017663551401869261,0.1,0.0,0.0
2.959143,90,33250.094881,medium,0.9491433021806853,2.949143302180685,2,900,4,2,2,2,2,0,0,0,0,0.0,72,0.1,0.0,0.1,0.0,0.0
2.949217,90,33276.544739,medium,0.9753894080996884,2.9753894080996885,2,900,4,2,2,2,2,0,0,0,0,0.025514018691588675,30,0.06382710280373831,0.0038271028037383014,0.060000000000000005,0.0,0.0
4.000591,70,33296.954559,medium,1.0,4.0,3,694,4,2,2,2,2,0,0,0,0,0.07993769470404868,29,0.06999065420560731,0.011990654205607302,0.058,0.0,0.0
4.016442,64,33315.790099,medium,1.0,4.0,3,639,4,2,2,2,2,0,0,0,0,0.028948598130841177,38,0.08034228971962619,0.004342289719626176,0.07600000000000001,0.0,0.0
4.028937,74,33341.980747,medium,1.0,4.0,3,737,4,2,2,2,2,0,0,0,0,0.08424454828660348,45,0.10263668224299054,0.012636682242990523,0.09000000000000001,0.0,0.0
2.811871,77,33364.339441,medium,0.7838006230529595,2.7838006230529597,2,761,4,2,2,2,2,0,0,0,0,0.02780373831775681,55,0.10417056074766352,0.004170560747663522,0.1,0.0,0.0
2.743279,58,33381.025136,medium,0.764018691588785,2.764018691588785,2,576,4,2,2,2,2,0,0,0,0,0.03239875389408111,16,0.03685981308411217,0.004859813084112166,0.032,0.0,0.0
4.004432,66,33400.167618,medium,1.0,4.0,3,660,4,2,2,2,2,0,0,0,0,0.0028816199376947046,35,0.07043224299065422,0.0004322429906542057,0.07,0.0,0.0
2.959695,90,33425.977328,medium,0.9376947040498442,2.9376947040498442,2,900,4,2,2,2,2,0,0,0,0,0.07999999999999897,83,0.11199999999999985,0.011999999999999846,0.1,0.0,0.0
2.560681,73,33447.218575,medium,0.5566199376947041,2.556619937694704,2,726,4,2,2,2,2,0,0,0,0,0.031074766355139845,36,0.07666121495327098,0.004661214953270976,0.07200000000000001,0.0,0.0
2.990025,75,33469.035573,medium,0.9616822429906542,2.961682242990654,2,746,4,2,2,2,2,0,0,0,0,0.04628504672897097,48,0.10294275700934565,0.006942757009345645,0.096,0.0,0.0
2.771569,63,33491.863084,medium,0.7632398753894081,2.763239875389408,2,627,4,2,2,2,2,0,0,0,0,0.033528037383177126,33,0.07102920560747657,0.0050292056074765674,0.066,0.0,0.0
2.969704,90,33518.330794,medium,0.9589563862928349,2.9589563862928348,2,900,4,2,2,2,2,0,0,0,0,0.004984423676012462,96,0.10074766355140187,0.0007476635514018692,0.1,0.0,0.0
3.968349,71,33538.751028,medium,1.0,4.0,3,704,4,2,2,2,2,0,0,0,0,0.058325545171338235,15,0.03874883177570074,0.008748831775700735,0.03,0.0,0.0
3.997,67,33557.614512,medium,1.0,4.0,3,670,4,2,2,2,2,0,0,0,0,0.0,32,0.064,0.0,0.064,0.0,0.0
4.034425,65,33576.036295,medium,1.0,4.0,3,642,4,2,2,2,2,0,0,0,0,0.017500000000000102,48,0.09862500000000002,0.0026250000000000153,0.096,0.0,0.0
2.676049,77,33598.294761,medium,0.7047507788161994,2.7047507788161993,2,768,4,2,2,2,2,0,0,0,0,0.0006542056074766429,24,0.048098130841121495,9.813084112149644e-05,0.048,0.0,0.0
1.709781,79,33621.504237,medium,0.684190031152648,1.684190031152648,1,788,4,2,2,2,2,0,0,0,0,0.02927570093457916,71,0.10439135514018688,0.004391355140186874,0.1,0.0,0.0
2.836075,78,33648.959806,medium,0.8171339563862928,2.817133956386293,2,779,4,2,2,2,2,0,0,0,0,0.005607476635514021,48,0.0968411214953271,0.0008411214953271031,0.096,0.0,0.0
2.656276,84,33673.579533,medium,0.6368380062305296,2.6368380062305294,2,838,4,2,2,2,2,0,0,0,0,0.021588785046728964,81,0.10323831775700935,0.0032383177570093446,0.1,0.0,0.0
1.583814,77,33696.229136,medium,0.5588006230529595,1.5588006230529596,1,762,4,2,2,2,2,0,0,0,0,0.021425233644859744,49,0.10121378504672897,0.0032137850467289612,0.098,0.0,0.0
1.503107,59,33713.4123,medium,0.45697040498442365,1.4569704049844237,1,585,4,2,2,2,2,0,0,0,0,0.030911214953269994,80,0.10463668224299051,0.004636682242990501,0.1,0.0,0.0
2.951452,90,33739.824627,medium,0.9398753894080997,2.9398753894081,2,900,4,2,2,2,2,0,0,0,0,0.010514018691588784,57,0.10157710280373833,0.0015771028037383176,0.1,0.0,0.0
4.041484,61,33757.090417,medium,1.0,4.0,3,606,4,2,2,2,2,0,0,0,0,0.04056074766354991,48,0.10208411214953249,0.006084112149532486,0.096,0.0,0.0
3.003523,66,33776.462976,medium,0.9677570093457943,2.967757009345794,2,660,4,2,2,2,2,0,0,0,0,0.011775700934579525,70,0.10176635514018693,0.0017663551401869285,0.1,0.0,0.0
2.9532,90,33806.826001,medium,0.9676791277258567,2.967679127725857,2,900,4,2,2,2,2,0,0,0,0,0.010140186915887925,37,0.0755210280373832,0.0015210280373831888,0.07400000000000001,0.0,0.0
2.692123,69,33826.44305,medium,0.7040498442367601,2.70404984423676,2,681,4,2,2,2,2,0,0,0,0,0.041152647975077776,25,0.05617289719626166,0.006172897196261666,0.049999999999999996,0.0,0.0
2.851514,90,33852.247817,medium,0.8393302180685358,2.839330218068536,2,900,4,2,2,2,2,0,0,0,0,0.014556074766354548,53,0.10218341121495318,0.0021834112149531825,0.1,0.0,0.0
4.031753,67,33872.074286,medium,1.0,4.0,3,667,4,2,2,2,2,0,0,0,0,0.016355140186915768,48,0.09845327102803737,0.002453271028037365,0.096,0.0,0.0
3.923866,56,33888.600794,medium,1.0,4.0,3,560,3,2,1,2,1,0,0,0,1,0.06577102803738209,0,-0.020134345794392685,0.009865654205607314,0.0,0.0,0.03
4.040335,65,33907.465694,medium,1.0,4.0,3,644,4,2,2,2,2,0,0,0,0,0.0315654205607463,52,0.10473481308411195,0.004734813084111944,0.1,0.0,0.0
0.448075,67,33926.646473,medium,0.4153426791277259,0.4153426791277259,0,668,4,2,2,2,2,0,0,0,0,0.02355140186915873,48,0.0995327102803738,0.0035327102803738085,0.096,0.0,0.0
2.866942,71,33951.899847,medium,0.8868380062305296,2.8868380062305294,2,703,4,2,2,2,2,0,0,0,0,0.016028037383176992,24,0.05040420560747655,0.002404205607476549,0.048,0.0,0.0
2.854415,90,33978.058362,medium,0.9398753894080997,2.9398753894081,2,900,4,2,2,2,2,0,0,0,0,0.0035981308411214916,2,0.004539719626168224,0.0005397196261682237,0.004,0.0,0.0
2.960637,82,34002.322517,medium,0.9659657320872275,2.9659657320872275,2,814,4,2,2,2,2,0,0,0,0,0.05380841121495194,34,0.07607126168224279,0.00807126168224279,0.068,0.0,0.0
2.812856,90,34028.251528,medium,0.8024143302180685,2.8024143302180686,2,900,4,2,2,2,2,0,0,0,0,0.002943925233644856,72,0.10044158878504673,0.0004415887850467284,0.1,0.0,0.0
2.673355,67,34047.70713,medium,0.6386292834890965,2.6386292834890965,2,668,4,2,2,2,2,0,0,0,0,0.03683800623052966,48,0.10152570093457945,0.005525700934579448,0.096,0.0,0.0
2.708752,61,34065.3567,medium,0.6642523364485982,2.664252336448598,2,607,4,2,2,2,2,0,0,0,0,0.06133177570093317,48,0.10519976635513997,0.009199766355139975,0.096,0.0,0.0
2.852581,90,34091.686063,medium,0.8411214953271028,2.8411214953271027,2,893,4,2,2,2,2,0,0,0,0,0.005062305295950157,62,0.10075934579439252,0.0007593457943925235,0.1,0.0,0.0
4.007056,68,34115.730178,medium,1.0,4.0,3,680,4,2,2,2,2,0,0,0,0,0.0470404984423676,34,0.07505607476635515,0.00705607476635514,0.068,0.0,0.0
3.984465,71,34136.187883,medium,1.0,4.0,3,706,4,2,2,2,2,0,0,0,0,0.047102803738316504,24,0.05506542056074747,0.007065420560747475,0.048,0.0,0.0
2.658503,60,34153.228212,medium,0.618380062305296,2.618380062305296,2,600,4,2,2,2,2,0,0,0,0,0.0008177570093458035,52,0.10012266355140187,0.00012266355140187052,0.1,0.0,0.0
2.946305,84,34177.726436,medium,0.9535046728971963,2.9535046728971963,2,832,4,2,2,2,2,0,0,0,0,0.0,38,0.07600000000000001,0.0,0.07600000000000001,0.0,0.0
2.744036,58,34194.682047,medium,0.7488317757009346,2.7488317757009346,2,578,4,2,2,2,2,0,0,0,0,0.03336448598130807,24,0.05300467289719621,0.005004672897196209,0.048,0.0,0.0
1.449199,57,34211.004681,medium,0.4514018691588785,1.4514018691588784,1,569,4,2,2,2,2,0,0,0,0,0.044649532710278945,24,0.05469742990654184,0.006697429906541842,0.048,0.0,0.0
4.040075,71,34231.168581,medium,1.0,4.0,3,704,4,2,2,2,2,0,0,0,0,0.06983644859812965,65,0.11047546728971945,0.010475467289719449,0.1,0.0,0.0
1.85063,90,34262.163271,medium,0.8397196261682243,1.8397196261682243,1,900,4,2,2,2,2,0,0,0,0,0.03273364485981315,48,0.10091004672897197,0.004910046728971973,0.096,0.0,0.0
3.9743,74,34283.421277,medium,1.0,4.0,3,737,4,2,2,2,2,0,0,0,0,0.0,24,0.048,0.0,0.048,0.0,0.0
2.745111,90,34309.7874,medium,0.7303738317757009,2.730373831775701,2,900,4,2,2,2,2,0,0,0,0,0.058247663551400805,48,0.10473714953271013,0.00873714953271012,0.096,0.0,0.0
4.023778,77,34332.195758,medium,1.0,4.0,3,762,4,2,2,2,2,0,0,0,0,0.026518691588785198,48,0.09997780373831779,0.003977803738317779,0.096,0.0,0.0
2.698343,85,34356.647204,medium,0.7107476635514018,2.710747663551402,2,846,4,2,2,2,2,0,0,0,0,0.02796728971962581,34,0.07219509345794388,0.004195093457943871,0.068,0.0,0.0
4.027442,72,34377.48557,medium,1.0,4.0,3,716,4,2,2,2,2,0,0,0,0,0.020280373831775174,48,0.09904205607476628,0.0030420560747662756,0.096,0.0,0.0
2.818601,90,34408.198293,medium,0.9034267912772586,2.9034267912772584,2,900,4,2,2,2,2,0,0,0,0,0.034493769470405077,0,0.005174065420560761,0.005174065420560761,0.0,0.0,0.0
1.61295,61,34425.847193,medium,0.5686137071651091,1.5686137071651092,1,603,4,2,2,2,2,0,0,0,0,0.030911214953270694,58,0.10463668224299061,0.004636682242990604,0.1,0.0,0.0
1.736464,70,34445.889612,medium,0.6997819314641731,1.6997819314641731,1,695,4,2,2,2,2,0,0,0,0,0.04121495327102669,55,0.10618224299065401,0.006182242990654003,0.1,0.0,0.0
3.988964,60,34462.637347,medium,1.0,4.0,3,591,4,2,2,2,2,0,0,0,0,0.06709501557632415,19,0.04806425233644862,0.010064252336448622,0.038,0.0,0.0
1.494397,64,34481.272853,medium,0.5463395638629284,1.5463395638629285,1,635,4,2,2,2,2,0,0,0,0,0.023714953271028228,4,0.011557242990654235,0.003557242990654234,0.008,0.0,0.0
2.757958,63,34499.452288,medium,0.7603582554517134,2.760358255451713,2,624,4,2,2,2,2,0,0,0,0,0.0,30,0.060000000000000005,0.0,0.060000000000000005,0.0,0.0
3.978563,66,34518.728101,medium,1.0,4.0,3,660,4,2,2,2,2,0,0,0,0,0.030420560747663264,20,0.04456308411214949,0.004563084112149489,0.04,0.0,0.0
2.680429,59,34535.612212,medium,0.738006230529595,2.738006230529595,2,590,4,2,2,2,2,0,0,0,0,0.009485981308411098,0,0.0014228971962616645,0.0014228971962616645,0.0,0.0,0.0
4.014233,59,34552.530807,medium,1.0,4.0,3,586,4,2,2,2,2,0,0,0,0,0.032219626168224325,34,0.07283294392523365,0.0048329439252336485,0.068,0.0,0.0
2.969677,87,34582.143505,medium,0.9529595015576324,2.9529595015576326,2,863,4,2,2,2,2,0,0,0,0,0.020116822429906686,95,0.10301752336448601,0.003017523364486003,0.1,0.0,0.0
2.849763,78,34604.852954,medium,0.9162772585669782,2.916277258566978,2,778,4,2,2,2,2,0,0,0,0,0.04857476635513909,2,0.011286214953270864,0.007286214953270864,0.004,0.0,0.0
0.44598,61,34621.979489,medium,0.40552959501557634,0.40552959501557634,0,608,4,2,2,2,2,0,0,0,0,0.008333333333333338,72,0.10125,0.0012500000000000007,0.1,0.0,0.0
2.79593,77,34644.412408,medium,0.820404984423676,2.820404984423676,2,765,4,2,2,2,2,0,0,0,0,0.00016355140186915187,26,0.05202453271028037,2.4532710280372778e-05,0.052,0.0,0.0
1.558674,73,34665.511567,medium,0.5336448598130841,1.533644859813084,1,727,4,2,2,2,2,0,0,0,0,0.011526479750778813,48,0.09772897196261682,0.0017289719626168221,0.096,0.0,0.0
2.835954,90,34691.479142,medium,0.8373052959501558,2.8373052959501557,2,900,4,2,2,2,2,0,0,0,0,0.04432242990654084,41,0.08864836448598114,0.006648364485981124,0.08200000000000002,0.0,0.0
2.875523,90,34721.969,medium,0.9361370716510904,2.9361370716510904,2,900,4,2,2,2,2,0,0,0,0,0.022570093457943422,13,0.029385514018691515,0.003385514018691513,0.026000000000000002,0.0,0.0
2.870521,85,34746.442023,medium,0.8929127725856698,2.89291277258567,2,846,4,2,2,2,2,0,0,0,0,0.01471962616822427,30,0.06220794392523364,0.00220794392523364,0.060000000000000005,0.0,0.0
1.720486,90,34772.413025,medium,0.7144859813084112,1.7144859813084112,1,900,4,2,2,2,2,0,0,0,0,0.0,48,0.096,0.0,0.096,0.0,0.0
2.839102,62,34790.451648,medium,0.8433021806853582,2.8433021806853582,2,615,4,2,2,2,2,0,0,0,0,0.008668224299065459,28,0.05730023364485982,0.001300233644859819,0.056,0.0,0.0
2.947558,90,34816.824933,medium,0.942601246105919,2.942601246105919,2,900,4,2,2,2,2,0,0,0,0,0.006378504672897071,47,0.09495677570093458,0.0009567757009345607,0.09400000000000001,0.0,0.0
0.506758,58,34833.792489,medium,0.4631619937694704,0.4631619937694704,0,579,4,2,2,2,2,0,0,0,0,0.009976635514018744,90,0.10149649532710282,0.0014964953271028117,0.1,0.0,0.0
1.514379,90,34864.719791,medium,0.5015576323987538,1.5015576323987538,1,900,4,2,2,2,2,0,0,0,0,0.018808411214953098,72,0.10282126168224297,0.0028212616822429646,0.1,0.0,0.0
2.831863,69,34884.505494,medium,0.8295171339563863,2.8295171339563865,2,685,4,2,2,2,2,0,0,0,0,0.01897196261682161,34,0.07084579439252325,0.002845794392523242,0.068,0.0,0.0
3.97225,54,34900.185205,medium,1.0,4.0,3,531,4,2,2,2,2,0,0,0,0,0.03566978193146425,10,0.02535046728971964,0.005350467289719637,0.02,0.0,0.0
2.83744,64,34919.246444,medium,0.7975077881619937,2.797507788161994,2,636,4,2,2,2,2,0,0,0,0,0.02355140186915884,72,0.10353271028037384,0.003532710280373826,0.1,0.0,0.0
2.861415,80,34942.424813,medium,0.844392523364486,2.844392523364486,2,791,4,2,2,2,2,0,0,0,0,0.0008177570093458035,48,0.09612266355140187,0.00012266355140187052,0.096,0.0,0.0
2.762117,59,34959.376344,medium,0.744392523364486,2.744392523364486,2,582,4,2,2,2,2,0,0,0,0,0.052827102803737036,34,0.07592406542056056,0.007924065420560556,0.068,0.0,0.0
2.961843,62,34977.440476,medium,0.9572429906542056,2.9572429906542057,2,614,4,2,2,2,2,0,0,0,0,0.0,33,0.066,0.0,0.066,0.0,0.0
1.647413,60,34994.989542,medium,0.6043613707165109,1.6043613707165107,1,595,4,2,2,2,2,0,0,0,0,0.017009345794392648,96,0.1025514018691589,0.0025514018691588968,0.1,0.0,0.0
1.759994,90,35025.281282,medium,0.783676012461059,1.7836760124610591,1,900,4,2,2,2,2,0,0,0,0,0.028785046728971225,31,0.06631775700934568,0.004317757009345684,0.062,0.0,0.0
0.470986,62,35042.795215,medium,0.4355140186915888,0.4355140186915888,0,620,4,2,2,2,2,0,0,0,0,0.009813084112149584,48,0.09747196261682244,0.0014719626168224376,0.096,0.0,0.0
2.799334,60,35060.025107,medium,0.7543613707165109,2.754361370716511,2,591,4,2,2,2,2,0,0,0,0,0.027149532710280443,55,0.10407242990654207,0.004072429906542065,0.1,0.0,0.0
2.773604,61,35077.270138,medium,0.7270249221183801,2.72702492211838,2,610,4,2,2,2,2,0,0,0,0,0.0771962616822412,48,0.10757943925233618,0.011579439252336178,0.096,0.0,0.0
4.032972,59,35094.272207,medium,1.0,4.0,3,581,4,2,2,2,2,0,0,0,0,0.020482866043613716,44,0.09107242990654205,0.0030724299065420574,0.088,0.0,0.0
3.996189,69,35115.051905,medium,1.0,4.0,3,687,4,2,2,2,2,0,0,0,0,0.04592679127725803,29,0.06488901869158871,0.006889018691588703,0.058,0.0,0.0
2.828287,79,35138.157265,medium,0.8092679127725857,2.8092679127725857,2,786,4,2,2,2,2,0,0,0,0,0.010794392523364543,48,0.09761915887850468,0.0016191588785046816,0.096,0.0,0.0
3.981159,70,35158.242135,medium,1.0,4.0,3,697,4,2,2,2,2,0,0,0,0,0.005724299065420565,25,0.05085864485981308,0.0008586448598130848,0.049999999999999996,0.0,0.0
4.032242,70,35183.042005,medium,1.0,4.0,3,695,4,2,2,2,2,0,0,0,0,0.01161214953270978,72,0.10174182242990647,0.0017418224299064668,0.1,0.0,0.0
0.515633,65,35202.172527,medium,0.4834890965732087,0.4834890965732087,0,642,4,2,2,2,2,0,0,0,0,0.0022897196261682223,48,0.09634345794392524,0.0003434579439252333,0.096,0.0,0.0
2.811361,84,35227.023573,medium,0.7975077881619937,2.797507788161994,2,833,4,2,2,2,2,0,0,0,0,0.007686915887850495,48,0.09715303738317757,0.001153037383177574,0.096,0.0,0.0
2.674953,90,35252.980446,medium,0.6577102803738317,2.6577102803738315,2,900,4,2,2,2,2,0,0,0,0,0.048286604361370784,68,0.10724299065420562,0.007242990654205617,0.1,0.0,0.0
1.600931,65,35272.081068,medium,0.5675233644859813,1.5675233644859814,1,648,4,2,2,2,2,0,0,0,0,0.01471962616822377,48,0.09820794392523356,0.0022079439252335655,0.096,0.0,0.0
3.991352,65,35291.089843,medium,1.0,4.0,3,646,4,2,2,2,2,0,0,0,0,0.03968068535825542,25,0.055952102803738316,0.005952102803738312,0.05,0.0,0.0
2.669364,63,35309.756594,medium,0.6429906542056075,2.6429906542056076,2,630,4,2,2,2,2,0,0,0,0,0.009158878504672502,44,0.08937383177570087,0.0013738317757008753,0.088,0.0,0.0
4.001378,68,35334.082718,medium,1.0,4.0,3,673,4,2,2,2,2,0,0,0,0,0.0045171339563862935,34,0.06867757009345794,0.000677570093457944,0.068,0.0,0.0
2.991054,87,35359.397375,medium,0.9813084112149533,2.981308411214953,2,865,4,2,2,2,2,0,0,0,0,0.0016355140186915884,48,0.09624532710280374,0.0002453271028037383,0.096,0.0,0.0
0.289106,58,35376.325498,medium,0.338785046728972,0.338785046728972,0,579,4,2,2,2,2,0,0,0,0,0.001471962616822446,4,0.008220794392523366,0.0002207943925233669,0.008,0.0,0.0
1.581409,65,35395.080708,medium,0.5526479750778817,1.5526479750778817,1,646,4,2,2,2,2,0,0,0,0,0.022406542056074282,45,0.09336098130841114,0.0033609813084111433,0.09,0.0,0.0
3.020858,76,35417.705605,medium,0.9966510903426792,2.996651090342679,2,752,4,2,2,2,2,0,0,0,0,0.04937694704049851,46,0.09940654205607477,0.007406542056074776,0.092,0.0,0.0
4.043427,65,35436.359721,medium,1.0,4.0,3,644,4,2,2,2,2,0,0,0,0,0.052180685358255575,76,0.10782710280373835,0.007827102803738337,0.1,0.0,0.0
2.851183,64,35455.009564,medium,0.8100467289719626,2.8100467289719626,2,637,4,2,2,2,2,0,0,0,0,0.03224299065420567,72,0.10483644859813085,0.0048364485981308505,0.1,0.0,0.0
1.649198,63,35477.806363,medium,0.6154984423676012,1.6154984423676013,1,623,4,2,2,2,2,0,0,0,0,0.0,48,0.096,0.0,0.096,0.0,0.0
3.976897,78,35500.273576,medium,1.0,4.0,3,780,4,2,2,2,2,0,0,0,0,0.045981308411214915,24,0.05489719626168224,0.006897196261682237,0.048,0.0,0.0
4.039197,67,35520.080986,medium,1.0,4.0,3,662,4,2,2,2,2,0,0,0,0,0.03598130841121478,84,0.10539719626168222,0.005397196261682217,0.1,0.0,0.0
4.01141,68,35539.590082,medium,1.0,4.0,3,679,4,2,2,2,2,0,0,0,0,0.062063862928347716,35,0.07930957943925217,0.009309579439252157,0.07,0.0,0.0
1.667362,67,35559.371117,medium,0.6672118380062305,1.6672118380062306,1,666,4,2,2,2,2,0,0,0,0,0.03166666666666686,31,0.06675000000000003,0.0047500000000000285,0.062000000000000006,0.0,0.0
2.94397,90,35585.569933,medium,0.9611370716510903,2.9611370716510903,2,900,4,2,2,2,2,0,0,0,0,0.03221962616822446,34,0.07283294392523368,0.004832943925233669,0.068,0.0,0.0
2.972213,80,35609.179212,medium,0.9447819314641744,2.9447819314641746,2,796,4,2,2,2,2,0,0,0,0,0.046876947040497954,50,0.10703154205607468,0.0070315420560746935,0.09999999999999999,0.0,0.0
2.812335,66,35632.648466,medium,0.7801401869158878,2.780140186915888,2,654,4,2,2,2,2,0,0,0,0,0.010630841121495385,48,0.09759462616822431,0.0015946261682243076,0.096,0.0,0.0
1.748111,71,35653.443117,medium,0.7153426791277259,1.7153426791277258,1,702,4,2,2,2,2,0,0,0,0,0.01978971962616812,82,0.10296845794392523,0.0029684579439252182,0.1,0.0,0.0
2.855825,86,35678.833636,medium,0.8411214953271028,2.8411214953271027,2,857,4,2,2,2,2,0,0,0,0,0.029353582554516013,48,0.10040303738317741,0.004403037383177402,0.096,0.0,0.0
2.8102,79,35702.185811,medium,0.7864485981308411,2.786448598130841,2,788,4,2,2,2,2,0,0,0,0,0.017009345794392026,58,0.10255140186915881,0.002551401869158804,0.1,0.0,0.0
1.648045,62,35720.696184,medium,0.6417445482866043,1.6417445482866042,1,617,4,2,2,2,2,0,0,0,0,0.0,34,0.068,0.0,0.068,0.0,0.0
2.798204,66,35740.02444,medium,0.8569314641744549,2.8569314641744548,2,656,4,2,2,2,2,0,0,0,0,0.04581775700934595,0,0.006872663551401893,0.006872663551401893,0.0,0.0,0.0
1.729633,74,35761.518975,medium,0.7040498442367601,1.70404984423676,1,737,4,2,2,2,2,0,0,0,0,0.021884735202492234,48,0.09928271028037383,0.0032827102803738343,0.096,0.0,0.0
0.387763,55,35777.910739,medium,0.33976635514018694,0.33976635514018694,0,548,4,2,2,2,2,0,0,0,0,0.018644859813084197,51,0.10279672897196264,0.0027967289719626294,0.1,0.0,0.0
4.046237,63,35801.061395,medium,1.0,4.0,3,623,4,2,2,2,2,0,0,0,0,0.05691588785046667,68,0.10853738317757,0.00853738317757,0.1,0.0,0.0
4.010071,77,35823.569169,medium,1.0,4.0,3,761,4,2,2,2,2,0,0,0,0,0.02780373831775681,41,0.08617056074766352,0.004170560747663522,0.082,0.0,0.0
1.576275,59,35840.489526,medium,0.5327725856697815,1.5327725856697816,1,590,4,2,2,2,2,0,0,0,0,0.016682242990653816,72,0.10250233644859807,0.0025023364485980727,0.1,0.0,0.0
4.019664,73,35862.30941,medium,1.0,4.0,3,726,4,2,2,2,2,0,0,0,0,0.02842679127725863,44,0.0922640186915888,0.0042640186915887945,0.08800000000000001,0.0,0.0
4.0374,63,35880.86419,medium,1.0,4.0,3,626,4,2,2,2,2,0,0,0,0,0.0,72,0.1,0.0,0.1,0.0,0.0
2.845296,64,35899.635507,medium,0.831386292834891,2.8313862928348907,2,635,4,2,2,2,2,0,0,0,0,0.02273364485981308,37,0.07741004672897198,0.0034100467289719617,0.07400000000000001,0.0,0.0
4.039971,66,35919.37066,medium,1.0,4.0,3,654,4,2,2,2,2,0,0,0,0,0.06247663551401794,48,0.10537149532710269,0.009371495327102691,0.096,0.0,0.0
2.872678,82,35948.036675,medium,0.8836448598130842,2.883644859813084,2,818,4,2,2,2,2,0,0,0,0,0.03221962616822391,33,0.0708329439252336,0.004832943925233587,0.066,0.0,0.0
4.057692,47,35961.926455,medium,1.0,4.0,3,466,4,2,2,2,2,0,0,0,0,0.05528037383177431,48,0.10429205607476615,0.008292056074766145,0.096,0.0,0.0
1.663289,67,35981.426526,medium,0.6915887850467289,1.6915887850467288,1,669,4,2,2,2,2,0,0,0,0,0.01733644859813097,18,0.03860046728971965,0.0026004672897196454,0.036000000000000004,0.0,0.0
3.990587,81,36004.591329,medium,1.0,4.0,3,807,4,2,2,2,2,0,0,0,0,0.021915887850467112,34,0.07128738317757007,0.0032873831775700668,0.068,0.0,0.0
3.98454,64,36023.410642,medium,1.0,4.0,3,633,4,2,2,2,2,0,0,0,0,0.012266355140186988,23,0.047839953271028045,0.0018399532710280484,0.046,0.0,0.0
2.85335,88,36050.019804,medium,0.8356697819314641,2.8356697819314642,2,873,4,2,2,2,2,0,0,0,0,0.03320093457943929,73,0.1049801401869159,0.004980140186915893,0.1,0.0,0.0
3.916745,52,36064.857933,medium,1.0,4.0,3,515,2,1,1,1,1,0,0,0,2,0.0016355140186915884,14,-0.03175467289719626,0.0002453271028037383,0.028,0.0,0.06
1.545343,66,36084.284976,medium,0.5102803738317757,1.5102803738317756,1,656,4,2,2,2,2,0,0,0,0,0.004415887850467338,71,0.1006623831775701,0.0006623831775701008,0.1,0.0,0.0
2.927572,86,36113.994689,medium,0.9376947040498442,2.9376947040498442,2,859,4,2,2,2,2,0,0,0,0,0.05184579439252199,34,0.0757768691588783,0.007776869158878298,0.068,0.0,0.0
3.952322,56,36130.392979,medium,1.0,4.0,3,557,4,2,2,2,2,0,0,0,0,0.053481308411213645,0,0.008022196261682046,0.008022196261682046,0.0,0.0,0.0
0.48739,63,36148.76742,medium,0.4538940809968847,0.4538940809968847,0,627,4,2,2,2,2,0,0,0,0,0.0013084112149532854,48,0.09619626168224299,0.0001962616822429928,0.096,0.0,0.0
2.9222,90,36174.404053,medium,0.9099688473520249,2.909968847352025,2,900,4,2,2,2,2,0,0,0,0,0.04154205607476594,48,0.10223130841121489,0.006231308411214891,0.096,0.0,0.0
3.97555,51,36189.027786,medium,1.0,4.0,3,503,3,2,1,2,1,0,0,0,1,0.05233644859813106,24,0.02585046728971966,0.00785046728971966,0.048,0.0,0.03
3.9929,72,36209.766444,medium,1.0,4.0,3,711,4,2,2,2,2,0,0,0,0,0.0,32,0.064,0.0,0.064,0.0,0.0
2.789262,62,36227.695306,medium,0.7487538940809969,2.748753894080997,2,617,4,2,2,2,2,0,0,0,0,0.014719626168223664,58,0.10220794392523355,0.0022079439252335495,0.1,0.0,0.0
1.624991,62,36250.378295,medium,0.582795950155762,1.582795950155762,1,620,4,2,2,2,2,0,0,0,0,0.027967289719624963,62,0.10419509345794375,0.004195093457943743,0.1,0.0,0.0
4.026739,82,36274.521619,medium,1.0,4.0,3,811,4,2,2,2,2,0,0,0,0,0.05225856697819324,52,0.10783878504672899,0.007838785046728988,0.1,0.0,0.0
1.711458,66,36293.806746,medium,0.7039719626168224,1.7039719626168224,1,652,4,2,2,2,2,0,0,0,0,0.03123831775700899,34,0.07268574766355135,0.004685747663551348,0.068,0.0,0.0
3.992597,67,36313.373361,medium,1.0,4.0,3,661,4,2,2,2,2,0,0,0,0,0.04464953271027945,26,0.05869742990654191,0.0066974299065419175,0.052,0.0,0.0
2.918071,90,36339.032414,medium,0.9,2.9,2,900,4,2,2,2,2,0,0,0,0,0.05380841121495194,72,0.10807126168224279,0.008071261682242791,0.1,0.0,0.0
2.84981,90,36365.015487,medium,0.8302180685358256,2.8302180685358254,2,900,4,2,2,2,2,0,0,0,0,0.06394859813084007,96,0.10959228971962602,0.00959228971962601,0.1,0.0,0.0
3.979227,66,36385.054343,medium,1.0,4.0,3,653,4,2,2,2,2,0,0,0,0,0.05684579439252346,18,0.04452686915887852,0.008526869158878517,0.036000000000000004,0.0,0.0
3.978585,68,36409.43323,medium,1.0,4.0,3,675,4,2,2,2,2,0,0,0,0,0.013901869158878595,22,0.046085280373831784,0.002085280373831789,0.044,0.0,0.0
3.977884,68,36429.514534,medium,1.0,4.0,3,675,4,2,2,2,2,0,0,0,0,0.0492289719626157,19,0.045384345794392364,0.007384345794392355,0.038000000000000006,0.0,0.0
2.784642,90,36455.832946,medium,0.773208722741433,2.7732087227414333,2,900,4,2,2,2,2,0,0,0,0,0.04955607476635414,47,0.10143341121495313,0.0074334112149531196,0.094,0.0,0.0
1.686902,67,36476.116283,medium,0.685202492211838,1.685202492211838,1,663,4,2,2,2,2,0,0,0,0,0.0,34,0.068,0.0,0.068,0.0,0.0
4.016914,65,36495.246355,medium,1.0,4.0,3,650,4,2,2,2,2,0,0,0,0,0.0927570093457934,34,0.08191355140186901,0.01391355140186901,0.068,0.0,0.0
2.81932,88,36521.308999,medium,0.9034267912772586,2.9034267912772584,2,879,4,2,2,2,2,0,0,0,0,0.025288161993768994,0,0.0037932242990653493,0.0037932242990653493,0.0,0.0,0.0
2.582986,74,36543.157601,medium,0.5605919003115265,2.5605919003115263,2,739,4,2,2,2,2,0,0,0,0,0.001962616822429928,48,0.0962943925233645,0.0002943925233644892,0.096,0.0,0.0
3.966537,67,36567.558535,medium,1.0,4.0,3,667,4,2,2,2,2,0,0,0,0,0.04824766355140048,13,0.03323714953271008,0.007237149532710072,0.026000000000000002,0.0,0.0
4.005186,82,36591.336555,medium,1.0,4.0,3,815,4,2,2,2,2,0,0,0,0,0.031238317757009405,41,0.08668574766355143,0.0046857476635514105,0.08200000000000002,0.0,0.0
3.003459,76,36614.058068,medium,0.9938473520249221,2.9938473520249222,2,751,4,2,2,2,2,0,0,0,0,0.004742990654205601,42,0.08471144859813085,0.0007114485981308402,0.084,0.0,0.0
3.896647,55,36630.586617,medium,1.0,4.0,3,542,2,2,0,2,0,0,0,0,2,0.0723130841121489,0,-0.04915303738317767,0.010846962616822334,0.0,0.0,0.06
3.934421,68,36650.392519,medium,1.0,4.0,3,671,4,2,2,2,2,0,0,0,0,0.010140186915887764,0,0.0015210280373831645,0.0015210280373831645,0.0,0.0,0.0
3.985566,65,36669.674902,medium,1.0,4.0,3,642,4,2,2,2,2,0,0,0,0,0.01177570093457894,24,0.04976635514018684,0.0017663551401868411,0.048,0.0,0.0
4.001443,55,36685.983872,medium,1.0,4.0,3,549,4,2,2,2,2,0,0,0,0,0.0022897196261682223,28,0.056343457943925236,0.0003434579439252333,0.056,0.0,0.0
3.996808,69,36705.790169,medium,1.0,4.0,3,681,4,2,2,2,2,0,0,0,0,0.006051401869158887,32,0.06490771028037383,0.000907710280373833,0.064,0.0,0.0
3.956886,59,36727.79385,medium,1.0,4.0,3,585,4,2,2,2,2,0,0,0,0,0.02257009345794392,6,0.015385514018691588,0.0033855140186915874,0.012,0.0,0.0
2.917324,90,36754.386152,medium,0.9376947040498442,2.9376947040498442,2,900,4,2,2,2,2,0,0,0,0,0.050864485981307224,31,0.06962967289719608,0.007629672897196084,0.062,0.0,0.0
3.995533,63,36772.683171,medium,1.0,4.0,3,626,4,2,2,2,2,0,0,0,0,0.04088785046728882,26,0.05813317757009332,0.006133177570093324,0.052,0.0,0.0
2.851225,83,36796.785033,medium,0.8580218068535825,2.8580218068535825,2,825,4,2,2,2,2,0,0,0,0,0.05135514018691467,34,0.0757032710280372,0.0077032710280372,0.068,0.0,0.0
1.699104,71,36818.170819,medium,0.678816199376947,1.678816199376947,1,710,4,2,2,2,2,0,0,0,0,0.021915887850467008,44,0.09128738317757006,0.0032873831775700507,0.08800000000000001,0.0,0.0
0.441597,66,36837.472891,medium,0.4211760124610592,0.4211760124610592,0,658,4,2,2,2,2,0,0,0,0,0.0014719626168223665,43,0.08622079439252335,0.00022079439252335498,0.086,0.0,0.0
4.011925,60,36855.393204,medium,1.0,4.0,3,600,4,2,2,2,2,0,0,0,0,0.02616822429906539,34,0.07192523364485981,0.003925233644859808,0.068,0.0,0.0
0.439407,65,36878.69701,medium,0.42180685358255454,0.42180685358255454,0,644,4,2,2,2,2,0,0,0,0,0.0,41,0.08200000000000002,0.0,0.08200000000000002,0.0,0.0
2.766206,66,36898.405929,medium,0.7975077881619937,2.797507788161994,2,660,4,2,2,2,2,0,0,0,0,0.017990654205607595,16,0.03469859813084114,0.0026985981308411395,0.032,0.0,0.0
2.757524,75,36920.641947,medium,0.821417445482866,2.821417445482866,2,741,4,2,2,2,2,0,0,0,0,0.041378504672896284,2,0.010206775700934442,0.006206775700934442,0.004,0.0,0.0
2.649594,61,36938.731831,medium,0.7036604361370716,2.7036604361370715,2,602,4,2,2,2,2,0,0,0,0,0.04088785046728852,0,0.0061331775700932765,0.0061331775700932765,0.0,0.0,0.0
2.906947,70,36959.750406,medium,0.8661993769470405,2.8661993769470406,2,694,4,2,2,2,2,0,0,0,0,0.06764797507788037,50,0.11014719626168205,0.010147196261682053,0.1,0.0,0.0
2.772887,73,36981.040305,medium,0.753816199376947,2.753816199376947,2,730,4,2,2,2,2,0,0,0,0,0.05380841121495194,42,0.0920712616822428,0.00807126168224279,0.08400000000000002,0.0,0.0
2.703691,90,37008.1602,medium,0.6954828660436138,2.695482866043614,2,900,4,2,2,2,2,0,0,0,0,0.0147196261682244,48,0.09820794392523366,0.0022079439252336596,0.096,0.0,0.0
4.045309,61,37030.321704,medium,1.0,4.0,3,607,4,2,2,2,2,0,0,0,0,0.06672897196261555,48,0.10600934579439233,0.010009345794392333,0.096,0.0,0.0
2.813634,90,37056.834245,medium,0.8498442367601247,2.8498442367601244,2,900,4,2,2,2,2,0,0,0,0,0.03859813084112157,24,0.053789719626168235,0.005789719626168236,0.048,0.0,0.0
3.986539,58,37074.015466,medium,1.0,4.0,3,580,4,2,2,2,2,0,0,0,0,0.0302570093457944,20,0.04453855140186916,0.00453855140186916,0.04,0.0,0.0
2.956921,70,37094.872258,medium,0.9726635514018691,2.972663551401869,2,699,4,2,2,2,2,0,0,0,0,0.041051401869158045,24,0.05415771028037371,0.006157710280373706,0.048,0.0,0.0
4.028735,81,37119.240497,medium,1.0,4.0,3,801,4,2,2,2,2,0,0,0,0,0.058901869158878344,96,0.10883528037383175,0.008835280373831751,0.1,0.0,0.0
2.848372,66,37139.084722,medium,0.8126947040498442,2.8126947040498442,2,660,4,2,2,2,2,0,0,0,0,0.03785046728971975,48,0.10167757009345796,0.005677570093457962,0.096,0.0,0.0
3.999809,55,37155.564553,medium,1.0,4.0,3,543,4,2,2,2,2,0,0,0,0,0.04072429906541953,24,0.05410864485981293,0.006108644859812929,0.048,0.0,0.0
4.039484,60,37173.532174,medium,1.0,4.0,3,596,4,2,2,2,2,0,0,0,0,0.0338940809968844,47,0.09908411214953267,0.0050841121495326606,0.094,0.0,0.0
2.699825,90,37204.509063,medium,0.6876168224299065,2.6876168224299066,2,900,4,2,2,2,2,0,0,0,0,0.014719626168224247,93,0.10220794392523365,0.002207943925233637,0.1,0.0,0.0
2.728539,90,37230.713275,medium,0.770171339563863,2.7701713395638627,2,900,4,2,2,2,2,0,0,0,0,0.0024532710280373805,24,0.048367990654205606,0.00036799065420560706,0.048,0.0,0.0
2.768009,64,37249.815866,medium,0.7320093457943925,2.7320093457943924,2,640,4,2,2,2,2,0,0,0,0,0.0,58,0.1,0.0,0.1,0.0,0.0
4.002185,65,37268.846931,medium,1.0,4.0,3,646,4,2,2,2,2,0,0,0,0,0.005233644859813142,33,0.06678504672897198,0.0007850467289719713,0.066,0.0,0.0
2.819398,90,37295.472829,medium,0.803816199376947,2.8038161993769473,2,893,4,2,2,2,2,0,0,0,0,0.03254672897196121,64,0.10488200934579418,0.004882009345794181,0.1,0.0,0.0
0.386933,60,37313.09288,medium,0.3584890965732087,0.3584890965732087,0,599,4,2,2,2,2,0,0,0,0,0.002289719626168249,44,0.08834345794392524,0.00034345794392523737,0.08800000000000001,0.0,0.0
1.393393,90,37344.670009,medium,0.37772585669781933,1.3777258566978192,1,900,4,2,2,2,2,0,0,0,0,0.03778037383177507,60,0.10566705607476627,0.00566705607476626,0.1,0.0,0.0
2.794958,75,37366.386987,medium,0.7679127725856698,2.76791277258567,2,745,4,2,2,2,2,0,0,0,0,0.010303738317757122,72,0.10154556074766358,0.0015455607476635683,0.1,0.0,0.0
2.668013,73,37387.498475,medium,0.6435358255451713,2.6435358255451713,2,727,4,2,2,2,2,0,0,0,0,0.007850467289719712,48,0.09717757009345795,0.0011775700934579568,0.096,0.0,0.0
4.042755,57,37404.390109,medium,1.0,4.0,3,569,4,2,2,2,2,0,0,0,0,0.024369158878504632,48,0.0996553738317757,0.0036553738317756943,0.096,0.0,0.0
4.018582,80,37427.561702,medium,1.0,4.0,3,796,4,2,2,2,2,0,0,0,0,0.027881619937694765,47,0.09818224299065421,0.004182242990654215,0.094,0.0,0.0
2.697501,70,37448.254215,medium,0.7009345794392523,2.7009345794392523,2,692,4,2,2,2,2,0,0,0,0,0.011775700934579416,32,0.06576635514018692,0.0017663551401869123,0.064,0.0,0.0
3.9953,73,37469.707638,medium,1.0,4.0,3,727,4,2,2,2,2,0,0,0,0,0.0,34,0.068,0.0,0.068,0.0,0.0
2.854912,87,37499.653634,medium,0.8411214953271028,2.8411214953271027,2,867,4,2,2,2,2,0,0,0,0,0.0032710280373830364,65,0.10049065420560746,0.0004906542056074554,0.1,0.0,0.0
2.940285,90,37525.678162,medium,0.9442367601246106,2.9442367601246104,2,900,4,2,2,2,2,0,0,0,0,0.02698598130841021,41,0.08604789719626155,0.004047897196261531,0.08200000000000002,0.0,0.0
2.766634,73,37546.775831,medium,0.7356697819314642,2.735669781931464,2,728,4,2,2,2,2,0,0,0,0,0.0650934579439244,47,0.10376401869158867,0.009764018691588659,0.09400000000000001,0.0,0.0
0.297326,61,37564.216557,medium,0.3115264797507788,0.3115264797507788,0,602,4,2,2,2,2,0,0,0,0,0.0,23,0.046000000000000006,0.0,0.046000000000000006,0.0,0.0
2.679843,90,37590.596831,medium,0.7009345794392523,2.7009345794392523,2,900,4,2,2,2,2,0,0,0,0,0.04605919003115234,31,0.06890887850467285,0.00690887850467285,0.062000000000000006,0.0,0.0
2.863759,86,37614.985267,medium,0.8520249221183801,2.85202492211838,2,851,4,2,2,2,2,0,0,0,0,0.005560747663551404,48,0.09683411214953272,0.0008341121495327107,0.096,0.0,0.0
