#{"t_start": 1778956384.774114, "env_id": "None"}
r,l,t,profile,damage_pct,score,stars,ticks_elapsed
1.560399,72,22.614771,medium,0.632398753894081,1.632398753894081,1,720
2.774963,72,47.060531,medium,0.8469626168224299,2.84696261682243,2,720
0.376652,54,65.360272,medium,0.43045171339563865,0.43045171339563865,0,538
0.397343,60,86.326151,medium,0.4572429906542056,0.4572429906542056,0,599
0.405136,56,105.220905,medium,0.4604361370716511,0.4604361370716511,0,553
0.27543,72,129.095144,medium,0.3474299065420561,0.3474299065420561,0,720
0.394765,63,150.491213,medium,0.45716510903426794,0.45716510903426794,0,624
1.531814,62,171.393497,medium,0.5936137071651091,1.593613707165109,1,618
2.665526,71,197.103538,medium,0.7358255451713396,2.7358255451713394,2,703
1.546359,56,215.043372,medium,0.6022585669781931,1.6022585669781932,1,559
2.876442,72,238.671442,medium,0.9484423676012461,2.9484423676012463,2,720
0.36918,58,258.091124,medium,0.4264797507788162,0.4264797507788162,0,573
2.665437,63,278.650656,medium,0.72803738317757,2.72803738317757,2,626
2.640227,72,303.059441,medium,0.7122274143302181,2.712227414330218,2,720
2.77247,72,327.482193,medium,0.8444704049844237,2.8444704049844236,2,720
1.591063,65,352.09177,medium,0.6557632398753894,1.6557632398753894,1,647
3.9308,70,375.800036,medium,1.0,4.0,3,692
2.643093,69,399.438748,medium,0.7112928348909657,2.7112928348909655,2,682
0.336283,68,421.360695,medium,0.4042834890965732,0.4042834890965732,0,680
1.438773,66,443.984969,medium,0.5046728971962616,1.5046728971962615,1,659
0.384386,72,467.880306,medium,0.45638629283489096,0.45638629283489096,0,720
0.392105,62,489.420276,medium,0.45350467289719626,0.45350467289719626,0,614
0.171483,58,508.346242,medium,0.22858255451713397,0.22858255451713397,0,571
2.916396,72,534.907952,medium,0.9883956386292835,2.9883956386292834,2,720
0.379324,72,559.477492,medium,0.4513239875389408,0.4513239875389408,0,720
0.316474,72,584.504894,medium,0.38847352024922116,0.38847352024922116,0,720
0.369987,63,605.811224,medium,0.4320872274143302,0.4320872274143302,0,621
2.635927,60,626.191227,medium,0.6953271028037383,2.695327102803738,2,594
0.359257,59,645.536091,medium,0.4177570093457944,0.4177570093457944,0,585
2.514059,72,670.741356,medium,0.5860591900311527,2.5860591900311527,2,720
0.405715,64,692.848301,medium,0.4693146417445483,0.4693146417445483,0,636
1.234333,58,715.542842,medium,0.2914330218068536,1.2914330218068537,1,571
2.536567,72,739.163738,medium,0.6085669781931464,2.6085669781931466,2,720
2.664345,70,762.397171,medium,0.7336448598130841,2.7336448598130842,2,693
0.408843,66,784.212433,medium,0.47414330218068534,0.47414330218068534,0,653
0.365746,61,804.185858,medium,0.42624610591900314,0.42624610591900314,0,605
2.647159,72,828.549789,medium,0.7191588785046729,2.7191588785046727,2,720
2.645138,67,850.505333,medium,0.7118380062305296,2.7118380062305296,2,667
0.416599,66,874.563122,medium,0.482398753894081,0.482398753894081,0,658
2.69887,71,899.37902,medium,0.7694704049844237,2.769470404984424,2,706
0.402492,59,919.960987,medium,0.46059190031152647,0.46059190031152647,0,581
2.563436,72,944.613872,medium,0.6354361370716511,2.6354361370716513,2,720
2.511663,70,966.295195,medium,0.5807632398753894,2.5807632398753895,2,691
2.896679,63,986.234537,medium,0.9588785046728971,2.958878504672897,2,622
1.723405,72,1010.110726,medium,0.795404984423676,1.795404984423676,1,720
2.640666,68,1032.829242,medium,0.7078660436137072,2.7078660436137074,2,672
2.641863,72,1059.03571,medium,0.7138629283489096,2.7138629283489095,2,720
1.455866,61,1079.171341,medium,0.5159657320872274,1.5159657320872273,1,601
2.616707,72,1103.696126,medium,0.6887071651090343,2.6887071651090344,2,720
0.366284,64,1126.562274,medium,0.4299844236760125,0.4299844236760125,0,637
2.756698,67,1148.517023,medium,0.8235981308411215,2.8235981308411215,2,669
2.64704,59,1168.079453,medium,0.7051401869158879,2.7051401869158878,2,581
1.527065,64,1190.256599,medium,0.5902647975077882,1.5902647975077882,1,632
1.396672,58,1210.310166,medium,0.45397196261682243,1.4539719626168224,1,573
2.547081,72,1236.641624,medium,0.6190809968847352,2.619080996884735,2,720
2.551832,72,1260.978124,medium,0.6238317757009346,2.6238317757009346,2,720
2.75448,72,1285.877769,medium,0.8264797507788162,2.826479750778816,2,720
0.363658,55,1303.805285,medium,0.41845794392523367,0.41845794392523367,0,548
0.423483,72,1328.47788,medium,0.4954828660436137,0.4954828660436137,0,720
2.663748,72,1352.630152,medium,0.7357476635514019,2.7357476635514018,2,720
0.294507,62,1374.241809,medium,0.355607476635514,0.355607476635514,0,611
2.826287,72,1400.812284,medium,0.8982866043613708,2.898286604361371,2,720
0.283685,72,1425.405823,medium,0.3556853582554517,0.3556853582554517,0,720
2.792408,72,1450.49894,medium,0.8644080996884735,2.8644080996884735,2,720
0.165994,55,1469.812351,medium,0.2207943925233645,0.2207943925233645,0,548
0.258345,60,1490.548532,medium,0.3174454828660436,0.3174454828660436,0,591
0.244852,70,1513.706976,medium,0.3142523364485981,0.3142523364485981,0,694
0.316863,72,1538.119946,medium,0.3888629283489097,0.3888629283489097,0,720
2.761956,72,1561.810521,medium,0.8339563862928349,2.8339563862928348,2,720
2.715617,72,1587.632382,medium,0.7876168224299065,2.7876168224299063,2,720
0.225134,59,1607.673454,medium,0.2840342679127726,0.2840342679127726,0,589
2.724974,65,1629.578186,medium,0.7891744548286604,2.7891744548286606,2,642
0.410555,72,1654.618122,medium,0.48255451713395636,0.48255451713395636,0,720
2.648469,70,1678.647758,medium,0.7180685358255452,2.7180685358255454,2,696
3.9345,66,1701.359225,medium,1.0,4.0,3,655
0.32395,72,1725.985814,medium,0.3959501557632399,0.3959501557632399,0,720
0.437163,60,1749.2986,medium,0.4969626168224299,0.4969626168224299,0,598
1.457128,72,1774.416855,medium,0.5291277258566979,1.5291277258566978,1,720
0.380175,60,1795.123272,medium,0.43987538940809967,0.43987538940809967,0,597
0.390773,72,1819.94032,medium,0.4627725856697819,0.4627725856697819,0,720
2.569111,65,1841.868227,medium,0.633411214953271,2.633411214953271,2,643
0.378911,63,1862.644598,medium,0.4415109034267913,0.4415109034267913,0,626
0.332335,61,1883.89318,medium,0.3928348909657321,0.3928348909657321,0,605
2.552377,72,1909.137013,medium,0.6243769470404984,2.6243769470404983,2,720
3.9335,67,1933.68494,medium,1.0,4.0,3,665
1.55427,66,1955.692742,medium,0.6194704049844236,1.6194704049844235,1,652
0.330318,67,1978.285977,medium,0.3971183800623053,0.3971183800623053,0,668
1.60409,72,2003.772153,medium,0.6760903426791277,1.6760903426791276,1,720
0.380178,62,2024.550765,medium,0.44197819314641745,0.44197819314641745,0,618
2.846255,71,2048.163845,medium,0.9163551401869159,2.9163551401869157,2,701
0.336567,72,2073.41918,medium,0.4085669781931464,0.4085669781931464,0,720
1.673405,72,2097.474234,medium,0.745404984423676,1.745404984423676,1,720
2.817642,72,2122.438255,medium,0.8896417445482866,2.8896417445482867,2,720
1.498523,61,2142.723065,medium,0.5587227414330218,1.5587227414330218,1,602
2.707984,72,2166.213478,medium,0.7799844236760125,2.7799844236760123,2,720
0.240456,69,2189.55824,medium,0.3089563862928349,0.3089563862928349,0,685
1.436489,72,2213.84368,medium,0.5084890965732087,1.5084890965732087,1,720
0.352832,63,2236.27552,medium,0.41573208722741434,0.41573208722741434,0,629
0.340277,60,2257.026766,medium,0.3993769470404984,0.3993769470404984,0,591
1.492885,63,2281.392262,medium,0.5556853582554517,1.5556853582554517,1,628
2.660477,72,2306.253172,medium,0.7324766355140186,2.7324766355140184,2,720
0.275458,60,2327.047188,medium,0.3353582554517134,0.3353582554517134,0,599
2.911489,72,2351.354155,medium,0.9834890965732087,2.9834890965732086,2,720
0.245011,64,2372.987452,medium,0.308411214953271,0.308411214953271,0,634
0.395054,54,2391.437027,medium,0.44875389408099686,0.44875389408099686,0,537
1.650586,72,2416.475791,medium,0.7225856697819315,1.7225856697819315,1,720
2.54124,64,2438.530729,medium,0.6051401869158879,2.6051401869158877,2,639
2.67791,71,2464.92563,medium,0.7489096573208722,2.7489096573208722,2,710
2.55596,72,2489.53518,medium,0.6279595015576324,2.6279595015576325,2,720
2.545486,61,2510.78819,medium,0.606386292834891,2.606386292834891,2,609
1.44236,70,2535.306731,medium,0.511760124610592,1.5117601246105918,1,694
0.338903,72,2559.696745,medium,0.4109034267912773,0.4109034267912773,0,720
0.313334,54,2578.33045,medium,0.3671339563862928,0.3671339563862928,0,538
0.293811,65,2601.877959,medium,0.35841121495327105,0.35841121495327105,0,646
1.461801,72,2626.559313,medium,0.5338006230529595,1.5338006230529595,1,720
2.517642,72,2653.164743,medium,0.5896417445482866,2.5896417445482864,2,720
1.536179,65,2675.383636,medium,0.6007788161993769,1.600778816199377,1,646
2.889604,72,2699.246659,medium,0.9616043613707165,2.9616043613707164,2,720
1.485632,72,2723.571044,medium,0.557632398753894,1.557632398753894,1,720
0.427844,72,2749.376234,medium,0.4998442367601246,0.4998442367601246,0,720
2.58462,72,2775.249659,medium,0.6566199376947041,2.656619937694704,2,720
2.625508,72,2801.105024,medium,0.6975077881619938,2.6975077881619938,2,720
1.684308,72,2827.360162,medium,0.7563084112149533,1.7563084112149534,1,720
2.718888,72,2852.711576,medium,0.7908878504672897,2.7908878504672896,2,720
2.813358,72,2876.918965,medium,0.8853582554517134,2.885358255451713,2,720
1.590695,72,2901.263205,medium,0.6626947040498442,1.6626947040498443,1,720
2.678328,68,2925.376429,medium,0.7460280373831776,2.7460280373831774,2,677
2.573479,62,2946.445314,medium,0.6345794392523364,2.6345794392523363,2,611
2.526503,68,2969.772394,medium,0.5940031152647975,2.5940031152647975,2,675
1.554216,66,2994.61167,medium,0.6200155763239875,1.6200155763239876,1,658
0.423563,58,3014.859633,medium,0.4807632398753894,0.4807632398753894,0,572
1.538734,71,3039.575303,medium,0.6090342679127726,1.6090342679127727,1,703
1.538397,60,3060.919654,medium,0.5978971962616823,1.5978971962616821,1,595
2.892127,71,3085.906455,medium,0.9622274143302181,2.962227414330218,2,701
2.561199,55,3105.336241,medium,0.6161993769470405,2.6161993769470406,2,550
1.427377,72,3130.47918,medium,0.49937694704049845,1.4993769470404985,1,720
1.478174,61,3151.996155,medium,0.5384735202492212,1.5384735202492212,1,603
0.388748,72,3178.667827,medium,0.46074766355140184,0.46074766355140184,0,720
1.438202,72,3204.066906,medium,0.510202492211838,1.510202492211838,1,720
1.481816,72,3228.446082,medium,0.553816199376947,1.553816199376947,1,720
2.609698,72,3252.652164,medium,0.6816978193146418,2.6816978193146417,2,720
2.851988,72,3278.186965,medium,0.92398753894081,2.92398753894081,2,720
0.322293,56,3297.314941,medium,0.3781931464174455,0.3781931464174455,0,559
0.416551,72,3322.18776,medium,0.48855140186915885,0.48855140186915885,0,720
2.454443,61,3343.105381,medium,0.5153426791277259,2.515342679127726,2,609
2.526193,69,3368.73115,medium,0.594392523364486,2.594392523364486,2,682
0.299195,56,3388.419567,medium,0.354595015576324,0.354595015576324,0,554
2.708813,68,3411.438694,medium,0.7767133956386293,2.7767133956386294,2,679
1.601053,72,3435.198946,medium,0.6730529595015576,1.6730529595015575,1,720
0.435486,63,3457.26485,medium,0.49758566978193147,0.49758566978193147,0,621
1.492923,58,3477.024471,medium,0.5506230529595015,1.5506230529595015,1,577
2.914211,70,3501.495869,medium,0.983411214953271,2.983411214953271,2,692
1.488812,63,3522.504758,medium,0.55101246105919,1.55101246105919,1,622
2.765514,62,3545.884074,medium,0.8274143302180685,2.8274143302180685,2,619
0.250586,72,3570.723961,medium,0.3225856697819315,0.3225856697819315,0,720
2.771925,72,3595.091289,medium,0.8439252336448598,2.84392523364486,2,720
1.441129,56,3615.443391,medium,0.49672897196261684,1.496728971962617,1,556
0.085619,54,3634.686998,medium,0.13901869158878505,0.13901869158878505,0,534
0.248651,65,3657.141214,medium,0.31355140186915886,0.31355140186915886,0,649
1.462032,62,3678.505626,medium,0.5238317757009345,1.5238317757009345,1,618
1.475309,57,3698.514788,medium,0.5320093457943925,1.5320093457943926,1,567
1.514393,56,3719.437944,medium,0.5700934579439252,1.5700934579439252,1,557
2.821583,58,3738.309727,medium,0.8792834890965732,2.879283489096573,2,577
0.290727,55,3756.742127,medium,0.3453271028037383,0.3453271028037383,0,546
2.51977,66,3777.941496,medium,0.5856697819314641,2.5856697819314642,2,659
2.846146,72,3803.232916,medium,0.9181464174454829,2.9181464174454828,2,720
2.81219,72,3827.35005,medium,0.8841900311526479,2.884190031152648,2,720
0.329138,66,3849.939217,medium,0.3949376947040498,0.3949376947040498,0,658
0.351287,72,3874.595321,medium,0.4232866043613707,0.4232866043613707,0,720
2.782829,72,3900.360349,medium,0.854828660436137,2.8548286604361373,2,720
2.631193,72,3924.564451,medium,0.7031931464174455,2.7031931464174455,2,720
1.730648,72,3948.615539,medium,0.8026479750778817,1.8026479750778817,1,720
0.264489,69,3972.853253,medium,0.33348909657320874,0.33348909657320874,0,690
0.41396,56,3990.20004,medium,0.4698598130841122,0.4698598130841122,0,559
2.76733,72,4014.070178,medium,0.8393302180685358,2.839330218068536,2,720
0.249833,67,4036.813203,medium,0.31643302180685356,0.31643302180685356,0,666
0.208218,72,4063.315391,medium,0.28021806853582554,0.28021806853582554,0,720
0.376398,56,4082.437953,medium,0.43169781931464174,0.43169781931464174,0,553
0.370749,66,4104.496895,medium,0.43644859813084114,0.43644859813084114,0,657
2.787106,68,4127.40582,medium,0.8542056074766355,2.8542056074766355,2,671
0.389069,63,4149.00647,medium,0.45186915887850465,0.45186915887850465,0,628
2.822548,72,4174.324941,medium,0.8945482866043614,2.8945482866043615,2,720
2.669795,68,4197.63656,medium,0.7376947040498443,2.7376947040498445,2,679
2.555764,59,4217.849684,medium,0.6145638629283489,2.6145638629283487,2,588
0.348814,70,4243.222258,medium,0.41861370716510904,0.41861370716510904,0,698
1.499262,72,4267.139769,medium,0.5712616822429907,1.5712616822429908,1,720
2.651484,62,4287.556707,medium,0.7130841121495327,2.7130841121495326,2,616
0.305454,61,4308.393845,medium,0.36565420560747663,0.36565420560747663,0,602
3.9349,66,4330.491713,medium,1.0,4.0,3,651
2.786567,72,4355.048498,medium,0.8585669781931464,2.8585669781931466,2,720
1.798794,72,4379.825597,medium,0.8707943925233644,1.8707943925233645,1,720
2.665461,72,4404.513458,medium,0.7374610591900311,2.7374610591900312,2,720
2.602688,64,4428.316351,medium,0.6658878504672897,2.6658878504672896,2,632
2.79638,72,4452.346246,medium,0.868380062305296,2.868380062305296,2,720
0.228722,55,4470.892611,medium,0.2830218068535826,0.2830218068535826,0,543
2.76229,64,4493.665051,medium,0.8260903426791277,2.8260903426791275,2,638
2.631701,61,4514.311607,medium,0.692601246105919,2.692601246105919,2,609
0.380414,72,4538.906856,medium,0.45241433021806854,0.45241433021806854,0,720
2.831427,72,4563.967853,medium,0.9034267912772586,2.9034267912772584,2,720
1.497584,66,4588.436176,medium,0.5630841121495327,1.5630841121495327,1,655
2.784931,72,4612.81858,medium,0.8569314641744549,2.8569314641744548,2,720
1.669745,72,4637.313313,medium,0.7417445482866044,1.7417445482866043,1,720
2.707439,72,4662.625421,medium,0.7794392523364486,2.7794392523364486,2,720
1.701676,72,4687.570516,medium,0.7736760124610592,1.7736760124610593,1,720
2.710353,63,4708.984209,medium,0.7730529595015576,2.7730529595015576,2,627
2.630411,62,4730.902345,medium,0.6915109034267912,2.6915109034267912,2,611
1.465928,72,4755.317986,medium,0.5379283489096574,1.5379283489096574,1,720
1.659231,72,4781.653802,medium,0.7312305295950156,1.7312305295950154,1,720
0.390227,72,4805.911132,medium,0.4622274143302181,0.4622274143302181,0,720
2.452633,64,4827.452817,medium,0.5164330218068536,2.5164330218068534,2,638
2.78577,67,4851.064926,medium,0.8525700934579439,2.8525700934579437,2,668
3.9345,66,4874.298723,medium,1.0,4.0,3,655
0.394169,58,4894.090918,medium,0.45186915887850465,0.45186915887850465,0,577
1.444589,72,4919.524712,medium,0.516588785046729,1.516588785046729,1,720
1.638436,64,4943.538191,medium,0.7023364485981308,1.702336448598131,1,639
2.633105,71,4967.544483,medium,0.7035046728971963,2.7035046728971963,2,704
0.387969,72,4991.756623,medium,0.4599688473520249,0.4599688473520249,0,720
2.816006,72,5016.780647,medium,0.888006230529595,2.8880062305295953,2,720
2.91266,66,5039.329334,medium,0.9786604361370717,2.978660436137072,2,660
2.506682,72,5064.348408,medium,0.5778816199376947,2.5778816199376946,2,712
2.767027,62,5085.398576,medium,0.8284267912772586,2.8284267912772587,2,614
2.713439,58,5105.128984,medium,0.7706386292834891,2.7706386292834893,2,572
2.775724,59,5126.993886,medium,0.834423676012461,2.8344236760124613,2,587
2.696352,60,5147.161915,medium,0.7554517133956387,2.7554517133956384,2,591
1.432269,70,5171.712774,medium,0.5018691588785047,1.5018691588785047,1,696
2.594861,60,5193.372788,medium,0.6543613707165109,2.654361370716511,2,595
0.346296,59,5214.077434,medium,0.40529595015576325,0.40529595015576325,0,590
2.734055,58,5234.598676,medium,0.7913551401869159,2.7913551401869157,2,573
0.366111,59,5254.849903,medium,0.42461059190031153,0.42461059190031153,0,585
0.437953,61,5275.757746,medium,0.49805295950155765,0.49805295950155765,0,601
0.408685,72,5302.223613,medium,0.4806853582554517,0.4806853582554517,0,720
2.900586,72,5326.162907,medium,0.9725856697819315,2.9725856697819317,2,720
2.79679,71,5350.557682,medium,0.8672897196261682,2.867289719626168,2,705
1.569199,72,5375.472193,medium,0.6411993769470405,1.6411993769470405,1,720
2.59423,62,5397.37737,medium,0.6555295950155763,2.6555295950155764,2,613
0.393713,67,5420.845658,medium,0.45981308411214955,0.45981308411214955,0,661
1.380414,72,5445.87286,medium,0.45241433021806854,1.4524143302180685,1,720
2.699873,63,5467.907391,medium,0.7627725856697819,2.762772585669782,2,629
2.604401,55,5488.949478,medium,0.6588006230529595,2.6588006230529597,2,544
1.43314,72,5513.978173,medium,0.5051401869158878,1.5051401869158878,1,720
0.324028,72,5538.84248,medium,0.39602803738317754,0.39602803738317754,0,720
3.9374,63,5560.693418,medium,1.0,4.0,3,626
2.78158,70,5585.084407,medium,0.8514797507788162,2.8514797507788163,2,699
0.372237,72,5610.431688,medium,0.4442367601246106,0.4442367601246106,0,720
1.512175,61,5631.661108,medium,0.5729750778816199,1.5729750778816198,1,608
2.891863,72,5658.255458,medium,0.9638629283489096,2.9638629283489095,2,720
0.436193,59,5678.047338,medium,0.49439252336448597,0.49439252336448597,0,582
2.766941,72,5702.889821,medium,0.8389408099688473,2.8389408099688476,2,720
1.511145,65,5725.251627,medium,0.5755451713395638,1.5755451713395638,1,644
2.4872,55,5744.933028,medium,0.5419003115264798,2.5419003115264798,2,547
1.476209,72,5770.436027,medium,0.5482087227414331,1.5482087227414332,1,720
2.752395,61,5791.54963,medium,0.8126947040498442,2.8126947040498442,2,603
2.620424,64,5813.170105,medium,0.684423676012461,2.684423676012461,2,640
2.725975,72,5839.016554,medium,0.7979750778816199,2.79797507788162,2,720
3.9366,64,5860.958068,medium,1.0,4.0,3,634
2.755492,72,5886.592457,medium,0.8274922118380063,2.827492211838006,2,720
1.544433,72,5911.450676,medium,0.6164330218068536,1.6164330218068534,1,720
2.677455,72,5937.167346,medium,0.7494548286604361,2.7494548286604363,2,720
2.506182,56,5955.175288,medium,0.5616822429906542,2.561682242990654,2,555
0.27434,72,5979.465345,medium,0.34633956386292836,0.34633956386292836,0,720
1.314374,58,5999.5794,medium,0.37227414330218067,1.3722741433021808,1,579
2.714371,72,6025.217182,medium,0.7863707165109034,2.7863707165109033,2,720
0.30166,61,6044.8866,medium,0.3617601246105919,0.3617601246105919,0,601
2.918109,72,6069.902005,medium,0.9901090342679127,2.990109034267913,2,720
2.624311,68,6093.650477,medium,0.6915109034267912,2.6915109034267912,2,672
2.665744,68,6117.527821,medium,0.7329439252336448,2.732943925233645,2,672
2.698016,72,6140.977655,medium,0.7700155763239875,2.7700155763239875,2,720
2.663154,69,6163.688338,medium,0.7318535825545172,2.731853582554517,2,687
2.832619,66,6187.672533,medium,0.8978193146417446,2.897819314641745,2,652
2.682751,72,6211.90273,medium,0.7547507788161993,2.7547507788161996,2,720
2.753156,72,6235.081523,medium,0.8251557632398754,2.8251557632398754,2,720
3.9414,59,6255.738376,medium,1.0,4.0,3,586
2.779021,63,6277.23975,medium,0.8411214953271028,2.8411214953271027,2,621
2.675008,57,6295.97688,medium,0.7313084112149533,2.731308411214953,2,563
2.736731,54,6314.163642,medium,0.7900311526479751,2.790031152647975,2,533
0.316006,72,6339.953194,medium,0.38800623052959504,0.38800623052959504,0,720
1.427031,72,6365.861371,medium,0.4981308411214953,1.4981308411214953,1,711
2.794745,72,6389.578868,medium,0.8667445482866044,2.8667445482866043,2,720
3.9301,70,6413.649839,medium,1.0,4.0,3,699
2.563981,72,6438.36562,medium,0.6359813084112149,2.635981308411215,2,720
0.180279,55,6458.161564,medium,0.23457943925233646,0.23457943925233646,0,543
2.504558,72,6483.95207,medium,0.5765576323987539,2.576557632398754,2,720
2.660399,72,6508.933076,medium,0.732398753894081,2.7323987538940813,2,720
0.415204,72,6533.791395,medium,0.4866043613707165,0.4866043613707165,0,714
2.837969,72,6559.644157,medium,0.9099688473520249,2.909968847352025,2,720
2.909308,72,6584.705543,medium,0.9813084112149533,2.981308411214953,2,720
2.533296,72,6609.764584,medium,0.6052959501557632,2.6052959501557633,2,720
2.753156,72,6633.363608,medium,0.8251557632398754,2.8251557632398754,2,720
2.809145,58,6652.725271,medium,0.8667445482866044,2.8667445482866043,2,576
0.404204,66,6675.02114,medium,0.46970404984423675,0.46970404984423675,0,655
2.754636,72,6699.718412,medium,0.8266355140186916,2.8266355140186916,2,720
0.354558,72,6724.874967,medium,0.4265576323987539,0.4265576323987539,0,720
3.9421,58,6745.008843,medium,1.0,4.0,3,579
2.619978,72,6768.743191,medium,0.6919781931464174,2.6919781931464173,2,720
3.9398,61,6789.462003,medium,1.0,4.0,3,602
2.753312,72,6812.383404,medium,0.8253115264797508,2.8253115264797506,2,720
2.653312,72,6835.231618,medium,0.7253115264797507,2.725311526479751,2,720
2.682202,62,6855.856713,medium,0.7433021806853582,2.743302180685358,2,611
2.690305,72,6880.218581,medium,0.7623052959501557,2.7623052959501555,2,720
2.492479,59,6901.650236,medium,0.550778816199377,2.5507788161993767,2,583
2.88353,72,6926.986959,medium,0.9555295950155763,2.955529595015576,2,720
2.766353,65,6949.802039,medium,0.8311526479750779,2.831152647975078,2,648
2.762891,72,6975.086771,medium,0.8348909657320872,2.8348909657320873,2,720
2.556735,70,6999.255135,medium,0.6259345794392523,2.625934579439252,2,692
2.820913,72,7023.542414,medium,0.8929127725856698,2.89291277258567,2,720
2.549486,57,7042.533624,medium,0.606386292834891,2.606386292834891,2,569
2.865695,72,7068.081702,medium,0.9376947040498442,2.9376947040498442,2,720
2.683712,59,7086.764822,medium,0.7422118380062306,2.742211838006231,2,585
2.633449,62,7108.173337,medium,0.6952492211838006,2.6952492211838006,2,618
2.743098,72,7132.41186,medium,0.814797507788162,2.814797507788162,2,717
2.697626,72,7156.536056,medium,0.7696261682242991,2.769626168224299,2,720
2.919096,62,7177.883097,medium,0.9802959501557632,2.9802959501557633,2,612
2.466333,59,7198.09826,medium,0.5245327102803738,2.524532710280374,2,582
1.481606,65,7220.096443,medium,0.5461059190031152,1.5461059190031152,1,645
0.422704,72,7246.309234,medium,0.49470404984423677,0.49470404984423677,0,720
2.572938,72,7271.654847,medium,0.6449376947040498,2.64493769470405,2,720
2.680368,62,7293.721627,medium,0.7423676012461059,2.742367601246106,2,620
3.9432,57,7313.787852,medium,1.0,4.0,3,568
2.623621,67,7336.746345,medium,0.6904205607476636,2.6904205607476634,2,668
2.499847,61,7357.934834,medium,0.5600467289719626,2.5600467289719626,2,602
2.872704,72,7382.730916,medium,0.9447040498442367,2.944704049844237,2,720
2.817097,72,7406.974708,medium,0.8890965732087227,2.8890965732087226,2,720
0.41833,71,7434.834674,medium,0.4893302180685358,0.4893302180685358,0,710
2.828448,67,7459.02761,medium,0.8945482866043614,2.8945482866043615,2,661
2.908296,72,7485.011453,medium,0.9802959501557632,2.9802959501557633,2,720
1.396302,72,7510.528292,medium,0.4683021806853583,1.4683021806853582,1,720
2.471672,58,7531.341056,medium,0.5289719626168224,2.5289719626168226,2,573
2.66515,72,7555.975313,medium,0.7371495327102804,2.7371495327102804,2,720
2.741601,68,7578.614868,medium,0.8088006230529595,2.8088006230529596,2,672
2.713592,72,7606.74571,medium,0.7855919003115265,2.7855919003115264,2,720
1.403334,64,7628.561288,medium,0.46713395638629285,1.4671339563862928,1,638
2.561052,70,7653.040835,medium,0.6304517133956387,2.6304517133956384,2,694
2.68663,53,7672.85762,medium,0.7393302180685358,2.739330218068536,2,527
2.62543,64,7695.176548,medium,0.6893302180685358,2.6893302180685357,2,639
2.725508,72,7719.874953,medium,0.7975077881619937,2.797507788161994,2,720
2.759224,68,7743.631568,medium,0.8263239875389408,2.8263239875389408,2,671
2.748717,72,7767.452686,medium,0.8207165109034268,2.8207165109034267,2,720
2.494433,72,7795.074811,medium,0.5664330218068536,2.5664330218068536,2,720
2.620882,57,7815.451204,medium,0.6778816199376947,2.6778816199376947,2,570
2.779724,72,7841.895929,medium,0.8513239875389408,2.8513239875389407,2,716
2.850274,72,7867.001359,medium,0.9222741433021807,2.9222741433021806,2,720
2.857588,68,7890.651147,medium,0.9246884735202492,2.9246884735202494,2,671
2.567015,62,7912.475043,medium,0.6281152647975078,2.6281152647975077,2,611
2.639847,71,7936.68695,medium,0.7100467289719626,2.7100467289719625,2,702
2.683302,60,7957.469654,medium,0.7433021806853582,2.743302180685358,2,600
2.508105,63,7981.283678,medium,0.570404984423676,2.570404984423676,2,623
2.547565,68,8004.744368,medium,0.6152647975077882,2.615264797507788,2,677
2.786958,65,8026.65106,medium,0.8515576323987539,2.851557632398754,2,646
3.9386,62,8047.503496,medium,1.0,4.0,3,614
2.60191,72,8073.034679,medium,0.6739096573208723,2.6739096573208725,2,720
2.775586,72,8097.644952,medium,0.8475856697819315,2.8475856697819317,2,720
2.789293,72,8123.175161,medium,0.8612928348909658,2.861292834890966,2,720
0.275118,72,8149.892496,medium,0.3471183800623053,0.3471183800623053,0,720
2.831972,72,8175.307271,medium,0.9039719626168224,2.9039719626168226,2,720
2.848872,72,8201.060295,medium,0.9208722741433022,2.920872274143302,2,720
0.316147,61,8221.989565,medium,0.37694704049844235,0.37694704049844235,0,608
2.798561,72,8246.750484,medium,0.8705607476635514,2.8705607476635513,2,720
3.9328,68,8270.138671,medium,1.0,4.0,3,672
2.692526,61,8291.263251,medium,0.7527258566978193,2.752725856697819,2,602
3.9353,65,8313.904496,medium,1.0,4.0,3,647
2.689838,72,8341.243191,medium,0.7618380062305296,2.7618380062305294,2,720
1.493371,68,8365.492272,medium,0.5613707165109034,1.5613707165109034,1,680
2.874807,72,8390.97341,medium,0.9468068535825546,2.9468068535825545,2,720
3.9374,63,8413.593288,medium,1.0,4.0,3,626
2.865695,72,8438.476102,medium,0.9376947040498442,2.9376947040498442,2,720
2.854168,72,8463.08857,medium,0.9261682242990654,2.926168224299065,2,720
0.334166,66,8486.204283,medium,0.39976635514018694,0.39976635514018694,0,656
2.604532,62,8509.210501,medium,0.6657320872274143,2.6657320872274144,2,612
2.714597,67,8531.849378,medium,0.7809968847352025,2.7809968847352025,2,664
0.30155,61,8552.971666,medium,0.3621495327102804,0.3621495327102804,0,606
2.599501,60,8573.377199,medium,0.6588006230529595,2.6588006230529597,2,593
1.57504,72,8597.934222,medium,0.6470404984423676,1.6470404984423674,1,720
2.78014,59,8618.207392,medium,0.8382398753894081,2.8382398753894083,2,581
2.600975,72,8643.148678,medium,0.6729750778816199,2.67297507788162,2,720
3.9387,62,8664.942697,medium,1.0,4.0,3,613
2.726783,52,8684.887232,medium,0.778582554517134,2.778582554517134,2,518
2.628623,72,8711.095165,medium,0.7006230529595016,2.7006230529595014,2,720
2.88514,70,8736.49044,medium,0.9551401869158879,2.9551401869158878,2,700
0.384017,63,8758.421498,medium,0.44641744548286605,0.44641744548286605,0,624
2.850196,72,8783.422578,medium,0.922196261682243,2.922196261682243,2,720
2.814916,72,8808.087234,medium,0.8869158878504673,2.886915887850467,2,720
2.637956,71,8832.692434,medium,0.7089563862928349,2.7089563862928348,2,710
2.527073,61,8853.93661,medium,0.587772585669782,2.587772585669782,2,607
2.798016,72,8880.881318,medium,0.8700155763239875,2.8700155763239876,2,720
2.727065,72,8906.229417,medium,0.7990654205607477,2.7990654205607477,2,720
1.384204,53,8925.037017,medium,0.4366043613707165,1.4366043613707165,1,524
2.860555,72,8949.779802,medium,0.9325545171339564,2.9325545171339567,2,720
2.678812,64,8970.988327,medium,0.7422118380062306,2.742211838006231,2,634
0.377972,68,8995.025745,medium,0.44587227414330216,0.44587227414330216,0,679
2.870601,72,9018.502301,medium,0.942601246105919,2.942601246105919,2,720
2.464703,72,9044.765584,medium,0.5359034267912772,2.5359034267912772,2,712
3.9326,68,9068.6564,medium,1.0,4.0,3,674
2.667126,69,9092.685879,medium,0.7358255451713396,2.7358255451713394,2,687
3.9445,56,9112.024532,medium,1.0,4.0,3,555
2.82948,72,9136.363628,medium,0.9014797507788161,2.901479750778816,2,720
2.842102,69,9160.105924,medium,0.910202492211838,2.910202492211838,2,681
2.635321,72,9186.060402,medium,0.7073208722741433,2.7073208722741433,2,720
2.70282,62,9207.556747,medium,0.7647196261682243,2.7647196261682243,2,619
3.9412,59,9231.29988,medium,1.0,4.0,3,588
2.668576,72,9256.495786,medium,0.7405763239875389,2.740576323987539,2,720
2.843242,64,9278.99096,medium,0.9065420560747663,2.906542056074766,2,633
2.776073,71,9303.448246,medium,0.8465732087227414,2.8465732087227416,2,705
2.63186,72,9327.430103,medium,0.7029595015576324,2.7029595015576326,2,711
0.380013,72,9352.613878,medium,0.4517133956386293,0.4517133956386293,0,717
2.666273,64,9374.414992,medium,0.7296728971962617,2.7296728971962616,2,634
2.801287,72,9399.046593,medium,0.8732866043613707,2.873286604361371,2,720
2.753701,72,9425.823244,medium,0.8257009345794393,2.825700934579439,2,720
2.645114,58,9445.936016,medium,0.7024143302180685,2.7024143302180685,2,573
2.542074,72,9471.197303,medium,0.6134735202492212,2.6134735202492214,2,714
3.9382,62,9491.987025,medium,1.0,4.0,3,618
2.637235,64,9514.2791,medium,0.7009345794392523,2.7009345794392523,2,637
2.853078,72,9539.471288,medium,0.9250778816199376,2.925077881619938,2,720
3.927922,72,9564.694844,medium,0.9999221183800623,3.9999221183800624,3,720
2.892408,72,9591.585115,medium,0.9644080996884735,2.9644080996884736,2,720
2.743287,72,9616.602311,medium,0.8151869158878504,2.8151869158878506,2,719
2.818834,66,9639.71463,medium,0.8840342679127726,2.8840342679127726,2,652
0.37057,57,9659.092339,medium,0.42757009345794394,0.42757009345794394,0,570
3.949,51,9677.223588,medium,1.0,4.0,3,510
2.687248,58,9697.810215,medium,0.7445482866043613,2.7445482866043616,2,573
0.429963,67,9721.412405,medium,0.4969626168224299,0.4969626168224299,0,670
2.868888,72,9745.462467,medium,0.9408878504672897,2.9408878504672895,2,720
2.485491,58,9766.214802,medium,0.5429906542056074,2.5429906542056075,2,575
2.865695,72,9790.848489,medium,0.9376947040498442,2.9376947040498442,2,720
2.606495,57,9809.223766,medium,0.6626947040498442,2.6626947040498443,2,562
2.462424,72,9833.44708,medium,0.5344236760124611,2.534423676012461,2,720
3.9309,70,9857.598791,medium,1.0,4.0,3,691
2.492169,60,9878.265045,medium,0.5518691588785046,2.5518691588785045,2,597
2.49934,72,9901.738443,medium,0.5713395638629284,2.5713395638629284,2,720
2.705804,72,9926.519143,medium,0.777803738317757,2.7778037383177567,2,720
2.831816,72,9952.511686,medium,0.903816199376947,2.903816199376947,2,720
2.696147,56,9971.393264,medium,0.7519470404984424,2.7519470404984423,2,558
2.70853,72,9996.510291,medium,0.7805295950155763,2.7805295950155764,2,720
1.431972,72,10021.014381,medium,0.5039719626168224,1.5039719626168224,1,720
3.9377,63,10043.135917,medium,1.0,4.0,3,623
2.78166,72,10068.86701,medium,0.8536604361370717,2.853660436137072,2,720
2.696951,58,10089.243601,medium,0.7547507788161993,2.7547507788161996,2,578
2.776754,72,10116.170704,medium,0.8487538940809969,2.848753894080997,2,720
2.901598,72,10141.480948,medium,0.9735981308411215,2.9735981308411215,2,720
2.769214,59,10162.276807,medium,0.8274143302180685,2.8274143302180685,2,582
2.64396,59,10182.183869,medium,0.7029595015576324,2.7029595015576326,2,590
2.792188,58,10201.946318,medium,0.8496884735202492,2.8496884735202492,2,575
0.290993,71,10226.282374,medium,0.36129283489096575,0.36129283489096575,0,703
2.766863,72,10251.725452,medium,0.8388629283489096,2.8388629283489095,2,720
3.9303,70,10276.796127,medium,1.0,4.0,3,697
2.512654,70,10303.415199,medium,0.5818535825545171,2.5818535825545172,2,692
2.850656,67,10326.644949,medium,0.9170560747663551,2.917056074766355,2,664
0.314533,60,10347.485312,medium,0.3745327102803738,0.3745327102803738,0,600
2.696302,72,10371.896292,medium,0.7683021806853583,2.7683021806853585,2,720
2.741629,72,10396.937044,medium,0.8136292834890966,2.813629283489097,2,720
2.865695,72,10423.295599,medium,0.9376947040498442,2.9376947040498442,2,720
3.9327,68,10447.608725,medium,1.0,4.0,3,673
3.9299,71,10472.147102,medium,1.0,4.0,3,701
2.808196,64,10494.638131,medium,0.872196261682243,2.8721962616822427,2,640
2.777844,72,10519.006562,medium,0.8498442367601247,2.8498442367601244,2,720
3.9434,57,10537.881743,medium,1.0,4.0,3,566
2.712309,61,10559.58228,medium,0.773208722741433,2.7732087227414333,2,609
2.648736,62,10581.35325,medium,0.7104361370716511,2.710436137071651,2,617
2.914059,72,10607.239542,medium,0.9860591900311526,2.9860591900311526,2,720
0.415928,72,10632.492456,medium,0.4879283489096573,0.4879283489096573,0,720
2.688836,63,10656.338979,medium,0.7516355140186916,2.7516355140186914,2,628
2.715305,72,10681.711799,medium,0.7873052959501557,2.787305295950156,2,720
2.764838,72,10706.144492,medium,0.8368380062305296,2.8368380062305296,2,720
2.558957,59,10727.157443,medium,0.6177570093457944,2.6177570093457945,2,588
2.595088,71,10752.226245,medium,0.6658878504672897,2.6658878504672896,2,708
2.547938,72,10777.569055,medium,0.6199376947040498,2.61993769470405,2,720
2.844433,72,10802.324898,medium,0.9164330218068536,2.9164330218068537,2,720
2.521665,53,10820.927761,medium,0.5740654205607477,2.5740654205607476,2,524
2.595638,67,10845.775481,medium,0.6618380062305296,2.6618380062305294,2,662
2.512465,62,10866.228727,medium,0.5740654205607477,2.5740654205607476,2,616
2.753779,72,10890.006529,medium,0.825778816199377,2.825778816199377,2,720
3.9459,55,10909.000229,medium,1.0,4.0,3,541
2.676918,62,10929.812091,medium,0.7383177570093458,2.7383177570093458,2,614
1.375824,59,10949.737354,medium,0.43442367601246107,1.4344236760124611,1,586
2.787886,69,10973.55682,medium,0.856386292834891,2.856386292834891,2,685
2.540054,59,10994.059132,medium,0.5987538940809969,2.598753894080997,2,587
3.939,61,11017.468797,medium,1.0,4.0,3,610
2.656583,72,11042.468006,medium,0.7285825545171339,2.728582554517134,2,720
1.568498,72,11067.793703,medium,0.6404984423676012,1.6404984423676012,1,720
2.671964,60,11088.783138,medium,0.7314641744548287,2.7314641744548287,2,595
2.704012,72,11114.546472,medium,0.7760124610591901,2.77601246105919,2,720
2.473036,71,11140.859525,medium,0.5435358255451713,2.543535825545171,2,705
2.653467,72,11166.079279,medium,0.7254672897196262,2.725467289719626,2,720
2.647034,54,11185.262681,medium,0.7002336448598131,2.700233644859813,2,532
2.490104,63,11209.301789,medium,0.552803738317757,2.552803738317757,2,627
2.79638,72,11232.646297,medium,0.868380062305296,2.868380062305296,2,720
2.546146,72,11257.832886,medium,0.6181464174454828,2.618146417445483,2,720
2.829947,72,11283.83896,medium,0.9019470404984423,2.901947040498442,2,720
2.848161,65,11307.109571,medium,0.9124610591900312,2.912461059190031,2,643
2.716258,61,11327.662742,medium,0.7765576323987539,2.7765576323987537,2,603
2.898483,72,11351.999122,medium,0.9704828660436137,2.970482866043614,2,720
2.612346,72,11376.989542,medium,0.6843457943925234,2.6843457943925233,2,720
2.53666,67,11398.979798,medium,0.6036604361370717,2.603660436137072,2,670
1.736645,72,11425.637987,medium,0.8086448598130841,1.808644859813084,1,720
2.707361,72,11450.555831,medium,0.7793613707165109,2.779361370716511,2,720
2.578078,72,11476.150274,medium,0.6500778816199377,2.6500778816199375,2,720
3.9431,57,11495.859995,medium,1.0,4.0,3,569
1.545757,72,11521.357655,medium,0.6177570093457944,1.6177570093457945,1,720
2.667564,72,11546.383836,medium,0.7395638629283489,2.7395638629283487,2,720
2.683145,68,11571.094925,medium,0.7505451713395639,2.7505451713395637,2,674
2.695913,72,11596.311259,medium,0.7679127725856698,2.76791277258567,2,720
2.498213,54,11615.109057,medium,0.5517133956386293,2.5517133956386293,2,535
2.589965,68,11638.87725,medium,0.657165109034268,2.657165109034268,2,672
2.697081,72,11663.853794,medium,0.7690809968847352,2.7690809968847354,2,720
2.709209,56,11682.696675,medium,0.7651090342679128,2.7651090342679128,2,559
1.488498,69,11706.160544,medium,0.5566978193146418,1.5566978193146417,1,682
2.739137,72,11732.801684,medium,0.8111370716510904,2.8111370716510904,2,720
3.9479,53,11749.640605,medium,1.0,4.0,3,521
2.702533,72,11775.042202,medium,0.7745327102803738,2.774532710280374,2,720
2.725352,72,11800.874182,medium,0.7973520249221184,2.7973520249221187,2,720
2.870601,72,11826.219738,medium,0.942601246105919,2.942601246105919,2,720
2.716084,72,11850.990975,medium,0.7880841121495327,2.788084112149533,2,720
2.547041,59,11872.086122,medium,0.6058411214953271,2.605841121495327,2,588
2.751925,59,11892.64282,medium,0.8101246105919003,2.8101246105919,2,582
2.848872,72,11919.604255,medium,0.9208722741433022,2.920872274143302,2,720
2.899028,72,11945.902671,medium,0.9710280373831776,2.9710280373831774,2,720
2.714994,72,11970.240825,medium,0.786993769470405,2.786993769470405,2,720
3.9523,48,11987.054239,medium,1.0,4.0,3,477
2.778935,72,12012.78726,medium,0.8509345794392523,2.850934579439252,2,720
2.652898,63,12035.003722,medium,0.7154984423676013,2.7154984423676014,2,626
3.95,50,12051.798601,medium,1.0,4.0,3,500
2.743343,72,12076.499172,medium,0.8153426791277258,2.815342679127726,2,720
2.795348,66,12101.205891,medium,0.8607476635514019,2.8607476635514018,2,654
2.634534,66,12124.76639,medium,0.7002336448598131,2.700233644859813,2,657
2.558957,59,12145.373826,medium,0.6177570093457944,2.6177570093457945,2,588
2.892486,72,12170.422076,medium,0.9644859813084112,2.9644859813084112,2,720
2.625352,72,12195.465241,medium,0.6973520249221183,2.697352024922118,2,720
2.659386,72,12219.951104,medium,0.731386292834891,2.731386292834891,2,720
3.9338,67,12242.802018,medium,1.0,4.0,3,662
2.646959,56,12261.352884,medium,0.7022585669781931,2.702258566978193,2,553
3.9434,57,12283.598852,medium,1.0,4.0,3,566
2.744317,69,12307.812067,medium,0.8126168224299065,2.8126168224299066,2,683
0.375714,60,12328.48372,medium,0.4355140186915888,0.4355140186915888,0,598
2.462403,57,12348.230051,medium,0.5190031152647975,2.5190031152647974,2,566
3.9319,69,12372.897218,medium,1.0,4.0,3,681
3.9443,56,12392.607418,medium,1.0,4.0,3,557
0.165187,59,12413.379045,medium,0.2232866043613707,0.2232866043613707,0,581
2.865695,72,12438.213273,medium,0.9376947040498442,2.9376947040498442,2,720
2.725196,72,12465.915116,medium,0.797196261682243,2.797196261682243,2,720
0.421518,67,12490.127142,medium,0.4883177570093458,0.4883177570093458,0,668
1.445332,54,12509.557577,medium,0.49883177570093457,1.4988317757009346,1,535
2.877065,72,12535.358354,medium,0.9490654205607477,2.9490654205607476,2,720
2.702967,56,12554.95198,medium,0.7585669781931464,2.7585669781931466,2,556
2.684844,65,12576.953259,medium,0.7498442367601246,2.749844236760125,2,650
2.47153,68,12600.140795,medium,0.5393302180685359,2.5393302180685358,2,678
2.779424,72,12624.401203,medium,0.8513239875389408,2.8513239875389407,2,719
2.798089,61,12648.10558,medium,0.8584890965732087,2.8584890965732086,2,604
2.776776,72,12674.196272,medium,0.8486760124610592,2.848676012461059,2,719
2.682829,72,12700.156469,medium,0.7548286604361371,2.754828660436137,2,720
2.592798,72,12725.023301,medium,0.664797507788162,2.664797507788162,2,720
2.754812,55,12744.114579,medium,0.8091121495327103,2.8091121495327105,2,543
2.477587,55,12762.843681,medium,0.5320872274143302,2.5320872274143302,2,545
2.833997,72,12787.328533,medium,0.9059968847352025,2.9059968847352025,2,720
2.555533,69,12813.475466,medium,0.6245327102803738,2.624532710280374,2,690
0.36219,72,12838.891868,medium,0.434190031152648,0.434190031152648,0,720
2.865695,72,12864.702542,medium,0.9376947040498442,2.9376947040498442,2,720
2.657665,67,12888.497589,medium,0.7240654205607476,2.7240654205607475,2,664
2.835555,72,12913.132931,medium,0.9075545171339564,2.9075545171339563,2,720
2.559464,72,12937.961792,medium,0.6314641744548286,2.6314641744548286,2,720
2.676927,61,12958.595651,medium,0.7372274143302181,2.737227414330218,2,603
2.599423,69,12983.025135,medium,0.6675233644859813,2.667523364485981,2,681
3.9486,52,13002.835835,medium,1.0,4.0,3,514
2.635565,55,13022.660837,medium,0.6902647975077881,2.6902647975077882,2,547
2.701586,55,13042.647766,medium,0.756386292834891,2.756386292834891,2,548
1.496472,66,13066.089814,medium,0.5620716510903426,1.5620716510903425,1,656
2.509652,55,13085.899853,medium,0.5642523364485982,2.564252336448598,2,546
0.234698,64,13108.333943,medium,0.2985981308411215,0.2985981308411215,0,639
2.708274,56,13127.129121,medium,0.7634735202492212,2.7634735202492213,2,552
2.790695,72,13152.403242,medium,0.8626947040498443,2.8626947040498445,2,720
2.494356,65,13177.912598,medium,0.5589563862928348,2.558956386292835,2,646
3.9449,56,13197.618678,medium,1.0,4.0,3,551
3.9432,57,13218.097926,medium,1.0,4.0,3,568
2.799262,72,13244.020433,medium,0.8712616822429906,2.8712616822429906,2,720
3.9445,56,13264.281183,medium,1.0,4.0,3,555
2.877143,72,13289.291117,medium,0.9491433021806853,2.949143302180685,2,720
2.677821,64,13311.447022,medium,0.7411214953271028,2.7411214953271026,2,633
3.9385,62,13333.595086,medium,1.0,4.0,3,615
2.769121,72,13361.476064,medium,0.8411214953271028,2.8411214953271027,2,720
2.605726,72,13387.17472,medium,0.6777258566978193,2.677725856697819,2,720
2.495824,56,13406.82406,medium,0.5513239875389409,2.551323987538941,2,555
3.9394,61,13428.358614,medium,1.0,4.0,3,606
3.938,62,13450.579185,medium,1.0,4.0,3,620
2.700189,59,13470.317333,medium,0.7584890965732087,2.758489096573209,2,583
2.576442,72,13496.776044,medium,0.6484423676012461,2.648442367601246,2,720
1.595212,72,13522.49431,medium,0.6672118380062305,1.6672118380062306,1,720
3.9488,52,13541.434921,medium,1.0,4.0,3,512
2.911489,72,13569.03605,medium,0.9834890965732087,2.9834890965732086,2,720
2.656896,66,13592.607215,medium,0.722196261682243,2.7221962616822433,2,653
2.87466,71,13617.85746,medium,0.9448598130841122,2.944859813084112,2,702
2.662347,65,13641.588912,medium,0.7269470404984424,2.7269470404984424,2,646
2.668599,64,13663.611261,medium,0.732398753894081,2.7323987538940813,2,638
2.612346,72,13688.104085,medium,0.6843457943925234,2.6843457943925233,2,720
2.695368,72,13709.80174,medium,0.7673676012461059,2.767367601246106,2,720
2.52097,65,13736.291285,medium,0.5856697819314641,2.5856697819314642,2,647
2.636567,72,13764.694932,medium,0.7085669781931464,2.7085669781931463,2,720
2.645623,55,13786.126249,medium,0.7006230529595016,2.7006230529595014,2,550
1.509698,72,13813.658356,medium,0.5816978193146417,1.5816978193146416,1,720
3.9388,62,13837.217154,medium,1.0,4.0,3,612
2.598848,54,13857.493166,medium,0.6526479750778816,2.6526479750778815,2,538
1.291115,54,13877.974106,medium,0.3443146417445483,1.3443146417445484,1,532
2.839117,66,13903.202346,medium,0.9045171339563863,2.904517133956386,2,654
2.555315,56,13926.65027,medium,0.611214953271028,2.611214953271028,2,559
0.387233,63,13949.098867,medium,0.44953271028037384,0.44953271028037384,0,623
3.9386,62,13971.562256,medium,1.0,4.0,3,614
2.866629,72,13996.079777,medium,0.9386292834890966,2.938629283489097,2,720
3.9426,58,14016.812204,medium,1.0,4.0,3,574
2.631969,53,14036.324642,medium,0.6849688473520249,2.684968847352025,2,530
2.499404,54,14056.304739,medium,0.552803738317757,2.552803738317757,2,534
2.878701,72,14082.051555,medium,0.9507009345794393,2.950700934579439,2,720
2.602354,64,14104.293135,medium,0.6656542056074767,2.665654205607477,2,633
3.9479,53,14124.930877,medium,1.0,4.0,3,521
2.752096,62,14147.366072,medium,0.8133956386292834,2.8133956386292835,2,613
0.29934,72,14172.321132,medium,0.3713395638629283,0.3713395638629283,0,720
2.643652,71,14197.57688,medium,0.7142523364485981,2.714252336448598,2,706
2.650118,72,14223.106884,medium,0.7221183800623053,2.722118380062305,2,720
2.74124,72,14249.243119,medium,0.8132398753894081,2.8132398753894083,2,720
2.657928,55,14269.248307,medium,0.7129283489096573,2.7129283489096574,2,550
2.787813,72,14297.909543,medium,0.8598130841121495,2.8598130841121496,2,720
2.60152,72,14323.361872,medium,0.6735202492211838,2.673520249221184,2,720
0.286565,54,14341.765436,medium,0.34026479750778815,0.34026479750778815,0,537
2.656998,58,14362.74106,medium,0.714797507788162,2.714797507788162,2,578
2.679066,71,14388.946415,medium,0.749766355140187,2.7497663551401867,2,707
2.682361,72,14414.411057,medium,0.7543613707165109,2.754361370716511,2,720
2.567564,72,14439.789074,medium,0.6395638629283489,2.639563862928349,2,720
0.363165,61,14461.823473,medium,0.42406542056074764,0.42406542056074764,0,609
2.77504,72,14488.929909,medium,0.8470404984423676,2.8470404984423676,2,720
3.9495,51,14506.956033,medium,1.0,4.0,3,505
3.9422,58,14526.879457,medium,1.0,4.0,3,578
2.858997,72,14551.793963,medium,0.9309968847352025,2.9309968847352024,2,720
3.9335,67,14576.219734,medium,1.0,4.0,3,665
2.740617,72,14601.607919,medium,0.8126168224299065,2.8126168224299066,2,720
2.563428,66,14624.441522,medium,0.6291277258566979,2.629127725856698,2,657
2.503959,66,14646.822875,medium,0.569158878504673,2.569158878504673,2,652
2.599878,68,14671.49976,medium,0.6669781931464175,2.6669781931464174,2,671
2.61515,72,14696.091904,medium,0.6871495327102803,2.68714953271028,2,720
0.229713,72,14721.855909,medium,0.30171339563862926,0.30171339563862926,0,720
2.740227,72,14747.878977,medium,0.8122274143302181,2.812227414330218,2,720
3.9473,53,14767.004395,medium,1.0,4.0,3,527
2.579064,61,14788.494203,medium,0.6395638629283489,2.639563862928349,2,605
2.745617,67,14812.183053,medium,0.8126168224299065,2.8126168224299066,2,670
2.751298,64,14834.785767,medium,0.814797507788162,2.814797507788162,2,635
2.677844,72,14862.214056,medium,0.7498442367601246,2.749844236760125,2,720
2.613446,63,14884.716153,medium,0.6762461059190031,2.6762461059190032,2,628
2.546916,57,14905.336112,medium,0.6038161993769471,2.603816199376947,2,569
2.860165,72,14930.079778,medium,0.9321651090342679,2.9321651090342677,2,720
2.645134,72,14955.359114,medium,0.7171339563862928,2.717133956386293,2,720
2.792657,67,14978.661198,medium,0.8596573208722741,2.859657320872274,2,670
2.930174,59,14999.793967,medium,0.9884735202492212,2.9884735202492214,2,583
2.821341,68,15026.019286,medium,0.8889408099688474,2.8889408099688474,2,676
2.90448,72,15051.40445,medium,0.9764797507788162,2.9764797507788163,2,720
0.396165,61,15073.894893,medium,0.45716510903426794,0.45716510903426794,0,610
2.872237,72,15100.727055,medium,0.9442367601246106,2.9442367601246104,2,720
2.772938,72,15126.112138,medium,0.8449376947040499,2.8449376947040497,2,720
0.369376,72,15151.272508,medium,0.44057632398753893,0.44057632398753893,0,712
2.769511,72,15176.30221,medium,0.8415109034267912,2.841510903426791,2,720
2.55036,53,15194.095646,medium,0.6029595015576324,2.6029595015576326,2,526
2.852688,72,15219.871575,medium,0.9246884735202492,2.9246884735202494,2,720
2.879995,58,15240.301263,medium,0.9376947040498442,2.9376947040498442,2,577
2.7699,72,15266.614837,medium,0.8419003115264797,2.8419003115264796,2,720
2.489107,58,15287.919311,medium,0.5468068535825545,2.5468068535825545,2,577
2.734776,72,15313.122739,medium,0.8067757009345794,2.8067757009345793,2,720
2.548817,56,15332.797758,medium,0.6045171339563863,2.6045171339563864,2,557
2.799651,72,15358.055404,medium,0.8716510903426792,2.871651090342679,2,720
2.611007,69,15382.036806,medium,0.6799065420560748,2.6799065420560746,2,689
2.732984,72,15410.162388,medium,0.8049844236760124,2.8049844236760126,2,720
2.517591,60,15431.37577,medium,0.5767912772585669,2.576791277258567,2,592
2.78057,72,15458.306452,medium,0.8525700934579439,2.8525700934579437,2,720
2.921847,72,15483.790604,medium,0.9938473520249221,2.9938473520249222,2,720
2.725402,51,15502.269759,medium,0.7764018691588785,2.7764018691588785,2,510
2.870601,72,15527.673845,medium,0.942601246105919,2.942601246105919,2,720
2.698555,68,15550.888618,medium,0.7663551401869159,2.7663551401869158,2,678
2.68828,72,15578.662183,medium,0.7602803738317757,2.7602803738317756,2,720
2.576919,63,15600.930217,medium,0.639018691588785,2.639018691588785,2,621
3.9361,64,15624.612689,medium,1.0,4.0,3,639
2.68449,67,15648.651386,medium,0.7510903426791278,2.7510903426791278,2,666
2.809735,67,15672.512858,medium,0.8759345794392523,2.875934579439252,2,662
2.828713,65,15695.480891,medium,0.8929127725856698,2.89291277258567,2,642
2.723171,72,15720.525707,medium,0.7951713395638629,2.795171339563863,2,720
2.874495,72,15745.473121,medium,0.9464953271028037,2.9464953271028036,2,720
2.833812,68,15771.195793,medium,0.9010124610591901,2.90101246105919,2,672
2.784128,62,15793.830952,medium,0.8460280373831776,2.8460280373831774,2,619
0.195153,53,15813.430807,medium,0.24805295950155765,0.24805295950155765,0,529
2.614014,55,15832.828981,medium,0.668613707165109,2.6686137071651093,2,546
2.74056,63,15855.716187,medium,0.8029595015576324,2.8029595015576323,2,624
3.9464,54,15875.470983,medium,1.0,4.0,3,536
3.9385,62,15897.240538,medium,1.0,4.0,3,615
2.631894,72,15921.947816,medium,0.7038940809968848,2.7038940809968848,2,720
2.821267,63,15947.048723,medium,0.8835669781931464,2.8835669781931466,2,623
2.736078,64,15970.653272,medium,0.8000778816199376,2.800077881619938,2,640
2.840827,63,15993.68255,medium,0.9034267912772586,2.9034267912772584,2,626
2.611329,69,16017.304292,medium,0.6798286604361371,2.679828660436137,2,685
2.506381,55,16037.021963,medium,0.560981308411215,2.5609813084112147,2,546
2.707916,63,16060.351452,medium,0.7700155763239875,2.7700155763239875,2,621
3.9376,63,16081.721728,medium,1.0,4.0,3,624
2.736133,56,16102.397513,medium,0.7914330218068536,2.7914330218068537,2,553
2.76733,72,16131.188581,medium,0.8393302180685358,2.839330218068536,2,720
3.935,65,16154.502643,medium,1.0,4.0,3,650
3.9285,72,16181.52684,medium,1.0,4.0,3,715
0.314488,52,16200.592164,medium,0.3658878504672897,0.3658878504672897,0,514
2.820913,72,16225.53913,medium,0.8929127725856698,2.89291277258567,2,720
2.827533,72,16250.650646,medium,0.8995327102803738,2.899532710280374,2,720
2.689299,69,16275.715148,medium,0.757398753894081,2.7573987538940807,2,681
3.9368,64,16298.397355,medium,1.0,4.0,3,632
3.944,56,16320.236023,medium,1.0,4.0,3,560
2.756115,72,16346.195678,medium,0.8281152647975077,2.828115264797508,2,720
2.645567,63,16368.563392,medium,0.7085669781931464,2.7085669781931463,2,630
2.847003,72,16394.521552,medium,0.9190031152647975,2.9190031152647977,2,720
2.558303,53,16413.376198,medium,0.6109034267912773,2.6109034267912774,2,526
2.651053,72,16436.992628,medium,0.7230529595015577,2.723052959501558,2,720
2.700508,72,16462.495499,medium,0.7725077881619937,2.7725077881619935,2,720
3.9357,65,16485.300513,medium,1.0,4.0,3,643
2.774502,69,16510.946982,medium,0.8433021806853582,2.8433021806853582,2,688
2.817642,72,16536.406256,medium,0.8896417445482866,2.8896417445482867,2,720
3.938,62,16558.08939,medium,1.0,4.0,3,620
3.9421,58,16578.6572,medium,1.0,4.0,3,579
2.83581,64,16600.915519,medium,0.8989096573208722,2.898909657320872,2,631
2.625508,72,16626.359697,medium,0.6975077881619938,2.6975077881619938,2,720
2.492108,56,16646.652733,medium,0.5475077881619937,2.547507788161994,2,554
0.313105,58,16667.206831,medium,0.37040498442367603,0.37040498442367603,0,573
2.865695,72,16694.064363,medium,0.9376947040498442,2.9376947040498442,2,720
2.58555,53,16713.039877,medium,0.6378504672897196,2.6378504672897196,2,523
2.537412,55,16733.055731,medium,0.5922118380062306,2.5922118380062305,2,548
2.776287,72,16758.489081,medium,0.8482866043613707,2.8482866043613706,2,720
3.9287,72,16783.155277,medium,1.0,4.0,3,713
2.870601,72,16808.013181,medium,0.942601246105919,2.942601246105919,2,720
1.428486,53,16826.779173,medium,0.481386292834891,1.481386292834891,1,529
2.647993,64,16850.095111,medium,0.7112928348909657,2.7112928348909655,2,633
3.9439,57,16870.997042,medium,1.0,4.0,3,561
3.9485,52,16888.515404,medium,1.0,4.0,3,515
3.9319,69,16911.853443,medium,1.0,4.0,3,681
0.405165,69,16935.982485,medium,0.4740654205607477,0.4740654205607477,0,689
2.598093,72,16960.47725,medium,0.6700934579439253,2.670093457943925,2,720
2.819277,72,16985.871969,medium,0.8912772585669781,2.891277258566978,2,720
3.9423,58,17006.146752,medium,1.0,4.0,3,577
2.752933,56,17025.02367,medium,0.8083333333333333,2.8083333333333336,2,554
3.9316,69,17050.893047,medium,1.0,4.0,3,684
3.939,61,17072.538969,medium,1.0,4.0,3,610
2.651006,71,17096.564461,medium,0.7211059190031153,2.721105919003115,2,701
2.565954,58,17116.245655,medium,0.6237538940809969,2.623753894080997,2,578
3.9306,70,17142.484033,medium,1.0,4.0,3,694
2.88722,62,17164.690387,medium,0.9485202492211838,2.948520249221184,2,613
2.730406,58,17185.461875,medium,0.7880062305295951,2.788006230529595,2,576
3.9425,58,17205.846395,medium,1.0,4.0,3,575
2.630182,65,17230.578158,medium,0.6947819314641744,2.6947819314641746,2,646
2.823016,72,17256.738644,medium,0.8950155763239875,2.8950155763239875,2,720
1.311167,56,17275.899986,medium,0.36666666666666664,1.3666666666666667,1,555
3.9523,48,17291.70623,medium,1.0,4.0,3,477
2.725508,72,17315.851931,medium,0.7975077881619937,2.797507788161994,2,720
2.674184,72,17340.250419,medium,0.746183800623053,2.746183800623053,2,720
2.599957,60,17361.389612,medium,0.6596573208722741,2.6596573208722742,2,597
2.479791,72,17385.77077,medium,0.551791277258567,2.551791277258567,2,720
2.544277,72,17412.808896,medium,0.6162772585669782,2.6162772585669782,2,720
3.9445,56,17432.185642,medium,1.0,4.0,3,555
3.957,43,17447.45837,medium,1.0,4.0,3,430
2.8657,52,17464.918445,medium,0.9169003115264798,2.9169003115264798,2,512
2.874495,72,17491.129957,medium,0.9464953271028037,2.9464953271028036,2,720
1.48719,72,17516.949583,medium,0.559190031152648,1.559190031152648,1,720
1.357984,72,17541.546718,medium,0.4299844236760125,1.4299844236760124,1,720
2.605581,72,17566.050504,medium,0.6771806853582555,2.6771806853582554,2,716
2.651702,59,17588.367623,medium,0.710202492211838,2.710202492211838,2,585
2.805695,66,17611.79576,medium,0.8714953271028038,2.871495327102804,2,658
1.464546,62,17634.000738,medium,0.5262461059190031,1.5262461059190031,1,617
2.813825,56,17652.85664,medium,0.8689252336448599,2.86892523364486,2,551
3.9406,60,17673.079775,medium,1.0,4.0,3,594
2.747315,72,17699.290744,medium,0.8193146417445483,2.8193146417445485,2,720
1.374417,72,17725.374831,medium,0.44641744548286605,1.446417445482866,1,720
3.9377,63,17748.580634,medium,1.0,4.0,3,623
2.73314,72,17776.622911,medium,0.8051401869158878,2.805140186915888,2,720
3.9394,61,17797.865895,medium,1.0,4.0,3,606
1.600244,66,17820.85318,medium,0.6660436137071651,1.6660436137071652,1,658
2.731349,72,17846.9542,medium,0.8033489096573209,2.8033489096573208,2,720
2.764526,72,17874.611397,medium,0.8365264797507788,2.8365264797507788,2,720
2.596806,67,17897.511467,medium,0.6630062305295951,2.663006230529595,2,662
3.9386,62,17919.032168,medium,1.0,4.0,3,614
3.9455,55,17938.469238,medium,1.0,4.0,3,545
3.9434,57,17961.029934,medium,1.0,4.0,3,566
3.9417,59,17981.02162,medium,1.0,4.0,3,583
2.663748,72,18006.280657,medium,0.7357476635514019,2.7357476635514018,2,720
2.618139,53,18025.877769,medium,0.670638629283489,2.670638629283489,2,525
1.557506,72,18051.298835,medium,0.6292056074766356,1.6292056074766355,1,717
2.835427,68,18075.964949,medium,0.9034267912772586,2.9034267912772584,2,680
2.888592,72,18101.751505,medium,0.9605919003115265,2.9605919003115266,2,720
2.654402,72,18127.643594,medium,0.7264018691588785,2.7264018691588783,2,720
3.9357,65,18151.286076,medium,1.0,4.0,3,643
2.735321,72,18175.995311,medium,0.8073208722741433,2.8073208722741434,2,720
3.9553,45,18192.344495,medium,1.0,4.0,3,447
2.778389,72,18217.061019,medium,0.8503894080996884,2.8503894080996885,2,720
2.844355,72,18242.338899,medium,0.9163551401869159,2.9163551401869157,2,720
3.9339,67,18266.025754,medium,1.0,4.0,3,661
2.663421,61,18288.029246,medium,0.7242211838006231,2.724221183800623,2,608
2.641577,66,18311.32992,medium,0.7074766355140187,2.707476635514019,2,659
2.674184,72,18338.227131,medium,0.746183800623053,2.746183800623053,2,720
1.591941,72,18363.602173,medium,0.6639408099688473,1.6639408099688473,1,720
3.9471,53,18382.704276,medium,1.0,4.0,3,529
3.9482,52,18400.736094,medium,1.0,4.0,3,518
2.677922,72,18426.536303,medium,0.7499221183800623,2.7499221183800624,2,720
2.476053,72,18451.857722,medium,0.5480529595015576,2.5480529595015575,2,720
3.9441,56,18472.689604,medium,1.0,4.0,3,559
3.9482,52,18491.323196,medium,1.0,4.0,3,518
3.9389,62,18514.405529,medium,1.0,4.0,3,611
1.450699,66,18539.627937,medium,0.5161993769470405,1.5161993769470405,1,655
2.609969,59,18561.444491,medium,0.6680685358255452,2.668068535825545,2,581
2.706226,72,18586.446463,medium,0.7777258566978194,2.7777258566978196,2,715
2.662735,72,18612.382034,medium,0.7347352024922118,2.734735202492212,2,720
2.535667,56,18632.464466,medium,0.5916666666666667,2.591666666666667,2,560
1.43847,56,18653.287336,medium,0.4944704049844237,1.4944704049844237,1,560
2.921847,72,18679.18659,medium,0.9938473520249221,2.9938473520249222,2,720
2.519511,72,18706.61767,medium,0.5915109034267912,2.591510903426791,2,720
3.9474,53,18725.969442,medium,1.0,4.0,3,526
2.846146,72,18752.269138,medium,0.9181464174454829,2.9181464174454828,2,720
2.786411,72,18777.971338,medium,0.858411214953271,2.858411214953271,2,720
3.9462,54,18796.117819,medium,1.0,4.0,3,538
2.815261,56,18815.391388,medium,0.8705607476635514,2.8705607476635513,2,553
2.864059,72,18839.931314,medium,0.9360591900311527,2.936059190031153,2,720
2.908825,69,18864.025865,medium,0.9770249221183801,2.97702492211838,2,682
3.9284,72,18891.282384,medium,1.0,4.0,3,716
3.9338,67,18914.886981,medium,1.0,4.0,3,662
2.793331,64,18938.237235,medium,0.8569314641744549,2.8569314641744548,2,636
2.632428,64,18960.985742,medium,0.6960280373831775,2.6960280373831775,2,636
2.583374,72,18986.365347,medium,0.655373831775701,2.6553738317757007,2,720
2.826287,72,19012.620629,medium,0.8982866043613708,2.898286604361371,2,720
1.503,72,19037.302879,medium,0.575,1.575,1,720
2.728779,72,19064.999214,medium,0.800778816199377,2.8007788161993767,2,720
2.777922,72,19091.111263,medium,0.8499221183800623,2.8499221183800625,2,720
2.833445,68,19116.119242,medium,0.9005451713395639,2.900545171339564,2,671
3.9456,55,19136.212733,medium,1.0,4.0,3,544
3.9301,70,19161.354851,medium,1.0,4.0,3,699
2.749495,72,19187.845798,medium,0.8214953271028037,2.8214953271028036,2,720
2.658105,63,19209.970703,medium,0.7204049844236761,2.720404984423676,2,623
3.9547,46,19226.992592,medium,1.0,4.0,3,453
2.536786,53,19248.913388,medium,0.5894859813084112,2.5894859813084112,2,527
2.905025,72,19275.293556,medium,0.9770249221183801,2.97702492211838,2,720
3.949,51,19293.782647,medium,1.0,4.0,3,510
2.648246,70,19319.152719,medium,0.7181464174454829,2.718146417445483,2,699
2.449126,62,19341.911751,medium,0.5108255451713396,2.5108255451713397,2,617
2.628779,72,19366.830178,medium,0.700778816199377,2.700778816199377,2,720
2.894163,62,19388.751647,medium,0.9557632398753894,2.9557632398753895,2,616
3.9363,64,19412.514106,medium,1.0,4.0,3,637
2.624574,65,19438.902318,medium,0.6891744548286605,2.6891744548286605,2,646
2.472145,71,19466.427808,medium,0.5424454828660437,2.542445482866044,2,703
3.9455,55,19486.985239,medium,1.0,4.0,3,545
2.749691,69,19512.431917,medium,0.8179906542056075,2.8179906542056075,2,683
3.9393,61,19534.794395,medium,1.0,4.0,3,607
2.81046,68,19559.555341,medium,0.8779595015576324,2.8779595015576325,2,675
3.9385,62,19582.926359,medium,1.0,4.0,3,615
3.9368,64,19605.672439,medium,1.0,4.0,3,632
3.9348,66,19632.142432,medium,1.0,4.0,3,652
3.9436,57,19652.71577,medium,1.0,4.0,3,564
3.9284,72,19679.161962,medium,1.0,4.0,3,716
3.9376,63,19702.630012,medium,1.0,4.0,3,624
3.9441,56,19721.274392,medium,1.0,4.0,3,559
2.545639,50,19738.773356,medium,0.5956386292834891,2.595638629283489,2,500
2.754324,72,19765.059412,medium,0.8263239875389408,2.8263239875389408,2,720
3.9357,65,19789.373764,medium,1.0,4.0,3,643
1.434963,54,19810.289369,medium,0.48886292834890965,1.4888629283489097,1,539
1.543681,59,19832.52125,medium,0.6021806853582554,1.6021806853582554,1,585
2.735321,72,19856.815444,medium,0.8073208722741433,2.8073208722741434,2,720
2.868421,72,19881.622704,medium,0.9404205607476636,2.9404205607476634,2,720
2.681215,55,19899.970229,medium,0.736214953271028,2.736214953271028,2,550
2.823249,72,19924.827208,medium,0.8952492211838006,2.895249221183801,2,720
3.9381,62,19946.543836,medium,1.0,4.0,3,619
2.580506,58,19966.456154,medium,0.638006230529595,2.6380062305295953,2,575
2.786567,72,19993.285643,medium,0.8585669781931464,2.8585669781931466,2,720
2.772388,52,20012.159439,medium,0.82398753894081,2.82398753894081,2,516
2.666421,66,20035.791046,medium,0.7323208722741433,2.732320872274143,2,659
1.299193,54,20054.566942,medium,0.3531931464174455,1.3531931464174454,1,540
3.9497,51,20071.001896,medium,1.0,4.0,3,503
2.507595,72,20096.758092,medium,0.579595015576324,2.579595015576324,2,720
0.272028,58,20117.872245,medium,0.3291277258566978,0.3291277258566978,0,571
2.791084,72,20144.089694,medium,0.8630841121495327,2.863084112149533,2,720
2.923483,72,20172.023856,medium,0.9954828660436137,2.9954828660436137,2,720
3.9389,62,20195.52216,medium,1.0,4.0,3,611
3.9429,58,20216.272019,medium,1.0,4.0,3,571
2.566067,51,20233.599073,medium,0.6166666666666667,2.6166666666666667,2,506
2.63073,59,20254.895239,medium,0.6893302180685358,2.6893302180685357,2,586
2.717174,72,20280.42241,medium,0.7891744548286604,2.7891744548286606,2,720
2.648561,72,20306.137448,medium,0.7205607476635514,2.7205607476635514,2,720
3.9299,71,20332.950607,medium,1.0,4.0,3,701
0.354512,55,20352.880797,medium,0.4091121495327103,0.4091121495327103,0,546
2.69405,69,20380.525875,medium,0.7628504672897196,2.7628504672897196,2,688
2.641735,60,20403.331995,medium,0.7009345794392523,2.7009345794392523,2,592
2.756583,72,20428.620094,medium,0.8285825545171339,2.828582554517134,2,720
3.9369,64,20453.894243,medium,1.0,4.0,3,631
3.9476,53,20473.300288,medium,1.0,4.0,3,524
3.9361,64,20496.723613,medium,1.0,4.0,3,639
1.530078,62,20518.990835,medium,0.5919781931464174,1.5919781931464174,1,619
0.210032,56,20539.55599,medium,0.2657320872274143,0.2657320872274143,0,557
1.409347,51,20560.067767,medium,0.46004672897196264,1.4600467289719625,1,507
2.448333,69,20584.406709,medium,0.5164330218068536,2.5164330218068534,2,681
3.9484,52,20603.928553,medium,1.0,4.0,3,516
2.778935,72,20628.929695,medium,0.8509345794392523,2.850934579439252,2,720
3.932,68,20652.881835,medium,1.0,4.0,3,680
0.282672,72,20678.299353,medium,0.35397196261682246,0.35397196261682246,0,713
3.9498,51,20696.411702,medium,1.0,4.0,3,502
2.86624,72,20722.901657,medium,0.9382398753894081,2.9382398753894083,2,720
2.831427,72,20750.437619,medium,0.9034267912772586,2.9034267912772584,2,720
3.9491,51,20768.104451,medium,1.0,4.0,3,509
2.677688,72,20792.761638,medium,0.7496884735202493,2.749688473520249,2,720
2.887579,72,20818.349936,medium,0.9595794392523365,2.9595794392523365,2,720
2.880414,72,20843.707188,medium,0.9524143302180685,2.9524143302180685,2,720
3.9304,70,20869.108466,medium,1.0,4.0,3,696
2.807938,71,20894.631589,medium,0.8787383177570094,2.8787383177570094,2,708
3.9322,68,20919.799857,medium,1.0,4.0,3,678
2.831827,72,20944.844673,medium,0.9034267912772586,2.9034267912772584,2,716
2.782751,72,20971.325766,medium,0.8547507788161994,2.854750778816199,2,720
2.546231,69,20996.864663,medium,0.615031152647975,2.6150311526479753,2,688
0.413433,70,21022.108135,medium,0.48333333333333334,0.48333333333333334,0,699
2.772269,55,21041.226049,medium,0.8268691588785047,2.8268691588785044,2,546
2.699284,64,21063.222373,medium,0.7630841121495328,2.763084112149533,2,638
2.647433,53,21082.326607,medium,0.6995327102803738,2.6995327102803737,2,521
3.9493,51,21102.06177,medium,1.0,4.0,3,507
2.879118,60,21123.105844,medium,0.9383177570093458,2.938317757009346,2,592
2.475936,51,21141.509019,medium,0.5266355140186916,2.5266355140186914,2,507
2.645195,52,21160.126966,medium,0.6964953271028037,2.6964953271028036,2,513
2.910718,70,21185.629043,medium,0.9802180685358255,2.9802180685358257,2,695
2.497956,61,21207.452319,medium,0.5589563862928348,2.558956386292835,2,610
0.423382,72,21233.338527,medium,0.49478193146417443,0.49478193146417443,0,714
2.635321,72,21259.609968,medium,0.7073208722741433,2.7073208722741433,2,720
3.931,69,21285.230539,medium,1.0,4.0,3,690
2.709455,57,21305.369978,medium,0.7663551401869159,2.7663551401869158,2,569
2.633685,72,21331.917444,medium,0.7056853582554518,2.705685358255452,2,720
3.9505,50,21350.138116,medium,1.0,4.0,3,495
2.831427,72,21376.149955,medium,0.9034267912772586,2.9034267912772584,2,720
3.952,48,21393.075716,medium,1.0,4.0,3,480
2.79468,57,21413.05896,medium,0.8514797507788162,2.8514797507788163,2,568
1.44747,72,21437.867446,medium,0.5194704049844237,1.5194704049844237,1,720
2.587474,68,21459.392277,medium,0.655373831775701,2.6553738317757007,2,679
1.330552,50,21479.029941,medium,0.3804517133956386,1.3804517133956387,1,499
2.691149,71,21504.826663,medium,0.7614485981308411,2.761448598130841,2,703
2.762424,72,21531.117881,medium,0.834423676012461,2.8344236760124613,2,720
2.865695,72,21556.841364,medium,0.9376947040498442,2.9376947040498442,2,720
3.944,56,21576.659704,medium,1.0,4.0,3,560
3.9466,54,21596.776991,medium,1.0,4.0,3,534
3.9463,54,21616.166425,medium,1.0,4.0,3,537
2.727408,71,21641.144655,medium,0.7975077881619937,2.797507788161994,2,701
2.904402,72,21668.939135,medium,0.9764018691588785,2.9764018691588783,2,720
2.757712,60,21690.614707,medium,0.8172118380062305,2.8172118380062305,2,595
2.858674,56,21710.460527,medium,0.9141744548286604,2.9141744548286606,2,555
2.583735,60,21731.540034,medium,0.6428348909657321,2.642834890965732,2,591
2.748768,61,21752.611731,medium,0.8092679127725857,2.8092679127725857,2,605
2.608685,72,21778.938955,medium,0.6806853582554517,2.6806853582554515,2,720
2.905795,66,21801.981181,medium,0.9714953271028037,2.9714953271028035,2,657
3.9473,53,21820.703849,medium,1.0,4.0,3,527
3.9409,60,21844.580449,medium,1.0,4.0,3,591
2.550877,57,21865.627239,medium,0.6074766355140186,2.6074766355140184,2,566
3.9331,67,21889.876521,medium,1.0,4.0,3,669
3.9372,63,21912.237616,medium,1.0,4.0,3,628
2.629246,72,21938.183833,medium,0.7012461059190032,2.701246105919003,2,720
2.871692,72,21964.928363,medium,0.9436915887850468,2.9436915887850468,2,720
2.910263,54,21983.764967,medium,0.9638629283489096,2.9638629283489095,2,536
2.781118,66,22007.69135,medium,0.8471183800623053,2.847118380062305,2,660
2.658607,72,22034.713916,medium,0.7306074766355141,2.730607476635514,2,720
3.9484,52,22053.155755,medium,1.0,4.0,3,516
3.9491,51,22071.584428,medium,1.0,4.0,3,509
1.490288,59,22091.449231,medium,0.54898753894081,1.54898753894081,1,587
2.584978,66,22115.502591,medium,0.6500778816199377,2.6500778816199375,2,651
2.865695,72,22140.274343,medium,0.9376947040498442,2.9376947040498442,2,720
2.559464,72,22165.25361,medium,0.6314641744548286,2.6314641744548286,2,720
2.785715,68,22187.266116,medium,0.8531152647975078,2.8531152647975078,2,674
3.9408,60,22209.108991,medium,1.0,4.0,3,592
2.85095,62,22228.091834,medium,0.9121495327102803,2.91214953271028,2,612
2.609759,60,22246.879287,medium,0.6691588785046729,2.669158878504673,2,594
2.827455,72,22270.380365,medium,0.8994548286604361,2.8994548286604362,2,720
3.9357,65,22291.808677,medium,1.0,4.0,3,643
2.770212,72,22316.085757,medium,0.8422118380062306,2.8422118380062305,2,720
2.887502,72,22341.865707,medium,0.9595015576323987,2.959501557632399,2,720
0.264159,55,22362.816133,medium,0.3191588785046729,0.3191588785046729,0,550
2.841968,68,22389.489913,medium,0.9092679127725857,2.909267912772586,2,673
1.413211,54,22408.07713,medium,0.4665109034267913,1.4665109034267914,1,533
2.654921,53,22426.87875,medium,0.7073208722741433,2.7073208722741433,2,524
2.830492,72,22450.989611,medium,0.9024922118380062,2.9024922118380063,2,720
1.455144,70,22473.156207,medium,0.5248442367601246,1.5248442367601247,1,697
3.9403,60,22492.804276,medium,1.0,4.0,3,597
2.496817,66,22517.328988,medium,0.5626168224299065,2.5626168224299066,2,658
2.524859,53,22537.695875,medium,0.5772585669781931,2.577258566978193,2,524
3.9427,58,22562.475412,medium,1.0,4.0,3,573
2.760399,72,22588.703451,medium,0.832398753894081,2.832398753894081,2,720
2.81219,72,22614.241019,medium,0.8841900311526479,2.884190031152648,2,720
2.787813,72,22640.006451,medium,0.8598130841121495,2.8598130841121496,2,720
3.9516,49,22658.340101,medium,1.0,4.0,3,484
2.493971,52,22675.697732,medium,0.5451713395638629,2.545171339563863,2,512
3.964,36,22688.380198,medium,1.0,4.0,3,360
2.771895,66,22711.951127,medium,0.8376947040498443,2.837694704049844,2,658
3.9348,66,22736.075645,medium,1.0,4.0,3,652
2.898153,58,22758.353228,medium,0.9561526479750779,2.956152647975078,2,580
1.63353,72,22783.921048,medium,0.7055295950155763,1.7055295950155762,1,720
2.854713,72,22809.981909,medium,0.9267133956386293,2.9267133956386293,2,720
3.9399,61,22831.110515,medium,1.0,4.0,3,601
2.920879,64,22854.170013,medium,0.9845794392523365,2.9845794392523364,2,637
2.669667,72,22880.459697,medium,0.7416666666666667,2.7416666666666667,2,720
2.680399,52,22897.768271,medium,0.732398753894081,2.7323987538940813,2,520
2.812735,72,22921.868088,medium,0.8847352024922118,2.884735202492212,2,720
2.818109,72,22947.447904,medium,0.8901090342679128,2.8901090342679128,2,720
3.9376,63,22967.134073,medium,1.0,4.0,3,624
2.855721,60,22986.417247,medium,0.9154205607476635,2.9154205607476635,2,597
2.466785,72,23010.003958,medium,0.538785046728972,2.538785046728972,2,720
3.9317,69,23033.920576,medium,1.0,4.0,3,683
2.769091,58,23053.135945,medium,0.8267912772585669,2.826791277258567,2,577
2.654488,54,23072.154691,medium,0.7077881619937695,2.7077881619937694,2,533
2.733308,65,23094.355637,medium,0.7975077881619937,2.797507788161994,2,642
2.43057,72,23121.077734,medium,0.5025700934579439,2.502570093457944,2,720
2.591377,58,23139.835575,medium,0.6493769470404984,2.6493769470404986,2,580
2.723846,61,23159.644472,medium,0.7843457943925234,2.7843457943925234,2,605
3.941,59,23178.698695,medium,1.0,4.0,3,590
2.58217,71,23202.27746,medium,0.6525700934579439,2.652570093457944,2,704
2.743069,50,23218.494915,medium,0.7930685358255452,2.793068535825545,2,500
3.9316,69,23240.86505,medium,1.0,4.0,3,684
2.615336,62,23261.408202,medium,0.6766355140186916,2.6766355140186917,2,613
2.7254,67,23286.377389,medium,0.7919003115264798,2.7919003115264798,2,665
2.63475,70,23308.631922,medium,0.7040498442367601,2.70404984423676,2,693
2.792486,72,23331.464391,medium,0.8644859813084113,2.864485981308411,2,720
2.698852,57,23349.257835,medium,0.7554517133956387,2.7554517133956384,2,566
1.457445,60,23368.757932,medium,0.5167445482866043,1.5167445482866042,1,593
3.9371,63,23389.165904,medium,1.0,4.0,3,629
2.636066,55,23406.848097,medium,0.6909657320872274,2.6909657320872276,2,549
2.58462,72,23431.523191,medium,0.6566199376947041,2.656619937694704,2,720
2.873136,63,23455.980506,medium,0.9354361370716511,2.935436137071651,2,623
3.9493,51,23472.276555,medium,1.0,4.0,3,507
2.65664,66,23494.062417,medium,0.7220404984423676,2.7220404984423676,2,654
2.878234,72,23517.514433,medium,0.9502336448598131,2.950233644859813,2,720
3.9343,66,23539.049602,medium,1.0,4.0,3,657
2.541717,55,23556.950345,medium,0.596417445482866,2.596417445482866,2,547
2.874885,72,23580.561099,medium,0.9468847352024922,2.946884735202492,2,720
2.69124,72,23604.386353,medium,0.7632398753894081,2.763239875389408,2,720
3.9535,47,23625.103691,medium,1.0,4.0,3,465
3.9454,55,23644.63163,medium,1.0,4.0,3,546
2.737836,65,23667.900019,medium,0.8023364485981308,2.8023364485981306,2,645
2.6916,59,23688.784171,medium,0.75,2.75,2,584
3.9505,50,23705.919671,medium,1.0,4.0,3,495
2.736879,72,23732.147947,medium,0.8088785046728972,2.8088785046728972,2,720
1.414059,72,23757.896053,medium,0.48605919003115267,1.4860591900311526,1,720
2.610484,61,23779.465866,medium,0.6711838006230529,2.671183800623053,2,607
2.73532,55,23801.282758,medium,0.7897196261682243,2.789719626168224,2,544
2.909308,72,23827.56508,medium,0.9813084112149533,2.981308411214953,2,720
2.883218,72,23853.624812,medium,0.9552180685358256,2.9552180685358254,2,720
2.534753,56,23874.201371,medium,0.5899532710280374,2.5899532710280373,2,552
2.488748,72,23900.598647,medium,0.5607476635514018,2.560747663551402,2,720
3.9495,51,23918.972695,medium,1.0,4.0,3,505
3.9434,57,23938.651673,medium,1.0,4.0,3,566
2.667471,69,23961.779006,medium,0.7363707165109035,2.7363707165109035,2,689
3.944,56,23983.082458,medium,1.0,4.0,3,560
2.548531,50,24001.338713,medium,0.5981308411214953,2.5981308411214954,2,496
2.856653,67,24025.79589,medium,0.9230529595015576,2.9230529595015575,2,664
2.876598,72,24051.364215,medium,0.9485981308411215,2.9485981308411215,2,720
2.882685,57,24072.367013,medium,0.938785046728972,2.938785046728972,2,561
3.9394,61,24094.900554,medium,1.0,4.0,3,606
2.592049,62,24116.863729,medium,0.6533489096573208,2.653348909657321,2,613
2.79747,72,24143.564165,medium,0.8694704049844236,2.8694704049844235,2,720
3.9445,56,24163.907583,medium,1.0,4.0,3,555
2.756894,72,24191.151511,medium,0.8288940809968848,2.8288940809968848,2,720
2.481123,53,24209.986513,medium,0.5337227414330218,2.5337227414330217,2,526
2.785028,61,24231.158718,medium,0.8460280373831776,2.8460280373831774,2,610
1.432647,53,24250.487189,medium,0.4850467289719626,1.4850467289719627,1,524
2.566084,72,24276.45884,medium,0.6380841121495328,2.638084112149533,2,720
3.9507,50,24295.411054,medium,1.0,4.0,3,493
2.73924,58,24318.484924,medium,0.7963395638629284,2.7963395638629285,2,571
2.865695,72,24344.730667,medium,0.9376947040498442,2.9376947040498442,2,720
3.9318,69,24371.363245,medium,1.0,4.0,3,682
3.9425,58,24392.46223,medium,1.0,4.0,3,575
1.382382,55,24411.202972,medium,0.4366822429906542,1.4366822429906543,1,543
2.631427,72,24437.545148,medium,0.7034267912772586,2.7034267912772587,2,720
2.727813,66,24461.625898,medium,0.7929127725856698,2.79291277258567,2,651
2.907673,72,24487.474611,medium,0.9796728971962617,2.9796728971962616,2,720
2.831427,72,24513.701213,medium,0.9034267912772586,2.9034267912772584,2,720
2.865695,72,24540.489614,medium,0.9376947040498442,2.9376947040498442,2,720
2.714036,55,24560.523967,medium,0.7685358255451713,2.7685358255451713,2,545
2.484265,56,24580.277974,medium,0.5402647975077881,2.5402647975077883,2,560
1.416067,60,24602.024073,medium,0.47546728971962615,1.4754672897196262,1,594
2.564449,72,24628.434919,medium,0.6364485981308411,2.636448598130841,2,720
1.440332,59,24650.259431,medium,0.49883177570093457,1.4988317757009346,1,585
2.667438,62,24672.939761,medium,0.7287383177570094,2.7287383177570095,2,613
2.740952,65,24696.249007,medium,0.8054517133956386,2.8054517133956387,2,645
2.625558,51,24715.173635,medium,0.6765576323987539,2.6765576323987537,2,510
3.9315,69,24740.733549,medium,1.0,4.0,3,685
2.737657,72,24767.085386,medium,0.8096573208722742,2.809657320872274,2,720
3.9405,60,24789.030119,medium,1.0,4.0,3,595
2.770212,72,24815.950674,medium,0.8422118380062306,2.8422118380062305,2,720
2.599872,55,24835.836397,medium,0.6539719626168224,2.6539719626168226,2,541
2.682684,64,24858.766131,medium,0.746183800623053,2.746183800623053,2,635
2.747704,72,24884.358916,medium,0.8197040498442367,2.819704049844237,2,720
2.670913,72,24910.866381,medium,0.7429127725856698,2.7429127725856697,2,720
3.9324,68,24937.390311,medium,1.0,4.0,3,676
2.736942,62,24960.188018,medium,0.7984423676012461,2.798442367601246,2,615
3.929,71,24985.884269,medium,1.0,4.0,3,710
2.657999,59,25007.351562,medium,0.7161993769470405,2.7161993769470403,2,582
2.895134,72,25033.852063,medium,0.9671339563862928,2.967133956386293,2,720
3.9373,63,25057.075047,medium,1.0,4.0,3,627
3.9477,53,25077.434858,medium,1.0,4.0,3,523
2.611707,69,25102.477904,medium,0.680607476635514,2.680607476635514,2,689
3.9388,62,25127.13368,medium,1.0,4.0,3,612
3.9571,43,25142.046387,medium,1.0,4.0,3,429
3.9343,66,25165.774586,medium,1.0,4.0,3,657
2.693729,70,25191.50849,medium,0.7636292834890965,2.7636292834890965,2,699
2.737585,69,25216.428657,medium,0.8056853582554517,2.8056853582554515,2,681
3.9456,55,25236.546235,medium,1.0,4.0,3,544
3.9366,64,25259.704706,medium,1.0,4.0,3,634
2.801931,55,25278.307763,medium,0.8569314641744549,2.8569314641744548,2,550
3.9451,55,25300.670415,medium,1.0,4.0,3,549
2.63928,63,25323.621405,medium,0.7014797507788162,2.701479750778816,2,622
3.9418,59,25345.147825,medium,1.0,4.0,3,582
2.71132,54,25365.32504,medium,0.7647196261682243,2.7647196261682243,2,534
3.9492,51,25384.689169,medium,1.0,4.0,3,508
2.58266,55,25404.91801,medium,0.636760124610592,2.636760124610592,2,541
2.684109,65,25427.837003,medium,0.748208722741433,2.748208722741433,2,641
2.807687,66,25451.249107,medium,0.8732866043613707,2.873286604361371,2,656
2.907866,67,25476.311686,medium,0.974766355140187,2.974766355140187,2,669
2.579791,72,25505.02851,medium,0.651791277258567,2.651791277258567,2,720
3.9469,54,25524.788968,medium,1.0,4.0,3,531
2.73994,57,25546.13114,medium,0.7963395638629284,2.7963395638629285,2,564
3.9556,45,25562.597689,medium,1.0,4.0,3,444
2.495359,57,25583.147142,medium,0.5522585669781932,2.5522585669781934,2,569
3.952,48,25600.252017,medium,1.0,4.0,3,480
2.927844,72,25625.976202,medium,0.9998442367601246,2.999844236760125,2,720
2.944532,55,25647.264783,medium,0.9988317757009346,2.9988317757009346,2,543
2.817496,55,25667.337256,medium,0.872196261682243,2.8721962616822427,2,547
3.9582,42,25684.301663,medium,1.0,4.0,3,418
2.567019,72,25709.961153,medium,0.639018691588785,2.639018691588785,2,720
2.857298,67,25734.887525,medium,0.9235981308411215,2.9235981308411216,2,663
2.627963,69,25759.606606,medium,0.6969626168224299,2.6969626168224297,2,690
2.739107,67,25783.136422,medium,0.805607476635514,2.805607476635514,2,665
2.829783,50,25801.206932,medium,0.8792834890965732,2.879283489096573,2,495
3.9497,51,25820.557664,medium,1.0,4.0,3,503
2.780025,72,25846.628586,medium,0.8520249221183801,2.85202492211838,2,720
2.716784,72,25873.688439,medium,0.7880841121495327,2.788084112149533,2,713
3.9491,51,25891.650407,medium,1.0,4.0,3,509
3.9362,64,25915.982157,medium,1.0,4.0,3,638
2.769904,67,25940.151292,medium,0.8366043613707165,2.8366043613707164,2,667
3.9516,49,25957.045254,medium,1.0,4.0,3,484
3.9402,60,25977.749279,medium,1.0,4.0,3,598
2.637898,52,25996.877255,medium,0.689797507788162,2.689797507788162,2,519
1.396992,56,26017.742784,medium,0.45249221183800625,1.4524922118380061,1,555
2.51262,53,26036.950303,medium,0.5647196261682244,2.564719626168224,2,521
2.660286,63,26061.940662,medium,0.7225856697819315,2.7225856697819317,2,623
2.847492,72,26088.709666,medium,0.9186915887850468,2.918691588785047,2,712
2.631353,67,26113.593752,medium,0.6980529595015577,2.698052959501558,2,667
3.9587,42,26128.857128,medium,1.0,4.0,3,413
1.479654,70,26154.26104,medium,0.5487538940809968,1.5487538940809968,1,691
2.876182,69,26180.27419,medium,0.9447819314641744,2.9447819314641746,2,686
3.9398,61,26203.150009,medium,1.0,4.0,3,602
3.9431,57,26224.076906,medium,1.0,4.0,3,569
2.685399,72,26252.899301,medium,0.757398753894081,2.7573987538940807,2,720
2.862346,56,26273.548596,medium,0.9181464174454829,2.9181464174454828,2,558
3.9418,59,26295.024737,medium,1.0,4.0,3,582
2.590645,52,26313.680371,medium,0.6417445482866043,2.641744548286604,2,511
1.495696,60,26336.08877,medium,0.5552959501557633,1.5552959501557633,1,596
3.9553,45,26352.565355,medium,1.0,4.0,3,447
2.69951,67,26377.489118,medium,0.765809968847352,2.765809968847352,2,663
2.875508,72,26404.08337,medium,0.9475077881619938,2.9475077881619938,2,720
2.435118,71,26432.487041,medium,0.5052180685358255,2.5052180685358256,2,701
3.9469,54,26452.923639,medium,1.0,4.0,3,531
2.66476,72,26478.935677,medium,0.7367601246105919,2.736760124610592,2,720
2.820913,72,26506.095861,medium,0.8929127725856698,2.89291277258567,2,720
2.82691,72,26532.707103,medium,0.8989096573208722,2.898909657320872,2,720
3.9294,71,26559.498033,medium,1.0,4.0,3,706
3.9449,56,26581.209315,medium,1.0,4.0,3,551
2.790724,61,26604.013363,medium,0.8513239875389408,2.8513239875389407,2,606
2.821737,57,26627.074277,medium,0.8780373831775701,2.87803738317757,2,563
2.719044,72,26652.261709,medium,0.7910436137071651,2.7910436137071652,2,720
1.498599,68,26676.918256,medium,0.5661993769470405,1.5661993769470404,1,676
3.9424,58,26698.204938,medium,1.0,4.0,3,576
2.62964,59,26719.897725,medium,0.6882398753894081,2.6882398753894083,2,586
2.831427,72,26746.546017,medium,0.9034267912772586,2.9034267912772584,2,720
2.579713,72,26772.121884,medium,0.6517133956386293,2.6517133956386294,2,720
3.9444,56,26792.360163,medium,1.0,4.0,3,556
3.945,55,26814.966866,medium,1.0,4.0,3,550
2.705804,72,26841.03613,medium,0.777803738317757,2.7778037383177567,2,720
3.9439,57,26862.023257,medium,1.0,4.0,3,561
3.9498,51,26881.431305,medium,1.0,4.0,3,502
2.871821,69,26906.731159,medium,0.9404205607476636,2.9404205607476634,2,686
3.95,50,26926.355302,medium,1.0,4.0,3,500
2.800196,72,26952.709199,medium,0.872196261682243,2.8721962616822427,2,720
2.605575,51,26971.804393,medium,0.6560747663551402,2.65607476635514,2,505
3.9437,57,26993.445686,medium,1.0,4.0,3,563
2.533768,59,27016.535289,medium,0.5923676012461059,2.5923676012461057,2,586
2.465478,68,27041.962682,medium,0.5331775700934579,2.533177570093458,2,677
2.449529,56,27062.667957,medium,0.5048286604361371,2.504828660436137,2,553
2.774573,56,27083.45027,medium,0.8296728971962617,2.8296728971962617,2,551
3.9349,66,27107.645197,medium,1.0,4.0,3,651
2.683276,58,27128.123663,medium,0.7405763239875389,2.740576323987539,2,573
3.9427,58,27149.110519,medium,1.0,4.0,3,573
2.486494,51,27167.905623,medium,0.536993769470405,2.536993769470405,2,505
2.506823,61,27190.950204,medium,0.5675233644859813,2.5675233644859814,2,607
3.9459,55,27211.952013,medium,1.0,4.0,3,541
2.656789,60,27234.754138,medium,0.716588785046729,2.7165887850467287,2,598
2.6611,72,27261.440591,medium,0.7330996884735203,2.73309968847352,2,720
2.88205,72,27287.85235,medium,0.9540498442367601,2.95404984423676,2,720
3.9411,59,27309.022018,medium,1.0,4.0,3,589
2.547209,60,27330.475821,medium,0.6070093457943925,2.6070093457943924,2,598
3.9496,51,27348.797621,medium,1.0,4.0,3,504
3.9422,58,27370.135858,medium,1.0,4.0,3,578
2.619962,61,27394.47478,medium,0.6800623052959501,2.6800623052959502,2,601
2.789138,56,27415.433643,medium,0.8449376947040499,2.8449376947040497,2,558
2.507126,55,27436.291045,medium,0.5615264797507789,2.561526479750779,2,544
2.680981,72,27463.827871,medium,0.7521806853582554,2.7521806853582556,2,712
3.9408,60,27485.486658,medium,1.0,4.0,3,592
1.428315,50,27503.789238,medium,0.47811526479750777,1.4781152647975078,1,498
2.899495,72,27529.511315,medium,0.9714953271028037,2.9714953271028035,2,720
2.64566,58,27551.108898,medium,0.7036604361370716,2.7036604361370715,2,580
3.9398,61,27575.742153,medium,1.0,4.0,3,602
3.9326,68,27601.018641,medium,1.0,4.0,3,674
2.816886,65,27624.783185,medium,0.881386292834891,2.881386292834891,2,645
2.568231,55,27647.218197,medium,0.6231308411214953,2.6231308411214953,2,549
2.838514,72,27674.577057,medium,0.9105140186915888,2.9105140186915888,2,720
3.9439,57,27694.927097,medium,1.0,4.0,3,561
3.9498,51,27713.007717,medium,1.0,4.0,3,502
2.47369,53,27731.715254,medium,0.5260903426791277,2.5260903426791277,2,524
2.817126,69,27755.882574,medium,0.8858255451713396,2.8858255451713397,2,687
3.9312,69,27782.751866,medium,1.0,4.0,3,688
3.9379,63,27805.110096,medium,1.0,4.0,3,621
2.78314,72,27832.353162,medium,0.8551401869158879,2.8551401869158877,2,720
2.90004,72,27859.337616,medium,0.9720404984423676,2.9720404984423676,2,720
3.9395,61,27881.413069,medium,1.0,4.0,3,605
2.546118,51,27900.211925,medium,0.5971183800623053,2.597118380062305,2,510
0.396556,63,27924.205406,medium,0.4589563862928349,0.4589563862928349,0,624
3.9468,54,27944.355773,medium,1.0,4.0,3,532
3.9549,46,27962.979975,medium,1.0,4.0,3,451
3.945,55,27982.611573,medium,1.0,4.0,3,550
2.514188,52,28000.910127,medium,0.5658878504672897,2.5658878504672895,2,517
3.9397,61,28022.914435,medium,1.0,4.0,3,603
2.740337,63,28045.135035,medium,0.8030373831775701,2.8030373831775703,2,627
2.908296,72,28071.72559,medium,0.9802959501557632,2.9802959501557633,2,720
3.9362,64,28095.960286,medium,1.0,4.0,3,638
2.759552,55,28115.562685,medium,0.8142523364485982,2.814252336448598,2,547
2.734231,72,28143.510799,medium,0.8062305295950156,2.8062305295950156,2,720
2.896643,53,28163.964228,medium,0.9491433021806853,2.949143302180685,2,525
3.9412,59,28186.484958,medium,1.0,4.0,3,588
3.941,59,28208.702271,medium,1.0,4.0,3,590
2.826257,59,28230.358873,medium,0.8846573208722741,2.8846573208722743,2,584
2.769121,72,28256.519161,medium,0.8411214953271028,2.8411214953271027,2,720
3.954,46,28272.767255,medium,1.0,4.0,3,460
2.696123,63,28294.967979,medium,0.7587227414330218,2.7587227414330218,2,626
3.9512,49,28312.86064,medium,1.0,4.0,3,488
2.779486,60,28336.15518,medium,0.8394859813084112,2.8394859813084112,2,600
2.6873,63,28359.031955,medium,0.75,2.75,2,627
2.899573,72,28385.250085,medium,0.9715732087227414,2.9715732087227416,2,720
3.937,63,28408.03523,medium,1.0,4.0,3,630
2.833374,72,28434.656578,medium,0.905373831775701,2.9053738317757007,2,720
2.654947,72,28460.417488,medium,0.7269470404984424,2.7269470404984424,2,720
3.9529,48,28477.806582,medium,1.0,4.0,3,471
3.9529,48,28495.157443,medium,1.0,4.0,3,471
2.854636,72,28523.105025,medium,0.9266355140186916,2.9266355140186917,2,720
2.720445,72,28550.07978,medium,0.7924454828660437,2.792445482866044,2,720
1.392299,66,28574.006652,medium,0.457398753894081,1.457398753894081,1,651
3.9541,46,28590.510936,medium,1.0,4.0,3,459
2.733354,58,28612.052091,medium,0.7906542056074767,2.790654205607477,2,573
3.9453,55,28631.429868,medium,1.0,4.0,3,547
2.520368,72,28657.690064,medium,0.5923676012461059,2.5923676012461057,2,720
3.9327,68,28682.453226,medium,1.0,4.0,3,673
2.649106,72,28710.741328,medium,0.7211059190031153,2.721105919003115,2,720
3.9364,64,28734.061213,medium,1.0,4.0,3,636
3.9396,61,28757.144193,medium,1.0,4.0,3,604
3.9418,59,28778.802819,medium,1.0,4.0,3,582
2.523886,66,28804.050855,medium,0.5894859813084112,2.5894859813084112,2,656
2.824957,60,28826.2464,medium,0.8846573208722741,2.8846573208722743,2,597
3.9427,58,28846.883383,medium,1.0,4.0,3,573
2.794836,66,28870.91706,medium,0.8604361370716511,2.860436137071651,2,656
3.9292,71,28898.049046,medium,1.0,4.0,3,708
3.9545,46,28914.389879,medium,1.0,4.0,3,455
2.66144,69,28939.322856,medium,0.7301401869158879,2.7301401869158877,2,687
2.678629,52,28958.327137,medium,0.729828660436137,2.7298286604361373,2,512
2.531882,55,28978.750622,medium,0.5866822429906542,2.586682242990654,2,548
2.73474,62,29001.616554,medium,0.7963395638629284,2.7963395638629285,2,616
3.9446,56,29022.669485,medium,1.0,4.0,3,554
2.845601,72,29049.18985,medium,0.917601246105919,2.917601246105919,2,720
3.9447,56,29069.785959,medium,1.0,4.0,3,553
3.9568,44,29086.675473,medium,1.0,4.0,3,432
3.9441,56,29107.08692,medium,1.0,4.0,3,559
3.9492,51,29126.643959,medium,1.0,4.0,3,508
2.738457,55,29147.814731,medium,0.7927570093457944,2.7927570093457943,2,543
2.505562,50,29166.538253,medium,0.5550623052959501,2.5550623052959502,2,495
3.9449,56,29187.534154,medium,1.0,4.0,3,551
2.831427,72,29214.918236,medium,0.9034267912772586,2.9034267912772584,2,720
2.73384,63,29237.941663,medium,0.7963395638629284,2.7963395638629285,2,625
3.9405,60,29259.167248,medium,1.0,4.0,3,595
2.490695,72,29288.372491,medium,0.5626947040498442,2.5626947040498442,2,720
2.60043,72,29315.301136,medium,0.672429906542056,2.672429906542056,2,720
2.831427,72,29342.500969,medium,0.9034267912772586,2.9034267912772584,2,720
2.766248,54,29362.830028,medium,0.8195482866043614,2.8195482866043613,2,533
2.734891,50,29382.041256,medium,0.7848909657320873,2.784890965732087,2,500
3.9349,66,29405.759551,medium,1.0,4.0,3,651
3.9556,45,29422.936681,medium,1.0,4.0,3,444
2.662053,53,29442.353613,medium,0.7149532710280374,2.7149532710280373,2,529
3.9498,51,29461.701504,medium,1.0,4.0,3,502
2.646698,52,29482.906724,medium,0.6985981308411215,2.6985981308411215,2,519
2.914838,72,29509.188891,medium,0.9868380062305296,2.9868380062305295,2,720
2.611148,59,29531.778869,medium,0.6695482866043614,2.6695482866043614,2,584
2.728816,50,29549.885,medium,0.778816199376947,2.778816199376947,2,500
2.568141,63,29573.645108,medium,0.6308411214953271,2.630841121495327,2,627
2.774028,72,29599.481516,medium,0.8460280373831776,2.8460280373831774,2,720
2.871869,72,29626.251909,medium,0.9437694704049844,2.9437694704049844,2,719
2.828,72,29653.163955,medium,0.9,2.9,2,720
2.914137,72,29682.386392,medium,0.9861370716510903,2.98613707165109,2,720
2.835788,72,29709.275432,medium,0.9077881619937694,2.9077881619937695,2,720
3.9519,49,29727.742052,medium,1.0,4.0,3,481
3.9481,52,29747.968158,medium,1.0,4.0,3,519
3.9421,58,29769.827165,medium,1.0,4.0,3,579
2.866997,56,29790.542434,medium,0.9228971962616822,2.9228971962616823,2,559
2.73096,72,29817.619877,medium,0.8029595015576324,2.8029595015576323,2,720
2.827284,69,29844.261009,medium,0.8961838006230529,2.896183800623053,2,689
2.745379,56,29866.171191,medium,0.800778816199377,2.8007788161993767,2,554
2.674229,56,29887.460579,medium,0.729828660436137,2.7298286604361373,2,556
2.896969,72,29914.951169,medium,0.9687694704049844,2.9687694704049843,2,718
2.496007,51,29934.477703,medium,0.5468068535825545,2.5468068535825545,2,508
3.9507,50,29951.692474,medium,1.0,4.0,3,493
3.9512,49,29970.205422,medium,1.0,4.0,3,488
3.9504,50,29988.687038,medium,1.0,4.0,3,496
3.9582,42,30004.948194,medium,1.0,4.0,3,418
3.9284,72,30031.675616,medium,1.0,4.0,3,716
2.589249,56,30054.435081,medium,0.6452492211838006,2.645249221183801,2,560
2.792664,55,30075.804579,medium,0.8476635514018691,2.847663551401869,2,550
3.9329,68,30101.021558,medium,1.0,4.0,3,671
3.9375,63,30125.006597,medium,1.0,4.0,3,625
2.642088,58,30146.924039,medium,0.6996884735202492,2.6996884735202493,2,576
3.9351,65,30171.261787,medium,1.0,4.0,3,649
3.9424,58,30193.283792,medium,1.0,4.0,3,576
2.686467,56,30213.550658,medium,0.7416666666666667,2.7416666666666667,2,552
2.695248,50,30232.471244,medium,0.7445482866043613,2.7445482866043616,2,493
2.67248,71,30260.791241,medium,0.743380062305296,2.743380062305296,2,709
2.525431,65,30285.098149,medium,0.5900311526479751,2.590031152647975,2,646
3.9512,49,30302.343731,medium,1.0,4.0,3,488
2.574106,72,30329.693846,medium,0.6461059190031153,2.6461059190031153,2,720
2.769207,62,30353.556618,medium,0.830607476635514,2.830607476635514,2,614
0.332066,51,30372.317546,medium,0.3828660436137072,0.3828660436137072,0,508
3.9316,69,30397.503901,medium,1.0,4.0,3,684
3.9465,54,30417.374507,medium,1.0,4.0,3,535
3.9477,53,30439.308472,medium,1.0,4.0,3,523
3.9494,51,30459.085855,medium,1.0,4.0,3,506
2.796298,70,30484.463989,medium,0.8654984423676012,2.8654984423676013,2,692
2.87543,72,30511.909822,medium,0.947429906542056,2.947429906542056,2,720
2.653827,59,30534.557766,medium,0.7122274143302181,2.712227414330218,2,584
2.542305,54,30554.864187,medium,0.5954049844236761,2.595404984423676,2,531
3.9449,56,30576.199443,medium,1.0,4.0,3,551
1.408337,53,30595.487958,medium,0.46113707165109036,1.4611370716510903,1,528
3.9425,58,30617.010072,medium,1.0,4.0,3,575
2.653638,59,30640.904068,medium,0.7118380062305296,2.7118380062305296,2,582
3.9484,52,30660.680187,medium,1.0,4.0,3,516
2.725508,72,30687.595177,medium,0.7975077881619937,2.797507788161994,2,720
1.542252,72,30715.575618,medium,0.6142523364485981,1.6142523364485981,1,720
2.478491,57,30736.626205,medium,0.5348909657320873,2.534890965732087,2,564
2.640935,60,30758.821613,medium,0.7009345794392523,2.7009345794392523,2,600
2.85814,72,30786.081483,medium,0.9301401869158878,2.930140186915888,2,720
2.581677,51,30805.914286,medium,0.6324766355140187,2.632476635514019,2,508
3.9455,55,30827.609033,medium,1.0,4.0,3,545
2.650324,51,30846.361756,medium,0.7013239875389408,2.7013239875389408,2,510
2.773084,65,30870.420652,medium,0.8380841121495327,2.8380841121495326,2,650
3.9664,34,30883.812645,medium,1.0,4.0,3,336
2.81287,65,30908.641431,medium,0.8775700934579439,2.877570093457944,2,647
3.9506,50,30927.373073,medium,1.0,4.0,3,494
3.954,46,30944.869472,medium,1.0,4.0,3,460
2.860813,66,30968.768651,medium,0.9267133956386293,2.9267133956386293,2,659
2.725635,60,30990.48801,medium,0.7847352024922118,2.784735202492212,2,591
2.654944,62,31014.174689,medium,0.7160436137071651,2.716043613707165,2,611
2.625769,60,31038.509171,medium,0.6849688473520249,2.684968847352025,2,592
2.47783,62,31061.885418,medium,0.5393302180685359,2.5393302180685358,2,615
3.9545,46,31078.485898,medium,1.0,4.0,3,455
2.673016,72,31105.666287,medium,0.7450155763239875,2.7450155763239876,2,720
2.871769,72,31132.816334,medium,0.9437694704049844,2.9437694704049844,2,720
2.560528,53,31151.821354,medium,0.6129283489096573,2.6129283489096573,2,524
2.825819,72,31177.929931,medium,0.8978193146417446,2.897819314641745,2,720
1.445187,54,31197.807228,medium,0.49828660436137073,1.4982866043613707,1,531
3.9517,49,31218.465839,medium,1.0,4.0,3,483
3.9445,56,31238.710969,medium,1.0,4.0,3,555
3.9406,60,31261.409373,medium,1.0,4.0,3,594
2.545212,64,31285.541826,medium,0.6091121495327103,2.6091121495327103,2,639
3.952,48,31303.62534,medium,1.0,4.0,3,480
3.9283,72,31329.784581,medium,1.0,4.0,3,717
2.653312,72,31356.865028,medium,0.7253115264797507,2.725311526479751,2,720
3.9512,49,31375.08903,medium,1.0,4.0,3,488
3.9526,48,31392.685692,medium,1.0,4.0,3,474
2.771847,72,31421.497173,medium,0.8438473520249221,2.8438473520249223,2,720
2.926347,68,31446.977601,medium,0.9938473520249221,2.9938473520249222,2,675
3.9405,60,31470.174042,medium,1.0,4.0,3,595
3.9556,45,31487.265463,medium,1.0,4.0,3,444
2.741707,72,31513.210598,medium,0.8137071651090343,2.8137071651090344,2,720
3.9498,51,31533.789119,medium,1.0,4.0,3,502
2.747711,52,31553.620711,medium,0.7996105919003115,2.7996105919003114,2,519
0.293029,54,31575.083543,medium,0.3467289719626168,0.3467289719626168,0,537
2.775118,72,31603.55775,medium,0.8471183800623053,2.847118380062305,2,720
2.752353,54,31623.177425,medium,0.8061526479750779,2.806152647975078,2,538
3.9475,53,31642.952339,medium,1.0,4.0,3,525
2.760375,63,31666.231536,medium,0.8229750778816199,2.82297507788162,2,626
1.685788,72,31692.083659,medium,0.7577881619937694,1.7577881619937694,1,720
2.548081,71,31717.188849,medium,0.6190809968847352,2.619080996884735,2,710
2.55206,52,31737.142817,medium,0.6036604361370717,2.603660436137072,2,516
3.9453,55,31758.369211,medium,1.0,4.0,3,547
2.539138,56,31778.820251,medium,0.5949376947040499,2.5949376947040497,2,558
2.749028,72,31807.954183,medium,0.8210280373831775,2.8210280373831775,2,720
2.609213,59,31829.378339,medium,0.6679127725856698,2.66791277258567,2,587
2.833062,72,31855.600148,medium,0.9050623052959501,2.9050623052959503,2,720
2.776832,72,31881.14163,medium,0.8488317757009346,2.8488317757009347,2,720
2.525741,72,31907.609487,medium,0.5977414330218068,2.597741433021807,2,720
1.425377,58,31928.819813,medium,0.4824766355140187,1.4824766355140186,1,571
3.9354,65,31953.483733,medium,1.0,4.0,3,646
2.831427,72,31981.952716,medium,0.9034267912772586,2.9034267912772584,2,720
3.944,56,32003.163388,medium,1.0,4.0,3,560
2.716219,57,32024.490603,medium,0.7728193146417446,2.772819314641745,2,566
2.732069,61,32047.406645,medium,0.7930685358255452,2.793068535825545,2,610
2.616131,66,32072.676583,medium,0.6812305295950156,2.6812305295950156,2,651
2.765305,72,32100.403491,medium,0.8373052959501558,2.8373052959501557,2,720
3.9558,45,32115.560221,medium,1.0,4.0,3,442
2.849538,71,32140.443807,medium,0.9199376947040498,2.91993769470405,2,704
2.751762,62,32163.264343,medium,0.8131619937694704,2.8131619937694703,2,614
2.619485,62,32188.430805,medium,0.6806853582554517,2.6806853582554515,2,612
2.789848,71,32214.43615,medium,0.8607476635514019,2.8607476635514018,2,709
2.810483,69,32240.524464,medium,0.8792834890965732,2.879283489096573,2,688
2.730181,64,32263.81097,medium,0.7940809968847352,2.7940809968847353,2,639
0.308374,72,32290.430214,medium,0.38037383177570094,0.38037383177570094,0,720
3.9356,65,32314.388367,medium,1.0,4.0,3,644
2.655361,66,32338.685211,medium,0.7205607476635514,2.7205607476635514,2,652
2.861723,72,32368.249926,medium,0.9337227414330218,2.933722741433022,2,720
3.9519,49,32385.944313,medium,1.0,4.0,3,481
3.9584,42,32401.915668,medium,1.0,4.0,3,416
3.9461,54,32422.1984,medium,1.0,4.0,3,539
2.593888,72,32449.147308,medium,0.6658878504672897,2.6658878504672896,2,720
3.9442,56,32471.08259,medium,1.0,4.0,3,558
3.9555,45,32487.842036,medium,1.0,4.0,3,445
2.696358,64,32512.909577,medium,0.7603582554517134,2.760358255451713,2,640
2.816871,70,32538.819844,medium,0.8863707165109034,2.8863707165109034,2,695
3.9307,70,32566.414338,medium,1.0,4.0,3,693
3.9329,68,32591.928481,medium,1.0,4.0,3,671
3.9471,53,32611.856862,medium,1.0,4.0,3,529
2.906005,57,32633.650765,medium,0.9623052959501558,2.9623052959501557,2,563
2.943287,55,32654.357667,medium,0.9982866043613707,2.998286604361371,2,550
2.906115,72,32680.403682,medium,0.9781152647975078,2.9781152647975078,2,720
2.717922,57,32701.759897,medium,0.7749221183800623,2.7749221183800623,2,570
2.843527,60,32723.214869,medium,0.9034267912772586,2.9034267912772584,2,599
2.746065,62,32746.33409,medium,0.8071651090342679,2.8071651090342677,2,611
2.85906,69,32774.650627,medium,0.9279595015576324,2.9279595015576323,2,689
3.9417,59,32796.384387,medium,1.0,4.0,3,583
0.185927,52,32815.444734,medium,0.23722741433021807,0.23722741433021807,0,513
3.9536,47,32833.802484,medium,1.0,4.0,3,464
2.831095,66,32858.411436,medium,0.8964953271028038,2.8964953271028038,2,654
2.686645,72,32885.768173,medium,0.7586448598130842,2.758644859813084,2,720
2.792874,71,32912.519504,medium,0.8634735202492212,2.8634735202492214,2,706
2.870632,62,32935.821044,medium,0.932632398753894,2.932632398753894,2,620
2.647114,56,32958.972255,medium,0.7024143302180685,2.7024143302180685,2,553
2.641872,54,32979.224443,medium,0.6958722741433022,2.6958722741433023,2,540
2.695612,55,32999.753921,medium,0.7503115264797507,2.750311526479751,2,547
2.812891,72,33026.878624,medium,0.8848909657320873,2.884890965732087,2,720
2.566907,55,33046.577818,medium,0.6218068535825545,2.6218068535825543,2,549
2.607898,57,33067.167999,medium,0.664797507788162,2.664797507788162,2,569
2.855424,54,33087.280659,medium,0.9094236760124611,2.909423676012461,2,540
2.654131,53,33107.270333,medium,0.7069314641744548,2.706931464174455,2,528
2.736801,72,33136.265134,medium,0.8088006230529595,2.8088006230529596,2,720
2.861723,72,33163.753159,medium,0.9337227414330218,2.933722741433022,2,720
2.472317,58,33185.576078,medium,0.5295171339563863,2.529517133956386,2,572
3.9415,59,33208.173463,medium,1.0,4.0,3,585
1.476725,59,33230.288891,medium,0.5351246105919003,1.5351246105919003,1,584
2.735539,69,33255.519469,medium,0.8044392523364486,2.8044392523364485,2,689
3.9522,48,33273.634312,medium,1.0,4.0,3,478
1.539682,72,33300.628132,medium,0.6116822429906542,1.6116822429906543,1,720
2.865695,72,33327.552879,medium,0.9376947040498442,2.9376947040498442,2,720
3.9468,54,33350.251548,medium,1.0,4.0,3,532
2.785201,58,33371.841072,medium,0.842601246105919,2.842601246105919,2,574
2.608769,60,33394.365814,medium,0.6680685358255452,2.668068535825545,2,593
2.883685,72,33421.189617,medium,0.9556853582554518,2.955685358255452,2,720
2.847237,72,33448.455101,medium,0.9192367601246106,2.9192367601246105,2,720
2.722081,72,33475.997414,medium,0.7940809968847352,2.7940809968847353,2,720
2.863981,72,33503.859294,medium,0.935981308411215,2.9359813084112147,2,720
0.402552,62,33528.98271,medium,0.46425233644859815,0.46425233644859815,0,617
2.806738,72,33555.462531,medium,0.8787383177570094,2.8787383177570094,2,720
3.9536,47,33573.248441,medium,1.0,4.0,3,464
2.701281,51,33590.867612,medium,0.7521806853582554,2.7521806853582556,2,509
3.9581,42,33607.219408,medium,1.0,4.0,3,419
3.9459,55,33627.78976,medium,1.0,4.0,3,541
2.787813,72,33655.766784,medium,0.8598130841121495,2.8598130841121496,2,720
2.62321,51,33675.342946,medium,0.6739096573208723,2.6739096573208725,2,507
3.9465,54,33696.207424,medium,1.0,4.0,3,535
3.9368,64,33722.624511,medium,1.0,4.0,3,632
3.9536,47,33740.592688,medium,1.0,4.0,3,464
2.745763,69,33766.099955,medium,0.8138629283489096,2.8138629283489096,2,681
3.9489,52,33785.662276,medium,1.0,4.0,3,511
2.644741,62,33809.431454,medium,0.7058411214953271,2.705841121495327,2,611
2.703532,55,33831.170136,medium,0.7576323987538941,2.757632398753894,2,541
2.660858,66,33856.953372,medium,0.7265576323987539,2.726557632398754,2,657
3.9511,49,33875.52553,medium,1.0,4.0,3,489
2.791474,72,33902.648744,medium,0.8634735202492212,2.8634735202492214,2,720
2.823561,72,33931.731952,medium,0.8955607476635514,2.895560747663551,2,720
2.752118,54,33951.611434,medium,0.8052180685358256,2.8052180685358254,2,531
2.686567,72,33977.754987,medium,0.7585669781931464,2.7585669781931466,2,720
3.9461,54,33997.711221,medium,1.0,4.0,3,539
2.697468,62,34020.775154,medium,0.7592679127725857,2.759267912772586,2,618
3.9399,61,34045.003947,medium,1.0,4.0,3,601
2.869497,54,34065.884891,medium,0.9228971962616822,2.9228971962616823,2,534
2.701019,63,34090.220811,medium,0.764018691588785,2.764018691588785,2,630
2.84331,56,34110.784123,medium,0.8989096573208722,2.898909657320872,2,556
2.865695,72,34139.706651,medium,0.9376947040498442,2.9376947040498442,2,720
3.9467,54,34160.110096,medium,1.0,4.0,3,533
2.897398,69,34186.329204,medium,0.9654984423676013,2.9654984423676014,2,681
2.726598,72,34212.977283,medium,0.7985981308411215,2.7985981308411216,2,720
3.9519,49,34230.732043,medium,1.0,4.0,3,481
2.565695,56,34251.026617,medium,0.6214953271028038,2.621495327102804,2,558
1.450101,51,34269.56597,medium,0.5007009345794392,1.5007009345794393,1,506
3.9549,46,34286.044223,medium,1.0,4.0,3,451
2.657892,53,34307.224795,medium,0.7105919003115265,2.7105919003115266,2,527
2.86495,65,34331.469978,medium,0.9290498442367601,2.92904984423676,2,641
2.769358,66,34355.979695,medium,0.8353582554517134,2.8353582554517134,2,660
3.9462,54,34376.512281,medium,1.0,4.0,3,538
2.865695,72,34404.257551,medium,0.9376947040498442,2.9376947040498442,2,720
2.867511,66,34429.546848,medium,0.9334112149532711,2.933411214953271,2,659
2.69124,72,34456.589318,medium,0.7632398753894081,2.763239875389408,2,720
2.84021,59,34478.554386,medium,0.8989096573208722,2.898909657320872,2,587
2.674847,61,34503.418642,medium,0.7350467289719627,2.7350467289719624,2,602
2.675357,51,34522.326704,medium,0.7258566978193146,2.7258566978193146,2,505
2.871146,72,34549.092158,medium,0.9431464174454829,2.943146417445483,2,720
2.653173,60,34571.567065,medium,0.712772585669782,2.712772585669782,2,596
3.9519,49,34589.632787,medium,1.0,4.0,3,481
3.9356,65,34614.205711,medium,1.0,4.0,3,644
3.9395,61,34636.436132,medium,1.0,4.0,3,605
3.9449,56,34657.40259,medium,1.0,4.0,3,551
2.858461,71,34684.293948,medium,0.9293613707165109,2.929361370716511,2,709
2.788044,62,34708.943657,medium,0.8498442367601247,2.8498442367601244,2,618
3.954,46,34727.005329,medium,1.0,4.0,3,460
3.9462,54,34747.955056,medium,1.0,4.0,3,538
2.689622,53,34768.127739,medium,0.741822429906542,2.741822429906542,2,522
2.809664,64,34791.714881,medium,0.8733644859813084,2.8733644859813086,2,637
2.675274,72,34818.654186,medium,0.7472741433021807,2.747274143302181,2,720
2.694355,72,34845.829842,medium,0.7663551401869159,2.7663551401869158,2,720
3.9334,67,34871.395238,medium,1.0,4.0,3,666
2.562034,72,34900.976208,medium,0.6340342679127726,2.6340342679127726,2,720
2.744133,56,34922.293419,medium,0.7995327102803739,2.7995327102803738,2,554
2.653467,56,34944.349571,medium,0.7085669781931464,2.7085669781931463,2,551
2.64037,63,34968.345482,medium,0.702570093457944,2.702570093457944,2,622
2.830103,72,34995.146003,medium,0.9021028037383177,2.902102803738318,2,720
3.9422,58,35017.254216,medium,1.0,4.0,3,578
2.747988,51,35036.515386,medium,0.79898753894081,2.79898753894081,2,510
2.846504,66,35061.845844,medium,0.9116043613707165,2.9116043613707165,2,651
3.9436,57,35086.11081,medium,1.0,4.0,3,564
0.36769,59,35108.413514,medium,0.4260903426791277,0.4260903426791277,0,584
3.9496,51,35127.777379,medium,1.0,4.0,3,504
3.9393,61,35150.906142,medium,1.0,4.0,3,607
2.907438,63,35175.479871,medium,0.9699376947040499,2.9699376947040497,2,625
2.831427,72,35202.652342,medium,0.9034267912772586,2.9034267912772584,2,720
3.9411,59,35225.448154,medium,1.0,4.0,3,589
3.9378,63,35248.749944,medium,1.0,4.0,3,622
2.73475,70,35275.857235,medium,0.8040498442367601,2.80404984423676,2,693
2.705278,53,35297.59515,medium,0.758177570093458,2.758177570093458,2,529
3.9543,46,35314.655987,medium,1.0,4.0,3,457
3.9479,53,35334.895119,medium,1.0,4.0,3,521
2.67807,58,35357.311801,medium,0.7356697819314642,2.735669781931464,2,576
0.215904,54,35377.820634,medium,0.26970404984423674,0.26970404984423674,0,538
3.9432,57,35399.477726,medium,1.0,4.0,3,568
2.718036,68,35424.762201,medium,0.785436137071651,2.785436137071651,2,674
2.873795,64,35448.53206,medium,0.9376947040498442,2.9376947040498442,2,639
2.827122,65,35472.222832,medium,0.891822429906542,2.891822429906542,2,647
2.723093,72,35500.221298,medium,0.7950934579439253,2.795093457943925,2,720
2.821226,65,35525.757778,medium,0.8858255451713396,2.8858255451713397,2,646
2.505648,72,35552.544987,medium,0.5776479750778816,2.5776479750778813,2,720
2.73096,72,35580.540248,medium,0.8029595015576324,2.8029595015576323,2,720
2.63364,55,35601.378832,medium,0.6882398753894081,2.6882398753894083,2,546
3.9474,53,35621.500515,medium,1.0,4.0,3,526
2.707848,53,35641.682109,medium,0.7607476635514019,2.7607476635514017,2,529
1.416629,72,35668.406056,medium,0.48862928348909657,1.4886292834890966,1,720
3.934,66,35695.556383,medium,1.0,4.0,3,660
3.9445,56,35716.669875,medium,1.0,4.0,3,555
2.850456,67,35741.578448,medium,0.9170560747663551,2.917056074766355,2,666
3.9537,47,35760.051677,medium,1.0,4.0,3,463
2.463087,53,35780.714495,medium,0.5151869158878505,2.5151869158878504,2,521
2.649981,61,35804.502207,medium,0.710981308411215,2.710981308411215,2,610
2.777844,72,35831.878638,medium,0.8498442367601247,2.8498442367601244,2,720
2.725508,72,35858.189469,medium,0.7975077881619937,2.797507788161994,2,720
3.9305,70,35887.486785,medium,1.0,4.0,3,695
2.808535,60,35910.751762,medium,0.8678348909657321,2.867834890965732,2,593
2.737874,60,35934.052933,medium,0.7972741433021807,2.7972741433021806,2,594
2.686929,60,35956.98992,medium,0.7467289719626168,2.7467289719626167,2,598
2.725508,72,35984.743175,medium,0.7975077881619937,2.797507788161994,2,720
3.9291,71,36011.132241,medium,1.0,4.0,3,709
2.81269,55,36031.155462,medium,0.8672897196261682,2.867289719626168,2,546
2.683267,59,36053.83603,medium,0.7416666666666667,2.7416666666666667,2,584
3.9497,51,36075.230619,medium,1.0,4.0,3,503
2.75448,72,36102.878822,medium,0.8264797507788162,2.826479750778816,2,720
3.9389,62,36127.267591,medium,1.0,4.0,3,611
3.946,54,36147.743284,medium,1.0,4.0,3,540
2.777221,72,36174.812449,medium,0.8492211838006231,2.849221183800623,2,720
2.449412,52,36193.903967,medium,0.5010124610591901,2.50101246105919,2,516
2.488929,50,36213.487446,medium,0.5386292834890966,2.5386292834890964,2,497
2.870601,72,36240.712673,medium,0.942601246105919,2.942601246105919,2,720
3.9574,43,36257.543292,medium,1.0,4.0,3,426
0.426964,55,36280.232469,medium,0.48146417445482864,0.48146417445482864,0,545
3.9387,62,36303.721738,medium,1.0,4.0,3,613
2.869511,72,36330.546797,medium,0.9415109034267912,2.9415109034267912,2,720
2.457702,53,36350.675916,medium,0.510202492211838,2.510202492211838,2,525
2.811645,72,36377.556346,medium,0.8836448598130842,2.883644859813084,2,720
2.816616,71,36403.719744,medium,0.8869158878504673,2.886915887850467,2,703
3.9409,60,36426.12524,medium,1.0,4.0,3,591
2.570077,55,36447.463631,medium,0.6243769470404984,2.6243769470404983,2,543
2.566996,56,36470.870339,medium,0.622196261682243,2.6221962616822427,2,552
3.9287,72,36498.372434,medium,1.0,4.0,3,713
3.9335,67,36523.860909,medium,1.0,4.0,3,665
2.918315,60,36546.586141,medium,0.9781152647975078,2.9781152647975078,2,598
2.901131,72,36575.095431,medium,0.9731308411214953,2.9731308411214954,2,720
1.454804,65,36599.964439,medium,0.5197040498442368,1.5197040498442367,1,649
2.849963,72,36627.714859,medium,0.9219626168224299,2.9219626168224297,2,720
2.831427,72,36655.845703,medium,0.9034267912772586,2.9034267912772584,2,720
2.897315,72,36682.058131,medium,0.9693146417445483,2.9693146417445484,2,720
2.831427,72,36709.110943,medium,0.9034267912772586,2.9034267912772584,2,720
3.9357,65,36733.288726,medium,1.0,4.0,3,643
2.739604,72,36759.990241,medium,0.8116043613707166,2.8116043613707165,2,720
3.9424,58,36781.255784,medium,1.0,4.0,3,576
2.563787,52,36799.950254,medium,0.6151869158878505,2.6151869158878505,2,514
2.895679,72,36825.689162,medium,0.9676791277258567,2.967679127725857,2,720
3.9545,46,36842.410111,medium,1.0,4.0,3,455
3.9384,62,36866.270873,medium,1.0,4.0,3,616
3.9454,55,36886.058621,medium,1.0,4.0,3,546
2.835627,68,36911.051107,medium,0.9034267912772586,2.9034267912772584,2,678
3.9486,52,36929.597766,medium,1.0,4.0,3,514
2.807206,72,36955.357372,medium,0.8792056074766356,2.8792056074766355,2,720
3.9442,56,36976.343285,medium,1.0,4.0,3,558
2.850768,59,36996.688179,medium,0.9092679127725857,2.909267912772586,2,585
3.938,62,37019.706406,medium,1.0,4.0,3,620
3.9588,42,37036.250885,medium,1.0,4.0,3,412
3.9413,59,37056.071957,medium,1.0,4.0,3,587
3.946,54,37075.807146,medium,1.0,4.0,3,540
3.9569,44,37091.346447,medium,1.0,4.0,3,431
3.9304,70,37116.200441,medium,1.0,4.0,3,696
2.446567,71,37140.581917,medium,0.5166666666666667,2.5166666666666666,2,701
2.799813,60,37162.080743,medium,0.8598130841121495,2.8598130841121496,2,600
2.509426,53,37179.840742,medium,0.5615264797507789,2.561526479750779,2,521
2.785953,63,37200.592077,medium,0.8480529595015577,2.848052959501558,2,621
3.9557,45,37218.326141,medium,1.0,4.0,3,443
2.732898,57,37236.264131,medium,0.789797507788162,2.789797507788162,2,569
2.774573,72,37260.444187,medium,0.8465732087227414,2.8465732087227416,2,720
2.69578,56,37279.721469,medium,0.7514797507788162,2.7514797507788162,2,557
2.865695,72,37305.693289,medium,0.9376947040498442,2.9376947040498442,2,720
3.9579,43,37320.623926,medium,1.0,4.0,3,421
2.902576,72,37345.822947,medium,0.9736760124610592,2.973676012461059,2,711
3.9311,69,37368.939901,medium,1.0,4.0,3,689
3.9538,47,37383.718346,medium,1.0,4.0,3,462
2.739437,72,37407.788071,medium,0.8111370716510904,2.8111370716510904,2,717
3.9493,51,37425.645911,medium,1.0,4.0,3,507
2.901676,72,37450.84184,medium,0.9736760124610592,2.973676012461059,2,720
2.702678,56,37469.981941,medium,0.758177570093458,2.758177570093458,2,555
3.9429,58,37489.81215,medium,1.0,4.0,3,571
3.9364,64,37510.332635,medium,1.0,4.0,3,636
3.9401,60,37530.850454,medium,1.0,4.0,3,599
2.696566,70,37553.66786,medium,0.7659657320872274,2.7659657320872273,2,694
