#{"t_start": 1778956384.8953018, "env_id": "None"}
r,l,t,profile,damage_pct,score,stars,ticks_elapsed
1.56328,72,22.497185,medium,0.6352803738317757,1.6352803738317756,1,720
1.505456,70,46.225823,medium,0.5751557632398754,1.5751557632398754,1,697
1.485747,59,66.16897,medium,0.5438473520249221,1.543847352024922,1,581
1.534854,72,90.84652,medium,0.6068535825545172,1.6068535825545172,1,720
1.499573,72,115.167048,medium,0.5715732087227414,1.5715732087227414,1,720
1.523872,72,139.609498,medium,0.5958722741433021,1.5958722741433022,1,720
2.679012,72,163.411269,medium,0.7510124610591901,2.75101246105919,2,720
2.573299,68,188.175978,medium,0.6411993769470405,2.6411993769470405,2,679
0.219016,60,207.891361,medium,0.278816199376947,0.278816199376947,0,598
0.323228,65,229.229998,medium,0.38792834890965733,0.38792834890965733,0,647
1.446233,63,250.103228,medium,0.5083333333333333,1.5083333333333333,1,621
0.169198,55,268.270722,medium,0.22359813084112148,0.22359813084112148,0,544
1.493991,66,290.283697,medium,0.5598909657320872,1.5598909657320872,1,659
0.224552,56,309.107936,medium,0.2804517133956386,0.2804517133956386,0,559
1.448584,65,331.473751,medium,0.5130841121495328,1.5130841121495329,1,645
0.264121,69,357.185367,medium,0.3323208722741433,0.3323208722741433,0,682
0.367607,63,378.649548,medium,0.430607476635514,0.430607476635514,0,630
2.825684,71,402.741642,medium,0.8961838006230529,2.896183800623053,2,705
1.641318,72,426.259447,medium,0.7133177570093457,1.7133177570093459,1,720
1.452782,67,449.416312,medium,0.5197819314641745,1.5197819314641745,1,670
2.516661,71,473.140032,medium,0.5874610591900311,2.587461059190031,2,708
0.325518,55,492.074201,medium,0.38021806853582557,0.38021806853582557,0,547
0.38042,60,511.580804,medium,0.4397196261682243,0.4397196261682243,0,593
1.577922,72,538.007772,medium,0.6499221183800623,1.6499221183800623,1,720
1.51195,68,561.381238,medium,0.5790498442367601,1.57904984423676,1,671
0.412345,56,581.005561,medium,0.4674454828660436,0.4674454828660436,0,551
0.405153,60,601.410794,medium,0.4649532710280374,0.4649532710280374,0,598
2.785477,72,625.829067,medium,0.8574766355140186,2.8574766355140184,2,720
1.482984,72,649.614895,medium,0.5549844236760124,1.5549844236760124,1,720
2.708879,67,672.914577,medium,0.7757788161993769,2.775778816199377,2,669
0.353701,72,699.754147,medium,0.42570093457943925,0.42570093457943925,0,720
0.395601,72,724.591496,medium,0.467601246105919,0.467601246105919,0,720
2.521915,65,746.282443,medium,0.586214953271028,2.586214953271028,2,643
0.327367,57,765.10036,medium,0.3835669781931464,0.3835669781931464,0,562
0.360087,72,788.835102,medium,0.4320872274143302,0.4320872274143302,0,720
1.473708,58,808.021998,medium,0.5313084112149533,1.5313084112149533,1,576
1.44676,57,827.401048,medium,0.5036604361370717,1.5036604361370718,1,569
0.346929,58,846.391187,medium,0.4048286604361371,0.4048286604361371,0,579
0.355632,61,866.766578,medium,0.41573208722741434,0.41573208722741434,0,601
2.828264,71,893.251045,medium,0.8983644859813084,2.8983644859813085,2,701
0.379885,59,914.077641,medium,0.43878504672897195,0.43878504672897195,0,589
0.36515,72,939.234156,medium,0.4371495327102804,0.4371495327102804,0,720
0.425667,66,959.58687,medium,0.49166666666666664,0.49166666666666664,0,660
2.613388,61,978.749761,medium,0.67398753894081,2.67398753894081,2,606
1.493875,63,999.603857,medium,0.5560747663551402,1.5560747663551402,1,622
0.360125,67,1021.6115,medium,0.42702492211838006,0.42702492211838006,0,669
0.205025,72,1047.776207,medium,0.27702492211838003,0.27702492211838003,0,720
2.60152,72,1071.874047,medium,0.6735202492211838,2.673520249221184,2,720
2.691785,72,1096.274408,medium,0.763785046728972,2.763785046728972,2,720
2.554324,72,1121.592908,medium,0.6263239875389408,2.6263239875389406,2,720
0.350204,70,1144.789648,medium,0.41970404984423676,0.41970404984423676,0,695
2.802528,61,1165.055441,medium,0.8629283489096573,2.8629283489096573,2,604
2.680103,72,1189.78906,medium,0.7521028037383177,2.7521028037383175,2,720
0.347548,72,1214.328094,medium,0.4195482866043614,0.4195482866043614,0,720
0.244797,54,1234.861829,medium,0.29789719626168226,0.29789719626168226,0,531
2.558296,72,1259.217093,medium,0.6302959501557632,2.6302959501557632,2,720
1.643172,69,1282.993152,medium,0.7120716510903426,1.7120716510903426,1,689
0.197637,56,1301.311623,medium,0.2530373831775701,0.2530373831775701,0,554
2.81772,72,1326.13797,medium,0.8897196261682243,2.8897196261682243,2,720
2.674096,65,1347.704111,medium,0.7383956386292835,2.7383956386292834,2,643
1.480377,61,1368.844254,medium,0.5412772585669782,1.541277258566978,1,609
0.422489,61,1390.077329,medium,0.4834890965732087,0.4834890965732087,0,610
2.63314,72,1416.070938,medium,0.7051401869158879,2.7051401869158878,2,720
0.275957,67,1439.774872,medium,0.3427570093457944,0.3427570093457944,0,668
0.38142,59,1460.117103,medium,0.4397196261682243,0.4397196261682243,0,583
1.493841,62,1482.181001,medium,0.555841121495327,1.5558411214953272,1,620
0.41071,72,1505.950488,medium,0.4827102803738318,0.4827102803738318,0,720
0.433508,64,1527.252253,medium,0.49750778816199376,0.49750778816199376,0,640
2.533296,72,1551.60339,medium,0.6052959501557632,2.6052959501557633,2,720
2.657128,72,1576.774178,medium,0.7291277258566978,2.729127725856698,2,720
2.742953,72,1601.608734,medium,0.8149532710280374,2.8149532710280374,2,720
0.347704,72,1625.924084,medium,0.41970404984423676,0.41970404984423676,0,720
0.332222,60,1646.133064,medium,0.39182242990654204,0.39182242990654204,0,596
0.108326,53,1665.088785,medium,0.16082554517133957,0.16082554517133957,0,525
2.502717,60,1684.975999,medium,0.5626168224299065,2.5626168224299066,2,599
0.387502,72,1710.289877,medium,0.45950155763239875,0.45950155763239875,0,720
1.564371,72,1735.284015,medium,0.6363707165109034,1.6363707165109034,1,720
2.641707,72,1762.678003,medium,0.7137071651090343,2.7137071651090343,2,720
1.491333,59,1782.899431,medium,0.5495327102803739,1.5495327102803738,1,582
2.725508,72,1807.726604,medium,0.7975077881619937,2.797507788161994,2,720
2.711526,59,1827.945014,medium,0.7696261682242991,2.769626168224299,2,581
0.399184,72,1852.120637,medium,0.471183800623053,0.471183800623053,0,720
1.743109,72,1876.213161,medium,0.8151090342679128,1.8151090342679128,1,720
2.5611,72,1901.514047,medium,0.6330996884735203,2.6330996884735205,2,720
2.598852,66,1924.038563,medium,0.6642523364485982,2.664252336448598,2,654
2.522237,72,1950.230096,medium,0.5942367601246106,2.594236760124611,2,720
2.634854,72,1974.795826,medium,0.7068535825545171,2.7068535825545172,2,720
2.465255,60,1995.896416,medium,0.5244548286604361,2.5244548286604362,2,592
1.533331,65,2018.031845,medium,0.5981308411214953,1.5981308411214954,1,648
2.858685,72,2041.551044,medium,0.9306853582554517,2.9306853582554515,2,720
1.463751,58,2061.611367,medium,0.5216510903426791,1.521651090342679,1,579
0.420212,72,2086.175072,medium,0.49221183800623053,0.49221183800623053,0,720
2.649195,56,2106.621313,medium,0.704595015576324,2.704595015576324,2,554
0.343148,60,2125.891524,medium,0.40264797507788164,0.40264797507788164,0,595
1.616603,61,2146.229392,medium,0.6771028037383178,1.6771028037383178,1,605
3.9429,58,2165.188004,medium,1.0,4.0,3,571
2.854168,72,2189.47256,medium,0.9261682242990654,2.926168224299065,2,720
0.416276,66,2211.706643,medium,0.48177570093457944,0.48177570093457944,0,655
1.500954,56,2231.811007,medium,0.5568535825545171,1.5568535825545171,1,559
1.436879,72,2256.588738,medium,0.5088785046728972,1.5088785046728972,1,720
0.177844,72,2284.363362,medium,0.2498442367601246,0.2498442367601246,0,720
1.540773,72,2309.014709,medium,0.6127725856697819,1.6127725856697819,1,720
2.708452,72,2333.743211,medium,0.7804517133956387,2.780451713395639,2,720
1.407512,60,2354.001927,medium,0.4672118380062305,1.4672118380062305,1,597
1.520726,66,2376.024374,medium,0.5865264797507788,1.5865264797507788,1,658
0.234996,54,2394.866552,medium,0.28839563862928347,0.28839563862928347,0,534
2.763436,72,2420.091745,medium,0.8354361370716511,2.835436137071651,2,720
0.315186,58,2439.877043,medium,0.37258566978193147,0.37258566978193147,0,574
0.379022,63,2463.238638,medium,0.4418224299065421,0.4418224299065421,0,628
2.46583,57,2482.999607,medium,0.5224299065420561,2.5224299065420563,2,566
0.301786,55,2502.040696,medium,0.356386292834891,0.356386292834891,0,546
0.368874,70,2526.60285,medium,0.4384735202492212,0.4384735202492212,0,696
1.572876,59,2546.492394,medium,0.6317757009345795,1.6317757009345795,1,589
0.322938,72,2571.14837,medium,0.3949376947040498,0.3949376947040498,0,720
1.474106,72,2596.960064,medium,0.5461059190031152,1.5461059190031152,1,720
2.757882,70,2621.215397,medium,0.8278816199376947,2.8278816199376946,2,700
1.490694,72,2647.781415,medium,0.561993769470405,1.561993769470405,1,713
1.481193,72,2672.591006,medium,0.5531931464174454,1.5531931464174455,1,720
0.421614,72,2696.5026,medium,0.49361370716510905,0.49361370716510905,0,720
0.376506,70,2720.015794,medium,0.44610591900311525,0.44610591900311525,0,696
1.624807,72,2745.710899,medium,0.6968068535825546,1.6968068535825545,1,720
0.247513,55,2765.658216,medium,0.30171339563862926,0.30171339563862926,0,542
2.643966,72,2791.359532,medium,0.7159657320872275,2.7159657320872275,2,720
0.198148,72,2818.114507,medium,0.26954828660436136,0.26954828660436136,0,714
3.928,72,2842.959885,medium,1.0,4.0,3,720
2.585788,72,2867.804884,medium,0.6577881619937694,2.6577881619937695,2,720
0.323093,72,2891.830463,medium,0.39509345794392525,0.39509345794392525,0,720
0.282889,68,2916.042535,medium,0.3503894080996885,0.3503894080996885,0,675
0.354896,68,2939.247519,medium,0.422196261682243,0.422196261682243,0,673
0.388652,59,2959.566295,medium,0.4473520249221184,0.4473520249221184,0,587
0.404947,72,2984.521064,medium,0.4769470404984424,0.4769470404984424,0,720
2.899495,72,3011.081168,medium,0.9714953271028037,2.9714953271028035,2,720
1.553935,72,3036.303012,medium,0.6259345794392523,1.6259345794392523,1,720
2.676109,56,3056.23307,medium,0.7320093457943925,2.7320093457943924,2,559
2.739181,72,3081.49005,medium,0.810981308411215,2.8109813084112147,2,718
1.543757,66,3104.940978,medium,0.6096573208722741,1.609657320872274,1,659
1.550247,69,3128.930288,medium,0.6188473520249221,1.6188473520249222,1,686
2.658218,72,3154.371369,medium,0.7302180685358255,2.7302180685358257,2,720
2.831427,72,3180.920784,medium,0.9034267912772586,2.9034267912772584,2,720
2.654947,72,3206.171946,medium,0.7269470404984424,2.7269470404984424,2,720
2.725586,72,3230.649851,medium,0.7975856697819315,2.7975856697819315,2,720
0.414024,55,3248.871334,medium,0.46822429906542057,0.46822429906542057,0,542
2.700784,63,3271.471606,medium,0.7630841121495328,2.763084112149533,2,623
2.837679,72,3296.321238,medium,0.9088785046728972,2.9088785046728973,2,712
1.492844,57,3316.095523,medium,0.5498442367601246,1.5498442367601246,1,570
2.716288,58,3335.981875,medium,0.77398753894081,2.77398753894081,2,577
2.701209,72,3362.422031,medium,0.773208722741433,2.7732087227414333,2,720
2.675639,70,3387.080831,medium,0.7456386292834891,2.745638629283489,2,700
3.9312,69,3410.524665,medium,1.0,4.0,3,688
0.211567,56,3428.461771,medium,0.26666666666666666,0.26666666666666666,0,551
2.758211,67,3452.09657,medium,0.8246105919003115,2.8246105919003117,2,664
0.343654,72,3476.581305,medium,0.4156542056074766,0.4156542056074766,0,720
2.679639,66,3499.478838,medium,0.7456386292834891,2.745638629283489,2,660
1.455414,72,3523.909944,medium,0.5274143302180685,1.5274143302180685,1,720
0.226103,60,3546.452342,medium,0.2859034267912773,0.2859034267912773,0,598
0.276427,69,3570.314374,medium,0.3453271028037383,0.3453271028037383,0,689
1.45708,62,3590.984577,medium,0.518380062305296,1.518380062305296,1,613
2.710009,72,3617.076392,medium,0.7820093457943925,2.7820093457943926,2,720
2.921847,72,3642.916118,medium,0.9938473520249221,2.9938473520249222,2,720
3.9353,65,3664.928744,medium,1.0,4.0,3,647
2.793102,68,3688.210381,medium,0.860202492211838,2.860202492211838,2,671
2.52685,61,3711.517423,medium,0.5878504672897197,2.58785046728972,2,610
1.437268,72,3735.335527,medium,0.5092679127725857,1.5092679127725857,1,720
0.357361,72,3758.999706,medium,0.4293613707165109,0.4293613707165109,0,720
2.533422,59,3778.118051,medium,0.5918224299065421,2.591822429906542,2,584
2.789293,72,3803.392047,medium,0.8612928348909658,2.861292834890966,2,720
0.327329,70,3826.853484,medium,0.3967289719626168,0.3967289719626168,0,694
1.602455,72,3851.555521,medium,0.6744548286604362,1.6744548286604362,1,720
1.469048,59,3871.528715,medium,0.5276479750778816,1.5276479750778815,1,586
0.32029,72,3897.611365,medium,0.3922897196261682,0.3922897196261682,0,720
2.505648,72,3921.827795,medium,0.5776479750778816,2.5776479750778813,2,720
2.545878,63,3942.797498,medium,0.608177570093458,2.608177570093458,2,623
0.416662,55,3961.786116,medium,0.47126168224299064,0.47126168224299064,0,546
2.678935,72,3985.562176,medium,0.7509345794392523,2.750934579439252,2,720
2.778857,72,4008.941624,medium,0.8508566978193146,2.8508566978193146,2,720
2.728108,70,4032.356524,medium,0.7975077881619937,2.797507788161994,2,694
2.606945,69,4058.231528,medium,0.6755451713395638,2.675545171339564,2,686
0.402611,72,4082.655102,medium,0.4746105919003115,0.4746105919003115,0,720
2.835727,68,4105.221719,medium,0.9034267912772586,2.9034267912772584,2,677
2.668031,72,4129.710078,medium,0.740031152647975,2.7400311526479753,2,720
2.764059,72,4154.705312,medium,0.8360591900311527,2.8360591900311527,2,720
0.39786,72,4179.587191,medium,0.4698598130841122,0.4698598130841122,0,720
2.869723,56,4198.907068,medium,0.9256230529595015,2.9256230529595015,2,559
3.9364,64,4220.720201,medium,1.0,4.0,3,636
0.40239,65,4244.474166,medium,0.4672897196261682,0.4672897196261682,0,649
2.740598,67,4266.634887,medium,0.8066978193146418,2.8066978193146417,2,661
0.426053,72,4290.570936,medium,0.49805295950155765,0.49805295950155765,0,720
2.55478,64,4312.387373,medium,0.618380062305296,2.618380062305296,2,636
0.312969,72,4336.529769,medium,0.3849688473520249,0.3849688473520249,0,720
1.507411,68,4359.778986,medium,0.5746105919003115,1.5746105919003115,1,672
1.479168,72,4384.868032,medium,0.5511682242990654,1.5511682242990654,1,720
1.48314,72,4411.181546,medium,0.5551401869158878,1.5551401869158878,1,720
2.597046,63,4432.686533,medium,0.6593457943925234,2.6593457943925234,2,623
0.252143,72,4456.103372,medium,0.3241433021806854,0.3241433021806854,0,720
2.733607,72,4481.15835,medium,0.805607476635514,2.805607476635514,2,720
2.919199,72,4506.402441,medium,0.9911993769470405,2.9911993769470406,2,720
0.277915,59,4526.703767,medium,0.336214953271028,0.336214953271028,0,583
0.25603,67,4549.419684,medium,0.32242990654205606,0.32242990654205606,0,664
2.811948,66,4572.510014,medium,0.8776479750778816,2.8776479750778816,2,657
2.886956,72,4598.86743,medium,0.9589563862928349,2.9589563862928348,2,720
0.33828,72,4623.493232,medium,0.4102803738317757,0.4102803738317757,0,720
0.353001,56,4642.346346,medium,0.4088006230529595,0.4088006230529595,0,558
2.810393,68,4666.350582,medium,0.8781931464174455,2.8781931464174457,2,678
2.693421,72,4691.23864,medium,0.7654205607476635,2.7654205607476636,2,720
1.338726,56,4710.317705,medium,0.3946261682242991,1.394626168224299,1,559
2.828,72,4735.633498,medium,0.9,2.9,2,720
2.566863,72,4759.795331,medium,0.6388629283489097,2.63886292834891,2,720
2.487646,72,4786.498836,medium,0.5593457943925234,2.5593457943925233,2,717
2.579791,72,4810.828571,medium,0.651791277258567,2.651791277258567,2,720
2.868888,72,4835.368298,medium,0.9408878504672897,2.9408878504672895,2,720
2.711713,65,4857.726079,medium,0.7767133956386293,2.7767133956386294,2,650
2.813592,72,4882.997566,medium,0.8855919003115265,2.8855919003115265,2,720
0.32689,58,4903.112668,medium,0.384190031152648,0.384190031152648,0,573
1.44108,61,4924.6174,medium,0.5014797507788162,1.5014797507788162,1,604
0.43514,62,4947.604273,medium,0.4970404984423676,0.4970404984423676,0,619
2.646218,68,4970.78726,medium,0.7133177570093457,2.713317757009346,2,671
1.462622,63,4992.060919,medium,0.5249221183800623,1.5249221183800623,1,623
0.15957,60,5013.042105,medium,0.2194704049844237,0.2194704049844237,0,599
2.644173,69,5036.538269,medium,0.712772585669782,2.712772585669782,2,686
2.505908,59,5056.744843,medium,0.5644080996884735,2.5644080996884737,2,585
2.873872,72,5081.780737,medium,0.9458722741433022,2.9458722741433023,2,720
1.452721,55,5100.110399,medium,0.5073208722741434,1.5073208722741434,1,546
1.634055,66,5124.854508,medium,0.6994548286604362,1.699454828660436,1,654
1.515072,72,5148.534444,medium,0.5870716510903426,1.5870716510903426,1,720
2.779721,62,5170.542631,medium,0.8411214953271028,2.8411214953271027,2,614
2.788748,72,5196.177175,medium,0.8607476635514019,2.8607476635514018,2,720
0.338826,72,5221.27493,medium,0.41082554517133957,0.41082554517133957,0,720
1.584876,64,5244.005372,medium,0.6486760124610592,1.6486760124610593,1,638
2.705294,57,5263.456086,medium,0.761993769470405,2.761993769470405,2,567
2.649204,71,5287.853724,medium,0.7197040498442367,2.719704049844237,2,705
2.728813,65,5311.901274,medium,0.7929127725856698,2.79291277258567,2,641
0.243294,61,5332.09567,medium,0.30389408099688475,0.30389408099688475,0,606
2.508885,63,5353.968183,medium,0.5718847352024922,2.571884735202492,2,630
1.538305,66,5376.796336,medium,0.6035046728971962,1.6035046728971962,1,652
2.744355,72,5402.349571,medium,0.8163551401869159,2.816355140186916,2,720
2.607595,72,5427.30601,medium,0.679595015576324,2.679595015576324,2,720
2.905025,72,5452.13827,medium,0.9770249221183801,2.97702492211838,2,720
2.699764,65,5475.365829,medium,0.7645638629283489,2.764563862928349,2,648
0.363013,72,5501.456701,medium,0.43481308411214953,0.43481308411214953,0,718
2.686022,72,5526.614976,medium,0.7580218068535826,2.7580218068535824,2,720
3.9426,58,5547.144793,medium,1.0,4.0,3,574
0.406769,62,5568.791351,medium,0.4687694704049844,0.4687694704049844,0,620
2.772938,72,5594.145852,medium,0.8449376947040499,2.8449376947040497,2,720
2.802455,72,5618.813416,medium,0.8744548286604361,2.8744548286604363,2,720
2.485514,67,5642.240185,medium,0.5524143302180685,2.5524143302180686,2,669
2.683763,72,5668.276614,medium,0.7557632398753894,2.7557632398753893,2,720
2.640928,72,5693.319776,medium,0.7129283489096573,2.7129283489096574,2,720
1.436877,63,5714.642875,medium,0.49937694704049845,1.4993769470404985,1,625
2.68125,57,5734.815351,medium,0.7378504672897196,2.7378504672897197,2,566
3.9424,58,5755.433993,medium,1.0,4.0,3,576
2.823639,72,5781.033437,medium,0.8956386292834891,2.8956386292834893,2,720
2.474695,63,5802.383714,medium,0.5376947040498442,2.5376947040498443,2,630
1.465055,69,5825.572666,medium,0.5332554517133956,1.5332554517133956,1,682
2.733405,71,5850.962718,medium,0.8035046728971963,2.8035046728971964,2,701
2.673016,72,5876.359353,medium,0.7450155763239875,2.7450155763239876,2,720
0.367333,66,5899.635631,medium,0.43333333333333335,0.43333333333333335,0,660
2.70174,62,5921.696773,medium,0.7632398753894081,2.763239875389408,2,615
2.8361,72,5946.105158,medium,0.9080996884735203,2.9080996884735204,2,720
3.949,51,5962.83074,medium,1.0,4.0,3,510
2.744978,72,5987.38697,medium,0.8169781931464174,2.8169781931464173,2,720
2.676673,70,6013.673928,medium,0.7465732087227415,2.7465732087227415,2,699
2.628857,72,6036.281009,medium,0.7008566978193146,2.7008566978193147,2,720
2.717174,72,6060.324108,medium,0.7891744548286604,2.7891744548286606,2,720
2.723249,72,6085.664866,medium,0.7952492211838006,2.7952492211838007,2,720
2.664371,72,6111.121536,medium,0.7363707165109035,2.7363707165109035,2,720
0.244023,57,6130.398189,medium,0.30062305295950154,0.30062305295950154,0,566
2.798519,66,6151.237398,medium,0.8640186915887851,2.864018691588785,2,655
3.9414,59,6171.484421,medium,1.0,4.0,3,586
2.662735,72,6197.395437,medium,0.7347352024922118,2.734735202492212,2,720
0.426871,60,6217.275571,medium,0.4863707165109034,0.4863707165109034,0,595
2.621692,72,6240.825483,medium,0.6936915887850468,2.6936915887850468,2,720
1.495212,72,6266.329523,medium,0.5672118380062305,1.5672118380062305,1,720
2.799106,72,6289.817403,medium,0.8711059190031153,2.8711059190031154,2,720
2.552933,64,6311.354486,medium,0.6164330218068536,2.6164330218068534,2,635
3.9467,54,6330.463627,medium,1.0,4.0,3,533
1.482128,72,6355.821624,medium,0.5541277258566978,1.5541277258566977,1,720
2.645676,62,6377.992932,medium,0.7067757009345794,2.706775700934579,2,611
2.787813,72,6401.373312,medium,0.8598130841121495,2.8598130841121496,2,720
0.349807,72,6426.613177,medium,0.42180685358255454,0.42180685358255454,0,720
3.9422,58,6446.923815,medium,1.0,4.0,3,578
2.696925,72,6472.976798,medium,0.7689252336448598,2.7689252336448598,2,720
2.487517,59,6493.829009,medium,0.5457165109034268,2.5457165109034268,2,582
2.865539,72,6518.937195,medium,0.9375389408099688,2.9375389408099686,2,720
2.650656,59,6538.291689,medium,0.7089563862928349,2.7089563862928348,2,583
3.9459,55,6558.936095,medium,1.0,4.0,3,541
3.9283,72,6583.970784,medium,1.0,4.0,3,717
0.403859,66,6606.930319,medium,0.4691588785046729,0.4691588785046729,0,653
0.315383,72,6630.67282,medium,0.38738317757009344,0.38738317757009344,0,720
3.935,65,6652.289029,medium,1.0,4.0,3,650
1.576489,66,6674.581699,medium,0.641588785046729,1.641588785046729,1,651
3.9414,59,6694.72129,medium,1.0,4.0,3,586
2.500897,72,6720.265174,medium,0.5728971962616822,2.5728971962616822,2,720
2.650431,57,6739.801894,medium,0.7069314641744548,2.706931464174455,2,565
1.405031,60,6759.709804,medium,0.46503115264797507,1.4650311526479751,1,600
2.767953,72,6783.69036,medium,0.8399532710280374,2.8399532710280373,2,720
2.535399,72,6807.357384,medium,0.607398753894081,2.6073987538940813,2,720
1.551319,63,6826.766347,medium,0.6140186915887851,1.614018691588785,1,627
2.786041,70,6850.09671,medium,0.8558411214953271,2.855841121495327,2,698
2.669686,70,6873.86577,medium,0.7394859813084113,2.739485981308411,2,698
2.833027,71,6899.262758,medium,0.9034267912772586,2.9034267912772584,2,704
2.821458,72,6924.573407,medium,0.8934579439252337,2.8934579439252337,2,720
2.67247,72,6949.667614,medium,0.7444704049844236,2.7444704049844235,2,720
2.641334,59,6970.639161,medium,0.7002336448598131,2.700233644859813,2,589
2.738701,62,6991.961757,medium,0.8007009345794392,2.800700934579439,2,620
2.711801,72,7016.500945,medium,0.7838006230529595,2.7838006230529597,2,720
3.939,61,7036.777794,medium,1.0,4.0,3,610
2.640892,70,7059.77783,medium,0.7105919003115265,2.7105919003115266,2,697
2.835243,72,7084.706932,medium,0.9072429906542057,2.907242990654206,2,720
2.854988,69,7108.397217,medium,0.92398753894081,2.92398753894081,2,690
2.819667,72,7132.68089,medium,0.8916666666666667,2.8916666666666666,2,720
2.627143,72,7156.734429,medium,0.6991433021806853,2.699143302180685,2,720
2.854869,72,7181.603149,medium,0.9268691588785046,2.9268691588785045,2,720
2.711987,71,7205.614292,medium,0.7820872274143302,2.7820872274143302,2,701
2.804947,72,7229.923961,medium,0.8769470404984424,2.8769470404984423,2,720
2.831427,72,7256.711494,medium,0.9034267912772586,2.9034267912772584,2,720
0.420679,72,7282.195954,medium,0.4926791277258567,0.4926791277258567,0,720
2.847602,63,7304.730414,medium,0.910202492211838,2.910202492211838,2,626
2.689323,70,7328.422542,medium,0.7587227414330218,2.7587227414330218,2,694
0.405804,72,7353.929948,medium,0.477803738317757,0.477803738317757,0,720
2.913125,72,7378.387616,medium,0.9851246105919003,2.9851246105919005,2,720
2.623317,57,7398.34642,medium,0.6795171339563862,2.679517133956386,2,562
0.386497,62,7421.196012,medium,0.44789719626168223,0.44789719626168223,0,614
2.836723,72,7447.80629,medium,0.9087227414330218,2.9087227414330217,2,720
1.451754,72,7473.677111,medium,0.5237538940809969,1.523753894080997,1,720
1.442408,72,7499.253736,medium,0.5144080996884736,1.5144080996884735,1,720
1.467605,61,7521.320858,medium,0.5285046728971963,1.5285046728971963,1,609
2.771925,72,7546.196518,medium,0.8439252336448598,2.84392523364486,2,720
1.549417,72,7570.669413,medium,0.621417445482866,1.621417445482866,1,720
2.761411,72,7596.274456,medium,0.833411214953271,2.833411214953271,2,720
2.657128,72,7623.050438,medium,0.7291277258566978,2.729127725856698,2,720
2.854179,72,7648.413774,medium,0.925778816199377,2.9257788161993767,2,716
0.25875,63,7671.186043,medium,0.3209501557632399,0.3209501557632399,0,622
2.801832,72,7696.38832,medium,0.8738317757009346,2.8738317757009346,2,720
2.690463,57,7715.993706,medium,0.7469626168224299,2.74696261682243,2,565
1.712502,72,7740.966011,medium,0.7845015576323987,1.7845015576323986,1,720
1.527143,72,7765.078904,medium,0.5991433021806853,1.5991433021806853,1,720
2.652766,72,7792.316069,medium,0.724766355140187,2.724766355140187,2,720
2.847626,72,7818.00929,medium,0.9196261682242991,2.919626168224299,2,720
1.758997,72,7844.642201,medium,0.8309968847352025,1.8309968847352025,1,720
2.862502,72,7869.678117,medium,0.9345015576323987,2.934501557632399,2,720
1.518272,61,7890.88217,medium,0.5789719626168224,1.5789719626168224,1,607
2.657712,69,7915.329825,medium,0.72601246105919,2.72601246105919,2,683
2.750182,70,7939.108158,medium,0.8197819314641744,2.8197819314641746,2,696
0.2878,55,7957.998892,medium,0.34190031152647976,0.34190031152647976,0,541
1.50962,72,7984.924494,medium,0.5816199376947041,1.581619937694704,1,720
2.859542,72,8009.353209,medium,0.9315420560747664,2.9315420560747665,2,720
2.890227,72,8033.888932,medium,0.9622274143302181,2.962227414330218,2,720
0.332179,61,8055.158772,medium,0.3926791277258567,0.3926791277258567,0,605
0.3467,62,8076.741527,medium,0.40809968847352024,0.40809968847352024,0,614
1.413054,61,8097.536344,medium,0.4737538940809969,1.4737538940809969,1,607
3.9472,53,8116.360133,medium,1.0,4.0,3,528
2.778389,72,8142.977909,medium,0.8503894080996884,2.8503894080996885,2,720
2.896224,72,8168.724172,medium,0.9682242990654205,2.9682242990654206,2,720
2.918031,72,8194.269038,medium,0.990031152647975,2.9900311526479753,2,720
2.888047,72,8219.038175,medium,0.9600467289719626,2.9600467289719625,2,720
1.406115,72,8244.187287,medium,0.47811526479750777,1.4781152647975078,1,720
2.546458,72,8268.712939,medium,0.6184579439252337,2.618457943925234,2,720
2.80835,63,8290.33683,medium,0.8709501557632399,2.8709501557632398,2,626
2.65004,72,8315.592755,medium,0.7220404984423676,2.7220404984423676,2,720
0.36191,62,8339.438912,medium,0.42390965732087227,0.42390965732087227,0,620
0.239145,62,8361.700443,medium,0.3005451713395639,0.3005451713395639,0,614
2.691687,66,8384.90808,medium,0.7570872274143302,2.7570872274143303,2,654
1.523561,72,8410.360864,medium,0.5955607476635514,1.5955607476635514,1,720
2.651075,72,8435.68987,medium,0.72297507788162,2.72297507788162,2,719
3.9465,54,8453.579064,medium,1.0,4.0,3,535
3.9298,71,8478.626557,medium,1.0,4.0,3,702
0.27652,72,8505.208479,medium,0.3485202492211838,0.3485202492211838,0,720
3.9403,60,8525.563821,medium,1.0,4.0,3,597
0.202412,57,8545.335813,medium,0.2591121495327103,0.2591121495327103,0,567
2.738592,72,8569.752018,medium,0.8105919003115265,2.8105919003115263,2,720
2.726694,61,8590.679568,medium,0.786993769470405,2.786993769470405,2,603
2.839916,64,8613.340478,medium,0.903816199376947,2.903816199376947,2,639
2.493766,65,8635.335069,medium,0.5578660436137072,2.557866043613707,2,641
2.81219,72,8660.483523,medium,0.8841900311526479,2.884190031152648,2,720
3.9446,56,8679.901752,medium,1.0,4.0,3,554
1.506193,72,8707.808866,medium,0.5781931464174455,1.5781931464174455,1,720
0.344338,60,8729.328715,medium,0.40373831775700936,0.40373831775700936,0,594
2.825061,63,8751.916462,medium,0.8874610591900312,2.887461059190031,2,624
2.679622,71,8776.454783,medium,0.7499221183800623,2.7499221183800624,2,703
2.664285,58,8796.133656,medium,0.7218847352024922,2.721884735202492,2,576
2.701754,72,8821.138849,medium,0.7737538940809969,2.773753894080997,2,720
2.651287,72,8845.815815,medium,0.7232866043613707,2.7232866043613706,2,720
2.614526,72,8873.423965,medium,0.6865264797507789,2.686526479750779,2,720
2.845601,72,8898.312117,medium,0.917601246105919,2.917601246105919,2,720
1.684114,60,8919.629648,medium,0.743613707165109,1.743613707165109,1,595
2.65396,66,8942.292638,medium,0.7198598130841122,2.719859813084112,2,659
2.614336,63,8963.548513,medium,0.6773364485981308,2.6773364485981306,2,630
3.9387,62,8984.458251,medium,1.0,4.0,3,613
2.857439,72,9009.195957,medium,0.9294392523364486,2.9294392523364485,2,720
0.345212,72,9033.213014,medium,0.4172118380062305,0.4172118380062305,0,720
2.869511,72,9060.273307,medium,0.9415109034267912,2.9415109034267912,2,720
1.508536,69,9084.672335,medium,0.5773364485981308,1.577336448598131,1,688
2.681512,61,9105.615656,medium,0.7422118380062306,2.742211838006231,2,607
2.705648,72,9130.215201,medium,0.7776479750778816,2.7776479750778815,2,720
0.36644,72,9154.547794,medium,0.4382398753894081,0.4382398753894081,0,718
2.763602,71,9179.706832,medium,0.8345015576323987,2.834501557632399,2,709
2.636206,68,9204.266936,medium,0.7042056074766355,2.7042056074766356,2,680
2.471394,66,9229.554865,medium,0.536993769470405,2.536993769470405,2,656
2.604246,72,9254.939839,medium,0.6762461059190031,2.6762461059190032,2,720
1.521155,62,9276.72481,medium,0.5825545171339563,1.5825545171339563,1,614
0.339977,68,9300.370805,medium,0.4074766355140187,0.4074766355140187,0,675
1.535788,72,9324.352083,medium,0.6077881619937695,1.6077881619937695,1,720
2.50152,72,9349.254236,medium,0.5735202492211838,2.573520249221184,2,720
1.536078,64,9371.26172,medium,0.6000778816199377,1.6000778816199377,1,640
0.223717,72,9395.681646,medium,0.29571651090342677,0.29571651090342677,0,720
1.491474,72,9422.657163,medium,0.5634735202492211,1.5634735202492211,1,720
2.509302,68,9446.113524,medium,0.5764018691588785,2.5764018691588784,2,671
2.678935,72,9471.435964,medium,0.7509345794392523,2.750934579439252,2,720
2.714158,72,9495.83652,medium,0.7853582554517134,2.7853582554517136,2,712
2.715884,65,9518.267291,medium,0.7799844236760125,2.7799844236760123,2,641
2.547487,68,9542.251835,medium,0.6151869158878505,2.6151869158878505,2,677
3.9391,61,9563.570703,medium,1.0,4.0,3,609
2.51455,57,9585.243794,medium,0.5709501557632399,2.57095015576324,2,564
1.489145,62,9606.726427,medium,0.5505451713395638,1.550545171339564,1,614
2.823522,69,9630.788223,medium,0.891822429906542,2.891822429906542,2,683
0.217798,72,9655.864243,medium,0.289797507788162,0.289797507788162,0,720
2.787657,72,9680.925621,medium,0.8596573208722741,2.859657320872274,2,720
2.638359,64,9704.034782,medium,0.7022585669781931,2.702258566978193,2,639
2.790227,72,9728.778289,medium,0.8622274143302181,2.862227414330218,2,720
2.667377,57,9747.456773,medium,0.7243769470404985,2.7243769470404984,2,570
2.691695,55,9767.445992,medium,0.7464953271028038,2.746495327102804,2,548
2.831427,72,9792.012532,medium,0.9034267912772586,2.9034267912772584,2,720
2.665773,72,9815.511533,medium,0.7377725856697819,2.7377725856697817,2,720
2.88096,72,9839.830114,medium,0.9529595015576324,2.9529595015576326,2,720
2.559463,55,9859.051505,medium,0.6138629283489097,2.61386292834891,2,544
2.776978,65,9881.152705,medium,0.8419781931464174,2.841978193146417,2,650
0.413992,64,9901.926553,medium,0.4774922118380062,0.4774922118380062,0,635
3.9405,60,9922.384773,medium,1.0,4.0,3,595
2.831427,72,9948.725863,medium,0.9034267912772586,2.9034267912772584,2,720
2.910944,72,9972.935652,medium,0.9829439252336448,2.982943925233645,2,720
2.79786,72,9998.20711,medium,0.8698598130841122,2.869859813084112,2,720
2.857984,72,10022.794687,medium,0.9299844236760124,2.9299844236760126,2,720
2.849262,72,10047.90659,medium,0.9212616822429907,2.9212616822429904,2,720
1.451967,57,10068.396849,medium,0.5085669781931464,1.5085669781931466,1,566
2.881583,72,10093.617153,medium,0.9535825545171339,2.953582554517134,2,720
3.9394,61,10116.640772,medium,1.0,4.0,3,606
2.626197,55,10136.174551,medium,0.6809968847352025,2.6809968847352024,2,548
0.384665,65,10159.030463,medium,0.44906542056074766,0.44906542056074766,0,644
2.652688,72,10183.550154,medium,0.7246884735202492,2.7246884735202492,2,720
3.9369,64,10205.382906,medium,1.0,4.0,3,631
2.808296,72,10229.86305,medium,0.8802959501557632,2.8802959501557632,2,720
2.6207,55,10249.518698,medium,0.675,2.675,2,543
2.726194,70,10274.56547,medium,0.7957943925233645,2.7957943925233644,2,696
2.618966,72,10301.843876,medium,0.6909657320872274,2.6909657320872276,2,720
0.404711,62,10323.581885,medium,0.4665109034267913,0.4665109034267913,0,618
2.649766,59,10344.250348,medium,0.7078660436137072,2.7078660436137074,2,581
0.392185,64,10365.328254,medium,0.4556853582554517,0.4556853582554517,0,635
2.752781,67,10388.4015,medium,0.8190809968847352,2.8190809968847352,2,663
3.939,61,10410.676598,medium,1.0,4.0,3,610
2.821287,69,10435.456318,medium,0.8901869158878505,2.8901869158878504,2,689
2.449474,56,10455.138854,medium,0.5053738317757009,2.505373831775701,2,559
3.929,71,10481.231096,medium,1.0,4.0,3,710
3.9466,54,10498.678072,medium,1.0,4.0,3,534
2.482784,56,10517.932066,medium,0.5380841121495327,2.538084112149533,2,553
2.503569,65,10539.464641,medium,0.5680685358255452,2.568068535825545,2,645
2.650586,72,10565.018025,medium,0.7225856697819315,2.7225856697819317,2,720
2.550683,62,10586.918131,medium,0.6123831775700934,2.612383177570093,2,617
2.894589,72,10612.933649,medium,0.966588785046729,2.9665887850467287,2,720
1.422615,56,10632.377687,medium,0.47811526479750777,1.4781152647975078,1,555
2.656921,68,10658.136469,medium,0.7242211838006231,2.724221183800623,2,673
0.267057,59,10678.629957,medium,0.32585669781931464,0.32585669781931464,0,588
2.715539,72,10703.169157,medium,0.7875389408099689,2.787538940809969,2,720
2.787813,72,10728.965691,medium,0.8598130841121495,2.8598130841121496,2,720
2.638835,63,10750.903208,medium,0.7009345794392523,2.7009345794392523,2,621
2.846146,72,10776.398126,medium,0.9181464174454829,2.9181464174454828,2,720
3.9338,67,10799.465782,medium,1.0,4.0,3,662
2.452455,72,10824.670124,medium,0.5244548286604361,2.5244548286604362,2,720
2.606084,57,10846.022543,medium,0.6630841121495327,2.663084112149533,2,570
2.678513,65,10867.271316,medium,0.7429127725856698,2.7429127725856697,2,644
0.242437,69,10890.263172,medium,0.31113707165109034,0.31113707165109034,0,687
2.584799,57,10909.836835,medium,0.6411993769470405,2.6411993769470405,2,564
2.637671,58,10929.310709,medium,0.6951713395638629,2.695171339563863,2,575
2.70191,72,10953.746831,medium,0.7739096573208722,2.773909657320872,2,720
3.9444,56,10973.12026,medium,1.0,4.0,3,556
2.799309,66,10996.190392,medium,0.8651090342679127,2.865109034267913,2,658
2.881505,72,11023.128447,medium,0.9535046728971963,2.9535046728971963,2,720
3.932,68,11046.654719,medium,1.0,4.0,3,680
2.693654,72,11072.535208,medium,0.7656542056074767,2.7656542056074764,2,720
2.733143,58,11092.758204,medium,0.7903426791277258,2.790342679127726,2,572
3.9363,64,11115.449474,medium,1.0,4.0,3,637
3.933,67,11140.338482,medium,1.0,4.0,3,670
2.735944,72,11165.539864,medium,0.8079439252336449,2.807943925233645,2,720
2.680181,72,11190.953061,medium,0.7521806853582554,2.7521806853582556,2,720
0.402688,72,11217.333657,medium,0.47468847352024923,0.47468847352024923,0,720
2.732394,72,11241.780541,medium,0.8038940809968848,2.803894080996885,2,715
2.816016,71,11266.951643,medium,0.8869158878504673,2.886915887850467,2,709
2.787813,72,11292.869684,medium,0.8598130841121495,2.8598130841121496,2,720
2.712795,59,11313.347764,medium,0.7714953271028038,2.7714953271028038,2,587
2.92138,72,11337.715173,medium,0.993380062305296,2.993380062305296,2,720
0.350258,69,11360.903637,medium,0.41845794392523367,0.41845794392523367,0,682
1.43637,59,11381.572425,medium,0.4944704049844237,1.4944704049844237,1,581
2.837424,72,11405.956107,medium,0.9094236760124611,2.909423676012461,2,720
2.553056,56,11426.512278,medium,0.6089563862928349,2.608956386292835,2,559
2.649847,61,11447.769369,medium,0.7100467289719626,2.7100467289719625,2,602
2.753701,72,11473.174084,medium,0.8257009345794393,2.825700934579439,2,720
3.94,60,11494.127659,medium,1.0,4.0,3,600
2.617875,72,11519.560736,medium,0.6898753894080997,2.6898753894081,2,720
3.9317,69,11543.539528,medium,1.0,4.0,3,683
2.81328,72,11569.569568,medium,0.8852803738317757,2.8852803738317756,2,720
2.812034,72,11594.823116,medium,0.8840342679127726,2.8840342679127726,2,720
2.535295,53,11613.179801,medium,0.5876947040498443,2.587694704049844,2,524
2.783841,72,11638.46016,medium,0.8558411214953271,2.855841121495327,2,720
2.646819,68,11661.960392,medium,0.7140186915887851,2.714018691588785,2,672
2.748339,57,11681.185316,medium,0.8044392523364486,2.8044392523364485,2,561
2.925741,72,11705.674037,medium,0.9977414330218068,2.997741433021807,2,720
2.758763,72,11732.316123,medium,0.8307632398753894,2.8307632398753895,2,720
2.519511,72,11755.917901,medium,0.5915109034267912,2.591510903426791,2,720
3.9397,61,11777.358022,medium,1.0,4.0,3,603
1.525755,66,11801.14118,medium,0.5913551401869159,1.591355140186916,1,656
2.594736,58,11821.613112,medium,0.6523364485981309,2.652336448598131,2,576
2.796035,72,11846.564922,medium,0.8678348909657321,2.867834890965732,2,718
1.355743,60,11867.596853,medium,0.4153426791277259,1.415342679127726,1,596
2.556196,66,11890.877208,medium,0.622196261682243,2.6221962616822427,2,660
2.621424,63,11914.790061,medium,0.684423676012461,2.684423676012461,2,630
2.655814,55,11934.853241,medium,0.7105140186915888,2.7105140186915886,2,547
2.727688,72,11959.93646,medium,0.7996884735202492,2.7996884735202494,2,720
2.687034,72,11984.412152,medium,0.7590342679127726,2.7590342679127726,2,720
1.431974,57,12004.903082,medium,0.4884735202492212,1.4884735202492212,1,565
2.666551,72,12030.130342,medium,0.7385514018691589,2.738551401869159,2,720
2.631115,72,12054.755397,medium,0.7031152647975077,2.703115264797508,2,720
2.775118,72,12079.932578,medium,0.8471183800623053,2.847118380062305,2,720
2.827776,63,12103.209899,medium,0.8905763239875389,2.890576323987539,2,628
1.364833,52,12121.59966,medium,0.4164330218068536,1.4164330218068537,1,516
2.478952,69,12145.927055,medium,0.5473520249221184,2.5473520249221187,2,684
2.573717,72,12170.993928,medium,0.6457165109034267,2.645716510903427,2,720
3.9528,48,12187.306612,medium,1.0,4.0,3,472
2.492953,72,12211.893114,medium,0.5649532710280374,2.5649532710280374,2,720
2.791579,68,12235.723049,medium,0.8595794392523365,2.8595794392523364,2,680
2.695134,72,12259.701606,medium,0.7671339563862928,2.7671339563862927,2,720
2.577228,61,12283.119815,medium,0.6379283489096573,2.637928348909657,2,607
2.834542,72,12308.550256,medium,0.9065420560747663,2.906542056074766,2,720
2.599636,61,12329.391053,medium,0.660436137071651,2.660436137071651,2,608
2.715617,72,12354.841285,medium,0.7876168224299065,2.7876168224299063,2,720
2.831427,72,12379.942213,medium,0.9034267912772586,2.9034267912772584,2,720
2.841327,63,12402.690422,medium,0.9034267912772586,2.9034267912772584,2,621
3.9564,44,12417.902362,medium,1.0,4.0,3,436
3.9376,63,12439.519342,medium,1.0,4.0,3,624
2.694828,69,12466.183726,medium,0.7629283489096573,2.762928348909657,2,681
2.719796,61,12488.257718,medium,0.7802959501557633,2.780295950155763,2,605
2.714647,71,12513.931379,medium,0.7850467289719626,2.7850467289719627,2,704
2.741318,72,12539.103112,medium,0.8133177570093458,2.813317757009346,2,720
3.9463,54,12558.136045,medium,1.0,4.0,3,537
1.35561,53,12576.115131,medium,0.4077102803738318,1.4077102803738317,1,521
2.803389,72,12600.688107,medium,0.8753894080996885,2.8753894080996885,2,720
1.543966,72,12625.019185,medium,0.6159657320872274,1.6159657320872274,1,720
3.9512,49,12644.378559,medium,1.0,4.0,3,488
2.804012,72,12670.334048,medium,0.8760124610591901,2.87601246105919,2,720
2.57276,64,12693.233209,medium,0.636760124610592,2.636760124610592,2,640
1.446477,61,12715.078632,medium,0.5074766355140187,1.5074766355140188,1,610
2.820445,72,12739.901183,medium,0.8924454828660436,2.8924454828660435,2,720
2.646847,72,12764.555308,medium,0.7188473520249221,2.7188473520249223,2,720
2.865695,72,12788.990004,medium,0.9376947040498442,2.9376947040498442,2,720
2.670366,55,12808.396569,medium,0.724766355140187,2.724766355140187,2,544
2.905025,72,12835.428963,medium,0.9770249221183801,2.97702492211838,2,720
2.655611,61,12857.701555,medium,0.7165109034267912,2.716510903426791,2,609
0.390072,72,12882.879804,medium,0.4620716510903427,0.4620716510903427,0,720
2.674651,72,12908.103159,medium,0.7466510903426792,2.746651090342679,2,720
2.88883,67,12930.816368,medium,0.9555295950155763,2.955529595015576,2,667
2.488088,61,12952.108997,medium,0.54898753894081,2.54898753894081,2,609
3.9445,56,12971.289912,medium,1.0,4.0,3,555
3.9491,51,12989.408449,medium,1.0,4.0,3,509
2.728753,70,13015.83444,medium,0.7980529595015576,2.7980529595015575,2,693
2.800325,69,13040.856735,medium,0.8689252336448599,2.86892523364486,2,686
1.390344,68,13064.956067,medium,0.45794392523364486,1.4579439252336448,1,676
2.734288,65,13088.29666,medium,0.79898753894081,2.79898753894081,2,647
2.84272,72,13113.337169,medium,0.9147196261682243,2.914719626168224,2,720
2.885866,72,13137.641992,medium,0.9578660436137072,2.9578660436137074,2,720
2.756037,72,13163.903147,medium,0.8280373831775701,2.8280373831775703,2,720
2.848639,72,13191.153008,medium,0.920638629283489,2.920638629283489,2,720
2.877688,72,13216.981255,medium,0.9496884735202492,2.9496884735202493,2,720
2.643881,51,13235.166026,medium,0.6940809968847352,2.6940809968847352,2,502
2.504285,60,13256.828269,medium,0.563785046728972,2.563785046728972,2,595
2.548515,55,13276.778106,medium,0.6031152647975078,2.6031152647975078,2,546
0.386956,72,13300.972308,medium,0.4589563862928349,0.4589563862928349,0,720
3.9353,65,13324.418833,medium,1.0,4.0,3,647
2.666076,58,13345.300912,medium,0.7236760124610592,2.723676012461059,2,576
2.466084,72,13373.142594,medium,0.5380841121495327,2.538084112149533,2,720
2.596467,54,13391.87816,medium,0.6504672897196262,2.650467289719626,2,540
2.611879,72,13417.232227,medium,0.6838785046728972,2.6838785046728972,2,720
2.834698,72,13442.855613,medium,0.9066978193146418,2.9066978193146418,2,720
2.629324,72,13467.863703,medium,0.7013239875389408,2.7013239875389408,2,720
2.917389,67,13491.911467,medium,0.9834890965732087,2.9834890965732086,2,661
2.683374,72,13517.608644,medium,0.7553738317757009,2.755373831775701,2,720
2.634135,67,13542.042543,medium,0.7009345794392523,2.7009345794392523,2,668
2.645512,64,13566.731865,medium,0.7091121495327103,2.7091121495327104,2,636
2.662076,62,13589.176967,medium,0.7236760124610592,2.723676012461059,2,616
0.42523,56,13609.290423,medium,0.48052959501557635,0.48052959501557635,0,553
3.9525,48,13626.227447,medium,1.0,4.0,3,475
1.368507,71,13650.787274,medium,0.4387071651090343,1.4387071651090344,1,702
2.755492,72,13676.794034,medium,0.8274922118380063,2.827492211838006,2,720
2.608218,72,13699.092187,medium,0.6802180685358256,2.6802180685358254,2,720
3.9325,68,13721.457479,medium,1.0,4.0,3,675
2.730414,72,13751.648455,medium,0.8024143302180685,2.8024143302180686,2,720
2.493878,57,13773.954706,medium,0.5500778816199376,2.550077881619938,2,562
2.518421,72,13801.652101,medium,0.5904205607476636,2.5904205607476634,2,720
2.722655,69,13827.622797,medium,0.7913551401869159,2.7913551401869157,2,687
2.474175,66,13853.145826,medium,0.5398753894080996,2.5398753894081,2,657
1.491396,72,13880.526421,medium,0.5633956386292834,1.5633956386292835,1,720
2.619217,61,13903.903054,medium,0.6795171339563862,2.679517133956386,2,603
3.9375,63,13929.829865,medium,1.0,4.0,3,625
0.334441,55,13949.322391,medium,0.38894080996884733,0.38894080996884733,0,545
1.41754,63,13972.138402,medium,0.48014018691588783,1.480140186915888,1,626
2.534324,59,13992.282783,medium,0.5932242990654205,2.5932242990654206,2,589
3.9464,54,14011.544146,medium,1.0,4.0,3,536
2.796457,64,14034.759069,medium,0.8596573208722741,2.859657320872274,2,632
2.758218,72,14061.274186,medium,0.8302180685358256,2.8302180685358254,2,720
3.9354,65,14084.537451,medium,1.0,4.0,3,646
2.810555,72,14111.200471,medium,0.8825545171339564,2.8825545171339564,2,720
2.865872,72,14137.167814,medium,0.9370716510903426,2.9370716510903425,2,712
1.383917,54,14156.321296,medium,0.4376168224299065,1.4376168224299066,1,537
0.412969,72,14181.265498,medium,0.48496884735202495,0.48496884735202495,0,720
3.9513,49,14198.829898,medium,1.0,4.0,3,487
2.865695,72,14224.393262,medium,0.9376947040498442,2.9376947040498442,2,720
2.453077,64,14247.522422,medium,0.5162772585669781,2.516277258566978,2,632
2.723923,60,14269.49975,medium,0.7837227414330218,2.7837227414330217,2,598
2.677844,72,14298.182506,medium,0.7498442367601246,2.749844236760125,2,720
2.759308,72,14323.508771,medium,0.8313084112149532,2.831308411214953,2,720
2.670412,72,14348.129651,medium,0.7422118380062306,2.742211838006231,2,718
3.9441,56,14368.78909,medium,1.0,4.0,3,559
2.847794,65,14392.983421,medium,0.911993769470405,2.911993769470405,2,642
2.722626,72,14418.096626,medium,0.7946261682242991,2.794626168224299,2,720
2.623327,72,14443.858052,medium,0.6953271028037383,2.695327102803738,2,720
2.55086,61,14465.24803,medium,0.6117601246105919,2.611760124610592,2,609
2.71412,68,14491.395748,medium,0.7816199376947041,2.781619937694704,2,675
2.684366,66,14514.310651,medium,0.749766355140187,2.7497663551401867,2,654
2.617697,64,14536.728316,medium,0.6809968847352025,2.6809968847352024,2,633
2.629791,72,14561.999142,medium,0.7017912772585669,2.701791277258567,2,720
2.612827,66,14586.148456,medium,0.6784267912772586,2.678426791277259,2,656
2.834327,70,14610.353231,medium,0.9034267912772586,2.9034267912772584,2,691
3.9325,68,14634.082303,medium,1.0,4.0,3,675
2.676287,72,14659.735385,medium,0.7482866043613707,2.748286604361371,2,720
2.487236,57,14678.977698,medium,0.5435358255451713,2.543535825545171,2,563
3.9443,56,14697.989624,medium,1.0,4.0,3,557
3.9316,69,14722.850662,medium,1.0,4.0,3,684
2.705181,72,14748.776827,medium,0.7771806853582555,2.7771806853582555,2,720
2.820086,53,14767.971379,medium,0.8725856697819314,2.872585669781931,2,525
2.895679,72,14792.980447,medium,0.9676791277258567,2.967679127725857,2,720
3.9433,57,14813.550026,medium,1.0,4.0,3,567
2.709464,72,14840.553736,medium,0.7814641744548286,2.7814641744548285,2,720
3.9461,54,14860.227358,medium,1.0,4.0,3,539
2.767672,70,14885.062541,medium,0.8370716510903426,2.8370716510903424,2,694
2.663202,72,14910.729411,medium,0.735202492211838,2.735202492211838,2,720
2.926754,72,14935.640466,medium,0.9987538940809969,2.998753894080997,2,720
3.9411,59,14956.430009,medium,1.0,4.0,3,589
2.544338,68,14980.174502,medium,0.6118380062305296,2.6118380062305295,2,675
2.726676,72,15005.950244,medium,0.7986760124610592,2.7986760124610592,2,720
2.651602,58,15028.159191,medium,0.7095015576323987,2.709501557632399,2,579
3.9547,46,15043.910588,medium,1.0,4.0,3,453
2.730414,72,15070.871677,medium,0.8024143302180685,2.8024143302180686,2,720
2.659585,63,15094.582374,medium,0.7218847352024922,2.721884735202492,2,623
2.668456,66,15117.954416,medium,0.7339563862928349,2.733956386292835,2,655
2.566116,71,15142.952837,medium,0.6369158878504673,2.636915887850467,2,708
1.565383,72,15167.521108,medium,0.6373831775700934,1.6373831775700936,1,720
2.555181,72,15192.287234,medium,0.6271806853582554,2.6271806853582556,2,720
2.743421,72,15218.063089,medium,0.8154205607476636,2.8154205607476634,2,720
2.870056,72,15243.570489,medium,0.9420560747663551,2.942056074766355,2,720
3.934,66,15267.568377,medium,1.0,4.0,3,660
3.9423,58,15288.782194,medium,1.0,4.0,3,577
2.676754,72,15314.00867,medium,0.7487538940809969,2.748753894080997,2,720
2.863742,60,15335.276898,medium,0.9234423676012461,2.923442367601246,2,597
2.703544,63,15357.296833,medium,0.7660436137071651,2.766043613707165,2,625
2.568654,72,15382.229369,medium,0.6406542056074767,2.6406542056074764,2,720
2.844822,72,15410.448231,medium,0.9168224299065421,2.916822429906542,2,720
2.754608,60,15431.637985,medium,0.8144080996884735,2.8144080996884737,2,598
3.9443,56,15452.68446,medium,1.0,4.0,3,557
2.904947,72,15478.331965,medium,0.9769470404984424,2.9769470404984424,2,720
2.678105,60,15499.685112,medium,0.7373052959501558,2.737305295950156,2,592
2.853779,72,15525.418897,medium,0.925778816199377,2.9257788161993767,2,720
2.880492,72,15550.228863,medium,0.9524922118380063,2.952492211838006,2,720
2.66644,56,15570.212816,medium,0.7220404984423676,2.7220404984423676,2,556
2.836723,72,15597.684099,medium,0.9087227414330218,2.9087227414330217,2,720
2.813202,72,15624.075031,medium,0.885202492211838,2.885202492211838,2,720
2.857907,72,15649.922116,medium,0.9299065420560748,2.9299065420560746,2,720
3.9484,52,15668.586418,medium,1.0,4.0,3,516
2.716662,55,15687.829971,medium,0.7712616822429906,2.7712616822429905,2,546
2.884231,72,15713.148407,medium,0.9562305295950155,2.9562305295950155,2,720
2.757128,72,15738.013825,medium,0.8291277258566978,2.829127725856698,2,720
3.9345,66,15762.998636,medium,1.0,4.0,3,655
2.792622,66,15786.569587,medium,0.8580218068535825,2.8580218068535825,2,654
2.838903,72,15813.312562,medium,0.9109034267912772,2.9109034267912772,2,720
3.9445,56,15833.063066,medium,1.0,4.0,3,555
2.738385,68,15857.721248,medium,0.8056853582554517,2.8056853582554515,2,673
1.510098,64,15881.074757,medium,0.5735981308411215,1.5735981308411215,1,635
2.929389,55,15899.79747,medium,0.9834890965732087,2.9834890965732086,2,541
2.808738,62,15921.509706,medium,0.8699376947040498,2.86993769470405,2,612
2.865695,72,15949.853576,medium,0.9376947040498442,2.9376947040498442,2,720
2.509708,55,15970.207836,medium,0.5644080996884735,2.5644080996884737,2,547
2.770212,72,15996.250293,medium,0.8422118380062306,2.8422118380062305,2,720
3.9374,63,16017.851083,medium,1.0,4.0,3,626
2.851598,72,16043.874397,medium,0.9235981308411215,2.9235981308411216,2,720
2.525773,54,16063.923537,medium,0.5796728971962617,2.5796728971962617,2,539
3.9289,72,16088.552173,medium,1.0,4.0,3,711
2.624417,72,16115.294222,medium,0.696417445482866,2.696417445482866,2,720
3.9287,72,16143.223397,medium,1.0,4.0,3,713
2.857984,72,16169.72521,medium,0.9299844236760124,2.9299844236760126,2,720
2.651832,72,16196.667967,medium,0.7238317757009346,2.7238317757009347,2,720
2.685576,64,16219.116165,medium,0.7486760124610592,2.7486760124610594,2,631
2.793109,72,16244.171183,medium,0.8651090342679127,2.865109034267913,2,720
1.41186,50,16262.442863,medium,0.4617601246105919,1.461760124610592,1,499
1.337382,58,16282.915579,medium,0.39478193146417445,1.3947819314641745,1,574
3.9389,62,16304.9054,medium,1.0,4.0,3,611
2.846527,57,16327.281498,medium,0.9034267912772586,2.9034267912772584,2,569
2.504188,71,16352.483345,medium,0.5746884735202492,2.5746884735202493,2,705
2.586025,58,16373.489013,medium,0.6439252336448598,2.6439252336448598,2,579
2.732984,72,16399.324582,medium,0.8049844236760124,2.8049844236760126,2,720
2.802782,59,16419.672824,medium,0.8616822429906542,2.8616822429906543,2,589
2.852143,72,16443.84558,medium,0.9241433021806854,2.9241433021806853,2,720
3.9372,63,16466.124444,medium,1.0,4.0,3,628
2.645414,57,16486.172075,medium,0.7024143302180685,2.7024143302180685,2,570
3.9494,51,16505.716944,medium,1.0,4.0,3,506
2.56077,50,16523.359494,medium,0.6106697819314642,2.610669781931464,2,499
2.66144,61,16544.131869,medium,0.7220404984423676,2.7220404984423676,2,606
2.665203,62,16566.650034,medium,0.7271028037383177,2.7271028037383176,2,619
3.9494,51,16584.931409,medium,1.0,4.0,3,506
2.634894,53,16603.090988,medium,0.686993769470405,2.686993769470405,2,521
2.560944,64,16625.549937,medium,0.6248442367601246,2.624844236760125,2,639
2.926754,72,16651.348947,medium,0.9987538940809969,2.998753894080997,2,720
0.261778,56,16671.153588,medium,0.31697819314641745,0.31697819314641745,0,552
2.628779,72,16698.217121,medium,0.700778816199377,2.700778816199377,2,720
2.651756,66,16722.028491,medium,0.7170560747663551,2.7170560747663552,2,653
3.9481,52,16740.814131,medium,1.0,4.0,3,519
3.9333,67,16764.281558,medium,1.0,4.0,3,667
2.461058,58,16784.122072,medium,0.5184579439252337,2.5184579439252337,2,574
2.659715,60,16804.690002,medium,0.7193146417445483,2.7193146417445484,2,596
2.71181,71,16829.920007,medium,0.7827102803738317,2.7827102803738315,2,709
3.937,63,16852.689099,medium,1.0,4.0,3,630
1.405614,72,16878.751031,medium,0.47741433021806856,1.4774143302180685,1,718
2.835117,70,16902.464553,medium,0.9045171339563863,2.904517133956386,2,694
1.650352,72,16926.831091,medium,0.7223520249221184,1.7223520249221185,1,720
3.9291,71,16950.749018,medium,1.0,4.0,3,709
3.931,69,16975.973697,medium,1.0,4.0,3,690
2.609382,69,16999.93489,medium,0.6778816199376947,2.6778816199376947,2,685
2.828545,72,17024.176918,medium,0.9005451713395639,2.900545171339564,2,720
2.59288,51,17043.990792,medium,0.643380062305296,2.643380062305296,2,505
2.640583,64,17066.323943,medium,0.7042834890965732,2.7042834890965732,2,637
1.497549,56,17085.768356,medium,0.5533489096573209,1.5533489096573208,1,558
2.751676,72,17110.440768,medium,0.8236760124610591,2.823676012461059,2,720
2.823731,58,17130.990433,medium,0.8812305295950156,2.8812305295950154,2,575
3.9389,62,17154.018981,medium,1.0,4.0,3,611
2.585402,50,17171.674212,medium,0.635202492211838,2.635202492211838,2,498
2.903312,72,17196.821261,medium,0.9753115264797507,2.975311526479751,2,720
2.776209,72,17224.45509,medium,0.848208722741433,2.848208722741433,2,720
3.9555,45,17240.78706,medium,1.0,4.0,3,445
2.866037,71,17265.904402,medium,0.9361370716510904,2.9361370716510904,2,701
2.891511,67,17288.001997,medium,0.958411214953271,2.958411214953271,2,669
0.241126,54,17306.363032,medium,0.29462616822429905,0.29462616822429905,0,535
0.38116,64,17327.766679,medium,0.44485981308411215,0.44485981308411215,0,637
1.437854,53,17345.886082,medium,0.49065420560747663,1.4906542056074765,1,528
2.54435,52,17364.246609,medium,0.5959501557632398,2.59595015576324,2,516
2.688826,72,17388.930032,medium,0.7608255451713396,2.7608255451713397,2,720
2.834127,70,17415.153332,medium,0.9034267912772586,2.9034267912772584,2,693
2.728961,59,17435.562596,medium,0.7874610591900312,2.787461059190031,2,585
3.9477,53,17454.370245,medium,1.0,4.0,3,523
2.769121,72,17479.155373,medium,0.8411214953271028,2.8411214953271027,2,720
2.80794,56,17499.343707,medium,0.863239875389408,2.863239875389408,2,553
2.611255,72,17525.070208,medium,0.6832554517133956,2.6832554517133955,2,720
3.9494,51,17542.472249,medium,1.0,4.0,3,506
1.58976,72,17566.910304,medium,0.6617601246105919,1.6617601246105917,1,720
2.734428,70,17593.353873,medium,0.8041277258566978,2.8041277258566977,2,697
2.786411,72,17619.262368,medium,0.858411214953271,2.858411214953271,2,720
2.695721,54,17637.962571,medium,0.7492211838006231,2.749221183800623,2,535
2.817642,72,17661.717656,medium,0.8896417445482866,2.8896417445482867,2,720
2.873145,70,17686.481392,medium,0.9424454828660436,2.9424454828660433,2,693
2.649234,68,17711.210623,medium,0.7171339563862928,2.717133956386293,2,679
3.9293,71,17737.265112,medium,1.0,4.0,3,707
1.445796,52,17756.70518,medium,0.497196261682243,1.497196261682243,1,514
2.744589,72,17784.365157,medium,0.8165887850467289,2.816588785046729,2,720
2.699729,72,17808.64291,medium,0.7717289719626168,2.7717289719626166,2,720
3.9433,57,17829.297666,medium,1.0,4.0,3,567
2.650741,72,17856.246668,medium,0.7227414330218068,2.722741433021807,2,720
2.534543,56,17877.33391,medium,0.5903426791277259,2.5903426791277258,2,558
1.537424,64,17899.172812,medium,0.6013239875389408,1.6013239875389407,1,639
2.665328,64,17921.42598,medium,0.7291277258566978,2.729127725856698,2,638
2.615968,52,17939.689234,medium,0.667367601246106,2.667367601246106,2,514
1.436641,70,17966.679824,medium,0.5058411214953271,1.5058411214953271,1,692
2.888592,72,17991.229549,medium,0.9605919003115265,2.9605919003115266,2,720
2.831427,72,18017.158274,medium,0.9034267912772586,2.9034267912772584,2,720
2.808377,66,18040.726864,medium,0.8743769470404984,2.8743769470404983,2,660
2.824668,68,18065.509168,medium,0.8923676012461059,2.892367601246106,2,677
2.715539,72,18090.924223,medium,0.7875389408099689,2.787538940809969,2,720
2.502384,53,18110.433797,medium,0.5549844236760124,2.5549844236760126,2,526
2.498175,50,18128.164915,medium,0.5479750778816199,2.54797507788162,2,498
2.625508,72,18153.876264,medium,0.6975077881619938,2.6975077881619938,2,720
2.840461,72,18179.156096,medium,0.9124610591900312,2.912461059190031,2,720
2.835555,72,18204.659173,medium,0.9075545171339564,2.9075545171339563,2,720
2.90195,69,18228.515256,medium,0.9709501557632398,2.97095015576324,2,690
2.808296,72,18253.828765,medium,0.8802959501557632,2.8802959501557632,2,720
3.9311,69,18278.573487,medium,1.0,4.0,3,689
2.674843,58,18298.840681,medium,0.7322429906542056,2.7322429906542056,2,574
2.911099,64,18323.766567,medium,0.9742990654205608,2.9742990654205608,2,632
2.659464,72,18348.41094,medium,0.7314641744548287,2.7314641744548287,2,720
2.627065,72,18374.577026,medium,0.6990654205607477,2.6990654205607476,2,720
2.666072,63,18396.451106,medium,0.7289719626168224,2.7289719626168223,2,629
2.924106,72,18421.966099,medium,0.9961059190031153,2.9961059190031154,2,720
3.9311,69,18446.686722,medium,1.0,4.0,3,689
2.673839,72,18472.918366,medium,0.7456386292834891,2.745638629283489,2,718
3.9344,66,18498.413847,medium,1.0,4.0,3,656
2.593304,52,18516.238064,medium,0.6447040498442368,2.6447040498442367,2,514
2.746769,72,18543.270527,medium,0.8187694704049844,2.8187694704049844,2,720
3.9489,52,18562.767591,medium,1.0,4.0,3,511
2.743746,66,18585.583865,medium,0.8093457943925234,2.8093457943925233,2,656
3.9397,61,18607.530512,medium,1.0,4.0,3,603
3.9365,64,18630.470757,medium,1.0,4.0,3,635
1.554564,60,18652.892887,medium,0.6145638629283489,1.6145638629283487,1,600
2.627749,59,18674.191411,medium,0.6864485981308411,2.6864485981308412,2,587
0.326716,61,18697.488915,medium,0.38691588785046727,0.38691588785046727,0,602
2.429012,72,18723.585699,medium,0.5010124610591901,2.50101246105919,2,720
3.9414,59,18745.431914,medium,1.0,4.0,3,586
3.9496,51,18763.949308,medium,1.0,4.0,3,504
2.667642,72,18788.511994,medium,0.7396417445482866,2.739641744548287,2,720
3.9532,47,18804.995177,medium,1.0,4.0,3,468
2.817097,72,18829.113438,medium,0.8890965732087227,2.8890965732087226,2,720
3.9362,64,18851.111809,medium,1.0,4.0,3,638
2.734776,72,18878.451023,medium,0.8067757009345794,2.8067757009345793,2,720
2.746564,60,18899.434588,medium,0.8064641744548287,2.8064641744548284,2,599
3.9442,56,18919.550267,medium,1.0,4.0,3,558
1.618109,72,18945.921025,medium,0.6901090342679128,1.6901090342679128,1,720
3.9325,68,18969.835801,medium,1.0,4.0,3,675
2.831427,72,18995.558815,medium,0.9034267912772586,2.9034267912772584,2,720
3.9456,55,19015.3111,medium,1.0,4.0,3,544
3.9499,51,19032.386992,medium,1.0,4.0,3,501
1.575902,59,19055.629675,medium,0.6345015576323988,1.6345015576323987,1,586
1.630566,61,19077.420587,medium,0.6909657320872274,1.6909657320872276,1,604
3.9487,52,19096.470054,medium,1.0,4.0,3,513
2.638962,58,19117.967738,medium,0.6962616822429907,2.696261682242991,2,573
2.705277,53,19137.236409,medium,0.7574766355140187,2.757476635514019,2,522
2.88096,72,19163.149569,medium,0.9529595015576324,2.9529595015576326,2,720
1.591941,72,19189.711757,medium,0.6639408099688473,1.6639408099688473,1,720
2.664564,67,19213.200409,medium,0.7314641744548287,2.7314641744548287,2,669
3.9405,60,19235.559991,medium,1.0,4.0,3,595
2.89895,72,19264.235983,medium,0.9709501557632398,2.97095015576324,2,720
2.793825,59,19285.605517,medium,0.8520249221183801,2.85202492211838,2,582
3.9492,51,19304.811554,medium,1.0,4.0,3,508
2.580823,70,19329.309518,medium,0.6506230529595015,2.6506230529595016,2,698
3.9424,58,19350.705252,medium,1.0,4.0,3,576
2.727628,61,19371.193932,medium,0.7879283489096574,2.7879283489096576,2,603
2.865695,72,19398.031826,medium,0.9376947040498442,2.9376947040498442,2,720
2.493978,57,19418.46071,medium,0.5500778816199376,2.550077881619938,2,561
1.476131,72,19447.902199,medium,0.5481308411214953,1.5481308411214953,1,720
1.335788,72,19475.200961,medium,0.4077881619937695,1.4077881619937695,1,720
2.606943,59,19497.382047,medium,0.6653426791277258,2.665342679127726,2,584
2.720991,72,19524.011228,medium,0.7929906542056074,2.7929906542056075,2,720
2.618576,72,19549.67752,medium,0.690576323987539,2.690576323987539,2,720
3.9294,71,19576.720833,medium,1.0,4.0,3,706
3.9378,63,19599.419681,medium,1.0,4.0,3,622
2.757916,54,19621.535847,medium,0.8119158878504673,2.8119158878504673,2,540
2.587346,72,19647.279634,medium,0.6593457943925234,2.6593457943925234,2,720
2.680103,72,19674.100758,medium,0.7521028037383177,2.7521028037383175,2,720
3.9542,46,19690.914108,medium,1.0,4.0,3,458
2.622063,67,19714.344656,medium,0.6888629283489096,2.6888629283489096,2,668
2.657983,55,19733.368601,medium,0.7123831775700935,2.7123831775700937,2,544
2.702455,72,19759.380133,medium,0.7744548286604361,2.7744548286604362,2,720
2.49015,72,19786.448025,medium,0.5621495327102803,2.56214953271028,2,720
3.9322,68,19812.360053,medium,1.0,4.0,3,678
2.591503,61,19835.353751,medium,0.6521028037383177,2.652102803738318,2,606
2.552911,56,19853.903191,medium,0.608411214953271,2.608411214953271,2,555
2.818548,60,19874.686306,medium,0.8776479750778816,2.8776479750778816,2,591
2.567194,62,19895.356753,medium,0.6288940809968847,2.6288940809968846,2,617
2.799651,72,19920.449626,medium,0.8716510903426792,2.871651090342679,2,720
2.729308,69,19944.532787,medium,0.7975077881619937,2.797507788161994,2,682
3.9352,65,19966.657891,medium,1.0,4.0,3,648
1.585644,65,19991.22209,medium,0.6498442367601246,1.6498442367601247,1,642
3.9492,51,20009.664576,medium,1.0,4.0,3,508
2.700352,72,20035.352293,medium,0.7723520249221184,2.7723520249221183,2,720
3.9344,66,20058.028986,medium,1.0,4.0,3,656
2.661566,64,20079.456052,medium,0.724766355140187,2.724766355140187,2,632
3.9367,64,20102.273911,medium,1.0,4.0,3,633
2.707836,69,20127.697968,medium,0.7766355140186916,2.7766355140186914,2,688
2.53214,65,20151.190079,medium,0.5970404984423676,2.5970404984423676,2,649
2.442955,65,20176.733604,medium,0.5075545171339564,2.5075545171339564,2,646
2.645679,72,20203.928154,medium,0.7176791277258567,2.717679127725857,2,720
1.29108,53,20222.013934,medium,0.34338006230529594,1.3433800623052958,1,523
2.684386,72,20247.37619,medium,0.756386292834891,2.756386292834891,2,720
3.9436,57,20267.77384,medium,1.0,4.0,3,564
2.787866,54,20287.026332,medium,0.8409657320872275,2.8409657320872275,2,531
3.929,71,20312.620264,medium,1.0,4.0,3,710
2.693032,65,20337.234767,medium,0.7576323987538941,2.757632398753894,2,646
3.9446,56,20359.193532,medium,1.0,4.0,3,554
3.9446,56,20380.416414,medium,1.0,4.0,3,554
1.296874,59,20402.838288,medium,0.3553738317757009,1.355373831775701,1,585
2.772393,72,20428.143163,medium,0.844392523364486,2.844392523364486,2,720
2.763969,55,20450.106826,medium,0.8187694704049844,2.8187694704049844,2,548
2.691396,72,20476.449099,medium,0.7633956386292835,2.7633956386292837,2,720
1.443205,53,20495.981549,medium,0.49540498442367603,1.495404984423676,1,522
2.861956,72,20522.06323,medium,0.9339563862928348,2.933956386292835,2,720
2.566672,55,20542.017117,medium,0.6208722741433021,2.620872274143302,2,542
2.735412,66,20568.043201,medium,0.80101246105919,2.80101246105919,2,656
3.9561,44,20583.354279,medium,1.0,4.0,3,439
2.730414,72,20609.679202,medium,0.8024143302180685,2.8024143302180686,2,720
2.66454,66,20632.991569,medium,0.7301401869158879,2.7301401869158877,2,656
3.9539,47,20648.953091,medium,1.0,4.0,3,461
3.9485,52,20666.940576,medium,1.0,4.0,3,515
2.725508,72,20692.996577,medium,0.7975077881619937,2.797507788161994,2,720
2.615695,72,20719.497501,medium,0.6876947040498442,2.6876947040498442,2,720
2.760238,60,20742.737982,medium,0.8199376947040499,2.8199376947040498,2,597
2.818109,72,20767.989049,medium,0.8901090342679128,2.8901090342679128,2,720
2.801596,71,20792.332895,medium,0.872196261682243,2.8721962616822427,2,706
2.863436,72,20817.84274,medium,0.9354361370716511,2.935436137071651,2,720
2.60621,68,20841.76654,medium,0.6739096573208723,2.6739096573208725,2,677
2.704319,60,20863.386502,medium,0.764018691588785,2.764018691588785,2,597
3.9503,50,20881.632006,medium,1.0,4.0,3,497
2.774221,67,20905.164931,medium,0.8411214953271028,2.8411214953271027,2,669
3.9489,52,20924.86142,medium,1.0,4.0,3,511
3.9284,72,20950.46712,medium,1.0,4.0,3,716
3.9501,50,20968.794626,medium,1.0,4.0,3,499
2.720134,72,20995.454035,medium,0.7921339563862928,2.7921339563862926,2,720
2.497979,61,21017.419612,medium,0.5588785046728972,2.5588785046728972,2,609
3.947,53,21035.972049,medium,1.0,4.0,3,530
0.419021,72,21060.815382,medium,0.49042056074766355,0.49042056074766355,0,714
2.573717,72,21086.558421,medium,0.6457165109034267,2.645716510903427,2,720
2.869511,72,21113.077523,medium,0.9415109034267912,2.9415109034267912,2,720
1.42065,51,21131.810371,medium,0.4709501557632399,1.4709501557632398,1,503
2.727688,72,21157.482294,medium,0.7996884735202492,2.7996884735202494,2,720
2.609932,56,21177.875036,medium,0.6657320872274143,2.6657320872274144,2,558
3.9459,55,21197.445347,medium,1.0,4.0,3,541
0.238923,62,21219.811855,medium,0.30062305295950154,0.30062305295950154,0,617
3.9326,68,21244.11313,medium,1.0,4.0,3,674
3.9489,52,21263.695331,medium,1.0,4.0,3,511
2.722866,52,21281.295457,medium,0.7747663551401869,2.774766355140187,2,519
2.751279,58,21303.497975,medium,0.8088785046728972,2.8088785046728972,2,576
2.671038,66,21327.671394,medium,0.7368380062305296,2.7368380062305295,2,658
1.429842,69,21352.687025,medium,0.4984423676012461,1.4984423676012462,1,686
3.9441,56,21373.369054,medium,1.0,4.0,3,559
3.9386,62,21395.222625,medium,1.0,4.0,3,614
2.755492,72,21419.85945,medium,0.8274922118380063,2.827492211838006,2,720
2.509047,68,21443.393127,medium,0.5769470404984424,2.5769470404984425,2,679
2.831427,72,21468.699912,medium,0.9034267912772586,2.9034267912772584,2,720
0.410809,55,21488.410756,medium,0.4651090342679128,0.4651090342679128,0,543
2.743617,69,21513.542336,medium,0.8126168224299065,2.8126168224299066,2,690
2.698496,57,21534.258934,medium,0.7552959501557632,2.7552959501557632,2,568
2.819986,62,21556.42502,medium,0.881386292834891,2.881386292834891,2,614
3.9621,38,21569.74087,medium,1.0,4.0,3,379
2.72768,66,21594.106155,medium,0.7933800623052959,2.793380062305296,2,657
2.724867,59,21615.393896,medium,0.7835669781931465,2.7835669781931465,2,587
2.56921,72,21640.731827,medium,0.640809968847352,2.640809968847352,2,716
3.9529,48,21660.070938,medium,1.0,4.0,3,471
2.787579,72,21686.03379,medium,0.8595794392523365,2.8595794392523364,2,720
2.656583,72,21711.385907,medium,0.7285825545171339,2.728582554517134,2,720
3.9451,55,21730.809125,medium,1.0,4.0,3,549
3.9324,68,21754.43825,medium,1.0,4.0,3,676
2.746769,72,21780.819228,medium,0.8187694704049844,2.8187694704049844,2,720
2.736851,52,21798.550745,medium,0.7885514018691588,2.788551401869159,2,517
2.776311,66,21821.994168,medium,0.8415109034267912,2.841510903426791,2,652
2.875949,61,21846.358473,medium,0.9364485981308411,2.9364485981308412,2,605
2.697637,56,21866.737193,medium,0.7530373831775701,2.75303738317757,2,554
2.562221,54,21886.249917,medium,0.6161214953271028,2.6161214953271026,2,539
2.865695,72,21912.140447,medium,0.9376947040498442,2.9376947040498442,2,720
2.586541,62,21934.548884,medium,0.6477414330218069,2.6477414330218068,2,612
3.9517,49,21952.993538,medium,1.0,4.0,3,483
3.931,69,21976.851179,medium,1.0,4.0,3,690
3.9398,61,21999.619696,medium,1.0,4.0,3,602
3.93,70,22026.249077,medium,1.0,4.0,3,700
3.934,66,22049.267335,medium,1.0,4.0,3,660
2.637617,59,22070.322008,medium,0.696417445482866,2.696417445482866,2,588
2.592349,61,22090.974938,medium,0.6533489096573208,2.653348909657321,2,610
2.784698,72,22117.025957,medium,0.8566978193146417,2.8566978193146415,2,720
2.521572,58,22137.238891,medium,0.5789719626168224,2.5789719626168224,2,574
3.9455,55,22156.070113,medium,1.0,4.0,3,545
1.431157,54,22174.070954,medium,0.48465732087227414,1.4846573208722742,1,535
2.792875,72,22197.373863,medium,0.8648753894080997,2.8648753894080996,2,720
2.787034,72,22222.782698,medium,0.8590342679127726,2.8590342679127727,2,720
2.7236,69,22243.703858,medium,0.7919003115264798,2.7919003115264798,2,683
2.591445,51,22260.845805,medium,0.6417445482866043,2.641744548286604,2,503
2.848327,72,22284.321317,medium,0.9203271028037383,2.9203271028037383,2,720
2.531733,52,22301.521523,medium,0.5833333333333334,2.5833333333333335,2,516
3.9487,52,22319.14363,medium,1.0,4.0,3,513
2.594141,54,22338.483508,medium,0.6477414330218069,2.6477414330218068,2,536
2.550586,72,22365.597473,medium,0.6225856697819314,2.622585669781931,2,720
2.709171,61,22389.673775,medium,0.770171339563863,2.7701713395638627,2,610
3.9296,71,22414.309677,medium,1.0,4.0,3,704
3.9282,72,22439.270776,medium,1.0,4.0,3,718
3.9335,67,22460.938296,medium,1.0,4.0,3,665
2.926031,56,22479.193904,medium,0.9819314641744549,2.9819314641744548,2,559
1.643732,72,22503.233452,medium,0.7157320872274143,1.7157320872274142,1,720
3.9379,63,22526.903111,medium,1.0,4.0,3,621
2.624543,66,22553.819972,medium,0.6903426791277258,2.690342679127726,2,658
2.774256,68,22580.882283,medium,0.8420560747663551,2.8420560747663552,2,678
2.836723,72,22606.37936,medium,0.9087227414330218,2.9087227414330217,2,720
2.703906,60,22627.694425,medium,0.763006230529595,2.7630062305295953,2,591
2.857361,72,22654.360242,medium,0.9293613707165109,2.929361370716511,2,720
2.72261,52,22671.640517,medium,0.7739096573208722,2.773909657320872,2,513
2.870601,72,22697.397042,medium,0.942601246105919,2.942601246105919,2,720
3.9368,64,22720.481503,medium,1.0,4.0,3,632
3.9327,68,22746.522347,medium,1.0,4.0,3,673
2.61071,72,22771.790206,medium,0.6827102803738317,2.682710280373832,2,720
2.690383,72,22797.90001,medium,0.7623831775700934,2.7623831775700936,2,720
2.738433,62,22819.503194,medium,0.7995327102803739,2.7995327102803738,2,611
2.835172,69,22843.925114,medium,0.9039719626168224,2.9039719626168226,2,688
3.954,46,22860.738281,medium,1.0,4.0,3,460
2.866318,72,22886.865125,medium,0.9383177570093458,2.938317757009346,2,720
3.9458,55,22905.109759,medium,1.0,4.0,3,542
0.372159,72,22930.747439,medium,0.4441588785046729,0.4441588785046729,0,720
2.632998,66,22952.135998,medium,0.6985981308411215,2.6985981308411215,2,656
2.575129,64,22972.335237,medium,0.6386292834890965,2.6386292834890965,2,635
3.9394,61,22992.300036,medium,1.0,4.0,3,606
2.731533,68,23014.6529,medium,0.7995327102803739,2.7995327102803738,2,680
2.7174,58,23034.808372,medium,0.775,2.775,2,576
2.591121,50,23051.378886,medium,0.6411214953271028,2.641121495327103,2,500
2.627844,72,23076.88844,medium,0.6998442367601246,2.6998442367601245,2,720
2.641726,70,23103.919065,medium,0.7115264797507788,2.7115264797507788,2,698
2.660009,72,23126.670866,medium,0.7320093457943925,2.7320093457943924,2,720
2.512775,53,23143.727383,medium,0.5648753894080997,2.5648753894081,2,521
2.853234,72,23167.140054,medium,0.9252336448598131,2.925233644859813,2,720
2.792196,64,23188.221781,medium,0.8552959501557632,2.8552959501557633,2,631
2.868966,72,23211.852765,medium,0.9409657320872274,2.9409657320872276,2,720
2.435009,72,23234.976953,medium,0.5070093457943925,2.5070093457943923,2,720
2.666079,69,23258.129301,medium,0.7345794392523365,2.7345794392523364,2,685
2.868421,72,23284.560572,medium,0.9404205607476636,2.9404205607476634,2,720
3.9511,49,23300.333943,medium,1.0,4.0,3,489
2.514902,54,23317.395159,medium,0.5683021806853582,2.5683021806853583,2,534
0.375369,68,23338.863363,medium,0.4430685358255452,0.4430685358255452,0,677
3.9348,66,23359.596454,medium,1.0,4.0,3,652
2.795835,72,23383.210408,medium,0.8678348909657321,2.867834890965732,2,720
2.82858,65,23404.210656,medium,0.893380062305296,2.893380062305296,2,648
3.9391,61,23424.753068,medium,1.0,4.0,3,609
2.724729,56,23447.589499,medium,0.7798286604361371,2.779828660436137,2,551
1.503156,72,23470.522536,medium,0.5751557632398754,1.5751557632398754,1,720
2.865894,63,23491.364372,medium,0.9288940809968848,2.928894080996885,2,630
2.663125,72,23514.714163,medium,0.7351246105919003,2.7351246105919005,2,720
2.872237,72,23538.248943,medium,0.9442367601246106,2.9442367601246104,2,720
2.514137,72,23561.790203,medium,0.5861370716510903,2.5861370716510903,2,720
3.9379,63,23582.322343,medium,1.0,4.0,3,621
3.9308,70,23609.385457,medium,1.0,4.0,3,692
2.726053,72,23635.65554,medium,0.7980529595015576,2.7980529595015575,2,720
3.9536,47,23651.777655,medium,1.0,4.0,3,464
2.785866,72,23677.478481,medium,0.8578660436137072,2.8578660436137073,2,720
1.433812,51,23695.345017,medium,0.48411214953271026,1.4841121495327103,1,503
2.733208,65,23718.91379,medium,0.7975077881619937,2.797507788161994,2,643
2.64716,56,23738.614945,medium,0.7029595015576324,2.7029595015576326,2,558
2.611879,72,23764.865353,medium,0.6838785046728972,2.6838785046728972,2,720
3.9494,51,23782.530244,medium,1.0,4.0,3,506
2.862525,65,23807.860587,medium,0.9270249221183801,2.92702492211838,2,645
2.757984,72,23834.554719,medium,0.8299844236760124,2.8299844236760126,2,720
2.790928,72,23860.295794,medium,0.8629283489096573,2.8629283489096573,2,720
1.305377,61,23883.03913,medium,0.3662772585669782,1.3662772585669782,1,609
3.9308,70,23908.43007,medium,1.0,4.0,3,692
1.429791,72,23933.869128,medium,0.501791277258567,1.501791277258567,1,720
2.613358,72,23957.848278,medium,0.6853582554517134,2.6853582554517135,2,720
2.566125,53,23976.073493,medium,0.6189252336448599,2.61892523364486,2,528
2.865695,72,24004.427734,medium,0.9376947040498442,2.9376947040498442,2,720
2.677299,72,24030.172116,medium,0.7492990654205608,2.7492990654205607,2,720
2.561291,57,24050.581233,medium,0.6179906542056075,2.6179906542056077,2,567
3.9487,52,24069.648394,medium,1.0,4.0,3,513
2.787813,72,24096.333672,medium,0.8598130841121495,2.8598130841121496,2,720
1.413273,59,24117.055291,medium,0.47157320872274144,1.4715732087227416,1,583
3.9509,50,24135.81228,medium,1.0,4.0,3,491
2.878234,72,24161.984759,medium,0.9502336448598131,2.950233644859813,2,720
2.57349,69,24188.09823,medium,0.6422897196261682,2.6422897196261683,2,688
2.873872,72,24213.581154,medium,0.9458722741433022,2.9458722741433023,2,720
3.9454,55,24232.919677,medium,1.0,4.0,3,546
3.9468,54,24252.622035,medium,1.0,4.0,3,532
2.864682,72,24278.28238,medium,0.9366822429906542,2.936682242990654,2,720
3.9459,55,24299.676121,medium,1.0,4.0,3,541
3.9384,62,24324.135783,medium,1.0,4.0,3,616
3.9525,48,24341.362401,medium,1.0,4.0,3,475
2.757004,55,24362.754697,medium,0.8116043613707166,2.8116043613707165,2,546
3.9431,57,24383.815616,medium,1.0,4.0,3,569
2.596552,68,24407.053912,medium,0.6642523364485982,2.664252336448598,2,677
2.890227,72,24433.342505,medium,0.9622274143302181,2.962227414330218,2,720
3.9427,58,24454.468167,medium,1.0,4.0,3,573
2.629869,72,24480.350034,medium,0.7018691588785047,2.7018691588785044,2,720
3.9516,49,24498.212076,medium,1.0,4.0,3,484
2.726988,72,24524.006077,medium,0.79898753894081,2.79898753894081,2,720
2.825819,72,24551.220415,medium,0.8978193146417446,2.897819314641745,2,720
2.501113,51,24569.276607,medium,0.5517133956386293,2.5517133956386293,2,506
2.736255,72,24595.785356,medium,0.8082554517133956,2.8082554517133955,2,720
3.94,60,24617.43306,medium,1.0,4.0,3,600
3.9481,52,24636.655228,medium,1.0,4.0,3,519
2.895679,72,24662.296787,medium,0.9676791277258567,2.967679127725857,2,720
2.712649,66,24686.567791,medium,0.7783489096573208,2.778348909657321,2,657
2.657063,65,24710.549618,medium,0.7219626168224299,2.72196261682243,2,649
3.9398,61,24733.716445,medium,1.0,4.0,3,602
2.489298,60,24755.13767,medium,0.5485981308411215,2.5485981308411216,2,593
2.767486,72,24781.91684,medium,0.8394859813084112,2.8394859813084112,2,720
2.668732,72,24808.610681,medium,0.7407320872274143,2.740732087227414,2,720
2.600975,72,24834.762974,medium,0.6729750778816199,2.67297507788162,2,720
2.73314,72,24860.361796,medium,0.8051401869158878,2.805140186915888,2,720
3.9478,53,24879.33244,medium,1.0,4.0,3,522
2.872455,69,24904.612674,medium,0.9413551401869159,2.941355140186916,2,689
2.694822,72,24932.663728,medium,0.766822429906542,2.766822429906542,2,720
2.723449,55,24953.014912,medium,0.7783489096573208,2.778348909657321,2,549
2.831271,72,24978.622749,medium,0.9032710280373831,2.9032710280373832,2,720
2.661693,50,24997.300966,medium,0.7112928348909657,2.7112928348909655,2,496
3.9489,52,25016.225282,medium,1.0,4.0,3,511
2.476182,52,25035.306381,medium,0.5278816199376947,2.527881619937695,2,517
2.871146,72,25062.044369,medium,0.9431464174454829,2.943146417445483,2,720
2.803716,67,25087.320196,medium,0.8700155763239875,2.8700155763239876,2,663
2.697971,56,25109.237549,medium,0.7532710280373832,2.7532710280373833,2,553
3.932,68,25134.23071,medium,1.0,4.0,3,680
3.9458,55,25153.076487,medium,1.0,4.0,3,542
2.605035,55,25172.985874,medium,0.6597352024922118,2.659735202492212,2,547
3.9416,59,25194.979621,medium,1.0,4.0,3,584
3.9489,52,25213.900656,medium,1.0,4.0,3,511
2.833629,72,25240.341376,medium,0.9048286604361371,2.904828660436137,2,712
3.9287,72,25265.276517,medium,1.0,4.0,3,713
2.757866,59,25286.803978,medium,0.8159657320872274,2.8159657320872276,2,581
2.892105,71,25314.635857,medium,0.9623052959501558,2.9623052959501557,2,702
3.9509,50,25332.52175,medium,1.0,4.0,3,491
2.890227,72,25358.881389,medium,0.9622274143302181,2.962227414330218,2,720
3.953,47,25376.715515,medium,1.0,4.0,3,470
3.9412,59,25398.974857,medium,1.0,4.0,3,588
2.849427,54,25418.093648,medium,0.9034267912772586,2.9034267912772584,2,540
3.9398,61,25439.207548,medium,1.0,4.0,3,602
2.75594,66,25464.165385,medium,0.8213395638629284,2.8213395638629284,2,654
2.903479,65,25489.904268,medium,0.9676791277258567,2.967679127725857,2,642
3.9374,63,25513.681647,medium,1.0,4.0,3,626
2.772938,72,25539.971726,medium,0.8449376947040499,2.8449376947040497,2,720
2.790441,66,25564.095526,medium,0.8558411214953271,2.855841121495327,2,654
1.402983,51,25582.685392,medium,0.453582554517134,1.453582554517134,1,506
2.665503,62,25605.083405,medium,0.7271028037383177,2.7271028037383176,2,616
3.9387,62,25627.089052,medium,1.0,4.0,3,613
3.9614,39,25642.672295,medium,1.0,4.0,3,386
2.793784,62,25665.056848,medium,0.8549844236760125,2.8549844236760125,2,612
2.715345,53,25685.978948,medium,0.7674454828660436,2.7674454828660435,2,521
3.9376,63,25708.368599,medium,1.0,4.0,3,624
3.9436,57,25729.793304,medium,1.0,4.0,3,564
3.9312,69,25754.386833,medium,1.0,4.0,3,688
1.421093,66,25777.738939,medium,0.48629283489096575,1.4862928348909659,1,652
2.680654,52,25796.276683,medium,0.7318535825545172,2.731853582554517,2,512
2.775741,72,25823.432523,medium,0.8477414330218068,2.847741433021807,2,720
2.670593,58,25844.519427,medium,0.7281931464174455,2.7281931464174454,2,576
3.9372,63,25868.474062,medium,1.0,4.0,3,628
3.9413,59,25888.943405,medium,1.0,4.0,3,587
2.816006,72,25916.193207,medium,0.888006230529595,2.8880062305295953,2,720
2.748405,72,25942.261895,medium,0.820404984423676,2.820404984423676,2,720
2.690305,72,25967.010237,medium,0.7623052959501557,2.7623052959501555,2,720
2.607761,55,25986.474971,medium,0.6624610591900312,2.662461059190031,2,547
2.653666,55,26006.826433,medium,0.7078660436137072,2.7078660436137074,2,542
1.45962,72,26033.436302,medium,0.5316199376947041,1.5316199376947042,1,720
2.552292,51,26053.435904,medium,0.6024922118380063,2.6024922118380065,2,502
2.802274,54,26073.604606,medium,0.8553738317757009,2.855373831775701,2,531
2.594996,53,26093.332238,medium,0.647196261682243,2.647196261682243,2,522
2.700274,72,26119.998026,medium,0.7722741433021807,2.7722741433021807,2,720
2.830103,72,26145.910894,medium,0.9021028037383177,2.902102803738318,2,720
3.9397,61,26168.316449,medium,1.0,4.0,3,603
2.46753,55,26189.239316,medium,0.5224299065420561,2.5224299065420563,2,549
3.9409,60,26212.001691,medium,1.0,4.0,3,591
2.56357,56,26232.447144,medium,0.6194704049844236,2.6194704049844235,2,559
3.9387,62,26257.262598,medium,1.0,4.0,3,613
2.559031,56,26277.801293,medium,0.615031152647975,2.6150311526479753,2,560
2.78166,72,26303.825758,medium,0.8536604361370717,2.853660436137072,2,720
3.9581,42,26319.900628,medium,1.0,4.0,3,419
2.778935,72,26346.003537,medium,0.8509345794392523,2.850934579439252,2,720
3.9385,62,26368.927586,medium,1.0,4.0,3,615
2.712331,53,26388.815369,medium,0.765031152647975,2.765031152647975,2,527
2.746331,69,26414.255075,medium,0.8150311526479751,2.815031152647975,2,687
2.453638,51,26435.415115,medium,0.5037383177570094,2.5037383177570094,2,501
2.874417,72,26462.403386,medium,0.946417445482866,2.946417445482866,2,720
2.591055,68,26487.008436,medium,0.6582554517133956,2.6582554517133956,2,672
3.9383,62,26510.482985,medium,1.0,4.0,3,617
2.644835,57,26531.630661,medium,0.7009345794392523,2.7009345794392523,2,561
2.636424,65,26556.141957,medium,0.7013239875389408,2.7013239875389408,2,649
3.9539,47,26574.08661,medium,1.0,4.0,3,461
2.872704,72,26601.304127,medium,0.9447040498442367,2.944704049844237,2,720
2.788818,59,26625.17852,medium,0.8471183800623053,2.847118380062305,2,583
3.936,64,26648.060714,medium,1.0,4.0,3,640
2.831427,72,26673.668162,medium,0.9034267912772586,2.9034267912772584,2,720
2.837424,72,26700.046875,medium,0.9094236760124611,2.909423676012461,2,720
2.598875,58,26721.408439,medium,0.6560747663551402,2.65607476635514,2,572
3.9482,52,26740.633544,medium,1.0,4.0,3,518
2.684713,51,26758.841219,medium,0.7348130841121495,2.7348130841121496,2,501
3.9408,60,26780.376477,medium,1.0,4.0,3,592
1.433205,71,26808.567472,medium,0.5035046728971962,1.5035046728971961,1,703
2.668241,55,26827.703007,medium,0.7227414330218068,2.722741433021807,2,545
2.505082,57,26849.52177,medium,0.5616822429906542,2.561682242990654,2,566
2.510555,72,26876.294818,medium,0.5825545171339563,2.582554517133956,2,720
3.941,59,26898.647041,medium,1.0,4.0,3,590
2.886489,72,26925.860275,medium,0.9584890965732087,2.9584890965732087,2,720
2.824184,72,26952.216429,medium,0.8961838006230529,2.896183800623053,2,720
2.563202,72,26979.935737,medium,0.635202492211838,2.635202492211838,2,720
3.938,62,27004.288611,medium,1.0,4.0,3,620
3.9495,51,27023.09502,medium,1.0,4.0,3,505
2.910051,70,27049.218805,medium,0.9797507788161994,2.979750778816199,2,697
2.793109,72,27075.693175,medium,0.8651090342679127,2.865109034267913,2,720
2.510048,51,27094.337245,medium,0.5607476635514018,2.560747663551402,2,507
2.760788,72,27119.823629,medium,0.8327881619937695,2.8327881619937694,2,720
1.27707,51,27138.378288,medium,0.3275700934579439,1.327570093457944,1,505
2.626087,56,27159.034157,medium,0.6820872274143303,2.68208722741433,2,560
2.878626,58,27179.475014,medium,0.9365264797507789,2.936526479750779,2,579
3.9304,70,27207.206827,medium,1.0,4.0,3,696
1.57909,72,27234.639335,medium,0.6510903426791277,1.6510903426791277,1,720
3.9378,63,27257.900556,medium,1.0,4.0,3,622
3.9497,51,27276.720737,medium,1.0,4.0,3,503
2.665383,72,27302.507966,medium,0.7373831775700934,2.737383177570093,2,720
2.660944,72,27328.62203,medium,0.7329439252336448,2.732943925233645,2,720
2.800167,59,27349.956509,medium,0.8585669781931464,2.8585669781931466,2,584
3.9538,47,27367.124952,medium,1.0,4.0,3,462
2.796224,72,27395.586344,medium,0.8682242990654205,2.8682242990654205,2,720
2.647746,71,27421.987671,medium,0.7181464174454829,2.718146417445483,2,704
2.72319,61,27445.575103,medium,0.784190031152648,2.784190031152648,2,610
3.9513,49,27464.023604,medium,1.0,4.0,3,487
2.511669,57,27484.592331,medium,0.5680685358255452,2.568068535825545,2,564
2.787813,72,27510.613904,medium,0.8598130841121495,2.8598130841121496,2,720
2.431267,70,27536.035204,medium,0.5004672897196262,2.500467289719626,2,692
2.832907,72,27562.99872,medium,0.9049065420560748,2.9049065420560747,2,720
3.9331,67,27589.808649,medium,1.0,4.0,3,669
2.734153,72,27616.182096,medium,0.8061526479750779,2.806152647975078,2,720
2.496114,57,27638.875593,medium,0.5524143302180685,2.5524143302180686,2,563
2.663747,64,27664.037991,medium,0.7269470404984424,2.7269470404984424,2,632
2.784468,58,27685.298115,medium,0.8423676012461059,2.8423676012461057,2,579
1.39632,53,27703.691624,medium,0.4485202492211838,1.4485202492211837,1,522
2.741884,64,27726.356309,medium,0.8049844236760124,2.8049844236760126,2,631
2.574885,72,27751.794653,medium,0.6468847352024922,2.6468847352024922,2,720
2.582736,61,27775.542743,medium,0.6435358255451713,2.6435358255451713,2,608
2.661386,62,27797.43749,medium,0.7225856697819315,2.7225856697819317,2,612
2.872742,51,27815.956612,medium,0.9234423676012461,2.923442367601246,2,507
2.666392,62,27839.229331,medium,0.7274922118380063,2.7274922118380065,2,611
2.837517,67,27864.147151,medium,0.9045171339563863,2.904517133956386,2,670
2.917486,72,27890.810472,medium,0.9894859813084113,2.989485981308411,2,720
3.9605,40,27905.769028,medium,1.0,4.0,3,395
3.9357,65,27930.349987,medium,1.0,4.0,3,643
2.903312,72,27958.822073,medium,0.9753115264797507,2.975311526479751,2,720
3.9376,63,27981.36961,medium,1.0,4.0,3,624
2.891483,63,28003.80325,medium,0.9535825545171339,2.953582554517134,2,621
2.630414,72,28030.145471,medium,0.7024143302180685,2.7024143302180685,2,720
2.657577,67,28053.409655,medium,0.7243769470404985,2.7243769470404984,2,668
2.80528,64,28076.940701,medium,0.868380062305296,2.868380062305296,2,631
2.745226,58,28098.953674,medium,0.8027258566978193,2.802725856697819,2,575
3.9508,50,28116.981611,medium,1.0,4.0,3,492
2.849262,72,28145.003067,medium,0.9212616822429907,2.9212616822429904,2,720
3.9483,52,28164.924039,medium,1.0,4.0,3,517
1.401504,52,28184.961936,medium,0.452803738317757,1.452803738317757,1,513
3.9419,59,28207.120067,medium,1.0,4.0,3,581
2.922938,72,28233.568679,medium,0.9949376947040498,2.99493769470405,2,720
3.9563,44,28249.75089,medium,1.0,4.0,3,437
2.927299,72,28275.248065,medium,0.9992990654205608,2.9992990654205607,2,720
1.393063,54,28294.068742,medium,0.4469626168224299,1.4469626168224299,1,539
2.626442,72,28319.674608,medium,0.6984423676012461,2.6984423676012463,2,720
2.831427,72,28347.610682,medium,0.9034267912772586,2.9034267912772584,2,720
3.9504,50,28366.43479,medium,1.0,4.0,3,496
3.9343,66,28390.172096,medium,1.0,4.0,3,657
3.957,43,28405.953852,medium,1.0,4.0,3,430
3.9369,64,28429.31639,medium,1.0,4.0,3,631
2.663502,72,28455.294278,medium,0.735202492211838,2.735202492211838,2,717
0.411489,72,28481.434789,medium,0.4834890965732087,0.4834890965732087,0,720
2.873095,65,28504.908026,medium,0.9376947040498442,2.9376947040498442,2,646
2.676725,59,28528.197598,medium,0.7351246105919003,2.7351246105919005,2,584
2.633675,57,28549.642064,medium,0.6898753894080997,2.6898753894081,2,562
1.623249,72,28575.723795,medium,0.6952492211838006,1.6952492211838006,1,720
2.68605,52,28594.853877,medium,0.7378504672897196,2.7378504672897197,2,518
2.855259,72,28620.384686,medium,0.9272585669781932,2.9272585669781934,2,720
3.9406,60,28642.273909,medium,1.0,4.0,3,594
3.9333,67,28666.694938,medium,1.0,4.0,3,667
2.669745,72,28692.937521,medium,0.7417445482866044,2.7417445482866043,2,720
2.726008,72,28721.232628,medium,0.7975077881619937,2.797507788161994,2,715
2.876131,72,28747.753621,medium,0.9481308411214954,2.9481308411214955,2,720
3.9369,64,28771.727316,medium,1.0,4.0,3,631
2.683006,55,28792.336704,medium,0.738006230529595,2.738006230529595,2,550
2.694199,72,28819.564363,medium,0.7661993769470405,2.7661993769470405,2,720
2.871706,67,28843.59638,medium,0.938006230529595,2.938006230529595,2,663
3.9559,45,28859.758798,medium,1.0,4.0,3,441
2.816083,64,28883.389432,medium,0.8792834890965732,2.879283489096573,2,632
3.9394,61,28906.457382,medium,1.0,4.0,3,606
2.751754,72,28932.346992,medium,0.8237538940809969,2.8237538940809968,2,720
2.845532,63,28955.405239,medium,0.9076323987538941,2.9076323987538943,2,621
2.589074,67,28980.247501,medium,0.655373831775701,2.6553738317757007,2,663
2.741813,52,28999.262871,medium,0.7929127725856698,2.79291277258567,2,511
3.9429,58,29020.972391,medium,1.0,4.0,3,571
2.906037,72,29047.661553,medium,0.97803738317757,2.97803738317757,2,720
3.9394,61,29070.022786,medium,1.0,4.0,3,606
2.570629,52,29089.710291,medium,0.6217289719626168,2.6217289719626167,2,511
2.698483,72,29116.806313,medium,0.7704828660436137,2.7704828660436136,2,720
3.9434,57,29138.204707,medium,1.0,4.0,3,566
2.631466,60,29161.578626,medium,0.6909657320872274,2.6909657320872276,2,595
2.862268,72,29188.140092,medium,0.9342679127725857,2.9342679127725857,2,720
2.683209,57,29209.844965,medium,0.7401090342679127,2.740109034267913,2,569
3.946,54,29229.588823,medium,1.0,4.0,3,540
2.747307,58,29250.732775,medium,0.8049065420560748,2.8049065420560746,2,576
2.759465,65,29276.164419,medium,0.8240654205607477,2.8240654205607476,2,646
2.752688,72,29303.759443,medium,0.8246884735202492,2.8246884735202493,2,720
3.9521,48,29321.743995,medium,1.0,4.0,3,479
3.9396,61,29344.768598,medium,1.0,4.0,3,604
2.62922,53,29364.750432,medium,0.6816199376947041,2.681619937694704,2,524
2.723445,53,29384.837889,medium,0.7755451713395639,2.775545171339564,2,521
2.584578,66,29408.543824,medium,0.6500778816199377,2.6500778816199375,2,655
3.9485,52,29427.789157,medium,1.0,4.0,3,515
3.9348,66,29452.870131,medium,1.0,4.0,3,652
2.829636,72,29481.590746,medium,0.9016355140186916,2.9016355140186914,2,720
2.772959,72,29507.969412,medium,0.8441588785046729,2.8441588785046727,2,712
3.952,48,29526.127508,medium,1.0,4.0,3,480
2.599958,69,29551.608725,medium,0.6684579439252336,2.6684579439252336,2,685
2.66184,69,29577.709492,medium,0.7301401869158879,2.7301401869158877,2,683
2.894044,72,29603.80755,medium,0.9660436137071651,2.966043613707165,2,720
2.640772,56,29624.375353,medium,0.6958722741433022,2.6958722741433023,2,551
2.635726,51,29643.107503,medium,0.6865264797507789,2.686526479750779,2,508
2.865695,72,29672.003402,medium,0.9376947040498442,2.9376947040498442,2,720
2.63096,72,29699.567178,medium,0.7029595015576324,2.7029595015576326,2,720
3.9389,62,29722.600997,medium,1.0,4.0,3,611
2.484074,56,29744.331855,medium,0.5391744548286604,2.5391744548286606,2,551
2.927844,72,29771.248294,medium,0.9998442367601246,2.999844236760125,2,720
3.9501,50,29790.059514,medium,1.0,4.0,3,499
2.652377,72,29817.184463,medium,0.7243769470404985,2.7243769470404984,2,720
1.504936,64,29841.846536,medium,0.5685358255451713,1.5685358255451713,1,636
3.948,52,29862.488601,medium,1.0,4.0,3,520
2.849729,72,29889.37711,medium,0.9217289719626168,2.921728971962617,2,720
3.9531,47,29907.660734,medium,1.0,4.0,3,469
3.9405,60,29930.775131,medium,1.0,4.0,3,595
2.874963,72,29955.869128,medium,0.9469626168224299,2.9469626168224297,2,720
2.934054,65,29980.265013,medium,0.9987538940809969,2.998753894080997,2,647
2.748794,72,30007.588302,medium,0.8207943925233645,2.8207943925233643,2,720
2.66555,56,30028.516632,medium,0.7209501557632398,2.72095015576324,2,554
2.72791,63,30053.961015,medium,0.790809968847352,2.790809968847352,2,629
2.830925,55,30075.369457,medium,0.8851246105919003,2.8851246105919004,2,542
2.919121,72,30101.970866,medium,0.9911214953271028,2.9911214953271026,2,720
2.797993,64,30126.186733,medium,0.8612928348909658,2.861292834890966,2,633
3.9434,57,30147.880486,medium,1.0,4.0,3,566
3.9427,58,30169.559601,medium,1.0,4.0,3,573
3.9538,47,30187.534332,medium,1.0,4.0,3,462
3.9469,54,30207.077158,medium,1.0,4.0,3,531
2.687322,63,30230.756718,medium,0.7499221183800623,2.7499221183800624,2,626
2.674618,56,30253.67395,medium,0.7302180685358255,2.7302180685358257,2,556
2.850765,65,30278.116749,medium,0.9152647975077881,2.9152647975077883,2,645
2.639892,54,30297.226491,medium,0.6936915887850468,2.6936915887850468,2,538
2.742908,55,30317.820694,medium,0.7975077881619937,2.797507788161994,2,546
3.9524,48,30336.558704,medium,1.0,4.0,3,476
2.625436,69,30362.225072,medium,0.6935358255451713,2.6935358255451716,2,681
2.831427,72,30388.787987,medium,0.9034267912772586,2.9034267912772584,2,720
2.571318,51,30407.740978,medium,0.6221183800623052,2.622118380062305,2,508
3.9362,64,30431.151069,medium,1.0,4.0,3,638
2.739902,70,30460.063296,medium,0.8095015576323987,2.809501557632399,2,696
3.9442,56,30480.27442,medium,1.0,4.0,3,558
3.9353,65,30505.123498,medium,1.0,4.0,3,647
2.582268,69,30531.43202,medium,0.6511682242990654,2.6511682242990653,2,689
2.688358,72,30558.286279,medium,0.7603582554517134,2.760358255451713,2,720
2.822548,72,30585.700227,medium,0.8945482866043614,2.8945482866043615,2,720
2.672393,72,30612.133223,medium,0.744392523364486,2.744392523364486,2,720
2.515812,60,30636.644648,medium,0.5753115264797508,2.5753115264797506,2,595
2.831427,72,30663.459074,medium,0.9034267912772586,2.9034267912772584,2,720
2.612424,72,30690.190165,medium,0.684423676012461,2.684423676012461,2,720
2.845929,68,30716.755977,medium,0.9136292834890966,2.9136292834890964,2,677
3.9573,43,30732.643392,medium,1.0,4.0,3,427
0.076287,72,30759.637003,medium,0.14828660436137073,0.14828660436137073,0,720
2.677845,56,30780.787694,medium,0.7336448598130841,2.7336448598130842,2,558
2.522393,72,30808.187309,medium,0.594392523364486,2.594392523364486,2,720
1.480726,72,30835.937119,medium,0.5527258566978193,1.5527258566978193,1,720
2.561567,72,30863.181346,medium,0.6335669781931464,2.6335669781931466,2,720
2.868966,72,30891.038091,medium,0.9409657320872274,2.9409657320872276,2,720
0.370142,62,30914.098277,medium,0.43154205607476637,0.43154205607476637,0,614
3.9433,57,30935.723464,medium,1.0,4.0,3,567
3.948,52,30954.858984,medium,1.0,4.0,3,520
2.503721,54,30974.793761,medium,0.5573208722741433,2.5573208722741434,2,536
2.533296,72,31000.905095,medium,0.6052959501557632,2.6052959501557633,2,720
2.650186,57,31024.577501,medium,0.706386292834891,2.7063862928348907,2,562
3.9384,62,31047.661306,medium,1.0,4.0,3,616
3.9425,58,31069.210767,medium,1.0,4.0,3,575
3.9518,49,31087.182039,medium,1.0,4.0,3,482
2.835306,61,31110.359943,medium,0.8961059190031153,2.8961059190031153,2,608
2.849784,72,31136.963961,medium,0.9211838006230529,2.921183800623053,2,714
2.791772,55,31156.974907,medium,0.8458722741433021,2.8458722741433022,2,541
2.616361,63,31180.195213,medium,0.6793613707165109,2.679361370716511,2,630
2.870601,72,31206.785779,medium,0.942601246105919,2.942601246105919,2,720
0.434673,62,31231.754111,medium,0.4965732087227414,0.4965732087227414,0,619
3.9454,55,31252.155884,medium,1.0,4.0,3,546
2.745212,72,31279.412897,medium,0.8172118380062305,2.8172118380062305,2,720
2.709012,51,31298.520322,medium,0.7591121495327103,2.7591121495327102,2,501
2.777299,72,31325.149154,medium,0.8492990654205608,2.8492990654205608,2,720
2.664498,51,31343.356361,medium,0.7154984423676013,2.7154984423676014,2,510
2.631583,72,31370.912209,medium,0.7035825545171339,2.703582554517134,2,720
3.9414,59,31392.527375,medium,1.0,4.0,3,586
3.9456,55,31414.86187,medium,1.0,4.0,3,544
3.9515,49,31433.553763,medium,1.0,4.0,3,485
2.772333,61,31456.422753,medium,0.8333333333333334,2.8333333333333335,2,610
2.787307,69,31482.963512,medium,0.8556074766355141,2.855607476635514,2,683
0.216551,72,31508.552649,medium,0.2885514018691589,0.2885514018691589,0,720
2.852704,59,31532.33393,medium,0.9116043613707165,2.9116043613707165,2,589
3.9473,53,31552.763979,medium,1.0,4.0,3,527
2.771146,72,31580.871163,medium,0.8431464174454829,2.843146417445483,2,720
2.615695,72,31608.951736,medium,0.6876947040498442,2.6876947040498442,2,720
3.9429,58,31630.519267,medium,1.0,4.0,3,571
2.531171,56,31651.335394,medium,0.5863707165109034,2.5863707165109036,2,552
2.713436,72,31677.875771,medium,0.785436137071651,2.785436137071651,2,720
2.775508,72,31703.357126,medium,0.8475077881619938,2.8475077881619937,2,720
2.769667,72,31729.813411,medium,0.8416666666666667,2.841666666666667,2,720
2.637369,56,31751.23903,medium,0.6930685358255452,2.693068535825545,2,557
2.569809,54,31771.172724,medium,0.623208722741433,2.623208722741433,2,534
2.620733,63,31796.673855,medium,0.6833333333333333,2.6833333333333336,2,626
1.462893,66,31821.455125,medium,0.5281931464174455,1.5281931464174456,1,653
2.696992,56,31841.883195,medium,0.7524922118380062,2.752492211838006,2,555
2.572543,68,31866.019034,medium,0.6403426791277259,2.640342679127726,2,678
2.796431,60,31887.565926,medium,0.8562305295950156,2.8562305295950154,2,598
2.879146,64,31911.350375,medium,0.9431464174454829,2.943146417445483,2,640
2.578467,72,31937.501657,medium,0.6504672897196262,2.650467289719626,2,720
2.879508,68,31963.3331,medium,0.9475077881619938,2.9475077881619938,2,680
2.862891,72,31992.232161,medium,0.9348909657320872,2.9348909657320874,2,720
2.861879,72,32019.508181,medium,0.9338785046728972,2.9338785046728972,2,720
2.699537,54,32039.259749,medium,0.7530373831775701,2.75303738317757,2,535
3.9464,54,32059.907192,medium,1.0,4.0,3,536
2.686039,60,32083.346744,medium,0.7456386292834891,2.745638629283489,2,596
2.766474,72,32109.381251,medium,0.8384735202492212,2.838473520249221,2,720
1.439479,62,32130.340878,medium,0.5007788161993769,1.500778816199377,1,613
3.9486,52,32149.306738,medium,1.0,4.0,3,514
3.9585,42,32165.048126,medium,1.0,4.0,3,415
2.802829,52,32186.3765,medium,0.854828660436137,2.8548286604361373,2,520
2.717798,72,32212.91451,medium,0.789797507788162,2.789797507788162,2,720
3.9347,66,32237.675118,medium,1.0,4.0,3,653
3.9554,45,32254.405864,medium,1.0,4.0,3,446
3.944,56,32274.697602,medium,1.0,4.0,3,560
2.889137,72,32301.512209,medium,0.9611370716510903,2.9611370716510903,2,720
2.679789,54,32321.385957,medium,0.7334890965732087,2.7334890965732086,2,537
1.426515,52,32340.654924,medium,0.47811526479750777,1.4781152647975078,1,516
2.787813,72,32369.780999,medium,0.8598130841121495,2.8598130841121496,2,720
2.640617,72,32396.777573,medium,0.7126168224299065,2.7126168224299065,2,720
1.429422,54,32416.929804,medium,0.48302180685358254,1.4830218068535825,1,536
2.628935,72,32443.895034,medium,0.7009345794392523,2.7009345794392523,2,720
3.9534,47,32462.063147,medium,1.0,4.0,3,466
3.9342,66,32487.031677,medium,1.0,4.0,3,658
2.553545,72,32515.139162,medium,0.6255451713395639,2.6255451713395637,2,720
2.861421,71,32541.032881,medium,0.9323208722741433,2.9323208722741434,2,709
3.9421,58,32564.404001,medium,1.0,4.0,3,579
0.297065,52,32583.418932,medium,0.3490654205607477,0.3490654205607477,0,520
2.840681,62,32606.822935,medium,0.9021806853582555,2.9021806853582555,2,615
3.9529,48,32625.98354,medium,1.0,4.0,3,471
2.500585,56,32646.705235,medium,0.5556853582554517,2.5556853582554515,2,551
2.663306,58,32668.013007,medium,0.7211059190031153,2.721105919003115,2,578
2.807907,72,32694.810091,medium,0.8799065420560748,2.8799065420560748,2,720
2.694744,56,32715.134946,medium,0.7498442367601246,2.749844236760125,2,551
2.483771,53,32734.477034,medium,0.5363707165109034,2.5363707165109033,2,526
2.702455,72,32763.050628,medium,0.7744548286604361,2.7744548286604362,2,720
2.769121,72,32790.562412,medium,0.8411214953271028,2.8411214953271027,2,720
2.865695,72,32816.620131,medium,0.9376947040498442,2.9376947040498442,2,720
2.830008,52,32836.913307,medium,0.8813084112149533,2.8813084112149534,2,513
3.9367,64,32860.983572,medium,1.0,4.0,3,633
2.918476,56,32882.282625,medium,0.9736760124610592,2.973676012461059,2,552
3.9474,53,32902.116892,medium,1.0,4.0,3,526
3.9482,52,32922.071512,medium,1.0,4.0,3,518
2.581701,53,32943.571242,medium,0.6338006230529595,2.6338006230529594,2,521
3.9455,55,32964.509203,medium,1.0,4.0,3,545
2.601995,70,32990.740764,medium,0.6714953271028037,2.6714953271028037,2,695
3.9444,56,33012.062944,medium,1.0,4.0,3,556
3.9489,52,33031.139102,medium,1.0,4.0,3,511
3.936,64,33054.570653,medium,1.0,4.0,3,640
2.913748,72,33080.395069,medium,0.9857476635514019,2.9857476635514018,2,720
2.497237,72,33107.586846,medium,0.5692367601246106,2.5692367601246104,2,720
2.572044,53,33127.173582,medium,0.6248442367601246,2.624844236760125,2,528
3.9367,64,33153.874776,medium,1.0,4.0,3,633
3.9491,51,33173.323126,medium,1.0,4.0,3,509
2.855642,51,33192.600721,medium,0.9065420560747663,2.906542056074766,2,509
2.82114,51,33211.889228,medium,0.8720404984423676,2.8720404984423675,2,509
2.818677,64,33235.608281,medium,0.8824766355140187,2.882476635514019,2,638
2.746701,54,33255.415581,medium,0.8007009345794392,2.800700934579439,2,540
3.9568,44,33271.781866,medium,1.0,4.0,3,432
2.613685,59,33294.050399,medium,0.6718847352024923,2.671884735202492,2,582
0.289869,54,33314.164207,medium,0.3430685358255452,0.3430685358255452,0,532
0.294508,53,33336.005141,medium,0.3475077881619938,0.3475077881619938,0,530
3.9488,52,33356.056376,medium,1.0,4.0,3,512
3.9564,44,33372.541472,medium,1.0,4.0,3,436
3.9471,53,33392.303935,medium,1.0,4.0,3,529
2.845161,60,33414.892623,medium,0.9043613707165109,2.904361370716511,2,592
2.727472,60,33437.718824,medium,0.7870716510903427,2.7870716510903426,2,596
2.606427,72,33464.802602,medium,0.6784267912772586,2.678426791277259,2,720
3.9374,63,33488.782806,medium,1.0,4.0,3,626
2.846327,58,33511.554166,medium,0.9034267912772586,2.9034267912772584,2,571
2.828078,72,33539.683566,medium,0.9000778816199377,2.9000778816199375,2,720
3.9556,45,33556.424858,medium,1.0,4.0,3,444
2.523737,55,33576.893572,medium,0.5780373831775701,2.5780373831775703,2,543
3.9574,43,33592.018399,medium,1.0,4.0,3,426
2.745997,52,33611.957939,medium,0.7978971962616822,2.7978971962616823,2,519
2.877346,57,33633.266119,medium,0.9343457943925234,2.9343457943925233,2,570
3.9539,47,33651.738969,medium,1.0,4.0,3,461
3.9473,53,33672.067554,medium,1.0,4.0,3,527
2.691084,72,33699.764145,medium,0.7630841121495328,2.763084112149533,2,720
3.9477,53,33722.192417,medium,1.0,4.0,3,523
3.9365,64,33746.556029,medium,1.0,4.0,3,635
2.593861,52,33765.609908,medium,0.6455607476635514,2.645560747663551,2,517
2.738007,59,33787.803001,medium,0.7968068535825545,2.7968068535825545,2,588
2.628146,65,33812.972091,medium,0.6931464174454829,2.693146417445483,2,650
3.9374,63,33837.607347,medium,1.0,4.0,3,626
2.717688,57,33859.79651,medium,0.77398753894081,2.77398753894081,2,563
2.818871,68,33885.100207,medium,0.8863707165109034,2.8863707165109034,2,675
3.9448,56,33907.001221,medium,1.0,4.0,3,552
2.576325,51,33928.195497,medium,0.62702492211838,2.62702492211838,2,507
2.748479,70,33953.589384,medium,0.8176791277258567,2.8176791277258566,2,692
3.9546,46,33969.991854,medium,1.0,4.0,3,454
2.865695,72,33996.76516,medium,0.9376947040498442,2.9376947040498442,2,720
2.770212,72,34024.086495,medium,0.8422118380062306,2.8422118380062305,2,720
2.628701,72,34052.305833,medium,0.7007009345794393,2.700700934579439,2,720
3.9318,69,34079.053036,medium,1.0,4.0,3,682
2.862346,72,34106.144835,medium,0.9343457943925234,2.9343457943925233,2,720
0.377926,58,34129.888167,medium,0.4358255451713396,0.4358255451713396,0,579
2.760308,71,34155.993941,medium,0.8313084112149532,2.831308411214953,2,710
2.887876,69,34182.118002,medium,0.9567757009345794,2.956775700934579,2,689
3.9446,56,34203.068877,medium,1.0,4.0,3,554
2.681208,59,34224.994421,medium,0.7394080996884735,2.7394080996884735,2,582
2.618672,53,34244.023587,medium,0.6708722741433022,2.670872274143302,2,522
3.9424,58,34264.951469,medium,1.0,4.0,3,576
2.803389,72,34290.749497,medium,0.8753894080996885,2.8753894080996885,2,720
3.9486,52,34311.742196,medium,1.0,4.0,3,514
2.812034,72,34339.263778,medium,0.8840342679127726,2.8840342679127726,2,720
3.9368,64,34362.887698,medium,1.0,4.0,3,632
3.95,50,34382.249604,medium,1.0,4.0,3,500
2.717561,53,34402.180208,medium,0.7705607476635514,2.770560747663551,2,530
3.9389,62,34425.827281,medium,1.0,4.0,3,611
3.9499,51,34446.086499,medium,1.0,4.0,3,501
2.599262,72,34472.255207,medium,0.6712616822429907,2.6712616822429904,2,720
2.656812,53,34491.570912,medium,0.7091121495327103,2.7091121495327104,2,523
2.674837,54,34514.004565,medium,0.72803738317757,2.72803738317757,2,532
2.667097,72,34540.712035,medium,0.7390965732087228,2.7390965732087227,2,720
3.9428,58,34562.238604,medium,1.0,4.0,3,572
2.855219,59,34584.694225,medium,0.914018691588785,2.914018691588785,2,588
3.9371,63,34608.463219,medium,1.0,4.0,3,629
2.768654,72,34634.523206,medium,0.8406542056074766,2.8406542056074766,2,720
3.9548,46,34651.928649,medium,1.0,4.0,3,452
2.81219,72,34678.707984,medium,0.8841900311526479,2.884190031152648,2,720
2.865695,72,34707.316169,medium,0.9376947040498442,2.9376947040498442,2,720
2.836158,58,34729.959074,medium,0.8934579439252337,2.8934579439252337,2,573
2.641249,63,34754.560612,medium,0.7033489096573209,2.703348909657321,2,621
2.741084,72,34781.155046,medium,0.8130841121495327,2.8130841121495327,2,720
3.9333,67,34806.333591,medium,1.0,4.0,3,667
2.879402,72,34833.109792,medium,0.9514018691588785,2.9514018691588784,2,720
3.9319,69,34859.013449,medium,1.0,4.0,3,681
3.9348,66,34885.116507,medium,1.0,4.0,3,652
1.456655,60,34910.188484,medium,0.5163551401869159,1.5163551401869158,1,597
2.838519,60,34932.800527,medium,0.8978193146417446,2.897819314641745,2,593
2.875194,71,34960.302744,medium,0.9457943925233645,2.9457943925233643,2,706
2.787164,61,34982.619999,medium,0.8476635514018691,2.847663551401869,2,605
2.843348,52,35002.875415,medium,0.8945482866043614,2.8945482866043615,2,512
2.751765,56,35024.20851,medium,0.8071651090342679,2.8071651090342677,2,554
2.894044,72,35051.617007,medium,0.9660436137071651,2.966043613707165,2,720
3.9539,47,35069.459686,medium,1.0,4.0,3,461
3.9452,55,35092.874416,medium,1.0,4.0,3,548
3.9488,52,35112.465058,medium,1.0,4.0,3,512
3.9475,53,35132.894143,medium,1.0,4.0,3,525
2.764086,51,35152.176118,medium,0.8144859813084112,2.8144859813084113,2,504
2.66824,54,35173.220385,medium,0.7213395638629283,2.7213395638629283,2,531
3.9448,56,35194.447725,medium,1.0,4.0,3,552
3.9385,62,35217.899841,medium,1.0,4.0,3,615
2.779489,54,35238.570809,medium,0.8334890965732087,2.8334890965732087,2,540
2.807584,56,35259.404304,medium,0.8630841121495327,2.863084112149533,2,555
3.9385,62,35285.242066,medium,1.0,4.0,3,615
2.880414,72,35312.021963,medium,0.9524143302180685,2.9524143302180685,2,720
3.9566,44,35328.570442,medium,1.0,4.0,3,434
2.678265,54,35349.757086,medium,0.7321651090342679,2.732165109034268,2,539
2.606117,57,35370.977295,medium,0.6626168224299065,2.6626168224299063,2,565
2.719019,54,35391.525959,medium,0.7728193146417446,2.772819314641745,2,538
2.882517,72,35418.453517,medium,0.9545171339563863,2.9545171339563865,2,720
3.9449,56,35439.037983,medium,1.0,4.0,3,551
2.867107,63,35462.729786,medium,0.9299065420560748,2.9299065420560746,2,628
3.9548,46,35481.504523,medium,1.0,4.0,3,452
3.9577,43,35496.578614,medium,1.0,4.0,3,423
2.725642,56,35518.934314,medium,0.7815420560747663,2.781542056074766,2,559
2.838903,72,35545.852298,medium,0.9109034267912772,2.9109034267912772,2,720
2.68057,72,35573.261295,medium,0.7525700934579439,2.752570093457944,2,720
3.9358,65,35598.471485,medium,1.0,4.0,3,642
3.934,66,35623.411617,medium,1.0,4.0,3,660
2.901015,61,35646.661895,medium,0.961214953271028,2.961214953271028,2,602
3.9501,50,35665.403235,medium,1.0,4.0,3,499
2.84701,69,35693.34272,medium,0.915809968847352,2.915809968847352,2,688
2.900118,72,35720.298445,medium,0.9721183800623053,2.972118380062305,2,720
2.815929,64,35744.090754,medium,0.8798286604361371,2.879828660436137,2,639
1.564634,61,35768.315492,medium,0.625233644859813,1.625233644859813,1,606
3.9506,50,35787.483456,medium,1.0,4.0,3,494
3.9416,59,35810.241946,medium,1.0,4.0,3,584
2.483968,51,35829.639519,medium,0.5342679127725857,2.534267912772586,2,503
3.9377,63,35852.528401,medium,1.0,4.0,3,623
2.899028,72,35882.453008,medium,0.9710280373831776,2.9710280373831774,2,720
2.802922,72,35910.636116,medium,0.8749221183800623,2.8749221183800624,2,720
2.515123,53,35931.290058,medium,0.5675233644859813,2.5675233644859814,2,524
3.9444,56,35952.565159,medium,1.0,4.0,3,556
2.709265,56,35974.138817,medium,0.7652647975077882,2.765264797507788,2,560
2.827455,72,36001.665782,medium,0.8994548286604361,2.8994548286604362,2,720
2.928835,64,36024.879045,medium,0.9928348909657321,2.992834890965732,2,640
2.781503,71,36051.604708,medium,0.8521028037383177,2.8521028037383176,2,706
2.918576,72,36081.09713,medium,0.9905763239875389,2.990576323987539,2,720
3.9478,53,36101.553208,medium,1.0,4.0,3,522
3.9523,48,36120.553214,medium,1.0,4.0,3,477
2.673327,72,36148.023154,medium,0.7453271028037384,2.7453271028037385,2,720
2.731008,67,36173.231646,medium,0.7975077881619937,2.797507788161994,2,665
2.806682,55,36193.334607,medium,0.8616822429906542,2.8616822429906543,2,550
3.9505,50,36212.937759,medium,1.0,4.0,3,495
2.828545,72,36240.219219,medium,0.9005451713395639,2.900545171339564,2,720
3.9518,49,36259.421662,medium,1.0,4.0,3,482
3.9471,53,36281.198442,medium,1.0,4.0,3,529
2.693093,61,36304.363907,medium,0.7531931464174455,2.7531931464174457,2,601
3.9466,54,36324.470531,medium,1.0,4.0,3,534
2.779975,60,36346.919028,medium,0.8398753894080997,2.8398753894080997,2,599
3.9444,56,36367.648727,medium,1.0,4.0,3,556
2.865695,72,36394.846951,medium,0.9376947040498442,2.9376947040498442,2,720
2.902766,72,36421.579728,medium,0.974766355140187,2.974766355140187,2,720
2.679143,54,36442.628916,medium,0.7322429906542056,2.7322429906542056,2,531
3.9438,57,36466.226262,medium,1.0,4.0,3,562
3.9466,54,36487.341391,medium,1.0,4.0,3,534
3.9384,62,36510.618645,medium,1.0,4.0,3,616
3.9463,54,36531.156517,medium,1.0,4.0,3,537
2.871801,62,36555.235003,medium,0.9338006230529595,2.9338006230529596,2,620
2.743498,72,36583.199538,medium,0.8154984423676013,2.815498442367601,2,720
2.775046,69,36609.001288,medium,0.8431464174454829,2.843146417445483,2,681
2.913699,69,36635.666881,medium,0.982398753894081,2.9823987538940813,2,687
2.712813,72,36664.364058,medium,0.7848130841121496,2.7848130841121495,2,720
2.834153,72,36689.996952,medium,0.9061526479750779,2.9061526479750777,2,720
3.9485,52,36709.714477,medium,1.0,4.0,3,515
3.9432,57,36730.766922,medium,1.0,4.0,3,568
2.703203,58,36752.531567,medium,0.7609034267912772,2.7609034267912773,2,577
1.424657,52,36771.426378,medium,0.47585669781931467,1.4758566978193146,1,512
2.631292,63,36794.468621,medium,0.6936915887850468,2.6936915887850468,2,624
2.752607,53,36813.340013,medium,0.805607476635514,2.805607476635514,2,530
3.9456,55,36833.321433,medium,1.0,4.0,3,544
2.549857,60,36856.623475,medium,0.6096573208722741,2.609657320872274,2,598
3.9559,45,36872.556007,medium,1.0,4.0,3,441
2.865695,72,36898.624876,medium,0.9376947040498442,2.9376947040498442,2,720
2.627898,54,36918.416552,medium,0.6816978193146418,2.6816978193146417,2,538
3.9434,57,36938.640944,medium,1.0,4.0,3,566
3.9436,57,36959.29651,medium,1.0,4.0,3,564
2.916373,72,36986.379626,medium,0.9877725856697819,2.9877725856697817,2,714
2.608891,51,37003.940377,medium,0.6598909657320873,2.659890965732087,2,510
2.545368,72,37031.272368,medium,0.6173676012461059,2.617367601246106,2,720
3.9443,56,37051.152674,medium,1.0,4.0,3,557
3.9457,55,37069.929699,medium,1.0,4.0,3,543
2.710404,68,37094.203608,medium,0.777803738317757,2.7778037383177567,2,674
2.769121,72,37119.87802,medium,0.8411214953271028,2.8411214953271027,2,720
3.9535,47,37135.77908,medium,1.0,4.0,3,465
2.629743,53,37154.979964,medium,0.6822429906542056,2.6822429906542054,2,525
2.599172,63,37176.560871,medium,0.6620716510903427,2.6620716510903426,2,629
3.9551,45,37191.614347,medium,1.0,4.0,3,449
2.742408,72,37217.894197,medium,0.8144080996884735,2.8144080996884737,2,720
3.9479,53,37234.617389,medium,1.0,4.0,3,521
3.9403,60,37254.781813,medium,1.0,4.0,3,597
2.92546,62,37275.350944,medium,0.9867601246105919,2.986760124610592,2,613
2.788847,55,37296.013059,medium,0.8438473520249221,2.8438473520249223,2,550
2.806416,64,37317.610071,medium,0.8700155763239875,2.8700155763239876,2,636
2.738408,60,37339.235294,medium,0.7975077881619937,2.797507788161994,2,591
2.882608,65,37361.561007,medium,0.9475077881619938,2.9475077881619938,2,649
2.874273,64,37381.534385,medium,0.9377725856697819,2.937772585669782,2,635
2.662637,57,37400.971316,medium,0.7192367601246106,2.719236760124611,2,566
2.814225,63,37422.251169,medium,0.87702492211838,2.87702492211838,2,628
3.9383,62,37444.212222,medium,1.0,4.0,3,617
3.9303,70,37468.239363,medium,1.0,4.0,3,697
2.537086,53,37486.529736,medium,0.5894859813084112,2.5894859813084112,2,524
2.720134,72,37509.489217,medium,0.7921339563862928,2.7921339563862926,2,720
3.9481,52,37527.297611,medium,1.0,4.0,3,519
2.673561,72,37550.899805,medium,0.7455607476635514,2.7455607476635513,2,720
