#{"t_start": 1778956384.4669914, "env_id": "None"}
r,l,t,profile,damage_pct,score,stars,ticks_elapsed
0.17089,58,19.397438,hard,0.22848970251716247,0.22848970251716247,0,576
0.171429,55,37.407045,hard,0.22562929061784898,0.22562929061784898,0,542
0.1351,66,60.027356,hard,0.2004004576659039,0.2004004576659039,0,653
0.278458,72,84.594736,hard,0.35045766590389016,0.35045766590389016,0,720
0.110658,66,106.45407,hard,0.17585812356979405,0.17585812356979405,0,652
0.003478,53,123.96528,hard,0.05617848970251716,0.05617848970251716,0,527
0.182163,61,144.686363,hard,0.24296338672768877,0.24296338672768877,0,608
0.073544,53,162.18601,hard,0.1261441647597254,0.1261441647597254,0,526
0.317472,58,183.988617,hard,0.3751716247139588,0.3751716247139588,0,577
0.156228,56,202.504248,hard,0.21172768878718534,0.21172768878718534,0,555
0.098174,55,220.056264,hard,0.15257437070938215,0.15257437070938215,0,544
0.171328,54,237.922435,hard,0.2248283752860412,0.2248283752860412,0,535
0.076378,54,256.039192,hard,0.13037757437070938,0.13037757437070938,0,540
0.084322,60,275.760423,hard,0.14382151029748283,0.14382151029748283,0,595
0.125476,54,293.594693,hard,0.17917620137299772,0.17917620137299772,0,537
0.205086,58,313.331315,hard,0.2629862700228833,0.2629862700228833,0,579
0.155218,61,334.228811,hard,0.2160183066361556,0.2160183066361556,0,608
0.154673,59,356.743479,hard,0.21367276887871853,0.21367276887871853,0,590
0.276856,72,381.152631,hard,0.3488558352402746,0.3488558352402746,0,720
0.151122,69,404.602848,hard,0.21922196796338672,0.21922196796338672,0,681
0.293831,58,423.383968,hard,0.35183066361556065,0.35183066361556065,0,580
0.241186,59,443.598027,hard,0.29988558352402744,0.29988558352402744,0,587
0.127129,61,464.414819,hard,0.18752860411899314,0.18752860411899314,0,604
0.165841,58,483.99208,hard,0.22374141876430206,0.22374141876430206,0,579
0.054738,54,501.874677,hard,0.10863844393592677,0.10863844393592677,0,539
0.197018,56,522.312351,hard,0.2529176201372998,0.2529176201372998,0,559
0.152608,55,541.028894,hard,0.20680778032036612,0.20680778032036612,0,542
0.235422,59,561.459375,hard,0.2938215102974828,0.2938215102974828,0,584
0.192661,61,582.727059,hard,0.2536613272311213,0.2536613272311213,0,610
0.077762,64,604.427358,hard,0.14136155606407322,0.14136155606407322,0,636
0.150505,55,623.160703,hard,0.2048054919908467,0.2048054919908467,0,543
0.145197,53,640.381469,hard,0.19759725400457667,0.19759725400457667,0,524
0.20944,63,662.105184,hard,0.2721395881006865,0.2721395881006865,0,627
0.329967,54,680.726887,hard,0.38386727688787187,0.38386727688787187,0,539
0.117653,54,701.568716,hard,0.17145308924485125,0.17145308924485125,0,538
0.189062,65,723.976835,hard,0.2540617848970252,0.2540617848970252,0,650
0.181204,72,748.03683,hard,0.2532036613272311,0.2532036613272311,0,720
0.142614,70,771.074944,hard,0.2120137299771167,0.2120137299771167,0,694
0.151169,72,794.986851,hard,0.22316933638443937,0.22316933638443937,0,720
0.174733,55,813.066341,hard,0.2288329519450801,0.2288329519450801,0,541
0.16615,65,835.291779,hard,0.23094965675057208,0.23094965675057208,0,648
0.071958,54,852.946932,hard,0.12585812356979406,0.12585812356979406,0,539
0.161638,72,879.041118,hard,0.23363844393592678,0.23363844393592678,0,720
0.29377,68,903.035378,hard,0.36086956521739133,0.36086956521739133,0,671
0.304584,70,927.187063,hard,0.3736842105263158,0.3736842105263158,0,691
0.24557,54,945.543298,hard,0.29897025171624714,0.29897025171624714,0,534
0.198179,59,963.862278,hard,0.2565789473684211,0.2565789473684211,0,584
0.338117,64,984.021639,hard,0.402116704805492,0.402116704805492,0,640
0.182678,61,1004.36701,hard,0.24347826086956523,0.24347826086956523,0,608
0.320838,63,1025.045624,hard,0.38323798627002287,0.38323798627002287,0,624
0.151684,72,1051.199987,hard,0.2236842105263158,0.2236842105263158,0,720
0.011876,55,1069.46714,hard,0.06647597254004577,0.06647597254004577,0,546
0.076377,54,1087.989336,hard,0.1299771167048055,0.1299771167048055,0,536
0.20777,54,1106.119114,hard,0.26167048054919906,0.26167048054919906,0,539
0.16472,53,1125.155353,hard,0.21762013729977117,0.21762013729977117,0,529
0.206604,72,1148.826037,hard,0.27860411899313503,0.27860411899313503,0,720
0.17724,58,1168.032982,hard,0.23483981693363845,0.23483981693363845,0,576
0.034236,72,1193.034089,hard,0.10623569794050343,0.10623569794050343,0,720
0.248674,54,1211.516124,hard,0.30257437070938215,0.30257437070938215,0,539
0.082387,57,1232.86837,hard,0.13878718535469106,0.13878718535469106,0,564
1.296478,72,1257.137101,hard,0.3684782608695652,1.3684782608695651,1,720
0.342048,63,1278.865144,hard,0.4043478260869565,0.4043478260869565,0,623
0.136091,56,1297.558902,hard,0.1919908466819222,0.1919908466819222,0,559
0.252702,62,1318.623226,hard,0.3139016018306636,0.3139016018306636,0,612
2.479798,69,1341.684816,hard,0.5479977116704805,2.5479977116704804,2,682
0.058926,52,1359.703831,hard,0.11052631578947368,0.11052631578947368,0,516
0.27963,60,1380.336404,hard,0.3391304347826087,0.3391304347826087,0,595
0.159641,64,1404.045815,hard,0.22334096109839818,0.22334096109839818,0,637
0.056142,56,1423.260645,hard,0.1118421052631579,0.1118421052631579,0,557
1.425809,70,1447.742431,hard,0.4957093821510298,1.4957093821510297,1,699
0.159959,54,1466.65762,hard,0.2139588100686499,0.2139588100686499,0,540
0.297097,63,1488.698598,hard,0.35949656750572084,0.35949656750572084,0,624
0.195877,59,1508.001601,hard,0.2545766590389016,0.2545766590389016,0,587
0.295476,59,1527.674669,hard,0.3541762013729977,0.3541762013729977,0,587
0.187051,58,1547.723968,hard,0.2444508009153318,0.2444508009153318,0,574
0.213399,61,1567.115201,hard,0.27379862700228835,0.27379862700228835,0,604
0.280251,65,1591.02272,hard,0.3448512585812357,0.3448512585812357,0,646
0.216405,63,1612.526771,hard,0.2794050343249428,0.2794050343249428,0,630
0.092297,55,1630.833401,hard,0.14719679633867278,0.14719679633867278,0,549
0.049031,53,1648.968081,hard,0.10183066361556065,0.10183066361556065,0,528
0.21859,60,1670.134923,hard,0.2784897025171625,0.2784897025171625,0,599
0.192724,66,1692.445806,hard,0.2581235697940503,0.2581235697940503,0,654
0.171158,67,1715.921292,hard,0.2381578947368421,0.2381578947368421,0,670
0.13217,54,1734.663785,hard,0.1858695652173913,0.1858695652173913,0,537
0.129945,72,1762.017278,hard,0.20194508009153317,0.20194508009153317,0,720
0.218998,54,1780.590318,hard,0.27299771167048054,0.27299771167048054,0,540
0.246734,59,1800.664113,hard,0.30503432494279176,0.30503432494279176,0,583
0.20008,58,1821.019186,hard,0.25737986270022883,0.25737986270022883,0,573
0.047429,53,1838.745592,hard,0.10022883295194508,0.10022883295194508,0,528
0.077567,57,1857.451975,hard,0.13386727688787187,0.13386727688787187,0,563
0.14228,53,1875.66733,hard,0.19467963386727688,0.19467963386727688,0,524
0.087497,72,1900.817155,hard,0.15949656750572083,0.15949656750572083,0,720
0.202997,57,1920.151769,hard,0.2598970251716247,0.2598970251716247,0,569
0.071959,55,1940.895677,hard,0.12665903890160182,0.12665903890160182,0,547
0.250494,57,1960.060989,hard,0.30749427917620137,0.30749427917620137,0,570
0.15069,54,1978.180966,hard,0.20389016018306635,0.20389016018306635,0,532
0.203195,55,1997.961195,hard,0.2578947368421053,0.2578947368421053,0,547
0.142404,61,2018.765584,hard,0.2032036613272311,0.2032036613272311,0,608
0.101613,60,2038.309496,hard,0.16121281464530893,0.16121281464530893,0,596
1.385437,72,2063.196162,hard,0.4574370709382151,1.4574370709382152,1,720
0.086373,53,2081.108221,hard,0.13907322654462242,0.13907322654462242,0,527
0.124761,54,2099.423433,hard,0.1782608695652174,0.1782608695652174,0,535
0.138313,61,2120.850254,hard,0.19851258581235698,0.19851258581235698,0,602
0.115707,53,2138.356416,hard,0.1687070938215103,0.1687070938215103,0,530
0.027003,64,2159.823734,hard,0.09010297482837529,0.09010297482837529,0,631
0.139393,55,2177.264584,hard,0.19399313501144164,0.19399313501144164,0,546
0.27022,72,2201.810063,hard,0.3422196796338673,0.3422196796338673,0,720
0.062565,70,2226.428722,hard,0.1318649885583524,0.1318649885583524,0,693
0.180446,60,2247.508547,hard,0.240045766590389,0.240045766590389,0,596
0.175226,60,2268.167335,hard,0.2351258581235698,0.2351258581235698,0,599
0.12179,70,2294.909604,hard,0.19118993135011442,0.19118993135011442,0,694
0.197757,52,2312.911251,hard,0.2496567505720824,0.2496567505720824,0,519
0.282348,72,2337.700789,hard,0.35434782608695653,0.35434782608695653,0,720
0.308721,60,2357.904812,hard,0.3684210526315789,0.3684210526315789,0,597
0.306453,65,2379.546536,hard,0.37105263157894736,0.37105263157894736,0,646
0.224994,58,2399.630826,hard,0.2820938215102975,0.2820938215102975,0,571
0.033221,61,2421.184975,hard,0.09342105263157895,0.09342105263157895,0,602
0.005268,54,2439.59642,hard,0.05926773455377574,0.05926773455377574,0,540
0.001785,60,2462.010428,hard,0.06178489702517163,0.06178489702517163,0,600
0.200081,59,2482.497664,hard,0.2581807780320366,0.2581807780320366,0,581
0.155125,67,2505.516785,hard,0.22202517162471397,0.22202517162471397,0,669
0.151467,58,2526.113691,hard,0.20886727688787185,0.20886727688787185,0,574
0.191071,59,2545.987883,hard,0.2497711670480549,0.2497711670480549,0,587
0.225222,57,2565.618187,hard,0.28152173913043477,0.28152173913043477,0,563
0.140398,58,2586.087584,hard,0.19799771167048055,0.19799771167048055,0,576
0.223298,63,2608.352767,hard,0.2860983981693364,0.2860983981693364,0,628
0.282128,55,2627.281067,hard,0.33712814645308925,0.33712814645308925,0,550
0.171401,55,2647.885714,hard,0.22620137299771167,0.22620137299771167,0,548
0.109151,61,2668.883178,hard,0.1694508009153318,0.1694508009153318,0,603
0.099077,56,2687.748421,hard,0.1549771167048055,0.1549771167048055,0,559
0.296766,62,2708.525069,hard,0.3580663615560641,0.3580663615560641,0,613
0.185851,59,2728.547525,hard,0.2444508009153318,0.2444508009153318,0,586
0.160718,56,2748.673789,hard,0.2160183066361556,0.2160183066361556,0,553
0.031947,72,2774.4255,hard,0.10394736842105264,0.10394736842105264,0,720
0.201923,56,2794.524324,hard,0.25732265446224256,0.25732265446224256,0,554
0.406646,59,2817.057029,hard,0.4654462242562929,0.4654462242562929,0,588
0.162535,56,2835.970791,hard,0.21853546910755148,0.21853546910755148,0,560
0.152939,69,2860.221717,hard,0.22133867276887872,0.22133867276887872,0,684
0.297347,57,2879.423108,hard,0.3539473684210526,0.3539473684210526,0,566
0.133476,71,2903.457029,hard,0.2037757437070938,0.2037757437070938,0,703
0.086075,55,2922.762183,hard,0.14067505720823797,0.14067505720823797,0,546
0.225405,54,2941.214901,hard,0.2790045766590389,0.2790045766590389,0,536
0.252098,59,2961.731617,hard,0.31069794050343247,0.31069794050343247,0,586
0.144906,61,2982.921819,hard,0.20560640732265445,0.20560640732265445,0,607
0.135345,54,3003.058913,hard,0.18924485125858123,0.18924485125858123,0,539
0.182845,57,3022.93499,hard,0.23924485125858125,0.23924485125858125,0,564
0.201741,72,3048.518799,hard,0.2737414187643021,0.2737414187643021,0,720
0.260872,65,3071.046021,hard,0.32517162471395883,0.32517162471395883,0,643
0.204676,63,3093.298928,hard,0.26687643020594964,0.26687643020594964,0,622
0.239893,67,3117.043205,hard,0.3066933638443936,0.3066933638443936,0,668
0.187448,55,3136.396977,hard,0.24204805491990847,0.24204805491990847,0,546
0.089377,54,3155.492754,hard,0.14267734553775743,0.14267734553775743,0,533
0.258086,55,3176.436781,hard,0.3125858123569794,0.3125858123569794,0,545
0.181257,56,3195.861246,hard,0.23695652173913043,0.23695652173913043,0,557
0.036902,53,3214.082169,hard,0.08930205949656751,0.08930205949656751,0,524
0.289542,60,3234.471194,hard,0.34914187643020594,0.34914187643020594,0,596
0.280932,60,3254.751848,hard,0.34073226544622426,0.34073226544622426,0,598
0.127877,52,3273.429606,hard,0.1795766590389016,0.1795766590389016,0,517
0.256697,66,3296.085865,hard,0.3225972540045767,0.3225972540045767,0,659
0.253903,62,3317.433015,hard,0.3151029748283753,0.3151029748283753,0,612
0.153443,72,3342.071454,hard,0.22494279176201373,0.22494279176201373,0,715
0.028318,63,3365.799181,hard,0.09061784897025171,0.09061784897025171,0,623
0.114252,57,3386.000258,hard,0.17065217391304346,0.17065217391304346,0,564
0.244929,56,3405.097006,hard,0.3002288329519451,0.3002288329519451,0,553
0.062463,56,3422.902827,hard,0.11796338672768879,0.11796338672768879,0,555
0.243858,70,3447.193149,hard,0.313558352402746,0.313558352402746,0,697
0.188586,62,3468.452985,hard,0.25028604118993136,0.25028604118993136,0,617
0.25109,53,3487.013162,hard,0.30389016018306636,0.30389016018306636,0,528
0.187769,60,3507.852513,hard,0.24776887871853548,0.24776887871853548,0,600
0.111205,56,3526.403214,hard,0.16670480549199085,0.16670480549199085,0,555
0.254897,68,3551.888034,hard,0.32219679633867276,0.32219679633867276,0,673
0.029316,72,3576.416846,hard,0.1013157894736842,0.1013157894736842,0,720
0.189623,56,3595.403008,hard,0.24542334096109839,0.24542334096109839,0,558
0.171875,69,3620.483183,hard,0.2402745995423341,0.2402745995423341,0,684
0.288938,57,3640.735967,hard,0.34593821510297484,0.34593821510297484,0,570
0.293742,56,3659.792591,hard,0.34914187643020594,0.34914187643020594,0,554
0.170744,55,3678.839793,hard,0.22574370709382152,0.22574370709382152,0,550
0.041528,58,3699.174252,hard,0.0994279176201373,0.0994279176201373,0,579
0.134442,66,3723.10696,hard,0.19954233409610983,0.19954233409610983,0,651
0.214249,66,3745.083107,hard,0.2801487414187643,0.2801487414187643,0,659
0.13317,54,3762.350352,hard,0.1862700228832952,0.1862700228832952,0,531
0.245114,55,3780.776952,hard,0.2993135011441648,0.2993135011441648,0,542
0.155574,72,3805.673747,hard,0.22757437070938216,0.22757437070938216,0,720
0.288447,66,3828.084508,hard,0.3539473684210526,0.3539473684210526,0,655
0.155725,67,3850.93218,hard,0.22202517162471397,0.22202517162471397,0,663
0.324075,55,3869.595059,hard,0.3783752860411899,0.3783752860411899,0,543
0.235323,60,3891.543872,hard,0.2950228832951945,0.2950228832951945,0,597
0.081274,59,3911.042965,hard,0.1394736842105263,0.1394736842105263,0,582
0.206526,54,3929.318023,hard,0.2601258581235698,0.2601258581235698,0,536
0.365732,62,3950.448258,hard,0.4276315789473684,0.4276315789473684,0,619
0.184706,59,3970.833955,hard,0.24290617848970253,0.24290617848970253,0,582
0.142098,56,3988.707025,hard,0.19799771167048055,0.19799771167048055,0,559
0.246134,59,4008.041869,hard,0.30463386727688785,0.30463386727688785,0,585
0.261924,72,4032.098504,hard,0.33392448512585815,0.33392448512585815,0,720
0.168642,56,4051.78441,hard,0.22414187643020594,0.22414187643020594,0,555
0.100958,63,4075.039736,hard,0.163558352402746,0.163558352402746,0,626
0.108503,57,4094.342831,hard,0.16550343249427918,0.16550343249427918,0,570
0.084789,56,4112.425081,hard,0.13998855835240276,0.13998855835240276,0,552
0.189949,53,4130.821309,hard,0.24284897025171626,0.24284897025171626,0,529
0.171329,55,4149.689824,hard,0.22562929061784898,0.22562929061784898,0,543
2.474911,72,4174.919088,hard,0.5469107551487414,2.5469107551487413,2,720
0.205283,55,4193.691801,hard,0.2597826086956522,0.2597826086956522,0,545
0.203297,57,4213.404492,hard,0.2602974828375286,0.2602974828375286,0,570
0.272424,62,4236.008851,hard,0.33352402745995424,0.33352402745995424,0,611
0.080682,54,4254.264516,hard,0.13398169336384438,0.13398169336384438,0,533
0.278289,63,4275.507537,hard,0.3403890160183066,0.3403890160183066,0,621
0.130125,55,4293.332616,hard,0.18472540045766592,0.18472540045766592,0,546
0.126856,72,4317.509986,hard,0.1988558352402746,0.1988558352402746,0,720
0.189211,58,4337.272895,hard,0.24691075514874142,0.24691075514874142,0,577
0.191453,55,4356.047266,hard,0.24645308924485126,0.24645308924485126,0,550
0.142482,55,4374.931312,hard,0.19708237986270022,0.19708237986270022,0,546
0.127622,54,4393.744148,hard,0.1815217391304348,0.1815217391304348,0,539
0.168793,63,4416.956696,hard,0.2316933638443936,0.2316933638443936,0,629
0.22657,72,4441.334182,hard,0.29856979405034323,0.29856979405034323,0,720
0.08784,72,4465.184602,hard,0.15983981693363844,0.15983981693363844,0,720
0.133262,59,4486.184427,hard,0.19136155606407323,0.19136155606407323,0,581
0.187666,58,4506.143728,hard,0.24536613272311214,0.24536613272311214,0,577
0.306973,58,4526.286909,hard,0.36407322654462243,0.36407322654462243,0,571
0.243286,58,4545.774426,hard,0.30068649885583526,0.30068649885583526,0,574
0.185479,72,4570.93031,hard,0.2569794050343249,0.2569794050343249,0,715
0.09915,57,4592.095575,hard,0.15594965675057207,0.15594965675057207,0,568
0.134351,61,4612.804786,hard,0.19445080091533182,0.19445080091533182,0,601
0.117712,56,4631.808147,hard,0.17311212814645308,0.17311212814645308,0,554
0.234636,72,4656.788777,hard,0.30663615560640733,0.30663615560640733,0,720
0.150033,67,4680.146108,hard,0.21613272311212814,0.21613272311212814,0,661
0.049133,55,4699.003266,hard,0.10383295194508009,0.10383295194508009,0,547
0.158341,65,4721.455559,hard,0.22294050343249427,0.22294050343249427,0,646
0.074373,65,4744.110092,hard,0.13907322654462242,0.13907322654462242,0,647
0.123134,57,4765.048548,hard,0.18003432494279176,0.18003432494279176,0,569
0.183157,55,4784.133028,hard,0.23735697940503434,0.23735697940503434,0,542
0.175551,57,4802.885757,hard,0.23215102974828375,0.23215102974828375,0,566
0.183378,72,4827.367026,hard,0.2553775743707094,0.2553775743707094,0,720
0.106542,56,4846.991638,hard,0.1618421052631579,0.1618421052631579,0,553
0.144614,56,4866.423557,hard,0.20011441647597253,0.20011441647597253,0,555
0.02209,57,4886.493259,hard,0.07889016018306637,0.07889016018306637,0,568
0.195857,54,4905.390968,hard,0.2496567505720824,0.2496567505720824,0,538
0.021708,61,4926.740552,hard,0.08180778032036613,0.08180778032036613,0,601
0.175432,53,4946.795053,hard,0.2284324942791762,0.2284324942791762,0,530
0.257785,54,4965.321021,hard,0.31178489702517165,0.31178489702517165,0,540
0.17411,72,4989.099741,hard,0.24610983981693363,0.24610983981693363,0,720
0.291024,55,5008.367396,hard,0.3458237986270023,0.3458237986270023,0,548
0.237564,57,5028.128905,hard,0.29376430205949655,0.29376430205949655,0,562
0.255975,72,5052.768188,hard,0.327974828375286,0.327974828375286,0,720
0.168143,57,5072.554587,hard,0.22494279176201373,0.22494279176201373,0,568
0.157882,65,5094.454623,hard,0.22208237986270024,0.22208237986270024,0,642
0.16298,58,5114.336857,hard,0.22008009153318078,0.22008009153318078,0,571
0.156241,68,5139.462805,hard,0.22334096109839818,0.22334096109839818,0,671
0.347664,58,5158.899363,hard,0.40566361556064073,0.40566361556064073,0,580
0.165142,60,5180.428189,hard,0.22454233409610985,0.22454233409610985,0,594
0.193069,56,5200.183872,hard,0.24816933638443936,0.24816933638443936,0,551
0.159815,54,5218.878961,hard,0.21321510297482837,0.21321510297482837,0,534
0.187349,56,5238.737375,hard,0.24284897025171626,0.24284897025171626,0,555
0.061545,54,5257.545002,hard,0.11464530892448513,0.11464530892448513,0,531
0.110561,56,5276.69452,hard,0.16596109839816933,0.16596109839816933,0,554
0.341096,56,5295.92645,hard,0.39679633867276887,0.39679633867276887,0,557
0.132705,72,5321.944109,hard,0.2040045766590389,0.2040045766590389,0,713
0.178452,55,5340.242296,hard,0.23295194508009154,0.23295194508009154,0,545
0.199679,58,5360.593007,hard,0.2569794050343249,0.2569794050343249,0,573
0.206889,59,5380.92479,hard,0.26498855835240276,0.26498855835240276,0,581
0.135604,68,5405.368109,hard,0.20360411899313502,0.20360411899313502,0,680
0.224911,72,5430.133792,hard,0.29691075514874143,0.29691075514874143,0,720
0.242668,55,5449.079833,hard,0.29736842105263156,0.29736842105263156,0,547
0.024386,52,5467.567108,hard,0.07568649885583524,0.07568649885583524,0,513
0.199948,55,5488.4887,hard,0.2547482837528604,0.2547482837528604,0,548
0.244533,60,5509.134434,hard,0.3038329519450801,0.3038329519450801,0,593
0.155033,62,5530.649836,hard,0.21613272311212814,0.21613272311212814,0,611
0.067851,52,5548.860451,hard,0.1198512585812357,0.1198512585812357,0,520
0.246531,56,5568.6003,hard,0.3022311212814645,0.3022311212814645,0,557
0.07868,55,5587.465518,hard,0.13278032036613271,0.13278032036613271,0,541
0.182358,57,5607.648484,hard,0.238558352402746,0.238558352402746,0,562
0.126497,71,5632.373617,hard,0.19719679633867276,0.19719679633867276,0,707
0.230812,55,5651.183377,hard,0.28581235697940505,0.28581235697940505,0,550
0.198479,59,5672.847851,hard,0.2565789473684211,0.2565789473684211,0,581
0.194377,61,5694.117409,hard,0.2549771167048055,0.2549771167048055,0,606
0.237462,55,5712.73161,hard,0.2917620137299771,0.2917620137299771,0,543
0.269157,56,5732.39439,hard,0.3250572082379863,0.3250572082379863,0,559
0.002168,58,5752.854012,hard,0.05966819221967963,0.05966819221967963,0,575
0.252293,55,5772.596623,hard,0.3066933638443936,0.3066933638443936,0,544
0.129038,55,5791.572479,hard,0.18363844393592677,0.18363844393592677,0,546
0.369783,54,5809.648506,hard,0.422883295194508,0.422883295194508,0,531
0.189547,52,5827.30272,hard,0.24124713958810068,0.24124713958810068,0,517
0.158725,64,5850.332402,hard,0.22202517162471397,0.22202517162471397,0,633
0.018196,54,5869.466924,hard,0.07139588100686499,0.07139588100686499,0,532
0.083195,62,5891.245086,hard,0.14519450800915332,0.14519450800915332,0,620
0.026108,57,5911.000389,hard,0.08220823798627003,0.08220823798627003,0,561
0.084973,55,5931.024659,hard,0.13907322654462242,0.13907322654462242,0,541
0.13086,72,5954.510116,hard,0.2028604118993135,0.2028604118993135,0,720
0.02821,56,5973.394383,hard,0.08381006864988558,0.08381006864988558,0,556
0.157832,58,5993.198979,hard,0.21573226544622426,0.21573226544622426,0,579
0.183892,72,6019.603209,hard,0.2558924485125858,0.2558924485125858,0,720
0.067969,56,6037.392903,hard,0.12316933638443936,0.12316933638443936,0,552
1.375025,72,6061.46136,hard,0.44702517162471395,1.447025171624714,1,720
0.130626,55,6080.709723,hard,0.18552631578947368,0.18552631578947368,0,549
0.114222,56,6100.717425,hard,0.1696224256292906,0.1696224256292906,0,554
0.013412,72,6125.630152,hard,0.08541189931350114,0.08541189931350114,0,720
0.138924,70,6147.903358,hard,0.20812356979405033,0.20812356979405033,0,692
0.190187,62,6168.840657,hard,0.25148741418764303,0.25148741418764303,0,613
0.173749,57,6189.455759,hard,0.2301487414187643,0.2301487414187643,0,564
0.108442,53,6207.820877,hard,0.16144164759725402,0.16144164759725402,0,530
0.118783,67,6229.319253,hard,0.18518306636155607,0.18518306636155607,0,664
0.044525,53,6247.377067,hard,0.09662471395881007,0.09662471395881007,0,521
0.342188,72,6271.989022,hard,0.41418764302059496,0.41418764302059496,0,720
0.435635,58,6291.389391,hard,0.4931350114416476,0.4931350114416476,0,575
0.082588,57,6310.48034,hard,0.13918764302059497,0.13918764302059497,0,566
2.505938,65,6333.309265,hard,0.5705377574370709,2.570537757437071,2,646
0.289384,72,6358.329199,hard,0.36138443935926773,0.36138443935926773,0,720
0.098187,53,6377.754123,hard,0.15108695652173912,0.15108695652173912,0,529
0.148602,53,6395.21302,hard,0.20160183066361556,0.20160183066361556,0,530
0.124963,55,6413.961537,hard,0.17986270022883294,0.17986270022883294,0,549
0.339569,71,6438.402324,hard,0.4100686498855835,0.4100686498855835,0,705
0.18316,70,6463.390394,hard,0.2524599542334096,0.2524599542334096,0,693
0.169144,57,6483.858834,hard,0.22574370709382152,0.22574370709382152,0,566
0.079602,72,6508.944989,hard,0.15160183066361557,0.15160183066361557,0,720
0.171962,70,6533.25381,hard,0.24136155606407322,0.24136155606407322,0,694
0.152197,58,6554.35736,hard,0.20949656750572082,0.20949656750572082,0,573
1.36673,72,6578.868788,hard,0.4387299771167048,1.4387299771167048,1,720
0.169927,54,6597.719791,hard,0.22362700228832952,0.22362700228832952,0,537
0.121565,61,6618.655903,hard,0.1818649885583524,0.1818649885583524,0,603
0.100592,55,6636.64679,hard,0.15549199084668192,0.15549199084668192,0,549
2.567014,59,6656.549744,hard,0.6251144164759725,2.6251144164759728,2,581
0.144658,57,6675.665626,hard,0.20085812356979404,0.20085812356979404,0,562
0.152784,71,6700.034193,hard,0.2236842105263158,0.2236842105263158,0,709
0.098603,54,6719.365749,hard,0.15240274599542333,0.15240274599542333,0,538
0.085172,54,6737.671844,hard,0.13827231121281464,0.13827231121281464,0,531
0.152009,56,6756.399576,hard,0.20800915331807782,0.20800915331807782,0,560
0.025116,65,6778.227287,hard,0.08941647597254004,0.08941647597254004,0,643
0.147521,59,6798.12236,hard,0.2061212814645309,0.2061212814645309,0,586
0.134105,70,6819.681096,hard,0.2040045766590389,0.2040045766590389,0,699
0.266158,60,6838.909853,hard,0.32545766590389014,0.32545766590389014,0,593
0.065152,56,6857.979866,hard,0.12025171624713958,0.12025171624713958,0,551
0.1486,51,6875.476106,hard,0.1995995423340961,0.1995995423340961,0,510
0.145941,53,6894.752871,hard,0.19874141876430207,0.19874141876430207,0,528
0.155223,53,6913.011625,hard,0.20772311212814645,0.20772311212814645,0,525
0.190125,57,6933.101266,hard,0.24702517162471396,0.24702517162471396,0,569
0.153492,52,6951.193427,hard,0.20549199084668193,0.20549199084668193,0,520
0.150738,71,6976.021963,hard,0.22093821510297482,0.22093821510297482,0,702
0.317585,57,6995.950378,hard,0.3740846681922197,0.3740846681922197,0,565
0.173336,58,7015.64737,hard,0.23123569794050344,0.23123569794050344,0,579
0.167942,57,7034.604789,hard,0.22454233409610985,0.22454233409610985,0,566
0.178546,62,7055.174312,hard,0.24044622425629292,0.24044622425629292,0,619
0.340872,72,7079.848253,hard,0.41287185354691075,0.41287185354691075,0,720
0.175348,54,7098.245872,hard,0.22934782608695653,0.22934782608695653,0,540
0.225155,61,7119.066892,hard,0.28535469107551487,0.28535469107551487,0,602
0.027339,70,7142.38253,hard,0.0967391304347826,0.0967391304347826,0,694
0.174355,61,7162.830278,hard,0.23535469107551488,0.23535469107551488,0,610
0.187773,64,7185.001324,hard,0.2513729977116705,0.2513729977116705,0,636
0.166887,60,7205.314842,hard,0.22608695652173913,0.22608695652173913,0,592
0.107519,72,7229.808698,hard,0.17951945080091533,0.17951945080091533,0,720
0.178163,65,7253.935352,hard,0.24296338672768877,0.24296338672768877,0,648
0.221457,67,7277.645021,hard,0.2877574370709382,0.2877574370709382,0,663
0.209776,57,7297.663505,hard,0.2660755148741419,0.2660755148741419,0,563
0.063247,53,7316.317091,hard,0.1158466819221968,0.1158466819221968,0,526
0.113068,59,7336.76424,hard,0.1715675057208238,0.1715675057208238,0,585
0.212954,72,7361.837655,hard,0.28495423340961096,0.28495423340961096,0,720
0.240426,57,7381.302531,hard,0.29742562929061783,0.29742562929061783,0,570
0.045827,54,7400.050723,hard,0.09902745995423341,0.09902745995423341,0,532
0.166024,56,7420.864149,hard,0.22122425629290618,0.22122425629290618,0,552
0.136867,72,7447.320282,hard,0.20886727688787185,0.20886727688787185,0,720
0.267812,55,7467.070985,hard,0.3227116704805492,0.3227116704805492,0,549
0.253495,55,7487.023199,hard,0.3078947368421053,0.3078947368421053,0,544
0.0967,54,7506.386095,hard,0.15,0.15,0,533
0.279621,64,7529.222074,hard,0.34302059496567505,0.34302059496567505,0,634
0.177938,55,7547.937128,hard,0.232837528604119,0.232837528604119,0,549
0.224167,72,7572.565347,hard,0.2961670480549199,0.2961670480549199,0,720
0.217104,62,7594.188355,hard,0.2782036613272311,0.2782036613272311,0,611
0.195472,55,7615.566665,hard,0.2501716247139588,0.2501716247139588,0,547
0.102277,53,7634.183544,hard,0.1549771167048055,0.1549771167048055,0,527
0.107327,54,7652.680754,hard,0.16132723112128147,0.16132723112128147,0,540
0.238972,62,7675.733501,hard,0.3001716247139588,0.3001716247139588,0,612
0.052139,58,7695.815144,hard,0.10943935926773456,0.10943935926773456,0,573
0.089327,59,7716.144636,hard,0.14822654462242563,0.14822654462242563,0,589
0.150005,55,7735.641481,hard,0.20440503432494278,0.20440503432494278,0,544
0.183943,55,7753.598876,hard,0.23804347826086958,0.23804347826086958,0,541
0.194972,56,7772.572191,hard,0.2505720823798627,0.2505720823798627,0,556
0.064351,56,7794.67137,hard,0.1198512585812357,0.1198512585812357,0,555
0.152794,55,7814.205028,hard,0.20709382151029748,0.20709382151029748,0,543
0.100946,65,7838.398452,hard,0.1654462242562929,0.1654462242562929,0,645
0.097689,55,7857.423023,hard,0.1526887871853547,0.1526887871853547,0,550
0.069461,72,7882.621464,hard,0.14096109839816934,0.14096109839816934,0,715
0.185462,57,7902.553204,hard,0.242162471395881,0.242162471395881,0,567
0.091913,70,7926.435089,hard,0.16121281464530893,0.16121281464530893,0,693
0.334591,58,7947.202881,hard,0.3919908466819222,0.3919908466819222,0,574
0.116109,55,7967.721483,hard,0.17070938215102974,0.17070938215102974,0,546
0.174808,70,7991.761661,hard,0.24450800915331808,0.24450800915331808,0,697
0.248992,57,8011.156666,hard,0.30549199084668194,0.30549199084668194,0,565
0.137211,72,8035.615251,hard,0.20921052631578949,0.20921052631578949,0,720
0.152022,55,8054.926323,hard,0.20652173913043478,0.20652173913043478,0,545
0.250391,67,8078.282209,hard,0.3169908466819222,0.3169908466819222,0,666
0.22529,54,8096.775136,hard,0.27889016018306634,0.27889016018306634,0,536
0.043832,60,8117.812358,hard,0.10303203661327232,0.10303203661327232,0,592
1.385149,70,8143.783964,hard,0.4551487414187643,1.4551487414187643,1,700
0.036001,53,8162.606389,hard,0.08850114416475972,0.08850114416475972,0,525
0.216495,54,8181.719804,hard,0.27019450800915334,0.27019450800915334,0,537
0.138512,60,8203.150595,hard,0.1977116704805492,0.1977116704805492,0,592
0.136846,66,8225.690348,hard,0.20234553775743708,0.20234553775743708,0,655
0.037905,54,8244.623791,hard,0.09170480549199085,0.09170480549199085,0,538
0.140929,72,8269.146199,hard,0.212929061784897,0.212929061784897,0,720
0.301357,61,8289.970534,hard,0.3623569794050343,0.3623569794050343,0,610
0.319989,58,8310.323111,hard,0.3776887871853547,0.3776887871853547,0,577
0.186862,56,8332.151218,hard,0.242162471395881,0.242162471395881,0,553
0.362252,71,8357.610484,hard,0.43295194508009155,0.43295194508009155,0,707
0.365781,55,8376.47042,hard,0.4204805491990847,0.4204805491990847,0,547
0.320177,60,8397.944223,hard,0.3795766590389016,0.3795766590389016,0,594
0.097103,56,8418.089209,hard,0.15240274599542333,0.15240274599542333,0,553
0.177243,60,8438.774084,hard,0.2372425629290618,0.2372425629290618,0,600
0.27863,61,8459.46056,hard,0.3391304347826087,0.3391304347826087,0,605
0.107413,55,8478.741806,hard,0.1616132723112128,0.1616132723112128,0,542
0.255597,54,8497.387178,hard,0.3094965675057208,0.3094965675057208,0,539
0.151925,58,8519.049172,hard,0.209324942791762,0.209324942791762,0,574
0.197961,56,8538.384656,hard,0.2536613272311213,0.2536613272311213,0,557
0.250935,55,8557.102206,hard,0.30543478260869567,0.30543478260869567,0,545
0.207005,72,8581.369094,hard,0.2790045766590389,0.2790045766590389,0,720
0.218302,59,8602.247624,hard,0.27700228832951945,0.27700228832951945,0,587
0.234677,58,8621.822891,hard,0.2926773455377574,0.2926773455377574,0,580
0.209772,54,8640.356059,hard,0.26327231121281464,0.26327231121281464,0,535
0.228973,72,8665.641211,hard,0.30097254004576657,0.30097254004576657,0,720
0.284918,57,8687.275799,hard,0.3410183066361556,0.3410183066361556,0,561
0.18497,64,8710.645485,hard,0.24856979405034324,0.24856979405034324,0,636
0.158418,58,8731.552553,hard,0.2156178489702517,0.2156178489702517,0,572
0.278869,57,8751.974774,hard,0.33506864988558355,0.33506864988558355,0,562
0.222,53,8770.077357,hard,0.2745995423340961,0.2745995423340961,0,526
0.24522,61,8791.128322,hard,0.3053203661327231,0.3053203661327231,0,601
0.180539,54,8809.800056,hard,0.23403890160183066,0.23403890160183066,0,535
0.153313,59,8829.961106,hard,0.21161327231121282,0.21161327231121282,0,583
0.182987,56,8849.319741,hard,0.2383867276887872,0.2383867276887872,0,554
0.236622,71,8876.390112,hard,0.3069221967963387,0.3069221967963387,0,703
0.127189,64,8898.746934,hard,0.19038901601830663,0.19038901601830663,0,632
0.314868,57,8918.989656,hard,0.3715675057208238,0.3715675057208238,0,567
0.229814,58,8938.936955,hard,0.2870137299771167,0.2870137299771167,0,572
0.082069,53,8957.625929,hard,0.13506864988558354,0.13506864988558354,0,530
0.239088,64,8978.398284,hard,0.3022883295194508,0.3022883295194508,0,632
0.202382,57,8998.708123,hard,0.25938215102974826,0.25938215102974826,0,570
0.290242,59,9017.737849,hard,0.34914187643020594,0.34914187643020594,0,589
0.230416,59,9038.026658,hard,0.28861556064073224,0.28861556064073224,0,582
0.128491,64,9062.064723,hard,0.1923913043478261,0.1923913043478261,0,639
0.1376,62,9084.105596,hard,0.1995995423340961,0.1995995423340961,0,620
0.294935,61,9105.081339,hard,0.35543478260869565,0.35543478260869565,0,605
0.275368,72,9129.532005,hard,0.3473684210526316,0.3473684210526316,0,720
0.195788,69,9152.700572,hard,0.26418764302059494,0.26418764302059494,0,684
0.027999,59,9173.678871,hard,0.08689931350114416,0.08689931350114416,0,589
0.182743,55,9193.380435,hard,0.2372425629290618,0.2372425629290618,0,545
0.168746,60,9214.368796,hard,0.22814645308924486,0.22814645308924486,0,594
0.065049,53,9235.855384,hard,0.11784897025171624,0.11784897025171624,0,528
0.299968,72,9261.073118,hard,0.37196796338672766,0.37196796338672766,0,720
0.27983,60,9282.134567,hard,0.3391304347826087,0.3391304347826087,0,593
0.137914,62,9303.445062,hard,0.19971395881006865,0.19971395881006865,0,618
2.522951,59,9323.130493,hard,0.5817505720823799,2.58175057208238,2,588
0.167646,60,9343.628461,hard,0.22734553775743707,0.22734553775743707,0,597
0.203496,68,9367.35601,hard,0.271395881006865,0.271395881006865,0,679
0.162121,56,9386.379072,hard,0.21802059496567505,0.21802059496567505,0,559
0.207887,56,9407.506944,hard,0.2633867276887872,0.2633867276887872,0,555
0.240628,59,9427.972718,hard,0.2994279176201373,0.2994279176201373,0,588
1.426498,72,9452.959302,hard,0.4983981693363844,1.4983981693363844,1,719
0.286352,72,9478.172361,hard,0.35835240274599545,0.35835240274599545,0,720
0.146421,60,9498.367984,hard,0.205720823798627,0.205720823798627,0,593
0.305962,61,9519.430119,hard,0.36676201372997713,0.36676201372997713,0,608
0.239597,71,9544.44684,hard,0.3098970251716247,0.3098970251716247,0,703
0.243795,65,9566.946286,hard,0.3078947368421053,0.3078947368421053,0,641
0.191575,62,9590.37439,hard,0.25297482837528606,0.25297482837528606,0,614
0.073779,59,9610.960089,hard,0.13197940503432495,0.13197940503432495,0,582
0.32748,55,9630.095052,hard,0.38237986270022883,0.38237986270022883,0,549
0.174748,55,9649.342288,hard,0.2297482837528604,0.2297482837528604,0,550
0.253394,55,9668.517952,hard,0.30749427917620137,0.30749427917620137,0,541
0.223305,57,9688.605832,hard,0.2798054919908467,0.2798054919908467,0,565
0.205237,65,9711.947161,hard,0.26973684210526316,0.26973684210526316,0,645
0.181661,72,9736.038751,hard,0.2536613272311213,0.2536613272311213,0,720
0.185471,64,9756.854331,hard,0.24937070938215103,0.24937070938215103,0,639
0.280326,68,9781.700998,hard,0.3474256292906179,0.3474256292906179,0,671
0.11262,55,9800.192711,hard,0.16762013729977115,0.16762013729977115,0,550
0.294957,55,9818.28734,hard,0.3496567505720824,0.3496567505720824,0,547
0.19213,72,9842.730493,hard,0.26413043478260867,0.26413043478260867,0,720
0.210291,57,9862.646695,hard,0.2669908466819222,0.2669908466819222,0,567
0.089698,59,9882.530886,hard,0.14839816933638444,0.14839816933638444,0,587
0.23593,66,9904.071481,hard,0.30143020594965675,0.30143020594965675,0,655
0.130259,60,9924.63441,hard,0.18935926773455378,0.18935926773455378,0,591
0.192517,60,9946.721542,hard,0.252116704805492,0.252116704805492,0,596
0.243671,56,9965.406764,hard,0.29937070938215105,0.29937070938215105,0,557
0.11349,54,9984.293838,hard,0.1665903890160183,0.1665903890160183,0,531
0.051619,53,10002.326596,hard,0.10411899313501144,0.10411899313501144,0,525
0.1482,53,10020.629968,hard,0.2004004576659039,0.2004004576659039,0,522
0.173043,65,10043.447525,hard,0.23764302059496567,0.23764302059496567,0,646
0.252283,58,10064.30718,hard,0.30978260869565216,0.30978260869565216,0,575
0.042614,57,10084.368727,hard,0.09931350114416476,0.09931350114416476,0,567
0.18855,56,10103.839235,hard,0.24364988558352402,0.24364988558352402,0,551
0.028893,53,10124.112412,hard,0.08129290617848971,0.08129290617848971,0,524
0.175232,53,10143.152266,hard,0.22763157894736843,0.22763157894736843,0,524
0.166517,61,10164.311683,hard,0.2275171624713959,0.2275171624713959,0,610
0.072962,57,10183.680462,hard,0.12946224256292907,0.12946224256292907,0,565
0.181359,58,10203.320437,hard,0.23895881006864989,0.23895881006864989,0,576
0.203582,56,10222.719867,hard,0.2589816933638444,0.2589816933638444,0,554
0.136434,56,10242.296035,hard,0.19193363844393593,0.19193363844393593,0,555
0.075376,67,10266.211077,hard,0.14147597254004576,0.14147597254004576,0,661
0.239529,62,10287.898795,hard,0.300629290617849,0.300629290617849,0,611
0.221707,72,10315.038069,hard,0.2937070938215103,0.2937070938215103,0,720
0.233645,69,10339.352069,hard,0.3019450800915332,0.3019450800915332,0,683
0.307159,57,10358.225739,hard,0.3639588100686499,0.3639588100686499,0,568
0.094399,55,10377.23721,hard,0.14879862700228833,0.14879862700228833,0,544
0.179398,57,10397.248842,hard,0.23569794050343248,0.23569794050343248,0,563
0.198589,68,10422.124965,hard,0.2657894736842105,0.2657894736842105,0,672
0.199373,65,10445.306539,hard,0.26407322654462245,0.26407322654462245,0,647
0.195375,58,10465.427897,hard,0.25297482837528606,0.25297482837528606,0,576
0.243446,72,10491.007062,hard,0.31544622425629293,0.31544622425629293,0,720
0.184659,55,10509.302077,hard,0.23895881006864989,0.23895881006864989,0,543
0.198878,57,10528.228292,hard,0.2553775743707094,0.2553775743707094,0,565
0.046535,72,10553.348208,hard,0.11853546910755149,0.11853546910755149,0,720
0.152723,55,10572.572525,hard,0.20732265446224257,0.20732265446224257,0,546
0.195974,57,10592.938519,hard,0.25257437070938216,0.25257437070938216,0,566
0.251084,60,10614.834291,hard,0.31058352402746,0.31058352402746,0,595
0.087764,56,10634.291808,hard,0.14376430205949656,0.14376430205949656,0,560
0.104938,54,10654.731484,hard,0.15863844393592677,0.15863844393592677,0,537
0.244473,57,10674.785296,hard,0.3013729977116705,0.3013729977116705,0,569
0.346511,64,10696.786607,hard,0.41001144164759723,0.41001144164759723,0,635
0.166158,72,10722.073787,hard,0.2381578947368421,0.2381578947368421,0,720
0.286655,62,10743.955672,hard,0.3480549199084668,0.3480549199084668,0,614
0.34377,68,10767.863188,hard,0.4116704805491991,0.4116704805491991,0,679
0.201182,59,10788.393486,hard,0.25938215102974826,0.25938215102974826,0,582
0.138988,64,10810.480271,hard,0.2022883295194508,0.2022883295194508,0,633
0.232301,56,10830.066721,hard,0.28810068649885584,0.28810068649885584,0,558
0.326856,72,10856.370848,hard,0.3988558352402746,0.3988558352402746,0,720
0.179815,59,10875.26617,hard,0.23821510297482837,0.23821510297482837,0,584
0.171544,55,10894.113717,hard,0.22574370709382152,0.22574370709382152,0,542
0.091109,67,10917.09565,hard,0.1580091533180778,0.1580091533180778,0,669
0.274726,61,10937.371744,hard,0.3351258581235698,0.3351258581235698,0,604
0.185344,54,10955.903046,hard,0.23884439359267734,0.23884439359267734,0,535
0.125175,54,10974.540512,hard,0.17837528604118993,0.17837528604118993,0,532
0.030603,60,10995.460253,hard,0.09050343249427918,0.09050343249427918,0,599
0.242588,72,11022.595572,hard,0.31458810068649884,0.31458810068649884,0,720
0.236763,57,11042.479053,hard,0.2929633867276888,0.2929633867276888,0,562
0.238423,57,11062.539955,hard,0.2950228832951945,0.2950228832951945,0,566
0.103271,72,11087.850456,hard,0.17437070938215102,0.17437070938215102,0,711
0.396945,68,11112.175532,hard,0.46464530892448513,0.46464530892448513,0,677
0.200436,69,11137.248306,hard,0.26933638443935926,0.26933638443935926,0,689
0.260701,66,11160.771497,hard,0.32580091533180777,0.32580091533180777,0,651
0.090194,55,11180.295543,hard,0.14479405034324944,0.14479405034324944,0,546
0.165736,54,11200.964982,hard,0.21893592677345539,0.21893592677345539,0,532
0.11108,72,11225.277046,hard,0.18237986270022882,0.18237986270022882,0,713
1.401446,64,11247.060266,hard,0.46504576659038904,1.465045766590389,1,636
0.142583,55,11266.58711,hard,0.19748283752860413,0.19748283752860413,0,549
0.126378,55,11286.366917,hard,0.18117848970251715,0.18117848970251715,0,548
0.196878,59,11307.421756,hard,0.25577803203661326,0.25577803203661326,0,589
0.161119,56,11326.1968,hard,0.2164187643020595,0.2164187643020595,0,553
0.143859,58,11345.528629,hard,0.20165903890160183,0.20165903890160183,0,578
0.105105,62,11366.192691,hard,0.16670480549199085,0.16670480549199085,0,616
0.177649,53,11385.191062,hard,0.2301487414187643,0.2301487414187643,0,525
0.143218,61,11406.056827,hard,0.20331807780320366,0.20331807780320366,0,601
0.256399,56,11426.663335,hard,0.31189931350114414,0.31189931350114414,0,555
1.569247,72,11451.601597,hard,0.6412471395881006,1.6412471395881005,1,720
0.112059,65,11474.677176,hard,0.17665903890160184,0.17665903890160184,0,646
0.144056,55,11493.932699,hard,0.1988558352402746,0.1988558352402746,0,548
0.183601,55,11513.319048,hard,0.23850114416475973,0.23850114416475973,0,549
0.169127,55,11532.2709,hard,0.22362700228832952,0.22362700228832952,0,545
0.170346,57,11553.861819,hard,0.22734553775743707,0.22734553775743707,0,570
0.060661,68,11576.723437,hard,0.12866132723112128,0.12866132723112128,0,680
-0.006046,53,11595.606372,hard,0.04685354691075515,0.04685354691075515,0,529
0.064781,69,11619.495597,hard,0.13318077803203662,0.13318077803203662,0,684
0.296452,62,11641.36288,hard,0.35835240274599545,0.35835240274599545,0,619
0.129972,58,11661.309619,hard,0.18787185354691074,0.18787185354691074,0,579
0.272002,55,11679.896003,hard,0.32700228832951944,0.32700228832951944,0,550
0.185208,60,11700.260031,hard,0.24490846681922196,0.24490846681922196,0,597
0.227255,59,11720.279394,hard,0.28535469107551487,0.28535469107551487,0,581
0.164736,55,11740.383934,hard,0.21893592677345539,0.21893592677345539,0,542
0.215995,55,11759.163459,hard,0.2705949656750572,0.2705949656750572,0,546
0.086392,57,11779.318095,hard,0.14279176201372998,0.14279176201372998,0,564
0.163235,56,11799.232054,hard,0.21853546910755148,0.21853546910755148,0,553
0.24279,62,11821.397317,hard,0.30389016018306636,0.30389016018306636,0,611
0.199077,56,11841.101509,hard,0.2549771167048055,0.2549771167048055,0,559
0.114548,53,11859.372491,hard,0.16704805491990846,0.16704805491990846,0,525
0.039317,64,11882.318942,hard,0.10251716247139588,0.10251716247139588,0,632
0.353191,65,11905.493439,hard,0.41739130434782606,0.41739130434782606,0,642
0.077167,57,11926.869656,hard,0.13386727688787187,0.13386727688787187,0,567
0.188949,54,11946.222299,hard,0.24244851258581235,0.24244851258581235,0,535
0.276932,64,11967.939256,hard,0.34033180778032035,0.34033180778032035,0,634
0.163026,60,11988.737135,hard,0.22242562929061785,0.22242562929061785,0,594
0.162817,53,12007.637846,hard,0.21521739130434783,0.21521739130434783,0,524
0.152439,69,12031.8989,hard,0.22133867276887872,0.22133867276887872,0,689
0.063067,59,12052.075439,hard,0.12116704805491992,0.12116704805491992,0,581
0.358492,72,12076.816546,hard,0.43049199084668194,0.43049199084668194,0,720
1.485895,72,12103.632745,hard,0.5578947368421052,1.5578947368421052,1,720
0.170731,57,12123.934357,hard,0.22683066361556065,0.22683066361556065,0,561
0.179659,60,12145.015139,hard,0.23895881006864989,0.23895881006864989,0,593
0.205776,61,12166.68273,hard,0.2664759725400458,0.2664759725400458,0,607
0.152248,53,12184.375432,hard,0.20474828375286042,0.20474828375286042,0,525
0.325827,61,12205.55582,hard,0.3863272311212815,0.3863272311212815,0,605
0.138294,57,12225.056532,hard,0.19439359267734554,0.19439359267734554,0,561
0.116458,59,12245.257223,hard,0.17545766590389017,0.17545766590389017,0,590
0.117871,57,12264.079456,hard,0.17437070938215102,0.17437070938215102,0,565
0.264391,53,12285.036488,hard,0.3173913043478261,0.3173913043478261,0,530
0.143115,58,12305.052129,hard,0.20051487414187644,0.20051487414187644,0,574
0.067168,55,12324.640263,hard,0.12196796338672769,0.12196796338672769,0,548
0.123533,56,12343.718062,hard,0.1788329519450801,0.1788329519450801,0,553
0.311322,59,12364.627084,hard,0.3696224256292906,0.3696224256292906,0,583
0.060144,54,12383.584476,hard,0.11344393592677346,0.11344393592677346,0,533
0.200963,54,12403.094621,hard,0.25486270022883295,0.25486270022883295,0,539
0.202432,63,12425.338885,hard,0.26533180778032034,0.26533180778032034,0,629
0.149905,55,12444.152965,hard,0.2040045766590389,0.2040045766590389,0,541
0.284381,62,12467.852902,hard,0.34548054919908466,0.34548054919908466,0,611
0.165137,55,12488.026482,hard,0.21973684210526315,0.21973684210526315,0,546
0.054023,54,12507.275465,hard,0.10732265446224257,0.10732265446224257,0,533
0.156115,57,12527.869956,hard,0.2128146453089245,0.2128146453089245,0,567
0.352371,72,12553.107971,hard,0.42437070938215105,0.42437070938215105,0,720
0.165537,55,12571.623911,hard,0.21973684210526315,0.21973684210526315,0,542
0.232775,58,12591.446024,hard,0.2902745995423341,0.2902745995423341,0,575
0.283174,57,12610.167034,hard,0.3394736842105263,0.3394736842105263,0,563
0.26078,72,12637.394006,hard,0.3327803203661327,0.3327803203661327,0,720
0.260907,58,12658.108732,hard,0.3187070938215103,0.3187070938215103,0,578
0.156416,58,12679.428186,hard,0.21361556064073225,0.21361556064073225,0,572
0.144201,57,12700.196062,hard,0.20120137299771168,0.20120137299771168,0,570
0.182216,57,12719.94839,hard,0.23901601830663616,0.23901601830663616,0,568
0.375166,71,12744.427953,hard,0.44536613272311215,0.44536613272311215,0,702
0.135605,69,12768.038748,hard,0.20440503432494278,0.20440503432494278,0,688
0.006869,54,12786.300702,hard,0.060068649885583525,0.060068649885583525,0,532
0.241451,67,12809.947141,hard,0.30755148741418764,0.30755148741418764,0,661
0.182758,56,12831.202363,hard,0.238558352402746,0.238558352402746,0,558
0.10912,59,12852.414464,hard,0.16721967963386727,0.16721967963386727,0,581
0.262153,72,12878.179148,hard,0.3341533180778032,0.3341533180778032,0,720
0.084374,56,12897.844822,hard,0.1394736842105263,0.1394736842105263,0,551
0.061434,56,12917.084026,hard,0.11733409610983982,0.11733409610983982,0,559
0.130884,55,12935.99741,hard,0.18558352402745995,0.18558352402745995,0,547
0.181499,56,12955.008953,hard,0.23689931350114415,0.23689931350114415,0,554
0.263824,57,12975.144232,hard,0.3208237986270023,0.3208237986270023,0,570
0.024022,71,13001.436546,hard,0.09462242562929062,0.09462242562929062,0,706
0.371364,72,13027.186027,hard,0.44336384439359267,0.44336384439359267,0,720
0.034017,57,13047.434895,hard,0.09021739130434783,0.09021739130434783,0,562
0.136175,55,13067.335256,hard,0.19027459954233408,0.19027459954233408,0,541
0.136092,57,13088.009642,hard,0.19279176201372997,0.19279176201372997,0,567
0.224452,59,13108.658901,hard,0.2829519450800915,0.2829519450800915,0,585
1.281776,72,13133.174862,hard,0.3537757437070938,1.3537757437070939,1,720
0.180915,70,13157.990773,hard,0.2509153318077803,0.2509153318077803,0,700
0.151125,59,13181.071953,hard,0.2097254004576659,0.2097254004576659,0,586
0.319729,68,13205.732262,hard,0.38752860411899315,0.38752860411899315,0,678
0.257825,52,13223.838846,hard,0.3097254004576659,0.3097254004576659,0,519
0.347108,72,13249.718462,hard,0.4191075514874142,0.4191075514874142,0,720
0.256298,55,13269.399048,hard,0.31069794050343247,0.31069794050343247,0,544
0.136149,57,13289.19364,hard,0.19284897025171624,0.19284897025171624,0,567
0.293957,68,13312.856617,hard,0.36195652173913045,0.36195652173913045,0,680
0.142931,72,13338.451966,hard,0.21493135011441647,0.21493135011441647,0,720
0.179262,63,13363.157208,hard,0.2417620137299771,0.2417620137299771,0,625
0.278527,58,13384.012353,hard,0.3359267734553776,0.3359267734553776,0,574
0.200578,56,13403.969579,hard,0.25577803203661326,0.25577803203661326,0,552
0.192278,64,13426.353745,hard,0.2553775743707094,0.2553775743707094,0,631
0.168328,57,13446.638367,hard,0.2248283752860412,0.2248283752860412,0,565
0.071466,62,13467.939775,hard,0.13306636155606408,0.13306636155606408,0,616
0.176336,55,13487.228892,hard,0.23123569794050344,0.23123569794050344,0,549
0.120229,55,13507.363632,hard,0.17522883295194508,0.17522883295194508,0,550
0.020392,60,13528.766555,hard,0.08009153318077804,0.08009153318077804,0,597
0.160217,55,13550.790086,hard,0.21521739130434783,0.21521739130434783,0,550
0.259247,57,13571.205859,hard,0.3162471395881007,0.3162471395881007,0,570
0.050654,72,13596.887466,hard,0.12265446224256293,0.12265446224256293,0,720
0.101992,54,13616.231456,hard,0.15549199084668192,0.15549199084668192,0,535
0.028512,57,13637.044765,hard,0.08541189931350114,0.08541189931350114,0,569
0.180142,57,13656.429032,hard,0.23684210526315788,0.23684210526315788,0,567
0.281012,55,13676.182179,hard,0.3354118993135011,0.3354118993135011,0,544
0.135447,56,13693.673725,hard,0.1912471395881007,0.1912471395881007,0,558
0.081067,53,13709.820532,hard,0.13386727688787187,0.13386727688787187,0,528
0.327669,58,13733.421499,hard,0.38506864988558354,0.38506864988558354,0,574
0.137532,54,13754.484977,hard,0.19073226544622426,0.19073226544622426,0,532
2.552188,63,13779.224612,hard,0.6145881006864988,2.6145881006864986,2,624
0.136674,54,13799.564996,hard,0.1898741418764302,0.1898741418764302,0,532
0.064249,54,13820.126349,hard,0.11744851258581236,0.11744851258581236,0,532
0.248793,58,13842.676112,hard,0.3066933638443936,0.3066933638443936,0,579
0.195376,59,13864.90316,hard,0.2537757437070938,0.2537757437070938,0,584
0.180512,56,13886.163444,hard,0.23581235697940503,0.23581235697940503,0,553
0.118289,72,13914.127442,hard,0.18998855835240275,0.18998855835240275,0,717
0.215624,69,13941.707255,hard,0.2839244851258581,0.2839244851258581,0,683
0.381833,72,13967.440296,hard,0.4538329519450801,0.4538329519450801,0,720
0.240243,72,13992.156805,hard,0.3122425629290618,0.3122425629290618,0,720
0.266673,72,14017.47794,hard,0.33867276887871856,0.33867276887871856,0,720
0.149887,52,14036.640693,hard,0.20148741418764302,0.20148741418764302,0,516
0.170327,53,14056.338935,hard,0.22322654462242564,0.22322654462242564,0,529
0.089879,55,14075.386259,hard,0.144279176201373,0.144279176201373,0,544
0.326532,64,14098.020424,hard,0.39033180778032034,0.39033180778032034,0,638
0.284449,59,14120.857215,hard,0.34324942791762014,0.34324942791762014,0,588
2.59269,62,14143.174064,hard,0.6538901601830663,2.6538901601830664,2,612
0.194705,72,14168.267854,hard,0.2667048054919908,0.2667048054919908,0,720
0.15521,54,14187.266515,hard,0.20881006864988558,0.20881006864988558,0,536
0.209171,53,14206.464201,hard,0.26207093821510297,0.26207093821510297,0,529
0.118969,55,14225.844743,hard,0.17316933638443935,0.17316933638443935,0,542
1.287371,62,14248.409012,hard,0.34937070938215103,1.349370709382151,1,620
0.201765,56,14268.690676,hard,0.2572654462242563,0.2572654462242563,0,555
0.15963,67,14295.636111,hard,0.22602974828375286,0.22602974828375286,0,664
0.042725,55,14314.982584,hard,0.09702517162471395,0.09702517162471395,0,543
0.25607,55,14334.725667,hard,0.3108695652173913,0.3108695652173913,0,548
0.237897,72,14359.789371,hard,0.3098970251716247,0.3098970251716247,0,720
0.165839,56,14380.893816,hard,0.2217391304347826,0.2217391304347826,0,559
0.115067,56,14400.686807,hard,0.170766590389016,0.170766590389016,0,557
1.403515,72,14425.926586,hard,0.47551487414187643,1.4755148741418764,1,720
0.26119,55,14445.717582,hard,0.3161899313501144,0.3161899313501144,0,550
0.207673,56,14465.385942,hard,0.26367276887871854,0.26367276887871854,0,560
0.202615,61,14488.910959,hard,0.2628146453089245,0.2628146453089245,0,602
0.061652,59,14509.802552,hard,0.12025171624713958,0.12025171624713958,0,586
0.197523,60,14530.279774,hard,0.25732265446224256,0.25732265446224256,0,598
0.137294,58,14550.291907,hard,0.19439359267734554,0.19439359267734554,0,571
0.119762,60,14572.417719,hard,0.17946224256292906,0.17946224256292906,0,597
0.191252,55,14591.901985,hard,0.24565217391304348,0.24565217391304348,0,544
0.141499,58,14612.146315,hard,0.19919908466819222,0.19919908466819222,0,577
0.14972,56,14631.614163,hard,0.20491990846681923,0.20491990846681923,0,552
2.45828,62,14652.334168,hard,0.5196796338672769,2.519679633867277,2,614
0.189764,54,14672.232301,hard,0.24376430205949656,0.24376430205949656,0,540
0.146716,55,14690.509189,hard,0.2013157894736842,0.2013157894736842,0,546
0.043425,54,14709.834797,hard,0.09702517162471395,0.09702517162471395,0,536
0.132182,52,14728.808822,hard,0.1839816933638444,0.1839816933638444,0,518
0.063064,56,14748.846679,hard,0.11836384439359268,0.11836384439359268,0,553
2.519083,54,14768.399444,hard,0.5724828375286041,2.572482837528604,2,534
0.168745,58,14788.815045,hard,0.22654462242562928,0.22654462242562928,0,578
0.041123,54,14807.834836,hard,0.09502288329519451,0.09502288329519451,0,539
0.165041,59,14828.634118,hard,0.22334096109839818,0.22334096109839818,0,583
0.310176,57,14850.946336,hard,0.3668764302059497,0.3668764302059497,0,567
0.008971,54,14869.949681,hard,0.062070938215102976,0.062070938215102976,0,531
0.145424,63,14892.907645,hard,0.20812356979405033,0.20812356979405033,0,627
0.110106,58,14913.236216,hard,0.16750572082379864,0.16750572082379864,0,574
1.409828,53,14931.370497,hard,0.46212814645308925,1.4621281464530893,1,523
0.154429,59,14952.226808,hard,0.21252860411899313,0.21252860411899313,0,581
0.129265,53,14970.798036,hard,0.1822654462242563,0.1822654462242563,0,530
0.160115,53,14989.948565,hard,0.2128146453089245,0.2128146453089245,0,527
0.132452,64,15012.342993,hard,0.1956521739130435,0.1956521739130435,0,632
0.134686,54,15032.565918,hard,0.1879862700228833,0.1879862700228833,0,533
0.01698,53,15052.019862,hard,0.0696796338672769,0.0696796338672769,0,527
0.279893,65,15076.222045,hard,0.34399313501144163,0.34399313501144163,0,641
0.241465,53,15096.107036,hard,0.29416475972540046,0.29416475972540046,0,527
0.158398,53,15114.919626,hard,0.21109839816933637,0.21109839816933637,0,527
1.320792,72,15140.01496,hard,0.39279176201372995,1.39279176201373,1,720
0.232691,72,15164.978747,hard,0.3046910755148741,0.3046910755148741,0,720
0.264515,62,15186.35295,hard,0.3259153318077803,0.3259153318077803,0,614
0.144098,55,15206.482765,hard,0.19839816933638443,0.19839816933638443,0,543
0.184863,58,15225.994756,hard,0.2425629290617849,0.2425629290617849,0,577
0.106598,55,15245.788135,hard,0.1606979405034325,0.1606979405034325,0,541
0.177133,53,15265.263434,hard,0.22923340961098398,0.22923340961098398,0,521
0.127384,59,15286.864239,hard,0.18638443935926774,0.18638443935926774,0,590
0.17726,63,15309.135834,hard,0.24016018306636155,0.24016018306636155,0,629
0.171529,54,15327.934027,hard,0.22522883295194507,0.22522883295194507,0,537
0.146849,59,15348.763104,hard,0.2051487414187643,0.2051487414187643,0,583
0.221102,56,15368.42034,hard,0.27660183066361554,0.27660183066361554,0,555
0.233666,62,15391.65742,hard,0.29536613272311213,0.29536613272311213,0,617
0.219499,55,15411.967773,hard,0.27379862700228835,0.27379862700228835,0,543
0.157829,55,15431.354165,hard,0.21252860411899313,0.21252860411899313,0,547
0.115708,54,15451.740264,hard,0.1691075514874142,0.1691075514874142,0,534
0.095602,57,15472.394243,hard,0.15200228832951945,0.15200228832951945,0,564
0.207786,55,15491.822608,hard,0.2625858123569794,0.2625858123569794,0,548
0.02671,57,15512.403695,hard,0.0834096109839817,0.0834096109839817,0,567
0.150704,53,15530.785897,hard,0.20360411899313502,0.20360411899313502,0,529
0.137099,63,15552.162982,hard,0.19919908466819222,0.19919908466819222,0,621
2.50649,72,15579.945887,hard,0.5784897025171625,2.5784897025171625,2,720
0.179475,61,15601.603961,hard,0.2402745995423341,0.2402745995423341,0,608
0.187363,56,15622.515223,hard,0.2425629290617849,0.2425629290617849,0,552
0.206293,63,15645.067492,hard,0.2689931350114417,0.2689931350114417,0,627
0.205303,61,15666.814617,hard,0.26550343249427916,0.26550343249427916,0,602
0.276828,60,15687.867889,hard,0.33672768878718534,0.33672768878718534,0,599
0.141613,57,15708.061105,hard,0.19851258581235698,0.19851258581235698,0,569
0.149063,57,15727.228939,hard,0.20526315789473684,0.20526315789473684,0,562
0.158235,60,15748.547688,hard,0.2181350114416476,0.2181350114416476,0,599
0.139176,53,15769.095343,hard,0.19147597254004578,0.19147597254004578,0,523
0.173731,54,15788.453332,hard,0.22723112128146453,0.22723112128146453,0,535
0.15571,53,15808.120069,hard,0.2084096109839817,0.2084096109839817,0,527
0.136445,53,15827.251741,hard,0.18924485125858123,0.18924485125858123,0,528
0.135043,53,15846.124027,hard,0.18724256292906177,0.18724256292906177,0,522
0.135014,53,15865.943347,hard,0.1874141876430206,0.1874141876430206,0,524
0.011072,53,15884.65825,hard,0.06327231121281464,0.06327231121281464,0,522
0.08641,72,15908.594524,hard,0.15840961098398168,0.15840961098398168,0,720
0.153608,54,15928.603256,hard,0.20680778032036612,0.20680778032036612,0,532
0.163223,57,15951.415792,hard,0.2200228832951945,0.2200228832951945,0,568
0.02569,54,15971.373983,hard,0.07889016018306637,0.07889016018306637,0,532
0.133285,54,15991.274359,hard,0.18678489702517162,0.18678489702517162,0,535
0.09158,54,16009.411788,hard,0.1446796338672769,0.1446796338672769,0,531
0.384465,72,16035.284082,hard,0.45646453089244854,0.45646453089244854,0,720
0.166237,54,16054.973923,hard,0.22013729977116706,0.22013729977116706,0,539
0.173154,62,16076.281075,hard,0.234954233409611,0.234954233409611,0,618
0.256604,72,16102.727197,hard,0.328604118993135,0.328604118993135,0,720
0.132743,55,16123.352828,hard,0.18764302059496568,0.18764302059496568,0,549
0.203567,55,16144.648359,hard,0.25846681922196796,0.25846681922196796,0,549
0.189656,60,16166.907051,hard,0.2488558352402746,0.2488558352402746,0,592
0.271915,54,16187.371008,hard,0.3259153318077803,0.3259153318077803,0,540
0.074875,66,16211.094535,hard,0.1402745995423341,0.1402745995423341,0,654
0.138795,58,16230.988114,hard,0.1959954233409611,0.1959954233409611,0,572
0.237585,62,16252.896421,hard,0.2990846681922197,0.2990846681922197,0,615
0.121014,54,16272.778391,hard,0.17471395881006865,0.17471395881006865,0,537
0.140814,60,16293.75483,hard,0.20011441647597253,0.20011441647597253,0,593
1.400197,72,16321.234085,hard,0.4721967963386728,1.4721967963386728,1,720
0.092329,58,16342.294519,hard,0.15022883295194508,0.15022883295194508,0,579
0.091192,64,16364.999927,hard,0.15509153318077804,0.15509153318077804,0,639
0.183963,59,16386.08884,hard,0.24296338672768877,0.24296338672768877,0,590
0.319667,65,16409.512517,hard,0.38386727688787187,0.38386727688787187,0,642
0.300522,69,16432.101493,hard,0.36922196796338674,0.36922196796338674,0,687
0.240483,57,16451.913313,hard,0.2974828375286041,0.2974828375286041,0,570
0.076248,54,16471.105325,hard,0.12934782608695652,0.12934782608695652,0,531
0.320017,58,16491.348945,hard,0.377116704805492,0.377116704805492,0,571
0.178055,58,16513.433931,hard,0.23535469107551488,0.23535469107551488,0,573
0.181856,55,16533.268107,hard,0.23615560640732267,0.23615560640732267,0,543
0.229594,53,16551.372008,hard,0.28249427917620135,0.28249427917620135,0,529
0.31428,56,16571.338669,hard,0.3700800915331808,0.3700800915331808,0,558
0.067954,54,16590.493395,hard,0.12185354691075514,0.12185354691075514,0,539
0.266095,55,16609.534387,hard,0.3205949656750572,0.3205949656750572,0,545
0.198175,55,16628.71663,hard,0.25297482837528606,0.25297482837528606,0,548
0.239314,60,16650.358007,hard,0.2993135011441648,0.2993135011441648,0,600
0.114724,57,16670.537323,hard,0.1712242562929062,0.1712242562929062,0,565
0.067153,55,16691.639024,hard,0.12145308924485126,0.12145308924485126,0,543
0.248351,59,16712.740281,hard,0.3067505720823799,0.3067505720823799,0,584
0.227307,54,16732.276879,hard,0.28100686498855837,0.28100686498855837,0,537
0.083175,58,16752.704641,hard,0.14067505720823797,0.14067505720823797,0,575
0.129538,54,16771.133887,hard,0.18323798627002288,0.18323798627002288,0,537
0.254628,58,16791.717848,hard,0.31212814645308923,0.31212814645308923,0,575
0.142,58,16811.50635,hard,0.2,0.2,0,580
0.25627,68,16836.186523,hard,0.32397025171624716,0.32397025171624716,0,677
0.160236,60,16856.909911,hard,0.21933638443935927,0.21933638443935927,0,591
0.166445,61,16879.529828,hard,0.22654462242562928,0.22654462242562928,0,601
0.131528,56,16898.522594,hard,0.18712814645308926,0.18712814645308926,0,556
0.151608,56,16917.231777,hard,0.20680778032036612,0.20680778032036612,0,552
0.156417,59,16938.009218,hard,0.21481693363844392,0.21481693363844392,0,584
0.218996,53,16955.631421,hard,0.27179633867276887,0.27179633867276887,0,528
0.254597,56,16976.101839,hard,0.3098970251716247,0.3098970251716247,0,553
0.13719,55,16994.912637,hard,0.1915903890160183,0.1915903890160183,0,544
0.183044,56,17014.145333,hard,0.23844393592677346,0.23844393592677346,0,554
0.156124,65,17036.463568,hard,0.2208237986270023,0.2208237986270023,0,647
0.073559,54,17057.467899,hard,0.12705949656750573,0.12705949656750573,0,535
0.124285,63,17079.411635,hard,0.18678489702517162,0.18678489702517162,0,625
0.159532,69,17102.691403,hard,0.22763157894736843,0.22763157894736843,0,681
0.223621,70,17127.243582,hard,0.29302059496567506,0.29302059496567506,0,694
0.144597,53,17147.113104,hard,0.19759725400457667,0.19759725400457667,0,530
0.170226,53,17166.048419,hard,0.22282608695652173,0.22282608695652173,0,526
0.208471,54,17185.459839,hard,0.2624713958810069,0.2624713958810069,0,540
0.186369,62,17207.160423,hard,0.24776887871853548,0.24776887871853548,0,614
0.163521,55,17228.43005,hard,0.21842105263157896,0.21842105263157896,0,549
0.233021,60,17250.01313,hard,0.29302059496567506,0.29302059496567506,0,600
0.065068,57,17270.056805,hard,0.12196796338672769,0.12196796338672769,0,569
0.167981,53,17287.545481,hard,0.22048054919908466,0.22048054919908466,0,525
0.141113,71,17311.574229,hard,0.21161327231121282,0.21161327231121282,0,705
0.175536,57,17330.669866,hard,0.23163615560640732,0.23163615560640732,0,561
0.153629,72,17355.503166,hard,0.22562929061784898,0.22562929061784898,0,720
0.243935,62,17376.549042,hard,0.30543478260869567,0.30543478260869567,0,615
0.152473,62,17398.081414,hard,0.21367276887871853,0.21367276887871853,0,612
0.123438,61,17421.294972,hard,0.18363844393592677,0.18363844393592677,0,602
0.371535,59,17441.970844,hard,0.43043478260869567,0.43043478260869567,0,589
0.186661,55,17460.947903,hard,0.24096109839816934,0.24096109839816934,0,543
0.255083,55,17480.258904,hard,0.30978260869565216,0.30978260869565216,0,547
0.343696,66,17504.46934,hard,0.4090961098398169,0.4090961098398169,0,654
0.087323,59,17525.194876,hard,0.1454233409610984,0.1454233409610984,0,581
0.158916,55,17543.908986,hard,0.21361556064073225,0.21361556064073225,0,547
0.119328,56,17563.134329,hard,0.1744279176201373,0.1744279176201373,0,551
0.262495,59,17585.00638,hard,0.3209954233409611,0.3209954233409611,0,585
0.071857,53,17603.910861,hard,0.12465675057208238,0.12465675057208238,0,528
0.055938,53,17623.169716,hard,0.10863844393592677,0.10863844393592677,0,527
0.368592,63,17644.803131,hard,0.4308924485125858,0.4308924485125858,0,623
0.289591,66,17666.650284,hard,0.35469107551487417,0.35469107551487417,0,651
1.291364,65,17690.002406,hard,0.3560640732265446,1.3560640732265445,1,647
0.134284,53,17709.232867,hard,0.18638443935926774,0.18638443935926774,0,521
0.224946,53,17728.531914,hard,0.27774599542334094,0.27774599542334094,0,528
0.104416,60,17750.69683,hard,0.16441647597254005,0.16441647597254005,0,600
0.181157,56,17772.84988,hard,0.23695652173913043,0.23695652173913043,0,558
0.240975,62,17794.756877,hard,0.30297482837528605,0.30297482837528605,0,620
0.262711,60,17815.374617,hard,0.3223112128146453,0.3223112128146453,0,596
0.131146,72,17841.504487,hard,0.20314645308924484,0.20314645308924484,0,720
0.204596,68,17867.121652,hard,0.27179633867276887,0.27179633867276887,0,672
0.162077,56,17887.108552,hard,0.21767734553775744,0.21767734553775744,0,556
0.311933,68,17910.382033,hard,0.379233409610984,0.379233409610984,0,673
0.094698,54,17929.751018,hard,0.14799771167048054,0.14799771167048054,0,533
0.228308,67,17955.641935,hard,0.2945080091533181,0.2945080091533181,0,662
0.145735,72,17980.402851,hard,0.21773455377574372,0.21773455377574372,0,720
0.189339,58,18000.452253,hard,0.2467391304347826,0.2467391304347826,0,574
0.15171,58,18021.64886,hard,0.20881006864988558,0.20881006864988558,0,571
0.153917,61,18043.543767,hard,0.21481693363844392,0.21481693363844392,0,609
0.283316,56,18063.787723,hard,0.33901601830663614,0.33901601830663614,0,557
0.163518,53,18082.596325,hard,0.2160183066361556,0.2160183066361556,0,525
0.224449,57,18103.109818,hard,0.2805491990846682,0.2805491990846682,0,561
0.259121,72,18128.974044,hard,0.3311212814645309,0.3311212814645309,0,720
0.114122,56,18149.672833,hard,0.16922196796338673,0.16922196796338673,0,551
0.057349,61,18170.418398,hard,0.11784897025171624,0.11784897025171624,0,605
0.15232,53,18189.29548,hard,0.20491990846681923,0.20491990846681923,0,526
0.04813,53,18207.68027,hard,0.10102974828375286,0.10102974828375286,0,529
0.044713,54,18226.646266,hard,0.09851258581235697,0.09851258581235697,0,538
0.066138,55,18245.782848,hard,0.12053775743707094,0.12053775743707094,0,544
0.090997,70,18270.36904,hard,0.1602974828375286,0.1602974828375286,0,693
0.232715,56,18290.657702,hard,0.2882151029748284,0.2882151029748284,0,555
0.197562,57,18311.043818,hard,0.2540617848970252,0.2540617848970252,0,565
0.122781,61,18333.637413,hard,0.1831807780320366,0.1831807780320366,0,604
-0.000204,72,18358.886207,hard,0.07179633867276888,0.07179633867276888,0,720
0.289156,72,18384.976415,hard,0.36115560640732264,0.36115560640732264,0,720
2.545724,64,18407.598823,hard,0.6089244851258582,2.608924485125858,2,632
0.113848,54,18426.846517,hard,0.16704805491990846,0.16704805491990846,0,532
2.585003,68,18450.786437,hard,0.6528032036613273,2.6528032036613274,2,678
0.344763,61,18473.346394,hard,0.404862700228833,0.404862700228833,0,601
1.475215,63,18495.928515,hard,0.5378146453089245,1.5378146453089245,1,626
0.148522,58,18517.92361,hard,0.20652173913043478,0.20652173913043478,0,580
0.042019,62,18541.235727,hard,0.10371853546910755,0.10371853546910755,0,617
0.157226,54,18561.393029,hard,0.21052631578947367,0.21052631578947367,0,533
0.250195,59,18581.813879,hard,0.30829519450800913,0.30829519450800913,0,581
0.193049,63,18604.361801,hard,0.25554919908466817,0.25554919908466817,0,625
0.067671,58,18625.042052,hard,0.12477116704805492,0.12477116704805492,0,571
0.071665,60,18647.308675,hard,0.1314645308924485,0.1314645308924485,0,598
0.209434,58,18668.584611,hard,0.2669336384439359,0.2669336384439359,0,575
0.033212,53,18689.081045,hard,0.08581235697940504,0.08581235697940504,0,526
0.142623,65,18712.683102,hard,0.20732265446224257,0.20732265446224257,0,647
0.1452,55,18732.910191,hard,0.1995995423340961,0.1995995423340961,0,544
0.093623,52,18751.45495,hard,0.1450228832951945,0.1450228832951945,0,514
0.187752,58,18772.392808,hard,0.2452517162471396,0.2452517162471396,0,575
0.211689,54,18790.586272,hard,0.2653890160183066,0.2653890160183066,0,537
0.106003,60,18811.256221,hard,0.1651029748283753,0.1651029748283753,0,591
0.338796,58,18830.955596,hard,0.39679633867276887,0.39679633867276887,0,580
0.228722,66,18853.65132,hard,0.29422196796338673,0.29422196796338673,0,655
0.155227,57,18875.612661,hard,0.21132723112128146,0.21132723112128146,0,561
0.247794,72,18900.972708,hard,0.3197940503432494,0.3197940503432494,0,720
0.166673,60,18922.427681,hard,0.2263729977116705,0.2263729977116705,0,597
0.167645,72,18948.75126,hard,0.23964530892448513,0.23964530892448513,0,720
0.335436,59,18969.445152,hard,0.3939359267734554,0.3939359267734554,0,585
0.224857,63,18991.570544,hard,0.28735697940503435,0.28735697940503435,0,625
0.227757,60,19013.59893,hard,0.28695652173913044,0.28695652173913044,0,592
0.139327,72,19038.333643,hard,0.21132723112128146,0.21132723112128146,0,720
0.179045,61,19062.13852,hard,0.23924485125858125,0.23924485125858125,0,602
0.062731,53,19081.111392,hard,0.11493135011441648,0.11493135011441648,0,522
0.239583,59,19103.104478,hard,0.297883295194508,0.297883295194508,0,583
0.169746,59,19124.827663,hard,0.22814645308924486,0.22814645308924486,0,584
0.132644,56,19145.387738,hard,0.18844393592677344,0.18844393592677344,0,558
0.191775,62,19167.256483,hard,0.2533752860411899,0.2533752860411899,0,616
0.075168,60,19189.257364,hard,0.13466819221967963,0.13466819221967963,0,595
0.150906,55,19208.480843,hard,0.20520594965675057,0.20520594965675057,0,543
0.160546,68,19233.742233,hard,0.22774599542334095,0.22774599542334095,0,672
0.257571,55,19256.396031,hard,0.31207093821510296,0.31207093821510296,0,545
0.192253,54,19275.946015,hard,0.24605263157894736,0.24605263157894736,0,538
0.378973,72,19302.450866,hard,0.4509725400457666,0.4509725400457666,0,720
0.325297,60,19323.734099,hard,0.3852974828375286,0.3852974828375286,0,600
0.062233,55,19344.051133,hard,0.11653318077803204,0.11653318077803204,0,543
1.302076,65,19366.509717,hard,0.3668764302059497,1.3668764302059497,1,648
0.40649,72,19392.143962,hard,0.4784897025171625,0.4784897025171625,0,720
0.32289,69,19417.450114,hard,0.39118993135011443,0.39118993135011443,0,683
0.15992,58,19441.598076,hard,0.21721967963386726,0.21721967963386726,0,573
0.165422,55,19463.362044,hard,0.21962242562929063,0.21962242562929063,0,542
0.085089,56,19484.112598,hard,0.14078947368421052,0.14078947368421052,0,557
0.100696,58,19505.440947,hard,0.15869565217391304,0.15869565217391304,0,580
0.056248,61,19527.473768,hard,0.11664759725400457,0.11664759725400457,0,604
0.126862,53,19546.340965,hard,0.17946224256292906,0.17946224256292906,0,526
0.140293,54,19567.153648,hard,0.19399313501144164,0.19399313501144164,0,537
0.193732,72,19593.530027,hard,0.26573226544622425,0.26573226544622425,0,720
0.171577,72,19621.934689,hard,0.24267734553775744,0.24267734553775744,0,711
0.192969,56,19642.301027,hard,0.24816933638443936,0.24816933638443936,0,552
0.308835,72,19668.672411,hard,0.38083524027459953,0.38083524027459953,0,720
0.193069,56,19689.286722,hard,0.24816933638443936,0.24816933638443936,0,551
0.150825,59,19710.456589,hard,0.2097254004576659,0.2097254004576659,0,589
0.07707,60,19730.726854,hard,0.1362700228832952,0.1362700228832952,0,592
0.109158,54,19750.285203,hard,0.1631578947368421,0.1631578947368421,0,540
0.207609,64,19773.892856,hard,0.27070938215102974,0.27070938215102974,0,631
0.17425,57,19794.65775,hard,0.23094965675057208,0.23094965675057208,0,567
0.156071,57,19816.941523,hard,0.21247139588100686,0.21247139588100686,0,564
0.046438,62,19839.639699,hard,0.10783752860411899,0.10783752860411899,0,614
0.101092,54,19857.887119,hard,0.15509153318077804,0.15509153318077804,0,540
0.27883,60,19878.564334,hard,0.3383295194508009,0.3383295194508009,0,595
0.200372,63,19899.53799,hard,0.26327231121281464,0.26327231121281464,0,629
0.245332,58,19919.879427,hard,0.3026315789473684,0.3026315789473684,0,573
0.199178,69,19944.029825,hard,0.2680778032036613,0.2680778032036613,0,689
0.141615,59,19964.169895,hard,0.20051487414187644,0.20051487414187644,0,589
0.242087,59,19986.48418,hard,0.3010869565217391,0.3010869565217391,0,590
0.132095,64,20009.408765,hard,0.1951945080091533,0.1951945080091533,0,631
1.400848,54,20028.808953,hard,0.4543478260869565,1.4543478260869565,1,535
0.268562,61,20049.785411,hard,0.32906178489702514,0.32906178489702514,0,605
0.331203,59,20069.455033,hard,0.3897025171624714,0.3897025171624714,0,585
0.178737,54,20088.517677,hard,0.2324370709382151,0.2324370709382151,0,537
0.275869,60,20110.150917,hard,0.33506864988558355,0.33506864988558355,0,592
0.071559,56,20130.555439,hard,0.12705949656750573,0.12705949656750573,0,555
0.238267,58,20151.615182,hard,0.29576659038901604,0.29576659038901604,0,575
0.161117,55,20173.35382,hard,0.21521739130434783,0.21521739130434783,0,541
2.489213,72,20200.693151,hard,0.5612128146453089,2.561212814645309,2,720
0.085888,54,20219.472085,hard,0.13918764302059497,0.13918764302059497,0,533
0.206487,57,20239.074852,hard,0.2633867276887872,0.2633867276887872,0,569
0.134146,56,20259.537489,hard,0.19004576659038902,0.19004576659038902,0,559
0.193194,52,20277.888737,hard,0.24479405034324941,0.24479405034324941,0,516
0.125387,63,20300.656482,hard,0.1883867276887872,0.1883867276887872,0,630
0.325097,60,20322.568384,hard,0.3848970251716247,0.3848970251716247,0,598
0.170455,65,20346.633368,hard,0.23535469107551488,0.23535469107551488,0,649
0.186472,64,20372.45659,hard,0.2501716247139588,0.2501716247139588,0,637
1.338273,64,20396.609214,hard,0.40177345537757436,1.4017734553775743,1,635
0.163336,56,20416.250714,hard,0.21893592677345539,0.21893592677345539,0,556
0.103809,54,20436.330133,hard,0.15760869565217392,0.15760869565217392,0,538
0.276626,59,20458.852739,hard,0.3355263157894737,0.3355263157894737,0,589
0.239842,72,20485.77809,hard,0.3118421052631579,0.3118421052631579,0,720
0.320576,59,20506.971437,hard,0.3787757437070938,0.3787757437070938,0,582
0.293675,72,20533.380973,hard,0.365675057208238,0.365675057208238,0,720
0.165185,72,20561.397188,hard,0.23718535469107552,0.23718535469107552,0,720
0.170443,55,20581.324655,hard,0.22494279176201373,0.22494279176201373,0,545
0.184844,54,20600.719473,hard,0.23844393592677346,0.23844393592677346,0,536
0.044526,54,20619.464124,hard,0.09782608695652174,0.09782608695652174,0,533
0.133786,55,20639.065124,hard,0.1879862700228833,0.1879862700228833,0,542
0.080067,54,20658.046939,hard,0.13346681922196796,0.13346681922196796,0,534
0.198017,55,20677.607049,hard,0.2525171624713959,0.2525171624713959,0,545
0.234416,55,20697.075283,hard,0.28941647597254005,0.28941647597254005,0,550
0.125334,55,20717.363978,hard,0.17963386727688788,0.17963386727688788,0,543
1.389143,61,20740.875207,hard,0.44994279176201374,1.4499427917620138,1,608
0.019397,54,20759.539939,hard,0.07259725400457666,0.07259725400457666,0,532
0.058041,53,20778.692794,hard,0.11104118993135012,0.11104118993135012,0,530
0.108304,58,20798.852808,hard,0.16630434782608697,0.16630434782608697,0,580
0.141098,58,20818.996913,hard,0.19839816933638443,0.19839816933638443,0,573
0.162624,59,20839.631977,hard,0.2208237986270023,0.2208237986270023,0,582
2.468973,58,20860.45748,hard,0.5267734553775744,2.5267734553775743,2,578
0.150205,55,20880.60381,hard,0.20440503432494278,0.20440503432494278,0,542
0.156146,72,20905.904957,hard,0.22814645308924486,0.22814645308924486,0,720
0.070265,62,20928.709567,hard,0.1318649885583524,0.1318649885583524,0,616
0.271702,56,20948.856386,hard,0.32700228832951944,0.32700228832951944,0,553
0.359535,59,20970.668764,hard,0.4181350114416476,0.4181350114416476,0,586
0.112525,60,20993.11316,hard,0.17162471395881007,0.17162471395881007,0,591
0.149812,61,21014.967939,hard,0.21081235697940504,0.21081235697940504,0,610
0.130571,57,21035.02253,hard,0.18707093821510298,0.18707093821510298,0,565
0.13953,62,21056.51027,hard,0.20143020594965674,0.20143020594965674,0,619
0.275222,57,21076.528297,hard,0.33152173913043476,0.33152173913043476,0,563
0.145083,53,21095.720873,hard,0.197883295194508,0.197883295194508,0,528
1.392211,55,21116.104731,hard,0.4469107551487414,1.4469107551487415,1,547
0.274228,63,21138.856696,hard,0.33672768878718534,0.33672768878718534,0,625
0.291616,72,21165.0762,hard,0.36361556064073225,0.36361556064073225,0,720
1.418804,60,21186.703292,hard,0.478604118993135,1.478604118993135,1,598
1.354201,72,21212.507789,hard,0.42620137299771166,1.4262013729977117,1,720
0.294447,60,21234.005283,hard,0.3539473684210526,0.3539473684210526,0,595
0.261748,56,21254.430383,hard,0.31704805491990845,0.31704805491990845,0,553
0.38201,65,21277.324567,hard,0.44651029748283755,0.44651029748283755,0,645
0.131089,72,21304.299378,hard,0.2030892448512586,0.2030892448512586,0,720
0.128281,56,21324.87295,hard,0.1835812356979405,0.1835812356979405,0,553
0.188051,57,21345.960309,hard,0.2448512585812357,0.2448512585812357,0,568
0.202972,60,21367.278326,hard,0.2628718535469107,0.2628718535469107,0,599
0.183966,61,21388.880752,hard,0.24496567505720823,0.24496567505720823,0,610
0.170027,54,21408.073977,hard,0.22322654462242564,0.22322654462242564,0,532
0.279267,55,21427.092476,hard,0.3338672768878719,0.3338672768878719,0,546
0.201678,55,21445.75126,hard,0.25577803203661326,0.25577803203661326,0,541
0.128151,67,21469.523576,hard,0.1948512585812357,0.1948512585812357,0,667
0.046249,72,21495.344131,hard,0.11824942791762014,0.11824942791762014,0,720
0.177252,57,21516.140572,hard,0.23335240274599542,0.23335240274599542,0,561
0.324292,69,21540.901968,hard,0.39279176201372995,0.39279176201372995,0,685
0.223824,72,21566.819027,hard,0.2958237986270023,0.2958237986270023,0,720
0.186565,58,21587.930433,hard,0.24416475972540047,0.24416475972540047,0,576
0.07276,56,21608.745805,hard,0.1278604118993135,0.1278604118993135,0,551
0.080091,62,21629.819847,hard,0.1419908466819222,0.1419908466819222,0,619
0.26704,56,21651.726834,hard,0.3221395881006865,0.3221395881006865,0,551
0.133673,56,21672.18133,hard,0.1890732265446224,0.1890732265446224,0,554
0.142195,54,21691.612054,hard,0.19559496567505721,0.19559496567505721,0,534
0.084171,54,21710.768245,hard,0.13747139588100687,0.13747139588100687,0,533
0.063047,53,21729.48178,hard,0.1158466819221968,0.1158466819221968,0,528
0.410345,67,21752.43985,hard,0.4769450800915332,0.4769450800915332,0,666
0.272965,59,21774.275349,hard,0.33146453089244854,0.33146453089244854,0,585
0.173444,53,21793.132985,hard,0.2261441647597254,0.2261441647597254,0,527
0.059859,55,21811.548376,hard,0.11435926773455378,0.11435926773455378,0,545
0.288455,60,21835.195041,hard,0.3480549199084668,0.3480549199084668,0,596
0.177838,56,21855.78423,hard,0.23323798627002287,0.23323798627002287,0,554
0.138199,61,21878.267174,hard,0.19879862700228834,0.19879862700228834,0,606
0.093412,55,21898.125938,hard,0.14811212814645308,0.14811212814645308,0,547
1.308673,55,21917.91992,hard,0.3636727688787185,1.3636727688787185,1,550
0.223589,55,21937.761232,hard,0.27768878718535467,0.27768878718535467,0,541
0.253497,56,21958.773105,hard,0.3094965675057208,0.3094965675057208,0,560
0.192689,61,21980.162642,hard,0.25308924485125855,0.25308924485125855,0,604
0.291941,57,22001.146208,hard,0.3483409610983982,0.3483409610983982,0,564
0.180506,63,22025.362556,hard,0.24290617848970253,0.24290617848970253,0,624
0.099778,56,22044.604621,hard,0.15537757437070937,0.15537757437070937,0,556
0.196774,56,22064.39198,hard,0.25257437070938216,0.25257437070938216,0,558
0.198304,56,22083.732845,hard,0.253604118993135,0.253604118993135,0,553
0.104095,55,22103.654395,hard,0.15829519450800916,0.15829519450800916,0,542
0.251922,55,22123.414205,hard,0.3069221967963387,0.3069221967963387,0,550
0.241327,57,22142.527272,hard,0.29822654462242565,0.29822654462242565,0,569
0.069862,60,22163.52707,hard,0.12946224256292907,0.12946224256292907,0,596
0.165428,59,22182.719511,hard,0.2244279176201373,0.2244279176201373,0,590
0.263126,72,22208.399958,hard,0.3351258581235698,0.3351258581235698,0,720
0.226169,72,22230.838302,hard,0.2981693363844394,0.2981693363844394,0,720
0.296692,60,22249.45884,hard,0.35589244851258584,0.35589244851258584,0,592
0.139405,66,22271.099234,hard,0.2048054919908467,0.2048054919908467,0,654
0.040706,52,22288.321134,hard,0.09250572082379863,0.09250572082379863,0,518
2.488697,59,22308.044792,hard,0.5475972540045767,2.5475972540045766,2,589
0.047816,54,22326.372894,hard,0.1013157894736842,0.1013157894736842,0,535
0.074662,55,22346.707469,hard,0.12906178489702516,0.12906178489702516,0,544
0.177797,57,22368.169849,hard,0.23449656750572082,0.23449656750572082,0,567
0.209004,58,22390.984573,hard,0.266304347826087,0.266304347826087,0,573
0.180957,57,22410.747383,hard,0.23735697940503434,0.23735697940503434,0,564
0.143654,54,22429.780216,hard,0.19765446224256292,0.19765446224256292,0,540
0.113446,52,22447.275389,hard,0.1654462242562929,0.1654462242562929,0,520
0.101705,54,22464.568503,hard,0.15480549199084667,0.15480549199084667,0,531
2.692931,72,22488.023363,hard,0.7649313501144165,2.7649313501144164,2,720
0.218544,58,22508.208337,hard,0.2761441647597254,0.2761441647597254,0,576
0.078478,53,22527.954893,hard,0.13117848970251716,0.13117848970251716,0,527
0.15401,55,22550.75129,hard,0.20881006864988558,0.20881006864988558,0,548
0.171847,57,22573.947412,hard,0.22854691075514874,0.22854691075514874,0,567
0.015979,53,22593.254028,hard,0.0688787185354691,0.0688787185354691,0,529
0.189674,63,22615.307938,hard,0.25257437070938216,0.25257437070938216,0,629
0.27845,66,22638.908609,hard,0.34364988558352405,0.34364988558352405,0,652
0.14184,56,22659.746326,hard,0.1975400457665904,0.1975400457665904,0,557
0.150707,56,22678.22271,hard,0.20600686498855836,0.20600686498855836,0,553
0.143599,56,22698.556981,hard,0.19879862700228834,0.19879862700228834,0,552
2.44703,67,22722.649337,hard,0.5137299771167048,2.5137299771167045,2,667
0.107354,66,22748.151428,hard,0.17265446224256292,0.17265446224256292,0,653
0.131645,58,22767.993457,hard,0.18924485125858123,0.18924485125858123,0,576
0.303397,57,22788.974212,hard,0.35949656750572084,0.35949656750572084,0,561
0.153673,60,22810.67041,hard,0.21367276887871853,0.21367276887871853,0,600
0.161944,64,22832.88374,hard,0.22574370709382152,0.22574370709382152,0,638
0.274428,63,22855.607631,hard,0.33672768878718534,0.33672768878718534,0,623
0.06525,54,22875.346832,hard,0.11905034324942791,0.11905034324942791,0,538
0.215995,55,22894.051876,hard,0.2705949656750572,0.2705949656750572,0,546
0.196086,55,22912.445816,hard,0.25028604118993136,0.25028604118993136,0,542
0.145735,72,22938.212979,hard,0.21773455377574372,0.21773455377574372,0,720
0.173209,60,22957.161167,hard,0.2330091533180778,0.2330091533180778,0,598
0.273507,58,22975.771417,hard,0.33100686498855836,0.33100686498855836,0,575
0.191286,72,22999.251564,hard,0.2625858123569794,0.2625858123569794,0,713
0.231917,58,23018.540898,hard,0.28981693363844396,0.28981693363844396,0,579
0.175052,59,23038.907601,hard,0.23335240274599542,0.23335240274599542,0,583
0.265128,72,23063.359918,hard,0.33712814645308925,0.33712814645308925,0,720
0.182901,56,23083.362634,hard,0.23810068649885582,0.23810068649885582,0,552
0.16846,72,23110.282888,hard,0.23975972540045767,0.23975972540045767,0,713
0.181762,60,23129.461671,hard,0.2417620137299771,0.2417620137299771,0,600
0.157817,58,23148.084316,hard,0.21521739130434783,0.21521739130434783,0,574
0.127256,72,23171.303914,hard,0.1992562929061785,0.1992562929061785,0,720
0.138943,62,23192.267971,hard,0.20034324942791762,0.20034324942791762,0,614
0.185684,63,23212.558996,hard,0.2482837528604119,0.2482837528604119,0,626
0.228755,57,23230.873057,hard,0.2857551487414188,0.2857551487414188,0,570
0.306801,57,23250.231931,hard,0.3635011441647597,0.3635011441647597,0,567
0.244192,61,23273.459588,hard,0.30509153318077803,0.30509153318077803,0,609
0.16012,58,23291.887616,hard,0.21721967963386726,0.21721967963386726,0,571
0.156146,72,23314.616797,hard,0.22814645308924486,0.22814645308924486,0,720
0.272003,56,23332.406419,hard,0.32740274599542335,0.32740274599542335,0,554
0.156933,60,23351.173037,hard,0.21613272311212814,0.21613272311212814,0,592
0.257401,57,23369.769975,hard,0.3135011441647597,0.3135011441647597,0,561
1.482063,61,23389.482481,hard,0.5425629290617849,1.542562929061785,1,605
0.129303,62,23409.713703,hard,0.19050343249427917,0.19050343249427917,0,612
0.214399,60,23430.210704,hard,0.2741990846681922,0.2741990846681922,0,598
0.174058,65,23455.348514,hard,0.2381578947368421,0.2381578947368421,0,641
0.145155,54,23472.594355,hard,0.1984553775743707,0.1984553775743707,0,533
0.22062,72,23496.386895,hard,0.29262013729977115,0.29262013729977115,0,720
0.118327,56,23514.483109,hard,0.17362700228832953,0.17362700228832953,0,553
1.413264,56,23532.898815,hard,0.46876430205949654,1.4687643020594965,1,555
0.166035,53,23549.924987,hard,0.21853546910755148,0.21853546910755148,0,525
0.20487,57,23568.849519,hard,0.26167048054919906,0.26167048054919906,0,568
0.189649,54,23586.132759,hard,0.24324942791762014,0.24324942791762014,0,536
0.152593,55,23604.694088,hard,0.2066933638443936,0.2066933638443936,0,541
0.239536,55,23628.311049,hard,0.2943363844393593,0.2943363844393593,0,548
0.203383,57,23648.470871,hard,0.2601830663615561,0.2601830663615561,0,568
0.187862,54,23667.824728,hard,0.24136155606407322,0.24136155606407322,0,535
0.067766,53,23686.674728,hard,0.12036613272311213,0.12036613272311213,0,526
0.153823,54,23705.19099,hard,0.20732265446224257,0.20732265446224257,0,535
0.293947,60,23727.087616,hard,0.3539473684210526,0.3539473684210526,0,600
0.253484,58,23747.360413,hard,0.31098398169336383,0.31098398169336383,0,575
0.346765,60,23769.610675,hard,0.4064645308924485,0.4064645308924485,0,597
0.322117,56,23789.045399,hard,0.3775171624713959,0.3775171624713959,0,554
0.238169,60,23812.83112,hard,0.2981693363844394,0.2981693363844394,0,600
0.283049,61,23835.323915,hard,0.34324942791762014,0.34324942791762014,0,602
0.144741,54,23854.637614,hard,0.19834096109839816,0.19834096109839816,0,536
0.200202,64,23877.943016,hard,0.26390160183066363,0.26390160183066363,0,637
0.21776,72,23904.696143,hard,0.2897597254004577,0.2897597254004577,0,720
0.322476,57,23925.126124,hard,0.37917620137299773,0.37917620137299773,0,567
0.187091,68,23947.867874,hard,0.25469107551487413,0.25469107551487413,0,676
0.088684,60,23968.184074,hard,0.1482837528604119,0.1482837528604119,0,596
0.072679,60,23991.218945,hard,0.13197940503432495,0.13197940503432495,0,593
0.289495,57,24012.311412,hard,0.3459954233409611,0.3459954233409611,0,565
0.155335,63,24035.09474,hard,0.2181350114416476,0.2181350114416476,0,628
2.499928,62,24057.16638,hard,0.5617276887871854,2.5617276887871854,2,618
0.181044,58,24078.543762,hard,0.23884439359267734,0.23884439359267734,0,578
0.224108,59,24100.20407,hard,0.28220823798627004,0.28220823798627004,0,581
0.258608,61,24121.701337,hard,0.31950800915331806,0.31950800915331806,0,609
0.1588,54,24141.967006,hard,0.21270022883295195,0.21270022883295195,0,539
0.017416,72,24170.09713,hard,0.08941647597254004,0.08941647597254004,0,720
0.339596,57,24189.881833,hard,0.396395881006865,0.396395881006865,0,568
0.229795,54,24209.186334,hard,0.28329519450800916,0.28329519450800916,0,535
0.228229,72,24234.514924,hard,0.3002288329519451,0.3002288329519451,0,720
0.247631,55,24254.28641,hard,0.3022311212814645,0.3022311212814645,0,546
0.153909,54,24274.190675,hard,0.2076086956521739,0.2076086956521739,0,537
0.137251,58,24295.702223,hard,0.19445080091533182,0.19445080091533182,0,572
0.224646,54,24317.187878,hard,0.27814645308924485,0.27814645308924485,0,535
0.12073,56,24337.708913,hard,0.17643020594965675,0.17643020594965675,0,557
0.115727,59,24360.592743,hard,0.1740274599542334,0.1740274599542334,0,583
0.16681,55,24380.743178,hard,0.22110983981693363,0.22110983981693363,0,543
0.354144,72,24405.820973,hard,0.4261441647597254,0.4261441647597254,0,720
0.265119,64,24428.996063,hard,0.3291189931350114,0.3291189931350114,0,640
0.316088,62,24451.388997,hard,0.3772883295194508,0.3772883295194508,0,612
0.103693,53,24471.165366,hard,0.1562929061784897,0.1562929061784897,0,526
0.125063,56,24491.074859,hard,0.18026315789473685,0.18026315789473685,0,552
0.239264,55,24511.080409,hard,0.29376430205949655,0.29376430205949655,0,545
0.065956,59,24531.645388,hard,0.12425629290617848,0.12425629290617848,0,583
0.357279,62,24555.959824,hard,0.419279176201373,0.419279176201373,0,620
0.203366,55,24574.91872,hard,0.25806636155606405,0.25806636155606405,0,547
0.289785,72,24601.250494,hard,0.36178489702517164,0.36178489702517164,0,720
0.192588,72,24627.680257,hard,0.26458810068649885,0.26458810068649885,0,720
0.120628,54,24647.439794,hard,0.1744279176201373,0.1744279176201373,0,538
0.211407,57,24668.167,hard,0.2683066361556064,0.2683066361556064,0,569
0.379048,63,24691.135734,hard,0.44204805491990845,0.44204805491990845,0,630
0.309323,61,24713.467583,hard,0.3700228832951945,0.3700228832951945,0,607
0.264509,57,24735.300502,hard,0.32070938215102973,0.32070938215102973,0,562
0.159171,54,24754.439179,hard,0.21247139588100686,0.21247139588100686,0,533
0.066868,56,24775.19283,hard,0.12196796338672769,0.12196796338672769,0,551
0.26959,72,24801.638693,hard,0.3415903890160183,0.3415903890160183,0,720
0.209139,63,24825.125935,hard,0.27133867276887874,0.27133867276887874,0,622
0.183443,54,24844.505833,hard,0.2372425629290618,0.2372425629290618,0,538
0.121192,72,24869.951722,hard,0.19319221967963388,0.19319221967963388,0,720
0.134865,72,24896.205039,hard,0.2068649885583524,0.2068649885583524,0,720
0.093106,63,24920.725353,hard,0.15520594965675058,0.15520594965675058,0,621
0.090196,57,24941.754683,hard,0.14679633867276887,0.14679633867276887,0,566
0.172548,58,24963.041989,hard,0.2297482837528604,0.2297482837528604,0,572
1.354316,72,24989.159805,hard,0.4263157894736842,1.4263157894736842,1,720
0.16334,59,25010.594824,hard,0.22213958810068649,0.22213958810068649,0,588
0.226307,56,25031.418828,hard,0.2814073226544622,0.2814073226544622,0,551
0.313954,59,25053.000643,hard,0.37265446224256293,0.37265446224256293,0,587
0.103797,57,25074.518365,hard,0.1602974828375286,0.1602974828375286,0,565
0.268661,60,25096.42034,hard,0.3282608695652174,0.3282608695652174,0,596
0.255799,56,25118.782683,hard,0.3114988558352403,0.3114988558352403,0,557
0.100492,55,25138.641511,hard,0.15509153318077804,0.15509153318077804,0,546
0.153823,54,25157.308024,hard,0.20732265446224257,0.20732265446224257,0,535
0.191066,55,25177.601215,hard,0.24536613272311214,0.24536613272311214,0,543
0.217643,58,25198.641094,hard,0.2753432494279176,0.2753432494279176,0,577
0.272105,57,25219.526009,hard,0.3290045766590389,0.3290045766590389,0,569
0.220563,72,25246.349201,hard,0.2925629290617849,0.2925629290617849,0,720
0.154509,54,25264.772599,hard,0.20800915331807782,0.20800915331807782,0,535
0.212281,59,25286.137067,hard,0.27128146453089247,0.27128146453089247,0,590
0.24669,58,25308.874362,hard,0.30389016018306636,0.30389016018306636,0,572
0.119273,57,25329.555559,hard,0.1759725400457666,0.1759725400457666,0,567
0.158434,59,25351.094845,hard,0.21693363844393593,0.21693363844393593,0,585
0.379525,68,25376.793241,hard,0.4466247139588101,0.4466247139588101,0,671
0.149793,57,25398.273456,hard,0.2066933638443936,0.2066933638443936,0,569
0.251236,55,25417.780128,hard,0.3062356979405034,0.3062356979405034,0,550
0.300863,54,25436.6911,hard,0.35486270022883293,0.35486270022883293,0,540
0.193869,54,25456.572428,hard,0.24776887871853548,0.24776887871853548,0,539
0.297346,56,25477.386995,hard,0.35274599542334095,0.35274599542334095,0,554
2.543283,67,25504.327735,hard,0.6097826086956522,2.609782608695652,2,665
0.307667,64,25527.683605,hard,0.370766590389016,0.370766590389016,0,631
0.38967,72,25554.702028,hard,0.46167048054919907,0.46167048054919907,0,720
0.046728,53,25573.838655,hard,0.0994279176201373,0.0994279176201373,0,527
0.067636,52,25592.214211,hard,0.11933638443935926,0.11933638443935926,0,517
0.161332,55,25611.982558,hard,0.21573226544622426,0.21573226544622426,0,544
0.100893,56,25632.594737,hard,0.1562929061784897,0.1562929061784897,0,554
0.167043,58,25654.297881,hard,0.22494279176201373,0.22494279176201373,0,579
0.252124,57,25676.791442,hard,0.3085240274599542,0.3085240274599542,0,564
2.49213,72,25702.475401,hard,0.5641304347826087,2.5641304347826086,2,720
0.275929,62,25725.287292,hard,0.337929061784897,0.337929061784897,0,620
0.199575,54,25744.823416,hard,0.25297482837528606,0.25297482837528606,0,534
0.327537,55,25764.87756,hard,0.3820366132723112,0.3820366132723112,0,545
0.274821,56,25784.36527,hard,0.330720823798627,0.330720823798627,0,559
0.274396,72,25810.20579,hard,0.34639588100686497,0.34639588100686497,0,720
0.071366,62,25833.882943,hard,0.13306636155606408,0.13306636155606408,0,617
0.217581,53,25853.132118,hard,0.27048054919908465,0.27048054919908465,0,529
0.259604,57,25874.687975,hard,0.31630434782608696,0.31630434782608696,0,567
0.256116,71,25900.460509,hard,0.3267162471395881,0.3267162471395881,0,706
0.170741,53,25920.42251,hard,0.22374141876430206,0.22374141876430206,0,530
2.590757,72,25946.110654,hard,0.6627574370709383,2.662757437070938,2,720
0.236924,72,25971.006918,hard,0.30892448512585813,0.30892448512585813,0,720
0.266422,66,25994.691757,hard,0.33152173913043476,0.33152173913043476,0,651
0.195218,58,26016.386107,hard,0.2529176201372998,0.2529176201372998,0,577
0.160316,54,26036.114856,hard,0.21401601830663616,0.21401601830663616,0,537
0.12842,52,26056.484896,hard,0.18032036613272312,0.18032036613272312,0,519
0.203931,61,26079.570559,hard,0.2645308924485126,0.2645308924485126,0,606
0.418845,58,26100.848619,hard,0.4765446224256293,0.4765446224256293,0,577
0.156833,72,26127.377313,hard,0.2288329519450801,0.2288329519450801,0,720
0.386395,72,26153.396833,hard,0.45829519450800915,0.45829519450800915,0,719
0.09989,54,26173.766529,hard,0.15348970251716249,0.15348970251716249,0,536
0.159412,52,26193.167212,hard,0.21081235697940504,0.21081235697940504,0,514
0.171246,57,26214.65196,hard,0.22734553775743707,0.22734553775743707,0,561
0.152807,54,26236.162604,hard,0.20640732265446224,0.20640732265446224,0,536
0.095385,55,26256.629538,hard,0.14948512585812357,0.14948512585812357,0,541
0.139093,55,26276.837118,hard,0.19359267734553776,0.19359267734553776,0,545
0.196183,64,26300.36401,hard,0.2601830663615561,0.2601830663615561,0,640
0.243725,54,26320.339644,hard,0.297025171624714,0.297025171624714,0,533
0.037922,57,26340.701487,hard,0.09462242562929062,0.09462242562929062,0,567
0.254658,59,26362.759688,hard,0.313558352402746,0.313558352402746,0,589
0.151908,56,26383.90726,hard,0.20720823798627003,0.20720823798627003,0,553
0.268213,56,26404.401764,hard,0.323512585812357,0.323512585812357,0,553
0.189877,66,26430.781171,hard,0.2549771167048055,0.2549771167048055,0,651
0.095427,53,26451.056496,hard,0.14822654462242563,0.14822654462242563,0,528
0.252605,65,26474.964417,hard,0.3171052631578947,0.3171052631578947,0,645
0.244273,58,26496.064113,hard,0.3017734553775744,0.3017734553775744,0,575
1.412449,56,26517.474426,hard,0.46824942791762014,1.4682494279176201,1,558
0.13967,72,26544.450979,hard,0.2116704805491991,0.2116704805491991,0,720
0.170127,54,26564.523311,hard,0.22362700228832952,0.22362700228832952,0,535
0.155067,54,26585.365664,hard,0.20886727688787185,0.20886727688787185,0,538
0.061145,54,26605.599993,hard,0.11424485125858123,0.11424485125858123,0,531
0.167948,62,26630.180836,hard,0.2297482837528604,0.2297482837528604,0,618
0.127112,71,26655.087519,hard,0.1977116704805492,0.1977116704805492,0,706
0.136252,60,26676.848741,hard,0.1956521739130435,0.1956521739130435,0,594
0.273445,54,26696.854165,hard,0.32694508009153317,0.32694508009153317,0,535
0.132255,54,26716.771241,hard,0.18575514874141877,0.18575514874141877,0,535
0.188246,53,26736.397115,hard,0.24044622425629292,0.24044622425629292,0,522
0.354391,63,26758.88127,hard,0.41739130434782606,0.41739130434782606,0,630
0.07336,55,26778.434867,hard,0.1274599542334096,0.1274599542334096,0,541
0.137233,54,26798.544809,hard,0.19113272311212814,0.19113272311212814,0,539
0.292269,56,26821.070651,hard,0.34816933638443937,0.34816933638443937,0,559
0.186647,55,26840.991514,hard,0.24124713958810068,0.24124713958810068,0,546
0.186924,72,26867.71505,hard,0.25892448512585814,0.25892448512585814,0,720
0.244986,68,26893.496814,hard,0.3125858123569794,0.3125858123569794,0,676
0.199897,60,26915.78501,hard,0.2598970251716247,0.2598970251716247,0,600
0.098005,56,26936.805048,hard,0.1540045766590389,0.1540045766590389,0,560
0.134887,54,26956.659131,hard,0.18878718535469108,0.18878718535469108,0,539
0.249632,54,26977.517654,hard,0.3034324942791762,0.3034324942791762,0,538
0.347061,57,27000.114514,hard,0.4036613272311213,0.4036613272311213,0,566
0.056542,56,27020.531951,hard,0.1118421052631579,0.1118421052631579,0,553
0.146201,55,27040.934177,hard,0.20120137299771168,0.20120137299771168,0,550
0.11076,55,27061.622124,hard,0.16516018306636154,0.16516018306636154,0,544
0.278309,55,27082.015828,hard,0.3330091533180778,0.3330091533180778,0,547
0.174439,60,27104.030757,hard,0.23443935926773454,0.23443935926773454,0,600
0.337103,54,27123.041003,hard,0.39050343249427916,0.39050343249427916,0,534
0.074759,65,27146.681748,hard,0.1393592677345538,0.1393592677345538,0,646
0.079666,54,27166.426872,hard,0.13306636155606408,0.13306636155606408,0,534
0.275481,71,27193.287911,hard,0.3462814645308924,0.3462814645308924,0,708
0.172552,61,27216.462283,hard,0.23295194508009154,0.23295194508009154,0,604
0.27106,57,27237.686766,hard,0.3278604118993135,0.3278604118993135,0,568
0.196249,72,27264.826978,hard,0.26824942791762013,0.26824942791762013,0,720
0.293293,64,27288.180487,hard,0.3566933638443936,0.3566933638443936,0,634
0.128164,53,27307.120086,hard,0.18106407322654464,0.18106407322654464,0,529
0.269612,54,27326.535275,hard,0.32311212814645307,0.32311212814645307,0,535
1.368395,53,27345.527362,hard,0.4209954233409611,1.420995423340961,1,526
0.190944,60,27367.534755,hard,0.2507437070938215,0.2507437070938215,0,598
0.072156,53,27388.924464,hard,0.12425629290617848,0.12425629290617848,0,521
0.252507,67,27414.001813,hard,0.3187070938215103,0.3187070938215103,0,662
0.118954,53,27434.025573,hard,0.17185354691075516,0.17185354691075516,0,529
0.281989,71,27461.215166,hard,0.3526887871853547,0.3526887871853547,0,707
0.147245,55,27481.039085,hard,0.2015446224256293,0.2015446224256293,0,543
0.352371,72,27507.103352,hard,0.42437070938215105,0.42437070938215105,0,720
0.367226,56,27527.505597,hard,0.42242562929061783,0.42242562929061783,0,552
0.220906,72,27553.825023,hard,0.2929061784897025,0.2929061784897025,0,720
0.215441,58,27577.719019,hard,0.27334096109839817,0.27334096109839817,0,579
1.433029,55,27598.098613,hard,0.48792906178489703,1.487929061784897,1,549
0.401582,58,27619.243689,hard,0.4593821510297483,0.4593821510297483,0,578
2.454934,62,27644.188134,hard,0.5169336384439359,2.516933638443936,2,620
0.152808,54,27665.239882,hard,0.20680778032036612,0.20680778032036612,0,540
0.083674,56,27685.72532,hard,0.1394736842105263,0.1394736842105263,0,558
0.218441,56,27705.160301,hard,0.2737414187643021,0.2737414187643021,0,553
0.394385,68,27729.186341,hard,0.4621853546910755,0.4621853546910755,0,678
0.264607,54,27748.253626,hard,0.3183066361556064,0.3183066361556064,0,537
2.554784,56,27770.132601,hard,0.61058352402746,2.6105835240274597,2,558
2.540371,59,27791.112562,hard,0.599370709382151,2.5993707093821508,2,590
0.145888,56,27811.400083,hard,0.20188787185354692,0.20188787185354692,0,560
0.018096,54,27831.818543,hard,0.07139588100686499,0.07139588100686499,0,533
2.553515,72,27858.789166,hard,0.6255148741418765,2.6255148741418766,2,720
0.180981,65,27882.426304,hard,0.24548054919908466,0.24548054919908466,0,645
1.384646,69,27908.124016,hard,0.452745995423341,1.452745995423341,1,681
0.137596,59,27930.363826,hard,0.19639588100686498,0.19639588100686498,0,588
0.172431,55,27952.868873,hard,0.22723112128146453,0.22723112128146453,0,548
0.279304,62,27975.063763,hard,0.34130434782608693,0.34130434782608693,0,620
0.213862,66,27998.223413,hard,0.27946224256292906,0.27946224256292906,0,656
0.111359,53,28017.410386,hard,0.16435926773455378,0.16435926773455378,0,530
0.159417,56,28037.605125,hard,0.21481693363844392,0.21481693363844392,0,554
0.221162,59,28058.835084,hard,0.27946224256292906,0.27946224256292906,0,583
0.214598,59,28080.470725,hard,0.27299771167048054,0.27299771167048054,0,584
0.093888,58,28102.325963,hard,0.1518878718535469,0.1518878718535469,0,580
0.398824,72,28127.920895,hard,0.4708237986270023,0.4708237986270023,0,720
2.597385,53,28149.654093,hard,0.6494851258581236,2.6494851258581233,2,521
0.169651,63,28173.505669,hard,0.23215102974828375,0.23215102974828375,0,625
0.228014,60,28196.786663,hard,0.28741418764302057,0.28741418764302057,0,594
0.056954,65,28220.707915,hard,0.12185354691075514,0.12185354691075514,0,649
0.202479,55,28240.884822,hard,0.2565789473684211,0.2565789473684211,0,541
0.333448,59,28261.938149,hard,0.39164759725400455,0.39164759725400455,0,582
0.207084,55,28281.533228,hard,0.26138443935926775,0.26138443935926775,0,543
0.387606,55,28301.031416,hard,0.44250572082379863,0.44250572082379863,0,549
0.217857,58,28321.562897,hard,0.2750572082379863,0.2750572082379863,0,572
0.12432,56,28343.921253,hard,0.1799199084668192,0.1799199084668192,0,556
0.260664,59,28365.803727,hard,0.3187643020594966,0.3187643020594966,0,581
0.211479,58,28386.521916,hard,0.269279176201373,0.269279176201373,0,578
0.15803,56,28406.986948,hard,0.21332951945080092,0.21332951945080092,0,553
0.137589,54,28426.764273,hard,0.19078947368421054,0.19078947368421054,0,532
0.365381,56,28447.179631,hard,0.4208810068649886,0.4208810068649886,0,555
0.064849,53,28466.380606,hard,0.11784897025171624,0.11784897025171624,0,530
0.140596,56,28486.393635,hard,0.19639588100686498,0.19639588100686498,0,558
0.209509,62,28508.725956,hard,0.27070938215102974,0.27070938215102974,0,612
0.158216,57,28531.559977,hard,0.21441647597254004,0.21441647597254004,0,562
0.147304,56,28552.614875,hard,0.2032036613272311,0.2032036613272311,0,559
0.145125,65,28576.149978,hard,0.209324942791762,0.209324942791762,0,642
0.137725,72,28602.56414,hard,0.2097254004576659,0.2097254004576659,0,720
0.258899,53,28621.170879,hard,0.31189931350114414,0.31189931350114414,0,530
0.15443,72,28647.468617,hard,0.22602974828375286,0.22602974828375286,0,716
0.116724,55,28667.510035,hard,0.17082379862700228,0.17082379862700228,0,541
0.096289,57,28688.123157,hard,0.1526887871853547,0.1526887871853547,0,564
1.368006,63,28713.318667,hard,0.4306064073226545,1.4306064073226545,1,626
0.174854,72,28739.512454,hard,0.24685354691075514,0.24685354691075514,0,720
0.054038,54,28760.003746,hard,0.10783752860411899,0.10783752860411899,0,538
0.097586,53,28779.444079,hard,0.15028604118993136,0.15028604118993136,0,527
0.207988,57,28801.342484,hard,0.26458810068649885,0.26458810068649885,0,566
1.342402,60,28823.805787,hard,0.40160183066361554,1.4016018306636155,1,592
0.091596,56,28843.658833,hard,0.14679633867276887,0.14679633867276887,0,552
1.438996,58,28864.577182,hard,0.4967963386727689,1.496796338672769,1,578
0.182288,57,28885.534866,hard,0.23918764302059498,0.23918764302059498,0,569
2.617517,60,28908.188094,hard,0.677116704805492,2.677116704805492,2,596
0.248033,57,28928.609961,hard,0.304233409610984,0.304233409610984,0,562
0.217884,56,28948.996035,hard,0.2736842105263158,0.2736842105263158,0,558
0.198177,57,28970.423214,hard,0.2545766590389016,0.2545766590389016,0,564
1.330098,56,28990.999097,hard,0.3860983981693364,1.3860983981693364,1,560
0.142499,57,29011.717902,hard,0.19919908466819222,0.19919908466819222,0,567
0.24213,72,29038.890541,hard,0.3141304347826087,0.3141304347826087,0,720
0.28382,59,29060.503763,hard,0.34262013729977114,0.34262013729977114,0,588
2.538978,67,29086.048769,hard,0.6057780320366133,2.6057780320366133,2,668
0.237439,72,29112.745068,hard,0.3094393592677345,0.3094393592677345,0,720
0.144798,54,29132.900155,hard,0.19799771167048055,0.19799771167048055,0,532
0.134343,54,29153.777055,hard,0.18764302059496568,0.18764302059496568,0,533
0.15145,55,29174.12294,hard,0.20635011441647597,0.20635011441647597,0,549
0.237505,55,29195.323957,hard,0.29170480549199085,0.29170480549199085,0,542
0.066651,53,29215.261778,hard,0.1194508009153318,0.1194508009153318,0,528
0.265908,54,29235.065059,hard,0.31990846681922197,0.31990846681922197,0,540
0.163251,70,29259.931085,hard,0.23255148741418763,0.23255148741418763,0,693
0.240026,58,29283.582193,hard,0.29742562929061783,0.29742562929061783,0,574
0.181756,55,29304.582314,hard,0.23615560640732267,0.23615560640732267,0,544
0.142112,56,29325.750615,hard,0.1981121281464531,0.1981121281464531,0,560
0.055338,54,29345.80934,hard,0.10863844393592677,0.10863844393592677,0,533
0.225151,58,29367.772285,hard,0.2825514874141876,0.2825514874141876,0,574
0.243329,57,29389.277594,hard,0.3002288329519451,0.3002288329519451,0,569
0.117436,65,29412.734093,hard,0.18163615560640733,0.18163615560640733,0,642
0.025305,55,29433.209576,hard,0.0794050343249428,0.0794050343249428,0,541
0.164026,59,29455.687911,hard,0.22282608695652173,0.22282608695652173,0,588
0.167126,56,29478.275079,hard,0.22242562929061785,0.22242562929061785,0,553
0.232629,56,29499.359142,hard,0.287929061784897,0.287929061784897,0,553
0.264327,72,29525.720042,hard,0.3363272311212815,0.3363272311212815,0,720
0.080768,54,29546.061226,hard,0.13426773455377575,0.13426773455377575,0,535
0.197695,61,29568.580921,hard,0.2578947368421053,0.2578947368421053,0,602
0.267903,60,29591.185052,hard,0.32740274599542335,0.32740274599542335,0,595
0.165741,58,29611.56187,hard,0.22294050343249427,0.22294050343249427,0,572
0.249398,62,29634.812967,hard,0.31069794050343247,0.31069794050343247,0,613
0.152608,55,29655.538504,hard,0.20720823798627003,0.20720823798627003,0,546
0.199882,60,29679.806347,hard,0.25938215102974826,0.25938215102974826,0,595
0.15744,66,29705.023013,hard,0.2225400457665904,0.2225400457665904,0,651
0.178198,58,29726.573568,hard,0.2360983981693364,0.2360983981693364,0,579
0.288537,57,29748.699781,hard,0.345137299771167,0.345137299771167,0,566
0.143657,56,29769.710917,hard,0.19965675057208238,0.19965675057208238,0,560
0.217996,54,29789.712146,hard,0.27179633867276887,0.27179633867276887,0,538
0.119858,56,29810.994167,hard,0.17585812356979405,0.17585812356979405,0,560
0.044814,55,29831.465958,hard,0.09971395881006866,0.09971395881006866,0,549
0.105311,54,29851.717422,hard,0.15921052631578947,0.15921052631578947,0,539
0.246801,67,29878.409325,hard,0.3135011441647597,0.3135011441647597,0,667
0.159718,56,29899.860822,hard,0.2156178489702517,0.2156178489702517,0,559
0.037803,53,29920.257296,hard,0.09050343249427918,0.09050343249427918,0,527
0.145002,57,29941.342125,hard,0.20200228832951944,0.20200228832951944,0,570
0.184257,54,29960.200318,hard,0.23775743707093822,0.23775743707093822,0,535
0.192208,53,29980.34664,hard,0.24490846681922196,0.24490846681922196,0,527
0.14301,66,30005.541015,hard,0.2084096109839817,0.2084096109839817,0,654
0.22308,72,30032.411355,hard,0.29508009153318077,0.29508009153318077,0,720
0.405448,62,30057.248811,hard,0.46664759725400456,0.46664759725400456,0,612
0.220961,58,30080.002269,hard,0.2782608695652174,0.2782608695652174,0,573
0.221406,60,30102.038155,hard,0.28060640732265446,0.28060640732265446,0,592
0.152208,55,30123.134072,hard,0.20720823798627003,0.20720823798627003,0,550
0.112103,53,30143.316322,hard,0.1651029748283753,0.1651029748283753,0,530
0.18348,62,30166.491753,hard,0.24508009153318078,0.24508009153318078,0,616
0.154309,54,30186.699572,hard,0.20800915331807782,0.20800915331807782,0,537
0.192754,55,30206.818496,hard,0.24685354691075514,0.24685354691075514,0,541
0.177342,60,30229.250108,hard,0.236441647597254,0.236441647597254,0,591
0.133829,55,30251.606819,hard,0.18792906178489702,0.18792906178489702,0,541
0.335786,65,30276.245347,hard,0.3998855835240275,0.3998855835240275,0,641
0.143884,55,30296.10314,hard,0.1986842105263158,0.1986842105263158,0,548
1.384293,72,30322.623052,hard,0.4562929061784897,1.4562929061784897,1,720
0.268114,57,30345.187091,hard,0.32431350114416474,0.32431350114416474,0,562
0.209493,60,30366.881388,hard,0.26859267734553777,0.26859267734553777,0,591
0.203291,64,30390.549844,hard,0.2669908466819222,0.2669908466819222,0,637
0.329383,56,30411.369954,hard,0.3847826086956522,0.3847826086956522,0,554
0.150549,55,30431.578485,hard,0.2051487414187643,0.2051487414187643,0,546
0.157257,55,30454.671957,hard,0.21195652173913043,0.21195652173913043,0,547
0.203725,56,30474.962472,hard,0.259324942791762,0.259324942791762,0,556
0.088074,52,30494.857494,hard,0.1398741418764302,0.1398741418764302,0,518
0.148797,61,30518.017682,hard,0.20949656750572082,0.20949656750572082,0,607
0.23396,57,30539.215937,hard,0.29016018306636154,0.29016018306636154,0,562
0.049251,71,30566.256289,hard,0.1198512585812357,0.1198512585812357,0,706
0.232657,55,30587.291128,hard,0.28735697940503435,0.28735697940503435,0,547
0.216095,55,30606.971007,hard,0.27019450800915334,0.27019450800915334,0,541
0.278667,56,30629.949006,hard,0.3338672768878719,0.3338672768878719,0,552
0.177735,53,30649.466399,hard,0.23043478260869565,0.23043478260869565,0,527
0.166225,56,30670.956767,hard,0.22162471395881006,0.22162471395881006,0,554
0.109717,56,30691.757338,hard,0.16521739130434782,0.16521739130434782,0,555
0.164881,56,30713.965265,hard,0.22048054919908466,0.22048054919908466,0,556
0.130366,53,30733.442048,hard,0.18306636155606407,0.18306636155606407,0,527
0.214899,72,30760.433615,hard,0.28689931350114417,0.28689931350114417,0,720
0.309227,64,30784.642347,hard,0.3732265446224256,0.3732265446224256,0,640
0.151522,56,30806.237374,hard,0.20692219679633866,0.20692219679633866,0,554
0.17239,57,30828.570436,hard,0.22889016018306635,0.22889016018306635,0,565
0.17463,52,30847.772187,hard,0.22602974828375286,0.22602974828375286,0,514
0.256001,58,30869.343359,hard,0.3135011441647597,0.3135011441647597,0,575
0.26711,55,30890.959234,hard,0.32151029748283755,0.32151029748283755,0,544
0.261434,56,30911.911241,hard,0.3173340961098398,0.3173340961098398,0,559
0.166326,57,30933.279847,hard,0.22242562929061785,0.22242562929061785,0,561
0.184343,54,30953.249516,hard,0.23804347826086958,0.23804347826086958,0,537
0.160681,61,30975.998342,hard,0.22088100686498857,0.22088100686498857,0,602
0.179351,54,30995.262955,hard,0.23255148741418763,0.23255148741418763,0,532
0.171488,56,31018.75192,hard,0.2272883295194508,0.2272883295194508,0,558
0.079989,60,31041.116863,hard,0.13998855835240276,0.13998855835240276,0,600
0.324438,59,31063.197964,hard,0.382837528604119,0.382837528604119,0,584
0.22731,57,31083.884732,hard,0.28381006864988556,0.28381006864988556,0,565
0.171451,61,31107.087865,hard,0.23215102974828375,0.23215102974828375,0,607
0.163234,54,31127.559627,hard,0.21693363844393593,0.21693363844393593,0,537
0.196054,52,31146.261233,hard,0.24725400457665903,0.24725400457665903,0,512
0.274418,67,31170.452498,hard,0.3410183066361556,0.3410183066361556,0,666
0.168145,59,31192.392309,hard,0.2269450800915332,0.2269450800915332,0,588
0.356015,57,31215.752765,hard,0.4128146453089245,0.4128146453089245,0,568
0.163423,57,31236.622974,hard,0.2204233409610984,0.2204233409610984,0,570
0.262325,72,31263.809612,hard,0.334324942791762,0.334324942791762,0,720
0.320875,58,31285.484346,hard,0.3783752860411899,0.3783752860411899,0,575
0.212076,55,31306.178864,hard,0.2664759725400458,0.2664759725400458,0,544
0.203927,57,31326.921965,hard,0.26092677345537757,0.26092677345537757,0,570
0.189633,52,31345.826175,hard,0.24153318077803204,0.24153318077803204,0,519
0.239688,63,31369.793377,hard,0.3022883295194508,0.3022883295194508,0,626
0.167725,55,31390.016164,hard,0.22202517162471397,0.22202517162471397,0,543
0.222688,55,31412.494166,hard,0.2768878718535469,0.2768878718535469,0,542
0.247002,67,31437.30884,hard,0.3139016018306636,0.3139016018306636,0,669
0.169186,56,31458.795412,hard,0.22488558352402746,0.22488558352402746,0,557
0.212449,56,31480.511845,hard,0.26824942791762013,0.26824942791762013,0,558
0.158814,54,31500.453774,hard,0.21241418764302059,0.21241418764302059,0,536
0.286137,59,31522.701225,hard,0.345137299771167,0.345137299771167,0,590
0.20923,55,31544.032875,hard,0.2633295194508009,0.2633295194508009,0,541
0.36488,56,31565.791047,hard,0.42008009153318077,0.42008009153318077,0,552
2.468446,72,31593.176283,hard,0.5404462242562929,2.540446224256293,2,720
0.255449,62,31617.478672,hard,0.31744851258581236,0.31744851258581236,0,620
0.032196,52,31636.896292,hard,0.08369565217391305,0.08369565217391305,0,515
0.269719,60,31658.975197,hard,0.3291189931350114,0.3291189931350114,0,594
0.089529,62,31681.526948,hard,0.15062929061784897,0.15062929061784897,0,611
0.184001,55,31701.242343,hard,0.23810068649885582,0.23810068649885582,0,541
0.408778,72,31727.670158,hard,0.4807780320366133,0.4807780320366133,0,720
0.211976,55,31748.290336,hard,0.2664759725400458,0.2664759725400458,0,545
0.308649,60,31770.895958,hard,0.36784897025171626,0.36784897025171626,0,592
0.162333,54,31793.090261,hard,0.21613272311212814,0.21613272311212814,0,538
0.287153,72,31819.868829,hard,0.3591533180778032,0.3591533180778032,0,720
0.294362,72,31846.47072,hard,0.3663615560640732,0.3663615560640732,0,720
0.126128,61,31867.943065,hard,0.18712814645308926,0.18712814645308926,0,610
0.091709,66,31891.585439,hard,0.15760869565217392,0.15760869565217392,0,659
0.241487,60,31913.917825,hard,0.301487414187643,0.301487414187643,0,600
0.049621,57,31934.614886,hard,0.105720823798627,0.105720823798627,0,561
0.11582,65,31959.324262,hard,0.1799199084668192,0.1799199084668192,0,641
0.200062,54,31981.094961,hard,0.2540617848970252,0.2540617848970252,0,540
0.175957,62,32004.553027,hard,0.23735697940503434,0.23735697940503434,0,614
0.214795,56,32025.604719,hard,0.2705949656750572,0.2705949656750572,0,558
0.174448,55,32046.100674,hard,0.22934782608695653,0.22934782608695653,0,549
0.270216,57,32068.327817,hard,0.3263157894736842,0.3263157894736842,0,561
0.211176,56,32089.745076,hard,0.2664759725400458,0.2664759725400458,0,553
2.590396,57,32110.119493,hard,0.6467963386727689,2.646796338672769,2,564
0.150762,54,32128.311586,hard,0.20446224256292905,0.20446224256292905,0,537
1.30007,62,32150.85585,hard,0.3616704805491991,1.361670480549199,1,616
0.125561,54,32173.102374,hard,0.17866132723112127,0.17866132723112127,0,531
0.134888,55,32193.998098,hard,0.18918764302059496,0.18918764302059496,0,543
0.2193,57,32214.402499,hard,0.2754004576659039,0.2754004576659039,0,561
0.276522,56,32235.403828,hard,0.33192219679633866,0.33192219679633866,0,554
0.068954,54,32255.547242,hard,0.12225400457665904,0.12225400457665904,0,533
0.088262,54,32275.118668,hard,0.14136155606407322,0.14136155606407322,0,531
0.029994,53,32294.602952,hard,0.08249427917620138,0.08249427917620138,0,525
0.204025,56,32315.554114,hard,0.259324942791762,0.259324942791762,0,553
0.17203,54,32335.25322,hard,0.22602974828375286,0.22602974828375286,0,540
0.247046,57,32357.327413,hard,0.30314645308924487,0.30314645308924487,0,561
1.339468,58,32380.259358,hard,0.3969679633867277,1.3969679633867278,1,575
0.15371,56,32401.501027,hard,0.20881006864988558,0.20881006864988558,0,551
0.25885,60,32423.914164,hard,0.31864988558352403,0.31864988558352403,0,598
0.374391,56,32445.102053,hard,0.4296910755148741,0.4296910755148741,0,553
2.55138,56,32466.811168,hard,0.6073798627002288,2.607379862700229,2,560
0.196617,56,32487.792753,hard,0.2525171624713959,0.2525171624713959,0,559
0.129226,56,32509.943288,hard,0.1851258581235698,0.1851258581235698,0,559
0.405356,69,32535.515046,hard,0.4738558352402746,0.4738558352402746,0,685
0.242386,58,32558.460558,hard,0.29988558352402744,0.29988558352402744,0,575
0.216099,58,32579.841517,hard,0.27379862700228835,0.27379862700228835,0,577
0.160275,55,32600.885389,hard,0.2152745995423341,0.2152745995423341,0,550
0.336651,58,32623.209309,hard,0.3944508009153318,0.3944508009153318,0,578
0.022905,57,32644.553411,hard,0.0794050343249428,0.0794050343249428,0,565
0.17333,53,32664.401783,hard,0.22602974828375286,0.22602974828375286,0,527
0.141514,59,32685.699128,hard,0.19971395881006865,0.19971395881006865,0,582
0.163411,59,32707.602879,hard,0.22191075514874142,0.22191075514874142,0,585
0.099749,56,32727.831223,hard,0.1551487414187643,0.1551487414187643,0,554
0.255953,66,32753.811975,hard,0.3214530892448513,0.3214530892448513,0,655
0.24629,58,32776.335113,hard,0.30348970251716245,0.30348970251716245,0,572
0.114006,54,32796.320946,hard,0.16790617848970252,0.16790617848970252,0,539
0.277471,60,32818.07548,hard,0.337070938215103,0.337070938215103,0,596
0.200265,57,32840.439499,hard,0.25646453089244853,0.25646453089244853,0,562
0.186285,64,32864.571763,hard,0.24948512585812357,0.24948512585812357,0,632
1.458935,60,32887.358565,hard,0.5181350114416476,1.5181350114416476,1,592
0.116466,54,32907.354022,hard,0.17036613272311213,0.17036613272311213,0,539
0.164318,52,32927.31434,hard,0.2160183066361556,0.2160183066361556,0,517
0.302852,56,32950.031309,hard,0.35835240274599545,0.35835240274599545,0,555
0.204081,55,32970.715794,hard,0.2585812356979405,0.2585812356979405,0,545
0.192413,57,32992.39892,hard,0.24851258581235697,0.24851258581235697,0,561
0.135372,53,33012.49752,hard,0.18787185354691074,0.18787185354691074,0,525
0.165284,58,33033.531936,hard,0.2232837528604119,0.2232837528604119,0,580
0.133929,54,33053.484128,hard,0.18792906178489702,0.18792906178489702,0,540
0.365473,61,33075.458989,hard,0.4263729977116705,0.4263729977116705,0,609
0.042608,52,33095.015078,hard,0.09450800915331808,0.09450800915331808,0,519
0.108158,56,33115.846006,hard,0.163558352402746,0.163558352402746,0,554
0.261504,55,33138.451001,hard,0.31630434782608696,0.31630434782608696,0,548
1.363902,63,33162.623318,hard,0.42660183066361557,1.4266018306636155,1,627
0.041707,52,33182.07657,hard,0.0933066361556064,0.0933066361556064,0,516
0.266254,57,33204.104007,hard,0.32265446224256294,0.32265446224256294,0,564
2.656089,72,33231.003417,hard,0.7280892448512586,2.7280892448512586,2,720
2.609236,72,33257.300318,hard,0.6812356979405034,2.6812356979405036,2,720
0.115122,54,33277.90586,hard,0.16882151029748282,0.16882151029748282,0,537
0.153322,54,33297.957373,hard,0.20692219679633866,0.20692219679633866,0,536
0.317125,55,33318.325366,hard,0.3716247139588101,0.3716247139588101,0,545
2.57818,67,33345.835576,hard,0.6446796338672769,2.644679633867277,2,665
0.20348,55,33366.501106,hard,0.25778032036613274,0.25778032036613274,0,543
1.380632,72,33393.476352,hard,0.45263157894736844,1.4526315789473685,1,720
0.178638,55,33414.226376,hard,0.232837528604119,0.232837528604119,0,542
0.162434,55,33435.063781,hard,0.2173340961098398,0.2173340961098398,0,549
0.25503,59,33457.260955,hard,0.3137299771167048,0.3137299771167048,0,587
0.298607,71,33484.377842,hard,0.3687070938215103,0.3687070938215103,0,701
0.315121,54,33505.33251,hard,0.3684210526315789,0.3684210526315789,0,533
0.03292,72,33533.925929,hard,0.10491990846681923,0.10491990846681923,0,720
1.444133,72,33560.667146,hard,0.5161327231121281,1.5161327231121282,1,720
0.1813,57,33581.845319,hard,0.23770022883295194,0.23770022883295194,0,564
2.435044,67,33606.411924,hard,0.5011441647597255,2.5011441647597255,2,661
0.118931,59,33628.538657,hard,0.17723112128146454,0.17723112128146454,0,583
0.169725,52,33648.511395,hard,0.22162471395881006,0.22162471395881006,0,519
0.110402,54,33669.453378,hard,0.16390160183066363,0.16390160183066363,0,535
1.484693,72,33697.173027,hard,0.5566933638443936,1.5566933638443936,1,720
0.141537,54,33718.145708,hard,0.19473684210526315,0.19473684210526315,0,532
0.147813,52,33739.616879,hard,0.19891304347826086,0.19891304347826086,0,511
2.444845,57,33760.544802,hard,0.5015446224256292,2.5015446224256292,2,567
0.096511,64,33784.857682,hard,0.15961098398169338,0.15961098398169338,0,631
0.217136,53,33805.757152,hard,0.26933638443935926,0.26933638443935926,0,522
0.170028,55,33826.723367,hard,0.2244279176201373,0.2244279176201373,0,544
0.186204,56,33848.652666,hard,0.24130434782608695,0.24130434782608695,0,551
0.227353,57,33870.600653,hard,0.2837528604118993,0.2837528604118993,0,564
0.148101,54,33890.602199,hard,0.20120137299771168,0.20120137299771168,0,531
0.282573,57,33912.72785,hard,0.3390732265446224,0.3390732265446224,0,565
1.351268,58,33935.835595,hard,0.40926773455377574,1.4092677345537759,1,580
0.1086,54,33955.669591,hard,0.16229977116704805,0.16229977116704805,0,537
0.30145,55,33975.785792,hard,0.35635011441647596,0.35635011441647596,0,549
0.296246,57,33996.87072,hard,0.35274599542334095,0.35274599542334095,0,565
0.154111,56,34017.63366,hard,0.20921052631578949,0.20921052631578949,0,551
0.24249,61,34041.85192,hard,0.30348970251716245,0.30348970251716245,0,610
2.489005,53,34062.528647,hard,0.5417048054919908,2.5417048054919906,2,527
0.393226,55,34083.446702,hard,0.44782608695652176,0.44782608695652176,0,546
0.186808,58,34105.478787,hard,0.2441075514874142,0.2441075514874142,0,573
0.317931,72,34134.540409,hard,0.3899313501144165,0.3899313501144165,0,720
0.151416,63,34157.577843,hard,0.21401601830663616,0.21401601830663616,0,626
0.177698,59,34180.077716,hard,0.2360983981693364,0.2360983981693364,0,584
0.095599,54,34200.072464,hard,0.14919908466819223,0.14919908466819223,0,536
0.047028,53,34220.014717,hard,0.09982837528604119,0.09982837528604119,0,528
0.200567,58,34240.748901,hard,0.25846681922196796,0.25846681922196796,0,579
0.28644,61,34262.770609,hard,0.3471395881006865,0.3471395881006865,0,607
0.303653,56,34282.923928,hard,0.3587528604118993,0.3587528604118993,0,551
0.1451,56,34305.398376,hard,0.2004004576659039,0.2004004576659039,0,553
2.590882,56,34325.901855,hard,0.6466819221967963,2.6466819221967963,2,558
0.284535,59,34348.562187,hard,0.3431350114416476,0.3431350114416476,0,586
0.203365,54,34368.528081,hard,0.25646453089244853,0.25646453089244853,0,531
0.201582,58,34390.678978,hard,0.25938215102974826,0.25938215102974826,0,578
0.101592,55,34411.618173,hard,0.15589244851258582,0.15589244851258582,0,543
0.05142,54,34432.735757,hard,0.10532036613272311,0.10532036613272311,0,539
0.111824,60,34455.129804,hard,0.1712242562929062,0.1712242562929062,0,594
0.208986,54,34475.313199,hard,0.2629862700228833,0.2629862700228833,0,540
0.118655,55,34495.674527,hard,0.1734553775743707,0.1734553775743707,0,548
0.173932,55,34518.11803,hard,0.22803203661327232,0.22803203661327232,0,541
0.129484,57,34539.194766,hard,0.18558352402745995,0.18558352402745995,0,561
0.309363,59,34561.246296,hard,0.3675629290617849,0.3675629290617849,0,582
0.144501,57,34582.613805,hard,0.20120137299771168,0.20120137299771168,0,567
0.164978,54,34603.156899,hard,0.2184782608695652,0.2184782608695652,0,535
0.183364,61,34625.393215,hard,0.24376430205949656,0.24376430205949656,0,604
0.183147,58,34647.006868,hard,0.2408466819221968,0.2408466819221968,0,577
0.164436,55,34667.481195,hard,0.21893592677345539,0.21893592677345539,0,545
0.307901,56,34688.488437,hard,0.36310068649885585,0.36310068649885585,0,552
0.163937,56,34711.240843,hard,0.21973684210526315,0.21973684210526315,0,558
0.304087,72,34739.251168,hard,0.3760869565217391,0.3760869565217391,0,720
0.196371,54,34760.095984,hard,0.2497711670480549,0.2497711670480549,0,534
2.597233,70,34785.751598,hard,0.666533180778032,2.666533180778032,2,693
0.221044,56,34807.133863,hard,0.2761441647597254,0.2761441647597254,0,551
0.154209,54,34827.187436,hard,0.2076086956521739,0.2076086956521739,0,534
0.162935,56,34848.362466,hard,0.21853546910755148,0.21853546910755148,0,556
0.136189,55,34869.443518,hard,0.19078947368421054,0.19078947368421054,0,546
0.17534,60,34894.352067,hard,0.23524027459954233,0.23524027459954233,0,599
0.233154,52,34914.423844,hard,0.28495423340961096,0.28495423340961096,0,518
0.041925,56,34936.02986,hard,0.09702517162471395,0.09702517162471395,0,551
0.223046,56,34957.697826,hard,0.27814645308924485,0.27814645308924485,0,551
0.155909,52,34976.723394,hard,0.2076086956521739,0.2076086956521739,0,517
0.226162,66,35002.130224,hard,0.2913615560640732,0.2913615560640732,0,652
0.093216,72,35029.39985,hard,0.16441647597254005,0.16441647597254005,0,712
0.149616,65,35054.162189,hard,0.21401601830663616,0.21401601830663616,0,644
0.360698,63,35078.63128,hard,0.42299771167048056,0.42299771167048056,0,623
0.320173,56,35101.791487,hard,0.3759725400457666,0.3759725400457666,0,558
0.177651,55,35123.141339,hard,0.23215102974828375,0.23215102974828375,0,545
0.341096,56,35144.281784,hard,0.396395881006865,0.396395881006865,0,553
0.249677,56,35165.695211,hard,0.3049771167048055,0.3049771167048055,0,553
0.355478,63,35189.725355,hard,0.41807780320366134,0.41807780320366134,0,626
0.195031,70,35216.544158,hard,0.2645308924485126,0.2645308924485126,0,695
0.350366,58,35238.570822,hard,0.40806636155606407,0.40806636155606407,0,577
0.140591,52,35257.895737,hard,0.1923913043478261,0.1923913043478261,0,518
0.126785,61,35283.397005,hard,0.18718535469107553,0.18718535469107553,0,604
0.101189,52,35303.068853,hard,0.15308924485125858,0.15308924485125858,0,519
0.087124,60,35324.925175,hard,0.14622425629290617,0.14622425629290617,0,591
0.142531,72,35353.177639,hard,0.2145308924485126,0.2145308924485126,0,720
0.169188,59,35375.359785,hard,0.2272883295194508,0.2272883295194508,0,581
2.480508,65,35400.288371,hard,0.544908466819222,2.544908466819222,2,644
0.215241,58,35421.640039,hard,0.27294050343249426,0.27294050343249426,0,577
0.282714,55,35441.729087,hard,0.3370137299771167,0.3370137299771167,0,543
0.27112,59,35463.955963,hard,0.32991990846681923,0.32991990846681923,0,588
0.325721,56,35486.512088,hard,0.3811212814645309,0.3811212814645309,0,554
0.083187,56,35506.762913,hard,0.13838672768878718,0.13838672768878718,0,552
0.164119,53,35527.450641,hard,0.21681922196796338,0.21681922196796338,0,527
0.10055,56,35548.432715,hard,0.15594965675057207,0.15594965675057207,0,554
0.278422,54,35568.876534,hard,0.33152173913043476,0.33152173913043476,0,531
1.421135,72,35596.983107,hard,0.4931350114416476,1.4931350114416477,1,720
0.224154,61,35619.776802,hard,0.28495423340961096,0.28495423340961096,0,608
0.399746,66,35645.210258,hard,0.4654462242562929,0.4654462242562929,0,657
0.364098,72,35673.58389,hard,0.4360983981693364,0.4360983981693364,0,720
0.21135,58,35695.870625,hard,0.2690503432494279,0.2690503432494279,0,577
0.370535,60,35718.459935,hard,0.43043478260869567,0.43043478260869567,0,599
0.302073,62,35741.514652,hard,0.36407322654462243,0.36407322654462243,0,620
0.231399,56,35763.560692,hard,0.28689931350114417,0.28689931350114417,0,555
0.203324,56,35785.328375,hard,0.25852402745995423,0.25852402745995423,0,552
2.555403,72,35812.868365,hard,0.6274027459954233,2.6274027459954232,2,720
0.155767,54,35833.543459,hard,0.20886727688787185,0.20886727688787185,0,531
0.305171,57,35853.982067,hard,0.362070938215103,0.362070938215103,0,569
0.074546,53,35876.86514,hard,0.12734553775743707,0.12734553775743707,0,528
0.203025,57,35899.707622,hard,0.2597254004576659,0.2597254004576659,0,567
0.157131,58,35921.762104,hard,0.21493135011441647,0.21493135011441647,0,578
0.135386,53,35942.02029,hard,0.1875858123569794,0.1875858123569794,0,522
0.276524,57,35963.603669,hard,0.33312356979405033,0.33312356979405033,0,566
0.190909,55,35985.086773,hard,0.24570938215102975,0.24570938215102975,0,548
0.32903,72,36011.820956,hard,0.4010297482837529,0.4010297482837529,0,720
2.560551,72,36038.459949,hard,0.6325514874141877,2.6325514874141875,2,720
0.107055,54,36058.69219,hard,0.16075514874141877,0.16075514874141877,0,537
0.163822,55,36081.904906,hard,0.21882151029748284,0.21882151029748284,0,550
1.418274,59,36104.833012,hard,0.4771739130434783,1.4771739130434782,1,589
0.229654,55,36126.419353,hard,0.2845537757437071,0.2845537757437071,0,549
0.190109,56,36147.720499,hard,0.24570938215102975,0.24570938215102975,0,556
0.250335,56,36168.88727,hard,0.3058352402745995,0.3058352402745995,0,555
0.269513,55,36188.850432,hard,0.3239130434782609,0.3239130434782609,0,544
0.130225,55,36210.20891,hard,0.18472540045766592,0.18472540045766592,0,545
0.167385,57,36232.029766,hard,0.22408466819221967,0.22408466819221967,0,567
0.20026,53,36252.48825,hard,0.2524599542334096,0.2524599542334096,0,522
0.07945,52,36274.007854,hard,0.13135011441647598,0.13135011441647598,0,519
0.204168,56,36295.378591,hard,0.2592677345537757,0.2592677345537757,0,551
0.221214,54,36315.528303,hard,0.27471395881006866,0.27471395881006866,0,535
0.193452,53,36335.120518,hard,0.24565217391304348,0.24565217391304348,0,522
0.235551,72,36361.999354,hard,0.30755148741418764,0.30755148741418764,0,720
0.388581,58,36384.543194,hard,0.44588100686498855,0.44588100686498855,0,573
0.246487,55,36404.527166,hard,0.3010869565217391,0.3010869565217391,0,546
0.132627,54,36424.711282,hard,0.1859267734553776,0.1859267734553776,0,533
0.126618,52,36445.044861,hard,0.17831807780320366,0.17831807780320366,0,517
0.183646,57,36468.507268,hard,0.24044622425629292,0.24044622425629292,0,568
0.190252,56,36490.372425,hard,0.24565217391304348,0.24565217391304348,0,554
0.144698,54,36510.669876,hard,0.19839816933638443,0.19839816933638443,0,537
0.110406,58,36532.612864,hard,0.16790617848970252,0.16790617848970252,0,575
0.192088,61,36556.477072,hard,0.2522883295194508,0.2522883295194508,0,602
0.199214,64,36581.147863,hard,0.2624141876430206,0.2624141876430206,0,632
2.620677,72,36608.296947,hard,0.6926773455377574,2.6926773455377573,2,720
0.126776,53,36629.030578,hard,0.17917620137299772,0.17917620137299772,0,524
0.223145,54,36649.000699,hard,0.2769450800915332,0.2769450800915332,0,538
0.192352,54,36670.832437,hard,0.24565217391304348,0.24565217391304348,0,533
0.313731,64,36693.756267,hard,0.37683066361556067,0.37683066361556067,0,631
0.223468,61,36717.121911,hard,0.28426773455377574,0.28426773455377574,0,608
0.227494,55,36737.256342,hard,0.28249427917620135,0.28249427917620135,0,550
0.171443,54,36757.375137,hard,0.22494279176201373,0.22494279176201373,0,535
0.164336,55,36777.607478,hard,0.21933638443935927,0.21933638443935927,0,550
0.08337,54,36797.047098,hard,0.13667048054919909,0.13667048054919909,0,533
0.230996,54,36816.639517,hard,0.2840961098398169,0.2840961098398169,0,531
0.017797,67,36840.353921,hard,0.08449656750572082,0.08449656750572082,0,667
0.240583,57,36862.778554,hard,0.2974828375286041,0.2974828375286041,0,569
0.167668,54,36881.826109,hard,0.2215675057208238,0.2215675057208238,0,539
0.193185,69,36907.476607,hard,0.2621853546910755,0.2621853546910755,0,690
0.235818,56,36927.543643,hard,0.29101830663615563,0.29101830663615563,0,552
0.297355,63,36949.919962,hard,0.3603546910755149,0.3603546910755149,0,630
0.165622,54,36970.289433,hard,0.21922196796338672,0.21922196796338672,0,536
0.184062,58,36990.818005,hard,0.2417620137299771,0.2417620137299771,0,577
0.234257,53,37010.047969,hard,0.28695652173913044,0.28695652173913044,0,527
0.334754,63,37034.152159,hard,0.39685354691075514,0.39685354691075514,0,621
0.243891,61,37054.870475,hard,0.30429061784897027,0.30429061784897027,0,604
0.208529,55,37074.681279,hard,0.262929061784897,0.262929061784897,0,544
0.265454,58,37094.95569,hard,0.32265446224256294,0.32265446224256294,0,572
0.211174,54,37114.53937,hard,0.2644736842105263,0.2644736842105263,0,533
0.136973,53,37132.858809,hard,0.1890732265446224,0.1890732265446224,0,521
0.12809,64,37155.400245,hard,0.1915903890160183,0.1915903890160183,0,635
0.175047,54,37174.093952,hard,0.22854691075514874,0.22854691075514874,0,535
0.188165,56,37192.723005,hard,0.24416475972540047,0.24416475972540047,0,560
0.212676,54,37212.829765,hard,0.2664759725400458,0.2664759725400458,0,538
0.239283,59,37231.587994,hard,0.2974828375286041,0.2974828375286041,0,582
0.169843,56,37250.546992,hard,0.22494279176201373,0.22494279176201373,0,551
0.181539,53,37267.753342,hard,0.23403890160183066,0.23403890160183066,0,525
2.567071,71,37294.098457,hard,0.6374713958810069,2.6374713958810068,2,704
0.071858,54,37312.589044,hard,0.12585812356979406,0.12585812356979406,0,540
0.255288,59,37333.651951,hard,0.314187643020595,0.314187643020595,0,589
0.138894,56,37352.684982,hard,0.19479405034324943,0.19479405034324943,0,559
0.149846,53,37370.214071,hard,0.20274599542334096,0.20274599542334096,0,529
0.319672,56,37389.531796,hard,0.3755720823798627,0.3755720823798627,0,559
0.109588,55,37406.512173,hard,0.16458810068649884,0.16458810068649884,0,550
0.081466,52,37424.627291,hard,0.13306636155606408,0.13306636155606408,0,516
0.268901,58,37444.946299,hard,0.3262013729977117,0.3262013729977117,0,573
0.274517,53,37463.400862,hard,0.327116704805492,0.327116704805492,0,526
0.164437,56,37482.587076,hard,0.22013729977116706,0.22013729977116706,0,557
0.081878,62,37502.34201,hard,0.1430778032036613,0.1430778032036613,0,612
0.221091,59,37522.373021,hard,0.27929061784897025,0.27929061784897025,0,582
0.35363,60,37542.505481,hard,0.41332951945080093,0.41332951945080093,0,597
