#{"t_start": 1778956384.8529058, "env_id": "None"}
r,l,t,profile,damage_pct,score,stars,ticks_elapsed
0.292486,72,22.554703,medium,0.3644859813084112,0.3644859813084112,0,720
0.326832,72,47.01548,medium,0.3988317757009346,0.3988317757009346,0,720
0.322912,62,67.840718,medium,0.3841121495327103,0.3841121495327103,0,612
1.478623,72,92.70931,medium,0.5506230529595015,1.5506230529595015,1,720
2.518837,60,112.845793,medium,0.5780373831775701,2.5780373831775703,2,592
0.345445,72,137.247257,medium,0.4174454828660436,0.4174454828660436,0,720
2.608759,61,157.597898,medium,0.6691588785046729,2.669158878504673,2,604
0.332128,72,183.922515,medium,0.4041277258566978,0.4041277258566978,0,720
0.270188,63,204.560357,medium,0.3327881619937695,0.3327881619937695,0,626
0.372422,53,221.595357,medium,0.42492211838006233,0.42492211838006233,0,525
2.773483,72,245.3751,medium,0.8454828660436137,2.845482866043614,2,720
2.731427,72,269.378613,medium,0.8034267912772586,2.803426791277259,2,720
2.816396,72,293.207128,medium,0.8883956386292835,2.8883956386292837,2,720
1.57319,61,313.966518,medium,0.6341900311526479,1.6341900311526478,1,610
0.3771,65,336.192356,medium,0.44190031152647974,0.44190031152647974,0,648
0.422463,67,361.344018,medium,0.48886292834890965,0.48886292834890965,0,664
0.308263,56,380.43102,medium,0.36386292834890965,0.36386292834890965,0,556
0.321312,71,404.522377,medium,0.39221183800623055,0.39221183800623055,0,709
0.230726,72,428.070193,medium,0.3027258566978193,0.3027258566978193,0,720
1.469475,62,449.471392,medium,0.5310747663551402,1.53107476635514,1,616
0.379791,72,473.542029,medium,0.451791277258567,0.451791277258567,0,720
1.434812,66,496.231003,medium,0.5003115264797507,1.5003115264797509,1,655
0.337783,58,515.190726,medium,0.3954828660436137,0.3954828660436137,0,577
2.678512,64,538.641664,medium,0.7422118380062306,2.742211838006231,2,637
0.286024,66,561.413778,medium,0.3513239875389408,0.3513239875389408,0,653
0.243729,53,580.053439,medium,0.2967289719626168,0.2967289719626168,0,530
0.303643,71,604.03614,medium,0.37414330218068537,0.37414330218068537,0,705
1.671925,72,628.47135,medium,0.7439252336448599,1.7439252336448599,1,720
2.518304,69,651.50239,medium,0.5866043613707165,2.5866043613707164,2,683
0.223551,57,671.37326,medium,0.27975077881619936,0.27975077881619936,0,562
0.392752,55,690.411572,medium,0.4473520249221184,0.4473520249221184,0,546
0.417751,62,714.45139,medium,0.4797507788161994,0.4797507788161994,0,620
1.791707,72,738.096365,medium,0.8637071651090342,1.8637071651090342,1,720
2.693343,72,762.060589,medium,0.7653426791277259,2.765342679127726,2,720
0.362991,64,783.141406,medium,0.42679127725856697,0.42679127725856697,0,638
2.588903,64,804.110036,medium,0.6521028037383177,2.652102803738318,2,632
0.330783,65,826.111631,medium,0.3954828660436137,0.3954828660436137,0,647
0.286671,59,845.536235,medium,0.3451713395638629,0.3451713395638629,0,585
0.192972,53,863.369028,medium,0.24587227414330218,0.24587227414330218,0,529
0.40004,72,889.746474,medium,0.4720404984423676,0.4720404984423676,0,720
1.715227,72,915.176825,medium,0.787227414330218,1.787227414330218,1,720
2.51772,72,940.163805,medium,0.5897196261682243,2.5897196261682245,2,720
2.729498,61,959.006865,medium,0.789797507788162,2.789797507788162,2,603
0.32175,67,980.051909,medium,0.3878504672897196,0.3878504672897196,0,661
0.343576,72,1003.985547,medium,0.41557632398753896,0.41557632398753896,0,720
2.716855,67,1026.088952,medium,0.7832554517133956,2.7832554517133956,2,664
0.303935,72,1052.066749,medium,0.37593457943925235,0.37593457943925235,0,720
1.503059,67,1074.660507,medium,0.569158878504673,1.5691588785046728,1,661
2.520757,72,1099.014247,medium,0.5927570093457943,2.592757009345794,2,720
1.443576,72,1124.43485,medium,0.5155763239875389,1.5155763239875388,1,720
0.37213,68,1146.883947,medium,0.43933021806853584,0.43933021806853584,0,672
2.754869,72,1170.727354,medium,0.8268691588785047,2.8268691588785044,2,720
0.194822,72,1195.66717,medium,0.26682242990654204,0.26682242990654204,0,720
0.347081,72,1222.0424,medium,0.4190809968847352,0.4190809968847352,0,720
1.478561,59,1242.233036,medium,0.5374610591900312,1.537461059190031,1,589
0.33719,72,1266.715333,medium,0.40919003115264796,0.40919003115264796,0,720
2.512254,70,1290.763793,medium,0.5818535825545171,2.5818535825545172,2,696
0.298405,64,1311.698008,medium,0.36230529595015576,0.36230529595015576,0,639
2.819242,71,1335.904844,medium,0.8896417445482866,2.8896417445482867,2,704
0.208645,67,1359.017615,medium,0.27554517133956385,0.27554517133956385,0,669
1.610615,68,1382.191631,medium,0.6781152647975078,1.678115264797508,1,675
0.380632,69,1407.581213,medium,0.4488317757009346,0.4488317757009346,0,682
0.198151,66,1430.6002,medium,0.2635514018691589,0.2635514018691589,0,654
0.268783,60,1451.58999,medium,0.328582554517134,0.328582554517134,0,598
2.784853,72,1476.955649,medium,0.8561526479750778,2.856152647975078,2,713
2.6949,72,1501.365939,medium,0.7669003115264797,2.76690031152648,2,720
0.300131,57,1520.125263,medium,0.3569314641744548,0.3569314641744548,0,568
1.469745,72,1544.748957,medium,0.5417445482866043,1.5417445482866043,1,720
1.473717,72,1567.833742,medium,0.5457165109034268,1.5457165109034268,1,720
0.067036,60,1589.888225,medium,0.12663551401869158,0.12663551401869158,0,596
1.562268,72,1614.326475,medium,0.6342679127725857,1.6342679127725857,1,720
2.895708,61,1635.048988,medium,0.9563084112149532,2.956308411214953,2,606
1.528056,64,1657.166113,medium,0.5920560747663551,1.5920560747663552,1,640
0.340306,56,1676.65688,medium,0.39610591900311526,0.39610591900311526,0,558
0.437799,62,1697.828684,medium,0.49929906542056074,0.49929906542056074,0,615
1.448327,72,1722.817678,medium,0.5203271028037383,1.5203271028037384,1,720
2.749885,72,1749.922587,medium,0.8218847352024922,2.821884735202492,2,720
0.35872,65,1772.676322,medium,0.4235202492211838,0.4235202492211838,0,648
2.514485,58,1792.592927,medium,0.5718847352024922,2.571884735202492,2,574
0.23439,67,1815.737381,medium,0.3010903426791277,0.3010903426791277,0,667
0.295835,72,1840.17242,medium,0.3678348909657321,0.3678348909657321,0,720
0.350213,68,1862.576225,medium,0.4179127725856698,0.4179127725856698,0,677
1.494745,72,1887.393445,medium,0.5667445482866044,1.5667445482866045,1,720
1.594121,72,1912.607573,medium,0.6661214953271029,1.6661214953271029,1,720
0.407135,53,1932.657865,medium,0.45973520249221184,0.45973520249221184,0,526
2.707829,72,1956.606572,medium,0.7798286604361371,2.779828660436137,2,720
0.324495,72,1981.02462,medium,0.3964953271028037,0.3964953271028037,0,720
0.33457,60,2002.46969,medium,0.39447040498442365,0.39447040498442365,0,599
0.332517,72,2026.354777,medium,0.4045171339563863,0.4045171339563863,0,720
2.614215,72,2050.423149,medium,0.686214953271028,2.686214953271028,2,720
1.432805,71,2075.397456,medium,0.5035046728971962,1.5035046728971961,1,707
2.617543,65,2097.123276,medium,0.6822429906542056,2.6822429906542054,2,647
0.373327,72,2122.072014,medium,0.44532710280373833,0.44532710280373833,0,720
1.492875,72,2145.954529,medium,0.5648753894080997,1.5648753894080998,1,720
2.5611,72,2169.365859,medium,0.6330996884735203,2.6330996884735205,2,720
2.787813,72,2194.128567,medium,0.8598130841121495,2.8598130841121496,2,720
0.119836,58,2213.374016,medium,0.17733644859813083,0.17733644859813083,0,575
0.379837,65,2236.542325,medium,0.4442367601246106,0.4442367601246106,0,644
2.755804,72,2261.824148,medium,0.827803738317757,2.827803738317757,2,720
1.472925,71,2288.558458,medium,0.5439252336448598,1.5439252336448597,1,710
2.791629,72,2313.596569,medium,0.8636292834890966,2.8636292834890966,2,720
0.410399,72,2338.200439,medium,0.482398753894081,0.482398753894081,0,720
0.314735,70,2361.980468,medium,0.3847352024922118,0.3847352024922118,0,700
2.848327,72,2386.469375,medium,0.9203271028037383,2.9203271028037383,2,720
0.235336,59,2406.873141,medium,0.2935358255451713,0.2935358255451713,0,582
0.291318,72,2431.495552,medium,0.3633177570093458,0.3633177570093458,0,720
2.868888,72,2458.14115,medium,0.9408878504672897,2.9408878504672895,2,720
1.54381,72,2483.054509,medium,0.6158099688473521,1.6158099688473522,1,720
0.382749,54,2501.730759,medium,0.43644859813084114,0.43644859813084114,0,537
1.440227,72,2527.031797,medium,0.5122274143302181,1.5122274143302181,1,720
2.667408,72,2551.268412,medium,0.7394080996884735,2.7394080996884735,2,720
2.689916,72,2576.17593,medium,0.7619158878504673,2.761915887850467,2,720
2.613514,72,2602.123816,medium,0.6855140186915888,2.6855140186915887,2,720
1.472003,72,2626.885455,medium,0.5440031152647975,1.5440031152647975,1,720
1.49513,61,2649.614098,medium,0.5555295950155763,1.5555295950155763,1,604
1.517174,72,2674.383648,medium,0.5891744548286605,1.5891744548286604,1,720
2.671302,72,2698.074475,medium,0.7433021806853582,2.743302180685358,2,720
1.454286,61,2718.918523,medium,0.5144859813084112,1.514485981308411,1,602
1.548171,72,2744.332008,medium,0.6201713395638629,1.6201713395638628,1,720
2.707493,71,2769.940174,medium,0.7781931464174455,2.7781931464174456,2,707
1.393331,64,2792.798663,medium,0.45693146417445485,1.4569314641744548,1,636
2.636285,70,2818.948295,medium,0.7056853582554518,2.705685358255452,2,694
2.561899,63,2840.596712,medium,0.6242990654205608,2.6242990654205607,2,624
2.76975,68,2864.076375,medium,0.8371495327102804,2.8371495327102805,2,674
0.353151,61,2884.800213,medium,0.4135514018691589,0.4135514018691589,0,604
2.865227,72,2909.498551,medium,0.9372274143302181,2.937227414330218,2,720
2.881382,72,2934.842437,medium,0.9528816199376947,2.9528816199376946,2,715
2.570368,72,2959.289668,medium,0.6423676012461059,2.642367601246106,2,720
1.451598,72,2984.209418,medium,0.5235981308411215,1.5235981308411215,1,720
2.767642,72,3010.775919,medium,0.8396417445482866,2.8396417445482864,2,720
2.800196,72,3036.024762,medium,0.872196261682243,2.8721962616822427,2,720
2.583523,68,3060.102686,medium,0.6506230529595015,2.6506230529595016,2,671
1.495365,62,3081.951895,medium,0.5571651090342679,1.5571651090342677,1,618
2.891162,72,3107.213957,medium,0.9631619937694704,2.9631619937694706,2,720
2.742408,72,3132.474477,medium,0.8144080996884735,2.8144080996884737,2,720
0.315489,68,3156.260576,medium,0.38348909657320873,0.38348909657320873,0,680
0.370601,72,3183.061878,medium,0.442601246105919,0.442601246105919,0,720
2.731427,72,3208.203326,medium,0.8034267912772586,2.803426791277259,2,720
2.437578,63,3229.738329,medium,0.5000778816199377,2.5000778816199376,2,625
2.704577,62,3250.220063,medium,0.7662772585669781,2.766277258566978,2,617
2.674002,62,3272.693218,medium,0.735202492211838,2.735202492211838,2,612
0.356974,58,3292.59805,medium,0.41417445482866044,0.41417445482866044,0,572
1.450741,72,3317.360054,medium,0.5227414330218069,1.5227414330218068,1,720
1.470807,68,3340.673028,medium,0.5387071651090343,1.5387071651090343,1,679
2.820757,72,3367.337864,medium,0.8927570093457944,2.8927570093457944,2,720
0.263691,64,3389.664614,medium,0.326791277258567,0.326791277258567,0,631
2.671458,72,3413.754137,medium,0.7434579439252337,2.743457943925234,2,720
2.746824,72,3437.706522,medium,0.8182242990654206,2.8182242990654207,2,714
1.544276,63,3459.841392,medium,0.6067757009345794,1.6067757009345796,1,625
2.486956,72,3484.883314,medium,0.5589563862928348,2.558956386292835,2,720
1.45731,67,3508.076114,medium,0.5239096573208722,1.5239096573208721,1,666
2.667097,72,3534.026575,medium,0.7390965732087228,2.7390965732087227,2,720
1.433661,71,3558.603241,medium,0.5043613707165109,1.5043613707165109,1,707
2.519121,72,3583.062748,medium,0.5911214953271028,2.5911214953271027,2,720
1.443031,72,3608.149446,medium,0.515031152647975,1.5150311526479752,1,720
1.532907,72,3634.293161,medium,0.6049065420560747,1.6049065420560749,1,720
0.387153,61,3655.640459,medium,0.44805295950155766,0.44805295950155766,0,609
1.536333,72,3680.229951,medium,0.6083333333333333,1.6083333333333334,1,720
2.506505,72,3705.225024,medium,0.5785046728971963,2.5785046728971963,2,720
2.455514,64,3728.200689,medium,0.518613707165109,2.518613707165109,2,631
2.816551,72,3752.233162,medium,0.8885514018691589,2.888551401869159,2,720
0.111323,57,3770.609,medium,0.16752336448598132,0.16752336448598132,0,562
2.54642,69,3794.444651,medium,0.6147196261682243,2.6147196261682244,2,683
2.718265,72,3818.26675,medium,0.7902647975077881,2.7902647975077883,2,720
0.254947,72,3843.49727,medium,0.32694704049844237,0.32694704049844237,0,720
2.695215,58,3863.244227,medium,0.7531152647975078,2.7531152647975077,2,579
2.622933,61,3885.603033,medium,0.6833333333333333,2.6833333333333336,2,604
1.501732,64,3906.753318,medium,0.5657320872274143,1.5657320872274143,1,640
2.680482,65,3928.597849,medium,0.7447819314641745,2.7447819314641744,2,643
2.679219,69,3952.093136,medium,0.7478193146417446,2.7478193146417444,2,686
2.832227,72,3976.829793,medium,0.9034267912772586,2.9034267912772584,2,712
2.824028,72,3999.759793,medium,0.8960280373831776,2.8960280373831777,2,720
3.9373,63,4020.404586,medium,1.0,4.0,3,627
0.325425,69,4044.865073,medium,0.3939252336448598,0.3939252336448598,0,685
0.292681,69,4069.797155,medium,0.36098130841121495,0.36098130841121495,0,683
0.381894,72,4094.30354,medium,0.4538940809968847,0.4538940809968847,0,720
2.816396,72,4118.043122,medium,0.8883956386292835,2.8883956386292837,2,720
0.338903,72,4142.929809,medium,0.4109034267912773,0.4109034267912773,0,720
2.880882,72,4167.775246,medium,0.9528816199376947,2.9528816199376946,2,720
0.373623,69,4191.631555,medium,0.4425233644859813,0.4425233644859813,0,689
1.435243,72,4216.259444,medium,0.5072429906542056,1.5072429906542055,1,720
2.642252,72,4242.439421,medium,0.7142523364485981,2.714252336448598,2,720
2.760395,70,4265.633774,medium,0.829595015576324,2.829595015576324,2,692
2.692281,60,4285.673381,medium,0.7521806853582554,2.7521806853582556,2,599
2.851598,72,4309.97472,medium,0.9235981308411215,2.9235981308411216,2,720
1.444511,72,4334.323813,medium,0.5165109034267913,1.5165109034267914,1,720
1.468109,72,4358.758491,medium,0.5401090342679128,1.5401090342679127,1,720
0.318463,54,4377.007345,medium,0.3719626168224299,0.3719626168224299,0,535
2.586489,72,4402.029728,medium,0.6584890965732088,2.658489096573209,2,720
2.785708,62,4425.111707,medium,0.8475077881619938,2.8475077881619937,2,618
1.470757,72,4449.301419,medium,0.5427570093457944,1.5427570093457943,1,720
2.86071,72,4473.83381,medium,0.9327102803738317,2.932710280373832,2,720
2.839568,70,4498.243038,medium,0.9092679127725857,2.909267912772586,2,697
2.826364,72,4523.280992,medium,0.8983644859813084,2.8983644859813085,2,720
2.455836,72,4547.351654,medium,0.5273364485981309,2.527336448598131,2,715
2.677844,72,4572.566521,medium,0.7498442367601246,2.749844236760125,2,720
2.511686,61,4595.097065,medium,0.5725856697819315,2.5725856697819314,2,609
2.754947,72,4619.598442,medium,0.8269470404984424,2.8269470404984425,2,720
2.644044,72,4644.161761,medium,0.7160436137071651,2.716043613707165,2,720
0.321224,72,4669.291515,medium,0.39322429906542056,0.39322429906542056,0,720
2.75043,72,4694.369954,medium,0.822429906542056,2.822429906542056,2,720
0.252221,72,4718.95747,medium,0.32422118380062304,0.32422118380062304,0,720
0.384249,70,4743.443097,medium,0.4533489096573209,0.4533489096573209,0,691
2.659915,60,4765.370435,medium,0.7193146417445483,2.7193146417445484,2,594
1.512112,72,4790.327039,medium,0.5841121495327103,1.5841121495327104,1,720
2.778128,68,4813.177356,medium,0.8460280373831776,2.8460280373831774,2,679
2.543814,59,4833.285129,medium,0.6024143302180686,2.6024143302180685,2,586
0.253667,55,4852.526228,medium,0.30856697819314644,0.30856697819314644,0,549
1.588436,72,4877.720691,medium,0.660436137071651,1.6604361370716512,1,720
2.653398,62,4898.757819,medium,0.714797507788162,2.714797507788162,2,614
2.728779,72,4924.37186,medium,0.800778816199377,2.8007788161993767,2,720
2.857984,72,4950.596923,medium,0.9299844236760124,2.9299844236760126,2,720
1.675975,72,4974.809815,medium,0.74797507788162,1.74797507788162,1,720
2.536567,72,5000.101743,medium,0.6085669781931464,2.6085669781931466,2,720
2.855804,72,5024.781689,medium,0.927803738317757,2.927803738317757,2,720
0.247455,61,5045.420728,medium,0.30825545171339563,0.30825545171339563,0,608
2.656492,71,5070.113364,medium,0.7274922118380063,2.7274922118380065,2,710
2.61868,58,5089.658416,medium,0.6764797507788162,2.676479750778816,2,578
1.648093,72,5114.274716,medium,0.7200934579439252,1.7200934579439253,1,720
2.874253,66,5138.673429,medium,0.9399532710280374,2.9399532710280374,2,657
0.2228,70,5162.419633,medium,0.29190031152647977,0.29190031152647977,0,691
0.24035,64,5185.628469,medium,0.3040498442367601,0.3040498442367601,0,637
0.400975,72,5211.086976,medium,0.47297507788161997,0.47297507788161997,0,720
1.50043,72,5236.200415,medium,0.572429906542056,1.5724299065420562,1,720
0.396536,72,5260.911483,medium,0.4685358255451713,0.4685358255451713,0,720
2.756037,72,5285.51635,medium,0.8280373831775701,2.8280373831775703,2,720
0.210087,72,5311.954756,medium,0.28208722741433023,0.28208722741433023,0,720
2.621146,72,5335.934424,medium,0.6931464174454829,2.693146417445483,2,720
3.9463,54,5354.729406,medium,1.0,4.0,3,537
2.778919,61,5375.847815,medium,0.8390186915887851,2.839018691588785,2,601
2.846756,71,5400.94507,medium,0.9170560747663551,2.917056074766355,2,703
1.675352,72,5426.144422,medium,0.7473520249221184,1.7473520249221184,1,720
2.761801,72,5450.676451,medium,0.8338006230529595,2.8338006230529595,2,720
2.64529,72,5478.255324,medium,0.7172897196261683,2.7172897196261685,2,720
2.559386,72,5502.737255,medium,0.631386292834891,2.631386292834891,2,720
2.765639,64,5525.131764,medium,0.8294392523364486,2.8294392523364484,2,638
2.856738,72,5550.262409,medium,0.9287383177570093,2.928738317757009,2,720
2.802196,70,5574.948504,medium,0.872196261682243,2.8721962616822427,2,700
2.574651,72,5599.977499,medium,0.6466510903426791,2.646651090342679,2,720
2.703196,69,5624.08205,medium,0.772196261682243,2.772196261682243,2,690
2.873872,72,5648.75608,medium,0.9458722741433022,2.9458722741433023,2,720
2.596872,66,5672.826772,medium,0.6620716510903427,2.6620716510903426,2,652
2.767702,67,5696.022135,medium,0.8345015576323987,2.834501557632399,2,668
2.687955,62,5717.137075,medium,0.7494548286604361,2.7494548286604363,2,615
1.493498,72,5742.635374,medium,0.5654984423676013,1.5654984423676013,1,720
0.299028,72,5768.2482,medium,0.3710280373831776,0.3710280373831776,0,720
2.604511,71,5792.984639,medium,0.6746105919003115,2.6746105919003114,2,701
1.430254,61,5813.480133,medium,0.49065420560747663,1.4906542056074765,1,604
1.715072,72,5839.288872,medium,0.7870716510903427,1.7870716510903426,1,720
2.84443,70,5863.563416,medium,0.9143302180685359,2.9143302180685358,2,699
0.404168,72,5888.733348,medium,0.4761682242990654,0.4761682242990654,0,720
1.457361,72,5913.940248,medium,0.5293613707165109,1.529361370716511,1,720
1.529558,72,5939.470306,medium,0.6015576323987539,1.601557632398754,1,720
0.294419,70,5962.086181,medium,0.364018691588785,0.364018691588785,0,696
1.469199,72,5986.836141,medium,0.5411993769470405,1.5411993769470405,1,720
2.72543,72,6013.739901,medium,0.797429906542056,2.797429906542056,2,720
0.231855,60,6032.444111,medium,0.2913551401869159,0.2913551401869159,0,595
3.9466,54,6050.077868,medium,1.0,4.0,3,534
1.353521,54,6069.030081,medium,0.4073208722741433,1.4073208722741433,1,538
2.619891,57,6088.92545,medium,0.676791277258567,2.676791277258567,2,569
0.293562,62,6110.873955,medium,0.3550623052959502,0.3550623052959502,0,615
2.693951,61,6131.375251,medium,0.7547507788161993,2.7547507788161996,2,608
0.286963,60,6150.38349,medium,0.3469626168224299,0.3469626168224299,0,600
2.812409,70,6174.170427,medium,0.8820093457943925,2.8820093457943923,2,696
2.785087,72,6200.407058,medium,0.8570872274143302,2.85708722741433,2,720
2.602381,59,6219.534508,medium,0.6609813084112149,2.660981308411215,2,586
2.493598,72,6243.671787,medium,0.564797507788162,2.564797507788162,2,712
2.78884,67,6266.93613,medium,0.8551401869158879,2.8551401869158877,2,663
2.697003,72,6290.652466,medium,0.7690031152647975,2.7690031152647974,2,720
2.66367,72,6314.777938,medium,0.7356697819314642,2.735669781931464,2,720
0.329506,59,6335.718103,medium,0.38800623052959504,0.38800623052959504,0,585
2.605577,61,6357.059821,medium,0.6662772585669782,2.666277258566978,2,607
2.518988,64,6380.135528,medium,0.5827881619937695,2.5827881619937694,2,638
3.9343,66,6401.434312,medium,1.0,4.0,3,657
2.835427,68,6425.119578,medium,0.9034267912772586,2.9034267912772584,2,680
2.601039,70,6449.894361,medium,0.670638629283489,2.670638629283489,2,696
2.691084,72,6475.865671,medium,0.7630841121495328,2.763084112149533,2,720
3.9435,57,6495.842819,medium,1.0,4.0,3,565
0.195822,71,6520.704751,medium,0.26682242990654204,0.26682242990654204,0,710
2.886411,72,6546.349725,medium,0.958411214953271,2.958411214953271,2,720
2.710477,64,6568.203755,medium,0.7743769470404984,2.7743769470404986,2,639
2.866863,72,6593.621093,medium,0.9388629283489096,2.9388629283489096,2,720
2.538946,55,6612.227771,medium,0.5931464174454829,2.593146417445483,2,542
1.494432,55,6630.377838,medium,0.5488317757009346,1.5488317757009344,1,544
1.535477,72,6654.547852,medium,0.6074766355140186,1.6074766355140186,1,720
2.765383,72,6678.726506,medium,0.8373831775700935,2.8373831775700937,2,720
0.080177,53,6696.832891,medium,0.1324766355140187,0.1324766355140187,0,523
2.651788,56,6717.15771,medium,0.7077881619937695,2.7077881619937694,2,560
2.889449,72,6741.645086,medium,0.9614485981308412,2.961448598130841,2,720
0.222578,61,6761.665121,medium,0.28317757009345795,0.28317757009345795,0,606
2.534931,72,6785.841501,medium,0.6069314641744549,2.6069314641744548,2,720
2.637657,72,6809.247486,medium,0.7096573208722742,2.709657320872274,2,720
2.84139,60,6827.821434,medium,0.9010903426791277,2.9010903426791277,2,597
2.725508,72,6851.981994,medium,0.7975077881619937,2.797507788161994,2,720
2.833997,72,6876.360665,medium,0.9059968847352025,2.9059968847352025,2,720
2.818187,72,6901.930726,medium,0.8901869158878505,2.8901869158878504,2,720
2.724113,69,6926.260203,medium,0.7929127725856698,2.79291277258567,2,688
2.804012,72,6951.557565,medium,0.8760124610591901,2.87601246105919,2,720
1.50798,61,6973.025882,medium,0.5683800623052959,1.568380062305296,1,604
2.660229,70,6997.219164,medium,0.729828660436137,2.7298286604361373,2,696
2.641081,70,7020.820842,medium,0.710981308411215,2.710981308411215,2,699
0.23801,53,7038.381763,medium,0.29080996884735205,0.29080996884735205,0,528
2.850845,66,7060.232855,medium,0.9167445482866043,2.916744548286604,2,659
3.9348,66,7083.131706,medium,1.0,4.0,3,652
2.646409,69,7106.821438,medium,0.7151090342679127,2.715109034267913,2,687
2.714526,72,7130.913465,medium,0.7865264797507788,2.786526479750779,2,720
2.693187,72,7155.201584,medium,0.7651869158878505,2.7651869158878504,2,720
2.760201,66,7177.806484,medium,0.8257009345794393,2.825700934579439,2,655
0.221716,58,7197.632628,medium,0.278816199376947,0.278816199376947,0,571
0.339758,54,7216.182081,medium,0.39345794392523364,0.39345794392523364,0,537
0.39529,72,7242.086821,medium,0.4672897196261682,0.4672897196261682,0,720
2.512579,72,7267.878975,medium,0.5845794392523365,2.5845794392523365,2,720
2.603701,72,7292.907268,medium,0.6757009345794392,2.675700934579439,2,720
2.785477,72,7317.758636,medium,0.8574766355140186,2.8574766355140184,2,720
2.890227,72,7343.395649,medium,0.9622274143302181,2.962227414330218,2,720
1.405882,72,7368.261892,medium,0.4778816199376947,1.4778816199376947,1,720
2.780465,69,7391.779196,medium,0.8490654205607476,2.8490654205607475,2,686
0.321925,72,7415.975753,medium,0.3939252336448598,0.3939252336448598,0,720
2.804012,72,7444.348655,medium,0.8760124610591901,2.87601246105919,2,720
0.409083,70,7469.370049,medium,0.47858255451713394,0.47858255451713394,0,695
2.650418,63,7492.188072,medium,0.7133177570093457,2.713317757009346,2,629
2.827306,61,7514.178733,medium,0.888006230529595,2.8880062305295953,2,607
2.769121,72,7539.612026,medium,0.8411214953271028,2.8411214953271027,2,720
2.778935,72,7563.914642,medium,0.8509345794392523,2.850934579439252,2,720
2.487891,72,7588.596586,medium,0.5598909657320872,2.5598909657320874,2,720
0.336955,71,7615.890066,medium,0.4075545171339564,0.4075545171339564,0,706
2.685998,63,7638.223272,medium,0.7485981308411215,2.7485981308411214,2,626
3.9357,65,7660.721136,medium,1.0,4.0,3,643
2.608319,65,7684.191505,medium,0.6728193146417446,2.6728193146417447,2,645
3.9433,57,7703.618229,medium,1.0,4.0,3,567
2.776135,67,7727.388234,medium,0.842834890965732,2.842834890965732,2,667
3.94,60,7747.889018,medium,1.0,4.0,3,600
2.889392,72,7771.826768,medium,0.9605919003115265,2.9605919003115266,2,712
1.49289,59,7795.000291,medium,0.5510903426791277,1.5510903426791276,1,582
2.918031,72,7820.805707,medium,0.990031152647975,2.9900311526479753,2,720
2.75272,71,7846.623356,medium,0.8235202492211838,2.823520249221184,2,708
2.849729,72,7871.755628,medium,0.9217289719626168,2.921728971962617,2,720
1.532361,72,7896.674625,medium,0.6043613707165109,1.6043613707165107,1,720
0.357439,72,7921.883871,medium,0.4294392523364486,0.4294392523364486,0,720
3.9466,54,7940.665785,medium,1.0,4.0,3,534
2.831427,72,7967.339335,medium,0.9034267912772586,2.9034267912772584,2,720
2.596956,71,7991.757706,medium,0.6670560747663551,2.667056074766355,2,701
2.655412,70,8015.403823,medium,0.7253115264797507,2.725311526479751,2,699
2.669109,63,8036.689947,medium,0.7320093457943925,2.7320093457943924,2,629
2.656193,72,8061.789182,medium,0.7281931464174455,2.7281931464174454,2,720
2.808283,71,8087.213788,medium,0.8792834890965732,2.879283489096573,2,710
0.369277,72,8112.034482,medium,0.4412772585669782,0.4412772585669782,0,720
1.450196,72,8136.53365,medium,0.522196261682243,1.522196261682243,1,720
2.631037,72,8163.969127,medium,0.7030373831775701,2.7030373831775703,2,720
2.464994,72,8189.475512,medium,0.536993769470405,2.536993769470405,2,720
2.552883,68,8213.565124,medium,0.6204828660436137,2.6204828660436137,2,676
2.85944,71,8237.804225,medium,0.9301401869158878,2.930140186915888,2,707
2.79188,60,8258.502381,medium,0.8514797507788162,2.8514797507788163,2,596
0.199015,55,8277.207619,medium,0.2531152647975078,0.2531152647975078,0,541
2.618527,60,8298.060779,medium,0.6784267912772586,2.678426791277259,2,599
0.323654,67,8323.757061,medium,0.39065420560747666,0.39065420560747666,0,670
2.828545,72,8349.393704,medium,0.9005451713395639,2.900545171339564,2,720
3.9466,54,8368.136841,medium,1.0,4.0,3,534
1.35153,54,8387.26747,medium,0.40552959501557634,1.4055295950155764,1,540
2.612401,72,8413.218091,medium,0.6838006230529595,2.6838006230529596,2,714
2.747081,72,8438.03444,medium,0.8190809968847352,2.8190809968847352,2,720
2.668186,72,8462.662518,medium,0.7394859813084113,2.739485981308411,2,713
2.564566,61,8484.022579,medium,0.624766355140187,2.6247663551401867,2,602
2.51573,57,8505.24928,medium,0.572429906542056,2.572429906542056,2,567
2.689812,70,8528.852875,medium,0.7591121495327103,2.7591121495327102,2,693
2.629475,61,8549.956929,medium,0.6898753894080997,2.6898753894081,2,604
2.784931,72,8574.717144,medium,0.8569314641744549,2.8569314641744548,2,720
2.7026,65,8596.860057,medium,0.7669003115264797,2.76690031152648,2,643
0.218803,68,8620.210669,medium,0.2859034267912773,0.2859034267912773,0,671
2.812567,63,8641.993472,medium,0.8754672897196262,2.875467289719626,2,629
2.472753,59,8662.905403,medium,0.5311526479750779,2.5311526479750777,2,584
2.827299,72,8689.821496,medium,0.8992990654205607,2.8992990654205606,2,720
2.864449,72,8716.136516,medium,0.9364485981308411,2.9364485981308412,2,720
2.648135,70,8741.491101,medium,0.717834890965732,2.717834890965732,2,697
2.705103,72,8766.125788,medium,0.7771028037383177,2.777102803738318,2,720
2.705751,58,8786.604485,medium,0.7635514018691589,2.763551401869159,2,578
2.58525,53,8804.723237,medium,0.6378504672897196,2.6378504672897196,2,526
2.817564,72,8829.163494,medium,0.8895638629283489,2.889563862928349,2,720
2.657673,72,8854.533514,medium,0.7296728971962617,2.7296728971962616,2,720
2.491014,62,8877.930827,medium,0.5524143302180685,2.5524143302180686,2,614
2.459145,50,8895.397726,medium,0.5086448598130842,2.508644859813084,2,495
2.696146,72,8920.98946,medium,0.7681464174454828,2.768146417445483,2,720
2.615432,59,8941.365996,medium,0.6738317757009346,2.6738317757009344,2,584
2.633817,63,8962.771251,medium,0.696417445482866,2.696417445482866,2,626
2.906583,72,8986.911839,medium,0.9785825545171339,2.978582554517134,2,720
3.9341,66,9009.544525,medium,1.0,4.0,3,659
0.407517,72,9033.65029,medium,0.4795171339563863,0.4795171339563863,0,720
0.270056,72,9060.654079,medium,0.34205607476635513,0.34205607476635513,0,720
2.873098,68,9084.720427,medium,0.9404984423676013,2.940498442367601,2,674
2.515175,58,9104.689764,medium,0.5729750778816199,2.57297507788162,2,578
3.944,56,9123.56603,medium,1.0,4.0,3,560
2.566515,53,9140.951441,medium,0.6193146417445483,2.6193146417445483,2,528
2.71772,72,9166.444837,medium,0.7897196261682243,2.789719626168224,2,720
0.405408,59,9187.621638,medium,0.4644080996884735,0.4644080996884735,0,590
2.651757,58,9207.85311,medium,0.7096573208722742,2.709657320872274,2,579
2.822548,72,9236.066687,medium,0.8945482866043614,2.8945482866043615,2,720
2.831427,72,9261.356307,medium,0.9034267912772586,2.9034267912772584,2,720
3.9424,58,9281.749458,medium,1.0,4.0,3,576
2.727065,72,9306.402916,medium,0.7990654205607477,2.7990654205607477,2,720
3.9327,68,9329.005101,medium,1.0,4.0,3,673
2.485656,57,9348.89633,medium,0.5420560747663551,2.542056074766355,2,564
2.614901,61,9369.964249,medium,0.6757009345794392,2.675700934579439,2,608
0.322015,57,9389.23622,medium,0.3781152647975078,0.3781152647975078,0,561
2.831427,72,9416.063148,medium,0.9034267912772586,2.9034267912772584,2,720
2.770212,72,9441.217516,medium,0.8422118380062306,2.8422118380062305,2,720
3.9331,67,9464.029449,medium,1.0,4.0,3,669
2.781812,61,9484.982917,medium,0.8422118380062306,2.8422118380062305,2,604
2.544124,58,9505.274689,medium,0.6013239875389408,2.6013239875389407,2,572
2.557907,72,9530.26209,medium,0.6299065420560748,2.6299065420560748,2,720
2.828,72,9555.638717,medium,0.9,2.9,2,720
2.652386,71,9581.882575,medium,0.7225856697819315,2.7225856697819317,2,702
2.809383,70,9606.354948,medium,0.878582554517134,2.878582554517134,2,692
2.681841,58,9626.697163,medium,0.7389408099688474,2.7389408099688475,2,571
2.672192,56,9646.275297,medium,0.7274922118380063,2.7274922118380065,2,553
2.804558,72,9671.284524,medium,0.8765576323987538,2.876557632398754,2,720
2.658919,72,9696.626492,medium,0.7309190031152648,2.7309190031152646,2,720
0.226186,56,9716.420704,medium,0.28138629283489097,0.28138629283489097,0,552
0.388026,57,9735.654196,medium,0.44462616822429907,0.44462616822429907,0,566
1.655954,60,9755.255193,medium,0.7156542056074766,1.7156542056074766,1,597
2.631875,58,9776.841968,medium,0.6898753894080997,2.6898753894081,2,580
3.9347,66,9798.7938,medium,1.0,4.0,3,653
2.615617,72,9822.831203,medium,0.6876168224299065,2.6876168224299066,2,720
2.79276,61,9843.393207,medium,0.8529595015576324,2.8529595015576326,2,602
2.844369,66,9866.299312,medium,0.9099688473520249,2.909968847352025,2,656
2.519421,72,9890.336267,medium,0.5911214953271028,2.5911214953271027,2,717
3.9342,66,9911.953638,medium,1.0,4.0,3,658
2.633926,61,9935.218688,medium,0.694626168224299,2.694626168224299,2,607
0.418244,65,9956.641672,medium,0.4829439252336449,0.4829439252336449,0,647
2.824184,72,9981.402855,medium,0.8961838006230529,2.896183800623053,2,720
2.656185,66,10003.676495,medium,0.7218847352024922,2.721884735202492,2,657
1.48509,66,10026.968978,medium,0.5510903426791277,1.5510903426791276,1,660
2.790383,72,10052.141739,medium,0.8623831775700934,2.862383177570093,2,720
2.765305,72,10077.757759,medium,0.8373052959501558,2.8373052959501557,2,720
3.9325,68,10101.583633,medium,1.0,4.0,3,675
2.739682,72,10128.633427,medium,0.8116822429906542,2.811682242990654,2,720
2.529347,65,10151.783446,medium,0.5938473520249221,2.5938473520249223,2,645
2.750657,68,10175.030352,medium,0.8177570093457944,2.8177570093457946,2,671
3.9332,67,10197.702621,medium,1.0,4.0,3,668
2.643762,53,10216.152766,medium,0.6962616822429907,2.696261682242991,2,525
2.610399,72,10241.157382,medium,0.682398753894081,2.682398753894081,2,720
2.870601,72,10266.809698,medium,0.942601246105919,2.942601246105919,2,720
0.408584,63,10288.94822,medium,0.471183800623053,0.471183800623053,0,626
2.694561,60,10311.898678,medium,0.7543613707165109,2.754361370716511,2,598
2.602065,72,10337.322435,medium,0.6740654205607477,2.6740654205607477,2,720
2.720593,58,10356.465127,medium,0.7781931464174455,2.7781931464174456,2,576
2.766396,72,10381.475407,medium,0.8383956386292835,2.8383956386292835,2,720
2.533693,61,10403.163851,medium,0.594392523364486,2.594392523364486,2,607
1.50027,70,10428.282711,medium,0.5694704049844237,1.5694704049844237,1,692
2.675529,55,10448.191831,medium,0.729828660436137,2.7298286604361373,2,543
2.684018,64,10470.327897,medium,0.7471183800623052,2.747118380062305,2,631
0.349038,63,10492.647988,medium,0.4118380062305296,0.4118380062305296,0,628
2.861539,68,10515.455739,medium,0.9294392523364486,2.9294392523364485,2,679
2.870601,72,10539.526974,medium,0.942601246105919,2.942601246105919,2,720
2.540779,69,10563.860538,medium,0.6095794392523365,2.6095794392523364,2,688
1.611022,72,10589.373992,medium,0.6830218068535826,1.6830218068535827,1,720
2.598561,72,10615.403662,medium,0.6705607476635514,2.6705607476635516,2,720
3.9365,64,10637.814246,medium,1.0,4.0,3,635
2.623092,71,10664.206305,medium,0.6936915887850468,2.6936915887850468,2,706
2.756583,72,10689.675339,medium,0.8285825545171339,2.828582554517134,2,720
3.9311,69,10713.102638,medium,1.0,4.0,3,689
2.544241,62,10735.570104,medium,0.6058411214953271,2.605841121495327,2,616
2.893498,72,10760.510759,medium,0.9654984423676013,2.9654984423676014,2,720
2.567351,63,10782.478097,medium,0.6297507788161993,2.6297507788161996,2,624
2.879324,72,10807.279927,medium,0.9513239875389408,2.9513239875389408,2,720
2.780828,66,10830.345818,medium,0.8460280373831776,2.8460280373831774,2,652
2.737268,72,10856.56495,medium,0.8092679127725857,2.8092679127725857,2,720
2.79904,65,10877.488882,medium,0.863239875389408,2.863239875389408,2,642
2.829568,63,10899.108343,medium,0.8923676012461059,2.892367601246106,2,628
2.878779,72,10923.746858,medium,0.950778816199377,2.950778816199377,2,720
2.630414,72,10948.007926,medium,0.7024143302180685,2.7024143302180685,2,720
2.79747,72,10972.856551,medium,0.8694704049844236,2.8694704049844235,2,720
2.764215,72,10997.953124,medium,0.836214953271028,2.836214953271028,2,720
2.788592,72,11024.872931,medium,0.8605919003115264,2.8605919003115265,2,720
2.78578,66,11047.785394,medium,0.8514797507788162,2.8514797507788163,2,657
2.688586,68,11072.205576,medium,0.756386292834891,2.756386292834891,2,678
3.9325,68,11095.985817,medium,1.0,4.0,3,675
2.681193,72,11121.600377,medium,0.7531931464174455,2.7531931464174457,2,720
2.506163,58,11143.618359,medium,0.5638629283489096,2.5638629283489096,2,577
2.871769,72,11168.463296,medium,0.9437694704049844,2.9437694704049844,2,720
2.878078,72,11195.591437,medium,0.9500778816199377,2.950077881619938,2,720
3.9426,58,11215.589273,medium,1.0,4.0,3,574
2.880414,72,11239.742083,medium,0.9524143302180685,2.9524143302180685,2,720
2.801047,59,11260.414388,medium,0.8600467289719627,2.8600467289719624,2,590
2.63462,72,11286.329891,medium,0.7066199376947041,2.706619937694704,2,720
2.864181,72,11311.720356,medium,0.935981308411215,2.9359813084112147,2,718
2.728229,69,11335.266309,medium,0.7967289719626168,2.796728971962617,2,685
2.732361,72,11359.469769,medium,0.8043613707165109,2.804361370716511,2,720
2.854713,72,11384.173011,medium,0.9267133956386293,2.9267133956386293,2,720
2.470913,72,11408.836577,medium,0.5429127725856698,2.54291277258567,2,720
2.921847,72,11435.067469,medium,0.9938473520249221,2.9938473520249222,2,720
2.583967,67,11458.073326,medium,0.6504672897196262,2.650467289719626,2,665
0.320534,64,11480.724609,medium,0.38403426791277256,0.38403426791277256,0,635
1.46966,59,11501.335002,medium,0.5286604361370717,1.5286604361370717,1,590
2.50472,52,11519.902426,medium,0.5566199376947041,2.556619937694704,2,519
2.769121,72,11545.091519,medium,0.8411214953271028,2.8411214953271027,2,720
2.924106,72,11571.029876,medium,0.9961059190031153,2.9961059190031154,2,720
2.5988,60,11591.905654,medium,0.6580996884735203,2.6580996884735204,2,593
2.542564,72,11616.939426,medium,0.6145638629283489,2.6145638629283487,2,720
2.520601,72,11642.464562,medium,0.592601246105919,2.592601246105919,2,720
2.863094,66,11665.170664,medium,0.9288940809968848,2.928894080996885,2,658
0.38881,69,11688.432472,medium,0.45771028037383177,0.45771028037383177,0,689
2.878234,72,11712.686671,medium,0.9502336448598131,2.950233644859813,2,720
2.869978,72,11738.764139,medium,0.9419781931464174,2.9419781931464173,2,720
3.9407,60,11759.152101,medium,1.0,4.0,3,593
0.328671,58,11779.627111,medium,0.38637071651090343,0.38637071651090343,0,577
1.52734,61,11801.521986,medium,0.5882398753894081,1.5882398753894083,1,609
2.667134,67,11825.010452,medium,0.7340342679127726,2.7340342679127727,2,669
2.851287,72,11849.882607,medium,0.9232866043613707,2.9232866043613708,2,720
3.9429,58,11870.596909,medium,1.0,4.0,3,571
3.9542,46,11886.954928,medium,1.0,4.0,3,458
2.522129,58,11907.809147,medium,0.5798286604361371,2.579828660436137,2,577
2.840726,62,11931.352461,medium,0.9027258566978194,2.9027258566978196,2,620
2.769589,72,11956.737132,medium,0.841588785046729,2.8415887850467287,2,720
2.640097,58,11976.252549,medium,0.6978971962616822,2.6978971962616822,2,578
2.75814,72,12001.576941,medium,0.8301401869158879,2.8301401869158878,2,720
2.723249,72,12027.209082,medium,0.7952492211838006,2.7952492211838007,2,720
2.678215,58,12047.10923,medium,0.736214953271028,2.736214953271028,2,580
2.715637,63,12068.444997,medium,0.7780373831775701,2.77803738317757,2,624
2.680181,72,12095.029128,medium,0.7521806853582554,2.7521806853582556,2,720
2.583632,58,12115.890711,medium,0.6407320872274144,2.6407320872274145,2,571
3.9471,53,12134.256309,medium,1.0,4.0,3,529
3.9286,72,12159.807998,medium,1.0,4.0,3,714
1.456054,68,12182.989189,medium,0.5237538940809969,1.523753894080997,1,677
1.332674,56,12202.502315,medium,0.38847352024922116,1.388473520249221,1,558
2.865695,72,12227.094498,medium,0.9376947040498442,2.9376947040498442,2,720
2.895757,72,12251.453972,medium,0.9677570093457943,2.967757009345794,2,720
2.876053,72,12277.701647,medium,0.9480529595015577,2.948052959501558,2,720
2.681748,71,12303.017318,medium,0.7526479750778816,2.7526479750778816,2,709
2.58353,72,12328.087996,medium,0.6555295950155763,2.6555295950155764,2,720
3.9381,62,12349.522811,medium,1.0,4.0,3,619
2.661132,63,12372.090253,medium,0.7238317757009346,2.7238317757009347,2,627
2.699597,65,12395.391965,medium,0.7640965732087227,2.7640965732087226,2,645
2.560561,60,12416.178199,medium,0.6205607476635514,2.6205607476635513,2,600
2.755269,63,12437.837944,medium,0.8180685358255452,2.818068535825545,2,628
2.694277,72,12465.4459,medium,0.7662772585669781,2.766277258566978,2,720
2.801287,72,12491.48951,medium,0.8732866043613707,2.873286604361371,2,720
1.642252,72,12517.469507,medium,0.7142523364485981,1.714252336448598,1,720
2.885944,72,12542.768107,medium,0.9579439252336449,2.957943925233645,2,720
2.510769,58,12563.04135,medium,0.5680685358255452,2.568068535825545,2,573
2.487881,57,12582.233827,medium,0.5440809968847352,2.5440809968847353,2,562
2.687813,72,12605.984111,medium,0.7598130841121495,2.7598130841121495,2,720
2.813125,72,12632.832493,medium,0.8851246105919003,2.8851246105919004,2,720
2.61224,60,12654.772433,medium,0.6713395638629284,2.6713395638629285,2,591
2.685477,72,12680.680559,medium,0.7574766355140187,2.757476635514019,2,720
3.9308,70,12705.980703,medium,1.0,4.0,3,692
1.576437,60,12726.581829,medium,0.6361370716510903,1.6361370716510903,1,597
2.702688,72,12751.44289,medium,0.7746884735202493,2.774688473520249,2,720
2.726109,64,12773.782595,medium,0.7901090342679128,2.7901090342679127,2,640
2.662502,72,12798.709144,medium,0.7345015576323988,2.7345015576323988,2,720
0.11414,58,12820.589559,medium,0.1720404984423676,0.1720404984423676,0,579
2.769667,72,12845.926327,medium,0.8416666666666667,2.841666666666667,2,720
1.523405,72,12871.673494,medium,0.5954049844236761,1.5954049844236762,1,720
2.841727,62,12893.72972,medium,0.9034267912772586,2.9034267912772584,2,617
2.642502,68,12917.036361,medium,0.710202492211838,2.710202492211838,2,677
3.9412,59,12937.309211,medium,1.0,4.0,3,588
2.871032,62,12958.195433,medium,0.932632398753894,2.932632398753894,2,616
0.421739,66,12981.623798,medium,0.48753894080996885,0.48753894080996885,0,658
1.361172,51,13001.051688,medium,0.41207165109034266,1.4120716510903426,1,509
0.339526,72,13026.796457,medium,0.41152647975077883,0.41152647975077883,0,720
2.620026,58,13047.444379,medium,0.6777258566978193,2.677725856697819,2,577
2.682747,70,13072.525763,medium,0.7519470404984424,2.7519470404984423,2,692
0.38205,72,13098.49413,medium,0.45404984423676015,0.45404984423676015,0,720
1.405336,72,13123.055602,medium,0.47733644859813085,1.4773364485981308,1,720
3.942,58,13143.102409,medium,1.0,4.0,3,580
2.447819,59,13164.622287,medium,0.5059190031152648,2.505919003115265,2,581
3.9435,57,13186.514369,medium,1.0,4.0,3,565
2.628415,66,13210.649876,medium,0.6943146417445483,2.6943146417445485,2,659
2.709545,58,13230.86391,medium,0.7674454828660436,2.7674454828660435,2,579
3.9333,67,13255.308039,medium,1.0,4.0,3,667
2.879791,72,13280.886709,medium,0.9517912772585669,2.951791277258567,2,720
2.88314,72,13305.249516,medium,0.9551401869158879,2.9551401869158878,2,720
2.815848,62,13327.564262,medium,0.8776479750778816,2.8776479750778816,2,618
3.9439,57,13347.967149,medium,1.0,4.0,3,561
3.9354,65,13373.538952,medium,1.0,4.0,3,646
2.649963,72,13399.201515,medium,0.7219626168224299,2.72196261682243,2,720
3.9284,72,13424.289334,medium,1.0,4.0,3,716
2.488695,66,13447.655852,medium,0.554595015576324,2.554595015576324,2,659
1.38455,53,13465.888182,medium,0.4371495327102804,1.4371495327102803,1,526
2.68196,72,13491.576228,medium,0.7536604361370717,2.753660436137072,2,717
2.76585,72,13517.323104,medium,0.8378504672897197,2.83785046728972,2,720
2.790383,72,13545.298261,medium,0.8623831775700934,2.862383177570093,2,720
3.9307,70,13570.485979,medium,1.0,4.0,3,693
2.639137,72,13596.203719,medium,0.7111370716510903,2.7111370716510903,2,720
2.454059,66,13619.581706,medium,0.5191588785046729,2.519158878504673,2,651
3.9484,52,13638.672595,medium,1.0,4.0,3,516
2.710162,62,13660.008286,medium,0.7712616822429906,2.7712616822429905,2,611
3.9539,47,13676.845772,medium,1.0,4.0,3,461
2.572312,53,13693.295029,medium,0.6253115264797507,2.625311526479751,2,530
2.786567,72,13715.912564,medium,0.8585669781931464,2.8585669781931466,2,720
3.9455,55,13739.045569,medium,1.0,4.0,3,545
3.9389,62,13763.915495,medium,1.0,4.0,3,611
2.62231,61,13787.442665,medium,0.6827102803738317,2.682710280373832,2,604
2.66695,71,13814.761542,medium,0.7378504672897196,2.7378504672897197,2,709
2.473587,59,13837.144378,medium,0.5320872274143302,2.5320872274143302,2,585
2.865695,72,13864.081996,medium,0.9376947040498442,2.9376947040498442,2,720
2.71767,60,13886.764728,medium,0.7775700934579439,2.777570093457944,2,599
0.250862,63,13911.418251,medium,0.3131619937694704,0.3131619937694704,0,623
2.855181,72,13940.304467,medium,0.9271806853582555,2.9271806853582554,2,720
2.588641,60,13961.858691,medium,0.6477414330218069,2.6477414330218068,2,591
2.471419,52,13979.712117,medium,0.5228193146417446,2.522819314641745,2,514
2.845622,72,14004.704757,medium,0.9168224299065421,2.916822429906542,2,712
2.670064,62,14026.992976,medium,0.7314641744548287,2.7314641744548287,2,614
3.9354,65,14051.177177,medium,1.0,4.0,3,646
3.9408,60,14072.207655,medium,1.0,4.0,3,592
2.600129,55,14092.19891,medium,0.6548286604361371,2.654828660436137,2,547
2.465958,70,14118.259098,medium,0.5353582554517134,2.5353582554517136,2,694
2.536201,65,14141.681069,medium,0.6007009345794393,2.6007009345794394,2,645
3.9312,69,14165.736665,medium,1.0,4.0,3,688
2.599223,69,14190.076857,medium,0.6675233644859813,2.667523364485981,2,683
2.469265,71,14215.697808,medium,0.5402647975077881,2.5402647975077883,2,710
2.673016,72,14241.359786,medium,0.7450155763239875,2.7450155763239876,2,720
2.587813,72,14267.504831,medium,0.6598130841121496,2.6598130841121495,2,720
2.870056,72,14296.331113,medium,0.9420560747663551,2.942056074766355,2,720
2.778935,72,14321.922559,medium,0.8509345794392523,2.850934579439252,2,720
2.705259,72,14346.472526,medium,0.7772585669781932,2.777258566978193,2,720
2.592151,63,14369.515589,medium,0.6547507788161994,2.6547507788161995,2,626
2.668654,72,14396.006078,medium,0.7406542056074766,2.7406542056074765,2,720
2.606271,72,14421.304328,medium,0.6782710280373832,2.678271028037383,2,720
2.709494,70,14446.414962,medium,0.7788940809968847,2.778894080996885,2,694
2.632439,72,14471.691201,medium,0.7044392523364486,2.7044392523364484,2,720
2.589491,71,14498.784108,medium,0.6598909657320873,2.659890965732087,2,704
3.9312,69,14522.786808,medium,1.0,4.0,3,688
2.735132,56,14542.399112,medium,0.7907320872274143,2.7907320872274144,2,556
2.739604,72,14567.973404,medium,0.8116043613707166,2.8116043613707165,2,720
2.710709,55,14587.789439,medium,0.7651090342679128,2.7651090342679128,2,544
2.531037,72,14612.863491,medium,0.60303738317757,2.60303738317757,2,720
3.9348,66,14635.779781,medium,1.0,4.0,3,652
2.783296,72,14661.365553,medium,0.8552959501557632,2.8552959501557633,2,720
2.791941,72,14685.553408,medium,0.8639408099688474,2.8639408099688475,2,720
2.91476,72,14710.809581,medium,0.9867601246105919,2.986760124610592,2,720
2.865695,72,14737.421931,medium,0.9376947040498442,2.9376947040498442,2,720
1.631738,72,14763.162078,medium,0.7037383177570093,1.7037383177570093,1,720
2.731469,71,14788.085366,medium,0.8018691588785046,2.8018691588785045,2,704
3.9337,67,14811.77427,medium,1.0,4.0,3,663
1.440079,53,14830.429524,medium,0.4926791277258567,1.4926791277258566,1,526
1.378833,55,14852.150261,medium,0.43333333333333335,1.4333333333333333,1,545
1.473277,68,14876.015335,medium,0.5412772585669782,1.541277258566978,1,680
2.877143,72,14902.297119,medium,0.9491433021806853,2.949143302180685,2,720
2.759386,72,14926.938016,medium,0.831386292834891,2.8313862928348907,2,720
2.802631,55,14946.353981,medium,0.8569314641744549,2.8569314641744548,2,543
2.873872,72,14971.344277,medium,0.9458722741433022,2.9458722741433023,2,720
0.372393,56,14991.710686,medium,0.4281931464174455,0.4281931464174455,0,558
2.740773,72,15016.763687,medium,0.8127725856697819,2.812772585669782,2,720
2.648285,58,15038.090913,medium,0.7056853582554518,2.705685358255452,2,574
1.438592,72,15065.180431,medium,0.5105919003115265,1.5105919003115265,1,720
2.862813,72,15092.530815,medium,0.9348130841121496,2.9348130841121494,2,720
2.618811,56,15112.647024,medium,0.6746105919003115,2.6746105919003114,2,558
2.908607,72,15137.515403,medium,0.9806074766355141,2.980607476635514,2,720
2.619605,59,15158.130955,medium,0.6785046728971963,2.6785046728971964,2,589
3.9492,51,15175.908898,medium,1.0,4.0,3,508
2.874417,72,15200.18393,medium,0.946417445482866,2.946417445482866,2,720
1.678701,72,15225.927808,medium,0.7507009345794392,1.7507009345794393,1,720
1.418849,52,15244.726042,medium,0.47024922118380064,1.4702492211838005,1,514
2.869511,72,15271.066396,medium,0.9415109034267912,2.9415109034267912,2,720
3.9334,67,15295.546328,medium,1.0,4.0,3,666
2.654672,58,15315.507919,medium,0.7120716510903426,2.7120716510903424,2,574
2.650586,72,15340.884429,medium,0.7225856697819315,2.7225856697819317,2,720
2.666706,72,15366.097925,medium,0.738006230529595,2.738006230529595,2,713
2.773483,72,15392.996282,medium,0.8454828660436137,2.845482866043614,2,720
2.636567,72,15418.876919,medium,0.7085669781931464,2.7085669781931463,2,720
2.797851,57,15440.458625,medium,0.8547507788161994,2.854750778816199,2,569
2.438248,65,15464.602995,medium,0.5026479750778816,2.5026479750778816,2,644
3.9381,62,15485.873493,medium,1.0,4.0,3,619
2.720368,72,15512.056019,medium,0.792367601246106,2.792367601246106,2,720
2.725508,72,15536.737962,medium,0.7975077881619937,2.797507788161994,2,720
3.9516,49,15553.418916,medium,1.0,4.0,3,484
3.9412,59,15576.630448,medium,1.0,4.0,3,588
2.747226,65,15599.863862,medium,0.8115264797507789,2.811526479750779,2,643
2.599077,51,15618.733054,medium,0.6493769470404984,2.6493769470404986,2,503
2.89015,64,15641.914524,medium,0.9540498442367601,2.95404984423676,2,639
0.358251,56,15661.533557,medium,0.4135514018691589,0.4135514018691589,0,553
2.766941,72,15687.114744,medium,0.8389408099688473,2.8389408099688476,2,720
2.759854,72,15712.603113,medium,0.8318535825545171,2.8318535825545172,2,720
2.734776,72,15737.270772,medium,0.8067757009345794,2.8067757009345793,2,720
2.557644,59,15759.963169,medium,0.6160436137071651,2.616043613707165,2,584
2.661645,72,15785.510116,medium,0.7336448598130841,2.7336448598130842,2,720
2.604922,62,15808.439198,medium,0.6668224299065421,2.666822429906542,2,619
2.655685,59,15829.662772,medium,0.7137850467289719,2.713785046728972,2,581
2.83197,63,15852.5077,medium,0.8944704049844237,2.894470404984424,2,625
3.9456,55,15872.599311,medium,1.0,4.0,3,544
2.666221,58,15893.138789,medium,0.7242211838006231,2.724221183800623,2,580
2.832677,59,15912.595108,medium,0.8912772585669781,2.891277258566978,2,586
2.810009,72,15939.327757,medium,0.8820093457943925,2.8820093457943923,2,720
2.715607,57,15962.203803,medium,0.7718068535825545,2.7718068535825546,2,562
2.716318,72,15988.765831,medium,0.7883177570093458,2.788317757009346,2,720
3.9475,53,16006.573829,medium,1.0,4.0,3,525
2.76515,72,16032.177041,medium,0.8371495327102804,2.8371495327102805,2,720
2.895134,72,16058.803466,medium,0.9671339563862928,2.967133956386293,2,720
2.697548,72,16083.402462,medium,0.7695482866043614,2.7695482866043615,2,720
1.390076,59,16105.235979,medium,0.4486760124610592,1.4486760124610591,1,586
2.54527,66,16131.79067,medium,0.6106697819314642,2.610669781931464,2,654
2.735399,72,16157.669571,medium,0.807398753894081,2.807398753894081,2,720
2.592341,56,16178.862959,medium,0.6477414330218069,2.6477414330218068,2,554
2.504266,54,16198.654619,medium,0.5578660436137072,2.557866043613707,2,536
3.9485,52,16216.662879,medium,1.0,4.0,3,515
3.9351,65,16239.170566,medium,1.0,4.0,3,649
2.702299,72,16265.347801,medium,0.7742990654205607,2.7742990654205606,2,720
2.595523,72,16290.923616,medium,0.6675233644859813,2.667523364485981,2,720
2.828701,72,16318.414439,medium,0.9007009345794392,2.9007009345794392,2,720
1.560291,58,16339.449642,medium,0.6179906542056075,1.6179906542056075,1,577
2.775988,65,16362.41536,medium,0.8408878504672898,2.84088785046729,2,649
3.9492,51,16380.564225,medium,1.0,4.0,3,508
2.894073,69,16405.473621,medium,0.962772585669782,2.962772585669782,2,687
3.9427,58,16424.688982,medium,1.0,4.0,3,573
3.9434,57,16444.277077,medium,1.0,4.0,3,566
2.834483,70,16468.86988,medium,0.9042834890965732,2.9042834890965734,2,698
2.664682,72,16494.071522,medium,0.7366822429906542,2.7366822429906543,2,720
0.376851,62,16517.593738,medium,0.43855140186915886,0.43855140186915886,0,617
2.630445,62,16539.144397,medium,0.6924454828660436,2.6924454828660433,2,620
2.89382,55,16558.675244,medium,0.9485202492211838,2.948520249221184,2,547
2.614994,72,16584.599031,medium,0.686993769470405,2.686993769470405,2,720
3.9407,60,16605.344962,medium,1.0,4.0,3,593
2.832439,72,16630.611329,medium,0.9044392523364486,2.9044392523364486,2,720
2.655804,72,16656.316772,medium,0.727803738317757,2.727803738317757,2,720
2.48421,57,16676.365458,medium,0.540809968847352,2.540809968847352,2,566
2.656052,59,16698.998702,medium,0.7142523364485981,2.714252336448598,2,582
2.865695,72,16724.825904,medium,0.9376947040498442,2.9376947040498442,2,720
2.819277,72,16750.360502,medium,0.8912772585669781,2.891277258566978,2,720
2.734703,52,16768.175061,medium,0.7859034267912772,2.7859034267912772,2,512
2.61515,72,16793.831417,medium,0.6871495327102803,2.68714953271028,2,720
3.9357,65,16816.114998,medium,1.0,4.0,3,643
2.751598,72,16842.445451,medium,0.8235981308411215,2.8235981308411215,2,720
3.9427,58,16863.894122,medium,1.0,4.0,3,573
2.642953,72,16888.108133,medium,0.7149532710280374,2.7149532710280373,2,720
2.704176,62,16909.059278,medium,0.7655763239875389,2.765576323987539,2,614
3.9422,58,16928.758434,medium,1.0,4.0,3,578
2.873327,72,16953.433939,medium,0.9453271028037383,2.945327102803738,2,720
1.377688,72,16979.147513,medium,0.4496884735202492,1.4496884735202493,1,720
2.645182,67,17002.715609,medium,0.7116822429906542,2.711682242990654,2,665
1.607128,72,17027.203905,medium,0.6791277258566978,1.6791277258566977,1,720
2.872782,72,17054.152606,medium,0.9447819314641744,2.9447819314641746,2,720
3.9353,65,17076.922118,medium,1.0,4.0,3,647
2.734153,72,17101.233735,medium,0.8061526479750779,2.806152647975078,2,720
2.776131,72,17126.558136,medium,0.8481308411214953,2.8481308411214954,2,720
2.74394,53,17146.380383,medium,0.7963395638629284,2.7963395638629285,2,524
0.296069,72,17172.0837,medium,0.36806853582554516,0.36806853582554516,0,720
3.9436,57,17192.141333,medium,1.0,4.0,3,564
2.865502,69,17216.544464,medium,0.9345015576323987,2.934501557632399,2,690
2.666079,69,17243.246005,medium,0.7345794392523365,2.7345794392523364,2,685
2.739682,72,17268.624802,medium,0.8116822429906542,2.811682242990654,2,720
2.712346,72,17292.717628,medium,0.7843457943925234,2.7843457943925234,2,720
2.706426,64,17314.168529,medium,0.7696261682242991,2.769626168224299,2,632
2.89786,72,17338.591585,medium,0.9698598130841122,2.969859813084112,2,720
2.654998,61,17359.903479,medium,0.7154984423676013,2.7154984423676014,2,605
2.699151,56,17378.524174,medium,0.7547507788161993,2.7547507788161996,2,556
2.768227,61,17401.729637,medium,0.8284267912772586,2.8284267912772587,2,602
2.847827,56,17421.260864,medium,0.9034267912772586,2.9034267912772584,2,556
1.441396,72,17446.605026,medium,0.5133956386292835,1.5133956386292835,1,720
2.450455,58,17466.423693,medium,0.5075545171339564,2.5075545171339564,2,571
2.66649,68,17491.037159,medium,0.734190031152648,2.734190031152648,2,677
3.9499,51,17509.386632,medium,1.0,4.0,3,501
2.460132,64,17531.597174,medium,0.5238317757009345,2.5238317757009345,2,637
3.9415,59,17551.585215,medium,1.0,4.0,3,585
2.669236,59,17572.042755,medium,0.7273364485981308,2.727336448598131,2,581
2.530724,54,17592.679207,medium,0.584423676012461,2.5844236760124613,2,537
2.506201,53,17611.30915,medium,0.5588006230529595,2.5588006230529596,2,526
2.652766,72,17636.964486,medium,0.724766355140187,2.724766355140187,2,720
2.507917,55,17655.288245,medium,0.5626168224299065,2.5626168224299066,2,547
3.965,35,17666.919382,medium,1.0,4.0,3,350
2.631301,62,17689.273981,medium,0.692601246105919,2.692601246105919,2,613
2.521302,72,17715.229733,medium,0.5933021806853582,2.5933021806853582,2,720
2.691542,65,17739.188339,medium,0.7565420560747663,2.756542056074766,2,650
2.540663,66,17765.225915,medium,0.6057632398753894,2.6057632398753894,2,651
2.78096,72,17790.842175,medium,0.8529595015576324,2.8529595015576326,2,720
3.9369,64,17812.859904,medium,1.0,4.0,3,631
2.787112,72,17838.681753,medium,0.8591121495327103,2.8591121495327103,2,720
3.943,57,17860.324351,medium,1.0,4.0,3,570
1.448874,65,17884.244686,medium,0.5134735202492212,1.5134735202492213,1,646
2.735852,62,17905.328207,medium,0.7973520249221184,2.7973520249221187,2,615
3.9416,59,17926.203754,medium,1.0,4.0,3,584
3.9572,43,17941.233911,medium,1.0,4.0,3,428
3.9437,57,17963.819126,medium,1.0,4.0,3,563
2.816022,67,17986.43894,medium,0.8830218068535826,2.8830218068535824,2,670
3.9441,56,18006.220608,medium,1.0,4.0,3,559
2.782389,68,18030.878276,medium,0.8503894080996884,2.8503894080996885,2,680
2.865695,72,18056.61977,medium,0.9376947040498442,2.9376947040498442,2,720
3.953,47,18073.768519,medium,1.0,4.0,3,470
2.563865,52,18092.175003,medium,0.6152647975077882,2.615264797507788,2,514
2.676163,63,18115.149166,medium,0.7388629283489097,2.73886292834891,2,627
2.555525,55,18136.339915,medium,0.6101246105919003,2.6101246105919005,2,546
3.9464,54,18153.924975,medium,1.0,4.0,3,536
2.704627,66,18176.867087,medium,0.7703271028037383,2.7703271028037384,2,657
2.831427,72,18202.701334,medium,0.9034267912772586,2.9034267912772584,2,720
2.679063,52,18220.5533,medium,0.7307632398753894,2.7307632398753894,2,517
2.65245,69,18244.734458,medium,0.7209501557632398,2.72095015576324,2,685
2.816306,63,18266.864177,medium,0.8792056074766356,2.8792056074766355,2,629
2.840461,72,18292.732629,medium,0.9124610591900312,2.912461059190031,2,720
2.827513,66,18318.121083,medium,0.8929127725856698,2.89291277258567,2,654
2.91585,72,18343.043405,medium,0.9878504672897196,2.9878504672897197,2,720
1.43709,56,18362.769456,medium,0.49228971962616824,1.4922897196261682,1,552
2.569745,72,18388.247422,medium,0.6417445482866043,2.641744548286604,2,720
0.428779,56,18408.36264,medium,0.48387850467289717,0.48387850467289717,0,551
3.9329,68,18432.996725,medium,1.0,4.0,3,671
3.9281,72,18458.213369,medium,1.0,4.0,3,719
2.62494,72,18484.271876,medium,0.6963395638629284,2.6963395638629284,2,714
3.9295,71,18510.665105,medium,1.0,4.0,3,705
2.726408,72,18538.093412,medium,0.7975077881619937,2.797507788161994,2,711
3.9301,70,18563.821679,medium,1.0,4.0,3,699
3.9528,48,18580.466034,medium,1.0,4.0,3,472
2.830142,60,18601.834697,medium,0.8896417445482866,2.8896417445482867,2,595
2.584078,66,18625.342455,medium,0.6500778816199377,2.6500778816199375,2,660
3.9465,54,18645.399884,medium,1.0,4.0,3,535
2.847107,58,18666.779774,medium,0.9049065420560748,2.9049065420560747,2,578
3.9518,49,18685.963312,medium,1.0,4.0,3,482
1.47691,72,18712.009039,medium,0.5489096573208723,1.5489096573208723,1,720
2.786567,72,18738.110734,medium,0.8585669781931464,2.8585669781931466,2,720
2.705289,54,18757.681311,medium,0.7584890965732087,2.758489096573209,2,532
2.485839,52,18776.292748,medium,0.5375389408099689,2.537538940809969,2,517
2.715364,58,18795.683069,medium,0.7726635514018692,2.772663551401869,2,573
2.907695,64,18817.645048,medium,0.9714953271028037,2.9714953271028035,2,638
1.537201,72,18842.442545,medium,0.6088006230529595,1.6088006230529595,1,716
3.9305,70,18868.465343,medium,1.0,4.0,3,695
2.919667,72,18894.061188,medium,0.9916666666666667,2.9916666666666667,2,720
3.9473,53,18912.688971,medium,1.0,4.0,3,527
2.83828,72,18938.964667,medium,0.9102803738317757,2.9102803738317755,2,720
2.758659,69,18963.544162,medium,0.8272585669781931,2.827258566978193,2,686
3.9528,48,18980.168186,medium,1.0,4.0,3,472
2.582907,72,19006.539345,medium,0.6549065420560748,2.6549065420560747,2,720
2.862346,72,19030.790466,medium,0.9343457943925234,2.9343457943925233,2,720
2.791165,66,19056.618085,medium,0.8571651090342679,2.857165109034268,2,660
2.798769,70,19081.73845,medium,0.8687694704049844,2.8687694704049846,2,700
2.860329,62,19105.112928,medium,0.9217289719626168,2.921728971962617,2,614
3.9359,65,19128.66483,medium,1.0,4.0,3,641
3.9532,47,19146.053164,medium,1.0,4.0,3,468
2.913125,72,19171.671671,medium,0.9851246105919003,2.9851246105919005,2,720
2.898676,67,19195.856276,medium,0.9655763239875389,2.965576323987539,2,669
2.617798,72,19221.807973,medium,0.689797507788162,2.689797507788162,2,720
1.423799,51,19242.73228,medium,0.4742990654205608,1.4742990654205608,1,505
3.9321,68,19267.845919,medium,1.0,4.0,3,679
2.673016,72,19294.126847,medium,0.7450155763239875,2.7450155763239876,2,720
3.945,55,19314.380392,medium,1.0,4.0,3,550
2.68166,72,19340.256486,medium,0.7536604361370717,2.753660436137072,2,720
3.9511,49,19357.770485,medium,1.0,4.0,3,489
2.803467,72,19382.4114,medium,0.8754672897196262,2.875467289719626,2,720
2.769121,72,19409.160815,medium,0.8411214953271028,2.8411214953271027,2,720
2.614765,60,19433.551977,medium,0.6740654205607477,2.6740654205607477,2,593
2.859916,69,19460.5611,medium,0.928816199376947,2.9288161993769473,2,689
2.586723,72,19487.302219,medium,0.6587227414330218,2.6587227414330217,2,720
2.656505,72,19513.738631,medium,0.7285046728971962,2.7285046728971962,2,720
2.786022,72,19539.828778,medium,0.8580218068535825,2.8580218068535825,2,720
1.286718,52,19559.124126,medium,0.3383177570093458,1.3383177570093459,1,516
2.815231,67,19584.418097,medium,0.8819314641744548,2.8819314641744547,2,667
0.184522,66,19608.129897,medium,0.2499221183800623,0.2499221183800623,0,654
3.9397,61,19632.450152,medium,1.0,4.0,3,603
1.403821,54,19651.919987,medium,0.4573208722741433,1.4573208722741433,1,535
2.79638,72,19678.334492,medium,0.868380062305296,2.868380062305296,2,720
2.69726,65,19702.571521,medium,0.761760124610592,2.761760124610592,2,645
2.838727,65,19724.48994,medium,0.9034267912772586,2.9034267912772584,2,647
2.836651,60,19745.973743,medium,0.8966510903426791,2.896651090342679,2,600
2.701277,57,19766.260759,medium,0.7574766355140187,2.757476635514019,2,562
2.689682,72,19793.142268,medium,0.7616822429906542,2.7616822429906542,2,720
2.818109,72,19820.9586,medium,0.8901090342679128,2.8901090342679128,2,720
3.9586,42,19836.723612,medium,1.0,4.0,3,414
2.519405,60,19856.749734,medium,0.5785046728971963,2.5785046728971963,2,591
3.9495,51,19874.37319,medium,1.0,4.0,3,505
2.608062,72,19898.459481,medium,0.6800623052959501,2.6800623052959502,2,720
2.460697,54,19917.476438,medium,0.5140965732087227,2.5140965732087226,2,534
3.9514,49,19934.714648,medium,1.0,4.0,3,486
2.744414,58,19954.398845,medium,0.8024143302180685,2.8024143302180686,2,580
2.873695,64,19976.174657,medium,0.9376947040498442,2.9376947040498442,2,640
3.9471,53,19996.722682,medium,1.0,4.0,3,529
2.694299,55,20016.593486,medium,0.7492990654205608,2.7492990654205607,2,550
2.580259,72,20042.124995,medium,0.6522585669781932,2.652258566978193,2,720
2.856894,72,20066.432378,medium,0.9288940809968848,2.928894080996885,2,720
2.617546,59,20087.191248,medium,0.6762461059190031,2.6762461059190032,2,587
3.9314,69,20111.820045,medium,1.0,4.0,3,686
3.9357,65,20135.352397,medium,1.0,4.0,3,643
2.69295,70,20161.096554,medium,0.7628504672897196,2.7628504672897196,2,699
3.9337,67,20187.825151,medium,1.0,4.0,3,663
3.9537,47,20205.361098,medium,1.0,4.0,3,463
2.581668,70,20229.617694,medium,0.6511682242990654,2.6511682242990653,2,695
2.598926,54,20248.534922,medium,0.6527258566978194,2.6527258566978196,2,538
2.597003,72,20274.247446,medium,0.6690031152647975,2.6690031152647977,2,720
2.651525,68,20298.899065,medium,0.7189252336448598,2.71892523364486,2,674
2.924121,59,20320.212465,medium,0.9823208722741433,2.982320872274143,2,582
3.9397,61,20343.227025,medium,1.0,4.0,3,603
2.674966,50,20363.092268,medium,0.724766355140187,2.724766355140187,2,498
2.514982,55,20384.027875,medium,0.5697819314641744,2.5697819314641746,2,548
3.9577,43,20400.321078,medium,1.0,4.0,3,423
3.9383,62,20422.428662,medium,1.0,4.0,3,617
2.87504,72,20450.165805,medium,0.9470404984423676,2.9470404984423677,2,720
2.721517,67,20474.610691,medium,0.7876168224299065,2.7876168224299063,2,661
2.873327,72,20500.842391,medium,0.9453271028037383,2.945327102803738,2,720
2.600786,56,20521.432255,medium,0.6563862928348909,2.656386292834891,2,556
1.450664,72,20549.078084,medium,0.5226635514018692,1.5226635514018692,1,720
2.730665,52,20568.497984,medium,0.782165109034268,2.782165109034268,2,515
2.719852,53,20587.146374,medium,0.7723520249221184,2.7723520249221183,2,525
2.692097,72,20613.170508,medium,0.7640965732087227,2.7640965732087226,2,720
2.707907,72,20638.366354,medium,0.7799065420560748,2.7799065420560747,2,720
2.643498,72,20663.650487,medium,0.7154984423676013,2.7154984423676014,2,720
2.912579,72,20689.321479,medium,0.9845794392523365,2.9845794392523364,2,720
3.9349,66,20713.225055,medium,1.0,4.0,3,651
2.585593,51,20733.607064,medium,0.6362928348909658,2.6362928348909658,2,507
2.503156,56,20753.315093,medium,0.5589563862928348,2.558956386292835,2,558
2.840103,54,20772.326514,medium,0.8940031152647975,2.8940031152647974,2,539
2.722443,68,20795.839652,medium,0.7903426791277258,2.790342679127726,2,679
2.636201,57,20815.792823,medium,0.692601246105919,2.692601246105919,2,564
2.59097,54,20834.925728,medium,0.6444704049844237,2.644470404984424,2,535
3.9395,61,20856.580716,medium,1.0,4.0,3,605
0.244036,67,20880.869087,medium,0.3104361370716511,0.3104361370716511,0,664
2.585321,72,20906.135936,medium,0.6573208722741433,2.657320872274143,2,720
2.884231,72,20932.52275,medium,0.9562305295950155,2.9562305295950155,2,720
0.361038,68,20957.296885,medium,0.4287383177570093,0.4287383177570093,0,677
2.911157,57,20978.298323,medium,0.9677570093457943,2.967757009345794,2,566
2.742885,54,20998.25172,medium,0.7968847352024923,2.796884735202492,2,540
3.9333,67,21022.353832,medium,1.0,4.0,3,667
2.78586,68,21046.07285,medium,0.8536604361370717,2.853660436137072,2,678
2.553209,54,21064.765153,medium,0.6070093457943925,2.6070093457943924,2,538
2.543031,72,21090.435076,medium,0.615031152647975,2.6150311526479753,2,720
3.9287,72,21117.082858,medium,1.0,4.0,3,713
2.732595,72,21143.272889,medium,0.804595015576324,2.804595015576324,2,720
2.819745,72,21169.182613,medium,0.8917445482866043,2.891744548286604,2,720
2.786625,58,21190.468203,medium,0.8439252336448598,2.84392523364486,2,573
3.9332,67,21214.055283,medium,1.0,4.0,3,668
3.9449,56,21234.432984,medium,1.0,4.0,3,551
2.593654,72,21260.779716,medium,0.6656542056074767,2.665654205607477,2,720
2.870601,72,21287.157811,medium,0.942601246105919,2.942601246105919,2,720
2.643109,72,21313.071988,medium,0.7151090342679127,2.715109034267913,2,720
3.928,72,21339.769165,medium,1.0,4.0,3,720
2.724422,51,21357.647687,medium,0.7749221183800623,2.7749221183800623,2,505
2.780779,54,21377.435829,medium,0.8338785046728971,2.833878504672897,2,531
2.880492,72,21402.626554,medium,0.9524922118380063,2.952492211838006,2,720
2.705181,72,21427.720396,medium,0.7771806853582555,2.7771806853582555,2,720
2.559931,72,21451.465587,medium,0.6319314641744548,2.6319314641744547,2,720
2.48386,70,21477.02678,medium,0.5529595015576324,2.5529595015576323,2,691
0.363542,68,21502.067477,medium,0.43154205607476637,0.43154205607476637,0,680
0.423702,70,21527.681148,medium,0.49330218068535825,0.49330218068535825,0,696
0.418579,66,21551.326766,medium,0.48457943925233643,0.48457943925233643,0,660
1.389838,72,21576.58187,medium,0.4618380062305296,1.4618380062305296,1,720
3.951,49,21594.993375,medium,1.0,4.0,3,490
1.427922,72,21620.53267,medium,0.4999221183800623,1.4999221183800624,1,720
2.926754,72,21646.069027,medium,0.9987538940809969,2.998753894080997,2,720
2.698048,55,21667.83589,medium,0.7526479750778816,2.7526479750778816,2,546
3.94,60,21689.665723,medium,1.0,4.0,3,600
2.690442,67,21713.204143,medium,0.7565420560747663,2.756542056074766,2,661
2.745134,72,21738.023412,medium,0.8171339563862928,2.817133956386293,2,720
2.787524,64,21761.324231,medium,0.8513239875389408,2.8513239875389407,2,638
2.745523,72,21786.983296,medium,0.8175233644859813,2.8175233644859814,2,720
3.957,43,21801.905049,medium,1.0,4.0,3,430
2.851053,72,21827.445372,medium,0.9230529595015576,2.9230529595015575,2,720
3.9462,54,21849.263413,medium,1.0,4.0,3,538
2.583997,72,21875.53408,medium,0.6559968847352025,2.6559968847352025,2,720
0.377688,72,21901.584637,medium,0.4496884735202492,0.4496884735202492,0,720
2.835632,72,21927.162356,medium,0.9076323987538941,2.9076323987538943,2,720
2.789293,72,21954.059802,medium,0.8612928348909658,2.861292834890966,2,720
3.9465,54,21972.60518,medium,1.0,4.0,3,535
2.835027,69,21998.196157,medium,0.9034267912772586,2.9034267912772584,2,684
3.9526,48,22015.210844,medium,1.0,4.0,3,474
2.51403,59,22037.263811,medium,0.572429906542056,2.572429906542056,2,584
2.670368,72,22062.942258,medium,0.7423676012461059,2.742367601246106,2,720
3.9347,66,22085.564864,medium,1.0,4.0,3,653
2.815951,56,22106.117222,medium,0.8716510903426792,2.871651090342679,2,557
3.9555,45,22122.276906,medium,1.0,4.0,3,445
3.9474,53,22140.200947,medium,1.0,4.0,3,526
2.6492,51,22157.928486,medium,0.7,2.7,2,508
2.837112,72,22181.620641,medium,0.9091121495327102,2.90911214953271,2,720
2.574567,51,22198.10257,medium,0.6254672897196262,2.625467289719626,2,509
2.69727,64,22220.88901,medium,0.7606697819314642,2.760669781931464,2,634
2.847548,72,22242.770953,medium,0.9195482866043614,2.9195482866043614,2,720
2.733685,72,22266.659671,medium,0.8056853582554517,2.8056853582554515,2,720
2.672987,51,22283.304124,medium,0.7232866043613707,2.7232866043613706,2,503
2.524573,72,22307.305018,medium,0.5965732087227414,2.5965732087227416,2,720
2.483178,59,22327.296204,medium,0.5419781931464175,2.5419781931464174,2,588
3.937,63,22350.749498,medium,1.0,4.0,3,630
2.751616,61,22375.70559,medium,0.8119158878504673,2.8119158878504673,2,603
3.953,47,22392.268839,medium,1.0,4.0,3,470
1.310019,63,22414.364972,medium,0.37281931464174456,1.3728193146417444,1,628
2.662857,63,22436.207586,medium,0.7258566978193146,2.7258566978193146,2,630
2.761762,60,22455.917976,medium,0.8212616822429907,2.821261682242991,2,595
3.9598,41,22469.030967,medium,1.0,4.0,3,402
2.833607,72,22492.431645,medium,0.905607476635514,2.905607476635514,2,720
3.948,52,22511.402874,medium,1.0,4.0,3,520
1.589083,65,22536.584014,medium,0.653582554517134,1.653582554517134,1,645
2.800051,72,22566.512976,medium,0.8716510903426792,2.871651090342679,2,716
2.662034,72,22592.877463,medium,0.7340342679127726,2.7340342679127727,2,720
2.667682,69,22616.774776,medium,0.7366822429906542,2.7366822429906543,2,690
3.9433,57,22637.527173,medium,1.0,4.0,3,567
2.927299,72,22663.260557,medium,0.9992990654205608,2.9992990654205607,2,720
3.9537,47,22679.258632,medium,1.0,4.0,3,463
0.23031,53,22698.549167,medium,0.2827102803738318,0.2827102803738318,0,524
2.906037,72,22724.451093,medium,0.97803738317757,2.97803738317757,2,720
2.790539,72,22751.88823,medium,0.8625389408099688,2.862538940809969,2,720
2.489994,72,22777.232595,medium,0.561993769470405,2.561993769470405,2,720
3.9452,55,22797.146071,medium,1.0,4.0,3,548
3.9379,63,22819.200893,medium,1.0,4.0,3,621
2.449358,53,22837.597599,medium,0.5015576323987538,2.501557632398754,2,522
2.526237,68,22862.512537,medium,0.5942367601246106,2.594236760124611,2,680
1.413308,60,22884.63992,medium,0.4725077881619938,1.4725077881619937,1,592
2.493905,60,22904.448073,medium,0.5535046728971963,2.5535046728971964,2,596
2.89895,72,22930.111097,medium,0.9709501557632398,2.97095015576324,2,720
2.805103,72,22953.4062,medium,0.8771028037383177,2.8771028037383175,2,720
2.729869,72,22976.30923,medium,0.8018691588785046,2.8018691588785045,2,720
2.907751,72,22999.832963,medium,0.9797507788161994,2.979750778816199,2,720
3.9557,45,23014.7171,medium,1.0,4.0,3,443
3.9408,60,23035.557069,medium,1.0,4.0,3,592
3.9315,69,23058.830986,medium,1.0,4.0,3,685
2.787813,72,23084.340663,medium,0.8598130841121495,2.8598130841121496,2,720
2.503853,62,23108.020816,medium,0.5649532710280374,2.5649532710280374,2,611
2.892486,72,23131.295376,medium,0.9644859813084112,2.9644859813084112,2,720
1.427009,64,23151.782692,medium,0.49010903426791275,1.4901090342679129,1,631
2.577328,61,23171.229363,medium,0.6379283489096573,2.637928348909657,2,606
2.660555,72,23195.526463,medium,0.7325545171339564,2.7325545171339565,2,720
2.789215,72,23218.771358,medium,0.861214953271028,2.861214953271028,2,720
3.9474,53,23235.663656,medium,1.0,4.0,3,526
2.838883,66,23257.863949,medium,0.9042834890965732,2.9042834890965734,2,654
2.671002,65,23282.088529,medium,0.735202492211838,2.735202492211838,2,642
2.523289,69,23303.97814,medium,0.591588785046729,2.5915887850467287,2,683
2.681271,72,23327.127241,medium,0.7532710280373832,2.7532710280373833,2,720
3.9432,57,23344.794126,medium,1.0,4.0,3,568
2.472893,56,23362.580473,medium,0.5281931464174455,2.5281931464174456,2,553
2.667179,51,23379.430823,medium,0.7176791277258567,2.717679127725857,2,505
2.610436,67,23401.048463,medium,0.6773364485981308,2.6773364485981306,2,669
2.878234,72,23425.207435,medium,0.9502336448598131,2.950233644859813,2,720
2.675216,62,23449.840609,medium,0.7369158878504672,2.736915887850467,2,617
3.9388,62,23469.67078,medium,1.0,4.0,3,612
2.560145,57,23488.680169,medium,0.6167445482866044,2.6167445482866043,2,566
3.9466,54,23506.141989,medium,1.0,4.0,3,534
2.76075,69,23528.416841,medium,0.8290498442367601,2.82904984423676,2,683
3.9417,59,23547.657743,medium,1.0,4.0,3,583
3.9477,53,23564.956188,medium,1.0,4.0,3,523
3.9472,53,23582.372427,medium,1.0,4.0,3,528
2.777299,72,23610.150388,medium,0.8492990654205608,2.8492990654205608,2,720
3.9528,48,23627.610628,medium,1.0,4.0,3,472
2.641506,63,23649.690365,medium,0.7042056074766355,2.7042056074766356,2,627
2.880414,72,23675.408031,medium,0.9524143302180685,2.9524143302180685,2,720
1.34946,54,23694.320381,medium,0.4029595015576324,1.4029595015576324,1,535
2.473746,53,23713.158073,medium,0.5262461059190031,2.526246105919003,2,525
2.805716,65,23736.578748,medium,0.8700155763239875,2.8700155763239876,2,643
3.9453,55,23756.365247,medium,1.0,4.0,3,547
0.342555,66,23779.770809,medium,0.4082554517133956,0.4082554517133956,0,657
3.9496,51,23800.124155,medium,1.0,4.0,3,504
2.893302,59,23821.514693,medium,0.9514018691588785,2.9514018691588784,2,581
3.9541,46,23838.27684,medium,1.0,4.0,3,459
1.318839,52,23857.049255,medium,0.3706386292834891,1.3706386292834891,1,518
2.524973,55,23877.233279,medium,0.5796728971962617,2.5796728971962617,2,547
3.9424,58,23898.817426,medium,1.0,4.0,3,576
2.563436,72,23924.732232,medium,0.6354361370716511,2.6354361370716513,2,720
1.315526,63,23945.864786,medium,0.37772585669781933,1.3777258566978192,1,622
2.773717,72,23970.246692,medium,0.8457165109034268,2.8457165109034266,2,720
2.725508,72,23997.96829,medium,0.7975077881619937,2.797507788161994,2,720
2.796335,55,24017.770747,medium,0.8509345794392523,2.850934579439252,2,546
1.389008,51,24036.644367,medium,0.4394080996884735,1.4394080996884735,1,504
3.9442,56,24056.498183,medium,1.0,4.0,3,558
3.9412,59,24078.149381,medium,1.0,4.0,3,588
2.816396,72,24104.543626,medium,0.8883956386292835,2.8883956386292837,2,720
0.413692,64,24127.643267,medium,0.4774922118380062,0.4774922118380062,0,638
2.894308,71,24153.585671,medium,0.9644080996884735,2.9644080996884736,2,701
3.9337,67,24179.357521,medium,1.0,4.0,3,663
3.9354,65,24202.622562,medium,1.0,4.0,3,646
2.915895,64,24224.812154,medium,0.979595015576324,2.979595015576324,2,637
2.592583,62,24247.297225,medium,0.6542834890965732,2.6542834890965734,2,617
3.9546,46,24264.292287,medium,1.0,4.0,3,454
2.803058,66,24288.083232,medium,0.8684579439252337,2.868457943925234,2,654
2.488504,65,24313.634868,medium,0.552803738317757,2.552803738317757,2,643
2.721202,64,24337.323589,medium,0.785202492211838,2.785202492211838,2,640
2.751881,60,24360.542281,medium,0.810981308411215,2.8109813084112147,2,591
3.929,71,24386.698681,medium,1.0,4.0,3,710
2.680025,72,24411.540471,medium,0.75202492211838,2.75202492211838,2,720
2.870601,72,24437.811629,medium,0.942601246105919,2.942601246105919,2,720
3.9569,44,24453.641008,medium,1.0,4.0,3,431
2.651286,56,24474.425744,medium,0.706386292834891,2.7063862928348907,2,551
2.680344,70,24499.329821,medium,0.7498442367601246,2.749844236760125,2,695
2.771692,72,24525.104928,medium,0.8436915887850467,2.8436915887850467,2,720
2.520485,52,24545.215086,medium,0.5718847352024922,2.571884735202492,2,514
3.9465,54,24564.656476,medium,1.0,4.0,3,535
2.581349,72,24590.319694,medium,0.6533489096573208,2.653348909657321,2,720
2.543905,52,24609.353048,medium,0.5954049844236761,2.595404984423676,2,515
2.581349,72,24635.985652,medium,0.6533489096573208,2.653348909657321,2,720
2.737224,65,24659.425831,medium,0.8013239875389409,2.801323987538941,2,641
2.846299,53,24678.716898,medium,0.8992990654205607,2.8992990654205606,2,530
2.781894,72,24705.107603,medium,0.8538940809968847,2.8538940809968847,2,720
2.88096,72,24732.384593,medium,0.9529595015576324,2.9529595015576326,2,720
0.417486,72,24758.134308,medium,0.4894859813084112,0.4894859813084112,0,720
2.734808,63,24781.573724,medium,0.7975077881619937,2.797507788161994,2,627
3.9385,62,24804.495106,medium,1.0,4.0,3,615
2.763514,72,24830.896035,medium,0.8355140186915888,2.8355140186915886,2,720
2.907128,72,24856.709587,medium,0.9791277258566978,2.979127725856698,2,720
2.787813,72,24882.012442,medium,0.8598130841121495,2.8598130841121496,2,720
2.845368,72,24908.479733,medium,0.917367601246106,2.917367601246106,2,720
3.9327,68,24934.97796,medium,1.0,4.0,3,673
2.762328,67,24959.796207,medium,0.8291277258566978,2.829127725856698,2,668
1.295461,51,24977.927685,medium,0.3455607476635514,1.3455607476635514,1,501
2.865695,72,25004.523044,medium,0.9376947040498442,2.9376947040498442,2,720
3.933,67,25029.156475,medium,1.0,4.0,3,670
2.455209,60,25051.059452,medium,0.5151090342679128,2.5151090342679128,2,599
3.9449,56,25072.214391,medium,1.0,4.0,3,551
3.9331,67,25096.847633,medium,1.0,4.0,3,669
2.586574,61,25121.227383,medium,0.6472741433021807,2.6472741433021807,2,607
2.865695,72,25146.400976,medium,0.9376947040498442,2.9376947040498442,2,720
2.545991,72,25172.337383,medium,0.6179906542056075,2.6179906542056077,2,720
1.503216,59,25194.354169,medium,0.5619158878504673,1.5619158878504673,1,587
3.9496,51,25212.837186,medium,1.0,4.0,3,504
2.742097,56,25233.051339,medium,0.7978971962616822,2.7978971962616823,2,558
2.730414,72,25259.184043,medium,0.8024143302180685,2.8024143302180686,2,720
2.61564,56,25278.258338,medium,0.6713395638629284,2.6713395638629285,2,557
3.9433,57,25301.389397,medium,1.0,4.0,3,567
3.934,66,25325.26154,medium,1.0,4.0,3,660
3.9555,45,25341.99475,medium,1.0,4.0,3,445
2.620601,72,25368.562213,medium,0.692601246105919,2.692601246105919,2,720
2.781193,72,25395.701205,medium,0.8531931464174455,2.8531931464174454,2,720
2.885866,72,25421.36729,medium,0.9578660436137072,2.9578660436137074,2,720
2.568928,53,25439.636755,medium,0.6210280373831776,2.6210280373831774,2,521
2.681139,65,25464.211791,medium,0.7456386292834891,2.745638629283489,2,645
3.9505,50,25484.389023,medium,1.0,4.0,3,495
2.866892,69,25510.362203,medium,0.9355919003115265,2.9355919003115263,2,687
2.734679,67,25535.010798,medium,0.800778816199377,2.8007788161993767,2,661
2.745679,72,25561.317,medium,0.8176791277258567,2.8176791277258566,2,720
1.470153,53,25580.685929,medium,0.5230529595015576,1.5230529595015576,1,529
2.68828,72,25606.545657,medium,0.7602803738317757,2.7602803738317756,2,720
0.378268,56,25626.325505,medium,0.4342679127725857,0.4342679127725857,0,560
3.9554,45,25644.242772,medium,1.0,4.0,3,446
2.583607,72,25672.022844,medium,0.655607476635514,2.655607476635514,2,720
2.611107,53,25690.900003,medium,0.6637071651090343,2.6637071651090345,2,526
1.529324,72,25716.899581,medium,0.6013239875389408,1.6013239875389407,1,720
2.726598,72,25743.066499,medium,0.7985981308411215,2.7985981308411216,2,720
3.9292,71,25768.386139,medium,1.0,4.0,3,708
1.59015,72,25794.238186,medium,0.6621495327102803,1.6621495327102802,1,720
2.782128,72,25821.134529,medium,0.8541277258566978,2.854127725856698,2,720
2.579713,72,25847.230642,medium,0.6517133956386293,2.6517133956386294,2,720
2.733446,51,25867.22635,medium,0.7843457943925234,2.7843457943925234,2,509
3.9441,56,25886.458753,medium,1.0,4.0,3,559
2.711723,72,25913.708736,medium,0.7837227414330218,2.7837227414330217,2,720
2.738759,64,25936.895255,medium,0.8022585669781932,2.8022585669781934,2,635
2.937464,61,25957.816379,medium,0.9976635514018691,2.9976635514018692,2,602
2.478397,53,25976.333106,medium,0.5309968847352025,2.5309968847352025,2,526
3.9428,58,25997.508867,medium,1.0,4.0,3,572
2.557128,72,26024.453539,medium,0.6291277258566979,2.629127725856698,2,720
3.9363,64,26048.909914,medium,1.0,4.0,3,637
3.9503,50,26067.616461,medium,1.0,4.0,3,497
1.46328,72,26094.434866,medium,0.5352803738317757,1.5352803738317757,1,720
3.9458,55,26114.872349,medium,1.0,4.0,3,542
2.878312,72,26140.62441,medium,0.9503115264797508,2.9503115264797506,2,720
2.618639,52,26159.93175,medium,0.670638629283489,2.670638629283489,2,520
2.83329,68,26185.616864,medium,0.9010903426791277,2.9010903426791277,2,678
3.9376,63,26209.486197,medium,1.0,4.0,3,624
3.9443,56,26229.866599,medium,1.0,4.0,3,557
2.588799,53,26251.724254,medium,0.6411993769470405,2.6411993769470405,2,524
1.500518,55,26271.92619,medium,0.5552180685358256,1.5552180685358254,1,547
2.703041,70,26297.354268,medium,0.7727414330218069,2.7727414330218068,2,697
2.702377,72,26324.265372,medium,0.7743769470404984,2.7743769470404986,2,720
2.755414,72,26350.270103,medium,0.8274143302180685,2.8274143302180685,2,720
2.920757,72,26377.004902,medium,0.9927570093457944,2.9927570093457945,2,720
2.739008,59,26398.967034,medium,0.7975077881619937,2.797507788161994,2,585
2.65334,69,26426.293974,medium,0.7220404984423676,2.7220404984423676,2,687
2.913202,72,26453.611777,medium,0.985202492211838,2.985202492211838,2,720
3.9329,68,26478.161814,medium,1.0,4.0,3,671
3.9286,72,26505.369281,medium,1.0,4.0,3,714
2.687122,71,26531.674856,medium,0.7580218068535826,2.7580218068535824,2,709
2.574125,70,26557.973171,medium,0.6439252336448598,2.6439252336448598,2,698
2.852688,72,26585.680203,medium,0.9246884735202492,2.9246884735202494,2,720
2.643265,56,26606.527459,medium,0.6990654205607477,2.6990654205607476,2,558
3.9418,59,26630.1556,medium,1.0,4.0,3,582
2.564602,54,26649.370809,medium,0.6183021806853582,2.618302180685358,2,537
2.466132,50,26667.220319,medium,0.5157320872274144,2.5157320872274145,2,496
2.486778,64,26690.546354,medium,0.5500778816199376,2.550077881619938,2,633
2.81035,61,26712.952277,medium,0.8709501557632399,2.8709501557632398,2,606
2.907773,55,26733.378902,medium,0.962772585669782,2.962772585669782,2,550
2.474807,72,26759.225678,medium,0.5468068535825545,2.5468068535825545,2,720
3.9503,50,26777.138494,medium,1.0,4.0,3,497
2.594121,64,26800.843022,medium,0.6573208722741433,2.657320872274143,2,632
2.787813,72,26828.203918,medium,0.8598130841121495,2.8598130841121496,2,720
2.532598,66,26853.487493,medium,0.5985981308411215,2.5985981308411215,2,660
3.9448,56,26874.217452,medium,1.0,4.0,3,552
2.819277,72,26901.151727,medium,0.8912772585669781,2.891277258566978,2,720
2.666083,72,26928.37693,medium,0.7373831775700934,2.737383177570093,2,713
2.831427,72,26955.010478,medium,0.9034267912772586,2.9034267912772584,2,720
3.9458,55,26976.056275,medium,1.0,4.0,3,542
3.9393,61,27000.135797,medium,1.0,4.0,3,607
2.590023,61,27022.68113,medium,0.6506230529595015,2.6506230529595016,2,606
1.350675,56,27043.519104,medium,0.40607476635514017,1.40607476635514,1,554
2.627052,63,27066.61502,medium,0.6892523364485982,2.689252336448598,2,622
2.817922,57,27087.696832,medium,0.8749221183800623,2.8749221183800624,2,570
3.9342,66,27111.654876,medium,1.0,4.0,3,658
2.675002,61,27133.439973,medium,0.735202492211838,2.735202492211838,2,602
3.9543,46,27150.286934,medium,1.0,4.0,3,457
2.845991,72,27176.105612,medium,0.9179906542056074,2.9179906542056075,2,720
3.9389,62,27200.926761,medium,1.0,4.0,3,611
3.9354,65,27225.282108,medium,1.0,4.0,3,646
2.729324,72,27252.040023,medium,0.8013239875389409,2.801323987538941,2,720
3.95,50,27270.436609,medium,1.0,4.0,3,500
2.777766,72,27296.644294,medium,0.849766355140187,2.849766355140187,2,720
3.9366,64,27319.84094,medium,1.0,4.0,3,634
2.873327,72,27345.428964,medium,0.9453271028037383,2.945327102803738,2,720
2.86066,68,27370.425838,medium,0.9279595015576324,2.9279595015576323,2,673
3.9406,60,27394.403833,medium,1.0,4.0,3,594
2.702767,56,27415.361526,medium,0.7585669781931464,2.7585669781931466,2,558
0.389417,57,27436.910426,medium,0.4457165109034268,0.4457165109034268,0,563
1.345679,72,27464.388342,medium,0.4176791277258567,1.4176791277258567,1,720
2.599794,55,27484.297146,medium,0.6538940809968847,2.653894080996885,2,541
2.579829,59,27505.781485,medium,0.6386292834890965,2.6386292834890965,2,588
3.9327,68,27530.164635,medium,1.0,4.0,3,673
2.586469,57,27551.417758,medium,0.6430685358255451,2.6430685358255452,2,566
2.888304,65,27577.698472,medium,0.952803738317757,2.952803738317757,2,645
2.632117,56,27598.395935,medium,0.6876168224299065,2.6876168224299066,2,555
2.719355,72,27624.726678,medium,0.7913551401869159,2.7913551401869157,2,720
2.633765,66,27651.439857,medium,0.6990654205607477,2.6990654205607476,2,653
2.922315,72,27678.31447,medium,0.9943146417445483,2.9943146417445483,2,720
3.95,50,27696.197126,medium,1.0,4.0,3,500
3.945,55,27715.616842,medium,1.0,4.0,3,550
0.433612,59,27736.720892,medium,0.49221183800623053,0.49221183800623053,0,586
2.744044,72,27763.513648,medium,0.8160436137071652,2.816043613707165,2,720
2.681248,64,27786.907834,medium,0.7445482866043613,2.7445482866043616,2,633
2.589933,60,27808.435314,medium,0.6495327102803738,2.649532710280374,2,596
3.9399,61,27831.414714,medium,1.0,4.0,3,601
2.604226,58,27853.047394,medium,0.6615264797507788,2.661526479750779,2,573
3.9444,56,27873.242367,medium,1.0,4.0,3,556
2.821489,54,27893.498034,medium,0.8753894080996885,2.8753894080996885,2,539
1.457059,54,27913.521708,medium,0.5110591900311526,1.5110591900311525,1,540
3.9449,56,27935.109831,medium,1.0,4.0,3,551
2.656738,72,27963.190599,medium,0.7287383177570094,2.7287383177570095,2,720
3.9427,58,27983.95314,medium,1.0,4.0,3,573
2.732008,66,28007.383055,medium,0.7975077881619937,2.797507788161994,2,655
2.456721,60,28029.328765,medium,0.5161214953271028,2.516121495327103,2,594
2.536569,58,28049.11178,medium,0.5937694704049844,2.5937694704049843,2,572
2.748794,72,28075.99139,medium,0.8207943925233645,2.8207943925233643,2,720
3.9311,69,28101.938831,medium,1.0,4.0,3,689
3.9386,62,28124.286101,medium,1.0,4.0,3,614
2.621391,56,28146.483471,medium,0.676791277258567,2.676791277258567,2,554
2.874427,71,28173.567329,medium,0.9453271028037383,2.945327102803738,2,709
2.640049,56,28195.362228,medium,0.6952492211838006,2.6952492211838006,2,552
1.378047,57,28216.114311,medium,0.4350467289719626,1.4350467289719626,1,570
2.80409,72,28242.728477,medium,0.8760903426791278,2.8760903426791278,2,720
3.944,56,28262.772938,medium,1.0,4.0,3,560
2.879324,72,28288.037299,medium,0.9513239875389408,2.9513239875389408,2,720
3.9487,52,28306.407246,medium,1.0,4.0,3,513
2.586183,69,28333.42057,medium,0.6542834890965732,2.6542834890965734,2,681
2.865695,72,28359.777694,medium,0.9376947040498442,2.9376947040498442,2,720
3.9334,67,28384.211729,medium,1.0,4.0,3,666
1.549495,72,28410.116746,medium,0.6214953271028038,1.6214953271028039,1,720
3.9454,55,28430.393616,medium,1.0,4.0,3,546
2.79589,72,28456.298827,medium,0.8672897196261682,2.867289719626168,2,714
2.683798,57,28477.013325,medium,0.7404984423676012,2.7404984423676013,2,567
2.702442,55,28496.881706,medium,0.7565420560747663,2.756542056074766,2,541
3.9286,72,28524.869136,medium,1.0,4.0,3,714
2.662169,65,28549.397685,medium,0.7268691588785047,2.726869158878505,2,647
2.476017,54,28568.741957,medium,0.5295171339563863,2.529517133956386,2,535
2.690539,72,28595.321636,medium,0.7625389408099689,2.7625389408099688,2,720
2.481869,54,28614.837713,medium,0.5349688473520249,2.534968847352025,2,531
2.849262,72,28640.584386,medium,0.9212616822429907,2.9212616822429904,2,720
2.602533,72,28666.736418,medium,0.6745327102803739,2.6745327102803738,2,720
2.848669,62,28689.392317,medium,0.9099688473520249,2.909968847352025,2,613
3.9453,55,28711.454463,medium,1.0,4.0,3,547
3.9389,62,28733.989727,medium,1.0,4.0,3,611
2.652828,61,28757.06848,medium,0.7129283489096573,2.7129283489096574,2,601
2.866707,72,28784.03675,medium,0.9387071651090343,2.9387071651090344,2,720
2.907673,72,28811.222436,medium,0.9796728971962617,2.9796728971962616,2,720
3.9515,49,28829.006404,medium,1.0,4.0,3,485
2.461761,51,28847.208472,medium,0.5124610591900312,2.512461059190031,2,507
3.9384,62,28869.653629,medium,1.0,4.0,3,616
2.793089,58,28890.762882,medium,0.8503894080996884,2.8503894080996885,2,573
2.512948,65,28915.389316,medium,0.5776479750778816,2.5776479750778813,2,647
3.9432,57,28936.120355,medium,1.0,4.0,3,568
2.729869,72,28962.443349,medium,0.8018691588785046,2.8018691588785045,2,720
3.9299,71,28988.768544,medium,1.0,4.0,3,701
3.9338,67,29013.108952,medium,1.0,4.0,3,662
3.9517,49,29032.015383,medium,1.0,4.0,3,483
1.411553,54,29051.501313,medium,0.4649532710280374,1.4649532710280373,1,534
2.588371,57,29072.584142,medium,0.645171339563863,2.6451713395638627,2,568
3.9509,50,29091.66699,medium,1.0,4.0,3,491
3.9367,64,29115.58751,medium,1.0,4.0,3,633
2.455162,58,29137.576235,medium,0.5131619937694704,2.5131619937694705,2,580
2.473552,57,29159.6296,medium,0.5304517133956387,2.530451713395639,2,569
3.9372,63,29183.461702,medium,1.0,4.0,3,628
2.626324,59,29205.423677,medium,0.684423676012461,2.684423676012461,2,581
2.792086,65,29229.197975,medium,0.856386292834891,2.856386292834891,2,643
3.9535,47,29246.851367,medium,1.0,4.0,3,465
2.54197,61,29268.658144,medium,0.6025700934579439,2.6025700934579437,2,606
2.881037,72,29297.657692,medium,0.9530373831775701,2.9530373831775703,2,720
2.657219,57,29319.066291,medium,0.7140186915887851,2.714018691588785,2,568
3.9448,56,29340.088337,medium,1.0,4.0,3,552
2.783046,61,29363.134692,medium,0.8431464174454829,2.843146417445483,2,601
3.9541,46,29380.790467,medium,1.0,4.0,3,459
3.9538,47,29398.041195,medium,1.0,4.0,3,462
1.407238,55,29418.561889,medium,0.4618380062305296,1.4618380062305296,1,546
2.830203,64,29441.869268,medium,0.8940031152647975,2.8940031152647974,2,638
3.9511,49,29460.640931,medium,1.0,4.0,3,489
3.9562,44,29478.599006,medium,1.0,4.0,3,438
2.865695,72,29505.151037,medium,0.9376947040498442,2.9376947040498442,2,720
1.377139,53,29524.955018,medium,0.4294392523364486,1.4294392523364485,1,523
2.585321,72,29551.644746,medium,0.6573208722741433,2.657320872274143,2,720
2.552115,51,29570.86906,medium,0.6031152647975078,2.6031152647975078,2,510
2.68386,53,29590.784742,medium,0.7367601246105919,2.736760124610592,2,529
2.439449,72,29616.430832,medium,0.5114485981308411,2.511448598130841,2,720
2.608997,72,29643.159798,medium,0.6809968847352025,2.6809968847352024,2,720
3.9367,64,29669.079161,medium,1.0,4.0,3,633
2.553973,51,29688.72358,medium,0.6046728971962617,2.6046728971962616,2,507
3.9523,48,29706.760745,medium,1.0,4.0,3,477
2.89895,72,29733.870189,medium,0.9709501557632398,2.97095015576324,2,720
3.9537,47,29752.484358,medium,1.0,4.0,3,463
2.699807,72,29778.448395,medium,0.7718068535825545,2.7718068535825546,2,720
2.714609,51,29797.911194,medium,0.7651090342679128,2.7651090342679128,2,505
3.9383,62,29821.202013,medium,1.0,4.0,3,617
2.857361,72,29848.744087,medium,0.9293613707165109,2.929361370716511,2,720
2.794099,56,29871.08518,medium,0.8492990654205608,2.8492990654205608,2,552
2.819306,60,29893.693584,medium,0.8792056074766356,2.8792056074766355,2,599
2.582094,55,29914.88638,medium,0.636993769470405,2.636993769470405,2,549
3.9402,60,29937.581256,medium,1.0,4.0,3,598
2.77686,68,29961.510272,medium,0.8448598130841122,2.844859813084112,2,680
2.756366,69,29987.549031,medium,0.8247663551401869,2.824766355140187,2,684
2.835427,68,30013.539736,medium,0.9034267912772586,2.9034267912772584,2,680
2.671837,57,30034.5831,medium,0.72803738317757,2.72803738317757,2,562
2.765305,72,30063.503617,medium,0.8373052959501558,2.8373052959501557,2,720
2.507301,52,30083.884051,medium,0.5588006230529595,2.5588006230529596,2,515
3.9488,52,30102.709031,medium,1.0,4.0,3,512
3.9441,56,30124.191752,medium,1.0,4.0,3,559
2.788689,62,30147.581804,medium,0.8503894080996884,2.8503894080996885,2,617
1.442296,55,30168.149038,medium,0.497196261682243,1.497196261682243,1,549
3.9485,52,30187.933493,medium,1.0,4.0,3,515
2.513414,56,30208.238074,medium,0.5686137071651091,2.568613707165109,2,552
2.576499,65,30232.698605,medium,0.6411993769470405,2.6411993769470405,2,647
2.539331,51,30253.720224,medium,0.5900311526479751,2.590031152647975,2,507
3.942,58,30275.4225,medium,1.0,4.0,3,580
2.57771,55,30295.41554,medium,0.6327102803738318,2.632710280373832,2,550
2.719839,51,30314.441369,medium,0.7706386292834891,2.7706386292834893,2,508
1.431589,52,30334.337121,medium,0.4834890965732087,1.4834890965732086,1,519
3.9475,53,30354.221761,medium,1.0,4.0,3,525
2.519557,57,30375.259933,medium,0.5758566978193146,2.5758566978193147,2,563
2.725508,72,30401.448433,medium,0.7975077881619937,2.797507788161994,2,720
3.9489,52,30420.618406,medium,1.0,4.0,3,511
2.829932,53,30442.631127,medium,0.8826323987538941,2.882632398753894,2,527
3.9506,50,30461.958941,medium,1.0,4.0,3,494
2.848574,66,30485.840088,medium,0.9141744548286604,2.9141744548286606,2,656
3.9527,48,30504.477998,medium,1.0,4.0,3,473
2.462751,51,30524.038755,medium,0.5135514018691589,2.513551401869159,2,508
2.719589,72,30551.017776,medium,0.791588785046729,2.791588785046729,2,720
3.9412,59,30573.543493,medium,1.0,4.0,3,588
3.9432,57,30594.471644,medium,1.0,4.0,3,568
2.842539,70,30620.199921,medium,0.9125389408099689,2.912538940809969,2,700
2.838227,66,30646.607956,medium,0.9034267912772586,2.9034267912772584,2,652
3.9539,47,30664.565715,medium,1.0,4.0,3,461
2.661178,72,30691.371136,medium,0.733177570093458,2.733177570093458,2,720
2.530669,64,30716.496251,medium,0.5937694704049844,2.5937694704049843,2,631
2.787813,72,30743.347779,medium,0.8598130841121495,2.8598130841121496,2,720
3.9517,49,30761.537522,medium,1.0,4.0,3,483
3.9306,70,30787.89932,medium,1.0,4.0,3,694
3.954,46,30805.875311,medium,1.0,4.0,3,460
2.833607,72,30833.555163,medium,0.905607476635514,2.905607476635514,2,720
3.9555,45,30850.595551,medium,1.0,4.0,3,445
3.946,54,30870.343707,medium,1.0,4.0,3,540
2.682283,72,30898.522447,medium,0.7542834890965732,2.754283489096573,2,720
2.883753,65,30922.769319,medium,0.9480529595015577,2.948052959501558,2,643
2.91764,55,30943.770899,medium,0.9720404984423676,2.9720404984423676,2,544
3.9325,68,30968.298528,medium,1.0,4.0,3,675
2.702583,52,30987.124249,medium,0.7542834890965732,2.754283489096573,2,517
3.9415,59,31009.368719,medium,1.0,4.0,3,585
2.921302,72,31038.43703,medium,0.9933021806853582,2.993302180685358,2,720
3.95,50,31057.357224,medium,1.0,4.0,3,500
3.9431,57,31077.997704,medium,1.0,4.0,3,569
3.9482,52,31097.521025,medium,1.0,4.0,3,518
2.865695,72,31125.228291,medium,0.9376947040498442,2.9376947040498442,2,720
3.9532,47,31141.77847,medium,1.0,4.0,3,468
1.391363,56,31161.643085,medium,0.4469626168224299,1.4469626168224299,1,556
2.518576,72,31188.57855,medium,0.5905763239875389,2.590576323987539,2,720
3.934,66,31215.373928,medium,1.0,4.0,3,660
3.9478,53,31234.873973,medium,1.0,4.0,3,522
2.574696,56,31255.584348,medium,0.6302959501557632,2.6302959501557632,2,556
3.9395,61,31278.651025,medium,1.0,4.0,3,605
3.956,44,31295.413917,medium,1.0,4.0,3,440
3.9394,61,31317.823336,medium,1.0,4.0,3,606
3.9489,52,31336.231867,medium,1.0,4.0,3,511
1.427347,50,31355.780157,medium,0.4769470404984424,1.4769470404984424,1,496
2.865695,72,31382.544423,medium,0.9376947040498442,2.9376947040498442,2,720
3.9329,68,31409.271776,medium,1.0,4.0,3,671
2.901131,72,31436.319891,medium,0.9731308411214953,2.9731308411214954,2,720
2.794199,72,31464.064928,medium,0.8661993769470405,2.8661993769470406,2,720
3.9524,48,31482.211392,medium,1.0,4.0,3,476
2.725508,72,31507.956393,medium,0.7975077881619937,2.797507788161994,2,720
2.537073,60,31532.025579,medium,0.5965732087227414,2.5965732087227416,2,595
2.918109,72,31559.767751,medium,0.9901090342679127,2.990109034267913,2,720
2.653883,59,31582.902092,medium,0.7123831775700935,2.7123831775700937,2,585
2.471271,57,31605.585525,medium,0.5282710280373831,2.5282710280373832,2,570
2.545619,53,31625.088778,medium,0.5978193146417445,2.5978193146417445,2,522
2.864655,52,31644.284263,medium,0.9163551401869159,2.9163551401869157,2,517
2.868421,72,31671.032633,medium,0.9404205607476636,2.9404205607476634,2,720
2.818935,66,31694.354236,medium,0.8847352024922118,2.884735202492212,2,658
3.9391,61,31716.066088,medium,1.0,4.0,3,609
3.9487,52,31736.027797,medium,1.0,4.0,3,513
2.699597,57,31757.98554,medium,0.7559968847352025,2.7559968847352025,2,564
3.9382,62,31780.630794,medium,1.0,4.0,3,618
2.675745,66,31807.482043,medium,0.7417445482866044,2.7417445482866043,2,660
2.769121,72,31833.904864,medium,0.8411214953271028,2.8411214953271027,2,720
2.803389,72,31859.7214,medium,0.8753894080996885,2.8753894080996885,2,720
2.599988,66,31883.379908,medium,0.6658878504672897,2.6658878504672896,2,659
3.9437,57,31904.327928,medium,1.0,4.0,3,563
2.467898,64,31927.604434,medium,0.5316978193146418,2.5316978193146418,2,638
3.9533,47,31945.426874,medium,1.0,4.0,3,467
2.624811,50,31964.148877,medium,0.6746105919003115,2.6746105919003114,2,498
2.714364,59,31987.932002,medium,0.7733644859813084,2.7733644859813085,2,590
2.647198,52,32007.296082,medium,0.6985981308411215,2.6985981308411215,2,514
2.765383,72,32034.491904,medium,0.8373831775700935,2.8373831775700937,2,720
2.859231,72,32062.046549,medium,0.9312305295950156,2.9312305295950156,2,720
2.817486,72,32089.774017,medium,0.8894859813084112,2.889485981308411,2,720
3.9368,64,32112.416073,medium,1.0,4.0,3,632
2.705474,59,32132.712196,medium,0.7641744548286604,2.7641744548286606,2,587
3.9453,55,32152.916178,medium,1.0,4.0,3,547
3.9468,54,32174.909569,medium,1.0,4.0,3,532
2.842975,72,32201.555584,medium,0.9148753894080996,2.9148753894081,2,719
2.791318,72,32228.541717,medium,0.8633177570093458,2.8633177570093458,2,720
2.865695,72,32255.164042,medium,0.9376947040498442,2.9376947040498442,2,720
3.9457,55,32275.151731,medium,1.0,4.0,3,543
3.9351,65,32299.229753,medium,1.0,4.0,3,649
2.48951,52,32318.57476,medium,0.540809968847352,2.540809968847352,2,513
3.94,60,32340.690618,medium,1.0,4.0,3,600
1.40445,50,32359.776464,medium,0.45404984423676015,1.4540498442367602,1,496
2.522711,52,32380.642713,medium,0.5746105919003115,2.5746105919003117,2,519
2.919183,52,32400.438844,medium,0.9704828660436137,2.970482866043614,2,513
3.9325,68,32425.607971,medium,1.0,4.0,3,675
2.846664,68,32451.330357,medium,0.9145638629283489,2.914563862928349,2,679
2.883088,67,32477.536528,medium,0.9496884735202492,2.9496884735202493,2,666
2.716538,63,32501.799752,medium,0.7787383177570093,2.7787383177570093,2,622
2.817119,64,32526.039248,medium,0.8809190031152648,2.880919003115265,2,638
2.774606,55,32545.813938,medium,0.8292056074766355,2.8292056074766356,2,546
2.662724,56,32568.43879,medium,0.7182242990654205,2.7182242990654206,2,555
1.633374,72,32595.813679,medium,0.7053738317757009,1.705373831775701,1,720
2.697237,72,32623.1879,medium,0.7692367601246106,2.7692367601246106,2,720
3.9538,47,32640.526196,medium,1.0,4.0,3,462
3.9477,53,32660.724062,medium,1.0,4.0,3,523
3.9548,46,32676.905786,medium,1.0,4.0,3,452
2.587813,72,32703.917969,medium,0.6598130841121496,2.6598130841121495,2,720
2.847081,72,32730.032551,medium,0.9190809968847352,2.9190809968847353,2,720
2.870095,68,32756.837015,medium,0.9376947040498442,2.9376947040498442,2,676
2.570101,64,32781.643457,medium,0.6338006230529595,2.6338006230529594,2,637
2.875508,72,32807.952018,medium,0.9475077881619938,2.9475077881619938,2,720
3.9566,44,32824.507898,medium,1.0,4.0,3,434
3.934,66,32849.813519,medium,1.0,4.0,3,660
2.704963,51,32868.868662,medium,0.7557632398753894,2.7557632398753893,2,508
3.9419,59,32891.205407,medium,1.0,4.0,3,581
0.189127,57,32912.761425,medium,0.24532710280373832,0.24532710280373832,0,562
3.9357,65,32937.081107,medium,1.0,4.0,3,643
3.951,49,32957.59449,medium,1.0,4.0,3,490
3.9364,64,32981.834213,medium,1.0,4.0,3,636
2.900664,72,33009.192199,medium,0.9726635514018691,2.972663551401869,2,720
2.885788,72,33035.312175,medium,0.9577881619937695,2.9577881619937694,2,720
3.9395,61,33057.739905,medium,1.0,4.0,3,605
2.800586,72,33084.047359,medium,0.8725856697819314,2.872585669781931,2,720
3.9411,59,33106.217592,medium,1.0,4.0,3,589
2.743608,54,33126.147085,medium,0.7975077881619937,2.797507788161994,2,539
2.453623,72,33155.790539,medium,0.5256230529595015,2.5256230529595016,2,720
2.765366,68,33181.355025,medium,0.8328660436137072,2.8328660436137074,2,675
2.874972,71,33208.509641,medium,0.9458722741433022,2.9458722741433023,2,709
2.91578,61,33231.347015,medium,0.9764797507788162,2.9764797507788163,2,607
3.9362,64,33254.798121,medium,1.0,4.0,3,638
2.706816,72,33281.986538,medium,0.778816199376947,2.778816199376947,2,720
2.589671,56,33302.942338,medium,0.645171339563863,2.6451713395638627,2,555
3.9346,66,33327.48319,medium,1.0,4.0,3,654
2.870601,72,33356.785552,medium,0.942601246105919,2.942601246105919,2,720
2.539028,57,33378.490491,medium,0.5960280373831776,2.5960280373831774,2,570
2.756714,71,33405.020747,medium,0.8274143302180685,2.8274143302180685,2,707
2.681897,58,33426.55509,medium,0.7390965732087228,2.7390965732087227,2,572
2.62181,69,33452.71058,medium,0.690809968847352,2.690809968847352,2,690
2.913189,71,33479.840808,medium,0.9834890965732087,2.9834890965732086,2,703
2.923483,72,33507.433686,medium,0.9954828660436137,2.9954828660436137,2,720
3.9432,57,33530.610239,medium,1.0,4.0,3,568
2.681437,63,33553.976689,medium,0.7442367601246106,2.7442367601246107,2,628
3.9324,68,33579.026116,medium,1.0,4.0,3,676
3.9549,46,33595.884424,medium,1.0,4.0,3,451
2.503776,53,33616.122838,medium,0.5567757009345794,2.5567757009345793,2,530
3.9567,44,33632.294467,medium,1.0,4.0,3,433
3.9475,53,33653.009523,medium,1.0,4.0,3,525
2.791685,56,33674.49028,medium,0.8468847352024922,2.846884735202492,2,552
2.853303,58,33696.781422,medium,0.9109034267912772,2.9109034267912772,2,576
2.86693,64,33723.344078,medium,0.9305295950155763,2.9305295950155763,2,636
2.672222,53,33743.738282,medium,0.7249221183800623,2.7249221183800625,2,527
3.9516,49,33761.237265,medium,1.0,4.0,3,484
2.6066,52,33780.986488,medium,0.6580996884735203,2.6580996884735204,2,515
2.907673,72,33808.686213,medium,0.9796728971962617,2.9796728971962616,2,720
3.9473,53,33829.440082,medium,1.0,4.0,3,527
2.740494,56,33851.330882,medium,0.7957943925233645,2.7957943925233644,2,553
3.9532,47,33869.483938,medium,1.0,4.0,3,468
3.9528,48,33886.938035,medium,1.0,4.0,3,472
3.9351,65,33912.34751,medium,1.0,4.0,3,649
2.796174,68,33938.988586,medium,0.8634735202492212,2.8634735202492214,2,673
3.9515,49,33956.935193,medium,1.0,4.0,3,485
2.850897,72,33983.836643,medium,0.9228971962616822,2.9228971962616823,2,720
2.752844,72,34010.394229,medium,0.8248442367601246,2.8248442367601245,2,720
2.733685,72,34038.101303,medium,0.8056853582554517,2.8056853582554515,2,720
2.889215,72,34066.178378,medium,0.961214953271028,2.961214953271028,2,720
3.9456,55,34087.421088,medium,1.0,4.0,3,544
3.9523,48,34105.495879,medium,1.0,4.0,3,477
2.902318,70,34133.717217,medium,0.9721183800623053,2.972118380062305,2,698
2.846671,57,34154.679419,medium,0.9032710280373831,2.9032710280373832,2,566
2.663748,72,34181.830888,medium,0.7357476635514019,2.7357476635514018,2,720
3.932,68,34207.20266,medium,1.0,4.0,3,680
2.536975,53,34226.676392,medium,0.5898753894080997,2.5898753894080997,2,529
3.9448,56,34246.817219,medium,1.0,4.0,3,552
2.741863,72,34273.093415,medium,0.8138629283489096,2.8138629283489096,2,720
3.9372,63,34295.654827,medium,1.0,4.0,3,628
2.66476,72,34324.173252,medium,0.7367601246105919,2.736760124610592,2,720
2.856816,72,34351.146195,medium,0.928816199376947,2.9288161993769473,2,720
3.9509,50,34370.169264,medium,1.0,4.0,3,491
2.619285,53,34390.295226,medium,0.6718847352024923,2.671884735202492,2,526
3.9358,65,34415.112828,medium,1.0,4.0,3,642
3.9557,45,34432.70049,medium,1.0,4.0,3,443
2.865695,72,34459.43055,medium,0.9376947040498442,2.9376947040498442,2,720
3.9463,54,34479.698228,medium,1.0,4.0,3,537
3.9543,46,34498.550756,medium,1.0,4.0,3,457
2.730951,66,34523.284792,medium,0.7966510903426791,2.796651090342679,2,657
2.769394,52,34542.634779,medium,0.8207943925233645,2.8207943925233643,2,514
3.9572,43,34558.607725,medium,1.0,4.0,3,428
2.645018,69,34584.731235,medium,0.7133177570093457,2.713317757009346,2,683
2.731349,72,34611.721142,medium,0.8033489096573209,2.8033489096573208,2,720
3.9555,45,34627.770232,medium,1.0,4.0,3,445
2.642018,72,34654.993848,medium,0.7133177570093457,2.713317757009346,2,713
3.9454,55,34675.430221,medium,1.0,4.0,3,546
2.647084,58,34698.784683,medium,0.7049844236760124,2.7049844236760126,2,579
2.786022,72,34726.445233,medium,0.8580218068535825,2.8580218068535825,2,720
3.9344,66,34752.383291,medium,1.0,4.0,3,656
2.909783,69,34777.84739,medium,0.9785825545171339,2.978582554517134,2,688
1.284348,52,34797.27808,medium,0.33574766355140184,1.3357476635514018,1,514
2.810387,63,34820.84277,medium,0.8732866043613707,2.873286604361371,2,629
3.9416,59,34842.887789,medium,1.0,4.0,3,584
3.9432,57,34864.584311,medium,1.0,4.0,3,568
2.714716,65,34891.701901,medium,0.778816199376947,2.778816199376947,2,641
2.832627,71,34918.618351,medium,0.9034267912772586,2.9034267912772584,2,708
2.735321,72,34946.973342,medium,0.8073208722741433,2.8073208722741434,2,720
1.512891,72,34973.755652,medium,0.5848909657320872,1.5848909657320873,1,720
3.9404,60,34996.531405,medium,1.0,4.0,3,596
2.831427,72,35024.258478,medium,0.9034267912772586,2.9034267912772584,2,720
3.9402,60,35047.077665,medium,1.0,4.0,3,598
2.728581,58,35069.116878,medium,0.7859813084112149,2.785981308411215,2,574
2.919667,72,35098.577548,medium,0.9916666666666667,2.9916666666666667,2,720
0.380745,53,35119.157698,medium,0.4336448598130841,0.4336448598130841,0,529
3.9428,58,35141.192915,medium,1.0,4.0,3,572
2.837424,72,35169.04639,medium,0.9094236760124611,2.909423676012461,2,720
3.9349,66,35194.141746,medium,1.0,4.0,3,651
2.628156,72,35221.524434,medium,0.7001557632398754,2.7001557632398754,2,720
2.831906,57,35243.151279,medium,0.888006230529595,2.8880062305295953,2,561
2.921779,63,35266.71839,medium,0.9845794392523365,2.9845794392523364,2,628
2.84638,72,35296.120449,medium,0.9183800623052959,2.918380062305296,2,720
2.869511,72,35322.532021,medium,0.9415109034267912,2.9415109034267912,2,720
2.761862,52,35342.888393,medium,0.8131619937694704,2.8131619937694703,2,513
2.657325,62,35366.431843,medium,0.7189252336448598,2.71892523364486,2,616
2.771847,72,35393.966243,medium,0.8438473520249221,2.8438473520249223,2,720
3.9566,44,35410.055665,medium,1.0,4.0,3,434
3.9487,52,35429.347071,medium,1.0,4.0,3,513
3.938,62,35452.72558,medium,1.0,4.0,3,620
2.805103,72,35481.146286,medium,0.8771028037383177,2.8771028037383175,2,720
3.9343,66,35505.181652,medium,1.0,4.0,3,657
2.648535,53,35526.085529,medium,0.7009345794392523,2.7009345794392523,2,524
3.9413,59,35548.061952,medium,1.0,4.0,3,587
3.945,55,35568.887681,medium,1.0,4.0,3,550
2.484153,72,35596.970846,medium,0.5561526479750779,2.556152647975078,2,720
3.9359,65,35621.410836,medium,1.0,4.0,3,641
2.846494,66,35646.694142,medium,0.911993769470405,2.911993769470405,2,655
3.9487,52,35666.069731,medium,1.0,4.0,3,513
2.752318,61,35691.088695,medium,0.8133177570093458,2.813317757009346,2,610
3.943,57,35712.74499,medium,1.0,4.0,3,570
2.666516,54,35732.713063,medium,0.7200155763239875,2.7200155763239877,2,535
3.9445,56,35754.276137,medium,1.0,4.0,3,555
2.812209,70,35781.373278,medium,0.8820093457943925,2.8820093457943923,2,698
2.849927,54,35802.181088,medium,0.9034267912772586,2.9034267912772584,2,535
3.93,70,35828.963545,medium,1.0,4.0,3,700
2.776508,63,35851.826486,medium,0.8394080996884735,2.8394080996884736,2,629
2.701442,72,35881.72794,medium,0.7734423676012461,2.773442367601246,2,720
2.524331,57,35904.766309,medium,0.5812305295950155,2.5812305295950155,2,569
3.931,69,35930.840664,medium,1.0,4.0,3,690
2.825196,72,35958.454221,medium,0.897196261682243,2.897196261682243,2,720
2.841624,68,35984.685494,medium,0.9094236760124611,2.909423676012461,2,678
2.733208,65,36008.924793,medium,0.7975077881619937,2.797507788161994,2,643
2.884776,72,36035.536592,medium,0.9567757009345794,2.956775700934579,2,720
3.9552,45,36052.488802,medium,1.0,4.0,3,448
3.9382,62,36078.12964,medium,1.0,4.0,3,618
2.837751,51,36097.654349,medium,0.8885514018691589,2.888551401869159,2,508
3.9471,53,36118.500544,medium,1.0,4.0,3,529
3.9432,57,36141.07263,medium,1.0,4.0,3,568
2.455181,72,36167.754122,medium,0.5271806853582555,2.5271806853582555,2,720
2.764838,72,36194.242421,medium,0.8368380062305296,2.8368380062305296,2,720
2.844511,72,36222.01862,medium,0.9165109034267913,2.9165109034267913,2,720
3.9516,49,36240.650457,medium,1.0,4.0,3,484
3.9564,44,36257.805365,medium,1.0,4.0,3,436
2.697782,64,36284.061896,medium,0.7616822429906542,2.7616822429906542,2,639
2.846427,57,36305.407325,medium,0.9034267912772586,2.9034267912772584,2,570
3.9407,60,36327.620649,medium,1.0,4.0,3,593
2.785367,57,36349.373949,medium,0.8416666666666667,2.841666666666667,2,563
2.734698,72,36376.370451,medium,0.8066978193146418,2.8066978193146417,2,720
3.9485,52,36395.642306,medium,1.0,4.0,3,515
2.703478,55,36416.3411,medium,0.758177570093458,2.758177570093458,2,547
0.337651,59,36438.829176,medium,0.39665109034267915,0.39665109034267915,0,590
3.9442,56,36462.077195,medium,1.0,4.0,3,558
2.539328,57,36484.387358,medium,0.5960280373831776,2.5960280373831774,2,567
2.492398,57,36505.735763,medium,0.5485981308411215,2.5485981308411216,2,562
2.679932,61,36529.02446,medium,0.7407320872274143,2.740732087227414,2,608
3.9513,49,36547.408844,medium,1.0,4.0,3,487
0.268361,53,36568.11542,medium,0.3205607476635514,0.3205607476635514,0,522
2.833568,59,36591.337697,medium,0.8923676012461059,2.892367601246106,2,588
2.831427,72,36618.599512,medium,0.9034267912772586,2.9034267912772584,2,720
2.57395,72,36645.792067,medium,0.6459501557632399,2.6459501557632397,2,720
3.9479,53,36667.257403,medium,1.0,4.0,3,521
2.71881,72,36693.006008,medium,0.790809968847352,2.790809968847352,2,720
2.6978,53,36713.212821,medium,0.75,2.75,2,522
2.921374,68,36738.348443,medium,0.9884735202492212,2.9884735202492214,2,671
2.818543,56,36759.226072,medium,0.8741433021806854,2.8741433021806855,2,556
2.885866,72,36785.541409,medium,0.9578660436137072,2.9578660436137074,2,720
2.756037,72,36811.111473,medium,0.8280373831775701,2.8280373831775703,2,720
1.397798,51,36829.497891,medium,0.4485981308411215,1.4485981308411215,1,508
2.647339,58,36852.370555,medium,0.7044392523364486,2.7044392523364484,2,571
2.562955,54,36871.655702,medium,0.6163551401869158,2.616355140186916,2,534
2.725508,72,36897.478704,medium,0.7975077881619937,2.797507788161994,2,720
2.71533,66,36921.593673,medium,0.7805295950155763,2.7805295950155764,2,652
2.885095,62,36944.034506,medium,0.9464953271028037,2.9464953271028036,2,614
3.938,62,36966.802171,medium,1.0,4.0,3,620
3.9431,57,36987.62475,medium,1.0,4.0,3,569
2.874963,72,37013.134704,medium,0.9469626168224299,2.9469626168224297,2,720
2.563826,72,37040.407347,medium,0.6358255451713396,2.6358255451713397,2,720
1.55949,58,37059.725895,medium,0.6172897196261682,1.6172897196261682,1,578
3.9465,54,37079.522986,medium,1.0,4.0,3,535
2.865505,63,37102.023311,medium,0.9285046728971963,2.9285046728971964,2,630
3.9523,48,37118.916903,medium,1.0,4.0,3,477
3.9594,41,37133.047349,medium,1.0,4.0,3,406
3.9409,60,37154.290766,medium,1.0,4.0,3,591
2.743498,72,37178.823204,medium,0.8154984423676013,2.815498442367601,2,720
3.9446,56,37197.177953,medium,1.0,4.0,3,554
2.883685,72,37223.795611,medium,0.9556853582554518,2.955685358255452,2,720
2.519582,68,37245.809858,medium,0.5866822429906542,2.586682242990654,2,671
3.9465,54,37263.638641,medium,1.0,4.0,3,535
3.9424,58,37284.451402,medium,1.0,4.0,3,576
3.9352,65,37307.633347,medium,1.0,4.0,3,648
2.72573,64,37329.910098,medium,0.7893302180685359,2.7893302180685358,2,636
2.936641,62,37351.331889,medium,0.9977414330218068,2.997741433021807,2,611
3.9526,48,37367.389124,medium,1.0,4.0,3,474
3.9317,69,37390.733468,medium,1.0,4.0,3,683
2.478675,53,37407.028007,medium,0.5310747663551402,2.53107476635514,2,524
3.9514,49,37424.269482,medium,1.0,4.0,3,486
2.823016,72,37449.424896,medium,0.8950155763239875,2.8950155763239875,2,720
2.686757,56,37468.606634,medium,0.7427570093457944,2.7427570093457945,2,560
2.759392,60,37489.139048,medium,0.8186915887850468,2.8186915887850468,2,593
2.669277,72,37512.529859,medium,0.7412772585669782,2.7412772585669782,2,720
0.42722,55,37531.125906,medium,0.48161993769470407,0.48161993769470407,0,544
3.941,59,37550.371773,medium,1.0,4.0,3,590
