#{"t_start": 1778956384.9197779, "env_id": "None"}
r,l,t,profile,damage_pct,score,stars,ticks_elapsed
0.160236,60,19.38976,hard,0.21933638443935927,0.21933638443935927,0,591
0.030024,67,41.349408,hard,0.09622425629290618,0.09622425629290618,0,662
0.229456,57,61.090133,hard,0.2861556064073226,0.2861556064073226,0,567
0.150111,60,81.813032,hard,0.21001144164759725,0.21001144164759725,0,599
0.270318,58,101.177199,hard,0.32831807780320366,0.32831807780320366,0,580
0.147102,55,119.095071,hard,0.20160183066361556,0.20160183066361556,0,545
0.047165,72,143.518286,hard,0.11916475972540046,0.11916475972540046,0,720
0.149024,60,163.383011,hard,0.20812356979405033,0.20812356979405033,0,591
0.148018,56,184.398721,hard,0.20331807780320366,0.20331807780320366,0,553
0.092086,59,203.895878,hard,0.15068649885583524,0.15068649885583524,0,586
0.069154,53,220.812576,hard,0.12185354691075514,0.12185354691075514,0,527
0.215602,61,241.156694,hard,0.27660183066361554,0.27660183066361554,0,610
0.183462,59,260.879975,hard,0.242162471395881,0.242162471395881,0,587
0.105141,56,279.300158,hard,0.1610411899313501,0.1610411899313501,0,559
0.353488,61,299.738528,hard,0.41418764302059496,0.41418764302059496,0,607
0.26045,59,320.012611,hard,0.31905034324942794,0.31905034324942794,0,586
0.120172,55,338.560204,hard,0.1751716247139588,0.1751716247139588,0,550
0.173534,57,360.298334,hard,0.23003432494279177,0.23003432494279177,0,565
0.22381,60,380.696783,hard,0.2834096109839817,0.2834096109839817,0,596
0.257303,58,400.526285,hard,0.3147025171624714,0.3147025171624714,0,574
0.136496,60,419.935833,hard,0.19639588100686498,0.19639588100686498,0,599
0.121313,53,438.39033,hard,0.17391304347826086,0.17391304347826086,0,526
0.29317,69,461.855146,hard,0.3612700228832952,0.3612700228832952,0,681
0.212293,57,480.615095,hard,0.2689931350114417,0.2689931350114417,0,567
0.256004,60,500.836185,hard,0.31590389016018305,0.31590389016018305,0,599
0.098894,59,522.229005,hard,0.15749427917620137,0.15749427917620137,0,586
0.077587,62,543.367502,hard,0.13878718535469106,0.13878718535469106,0,612
0.126479,56,562.800184,hard,0.18197940503432494,0.18197940503432494,0,555
0.142797,55,581.926129,hard,0.19759725400457667,0.19759725400457667,0,548
0.170553,64,603.660832,hard,0.2341533180778032,0.2341533180778032,0,636
0.24849,55,622.398506,hard,0.30348970251716245,0.30348970251716245,0,550
0.13229,59,641.536991,hard,0.19118993135011442,0.19118993135011442,0,589
0.234703,56,660.877261,hard,0.29010297482837527,0.29010297482837527,0,554
0.120728,55,679.857555,hard,0.1748283752860412,0.1748283752860412,0,541
0.193855,55,701.098445,hard,0.24805491990846681,0.24805491990846681,0,542
0.089065,56,720.546843,hard,0.14416475972540047,0.14416475972540047,0,551
0.19959,67,742.967504,hard,0.26618993135011443,0.26618993135011443,0,666
0.221421,72,766.697732,hard,0.29342105263157897,0.29342105263157897,0,720
0.13799,54,784.625701,hard,0.19118993135011442,0.19118993135011442,0,532
0.187161,54,802.3933,hard,0.24096109839816934,0.24096109839816934,0,538
0.188108,57,821.525934,hard,0.24490846681922196,0.24490846681922196,0,568
0.107026,66,843.48263,hard,0.17242562929061786,0.17242562929061786,0,654
0.243772,57,862.626473,hard,0.3005720823798627,0.3005720823798627,0,568
0.095986,54,882.825365,hard,0.14988558352402745,0.14988558352402745,0,539
0.303027,71,907.699959,hard,0.3736270022883295,0.3736270022883295,0,706
0.149202,53,926.104163,hard,0.20160183066361556,0.20160183066361556,0,524
0.047714,53,944.109324,hard,0.10011441647597254,0.10011441647597254,0,524
0.163024,59,962.3679,hard,0.22122425629290618,0.22122425629290618,0,582
0.283753,63,982.327961,hard,0.34645308924485124,0.34645308924485124,0,627
0.278133,63,1003.271629,hard,0.34113272311212817,0.34113272311212817,0,630
0.204981,54,1020.898543,hard,0.2585812356979405,0.2585812356979405,0,536
0.081769,54,1039.039991,hard,0.13546910755148742,0.13546910755148742,0,537
0.285681,61,1061.511613,hard,0.34588100686498857,0.34588100686498857,0,602
0.136149,57,1080.431432,hard,0.19244851258581236,0.19244851258581236,0,563
0.154095,55,1099.289008,hard,0.20829519450800915,0.20829519450800915,0,542
0.289442,72,1124.699641,hard,0.361441647597254,0.361441647597254,0,720
0.081204,72,1148.370578,hard,0.15320366132723112,0.15320366132723112,0,720
0.124547,67,1170.657605,hard,0.1912471395881007,0.1912471395881007,0,667
0.116553,68,1194.286015,hard,0.1841533180778032,0.1841533180778032,0,676
0.153613,58,1213.944387,hard,0.21121281464530892,0.21121281464530892,0,576
0.111706,57,1235.478199,hard,0.16790617848970252,0.16790617848970252,0,562
0.092817,72,1259.77636,hard,0.16481693363844394,0.16481693363844394,0,720
0.177153,57,1279.515408,hard,0.2341533180778032,0.2341533180778032,0,570
0.116721,52,1296.768338,hard,0.16842105263157894,0.16842105263157894,0,517
0.159732,56,1315.670207,hard,0.21533180778032038,0.21533180778032038,0,556
0.162332,66,1337.833641,hard,0.22803203661327232,0.22803203661327232,0,657
0.146162,58,1357.940346,hard,0.20406178489702517,0.20406178489702517,0,579
0.125179,57,1377.429799,hard,0.18157894736842106,0.18157894736842106,0,564
0.014481,57,1398.981915,hard,0.07088100686498856,0.07088100686498856,0,564
0.190771,59,1418.712152,hard,0.2497711670480549,0.2497711670480549,0,590
0.319524,64,1441.388834,hard,0.3831235697940503,0.3831235697940503,0,636
0.191315,60,1462.423248,hard,0.25051487414187645,0.25051487414187645,0,592
0.305759,59,1483.137815,hard,0.3643592677345538,0.3643592677345538,0,586
0.129085,59,1502.91047,hard,0.18718535469107553,0.18718535469107553,0,581
0.147687,54,1520.721334,hard,0.20148741418764302,0.20148741418764302,0,538
0.09299,61,1541.65856,hard,0.15348970251716249,0.15348970251716249,0,605
0.150025,72,1564.848413,hard,0.22202517162471397,0.22202517162471397,0,720
0.099488,53,1584.455139,hard,0.1522883295194508,0.1522883295194508,0,528
0.143567,65,1606.600558,hard,0.20846681922196797,0.20846681922196797,0,649
0.120273,57,1625.899088,hard,0.17637299771167048,0.17637299771167048,0,561
0.253286,60,1646.111445,hard,0.3125858123569794,0.3125858123569794,0,593
0.254789,61,1667.601908,hard,0.31498855835240275,0.31498855835240275,0,602
0.207479,62,1688.320351,hard,0.26887871853546913,0.26887871853546913,0,614
0.129781,54,1707.31457,hard,0.1831807780320366,0.1831807780320366,0,534
0.088594,56,1726.525108,hard,0.14439359267734553,0.14439359267734553,0,558
0.280949,63,1750.922131,hard,0.34324942791762014,0.34324942791762014,0,623
0.242467,54,1769.833041,hard,0.2961670480549199,0.2961670480549199,0,537
0.096822,72,1794.680364,hard,0.16882151029748282,0.16882151029748282,0,720
0.202543,60,1815.364211,hard,0.2622425629290618,0.2622425629290618,0,597
0.209488,55,1833.839844,hard,0.26418764302059494,0.26418764302059494,0,547
0.11693,60,1853.993322,hard,0.17643020594965675,0.17643020594965675,0,595
0.176531,64,1875.496523,hard,0.23993135011441646,0.23993135011441646,0,634
0.165939,56,1895.088989,hard,0.2217391304347826,0.2217391304347826,0,558
0.156159,59,1915.506441,hard,0.21435926773455377,0.21435926773455377,0,582
0.012475,53,1935.593182,hard,0.0652745995423341,0.0652745995423341,0,528
0.20917,53,1953.253045,hard,0.2612700228832952,0.2612700228832952,0,521
0.141399,58,1972.997874,hard,0.19919908466819222,0.19919908466819222,0,578
0.337958,63,1995.172267,hard,0.40045766590389015,0.40045766590389015,0,625
0.096853,62,2016.435893,hard,0.15875286041189932,0.15875286041189932,0,619
0.350688,64,2037.126318,hard,0.41418764302059496,0.41418764302059496,0,635
0.212391,55,2055.758818,hard,0.2673913043478261,0.2673913043478261,0,550
0.149918,54,2074.961035,hard,0.20331807780320366,0.20331807780320366,0,534
0.141313,58,2094.590174,hard,0.19851258581235698,0.19851258581235698,0,572
0.042028,58,2114.957878,hard,0.09982837528604119,0.09982837528604119,0,578
0.081584,55,2132.862991,hard,0.13598398169336384,0.13598398169336384,0,544
0.253126,57,2152.011241,hard,0.3101258581235698,0.3101258581235698,0,570
0.219762,72,2175.278684,hard,0.2917620137299771,0.2917620137299771,0,720
0.143344,58,2195.524301,hard,0.2007437070938215,0.2007437070938215,0,574
0.069268,54,2213.304718,hard,0.12236842105263158,0.12236842105263158,0,531
0.099049,57,2233.82312,hard,0.1555491990846682,0.1555491990846682,0,565
0.086794,58,2254.046817,hard,0.14439359267734553,0.14439359267734553,0,576
0.146046,57,2273.924287,hard,0.20274599542334096,0.20274599542334096,0,567
0.305562,62,2297.436118,hard,0.367162471395881,0.367162471395881,0,616
0.227953,56,2316.890542,hard,0.2837528604118993,0.2837528604118993,0,558
0.065081,69,2340.5796,hard,0.1335812356979405,0.1335812356979405,0,685
0.181615,57,2359.911124,hard,0.2378146453089245,0.2378146453089245,0,562
0.228629,72,2384.413142,hard,0.300629290617849,0.300629290617849,0,720
0.083071,54,2402.839832,hard,0.13707093821510297,0.13707093821510297,0,540
0.036504,55,2422.205924,hard,0.09130434782608696,0.09130434782608696,0,548
0.01109,56,2441.159009,hard,0.06659038901601831,0.06659038901601831,0,555
0.071889,69,2466.743262,hard,0.14078947368421052,0.14078947368421052,0,689
0.104171,71,2491.19293,hard,0.17437070938215102,0.17437070938215102,0,702
0.152226,71,2515.80751,hard,0.22282608695652173,0.22282608695652173,0,706
0.17804,57,2535.766354,hard,0.23483981693363845,0.23483981693363845,0,568
0.228286,72,2560.230634,hard,0.30028604118993135,0.30028604118993135,0,720
0.224167,72,2585.62073,hard,0.2961670480549199,0.2961670480549199,0,720
0.156226,55,2605.450042,hard,0.21052631578947367,0.21052631578947367,0,543
0.037803,53,2623.31421,hard,0.09050343249427918,0.09050343249427918,0,527
0.27252,58,2645.197653,hard,0.32991990846681923,0.32991990846681923,0,574
0.170563,72,2669.904186,hard,0.2425629290617849,0.2425629290617849,0,720
0.308173,56,2688.547599,hard,0.36407322654462243,0.36407322654462243,0,559
0.211736,58,2708.064811,hard,0.26933638443935926,0.26933638443935926,0,576
0.246237,61,2728.797124,hard,0.3070366132723112,0.3070366132723112,0,608
0.091997,56,2748.877239,hard,0.14759725400457666,0.14759725400457666,0,556
0.103797,57,2769.476527,hard,0.1602974828375286,0.1602974828375286,0,565
0.101098,60,2790.970372,hard,0.16109839816933638,0.16109839816933638,0,600
1.549682,72,2817.788717,hard,0.6216819221967963,1.6216819221967964,1,720
0.263617,64,2839.687275,hard,0.3275171624713959,0.3275171624713959,0,639
0.102212,59,2860.426679,hard,0.16081235697940505,0.16081235697940505,0,586
0.116908,53,2878.138554,hard,0.16990846681922198,0.16990846681922198,0,530
0.045032,58,2897.491921,hard,0.10263157894736842,0.10263157894736842,0,576
0.204782,55,2917.322234,hard,0.2589816933638444,0.2589816933638444,0,542
0.102198,59,2937.520324,hard,0.16109839816933638,0.16109839816933638,0,589
0.162121,57,2957.257357,hard,0.21842105263157896,0.21842105263157896,0,563
0.11381,58,2977.15419,hard,0.17151029748283753,0.17151029748283753,0,577
0.247108,72,3003.787722,hard,0.3191075514874142,0.3191075514874142,0,720
0.099691,55,3022.773873,hard,0.15469107551487415,0.15469107551487415,0,550
0.096082,63,3045.129134,hard,0.1589816933638444,0.1589816933638444,0,629
0.131188,59,3065.910277,hard,0.18958810068649887,0.18958810068649887,0,584
0.156947,72,3091.043334,hard,0.22894736842105262,0.22894736842105262,0,720
0.074975,54,3110.238561,hard,0.12837528604118992,0.12837528604118992,0,534
0.130185,57,3130.341284,hard,0.18718535469107553,0.18718535469107553,0,570
0.065986,72,3155.606469,hard,0.1379862700228833,0.1379862700228833,0,720
0.256402,58,3177.433546,hard,0.3139016018306636,0.3139016018306636,0,575
0.14973,64,3200.27036,hard,0.21332951945080092,0.21332951945080092,0,636
0.129682,55,3218.812773,hard,0.18438215102974828,0.18438215102974828,0,547
0.086295,72,3242.289791,hard,0.15829519450800916,0.15829519450800916,0,720
0.33824,72,3268.31523,hard,0.4102402745995423,0.4102402745995423,0,720
0.030514,57,3288.125975,hard,0.0870137299771167,0.0870137299771167,0,565
0.232962,59,3308.097277,hard,0.2913615560640732,0.2913615560640732,0,584
0.226251,57,3327.997203,hard,0.2825514874141876,0.2825514874141876,0,563
0.254397,56,3347.028434,hard,0.3094965675057208,0.3094965675057208,0,551
0.257089,58,3368.885714,hard,0.31498855835240275,0.31498855835240275,0,579
0.201799,72,3394.210012,hard,0.27379862700228835,0.27379862700228835,0,720
0.139734,53,3411.865725,hard,0.19193363844393593,0.19193363844393593,0,522
0.074281,72,3435.68713,hard,0.14628146453089244,0.14628146453089244,0,720
0.030016,60,3456.821253,hard,0.08941647597254004,0.08941647597254004,0,594
0.130967,53,3474.904361,hard,0.18386727688787186,0.18386727688787186,0,529
0.160418,56,3494.482651,hard,0.2156178489702517,0.2156178489702517,0,552
0.236827,63,3516.013433,hard,0.2990274599542334,0.2990274599542334,0,622
0.203601,60,3537.81424,hard,0.2631006864988558,0.2631006864988558,0,595
0.080952,53,3556.510751,hard,0.1333524027459954,0.1333524027459954,0,524
0.214922,54,3574.987336,hard,0.26882151029748286,0.26882151029748286,0,539
0.214396,57,3594.201493,hard,0.271395881006865,0.271395881006865,0,570
0.086064,58,3615.300522,hard,0.14336384439359268,0.14336384439359268,0,573
0.184542,53,3634.222466,hard,0.23684210526315788,0.23684210526315788,0,523
0.258186,55,3653.454452,hard,0.3125858123569794,0.3125858123569794,0,544
0.093054,67,3676.37117,hard,0.15995423340961099,0.15995423340961099,0,669
0.180136,52,3694.43758,hard,0.23163615560640732,0.23163615560640732,0,515
0.074665,57,3715.939045,hard,0.1314645308924485,0.1314645308924485,0,568
0.162494,70,3738.902882,hard,0.23249427917620138,0.23249427917620138,0,700
0.034012,52,3756.257174,hard,0.08581235697940504,0.08581235697940504,0,518
0.221535,72,3779.521917,hard,0.29353546910755146,0.29353546910755146,0,720
0.067967,54,3798.382231,hard,0.12116704805491992,0.12116704805491992,0,532
0.239724,57,3817.247453,hard,0.29622425629290616,0.29622425629290616,0,565
0.184857,53,3836.098619,hard,0.23775743707093822,0.23775743707093822,0,529
0.127889,63,3857.135115,hard,0.19078947368421054,0.19078947368421054,0,629
0.241983,56,3876.338098,hard,0.2974828375286041,0.2974828375286041,0,555
0.152312,59,3897.890118,hard,0.21081235697940504,0.21081235697940504,0,585
0.123933,55,3916.12167,hard,0.1788329519450801,0.1788329519450801,0,549
0.375193,57,3935.077204,hard,0.4316933638443936,0.4316933638443936,0,565
0.217212,56,3954.773312,hard,0.2727116704805492,0.2727116704805492,0,555
0.121148,71,3978.575012,hard,0.19204805491990848,0.19204805491990848,0,709
0.057755,66,3999.661891,hard,0.12345537757437071,0.12345537757437071,0,657
0.220993,61,4019.638915,hard,0.2816933638443936,0.2816933638443936,0,607
0.089493,67,4043.310025,hard,0.1562929061784897,0.1562929061784897,0,668
0.253899,71,4069.053324,hard,0.3241990846681922,0.3241990846681922,0,703
0.224408,58,4088.861519,hard,0.28180778032036613,0.28180778032036613,0,574
0.153673,60,4108.301905,hard,0.21367276887871853,0.21367276887871853,0,600
0.100632,53,4126.579256,hard,0.1530320366132723,0.1530320366132723,0,524
0.123162,57,4146.165359,hard,0.17946224256292906,0.17946224256292906,0,563
0.023909,60,4167.02829,hard,0.0830091533180778,0.0830091533180778,0,591
0.104262,63,4188.540025,hard,0.1663615560640732,0.1663615560640732,0,621
0.085875,55,4207.641033,hard,0.14067505720823797,0.14067505720823797,0,548
0.077453,57,4227.001714,hard,0.13375286041189932,0.13375286041189932,0,563
0.053043,60,4249.128804,hard,0.11224256292906179,0.11224256292906179,0,592
0.309104,58,4268.422502,hard,0.36630434782608695,0.36630434782608695,0,572
0.23894,59,4287.820674,hard,0.2975400457665904,0.2975400457665904,0,586
0.430274,60,4308.261542,hard,0.48947368421052634,0.48947368421052634,0,592
2.515014,72,4332.496532,hard,0.5870137299771166,2.5870137299771168,2,720
0.111322,58,4352.144529,hard,0.16922196796338673,0.16922196796338673,0,579
0.084378,59,4372.524939,hard,0.1430778032036613,0.1430778032036613,0,587
0.200224,59,4392.943315,hard,0.25852402745995423,0.25852402745995423,0,583
1.327059,63,4416.168628,hard,0.38935926773455376,1.3893592677345539,1,623
0.169543,56,4435.281964,hard,0.22494279176201373,0.22494279176201373,0,554
0.124275,55,4453.325278,hard,0.17837528604118993,0.17837528604118993,0,541
0.214451,68,4476.617253,hard,0.28215102974828377,0.28215102974828377,0,677
0.197977,57,4496.79891,hard,0.2545766590389016,0.2545766590389016,0,566
0.075347,54,4515.316475,hard,0.12854691075514874,0.12854691075514874,0,532
0.248976,56,4534.545724,hard,0.3041762013729977,0.3041762013729977,0,552
0.137252,58,4554.192215,hard,0.19525171624713958,0.19525171624713958,0,580
0.114706,54,4573.137192,hard,0.16790617848970252,0.16790617848970252,0,532
0.138136,56,4593.943614,hard,0.19393592677345536,0.19393592677345536,0,558
2.623864,70,4617.802951,hard,0.6933638443935927,2.6933638443935926,2,695
0.235659,54,4636.063124,hard,0.2893592677345538,0.2893592677345538,0,537
0.173847,55,4655.204983,hard,0.22854691075514874,0.22854691075514874,0,547
0.046949,59,4675.843348,hard,0.1051487414187643,0.1051487414187643,0,582
0.23207,67,4698.891969,hard,0.29897025171624714,0.29897025171624714,0,669
0.161924,72,4723.988281,hard,0.23392448512585812,0.23392448512585812,0,720
0.17236,68,4747.364104,hard,0.23975972540045767,0.23975972540045767,0,674
0.332403,58,4768.665062,hard,0.3901029748283753,0.3901029748283753,0,577
0.151684,72,4793.558518,hard,0.2236842105263158,0.2236842105263158,0,720
0.215815,72,4817.545429,hard,0.2878146453089245,0.2878146453089245,0,720
0.028206,53,4835.976806,hard,0.08060640732265446,0.08060640732265446,0,524
0.193374,60,4856.71632,hard,0.25257437070938216,0.25257437070938216,0,592
0.22657,72,4882.00088,hard,0.29856979405034323,0.29856979405034323,0,720
0.060845,54,4900.560754,hard,0.11464530892448513,0.11464530892448513,0,538
0.312736,69,4924.933997,hard,0.38163615560640735,0.38163615560640735,0,689
0.084973,55,4945.771722,hard,0.13907322654462242,0.13907322654462242,0,541
0.175463,68,4968.764039,hard,0.2425629290617849,0.2425629290617849,0,671
0.00947,53,4986.366642,hard,0.06167048054919908,0.06167048054919908,0,522
2.472908,72,5011.453107,hard,0.544908466819222,2.544908466819222,2,720
0.292224,54,5030.045556,hard,0.3458237986270023,0.3458237986270023,0,536
0.186446,54,5048.573184,hard,0.24044622425629292,0.24044622425629292,0,540
0.268116,59,5069.011339,hard,0.3263157894736842,0.3263157894736842,0,582
0.130081,66,5091.377486,hard,0.19588100686498855,0.19588100686498855,0,658
0.093281,53,5109.371962,hard,0.14548054919908468,0.14548054919908468,0,522
0.167824,53,5129.161139,hard,0.2208237986270023,0.2208237986270023,0,530
0.046314,53,5147.0214,hard,0.09931350114416476,0.09931350114416476,0,530
0.201896,57,5167.065599,hard,0.25869565217391305,0.25869565217391305,0,568
0.063379,69,5191.810358,hard,0.13157894736842105,0.13157894736842105,0,682
0.205257,70,5216.176489,hard,0.2750572082379863,0.2750572082379863,0,698
0.273749,70,5240.661988,hard,0.34324942791762014,0.34324942791762014,0,695
0.265364,66,5263.405816,hard,0.3306636155606407,0.3306636155606407,0,653
0.103396,56,5282.646622,hard,0.15869565217391304,0.15869565217391304,0,553
0.032709,63,5306.253084,hard,0.09530892448512586,0.09530892448512586,0,626
0.30337,58,5325.360883,hard,0.36086956521739133,0.36086956521739133,0,575
0.111037,72,5350.094862,hard,0.1824370709382151,0.1824370709382151,0,714
0.141299,71,5374.629528,hard,0.21189931350114416,0.21189931350114416,0,706
0.131391,61,5396.342913,hard,0.1919908466819222,0.1919908466819222,0,606
0.236814,64,5418.672414,hard,0.30011441647597253,0.30011441647597253,0,633
0.084495,62,5440.054643,hard,0.1459954233409611,0.1459954233409611,0,615
0.174568,72,5465.362504,hard,0.2465675057208238,0.2465675057208238,0,720
0.14782,58,5487.401801,hard,0.20532036613272311,0.20532036613272311,0,575
0.171434,59,5507.726283,hard,0.22963386727688787,0.22963386727688787,0,582
0.091879,52,5525.667974,hard,0.1438787185354691,0.1438787185354691,0,520
0.160635,58,5546.208905,hard,0.21853546910755148,0.21853546910755148,0,579
0.130167,54,5564.752194,hard,0.18346681922196797,0.18346681922196797,0,533
0.305868,67,5588.022765,hard,0.37196796338672766,0.37196796338672766,0,661
0.145384,54,5607.186318,hard,0.1986842105263158,0.1986842105263158,0,533
0.114782,70,5631.51819,hard,0.1839816933638444,0.1839816933638444,0,692
0.286638,72,5658.114841,hard,0.35863844393592675,0.35863844393592675,0,720
0.045627,53,5675.877033,hard,0.09822654462242562,0.09822654462242562,0,526
0.095001,57,5695.617941,hard,0.15120137299771166,0.15120137299771166,0,562
0.242645,72,5720.103357,hard,0.3146453089244851,0.3146453089244851,0,720
0.171764,72,5745.693372,hard,0.24376430205949656,0.24376430205949656,0,720
0.137661,54,5765.082387,hard,0.19096109839816933,0.19096109839816933,0,533
0.179373,72,5790.070632,hard,0.2513729977116705,0.2513729977116705,0,720
0.138239,59,5809.856918,hard,0.19633867276887873,0.19633867276887873,0,581
0.166739,55,5828.417918,hard,0.2217391304347826,0.2217391304347826,0,550
0.142498,56,5848.767549,hard,0.19839816933638443,0.19839816933638443,0,559
0.262494,58,5869.334812,hard,0.3197940503432494,0.3197940503432494,0,573
0.161965,58,5889.695281,hard,0.21916475972540045,0.21916475972540045,0,572
0.213054,59,5910.293123,hard,0.27185354691075514,0.27185354691075514,0,588
0.163622,56,5930.570267,hard,0.21922196796338672,0.21922196796338672,0,556
0.207203,58,5949.492201,hard,0.2647025171624714,0.2647025171624714,0,575
0.078396,68,5972.350273,hard,0.146395881006865,0.146395881006865,0,680
0.144998,54,5990.701562,hard,0.19839816933638443,0.19839816933638443,0,534
0.066174,61,6013.923805,hard,0.12717391304347825,0.12717391304347825,0,610
0.130944,58,6032.090817,hard,0.18884439359267735,0.18884439359267735,0,579
0.17984,55,6050.010212,hard,0.23483981693363845,0.23483981693363845,0,550
0.163538,57,6070.089987,hard,0.22053775743707094,0.22053775743707094,0,570
0.12791,56,6089.606852,hard,0.1834096109839817,0.1834096109839817,0,555
0.2152,60,6110.80437,hard,0.275,0.275,0,598
0.146903,56,6129.694618,hard,0.20240274599542335,0.20240274599542335,0,555
0.073778,57,6147.75083,hard,0.13037757437070938,0.13037757437070938,0,566
0.201879,55,6166.161932,hard,0.2565789473684211,0.2565789473684211,0,547
0.22311,61,6188.403794,hard,0.28381006864988556,0.28381006864988556,0,607
0.288698,72,6212.763289,hard,0.3606979405034325,0.3606979405034325,0,720
0.195778,61,6232.429851,hard,0.25617848970251716,0.25617848970251716,0,604
0.111451,58,6252.422436,hard,0.1694508009153318,0.1694508009153318,0,580
0.142106,64,6274.323553,hard,0.20520594965675057,0.20520594965675057,0,631
0.225694,57,6293.261924,hard,0.2820938215102975,0.2820938215102975,0,564
0.226207,56,6312.108183,hard,0.2814073226544622,0.2814073226544622,0,552
0.063381,71,6337.195177,hard,0.1335812356979405,0.1335812356979405,0,702
0.184063,59,6357.58604,hard,0.24296338672768877,0.24296338672768877,0,589
0.186352,59,6379.083189,hard,0.2452517162471396,0.2452517162471396,0,589
0.18885,55,6396.97654,hard,0.24364988558352402,0.24364988558352402,0,548
0.161633,55,6415.803147,hard,0.21613272311212814,0.21613272311212814,0,545
0.070656,54,6434.597459,hard,0.1238558352402746,0.1238558352402746,0,532
0.279229,59,6455.562134,hard,0.337929061784897,0.337929061784897,0,587
0.21275,56,6475.804099,hard,0.26864988558352404,0.26864988558352404,0,559
0.173647,55,6495.152388,hard,0.22854691075514874,0.22854691075514874,0,549
0.082685,55,6514.306017,hard,0.13678489702517163,0.13678489702517163,0,541
0.15253,62,6535.154797,hard,0.2137299771167048,0.2137299771167048,0,612
0.152371,72,6561.304424,hard,0.22437070938215103,0.22437070938215103,0,720
0.160376,57,6580.766828,hard,0.21647597254004577,0.21647597254004577,0,561
0.259214,66,6603.962564,hard,0.32471395881006865,0.32471395881006865,0,655
0.244213,55,6622.447921,hard,0.29891304347826086,0.29891304347826086,0,547
0.188797,72,6646.143447,hard,0.2602974828375286,0.2602974828375286,0,715
0.140598,58,6665.736457,hard,0.19839816933638443,0.19839816933638443,0,578
0.242333,62,6686.685693,hard,0.3038329519450801,0.3038329519450801,0,615
0.217416,72,6710.954646,hard,0.28941647597254005,0.28941647597254005,0,720
0.197259,55,6731.157695,hard,0.2520594965675057,0.2520594965675057,0,548
0.245888,56,6750.058666,hard,0.30188787185354693,0.30188787185354693,0,560
0.183664,72,6774.119558,hard,0.2556636155606407,0.2556636155606407,0,720
0.129294,66,6796.26698,hard,0.19479405034324943,0.19479405034324943,0,655
0.150305,54,6813.174159,hard,0.2040045766590389,0.2040045766590389,0,537
0.208775,57,6831.099499,hard,0.2652745995423341,0.2652745995423341,0,565
0.287541,62,6851.912099,hard,0.34874141876430204,0.34874141876430204,0,612
0.117869,56,6870.702372,hard,0.17316933638443935,0.17316933638443935,0,553
0.262311,60,6892.427279,hard,0.3223112128146453,0.3223112128146453,0,600
0.139192,54,6911.190272,hard,0.19319221967963388,0.19319221967963388,0,540
0.056047,60,6932.317838,hard,0.1158466819221968,0.1158466819221968,0,598
0.237039,72,6957.516193,hard,0.3090389016018307,0.3090389016018307,0,720
2.459902,55,6976.497023,hard,0.5143020594965675,2.5143020594965675,2,544
0.136415,65,6999.113101,hard,0.20091533180778032,0.20091533180778032,0,645
0.095609,62,7020.041121,hard,0.15760869565217392,0.15760869565217392,0,620
0.143543,57,7038.952438,hard,0.19994279176201374,0.19994279176201374,0,564
0.210205,69,7061.941813,hard,0.2790045766590389,0.2790045766590389,0,688
0.190052,56,7081.373882,hard,0.24565217391304348,0.24565217391304348,0,556
0.195073,57,7100.938669,hard,0.2517734553775744,0.2517734553775744,0,567
0.131547,72,7125.013321,hard,0.20354691075514875,0.20354691075514875,0,720
0.117027,57,7144.435601,hard,0.17322654462242562,0.17322654462242562,0,562
0.138136,57,7163.381187,hard,0.19433638443935927,0.19433638443935927,0,562
0.138056,62,7184.877923,hard,0.1992562929061785,0.1992562929061785,0,612
0.265096,57,7204.246983,hard,0.321395881006865,0.321395881006865,0,563
0.062346,53,7222.366231,hard,0.11504576659038901,0.11504576659038901,0,527
0.101116,63,7245.538292,hard,0.16361556064073227,0.16361556064073227,0,625
0.200519,54,7264.768042,hard,0.25371853546910755,0.25371853546910755,0,532
0.035917,54,7283.64003,hard,0.08981693363844394,0.08981693363844394,0,539
0.317645,72,7309.411996,hard,0.3896453089244851,0.3896453089244851,0,720
0.184677,70,7333.089557,hard,0.2545766590389016,0.2545766590389016,0,699
0.153429,60,7354.280032,hard,0.21252860411899313,0.21252860411899313,0,591
0.168237,65,7376.381308,hard,0.2324370709382151,0.2324370709382151,0,642
0.244836,62,7398.009515,hard,0.30663615560640733,0.30663615560640733,0,618
0.160895,72,7424.799595,hard,0.23289473684210527,0.23289473684210527,0,720
0.146888,55,7444.635337,hard,0.20188787185354692,0.20188787185354692,0,550
0.070558,56,7464.99765,hard,0.12585812356979406,0.12585812356979406,0,553
0.170546,58,7485.888197,hard,0.22814645308924486,0.22814645308924486,0,576
0.241043,72,7511.551507,hard,0.3130434782608696,0.3130434782608696,0,720
0.165323,55,7531.193751,hard,0.2200228832951945,0.2200228832951945,0,547
0.191483,69,7554.796593,hard,0.2597826086956522,0.2597826086956522,0,683
0.192655,56,7573.657501,hard,0.24805491990846681,0.24805491990846681,0,554
0.383368,64,7596.589534,hard,0.4469679633867277,0.4469679633867277,0,636
0.17285,59,7618.617414,hard,0.23135011441647596,0.23135011441647596,0,585
0.162142,63,7641.325819,hard,0.22454233409610985,0.22454233409610985,0,624
0.275504,54,7659.924796,hard,0.328604118993135,0.328604118993135,0,531
0.384041,64,7682.98054,hard,0.44794050343249425,0.44794050343249425,0,639
0.131719,72,7707.601262,hard,0.20371853546910756,0.20371853546910756,0,720
0.270321,61,7729.433222,hard,0.330720823798627,0.330720823798627,0,604
0.13086,72,7753.506603,hard,0.2028604118993135,0.2028604118993135,0,720
0.126643,62,7774.749523,hard,0.18804347826086956,0.18804347826086956,0,614
0.026609,56,7796.517546,hard,0.08260869565217391,0.08260869565217391,0,560
0.161809,59,7817.6534,hard,0.22070938215102975,0.22070938215102975,0,589
0.157037,63,7840.929801,hard,0.21973684210526315,0.21973684210526315,0,627
0.057045,58,7861.302379,hard,0.11464530892448513,0.11464530892448513,0,576
0.205633,61,7882.531998,hard,0.26613272311212816,0.26613272311212816,0,605
0.229888,72,7907.935481,hard,0.30188787185354693,0.30188787185354693,0,720
0.247893,59,7927.765369,hard,0.3066933638443936,0.3066933638443936,0,588
0.157433,60,7948.994416,hard,0.21653318077803205,0.21653318077803205,0,591
0.333346,58,7970.95864,hard,0.3904462242562929,0.3904462242562929,0,571
0.259148,58,7990.601561,hard,0.3166475972540046,0.3166475972540046,0,575
0.185161,56,8009.632376,hard,0.24056064073226543,0.24056064073226543,0,554
0.137292,56,8028.852177,hard,0.19279176201372997,0.19279176201372997,0,555
0.054029,59,8048.763612,hard,0.11252860411899314,0.11252860411899314,0,585
0.189467,57,8068.892188,hard,0.2461670480549199,0.2461670480549199,0,567
0.139292,54,8088.092199,hard,0.19279176201372997,0.19279176201372997,0,535
0.167441,56,8107.15649,hard,0.22334096109839818,0.22334096109839818,0,559
0.151512,59,8127.943883,hard,0.21041189931350116,0.21041189931350116,0,589
0.15382,64,8152.022013,hard,0.21762013729977117,0.21762013729977117,0,638
0.185974,67,8175.493432,hard,0.25217391304347825,0.25217391304347825,0,662
0.151433,65,8198.936717,hard,0.21613272311212814,0.21613272311212814,0,647
0.073876,56,8217.970153,hard,0.1291762013729977,0.1291762013729977,0,553
0.185147,57,8237.744192,hard,0.24124713958810068,0.24124713958810068,0,561
0.204556,70,8261.996136,hard,0.2742562929061785,0.2742562929061785,0,697
0.101392,54,8280.110993,hard,0.15509153318077804,0.15509153318077804,0,537
0.208188,56,8299.775307,hard,0.26418764302059494,0.26418764302059494,0,560
0.299292,56,8319.66042,hard,0.355091533180778,0.355091533180778,0,558
0.179639,55,8340.806204,hard,0.23443935926773454,0.23443935926773454,0,548
0.11919,72,8366.384019,hard,0.19118993135011442,0.19118993135011442,0,720
0.109178,72,8391.95071,hard,0.18117848970251715,0.18117848970251715,0,720
0.063584,72,8417.636265,hard,0.13558352402745996,0.13558352402745996,0,720
1.369419,72,8442.273189,hard,0.4414187643020595,1.4414187643020595,1,720
0.213061,53,8460.457407,hard,0.26596109839816934,0.26596109839816934,0,529
0.287625,59,8480.969435,hard,0.34662471395881006,0.34662471395881006,0,590
0.226823,69,8506.453683,hard,0.2950228832951945,0.2950228832951945,0,682
0.14907,63,8527.743623,hard,0.2112700228832952,0.2112700228832952,0,622
0.305001,59,8548.171059,hard,0.36310068649885585,0.36310068649885585,0,581
0.174953,59,8568.471213,hard,0.23375286041189933,0.23375286041189933,0,588
0.115808,54,8586.810037,hard,0.16950800915331807,0.16950800915331807,0,537
0.164495,57,8606.948859,hard,0.2205949656750572,0.2205949656750572,0,561
0.147279,72,8631.596171,hard,0.219279176201373,0.219279176201373,0,720
0.08327,53,8649.796849,hard,0.1362700228832952,0.1362700228832952,0,530
0.212554,72,8674.970812,hard,0.2845537757437071,0.2845537757437071,0,720
0.227508,55,8696.251398,hard,0.28220823798627004,0.28220823798627004,0,547
0.052943,72,8722.509037,hard,0.12494279176201373,0.12494279176201373,0,720
0.101406,54,8742.084925,hard,0.15520594965675058,0.15520594965675058,0,538
0.020703,57,8761.719291,hard,0.07740274599542334,0.07740274599542334,0,567
0.121932,69,8785.887319,hard,0.19073226544622426,0.19073226544622426,0,688
0.109416,55,8804.66308,hard,0.16361556064073227,0.16361556064073227,0,542
0.166752,67,8827.338169,hard,0.23295194508009154,0.23295194508009154,0,662
0.15882,59,8847.742461,hard,0.21721967963386726,0.21721967963386726,0,584
0.352376,65,8873.0027,hard,0.41647597254004576,0.41647597254004576,0,641
0.1455,55,8891.57534,hard,0.2004004576659039,0.2004004576659039,0,549
0.213412,72,8917.463501,hard,0.28541189931350114,0.28541189931350114,0,720
0.219015,57,8937.230219,hard,0.2755148741418764,0.2755148741418764,0,565
0.107184,55,8956.413822,hard,0.16138443935926775,0.16138443935926775,0,542
0.141751,54,8974.090969,hard,0.1948512585812357,0.1948512585812357,0,531
0.112705,54,8992.931893,hard,0.16670480549199085,0.16670480549199085,0,540
0.264724,70,9016.034492,hard,0.33392448512585815,0.33392448512585815,0,692
0.058443,55,9034.755534,hard,0.11304347826086956,0.11304347826086956,0,546
0.108998,53,9055.193406,hard,0.16109839816933638,0.16109839816933638,0,521
0.106822,62,9076.841424,hard,0.16882151029748282,0.16882151029748282,0,620
0.098519,56,9096.187573,hard,0.15411899313501143,0.15411899313501143,0,556
-0.001809,69,9119.565001,hard,0.06699084668192219,0.06699084668192219,0,688
0.1779,60,9139.515355,hard,0.23770022883295194,0.23770022883295194,0,598
0.269759,58,9159.928595,hard,0.3270594965675057,0.3270594965675057,0,573
0.117818,61,9182.00476,hard,0.17791762013729978,0.17791762013729978,0,601
0.210699,64,9204.820416,hard,0.2741990846681922,0.2741990846681922,0,635
0.126513,72,9232.629965,hard,0.19851258581235698,0.19851258581235698,0,720
0.058147,59,9253.058689,hard,0.11624713958810069,0.11624713958810069,0,581
0.125876,54,9272.011183,hard,0.17917620137299772,0.17917620137299772,0,533
0.127564,54,9291.339712,hard,0.18106407322654464,0.18106407322654464,0,535
0.052719,52,9308.437451,hard,0.10451945080091533,0.10451945080091533,0,518
0.171428,53,9326.266175,hard,0.2244279176201373,0.2244279176201373,0,530
0.255892,62,9347.753885,hard,0.31779176201373,0.31779176201373,0,619
0.100311,72,9372.556182,hard,0.17231121281464531,0.17231121281464531,0,720
0.122187,67,9395.368764,hard,0.18878718535469108,0.18878718535469108,0,666
0.331547,72,9422.275082,hard,0.40354691075514876,0.40354691075514876,0,720
0.125577,55,9441.522085,hard,0.17997711670480548,0.17997711670480548,0,544
0.23408,61,9462.248371,hard,0.2946796338672769,0.2946796338672769,0,606
0.156446,72,9487.090014,hard,0.22774599542334095,0.22774599542334095,0,713
0.263313,61,9508.006235,hard,0.3239130434782609,0.3239130434782609,0,606
0.188952,57,9528.203681,hard,0.2452517162471396,0.2452517162471396,0,563
0.244334,61,9549.65294,hard,0.30503432494279176,0.30503432494279176,0,607
0.216199,58,9569.329236,hard,0.27379862700228835,0.27379862700228835,0,576
0.126035,55,9590.660443,hard,0.18043478260869567,0.18043478260869567,0,544
0.151805,53,9609.131656,hard,0.2048054919908467,0.2048054919908467,0,530
0.023689,55,9628.343464,hard,0.07808924485125858,0.07808924485125858,0,544
0.096434,59,9648.863634,hard,0.15503432494279176,0.15503432494279176,0,586
0.198966,59,9669.479334,hard,0.2576659038901602,0.2576659038901602,0,587
0.223048,57,9689.510634,hard,0.2793478260869565,0.2793478260869565,0,563
0.18332,72,9715.102869,hard,0.25532036613272313,0.25532036613272313,0,720
0.153751,54,9733.407585,hard,0.20715102974828375,0.20715102974828375,0,534
0.260494,72,9756.706445,hard,0.3324942791762014,0.3324942791762014,0,720
0.110101,53,9776.765332,hard,0.16310068649885584,0.16310068649885584,0,530
0.170563,72,9800.669371,hard,0.2425629290617849,0.2425629290617849,0,720
0.07727,59,9820.232988,hard,0.1358695652173913,0.1358695652173913,0,586
0.180453,54,9838.377253,hard,0.2341533180778032,0.2341533180778032,0,537
0.41252,55,9857.457858,hard,0.4672196796338673,0.4672196796338673,0,547
0.243209,53,9875.856048,hard,0.29530892448512586,0.29530892448512586,0,521
0.097405,57,9894.608339,hard,0.1544050343249428,0.1544050343249428,0,570
0.168148,62,9915.346454,hard,0.22934782608695653,0.22934782608695653,0,612
0.105501,58,9937.118046,hard,0.16350114416475972,0.16350114416475972,0,580
0.180647,61,9957.154961,hard,0.2408466819221968,0.2408466819221968,0,602
0.243577,62,9978.541336,hard,0.3049771167048055,0.3049771167048055,0,614
0.185162,57,9998.503763,hard,0.2417620137299771,0.2417620137299771,0,566
0.133886,55,10017.074011,hard,0.1879862700228833,0.1879862700228833,0,541
0.183757,54,10036.20459,hard,0.23775743707093822,0.23775743707093822,0,540
0.276792,54,10054.989348,hard,0.33009153318077805,0.33009153318077805,0,533
0.053051,55,10074.568276,hard,0.10755148741418764,0.10755148741418764,0,545
0.153728,59,10095.345383,hard,0.21212814645308925,0.21212814645308925,0,584
0.248223,60,10117.908591,hard,0.30772311212814646,0.30772311212814646,0,595
0.082153,52,10136.501934,hard,0.13375286041189932,0.13375286041189932,0,516
0.227256,72,10161.770856,hard,0.2992562929061785,0.2992562929061785,0,720
0.271334,71,10185.806776,hard,0.34193363844393593,0.34193363844393593,0,706
0.069654,53,10204.019536,hard,0.12225400457665904,0.12225400457665904,0,526
0.089966,55,10222.90346,hard,0.14496567505720823,0.14496567505720823,0,550
0.149905,55,10242.255415,hard,0.2040045766590389,0.2040045766590389,0,541
0.339898,59,10262.997718,hard,0.39799771167048054,0.39799771167048054,0,581
0.200497,59,10284.099963,hard,0.2594965675057208,0.2594965675057208,0,590
0.069457,56,10305.738579,hard,0.12505720823798627,0.12505720823798627,0,556
0.212197,60,10326.503292,hard,0.2721967963386728,0.2721967963386728,0,600
0.15281,56,10346.071164,hard,0.2084096109839817,0.2084096109839817,0,556
0.273628,64,10367.477811,hard,0.33712814645308925,0.33712814645308925,0,635
0.273134,70,10391.865358,hard,0.34233409610983984,0.34233409610983984,0,692
0.156715,57,10412.632497,hard,0.21321510297482837,0.21321510297482837,0,565
0.132588,57,10432.960708,hard,0.18958810068649887,0.18958810068649887,0,570
0.157914,55,10452.554567,hard,0.21241418764302059,0.21241418764302059,0,545
0.132086,56,10472.004449,hard,0.1875858123569794,0.1875858123569794,0,555
0.052436,55,10491.587452,hard,0.10663615560640732,0.10663615560640732,0,542
0.129045,61,10511.905869,hard,0.1896453089244851,0.1896453089244851,0,606
0.137496,59,10531.50649,hard,0.19639588100686498,0.19639588100686498,0,589
0.283926,64,10553.975004,hard,0.3474256292906179,0.3474256292906179,0,635
0.114747,52,10572.106272,hard,0.1662471395881007,0.1662471395881007,0,515
0.166543,59,10593.178444,hard,0.2253432494279176,0.2253432494279176,0,588
0.167823,53,10612.425412,hard,0.2204233409610984,0.2204233409610984,0,526
0.104339,55,10631.681729,hard,0.15903890160183065,0.15903890160183065,0,547
0.110015,54,10650.44654,hard,0.16321510297482839,0.16321510297482839,0,532
-0.006446,54,10670.890994,hard,0.04685354691075515,0.04685354691075515,0,533
0.099897,61,10692.670002,hard,0.1602974828375286,0.1602974828375286,0,604
1.41557,59,10712.631712,hard,0.4739702517162471,1.4739702517162472,1,584
0.207384,54,10732.250634,hard,0.26098398169336384,0.26098398169336384,0,536
0.281353,66,10755.196026,hard,0.34645308924485124,0.34645308924485124,0,651
0.207084,55,10774.691194,hard,0.26138443935926775,0.26138443935926775,0,543
0.140701,61,10795.801615,hard,0.20080091533180777,0.20080091533180777,0,601
0.200177,55,10814.620732,hard,0.2549771167048055,0.2549771167048055,0,548
0.155346,72,10841.182544,hard,0.22734553775743707,0.22734553775743707,0,720
0.43206,58,10860.685203,hard,0.48975972540045765,0.48975972540045765,0,577
0.111334,56,10878.641302,hard,0.16733409610983982,0.16733409610983982,0,560
0.095227,66,10901.367816,hard,0.16092677345537756,0.16092677345537756,0,657
0.228571,72,10926.001555,hard,0.2997711670480549,0.2997711670480549,0,712
0.124873,52,10943.429194,hard,0.17677345537757438,0.17677345537757438,0,519
0.303274,62,10964.658101,hard,0.36447368421052634,0.36447368421052634,0,612
0.317188,72,10989.636781,hard,0.38918764302059494,0.38918764302059494,0,720
0.162234,56,11011.513509,hard,0.2173340961098398,0.2173340961098398,0,551
0.131387,58,11031.609304,hard,0.18878718535469108,0.18878718535469108,0,574
0.152105,53,11049.81792,hard,0.20440503432494278,0.20440503432494278,0,523
2.4653,72,11075.55408,hard,0.5372997711670481,2.537299771167048,2,720
0.13725,57,11095.54778,hard,0.1940503432494279,0.1940503432494279,0,568
0.079979,52,11114.056507,hard,0.13197940503432495,0.13197940503432495,0,520
0.151011,59,11135.765285,hard,0.20921052631578949,0.20921052631578949,0,582
0.256996,65,11158.825489,hard,0.32179633867276886,0.32179633867276886,0,648
0.176455,72,11184.431551,hard,0.24845537757437072,0.24845537757437072,0,720
0.149503,54,11205.306963,hard,0.20280320366132723,0.20280320366132723,0,533
0.255984,55,11223.469655,hard,0.31058352402746,0.31058352402746,0,546
0.130024,54,11241.76052,hard,0.18352402745995422,0.18352402745995422,0,535
0.132544,56,11261.603023,hard,0.18844393592677344,0.18844393592677344,0,559
0.144502,58,11282.344387,hard,0.20160183066361556,0.20160183066361556,0,571
0.221331,56,11302.871541,hard,0.27683066361556063,0.27683066361556063,0,555
0.351729,61,11323.205959,hard,0.4125286041189931,0.4125286041189931,0,608
0.081788,58,11342.709412,hard,0.13918764302059497,0.13918764302059497,0,574
0.036803,54,11360.876839,hard,0.09010297482837529,0.09010297482837529,0,533
0.187869,60,11381.897197,hard,0.24776887871853548,0.24776887871853548,0,599
0.145516,57,11400.847392,hard,0.2017162471395881,0.2017162471395881,0,562
0.142416,72,11427.26146,hard,0.21441647597254004,0.21441647597254004,0,720
0.162103,53,11445.83621,hard,0.2151029748283753,0.2151029748283753,0,530
0.246135,72,11471.055008,hard,0.3181350114416476,0.3181350114416476,0,720
0.345363,60,11492.10474,hard,0.404862700228833,0.404862700228833,0,595
0.106316,59,11512.863005,hard,0.16441647597254005,0.16441647597254005,0,581
0.181207,63,11534.640118,hard,0.2433066361556064,0.2433066361556064,0,621
0.129854,55,11555.410884,hard,0.1845537757437071,0.1845537757437071,0,547
0.104316,72,11579.792251,hard,0.1763157894736842,0.1763157894736842,0,720
0.225965,56,11599.567679,hard,0.2818649885583524,0.2818649885583524,0,559
0.154623,66,11622.666741,hard,0.2204233409610984,0.2204233409610984,0,658
0.219941,54,11641.593862,hard,0.2737414187643021,0.2737414187643021,0,538
0.193955,55,11660.539341,hard,0.24805491990846681,0.24805491990846681,0,541
0.202082,58,11680.1713,hard,0.25938215102974826,0.25938215102974826,0,573
0.136922,70,11703.857032,hard,0.20692219679633866,0.20692219679633866,0,700
0.29495,62,11725.184854,hard,0.35635011441647596,0.35635011441647596,0,614
0.175752,58,11745.670398,hard,0.23335240274599542,0.23335240274599542,0,576
0.360792,57,11765.733303,hard,0.41779176201373,0.41779176201373,0,570
0.078268,56,11785.645558,hard,0.13426773455377575,0.13426773455377575,0,560
0.243326,55,11805.52292,hard,0.29742562929061783,0.29742562929061783,0,541
0.194863,61,11826.812251,hard,0.25526315789473686,0.25526315789473686,0,604
0.058168,64,11848.75488,hard,0.12196796338672769,0.12196796338672769,0,638
1.445677,72,11874.53077,hard,0.5176773455377575,1.5176773455377575,1,720
0.230532,60,11895.642863,hard,0.29033180778032036,0.29033180778032036,0,598
0.003583,70,11921.945754,hard,0.07288329519450801,0.07288329519450801,0,693
0.121028,54,11941.412538,hard,0.1744279176201373,0.1744279176201373,0,534
0.232748,72,11966.227477,hard,0.3047482837528604,0.3047482837528604,0,720
0.298253,61,11987.252976,hard,0.3591533180778032,0.3591533180778032,0,609
0.198921,57,12007.557422,hard,0.255720823798627,0.255720823798627,0,568
0.292528,57,12027.756632,hard,0.3494279176201373,0.3494279176201373,0,569
0.335658,65,12049.967926,hard,0.40045766590389015,0.40045766590389015,0,648
0.369887,57,12069.338419,hard,0.426487414187643,0.426487414187643,0,566
0.029611,55,12090.113373,hard,0.08421052631578947,0.08421052631578947,0,546
0.195019,60,12111.535138,hard,0.25411899313501146,0.25411899313501146,0,591
0.135214,53,12130.090589,hard,0.1874141876430206,0.1874141876430206,0,522
0.137088,53,12148.636054,hard,0.18918764302059496,0.18918764302059496,0,521
0.022611,62,12170.282052,hard,0.08421052631578947,0.08421052631578947,0,616
0.290228,60,12191.127737,hard,0.3498283752860412,0.3498283752860412,0,596
0.081368,54,12209.22732,hard,0.13466819221967963,0.13466819221967963,0,533
0.099781,59,12229.730135,hard,0.1585812356979405,0.1585812356979405,0,588
0.281351,64,12251.380453,hard,0.3448512585812357,0.3448512585812357,0,635
0.148005,57,12272.143141,hard,0.20440503432494278,0.20440503432494278,0,564
0.163355,72,12298.210258,hard,0.23535469107551488,0.23535469107551488,0,720
0.243947,60,12319.079952,hard,0.3035469107551487,0.3035469107551487,0,596
0.269876,72,12343.98188,hard,0.34187643020594966,0.34187643020594966,0,720
0.186581,72,12369.467167,hard,0.2585812356979405,0.2585812356979405,0,720
0.154629,71,12394.96137,hard,0.22562929061784898,0.22562929061784898,0,710
0.257884,54,12413.598043,hard,0.31098398169336383,0.31098398169336383,0,531
0.177577,65,12436.036017,hard,0.24227688787185356,0.24227688787185356,0,647
0.049242,63,12460.350831,hard,0.111441647597254,0.111441647597254,0,622
0.237566,58,12481.646866,hard,0.2949656750572082,0.2949656750572082,0,574
0.085697,62,12503.754352,hard,0.14719679633867278,0.14719679633867278,0,615
0.089842,72,12529.513827,hard,0.1618421052631579,0.1618421052631579,0,720
0.230253,54,12548.375125,hard,0.2841533180778032,0.2841533180778032,0,539
0.102965,67,12571.164159,hard,0.16956521739130434,0.16956521739130434,0,666
0.120754,52,12588.596934,hard,0.17265446224256292,0.17265446224256292,0,519
0.076248,54,12606.520491,hard,0.12934782608695652,0.12934782608695652,0,531
0.132946,58,12626.879571,hard,0.1904462242562929,0.1904462242562929,0,575
0.128833,63,12651.406099,hard,0.19153318077803203,0.19153318077803203,0,627
0.333516,69,12676.413926,hard,0.4017162471395881,0.4017162471395881,0,682
0.105496,54,12695.995269,hard,0.15869565217391304,0.15869565217391304,0,532
0.135489,55,12715.403226,hard,0.19038901601830663,0.19038901601830663,0,549
0.065937,54,12734.068062,hard,0.11973684210526316,0.11973684210526316,0,538
0.220003,58,12754.139186,hard,0.2778032036613272,0.2778032036613272,0,578
0.187618,66,12776.502487,hard,0.25331807780320365,0.25331807780320365,0,657
0.1478,53,12795.106999,hard,0.2,0.2,0,522
0.233968,63,12818.712636,hard,0.2969679633867277,0.2969679633867277,0,630
0.378183,57,12838.762482,hard,0.43478260869565216,0.43478260869565216,0,566
0.1423,58,12859.711068,hard,0.2,0.2,0,577
0.138191,55,12879.11017,hard,0.1923913043478261,0.1923913043478261,0,542
0.225659,64,12901.42989,hard,0.2893592677345538,0.2893592677345538,0,637
0.181509,65,12924.074774,hard,0.24570938215102975,0.24570938215102975,0,642
0.177781,56,12943.545392,hard,0.2331807780320366,0.2331807780320366,0,554
0.101309,57,12962.451275,hard,0.15760869565217392,0.15760869565217392,0,563
0.199865,57,12982.599641,hard,0.2568649885583524,0.2568649885583524,0,570
0.243488,59,13005.003767,hard,0.30188787185354693,0.30188787185354693,0,584
0.123575,55,13024.756452,hard,0.17837528604118993,0.17837528604118993,0,548
0.054259,72,13050.183276,hard,0.12625858123569794,0.12625858123569794,0,720
0.141397,56,13070.416136,hard,0.19719679633867276,0.19719679633867276,0,558
0.021687,55,13090.417784,hard,0.07648741418764302,0.07648741418764302,0,548
0.083755,52,13108.528575,hard,0.13575514874141875,0.13575514874141875,0,520
0.201484,60,13128.860839,hard,0.26138443935926775,0.26138443935926775,0,599
0.165637,55,13147.859549,hard,0.22013729977116706,0.22013729977116706,0,545
0.08682,56,13168.225252,hard,0.14262013729977116,0.14262013729977116,0,558
0.36993,57,13190.456593,hard,0.42643020594965675,0.42643020594965675,0,565
0.229888,72,13216.319719,hard,0.30188787185354693,0.30188787185354693,0,720
0.251096,58,13237.027948,hard,0.30869565217391304,0.30869565217391304,0,576
0.101792,54,13256.506354,hard,0.15509153318077804,0.15509153318077804,0,533
0.119169,54,13276.010547,hard,0.17316933638443935,0.17316933638443935,0,540
0.268215,58,13296.068393,hard,0.3255148741418764,0.3255148741418764,0,573
0.075762,54,13314.534092,hard,0.12946224256292907,0.12946224256292907,0,537
0.256503,59,13335.5225,hard,0.3151029748283753,0.3151029748283753,0,586
0.139156,72,13363.303358,hard,0.21115560640732264,0.21115560640732264,0,720
0.162519,55,13383.204952,hard,0.21681922196796338,0.21681922196796338,0,543
0.137392,56,13403.153919,hard,0.19319221967963388,0.19319221967963388,0,558
0.288092,67,13426.582139,hard,0.355091533180778,0.355091533180778,0,670
0.150404,54,13445.869976,hard,0.20360411899313502,0.20360411899313502,0,532
0.215815,72,13470.172686,hard,0.2878146453089245,0.2878146453089245,0,720
0.195073,57,13490.893283,hard,0.2517734553775744,0.2517734553775744,0,567
0.174847,55,13510.988161,hard,0.22894736842105262,0.22894736842105262,0,541
0.187469,61,13532.872725,hard,0.24776887871853548,0.24776887871853548,0,603
0.368659,71,13560.315269,hard,0.4389588100686499,0.4389588100686499,0,703
0.233518,58,13581.533119,hard,0.29101830663615563,0.29101830663615563,0,575
0.168561,72,13606.872218,hard,0.24056064073226543,0.24056064073226543,0,720
0.09048,55,13626.612116,hard,0.14508009153318077,0.14508009153318077,0,546
0.151326,59,13646.836118,hard,0.2101258581235698,0.2101258581235698,0,588
0.088377,54,13666.222512,hard,0.14227688787185355,0.14227688787185355,0,539
0.15145,55,13685.303455,hard,0.20635011441647597,0.20635011441647597,0,549
0.204269,56,13701.908674,hard,0.26006864988558354,0.26006864988558354,0,558
0.248298,63,13725.759483,hard,0.31069794050343247,0.31069794050343247,0,624
0.123976,56,13747.320743,hard,0.17917620137299772,0.17917620137299772,0,552
0.20679,60,13770.612018,hard,0.2665903890160183,0.2665903890160183,0,598
0.172035,59,13793.706379,hard,0.23083524027459953,0.23083524027459953,0,588
0.074063,57,13815.808186,hard,0.13026315789473683,0.13026315789473683,0,562
0.276306,54,13836.208927,hard,0.3302059496567506,0.3302059496567506,0,539
0.252497,58,13858.140515,hard,0.3098970251716247,0.3098970251716247,0,574
0.095646,58,13880.185131,hard,0.15314645308924485,0.15314645308924485,0,575
0.163422,56,13901.403461,hard,0.21882151029748284,0.21882151029748284,0,554
0.153209,55,13924.740085,hard,0.2076086956521739,0.2076086956521739,0,544
0.127123,56,13945.056496,hard,0.18272311212814646,0.18272311212814646,0,556
0.23346,57,13965.482035,hard,0.29016018306636154,0.29016018306636154,0,567
0.139794,55,13984.707062,hard,0.19439359267734554,0.19439359267734554,0,546
0.069257,56,14004.032377,hard,0.12505720823798627,0.12505720823798627,0,558
0.155711,55,14023.628309,hard,0.21001144164759725,0.21001144164759725,0,543
0.06724,55,14044.030451,hard,0.1221395881006865,0.1221395881006865,0,549
0.250192,55,14064.09305,hard,0.30509153318077803,0.30509153318077803,0,549
0.102992,53,14083.043497,hard,0.15589244851258582,0.15589244851258582,0,529
0.063448,54,14101.618764,hard,0.11704805491990847,0.11704805491990847,0,536
0.16694,56,14123.298147,hard,0.22213958810068649,0.22213958810068649,0,552
2.448132,56,14143.588401,hard,0.5034324942791762,2.5034324942791764,2,553
0.184362,58,14163.898451,hard,0.242162471395881,0.242162471395881,0,578
0.252209,69,14187.840127,hard,0.3203089244851259,0.3203089244851259,0,681
0.139851,55,14208.051539,hard,0.19445080091533182,0.19445080091533182,0,546
0.10294,58,14228.548527,hard,0.16024027459954232,0.16024027459954232,0,573
0.064266,56,14248.746929,hard,0.11996567505720823,0.11996567505720823,0,557
0.123773,53,14267.851204,hard,0.17677345537757438,0.17677345537757438,0,530
0.213899,60,14290.423187,hard,0.27379862700228835,0.27379862700228835,0,599
0.229869,56,14312.225562,hard,0.2850686498855835,0.2850686498855835,0,552
2.471476,58,14332.773514,hard,0.5291762013729977,2.529176201372998,2,577
0.12638,56,14351.891308,hard,0.18237986270022882,0.18237986270022882,0,560
1.383919,58,14373.361454,hard,0.44181922196796336,1.4418192219679633,1,579
0.248795,60,14395.290243,hard,0.30829519450800913,0.30829519450800913,0,595
0.223612,63,14417.398417,hard,0.28581235697940505,0.28581235697940505,0,622
0.1284,72,14443.078326,hard,0.2004004576659039,0.2004004576659039,0,720
0.191659,61,14464.592444,hard,0.2520594965675057,0.2520594965675057,0,604
0.101691,53,14485.516295,hard,0.15469107551487415,0.15469107551487415,0,530
0.190768,56,14504.952856,hard,0.2465675057208238,0.2465675057208238,0,558
0.140697,57,14524.725584,hard,0.19719679633867276,0.19719679633867276,0,565
0.19588,62,14546.299372,hard,0.25778032036613274,0.25778032036613274,0,619
0.2194,56,14566.449704,hard,0.2745995423340961,0.2745995423340961,0,552
0.213006,55,14586.440161,hard,0.26750572082379864,0.26750572082379864,0,545
0.161981,59,14607.039332,hard,0.22088100686498857,0.22088100686498857,0,589
0.130181,53,14624.920958,hard,0.1831807780320366,0.1831807780320366,0,530
0.219143,57,14644.436431,hard,0.2753432494279176,0.2753432494279176,0,562
0.255701,58,14665.765605,hard,0.3135011441647597,0.3135011441647597,0,578
0.19792,58,14685.192531,hard,0.25532036613272313,0.25532036613272313,0,574
0.16348,57,14705.361144,hard,0.21967963386727687,0.21967963386727687,0,562
0.19191,55,14725.218416,hard,0.24610983981693363,0.24610983981693363,0,542
0.181139,54,14744.551302,hard,0.23443935926773454,0.23443935926773454,0,533
0.141299,58,14765.606869,hard,0.19879862700228834,0.19879862700228834,0,575
0.186344,53,14784.347496,hard,0.23884439359267734,0.23884439359267734,0,525
0.169955,66,14807.429019,hard,0.23575514874141876,0.23575514874141876,0,658
0.059658,54,14826.301321,hard,0.11315789473684211,0.11315789473684211,0,535
0.128528,59,14849.361056,hard,0.18712814645308926,0.18712814645308926,0,586
0.18086,72,14875.003793,hard,0.2528604118993135,0.2528604118993135,0,720
0.169233,60,14896.513628,hard,0.2288329519450801,0.2288329519450801,0,596
0.079152,55,14915.803329,hard,0.1333524027459954,0.1333524027459954,0,542
0.156119,61,14936.908068,hard,0.21681922196796338,0.21681922196796338,0,607
0.123774,54,14956.012558,hard,0.17757437070938215,0.17757437070938215,0,538
0.255598,56,14975.337856,hard,0.3110983981693364,0.3110983981693364,0,555
0.134202,68,14999.652467,hard,0.20160183066361556,0.20160183066361556,0,674
0.159132,57,15019.990173,hard,0.21533180778032038,0.21533180778032038,0,562
0.120254,53,15039.572548,hard,0.17265446224256292,0.17265446224256292,0,524
0.375616,64,15063.656024,hard,0.43941647597254,0.43941647597254,0,638
0.116374,61,15086.859816,hard,0.17717391304347826,0.17717391304347826,0,608
0.158316,57,15107.5062,hard,0.21441647597254004,0.21441647597254004,0,561
0.118169,55,15126.609204,hard,0.17316933638443935,0.17316933638443935,0,550
0.035216,55,15145.946796,hard,0.08941647597254004,0.08941647597254004,0,542
0.285741,63,15167.491527,hard,0.3479405034324943,0.3479405034324943,0,622
0.152006,54,15186.215782,hard,0.20560640732265445,0.20560640732265445,0,536
0.228604,63,15208.917965,hard,0.2909038901601831,0.2909038901601831,0,623
0.248219,56,15228.030084,hard,0.30371853546910754,0.30371853546910754,0,555
0.069156,56,15248.401213,hard,0.12425629290617848,0.12425629290617848,0,551
0.285376,57,15269.103506,hard,0.34147597254004575,0.34147597254004575,0,561
0.31543,61,15291.126911,hard,0.37602974828375285,0.37602974828375285,0,606
0.157027,54,15310.176819,hard,0.21092677345537758,0.21092677345537758,0,539
0.195215,56,15329.953895,hard,0.2509153318077803,0.2509153318077803,0,557
0.181741,54,15348.976003,hard,0.2356407322654462,0.2356407322654462,0,539
0.23927,60,15370.247188,hard,0.29856979405034323,0.29856979405034323,0,593
0.146217,57,15391.516092,hard,0.20251716247139587,0.20251716247139587,0,563
0.138714,62,15414.192496,hard,0.20011441647597253,0.20011441647597253,0,614
0.161438,60,15436.160593,hard,0.22093821510297482,0.22093821510297482,0,595
0.175543,62,15458.978689,hard,0.2372425629290618,0.2372425629290618,0,617
0.176334,54,15477.979059,hard,0.23003432494279177,0.23003432494279177,0,537
0.153744,72,15503.959745,hard,0.22574370709382152,0.22574370709382152,0,720
0.181899,55,15523.3533,hard,0.23649885583524027,0.23649885583524027,0,546
0.071078,72,15548.242358,hard,0.1430778032036613,0.1430778032036613,0,720
0.217295,54,15566.940866,hard,0.2709954233409611,0.2709954233409611,0,537
0.178436,54,15588.318194,hard,0.23163615560640732,0.23163615560640732,0,532
0.082569,53,15607.300838,hard,0.13546910755148742,0.13546910755148742,0,529
0.122779,59,15628.933244,hard,0.18157894736842106,0.18157894736842106,0,588
0.168141,56,15649.190522,hard,0.22374141876430206,0.22374141876430206,0,556
0.259342,53,15668.189481,hard,0.3118421052631579,0.3118421052631579,0,525
0.209211,63,15690.277414,hard,0.2719107551487414,0.2719107551487414,0,627
0.173543,52,15708.651608,hard,0.2253432494279176,0.2253432494279176,0,518
0.17411,72,15733.099536,hard,0.24610983981693363,0.24610983981693363,0,720
0.242036,65,15758.135189,hard,0.3062356979405034,0.3062356979405034,0,642
0.231731,59,15779.113001,hard,0.28993135011441645,0.28993135011441645,0,582
0.254583,56,15799.750553,hard,0.31018306636155607,0.31018306636155607,0,556
0.193368,54,15819.400798,hard,0.2469679633867277,0.2469679633867277,0,536
0.122258,54,15838.465928,hard,0.17585812356979405,0.17585812356979405,0,536
0.067468,68,15863.540211,hard,0.13466819221967963,0.13466819221967963,0,672
0.339343,61,15885.247739,hard,0.4003432494279176,0.4003432494279176,0,610
0.337204,66,15907.095147,hard,0.4032036613272311,0.4032036613272311,0,660
0.18064,55,15927.415027,hard,0.23524027459954233,0.23524027459954233,0,546
0.23852,54,15949.136501,hard,0.2922196796338673,0.2922196796338673,0,537
0.159031,56,15969.810464,hard,0.21493135011441647,0.21493135011441647,0,559
1.345849,72,15995.928856,hard,0.41784897025171625,1.4178489702517163,1,720
0.264408,55,16014.910317,hard,0.3191075514874142,0.3191075514874142,0,547
0.143997,54,16033.948786,hard,0.19759725400457667,0.19759725400457667,0,536
0.288049,56,16054.510357,hard,0.34324942791762014,0.34324942791762014,0,552
0.139728,72,16079.369545,hard,0.21172768878718534,0.21172768878718534,0,720
0.15433,60,16101.515315,hard,0.2141304347826087,0.2141304347826087,0,598
0.039722,55,16122.043072,hard,0.09382151029748284,0.09382151029748284,0,541
0.328328,59,16144.961787,hard,0.38672768878718533,0.38672768878718533,0,584
0.146617,56,16165.780612,hard,0.20251716247139587,0.20251716247139587,0,559
0.143296,54,16186.221596,hard,0.19679633867276888,0.19679633867276888,0,535
0.281328,56,16206.475691,hard,0.33712814645308925,0.33712814645308925,0,558
0.236629,64,16228.529518,hard,0.300629290617849,0.300629290617849,0,640
0.345502,57,16248.160626,hard,0.40200228832951945,0.40200228832951945,0,565
0.097222,72,16274.579417,hard,0.16922196796338673,0.16922196796338673,0,720
0.262311,60,16295.738567,hard,0.3219107551487414,0.3219107551487414,0,596
0.158227,54,16316.857338,hard,0.21132723112128146,0.21132723112128146,0,531
0.163819,53,16336.144698,hard,0.2164187643020595,0.2164187643020595,0,526
0.107614,55,16355.25902,hard,0.1624141876430206,0.1624141876430206,0,548
0.297573,67,16379.309197,hard,0.36407322654462243,0.36407322654462243,0,665
0.063449,55,16399.30311,hard,0.11784897025171624,0.11784897025171624,0,544
0.124865,57,16419.044147,hard,0.18146453089244852,0.18146453089244852,0,566
0.159972,54,16436.850593,hard,0.21327231121281465,0.21327231121281465,0,533
0.183889,57,16457.10707,hard,0.23998855835240274,0.23998855835240274,0,561
0.102492,53,16475.677474,hard,0.15509153318077804,0.15509153318077804,0,526
0.303114,72,16502.575013,hard,0.37511441647597255,0.37511441647597255,0,720
2.525483,72,16528.094413,hard,0.5974828375286041,2.597482837528604,2,720
1.408606,72,16553.254323,hard,0.48060640732265447,1.4806064073226546,1,720
0.211305,56,16572.916484,hard,0.2667048054919908,0.2667048054919908,0,554
0.28483,54,16591.920794,hard,0.3383295194508009,0.3383295194508009,0,535
0.277532,64,16614.321411,hard,0.34073226544622426,0.34073226544622426,0,632
0.180257,58,16634.682969,hard,0.23735697940503434,0.23735697940503434,0,571
0.278744,72,16660.676463,hard,0.3507437070938215,0.3507437070938215,0,720
0.155409,66,16685.534808,hard,0.22070938215102975,0.22070938215102975,0,653
0.105896,54,16704.864566,hard,0.15909610983981692,0.15909610983981692,0,532
0.129184,57,16725.084368,hard,0.18558352402745995,0.18558352402745995,0,564
0.225809,58,16745.842744,hard,0.2830091533180778,0.2830091533180778,0,572
0.095792,72,16770.682638,hard,0.16779176201372997,0.16779176201372997,0,720
0.158116,56,16790.637744,hard,0.21361556064073225,0.21361556064073225,0,555
1.428681,55,16809.280809,hard,0.4835812356979405,1.4835812356979405,1,549
0.099622,70,16834.71159,hard,0.16922196796338673,0.16922196796338673,0,696
0.132178,62,16856.176379,hard,0.1934782608695652,0.1934782608695652,0,613
0.18717,62,16879.069975,hard,0.24856979405034324,0.24856979405034324,0,614
0.023805,56,16898.065205,hard,0.0794050343249428,0.0794050343249428,0,556
0.062349,56,16916.776403,hard,0.11744851258581236,0.11744851258581236,0,551
0.163543,62,16938.397159,hard,0.2253432494279176,0.2253432494279176,0,618
0.213152,58,16957.960568,hard,0.27025171624713956,0.27025171624713956,0,571
0.11315,56,16978.093788,hard,0.16905034324942791,0.16905034324942791,0,559
0.195506,72,17003.403616,hard,0.26750572082379864,0.26750572082379864,0,720
0.176335,55,17021.994225,hard,0.23043478260869565,0.23043478260869565,0,541
0.153708,54,17042.613585,hard,0.20720823798627003,0.20720823798627003,0,535
0.186769,61,17063.817747,hard,0.24776887871853548,0.24776887871853548,0,610
0.251677,53,17082.284342,hard,0.3045766590389016,0.3045766590389016,0,529
0.165143,61,17103.017678,hard,0.2253432494279176,0.2253432494279176,0,602
0.165911,56,17122.529347,hard,0.22191075514874142,0.22191075514874142,0,560
0.198921,58,17144.154929,hard,0.2561212814645309,0.2561212814645309,0,572
0.18064,55,17163.872883,hard,0.23524027459954233,0.23524027459954233,0,546
0.055975,72,17189.282906,hard,0.12797482837528604,0.12797482837528604,0,720
2.437096,72,17214.909507,hard,0.5090961098398169,2.509096109839817,2,720
0.235387,66,17240.409028,hard,0.3010869565217391,0.3010869565217391,0,657
0.236935,69,17264.939101,hard,0.30543478260869567,0.30543478260869567,0,685
0.309574,56,17283.786109,hard,0.3648741418764302,0.3648741418764302,0,553
0.232114,55,17302.083075,hard,0.2870137299771167,0.2870137299771167,0,549
0.272861,56,17320.866804,hard,0.3286613272311213,0.3286613272311213,0,558
0.147309,61,17341.362832,hard,0.20800915331807782,0.20800915331807782,0,607
0.277427,59,17362.280739,hard,0.3363272311212815,0.3363272311212815,0,589
0.191882,68,17385.26871,hard,0.2589816933638444,0.2589816933638444,0,671
0.142143,58,17407.48008,hard,0.19994279176201374,0.19994279176201374,0,578
0.151205,54,17426.310357,hard,0.20440503432494278,0.20440503432494278,0,532
0.14851,60,17447.316316,hard,0.2084096109839817,0.2084096109839817,0,599
0.181941,54,17465.642024,hard,0.2356407322654462,0.2356407322654462,0,537
0.177863,65,17489.140638,hard,0.2425629290617849,0.2425629290617849,0,647
0.045231,57,17509.586621,hard,0.10223112128146453,0.10223112128146453,0,570
0.250046,65,17532.284597,hard,0.315045766590389,0.315045766590389,0,650
0.143711,54,17550.460221,hard,0.1973112128146453,0.1973112128146453,0,536
0.158092,72,17575.259212,hard,0.23009153318077802,0.23009153318077802,0,720
0.167894,65,17599.936931,hard,0.23249427917620138,0.23249427917620138,0,646
0.139807,67,17624.163331,hard,0.20600686498855836,0.20600686498855836,0,662
0.106408,64,17645.934628,hard,0.16950800915331807,0.16950800915331807,0,631
0.147616,67,17668.291028,hard,0.21401601830663616,0.21401601830663616,0,664
0.332549,61,17690.206539,hard,0.3928489702517162,0.3928489702517162,0,603
0.195172,56,17710.510091,hard,0.2505720823798627,0.2505720823798627,0,554
0.237436,70,17736.107795,hard,0.30663615560640733,0.30663615560640733,0,692
0.147719,57,17757.502592,hard,0.20411899313501145,0.20411899313501145,0,564
0.300826,72,17785.015387,hard,0.37282608695652175,0.37282608695652175,0,720
0.338084,61,17805.800808,hard,0.3986842105263158,0.3986842105263158,0,606
0.341048,64,17828.644854,hard,0.4047482837528604,0.4047482837528604,0,637
0.056947,72,17855.414827,hard,0.12894736842105264,0.12894736842105264,0,720
0.11312,55,17876.323347,hard,0.16721967963386727,0.16721967963386727,0,541
0.08868,56,17895.504593,hard,0.1446796338672769,0.1446796338672769,0,560
0.374302,65,17917.757359,hard,0.4389016018306636,0.4389016018306636,0,646
0.172746,56,17937.717454,hard,0.22814645308924486,0.22814645308924486,0,554
0.098105,57,17960.176297,hard,0.1544050343249428,0.1544050343249428,0,563
0.412566,71,17984.186217,hard,0.4830663615560641,0.4830663615560641,0,705
0.259121,72,18009.650747,hard,0.3311212814645309,0.3311212814645309,0,720
0.105598,56,18030.058235,hard,0.16109839816933638,0.16109839816933638,0,555
0.174935,56,18050.108079,hard,0.23043478260869565,0.23043478260869565,0,555
0.153492,53,18069.445983,hard,0.2058924485125858,0.2058924485125858,0,524
0.06977,54,18088.43201,hard,0.12356979405034325,0.12356979405034325,0,538
1.461352,72,18114.69418,hard,0.5333524027459954,1.5333524027459955,1,720
0.168541,55,18135.969692,hard,0.22294050343249427,0.22294050343249427,0,544
0.178458,72,18159.841926,hard,0.2504576659038902,0.2504576659038902,0,720
1.371604,57,18179.970738,hard,0.428604118993135,1.4286041189931349,1,570
0.322119,58,18200.466832,hard,0.3795194508009153,0.3795194508009153,0,574
0.064263,54,18218.98128,hard,0.1175629290617849,0.1175629290617849,0,533
0.243389,72,18244.334383,hard,0.31538901601830666,0.31538901601830666,0,720
0.138095,58,18264.928743,hard,0.19559496567505721,0.19559496567505721,0,575
0.236696,72,18290.535393,hard,0.30869565217391304,0.30869565217391304,0,720
0.121271,54,18309.762756,hard,0.17477116704805493,0.17477116704805493,0,535
0.183362,58,18331.386778,hard,0.24136155606407322,0.24136155606407322,0,580
0.16538,55,18350.833198,hard,0.21967963386727687,0.21967963386727687,0,543
0.247908,72,18376.778307,hard,0.31990846681922197,0.31990846681922197,0,720
0.09199,62,18398.533597,hard,0.15348970251716249,0.15348970251716249,0,615
0.166323,54,18417.637409,hard,0.2200228832951945,0.2200228832951945,0,537
0.235866,60,18439.402818,hard,0.2949656750572082,0.2949656750572082,0,591
0.069572,56,18459.34038,hard,0.12517162471395882,0.12517162471395882,0,556
0.139277,53,18478.341182,hard,0.19227688787185354,0.19227688787185354,0,530
0.143616,58,18500.815902,hard,0.2013157894736842,0.2013157894736842,0,577
0.240323,55,18520.635633,hard,0.2950228832951945,0.2950228832951945,0,547
0.226824,57,18541.871913,hard,0.28352402745995425,0.28352402745995425,0,567
0.157002,57,18563.060546,hard,0.21390160183066362,0.21390160183066362,0,569
0.214346,63,18584.842196,hard,0.2773455377574371,0.2773455377574371,0,630
0.163988,64,18607.841488,hard,0.2272883295194508,0.2272883295194508,0,633
0.191272,72,18633.758198,hard,0.26327231121281464,0.26327231121281464,0,720
0.127177,53,18653.533805,hard,0.1795766590389016,0.1795766590389016,0,524
0.257507,61,18675.489758,hard,0.3183066361556064,0.3183066361556064,0,608
0.118342,69,18701.941707,hard,0.1868421052631579,0.1868421052631579,0,685
0.151212,60,18723.556271,hard,0.21081235697940504,0.21081235697940504,0,596
0.240307,54,18743.663763,hard,0.2937070938215103,0.2937070938215103,0,534
0.125475,53,18762.866333,hard,0.17797482837528605,0.17797482837528605,0,525
0.160919,56,18782.031344,hard,0.2164187643020595,0.2164187643020595,0,555
0.318839,66,18804.9442,hard,0.38443935926773454,0.38443935926773454,0,656
1.38308,62,18825.668411,hard,0.4446796338672769,1.444679633867277,1,616
0.304357,58,18845.806283,hard,0.36195652173913045,0.36195652173913045,0,576
0.166968,55,18866.663269,hard,0.2219679633867277,0.2219679633867277,0,550
0.112424,59,18887.793866,hard,0.17082379862700228,0.17082379862700228,0,584
0.270805,59,18908.270961,hard,0.3290045766590389,0.3290045766590389,0,582
0.173547,56,18928.58171,hard,0.22894736842105262,0.22894736842105262,0,554
0.175444,64,18951.824757,hard,0.23884439359267734,0.23884439359267734,0,634
0.093283,55,18971.14351,hard,0.1474828375286041,0.1474828375286041,0,542
0.200476,54,18990.013306,hard,0.25417620137299773,0.25417620137299773,0,537
0.047851,72,19016.237975,hard,0.1198512585812357,0.1198512585812357,0,720
0.16074,62,19037.576958,hard,0.22213958810068649,0.22213958810068649,0,614
0.142496,54,19058.815034,hard,0.19639588100686498,0.19639588100686498,0,539
0.208631,56,19078.788863,hard,0.2645308924485126,0.2645308924485126,0,559
0.414443,61,19101.625794,hard,0.4749427917620137,0.4749427917620137,0,605
0.126318,65,19125.326907,hard,0.19061784897025172,0.19061784897025172,0,643
0.153523,55,19145.620417,hard,0.20772311212814645,0.20772311212814645,0,542
0.160904,55,19164.938248,hard,0.21590389016018308,0.21590389016018308,0,550
0.17625,55,19185.064623,hard,0.23094965675057208,0.23094965675057208,0,547
0.324839,72,19210.648504,hard,0.39633867276887874,0.39633867276887874,0,715
0.150089,53,19230.089279,hard,0.2030892448512586,0.2030892448512586,0,530
0.183092,72,19259.131912,hard,0.25509153318077804,0.25509153318077804,0,720
1.420261,58,19280.359316,hard,0.4782608695652174,1.4782608695652173,1,580
0.339752,56,19300.763493,hard,0.39565217391304347,0.39565217391304347,0,559
0.168436,63,19323.279042,hard,0.23123569794050344,0.23123569794050344,0,628
0.053555,57,19344.457961,hard,0.11035469107551488,0.11035469107551488,0,568
0.22259,57,19364.125848,hard,0.27889016018306634,0.27889016018306634,0,563
0.207786,55,19383.187066,hard,0.2625858123569794,0.2625858123569794,0,548
0.213286,62,19406.219271,hard,0.2748855835240275,0.2748855835240275,0,616
0.28855,56,19428.726926,hard,0.3440503432494279,0.3440503432494279,0,555
0.18338,62,19452.57261,hard,0.24508009153318078,0.24508009153318078,0,617
0.150908,56,19473.506377,hard,0.20680778032036612,0.20680778032036612,0,559
0.303654,57,19495.16808,hard,0.35995423340961097,0.35995423340961097,0,563
0.280829,57,19516.298055,hard,0.33752860411899316,0.33752860411899316,0,567
0.209007,72,19541.860038,hard,0.28100686498855837,0.28100686498855837,0,720
0.104784,57,19563.624622,hard,0.16138443935926775,0.16138443935926775,0,566
2.602828,72,19590.091653,hard,0.6748283752860412,2.674828375286041,2,720
0.30403,72,19618.384177,hard,0.37602974828375285,0.37602974828375285,0,720
0.190185,72,19644.6862,hard,0.2621853546910755,0.2621853546910755,0,720
0.167846,60,19666.866691,hard,0.22734553775743707,0.22734553775743707,0,595
0.064667,57,19687.764999,hard,0.12076659038901602,0.12076659038901602,0,561
0.265014,60,19709.203192,hard,0.32471395881006865,0.32471395881006865,0,597
0.312654,60,19729.691822,hard,0.372254004576659,0.372254004576659,0,596
0.229796,55,19749.505754,hard,0.2840961098398169,0.2840961098398169,0,543
0.365598,58,19770.697037,hard,0.42339816933638447,0.42339816933638447,0,578
0.041708,53,19790.271811,hard,0.09450800915331808,0.09450800915331808,0,528
0.071958,54,19811.220204,hard,0.12585812356979406,0.12585812356979406,0,539
0.218957,57,19832.680268,hard,0.2750572082379863,0.2750572082379863,0,561
0.207008,63,19853.877171,hard,0.269908466819222,0.269908466819222,0,629
0.16674,56,19873.22902,hard,0.2225400457665904,0.2225400457665904,0,558
0.056741,54,19891.294063,hard,0.11064073226544623,0.11064073226544623,0,539
0.218788,59,19912.125587,hard,0.2772883295194508,0.2772883295194508,0,585
0.21333,63,19933.906066,hard,0.2760297482837529,0.2760297482837529,0,627
0.079269,57,19953.224014,hard,0.13546910755148742,0.13546910755148742,0,562
0.341985,58,19973.062257,hard,0.39948512585812357,0.39948512585812357,0,575
0.165838,55,19994.282785,hard,0.22053775743707094,0.22053775743707094,0,547
0.167445,60,20015.860718,hard,0.22654462242562928,0.22654462242562928,0,591
0.138136,56,20035.971503,hard,0.19393592677345536,0.19393592677345536,0,558
1.386872,64,20058.011888,hard,0.4505720823798627,1.4505720823798627,1,637
0.132192,61,20078.23301,hard,0.19279176201372997,0.19279176201372997,0,606
0.345645,57,20098.924702,hard,0.4019450800915332,0.4019450800915332,0,563
0.195314,55,20118.804518,hard,0.25011441647597255,0.25011441647597255,0,548
0.171532,57,20139.416557,hard,0.22763157894736843,0.22763157894736843,0,561
1.306283,54,20159.274996,hard,0.36018306636155606,1.360183066361556,1,539
0.382889,58,20182.899059,hard,0.43998855835240275,0.43998855835240275,0,571
0.264193,55,20203.110556,hard,0.31859267734553776,0.31859267734553776,0,544
0.267459,60,20223.663607,hard,0.3266590389016018,0.3266590389016018,0,592
0.168828,56,20243.770551,hard,0.2248283752860412,0.2248283752860412,0,560
0.274739,72,20269.131356,hard,0.3467391304347826,0.3467391304347826,0,720
0.216657,59,20290.157328,hard,0.2750572082379863,0.2750572082379863,0,584
0.277422,55,20309.812523,hard,0.33192219679633866,0.33192219679633866,0,545
0.248771,51,20329.23621,hard,0.2997711670480549,0.2997711670480549,0,510
0.069256,55,20349.447345,hard,0.12425629290617848,0.12425629290617848,0,550
0.228698,57,20372.722227,hard,0.2856979405034325,0.2856979405034325,0,570
0.095799,54,20392.947386,hard,0.14919908466819223,0.14919908466819223,0,534
0.19055,54,20412.278758,hard,0.24364988558352402,0.24364988558352402,0,531
0.317531,72,20439.020477,hard,0.3895308924485126,0.3895308924485126,0,720
0.138496,58,20461.043709,hard,0.19639588100686498,0.19639588100686498,0,579
0.116552,55,20481.527232,hard,0.17065217391304346,0.17065217391304346,0,541
0.224107,58,20502.606501,hard,0.2814073226544622,0.2814073226544622,0,573
0.131488,59,20524.365866,hard,0.18958810068649887,0.18958810068649887,0,581
0.234293,72,20551.976779,hard,0.3062929061784897,0.3062929061784897,0,720
0.232762,60,20574.709923,hard,0.29216247139588103,0.29216247139588103,0,594
0.237689,65,20597.259989,hard,0.3026887871853547,0.3026887871853547,0,650
0.092483,56,20616.958792,hard,0.14788329519450802,0.14788329519450802,0,554
0.091494,54,20636.368721,hard,0.14479405034324944,0.14479405034324944,0,533
0.15407,58,20656.647506,hard,0.2116704805491991,0.2116704805491991,0,576
2.664992,66,20679.946229,hard,0.7308924485125858,2.730892448512586,2,659
0.108388,56,20700.201373,hard,0.16418764302059496,0.16418764302059496,0,558
0.134121,72,20726.418891,hard,0.2061212814645309,0.2061212814645309,0,720
0.111503,54,20747.480417,hard,0.16550343249427918,0.16550343249427918,0,540
0.322924,61,20768.683529,hard,0.38392448512585814,0.38392448512585814,0,610
0.05744,53,20787.006167,hard,0.11024027459954233,0.11024027459954233,0,528
0.239029,62,20808.798917,hard,0.300629290617849,0.300629290617849,0,616
0.21664,56,20828.565243,hard,0.2725400457665904,0.2725400457665904,0,559
0.140592,53,20847.103478,hard,0.19319221967963388,0.19319221967963388,0,526
0.266499,58,20868.244132,hard,0.32379862700228834,0.32379862700228834,0,573
0.128979,53,20887.296042,hard,0.18197940503432494,0.18197940503432494,0,530
0.286396,60,20908.027636,hard,0.34639588100686497,0.34639588100686497,0,600
0.065253,57,20929.30125,hard,0.12145308924485126,0.12145308924485126,0,562
0.048521,58,20950.440772,hard,0.1061212814645309,0.1061212814645309,0,576
1.313144,63,20973.51168,hard,0.3761441647597254,1.3761441647597255,1,630
0.167433,62,20996.370038,hard,0.22923340961098398,0.22923340961098398,0,618
0.26307,61,21018.528297,hard,0.32397025171624716,0.32397025171624716,0,609
0.215815,72,21043.475242,hard,0.2878146453089245,0.2878146453089245,0,720
0.20897,53,21061.787686,hard,0.26167048054919906,0.26167048054919906,0,527
0.160014,53,21080.752348,hard,0.21241418764302059,0.21241418764302059,0,524
0.188447,53,21101.311492,hard,0.2408466819221968,0.2408466819221968,0,524
0.153758,60,21122.180562,hard,0.2131578947368421,0.2131578947368421,0,594
0.197697,62,21144.646896,hard,0.2594965675057208,0.2594965675057208,0,618
0.1914,71,21170.232728,hard,0.26229977116704806,0.26229977116704806,0,709
0.059662,58,21191.369048,hard,0.11676201372997712,0.11676201372997712,0,571
0.12948,53,21210.234221,hard,0.18237986270022882,0.18237986270022882,0,529
0.169428,55,21230.029044,hard,0.2244279176201373,0.2244279176201373,0,550
0.214497,59,21251.401817,hard,0.2725972540045767,0.2725972540045767,0,581
0.055843,57,21272.247156,hard,0.11264302059496567,0.11264302059496567,0,568
0.267524,67,21296.70509,hard,0.33392448512585815,0.33392448512585815,0,664
0.150191,55,21316.842957,hard,0.20429061784897026,0.20429061784897026,0,541
0.176235,55,21337.096562,hard,0.23083524027459953,0.23083524027459953,0,546
0.144201,57,21357.214575,hard,0.20120137299771168,0.20120137299771168,0,570
0.240988,61,21379.30927,hard,0.30188787185354693,0.30188787185354693,0,609
0.239757,60,21400.63667,hard,0.29965675057208235,0.29965675057208235,0,599
0.210087,54,21419.096729,hard,0.2633867276887872,0.2633867276887872,0,533
0.267358,59,21439.682518,hard,0.32585812356979404,0.32585812356979404,0,585
0.045449,72,21462.715623,hard,0.11744851258581236,0.11744851258581236,0,720
0.109371,66,21488.377942,hard,0.17477116704805493,0.17477116704805493,0,654
0.213721,67,21512.881312,hard,0.280720823798627,0.280720823798627,0,670
0.103948,63,21535.575636,hard,0.16664759725400458,0.16664759725400458,0,627
0.0195,56,21555.700595,hard,0.07459954233409612,0.07459954233409612,0,551
0.207594,62,21577.444157,hard,0.26939359267734553,0.26939359267734553,0,618
0.07048,63,21601.151471,hard,0.13278032036613271,0.13278032036613271,0,623
0.135868,62,21622.759352,hard,0.1969679633867277,0.1969679633867277,0,611
0.121176,58,21643.635235,hard,0.17917620137299772,0.17917620137299772,0,580
1.572394,72,21671.413154,hard,0.6443935926773455,1.6443935926773454,1,720
0.200528,62,21693.623009,hard,0.26212814645308924,0.26212814645308924,0,616
0.179956,57,21713.868112,hard,0.23655606407322655,0.23655606407322655,0,566
0.316709,54,21732.718825,hard,0.37030892448512587,0.37030892448512587,0,536
0.288135,56,21751.97205,hard,0.3435354691075515,0.3435354691075515,0,554
0.070959,56,21772.900153,hard,0.12665903890160182,0.12665903890160182,0,557
0.356285,69,21796.899445,hard,0.4244851258581236,0.4244851258581236,0,682
0.093144,58,21817.216932,hard,0.1511441647597254,0.1511441647597254,0,580
0.214297,59,21840.363322,hard,0.2725972540045767,0.2725972540045767,0,583
0.148002,54,21860.430738,hard,0.20200228832951944,0.20200228832951944,0,540
0.206791,61,21882.494131,hard,0.2673913043478261,0.2673913043478261,0,606
0.164123,56,21902.872987,hard,0.2200228832951945,0.2200228832951945,0,559
0.159214,54,21922.43348,hard,0.21241418764302059,0.21241418764302059,0,532
0.120075,58,21943.638055,hard,0.17797482837528605,0.17797482837528605,0,579
1.438293,56,21964.011359,hard,0.49359267734553774,1.4935926773455377,1,553
0.147612,64,21986.417928,hard,0.21081235697940504,0.21081235697940504,0,632
2.626748,66,22010.537364,hard,0.6920480549199085,2.6920480549199084,2,653
0.236982,72,22037.180785,hard,0.3089816933638444,0.3089816933638444,0,720
0.064149,54,22056.401931,hard,0.11784897025171624,0.11784897025171624,0,537
0.157846,70,22080.944173,hard,0.22774599542334095,0.22774599542334095,0,699
0.259991,57,22101.306585,hard,0.3169908466819222,0.3169908466819222,0,570
0.129035,64,22124.37224,hard,0.1927345537757437,0.1927345537757437,0,637
0.235533,56,22143.035625,hard,0.29153318077803203,0.29153318077803203,0,560
0.265471,72,22167.8719,hard,0.3374713958810069,0.3374713958810069,0,720
0.135089,55,22185.921566,hard,0.18998855835240275,0.18998855835240275,0,549
0.224199,63,22208.631727,hard,0.28649885583524026,0.28649885583524026,0,623
0.192355,56,22225.830064,hard,0.24805491990846681,0.24805491990846681,0,557
0.278913,58,22243.679788,hard,0.33621281464530894,0.33621281464530894,0,573
0.174434,56,22262.251036,hard,0.22963386727688787,0.22963386727688787,0,552
0.3776,72,22286.016372,hard,0.4495995423340961,0.4495995423340961,0,720
0.264293,55,22304.004793,hard,0.31899313501144166,0.31899313501144166,0,547
0.332748,72,22328.753846,hard,0.4047482837528604,0.4047482837528604,0,720
0.227555,58,22350.31834,hard,0.28535469107551487,0.28535469107551487,0,578
0.169391,61,22373.479137,hard,0.22969107551487414,0.22969107551487414,0,603
0.166052,67,22398.821236,hard,0.23295194508009154,0.23295194508009154,0,669
0.127078,55,22418.424044,hard,0.18117848970251715,0.18117848970251715,0,541
0.211904,67,22441.175285,hard,0.2782036613272311,0.2782036613272311,0,663
0.155396,54,22458.796042,hard,0.20909610983981694,0.20909610983981694,0,537
0.010272,53,22475.553653,hard,0.06287185354691076,0.06287185354691076,0,526
0.13859,53,22492.991549,hard,0.1915903890160183,0.1915903890160183,0,530
0.213853,71,22519.372314,hard,0.2841533180778032,0.2841533180778032,0,703
0.178946,62,22543.958458,hard,0.24044622425629292,0.24044622425629292,0,615
0.147503,56,22567.168119,hard,0.20280320366132723,0.20280320366132723,0,553
0.153811,56,22587.389348,hard,0.20921052631578949,0.20921052631578949,0,554
2.446364,72,22613.161021,hard,0.5183638443935927,2.5183638443935927,2,720
0.117427,57,22633.645398,hard,0.17362700228832953,0.17362700228832953,0,562
0.291215,72,22659.884871,hard,0.3632151029748284,0.3632151029748284,0,720
1.461294,59,22679.490776,hard,0.5197940503432494,1.5197940503432494,1,585
0.280735,62,22701.956609,hard,0.3427345537757437,0.3427345537757437,0,620
0.144814,56,22722.194965,hard,0.20011441647597253,0.20011441647597253,0,553
0.219685,55,22743.71844,hard,0.27408466819221966,0.27408466819221966,0,544
0.269862,60,22764.558717,hard,0.32946224256292905,0.32946224256292905,0,596
0.160218,56,22784.898912,hard,0.2160183066361556,0.2160183066361556,0,558
0.130381,54,22804.440278,hard,0.1835812356979405,0.1835812356979405,0,532
0.070256,54,22823.150502,hard,0.12425629290617848,0.12425629290617848,0,540
0.120624,63,22845.434582,hard,0.18312356979405034,0.18312356979405034,0,625
0.071764,59,22866.70224,hard,0.13066361556064074,0.13066361556064074,0,589
0.245373,56,22887.201714,hard,0.30097254004576657,0.30097254004576657,0,556
0.127984,58,22906.38035,hard,0.18598398169336383,0.18598398169336383,0,580
0.252296,57,22927.121882,hard,0.30869565217391304,0.30869565217391304,0,564
0.09562,72,22950.631055,hard,0.16762013729977115,0.16762013729977115,0,720
0.225426,72,22973.317389,hard,0.29742562929061783,0.29742562929061783,0,720
0.206584,55,22991.244047,hard,0.26098398169336384,0.26098398169336384,0,544
0.110821,58,23010.194208,hard,0.16802059496567506,0.16802059496567506,0,572
0.088081,59,23030.505989,hard,0.14628146453089244,0.14628146453089244,0,582
0.279958,71,23054.431993,hard,0.35045766590389016,0.35045766590389016,0,705
0.247693,59,23075.317375,hard,0.3062929061784897,0.3062929061784897,0,586
0.163164,56,23094.213814,hard,0.21876430205949657,0.21876430205949657,0,556
0.13609,56,23115.689189,hard,0.1915903890160183,0.1915903890160183,0,555
0.278524,55,23133.738591,hard,0.33352402745995424,0.33352402745995424,0,550
2.443023,65,23154.824559,hard,0.5077231121281465,2.5077231121281462,2,647
0.1402,60,23173.895049,hard,0.2,0.2,0,598
0.187012,61,23194.492809,hard,0.2477116704805492,0.2477116704805492,0,607
1.34419,72,23217.542509,hard,0.4161899313501144,1.4161899313501145,1,720
0.178376,63,23237.927587,hard,0.2410755148741419,0.2410755148741419,0,627
0.128011,57,23257.180779,hard,0.18461098398169337,0.18461098398169337,0,566
0.204933,62,23280.455128,hard,0.26653318077803206,0.26653318077803206,0,616
0.18538,72,23303.302888,hard,0.25737986270022883,0.25737986270022883,0,720
0.174352,59,23322.186794,hard,0.23335240274599542,0.23335240274599542,0,590
0.132931,57,23340.039183,hard,0.1895308924485126,0.1895308924485126,0,566
0.222762,57,23357.855209,hard,0.27946224256292906,0.27946224256292906,0,567
1.288945,63,23378.698621,hard,0.3515446224256293,1.3515446224256293,1,626
1.363091,54,23396.477498,hard,0.4169908466819222,1.416990846681922,1,539
0.15873,56,23414.806262,hard,0.2141304347826087,0.2141304347826087,0,554
0.15462,63,23439.961715,hard,0.21762013729977117,0.21762013729977117,0,630
0.288483,60,23459.246001,hard,0.347883295194508,0.347883295194508,0,594
0.211346,67,23481.605633,hard,0.27774599542334094,0.27774599542334094,0,664
0.207926,53,23498.481828,hard,0.26052631578947366,0.26052631578947366,0,526
0.011275,54,23516.105605,hard,0.0652745995423341,0.0652745995423341,0,540
2.606614,56,23534.349648,hard,0.6624141876430206,2.6624141876430207,2,558
0.296346,56,23552.355859,hard,0.35234553775743704,0.35234553775743704,0,560
0.111765,58,23571.643885,hard,0.16956521739130434,0.16956521739130434,0,578
0.066571,71,23594.433561,hard,0.13707093821510297,0.13707093821510297,0,705
0.129865,52,23616.491309,hard,0.1818649885583524,0.1818649885583524,0,520
0.191685,58,23637.492596,hard,0.24908466819221967,0.24908466819221967,0,574
0.190496,69,23661.998198,hard,0.25869565217391305,0.25869565217391305,0,682
0.188923,69,23686.561386,hard,0.25772311212814647,0.25772311212814647,0,688
2.531885,68,23709.958255,hard,0.5990846681922197,2.5990846681922197,2,672
0.141,60,23732.005375,hard,0.2004004576659039,0.2004004576659039,0,594
0.226593,55,23751.532329,hard,0.2812929061784897,0.2812929061784897,0,547
0.36433,62,23773.907711,hard,0.42602974828375284,0.42602974828375284,0,617
0.298094,59,23796.716484,hard,0.3570938215102975,0.3570938215102975,0,590
0.193413,56,23816.91054,hard,0.24891304347826088,0.24891304347826088,0,555
0.16644,57,23837.850294,hard,0.2225400457665904,0.2225400457665904,0,561
0.137093,57,23858.468778,hard,0.19359267734553776,0.19359267734553776,0,565
0.169936,62,23881.488475,hard,0.23123569794050344,0.23123569794050344,0,613
0.217003,61,23903.842047,hard,0.27740274599542336,0.27740274599542336,0,604
0.170645,56,23924.012609,hard,0.22654462242562928,0.22654462242562928,0,559
0.058828,53,23941.968713,hard,0.11172768878718535,0.11172768878718535,0,529
0.067053,54,23959.825252,hard,0.12105263157894737,0.12105263157894737,0,540
0.247003,69,23985.58605,hard,0.3151029748283753,0.3151029748283753,0,681
0.166844,59,24007.558405,hard,0.22574370709382152,0.22574370709382152,0,589
0.290037,55,24027.289498,hard,0.3447368421052632,0.3447368421052632,0,547
0.306162,61,24049.243947,hard,0.3663615560640732,0.3663615560640732,0,602
0.305039,55,24069.234434,hard,0.35943935926773457,0.35943935926773457,0,544
0.288434,54,24089.113041,hard,0.34193363844393593,0.34193363844393593,0,535
0.245334,60,24110.747814,hard,0.30503432494279176,0.30503432494279176,0,597
0.019419,72,24137.182225,hard,0.0914187643020595,0.0914187643020595,0,720
1.367416,72,24163.420569,hard,0.43941647597254,1.43941647597254,1,720
0.12504,61,24186.711006,hard,0.18524027459954234,0.18524027459954234,0,602
0.178555,58,24207.367953,hard,0.23575514874141876,0.23575514874141876,0,572
0.272449,59,24227.815358,hard,0.3305491990846682,0.3305491990846682,0,581
0.293743,57,24248.564898,hard,0.3503432494279176,0.3503432494279176,0,566
0.18114,55,24268.89144,hard,0.23524027459954233,0.23524027459954233,0,541
0.173651,59,24289.995416,hard,0.23175057208237987,0.23175057208237987,0,581
0.078651,54,24311.53568,hard,0.13255148741418765,0.13255148741418765,0,539
0.246238,62,24334.74125,hard,0.307837528604119,0.307837528604119,0,616
0.087175,54,24356.042439,hard,0.14067505720823797,0.14067505720823797,0,535
0.190665,54,24375.696867,hard,0.24456521739130435,0.24456521739130435,0,539
0.146547,57,24395.79527,hard,0.20354691075514875,0.20354691075514875,0,570
0.314654,58,24416.11507,hard,0.3718535469107552,0.3718535469107552,0,572
0.243269,55,24436.34811,hard,0.2981693363844394,0.2981693363844394,0,549
0.351488,63,24459.165014,hard,0.41418764302059496,0.41418764302059496,0,627
0.289231,63,24481.9501,hard,0.35183066361556065,0.35183066361556065,0,626
0.129716,72,24507.922542,hard,0.2017162471395881,0.2017162471395881,0,720
0.34512,61,24529.387647,hard,0.4053203661327231,0.4053203661327231,0,602
0.143163,62,24553.567795,hard,0.20486270022883296,0.20486270022883296,0,617
0.288986,61,24574.861878,hard,0.34988558352402743,0.34988558352402743,0,609
0.206991,61,24597.385054,hard,0.2673913043478261,0.2673913043478261,0,604
0.065951,54,24617.048693,hard,0.1194508009153318,0.1194508009153318,0,535
0.196465,61,24639.43048,hard,0.2568649885583524,0.2568649885583524,0,604
0.087093,57,24659.948288,hard,0.14399313501144165,0.14399313501144165,0,569
0.172832,56,24680.477948,hard,0.2284324942791762,0.2284324942791762,0,556
0.125276,54,24700.105398,hard,0.17917620137299772,0.17917620137299772,0,539
0.159725,63,24722.790618,hard,0.22202517162471397,0.22202517162471397,0,623
0.101513,72,24749.99615,hard,0.17351258581235698,0.17351258581235698,0,720
0.153233,63,24773.291321,hard,0.21613272311212814,0.21613272311212814,0,629
0.185504,56,24793.684175,hard,0.24090389016018307,0.24090389016018307,0,554
0.149334,56,24814.736411,hard,0.20463386727688787,0.20463386727688787,0,553
0.191387,72,24840.657575,hard,0.2633867276887872,0.2633867276887872,0,720
0.175968,71,24865.937291,hard,0.2469679633867277,0.2469679633867277,0,710
0.299151,59,24887.094983,hard,0.35755148741418763,0.35755148741418763,0,584
0.158317,57,24908.071906,hard,0.21521739130434783,0.21521739130434783,0,569
0.142294,53,24928.995141,hard,0.19439359267734554,0.19439359267734554,0,521
0.320636,61,24951.780373,hard,0.38163615560640735,0.38163615560640735,0,610
0.105396,54,24971.081147,hard,0.15909610983981692,0.15909610983981692,0,537
0.152727,72,24997.597299,hard,0.2240274599542334,0.2240274599542334,0,713
0.133206,72,25024.004464,hard,0.20520594965675057,0.20520594965675057,0,720
0.180741,56,25044.498308,hard,0.23604118993135012,0.23604118993135012,0,553
0.167302,72,25071.306817,hard,0.2393020594965675,0.2393020594965675,0,720
0.021784,52,25090.380096,hard,0.0732837528604119,0.0732837528604119,0,515
0.198219,56,25112.95939,hard,0.25411899313501146,0.25411899313501146,0,559
0.268764,62,25135.559145,hard,0.3306636155606407,0.3306636155606407,0,619
0.190266,56,25154.739126,hard,0.24536613272311214,0.24536613272311214,0,551
0.25394,56,25175.259119,hard,0.30983981693363843,0.30983981693363843,0,559
0.03844,72,25201.463031,hard,0.10983981693363844,0.10983981693363844,0,714
0.117268,55,25221.631206,hard,0.1715675057208238,0.1715675057208238,0,543
0.116527,57,25243.082599,hard,0.17322654462242562,0.17322654462242562,0,567
0.295845,57,25262.778243,hard,0.3519450800915332,0.3519450800915332,0,561
0.126078,55,25282.183793,hard,0.1803775743707094,0.1803775743707094,0,543
0.277823,55,25304.247704,hard,0.3323226544622426,0.3323226544622426,0,545
0.288841,60,25325.911011,hard,0.3479405034324943,0.3479405034324943,0,591
0.139934,53,25345.288223,hard,0.1923340961098398,0.1923340961098398,0,524
0.065449,53,25365.179569,hard,0.11784897025171624,0.11784897025171624,0,524
0.05586,72,25392.465794,hard,0.1278604118993135,0.1278604118993135,0,720
0.119154,53,25411.332641,hard,0.17185354691075516,0.17185354691075516,0,527
0.23732,56,25431.376233,hard,0.29262013729977115,0.29262013729977115,0,553
0.20882,59,25452.297183,hard,0.2676201372997712,0.2676201372997712,0,588
0.159535,59,25474.194842,hard,0.2181350114416476,0.2181350114416476,0,586
0.170431,57,25497.06124,hard,0.22683066361556065,0.22683066361556065,0,564
0.211718,54,25517.424189,hard,0.2656178489702517,0.2656178489702517,0,539
0.154217,61,25539.957752,hard,0.21481693363844392,0.21481693363844392,0,606
0.232168,65,25563.765922,hard,0.2969679633867277,0.2969679633867277,0,648
0.213651,69,25588.447396,hard,0.28215102974828377,0.28215102974828377,0,685
0.186711,61,25610.401366,hard,0.2473112128146453,0.2473112128146453,0,606
0.257804,59,25632.13557,hard,0.31630434782608696,0.31630434782608696,0,585
0.118157,57,25653.500919,hard,0.17505720823798626,0.17505720823798626,0,569
0.386291,57,25676.047137,hard,0.4423913043478261,0.4423913043478261,0,561
0.148403,54,25695.204486,hard,0.20240274599542335,0.20240274599542335,0,540
2.560908,59,25716.788992,hard,0.619508009153318,2.619508009153318,2,586
0.13641,72,25742.986695,hard,0.2084096109839817,0.2084096109839817,0,720
0.145119,59,25764.427349,hard,0.20411899313501145,0.20411899313501145,0,590
0.331719,72,25789.293522,hard,0.4037185354691076,0.4037185354691076,0,720
0.244286,56,25809.734651,hard,0.29988558352402744,0.29988558352402744,0,556
0.110768,61,25833.054706,hard,0.1715675057208238,0.1715675057208238,0,608
0.177489,63,25857.601135,hard,0.23998855835240274,0.23998855835240274,0,625
0.045112,53,25875.908446,hard,0.09811212814645309,0.09811212814645309,0,530
0.182844,56,25896.387996,hard,0.23884439359267734,0.23884439359267734,0,560
0.063868,59,25918.326555,hard,0.12236842105263158,0.12236842105263158,0,585
0.165722,54,25937.849713,hard,0.21922196796338672,0.21922196796338672,0,535
0.2592,54,25956.508155,hard,0.31270022883295195,0.31270022883295195,0,535
0.252815,60,25977.197055,hard,0.3128146453089245,0.3128146453089245,0,600
0.161962,55,25997.431261,hard,0.21636155606407323,0.21636155606407323,0,544
0.34011,56,26018.287554,hard,0.39610983981693365,0.39610983981693365,0,560
0.210674,54,26037.739529,hard,0.2644736842105263,0.2644736842105263,0,538
0.11735,52,26058.767618,hard,0.16864988558352403,0.16864988558352403,0,513
0.05265,54,26079.114918,hard,0.10635011441647597,0.10635011441647597,0,537
0.106697,53,26098.400561,hard,0.15949656750572083,0.15949656750572083,0,528
0.387954,72,26125.361249,hard,0.459954233409611,0.459954233409611,0,720
0.263468,71,26150.541323,hard,0.33426773455377573,0.33426773455377573,0,708
0.176435,54,26170.675168,hard,0.23043478260869565,0.23043478260869565,0,540
0.171646,56,26191.83189,hard,0.22734553775743707,0.22734553775743707,0,557
0.200612,61,26214.949148,hard,0.260812356979405,0.260812356979405,0,602
2.460694,72,26243.327829,hard,0.5320938215102975,2.5320938215102977,2,714
0.172632,55,26263.710472,hard,0.22763157894736843,0.22763157894736843,0,550
0.433463,60,26285.335718,hard,0.4929633867276888,0.4929633867276888,0,595
2.48329,58,26306.340346,hard,0.5411899313501144,2.5411899313501145,2,579
0.149751,58,26328.432152,hard,0.20755148741418764,0.20755148741418764,0,578
0.18975,54,26347.804081,hard,0.24364988558352402,0.24364988558352402,0,539
0.23636,54,26367.705914,hard,0.29016018306636154,0.29016018306636154,0,538
2.467583,68,26393.799789,hard,0.5351830663615561,2.535183066361556,2,676
0.162217,53,26412.713742,hard,0.21521739130434783,0.21521739130434783,0,530
0.209293,60,26437.223499,hard,0.26859267734553777,0.26859267734553777,0,593
0.321478,72,26464.320487,hard,0.3934782608695652,0.3934782608695652,0,720
0.162118,54,26483.690097,hard,0.2160183066361556,0.2160183066361556,0,539
1.364156,72,26510.816319,hard,0.43615560640732265,1.4361556064073226,1,720
0.126082,58,26532.209282,hard,0.1839816933638444,0.1839816933638444,0,579
0.064548,53,26552.642239,hard,0.11704805491990847,0.11704805491990847,0,525
0.191673,60,26575.25133,hard,0.2509725400457666,0.2509725400457666,0,593
0.361367,60,26597.903679,hard,0.42076659038901604,0.42076659038901604,0,594
0.163423,57,26620.742615,hard,0.2204233409610984,0.2204233409610984,0,570
0.13019,61,26643.14042,hard,0.19118993135011442,0.19118993135011442,0,610
0.195961,58,26663.771014,hard,0.2532608695652174,0.2532608695652174,0,573
0.137153,72,26689.72734,hard,0.2091533180778032,0.2091533180778032,0,720
0.154812,56,26710.413584,hard,0.21081235697940504,0.21081235697940504,0,560
0.069069,54,26730.358512,hard,0.12276887871853547,0.12276887871853547,0,537
0.320215,56,26750.641402,hard,0.37551487414187645,0.37551487414187645,0,553
0.211795,59,26771.666171,hard,0.2705949656750572,0.2705949656750572,0,588
0.063956,60,26793.472926,hard,0.1238558352402746,0.1238558352402746,0,599
0.326231,64,26819.083187,hard,0.3895308924485126,0.3895308924485126,0,633
0.203364,53,26838.196843,hard,0.2556636155606407,0.2556636155606407,0,523
1.358493,61,26860.848456,hard,0.41859267734553773,1.4185926773455377,1,601
0.111461,55,26881.65546,hard,0.16596109839816933,0.16596109839816933,0,545
0.405136,65,26905.630037,hard,0.46933638443935927,0.46933638443935927,0,642
0.111406,57,26927.657582,hard,0.16790617848970252,0.16790617848970252,0,565
0.346468,63,26950.765208,hard,0.40926773455377574,0.40926773455377574,0,628
0.24639,58,26972.420845,hard,0.30348970251716245,0.30348970251716245,0,571
0.160474,54,26992.876302,hard,0.21447368421052632,0.21447368421052632,0,540
0.257348,72,27020.91253,hard,0.3293478260869565,0.3293478260869565,0,720
0.085056,52,27040.127496,hard,0.13655606407322654,0.13655606407322654,0,515
1.402371,72,27066.910358,hard,0.47437070938215103,1.474370709382151,1,720
0.129524,54,27086.866294,hard,0.18352402745995422,0.18352402745995422,0,540
0.373053,62,27109.549407,hard,0.4341533180778032,0.4341533180778032,0,611
0.343503,72,27135.125943,hard,0.4155034324942792,0.4155034324942792,0,720
0.331816,58,27156.387691,hard,0.3890160183066362,0.3890160183066362,0,572
0.245883,64,27179.096782,hard,0.30978260869565216,0.30978260869565216,0,639
0.170027,54,27201.258379,hard,0.22362700228832952,0.22362700228832952,0,536
0.170849,72,27228.13724,hard,0.24284897025171626,0.24284897025171626,0,720
0.155412,56,27248.915369,hard,0.21081235697940504,0.21081235697940504,0,554
0.234805,58,27270.336469,hard,0.29210526315789476,0.29210526315789476,0,573
0.090497,57,27291.419158,hard,0.14719679633867278,0.14719679633867278,0,567
0.22545,56,27311.37435,hard,0.28135011441647595,0.28135011441647595,0,559
0.141497,56,27331.502043,hard,0.19719679633867276,0.19719679633867276,0,557
0.225309,58,27352.550446,hard,0.2826086956521739,0.2826086956521739,0,573
1.414794,55,27372.635174,hard,0.46939359267734554,1.4693935926773456,1,546
0.183199,54,27394.334026,hard,0.23649885583524027,0.23649885583524027,0,533
0.175855,60,27416.648637,hard,0.23575514874141876,0.23575514874141876,0,599
0.139692,54,27437.136432,hard,0.19319221967963388,0.19319221967963388,0,535
0.209831,56,27458.801227,hard,0.2649313501144165,0.2649313501144165,0,551
0.266811,68,27483.49797,hard,0.33461098398169337,0.33461098398169337,0,678
0.229831,72,27509.602517,hard,0.30183066361556066,0.30183066361556066,0,720
0.140094,55,27529.372832,hard,0.19479405034324943,0.19479405034324943,0,547
0.166322,53,27549.164773,hard,0.21882151029748284,0.21882151029748284,0,525
0.278626,57,27572.1392,hard,0.3351258581235698,0.3351258581235698,0,565
0.307252,63,27595.842233,hard,0.3702517162471396,0.3702517162471396,0,630
0.102554,58,27617.049417,hard,0.15995423340961099,0.15995423340961099,0,574
0.164236,56,27639.21103,hard,0.21933638443935927,0.21933638443935927,0,551
0.262208,58,27662.202342,hard,0.31950800915331806,0.31950800915331806,0,573
0.148424,61,27684.680352,hard,0.20852402745995424,0.20852402745995424,0,601
0.063247,53,27703.04339,hard,0.11624713958810069,0.11624713958810069,0,530
0.204984,56,27722.653198,hard,0.26098398169336384,0.26098398169336384,0,560
0.106364,63,27745.137543,hard,0.16876430205949658,0.16876430205949658,0,624
0.306432,72,27772.540646,hard,0.3784324942791762,0.3784324942791762,0,720
0.091395,54,27791.767192,hard,0.14519450800915332,0.14519450800915332,0,538
0.219104,60,27813.410209,hard,0.2782036613272311,0.2782036613272311,0,591
0.205311,55,27834.466883,hard,0.26001144164759726,0.26001144164759726,0,547
0.278449,65,27858.73598,hard,0.34324942791762014,0.34324942791762014,0,648
0.052337,55,27878.55411,hard,0.10703661327231122,0.10703661327231122,0,547
0.171915,54,27898.389775,hard,0.2259153318077803,0.2259153318077803,0,540
0.280827,56,27919.519631,hard,0.3359267734553776,0.3359267734553776,0,551
0.227796,57,27941.275176,hard,0.2840961098398169,0.2840961098398169,0,563
0.228572,60,27964.964869,hard,0.28787185354691075,0.28787185354691075,0,593
0.194914,56,27984.978036,hard,0.25011441647597255,0.25011441647597255,0,552
0.116673,72,28010.606351,hard,0.18867276887871853,0.18867276887871853,0,720
0.118673,58,28031.855941,hard,0.1759725400457666,0.1759725400457666,0,573
0.266815,59,28052.244592,hard,0.3255148741418764,0.3255148741418764,0,587
0.222461,56,28072.983696,hard,0.2782608695652174,0.2782608695652174,0,558
0.277485,72,28100.117462,hard,0.3494851258581236,0.3494851258581236,0,720
0.173149,58,28120.835156,hard,0.2305491990846682,0.2305491990846682,0,574
0.155913,56,28142.935508,hard,0.21161327231121282,0.21161327231121282,0,557
0.212507,56,28164.54227,hard,0.2683066361556064,0.2683066361556064,0,558
0.176741,59,28186.982152,hard,0.2356407322654462,0.2356407322654462,0,589
0.147727,64,28210.76561,hard,0.21092677345537758,0.21092677345537758,0,632
0.15461,54,28231.003772,hard,0.2084096109839817,0.2084096109839817,0,538
0.078064,53,28250.508468,hard,0.13106407322654462,0.13106407322654462,0,530
0.277324,57,28270.447599,hard,0.33392448512585815,0.33392448512585815,0,566
0.150494,57,28290.457632,hard,0.20749427917620136,0.20749427917620136,0,570
0.15649,72,28316.36241,hard,0.22848970251716247,0.22848970251716247,0,720
1.439397,58,28339.047629,hard,0.49719679633867275,1.4971967963386728,1,578
0.018281,53,28358.436558,hard,0.07048054919908467,0.07048054919908467,0,522
0.205346,61,28381.165615,hard,0.2654462242562929,0.2654462242562929,0,601
0.143798,55,28400.615797,hard,0.19839816933638443,0.19839816933638443,0,546
0.192257,58,28421.889289,hard,0.2500572082379863,0.2500572082379863,0,578
0.173331,54,28441.807243,hard,0.22723112128146453,0.22723112128146453,0,539
0.134889,56,28461.794616,hard,0.19038901601830663,0.19038901601830663,0,555
2.451623,69,28486.565739,hard,0.5200228832951945,2.5200228832951943,2,684
0.134028,54,28506.254732,hard,0.18712814645308926,0.18712814645308926,0,531
0.091181,55,28528.148711,hard,0.14548054919908468,0.14548054919908468,0,543
0.098992,57,28549.640718,hard,0.15549199084668192,0.15549199084668192,0,565
0.138893,55,28569.396667,hard,0.19359267734553776,0.19359267734553776,0,547
0.14713,55,28589.18922,hard,0.20143020594965674,0.20143020594965674,0,543
0.194476,72,28615.657013,hard,0.2664759725400458,0.2664759725400458,0,720
2.776482,58,28636.257511,hard,0.8343821510297483,2.8343821510297484,2,579
0.185175,56,28656.796231,hard,0.2402745995423341,0.2402745995423341,0,551
0.127693,66,28680.757387,hard,0.19359267734553776,0.19359267734553776,0,659
0.336512,62,28705.589155,hard,0.3977116704805492,0.3977116704805492,0,612
0.159416,55,28725.755914,hard,0.21361556064073225,0.21361556064073225,0,542
0.196631,56,28746.165524,hard,0.25183066361556067,0.25183066361556067,0,552
0.247702,67,28771.324118,hard,0.3139016018306636,0.3139016018306636,0,662
0.284038,62,28794.690577,hard,0.34553775743707094,0.34553775743707094,0,615
0.095805,71,28821.391075,hard,0.16670480549199085,0.16670480549199085,0,709
0.180637,52,28840.072785,hard,0.2324370709382151,0.2324370709382151,0,518
0.163778,55,28859.729273,hard,0.2184782608695652,0.2184782608695652,0,547
2.537096,72,28886.038002,hard,0.6090961098398169,2.609096109839817,2,720
0.175334,55,28907.096752,hard,0.23003432494279177,0.23003432494279177,0,547
0.20939,58,28927.747191,hard,0.2665903890160183,0.2665903890160183,0,572
0.069171,56,28948.20705,hard,0.12437070938215103,0.12437070938215103,0,552
0.127443,60,28970.817963,hard,0.18724256292906177,0.18724256292906177,0,598
0.28914,59,28992.41523,hard,0.34754004576659037,0.34754004576659037,0,584
0.199523,58,29013.496239,hard,0.25732265446224256,0.25732265446224256,0,578
0.241065,54,29033.976484,hard,0.29416475972540046,0.29416475972540046,0,531
0.178112,58,29055.149994,hard,0.23541189931350115,0.23541189931350115,0,573
0.1469,54,29074.95947,hard,0.2,0.2,0,531
2.457253,65,29099.448275,hard,0.5214530892448512,2.5214530892448512,2,642
0.14809,56,29120.915056,hard,0.20348970251716247,0.20348970251716247,0,554
0.116366,54,29141.338187,hard,0.16996567505720825,0.16996567505720825,0,536
0.142522,64,29165.71591,hard,0.20652173913043478,0.20652173913043478,0,640
1.33824,72,29192.999615,hard,0.4102402745995423,1.4102402745995424,1,720
0.174189,54,29213.384284,hard,0.22768878718535468,0.22768878718535468,0,535
0.271458,55,29233.542184,hard,0.32585812356979404,0.32585812356979404,0,544
0.15963,55,29252.841048,hard,0.2141304347826087,0.2141304347826087,0,545
0.319694,63,29277.99946,hard,0.3824942791762014,0.3824942791762014,0,628
0.241569,57,29299.761236,hard,0.2981693363844394,0.2981693363844394,0,566
0.226651,56,29320.898291,hard,0.28175057208237986,0.28175057208237986,0,551
0.29735,59,29343.196782,hard,0.35635011441647596,0.35635011441647596,0,590
0.255918,72,29370.679053,hard,0.32791762013729975,0.32791762013729975,0,720
0.074478,57,29391.728807,hard,0.13117848970251716,0.13117848970251716,0,567
0.215714,59,29412.952927,hard,0.27471395881006866,0.27471395881006866,0,590
0.177539,57,29434.179547,hard,0.23403890160183066,0.23403890160183066,0,565
0.234904,57,29455.962134,hard,0.29130434782608694,0.29130434782608694,0,564
0.249175,54,29477.817778,hard,0.30297482837528605,0.30297482837528605,0,538
0.317917,60,29500.352257,hard,0.377116704805492,0.377116704805492,0,592
0.024088,53,29519.531114,hard,0.07688787185354691,0.07688787185354691,0,528
0.099568,72,29546.498857,hard,0.1715675057208238,0.1715675057208238,0,720
0.162934,55,29567.136279,hard,0.2173340961098398,0.2173340961098398,0,544
1.270261,59,29589.464408,hard,0.3286613272311213,1.3286613272311212,1,584
0.233378,72,29614.907328,hard,0.3053775743707094,0.3053775743707094,0,720
0.228593,54,29635.086816,hard,0.2816933638443936,0.2816933638443936,0,531
2.50546,72,29664.162727,hard,0.5774599542334096,2.57745995423341,2,720
0.154009,54,29684.597704,hard,0.2076086956521739,0.2076086956521739,0,536
0.068107,63,29708.148575,hard,0.13100686498855835,0.13100686498855835,0,629
0.219129,57,29729.402117,hard,0.27562929061784897,0.27562929061784897,0,565
0.241283,57,29751.945517,hard,0.2974828375286041,0.2974828375286041,0,562
0.199483,61,29774.000817,hard,0.2601830663615561,0.2601830663615561,0,607
0.115259,62,29797.413578,hard,0.17665903890160184,0.17665903890160184,0,614
0.191281,67,29822.690987,hard,0.2581807780320366,0.2581807780320366,0,669
1.453195,68,29848.678859,hard,0.520995423340961,1.520995423340961,1,678
0.147646,56,29871.007824,hard,0.20314645308924484,0.20314645308924484,0,555
0.252192,54,29891.280857,hard,0.3058924485125858,0.3058924485125858,0,537
0.148611,62,29915.211787,hard,0.21001144164759725,0.21001144164759725,0,614
0.298364,58,29937.147915,hard,0.3560640732265446,0.3560640732265446,0,577
0.105637,52,29955.133829,hard,0.1574370709382151,0.1574370709382151,0,518
0.179339,56,29976.356109,hard,0.23443935926773454,0.23443935926773454,0,551
0.167584,57,29997.911079,hard,0.2236842105263158,0.2236842105263158,0,561
0.182991,72,30025.238824,hard,0.25469107551487413,0.25469107551487413,0,717
1.321021,72,30053.524266,hard,0.39302059496567504,1.393020594965675,1,720
0.339439,57,30075.666147,hard,0.39633867276887874,0.39633867276887874,0,569
0.255744,59,30097.68051,hard,0.31384439359267735,0.31384439359267735,0,581
0.293503,72,30124.870342,hard,0.3655034324942792,0.3655034324942792,0,720
0.305939,54,30145.423943,hard,0.35903890160183066,0.35903890160183066,0,531
0.13603,53,30165.250963,hard,0.1887299771167048,0.1887299771167048,0,527
0.359065,61,30188.155419,hard,0.41956521739130437,0.41956521739130437,0,605
2.504333,62,30210.918968,hard,0.5661327231121281,2.566132723112128,2,618
0.150205,55,30231.562737,hard,0.2048054919908467,0.2048054919908467,0,546
0.237494,70,30259.509404,hard,0.30749427917620137,0.30749427917620137,0,700
0.216585,58,30281.412572,hard,0.27408466819221966,0.27408466819221966,0,575
0.271603,69,30305.937531,hard,0.34050343249427917,0.34050343249427917,0,689
2.6157,72,30333.715444,hard,0.6877002288329519,2.687700228832952,2,720
2.573533,68,30359.303257,hard,0.6411327231121281,2.641132723112128,2,676
0.227362,64,30383.273422,hard,0.2913615560640732,0.2913615560640732,0,640
0.146116,56,30403.510159,hard,0.2013157894736842,0.2013157894736842,0,552
0.074668,60,30425.397256,hard,0.13426773455377575,0.13426773455377575,0,596
0.348865,58,30449.575742,hard,0.4064645308924485,0.4064645308924485,0,576
0.287035,56,30469.759997,hard,0.3427345537757437,0.3427345537757437,0,557
0.24699,57,30491.577463,hard,0.30389016018306636,0.30389016018306636,0,569
0.257486,56,30512.932216,hard,0.3125858123569794,0.3125858123569794,0,551
0.163921,55,30534.013025,hard,0.21802059496567505,0.21802059496567505,0,541
2.524911,72,30560.815862,hard,0.5969107551487414,2.596910755148741,2,720
0.193781,65,30585.667808,hard,0.2581807780320366,0.2581807780320366,0,644
0.181656,55,30605.483541,hard,0.23615560640732267,0.23615560640732267,0,545
0.166445,61,30630.228041,hard,0.22654462242562928,0.22654462242562928,0,601
0.183562,59,30652.310433,hard,0.242162471395881,0.242162471395881,0,586
0.074972,63,30675.933449,hard,0.13787185354691076,0.13787185354691076,0,629
0.16923,58,30697.982977,hard,0.22643020594965674,0.22643020594965674,0,572
0.210094,72,30725.648373,hard,0.2820938215102975,0.2820938215102975,0,720
0.147463,58,30747.222181,hard,0.20526315789473684,0.20526315789473684,0,578
0.231057,57,30768.805382,hard,0.28735697940503435,0.28735697940503435,0,563
0.221494,61,30791.31547,hard,0.2820938215102975,0.2820938215102975,0,606
0.168141,56,30812.277869,hard,0.22334096109839818,0.22334096109839818,0,552
1.387216,52,30833.475106,hard,0.43901601830663617,1.4390160183066363,1,518
0.162475,53,30853.616604,hard,0.2152745995423341,0.2152745995423341,0,528
0.1276,72,30880.347397,hard,0.1995995423340961,0.1995995423340961,0,720
0.104945,72,30908.06441,hard,0.17694508009153317,0.17694508009153317,0,720
0.24613,56,30929.084874,hard,0.30143020594965675,0.30143020594965675,0,553
0.285494,72,30955.852223,hard,0.35749427917620136,0.35749427917620136,0,720
0.215835,53,30975.572113,hard,0.2685354691075515,0.2685354691075515,0,527
0.133486,55,30995.235793,hard,0.1879862700228833,0.1879862700228833,0,545
2.61919,72,31024.536279,hard,0.6911899313501144,2.6911899313501144,2,720
1.32205,72,31051.53572,hard,0.3940503432494279,1.394050343249428,1,720
1.440929,72,31077.91138,hard,0.5129290617848971,1.512929061784897,1,720
1.376522,69,31104.151623,hard,0.4446224256292906,1.4446224256292906,1,681
0.320263,60,31126.787528,hard,0.37986270022883295,0.37986270022883295,0,596
0.253902,60,31148.443278,hard,0.3139016018306636,0.3139016018306636,0,600
0.256541,55,31168.154018,hard,0.31064073226544625,0.31064073226544625,0,541
0.277449,66,31192.782016,hard,0.34324942791762014,0.34324942791762014,0,658
0.224251,58,31216.399652,hard,0.28215102974828377,0.28215102974828377,0,579
0.141409,55,31236.465999,hard,0.19570938215102976,0.19570938215102976,0,543
0.315966,55,31257.040668,hard,0.37036613272311214,0.37036613272311214,0,544
0.147186,54,31277.359447,hard,0.20028604118993135,0.20028604118993135,0,531
0.303243,72,31304.568865,hard,0.3749427917620137,0.3749427917620137,0,717
1.393932,60,31326.460043,hard,0.4530320366132723,1.4530320366132723,1,591
0.173833,56,31346.774791,hard,0.22923340961098398,0.22923340961098398,0,554
2.515938,55,31367.672069,hard,0.5705377574370709,2.570537757437071,2,546
0.256282,54,31387.854622,hard,0.3093821510297483,0.3093821510297483,0,531
0.125677,54,31409.662354,hard,0.1795766590389016,0.1795766590389016,0,539
2.529854,56,31430.932055,hard,0.584954233409611,2.584954233409611,2,551
0.28113,58,31452.754745,hard,0.33872997711670483,0.33872997711670483,0,576
0.247796,62,31476.47902,hard,0.30909610983981695,0.30909610983981695,0,613
0.304156,57,31497.629462,hard,0.36115560640732264,0.36115560640732264,0,570
0.232966,62,31520.967588,hard,0.2949656750572082,0.2949656750572082,0,620
0.238521,55,31542.311542,hard,0.29342105263157897,0.29342105263157897,0,549
0.03972,53,31562.880108,hard,0.09221967963386728,0.09221967963386728,0,525
0.166643,59,31585.861264,hard,0.2253432494279176,0.2253432494279176,0,587
2.493332,72,31613.548365,hard,0.5653318077803203,2.5653318077803204,2,720
0.083387,55,31634.179802,hard,0.13838672768878718,0.13838672768878718,0,550
0.287249,56,31655.116431,hard,0.34324942791762014,0.34324942791762014,0,560
0.246192,72,31681.078047,hard,0.31819221967963385,0.31819221967963385,0,720
0.174287,53,31700.069798,hard,0.226487414187643,0.226487414187643,0,522
0.309421,59,31721.545908,hard,0.3684210526315789,0.3684210526315789,0,590
0.261467,72,31748.626595,hard,0.33346681922196797,0.33346681922196797,0,720
0.201579,55,31769.343742,hard,0.2565789473684211,0.2565789473684211,0,550
0.253443,59,31793.319649,hard,0.3122425629290618,0.3122425629290618,0,588
0.172345,55,31814.006087,hard,0.22654462242562928,0.22654462242562928,0,542
0.152217,63,31837.109533,hard,0.21521739130434783,0.21521739130434783,0,630
0.271216,56,31857.160442,hard,0.3267162471395881,0.3267162471395881,0,555
0.187462,55,31876.600602,hard,0.2417620137299771,0.2417620137299771,0,543
0.329471,58,31897.930285,hard,0.38707093821510297,0.38707093821510297,0,576
0.180055,56,31918.122813,hard,0.23575514874141876,0.23575514874141876,0,557
0.311625,61,31941.139177,hard,0.37202517162471394,0.37202517162471394,0,604
0.284977,58,31963.017223,hard,0.34227688787185356,0.34227688787185356,0,573
0.117165,53,31984.381645,hard,0.16956521739130434,0.16956521739130434,0,524
0.097201,54,32004.836191,hard,0.15120137299771166,0.15120137299771166,0,540
0.277422,55,32025.499498,hard,0.33152173913043476,0.33152173913043476,0,541
0.167331,60,32047.938434,hard,0.22723112128146453,0.22723112128146453,0,599
0.128222,54,32068.954412,hard,0.1815217391304348,0.1815217391304348,0,533
0.411905,68,32095.533604,hard,0.4790045766590389,0.4790045766590389,0,671
0.236988,66,32117.737275,hard,0.3022883295194508,0.3022883295194508,0,653
0.239125,58,32138.127141,hard,0.297025171624714,0.297025171624714,0,579
0.146899,53,32157.512697,hard,0.19919908466819222,0.19919908466819222,0,523
0.187006,56,32180.177605,hard,0.24290617848970253,0.24290617848970253,0,559
0.296457,54,32200.369767,hard,0.35005720823798625,0.35005720823798625,0,536
0.150661,53,32219.728331,hard,0.20326086956521738,0.20326086956521738,0,526
0.210386,53,32240.005674,hard,0.2625858123569794,0.2625858123569794,0,522
0.136167,60,32261.990628,hard,0.19576659038901603,0.19576659038901603,0,596
0.207127,54,32281.5439,hard,0.26092677345537757,0.26092677345537757,0,538
0.18518,60,32304.079266,hard,0.24508009153318078,0.24508009153318078,0,599
0.109005,58,32325.318336,hard,0.16670480549199085,0.16670480549199085,0,577
0.229373,72,32352.748997,hard,0.3013729977116705,0.3013729977116705,0,720
0.153219,64,32377.71061,hard,0.2164187643020595,0.2164187643020595,0,632
0.183775,57,32399.597146,hard,0.2402745995423341,0.2402745995423341,0,565
0.221161,58,32421.412785,hard,0.2782608695652174,0.2782608695652174,0,571
0.229658,59,32443.401029,hard,0.2881578947368421,0.2881578947368421,0,585
0.220677,72,32471.351056,hard,0.2926773455377574,0.2926773455377574,0,720
0.273778,70,32498.05356,hard,0.34347826086956523,0.34347826086956523,0,697
0.170446,58,32520.31221,hard,0.22814645308924486,0.22814645308924486,0,577
0.177178,54,32540.022273,hard,0.23117848970251717,0.23117848970251717,0,540
0.301662,66,32566.269184,hard,0.36676201372997713,0.36676201372997713,0,651
0.145898,53,32585.803014,hard,0.19799771167048055,0.19799771167048055,0,521
0.253954,56,32606.791381,hard,0.309954233409611,0.309954233409611,0,560
0.172587,54,32627.998731,hard,0.226487414187643,0.226487414187643,0,539
0.261251,59,32649.917278,hard,0.3194508009153318,0.3194508009153318,0,582
0.245386,56,32670.462816,hard,0.30068649885583526,0.30068649885583526,0,553
0.297151,60,32692.937459,hard,0.35675057208237987,0.35675057208237987,0,596
0.214439,58,32714.036992,hard,0.2717391304347826,0.2717391304347826,0,573
0.16438,56,32734.452883,hard,0.21967963386727687,0.21967963386727687,0,553
2.609355,65,32760.293157,hard,0.6734553775743707,2.6734553775743706,2,641
0.0907,72,32787.847277,hard,0.16270022883295193,0.16270022883295193,0,720
2.591616,72,32814.111088,hard,0.6636155606407322,2.663615560640732,2,720
2.577451,56,32835.873876,hard,0.6325514874141877,2.6325514874141875,2,551
0.133086,55,32856.59132,hard,0.1879862700228833,0.1879862700228833,0,549
0.278066,55,32877.162227,hard,0.33306636155606406,0.33306636155606406,0,550
0.167727,56,32898.350927,hard,0.22322654462242564,0.22322654462242564,0,555
0.130082,54,32918.738293,hard,0.1839816933638444,0.1839816933638444,0,539
0.15853,56,32939.831337,hard,0.2137299771167048,0.2137299771167048,0,552
0.113321,55,32962.58383,hard,0.16802059496567506,0.16802059496567506,0,547
0.259551,60,32985.23652,hard,0.3194508009153318,0.3194508009153318,0,599
0.090764,53,33005.213369,hard,0.14376430205949656,0.14376430205949656,0,530
0.343306,62,33028.26164,hard,0.40520594965675055,0.40520594965675055,0,619
0.30586,59,33049.514287,hard,0.36475972540045765,0.36475972540045765,0,589
0.308378,72,33075.669411,hard,0.3803775743707094,0.3803775743707094,0,720
0.382074,58,33097.509385,hard,0.4398741418764302,0.4398741418764302,0,578
0.07306,55,33117.790968,hard,0.1274599542334096,0.1274599542334096,0,544
0.09274,55,33140.73713,hard,0.14754004576659038,0.14754004576659038,0,548
0.24087,59,33163.173078,hard,0.29897025171624714,0.29897025171624714,0,581
0.075619,67,33188.466928,hard,0.1418192219679634,0.1418192219679634,0,662
0.241166,55,33209.653653,hard,0.29536613272311213,0.29536613272311213,0,542
0.319673,57,33230.909472,hard,0.3763729977116705,0.3763729977116705,0,567
0.158429,55,33250.884156,hard,0.21252860411899313,0.21252860411899313,0,541
0.220801,56,33271.740063,hard,0.2762013729977117,0.2762013729977117,0,554
0.269014,57,33293.281046,hard,0.32511441647597256,0.32511441647597256,0,561
1.437429,64,33316.989054,hard,0.500629290617849,1.5006292906178489,1,632
0.130167,54,33339.622095,hard,0.18386727688787186,0.18386727688787186,0,537
0.322394,72,33366.745267,hard,0.39439359267734553,0.39439359267734553,0,720
0.351688,63,33390.330491,hard,0.41418764302059496,0.41418764302059496,0,625
2.51564,57,33412.044017,hard,0.5721395881006865,2.5721395881006863,2,565
0.098058,66,33436.968341,hard,0.1631578947368421,0.1631578947368421,0,651
0.197489,69,33463.044302,hard,0.2657894736842105,0.2657894736842105,0,683
0.224151,58,33485.007853,hard,0.28175057208237986,0.28175057208237986,0,576
2.447879,71,33512.618615,hard,0.5188787185354691,2.5188787185354693,2,710
0.276607,55,33534.566539,hard,0.33100686498855836,0.33100686498855836,0,544
0.358091,60,33556.704288,hard,0.41739130434782606,0.41739130434782606,0,593
0.047535,59,33578.599007,hard,0.10583524027459955,0.10583524027459955,0,583
0.297356,64,33602.242143,hard,0.36115560640732264,0.36115560640732264,0,638
0.056741,55,33623.142511,hard,0.11104118993135012,0.11104118993135012,0,543
2.470973,56,33644.293645,hard,0.5263729977116705,2.5263729977116705,2,554
0.017201,59,33667.124933,hard,0.07620137299771167,0.07620137299771167,0,590
0.37736,63,33691.366055,hard,0.44016018306636157,0.44016018306636157,0,628
1.268108,52,33711.60371,hard,0.31990846681922197,1.319908466819222,1,518
0.384473,55,33734.323858,hard,0.43907322654462244,0.43907322654462244,0,546
2.524595,59,33756.559888,hard,0.5828947368421052,2.582894736842105,2,583
0.271915,54,33776.232961,hard,0.3259153318077803,0.3259153318077803,0,540
2.486317,66,33802.194055,hard,0.552116704805492,2.552116704805492,2,658
0.258705,59,33824.770386,hard,0.3171052631578947,0.3171052631578947,0,584
0.137289,54,33845.922962,hard,0.19038901601830663,0.19038901601830663,0,531
0.330043,58,33868.307167,hard,0.3876430205949657,0.3876430205949657,0,576
0.174232,54,33888.071035,hard,0.22763157894736843,0.22763157894736843,0,534
0.022588,55,33909.498763,hard,0.0772883295194508,0.0772883295194508,0,547
0.169527,55,33931.876715,hard,0.2240274599542334,0.2240274599542334,0,545
0.175437,57,33952.839628,hard,0.2320366132723112,0.2320366132723112,0,566
0.149003,54,33972.231703,hard,0.20240274599542335,0.20240274599542335,0,534
0.137577,56,33993.196498,hard,0.19267734553775745,0.19267734553775745,0,551
0.145923,62,34016.155006,hard,0.20772311212814645,0.20772311212814645,0,618
0.314707,54,34037.149652,hard,0.3687070938215103,0.3687070938215103,0,540
0.089619,53,34057.854219,hard,0.1418192219679634,0.1418192219679634,0,522
0.213943,62,34081.961157,hard,0.2753432494279176,0.2753432494279176,0,614
0.059445,55,34103.100508,hard,0.11424485125858123,0.11424485125858123,0,548
0.162997,72,34131.763219,hard,0.23489702517162472,0.23489702517162472,0,719
0.107863,72,34158.358745,hard,0.17986270022883294,0.17986270022883294,0,720
0.039721,54,34178.828091,hard,0.09342105263157895,0.09342105263157895,0,537
1.276055,72,34205.646965,hard,0.3480549199084668,1.3480549199084668,1,720
0.195471,54,34225.657597,hard,0.24937070938215103,0.24937070938215103,0,539
0.347765,60,34247.079291,hard,0.4068649885583524,0.4068649885583524,0,591
0.193168,54,34266.93664,hard,0.2465675057208238,0.2465675057208238,0,534
0.179839,55,34286.543344,hard,0.23443935926773454,0.23443935926773454,0,546
0.375097,60,34310.356612,hard,0.4344965675057208,0.4344965675057208,0,594
0.246086,55,34330.877793,hard,0.30068649885583526,0.30068649885583526,0,546
0.214695,57,34352.229111,hard,0.2709954233409611,0.2709954233409611,0,563
0.12135,60,34374.878037,hard,0.1809496567505721,0.1809496567505721,0,596
0.275826,60,34397.82648,hard,0.3355263157894737,0.3355263157894737,0,597
0.27933,60,34420.624922,hard,0.3391304347826087,0.3391304347826087,0,598
0.258801,55,34442.493859,hard,0.3135011441647597,0.3135011441647597,0,547
0.259522,72,34468.539546,hard,0.33152173913043476,0.33152173913043476,0,720
0.198673,53,34488.284136,hard,0.2513729977116705,0.2513729977116705,0,527
0.173132,55,34510.89436,hard,0.22803203661327232,0.22803203661327232,0,549
0.078965,53,34530.706726,hard,0.1318649885583524,0.1318649885583524,0,529
0.280029,58,34552.297256,hard,0.33752860411899316,0.33752860411899316,0,575
0.313836,68,34577.671118,hard,0.38163615560640735,0.38163615560640735,0,678
0.297861,56,34598.975194,hard,0.3532608695652174,0.3532608695652174,0,554
0.224663,56,34619.123719,hard,0.2802631578947368,0.2802631578947368,0,556
0.240166,56,34639.733543,hard,0.29536613272311213,0.29536613272311213,0,552
0.108099,54,34660.305114,hard,0.16149885583524026,0.16149885583524026,0,534
0.15776,58,34682.26761,hard,0.21516018306636156,0.21516018306636156,0,574
0.116573,60,34706.105597,hard,0.17637299771167048,0.17637299771167048,0,598
0.215844,61,34729.919433,hard,0.2761441647597254,0.2761441647597254,0,603
1.389041,72,34757.80246,hard,0.4610411899313501,1.46104118993135,1,720
0.164727,60,34780.079389,hard,0.2240274599542334,0.2240274599542334,0,593
0.124833,54,34800.376478,hard,0.1788329519450801,0.1788329519450801,0,540
0.130078,51,34819.275843,hard,0.18077803203661327,0.18077803203661327,0,507
0.166558,72,34846.427363,hard,0.238558352402746,0.238558352402746,0,720
0.199705,56,34867.721047,hard,0.2548054919908467,0.2548054919908467,0,551
0.039507,54,34890.506596,hard,0.0933066361556064,0.0933066361556064,0,538
2.523921,70,34917.125381,hard,0.593020594965675,2.593020594965675,2,691
2.724968,72,34945.333265,hard,0.7969679633867277,2.7969679633867277,2,720
0.256609,64,34969.782657,hard,0.3203089244851259,0.3203089244851259,0,637
0.301383,72,34996.452322,hard,0.3724828375286041,0.3724828375286041,0,711
0.368357,57,35018.268939,hard,0.42465675057208235,0.42465675057208235,0,563
0.047616,54,35038.503109,hard,0.1013157894736842,0.1013157894736842,0,537
0.36661,55,35059.785499,hard,0.4211098398169336,0.4211098398169336,0,545
0.324489,67,35087.940556,hard,0.3907894736842105,0.3907894736842105,0,663
0.158654,51,35107.218225,hard,0.2095537757437071,0.2095537757437071,0,509
0.174946,53,35127.145809,hard,0.22734553775743707,0.22734553775743707,0,524
0.263413,61,35150.332332,hard,0.323512585812357,0.323512585812357,0,601
0.146606,59,35173.546221,hard,0.20560640732265445,0.20560640732265445,0,590
0.340159,62,35197.072988,hard,0.4020594965675057,0.4020594965675057,0,619
0.405797,67,35222.632646,hard,0.4721967963386728,0.4721967963386728,0,664
0.253094,55,35243.421343,hard,0.30749427917620137,0.30749427917620137,0,544
0.36776,72,35270.557095,hard,0.43975972540045766,0.43975972540045766,0,720
0.044517,58,35294.760182,hard,0.102116704805492,0.102116704805492,0,576
0.201421,55,35314.833294,hard,0.255720823798627,0.255720823798627,0,543
0.172386,53,35335.1326,hard,0.22488558352402746,0.22488558352402746,0,525
0.220784,53,35355.845844,hard,0.2732837528604119,0.2732837528604119,0,525
0.151306,55,35376.4356,hard,0.20560640732265445,0.20560640732265445,0,543
0.244556,55,35397.392797,hard,0.2992562929061785,0.2992562929061785,0,547
0.28289,71,35423.926338,hard,0.35389016018306635,0.35389016018306635,0,710
0.239206,54,35443.652503,hard,0.2929061784897025,0.2929061784897025,0,537
0.241268,56,35464.561573,hard,0.2965675057208238,0.2965675057208238,0,553
0.188964,55,35486.695696,hard,0.24376430205949656,0.24376430205949656,0,548
0.201935,66,35511.578771,hard,0.26773455377574373,0.26773455377574373,0,658
1.440696,57,35532.955124,hard,0.4967963386727689,1.496796338672769,1,561
0.11715,52,35552.405087,hard,0.16905034324942791,0.16905034324942791,0,519
0.327657,72,35580.400498,hard,0.3996567505720824,0.3996567505720824,0,720
0.215676,51,35599.910212,hard,0.2664759725400458,0.2664759725400458,0,508
0.397077,58,35621.792515,hard,0.4545766590389016,0.4545766590389016,0,575
2.637501,64,35646.198514,hard,0.7008009153318078,2.7008009153318078,2,633
0.30956,56,35666.916581,hard,0.36516018306636155,0.36516018306636155,0,556
0.240665,54,35689.61546,hard,0.29416475972540046,0.29416475972540046,0,535
0.250913,61,35712.670202,hard,0.3112128146453089,0.3112128146453089,0,603
0.182157,56,35733.381922,hard,0.23775743707093822,0.23775743707093822,0,556
0.244015,57,35755.322123,hard,0.3009153318077803,0.3009153318077803,0,569
0.272816,54,35776.478284,hard,0.3267162471395881,0.3267162471395881,0,539
0.226893,55,35797.512305,hard,0.2816933638443936,0.2816933638443936,0,548
0.161292,69,35823.894929,hard,0.23009153318077802,0.23009153318077802,0,688
0.230156,57,35845.059732,hard,0.28655606407322654,0.28655606407322654,0,564
0.290752,55,35865.965739,hard,0.3456521739130435,0.3456521739130435,0,549
0.274466,59,35890.772686,hard,0.33306636155606406,0.33306636155606406,0,586
0.072741,51,35910.61384,hard,0.12334096109839816,0.12334096109839816,0,506
0.20954,63,35934.97395,hard,0.2721395881006865,0.2721395881006865,0,626
0.342073,72,35962.417698,hard,0.4140732265446224,0.4140732265446224,0,720
0.103712,57,35984.602566,hard,0.16041189931350114,0.16041189931350114,0,567
0.163463,55,36005.311404,hard,0.2175629290617849,0.2175629290617849,0,541
0.298051,59,36026.55385,hard,0.35675057208237987,0.35675057208237987,0,587
0.31387,72,36054.112364,hard,0.3858695652173913,0.3858695652173913,0,720
0.312025,60,36078.762282,hard,0.37202517162471394,0.37202517162471394,0,600
0.201265,56,36100.267145,hard,0.2572654462242563,0.2572654462242563,0,560
0.027691,52,36120.901102,hard,0.07929061784897025,0.07929061784897025,0,516
0.196578,59,36143.964194,hard,0.2553775743707094,0.2553775743707094,0,588
0.120814,54,36164.062832,hard,0.17431350114416477,0.17431350114416477,0,535
0.171229,55,36184.269075,hard,0.22562929061784898,0.22562929061784898,0,544
0.250978,55,36205.196485,hard,0.3053775743707094,0.3053775743707094,0,544
0.178797,57,36226.669845,hard,0.2352974828375286,0.2352974828375286,0,565
0.188166,58,36248.948126,hard,0.24536613272311214,0.24536613272311214,0,572
0.171827,52,36270.902692,hard,0.22322654462242564,0.22322654462242564,0,514
0.156233,60,36293.668294,hard,0.21613272311212814,0.21613272311212814,0,599
0.241769,57,36315.065438,hard,0.2981693363844394,0.2981693363844394,0,564
0.300694,57,36336.223083,hard,0.3570938215102975,0.3570938215102975,0,564
0.133988,56,36357.773995,hard,0.18958810068649887,0.18958810068649887,0,556
0.269112,54,36377.819137,hard,0.3227116704805492,0.3227116704805492,0,536
0.174167,72,36404.43327,hard,0.2461670480549199,0.2461670480549199,0,720
0.292944,59,36426.359229,hard,0.3511441647597254,0.3511441647597254,0,582
0.214838,56,36448.123125,hard,0.2705377574370709,0.2705377574370709,0,557
0.258443,55,36471.127318,hard,0.3126430205949657,0.3126430205949657,0,542
0.178651,54,36492.03698,hard,0.23215102974828375,0.23215102974828375,0,535
0.239525,58,36514.045339,hard,0.297025171624714,0.297025171624714,0,575
1.609312,64,36537.996747,hard,0.673112128146453,1.6731121281464532,1,638
0.142496,54,36559.537854,hard,0.19639588100686498,0.19639588100686498,0,539
0.1387,62,36583.599023,hard,0.2004004576659039,0.2004004576659039,0,617
0.359193,60,36606.109785,hard,0.41859267734553773,0.41859267734553773,0,594
0.312558,51,36626.117507,hard,0.363558352402746,0.363558352402746,0,510
0.395332,71,36652.025028,hard,0.46573226544622426,0.46573226544622426,0,704
0.15657,55,36674.19116,hard,0.2108695652173913,0.2108695652173913,0,543
0.166844,72,36700.6968,hard,0.23884439359267734,0.23884439359267734,0,720
0.195772,55,36721.214085,hard,0.2501716247139588,0.2501716247139588,0,544
0.152408,55,36741.445031,hard,0.20720823798627003,0.20720823798627003,0,548
0.120097,53,36761.199815,hard,0.17259725400457665,0.17259725400457665,0,525
0.23436,56,36781.781477,hard,0.2897597254004577,0.2897597254004577,0,554
0.178097,57,36802.383124,hard,0.23489702517162472,0.23489702517162472,0,568
0.300792,56,36822.432331,hard,0.35589244851258584,0.35589244851258584,0,551
0.194069,54,36841.876735,hard,0.24776887871853548,0.24776887871853548,0,537
0.173995,72,36869.228298,hard,0.2459954233409611,0.2459954233409611,0,720
0.137388,53,36888.401715,hard,0.18958810068649887,0.18958810068649887,0,522
0.178897,56,36909.107362,hard,0.23489702517162472,0.23489702517162472,0,560
0.107016,58,36929.878684,hard,0.16441647597254005,0.16441647597254005,0,574
0.180197,56,36949.773278,hard,0.2352974828375286,0.2352974828375286,0,551
0.415356,59,36971.9679,hard,0.4738558352402746,0.4738558352402746,0,585
0.205767,53,36990.671777,hard,0.25846681922196796,0.25846681922196796,0,527
0.127581,56,37010.895476,hard,0.1835812356979405,0.1835812356979405,0,560
0.074622,57,37032.942264,hard,0.13152173913043477,0.13152173913043477,0,569
0.160551,72,37057.201866,hard,0.23255148741418763,0.23255148741418763,0,720
0.162633,54,37076.873634,hard,0.21613272311212814,0.21613272311212814,0,535
0.197063,58,37097.364452,hard,0.25486270022883295,0.25486270022883295,0,578
0.194173,58,37118.252265,hard,0.2517734553775744,0.2517734553775744,0,576
2.494912,53,37136.057303,hard,0.5477116704805493,2.5477116704805494,2,528
0.275324,59,37157.280921,hard,0.33392448512585815,0.33392448512585815,0,586
0.102957,59,37177.586619,hard,0.16195652173913044,0.16195652173913044,0,590
0.256657,57,37196.152234,hard,0.3127574370709382,0.3127574370709382,0,561
0.185965,59,37218.47468,hard,0.24416475972540047,0.24416475972540047,0,582
0.199071,51,37234.592915,hard,0.2497711670480549,0.2497711670480549,0,507
0.309474,56,37253.469526,hard,0.3648741418764302,0.3648741418764302,0,554
0.173192,58,37272.57298,hard,0.2308924485125858,0.2308924485125858,0,577
1.366097,57,37294.019081,hard,0.42219679633867274,1.4221967963386728,1,561
0.192121,64,37315.847609,hard,0.255720823798627,0.255720823798627,0,636
0.199159,53,37335.094546,hard,0.25125858123569794,0.25125858123569794,0,521
0.132788,57,37354.424629,hard,0.18918764302059496,0.18918764302059496,0,564
0.331494,63,37374.819932,hard,0.39439359267734553,0.39439359267734553,0,629
0.242287,59,37395.165246,hard,0.3010869565217391,0.3010869565217391,0,588
0.204085,58,37413.680514,hard,0.2617848970251716,0.2617848970251716,0,577
0.302721,66,37436.29057,hard,0.3684210526315789,0.3684210526315789,0,657
0.211135,57,37456.380606,hard,0.2681350114416476,0.2681350114416476,0,570
1.376314,61,37477.693105,hard,0.4370137299771167,1.4370137299771166,1,607
0.191809,54,37495.292267,hard,0.24570938215102975,0.24570938215102975,0,539
0.149691,55,37513.487924,hard,0.20469107551487414,0.20469107551487414,0,550
1.346181,63,37534.643467,hard,0.4085812356979405,1.4085812356979406,1,624
0.16724,55,37552.514237,hard,0.22213958810068649,0.22213958810068649,0,549
