#{"t_start": 1778956384.9006011, "env_id": "None"}
r,l,t,profile,damage_pct,score,stars,ticks_elapsed
0.18124,54,18.049865,hard,0.23524027459954233,0.23524027459954233,0,540
0.0053,70,40.488598,hard,0.075,0.075,0,697
0.169332,59,60.782774,hard,0.22763157894736843,0.22763157894736843,0,583
0.241468,56,80.124801,hard,0.29736842105263156,0.29736842105263156,0,559
0.126183,59,99.843293,hard,0.18478260869565216,0.18478260869565216,0,586
0.193959,58,118.746646,hard,0.25165903890160185,0.25165903890160185,0,577
0.13037,56,137.895898,hard,0.1862700228832952,0.1862700228832952,0,559
0.182558,56,156.538863,hard,0.238558352402746,0.238558352402746,0,560
0.178663,64,180.370864,hard,0.2425629290617849,0.2425629290617849,0,639
0.131359,71,203.607622,hard,0.20205949656750571,0.20205949656750571,0,707
0.130581,53,220.523421,hard,0.1835812356979405,0.1835812356979405,0,530
0.083669,52,237.878902,hard,0.13546910755148742,0.13546910755148742,0,518
0.248995,72,261.844726,hard,0.3209954233409611,0.3209954233409611,0,720
0.236186,65,283.429425,hard,0.30068649885583526,0.30068649885583526,0,645
0.15284,58,302.934392,hard,0.21024027459954234,0.21024027459954234,0,574
0.182291,72,327.356194,hard,0.2542906178489702,0.2542906178489702,0,720
0.140512,58,349.465611,hard,0.1981121281464531,0.1981121281464531,0,576
0.151076,66,371.957626,hard,0.21647597254004577,0.21647597254004577,0,654
0.188365,56,391.357681,hard,0.24416475972540047,0.24416475972540047,0,558
0.131789,59,410.528549,hard,0.19038901601830663,0.19038901601830663,0,586
0.365643,72,434.961337,hard,0.4376430205949657,0.4376430205949657,0,720
0.065466,55,453.645694,hard,0.12036613272311213,0.12036613272311213,0,549
0.081485,56,472.005515,hard,0.1371853546910755,0.1371853546910755,0,557
0.217538,53,490.282323,hard,0.2705377574370709,0.2705377574370709,0,530
0.161181,61,510.182196,hard,0.22128146453089245,0.22128146453089245,0,601
0.267874,72,536.670211,hard,0.3398741418764302,0.3398741418764302,0,720
0.086581,72,561.349243,hard,0.1585812356979405,0.1585812356979405,0,720
0.221657,66,584.346661,hard,0.28695652173913044,0.28695652173913044,0,653
0.200678,56,603.397473,hard,0.25617848970251716,0.25617848970251716,0,555
0.166324,55,622.12318,hard,0.22122425629290618,0.22122425629290618,0,549
0.263252,58,640.812372,hard,0.32065217391304346,0.32065217391304346,0,574
0.126481,57,660.552101,hard,0.1831807780320366,0.1831807780320366,0,567
0.167223,54,679.206764,hard,0.2204233409610984,0.2204233409610984,0,532
0.064459,62,703.140075,hard,0.12625858123569794,0.12625858123569794,0,618
0.157313,55,721.871938,hard,0.21161327231121282,0.21161327231121282,0,543
0.291558,72,745.988602,hard,0.363558352402746,0.363558352402746,0,720
0.11551,69,768.689005,hard,0.18381006864988558,0.18381006864988558,0,683
0.101816,63,789.514468,hard,0.16401601830663615,0.16401601830663615,0,622
0.108408,62,809.942751,hard,0.16950800915331807,0.16950800915331807,0,611
0.175757,62,831.12574,hard,0.23735697940503434,0.23735697940503434,0,616
0.16268,58,850.017873,hard,0.22008009153318078,0.22008009153318078,0,574
0.244998,67,874.437849,hard,0.3110983981693364,0.3110983981693364,0,661
0.054223,54,893.233263,hard,0.10732265446224257,0.10732265446224257,0,531
0.246775,57,913.37578,hard,0.3033752860411899,0.3033752860411899,0,566
0.27292,70,937.988783,hard,0.3422196796338673,0.3422196796338673,0,693
0.239499,72,960.243707,hard,0.3114988558352403,0.3114988558352403,0,720
0.162219,55,977.278265,hard,0.2164187643020595,0.2164187643020595,0,542
0.238683,72,1001.344176,hard,0.31018306636155607,0.31018306636155607,0,715
0.206083,54,1019.082356,hard,0.2597826086956522,0.2597826086956522,0,537
0.053039,57,1038.013927,hard,0.10943935926773456,0.10943935926773456,0,564
0.049063,69,1063.111327,hard,0.11796338672768879,0.11796338672768879,0,689
0.258404,58,1082.595883,hard,0.31630434782608696,0.31630434782608696,0,579
0.116623,54,1100.869498,hard,0.1704233409610984,0.1704233409610984,0,538
0.171032,57,1121.223145,hard,0.22763157894736843,0.22763157894736843,0,566
0.035202,55,1139.472111,hard,0.08930205949656751,0.08930205949656751,0,541
0.160236,71,1163.15114,hard,0.23123569794050344,0.23123569794050344,0,710
0.221602,55,1182.034724,hard,0.27660183066361554,0.27660183066361554,0,550
0.042146,61,1203.085978,hard,0.10274599542334097,0.10274599542334097,0,606
0.167845,72,1229.211818,hard,0.23924485125858125,0.23924485125858125,0,714
0.153212,58,1249.211364,hard,0.21081235697940504,0.21081235697940504,0,576
0.219362,72,1273.423243,hard,0.2913615560640732,0.2913615560640732,0,720
0.32375,70,1297.122089,hard,0.39364988558352404,0.39364988558352404,0,699
0.126741,72,1321.757747,hard,0.19874141876430207,0.19874141876430207,0,720
0.115067,57,1340.550183,hard,0.17116704805491992,0.17116704805491992,0,561
0.167827,56,1359.953603,hard,0.22322654462242564,0.22322654462242564,0,554
0.243826,54,1378.454247,hard,0.29742562929061783,0.29742562929061783,0,536
0.015382,57,1399.998627,hard,0.07208237986270023,0.07208237986270023,0,567
0.0341,54,1418.034587,hard,0.08770022883295195,0.08770022883295195,0,536
0.305206,63,1440.450402,hard,0.3675057208237986,0.3675057208237986,0,623
0.224952,59,1460.903749,hard,0.28335240274599544,0.28335240274599544,0,584
0.163321,55,1480.4341,hard,0.21802059496567505,0.21802059496567505,0,547
0.228915,72,1504.36824,hard,0.3009153318077803,0.3009153318077803,0,720
0.134008,61,1524.651973,hard,0.1945080091533181,0.1945080091533181,0,605
0.163822,56,1544.026824,hard,0.21962242562929063,0.21962242562929063,0,558
0.028709,55,1561.684568,hard,0.0830091533180778,0.0830091533180778,0,543
0.198162,56,1581.959509,hard,0.2540617848970252,0.2540617848970252,0,559
0.058358,55,1600.842864,hard,0.11315789473684211,0.11315789473684211,0,548
0.142931,72,1625.308239,hard,0.21493135011441647,0.21493135011441647,0,720
0.154918,62,1646.125474,hard,0.2160183066361556,0.2160183066361556,0,611
0.380305,62,1667.963596,hard,0.44170480549199087,0.44170480549199087,0,614
6.1e-05,54,1685.896598,hard,0.05326086956521739,0.05326086956521739,0,532
0.16776,72,1711.290662,hard,0.23975972540045767,0.23975972540045767,0,720
0.061747,55,1730.064564,hard,0.11624713958810069,0.11624713958810069,0,545
0.236728,64,1754.831969,hard,0.29982837528604117,0.29982837528604117,0,631
0.048935,57,1774.626794,hard,0.10543478260869565,0.10543478260869565,0,565
0.284052,62,1795.95403,hard,0.3456521739130435,0.3456521739130435,0,616
0.068254,54,1814.750653,hard,0.12185354691075514,0.12185354691075514,0,536
0.168375,72,1839.024278,hard,0.2402745995423341,0.2402745995423341,0,719
0.137491,55,1857.014972,hard,0.1923913043478261,0.1923913043478261,0,549
0.219786,56,1876.19459,hard,0.27568649885583524,0.27568649885583524,0,559
0.182447,59,1896.697585,hard,0.2408466819221968,0.2408466819221968,0,584
0.145924,63,1918.341848,hard,0.20892448512585812,0.20892448512585812,0,630
0.160661,55,1939.07309,hard,0.21556064073226544,0.21556064073226544,0,549
0.099748,55,1957.583335,hard,0.15434782608695652,0.15434782608695652,0,546
0.120133,60,1977.73088,hard,0.17923340961098397,0.17923340961098397,0,591
0.251189,64,2000.692397,hard,0.31498855835240275,0.31498855835240275,0,638
0.137268,72,2024.738625,hard,0.20926773455377573,0.20926773455377573,0,720
0.364544,62,2045.36196,hard,0.4261441647597254,0.4261441647597254,0,616
0.199378,57,2065.172522,hard,0.25577803203661326,0.25577803203661326,0,564
0.196965,61,2085.818211,hard,0.2572654462242563,0.2572654462242563,0,603
0.209289,57,2106.614886,hard,0.2653890160183066,0.2653890160183066,0,561
0.262193,57,2124.915,hard,0.31899313501144166,0.31899313501144166,0,568
0.117787,71,2148.643515,hard,0.18878718535469108,0.18878718535469108,0,710
0.322216,67,2170.284479,hard,0.3890160183066362,0.3890160183066362,0,668
0.196478,72,2195.226004,hard,0.2684782608695652,0.2684782608695652,0,720
0.217899,57,2214.022507,hard,0.2741990846681922,0.2741990846681922,0,563
0.271204,57,2234.466008,hard,0.3282036613272311,0.3282036613272311,0,570
0.164384,72,2259.414353,hard,0.23638443935926773,0.23638443935926773,0,720
0.152528,60,2282.887566,hard,0.21212814645308925,0.21212814645308925,0,596
0.07818,55,2301.652582,hard,0.13278032036613271,0.13278032036613271,0,546
0.05603,58,2321.659688,hard,0.11332951945080091,0.11332951945080091,0,573
0.079251,54,2340.26085,hard,0.13255148741418765,0.13255148741418765,0,533
0.168353,66,2362.503503,hard,0.23375286041189933,0.23375286041189933,0,654
0.184867,61,2383.298577,hard,0.24576659038901602,0.24576659038901602,0,609
0.100609,58,2403.238478,hard,0.1580091533180778,0.1580091533180778,0,574
0.181841,55,2422.508514,hard,0.23604118993135012,0.23604118993135012,0,542
0.044413,55,2441.177354,hard,0.09891304347826087,0.09891304347826087,0,545
0.13462,71,2467.441554,hard,0.20532036613272311,0.20532036613272311,0,707
0.128,72,2492.30204,hard,0.2,0.2,0,720
0.175161,66,2515.142323,hard,0.24096109839816934,0.24096109839816934,0,658
0.03812,55,2534.424578,hard,0.09262013729977117,0.09262013729977117,0,545
0.184201,55,2553.00335,hard,0.23850114416475973,0.23850114416475973,0,543
0.160222,59,2573.22297,hard,0.21922196796338672,0.21922196796338672,0,590
2.533586,55,2593.228117,hard,0.5879862700228833,2.587986270022883,2,544
0.143195,53,2611.693578,hard,0.1959954233409611,0.1959954233409611,0,528
0.186066,60,2632.307652,hard,0.24536613272311214,0.24536613272311214,0,593
0.159377,58,2654.106195,hard,0.21727688787185354,0.21727688787185354,0,579
0.158712,53,2672.255476,hard,0.21081235697940504,0.21081235697940504,0,521
0.169786,56,2690.920149,hard,0.22488558352402746,0.22488558352402746,0,551
0.120875,58,2710.760658,hard,0.17797482837528605,0.17797482837528605,0,571
0.171832,56,2729.616933,hard,0.22763157894736843,0.22763157894736843,0,558
0.09467,55,2749.252494,hard,0.14897025171624714,0.14897025171624714,0,543
0.132768,52,2768.056109,hard,0.18426773455377574,0.18426773455377574,0,515
0.188063,55,2787.708578,hard,0.24296338672768877,0.24296338672768877,0,549
0.050833,53,2806.294228,hard,0.10383295194508009,0.10383295194508009,0,530
0.140153,56,2827.234447,hard,0.19605263157894737,0.19605263157894737,0,559
0.020202,57,2847.067796,hard,0.07660183066361556,0.07660183066361556,0,564
0.071857,54,2865.709128,hard,0.12505720823798627,0.12505720823798627,0,532
0.089994,55,2884.439564,hard,0.14439359267734553,0.14439359267734553,0,544
0.192011,55,2903.01759,hard,0.24691075514874142,0.24691075514874142,0,549
0.123477,57,2923.121442,hard,0.1795766590389016,0.1795766590389016,0,561
0.272919,57,2942.380856,hard,0.3295194508009153,0.3295194508009153,0,566
0.189368,58,2962.721114,hard,0.24736842105263157,0.24736842105263157,0,580
0.19899,55,2981.732625,hard,0.25389016018306637,0.25389016018306637,0,549
0.21048,60,3004.106779,hard,0.2700800915331808,0.2700800915331808,0,596
0.212153,72,3029.212068,hard,0.2841533180778032,0.2841533180778032,0,720
0.344558,56,3049.129238,hard,0.40045766590389015,0.40045766590389015,0,559
0.118214,57,3068.683332,hard,0.17471395881006865,0.17471395881006865,0,565
0.118819,60,3089.946225,hard,0.17871853546910754,0.17871853546910754,0,599
0.152008,56,3109.904695,hard,0.20720823798627003,0.20720823798627003,0,552
0.050417,53,3128.562269,hard,0.10251716247139588,0.10251716247139588,0,521
0.250592,55,3147.965455,hard,0.30549199084668194,0.30549199084668194,0,549
0.291252,54,3166.568314,hard,0.3452517162471396,0.3452517162471396,0,540
0.072944,54,3187.15443,hard,0.1261441647597254,0.1261441647597254,0,532
0.289443,61,3208.477405,hard,0.3499427917620137,0.3499427917620137,0,605
0.295848,59,3228.661207,hard,0.35474828375286044,0.35474828375286044,0,589
0.196661,57,3247.518017,hard,0.2532608695652174,0.2532608695652174,0,566
0.120372,56,3267.629289,hard,0.1755720823798627,0.1755720823798627,0,552
0.103913,58,3287.862185,hard,0.1616132723112128,0.1616132723112128,0,577
0.236963,56,3306.711416,hard,0.2929633867276888,0.2929633867276888,0,560
0.036316,54,3325.826061,hard,0.08941647597254004,0.08941647597254004,0,531
0.179054,56,3344.743071,hard,0.2345537757437071,0.2345537757437071,0,555
0.092697,68,3369.835653,hard,0.1598970251716247,0.1598970251716247,0,672
0.232964,61,3391.506698,hard,0.29376430205949655,0.29376430205949655,0,608
0.136688,53,3409.570641,hard,0.18918764302059496,0.18918764302059496,0,525
0.125177,55,3427.17223,hard,0.17997711670480548,0.17997711670480548,0,548
0.135289,56,3446.713898,hard,0.19038901601830663,0.19038901601830663,0,551
0.183359,56,3465.992216,hard,0.23895881006864989,0.23895881006864989,0,556
0.157131,58,3486.302959,hard,0.21493135011441647,0.21493135011441647,0,578
1.3526,72,3511.118759,hard,0.42459954233409614,1.424599542334096,1,720
0.132329,56,3531.505257,hard,0.18752860411899314,0.18752860411899314,0,552
0.304372,59,3552.130866,hard,0.36287185354691076,0.36287185354691076,0,585
0.03791,59,3572.407057,hard,0.09610983981693363,0.09610983981693363,0,582
0.019205,61,3592.687609,hard,0.0794050343249428,0.0794050343249428,0,602
0.320435,61,3614.970222,hard,0.38083524027459953,0.38083524027459953,0,604
0.187354,60,3636.280394,hard,0.24685354691075514,0.24685354691075514,0,595
0.091168,56,3655.869437,hard,0.1465675057208238,0.1465675057208238,0,554
0.168239,67,3678.759306,hard,0.23443935926773454,0.23443935926773454,0,662
0.092786,58,3699.057017,hard,0.15028604118993136,0.15028604118993136,0,575
0.104897,55,3719.622807,hard,0.1598970251716247,0.1598970251716247,0,550
0.128179,54,3737.258164,hard,0.18197940503432494,0.18197940503432494,0,538
0.289985,60,3757.235998,hard,0.3494851258581236,0.3494851258581236,0,595
0.079051,54,3774.698036,hard,0.13215102974828374,0.13215102974828374,0,531
0.068255,56,3794.002604,hard,0.12345537757437071,0.12345537757437071,0,552
0.028792,52,3811.219557,hard,0.08049199084668192,0.08049199084668192,0,517
0.161032,55,3830.453741,hard,0.21573226544622426,0.21573226544622426,0,547
0.216515,59,3850.493198,hard,0.2755148741418764,0.2755148741418764,0,590
0.163584,72,3875.148689,hard,0.23558352402745997,0.23558352402745997,0,720
0.067456,69,3899.925616,hard,0.13615560640732266,0.13615560640732266,0,687
0.08909,53,3917.496156,hard,0.1415903890160183,0.1415903890160183,0,525
0.188572,62,3938.030971,hard,0.2501716247139588,0.2501716247139588,0,616
0.231856,55,3957.401109,hard,0.28655606407322654,0.28655606407322654,0,547
0.236407,58,3977.090547,hard,0.2937070938215103,0.2937070938215103,0,573
2.494819,72,4000.010023,hard,0.5668192219679634,2.5668192219679633,2,720
0.036405,56,4018.385149,hard,0.09170480549199085,0.09170480549199085,0,553
0.322276,57,4038.131561,hard,0.3787757437070938,0.3787757437070938,0,565
0.020108,63,4061.535124,hard,0.08220823798627003,0.08220823798627003,0,621
0.268119,61,4082.312498,hard,0.32871853546910756,0.32871853546910756,0,606
0.18114,54,4100.554682,hard,0.23483981693363845,0.23483981693363845,0,537
0.0784,72,4124.643856,hard,0.1504004576659039,0.1504004576659039,0,720
0.274261,55,4143.585682,hard,0.3286613272311213,0.3286613272311213,0,544
0.125919,54,4162.360528,hard,0.17951945080091533,0.17951945080091533,0,536
0.224506,57,4181.97561,hard,0.28060640732265446,0.28060640732265446,0,561
0.042823,53,4200.287458,hard,0.09502288329519451,0.09502288329519451,0,522
0.129081,55,4219.096296,hard,0.1835812356979405,0.1835812356979405,0,545
0.153809,54,4238.787553,hard,0.2076086956521739,0.2076086956521739,0,538
0.144533,72,4262.958034,hard,0.21653318077803205,0.21653318077803205,0,720
0.150416,64,4284.286722,hard,0.21361556064073225,0.21361556064073225,0,632
1.282176,72,4308.651766,hard,0.3541762013729977,1.3541762013729977,1,720
0.104052,55,4327.073867,hard,0.15835240274599544,0.15835240274599544,0,543
0.170346,57,4346.330084,hard,0.22734553775743707,0.22734553775743707,0,570
0.029109,54,4364.940333,hard,0.0830091533180778,0.0830091533180778,0,539
0.185821,58,4385.19737,hard,0.24302059496567505,0.24302059496567505,0,572
0.107111,53,4403.048634,hard,0.16001144164759726,0.16001144164759726,0,529
0.245186,68,4428.191391,hard,0.3129862700228833,0.3129862700228833,0,678
0.231388,71,4451.87456,hard,0.3022883295194508,0.3022883295194508,0,709
0.030899,56,4470.754285,hard,0.08689931350114416,0.08689931350114416,0,560
0.117824,54,4489.913331,hard,0.1712242562929062,0.1712242562929062,0,534
0.244699,67,4512.827626,hard,0.3114988558352403,0.3114988558352403,0,668
0.05586,72,4537.545889,hard,0.1278604118993135,0.1278604118993135,0,720
0.255984,55,4556.277098,hard,0.31098398169336383,0.31098398169336383,0,550
0.298366,72,4581.482764,hard,0.37036613272311214,0.37036613272311214,0,720
0.107513,55,4602.031309,hard,0.1616132723112128,0.1616132723112128,0,541
0.173443,65,4624.180725,hard,0.23804347826086958,0.23804347826086958,0,646
0.084575,57,4643.400173,hard,0.14067505720823797,0.14067505720823797,0,561
0.15903,56,4663.151851,hard,0.2141304347826087,0.2141304347826087,0,551
0.160723,72,4688.09454,hard,0.23272311212814645,0.23272311212814645,0,720
0.22529,54,4706.649295,hard,0.2784897025171625,0.2784897025171625,0,532
0.222236,59,4727.276395,hard,0.28123569794050346,0.28123569794050346,0,590
0.157343,68,4750.369242,hard,0.22494279176201373,0.22494279176201373,0,676
0.140424,69,4775.765166,hard,0.20852402745995424,0.20852402745995424,0,681
0.172844,54,4794.181852,hard,0.2261441647597254,0.2261441647597254,0,533
0.163124,59,4814.017911,hard,0.22122425629290618,0.22122425629290618,0,581
0.195391,72,4838.590542,hard,0.2673913043478261,0.2673913043478261,0,720
0.19886,54,4857.363576,hard,0.2528604118993135,0.2528604118993135,0,540
0.119991,72,4882.650475,hard,0.1919908466819222,0.1919908466819222,0,720
0.186345,54,4901.30432,hard,0.23964530892448513,0.23964530892448513,0,533
0.163336,69,4925.620221,hard,0.23163615560640732,0.23163615560640732,0,683
0.153733,63,4948.907043,hard,0.21613272311212814,0.21613272311212814,0,624
0.19348,64,4970.776714,hard,0.25737986270022883,0.25737986270022883,0,639
0.136032,55,4989.01181,hard,0.19033180778032036,0.19033180778032036,0,543
0.24896,67,5012.672321,hard,0.31516018306636157,0.31516018306636157,0,662
0.171275,57,5032.195471,hard,0.22797482837528604,0.22797482837528604,0,567
0.071358,55,5051.026397,hard,0.12545766590389015,0.12545766590389015,0,541
0.146719,58,5071.120815,hard,0.20451945080091533,0.20451945080091533,0,578
0.127923,55,5089.599828,hard,0.18232265446224255,0.18232265446224255,0,544
0.141544,60,5110.013936,hard,0.2011441647597254,0.2011441647597254,0,596
0.170537,62,5132.903306,hard,0.2320366132723112,0.2320366132723112,0,615
0.287222,58,5152.373038,hard,0.34462242562929063,0.34462242562929063,0,574
0.253196,56,5172.249646,hard,0.30909610983981695,0.30909610983981695,0,559
0.255703,59,5193.626558,hard,0.3147025171624714,0.3147025171624714,0,590
0.14796,55,5212.865097,hard,0.2028604118993135,0.2028604118993135,0,549
0.230298,56,5232.920412,hard,0.2856979405034325,0.2856979405034325,0,554
0.195971,54,5251.152723,hard,0.24937070938215103,0.24937070938215103,0,534
0.136031,54,5269.763113,hard,0.1895308924485126,0.1895308924485126,0,535
0.259922,72,5294.46497,hard,0.33192219679633866,0.33192219679633866,0,720
0.052439,57,5315.940077,hard,0.10943935926773456,0.10943935926773456,0,570
0.117641,56,5334.092862,hard,0.17334096109839817,0.17334096109839817,0,557
0.069054,54,5352.755528,hard,0.12225400457665904,0.12225400457665904,0,532
0.039621,54,5371.46851,hard,0.09302059496567505,0.09302059496567505,0,534
0.291254,69,5396.028445,hard,0.35995423340961097,0.35995423340961097,0,687
0.252308,67,5419.373757,hard,0.3191075514874142,0.3191075514874142,0,668
0.232977,72,5444.144348,hard,0.3049771167048055,0.3049771167048055,0,720
1.286867,72,5469.673395,hard,0.35886727688787184,1.3588672768878718,1,720
0.156695,52,5489.561784,hard,0.20789473684210527,0.20789473684210527,0,512
0.25831,64,5511.691628,hard,0.32151029748283755,0.32151029748283755,0,632
0.326111,59,5532.058537,hard,0.38421052631578945,0.38421052631578945,0,581
0.14048,55,5551.187884,hard,0.19467963386727688,0.19467963386727688,0,542
0.125597,72,5576.582634,hard,0.19759725400457667,0.19759725400457667,0,720
0.166038,55,5595.904341,hard,0.22053775743707094,0.22053775743707094,0,545
0.204278,65,5618.170973,hard,0.2684782608695652,0.2684782608695652,0,642
0.211506,56,5637.951499,hard,0.26750572082379864,0.26750572082379864,0,560
0.186243,65,5661.864565,hard,0.25034324942791764,0.25034324942791764,0,641
0.246036,61,5682.70433,hard,0.30663615560640733,0.30663615560640733,0,606
2.523595,72,5706.990968,hard,0.5955949656750572,2.5955949656750574,2,720
0.170526,53,5725.473161,hard,0.22282608695652173,0.22282608695652173,0,523
0.172412,63,5747.854852,hard,0.23541189931350115,0.23541189931350115,0,630
0.375694,57,5768.189329,hard,0.43209382151029746,0.43209382151029746,0,564
0.316195,68,5791.885073,hard,0.38329519450800914,0.38329519450800914,0,671
0.094883,53,5809.573499,hard,0.14788329519450802,0.14788329519450802,0,530
0.176668,70,5833.181304,hard,0.2465675057208238,0.2465675057208238,0,699
0.158237,62,5855.946625,hard,0.21973684210526315,0.21973684210526315,0,615
0.308203,58,5876.350065,hard,0.3655034324942792,0.3655034324942792,0,573
0.260908,59,5897.196447,hard,0.31950800915331806,0.31950800915331806,0,586
0.057245,57,5917.208851,hard,0.11424485125858123,0.11424485125858123,0,570
0.23078,65,5940.016025,hard,0.29508009153318077,0.29508009153318077,0,643
0.092496,54,5957.169178,hard,0.146395881006865,0.146395881006865,0,539
0.04873,53,5975.35863,hard,0.10143020594965675,0.10143020594965675,0,527
0.145701,56,5994.527319,hard,0.20080091533180777,0.20080091533180777,0,551
0.228441,58,6016.39926,hard,0.28604118993135014,0.28604118993135014,0,576
0.228253,56,6034.057456,hard,0.2841533180778032,0.2841533180778032,0,559
0.061945,53,6051.39807,hard,0.11424485125858123,0.11424485125858123,0,523
0.137146,54,6070.392534,hard,0.1904462242562929,0.1904462242562929,0,533
0.352064,54,6089.268667,hard,0.40606407322654464,0.40606407322654464,0,540
0.201865,55,6108.794894,hard,0.25646453089244853,0.25646453089244853,0,546
0.164536,55,6127.422135,hard,0.21893592677345539,0.21893592677345539,0,544
0.175538,58,6145.818412,hard,0.232837528604119,0.232837528604119,0,573
0.210883,62,6166.553894,hard,0.27248283752860414,0.27248283752860414,0,616
0.164422,55,6185.099206,hard,0.21922196796338672,0.21922196796338672,0,548
0.08148,52,6204.98044,hard,0.13278032036613271,0.13278032036613271,0,513
0.104316,72,6227.941355,hard,0.1763157894736842,0.1763157894736842,0,720
0.062767,58,6247.64875,hard,0.12076659038901602,0.12076659038901602,0,580
0.163634,54,6266.60913,hard,0.2173340961098398,0.2173340961098398,0,537
0.223001,66,6288.39514,hard,0.28850114416475975,0.28850114416475975,0,655
0.053838,55,6306.771215,hard,0.10863844393592677,0.10863844393592677,0,548
0.123776,55,6325.971984,hard,0.17877574370709381,0.17877574370709381,0,550
0.211147,68,6350.112355,hard,0.2789473684210526,0.2789473684210526,0,678
0.278509,55,6369.76318,hard,0.33260869565217394,0.33260869565217394,0,541
0.087378,56,6388.029596,hard,0.1430778032036613,0.1430778032036613,0,557
0.10622,62,6409.158063,hard,0.16762013729977115,0.16762013729977115,0,614
0.110618,56,6428.686126,hard,0.1660183066361556,0.1660183066361556,0,554
0.10922,59,6449.434412,hard,0.16762013729977115,0.16762013729977115,0,584
0.140911,70,6474.772631,hard,0.21001144164759725,0.21001144164759725,0,691
0.277028,60,6495.788647,hard,0.33672768878718534,0.33672768878718534,0,597
0.239426,59,6516.53681,hard,0.29782608695652174,0.29782608695652174,0,584
0.103857,59,6536.014688,hard,0.16235697940503432,0.16235697940503432,0,585
0.269133,72,6562.457856,hard,0.34113272311212817,0.34113272311212817,0,720
0.2187,56,6581.56794,hard,0.2745995423340961,0.2745995423340961,0,559
0.052737,55,6600.623337,hard,0.1074370709382151,0.1074370709382151,0,547
0.233378,72,6625.151735,hard,0.3053775743707094,0.3053775743707094,0,720
0.23573,66,6646.850856,hard,0.30102974828375284,0.30102974828375284,0,653
0.314427,60,6666.976993,hard,0.3740274599542334,0.3740274599542334,0,596
0.277167,57,6686.413929,hard,0.33346681922196797,0.33346681922196797,0,563
0.170649,60,6707.034969,hard,0.2301487414187643,0.2301487414187643,0,595
0.057863,72,6732.50272,hard,0.12986270022883295,0.12986270022883295,0,720
0.214692,54,6750.725578,hard,0.26779176201372995,0.26779176201372995,0,531
0.270917,57,6769.708353,hard,0.3275171624713959,0.3275171624713959,0,566
0.098423,72,6793.873792,hard,0.1704233409610984,0.1704233409610984,0,720
0.117636,64,6814.181683,hard,0.18163615560640733,0.18163615560640733,0,640
0.08898,57,6832.021783,hard,0.14508009153318077,0.14508009153318077,0,561
0.211859,53,6849.689238,hard,0.26435926773455376,0.26435926773455376,0,525
0.237788,65,6871.863775,hard,0.3022883295194508,0.3022883295194508,0,645
0.074073,53,6891.098171,hard,0.1263729977116705,0.1263729977116705,0,523
0.128827,58,6911.195933,hard,0.18632723112128147,0.18632723112128147,0,575
0.22062,72,6936.701504,hard,0.29262013729977115,0.29262013729977115,0,720
0.167048,63,6958.656979,hard,0.22934782608695653,0.22934782608695653,0,623
0.053536,53,6976.828043,hard,0.10623569794050343,0.10623569794050343,0,527
0.194971,55,6996.243561,hard,0.24937070938215103,0.24937070938215103,0,544
0.173995,72,7020.369401,hard,0.2459954233409611,0.2459954233409611,0,720
0.089666,56,7038.971274,hard,0.14536613272311213,0.14536613272311213,0,557
0.123625,62,7059.435313,hard,0.18472540045766592,0.18472540045766592,0,611
0.174167,72,7084.360696,hard,0.2461670480549199,0.2461670480549199,0,720
-0.008016,69,7108.06239,hard,0.060983981693363845,0.060983981693363845,0,690
-0.021048,67,7130.487063,hard,0.04525171624713959,0.04525171624713959,0,663
0.065652,55,7148.892226,hard,0.12025171624713958,0.12025171624713958,0,546
0.191271,59,7168.917887,hard,0.24937070938215103,0.24937070938215103,0,581
0.169312,54,7187.760019,hard,0.2231121281464531,0.2231121281464531,0,538
0.04421,53,7205.602143,hard,0.09651029748283753,0.09651029748283753,0,523
0.192619,62,7226.933349,hard,0.25411899313501146,0.25411899313501146,0,615
0.149704,54,7246.818061,hard,0.20360411899313502,0.20360411899313502,0,539
0.381399,56,7267.062354,hard,0.4364988558352403,0.4364988558352403,0,551
1.369321,62,7288.612337,hard,0.43072082379862703,1.430720823798627,1,614
0.227953,56,7308.745315,hard,0.2837528604118993,0.2837528604118993,0,558
0.259444,55,7327.085356,hard,0.31384439359267735,0.31384439359267735,0,544
0.187096,72,7352.592057,hard,0.25909610983981696,0.25909610983981696,0,720
0.230314,57,7372.271989,hard,0.2870137299771167,0.2870137299771167,0,567
0.16534,57,7391.721843,hard,0.22213958810068649,0.22213958810068649,0,568
0.037405,55,7409.830149,hard,0.09210526315789473,0.09210526315789473,0,547
1.268336,64,7435.415068,hard,0.3316361556064073,1.3316361556064074,1,633
0.221746,56,7455.854107,hard,0.2773455377574371,0.2773455377574371,0,556
0.110208,72,7481.82472,hard,0.18220823798627003,0.18220823798627003,0,720
0.092181,55,7500.978276,hard,0.14628146453089244,0.14628146453089244,0,541
0.149129,64,7524.3926,hard,0.21252860411899313,0.21252860411899313,0,634
0.151929,61,7545.255658,hard,0.212929061784897,0.212929061784897,0,610
0.164028,61,7565.866826,hard,0.2244279176201373,0.2244279176201373,0,604
0.298748,56,7585.199596,hard,0.35434782608695653,0.35434782608695653,0,556
0.064659,62,7609.3523,hard,0.12665903890160182,0.12665903890160182,0,620
0.165846,63,7631.011234,hard,0.22814645308924486,0.22814645308924486,0,623
0.327586,61,7652.24854,hard,0.3879862700228833,0.3879862700228833,0,604
0.184523,61,7674.985599,hard,0.24542334096109839,0.24542334096109839,0,609
0.340071,72,7699.664973,hard,0.412070938215103,0.412070938215103,0,720
0.170563,72,7724.861019,hard,0.2425629290617849,0.2425629290617849,0,720
0.222602,54,7743.512277,hard,0.27660183066361554,0.27660183066361554,0,540
0.154769,56,7762.189127,hard,0.21006864988558352,0.21006864988558352,0,553
0.048252,72,7789.101645,hard,0.12025171624713958,0.12025171624713958,0,720
0.19046,63,7811.434619,hard,0.2528604118993135,0.2528604118993135,0,624
0.302158,62,7834.494438,hard,0.363558352402746,0.363558352402746,0,614
1.223195,72,7859.913212,hard,0.2951945080091533,1.2951945080091534,1,720
0.271822,72,7885.156228,hard,0.3438215102974828,0.3438215102974828,0,720
0.100703,64,7907.5552,hard,0.1647025171624714,0.1647025171624714,0,640
0.169137,63,7928.73045,hard,0.2320366132723112,0.2320366132723112,0,629
0.092703,72,7954.128607,hard,0.1647025171624714,0.1647025171624714,0,720
0.192286,58,7976.256994,hard,0.24988558352402745,0.24988558352402745,0,576
0.220817,57,7995.647118,hard,0.2775171624713959,0.2775171624713959,0,567
0.125178,56,8014.453898,hard,0.18117848970251715,0.18117848970251715,0,560
0.189648,52,8032.36451,hard,0.2416475972540046,0.2416475972540046,0,520
0.268022,64,8054.474467,hard,0.33192219679633866,0.33192219679633866,0,639
0.204602,72,8079.572182,hard,0.27660183066361554,0.27660183066361554,0,720
0.213096,59,8099.763077,hard,0.271395881006865,0.271395881006865,0,583
0.199076,56,8119.514557,hard,0.25417620137299773,0.25417620137299773,0,551
0.160094,72,8146.257215,hard,0.23209382151029748,0.23209382151029748,0,720
0.165239,57,8166.443804,hard,0.22133867276887872,0.22133867276887872,0,561
0.179941,56,8186.349686,hard,0.2356407322654462,0.2356407322654462,0,557
0.178601,60,8207.682417,hard,0.23810068649885582,0.23810068649885582,0,595
0.262268,72,8232.505049,hard,0.33426773455377573,0.33426773455377573,0,720
0.075684,61,8253.230851,hard,0.13598398169336384,0.13598398169336384,0,603
0.169788,58,8272.938014,hard,0.22688787185354692,0.22688787185354692,0,571
0.274796,72,8298.001557,hard,0.3467963386727689,0.3467963386727689,0,720
0.239691,65,8321.093243,hard,0.3046910755148741,0.3046910755148741,0,650
0.204988,60,8343.936446,hard,0.26418764302059494,0.26418764302059494,0,592
0.185687,66,8367.334338,hard,0.25148741418764303,0.25148741418764303,0,658
1.441043,72,8392.916104,hard,0.5130434782608696,1.5130434782608697,1,720
0.124396,72,8418.845733,hard,0.19639588100686498,0.19639588100686498,0,720
0.133687,56,8437.965029,hard,0.18878718535469108,0.18878718535469108,0,551
0.287268,72,8462.60929,hard,0.35926773455377575,0.35926773455377575,0,720
0.19312,62,8484.329545,hard,0.2549199084668192,0.2549199084668192,0,618
0.111354,61,8506.81989,hard,0.17225400457665904,0.17225400457665904,0,609
0.178948,64,8528.456974,hard,0.24204805491990847,0.24204805491990847,0,631
0.0941,56,8547.829958,hard,0.14959954233409611,0.14959954233409611,0,555
0.208535,60,8568.488822,hard,0.26773455377574373,0.26773455377574373,0,592
0.086981,59,8588.555803,hard,0.14548054919908468,0.14548054919908468,0,585
0.148514,64,8611.388957,hard,0.2120137299771167,0.2120137299771167,0,635
0.203986,59,8631.35594,hard,0.2629862700228833,0.2629862700228833,0,590
0.094819,72,8656.233494,hard,0.1668192219679634,0.1668192219679634,0,720
0.004866,53,8674.615689,hard,0.057665903890160186,0.057665903890160186,0,528
0.155926,55,8695.959532,hard,0.2101258581235698,0.2101258581235698,0,542
0.19988,58,8717.221251,hard,0.25778032036613274,0.25778032036613274,0,579
0.179757,58,8738.134164,hard,0.23735697940503434,0.23735697940503434,0,576
0.314427,59,8758.706742,hard,0.3732265446224256,0.3732265446224256,0,588
0.134187,55,8777.729091,hard,0.1883867276887872,0.1883867276887872,0,542
0.160016,55,8796.451197,hard,0.21441647597254004,0.21441647597254004,0,544
0.144817,70,8820.772233,hard,0.21481693363844392,0.21481693363844392,0,700
0.236592,69,8844.548227,hard,0.30509153318077803,0.30509153318077803,0,685
0.205066,53,8865.158448,hard,0.2576659038901602,0.2576659038901602,0,526
0.258288,56,8884.257465,hard,0.314187643020595,0.314187643020595,0,559
0.094985,55,8904.087286,hard,0.14948512585812357,0.14948512585812357,0,545
0.050432,53,8922.858753,hard,0.10263157894736842,0.10263157894736842,0,522
0.254882,55,8941.617425,hard,0.3093821510297483,0.3093821510297483,0,545
0.191875,62,8962.716198,hard,0.2533752860411899,0.2533752860411899,0,615
0.282649,61,8983.113606,hard,0.34324942791762014,0.34324942791762014,0,606
0.14778,60,9004.064931,hard,0.20737986270022885,0.20737986270022885,0,596
0.194981,64,9025.16044,hard,0.2581807780320366,0.2581807780320366,0,632
0.143143,57,9046.283025,hard,0.19994279176201374,0.19994279176201374,0,568
0.036545,65,9069.158898,hard,0.1015446224256293,0.1015446224256293,0,650
0.072974,55,9088.562148,hard,0.12757437070938216,0.12757437070938216,0,546
0.390071,72,9113.115058,hard,0.462070938215103,0.462070938215103,0,720
0.239537,68,9136.23627,hard,0.3070366132723112,0.3070366132723112,0,675
0.329802,60,9157.016176,hard,0.38890160183066363,0.38890160183066363,0,591
0.079527,70,9182.021153,hard,0.1486270022883295,0.1486270022883295,0,691
0.170845,57,9202.451614,hard,0.2269450800915332,0.2269450800915332,0,561
0.169614,55,9223.80165,hard,0.22431350114416476,0.22431350114416476,0,547
0.138992,55,9243.242956,hard,0.19319221967963388,0.19319221967963388,0,542
0.071372,55,9262.81399,hard,0.1255720823798627,0.1255720823798627,0,542
0.160732,67,9286.375465,hard,0.22763157894736843,0.22763157894736843,0,669
0.16065,71,9310.108149,hard,0.23094965675057208,0.23094965675057208,0,703
0.11882,62,9331.044368,hard,0.1799199084668192,0.1799199084668192,0,611
0.122369,64,9353.601092,hard,0.1854691075514874,0.1854691075514874,0,631
1.363526,72,9377.964874,hard,0.4355263157894737,1.4355263157894738,1,720
0.024089,54,9396.36929,hard,0.07808924485125858,0.07808924485125858,0,540
0.169876,72,9423.337405,hard,0.24187643020594965,0.24187643020594965,0,720
0.183128,54,9442.17898,hard,0.23712814645308924,0.23712814645308924,0,540
0.205569,55,9460.886544,hard,0.2604691075514874,0.2604691075514874,0,549
0.176694,56,9480.563742,hard,0.23209382151029748,0.23209382151029748,0,554
0.184962,57,9500.065005,hard,0.24136155606407322,0.24136155606407322,0,564
0.245849,72,9525.091434,hard,0.31784897025171627,0.31784897025171627,0,720
0.143899,55,9544.330453,hard,0.19879862700228834,0.19879862700228834,0,549
0.239823,56,9563.865953,hard,0.2954233409610984,0.2954233409610984,0,556
0.205789,60,9586.535921,hard,0.26498855835240276,0.26498855835240276,0,592
0.191512,57,9606.304447,hard,0.2477116704805492,0.2477116704805492,0,562
0.156847,72,9631.452943,hard,0.22854691075514874,0.22854691075514874,0,717
0.10617,68,9655.100706,hard,0.17356979405034326,0.17356979405034326,0,674
0.064849,54,9673.944614,hard,0.11824942791762014,0.11824942791762014,0,534
0.137992,56,9693.872518,hard,0.19319221967963388,0.19319221967963388,0,552
1.38752,55,9713.384584,hard,0.44221967963386727,1.4422196796338673,1,547
0.046214,54,9731.76917,hard,0.09971395881006866,0.09971395881006866,0,535
0.048056,64,9752.62799,hard,0.11155606407322655,0.11155606407322655,0,635
0.055841,55,9773.102061,hard,0.11064073226544623,0.11064073226544623,0,548
0.069338,52,9790.710364,hard,0.12053775743707094,0.12053775743707094,0,512
0.166338,67,9812.541217,hard,0.23323798627002287,0.23323798627002287,0,669
0.158824,62,9833.324226,hard,0.2208237986270023,0.2208237986270023,0,620
0.217015,71,9857.810959,hard,0.2878146453089245,0.2878146453089245,0,708
0.123239,62,9879.104763,hard,0.18443935926773455,0.18443935926773455,0,612
0.058056,54,9896.796318,hard,0.11115560640732265,0.11115560640732265,0,531
0.141796,55,9915.36347,hard,0.19639588100686498,0.19639588100686498,0,546
0.097629,53,9935.515503,hard,0.15062929061784897,0.15062929061784897,0,530
0.152142,72,9959.073727,hard,0.22414187643020594,0.22414187643020594,0,720
0.179063,64,9981.344034,hard,0.24296338672768877,0.24296338672768877,0,639
0.125712,72,10005.414694,hard,0.1977116704805492,0.1977116704805492,0,720
0.276371,61,10027.261634,hard,0.337070938215103,0.337070938215103,0,607
0.149706,56,10046.720593,hard,0.20520594965675057,0.20520594965675057,0,555
0.217596,54,10066.318736,hard,0.271395881006865,0.271395881006865,0,538
0.13046,72,10091.448086,hard,0.20245995423340962,0.20245995423340962,0,720
0.13799,54,10110.520479,hard,0.1915903890160183,0.1915903890160183,0,536
0.177562,64,10134.894948,hard,0.24136155606407322,0.24136155606407322,0,638
0.26143,53,10153.485144,hard,0.3141304347826087,0.3141304347826087,0,527
0.307763,60,10174.055507,hard,0.3675629290617849,0.3675629290617849,0,598
0.251693,55,10192.676273,hard,0.3066933638443936,0.3066933638443936,0,550
0.152406,53,10211.082566,hard,0.20520594965675057,0.20520594965675057,0,528
0.202714,72,10235.613811,hard,0.27471395881006866,0.27471395881006866,0,720
0.161137,59,10256.673638,hard,0.22013729977116706,0.22013729977116706,0,590
0.141454,56,10276.670413,hard,0.19725400457665904,0.19725400457665904,0,558
0.184245,55,10297.785024,hard,0.23924485125858125,0.23924485125858125,0,550
0.184245,55,10316.887928,hard,0.23924485125858125,0.23924485125858125,0,550
0.176883,59,10337.916613,hard,0.23518306636155606,0.23518306636155606,0,583
0.140071,72,10361.906773,hard,0.21207093821510298,0.21207093821510298,0,720
0.2186,57,10381.740331,hard,0.2754004576659039,0.2754004576659039,0,568
0.020084,54,10401.015377,hard,0.07368421052631578,0.07368421052631578,0,536
0.140529,72,10426.850675,hard,0.21252860411899313,0.21252860411899313,0,720
0.115965,54,10446.29647,hard,0.16956521739130434,0.16956521739130434,0,536
0.174344,52,10464.371479,hard,0.2261441647597254,0.2261441647597254,0,518
0.161927,63,10486.992578,hard,0.2240274599542334,0.2240274599542334,0,621
0.072057,53,10504.335688,hard,0.12505720823798627,0.12505720823798627,0,530
0.130882,54,10522.865283,hard,0.18438215102974828,0.18438215102974828,0,535
0.312897,72,10547.261368,hard,0.3848970251716247,0.3848970251716247,0,720
0.247533,57,10567.302719,hard,0.3038329519450801,0.3038329519450801,0,563
0.136524,72,10592.863159,hard,0.20852402745995424,0.20852402745995424,0,720
0.088175,53,10612.074533,hard,0.1402745995423341,0.1402745995423341,0,521
0.212395,58,10632.366852,hard,0.27019450800915334,0.27019450800915334,0,578
0.116208,54,10651.096053,hard,0.16990846681922198,0.16990846681922198,0,537
0.111429,64,10675.350801,hard,0.17522883295194508,0.17522883295194508,0,638
2.496743,66,10697.791544,hard,0.5622425629290618,2.562242562929062,2,655
0.063666,57,10718.021971,hard,0.12036613272311213,0.12036613272311213,0,567
0.187491,55,10737.573555,hard,0.24239130434782608,0.24239130434782608,0,549
0.178852,55,10757.032022,hard,0.23295194508009154,0.23295194508009154,0,541
1.399625,72,10782.03612,hard,0.47162471395881006,1.4716247139588101,1,720
0.292039,55,10801.128474,hard,0.3467391304347826,0.3467391304347826,0,547
0.178,72,10826.266492,hard,0.25,0.25,0,720
0.159226,64,10849.939664,hard,0.22282608695652173,0.22282608695652173,0,636
0.194014,56,10868.267221,hard,0.24931350114416476,0.24931350114416476,0,553
0.163462,54,10885.999435,hard,0.2167620137299771,0.2167620137299771,0,533
0.100868,71,10910.559853,hard,0.1715675057208238,0.1715675057208238,0,707
0.099715,64,10931.914762,hard,0.16281464530892448,0.16281464530892448,0,631
1.477485,72,10956.576895,hard,0.5494851258581236,1.5494851258581237,1,720
0.032097,53,10974.782861,hard,0.08449656750572082,0.08449656750572082,0,524
0.155746,72,11000.281228,hard,0.22774599542334095,0.22774599542334095,0,720
0.222586,53,11020.465743,hard,0.2748855835240275,0.2748855835240275,0,523
0.092182,55,11039.757552,hard,0.14708237986270023,0.14708237986270023,0,549
0.300549,55,11058.623198,hard,0.3551487414187643,0.3551487414187643,0,546
0.163219,54,11077.878081,hard,0.2164187643020595,0.2164187643020595,0,532
0.096385,53,11096.612882,hard,0.1490846681922197,0.1490846681922197,0,527
0.235365,60,11118.134954,hard,0.29456521739130437,0.29456521739130437,0,592
2.634372,66,11142.635618,hard,0.7001716247139588,2.700171624713959,2,658
0.174932,53,11161.042114,hard,0.22763157894736843,0.22763157894736843,0,527
0.068658,58,11181.586721,hard,0.12585812356979406,0.12585812356979406,0,572
0.253687,61,11204.999736,hard,0.3137871853546911,0.3137871853546911,0,601
0.014787,62,11225.406772,hard,0.07648741418764302,0.07648741418764302,0,617
0.138593,56,11244.583923,hard,0.19399313501144164,0.19399313501144164,0,554
0.153012,58,11265.134018,hard,0.21041189931350116,0.21041189931350116,0,574
0.246872,54,11284.496149,hard,0.3005720823798627,0.3005720823798627,0,537
0.168326,55,11304.554891,hard,0.22282608695652173,0.22282608695652173,0,545
0.146419,58,11323.841244,hard,0.20411899313501145,0.20411899313501145,0,577
0.203182,57,11343.008764,hard,0.25938215102974826,0.25938215102974826,0,562
0.061066,72,11366.598723,hard,0.13306636155606408,0.13306636155606408,0,720
0.131283,54,11385.855306,hard,0.18518306636155607,0.18518306636155607,0,539
0.106822,63,11407.824099,hard,0.16922196796338673,0.16922196796338673,0,624
2.463641,72,11433.926686,hard,0.5356407322654462,2.5356407322654464,2,720
0.191374,62,11455.180725,hard,0.25257437070938216,0.25257437070938216,0,612
0.110008,60,11476.613557,hard,0.16950800915331807,0.16950800915331807,0,595
0.270165,62,11498.207414,hard,0.33146453089244854,0.33146453089244854,0,613
0.085319,57,11518.516773,hard,0.1418192219679634,0.1418192219679634,0,565
0.142905,62,11540.183507,hard,0.2040045766590389,0.2040045766590389,0,611
0.083571,54,11560.271263,hard,0.13747139588100687,0.13747139588100687,0,539
1.298307,58,11579.807616,hard,0.3560068649885583,1.3560068649885584,1,577
0.218503,72,11605.151021,hard,0.2905034324942792,0.2905034324942792,0,720
0.167789,60,11626.273147,hard,0.22768878718535468,0.22768878718535468,0,599
0.178738,55,11645.428448,hard,0.23323798627002287,0.23323798627002287,0,545
0.095507,61,11666.417853,hard,0.15640732265446225,0.15640732265446225,0,609
0.150389,53,11684.22571,hard,0.20268878718535469,0.20268878718535469,0,523
0.148159,54,11702.510352,hard,0.20205949656750571,0.20205949656750571,0,539
0.287834,55,11721.277618,hard,0.34193363844393593,0.34193363844393593,0,541
0.096027,66,11744.788167,hard,0.16132723112128147,0.16132723112128147,0,653
0.082884,54,11763.453995,hard,0.13598398169336384,0.13598398169336384,0,531
0.15323,61,11785.35103,hard,0.2137299771167048,0.2137299771167048,0,605
0.176169,72,11811.278377,hard,0.24816933638443936,0.24816933638443936,0,720
0.303275,63,11833.260635,hard,0.365675057208238,0.365675057208238,0,624
1.351684,72,11858.115022,hard,0.4236842105263158,1.4236842105263157,1,720
0.170242,55,11877.74965,hard,0.22454233409610985,0.22454233409610985,0,543
0.118274,59,11898.533461,hard,0.17717391304347826,0.17717391304347826,0,589
0.172529,53,11918.400984,hard,0.22522883295194507,0.22522883295194507,0,527
0.067473,59,11940.051088,hard,0.1263729977116705,0.1263729977116705,0,589
0.211188,53,11958.62082,hard,0.26418764302059494,0.26418764302059494,0,530
0.110666,72,11982.880498,hard,0.1826659038901602,0.1826659038901602,0,720
0.042509,54,12002.17318,hard,0.09570938215102975,0.09570938215102975,0,532
0.282413,54,12021.82116,hard,0.33621281464530894,0.33621281464530894,0,538
0.276732,64,12043.77941,hard,0.34073226544622426,0.34073226544622426,0,640
0.106439,65,12065.646466,hard,0.1713386727688787,0.1713386727688787,0,649
0.05074,60,12086.222798,hard,0.10983981693363844,0.10983981693363844,0,591
0.178585,59,12108.968284,hard,0.23678489702517164,0.23678489702517164,0,582
0.073961,55,12128.383434,hard,0.1282608695652174,0.1282608695652174,0,543
0.150103,53,12146.956623,hard,0.20280320366132723,0.20280320366132723,0,527
0.080183,55,12166.530753,hard,0.13478260869565217,0.13478260869565217,0,546
0.251913,72,12191.158095,hard,0.3239130434782609,0.3239130434782609,0,720
1.505843,57,12210.248149,hard,0.5626430205949656,1.5626430205949657,1,568
0.119029,57,12230.073296,hard,0.17562929061784896,0.17562929061784896,0,566
0.056647,60,12250.34371,hard,0.1158466819221968,0.1158466819221968,0,592
0.16023,54,12269.958657,hard,0.2141304347826087,0.2141304347826087,0,539
0.20529,62,12292.53563,hard,0.2665903890160183,0.2665903890160183,0,613
0.201684,72,12317.744087,hard,0.2736842105263158,0.2736842105263158,0,720
0.198183,62,12338.927755,hard,0.2601830663615561,0.2601830663615561,0,620
0.148359,54,12358.261244,hard,0.20205949656750571,0.20205949656750571,0,537
0.145747,58,12378.579625,hard,0.20354691075514875,0.20354691075514875,0,578
0.149317,54,12397.949166,hard,0.20251716247139587,0.20251716247139587,0,532
0.115428,60,12418.924022,hard,0.1748283752860412,0.1748283752860412,0,594
0.245798,66,12441.767339,hard,0.3110983981693364,0.3110983981693364,0,653
0.1432,57,12463.997076,hard,0.2,0.2,0,568
0.190266,56,12484.553189,hard,0.24536613272311214,0.24536613272311214,0,551
0.139879,54,12503.771947,hard,0.19387871853546912,0.19387871853546912,0,540
0.145056,54,12523.214401,hard,0.1988558352402746,0.1988558352402746,0,538
0.201064,55,12542.273162,hard,0.2556636155606407,0.2556636155606407,0,546
0.198595,72,12567.256779,hard,0.2705949656750572,0.2705949656750572,0,720
0.274329,64,12588.615732,hard,0.337929061784897,0.337929061784897,0,636
0.184447,57,12607.612449,hard,0.24124713958810068,0.24124713958810068,0,568
0.085178,58,12627.951039,hard,0.1430778032036613,0.1430778032036613,0,579
0.076977,53,12649.035398,hard,0.1299771167048055,0.1299771167048055,0,530
0.118731,72,12675.060363,hard,0.18993135011441648,0.18993135011441648,0,712
0.227394,56,12695.208707,hard,0.28249427917620135,0.28249427917620135,0,551
0.08681,72,12720.515483,hard,0.1588100686498856,0.1588100686498856,0,720
0.105927,69,12744.30354,hard,0.1740274599542334,0.1740274599542334,0,681
0.179182,55,12763.010047,hard,0.2339816933638444,0.2339816933638444,0,548
-0.007812,72,12787.547337,hard,0.06418764302059496,0.06418764302059496,0,720
0.119327,54,12806.585331,hard,0.17322654462242562,0.17322654462242562,0,539
0.140872,72,12833.640261,hard,0.21287185354691077,0.21287185354691077,0,720
0.122966,72,12859.738532,hard,0.19496567505720824,0.19496567505720824,0,720
0.377027,72,12885.059038,hard,0.44902745995423343,0.44902745995423343,0,720
0.159926,63,12907.057878,hard,0.22242562929061785,0.22242562929061785,0,625
0.072904,56,12926.175599,hard,0.12820366132723113,0.12820366132723113,0,553
0.206146,72,12951.272827,hard,0.27814645308924485,0.27814645308924485,0,720
0.077199,72,12976.084558,hard,0.14919908466819223,0.14919908466819223,0,720
0.084175,57,12997.672709,hard,0.1402745995423341,0.1402745995423341,0,561
0.235525,62,13019.823378,hard,0.297025171624714,0.297025171624714,0,615
0.101111,59,13041.147657,hard,0.16001144164759726,0.16001144164759726,0,589
0.204284,57,13061.204932,hard,0.26058352402745993,0.26058352402745993,0,563
0.033616,56,13081.303092,hard,0.08901601830663615,0.08901601830663615,0,554
0.086089,54,13100.666265,hard,0.13998855835240276,0.13998855835240276,0,539
0.144699,55,13119.319669,hard,0.19879862700228834,0.19879862700228834,0,541
0.321249,72,13144.037255,hard,0.39324942791762013,0.39324942791762013,0,720
0.052338,56,13164.558284,hard,0.10783752860411899,0.10783752860411899,0,555
0.086489,54,13185.430331,hard,0.13998855835240276,0.13998855835240276,0,535
0.127479,55,13205.701746,hard,0.18197940503432494,0.18197940503432494,0,545
0.053237,54,13224.531641,hard,0.10703661327231122,0.10703661327231122,0,538
0.267666,65,13247.782707,hard,0.3326659038901602,0.3326659038901602,0,650
0.068568,53,13266.800337,hard,0.1215675057208238,0.1215675057208238,0,530
0.252781,56,13286.44919,hard,0.30818077803203664,0.30818077803203664,0,554
0.155424,54,13304.918434,hard,0.20892448512585812,0.20892448512585812,0,535
0.15039,54,13324.404591,hard,0.20348970251716247,0.20348970251716247,0,531
0.245374,57,13344.918336,hard,0.30217391304347824,0.30217391304347824,0,568
0.184003,56,13367.082417,hard,0.2397025171624714,0.2397025171624714,0,557
0.150772,63,13389.131423,hard,0.21327231121281465,0.21327231121281465,0,625
0.191384,70,13413.985628,hard,0.26098398169336384,0.26098398169336384,0,696
0.161341,62,13435.448257,hard,0.22294050343249427,0.22294050343249427,0,616
0.204385,58,13456.347261,hard,0.2617848970251716,0.2617848970251716,0,574
0.178838,54,13473.866757,hard,0.232837528604119,0.232837528604119,0,540
0.385317,55,13494.885768,hard,0.44021739130434784,0.44021739130434784,0,549
0.229554,56,13515.06162,hard,0.28495423340961096,0.28495423340961096,0,554
0.092494,65,13538.598361,hard,0.15749427917620137,0.15749427917620137,0,650
0.234458,55,13559.942491,hard,0.288558352402746,0.288558352402746,0,541
0.233384,66,13583.997014,hard,0.2986842105263158,0.2986842105263158,0,653
0.215614,59,13604.79323,hard,0.27431350114416475,0.27431350114416475,0,587
0.205072,58,13625.257613,hard,0.2628718535469107,0.2628718535469107,0,578
0.126341,72,13650.405323,hard,0.19834096109839816,0.19834096109839816,0,720
0.081477,61,13672.37123,hard,0.14227688787185355,0.14227688787185355,0,608
0.304373,72,13695.203789,hard,0.3763729977116705,0.3763729977116705,0,720
0.080686,57,13713.14047,hard,0.1375858123569794,0.1375858123569794,0,569
0.183765,61,13738.226748,hard,0.24416475972540047,0.24416475972540047,0,604
0.170972,55,13760.195615,hard,0.22517162471395882,0.22517162471395882,0,542
0.115868,57,13782.382675,hard,0.17196796338672768,0.17196796338672768,0,561
0.051542,61,13805.738717,hard,0.1118421052631579,0.1118421052631579,0,603
0.287733,54,13825.781513,hard,0.34113272311212817,0.34113272311212817,0,534
1.408019,59,13848.613327,hard,0.4668192219679634,1.4668192219679634,1,588
0.342188,72,13875.975438,hard,0.41418764302059496,0.41418764302059496,0,720
0.18485,60,13898.585352,hard,0.24405034324942793,0.24405034324942793,0,592
0.377259,62,13924.758238,hard,0.4389588100686499,0.4389588100686499,0,617
0.225664,68,13948.973432,hard,0.2933638443935927,0.2933638443935927,0,677
0.198678,58,13970.176665,hard,0.25617848970251716,0.25617848970251716,0,575
0.237465,58,13990.175064,hard,0.29456521739130437,0.29456521739130437,0,571
0.091996,55,14009.40256,hard,0.14679633867276887,0.14679633867276887,0,548
0.189258,62,14031.613758,hard,0.2504576659038902,0.2504576659038902,0,612
0.180975,72,14058.213413,hard,0.25297482837528606,0.25297482837528606,0,720
0.23507,64,14081.174776,hard,0.29856979405034323,0.29856979405034323,0,635
0.294857,68,14104.89677,hard,0.36195652173913045,0.36195652173913045,0,671
0.256703,59,14127.620416,hard,0.3155034324942792,0.3155034324942792,0,588
0.2572,56,14147.95451,hard,0.31270022883295195,0.31270022883295195,0,555
0.08824,72,14172.897599,hard,0.15983981693363844,0.15983981693363844,0,716
0.128465,54,14191.846405,hard,0.1822654462242563,0.1822654462242563,0,538
0.335534,57,14212.479193,hard,0.3923340961098398,0.3923340961098398,0,568
0.155823,65,14235.57546,hard,0.2204233409610984,0.2204233409610984,0,646
0.371747,57,14256.336771,hard,0.4285469107551487,0.4285469107551487,0,568
0.273137,72,14282.623687,hard,0.345137299771167,0.345137299771167,0,720
0.150149,55,14304.992711,hard,0.2051487414187643,0.2051487414187643,0,550
0.141196,56,14324.56216,hard,0.19639588100686498,0.19639588100686498,0,552
0.159751,72,14349.229543,hard,0.23175057208237987,0.23175057208237987,0,720
0.174568,72,14376.101687,hard,0.2465675057208238,0.2465675057208238,0,720
0.1454,55,14395.949765,hard,0.2004004576659039,0.2004004576659039,0,550
0.184257,54,14415.016488,hard,0.23775743707093822,0.23775743707093822,0,535
0.22361,60,14436.056686,hard,0.2834096109839817,0.2834096109839817,0,598
0.145914,55,14456.002162,hard,0.20011441647597253,0.20011441647597253,0,542
0.203002,62,14479.430871,hard,0.2643020594965675,0.2643020594965675,0,613
0.133317,57,14499.763923,hard,0.18981693363844393,0.18981693363844393,0,565
0.251094,57,14519.489309,hard,0.30749427917620137,0.30749427917620137,0,564
0.212495,58,14539.759473,hard,0.27019450800915334,0.27019450800915334,0,577
0.089985,60,14560.904796,hard,0.1490846681922197,0.1490846681922197,0,591
0.176645,63,14584.075697,hard,0.23924485125858125,0.23924485125858125,0,626
0.154945,72,14609.029425,hard,0.2269450800915332,0.2269450800915332,0,720
0.138408,69,14632.852053,hard,0.20720823798627003,0.20720823798627003,0,688
0.105918,72,14658.678078,hard,0.17791762013729978,0.17791762013729978,0,720
0.29575,61,14679.31635,hard,0.3559496567505721,0.3559496567505721,0,602
0.266353,55,14697.98422,hard,0.32105263157894737,0.32105263157894737,0,547
0.172486,54,14717.425432,hard,0.22568649885583525,0.22568649885583525,0,532
0.310666,72,14743.591651,hard,0.3826659038901602,0.3826659038901602,0,720
0.176398,72,14769.323417,hard,0.24839816933638445,0.24839816933638445,0,720
0.203494,66,14792.357692,hard,0.26939359267734553,0.26939359267734553,0,659
0.190655,58,14813.114007,hard,0.24845537757437072,0.24845537757437072,0,578
0.137449,56,14832.871671,hard,0.19324942791762015,0.19324942791762015,0,558
0.071958,54,14854.448802,hard,0.12545766590389015,0.12545766590389015,0,535
0.30065,56,14873.939897,hard,0.3559496567505721,0.3559496567505721,0,553
0.179025,56,14894.399491,hard,0.2347254004576659,0.2347254004576659,0,557
0.15553,59,14914.810443,hard,0.2141304347826087,0.2141304347826087,0,586
0.132863,72,14940.028812,hard,0.20486270022883296,0.20486270022883296,0,720
0.247333,57,14960.069011,hard,0.3038329519450801,0.3038329519450801,0,565
2.52657,72,14985.346054,hard,0.5985697940503433,2.598569794050343,2,720
0.137992,56,15005.291689,hard,0.19319221967963388,0.19319221967963388,0,552
0.286341,63,15029.088925,hard,0.34874141876430204,0.34874141876430204,0,624
0.080667,53,15047.648296,hard,0.13346681922196796,0.13346681922196796,0,528
0.069956,54,15067.821533,hard,0.1238558352402746,0.1238558352402746,0,539
0.162137,58,15089.890006,hard,0.21973684210526315,0.21973684210526315,0,576
0.067953,54,15109.357983,hard,0.12105263157894737,0.12105263157894737,0,531
0.186002,54,15128.015677,hard,0.2393020594965675,0.2393020594965675,0,533
0.18775,56,15147.531445,hard,0.24364988558352402,0.24364988558352402,0,559
0.271211,64,15169.666474,hard,0.33461098398169337,0.33461098398169337,0,634
0.225176,66,15192.282307,hard,0.29107551487414185,0.29107551487414185,0,659
0.261089,55,15212.415901,hard,0.3157894736842105,0.3157894736842105,0,547
0.168526,54,15230.801888,hard,0.22242562929061785,0.22242562929061785,0,539
0.058048,59,15252.607928,hard,0.11704805491990847,0.11704805491990847,0,590
0.063148,54,15272.159977,hard,0.11664759725400457,0.11664759725400457,0,535
0.152707,54,15291.565089,hard,0.20600686498855836,0.20600686498855836,0,533
0.260403,55,15310.736263,hard,0.3151029748283753,0.3151029748283753,0,547
0.100799,61,15332.324053,hard,0.16149885583524026,0.16149885583524026,0,607
0.208902,69,15356.626507,hard,0.27700228832951945,0.27700228832951945,0,681
0.145205,60,15377.905501,hard,0.20440503432494278,0.20440503432494278,0,592
0.346258,55,15398.699305,hard,0.40045766590389015,0.40045766590389015,0,542
0.288734,54,15418.106382,hard,0.34193363844393593,0.34193363844393593,0,532
0.145399,54,15438.370046,hard,0.19919908466819222,0.19919908466819222,0,538
0.234478,71,15464.86613,hard,0.3053775743707094,0.3053775743707094,0,709
0.082757,55,15483.665373,hard,0.13695652173913042,0.13695652173913042,0,542
0.248538,60,15505.428169,hard,0.307837528604119,0.307837528604119,0,593
0.187448,55,15524.85497,hard,0.24204805491990847,0.24204805491990847,0,546
0.250635,55,15543.671088,hard,0.30543478260869567,0.30543478260869567,0,548
0.077662,52,15561.51088,hard,0.12946224256292907,0.12946224256292907,0,518
0.308059,56,15584.052851,hard,0.3639588100686499,0.3639588100686499,0,559
0.157748,72,15609.700693,hard,0.22934782608695653,0.22934782608695653,0,716
0.240422,55,15629.67392,hard,0.29462242562929064,0.29462242562929064,0,542
0.145398,53,15648.845745,hard,0.19839816933638443,0.19839816933638443,0,530
0.221401,55,15668.57782,hard,0.2758009153318078,0.2758009153318078,0,544
0.203876,63,15690.65992,hard,0.26687643020594964,0.26687643020594964,0,630
0.214901,61,15712.143863,hard,0.2758009153318078,0.2758009153318078,0,609
0.087894,57,15731.40517,hard,0.14479405034324944,0.14479405034324944,0,569
0.049619,55,15750.947544,hard,0.10411899313501144,0.10411899313501144,0,545
0.151524,57,15772.859071,hard,0.20812356979405033,0.20812356979405033,0,566
0.114219,53,15792.230476,hard,0.16641876430205949,0.16641876430205949,0,522
0.192474,61,15814.630198,hard,0.25257437070938216,0.25257437070938216,0,601
0.262813,62,15836.666776,hard,0.3239130434782609,0.3239130434782609,0,611
0.136489,54,15856.360394,hard,0.18998855835240275,0.18998855835240275,0,535
0.308721,60,15878.031883,hard,0.3684210526315789,0.3684210526315789,0,597
0.063468,59,15898.714612,hard,0.12236842105263158,0.12236842105263158,0,589
0.250863,68,15922.09767,hard,0.3179633867276888,0.3179633867276888,0,671
0.202184,59,15945.973347,hard,0.26098398169336384,0.26098398169336384,0,588
0.257443,55,15966.054355,hard,0.3122425629290618,0.3122425629290618,0,548
0.292032,61,15988.71515,hard,0.3526315789473684,0.3526315789473684,0,606
0.237962,54,16006.932523,hard,0.2913615560640732,0.2913615560640732,0,534
0.20689,60,16028.202798,hard,0.2665903890160183,0.2665903890160183,0,597
0.211107,70,16053.745226,hard,0.28100686498855837,0.28100686498855837,0,699
0.17109,58,16073.836087,hard,0.22848970251716247,0.22848970251716247,0,574
0.181456,55,16094.024955,hard,0.23615560640732267,0.23615560640732267,0,547
0.12126,57,16114.952517,hard,0.1778604118993135,0.1778604118993135,0,566
2.540929,72,16142.832423,hard,0.612929061784897,2.612929061784897,2,720
0.10836,70,16168.617277,hard,0.1778604118993135,0.1778604118993135,0,695
0.134691,58,16190.294567,hard,0.1923913043478261,0.1923913043478261,0,577
0.114739,70,16215.328443,hard,0.18403890160183067,0.18403890160183067,0,693
0.205284,56,16234.60596,hard,0.26098398169336384,0.26098398169336384,0,557
0.201492,55,16254.335394,hard,0.2558924485125858,0.2558924485125858,0,544
0.184543,54,16273.893421,hard,0.23764302059496567,0.23764302059496567,0,531
0.164422,55,16293.315201,hard,0.21882151029748284,0.21882151029748284,0,544
2.628515,60,16316.590896,hard,0.6882151029748284,2.6882151029748282,2,597
0.262793,56,16336.916582,hard,0.31859267734553776,0.31859267734553776,0,558
0.058243,54,16355.696049,hard,0.11224256292906179,0.11224256292906179,0,540
0.131483,54,16375.264885,hard,0.18518306636155607,0.18518306636155607,0,537
0.14061,56,16395.53114,hard,0.19651029748283752,0.19651029748283752,0,559
0.111322,58,16416.049529,hard,0.16882151029748282,0.16882151029748282,0,575
0.081169,54,16433.575967,hard,0.13506864988558354,0.13506864988558354,0,539
0.157139,65,16456.338342,hard,0.22133867276887872,0.22133867276887872,0,642
0.259113,65,16479.245575,hard,0.3239130434782609,0.3239130434782609,0,648
0.132817,70,16505.399287,hard,0.202116704805492,0.202116704805492,0,693
0.204483,56,16525.165298,hard,0.2601830663615561,0.2601830663615561,0,557
2.456364,62,16546.256129,hard,0.5183638443935927,2.5183638443935927,2,620
0.27983,59,16567.579643,hard,0.3383295194508009,0.3383295194508009,0,585
0.205226,56,16587.57643,hard,0.26052631578947366,0.26052631578947366,0,553
0.302047,64,16609.883631,hard,0.36584668192219677,0.36584668192219677,0,638
0.174443,64,16632.31474,hard,0.23764302059496567,0.23764302059496567,0,632
0.099106,69,16656.929409,hard,0.16790617848970252,0.16790617848970252,0,688
0.241389,62,16680.677382,hard,0.3026887871853547,0.3026887871853547,0,613
0.167157,71,16705.8087,hard,0.23735697940503434,0.23735697940503434,0,702
0.154813,57,16726.059027,hard,0.21121281464530892,0.21121281464530892,0,564
0.141797,56,16746.17559,hard,0.19719679633867276,0.19719679633867276,0,554
0.173434,57,16766.012582,hard,0.23003432494279177,0.23003432494279177,0,566
0.112972,63,16788.188904,hard,0.1755720823798627,0.1755720823798627,0,626
0.269063,61,16808.892433,hard,0.32986270022883296,0.32986270022883296,0,608
0.105798,55,16828.389498,hard,0.1606979405034325,0.1606979405034325,0,549
0.328458,72,16854.319679,hard,0.40045766590389015,0.40045766590389015,0,720
0.085979,59,16875.915078,hard,0.144279176201373,0.144279176201373,0,583
0.262896,59,16896.12678,hard,0.32179633867276886,0.32179633867276886,0,589
0.109066,62,16916.794748,hard,0.17036613272311213,0.17036613272311213,0,613
0.220242,55,16936.183025,hard,0.27454233409610984,0.27454233409610984,0,543
0.214957,72,16960.711465,hard,0.28695652173913044,0.28695652173913044,0,720
0.157913,54,16979.786253,hard,0.21161327231121282,0.21161327231121282,0,537
0.132187,57,16999.924292,hard,0.1883867276887872,0.1883867276887872,0,562
0.153641,70,17023.498525,hard,0.22294050343249427,0.22294050343249427,0,693
0.118137,65,17048.032426,hard,0.1824370709382151,0.1824370709382151,0,643
0.262707,56,17067.66355,hard,0.3187070938215103,0.3187070938215103,0,560
0.149719,54,17086.398156,hard,0.20371853546910756,0.20371853546910756,0,540
0.163533,53,17104.522116,hard,0.21653318077803205,0.21653318077803205,0,530
0.198276,56,17124.222325,hard,0.2537757437070938,0.2537757437070938,0,555
0.171675,69,17149.344255,hard,0.2402745995423341,0.2402745995423341,0,686
0.164821,54,17168.841891,hard,0.21842105263157896,0.21842105263157896,0,536
0.16202,56,17188.62669,hard,0.21762013729977117,0.21762013729977117,0,556
0.078349,53,17207.356171,hard,0.1305491990846682,0.1305491990846682,0,522
0.078666,55,17228.711779,hard,0.13306636155606408,0.13306636155606408,0,544
0.197577,57,17249.201049,hard,0.2545766590389016,0.2545766590389016,0,570
0.233818,58,17269.619225,hard,0.29101830663615563,0.29101830663615563,0,572
0.173029,53,17287.11064,hard,0.22562929061784898,0.22562929061784898,0,526
0.057626,53,17305.221704,hard,0.1101258581235698,0.1101258581235698,0,525
0.087289,53,17322.851244,hard,0.13998855835240276,0.13998855835240276,0,527
0.194357,56,17341.671621,hard,0.2496567505720824,0.2496567505720824,0,553
0.209689,57,17361.949858,hard,0.2657894736842105,0.2657894736842105,0,561
0.194156,56,17380.640447,hard,0.24925629290617848,0.24925629290617848,0,551
0.058263,72,17407.878632,hard,0.13026315789473683,0.13026315789473683,0,720
0.16644,56,17427.287735,hard,0.22213958810068649,0.22213958810068649,0,557
0.19872,57,17447.33159,hard,0.25532036613272313,0.25532036613272313,0,566
0.05232,53,17465.213818,hard,0.10532036613272311,0.10532036613272311,0,530
0.252505,65,17488.776113,hard,0.31670480549199087,0.31670480549199087,0,642
0.16208,58,17509.606699,hard,0.21967963386727687,0.21967963386727687,0,576
0.307762,59,17529.918135,hard,0.36676201372997713,0.36676201372997713,0,590
0.213945,63,17551.52806,hard,0.27654462242562927,0.27654462242562927,0,626
0.250824,59,17571.982618,hard,0.30892448512585813,0.30892448512585813,0,581
0.243689,59,17594.508629,hard,0.3026887871853547,0.3026887871853547,0,590
0.36689,62,17616.573763,hard,0.42889016018306636,0.42889016018306636,0,620
0.211753,72,17641.612151,hard,0.2837528604118993,0.2837528604118993,0,720
0.205455,68,17664.112459,hard,0.2734553775743707,0.2734553775743707,0,680
0.160322,59,17685.105558,hard,0.21882151029748284,0.21882151029748284,0,585
0.154711,55,17705.119191,hard,0.20921052631578949,0.20921052631578949,0,545
0.130049,63,17728.089237,hard,0.19244851258581236,0.19244851258581236,0,624
0.136348,56,17748.749099,hard,0.19164759725400457,0.19164759725400457,0,553
0.273522,59,17772.103817,hard,0.33192219679633866,0.33192219679633866,0,584
0.395105,72,17797.318844,hard,0.46710526315789475,0.46710526315789475,0,720
0.409751,72,17822.288751,hard,0.48175057208237987,0.48175057208237987,0,720
1.279249,64,17845.912176,hard,0.3424485125858124,1.3424485125858123,1,632
2.438991,66,17870.834438,hard,0.5046910755148741,2.504691075514874,2,657
0.295251,63,17892.921241,hard,0.35755148741418763,0.35755148741418763,0,623
0.152685,60,17913.586924,hard,0.21218535469107552,0.21218535469107552,0,595
0.170041,54,17932.890345,hard,0.22374141876430206,0.22374141876430206,0,537
0.254298,57,17955.205148,hard,0.31069794050343247,0.31069794050343247,0,564
0.120532,58,17975.771865,hard,0.17763157894736842,0.17763157894736842,0,571
0.328682,56,17994.505759,hard,0.38438215102974826,0.38438215102974826,0,557
2.450276,66,18018.098694,hard,0.5160755148741418,2.516075514874142,2,658
0.251098,60,18039.708529,hard,0.31069794050343247,0.31069794050343247,0,596
0.281826,54,18059.194038,hard,0.3355263157894737,0.3355263157894737,0,537
0.132485,55,18079.04776,hard,0.18678489702517162,0.18678489702517162,0,543
0.320298,66,18102.651064,hard,0.3860983981693364,0.3860983981693364,0,658
0.219944,57,18123.612109,hard,0.2761441647597254,0.2761441647597254,0,562
0.121059,56,18144.190618,hard,0.17665903890160184,0.17665903890160184,0,556
0.223153,61,18164.664573,hard,0.2837528604118993,0.2837528604118993,0,606
0.236083,62,18186.867646,hard,0.2974828375286041,0.2974828375286041,0,614
0.150111,60,18207.555501,hard,0.20921052631578949,0.20921052631578949,0,591
0.265409,55,18226.864049,hard,0.3203089244851259,0.3203089244851259,0,549
0.171535,60,18247.848279,hard,0.23083524027459953,0.23083524027459953,0,593
0.1111,52,18266.192709,hard,0.16270022883295193,0.16270022883295193,0,516
0.227099,60,18287.903394,hard,0.28689931350114417,0.28689931350114417,0,598
0.073757,52,18306.031882,hard,0.12505720823798627,0.12505720823798627,0,513
0.191186,60,18328.672715,hard,0.25028604118993136,0.25028604118993136,0,591
0.124972,64,18351.209054,hard,0.18827231121281465,0.18827231121281465,0,633
0.052851,54,18371.154311,hard,0.10675057208237987,0.10675057208237987,0,539
0.15471,55,18389.947884,hard,0.20881006864988558,0.20881006864988558,0,541
0.092303,61,18412.059385,hard,0.15240274599542333,0.15240274599542333,0,601
0.081482,53,18430.987034,hard,0.1343821510297483,0.1343821510297483,0,529
0.307065,63,18452.785115,hard,0.3695652173913043,0.3695652173913043,0,625
0.053828,59,18474.764475,hard,0.11212814645308924,0.11212814645308924,0,583
0.237661,54,18494.184791,hard,0.29096109839816936,0.29096109839816936,0,533
0.078686,72,18521.404569,hard,0.15068649885583524,0.15068649885583524,0,720
0.196683,64,18544.959772,hard,0.2597826086956522,0.2597826086956522,0,631
0.234766,61,18567.429061,hard,0.2949656750572082,0.2949656750572082,0,602
0.116254,56,18587.094439,hard,0.17185354691075516,0.17185354691075516,0,556
0.110162,69,18611.830528,hard,0.17906178489702518,0.17906178489702518,0,689
0.193475,60,18633.406406,hard,0.25297482837528606,0.25297482837528606,0,595
0.279373,72,18660.028076,hard,0.35137299771167047,0.35137299771167047,0,720
1.38061,53,18679.060598,hard,0.4334096109839817,1.4334096109839818,1,528
0.172347,57,18701.238913,hard,0.22854691075514874,0.22854691075514874,0,562
0.229755,56,18721.395418,hard,0.2857551487414188,0.2857551487414188,0,560
0.175712,72,18747.698696,hard,0.2477116704805492,0.2477116704805492,0,720
0.153931,61,18769.755704,hard,0.21493135011441647,0.21493135011441647,0,610
0.269373,58,18789.488462,hard,0.32677345537757435,0.32677345537757435,0,574
0.288197,72,18814.220115,hard,0.35949656750572084,0.35949656750572084,0,713
0.292754,55,18832.8025,hard,0.34725400457665906,0.34725400457665906,0,545
0.191211,57,18852.597203,hard,0.2473112128146453,0.2473112128146453,0,561
0.154811,56,18874.096824,hard,0.21001144164759725,0.21001144164759725,0,552
0.117169,56,18894.006081,hard,0.17276887871853547,0.17276887871853547,0,556
0.261494,59,18914.761224,hard,0.3197940503432494,0.3197940503432494,0,583
0.096764,72,18941.046434,hard,0.16876430205949658,0.16876430205949658,0,720
0.141443,59,18962.057878,hard,0.19994279176201374,0.19994279176201374,0,585
0.166558,72,18987.222989,hard,0.238558352402746,0.238558352402746,0,720
0.13325,61,19009.568784,hard,0.19364988558352403,0.19364988558352403,0,604
0.253784,58,19029.051896,hard,0.31098398169336383,0.31098398169336383,0,572
0.158126,65,19054.388783,hard,0.22242562929061785,0.22242562929061785,0,643
1.433595,62,19076.711764,hard,0.49559496567505723,1.4955949656750573,1,620
0.156975,59,19098.394076,hard,0.2152745995423341,0.2152745995423341,0,583
0.0351,53,19117.942482,hard,0.08729977116704805,0.08729977116704805,0,522
0.166199,58,19139.11009,hard,0.22379862700228834,0.22379862700228834,0,576
0.111712,62,19161.228171,hard,0.17311212814645308,0.17311212814645308,0,614
0.318732,60,19183.302252,hard,0.37803203661327234,0.37803203661327234,0,593
0.252511,70,19208.039085,hard,0.3223112128146453,0.3223112128146453,0,698
0.315181,69,19233.584954,hard,0.3835812356979405,0.3835812356979405,0,684
0.207788,57,19256.83825,hard,0.26458810068649885,0.26458810068649885,0,568
0.219946,58,19277.936801,hard,0.2773455377574371,0.2773455377574371,0,574
0.05305,54,19297.768071,hard,0.10635011441647597,0.10635011441647597,0,533
0.054561,62,19320.161351,hard,0.11596109839816934,0.11596109839816934,0,614
0.272302,55,19340.19015,hard,0.32660183066361553,0.32660183066361553,0,543
0.077366,56,19360.237221,hard,0.13306636155606408,0.13306636155606408,0,557
0.062546,53,19377.678375,hard,0.1154462242562929,0.1154462242562929,0,529
0.217016,72,19404.81746,hard,0.28901601830663615,0.28901601830663615,0,720
0.195673,56,19427.142388,hard,0.2513729977116705,0.2513729977116705,0,557
0.149723,58,19449.38211,hard,0.20772311212814645,0.20772311212814645,0,580
0.243976,61,19472.341013,hard,0.3041762013729977,0.3041762013729977,0,602
0.121625,63,19496.301281,hard,0.184324942791762,0.184324942791762,0,627
0.050145,65,19520.466826,hard,0.11464530892448513,0.11464530892448513,0,645
0.275368,59,19541.243196,hard,0.33426773455377573,0.33426773455377573,0,589
0.142701,59,19563.643426,hard,0.20120137299771168,0.20120137299771168,0,585
2.489123,69,19589.10288,hard,0.5573226544622426,2.5573226544622427,2,682
0.04843,53,19608.431971,hard,0.10143020594965675,0.10143020594965675,0,530
0.059443,54,19630.294763,hard,0.11304347826086956,0.11304347826086956,0,536
0.117726,55,19649.924403,hard,0.17242562929061786,0.17242562929061786,0,547
0.155535,63,19673.343266,hard,0.2181350114416476,0.2181350114416476,0,626
0.277811,58,19694.731212,hard,0.3350114416475973,0.3350114416475973,0,572
2.603167,68,19717.907311,hard,0.6711670480549199,2.6711670480549197,2,680
0.170386,55,19737.246494,hard,0.22528604118993134,0.22528604118993134,0,549
2.473309,72,19763.317297,hard,0.5453089244851259,2.545308924485126,2,720
0.213883,59,19785.662768,hard,0.272883295194508,0.272883295194508,0,590
0.268858,57,19807.776243,hard,0.32545766590389014,0.32545766590389014,0,566
0.14316,72,19834.566168,hard,0.21516018306636156,0.21516018306636156,0,720
0.079881,54,19852.616294,hard,0.1335812356979405,0.1335812356979405,0,537
0.327916,62,19873.953501,hard,0.3890160183066362,0.3890160183066362,0,611
0.144299,55,19892.366245,hard,0.19919908466819222,0.19919908466819222,0,549
0.348652,72,19917.425953,hard,0.4206521739130435,0.4206521739130435,0,720
0.112179,70,19941.863541,hard,0.18157894736842106,0.18157894736842106,0,694
0.262887,51,19959.222491,hard,0.3137871853546911,0.3137871853546911,0,509
0.200687,63,19980.763997,hard,0.2633867276887872,0.2633867276887872,0,627
2.569846,58,20003.36437,hard,0.6273455377574371,2.627345537757437,2,575
0.194876,59,20024.633313,hard,0.2537757437070938,0.2537757437070938,0,589
0.165865,54,20043.392555,hard,0.21916475972540045,0.21916475972540045,0,533
0.395162,60,20063.711419,hard,0.45446224256292905,0.45446224256292905,0,593
0.333433,58,20083.868137,hard,0.39113272311212816,0.39113272311212816,0,577
0.26259,54,20102.954915,hard,0.3165903890160183,0.3165903890160183,0,540
0.208935,59,20124.876333,hard,0.26773455377574373,0.26773455377574373,0,588
0.150606,55,20144.713112,hard,0.20560640732265445,0.20560640732265445,0,550
0.099119,55,20164.725682,hard,0.15371853546910755,0.15371853546910755,0,546
0.187649,56,20187.394076,hard,0.24324942791762014,0.24324942791762014,0,556
0.124477,56,20208.019508,hard,0.1795766590389016,0.1795766590389016,0,551
0.226912,59,20228.492062,hard,0.28541189931350114,0.28541189931350114,0,585
0.222127,52,20246.70347,hard,0.27362700228832953,0.27362700228832953,0,515
0.146249,72,20272.399461,hard,0.21824942791762014,0.21824942791762014,0,720
0.071173,56,20292.51159,hard,0.12677345537757437,0.12677345537757437,0,556
0.08759,54,20311.828035,hard,0.14118993135011443,0.14118993135011443,0,536
0.174848,55,20332.83634,hard,0.2297482837528604,0.2297482837528604,0,549
0.304378,65,20358.08188,hard,0.3684782608695652,0.3684782608695652,0,641
0.220512,66,20383.148077,hard,0.28581235697940505,0.28581235697940505,0,653
0.079492,64,20406.7478,hard,0.14279176201372998,0.14279176201372998,0,633
0.140295,56,20426.782226,hard,0.19559496567505721,0.19559496567505721,0,553
0.302736,54,20448.062778,hard,0.3566361556064073,0.3566361556064073,0,539
0.18533,54,20467.687611,hard,0.2391304347826087,0.2391304347826087,0,538
0.211092,58,20489.373601,hard,0.26819221967963386,0.26819221967963386,0,571
0.075082,72,20515.312712,hard,0.14708237986270023,0.14708237986270023,0,720
0.222802,54,20535.12866,hard,0.27660183066361554,0.27660183066361554,0,538
0.111118,55,20556.864648,hard,0.16561784897025172,0.16561784897025172,0,545
0.298092,58,20578.456996,hard,0.35589244851258584,0.35589244851258584,0,578
0.155867,53,20596.828283,hard,0.20846681922196797,0.20846681922196797,0,526
0.164024,58,20617.341432,hard,0.22122425629290618,0.22122425629290618,0,572
0.093904,72,20642.545507,hard,0.16590389016018306,0.16590389016018306,0,720
0.228083,70,20666.975583,hard,0.2974828375286041,0.2974828375286041,0,694
0.232813,54,20686.978104,hard,0.2866132723112128,0.2866132723112128,0,538
1.269314,55,20706.493521,hard,0.32431350114416474,1.3243135011441647,1,550
0.060865,59,20728.270932,hard,0.11956521739130435,0.11956521739130435,0,587
0.222292,58,20750.701957,hard,0.280091533180778,0.280091533180778,0,578
0.187467,59,20771.193536,hard,0.24576659038901602,0.24576659038901602,0,583
0.183576,58,20790.963906,hard,0.24147597254004577,0.24147597254004577,0,579
0.219615,57,20811.140355,hard,0.27591533180778033,0.27591533180778033,0,563
0.263069,72,20836.4388,hard,0.33506864988558355,0.33506864988558355,0,720
0.135289,55,20856.228146,hard,0.18998855835240275,0.18998855835240275,0,547
0.163878,55,20876.379395,hard,0.21807780320366132,0.21807780320366132,0,542
0.214698,59,20897.096778,hard,0.27299771167048054,0.27299771167048054,0,583
0.255803,72,20923.818507,hard,0.32780320366132726,0.32780320366132726,0,720
0.148288,54,20942.327397,hard,0.2022883295194508,0.2022883295194508,0,540
0.21401,58,20964.200991,hard,0.2715102974828375,0.2715102974828375,0,575
0.173548,57,20985.568568,hard,0.2297482837528604,0.2297482837528604,0,562
0.152867,56,21005.615437,hard,0.20886727688787185,0.20886727688787185,0,560
0.189269,59,21026.502127,hard,0.24816933638443936,0.24816933638443936,0,589
0.151966,57,21046.383017,hard,0.20806636155606406,0.20806636155606406,0,561
0.151905,53,21064.705902,hard,0.2040045766590389,0.2040045766590389,0,521
0.100305,67,21088.648063,hard,0.16710526315789473,0.16710526315789473,0,668
0.186568,61,21111.194749,hard,0.2469679633867277,0.2469679633867277,0,604
0.118847,72,21137.36551,hard,0.1908466819221968,0.1908466819221968,0,720
1.372812,63,21160.002457,hard,0.435812356979405,1.435812356979405,1,630
0.16694,56,21180.522092,hard,0.2225400457665904,0.2225400457665904,0,556
0.335952,60,21201.988458,hard,0.39525171624713956,0.39525171624713956,0,593
0.255746,72,21227.867595,hard,0.327745995423341,0.327745995423341,0,720
0.077465,55,21247.567855,hard,0.1318649885583524,0.1318649885583524,0,544
0.139393,55,21267.996788,hard,0.19399313501144164,0.19399313501144164,0,546
0.144014,56,21288.656183,hard,0.19971395881006865,0.19971395881006865,0,557
0.31589,63,21311.253346,hard,0.37889016018306637,0.37889016018306637,0,630
0.123677,56,21331.76712,hard,0.1795766590389016,0.1795766590389016,0,559
0.174936,57,21352.315748,hard,0.23163615560640732,0.23163615560640732,0,567
0.19287,57,21373.346422,hard,0.24897025171624715,0.24897025171624715,0,561
0.197574,55,21392.568877,hard,0.25217391304347825,0.25217391304347825,0,546
1.390501,61,21413.860568,hard,0.45080091533180777,1.4508009153318078,1,603
2.515643,72,21438.674402,hard,0.5876430205949656,2.5876430205949656,2,720
0.243732,60,21457.698412,hard,0.3030320366132723,0.3030320366132723,0,593
0.146906,59,21480.270808,hard,0.20520594965675057,0.20520594965675057,0,583
0.361753,72,21506.592608,hard,0.4337528604118993,0.4337528604118993,0,720
0.11254,60,21528.634553,hard,0.1721395881006865,0.1721395881006865,0,596
0.249976,54,21547.983598,hard,0.3037757437070938,0.3037757437070938,0,538
0.190914,60,21569.024922,hard,0.25011441647597255,0.25011441647597255,0,592
0.330888,59,21590.704674,hard,0.38958810068649885,0.38958810068649885,0,587
0.282757,67,21615.107618,hard,0.3496567505720824,0.3496567505720824,0,669
0.337302,65,21638.139991,hard,0.40200228832951945,0.40200228832951945,0,647
0.219561,60,21661.363555,hard,0.2786613272311213,0.2786613272311213,0,591
0.112604,54,21680.912884,hard,0.16630434782608697,0.16630434782608697,0,537
0.178038,56,21700.758206,hard,0.23323798627002287,0.23323798627002287,0,552
1.415862,64,21723.121168,hard,0.47906178489702517,1.4790617848970251,1,632
0.043636,63,21745.076923,hard,0.10623569794050343,0.10623569794050343,0,626
0.242046,61,21767.338146,hard,0.30274599542334096,0.30274599542334096,0,607
0.275635,68,21791.577908,hard,0.3435354691075515,0.3435354691075515,0,679
0.166036,54,21809.725971,hard,0.21933638443935927,0.21933638443935927,0,533
0.117055,57,21830.527045,hard,0.1734553775743707,0.1734553775743707,0,564
0.079881,54,21852.300573,hard,0.13318077803203662,0.13318077803203662,0,533
0.063473,63,21875.468115,hard,0.12597254004576658,0.12597254004576658,0,625
0.396645,68,21900.016101,hard,0.46464530892448513,0.46464530892448513,0,680
0.22429,55,21919.750775,hard,0.27889016018306634,0.27889016018306634,0,546
0.307233,72,21945.993242,hard,0.379233409610984,0.379233409610984,0,720
0.1479,53,21965.494452,hard,0.2004004576659039,0.2004004576659039,0,525
0.155813,56,21985.104024,hard,0.21121281464530892,0.21121281464530892,0,554
0.170428,54,22004.914025,hard,0.2244279176201373,0.2244279176201373,0,540
0.119013,55,22026.241116,hard,0.17351258581235698,0.17351258581235698,0,545
0.135771,52,22044.164597,hard,0.18747139588100686,0.18747139588100686,0,517
0.362786,63,22066.554308,hard,0.42488558352402744,0.42488558352402744,0,621
0.160917,55,22085.230649,hard,0.21521739130434783,0.21521739130434783,0,543
0.154926,56,22105.702991,hard,0.21052631578947367,0.21052631578947367,0,556
0.288634,54,22125.02638,hard,0.34233409610983984,0.34233409610983984,0,537
0.150605,55,22143.344232,hard,0.2048054919908467,0.2048054919908467,0,542
0.105396,54,22162.409868,hard,0.15869565217391304,0.15869565217391304,0,533
0.05956,56,22180.499342,hard,0.11475972540045766,0.11475972540045766,0,552
0.27308,72,22206.391376,hard,0.34508009153318076,0.34508009153318076,0,720
0.140753,56,22223.93698,hard,0.19645308924485125,0.19645308924485125,0,557
0.142323,66,22244.052945,hard,0.20772311212814645,0.20772311212814645,0,654
0.151225,71,22267.531645,hard,0.22162471395881006,0.22162471395881006,0,704
0.121192,72,22290.972074,hard,0.19319221967963388,0.19319221967963388,0,720
0.280032,61,22311.459557,hard,0.34073226544622426,0.34073226544622426,0,607
2.519555,67,22335.181974,hard,0.5857551487414188,2.585755148741419,2,662
2.634865,72,22362.334305,hard,0.7068649885583524,2.7068649885583524,2,720
0.222971,65,22388.195285,hard,0.28747139588100684,0.28747139588100684,0,645
0.293223,53,22406.288431,hard,0.3454233409610984,0.3454233409610984,0,522
0.172446,56,22426.056087,hard,0.22814645308924486,0.22814645308924486,0,557
0.257684,54,22444.138439,hard,0.31098398169336383,0.31098398169336383,0,533
0.287183,61,22463.783759,hard,0.347883295194508,0.347883295194508,0,607
0.190874,62,22484.063392,hard,0.25217391304347825,0.25217391304347825,0,613
0.251339,58,22503.577879,hard,0.3090389016018307,0.3090389016018307,0,577
0.253355,58,22525.648877,hard,0.31075514874141874,0.31075514874141874,0,574
0.098203,55,22547.937012,hard,0.15280320366132724,0.15280320366132724,0,546
0.256784,55,22570.681512,hard,0.31138443935926774,0.31138443935926774,0,546
0.033126,65,22594.237341,hard,0.09742562929061785,0.09742562929061785,0,643
0.275483,72,22619.268474,hard,0.3474828375286041,0.3474828375286041,0,720
0.085596,61,22641.259235,hard,0.146395881006865,0.146395881006865,0,608
0.240336,54,22661.113427,hard,0.2943363844393593,0.2943363844393593,0,540
0.232119,72,22685.796455,hard,0.30411899313501145,0.30411899313501145,0,720
0.241468,56,22705.894865,hard,0.29736842105263156,0.29736842105263156,0,559
0.010573,54,22725.384913,hard,0.06367276887871853,0.06367276887871853,0,531
0.276311,59,22748.457669,hard,0.33461098398169337,0.33461098398169337,0,583
0.22785,54,22766.809196,hard,0.2809496567505721,0.2809496567505721,0,531
0.165654,69,22792.244061,hard,0.2345537757437071,0.2345537757437071,0,689
2.456547,72,22817.46699,hard,0.5285469107551487,2.5285469107551486,2,720
0.162818,54,22836.256769,hard,0.2160183066361556,0.2160183066361556,0,532
0.394659,57,22857.08191,hard,0.4516590389016018,0.4516590389016018,0,570
0.059442,53,22876.564728,hard,0.1118421052631579,0.1118421052631579,0,524
0.198172,66,22899.107014,hard,0.26327231121281464,0.26327231121281464,0,651
0.172046,56,22917.6176,hard,0.22734553775743707,0.22734553775743707,0,553
0.214852,56,22938.116083,hard,0.27025171624713956,0.27025171624713956,0,554
0.143259,71,22960.365498,hard,0.2139588100686499,0.2139588100686499,0,707
0.260703,55,22978.192441,hard,0.3151029748283753,0.3151029748283753,0,544
0.085662,57,22996.713927,hard,0.142162471395881,0.142162471395881,0,565
0.083176,59,23016.381272,hard,0.14147597254004576,0.14147597254004576,0,583
0.281429,57,23036.101418,hard,0.337929061784897,0.337929061784897,0,565
0.12398,59,23055.95618,hard,0.18278032036613273,0.18278032036613273,0,588
0.144863,60,23077.173182,hard,0.20486270022883296,0.20486270022883296,0,600
0.215495,55,23099.354522,hard,0.27019450800915334,0.27019450800915334,0,547
0.223303,55,23116.585344,hard,0.2778032036613272,0.2778032036613272,0,545
0.226051,56,23135.015689,hard,0.28175057208237986,0.28175057208237986,0,557
0.16342,54,23152.36234,hard,0.21721967963386726,0.21721967963386726,0,538
0.30557,56,23170.153361,hard,0.36086956521739133,0.36086956521739133,0,553
1.384546,69,23193.519771,hard,0.452745995423341,1.452745995423341,1,682
0.179259,72,23216.573045,hard,0.25125858123569794,0.25125858123569794,0,720
0.131386,57,23234.969115,hard,0.1879862700228833,0.1879862700228833,0,566
0.179244,72,23259.03668,hard,0.2507437070938215,0.2507437070938215,0,715
2.471745,68,23284.249389,hard,0.5392448512585812,2.539244851258581,2,675
0.236266,60,23303.285335,hard,0.29536613272311213,0.29536613272311213,0,591
0.172537,60,23322.496244,hard,0.2324370709382151,0.2324370709382151,0,599
0.143503,60,23341.309089,hard,0.20280320366132723,0.20280320366132723,0,593
0.211991,55,23358.577539,hard,0.2669908466819222,0.2669908466819222,0,550
0.137936,57,23377.427276,hard,0.19433638443935927,0.19433638443935927,0,564
0.173193,59,23396.759554,hard,0.23129290617848972,0.23129290617848972,0,581
0.162062,55,23414.821902,hard,0.21636155606407323,0.21636155606407323,0,543
0.342198,56,23433.661147,hard,0.39799771167048054,0.39799771167048054,0,558
0.321895,61,23457.339814,hard,0.3828947368421053,0.3828947368421053,0,610
0.206984,55,23475.408532,hard,0.26138443935926775,0.26138443935926775,0,544
0.172444,54,23492.993108,hard,0.2261441647597254,0.2261441647597254,0,537
0.252638,56,23511.172294,hard,0.307837528604119,0.307837528604119,0,552
0.362283,61,23531.06476,hard,0.422883295194508,0.422883295194508,0,606
0.152206,53,23548.181984,hard,0.20520594965675057,0.20520594965675057,0,530
0.234142,53,23565.512944,hard,0.2868421052631579,0.2868421052631579,0,527
2.480059,72,23588.916093,hard,0.5520594965675057,2.5520594965675056,2,720
0.067252,53,23610.762375,hard,0.12025171624713958,0.12025171624713958,0,530
0.108355,66,23634.798228,hard,0.1734553775743707,0.1734553775743707,0,651
0.099195,59,23655.55539,hard,0.15789473684210525,0.15789473684210525,0,587
0.343999,56,23675.331539,hard,0.3991990846681922,0.3991990846681922,0,552
0.129365,53,23693.931039,hard,0.1818649885583524,0.1818649885583524,0,525
0.095389,58,23714.506063,hard,0.15308924485125858,0.15308924485125858,0,577
0.157431,58,23735.598317,hard,0.2145308924485126,0.2145308924485126,0,571
0.195791,59,23756.618812,hard,0.2542906178489702,0.2542906178489702,0,585
0.174929,63,23778.999188,hard,0.23792906178489703,0.23792906178489703,0,630
2.521159,56,23801.160141,hard,0.5766590389016019,2.5766590389016018,2,555
2.546519,58,23822.202099,hard,0.6037185354691076,2.6037185354691075,2,572
0.233101,56,23842.840864,hard,0.28850114416475975,0.28850114416475975,0,554
0.148592,57,23863.128339,hard,0.20509153318077802,0.20509153318077802,0,565
0.137575,53,23883.023474,hard,0.19027459954233408,0.19027459954233408,0,527
0.064267,57,23903.856791,hard,0.12116704805491992,0.12116704805491992,0,569
0.284633,57,23924.349039,hard,0.341533180778032,0.341533180778032,0,569
0.17076,70,23947.766193,hard,0.24016018306636155,0.24016018306636155,0,694
0.17964,56,23966.690192,hard,0.23483981693363845,0.23483981693363845,0,552
0.167127,57,23988.495977,hard,0.22322654462242564,0.22322654462242564,0,561
0.221044,55,24009.081655,hard,0.2757437070938215,0.2757437070938215,0,547
0.184791,58,24029.823063,hard,0.24239130434782608,0.24239130434782608,0,576
0.188069,72,24055.774797,hard,0.26006864988558354,0.26006864988558354,0,720
0.166822,53,24075.035378,hard,0.21922196796338672,0.21922196796338672,0,524
2.493332,72,24101.532004,hard,0.5653318077803203,2.5653318077803204,2,720
0.1429,57,24121.698807,hard,0.1995995423340961,0.1995995423340961,0,567
0.235793,71,24147.811943,hard,0.3062929061784897,0.3062929061784897,0,705
2.509749,71,24175.634086,hard,0.5805491990846682,2.5805491990846683,2,708
0.20142,54,24194.744939,hard,0.2549199084668192,0.2549199084668192,0,535
0.15667,55,24213.914357,hard,0.2108695652173913,0.2108695652173913,0,542
0.355973,58,24234.517242,hard,0.4136727688787185,0.4136727688787185,0,577
0.101035,55,24254.257532,hard,0.15583524027459955,0.15583524027459955,0,548
2.604165,66,24277.904856,hard,0.6695652173913044,2.6695652173913045,2,654
0.11675,52,24297.955753,hard,0.16864988558352403,0.16864988558352403,0,519
0.250795,58,24321.029225,hard,0.3078947368421053,0.3078947368421053,0,571
0.309662,58,24341.912,hard,0.36676201372997713,0.36676201372997713,0,571
0.087378,56,24363.911729,hard,0.1430778032036613,0.1430778032036613,0,557
0.346247,58,24385.19923,hard,0.40354691075514876,0.40354691075514876,0,573
0.206534,61,24406.026131,hard,0.2669336384439359,0.2669336384439359,0,604
0.250603,65,24429.691442,hard,0.3155034324942792,0.3155034324942792,0,649
0.157984,66,24453.587496,hard,0.2236842105263158,0.2236842105263158,0,657
0.296044,56,24474.374893,hard,0.3511441647597254,0.3511441647597254,0,551
0.115027,59,24495.397346,hard,0.17322654462242562,0.17322654462242562,0,582
0.300333,54,24514.899467,hard,0.354233409610984,0.354233409610984,0,539
0.206026,55,24534.050543,hard,0.2601258581235698,0.2601258581235698,0,541
0.062382,72,24561.774107,hard,0.1343821510297483,0.1343821510297483,0,720
0.218103,72,24587.340534,hard,0.29010297482837527,0.29010297482837527,0,720
0.255262,62,24610.008622,hard,0.317162471395881,0.317162471395881,0,619
0.186562,56,24630.576508,hard,0.242162471395881,0.242162471395881,0,556
0.098186,53,24650.132902,hard,0.15028604118993136,0.15028604118993136,0,521
0.051719,53,24669.248774,hard,0.10451945080091533,0.10451945080091533,0,528
0.124474,53,24688.517398,hard,0.17717391304347826,0.17717391304347826,0,527
0.044428,55,24708.702807,hard,0.0994279176201373,0.0994279176201373,0,550
0.090177,53,24729.053181,hard,0.14227688787185355,0.14227688787185355,0,521
0.102511,58,24749.642671,hard,0.16001144164759726,0.16001144164759726,0,575
0.159021,60,24771.724606,hard,0.21842105263157896,0.21842105263157896,0,594
0.225483,72,24798.259803,hard,0.2974828375286041,0.2974828375286041,0,720
0.163325,59,24820.263894,hard,0.22162471395881006,0.22162471395881006,0,583
0.281774,58,24841.065975,hard,0.3394736842105263,0.3394736842105263,0,577
0.084771,53,24859.989919,hard,0.13747139588100687,0.13747139588100687,0,527
0.123785,64,24882.812484,hard,0.18718535469107553,0.18718535469107553,0,634
0.138052,58,24904.234128,hard,0.19525171624713958,0.19525171624713958,0,572
0.256243,57,24926.513089,hard,0.3126430205949657,0.3126430205949657,0,564
1.444485,55,24946.734727,hard,0.4990846681922197,1.4990846681922196,1,546
0.062046,53,24966.039295,hard,0.11504576659038901,0.11504576659038901,0,530
1.330746,72,24992.673428,hard,0.40274599542334094,1.402745995423341,1,720
0.120563,72,25018.834591,hard,0.1925629290617849,0.1925629290617849,0,720
0.154927,69,25044.202183,hard,0.22322654462242564,0.22322654462242564,0,683
0.03191,52,25063.618422,hard,0.08381006864988558,0.08381006864988558,0,519
0.169453,65,25087.946571,hard,0.2341533180778032,0.2341533180778032,0,647
0.319247,72,25115.936062,hard,0.3912471395881007,0.3912471395881007,0,720
0.262515,63,25138.525762,hard,0.3255148741418764,0.3255148741418764,0,630
0.135072,53,25156.871419,hard,0.18787185354691074,0.18787185354691074,0,528
0.232415,56,25177.505477,hard,0.2878146453089245,0.2878146453089245,0,554
0.262268,72,25203.910396,hard,0.33426773455377573,0.33426773455377573,0,720
0.218384,55,25223.959091,hard,0.2732837528604119,0.2732837528604119,0,549
0.239337,56,25244.855021,hard,0.29513729977116704,0.29513729977116704,0,558
2.631195,65,25266.856108,hard,0.6955949656750572,2.695594965675057,2,644
0.301109,70,25294.419686,hard,0.3707093821510298,0.3707093821510298,0,696
0.167241,57,25315.295724,hard,0.22334096109839818,0.22334096109839818,0,561
0.19828,60,25337.082491,hard,0.25778032036613274,0.25778032036613274,0,595
0.168827,55,25356.856494,hard,0.22322654462242564,0.22322654462242564,0,544
0.303955,57,25378.605203,hard,0.3607551487414188,0.3607551487414188,0,568
0.06947,55,25399.372575,hard,0.12397025171624713,0.12397025171624713,0,545
0.276524,57,25419.551191,hard,0.33312356979405033,0.33312356979405033,0,566
0.067611,67,25442.816279,hard,0.13461098398169336,0.13461098398169336,0,670
0.257801,56,25464.158436,hard,0.3135011441647597,0.3135011441647597,0,557
0.097604,56,25486.546572,hard,0.153604118993135,0.153604118993135,0,560
0.268713,56,25507.436224,hard,0.3239130434782609,0.3239130434782609,0,552
0.062647,67,25532.115869,hard,0.12894736842105264,0.12894736842105264,0,663
0.242845,60,25554.57485,hard,0.3019450800915332,0.3019450800915332,0,591
0.100949,68,25579.193852,hard,0.16824942791762013,0.16824942791762013,0,673
0.170432,58,25599.671218,hard,0.22803203661327232,0.22803203661327232,0,576
0.140095,56,25619.517543,hard,0.1959954233409611,0.1959954233409611,0,559
0.140137,55,25640.968951,hard,0.19473684210526315,0.19473684210526315,0,546
0.089396,57,25661.572127,hard,0.146395881006865,0.146395881006865,0,570
0.162352,71,25689.074793,hard,0.23335240274599542,0.23335240274599542,0,710
0.135773,53,25707.965375,hard,0.18867276887871853,0.18867276887871853,0,529
0.159333,57,25729.382324,hard,0.21613272311212814,0.21613272311212814,0,568
0.282433,60,25750.569859,hard,0.341533180778032,0.341533180778032,0,591
0.146406,60,25771.830733,hard,0.20560640732265445,0.20560640732265445,0,592
0.236165,59,25793.003834,hard,0.29456521739130437,0.29456521739130437,0,584
0.324782,60,25814.788054,hard,0.3839816933638444,0.3839816933638444,0,592
0.1458,55,25835.525592,hard,0.2004004576659039,0.2004004576659039,0,546
0.237404,54,25855.159416,hard,0.2909038901601831,0.2909038901601831,0,535
0.267514,58,25876.866981,hard,0.32471395881006865,0.32471395881006865,0,572
0.273824,72,25903.56124,hard,0.3458237986270023,0.3458237986270023,0,720
0.262605,55,25924.274733,hard,0.31670480549199087,0.31670480549199087,0,541
0.126398,72,25949.26811,hard,0.19839816933638443,0.19839816933638443,0,720
1.383635,60,25970.236341,hard,0.4427345537757437,1.4427345537757437,1,591
0.166641,57,25990.539031,hard,0.22294050343249427,0.22294050343249427,0,563
2.503458,72,26017.290712,hard,0.5754576659038901,2.5754576659038904,2,720
0.166238,55,26037.179399,hard,0.22093821510297482,0.22093821510297482,0,547
0.163626,59,26060.683828,hard,0.22242562929061785,0.22242562929061785,0,588
2.443744,58,26082.581644,hard,0.5011441647597255,2.5011441647597255,2,574
0.27571,58,26103.890907,hard,0.3334096109839817,0.3334096109839817,0,577
0.167785,57,26125.0933,hard,0.22448512585812358,0.22448512585812358,0,567
0.283057,67,26148.745087,hard,0.3496567505720824,0.3496567505720824,0,666
0.155525,55,26169.019677,hard,0.2097254004576659,0.2097254004576659,0,542
0.248133,57,26190.713109,hard,0.304233409610984,0.304233409610984,0,561
0.20328,55,26211.675983,hard,0.25737986270022883,0.25737986270022883,0,541
0.04594,65,26237.33453,hard,0.11024027459954233,0.11024027459954233,0,643
0.217016,60,26259.553712,hard,0.2767162471395881,0.2767162471395881,0,597
0.135108,60,26281.355442,hard,0.19490846681922197,0.19490846681922197,0,598
0.245089,58,26302.538886,hard,0.3026887871853547,0.3026887871853547,0,576
0.113464,56,26323.877537,hard,0.16876430205949658,0.16876430205949658,0,553
0.199876,55,26343.119785,hard,0.25417620137299773,0.25417620137299773,0,543
0.178335,53,26363.026428,hard,0.23043478260869565,0.23043478260869565,0,521
0.167126,56,26384.179709,hard,0.22242562929061785,0.22242562929061785,0,553
0.276139,71,26409.934357,hard,0.3463386727688787,0.3463386727688787,0,702
0.243012,55,26432.687277,hard,0.2977116704805492,0.2977116704805492,0,547
0.057227,55,26453.56008,hard,0.11132723112128147,0.11132723112128147,0,541
0.188577,54,26473.563496,hard,0.24227688787185356,0.24227688787185356,0,537
0.111545,54,26493.077165,hard,0.16464530892448512,0.16464530892448512,0,531
0.024103,54,26513.680266,hard,0.07780320366132723,0.07780320366132723,0,537
0.13711,60,26535.630776,hard,0.19651029748283752,0.19651029748283752,0,594
0.219106,62,26559.014411,hard,0.28060640732265446,0.28060640732265446,0,615
0.084286,54,26579.926979,hard,0.1379862700228833,0.1379862700228833,0,537
1.373938,72,26606.749086,hard,0.4459382151029748,1.445938215102975,1,720
0.252799,59,26630.550631,hard,0.3114988558352403,0.3114988558352403,0,587
0.164855,71,26655.336201,hard,0.23575514874141876,0.23575514874141876,0,709
0.158214,55,26675.34856,hard,0.21241418764302059,0.21241418764302059,0,542
0.172028,53,26695.040895,hard,0.2248283752860412,0.2248283752860412,0,528
0.147904,56,26715.551201,hard,0.20360411899313502,0.20360411899313502,0,557
2.693847,72,26742.140655,hard,0.7658466819221968,2.7658466819221967,2,720
0.232977,72,26767.788285,hard,0.3049771167048055,0.3049771167048055,0,720
0.159516,55,26787.402227,hard,0.21361556064073225,0.21361556064073225,0,541
0.259943,54,26809.708579,hard,0.3130434782608696,0.3130434782608696,0,531
0.216043,72,26835.671141,hard,0.28804347826086957,0.28804347826086957,0,720
0.151614,61,26858.510661,hard,0.2120137299771167,0.2120137299771167,0,604
0.268659,59,26880.561394,hard,0.3270594965675057,0.3270594965675057,0,584
0.231676,60,26902.966816,hard,0.29147597254004576,0.29147597254004576,0,598
0.172045,55,26923.774684,hard,0.2269450800915332,0.2269450800915332,0,549
0.217813,56,26944.782506,hard,0.273512585812357,0.273512585812357,0,557
0.090681,56,26964.935215,hard,0.14588100686498856,0.14588100686498856,0,552
0.296251,61,26988.387206,hard,0.35675057208237987,0.35675057208237987,0,605
0.26471,57,27011.065967,hard,0.32110983981693364,0.32110983981693364,0,564
0.149718,54,27030.732233,hard,0.20331807780320366,0.20331807780320366,0,536
0.128915,72,27057.961845,hard,0.20091533180778032,0.20091533180778032,0,720
0.253338,68,27082.973166,hard,0.3209382151029748,0.3209382151029748,0,676
0.18665,57,27103.88112,hard,0.24364988558352402,0.24364988558352402,0,570
0.207689,58,27124.398463,hard,0.2653890160183066,0.2653890160183066,0,577
0.115007,54,27144.086306,hard,0.1687070938215103,0.1687070938215103,0,537
0.057341,54,27163.906706,hard,0.11064073226544623,0.11064073226544623,0,533
0.34213,72,27190.823732,hard,0.4141304347826087,0.4141304347826087,0,720
0.143413,69,27217.089392,hard,0.21161327231121282,0.21161327231121282,0,682
0.232315,56,27238.022904,hard,0.2878146453089245,0.2878146453089245,0,555
0.333287,56,27259.110899,hard,0.3883867276887872,0.3883867276887872,0,551
0.227027,72,27285.599843,hard,0.2990274599542334,0.2990274599542334,0,720
0.051938,57,27305.965649,hard,0.10823798627002289,0.10823798627002289,0,563
0.018217,72,27331.849596,hard,0.09021739130434783,0.09021739130434783,0,720
0.297629,53,27351.145928,hard,0.350629290617849,0.350629290617849,0,530
1.37731,57,27371.861544,hard,0.4338100686498856,1.4338100686498856,1,565
0.256415,70,27399.82498,hard,0.3259153318077803,0.3259153318077803,0,695
0.158932,57,27420.727458,hard,0.21533180778032038,0.21533180778032038,0,564
0.278343,72,27448.562823,hard,0.3503432494279176,0.3503432494279176,0,720
0.231776,72,27475.404464,hard,0.3037757437070938,0.3037757437070938,0,720
0.246497,64,27498.358602,hard,0.3098970251716247,0.3098970251716247,0,634
0.252737,55,27517.789438,hard,0.3070366132723112,0.3070366132723112,0,543
0.074862,55,27537.91403,hard,0.12946224256292907,0.12946224256292907,0,546
0.157348,72,27565.235209,hard,0.22934782608695653,0.22934782608695653,0,720
2.602828,72,27593.930371,hard,0.6748283752860412,2.674828375286041,2,720
1.350786,63,27617.061063,hard,0.4129862700228833,1.4129862700228832,1,622
0.269133,72,27645.61282,hard,0.34113272311212817,0.34113272311212817,0,720
0.2176,58,27668.245564,hard,0.2754004576659039,0.2754004576659039,0,578
0.186761,54,27687.559812,hard,0.24056064073226543,0.24056064073226543,0,538
0.316929,59,27708.224444,hard,0.37562929061784894,0.37562929061784894,0,587
0.199224,60,27729.409986,hard,0.25852402745995423,0.25852402745995423,0,593
0.126864,55,27748.877479,hard,0.18106407322654464,0.18106407322654464,0,542
0.182848,60,27772.130407,hard,0.24204805491990847,0.24204805491990847,0,592
0.286264,70,27797.05088,hard,0.3560640732265446,0.3560640732265446,0,698
0.160331,55,27816.978367,hard,0.2145308924485126,0.2145308924485126,0,542
0.051034,54,27837.351874,hard,0.10503432494279176,0.10503432494279176,0,540
0.11813,58,27859.647251,hard,0.17602974828375287,0.17602974828375287,0,579
0.118373,58,27880.59992,hard,0.1759725400457666,0.1759725400457666,0,576
0.18576,55,27900.884909,hard,0.24016018306636155,0.24016018306636155,0,544
0.128623,55,27921.536205,hard,0.18272311212814646,0.18272311212814646,0,541
0.113366,57,27943.024933,hard,0.16996567505720825,0.16996567505720825,0,566
0.132811,65,27968.293333,hard,0.1973112128146453,0.1973112128146453,0,645
0.300148,55,27988.100138,hard,0.35434782608695653,0.35434782608695653,0,542
0.147862,57,28008.419665,hard,0.20446224256292905,0.20446224256292905,0,566
0.137992,55,28028.370344,hard,0.19279176201372997,0.19279176201372997,0,548
0.151407,55,28047.204599,hard,0.20600686498855836,0.20600686498855836,0,546
0.365357,72,28074.270516,hard,0.4373569794050343,0.4373569794050343,0,720
0.304298,57,28095.835814,hard,0.3606979405034325,0.3606979405034325,0,564
0.119055,55,28115.438813,hard,0.1734553775743707,0.1734553775743707,0,544
0.075859,52,28133.989545,hard,0.12705949656750573,0.12705949656750573,0,512
0.102294,56,28157.007716,hard,0.15749427917620137,0.15749427917620137,0,552
0.193771,56,28178.417224,hard,0.2497711670480549,0.2497711670480549,0,560
2.550826,72,28205.942947,hard,0.6228260869565218,2.622826086956522,2,720
0.195914,55,28226.203096,hard,0.25011441647597255,0.25011441647597255,0,542
0.148825,61,28248.563626,hard,0.209324942791762,0.209324942791762,0,605
0.309925,63,28270.822102,hard,0.37202517162471394,0.37202517162471394,0,621
0.171835,59,28291.694156,hard,0.23043478260869565,0.23043478260869565,0,586
0.060265,72,28317.314297,hard,0.1322654462242563,0.1322654462242563,0,720
0.164536,55,28339.071947,hard,0.21933638443935927,0.21933638443935927,0,548
0.19756,55,28359.321333,hard,0.2524599542334096,0.2524599542334096,0,549
0.168341,56,28380.18689,hard,0.22374141876430206,0.22374141876430206,0,554
0.167324,54,28399.105703,hard,0.2208237986270023,0.2208237986270023,0,535
0.178737,54,28418.941397,hard,0.2324370709382151,0.2324370709382151,0,537
0.160132,56,28439.384965,hard,0.21573226544622426,0.21573226544622426,0,556
0.362803,65,28462.980292,hard,0.4274027459954233,0.4274027459954233,0,646
0.126799,72,28488.662474,hard,0.19879862700228834,0.19879862700228834,0,720
0.059858,54,28508.288404,hard,0.11355835240274599,0.11355835240274599,0,537
0.267625,55,28530.422959,hard,0.32202517162471395,0.32202517162471395,0,544
0.197822,59,28552.517752,hard,0.2565217391304348,0.2565217391304348,0,587
0.260794,59,28573.881764,hard,0.3197940503432494,0.3197940503432494,0,590
0.301457,61,28596.322889,hard,0.36195652173913045,0.36195652173913045,0,605
0.180655,55,28615.96657,hard,0.23535469107551488,0.23535469107551488,0,547
2.470844,68,28640.514971,hard,0.5384439359267734,2.5384439359267734,2,676
0.055939,54,28660.021908,hard,0.10943935926773456,0.10943935926773456,0,535
0.16776,72,28685.988272,hard,0.23975972540045767,0.23975972540045767,0,720
0.036418,55,28708.513792,hard,0.09101830663615561,0.09101830663615561,0,546
0.1407,60,28730.395366,hard,0.2004004576659039,0.2004004576659039,0,597
0.138489,52,28749.714058,hard,0.19038901601830663,0.19038901601830663,0,519
0.284859,68,28774.981632,hard,0.35205949656750574,0.35205949656750574,0,672
0.090087,61,28798.058168,hard,0.15108695652173912,0.15108695652173912,0,610
0.170244,56,28819.2258,hard,0.2261441647597254,0.2261441647597254,0,559
0.142586,58,28840.08958,hard,0.19988558352402747,0.19988558352402747,0,573
0.183671,66,28863.764851,hard,0.24937070938215103,0.24937070938215103,0,657
2.610135,71,28889.487214,hard,0.6808352402745995,2.6808352402745994,2,707
0.155811,54,28910.429125,hard,0.20961098398169337,0.20961098398169337,0,538
0.167241,56,28930.450384,hard,0.22294050343249427,0.22294050343249427,0,557
2.543046,72,28956.811387,hard,0.615045766590389,2.615045766590389,2,720
0.321638,62,28979.872938,hard,0.382837528604119,0.382837528604119,0,612
0.198836,71,29005.55925,hard,0.26933638443935926,0.26933638443935926,0,705
0.135532,56,29026.931285,hard,0.19073226544622426,0.19073226544622426,0,552
0.112706,55,29047.254905,hard,0.16750572082379864,0.16750572082379864,0,548
0.18616,54,29066.936345,hard,0.24016018306636155,0.24016018306636155,0,540
0.174534,56,29088.283112,hard,0.23003432494279177,0.23003432494279177,0,555
0.356594,64,29112.29306,hard,0.4197940503432494,0.4197940503432494,0,632
0.297303,56,29133.260602,hard,0.3524027459954233,0.3524027459954233,0,551
0.132186,56,29155.02863,hard,0.1875858123569794,0.1875858123569794,0,554
0.072667,61,29177.686366,hard,0.13346681922196796,0.13346681922196796,0,608
0.11633,72,29204.968754,hard,0.18832951945080093,0.18832951945080093,0,720
0.213695,57,29225.661639,hard,0.2705949656750572,0.2705949656750572,0,569
0.125439,59,29247.840447,hard,0.18443935926773455,0.18443935926773455,0,590
0.092579,52,29266.371207,hard,0.1438787185354691,0.1438787185354691,0,513
0.27622,55,29289.006889,hard,0.3303203661327231,0.3303203661327231,0,541
0.191677,64,29312.773509,hard,0.2549771167048055,0.2549771167048055,0,633
0.09138,54,29333.462985,hard,0.1446796338672769,0.1446796338672769,0,533
0.184703,56,29354.810784,hard,0.24010297482837528,0.24010297482837528,0,554
0.314384,72,29381.869771,hard,0.38638443935926775,0.38638443935926775,0,720
0.057805,72,29407.882163,hard,0.12980549199084668,0.12980549199084668,0,720
0.282931,57,29428.894361,hard,0.3399313501144165,0.3399313501144165,0,570
0.161483,61,29452.093894,hard,0.22248283752860412,0.22248283752860412,0,610
0.183859,56,29474.993157,hard,0.23935926773455377,0.23935926773455377,0,555
0.304828,70,29500.992292,hard,0.3748283752860412,0.3748283752860412,0,700
0.240684,58,29522.340473,hard,0.2982837528604119,0.2982837528604119,0,576
0.068016,59,29544.583582,hard,0.1267162471395881,0.1267162471395881,0,587
0.037216,53,29563.99572,hard,0.08941647597254004,0.08941647597254004,0,522
1.390846,63,29588.011899,hard,0.45314645308924484,1.4531464530892448,1,623
1.355989,59,29608.672675,hard,0.4149885583524027,1.4149885583524027,1,590
0.185349,58,29630.164921,hard,0.24284897025171626,0.24284897025171626,0,575
0.327397,58,29651.739677,hard,0.3844965675057208,0.3844965675057208,0,571
0.115507,53,29673.548083,hard,0.1683066361556064,0.1683066361556064,0,528
0.260321,71,29700.712134,hard,0.330720823798627,0.330720823798627,0,704
2.551169,72,29727.612986,hard,0.6231693363844394,2.6231693363844393,2,720
0.233821,60,29751.076584,hard,0.29342105263157897,0.29342105263157897,0,596
0.198538,72,29777.293282,hard,0.2705377574370709,0.2705377574370709,0,720
0.185158,54,29797.850875,hard,0.238558352402746,0.238558352402746,0,534
0.125127,62,29821.150297,hard,0.18632723112128147,0.18632723112128147,0,612
0.208534,59,29844.135068,hard,0.2673340961098398,0.2673340961098398,0,588
0.207128,55,29865.664922,hard,0.26172768878718533,0.26172768878718533,0,546
0.055639,54,29886.335939,hard,0.10903890160183066,0.10903890160183066,0,534
0.082374,58,29908.49077,hard,0.1398741418764302,0.1398741418764302,0,575
0.266196,56,29930.062282,hard,0.32179633867276886,0.32179633867276886,0,556
0.202681,56,29949.34491,hard,0.2585812356979405,0.2585812356979405,0,559
0.14126,62,29972.638738,hard,0.2028604118993135,0.2028604118993135,0,616
0.282272,56,29993.581216,hard,0.33787185354691074,0.33787185354691074,0,556
0.22931,55,30014.556563,hard,0.28381006864988556,0.28381006864988556,0,545
0.250291,67,30039.117405,hard,0.3169908466819222,0.3169908466819222,0,667
2.467913,56,30062.384151,hard,0.5235125858123569,2.523512585812357,2,556
0.117176,62,30086.471133,hard,0.17917620137299772,0.17917620137299772,0,620
0.247799,64,30109.92521,hard,0.3114988558352403,0.3114988558352403,0,637
0.071443,54,30130.230075,hard,0.12494279176201373,0.12494279176201373,0,535
0.206385,56,30151.828593,hard,0.2621853546910755,0.2621853546910755,0,558
0.050432,53,30171.580247,hard,0.10263157894736842,0.10263157894736842,0,522
1.403927,57,30193.158505,hard,0.4609267734553776,1.4609267734553777,1,570
0.132662,72,30219.604866,hard,0.20406178489702517,0.20406178489702517,0,714
0.161736,58,30242.894312,hard,0.21933638443935927,0.21933638443935927,0,576
0.262349,56,30264.29431,hard,0.31744851258581236,0.31744851258581236,0,551
0.109058,55,30284.641994,hard,0.1631578947368421,0.1631578947368421,0,541
0.230558,58,30305.184138,hard,0.2881578947368421,0.2881578947368421,0,576
0.183785,66,30330.379496,hard,0.24908466819221967,0.24908466819221967,0,653
0.285445,67,30355.948855,hard,0.3519450800915332,0.3519450800915332,0,665
0.112561,54,30375.811012,hard,0.16596109839816933,0.16596109839816933,0,534
0.26174,61,30398.036539,hard,0.3221395881006865,0.3221395881006865,0,604
0.11465,54,30417.971957,hard,0.16864988558352403,0.16864988558352403,0,540
0.112762,54,30440.401278,hard,0.1663615560640732,0.1663615560640732,0,536
0.157819,59,30462.844901,hard,0.2164187643020595,0.2164187643020595,0,586
0.222156,65,30486.591795,hard,0.28655606407322654,0.28655606407322654,0,644
0.08902,54,30506.94596,hard,0.14262013729977116,0.14262013729977116,0,536
2.50586,72,30534.815244,hard,0.5778604118993135,2.5778604118993136,2,720
0.029896,54,30555.064528,hard,0.08369565217391305,0.08369565217391305,0,538
0.207151,63,30578.920672,hard,0.2694508009153318,0.2694508009153318,0,623
0.087376,55,30599.063387,hard,0.14147597254004576,0.14147597254004576,0,541
0.163237,57,30620.142273,hard,0.21973684210526315,0.21973684210526315,0,565
2.474691,55,30642.569798,hard,0.5292906178489702,2.5292906178489702,2,546
0.214094,56,30663.791048,hard,0.26939359267734553,0.26939359267734553,0,553
2.553838,67,30688.805131,hard,0.620537757437071,2.620537757437071,2,667
0.268656,56,30710.934084,hard,0.32425629290617847,0.32425629290617847,0,556
0.158815,54,30730.818746,hard,0.2128146453089245,0.2128146453089245,0,540
0.122614,52,30750.268027,hard,0.17431350114416477,0.17431350114416477,0,517
0.219887,57,30771.951298,hard,0.27608695652173915,0.27608695652173915,0,562
0.21714,56,30792.504879,hard,0.2725400457665904,0.2725400457665904,0,554
0.188007,56,30813.332868,hard,0.2433066361556064,0.2433066361556064,0,553
0.093097,55,30835.571229,hard,0.14719679633867278,0.14719679633867278,0,541
0.297161,57,30857.156568,hard,0.35366132723112126,0.35366132723112126,0,565
1.307688,70,30883.686303,hard,0.3772883295194508,1.377288329519451,1,696
0.037518,54,30904.671803,hard,0.09101830663615561,0.09101830663615561,0,535
0.341243,59,30926.382499,hard,0.39994279176201375,0.39994279176201375,0,587
2.575597,72,30953.176246,hard,0.6475972540045767,2.6475972540045767,2,720
0.221552,62,30976.301195,hard,0.2829519450800915,0.2829519450800915,0,614
0.277724,56,30996.337337,hard,0.33352402745995424,0.33352402745995424,0,558
0.108098,53,31018.681668,hard,0.1606979405034325,0.1606979405034325,0,526
0.342159,60,31040.943256,hard,0.4020594965675057,0.4020594965675057,0,599
0.194856,55,31061.758718,hard,0.24925629290617848,0.24925629290617848,0,544
0.208484,53,31080.877634,hard,0.26138443935926775,0.26138443935926775,0,529
0.342847,62,31104.53634,hard,0.4039473684210526,0.4039473684210526,0,611
0.389969,59,31126.804348,hard,0.44816933638443934,0.44816933638443934,0,582
0.256598,55,31146.446772,hard,0.3110983981693364,0.3110983981693364,0,545
0.166966,54,31165.839126,hard,0.22036613272311212,0.22036613272311212,0,534
0.161562,56,31186.828354,hard,0.2167620137299771,0.2167620137299771,0,552
0.18626,54,31206.775164,hard,0.24016018306636155,0.24016018306636155,0,539
0.071072,55,31229.141129,hard,0.12517162471395882,0.12517162471395882,0,541
0.089179,56,31249.668606,hard,0.144279176201373,0.144279176201373,0,551
0.262093,57,31271.464097,hard,0.31899313501144166,0.31899313501144166,0,569
0.144396,52,31291.252299,hard,0.19639588100686498,0.19639588100686498,0,520
0.057805,72,31317.77609,hard,0.12980549199084668,0.12980549199084668,0,720
0.169328,56,31337.636416,hard,0.2248283752860412,0.2248283752860412,0,555
0.288788,64,31362.546186,hard,0.3518878718535469,0.3518878718535469,0,631
0.257987,56,31383.30403,hard,0.31338672768878717,0.31338672768878717,0,554
0.154316,61,31407.23717,hard,0.21441647597254004,0.21441647597254004,0,601
0.140561,63,31431.323245,hard,0.20326086956521738,0.20326086956521738,0,627
0.148202,54,31451.577235,hard,0.20200228832951944,0.20200228832951944,0,538
0.151206,55,31472.784644,hard,0.20560640732265445,0.20560640732265445,0,544
0.337395,58,31494.468793,hard,0.39519450800915334,0.39519450800915334,0,578
0.181455,55,31514.382829,hard,0.23575514874141876,0.23575514874141876,0,543
0.183103,57,31537.18006,hard,0.24010297482837528,0.24010297482837528,0,570
0.146924,62,31560.993368,hard,0.20812356979405033,0.20812356979405033,0,612
0.052121,54,31582.029683,hard,0.105720823798627,0.105720823798627,0,536
0.203301,61,31606.272337,hard,0.2635011441647597,0.2635011441647597,0,602
0.172531,55,31626.462955,hard,0.22683066361556065,0.22683066361556065,0,543
1.375393,57,31647.356678,hard,0.4316933638443936,1.4316933638443936,1,563
0.306183,67,31672.391585,hard,0.3724828375286041,0.3724828375286041,0,663
0.365885,59,31693.262045,hard,0.4240846681922197,0.4240846681922197,0,582
0.207698,66,31716.697758,hard,0.27339816933638444,0.27339816933638444,0,657
0.240989,62,31740.480233,hard,0.3026887871853547,0.3026887871853547,0,617
0.058754,64,31764.818212,hard,0.12265446224256293,0.12265446224256293,0,639
0.138494,57,31785.874319,hard,0.19479405034324943,0.19479405034324943,0,563
0.213551,57,31809.265635,hard,0.2698512585812357,0.2698512585812357,0,563
0.281152,65,31833.115487,hard,0.3456521739130435,0.3456521739130435,0,645
0.115675,63,31855.771397,hard,0.17797482837528605,0.17797482837528605,0,623
0.175956,61,31877.454918,hard,0.23615560640732267,0.23615560640732267,0,602
0.212737,58,31898.74027,hard,0.27013729977116707,0.27013729977116707,0,574
0.267412,56,31918.926996,hard,0.3227116704805492,0.3227116704805492,0,553
2.651112,72,31946.14362,hard,0.7231121281464531,2.723112128146453,2,720
0.245616,57,31967.553879,hard,0.3017162471395881,0.3017162471395881,0,561
0.149421,57,31990.578778,hard,0.2061212814645309,0.2061212814645309,0,567
0.288069,72,32017.961743,hard,0.3600686498855835,0.3600686498855835,0,720
0.302843,60,32040.056224,hard,0.36264302059496567,0.36264302059496567,0,598
0.071245,56,32061.585843,hard,0.12654462242562928,0.12654462242562928,0,553
2.486405,56,32083.332506,hard,0.5421052631578948,2.542105263157895,2,557
1.507176,72,32109.375768,hard,0.5791762013729977,1.5791762013729977,1,720
0.180346,61,32129.999125,hard,0.24044622425629292,0.24044622425629292,0,601
0.199219,55,32150.035459,hard,0.25371853546910755,0.25371853546910755,0,545
0.267575,61,32174.859296,hard,0.327974828375286,0.327974828375286,0,604
0.366337,66,32199.478103,hard,0.4320366132723112,0.4320366132723112,0,657
0.162722,57,32220.172591,hard,0.21922196796338672,0.21922196796338672,0,565
2.556661,72,32247.560357,hard,0.6286613272311213,2.6286613272311214,2,720
0.111821,57,32268.07257,hard,0.16842105263157894,0.16842105263157894,0,566
0.171546,57,32289.018644,hard,0.22774599542334095,0.22774599542334095,0,562
0.361841,62,32312.241949,hard,0.4229405034324943,0.4229405034324943,0,611
0.024411,60,32334.151504,hard,0.08421052631578947,0.08421052631578947,0,598
0.268359,58,32356.583893,hard,0.32625858123569795,0.32625858123569795,0,579
0.253553,56,32378.613729,hard,0.3087528604118993,0.3087528604118993,0,552
0.105296,54,32399.191875,hard,0.15909610983981692,0.15909610983981692,0,538
0.231558,57,32420.762719,hard,0.288558352402746,0.288558352402746,0,570
0.172645,54,32440.761987,hard,0.22654462242562928,0.22654462242562928,0,539
0.281734,61,32464.410756,hard,0.34233409610983984,0.34233409610983984,0,606
0.316214,59,32486.670052,hard,0.37471395881006864,0.37471395881006864,0,585
0.302362,65,32512.142807,hard,0.367162471395881,0.367162471395881,0,648
2.524911,72,32538.694208,hard,0.5969107551487414,2.596910755148741,2,720
0.335553,61,32562.964594,hard,0.39645308924485123,0.39645308924485123,0,609
0.261192,57,32583.849715,hard,0.31819221967963385,0.31819221967963385,0,570
0.103006,53,32604.180881,hard,0.15560640732265446,0.15560640732265446,0,526
0.301024,70,32630.900099,hard,0.37082379862700227,0.37082379862700227,0,698
0.375961,65,32655.331959,hard,0.4409610983981693,0.4409610983981693,0,650
0.058327,53,32674.449149,hard,0.11132723112128147,0.11132723112128147,0,530
2.569876,72,32701.246349,hard,0.6410755148741418,2.641075514874142,2,712
0.040726,57,32721.528761,hard,0.09742562929061785,0.09742562929061785,0,567
0.07446,53,32741.409997,hard,0.1274599542334096,0.1274599542334096,0,530
0.289036,56,32764.224617,hard,0.34433638443935927,0.34433638443935927,0,553
0.062248,55,32785.436037,hard,0.11704805491990847,0.11704805491990847,0,548
0.042324,54,32805.027383,hard,0.09582379862700229,0.09582379862700229,0,535
0.171228,54,32825.213631,hard,0.2248283752860412,0.2248283752860412,0,536
1.453498,70,32851.988987,hard,0.5229977116704806,1.5229977116704805,1,695
0.192815,59,32874.342603,hard,0.2509153318077803,0.2509153318077803,0,581
0.17157,53,32893.964872,hard,0.22397025171624713,0.22397025171624713,0,524
0.108406,60,32916.785207,hard,0.16750572082379864,0.16750572082379864,0,591
0.23187,68,32944.354492,hard,0.29897025171624714,0.29897025171624714,0,671
0.100976,53,32964.487558,hard,0.15377574370709382,0.15377574370709382,0,528
0.247489,56,32985.564904,hard,0.3030892448512586,0.3030892448512586,0,556
0.114465,55,33006.419978,hard,0.16916475972540046,0.16916475972540046,0,547
0.219357,56,33027.148886,hard,0.2750572082379863,0.2750572082379863,0,557
0.182457,55,33046.822165,hard,0.23735697940503434,0.23735697940503434,0,549
0.2588,54,33066.45731,hard,0.31270022883295195,0.31270022883295195,0,539
0.163784,60,33088.795691,hard,0.2232837528604119,0.2232837528604119,0,595
0.257685,55,33109.482445,hard,0.3121853546910755,0.3121853546910755,0,545
0.132542,55,33129.987901,hard,0.1868421052631579,0.1868421052631579,0,543
0.287886,63,33156.086418,hard,0.35028604118993134,0.35028604118993134,0,624
2.584377,59,33178.409678,hard,0.6426773455377575,2.6426773455377575,2,583
0.05072,55,33199.660349,hard,0.10491990846681923,0.10491990846681923,0,542
0.192468,55,33220.108211,hard,0.24736842105263157,0.24736842105263157,0,549
0.144214,56,33240.22989,hard,0.19971395881006865,0.19971395881006865,0,555
0.22857,59,33262.677033,hard,0.2866704805491991,0.2866704805491991,0,581
0.151405,53,33282.702051,hard,0.20440503432494278,0.20440503432494278,0,530
0.256298,55,33303.340342,hard,0.31069794050343247,0.31069794050343247,0,544
0.19792,58,33325.034138,hard,0.25532036613272313,0.25532036613272313,0,574
0.166041,58,33348.833629,hard,0.22374141876430206,0.22374141876430206,0,577
0.170491,60,33371.343612,hard,0.22969107551487414,0.22969107551487414,0,592
0.286392,57,33392.696579,hard,0.34279176201372996,0.34279176201372996,0,564
0.180231,72,33419.481012,hard,0.2522311212814645,0.2522311212814645,0,720
0.346366,62,33443.105269,hard,0.40766590389016016,0.40766590389016016,0,613
0.191871,58,33465.240345,hard,0.24937070938215103,0.24937070938215103,0,575
0.28123,58,33487.206288,hard,0.3391304347826087,0.3391304347826087,0,579
0.099093,58,33510.037769,hard,0.15669336384439359,0.15669336384439359,0,576
0.336638,59,33533.489249,hard,0.3955377574370709,0.3955377574370709,0,589
0.259205,58,33555.071237,hard,0.31670480549199087,0.31670480549199087,0,575
0.182445,57,33576.244323,hard,0.23924485125858125,0.23924485125858125,0,568
0.06665,53,33595.347454,hard,0.11905034324942791,0.11905034324942791,0,524
0.20159,65,33620.236051,hard,0.2665903890160183,0.2665903890160183,0,650
0.066237,54,33640.378089,hard,0.12013729977116705,0.12013729977116705,0,539
2.542212,56,33662.037941,hard,0.5977116704805492,2.597711670480549,2,555
0.089335,55,33683.697411,hard,0.1435354691075515,0.1435354691075515,0,542
0.354088,61,33706.688812,hard,0.41418764302059496,0.41418764302059496,0,601
0.226366,57,33730.358204,hard,0.28306636155606407,0.28306636155606407,0,567
2.461223,59,33752.953466,hard,0.5200228832951945,2.5200228832951943,2,588
0.124274,66,33776.884863,hard,0.1898741418764302,0.1898741418764302,0,656
0.158815,55,33798.74882,hard,0.21321510297482837,0.21321510297482837,0,544
2.475751,57,33820.498637,hard,0.5325514874141877,2.532551487414188,2,568
0.319127,55,33841.840021,hard,0.3740274599542334,0.3740274599542334,0,549
0.134487,54,33863.073019,hard,0.1883867276887872,0.1883867276887872,0,539
0.200607,68,33888.089981,hard,0.2683066361556064,0.2683066361556064,0,677
0.150159,52,33908.446082,hard,0.20205949656750571,0.20205949656750571,0,519
0.240489,63,33933.693675,hard,0.3030892448512586,0.3030892448512586,0,626
0.16816,72,33959.804995,hard,0.24016018306636155,0.24016018306636155,0,720
0.353067,56,33980.683132,hard,0.408466819221968,0.408466819221968,0,554
0.160117,56,34001.471446,hard,0.21521739130434783,0.21521739130434783,0,551
2.491515,60,34024.045768,hard,0.5509153318077803,2.55091533180778,2,594
2.555517,72,34052.313863,hard,0.6275171624713959,2.627517162471396,2,720
0.113465,56,34073.973813,hard,0.16916475972540046,0.16916475972540046,0,557
0.157977,72,34101.679697,hard,0.2299771167048055,0.2299771167048055,0,720
0.169642,55,34123.722691,hard,0.22414187643020594,0.22414187643020594,0,545
0.245171,55,34144.048876,hard,0.2997711670480549,0.2997711670480549,0,546
0.356518,60,34166.819683,hard,0.41601830663615563,0.41601830663615563,0,595
0.183206,72,34194.003136,hard,0.2552059496567506,0.2552059496567506,0,720
0.23232,61,34216.604209,hard,0.29262013729977115,0.29262013729977115,0,603
0.314368,58,34237.499073,hard,0.3715675057208238,0.3715675057208238,0,572
0.093095,53,34256.527389,hard,0.1455949656750572,0.1455949656750572,0,525
0.354697,68,34281.064635,hard,0.42219679633867274,0.42219679633867274,0,675
0.251599,60,34304.962296,hard,0.3114988558352403,0.3114988558352403,0,599
0.243786,57,34325.797975,hard,0.30068649885583526,0.30068649885583526,0,569
0.427714,72,34352.969356,hard,0.49971395881006864,0.49971395881006864,0,720
0.270899,53,34372.859175,hard,0.32379862700228834,0.32379862700228834,0,529
0.26029,57,34394.930587,hard,0.3165903890160183,0.3165903890160183,0,563
0.176354,59,34417.239167,hard,0.234954233409611,0.234954233409611,0,586
0.207739,64,34442.510371,hard,0.27133867276887874,0.27133867276887874,0,636
0.22301,61,34464.591555,hard,0.28381006864988556,0.28381006864988556,0,608
0.028995,55,34485.037856,hard,0.08329519450800915,0.08329519450800915,0,543
0.086581,60,34509.432472,hard,0.14588100686498856,0.14588100686498856,0,593
0.193332,72,34536.449646,hard,0.26533180778032034,0.26533180778032034,0,720
0.339564,67,34561.205297,hard,0.40606407322654464,0.40606407322654464,0,665
0.24207,57,34582.550867,hard,0.29856979405034323,0.29856979405034323,0,565
0.194372,56,34603.882791,hard,0.2501716247139588,0.2501716247139588,0,558
0.355873,58,34624.940152,hard,0.4136727688787185,0.4136727688787185,0,578
0.24203,59,34646.868504,hard,0.30102974828375284,0.30102974828375284,0,590
0.10671,53,34666.578069,hard,0.1588100686498856,0.1588100686498856,0,521
0.124764,57,34688.049266,hard,0.18106407322654464,0.18106407322654464,0,563
0.281726,54,34710.114974,hard,0.3355263157894737,0.3355263157894737,0,538
0.255604,61,34733.864351,hard,0.31630434782608696,0.31630434782608696,0,607
0.195618,58,34756.319373,hard,0.2529176201372998,0.2529176201372998,0,573
0.182142,55,34776.792587,hard,0.23684210526315788,0.23684210526315788,0,547
0.027605,52,34796.149788,hard,0.0794050343249428,0.0794050343249428,0,518
0.283693,61,34818.917481,hard,0.34399313501144163,0.34399313501144163,0,603
0.237783,72,34846.085878,hard,0.30978260869565216,0.30978260869565216,0,720
0.238768,58,34868.150048,hard,0.2965675057208238,0.2965675057208238,0,578
0.236419,55,34891.197625,hard,0.2914187643020595,0.2914187643020595,0,550
0.165324,56,34913.021959,hard,0.2208237986270023,0.2208237986270023,0,555
2.464969,59,34935.5768,hard,0.5231693363844394,2.5231693363844396,2,582
1.333477,72,34963.1665,hard,0.4049771167048055,1.4049771167048055,1,715
0.277532,64,34986.978714,hard,0.34073226544622426,0.34073226544622426,0,632
0.262189,54,35007.61745,hard,0.3157894736842105,0.3157894736842105,0,536
0.11917,55,35028.570821,hard,0.17397025171624714,0.17397025171624714,0,548
2.543332,72,35056.078587,hard,0.6153318077803204,2.6153318077803203,2,720
0.223206,57,35078.194866,hard,0.28020594965675055,0.28020594965675055,0,570
0.307683,66,35105.334647,hard,0.372883295194508,0.372883295194508,0,652
0.258204,58,35127.166317,hard,0.31590389016018305,0.31590389016018305,0,577
0.21358,57,35148.832377,hard,0.2700800915331808,0.2700800915331808,0,565
0.239899,72,35176.650555,hard,0.31189931350114414,0.31189931350114414,0,720
2.564457,61,35199.940671,hard,0.6246567505720824,2.6246567505720826,2,602
2.615243,72,35227.631113,hard,0.6872425629290618,2.687242562929062,2,720
0.321144,68,35252.872683,hard,0.38844393592677345,0.38844393592677345,0,673
0.155352,53,35273.347502,hard,0.20795194508009154,0.20795194508009154,0,526
0.374517,66,35300.266295,hard,0.43981693363844393,0.43981693363844393,0,653
0.065436,54,35319.886442,hard,0.11933638443935926,0.11933638443935926,0,539
2.575022,57,35341.997543,hard,0.6315217391304347,2.631521739130435,2,565
0.113434,54,35362.961988,hard,0.16693363844393594,0.16693363844393594,0,535
0.258286,55,35383.339388,hard,0.3125858123569794,0.3125858123569794,0,543
0.257907,61,35406.380885,hard,0.3187070938215103,0.3187070938215103,0,608
0.23706,54,35426.497787,hard,0.29016018306636154,0.29016018306636154,0,531
0.151166,57,35448.025193,hard,0.20766590389016018,0.20766590389016018,0,565
0.221744,55,35468.232996,hard,0.2761441647597254,0.2761441647597254,0,544
0.132969,53,35489.67889,hard,0.1854691075514874,0.1854691075514874,0,525
0.271921,60,35512.273463,hard,0.3311212814645309,0.3311212814645309,0,592
0.289457,61,35535.333656,hard,0.35005720823798625,0.35005720823798625,0,606
0.256811,66,35559.995068,hard,0.3223112128146453,0.3223112128146453,0,655
0.250636,56,35582.03848,hard,0.30663615560640733,0.30663615560640733,0,560
2.460672,65,35606.389644,hard,0.5251716247139588,2.525171624713959,2,645
0.195121,61,35629.800965,hard,0.2561212814645309,0.2561212814645309,0,610
0.16378,56,35651.267549,hard,0.21967963386727687,0.21967963386727687,0,559
0.264644,62,35675.933639,hard,0.3257437070938215,0.3257437070938215,0,611
0.123674,67,35701.586216,hard,0.1898741418764302,0.1898741418764302,0,662
0.138526,72,35728.696371,hard,0.21052631578947367,0.21052631578947367,0,720
0.004364,52,35748.130097,hard,0.055663615560640735,0.055663615560640735,0,513
0.285684,63,35772.860658,hard,0.3482837528604119,0.3482837528604119,0,626
0.242187,60,35796.105433,hard,0.301487414187643,0.301487414187643,0,593
0.189854,57,35817.713009,hard,0.24685354691075514,0.24685354691075514,0,570
0.224648,56,35839.098025,hard,0.2797482837528604,0.2797482837528604,0,551
0.121614,53,35858.504307,hard,0.17431350114416477,0.17431350114416477,0,527
0.276422,56,35882.044031,hard,0.33152173913043476,0.33152173913043476,0,551
0.205449,62,35906.855922,hard,0.26744851258581237,0.26744851258581237,0,620
0.397626,63,35930.78163,hard,0.4601258581235698,0.4601258581235698,0,625
0.310163,58,35952.900757,hard,0.3675629290617849,0.3675629290617849,0,574
0.195275,59,35975.816169,hard,0.2533752860411899,0.2533752860411899,0,581
0.41291,71,36002.797442,hard,0.4834096109839817,0.4834096109839817,0,705
1.342668,55,36022.576126,hard,0.3969679633867277,1.3969679633867278,1,543
0.218015,58,36044.607568,hard,0.2755148741418764,0.2755148741418764,0,575
0.268522,64,36070.810497,hard,0.33192219679633866,0.33192219679633866,0,634
0.030411,55,36091.907246,hard,0.08461098398169337,0.08461098398169337,0,542
0.241425,56,36113.881681,hard,0.29662471395881007,0.29662471395881007,0,552
0.153357,59,36137.171252,hard,0.2123569794050343,0.2123569794050343,0,590
0.161834,56,36157.763773,hard,0.2173340961098398,0.2173340961098398,0,555
1.440636,66,36182.705945,hard,0.5062356979405034,1.5062356979405034,1,656
0.045432,58,36204.580787,hard,0.10303203661327232,0.10303203661327232,0,576
0.068641,55,36225.281048,hard,0.12294050343249428,0.12294050343249428,0,543
0.192761,61,36248.577264,hard,0.2532608695652174,0.2532608695652174,0,605
0.289957,72,36278.277023,hard,0.36195652173913045,0.36195652173913045,0,720
0.296927,52,36297.73224,hard,0.34822654462242564,0.34822654462242564,0,513
0.141497,57,36318.904986,hard,0.19759725400457667,0.19759725400457667,0,561
0.201278,55,36339.541451,hard,0.2553775743707094,0.2553775743707094,0,541
2.520985,54,36360.03258,hard,0.5744851258581236,2.5744851258581236,2,535
0.328526,57,36381.563673,hard,0.3851258581235698,0.3851258581235698,0,566
0.275016,65,36405.625533,hard,0.33941647597254004,0.33941647597254004,0,644
0.198177,57,36426.740324,hard,0.2549771167048055,0.2549771167048055,0,568
0.215862,64,36451.672344,hard,0.27946224256292906,0.27946224256292906,0,636
0.082927,53,36474.007803,hard,0.13592677345537757,0.13592677345537757,0,530
0.183659,56,36495.380049,hard,0.23935926773455377,0.23935926773455377,0,557
0.155731,59,36517.599041,hard,0.2145308924485126,0.2145308924485126,0,588
0.169371,56,36538.636909,hard,0.22477116704805492,0.22477116704805492,0,554
0.297404,69,36565.875921,hard,0.36630434782608695,0.36630434782608695,0,689
0.117466,53,36586.87262,hard,0.17036613272311213,0.17036613272311213,0,529
0.284832,56,36607.473814,hard,0.34033180778032035,0.34033180778032035,0,555
0.206342,68,36633.652149,hard,0.27414187643020593,0.27414187643020593,0,678
0.1465,54,36655.364924,hard,0.2004004576659039,0.2004004576659039,0,539
0.062364,57,36676.295884,hard,0.11876430205949656,0.11876430205949656,0,564
0.131985,55,36696.540131,hard,0.18678489702517162,0.18678489702517162,0,548
0.201723,56,36717.791363,hard,0.25732265446224256,0.25732265446224256,0,556
1.437217,66,36741.762432,hard,0.5025171624713959,1.502517162471396,1,653
0.233117,58,36763.320991,hard,0.2902173913043478,0.2902173913043478,0,571
0.2546,59,36785.153025,hard,0.31270022883295195,0.31270022883295195,0,581
0.157915,56,36805.248739,hard,0.21321510297482837,0.21321510297482837,0,553
0.288238,58,36825.935141,hard,0.34553775743707094,0.34553775743707094,0,573
0.365169,58,36848.849481,hard,0.42276887871853547,0.42276887871853547,0,576
0.13543,54,36867.934998,hard,0.1891304347826087,0.1891304347826087,0,537
0.148905,56,36888.082736,hard,0.2048054919908467,0.2048054919908467,0,559
0.285349,58,36909.447932,hard,0.34324942791762014,0.34324942791762014,0,579
0.159132,57,36929.895747,hard,0.21533180778032038,0.21533180778032038,0,562
0.209787,54,36949.120485,hard,0.2637871853546911,0.2637871853546911,0,540
0.341241,58,36970.871103,hard,0.39834096109839817,0.39834096109839817,0,571
1.338379,69,36994.901882,hard,0.40657894736842104,1.4065789473684212,1,682
0.200382,59,37016.794072,hard,0.2589816933638444,0.2589816933638444,0,586
0.132295,63,37040.675438,hard,0.1951945080091533,0.1951945080091533,0,629
0.256003,60,37060.852178,hard,0.3155034324942792,0.3155034324942792,0,595
2.602491,52,37079.862537,hard,0.6542906178489702,2.6542906178489702,2,518
0.251743,61,37101.654583,hard,0.3126430205949657,0.3126430205949657,0,609
0.292439,55,37120.9019,hard,0.3467391304347826,0.3467391304347826,0,543
0.12167,52,37138.47434,hard,0.17356979405034326,0.17356979405034326,0,519
0.352972,61,37160.56136,hard,0.41327231121281466,0.41327231121281466,0,603
0.258,55,37179.052202,hard,0.31229977116704805,0.31229977116704805,0,543
0.243046,72,37203.14629,hard,0.315045766590389,0.315045766590389,0,720
0.190766,68,37227.465949,hard,0.25806636155606405,0.25806636155606405,0,673
0.169771,55,37245.736578,hard,0.22437070938215103,0.22437070938215103,0,546
0.033117,57,37264.578377,hard,0.08981693363844394,0.08981693363844394,0,567
0.184676,58,37285.463094,hard,0.24187643020594965,0.24187643020594965,0,572
0.28018,65,37308.587804,hard,0.3446796338672769,0.3446796338672769,0,645
0.086876,55,37327.809334,hard,0.14107551487414188,0.14107551487414188,0,542
0.166482,56,37346.862036,hard,0.22168192219679633,0.22168192219679633,0,552
0.151013,61,37367.612328,hard,0.21121281464530892,0.21121281464530892,0,602
0.184642,53,37384.30061,hard,0.23684210526315788,0.23684210526315788,0,522
0.173332,55,37402.741499,hard,0.22803203661327232,0.22803203661327232,0,547
0.272515,54,37421.003515,hard,0.3259153318077803,0.3259153318077803,0,534
0.204466,54,37440.186224,hard,0.2576659038901602,0.2576659038901602,0,532
0.152707,54,37458.901582,hard,0.20600686498855836,0.20600686498855836,0,533
0.197972,53,37477.419852,hard,0.2505720823798627,0.2505720823798627,0,526
0.184862,58,37496.122658,hard,0.242162471395881,0.242162471395881,0,573
0.189327,72,37520.203828,hard,0.2613272311212815,0.2613272311212815,0,720
0.186622,70,37543.730084,hard,0.2565217391304348,0.2565217391304348,0,699
