#{"t_start": 1778956384.254014, "env_id": "None"}
r,l,t,profile,damage_pct,score,stars,ticks_elapsed
0.338564,60,20.053866,medium,0.39766355140186915,0.39766355140186915,0,591
2.461723,72,43.611024,medium,0.5337227414330218,2.5337227414330217,2,720
1.513136,64,65.313369,medium,0.5766355140186916,1.5766355140186916,1,635
0.366071,63,87.100438,medium,0.42827102803738315,0.42827102803738315,0,622
2.545679,72,111.176334,medium,0.6176791277258566,2.6176791277258564,2,720
2.581612,61,131.694132,medium,0.6422118380062305,2.6422118380062303,2,606
2.785915,68,154.55347,medium,0.8531152647975078,2.8531152647975078,2,672
0.381349,56,175.898848,medium,0.43644859813084114,0.43644859813084114,0,551
0.300196,72,199.594864,medium,0.372196261682243,0.372196261682243,0,720
0.243294,61,218.965614,medium,0.30389408099688475,0.30389408099688475,0,606
0.4186,65,240.584833,medium,0.48309968847352025,0.48309968847352025,0,645
2.609698,72,264.430513,medium,0.6816978193146418,2.6816978193146417,2,720
2.745468,64,285.650054,medium,0.8092679127725857,2.8092679127725857,2,638
2.597843,68,308.504596,medium,0.6653426791277258,2.665342679127726,2,675
2.661809,71,332.828741,medium,0.7320093457943925,2.7320093457943924,2,702
2.885866,72,359.491733,medium,0.9578660436137072,2.9578660436137074,2,720
0.407952,57,378.965301,medium,0.46425233644859815,0.46425233644859815,0,563
2.717642,72,403.401106,medium,0.7896417445482866,2.7896417445482866,2,720
2.887969,72,426.89967,medium,0.9599688473520249,2.959968847352025,2,720
0.279575,61,447.886207,medium,0.3398753894080997,0.3398753894080997,0,603
0.134897,63,468.755901,medium,0.19789719626168226,0.19789719626168226,0,630
2.587424,72,493.715661,medium,0.6594236760124611,2.659423676012461,2,720
0.269702,57,512.216367,medium,0.3264018691588785,0.3264018691588785,0,567
0.243343,72,538.620568,medium,0.31534267912772584,0.31534267912772584,0,720
1.460721,64,560.659022,medium,0.5242211838006231,1.524221183800623,1,635
0.230592,64,582.937499,medium,0.29369158878504675,0.29369158878504675,0,631
1.683685,72,607.44752,medium,0.7556853582554517,1.7556853582554517,1,720
0.240871,55,626.12338,medium,0.29517133956386293,0.29517133956386293,0,543
0.381774,66,647.765038,medium,0.4472741433021807,0.4472741433021807,0,655
1.732361,72,672.865276,medium,0.8043613707165109,1.804361370716511,1,720
1.494822,72,699.747486,medium,0.5668224299065421,1.566822429906542,1,720
2.843595,70,723.760904,medium,0.9126947040498442,2.9126947040498443,2,691
1.698872,72,747.901859,medium,0.7708722741433022,1.770872274143302,1,720
0.350561,62,768.358018,medium,0.4124610591900312,0.4124610591900312,0,619
2.831427,72,792.094047,medium,0.9034267912772586,2.9034267912772584,2,720
0.396985,67,814.312008,medium,0.463785046728972,0.463785046728972,0,668
0.097149,57,833.822666,medium,0.15334890965732087,0.15334890965732087,0,562
1.570368,72,857.462967,medium,0.6423676012461059,1.642367601246106,1,720
0.277253,54,877.557887,medium,0.3311526479750779,0.3311526479750779,0,539
1.559774,71,902.507385,medium,0.6303738317757009,1.6303738317757008,1,706
1.614838,72,927.398486,medium,0.6868380062305296,1.6868380062305297,1,720
2.732361,72,951.263348,medium,0.8043613707165109,2.804361370716511,2,720
0.370202,57,968.995196,medium,0.4264018691588785,0.4264018691588785,0,562
2.622782,72,992.008047,medium,0.6947819314641744,2.6947819314641746,2,720
1.520601,72,1015.929041,medium,0.592601246105919,1.592601246105919,1,720
0.400062,64,1037.201895,medium,0.4631619937694704,0.4631619937694704,0,631
0.279588,70,1062.797104,medium,0.34898753894080997,0.34898753894080997,0,694
0.345451,69,1085.966139,medium,0.4135514018691589,0.4135514018691589,0,681
0.363658,72,1110.734881,medium,0.4353582554517134,0.4353582554517134,0,717
1.498016,72,1135.685088,medium,0.5700155763239876,1.5700155763239876,1,720
0.403253,62,1156.255997,medium,0.4649532710280374,0.4649532710280374,0,617
2.788825,64,1177.537803,medium,0.8520249221183801,2.85202492211838,2,632
0.384698,72,1202.691247,medium,0.45669781931464176,0.45669781931464176,0,720
2.555033,70,1228.200205,medium,0.6245327102803738,2.624532710280374,2,695
2.833627,70,1252.10869,medium,0.9034267912772586,2.9034267912772584,2,698
3.9395,61,1272.641041,medium,1.0,4.0,3,605
2.65596,72,1297.17198,medium,0.7279595015576324,2.7279595015576326,2,720
2.584374,63,1318.400777,medium,0.6472741433021807,2.6472741433021807,2,629
1.492019,72,1342.515252,medium,0.564018691588785,1.564018691588785,1,720
0.366561,63,1364.465701,medium,0.4293613707165109,0.4293613707165109,0,628
0.34808,71,1388.830528,medium,0.41838006230529595,0.41838006230529595,0,703
2.833997,72,1415.077028,medium,0.9059968847352025,2.9059968847352025,2,720
0.161489,56,1434.902572,medium,0.21658878504672896,0.21658878504672896,0,551
0.40699,61,1455.965906,medium,0.4672897196261682,0.4672897196261682,0,603
1.497991,70,1480.67938,medium,0.5679906542056075,1.5679906542056075,1,700
2.617169,68,1503.572859,medium,0.6849688473520249,2.684968847352025,2,678
1.484346,67,1525.602337,medium,0.5512461059190031,1.5512461059190032,1,669
1.660068,67,1548.566936,medium,0.7261682242990655,1.7261682242990655,1,661
1.703857,72,1573.55944,medium,0.7758566978193147,1.7758566978193147,1,720
2.628701,72,1598.237507,medium,0.7007009345794393,2.700700934579439,2,720
1.670368,72,1622.450965,medium,0.7423676012461059,1.742367601246106,1,720
1.770991,72,1646.772783,medium,0.8429906542056075,1.8429906542056074,1,720
2.581972,72,1672.270061,medium,0.6539719626168224,2.6539719626168226,2,720
2.640659,62,1692.998731,medium,0.7022585669781931,2.702258566978193,2,616
0.424028,72,1718.384553,medium,0.4960280373831776,0.4960280373831776,0,720
2.764824,70,1742.828859,medium,0.834423676012461,2.8344236760124613,2,696
0.211436,66,1767.568932,medium,0.2766355140186916,0.2766355140186916,0,652
0.345583,58,1787.649067,medium,0.40358255451713393,0.40358255451713393,0,580
2.782673,72,1812.375204,medium,0.8546728971962617,2.8546728971962616,2,720
0.263495,58,1832.212141,medium,0.32149532710280376,0.32149532710280376,0,580
0.24934,72,1856.198333,medium,0.32133956386292833,0.32133956386292833,0,720
0.309692,68,1879.278887,medium,0.37749221183800624,0.37749221183800624,0,678
0.352228,61,1900.620093,medium,0.4129283489096573,0.4129283489096573,0,607
2.751282,61,1921.390045,medium,0.8116822429906542,2.811682242990654,2,604
2.601606,62,1944.653048,medium,0.6630062305295951,2.663006230529595,2,614
1.587034,72,1968.813055,medium,0.6590342679127725,1.6590342679127725,1,720
2.496346,63,1990.465802,medium,0.5593457943925234,2.5593457943925233,2,630
2.551194,61,2011.784211,medium,0.611993769470405,2.6119937694704047,2,608
0.388358,72,2035.676877,medium,0.4603582554517134,0.4603582554517134,0,720
2.769044,72,2060.005326,medium,0.8410436137071651,2.841043613707165,2,720
0.335319,71,2084.392873,medium,0.4059190031152648,0.4059190031152648,0,706
0.404844,62,2106.92226,medium,0.4660436137071651,0.4660436137071651,0,612
1.560399,72,2130.203413,medium,0.632398753894081,1.632398753894081,1,720
2.610752,70,2153.651597,medium,0.6804517133956386,2.6804517133956387,2,697
1.500508,72,2176.857237,medium,0.5725077881619938,1.5725077881619938,1,720
2.553623,72,2201.411575,medium,0.6256230529595016,2.6256230529595017,2,720
0.191595,55,2220.439284,medium,0.24649532710280375,0.24649532710280375,0,549
0.417593,61,2242.356927,medium,0.4781931464174455,0.4781931464174455,0,606
2.850196,72,2267.108955,medium,0.922196261682243,2.922196261682243,2,720
1.456429,58,2289.464722,medium,0.5136292834890965,1.5136292834890965,1,572
1.49212,57,2309.229917,medium,0.5485202492211838,1.5485202492211838,1,564
2.653461,68,2332.609241,medium,0.7205607476635514,2.7205607476635514,2,671
2.455769,63,2353.86464,medium,0.5180685358255451,2.5180685358255452,2,623
0.315019,66,2375.953203,medium,0.3809190031152648,0.3809190031152648,0,659
2.660009,72,2400.830946,medium,0.7320093457943925,2.7320093457943924,2,720
2.483056,59,2421.721856,medium,0.5420560747663551,2.542056074766355,2,590
1.502545,57,2441.157468,medium,0.5586448598130841,1.558644859813084,1,561
2.567354,57,2462.562164,medium,0.6237538940809969,2.623753894080997,2,564
3.9314,69,2486.314901,medium,1.0,4.0,3,686
2.86772,72,2511.308593,medium,0.9397196261682244,2.939719626168224,2,720
2.838222,70,2535.828096,medium,0.9080218068535826,2.908021806853583,2,698
2.905928,66,2558.089385,medium,0.9710280373831776,2.9710280373831774,2,651
2.46749,59,2578.446105,medium,0.5260903426791277,2.5260903426791277,2,586
2.59208,69,2603.508567,medium,0.6602803738317757,2.6602803738317755,2,682
0.431419,58,2623.211322,medium,0.489018691588785,0.489018691588785,0,576
2.614059,72,2649.87129,medium,0.6860591900311527,2.686059190031153,2,720
0.374885,72,2674.620266,medium,0.4468847352024922,0.4468847352024922,0,720
2.887502,72,2698.380758,medium,0.9595015576323987,2.959501557632399,2,720
2.840227,64,2720.081931,medium,0.9034267912772586,2.9034267912772584,2,632
0.36071,72,2745.597855,medium,0.4327102803738318,0.4327102803738318,0,720
1.469021,56,2765.938349,medium,0.5242211838006231,1.524221183800623,1,552
1.831427,72,2791.599257,medium,0.9034267912772586,1.9034267912772584,1,720
1.520101,64,2816.1114,medium,0.5838006230529595,1.5838006230529595,1,637
2.691486,65,2837.822718,medium,0.756386292834891,2.756386292834891,2,649
2.623249,72,2862.99061,medium,0.6952492211838006,2.6952492211838006,2,720
1.474262,72,2887.408042,medium,0.5462616822429907,1.5462616822429907,1,720
2.62691,72,2912.454783,medium,0.6989096573208723,2.6989096573208724,2,720
1.433841,72,2937.244921,medium,0.5058411214953271,1.5058411214953271,1,720
0.339341,59,2957.571326,medium,0.39774143302180687,0.39774143302180687,0,584
0.347207,58,2977.447383,medium,0.4049065420560748,0.4049065420560748,0,577
0.257362,56,2998.242336,medium,0.3131619937694704,0.3131619937694704,0,558
0.235536,58,3018.509798,medium,0.2935358255451713,0.2935358255451713,0,580
1.630804,72,3044.017989,medium,0.702803738317757,1.702803738317757,1,720
0.420292,58,3064.7209,medium,0.4774922118380062,0.4774922118380062,0,572
2.732361,72,3089.554044,medium,0.8043613707165109,2.804361370716511,2,720
0.394488,72,3115.225011,medium,0.4658878504672897,0.4658878504672897,0,714
1.510968,66,3138.216475,medium,0.5761682242990654,1.5761682242990656,1,652
1.265463,57,3158.176984,medium,0.3219626168224299,1.3219626168224299,1,565
2.635721,72,3185.081651,medium,0.7073208722741433,2.7073208722741433,2,716
2.686484,60,3206.170229,medium,0.746183800623053,2.746183800623053,2,597
2.81367,72,3230.610172,medium,0.8856697819314642,2.885669781931464,2,720
2.705936,63,3251.603261,medium,0.7685358255451713,2.7685358255451713,2,626
2.783296,72,3277.23731,medium,0.8552959501557632,2.8552959501557633,2,720
2.643995,61,3298.169341,medium,0.704595015576324,2.704595015576324,2,606
2.674028,72,3323.144165,medium,0.7460280373831776,2.7460280373831774,2,720
1.421809,69,3346.729533,medium,0.49010903426791275,1.4901090342679129,1,683
2.766785,72,3373.382236,medium,0.8387850467289719,2.838785046728972,2,720
0.361879,72,3398.595705,medium,0.4338785046728972,0.4338785046728972,0,720
0.430685,59,3417.700556,medium,0.48878504672897194,0.48878504672897194,0,581
2.62145,58,3437.255545,medium,0.6790498442367601,2.67904984423676,2,576
1.45415,59,3458.058523,medium,0.5128504672897196,1.5128504672897196,1,587
2.768421,72,3482.824082,medium,0.8404205607476636,2.8404205607476634,2,720
2.798016,72,3508.041173,medium,0.8700155763239875,2.8700155763239876,2,720
1.449028,72,3533.907761,medium,0.5210280373831776,1.5210280373831777,1,720
2.599133,68,3557.478666,medium,0.6664330218068536,2.6664330218068537,2,673
0.267265,57,3576.947092,medium,0.32406542056074766,0.32406542056074766,0,568
2.88976,72,3601.515384,medium,0.9617601246105919,2.961760124610592,2,720
2.853545,72,3627.464054,medium,0.9255451713395638,2.925545171339564,2,720
0.39747,72,3653.146357,medium,0.46947040498442366,0.46947040498442366,0,720
0.289293,72,3677.638286,medium,0.36129283489096575,0.36129283489096575,0,720
1.529947,72,3702.724099,medium,0.6019470404984424,1.6019470404984424,1,720
2.633843,66,3726.562947,medium,0.6991433021806853,2.699143302180685,2,653
0.226425,68,3749.121501,medium,0.29392523364485984,0.29392523364485984,0,675
1.672081,72,3772.580912,medium,0.7440809968847352,1.744080996884735,1,720
0.232787,58,3792.383563,medium,0.29018691588785045,0.29018691588785045,0,574
2.666006,72,3816.668565,medium,0.738006230529595,2.738006230529595,2,720
2.833452,72,3841.720341,medium,0.9054517133956387,2.905451713395639,2,720
0.399402,61,3862.476691,medium,0.45950155763239875,0.45950155763239875,0,601
2.527745,56,3881.283473,medium,0.5836448598130841,2.5836448598130843,2,559
1.542571,61,3903.439784,medium,0.6032710280373832,1.6032710280373832,1,607
2.585555,72,3927.620855,medium,0.6575545171339564,2.6575545171339563,2,720
1.498021,68,3950.641042,medium,0.5654205607476636,1.5654205607476634,1,674
0.272882,55,3969.71479,medium,0.3278816199376947,0.3278816199376947,0,550
2.80077,69,3991.682738,medium,0.8694704049844236,2.8694704049844235,2,687
2.714967,61,4011.7512,medium,0.7754672897196262,2.775467289719626,2,605
0.316161,55,4030.081712,medium,0.3705607476635514,0.3705607476635514,0,544
2.695225,57,4050.23894,medium,0.75202492211838,2.75202492211838,2,568
1.440928,72,4076.500922,medium,0.5129283489096573,1.5129283489096572,1,720
2.803389,72,4100.804285,medium,0.8753894080996885,2.8753894080996885,2,720
2.91476,72,4124.959121,medium,0.9867601246105919,2.986760124610592,2,720
1.48767,57,4144.565595,medium,0.5444704049844237,1.5444704049844238,1,568
0.265031,67,4167.688459,medium,0.3312305295950156,0.3312305295950156,0,662
2.613239,58,4187.78389,medium,0.670638629283489,2.670638629283489,2,574
0.412659,57,4207.276303,medium,0.4691588785046729,0.4691588785046729,0,565
2.846536,72,4231.608848,medium,0.9185358255451713,2.918535825545171,2,720
0.30687,54,4251.820393,medium,0.36066978193146415,0.36066978193146415,0,538
0.325644,58,4271.102256,medium,0.38294392523364484,0.38294392523364484,0,573
2.486801,72,4294.901042,medium,0.5588006230529595,2.5588006230529596,2,720
2.919121,72,4319.178925,medium,0.9911214953271028,2.9911214953271026,2,720
2.561805,59,4339.11745,medium,0.620404984423676,2.620404984423676,2,586
1.550925,68,4362.578338,medium,0.6189252336448599,1.6189252336448599,1,680
2.591201,68,4386.153926,medium,0.6588006230529595,2.6588006230529597,2,676
0.249606,55,4404.68702,medium,0.3042056074766355,0.3042056074766355,0,546
0.249991,60,4427.176732,medium,0.30989096573208724,0.30989096573208724,0,599
2.791474,72,4451.316404,medium,0.8634735202492212,2.8634735202492214,2,720
2.800167,59,4471.02247,medium,0.8585669781931464,2.8585669781931466,2,584
2.724504,71,4496.244748,medium,0.7947040498442368,2.7947040498442366,2,702
2.583767,67,4519.113721,medium,0.6504672897196262,2.650467289719626,2,667
2.608798,65,4541.163884,medium,0.6735981308411215,2.6735981308411216,2,648
1.583545,67,4564.482748,medium,0.6505451713395639,1.650545171339564,1,670
3.9348,66,4588.956887,medium,1.0,4.0,3,652
1.500617,71,4613.016885,medium,0.5707165109034268,1.5707165109034267,1,701
2.846458,72,4637.449329,medium,0.9184579439252336,2.9184579439252336,2,720
2.738901,62,4659.009443,medium,0.8007009345794392,2.800700934579439,2,618
2.873178,69,4683.397489,medium,0.9419781931464174,2.9419781931464173,2,688
2.649789,67,4706.346268,medium,0.716588785046729,2.7165887850467287,2,668
2.779473,68,4730.015272,medium,0.8465732087227414,2.8465732087227416,2,671
0.33227,63,4751.382978,medium,0.39447040498442365,0.39447040498442365,0,622
2.637502,72,4777.636653,medium,0.7095015576323987,2.709501557632399,2,720
2.780025,72,4801.840696,medium,0.8520249221183801,2.85202492211838,2,720
2.561203,66,4824.517293,medium,0.6271028037383177,2.6271028037383175,2,659
0.33166,72,4849.480976,medium,0.40366043613707164,0.40366043613707164,0,720
2.688202,72,4874.809672,medium,0.760202492211838,2.760202492211838,2,720
2.650102,60,4895.311918,medium,0.7095015576323987,2.709501557632399,2,594
3.9451,55,4914.840435,medium,1.0,4.0,3,549
2.627221,72,4939.854818,medium,0.699221183800623,2.6992211838006233,2,720
2.665695,72,4966.191309,medium,0.7376947040498443,2.7376947040498445,2,720
2.615827,63,4987.024642,medium,0.6784267912772586,2.678426791277259,2,626
2.867174,72,5012.115577,medium,0.9391744548286605,2.9391744548286605,2,720
2.545266,63,5033.870239,medium,0.6078660436137072,2.6078660436137073,2,626
2.651048,60,5054.211086,medium,0.7107476635514018,2.710747663551402,2,597
2.65538,63,5076.232921,medium,0.7183800623052959,2.718380062305296,2,630
1.617174,72,5100.429521,medium,0.6891744548286605,1.6891744548286605,1,720
2.647854,68,5125.823024,medium,0.7156542056074766,2.7156542056074766,2,678
2.637686,69,5148.571776,medium,0.706386292834891,2.7063862928348907,2,687
2.619667,72,5174.007487,medium,0.6916666666666667,2.6916666666666664,2,720
2.896692,72,5199.678163,medium,0.9686915887850467,2.9686915887850467,2,720
3.9334,67,5222.935947,medium,1.0,4.0,3,666
2.891318,72,5248.165068,medium,0.9633177570093457,2.963317757009346,2,720
2.725508,72,5273.328237,medium,0.7975077881619937,2.797507788161994,2,720
2.725508,72,5299.664053,medium,0.7975077881619937,2.797507788161994,2,720
0.258062,72,5323.669718,medium,0.33006230529595015,0.33006230529595015,0,720
3.9472,53,5341.640029,medium,1.0,4.0,3,528
3.9419,59,5362.218159,medium,1.0,4.0,3,581
2.526409,72,5387.259288,medium,0.598208722741433,2.598208722741433,2,718
2.769667,72,5412.959033,medium,0.8416666666666667,2.841666666666667,2,720
2.67047,66,5435.322932,medium,0.7356697819314642,2.735669781931464,2,652
1.528156,72,5460.678961,medium,0.6001557632398754,1.6001557632398753,1,720
2.547081,72,5487.740093,medium,0.6190809968847352,2.619080996884735,2,720
1.768421,72,5512.75203,medium,0.8404205607476636,1.8404205607476636,1,720
0.316474,72,5537.611486,medium,0.38847352024922116,0.38847352024922116,0,720
2.84444,69,5561.56628,medium,0.9132398753894081,2.913239875389408,2,688
0.407128,72,5586.606527,medium,0.47912772585669783,0.47912772585669783,0,720
2.612694,59,5607.499619,medium,0.6707943925233645,2.6707943925233644,2,581
2.807058,70,5631.829919,medium,0.8765576323987538,2.876557632398754,2,695
2.578078,72,5658.439312,medium,0.6500778816199377,2.6500778816199375,2,720
2.631607,66,5680.704909,medium,0.6968068535825546,2.6968068535825545,2,652
2.718012,58,5700.568558,medium,0.7753115264797508,2.7753115264797508,2,573
2.637631,70,5724.715791,medium,0.7069314641744548,2.706931464174455,2,693
0.349729,72,5750.134302,medium,0.4217289719626168,0.4217289719626168,0,720
2.519027,60,5771.637393,medium,0.5784267912772586,2.5784267912772587,2,594
1.493888,72,5796.385929,medium,0.5658878504672897,1.5658878504672897,1,720
2.596692,72,5820.502569,medium,0.6686915887850468,2.668691588785047,2,720
2.807751,72,5846.556835,medium,0.8797507788161993,2.8797507788161996,2,720
2.656738,72,5871.730384,medium,0.7287383177570094,2.7287383177570095,2,720
2.817642,72,5897.180713,medium,0.8896417445482866,2.8896417445482867,2,720
2.681115,72,5922.751534,medium,0.7531152647975078,2.7531152647975077,2,720
1.509087,57,5942.29286,medium,0.5651869158878504,1.5651869158878504,1,561
1.463748,72,5965.931044,medium,0.5357476635514019,1.535747663551402,1,720
2.72652,72,5990.353321,medium,0.7985202492211838,2.798520249221184,2,720
2.548022,60,6011.426656,medium,0.6080218068535825,2.6080218068535825,2,600
2.756505,72,6035.981793,medium,0.8285046728971963,2.8285046728971963,2,720
2.750897,72,6059.726686,medium,0.8228971962616822,2.8228971962616822,2,720
1.491006,72,6085.294798,medium,0.563006230529595,1.563006230529595,1,720
2.647393,72,6110.774334,medium,0.719392523364486,2.719392523364486,2,720
2.703715,58,6130.355573,medium,0.7612149532710281,2.761214953271028,2,575
0.169963,61,6149.706573,medium,0.2307632398753894,0.2307632398753894,0,608
2.845527,58,6169.382297,medium,0.9034267912772586,2.9034267912772584,2,579
2.871782,65,6192.624919,medium,0.9366822429906542,2.936682242990654,2,649
0.35829,68,6215.784376,medium,0.4260903426791277,0.4260903426791277,0,678
2.69233,72,6238.970885,medium,0.7643302180685358,2.764330218068536,2,720
2.463713,55,6258.442701,medium,0.5179127725856698,2.51791277258567,2,542
2.831427,72,6282.486837,medium,0.9034267912772586,2.9034267912772584,2,720
1.44786,72,6306.675988,medium,0.5198598130841121,1.519859813084112,1,720
2.655625,64,6328.853981,medium,0.7189252336448598,2.71892523364486,2,633
2.643015,61,6350.758993,medium,0.7031152647975077,2.703115264797508,2,601
2.669199,72,6376.482776,medium,0.7411993769470405,2.7411993769470406,2,720
0.410876,63,6396.944483,medium,0.47367601246105917,0.47367601246105917,0,628
0.313721,61,6417.623996,medium,0.3742211838006231,0.3742211838006231,0,605
2.836879,72,6443.121687,medium,0.9088785046728972,2.9088785046728973,2,720
0.339193,56,6462.88658,medium,0.394392523364486,0.394392523364486,0,552
2.671008,69,6487.627118,medium,0.7394080996884735,2.7394080996884735,2,684
2.699991,68,6511.351989,medium,0.7679906542056075,2.7679906542056076,2,680
0.314293,72,6535.821036,medium,0.3862928348909657,0.3862928348909657,0,720
2.849807,72,6561.965505,medium,0.9218068535825545,2.9218068535825545,2,720
0.418732,72,6586.843353,medium,0.49073208722741435,0.49073208722741435,0,720
2.831427,72,6611.885468,medium,0.9034267912772586,2.9034267912772584,2,720
3.9355,65,6633.280821,medium,1.0,4.0,3,645
2.751847,67,6655.794391,medium,0.8188473520249221,2.818847352024922,2,670
0.16506,55,6674.084664,medium,0.21985981308411215,0.21985981308411215,0,548
2.643265,72,6698.808226,medium,0.7152647975077882,2.715264797507788,2,720
2.907128,72,6724.113157,medium,0.9791277258566978,2.979127725856698,2,720
0.271011,54,6742.955846,medium,0.32461059190031155,0.32461059190031155,0,536
2.540373,57,6761.565714,medium,0.5965732087227414,2.5965732087227416,2,562
1.485281,59,6781.331155,medium,0.5440809968847352,1.5440809968847353,1,588
2.628484,60,6801.610615,medium,0.6880841121495327,2.6880841121495327,2,596
2.45299,57,6819.037233,medium,0.5091900311526479,2.509190031152648,2,562
0.357907,72,6842.034263,medium,0.42990654205607476,0.42990654205607476,0,720
2.529625,56,6861.512147,medium,0.5851246105919004,2.5851246105919,2,555
1.513981,72,6885.321693,medium,0.585981308411215,1.585981308411215,1,720
2.558218,72,6911.866614,medium,0.6302180685358255,2.6302180685358256,2,720
2.676754,72,6937.370331,medium,0.7487538940809969,2.748753894080997,2,720
0.388477,61,6958.508795,medium,0.44937694704049846,0.44937694704049846,0,609
2.561489,72,6983.446903,medium,0.6334890965732087,2.633489096573209,2,720
2.622782,72,7008.448152,medium,0.6947819314641744,2.6947819314641746,2,720
2.660962,70,7031.788712,medium,0.7300623052959502,2.73006230529595,2,691
2.59933,65,7053.469226,medium,0.6643302180685359,2.6643302180685358,2,650
1.557751,72,7078.154046,medium,0.6297507788161993,1.6297507788161993,1,720
0.315206,56,7097.113016,medium,0.3711059190031153,0.3711059190031153,0,559
2.703865,62,7118.240926,medium,0.7652647975077882,2.765264797507788,2,614
2.671556,54,7136.420833,medium,0.7251557632398754,2.7251557632398753,2,536
2.718732,72,7160.406575,medium,0.7907320872274143,2.7907320872274144,2,720
0.427316,60,7181.262677,medium,0.4869158878504673,0.4869158878504673,0,596
2.810399,72,7205.526408,medium,0.882398753894081,2.8823987538940807,2,720
2.591251,64,7227.583017,medium,0.6547507788161994,2.6547507788161995,2,635
2.757595,72,7253.683982,medium,0.829595015576324,2.829595015576324,2,720
2.546883,66,7277.135881,medium,0.6123831775700934,2.612383177570093,2,655
2.894508,70,7302.094355,medium,0.9644080996884735,2.9644080996884736,2,699
1.364604,56,7321.236803,medium,0.41970404984423676,1.4197040498442368,1,551
2.772724,62,7343.231172,medium,0.834423676012461,2.8344236760124613,2,617
2.619817,60,7363.802649,medium,0.6795171339563862,2.679517133956386,2,597
2.460799,64,7385.616,medium,0.5242990654205607,2.5242990654205606,2,635
2.615336,62,7406.494474,medium,0.6773364485981308,2.6773364485981306,2,620
2.813167,63,7431.340129,medium,0.8754672897196262,2.875467289719626,2,623
2.734698,72,7457.504347,medium,0.8066978193146418,2.8066978193146417,2,720
2.876318,62,7479.737234,medium,0.9383177570093458,2.938317757009346,2,620
2.86525,64,7502.424092,medium,0.9290498442367601,2.92904984423676,2,638
2.77948,72,7528.395384,medium,0.8514797507788162,2.8514797507788163,2,720
2.646769,72,7553.092951,medium,0.7187694704049844,2.7187694704049843,2,720
2.763826,72,7577.326673,medium,0.8358255451713396,2.8358255451713394,2,720
2.771769,72,7605.199622,medium,0.8437694704049844,2.8437694704049843,2,720
2.632124,70,7629.081166,medium,0.7013239875389408,2.7013239875389408,2,692
2.771847,72,7654.368218,medium,0.8438473520249221,2.8438473520249223,2,720
2.680124,55,7674.801769,medium,0.7344236760124611,2.734423676012461,2,543
1.636481,66,7697.697512,medium,0.7021806853582554,1.7021806853582553,1,657
3.9323,68,7721.043611,medium,1.0,4.0,3,677
3.9402,60,7741.970614,medium,1.0,4.0,3,598
2.507128,72,7766.029857,medium,0.5791277258566978,2.579127725856698,2,720
2.582042,67,7791.504342,medium,0.6484423676012461,2.648442367601246,2,664
2.588155,71,7816.992978,medium,0.6582554517133956,2.6582554517133956,2,701
2.812112,72,7843.511185,medium,0.8841121495327103,2.8841121495327102,2,720
0.428799,71,7868.210763,medium,0.49929906542056074,0.49929906542056074,0,705
2.602611,72,7893.153583,medium,0.6746105919003115,2.6746105919003114,2,720
3.9316,69,7917.640067,medium,1.0,4.0,3,684
1.484585,63,7938.971019,medium,0.5468847352024923,1.5468847352024921,1,623
0.416888,58,7958.957114,medium,0.47398753894080997,0.47398753894080997,0,571
1.396918,67,7984.111696,medium,0.4633177570093458,1.4633177570093459,1,664
2.706349,72,8008.714715,medium,0.7783489096573208,2.778348909657321,2,720
2.719881,67,8031.624629,medium,0.7859813084112149,2.785981308411215,2,661
3.939,61,8052.423349,medium,1.0,4.0,3,610
2.798599,68,8076.307271,medium,0.8661993769470405,2.8661993769470406,2,676
3.9327,68,8099.660503,medium,1.0,4.0,3,673
2.622704,72,8125.343254,medium,0.6947040498442367,2.694704049844237,2,720
3.945,55,8145.904524,medium,1.0,4.0,3,550
3.941,59,8166.806159,medium,1.0,4.0,3,590
2.725397,64,8189.407629,medium,0.7890965732087227,2.789096573208723,2,637
2.734776,72,8214.891159,medium,0.8067757009345794,2.8067757009345793,2,720
0.35152,72,8239.406536,medium,0.4235202492211838,0.4235202492211838,0,720
2.878234,72,8264.41619,medium,0.9502336448598131,2.950233644859813,2,720
2.83462,72,8288.770365,medium,0.9066199376947041,2.906619937694704,2,720
0.322028,66,8311.926633,medium,0.38792834890965733,0.38792834890965733,0,659
2.797315,72,8339.289024,medium,0.8693146417445483,2.8693146417445483,2,720
1.433772,71,8364.682653,medium,0.5039719626168224,1.5039719626168224,1,702
2.778234,72,8389.911924,medium,0.8502336448598131,2.850233644859813,2,720
2.839449,72,8416.020502,medium,0.9114485981308411,2.911448598130841,2,720
2.641494,63,8437.535035,medium,0.7038940809968848,2.7038940809968848,2,624
2.64494,61,8458.183635,medium,0.7051401869158879,2.7051401869158878,2,602
3.9412,59,8478.969719,medium,1.0,4.0,3,588
3.9517,49,8496.044772,medium,1.0,4.0,3,483
2.815383,72,8522.348723,medium,0.8873831775700934,2.8873831775700936,2,720
2.705181,72,8546.826092,medium,0.7771806853582555,2.7771806853582555,2,720
1.532433,59,8567.236148,medium,0.5914330218068535,1.5914330218068535,1,590
2.698639,72,8591.620239,medium,0.7706386292834891,2.7706386292834893,2,720
2.444687,71,8616.422778,medium,0.5151869158878505,2.5151869158878504,2,705
3.9389,62,8637.465639,medium,1.0,4.0,3,611
2.827455,72,8662.830135,medium,0.8994548286604361,2.8994548286604362,2,720
2.801396,71,8689.338623,medium,0.872196261682243,2.8721962616822427,2,708
2.747704,72,8715.63515,medium,0.8197040498442367,2.819704049844237,2,720
2.744978,72,8741.700375,medium,0.8169781931464174,2.8169781931464173,2,720
2.76476,72,8766.398176,medium,0.8367601246105919,2.836760124610592,2,720
0.299683,63,8788.586975,medium,0.3623831775700935,0.3623831775700935,0,627
0.363251,59,8808.581955,medium,0.4216510903426791,0.4216510903426791,0,584
0.337883,58,8828.340919,medium,0.3954828660436137,0.3954828660436137,0,576
2.493578,57,8848.03415,medium,0.5500778816199376,2.550077881619938,2,565
2.614604,72,8875.702332,medium,0.6866043613707166,2.6866043613707165,2,720
2.662266,63,8897.433629,medium,0.724766355140187,2.724766355140187,2,625
2.781566,60,8918.832208,medium,0.8409657320872275,2.8409657320872275,2,594
0.338903,72,8943.717801,medium,0.4109034267912773,0.4109034267912773,0,720
0.174729,72,8967.608808,medium,0.2467289719626168,0.2467289719626168,0,720
2.820937,58,8987.499013,medium,0.8780373831775701,2.87803738317757,2,571
2.571847,72,9012.174863,medium,0.6438473520249222,2.643847352024922,2,720
2.876053,72,9036.455593,medium,0.9480529595015577,2.948052959501558,2,720
3.9393,61,9059.431216,medium,1.0,4.0,3,607
2.802922,72,9084.964722,medium,0.8749221183800623,2.8749221183800624,2,720
2.730355,70,9108.89381,medium,0.7994548286604362,2.799454828660436,2,691
2.446689,62,9130.144893,medium,0.5084890965732087,2.508489096573209,2,618
2.59939,60,9149.977226,medium,0.659190031152648,2.659190031152648,2,598
2.852394,60,9171.034949,medium,0.911993769470405,2.911993769470405,2,596
2.648456,61,9193.231328,medium,0.7089563862928349,2.7089563862928348,2,605
2.504002,56,9212.628991,medium,0.5595015576323987,2.559501557632399,2,555
2.857436,62,9237.245347,medium,0.9185358255451713,2.918535825545171,2,611
2.839916,72,9262.745212,medium,0.9119158878504673,2.9119158878504674,2,720
1.564293,72,9288.100785,medium,0.6362928348909658,1.6362928348909658,1,720
2.534776,72,9312.095459,medium,0.6067757009345794,2.6067757009345796,2,720
0.343109,72,9336.586612,medium,0.4151090342679128,0.4151090342679128,0,720
2.572831,60,9357.718619,medium,0.6319314641744548,2.6319314641744547,2,591
2.770212,72,9382.145983,medium,0.8422118380062306,2.8422118380062305,2,720
2.913125,72,9408.584485,medium,0.9851246105919003,2.9851246105919005,2,720
2.487836,56,9428.179619,medium,0.5435358255451713,2.543535825545171,2,557
2.823093,72,9453.166629,medium,0.8950934579439253,2.895093457943925,2,720
2.872159,72,9478.398973,medium,0.944158878504673,2.944158878504673,2,720
3.9325,68,9501.360078,medium,1.0,4.0,3,675
2.725508,72,9526.386976,medium,0.7975077881619937,2.797507788161994,2,720
3.9463,54,9545.323785,medium,1.0,4.0,3,537
2.776883,69,9569.019061,medium,0.8454828660436137,2.845482866043614,2,686
2.879995,67,9594.594305,medium,0.9464953271028037,2.9464953271028036,2,665
1.597938,72,9619.630184,medium,0.6699376947040498,1.6699376947040498,1,720
2.872237,72,9644.752079,medium,0.9442367601246106,2.9442367601246104,2,720
2.76585,72,9669.791057,medium,0.8378504672897197,2.83785046728972,2,720
2.622004,65,9692.523892,medium,0.6866043613707166,2.6866043613707165,2,646
2.78688,65,9715.766486,medium,0.8514797507788162,2.8514797507788163,2,646
3.9388,62,9736.593535,medium,1.0,4.0,3,612
2.746023,72,9761.825304,medium,0.8175233644859813,2.8175233644859814,2,715
2.858345,68,9784.921353,medium,0.9255451713395638,2.925545171339564,2,672
2.651847,59,9804.578647,medium,0.7100467289719626,2.7100467289719625,2,582
1.513842,60,9824.818627,medium,0.5734423676012461,1.5734423676012461,1,596
2.669667,72,9849.089685,medium,0.7416666666666667,2.7416666666666667,2,720
2.671458,72,9873.950547,medium,0.7434579439252337,2.743457943925234,2,720
2.461879,72,9897.781638,medium,0.5338785046728972,2.5338785046728973,2,720
0.22691,64,9919.275768,medium,0.29080996884735205,0.29080996884735205,0,639
2.628779,72,9945.647179,medium,0.700778816199377,2.700778816199377,2,720
1.533607,72,9969.605461,medium,0.6056074766355141,1.6056074766355142,1,720
2.759386,72,9994.941743,medium,0.831386292834891,2.8313862928348907,2,720
2.681271,72,10019.391,medium,0.7532710280373832,2.7532710280373833,2,720
2.556738,72,10044.99566,medium,0.6287383177570094,2.6287383177570094,2,720
2.740773,72,10070.49239,medium,0.8127725856697819,2.812772585669782,2,720
3.9498,51,10088.444553,medium,1.0,4.0,3,502
2.895134,72,10115.391919,medium,0.9671339563862928,2.967133956386293,2,720
2.666006,72,10140.50044,medium,0.738006230529595,2.738006230529595,2,720
2.642146,60,10161.777726,medium,0.7012461059190032,2.701246105919003,2,591
2.869589,72,10186.146727,medium,0.9415887850467289,2.941588785046729,2,720
2.514682,72,10211.02925,medium,0.5866822429906542,2.586682242990654,2,720
0.375417,71,10235.168037,medium,0.44641744548286605,0.44641744548286605,0,710
2.728779,72,10260.876439,medium,0.800778816199377,2.8007788161993767,2,720
2.740759,62,10282.943065,medium,0.8022585669781932,2.8022585669781934,2,615
2.826364,72,10310.046429,medium,0.8983644859813084,2.8983644859813085,2,720
2.846383,58,10330.288736,medium,0.9042834890965732,2.9042834890965734,2,579
2.757673,72,10354.611879,medium,0.8296728971962617,2.8296728971962617,2,720
2.873872,72,10379.556726,medium,0.9458722741433022,2.9458722741433023,2,720
2.584557,67,10403.376015,medium,0.6508566978193147,2.6508566978193144,2,663
1.628467,72,10429.200313,medium,0.7004672897196261,1.7004672897196262,1,720
0.230555,61,10451.147886,medium,0.2913551401869159,0.2913551401869159,0,608
2.651287,72,10477.754592,medium,0.7232866043613707,2.7232866043613706,2,720
3.9282,72,10500.977662,medium,1.0,4.0,3,718
2.715617,72,10525.380113,medium,0.7876168224299065,2.7876168224299063,2,720
3.9477,53,10543.460082,medium,1.0,4.0,3,523
2.853779,72,10568.602852,medium,0.925778816199377,2.9257788161993767,2,720
2.581193,72,10594.249846,medium,0.6531931464174455,2.6531931464174456,2,720
2.887969,72,10619.870259,medium,0.9599688473520249,2.959968847352025,2,720
0.415875,58,10640.493944,medium,0.47297507788161997,0.47297507788161997,0,571
2.778389,72,10667.126817,medium,0.8503894080996884,2.8503894080996885,2,720
2.642349,61,10688.787336,medium,0.7033489096573209,2.703348909657321,2,610
3.9294,71,10712.946027,medium,1.0,4.0,3,706
1.385469,67,10737.01315,medium,0.45186915887850465,1.4518691588785047,1,664
1.483896,64,10759.371275,medium,0.547196261682243,1.547196261682243,1,633
2.718977,56,10779.075907,medium,0.7743769470404984,2.7743769470404986,2,554
2.888047,72,10803.892286,medium,0.9600467289719626,2.9600467289719625,2,720
2.748717,72,10828.862813,medium,0.8207165109034268,2.8207165109034267,2,720
0.309758,67,10853.469673,medium,0.3765576323987539,0.3765576323987539,0,668
2.902221,72,10876.690377,medium,0.9742211838006231,2.974221183800623,2,720
2.796769,72,10901.309604,medium,0.8687694704049844,2.8687694704049846,2,720
2.70962,72,10925.939431,medium,0.7816199376947041,2.781619937694704,2,720
2.656738,72,10950.257542,medium,0.7287383177570094,2.7287383177570095,2,720
2.771536,72,10975.075842,medium,0.8435358255451714,2.8435358255451715,2,720
2.786035,65,10997.813327,medium,0.8509345794392523,2.850934579439252,2,649
2.879324,72,11024.808461,medium,0.9513239875389408,2.9513239875389408,2,720
3.9508,50,11042.345577,medium,1.0,4.0,3,492
2.69429,57,11062.31225,medium,0.7510903426791278,2.7510903426791278,2,568
2.703682,67,11086.06238,medium,0.7697819314641745,2.7697819314641743,2,661
2.77948,72,11111.722897,medium,0.8514797507788162,2.8514797507788163,2,720
3.9481,52,11130.547365,medium,1.0,4.0,3,519
2.913748,72,11156.582555,medium,0.9857476635514019,2.9857476635514018,2,720
2.899028,72,11181.922352,medium,0.9710280373831776,2.9710280373831774,2,720
2.737204,66,11206.913644,medium,0.802803738317757,2.802803738317757,2,656
2.725508,72,11230.497373,medium,0.7975077881619937,2.797507788161994,2,720
2.609698,72,11255.657549,medium,0.6816978193146418,2.6816978193146417,2,720
2.800196,72,11281.76185,medium,0.872196261682243,2.8721962616822427,2,720
2.815227,72,11307.294215,medium,0.8872274143302181,2.8872274143302183,2,720
2.738047,72,11331.680002,medium,0.8100467289719626,2.8100467289719626,2,720
2.694312,65,11353.506078,medium,0.7591121495327103,2.7591121495327102,2,648
2.823639,72,11378.570785,medium,0.8956386292834891,2.8956386292834893,2,720
2.787813,72,11402.563946,medium,0.8598130841121495,2.8598130841121496,2,720
2.784989,66,11426.872459,medium,0.8503894080996884,2.8503894080996885,2,654
1.35153,54,11445.815829,medium,0.40552959501557634,1.4055295950155764,1,540
1.641006,72,11471.013512,medium,0.713006230529595,1.713006230529595,1,720
2.472719,51,11488.796772,medium,0.5228193146417446,2.522819314641745,2,501
2.565961,55,11507.860158,medium,0.6205607476635514,2.6205607476635513,2,546
2.882595,72,11533.089034,medium,0.954595015576324,2.954595015576324,2,720
2.813826,72,11559.989842,medium,0.8858255451713396,2.8858255451713397,2,720
2.666551,72,11584.366818,medium,0.7385514018691589,2.738551401869159,2,720
3.9405,60,11605.428531,medium,1.0,4.0,3,595
2.865695,72,11630.906712,medium,0.9376947040498442,2.9376947040498442,2,720
2.579967,54,11649.375251,medium,0.6335669781931464,2.6335669781931466,2,536
2.889054,68,11672.602843,medium,0.9568535825545171,2.9568535825545172,2,678
2.792189,59,11692.681922,medium,0.8503894080996884,2.8503894080996885,2,582
2.887634,72,11717.059976,medium,0.9590342679127726,2.959034267912773,2,714
2.665938,63,11740.001954,medium,0.7287383177570094,2.7287383177570095,2,628
2.880336,72,11764.445503,medium,0.9523364485981308,2.952336448598131,2,720
2.668545,66,11787.926605,medium,0.7336448598130841,2.7336448598130842,2,651
2.812891,72,11814.052438,medium,0.8848909657320873,2.884890965732087,2,720
2.864258,72,11839.342454,medium,0.9353582554517134,2.9353582554517135,2,711
3.9347,66,11862.006801,medium,1.0,4.0,3,653
2.673074,66,11885.682441,medium,0.7384735202492212,2.7384735202492214,2,654
2.73143,66,11910.836848,medium,0.797429906542056,2.797429906542056,2,660
2.68416,61,11932.288021,medium,0.7448598130841122,2.744859813084112,2,607
2.746769,72,11957.678823,medium,0.8187694704049844,2.8187694704049844,2,720
3.9443,56,11976.513057,medium,1.0,4.0,3,557
2.703,72,12001.845176,medium,0.775,2.775,2,720
3.9356,65,12025.267776,medium,1.0,4.0,3,644
2.865695,72,12049.676664,medium,0.9376947040498442,2.9376947040498442,2,720
2.711876,54,12068.051711,medium,0.7655763239875389,2.765576323987539,2,537
3.9417,59,12088.19546,medium,1.0,4.0,3,583
2.585116,60,12111.513998,medium,0.6450155763239875,2.6450155763239875,2,599
2.524417,72,12136.485585,medium,0.596417445482866,2.596417445482866,2,720
2.597519,67,12160.395257,medium,0.664018691588785,2.664018691588785,2,665
2.655815,64,12182.281685,medium,0.7193146417445483,2.7193146417445484,2,635
2.798717,72,12206.936363,medium,0.8707165109034268,2.870716510903427,2,720
2.664838,72,12231.725106,medium,0.7368380062305296,2.7368380062305295,2,720
2.865695,72,12256.307471,medium,0.9376947040498442,2.9376947040498442,2,720
2.550567,67,12280.882852,medium,0.6166666666666667,2.6166666666666667,2,661
2.660165,72,12306.401366,medium,0.7321651090342679,2.732165109034268,2,720
2.874963,72,12331.331476,medium,0.9469626168224299,2.9469626168224297,2,720
2.518373,70,12356.093347,medium,0.587772585669782,2.587772585669782,2,694
0.399262,72,12381.257232,medium,0.47126168224299064,0.47126168224299064,0,720
2.562092,66,12405.022422,medium,0.6274922118380062,2.627492211838006,2,654
2.640738,72,12430.122984,medium,0.7118380062305296,2.7118380062305296,2,711
2.66587,70,12456.363706,medium,0.7356697819314642,2.735669781931464,2,698
2.717206,54,12476.397441,medium,0.7711059190031153,2.7711059190031153,2,539
2.730507,59,12497.056828,medium,0.7887071651090343,2.7887071651090345,2,582
0.358841,72,12523.208114,medium,0.4308411214953271,0.4308411214953271,0,720
2.836645,72,12548.299685,medium,0.9086448598130841,2.908644859813084,2,720
2.610087,72,12572.839475,medium,0.6820872274143303,2.68208722741433,2,720
2.607907,72,12597.489335,medium,0.6799065420560748,2.6799065420560746,2,720
2.671225,64,12618.687979,medium,0.7351246105919003,2.7351246105919005,2,639
1.264957,53,12639.384254,medium,0.3177570093457944,1.3177570093457944,1,528
2.771956,71,12664.986851,medium,0.8420560747663551,2.8420560747663552,2,701
0.404324,72,12690.862875,medium,0.4763239875389408,0.4763239875389408,0,720
2.670368,72,12716.783079,medium,0.7423676012461059,2.742367601246106,2,720
2.516605,71,12741.226592,medium,0.5873052959501558,2.5873052959501557,2,707
2.825741,72,12765.887068,medium,0.8977414330218069,2.8977414330218068,2,720
2.814522,61,12786.500317,medium,0.8749221183800623,2.8749221183800624,2,604
2.592921,65,12809.394608,medium,0.6573208722741433,2.657320872274143,2,644
3.9434,57,12831.075241,medium,1.0,4.0,3,566
2.846977,70,12856.465469,medium,0.9162772585669782,2.916277258566978,2,693
2.638963,58,12876.892875,medium,0.6969626168224299,2.6969626168224297,2,580
2.607843,58,12897.383006,medium,0.6653426791277258,2.665342679127726,2,575
2.538592,72,12922.244915,medium,0.6105919003115264,2.6105919003115265,2,720
2.918654,72,12947.590625,medium,0.9906542056074766,2.9906542056074765,2,720
2.639724,70,12970.823622,medium,0.709423676012461,2.7094236760124613,2,697
2.610274,62,12994.793937,medium,0.6722741433021807,2.6722741433021806,2,620
2.824729,72,13020.086432,medium,0.8967289719626168,2.8967289719626166,2,720
2.592252,72,13045.970475,medium,0.6642523364485982,2.664252336448598,2,720
2.781115,72,13071.427317,medium,0.8531152647975078,2.8531152647975078,2,720
2.923483,72,13097.497238,medium,0.9954828660436137,2.9954828660436137,2,720
2.770056,72,13122.090791,medium,0.8420560747663551,2.8420560747663552,2,720
2.594118,53,13140.047665,medium,0.6471183800623053,2.647118380062305,2,530
1.372536,55,13160.148872,medium,0.42733644859813086,1.4273364485981308,1,548
2.786392,58,13182.588772,medium,0.8436915887850467,2.8436915887850467,2,573
1.637268,72,13208.753631,medium,0.7092679127725857,1.7092679127725856,1,720
2.599193,71,13233.534921,medium,0.6700934579439253,2.670093457943925,2,709
2.509153,72,13259.840115,medium,0.5811526479750779,2.581152647975078,2,720
2.658374,72,13285.258618,medium,0.7303738317757009,2.730373831775701,2,720
2.469236,58,13304.808269,medium,0.5266355140186916,2.5266355140186914,2,574
2.839059,72,13330.696989,medium,0.9110591900311527,2.9110591900311524,2,720
2.446458,72,13356.402446,medium,0.5184579439252337,2.5184579439252337,2,720
2.590055,69,13383.216148,medium,0.6582554517133956,2.6582554517133956,2,682
2.8111,72,13408.475475,medium,0.8830996884735203,2.8830996884735205,2,720
2.561021,64,13430.936383,medium,0.6242211838006231,2.624221183800623,2,632
2.447203,55,13450.709016,medium,0.5021028037383177,2.5021028037383175,2,549
3.9332,67,13472.956156,medium,1.0,4.0,3,668
2.890617,72,13499.806551,medium,0.9626168224299065,2.9626168224299065,2,720
2.765305,72,13525.578794,medium,0.8373052959501558,2.8373052959501557,2,720
2.897315,72,13553.542481,medium,0.9693146417445483,2.9693146417445484,2,720
2.597078,62,13575.919183,medium,0.6581775700934579,2.658177570093458,2,611
2.879713,72,13601.715105,medium,0.9517133956386293,2.9517133956386292,2,720
2.765188,68,13625.494839,medium,0.8327881619937695,2.8327881619937694,2,676
2.823006,65,13648.089921,medium,0.888006230529595,2.8880062305295953,2,650
2.924174,65,13671.679692,medium,0.9884735202492212,2.9884735202492214,2,643
2.751598,72,13694.71676,medium,0.8235981308411215,2.8235981308411215,2,720
3.9497,51,13710.321532,medium,1.0,4.0,3,503
2.910944,72,13739.305335,medium,0.9829439252336448,2.982943925233645,2,720
2.642776,64,13764.860774,medium,0.7067757009345794,2.706775700934579,2,640
2.924015,63,13789.06914,medium,0.986214953271028,2.986214953271028,2,622
2.731894,72,13816.768099,medium,0.8038940809968848,2.803894080996885,2,720
3.9508,50,13835.773647,medium,1.0,4.0,3,492
3.934,66,13860.705107,medium,1.0,4.0,3,660
2.725508,72,13887.725454,medium,0.7975077881619937,2.797507788161994,2,720
1.727377,72,13916.019125,medium,0.7993769470404984,1.7993769470404986,1,720
2.819199,72,13944.451316,medium,0.8911993769470405,2.8911993769470405,2,720
2.735838,68,13968.738182,medium,0.8037383177570093,2.803738317757009,2,679
2.593343,72,13993.205125,medium,0.6653426791277258,2.665342679127726,2,720
2.84015,72,14018.777967,medium,0.9121495327102803,2.91214953271028,2,720
2.670913,72,14045.437309,medium,0.7429127725856698,2.7429127725856697,2,720
2.919199,72,14070.946748,medium,0.9911993769470405,2.9911993769470406,2,720
2.576442,72,14096.711211,medium,0.6484423676012461,2.648442367601246,2,720
2.718142,56,14118.200406,medium,0.7734423676012461,2.773442367601246,2,553
1.724495,72,14144.257309,medium,0.7964953271028037,1.7964953271028037,1,720
2.670176,71,14168.8595,medium,0.7405763239875389,2.740576323987539,2,704
2.710191,58,14189.115708,medium,0.7679906542056075,2.7679906542056076,2,578
2.902299,72,14215.366636,medium,0.9742990654205608,2.9742990654205608,2,720
2.631079,70,14239.962016,medium,0.700778816199377,2.700778816199377,2,697
2.661598,54,14259.69823,medium,0.714797507788162,2.714797507788162,2,532
2.487478,63,14282.87077,medium,0.5500778816199376,2.550077881619938,2,626
2.470536,57,14305.944227,medium,0.5273364485981309,2.527336448598131,2,568
2.621239,67,14329.483617,medium,0.6875389408099688,2.6875389408099686,2,663
2.664706,57,14348.766821,medium,0.7211059190031153,2.721105919003115,2,564
2.58088,63,14371.994434,medium,0.643380062305296,2.643380062305296,2,625
2.567564,72,14398.389935,medium,0.6395638629283489,2.639563862928349,2,720
2.881934,69,14422.619956,medium,0.9502336448598131,2.950233644859813,2,683
0.322987,68,14446.977343,medium,0.3901869158878505,0.3901869158878505,0,672
3.9438,57,14466.825307,medium,1.0,4.0,3,562
2.818732,72,14494.495746,medium,0.8907320872274144,2.8907320872274145,2,720
2.527928,69,14518.352695,medium,0.5960280373831776,2.5960280373831774,2,681
3.9369,64,14540.815115,medium,1.0,4.0,3,631
2.730784,66,14564.081645,medium,0.7961838006230529,2.796183800623053,2,654
2.67948,72,14590.140786,medium,0.7514797507788162,2.7514797507788162,2,720
2.496769,72,14615.138392,medium,0.5687694704049844,2.5687694704049844,2,720
2.476832,56,14634.743469,medium,0.5326323987538941,2.5326323987538943,2,558
2.608062,72,14660.401252,medium,0.6800623052959501,2.6800623052959502,2,720
2.792642,72,14684.557255,medium,0.8646417445482866,2.864641744548287,2,720
2.714015,65,14707.333571,medium,0.7781152647975078,2.778115264797508,2,641
2.512953,61,14729.41272,medium,0.5730529595015577,2.573052959501558,2,601
2.660707,53,14748.387503,medium,0.7137071651090343,2.7137071651090343,2,530
2.674105,55,14768.242384,medium,0.7285046728971962,2.7285046728971962,2,544
3.9438,57,14788.317207,medium,1.0,4.0,3,562
2.711801,72,14813.760077,medium,0.7838006230529595,2.7838006230529597,2,720
2.731505,72,14840.858204,medium,0.8035046728971963,2.8035046728971964,2,720
2.866084,72,14866.605199,medium,0.9380841121495327,2.9380841121495327,2,720
2.720991,72,14892.759353,medium,0.7929906542056074,2.7929906542056075,2,720
2.683415,53,14911.358661,medium,0.736214953271028,2.736214953271028,2,528
2.487165,54,14929.877545,medium,0.5402647975077881,2.5402647975077883,2,531
2.740601,61,14951.352771,medium,0.8007009345794392,2.800700934579439,2,601
2.574783,63,14973.194247,medium,0.6373831775700934,2.6373831775700936,2,626
2.790383,72,14998.924302,medium,0.8623831775700934,2.862383177570093,2,720
2.683932,57,15019.279442,medium,0.7407320872274143,2.740732087227414,2,568
2.593051,54,15039.045983,medium,0.6466510903426791,2.646651090342679,2,536
2.670192,66,15064.021624,medium,0.7355919003115264,2.7355919003115265,2,654
3.9325,68,15089.687514,medium,1.0,4.0,3,675
2.907812,68,15114.111183,medium,0.9753115264797507,2.975311526479751,2,675
3.945,55,15133.373519,medium,1.0,4.0,3,550
2.580222,62,15155.086247,medium,0.641822429906542,2.641822429906542,2,616
3.9328,68,15178.516318,medium,1.0,4.0,3,672
2.787813,72,15202.68997,medium,0.8598130841121495,2.8598130841121496,2,720
2.596311,71,15228.345539,medium,0.6665109034267913,2.6665109034267913,2,702
2.653855,55,15248.306801,medium,0.7082554517133957,2.708255451713396,2,544
2.731193,72,15274.816799,medium,0.8031931464174454,2.8031931464174455,2,720
2.517459,52,15293.439663,medium,0.569158878504673,2.569158878504673,2,517
2.574962,72,15318.38102,medium,0.6462616822429906,2.6462616822429905,2,713
2.575493,53,15337.24015,medium,0.6281931464174455,2.6281931464174457,2,527
3.9323,68,15360.879432,medium,1.0,4.0,3,677
3.9377,63,15382.86724,medium,1.0,4.0,3,623
2.871614,72,15411.089762,medium,0.9436137071651091,2.943613707165109,2,720
2.787813,72,15437.225477,medium,0.8598130841121495,2.8598130841121496,2,720
2.771953,60,15459.175137,medium,0.8311526479750779,2.831152647975078,2,592
2.831427,72,15484.714114,medium,0.9034267912772586,2.9034267912772584,2,720
2.867695,62,15507.166264,medium,0.929595015576324,2.929595015576324,2,619
1.280493,56,15526.739177,medium,0.33629283489096573,1.3362928348909657,1,558
2.864281,72,15551.408688,medium,0.935981308411215,2.9359813084112147,2,717
2.742642,72,15579.165505,medium,0.8146417445482866,2.8146417445482865,2,720
3.9345,66,15602.579581,medium,1.0,4.0,3,655
2.633218,72,15628.929719,medium,0.7052180685358256,2.7052180685358254,2,720
1.481205,57,15649.494537,medium,0.5373052959501557,1.5373052959501559,1,561
2.581133,61,15671.276605,medium,0.6414330218068536,2.6414330218068534,2,603
2.850704,61,15692.568322,medium,0.9116043613707165,2.9116043613707165,2,609
2.733565,57,15712.790274,medium,0.7902647975077881,2.7902647975077883,2,567
2.558496,64,15734.493151,medium,0.622196261682243,2.6221962616822427,2,637
2.726964,63,15758.80039,medium,0.7895638629283489,2.789563862928349,2,626
2.525508,72,15784.230835,medium,0.5975077881619938,2.5975077881619937,2,720
1.552801,65,15808.328664,medium,0.617601246105919,1.617601246105919,1,648
2.744589,72,15834.072888,medium,0.8165887850467289,2.816588785046729,2,720
2.709762,62,15856.578444,medium,0.7712616822429906,2.7712616822429905,2,615
2.72543,72,15882.709511,medium,0.797429906542056,2.797429906542056,2,720
3.9389,62,15903.319475,medium,1.0,4.0,3,611
2.874417,72,15929.468723,medium,0.946417445482866,2.946417445482866,2,720
2.86071,72,15958.112463,medium,0.9327102803738317,2.932710280373832,2,720
3.9525,48,15975.655924,medium,1.0,4.0,3,475
2.805206,66,15999.123287,medium,0.8711059190031153,2.8711059190031154,2,659
2.769121,72,16024.569881,medium,0.8411214953271028,2.8411214953271027,2,720
2.604864,69,16049.020403,medium,0.6733644859813084,2.6733644859813084,2,685
3.9355,65,16072.453003,medium,1.0,4.0,3,645
2.51308,56,16092.192871,medium,0.5683800623052959,2.568380062305296,2,553
2.624,51,16110.845436,medium,0.675,2.675,2,510
2.558825,52,16132.38118,medium,0.6101246105919003,2.6101246105919005,2,513
3.9425,58,16153.420912,medium,1.0,4.0,3,575
2.868421,72,16180.134489,medium,0.9404205607476636,2.9404205607476634,2,720
2.857595,72,16206.502012,medium,0.929595015576324,2.929595015576324,2,720
2.791399,58,16226.345644,medium,0.8492990654205608,2.8492990654205608,2,579
2.788913,63,16248.169521,medium,0.8517133956386292,2.851713395638629,2,628
2.670134,72,16274.540648,medium,0.7421339563862929,2.7421339563862928,2,720
2.870601,72,16299.897922,medium,0.942601246105919,2.942601246105919,2,720
2.64895,72,16327.560445,medium,0.7209501557632398,2.72095015576324,2,720
2.842327,62,16349.834513,medium,0.9034267912772586,2.9034267912772584,2,611
2.870601,72,16375.573215,medium,0.942601246105919,2.942601246105919,2,720
1.436956,72,16401.432792,medium,0.5089563862928349,1.508956386292835,1,720
2.865695,72,16425.661356,medium,0.9376947040498442,2.9376947040498442,2,720
2.53476,52,16443.391275,medium,0.5867601246105919,2.586760124610592,2,520
2.725508,72,16468.779254,medium,0.7975077881619937,2.797507788161994,2,720
3.9406,60,16489.928988,medium,1.0,4.0,3,594
2.462293,58,16511.885497,medium,0.5200934579439253,2.520093457943925,2,578
2.743501,58,16532.683913,medium,0.8007009345794392,2.800700934579439,2,572
2.835788,72,16557.564645,medium,0.9077881619937694,2.9077881619937695,2,720
2.762502,72,16583.295604,medium,0.8345015576323987,2.834501557632399,2,720
2.674184,72,16608.430306,medium,0.746183800623053,2.746183800623053,2,720
2.743498,72,16633.545624,medium,0.8154984423676013,2.815498442367601,2,720
3.9281,72,16659.397793,medium,1.0,4.0,3,719
3.9428,58,16681.700833,medium,1.0,4.0,3,572
2.735078,57,16701.973157,medium,0.7919781931464175,2.7919781931464174,2,569
2.905025,72,16727.462714,medium,0.9770249221183801,2.97702492211838,2,720
2.591771,70,16752.498833,medium,0.6613707165109034,2.6613707165109033,2,696
2.64895,72,16777.445005,medium,0.7209501557632398,2.72095015576324,2,720
3.9356,65,16799.939027,medium,1.0,4.0,3,644
2.875508,72,16825.302623,medium,0.9475077881619938,2.9475077881619938,2,720
2.867408,72,16851.30532,medium,0.9394080996884735,2.9394080996884737,2,720
2.867995,70,16876.563351,medium,0.9376947040498442,2.9376947040498442,2,697
3.9398,61,16897.435462,medium,1.0,4.0,3,602
2.586781,58,16916.867409,medium,0.6440809968847352,2.6440809968847354,2,573
2.61433,67,16940.072334,medium,0.6805295950155763,2.6805295950155763,2,662
2.680648,72,16964.870255,medium,0.7526479750778816,2.7526479750778816,2,720
2.665534,69,16989.118272,medium,0.7340342679127726,2.7340342679127727,2,685
2.641296,64,17011.159798,medium,0.7052959501557632,2.7052959501557634,2,640
2.62903,61,17032.103273,medium,0.6893302180685358,2.6893302180685357,2,603
3.9416,59,17054.754763,medium,1.0,4.0,3,584
2.787813,72,17079.926489,medium,0.8598130841121495,2.8598130841121496,2,720
2.759308,72,17104.497349,medium,0.8313084112149532,2.831308411214953,2,720
2.766969,68,17128.144697,medium,0.8349688473520249,2.834968847352025,2,680
2.71881,72,17155.084734,medium,0.790809968847352,2.790809968847352,2,720
2.79116,54,17174.074812,medium,0.8448598130841122,2.844859813084112,2,537
2.634185,72,17199.56149,medium,0.7056853582554518,2.705685358255452,2,715
2.595345,64,17224.101364,medium,0.6586448598130841,2.658644859813084,2,633
2.588558,55,17243.826202,medium,0.6434579439252337,2.6434579439252337,2,549
2.865695,72,17269.228955,medium,0.9376947040498442,2.9376947040498442,2,720
2.646069,72,17293.282689,medium,0.7180685358255452,2.7180685358255454,2,720
2.752221,72,17317.398365,medium,0.824221183800623,2.8242211838006233,2,720
2.659689,57,17336.958955,medium,0.716588785046729,2.7165887850467287,2,569
3.9509,50,17353.929381,medium,1.0,4.0,3,491
2.705744,53,17372.010393,medium,0.7579439252336448,2.757943925233645,2,522
2.60318,58,17392.280588,medium,0.6602803738317757,2.6602803738317755,2,571
1.454636,72,17419.144453,medium,0.5266355140186916,1.5266355140186916,1,720
1.499807,72,17444.512393,medium,0.5718068535825546,1.5718068535825545,1,720
3.928,72,17469.101333,medium,1.0,4.0,3,720
2.790383,72,17495.286028,medium,0.8623831775700934,2.862383177570093,2,720
2.870601,72,17520.817533,medium,0.942601246105919,2.942601246105919,2,720
2.787621,54,17539.067806,medium,0.8411214953271028,2.8411214953271027,2,535
2.610116,52,17557.180318,medium,0.6619158878504673,2.6619158878504674,2,518
3.943,57,17576.517924,medium,1.0,4.0,3,570
2.675345,67,17602.036298,medium,0.7417445482866044,2.7417445482866043,2,664
3.9449,56,17622.189268,medium,1.0,4.0,3,551
2.647935,53,17640.565259,medium,0.7009345794392523,2.7009345794392523,2,530
2.55175,62,17661.033158,medium,0.6128504672897196,2.6128504672897197,2,611
2.604723,63,17683.042083,medium,0.6675233644859813,2.667523364485981,2,628
0.407024,62,17705.765113,medium,0.46822429906542057,0.46822429906542057,0,612
3.9354,65,17729.54703,medium,1.0,4.0,3,646
2.787572,59,17751.35678,medium,0.8458722741433021,2.8458722741433022,2,583
2.689449,72,17779.333491,medium,0.7614485981308411,2.761448598130841,2,720
2.905492,72,17804.393303,medium,0.9774922118380063,2.9774922118380065,2,720
2.564838,72,17829.659035,medium,0.6368380062305296,2.6368380062305294,2,720
3.9324,68,17854.999611,medium,1.0,4.0,3,676
3.9403,60,17877.662939,medium,1.0,4.0,3,597
2.638506,66,17900.139686,medium,0.7042056074766355,2.7042056074766356,2,657
2.810165,72,17925.440352,medium,0.8821651090342679,2.882165109034268,2,720
2.525808,56,17945.177073,medium,0.5813084112149532,2.581308411214953,2,555
2.858924,68,17971.090456,medium,0.9263239875389409,2.926323987538941,2,674
2.66476,72,17995.909318,medium,0.7367601246105919,2.736760124610592,2,720
2.717461,54,18015.199502,medium,0.7705607476635514,2.770560747663551,2,531
2.631972,72,18041.03457,medium,0.7039719626168224,2.7039719626168224,2,720
2.449729,72,18067.092402,medium,0.5217289719626168,2.5217289719626166,2,720
2.787813,72,18092.772571,medium,0.8598130841121495,2.8598130841121496,2,720
3.9357,65,18116.384075,medium,1.0,4.0,3,643
2.740113,62,18139.791006,medium,0.8017133956386293,2.8017133956386293,2,616
3.9366,64,18161.211479,medium,1.0,4.0,3,634
3.9477,53,18179.78691,medium,1.0,4.0,3,523
3.9387,62,18201.936441,medium,1.0,4.0,3,613
3.9298,71,18226.533733,medium,1.0,4.0,3,702
2.774124,61,18247.871463,medium,0.834423676012461,2.8344236760124613,2,603
2.614059,72,18273.351371,medium,0.6860591900311527,2.686059190031153,2,720
2.837268,72,18298.80155,medium,0.9092679127725857,2.909267912772586,2,720
2.528545,72,18326.253814,medium,0.6005451713395639,2.6005451713395638,2,720
2.515227,72,18351.209621,medium,0.5872274143302181,2.587227414330218,2,720
2.658227,54,18371.051133,medium,0.7122274143302181,2.712227414330218,2,540
2.88235,72,18396.15307,medium,0.9540498442367601,2.95404984423676,2,717
2.879286,69,18420.472089,medium,0.9475856697819315,2.9475856697819314,2,683
2.592564,72,18446.441623,medium,0.6645638629283489,2.664563862928349,2,720
3.9495,51,18464.944776,medium,1.0,4.0,3,505
3.9366,64,18487.788385,medium,1.0,4.0,3,634
2.677507,54,18507.932988,medium,0.7306074766355141,2.730607476635514,2,531
3.9527,48,18526.369613,medium,1.0,4.0,3,473
2.844864,54,18545.954808,medium,0.8983644859813084,2.8983644859813085,2,535
2.536246,57,18567.118842,medium,0.5931464174454829,2.593146417445483,2,569
3.9478,53,18585.507946,medium,1.0,4.0,3,522
3.9392,61,18607.341755,medium,1.0,4.0,3,608
2.787231,70,18632.617509,medium,0.8569314641744549,2.8569314641744548,2,697
2.878095,60,18654.954762,medium,0.9376947040498442,2.9376947040498442,2,596
1.568576,72,18680.74712,medium,0.6405763239875389,1.6405763239875388,1,720
2.674417,72,18708.225827,medium,0.746417445482866,2.746417445482866,2,720
2.48462,72,18734.976193,medium,0.5566199376947041,2.556619937694704,2,720
3.9363,64,18757.899009,medium,1.0,4.0,3,637
2.729324,72,18783.06793,medium,0.8013239875389409,2.801323987538941,2,720
2.775118,72,18807.83245,medium,0.8471183800623053,2.847118380062305,2,720
2.526383,53,18825.667535,medium,0.5785825545171339,2.578582554517134,2,522
0.282085,57,18845.433683,medium,0.338785046728972,0.338785046728972,0,567
3.9337,67,18870.521291,medium,1.0,4.0,3,663
3.9506,50,18888.478699,medium,1.0,4.0,3,494
1.47587,60,18909.238236,medium,0.5356697819314642,1.5356697819314642,1,598
3.9474,53,18928.465616,medium,1.0,4.0,3,526
2.53576,51,18947.198418,medium,0.5867601246105919,2.586760124610592,2,510
2.591001,68,18971.123056,medium,0.6588006230529595,2.6588006230529597,2,678
2.809542,72,18996.832241,medium,0.8815420560747663,2.881542056074766,2,720
2.461516,68,19020.795098,medium,0.528816199376947,2.528816199376947,2,673
2.80696,63,19042.961244,medium,0.8698598130841122,2.869859813084112,2,629
2.640614,62,19066.804015,medium,0.7024143302180685,2.7024143302180685,2,618
2.45349,56,19087.023662,medium,0.5091900311526479,2.509190031152648,2,557
2.667486,72,19113.690959,medium,0.7394859813084113,2.739485981308411,2,720
3.9386,62,19136.41331,medium,1.0,4.0,3,614
2.613706,50,19154.788457,medium,0.6630062305295951,2.663006230529595,2,493
3.9503,50,19172.714765,medium,1.0,4.0,3,497
3.9458,55,19192.709496,medium,1.0,4.0,3,542
2.892953,72,19218.278341,medium,0.9649532710280374,2.9649532710280373,2,720
2.782699,67,19245.437674,medium,0.8492990654205608,2.8492990654205608,2,666
2.681324,62,19268.016287,medium,0.7432242990654205,2.7432242990654205,2,619
3.9439,57,19288.466714,medium,1.0,4.0,3,561
2.57052,70,19314.634837,medium,0.6397196261682243,2.6397196261682243,2,692
2.737346,72,19340.428868,medium,0.8093457943925234,2.8093457943925233,2,720
2.699762,72,19365.773573,medium,0.7712616822429906,2.7712616822429905,2,715
0.366707,72,19391.209592,medium,0.4387071651090343,0.4387071651090343,0,720
3.9326,68,19416.2742,medium,1.0,4.0,3,674
1.481615,63,19442.212999,medium,0.5443146417445482,1.5443146417445481,1,627
2.779383,67,19467.874161,medium,0.8454828660436137,2.845482866043614,2,661
3.9491,51,19487.207015,medium,1.0,4.0,3,509
2.723838,55,19507.515553,medium,0.7787383177570093,2.7787383177570093,2,549
2.670835,72,19533.686239,medium,0.7428348909657321,2.742834890965732,2,720
2.620916,58,19554.877827,medium,0.678816199376947,2.6788161993769473,2,579
2.86733,72,19581.867542,medium,0.9393302180685358,2.9393302180685357,2,720
3.9374,63,19604.280824,medium,1.0,4.0,3,626
2.726442,72,19633.033102,medium,0.7984423676012461,2.798442367601246,2,720
2.888692,64,19655.939939,medium,0.9524922118380063,2.952492211838006,2,638
0.398702,61,19678.502234,medium,0.45950155763239875,0.45950155763239875,0,608
2.476053,72,19705.198466,medium,0.5480529595015576,2.5480529595015575,2,720
3.9344,66,19727.657436,medium,1.0,4.0,3,656
3.9515,49,19745.006932,medium,1.0,4.0,3,485
3.9491,51,19763.049114,medium,1.0,4.0,3,509
2.667486,72,19790.16705,medium,0.7394859813084113,2.739485981308411,2,720
2.831427,72,19817.81925,medium,0.9034267912772586,2.9034267912772584,2,720
2.894667,72,19843.983348,medium,0.9666666666666667,2.966666666666667,2,720
2.907431,58,19863.692127,medium,0.9650311526479751,2.965031152647975,2,576
3.947,53,19881.817535,medium,1.0,4.0,3,530
1.447022,61,19902.192009,medium,0.5080218068535826,1.5080218068535824,1,610
3.9522,48,19919.063325,medium,1.0,4.0,3,478
2.744589,72,19944.239668,medium,0.8165887850467289,2.816588785046729,2,720
2.844227,60,19964.705637,medium,0.9034267912772586,2.9034267912772584,2,592
2.736879,72,19991.49044,medium,0.8088785046728972,2.8088785046728972,2,720
2.845913,72,20017.180605,medium,0.9179127725856698,2.91791277258567,2,720
3.9469,54,20036.628717,medium,1.0,4.0,3,531
2.841629,72,20061.286271,medium,0.9136292834890966,2.9136292834890964,2,720
3.9524,48,20076.967381,medium,1.0,4.0,3,476
2.715755,59,20098.389354,medium,0.7744548286604361,2.7744548286604362,2,587
3.9439,57,20119.063833,medium,1.0,4.0,3,561
2.584419,64,20142.485324,medium,0.6478193146417446,2.647819314641745,2,634
3.9442,56,20162.736949,medium,1.0,4.0,3,558
3.9441,56,20185.809755,medium,1.0,4.0,3,559
2.73314,72,20211.798649,medium,0.8051401869158878,2.805140186915888,2,720
2.740227,72,20236.454807,medium,0.8122274143302181,2.812227414330218,2,720
2.610726,51,20254.963628,medium,0.6608255451713395,2.6608255451713396,2,501
3.9284,72,20280.537564,medium,1.0,4.0,3,716
2.683083,63,20303.315684,medium,0.7454828660436137,2.7454828660436137,2,624
3.9351,65,20327.138178,medium,1.0,4.0,3,649
2.594277,72,20353.726528,medium,0.6662772585669782,2.666277258566978,2,720
2.833997,72,20382.625474,medium,0.9059968847352025,2.9059968847352025,2,720
2.865695,72,20408.950099,medium,0.9376947040498442,2.9376947040498442,2,720
1.399524,52,20427.709592,medium,0.4513239875389408,1.4513239875389408,1,518
2.722159,72,20455.824414,medium,0.7941588785046729,2.794158878504673,2,720
2.882595,72,20482.196936,medium,0.954595015576324,2.954595015576324,2,720
2.794619,70,20507.590264,medium,0.8640186915887851,2.864018691588785,2,694
2.653536,57,20528.495605,medium,0.7104361370716511,2.710436137071651,2,569
2.514814,63,20552.962469,medium,0.5774143302180685,2.5774143302180685,2,626
3.9383,62,20576.313411,medium,1.0,4.0,3,617
3.9388,62,20597.925226,medium,1.0,4.0,3,612
2.635545,57,20617.988481,medium,0.6924454828660436,2.6924454828660433,2,569
3.9507,50,20636.149566,medium,1.0,4.0,3,493
2.484103,52,20654.264517,medium,0.5359034267912772,2.5359034267912772,2,518
3.9334,67,20677.810405,medium,1.0,4.0,3,666
3.9404,60,20699.280364,medium,1.0,4.0,3,596
2.642408,72,20725.602799,medium,0.7144080996884735,2.7144080996884736,2,720
2.71772,72,20752.984828,medium,0.7897196261682243,2.789719626168224,2,720
2.710555,72,20778.218137,medium,0.7825545171339564,2.7825545171339563,2,720
1.423622,60,20799.062641,medium,0.48302180685358254,1.4830218068535825,1,594
2.524491,53,20817.435556,medium,0.5767912772585669,2.576791277258567,2,523
2.923561,72,20842.77218,medium,0.9955607476635514,2.9955607476635513,2,720
0.312619,69,20867.739658,medium,0.3809190031152648,0.3809190031152648,0,683
2.603159,66,20891.468131,medium,0.6691588785046729,2.669158878504673,2,660
2.610091,67,20916.338812,medium,0.676791277258567,2.676791277258567,2,667
2.832907,72,20941.155996,medium,0.9049065420560748,2.9049065420560747,2,720
3.9345,66,20965.928325,medium,1.0,4.0,3,655
3.9438,57,20987.154415,medium,1.0,4.0,3,562
2.831427,72,21013.071225,medium,0.9034267912772586,2.9034267912772584,2,720
2.794199,72,21038.384099,medium,0.8661993769470405,2.8661993769470406,2,720
2.555519,59,21058.727273,medium,0.6140186915887851,2.614018691588785,2,585
2.69549,56,21078.400095,medium,0.7510903426791278,2.7510903426791278,2,556
3.9378,63,21102.581471,medium,1.0,4.0,3,622
2.725897,72,21127.998463,medium,0.7978971962616822,2.7978971962616823,2,720
2.789293,72,21153.956991,medium,0.8612928348909658,2.861292834890966,2,720
2.86624,72,21180.031631,medium,0.9382398753894081,2.9382398753894083,2,720
3.9479,53,21198.867655,medium,1.0,4.0,3,521
1.340121,51,21217.311606,medium,0.39042056074766357,1.3904205607476636,1,503
3.9355,65,21240.501004,medium,1.0,4.0,3,645
2.683897,56,21261.329216,medium,0.7390965732087228,2.7390965732087227,2,552
2.752031,63,21284.798246,medium,0.8150311526479751,2.815031152647975,2,630
2.701661,53,21303.431051,medium,0.7543613707165109,2.754361370716511,2,527
3.9293,71,21329.349863,medium,1.0,4.0,3,707
2.522857,70,21354.892853,medium,0.5927570093457943,2.592757009345794,2,699
2.926954,64,21378.027575,medium,0.9906542056074766,2.9906542056074765,2,637
2.678545,72,21403.208029,medium,0.7505451713395639,2.7505451713395637,2,720
3.9372,63,21425.290071,medium,1.0,4.0,3,628
2.501053,72,21449.358018,medium,0.5730529595015577,2.573052959501558,2,720
3.9376,63,21472.170878,medium,1.0,4.0,3,624
2.736056,65,21495.548002,medium,0.8001557632398754,2.8001557632398755,2,641
3.9569,44,21511.71087,medium,1.0,4.0,3,431
3.9347,66,21535.578826,medium,1.0,4.0,3,653
3.9487,52,21554.335274,medium,1.0,4.0,3,513
2.650586,72,21579.660441,medium,0.7225856697819315,2.7225856697819317,2,720
3.9475,53,21599.506076,medium,1.0,4.0,3,525
2.640082,55,21619.183139,medium,0.6947819314641744,2.6947819314641746,2,547
3.9466,54,21638.514238,medium,1.0,4.0,3,534
3.9364,64,21663.107616,medium,1.0,4.0,3,636
2.787813,72,21689.160371,medium,0.8598130841121495,2.8598130841121496,2,720
2.874963,72,21714.533844,medium,0.9469626168224299,2.9469626168224297,2,720
2.787813,72,21739.349179,medium,0.8598130841121495,2.8598130841121496,2,720
2.489855,52,21757.914934,medium,0.5413551401869159,2.5413551401869157,2,515
2.917486,72,21784.265566,medium,0.9894859813084113,2.989485981308411,2,720
2.635359,59,21804.616046,medium,0.694158878504673,2.694158878504673,2,588
2.840625,62,21826.647128,medium,0.90202492211838,2.90202492211838,2,614
3.9537,47,21845.929305,medium,1.0,4.0,3,463
3.9421,58,21867.066033,medium,1.0,4.0,3,579
2.604541,52,21885.825819,medium,0.6558411214953271,2.6558411214953273,2,513
2.825823,58,21906.725265,medium,0.8837227414330218,2.8837227414330218,2,579
2.865695,72,21932.492373,medium,0.9376947040498442,2.9376947040498442,2,720
2.544745,72,21959.338355,medium,0.6167445482866044,2.6167445482866043,2,720
3.9543,46,21974.96597,medium,1.0,4.0,3,457
2.641865,58,21996.466409,medium,0.6990654205607477,2.6990654205607476,2,572
2.861411,72,22024.206281,medium,0.9334112149532711,2.933411214953271,2,720
2.566629,72,22049.212453,medium,0.6386292834890965,2.6386292834890965,2,720
2.776216,69,22073.693255,medium,0.8450155763239875,2.8450155763239877,2,688
2.573131,59,22093.857975,medium,0.6319314641744548,2.6319314641744547,2,588
3.9469,54,22113.566869,medium,1.0,4.0,3,531
3.9363,64,22135.757163,medium,1.0,4.0,3,637
2.561481,58,22155.614977,medium,0.6190809968847352,2.619080996884735,2,576
2.831427,72,22179.376121,medium,0.9034267912772586,2.9034267912772584,2,720
3.9379,63,22201.969914,medium,1.0,4.0,3,621
2.646612,63,22222.439792,medium,0.7091121495327103,2.7091121495327104,2,625
2.68719,72,22244.34528,medium,0.7591900311526479,2.759190031152648,2,720
2.587424,72,22268.178335,medium,0.6594236760124611,2.659423676012461,2,720
2.67138,64,22289.085269,medium,0.7352803738317757,2.7352803738317757,2,639
2.552716,52,22306.42917,medium,0.6038161993769471,2.603816199376947,2,511
2.692156,58,22326.285369,medium,0.7501557632398754,2.750155763239875,2,580
3.9318,69,22351.678715,medium,1.0,4.0,3,682
3.9339,67,22378.596801,medium,1.0,4.0,3,661
3.9392,61,22400.127075,medium,1.0,4.0,3,608
2.742953,72,22425.586665,medium,0.8149532710280374,2.8149532710280374,2,720
3.9409,60,22445.842818,medium,1.0,4.0,3,591
0.357923,68,22467.768591,medium,0.42562305295950154,0.42562305295950154,0,677
2.759581,52,22484.709481,medium,0.810981308411215,2.8109813084112147,2,514
3.9532,47,22500.169857,medium,1.0,4.0,3,468
2.870056,72,22527.26623,medium,0.9420560747663551,2.942056074766355,2,720
2.889137,72,22556.386222,medium,0.9611370716510903,2.9611370716510903,2,720
2.550386,56,22578.653949,medium,0.606386292834891,2.606386292834891,2,560
3.9501,50,22596.850857,medium,1.0,4.0,3,499
1.357673,72,22621.930654,medium,0.42967289719626167,1.4296728971962618,1,720
2.880414,72,22648.321839,medium,0.9524143302180685,2.9524143302180685,2,720
2.755583,65,22670.713416,medium,0.8204828660436138,2.820482866043614,2,649
3.9382,62,22693.105329,medium,1.0,4.0,3,618
2.814371,72,22718.720662,medium,0.8863707165109034,2.8863707165109034,2,720
2.725508,72,22746.431021,medium,0.7975077881619937,2.797507788161994,2,720
2.873026,64,22768.588277,medium,0.9365264797507789,2.936526479750779,2,635
2.778018,61,22791.02922,medium,0.8383177570093457,2.838317757009346,2,603
2.518586,54,22810.490218,medium,0.5725856697819315,2.5725856697819314,2,540
2.648607,66,22833.466622,medium,0.7137071651090343,2.7137071651090343,2,651
2.69381,72,22859.187244,medium,0.765809968847352,2.765809968847352,2,720
3.933,67,22883.81008,medium,1.0,4.0,3,670
2.711342,71,22907.373813,medium,0.7815420560747663,2.781542056074766,2,702
2.669266,56,22927.786869,medium,0.724766355140187,2.724766355140187,2,555
2.865995,72,22951.298104,medium,0.9376947040498442,2.9376947040498442,2,717
1.749729,72,22973.977793,medium,0.8217289719626168,1.8217289719626168,1,720
1.394105,52,22990.941551,medium,0.445404984423676,1.445404984423676,1,513
2.650388,50,23007.36755,medium,0.6996884735202492,2.6996884735202493,2,493
1.480804,72,23031.922714,medium,0.552803738317757,1.552803738317757,1,720
2.664215,72,23056.212045,medium,0.736214953271028,2.736214953271028,2,720
2.4804,62,23078.131317,medium,0.5419003115264798,2.5419003115264798,2,615
2.865695,72,23105.829222,medium,0.9376947040498442,2.9376947040498442,2,720
2.735705,68,23127.29285,medium,0.8035046728971963,2.8035046728971964,2,678
2.68939,53,23144.343328,medium,0.7422897196261682,2.742289719626168,2,529
1.395601,72,23167.757178,medium,0.467601246105919,1.467601246105919,1,720
2.667202,60,23187.415826,medium,0.7264018691588785,2.7264018691588783,2,592
3.9384,62,23207.870578,medium,1.0,4.0,3,616
2.70925,62,23227.974774,medium,0.7709501557632399,2.7709501557632397,2,617
3.9368,64,23249.213713,medium,1.0,4.0,3,632
2.923483,72,23276.095339,medium,0.9954828660436137,2.9954828660436137,2,720
2.543967,65,23296.839937,medium,0.6085669781931464,2.6085669781931466,2,646
3.9407,60,23315.74821,medium,1.0,4.0,3,593
2.454852,68,23337.299713,medium,0.5223520249221184,2.5223520249221183,2,675
2.713438,57,23355.175174,medium,0.7699376947040498,2.76993769470405,2,565
3.9326,68,23377.45299,medium,1.0,4.0,3,674
3.9492,51,23394.44275,medium,1.0,4.0,3,508
2.744685,53,23411.366352,medium,0.7968847352024923,2.796884735202492,2,522
2.544189,65,23433.403899,medium,0.6084890965732087,2.6084890965732086,2,643
2.729308,69,23459.540534,medium,0.7975077881619937,2.797507788161994,2,682
3.9509,50,23476.057058,medium,1.0,4.0,3,491
2.831827,72,23499.490969,medium,0.9034267912772586,2.9034267912772584,2,716
2.675991,51,23515.995518,medium,0.726791277258567,2.7267912772585667,2,508
0.335335,58,23535.015303,medium,0.3928348909657321,0.3928348909657321,0,575
2.624892,69,23557.47008,medium,0.6936915887850468,2.6936915887850468,2,688
2.889112,62,23577.89986,medium,0.9503115264797508,2.9503115264797506,2,612
3.9309,70,23600.598811,medium,1.0,4.0,3,691
2.74032,67,23628.50096,medium,0.8066199376947041,2.806619937694704,2,663
2.799262,72,23653.994552,medium,0.8712616822429906,2.8712616822429906,2,720
2.565035,61,23675.670019,medium,0.6259345794392523,2.625934579439252,2,609
3.9409,60,23696.692595,medium,1.0,4.0,3,591
2.478262,52,23715.152205,medium,0.5300623052959501,2.5300623052959503,2,518
2.796501,63,23737.847178,medium,0.8588006230529595,2.8588006230529595,2,623
3.9356,65,23761.516978,medium,1.0,4.0,3,644
2.865695,72,23786.866414,medium,0.9376947040498442,2.9376947040498442,2,720
2.619223,65,23812.245674,medium,0.6837227414330218,2.683722741433022,2,645
2.484231,72,23838.509861,medium,0.5562305295950156,2.5562305295950156,2,720
2.76367,72,23864.474771,medium,0.8356697819314641,2.8356697819314642,2,720
2.877136,67,23889.550859,medium,0.9435358255451713,2.9435358255451716,2,664
2.876859,51,23907.831533,medium,0.9272585669781932,2.9272585669781934,2,504
2.458062,72,23933.461214,medium,0.5300623052959501,2.5300623052959503,2,720
3.9372,63,23954.549128,medium,1.0,4.0,3,628
2.737133,63,23976.003093,medium,0.7995327102803739,2.7995327102803738,2,624
3.9304,70,24003.537756,medium,1.0,4.0,3,696
2.505326,57,24024.303975,medium,0.5615264797507789,2.561526479750779,2,562
3.9409,60,24045.921623,medium,1.0,4.0,3,591
3.9346,66,24069.419763,medium,1.0,4.0,3,654
0.399498,58,24091.001342,medium,0.45669781931464176,0.45669781931464176,0,572
2.765074,58,24111.736919,medium,0.8222741433021807,2.822274143302181,2,572
2.673483,72,24138.202724,medium,0.7454828660436137,2.7454828660436137,2,720
3.9347,66,24162.281188,medium,1.0,4.0,3,653
2.79638,72,24189.416549,medium,0.868380062305296,2.868380062305296,2,720
2.773215,63,24211.98624,medium,0.836214953271028,2.836214953271028,2,630
3.941,59,24232.456599,medium,1.0,4.0,3,590
2.705841,50,24250.646077,medium,0.7558411214953271,2.755841121495327,2,500
3.9281,72,24276.597899,medium,1.0,4.0,3,719
2.481816,72,24304.342183,medium,0.553816199376947,2.5538161993769473,2,720
2.767024,60,24327.430192,medium,0.8263239875389408,2.8263239875389408,2,593
2.469129,53,24346.687101,medium,0.5217289719626168,2.5217289719626166,2,526
3.9491,51,24367.063528,medium,1.0,4.0,3,509
3.9342,66,24390.753225,medium,1.0,4.0,3,658
2.902766,72,24415.920412,medium,0.974766355140187,2.974766355140187,2,720
2.696237,57,24436.57561,medium,0.7530373831775701,2.75303738317757,2,568
3.9581,42,24451.601455,medium,1.0,4.0,3,419
2.769511,72,24477.856661,medium,0.8415109034267912,2.841510903426791,2,720
3.9328,68,24502.37155,medium,1.0,4.0,3,672
2.777844,72,24528.048747,medium,0.8498442367601247,2.8498442367601244,2,720
2.748911,51,24547.830575,medium,0.7996105919003115,2.7996105919003114,2,507
3.9357,65,24570.87882,medium,1.0,4.0,3,643
2.522466,53,24590.123394,medium,0.5747663551401869,2.574766355140187,2,523
3.9417,59,24611.855607,medium,1.0,4.0,3,583
3.9387,62,24634.701925,medium,1.0,4.0,3,613
2.553467,72,24660.610737,medium,0.6254672897196262,2.625467289719626,2,720
3.9561,44,24676.874217,medium,1.0,4.0,3,439
3.9542,46,24693.485954,medium,1.0,4.0,3,458
2.718316,52,24712.569477,medium,0.7700155763239875,2.7700155763239875,2,517
3.9361,64,24736.984852,medium,1.0,4.0,3,639
2.643669,59,24758.029263,medium,0.7018691588785047,2.7018691588785044,2,582
1.257179,52,24777.100218,medium,0.3088785046728972,1.3088785046728972,1,517
3.9431,57,24798.198004,medium,1.0,4.0,3,569
2.571458,72,24824.995027,medium,0.6434579439252337,2.6434579439252337,2,720
3.9439,57,24845.503557,medium,1.0,4.0,3,561
2.654372,50,24863.104813,medium,0.7039719626168224,2.7039719626168224,2,496
2.833607,72,24888.698096,medium,0.905607476635514,2.905607476635514,2,720
3.936,64,24912.461657,medium,1.0,4.0,3,640
2.53567,67,24938.781258,medium,0.6025700934579439,2.6025700934579437,2,669
2.854952,68,24963.65385,medium,0.9223520249221184,2.9223520249221187,2,674
3.9328,68,24988.190125,medium,1.0,4.0,3,672
3.9611,39,25002.572058,medium,1.0,4.0,3,389
3.94,60,25024.666361,medium,1.0,4.0,3,600
3.931,69,25049.815978,medium,1.0,4.0,3,690
3.943,57,25071.197341,medium,1.0,4.0,3,570
3.9473,53,25090.745792,medium,1.0,4.0,3,527
3.9496,51,25111.54265,medium,1.0,4.0,3,504
3.9401,60,25133.214924,medium,1.0,4.0,3,599
3.9316,69,25157.163183,medium,1.0,4.0,3,684
3.9506,50,25175.606707,medium,1.0,4.0,3,494
2.834542,72,25201.797217,medium,0.9065420560747663,2.906542056074766,2,720
2.50596,72,25228.188009,medium,0.5779595015576324,2.5779595015576326,2,720
2.763047,72,25254.599971,medium,0.8350467289719626,2.8350467289719625,2,720
2.581229,58,25274.187315,medium,0.6386292834890965,2.6386292834890965,2,574
2.50299,57,25297.11469,medium,0.559190031152648,2.559190031152648,2,562
3.9521,48,25314.975419,medium,1.0,4.0,3,479
2.859585,72,25341.088557,medium,0.9306853582554517,2.9306853582554515,2,711
3.9365,64,25364.714328,medium,1.0,4.0,3,635
2.849417,72,25391.974742,medium,0.9214174454828661,2.921417445482866,2,720
2.518359,51,25410.083122,medium,0.569158878504673,2.569158878504673,2,508
2.652922,72,25435.692605,medium,0.7249221183800623,2.7249221183800625,2,720
2.647015,57,25456.421576,medium,0.7031152647975077,2.703115264797508,2,561
2.692039,54,25476.466306,medium,0.7456386292834891,2.745638629283489,2,536
2.838977,61,25500.816399,medium,0.8993769470404984,2.8993769470404986,2,604
3.9322,68,25526.036619,medium,1.0,4.0,3,678
2.852769,66,25550.682915,medium,0.9180685358255452,2.918068535825545,2,653
2.631685,58,25571.762686,medium,0.688785046728972,2.688785046728972,2,571
3.946,54,25590.961868,medium,1.0,4.0,3,540
3.9567,44,25607.11584,medium,1.0,4.0,3,433
3.9424,58,25627.721828,medium,1.0,4.0,3,576
2.516879,51,25647.4889,medium,0.5676791277258567,2.5676791277258566,2,508
3.9301,70,25674.676811,medium,1.0,4.0,3,699
2.639543,60,25695.867873,medium,0.6991433021806853,2.699143302180685,2,596
3.9388,62,25718.566704,medium,1.0,4.0,3,612
2.795215,58,25739.798602,medium,0.8531152647975078,2.8531152647975078,2,579
2.564478,69,25764.736525,medium,0.633177570093458,2.633177570093458,2,687
2.780025,72,25789.643755,medium,0.8520249221183801,2.85202492211838,2,720
3.9366,64,25813.262057,medium,1.0,4.0,3,634
2.46709,59,25835.563343,medium,0.5260903426791277,2.5260903426791277,2,590
3.949,51,25853.969974,medium,1.0,4.0,3,510
3.9365,64,25877.824867,medium,1.0,4.0,3,635
3.9298,71,25904.206427,medium,1.0,4.0,3,702
2.831738,72,25930.67019,medium,0.9037383177570093,2.9037383177570093,2,720
1.280096,51,25948.607391,medium,0.33029595015576324,1.3302959501557632,1,502
2.692226,61,25969.820263,medium,0.7527258566978193,2.752725856697819,2,605
2.868275,72,25995.646333,medium,0.9398753894080997,2.9398753894081,2,716
3.9421,58,26017.322127,medium,1.0,4.0,3,579
3.9421,58,26038.100989,medium,1.0,4.0,3,579
2.698848,62,26062.814157,medium,0.7607476635514019,2.7607476635514017,2,619
2.680532,61,26085.724072,medium,0.7407320872274143,2.740732087227414,2,602
2.668063,63,26109.047891,medium,0.7307632398753894,2.7307632398753894,2,627
3.9463,54,26128.666162,medium,1.0,4.0,3,537
2.624739,63,26151.18438,medium,0.6875389408099688,2.6875389408099686,2,628
3.952,48,26168.969494,medium,1.0,4.0,3,480
2.670835,72,26196.45595,medium,0.7428348909657321,2.742834890965732,2,720
2.784386,72,26223.237773,medium,0.856386292834891,2.856386292834891,2,720
2.518327,61,26247.564475,medium,0.5784267912772586,2.5784267912772587,2,601
2.760365,64,26271.486242,medium,0.8240654205607477,2.8240654205607476,2,637
2.611611,63,26294.383874,medium,0.6746105919003115,2.6746105919003114,2,630
3.9467,54,26313.890332,medium,1.0,4.0,3,533
2.876598,72,26340.15106,medium,0.9485981308411215,2.9485981308411215,2,720
2.845368,72,26366.878898,medium,0.917367601246106,2.917367601246106,2,720
2.453774,52,26386.554609,medium,0.5053738317757009,2.505373831775701,2,516
3.9505,50,26405.023649,medium,1.0,4.0,3,495
2.783685,72,26433.768757,medium,0.8556853582554517,2.8556853582554518,2,720
2.817642,72,26460.866769,medium,0.8896417445482866,2.8896417445482867,2,720
2.708049,71,26486.583776,medium,0.7783489096573208,2.778348909657321,2,703
2.485691,67,26511.951636,medium,0.551791277258567,2.551791277258567,2,661
2.918654,72,26538.670164,medium,0.9906542056074766,2.9906542056074765,2,720
2.774106,72,26565.820984,medium,0.8461059190031153,2.846105919003115,2,720
2.462613,56,26587.232399,medium,0.5179127725856698,2.51791277258567,2,553
2.568654,72,26613.596061,medium,0.6406542056074767,2.6406542056074764,2,720
3.9609,40,26630.76213,medium,1.0,4.0,3,391
2.718888,72,26655.985361,medium,0.7908878504672897,2.7908878504672896,2,720
2.679562,67,26680.633136,medium,0.7462616822429906,2.7462616822429906,2,667
3.9412,59,26702.214535,medium,1.0,4.0,3,588
3.9309,70,26727.888493,medium,1.0,4.0,3,691
2.823405,72,26754.169169,medium,0.895404984423676,2.895404984423676,2,720
2.646417,67,26778.001681,medium,0.7126168224299065,2.7126168224299065,2,662
2.736956,72,26804.750873,medium,0.8089563862928348,2.808956386292835,2,720
2.847548,72,26832.481705,medium,0.9195482866043614,2.9195482866043614,2,720
3.949,51,26851.618759,medium,1.0,4.0,3,510
3.9399,61,26874.471375,medium,1.0,4.0,3,601
2.694473,69,26900.394439,medium,0.7627725856697819,2.762772585669782,2,683
2.87286,72,26927.582398,medium,0.9448598130841122,2.944859813084112,2,720
2.879947,72,26953.900556,medium,0.9519470404984424,2.9519470404984425,2,720
2.626058,60,26977.026489,medium,0.6853582554517134,2.6853582554517135,2,593
2.622237,72,27005.287371,medium,0.6942367601246106,2.6942367601246104,2,720
3.9303,70,27030.742494,medium,1.0,4.0,3,697
3.94,60,27053.601174,medium,1.0,4.0,3,600
2.65206,51,27071.972494,medium,0.7029595015576324,2.7029595015576326,2,509
3.9484,52,27091.022558,medium,1.0,4.0,3,516
0.362848,57,27111.917204,medium,0.4195482866043614,0.4195482866043614,0,567
2.733191,52,27130.328224,medium,0.7848909657320873,2.784890965732087,2,517
2.920835,72,27156.742565,medium,0.9928348909657321,2.992834890965732,2,720
3.943,57,27177.001883,medium,1.0,4.0,3,570
1.38594,53,27198.358594,medium,0.4382398753894081,1.4382398753894081,1,523
2.808296,72,27225.48867,medium,0.8802959501557632,2.8802959501557632,2,720
3.9357,65,27249.57408,medium,1.0,4.0,3,643
2.841606,72,27276.22371,medium,0.9130062305295951,2.913006230529595,2,714
2.849687,58,27297.235661,medium,0.9070872274143302,2.9070872274143302,2,574
3.9343,66,27321.065324,medium,1.0,4.0,3,657
3.9424,58,27342.212634,medium,1.0,4.0,3,576
2.675062,55,27361.723038,medium,0.7300623052959502,2.73006230529595,2,550
2.923118,58,27385.248793,medium,0.9802180685358255,2.9802180685358257,2,571
2.78224,56,27406.09836,medium,0.8382398753894081,2.8382398753894083,2,560
3.9313,69,27431.887936,medium,1.0,4.0,3,687
2.832907,72,27459.462617,medium,0.9049065420560748,2.9049065420560747,2,720
2.685422,65,27483.095871,medium,0.7499221183800623,2.7499221183800624,2,645
3.955,45,27499.550467,medium,1.0,4.0,3,450
3.9307,70,27524.684081,medium,1.0,4.0,3,693
2.789987,59,27546.485656,medium,0.8482866043613707,2.8482866043613706,2,583
2.686719,70,27574.359322,medium,0.7559190031152648,2.755919003115265,2,692
2.694949,67,27599.384212,medium,0.7614485981308411,2.761448598130841,2,665
2.651885,70,27624.906846,medium,0.7218847352024922,2.721884735202492,2,700
2.703707,52,27646.256257,medium,0.7549065420560748,2.7549065420560748,2,512
2.727252,62,27670.370201,medium,0.7892523364485982,2.789252336448598,2,620
2.787813,72,27695.713212,medium,0.8598130841121495,2.8598130841121496,2,720
2.444448,59,27716.529516,medium,0.5026479750778816,2.5026479750778816,2,582
2.459781,52,27735.201138,medium,0.5109813084112149,2.510981308411215,2,512
2.757128,72,27761.985247,medium,0.8291277258566978,2.829127725856698,2,720
2.782467,60,27783.946369,medium,0.8416666666666667,2.841666666666667,2,592
3.939,61,27805.637999,medium,1.0,4.0,3,610
2.589371,72,27832.877752,medium,0.6613707165109034,2.6613707165109033,2,720
2.796769,72,27859.838772,medium,0.8687694704049844,2.8687694704049846,2,720
2.753888,71,27885.431514,medium,0.8246884735202492,2.8246884735202493,2,708
2.561441,53,27905.296482,medium,0.6139408099688474,2.6139408099688475,2,525
2.734231,72,27932.520087,medium,0.8062305295950156,2.8062305295950156,2,720
2.789198,68,27959.446826,medium,0.8566978193146417,2.8566978193146415,2,675
3.9569,44,27975.26745,medium,1.0,4.0,3,431
2.743991,58,27995.639925,medium,0.801791277258567,2.801791277258567,2,578
2.866395,72,28021.712201,medium,0.9376947040498442,2.9376947040498442,2,713
2.67598,68,28045.658829,medium,0.743380062305296,2.743380062305296,2,674
2.742162,71,28071.86385,medium,0.8131619937694704,2.8131619937694703,2,710
3.9443,56,28093.226662,medium,1.0,4.0,3,557
2.734749,61,28115.020487,medium,0.7952492211838006,2.7952492211838007,2,605
2.591099,51,28133.285009,medium,0.6411993769470405,2.6411993769470405,2,501
2.890773,72,28162.616647,medium,0.962772585669782,2.962772585669782,2,720
3.9386,62,28186.317682,medium,1.0,4.0,3,614
2.487611,54,28206.59008,medium,0.5415109034267913,2.5415109034267913,2,539
2.613017,50,28225.291758,medium,0.6626168224299065,2.6626168224299063,2,496
2.549807,72,28251.518547,medium,0.6218068535825545,2.6218068535825543,2,720
2.668583,60,28272.458413,medium,0.7285825545171339,2.728582554517134,2,600
2.846407,59,28293.244287,medium,0.9049065420560748,2.9049065420560747,2,585
2.452445,57,28314.046857,medium,0.5086448598130842,2.508644859813084,2,562
2.610506,53,28334.839082,medium,0.6630062305295951,2.663006230529595,2,525
2.82559,59,28356.055372,medium,0.8841900311526479,2.884190031152648,2,586
2.885337,51,28375.126956,medium,0.9361370716510904,2.9361370716510904,2,508
0.38571,72,28400.901597,medium,0.45771028037383177,0.45771028037383177,0,720
2.730352,67,28425.556997,medium,0.7973520249221184,2.7973520249221187,2,670
3.9383,62,28448.114863,medium,1.0,4.0,3,617
2.640078,52,28466.917294,medium,0.6919781931464174,2.6919781931464173,2,519
3.9427,58,28487.546326,medium,1.0,4.0,3,573
3.948,52,28506.538059,medium,1.0,4.0,3,520
3.9357,65,28532.16314,medium,1.0,4.0,3,643
3.9346,66,28556.364185,medium,1.0,4.0,3,654
2.724885,72,28582.779103,medium,0.7968847352024923,2.796884735202492,2,720
2.723717,72,28609.21979,medium,0.7957165109034268,2.7957165109034268,2,720
2.639526,72,28634.795388,medium,0.7115264797507788,2.7115264797507788,2,720
2.757953,57,28655.627474,medium,0.8149532710280374,2.8149532710280374,2,570
2.57926,58,28676.877024,medium,0.636760124610592,2.636760124610592,2,575
3.9448,56,28697.11334,medium,1.0,4.0,3,552
2.71511,51,28717.854199,medium,0.765809968847352,2.765809968847352,2,507
2.822704,72,28744.188053,medium,0.8947040498442368,2.8947040498442367,2,720
3.9438,57,28765.926304,medium,1.0,4.0,3,562
2.709652,71,28792.154899,medium,0.7804517133956387,2.780451713395639,2,708
3.9299,71,28818.989826,medium,1.0,4.0,3,701
2.742596,55,28838.867746,medium,0.797196261682243,2.797196261682243,2,546
2.850158,61,28860.724772,medium,0.9103582554517134,2.9103582554517136,2,602
3.9414,59,28882.545466,medium,1.0,4.0,3,586
2.509798,55,28903.81374,medium,0.564797507788162,2.564797507788162,2,550
2.648561,72,28929.276394,medium,0.7205607476635514,2.7205607476635514,2,720
3.9371,63,28952.155801,medium,1.0,4.0,3,629
2.877679,65,28976.36927,medium,0.9426791277258567,2.9426791277258566,2,650
2.628935,72,29002.794746,medium,0.7009345794392523,2.7009345794392523,2,720
2.768965,56,29024.007702,medium,0.8240654205607477,2.8240654205607476,2,551
2.800896,55,29044.382921,medium,0.8552959501557632,2.8552959501557633,2,544
3.9375,63,29067.214567,medium,1.0,4.0,3,625
3.9372,63,29091.180813,medium,1.0,4.0,3,628
2.84272,72,29118.168883,medium,0.9147196261682243,2.914719626168224,2,720
2.680709,68,29143.944052,medium,0.748208722741433,2.748208722741433,2,675
2.889588,60,29166.71183,medium,0.94898753894081,2.94898753894081,2,594
2.771302,72,29194.009728,medium,0.8433021806853582,2.8433021806853582,2,720
3.9532,47,29211.454178,medium,1.0,4.0,3,468
3.947,53,29231.020185,medium,1.0,4.0,3,530
3.9411,59,29252.254181,medium,1.0,4.0,3,589
2.902844,72,29280.490812,medium,0.9748442367601247,2.9748442367601244,2,720
2.727143,72,29307.837064,medium,0.7991433021806854,2.7991433021806853,2,720
2.80557,72,29335.346967,medium,0.8775700934579439,2.877570093457944,2,720
2.574747,53,29355.456934,medium,0.6269470404984424,2.6269470404984423,2,522
3.9289,72,29382.518618,medium,1.0,4.0,3,711
3.9365,64,29405.590251,medium,1.0,4.0,3,635
2.814371,72,29432.42786,medium,0.8863707165109034,2.8863707165109034,2,720
2.730297,51,29451.605741,medium,0.7809968847352025,2.7809968847352025,2,507
3.9501,50,29472.45337,medium,1.0,4.0,3,499
2.884776,72,29499.218471,medium,0.9567757009345794,2.956775700934579,2,720
3.9419,59,29520.619168,medium,1.0,4.0,3,581
3.9471,53,29540.790146,medium,1.0,4.0,3,529
2.924651,72,29567.397387,medium,0.9966510903426792,2.996651090342679,2,720
2.754947,72,29594.096383,medium,0.8269470404984424,2.8269470404984425,2,720
2.841629,56,29614.055405,medium,0.8967289719626168,2.8967289719626166,2,551
2.832361,72,29640.800042,medium,0.9043613707165109,2.904361370716511,2,720
3.946,54,29663.387604,medium,1.0,4.0,3,540
3.9556,45,29680.015791,medium,1.0,4.0,3,444
2.765285,57,29701.708726,medium,0.8218847352024922,2.821884735202492,2,566
3.9398,61,29724.431781,medium,1.0,4.0,3,602
2.731414,63,29748.903391,medium,0.793613707165109,2.7936137071651093,2,622
2.518469,59,29770.953672,medium,0.5768691588785047,2.5768691588785044,2,584
2.836871,67,29795.936338,medium,0.9032710280373831,2.9032710280373832,2,664
2.716944,58,29817.77626,medium,0.7748442367601246,2.7748442367601247,2,579
2.506373,57,29839.96441,medium,0.5627725856697819,2.562772585669782,2,564
3.9557,45,29857.906859,medium,1.0,4.0,3,443
3.9544,46,29874.940599,medium,1.0,4.0,3,456
2.568966,56,29896.078019,medium,0.624766355140187,2.6247663551401867,2,558
3.9392,61,29919.607144,medium,1.0,4.0,3,608
2.613101,63,29942.99854,medium,0.6757009345794392,2.675700934579439,2,626
2.601852,63,29965.520805,medium,0.6642523364485982,2.664252336448598,2,624
2.658179,60,29988.116112,medium,0.7176791277258567,2.717679127725857,2,595
2.85705,72,30015.634842,medium,0.9290498442367601,2.92904984423676,2,720
2.849417,72,30042.170434,medium,0.9214174454828661,2.921417445482866,2,720
2.829709,61,30067.414085,medium,0.8901090342679128,2.8901090342679128,2,604
2.698699,51,30087.116824,medium,0.7492990654205608,2.7492990654205607,2,506
3.9351,65,30110.904961,medium,1.0,4.0,3,649
2.724297,65,30135.622072,medium,0.7890965732087227,2.789096573208723,2,648
3.9506,50,30154.515372,medium,1.0,4.0,3,494
2.892682,69,30179.917488,medium,0.9616822429906542,2.961682242990654,2,690
3.9414,59,30202.524137,medium,1.0,4.0,3,586
2.552125,58,30224.250352,medium,0.6101246105919003,2.6101246105919005,2,580
2.775118,72,30252.554667,medium,0.8471183800623053,2.847118380062305,2,720
2.628807,52,30272.43902,medium,0.680607476635514,2.680607476635514,2,518
2.746002,64,30295.717109,medium,0.8095015576323987,2.809501557632399,2,635
2.790702,70,30321.331924,medium,0.860202492211838,2.860202492211838,2,695
2.465103,54,30342.509941,medium,0.5190031152647975,2.5190031152647974,2,539
2.750975,72,30369.074869,medium,0.8229750778816199,2.82297507788162,2,720
2.741863,72,30395.488887,medium,0.8138629283489096,2.8138629283489096,2,720
1.559875,55,30415.827891,medium,0.6148753894080997,1.6148753894080996,1,550
3.939,61,30440.717405,medium,1.0,4.0,3,610
3.9536,47,30458.797481,medium,1.0,4.0,3,464
2.831983,64,30482.074674,medium,0.8954828660436137,2.8954828660436136,2,635
3.9423,58,30504.332494,medium,1.0,4.0,3,577
2.831526,55,30525.466046,medium,0.8858255451713396,2.8858255451713397,2,543
2.865695,72,30552.394775,medium,0.9376947040498442,2.9376947040498442,2,720
2.65851,50,30571.471918,medium,0.7077102803738318,2.7077102803738318,2,492
2.603632,63,30594.729232,medium,0.6657320872274143,2.6657320872274144,2,621
3.9527,48,30612.421616,medium,1.0,4.0,3,473
3.9506,50,30632.869566,medium,1.0,4.0,3,494
2.835912,66,30657.46278,medium,0.9010124610591901,2.90101246105919,2,651
2.778389,72,30684.666965,medium,0.8503894080996884,2.8503894080996885,2,720
2.859776,72,30712.586359,medium,0.9317757009345794,2.9317757009345793,2,720
2.680255,53,30732.123998,medium,0.7325545171339564,2.7325545171339565,2,523
2.761893,50,30750.91455,medium,0.8112928348909657,2.8112928348909656,2,494
2.551038,69,30776.881099,medium,0.6199376947040498,2.61993769470405,2,689
2.826909,72,30804.712755,medium,0.898208722741433,2.8982087227414333,2,713
3.9448,56,30826.697755,medium,1.0,4.0,3,552
2.709307,63,30850.050904,medium,0.7718068535825545,2.7718068535825546,2,625
3.9611,39,30864.501027,medium,1.0,4.0,3,389
3.9423,58,30886.780254,medium,1.0,4.0,3,577
2.729912,71,30913.556792,medium,0.8003115264797508,2.8003115264797507,2,704
2.732595,72,30941.071588,medium,0.804595015576324,2.804595015576324,2,720
3.9388,62,30963.38491,medium,1.0,4.0,3,612
3.9527,48,30981.466951,medium,1.0,4.0,3,473
2.856197,67,31006.002566,medium,0.9228971962616822,2.9228971962616823,2,667
2.831427,72,31035.045632,medium,0.9034267912772586,2.9034267912772584,2,720
0.353656,64,31059.012664,medium,0.41705607476635514,0.41705607476635514,0,634
2.834207,72,31085.253139,medium,0.905607476635514,2.905607476635514,2,714
2.770212,72,31112.390534,medium,0.8422118380062306,2.8422118380062305,2,720
2.78486,60,31135.023226,medium,0.8448598130841122,2.844859813084112,2,600
2.904402,72,31160.536825,medium,0.9764018691588785,2.9764018691588783,2,720
2.733768,59,31182.708274,medium,0.792367601246106,2.792367601246106,2,586
3.9586,42,31197.952016,medium,1.0,4.0,3,414
1.442246,51,31219.374226,medium,0.4931464174454829,1.493146417445483,1,509
3.9494,51,31237.975241,medium,1.0,4.0,3,506
2.813299,53,31257.717384,medium,0.8661993769470405,2.8661993769470406,2,529
2.700141,64,31282.024861,medium,0.7639408099688474,2.7639408099688474,2,638
2.878517,60,31304.460002,medium,0.9376168224299065,2.9376168224299066,2,591
3.9497,51,31323.34437,medium,1.0,4.0,3,503
1.46986,67,31347.441054,medium,0.5367601246105919,1.5367601246105917,1,669
2.698717,72,31374.908125,medium,0.7707165109034267,2.770716510903427,2,720
2.771847,72,31403.220176,medium,0.8438473520249221,2.8438473520249223,2,720
1.585043,56,31424.220651,medium,0.6403426791277259,1.640342679127726,1,553
3.9561,44,31440.504066,medium,1.0,4.0,3,439
2.814916,72,31468.408601,medium,0.8869158878504673,2.886915887850467,2,720
2.581609,51,31487.785132,medium,0.6320093457943925,2.6320093457943923,2,504
3.9281,72,31513.731026,medium,1.0,4.0,3,719
2.798016,72,31542.215538,medium,0.8700155763239875,2.8700155763239876,2,720
2.725508,72,31570.476921,medium,0.7975077881619937,2.797507788161994,2,720
3.9535,47,31588.2529,medium,1.0,4.0,3,465
2.669821,72,31616.248274,medium,0.7411214953271028,2.7411214953271026,2,713
2.855259,72,31643.055197,medium,0.9272585669781932,2.9272585669781934,2,720
2.689225,71,31669.437266,medium,0.7601246105919003,2.7601246105919004,2,709
3.9337,67,31693.243553,medium,1.0,4.0,3,663
2.449194,72,31718.877827,medium,0.5207943925233645,2.5207943925233645,2,716
2.891214,62,31742.65301,medium,0.9524143302180685,2.9524143302180685,2,612
2.645786,61,31765.899753,medium,0.706386292834891,2.7063862928348907,2,606
2.876131,72,31794.363014,medium,0.9481308411214954,2.9481308411214955,2,720
2.853078,72,31821.333626,medium,0.9250778816199376,2.925077881619938,2,720
2.838298,69,31846.673819,medium,0.9066978193146418,2.9066978193146418,2,684
2.563465,52,31865.001369,medium,0.6152647975077882,2.615264797507788,2,518
2.915305,72,31890.691796,medium,0.9873052959501558,2.987305295950156,2,720
2.614414,72,31917.094845,medium,0.6855140186915888,2.6855140186915887,2,711
2.81027,68,31942.537743,medium,0.8775700934579439,2.877570093457944,2,673
2.796345,63,31966.218192,medium,0.8586448598130841,2.8586448598130842,2,623
3.944,56,31988.841302,medium,1.0,4.0,3,560
2.519232,72,32016.368432,medium,0.5907320872274143,2.590732087227414,2,715
2.812416,58,32037.493403,medium,0.8700155763239875,2.8700155763239876,2,576
2.67518,61,32060.961971,medium,0.7352803738317757,2.7352803738317757,2,601
3.9376,63,32085.650954,medium,1.0,4.0,3,624
2.910186,63,32108.283785,medium,0.9725856697819315,2.9725856697819317,2,624
2.586333,72,32132.893695,medium,0.6583333333333333,2.658333333333333,2,720
2.819822,72,32159.435733,medium,0.891822429906542,2.891822429906542,2,720
2.778225,57,32182.311102,medium,0.8351246105919004,2.8351246105919,2,569
2.743093,61,32205.188509,medium,0.8031931464174454,2.8031931464174455,2,601
2.760733,56,32226.210177,medium,0.8164330218068536,2.8164330218068536,2,557
2.845727,58,32247.811046,medium,0.9034267912772586,2.9034267912772584,2,577
2.618014,68,32272.34403,medium,0.6855140186915888,2.6855140186915887,2,675
2.89044,57,32293.455131,medium,0.9470404984423676,2.9470404984423677,2,566
2.87571,57,32314.621566,medium,0.9327102803738317,2.932710280373832,2,570
2.840927,63,32337.600319,medium,0.9034267912772586,2.9034267912772584,2,625
2.843303,68,32365.685988,medium,0.9109034267912772,2.9109034267912772,2,676
2.507755,51,32384.254938,medium,0.5582554517133956,2.5582554517133955,2,505
2.600536,60,32407.005946,medium,0.660436137071651,2.660436137071651,2,599
2.68531,64,32430.386381,medium,0.7489096573208722,2.7489096573208722,2,636
2.624288,59,32453.107028,medium,0.6827881619937695,2.6827881619937695,2,585
1.657717,63,32477.74351,medium,0.7207165109034268,1.7207165109034268,1,630
2.868966,72,32505.527069,medium,0.9409657320872274,2.9409657320872276,2,720
3.9518,49,32523.976393,medium,1.0,4.0,3,482
3.9573,43,32539.730059,medium,1.0,4.0,3,427
2.634275,56,32562.128177,medium,0.6898753894080997,2.6898753894081,2,556
3.9464,54,32581.890209,medium,1.0,4.0,3,536
3.9481,52,32601.861856,medium,1.0,4.0,3,519
2.637311,55,32623.074013,medium,0.6915109034267912,2.6915109034267912,2,542
2.937299,54,32643.104329,medium,0.9911993769470405,2.9911993769470406,2,539
3.9405,60,32665.728251,medium,1.0,4.0,3,595
2.668195,54,32685.093245,medium,0.7214953271028037,2.7214953271028035,2,533
3.9561,44,32701.557983,medium,1.0,4.0,3,439
3.9348,66,32725.46291,medium,1.0,4.0,3,652
2.867875,72,32753.658939,medium,0.9398753894080997,2.9398753894081,2,720
2.865695,72,32781.412439,medium,0.9376947040498442,2.9376947040498442,2,720
2.844895,52,32800.342939,medium,0.8964953271028038,2.8964953271028038,2,516
2.829713,72,32827.580454,medium,0.9017133956386293,2.9017133956386294,2,720
2.811338,68,32853.463921,medium,0.8787383177570094,2.8787383177570094,2,674
2.870601,72,32880.715252,medium,0.942601246105919,2.942601246105919,2,720
3.9549,46,32897.734565,medium,1.0,4.0,3,451
3.9381,62,32921.444093,medium,1.0,4.0,3,619
3.9365,64,32947.172724,medium,1.0,4.0,3,635
2.696146,72,32974.329276,medium,0.7681464174454828,2.768146417445483,2,720
2.751184,54,32994.961938,medium,0.8049844236760124,2.8049844236760126,2,538
2.481427,72,33021.584787,medium,0.5534267912772586,2.553426791277259,2,720
2.675619,64,33044.896391,medium,0.7390186915887851,2.739018691588785,2,634
2.884776,72,33070.933688,medium,0.9567757009345794,2.956775700934579,2,720
2.872782,72,33098.16998,medium,0.9447819314641744,2.9447819314641746,2,720
2.865695,72,33124.862288,medium,0.9376947040498442,2.9376947040498442,2,720
3.9557,45,33144.180705,medium,1.0,4.0,3,443
2.470088,54,33164.656204,medium,0.52398753894081,2.52398753894081,2,539
2.85814,72,33192.064784,medium,0.9301401869158878,2.930140186915888,2,720
3.944,56,33213.321595,medium,1.0,4.0,3,560
2.674106,72,33239.557579,medium,0.7461059190031153,2.7461059190031154,2,720
2.710555,72,33266.427305,medium,0.7825545171339564,2.7825545171339563,2,720
2.825819,72,33293.602348,medium,0.8978193146417446,2.897819314641745,2,720
2.863316,66,33318.058511,medium,0.928816199376947,2.9288161993769473,2,655
2.604021,54,33340.622351,medium,0.6573208722741433,2.657320872274143,2,533
2.865695,72,33367.763711,medium,0.9376947040498442,2.9376947040498442,2,720
2.896302,72,33394.889322,medium,0.9683021806853582,2.9683021806853582,2,720
2.898483,72,33421.700048,medium,0.9704828660436137,2.970482866043614,2,720
1.432802,53,33442.064173,medium,0.48520249221183803,1.485202492211838,1,524
2.851011,66,33467.064849,medium,0.9165109034267913,2.9165109034267913,2,655
2.455944,52,33486.734605,medium,0.5079439252336448,2.507943925233645,2,520
3.9541,46,33504.735104,medium,1.0,4.0,3,459
3.9362,64,33530.514987,medium,1.0,4.0,3,638
3.9495,51,33549.148955,medium,1.0,4.0,3,505
2.82543,72,33576.241117,medium,0.8974299065420561,2.8974299065420563,2,720
3.9491,51,33594.471093,medium,1.0,4.0,3,509
3.9298,71,33621.672687,medium,1.0,4.0,3,702
2.505885,50,33640.168191,medium,0.5556853582554517,2.5556853582554515,2,498
2.787813,72,33668.083683,medium,0.8598130841121495,2.8598130841121496,2,720
2.699689,51,33688.045861,medium,0.7503894080996885,2.7503894080996885,2,507
3.9428,58,33710.22742,medium,1.0,4.0,3,572
2.568457,50,33731.036948,medium,0.6177570093457944,2.6177570093457945,2,493
2.847548,72,33758.086275,medium,0.9195482866043614,2.9195482866043614,2,720
3.9488,52,33777.21927,medium,1.0,4.0,3,512
3.9446,56,33799.395284,medium,1.0,4.0,3,554
3.9296,71,33826.577581,medium,1.0,4.0,3,704
3.9498,51,33846.625978,medium,1.0,4.0,3,502
2.921847,72,33874.20179,medium,0.9938473520249221,2.9938473520249222,2,720
3.9455,55,33894.435985,medium,1.0,4.0,3,545
3.9453,55,33916.024034,medium,1.0,4.0,3,547
2.790847,53,33937.155353,medium,0.8438473520249221,2.8438473520249223,2,530
2.807283,72,33963.396444,medium,0.8792834890965732,2.879283489096573,2,720
2.726052,64,33987.377738,medium,0.7892523364485982,2.789252336448598,2,632
2.654748,56,34008.005689,medium,0.7107476635514018,2.710747663551402,2,560
2.653044,63,34031.79097,medium,0.7160436137071651,2.716043613707165,2,630
2.750294,62,34056.409526,medium,0.811993769470405,2.811993769470405,2,617
2.702106,53,34077.135239,medium,0.7542056074766356,2.7542056074766355,2,521
3.9296,71,34104.113873,medium,1.0,4.0,3,704
3.946,54,34125.985162,medium,1.0,4.0,3,540
2.733814,69,34151.747993,medium,0.8024143302180685,2.8024143302180686,2,686
2.552377,72,34178.79636,medium,0.6243769470404984,2.6243769470404983,2,720
2.556988,67,34203.692364,medium,0.6239875389408099,2.62398753894081,2,670
2.918725,59,34225.635761,medium,0.9770249221183801,2.97702492211838,2,583
0.421279,63,34248.120533,medium,0.48387850467289717,0.48387850467289717,0,626
2.862891,72,34274.450548,medium,0.9348909657320872,2.9348909657320874,2,720
3.9321,68,34298.815711,medium,1.0,4.0,3,679
2.522946,54,34320.517493,medium,0.5762461059190032,2.576246105919003,2,533
0.273717,72,34347.879916,medium,0.3457165109034268,0.3457165109034268,0,720
2.769121,72,34374.670914,medium,0.8411214953271028,2.8411214953271027,2,720
2.54586,66,34400.128862,medium,0.6117601246105919,2.611760124610592,2,659
3.936,64,34424.574495,medium,1.0,4.0,3,640
3.955,45,34442.350693,medium,1.0,4.0,3,450
3.9417,59,34463.77302,medium,1.0,4.0,3,583
2.857736,61,34486.372149,medium,0.9185358255451713,2.918535825545171,2,608
2.714307,58,34510.078937,medium,0.7718068535825545,2.7718068535825546,2,575
2.892953,72,34537.108606,medium,0.9649532710280374,2.9649532710280373,2,720
2.787813,72,34563.670967,medium,0.8598130841121495,2.8598130841121496,2,720
2.745094,59,34585.960402,medium,0.8038940809968848,2.803894080996885,2,588
2.881695,56,34607.166148,medium,0.9376947040498442,2.9376947040498442,2,560
2.861732,71,34632.609266,medium,0.932632398753894,2.932632398753894,2,709
2.778683,67,34657.920328,medium,0.8454828660436137,2.845482866043614,2,668
2.844963,61,34680.802326,medium,0.9057632398753894,2.905763239875389,2,608
2.478623,72,34709.482965,medium,0.5506230529595015,2.5506230529595015,2,720
2.835583,69,34736.420228,medium,0.9042834890965732,2.9042834890965734,2,687
3.9309,70,34763.258793,medium,1.0,4.0,3,691
2.802547,50,34781.778941,medium,0.8519470404984424,2.8519470404984424,2,494
2.885788,72,34808.745532,medium,0.9577881619937695,2.9577881619937694,2,720
3.9504,50,34827.40789,medium,1.0,4.0,3,496
2.884308,72,34854.626209,medium,0.9563084112149532,2.956308411214953,2,720
3.9527,48,34873.1883,medium,1.0,4.0,3,473
2.787813,72,34902.769012,medium,0.8598130841121495,2.8598130841121496,2,720
3.9425,58,34924.687858,medium,1.0,4.0,3,575
3.9411,59,34947.971795,medium,1.0,4.0,3,589
2.813186,69,34973.696032,medium,0.881386292834891,2.881386292834891,2,682
2.825274,72,35001.050496,medium,0.8972741433021807,2.8972741433021807,2,720
2.821458,72,35028.375379,medium,0.8934579439252337,2.8934579439252337,2,720
2.711723,72,35055.895861,medium,0.7837227414330218,2.7837227414330217,2,720
2.470393,50,35075.268511,medium,0.5200934579439253,2.520093457943925,2,497
2.889485,67,35102.791948,medium,0.9556853582554518,2.955685358255452,2,662
2.828561,67,35128.281386,medium,0.8955607476635514,2.895560747663551,2,670
2.80687,63,35152.420367,medium,0.8694704049844236,2.8694704049844235,2,626
2.848559,63,35176.710512,medium,0.9110591900311527,2.9110591900311524,2,625
2.738966,69,35202.760573,medium,0.8078660436137072,2.807866043613707,2,689
2.882634,68,35229.040038,medium,0.9502336448598131,2.950233644859813,2,676
2.897607,67,35253.890591,medium,0.9637071651090343,2.9637071651090343,2,661
2.865695,72,35283.617222,medium,0.9376947040498442,2.9376947040498442,2,720
2.513207,51,35302.874344,medium,0.5637071651090343,2.5637071651090344,2,505
3.9559,45,35319.203203,medium,1.0,4.0,3,441
2.848171,72,35347.195259,medium,0.9201713395638629,2.920171339563863,2,720
3.9376,63,35370.894133,medium,1.0,4.0,3,624
3.942,58,35393.015419,medium,1.0,4.0,3,580
1.434012,51,35411.71461,medium,0.48411214953271026,1.4841121495327103,1,501
2.914402,54,35431.800211,medium,0.9683021806853582,2.9683021806853582,2,539
2.73228,53,35451.882882,medium,0.7852803738317757,2.7852803738317755,2,530
2.642967,66,35477.904172,medium,0.7085669781931464,2.7085669781931463,2,656
3.9447,56,35497.886966,medium,1.0,4.0,3,553
2.529237,57,35520.73708,medium,0.5861370716510903,2.5861370716510903,2,569
2.829751,50,35539.266871,medium,0.8797507788161993,2.8797507788161996,2,500
2.732408,66,35564.304249,medium,0.7975077881619937,2.797507788161994,2,651
2.825975,72,35592.267771,medium,0.8979750778816199,2.89797507788162,2,720
3.9489,52,35611.245347,medium,1.0,4.0,3,511
2.518031,72,35638.92652,medium,0.5900311526479751,2.590031152647975,2,720
2.682128,72,35666.353611,medium,0.7541277258566979,2.754127725856698,2,720
3.9444,56,35689.59315,medium,1.0,4.0,3,556
2.555191,63,35713.320544,medium,0.6179906542056075,2.6179906542056077,2,628
3.9502,50,35731.752893,medium,1.0,4.0,3,498
3.9536,47,35749.453215,medium,1.0,4.0,3,464
3.9499,51,35769.619384,medium,1.0,4.0,3,501
3.9381,62,35793.623197,medium,1.0,4.0,3,619
3.9624,38,35808.554887,medium,1.0,4.0,3,376
2.85213,63,35832.401189,medium,0.9143302180685359,2.9143302180685358,2,622
2.718975,63,35854.956166,medium,0.7810747663551402,2.78107476635514,2,621
1.576473,54,35878.222388,medium,0.6296728971962616,1.6296728971962615,1,532
3.9415,59,35901.992602,medium,1.0,4.0,3,585
2.69124,72,35929.283829,medium,0.7632398753894081,2.763239875389408,2,720
2.883765,66,35954.411128,medium,0.9490654205607477,2.9490654205607476,2,653
3.9507,50,35973.604905,medium,1.0,4.0,3,493
3.947,53,35994.078377,medium,1.0,4.0,3,530
3.9328,68,36018.802572,medium,1.0,4.0,3,672
2.715072,72,36046.139509,medium,0.7870716510903427,2.7870716510903426,2,720
3.9435,57,36069.410742,medium,1.0,4.0,3,565
3.9509,50,36088.638686,medium,1.0,4.0,3,491
2.886343,63,36113.294134,medium,0.9491433021806853,2.949143302180685,2,628
3.9318,69,36140.540583,medium,1.0,4.0,3,682
2.544986,53,36159.779026,medium,0.5975856697819315,2.5975856697819317,2,526
2.720468,56,36180.927068,medium,0.7761682242990654,2.7761682242990653,2,557
2.567041,56,36201.950041,medium,0.6227414330218068,2.622741433021807,2,557
2.56589,52,36221.855044,medium,0.6172897196261682,2.617289719626168,2,514
3.9494,51,36241.25674,medium,1.0,4.0,3,506
2.758795,54,36264.205709,medium,0.8126947040498442,2.8126947040498442,2,539
1.490539,72,36291.282194,medium,0.5625389408099688,1.5625389408099688,1,720
2.59803,58,36313.111769,medium,0.6555295950155763,2.6555295950155764,2,575
2.781498,68,36338.216992,medium,0.8485981308411215,2.8485981308411215,2,671
2.505527,57,36360.082795,medium,0.5622274143302181,2.562227414330218,2,567
2.609862,54,36380.372684,medium,0.6631619937694704,2.6631619937694704,2,533
2.904505,66,36404.703365,medium,0.9704049844236761,2.970404984423676,2,659
2.733719,56,36425.648786,medium,0.789018691588785,2.789018691588785,2,553
2.855259,72,36453.566322,medium,0.9272585669781932,2.9272585669781934,2,720
2.655147,55,36476.449551,medium,0.7100467289719626,2.7100467289719625,2,549
3.9476,53,36496.709374,medium,1.0,4.0,3,524
3.9474,53,36516.864841,medium,1.0,4.0,3,526
3.9415,59,36538.947192,medium,1.0,4.0,3,585
2.783841,72,36567.131269,medium,0.8558411214953271,2.855841121495327,2,720
2.675802,51,36587.520473,medium,0.7264018691588785,2.7264018691588783,2,506
1.427254,55,36607.714635,medium,0.48185358255451716,1.4818535825545172,1,546
2.632595,72,36635.489345,medium,0.704595015576324,2.704595015576324,2,720
3.9557,45,36651.944439,medium,1.0,4.0,3,443
3.9474,53,36673.426338,medium,1.0,4.0,3,526
3.9389,62,36695.911864,medium,1.0,4.0,3,611
2.597081,72,36722.979481,medium,0.6690809968847352,2.6690809968847353,2,720
2.607517,72,36749.610443,medium,0.6795171339563862,2.679517133956386,2,720
2.682202,53,36769.166014,medium,0.735202492211838,2.735202492211838,2,530
3.9299,71,36795.108487,medium,1.0,4.0,3,701
3.9538,47,36811.730848,medium,1.0,4.0,3,462
3.9309,70,36837.123354,medium,1.0,4.0,3,691
2.828654,71,36864.273744,medium,0.8987538940809969,2.898753894080997,2,701
2.725508,72,36890.061884,medium,0.7975077881619937,2.797507788161994,2,720
3.9396,61,36912.651387,medium,1.0,4.0,3,604
3.9428,58,36933.586749,medium,1.0,4.0,3,572
2.668669,51,36951.393035,medium,0.7187694704049844,2.7187694704049843,2,501
2.765751,64,36975.556764,medium,0.8297507788161994,2.8297507788161993,2,640
3.9519,49,36992.624819,medium,1.0,4.0,3,481
2.866995,71,37018.545203,medium,0.9376947040498442,2.9376947040498442,2,707
3.9501,50,37037.635954,medium,1.0,4.0,3,499
3.9565,44,37052.900959,medium,1.0,4.0,3,435
2.675955,57,37072.865051,medium,0.7325545171339564,2.7325545171339565,2,566
3.9585,42,37087.936984,medium,1.0,4.0,3,415
2.692844,57,37108.24301,medium,0.7498442367601246,2.749844236760125,2,570
3.9399,61,37129.299023,medium,1.0,4.0,3,601
2.623717,72,37154.922801,medium,0.6957165109034268,2.6957165109034267,2,720
2.702271,51,37172.639637,medium,0.7532710280373832,2.7532710280373833,2,510
3.9487,52,37189.754637,medium,1.0,4.0,3,513
2.924028,72,37216.16112,medium,0.9960280373831776,2.9960280373831774,2,720
2.521769,72,37239.153337,medium,0.5937694704049844,2.5937694704049843,2,720
3.9446,56,37257.89882,medium,1.0,4.0,3,554
3.9449,56,37276.635448,medium,1.0,4.0,3,551
3.9468,54,37296.973608,medium,1.0,4.0,3,532
2.774095,64,37318.529766,medium,0.8376947040498443,2.837694704049844,2,636
3.9451,55,37338.580239,medium,1.0,4.0,3,549
2.552225,58,37358.229047,medium,0.6101246105919003,2.6101246105919005,2,579
2.84329,58,37376.92553,medium,0.9010903426791277,2.9010903426791277,2,578
3.9287,72,37401.053035,medium,1.0,4.0,3,713
3.956,44,37415.663759,medium,1.0,4.0,3,440
0.432149,64,37437.661328,medium,0.4952492211838006,0.4952492211838006,0,631
3.944,56,37457.332396,medium,1.0,4.0,3,560
3.9534,47,37473.994459,medium,1.0,4.0,3,466
2.776731,56,37492.54109,medium,0.8319314641744548,2.831931464174455,2,552
2.69124,72,37516.382209,medium,0.7632398753894081,2.763239875389408,2,720
3.9496,51,37533.2718,medium,1.0,4.0,3,504
3.9505,50,37549.755837,medium,1.0,4.0,3,495
