#{"t_start": 1779124162.8215342, "env_id": "None"}
r,l,t,profile,damage_pct,score,stars,ticks_elapsed,spell_casts,rage_casts,freeze_casts,useful_rage_casts,useful_freeze_casts,wasted_spell_casts,wasted_rage_casts,wasted_freeze_casts,spells_remaining,rage_bonus_damage_pct,rage_bonus_defense_damage_pct,rage_bonus_townhall_damage_pct,defense_damage_pct,townhall_damage_pct,defenses_destroyed,townhall_destroyed,frozen_threat_ticks,frozen_threat_damage_pct,spell_shaping_reward_total,objective_shaping_reward_total,rage_effect_reward_total,freeze_effect_reward_total,defense_damage_reward_total,townhall_damage_reward_total,defense_destroy_reward_total,townhall_destroy_reward_total,wasted_spell_penalty_total,unused_spell_penalty_total
0.351304,58,19.91714,hard,0.30909610983981695,0.30909610983981695,0,578,4,2,2,2,2,0,0,0,0,0.0078089244851259005,0.0187500000000001,0.0,0.24766483516483426,0.0,2,False,53,0.04140625,0.06028781106979407,0.03971978021978011,0.0027331235697940653,0.05755468750000001,0.029719780219780105,0.0,0.01,0.0,0.0,0.0
0.488705,59,37.346378,hard,0.4162356979405034,0.4162356979405034,0,586,4,2,2,2,2,0,0,0,0,0.010572082379862693,0.025384615384615367,0.0,0.5049175824175813,0.0,3,False,38,0.04370535714285714,0.0554792466900948,0.07559010989010975,0.003700228832951942,0.05177901785714285,0.06059010989010976,0.0,0.015,0.0,0.0,0.0
0.349703,58,54.666213,hard,0.3259153318077803,0.3259153318077803,0,577,4,2,2,2,2,0,0,0,0,0.0,0.0,0.0,0.2880494505494505,0.0,2,False,34,0.0265625,0.036921875,0.044565934065934065,0.0,0.036921875,0.03456593406593406,0.0,0.01,0.0,0.0,0.0
0.358372,65,73.638673,hard,0.25938215102974826,0.25938215102974826,0,649,4,2,2,2,2,0,0,0,0,0.0,0.0,0.0,0.4074175824175824,0.0,3,False,94,0.10526785714285715,0.1,0.06389010989010989,0.0,0.1,0.04889010989010989,0.0,0.015,0.0,0.0,0.0
0.314244,62,91.982109,hard,0.23932494279176178,0.23932494279176178,0,612,4,2,2,2,2,0,0,0,0,0.005286041189931122,0.0,0.0,0.2802197802197802,0.0,2,False,72,0.07285714285714286,0.09249297155933303,0.04362637362637363,0.0018501144164758925,0.09064285714285714,0.03362637362637363,0.0,0.01,0.0,0.0,0.0
2.84596,66,110.887305,hard,0.6064073226544623,2.606407322654462,2,657,4,2,2,2,2,0,0,0,0,0.014176201372997802,0.0011538461538461546,0.0,0.5494505494505494,1.0,5,True,48,0.047142857142857146,0.06431881333769209,0.24093406593406597,0.00496167048054923,0.05935714285714286,0.06593406593406594,0.1,0.025,0.05,0.0,0.0
0.42408,58,127.698678,hard,0.3025686498855833,0.3025686498855833,0,579,4,2,2,2,2,0,0,0,0,0.014656750572082178,0.02105769230769243,0.03429999999999852,0.41799450549450445,0.14863333333333184,3,False,72,0.07767857142857143,0.09938879127165735,0.08002267399267371,0.005129862700228762,0.09425892857142859,0.05015934065934052,0.014863333333333187,0.015,0.0,0.0,0.0
0.445656,65,146.650111,hard,0.4020594965675057,0.4020594965675057,0,647,4,2,2,2,2,0,0,0,0,0.03065217391304356,0.016730769230769313,0.0,0.4708791208791201,0.0,3,False,24,0.01875,0.036790760869565245,0.0715054945054944,0.010728260869565244,0.026062500000000002,0.05650549450549441,0.0,0.015,0.0,0.0,0.0
0.280314,55,167.574129,hard,0.20421052631578948,0.20421052631578948,0,550,4,2,2,2,2,0,0,0,0,0.005526315789473745,0.013269230769230915,0.0,0.2430769230769225,0.0,0,False,92,0.09540178571428572,0.10193421052631582,0.029169230769230704,0.0019342105263158108,0.1,0.029169230769230704,0.0,0.0,0.0,0.0,0.0
1.744176,66,186.922246,hard,0.5648741418764303,1.5648741418764303,1,658,4,2,2,2,2,0,0,0,0,0.011367276887871852,0.02527472527472527,0.0,0.6098901098901086,0.6113333333333333,5,False,72,0.06107142857142857,0.08578211833932659,0.15932014652014637,0.003978546910755148,0.08180357142857143,0.07318681318681304,0.06113333333333334,0.025,0.0,0.0,0.0
0.470244,60,204.461586,hard,0.3684210526315789,0.3684210526315789,0,598,4,2,2,2,2,0,0,0,0,0.02618993135011453,0.024519230769230935,0.0,0.3901098901098902,0.0,3,False,72,0.07285714285714286,0.09980933311539722,0.06181318681318683,0.009166475972540085,0.09064285714285714,0.04681318681318683,0.0,0.015,0.0,0.0,0.0
0.301973,56,221.223476,hard,0.2853947368421052,0.2853947368421052,0,554,4,2,2,2,2,0,0,0,0,0.0056464530892447636,0.013557692307692097,0.0,0.19075549450549392,0.0,1,False,34,0.033482142857142856,0.04408786572409282,0.02789065934065927,0.001976258581235667,0.04211160714285715,0.02289065934065927,0.0,0.005,0.0,0.0,0.0
0.485104,58,238.563525,hard,0.3840446224256293,0.3840446224256293,0,575,4,2,2,2,2,0,0,0,0,0.008529748283752924,0.020480769230769382,0.0,0.4276236263736255,0.0,2,False,72,0.07767857142857143,0.09724434047074208,0.06131483516483507,0.0029854118993135233,0.09425892857142856,0.051314835164835065,0.0,0.01,0.0,0.0,0.0
0.27803,55,254.553602,hard,0.20200228832951936,0.20200228832951936,0,550,4,2,2,2,2,0,0,0,0,0.0024027459954232763,0.005769230769230614,0.0,0.20989010989010964,0.0,1,False,96,0.10821428571428572,0.10084096109839816,0.030186813186813165,0.0008409610983981467,0.1,0.025186813186813165,0.0,0.005,0.0,0.0,0.0
0.64308,61,273.036815,hard,0.4848398169336384,0.4848398169336384,0,609,4,2,2,2,2,0,0,0,0,0.0,0.0,0.0,0.2802197802197802,0.945,2,False,66,0.06401785714285714,0.08101339285714287,0.13812637362637364,0.0,0.08101339285714287,0.033626373626373635,0.09450000000000001,0.01,0.0,0.0,0.0
0.24159,57,290.329777,hard,0.17665903890160184,0.17665903890160184,0,563,4,2,2,2,2,0,0,0,0,0.0,0.0,0.0,0.17692307692307693,0.0,0,False,93,0.10379464285714286,0.1,0.02123076923076923,0.0,0.1,0.02123076923076923,0.0,0.0,0.0,0.0,0.0
0.259133,57,307.622997,hard,0.18678489702517162,0.18678489702517162,0,568,4,2,2,2,2,0,0,0,0,0.0,0.0,0.0,0.20123626373626374,0.0,1,False,96,0.10821428571428572,0.1,0.02914835164835165,0.0,0.1,0.02414835164835165,0.0,0.005,0.0,0.0,0.0
0.412086,67,332.226445,hard,0.38483981693363845,0.38483981693363845,0,670,4,2,2,2,2,0,0,0,0,0.004685354691075525,0.00173076923076925,0.0,0.4295329670329669,0.0,3,False,24,0.01875,0.027702374141876436,0.06654395604395602,0.001639874141876434,0.026062500000000002,0.051543956043956014,0.0,0.015,0.0,0.0,0.0
0.31213,55,348.28039,hard,0.21247139588100686,0.21247139588100686,0,546,4,2,2,2,2,0,0,0,0,0.0,0.0,0.0,0.36881868131868134,0.0,2,False,95,0.10674107142857144,0.1,0.05425824175824175,0.0,0.1,0.04425824175824175,0.0,0.01,0.0,0.0,0.0
0.264445,59,365.772305,hard,0.2402002288329519,0.2402002288329519,0,584,4,2,2,2,2,0,0,0,0,0.002042334096109752,0.0,0.0,0.27843406593406594,0.0,2,False,24,0.03535714285714286,0.039232674076495555,0.04341208791208792,0.0007148169336384132,0.038517857142857145,0.03341208791208792,0.0,0.01,0.0,0.0,0.0
1.667249,62,384.057454,hard,0.5013558352402743,1.5013558352402743,1,613,4,2,2,2,2,0,0,0,0,0.02126430205949624,0.0,0.1238999999999981,0.3901098901098901,0.9335666666666613,3,False,48,0.05410714285714286,0.07202286286368083,0.15516985347985296,0.007442505720823684,0.06458035714285715,0.04681318681318683,0.09335666666666614,0.015,0.0,0.0,0.0
0.459441,65,403.808543,hard,0.372883295194508,0.372883295194508,0,646,4,2,2,2,2,0,0,0,0,0.0,0.0,0.0,0.32967032967032966,0.17266666666666666,3,False,70,0.05910714285714286,0.07933035714285715,0.07182710622710621,0.0,0.07933035714285715,0.039560439560439545,0.017266666666666666,0.015,0.0,0.0,0.0
0.453622,69,424.430439,hard,0.3784324942791762,0.3784324942791762,0,686,4,2,2,2,2,0,0,0,0,0.019101830663615472,0.0,0.0,0.4141483516483517,0.0,3,False,52,0.061875,0.07909189073226541,0.06469780219780219,0.006685640732265415,0.07240625,0.04969780219780219,0.0,0.015,0.0,0.0,0.0
0.282007,70,445.375914,hard,0.24010297482837528,0.24010297482837528,0,693,4,2,2,2,2,0,0,0,0,0.01778032036613232,0.012692307692307728,0.0,0.3292582417582412,0.0,2,False,42,0.045959821428571426,0.06169297819957487,0.049510989010988944,0.0062231121281463115,0.055469866071428564,0.03951098901098894,0.0,0.01,0.0,0.0,0.0
0.29456,57,461.799487,hard,0.24324942791762014,0.24324942791762014,0,569,4,2,2,2,2,0,0,0,0,0.0,0.0,0.0,0.18873626373626373,0.0,1,False,58,0.06875,0.08056250000000001,0.027648351648351648,0.0,0.08056250000000001,0.022648351648351647,0.0,0.005,0.0,0.0,0.0
0.313852,55,482.662721,hard,0.2806864988558353,0.2806864988558353,0,548,4,2,2,2,2,0,0,0,0,0.002883295194508041,0.0,0.0,0.29093406593406596,0.0,2,False,34,0.03339285714285714,0.04305379617522067,0.04491208791208791,0.0010091533180778141,0.04204464285714286,0.03491208791208791,0.0,0.01,0.0,0.0,0.0
0.273642,65,501.792985,hard,0.22768878718535468,0.22768878718535468,0,643,4,2,2,2,2,0,0,0,0,0.014176201372997783,0.0,0.0,0.29945054945054944,0.0,2,False,48,0.047142857142857146,0.06431881333769209,0.04593406593406593,0.004961670480549223,0.05935714285714286,0.03593406593406593,0.0,0.01,0.0,0.0,0.0
0.39606,62,520.258735,hard,0.33621281464530894,0.33621281464530894,0,615,4,2,2,2,2,0,0,0,0,0.023684210526315835,0.0,0.0,0.16277472527472528,0.364,1,False,48,0.0375,0.06041447368421055,0.060932967032967036,0.008289473684210543,0.05212500000000001,0.019532967032967037,0.0364,0.005,0.0,0.0,0.0
2.827216,90,546.647157,hard,0.5894164759725401,2.58941647597254,2,900,4,2,2,2,2,0,0,0,0,0.0037242562929062197,0.008942307692307791,0.0,0.5086538461538457,1.0,4,True,75,0.07727678571428571,0.09676107898823146,0.23103846153846147,0.0013034897025171767,0.09545758928571428,0.06103846153846147,0.1,0.02,0.05,0.0,0.0
0.49909,59,564.477867,hard,0.3933066361556064,0.3933066361556064,0,586,4,2,2,2,2,0,0,0,0,0.02258581235697916,0.0,0.0,0.4498626373626374,0.0,3,False,65,0.07332589285714286,0.09539945396779986,0.06898351648351647,0.007905034324942705,0.08749441964285716,0.05398351648351648,0.0,0.015,0.0,0.0,0.0
0.452278,60,582.420427,hard,0.349347826086956,0.349347826086956,0,595,4,2,2,2,2,0,0,0,0,0.011533180778031539,0.0,0.03499999999999849,0.35233516483516486,0.41533333333333183,2,False,48,0.05410714285714286,0.06861697041516818,0.09381355311355298,0.004036613272311038,0.06458035714285713,0.04228021978021979,0.041533333333333186,0.01,0.0,0.0,0.0
0.374727,61,600.919972,hard,0.3399313501144165,0.3399313501144165,0,608,4,2,2,2,2,0,0,0,0,0.0,0.0,0.0,0.3217032967032967,0.0,2,False,38,0.037321428571428575,0.04699107142857143,0.048604395604395605,0.0,0.04699107142857143,0.0386043956043956,0.0,0.01,0.0,0.0,0.0
0.538033,67,620.552047,hard,0.4197940503432494,0.4197940503432494,0,662,4,2,2,2,2,0,0,0,0,0.00806636155606407,0.0,0.0,0.5134615384615384,0.0,4,False,96,0.10821428571428572,0.10282322654462243,0.0816153846153846,0.0028232265446224247,0.1,0.06161538461538461,0.0,0.02,0.0,0.0,0.0
0.431695,56,642.21085,hard,0.3696224256292906,0.3696224256292906,0,555,4,2,2,2,2,0,0,0,0,0.001321510297482837,0.0031730769230769217,0.0,0.3929945054945054,0.0,3,False,42,0.045267857142857144,0.05541342146126185,0.06215934065934063,0.000462528604118993,0.05495089285714286,0.04715934065934063,0.0,0.015,0.0,0.0,0.0
0.258705,62,660.785934,hard,0.2355148741418765,0.2355148741418765,0,618,4,2,2,2,2,0,0,0,0,0.0021624713958810307,0.0051923076923077495,0.0,0.2682417582417583,0.0,2,False,34,0.03339285714285714,0.04280150784570122,0.042189010989011004,0.0007568649885583607,0.04204464285714286,0.032189010989011,0.0,0.01,0.0,0.0,0.0
0.360026,66,680.65731,hard,0.33672768878718534,0.33672768878718534,0,651,4,2,2,2,2,0,0,0,0,0.0006006864988558357,0.0014423076923076933,0.0,0.31401098901098895,0.0,2,False,33,0.03200892857142857,0.040716936703170975,0.04768131868131868,0.00021024027459954248,0.04050669642857143,0.03768131868131868,0.0,0.01,0.0,0.0,0.0
2.806089,56,697.558198,hard,0.5445080091533179,2.5445080091533177,2,554,4,2,2,2,2,0,0,0,0,0.015377574370709305,0.034038461538461476,0.0,0.3883241758241742,1.0,3,True,86,0.08379464285714286,0.10538215102974827,0.2115989010989009,0.005382151029748257,0.1,0.046598901098900906,0.1,0.015,0.05,0.0,0.0
0.388147,61,715.856121,hard,0.3364302059496567,0.3364302059496567,0,606,4,2,2,2,2,0,0,0,0,0.006607551487413902,0.0051923076923074685,0.0,0.31329670329670306,0.0,2,False,46,0.05254464285714286,0.06472112516345202,0.04759560439560436,0.0023126430205948657,0.06240848214285716,0.03759560439560436,0.0,0.01,0.0,0.0,0.0
0.385285,60,733.792283,hard,0.288558352402746,0.288558352402746,0,595,4,2,2,2,2,0,0,0,0,0.0,0.0,0.0,0.2802197802197802,0.126,2,False,93,0.10379464285714286,0.1,0.05622637362637363,0.0,0.1,0.03362637362637363,0.0126,0.01,0.0,0.0,0.0
0.252201,59,751.429255,hard,0.22128146453089245,0.22128146453089245,0,583,4,2,2,2,2,0,0,0,0,0.0028832951945080044,0.006923076923076912,0.0,0.2840659340659338,0.0,2,False,33,0.036830357142857144,0.045131921175220656,0.044087912087912046,0.0010091533180778016,0.04412276785714286,0.034087912087912044,0.0,0.01,0.0,0.0,0.0
0.356778,57,768.346843,hard,0.31538901601830643,0.31538901601830643,0,565,4,2,2,2,2,0,0,0,0,0.004805491990846475,0.0,0.027999999999998793,0.20123626373626374,0.14933333333333212,1,False,48,0.0375,0.05380692219679628,0.04408168498168486,0.0016819221967962663,0.05212500000000001,0.024148351648351656,0.014933333333333212,0.005,0.0,0.0,0.0
0.33139,57,789.932214,hard,0.26367276887871854,0.26367276887871854,0,567,4,2,2,2,2,0,0,0,0,0.0,0.0,0.0,0.16181318681318682,0.0,1,False,141,0.14129464285714285,0.1,0.02441758241758242,0.0,0.1,0.01941758241758242,0.0,0.005,0.0,0.0,0.0
1.628743,57,807.09135,hard,0.43584668192219683,1.4358466819221969,1,570,4,2,2,2,2,0,0,0,0,0.004324942791762061,0.010384615384615499,0.0,0.3871703296703292,1.0,3,True,34,0.0265625,0.03843560497711672,0.21146043956043953,0.0015137299771167214,0.036921875,0.04646043956043951,0.1,0.015,0.05,0.0,0.0
0.447761,65,826.759837,hard,0.3752288329519451,0.3752288329519451,0,645,4,2,2,2,2,0,0,0,0,0.004685354691075534,0.011250000000000046,0.0,0.39876373626373635,0.018666666666666668,3,False,63,0.05223214285714286,0.0723139812847336,0.06471831501831501,0.001639874141876437,0.07067410714285716,0.04785164835164835,0.0018666666666666669,0.015,0.0,0.0,0.0
0.289056,59,844.784959,hard,0.2196224256292907,0.2196224256292907,0,587,4,2,2,2,2,0,0,0,0,0.007208237986270088,0.017307692307692465,0.0,0.2800824175824168,0.0,1,False,61,0.07533482142857142,0.0895239993666231,0.03860989010989002,0.0025228832951945308,0.08700111607142857,0.033609890109890024,0.0,0.005,0.0,0.0,0.0
0.288486,56,861.140569,hard,0.2216647597254005,0.2216647597254005,0,553,4,2,2,2,2,0,0,0,0,0.002042334096109843,0.0008653846153845782,0.0,0.13671703296703294,0.0,1,False,96,0.10821428571428572,0.10071481693363846,0.021406043956043952,0.0007148169336384449,0.1,0.01640604395604395,0.0,0.005,0.0,0.0,0.0
0.416874,79,884.703753,hard,0.3704233409610984,0.3704233409610984,0,787,4,2,2,2,2,0,0,0,0,0.009725400457665902,0.02335164835164835,0.0,0.3949175824175813,0.0,3,False,48,0.047142857142857146,0.06276103301732593,0.062390109890109756,0.0034038901601830657,0.05935714285714286,0.047390109890109756,0.0,0.015,0.0,0.0,0.0
0.595049,60,902.460603,hard,0.45593821510297416,0.45593821510297416,0,593,4,2,2,2,2,0,0,0,0,0.01657894736842034,0.0,0.09659999999999584,0.33255494505494504,0.4185999999999958,3,False,83,0.07245535714285714,0.10164414943608997,0.09676659340659298,0.0058026315789471185,0.09584151785714286,0.0399065934065934,0.041859999999999585,0.015,0.0,0.0,0.0
0.407274,55,918.685435,hard,0.3282608695652174,0.3282608695652174,0,547,4,2,2,2,2,0,0,0,0,0.0,0.0,0.0,0.2936813186813187,0.0,2,False,70,0.07129464285714286,0.08847098214285715,0.04524175824175825,0.0,0.08847098214285715,0.03524175824175825,0.0,0.01,0.0,0.0,0.0
0.428436,66,938.703898,hard,0.33872997711670483,0.33872997711670483,0,652,4,2,2,2,2,0,0,0,0,0.02426773455377546,0.0017307692307692323,0.0,0.3034340659340659,0.0,2,False,102,0.11290178571428572,0.10849370709382142,0.04641208791208791,0.00849370709382141,0.1,0.03641208791208791,0.0,0.01,0.0,0.0,0.0
2.861461,67,963.309226,hard,0.593020594965675,2.593020594965675,2,670,4,2,2,2,2,0,0,0,0,0.009610983981693424,0.02307692307692322,0.0,0.5173076923076911,1.0,4,True,96,0.10821428571428572,0.10336384439359271,0.23207692307692296,0.0033638443935926983,0.1,0.06207692307692296,0.1,0.02,0.05,0.0,0.0
0.374506,61,981.779377,hard,0.2654462242562929,0.2654462242562929,0,606,4,2,2,2,2,0,0,0,0,0.02241990846681935,0.05383241758241789,0.0,0.3901098901098886,0.0,3,False,88,0.09919642857142857,0.10784696796338678,0.061813186813186635,0.007846967963386771,0.1,0.046813186813186636,0.0,0.015,0.0,0.0,0.0
0.261332,58,999.181191,hard,0.2649942791762014,0.2649942791762014,0,574,4,2,2,2,2,0,0,0,0,0.007328375286041258,0.0,0.0,0.16758241758241757,0.0,1,False,24,0.01875,0.028627431350114443,0.025109890109890114,0.00256493135011444,0.026062500000000002,0.020109890109890113,0.0,0.005,0.0,0.0,0.0
0.285466,56,1015.930555,hard,0.2053661327231122,0.2053661327231122,0,560,4,2,2,2,2,0,0,0,0,0.0045652173913043985,0.010961538461538581,0.0,0.24585164835164788,0.0,1,False,77,0.08506696428571428,0.10159782608695654,0.034502197802197744,0.0015978260869565393,0.1,0.029502197802197747,0.0,0.005,0.0,0.0,0.0
0.505336,60,1034.112732,hard,0.39164759725400455,0.39164759725400455,0,594,4,2,2,2,2,0,0,0,0,0.013094965675057262,0.015000000000000065,0.0,0.4458791208791202,0.0,3,False,82,0.09727678571428572,0.10458323798627005,0.06850549450549442,0.004583237986270041,0.1,0.05350549450549442,0.0,0.015,0.0,0.0,0.0
0.655786,59,1051.572941,hard,0.49160183066361446,0.49160183066361446,0,583,4,2,2,2,2,0,0,0,0,0.026670480549197965,0.0,0.1553999999999935,0.40837912087912087,0.6733999999999932,3,False,72,0.06107142857142857,0.09113823962079072,0.13134549450549382,0.009334668192219288,0.08180357142857143,0.04900549450549451,0.06733999999999933,0.015,0.0,0.0,0.0
0.468726,62,1069.917901,hard,0.3981121281464531,0.3981121281464531,0,611,4,2,2,2,2,0,0,0,0,0.0010812356979405036,0.0,0.0,0.34505494505494505,0.2823333333333333,3,False,43,0.03359375,0.047073744994279174,0.08463992673992675,0.00037843249427917623,0.046695312499999996,0.04140659340659341,0.028233333333333333,0.015,0.0,0.0,0.0
0.43215,58,1087.476444,hard,0.3659610983981693,0.3659610983981693,0,579,4,2,2,2,2,0,0,0,0,0.024141876430205583,0.01758241758241759,0.0,0.36304945054944965,0.051333333333333335,2,False,51,0.04191964285714286,0.06538938889342912,0.058699267399267306,0.008449656750571953,0.056939732142857157,0.043565934065933974,0.0051333333333333335,0.01,0.0,0.0,0.0
1.61421,62,1110.998374,hard,0.5110983981693363,1.5110983981693362,1,615,4,2,2,2,2,0,0,0,0,0.010526315789473682,0.02527472527472527,0.0,0.4999999999999987,0.392,4,False,26,0.03830357142857143,0.045411889097744365,0.11919999999999988,0.0036842105263157885,0.041727678571428575,0.05999999999999986,0.039200000000000006,0.02,0.0,0.0,0.0
0.505948,72,1133.147987,hard,0.44610983981693364,0.44610983981693364,0,712,4,2,2,2,2,0,0,0,0,0.0,0.0,0.0,0.3978021978021978,0.294,3,False,32,0.030535714285714284,0.038901785714285715,0.09213626373626375,0.0,0.038901785714285715,0.047736263736263745,0.029400000000000003,0.015,0.0,0.0,0.0
0.340852,58,1150.779109,hard,0.2689759725400457,0.2689759725400457,0,580,4,2,2,2,2,0,0,0,0,0.0008409610983981332,0.0,0.0,0.38983516483516484,0.0,2,False,55,0.06040178571428571,0.07309567567015364,0.05678021978021978,0.0002943363844393466,0.07280133928571429,0.046780219780219776,0.0,0.01,0.0,0.0,0.0
0.559659,62,1169.401085,hard,0.42156750572082274,0.42156750572082274,0,618,4,2,2,2,2,0,0,0,0,0.022826086956520754,0.0,0.13299999999999426,0.2802197802197802,0.5763333333333276,2,False,72,0.07285714285714286,0.09863198757763941,0.10125970695970639,0.007989130434782263,0.09064285714285715,0.03362637362637363,0.057633333333332766,0.01,0.0,0.0,0.0
0.413827,56,1186.18618,hard,0.32716247139588106,0.32716247139588106,0,557,4,2,2,2,2,0,0,0,0,0.006967963386727765,0.016730769230769413,0.0,0.29104395604395533,0.0,1,False,72,0.09428571428571429,0.10243878718535472,0.03992527472527463,0.0024387871853547177,0.1,0.03492527472527463,0.0,0.005,0.0,0.0,0.0
0.382884,60,1203.900595,hard,0.2926773455377574,0.2926773455377574,0,593,4,2,2,2,2,0,0,0,0,0.0014416475972540037,0.0034615384615384595,0.0,0.4381868131868131,0.0,3,False,64,0.06589285714285714,0.08192421951618174,0.06758241758241758,0.0005045766590389013,0.08141964285714284,0.05258241758241758,0.0,0.015,0.0,0.0,0.0
0.43358,62,1222.169307,hard,0.3766762013729978,0.3766762013729978,0,618,4,2,2,2,2,0,0,0,0,0.00396453089244853,0.0,0.0,0.21978021978021978,0.49933333333333335,2,False,28,0.02267857142857143,0.03239651438378556,0.08630695970695972,0.0013875858123569857,0.031008928571428573,0.02637362637362637,0.04993333333333334,0.01,0.0,0.0,0.0
0.171662,62,1240.194621,hard,0.14679633867276887,0.14679633867276887,0,613,4,2,2,2,2,0,0,0,0,0.0,0.0,0.0,0.2707417582417582,0.0,2,False,38,0.03290178571428572,0.04367633928571429,0.04248901098901099,0.0,0.04367633928571429,0.03248901098901099,0.0,0.01,0.0,0.0,0.0
0.452365,57,1262.050104,hard,0.35943935926773457,0.35943935926773457,0,563,4,2,2,2,2,0,0,0,0,0.0,0.0,0.0,0.36854395604395607,0.0,1,False,82,0.09241071428571429,0.1,0.04922527472527472,0.0,0.1,0.044225274725274724,0.0,0.005,0.0,0.0,0.0
0.426146,58,1279.60936,hard,0.3607551487414188,0.3607551487414188,0,578,4,2,2,2,2,0,0,0,0,0.0,0.0,0.0,0.27362637362637365,0.238,2,False,43,0.04674107142857143,0.05655580357142858,0.06663516483516484,0.0,0.05655580357142858,0.03283516483516483,0.0238,0.01,0.0,0.0,0.0
0.259368,61,1298.099129,hard,0.21770022883295193,0.21770022883295193,0,601,4,2,2,2,2,0,0,0,0,0.002883295194508002,0.0,0.0,0.14642857142857144,0.0,1,False,72,0.05625,0.0791966533180778,0.022571428571428576,0.0010091533180778005,0.07818750000000001,0.017571428571428575,0.0,0.005,0.0,0.0,0.0
0.407312,61,1316.519979,hard,0.3488558352402746,0.3488558352402746,0,606,4,2,2,2,2,0,0,0,0,0.009010297482837583,0.021634615384615512,0.0,0.3431318681318671,0.0,3,False,55,0.04296875,0.06288016661899316,0.05617582417582404,0.003153604118993154,0.059726562500000004,0.04117582417582404,0.0,0.015,0.0,0.0,0.0
0.28835,57,1333.974431,hard,0.2810297482837527,0.2810297482837527,0,570,4,2,2,2,2,0,0,0,0,0.001681922196796266,0.004038461538461364,0.0,0.1802747252747251,0.0,1,False,30,0.029464285714285714,0.037686887054592985,0.02663296703296702,0.0005886727688786931,0.03709821428571429,0.021632967032967017,0.0,0.005,0.0,0.0,0.0
2.808105,61,1352.500164,hard,0.5581235697940503,2.5581235697940503,2,606,4,2,2,2,2,0,0,0,0,0.03712242562929007,0.014423076923077042,0.1721999999999968,0.43351648351648286,0.9999999999999961,3,True,71,0.06008928571428571,0.09355981325596581,0.2170219780219776,0.012992848970251525,0.08056696428571429,0.05202197802197795,0.09999999999999963,0.015,0.05,0.0,0.0
0.40663,57,1369.423374,hard,0.330062929061785,0.330062929061785,0,569,4,2,2,2,2,0,0,0,0,0.00780892448512593,0.0028846153846153843,0.0,0.3342032967032967,0.0,2,False,58,0.06883928571428571,0.08336258785550836,0.050104395604395606,0.0027331235697940753,0.08062946428571428,0.040104395604395604,0.0,0.01,0.0,0.0,0.0
0.418973,64,1388.566445,hard,0.33146453089244854,0.33146453089244854,0,633,4,2,2,2,2,0,0,0,0,0.022345537757436997,0.009230769230769226,0.0,0.3013736263736265,0.0,2,False,71,0.08176339285714286,0.10464348285796007,0.04616483516483518,0.007820938215102949,0.09682254464285713,0.03616483516483518,0.0,0.01,0.0,0.0,0.0
0.292498,57,1405.593524,hard,0.21413615560640734,0.21413615560640734,0,565,4,2,2,2,2,0,0,0,0,0.010211670480549266,0.008942307692307791,0.0,0.2669093406593403,0.0,1,False,72,0.07767857142857143,0.0978330132396208,0.03702912087912082,0.003574084668192243,0.09425892857142856,0.032029120879120826,0.0,0.005,0.0,0.0,0.0
0.518123,65,1430.20623,hard,0.46344393592677346,0.46344393592677346,0,642,4,2,2,2,2,0,0,0,0,0.0,0.0,0.0,0.37101648351648353,0.0,3,False,48,0.047142857142857146,0.05935714285714286,0.05952197802197803,0.0,0.05935714285714286,0.04452197802197803,0.0,0.015,0.0,0.0,0.0
0.367014,62,1448.825354,hard,0.3157894736842105,0.3157894736842105,0,612,4,2,2,2,2,0,0,0,0,0.0009610983981693369,0.0023076923076923088,0.0,0.26373626373626374,0.0,1,False,58,0.06191964285714286,0.0757761165822164,0.036648351648351646,0.0003363844393592679,0.07543973214285714,0.03164835164835165,0.0,0.005,0.0,0.0,0.0
0.286931,60,1467.094085,hard,0.2498913043478261,0.2498913043478261,0,591,4,2,2,2,2,0,0,0,0,0.0050400457665904065,0.012101648351648394,0.0,0.3527609890109885,0.0,2,False,34,0.03339285714285714,0.0438086588754495,0.05233131868131862,0.0017640160183066422,0.04204464285714286,0.04233131868131862,0.0,0.01,0.0,0.0,0.0
0.478138,60,1485.176471,hard,0.36965102974828373,0.36965102974828373,0,595,4,2,2,2,2,0,0,0,0,0.0198226544622426,0.014423076923077082,0.0,0.4254120879120873,0.0,2,False,88,0.09919642857142857,0.10693792906178491,0.061049450549450476,0.006937929061784909,0.1,0.051049450549450474,0.0,0.01,0.0,0.0,0.0
0.396056,60,1503.539135,hard,0.2897196796338668,0.2897196796338668,0,599,4,2,2,2,2,0,0,0,0,0.011172768878718053,0.0,0.06509999999999719,0.3263736263736264,0.2960999999999972,2,False,54,0.07540178571428571,0.0874618083932656,0.07877483516483487,0.003910469107551318,0.08355133928571429,0.03916483516483516,0.02960999999999972,0.01,0.0,0.0,0.0
0.384206,59,1521.046888,hard,0.30962242562929065,0.30962242562929065,0,584,4,2,2,2,2,0,0,0,0,0.007448512585812415,0.017884615384615523,0.0,0.24892857142857067,0.0,1,False,76,0.07667410714285715,0.0981125597621772,0.03487142857142847,0.002606979405034345,0.09550558035714285,0.029871428571428472,0.0,0.005,0.0,0.0,0.0
0.390778,59,1538.525253,hard,0.3503432494279176,0.3503432494279176,0,587,4,2,2,2,2,0,0,0,0,0.004805491990846676,0.011538461538461525,0.0,0.3467032967032962,0.0,2,False,40,0.03446428571428571,0.04753013648251062,0.05160439560439555,0.0016819221967963368,0.045848214285714284,0.04160439560439555,0.0,0.01,0.0,0.0,0.0
0.568725,65,1558.198302,hard,0.42093821510297463,0.42093821510297463,0,643,4,2,2,2,2,0,0,0,0,0.00768878718535443,0.004038461538461535,0.0,0.4999999999999999,0.4876666666666667,4,False,58,0.06883928571428571,0.08332053980058833,0.12876666666666664,0.00269107551487405,0.08062946428571428,0.05999999999999998,0.048766666666666666,0.02,0.0,0.0,0.0
0.394661,59,1580.343537,hard,0.29456521739130437,0.29456521739130437,0,585,4,2,2,2,2,0,0,0,0,0.012768878718535479,0.03065934065934068,0.0,0.3677197802197798,0.0,2,False,133,0.1371205357142857,0.10446910755148742,0.054126373626373576,0.0044691075514874164,0.1,0.044126373626373575,0.0,0.01,0.0,0.0,0.0
0.454905,67,1600.14982,hard,0.336441647597254,0.336441647597254,0,668,4,2,2,2,2,0,0,0,0,0.02763157894736825,0.012692307692307832,0.0,0.5,0.0,4,False,67,0.08279017857142858,0.10526368656015031,0.07999999999999999,0.009671052631578886,0.09559263392857142,0.05999999999999999,0.0,0.02,0.0,0.0,0.0
1.75472,66,1620.134799,hard,0.5489816933638433,1.5489816933638432,1,655,4,2,2,2,2,0,0,0,0,0.03628146453089145,0.02019230769230787,0.16239999999999363,0.49999999999999895,0.785399999999993,4,False,75,0.08455357142857142,0.11269851258581201,0.15853999999999918,0.012698512585812007,0.1,0.059999999999999866,0.07853999999999932,0.02,0.0,0.0,0.0
0.360311,63,1638.706684,hard,0.31990846681922197,0.31990846681922197,0,623,4,2,2,2,2,0,0,0,0,0.008524027459954233,0.020467032967032967,0.0,0.27362637362637293,0.0,2,False,46,0.04517857142857143,0.05986733818241255,0.042835164835164745,0.0029834096109839815,0.05688392857142857,0.03283516483516474,0.0,0.01,0.0,0.0,0.0
0.256593,61,1657.57531,hard,0.21321510297482837,0.21321510297482837,0,601,4,2,2,2,2,0,0,0,0,0.0,0.0,0.0,0.22142857142857142,0.0,1,False,51,0.061875,0.07190625,0.03157142857142857,0.0,0.07190625,0.026571428571428572,0.0,0.005,0.0,0.0,0.0
0.241407,55,1673.922708,hard,0.1574141876430204,0.1574141876430204,0,550,4,2,2,2,2,0,0,0,0,0.00432494279176186,0.0011538461538461667,0.0,0.2706593406593406,0.0,1,False,144,0.1457142857142857,0.10151372997711666,0.03747912087912088,0.001513729977116651,0.1,0.03247912087912088,0.0,0.005,0.0,0.0,0.0
0.468482,64,1693.176121,hard,0.3700228832951945,0.3700228832951945,0,637,4,2,2,2,2,0,0,0,0,0.0,0.0,0.0,0.3929945054945055,0.0,3,False,96,0.11785714285714285,0.1,0.06215934065934065,0.0,0.1,0.04715934065934065,0.0,0.015,0.0,0.0,0.0
0.393664,67,1713.12095,hard,0.3582951945080092,0.3582951945080092,0,667,4,2,2,2,2,0,0,0,0,0.012734553775743802,0.0,0.0,0.3657967032967033,0.0,2,False,35,0.03495535714285714,0.048173611678653194,0.0538956043956044,0.004457093821510331,0.04371651785714286,0.0438956043956044,0.0,0.01,0.0,0.0,0.0
1.704225,60,1730.733933,hard,0.4788100686498856,1.4788100686498855,1,598,4,2,2,2,2,0,0,0,0,0.0338787185354686,0.010384615384615499,0.1721999999999968,0.4903296703296699,0.9999999999999961,4,True,36,0.03535714285714286,0.05637540863027115,0.22883956043956,0.011857551487414011,0.04451785714285714,0.05883956043956037,0.09999999999999962,0.02,0.05,0.0,0.0
0.411575,61,1754.215441,hard,0.35045766590389016,0.35045766590389016,0,601,4,2,2,2,2,0,0,0,0,0.0,0.0,0.0,0.34697802197802197,0.0,3,False,48,0.05410714285714286,0.06458035714285715,0.05663736263736263,0.0,0.06458035714285715,0.04163736263736263,0.0,0.015,0.0,0.0,0.0
0.308159,63,1772.737748,hard,0.26933638443935926,0.26933638443935926,0,624,4,2,2,2,2,0,0,0,0,0.0061270022883295455,0.0,0.0,0.15219780219780218,0.0,1,False,55,0.06441964285714286,0.07795918294377248,0.023263736263736266,0.0021444508009153406,0.07581473214285714,0.018263736263736265,0.0,0.005,0.0,0.0,0.0
0.326347,60,1791.23593,hard,0.26773455377574373,0.26773455377574373,0,595,4,2,2,2,2,0,0,0,0,0.0030034324942791713,0.0,0.0,0.14835164835164835,0.0,1,False,72,0.07767857142857143,0.09531012994442627,0.022802197802197804,0.0010512013729977098,0.09425892857142856,0.017802197802197803,0.0,0.005,0.0,0.0,0.0
0.344948,62,1809.743119,hard,0.23875858123569751,0.23875858123569751,0,613,4,2,2,2,2,0,0,0,0,0.016218535469107176,0.0,0.0,0.3901098901098901,0.0,3,False,94,0.10665178571428571,0.10567648741418752,0.0618131868131868,0.005676487414187512,0.1,0.0468131868131868,0.0,0.015,0.0,0.0,0.0
0.288097,66,1829.093349,hard,0.2673913043478261,0.2673913043478261,0,654,4,2,2,2,2,0,0,0,0,0.00576659038901604,0.013846153846153899,0.0,0.3082417582417576,0.0,2,False,30,0.029464285714285714,0.0391165209218699,0.04698901098901092,0.002018306636155614,0.03709821428571429,0.03698901098901092,0.0,0.01,0.0,0.0,0.0
1.640006,58,1846.490588,hard,0.4335240274599542,1.433524027459954,1,576,4,2,2,2,2,0,0,0,0,0.010932494279176275,0.0,0.06370000000000044,0.38159340659340657,0.9999999999999968,3,True,40,0.039285714285714285,0.05329065871199741,0.2107912087912085,0.003826372997711696,0.04946428571428571,0.04579120879120878,0.0999999999999997,0.015,0.05,0.0,0.0
0.589647,76,1869.106098,hard,0.4729405034324943,0.4729405034324943,0,760,4,2,2,2,2,0,0,0,0,0.0,0.0,0.0,0.4276098901098901,0.518,3,False,62,0.058125,0.07459375,0.11811318681318679,0.0,0.07459375,0.0513131868131868,0.0518,0.015,0.0,0.0,0.0
0.420711,61,1886.937628,hard,0.32780320366132726,0.32780320366132726,0,610,4,2,2,2,2,0,0,0,0,0.0,0.0,0.0,0.30425824175824173,0.392,2,False,48,0.05892857142857143,0.06819642857142857,0.085710989010989,0.0,0.06819642857142857,0.03651098901098901,0.0392,0.01,0.0,0.0,0.0
0.526443,59,1908.979622,hard,0.35425629290617816,0.35425629290617816,0,583,4,2,2,2,2,0,0,0,0,0.025022883295194167,0.007005494505494507,0.128799999999998,0.18873626373626384,0.9407999999999944,1,False,88,0.08464285714285714,0.10875800915331796,0.12172835164835114,0.008758009153317956,0.1,0.02264835164835166,0.09407999999999947,0.005,0.0,0.0,0.0
0.473765,59,1926.597298,hard,0.3696224256292906,0.3696224256292906,0,589,4,2,2,2,2,0,0,0,0,0.0025228832951945043,0.0060576923076922995,0.0,0.39299450549450526,0.0,3,False,136,0.1394642857142857,0.10088300915331808,0.062159340659340624,0.0008830091533180765,0.1,0.047159340659340625,0.0,0.015,0.0,0.0,0.0
0.317006,56,1943.097306,hard,0.27334096109839817,0.27334096109839817,0,560,4,2,2,2,2,0,0,0,0,0.0,0.0,0.0,0.16181318681318682,0.0,1,False,54,0.06433035714285715,0.07524776785714286,0.02441758241758242,0.0,0.07524776785714286,0.01941758241758242,0.0,0.005,0.0,0.0,0.0
1.741323,64,1962.382511,hard,0.46996567505720827,1.4699656750572083,1,632,4,2,2,2,2,0,0,0,0,0.05768306636155508,0.0,0.19809999999999403,0.4114010989010989,0.9999999999999974,3,True,81,0.08888392857142857,0.12018907322654429,0.21436813186813158,0.020189073226544278,0.1,0.04936813186813186,0.09999999999999976,0.015,0.05,0.0,0.0
0.174948,55,1978.964849,hard,0.16195652173913044,0.16195652173913044,0,546,4,2,2,2,2,0,0,0,0,0.0012013729977116186,0.0028846153846152603,0.0,0.13489010989010977,0.0,1,False,39,0.0353125,0.04640485554919907,0.021186813186813175,0.0004204805491990665,0.045984375,0.016186813186813174,0.0,0.005,0.0,0.0,0.0
0.486291,63,1997.569052,hard,0.40331807780320367,0.40331807780320367,0,621,4,2,2,2,2,0,0,0,0,0.028369565217391358,0.011250000000000024,0.0,0.3662087912087907,0.0,3,False,63,0.05959821428571429,0.0861280085403727,0.05894505494505488,0.009929347826086975,0.07619866071428572,0.04394505494505488,0.0,0.015,0.0,0.0,0.0
0.318787,58,2014.692286,hard,0.2933638443935927,0.2933638443935927,0,577,4,2,2,2,2,0,0,0,0,0.0012013729977116494,0.0028846153846153345,0.0,0.20989010989010976,0.0,1,False,38,0.0446875,0.05293610554919908,0.03018681318681317,0.0004204805491990773,0.052515625,0.025186813186813168,0.0,0.005,0.0,0.0,0.0
0.561955,67,2035.171003,hard,0.4338100686498856,0.4338100686498856,0,664,4,2,2,2,2,0,0,0,0,0.008890160183066412,0.02134615384615397,0.0,0.5000000000000001,0.11433333333333333,4,False,89,0.09790178571428572,0.10311155606407325,0.09143333333333337,0.003111556064073244,0.1,0.06000000000000003,0.011433333333333334,0.02,0.0,0.0,0.0
0.383364,61,2058.197872,hard,0.3303203661327231,0.3303203661327231,0,602,4,2,2,2,2,0,0,0,0,0.03333524027459927,0.0,0.0,0.2986263736263736,0.0,2,False,48,0.04232142857142857,0.06740840552468118,0.04583516483516485,0.011667334096109747,0.05574107142857143,0.03583516483516485,0.0,0.01,0.0,0.0,0.0
0.29526,58,2075.678477,hard,0.23640160183066367,0.23640160183066367,0,572,4,2,2,2,2,0,0,0,0,0.006367276887871923,0.0,0.0,0.1445054945054945,0.0,1,False,68,0.07665178571428571,0.09371738619646945,0.02234065934065934,0.002228546910755173,0.09148883928571427,0.01734065934065934,0.0,0.005,0.0,0.0,0.0
0.468809,61,2094.259043,hard,0.35486270022883293,0.35486270022883293,0,603,4,2,2,2,2,0,0,0,0,0.0073283752860412435,0.017596153846153973,0.0,0.5086538461538452,0.0,4,False,72,0.07285714285714286,0.09320778849297158,0.08103846153846143,0.0025649313501144347,0.09064285714285715,0.06103846153846144,0.0,0.02,0.0,0.0,0.0
0.464647,72,2115.387101,hard,0.3684210526315789,0.3684210526315789,0,716,4,2,2,2,2,0,0,0,0,0.017179633867276868,0.0,0.0,0.3901098901098901,0.0,3,False,72,0.08946428571428572,0.10601287185354691,0.06181318681318681,0.006012871853546904,0.1,0.04681318681318681,0.0,0.015,0.0,0.0,0.0
2.920576,69,2136.280715,hard,0.6466819221967963,2.6466819221967963,2,683,4,2,2,2,2,0,0,0,0,0.034839816933638475,0.01759615384615394,0.0,0.4999999999999991,1.0,4,True,79,0.08316964285714286,0.11219393592677347,0.22999999999999993,0.012193935926773466,0.1,0.0599999999999999,0.1,0.02,0.05,0.0,0.0
0.373191,57,2153.489141,hard,0.3006922196796339,0.3006922196796339,0,569,4,2,2,2,2,0,0,0,0,0.001321510297482852,0.003173076923076958,0.0,0.2274862637362636,0.0,1,False,71,0.08151785714285714,0.09710092146126185,0.03229835164835163,0.00046252860411899824,0.09663839285714286,0.02729835164835163,0.0,0.005,0.0,0.0,0.0
0.536754,68,2173.883939,hard,0.43596109839816904,0.43596109839816904,0,673,4,2,2,2,2,0,0,0,0,0.006727688787185064,0.0,0.039199999999998306,0.28516483516483515,0.5711999999999983,2,False,47,0.05453125,0.06675312857551477,0.10133978021978006,0.0023546910755147723,0.0643984375,0.03421978021978022,0.057119999999999845,0.01,0.0,0.0,0.0
0.569984,60,2192.585418,hard,0.4913615560640732,0.4913615560640732,0,592,4,2,2,2,2,0,0,0,0,0.0016819221967963372,0.0,0.0,0.3901098901098901,0.217,3,False,38,0.04629464285714286,0.054309654911735866,0.08351318681318683,0.000588672768878718,0.05372098214285715,0.04681318681318682,0.021699999999999997,0.015,0.0,0.0,0.0
0.499268,60,2215.484647,hard,0.41418764302059496,0.41418764302059496,0,595,4,2,2,2,2,0,0,0,0,0.0,0.0,0.0,0.5,0.0,4,False,48,0.05410714285714286,0.06458035714285713,0.07999999999999999,0.0,0.06458035714285713,0.05999999999999999,0.0,0.02,0.0,0.0,0.0
0.285276,56,2232.279091,hard,0.22382723112128147,0.22382723112128147,0,556,4,2,2,2,2,0,0,0,0,0.000600686498855842,0.0014423076923077084,0.0,0.1632554945054945,0.0,1,False,73,0.07433035714285714,0.09245800813174239,0.024590659340659345,0.00021024027459954467,0.09224776785714285,0.019590659340659344,0.0,0.005,0.0,0.0,0.0
0.530543,72,2253.905011,hard,0.43995995423340917,0.43995995423340917,0,716,4,2,2,2,2,0,0,0,0,0.012614416475972126,0.0,0.0,0.5,0.27066666666666667,4,False,41,0.04026785714285714,0.055115938623733096,0.10706666666666668,0.004415045766590244,0.050700892857142854,0.06000000000000001,0.02706666666666667,0.02,0.0,0.0,0.0
0.315989,57,2270.944095,hard,0.31959382151029747,0.31959382151029747,0,567,4,2,2,2,2,0,0,0,0,0.000600686498855842,0.0014423076923077084,0.0,0.15171703296703296,0.0,1,False,24,0.023571428571428573,0.029888811703170974,0.02320604395604396,0.00021024027459954465,0.02967857142857143,0.018206043956043957,0.0,0.005,0.0,0.0,0.0
0.552041,58,2287.893161,hard,0.3802574370709377,0.3802574370709377,0,578,4,2,2,2,2,0,0,0,0,0.017660183066361065,0.013846153846153899,0.069299999999997,0.4333791208791202,0.5639666666666636,3,False,84,0.09883928571428571,0.10618106407322637,0.12340216117216081,0.006181064073226373,0.1,0.05200549450549444,0.05639666666666637,0.015,0.0,0.0,0.0
0.315725,55,2304.440278,hard,0.2278718535469108,0.2278718535469108,0,549,4,2,2,2,2,0,0,0,0,0.005045766590389071,0.012115384615384748,0.0,0.2998901098901094,0.0,1,False,92,0.09540178571428572,0.10176601830663617,0.04098681318681312,0.0017660183066361748,0.1,0.03598681318681312,0.0,0.005,0.0,0.0,0.0
2.958449,90,2331.377324,hard,0.6951945080091533,2.6951945080091533,2,897,4,2,2,2,2,0,0,0,0,0.060308924485124635,0.008365384615384604,0.23029999999999431,0.515384615384615,0.9999999999999961,4,True,96,0.10821428571428572,0.12110812356979363,0.23184615384615342,0.021108123569793625,0.1,0.06184615384615382,0.09999999999999962,0.02,0.05,0.0,0.0
0.358532,60,2349.513691,hard,0.27545766590389015,0.27545766590389015,0,598,4,2,2,2,2,0,0,0,0,0.0032608695652173916,0.007829670329670331,0.0,0.41414835164835134,0.0,3,False,48,0.07071428571428572,0.07817701863354037,0.06469780219780216,0.001141304347826087,0.07703571428571429,0.04969780219780216,0.0,0.015,0.0,0.0,0.0
2.763808,80,2378.29776,hard,0.5662471395881007,2.566247139588101,2,796,4,2,2,2,2,0,0,0,0,0.0019221967963386705,0.0,0.0,0.453021978021978,1.0,4,True,48,0.0375,0.052797768878718544,0.22436263736263734,0.0006727688787185346,0.05212500000000001,0.054362637362637356,0.1,0.02,0.05,0.0,0.0
0.465559,73,2400.207339,hard,0.3732265446224256,0.3732265446224256,0,725,4,2,2,2,2,0,0,0,0,0.008627002288329513,0.005192307692307686,0.0,0.39010989010988983,0.0,3,False,71,0.08799107142857143,0.10301945080091533,0.06181318681318678,0.003019450800915329,0.1,0.04681318681318678,0.0,0.015,0.0,0.0,0.0
0.528744,60,2418.22572,hard,0.3895080091533172,0.3895080091533172,0,594,4,2,2,2,2,0,0,0,0,0.022345537757436203,0.0,0.13019999999999496,0.3987637362637363,0.701866666666661,3,False,36,0.05303571428571428,0.0655977239293884,0.13303831501831448,0.007820938215102671,0.05777678571428572,0.047851648351648346,0.07018666666666612,0.015,0.0,0.0,0.0
0.438337,59,2436.043985,hard,0.35635011441647596,0.35635011441647596,0,586,4,2,2,2,2,0,0,0,0,0.011533180778031994,0.02769230769230759,0.0,0.3901098901098896,0.0,3,False,58,0.06098214285714286,0.07877322041516834,0.06181318681318675,0.0040366132723111976,0.07473660714285714,0.046813186813186754,0.0,0.015,0.0,0.0,0.0
0.631394,61,2454.333509,hard,0.4888844393592672,0.4888844393592672,0,603,4,2,2,2,2,0,0,0,0,0.020062929061784272,0.0,0.11689999999999635,0.11469780219780219,0.7702333333333282,1,False,95,0.07421875,0.1070220251716245,0.0957870695970691,0.007022025171624494,0.1,0.013763736263736268,0.07702333333333283,0.005,0.0,0.0,0.0
0.401856,59,2472.532574,hard,0.33392448512585815,0.33392448512585815,0,583,4,2,2,2,2,0,0,0,0,0.0,0.0,0.0,0.3901098901098901,0.259,3,False,24,0.03535714285714286,0.038517857142857145,0.08771318681318681,0.0,0.038517857142857145,0.04681318681318681,0.025899999999999996,0.015,0.0,0.0,0.0
0.498422,64,2492.060295,hard,0.3948512585812357,0.3948512585812357,0,635,4,2,2,2,2,0,0,0,0,0.025228832951944804,0.0,0.0,0.45357142857142857,0.0,3,False,67,0.07375,0.09764259153318067,0.06942857142857142,0.00883009153318068,0.08881249999999999,0.05442857142857143,0.0,0.015,0.0,0.0,0.0
0.45239,58,2509.698168,hard,0.38982265446224246,0.38982265446224246,0,580,4,2,2,2,2,0,0,0,0,0.0013215102974827805,0.003173076923076786,0.0,0.4414972527472526,0.0,3,False,48,0.0375,0.052587528604118985,0.06797967032967031,0.0004625286041189732,0.05212500000000001,0.052979670329670304,0.0,0.015,0.0,0.0,0.0
0.376418,57,2531.608697,hard,0.27379862700228835,0.27379862700228835,0,566,4,2,2,2,2,0,0,0,0,0.0,0.0,0.0,0.41016483516483515,0.0,2,False,81,0.08127232142857142,0.1,0.05921978021978022,0.0,0.1,0.04921978021978022,0.0,0.01,0.0,0.0,0.0
0.224313,58,2549.245093,hard,0.1977116704805492,0.1977116704805492,0,580,4,2,2,2,2,0,0,0,0,0.0,0.0,0.0,0.21978021978021978,0.0,2,False,39,0.03830357142857143,0.048227678571428574,0.03637362637362638,0.0,0.048227678571428574,0.026373626373626377,0.0,0.01,0.0,0.0,0.0
0.277285,57,2566.240533,hard,0.25732265446224256,0.25732265446224256,0,568,4,2,2,2,2,0,0,0,0,0.00348398169336384,0.0,0.0,0.12335164835164836,0.0,1,False,48,0.04232142857142857,0.05696046502124878,0.019802197802197805,0.0012193935926773439,0.05574107142857144,0.014802197802197804,0.0,0.005,0.0,0.0,0.0
0.272541,59,2584.152411,hard,0.20088100686498864,0.20088100686498864,0,585,4,2,2,2,2,0,0,0,0,0.007688787185354776,0.018461538461538664,0.0,0.23508241758241677,0.0,1,False,72,0.07767857142857143,0.09695000408630274,0.03320989010989001,0.0026910755148741713,0.09425892857142856,0.02820989010989001,0.0,0.005,0.0,0.0,0.0
0.340648,55,2600.635942,hard,0.24388443935926776,0.24388443935926776,0,543,4,2,2,2,2,0,0,0,0,0.001321510297482852,0.003173076923076958,0.0,0.338337912087912,0.0,2,False,120,0.12696428571428572,0.100462528604119,0.050600549450549426,0.0004625286041189982,0.1,0.040600549450549424,0.0,0.01,0.0,0.0,0.0
0.347186,59,2618.771652,hard,0.2678489702517162,0.2678489702517162,0,589,4,2,2,2,2,0,0,0,0,0.0010812356979405036,0.0,0.0,0.39203296703296703,0.0,3,False,55,0.06441964285714286,0.07619316463713631,0.062043956043956044,0.00037843249427917623,0.07581473214285714,0.047043956043956045,0.0,0.015,0.0,0.0,0.0
2.751806,63,2637.709245,hard,0.5606407322654462,2.5606407322654463,2,621,4,2,2,2,2,0,0,0,0,0.020062929061785053,0.01788461538461554,0.07350000000000054,0.43956043956043866,0.9999999999999962,4,True,19,0.018660714285714287,0.03051756088591048,0.22274725274725227,0.007022025171624768,0.023495535714285712,0.052747252747252636,0.09999999999999963,0.02,0.05,0.0,0.0
0.262055,60,2655.765991,hard,0.26773455377574373,0.26773455377574373,0,598,4,2,2,2,2,0,0,0,0,0.004685354691075525,0.011250000000000024,0.0,0.14835164835164846,0.0,1,False,24,0.023571428571428573,0.03131844557044786,0.022802197802197815,0.0016398741418764337,0.02967857142857143,0.017802197802197814,0.0,0.005,0.0,0.0,0.0
0.382086,63,2674.622672,hard,0.2758009153318079,0.2758009153318079,0,627,4,2,2,2,2,0,0,0,0,0.009610983981693461,0.0,0.0,0.42184065934065934,0.0,3,False,137,0.13886160714285714,0.10336384439359272,0.06562087912087913,0.0033638443935927118,0.1,0.05062087912087913,0.0,0.015,0.0,0.0,0.0
1.673738,58,2697.130493,hard,0.43707093821510296,1.437070938215103,1,579,4,2,2,2,2,0,0,0,0,0.025457665903890207,0.0,0.1483333333333336,0.3901098901098901,0.9999999999999961,3,True,68,0.053125,0.08275393306636158,0.2118131868131864,0.008910183066361571,0.07384375000000001,0.04681318681318681,0.0999999999999996,0.015,0.05,0.0,0.0
1.658269,63,2716.355033,hard,0.4763157894736842,1.4763157894736842,1,621,4,2,2,2,2,0,0,0,0,0.022345537757436158,0.0,0.13019999999999468,0.23708791208791208,0.9999999999999997,2,True,44,0.034375,0.055602188215102655,0.18845054945054945,0.007820938215102654,0.047781250000000004,0.02845054945054945,0.09999999999999999,0.01,0.05,0.0,0.0
0.350085,61,2735.121064,hard,0.2543592677345538,0.2543592677345538,0,605,4,2,2,2,2,0,0,0,0,0.007448512585812434,0.01788461538461557,0.0,0.3634890109890102,0.0,2,False,144,0.1457142857142857,0.10260697940503435,0.05361868131868124,0.002606979405034352,0.1,0.04361868131868124,0.0,0.01,0.0,0.0,0.0
0.428122,68,2755.513327,hard,0.40926773455377574,0.40926773455377574,0,671,4,2,2,2,2,0,0,0,0,0.010526315789473682,0.02527472527472527,0.0,0.48818681318681195,0.0,3,False,8,0.00625,0.01237171052631579,0.07358241758241743,0.003684210526315789,0.0086875,0.058582417582417425,0.0,0.015,0.0,0.0,0.0
0.381612,69,2776.306519,hard,0.32986270022883296,0.32986270022883296,0,685,4,2,2,2,2,0,0,0,0,0.018140732265445974,0.0,0.0,0.2975274725274725,0.0,2,False,48,0.05892857142857143,0.07454568486433466,0.04570329670329671,0.006349256292906089,0.06819642857142857,0.03570329670329671,0.0,0.01,0.0,0.0,0.0
0.458657,55,2792.985878,hard,0.36568649885583526,0.36568649885583526,0,545,4,2,2,2,2,0,0,0,0,0.006247139588100714,0.015000000000000065,0.0,0.3835439560439554,0.0,1,False,72,0.07767857142857143,0.09644542742726382,0.05102527472527465,0.0021864988558352493,0.09425892857142858,0.04602527472527465,0.0,0.005,0.0,0.0,0.0
0.422007,58,2810.136692,hard,0.3102974828375286,0.3102974828375286,0,580,4,2,2,2,2,0,0,0,0,0.0,0.0,0.0,0.39395604395604394,0.252,3,False,59,0.0703125,0.082234375,0.08747472527472527,0.0,0.082234375,0.047274725274725274,0.0252,0.015,0.0,0.0,0.0
0.276021,60,2828.872588,hard,0.1967391304347826,0.1967391304347826,0,596,4,2,2,2,2,0,0,0,0,0.0057208237986270056,0.013736263736263745,0.0,0.26565934065934077,0.0,1,False,96,0.09642857142857143,0.10200228832951946,0.03687912087912089,0.0020022883295194517,0.1,0.03187912087912089,0.0,0.005,0.0,0.0,0.0
2.802026,84,2859.123473,hard,0.5610411899313501,2.56104118993135,2,840,4,2,2,2,2,0,0,0,0,0.01874141876430198,0.0,0.10919999999999953,0.440521978021978,0.9999999999999961,4,True,88,0.06875,0.1021219965675057,0.222862637362637,0.006559496567505692,0.09556250000000001,0.05286263736263737,0.09999999999999962,0.02,0.05,0.0,0.0
0.38147,62,2877.94902,hard,0.2840331807780318,0.2840331807780318,0,612,4,2,2,2,2,0,0,0,0,0.01641304347826065,0.025563186813186874,0.0,0.3574313186813175,0.0,2,False,86,0.09832589285714285,0.10574456521739123,0.0528917582417581,0.005744565217391226,0.1,0.042891758241758095,0.0,0.01,0.0,0.0,0.0
2.832691,80,2902.51545,hard,0.6570938215102975,2.6570938215102977,2,795,4,2,2,2,2,0,0,0,0,0.019610983981693423,0.033241758241758235,0.033600000000000116,0.42390109890109734,0.9999999999999984,3,True,28,0.024486607142857143,0.03922879975073555,0.21586813186813153,0.0068638443935926975,0.03236495535714286,0.05086813186813168,0.09999999999999985,0.015,0.05,0.0,0.0
0.457571,62,2921.312986,hard,0.3562929061784897,0.3562929061784897,0,615,4,2,2,2,2,0,0,0,0,0.02138443935926754,0.0,0.0,0.2802197802197802,0.11666666666666667,2,False,96,0.10821428571428572,0.10748455377574365,0.05529304029304031,0.007484553775743639,0.1,0.033626373626373635,0.011666666666666669,0.01,0.0,0.0,0.0
0.379557,58,2938.714575,hard,0.30709382151029707,0.30709382151029707,0,577,4,2,2,2,2,0,0,0,0,0.00961098398169295,0.0,0.0,0.3901098901098901,0.0,3,False,46,0.055982142857142855,0.06835045153644968,0.06181318681318681,0.003363844393592532,0.06498660714285714,0.04681318681318681,0.0,0.015,0.0,0.0,0.0
0.295,57,2955.771653,hard,0.24184210526315778,0.24184210526315778,0,568,4,2,2,2,2,0,0,0,0,0.001681922196796266,0.004038461538461364,0.0,0.33343406593406577,0.0,2,False,48,0.047142857142857146,0.059945815626021554,0.05001208791208788,0.0005886727688786931,0.05935714285714286,0.04001208791208788,0.0,0.01,0.0,0.0,0.0
0.390148,61,2974.255155,hard,0.34405606407322614,0.34405606407322614,0,607,4,2,2,2,2,0,0,0,0,0.01898169336384404,0.002019230769230771,0.0,0.39010989010989006,0.0,3,False,31,0.030446428571428572,0.04497841410591684,0.06181318681318681,0.006643592677345413,0.038334821428571426,0.04681318681318681,0.0,0.015,0.0,0.0,0.0
2.707121,58,2991.928555,hard,0.5007437070938215,2.5007437070938217,2,578,4,2,2,2,2,0,0,0,0,0.010091533180778097,0.0028846153846154164,0.051800000000000304,0.29574175824175813,0.9999999999999974,2,True,60,0.046875,0.06868828661327234,0.19548901098901073,0.0035320366132723336,0.06515625,0.035489010989010965,0.09999999999999976,0.01,0.05,0.0,0.0
0.562297,57,3013.852069,hard,0.4333752860411899,0.4333752860411899,0,564,4,2,2,2,2,0,0,0,0,0.013695652173913038,0.032884615384615366,0.0,0.5460714285714271,0.0,3,False,89,0.10419642857142856,0.10479347826086957,0.08052857142857126,0.004793478260869562,0.1,0.06552857142857126,0.0,0.015,0.0,0.0,0.0
0.228396,57,3031.042793,hard,0.20600686498855836,0.20600686498855836,0,565,4,2,2,2,2,0,0,0,0,0.0,0.0,0.0,0.15123626373626373,0.0,1,False,48,0.04232142857142857,0.05574107142857144,0.023148351648351648,0.0,0.05574107142857144,0.018148351648351647,0.0,0.005,0.0,0.0,0.0
2.786744,67,3051.070435,hard,0.540045766590389,2.540045766590389,2,661,4,2,2,2,2,0,0,0,0,0.033037757437070214,0.0,0.19249999999999579,0.3901098901098901,0.9999999999999961,3,True,79,0.0665625,0.10098509010297457,0.2118131868131864,0.011563215102974575,0.089421875,0.046813186813186816,0.0999999999999996,0.015,0.05,0.0,0.0
0.349466,90,3078.090772,hard,0.32629862700228834,0.32629862700228834,0,900,4,2,2,2,2,0,0,0,0,0.0008409610983981787,0.0020192307692307914,0.0,0.28896978021978015,0.0,2,False,48,0.05892857142857143,0.06849076495586794,0.044676373626373625,0.00029433638443936253,0.06819642857142857,0.03467637362637362,0.0,0.01,0.0,0.0,0.0
1.737035,60,3096.802185,hard,0.4723684210526316,1.4723684210526315,1,596,4,2,2,2,2,0,0,0,0,0.006521739130434786,0.015659340659340666,0.0,0.4748626373626366,1.0,3,True,72,0.08946428571428572,0.10228260869565219,0.22198351648351639,0.002282608695652175,0.1,0.0569835164835164,0.09999999999999999,0.015,0.05,0.0,0.0
2.744037,60,3114.742531,hard,0.5148741418764302,2.5148741418764304,2,594,4,2,2,2,2,0,0,0,0,0.0051659038901601985,0.01240384615384619,0.0,0.3296703296703291,1.0,3,True,62,0.06825892857142857,0.0840022627901275,0.2045604395604395,0.0018080663615560693,0.08219419642857143,0.039560439560439496,0.1,0.015,0.05,0.0,0.0
0.404991,55,3131.631675,hard,0.3203146453089245,0.3203146453089245,0,550,4,2,2,2,2,0,0,0,0,0.004925629290617864,0.011826923076923113,0.0,0.27460164835164785,0.0,1,False,82,0.09174107142857142,0.10172397025171626,0.03795219780219774,0.0017239702517162522,0.1,0.03295219780219774,0.0,0.005,0.0,0.0,0.0
0.277487,58,3148.727566,hard,0.20262585812356979,0.20262585812356979,0,579,4,2,2,2,2,0,0,0,0,0.0011384439359267268,0.0001373626373626375,0.0,0.22802197802197802,0.0,1,False,96,0.10821428571428572,0.10039845537757436,0.03236263736263736,0.0003984553775743544,0.1,0.02736263736263736,0.0,0.005,0.0,0.0,0.0
0.418971,75,3176.362533,hard,0.3752288329519451,0.3752288329519451,0,746,4,2,2,2,2,0,0,0,0,0.0,0.0,0.0,0.40645604395604396,0.0,3,False,34,0.05008928571428571,0.05456696428571429,0.06377472527472527,0.0,0.05456696428571429,0.04877472527472527,0.0,0.015,0.0,0.0,0.0
0.449858,60,3195.105296,hard,0.31790617848970254,0.31790617848970254,0,599,4,2,2,2,2,0,0,0,0,0.010286041189931306,0.022390109890109887,0.0,0.42376373626373515,0.224,3,False,96,0.10821428571428572,0.10360011441647596,0.08825164835164821,0.003600114416475957,0.1,0.0508516483516482,0.022400000000000003,0.015,0.0,0.0,0.0
0.29234,59,3212.848593,hard,0.2676372997711671,0.2676372997711671,0,586,4,2,2,2,2,0,0,0,0,0.009971395881006942,0.0,0.0,0.15892857142857142,0.0,1,False,48,0.04232142857142857,0.059231059986923865,0.024071428571428573,0.0034899885583524293,0.05574107142857144,0.019071428571428573,0.0,0.005,0.0,0.0,0.0
2.79046,64,3232.407358,hard,0.5460526315789473,2.5460526315789473,2,639,4,2,2,2,2,0,0,0,0,0.011773455377574453,0.028269230769230966,0.0,0.40453296703296626,1.0,3,True,72,0.07285714285714286,0.09476356652500821,0.21354395604395593,0.004120709382151058,0.09064285714285715,0.048543956043955956,0.1,0.015,0.05,0.0,0.0
0.373618,60,3250.438202,hard,0.31482265446224267,0.31482265446224267,0,598,4,2,2,2,2,0,0,0,0,0.012991990846682,0.031195054945055135,0.0,0.508667582417581,0.0,3,False,35,0.02734375,0.0425550092963387,0.07604010989010972,0.0045471967963387,0.0380078125,0.06104010989010972,0.0,0.015,0.0,0.0,0.0
0.191335,60,3268.286183,hard,0.2300400457665904,0.2300400457665904,0,597,4,2,2,2,2,0,0,0,0,0.001321510297482852,0.003173076923076958,0.0,0.13490384615384618,0.0,0,False,4,0.003125,0.0048062786041189985,0.01618846153846154,0.0004625286041189982,0.00434375,0.01618846153846154,0.0,0.0,0.0,0.0,0.0
1.694786,61,3286.716822,hard,0.47820366132723113,1.4782036613272311,1,609,4,2,2,2,2,0,0,0,0,0.024027459954233107,0.0,0.13999999999999824,0.24162087912087912,0.9999999999999959,1,True,75,0.0634375,0.09348773598398158,0.18399450549450508,0.008409610983981589,0.08507812499999999,0.028994505494505492,0.09999999999999958,0.005,0.05,0.0,0.0
0.339291,61,3305.019151,hard,0.2926773455377574,0.2926773455377574,0,607,4,2,2,2,2,0,0,0,0,0.016939359267734683,0.04067307692307723,0.0,0.3901098901098881,0.0,3,False,32,0.03142857142857143,0.04550020431513571,0.061813186813186566,0.005928775743707138,0.03957142857142857,0.046813186813186566,0.0,0.015,0.0,0.0,0.0
0.232573,56,3321.719388,hard,0.1840675057208238,0.1840675057208238,0,557,4,2,2,2,2,0,0,0,0,0.0006006864988558355,0.0014423076923076928,0.0,0.1947115384615384,0.0,0,False,58,0.06883928571428571,0.08083970456031382,0.023365384615384614,0.0002102402745995424,0.08062946428571428,0.023365384615384614,0.0,0.0,0.0,0.0,0.0
2.698848,59,3343.8841,hard,0.5051487414187643,2.5051487414187643,2,588,4,2,2,2,2,0,0,0,0,0.0,0.0,0.0,0.30631868131868134,1.0,2,True,48,0.04232142857142857,0.05574107142857144,0.1967582417582418,0.0,0.05574107142857144,0.03675824175824177,0.1,0.01,0.05,0.0,0.0
2.782777,59,3361.559865,hard,0.5259725400457665,2.5259725400457667,2,584,4,2,2,2,2,0,0,0,0,0.03556064073226464,0.0,0.2071999999999953,0.35631868131868133,0.9999999999999961,2,True,92,0.09401785714285714,0.11244622425629262,0.20275824175824136,0.012446224256292623,0.1,0.04275824175824175,0.09999999999999962,0.01,0.05,0.0,0.0
0.342068,57,3378.903941,hard,0.2565789473684211,0.2565789473684211,0,570,4,2,2,2,2,0,0,0,0,0.0,0.0,0.0,0.2707417582417582,0.0,2,False,71,0.08868303571428572,0.1,0.04248901098901099,0.0,0.1,0.03248901098901099,0.0,0.01,0.0,0.0,0.0
0.282225,56,3396.141756,hard,0.20652173913043478,0.20652173913043478,0,560,4,2,2,2,2,0,0,0,0,0.007568649885583565,0.01817307692307702,0.0,0.24862637362637274,0.0,2,False,65,0.075625,0.09186777745995427,0.03983516483516473,0.002649027459954248,0.08921875000000001,0.02983516483516473,0.0,0.01,0.0,0.0,0.0
1.641281,90,3423.643803,hard,0.5379862700228834,1.5379862700228832,1,900,4,2,2,2,2,0,0,0,0,0.0033180778032036616,0.007967032967032968,0.0,0.49999999999999967,0.12133333333333333,4,False,91,0.10292410714285714,0.10116132723112128,0.09213333333333329,0.0011613272311212814,0.1,0.059999999999999956,0.012133333333333335,0.02,0.0,0.0,0.0
2.752457,57,3440.887099,hard,0.5083524027459956,2.5083524027459956,2,561,4,2,2,2,2,0,0,0,0,0.007208237986270088,0.017307692307692465,0.0,0.3140109890109883,1.0,2,True,75,0.08696428571428572,0.10252288329519453,0.1976813186813186,0.0025228832951945308,0.1,0.03768131868131859,0.09999999999999999,0.01,0.05,0.0,0.0
0.46979,62,3459.528556,hard,0.38729977116704783,0.38729977116704783,0,620,4,2,2,2,2,0,0,0,0,0.022105263157894503,0.0,0.027999999999998793,0.35274725274725277,0.20066666666666547,3,False,48,0.047142857142857146,0.06709398496240593,0.07739633699633686,0.007736842105263075,0.05935714285714286,0.04232967032967031,0.02006666666666655,0.015,0.0,0.0,0.0
0.441567,57,3477.159153,hard,0.35226544622425643,0.35226544622425643,0,567,4,2,2,2,2,0,0,0,0,0.006727688787185429,0.01615384615384633,0.0,0.3513186813186806,0.0,2,False,68,0.07665178571428571,0.09384353036122918,0.052158241758241686,0.0023546910755149,0.09148883928571427,0.042158241758241684,0.0,0.01,0.0,0.0,0.0
0.328934,61,3500.552797,hard,0.26864988558352404,0.26864988558352404,0,608,4,2,2,2,2,0,0,0,0,0.007448512585812397,0.01788461538461548,0.0,0.39780219780219694,0.0,3,False,48,0.04232142857142857,0.05834805083360577,0.06273626373626363,0.002606979405034339,0.05574107142857143,0.047736263736263634,0.0,0.015,0.0,0.0,0.0
0.579318,83,3526.031262,hard,0.4862700228832952,0.4862700228832952,0,830,4,2,2,2,2,0,0,0,0,0.02219679633867281,0.02527472527472527,0.0,0.4999999999999987,0.0,4,False,66,0.07370535714285714,0.09604789657567833,0.07999999999999985,0.007768878718535484,0.08827901785714284,0.05999999999999985,0.0,0.02,0.0,0.0,0.0
0.211218,62,3545.211638,hard,0.15354691075514873,0.15354691075514873,0,619,4,2,2,2,2,0,0,0,0,0.0,0.0,0.0,0.12142857142857143,0.0,1,False,120,0.12696428571428572,0.1,0.01957142857142857,0.0,0.1,0.01457142857142857,0.0,0.005,0.0,0.0,0.0
1.677478,58,3562.608179,hard,0.45533752860411897,1.455337528604119,1,572,4,2,2,2,2,0,0,0,0,0.005526315789473684,0.0008653846153845782,0.0,0.18671703296703293,1.0,1,True,96,0.075,0.1019342105263158,0.17740604395604398,0.0019342105263157891,0.1,0.022406043956043953,0.1,0.005,0.05,0.0,0.0
0.287949,63,3581.421793,hard,0.2753432494279176,0.2753432494279176,0,627,4,2,2,2,2,0,0,0,0,0.0,0.0,0.0,0.1666208791208791,0.0,1,False,43,0.03841517857142857,0.050311383928571436,0.024994505494505496,0.0,0.050311383928571436,0.019994505494505495,0.0,0.005,0.0,0.0,0.0
0.285401,58,3599.057134,hard,0.26413043478260867,0.26413043478260867,0,580,4,2,2,2,2,0,0,0,0,0.005045766590389071,0.012115384615384748,0.0,0.1396978021978022,0.0,1,False,48,0.04232142857142857,0.057507089735207614,0.021763736263736264,0.001766018306636175,0.05574107142857144,0.016763736263736263,0.0,0.005,0.0,0.0,0.0
0.281858,57,3615.963134,hard,0.21161327231121282,0.21161327231121282,0,567,4,2,2,2,2,0,0,0,0,0.0,0.0,0.0,0.26085164835164837,0.0,1,False,72,0.07285714285714286,0.09064285714285714,0.036302197802197796,0.0,0.09064285714285714,0.0313021978021978,0.0,0.005,0.0,0.0,0.0
0.403322,58,3633.167081,hard,0.3259382151029748,0.3259382151029748,0,580,4,2,2,2,2,0,0,0,0,0.0004805491990846736,0.0011538461538461667,0.0,0.28810439560439555,0.0,2,False,72,0.07285714285714286,0.09081104936253677,0.04457252747252747,0.00016819221967963573,0.09064285714285714,0.03457252747252747,0.0,0.01,0.0,0.0,0.0
0.386338,64,3657.271967,hard,0.31098398169336394,0.31098398169336394,0,634,4,2,2,2,2,0,0,0,0,0.009971395881006925,0.02019230769230784,0.0,0.2521978021978013,0.0,1,False,87,0.08180803571428572,0.10348998855835242,0.03526373626373616,0.003489988558352423,0.1,0.03026373626373616,0.0,0.005,0.0,0.0,0.0
0.236821,57,3673.880967,hard,0.2379633867276888,0.2379633867276888,0,563,4,2,2,2,2,0,0,0,0,0.004324942791762061,0.0,0.0,0.12912087912087913,0.0,1,False,29,0.02486607142857143,0.03466328354854529,0.020494505494505495,0.0015137299771167214,0.03314955357142857,0.015494505494505496,0.0,0.005,0.0,0.0,0.0
0.420472,63,3692.545205,hard,0.30260869565217385,0.30260869565217385,0,628,4,2,2,2,2,0,0,0,0,0.00985125858123559,0.01615384615384623,0.018199999999999213,0.44107142857142784,0.09286666666666588,3,False,94,0.09004464285714285,0.10344794050343246,0.07721523809523792,0.003447940503432457,0.1,0.05292857142857134,0.009286666666666589,0.015,0.0,0.0,0.0
0.312959,60,3710.546679,hard,0.29096109839816936,0.29096109839816936,0,593,4,2,2,2,2,0,0,0,0,0.005286041189931122,0.0,0.0,0.20412087912087912,0.0,1,False,46,0.0359375,0.0518032394164759,0.0294945054945055,0.0018501144164758928,0.04995312500000001,0.0244945054945055,0.0,0.005,0.0,0.0,0.0
0.416161,60,3728.683867,hard,0.3094965675057208,0.3094965675057208,0,599,4,2,2,2,2,0,0,0,0,0.0,0.0,0.0,0.39587912087912086,0.098,3,False,72,0.07767857142857143,0.09425892857142856,0.07230549450549449,0.0,0.09425892857142856,0.04750549450549449,0.009800000000000001,0.015,0.0,0.0,0.0
1.690746,59,3746.548109,hard,0.43707093821510296,1.437070938215103,1,582,4,2,2,2,2,0,0,0,0,0.02691075514874099,0.0,0.1567999999999975,0.3901098901098901,0.9999999999999959,3,True,72,0.07285714285714286,0.10006162144491648,0.2118131868131864,0.009418764302059346,0.09064285714285714,0.046813186813186816,0.09999999999999959,0.015,0.05,0.0,0.0
0.402153,61,3764.553405,hard,0.3600686498855835,0.3600686498855835,0,601,4,2,2,2,2,0,0,0,0,0.010526315789473682,0.02527472527472527,0.0,0.3700549450549438,0.0,3,False,36,0.028125,0.04277796052631579,0.05940659340659326,0.003684210526315788,0.039093750000000003,0.04440659340659326,0.0,0.015,0.0,0.0,0.0
2.865128,62,3782.631283,hard,0.585812356979405,2.585812356979405,2,613,4,2,2,2,2,0,0,0,0,0.03640160183066273,0.0,0.21209999999999488,0.5,0.9999999999999962,4,True,72,0.0825,0.11061556064073196,0.22999999999999965,0.012740560640731955,0.097875,0.06,0.09999999999999963,0.02,0.05,0.0,0.0
0.375832,63,3806.841425,hard,0.2838100686498853,0.2838100686498853,0,624,4,2,2,2,2,0,0,0,0,0.00804919908466788,0.002019230769230771,0.041999999999998185,0.249587912087912,0.2449999999999982,2,False,75,0.06620535714285715,0.08997123753677662,0.06445054945054925,0.0028172196796337583,0.08715401785714286,0.02995054945054943,0.024499999999999824,0.01,0.0,0.0,0.0
0.484948,64,3826.11241,hard,0.37763157894736843,0.37763157894736843,0,635,4,2,2,2,2,0,0,0,0,0.01814073226544587,0.0,0.0,0.4122252747252747,0.0,3,False,77,0.08700892857142857,0.10634925629290606,0.06446703296703296,0.006349256292906054,0.1,0.04946703296703296,0.0,0.015,0.0,0.0,0.0
0.450763,66,3846.139498,hard,0.3451830663615558,0.3451830663615558,0,659,4,2,2,2,2,0,0,0,0,0.012974828375285838,0.016153846153846314,0.03639999999999843,0.3588736263736257,0.15773333333333175,2,False,76,0.08013392857142858,0.10264163635992145,0.06883816849816825,0.004541189931350044,0.09810044642857141,0.04306483516483508,0.015773333333333174,0.01,0.0,0.0,0.0
0.150813,59,3864.049556,hard,0.14588100686498856,0.14588100686498856,0,586,4,2,2,2,2,0,0,0,0,0.0,0.0,0.0,0.18008241758241758,0.0,1,False,34,0.0265625,0.036921875,0.026609890109890108,0.0,0.036921875,0.021609890109890107,0.0,0.005,0.0,0.0,0.0
0.474996,62,3882.495371,hard,0.37985697940503443,0.37985697940503443,0,619,4,2,2,2,2,0,0,0,0,0.01790045766590361,0.011250000000000124,0.0,0.41756868131868086,0.0,2,False,62,0.07955357142857143,0.09693033875449485,0.060108241758241705,0.006265160183066264,0.09066517857142858,0.0501082417582417,0.0,0.01,0.0,0.0,0.0
0.319693,57,3899.205857,hard,0.2565217391304348,0.2565217391304348,0,564,4,2,2,2,2,0,0,0,0,0.0,0.0,0.0,0.12142857142857143,0.0,1,False,78,0.08169642857142857,0.1,0.019571428571428573,0.0,0.1,0.014571428571428572,0.0,0.005,0.0,0.0,0.0
0.36886,61,3917.966068,hard,0.28899313501144147,0.28899313501144147,0,605,4,2,2,2,2,0,0,0,0,0.01485125858123551,0.02527472527472527,0.025199999999998914,0.39010989010988883,0.11386666666666558,3,False,48,0.050625,0.06716669050343244,0.07319985347985322,0.005197940503432428,0.06196875,0.046813186813186664,0.011386666666666559,0.015,0.0,0.0,0.0
0.389112,56,3935.064866,hard,0.33344393592677335,0.33344393592677335,0,559,4,2,2,2,2,0,0,0,0,0.0007208237986269713,0.0017307692307691562,0.0,0.30612637362637357,0.0,2,False,48,0.05410714285714286,0.06483264547237659,0.04673516483516483,0.0002522883295194399,0.06458035714285715,0.03673516483516483,0.0,0.01,0.0,0.0,0.0
0.438585,56,3951.873366,hard,0.34622425629290626,0.34622425629290626,0,560,4,2,2,2,2,0,0,0,0,0.008409610983981753,0.020192307692307836,0.0,0.33681318681318595,0.0,1,False,93,0.10861607142857142,0.10294336384439362,0.0454175824175823,0.0029433638443936132,0.1,0.0404175824175823,0.0,0.005,0.0,0.0,0.0
1.733889,59,3974.778077,hard,0.494279176201373,1.494279176201373,1,586,4,2,2,2,2,0,0,0,0,0.013094965675057305,0.0,0.07630000000000058,0.2802197802197802,0.9999999999999961,2,True,96,0.075,0.10458323798627006,0.19362637362637325,0.0045832379862700565,0.1,0.03362637362637363,0.09999999999999962,0.01,0.05,0.0,0.0
0.364126,58,3992.311407,hard,0.3069393592677345,0.3069393592677345,0,576,4,2,2,2,2,0,0,0,0,0.0003604118993134857,0.0008653846153845782,0.0,0.2424862637362637,0.0,1,False,58,0.06875,0.08068864416475972,0.03409835164835164,0.00012614416475972,0.08056250000000001,0.029098351648351645,0.0,0.005,0.0,0.0,0.0
0.282955,57,4009.465191,hard,0.22246567505720827,0.22246567505720827,0,567,4,2,2,2,2,0,0,0,0,0.0013558352402745974,0.0032554945054945007,0.0,0.25325549450549434,0.0,1,False,62,0.06709821428571429,0.08179820304838181,0.035390659340659325,0.00047454233409610907,0.0813236607142857,0.030390659340659328,0.0,0.005,0.0,0.0,0.0
0.397989,58,4026.46875,hard,0.34113272311212817,0.34113272311212817,0,576,4,2,2,2,2,0,0,0,0,0.002643020594965671,0.0,0.0,0.3245879120879121,0.0,2,False,48,0.05410714285714286,0.06550541435109512,0.04895054945054944,0.000925057208237985,0.06458035714285713,0.03895054945054944,0.0,0.01,0.0,0.0,0.0
0.636285,61,4044.535949,hard,0.47601830663615513,0.47601830663615513,0,607,4,2,2,2,2,0,0,0,0,0.021864988558351957,0.024230769230769385,0.06859999999999704,0.5221153846153834,0.30659999999999704,4,False,96,0.10821428571428572,0.10765274599542318,0.11331384615384572,0.007652745995423184,0.1,0.06265384615384602,0.030659999999999705,0.02,0.0,0.0,0.0
0.464225,59,4062.06538,hard,0.4204347826086957,0.4204347826086957,0,583,4,2,2,2,2,0,0,0,0,0.0014416475972540204,0.0034615384615384994,0.0,0.5149999999999999,0.0,4,False,16,0.015714285714285715,0.02029029094475319,0.08179999999999997,0.0005045766590389071,0.019785714285714285,0.06179999999999997,0.0,0.02,0.0,0.0,0.0
0.361036,62,4080.426402,hard,0.26859267734553777,0.26859267734553777,0,617,4,2,2,2,2,0,0,0,0,0.0,0.0,0.0,0.3678571428571429,0.0,2,False,95,0.09564732142857142,0.1,0.05414285714285714,0.0,0.1,0.044142857142857136,0.0,0.01,0.0,0.0,0.0
0.403951,57,4097.618286,hard,0.29536613272311213,0.29536613272311213,0,569,4,2,2,2,2,0,0,0,0,0.0,0.0,0.0,0.335989010989011,0.15166666666666667,2,False,83,0.10026785714285714,0.1,0.06548534798534798,0.0,0.1,0.04031868131868132,0.015166666666666669,0.01,0.0,0.0,0.0
1.672966,67,4122.533434,hard,0.4576659038901602,1.4576659038901603,1,667,4,2,2,2,2,0,0,0,0,0.019342105263157758,0.0,0.11269999999999919,0.43956043956043955,0.9999999999999962,4,True,45,0.039977678571428574,0.05925299577067664,0.22274725274725238,0.006769736842105213,0.05248325892857143,0.05274725274725275,0.09999999999999964,0.02,0.05,0.0,0.0
0.38361,64,4141.72033,hard,0.324370709382151,0.324370709382151,0,634,4,2,2,2,2,0,0,0,0,0.0008409610983981701,0.002019230769230771,0.0,0.4315934065934065,0.21466666666666667,3,False,29,0.02611607142857143,0.03438138995586794,0.08825787545787546,0.00029433638443935955,0.03408705357142858,0.051791208791208784,0.02146666666666667,0.015,0.0,0.0,0.0
0.406103,58,4159.734053,hard,0.3397768878718535,0.3397768878718535,0,575,4,2,2,2,2,0,0,0,0,0.0027631578947367617,0.006634615384615192,0.0,0.3213324175824174,0.0,1,False,54,0.06973214285714285,0.08026621240601502,0.04355989010989008,0.0009671052631578666,0.07929910714285715,0.03855989010989008,0.0,0.005,0.0,0.0,0.0
0.345516,58,4176.817583,hard,0.27414187643020593,0.27414187643020593,0,579,4,2,2,2,2,0,0,0,0,0.01321510297482842,0.0,0.0,0.16373626373626374,0.0,1,False,100,0.11133928571428571,0.10462528604118995,0.02464835164835165,0.0046252860411899474,0.1,0.019648351648351648,0.0,0.005,0.0,0.0,0.0
1.772091,60,4194.717158,hard,0.6032379862700222,1.6032379862700221,1,600,4,2,2,2,2,0,0,0,0,0.024748283752859725,0.0,0.144199999999996,0.6098901098901099,0.8348666666666604,5,False,24,0.03535714285714286,0.04717975645635805,0.1816734798534792,0.008661899313500905,0.038517857142857145,0.07318681318681317,0.08348666666666604,0.025,0.0,0.0,0.0
0.382416,81,4219.396066,hard,0.3282151029748284,0.3282151029748284,0,807,4,2,2,2,2,0,0,0,0,0.006727688787185372,0.015576923076923144,0.0,0.45947802197802123,0.0,3,False,46,0.05254464285714286,0.06476317321837202,0.07013736263736253,0.00235469107551488,0.062408482142857144,0.05513736263736253,0.0,0.015,0.0,0.0,0.0
1.672706,59,4237.122758,hard,0.4789187643020595,1.4789187643020596,1,582,4,2,2,2,2,0,0,0,0,0.03046338672768884,0.0014423076923077084,0.17400000000000027,0.24333791208791203,0.9999999999999961,2,True,48,0.0375,0.0627871853546911,0.1892005494505491,0.010662185354691095,0.05212500000000001,0.02920054945054945,0.09999999999999962,0.01,0.05,0.0,0.0
0.306395,55,4253.383052,hard,0.24008581235697946,0.24008581235697946,0,549,4,2,2,2,2,0,0,0,0,0.0020423340961098625,0.0,0.0,0.12912087912087913,0.0,1,False,96,0.10821428571428572,0.10071481693363846,0.020494505494505495,0.0007148169336384518,0.1,0.015494505494505496,0.0,0.005,0.0,0.0,0.0
0.41666,61,4271.806422,hard,0.32986270022883296,0.32986270022883296,0,603,4,2,2,2,2,0,0,0,0,0.003981693363844363,0.0017307692307691562,0.0,0.2975274725274725,0.0,2,False,86,0.09625,0.10139359267734553,0.04570329670329671,0.001393592677345527,0.1,0.03570329670329671,0.0,0.01,0.0,0.0,0.0
0.311662,60,4294.718996,hard,0.2974828375286041,0.2974828375286041,0,592,4,2,2,2,2,0,0,0,0,0.00024027459954233354,0.0005769230769230756,0.0,0.21978021978021978,0.0,2,False,34,0.0265625,0.037005971109839816,0.03637362637362638,8.409610983981673e-05,0.036921875,0.026373626373626377,0.0,0.01,0.0,0.0,0.0
0.249851,55,4311.865988,hard,0.19786041189931353,0.19786041189931353,0,542,4,2,2,2,2,0,0,0,0,0.00312356979405035,0.007500000000000016,0.0,0.33950549450549417,0.0,1,False,48,0.047142857142857146,0.06045039228506048,0.04574065934065929,0.0010932494279176225,0.05935714285714286,0.04074065934065929,0.0,0.005,0.0,0.0,0.0
0.50955,61,4330.648046,hard,0.4023970251716247,0.4023970251716247,0,607,4,2,2,2,2,0,0,0,0,0.011893592677345544,0.028557692307692326,0.0,0.47168956043955923,0.0,3,False,70,0.07611607142857142,0.0962498110084995,0.0716027472527471,0.00416275743707094,0.09208705357142856,0.056602747252747096,0.0,0.015,0.0,0.0,0.0
2.796873,64,4350.265051,hard,0.5469107551487414,2.5469107551487413,2,633,4,2,2,2,2,0,0,0,0,0.020183066361555927,0.0,0.1175999999999992,0.5,0.9999999999999959,4,True,63,0.05959821428571429,0.08326273394083031,0.2299999999999996,0.0070640732265445745,0.07619866071428573,0.059999999999999984,0.09999999999999959,0.02,0.05,0.0,0.0
0.353045,57,4367.653712,hard,0.2654462242562929,0.2654462242562929,0,564,4,2,2,2,2,0,0,0,0,0.004445080091533187,0.010673076923076938,0.0,0.3901098901098896,0.0,3,False,58,0.06883928571428571,0.0821852423177509,0.06181318681318675,0.0015557780320366154,0.08062946428571428,0.046813186813186754,0.0,0.015,0.0,0.0,0.0
0.335105,60,4385.939864,hard,0.2525171624713959,0.2525171624713959,0,595,4,2,2,2,2,0,0,0,0,0.008649885583524078,0.0,0.0,0.31675824175824174,0.0,2,False,70,0.07473214285714286,0.09407656709709056,0.04801098901098902,0.0030274599542334272,0.09104910714285713,0.03801098901098902,0.0,0.01,0.0,0.0,0.0
0.290163,74,4408.420745,hard,0.276487414187643,0.276487414187643,0,738,4,2,2,2,2,0,0,0,0,0.004324942791762038,0.010384615384615442,0.0,0.3243131868131865,0.0,1,False,34,0.03339285714285714,0.04355837283425957,0.04391758241758237,0.0015137299771167132,0.04204464285714286,0.03891758241758237,0.0,0.005,0.0,0.0,0.0
0.451428,60,4426.686363,hard,0.35469107551487417,0.35469107551487417,0,594,4,2,2,2,2,0,0,0,0,0.009370709382151086,0.0,0.0,0.35714285714285715,0.0,2,False,96,0.10821428571428572,0.10327974828375289,0.052857142857142846,0.0032797482837528804,0.1,0.042857142857142844,0.0,0.01,0.0,0.0,0.0
0.431551,58,4449.129803,hard,0.34653890160183065,0.34653890160183065,0,579,4,2,2,2,2,0,0,0,0,0.006607551487414189,0.0,0.0,0.4179945054945055,0.0,3,False,58,0.06191964285714286,0.0777523751634521,0.06515934065934066,0.002312643020594966,0.07543973214285714,0.05015934065934066,0.0,0.015,0.0,0.0,0.0
0.428192,60,4467.257448,hard,0.3354691075514874,0.3354691075514874,0,596,4,2,2,2,2,0,0,0,0,0.014296338672768975,0.0025961538461538466,0.0,0.3109890109890109,0.0,2,False,95,0.10674107142857144,0.10500371853546915,0.047318681318681305,0.005003718535469141,0.1,0.0373186813186813,0.0,0.01,0.0,0.0,0.0
0.360198,57,4484.349594,hard,0.271098398169336,0.271098398169336,0,569,4,2,2,2,2,0,0,0,0,0.008169336384439053,0.0,0.0,0.28887362637362635,0.0,2,False,73,0.08263392857142857,0.10133471416312509,0.044664835164835166,0.0028592677345536683,0.09847544642857142,0.034664835164835164,0.0,0.01,0.0,0.0,0.0
0.461077,65,4503.950285,hard,0.38558352402745993,0.38558352402745993,0,642,4,2,2,2,2,0,0,0,0,0.0,0.0,0.0,0.24285714285714285,0.37566666666666665,2,False,58,0.0453125,0.06298437500000001,0.07670952380952381,0.0,0.06298437500000001,0.02914285714285715,0.037566666666666665,0.01,0.0,0.0,0.0
0.407831,62,4522.7935,hard,0.34508009153318076,0.34508009153318076,0,612,4,2,2,2,2,0,0,0,0,0.019679633867276933,0.0,0.0,0.33406593406593404,0.0,2,False,55,0.052633928571428575,0.07386331828211838,0.05008791208791209,0.006887871853546926,0.06697544642857145,0.04008791208791209,0.0,0.01,0.0,0.0,0.0
0.347337,69,4543.151352,hard,0.2654462242562929,0.2654462242562929,0,681,4,2,2,2,2,0,0,0,0,0.024942791762013347,0.022390109890109887,0.0,0.390109890109889,0.0,3,False,55,0.06926339285714286,0.08817752175956181,0.061813186813186684,0.00872997711670467,0.07944754464285714,0.046813186813186684,0.0,0.015,0.0,0.0,0.0
0.572173,90,4570.575531,hard,0.41842105263157897,0.41842105263157897,0,900,4,2,2,2,2,0,0,0,0,0.0,0.0,0.0,0.4487637362637363,0.749,3,False,138,0.136875,0.1,0.1437516483516484,0.0,0.1,0.053851648351648365,0.07490000000000004,0.015,0.0,0.0,0.0
0.601766,80,4594.911012,hard,0.4883524027459951,0.4883524027459951,0,791,4,2,2,2,2,0,0,0,0,0.00648741418764274,0.0,0.03779999999999837,0.5,0.42046666666666505,4,False,48,0.05892857142857143,0.07046702353710353,0.12204666666666651,0.002270594965674959,0.06819642857142857,0.06,0.0420466666666665,0.02,0.0,0.0,0.0
0.296138,67,4620.108168,hard,0.2637299771167048,0.2637299771167048,0,667,4,2,2,2,2,0,0,0,0,0.0,0.0,0.0,0.13873626373626374,0.0,1,False,68,0.05794642857142857,0.07745982142857144,0.021648351648351646,0.0,0.07745982142857144,0.016648351648351645,0.0,0.005,0.0,0.0,0.0
1.670782,61,4638.421465,hard,0.4819221967963387,1.4819221967963387,1,609,4,2,2,2,2,0,0,0,0,0.02162471395880987,0.0,0.12599999999999884,0.25054945054945055,0.9999999999999959,2,True,48,0.0375,0.05969364988558347,0.1900659340659337,0.007568649885583454,0.05212500000000001,0.03006593406593407,0.09999999999999959,0.01,0.05,0.0,0.0
0.320144,56,4655.567028,hard,0.2285068649885584,0.2285068649885584,0,555,4,2,2,2,2,0,0,0,0,0.0027631578947368723,0.0066346153846154575,0.0,0.30141483516483486,0.0,2,False,126,0.12611607142857142,0.10096710526315791,0.04616978021978019,0.0009671052631579053,0.1,0.036169780219780186,0.0,0.01,0.0,0.0,0.0
0.321231,62,4674.351552,hard,0.25976544622425635,0.25976544622425635,0,616,4,2,2,2,2,0,0,0,0,0.015137299771167147,0.03634615384615408,0.0,0.3764697802197785,0.0,2,False,39,0.05745535714285714,0.06788957277705136,0.055176373626373426,0.005298054919908501,0.06259151785714286,0.045176373626373424,0.0,0.01,0.0,0.0,0.0
0.34858,69,4695.388948,hard,0.27065217391304347,0.27065217391304347,0,690,4,2,2,2,2,0,0,0,0,0.008529748283752909,0.020480769230769347,0.0,0.4026098901098891,0.0,3,False,58,0.06883928571428571,0.0836148761850278,0.06331318681318669,0.002985411899313518,0.08062946428571428,0.04831318681318669,0.0,0.015,0.0,0.0,0.0
0.335653,61,4713.325806,hard,0.29628146453089244,0.29628146453089244,0,605,4,2,2,2,2,0,0,0,0,0.008890160183066412,0.02134615384615397,0.0,0.4641483516483506,0.0,3,False,24,0.01875,0.029174056064073247,0.07069780219780208,0.0031115560640732442,0.026062500000000002,0.05569780219780208,0.0,0.015,0.0,0.0,0.0
0.400576,59,4731.25634,hard,0.33026315789473687,0.33026315789473687,0,587,4,2,2,2,2,0,0,0,0,0.007328375286041229,0.01759615384615394,0.0,0.2984890109890101,0.0,2,False,58,0.06883928571428571,0.08319439563582871,0.04581868131868123,0.0025649313501144295,0.08062946428571428,0.035818681318681225,0.0,0.01,0.0,0.0,0.0
0.395861,63,4749.965266,hard,0.34988558352402743,0.34988558352402743,0,628,4,2,2,2,2,0,0,0,0,0.004462242562929064,0.01071428571428572,0.0,0.3456043956043951,0.0,2,False,48,0.04232142857142857,0.05730285632559661,0.0514725274725274,0.0015617848970251725,0.05574107142857144,0.0414725274725274,0.0,0.01,0.0,0.0,0.0
0.221306,60,4772.477234,hard,0.20176201372997676,0.20176201372997676,0,597,4,2,2,2,2,0,0,0,0,0.016235697940503106,0.0,0.0,0.11662087912087912,0.0,1,False,34,0.05008928571428571,0.060249458564890376,0.018994505494505497,0.005682494279176087,0.05456696428571429,0.013994505494505496,0.0,0.005,0.0,0.0,0.0
0.424797,57,4789.459395,hard,0.3533466819221968,0.3533466819221968,0,569,4,2,2,2,2,0,0,0,0,0.0018020594965675238,0.0043269230769231205,0.0,0.3462225274725273,0.018666666666666668,2,False,56,0.06174107142857143,0.0749365243952272,0.05341336996336995,0.0006307208237986332,0.07430580357142857,0.04154670329670328,0.0018666666666666669,0.01,0.0,0.0,0.0
0.377075,59,4807.415096,hard,0.3066933638443936,0.3066933638443936,0,588,4,2,2,2,2,0,0,0,0,0.0,0.0,0.0,0.2418956043956044,0.0,2,False,66,0.07620535714285714,0.09015401785714285,0.039027472527472525,0.0,0.09015401785714285,0.029027472527472526,0.0,0.01,0.0,0.0,0.0
0.444745,66,4827.118448,hard,0.3716247139588101,0.3716247139588101,0,656,4,2,2,2,2,0,0,0,0,0.023684210526315835,0.0,0.0,0.3978021978021978,0.0,3,False,48,0.05825892857142857,0.07598367011278197,0.06273626373626373,0.008289473684210541,0.06769419642857143,0.04773626373626374,0.0,0.015,0.0,0.0,0.0
0.269872,58,4844.482205,hard,0.1915903890160184,0.1915903890160184,0,576,4,2,2,2,2,0,0,0,0,0.007208237986270095,0.0,0.0,0.2802197802197802,0.0,2,False,75,0.06964285714285715,0.09225502615233741,0.043626373626373637,0.0025228832951945334,0.08973214285714287,0.033626373626373635,0.0,0.01,0.0,0.0,0.0
0.440167,59,4862.059558,hard,0.3670423340961098,0.3670423340961098,0,583,4,2,2,2,2,0,0,0,0,0.002282608695652168,0.005480769230769217,0.0,0.3867994505494503,0.0,2,False,54,0.06294642857142857,0.07500873447204968,0.056415934065934044,0.0007989130434782588,0.07420982142857142,0.04641593406593404,0.0,0.01,0.0,0.0,0.0
0.366926,61,4880.691059,hard,0.2766590389016018,0.2766590389016018,0,606,4,2,2,2,2,0,0,0,0,0.0010812356979405036,0.0025961538461538466,0.0,0.41703296703296705,0.0,3,False,61,0.07325892857142857,0.0858226289228506,0.06504395604395605,0.00037843249427917623,0.08544419642857143,0.05004395604395604,0.0,0.015,0.0,0.0,0.0
0.30299,56,4898.046369,hard,0.2637299771167048,0.2637299771167048,0,558,4,2,2,2,2,0,0,0,0,0.0,0.0,0.0,0.13873626373626374,0.0,1,False,59,0.058549107142857146,0.07341183035714285,0.02164835164835165,0.0,0.07341183035714285,0.01664835164835165,0.0,0.005,0.0,0.0,0.0
0.422113,59,4920.930422,hard,0.33466819221967964,0.33466819221967964,0,582,4,2,2,2,2,0,0,0,0,0.020194508009153372,0.04848901098901112,0.0,0.30906593406593297,0.0,2,False,68,0.07665178571428571,0.09855691708891795,0.04708791208791195,0.0070680778032036805,0.09148883928571427,0.03708791208791195,0.0,0.01,0.0,0.0,0.0
0.37026,59,4939.100617,hard,0.2683695652173913,0.2683695652173913,0,586,4,2,2,2,2,0,0,0,0,0.010646453089244844,0.02527472527472527,0.0,0.39587912087911964,0.0,3,False,72,0.07767857142857143,0.09798518715266426,0.06250549450549435,0.0037262585812356955,0.09425892857142856,0.04750549450549435,0.0,0.015,0.0,0.0,0.0
0.250367,57,4956.772048,hard,0.18772311212814655,0.18772311212814655,0,565,4,2,2,2,2,0,0,0,0,0.004084668192219716,0.0,0.0,0.21978021978021978,0.0,2,False,62,0.06712053571428571,0.08277003565299118,0.03637362637362637,0.0014296338672769007,0.08134040178571428,0.02637362637362637,0.0,0.01,0.0,0.0,0.0
0.525096,63,4975.58766,hard,0.4379862700228833,0.4379862700228833,0,626,4,2,2,2,2,0,0,0,0,0.007448512585812397,0.0,0.0,0.2802197802197802,0.12833333333333333,2,False,72,0.07285714285714286,0.09324983654789147,0.05645970695970697,0.0026069794050343387,0.09064285714285714,0.033626373626373635,0.012833333333333334,0.01,0.0,0.0,0.0
2.762153,62,4994.166677,hard,0.5360983981693364,2.5360983981693366,2,619,4,2,2,2,2,0,0,0,0,0.02594965675057183,0.0,0.0,0.3806318681318681,1.0,3,True,48,0.05892857142857143,0.07727880843412871,0.21067582417582414,0.009082379862700139,0.06819642857142857,0.04567582417582418,0.09999999999999999,0.015,0.05,0.0,0.0
0.477928,62,5013.180018,hard,0.3732265446224256,0.3732265446224256,0,619,4,2,2,2,2,0,0,0,0,0.009725400457665902,0.02335164835164835,0.0,0.40164835164835083,0.0,3,False,96,0.10821428571428572,0.10340389016018307,0.06319780219780209,0.0034038901601830653,0.1,0.04819780219780209,0.0,0.015,0.0,0.0,0.0
1.666771,85,5038.69545,hard,0.5237986270022883,1.5237986270022883,1,842,4,2,2,2,2,0,0,0,0,0.00901029748283754,0.021634615384615412,0.0,0.3901098901098897,0.9053333333333333,3,False,66,0.0515625,0.07482547911899314,0.15234652014652006,0.0031536041189931386,0.071671875,0.04681318681318674,0.09053333333333334,0.015,0.0,0.0,0.0
1.579292,67,5058.747797,hard,0.5098970251716247,1.5098970251716248,1,664,4,2,2,2,2,0,0,0,0,0.015737986270022902,0.03778846153846158,0.0,0.5980769230769215,0.0,4,False,24,0.03535714285714286,0.04402615233736516,0.09176923076923058,0.005508295194508015,0.038517857142857145,0.07176923076923057,0.0,0.02,0.0,0.0,0.0
0.543957,57,5081.002446,hard,0.42816933638443944,0.42816933638443944,0,570,4,2,2,2,2,0,0,0,0,0.0064874141876430915,0.015576923076923247,0.0,0.5335714285714279,0.0,3,False,68,0.07665178571428571,0.09375943425138936,0.07902857142857135,0.002270594965675082,0.09148883928571427,0.06402857142857135,0.0,0.015,0.0,0.0,0.0
1.690295,62,5099.908742,hard,0.5115789473684208,1.5115789473684207,1,614,4,2,2,2,2,0,0,0,0,0.009628146453089018,0.0,0.030799999999998672,0.5,0.5674666666666653,4,False,92,0.08779017857142857,0.10336985125858116,0.13674666666666652,0.0033698512585811557,0.1,0.05999999999999999,0.056746666666666536,0.02,0.0,0.0,0.0
0.542504,63,5119.208112,hard,0.45615560640732244,0.45615560640732244,0,624,4,2,2,2,2,0,0,0,0,0.004324942791761827,0.0,0.0,0.5221153846153846,0.0,4,False,48,0.05410714285714286,0.06609408711997379,0.08265384615384617,0.0015137299771166395,0.06458035714285715,0.06265384615384617,0.0,0.02,0.0,0.0,0.0
0.247276,59,5136.752154,hard,0.236441647597254,0.236441647597254,0,583,4,2,2,2,2,0,0,0,0,0.0,0.0,0.0,0.320467032967033,0.0,1,False,16,0.023571428571428573,0.02567857142857143,0.04345604395604394,0.0,0.02567857142857143,0.03845604395604394,0.0,0.005,0.0,0.0,0.0
0.367415,61,5154.514145,hard,0.2974828375286041,0.2974828375286041,0,607,4,2,2,2,2,0,0,0,0,0.0,0.0,0.0,0.21978021978021978,0.0,2,False,72,0.07767857142857143,0.09425892857142858,0.036373626373626365,0.0,0.09425892857142858,0.026373626373626367,0.0,0.01,0.0,0.0,0.0
0.635583,65,5173.852653,hard,0.4894622425629283,0.4894622425629283,0,643,4,2,2,2,2,0,0,0,0,0.052791762013729274,0.007005494505494507,0.1525999999999956,0.31785714285714256,0.8805999999999934,2,False,48,0.04232142857142857,0.07421818813337668,0.13620285714285646,0.018477116704805244,0.05574107142857143,0.0381428571428571,0.08805999999999935,0.01,0.0,0.0,0.0
0.297096,56,5190.774274,hard,0.21429633867276887,0.21429633867276887,0,560,4,2,2,2,2,0,0,0,0,0.00492562929061786,0.0025961538461538747,0.0,0.26729395604395595,0.0,1,False,90,0.10145089285714286,0.10172397025171626,0.03707527472527471,0.0017239702517162507,0.1,0.03207527472527471,0.0,0.005,0.0,0.0,0.0
0.338738,61,5209.367486,hard,0.24831807780320378,0.24831807780320378,0,602,4,2,2,2,2,0,0,0,0,0.01069221967963394,0.01615384615384633,0.0,0.3489835164835158,0.0,1,False,96,0.10821428571428572,0.10374227688787188,0.0468780219780219,0.00374227688787188,0.1,0.0418780219780219,0.0,0.005,0.0,0.0,0.0
0.432763,60,5226.601054,hard,0.3193535469107544,0.3193535469107544,0,594,4,2,2,2,2,0,0,0,0,0.017179633867276146,0.0,0.10009999999999568,0.28598901098901097,0.5667666666666623,2,False,41,0.06040178571428571,0.07181421113926094,0.10099534798534757,0.006012871853546652,0.06580133928571429,0.03431868131868133,0.056676666666666244,0.01,0.0,0.0,0.0
0.417685,61,5249.751028,hard,0.3787757437070938,0.3787757437070938,0,601,4,2,2,2,2,0,0,0,0,0.019942791762013808,0.013269230769230816,0.0,0.4247252747252748,0.0,3,False,24,0.01875,0.033042477116704834,0.06596703296703299,0.006979977116704832,0.026062500000000002,0.05096703296703299,0.0,0.015,0.0,0.0,0.0
0.372357,61,5268.001276,hard,0.3526887871853547,0.3526887871853547,0,607,4,2,2,2,2,0,0,0,0,0.0,0.0,0.0,0.3427197802197802,0.023333333333333334,2,False,20,0.022544642857142857,0.026908482142857144,0.05345970695970696,0.0,0.026908482142857144,0.04112637362637363,0.0023333333333333335,0.01,0.0,0.0,0.0
0.323074,55,5285.163763,hard,0.25778032036613274,0.25778032036613274,0,543,4,2,2,2,2,0,0,0,0,0.0,0.0,0.0,0.2995879120879121,0.0,2,False,53,0.06285714285714286,0.07364285714285715,0.045950549450549445,0.0,0.07364285714285715,0.03595054945054944,0.0,0.01,0.0,0.0,0.0
0.393428,59,5303.137487,hard,0.3094965675057208,0.3094965675057208,0,583,4,2,2,2,2,0,0,0,0,0.006847826086956555,0.016442307692307773,0.0,0.2486263736263734,0.0,2,False,94,0.11491071428571428,0.1023967391304348,0.039835164835164805,0.002396739130434794,0.1,0.029835164835164806,0.0,0.01,0.0,0.0,0.0
0.597266,90,5330.579121,hard,0.4919851258581233,0.4919851258581233,0,900,4,2,2,2,2,0,0,0,0,0.013575514874141601,0.014423076923077052,0.0440999999999981,0.31189560439560376,0.9097666666666647,2,False,48,0.0375,0.05687643020594957,0.13840413919413902,0.0047514302059495596,0.05212500000000001,0.03742747252747245,0.09097666666666655,0.01,0.0,0.0,0.0
0.365532,61,5349.12154,hard,0.2738558352402746,0.2738558352402746,0,610,4,2,2,2,2,0,0,0,0,0.0037242562929061768,0.008942307692307687,0.0,0.39780219780219744,0.030333333333333334,3,False,65,0.07080357142857142,0.08690616827394572,0.06576959706959701,0.0013034897025171618,0.08560267857142856,0.047736263736263676,0.0030333333333333336,0.015,0.0,0.0,0.0
1.691325,59,5367.344801,hard,0.44073226544622424,1.4407322654462242,1,582,4,2,2,2,2,0,0,0,0,0.006487414187643048,0.015576923076923144,0.0,0.3460164835164828,1.0,3,True,83,0.08837053571428571,0.10227059496567507,0.20652197802197791,0.002270594965675067,0.1,0.04152197802197794,0.1,0.015,0.05,0.0,0.0
0.215101,59,5384.648976,hard,0.2,0.2,0,584,4,2,2,2,2,0,0,0,0,0.0,0.0,0.0,0.23296703296703297,0.0,1,False,31,0.03339285714285714,0.04054464285714286,0.03295604395604395,0.0,0.04054464285714286,0.02795604395604395,0.0,0.005,0.0,0.0,0.0
0.296478,60,5407.396175,hard,0.23687643020594956,0.23687643020594956,0,594,4,2,2,2,2,0,0,0,0,0.0031235697940502085,0.0,0.0,0.25247252747252746,0.0,2,False,60,0.06348214285714286,0.07870485657077471,0.040296703296703304,0.0010932494279175728,0.07761160714285714,0.030296703296703302,0.0,0.01,0.0,0.0,0.0
0.301723,62,5425.953455,hard,0.21721967963386726,0.21721967963386726,0,612,4,2,2,2,2,0,0,0,0,0.0,0.0,0.0,0.2975274725274725,0.0,2,False,144,0.1457142857142857,0.1,0.04570329670329672,0.0,0.1,0.035703296703296715,0.0,0.01,0.0,0.0,0.0
0.177194,59,5443.99455,hard,0.1627574370709382,0.1627574370709382,0,581,4,2,2,2,2,0,0,0,0,0.0,0.0,0.0,0.14354395604395603,0.0,1,False,43,0.03841517857142857,0.05031138392857143,0.02222527472527473,0.0,0.05031138392857143,0.017225274725274728,0.0,0.005,0.0,0.0,0.0
0.43234,61,5462.537304,hard,0.3736270022883295,0.3736270022883295,0,608,4,2,2,2,2,0,0,0,0,0.023684210526315835,0.0,0.0,0.39587912087912086,0.01633333333333333,3,False,41,0.03544642857142857,0.055374295112781975,0.06413882783882784,0.008289473684210541,0.047084821428571434,0.0475054945054945,0.0016333333333333332,0.015,0.0,0.0,0.0
0.390766,70,5483.708685,hard,0.36447368421052634,0.36447368421052634,0,695,4,2,2,2,2,0,0,0,0,0.020183066361555764,0.0,0.0,0.3806318681318681,0.0,3,False,25,0.020736607142857143,0.03511652858368738,0.06067582417582417,0.007064073226544518,0.028052455357142857,0.04567582417582417,0.0,0.015,0.0,0.0,0.0
0.418852,61,5502.0006,hard,0.3355263157894737,0.3355263157894737,0,603,4,2,2,2,2,0,0,0,0,0.02426773455377573,0.021634615384615512,0.0,0.28035714285714197,0.0,2,False,68,0.07665178571428571,0.09998254637953578,0.04364285714285704,0.008493707093821504,0.09148883928571427,0.03364285714285704,0.0,0.01,0.0,0.0,0.0
0.42086,75,5524.404583,hard,0.3668764302059497,0.3668764302059497,0,744,4,2,2,2,2,0,0,0,0,0.003718535469107552,0.00892857142857143,0.0,0.3864010989010985,0.0,3,False,50,0.054285714285714284,0.06701577312847336,0.06136813186813182,0.0013014874141876432,0.06571428571428571,0.04636813186813182,0.0,0.015,0.0,0.0,0.0
0.360418,58,5541.74297,hard,0.2510125858123566,0.2510125858123566,0,578,4,2,2,2,2,0,0,0,0,0.009250572082379463,0.0,0.05389999999999767,0.226510989010989,0.3128999999999977,2,False,65,0.08399553571428571,0.0987343520145471,0.06847131868131845,0.003237700228832812,0.09549665178571429,0.02718131868131869,0.03128999999999977,0.01,0.0,0.0,0.0
2.789714,59,5564.32076,hard,0.5398398169336385,2.5398398169336387,2,586,4,2,2,2,2,0,0,0,0,0.008649885583524078,0.02076923076923089,0.0,0.44456043956043856,1.0,4,True,67,0.06479910714285714,0.08512679031137628,0.22334725274725264,0.0030274599542334264,0.08209933035714286,0.053347252747252626,0.1,0.02,0.05,0.0,0.0
1.688406,58,5582.288534,hard,0.43981693363844393,1.4398169336384439,1,579,4,2,2,2,2,0,0,0,0,0.013215102974828415,0.031730769230769326,0.0,0.39670329670329535,1.0,2,True,72,0.07767857142857143,0.09888421461261852,0.20760439560439548,0.004625286041189945,0.09425892857142858,0.04760439560439544,0.1,0.01,0.05,0.0,0.0
0.415978,72,5604.944215,hard,0.3431350114416476,0.3431350114416476,0,713,4,2,2,2,2,0,0,0,0,0.01033180778032026,0.0011538461538461546,0.0,0.44780219780219777,0.0,3,False,58,0.057053571428571426,0.07540631129454066,0.06873626373626374,0.003616132723112091,0.07179017857142857,0.053736263736263744,0.0,0.015,0.0,0.0,0.0
1.755182,70,5626.487546,hard,0.5836956521739131,1.5836956521739132,1,694,4,2,2,2,2,0,0,0,0,0.006864988558352406,0.01648351648351649,0.0,0.6098901098901114,0.721,5,False,48,0.05892857142857143,0.07059917456685191,0.17028681318681335,0.002402745995423342,0.06819642857142857,0.07318681318681337,0.0721,0.025,0.0,0.0,0.0
0.609995,62,5645.786257,hard,0.4851258581235698,0.4851258581235698,0,612,4,2,2,2,2,0,0,0,0,0.0,0.0,0.0,0.6703296703296703,0.0,5,False,58,0.06883928571428571,0.08062946428571428,0.10543956043956046,0.0,0.08062946428571428,0.08043956043956045,0.0,0.025,0.0,0.0,0.0
0.438766,59,5663.904714,hard,0.34036613272311184,0.34036613272311184,0,586,4,2,2,2,2,0,0,0,0,0.018913043478260578,0.029258241758241755,0.039199999999998306,0.49999999999999856,0.16986666666666497,4,False,42,0.043191964285714285,0.060013538431676915,0.09698666666666633,0.006619565217391201,0.05339397321428571,0.059999999999999824,0.0169866666666665,0.02,0.0,0.0,0.0
0.29305,59,5681.75946,hard,0.2705377574370709,0.2705377574370709,0,581,4,2,2,2,2,0,0,0,0,0.0036041189931350507,0.008653846153846248,0.0,0.15508241758241753,0.0,1,False,48,0.04232142857142857,0.05700251307616871,0.023609890109890102,0.0012614416475972678,0.05574107142857144,0.0186098901098901,0.0,0.005,0.0,0.0,0.0
0.30102,57,5698.790072,hard,0.2462871853546911,0.2462871853546911,0,568,4,2,2,2,2,0,0,0,0,0.0025228832951945356,0.006057692307692374,0.0,0.3441071428571426,0.0,2,False,48,0.047142857142857146,0.06024015201046094,0.051292857142857105,0.0008830091533180874,0.05935714285714286,0.0412928571428571,0.0,0.01,0.0,0.0,0.0
0.544892,59,5721.486774,hard,0.41859839816933586,0.41859839816933586,0,584,4,2,2,2,2,0,0,0,0,0.01093249427917573,0.0,0.06369999999999724,0.3968406593406593,0.2760333333333306,3,False,72,0.07285714285714286,0.09446923014056866,0.09022421245421218,0.003826372997711506,0.09064285714285715,0.04762087912087912,0.02760333333333306,0.015,0.0,0.0,0.0
0.448208,68,5742.203598,hard,0.3779118993135009,0.3779118993135009,0,673,4,2,2,2,2,0,0,0,0,0.021739130434782348,0.01787087912087912,0.0,0.4200549450549443,0.0,3,False,48,0.05410714285714286,0.07218905279503098,0.0654065934065933,0.007608695652173821,0.06458035714285715,0.0504065934065933,0.0,0.015,0.0,0.0,0.0
0.50281,59,5759.650351,hard,0.41418764302059496,0.41418764302059496,0,581,4,2,2,2,2,0,0,0,0,0.006121281464530896,0.014697802197802206,0.0,0.5000000000000001,0.0,4,False,48,0.05410714285714286,0.06672280565544296,0.08000000000000003,0.0021424485125858136,0.06458035714285715,0.060000000000000026,0.0,0.02,0.0,0.0,0.0
0.539234,70,5781.156803,hard,0.4454233409610984,0.4454233409610984,0,693,4,2,2,2,2,0,0,0,0,0.0070881006864988915,0.017019230769230856,0.0,0.49999999999999917,0.0,4,False,58,0.06883928571428571,0.08311029952598889,0.0799999999999999,0.002480835240274612,0.08062946428571428,0.05999999999999991,0.0,0.02,0.0,0.0,0.0
0.435539,65,5800.831414,hard,0.35589244851258584,0.35589244851258584,0,642,4,2,2,2,2,0,0,0,0,0.0,0.0,0.0,0.3600274725274725,0.0,2,False,72,0.07285714285714286,0.09064285714285714,0.0532032967032967,0.0,0.09064285714285714,0.0432032967032967,0.0,0.01,0.0,0.0,0.0
2.865542,62,5820.196734,hard,0.6356064073226544,2.6356064073226544,2,614,4,2,2,2,2,0,0,0,0,0.019416475972540023,0.043736263736263686,0.006999999999999998,0.5291758241758221,0.9999999999999997,4,True,47,0.03671875,0.05783482909038902,0.23350109890109866,0.006795766590389008,0.05103906250000001,0.06350109890109865,0.09999999999999999,0.02,0.05,0.0,0.0
0.40036,59,5837.965269,hard,0.30843821510297387,0.30843821510297387,0,585,4,2,2,2,2,0,0,0,0,0.022225400457664943,0.0,0.07559999999999674,0.2601648351648352,0.3322666666666634,2,False,48,0.05892857142857143,0.0759753187316113,0.07444644688644657,0.007778890160182731,0.06819642857142857,0.031219780219780224,0.03322666666666634,0.01,0.0,0.0,0.0
0.515098,80,5861.974635,hard,0.4149885583524027,0.4149885583524027,0,793,4,2,2,2,2,0,0,0,0,0.0037242562929062197,0.008942307692307791,0.0,0.5019230769230765,0.0,4,False,72,0.0825,0.09917848970251718,0.08023076923076916,0.001303489702517177,0.097875,0.060230769230769164,0.0,0.02,0.0,0.0,0.0
0.525957,65,5886.5554,hard,0.41127002288329517,0.41127002288329517,0,641,4,2,2,2,2,0,0,0,0,0.010526315789473682,0.02527472527472527,0.0,0.4853021978021966,0.018666666666666668,3,False,96,0.10821428571428572,0.1036842105263158,0.07510293040293026,0.003684210526315789,0.1,0.05823626373626359,0.0018666666666666669,0.015,0.0,0.0,0.0
0.420362,63,5905.807958,hard,0.34324942791762014,0.34324942791762014,0,622,4,2,2,2,2,0,0,0,0,0.008169336384439403,0.0,0.0,0.32967032967032966,0.0,3,False,62,0.06785714285714285,0.08475212487741093,0.05456043956043955,0.002859267734553791,0.08189285714285714,0.03956043956043955,0.0,0.015,0.0,0.0,0.0
0.54172,62,5924.292678,hard,0.4144736842105263,0.4144736842105263,0,614,4,2,2,2,2,0,0,0,0,0.0,0.0,0.0,0.3901098901098901,0.2683333333333333,3,False,96,0.10821428571428572,0.1,0.08864652014652016,0.0,0.1,0.04681318681318682,0.026833333333333338,0.015,0.0,0.0,0.0
0.467608,58,5941.811624,hard,0.371212814645309,0.371212814645309,0,574,4,2,2,2,2,0,0,0,0,0.003363844393592693,0.008076923076923115,0.0,0.39681318681318645,0.0,1,False,94,0.11147321428571429,0.10117734553775745,0.05261758241758238,0.0011773455377574425,0.1,0.047617582417582384,0.0,0.005,0.0,0.0,0.0
0.395988,59,5959.670425,hard,0.3059324942791759,0.3059324942791759,0,590,4,2,2,2,2,0,0,0,0,0.014056064073226286,0.0173076923076924,0.0,0.41607142857142776,0.0,3,False,50,0.07227678571428571,0.08412721171134348,0.06492857142857134,0.0049196224256292005,0.07920758928571428,0.04992857142857134,0.0,0.015,0.0,0.0,0.0
2.843042,83,5985.291039,hard,0.6064073226544623,2.606407322654462,2,825,4,2,2,2,2,0,0,0,0,0.020137299771167152,0.02527472527472527,0.05600000000000035,0.5494505494505482,0.9999999999999972,5,True,51,0.06087053571428572,0.0782009567056228,0.24093406593406552,0.0070480549199085024,0.07115290178571429,0.06593406593406578,0.09999999999999973,0.025,0.05,0.0,0.0
0.197998,60,6003.587999,hard,0.13588672768878704,0.13588672768878704,0,591,4,2,2,2,2,0,0,0,0,0.00480549199084656,0.0049038461538461475,0.0,0.29752747252747236,0.0,2,False,46,0.06776785714285714,0.07550781505393915,0.04570329670329668,0.001681922196796296,0.07382589285714286,0.03570329670329668,0.0,0.01,0.0,0.0,0.0
0.53566,58,6021.306195,hard,0.3613615560640725,0.3613615560640725,0,580,4,2,2,2,2,0,0,0,0,0.023546910755147997,0.0,0.13719999999999566,0.2975274725274725,0.7835333333333274,2,False,96,0.09160714285714286,0.10824141876430181,0.12405663003662944,0.0082414187643018,0.1,0.0357032967032967,0.07835333333333275,0.01,0.0,0.0,0.0
0.547198,69,6047.134624,hard,0.4706521739130435,0.4706521739130435,0,689,4,2,2,2,2,0,0,0,0,0.010526315789473682,0.02527472527472527,0.0,0.4999999999999987,0.084,4,False,49,0.03848214285714286,0.05704581766917294,0.08839999999999987,0.003684210526315789,0.05336160714285715,0.05999999999999986,0.008400000000000001,0.02,0.0,0.0,0.0
0.51615,64,6066.40992,hard,0.398295194508009,0.398295194508009,0,635,4,2,2,2,2,0,0,0,0,0.013512585812356863,0.0,0.015399999999999336,0.41126373626373625,0.12273333333333267,3,False,96,0.10821428571428572,0.1047294050343249,0.07662498168498162,0.004729405034324902,0.1,0.049351648351648354,0.012273333333333268,0.015,0.0,0.0,0.0
0.366034,64,6085.342598,hard,0.32655606407322646,0.32655606407322646,0,632,4,2,2,2,2,0,0,0,0,0.006247139588100631,0.014999999999999868,0.0,0.28958791208791146,0.0,2,False,48,0.04232142857142857,0.05792757028440666,0.044750549450549376,0.002186498855835221,0.05574107142857144,0.034750549450549374,0.0,0.01,0.0,0.0,0.0
0.437052,64,6104.534099,hard,0.3724828375286041,0.3724828375286041,0,637,4,2,2,2,2,0,0,0,0,0.016939359267734537,0.0,0.0,0.3998626373626374,0.0,3,False,48,0.047142857142857146,0.06528591860084995,0.06298351648351647,0.005928775743707088,0.05935714285714286,0.047983516483516474,0.0,0.015,0.0,0.0,0.0
0.423983,57,6122.269856,hard,0.3684210526315789,0.3684210526315789,0,570,4,2,2,2,2,0,0,0,0,0.024868421052631626,0.019038461538461702,0.0,0.3901098901098891,0.0,3,False,34,0.03339285714285714,0.050748590225563925,0.061813186813186705,0.00870394736842107,0.04204464285714286,0.046813186813186705,0.0,0.015,0.0,0.0,0.0
0.551778,61,6141.182556,hard,0.36894736842105236,0.36894736842105236,0,610,4,2,2,2,2,0,0,0,0,0.020663615560640464,0.0,0.12039999999999844,0.23131868131868133,0.9883999999999948,2,False,95,0.10674107142857144,0.10723226544622416,0.13659824175824126,0.0072322654462241625,0.1,0.027758241758241754,0.09883999999999948,0.01,0.0,0.0,0.0
0.378035,62,6159.877695,hard,0.3022883295194508,0.3022883295194508,0,614,4,2,2,2,2,0,0,0,0,0.015812356979405064,0.02527472527472527,0.0,0.39010989010988883,0.21466666666666667,3,False,37,0.039776785714285716,0.05386691422850606,0.08327985347985334,0.005534324942791772,0.04833258928571429,0.046813186813186664,0.021466666666666672,0.015,0.0,0.0,0.0
1.62691,58,6177.666193,hard,0.4113844393592677,1.4113844393592676,1,580,4,2,2,2,2,0,0,0,0,0.0,0.0,0.0,0.32843406593406593,1.0,2,True,52,0.06415178571428572,0.07411383928571429,0.19941208791208792,0.0,0.07411383928571429,0.039412087912087924,0.1,0.01,0.05,0.0,0.0
0.281873,57,6199.666979,hard,0.23890160183066342,0.23890160183066342,0,569,4,2,2,2,2,0,0,0,0,0.003604118993134856,0.0,0.004199999999999819,0.28887362637362635,0.018199999999999817,2,False,48,0.0375,0.0533864416475972,0.04648483516483515,0.0012614416475971993,0.052125,0.034664835164835164,0.0018199999999999818,0.01,0.0,0.0,0.0
0.332377,55,6216.1011,hard,0.24378718535469096,0.24378718535469096,0,543,4,2,2,2,2,0,0,0,0,0.0028832951945078848,0.0,0.0,0.28695054945054943,0.0,2,False,84,0.07392857142857143,0.09845558188950633,0.04443406593406593,0.0010091533180777597,0.09744642857142857,0.03443406593406593,0.0,0.01,0.0,0.0,0.0
0.303467,58,6233.518391,hard,0.20558352402745977,0.20558352402745977,0,579,4,2,2,2,2,0,0,0,0,0.006006864988558164,0.004038461538461535,0.0,0.36401098901098883,0.0,2,False,120,0.12696428571428572,0.10210240274599536,0.05368131868131866,0.0021024027459953572,0.1,0.04368131868131866,0.0,0.01,0.0,0.0,0.0
0.208203,64,6252.791994,hard,0.20925629290617845,0.20925629290617845,0,636,4,2,2,2,2,0,0,0,0,0.00816933638443902,0.0,0.0,0.0673076923076923,0.0,0,False,46,0.038147321428571426,0.05446975880598224,0.008076923076923077,0.0028592677345536566,0.05161049107142858,0.008076923076923077,0.0,0.0,0.0,0.0,0.0
0.511676,62,6271.040757,hard,0.4337528604118993,0.4337528604118993,0,615,4,2,2,2,2,0,0,0,0,0.0,0.0,0.0,0.40563186813186813,0.0,3,False,55,0.06433035714285715,0.07574776785714286,0.06367582417582417,0.0,0.07574776785714286,0.04867582417582417,0.0,0.015,0.0,0.0,0.0
0.383229,60,6289.630354,hard,0.30429061784897027,0.30429061784897027,0,595,4,2,2,2,2,0,0,0,0,0.01669908466819186,0.0,0.0,0.23612637362637362,0.0,2,False,72,0.07767857142857143,0.10010360820529572,0.03833516483516484,0.00584467963386715,0.09425892857142858,0.02833516483516484,0.0,0.01,0.0,0.0,0.0
0.374532,59,6307.315124,hard,0.2938443935926768,0.2938443935926768,0,585,4,2,2,2,2,0,0,0,0,0.011292906178489215,0.0,0.06579999999999717,0.32925824175824175,0.3131333333333305,2,False,44,0.04321428571428571,0.05836323144818551,0.08082432234432205,0.003952517162471225,0.054410714285714284,0.039510989010989005,0.03131333333333305,0.01,0.0,0.0,0.0
0.540975,68,6327.75503,hard,0.426487414187643,0.426487414187643,0,676,4,2,2,2,2,0,0,0,0,0.010125858123569793,0.02431318681318681,0.0,0.5295329670329658,0.0,3,False,96,0.10821428571428572,0.10354405034324943,0.07854395604395589,0.003544050343249427,0.1,0.0635439560439559,0.0,0.015,0.0,0.0,0.0
0.341133,57,6345.392961,hard,0.301132723112128,0.301132723112128,0,566,4,2,2,2,2,0,0,0,0,0.014176201372997554,0.0,0.0,0.28214285714285714,0.0,2,False,44,0.034375,0.05274292048054915,0.04385714285714286,0.0049616704805491435,0.047781250000000004,0.033857142857142856,0.0,0.01,0.0,0.0,0.0
0.399297,62,6369.03189,hard,0.2986842105263158,0.2986842105263158,0,612,4,2,2,2,2,0,0,0,0,0.0,0.0,0.0,0.3901098901098901,0.0,3,False,96,0.10821428571428572,0.1,0.06181318681318681,0.0,0.1,0.04681318681318681,0.0,0.015,0.0,0.0,0.0
0.406223,57,6386.314388,hard,0.30893592677345544,0.30893592677345544,0,567,4,2,2,2,2,0,0,0,0,0.0074485125858124,0.01788461538461549,0.0,0.49453296703296623,0.0,3,False,48,0.07071428571428572,0.07964269369074863,0.07434395604395594,0.00260697940503434,0.07703571428571429,0.059343956043955946,0.0,0.015,0.0,0.0,0.0
0.557657,60,6404.913248,hard,0.44130434782608624,0.44130434782608624,0,597,4,2,2,2,2,0,0,0,0,0.02510869565217315,0.0,0.09799999999999577,0.3901098901098901,0.4246666666666624,3,False,58,0.0453125,0.0717724184782606,0.10427985347985307,0.0087880434782606,0.06298437500000001,0.04681318681318683,0.04246666666666624,0.015,0.0,0.0,0.0
0.300151,59,6422.984757,hard,0.25011441647597255,0.25011441647597255,0,581,4,2,2,2,2,0,0,0,0,0.0,0.0,0.0,0.3532967032967033,0.0,2,False,48,0.04232142857142857,0.05574107142857143,0.0523956043956044,0.0,0.05574107142857143,0.0423956043956044,0.0,0.01,0.0,0.0,0.0
1.619056,56,6439.810427,hard,0.3833524027459954,1.3833524027459954,1,558,4,2,2,2,2,0,0,0,0,0.0004805491990846685,0.0,0.0028000000000000017,0.26112637362637364,0.9999999999999999,2,True,96,0.10821428571428572,0.10016819221967964,0.19133516483516483,0.00016819221967963397,0.1,0.031335164835164846,0.09999999999999998,0.01,0.05,0.0,0.0
0.419828,65,6460.003372,hard,0.36790617848970253,0.36790617848970253,0,641,4,2,2,2,2,0,0,0,0,0.0,0.0,0.0,0.3888736263736264,0.0,2,False,48,0.047142857142857146,0.05935714285714286,0.05666483516483516,0.0,0.05935714285714286,0.04666483516483516,0.0,0.01,0.0,0.0,0.0
0.398216,61,6478.720239,hard,0.3258752860411897,0.3258752860411897,0,610,4,2,2,2,2,0,0,0,0,0.014433638443935701,0.02225274725274725,0.0,0.390109890109889,0.035,3,False,47,0.052633928571428575,0.06802721988394891,0.06531318681318668,0.005051773455377495,0.06297544642857142,0.04681318681318668,0.0035000000000000005,0.015,0.0,0.0,0.0
1.694181,75,6501.128279,hard,0.4502860411899314,1.4502860411899314,1,748,4,2,2,2,2,0,0,0,0,0.01537757437070947,0.00951923076923077,0.0,0.4026098901098897,1.0,3,True,143,0.1449330357142857,0.10538215102974832,0.21331318681318673,0.005382151029748314,0.1,0.04831318681318675,0.1,0.015,0.05,0.0,0.0
0.319758,60,6524.524189,hard,0.2308924485125858,0.2308924485125858,0,598,4,2,2,2,2,0,0,0,0,0.005165903890160192,0.012403846153846177,0.0,0.30714285714285666,0.0,2,False,71,0.08799107142857143,0.10180806636155608,0.0468571428571428,0.001808066361556067,0.1,0.0368571428571428,0.0,0.01,0.0,0.0,0.0
0.334272,56,6541.446201,hard,0.2402745995423341,0.2402745995423341,0,551,4,2,2,2,2,0,0,0,0,0.004919908466819225,0.011813186813186822,0.0,0.32967032967032917,0.0,3,False,74,0.07441964285714285,0.09453670010624388,0.054560439560439496,0.0017219679633867285,0.09281473214285715,0.039560439560439496,0.0,0.015,0.0,0.0,0.0
2.659228,61,6560.058075,hard,0.5056693363844391,2.505669336384439,2,603,4,2,2,2,2,0,0,0,0,0.03099542334096051,0.004615384615384666,0.1448999999999975,0.23978021978021957,0.9999999999999963,2,True,12,0.010982142857142857,0.025085005312193324,0.188773626373626,0.01084839816933618,0.014236607142857145,0.028773626373626356,0.09999999999999964,0.01,0.05,0.0,0.0
0.530481,59,6578.301303,hard,0.4110068649885583,0.4110068649885583,0,584,4,2,2,2,2,0,0,0,0,0.007688787185354714,0.018461538461538515,0.0,0.4365934065934058,0.13533333333333333,3,False,72,0.07767857142857143,0.09695000408630271,0.08092454212454202,0.00269107551487415,0.09425892857142856,0.05239120879120869,0.013533333333333335,0.015,0.0,0.0,0.0
2.787026,60,6596.271949,hard,0.5355606407322654,2.5355606407322653,2,596,4,2,2,2,2,0,0,0,0,0.037482837528603506,0.01903846153846139,0.1721999999999968,0.4160164835164827,0.9999999999999961,3,True,65,0.06736607142857143,0.09614354670643978,0.21492197802197754,0.013118993135011225,0.08302455357142856,0.049921978021977925,0.09999999999999962,0.015,0.05,0.0,0.0
0.575442,64,6615.079381,hard,0.43810068649885586,0.43810068649885586,0,633,4,2,2,2,2,0,0,0,0,0.014874141876430207,0.0,0.0,0.3901098901098901,0.406,3,False,71,0.07669642857142857,0.09822827108532199,0.10241318681318681,0.005205949656750572,0.09302232142857142,0.046813186813186816,0.0406,0.015,0.0,0.0,0.0
2.718308,61,6633.618818,hard,0.5167620137299771,2.516762013729977,2,603,4,2,2,2,2,0,0,0,0,0.03988558352402659,0.0,0.214199999999995,0.3342032967032967,0.9999999999999961,2,True,44,0.034375,0.061741204233409314,0.20010439560439525,0.013959954233409306,0.047781250000000004,0.0401043956043956,0.09999999999999962,0.01,0.05,0.0,0.0
2.840303,62,6652.250844,hard,0.543020594965675,2.5430205949656752,2,614,4,2,2,2,2,0,0,0,0,0.02998855835240268,0.02527472527472527,0.11339999999999935,0.6098901098901109,0.9999999999999961,5,True,96,0.10821428571428572,0.11049599542334095,0.2481868131868129,0.010495995423340935,0.1,0.07318681318681329,0.09999999999999962,0.025,0.05,0.0,0.0
0.263457,58,6669.814496,hard,0.19668192219679634,0.19668192219679634,0,580,4,2,2,2,2,0,0,0,0,0.00024027459954233416,0.0005769230769230771,0.0,0.2751373626373626,0.0,1,False,65,0.07223214285714286,0.08675820325269695,0.03801648351648351,8.409610983981696e-05,0.08667410714285713,0.033016483516483515,0.0,0.005,0.0,0.0,0.0
0.380218,57,6691.540882,hard,0.29627002288329507,0.29627002288329507,0,565,4,2,2,2,2,0,0,0,0,0.017780320366132554,0.0,0.0,0.24354395604395604,0.0,1,False,96,0.075,0.1062231121281464,0.03422527472527473,0.006223112128146395,0.1,0.029225274725274728,0.0,0.005,0.0,0.0,0.0
0.483073,57,6708.957806,hard,0.3922311212814646,0.3922311212814646,0,567,4,2,2,2,2,0,0,0,0,0.02993135011441659,0.0,0.0,0.22554945054945055,0.0,2,False,91,0.08424107142857143,0.11047597254004582,0.037065934065934066,0.010475972540045807,0.1,0.027065934065934064,0.0,0.01,0.0,0.0,0.0
0.256117,56,6726.045844,hard,0.18312356979405034,0.18312356979405034,0,554,4,2,2,2,2,0,0,0,0,0.0008581235697940507,0.0020604395604395614,0.0,0.19244505494505484,0.0,1,False,96,0.10821428571428572,0.10030034324942792,0.028093406593406582,0.0003003432494279178,0.1,0.02309340659340658,0.0,0.005,0.0,0.0,0.0
0.582376,59,6743.819919,hard,0.472860411899313,0.472860411899313,0,590,4,2,2,2,2,0,0,0,0,0.012734553775743156,0.0,0.0741999999999968,0.3901098901098901,0.5011999999999968,3,False,48,0.0375,0.05658209382151012,0.1119331868131865,0.004457093821510104,0.05212500000000001,0.046813186813186816,0.050119999999999686,0.015,0.0,0.0,0.0
0.347179,54,6759.961721,hard,0.25846109839816933,0.25846109839816933,0,533,4,2,2,2,2,0,0,0,0,0.0010812356979405106,0.002596153846153863,0.0,0.37333791208791195,0.0,2,False,66,0.07178571428571429,0.0872177182085649,0.05480054945054943,0.0003784324942791786,0.08683928571428572,0.044800549450549426,0.0,0.01,0.0,0.0,0.0
2.752738,62,6778.786686,hard,0.5184782608695652,2.518478260869565,2,611,4,2,2,2,2,0,0,0,0,0.03306636155606413,0.0,0.19266666666666696,0.33832417582417584,0.9999999999999961,3,True,72,0.05625,0.08976072654462247,0.20559890109890067,0.011573226544622443,0.07818750000000002,0.040598901098901095,0.0999999999999996,0.015,0.05,0.0,0.0
2.808192,69,6799.943837,hard,0.586149885583524,2.586149885583524,2,688,4,2,2,2,2,0,0,0,0,0.010572082379862709,0.011250000000000124,0.02730000000000006,0.48831043956043907,0.9999999999999988,4,True,52,0.04339285714285714,0.062244871690094815,0.22859725274725257,0.0037002288329519473,0.058544642857142865,0.058597252747252686,0.09999999999999988,0.02,0.05,0.0,0.0
0.320939,61,6818.557828,hard,0.27545766590389015,0.27545766590389015,0,609,4,2,2,2,2,0,0,0,0,0.008770022883295245,0.02105769230769243,0.0,0.39010989010988906,0.035,3,False,24,0.03466517857142857,0.04106839193772477,0.06531318681318668,0.0030695080091533364,0.03799888392857143,0.046813186813186684,0.0035,0.015,0.0,0.0,0.0
0.263316,55,6840.433037,hard,0.22213958810068649,0.22213958810068649,0,549,4,2,2,2,2,0,0,0,0,0.0,0.0,0.0,0.2861263736263736,0.0,2,False,40,0.04232142857142857,0.05174107142857143,0.044335164835164836,0.0,0.05174107142857143,0.034335164835164834,0.0,0.01,0.0,0.0,0.0
1.604071,67,6861.012257,hard,0.5287757437070938,1.5287757437070937,1,664,4,2,2,2,2,0,0,0,0,0.03329519450800927,0.02307692307692322,0.0,0.5278846153846143,0.0,4,False,43,0.03359375,0.05834863057780325,0.08334615384615371,0.011653318077803242,0.0466953125,0.0633461538461537,0.0,0.02,0.0,0.0,0.0
0.294585,56,6877.627327,hard,0.22248283752860412,0.22248283752860412,0,554,4,2,2,2,2,0,0,0,0,0.006967963386727723,0.016730769230769313,0.0,0.28695054945054865,0.0,2,False,58,0.06883928571428571,0.08306825147106899,0.04443406593406584,0.0024387871853547034,0.08062946428571428,0.03443406593406584,0.0,0.01,0.0,0.0,0.0
2.79711,68,6898.212056,hard,0.6190503432494279,2.6190503432494276,2,675,4,2,2,2,2,0,0,0,0,0.041687643020593905,0.0,0.18969999999999607,0.33255494505494504,0.9999999999999959,3,True,24,0.01875,0.04065317505720786,0.204906593406593,0.014590675057207864,0.026062500000000002,0.03990659340659341,0.0999999999999996,0.015,0.05,0.0,0.0
0.44929,65,6917.989493,hard,0.36872997711670424,0.36872997711670424,0,642,4,2,2,2,2,0,0,0,0,0.012494279176200834,0.0,0.07279999999999685,0.18296703296703296,0.5044666666666635,1,False,58,0.0453125,0.0673573727116703,0.07740271062271031,0.004372997711670291,0.06298437500000001,0.02195604395604396,0.050446666666666355,0.005,0.0,0.0,0.0
1.658332,61,6936.599546,hard,0.5422997711670474,1.5422997711670474,1,608,4,2,2,2,2,0,0,0,0,0.016098398169335736,0.0,0.09379999999999622,0.2813186813186813,0.6771333333333293,2,False,55,0.04296875,0.0653610018592675,0.11147157509157468,0.005634439359267507,0.059726562500000004,0.033758241758241755,0.06771333333333293,0.01,0.0,0.0,0.0
0.564238,61,6955.417331,hard,0.42616704805491934,0.42616704805491934,0,607,4,2,2,2,2,0,0,0,0,0.012494279176200834,0.0,0.07279999999999685,0.3987637362637363,0.3154666666666635,3,False,96,0.10821428571428572,0.1043729977116703,0.09439831501831471,0.004372997711670291,0.1,0.04785164835164835,0.031546666666666355,0.015,0.0,0.0,0.0
0.494757,57,6972.451928,hard,0.3848970251716247,0.3848970251716247,0,567,4,2,2,2,2,0,0,0,0,0.0,0.0,0.0,0.42967032967032964,0.0,3,False,82,0.09104910714285715,0.1,0.06656043956043957,0.0,0.1,0.05156043956043957,0.0,0.015,0.0,0.0,0.0
0.353097,55,6989.204448,hard,0.2624713958810069,0.2624713958810069,0,549,4,2,2,2,2,0,0,0,0,0.0024599542334096114,0.005906593406593407,0.0,0.2888736263736261,0.0,2,False,96,0.10821428571428572,0.10086098398169337,0.044664835164835145,0.0008609839816933639,0.1,0.034664835164835144,0.0,0.01,0.0,0.0,0.0
0.290121,60,7012.313874,hard,0.2529176201372998,0.2529176201372998,0,593,4,2,2,2,2,0,0,0,0,0.0,0.0,0.0,0.3061813186813187,0.0,2,False,42,0.038348214285714284,0.04976116071428572,0.046741758241758254,0.0,0.04976116071428572,0.03674175824175825,0.0,0.01,0.0,0.0,0.0
0.185005,55,7028.674439,hard,0.11797482837528608,0.11797482837528608,0,543,4,2,2,2,2,0,0,0,0,0.0026430205949656976,0.006346153846153901,0.0,0.21788461538461512,0.0,0,False,72,0.07767857142857143,0.09518398577966655,0.026146153846153812,0.0009250572082379941,0.09425892857142856,0.026146153846153812,0.0,0.0,0.0,0.0,0.0
0.44171,60,7046.970263,hard,0.3322425629290614,0.3322425629290614,0,592,4,2,2,2,2,0,0,0,0,0.019582379862699867,0.010673076923076938,0.0,0.3901098901098896,0.0,3,False,94,0.10526785714285715,0.10685383295194496,0.06181318681318676,0.006853832951944954,0.1,0.04681318681318676,0.0,0.015,0.0,0.0,0.0
0.507142,63,7066.37229,hard,0.4348741418764298,0.4348741418764298,0,629,4,2,2,2,2,0,0,0,0,0.011533180778031638,0.0,0.05319999999999771,0.45467032967032966,0.23053333333333104,3,False,24,0.03535714285714286,0.042554470415168216,0.09261377289377266,0.0040366132723110735,0.038517857142857145,0.05456043956043956,0.023053333333333103,0.015,0.0,0.0,0.0
0.420841,58,7084.036741,hard,0.3760068649885584,0.3760068649885584,0,576,4,2,2,2,2,0,0,0,0,0.004324942791762042,0.010384615384615452,0.0,0.40832417582417535,0.0,3,False,34,0.0265625,0.03843560497711671,0.06399890109890105,0.0015137299771167147,0.036921875,0.048998901098901045,0.0,0.015,0.0,0.0,0.0
0.245641,60,7102.74626,hard,0.22088100686498857,0.22088100686498857,0,598,4,2,2,2,2,0,0,0,0,0.022883295194508053,0.0,0.0,0.2831043956043956,0.0,2,False,30,0.0234375,0.040587278318077825,0.043972527472527466,0.008009153318077819,0.032578125000000006,0.033972527472527464,0.0,0.01,0.0,0.0,0.0
0.303181,63,7121.938911,hard,0.21967963386727687,0.21967963386727687,0,629,4,2,2,2,2,0,0,0,0,0.007929061784897067,0.0,0.0,0.2802197802197802,0.0,2,False,105,0.11558035714285714,0.10277517162471397,0.04362637362637362,0.0027751716247139736,0.1,0.03362637362637362,0.0,0.01,0.0,0.0,0.0
0.290367,62,7140.291785,hard,0.27375858123569746,0.27375858123569746,0,612,4,2,2,2,2,0,0,0,0,0.011172768878718105,0.0,0.0,0.28516483516483515,0.0,2,False,24,0.023571428571428573,0.033589040536122765,0.04421978021978022,0.0039104691075513365,0.02967857142857143,0.03421978021978022,0.0,0.01,0.0,0.0,0.0
0.579511,59,7162.919619,hard,0.3988844393592672,0.3988844393592672,0,583,4,2,2,2,2,0,0,0,0,0.021024027459953704,0.0,0.12249999999999692,0.36771978021978025,0.831833333333328,2,False,72,0.07767857142857143,0.10161733818241236,0.13730970695970646,0.007358409610983796,0.09425892857142856,0.04412637362637363,0.08318333333333282,0.01,0.0,0.0,0.0
0.37211,57,7180.12801,hard,0.2654462242562929,0.2654462242562929,0,570,4,2,2,2,2,0,0,0,0,0.005286041189931367,0.012692307692307732,0.0,0.39010989010988956,0.0,3,False,85,0.10098214285714285,0.10185011441647598,0.06181318681318674,0.0018501144164759784,0.1,0.04681318681318674,0.0,0.015,0.0,0.0,0.0
0.444425,65,7199.836562,hard,0.36767734553775744,0.36767734553775744,0,643,4,2,2,2,2,0,0,0,0,0.0036041189931350116,0.008653846153846154,0.0,0.38832417582417544,0.0,3,False,72,0.05625,0.07944894164759728,0.06159890109890104,0.0012614416475972541,0.07818750000000002,0.04659890109890104,0.0,0.015,0.0,0.0,0.0
0.306405,60,7218.105658,hard,0.2654462242562929,0.2654462242562929,0,595,4,2,2,2,2,0,0,0,0,0.004925629290617861,0.011826923076923108,0.0,0.39010989010988956,0.0,3,False,34,0.0265625,0.03864584525171625,0.06181318681318676,0.0017239702517162516,0.036921875,0.04681318681318676,0.0,0.015,0.0,0.0,0.0
0.3516,59,7235.969499,hard,0.2669336384439359,0.2669336384439359,0,585,4,2,2,2,2,0,0,0,0,0.0,0.0,0.0,0.39368131868131867,0.0,2,False,71,0.06723214285714285,0.08592410714285713,0.057241758241758256,0.0,0.08592410714285713,0.047241758241758254,0.0,0.01,0.0,0.0,0.0
2.751658,65,7255.141418,hard,0.5397025171624714,2.539702517162471,2,648,4,2,2,2,2,0,0,0,0,0.023306636155606138,0.0,0.13579999999999842,0.3892857142857143,0.9999999999999959,3,True,46,0.04517857142857143,0.06504125122589072,0.2117142857142853,0.008157322654462148,0.05688392857142857,0.046714285714285715,0.0999999999999996,0.015,0.05,0.0,0.0
0.435048,61,7273.663116,hard,0.3467391304347826,0.3467391304347826,0,602,4,2,2,2,2,0,0,0,0,0.010526315789473682,0.02527472527472527,0.0,0.3380494505494493,0.0,2,False,72,0.07767857142857143,0.09794313909774435,0.05056593406593392,0.003684210526315789,0.09425892857142856,0.040565934065933916,0.0,0.01,0.0,0.0,0.0
0.301982,55,7290.439719,hard,0.23329519450800915,0.23329519450800915,0,547,4,2,2,2,2,0,0,0,0,0.004925629290617861,0.011826923076923108,0.0,0.31291208791208736,0.0,2,False,52,0.06415178571428572,0.07583780953743055,0.04754945054945048,0.0017239702517162516,0.0741138392857143,0.037549450549450476,0.0,0.01,0.0,0.0,0.0
0.243903,57,7307.264762,hard,0.17316933638443935,0.17316933638443935,0,563,4,2,2,2,2,0,0,0,0,0.0051659038901601985,0.0,0.0,0.16854395604395606,0.0,1,False,92,0.09540178571428572,0.10180806636155608,0.02522527472527473,0.0018080663615560693,0.1,0.02022527472527473,0.0,0.005,0.0,0.0,0.0
0.406708,59,7329.467649,hard,0.3270423340961093,0.3270423340961093,0,584,4,2,2,2,2,0,0,0,0,0.014056064073225938,0.0,0.058799999999997465,0.3215659340659341,0.4251333333333308,2,False,34,0.03339285714285714,0.046964265282771936,0.09110124542124516,0.004919622425629077,0.04204464285714286,0.03858791208791208,0.042513333333333084,0.01,0.0,0.0,0.0
0.165366,53,7345.901917,hard,0.20240274599542335,0.20240274599542335,0,525,3,2,1,2,1,0,0,0,1,0.0030034324942791713,0.00721153846153845,0.0,0.23873626373626383,0.0,1,False,8,0.009017857142857143,-0.01818540576985943,0.03364835164835166,0.0010512013729977098,0.010763392857142857,0.02864835164835166,0.0,0.005,0.0,0.0,0.03
0.47083,62,7364.220936,hard,0.3684210526315789,0.3684210526315789,0,614,4,2,2,2,2,0,0,0,0,0.022105263157894933,0.02451923076923093,0.0,0.39010989010988883,0.0,3,False,72,0.07767857142857143,0.10199577067669179,0.06181318681318667,0.007736842105263226,0.09425892857142856,0.04681318681318667,0.0,0.015,0.0,0.0,0.0
0.457634,57,7381.868549,hard,0.37202517162471394,0.37202517162471394,0,562,4,2,2,2,2,0,0,0,0,0.0,0.0,0.0,0.3987637362637363,0.0,3,False,57,0.06727678571428572,0.07895758928571428,0.06285164835164835,0.0,0.07895758928571428,0.047851648351648346,0.0,0.015,0.0,0.0,0.0
0.381285,77,7405.289628,hard,0.31590389016018305,0.31590389016018305,0,763,4,2,2,2,2,0,0,0,0,0.0,0.0,0.0,0.264010989010989,0.0,2,False,86,0.09348214285714286,0.1,0.041681318681318684,0.0,0.1,0.03168131868131868,0.0,0.01,0.0,0.0,0.0
0.537804,58,7422.944666,hard,0.41893592677345537,0.41893592677345537,0,575,4,2,2,2,2,0,0,0,0,0.0,0.0,0.0,0.5114010989010989,0.0,3,False,72,0.08946428571428572,0.1,0.07636813186813185,0.0,0.1,0.06136813186813186,0.0,0.015,0.0,0.0,0.0
0.442263,59,7440.723516,hard,0.3494851258581236,0.3494851258581236,0,590,4,2,2,2,2,0,0,0,0,0.0012013729977116703,0.0,0.0,0.34464285714285714,0.0,2,False,87,0.08457589285714286,0.1004204805491991,0.05135714285714286,0.0004204805491990846,0.1,0.041357142857142856,0.0,0.01,0.0,0.0,0.0
0.330147,59,7458.158525,hard,0.2607265446224256,0.2607265446224256,0,583,4,2,2,2,2,0,0,0,0,0.019822654462242476,0.0014423076923077084,0.0,0.13152472527472528,0.0,1,False,96,0.10821428571428572,0.10693792906178487,0.020782967032967035,0.006937929061784866,0.1,0.015782967032967034,0.0,0.005,0.0,0.0,0.0
0.408072,79,7486.479851,hard,0.3576659038901602,0.3576659038901602,0,789,4,2,2,2,2,0,0,0,0,0.010331807780320428,0.023365384615384763,0.0,0.3642857142857131,0.0,3,False,55,0.052633928571428575,0.07059157915168358,0.05871428571428557,0.00361613272311215,0.06697544642857144,0.043714285714285574,0.0,0.015,0.0,0.0,0.0
0.300577,58,7504.156085,hard,0.22791762013729977,0.22791762013729977,0,576,4,2,2,2,2,0,0,0,0,0.0,0.0,0.0,0.3,0.0,0,False,72,0.07767857142857143,0.09425892857142858,0.036000000000000004,0.0,0.09425892857142858,0.036000000000000004,0.0,0.0,0.0,0.0,0.0
0.43789,58,7521.87151,hard,0.3623798627002288,0.3623798627002288,0,577,4,2,2,2,2,0,0,0,0,0.0064874141876430135,0.0,0.0,0.23901098901098902,0.4013333333333333,2,False,48,0.0375,0.05439559496567506,0.07881465201465201,0.0022705949656750546,0.052125000000000005,0.028681318681318686,0.04013333333333333,0.01,0.0,0.0,0.0
0.553032,61,7540.730108,hard,0.42665903890160184,0.42665903890160184,0,605,4,2,2,2,2,0,0,0,0,0.009370709382151086,0.022500000000000138,0.0,0.5299450549450538,0.0,4,False,89,0.08613839285714285,0.10327974828375289,0.08359340659340647,0.0032797482837528804,0.1,0.06359340659340647,0.0,0.02,0.0,0.0,0.0
0.333386,65,7560.521714,hard,0.2690503432494279,0.2690503432494279,0,644,4,2,2,2,2,0,0,0,0,0.0037242562929061768,0.008942307692307687,0.0,0.3987637362637359,0.0,3,False,48,0.05410714285714286,0.0658838468453743,0.0628516483516483,0.0013034897025171618,0.06458035714285713,0.047851648351648304,0.0,0.015,0.0,0.0,0.0
0.425535,66,7580.439236,hard,0.3643020594965675,0.3643020594965675,0,658,4,2,2,2,2,0,0,0,0,0.0,0.0,0.0,0.3802197802197802,0.0,2,False,50,0.061875,0.07140625,0.05562637362637361,0.0,0.07140625,0.04562637362637361,0.0,0.01,0.0,0.0,0.0
0.37917,61,7599.266386,hard,0.2946796338672769,0.2946796338672769,0,601,4,2,2,2,2,0,0,0,0,0.010526315789473682,0.02527472527472527,0.0,0.46030219780219656,0.0,3,False,50,0.060892857142857144,0.07435385338345865,0.07023626373626358,0.003684210526315788,0.07066964285714286,0.055236263736263586,0.0,0.015,0.0,0.0,0.0
0.503801,69,7620.892287,hard,0.4161899313501144,0.4161899313501144,0,681,4,2,2,2,2,0,0,0,0,0.019822654462242444,0.0,0.0,0.5048076923076923,0.0,4,False,48,0.05892857142857143,0.07513435763321342,0.08057692307692307,0.006937929061784855,0.06819642857142857,0.06057692307692308,0.0,0.02,0.0,0.0,0.0
0.409952,67,7647.977073,hard,0.32946224256292905,0.32946224256292905,0,662,4,2,2,2,2,0,0,0,0,0.027465675057207997,0.006868131868131869,0.0,0.2965659340659338,0.0,2,False,68,0.07665178571428571,0.10110182555573707,0.04558791208791206,0.0096129862700228,0.09148883928571427,0.03558791208791206,0.0,0.01,0.0,0.0,0.0
0.496568,59,7665.735937,hard,0.38483981693363845,0.38483981693363845,0,585,4,2,2,2,2,0,0,0,0,0.010526315789473682,0.02527472527472527,0.0,0.4295329670329658,0.0,3,False,96,0.10683035714285714,0.1036842105263158,0.0665439560439559,0.003684210526315789,0.1,0.051543956043955896,0.0,0.015,0.0,0.0,0.0
1.692807,60,7684.078463,hard,0.47030892448512585,1.470308924485126,1,597,4,2,2,2,2,0,0,0,0,0.01381578947368427,0.0,0.03010000000000009,0.22266483516483518,0.9999999999999987,2,True,72,0.07285714285714286,0.09547838345864663,0.18671978021978008,0.004835526315789494,0.09064285714285714,0.026719780219780217,0.09999999999999987,0.01,0.05,0.0,0.0
0.289883,57,7701.454935,hard,0.2917620137299771,0.2917620137299771,0,570,4,2,2,2,2,0,0,0,0,0.016458810068649854,0.0,0.0,0.20604395604395603,0.0,1,False,16,0.015513392857142858,0.025395628166884596,0.02972527472527473,0.005760583524027449,0.019635044642857147,0.024725274725274728,0.0,0.005,0.0,0.0,0.0
2.807373,68,7722.168514,hard,0.6064073226544623,2.606407322654462,2,675,4,2,2,2,2,0,0,0,0,0.02591533180778041,0.0,0.06433333333333333,0.5494505494505495,0.9999999999999968,5,True,17,0.01328125,0.027531303632723145,0.24093406593406563,0.009070366132723143,0.0184609375,0.06593406593406592,0.09999999999999969,0.025,0.05,0.0,0.0
0.383918,62,7740.996446,hard,0.28306636155606407,0.28306636155606407,0,620,4,2,2,2,2,0,0,0,0,0.0,0.0,0.0,0.3987637362637363,0.0,3,False,82,0.08758928571428572,0.1,0.06285164835164835,0.0,0.1,0.047851648351648346,0.0,0.015,0.0,0.0,0.0
0.369381,60,7759.558791,hard,0.2899599542334092,0.2899599542334092,0,595,4,2,2,2,2,0,0,0,0,0.01787757437070901,0.003983516483516484,0.0,0.28021978021978006,0.0,2,False,71,0.07138392857142857,0.09529509745831959,0.0436263736263736,0.006257151029748153,0.08903794642857144,0.0336263736263736,0.0,0.01,0.0,0.0,0.0
0.4863,56,7776.805195,hard,0.3882265446224257,0.3882265446224257,0,557,4,2,2,2,2,0,0,0,0,0.011052631578947448,0.02653846153846173,0.0,0.437664835164834,0.0,2,False,69,0.07051339285714285,0.09125346569548874,0.06251978021978007,0.003868421052631606,0.08738504464285714,0.052519780219780064,0.0,0.01,0.0,0.0,0.0
2.761355,60,7794.92744,hard,0.5160183066361556,2.5160183066361554,2,596,4,2,2,2,2,0,0,0,0,0.03911899313501099,0.02527472527472527,0.16659999999999708,0.34313186813186686,0.9999999999999959,3,True,64,0.07075892857142857,0.09876084402582526,0.20617582417582364,0.013691647597253845,0.08506919642857141,0.041175824175824036,0.09999999999999959,0.015,0.05,0.0,0.0
0.556149,63,7822.489728,hard,0.42568649885583526,0.42568649885583526,0,626,4,2,2,2,2,0,0,0,0,0.02378718535469094,0.027403846153846313,0.0,0.3901098901098887,0.33366666666666667,3,False,71,0.07207589285714286,0.09788243451699898,0.0951798534798533,0.00832551487414183,0.08955691964285714,0.046813186813186636,0.03336666666666667,0.015,0.0,0.0,0.0
2.817041,61,7840.797077,hard,0.54941647597254,2.54941647597254,2,602,4,2,2,2,2,0,0,0,0,0.03803203661327239,0.0051923076923077495,0.2090000000000003,0.4126098901098899,0.9999999999999961,3,True,96,0.075,0.11331121281464535,0.21451318681318637,0.013311212814645333,0.1,0.04951318681318679,0.09999999999999962,0.015,0.05,0.0,0.0
0.509427,60,7859.880587,hard,0.3988558352402746,0.3988558352402746,0,599,4,2,2,2,2,0,0,0,0,0.0,0.0,0.0,0.4631868131868132,0.0,3,False,70,0.08651785714285715,0.09988839285714285,0.0705824175824176,0.0,0.09988839285714285,0.05558241758241759,0.0,0.015,0.0,0.0,0.0
0.304701,62,7878.573349,hard,0.22208237986270024,0.22208237986270024,0,617,4,2,2,2,2,0,0,0,0,0.0,0.0,0.0,0.28598901098901097,0.0,2,False,104,0.10339285714285715,0.1,0.04431868131868132,0.0,0.1,0.03431868131868132,0.0,0.01,0.0,0.0,0.0
0.434043,56,7896.372031,hard,0.34509725400457664,0.34509725400457664,0,556,4,2,2,2,2,0,0,0,0,0.010886727688787188,0.026140109890109897,0.0,0.33410714285714155,0.0,2,False,72,0.07285714285714286,0.09445321183393265,0.050092857142856995,0.003810354691075515,0.09064285714285714,0.04009285714285699,0.0,0.01,0.0,0.0,0.0
0.534894,61,7914.561095,hard,0.3756922196796333,0.3756922196796333,0,609,4,2,2,2,2,0,0,0,0,0.01681922196796277,0.0008653846153846158,0.08469999999999635,0.39010989010989006,0.642366666666663,3,False,57,0.07955357142857143,0.09405190626021555,0.1260498534798531,0.00588672768878697,0.08816517857142858,0.0468131868131868,0.0642366666666663,0.015,0.0,0.0,0.0
0.332813,56,7931.634005,hard,0.29400457665903895,0.29400457665903895,0,555,4,2,2,2,2,0,0,0,0,0.003844393592677388,0.009230769230769332,0.0,0.21142857142857102,0.0,1,False,39,0.05745535714285714,0.06393705561457994,0.03037142857142853,0.0013455377574370857,0.06259151785714286,0.025371428571428527,0.0,0.005,0.0,0.0,0.0
1.714021,66,7951.354729,hard,0.5327231121281465,1.5327231121281466,1,660,4,2,2,2,2,0,0,0,0,0.0,0.0,0.0,0.5144230769230769,0.6556666666666666,4,False,88,0.09919642857142857,0.1,0.14729743589743588,0.0,0.1,0.06173076923076922,0.06556666666666666,0.02,0.0,0.0,0.0
0.537557,61,7978.734949,hard,0.39056636155606356,0.39056636155606356,0,602,4,2,2,2,2,0,0,0,0,0.0413272311212807,0.0,0.07139999999999691,0.3354395604395604,0.37473333333333025,3,False,84,0.08223214285714285,0.11446453089244825,0.09272608058608028,0.014464530892448242,0.1,0.04025274725274726,0.037473333333333025,0.015,0.0,0.0,0.0
0.427401,61,7997.192897,hard,0.3684210526315789,0.3684210526315789,0,609,4,2,2,2,2,0,0,0,0,0.004565217391304357,0.010961538461538483,0.0,0.3901098901098896,0.0,3,False,52,0.040625,0.05806657608695653,0.06181318681318676,0.0015978260869565246,0.056468750000000005,0.04681318681318676,0.0,0.015,0.0,0.0,0.0
0.340849,59,8014.932607,hard,0.30348970251716245,0.30348970251716245,0,583,4,2,2,2,2,0,0,0,0,0.0,0.0,0.0,0.2342032967032967,0.0,2,False,53,0.04140625,0.0575546875,0.03810439560439561,0.0,0.0575546875,0.028104395604395607,0.0,0.01,0.0,0.0,0.0
0.363794,56,8032.327957,hard,0.3210297482837528,0.3210297482837528,0,554,4,2,2,2,2,0,0,0,0,0.003123569794050267,0.007499999999999817,0.0,0.276318681318681,0.0,2,False,42,0.043883928571428574,0.05500619585648902,0.04315824175824171,0.0010932494279175934,0.053912946428571425,0.03315824175824171,0.0,0.01,0.0,0.0,0.0
0.321185,56,8049.552494,hard,0.2393020594965675,0.2393020594965675,0,559,4,2,2,2,2,0,0,0,0,0.004925629290617861,0.011826923076923108,0.0,0.31483516483516427,0.0,2,False,66,0.07370535714285714,0.0900029881088591,0.047780219780219714,0.0017239702517162514,0.08827901785714284,0.03778021978021971,0.0,0.01,0.0,0.0,0.0
0.637865,58,8067.446301,hard,0.4851258581235698,0.4851258581235698,0,572,4,2,2,2,2,0,0,0,0,0.012854691075514967,0.03086538461538484,0.0,0.6703296703296742,0.0,5,False,96,0.10821428571428572,0.10449914187643024,0.1054395604395609,0.004499141876430238,0.1,0.0804395604395609,0.0,0.025,0.0,0.0,0.0
0.415171,58,8084.787571,hard,0.3274599542334096,0.3274599542334096,0,573,4,2,2,2,2,0,0,0,0,0.0,0.0,0.0,0.2917582417582418,0.0,2,False,72,0.08946428571428572,0.1,0.045010989010989017,0.0,0.1,0.035010989010989015,0.0,0.01,0.0,0.0,0.0
0.435954,60,8103.043499,hard,0.3433695652173912,0.3433695652173912,0,591,4,2,2,2,2,0,0,0,0,0.012133867276887818,0.017596153846153696,0.0,0.5772115384615384,0.0,4,False,39,0.0515625,0.06241872854691074,0.08926538461538461,0.004246853546910736,0.058171875000000005,0.0692653846153846,0.0,0.02,0.0,0.0,0.0
0.627372,61,8120.949028,hard,0.4849141876430199,0.4849141876430199,0,606,4,2,2,2,2,0,0,0,0,0.01477688787185291,0.0,0.08609999999999629,0.3901098901098901,0.678766666666663,3,False,48,0.05892857142857143,0.07336833932657709,0.12968985347985312,0.005171910755148518,0.06819642857142857,0.04681318681318681,0.06787666666666631,0.015,0.0,0.0,0.0
0.31358,58,8145.088334,hard,0.23369565217391305,0.23369565217391305,0,575,4,2,2,2,2,0,0,0,0,0.0,0.0,0.0,0.3061813186813187,0.0,2,False,72,0.07285714285714286,0.09064285714285714,0.04674175824175824,0.0,0.09064285714285714,0.03674175824175824,0.0,0.01,0.0,0.0,0.0
0.317825,59,8162.973465,hard,0.22788901601830663,0.22788901601830663,0,582,4,2,2,2,2,0,0,0,0,0.006127002288329545,0.01471153846153852,0.0,0.29993131868131806,0.0,2,False,96,0.10821428571428572,0.10214445080091535,0.04599175824175816,0.0021444508009153406,0.1,0.03599175824175816,0.0,0.01,0.0,0.0,0.0
0.590996,62,8181.387278,hard,0.45590389016018196,0.45590389016018196,0,611,4,2,2,2,2,0,0,0,0,0.032677345537756385,0.0,0.19039999999999388,0.25247252747252746,0.8437333333333251,2,False,52,0.04544642857142857,0.07152189236678617,0.12467003663003583,0.011437070938214737,0.06008482142857143,0.030296703296703302,0.08437333333333252,0.01,0.0,0.0,0.0
1.651019,56,8198.136182,hard,0.4767162471395881,1.476716247139588,1,556,4,2,2,2,2,0,0,0,0,0.012614416475972631,0.0,0.07350000000000054,0.23804945054945054,0.9999999999999962,2,True,34,0.0265625,0.04133692076659042,0.1885659340659337,0.004415045766590421,0.036921875,0.02856593406593407,0.09999999999999962,0.01,0.05,0.0,0.0
0.381481,59,8216.189413,hard,0.2885354691075515,0.2885354691075515,0,587,4,2,2,2,2,0,0,0,0,0.0021624713958810307,0.0051923076923077495,0.0,0.34074175824175823,0.0,2,False,82,0.09241071428571429,0.10075686498855836,0.05088901098901099,0.0007568649885583607,0.1,0.04088901098901099,0.0,0.01,0.0,0.0,0.0
0.397875,69,8237.075037,hard,0.3022883295194508,0.3022883295194508,0,683,4,2,2,2,2,0,0,0,0,0.001716247139588101,0.004120879120879122,0.0,0.40549450549450533,0.17733333333333334,3,False,62,0.06785714285714285,0.08249354364171296,0.08139267399267396,0.0006006864988558353,0.08189285714285713,0.048659340659340626,0.017733333333333334,0.015,0.0,0.0,0.0
0.343908,59,8254.98856,hard,0.3079576659038902,0.3079576659038902,0,585,4,2,2,2,2,0,0,0,0,0.006127002288329551,0.0,0.0,0.251510989010989,0.0,2,False,48,0.0375,0.05426945080091535,0.04018131868131868,0.0021444508009153427,0.05212500000000001,0.03018131868131868,0.0,0.01,0.0,0.0,0.0
0.454297,86,8281.29774,hard,0.3948512585812357,0.3948512585812357,0,854,4,2,2,2,2,0,0,0,0,0.002763157894736838,0.006634615384615374,0.0,0.39010989010988983,0.154,3,False,59,0.049553571428571426,0.06763228383458647,0.07721318681318678,0.000967105263157893,0.06666517857142858,0.046813186813186775,0.015400000000000002,0.015,0.0,0.0,0.0
0.415634,64,8308.618401,hard,0.3036498855835238,0.3036498855835238,0,631,4,2,2,2,2,0,0,0,0,0.004565217391304151,0.0,0.026599999999998854,0.39203296703296703,0.2039333333333322,3,False,70,0.07473214285714286,0.09264693322981359,0.08243728937728927,0.0015978260869564528,0.09104910714285713,0.047043956043956045,0.02039333333333322,0.015,0.0,0.0,0.0
0.333585,60,8327.308403,hard,0.2654462242562929,0.2654462242562929,0,596,4,2,2,2,2,0,0,0,0,0.003844393592677344,0.009230769230769226,0.0,0.3901098901098897,0.0,3,False,48,0.05410714285714286,0.0659258949002942,0.061813186813186774,0.0013455377574370705,0.06458035714285713,0.046813186813186775,0.0,0.015,0.0,0.0,0.0
0.597474,62,8345.906697,hard,0.4703661327231121,0.4703661327231121,0,619,4,2,2,2,2,0,0,0,0,0.0,0.0,0.0,0.10989010989010989,0.9263333333333333,1,False,72,0.05625,0.07818750000000001,0.11082014652014655,0.0,0.07818750000000001,0.013186813186813187,0.09263333333333336,0.005,0.0,0.0,0.0
0.360207,58,8363.309798,hard,0.2874370709382151,0.2874370709382151,0,580,4,2,2,2,2,0,0,0,0,0.006544622425629238,0.01557692307692295,0.0,0.19565934065934,0.0,1,False,96,0.10821428571428572,0.10229061784897024,0.0284791208791208,0.0022906178489702335,0.1,0.0234791208791208,0.0,0.005,0.0,0.0,0.0
0.339654,57,8380.605967,hard,0.3255148741418764,0.3255148741418764,0,565,4,2,2,2,2,0,0,0,0,0.0003604118993135052,0.0008653846153846252,0.0,0.28708791208791207,0.0,2,False,24,0.01875,0.02618864416475973,0.04445054945054945,0.00012614416475972682,0.026062500000000002,0.03445054945054945,0.0,0.01,0.0,0.0,0.0
0.287305,58,8398.127551,hard,0.2636498855835239,0.2636498855835239,0,580,4,2,2,2,2,0,0,0,0,0.0019221967963385898,0.004615384615384416,0.0,0.13854395604395583,0.0,1,False,48,0.047142857142857146,0.06002991173586136,0.021625274725274708,0.0006727688787185064,0.05935714285714286,0.016625274725274707,0.0,0.005,0.0,0.0,0.0
1.693442,63,8417.223058,hard,0.5372540045766577,1.5372540045766576,1,624,4,2,2,2,2,0,0,0,0,0.0338787185354678,0.0,0.13439999999999488,0.3901098901098901,0.7107333333333276,3,False,68,0.053125,0.08570130148741373,0.13288652014651958,0.011857551487413727,0.07384375,0.046813186813186816,0.07107333333333277,0.015,0.0,0.0,0.0
0.293404,67,8437.771901,hard,0.28175057208237986,0.28175057208237986,0,664,4,2,2,2,2,0,0,0,0,0.008529748283752909,0.020480769230769347,0.0,0.18200549450549464,0.0,1,False,39,0.03830357142857143,0.05121309047074209,0.026840659340659354,0.002985411899313518,0.04822767857142857,0.021840659340659353,0.0,0.005,0.0,0.0,0.0
0.376347,58,8471.675683,hard,0.28939359267734543,0.28939359267734543,0,578,4,2,2,2,2,0,0,0,0,0.013592677345537672,0.02802197802197802,0.0,0.39010989010988867,0.0,3,False,59,0.06491071428571428,0.0829404727852239,0.06181318681318665,0.004757437070938186,0.07818303571428571,0.04681318681318665,0.0,0.015,0.0,0.0,0.0
1.579085,59,8489.431253,hard,0.36693363844393595,1.366933638443936,1,590,4,2,2,2,2,0,0,0,0,0.007837528604118993,0.0,0.04566666666666667,0.2217032967032967,0.9999999999999978,2,True,72,0.06107142857142857,0.08454670644001308,0.1866043956043954,0.002743135011441647,0.08180357142857143,0.02660439560439561,0.09999999999999978,0.01,0.05,0.0,0.0
0.539652,61,8508.062383,hard,0.4306064073226545,0.4306064073226545,0,601,4,2,2,2,2,0,0,0,0,0.019078947368421164,0.04581043956043983,0.0,0.49999999999999767,0.08633333333333333,4,False,57,0.060446428571428575,0.08051245300751883,0.08863333333333308,0.006677631578947407,0.07383482142857142,0.059999999999999734,0.008633333333333333,0.02,0.0,0.0,0.0
0.133739,66,8528.046859,hard,0.13266590389016017,0.13266590389016017,0,655,4,2,2,2,2,0,0,0,0,0.0,0.0,0.0,0.24162087912087912,0.0,1,False,30,0.0234375,0.032578125,0.03399450549450549,0.0,0.032578125,0.028994505494505496,0.0,0.005,0.0,0.0,0.0
0.328905,62,8547.130427,hard,0.27902745995423306,0.27902745995423306,0,616,4,2,2,2,2,0,0,0,0,0.007808924485125577,0.0,0.00279999999999988,0.2811813186813187,0.16846666666666654,2,False,41,0.036875,0.05088937356979395,0.06058842490842491,0.0027331235697939517,0.04815625,0.03374175824175825,0.016846666666666656,0.01,0.0,0.0,0.0
0.278808,57,8564.692291,hard,0.1977116704805492,0.1977116704805492,0,562,4,2,2,2,2,0,0,0,0,0.0,0.0,0.0,0.22747252747252747,0.0,2,False,96,0.075,0.1,0.037296703296703294,0.0,0.1,0.027296703296703296,0.0,0.01,0.0,0.0,0.0
0.621399,59,8583.085327,hard,0.4742562929061785,0.4742562929061785,0,585,4,2,2,2,2,0,0,0,0,0.0,0.0,0.0,0.5,0.35,4,False,72,0.07285714285714286,0.09064285714285715,0.115,0.0,0.09064285714285715,0.05999999999999999,0.035,0.02,0.0,0.0,0.0
2.794905,64,8602.675821,hard,0.5719050343249429,2.571905034324943,2,634,4,2,2,2,2,0,0,0,0,0.01609839816933653,0.022788461538461778,0.0,0.4666071428571419,1.0,2,True,52,0.051696428571428574,0.07040676078783921,0.21599285714285704,0.0056344393592677846,0.06477232142857142,0.05599285714285703,0.1,0.01,0.05,0.0,0.0
0.205154,56,8620.246327,hard,0.17701372997711676,0.17701372997711676,0,557,4,2,2,2,2,0,0,0,0,0.005045766590389071,0.012115384615384748,0.0,0.17777472527472493,0.0,1,False,48,0.04232142857142857,0.05750708973520761,0.026332967032966993,0.001766018306636175,0.05574107142857143,0.02133296703296699,0.0,0.005,0.0,0.0,0.0
0.482988,77,8651.327053,hard,0.4083867276887872,0.4083867276887872,0,765,4,2,2,2,2,0,0,0,0,0.005526315789473745,0.013269230769230915,0.0,0.47453296703296644,0.028,3,False,56,0.06189732142857143,0.0763572015977444,0.07474395604395596,0.0019342105263158108,0.07442299107142858,0.05694395604395597,0.0028000000000000004,0.015,0.0,0.0,0.0
0.473554,69,8672.336543,hard,0.3684210526315789,0.3684210526315789,0,686,4,2,2,2,2,0,0,0,0,0.03405606407322628,0.0,0.0,0.3901098901098901,0.0,3,False,96,0.10821428571428572,0.11191962242562921,0.061813186813186816,0.011919622425629198,0.1,0.046813186813186816,0.0,0.015,0.0,0.0,0.0
0.454761,66,8692.158471,hard,0.3807379862700221,0.3807379862700221,0,651,4,2,2,2,2,0,0,0,0,0.018381006864987767,0.0,0.10709999999999538,0.22843406593406593,0.46409999999999535,2,False,45,0.03515625,0.05530053990274572,0.08382208791208745,0.0064333524027457185,0.0488671875,0.02741208791208791,0.04640999999999954,0.01,0.0,0.0,0.0
2.792398,61,8710.594802,hard,0.5368993135011442,2.536899313501144,2,610,4,2,2,2,2,0,0,0,0,0.015978260869565233,0.0,0.0931000000000001,0.38255494505494503,0.9999999999999959,3,True,96,0.075,0.10559239130434783,0.21090659340659296,0.005592391304347832,0.1,0.04590659340659339,0.09999999999999959,0.015,0.05,0.0,0.0
1.807269,62,8729.765805,hard,0.6598226544622414,1.6598226544622414,1,616,4,2,2,2,2,0,0,0,0,0.035560640732264365,0.006346153846153872,0.16589999999999358,0.4395604395604394,0.9778999999999928,4,False,24,0.01875,0.03850872425629253,0.17053725274725198,0.012446224256292526,0.026062500000000002,0.05274725274725272,0.09778999999999928,0.02,0.0,0.0,0.0
1.741651,60,8747.829589,hard,0.4670366132723113,1.4670366132723114,1,591,4,2,2,2,2,0,0,0,0,0.023621281464531033,0.030467032967033018,0.06370000000000044,0.4620604395604381,0.9999999999999968,4,True,120,0.11035714285714286,0.10826744851258586,0.22544725274725225,0.008267448512585863,0.1,0.05544725274725257,0.09999999999999969,0.02,0.05,0.0,0.0
0.380621,60,8766.240099,hard,0.29712242562929037,0.29712242562929037,0,595,4,2,2,2,2,0,0,0,0,0.012568649885583231,0.013736263736263745,0.0,0.3949175824175818,0.0,3,False,58,0.06294642857142857,0.08060884888852557,0.06239010989010982,0.00439902745995413,0.07620982142857144,0.04739010989010982,0.0,0.015,0.0,0.0,0.0
0.446725,59,8784.258565,hard,0.34780320366132716,0.34780320366132716,0,581,4,2,2,2,2,0,0,0,0,0.0007208237986269713,0.0017307692307691562,0.0,0.29252747252747247,0.11666666666666667,2,False,70,0.08720982142857144,0.10025228832951945,0.05676996336996338,0.0002522883295194399,0.1,0.035103296703296705,0.011666666666666669,0.01,0.0,0.0,0.0
0.438504,62,8809.527178,hard,0.37562929061784894,0.37562929061784894,0,618,4,2,2,2,2,0,0,0,0,0.02018306636155592,0.0,0.0,0.4074175824175824,0.0,3,False,38,0.04629464285714286,0.06078505536940172,0.06389010989010988,0.007064073226544573,0.05372098214285715,0.04889010989010988,0.0,0.015,0.0,0.0,0.0
0.368687,56,8826.082447,hard,0.31550915331807794,0.31550915331807794,0,559,4,2,2,2,2,0,0,0,0,0.010932494279176301,0.02625000000000024,0.0,0.2630631868131857,0.0,1,False,47,0.06024553571428572,0.07251052478342598,0.03656758241758228,0.0038263729977117047,0.06868415178571428,0.031567582417582285,0.0,0.005,0.0,0.0,0.0
0.341476,58,8843.804328,hard,0.28825514874141883,0.28825514874141883,0,571,4,2,2,2,2,0,0,0,0,0.0032437070938215458,0.0,0.0,0.25824175824175827,0.0,2,False,48,0.05892857142857143,0.06933172605426612,0.040989010989010984,0.001135297482837541,0.06819642857142857,0.030989010989010985,0.0,0.01,0.0,0.0,0.0
0.302183,63,8862.790841,hard,0.24250572082379862,0.24250572082379862,0,626,4,2,2,2,2,0,0,0,0,0.0,0.0,0.0,0.2936813186813187,0.0,2,False,48,0.07071428571428572,0.07703571428571429,0.045241758241758245,0.0,0.07703571428571429,0.03524175824175824,0.0,0.01,0.0,0.0,0.0
0.699262,64,8881.763613,hard,0.4834096109839817,0.4834096109839817,0,640,4,2,2,2,2,0,0,0,0,0.001659038901601831,0.0,0.0,0.5086538461538461,0.9823333333333333,4,False,96,0.10821428571428572,0.10058066361556064,0.17927179487179487,0.0005806636155606408,0.1,0.06103846153846154,0.09823333333333335,0.02,0.0,0.0,0.0
0.579404,63,8900.579286,hard,0.4321739130434779,0.4321739130434779,0,625,4,2,2,2,2,0,0,0,0,0.030772311212814124,0.0,0.04479999999999807,0.3901098901098901,0.3714666666666647,3,False,96,0.10821428571428572,0.11077030892448494,0.09895985347985327,0.010770308924484943,0.1,0.0468131868131868,0.037146666666666474,0.015,0.0,0.0,0.0
1.736323,59,8918.516672,hard,0.48554919908466815,1.485549199084668,1,585,4,2,2,2,2,0,0,0,0,0.022465675057208315,0.05394230769230788,0.0,0.5065109890109867,1.0,2,True,58,0.06883928571428571,0.08849245055573719,0.2207813186813184,0.00786298627002291,0.08062946428571428,0.060781318681318405,0.1,0.01,0.05,0.0,0.0
0.275982,60,8937.930217,hard,0.2517162471395881,0.2517162471395881,0,593,4,2,2,2,2,0,0,0,0,0.002282608695652171,0.0,0.0,0.10989010989010989,0.0,1,False,48,0.05410714285714286,0.0653792701863354,0.01818681318681319,0.0007989130434782598,0.06458035714285713,0.013186813186813189,0.0,0.005,0.0,0.0,0.0
0.37149,58,8962.353654,hard,0.3022883295194508,0.3022883295194508,0,580,4,2,2,2,2,0,0,0,0,0.0,0.0,0.0,0.3968406593406593,0.0,3,False,48,0.05410714285714286,0.06458035714285715,0.06262087912087912,0.0,0.06458035714285715,0.04762087912087912,0.0,0.015,0.0,0.0,0.0
2.73119,59,8980.075058,hard,0.5312929061784897,2.5312929061784897,2,583,4,2,2,2,2,0,0,0,0,0.03423913043478187,0.0,0.19949999999999568,0.3690934065934066,0.9999999999999959,3,True,34,0.0265625,0.04890557065217365,0.20929120879120838,0.011983695652173653,0.036921875,0.04429120879120879,0.09999999999999959,0.015,0.05,0.0,0.0
0.551596,79,9004.171048,hard,0.44742562929061785,0.44742562929061785,0,781,4,2,2,2,2,0,0,0,0,0.006487414187642799,0.0,0.0,0.5,0.0,4,False,84,0.09053571428571429,0.10227059496567499,0.08,0.0022705949656749796,0.1,0.060000000000000005,0.0,0.02,0.0,0.0,0.0
1.677381,57,9021.76946,hard,0.5013558352402742,1.501355835240274,1,562,4,2,2,2,2,0,0,0,0,0.02486842105263107,0.0,0.14489999999999703,0.3293956043956044,0.9218999999999937,2,False,72,0.06107142857142857,0.09050751879699231,0.1417174725274719,0.008703947368420874,0.08180357142857143,0.039527472527472525,0.09218999999999938,0.01,0.0,0.0,0.0
0.371742,62,9040.407857,hard,0.33346681922196797,0.33346681922196797,0,619,4,2,2,2,2,0,0,0,0,0.014874141876430207,0.0,0.0,0.3061813186813187,0.0,2,False,39,0.03830357142857143,0.05343362822817914,0.04674175824175825,0.005205949656750572,0.04822767857142857,0.036741758241758245,0.0,0.01,0.0,0.0,0.0
0.417069,59,9058.795811,hard,0.31130434782608707,0.31130434782608707,0,582,4,2,2,2,2,0,0,0,0,0.016939359267734624,0.04067307692307709,0.0,0.4300274725274708,0.17033333333333334,2,False,54,0.06986607142857143,0.08532832931513569,0.07863663003662981,0.005928775743707117,0.07939955357142857,0.05160329670329648,0.01703333333333333,0.01,0.0,0.0,0.0
0.44167,58,9076.392749,hard,0.3114073226544617,0.3114073226544617,0,578,4,2,2,2,2,0,0,0,0,0.020903890160182556,0.017596153846154032,0.07909999999999659,0.1861401098901095,0.5340999999999966,1,False,92,0.09540178571428572,0.1073163615560639,0.08074681318681282,0.007316361556063894,0.1,0.022336813186813142,0.053409999999999666,0.005,0.0,0.0,0.0
0.40867,75,9099.86799,hard,0.39645308924485123,0.39645308924485123,0,750,4,2,2,2,2,0,0,0,0,0.0,0.0,0.0,0.4574175824175824,0.0,3,False,15,0.01310267857142857,0.01732700892857143,0.06989010989010991,0.0,0.01732700892857143,0.0548901098901099,0.0,0.015,0.0,0.0,0.0
0.589713,63,9125.775176,hard,0.4726544622425629,0.4726544622425629,0,625,4,2,2,2,2,0,0,0,0,0.002162471395881004,0.0,0.0,0.6403846153846153,0.0,4,False,64,0.06660714285714285,0.08271222213141549,0.09684615384615386,0.0007568649885583514,0.08195535714285714,0.07684615384615386,0.0,0.02,0.0,0.0,0.0
0.33824,63,9145.038823,hard,0.3097368421052631,0.3097368421052631,0,627,4,2,2,2,2,0,0,0,0,0.0014416475972539424,0.003461538461538312,0.0,0.24920329670329655,0.0,2,False,44,0.038392857142857145,0.05129921951618174,0.039904395604395584,0.0005045766590388797,0.050794642857142865,0.029904395604395582,0.0,0.01,0.0,0.0,0.0
2.794034,61,9164.078433,hard,0.5606407322654462,2.5606407322654463,2,609,4,2,2,2,2,0,0,0,0,0.017734553775743782,0.02527472527472527,0.04200000000000022,0.43956043956043833,0.999999999999998,4,True,53,0.05178571428571429,0.07154637953579605,0.22274725274725238,0.006207093821510324,0.06533928571428572,0.052747252747252595,0.0999999999999998,0.02,0.05,0.0,0.0
0.409715,59,9181.939763,hard,0.30136727688787196,0.30136727688787196,0,590,4,2,2,2,2,0,0,0,0,0.012974828375286124,0.031153846153846355,0.0,0.4763598901098894,0.0,3,False,72,0.07285714285714286,0.09518404707420727,0.07216318681318673,0.004541189931350144,0.09064285714285714,0.057163186813186724,0.0,0.015,0.0,0.0,0.0
0.299188,62,9200.44361,hard,0.22408466819221967,0.22408466819221967,0,615,4,2,2,2,2,0,0,0,0,0.0006006864988558355,0.0005769230769230771,0.0,0.2907967032967033,0.0,2,False,79,0.06933035714285714,0.09170800813174239,0.04489560439560439,0.0002102402745995424,0.09149776785714285,0.034895604395604386,0.0,0.01,0.0,0.0,0.0
2.823469,61,9218.30725,hard,0.5561842105263157,2.5561842105263155,2,607,4,2,2,2,2,0,0,0,0,0.03291762013729908,0.003173076923076786,0.18409999999999632,0.42885989010988995,0.9999999999999959,3,True,96,0.10821428571428572,0.11152116704805468,0.21646318681318638,0.011521167048054677,0.1,0.051463186813186776,0.0999999999999996,0.015,0.05,0.0,0.0
0.233066,56,9235.517843,hard,0.21689931350114425,0.21689931350114425,0,555,4,2,2,2,2,0,0,0,0,0.002883295194508041,0.0,0.0,0.11277472527472528,0.0,1,False,48,0.0375,0.053134153318077824,0.018532967032967036,0.0010091533180778141,0.05212500000000001,0.013532967032967035,0.0,0.005,0.0,0.0,0.0
0.336528,61,9254.210627,hard,0.2805491990846682,0.2805491990846682,0,603,4,2,2,2,2,0,0,0,0,0.0015617848970251704,0.0037499999999999973,0.0,0.4263736263736262,0.0,2,False,34,0.05008928571428571,0.0551135889996731,0.06116483516483514,0.0005466247139588096,0.05456696428571429,0.05116483516483514,0.0,0.01,0.0,0.0,0.0
0.271848,57,9271.601444,hard,0.20905034324942787,0.20905034324942787,0,564,4,2,2,2,2,0,0,0,0,0.005045766590388915,0.0051923076923077495,0.016799999999999274,0.22469780219780197,0.07279999999999927,1,False,72,0.05625,0.07995351830663613,0.03924373626373616,0.0017660183066361204,0.07818750000000001,0.026963736263736236,0.007279999999999927,0.005,0.0,0.0,0.0
0.402006,60,9297.275252,hard,0.3704233409610984,0.3704233409610984,0,594,4,2,2,2,2,0,0,0,0,0.003964530892448513,0.00951923076923077,0.0,0.39491758241758196,0.0,3,False,22,0.021607142857142856,0.028592942955214123,0.06239010989010983,0.0013875858123569792,0.027205357142857142,0.04739010989010983,0.0,0.015,0.0,0.0,0.0
0.394153,57,9314.69963,hard,0.30789473684210517,0.30789473684210517,0,569,4,2,2,2,2,0,0,0,0,0.010812356979404976,0.005769230769230521,0.0,0.24478021978021952,0.0,2,False,92,0.10232142857142858,0.10378432494279174,0.03937362637362635,0.0037843249427917413,0.1,0.02937362637362635,0.0,0.01,0.0,0.0,0.0
0.569095,63,9333.92576,hard,0.47122425629290615,0.47122425629290615,0,625,4,2,2,2,2,0,0,0,0,0.00913043478260875,0.021923076923077055,0.0,0.6369505494505509,0.0,5,False,48,0.04232142857142857,0.0589367236024845,0.10143406593406609,0.003195652173913063,0.05574107142857144,0.0764340659340661,0.0,0.025,0.0,0.0,0.0
0.416431,63,9353.294489,hard,0.3599771167048056,0.3599771167048056,0,624,4,2,2,2,2,0,0,0,0,0.01021167048054927,0.012692307692307832,0.0,0.36983516483516427,0.0,2,False,47,0.049866071428571426,0.06447363823962082,0.05438021978021972,0.0035740846681922437,0.06089955357142857,0.04438021978021972,0.0,0.01,0.0,0.0,0.0
0.467181,59,9370.677046,hard,0.3372425629290618,0.3372425629290618,0,581,4,2,2,2,2,0,0,0,0,0.010526315789473682,0.02527472527472527,0.0,0.5413461538461526,0.051333333333333335,4,False,72,0.07767857142857143,0.09794313909774435,0.09009487179487166,0.003684210526315789,0.09425892857142856,0.06496153846153832,0.0051333333333333335,0.02,0.0,0.0,0.0
0.410549,62,9389.127993,hard,0.3110983981693364,0.3110983981693364,0,614,4,2,2,2,2,0,0,0,0,0.010469107551487413,0.0,0.0,0.429532967032967,0.0,3,False,72,0.07285714285714286,0.09430704478587773,0.06654395604395605,0.003664187643020594,0.09064285714285714,0.05154395604395604,0.0,0.015,0.0,0.0,0.0
0.35548,65,9409.506704,hard,0.2545766590389016,0.2545766590389016,0,643,4,2,2,2,2,0,0,0,0,0.009685354691075513,0.0232554945054945,0.0,0.39010989010989017,0.0,3,False,79,0.08799107142857143,0.10338987414187643,0.0618131868131868,0.003389874141876429,0.1,0.0468131868131868,0.0,0.015,0.0,0.0,0.0
0.381174,58,9427.552641,hard,0.2825114416475971,0.2825114416475971,0,574,4,2,2,2,2,0,0,0,0,0.003964530892448342,0.0,0.023099999999999003,0.28887362637362635,0.100099999999999,2,False,88,0.09919642857142857,0.10138758581235692,0.05467483516483507,0.0013875858123569196,0.1,0.034664835164835164,0.010009999999999901,0.01,0.0,0.0,0.0
0.321752,58,9454.520254,hard,0.22929061784897026,0.22929061784897026,0,578,4,2,2,2,2,0,0,0,0,0.017637299771167077,0.0066346153846154575,0.0,0.28406593406593367,0.0,2,False,96,0.09160714285714286,0.10617305491990849,0.04408791208791205,0.0061730549199084765,0.1,0.03408791208791205,0.0,0.01,0.0,0.0,0.0
0.387554,59,9472.212534,hard,0.27625858123569796,0.27625858123569796,0,583,4,2,2,2,2,0,0,0,0,0.013335240274599643,0.0,0.0,0.4160714285714286,0.0,3,False,144,0.1457142857142857,0.10466733409610988,0.06492857142857142,0.004667334096109874,0.1,0.049928571428571426,0.0,0.015,0.0,0.0,0.0
2.830385,63,9491.123157,hard,0.6175514874141877,2.617551487414188,2,628,4,2,2,2,2,0,0,0,0,0.05665903890160096,0.02527472527472527,0.2211999999999942,0.35851648351648224,0.9999999999999963,3,True,44,0.034375,0.06761191361556033,0.20802197802197753,0.019830663615560334,0.047781250000000004,0.043021978021977866,0.09999999999999964,0.015,0.05,0.0,0.0
1.686768,66,9511.100597,hard,0.43707093821510296,1.437070938215103,1,658,4,2,2,2,2,0,0,0,0,0.010526315789473682,0.02527472527472527,0.0,0.39010989010988883,1.0,3,True,140,0.14258928571428572,0.1036842105263158,0.21181318681318667,0.003684210526315789,0.1,0.046813186813186664,0.1,0.015,0.05,0.0,0.0
0.565856,66,9531.171112,hard,0.44181922196796336,0.44181922196796336,0,657,4,2,2,2,2,0,0,0,0,0.004061784897025173,0.009752747252747255,0.0,0.563461538461538,0.007,4,False,142,0.14415178571428572,0.10142162471395881,0.08831538461538459,0.0014216247139588105,0.1,0.06761538461538458,0.0007000000000000001,0.02,0.0,0.0,0.0
0.25651,58,9549.001761,hard,0.27093821510297483,0.27093821510297483,0,577,4,2,2,2,2,0,0,0,0,0.0,0.0,0.0,0.15604395604395604,0.0,1,False,18,0.0140625,0.019546875000000002,0.023725274725274727,0.0,0.019546875000000002,0.018725274725274726,0.0,0.005,0.0,0.0,0.0
0.320501,62,9567.326987,hard,0.23009153318077802,0.23009153318077802,0,611,4,2,2,2,2,0,0,0,0,0.013953089244851327,0.007829670329670331,0.0,0.3052197802197799,0.0,2,False,83,0.08283482142857143,0.10488358123569796,0.0466263736263736,0.004883581235697965,0.1,0.036626373626373596,0.0,0.01,0.0,0.0,0.0
0.359864,60,9585.529921,hard,0.3174313501144163,0.3174313501144163,0,595,4,2,2,2,2,0,0,0,0,0.017660183066361464,0.0,0.0,0.2802197802197802,0.0,2,False,48,0.0375,0.05830606407322653,0.04362637362637362,0.0061810640732265125,0.05212500000000001,0.03362637362637362,0.0,0.01,0.0,0.0,0.0
0.529699,61,9603.925873,hard,0.3893478260869557,0.3893478260869557,0,605,4,2,2,2,2,0,0,0,0,0.02258581235697852,0.0,0.13159999999999486,0.3968406593406593,0.7055999999999943,3,False,45,0.0496875,0.0676706593249425,0.13318087912087856,0.007905034324942483,0.05976562500000001,0.04762087912087911,0.07055999999999944,0.015,0.0,0.0,0.0
0.514007,63,9629.822412,hard,0.4274485125858119,0.4274485125858119,0,623,4,2,2,2,2,0,0,0,0,0.011773455377573863,0.0,0.06859999999999704,0.3901098901098901,0.34393333333333037,3,False,38,0.039375,0.05265195938215085,0.09620652014651986,0.004120709382150851,0.04853125,0.04681318681318681,0.03439333333333304,0.015,0.0,0.0,0.0
0.587301,62,9648.635765,hard,0.4627574370709382,0.4627574370709382,0,616,4,2,2,2,2,0,0,0,0,0.008169336384439403,0.019615384615384722,0.0,0.609890109890109,0.01633333333333333,5,False,63,0.06928571428571428,0.0863235534488395,0.09982014652014642,0.002859267734553791,0.08346428571428571,0.0731868131868131,0.0016333333333333334,0.025,0.0,0.0,0.0
0.221038,59,9666.592305,hard,0.1892276887871853,0.1892276887871853,0,581,4,2,2,2,2,0,0,0,0,0.002042334096109752,0.0,0.0,0.10989010989010989,0.0,1,False,63,0.05267857142857143,0.07172374550506698,0.01818681318681319,0.0007148169336384131,0.07100892857142857,0.013186813186813189,0.0,0.005,0.0,0.0,0.0
2.941357,75,9689.350325,hard,0.6773455377574371,2.677345537757437,2,750,4,2,2,2,2,0,0,0,0,0.008169336384439403,0.019615384615384722,0.0,0.7197802197802224,1.0,6,True,59,0.053705357142857145,0.07263828559169666,0.2663736263736267,0.002859267734553791,0.06977901785714287,0.08637362637362668,0.1,0.030000000000000002,0.05,0.0,0.0
0.307484,60,9707.503989,hard,0.2897597254004577,0.2897597254004577,0,594,4,2,2,2,2,0,0,0,0,0.009250572082379463,0.0,0.0,0.20123626373626374,0.0,1,False,35,0.036316964285714286,0.047975423443118524,0.029148351648351653,0.0032377002288328117,0.044737723214285714,0.024148351648351652,0.0,0.005,0.0,0.0,0.0
0.375175,63,9726.671957,hard,0.3026887871853547,0.3026887871853547,0,626,4,2,2,2,2,0,0,0,0,0.0,0.0,0.0,0.45357142857142857,0.063,3,False,48,0.047142857142857146,0.05935714285714286,0.07572857142857144,0.0,0.05935714285714286,0.05442857142857144,0.0063,0.015,0.0,0.0,0.0
0.348173,57,9743.774115,hard,0.31018306636155607,0.31018306636155607,0,564,4,2,2,2,2,0,0,0,0,0.0,0.0,0.0,0.2502747252747253,0.0,1,False,48,0.047142857142857146,0.05935714285714286,0.03503296703296704,0.0,0.05935714285714286,0.030032967032967036,0.0,0.005,0.0,0.0,0.0
0.38072,63,9763.794328,hard,0.293644164759725,0.293644164759725,0,621,4,2,2,2,2,0,0,0,0,0.018981693363844025,0.0028846153846153843,0.0,0.35906593406593396,0.0,2,False,69,0.07325892857142857,0.09608778910591684,0.05308791208791206,0.006643592677345409,0.08944419642857143,0.04308791208791206,0.0,0.01,0.0,0.0,0.0
0.472545,68,9791.22702,hard,0.37803203661327234,0.37803203661327234,0,673,4,2,2,2,2,0,0,0,0,0.0,0.0,0.0,0.3901098901098901,0.0,3,False,121,0.12428571428571429,0.1,0.06181318681318681,0.0,0.1,0.04681318681318681,0.0,0.015,0.0,0.0,0.0
2.864613,63,9809.929247,hard,0.585812356979405,2.585812356979405,2,623,4,2,2,2,2,0,0,0,0,0.03171624713958716,0.0,0.1847999999999945,0.5,0.9999999999999976,4,True,96,0.10821428571428572,0.11110068649885552,0.22999999999999976,0.011100686498855504,0.1,0.059999999999999984,0.09999999999999977,0.02,0.05,0.0,0.0
0.49083,58,9827.133441,hard,0.379691075514874,0.379691075514874,0,580,4,2,2,2,2,0,0,0,0,0.011653318077803142,0.02798076923076908,0.0,0.41717032967032847,0.0,3,False,79,0.09493303571428571,0.1040786613272311,0.06506043956043941,0.004078661327231099,0.1,0.05006043956043942,0.0,0.015,0.0,0.0,0.0
0.157915,62,9845.745991,hard,0.13907322654462242,0.13907322654462242,0,616,4,2,2,2,2,0,0,0,0,0.0,0.0,0.0,0.2473901098901099,0.0,1,False,37,0.03633928571428571,0.04575446428571429,0.03468681318681319,0.0,0.04575446428571429,0.02968681318681319,0.0,0.005,0.0,0.0,0.0
0.381756,62,9864.64964,hard,0.3080205949656751,0.3080205949656751,0,616,4,2,2,2,2,0,0,0,0,0.002643020594965704,0.006346153846153916,0.0,0.2450824175824173,0.0,1,False,83,0.0890625,0.10092505720823801,0.034409890109890075,0.0009250572082379964,0.1,0.029409890109890077,0.0,0.005,0.0,0.0,0.0
2.726924,58,9882.106528,hard,0.5157608695652173,2.5157608695652174,2,579,4,2,2,2,2,0,0,0,0,0.0030034324942790854,0.007211538461538244,0.0,0.33179945054945026,1.0,2,True,48,0.05892857142857143,0.06924762994442625,0.19981593406593406,0.00105120137299768,0.06819642857142857,0.039815934065934026,0.1,0.01,0.05,0.0,0.0
0.369834,56,9899.109392,hard,0.26824942791762013,0.26824942791762013,0,552,4,2,2,2,2,0,0,0,0,0.0032608695652173916,0.007829670329670331,0.0,0.39684065934065904,0.0,3,False,71,0.07669642857142857,0.0941636257763975,0.06262087912087907,0.001141304347826087,0.09302232142857142,0.047620879120879075,0.0,0.015,0.0,0.0,0.0
0.407725,62,9917.487501,hard,0.32247139588100693,0.32247139588100693,0,616,4,2,2,2,2,0,0,0,0,0.009370709382151088,0.008076923076923165,0.0,0.27978021978021944,0.0,2,False,87,0.08524553571428571,0.10327974828375289,0.043573626373626335,0.0032797482837528813,0.1,0.033573626373626334,0.0,0.01,0.0,0.0,0.0
0.205839,55,9940.83539,hard,0.1623169336384439,0.1623169336384439,0,544,4,2,2,2,2,0,0,0,0,0.0015617848970251042,0.0,0.0,0.12142857142857143,0.0,1,False,64,0.06107142857142857,0.07835019614253023,0.019571428571428576,0.0005466247139587865,0.07780357142857144,0.014571428571428577,0.0,0.005,0.0,0.0,0.0
0.44785,60,9958.996112,hard,0.392745995423341,0.392745995423341,0,596,4,2,2,2,2,0,0,0,0,0.0071624713958810225,0.017197802197802235,0.0,0.4485164835164828,0.0,3,False,38,0.0325,0.04588186498855836,0.06882197802197794,0.0025068649885583577,0.043375000000000004,0.05382197802197794,0.0,0.015,0.0,0.0,0.0
0.526086,61,9977.451751,hard,0.40278032036613265,0.40278032036613265,0,609,4,2,2,2,2,0,0,0,0,0.020257437070938283,0.046909340659340895,0.004199999999999819,0.42857142857142627,0.10686666666666648,3,False,81,0.08611607142857143,0.1070901029748284,0.07711523809523779,0.007090102974828398,0.1,0.05142857142857115,0.01068666666666665,0.015,0.0,0.0,0.0
0.283509,57,9994.837453,hard,0.21145881006864994,0.21145881006864994,0,562,4,2,2,2,2,0,0,0,0,0.007808924485125897,0.01817307692307702,0.0,0.26048076923076846,0.0,0,False,72,0.07767857142857143,0.09699205214122263,0.031257692307692216,0.002733123569794064,0.09425892857142856,0.031257692307692216,0.0,0.0,0.0,0.0,0.0
0.336062,90,10021.865697,hard,0.2689359267734554,0.2689359267734554,0,900,4,2,2,2,2,0,0,0,0,0.0,0.0,0.0,0.3927197802197802,0.0,2,False,96,0.10821428571428572,0.1,0.05712637362637363,0.0,0.1,0.047126373626373626,0.0,0.01,0.0,0.0,0.0
0.369176,60,10039.994444,hard,0.3398741418764302,0.3398741418764302,0,591,4,2,2,2,2,0,0,0,0,0.013815789473684304,0.0,0.0,0.31868131868131866,0.007,2,False,28,0.0275,0.03946052631578951,0.04894175824175824,0.004835526315789506,0.034625,0.03824175824175824,0.0007000000000000001,0.01,0.0,0.0,0.0
